frame,ts_ns,in_points,roi_points,raw_candidates,confirmed,max_dist,dist_list,zone_list,size_list,track_id_list,proc_ms
1,1788359712599450851,307200,55525,29,0,0.0,[],[],[],[],22.7
2,1788359712714375113,307200,56716,28,0,0.0,[],[],[],[],24.4
3,1788359712798708275,307200,55196,29,0,0.0,[],[],[],[],18.9
4,1788359712893119985,307200,56023,27,0,0.0,[],[],[],[],14.6
5,1788359712989457528,307200,43951,28,0,0.0,[],[],[],[],10.4
6,1788359713102654959,307200,54739,34,0,0.0,[],[],[],[],15.3
7,1788359713195374513,307200,55595,30,0,0.0,[],[],[],[],19.4
8,1788359713298364628,307200,57665,31,0,0.0,[],[],[],[],18.7
9,1788359713399758849,307200,52912,38,0,0.0,[],[],[],[],13.7
10,1788359713504872561,307200,55059,31,0,0.0,[],[],[],[],13.4
11,1788359713594671860,307200,55591,31,0,0.0,[],[],[],[],16.2
12,1788359713693200026,307200,48566,33,0,0.0,[],[],[],[],18.5
13,1788359713792578269,307200,51299,33,0,0.0,[],[],[],[],18.1
14,1788359713895812517,307200,51511,31,0,0.0,[],[],[],[],16.5
15,1788359713990476894,307200,53001,31,11,160.6,"[33.8, 36.7, 64.6, 70.4, 76.6, 83.1, 88.5, 106.6, 112.6, 130.6, 160.6]","['OUTSIDE', 'NEAR', 'NEAR', 'INSIDE', 'NEAR', 'NEAR', 'INSIDE', 'INSIDE', 'INSIDE', 'INSIDE', 'INSIDE']","[[0.86, 0.05, 2.0], [0.8, 0.05, 2.16], [0.09, 0.2, 4.53], [0.52, 2.95, 3.71], [0.1, 0.21, 3.34], [1.13, 0.22, 2.91], [0.1, 0.2, 3.34], [0.12, 0.28, 3.28], [0.06, 0.2, 3.46], [0.09, 0.15, 3.13], [0.05, 0.07, 1.73]]","[3, 6, 16, 17, 18, 19, 20, 23, 24, 25, 29]",15.7
16,1788359714091500615,307200,56414,31,11,135.1,"[37.0, 43.0, 46.8, 63.2, 69.1, 75.1, 81.7, 87.0, 111.1, 129.1, 135.1]","['NEAR', 'NEAR', 'NEAR', 'NEAR', 'NEAR', 'NEAR', 'NEAR', 'INSIDE', 'INSIDE', 'INSIDE', 'INSIDE']","[[0.8, 0.05, 1.87], [1.01, 0.06, 2.07], [0.23, 0.05, 1.02], [0.1, 0.28, 4.59], [0.07, 0.27, 3.01], [0.07, 0.18, 3.46], [1.2, 0.19, 2.85], [0.09, 0.19, 3.28], [0.11, 0.26, 3.42], [0.08, 0.14, 3.39], [0.08, 0.09, 3.24]]","[6, 10, 5, 16, 17, 18, 19, 20, 24, 25, 26]",18.0
17,1788359714192742562,307200,56658,27,16,157.6,"[34.4, 37.5, 41.5, 43.2, 49.7, 55.8, 68.1, 73.7, 79.6, 85.5, 91.6, 109.6, 127.7, 133.7, 152.7, 157.6]","['ABOVE', 'NEAR', 'NEAR', 'NEAR', 'NEAR', 'NEAR', 'NEAR', 'NEAR', 'NEAR', 'NEAR', 'NEAR', 'NEAR', 'INSIDE', 'INSIDE', 'INSIDE', 'INSIDE']","[[0.07, 1.18, 1.04], [0.75, 0.04, 1.74], [0.73, 0.05, 1.89], [1.03, 0.04, 1.65], [1.32, 0.04, 1.51], [0.2, 0.32, 3.71], [1.69, 0.24, 5.11], [1.04, 0.3, 3.74], [0.08, 0.21, 3.21], [0.13, 0.2, 3.47], [0.11, 0.2, 3.04], [0.09, 0.24, 3.22], [0.11, 0.24, 3.37], [0.15, 0.21, 3.35], [0.12, 0.15, 3.2], [0.11, 0.25, 1.52]]","[31, 3, 6, 4, 10, 12, 14, 17, 18, 19, 20, 21, 24, 25, 26, 29]",15.0
18,1788359714290334086,307200,57390,25,15,132.2,"[32.4, 36.3, 40.2, 41.7, 48.2, 66.7, 72.2, 78.6, 84.1, 90.2, 96.2, 102.2, 108.2, 126.2, 132.2]","['NEAR', 'OUTSIDE', 'NEAR', 'NEAR', 'NEAR', 'NEAR', 'NEAR', 'NEAR', 'NEAR', 'NEAR', 'NEAR', 'INSIDE', 'INSIDE', 'INSIDE', 'INSIDE']","[[0.77, 0.04, 1.92], [0.72, 0.04, 1.53], [0.83, 0.06, 2.02], [1.2, 0.04, 1.66], [0.14, 0.36, 3.6], [1.03, 0.26, 4.81], [0.09, 0.24, 3.33], [1.07, 0.17, 3.61], [0.1, 0.22, 2.77], [0.08, 0.14, 3.93], [0.09, 0.18, 3.39], [0.13, 0.22, 3.37], [0.12, 0.12, 3.1], [0.11, 0.27, 3.31], [0.07, 0.08, 2.97]]","[3, 6, 4, 10, 12, 17, 18, 19, 20, 21, 22, 23, 24, 25, 26]",15.6
19,1788359714391994645,307200,55402,27,16,185.2,"[31.5, 35.2, 38.7, 40.2, 64.8, 70.7, 77.3, 82.6, 88.7, 94.7, 100.7, 106.7, 124.7, 130.8, 149.2, 185.2]","['OUTSIDE', 'OUTSIDE', 'NEAR', 'NEAR', 'NEAR', 'NEAR', 'NEAR', 'NEAR', 'NEAR', 'NEAR', 'NEAR', 'INSIDE', 'INSIDE', 'INSIDE', 'INSIDE', 'INSIDE']","[[0.64, 0.04, 1.33], [0.64, 0.05, 1.77], [0.61, 0.04, 1.62], [1.15, 0.06, 2.02], [0.15, 0.21, 4.7], [0.1, 0.27, 3.26], [1.18, 0.28, 4.24], [0.08, 0.28, 2.91], [0.08, 0.17, 3.35], [0.09, 0.22, 3.12], [0.11, 0.24, 3.1], [0.11, 0.12, 3.28], [0.1, 0.19, 3.27], [0.08, 0.13, 2.29], [1.2, 4.06, 3.68], [0.93, 0.12, 2.41]]","[3, 6, 4, 10, 16, 18, 19, 20, 21, 22, 23, 24, 25, 26, 31, 33]",16.4
20,1788359714492018177,307200,57573,33,18,184.2,"[31.7, 35.0, 37.2, 38.6, 40.4, 46.9, 57.3, 63.3, 69.3, 75.2, 81.2, 87.2, 93.3, 99.3, 105.3, 123.3, 129.3, 184.2]","['OUTSIDE', 'OUTSIDE', 'NEAR', 'NEAR', 'NEAR', 'NEAR', 'NEAR', 'NEAR', 'NEAR', 'NEAR', 'NEAR', 'NEAR', 'NEAR', 'INSIDE', 'INSIDE', 'INSIDE', 'INSIDE', 'RAIL']","[[0.62, 0.04, 1.34], [0.58, 0.04, 1.77], [0.91, 0.06, 2.2], [1.02, 0.04, 1.52], [1.03, 0.09, 2.02], [0.22, 0.03, 1.16], [0.08, 0.29, 4.66], [0.1, 0.29, 3.5], [0.12, 0.19, 3.2], [0.16, 0.25, 3.47], [0.09, 0.2, 3.74], [0.09, 0.19, 3.1], [0.13, 0.24, 3.28], [0.1, 0.26, 3.49], [0.12, 0.1, 3.47], [0.09, 0.14, 3.53], [0.12, 0.19, 3.39], [0.03, 0.1, 0.28]]","[3, 6, 35, 4, 10, 5, 15, 16, 18, 19, 20, 21, 22, 23, 24, 25, 26, 33]",17.8
21,1788359714595685154,307200,58564,34,22,182.3,"[31.6, 31.7, 34.7, 37.2, 38.5, 39.6, 45.2, 49.8, 55.8, 61.6, 67.8, 74.2, 79.7, 85.8, 91.8, 97.8, 103.8, 121.8, 127.8, 146.3, 151.8, 182.3]","['OUTSIDE', 'NEAR', 'NEAR', 'NEAR', 'NEAR', 'NEAR', 'ABOVE', 'NEAR', 'NEAR', 'INSIDE', 'NEAR', 'NEAR', 'NEAR', 'NEAR', 'NEAR', 'INSIDE', 'INSIDE', 'INSIDE', 'INSIDE', 'INSIDE', 'INSIDE', 'INSIDE']","[[2.69, 0.05, 1.94], [0.64, 0.05, 2.05], [0.73, 0.05, 1.87], [1.02, 0.04, 1.62], [0.51, 0.03, 1.48], [0.66, 0.04, 1.19], [0.68, 0.03, 1.92], [0.05, 0.17, 1.32], [0.1, 0.26, 5.02], [0.58, 2.99, 3.93], [0.09, 0.2, 3.75], [1.06, 0.19, 2.79], [0.12, 0.23, 3.47], [0.13, 0.25, 3.23], [0.11, 0.24, 3.23], [0.13, 0.26, 3.44], [0.12, 0.17, 3.42], [0.09, 0.14, 3.49], [0.07, 0.21, 3.35], [1.12, 4.12, 3.61], [0.08, 0.15, 2.42], [0.92, 0.12, 2.37]]","[3, 6, 35, 4, 10, 5, 37, 12, 14, 16, 17, 19, 20, 21, 22, 23, 24, 25, 26, 31, 27, 33]",21.4
22,1788359714693346956,307200,60213,28,18,180.8,"[31.1, 31.6, 34.3, 36.8, 38.0, 48.3, 66.3, 72.9, 78.2, 84.3, 90.3, 96.8, 102.3, 120.3, 126.4, 132.3, 145.4, 180.8]","['ABOVE', 'NEAR', 'NEAR', 'NEAR', 'NEAR', 'NEAR', 'INSIDE', 'NEAR', 'NEAR', 'NEAR', 'NEAR', 'NEAR', 'INSIDE', 'INSIDE', 'INSIDE', 'INSIDE', 'INSIDE', 'INSIDE']","[[0.06, 1.04, 0.98], [4.11, 0.07, 1.97], [0.76, 0.05, 2.03], [0.84, 0.05, 1.85], [0.27, 0.04, 1.42], [1.18, 0.05, 2.48], [0.29, 2.96, 2.53], [0.11, 0.27, 3.5], [1.26, 0.26, 2.76], [0.14, 0.2, 3.61], [0.09, 0.22, 3.18], [0.09, 0.16, 3.18], [1.03, 0.25, 3.39], [0.11, 0.22, 3.37], [0.1, 0.13, 3.45], [0.08, 0.13, 2.21], [0.13, 0.15, 3.17], [0.93, 0.32, 2.01]]","[31, 3, 6, 35, 4, 37, 12, 17, 19, 20, 21, 22, 23, 24, 25, 26, 39, 33]",18.5
23,1788359714795700285,307200,59622,26,19,179.8,"[34.1, 36.5, 42.7, 46.9, 52.9, 59.0, 64.9, 71.3, 76.8, 83.3, 88.9, 94.9, 100.9, 119.3, 124.9, 134.3, 143.9, 148.8, 179.8]","['ABOVE', 'NEAR', 'NEAR', 'NEAR', 'NEAR', 'NEAR', 'NEAR', 'NEAR', 'NEAR', 'NEAR', 'NEAR', 'INSIDE', 'INSIDE', 'INSIDE', 'INSIDE', 'INSIDE', 'INSIDE', 'INSIDE', 'RAIL']","[[0.08, 1.2, 0.97], [0.72, 0.05, 1.72], [0.46, 0.04, 1.45], [0.84, 0.1, 1.71], [0.04, 0.18, 1.65], [0.13, 0.26, 4.86], [0.27, 0.26, 4.79], [0.1, 0.27, 4.71], [1.05, 0.19, 2.67], [0.09, 0.2, 3.54], [1.04, 0.27, 3.61], [0.09, 0.23, 3.13], [0.08, 0.25, 3.34], [0.12, 0.19, 3.55], [0.99, 0.31, 3.41], [0.12, 0.11, 2.8], [7.02, 3.05, 3.53], [0.1, 0.26, 2.59], [0.04, 0.33, 0.78]]","[31, 6, 35, 34, 12, 14, 15, 17, 19, 20, 21, 22, 23, 24, 25, 26, 39, 27, 33]",19.5
24,1788359714894568230,307200,55493,24,16,178.3,"[33.9, 40.7, 45.4, 45.5, 51.5, 57.8, 63.4, 69.9, 75.3, 87.4, 93.4, 117.8, 123.4, 142.4, 147.4, 178.3]","['ABOVE', 'NEAR', 'NEAR', 'NEAR', 'NEAR', 'NEAR', 'NEAR', 'NEAR', 'NEAR', 'NEAR', 'INSIDE', 'INSIDE', 'INSIDE', 'INSIDE', 'INSIDE', 'RAIL']","[[0.09, 1.05, 1.28], [0.74, 0.04, 1.71], [0.39, 0.27, 1.6], [0.53, 0.03, 1.25], [0.12, 0.24, 1.61], [0.14, 0.33, 4.73], [0.94, 0.33, 3.67], [0.11, 0.2, 3.34], [1.19, 0.3, 2.66], [0.08, 0.21, 3.47], [0.12, 0.17, 3.3], [0.09, 0.24, 3.08], [1.0, 0.31, 3.37], [0.08, 0.11, 2.77], [0.08, 0.19, 1.92], [0.09, 0.41, 0.77]]","[31, 6, 5, 10, 12, 14, 15, 17, 18, 20, 22, 23, 25, 26, 27, 33]",38.5
25,1788359714991403481,307200,56466,25,16,176.9,"[30.7, 33.6, 45.7, 50.0, 56.0, 68.5, 73.8, 79.9, 86.0, 92.0, 97.9, 116.4, 122.0, 141.0, 145.9, 176.9]","['ABOVE', 'NEAR', 'NEAR', 'NEAR', 'NEAR', 'NEAR', 'NEAR', 'NEAR', 'NEAR', 'INSIDE', 'INSIDE', 'INSIDE', 'INSIDE', 'INSIDE', 'INSIDE', 'RAIL']","[[0.08, 1.09, 1.26], [0.27, 0.06, 2.0], [0.41, 0.08, 1.63], [0.08, 0.28, 4.16], [0.82, 0.02, 1.14], [0.12, 0.22, 4.55], [1.18, 0.26, 4.34], [0.08, 0.24, 3.41], [0.08, 0.16, 3.01], [0.09, 0.23, 3.24], [0.09, 0.24, 3.24], [0.11, 0.19, 3.45], [0.97, 0.25, 3.32], [0.12, 0.12, 2.73], [0.1, 0.25, 2.32], [0.05, 0.41, 0.77]]","[31, 6, 5, 14, 37, 15, 18, 20, 21, 22, 23, 24, 25, 26, 27, 33]",29.8
26,1788359715101073294,307200,57892,24,16,175.4,"[30.6, 31.5, 42.8, 44.1, 60.5, 66.6, 72.4, 79.0, 84.5, 90.5, 96.5, 114.9, 120.5, 139.5, 144.5, 175.4]","['ABOVE', 'NEAR', 'NEAR', 'NEAR', 'NEAR', 'NEAR', 'NEAR', 'NEAR', 'INSIDE', 'INSIDE', 'INSIDE', 'INSIDE', 'INSIDE', 'INSIDE', 'INSIDE', 'RAIL']","[[0.12, 1.11, 1.25], [2.09, 0.06, 1.87], [0.72, 0.26, 3.92], [0.69, 0.09, 1.76], [0.87, 0.02, 1.15], [0.11, 0.28, 3.86], [0.33, 0.16, 3.67], [0.09, 0.2, 3.34], [1.05, 0.39, 2.76], [0.12, 0.28, 3.9], [0.08, 0.17, 3.18], [0.11, 0.26, 3.18], [0.96, 0.22, 3.52], [0.06, 0.12, 2.68], [0.05, 0.19, 2.52], [0.06, 0.4, 0.26]]","[31, 3, 34, 5, 37, 16, 18, 19, 21, 22, 23, 24, 25, 26, 27, 33]",26.4
27,1788359715195744464,307200,59933,24,16,173.5,"[30.5, 36.3, 47.1, 53.1, 59.1, 65.5, 70.9, 77.0, 83.0, 89.1, 95.0, 113.0, 119.0, 138.1, 143.0, 173.5]","['ABOVE', 'NEAR', 'NEAR', 'RAIL', 'NEAR', 'NEAR', 'NEAR', 'NEAR', 'NEAR', 'NEAR', 'INSIDE', 'INSIDE', 'INSIDE', 'INSIDE', 'INSIDE', 'INSIDE']","[[0.06, 1.1, 1.24], [0.91, 0.07, 1.52], [0.37, 0.33, 3.92], [2.82, 0.06, 0.13], [0.27, 0.24, 3.85], [0.11, 0.24, 4.8], [1.07, 0.24, 4.56], [0.08, 0.24, 4.53], [0.1, 0.22, 3.36], [0.11, 0.27, 4.59], [0.12, 0.26, 3.13], [0.13, 0.2, 3.34], [0.09, 0.22, 3.48], [0.07, 0.24, 3.12], [0.07, 0.16, 2.75], [0.91, 0.32, 1.93]]","[31, 35, 36, 3, 15, 16, 18, 19, 21, 22, 23, 24, 25, 26, 27, 33]",24.1
28,1788359715290625998,307200,63007,29,19,189.9,"[29.2, 39.5, 39.7, 41.0, 45.7, 51.6, 57.6, 64.0, 69.5, 75.6, 81.6, 87.6, 93.6, 111.6, 117.6, 141.5, 172.0, 178.4, 189.9]","['OUTSIDE', 'NEAR', 'NEAR', 'NEAR', 'NEAR', 'NEAR', 'NEAR', 'NEAR', 'NEAR', 'NEAR', 'NEAR', 'INSIDE', 'INSIDE', 'INSIDE', 'INSIDE', 'INSIDE', 'INSIDE', 'OUTSIDE', 'INSIDE']","[[0.74, 0.31, 1.66], [0.29, 0.33, 3.71], [0.89, 0.1, 1.64], [0.47, 0.03, 1.02], [0.36, 0.25, 1.71], [0.15, 0.3, 4.64], [0.14, 0.21, 3.68], [1.06, 0.23, 4.62], [0.09, 0.29, 4.44], [0.11, 0.2, 3.49], [0.07, 0.19, 3.08], [0.1, 0.23, 3.3], [0.08, 0.11, 3.29], [0.13, 0.18, 3.43], [0.08, 0.23, 3.37], [0.1, 0.12, 2.51], [0.94, 0.32, 1.91], [1.79, 0.55, 2.71], [3.99, 4.04, 2.46]]","[10, 12, 34, 2, 4, 15, 16, 17, 19, 21, 22, 23, 24, 25, 26, 27, 33, 38, 49]",25.6
29,1788359715392457235,307200,69033,20,18,187.0,"[27.9, 38.1, 38.3, 39.7, 50.1, 51.6, 56.2, 68.0, 74.6, 80.1, 86.2, 92.1, 110.1, 116.1, 140.1, 170.6, 176.9, 187.0]","['OUTSIDE', 'NEAR', 'INSIDE', 'OUTSIDE', 'NEAR', 'NEAR', 'NEAR', 'NEAR', 'NEAR', 'NEAR', 'NEAR', 'NEAR', 'INSIDE', 'INSIDE', 'INSIDE', 'INSIDE', 'OUTSIDE', 'INSIDE']","[[0.37, 0.33, 1.59], [0.62, 0.1, 1.67], [0.58, 2.86, 1.52], [0.1, 0.26, 1.65], [0.18, 0.33, 3.74], [0.45, 0.1, 2.47], [0.18, 0.28, 4.19], [0.11, 0.19, 3.76], [1.06, 0.27, 3.42], [0.1, 0.23, 3.49], [0.08, 0.2, 2.84], [0.15, 0.27, 3.24], [0.11, 0.29, 3.16], [0.1, 0.12, 3.15], [0.06, 0.37, 2.12], [0.99, 0.19, 2.57], [1.84, 0.51, 2.69], [6.3, 3.97, 3.66]]","[10, 34, 2, 4, 14, 15, 16, 19, 20, 22, 23, 24, 25, 26, 27, 33, 38, 49]",23.3
30,1788359715498555955,307200,74444,17,15,184.4,"[36.8, 36.9, 38.2, 48.7, 61.1, 66.6, 72.6, 78.7, 85.2, 90.7, 93.7, 114.7, 169.6, 175.4, 184.4]","['OUTSIDE', 'NEAR', 'NEAR', 'OUTSIDE', 'NEAR', 'NEAR', 'NEAR', 'NEAR', 'NEAR', 'NEAR', 'INSIDE', 'INSIDE', 'RAIL', 'OUTSIDE', 'INSIDE']","[[0.53, 0.29, 1.46], [0.82, 0.11, 1.94], [0.47, 0.34, 3.63], [0.83, 0.36, 1.88], [1.09, 0.3, 4.93], [0.11, 0.25, 4.84], [0.12, 0.28, 2.74], [0.1, 0.2, 3.43], [1.1, 0.21, 2.79], [0.09, 0.23, 3.19], [0.03, 0.37, 0.19], [0.1, 0.25, 3.53], [0.03, 0.39, 0.74], [1.89, 0.64, 2.67], [9.25, 4.08, 2.42]]","[35, 10, 14, 4, 17, 18, 20, 22, 23, 24, 46, 26, 33, 38, 49]",24.0
31,1788359715589751791,307200,84729,15,13,184.0,"[35.4, 59.7, 65.1, 77.2, 83.7, 89.2, 107.2, 113.2, 132.2, 143.2, 167.7, 175.2, 184.0]","['ABOVE', 'OUTSIDE', 'NEAR', 'NEAR', 'NEAR', 'NEAR', 'NEAR', 'NEAR', 'INSIDE', 'INSIDE', 'INSIDE', 'OUTSIDE', 'INSIDE']","[[0.09, 1.18, 0.86], [0.41, 0.27, 1.57], [1.09, 0.23, 4.82], [0.11, 0.2, 4.73], [0.13, 0.3, 3.56], [1.04, 0.32, 2.93], [0.1, 0.22, 3.14], [0.13, 0.29, 4.68], [0.1, 0.28, 3.48], [0.1, 0.1, 2.49], [0.9, 0.31, 1.86], [4.41, 0.84, 2.65], [6.46, 4.31, 3.6]]","[39, 4, 17, 18, 22, 23, 24, 25, 26, 27, 33, 38, 49]",28.6
32,1788359715692145162,307200,94619,18,14,178.7,"[34.0, 47.4, 51.8, 58.3, 63.7, 69.7, 75.8, 81.8, 87.7, 105.8, 111.8, 130.8, 141.8, 178.7]","['ABOVE', 'OUTSIDE', 'NEAR', 'NEAR', 'NEAR', 'NEAR', 'NEAR', 'NEAR', 'NEAR', 'NEAR', 'NEAR', 'NEAR', 'INSIDE', 'INSIDE']","[[0.06, 1.22, 0.85], [0.54, 0.37, 1.72], [0.37, 0.05, 1.26], [0.22, 0.31, 3.86], [1.14, 0.23, 3.69], [0.06, 0.22, 2.94], [0.1, 0.17, 3.85], [0.1, 0.25, 3.5], [0.1, 0.2, 3.77], [0.08, 0.23, 3.31], [0.12, 0.29, 3.48], [0.11, 0.12, 3.2], [0.06, 0.1, 2.47], [14.16, 4.33, 3.57]]","[39, 6, 36, 15, 17, 18, 19, 21, 23, 24, 25, 26, 27, 38]",32.6
33,1788359715800506909,307200,96269,16,14,177.4,"[33.8, 39.9, 45.8, 50.3, 56.8, 68.8, 74.3, 80.3, 86.3, 104.3, 129.3, 140.8, 164.8, 177.4]","['ABOVE', 'NEAR', 'NEAR', 'NEAR', 'NEAR', 'NEAR', 'NEAR', 'NEAR', 'NEAR', 'NEAR', 'NEAR', 'INSIDE', 'INSIDE', 'INSIDE']","[[0.09, 1.15, 0.85], [0.65, 0.1, 2.32], [0.35, 0.03, 1.15], [0.38, 0.09, 1.21], [0.14, 0.3, 3.75], [1.17, 0.26, 4.58], [1.03, 0.24, 4.96], [0.1, 0.2, 2.8], [0.13, 0.24, 3.71], [0.11, 0.23, 3.06], [0.14, 0.27, 3.44], [1.03, 0.3, 2.44], [0.92, 0.11, 2.15], [14.39, 4.32, 3.78]]","[39, 6, 34, 12, 15, 16, 19, 21, 23, 24, 25, 27, 33, 38]",24.2
34,1788359715900935513,307200,95848,18,15,179.7,"[31.1, 32.5, 38.6, 44.5, 49.0, 67.3, 72.9, 78.9, 84.8, 102.9, 108.9, 127.9, 139.3, 163.3, 179.7]","['ABOVE', 'NEAR', 'NEAR', 'NEAR', 'NEAR', 'OUTSIDE', 'NEAR', 'NEAR', 'NEAR', 'NEAR', 'NEAR', 'INSIDE', 'INSIDE', 'INSIDE', 'INSIDE']","[[0.08, 1.21, 0.84], [0.48, 0.03, 1.36], [0.37, 0.32, 3.65], [0.27, 0.03, 1.27], [0.36, 0.04, 1.62], [0.52, 0.29, 1.6], [1.03, 0.26, 4.86], [0.09, 0.29, 2.75], [0.09, 0.21, 3.64], [0.12, 0.23, 3.01], [0.09, 0.27, 3.39], [0.09, 0.21, 3.83], [1.08, 0.3, 2.42], [0.93, 0.27, 1.81], [6.39, 4.23, 3.52]]","[39, 6, 14, 5, 10, 37, 19, 20, 23, 24, 25, 26, 27, 33, 38]",19.5
35,1788359715994390006,307200,97435,21,15,178.3,"[36.9, 42.9, 47.5, 48.9, 59.3, 65.4, 71.4, 77.4, 83.4, 101.9, 107.4, 126.4, 137.9, 162.3, 178.3]","['ABOVE', 'NEAR', 'NEAR', 'NEAR', 'NEAR', 'NEAR', 'NEAR', 'NEAR', 'NEAR', 'NEAR', 'INSIDE', 'INSIDE', 'INSIDE', 'RAIL', 'INSIDE']","[[0.11, 1.13, 0.83], [0.56, 0.04, 1.86], [0.34, 0.29, 3.95], [0.52, 0.04, 1.7], [0.5, 0.03, 0.87], [0.1, 0.23, 4.82], [0.13, 0.24, 4.75], [0.11, 0.27, 2.69], [0.1, 0.19, 3.57], [0.09, 0.28, 3.85], [0.98, 0.42, 3.34], [0.09, 0.23, 3.3], [1.0, 0.29, 2.39], [0.09, 0.37, 0.71], [6.33, 4.2, 3.49]]","[39, 35, 36, 5, 14, 17, 19, 20, 22, 24, 25, 26, 27, 33, 38]",23.1
36,1788359716088683577,307200,98558,19,11,160.9,"[29.5, 35.4, 46.1, 57.9, 64.0, 70.0, 76.5, 82.0, 100.0, 124.4, 160.9]","['NEAR', 'NEAR', 'INSIDE', 'NEAR', 'NEAR', 'NEAR', 'NEAR', 'NEAR', 'INSIDE', 'INSIDE', 'RAIL']","[[0.68, 0.07, 1.48], [0.32, 0.28, 3.84], [1.07, 2.91, 1.38], [0.09, 0.23, 4.56], [0.1, 0.21, 4.48], [0.09, 0.28, 3.23], [1.07, 0.28, 3.51], [0.14, 0.21, 2.88], [0.15, 0.29, 3.52], [1.15, 4.16, 3.86], [0.04, 0.28, 0.7]]","[42, 12, 2, 16, 18, 20, 22, 24, 25, 39, 33]",20.5
37,1788359716193908363,307200,84395,18,12,175.4,"[27.7, 34.0, 40.2, 44.6, 51.0, 56.4, 68.5, 74.6, 80.5, 98.6, 159.0, 175.4]","['NEAR', 'NEAR', 'NEAR', 'INSIDE', 'NEAR', 'NEAR', 'NEAR', 'NEAR', 'NEAR', 'INSIDE', 'INSIDE', 'INSIDE']","[[0.59, 0.07, 1.71], [0.27, 0.27, 3.71], [0.24, 0.04, 1.6], [0.78, 2.94, 1.53], [1.18, 0.25, 5.08], [0.14, 0.31, 4.59], [0.11, 0.2, 3.16], [0.09, 0.16, 3.44], [0.1, 0.16, 3.04], [0.12, 0.24, 3.47], [0.89, 0.09, 2.4], [7.03, 3.93, 3.91]]","[42, 12, 34, 2, 15, 16, 20, 21, 24, 25, 33, 38]",27.8
38,1788359716291001304,307200,71453,20,16,174.4,"[26.1, 32.7, 38.7, 43.1, 49.1, 50.2, 55.0, 60.8, 67.1, 73.1, 79.1, 97.1, 122.1, 133.6, 157.6, 174.4]","['ABOVE', 'NEAR', 'NEAR', 'NEAR', 'NEAR', 'RAIL', 'NEAR', 'NEAR', 'INSIDE', 'NEAR', 'NEAR', 'NEAR', 'INSIDE', 'INSIDE', 'INSIDE', 'INSIDE']","[[0.09, 1.09, 0.54], [0.44, 0.04, 1.38], [0.57, 0.27, 3.95], [0.32, 0.05, 1.95], [0.13, 0.24, 4.93], [0.99, 0.04, 0.13], [0.25, 0.06, 2.56], [0.14, 0.27, 3.51], [0.62, 2.95, 3.89], [0.11, 0.18, 3.71], [0.09, 0.24, 3.37], [0.1, 0.31, 2.98], [0.16, 0.22, 3.42], [1.06, 0.21, 2.03], [0.92, 0.28, 1.01], [5.35, 3.8, 3.4]]","[39, 6, 5, 10, 14, 2, 15, 16, 17, 20, 21, 23, 25, 27, 33, 38]",19.0
39,1788359716391279072,307200,64271,25,17,172.5,"[23.3, 37.4, 41.9, 47.6, 47.8, 48.7, 59.7, 65.7, 72.2, 77.6, 96.1, 101.7, 120.7, 125.6, 130.4, 156.6, 172.5]","['ABOVE', 'NEAR', 'NEAR', 'NEAR', 'NEAR', 'RAIL', 'NEAR', 'NEAR', 'NEAR', 'NEAR', 'NEAR', 'INSIDE', 'INSIDE', 'INSIDE', 'INSIDE', 'RAIL', 'INSIDE']","[[0.07, 1.15, 0.54], [0.48, 0.28, 3.83], [0.38, 0.04, 1.57], [0.51, 0.24, 1.8], [0.25, 0.1, 1.93], [1.4, 0.03, 0.16], [0.1, 0.19, 1.67], [0.17, 0.25, 4.85], [0.14, 0.24, 4.77], [1.08, 0.26, 3.31], [0.1, 0.19, 3.58], [1.02, 0.25, 3.37], [0.14, 0.17, 3.13], [0.13, 0.22, 2.76], [2.67, 2.77, 2.83], [0.08, 0.29, 0.68], [7.0, 3.87, 3.85]]","[39, 5, 35, 36, 14, 2, 15, 17, 19, 21, 22, 25, 26, 48, 27, 33, 38]",13.3
40,1788359716490263581,307200,72786,20,13,154.7,"[35.6, 41.8, 47.2, 58.2, 64.3, 70.2, 76.2, 94.7, 100.2, 119.2, 124.2, 129.0, 154.7]","['ABOVE', 'NEAR', 'NEAR', 'NEAR', 'NEAR', 'NEAR', 'NEAR', 'NEAR', 'NEAR', 'INSIDE', 'INSIDE', 'INSIDE', 'INSIDE']","[[0.13, 1.13, 0.53], [0.86, 0.09, 2.13], [0.35, 0.04, 1.11], [0.15, 0.1, 1.34], [0.11, 0.25, 4.74], [0.1, 0.19, 4.5], [0.1, 0.3, 3.24], [0.07, 0.29, 3.32], [1.04, 0.36, 3.11], [0.12, 0.23, 3.3], [0.06, 0.34, 2.72], [2.59, 2.52, 2.61], [0.91, 0.1, 2.69]]","[39, 42, 5, 36, 17, 18, 21, 22, 25, 26, 48, 27, 33]",13.9
41,1788359716592950688,307200,65043,20,14,178.2,"[28.0, 34.3, 52.3, 56.8, 62.8, 68.8, 74.8, 92.8, 98.8, 117.8, 122.8, 127.5, 153.2, 178.2]","['ABOVE', 'NEAR', 'INSIDE', 'NEAR', 'NEAR', 'NEAR', 'NEAR', 'NEAR', 'NEAR', 'INSIDE', 'INSIDE', 'INSIDE', 'INSIDE', 'OUTSIDE']","[[0.08, 1.32, 0.52], [0.5, 0.06, 2.03], [0.76, 2.96, 1.53], [0.24, 0.05, 1.18], [0.09, 0.26, 3.63], [0.1, 0.25, 2.9], [0.07, 0.2, 3.8], [0.12, 0.22, 4.78], [0.08, 0.24, 3.27], [0.11, 0.21, 3.48], [0.08, 0.32, 2.14], [2.63, 2.44, 0.88], [0.99, 0.16, 2.31], [0.01, 0.31, 0.0]]","[39, 42, 37, 16, 17, 18, 21, 22, 25, 26, 48, 27, 33, 38]",11.0
42,1788359716690610242,307200,64895,17,11,151.9,"[26.7, 32.9, 38.6, 67.9, 73.4, 91.4, 97.4, 103.4, 121.4, 127.4, 151.9]","['NEAR', 'NEAR', 'INSIDE', 'NEAR', 'NEAR', 'NEAR', 'NEAR', 'NEAR', 'INSIDE', 'INSIDE', 'INSIDE']","[[1.13, 0.06, 1.93], [0.82, 0.06, 1.62], [0.79, 2.9, 1.64], [1.02, 0.18, 4.72], [0.09, 0.29, 2.77], [0.1, 0.2, 3.98], [0.13, 0.23, 3.43], [0.08, 0.28, 3.41], [0.11, 0.21, 2.9], [0.05, 0.09, 1.66], [1.04, 0.1, 2.91]]","[6, 10, 37, 20, 22, 25, 26, 55, 48, 27, 33]",16.6
43,1788359716797051691,307200,64811,24,14,150.9,"[25.9, 31.5, 37.3, 43.1, 60.0, 66.0, 71.7, 75.0, 90.4, 96.0, 102.0, 119.9, 124.5, 150.9]","['NEAR', 'NEAR', 'NEAR', 'RAIL', 'NEAR', 'NEAR', 'NEAR', 'NEAR', 'NEAR', 'NEAR', 'NEAR', 'INSIDE', 'INSIDE', 'RAIL']","[[0.47, 0.06, 1.32], [0.62, 0.08, 2.21], [0.37, 0.06, 1.99], [1.08, 0.03, 0.12], [0.09, 0.22, 4.88], [0.12, 0.19, 4.79], [0.52, 0.31, 4.6], [0.09, 0.25, 0.51], [1.05, 0.32, 3.17], [0.14, 0.28, 3.38], [0.11, 0.22, 3.59], [0.1, 0.21, 2.87], [4.78, 2.62, 2.95], [0.06, 0.35, 0.66]]","[6, 35, 5, 2, 18, 19, 22, 23, 25, 26, 55, 48, 27, 33]",11.5
44,1788359716890690614,307200,64187,20,13,149.4,"[29.8, 35.9, 41.8, 52.5, 58.5, 64.6, 70.6, 89.0, 94.5, 101.0, 118.5, 122.7, 149.4]","['NEAR', 'NEAR', 'INSIDE', 'NEAR', 'NEAR', 'NEAR', 'INSIDE', 'NEAR', 'NEAR', 'NEAR', 'INSIDE', 'INSIDE', 'RAIL']","[[0.59, 0.08, 1.51], [0.47, 0.04, 1.48], [0.58, 2.94, 1.33], [0.1, 0.25, 4.83], [0.11, 0.29, 3.59], [0.1, 0.29, 4.69], [0.22, 1.78, 3.91], [0.99, 0.31, 3.34], [0.11, 0.26, 3.12], [0.98, 0.24, 3.54], [0.12, 0.13, 3.11], [3.82, 0.09, 2.89], [0.09, 0.34, 0.65]]","[35, 5, 37, 16, 18, 19, 22, 25, 26, 55, 48, 27, 33]",13.4
45,1788359716989092372,307200,63987,17,11,147.6,"[34.5, 51.3, 57.2, 63.1, 69.1, 87.1, 93.1, 99.2, 117.1, 122.3, 147.6]","['NEAR', 'NEAR', 'NEAR', 'NEAR', 'NEAR', 'NEAR', 'NEAR', 'NEAR', 'INSIDE', 'INSIDE', 'INSIDE']","[[0.66, 0.07, 2.04], [0.37, 0.31, 4.91], [0.13, 0.22, 3.65], [0.07, 0.27, 3.49], [0.08, 0.2, 3.82], [0.13, 0.22, 3.09], [0.1, 0.23, 4.06], [0.1, 0.11, 3.49], [0.08, 0.16, 2.8], [3.57, 2.56, 2.95], [0.98, 0.34, 3.23]]","[42, 13, 17, 19, 21, 25, 26, 55, 48, 27, 33]",11.7
46,1788359717093354440,307200,63665,19,14,180.8,"[27.0, 33.1, 45.2, 49.8, 55.7, 67.7, 85.7, 91.7, 97.7, 103.2, 115.7, 121.7, 144.9, 180.8]","['NEAR', 'NEAR', 'NEAR', 'RAIL', 'NEAR', 'NEAR', 'NEAR', 'NEAR', 'INSIDE', 'INSIDE', 'INSIDE', 'INSIDE', 'INSIDE', 'OUTSIDE']","[[0.66, 0.07, 1.39], [0.28, 0.26, 3.71], [0.35, 0.05, 1.71], [1.17, 0.03, 0.14], [0.11, 0.33, 5.01], [0.1, 0.15, 3.74], [0.14, 0.22, 3.04], [0.1, 0.23, 4.0], [0.14, 0.26, 3.44], [3.13, 3.12, 3.58], [0.1, 0.22, 3.03], [0.06, 0.08, 2.91], [3.53, 0.34, 3.43], [0.93, 0.32, 0.89]]","[42, 14, 12, 2, 17, 20, 25, 26, 55, 57, 48, 27, 33, 38]",10.3
47,1788359717193108631,307200,63118,17,12,179.0,"[42.4, 48.3, 60.3, 66.3, 84.2, 90.3, 96.3, 101.8, 114.3, 120.8, 143.5, 179.0]","['NEAR', 'NEAR', 'NEAR', 'NEAR', 'NEAR', 'NEAR', 'INSIDE', 'INSIDE', 'INSIDE', 'INSIDE', 'INSIDE', 'OUTSIDE']","[[0.48, 0.25, 3.88], [0.16, 0.34, 3.6], [0.11, 0.29, 4.91], [0.09, 0.25, 4.81], [0.25, 0.28, 4.66], [0.09, 0.24, 3.18], [0.1, 0.25, 3.39], [3.1, 3.08, 3.53], [0.08, 0.29, 3.0], [1.02, 0.27, 2.88], [3.51, 0.15, 3.39], [0.01, 0.27, 0.37]]","[5, 36, 18, 20, 25, 26, 55, 57, 48, 27, 33, 38]",10.9
48,1788359717293237253,307200,68965,19,13,177.6,"[42.6, 47.0, 53.0, 58.9, 64.9, 83.4, 88.9, 95.4, 100.4, 112.9, 118.9, 143.4, 177.6]","['NEAR', 'NEAR', 'NEAR', 'NEAR', 'NEAR', 'NEAR', 'NEAR', 'INSIDE', 'INSIDE', 'INSIDE', 'INSIDE', 'INSIDE', 'OUTSIDE']","[[0.35, 0.34, 3.91], [0.17, 0.03, 1.13], [0.19, 0.3, 4.87], [0.09, 0.29, 4.79], [0.08, 0.27, 4.55], [1.03, 0.21, 3.13], [0.1, 0.22, 3.13], [1.02, 0.22, 3.13], [2.88, 3.02, 3.49], [0.09, 0.28, 2.7], [0.08, 0.08, 2.85], [0.98, 0.09, 3.14], [0.01, 0.04, 0.37]]","[36, 5, 16, 18, 20, 25, 26, 55, 57, 48, 27, 33, 38]",12.4
49,1788359717391822049,307200,69168,18,13,176.6,"[41.2, 47.0, 51.6, 58.0, 66.8, 81.5, 87.5, 93.5, 99.4, 111.5, 118.0, 142.0, 176.6]","['NEAR', 'NEAR', 'NEAR', 'NEAR', 'NEAR', 'NEAR', 'INSIDE', 'NEAR', 'INSIDE', 'INSIDE', 'INSIDE', 'INSIDE', 'OUTSIDE']","[[0.28, 0.05, 1.64], [0.32, 0.04, 1.23], [0.2, 0.3, 4.74], [0.96, 0.41, 4.54], [0.64, 0.14, 0.42], [0.13, 0.27, 2.87], [0.08, 0.21, 3.08], [0.1, 0.21, 3.08], [2.15, 2.88, 3.46], [0.12, 0.26, 2.92], [0.97, 0.22, 2.81], [0.98, 0.1, 3.1], [0.88, 0.04, 0.87]]","[5, 36, 13, 18, 20, 25, 26, 55, 57, 48, 27, 33, 38]",11.6
50,1788359717490080486,307200,69256,21,17,175.2,"[33.2, 33.4, 39.8, 50.1, 51.7, 56.6, 61.7, 65.2, 80.1, 86.1, 92.1, 97.9, 104.1, 110.1, 116.1, 140.6, 175.2]","['NEAR', 'NEAR', 'NEAR', 'NEAR', 'RAIL', 'NEAR', 'INSIDE', 'NEAR', 'NEAR', 'NEAR', 'NEAR', 'INSIDE', 'INSIDE', 'INSIDE', 'INSIDE', 'INSIDE', 'OUTSIDE']","[[1.03, 0.06, 1.39], [0.4, 0.06, 2.36], [0.39, 0.07, 1.16], [0.12, 0.31, 4.82], [0.3, 0.03, 0.81], [1.09, 0.25, 3.59], [0.99, 2.99, 3.93], [0.34, 0.15, 1.27], [0.13, 0.23, 3.7], [0.1, 0.25, 3.25], [0.11, 0.27, 3.24], [2.33, 2.79, 3.41], [0.09, 0.12, 2.98], [0.11, 0.25, 2.88], [0.07, 0.08, 2.78], [0.9, 0.26, 1.56], [1.06, 0.31, 0.86]]","[42, 10, 6, 14, 13, 17, 19, 20, 25, 26, 55, 57, 59, 48, 27, 33, 38]",13.0
51,1788359717591946231,307200,62993,13,11,173.8,"[38.4, 63.7, 79.2, 84.7, 90.7, 96.7, 103.1, 108.7, 114.7, 139.2, 173.8]","['NEAR', 'NEAR', 'NEAR', 'NEAR', 'NEAR', 'INSIDE', 'INSIDE', 'INSIDE', 'INSIDE', 'INSIDE', 'OUTSIDE']","[[0.59, 0.04, 1.61], [0.04, 0.13, 0.44], [1.05, 0.29, 3.63], [0.12, 0.28, 4.68], [0.12, 0.18, 3.96], [2.04, 2.86, 3.37], [1.0, 0.32, 3.16], [0.09, 0.3, 2.85], [0.08, 0.09, 2.83], [1.06, 0.33, 2.42], [1.0, 0.3, 0.86]]","[10, 20, 25, 26, 55, 57, 59, 48, 27, 33, 38]",10.9
52,1788359717694660504,307200,68053,19,14,172.0,"[35.4, 42.6, 53.4, 59.4, 62.3, 77.3, 83.3, 89.8, 95.5, 101.3, 107.3, 113.3, 136.5, 172.0]","['ABOVE', 'NEAR', 'NEAR', 'NEAR', 'NEAR', 'NEAR', 'NEAR', 'NEAR', 'INSIDE', 'NEAR', 'INSIDE', 'RAIL', 'INSIDE', 'OUTSIDE']","[[0.47, 0.23, 1.23], [0.31, 0.03, 1.49], [0.08, 0.28, 4.45], [0.12, 0.23, 4.83], [0.03, 0.14, 0.43], [0.11, 0.34, 3.57], [0.12, 0.3, 3.14], [1.07, 0.26, 4.71], [1.6, 2.89, 3.34], [0.07, 0.26, 2.9], [0.09, 0.37, 3.3], [0.08, 0.21, 0.73], [3.58, 0.29, 3.54], [0.13, 0.34, 0.85]]","[6, 5, 16, 18, 20, 25, 26, 55, 57, 59, 48, 27, 33, 38]",21.1
53,1788359717795430203,307200,67972,18,15,183.0,"[35.3, 47.5, 52.0, 57.9, 75.9, 82.0, 88.0, 94.3, 99.9, 101.0, 105.9, 112.0, 136.4, 170.6, 183.0]","['NEAR', 'NEAR', 'NEAR', 'NEAR', 'NEAR', 'NEAR', 'NEAR', 'INSIDE', 'NEAR', 'ABOVE', 'NEAR', 'NEAR', 'INSIDE', 'OUTSIDE', 'INSIDE']","[[0.96, 0.06, 1.77], [0.41, 0.04, 1.25], [0.11, 0.25, 4.78], [0.12, 0.28, 4.21], [0.13, 0.24, 3.5], [0.1, 0.2, 3.57], [0.15, 0.26, 3.32], [1.34, 2.57, 3.3], [0.09, 0.19, 3.07], [0.06, 1.56, 1.3], [0.14, 0.24, 3.1], [0.05, 0.13, 2.68], [1.0, 0.29, 3.26], [0.02, 0.34, 0.36], [13.27, 3.27, 2.44]]","[35, 36, 16, 17, 25, 26, 55, 57, 59, 63, 48, 27, 33, 38, 60]",13.2
54,1788359717898775415,307200,68627,16,14,169.2,"[34.0, 40.2, 50.6, 56.6, 59.9, 74.6, 80.6, 86.6, 98.5, 99.6, 104.6, 110.6, 135.1, 169.2]","['NEAR', 'NEAR', 'NEAR', 'NEAR', 'NEAR', 'NEAR', 'NEAR', 'NEAR', 'NEAR', 'ABOVE', 'NEAR', 'NEAR', 'INSIDE', 'OUTSIDE']","[[0.78, 0.07, 1.43], [0.25, 0.03, 1.51], [0.08, 0.33, 4.86], [0.07, 0.23, 5.09], [0.71, 0.12, 0.89], [0.09, 0.25, 3.44], [0.16, 0.22, 3.72], [0.09, 0.24, 3.27], [0.09, 0.11, 3.03], [0.07, 1.82, 1.28], [0.11, 0.24, 3.0], [0.11, 0.12, 3.17], [0.98, 0.38, 2.95], [0.15, 0.33, 0.84]]","[42, 10, 14, 17, 18, 25, 26, 55, 59, 63, 48, 27, 33, 38]",12.0
55,1788359717994613268,307200,62864,17,14,168.3,"[32.7, 38.8, 44.9, 59.2, 73.7, 79.2, 85.2, 91.7, 97.7, 98.2, 103.2, 109.2, 133.7, 168.3]","['NEAR', 'NEAR', 'NEAR', 'NEAR', 'NEAR', 'NEAR', 'NEAR', 'INSIDE', 'ABOVE', 'INSIDE', 'INSIDE', 'NEAR', 'INSIDE', 'OUTSIDE']","[[0.56, 0.07, 1.94], [0.37, 0.04, 1.63], [0.17, 0.04, 1.19], [1.99, 0.23, 1.82], [1.11, 0.38, 2.76], [0.11, 0.22, 3.66], [0.1, 0.22, 3.0], [1.17, 2.81, 3.22], [0.11, 1.83, 1.27], [1.07, 0.2, 3.06], [0.09, 0.23, 2.96], [0.04, 0.12, 2.86], [1.03, 0.28, 3.19], [0.92, 0.04, 0.83]]","[42, 10, 12, 18, 25, 26, 55, 57, 63, 59, 48, 27, 33, 38]",11.0
56,1788359718096077220,307200,62270,20,16,167.0,"[31.5, 31.6, 37.4, 43.6, 47.9, 56.5, 61.5, 77.9, 84.4, 90.3, 96.3, 96.9, 101.8, 107.8, 132.3, 167.0]","['NEAR', 'NEAR', 'NEAR', 'NEAR', 'INSIDE', 'NEAR', 'NEAR', 'NEAR', 'NEAR', 'INSIDE', 'ABOVE', 'INSIDE', 'INSIDE', 'INSIDE', 'INSIDE', 'OUTSIDE']","[[0.39, 0.05, 1.32], [0.54, 0.05, 2.13], [0.12, 0.29, 3.99], [0.74, 0.07, 2.09], [1.28, 2.94, 1.49], [0.76, 0.1, 1.63], [1.18, 0.06, 0.78], [0.11, 0.2, 3.4], [1.07, 0.21, 2.95], [1.03, 2.78, 3.4], [0.1, 1.61, 1.25], [1.08, 0.2, 2.95], [0.11, 0.39, 2.92], [0.08, 0.12, 3.09], [1.05, 0.25, 3.46], [0.99, 0.29, 0.82]]","[42, 10, 36, 5, 6, 17, 20, 26, 55, 57, 63, 59, 48, 27, 33, 38]",14.3
57,1788359718195671957,307200,68487,18,15,181.3,"[29.8, 35.9, 52.5, 55.1, 70.5, 76.5, 83.0, 89.0, 94.4, 95.5, 100.5, 106.5, 130.9, 166.8, 181.3]","['NEAR', 'INSIDE', 'NEAR', 'NEAR', 'NEAR', 'NEAR', 'NEAR', 'INSIDE', 'INSIDE', 'ABOVE', 'INSIDE', 'INSIDE', 'INSIDE', 'INSIDE', 'INSIDE']","[[0.63, 0.08, 1.51], [0.7, 2.95, 1.36], [0.13, 0.3, 4.37], [1.14, 0.12, 1.84], [0.1, 0.2, 3.07], [0.09, 0.26, 3.53], [1.07, 0.21, 2.9], [1.11, 2.74, 3.36], [0.09, 0.09, 2.97], [0.06, 1.54, 1.02], [0.08, 0.44, 3.09], [0.08, 0.12, 3.05], [0.95, 0.14, 3.42], [3.2, 4.17, 2.26], [1.54, 3.48, 0.02]]","[35, 6, 16, 17, 25, 26, 55, 57, 59, 63, 48, 27, 33, 38, 60]",12.1
58,1788359718291475108,307200,68788,16,15,180.4,"[34.7, 40.9, 51.2, 54.9, 61.6, 69.6, 75.2, 81.2, 87.6, 93.1, 94.2, 99.1, 105.6, 129.6, 180.4]","['NEAR', 'NEAR', 'NEAR', 'NEAR', 'NEAR', 'NEAR', 'NEAR', 'NEAR', 'INSIDE', 'NEAR', 'ABOVE', 'INSIDE', 'INSIDE', 'INSIDE', 'OUTSIDE']","[[0.53, 0.06, 2.04], [0.2, 0.04, 1.08], [0.13, 0.21, 5.14], [1.57, 0.22, 1.91], [1.31, 0.13, 1.62], [0.99, 0.29, 3.82], [0.09, 0.3, 3.47], [0.11, 0.32, 2.86], [1.12, 2.81, 3.32], [0.09, 0.16, 2.72], [0.06, 1.7, 1.86], [0.14, 0.39, 3.05], [0.99, 0.25, 3.47], [1.0, 0.27, 3.39], [1.8, 0.64, 0.02]]","[35, 5, 14, 17, 20, 25, 26, 55, 57, 59, 63, 48, 27, 33, 60]",13.1
59,1788359718393575027,307200,68599,20,19,184.1,"[26.8, 33.5, 39.7, 45.5, 49.9, 52.3, 55.2, 57.8, 67.8, 73.8, 79.8, 86.5, 91.7, 92.8, 97.8, 104.3, 127.0, 168.2, 184.1]","['NEAR', 'NEAR', 'NEAR', 'NEAR', 'INSIDE', 'NEAR', 'NEAR', 'NEAR', 'NEAR', 'NEAR', 'NEAR', 'INSIDE', 'NEAR', 'ABOVE', 'INSIDE', 'INSIDE', 'INSIDE', 'INSIDE', 'INSIDE']","[[0.34, 0.04, 1.41], [0.87, 0.03, 1.47], [0.24, 0.3, 3.72], [0.8, 0.05, 1.51], [0.71, 2.92, 1.65], [0.96, 0.18, 1.29], [1.12, 0.03, 1.22], [0.5, 0.05, 1.26], [0.11, 0.27, 4.93], [0.1, 0.24, 3.41], [0.13, 0.23, 3.68], [1.66, 2.66, 3.29], [0.16, 0.25, 3.02], [0.06, 1.67, 1.84], [0.09, 0.27, 3.01], [1.02, 0.25, 3.42], [3.58, 0.37, 3.59], [11.56, 3.92, 2.56], [11.81, 3.19, 0.35]]","[35, 5, 14, 12, 6, 13, 17, 18, 25, 26, 55, 57, 59, 63, 48, 27, 33, 38, 60]",14.4
60,1788359718490557892,307200,63351,18,17,180.4,"[32.0, 38.4, 44.0, 52.5, 55.9, 59.0, 66.5, 72.5, 78.9, 84.9, 90.4, 91.5, 96.4, 98.7, 125.6, 166.9, 180.4]","['OUTSIDE', 'NEAR', 'RAIL', 'NEAR', 'NEAR', 'NEAR', 'NEAR', 'NEAR', 'NEAR', 'NEAR', 'NEAR', 'ABOVE', 'NEAR', 'INSIDE', 'INSIDE', 'INSIDE', 'INSIDE']","[[1.35, 0.05, 1.34], [0.57, 0.04, 1.52], [0.4, 0.02, 0.96], [2.1, 0.12, 2.0], [2.13, 0.1, 1.39], [0.88, 0.09, 2.06], [0.08, 0.23, 4.83], [0.1, 0.25, 2.55], [1.04, 0.27, 3.42], [1.09, 0.23, 2.97], [0.08, 0.18, 2.98], [0.06, 1.81, 1.81], [0.09, 0.39, 3.39], [0.07, 1.03, 0.0], [3.52, 0.3, 3.55], [11.54, 3.64, 2.51], [7.08, 3.21, 1.22]]","[42, 10, 12, 13, 17, 18, 25, 26, 55, 57, 59, 63, 48, 27, 33, 38, 60]",12.7
61,1788359718591166477,307200,67008,19,14,181.4,"[30.1, 36.4, 42.6, 53.4, 59.0, 65.1, 77.6, 83.6, 89.5, 90.1, 95.1, 124.3, 167.8, 181.4]","['NEAR', 'RAIL', 'INSIDE', 'NEAR', 'NEAR', 'NEAR', 'NEAR', 'NEAR', 'ABOVE', 'NEAR', 'INSIDE', 'INSIDE', 'INSIDE', 'INSIDE']","[[1.04, 0.06, 1.52], [0.37, 0.02, 0.93], [0.85, 2.97, 1.37], [6.58, 0.14, 2.03], [1.03, 0.05, 0.94], [0.15, 0.33, 4.73], [1.08, 0.37, 3.36], [1.07, 0.29, 2.92], [0.03, 1.42, 1.58], [1.02, 0.19, 3.16], [0.1, 0.37, 2.92], [3.55, 0.32, 3.51], [6.95, 2.58, 2.52], [11.84, 3.12, 0.35]]","[10, 12, 6, 13, 18, 25, 55, 57, 63, 59, 48, 33, 38, 60]",13.1
62,1788359718693326445,307200,68006,17,14,182.8,"[26.5, 35.2, 48.7, 56.3, 63.8, 69.8, 76.3, 82.3, 88.2, 88.8, 93.8, 124.3, 164.2, 182.8]","['NEAR', 'NEAR', 'RAIL', 'NEAR', 'NEAR', 'NEAR', 'NEAR', 'NEAR', 'NEAR', 'ABOVE', 'INSIDE', 'INSIDE', 'INSIDE', 'INSIDE']","[[0.9, 0.07, 2.07], [0.18, 0.19, 0.44], [2.06, 0.02, 0.14], [1.45, 0.07, 1.49], [0.08, 0.26, 3.53], [0.09, 0.2, 3.86], [1.1, 0.26, 4.84], [1.15, 0.34, 3.09], [1.05, 0.27, 3.09], [0.04, 1.71, 1.56], [0.09, 0.41, 3.09], [1.07, 0.33, 2.96], [11.52, 2.98, 2.52], [6.46, 2.85, 0.35]]","[10, 36, 6, 17, 25, 26, 55, 57, 59, 63, 48, 33, 38, 60]",12.9
63,1788359718792789101,307200,68279,22,16,185.2,"[24.0, 33.9, 40.1, 46.2, 47.5, 51.8, 62.3, 68.5, 74.5, 80.5, 86.4, 87.5, 92.4, 122.9, 165.8, 185.2]","['NEAR', 'NEAR', 'NEAR', 'NEAR', 'RAIL', 'NEAR', 'INSIDE', 'NEAR', 'NEAR', 'INSIDE', 'ABOVE', 'NEAR', 'NEAR', 'INSIDE', 'INSIDE', 'INSIDE']","[[0.73, 0.07, 1.42], [0.39, 0.03, 1.33], [0.06, 0.17, 0.21], [0.99, 0.04, 1.41], [1.69, 0.03, 0.12], [2.92, 0.1, 1.63], [0.56, 2.59, 3.97], [0.1, 0.23, 4.98], [0.1, 0.22, 4.76], [2.03, 2.9, 3.47], [0.08, 1.87, 1.54], [0.09, 0.24, 3.07], [0.11, 0.24, 3.05], [1.04, 0.27, 3.51], [5.8, 2.55, 2.53], [3.75, 2.58, 0.39]]","[35, 5, 36, 12, 6, 16, 20, 26, 55, 57, 63, 59, 48, 33, 38, 60]",10.4
64,1788359718893754462,307200,62605,21,17,197.1,"[32.7, 32.7, 38.9, 46.0, 50.7, 53.3, 55.9, 67.2, 73.7, 79.2, 85.1, 86.1, 91.1, 121.6, 164.5, 181.2, 197.1]","['NEAR', 'NEAR', 'RAIL', 'NEAR', 'NEAR', 'NEAR', 'NEAR', 'NEAR', 'NEAR', 'INSIDE', 'NEAR', 'ABOVE', 'NEAR', 'INSIDE', 'INSIDE', 'INSIDE', 'INSIDE']","[[0.64, 0.06, 1.93], [0.56, 0.04, 1.63], [0.93, 0.04, 0.59], [0.61, 0.12, 1.18], [1.23, 0.1, 1.78], [1.64, 0.08, 2.0], [1.07, 0.04, 1.23], [0.08, 0.23, 4.71], [1.04, 0.28, 3.38], [1.91, 2.84, 3.62], [0.1, 0.22, 2.8], [0.06, 1.54, 1.51], [0.1, 0.24, 3.0], [1.03, 0.27, 3.29], [5.77, 3.1, 2.51], [5.48, 2.84, 0.36], [14.78, 1.68, 2.27]]","[42, 5, 12, 35, 16, 13, 17, 26, 55, 57, 59, 63, 48, 33, 38, 60, 61]",16.2
65,1788359718997028257,307200,61781,25,18,178.0,"[31.4, 31.4, 37.3, 43.5, 45.4, 47.7, 49.6, 52.3, 59.9, 65.9, 72.1, 78.0, 83.8, 85.4, 89.8, 119.9, 162.0, 178.0]","['NEAR', 'NEAR', 'NEAR', 'NEAR', 'NEAR', 'NEAR', 'INSIDE', 'NEAR', 'NEAR', 'NEAR', 'NEAR', 'INSIDE', 'NEAR', 'ABOVE', 'NEAR', 'INSIDE', 'INSIDE', 'INSIDE']","[[0.6, 0.06, 1.32], [0.67, 0.07, 1.87], [1.18, 0.19, 1.78], [0.88, 0.04, 1.24], [0.94, 0.08, 1.47], [0.51, 0.05, 1.31], [1.51, 2.92, 1.5], [1.29, 0.08, 2.08], [0.07, 0.26, 4.87], [0.09, 0.29, 4.78], [1.64, 0.26, 4.41], [1.62, 2.8, 3.38], [0.09, 0.2, 2.95], [1.18, 1.19, 1.49], [0.07, 0.25, 2.96], [0.08, 0.12, 2.42], [8.01, 3.67, 2.49], [12.9, 3.09, 0.38]]","[42, 5, 12, 36, 14, 16, 35, 13, 18, 26, 55, 57, 59, 63, 48, 33, 38, 60]",15.4
66,1788359719092919268,307200,67559,17,14,119.0,"[29.6, 43.1, 45.1, 47.1, 48.7, 51.2, 53.7, 58.6, 64.5, 76.9, 83.0, 83.5, 88.5, 119.0]","['NEAR', 'RAIL', 'NEAR', 'NEAR', 'INSIDE', 'NEAR', 'NEAR', 'NEAR', 'NEAR', 'INSIDE', 'ABOVE', 'INSIDE', 'INSIDE', 'INSIDE']","[[0.98, 0.15, 1.63], [0.93, 0.04, 1.07], [0.99, 0.04, 1.34], [0.65, 0.1, 1.19], [1.05, 2.93, 1.38], [1.66, 0.09, 2.49], [1.12, 0.06, 1.07], [0.1, 0.28, 4.77], [0.09, 0.25, 4.69], [1.29, 2.79, 3.53], [0.02, 1.17, 0.77], [1.09, 0.35, 3.11], [0.09, 0.39, 3.11], [1.06, 0.33, 2.07]]","[36, 12, 14, 16, 35, 13, 17, 18, 25, 57, 63, 59, 48, 33]",12.6
67,1788359719196827955,307200,67066,20,16,198.5,"[35.2, 41.0, 42.8, 44.8, 46.7, 51.5, 57.3, 63.3, 69.3, 75.7, 81.7, 82.2, 87.2, 117.7, 180.2, 198.5]","['NEAR', 'NEAR', 'NEAR', 'NEAR', 'NEAR', 'NEAR', 'NEAR', 'NEAR', 'NEAR', 'INSIDE', 'ABOVE', 'NEAR', 'INSIDE', 'INSIDE', 'INSIDE', 'INSIDE']","[[0.58, 0.04, 1.47], [1.09, 0.15, 1.59], [0.93, 0.04, 1.37], [0.97, 0.05, 1.37], [1.05, 0.1, 1.76], [2.82, 0.07, 1.67], [0.1, 0.2, 4.51], [0.1, 0.19, 4.44], [0.13, 0.26, 2.46], [1.09, 2.74, 3.47], [0.02, 1.15, 0.75], [1.12, 0.2, 2.86], [0.1, 0.35, 3.09], [0.99, 0.28, 3.36], [3.41, 2.82, 0.04], [7.16, 1.03, 2.25]]","[10, 36, 5, 12, 14, 13, 18, 25, 55, 57, 63, 59, 48, 33, 60, 61]",12.3
68,1788359719299490849,307200,67518,19,17,198.9,"[26.1, 33.6, 38.0, 39.5, 41.0, 42.9, 44.6, 46.5, 51.1, 56.0, 68.4, 74.5, 79.9, 81.0, 85.9, 116.4, 198.9]","['ABOVE', 'NEAR', 'NEAR', 'NEAR', 'NEAR', 'NEAR', 'RAIL', 'RAIL', 'NEAR', 'NEAR', 'NEAR', 'INSIDE', 'INSIDE', 'ABOVE', 'INSIDE', 'INSIDE', 'INSIDE']","[[0.03, 0.16, 0.98], [1.43, 0.07, 2.0], [0.85, 0.21, 1.97], [0.58, 0.06, 1.98], [1.08, 0.09, 1.5], [0.78, 0.04, 1.27], [1.16, 0.05, 1.02], [1.11, 0.03, 0.12], [0.97, 0.02, 1.21], [0.09, 0.28, 5.14], [1.05, 0.27, 2.96], [1.19, 2.8, 3.43], [0.07, 0.17, 3.01], [0.03, 1.13, 0.74], [0.07, 0.22, 3.24], [1.03, 0.29, 3.32], [14.27, 2.08, 2.29]]","[10, 42, 5, 36, 12, 14, 16, 6, 13, 18, 55, 57, 59, 63, 48, 33, 61]",13.0
69,1788359719394719268,307200,61621,19,15,198.6,"[26.8, 38.2, 39.5, 41.1, 43.1, 44.7, 47.0, 49.1, 66.7, 73.1, 78.6, 79.7, 84.7, 115.2, 198.6]","['NEAR', 'NEAR', 'NEAR', 'NEAR', 'NEAR', 'NEAR', 'NEAR', 'RAIL', 'NEAR', 'INSIDE', 'NEAR', 'ABOVE', 'INSIDE', 'INSIDE', 'INSIDE']","[[0.66, 0.04, 1.6], [0.84, 0.19, 1.91], [1.21, 0.09, 1.45], [0.8, 0.09, 2.08], [0.96, 0.1, 1.68], [1.29, 0.1, 1.88], [0.76, 0.04, 1.39], [1.13, 0.03, 0.13], [0.08, 0.18, 3.69], [1.12, 2.79, 3.38], [0.1, 0.31, 2.97], [0.05, 1.67, 1.42], [0.08, 0.34, 3.19], [1.01, 0.24, 3.29], [12.51, 1.74, 2.27]]","[36, 5, 12, 14, 16, 13, 17, 6, 26, 57, 59, 63, 48, 33, 61]",12.0
70,1788359719492861948,307200,64568,22,18,113.9,"[25.8, 29.5, 30.6, 37.0, 38.3, 39.9, 41.8, 43.3, 45.2, 48.9, 53.4, 59.4, 65.4, 71.9, 77.8, 78.4, 83.4, 113.9]","['ABOVE', 'NEAR', 'NEAR', 'NEAR', 'NEAR', 'NEAR', 'NEAR', 'NEAR', 'RAIL', 'NEAR', 'NEAR', 'NEAR', 'NEAR', 'INSIDE', 'ABOVE', 'NEAR', 'INSIDE', 'INSIDE']","[[0.23, 0.3, 0.52], [0.99, 0.05, 1.86], [0.95, 0.13, 1.93], [1.26, 0.09, 1.69], [0.98, 0.09, 1.68], [0.97, 0.09, 2.08], [1.31, 0.1, 1.81], [0.46, 0.05, 1.62], [1.01, 0.04, 0.18], [1.26, 0.14, 1.43], [0.13, 0.27, 4.91], [0.1, 0.29, 4.83], [0.1, 0.26, 4.75], [1.09, 2.8, 3.33], [0.04, 1.64, 1.4], [1.09, 0.27, 2.55], [0.12, 0.36, 3.15], [0.99, 0.27, 3.49]]","[35, 36, 5, 12, 14, 16, 13, 17, 6, 42, 18, 20, 26, 57, 63, 59, 48, 33]",12.9
71,1788359719590152315,307200,67045,24,17,158.2,"[29.5, 35.9, 37.2, 38.8, 40.4, 41.9, 43.5, 47.5, 52.2, 58.1, 64.1, 70.6, 76.1, 77.1, 82.1, 112.6, 158.2]","['NEAR', 'NEAR', 'NEAR', 'NEAR', 'NEAR', 'NEAR', 'NEAR', 'INSIDE', 'NEAR', 'NEAR', 'NEAR', 'INSIDE', 'NEAR', 'ABOVE', 'NEAR', 'INSIDE', 'INSIDE']","[[0.82, 0.04, 1.51], [0.97, 0.11, 2.2], [1.11, 0.04, 1.43], [0.95, 0.09, 1.71], [0.91, 0.1, 1.68], [1.39, 0.09, 2.1], [0.84, 0.05, 1.58], [1.34, 2.94, 1.66], [0.13, 0.28, 4.56], [0.08, 0.29, 4.58], [0.1, 0.26, 4.66], [1.22, 2.78, 3.29], [0.1, 0.3, 3.51], [0.03, 1.62, 1.37], [0.07, 0.16, 2.89], [1.1, 0.38, 3.45], [11.27, 3.29, 2.47]]","[36, 5, 12, 14, 16, 13, 17, 35, 18, 20, 25, 57, 59, 63, 48, 33, 38]",15.7
72,1788359719692902530,307200,66884,22,15,197.5,"[34.0, 35.0, 36.2, 37.8, 39.9, 42.1, 43.5, 50.9, 56.9, 69.3, 74.8, 75.9, 80.8, 111.3, 197.5]","['OUTSIDE', 'NEAR', 'NEAR', 'NEAR', 'NEAR', 'NEAR', 'OUTSIDE', 'NEAR', 'NEAR', 'NEAR', 'NEAR', 'ABOVE', 'NEAR', 'INSIDE', 'INSIDE']","[[0.68, 0.04, 1.47], [1.45, 0.14, 1.8], [0.81, 0.09, 1.59], [2.11, 0.09, 1.65], [1.12, 0.05, 1.1], [2.39, 0.1, 1.71], [0.61, 0.04, 1.42], [0.1, 0.33, 5.12], [0.11, 0.26, 4.63], [1.08, 0.28, 3.18], [0.11, 0.22, 2.82], [0.03, 1.59, 1.35], [0.09, 0.2, 2.84], [0.98, 0.26, 3.41], [14.39, 2.12, 2.27]]","[36, 5, 12, 14, 16, 13, 42, 18, 20, 55, 59, 63, 48, 33, 61]",13.1
73,1788359719792941656,307200,63058,22,14,196.3,"[32.9, 34.3, 35.2, 36.6, 38.8, 40.8, 42.6, 55.6, 67.6, 73.5, 74.6, 79.6, 110.1, 196.3]","['OUTSIDE', 'OUTSIDE', 'OUTSIDE', 'NEAR', 'NEAR', 'NEAR', 'RAIL', 'NEAR', 'INSIDE', 'NEAR', 'ABOVE', 'NEAR', 'INSIDE', 'INSIDE']","[[0.76, 0.05, 1.95], [1.19, 0.12, 2.06], [0.73, 0.04, 1.48], [0.88, 0.08, 1.54], [2.5, 0.12, 1.99], [0.82, 0.04, 1.16], [0.93, 0.04, 0.93], [0.08, 0.24, 5.11], [2.09, 2.98, 3.69], [0.09, 0.2, 2.77], [0.05, 1.48, 1.33], [0.1, 0.33, 3.67], [1.07, 0.26, 3.37], [14.33, 2.1, 2.25]]","[42, 36, 5, 12, 14, 16, 13, 20, 55, 59, 63, 48, 33, 61]",17.8
74,1788359719891365308,307200,63134,21,15,108.8,"[28.0, 32.0, 33.0, 34.1, 35.4, 38.0, 40.8, 42.6, 60.4, 66.6, 72.8, 73.3, 78.3, 84.3, 108.8]","['OUTSIDE', 'NEAR', 'OUTSIDE', 'OUTSIDE', 'NEAR', 'NEAR', 'NEAR', 'RAIL', 'NEAR', 'INSIDE', 'ABOVE', 'NEAR', 'NEAR', 'NEAR', 'INSIDE']","[[0.61, 0.04, 1.34], [0.74, 0.13, 1.98], [0.56, 0.04, 1.43], [0.73, 0.04, 1.49], [3.5, 0.11, 1.99], [0.87, 0.1, 1.64], [0.83, 0.04, 1.42], [1.66, 0.05, 0.19], [0.09, 0.25, 4.91], [1.64, 2.73, 3.64], [0.06, 1.68, 1.31], [1.04, 0.29, 3.34], [0.15, 0.21, 3.61], [0.08, 0.18, 2.99], [0.98, 0.25, 3.57]]","[42, 36, 5, 12, 14, 16, 13, 6, 25, 55, 63, 59, 48, 72, 33]",13.7
75,1788359719994606951,307200,67544,21,14,192.1,"[33.0, 34.2, 35.3, 37.9, 40.8, 42.3, 53.1, 59.1, 65.4, 71.5, 77.1, 83.1, 107.6, 192.1]","['OUTSIDE', 'OUTSIDE', 'OUTSIDE', 'NEAR', 'NEAR', 'NEAR', 'NEAR', 'NEAR', 'INSIDE', 'NEAR', 'NEAR', 'NEAR', 'INSIDE', 'INSIDE']","[[0.59, 0.04, 1.38], [0.68, 0.04, 1.44], [0.58, 0.03, 1.49], [3.67, 0.12, 1.99], [0.99, 0.05, 1.36], [0.99, 0.04, 1.69], [0.1, 0.32, 4.88], [0.09, 0.24, 4.81], [1.48, 2.72, 3.58], [1.05, 0.3, 3.3], [0.09, 0.29, 3.56], [0.07, 0.24, 3.14], [0.98, 0.39, 3.53], [3.38, 1.02, 2.15]]","[36, 5, 12, 14, 16, 13, 18, 25, 55, 59, 48, 72, 33, 61]",14.4
76,1788359720092695539,307200,67840,25,17,192.6,"[30.2, 31.9, 32.0, 33.0, 34.1, 35.1, 36.3, 37.7, 39.2, 47.5, 57.9, 64.3, 69.8, 75.8, 82.3, 106.3, 192.6]","['NEAR', 'OUTSIDE', 'NEAR', 'OUTSIDE', 'NEAR', 'NEAR', 'NEAR', 'NEAR', 'INSIDE', 'INSIDE', 'NEAR', 'INSIDE', 'NEAR', 'NEAR', 'NEAR', 'INSIDE', 'INSIDE']","[[0.52, 0.09, 1.89], [0.72, 0.04, 1.39], [0.6, 0.09, 1.72], [0.65, 0.04, 1.47], [0.89, 0.1, 1.84], [0.74, 0.09, 1.59], [0.88, 0.1, 1.46], [0.2, 0.04, 1.26], [0.79, 2.86, 1.35], [0.63, 2.96, 1.17], [0.1, 0.31, 4.71], [1.26, 2.97, 3.36], [0.12, 0.19, 3.22], [0.09, 0.3, 2.86], [1.0, 0.31, 3.09], [1.01, 0.38, 3.26], [14.35, 2.06, 2.21]]","[42, 36, 5, 12, 14, 16, 13, 17, 35, 6, 25, 55, 57, 48, 72, 33, 61]",14.1
77,1788359720198653983,307200,68912,28,14,105.1,"[30.0, 31.8, 33.9, 36.8, 39.0, 46.0, 50.6, 57.1, 63.1, 69.1, 69.6, 74.6, 80.6, 105.1]","['OUTSIDE', 'NEAR', 'NEAR', 'NEAR', 'RAIL', 'INSIDE', 'NEAR', 'NEAR', 'INSIDE', 'NEAR', 'ABOVE', 'NEAR', 'NEAR', 'INSIDE']","[[0.6, 0.04, 1.34], [2.65, 0.1, 2.33], [2.19, 0.1, 1.84], [0.62, 0.04, 1.64], [0.41, 0.08, 1.01], [0.8, 2.86, 1.35], [0.12, 0.33, 5.0], [1.04, 0.24, 3.62], [1.09, 2.66, 3.48], [1.05, 0.3, 3.16], [0.03, 1.63, 1.21], [0.08, 0.2, 2.62], [0.11, 0.23, 3.04], [1.03, 0.36, 3.45]]","[42, 5, 14, 13, 17, 35, 18, 25, 55, 57, 63, 48, 72, 33]",13.0
78,1788359720295096136,307200,64033,18,12,103.9,"[30.1, 31.9, 34.7, 36.6, 38.6, 45.0, 61.9, 67.4, 68.4, 73.4, 79.4, 103.9]","['NEAR', 'NEAR', 'NEAR', 'NEAR', 'INSIDE', 'INSIDE', 'INSIDE', 'NEAR', 'ABOVE', 'NEAR', 'NEAR', 'INSIDE']","[[0.72, 0.04, 1.46], [2.28, 0.1, 1.83], [0.82, 0.04, 1.62], [0.32, 0.05, 1.79], [0.98, 2.98, 1.4], [0.92, 2.95, 1.19], [1.13, 2.63, 3.43], [0.07, 0.16, 3.11], [0.04, 1.6, 1.19], [0.11, 0.29, 3.38], [0.09, 0.23, 3.0], [0.98, 0.37, 3.41]]","[12, 14, 13, 17, 35, 6, 55, 57, 63, 48, 72, 33]",13.2
79,1788359720396058107,307200,63690,16,10,102.7,"[29.9, 31.2, 33.4, 35.2, 37.5, 66.6, 67.2, 72.2, 78.2, 102.7]","['NEAR', 'NEAR', 'NEAR', 'INSIDE', 'INSIDE', 'NEAR', 'ABOVE', 'NEAR', 'NEAR', 'INSIDE']","[[0.66, 0.09, 2.29], [2.01, 0.07, 1.47], [1.75, 0.06, 2.2], [0.73, 2.95, 1.34], [1.5, 2.93, 1.76], [1.02, 0.26, 3.05], [0.02, 1.65, 1.17], [0.07, 0.2, 2.72], [0.06, 0.19, 3.41], [1.03, 0.27, 3.14]]","[5, 12, 16, 35, 6, 57, 63, 59, 72, 33]",14.6
80,1788359720491778763,307200,69053,26,16,101.4,"[29.8, 32.2, 33.3, 34.4, 35.7, 36.7, 47.0, 48.6, 53.0, 59.0, 60.4, 64.9, 66.0, 71.0, 77.5, 101.4]","['NEAR', 'NEAR', 'NEAR', 'NEAR', 'NEAR', 'NEAR', 'NEAR', 'INSIDE', 'NEAR', 'INSIDE', 'INSIDE', 'ABOVE', 'NEAR', 'NEAR', 'NEAR', 'INSIDE']","[[0.65, 0.04, 1.35], [0.72, 0.1, 2.28], [0.74, 0.04, 1.44], [0.7, 0.04, 1.5], [0.34, 0.04, 1.54], [0.17, 0.31, 3.92], [0.33, 0.05, 1.27], [0.74, 2.96, 1.35], [0.07, 0.24, 4.77], [2.06, 2.94, 3.72], [0.37, 2.32, 0.02], [0.03, 1.62, 1.15], [0.07, 0.25, 3.42], [0.07, 0.22, 3.1], [1.07, 0.28, 2.9], [1.08, 0.34, 3.33]]","[42, 5, 12, 14, 16, 17, 18, 35, 20, 25, 55, 63, 57, 59, 72, 33]",12.0
81,1788359720593023940,307200,69728,25,14,100.3,"[31.2, 32.2, 33.2, 34.4, 35.4, 45.9, 51.8, 57.9, 59.6, 63.7, 64.8, 69.8, 76.3, 100.3]","['NEAR', 'NEAR', 'NEAR', 'NEAR', 'NEAR', 'NEAR', 'NEAR', 'INSIDE', 'INSIDE', 'NEAR', 'ABOVE', 'NEAR', 'NEAR', 'INSIDE']","[[0.64, 0.09, 2.14], [0.7, 0.04, 1.35], [1.0, 0.14, 1.95], [0.63, 0.05, 2.04], [0.34, 0.03, 1.49], [0.32, 0.33, 3.73], [0.1, 0.24, 4.32], [1.94, 2.88, 3.5], [0.5, 2.29, 0.03], [0.11, 0.19, 3.52], [0.06, 1.59, 1.13], [0.09, 0.3, 3.22], [1.06, 0.28, 3.49], [1.03, 0.24, 3.51]]","[42, 36, 5, 12, 14, 17, 20, 25, 55, 57, 63, 59, 72, 33]",15.3
82,1788359720691293298,307200,69791,24,15,101.6,"[27.8, 32.3, 33.4, 34.3, 38.6, 46.3, 50.6, 59.9, 62.5, 63.6, 68.6, 70.8, 74.6, 99.1, 101.6]","['ABOVE', 'NEAR', 'NEAR', 'NEAR', 'NEAR', 'INSIDE', 'NEAR', 'INSIDE', 'ABOVE', 'NEAR', 'NEAR', 'INSIDE', 'NEAR', 'INSIDE', 'OUTSIDE']","[[0.03, 0.2, 1.0], [0.71, 0.04, 1.36], [0.63, 0.04, 1.4], [0.3, 0.04, 1.36], [0.29, 0.02, 0.94], [1.13, 2.88, 2.48], [0.12, 0.24, 4.99], [0.28, 2.3, 0.02], [0.06, 1.55, 1.11], [0.08, 0.18, 2.88], [0.11, 0.19, 3.16], [0.16, 2.23, 0.01], [0.09, 0.18, 2.62], [1.04, 0.33, 3.47], [0.3, 0.49, 1.13]]","[13, 36, 5, 12, 17, 35, 20, 55, 63, 57, 59, 48, 72, 33, 75]",16.5
83,1788359720795199212,307200,64095,18,11,100.4,"[31.4, 31.6, 32.8, 49.4, 59.9, 61.3, 62.4, 67.4, 73.4, 97.9, 100.4]","['OUTSIDE', 'NEAR', 'NEAR', 'INSIDE', 'INSIDE', 'ABOVE', 'NEAR', 'NEAR', 'NEAR', 'INSIDE', 'OUTSIDE']","[[0.62, 0.04, 1.32], [1.3, 0.05, 1.93], [0.12, 0.31, 4.97], [0.99, 2.92, 1.19], [0.22, 2.09, 0.01], [0.04, 1.75, 1.63], [0.06, 0.21, 2.67], [0.09, 0.29, 3.72], [0.1, 0.21, 2.58], [1.05, 0.27, 3.43], [0.4, 0.69, 1.52]]","[42, 36, 20, 6, 55, 63, 57, 59, 72, 33, 75]",11.7
84,1788359720892256126,307200,64164,19,12,191.0,"[30.0, 31.7, 31.9, 43.6, 48.2, 60.7, 66.2, 72.7, 96.7, 99.2, 102.2, 191.0]","['NEAR', 'NEAR', 'RAIL', 'INSIDE', 'INSIDE', 'NEAR', 'NEAR', 'NEAR', 'INSIDE', 'OUTSIDE', 'OUTSIDE', 'NEAR']","[[1.18, 0.05, 1.33], [0.22, 0.34, 4.76], [0.47, 0.02, 0.96], [0.74, 2.96, 1.08], [0.88, 2.94, 1.18], [1.23, 0.49, 3.34], [0.07, 0.25, 3.66], [1.06, 0.26, 2.72], [1.06, 0.25, 3.39], [0.39, 0.71, 1.51], [0.37, 0.52, 1.54], [0.62, 0.15, 0.52]]","[42, 20, 17, 6, 36, 57, 59, 72, 33, 75, 78, 61]",11.5
85,1788359720989006823,307200,67597,14,8,112.3,"[29.6, 35.3, 65.0, 71.5, 95.5, 98.0, 101.0, 112.3]","['ABOVE', 'INSIDE', 'NEAR', 'NEAR', 'NEAR', 'OUTSIDE', 'OUTSIDE', 'INSIDE']","[[0.4, 0.23, 1.22], [1.43, 2.97, 1.91], [0.13, 0.17, 3.59], [1.07, 0.23, 3.28], [1.03, 0.34, 3.13], [0.44, 0.63, 1.49], [0.28, 0.52, 1.32], [1.84, 2.79, 3.46]]","[13, 6, 59, 72, 33, 75, 78, 76]",21.6
86,1788359721101403343,307200,67123,16,10,110.3,"[51.9, 57.9, 63.9, 65.8, 69.9, 94.4, 96.9, 99.9, 103.7, 110.3]","['INSIDE', 'NEAR', 'NEAR', 'NEAR', 'NEAR', 'NEAR', 'OUTSIDE', 'OUTSIDE', 'OUTSIDE', 'INSIDE']","[[2.11, 2.81, 3.8], [0.23, 0.17, 3.2], [0.13, 0.25, 2.95], [0.36, 0.06, 1.79], [0.1, 0.19, 3.22], [1.05, 0.38, 3.3], [0.36, 0.58, 1.47], [0.36, 0.48, 1.51], [1.94, 0.4, 0.94], [3.56, 4.07, 3.91]]","[18, 25, 59, 57, 72, 33, 75, 78, 79, 76]",17.0
87,1788359721194401268,307200,69231,17,13,110.4,"[27.2, 34.0, 46.2, 57.1, 57.7, 60.0, 62.7, 69.2, 93.2, 95.7, 98.7, 102.4, 110.4]","['OUTSIDE', 'NEAR', 'OUTSIDE', 'NEAR', 'ABOVE', 'INSIDE', 'NEAR', 'NEAR', 'NEAR', 'OUTSIDE', 'OUTSIDE', 'OUTSIDE', 'INSIDE']","[[0.93, 0.06, 1.43], [0.43, 0.03, 1.54], [0.6, 0.02, 1.47], [1.01, 0.24, 3.62], [0.05, 1.89, 1.01], [0.12, 2.52, 0.01], [0.09, 0.27, 4.0], [1.02, 0.27, 3.8], [1.1, 0.24, 3.26], [0.4, 0.66, 1.25], [0.27, 0.49, 1.49], [1.63, 0.4, 1.16], [2.01, 3.74, 3.87]]","[12, 20, 35, 25, 55, 63, 59, 72, 33, 75, 78, 79, 76]",18.0
88,1788359721293182693,307200,64145,19,15,109.0,"[25.7, 33.0, 37.6, 49.6, 50.3, 52.0, 56.0, 56.5, 61.5, 68.0, 92.0, 94.6, 97.6, 101.2, 109.0]","['ABOVE', 'OUTSIDE', 'INSIDE', 'OUTSIDE', 'NEAR', 'INSIDE', 'ABOVE', 'NEAR', 'NEAR', 'NEAR', 'NEAR', 'OUTSIDE', 'OUTSIDE', 'OUTSIDE', 'INSIDE']","[[0.03, 0.2, 1.29], [0.73, 0.07, 1.95], [0.8, 3.0, 3.68], [0.92, 0.02, 1.83], [0.62, 0.1, 1.8], [0.12, 2.36, 0.01], [0.04, 1.62, 1.47], [1.04, 0.3, 3.07], [0.11, 0.37, 3.4], [1.03, 0.29, 4.32], [1.03, 0.36, 3.22], [0.36, 0.6, 1.24], [0.46, 0.54, 1.47], [1.6, 0.56, 1.4], [1.72, 3.68, 3.83]]","[13, 5, 18, 35, 20, 25, 55, 63, 59, 72, 33, 75, 78, 79, 76]",15.7
89,1788359721393330346,307200,63521,19,18,186.1,"[24.3, 31.9, 37.8, 42.5, 44.1, 48.5, 49.5, 51.7, 55.4, 59.8, 62.3, 66.9, 90.9, 93.4, 96.3, 96.4, 107.8, 186.1]","['ABOVE', 'OUTSIDE', 'NEAR', 'INSIDE', 'NEAR', 'NEAR', 'INSIDE', 'INSIDE', 'ABOVE', 'INSIDE', 'NEAR', 'NEAR', 'NEAR', 'OUTSIDE', 'OUTSIDE', 'NEAR', 'INSIDE', 'OUTSIDE']","[[0.03, 0.18, 1.1], [0.57, 0.07, 1.34], [0.62, 0.07, 1.23], [0.49, 2.93, 3.51], [0.36, 0.05, 1.75], [0.17, 0.06, 1.76], [1.04, 2.96, 1.84], [0.19, 2.35, 0.01], [0.06, 1.64, 1.45], [1.35, 2.67, 3.86], [0.44, 0.06, 1.7], [1.01, 0.26, 4.08], [1.05, 0.3, 3.94], [0.43, 0.64, 1.22], [0.19, 0.61, 1.46], [0.06, 0.21, 1.92], [1.69, 3.59, 3.79], [3.71, 0.69, 0.04]]","[17, 42, 16, 18, 77, 20, 35, 25, 55, 59, 57, 72, 33, 75, 78, 81, 76, 61]",14.8
90,1788359721491025546,307200,67668,16,13,102.1,"[35.4, 47.7, 52.9, 54.3, 59.3, 60.7, 61.3, 65.3, 89.7, 92.3, 95.2, 95.3, 102.1]","['ABOVE', 'INSIDE', 'INSIDE', 'ABOVE', 'NEAR', 'INSIDE', 'NEAR', 'NEAR', 'NEAR', 'OUTSIDE', 'OUTSIDE', 'NEAR', 'ABOVE']","[[0.27, 0.24, 1.23], [0.07, 2.33, 0.01], [0.64, 2.69, 3.4], [0.05, 1.77, 1.42], [0.09, 0.25, 3.79], [0.38, 2.33, 0.02], [0.23, 0.06, 1.63], [0.08, 0.22, 4.17], [1.04, 0.34, 3.37], [0.36, 0.62, 1.4], [0.31, 0.6, 1.44], [0.07, 0.2, 2.11], [0.05, 0.49, 1.09]]","[13, 18, 25, 55, 59, 57, 63, 72, 33, 75, 78, 81, 79]",13.1
91,1788359721593871383,307200,67592,16,14,105.1,"[29.9, 35.8, 41.7, 46.7, 53.1, 58.1, 59.9, 64.1, 88.6, 91.1, 94.1, 94.1, 97.9, 105.1]","['ABOVE', 'NEAR', 'NEAR', 'INSIDE', 'INSIDE', 'NEAR', 'INSIDE', 'NEAR', 'NEAR', 'OUTSIDE', 'OUTSIDE', 'NEAR', 'OUTSIDE', 'INSIDE']","[[0.05, 1.76, 0.92], [0.36, 0.04, 1.5], [0.49, 0.04, 1.48], [1.41, 2.77, 3.5], [0.57, 2.85, 1.34], [0.1, 0.27, 3.57], [0.7, 2.31, 0.04], [0.09, 0.3, 4.1], [1.12, 0.38, 3.1], [0.51, 0.74, 1.38], [0.18, 0.48, 1.42], [0.04, 0.21, 2.08], [1.62, 0.39, 1.35], [2.43, 3.9, 3.71]]","[55, 12, 77, 18, 6, 59, 57, 72, 33, 75, 78, 81, 79, 76]",22.4
92,1788359721692408120,307200,67786,16,15,104.2,"[34.6, 40.5, 45.9, 46.2, 52.0, 57.0, 59.1, 59.2, 63.0, 87.5, 90.0, 93.0, 93.0, 97.3, 104.2]","['ABOVE', 'NEAR', 'NEAR', 'NEAR', 'INSIDE', 'NEAR', 'NEAR', 'INSIDE', 'NEAR', 'NEAR', 'OUTSIDE', 'OUTSIDE', 'NEAR', 'OUTSIDE', 'INSIDE']","[[0.04, 1.72, 0.91], [0.43, 0.05, 2.05], [0.28, 0.03, 1.63], [0.54, 0.06, 1.94], [0.12, 2.57, 0.01], [0.11, 0.29, 3.64], [0.17, 0.13, 1.14], [0.09, 2.27, 0.01], [0.09, 0.25, 4.03], [1.09, 0.34, 3.09], [0.45, 0.63, 1.37], [0.29, 0.5, 1.41], [0.09, 0.19, 2.06], [0.44, 0.38, 0.65], [1.92, 2.79, 3.67]]","[55, 12, 18, 77, 17, 59, 63, 57, 72, 33, 75, 78, 81, 79, 76]",21.1
93,1788359721799147911,307200,69266,18,15,96.4,"[33.5, 38.0, 39.3, 44.0, 44.9, 49.8, 50.9, 55.9, 57.9, 61.9, 86.4, 89.0, 91.8, 91.9, 96.4]","['ABOVE', 'ABOVE', 'NEAR', 'RAIL', 'INSIDE', 'NEAR', 'NEAR', 'NEAR', 'NEAR', 'NEAR', 'NEAR', 'OUTSIDE', 'OUTSIDE', 'NEAR', 'OUTSIDE']","[[0.1, 0.26, 0.98], [0.05, 1.81, 1.33], [0.44, 0.08, 1.41], [0.77, 0.06, 0.86], [0.64, 2.9, 3.65], [0.11, 0.29, 3.29], [0.34, 0.11, 1.79], [0.07, 0.33, 4.06], [0.17, 0.12, 1.95], [0.13, 0.2, 3.96], [1.07, 0.37, 3.24], [0.49, 0.66, 1.57], [0.39, 0.51, 1.6], [0.08, 0.07, 2.03], [0.96, 0.53, 0.84]]","[13, 55, 5, 77, 17, 20, 18, 59, 63, 72, 33, 75, 78, 81, 79]",22.3
94,1788359721893033774,307200,64031,14,11,90.8,"[22.4, 36.7, 43.4, 48.8, 49.8, 54.8, 60.8, 85.3, 87.8, 90.7, 90.8]","['ABOVE', 'INSIDE', 'NEAR', 'RAIL', 'ABOVE', 'NEAR', 'NEAR', 'NEAR', 'OUTSIDE', 'OUTSIDE', 'NEAR']","[[0.33, 0.18, 1.26], [1.47, 2.85, 3.59], [0.16, 0.22, 3.21], [2.31, 0.02, 0.13], [0.06, 1.65, 1.3], [0.09, 0.29, 3.84], [0.1, 0.15, 4.41], [1.03, 0.28, 3.01], [0.43, 0.74, 2.53], [0.35, 0.41, 1.58], [0.09, 0.09, 3.19]]","[13, 17, 20, 35, 55, 59, 72, 33, 75, 78, 81]",20.5
95,1788359721990099133,307200,64141,18,14,94.3,"[28.4, 31.6, 37.4, 41.9, 43.0, 48.7, 53.7, 55.5, 59.7, 84.2, 86.6, 89.7, 89.8, 94.3]","['INSIDE', 'NEAR', 'NEAR', 'RAIL', 'INSIDE', 'ABOVE', 'NEAR', 'NEAR', 'NEAR', 'NEAR', 'OUTSIDE', 'OUTSIDE', 'NEAR', 'OUTSIDE']","[[0.51, 2.84, 3.51], [0.36, 0.06, 1.88], [0.62, 0.05, 2.08], [1.0, 0.07, 0.08], [0.8, 2.93, 1.17], [0.04, 1.8, 1.27], [0.1, 0.27, 4.01], [0.68, 0.13, 1.96], [0.09, 0.26, 4.34], [1.09, 0.31, 3.16], [0.5, 0.6, 1.13], [0.44, 0.62, 1.58], [0.09, 0.22, 1.98], [1.22, 0.55, 0.83]]","[17, 16, 18, 42, 6, 55, 59, 63, 72, 33, 75, 78, 81, 79]",19.9
96,1788359722091013345,307200,67594,15,12,93.0,"[29.8, 36.1, 40.8, 41.4, 47.6, 54.6, 58.6, 83.1, 85.7, 88.6, 88.6, 93.0]","['INSIDE', 'NEAR', 'INSIDE', 'INSIDE', 'ABOVE', 'NEAR', 'NEAR', 'NEAR', 'OUTSIDE', 'OUTSIDE', 'NEAR', 'OUTSIDE']","[[1.54, 3.0, 3.78], [0.65, 0.04, 1.52], [0.7, 2.73, 1.35], [0.07, 2.46, 0.01], [0.05, 1.83, 1.24], [0.29, 0.04, 2.17], [0.1, 0.23, 4.26], [1.04, 0.32, 3.11], [0.41, 0.74, 1.52], [0.25, 0.45, 1.57], [0.11, 0.09, 1.57], [0.76, 0.5, 0.81]]","[17, 16, 6, 18, 55, 63, 72, 33, 75, 78, 81, 79]",14.5
97,1788359722193839573,307200,68502,18,14,96.0,"[35.0, 40.1, 41.5, 46.5, 47.1, 51.5, 53.4, 57.5, 82.0, 84.5, 87.5, 87.5, 94.6, 96.0]","['ABOVE', 'INSIDE', 'NEAR', 'NEAR', 'INSIDE', 'NEAR', 'NEAR', 'NEAR', 'NEAR', 'OUTSIDE', 'NEAR', 'OUTSIDE', 'RAIL', 'INSIDE']","[[0.08, 1.85, 1.21], [1.4, 2.87, 3.72], [0.62, 0.08, 1.76], [0.31, 0.04, 1.35], [0.12, 2.46, 0.01], [0.2, 0.29, 4.29], [0.41, 0.08, 1.18], [0.1, 0.22, 4.68], [1.06, 0.31, 3.07], [0.45, 0.74, 3.0], [0.11, 0.21, 3.08], [0.34, 0.57, 1.55], [0.98, 0.27, 0.61], [2.52, 3.85, 2.11]]","[55, 17, 12, 20, 18, 25, 63, 72, 33, 75, 81, 78, 79, 83]",13.6
98,1788359722291319637,307200,69633,20,14,94.2,"[33.8, 39.0, 40.4, 40.9, 45.4, 50.4, 52.2, 56.4, 80.9, 83.5, 86.4, 86.4, 93.1, 94.2]","['ABOVE', 'NEAR', 'INSIDE', 'NEAR', 'INSIDE', 'NEAR', 'INSIDE', 'NEAR', 'NEAR', 'OUTSIDE', 'OUTSIDE', 'NEAR', 'RAIL', 'INSIDE']","[[0.07, 1.91, 1.18], [0.89, 0.05, 1.41], [1.27, 2.98, 3.65], [0.27, 0.03, 0.88], [0.09, 2.43, 0.01], [0.11, 0.28, 4.2], [1.38, 2.52, 3.41], [0.12, 0.26, 4.1], [1.06, 0.31, 3.71], [0.36, 0.62, 1.46], [0.28, 0.45, 1.52], [0.07, 0.18, 1.54], [1.75, 0.14, 0.41], [2.0, 5.48, 2.42]]","[55, 5, 17, 77, 18, 25, 63, 72, 33, 75, 78, 81, 79, 83]",16.3
99,1788359722394003335,307200,64569,22,16,111.8,"[38.0, 39.3, 41.0, 44.3, 44.8, 49.3, 51.3, 52.2, 55.8, 64.2, 79.8, 82.4, 85.3, 85.3, 92.0, 111.8]","['NEAR', 'NEAR', 'NEAR', 'INSIDE', 'INSIDE', 'ABOVE', 'NEAR', 'INSIDE', 'NEAR', 'NEAR', 'NEAR', 'OUTSIDE', 'OUTSIDE', 'NEAR', 'RAIL', 'INSIDE']","[[0.12, 0.37, 4.11], [0.48, 0.04, 1.78], [0.12, 0.05, 1.65], [0.07, 2.39, 0.01], [0.22, 2.44, 0.02], [0.07, 1.92, 1.16], [0.32, 0.1, 1.81], [1.08, 2.37, 0.07], [1.14, 0.22, 4.61], [1.74, 0.03, 1.12], [1.06, 0.3, 2.79], [0.46, 0.73, 2.37], [0.37, 0.59, 1.7], [0.08, 0.16, 1.33], [1.8, 0.3, 0.26], [1.15, 2.94, 0.03]]","[25, 20, 77, 17, 18, 55, 63, 59, 72, 57, 33, 75, 78, 81, 79, 80]",13.4
100,1788359722501298045,307200,64691,24,17,93.7,"[32.0, 36.8, 37.1, 38.2, 41.1, 43.3, 43.9, 48.3, 50.3, 51.9, 54.3, 78.8, 81.3, 84.3, 84.3, 90.9, 93.7]","['INSIDE', 'NEAR', 'NEAR', 'NEAR', 'NEAR', 'INSIDE', 'INSIDE', 'ABOVE', 'NEAR', 'INSIDE', 'NEAR', 'NEAR', 'OUTSIDE', 'OUTSIDE', 'INSIDE', 'RAIL', 'INSIDE']","[[1.43, 2.89, 3.73], [0.35, 0.04, 1.83], [0.08, 0.02, 0.94], [0.26, 0.3, 4.02], [0.13, 0.04, 1.56], [0.38, 2.46, 0.03], [0.27, 2.59, 0.02], [0.06, 1.82, 1.5], [0.16, 0.05, 1.33], [0.35, 2.18, 0.02], [0.12, 0.21, 3.11], [1.06, 0.33, 3.61], [0.48, 0.74, 1.43], [0.39, 0.44, 1.68], [0.07, 0.05, 1.31], [1.76, 0.29, 0.26], [5.29, 5.6, 3.55]]","[16, 5, 77, 25, 20, 17, 18, 55, 63, 59, 72, 33, 75, 78, 81, 79, 83]",12.9
101,1788359722598853776,307200,64757,25,19,109.7,"[20.7, 30.9, 35.8, 36.8, 37.1, 41.1, 42.2, 42.2, 47.3, 49.0, 51.8, 53.5, 77.7, 80.3, 83.1, 83.2, 89.9, 96.3, 109.7]","['ABOVE', 'RAIL', 'INSIDE', 'NEAR', 'INSIDE', 'NEAR', 'NEAR', 'NEAR', 'INSIDE', 'ABOVE', 'INSIDE', 'NEAR', 'NEAR', 'OUTSIDE', 'OUTSIDE', 'NEAR', 'RAIL', 'RAIL', 'INSIDE']","[[0.07, 1.79, 1.1], [0.59, 0.04, 0.83], [1.37, 2.87, 3.64], [0.34, 0.05, 1.3], [0.85, 2.7, 3.78], [0.27, 0.32, 4.34], [0.69, 0.09, 1.3], [0.15, 0.04, 1.47], [0.48, 2.44, 0.04], [0.07, 1.83, 1.46], [0.56, 2.54, 0.03], [0.7, 0.16, 4.89], [1.08, 0.33, 3.36], [0.42, 0.59, 1.75], [0.24, 0.43, 1.66], [0.07, 0.19, 1.3], [1.77, 0.19, 0.62], [0.4, 0.16, 0.42], [1.14, 2.69, 0.03]]","[55, 35, 16, 5, 18, 25, 63, 77, 17, 20, 59, 72, 33, 75, 78, 81, 79, 83, 80]",12.6
102,1788359722693962084,307200,65158,16,10,111.7,"[37.2, 40.4, 41.1, 48.1, 52.2, 76.6, 82.1, 82.2, 88.9, 111.7]","['ABOVE', 'NEAR', 'NEAR', 'INSIDE', 'NEAR', 'INSIDE', 'OUTSIDE', 'INSIDE', 'RAIL', 'INSIDE']","[[0.07, 1.76, 1.07], [0.64, 0.25, 3.69], [0.55, 0.12, 1.39], [0.14, 2.34, 0.01], [0.16, 0.26, 4.79], [1.13, 0.31, 3.51], [0.45, 0.47, 1.64], [0.07, 0.2, 2.34], [1.92, 0.29, 0.8], [0.15, 1.75, 0.0]]","[20, 18, 63, 17, 72, 33, 78, 81, 79, 80]",11.5
103,1788359722797562712,307200,65690,20,14,87.8,"[33.9, 34.3, 37.6, 40.1, 40.6, 45.2, 46.4, 47.1, 52.5, 55.7, 75.6, 81.1, 81.1, 87.8]","['INSIDE', 'NEAR', 'NEAR', 'NEAR', 'INSIDE', 'INSIDE', 'INSIDE', 'ABOVE', 'NEAR', 'NEAR', 'INSIDE', 'OUTSIDE', 'NEAR', 'RAIL']","[[2.42, 2.96, 3.71], [0.52, 0.03, 1.35], [0.29, 0.32, 4.53], [0.27, 0.05, 1.04], [0.28, 2.53, 0.32], [0.12, 2.5, 0.01], [0.22, 2.27, 0.02], [0.14, 1.84, 1.39], [2.87, 0.24, 5.04], [0.73, 0.03, 1.58], [1.06, 0.31, 3.46], [0.33, 0.47, 1.76], [0.05, 0.15, 1.44], [1.78, 0.15, 0.57]]","[12, 18, 25, 63, 16, 17, 55, 20, 72, 59, 33, 75, 81, 79]",10.4
104,1788359722897138504,307200,65675,18,13,87.1,"[33.2, 34.0, 37.2, 39.0, 39.4, 44.2, 45.8, 46.1, 50.7, 74.5, 80.0, 80.0, 87.1]","['INSIDE', 'NEAR', 'NEAR', 'NEAR', 'INSIDE', 'INSIDE', 'INSIDE', 'ABOVE', 'NEAR', 'NEAR', 'OUTSIDE', 'INSIDE', 'RAIL']","[[2.42, 2.93, 3.63], [0.29, 0.34, 4.43], [0.72, 0.09, 1.56], [0.31, 0.12, 1.42], [0.43, 2.88, 0.32], [0.25, 2.51, 0.29], [0.45, 2.4, 0.03], [0.24, 1.83, 1.36], [1.32, 0.21, 5.04], [1.11, 0.4, 3.42], [0.32, 0.55, 1.6], [0.13, 0.15, 3.02], [0.87, 0.15, 0.6]]","[12, 25, 18, 63, 17, 16, 55, 20, 72, 33, 75, 81, 79]",10.8
105,1788359722992295654,307200,63758,24,19,112.2,"[27.5, 31.6, 33.0, 34.1, 37.1, 38.0, 38.0, 38.3, 43.1, 44.9, 49.0, 49.1, 51.1, 73.5, 79.0, 85.7, 98.4, 110.0, 112.2]","['ABOVE', 'INSIDE', 'INSIDE', 'NEAR', 'NEAR', 'NEAR', 'NEAR', 'NEAR', 'RAIL', 'NEAR', 'INSIDE', 'ABOVE', 'NEAR', 'NEAR', 'NEAR', 'RAIL', 'OUTSIDE', 'INSIDE', 'INSIDE']","[[0.07, 1.88, 0.99], [1.56, 2.86, 3.72], [0.5, 2.76, 3.8], [0.24, 0.37, 4.32], [0.87, 0.08, 1.6], [0.18, 0.2, 1.51], [0.85, 0.11, 1.5], [0.08, 0.06, 1.31], [1.18, 0.03, 0.14], [0.04, 0.17, 2.57], [0.33, 2.51, 0.03], [0.07, 1.9, 1.32], [1.79, 0.11, 2.47], [1.1, 0.4, 3.37], [0.06, 0.19, 2.07], [3.7, 0.26, 0.77], [0.04, 0.54, 0.22], [2.26, 4.05, 0.96], [0.11, 0.98, 0.0]]","[20, 12, 77, 25, 18, 72, 63, 5, 6, 55, 16, 17, 59, 33, 81, 79, 83, 80, 86]",10.3
106,1788359723094609711,307200,63798,23,16,112.1,"[26.4, 30.5, 31.4, 31.9, 34.1, 37.0, 37.2, 43.7, 48.0, 48.0, 49.6, 72.5, 78.0, 84.8, 85.2, 112.1]","['ABOVE', 'INSIDE', 'NEAR', 'NEAR', 'NEAR', 'NEAR', 'NEAR', 'RAIL', 'INSIDE', 'NEAR', 'INSIDE', 'NEAR', 'NEAR', 'ABOVE', 'RAIL', 'INSIDE']","[[0.1, 1.75, 1.28], [2.02, 2.98, 3.7], [0.47, 0.05, 1.89], [1.02, 0.07, 1.86], [0.49, 0.27, 1.6], [0.87, 0.08, 1.46], [0.74, 0.1, 1.09], [1.06, 0.03, 0.13], [0.08, 2.41, 0.01], [0.05, 0.24, 2.52], [0.11, 2.5, 0.01], [1.07, 0.39, 3.32], [0.08, 0.18, 1.9], [0.02, 0.62, 0.78], [2.71, 0.13, 0.77], [1.84, 3.74, 0.26]]","[20, 12, 5, 18, 72, 63, 59, 6, 16, 55, 77, 33, 81, 78, 79, 86]",14.6
107,1788359723192664574,307200,63318,22,13,110.6,"[31.0, 31.1, 34.1, 36.0, 36.2, 43.3, 46.9, 47.0, 71.4, 77.0, 83.8, 103.4, 110.6]","['NEAR', 'NEAR', 'OUTSIDE', 'NEAR', 'INSIDE', 'ABOVE', 'INSIDE', 'ABOVE', 'NEAR', 'NEAR', 'ABOVE', 'INSIDE', 'INSIDE']","[[0.52, 0.06, 1.3], [1.1, 0.07, 1.51], [0.72, 0.28, 1.55], [0.9, 0.07, 1.63], [0.53, 2.5, 0.59], [0.05, 0.18, 2.87], [0.33, 2.62, 0.03], [0.12, 1.82, 1.25], [1.13, 0.38, 3.27], [0.07, 0.1, 2.01], [0.04, 0.62, 0.77], [1.24, 2.72, 0.03], [2.79, 3.71, 0.26]]","[5, 18, 72, 63, 16, 55, 77, 20, 33, 81, 78, 87, 80]",12.5
108,1788359723293094812,307200,63493,26,21,113.8,"[26.0, 28.6, 31.4, 34.0, 35.0, 35.0, 35.3, 42.4, 46.0, 46.2, 48.0, 62.5, 70.5, 76.0, 80.0, 82.8, 83.0, 98.8, 102.4, 110.3, 113.8]","['ABOVE', 'ABOVE', 'INSIDE', 'NEAR', 'NEAR', 'OUTSIDE', 'NEAR', 'RAIL', 'RAIL', 'INSIDE', 'ABOVE', 'NEAR', 'NEAR', 'NEAR', 'OUTSIDE', 'ABOVE', 'RAIL', 'OUTSIDE', 'INSIDE', 'INSIDE', 'INSIDE']","[[0.11, 1.83, 1.23], [0.04, 0.16, 1.19], [0.56, 2.99, 3.75], [0.99, 0.07, 1.69], [1.08, 0.08, 1.7], [0.46, 0.3, 1.74], [0.77, 0.09, 1.04], [1.36, 0.03, 0.13], [1.1, 0.03, 0.13], [0.09, 2.3, 0.01], [0.15, 1.99, 1.83], [0.8, 0.06, 1.95], [1.04, 0.26, 3.87], [0.07, 0.24, 1.85], [2.41, 0.59, 1.3], [0.01, 0.61, 0.76], [0.87, 0.14, 0.57], [2.97, 0.85, 0.25], [3.22, 3.79, 0.23], [1.8, 3.52, 0.23], [2.02, 3.83, 1.21]]","[20, 55, 77, 18, 63, 72, 59, 6, 12, 16, 17, 57, 33, 81, 75, 78, 79, 83, 87, 80, 86]",13.1
109,1788359723389045747,307200,63552,29,23,112.7,"[25.4, 28.9, 29.0, 31.3, 34.0, 34.5, 40.8, 41.0, 45.0, 45.0, 45.1, 46.5, 59.5, 69.4, 74.9, 81.7, 81.8, 97.8, 99.8, 101.9, 104.1, 109.3, 112.7]","['ABOVE', 'ABOVE', 'OUTSIDE', 'OUTSIDE', 'OUTSIDE', 'NEAR', 'NEAR', 'INSIDE', 'RAIL', 'INSIDE', 'NEAR', 'INSIDE', 'NEAR', 'NEAR', 'NEAR', 'ABOVE', 'RAIL', 'OUTSIDE', 'INSIDE', 'INSIDE', 'OUTSIDE', 'INSIDE', 'INSIDE']","[[0.12, 1.81, 1.2], [0.08, 0.16, 1.16], [0.31, 0.04, 1.79], [1.27, 0.06, 1.44], [0.41, 0.27, 1.5], [0.6, 0.1, 1.44], [0.77, 0.04, 0.89], [0.05, 2.43, 0.01], [1.67, 0.03, 0.12], [0.09, 2.62, 0.01], [0.08, 0.16, 2.75], [0.22, 2.58, 0.02], [1.77, 0.07, 1.46], [1.11, 0.4, 5.01], [0.09, 0.18, 2.83], [0.02, 0.6, 0.75], [3.6, 0.15, 0.74], [2.95, 0.84, 0.25], [0.11, 1.39, 0.0], [2.0, 3.97, 0.23], [1.04, 0.54, 0.9], [1.79, 3.49, 0.23], [1.92, 3.77, 1.2]]","[17, 55, 5, 18, 72, 63, 59, 16, 12, 77, 88, 25, 57, 33, 81, 78, 79, 83, 85, 87, 89, 80, 86]",13.7
110,1788359723488882302,307200,63809,26,21,112.6,"[26.2, 29.0, 31.3, 33.0, 39.7, 41.0, 44.0, 44.0, 46.1, 60.0, 68.4, 74.0, 80.1, 80.8, 82.4, 96.9, 98.8, 101.5, 103.1, 108.2, 112.6]","['OUTSIDE', 'NEAR', 'NEAR', 'INSIDE', 'INSIDE', 'RAIL', 'OUTSIDE', 'ABOVE', 'INSIDE', 'NEAR', 'NEAR', 'NEAR', 'ABOVE', 'RAIL', 'INSIDE', 'OUTSIDE', 'INSIDE', 'INSIDE', 'OUTSIDE', 'INSIDE', 'INSIDE']","[[0.73, 0.27, 1.46], [1.23, 0.11, 1.67], [1.91, 0.1, 1.72], [0.08, 2.43, 0.01], [0.24, 2.74, 0.03], [1.71, 0.02, 0.14], [0.09, 0.22, 2.69], [0.15, 1.88, 1.43], [0.48, 2.58, 0.04], [1.28, 0.04, 1.71], [1.05, 0.28, 4.94], [0.09, 0.06, 2.79], [0.06, 0.85, 1.44], [2.64, 0.33, 0.51], [2.5, 4.03, 2.33], [2.95, 0.83, 0.25], [0.12, 1.55, 0.0], [0.96, 2.69, 0.21], [1.04, 0.53, 0.89], [1.57, 2.63, 0.23], [3.6, 3.79, 2.66]]","[72, 63, 59, 16, 77, 12, 88, 17, 25, 57, 33, 81, 78, 79, 75, 83, 85, 87, 89, 80, 86]",14.0
111,1788359723589915592,307200,64084,28,20,107.6,"[23.3, 26.9, 29.2, 32.0, 32.4, 38.1, 38.9, 41.4, 43.0, 43.0, 44.7, 67.5, 73.0, 79.8, 80.0, 96.6, 102.4, 104.7, 106.1, 107.6]","['ABOVE', 'OUTSIDE', 'OUTSIDE', 'NEAR', 'RAIL', 'RAIL', 'INSIDE', 'INSIDE', 'ABOVE', 'RAIL', 'INSIDE', 'NEAR', 'NEAR', 'ABOVE', 'RAIL', 'INSIDE', 'OUTSIDE', 'INSIDE', 'INSIDE', 'OUTSIDE']","[[0.08, 1.9, 1.11], [1.47, 0.08, 2.8], [0.22, 0.24, 1.62], [0.84, 0.07, 1.61], [0.84, 0.04, 1.06], [0.43, 0.03, 1.16], [0.61, 2.65, 1.17], [0.07, 2.45, 0.01], [0.05, 0.17, 2.6], [2.57, 0.03, 0.17], [0.16, 2.46, 0.01], [1.07, 0.28, 4.69], [0.08, 0.18, 1.78], [0.07, 0.87, 1.42], [0.92, 0.16, 0.52], [1.15, 2.87, 0.25], [1.7, 0.35, 1.33], [0.75, 3.61, 0.91], [0.04, 1.3, 0.0], [2.33, 1.03, 0.7]]","[17, 18, 72, 63, 59, 25, 16, 77, 88, 12, 55, 33, 81, 78, 79, 83, 89, 87, 80, 86]",14.1
112,1788359723694064955,307200,63896,25,16,103.5,"[25.3, 27.1, 29.2, 37.3, 38.0, 42.0, 42.1, 42.2, 44.2, 66.5, 72.0, 78.2, 78.8, 95.3, 101.1, 103.5]","['ABOVE', 'NEAR', 'OUTSIDE', 'NEAR', 'INSIDE', 'INSIDE', 'ABOVE', 'INSIDE', 'INSIDE', 'NEAR', 'NEAR', 'ABOVE', 'RAIL', 'INSIDE', 'OUTSIDE', 'INSIDE']","[[0.09, 0.14, 1.09], [0.76, 0.09, 1.6], [0.41, 0.25, 1.48], [1.56, 0.1, 1.73], [0.19, 2.4, 0.03], [0.22, 2.65, 0.03], [0.36, 0.23, 2.54], [0.03, 2.46, 0.01], [0.15, 2.35, 0.02], [1.04, 0.27, 3.65], [0.1, 0.18, 3.32], [0.03, 0.31, 1.4], [2.68, 0.22, 0.66], [1.75, 2.35, 0.25], [1.11, 0.42, 1.1], [0.29, 3.28, 0.23]]","[88, 25, 72, 59, 16, 77, 55, 5, 63, 33, 81, 78, 79, 83, 89, 87]",18.8
113,1788359723795525016,307200,68905,24,19,105.5,"[25.9, 27.2, 29.6, 30.0, 35.0, 35.0, 36.6, 37.2, 41.0, 41.2, 42.5, 65.5, 71.0, 77.2, 94.2, 100.2, 100.3, 102.8, 105.5]","['ABOVE', 'ABOVE', 'INSIDE', 'NEAR', 'OUTSIDE', 'NEAR', 'ABOVE', 'INSIDE', 'RAIL', 'OUTSIDE', 'INSIDE', 'NEAR', 'NEAR', 'RAIL', 'INSIDE', 'OUTSIDE', 'INSIDE', 'INSIDE', 'OUTSIDE']","[[0.12, 1.98, 1.06], [0.03, 0.15, 0.9], [2.49, 2.83, 3.57], [1.44, 0.08, 1.54], [0.5, 0.3, 1.64], [0.82, 0.1, 1.7], [0.03, 0.15, 0.9], [0.36, 2.66, 0.04], [1.09, 0.03, 0.13], [0.04, 0.22, 1.07], [0.1, 2.47, 0.01], [1.07, 0.31, 4.16], [0.09, 0.18, 3.28], [2.66, 0.24, 0.7], [2.04, 3.62, 0.25], [1.2, 0.42, 2.21], [0.83, 2.58, 0.72], [0.79, 3.93, 1.13], [2.02, 0.82, 0.69]]","[17, 63, 77, 25, 72, 59, 20, 5, 12, 55, 88, 33, 81, 79, 83, 89, 85, 87, 86]",15.0
114,1788359723895037800,307200,69027,26,19,107.8,"[24.0, 27.3, 29.0, 34.0, 36.1, 37.5, 40.1, 40.3, 42.0, 45.6, 64.5, 70.0, 76.5, 92.9, 94.9, 97.2, 99.6, 103.5, 107.8]","['ABOVE', 'ABOVE', 'OUTSIDE', 'NEAR', 'NEAR', 'NEAR', 'INSIDE', 'INSIDE', 'OUTSIDE', 'INSIDE', 'NEAR', 'NEAR', 'RAIL', 'OUTSIDE', 'INSIDE', 'INSIDE', 'OUTSIDE', 'INSIDE', 'OUTSIDE']","[[0.14, 1.98, 1.27], [0.04, 0.23, 1.18], [0.55, 0.28, 1.59], [0.56, 0.08, 1.52], [0.91, 0.09, 1.49], [1.41, 0.03, 1.1], [0.3, 2.44, 0.39], [0.23, 2.77, 0.03], [0.08, 0.21, 1.05], [0.11, 2.49, 0.01], [1.05, 0.25, 3.54], [0.06, 0.14, 2.35], [3.17, 0.21, 0.5], [3.07, 0.88, 1.22], [0.15, 1.49, 0.0], [1.5, 2.66, 0.21], [1.89, 0.36, 1.5], [3.78, 3.98, 0.97], [1.93, 0.5, 1.61]]","[17, 20, 72, 25, 59, 55, 16, 5, 88, 63, 33, 81, 79, 83, 85, 89, 87, 86, 92]",21.0
115,1788359723992049183,307200,69136,29,19,102.6,"[24.3, 25.3, 27.7, 27.9, 27.9, 34.7, 37.3, 39.2, 39.7, 41.7, 45.4, 54.8, 63.5, 69.1, 77.2, 92.3, 95.5, 98.2, 102.6]","['ABOVE', 'ABOVE', 'INSIDE', 'NEAR', 'OUTSIDE', 'NEAR', 'NEAR', 'INSIDE', 'OUTSIDE', 'INSIDE', 'ABOVE', 'NEAR', 'NEAR', 'NEAR', 'RAIL', 'OUTSIDE', 'INSIDE', 'OUTSIDE', 'INSIDE']","[[0.17, 0.81, 1.26], [0.7, 1.97, 1.27], [2.33, 2.91, 3.58], [1.25, 0.07, 1.48], [1.42, 0.3, 1.64], [0.76, 0.03, 1.39], [1.15, 0.05, 1.8], [0.31, 2.75, 0.2], [0.49, 0.21, 2.71], [0.17, 2.6, 0.02], [0.7, 1.93, 1.96], [1.85, 0.04, 1.8], [1.09, 0.31, 3.49], [0.06, 0.14, 2.31], [2.96, 0.15, 0.69], [2.24, 0.86, 0.38], [3.12, 3.28, 0.21], [1.07, 0.51, 1.05], [3.63, 4.08, 0.96]]","[16, 17, 5, 25, 72, 59, 55, 12, 88, 63, 77, 57, 33, 81, 79, 83, 85, 87, 86]",20.9
116,1788359724090665831,307200,69698,28,19,108.6,"[25.4, 32.1, 32.1, 33.2, 34.1, 38.2, 38.2, 38.2, 41.3, 45.0, 54.2, 62.4, 68.1, 74.3, 91.8, 95.1, 97.3, 103.4, 108.6]","['ABOVE', 'ABOVE', 'NEAR', 'NEAR', 'NEAR', 'NEAR', 'ABOVE', 'INSIDE', 'ABOVE', 'OUTSIDE', 'NEAR', 'NEAR', 'RAIL', 'RAIL', 'INSIDE', 'INSIDE', 'OUTSIDE', 'INSIDE', 'INSIDE']","[[0.05, 0.23, 1.1], [0.12, 0.16, 0.99], [0.58, 0.04, 1.39], [0.19, 0.06, 1.36], [0.87, 0.04, 1.26], [1.05, 0.05, 1.79], [0.05, 0.23, 1.1], [0.17, 2.75, 0.02], [0.12, 0.16, 0.99], [0.14, 0.21, 1.0], [1.31, 0.04, 1.65], [1.5, 0.34, 3.94], [0.08, 0.16, 0.27], [2.64, 0.26, 0.62], [2.12, 3.18, 0.26], [2.1, 2.77, 0.21], [1.21, 0.37, 2.15], [7.3, 3.57, 1.97], [0.07, 1.9, 0.0]]","[20, 88, 18, 25, 59, 55, 5, 12, 63, 72, 57, 33, 81, 79, 83, 85, 87, 86, 80]",13.7
117,1788359724195204913,307200,64024,30,17,104.9,"[21.8, 26.2, 26.2, 33.2, 37.2, 37.2, 37.3, 38.9, 42.6, 51.2, 56.4, 74.3, 90.4, 95.8, 96.8, 102.0, 104.9]","['ABOVE', 'ABOVE', 'OUTSIDE', 'NEAR', 'NEAR', 'NEAR', 'OUTSIDE', 'RAIL', 'ABOVE', 'NEAR', 'NEAR', 'RAIL', 'INSIDE', 'INSIDE', 'INSIDE', 'OUTSIDE', 'INSIDE']","[[0.2, 1.88, 1.14], [0.05, 0.16, 1.27], [0.53, 0.28, 1.56], [0.72, 0.07, 1.39], [1.72, 0.12, 1.64], [1.45, 0.06, 2.06], [0.11, 0.23, 2.88], [2.3, 0.03, 0.19], [0.2, 1.94, 1.81], [1.49, 0.07, 2.46], [0.7, 0.06, 2.11], [4.56, 0.37, 1.0], [3.81, 3.8, 0.23], [0.32, 3.48, 0.23], [3.46, 3.49, 2.72], [0.87, 0.7, 0.25], [1.92, 3.88, 1.13]]","[17, 63, 72, 18, 59, 55, 88, 16, 77, 57, 33, 79, 83, 89, 85, 86, 92]",14.8
118,1788359724300366762,307200,62964,26,13,104.1,"[25.3, 30.2, 30.2, 32.0, 36.3, 36.4, 37.6, 40.8, 73.8, 89.6, 95.8, 98.0, 104.1]","['ABOVE', 'ABOVE', 'OUTSIDE', 'NEAR', 'NEAR', 'NEAR', 'ABOVE', 'NEAR', 'RAIL', 'INSIDE', 'INSIDE', 'INSIDE', 'INSIDE']","[[0.25, 1.81, 1.33], [0.05, 0.23, 1.05], [0.5, 0.28, 1.44], [0.94, 0.06, 1.35], [1.26, 0.11, 1.91], [1.12, 0.04, 1.62], [0.05, 0.23, 1.04], [0.15, 0.21, 2.81], [1.87, 0.29, 0.81], [1.66, 3.88, 0.21], [1.91, 3.49, 2.75], [0.72, 4.08, 1.09], [1.58, 3.91, 1.16]]","[17, 5, 72, 18, 59, 55, 20, 88, 79, 83, 85, 89, 92]",15.7
119,1788359724390991229,307200,68116,25,13,103.0,"[31.1, 34.0, 35.3, 35.5, 37.2, 41.0, 48.4, 72.8, 79.1, 88.7, 94.4, 97.1, 103.0]","['ABOVE', 'NEAR', 'OUTSIDE', 'NEAR', 'NEAR', 'NEAR', 'INSIDE', 'NEAR', 'ABOVE', 'INSIDE', 'INSIDE', 'NEAR', 'INSIDE']","[[0.02, 0.13, 1.23], [0.84, 0.09, 1.83], [0.54, 0.34, 1.78], [1.92, 0.15, 1.88], [1.04, 0.05, 1.62], [0.77, 0.05, 1.28], [0.16, 2.5, 0.02], [2.03, 0.1, 1.25], [1.04, 1.86, 2.45], [1.82, 4.02, 1.59], [2.31, 3.46, 2.72], [0.77, 0.4, 0.89], [1.79, 3.85, 1.37]]","[88, 18, 72, 59, 55, 57, 25, 79, 78, 83, 85, 89, 92]",14.2
120,1788359724490614901,307200,68287,25,8,104.1,"[35.6, 37.8, 41.1, 50.7, 90.8, 94.0, 96.1, 104.1]","['OUTSIDE', 'NEAR', 'NEAR', 'NEAR', 'INSIDE', 'OUTSIDE', 'INSIDE', 'INSIDE']","[[2.55, 0.36, 1.8], [0.89, 0.04, 1.59], [0.92, 0.05, 1.63], [1.04, 0.05, 1.72], [3.19, 3.4, 0.16], [2.14, 0.45, 2.7], [0.71, 4.0, 1.07], [5.15, 4.02, 2.75]]","[72, 59, 55, 57, 83, 85, 89, 92]",13.0
121,1788359724594078346,307200,68901,37,17,111.6,"[22.4, 28.8, 33.6, 34.0, 36.8, 37.9, 39.5, 46.4, 51.0, 86.5, 91.0, 93.1, 95.0, 97.0, 103.6, 106.9, 111.6]","['ABOVE', 'OUTSIDE', 'NEAR', 'NEAR', 'NEAR', 'NEAR', 'OUTSIDE', 'INSIDE', 'NEAR', 'INSIDE', 'INSIDE', 'OUTSIDE', 'INSIDE', 'INSIDE', 'OUTSIDE', 'INSIDE', 'OUTSIDE']","[[0.29, 1.97, 1.36], [1.12, 0.31, 1.68], [0.66, 0.04, 1.54], [1.13, 0.04, 1.59], [1.29, 0.05, 1.65], [0.54, 0.05, 0.91], [0.3, 0.27, 2.62], [1.12, 2.58, 1.57], [0.9, 0.04, 1.6], [2.69, 2.83, 0.34], [0.98, 3.4, 0.18], [2.11, 0.5, 2.67], [0.25, 2.91, 0.23], [3.47, 4.09, 1.11], [0.51, 0.41, 1.16], [2.78, 3.94, 2.3], [0.79, 0.6, 2.5]]","[17, 72, 59, 95, 55, 57, 25, 20, 33, 83, 85, 89, 87, 86, 92, 80, 94]",12.8
122,1788359724692912283,307200,69075,36,19,110.5,"[19.2, 29.2, 31.5, 32.5, 32.6, 33.0, 35.5, 36.9, 38.3, 39.6, 44.7, 51.4, 69.7, 85.7, 91.4, 96.1, 102.7, 104.8, 110.5]","['ABOVE', 'OUTSIDE', 'NEAR', 'NEAR', 'NEAR', 'NEAR', 'NEAR', 'INSIDE', 'INSIDE', 'OUTSIDE', 'INSIDE', 'NEAR', 'RAIL', 'INSIDE', 'INSIDE', 'INSIDE', 'OUTSIDE', 'INSIDE', 'OUTSIDE']","[[0.04, 0.14, 1.11], [1.04, 0.35, 1.68], [0.83, 0.04, 1.49], [1.03, 0.05, 1.54], [0.87, 0.04, 1.6], [1.15, 0.04, 1.47], [1.46, 0.04, 1.66], [0.13, 2.85, 0.15], [0.3, 2.56, 0.03], [0.11, 0.26, 1.13], [0.33, 2.65, 0.04], [1.19, 0.04, 0.98], [4.51, 0.31, 0.95], [2.38, 3.1, 0.34], [3.59, 3.51, 2.78], [3.46, 4.12, 1.15], [0.54, 0.41, 1.15], [0.15, 3.11, 0.0], [0.62, 0.52, 2.17]]","[25, 72, 59, 95, 55, 96, 57, 17, 20, 18, 5, 33, 81, 83, 85, 86, 92, 80, 94]",11.7
123,1788359724795943728,307200,65091,35,19,110.8,"[17.7, 29.1, 31.6, 31.8, 32.4, 35.6, 37.0, 38.3, 39.7, 44.9, 48.9, 69.1, 81.1, 86.0, 90.3, 93.6, 95.1, 105.1, 110.8]","['ABOVE', 'ABOVE', 'OUTSIDE', 'NEAR', 'NEAR', 'NEAR', 'NEAR', 'NEAR', 'NEAR', 'OUTSIDE', 'INSIDE', 'RAIL', 'OUTSIDE', 'INSIDE', 'INSIDE', 'NEAR', 'INSIDE', 'INSIDE', 'OUTSIDE']","[[4.47, 0.88, 1.29], [0.04, 0.23, 1.08], [2.46, 0.35, 2.28], [0.86, 0.04, 1.49], [0.83, 0.04, 1.55], [1.17, 0.04, 1.61], [1.07, 0.07, 2.34], [0.94, 0.05, 1.7], [1.29, 0.02, 1.05], [0.29, 0.27, 2.73], [0.14, 2.64, 0.02], [2.09, 0.18, 0.76], [0.53, 0.73, 0.72], [1.36, 0.47, 0.15], [3.21, 3.67, 2.75], [0.28, 0.19, 0.62], [3.57, 3.77, 0.27], [2.74, 4.06, 2.27], [3.01, 0.7, 2.63]]","[17, 25, 72, 59, 95, 55, 96, 57, 33, 18, 20, 81, 78, 83, 85, 87, 86, 80, 94]",10.2
124,1788359724891555365,307200,65234,29,17,108.5,"[17.1, 29.2, 30.9, 31.2, 33.3, 34.5, 35.7, 37.1, 39.8, 41.4, 47.0, 89.4, 92.8, 95.1, 101.3, 103.0, 108.5]","['ABOVE', 'OUTSIDE', 'NEAR', 'NEAR', 'NEAR', 'NEAR', 'NEAR', 'NEAR', 'NEAR', 'ABOVE', 'INSIDE', 'INSIDE', 'NEAR', 'INSIDE', 'OUTSIDE', 'INSIDE', 'OUTSIDE']","[[3.34, 0.85, 1.25], [0.95, 0.38, 2.15], [0.75, 0.04, 1.4], [0.81, 0.05, 2.04], [0.92, 0.04, 1.49], [0.86, 0.06, 1.86], [1.25, 0.05, 1.67], [1.07, 0.05, 1.54], [1.21, 0.07, 2.18], [0.5, 0.3, 2.66], [0.34, 2.66, 0.04], [3.35, 3.81, 2.78], [0.53, 0.53, 1.05], [1.77, 3.94, 0.93], [1.33, 0.54, 1.13], [0.26, 3.6, 0.01], [0.27, 0.51, 2.13]]","[17, 72, 59, 95, 55, 96, 98, 57, 33, 18, 20, 85, 87, 86, 92, 80, 94]",14.4
125,1788359724990965375,307200,65186,28,14,98.8,"[16.8, 30.0, 30.5, 33.4, 34.5, 35.9, 39.8, 41.4, 47.0, 67.4, 85.8, 89.9, 94.2, 98.8]","['ABOVE', 'OUTSIDE', 'NEAR', 'NEAR', 'NEAR', 'NEAR', 'NEAR', 'NEAR', 'OUTSIDE', 'RAIL', 'INSIDE', 'INSIDE', 'OUTSIDE', 'OUTSIDE']","[[2.58, 0.72, 1.07], [2.24, 0.37, 1.82], [0.73, 0.04, 1.4], [0.74, 0.05, 2.04], [0.79, 0.04, 1.5], [1.21, 0.06, 2.0], [1.05, 0.04, 1.65], [0.98, 0.05, 0.83], [0.37, 0.28, 1.29], [1.93, 0.17, 0.57], [0.1, 2.55, 0.0], [4.16, 4.13, 2.81], [1.75, 1.16, 0.25], [2.55, 0.84, 1.29]]","[17, 72, 59, 95, 55, 98, 57, 33, 18, 81, 83, 85, 86, 92]",14.1
126,1788359725090169028,307200,69758,37,23,107.0,"[16.1, 17.9, 25.5, 27.1, 29.4, 30.2, 33.4, 34.6, 36.4, 39.9, 41.4, 47.0, 65.2, 67.3, 79.1, 84.0, 88.8, 91.4, 93.8, 98.5, 99.0, 103.7, 107.0]","['ABOVE', 'ABOVE', 'OUTSIDE', 'NEAR', 'NEAR', 'NEAR', 'NEAR', 'NEAR', 'NEAR', 'OUTSIDE', 'INSIDE', 'INSIDE', 'RAIL', 'INSIDE', 'INSIDE', 'INSIDE', 'OUTSIDE', 'INSIDE', 'OUTSIDE', 'RAIL', 'OUTSIDE', 'INSIDE', 'OUTSIDE']","[[1.31, 0.38, 0.6], [0.46, 2.0, 1.12], [2.92, 0.4, 1.9], [0.63, 0.04, 1.4], [0.87, 0.05, 1.74], [2.14, 0.07, 2.18], [0.86, 0.06, 2.0], [1.27, 0.04, 1.65], [1.01, 0.05, 1.14], [1.01, 0.36, 1.75], [0.37, 2.59, 0.05], [0.12, 2.65, 0.02], [2.66, 0.2, 1.01], [2.0, 0.4, 0.39], [0.52, 0.83, 0.02], [0.41, 1.36, 0.56], [2.5, 0.46, 2.77], [2.13, 4.12, 1.03], [0.94, 1.0, 0.25], [0.21, 0.22, 0.15], [2.52, 0.37, 2.61], [2.93, 4.63, 2.29], [0.86, 0.36, 1.17]]","[17, 16, 72, 59, 95, 55, 98, 57, 33, 18, 77, 20, 81, 79, 78, 83, 85, 87, 86, 92, 80, 99, 94]",15.1
127,1788359725194548174,307200,69366,27,18,105.5,"[16.3, 25.4, 27.1, 28.2, 29.3, 31.6, 32.4, 33.5, 34.6, 35.8, 37.0, 38.5, 39.9, 45.1, 78.2, 91.7, 98.2, 105.5]","['ABOVE', 'OUTSIDE', 'NEAR', 'NEAR', 'NEAR', 'NEAR', 'NEAR', 'NEAR', 'NEAR', 'NEAR', 'OUTSIDE', 'INSIDE', 'INSIDE', 'INSIDE', 'INSIDE', 'INSIDE', 'RAIL', 'INSIDE']","[[1.85, 2.0, 0.92], [2.72, 0.4, 1.83], [0.57, 0.04, 1.91], [0.79, 0.04, 1.41], [0.79, 0.05, 1.74], [0.82, 0.04, 1.5], [0.88, 0.06, 2.18], [0.8, 0.04, 1.61], [0.81, 0.06, 2.0], [1.31, 0.05, 1.79], [0.21, 0.32, 1.48], [0.14, 2.49, 0.02], [0.97, 2.92, 1.19], [0.26, 2.75, 0.04], [0.49, 0.96, 0.02], [4.46, 4.1, 1.02], [0.24, 0.34, 0.15], [8.27, 4.62, 2.72]]","[17, 72, 59, 95, 55, 96, 97, 98, 57, 33, 18, 77, 5, 20, 78, 87, 92, 99]",13.0
128,1788359725292559753,307200,69768,32,21,102.2,"[16.1, 23.8, 25.6, 28.2, 31.3, 32.4, 33.5, 34.7, 35.8, 37.0, 38.4, 39.9, 45.1, 80.6, 86.6, 89.9, 92.1, 96.4, 97.6, 101.4, 102.2]","['ABOVE', 'NEAR', 'NEAR', 'NEAR', 'NEAR', 'NEAR', 'NEAR', 'NEAR', 'NEAR', 'INSIDE', 'INSIDE', 'NEAR', 'INSIDE', 'INSIDE', 'OUTSIDE', 'INSIDE', 'INSIDE', 'RAIL', 'INSIDE', 'OUTSIDE', 'NEAR']","[[0.7, 1.97, 0.73], [0.74, 0.05, 1.91], [0.81, 0.04, 1.41], [0.74, 0.06, 2.04], [0.59, 0.04, 1.5], [0.96, 0.06, 2.18], [0.77, 0.04, 1.51], [1.05, 0.05, 1.67], [1.36, 0.05, 1.79], [0.14, 2.42, 0.03], [0.37, 2.68, 0.05], [0.76, 0.01, 1.05], [1.9, 2.93, 1.8], [3.35, 4.12, 1.81], [2.39, 0.36, 2.9], [1.63, 3.84, 1.07], [0.92, 3.6, 0.21], [1.96, 0.86, 0.15], [0.48, 3.74, 0.01], [1.74, 0.14, 0.69], [3.9, 1.36, 1.6]]","[17, 59, 95, 55, 96, 97, 98, 57, 33, 77, 20, 18, 5, 91, 85, 87, 86, 92, 80, 99, 94]",16.0
129,1788359725390472513,307200,70108,29,20,106.6,"[15.3, 23.7, 25.3, 26.7, 29.8, 30.8, 32.5, 33.6, 34.6, 35.8, 37.1, 38.4, 40.0, 45.2, 80.8, 85.6, 89.2, 96.6, 101.3, 106.6]","['ABOVE', 'NEAR', 'NEAR', 'NEAR', 'NEAR', 'NEAR', 'NEAR', 'NEAR', 'NEAR', 'INSIDE', 'INSIDE', 'OUTSIDE', 'INSIDE', 'NEAR', 'INSIDE', 'OUTSIDE', 'INSIDE', 'INSIDE', 'INSIDE', 'OUTSIDE']","[[0.49, 1.99, 0.46], [0.79, 0.05, 1.91], [0.73, 0.04, 1.41], [0.68, 0.05, 2.04], [0.68, 0.03, 1.5], [0.71, 0.05, 1.87], [1.01, 0.04, 1.61], [1.05, 0.05, 1.68], [1.0, 0.09, 0.98], [0.11, 2.74, 0.21], [0.71, 2.84, 0.19], [0.71, 0.28, 1.41], [0.77, 2.95, 1.36], [1.08, 0.01, 1.14], [1.39, 1.14, 0.14], [2.72, 0.51, 2.87], [2.99, 4.18, 1.05], [0.59, 1.34, 0.02], [7.27, 4.52, 2.58], [1.56, 0.87, 1.18]]","[17, 59, 95, 55, 96, 97, 98, 57, 33, 77, 20, 18, 5, 25, 91, 85, 87, 80, 94, 100]",13.4
130,1788359725495094513,307200,64500,25,17,106.0,"[25.5, 29.8, 32.5, 33.5, 34.5, 35.8, 37.1, 38.4, 39.9, 45.0, 55.5, 61.7, 79.5, 85.0, 88.0, 90.3, 106.0]","['NEAR', 'NEAR', 'NEAR', 'NEAR', 'NEAR', 'NEAR', 'NEAR', 'NEAR', 'OUTSIDE', 'INSIDE', 'NEAR', 'NEAR', 'INSIDE', 'INSIDE', 'INSIDE', 'INSIDE', 'INSIDE']","[[0.74, 0.05, 1.92], [0.66, 0.04, 1.4], [0.76, 0.05, 1.74], [0.84, 0.04, 1.5], [0.61, 0.04, 1.55], [1.12, 0.04, 1.61], [1.22, 0.06, 2.36], [0.57, 0.05, 1.79], [0.15, 0.31, 1.55], [0.75, 2.94, 1.36], [0.12, 0.24, 3.66], [4.49, 0.28, 2.33], [2.12, 2.9, 0.2], [2.08, 3.67, 3.02], [2.0, 4.17, 1.05], [1.01, 3.69, 0.21], [9.66, 4.38, 2.71]]","[59, 95, 55, 96, 97, 98, 57, 33, 18, 5, 105, 81, 78, 85, 87, 86, 100]",13.1
131,1788359725592344452,307200,64413,25,18,109.7,"[21.1, 33.0, 35.1, 36.9, 38.5, 40.0, 41.5, 54.6, 78.6, 81.1, 84.2, 88.0, 91.8, 98.3, 100.5, 102.5, 106.0, 109.7]","['NEAR', 'NEAR', 'NEAR', 'NEAR', 'NEAR', 'NEAR', 'INSIDE', 'NEAR', 'INSIDE', 'INSIDE', 'INSIDE', 'INSIDE', 'INSIDE', 'INSIDE', 'NEAR', 'OUTSIDE', 'INSIDE', 'NEAR']","[[1.55, 0.05, 1.92], [1.81, 0.05, 2.05], [0.97, 0.03, 1.55], [0.86, 0.04, 1.61], [0.94, 0.04, 1.48], [1.04, 0.05, 1.65], [0.65, 2.63, 0.13], [0.1, 0.25, 4.91], [0.76, 1.23, 0.03], [1.12, 2.39, 0.04], [3.03, 3.86, 3.0], [3.95, 4.16, 0.93], [3.5, 4.47, 2.68], [4.48, 4.0, 2.64], [0.51, 0.88, 0.24], [0.55, 0.6, 2.24], [4.08, 4.08, 2.73], [2.32, 0.82, 0.93]]","[59, 55, 97, 98, 57, 107, 77, 105, 78, 91, 85, 87, 86, 80, 94, 99, 100, 101]",13.4
132,1788359725691376227,307200,64642,21,17,96.1,"[29.1, 33.3, 34.4, 35.7, 37.1, 38.4, 39.8, 41.3, 42.8, 53.7, 60.7, 79.7, 83.2, 85.6, 88.2, 91.9, 96.1]","['NEAR', 'NEAR', 'NEAR', 'NEAR', 'NEAR', 'NEAR', 'NEAR', 'NEAR', 'INSIDE', 'NEAR', 'ABOVE', 'INSIDE', 'INSIDE', 'INSIDE', 'OUTSIDE', 'INSIDE', 'INSIDE']","[[0.72, 0.04, 1.4], [0.8, 0.05, 2.03], [0.61, 0.04, 1.49], [0.78, 0.05, 2.18], [0.87, 0.04, 1.61], [0.93, 0.05, 2.01], [1.3, 0.04, 1.65], [1.36, 0.05, 1.72], [2.02, 2.95, 2.2], [0.31, 0.21, 4.01], [0.23, 0.67, 1.06], [2.23, 2.63, 0.08], [2.3, 3.82, 2.97], [1.03, 4.19, 1.17], [1.84, 1.15, 2.36], [2.57, 3.96, 1.38], [0.24, 3.69, 0.01]]","[95, 55, 96, 97, 98, 57, 107, 108, 5, 105, 81, 91, 85, 83, 87, 86, 80]",12.3
133,1788359725789173876,307200,69579,27,19,108.4,"[20.5, 26.3, 31.4, 34.3, 35.5, 36.9, 38.4, 39.7, 41.1, 42.5, 52.9, 59.7, 66.6, 85.2, 87.1, 89.8, 95.4, 99.8, 108.4]","['RAIL', 'NEAR', 'NEAR', 'NEAR', 'NEAR', 'NEAR', 'NEAR', 'NEAR', 'INSIDE', 'INSIDE', 'NEAR', 'ABOVE', 'RAIL', 'INSIDE', 'OUTSIDE', 'INSIDE', 'INSIDE', 'INSIDE', 'INSIDE']","[[0.62, 0.06, 0.87], [0.59, 0.05, 2.02], [0.83, 0.04, 1.49], [0.99, 0.03, 1.54], [0.66, 0.04, 1.61], [0.99, 0.06, 2.0], [1.31, 0.05, 1.64], [0.52, 0.04, 1.59], [0.95, 2.89, 1.9], [1.42, 2.91, 1.23], [0.22, 0.24, 3.95], [0.06, 0.42, 1.05], [1.37, 0.31, 0.91], [1.73, 4.01, 1.2], [2.3, 0.95, 0.34], [3.74, 4.21, 2.81], [0.3, 3.5, 0.01], [10.49, 4.7, 2.82], [3.09, 1.55, 2.63]]","[77, 55, 96, 97, 98, 57, 107, 108, 20, 25, 105, 81, 79, 83, 87, 86, 80, 94, 101]",14.4
134,1788359725892026158,307200,69674,21,14,103.4,"[29.6, 33.1, 34.2, 35.5, 36.7, 38.1, 39.5, 41.2, 52.2, 59.0, 81.2, 85.4, 90.6, 103.4]","['NEAR', 'NEAR', 'NEAR', 'NEAR', 'NEAR', 'NEAR', 'NEAR', 'INSIDE', 'NEAR', 'ABOVE', 'INSIDE', 'INSIDE', 'INSIDE', 'INSIDE']","[[0.63, 0.04, 1.39], [0.7, 0.05, 2.02], [0.88, 0.04, 1.49], [0.98, 0.05, 2.17], [0.97, 0.04, 1.6], [1.14, 0.07, 2.33], [1.27, 0.08, 1.52], [1.19, 2.93, 1.4], [0.17, 0.24, 3.79], [0.21, 0.24, 1.03], [3.9, 3.73, 3.03], [4.19, 4.23, 0.97], [3.34, 4.17, 2.79], [14.43, 4.62, 2.8]]","[95, 55, 96, 97, 98, 57, 107, 5, 105, 81, 85, 83, 86, 99]",14.3
135,1788359725993404198,307200,69798,25,21,109.1,"[24.0, 31.6, 33.0, 34.2, 35.4, 36.7, 38.0, 39.4, 40.9, 51.8, 58.1, 77.5, 80.5, 84.8, 89.3, 91.9, 95.5, 99.2, 101.3, 104.6, 109.1]","['NEAR', 'NEAR', 'NEAR', 'NEAR', 'NEAR', 'NEAR', 'NEAR', 'NEAR', 'NEAR', 'NEAR', 'ABOVE', 'OUTSIDE', 'INSIDE', 'INSIDE', 'INSIDE', 'INSIDE', 'INSIDE', 'OUTSIDE', 'OUTSIDE', 'INSIDE', 'INSIDE']","[[1.5, 0.05, 1.89], [0.62, 0.03, 1.39], [0.74, 0.05, 2.01], [0.85, 0.04, 1.48], [0.83, 0.04, 1.54], [0.86, 0.04, 1.59], [1.06, 0.04, 1.65], [0.62, 0.04, 1.63], [0.56, 0.01, 1.64], [1.05, 0.23, 3.84], [0.05, 0.7, 1.02], [0.19, 0.17, 0.51], [2.77, 3.77, 3.05], [3.76, 4.16, 1.37], [1.94, 4.25, 3.0], [0.43, 3.74, 0.19], [3.91, 4.66, 2.77], [0.65, 0.71, 2.6], [1.17, 0.75, 2.65], [4.11, 4.41, 2.74], [3.2, 1.33, 1.94]]","[103, 95, 55, 96, 97, 98, 57, 107, 18, 105, 81, 78, 85, 83, 86, 80, 92, 94, 99, 100, 101]",15.4
136,1788359726090575107,307200,70112,24,19,105.5,"[19.5, 19.7, 23.7, 25.8, 33.0, 34.1, 35.4, 36.7, 38.0, 39.4, 44.6, 51.0, 57.3, 83.1, 87.8, 91.0, 92.3, 98.7, 105.5]","['ABOVE', 'NEAR', 'NEAR', 'NEAR', 'NEAR', 'NEAR', 'NEAR', 'NEAR', 'RAIL', 'RAIL', 'ABOVE', 'NEAR', 'ABOVE', 'INSIDE', 'INSIDE', 'INSIDE', 'OUTSIDE', 'INSIDE', 'INSIDE']","[[0.22, 0.32, 0.53], [0.7, 0.04, 1.39], [0.8, 0.05, 2.01], [0.74, 0.04, 1.48], [0.66, 0.05, 2.16], [0.78, 0.04, 1.59], [1.76, 0.07, 1.97], [0.24, 0.32, 3.71], [2.43, 0.03, 0.17], [0.82, 0.03, 0.17], [0.55, 0.47, 0.81], [1.4, 0.18, 3.77], [0.06, 0.8, 1.0], [1.8, 4.11, 0.95], [5.78, 4.51, 2.82], [0.19, 3.33, 0.01], [1.26, 0.24, 1.46], [8.45, 4.57, 2.75], [4.14, 4.28, 2.72]]","[17, 95, 55, 96, 97, 98, 57, 33, 20, 18, 77, 105, 81, 83, 86, 80, 113, 94, 100]",13.0
137,1788359726200706234,307200,64793,24,20,97.4,"[18.5, 22.7, 29.2, 31.9, 33.1, 34.1, 35.4, 36.6, 37.8, 39.3, 44.4, 49.7, 75.9, 83.3, 87.3, 87.5, 90.1, 93.0, 95.2, 97.4]","['ABOVE', 'NEAR', 'NEAR', 'NEAR', 'NEAR', 'NEAR', 'NEAR', 'NEAR', 'NEAR', 'NEAR', 'NEAR', 'NEAR', 'OUTSIDE', 'INSIDE', 'INSIDE', 'OUTSIDE', 'OUTSIDE', 'INSIDE', 'INSIDE', 'INSIDE']","[[0.11, 0.29, 0.49], [0.62, 0.05, 1.88], [0.6, 0.04, 1.38], [0.82, 0.05, 2.02], [0.65, 0.04, 1.48], [0.89, 0.05, 2.15], [1.04, 0.04, 1.58], [0.7, 0.04, 1.98], [1.64, 0.38, 4.02], [0.11, 0.27, 3.61], [0.64, 0.02, 1.72], [0.82, 0.01, 1.31], [0.22, 0.17, 0.5], [4.61, 4.12, 1.06], [2.17, 4.23, 0.78], [2.17, 0.49, 1.56], [0.76, 0.68, 2.78], [3.0, 4.34, 2.69], [1.17, 4.1, 0.67], [0.37, 4.34, 0.23]]","[17, 103, 95, 55, 96, 97, 98, 57, 33, 105, 77, 5, 78, 83, 86, 87, 113, 80, 92, 94]",12.8
138,1788359726301404331,307200,63721,20,16,103.7,"[15.9, 17.7, 30.9, 31.9, 33.0, 34.2, 35.3, 36.5, 37.9, 43.4, 48.9, 75.1, 80.5, 89.5, 94.8, 103.7]","['ABOVE', 'ABOVE', 'NEAR', 'NEAR', 'NEAR', 'NEAR', 'NEAR', 'NEAR', 'NEAR', 'NEAR', 'NEAR', 'OUTSIDE', 'INSIDE', 'INSIDE', 'NEAR', 'INSIDE']","[[0.92, 0.22, 0.36], [1.82, 0.61, 0.98], [0.55, 0.03, 1.3], [0.58, 0.05, 1.89], [0.79, 0.04, 1.38], [0.64, 0.05, 1.94], [0.7, 0.03, 1.48], [0.94, 0.05, 2.15], [1.45, 0.07, 1.58], [1.11, 0.41, 3.96], [0.34, 0.24, 4.07], [0.43, 0.2, 0.5], [7.33, 4.32, 3.03], [7.83, 4.56, 3.06], [0.51, 0.92, 0.64], [14.61, 4.6, 2.78]]","[17, 77, 103, 59, 95, 55, 96, 97, 98, 33, 105, 78, 85, 113, 92, 100]",12.7
139,1788359726397782656,307200,63848,12,10,89.5,"[24.9, 31.5, 33.1, 34.7, 36.4, 37.7, 42.6, 47.9, 81.4, 89.5]","['NEAR', 'NEAR', 'NEAR', 'NEAR', 'NEAR', 'NEAR', 'NEAR', 'RAIL', 'INSIDE', 'INSIDE']","[[1.7, 0.05, 1.89], [0.68, 0.04, 1.39], [1.91, 0.05, 2.03], [1.0, 0.05, 2.15], [0.51, 0.04, 1.58], [1.09, 0.37, 3.87], [0.54, 0.24, 4.01], [0.9, 0.03, 0.17], [4.19, 4.28, 1.05], [9.64, 4.67, 3.03]]","[59, 95, 55, 97, 98, 33, 105, 20, 85, 113]",15.5
140,1788359726498766410,307200,66954,17,12,91.2,"[23.6, 32.1, 33.2, 34.2, 35.3, 36.5, 47.3, 54.7, 80.7, 85.6, 86.9, 91.2]","['NEAR', 'NEAR', 'NEAR', 'NEAR', 'NEAR', 'RAIL', 'NEAR', 'NEAR', 'INSIDE', 'INSIDE', 'INSIDE', 'INSIDE']","[[0.71, 0.05, 1.89], [0.47, 0.03, 1.39], [0.74, 0.05, 2.02], [0.86, 0.04, 1.48], [0.94, 0.08, 1.84], [3.28, 0.04, 0.18], [0.06, 0.2, 1.67], [2.37, 0.19, 3.09], [3.92, 4.28, 1.4], [0.12, 0.9, 0.0], [5.77, 4.66, 3.0], [4.71, 3.93, 3.03]]","[59, 95, 55, 96, 97, 18, 105, 81, 85, 86, 87, 113]",14.4
141,1788359726598767197,307200,68977,12,11,119.0,"[29.7, 35.9, 40.5, 41.0, 46.6, 67.0, 87.1, 87.7, 100.0, 109.0, 119.0]","['ABOVE', 'NEAR', 'NEAR', 'NEAR', 'INSIDE', 'INSIDE', 'INSIDE', 'INSIDE', 'INSIDE', 'INSIDE', 'INSIDE']","[[0.18, 0.14, 1.05], [1.96, 0.08, 2.16], [1.25, 0.4, 4.77], [0.36, 0.31, 3.79], [1.04, 2.82, 1.39], [0.09, 2.81, 0.0], [0.4, 3.93, 0.18], [10.61, 4.82, 3.05], [13.71, 4.75, 2.81], [3.62, 0.61, 2.18], [1.85, 0.44, 2.59]]","[33, 96, 107, 110, 5, 79, 87, 86, 99, 101, 109]",16.1
142,1788359726690382097,307200,68679,17,13,119.2,"[13.1, 26.9, 32.3, 34.3, 35.4, 41.1, 45.7, 52.7, 83.1, 90.2, 90.3, 91.9, 119.2]","['ABOVE', 'INSIDE', 'NEAR', 'NEAR', 'NEAR', 'NEAR', 'NEAR', 'RAIL', 'INSIDE', 'OUTSIDE', 'INSIDE', 'OUTSIDE', 'INSIDE']","[[0.19, 0.92, 0.91], [0.19, 2.7, 0.04], [2.55, 0.05, 1.91], [0.81, 0.05, 2.02], [0.42, 0.04, 1.49], [0.89, 0.17, 1.2], [0.25, 0.26, 3.81], [2.42, 0.01, 0.14], [11.73, 4.49, 3.07], [0.71, 0.35, 0.76], [1.08, 4.13, 0.8], [0.9, 1.19, 2.64], [1.04, 2.52, 0.8]]","[81, 17, 59, 55, 96, 107, 110, 20, 83, 113, 80, 92, 109]",14.1
143,1788359726792057242,307200,69226,18,16,119.2,"[13.1, 29.7, 31.6, 33.3, 34.4, 39.7, 51.8, 65.4, 77.1, 81.1, 85.6, 88.5, 91.5, 92.8, 102.7, 119.2]","['INSIDE', 'NEAR', 'NEAR', 'NEAR', 'INSIDE', 'INSIDE', 'ABOVE', 'INSIDE', 'INSIDE', 'INSIDE', 'INSIDE', 'OUTSIDE', 'OUTSIDE', 'INSIDE', 'INSIDE', 'INSIDE']","[[0.26, 2.84, 0.06], [0.77, 0.04, 1.4], [1.47, 0.46, 3.93], [0.67, 0.08, 2.03], [0.87, 2.94, 1.37], [1.08, 2.92, 1.2], [0.08, 0.85, 0.9], [0.29, 2.74, 0.01], [0.61, 2.56, 1.04], [9.3, 4.18, 3.04], [0.34, 3.72, 0.18], [2.52, 0.66, 2.56], [0.03, 0.18, 0.37], [6.85, 4.55, 2.78], [13.15, 4.45, 2.76], [1.58, 2.95, 1.07]]","[17, 95, 57, 55, 5, 59, 81, 79, 78, 85, 87, 113, 80, 92, 100, 109]",12.6
144,1788359726894501132,307200,70239,12,8,105.6,"[30.9, 33.6, 39.8, 76.3, 87.6, 90.8, 95.4, 105.6]","['NEAR', 'NEAR', 'NEAR', 'NEAR', 'INSIDE', 'OUTSIDE', 'INSIDE', 'INSIDE']","[[1.48, 0.05, 1.41], [1.38, 0.19, 1.56], [1.13, 0.02, 1.44], [0.47, 0.45, 1.02], [2.88, 3.22, 2.85], [0.06, 0.3, 0.62], [13.52, 4.57, 2.78], [5.85, 4.03, 2.07]]","[95, 107, 59, 78, 86, 80, 94, 100]",15.0
145,1788359726993232639,307200,63982,11,10,119.9,"[29.8, 30.8, 33.2, 38.2, 49.6, 52.9, 75.6, 83.9, 90.0, 119.9]","['NEAR', 'NEAR', 'OUTSIDE', 'INSIDE', 'NEAR', 'NEAR', 'OUTSIDE', 'OUTSIDE', 'OUTSIDE', 'OUTSIDE']","[[1.55, 0.43, 3.81], [0.31, 0.04, 1.31], [0.33, 0.04, 1.09], [0.8, 2.83, 1.36], [1.19, 0.02, 1.44], [5.76, 0.82, 2.67], [0.22, 0.22, 0.86], [0.77, 0.63, 2.99], [0.12, 0.29, 0.61], [0.09, 0.84, 0.0]]","[98, 95, 105, 5, 59, 81, 78, 83, 80, 109]",11.2
146,1788359727095010996,307200,63904,10,6,109.1,"[32.3, 49.3, 81.1, 89.3, 95.9, 109.1]","['NEAR', 'RAIL', 'INSIDE', 'OUTSIDE', 'INSIDE', 'INSIDE']","[[0.54, 0.07, 1.91], [0.82, 0.17, 0.87], [0.19, 2.41, 0.01], [0.18, 0.26, 1.17], [0.41, 4.28, 0.23], [3.22, 1.69, 2.65]]","[95, 105, 85, 80, 94, 101]",12.6
147,1788359727190564559,307200,63736,10,6,102.3,"[31.6, 47.9, 48.9, 88.6, 91.6, 102.3]","['NEAR', 'NEAR', 'OUTSIDE', 'OUTSIDE', 'INSIDE', 'INSIDE']","[[1.21, 0.05, 1.32], [1.76, 0.23, 1.84], [0.57, 0.03, 0.85], [0.16, 0.2, 0.97], [0.44, 4.46, 0.41], [14.65, 4.5, 2.76]]","[103, 105, 110, 80, 92, 99]",10.7
148,1788359727297365481,307200,69702,9,5,88.2,"[48.1, 67.5, 81.9, 87.8, 88.2]","['NEAR', 'OUTSIDE', 'INSIDE', 'OUTSIDE', 'INSIDE']","[[1.68, 0.25, 1.9], [0.27, 0.3, 0.45], [0.37, 3.67, 0.17], [0.16, 0.26, 1.74], [10.77, 4.94, 3.08]]","[110, 79, 85, 80, 86]",11.1
149,1788359727397201013,307200,69813,12,7,87.2,"[41.7, 47.4, 49.1, 72.2, 81.1, 87.2, 87.2]","['RAIL', 'RAIL', 'NEAR', 'OUTSIDE', 'INSIDE', 'OUTSIDE', 'INSIDE']","[[1.77, 0.25, 1.05], [0.13, 0.14, 0.43], [0.17, 0.04, 0.91], [0.92, 0.23, 0.82], [0.54, 3.78, 0.17], [0.17, 0.3, 0.96], [8.05, 4.77, 3.06]]","[110, 105, 107, 78, 85, 80, 86]",14.2
150,1788359727491652770,307200,70115,15,10,106.2,"[29.6, 34.0, 46.7, 49.4, 66.2, 71.8, 81.4, 86.4, 96.6, 106.2]","['ABOVE', 'NEAR', 'RAIL', 'INSIDE', 'OUTSIDE', 'OUTSIDE', 'OUTSIDE', 'INSIDE', 'INSIDE', 'INSIDE']","[[0.32, 0.25, 0.87], [1.75, 0.22, 1.76], [0.42, 0.29, 0.64], [1.02, 2.82, 1.38], [0.44, 0.21, 0.45], [0.33, 0.17, 0.82], [0.19, 0.33, 1.89], [14.1, 5.08, 3.06], [14.67, 4.92, 2.75], [3.23, 1.65, 2.58]]","[55, 110, 105, 5, 79, 78, 80, 85, 94, 100]",16.5
151,1788359727593703167,307200,70508,10,6,104.9,"[40.3, 46.0, 49.7, 53.1, 64.1, 104.9]","['NEAR', 'NEAR', 'RAIL', 'ABOVE', 'INSIDE', 'INSIDE']","[[1.94, 0.2, 1.82], [0.25, 0.04, 2.39], [0.45, 0.13, 0.48], [0.06, 1.89, 1.38], [0.24, 1.34, 0.01], [0.2, 2.56, 0.0]]","[110, 57, 81, 105, 79, 100]",14.7
152,1788359727692752935,307200,70864,12,7,118.0,"[42.5, 43.6, 45.0, 49.6, 52.4, 85.0, 118.0]","['OUTSIDE', 'NEAR', 'OUTSIDE', 'NEAR', 'ABOVE', 'OUTSIDE', 'RAIL']","[[0.76, 0.1, 2.41], [2.21, 0.24, 1.58], [0.87, 0.04, 1.25], [0.7, 0.43, 2.29], [0.07, 1.83, 0.91], [0.19, 0.44, 2.25], [0.31, 0.62, 0.18]]","[107, 110, 115, 81, 105, 80, 109]",13.0
153,1788359727798001204,307200,67167,18,11,90.2,"[31.7, 38.8, 39.2, 42.0, 42.6, 44.8, 49.4, 50.8, 69.9, 84.4, 90.2]","['ABOVE', 'OUTSIDE', 'RAIL', 'NEAR', 'OUTSIDE', 'NEAR', 'ABOVE', 'RAIL', 'OUTSIDE', 'OUTSIDE', 'INSIDE']","[[0.16, 0.25, 0.52], [0.67, 0.1, 1.66], [0.93, 0.07, 0.94], [1.99, 0.26, 1.49], [1.21, 0.28, 2.26], [0.43, 0.04, 1.62], [0.26, 0.07, 1.33], [0.95, 0.11, 0.66], [0.14, 0.25, 0.63], [0.19, 0.44, 2.23], [5.81, 4.78, 2.8]]","[59, 107, 115, 110, 81, 98, 57, 105, 78, 80, 92]",16.8
154,1788359727893952715,307200,64377,9,7,83.2,"[32.6, 38.3, 41.2, 44.4, 48.8, 81.4, 83.2]","['OUTSIDE', 'NEAR', 'NEAR', 'OUTSIDE', 'NEAR', 'INSIDE', 'NEAR']","[[1.42, 0.1, 1.62], [0.22, 0.04, 1.43], [2.53, 0.21, 1.74], [1.53, 0.34, 1.95], [0.75, 0.03, 1.19], [0.66, 4.62, 0.35], [0.75, 1.17, 0.2]]","[107, 98, 110, 81, 59, 85, 83]",17.5
155,1788359727991605939,307200,64246,10,5,83.2,"[42.2, 45.0, 47.9, 52.3, 83.2]","['NEAR', 'NEAR', 'RAIL', 'RAIL', 'OUTSIDE']","[[4.46, 0.26, 2.02], [2.17, 0.8, 2.73], [0.37, 0.07, 0.99], [0.22, 0.2, 0.68], [0.61, 0.58, 2.4]]","[115, 81, 110, 105, 80]",14.3
156,1788359728093503629,307200,63804,14,11,82.6,"[29.9, 31.4, 37.0, 37.1, 37.1, 40.3, 42.4, 45.7, 47.3, 48.2, 82.6]","['ABOVE', 'ABOVE', 'OUTSIDE', 'NEAR', 'OUTSIDE', 'NEAR', 'RAIL', 'RAIL', 'NEAR', 'ABOVE', 'OUTSIDE']","[[0.16, 0.23, 0.54], [0.03, 0.06, 1.27], [1.72, 0.09, 1.51], [2.07, 0.25, 2.02], [1.42, 0.34, 2.68], [0.22, 0.04, 1.31], [0.88, 0.17, 0.53], [0.86, 0.18, 0.42], [0.82, 0.02, 1.4], [0.03, 0.06, 1.27], [0.67, 0.47, 2.57]]","[5, 57, 107, 115, 81, 98, 116, 110, 59, 55, 80]",13.5
157,1788359728195539125,307200,70142,15,11,81.6,"[29.5, 30.6, 36.4, 39.4, 41.6, 41.8, 46.3, 48.1, 52.1, 80.7, 81.6]","['ABOVE', 'NEAR', 'OUTSIDE', 'NEAR', 'OUTSIDE', 'RAIL', 'ABOVE', 'ABOVE', 'RAIL', 'INSIDE', 'OUTSIDE']","[[0.77, 0.29, 0.62], [1.46, 0.18, 1.87], [2.27, 0.07, 2.3], [2.64, 0.29, 1.74], [1.64, 0.38, 2.65], [1.06, 0.08, 0.29], [0.6, 0.89, 1.82], [0.04, 0.12, 1.25], [2.63, 0.64, 0.92], [1.2, 4.72, 0.75], [0.13, 0.51, 2.34]]","[5, 59, 107, 115, 116, 110, 55, 57, 105, 85, 80]",12.1
158,1788359728292250199,307200,71070,15,10,47.7,"[28.3, 29.5, 35.7, 35.8, 38.3, 39.7, 41.3, 41.8, 45.5, 47.7]","['ABOVE', 'NEAR', 'OUTSIDE', 'OUTSIDE', 'NEAR', 'NEAR', 'RAIL', 'ABOVE', 'ABOVE', 'ABOVE']","[[0.46, 0.23, 0.43], [0.26, 0.04, 1.49], [1.53, 0.1, 2.21], [1.57, 0.06, 1.68], [3.11, 0.24, 2.09], [2.77, 0.51, 2.62], [0.82, 0.11, 0.42], [0.68, 0.09, 1.83], [0.05, 0.86, 1.79], [0.03, 0.06, 1.23]]","[5, 98, 107, 115, 116, 81, 110, 59, 55, 57]",12.7
159,1788359728394015968,307200,71305,18,12,92.3,"[28.0, 29.6, 34.9, 35.2, 37.4, 38.0, 40.2, 43.4, 45.1, 49.6, 90.9, 92.3]","['ABOVE', 'ABOVE', 'OUTSIDE', 'RAIL', 'RAIL', 'NEAR', 'OUTSIDE', 'ABOVE', 'RAIL', 'RAIL', 'INSIDE', 'INSIDE']","[[0.22, 0.28, 0.5], [0.02, 0.11, 1.23], [0.74, 0.05, 1.17], [0.61, 0.07, 0.83], [0.37, 0.06, 0.28], [2.68, 0.35, 1.68], [0.57, 0.46, 2.58], [0.75, 0.03, 1.83], [0.37, 0.19, 0.55], [0.37, 0.23, 0.68], [0.18, 1.77, 0.0], [7.39, 4.88, 3.06]]","[5, 57, 107, 115, 98, 116, 81, 59, 105, 55, 92, 94]",14.5
160,1788359728495035861,307200,71618,10,7,106.0,"[27.9, 34.4, 34.5, 37.7, 40.1, 49.0, 106.0]","['ABOVE', 'OUTSIDE', 'NEAR', 'NEAR', 'ABOVE', 'RAIL', 'OUTSIDE']","[[0.01, 0.06, 1.21], [2.82, 0.08, 1.95], [0.28, 0.05, 2.05], [2.48, 0.29, 1.69], [0.7, 0.02, 1.15], [0.34, 0.26, 0.63], [0.15, 1.11, 0.0]]","[57, 107, 98, 116, 5, 105, 100]",14.6
161,1788359728599962030,307200,71675,16,9,92.8,"[26.4, 28.0, 33.9, 38.1, 43.8, 43.9, 46.0, 48.4, 92.8]","['ABOVE', 'ABOVE', 'NEAR', 'OUTSIDE', 'RAIL', 'NEAR', 'RAIL', 'RAIL', 'INSIDE']","[[0.46, 0.28, 0.39], [0.14, 0.11, 1.19], [4.83, 0.34, 2.46], [1.83, 0.42, 2.11], [0.43, 0.12, 0.59], [0.75, 0.02, 1.9], [0.32, 0.18, 0.63], [0.73, 0.44, 0.96], [0.09, 2.11, 0.0]]","[5, 57, 107, 81, 110, 59, 105, 55, 92]",13.4
162,1788359728702704996,307200,71600,11,6,47.8,"[26.0, 32.2, 33.3, 37.8, 43.6, 47.8]","['ABOVE', 'ABOVE', 'NEAR', 'OUTSIDE', 'RAIL', 'ABOVE']","[[0.12, 0.32, 0.46], [0.57, 0.23, 1.1], [5.45, 0.31, 2.18], [1.41, 0.4, 2.08], [0.48, 0.17, 0.62], [0.14, 0.14, 1.43]]","[5, 98, 107, 81, 105, 57]",11.5
163,1788359728792523237,307200,64883,21,10,76.6,"[25.1, 28.2, 32.5, 32.7, 35.7, 39.6, 42.7, 45.3, 47.1, 76.6]","['ABOVE', 'ABOVE', 'ABOVE', 'ABOVE', 'NEAR', 'RAIL', 'RAIL', 'RAIL', 'ABOVE', 'OUTSIDE']","[[0.63, 0.35, 0.55], [0.02, 0.03, 1.12], [0.44, 0.01, 1.12], [0.12, 1.96, 1.18], [2.07, 0.61, 2.49], [0.88, 0.04, 0.14], [0.81, 0.23, 1.03], [0.52, 0.27, 0.74], [0.46, 0.43, 1.84], [1.76, 1.18, 2.08]]","[5, 57, 98, 118, 81, 59, 116, 105, 107, 85]",11.2
164,1788359728890437485,307200,64793,15,10,46.6,"[24.8, 27.1, 32.1, 36.3, 37.4, 39.9, 40.2, 42.3, 44.7, 46.6]","['ABOVE', 'ABOVE', 'NEAR', 'NEAR', 'RAIL', 'RAIL', 'RAIL', 'RAIL', 'ABOVE', 'ABOVE']","[[0.16, 0.35, 0.67], [0.14, 0.13, 1.1], [4.84, 0.28, 2.06], [1.75, 0.79, 2.77], [1.33, 0.17, 0.95], [0.45, 0.33, 0.73], [0.28, 0.25, 0.6], [1.07, 0.03, 0.13], [0.12, 1.94, 1.16], [0.66, 0.88, 1.94]]","[5, 57, 115, 81, 116, 105, 55, 59, 118, 107]",12.2
165,1788359728996270605,307200,64755,19,10,81.6,"[23.9, 27.0, 30.3, 31.5, 33.9, 37.0, 37.0, 39.8, 46.0, 81.6]","['ABOVE', 'ABOVE', 'ABOVE', 'OUTSIDE', 'NEAR', 'RAIL', 'RAIL', 'RAIL', 'ABOVE', 'INSIDE']","[[0.48, 0.34, 0.56], [0.64, 0.2, 0.79], [0.02, 0.03, 1.08], [1.37, 0.08, 2.03], [4.05, 0.3, 2.17], [0.38, 0.24, 0.72], [0.35, 0.16, 0.08], [1.02, 0.03, 0.13], [0.14, 0.91, 1.91], [0.49, 4.51, 0.17]]","[5, 98, 57, 115, 116, 105, 81, 59, 107, 80]",10.5
166,1788359729095936259,307200,64799,19,11,123.2,"[23.4, 30.7, 34.0, 35.5, 38.9, 39.1, 42.8, 43.5, 45.4, 48.1, 123.2]","['ABOVE', 'NEAR', 'RAIL', 'NEAR', 'ABOVE', 'RAIL', 'RAIL', 'ABOVE', 'INSIDE', 'ABOVE', 'OUTSIDE']","[[0.46, 0.34, 0.52], [5.72, 0.34, 2.16], [0.66, 0.13, 0.55], [0.27, 0.13, 0.58], [0.39, 0.01, 1.04], [0.4, 0.17, 0.71], [0.12, 0.27, 0.16], [0.13, 1.99, 1.5], [0.38, 2.52, 0.02], [0.56, 0.39, 2.05], [6.09, 1.06, 2.7]]","[5, 116, 81, 55, 98, 105, 107, 118, 110, 57, 121]",14.2
167,1788359729190093325,307200,64940,16,7,122.8,"[22.9, 28.8, 34.9, 38.9, 44.8, 49.0, 122.8]","['ABOVE', 'ABOVE', 'NEAR', 'NEAR', 'RAIL', 'INSIDE', 'OUTSIDE']","[[0.49, 0.35, 0.61], [0.5, 0.23, 0.67], [5.75, 0.31, 2.15], [0.96, 0.21, 0.59], [0.43, 0.25, 0.7], [0.29, 2.91, 0.02], [5.38, 0.92, 2.68]]","[5, 98, 116, 55, 105, 110, 121]",11.0
168,1788359729292382531,307200,64926,14,7,122.4,"[22.4, 29.8, 32.5, 32.6, 34.0, 44.2, 122.4]","['ABOVE', 'ABOVE', 'NEAR', 'RAIL', 'ABOVE', 'ABOVE', 'OUTSIDE']","[[0.48, 0.39, 0.73], [0.31, 0.24, 1.12], [4.94, 0.35, 2.79], [0.4, 0.23, 0.69], [0.59, 0.26, 1.95], [0.09, 0.15, 1.04], [4.81, 0.88, 2.67]]","[5, 57, 115, 105, 116, 98, 121]",11.1
169,1788359729400195756,307200,64916,13,9,122.1,"[21.3, 29.0, 31.5, 33.1, 35.1, 37.4, 43.6, 105.9, 122.1]","['ABOVE', 'ABOVE', 'NEAR', 'ABOVE', 'ABOVE', 'ABOVE', 'RAIL', 'OUTSIDE', 'OUTSIDE']","[[1.62, 0.4, 0.71], [0.31, 0.05, 1.26], [0.55, 0.18, 0.66], [0.37, 0.01, 0.99], [1.13, 0.03, 2.25], [1.19, 0.09, 2.13], [0.38, 0.33, 0.96], [0.39, 1.14, 0.25], [3.58, 0.72, 2.66]]","[5, 115, 55, 98, 116, 57, 105, 100, 121]",12.1
170,1788359729491092408,307200,64786,27,13,119.0,"[21.1, 27.2, 30.3, 30.9, 31.8, 34.1, 34.9, 37.7, 41.2, 41.2, 43.1, 48.2, 119.0]","['ABOVE', 'ABOVE', 'ABOVE', 'ABOVE', 'ABOVE', 'ABOVE', 'RAIL', 'ABOVE', 'OUTSIDE', 'INSIDE', 'ABOVE', 'INSIDE', 'OUTSIDE']","[[1.0, 0.44, 0.62], [0.32, 0.31, 0.42], [0.46, 0.83, 1.19], [0.12, 2.0, 1.07], [0.19, 0.02, 1.03], [0.28, 0.01, 1.08], [0.44, 0.18, 0.68], [0.42, 0.28, 1.61], [0.9, 0.02, 1.14], [1.17, 0.7, 1.49], [0.12, 2.0, 1.07], [0.43, 1.84, 0.02], [1.51, 0.67, 2.61]]","[5, 98, 123, 118, 116, 57, 105, 115, 59, 55, 107, 110, 121]",10.8
171,1788359729592571620,307200,64792,20,11,48.6,"[21.3, 26.9, 30.0, 30.0, 31.7, 33.4, 39.6, 40.7, 40.7, 42.6, 48.6]","['ABOVE', 'ABOVE', 'ABOVE', 'ABOVE', 'ABOVE', 'RAIL', 'ABOVE', 'ABOVE', 'RAIL', 'ABOVE', 'INSIDE']","[[1.8, 0.42, 1.04], [1.12, 0.26, 1.06], [0.68, 0.02, 0.94], [0.33, 0.01, 1.07], [0.08, 1.88, 1.06], [1.7, 0.17, 0.79], [0.7, 0.22, 2.05], [0.7, 0.02, 1.52], [0.35, 0.22, 0.67], [0.11, 1.99, 1.06], [0.23, 1.36, 0.02]]","[5, 98, 116, 57, 107, 81, 59, 55, 105, 118, 110]",11.3
172,1788359729691988020,307200,65129,17,8,48.4,"[27.1, 29.7, 31.6, 32.9, 33.2, 39.5, 42.0, 48.4]","['ABOVE', 'RAIL', 'OUTSIDE', 'NEAR', 'ABOVE', 'RAIL', 'ABOVE', 'INSIDE']","[[0.34, 0.02, 1.06], [0.75, 0.16, 0.78], [0.8, 0.01, 1.7], [1.06, 0.21, 2.12], [0.8, 0.03, 2.05], [0.39, 0.23, 0.66], [0.91, 1.06, 1.7], [0.08, 1.69, 0.01]]","[57, 81, 98, 59, 55, 105, 123, 110]",12.3
173,1788359729793477585,307200,65205,17,9,105.8,"[28.7, 29.2, 29.7, 31.3, 31.3, 32.5, 41.5, 48.0, 105.8]","['ABOVE', 'ABOVE', 'ABOVE', 'ABOVE', 'ABOVE', 'RAIL', 'NEAR', 'INSIDE', 'OUTSIDE']","[[1.03, 0.02, 1.13], [0.92, 0.02, 1.26], [0.59, 0.98, 1.15], [0.2, 0.01, 0.98], [0.92, 0.03, 2.13], [0.46, 0.23, 0.73], [0.88, 0.2, 1.07], [0.08, 1.67, 0.0], [0.08, 0.74, 0.0]]","[116, 57, 123, 59, 55, 105, 98, 110, 100]",12.7
174,1788359729896053385,307200,65114,21,11,48.4,"[19.9, 25.2, 26.5, 28.3, 31.6, 31.6, 32.0, 38.8, 40.9, 43.0, 48.4]","['ABOVE', 'ABOVE', 'ABOVE', 'ABOVE', 'ABOVE', 'ABOVE', 'RAIL', 'INSIDE', 'INSIDE', 'ABOVE', 'INSIDE']","[[1.87, 0.49, 1.13], [0.28, 0.32, 0.67], [0.1, 0.89, 1.1], [0.34, 0.01, 1.07], [0.81, 0.02, 2.41], [0.34, 0.01, 1.07], [0.5, 0.22, 0.72], [0.31, 1.9, 0.02], [0.13, 1.5, 0.01], [0.49, 0.14, 1.16], [0.28, 1.19, 0.02]]","[5, 59, 123, 57, 98, 55, 105, 115, 118, 116, 110]",12.5
175,1788359729996619712,307200,65211,14,9,48.4,"[28.2, 28.2, 29.6, 31.4, 31.4, 31.6, 36.8, 40.3, 48.4]","['ABOVE', 'ABOVE', 'ABOVE', 'NEAR', 'ABOVE', 'ABOVE', 'RAIL', 'ABOVE', 'INSIDE']","[[0.86, 0.01, 1.13], [0.21, 0.98, 1.08], [0.28, 0.01, 1.08], [2.88, 0.99, 2.83], [1.06, 0.01, 2.67], [0.98, 0.28, 2.24], [0.6, 0.21, 0.8], [0.21, 0.98, 1.63], [0.43, 1.34, 0.03]]","[98, 123, 55, 122, 59, 57, 105, 116, 110]",13.4
176,1788359730093276411,307200,65181,15,8,48.1,"[19.8, 27.1, 30.8, 31.4, 37.1, 39.9, 42.5, 48.1]","['ABOVE', 'ABOVE', 'RAIL', 'OUTSIDE', 'RAIL', 'INSIDE', 'ABOVE', 'INSIDE']","[[5.87, 0.53, 1.33], [0.15, 0.02, 1.07], [1.36, 0.15, 0.67], [0.49, 0.01, 1.41], [0.54, 0.21, 0.79], [0.5, 2.53, 0.04], [0.59, 0.89, 1.61], [0.54, 1.52, 0.03]]","[5, 55, 122, 59, 105, 118, 123, 110]",13.0
177,1788359730196034037,307200,65150,17,12,48.3,"[19.4, 26.9, 26.9, 28.1, 29.9, 30.5, 30.5, 36.8, 37.5, 37.5, 39.3, 48.3]","['ABOVE', 'ABOVE', 'ABOVE', 'ABOVE', 'ABOVE', 'RAIL', 'ABOVE', 'ABOVE', 'RAIL', 'ABOVE', 'ABOVE', 'INSIDE']","[[4.96, 0.56, 1.38], [0.81, 0.01, 1.08], [0.87, 0.01, 1.12], [0.35, 1.0, 1.06], [0.07, 2.0, 1.29], [0.79, 0.16, 0.8], [0.81, 0.02, 2.3], [0.33, 0.01, 1.01], [0.55, 0.22, 0.78], [0.09, 2.0, 1.29], [0.35, 1.0, 1.59], [0.28, 1.35, 0.02]]","[5, 59, 98, 123, 115, 122, 57, 126, 105, 107, 116, 110]",14.3
178,1788359730290575502,307200,65058,14,10,48.7,"[19.6, 26.8, 28.0, 29.7, 30.0, 31.9, 36.0, 38.8, 41.3, 48.7]","['ABOVE', 'ABOVE', 'ABOVE', 'ABOVE', 'RAIL', 'RAIL', 'INSIDE', 'ABOVE', 'INSIDE', 'INSIDE']","[[6.94, 0.54, 1.36], [0.78, 0.02, 1.08], [0.87, 0.02, 1.11], [0.76, 0.95, 1.23], [1.58, 0.18, 0.79], [0.61, 0.27, 0.77], [1.11, 2.32, 0.56], [0.21, 0.95, 1.56], [0.11, 1.59, 0.01], [0.13, 1.53, 0.01]]","[5, 59, 98, 123, 122, 105, 55, 116, 118, 110]",13.9
179,1788359730391068882,307200,65182,13,10,48.5,"[19.0, 22.8, 26.8, 27.9, 29.4, 29.4, 35.9, 38.4, 40.7, 48.5]","['ABOVE', 'ABOVE', 'ABOVE', 'ABOVE', 'ABOVE', 'ABOVE', 'RAIL', 'RAIL', 'RAIL', 'INSIDE']","[[5.73, 0.54, 1.38], [0.77, 0.29, 1.12], [0.82, 0.02, 1.07], [0.86, 0.01, 1.11], [0.09, 0.96, 1.27], [0.95, 0.02, 1.13], [0.91, 0.16, 0.78], [0.56, 0.26, 1.0], [0.43, 0.33, 0.56], [0.11, 1.86, 0.01]]","[5, 128, 59, 98, 123, 126, 122, 105, 118, 110]",12.1
180,1788359730490046267,307200,65329,16,14,48.2,"[16.8, 20.6, 25.4, 25.4, 28.2, 28.9, 28.9, 29.2, 29.2, 34.9, 37.8, 40.3, 46.9, 48.2]","['ABOVE', 'ABOVE', 'ABOVE', 'ABOVE', 'ABOVE', 'RAIL', 'OUTSIDE', 'ABOVE', 'ABOVE', 'RAIL', 'RAIL', 'ABOVE', 'INSIDE', 'INSIDE']","[[3.25, 0.54, 1.11], [3.86, 0.33, 1.2], [1.14, 0.03, 1.12], [0.16, 0.96, 1.26], [0.67, 0.03, 1.16], [1.69, 0.2, 0.77], [1.14, 0.03, 3.0], [0.61, 0.01, 1.23], [0.67, 0.04, 1.7], [0.55, 0.28, 0.75], [0.45, 0.5, 0.8], [0.16, 0.96, 1.51], [0.51, 1.97, 0.03], [0.17, 1.85, 0.01]]","[5, 128, 59, 123, 126, 122, 57, 98, 55, 105, 118, 116, 129, 110]",13.4
181,1788359730599110874,307200,65450,15,10,42.5,"[18.1, 21.8, 22.8, 24.6, 28.2, 28.3, 34.8, 39.8, 42.1, 42.5]","['ABOVE', 'ABOVE', 'ABOVE', 'RAIL', 'ABOVE', 'OUTSIDE', 'RAIL', 'INSIDE', 'ABOVE', 'INSIDE']","[[5.74, 0.53, 1.32], [0.57, 0.32, 0.89], [0.78, 0.99, 1.06], [1.1, 0.24, 0.91], [0.47, 0.02, 1.08], [0.46, 0.02, 1.47], [0.57, 0.55, 0.78], [1.07, 1.93, 0.08], [0.88, 0.99, 1.53], [0.39, 1.77, 0.02]]","[5, 128, 123, 122, 59, 57, 118, 81, 116, 129]",13.4
182,1788359730689398427,307200,65545,13,8,42.6,"[18.4, 24.4, 27.8, 27.9, 34.4, 39.2, 42.3, 42.6]","['ABOVE', 'ABOVE', 'RAIL', 'OUTSIDE', 'RAIL', 'INSIDE', 'INSIDE', 'ABOVE']","[[6.42, 0.47, 1.34], [0.91, 0.02, 1.11], [0.83, 0.18, 1.07], [0.82, 0.02, 2.31], [0.24, 0.53, 0.94], [1.4, 1.04, 0.1], [0.58, 1.88, 0.41], [0.2, 0.84, 1.71]]","[5, 98, 122, 57, 118, 81, 129, 116]",12.4
183,1788359730793342264,307200,65572,17,14,48.3,"[17.4, 20.8, 21.9, 24.1, 26.7, 27.5, 27.5, 27.8, 31.1, 33.7, 38.8, 42.7, 42.8, 48.3]","['ABOVE', 'ABOVE', 'ABOVE', 'ABOVE', 'ABOVE', 'ABOVE', 'ABOVE', 'RAIL', 'ABOVE', 'RAIL', 'RAIL', 'INSIDE', 'INSIDE', 'ABOVE']","[[5.41, 0.54, 1.29], [0.52, 0.41, 1.26], [0.51, 0.01, 0.85], [0.97, 0.02, 1.28], [0.38, 0.03, 0.9], [0.2, 0.96, 1.2], [0.73, 0.01, 1.13], [1.31, 0.18, 0.75], [0.38, 0.07, 1.04], [0.44, 0.5, 0.1], [0.64, 0.53, 0.94], [0.4, 1.34, 0.03], [0.11, 1.65, 0.01], [0.2, 0.96, 1.67]]","[5, 128, 59, 57, 116, 123, 98, 122, 55, 110, 118, 81, 129, 126]",12.3
184,1788359730891027757,307200,65495,14,12,42.8,"[15.3, 18.9, 23.8, 26.2, 27.0, 27.0, 27.5, 29.0, 33.5, 36.0, 38.3, 42.8]","['ABOVE', 'ABOVE', 'ABOVE', 'ABOVE', 'ABOVE', 'ABOVE', 'RAIL', 'RAIL', 'RAIL', 'INSIDE', 'ABOVE', 'RAIL']","[[2.07, 0.52, 0.65], [4.48, 0.34, 1.29], [1.42, 0.03, 1.27], [0.56, 0.02, 1.12], [0.26, 0.99, 1.19], [0.43, 0.03, 1.15], [0.94, 0.19, 0.8], [0.53, 0.24, 0.79], [0.32, 0.51, 0.68], [0.91, 0.65, 0.53], [0.25, 0.99, 1.43], [0.03, 0.18, 0.17]]","[5, 128, 57, 116, 123, 98, 122, 132, 118, 55, 126, 129]",11.2
185,1788359730991125720,307200,65469,10,9,42.3,"[15.1, 19.0, 23.3, 25.0, 26.4, 26.6, 35.5, 37.9, 42.3]","['ABOVE', 'ABOVE', 'ABOVE', 'ABOVE', 'ABOVE', 'RAIL', 'RAIL', 'ABOVE', 'RAIL']","[[2.56, 0.54, 0.65], [4.39, 0.43, 1.29], [1.34, 0.02, 1.25], [1.18, 0.02, 1.1], [0.83, 0.02, 1.52], [0.58, 0.26, 0.78], [0.74, 0.55, 0.91], [0.18, 0.84, 1.61], [0.06, 0.22, 0.17]]","[5, 128, 57, 98, 55, 132, 105, 126, 129]",11.3
186,1788359731091225447,307200,65622,12,11,49.7,"[14.7, 18.8, 23.9, 24.9, 26.1, 26.1, 28.3, 35.1, 37.5, 41.9, 49.7]","['ABOVE', 'ABOVE', 'ABOVE', 'ABOVE', 'RAIL', 'RAIL', 'RAIL', 'NEAR', 'ABOVE', 'RAIL', 'ABOVE']","[[1.74, 0.01, 0.52], [4.0, 0.46, 1.28], [3.46, 0.06, 1.3], [0.22, 0.94, 1.13], [0.61, 0.6, 0.34], [0.58, 0.32, 1.01], [0.56, 0.52, 0.97], [0.36, 0.61, 0.52], [0.22, 0.95, 1.59], [0.06, 0.17, 0.17], [1.25, 0.02, 1.84]]","[5, 128, 57, 116, 110, 132, 105, 55, 126, 129, 123]",10.4
187,1788359731192499140,307200,65666,22,17,46.5,"[14.7, 18.3, 23.0, 25.1, 25.5, 25.5, 26.2, 29.3, 29.3, 31.8, 32.8, 34.6, 36.9, 41.5, 42.2, 42.5, 46.5]","['ABOVE', 'ABOVE', 'ABOVE', 'ABOVE', 'ABOVE', 'ABOVE', 'ABOVE', 'ABOVE', 'RAIL', 'ABOVE', 'RAIL', 'RAIL', 'RAIL', 'INSIDE', 'INSIDE', 'ABOVE', 'RAIL']","[[1.79, 0.01, 0.46], [4.15, 0.48, 1.29], [2.61, 0.05, 1.27], [0.83, 0.99, 1.18], [0.85, 0.02, 0.74], [0.47, 0.03, 0.84], [0.34, 0.34, 0.79], [0.05, 1.98, 1.14], [1.56, 0.15, 0.78], [0.34, 0.34, 1.02], [0.4, 0.48, 0.09], [0.59, 0.26, 0.76], [0.64, 0.53, 0.96], [0.43, 1.02, 0.03], [0.82, 2.09, 0.06], [0.83, 0.99, 1.4], [0.06, 0.15, 0.17]]","[5, 128, 57, 116, 98, 55, 125, 131, 122, 126, 110, 132, 105, 81, 129, 123, 118]",17.1
188,1788359731291604783,307200,65818,16,12,46.0,"[22.7, 24.2, 28.4, 28.5, 28.9, 31.7, 32.4, 34.2, 36.6, 42.2, 42.3, 46.0]","['ABOVE', 'ABOVE', 'ABOVE', 'NEAR', 'RAIL', 'ABOVE', 'RAIL', 'RAIL', 'RAIL', 'NEAR', 'INSIDE', 'INSIDE']","[[3.02, 0.06, 1.26], [2.33, 0.98, 1.31], [0.15, 1.96, 1.12], [1.17, 0.17, 0.68], [1.14, 0.21, 1.06], [0.28, 0.01, 0.98], [0.45, 0.47, 0.09], [0.59, 0.23, 0.75], [0.48, 0.43, 0.95], [0.32, 0.59, 0.46], [0.76, 1.46, 0.05], [0.68, 2.22, 0.05]]","[57, 130, 131, 122, 126, 125, 110, 132, 105, 55, 81, 129]",14.4
189,1788359731389625010,307200,66055,13,9,40.6,"[18.1, 22.5, 23.0, 28.1, 28.7, 31.0, 33.8, 36.3, 40.6]","['ABOVE', 'ABOVE', 'ABOVE', 'RAIL', 'RAIL', 'RAIL', 'NEAR', 'RAIL', 'ABOVE']","[[2.77, 0.48, 1.32], [3.36, 0.06, 1.34], [3.93, 1.05, 1.29], [1.71, 0.22, 1.04], [0.52, 0.3, 0.88], [0.44, 0.34, 0.94], [0.41, 0.51, 0.51], [0.05, 0.15, 0.17], [0.19, 0.04, 0.97]]","[128, 57, 130, 126, 132, 105, 55, 118, 123]",13.5
190,1788359731494013772,307200,66099,12,9,42.4,"[17.9, 22.0, 23.3, 26.8, 33.3, 35.8, 40.2, 41.8, 42.4]","['ABOVE', 'ABOVE', 'ABOVE', 'RAIL', 'NEAR', 'NEAR', 'RAIL', 'INSIDE', 'RAIL']","[[2.41, 0.51, 1.13], [3.27, 0.06, 1.34], [2.48, 0.95, 1.32], [0.64, 0.22, 0.87], [0.32, 0.5, 0.69], [0.19, 1.02, 0.01], [0.38, 0.45, 0.93], [0.65, 2.53, 0.05], [0.06, 0.19, 0.16]]","[128, 59, 130, 132, 55, 81, 105, 129, 118]",12.0
191,1788359731590158458,307200,66199,16,12,44.7,"[17.5, 21.5, 22.6, 27.7, 27.7, 27.9, 32.9, 35.5, 38.8, 39.8, 42.2, 44.7]","['ABOVE', 'ABOVE', 'ABOVE', 'ABOVE', 'RAIL', 'RAIL', 'RAIL', 'RAIL', 'INSIDE', 'RAIL', 'ABOVE', 'ABOVE']","[[2.79, 0.49, 1.14], [3.09, 0.06, 1.35], [0.4, 0.32, 1.23], [0.4, 0.32, 1.49], [0.37, 0.47, 0.09], [0.07, 0.08, 0.16], [0.62, 0.3, 1.01], [0.61, 0.55, 0.92], [0.59, 2.12, 0.37], [0.35, 0.21, 0.27], [3.01, 0.98, 1.89], [0.01, 0.06, 0.97]]","[128, 59, 125, 55, 110, 118, 132, 105, 81, 129, 130, 123]",14.5
192,1788359731692235982,307200,66400,12,9,41.7,"[17.2, 21.1, 21.8, 21.8, 24.0, 27.4, 32.5, 34.9, 41.7]","['ABOVE', 'ABOVE', 'ABOVE', 'ABOVE', 'ABOVE', 'RAIL', 'RAIL', 'INSIDE', 'ABOVE']","[[2.18, 0.53, 0.99], [3.17, 0.06, 1.35], [4.07, 1.09, 1.34], [0.82, 0.04, 1.3], [0.32, 0.07, 1.2], [0.66, 0.28, 0.85], [0.65, 0.71, 0.91], [0.18, 1.75, 0.01], [4.07, 1.09, 2.02]]","[128, 59, 130, 98, 123, 132, 105, 81, 136]",16.0
193,1788359731795649902,307200,66420,15,12,39.0,"[17.2, 20.7, 21.4, 21.4, 23.5, 27.1, 27.1, 30.0, 32.2, 34.6, 37.9, 39.0]","['ABOVE', 'ABOVE', 'ABOVE', 'ABOVE', 'ABOVE', 'RAIL', 'RAIL', 'NEAR', 'ABOVE', 'RAIL', 'ABOVE', 'INSIDE']","[[2.02, 0.5, 1.08], [2.9, 0.06, 1.35], [4.02, 1.07, 1.34], [0.88, 0.03, 1.27], [0.05, 0.2, 1.18], [0.54, 0.29, 0.99], [0.44, 0.51, 0.75], [0.49, 0.66, 0.79], [4.02, 1.07, 2.09], [0.04, 0.19, 0.16], [0.05, 0.2, 1.18], [0.51, 1.83, 0.37]]","[128, 59, 130, 98, 123, 132, 105, 126, 136, 118, 116, 129]",14.5
194,1788359731895944082,307200,66661,18,17,49.0,"[16.8, 20.3, 21.1, 21.1, 23.0, 25.0, 25.6, 25.8, 26.8, 29.8, 31.7, 34.2, 37.7, 38.3, 38.6, 46.6, 49.0]","['ABOVE', 'ABOVE', 'ABOVE', 'ABOVE', 'NEAR', 'RAIL', 'RAIL', 'INSIDE', 'RAIL', 'RAIL', 'RAIL', 'INSIDE', 'NEAR', 'RAIL', 'ABOVE', 'ABOVE', 'INSIDE']","[[1.36, 0.45, 0.84], [3.55, 0.07, 1.36], [3.92, 1.07, 1.35], [1.02, 0.03, 1.31], [0.43, 0.16, 0.63], [0.54, 0.6, 0.41], [1.01, 0.39, 0.86], [0.66, 1.15, 0.71], [0.08, 0.13, 0.07], [0.61, 0.28, 0.77], [0.76, 0.61, 0.98], [0.13, 1.11, 0.66], [0.13, 0.58, 1.03], [0.45, 0.22, 0.26], [3.92, 1.07, 1.99], [0.08, 0.1, 1.38], [0.1, 1.74, 0.01]]","[128, 59, 130, 98, 122, 133, 110, 57, 118, 132, 105, 55, 126, 129, 136, 116, 81]",11.5
195,1788359731990289717,307200,66721,14,12,33.8,"[16.2, 20.0, 20.8, 20.8, 22.7, 25.1, 26.0, 26.3, 26.3, 29.1, 31.4, 33.8]","['ABOVE', 'ABOVE', 'ABOVE', 'ABOVE', 'ABOVE', 'ABOVE', 'RAIL', 'RAIL', 'NEAR', 'ABOVE', 'ABOVE', 'ABOVE']","[[1.92, 0.49, 0.85], [3.42, 0.07, 1.36], [3.62, 0.99, 1.37], [1.11, 0.05, 1.32], [0.12, 0.04, 0.92], [0.2, 0.27, 0.42], [0.6, 0.32, 0.82], [0.67, 0.57, 0.97], [0.71, 0.5, 0.51], [3.65, 1.01, 2.38], [0.12, 0.04, 1.15], [0.07, 0.04, 1.11]]","[128, 59, 130, 98, 116, 55, 132, 105, 126, 136, 123, 57]",11.9
196,1788359732096191726,307200,66743,15,13,48.3,"[16.1, 20.4, 20.4, 20.4, 24.7, 25.8, 25.8, 31.0, 34.0, 34.1, 37.9, 46.2, 48.3]","['ABOVE', 'ABOVE', 'ABOVE', 'ABOVE', 'ABOVE', 'RAIL', 'RAIL', 'RAIL', 'RAIL', 'INSIDE', 'INSIDE', 'ABOVE', 'ABOVE']","[[1.86, 0.49, 0.89], [3.97, 0.51, 1.34], [4.92, 0.08, 1.33], [0.08, 0.05, 1.07], [0.39, 0.09, 0.89], [1.21, 0.61, 0.82], [0.65, 0.29, 0.81], [1.34, 0.66, 0.96], [0.32, 0.15, 0.26], [1.12, 2.12, 0.1], [0.57, 2.54, 0.03], [4.14, 1.09, 2.42], [0.39, 0.09, 1.13]]","[128, 130, 59, 57, 116, 133, 132, 105, 118, 131, 110, 136, 123]",13.9
197,1788359732199702002,307200,66846,19,16,49.0,"[15.7, 20.0, 20.0, 20.1, 24.5, 24.5, 25.7, 25.7, 27.9, 28.4, 29.8, 30.6, 33.2, 37.6, 45.7, 49.0]","['ABOVE', 'ABOVE', 'ABOVE', 'ABOVE', 'ABOVE', 'RAIL', 'RAIL', 'RAIL', 'RAIL', 'INSIDE', 'RAIL', 'INSIDE', 'ABOVE', 'ABOVE', 'ABOVE', 'OUTSIDE']","[[1.42, 0.49, 0.73], [4.13, 0.99, 1.36], [4.86, 0.08, 1.34], [0.3, 0.06, 0.89], [0.06, 0.1, 1.09], [0.91, 0.66, 0.4], [0.65, 0.26, 0.88], [0.51, 0.52, 0.95], [0.63, 0.27, 0.8], [0.83, 2.57, 0.77], [0.44, 0.17, 0.25], [0.75, 0.84, 0.04], [4.25, 1.06, 2.47], [0.06, 0.1, 1.55], [0.3, 0.07, 1.31], [1.42, 0.4, 0.13]]","[128, 130, 59, 57, 116, 133, 132, 105, 126, 125, 118, 110, 136, 123, 55, 122]",12.5
198,1788359732295992994,307200,67046,17,14,46.1,"[15.4, 19.5, 19.6, 19.6, 24.0, 24.1, 25.3, 25.3, 28.3, 32.8, 37.4, 37.9, 39.3, 46.1]","['ABOVE', 'ABOVE', 'ABOVE', 'ABOVE', 'ABOVE', 'RAIL', 'RAIL', 'INSIDE', 'RAIL', 'INSIDE', 'ABOVE', 'ABOVE', 'ABOVE', 'RAIL']","[[1.53, 0.52, 0.56], [4.29, 1.01, 1.37], [5.07, 0.1, 1.38], [0.18, 0.09, 1.25], [0.03, 0.04, 0.87], [2.41, 0.69, 0.82], [0.96, 0.54, 0.8], [0.17, 0.65, 0.75], [0.52, 0.18, 0.25], [1.01, 2.68, 0.08], [0.03, 0.04, 0.87], [0.31, 0.14, 1.64], [4.41, 0.49, 2.33], [0.08, 0.14, 0.17]]","[128, 130, 59, 57, 123, 133, 105, 125, 118, 81, 116, 55, 136, 129]",13.7
199,1788359732396489878,307200,67124,11,10,36.9,"[15.2, 19.0, 19.1, 19.3, 23.3, 23.6, 24.9, 24.9, 29.9, 36.9]","['ABOVE', 'ABOVE', 'ABOVE', 'ABOVE', 'INSIDE', 'RAIL', 'RAIL', 'ABOVE', 'ABOVE', 'ABOVE']","[[1.77, 0.49, 0.6], [4.51, 0.98, 1.39], [4.97, 0.09, 1.33], [0.14, 0.07, 1.09], [0.54, 1.71, 0.65], [0.59, 0.33, 1.07], [0.53, 0.15, 0.25], [4.63, 0.99, 2.25], [0.14, 0.07, 1.29], [0.45, 0.15, 1.44]]","[128, 130, 59, 116, 98, 126, 118, 136, 123, 55]",18.9
200,1788359732495297358,307200,67062,9,9,36.5,"[14.7, 18.7, 18.9, 22.8, 23.3, 24.6, 24.6, 35.6, 36.5]","['ABOVE', 'ABOVE', 'ABOVE', 'ABOVE', 'ABOVE', 'INSIDE', 'RAIL', 'RAIL', 'ABOVE']","[[1.45, 0.49, 0.43], [4.84, 1.08, 1.37], [5.14, 0.09, 1.33], [0.18, 0.08, 1.21], [0.16, 0.08, 1.08], [0.62, 0.69, 0.66], [0.11, 0.07, 0.15], [0.49, 0.13, 0.25], [0.16, 0.09, 1.27]]","[128, 130, 59, 55, 123, 98, 118, 129, 116]",19.7
201,1788359732592428133,307200,67238,15,13,38.3,"[14.4, 18.2, 18.6, 22.7, 22.7, 24.1, 24.1, 27.2, 29.2, 31.8, 36.3, 38.0, 38.3]","['ABOVE', 'ABOVE', 'ABOVE', 'ABOVE', 'ABOVE', 'RAIL', 'RAIL', 'NEAR', 'RAIL', 'ABOVE', 'INSIDE', 'ABOVE', 'RAIL']","[[1.65, 0.38, 0.34], [4.81, 1.03, 1.37], [5.01, 0.08, 1.32], [0.98, 0.1, 0.92], [0.47, 0.17, 1.25], [1.15, 0.55, 0.97], [0.71, 0.22, 0.98], [0.36, 0.59, 0.71], [0.64, 0.15, 0.31], [0.47, 0.17, 1.68], [0.65, 1.87, 0.05], [0.98, 0.1, 1.13], [0.13, 0.08, 0.17]]","[128, 130, 59, 55, 57, 105, 126, 125, 129, 116, 81, 123, 118]",28.4
202,1788359732692635488,307200,67425,12,11,38.3,"[17.8, 18.2, 22.7, 22.7, 23.7, 28.9, 31.7, 34.5, 36.0, 37.9, 38.3]","['ABOVE', 'ABOVE', 'ABOVE', 'ABOVE', 'RAIL', 'RAIL', 'INSIDE', 'RAIL', 'ABOVE', 'INSIDE', 'RAIL']","[[4.9, 1.07, 1.38], [5.08, 0.08, 1.29], [0.53, 0.14, 1.18], [0.4, 0.36, 1.39], [0.69, 0.33, 0.91], [1.09, 0.54, 0.97], [0.45, 1.8, 0.04], [0.59, 0.21, 0.24], [0.53, 0.14, 1.39], [0.13, 1.47, 0.01], [0.3, 0.15, 0.17]]","[130, 59, 55, 98, 126, 105, 131, 129, 123, 81, 118]",26.5
203,1788359732791662053,307200,67526,12,11,43.6,"[17.4, 18.0, 22.6, 22.6, 23.6, 28.3, 31.3, 35.6, 37.5, 40.5, 43.6]","['ABOVE', 'ABOVE', 'ABOVE', 'RAIL', 'RAIL', 'RAIL', 'RAIL', 'RAIL', 'ABOVE', 'ABOVE', 'RAIL']","[[5.15, 1.02, 1.36], [5.04, 0.1, 1.38], [0.57, 0.18, 1.35], [0.47, 0.49, 0.16], [1.07, 0.68, 0.77], [1.37, 0.32, 0.96], [1.92, 0.65, 0.98], [0.63, 0.16, 0.24], [0.18, 0.08, 1.22], [0.57, 0.18, 1.7], [0.34, 0.07, 0.16]]","[130, 59, 55, 118, 133, 126, 105, 129, 116, 123, 81]",20.7
204,1788359732894617189,307200,67532,16,14,40.2,"[17.0, 17.6, 22.1, 22.1, 23.0, 23.1, 23.1, 26.3, 27.3, 28.3, 31.3, 35.3, 37.1, 40.2]","['ABOVE', 'ABOVE', 'ABOVE', 'ABOVE', 'ABOVE', 'RAIL', 'RAIL', 'RAIL', 'RAIL', 'INSIDE', 'RAIL', 'ABOVE', 'ABOVE', 'RAIL']","[[5.33, 1.08, 1.37], [5.21, 0.09, 1.37], [0.76, 0.16, 1.25], [0.43, 0.03, 1.23], [0.43, 0.03, 1.4], [0.53, 0.65, 0.17], [0.61, 0.43, 0.89], [1.37, 0.63, 0.95], [0.25, 0.11, 0.48], [0.31, 1.18, 0.45], [0.51, 0.22, 0.3], [0.63, 0.2, 1.41], [0.76, 0.16, 1.51], [0.46, 0.12, 0.64]]","[130, 59, 55, 98, 123, 118, 126, 105, 122, 125, 129, 116, 57, 81]",26.4
205,1788359732995411924,307200,67794,12,10,35.0,"[16.7, 17.4, 21.7, 22.8, 22.8, 22.9, 22.9, 25.9, 27.5, 35.0]","['ABOVE', 'ABOVE', 'ABOVE', 'ABOVE', 'ABOVE', 'ABOVE', 'RAIL', 'INSIDE', 'RAIL', 'ABOVE']","[[5.51, 1.04, 1.36], [5.03, 0.09, 1.31], [0.68, 0.14, 1.13], [0.35, 0.4, 1.31], [0.27, 0.09, 1.19], [0.35, 0.4, 1.31], [1.59, 0.52, 1.07], [0.51, 0.71, 0.9], [0.58, 0.14, 0.24], [0.27, 0.09, 1.19]]","[130, 59, 55, 98, 116, 123, 122, 125, 129, 57]",19.0
206,1788359733091353986,307200,67660,10,8,38.0,"[17.0, 17.1, 21.5, 21.5, 22.4, 22.4, 34.7, 38.0]","['ABOVE', 'ABOVE', 'ABOVE', 'ABOVE', 'RAIL', 'ABOVE', 'INSIDE', 'ABOVE']","[[4.05, 0.98, 1.35], [5.13, 0.08, 1.32], [0.7, 0.15, 1.28], [0.7, 0.16, 1.16], [0.62, 0.18, 0.23], [0.7, 0.16, 1.16], [0.13, 1.99, 0.01], [0.81, 0.17, 1.46]]","[130, 59, 55, 57, 129, 116, 81, 136]",16.1
207,1788359733199584826,307200,69180,7,6,34.3,"[16.1, 16.9, 22.2, 22.2, 27.4, 34.3]","['ABOVE', 'ABOVE', 'ABOVE', 'ABOVE', 'RAIL', 'RAIL']","[[5.44, 0.99, 1.36], [4.86, 0.1, 1.32], [0.33, 0.25, 1.14], [0.33, 0.33, 1.34], [0.67, 0.26, 0.98], [0.3, 0.21, 0.3]]","[130, 59, 123, 98, 122, 129]",13.8
208,1788359733295928938,307200,72084,13,12,42.3,"[15.9, 16.6, 19.3, 21.0, 21.0, 22.0, 22.0, 25.2, 30.1, 34.1, 35.6, 42.3]","['ABOVE', 'ABOVE', 'ABOVE', 'ABOVE', 'RAIL', 'NEAR', 'RAIL', 'NEAR', 'RAIL', 'INSIDE', 'ABOVE', 'ABOVE']","[[5.2, 0.92, 1.26], [4.97, 0.1, 1.31], [0.35, 0.16, 1.25], [0.5, 0.12, 1.15], [1.01, 0.72, 0.93], [0.4, 0.6, 1.3], [1.61, 0.66, 1.0], [0.08, 0.87, 0.01], [0.53, 0.23, 0.29], [0.23, 0.27, 0.16], [0.5, 0.13, 1.52], [0.35, 0.16, 1.61]]","[130, 59, 55, 136, 133, 125, 105, 131, 129, 57, 116, 123]",15.0
209,1788359733393944488,307200,72605,9,8,33.8,"[16.3, 16.3, 21.1, 21.6, 21.6, 26.5, 31.3, 33.8]","['ABOVE', 'ABOVE', 'ABOVE', 'ABOVE', 'ABOVE', 'RAIL', 'RAIL', 'INSIDE']","[[3.9, 0.95, 1.17], [5.0, 0.1, 1.31], [1.71, 0.21, 1.21], [0.35, 0.41, 1.29], [0.35, 0.41, 1.29], [1.45, 0.33, 0.96], [0.45, 0.26, 0.29], [0.23, 2.07, 0.02]]","[130, 59, 55, 98, 57, 122, 129, 105]",15.0
210,1788359733498286292,307200,73040,9,8,38.5,"[15.8, 16.1, 21.4, 21.4, 29.5, 30.8, 33.6, 38.5]","['ABOVE', 'ABOVE', 'ABOVE', 'ABOVE', 'RAIL', 'RAIL', 'RAIL', 'RAIL']","[[4.3, 0.97, 1.1], [4.81, 0.08, 1.26], [0.37, 0.38, 1.3], [0.37, 0.38, 1.3], [0.54, 0.57, 0.16], [0.09, 0.1, 0.06], [0.62, 0.17, 0.36], [1.57, 0.68, 1.05]]","[130, 59, 57, 98, 118, 126, 129, 122]",13.5
211,1788359733587095904,307200,73449,7,7,26.0,"[15.6, 16.0, 20.2, 20.2, 21.4, 21.4, 26.0]","['ABOVE', 'ABOVE', 'ABOVE', 'ABOVE', 'RAIL', 'ABOVE', 'ABOVE']","[[4.32, 0.98, 1.08], [4.56, 0.07, 1.13], [1.2, 0.19, 1.39], [0.14, 0.08, 1.28], [1.46, 0.34, 1.06], [0.14, 0.08, 1.28], [1.2, 0.19, 1.69]]","[130, 59, 123, 55, 122, 136, 116]",12.6
212,1788359733697437370,307200,73530,15,14,41.2,"[15.4, 15.8, 20.0, 20.0, 20.8, 20.8, 24.1, 26.1, 31.5, 31.6, 33.0, 34.2, 35.0, 41.2]","['ABOVE', 'ABOVE', 'ABOVE', 'ABOVE', 'ABOVE', 'RAIL', 'RAIL', 'RAIL', 'NEAR', 'INSIDE', 'INSIDE', 'ABOVE', 'INSIDE', 'RAIL']","[[4.04, 0.89, 0.99], [4.31, 0.06, 1.12], [0.28, 0.4, 1.18], [2.44, 0.26, 1.31], [0.28, 0.4, 1.39], [1.09, 0.62, 0.64], [0.47, 0.24, 0.35], [0.69, 0.32, 1.05], [0.46, 0.77, 1.26], [0.78, 1.79, 0.37], [0.31, 1.65, 0.03], [2.44, 0.26, 1.52], [1.01, 1.95, 0.81], [0.41, 0.1, 0.15]]","[130, 59, 57, 123, 98, 133, 129, 122, 125, 131, 105, 116, 126, 118]",12.4
213,1788359733797266269,307200,73561,13,12,32.8,"[15.7, 18.0, 18.6, 18.6, 19.6, 19.6, 20.7, 20.9, 25.8, 27.9, 30.0, 32.8]","['ABOVE', 'ABOVE', 'ABOVE', 'ABOVE', 'RAIL', 'RAIL', 'RAIL', 'RAIL', 'RAIL', 'ABOVE', 'ABOVE', 'ABOVE']","[[4.1, 0.08, 1.07], [0.25, 0.01, 1.11], [0.97, 0.17, 1.19], [0.09, 0.12, 1.23], [0.07, 0.06, 0.2], [0.78, 0.35, 0.93], [1.32, 0.34, 0.26], [0.22, 0.22, 0.22], [0.19, 0.07, 0.31], [0.44, 0.27, 1.48], [0.97, 0.17, 1.35], [0.25, 0.01, 1.11]]","[59, 123, 116, 55, 129, 122, 126, 118, 140, 136, 130, 57]",24.4
214,1788359733889275724,307200,73690,13,11,43.2,"[15.2, 15.6, 16.9, 19.9, 19.9, 20.3, 20.3, 25.7, 32.5, 42.2, 43.2]","['ABOVE', 'ABOVE', 'ABOVE', 'ABOVE', 'ABOVE', 'RAIL', 'RAIL', 'RAIL', 'OUTSIDE', 'RAIL', 'ABOVE']","[[3.51, 0.51, 0.9], [3.88, 0.07, 0.99], [0.29, 0.42, 1.36], [1.55, 0.26, 1.31], [0.28, 0.42, 1.36], [0.51, 0.34, 0.76], [0.39, 0.27, 0.35], [0.94, 0.6, 0.86], [0.36, 0.19, 0.75], [0.25, 0.11, 0.26], [1.55, 0.26, 1.47]]","[57, 59, 98, 116, 125, 133, 118, 122, 81, 140, 130]",18.4
215,1788359733999726655,307200,73813,11,10,34.3,"[15.1, 15.5, 16.6, 19.5, 19.5, 20.1, 20.1, 25.2, 32.3, 34.3]","['ABOVE', 'ABOVE', 'ABOVE', 'ABOVE', 'ABOVE', 'RAIL', 'RAIL', 'RAIL', 'ABOVE', 'RAIL']","[[3.27, 0.47, 0.84], [3.66, 0.06, 0.96], [2.0, 0.23, 1.24], [0.36, 0.46, 1.21], [0.36, 0.46, 1.41], [0.42, 0.25, 0.35], [1.8, 0.65, 1.02], [0.21, 0.14, 0.32], [2.0, 0.26, 1.49], [0.5, 0.13, 0.15]]","[57, 59, 116, 98, 125, 118, 122, 140, 130, 144]",16.7
216,1788359734091740772,307200,73950,9,8,33.6,"[15.0, 15.4, 16.3, 17.2, 18.9, 19.9, 19.9, 33.6]","['ABOVE', 'ABOVE', 'ABOVE', 'ABOVE', 'ABOVE', 'OUTSIDE', 'RAIL', 'RAIL']","[[3.09, 0.44, 0.78], [3.4, 0.06, 0.85], [1.13, 0.19, 1.34], [0.27, 0.41, 1.01], [0.3, 0.41, 1.12], [0.12, 1.06, 0.01], [0.16, 0.06, 0.26], [0.1, 0.17, 0.32]]","[57, 59, 123, 125, 98, 131, 140, 130]",15.1
217,1788359734195502525,307200,73847,14,13,42.0,"[15.2, 16.1, 17.0, 19.2, 19.2, 24.5, 27.6, 29.1, 31.8, 32.8, 34.2, 34.6, 42.0]","['ABOVE', 'ABOVE', 'RAIL', 'RAIL', 'RAIL', 'RAIL', 'INSIDE', 'RAIL', 'RAIL', 'RAIL', 'INSIDE', 'NEAR', 'ABOVE']","[[3.21, 0.05, 0.84], [1.56, 0.32, 1.29], [0.71, 0.24, 0.57], [0.09, 0.1, 0.19], [1.43, 0.5, 1.0], [1.33, 0.63, 1.06], [0.77, 2.41, 0.6], [0.11, 0.24, 0.21], [0.21, 0.08, 0.23], [0.2, 0.16, 0.4], [0.08, 1.57, 0.01], [0.19, 0.81, 0.02], [1.57, 0.32, 1.46]]","[59, 116, 133, 129, 122, 126, 131, 118, 140, 130, 144, 105, 123]",14.7
218,1788359734292570004,307200,73909,9,8,34.6,"[15.1, 15.9, 16.7, 19.0, 19.5, 31.7, 34.1, 34.6]","['ABOVE', 'ABOVE', 'INSIDE', 'RAIL', 'INSIDE', 'RAIL', 'ABOVE', 'RAIL']","[[2.94, 0.05, 0.7], [0.53, 0.31, 1.22], [1.23, 2.79, 0.62], [0.57, 0.28, 0.27], [0.11, 1.57, 0.01], [0.17, 0.17, 0.35], [1.51, 0.33, 1.42], [0.14, 0.08, 0.29]]","[59, 123, 131, 118, 144, 130, 116, 140]",18.9
219,1788359734401007836,307200,73795,12,11,44.5,"[14.6, 15.0, 15.8, 17.3, 24.1, 31.4, 33.0, 33.9, 34.7, 41.1, 44.5]","['ABOVE', 'ABOVE', 'RAIL', 'RAIL', 'INSIDE', 'NEAR', 'NEAR', 'RAIL', 'RAIL', 'INSIDE', 'ABOVE']","[[2.35, 0.4, 0.61], [2.81, 0.06, 0.7], [2.57, 0.47, 0.88], [1.5, 0.5, 0.99], [0.93, 2.2, 0.57], [0.27, 0.58, 0.73], [0.23, 1.25, 0.27], [0.39, 0.13, 0.15], [0.33, 0.16, 0.39], [0.2, 1.81, 0.02], [0.35, 0.01, 1.1]]","[57, 59, 133, 122, 131, 81, 105, 118, 130, 144, 116]",15.5
220,1788359734497359538,307200,73781,6,5,40.9,"[14.5, 14.9, 24.2, 28.5, 40.9]","['ABOVE', 'ABOVE', 'RAIL', 'RAIL', 'OUTSIDE']","[[2.12, 0.41, 0.54], [2.62, 0.05, 0.67], [0.1, 0.07, 0.19], [2.0, 0.64, 1.04], [0.25, 0.42, 0.72]]","[57, 59, 129, 122, 81]",16.9
221,1788359734596899763,307200,73608,11,11,40.7,"[14.4, 14.8, 15.3, 18.2, 18.8, 18.8, 24.0, 30.9, 31.3, 31.4, 40.7]","['ABOVE', 'ABOVE', 'ABOVE', 'ABOVE', 'ABOVE', 'RAIL', 'RAIL', 'OUTSIDE', 'INSIDE', 'RAIL', 'INSIDE']","[[1.89, 0.41, 0.47], [2.42, 0.05, 0.58], [0.31, 0.42, 1.29], [1.88, 0.32, 1.07], [0.31, 0.42, 1.65], [2.02, 0.66, 1.03], [0.2, 0.24, 0.21], [0.21, 0.42, 0.72], [0.63, 1.62, 0.05], [0.21, 0.19, 0.41], [0.97, 2.09, 0.25]]","[57, 59, 125, 116, 98, 122, 118, 81, 105, 130, 131]",15.5
222,1788359734691281918,307200,73331,11,11,40.8,"[14.3, 14.7, 17.7, 17.7, 18.7, 18.7, 23.8, 28.1, 31.0, 40.5, 40.8]","['ABOVE', 'ABOVE', 'ABOVE', 'ABOVE', 'ABOVE', 'RAIL', 'RAIL', 'RAIL', 'OUTSIDE', 'RAIL', 'ABOVE']","[[1.8, 0.43, 0.42], [2.26, 0.04, 0.57], [2.44, 0.32, 1.09], [0.44, 0.43, 1.21], [0.44, 0.43, 1.21], [0.32, 0.24, 0.62], [0.06, 0.09, 0.19], [1.95, 0.67, 1.02], [0.23, 0.42, 0.72], [0.61, 0.31, 0.14], [2.44, 0.32, 1.23]]","[57, 59, 116, 125, 98, 133, 129, 122, 81, 118, 123]",15.9
223,1788359734795353596,307200,73415,9,9,32.2,"[14.6, 16.6, 17.5, 17.5, 18.5, 18.5, 24.7, 27.9, 32.2]","['ABOVE', 'ABOVE', 'ABOVE', 'ABOVE', 'RAIL', 'RAIL', 'NEAR', 'ABOVE', 'ABOVE']","[[2.02, 0.03, 0.47], [0.46, 0.02, 0.81], [0.93, 0.24, 1.03], [0.56, 0.29, 1.32], [0.08, 0.06, 0.19], [4.57, 0.8, 1.15], [0.11, 1.02, 0.01], [0.56, 0.29, 1.32], [0.88, 0.16, 1.18]]","[59, 123, 116, 57, 129, 122, 105, 140, 130]",13.8
224,1788359734893097990,307200,70799,10,10,29.0,"[14.5, 14.8, 17.7, 17.7, 22.0, 23.4, 26.1, 27.7, 28.9, 29.0]","['ABOVE', 'ABOVE', 'RAIL', 'RAIL', 'RAIL', 'INSIDE', 'RAIL', 'INSIDE', 'RAIL', 'ABOVE']","[[1.86, 0.03, 0.47], [1.81, 0.3, 1.26], [1.55, 0.69, 1.12], [0.11, 0.11, 0.18], [2.12, 0.68, 1.11], [0.48, 1.62, 0.05], [0.27, 0.38, 0.73], [1.32, 2.38, 0.51], [0.41, 0.24, 0.4], [1.81, 0.3, 1.36]]","[59, 116, 122, 129, 126, 131, 57, 118, 123, 130]",19.0
225,1788359734993859613,307200,68005,8,8,28.6,"[14.4, 14.6, 16.0, 17.1, 17.6, 18.3, 25.6, 28.6]","['ABOVE', 'ABOVE', 'ABOVE', 'RAIL', 'INSIDE', 'RAIL', 'ABOVE', 'ABOVE']","[[1.75, 0.04, 0.44], [0.67, 0.16, 0.95], [0.26, 0.33, 1.14], [2.03, 0.66, 1.15], [1.15, 2.21, 0.12], [0.36, 0.24, 0.39], [1.67, 0.36, 1.53], [0.02, 0.03, 0.95]]","[59, 130, 140, 122, 131, 123, 116, 98]",17.7
226,1788359735093532658,307200,67987,12,12,40.3,"[14.3, 14.4, 16.6, 17.9, 18.1, 23.0, 25.7, 27.4, 31.3, 31.5, 32.1, 40.3]","['ABOVE', 'ABOVE', 'ABOVE', 'ABOVE', 'RAIL', 'RAIL', 'RAIL', 'RAIL', 'INSIDE', 'RAIL', 'RAIL', 'INSIDE']","[[1.57, 0.03, 0.37], [1.65, 0.22, 1.01], [0.27, 0.37, 1.05], [0.24, 0.35, 1.13], [0.73, 0.35, 0.71], [0.15, 0.11, 0.18], [1.81, 0.69, 1.11], [2.02, 0.71, 1.01], [0.68, 1.73, 0.34], [0.36, 0.26, 0.32], [0.5, 0.22, 0.21], [1.0, 2.17, 0.81]]","[59, 130, 125, 140, 133, 129, 122, 126, 105, 123, 144, 118]",16.3
227,1788359735193279244,307200,67985,5,5,32.0,"[14.2, 14.2, 17.2, 20.9, 32.0]","['ABOVE', 'ABOVE', 'NEAR', 'RAIL', 'RAIL']","[[1.39, 0.03, 0.35], [1.83, 0.31, 1.19], [0.82, 0.78, 1.29], [0.61, 0.16, 0.29], [0.3, 0.33, 0.38]]","[59, 116, 125, 144, 123]",28.5
228,1788359735301577802,307200,68084,6,6,22.6,"[14.4, 16.4, 17.7, 17.7, 21.4, 22.6]","['ABOVE', 'ABOVE', 'ABOVE', 'RAIL', 'RAIL', 'RAIL']","[[1.91, 0.28, 0.81], [0.42, 0.46, 0.93], [0.42, 0.34, 0.93], [2.02, 0.64, 0.98], [0.6, 0.37, 0.72], [0.88, 0.38, 0.41]]","[130, 59, 125, 126, 57, 123]",22.4
229,1788359735391649513,307200,68238,8,7,31.7,"[14.0, 17.0, 17.0, 17.4, 17.4, 26.9, 31.7]","['ABOVE', 'ABOVE', 'ABOVE', 'RAIL', 'RAIL', 'RAIL', 'ABOVE']","[[0.3, 0.38, 0.82], [1.63, 0.34, 1.01], [0.3, 0.38, 1.12], [0.66, 0.22, 0.29], [0.11, 0.11, 0.18], [0.35, 0.33, 0.41], [1.65, 0.34, 1.19]]","[125, 116, 59, 144, 129, 123, 130]",18.7
230,1788359735498094071,307200,68071,6,6,36.3,"[13.8, 16.4, 16.4, 17.3, 26.7, 36.3]","['ABOVE', 'ABOVE', 'RAIL', 'RAIL', 'RAIL', 'ABOVE']","[[0.25, 0.49, 0.84], [2.47, 0.33, 1.03], [0.47, 0.13, 0.15], [0.12, 0.11, 0.18], [0.29, 0.34, 0.44], [2.5, 0.34, 1.38]]","[125, 116, 133, 129, 123, 98]",22.0
231,1788359735590305207,307200,68204,3,3,31.4,"[16.2, 26.6, 31.4]","['ABOVE', 'RAIL', 'RAIL']","[[2.49, 0.31, 1.01], [0.65, 0.21, 0.28], [0.17, 0.09, 0.12]]","[116, 144, 129]",16.8
232,1788359735690404431,307200,68413,8,6,39.2,"[15.0, 16.2, 16.2, 21.0, 31.2, 39.2]","['ABOVE', 'ABOVE', 'RAIL', 'RAIL', 'RAIL', 'ABOVE']","[[0.23, 0.06, 0.36], [1.12, 0.3, 0.62], [0.93, 0.34, 0.85], [0.65, 0.21, 0.28], [0.75, 0.56, 0.78], [1.12, 0.3, 0.76]]","[116, 98, 133, 144, 57, 130]",16.2
233,1788359735795362797,307200,68688,7,7,31.1,"[15.8, 16.9, 16.9, 26.3, 30.4, 30.7, 31.1]","['ABOVE', 'ABOVE', 'RAIL', 'RAIL', 'NEAR', 'ABOVE', 'OUTSIDE']","[[0.55, 0.14, 0.58], [0.52, 0.28, 0.83], [0.62, 0.26, 0.28], [0.12, 0.11, 0.18], [0.26, 1.29, 0.25], [0.54, 0.28, 1.11], [0.96, 1.09, 0.29]]","[130, 98, 144, 129, 105, 140, 118]",17.0
234,1788359735891468226,307200,68820,11,10,31.5,"[15.8, 15.8, 16.8, 16.8, 25.9, 26.2, 30.5, 31.0, 31.1, 31.5]","['ABOVE', 'ABOVE', 'ABOVE', 'RAIL', 'RAIL', 'NEAR', 'INSIDE', 'NEAR', 'INSIDE', 'ABOVE']","[[0.38, 0.48, 0.7], [2.45, 0.31, 0.91], [0.38, 0.42, 0.7], [0.68, 0.22, 0.28], [0.13, 0.11, 0.17], [0.22, 1.18, 0.25], [0.89, 2.87, 0.56], [0.51, 1.19, 0.22], [0.09, 1.65, 0.0], [2.47, 0.32, 1.25]]","[125, 130, 59, 144, 129, 105, 131, 122, 118, 116]",18.4
235,1788359735990042396,307200,68897,6,6,31.5,"[16.3, 16.3, 25.8, 26.1, 30.9, 31.5]","['ABOVE', 'INSIDE', 'RAIL', 'OUTSIDE', 'INSIDE', 'ABOVE']","[[1.34, 0.29, 0.87], [1.35, 2.75, 0.71], [0.14, 0.05, 0.17], [0.4, 0.73, 0.22], [0.1, 1.65, 0.01], [1.35, 0.3, 0.99]]","[130, 131, 129, 122, 118, 116]",20.5
236,1788359736092100627,307200,68910,8,7,31.5,"[15.2, 16.5, 16.5, 25.9, 30.7, 30.7, 31.5]","['ABOVE', 'ABOVE', 'ABOVE', 'RAIL', 'RAIL', 'INSIDE', 'INSIDE']","[[1.67, 0.24, 0.53], [0.35, 0.46, 0.6], [0.36, 0.46, 0.6], [0.65, 0.21, 0.28], [0.18, 0.03, 0.17], [1.2, 2.33, 0.69], [0.13, 1.65, 0.01]]","[116, 125, 59, 144, 129, 131, 118]",17.7
237,1788359736190445659,307200,69040,4,4,30.5,"[15.6, 15.6, 30.1, 30.5]","['ABOVE', 'OUTSIDE', 'RAIL', 'ABOVE']","[[0.93, 0.32, 0.43], [0.18, 0.94, 0.27], [0.63, 0.18, 0.28], [0.93, 0.32, 0.56]]","[116, 105, 144, 130]",16.4
238,1788359736297106978,307200,70059,8,8,31.7,"[15.2, 15.7, 16.1, 16.1, 16.3, 30.0, 30.4, 31.7]","['ABOVE', 'ABOVE', 'ABOVE', 'ABOVE', 'OUTSIDE', 'RAIL', 'INSIDE', 'ABOVE']","[[0.56, 0.21, 0.38], [0.17, 0.5, 0.54], [0.52, 0.27, 0.66], [0.17, 0.5, 0.54], [0.13, 0.94, 0.26], [0.66, 0.26, 0.28], [0.66, 2.28, 0.82], [1.6, 0.31, 0.93]]","[130, 59, 98, 125, 105, 144, 118, 116]",16.8
239,1788359736390282520,307200,70747,6,6,31.7,"[15.6, 15.6, 16.1, 16.1, 25.5, 31.7]","['ABOVE', 'ABOVE', 'ABOVE', 'RAIL', 'INSIDE', 'ABOVE']","[[1.53, 0.39, 0.74], [0.38, 0.48, 0.54], [0.38, 0.48, 0.54], [0.15, 0.09, 0.17], [0.44, 2.28, 0.82], [1.57, 0.39, 0.92]]","[116, 125, 59, 129, 118, 130]",19.6
240,1788359736490263614,307200,71822,8,7,35.0,"[15.6, 15.6, 16.9, 19.6, 19.6, 31.7, 35.0]","['ABOVE', 'ABOVE', 'RAIL', 'INSIDE', 'ABOVE', 'INSIDE', 'ABOVE']","[[1.34, 0.31, 0.72], [0.16, 1.82, 0.35], [0.43, 0.12, 0.14], [0.14, 1.48, 0.03], [0.16, 1.82, 0.34], [0.48, 2.19, 0.28], [1.34, 0.31, 0.81]]","[116, 140, 133, 59, 98, 118, 130]",21.0
241,1788359736596519042,307200,72862,7,6,31.6,"[15.3, 15.3, 25.3, 30.1, 30.9, 31.6]","['ABOVE', 'RAIL', 'RAIL', 'NEAR', 'INSIDE', 'ABOVE']","[[0.79, 0.23, 0.38], [0.65, 0.21, 0.27], [0.12, 0.04, 0.17], [1.01, 1.4, 0.6], [0.41, 2.19, 0.28], [0.77, 0.25, 0.39]]","[130, 144, 129, 131, 118, 116]",18.1
242,1788359736696103358,307200,73184,8,8,31.5,"[15.5, 15.5, 24.5, 25.3, 30.0, 30.5, 30.5, 31.5]","['ABOVE', 'RAIL', 'OUTSIDE', 'RAIL', 'INSIDE', 'INSIDE', 'ABOVE', 'RAIL']","[[1.37, 0.33, 0.67], [0.63, 0.21, 0.27], [0.31, 0.65, 0.53], [0.18, 0.05, 0.12], [0.38, 0.86, 0.04], [0.42, 2.51, 0.27], [1.32, 0.33, 0.71], [0.53, 0.11, 0.48]]","[116, 144, 131, 129, 105, 118, 130, 122]",16.3
243,1788359736792891139,307200,73170,4,4,34.7,"[15.3, 15.3, 29.5, 34.7]","['ABOVE', 'NEAR', 'RAIL', 'ABOVE']","[[1.35, 0.3, 0.57], [0.11, 0.82, 0.01], [0.52, 0.12, 0.14], [1.37, 0.3, 0.79]]","[130, 131, 133, 116]",18.4
244,1788359736895733309,307200,73336,8,6,34.6,"[15.2, 15.3, 25.0, 29.4, 29.8, 34.6]","['ABOVE', 'OUTSIDE', 'RAIL', 'RAIL', 'RAIL', 'ABOVE']","[[1.35, 0.32, 0.57], [0.06, 0.93, 0.01], [0.48, 0.12, 0.14], [0.15, 0.08, 0.17], [0.6, 0.17, 0.19], [1.36, 0.32, 0.7]]","[130, 131, 133, 129, 144, 116]",14.9
245,1788359736995287950,307200,73268,5,4,29.7,"[25.0, 26.7, 29.3, 29.7]","['OUTSIDE', 'RAIL', 'RAIL', 'RAIL']","[[0.07, 1.02, 0.01], [0.65, 0.26, 0.33], [0.15, 0.11, 0.18], [0.19, 0.07, 0.17]]","[131, 144, 129, 122]",18.0
246,1788359737094007454,307200,73342,8,5,37.8,"[15.4, 15.4, 19.3, 24.9, 37.8]","['ABOVE', 'ABOVE', 'RAIL', 'INSIDE', 'NEAR']","[[0.32, 0.51, 0.33], [0.32, 0.51, 0.33], [0.12, 0.06, 0.17], [0.73, 2.64, 0.06], [0.06, 0.2, 0.15]]","[125, 59, 122, 133, 98]",15.5
247,1788359737191635171,307200,73083,2,2,24.8,"[19.2, 24.8]","['RAIL', 'NEAR']","[[0.16, 0.52, 0.27], [0.13, 0.14, 0.14]]","[122, 98]",15.3
248,1788359737300401591,307200,72800,2,2,24.7,"[14.8, 24.7]","['ABOVE', 'RAIL']","[[1.54, 0.38, 0.53], [0.26, 0.51, 0.26]]","[130, 122]",16.8
249,1788359737396033154,307200,72298,6,3,24.7,"[15.2, 15.2, 24.7]","['ABOVE', 'RAIL', 'ABOVE']","[[0.64, 0.32, 0.53], [0.17, 0.12, 0.16], [0.7, 0.32, 0.64]]","[116, 122, 130]",16.4
250,1788359737493475697,307200,71675,5,2,29.3,"[15.1, 29.3]","['ABOVE', 'RAIL']","[[0.74, 0.28, 0.51], [0.61, 0.22, 0.27]]","[116, 144]",19.0
251,1788359737592723218,307200,71428,2,2,38.0,"[14.7, 38.0]","['ABOVE', 'NEAR']","[[1.31, 0.3, 0.4], [0.07, 0.82, 0.33]]","[116, 133]",22.7
252,1788359737689440638,307200,71423,4,2,38.0,"[29.2, 38.0]","['RAIL', 'NEAR']","[[0.66, 0.26, 0.32], [0.11, 0.95, 0.34]]","[144, 133]",19.8
253,1788359737792361647,307200,71167,5,5,38.1,"[14.0, 24.4, 26.1, 29.1, 38.1]","['RAIL', 'RAIL', 'INSIDE', 'RAIL', 'ABOVE']","[[0.64, 0.21, 0.26], [0.22, 0.07, 0.21], [0.39, 1.95, 0.65], [0.03, 0.11, 0.12], [0.19, 0.16, 0.5]]","[144, 122, 133, 129, 116]",18.6
254,1788359737894047364,307200,70934,3,2,24.3,"[21.4, 24.3]","['RAIL', 'RAIL']","[[0.13, 0.06, 0.21], [4.76, 0.89, 1.1]]","[122, 98]",18.7
255,1788359737991390988,307200,71055,5,3,24.2,"[15.1, 15.1, 24.2]","['ABOVE', 'RAIL', 'ABOVE']","[[0.09, 0.12, 0.39], [0.13, 0.05, 0.21], [0.08, 0.11, 0.39]]","[130, 122, 116]",23.6
256,1788359738092210518,307200,71184,2,1,13.9,[13.9],['ABOVE'],"[[0.23, 0.31, 0.38]]",[130],25.2
257,1788359738191352770,307200,71447,5,4,24.2,"[15.0, 15.0, 18.4, 24.2]","['ABOVE', 'RAIL', 'INSIDE', 'ABOVE']","[[0.1, 0.16, 0.39], [0.17, 0.13, 0.21], [0.3, 0.45, 0.13], [0.1, 0.16, 0.39]]","[116, 122, 98, 130]",21.1
258,1788359738294657190,307200,71720,1,0,0.0,[],[],[],[],20.5
259,1788359738394073829,307200,72106,4,2,28.8,"[14.9, 28.8]","['ABOVE', 'RAIL']","[[0.1, 0.1, 0.37], [0.76, 0.29, 0.32]]","[116, 144]",20.8
260,1788359738492085013,307200,72715,4,3,28.7,"[19.6, 23.9, 28.7]","['INSIDE', 'RAIL', 'RAIL']","[[0.23, 2.32, 0.03], [0.62, 0.29, 0.32], [0.15, 0.08, 0.16]]","[98, 144, 122]",19.8
261,1788359738594626932,307200,73408,4,2,28.2,"[23.9, 28.2]","['OUTSIDE', 'RAIL']","[[0.12, 1.02, 0.25], [0.18, 0.06, 0.16]]","[144, 122]",16.8
262,1788359738693780131,307200,73953,7,6,36.1,"[13.7, 18.1, 23.8, 28.1, 29.0, 36.1]","['OUTSIDE', 'RAIL', 'OUTSIDE', 'INSIDE', 'INSIDE', 'ABOVE']","[[0.15, 1.01, 0.25], [0.14, 0.08, 0.21], [0.5, 0.37, 0.97], [0.39, 0.72, 0.17], [0.18, 1.62, 0.01], [0.69, 0.28, 0.4]]","[144, 122, 133, 98, 129, 116]",23.4
263,1788359738790650441,307200,74547,4,3,35.9,"[23.8, 29.1, 35.9]","['RAIL', 'OUTSIDE', 'INSIDE']","[[0.2, 0.07, 0.21], [0.32, 0.13, 0.96], [0.13, 1.62, 0.01]]","[122, 133, 129]",21.2
264,1788359738896177144,307200,75031,4,4,35.9,"[14.0, 23.8, 29.2, 35.9]","['OUTSIDE', 'RAIL', 'INSIDE', 'ABOVE']","[[0.35, 0.13, 0.96], [0.17, 0.07, 0.11], [0.17, 2.06, 0.24], [1.34, 0.31, 0.55]]","[133, 122, 129, 116]",19.0
265,1788359738989657467,307200,75181,3,3,35.9,"[23.7, 29.2, 35.9]","['RAIL', 'OUTSIDE', 'INSIDE']","[[0.12, 0.06, 0.16], [0.35, 0.13, 0.96], [0.17, 2.06, 0.24]]","[122, 133, 129]",20.9
266,1788359739090962300,307200,75289,3,3,35.9,"[23.7, 29.2, 35.9]","['OUTSIDE', 'RAIL', 'INSIDE']","[[0.32, 0.13, 0.96], [0.14, 0.04, 0.22], [0.18, 2.06, 0.24]]","[133, 122, 129]",24.5
267,1788359739194642920,307200,75253,4,4,35.9,"[18.2, 23.7, 29.2, 35.9]","['RAIL', 'OUTSIDE', 'NEAR', 'INSIDE']","[[0.14, 0.04, 0.22], [0.32, 0.13, 0.96], [0.09, 0.16, 0.16], [0.21, 2.06, 0.23]]","[122, 133, 98, 129]",21.3
268,1788359739290934372,307200,74896,4,3,35.9,"[23.7, 29.1, 35.9]","['RAIL', 'OUTSIDE', 'INSIDE']","[[0.14, 0.04, 0.16], [0.31, 0.13, 0.96], [0.11, 1.62, 0.01]]","[122, 133, 129]",18.5
269,1788359739390215753,307200,74691,4,4,36.4,"[23.7, 28.0, 36.0, 36.4]","['OUTSIDE', 'RAIL', 'RAIL', 'OUTSIDE']","[[0.15, 1.08, 0.24], [1.0, 0.29, 0.57], [0.11, 0.06, 0.16], [0.52, 0.37, 0.97]]","[144, 150, 122, 133]",17.7
270,1788359739491874303,307200,74430,5,5,36.6,"[23.7, 28.0, 28.5, 35.9, 36.6]","['OUTSIDE', 'RAIL', 'RAIL', 'OUTSIDE', 'RAIL']","[[0.2, 1.08, 0.24], [1.25, 0.29, 0.57], [0.71, 0.28, 0.31], [0.52, 0.37, 0.97], [0.15, 0.04, 0.16]]","[144, 150, 129, 133, 122]",23.1
271,1788359739592854375,307200,74231,5,5,35.9,"[14.1, 18.2, 23.7, 28.9, 35.9]","['ABOVE', 'RAIL', 'OUTSIDE', 'NEAR', 'INSIDE']","[[0.97, 0.37, 0.31], [0.13, 0.06, 0.21], [0.47, 0.37, 0.97], [0.06, 0.16, 0.16], [0.15, 1.61, 0.01]]","[116, 122, 133, 98, 144]",22.6
272,1788359739692455899,307200,74170,5,4,36.0,"[23.7, 28.1, 28.6, 36.0]","['OUTSIDE', 'INSIDE', 'RAIL', 'OUTSIDE']","[[0.06, 0.98, 0.01], [0.94, 2.84, 0.52], [0.16, 0.04, 0.16], [0.51, 0.24, 0.97]]","[144, 129, 122, 133]",20.2
273,1788359739793350315,307200,74143,5,4,36.5,"[23.7, 28.8, 35.9, 36.5]","['RAIL', 'RAIL', 'OUTSIDE', 'INSIDE']","[[1.2, 0.3, 0.57], [0.15, 0.04, 0.21], [0.5, 0.37, 0.97], [0.27, 1.6, 0.02]]","[150, 122, 133, 129]",22.3
274,1788359739892812371,307200,74105,6,5,35.9,"[18.2, 23.7, 28.0, 28.5, 35.9]","['OUTSIDE', 'INSIDE', 'RAIL', 'OUTSIDE', 'NEAR']","[[0.14, 1.08, 0.24], [0.94, 2.84, 0.52], [0.12, 0.06, 0.16], [0.49, 0.37, 0.97], [0.08, 0.16, 0.16]]","[144, 129, 122, 133, 98]",23.1
275,1788359739990647568,307200,74148,6,5,35.9,"[14.2, 23.7, 28.0, 28.6, 35.9]","['ABOVE', 'OUTSIDE', 'INSIDE', 'RAIL', 'OUTSIDE']","[[1.0, 0.37, 0.31], [0.07, 0.98, 0.01], [0.94, 2.84, 0.52], [0.12, 0.06, 0.21], [0.47, 0.37, 0.97]]","[116, 144, 129, 122, 133]",25.2
276,1788359740092261525,307200,74085,2,2,35.9,"[23.7, 35.9]","['RAIL', 'OUTSIDE']","[[0.15, 0.06, 0.16], [0.5, 0.37, 0.97]]","[122, 133]",23.9
277,1788359740194427128,307200,74060,4,4,36.6,"[23.7, 28.0, 35.9, 36.6]","['OUTSIDE', 'RAIL', 'OUTSIDE', 'RAIL']","[[0.18, 1.05, 0.24], [1.31, 0.29, 0.57], [0.49, 0.37, 0.97], [0.15, 0.04, 0.16]]","[144, 150, 133, 122]",20.8
278,1788359740295671563,307200,74121,6,5,36.0,"[14.2, 23.7, 28.0, 28.6, 36.0]","['ABOVE', 'OUTSIDE', 'INSIDE', 'OUTSIDE', 'RAIL']","[[0.99, 0.38, 0.31], [0.12, 1.08, 0.02], [0.95, 2.84, 0.52], [0.52, 0.37, 0.97], [0.15, 0.04, 0.16]]","[116, 144, 129, 133, 122]",18.8
279,1788359740397844610,307200,74119,5,4,35.9,"[23.7, 27.9, 28.5, 35.9]","['NEAR', 'INSIDE', 'RAIL', 'OUTSIDE']","[[0.27, 1.26, 0.5], [0.91, 2.84, 0.51], [0.15, 0.04, 0.21], [0.52, 0.37, 0.97]]","[144, 129, 122, 133]",20.2
280,1788359740494144946,307200,74096,4,4,36.4,"[23.7, 28.0, 35.9, 36.4]","['OUTSIDE', 'RAIL', 'RAIL', 'OUTSIDE']","[[0.16, 1.08, 0.24], [0.97, 0.3, 0.57], [0.15, 0.04, 0.21], [0.49, 0.37, 0.97]]","[144, 150, 122, 133]",23.4
281,1788359740596890076,307200,74073,5,4,35.9,"[18.2, 23.7, 27.9, 35.9]","['NEAR', 'RAIL', 'OUTSIDE', 'NEAR']","[[0.29, 1.26, 0.51], [0.15, 0.04, 0.21], [0.49, 0.37, 0.97], [0.07, 0.16, 0.16]]","[144, 122, 133, 98]",18.5
282,1788359740691613558,307200,74076,3,3,35.9,"[23.7, 28.0, 35.9]","['OUTSIDE', 'RAIL', 'OUTSIDE']","[[0.14, 1.08, 0.25], [0.13, 0.06, 0.16], [0.5, 0.37, 0.97]]","[144, 122, 133]",18.5
283,1788359740796484310,307200,74111,5,5,36.4,"[18.2, 23.7, 28.0, 35.9, 36.4]","['OUTSIDE', 'RAIL', 'OUTSIDE', 'RAIL', 'NEAR']","[[0.15, 1.08, 0.24], [1.01, 0.3, 0.57], [0.51, 0.37, 0.97], [0.14, 0.04, 0.16], [0.08, 0.16, 0.16]]","[144, 150, 133, 122, 98]",17.7
284,1788359740894951443,307200,74104,3,3,36.4,"[23.7, 35.9, 36.4]","['RAIL', 'OUTSIDE', 'RAIL']","[[0.99, 0.3, 0.57], [0.49, 0.37, 0.97], [0.17, 0.04, 0.16]]","[150, 133, 122]",17.2
285,1788359740992117955,307200,74099,4,3,36.0,"[23.7, 28.0, 36.0]","['OUTSIDE', 'OUTSIDE', 'RAIL']","[[0.15, 1.08, 0.24], [0.49, 0.37, 0.97], [0.13, 0.06, 0.16]]","[144, 133, 122]",18.9
286,1788359741091065363,307200,74106,3,3,36.0,"[23.7, 28.0, 36.0]","['OUTSIDE', 'RAIL', 'OUTSIDE']","[[0.16, 1.08, 0.24], [0.15, 0.05, 0.21], [0.5, 0.37, 0.97]]","[144, 122, 133]",17.1
287,1788359741192355840,307200,74116,5,5,36.6,"[18.2, 23.7, 28.0, 35.9, 36.6]","['OUTSIDE', 'RAIL', 'RAIL', 'OUTSIDE', 'NEAR']","[[0.18, 0.98, 0.24], [1.31, 0.3, 0.57], [0.13, 0.06, 0.16], [0.5, 0.37, 0.97], [0.1, 0.16, 0.16]]","[144, 150, 122, 133, 98]",17.8
288,1788359741300973526,307200,74114,6,5,36.4,"[18.2, 23.7, 28.0, 36.0, 36.4]","['OUTSIDE', 'RAIL', 'RAIL', 'OUTSIDE', 'NEAR']","[[0.13, 1.08, 0.25], [1.03, 0.3, 0.57], [0.16, 0.04, 0.21], [0.5, 0.37, 0.97], [0.07, 0.16, 0.16]]","[144, 150, 122, 133, 98]",21.6
289,1788359741395683645,307200,74107,5,3,35.9,"[23.7, 27.9, 35.9]","['NEAR', 'RAIL', 'OUTSIDE']","[[0.29, 1.26, 0.51], [0.13, 0.04, 0.16], [0.5, 0.37, 0.97]]","[144, 122, 133]",20.4
290,1788359741495746210,307200,74112,5,5,36.6,"[18.2, 23.7, 28.0, 35.9, 36.6]","['OUTSIDE', 'RAIL', 'OUTSIDE', 'RAIL', 'NEAR']","[[0.15, 1.08, 0.24], [1.37, 0.3, 0.57], [0.51, 0.37, 0.97], [0.18, 0.04, 0.11], [0.09, 0.16, 0.16]]","[144, 150, 133, 122, 98]",20.3
291,1788359741601275032,307200,74070,5,4,36.6,"[18.2, 23.7, 36.0, 36.6]","['RAIL', 'RAIL', 'OUTSIDE', 'NEAR']","[[1.37, 0.3, 0.57], [0.1, 0.06, 0.16], [0.49, 0.37, 0.97], [0.08, 0.16, 0.16]]","[150, 122, 133, 98]",25.7
292,1788359741695447265,307200,74081,3,3,36.0,"[23.7, 28.0, 36.0]","['OUTSIDE', 'OUTSIDE', 'RAIL']","[[0.14, 1.08, 0.24], [0.5, 0.37, 0.97], [0.17, 0.04, 0.16]]","[144, 133, 122]",18.8
293,1788359741809853909,307200,74100,3,3,35.9,"[23.7, 28.0, 35.9]","['OUTSIDE', 'RAIL', 'OUTSIDE']","[[0.12, 1.08, 0.24], [0.12, 0.05, 0.21], [0.49, 0.37, 0.97]]","[144, 122, 133]",22.2
294,1788359741902127844,307200,74124,5,4,36.6,"[23.7, 28.0, 35.9, 36.6]","['OUTSIDE', 'RAIL', 'RAIL', 'OUTSIDE']","[[0.15, 1.08, 0.24], [1.3, 0.29, 0.57], [0.12, 0.06, 0.21], [0.51, 0.37, 0.97]]","[144, 150, 122, 133]",26.9
295,1788359741999648974,307200,74074,4,4,36.4,"[23.7, 28.0, 35.9, 36.4]","['OUTSIDE', 'RAIL', 'RAIL', 'OUTSIDE']","[[0.14, 1.15, 0.24], [1.02, 0.3, 0.57], [0.13, 0.04, 0.21], [0.51, 0.37, 0.97]]","[144, 150, 122, 133]",20.9
296,1788359742092104861,307200,74101,3,3,35.9,"[23.7, 27.9, 35.9]","['NEAR', 'RAIL', 'OUTSIDE']","[[0.27, 1.33, 0.51], [0.1, 0.06, 0.16], [0.49, 0.37, 0.97]]","[144, 122, 133]",23.3
297,1788359742196248001,307200,74080,4,4,36.4,"[18.2, 23.7, 35.9, 36.4]","['RAIL', 'RAIL', 'OUTSIDE', 'NEAR']","[[1.02, 0.3, 0.57], [0.14, 0.04, 0.16], [0.5, 0.37, 0.97], [0.08, 0.16, 0.16]]","[150, 122, 133, 98]",16.9
298,1788359742296842302,307200,74041,3,3,36.6,"[23.7, 35.9, 36.6]","['RAIL', 'RAIL', 'OUTSIDE']","[[1.38, 0.29, 0.57], [0.13, 0.06, 0.16], [0.5, 0.37, 0.97]]","[150, 122, 133]",19.1
299,1788359742402180387,307200,74080,5,4,35.9,"[18.2, 23.7, 28.0, 35.9]","['OUTSIDE', 'RAIL', 'OUTSIDE', 'NEAR']","[[0.19, 0.92, 0.24], [0.14, 0.04, 0.21], [0.51, 0.37, 0.97], [0.07, 0.16, 0.16]]","[144, 122, 133, 98]",15.9
300,1788359742490269197,307200,74070,3,3,35.9,"[23.7, 28.0, 35.9]","['OUTSIDE', 'RAIL', 'OUTSIDE']","[[0.12, 1.15, 0.24], [0.13, 0.06, 0.21], [0.5, 0.37, 0.97]]","[144, 122, 133]",15.9
301,1788359742613205130,307200,74070,5,4,36.6,"[18.2, 23.7, 35.9, 36.6]","['RAIL', 'RAIL', 'OUTSIDE', 'NEAR']","[[1.34, 0.3, 0.57], [0.16, 0.04, 0.21], [0.51, 0.37, 0.97], [0.08, 0.16, 0.16]]","[150, 122, 133, 98]",14.7
302,1788359742707492339,307200,74084,4,4,36.0,"[18.2, 23.7, 28.0, 36.0]","['OUTSIDE', 'OUTSIDE', 'RAIL', 'NEAR']","[[0.11, 0.98, 0.24], [0.52, 0.37, 0.97], [0.11, 0.06, 0.11], [0.07, 0.16, 0.16]]","[144, 133, 122, 98]",14.6
303,1788359742788170325,307200,74134,2,2,36.0,"[23.7, 36.0]","['RAIL', 'OUTSIDE']","[[0.11, 0.06, 0.21], [0.52, 0.37, 0.97]]","[122, 133]",18.8
304,1788359742902268122,307200,74083,3,3,35.9,"[23.7, 28.0, 35.9]","['OUTSIDE', 'RAIL', 'OUTSIDE']","[[0.18, 1.08, 0.24], [0.14, 0.06, 0.16], [0.51, 0.37, 0.97]]","[144, 122, 133]",17.1
305,1788359742999127925,307200,74052,7,5,36.6,"[18.2, 23.7, 27.9, 36.0, 36.6]","['NEAR', 'RAIL', 'RAIL', 'OUTSIDE', 'NEAR']","[[0.34, 1.33, 0.51], [1.33, 0.3, 0.57], [0.15, 0.04, 0.16], [0.51, 0.37, 0.97], [0.09, 0.16, 0.16]]","[144, 150, 122, 133, 98]",15.7
306,1788359743104646530,307200,74097,3,3,35.9,"[23.7, 28.0, 35.9]","['OUTSIDE', 'RAIL', 'OUTSIDE']","[[0.13, 0.98, 0.24], [0.15, 0.04, 0.21], [0.5, 0.37, 0.97]]","[144, 122, 133]",13.4
307,1788359743198045625,307200,74064,4,3,36.0,"[23.7, 28.5, 36.0]","['INSIDE', 'RAIL', 'OUTSIDE']","[[0.94, 2.84, 0.51], [0.15, 0.04, 0.21], [0.5, 0.37, 0.97]]","[144, 122, 133]",13.1
308,1788359743303413304,307200,74048,4,4,36.6,"[18.2, 23.7, 36.0, 36.6]","['RAIL', 'OUTSIDE', 'RAIL', 'NEAR']","[[1.33, 0.3, 0.57], [0.51, 0.37, 0.97], [0.15, 0.04, 0.11], [0.08, 0.16, 0.16]]","[150, 133, 122, 98]",14.4
309,1788359743399754691,307200,74058,6,4,36.4,"[23.7, 28.0, 35.9, 36.4]","['OUTSIDE', 'RAIL', 'RAIL', 'OUTSIDE']","[[0.13, 1.14, 0.24], [0.98, 0.3, 0.57], [0.13, 0.04, 0.21], [0.5, 0.37, 0.97]]","[144, 150, 122, 133]",13.4
310,1788359743499112117,307200,74059,2,2,36.0,"[23.7, 36.0]","['RAIL', 'OUTSIDE']","[[0.14, 0.06, 0.16], [0.5, 0.37, 0.97]]","[122, 133]",13.9
311,1788359743596048827,307200,74038,3,3,36.4,"[23.7, 35.9, 36.4]","['RAIL', 'RAIL', 'OUTSIDE']","[[1.02, 0.3, 0.57], [0.14, 0.06, 0.16], [0.51, 0.37, 0.97]]","[150, 122, 133]",15.4
312,1788359743702942692,307200,74071,4,4,36.6,"[23.7, 28.0, 35.9, 36.6]","['OUTSIDE', 'RAIL', 'RAIL', 'OUTSIDE']","[[0.17, 1.05, 0.24], [1.37, 0.3, 0.57], [0.13, 0.04, 0.16], [0.5, 0.37, 0.97]]","[144, 150, 122, 133]",14.1
313,1788359743815655393,307200,74068,3,3,35.9,"[23.7, 28.0, 35.9]","['OUTSIDE', 'OUTSIDE', 'RAIL']","[[0.16, 1.08, 0.24], [0.5, 0.37, 0.97], [0.13, 0.06, 0.16]]","[144, 133, 122]",13.5
314,1788359743900200049,307200,74066,3,3,35.9,"[18.2, 23.7, 35.9]","['RAIL', 'OUTSIDE', 'NEAR']","[[0.11, 0.06, 0.21], [0.5, 0.37, 0.97], [0.08, 0.16, 0.16]]","[122, 133, 98]",14.9
315,1788359744012425397,307200,74021,4,4,36.6,"[23.7, 28.0, 35.9, 36.6]","['OUTSIDE', 'RAIL', 'RAIL', 'OUTSIDE']","[[0.18, 1.05, 0.24], [1.39, 0.3, 0.57], [0.14, 0.04, 0.16], [0.52, 0.37, 0.97]]","[144, 150, 122, 133]",17.1
316,1788359744095377029,307200,74082,6,5,36.4,"[18.2, 23.7, 28.0, 35.9, 36.4]","['OUTSIDE', 'RAIL', 'RAIL', 'OUTSIDE', 'NEAR']","[[0.14, 1.15, 0.24], [1.01, 0.3, 0.57], [0.16, 0.04, 0.21], [0.51, 0.37, 0.97], [0.08, 0.16, 0.16]]","[144, 150, 122, 133, 98]",13.0
317,1788359744202029120,307200,74042,4,4,36.4,"[23.7, 27.9, 35.9, 36.4]","['NEAR', 'RAIL', 'RAIL', 'OUTSIDE']","[[0.37, 1.27, 0.51], [1.01, 0.29, 0.57], [0.15, 0.04, 0.16], [0.51, 0.37, 0.97]]","[144, 150, 122, 133]",13.3
318,1788359744308513624,307200,74002,5,4,36.6,"[23.7, 28.0, 35.9, 36.6]","['OUTSIDE', 'RAIL', 'RAIL', 'OUTSIDE']","[[0.18, 0.98, 0.24], [1.28, 0.3, 0.57], [0.14, 0.06, 0.16], [0.51, 0.37, 0.97]]","[144, 150, 122, 133]",16.1
319,1788359744395588531,307200,74021,5,5,36.6,"[18.2, 23.7, 28.0, 35.9, 36.6]","['OUTSIDE', 'RAIL', 'RAIL', 'OUTSIDE', 'NEAR']","[[0.12, 1.08, 0.24], [1.32, 0.29, 0.57], [0.14, 0.04, 0.16], [0.51, 0.37, 0.97], [0.08, 0.16, 0.16]]","[144, 150, 122, 133, 98]",18.0
320,1788359744498107235,307200,74023,5,4,36.6,"[23.7, 28.0, 35.9, 36.6]","['OUTSIDE', 'RAIL', 'RAIL', 'OUTSIDE']","[[0.12, 1.15, 0.24], [1.42, 0.29, 0.57], [0.15, 0.04, 0.16], [0.5, 0.37, 0.97]]","[144, 150, 122, 133]",19.1
321,1788359744595312333,307200,74047,4,4,36.6,"[18.2, 23.7, 35.9, 36.6]","['RAIL', 'RAIL', 'OUTSIDE', 'NEAR']","[[1.33, 0.29, 0.57], [0.16, 0.04, 0.21], [0.52, 0.37, 0.97], [0.08, 0.16, 0.16]]","[150, 122, 133, 98]",14.2
322,1788359744709136695,307200,74050,4,4,36.4,"[18.2, 23.7, 35.9, 36.4]","['RAIL', 'OUTSIDE', 'RAIL', 'NEAR']","[[1.01, 0.3, 0.57], [0.52, 0.37, 0.97], [0.13, 0.05, 0.16], [0.08, 0.16, 0.16]]","[150, 133, 122, 98]",15.2
323,1788359744799563875,307200,74081,4,4,36.6,"[23.7, 28.0, 35.9, 36.6]","['OUTSIDE', 'RAIL', 'OUTSIDE', 'RAIL']","[[0.19, 0.98, 0.24], [1.36, 0.3, 0.57], [0.52, 0.37, 0.97], [0.1, 0.06, 0.11]]","[144, 150, 133, 122]",16.4
324,1788359744894543288,307200,74071,4,4,36.4,"[23.7, 28.0, 36.0, 36.4]","['OUTSIDE', 'RAIL', 'OUTSIDE', 'RAIL']","[[0.17, 0.98, 0.24], [0.99, 0.29, 0.57], [0.51, 0.37, 0.97], [0.15, 0.04, 0.11]]","[144, 150, 133, 122]",15.3
325,1788359744993689090,307200,74068,4,4,36.6,"[23.7, 28.0, 35.9, 36.6]","['OUTSIDE', 'RAIL', 'OUTSIDE', 'RAIL']","[[0.14, 0.98, 0.24], [1.33, 0.29, 0.57], [0.5, 0.37, 0.97], [0.15, 0.04, 0.16]]","[144, 150, 133, 122]",20.8
326,1788359745101068104,307200,74107,5,4,36.6,"[23.7, 28.0, 36.0, 36.6]","['OUTSIDE', 'RAIL', 'OUTSIDE', 'RAIL']","[[0.15, 1.15, 0.24], [1.38, 0.3, 0.57], [0.49, 0.37, 0.97], [0.11, 0.06, 0.11]]","[144, 150, 133, 122]",15.7
327,1788359745194179902,307200,74064,5,4,36.4,"[23.7, 28.0, 35.9, 36.4]","['OUTSIDE', 'RAIL', 'RAIL', 'OUTSIDE']","[[0.17, 0.98, 0.24], [1.02, 0.3, 0.57], [0.16, 0.04, 0.21], [0.51, 0.37, 0.97]]","[144, 150, 122, 133]",14.1
328,1788359745297927935,307200,74049,5,4,36.4,"[23.7, 28.0, 35.9, 36.4]","['OUTSIDE', 'RAIL', 'RAIL', 'OUTSIDE']","[[0.15, 1.08, 0.24], [0.99, 0.29, 0.57], [0.13, 0.06, 0.21], [0.49, 0.37, 0.97]]","[144, 150, 122, 133]",14.2
329,1788359745396763873,307200,74034,4,4,36.6,"[23.7, 28.8, 35.9, 36.6]","['RAIL', 'OUTSIDE', 'RAIL', 'INSIDE']","[[1.29, 0.3, 0.57], [0.51, 0.37, 0.97], [0.15, 0.04, 0.16], [0.23, 1.6, 0.02]]","[150, 133, 122, 144]",17.7
330,1788359745501622590,307200,74042,4,4,36.1,"[23.7, 28.0, 35.9, 36.1]","['OUTSIDE', 'RAIL', 'OUTSIDE', 'RAIL']","[[0.19, 1.08, 0.24], [0.48, 0.29, 0.48], [0.51, 0.37, 0.97], [0.15, 0.04, 0.11]]","[144, 150, 133, 122]",13.9
331,1788359745602441763,307200,73990,5,4,36.5,"[23.7, 28.8, 35.9, 36.5]","['RAIL', 'RAIL', 'OUTSIDE', 'INSIDE']","[[1.29, 0.29, 0.57], [0.13, 0.04, 0.21], [0.49, 0.37, 0.97], [0.25, 1.6, 0.02]]","[150, 122, 133, 144]",23.9
332,1788359745698508582,307200,74058,4,3,36.6,"[23.7, 35.9, 36.6]","['RAIL', 'RAIL', 'OUTSIDE']","[[1.33, 0.3, 0.57], [0.12, 0.06, 0.21], [0.5, 0.37, 0.97]]","[150, 122, 133]",20.0
333,1788359745807379307,307200,74073,4,4,36.6,"[23.7, 28.8, 35.9, 36.6]","['RAIL', 'OUTSIDE', 'RAIL', 'INSIDE']","[[1.33, 0.29, 0.57], [0.51, 0.37, 0.97], [0.13, 0.04, 0.16], [0.22, 1.61, 0.02]]","[150, 133, 122, 144]",21.3
334,1788359745905329481,307200,74085,5,4,36.4,"[23.7, 28.9, 35.9, 36.4]","['RAIL', 'OUTSIDE', 'RAIL', 'INSIDE']","[[1.0, 0.3, 0.57], [0.5, 0.37, 0.97], [0.12, 0.06, 0.11], [0.22, 1.61, 0.02]]","[150, 133, 122, 144]",19.6
335,1788359746002441155,307200,74001,5,4,36.4,"[23.7, 28.0, 36.0, 36.4]","['OUTSIDE', 'RAIL', 'RAIL', 'OUTSIDE']","[[0.16, 1.15, 0.24], [0.99, 0.3, 0.57], [0.15, 0.04, 0.21], [0.51, 0.37, 0.97]]","[144, 150, 122, 133]",14.9
336,1788359746097993445,307200,74004,4,4,36.4,"[23.7, 28.0, 35.9, 36.4]","['OUTSIDE', 'RAIL', 'RAIL', 'OUTSIDE']","[[0.17, 0.98, 0.24], [1.0, 0.3, 0.57], [0.14, 0.05, 0.21], [0.51, 0.37, 0.97]]","[144, 150, 122, 133]",16.1
337,1788359746194690250,307200,74062,4,4,36.6,"[23.7, 28.8, 35.9, 36.6]","['RAIL', 'RAIL', 'OUTSIDE', 'INSIDE']","[[1.35, 0.3, 0.57], [0.11, 0.06, 0.16], [0.5, 0.37, 0.97], [0.22, 1.61, 0.02]]","[150, 122, 133, 144]",15.9
338,1788359746300875524,307200,74020,4,2,35.9,"[23.7, 35.9]","['OUTSIDE', 'RAIL']","[[0.5, 0.37, 0.97], [0.16, 0.07, 0.16]]","[133, 122]",15.9
339,1788359746396125288,307200,74059,3,3,36.6,"[23.7, 35.9, 36.6]","['RAIL', 'RAIL', 'OUTSIDE']","[[1.36, 0.3, 0.57], [0.1, 0.06, 0.16], [0.51, 0.37, 0.97]]","[150, 122, 133]",19.4
340,1788359746500438638,307200,74097,4,4,36.4,"[23.7, 28.0, 35.9, 36.4]","['NEAR', 'RAIL', 'OUTSIDE', 'RAIL']","[[0.23, 1.32, 0.5], [1.01, 0.3, 0.57], [0.5, 0.37, 0.97], [0.15, 0.04, 0.16]]","[144, 150, 133, 122]",24.9
341,1788359746606714214,307200,74063,4,4,36.4,"[23.7, 28.0, 35.9, 36.4]","['OUTSIDE', 'RAIL', 'OUTSIDE', 'RAIL']","[[0.17, 1.15, 0.25], [1.01, 0.3, 0.57], [0.49, 0.37, 0.97], [0.11, 0.06, 0.11]]","[144, 150, 133, 122]",24.8
342,1788359746698611634,307200,74042,4,3,36.1,"[23.7, 35.9, 36.1]","['RAIL', 'RAIL', 'OUTSIDE']","[[0.13, 0.06, 0.21], [0.46, 0.3, 0.48], [0.51, 0.37, 0.97]]","[122, 150, 133]",50.6
343,1788359746805315168,307200,74015,4,3,36.6,"[23.7, 36.0, 36.6]","['RAIL', 'RAIL', 'OUTSIDE']","[[1.36, 0.3, 0.57], [0.15, 0.04, 0.21], [0.5, 0.37, 0.97]]","[150, 122, 133]",43.6
344,1788359746907332021,307200,74052,5,5,36.6,"[23.7, 28.0, 28.5, 36.0, 36.6]","['OUTSIDE', 'RAIL', 'RAIL', 'RAIL', 'OUTSIDE']","[[0.17, 0.98, 0.24], [1.34, 0.3, 0.57], [0.75, 0.28, 0.31], [0.14, 0.04, 0.21], [0.49, 0.37, 0.97]]","[144, 150, 156, 122, 133]",40.7
345,1788359747019017037,307200,74056,4,4,36.4,"[23.7, 28.0, 35.9, 36.4]","['OUTSIDE', 'RAIL', 'OUTSIDE', 'RAIL']","[[0.18, 0.98, 0.24], [1.03, 0.3, 0.57], [0.52, 0.37, 0.97], [0.11, 0.06, 0.11]]","[144, 150, 133, 122]",38.6
