frame,ts_ns,in_points,roi_points,raw_candidates,confirmed,max_dist,dist_list,zone_list,size_list,track_id_list,proc_ms
1,1788358443342122534,307200,103462,28,0,0.0,[],[],[],[],37.7
2,1788358443446432821,307200,94680,30,0,0.0,[],[],[],[],29.3
3,1788358443543440109,307200,103388,25,0,0.0,[],[],[],[],38.1
4,1788358443646502500,307200,101861,28,0,0.0,[],[],[],[],36.5
5,1788358443746778287,307200,98474,21,0,0.0,[],[],[],[],40.3
6,1788358443838386269,307200,101921,24,0,0.0,[],[],[],[],21.3
7,1788358443938807313,307200,108855,25,0,0.0,[],[],[],[],19.3
8,1788358444035498044,307200,100711,28,0,0.0,[],[],[],[],22.8
9,1788358444140845757,307200,103378,22,0,0.0,[],[],[],[],19.7
10,1788358444242669018,307200,107308,27,0,0.0,[],[],[],[],21.5
11,1788358444340774411,307200,94980,27,0,0.0,[],[],[],[],22.7
12,1788358444439482080,307200,105949,28,0,0.0,[],[],[],[],21.4
13,1788358444537205756,307200,102044,23,0,0.0,[],[],[],[],24.0
14,1788358444640460522,307200,109213,24,0,0.0,[],[],[],[],23.7
15,1788358444735582675,307200,93627,31,0,0.0,[],[],[],[],20.8
16,1788358444840670222,307200,100795,23,1,111.0,[111.0],['INSIDE'],"[[0.09, 1.74, 0.0]]",[28],22.9
17,1788358444944312696,307200,102521,25,1,105.4,[105.4],['INSIDE'],"[[3.06, 0.1, 0.74]]",[27],24.1
18,1788358445036492277,307200,108454,23,6,112.2,"[35.9, 42.1, 47.6, 94.5, 104.1, 112.2]","['NEAR', 'NEAR', 'INSIDE', 'INSIDE', 'INSIDE', 'INSIDE']","[[0.47, 0.15, 0.84], [0.31, 0.19, 0.85], [0.71, 1.57, 0.3], [2.74, 3.86, 1.84], [2.94, 0.07, 0.73], [1.65, 4.15, 1.95]]","[5, 35, 3, 25, 27, 28]",20.9
19,1788358445135409797,307200,98905,28,12,111.0,"[23.0, 35.0, 43.9, 47.2, 48.3, 48.7, 80.6, 87.2, 89.9, 93.2, 102.9, 111.0]","['OUTSIDE', 'NEAR', 'NEAR', 'INSIDE', 'INSIDE', 'INSIDE', 'INSIDE', 'OUTSIDE', 'INSIDE', 'INSIDE', 'INSIDE', 'OUTSIDE']","[[4.55, 0.34, 2.05], [1.58, 0.18, 1.61], [0.92, 0.2, 1.06], [0.28, 2.59, 0.23], [0.41, 2.13, 0.3], [0.22, 1.01, 0.01], [14.09, 4.25, 2.57], [0.24, 0.36, 0.79], [9.84, 4.58, 2.48], [2.88, 3.58, 2.23], [3.08, 0.09, 0.73], [1.5, 0.43, 1.93]]","[5, 35, 7, 12, 3, 6, 17, 20, 21, 25, 27, 28]",21.8
20,1788358445238329575,307200,103237,28,14,110.0,"[24.7, 35.3, 36.7, 42.9, 46.0, 48.3, 49.0, 49.8, 80.4, 85.0, 91.4, 95.7, 102.1, 110.0]","['OUTSIDE', 'RAIL', 'NEAR', 'NEAR', 'RAIL', 'INSIDE', 'INSIDE', 'INSIDE', 'INSIDE', 'OUTSIDE', 'INSIDE', 'OUTSIDE', 'NEAR', 'INSIDE']","[[5.17, 0.37, 2.16], [0.42, 0.12, 0.98], [0.17, 0.1, 0.53], [1.22, 0.21, 1.91], [0.27, 0.2, 0.76], [0.12, 1.72, 0.01], [0.08, 0.95, 0.01], [0.2, 2.19, 0.02], [3.75, 3.9, 2.2], [2.87, 0.21, 1.46], [3.46, 3.86, 2.42], [1.64, 0.17, 1.68], [2.04, 0.77, 0.72], [2.34, 4.08, 2.1]]","[5, 35, 7, 6, 30, 3, 12, 13, 17, 21, 25, 37, 27, 28]",29.9
21,1788358445339582138,307200,102365,28,13,109.0,"[34.0, 45.9, 47.7, 49.3, 49.6, 75.3, 83.3, 87.3, 90.7, 94.9, 98.6, 101.7, 109.0]","['NEAR', 'NEAR', 'NEAR', 'RAIL', 'NEAR', 'RAIL', 'INSIDE', 'NEAR', 'INSIDE', 'OUTSIDE', 'OUTSIDE', 'OUTSIDE', 'INSIDE']","[[0.57, 0.17, 2.11], [2.34, 0.24, 1.93], [0.52, 0.19, 0.87], [1.33, 0.55, 0.78], [1.25, 0.24, 0.66], [3.09, 0.11, 1.02], [3.03, 0.09, 1.48], [1.15, 0.65, 2.3], [2.64, 3.82, 1.01], [2.3, 0.2, 2.06], [0.27, 1.9, 0.01], [3.77, 0.48, 1.84], [2.94, 4.21, 2.09]]","[7, 6, 35, 30, 3, 17, 19, 22, 25, 37, 24, 27, 28]",25.7
22,1788358445437267996,307200,94486,22,12,108.5,"[34.2, 43.9, 45.3, 46.3, 47.9, 48.5, 49.7, 74.5, 96.7, 100.7, 106.8, 108.5]","['OUTSIDE', 'NEAR', 'NEAR', 'NEAR', 'NEAR', 'RAIL', 'RAIL', 'RAIL', 'INSIDE', 'OUTSIDE', 'INSIDE', 'INSIDE']","[[7.23, 0.27, 1.82], [1.47, 0.2, 1.54], [0.38, 0.17, 1.61], [3.49, 0.41, 1.93], [0.25, 0.12, 1.13], [0.93, 0.42, 0.76], [0.5, 0.23, 0.55], [2.0, 0.13, 1.02], [1.6, 3.95, 1.07], [3.24, 0.3, 1.4], [0.96, 4.28, 2.06], [1.44, 0.47, 1.9]]","[3, 5, 7, 6, 4, 30, 35, 17, 23, 27, 32, 28]",24.3
23,1788358445538974683,307200,101760,27,19,107.2,"[25.9, 35.8, 37.5, 42.5, 43.2, 44.0, 46.6, 46.7, 47.2, 49.3, 82.7, 89.4, 91.0, 93.7, 96.2, 100.2, 102.0, 105.8, 107.2]","['NEAR', 'NEAR', 'NEAR', 'NEAR', 'NEAR', 'RAIL', 'INSIDE', 'INSIDE', 'INSIDE', 'INSIDE', 'RAIL', 'INSIDE', 'INSIDE', 'INSIDE', 'INSIDE', 'OUTSIDE', 'INSIDE', 'INSIDE', 'INSIDE']","[[0.78, 0.24, 1.69], [0.76, 0.17, 0.96], [3.47, 0.33, 2.32], [0.84, 0.26, 1.19], [0.44, 0.19, 0.22], [0.88, 0.56, 0.52], [0.22, 0.78, 0.32], [0.17, 1.92, 0.32], [0.16, 1.79, 0.01], [0.78, 2.23, 0.93], [0.97, 0.09, 0.69], [0.07, 1.56, 0.0], [0.69, 4.03, 0.58], [0.96, 0.06, 0.65], [3.19, 3.92, 2.3], [1.62, 0.27, 0.63], [0.07, 1.07, 0.0], [1.58, 4.1, 2.04], [1.44, 0.46, 1.88]]","[11, 5, 4, 6, 7, 30, 9, 13, 31, 12, 19, 25, 20, 23, 37, 27, 24, 32, 28]",24.5
24,1788358445640537415,307200,99814,19,16,105.9,"[25.3, 30.0, 32.7, 36.8, 37.0, 40.7, 41.9, 44.0, 45.5, 46.0, 47.9, 96.3, 97.3, 100.2, 104.3, 105.9]","['OUTSIDE', 'NEAR', 'NEAR', 'RAIL', 'RAIL', 'INSIDE', 'INSIDE', 'INSIDE', 'INSIDE', 'INSIDE', 'INSIDE', 'INSIDE', 'OUTSIDE', 'INSIDE', 'OUTSIDE', 'INSIDE']","[[2.74, 0.34, 1.85], [4.79, 0.25, 2.04], [4.68, 0.3, 2.24], [1.29, 0.54, 0.89], [0.79, 0.18, 0.87], [0.47, 2.08, 0.31], [0.12, 1.42, 0.01], [0.16, 2.01, 0.01], [0.34, 1.06, 0.04], [0.39, 0.94, 0.03], [0.24, 1.75, 0.02], [3.28, 3.86, 2.27], [4.71, 0.64, 2.31], [1.18, 2.62, 0.22], [2.16, 0.49, 2.01], [1.44, 0.56, 1.89]]","[9, 11, 4, 30, 5, 8, 13, 31, 12, 1, 10, 37, 27, 24, 32, 28]",24.9
25,1788358445742078850,307200,98355,21,19,104.6,"[25.4, 30.0, 36.6, 37.7, 41.7, 43.3, 45.0, 46.7, 47.8, 48.2, 84.8, 86.9, 87.6, 92.4, 95.1, 96.6, 98.9, 103.2, 104.6]","['OUTSIDE', 'NEAR', 'NEAR', 'RAIL', 'RAIL', 'INSIDE', 'INSIDE', 'INSIDE', 'INSIDE', 'INSIDE', 'OUTSIDE', 'OUTSIDE', 'INSIDE', 'INSIDE', 'INSIDE', 'OUTSIDE', 'INSIDE', 'INSIDE', 'INSIDE']","[[8.32, 0.47, 2.29], [4.21, 0.31, 1.76], [2.9, 0.35, 1.88], [1.56, 0.2, 0.86], [0.93, 0.18, 0.64], [0.47, 1.77, 0.05], [0.08, 1.79, 0.01], [0.46, 0.94, 0.04], [0.1, 1.34, 0.01], [0.23, 1.02, 0.01], [1.47, 0.55, 0.97], [1.97, 0.26, 1.67], [1.21, 3.97, 2.53], [5.5, 4.09, 2.45], [3.05, 0.19, 1.26], [2.9, 0.63, 1.47], [1.23, 2.08, 0.22], [1.67, 4.03, 2.26], [1.46, 0.56, 2.03]]","[9, 4, 6, 5, 30, 12, 13, 1, 31, 10, 21, 36, 22, 20, 23, 27, 24, 32, 28]",22.9
26,1788358445839575205,307200,102248,23,18,103.3,"[27.3, 30.1, 32.8, 36.7, 40.2, 41.1, 42.0, 44.4, 44.7, 45.6, 48.2, 82.2, 86.4, 89.1, 92.8, 97.6, 101.5, 103.3]","['NEAR', 'NEAR', 'NEAR', 'NEAR', 'RAIL', 'INSIDE', 'INSIDE', 'INSIDE', 'RAIL', 'INSIDE', 'INSIDE', 'INSIDE', 'INSIDE', 'OUTSIDE', 'INSIDE', 'INSIDE', 'OUTSIDE', 'INSIDE']","[[0.82, 0.25, 0.81], [6.02, 0.34, 1.87], [1.2, 0.17, 0.79], [0.75, 0.34, 1.32], [3.84, 0.57, 0.97], [1.53, 2.14, 0.57], [0.17, 1.67, 0.01], [0.43, 2.17, 0.46], [0.48, 0.12, 0.51], [0.64, 0.94, 0.06], [0.39, 0.95, 0.04], [4.9, 4.77, 2.7], [1.52, 4.4, 2.28], [1.66, 0.2, 1.22], [5.09, 4.08, 2.42], [1.22, 2.57, 0.22], [0.78, 1.57, 2.24], [1.45, 0.55, 2.0]]","[11, 4, 7, 10, 5, 8, 13, 31, 30, 1, 14, 19, 22, 36, 20, 24, 32, 28]",23.5
27,1788358445937296263,307200,102571,25,17,101.0,"[27.4, 33.8, 36.6, 40.0, 41.6, 43.4, 45.3, 45.5, 48.2, 48.6, 49.7, 86.9, 88.1, 93.5, 95.4, 100.8, 101.0]","['OUTSIDE', 'NEAR', 'NEAR', 'NEAR', 'NEAR', 'RAIL', 'RAIL', 'INSIDE', 'INSIDE', 'INSIDE', 'INSIDE', 'INSIDE', 'INSIDE', 'OUTSIDE', 'INSIDE', 'OUTSIDE', 'INSIDE']","[[5.14, 0.42, 1.81], [6.32, 0.32, 2.43], [3.04, 0.34, 1.82], [0.26, 0.2, 1.01], [1.62, 0.22, 1.91], [1.63, 0.54, 0.9], [0.68, 0.18, 0.68], [0.29, 1.91, 0.02], [0.17, 1.86, 0.01], [0.07, 2.38, 0.01], [0.07, 0.86, 0.01], [0.1, 2.19, 0.21], [0.2, 3.3, 0.21], [4.83, 0.57, 2.46], [0.26, 3.5, 0.01], [1.46, 0.76, 2.43], [2.25, 0.55, 2.39]]","[3, 11, 4, 6, 31, 5, 30, 13, 35, 7, 14, 22, 25, 20, 37, 32, 28]",22.7
28,1788358446044454293,307200,102730,19,14,99.8,"[26.4, 27.4, 29.6, 32.3, 36.9, 45.6, 46.3, 47.3, 48.7, 88.2, 92.1, 94.7, 99.5, 99.8]","['NEAR', 'NEAR', 'INSIDE', 'INSIDE', 'INSIDE', 'INSIDE', 'INSIDE', 'INSIDE', 'INSIDE', 'INSIDE', 'OUTSIDE', 'INSIDE', 'OUTSIDE', 'INSIDE']","[[0.56, 0.17, 0.32], [0.43, 0.2, 1.15], [0.75, 2.02, 0.54], [0.24, 1.82, 0.26], [0.06, 1.02, 0.01], [0.06, 1.8, 0.01], [0.1, 1.87, 0.0], [0.15, 2.55, 0.01], [0.07, 1.66, 0.01], [0.17, 3.91, 0.21], [4.85, 0.43, 2.36], [1.86, 3.84, 2.47], [1.35, 0.44, 2.37], [2.07, 0.37, 2.04]]","[4, 31, 1, 14, 8, 13, 35, 7, 12, 25, 20, 37, 32, 28]",21.5
29,1788358446138624768,307200,103031,25,19,99.1,"[25.1, 28.3, 29.6, 32.8, 36.5, 40.9, 42.7, 45.1, 46.1, 47.0, 47.5, 82.6, 86.0, 88.8, 91.8, 93.5, 97.4, 98.2, 99.1]","['NEAR', 'NEAR', 'NEAR', 'NEAR', 'RAIL', 'INSIDE', 'INSIDE', 'INSIDE', 'INSIDE', 'INSIDE', 'NEAR', 'NEAR', 'INSIDE', 'OUTSIDE', 'INSIDE', 'INSIDE', 'INSIDE', 'OUTSIDE', 'INSIDE']","[[3.05, 0.33, 1.72], [0.89, 0.19, 1.47], [0.45, 0.19, 0.82], [0.62, 0.19, 1.59], [1.48, 0.17, 0.72], [0.4, 2.03, 0.79], [0.3, 1.91, 0.02], [0.13, 1.82, 0.01], [0.24, 1.05, 0.02], [0.15, 1.83, 0.01], [0.05, 1.48, 0.01], [1.73, 0.76, 1.46], [2.92, 3.94, 2.45], [2.58, 0.63, 2.55], [1.54, 4.25, 0.41], [4.63, 4.03, 2.62], [0.22, 0.53, 0.19], [1.4, 0.73, 2.36], [0.77, 0.2, 2.17]]","[10, 4, 31, 6, 5, 1, 13, 35, 12, 8, 14, 19, 22, 36, 37, 20, 24, 32, 28]",26.8
30,1788358446237309353,307200,103203,23,16,97.1,"[30.0, 32.7, 37.1, 38.5, 41.5, 44.7, 45.9, 47.2, 49.5, 49.7, 82.2, 88.7, 89.1, 92.9, 94.5, 97.1]","['NEAR', 'NEAR', 'RAIL', 'NEAR', 'NEAR', 'NEAR', 'NEAR', 'INSIDE', 'INSIDE', 'INSIDE', 'RAIL', 'NEAR', 'INSIDE', 'INSIDE', 'INSIDE', 'INSIDE']","[[1.19, 0.29, 2.32], [3.4, 0.32, 2.09], [0.76, 0.13, 0.45], [0.32, 0.21, 1.61], [0.46, 0.09, 0.35], [1.17, 0.11, 0.91], [0.69, 0.17, 0.72], [0.32, 1.97, 0.29], [0.28, 1.78, 0.03], [0.48, 1.03, 0.03], [0.04, 0.08, 0.9], [0.09, 0.77, 0.0], [7.94, 4.01, 2.71], [0.04, 1.95, 0.0], [0.11, 2.31, 0.0], [2.28, 4.23, 2.32]]","[9, 10, 6, 31, 35, 4, 7, 8, 1, 13, 19, 25, 36, 37, 23, 27]",24.4
31,1788358446340259676,307200,101982,18,12,96.1,"[24.3, 28.7, 28.9, 33.0, 37.2, 45.8, 47.1, 48.5, 49.5, 87.3, 87.4, 96.1]","['NEAR', 'RAIL', 'NEAR', 'NEAR', 'INSIDE', 'INSIDE', 'INSIDE', 'INSIDE', 'INSIDE', 'INSIDE', 'OUTSIDE', 'INSIDE']","[[1.15, 0.2, 1.51], [1.29, 0.25, 0.95], [1.09, 0.19, 1.6], [0.72, 0.25, 1.19], [1.92, 2.24, 1.25], [0.4, 1.76, 0.52], [0.12, 2.09, 0.29], [0.43, 1.81, 0.03], [0.07, 1.6, 0.0], [3.08, 3.28, 2.72], [5.45, 1.52, 2.68], [2.96, 4.21, 2.48]]","[4, 6, 31, 35, 12, 1, 8, 13, 14, 22, 25, 27]",21.1
32,1788358446447142435,307200,104559,20,14,95.0,"[24.3, 25.2, 29.9, 33.0, 37.7, 38.9, 39.2, 39.2, 42.4, 45.7, 46.3, 85.5, 94.1, 95.0]","['NEAR', 'NEAR', 'NEAR', 'NEAR', 'RAIL', 'INSIDE', 'INSIDE', 'INSIDE', 'INSIDE', 'INSIDE', 'INSIDE', 'INSIDE', 'INSIDE', 'INSIDE']","[[4.25, 0.37, 1.71], [6.26, 0.34, 2.37], [0.41, 0.22, 1.12], [2.1, 0.47, 0.61], [0.55, 0.18, 0.81], [0.47, 0.7, 0.34], [0.3, 0.82, 0.02], [0.45, 1.05, 0.05], [0.47, 0.94, 0.04], [0.51, 2.16, 0.03], [0.17, 1.04, 0.01], [7.87, 4.15, 2.73], [1.76, 4.16, 2.45], [1.22, 0.2, 2.08]]","[9, 31, 10, 12, 30, 13, 11, 14, 1, 5, 8, 22, 23, 27]",21.9
33,1788358446538115242,307200,98844,22,15,93.6,"[25.6, 26.4, 27.5, 33.4, 39.1, 41.1, 42.2, 44.5, 45.6, 47.4, 51.0, 86.6, 87.8, 92.8, 93.6]","['NEAR', 'NEAR', 'NEAR', 'RAIL', 'NEAR', 'INSIDE', 'INSIDE', 'INSIDE', 'INSIDE', 'OUTSIDE', 'NEAR', 'INSIDE', 'INSIDE', 'OUTSIDE', 'INSIDE']","[[2.37, 0.27, 1.64], [0.99, 0.23, 0.88], [3.42, 0.35, 2.31], [1.29, 0.22, 0.59], [0.47, 0.18, 0.87], [0.44, 2.58, 0.25], [0.51, 1.26, 0.05], [0.11, 1.77, 0.01], [0.21, 1.05, 0.02], [0.52, 1.24, 0.72], [1.94, 0.29, 2.89], [1.26, 1.72, 2.68], [0.56, 4.13, 2.51], [1.86, 0.41, 2.22], [2.7, 1.93, 2.31]]","[10, 7, 4, 31, 9, 14, 12, 11, 8, 1, 35, 22, 36, 20, 23]",23.1
34,1788358446636376707,307200,100960,24,14,92.0,"[26.6, 27.7, 33.2, 40.3, 42.2, 42.9, 44.2, 45.7, 48.3, 49.6, 50.8, 87.1, 91.6, 92.0]","['NEAR', 'RAIL', 'NEAR', 'NEAR', 'NEAR', 'RAIL', 'INSIDE', 'INSIDE', 'INSIDE', 'INSIDE', 'RAIL', 'INSIDE', 'OUTSIDE', 'INSIDE']","[[1.51, 0.2, 1.43], [1.0, 0.18, 0.58], [2.39, 0.43, 2.26], [2.43, 0.28, 1.54], [1.4, 0.27, 0.94], [0.61, 0.27, 1.09], [0.8, 1.21, 0.5], [0.64, 2.17, 0.68], [1.25, 2.19, 0.57], [0.42, 1.77, 0.03], [1.48, 0.22, 0.45], [1.39, 4.13, 2.74], [1.59, 0.53, 2.4], [2.08, 1.4, 2.28]]","[10, 7, 31, 42, 4, 6, 12, 14, 8, 11, 35, 36, 20, 23]",24.4
35,1788358446742571474,307200,103351,25,19,91.0,"[27.4, 29.3, 33.6, 34.3, 36.4, 37.4, 38.4, 41.4, 42.4, 43.0, 44.4, 46.9, 48.2, 48.6, 48.9, 82.5, 87.8, 90.3, 91.0]","['NEAR', 'NEAR', 'NEAR', 'NEAR', 'RAIL', 'NEAR', 'NEAR', 'NEAR', 'RAIL', 'RAIL', 'INSIDE', 'INSIDE', 'INSIDE', 'INSIDE', 'INSIDE', 'INSIDE', 'OUTSIDE', 'OUTSIDE', 'NEAR']","[[2.41, 0.34, 2.07], [2.19, 0.26, 1.96], [2.34, 0.35, 2.92], [2.02, 0.28, 1.82], [1.24, 0.29, 1.02], [0.32, 0.29, 0.44], [1.1, 0.4, 0.95], [0.81, 0.23, 1.28], [1.46, 0.34, 1.06], [0.51, 0.26, 0.96], [1.01, 2.18, 0.5], [0.44, 2.06, 0.59], [0.19, 1.05, 0.01], [0.44, 1.78, 0.03], [0.35, 0.95, 0.03], [7.88, 4.32, 2.72], [0.32, 1.58, 0.98], [1.31, 0.53, 2.36], [2.67, 0.48, 2.35]]","[3, 9, 7, 10, 42, 4, 31, 13, 6, 30, 14, 8, 5, 11, 12, 18, 25, 20, 23]",23.2
36,1788358446836295357,307200,103465,20,13,88.7,"[26.6, 27.4, 29.6, 32.2, 33.7, 39.7, 41.1, 42.7, 47.3, 47.3, 77.2, 85.6, 88.7]","['NEAR', 'NEAR', 'NEAR', 'INSIDE', 'INSIDE', 'INSIDE', 'INSIDE', 'INSIDE', 'INSIDE', 'INSIDE', 'INSIDE', 'INSIDE', 'INSIDE']","[[10.65, 0.37, 2.5], [0.61, 0.17, 0.12], [1.47, 0.5, 1.12], [0.19, 1.03, 0.02], [0.8, 2.19, 0.32], [0.65, 2.17, 0.61], [0.09, 2.49, 0.01], [0.62, 2.22, 0.55], [0.17, 1.79, 0.01], [0.18, 1.05, 0.02], [1.31, 2.59, 0.21], [2.95, 1.01, 1.71], [3.34, 4.27, 2.75]]","[10, 31, 6, 12, 14, 8, 5, 2, 11, 1, 18, 22, 36]",21.8
37,1788358446937129009,307200,102204,17,9,92.7,"[27.6, 33.9, 37.0, 42.4, 46.2, 82.3, 85.2, 88.2, 92.7]","['RAIL', 'INSIDE', 'INSIDE', 'INSIDE', 'INSIDE', 'OUTSIDE', 'RAIL', 'INSIDE', 'INSIDE']","[[0.57, 0.18, 1.01], [0.35, 2.04, 0.3], [0.16, 1.81, 0.01], [0.54, 1.74, 0.05], [0.45, 1.78, 0.03], [0.12, 1.0, 0.0], [0.45, 0.08, 0.94], [3.11, 4.39, 2.71], [0.11, 3.07, 0.0]]","[30, 8, 13, 1, 11, 19, 22, 36, 37]",22.2
38,1788358447035694884,307200,102345,21,14,91.5,"[28.9, 31.4, 32.4, 33.4, 33.5, 34.5, 37.1, 38.5, 41.6, 44.8, 49.2, 49.4, 86.6, 91.5]","['NEAR', 'RAIL', 'NEAR', 'NEAR', 'RAIL', 'NEAR', 'INSIDE', 'INSIDE', 'INSIDE', 'INSIDE', 'NEAR', 'OUTSIDE', 'INSIDE', 'INSIDE']","[[10.58, 0.41, 2.11], [1.33, 0.24, 1.06], [0.79, 0.44, 2.36], [0.45, 0.16, 0.44], [0.28, 0.19, 0.77], [0.68, 0.4, 0.61], [0.56, 2.08, 0.6], [0.27, 2.13, 0.37], [0.34, 1.81, 0.02], [0.3, 0.93, 0.02], [1.22, 1.48, 0.34], [0.67, 1.09, 0.49], [3.61, 4.42, 2.67], [0.17, 2.24, 0.0]]","[9, 7, 4, 3, 30, 40, 8, 11, 13, 2, 14, 1, 36, 37]",24.6
39,1788358447141241758,307200,101770,23,14,92.8,"[32.8, 33.5, 36.1, 37.4, 39.0, 41.6, 42.1, 43.0, 43.2, 48.1, 82.6, 84.6, 85.1, 92.8]","['NEAR', 'NEAR', 'NEAR', 'NEAR', 'NEAR', 'INSIDE', 'INSIDE', 'INSIDE', 'INSIDE', 'NEAR', 'OUTSIDE', 'OUTSIDE', 'INSIDE', 'INSIDE']","[[8.83, 0.33, 2.06], [1.17, 0.34, 1.55], [0.86, 0.39, 1.92], [1.26, 0.46, 1.13], [0.54, 0.45, 0.96], [0.83, 2.15, 0.63], [0.1, 2.06, 0.01], [0.24, 1.83, 0.02], [0.07, 1.76, 0.0], [0.16, 1.5, 0.01], [0.53, 1.87, 1.11], [2.33, 0.52, 2.65], [2.77, 0.48, 2.44], [1.14, 3.28, 0.2]]","[3, 10, 6, 42, 11, 2, 8, 13, 5, 9, 19, 36, 22, 37]",28.3
40,1788358447241177153,307200,100936,21,14,92.8,"[28.0, 30.8, 32.0, 33.6, 37.3, 40.6, 42.3, 46.9, 48.3, 52.6, 81.5, 83.3, 86.5, 92.8]","['RAIL', 'NEAR', 'NEAR', 'INSIDE', 'INSIDE', 'INSIDE', 'INSIDE', 'INSIDE', 'INSIDE', 'OUTSIDE', 'INSIDE', 'INSIDE', 'INSIDE', 'INSIDE']","[[0.53, 0.25, 0.56], [1.3, 0.44, 1.87], [0.38, 0.04, 1.42], [0.93, 2.03, 0.28], [0.48, 1.73, 0.04], [0.53, 1.95, 0.03], [0.54, 2.29, 0.31], [0.23, 1.92, 0.02], [0.24, 0.98, 0.02], [5.03, 0.89, 2.05], [0.2, 1.76, 0.18], [3.82, 4.28, 2.77], [0.18, 0.75, 0.0], [0.19, 1.62, 0.01]]","[10, 31, 6, 2, 8, 13, 14, 5, 12, 35, 19, 36, 25, 37]",26.2
41,1788358447346417978,307200,106779,25,18,91.8,"[23.7, 29.1, 30.2, 33.3, 38.8, 38.9, 39.0, 40.8, 42.1, 44.2, 45.5, 46.7, 48.9, 79.8, 82.2, 83.7, 85.1, 91.8]","['NEAR', 'OUTSIDE', 'NEAR', 'INSIDE', 'INSIDE', 'INSIDE', 'INSIDE', 'INSIDE', 'INSIDE', 'INSIDE', 'INSIDE', 'INSIDE', 'INSIDE', 'INSIDE', 'INSIDE', 'NEAR', 'INSIDE', 'INSIDE']","[[1.5, 0.33, 1.65], [1.4, 0.48, 2.03], [0.74, 0.34, 1.82], [0.29, 0.07, 0.93], [0.36, 0.12, 1.62], [0.3, 0.99, 0.03], [0.27, 2.11, 0.3], [0.13, 2.04, 0.52], [0.5, 0.73, 0.35], [0.28, 2.31, 0.02], [0.1, 1.77, 0.01], [0.12, 2.52, 0.38], [0.46, 2.22, 0.04], [1.06, 1.1, 0.9], [2.04, 4.3, 2.72], [1.39, 0.51, 2.43], [0.25, 1.04, 0.01], [0.78, 1.61, 0.02]]","[10, 11, 7, 31, 4, 12, 2, 8, 13, 9, 5, 42, 1, 19, 36, 22, 25, 23]",27.3
42,1788358447441676587,307200,102192,23,15,86.3,"[29.1, 29.6, 30.3, 31.6, 32.1, 33.8, 35.1, 39.2, 44.0, 44.1, 45.6, 48.8, 80.3, 81.5, 86.3]","['NEAR', 'NEAR', 'NEAR', 'INSIDE', 'NEAR', 'NEAR', 'INSIDE', 'INSIDE', 'INSIDE', 'INSIDE', 'INSIDE', 'INSIDE', 'OUTSIDE', 'INSIDE', 'INSIDE']","[[0.94, 0.44, 2.14], [0.33, 0.02, 1.52], [0.61, 0.07, 1.63], [0.36, 2.16, 1.07], [0.56, 0.36, 0.55], [0.56, 0.37, 0.48], [0.95, 2.2, 0.59], [0.5, 0.37, 0.41], [0.2, 2.73, 0.01], [0.39, 0.99, 0.03], [0.61, 2.3, 0.05], [0.31, 2.23, 0.02], [3.13, 1.42, 2.8], [2.13, 2.13, 2.72], [0.41, 3.17, 0.97]]","[7, 31, 4, 8, 40, 1, 2, 5, 9, 3, 14, 12, 36, 19, 25]",22.5
43,1788358447541512350,307200,100990,17,8,163.2,"[30.3, 43.2, 46.3, 77.5, 78.2, 80.2, 85.3, 163.2]","['NEAR', 'NEAR', 'INSIDE', 'INSIDE', 'INSIDE', 'INSIDE', 'INSIDE', 'RAIL']","[[1.89, 0.39, 2.07], [0.38, 0.05, 1.54], [0.73, 2.16, 0.84], [0.14, 2.86, 0.17], [1.28, 0.05, 1.5], [2.09, 0.61, 2.51], [0.22, 0.89, 0.01], [0.1, 0.57, 0.24]]","[7, 31, 8, 18, 15, 19, 25, 49]",24.1
44,1788358447639642241,307200,98616,21,10,161.9,"[33.6, 35.1, 42.9, 46.0, 49.0, 78.2, 80.7, 84.8, 90.9, 161.9]","['NEAR', 'NEAR', 'INSIDE', 'INSIDE', 'INSIDE', 'INSIDE', 'INSIDE', 'INSIDE', 'INSIDE', 'RAIL']","[[0.71, 0.05, 1.61], [0.36, 0.07, 1.82], [0.41, 0.11, 1.39], [0.68, 1.06, 0.05], [0.14, 2.3, 0.31], [3.4, 0.66, 2.4], [0.51, 2.25, 0.01], [0.59, 3.25, 0.02], [0.21, 0.95, 0.01], [0.12, 0.56, 0.7]]","[7, 31, 4, 2, 3, 15, 36, 25, 23, 49]",23.7
45,1788358447735056906,307200,91574,21,15,160.6,"[27.8, 30.4, 30.6, 33.2, 36.9, 38.8, 39.0, 40.6, 41.9, 43.7, 44.2, 45.5, 81.3, 85.6, 160.6]","['NEAR', 'NEAR', 'NEAR', 'NEAR', 'INSIDE', 'INSIDE', 'INSIDE', 'INSIDE', 'INSIDE', 'INSIDE', 'INSIDE', 'OUTSIDE', 'INSIDE', 'INSIDE', 'RAIL']","[[2.35, 0.75, 2.73], [0.37, 0.1, 1.44], [0.41, 0.07, 1.73], [1.08, 0.46, 0.57], [0.28, 0.68, 0.36], [0.06, 1.8, 0.0], [0.4, 1.84, 0.27], [0.32, 0.96, 0.03], [0.49, 1.84, 0.04], [0.28, 2.44, 0.35], [0.12, 2.92, 0.01], [0.2, 1.54, 0.01], [0.39, 2.98, 0.01], [0.86, 3.29, 0.02], [0.09, 0.56, 0.24]]","[11, 31, 7, 1, 13, 34, 12, 8, 2, 9, 42, 5, 36, 25, 49]",21.8
46,1788358447842724883,307200,88819,25,16,159.3,"[28.1, 29.2, 31.4, 32.4, 38.8, 39.1, 41.8, 42.4, 43.8, 45.5, 48.3, 77.8, 81.6, 86.5, 93.4, 159.3]","['NEAR', 'NEAR', 'NEAR', 'NEAR', 'NEAR', 'INSIDE', 'INSIDE', 'INSIDE', 'INSIDE', 'INSIDE', 'INSIDE', 'NEAR', 'INSIDE', 'INSIDE', 'INSIDE', 'RAIL']","[[1.51, 0.43, 1.96], [1.35, 0.07, 1.45], [0.98, 0.09, 1.27], [0.53, 0.07, 1.8], [0.32, 0.04, 0.94], [0.13, 1.77, 0.26], [2.15, 1.89, 0.28], [0.09, 1.09, 0.01], [0.19, 2.13, 0.29], [0.62, 2.65, 0.04], [0.59, 2.29, 0.78], [0.23, 1.22, 0.01], [0.28, 2.56, 0.01], [0.21, 3.17, 0.01], [0.18, 2.12, 0.0], [0.14, 0.56, 0.69]]","[10, 11, 7, 31, 6, 12, 8, 13, 14, 42, 1, 18, 36, 25, 37, 49]",29.5
47,1788358447940516005,307200,95880,22,16,184.3,"[27.7, 32.8, 37.6, 39.1, 41.0, 42.0, 42.9, 44.2, 44.8, 45.1, 47.2, 79.4, 83.1, 143.9, 156.7, 184.3]","['NEAR', 'NEAR', 'NEAR', 'NEAR', 'INSIDE', 'INSIDE', 'INSIDE', 'NEAR', 'RAIL', 'INSIDE', 'INSIDE', 'INSIDE', 'INSIDE', 'RAIL', 'NEAR', 'OUTSIDE']","[[1.3, 0.42, 1.89], [1.18, 0.07, 1.64], [0.22, 0.1, 1.61], [0.44, 0.08, 1.2], [0.4, 0.08, 0.29], [0.28, 0.04, 1.19], [0.22, 0.04, 1.25], [0.59, 0.06, 1.62], [0.89, 0.18, 0.88], [0.45, 1.95, 0.29], [0.26, 0.96, 0.03], [0.35, 2.77, 0.01], [1.25, 2.92, 0.03], [0.14, 0.33, 0.63], [2.5, 0.82, 2.03], [7.9, 0.13, 0.4]]","[10, 13, 7, 11, 31, 6, 4, 42, 5, 2, 12, 18, 36, 54, 49, 53]",33.2
48,1788358448040691840,307200,98867,21,17,184.9,"[27.2, 29.5, 31.0, 31.4, 32.9, 36.6, 38.7, 41.2, 43.2, 44.2, 44.7, 47.1, 79.6, 84.6, 90.6, 143.2, 184.9]","['NEAR', 'NEAR', 'NEAR', 'INSIDE', 'INSIDE', 'INSIDE', 'INSIDE', 'INSIDE', 'NEAR', 'INSIDE', 'INSIDE', 'OUTSIDE', 'INSIDE', 'INSIDE', 'INSIDE', 'OUTSIDE', 'OUTSIDE']","[[2.3, 0.47, 2.17], [1.4, 0.12, 1.56], [0.32, 0.04, 1.38], [1.36, 0.1, 1.31], [0.37, 0.04, 1.58], [0.96, 0.13, 1.76], [2.43, 2.16, 1.41], [1.38, 2.2, 0.55], [0.53, 0.19, 0.79], [0.22, 2.4, 0.27], [0.06, 1.26, 0.0], [0.16, 1.44, 0.39], [1.15, 2.64, 0.03], [0.23, 2.8, 0.01], [0.48, 3.48, 0.01], [1.95, 0.53, 2.18], [4.01, 0.13, 0.39]]","[10, 42, 13, 7, 6, 4, 12, 1, 40, 14, 2, 5, 18, 36, 23, 54, 53]",26.5
49,1788358448141071911,307200,96495,26,19,183.6,"[29.8, 31.6, 34.8, 35.0, 36.6, 37.3, 39.3, 40.2, 41.8, 42.4, 44.4, 44.4, 46.4, 47.3, 80.3, 85.4, 142.1, 157.6, 183.6]","['OUTSIDE', 'NEAR', 'INSIDE', 'INSIDE', 'NEAR', 'INSIDE', 'INSIDE', 'INSIDE', 'INSIDE', 'INSIDE', 'RAIL', 'INSIDE', 'INSIDE', 'INSIDE', 'INSIDE', 'INSIDE', 'OUTSIDE', 'OUTSIDE', 'OUTSIDE']","[[2.83, 0.54, 1.54], [1.97, 0.47, 2.08], [0.2, 0.03, 0.89], [0.43, 0.08, 1.47], [0.42, 0.11, 1.81], [0.41, 0.05, 1.21], [0.6, 0.06, 1.75], [0.53, 0.11, 0.85], [0.45, 0.05, 1.11], [0.49, 0.04, 1.33], [0.45, 0.17, 0.27], [0.41, 1.6, 0.33], [0.63, 1.01, 0.04], [0.2, 1.54, 0.01], [0.56, 3.41, 0.18], [0.22, 3.28, 0.01], [1.62, 0.32, 2.16], [7.92, 1.21, 2.08], [4.05, 0.18, 1.26]]","[40, 10, 34, 13, 42, 11, 6, 4, 31, 7, 5, 3, 9, 14, 18, 36, 54, 49, 53]",23.6
50,1788358448237277673,307200,102416,30,18,182.3,"[30.3, 31.8, 32.8, 32.8, 34.1, 36.0, 36.9, 37.9, 38.9, 40.9, 42.0, 42.9, 49.0, 49.8, 83.4, 90.3, 158.3, 182.3]","['NEAR', 'NEAR', 'RAIL', 'INSIDE', 'NEAR', 'NEAR', 'INSIDE', 'INSIDE', 'INSIDE', 'INSIDE', 'NEAR', 'INSIDE', 'INSIDE', 'INSIDE', 'INSIDE', 'INSIDE', 'OUTSIDE', 'OUTSIDE']","[[2.31, 0.49, 2.06], [0.29, 0.02, 1.43], [0.65, 0.06, 1.06], [0.42, 0.12, 1.88], [0.24, 0.07, 0.91], [0.25, 0.03, 1.6], [0.71, 0.09, 1.43], [0.67, 0.04, 1.12], [0.5, 0.13, 1.53], [0.33, 0.06, 0.85], [0.52, 0.46, 0.55], [0.35, 1.79, 0.03], [0.42, 0.91, 0.03], [0.52, 1.36, 0.04], [0.37, 3.78, 1.47], [0.59, 3.3, 0.01], [11.97, 1.13, 2.0], [4.08, 0.18, 0.89]]","[10, 34, 13, 42, 7, 11, 9, 6, 4, 31, 8, 1, 2, 14, 22, 23, 49, 53]",23.1
51,1788358448336005975,307200,102954,25,17,182.9,"[28.9, 30.3, 32.7, 34.7, 34.9, 36.1, 37.6, 39.7, 40.7, 42.7, 46.6, 48.9, 49.6, 82.8, 88.8, 154.7, 182.9]","['NEAR', 'NEAR', 'NEAR', 'NEAR', 'NEAR', 'NEAR', 'INSIDE', 'NEAR', 'INSIDE', 'RAIL', 'INSIDE', 'INSIDE', 'INSIDE', 'INSIDE', 'INSIDE', 'OUTSIDE', 'OUTSIDE']","[[2.66, 0.49, 2.22], [0.33, 0.02, 1.3], [1.24, 0.08, 1.53], [0.33, 0.09, 1.41], [0.71, 0.09, 1.41], [0.62, 0.04, 1.61], [0.43, 0.03, 1.02], [0.47, 0.03, 1.44], [0.39, 0.06, 1.09], [0.29, 0.11, 0.54], [0.77, 1.58, 0.07], [0.14, 0.91, 0.01], [0.18, 2.92, 0.01], [0.32, 3.47, 0.01], [1.11, 4.03, 0.03], [8.94, 1.59, 1.97], [0.03, 0.12, 0.75]]","[10, 34, 13, 7, 42, 11, 31, 9, 4, 48, 1, 12, 3, 22, 23, 49, 53]",26.4
52,1788358448443059089,307200,102341,24,15,137.4,"[24.0, 24.9, 25.4, 32.8, 36.4, 38.1, 39.3, 41.1, 42.4, 42.9, 48.8, 49.0, 81.6, 86.7, 137.4]","['NEAR', 'NEAR', 'NEAR', 'NEAR', 'NEAR', 'NEAR', 'INSIDE', 'OUTSIDE', 'INSIDE', 'INSIDE', 'INSIDE', 'INSIDE', 'INSIDE', 'INSIDE', 'RAIL']","[[5.43, 0.67, 2.7], [1.04, 0.1, 2.15], [1.34, 0.11, 1.62], [0.47, 0.05, 1.31], [1.01, 0.05, 1.55], [1.41, 0.05, 1.63], [0.74, 1.93, 0.23], [0.72, 0.56, 0.47], [0.27, 2.17, 0.44], [0.34, 0.85, 0.02], [0.57, 1.87, 0.03], [0.39, 1.33, 0.02], [0.36, 3.71, 0.01], [0.5, 3.64, 0.01], [0.2, 0.32, 0.6]]","[10, 13, 7, 42, 9, 11, 12, 40, 1, 4, 48, 6, 22, 25, 54]",27.2
53,1788358448535004847,307200,101954,25,16,150.3,"[24.4, 25.7, 31.0, 33.2, 35.3, 38.0, 40.0, 41.2, 42.4, 45.5, 46.1, 48.1, 85.1, 92.4, 131.7, 150.3]","['OUTSIDE', 'OUTSIDE', 'NEAR', 'NEAR', 'NEAR', 'NEAR', 'NEAR', 'NEAR', 'NEAR', 'INSIDE', 'INSIDE', 'INSIDE', 'INSIDE', 'OUTSIDE', 'RAIL', 'OUTSIDE']","[[3.56, 0.93, 2.14], [4.66, 0.56, 2.36], [0.73, 0.05, 1.5], [1.09, 0.11, 2.0], [0.33, 0.04, 1.37], [1.41, 0.07, 1.49], [0.67, 0.04, 1.74], [0.24, 0.05, 1.19], [0.79, 0.29, 1.1], [0.53, 0.98, 0.05], [0.06, 2.38, 0.0], [0.43, 1.39, 0.03], [0.81, 4.01, 0.02], [1.54, 0.75, 1.37], [0.13, 0.24, 0.57], [4.05, 1.38, 2.25]]","[34, 8, 7, 42, 9, 11, 31, 4, 12, 1, 6, 14, 36, 37, 54, 49]",26.3
54,1788358448637407625,307200,102270,30,19,146.5,"[24.6, 30.6, 33.1, 33.3, 35.5, 36.7, 37.0, 38.2, 40.2, 41.7, 45.7, 48.5, 48.7, 49.6, 80.4, 84.7, 90.8, 130.3, 146.5]","['NEAR', 'NEAR', 'NEAR', 'NEAR', 'NEAR', 'NEAR', 'NEAR', 'NEAR', 'NEAR', 'RAIL', 'NEAR', 'INSIDE', 'NEAR', 'INSIDE', 'INSIDE', 'INSIDE', 'INSIDE', 'OUTSIDE', 'OUTSIDE']","[[6.5, 0.72, 2.73], [0.68, 0.09, 1.5], [0.49, 0.04, 1.29], [1.61, 0.1, 1.63], [1.22, 0.07, 1.94], [0.65, 0.09, 1.46], [0.32, 0.07, 0.44], [0.52, 0.04, 0.96], [0.55, 0.1, 1.09], [0.44, 0.25, 0.34], [0.71, 0.21, 0.5], [0.84, 1.0, 0.06], [0.45, 0.91, 0.03], [1.05, 1.36, 0.08], [1.33, 3.51, 0.04], [0.33, 3.84, 0.01], [0.21, 1.43, 0.01], [0.31, 0.29, 0.84], [8.89, 1.2, 2.23]]","[8, 34, 13, 7, 42, 9, 4, 31, 6, 48, 12, 3, 2, 14, 18, 36, 23, 54, 49]",28.8
55,1788358448736964163,307200,102453,24,17,183.1,"[21.7, 22.3, 24.7, 27.6, 29.2, 31.2, 35.2, 38.4, 40.2, 41.7, 43.5, 47.2, 49.4, 81.2, 86.1, 128.9, 183.1]","['INSIDE', 'NEAR', 'NEAR', 'NEAR', 'NEAR', 'NEAR', 'INSIDE', 'OUTSIDE', 'RAIL', 'INSIDE', 'OUTSIDE', 'INSIDE', 'INSIDE', 'INSIDE', 'INSIDE', 'OUTSIDE', 'RAIL']","[[6.54, 2.15, 3.09], [4.4, 0.11, 1.71], [0.49, 0.1, 1.52], [0.39, 0.1, 1.92], [1.17, 0.05, 1.1], [0.23, 0.1, 1.25], [0.68, 0.12, 0.89], [0.81, 0.67, 1.12], [0.41, 0.19, 0.68], [0.28, 1.79, 0.03], [0.64, 0.67, 0.26], [0.43, 1.72, 0.04], [0.18, 2.8, 0.02], [0.7, 4.01, 0.19], [0.41, 3.0, 0.01], [0.27, 1.21, 2.25], [0.08, 0.32, 0.27]]","[8, 34, 7, 42, 9, 31, 4, 12, 5, 40, 10, 1, 14, 22, 25, 54, 53]",30.6
56,1788358448836814258,307200,103358,23,17,198.2,"[27.2, 32.2, 35.3, 37.3, 37.3, 38.8, 39.8, 40.9, 42.2, 44.8, 46.8, 48.5, 80.8, 85.5, 127.6, 182.9, 198.2]","['NEAR', 'NEAR', 'NEAR', 'NEAR', 'NEAR', 'NEAR', 'NEAR', 'INSIDE', 'NEAR', 'INSIDE', 'INSIDE', 'INSIDE', 'INSIDE', 'INSIDE', 'OUTSIDE', 'OUTSIDE', 'OUTSIDE']","[[1.27, 0.09, 1.5], [1.4, 0.08, 1.57], [0.27, 0.09, 1.69], [0.59, 0.04, 1.23], [0.99, 0.06, 1.47], [1.85, 0.11, 1.86], [0.22, 0.1, 1.22], [0.8, 1.01, 0.05], [0.39, 0.36, 0.74], [0.72, 1.05, 0.2], [0.09, 2.47, 0.01], [0.07, 1.69, 0.0], [0.95, 4.07, 0.03], [0.23, 3.43, 0.01], [0.26, 0.97, 2.22], [2.55, 0.87, 2.05], [4.02, 0.35, 1.32]]","[34, 13, 7, 42, 11, 31, 6, 3, 9, 14, 2, 4, 22, 25, 54, 53, 57]",29.8
57,1788358448942725797,307200,103228,28,21,196.8,"[20.0, 21.1, 25.1, 32.2, 32.4, 32.6, 33.0, 35.7, 36.6, 38.4, 39.6, 40.7, 44.6, 46.2, 48.9, 49.5, 83.2, 89.6, 126.3, 181.6, 196.8]","['NEAR', 'NEAR', 'NEAR', 'NEAR', 'NEAR', 'NEAR', 'NEAR', 'NEAR', 'RAIL', 'OUTSIDE', 'OUTSIDE', 'INSIDE', 'NEAR', 'OUTSIDE', 'INSIDE', 'INSIDE', 'INSIDE', 'INSIDE', 'OUTSIDE', 'OUTSIDE', 'OUTSIDE']","[[4.53, 0.1, 1.59], [0.7, 0.08, 1.41], [0.39, 0.04, 1.75], [0.69, 0.09, 1.53], [0.81, 0.09, 1.55], [0.65, 0.02, 0.8], [1.74, 0.06, 1.76], [0.32, 0.05, 1.75], [0.61, 0.16, 0.96], [0.26, 0.17, 0.17], [0.66, 0.18, 0.73], [1.2, 2.69, 0.18], [1.11, 0.97, 0.29], [0.51, 0.46, 0.37], [0.14, 1.8, 0.01], [0.34, 1.26, 0.03], [0.34, 3.78, 0.01], [0.62, 3.91, 0.02], [0.27, 0.24, 0.81], [2.46, 0.87, 2.03], [4.06, 0.7, 1.36]]","[10, 34, 13, 7, 42, 6, 31, 4, 48, 12, 40, 1, 2, 9, 8, 3, 36, 23, 54, 53, 57]",31.8
58,1788358449042145793,307200,97689,20,15,193.4,"[23.6, 31.5, 34.1, 35.3, 36.3, 37.2, 38.2, 39.3, 41.9, 48.8, 80.5, 85.2, 85.9, 180.2, 193.4]","['NEAR', 'NEAR', 'NEAR', 'NEAR', 'NEAR', 'NEAR', 'INSIDE', 'OUTSIDE', 'OUTSIDE', 'INSIDE', 'INSIDE', 'OUTSIDE', 'INSIDE', 'OUTSIDE', 'OUTSIDE']","[[0.52, 0.08, 1.44], [0.67, 0.08, 1.49], [0.45, 0.03, 1.29], [2.82, 0.14, 1.7], [0.7, 0.04, 1.49], [1.16, 0.06, 1.18], [0.93, 2.75, 0.16], [0.86, 0.23, 0.33], [0.46, 0.41, 0.36], [0.39, 1.7, 0.03], [0.81, 3.51, 0.02], [0.94, 0.34, 0.55], [0.23, 1.79, 0.01], [2.48, 0.86, 1.53], [0.01, 0.08, 0.38]]","[10, 34, 13, 7, 11, 4, 1, 2, 9, 3, 22, 25, 36, 53, 57]",32.6
59,1788358449137244540,307200,102423,16,16,194.1,"[27.6, 33.3, 36.6, 37.3, 38.0, 40.1, 42.4, 46.3, 47.1, 49.8, 49.9, 80.1, 84.9, 91.4, 185.6, 194.1]","['INSIDE', 'NEAR', 'NEAR', 'NEAR', 'NEAR', 'INSIDE', 'NEAR', 'INSIDE', 'NEAR', 'OUTSIDE', 'INSIDE', 'INSIDE', 'INSIDE', 'NEAR', 'RAIL', 'OUTSIDE']","[[1.46, 0.95, 2.84], [0.5, 0.03, 1.25], [1.07, 0.11, 1.68], [1.33, 0.08, 1.22], [1.27, 0.15, 1.54], [0.31, 0.07, 1.43], [0.23, 0.95, 0.02], [0.09, 1.22, 0.0], [0.11, 1.32, 0.01], [0.37, 1.44, 0.66], [0.21, 1.4, 0.02], [0.31, 3.63, 0.01], [0.39, 4.15, 1.33], [0.21, 0.64, 0.01], [0.11, 0.1, 0.28], [4.04, 0.34, 1.71]]","[13, 7, 42, 11, 31, 4, 14, 48, 6, 3, 8, 22, 36, 23, 56, 57]",34.7
60,1788358449241601312,307200,92237,30,21,190.7,"[27.7, 28.8, 30.2, 30.3, 33.3, 33.5, 35.5, 36.5, 37.9, 39.5, 41.8, 44.5, 45.5, 46.4, 48.3, 49.8, 85.1, 91.6, 122.1, 184.2, 190.7]","['NEAR', 'NEAR', 'NEAR', 'INSIDE', 'NEAR', 'NEAR', 'NEAR', 'INSIDE', 'NEAR', 'RAIL', 'OUTSIDE', 'INSIDE', 'INSIDE', 'INSIDE', 'INSIDE', 'INSIDE', 'INSIDE', 'INSIDE', 'RAIL', 'RAIL', 'OUTSIDE']","[[0.5, 0.08, 1.48], [0.49, 0.03, 1.46], [1.2, 0.11, 1.6], [0.45, 0.12, 1.57], [1.11, 0.1, 1.56], [0.52, 0.06, 1.8], [0.67, 0.05, 1.61], [0.29, 0.1, 0.81], [0.39, 0.04, 1.48], [0.19, 0.23, 0.98], [0.98, 0.3, 0.33], [0.84, 1.02, 0.3], [0.14, 0.85, 0.01], [0.64, 1.38, 0.05], [0.23, 0.94, 0.02], [0.58, 1.35, 0.05], [0.26, 3.27, 0.01], [0.28, 2.88, 0.01], [0.17, 0.28, 0.53], [0.15, 0.1, 0.28], [0.0, 0.08, 0.38]]","[34, 13, 7, 42, 11, 31, 4, 6, 5, 48, 14, 2, 8, 10, 3, 1, 36, 23, 54, 56, 57]",24.9
61,1788358449338924834,307200,102006,27,20,183.0,"[27.3, 27.6, 29.2, 33.1, 34.0, 34.2, 35.2, 36.2, 38.2, 40.4, 41.5, 42.2, 43.1, 44.0, 46.7, 47.1, 48.1, 84.2, 90.1, 183.0]","['NEAR', 'NEAR', 'NEAR', 'NEAR', 'NEAR', 'NEAR', 'NEAR', 'NEAR', 'INSIDE', 'RAIL', 'NEAR', 'OUTSIDE', 'NEAR', 'NEAR', 'INSIDE', 'INSIDE', 'INSIDE', 'INSIDE', 'INSIDE', 'RAIL']","[[0.82, 0.08, 1.43], [0.65, 0.06, 1.33], [0.52, 0.05, 1.44], [0.56, 0.03, 1.42], [1.05, 0.07, 1.6], [0.9, 0.02, 1.05], [0.49, 0.08, 1.22], [1.25, 0.03, 1.57], [0.46, 0.07, 1.24], [0.54, 0.43, 0.21], [0.29, 0.08, 0.84], [0.94, 0.29, 0.29], [0.75, 0.61, 0.94], [0.37, 0.94, 0.04], [0.45, 2.9, 0.03], [0.49, 1.37, 0.03], [0.47, 1.34, 0.04], [0.74, 4.11, 0.02], [0.29, 2.2, 0.01], [0.02, 0.1, 0.27]]","[34, 13, 7, 42, 11, 55, 5, 31, 6, 48, 4, 14, 2, 1, 9, 3, 10, 36, 23, 56]",23.8
62,1788358449438657155,307200,101112,27,19,194.0,"[17.3, 27.7, 27.9, 30.3, 30.3, 36.7, 38.4, 39.8, 42.3, 45.7, 47.4, 48.5, 49.5, 81.0, 85.9, 92.4, 119.6, 182.6, 194.0]","['NEAR', 'NEAR', 'RAIL', 'NEAR', 'NEAR', 'NEAR', 'NEAR', 'RAIL', 'INSIDE', 'NEAR', 'NEAR', 'INSIDE', 'INSIDE', 'INSIDE', 'INSIDE', 'INSIDE', 'OUTSIDE', 'OUTSIDE', 'OUTSIDE']","[[0.58, 0.11, 1.37], [1.07, 0.1, 1.62], [0.57, 0.1, 1.14], [1.2, 0.15, 1.7], [0.47, 0.04, 1.52], [0.08, 0.03, 1.51], [0.45, 0.11, 1.27], [1.01, 0.49, 1.08], [0.16, 0.36, 0.31], [0.59, 0.83, 0.26], [0.39, 0.95, 0.03], [0.34, 1.36, 0.03], [0.28, 2.05, 0.02], [0.68, 4.29, 1.45], [0.15, 3.45, 0.0], [0.16, 1.45, 0.0], [0.65, 0.5, 1.01], [2.69, 1.19, 1.55], [3.99, 0.34, 1.29]]","[7, 42, 11, 55, 6, 4, 31, 48, 12, 8, 1, 10, 14, 18, 36, 23, 54, 56, 64]",28.0
63,1788358449539004404,307200,102029,21,16,196.6,"[27.6, 27.7, 32.8, 34.3, 35.9, 37.4, 38.3, 41.0, 42.7, 44.4, 48.8, 84.6, 91.3, 118.2, 190.6, 196.6]","['NEAR', 'NEAR', 'NEAR', 'NEAR', 'NEAR', 'NEAR', 'NEAR', 'NEAR', 'INSIDE', 'NEAR', 'INSIDE', 'INSIDE', 'INSIDE', 'OUTSIDE', 'OUTSIDE', 'OUTSIDE']","[[0.58, 0.1, 1.44], [1.43, 0.03, 1.37], [0.41, 0.03, 1.49], [0.52, 0.15, 1.44], [1.5, 0.1, 1.98], [0.49, 0.04, 1.56], [1.12, 0.12, 0.98], [1.02, 0.06, 1.49], [0.37, 0.81, 0.3], [0.48, 0.95, 0.04], [0.26, 0.97, 0.03], [0.23, 3.84, 0.01], [0.13, 3.19, 0.0], [0.87, 1.33, 2.27], [0.07, 0.52, 0.51], [4.01, 0.09, 0.43]]","[34, 13, 7, 42, 55, 5, 4, 9, 2, 1, 14, 36, 23, 54, 57, 64]",25.9
64,1788358449642984085,307200,102399,25,19,197.2,"[15.6, 27.6, 33.6, 35.0, 36.4, 38.1, 39.7, 41.0, 42.9, 47.4, 49.6, 79.1, 80.2, 84.1, 90.1, 116.9, 181.9, 189.2, 197.2]","['NEAR', 'NEAR', 'NEAR', 'NEAR', 'NEAR', 'NEAR', 'NEAR', 'NEAR', 'INSIDE', 'NEAR', 'INSIDE', 'INSIDE', 'OUTSIDE', 'INSIDE', 'INSIDE', 'OUTSIDE', 'OUTSIDE', 'OUTSIDE', 'OUTSIDE']","[[1.43, 0.11, 2.01], [0.58, 0.07, 1.38], [1.52, 0.08, 1.82], [1.26, 0.11, 1.66], [0.31, 0.03, 1.35], [0.52, 0.11, 1.52], [0.88, 0.11, 1.79], [0.65, 0.03, 1.09], [0.3, 0.27, 0.05], [0.29, 0.03, 1.34], [0.25, 1.36, 0.03], [0.56, 2.35, 0.02], [0.22, 0.56, 0.01], [0.52, 3.82, 0.01], [0.74, 2.69, 1.2], [0.82, 1.47, 2.24], [6.54, 0.86, 1.53], [0.05, 0.52, 0.51], [0.01, 0.04, 0.41]]","[34, 13, 7, 11, 55, 9, 31, 4, 12, 42, 14, 22, 18, 36, 23, 54, 56, 57, 64]",31.7
65,1788358449742011808,307200,103404,28,20,187.8,"[27.6, 29.1, 33.6, 34.7, 35.7, 38.1, 39.6, 41.8, 42.7, 43.4, 45.7, 47.7, 49.0, 79.8, 84.6, 91.2, 111.9, 170.6, 180.5, 187.8]","['NEAR', 'NEAR', 'NEAR', 'NEAR', 'NEAR', 'NEAR', 'NEAR', 'NEAR', 'NEAR', 'NEAR', 'INSIDE', 'INSIDE', 'OUTSIDE', 'INSIDE', 'INSIDE', 'INSIDE', 'OUTSIDE', 'OUTSIDE', 'OUTSIDE', 'OUTSIDE']","[[0.42, 0.04, 1.62], [0.78, 0.08, 1.38], [0.54, 0.09, 1.33], [1.52, 0.1, 1.49], [0.33, 0.09, 1.98], [0.41, 0.04, 1.52], [0.66, 0.1, 1.45], [1.33, 0.09, 1.71], [0.56, 0.05, 1.41], [1.48, 1.05, 0.56], [0.1, 2.42, 0.01], [0.3, 1.36, 0.03], [0.38, 1.36, 0.37], [0.76, 2.78, 0.02], [0.65, 4.29, 0.02], [1.13, 2.54, 0.03], [0.21, 0.26, 2.16], [2.54, 0.85, 1.91], [6.55, 0.85, 1.51], [0.06, 0.19, 0.88]]","[34, 13, 7, 42, 11, 9, 6, 31, 4, 8, 5, 14, 55, 18, 36, 23, 54, 62, 53, 57]",32.4
66,1788358449845341524,307200,102259,28,20,194.4,"[27.2, 32.7, 34.3, 34.8, 36.9, 37.0, 39.0, 40.8, 42.2, 45.3, 46.8, 48.1, 81.3, 85.8, 92.2, 110.5, 169.2, 177.1, 186.4, 194.4]","['NEAR', 'NEAR', 'NEAR', 'NEAR', 'NEAR', 'NEAR', 'NEAR', 'NEAR', 'NEAR', 'NEAR', 'INSIDE', 'INSIDE', 'INSIDE', 'INSIDE', 'INSIDE', 'OUTSIDE', 'OUTSIDE', 'OUTSIDE', 'OUTSIDE', 'OUTSIDE']","[[1.66, 0.11, 1.68], [0.45, 0.08, 1.28], [1.87, 0.13, 1.86], [0.78, 0.1, 1.65], [1.14, 0.05, 1.64], [0.4, 0.04, 1.59], [0.26, 0.02, 0.99], [1.08, 0.1, 1.25], [0.86, 0.99, 0.77], [0.17, 0.05, 0.85], [0.31, 1.28, 0.02], [0.22, 2.8, 0.02], [0.91, 4.26, 0.03], [0.4, 4.04, 0.01], [0.39, 2.89, 0.01], [0.09, 0.29, 2.13], [2.54, 0.84, 1.9], [2.63, 0.85, 1.5], [7.92, 1.19, 1.61], [0.0, 0.08, 0.39]]","[34, 13, 42, 11, 9, 5, 6, 31, 1, 4, 7, 3, 18, 36, 23, 54, 62, 53, 57, 64]",32.3
67,1788358449940894564,307200,99445,24,17,191.0,"[27.5, 31.3, 32.8, 35.0, 35.2, 37.2, 38.8, 39.9, 41.8, 44.2, 46.1, 49.6, 81.9, 86.8, 109.7, 179.7, 191.0]","['NEAR', 'NEAR', 'NEAR', 'NEAR', 'NEAR', 'NEAR', 'NEAR', 'NEAR', 'NEAR', 'RAIL', 'NEAR', 'INSIDE', 'INSIDE', 'INSIDE', 'OUTSIDE', 'OUTSIDE', 'OUTSIDE']","[[1.46, 0.06, 2.04], [0.62, 0.11, 1.3], [2.48, 0.14, 2.15], [0.87, 0.11, 1.56], [0.68, 0.15, 1.63], [0.23, 0.04, 1.15], [0.34, 0.04, 1.01], [1.72, 0.09, 1.79], [0.75, 0.04, 0.81], [0.59, 0.25, 1.09], [0.53, 0.87, 0.26], [0.07, 1.47, 0.0], [0.69, 4.06, 0.18], [0.55, 3.79, 0.01], [1.29, 1.01, 2.42], [10.77, 1.44, 2.15], [4.05, 0.47, 0.8]]","[34, 13, 42, 11, 9, 5, 6, 31, 4, 48, 1, 3, 18, 36, 54, 56, 64]",31.5
68,1788358450045218018,307200,105035,29,20,181.6,"[30.0, 30.4, 30.4, 32.0, 32.9, 33.2, 33.7, 35.5, 36.7, 36.8, 38.2, 39.4, 40.4, 43.9, 45.1, 80.7, 85.6, 92.1, 107.3, 181.6]","['NEAR', 'NEAR', 'NEAR', 'NEAR', 'NEAR', 'NEAR', 'NEAR', 'NEAR', 'NEAR', 'INSIDE', 'INSIDE', 'INSIDE', 'INSIDE', 'NEAR', 'INSIDE', 'INSIDE', 'INSIDE', 'INSIDE', 'OUTSIDE', 'OUTSIDE']","[[2.65, 0.12, 1.9], [2.78, 0.12, 2.0], [0.38, 0.09, 1.49], [1.35, 0.12, 2.16], [0.84, 0.11, 1.61], [0.29, 0.08, 0.97], [0.39, 0.04, 1.31], [1.04, 0.1, 1.76], [0.56, 0.04, 1.3], [0.66, 1.69, 0.29], [1.27, 2.92, 0.09], [0.1, 2.01, 0.01], [0.53, 0.9, 0.04], [1.12, 1.25, 0.09], [0.35, 2.64, 0.31], [0.78, 4.42, 0.18], [0.57, 4.34, 0.02], [0.24, 2.09, 0.01], [0.98, 2.16, 2.36], [4.14, 1.74, 0.88]]","[34, 13, 42, 11, 9, 5, 6, 31, 4, 8, 7, 2, 3, 10, 14, 18, 36, 23, 54, 56]",31.3
69,1788358450139942915,307200,104897,27,17,192.2,"[19.6, 34.0, 35.0, 36.6, 38.1, 38.8, 40.2, 45.1, 45.8, 48.1, 79.1, 84.1, 91.0, 105.3, 172.9, 180.3, 192.2]","['NEAR', 'NEAR', 'NEAR', 'NEAR', 'INSIDE', 'INSIDE', 'NEAR', 'NEAR', 'RAIL', 'OUTSIDE', 'RAIL', 'INSIDE', 'OUTSIDE', 'NEAR', 'OUTSIDE', 'OUTSIDE', 'OUTSIDE']","[[0.6, 0.11, 1.43], [0.59, 0.12, 1.39], [1.77, 0.12, 2.14], [0.67, 0.17, 2.01], [0.22, 0.1, 1.72], [0.41, 0.03, 1.59], [0.65, 1.39, 0.45], [0.48, 0.09, 1.42], [0.79, 0.04, 1.05], [0.6, 1.33, 0.71], [0.52, 0.18, 0.87], [1.31, 3.55, 0.04], [0.78, 1.43, 0.02], [0.35, 1.47, 0.01], [2.67, 1.13, 1.47], [4.05, 1.47, 0.88], [3.99, 0.09, 0.42]]","[13, 42, 11, 5, 4, 31, 12, 9, 48, 7, 18, 36, 23, 54, 62, 56, 64]",34.6
70,1788358450241176607,307200,99530,22,14,188.9,"[27.0, 27.8, 29.5, 29.9, 33.1, 34.6, 37.7, 39.9, 44.4, 49.8, 85.8, 91.6, 175.5, 188.9]","['NEAR', 'NEAR', 'NEAR', 'NEAR', 'NEAR', 'INSIDE', 'INSIDE', 'NEAR', 'INSIDE', 'INSIDE', 'INSIDE', 'INSIDE', 'OUTSIDE', 'OUTSIDE']","[[4.44, 0.12, 2.13], [3.89, 0.13, 1.73], [0.48, 0.02, 0.93], [0.29, 0.12, 2.13], [0.98, 1.04, 0.42], [0.73, 2.56, 0.26], [0.17, 1.37, 0.02], [0.47, 0.88, 0.03], [0.29, 1.62, 0.02], [0.91, 1.37, 0.09], [1.73, 3.88, 0.18], [0.94, 0.97, 0.02], [10.79, 1.09, 2.0], [0.02, 0.08, 0.38]]","[42, 5, 9, 31, 1, 8, 10, 48, 14, 34, 36, 23, 53, 57]",27.5
71,1788358450336004106,307200,100398,21,12,187.5,"[22.0, 32.9, 35.2, 36.1, 37.3, 39.7, 40.8, 76.3, 84.6, 91.1, 174.2, 187.5]","['NEAR', 'NEAR', 'NEAR', 'INSIDE', 'NEAR', 'NEAR', 'INSIDE', 'RAIL', 'INSIDE', 'OUTSIDE', 'OUTSIDE', 'OUTSIDE']","[[3.27, 0.11, 1.98], [1.61, 0.12, 1.56], [0.5, 0.05, 1.04], [1.09, 0.11, 1.67], [0.71, 0.05, 1.36], [0.42, 0.1, 1.78], [1.26, 2.54, 0.34], [0.46, 0.22, 0.84], [1.21, 5.01, 0.19], [0.87, 1.43, 0.79], [10.73, 1.39, 1.99], [0.02, 0.08, 0.37]]","[13, 9, 11, 6, 5, 42, 12, 18, 36, 23, 62, 57]",27.6
72,1788358450441520347,307200,105111,19,12,186.0,"[26.7, 27.1, 34.9, 34.9, 36.0, 38.6, 41.1, 49.1, 83.2, 89.3, 172.8, 186.0]","['NEAR', 'NEAR', 'NEAR', 'INSIDE', 'RAIL', 'INSIDE', 'INSIDE', 'INSIDE', 'INSIDE', 'INSIDE', 'OUTSIDE', 'OUTSIDE']","[[0.25, 0.04, 1.24], [1.43, 0.11, 1.82], [2.48, 0.11, 1.94], [1.3, 0.07, 1.99], [0.31, 0.05, 0.87], [0.77, 1.37, 0.07], [0.11, 2.68, 0.01], [0.16, 1.41, 0.01], [1.22, 4.79, 0.19], [1.64, 4.22, 0.79], [10.58, 1.12, 1.97], [7.98, 0.14, 0.43]]","[42, 11, 6, 5, 48, 1, 14, 34, 36, 23, 62, 57]",29.0
73,1788358450538062037,307200,94716,26,15,182.6,"[19.2, 28.7, 29.8, 33.5, 34.8, 36.6, 37.3, 37.5, 40.2, 49.4, 81.5, 85.5, 102.5, 171.4, 182.6]","['NEAR', 'NEAR', 'NEAR', 'NEAR', 'INSIDE', 'INSIDE', 'RAIL', 'INSIDE', 'INSIDE', 'OUTSIDE', 'INSIDE', 'INSIDE', 'OUTSIDE', 'OUTSIDE', 'OUTSIDE']","[[8.03, 0.15, 2.23], [0.28, 0.1, 1.33], [1.12, 0.13, 1.47], [3.63, 0.11, 1.62], [0.35, 0.17, 1.69], [0.34, 0.8, 0.2], [0.34, 0.05, 0.87], [0.58, 1.13, 0.05], [0.07, 2.3, 0.0], [0.69, 1.16, 0.33], [0.88, 4.84, 0.03], [1.12, 4.51, 0.03], [0.06, 0.24, 0.2], [10.66, 1.07, 2.31], [4.07, 1.1, 1.28]]","[8, 13, 42, 9, 5, 12, 48, 2, 14, 7, 36, 23, 54, 62, 56]",27.8
74,1788358450639538845,307200,89114,23,9,183.3,"[21.5, 35.1, 36.0, 38.7, 46.9, 79.2, 83.9, 175.2, 183.3]","['NEAR', 'INSIDE', 'NEAR', 'RAIL', 'INSIDE', 'INSIDE', 'INSIDE', 'OUTSIDE', 'OUTSIDE']","[[3.39, 0.1, 2.12], [0.9, 0.15, 1.63], [0.92, 1.08, 0.37], [0.97, 0.05, 1.02], [0.08, 2.94, 0.01], [0.83, 2.5, 0.03], [0.2, 2.35, 0.01], [7.94, 1.42, 1.51], [0.04, 0.08, 0.36]]","[11, 6, 12, 48, 14, 36, 23, 53, 56]",23.6
75,1788358450748366744,307200,90235,21,7,183.9,"[21.7, 31.8, 37.1, 38.2, 83.3, 171.8, 183.9]","['NEAR', 'INSIDE', 'INSIDE', 'INSIDE', 'INSIDE', 'OUTSIDE', 'OUTSIDE']","[[9.01, 0.12, 2.15], [0.85, 0.22, 1.49], [1.07, 2.58, 0.44], [0.05, 2.94, 0.0], [0.43, 4.8, 0.01], [4.04, 1.41, 1.17], [3.93, 0.13, 0.39]]","[13, 9, 12, 7, 23, 62, 56]",26.0
76,1788358450848830553,307200,88592,25,12,189.4,"[25.0, 26.1, 26.4, 27.4, 27.7, 32.3, 33.1, 35.5, 81.5, 100.3, 176.7, 189.4]","['INSIDE', 'INSIDE', 'OUTSIDE', 'INSIDE', 'INSIDE', 'INSIDE', 'INSIDE', 'INSIDE', 'INSIDE', 'OUTSIDE', 'RAIL', 'INSIDE']","[[1.43, 0.16, 1.78], [1.26, 1.21, 0.24], [0.84, 0.19, 0.23], [0.21, 2.03, 0.02], [0.5, 1.36, 0.29], [0.11, 2.93, 0.01], [0.22, 0.97, 0.03], [0.73, 1.37, 0.05], [0.54, 4.7, 0.02], [0.33, 0.22, 0.2], [0.47, 0.84, 0.77], [9.93, 5.38, 2.16]]","[11, 1, 8, 34, 2, 3, 10, 13, 23, 54, 53, 64]",28.8
77,1788358450941534779,307200,88608,19,7,189.8,"[19.3, 46.7, 90.9, 98.6, 115.0, 174.9, 189.8]","['NEAR', 'RAIL', 'INSIDE', 'OUTSIDE', 'OUTSIDE', 'OUTSIDE', 'INSIDE']","[[0.64, 1.0, 0.21], [0.95, 0.05, 1.02], [1.03, 2.38, 0.03], [1.15, 2.13, 2.35], [0.15, 0.32, 2.04], [8.08, 1.08, 2.23], [5.42, 5.33, 1.62]]","[12, 48, 79, 54, 65, 53, 64]",23.2
78,1788358451039478335,307200,88874,16,8,188.3,"[19.1, 31.4, 32.4, 83.3, 97.1, 101.5, 113.5, 188.3]","['INSIDE', 'NEAR', 'NEAR', 'INSIDE', 'OUTSIDE', 'OUTSIDE', 'OUTSIDE', 'INSIDE']","[[0.41, 1.14, 0.34], [0.77, 0.65, 0.25], [0.07, 1.02, 0.01], [0.3, 4.51, 0.01], [1.12, 2.6, 2.32], [0.39, 0.83, 2.23], [0.27, 0.27, 2.19], [5.49, 5.39, 1.61]]","[12, 13, 3, 75, 54, 80, 65, 64]",28.0
79,1788358451147682809,307200,87650,14,8,186.9,"[31.2, 82.2, 84.4, 92.3, 99.9, 108.5, 172.1, 186.9]","['OUTSIDE', 'OUTSIDE', 'INSIDE', 'OUTSIDE', 'OUTSIDE', 'OUTSIDE', 'OUTSIDE', 'INSIDE']","[[0.56, 0.32, 0.55], [0.15, 0.05, 1.28], [1.94, 5.2, 2.45], [0.28, 0.2, 2.21], [0.97, 0.94, 2.4], [0.62, 1.01, 2.08], [8.07, 1.16, 2.2], [5.46, 5.35, 2.11]]","[13, 23, 75, 82, 80, 65, 62, 64]",22.4
80,1788358451238853546,307200,87424,15,7,184.2,"[27.3, 28.7, 82.3, 90.9, 98.8, 107.0, 184.2]","['NEAR', 'INSIDE', 'INSIDE', 'OUTSIDE', 'OUTSIDE', 'OUTSIDE', 'INSIDE']","[[0.72, 0.67, 0.28], [0.42, 0.94, 0.04], [1.05, 5.28, 2.55], [0.27, 0.24, 2.39], [0.47, 0.92, 2.37], [0.44, 0.95, 2.34], [10.83, 5.36, 2.11]]","[10, 2, 75, 82, 80, 65, 56]",22.4
81,1788358451340381537,307200,87293,13,4,97.9,"[26.5, 80.7, 93.1, 97.9]","['INSIDE', 'INSIDE', 'OUTSIDE', 'OUTSIDE']","[[1.24, 1.94, 0.45], [1.6, 5.35, 2.5], [0.75, 0.7, 2.24], [1.61, 0.92, 2.36]]","[2, 75, 83, 80]",30.1
82,1788358451437312468,307200,87688,13,6,182.9,"[80.6, 91.6, 95.9, 99.1, 107.8, 182.9]","['INSIDE', 'INSIDE', 'OUTSIDE', 'OUTSIDE', 'OUTSIDE', 'INSIDE']","[[1.31, 5.11, 2.7], [0.81, 3.22, 2.4], [0.56, 0.93, 2.3], [1.68, 1.94, 1.09], [0.39, 0.13, 2.37], [6.11, 5.45, 2.06]]","[75, 82, 54, 80, 65, 56]",31.7
83,1788358451537928733,307200,87468,13,6,179.9,"[24.2, 81.8, 90.2, 94.2, 106.4, 179.9]","['NEAR', 'INSIDE', 'OUTSIDE', 'OUTSIDE', 'OUTSIDE', 'INSIDE']","[[0.78, 0.67, 0.4], [1.48, 5.24, 2.51], [0.77, 0.6, 2.37], [1.07, 0.86, 2.46], [0.24, 0.22, 2.34], [10.81, 5.41, 2.06]]","[1, 75, 82, 83, 65, 56]",27.9
84,1788358451637206656,307200,87423,13,8,106.6,"[19.4, 23.9, 48.0, 81.1, 88.8, 93.1, 100.6, 106.6]","['RAIL', 'INSIDE', 'INSIDE', 'INSIDE', 'OUTSIDE', 'OUTSIDE', 'OUTSIDE', 'RAIL']","[[1.09, 0.06, 0.95], [0.52, 0.95, 0.23], [0.25, 2.26, 0.19], [0.81, 3.53, 2.71], [0.74, 0.64, 2.56], [0.47, 0.88, 2.23], [1.05, 2.42, 2.41], [0.25, 0.39, 0.69]]","[48, 12, 1, 75, 82, 83, 80, 65]",22.9
85,1788358451739585175,307200,88144,16,6,178.5,"[24.5, 26.8, 85.5, 91.7, 99.2, 178.5]","['RAIL', 'RAIL', 'OUTSIDE', 'OUTSIDE', 'OUTSIDE', 'INSIDE']","[[0.86, 0.02, 0.17], [1.13, 0.03, 0.13], [0.36, 0.19, 0.35], [0.52, 0.91, 2.2], [1.09, 1.24, 2.39], [5.65, 5.41, 2.01]]","[8, 2, 23, 83, 80, 56]",25.2
86,1788358451836718481,307200,87262,14,7,103.7,"[44.1, 80.7, 85.9, 90.2, 97.9, 100.3, 103.7]","['RAIL', 'INSIDE', 'INSIDE', 'OUTSIDE', 'OUTSIDE', 'INSIDE', 'RAIL']","[[0.82, 0.04, 0.96], [0.22, 2.3, 1.08], [0.92, 5.4, 2.68], [0.37, 0.79, 2.37], [0.86, 1.03, 2.35], [0.8, 3.01, 0.19], [0.17, 0.36, 0.67]]","[48, 75, 23, 82, 80, 85, 65]",27.0
87,1788358451936686259,307200,87470,9,5,96.4,"[81.3, 85.2, 88.8, 92.7, 96.4]","['INSIDE', 'INSIDE', 'OUTSIDE', 'OUTSIDE', 'OUTSIDE']","[[0.99, 5.44, 2.52], [2.21, 5.12, 2.69], [0.55, 0.83, 2.77], [0.48, 0.82, 1.03], [1.0, 0.88, 2.32]]","[75, 23, 82, 83, 54]",26.0
88,1788358452042025656,307200,87449,12,6,103.0,"[48.4, 82.4, 87.1, 94.0, 94.9, 103.0]","['RAIL', 'INSIDE', 'INSIDE', 'OUTSIDE', 'OUTSIDE', 'OUTSIDE']","[[0.82, 0.04, 0.43], [2.25, 5.4, 2.76], [0.89, 5.08, 2.73], [0.06, 0.21, 0.2], [1.24, 0.88, 2.5], [1.08, 0.18, 1.1]]","[48, 75, 23, 83, 54, 65]",23.3
89,1788358452137454929,307200,86144,15,9,173.6,"[24.3, 81.4, 86.0, 92.7, 92.9, 99.5, 102.0, 106.1, 173.6]","['RAIL', 'INSIDE', 'INSIDE', 'OUTSIDE', 'INSIDE', 'OUTSIDE', 'OUTSIDE', 'OUTSIDE', 'INSIDE']","[[0.91, 0.03, 0.17], [1.47, 5.23, 2.71], [0.52, 5.26, 2.69], [0.31, 0.54, 1.41], [0.39, 2.73, 2.44], [0.26, 0.38, 1.11], [0.08, 0.22, 0.91], [0.17, 0.19, 0.48], [7.2, 5.58, 2.27]]","[8, 75, 23, 83, 54, 86, 65, 87, 56]",22.8
90,1788358452237689309,307200,87777,11,8,100.0,"[80.3, 85.0, 91.2, 91.2, 92.6, 96.5, 98.1, 100.0]","['INSIDE', 'INSIDE', 'OUTSIDE', 'OUTSIDE', 'OUTSIDE', 'OUTSIDE', 'RAIL', 'OUTSIDE']","[[0.83, 5.05, 2.68], [1.34, 5.23, 2.67], [0.09, 0.21, 0.37], [0.41, 1.67, 2.4], [0.06, 0.24, 1.4], [0.46, 0.21, 2.31], [0.19, 0.22, 0.63], [1.46, 0.89, 0.86]]","[75, 23, 83, 54, 82, 80, 86, 65]",22.4
91,1788358452338603373,307200,88369,14,9,170.7,"[80.8, 86.5, 89.7, 91.7, 95.0, 96.7, 99.8, 103.3, 170.7]","['INSIDE', 'INSIDE', 'OUTSIDE', 'OUTSIDE', 'OUTSIDE', 'OUTSIDE', 'OUTSIDE', 'OUTSIDE', 'INSIDE']","[[0.39, 5.08, 0.01], [1.52, 3.71, 0.95], [0.26, 0.46, 1.58], [1.13, 1.23, 2.02], [0.46, 0.35, 2.5], [0.23, 0.38, 1.08], [1.25, 0.85, 1.11], [0.15, 0.37, 0.47], [7.11, 5.49, 2.25]]","[75, 23, 54, 82, 80, 86, 65, 87, 56]",27.1
92,1788358452440683505,307200,90074,17,10,169.3,"[44.5, 81.5, 86.1, 88.1, 93.2, 95.3, 97.8, 101.5, 101.8, 169.3]","['RAIL', 'INSIDE', 'INSIDE', 'OUTSIDE', 'OUTSIDE', 'OUTSIDE', 'OUTSIDE', 'OUTSIDE', 'OUTSIDE', 'INSIDE']","[[0.89, 0.05, 0.97], [1.14, 5.22, 2.71], [0.6, 5.25, 0.98], [0.34, 0.49, 1.33], [1.34, 2.58, 2.46], [0.24, 0.38, 1.06], [0.09, 0.23, 1.06], [0.9, 0.19, 1.09], [0.16, 0.2, 0.9], [7.14, 5.44, 2.24]]","[48, 75, 23, 54, 82, 80, 86, 85, 87, 56]",29.6
93,1788358452538754862,307200,81484,13,8,100.2,"[80.8, 85.8, 86.5, 86.9, 92.1, 93.9, 96.4, 100.2]","['INSIDE', 'INSIDE', 'OUTSIDE', 'OUTSIDE', 'INSIDE', 'OUTSIDE', 'OUTSIDE', 'OUTSIDE']","[[1.43, 5.22, 2.71], [0.39, 4.5, 0.01], [0.1, 0.34, 0.38], [0.37, 0.48, 1.31], [0.67, 4.98, 2.42], [0.25, 0.5, 1.04], [0.09, 0.21, 0.85], [1.29, 1.22, 0.66]]","[75, 23, 83, 54, 82, 80, 86, 65]",31.2
94,1788358452642910920,307200,89513,12,5,99.6,"[81.2, 84.9, 90.8, 92.5, 99.6]","['INSIDE', 'OUTSIDE', 'OUTSIDE', 'OUTSIDE', 'OUTSIDE']","[[1.07, 4.98, 0.2], [0.41, 0.49, 1.28], [0.44, 0.28, 2.39], [0.31, 0.46, 1.03], [1.24, 1.19, 0.67]]","[75, 54, 82, 80, 65]",29.0
95,1788358452737649199,307200,89252,16,5,93.3,"[24.3, 81.8, 87.0, 91.0, 93.3]","['RAIL', 'INSIDE', 'INSIDE', 'OUTSIDE', 'OUTSIDE']","[[0.88, 0.04, 0.16], [0.51, 4.0, 0.02], [0.48, 4.56, 0.01], [0.32, 0.41, 1.01], [0.8, 2.56, 1.04]]","[8, 75, 23, 82, 80]",31.7
96,1788358452838804409,307200,81891,16,8,99.8,"[44.7, 81.1, 86.1, 88.0, 89.7, 92.2, 96.2, 99.8]","['RAIL', 'INSIDE', 'INSIDE', 'OUTSIDE', 'OUTSIDE', 'OUTSIDE', 'OUTSIDE', 'OUTSIDE']","[[0.83, 0.05, 1.06], [1.84, 5.2, 2.71], [1.11, 4.79, 0.19], [0.46, 0.28, 2.75], [0.39, 0.39, 1.22], [1.32, 2.21, 1.04], [0.21, 0.19, 0.63], [0.68, 1.23, 0.47]]","[48, 75, 23, 82, 80, 86, 65, 87]",21.2
97,1788358452939978734,307200,87184,19,8,94.5,"[23.7, 81.2, 82.4, 86.6, 87.6, 88.2, 90.8, 94.5]","['RAIL', 'OUTSIDE', 'INSIDE', 'OUTSIDE', 'OUTSIDE', 'INSIDE', 'OUTSIDE', 'OUTSIDE']","[[1.53, 0.02, 0.17], [0.29, 0.17, 0.66], [0.81, 4.9, 2.73], [0.44, 0.19, 2.71], [0.29, 0.32, 1.2], [0.84, 4.6, 0.02], [0.02, 0.21, 0.63], [0.99, 1.17, 0.66]]","[8, 75, 54, 82, 80, 23, 86, 65]",18.5
98,1788358453041406782,307200,87188,20,8,94.0,"[24.7, 49.1, 81.9, 82.2, 85.2, 86.9, 93.7, 94.0]","['RAIL', 'RAIL', 'NEAR', 'OUTSIDE', 'OUTSIDE', 'OUTSIDE', 'INSIDE', 'OUTSIDE']","[[0.87, 0.03, 0.17], [0.94, 0.06, 0.97], [0.19, 1.43, 0.01], [1.12, 2.52, 2.74], [0.43, 0.29, 2.45], [0.44, 0.47, 1.35], [0.43, 3.44, 0.01], [0.75, 0.28, 0.42]]","[8, 48, 75, 54, 82, 80, 65, 86]",22.9
99,1788358453136104654,307200,82277,15,9,183.4,"[48.9, 80.6, 85.4, 85.5, 92.3, 96.0, 99.5, 104.0, 183.4]","['RAIL', 'INSIDE', 'OUTSIDE', 'INSIDE', 'OUTSIDE', 'OUTSIDE', 'OUTSIDE', 'OUTSIDE', 'OUTSIDE']","[[1.01, 0.05, 0.54], [1.28, 5.04, 2.7], [0.37, 0.48, 1.33], [0.26, 4.93, 0.01], [0.68, 0.6, 0.66], [0.04, 0.19, 0.43], [1.07, 0.55, 0.88], [0.06, 0.04, 0.71], [0.02, 0.42, 1.18]]","[48, 54, 82, 23, 86, 65, 87, 98, 96]",19.5
100,1788358453235839366,307200,71583,15,9,182.0,"[77.3, 81.8, 84.0, 86.5, 90.6, 94.5, 98.6, 102.1, 182.0]","['OUTSIDE', 'INSIDE', 'OUTSIDE', 'INSIDE', 'OUTSIDE', 'OUTSIDE', 'OUTSIDE', 'OUTSIDE', 'OUTSIDE']","[[0.56, 1.49, 1.39], [1.6, 5.44, 1.1], [0.26, 0.55, 1.31], [1.03, 5.21, 0.98], [0.11, 0.16, 0.63], [0.13, 0.05, 0.66], [0.06, 0.23, 2.36], [0.88, 0.73, 0.9], [0.08, 0.42, 1.17]]","[54, 75, 82, 23, 86, 65, 87, 93, 96]",14.6
101,1788358453339927888,307200,68022,14,7,180.6,"[24.8, 82.7, 83.1, 88.9, 97.2, 104.7, 180.6]","['RAIL', 'OUTSIDE', 'INSIDE', 'INSIDE', 'OUTSIDE', 'OUTSIDE', 'OUTSIDE']","[[1.69, 0.04, 0.22], [0.39, 0.47, 1.46], [1.28, 5.24, 0.04], [0.94, 3.29, 0.6], [0.06, 0.22, 2.55], [1.11, 1.12, 1.13], [0.08, 0.31, 1.16]]","[8, 82, 75, 86, 87, 98, 96]",11.9
102,1788358453442189143,307200,67493,15,7,179.2,"[76.1, 80.4, 81.3, 85.2, 99.4, 103.8, 179.2]","['OUTSIDE', 'OUTSIDE', 'INSIDE', 'INSIDE', 'OUTSIDE', 'OUTSIDE', 'OUTSIDE']","[[0.27, 2.39, 0.01], [0.27, 0.56, 1.27], [1.23, 5.32, 1.1], [0.28, 4.76, 0.01], [0.71, 1.06, 0.88], [0.11, 0.19, 1.12], [0.08, 0.31, 1.15]]","[54, 82, 75, 23, 87, 98, 96]",12.0
103,1788358453536700116,307200,67159,17,7,178.5,"[45.6, 81.7, 86.2, 98.4, 102.4, 103.8, 178.5]","['RAIL', 'INSIDE', 'INSIDE', 'OUTSIDE', 'OUTSIDE', 'OUTSIDE', 'OUTSIDE']","[[0.87, 0.05, 0.8], [1.49, 5.3, 0.71], [0.59, 5.34, 0.81], [0.09, 0.17, 0.64], [0.12, 0.21, 0.91], [0.26, 0.42, 1.15], [1.43, 2.19, 1.99]]","[48, 75, 23, 87, 93, 95, 96]",10.2
104,1788358453643479392,307200,66956,12,5,102.4,"[83.4, 88.6, 94.8, 101.1, 102.4]","['INSIDE', 'INSIDE', 'INSIDE', 'OUTSIDE', 'OUTSIDE']","[[2.01, 4.93, 0.15], [0.98, 5.0, 2.78], [0.77, 4.62, 0.02], [0.16, 0.34, 0.69], [0.28, 0.56, 2.45]]","[75, 86, 65, 93, 95]",14.1
105,1788358453738457688,307200,66695,13,6,175.1,"[84.5, 85.8, 99.3, 101.0, 103.7, 175.1]","['INSIDE', 'OUTSIDE', 'OUTSIDE', 'OUTSIDE', 'OUTSIDE', 'OUTSIDE']","[[1.72, 4.79, 2.66], [0.5, 0.31, 0.18], [0.88, 1.56, 0.86], [0.21, 0.17, 1.12], [0.22, 0.61, 2.0], [0.09, 0.4, 1.13]]","[75, 23, 87, 93, 98, 96]",12.8
106,1788358453840663479,307200,66811,14,7,172.7,"[22.7, 84.2, 90.6, 98.0, 99.6, 102.3, 172.7]","['RAIL', 'INSIDE', 'INSIDE', 'OUTSIDE', 'OUTSIDE', 'OUTSIDE', 'OUTSIDE']","[[1.35, 0.03, 0.16], [0.87, 5.14, 1.32], [0.64, 4.35, 2.38], [0.73, 2.2, 0.86], [0.3, 0.41, 1.11], [0.18, 0.53, 2.24], [2.15, 0.32, 1.12]]","[8, 75, 86, 87, 93, 95, 96]",17.2
107,1788358453935879591,307200,67334,15,8,173.7,"[81.5, 86.9, 92.8, 93.2, 97.0, 98.2, 101.4, 173.7]","['INSIDE', 'INSIDE', 'INSIDE', 'OUTSIDE', 'OUTSIDE', 'OUTSIDE', 'OUTSIDE', 'OUTSIDE']","[[1.25, 5.26, 2.52], [0.61, 4.7, 0.02], [1.41, 2.61, 0.04], [0.72, 0.56, 0.84], [0.17, 0.19, 0.86], [0.3, 0.38, 1.28], [0.99, 1.04, 2.44], [2.65, 0.32, 1.94]]","[82, 80, 65, 86, 87, 93, 95, 96]",14.5
108,1788358454037079244,307200,68156,16,10,170.9,"[82.8, 87.3, 87.5, 91.5, 94.6, 95.6, 96.9, 99.6, 103.1, 170.9]","['INSIDE', 'NEAR', 'OUTSIDE', 'OUTSIDE', 'INSIDE', 'OUTSIDE', 'OUTSIDE', 'OUTSIDE', 'OUTSIDE', 'OUTSIDE']","[[1.54, 5.26, 2.76], [0.42, 1.22, 0.01], [0.72, 2.19, 2.73], [0.09, 0.23, 0.81], [0.37, 1.16, 0.01], [0.2, 0.21, 1.04], [0.19, 0.36, 1.27], [0.21, 0.5, 2.18], [1.26, 1.28, 0.91], [0.16, 0.34, 1.1]]","[82, 80, 75, 86, 65, 87, 93, 95, 98, 96]",14.3
109,1788358454137280050,307200,68126,15,7,102.2,"[81.4, 85.8, 90.2, 94.3, 95.6, 98.2, 102.2]","['INSIDE', 'INSIDE', 'OUTSIDE', 'OUTSIDE', 'OUTSIDE', 'OUTSIDE', 'OUTSIDE']","[[1.76, 3.67, 2.71], [0.85, 5.13, 2.69], [0.07, 0.19, 1.0], [0.22, 0.37, 1.03], [0.36, 0.47, 1.06], [0.27, 0.69, 2.35], [0.08, 0.18, 0.7]]","[82, 75, 86, 87, 93, 95, 98]",15.9
110,1788358454239892889,307200,69332,16,9,104.8,"[77.9, 80.9, 84.8, 88.3, 92.9, 94.2, 96.9, 100.5, 104.8]","['INSIDE', 'OUTSIDE', 'OUTSIDE', 'INSIDE', 'OUTSIDE', 'OUTSIDE', 'OUTSIDE', 'OUTSIDE', 'OUTSIDE']","[[0.39, 2.98, 0.01], [0.08, 0.32, 2.49], [0.08, 0.18, 0.75], [1.14, 3.01, 1.2], [0.22, 0.32, 1.01], [0.26, 0.49, 1.23], [0.26, 0.66, 2.54], [0.79, 0.23, 1.11], [0.12, 0.2, 0.71]]","[54, 82, 75, 86, 87, 93, 95, 98, 105]",12.9
111,1788358454340238819,307200,67892,17,8,99.2,"[82.8, 87.3, 91.5, 92.8, 93.8, 94.2, 95.5, 99.2]","['INSIDE', 'INSIDE', 'OUTSIDE', 'OUTSIDE', 'OUTSIDE', 'NEAR', 'OUTSIDE', 'OUTSIDE']","[[1.47, 4.79, 0.96], [0.46, 3.86, 1.18], [0.14, 0.19, 1.2], [0.36, 0.52, 1.03], [0.06, 0.07, 1.24], [0.18, 1.48, 0.0], [0.26, 0.69, 2.5], [0.82, 0.21, 1.09]]","[89, 86, 87, 93, 65, 95, 98, 105]",13.5
112,1788358454443198851,307200,68118,16,9,105.7,"[81.5, 85.9, 90.1, 91.5, 92.7, 94.2, 97.8, 102.1, 105.7]","['INSIDE', 'INSIDE', 'OUTSIDE', 'OUTSIDE', 'OUTSIDE', 'OUTSIDE', 'OUTSIDE', 'OUTSIDE', 'OUTSIDE']","[[1.49, 5.71, 0.95], [0.62, 5.17, 1.17], [0.07, 0.23, 1.78], [0.37, 0.53, 1.2], [0.57, 0.87, 1.23], [0.19, 0.56, 2.25], [0.81, 0.2, 1.08], [0.09, 0.04, 0.69], [0.97, 0.46, 2.33]]","[89, 86, 87, 93, 65, 98, 105, 103, 107]",13.9
113,1788358454540739171,307200,67384,17,10,173.0,"[23.9, 81.0, 84.8, 86.1, 89.6, 91.7, 96.3, 100.3, 104.3, 173.0]","['RAIL', 'INSIDE', 'OUTSIDE', 'INSIDE', 'OUTSIDE', 'OUTSIDE', 'OUTSIDE', 'OUTSIDE', 'OUTSIDE', 'RAIL']","[[0.8, 0.02, 0.17], [2.09, 4.74, 0.2], [0.14, 0.33, 1.15], [0.36, 4.81, 0.01], [1.63, 0.63, 2.33], [1.62, 1.03, 1.24], [1.01, 0.08, 2.32], [0.95, 2.1, 0.87], [0.99, 0.26, 2.3], [0.01, 0.3, 0.0]]","[8, 89, 75, 86, 87, 65, 105, 103, 107, 96]",12.7
114,1788358454638420517,307200,67884,16,9,171.7,"[82.9, 87.7, 88.8, 89.8, 91.5, 95.0, 101.1, 103.0, 171.7]","['INSIDE', 'INSIDE', 'OUTSIDE', 'OUTSIDE', 'OUTSIDE', 'INSIDE', 'OUTSIDE', 'OUTSIDE', 'RAIL']","[[1.14, 5.22, 1.11], [0.48, 3.6, 1.95], [0.28, 0.5, 1.57], [0.34, 0.06, 0.8], [0.31, 0.74, 2.19], [1.09, 5.19, 2.5], [0.23, 0.42, 1.12], [1.01, 1.59, 2.48], [0.0, 0.3, 0.0]]","[89, 86, 87, 65, 93, 95, 108, 107, 96]",13.3
115,1788358454740084309,307200,67986,12,7,177.7,"[81.3, 86.4, 90.2, 99.7, 101.6, 157.5, 177.7]","['INSIDE', 'INSIDE', 'OUTSIDE', 'OUTSIDE', 'OUTSIDE', 'INSIDE', 'OUTSIDE']","[[1.85, 5.13, 1.28], [2.35, 5.2, 2.67], [0.33, 0.76, 2.36], [0.21, 0.28, 1.11], [1.01, 0.27, 2.44], [8.07, 4.21, 2.06], [0.02, 0.31, 0.0]]","[89, 86, 93, 108, 107, 84, 106]",12.0
116,1788358454838277197,307200,68610,13,9,176.1,"[82.8, 86.2, 87.4, 88.9, 92.4, 98.4, 100.3, 157.2, 176.1]","['INSIDE', 'OUTSIDE', 'INSIDE', 'OUTSIDE', 'OUTSIDE', 'OUTSIDE', 'OUTSIDE', 'INSIDE', 'OUTSIDE']","[[0.24, 4.48, 0.01], [0.35, 0.38, 1.31], [0.87, 4.43, 1.2], [0.39, 0.68, 2.77], [0.92, 0.19, 2.43], [0.25, 0.41, 1.09], [1.1, 0.39, 2.21], [8.81, 3.45, 2.33], [3.39, 0.66, 0.04]]","[89, 75, 86, 87, 98, 108, 103, 84, 106]",12.4
117,1788358454938153768,307200,66585,13,9,155.8,"[76.9, 81.1, 84.9, 86.7, 91.0, 97.0, 99.0, 104.8, 155.8]","['INSIDE', 'INSIDE', 'OUTSIDE', 'INSIDE', 'OUTSIDE', 'OUTSIDE', 'OUTSIDE', 'OUTSIDE', 'INSIDE']","[[0.2, 2.69, 0.01], [0.78, 4.83, 0.02], [0.3, 0.49, 1.5], [2.01, 5.21, 2.71], [1.03, 0.22, 2.4], [0.17, 0.51, 1.08], [1.07, 0.4, 2.38], [0.63, 0.55, 0.89], [8.92, 3.14, 2.09]]","[54, 89, 75, 86, 93, 105, 108, 115, 84]",13.4
118,1788358455045564875,307200,66272,14,9,158.3,"[81.9, 83.5, 86.3, 89.7, 93.4, 95.7, 97.7, 103.5, 158.3]","['INSIDE', 'OUTSIDE', 'INSIDE', 'OUTSIDE', 'INSIDE', 'OUTSIDE', 'OUTSIDE', 'OUTSIDE', 'INSIDE']","[[1.16, 5.32, 2.73], [0.33, 0.44, 1.3], [0.53, 5.04, 2.7], [1.11, 0.35, 2.37], [1.32, 4.67, 0.81], [0.17, 0.5, 0.81], [1.06, 0.42, 2.35], [0.61, 0.52, 0.87], [8.33, 3.13, 2.07]]","[89, 75, 86, 87, 95, 105, 108, 115, 84]",11.4
119,1788358455141345121,307200,66536,14,10,153.1,"[80.9, 82.2, 85.4, 88.4, 92.4, 94.4, 96.4, 100.3, 102.2, 153.1]","['INSIDE', 'OUTSIDE', 'INSIDE', 'OUTSIDE', 'OUTSIDE', 'OUTSIDE', 'OUTSIDE', 'INSIDE', 'OUTSIDE', 'INSIDE']","[[0.68, 5.22, 2.5], [0.29, 0.46, 1.25], [1.2, 4.95, 2.68], [1.18, 0.39, 2.56], [0.86, 2.41, 0.8], [0.26, 0.55, 1.05], [1.01, 0.26, 2.32], [1.09, 5.06, 0.87], [0.63, 0.53, 0.86], [8.94, 4.14, 2.06]]","[89, 75, 86, 87, 98, 105, 108, 103, 107, 84]",12.6
120,1788358455237482185,307200,67244,18,9,158.3,"[80.9, 82.8, 87.3, 93.1, 94.9, 100.4, 100.8, 103.5, 158.3]","['OUTSIDE', 'INSIDE', 'INSIDE', 'OUTSIDE', 'OUTSIDE', 'OUTSIDE', 'OUTSIDE', 'OUTSIDE', 'OUTSIDE']","[[0.34, 0.56, 1.62], [2.19, 5.27, 2.78], [1.65, 4.91, 2.52], [0.23, 0.54, 1.22], [1.35, 1.35, 2.5], [0.05, 0.23, 0.19], [0.63, 0.54, 1.12], [0.06, 0.24, 0.91], [10.92, 1.08, 2.07]]","[75, 89, 86, 105, 108, 103, 107, 115, 84]",13.8
121,1788358455340022385,307200,67743,19,10,170.4,"[80.8, 82.3, 85.7, 90.1, 91.8, 93.7, 99.5, 99.7, 102.1, 170.4]","['INSIDE', 'OUTSIDE', 'INSIDE', 'OUTSIDE', 'OUTSIDE', 'OUTSIDE', 'INSIDE', 'OUTSIDE', 'OUTSIDE', 'OUTSIDE']","[[0.86, 5.11, 1.09], [0.39, 0.84, 2.53], [1.05, 4.8, 2.69], [0.06, 0.08, 2.36], [0.25, 0.53, 1.02], [1.09, 0.42, 2.26], [1.28, 1.56, 0.03], [0.62, 0.67, 1.11], [0.08, 0.24, 1.11], [1.4, 0.11, 0.47]]","[89, 75, 86, 93, 105, 108, 107, 115, 111, 96]",11.9
122,1788358455442123970,307200,68515,19,11,100.8,"[29.4, 81.0, 83.1, 84.4, 88.1, 88.4, 90.4, 92.4, 95.1, 98.2, 100.8]","['RAIL', 'OUTSIDE', 'INSIDE', 'OUTSIDE', 'INSIDE', 'OUTSIDE', 'OUTSIDE', 'OUTSIDE', 'INSIDE', 'OUTSIDE', 'OUTSIDE']","[[1.36, 0.04, 0.2], [0.37, 0.84, 2.69], [0.58, 4.78, 0.02], [1.06, 0.25, 2.82], [0.55, 2.29, 1.2], [0.85, 1.63, 0.98], [0.19, 0.37, 1.18], [0.96, 0.39, 2.43], [0.17, 1.66, 0.0], [0.59, 0.58, 1.1], [0.07, 0.21, 0.89]]","[8, 75, 89, 86, 65, 87, 93, 105, 95, 115, 111]",14.9
123,1788358455535756981,307200,69190,14,7,97.0,"[82.7, 83.1, 87.9, 89.2, 91.1, 95.0, 97.0]","['RAIL', 'INSIDE', 'INSIDE', 'OUTSIDE', 'OUTSIDE', 'INSIDE', 'OUTSIDE']","[[0.32, 0.16, 0.74], [1.19, 5.17, 0.96], [0.25, 2.46, 0.01], [0.24, 0.44, 1.39], [1.09, 0.34, 2.19], [1.12, 4.11, 0.82], [0.53, 0.5, 1.08]]","[86, 89, 65, 93, 105, 95, 115]",13.7
124,1788358455638202611,307200,69919,18,11,101.5,"[75.7, 76.9, 81.7, 86.3, 86.5, 87.9, 89.8, 92.9, 95.6, 98.2, 101.5]","['OUTSIDE', 'OUTSIDE', 'INSIDE', 'INSIDE', 'OUTSIDE', 'OUTSIDE', 'OUTSIDE', 'INSIDE', 'OUTSIDE', 'OUTSIDE', 'OUTSIDE']","[[3.12, 2.28, 2.73], [0.22, 2.15, 0.01], [1.35, 5.31, 2.73], [0.57, 2.41, 0.02], [0.61, 0.6, 2.48], [0.3, 0.51, 1.37], [1.01, 0.38, 2.37], [0.58, 3.09, 0.01], [0.6, 0.6, 1.07], [0.08, 0.21, 0.86], [1.55, 2.13, 0.88]]","[54, 75, 89, 65, 87, 93, 105, 98, 115, 107, 111]",11.9
125,1788358455743355231,307200,68837,13,9,104.7,"[81.1, 86.5, 86.5, 88.5, 93.0, 93.9, 94.3, 96.9, 104.7]","['INSIDE', 'INSIDE', 'OUTSIDE', 'OUTSIDE', 'OUTSIDE', 'OUTSIDE', 'OUTSIDE', 'OUTSIDE', 'OUTSIDE']","[[2.18, 5.23, 2.53], [0.3, 4.68, 0.01], [0.24, 0.51, 1.35], [1.05, 0.4, 2.78], [0.18, 0.27, 0.82], [0.06, 0.37, 0.2], [0.6, 0.56, 1.05], [0.05, 0.21, 0.85], [0.83, 0.38, 1.43]]","[89, 65, 87, 93, 108, 95, 115, 107, 120]",16.3
126,1788358455840308504,307200,67913,16,8,107.9,"[83.2, 85.3, 87.6, 92.5, 92.6, 99.6, 103.3, 107.9]","['INSIDE', 'OUTSIDE', 'INSIDE', 'OUTSIDE', 'OUTSIDE', 'OUTSIDE', 'INSIDE', 'OUTSIDE']","[[0.96, 5.27, 2.55], [0.22, 0.42, 1.51], [1.82, 4.51, 2.76], [0.09, 0.36, 0.19], [1.67, 0.87, 1.04], [0.06, 0.05, 0.88], [1.02, 5.05, 1.33], [0.62, 1.0, 2.36]]","[89, 87, 65, 95, 108, 111, 120, 122]",16.3
127,1788358455938562461,307200,67614,19,6,101.9,"[82.0, 84.0, 86.4, 91.8, 94.0, 101.9]","['INSIDE', 'OUTSIDE', 'INSIDE', 'OUTSIDE', 'OUTSIDE', 'OUTSIDE']","[[0.77, 5.12, 1.27], [0.19, 0.46, 1.31], [1.83, 4.84, 2.72], [0.65, 0.51, 1.02], [0.72, 1.29, 1.05], [1.24, 1.62, 1.59]]","[89, 87, 65, 108, 115, 120]",13.7
128,1788358456038147086,307200,67857,17,10,108.8,"[81.0, 82.7, 84.6, 85.6, 86.6, 90.5, 97.1, 100.7, 105.4, 108.8]","['INSIDE', 'OUTSIDE', 'RAIL', 'OUTSIDE', 'INSIDE', 'OUTSIDE', 'OUTSIDE', 'OUTSIDE', 'OUTSIDE', 'OUTSIDE']","[[1.24, 5.09, 2.39], [0.22, 0.48, 1.46], [0.92, 0.36, 0.54], [1.08, 1.96, 0.98], [0.92, 1.91, 0.19], [0.64, 0.51, 1.01], [0.08, 0.2, 1.06], [1.01, 1.42, 1.57], [0.8, 1.16, 2.02], [0.76, 1.0, 0.95]]","[89, 86, 87, 65, 93, 105, 107, 120, 121, 122]",13.5
129,1788358456140078666,307200,67578,21,10,160.2,"[81.4, 82.5, 83.4, 87.4, 88.3, 89.2, 100.2, 104.2, 107.8, 160.2]","['OUTSIDE', 'INSIDE', 'OUTSIDE', 'OUTSIDE', 'INSIDE', 'OUTSIDE', 'OUTSIDE', 'OUTSIDE', 'OUTSIDE', 'OUTSIDE']","[[0.27, 0.57, 1.44], [0.75, 4.16, 0.02], [1.0, 0.37, 2.79], [0.99, 0.19, 0.96], [0.76, 4.64, 0.81], [0.64, 0.57, 1.22], [2.0, 1.55, 1.99], [0.78, 1.09, 2.28], [0.11, 0.23, 0.96], [1.51, 0.09, 0.33]]","[86, 89, 87, 93, 65, 105, 120, 121, 122, 84]",15.7
130,1788358456244587707,307200,67164,20,10,158.9,"[80.2, 82.1, 87.1, 87.4, 94.5, 98.3, 101.3, 102.8, 106.6, 158.9]","['OUTSIDE', 'INSIDE', 'INSIDE', 'OUTSIDE', 'OUTSIDE', 'OUTSIDE', 'OUTSIDE', 'OUTSIDE', 'OUTSIDE', 'OUTSIDE']","[[0.26, 0.33, 1.42], [1.29, 5.11, 2.74], [1.23, 4.91, 1.0], [1.69, 0.88, 1.38], [0.05, 0.06, 1.05], [0.74, 0.89, 2.36], [0.31, 1.42, 0.01], [0.65, 0.96, 2.45], [0.11, 0.05, 0.95], [1.48, 0.09, 0.32]]","[86, 89, 65, 105, 115, 107, 120, 121, 122, 84]",14.8
131,1788358456338939026,307200,66045,20,9,157.7,"[72.8, 81.0, 86.7, 86.7, 93.8, 97.0, 100.9, 101.3, 157.7]","['RAIL', 'INSIDE', 'OUTSIDE', 'INSIDE', 'OUTSIDE', 'OUTSIDE', 'INSIDE', 'OUTSIDE', 'OUTSIDE']","[[1.0, 0.31, 0.79], [1.37, 5.1, 2.72], [0.69, 0.6, 1.36], [0.18, 4.69, 0.0], [1.09, 1.21, 0.85], [0.85, 0.71, 2.33], [0.17, 1.06, 0.0], [1.57, 2.11, 2.41], [1.46, 0.09, 0.32]]","[75, 89, 105, 65, 115, 107, 120, 121, 84]",18.1
132,1788358456442785751,307200,66781,19,10,188.0,"[77.6, 82.7, 84.9, 87.7, 94.2, 94.7, 100.4, 101.3, 104.1, 188.0]","['OUTSIDE', 'INSIDE', 'OUTSIDE', 'INSIDE', 'NEAR', 'OUTSIDE', 'OUTSIDE', 'OUTSIDE', 'OUTSIDE', 'RAIL']","[[0.47, 2.04, 0.02], [1.12, 5.07, 0.2], [1.77, 0.98, 1.34], [0.75, 5.13, 1.19], [0.35, 1.16, 0.01], [3.0, 2.2, 2.52], [0.79, 1.09, 2.2], [0.17, 1.24, 0.0], [0.09, 0.19, 0.71], [0.01, 0.11, 0.28]]","[86, 89, 87, 65, 95, 115, 121, 111, 122, 124]",14.7
133,1788358456540318254,307200,67088,19,8,188.2,"[80.8, 83.7, 85.4, 92.0, 94.5, 99.3, 102.8, 188.2]","['INSIDE', 'OUTSIDE', 'INSIDE', 'OUTSIDE', 'OUTSIDE', 'OUTSIDE', 'OUTSIDE', 'INSIDE']","[[0.75, 5.12, 0.18], [1.71, 0.93, 1.32], [0.62, 4.03, 0.02], [0.14, 1.6, 0.0], [0.85, 0.85, 2.27], [1.01, 1.54, 2.39], [0.07, 0.21, 0.91], [2.88, 3.82, 1.6]]","[89, 87, 65, 98, 115, 121, 122, 124]",15.9
134,1788358456642369813,307200,67051,15,7,185.6,"[82.2, 82.4, 87.2, 93.5, 97.8, 101.2, 185.6]","['OUTSIDE', 'INSIDE', 'INSIDE', 'INSIDE', 'OUTSIDE', 'OUTSIDE', 'INSIDE']","[[1.71, 0.95, 1.09], [1.32, 5.54, 1.3], [0.38, 4.41, 0.01], [1.65, 3.72, 2.47], [0.57, 1.01, 2.34], [0.7, 1.23, 0.89], [0.16, 0.22, 1.56]]","[87, 89, 65, 115, 107, 111, 124]",11.8
135,1788358456739101613,307200,67114,19,8,184.4,"[81.0, 81.2, 92.3, 96.5, 99.8, 100.0, 104.3, 184.4]","['OUTSIDE', 'INSIDE', 'INSIDE', 'OUTSIDE', 'INSIDE', 'OUTSIDE', 'OUTSIDE', 'INSIDE']","[[1.79, 0.97, 1.28], [1.34, 5.39, 1.45], [1.7, 4.33, 2.44], [0.5, 0.9, 2.31], [0.89, 1.06, 0.02], [1.23, 2.24, 0.89], [0.04, 0.17, 0.71], [0.16, 0.34, 0.52]]","[87, 89, 115, 107, 120, 121, 122, 124]",13.1
136,1788358456843438683,307200,66788,13,9,183.1,"[81.6, 86.7, 92.0, 95.3, 99.1, 100.4, 103.1, 113.0, 183.1]","['INSIDE', 'INSIDE', 'OUTSIDE', 'OUTSIDE', 'OUTSIDE', 'NEAR', 'OUTSIDE', 'INSIDE', 'INSIDE']","[[0.29, 4.55, 0.01], [0.71, 4.47, 1.18], [3.07, 2.29, 2.45], [0.54, 1.0, 2.28], [0.05, 0.16, 0.87], [0.42, 1.4, 0.01], [0.07, 0.23, 0.91], [4.81, 5.04, 2.22], [3.32, 3.75, 1.56]]","[89, 65, 108, 107, 121, 111, 122, 126, 124]",15.5
137,1788358456941572877,307200,66699,13,7,181.9,"[81.8, 86.6, 89.6, 93.6, 97.7, 101.2, 181.9]","['INSIDE', 'INSIDE', 'OUTSIDE', 'INSIDE', 'OUTSIDE', 'OUTSIDE', 'INSIDE']","[[0.89, 5.1, 0.95], [1.43, 5.03, 1.0], [0.85, 0.81, 2.59], [1.49, 3.41, 2.44], [0.39, 0.49, 2.34], [1.43, 1.25, 0.88], [3.31, 3.97, 1.55]]","[89, 65, 108, 115, 121, 111, 124]",12.4
138,1788358457645975493,307200,67962,15,8,118.5,"[81.6, 85.8, 89.3, 93.9, 97.6, 98.1, 103.3, 118.5]","['INSIDE', 'OUTSIDE', 'OUTSIDE', 'INSIDE', 'OUTSIDE', 'OUTSIDE', 'INSIDE', 'INSIDE']","[[1.88, 5.09, 2.74], [0.75, 1.09, 2.67], [0.52, 0.53, 2.57], [0.99, 4.39, 0.68], [0.1, 0.44, 1.71], [1.35, 1.75, 2.36], [4.81, 5.24, 2.49], [0.06, 1.03, 0.0]]","[89, 105, 108, 115, 120, 121, 122, 126]",13.3
139,1788358457739009733,307200,68683,17,11,163.1,"[80.6, 84.7, 86.0, 88.1, 92.8, 93.0, 96.4, 96.9, 101.8, 115.5, 163.1]","['INSIDE', 'OUTSIDE', 'INSIDE', 'OUTSIDE', 'NEAR', 'INSIDE', 'OUTSIDE', 'OUTSIDE', 'INSIDE', 'INSIDE', 'INSIDE']","[[1.94, 5.22, 2.71], [0.89, 1.09, 2.63], [0.71, 4.21, 0.02], [0.49, 0.62, 2.54], [0.46, 1.46, 0.01], [0.19, 0.98, 0.01], [0.08, 0.56, 1.69], [1.33, 1.9, 2.33], [3.94, 5.14, 2.47], [0.65, 1.57, 0.22], [0.34, 3.91, 1.57]]","[89, 105, 65, 108, 95, 98, 120, 121, 122, 126, 84]",14.3
140,1788358457845190971,307200,68067,16,10,179.0,"[83.0, 86.9, 87.1, 95.2, 95.2, 96.3, 100.5, 114.4, 170.5, 179.0]","['INSIDE', 'INSIDE', 'OUTSIDE', 'OUTSIDE', 'OUTSIDE', 'OUTSIDE', 'INSIDE', 'INSIDE', 'INSIDE', 'OUTSIDE']","[[1.86, 5.2, 2.75], [0.19, 1.83, 0.01], [0.53, 1.59, 2.72], [0.06, 0.43, 0.83], [0.19, 0.22, 0.66], [0.25, 1.57, 2.3], [3.88, 5.06, 2.44], [1.07, 1.35, 0.23], [1.78, 3.76, 1.44], [1.2, 0.08, 1.25]]","[89, 65, 108, 120, 107, 121, 122, 126, 133, 124]",11.4
141,1788358457943009340,307200,68714,14,9,177.8,"[82.4, 85.8, 87.5, 94.1, 94.7, 99.4, 159.2, 171.2, 177.8]","['INSIDE', 'OUTSIDE', 'INSIDE', 'OUTSIDE', 'OUTSIDE', 'INSIDE', 'OUTSIDE', 'INSIDE', 'OUTSIDE']","[[0.79, 5.13, 2.75], [0.5, 0.61, 2.47], [0.24, 3.36, 0.01], [0.06, 0.29, 0.82], [1.38, 1.91, 2.49], [4.02, 5.01, 2.43], [2.8, 0.28, 1.06], [2.57, 3.82, 1.89], [1.22, 0.08, 1.24]]","[89, 105, 108, 120, 107, 122, 84, 133, 124]",16.7
142,1788358458042613359,307200,69211,15,12,176.7,"[81.9, 84.6, 86.7, 92.9, 93.5, 98.5, 104.0, 115.3, 136.1, 158.0, 170.3, 176.7]","['INSIDE', 'OUTSIDE', 'INSIDE', 'OUTSIDE', 'OUTSIDE', 'INSIDE', 'INSIDE', 'INSIDE', 'INSIDE', 'OUTSIDE', 'INSIDE', 'OUTSIDE']","[[2.16, 5.26, 2.73], [0.51, 0.65, 2.65], [1.11, 4.1, 0.03], [0.07, 0.44, 0.81], [1.35, 2.26, 2.46], [4.44, 5.12, 2.4], [0.08, 1.82, 0.0], [0.05, 1.21, 0.0], [3.7, 4.09, 0.3], [2.8, 0.28, 1.08], [2.89, 3.95, 1.88], [1.28, 0.08, 1.23]]","[89, 105, 108, 120, 107, 122, 131, 126, 127, 84, 133, 124]",13.3
143,1788358458145568515,307200,69874,17,11,166.4,"[80.8, 83.5, 85.7, 91.8, 92.3, 92.4, 97.2, 114.2, 134.4, 158.2, 166.4]","['INSIDE', 'OUTSIDE', 'INSIDE', 'OUTSIDE', 'INSIDE', 'OUTSIDE', 'INSIDE', 'INSIDE', 'INSIDE', 'OUTSIDE', 'INSIDE']","[[2.16, 5.22, 2.7], [0.44, 0.65, 2.2], [0.62, 4.94, 0.02], [0.09, 0.57, 0.8], [0.28, 1.78, 0.01], [1.3, 1.81, 2.43], [4.05, 4.89, 2.37], [0.07, 1.2, 0.0], [4.91, 4.06, 0.3], [0.14, 0.17, 1.33], [7.52, 3.84, 1.81]]","[89, 105, 108, 120, 95, 107, 122, 126, 127, 84, 133]",12.0
144,1788358458238621848,307200,68994,15,11,174.4,"[82.3, 87.2, 90.6, 91.2, 95.8, 98.9, 104.8, 114.8, 155.0, 168.0, 174.4]","['INSIDE', 'INSIDE', 'OUTSIDE', 'OUTSIDE', 'INSIDE', 'INSIDE', 'INSIDE', 'OUTSIDE', 'INSIDE', 'INSIDE', 'OUTSIDE']","[[0.63, 4.91, 2.75], [1.45, 5.24, 0.97], [0.09, 0.41, 1.79], [1.36, 1.81, 2.4], [3.65, 5.0, 2.48], [0.12, 2.96, 0.2], [0.08, 0.73, 0.0], [1.18, 1.23, 0.23], [4.29, 3.76, 1.33], [2.92, 4.11, 1.88], [1.22, 0.08, 1.21]]","[89, 65, 120, 107, 122, 121, 131, 126, 84, 133, 124]",11.8
145,1788358458343674360,307200,69138,13,9,164.8,"[81.2, 83.2, 89.5, 89.5, 94.9, 99.5, 107.6, 154.6, 164.8]","['OUTSIDE', 'INSIDE', 'OUTSIDE', 'OUTSIDE', 'INSIDE', 'INSIDE', 'INSIDE', 'INSIDE', 'INSIDE']","[[0.51, 0.61, 2.71], [0.48, 4.94, 0.01], [0.07, 0.46, 0.98], [2.54, 2.5, 2.57], [4.08, 5.41, 2.52], [0.24, 3.3, 0.01], [0.13, 2.07, 0.0], [2.8, 4.38, 2.04], [2.14, 4.01, 1.84]]","[105, 89, 120, 107, 122, 121, 131, 84, 133]",11.7
146,1788358458437035718,307200,69218,15,12,172.8,"[80.1, 82.1, 88.4, 88.4, 93.7, 98.4, 107.3, 113.7, 135.9, 153.4, 164.3, 172.8]","['OUTSIDE', 'INSIDE', 'OUTSIDE', 'INSIDE', 'INSIDE', 'INSIDE', 'OUTSIDE', 'OUTSIDE', 'INSIDE', 'INSIDE', 'INSIDE', 'OUTSIDE']","[[0.48, 0.62, 2.47], [0.51, 4.73, 0.02], [0.08, 0.39, 0.77], [2.45, 5.23, 2.78], [4.03, 4.85, 2.49], [0.21, 3.26, 0.0], [1.62, 1.15, 0.03], [0.17, 0.25, 0.96], [11.65, 3.92, 0.53], [2.97, 3.81, 1.77], [7.56, 4.15, 1.86], [0.1, 0.3, 0.0]]","[105, 89, 120, 65, 115, 121, 131, 126, 127, 84, 133, 124]",11.3
147,1788358458537052421,307200,69550,14,8,164.2,"[82.5, 87.9, 92.7, 97.2, 104.1, 134.8, 151.6, 164.2]","['INSIDE', 'INSIDE', 'INSIDE', 'INSIDE', 'INSIDE', 'INSIDE', 'INSIDE', 'INSIDE']","[[1.5, 5.15, 0.73], [2.49, 5.55, 2.74], [4.04, 5.44, 2.46], [0.22, 3.22, 0.0], [0.11, 1.82, 0.0], [11.65, 3.65, 1.84], [4.35, 4.05, 1.0], [3.89, 4.04, 1.84]]","[89, 65, 115, 121, 131, 127, 84, 133]",11.3
148,1788358458637752958,307200,69315,16,11,163.1,"[82.4, 86.2, 86.7, 90.9, 93.9, 105.2, 113.5, 114.9, 133.8, 151.3, 163.1]","['INSIDE', 'OUTSIDE', 'OUTSIDE', 'OUTSIDE', 'INSIDE', 'INSIDE', 'OUTSIDE', 'OUTSIDE', 'INSIDE', 'INSIDE', 'INSIDE']","[[0.61, 4.87, 0.74], [0.1, 0.5, 0.95], [1.33, 1.97, 2.73], [2.73, 1.91, 2.4], [1.51, 3.23, 0.24], [1.7, 4.05, 0.49], [0.12, 0.48, 2.19], [0.08, 1.0, 0.0], [11.57, 3.69, 2.08], [2.77, 4.02, 1.33], [5.43, 3.94, 1.84]]","[89, 120, 65, 107, 95, 128, 126, 137, 127, 84, 133]",11.4
149,1788358458740431881,307200,68043,17,12,162.0,"[81.0, 82.6, 85.1, 85.6, 90.3, 99.3, 105.1, 109.9, 113.1, 134.8, 150.2, 162.0]","['OUTSIDE', 'INSIDE', 'OUTSIDE', 'OUTSIDE', 'INSIDE', 'INSIDE', 'INSIDE', 'OUTSIDE', 'OUTSIDE', 'INSIDE', 'INSIDE', 'INSIDE']","[[0.05, 0.16, 0.55], [0.5, 4.03, 0.01], [0.21, 0.33, 1.85], [1.3, 1.96, 2.83], [4.64, 5.48, 2.77], [0.09, 1.73, 0.0], [2.03, 3.11, 0.49], [1.08, 0.26, 0.93], [1.46, 1.01, 2.19], [12.4, 3.69, 2.07], [2.85, 3.74, 1.75], [5.51, 4.2, 1.81]]","[105, 89, 120, 65, 107, 121, 128, 126, 137, 127, 84, 133]",11.8
150,1788358458841130408,307200,68449,15,11,160.9,"[83.3, 84.0, 89.2, 96.6, 98.2, 102.9, 108.1, 112.0, 133.8, 149.2, 160.9]","['OUTSIDE', 'INSIDE', 'INSIDE', 'INSIDE', 'INSIDE', 'INSIDE', 'OUTSIDE', 'INSIDE', 'INSIDE', 'INSIDE', 'INSIDE']","[[0.11, 0.48, 1.08], [4.01, 5.08, 2.8], [4.14, 4.93, 2.75], [0.04, 1.01, 0.0], [0.1, 1.54, 0.0], [1.11, 0.89, 0.2], [1.09, 0.78, 0.31], [1.47, 3.71, 2.17], [12.51, 3.89, 1.66], [3.0, 4.09, 1.0], [5.45, 4.02, 1.78]]","[120, 89, 107, 122, 121, 131, 126, 137, 127, 84, 133]",12.7
151,1788358458937582599,307200,68920,12,9,159.8,"[83.0, 88.7, 95.5, 98.5, 103.8, 110.8, 113.2, 148.5, 159.8]","['INSIDE', 'INSIDE', 'INSIDE', 'INSIDE', 'INSIDE', 'OUTSIDE', 'INSIDE', 'INSIDE', 'INSIDE']","[[2.27, 5.55, 2.76], [4.95, 5.09, 2.79], [0.04, 1.5, 0.0], [1.08, 3.9, 2.36], [0.28, 2.87, 0.21], [1.16, 0.61, 1.45], [0.07, 3.36, 0.0], [3.71, 4.32, 1.73], [5.41, 4.13, 1.79]]","[89, 107, 122, 121, 128, 137, 138, 84, 133]",13.6
152,1788358459040831189,307200,69111,14,9,157.1,"[82.3, 87.7, 95.9, 98.2, 102.3, 105.3, 109.7, 111.9, 157.1]","['INSIDE', 'INSIDE', 'INSIDE', 'INSIDE', 'INSIDE', 'INSIDE', 'OUTSIDE', 'INSIDE', 'INSIDE']","[[1.9, 5.4, 2.54], [4.99, 5.79, 2.76], [0.05, 1.0, 0.0], [1.79, 3.77, 0.21], [1.11, 3.2, 0.22], [2.31, 3.52, 0.3], [1.2, 0.58, 1.44], [0.61, 4.67, 0.91], [2.17, 4.1, 1.75]]","[89, 107, 122, 121, 128, 126, 137, 138, 133]",12.9
153,1788358459138945744,307200,69399,20,13,174.4,"[80.8, 81.8, 86.3, 90.7, 97.6, 99.2, 99.5, 102.7, 106.4, 109.3, 134.0, 156.0, 174.4]","['OUTSIDE', 'INSIDE', 'INSIDE', 'INSIDE', 'INSIDE', 'INSIDE', 'INSIDE', 'OUTSIDE', 'OUTSIDE', 'INSIDE', 'INSIDE', 'INSIDE', 'OUTSIDE']","[[0.09, 0.28, 0.66], [2.39, 5.13, 2.55], [4.3, 4.99, 2.82], [0.23, 3.17, 0.01], [0.05, 0.68, 0.0], [1.35, 3.61, 0.21], [1.06, 0.06, 0.68], [3.96, 0.91, 0.45], [0.77, 0.35, 2.34], [2.56, 3.68, 2.37], [4.97, 4.06, 1.49], [8.8, 3.98, 1.99], [0.0, 0.3, 0.0]]","[89, 105, 107, 115, 121, 128, 122, 126, 137, 138, 127, 133, 124]",13.5
154,1788358459237641800,307200,69416,18,12,134.2,"[80.3, 82.3, 85.2, 90.3, 96.6, 98.1, 99.2, 103.1, 104.0, 105.4, 108.2, 134.2]","['OUTSIDE', 'INSIDE', 'INSIDE', 'INSIDE', 'INSIDE', 'INSIDE', 'INSIDE', 'OUTSIDE', 'INSIDE', 'OUTSIDE', 'INSIDE', 'INSIDE']","[[1.33, 1.84, 2.68], [1.03, 4.51, 0.15], [4.24, 5.25, 2.78], [1.54, 3.88, 0.4], [0.07, 0.51, 0.0], [0.56, 3.74, 0.19], [0.1, 0.69, 0.0], [2.64, 1.06, 0.44], [0.77, 1.3, 1.14], [0.78, 0.35, 2.32], [2.56, 3.83, 2.35], [7.46, 3.32, 1.89]]","[105, 89, 107, 115, 121, 128, 122, 126, 131, 137, 138, 127]",14.4
155,1788358459338611811,307200,69419,15,9,158.0,"[84.0, 89.3, 97.0, 98.3, 101.7, 104.3, 108.2, 131.2, 158.0]","['INSIDE', 'INSIDE', 'INSIDE', 'INSIDE', 'OUTSIDE', 'OUTSIDE', 'INSIDE', 'INSIDE', 'INSIDE']","[[5.69, 5.19, 2.75], [1.57, 3.83, 0.4], [0.62, 3.12, 0.2], [0.59, 3.7, 0.18], [1.83, 1.25, 0.44], [0.83, 0.34, 2.3], [4.64, 4.68, 2.33], [3.59, 3.89, 1.45], [10.15, 4.2, 1.74]]","[107, 115, 128, 121, 126, 137, 138, 127, 133]",14.3
156,1788358459446879016,307200,69438,14,9,171.2,"[83.4, 89.1, 91.8, 92.7, 97.3, 105.4, 127.2, 153.9, 171.2]","['INSIDE', 'INSIDE', 'INSIDE', 'NEAR', 'INSIDE', 'INSIDE', 'INSIDE', 'INSIDE', 'OUTSIDE']","[[4.9, 5.77, 2.8], [0.64, 1.63, 0.2], [0.08, 3.53, 0.0], [2.05, 0.61, 1.22], [2.87, 4.09, 0.41], [5.03, 4.24, 2.33], [12.1, 4.08, 1.99], [6.75, 4.16, 2.03], [0.04, 0.3, 0.0]]","[107, 115, 95, 121, 128, 131, 127, 133, 124]",13.7
157,1788358459542045567,307200,70072,15,12,190.7,"[82.0, 88.0, 90.1, 90.7, 92.0, 95.5, 96.8, 104.3, 127.5, 151.8, 170.2, 190.7]","['INSIDE', 'INSIDE', 'OUTSIDE', 'INSIDE', 'INSIDE', 'INSIDE', 'INSIDE', 'INSIDE', 'INSIDE', 'INSIDE', 'OUTSIDE', 'OUTSIDE']","[[5.56, 5.69, 2.77], [0.62, 1.61, 0.2], [0.02, 0.19, 0.37], [0.12, 3.64, 0.0], [0.05, 1.77, 0.0], [1.57, 1.33, 0.21], [1.58, 3.24, 0.4], [5.05, 4.2, 2.34], [14.89, 4.32, 1.97], [8.84, 3.96, 1.96], [0.02, 0.3, 0.0], [0.14, 0.2, 1.23]]","[89, 115, 95, 121, 128, 122, 126, 131, 127, 133, 124, 135]",14.3
158,1788358459646491762,307200,70556,18,13,190.0,"[81.3, 86.9, 89.0, 90.0, 91.0, 94.5, 95.7, 99.0, 99.7, 103.3, 140.6, 153.5, 190.0]","['INSIDE', 'INSIDE', 'OUTSIDE', 'NEAR', 'INSIDE', 'INSIDE', 'INSIDE', 'INSIDE', 'OUTSIDE', 'INSIDE', 'OUTSIDE', 'INSIDE', 'INSIDE']","[[4.92, 5.76, 2.73], [0.54, 2.5, 0.2], [0.07, 0.19, 0.18], [0.04, 1.27, 0.0], [0.76, 3.7, 0.78], [1.66, 1.14, 0.21], [1.86, 3.53, 0.4], [0.99, 0.18, 2.37], [1.24, 1.52, 0.18], [5.05, 4.03, 2.29], [2.84, 0.43, 1.2], [14.25, 4.27, 1.94], [0.64, 3.73, 1.6]]","[89, 115, 95, 121, 128, 122, 126, 131, 137, 138, 139, 133, 135]",16.7
159,1788358459738005078,307200,70946,15,11,189.0,"[80.3, 88.1, 89.8, 92.9, 94.8, 97.0, 101.4, 125.3, 138.2, 152.5, 189.0]","['INSIDE', 'INSIDE', 'INSIDE', 'INSIDE', 'INSIDE', 'OUTSIDE', 'INSIDE', 'INSIDE', 'INSIDE', 'INSIDE', 'INSIDE']","[[4.98, 5.15, 2.72], [1.26, 2.93, 0.04], [0.58, 3.45, 0.8], [0.54, 0.63, 0.2], [1.51, 4.0, 0.42], [0.27, 1.05, 0.19], [3.2, 3.94, 2.24], [9.72, 4.1, 1.94], [5.6, 4.21, 1.86], [14.2, 3.84, 1.93], [0.81, 3.71, 1.6]]","[89, 115, 128, 122, 126, 137, 138, 127, 139, 133, 135]",14.8
160,1788358459838700345,307200,70981,16,11,149.8,"[82.0, 83.8, 84.9, 87.0, 90.5, 96.7, 97.5, 98.3, 119.7, 137.2, 149.8]","['INSIDE', 'OUTSIDE', 'INSIDE', 'OUTSIDE', 'INSIDE', 'INSIDE', 'NEAR', 'OUTSIDE', 'INSIDE', 'INSIDE', 'INSIDE']","[[0.06, 1.0, 0.0], [0.04, 0.59, 0.0], [0.97, 3.85, 0.38], [0.06, 0.19, 0.36], [0.58, 2.51, 0.19], [1.39, 0.39, 2.3], [1.25, 0.51, 0.03], [1.13, 0.32, 0.83], [0.11, 2.3, 0.0], [5.49, 4.01, 1.19], [6.74, 4.24, 1.99]]","[107, 115, 89, 95, 128, 131, 137, 138, 127, 139, 84]",15.1
161,1788358459941069554,307200,69119,19,11,146.7,"[80.2, 82.4, 85.5, 87.7, 89.3, 92.9, 95.4, 99.7, 116.7, 137.5, 146.7]","['INSIDE', 'INSIDE', 'RAIL', 'INSIDE', 'INSIDE', 'OUTSIDE', 'INSIDE', 'INSIDE', 'INSIDE', 'OUTSIDE', 'INSIDE']","[[1.57, 3.3, 0.2], [0.07, 3.02, 0.0], [0.94, 0.28, 0.72], [0.52, 1.84, 0.78], [0.1, 1.87, 0.0], [1.1, 1.46, 0.42], [2.01, 3.34, 1.2], [5.93, 3.92, 2.39], [2.15, 3.88, 0.75], [2.88, 0.53, 1.61], [6.85, 3.86, 1.9]]","[107, 89, 95, 128, 121, 126, 131, 138, 127, 139, 84]",13.6
162,1788358460043597558,307200,68849,13,9,185.6,"[83.0, 85.0, 90.5, 94.9, 100.3, 118.3, 135.8, 148.3, 185.6]","['OUTSIDE', 'INSIDE', 'INSIDE', 'INSIDE', 'INSIDE', 'INSIDE', 'INSIDE', 'INSIDE', 'RAIL']","[[0.03, 0.3, 0.17], [2.78, 3.71, 0.2], [1.83, 4.33, 0.39], [2.77, 3.93, 0.4], [3.04, 3.91, 2.37], [1.5, 3.94, 0.02], [4.47, 4.33, 1.88], [5.42, 4.3, 1.96], [0.0, 0.1, 0.28]]","[95, 89, 121, 131, 138, 127, 139, 84, 135]",13.9
163,1788358460137266813,307200,68814,19,14,184.9,"[82.5, 84.0, 84.6, 86.6, 89.5, 92.9, 94.2, 98.4, 100.5, 117.4, 134.8, 147.5, 155.6, 184.9]","['INSIDE', 'OUTSIDE', 'OUTSIDE', 'OUTSIDE', 'INSIDE', 'INSIDE', 'INSIDE', 'INSIDE', 'INSIDE', 'INSIDE', 'INSIDE', 'INSIDE', 'INSIDE', 'INSIDE']","[[1.82, 3.47, 0.16], [0.05, 0.15, 0.34], [0.1, 1.32, 0.38], [0.18, 0.06, 1.35], [1.86, 4.29, 0.39], [2.94, 0.38, 2.23], [2.2, 4.16, 0.83], [1.48, 4.0, 2.37], [0.63, 4.05, 0.9], [1.37, 3.9, 0.02], [4.36, 4.31, 2.05], [5.25, 4.35, 1.95], [0.05, 1.09, 0.0], [0.79, 3.43, 1.56]]","[89, 95, 115, 128, 121, 122, 131, 137, 138, 127, 139, 84, 133, 135]",14.8
164,1788358460247373653,307200,68411,16,13,184.0,"[81.8, 82.9, 83.6, 88.6, 93.7, 97.3, 99.5, 116.4, 133.8, 145.7, 154.5, 174.7, 184.0]","['INSIDE', 'RAIL', 'NEAR', 'INSIDE', 'INSIDE', 'INSIDE', 'INSIDE', 'INSIDE', 'INSIDE', 'INSIDE', 'INSIDE', 'OUTSIDE', 'INSIDE']","[[1.23, 2.71, 0.2], [0.32, 0.18, 0.91], [4.15, 0.73, 1.7], [2.15, 4.24, 2.38], [3.62, 4.56, 2.44], [1.19, 3.96, 2.32], [0.64, 4.02, 0.89], [1.45, 3.46, 0.02], [4.4, 4.27, 1.83], [6.68, 4.38, 1.92], [0.1, 2.7, 0.0], [2.31, 0.34, 0.36], [0.78, 3.41, 1.55]]","[89, 95, 128, 121, 131, 137, 138, 127, 139, 84, 133, 124, 135]",13.7
165,1788358460343292911,307200,68443,21,14,183.0,"[82.0, 82.9, 84.0, 84.0, 87.3, 88.8, 92.5, 92.5, 94.2, 98.1, 115.8, 133.9, 145.5, 183.0]","['RAIL', 'INSIDE', 'INSIDE', 'NEAR', 'INSIDE', 'INSIDE', 'INSIDE', 'OUTSIDE', 'INSIDE', 'INSIDE', 'INSIDE', 'INSIDE', 'INSIDE', 'INSIDE']","[[0.05, 0.22, 0.9], [0.09, 2.35, 0.0], [0.5, 3.76, 0.18], [1.2, 0.73, 2.43], [1.83, 1.44, 2.48], [1.53, 2.53, 0.4], [2.07, 0.19, 2.28], [2.71, 0.88, 2.42], [0.72, 4.11, 0.02], [4.65, 4.34, 2.35], [0.6, 2.62, 0.01], [3.78, 4.24, 1.84], [5.23, 4.29, 1.92], [0.78, 3.71, 1.54]]","[95, 115, 89, 128, 121, 126, 122, 131, 137, 138, 127, 139, 84, 135]",14.2
166,1788358460437374673,307200,68013,19,13,181.6,"[80.9, 83.0, 83.6, 84.6, 86.0, 87.9, 91.7, 95.2, 98.5, 132.7, 144.5, 172.5, 181.6]","['OUTSIDE', 'RAIL', 'INSIDE', 'INSIDE', 'NEAR', 'OUTSIDE', 'INSIDE', 'INSIDE', 'NEAR', 'INSIDE', 'INSIDE', 'OUTSIDE', 'RAIL']","[[1.75, 0.39, 2.72], [0.1, 0.71, 0.7], [0.15, 0.97, 0.17], [0.54, 3.9, 0.19], [1.02, 0.64, 1.18], [0.93, 1.38, 0.44], [3.67, 4.26, 2.45], [5.3, 4.09, 2.33], [1.38, 0.76, 1.48], [3.14, 4.25, 2.03], [5.33, 4.25, 1.91], [2.73, 0.34, 0.36], [0.05, 0.1, 0.27]]","[95, 128, 89, 115, 121, 126, 131, 137, 138, 139, 84, 124, 135]",14.0
167,1788358460540677189,307200,67845,19,16,181.6,"[80.0, 83.0, 83.4, 85.0, 85.0, 87.0, 89.0, 90.9, 94.0, 95.2, 98.5, 117.1, 131.3, 143.6, 151.6, 181.6]","['RAIL', 'OUTSIDE', 'INSIDE', 'RAIL', 'NEAR', 'INSIDE', 'NEAR', 'INSIDE', 'INSIDE', 'OUTSIDE', 'INSIDE', 'OUTSIDE', 'INSIDE', 'INSIDE', 'INSIDE', 'INSIDE']","[[0.11, 0.21, 0.88], [1.67, 0.44, 1.3], [0.06, 1.6, 0.0], [1.11, 0.06, 0.93], [0.54, 0.52, 0.2], [1.21, 4.11, 0.03], [1.03, 0.37, 2.14], [3.66, 4.09, 2.4], [0.05, 1.64, 0.0], [2.78, 0.77, 2.31], [1.26, 4.31, 0.47], [0.79, 0.2, 1.78], [5.17, 4.41, 2.01], [5.27, 4.3, 1.9], [0.08, 1.59, 0.0], [1.89, 3.99, 1.54]]","[95, 115, 89, 121, 128, 126, 131, 122, 137, 138, 148, 127, 139, 84, 133, 135]",10.9
168,1788358460637661171,307200,67541,21,13,169.4,"[78.1, 84.7, 86.6, 88.9, 91.0, 92.9, 95.1, 96.5, 102.7, 118.6, 132.4, 142.5, 169.4]","['INSIDE', 'INSIDE', 'RAIL', 'INSIDE', 'OUTSIDE', 'INSIDE', 'INSIDE', 'INSIDE', 'INSIDE', 'INSIDE', 'INSIDE', 'INSIDE', 'INSIDE']","[[2.99, 2.46, 2.79], [2.27, 4.2, 0.53], [0.05, 0.08, 0.95], [2.53, 4.48, 2.51], [1.56, 0.49, 2.4], [0.09, 2.27, 0.0], [0.07, 0.08, 1.04], [4.55, 4.06, 2.32], [1.23, 0.9, 0.03], [0.03, 0.62, 0.0], [6.28, 3.98, 2.05], [5.35, 4.26, 1.86], [0.53, 4.11, 0.69]]","[107, 89, 121, 131, 122, 137, 148, 138, 144, 127, 139, 84, 124]",12.1
169,1788358460741229171,307200,67180,20,10,169.6,"[77.0, 79.5, 83.7, 87.7, 88.1, 90.4, 93.4, 102.9, 118.3, 169.6]","['INSIDE', 'NEAR', 'INSIDE', 'NEAR', 'INSIDE', 'OUTSIDE', 'INSIDE', 'INSIDE', 'INSIDE', 'OUTSIDE']","[[0.78, 1.89, 0.19], [3.92, 0.73, 2.7], [1.88, 4.07, 0.56], [4.0, 0.38, 2.51], [2.7, 3.95, 0.98], [0.95, 0.48, 2.38], [3.06, 4.0, 2.42], [1.17, 1.96, 0.02], [1.31, 1.04, 0.02], [2.8, 0.33, 0.35]]","[107, 95, 89, 121, 126, 122, 137, 144, 127, 124]",15.1
170,1788358460839994636,307200,67285,18,12,140.6,"[76.1, 78.3, 82.7, 86.7, 87.0, 91.0, 95.7, 100.8, 105.4, 115.0, 128.9, 140.6]","['INSIDE', 'NEAR', 'INSIDE', 'OUTSIDE', 'INSIDE', 'INSIDE', 'OUTSIDE', 'INSIDE', 'OUTSIDE', 'INSIDE', 'INSIDE', 'INSIDE']","[[0.92, 2.27, 0.2], [3.11, 0.75, 1.24], [1.89, 4.68, 0.56], [2.61, 1.36, 0.43], [4.0, 1.66, 2.32], [6.04, 4.07, 2.39], [1.17, 0.36, 0.2], [1.21, 2.12, 0.03], [0.25, 0.96, 0.48], [0.07, 3.21, 0.0], [3.16, 4.11, 1.78], [5.18, 4.32, 1.86]]","[107, 95, 89, 126, 121, 122, 138, 144, 150, 127, 139, 84]",18.2
171,1788358460940965353,307200,67752,15,10,117.0,"[74.2, 82.3, 85.7, 87.1, 91.5, 94.5, 95.6, 101.0, 104.4, 117.0]","['NEAR', 'INSIDE', 'RAIL', 'INSIDE', 'INSIDE', 'OUTSIDE', 'RAIL', 'INSIDE', 'OUTSIDE', 'INSIDE']","[[1.0, 0.69, 0.98], [3.07, 4.1, 0.37], [0.06, 0.08, 0.94], [3.59, 4.15, 2.7], [3.14, 4.06, 2.37], [0.77, 0.5, 0.21], [0.11, 0.07, 0.62], [1.24, 1.77, 0.03], [0.3, 0.96, 0.47], [0.07, 1.02, 0.0]]","[107, 89, 121, 126, 122, 138, 148, 144, 150, 127]",13.6
172,1788358461039255381,307200,68164,18,11,171.1,"[84.2, 85.6, 85.8, 90.5, 94.4, 97.7, 103.3, 112.3, 125.6, 140.8, 171.1]","['INSIDE', 'INSIDE', 'OUTSIDE', 'INSIDE', 'INSIDE', 'INSIDE', 'INSIDE', 'OUTSIDE', 'INSIDE', 'INSIDE', 'INSIDE']","[[0.59, 4.26, 0.73], [2.14, 0.1, 1.52], [4.57, 0.55, 2.73], [2.74, 4.17, 2.41], [2.79, 4.4, 2.44], [1.23, 3.57, 0.03], [0.55, 3.4, 0.22], [1.1, 0.31, 1.8], [5.64, 4.37, 2.19], [12.14, 4.45, 2.11], [0.07, 2.39, 0.0]]","[89, 121, 126, 122, 137, 144, 150, 127, 139, 84, 124]",11.3
173,1788358461137586698,307200,68199,13,9,153.9,"[74.4, 84.2, 85.6, 86.0, 86.3, 90.2, 100.1, 111.9, 153.9]","['INSIDE', 'OUTSIDE', 'INSIDE', 'RAIL', 'INSIDE', 'INSIDE', 'INSIDE', 'OUTSIDE', 'INSIDE']","[[5.19, 2.12, 2.52], [1.37, 0.33, 0.79], [0.09, 2.16, 0.21], [1.0, 0.08, 0.94], [1.92, 3.82, 2.28], [4.18, 4.34, 2.38], [1.82, 3.48, 0.04], [0.58, 0.2, 1.95], [1.17, 3.08, 0.4]]","[107, 126, 89, 121, 128, 122, 144, 127, 133]",11.9
174,1788358461239808459,307200,68551,21,13,156.2,"[72.3, 81.0, 85.4, 85.6, 87.9, 89.9, 91.7, 94.9, 100.6, 104.8, 109.4, 144.2, 156.2]","['INSIDE', 'INSIDE', 'OUTSIDE', 'RAIL', 'INSIDE', 'OUTSIDE', 'INSIDE', 'INSIDE', 'INSIDE', 'OUTSIDE', 'INSIDE', 'INSIDE', 'INSIDE']","[[0.72, 2.69, 0.19], [6.14, 4.24, 2.72], [0.73, 0.5, 2.46], [0.96, 0.07, 0.93], [2.07, 4.7, 2.52], [0.24, 0.37, 1.0], [1.06, 2.12, 0.19], [1.73, 3.5, 0.04], [1.2, 3.49, 0.03], [0.12, 0.37, 0.28], [1.1, 2.49, 0.02], [1.4, 3.61, 0.29], [4.51, 3.04, 0.05]]","[107, 115, 126, 121, 131, 122, 137, 138, 144, 150, 127, 84, 133]",16.5
175,1788358461337196008,307200,68610,15,10,173.2,"[79.7, 80.4, 86.6, 91.0, 97.4, 100.7, 103.2, 149.7, 167.0, 173.2]","['RAIL', 'INSIDE', 'INSIDE', 'OUTSIDE', 'INSIDE', 'OUTSIDE', 'INSIDE', 'INSIDE', 'INSIDE', 'OUTSIDE']","[[2.14, 0.14, 0.55], [6.91, 4.6, 2.78], [6.63, 3.99, 2.7], [0.57, 0.34, 0.21], [1.26, 3.38, 0.03], [0.4, 0.68, 0.21], [3.5, 4.17, 0.5], [5.8, 3.52, 0.26], [2.99, 2.06, 0.03], [0.18, 0.3, 1.2]]","[115, 95, 128, 122, 138, 144, 150, 84, 124, 145]",12.4
176,1788358461450796917,307200,68497,23,14,166.1,"[70.5, 76.3, 76.8, 80.1, 81.2, 83.2, 86.3, 87.7, 90.2, 97.3, 103.0, 114.0, 123.3, 166.1]","['INSIDE', 'INSIDE', 'NEAR', 'NEAR', 'OUTSIDE', 'INSIDE', 'INSIDE', 'OUTSIDE', 'INSIDE', 'INSIDE', 'OUTSIDE', 'OUTSIDE', 'INSIDE', 'INSIDE']","[[1.29, 1.04, 0.15], [0.18, 2.44, 0.17], [1.21, 0.7, 1.17], [2.04, 0.46, 2.32], [1.68, 0.49, 1.46], [6.17, 4.22, 0.86], [1.65, 0.05, 1.52], [0.4, 0.3, 0.21], [4.59, 4.4, 2.71], [1.98, 3.39, 0.05], [0.21, 1.44, 0.21], [0.39, 0.25, 0.46], [3.0, 4.07, 2.17], [3.02, 3.63, 0.45]]","[107, 95, 115, 121, 126, 89, 128, 122, 131, 138, 150, 127, 139, 124]",14.1
177,1788358461537317954,307200,68618,12,8,171.4,"[83.3, 89.3, 94.0, 99.6, 112.8, 122.3, 157.6, 171.4]","['INSIDE', 'OUTSIDE', 'INSIDE', 'INSIDE', 'OUTSIDE', 'INSIDE', 'INSIDE', 'OUTSIDE']","[[10.24, 4.68, 2.74], [0.96, 0.19, 0.22], [1.98, 3.42, 0.05], [2.36, 3.77, 0.43], [0.34, 0.24, 0.91], [3.02, 4.44, 2.11], [6.65, 3.47, 0.39], [0.13, 0.3, 1.45]]","[126, 122, 137, 144, 127, 139, 133, 145]",12.6
178,1788358461636603213,307200,69298,17,10,170.5,"[84.5, 85.1, 85.4, 95.3, 98.0, 100.6, 121.5, 156.3, 165.7, 170.5]","['INSIDE', 'INSIDE', 'INSIDE', 'INSIDE', 'OUTSIDE', 'INSIDE', 'INSIDE', 'INSIDE', 'INSIDE', 'OUTSIDE']","[[0.03, 2.67, 0.0], [1.67, 0.08, 1.48], [7.6, 4.4, 2.76], [0.14, 3.16, 0.0], [0.46, 1.01, 0.21], [1.45, 3.88, 0.49], [3.02, 4.21, 2.13], [0.04, 2.73, 0.0], [0.13, 2.89, 0.0], [0.16, 0.3, 1.44]]","[126, 128, 131, 137, 138, 144, 139, 133, 124, 145]",11.6
179,1788358461739246819,307200,69535,21,12,169.6,"[76.9, 83.7, 84.0, 87.4, 89.6, 96.2, 101.3, 103.8, 121.3, 147.0, 162.2, 169.6]","['RAIL', 'RAIL', 'INSIDE', 'INSIDE', 'INSIDE', 'INSIDE', 'INSIDE', 'OUTSIDE', 'INSIDE', 'INSIDE', 'INSIDE', 'OUTSIDE']","[[2.66, 0.18, 0.7], [1.05, 0.06, 0.92], [4.22, 3.99, 2.55], [2.23, 3.57, 2.71], [0.08, 2.35, 0.0], [2.46, 3.89, 0.2], [1.9, 3.69, 0.86], [0.66, 1.1, 0.48], [1.87, 4.06, 2.13], [4.23, 3.7, 0.27], [5.44, 3.75, 0.48], [0.15, 0.3, 1.18]]","[95, 128, 131, 126, 122, 137, 144, 150, 139, 84, 151, 145]",13.5
180,1788358461841950037,307200,69566,17,11,168.7,"[67.8, 80.6, 84.2, 87.2, 90.8, 93.5, 100.0, 105.1, 120.9, 153.8, 168.7]","['RAIL', 'INSIDE', 'INSIDE', 'INSIDE', 'OUTSIDE', 'INSIDE', 'INSIDE', 'OUTSIDE', 'OUTSIDE', 'INSIDE', 'OUTSIDE']","[[1.56, 0.44, 1.05], [0.26, 4.03, 0.17], [0.64, 0.05, 1.36], [4.77, 4.39, 2.64], [0.01, 0.36, 0.18], [0.19, 2.94, 0.0], [3.71, 3.47, 0.84], [0.9, 0.33, 1.87], [0.48, 0.49, 1.58], [1.51, 3.51, 0.02], [0.22, 0.39, 1.42]]","[107, 89, 126, 131, 155, 137, 144, 153, 139, 133, 145]",11.7
181,1788358461940586472,307200,69774,15,10,167.9,"[80.4, 83.7, 89.9, 92.9, 99.5, 104.5, 107.9, 117.9, 154.9, 167.9]","['INSIDE', 'INSIDE', 'OUTSIDE', 'INSIDE', 'INSIDE', 'OUTSIDE', 'INSIDE', 'INSIDE', 'INSIDE', 'OUTSIDE']","[[0.13, 2.34, 0.0], [11.36, 4.49, 2.76], [0.02, 0.51, 0.18], [1.97, 3.41, 0.05], [4.35, 3.81, 1.24], [1.18, 1.23, 2.02], [0.12, 1.32, 0.0], [1.36, 4.31, 0.76], [5.59, 3.48, 0.7], [0.15, 0.29, 1.42]]","[131, 89, 155, 137, 144, 153, 157, 139, 133, 145]",13.3
182,1788358462039948630,307200,69846,22,14,167.3,"[83.0, 83.8, 89.1, 89.5, 94.9, 97.8, 100.0, 101.8, 103.4, 108.5, 114.4, 146.1, 159.4, 167.3]","['INSIDE', 'INSIDE', 'OUTSIDE', 'INSIDE', 'INSIDE', 'OUTSIDE', 'INSIDE', 'INSIDE', 'OUTSIDE', 'OUTSIDE', 'INSIDE', 'INSIDE', 'INSIDE', 'INSIDE']","[[0.14, 0.08, 0.9], [5.64, 4.37, 2.71], [0.17, 0.47, 0.42], [2.3, 3.56, 0.06], [0.95, 3.62, 0.22], [0.03, 0.37, 0.19], [0.89, 2.64, 2.2], [0.11, 1.78, 0.0], [0.66, 0.25, 1.81], [0.22, 0.24, 0.47], [1.29, 3.6, 0.02], [1.62, 3.66, 0.29], [5.09, 4.15, 0.45], [0.73, 3.43, 1.61]]","[128, 131, 155, 122, 137, 138, 144, 150, 153, 157, 154, 84, 151, 124]",16.5
183,1788358462139376633,307200,70636,12,9,158.8,"[88.0, 88.1, 93.9, 98.9, 103.0, 107.5, 112.9, 117.3, 158.8]","['OUTSIDE', 'INSIDE', 'INSIDE', 'INSIDE', 'OUTSIDE', 'INSIDE', 'INSIDE', 'INSIDE', 'INSIDE']","[[0.21, 0.51, 0.36], [1.26, 3.68, 0.03], [1.25, 3.95, 0.4], [1.44, 4.18, 0.46], [1.73, 0.27, 1.4], [0.35, 4.16, 0.66], [0.09, 2.56, 0.0], [3.11, 4.49, 2.07], [5.3, 3.69, 0.47]]","[155, 122, 137, 144, 153, 157, 154, 139, 151]",13.5
184,1788358462238061942,307200,70688,18,15,165.3,"[78.1, 82.5, 82.9, 84.0, 86.8, 87.5, 93.0, 97.1, 98.7, 101.0, 105.8, 115.5, 151.1, 160.5, 165.3]","['INSIDE', 'OUTSIDE', 'NEAR', 'RAIL', 'INSIDE', 'OUTSIDE', 'INSIDE', 'INSIDE', 'INSIDE', 'OUTSIDE', 'INSIDE', 'INSIDE', 'INSIDE', 'INSIDE', 'OUTSIDE']","[[4.07, 0.1, 1.57], [1.22, 1.05, 1.12], [1.07, 0.5, 2.37], [0.09, 0.09, 0.71], [0.57, 3.64, 0.01], [0.33, 0.56, 0.96], [1.23, 3.39, 0.03], [2.2, 3.74, 1.23], [0.08, 1.21, 0.0], [2.13, 0.27, 1.54], [2.63, 4.32, 0.66], [1.28, 4.23, 0.74], [0.07, 3.16, 0.0], [0.15, 3.08, 0.0], [0.16, 0.38, 1.39]]","[115, 131, 128, 126, 122, 155, 137, 144, 150, 153, 157, 139, 133, 151, 124]",13.4
185,1788358462338704792,307200,70898,15,11,164.8,"[78.4, 82.9, 88.6, 94.6, 99.7, 100.8, 106.0, 112.5, 113.8, 144.2, 164.8]","['INSIDE', 'INSIDE', 'INSIDE', 'INSIDE', 'INSIDE', 'OUTSIDE', 'OUTSIDE', 'INSIDE', 'INSIDE', 'INSIDE', 'INSIDE']","[[1.96, 0.08, 1.38], [0.59, 0.13, 0.92], [1.41, 3.43, 0.04], [5.72, 4.07, 1.18], [1.22, 3.83, 0.03], [0.73, 0.42, 1.76], [0.12, 0.23, 0.43], [0.11, 3.14, 0.0], [0.09, 1.99, 0.0], [3.02, 3.6, 0.3], [0.76, 3.66, 1.59]]","[115, 128, 122, 137, 150, 153, 157, 154, 139, 84, 124]",12.7
186,1788358462437431615,307200,70810,16,11,154.8,"[78.0, 88.1, 91.2, 94.2, 99.4, 105.2, 111.7, 113.0, 113.7, 141.7, 154.8]","['INSIDE', 'INSIDE', 'OUTSIDE', 'INSIDE', 'INSIDE', 'OUTSIDE', 'INSIDE', 'INSIDE', 'INSIDE', 'INSIDE', 'INSIDE']","[[1.01, 0.09, 1.19], [0.74, 3.39, 0.02], [0.31, 0.94, 0.22], [2.51, 3.96, 0.42], [2.02, 4.36, 2.18], [0.19, 0.23, 0.42], [0.09, 2.14, 0.0], [0.08, 2.56, 0.0], [1.21, 4.01, 0.23], [2.75, 3.57, 0.26], [2.45, 3.88, 0.44]]","[115, 122, 137, 144, 150, 157, 154, 139, 127, 84, 133]",18.9
187,1788358462540821672,307200,70609,21,12,162.8,"[81.2, 87.0, 90.4, 92.9, 98.1, 98.7, 101.8, 104.4, 112.2, 140.2, 155.4, 162.8]","['INSIDE', 'INSIDE', 'OUTSIDE', 'INSIDE', 'INSIDE', 'OUTSIDE', 'OUTSIDE', 'OUTSIDE', 'INSIDE', 'INSIDE', 'INSIDE', 'OUTSIDE']","[[0.81, 0.15, 1.42], [1.22, 3.36, 0.03], [0.33, 0.93, 0.22], [3.5, 4.09, 2.43], [1.18, 3.76, 0.03], [1.78, 0.37, 1.92], [1.26, 0.2, 0.28], [0.26, 0.23, 0.42], [0.05, 1.37, 0.0], [4.26, 3.55, 0.26], [5.24, 3.86, 0.46], [0.14, 0.37, 1.37]]","[128, 122, 137, 144, 150, 138, 153, 157, 139, 84, 133, 124]",16.2
188,1788358462636758694,307200,70656,16,9,162.0,"[84.1, 87.3, 92.6, 97.7, 101.4, 111.9, 141.7, 153.1, 162.0]","['OUTSIDE', 'INSIDE', 'INSIDE', 'INSIDE', 'OUTSIDE', 'INSIDE', 'INSIDE', 'INSIDE', 'OUTSIDE']","[[0.47, 0.5, 1.26], [1.3, 3.96, 0.42], [5.14, 4.4, 1.82], [2.53, 4.29, 2.31], [0.55, 0.4, 0.46], [1.21, 4.07, 0.68], [3.01, 3.53, 0.3], [2.4, 3.84, 0.43], [0.17, 0.18, 1.37]]","[131, 122, 144, 150, 153, 154, 84, 133, 124]",12.2
189,1788358462739307554,307200,71026,15,8,161.5,"[82.1, 87.7, 93.8, 97.8, 111.3, 141.7, 152.3, 161.5]","['INSIDE', 'INSIDE', 'INSIDE', 'INSIDE', 'INSIDE', 'INSIDE', 'OUTSIDE', 'INSIDE']","[[1.69, 4.0, 0.4], [2.26, 4.01, 0.23], [3.76, 4.03, 2.41], [1.27, 3.59, 2.16], [1.28, 4.25, 0.7], [4.54, 3.54, 0.31], [2.41, 0.87, 0.43], [0.72, 3.87, 1.56]]","[89, 122, 144, 150, 154, 84, 133, 151]",15.4
190,1788358462838161202,307200,71406,20,10,160.4,"[82.5, 85.7, 90.4, 92.3, 94.8, 96.9, 111.3, 137.8, 153.0, 160.4]","['OUTSIDE', 'INSIDE', 'OUTSIDE', 'INSIDE', 'OUTSIDE', 'INSIDE', 'INSIDE', 'INSIDE', 'INSIDE', 'OUTSIDE']","[[0.12, 0.43, 0.16], [1.24, 3.83, 0.24], [1.72, 0.04, 1.83], [2.54, 4.39, 1.17], [0.12, 0.99, 0.0], [1.44, 4.24, 2.14], [3.11, 4.36, 2.14], [4.13, 3.64, 0.28], [5.32, 3.8, 0.46], [0.15, 0.28, 1.35]]","[131, 122, 137, 144, 150, 138, 154, 84, 133, 124]",18.3
191,1788358462942983786,307200,69964,20,11,159.9,"[77.3, 81.3, 86.9, 91.7, 96.1, 98.4, 111.7, 111.7, 117.9, 140.7, 159.9]","['NEAR', 'INSIDE', 'INSIDE', 'INSIDE', 'OUTSIDE', 'INSIDE', 'OUTSIDE', 'INSIDE', 'INSIDE', 'INSIDE', 'INSIDE']","[[2.11, 0.48, 2.6], [1.56, 3.69, 0.04], [0.59, 3.71, 0.23], [2.76, 4.38, 0.81], [1.52, 1.33, 2.28], [0.1, 2.23, 0.0], [0.47, 1.59, 2.15], [0.19, 1.37, 0.0], [1.02, 4.13, 0.76], [3.33, 3.48, 0.31], [0.76, 3.64, 1.78]]","[115, 89, 122, 144, 138, 153, 154, 139, 127, 84, 151]",17.7
192,1788358463034599122,307200,70411,22,12,159.1,"[76.6, 80.3, 85.6, 89.7, 90.2, 92.2, 95.4, 97.6, 118.8, 138.6, 152.3, 159.1]","['NEAR', 'INSIDE', 'INSIDE', 'OUTSIDE', 'INSIDE', 'INSIDE', 'INSIDE', 'INSIDE', 'OUTSIDE', 'INSIDE', 'INSIDE', 'INSIDE']","[[2.06, 0.48, 2.57], [1.95, 4.2, 1.44], [1.72, 3.94, 0.4], [1.4, 0.16, 0.99], [1.45, 3.23, 0.8], [0.04, 1.29, 0.0], [1.26, 3.66, 2.11], [0.05, 2.04, 0.0], [0.31, 0.26, 1.62], [3.01, 3.7, 0.29], [2.64, 3.6, 0.39], [0.69, 3.17, 1.77]]","[115, 89, 122, 137, 144, 150, 138, 153, 127, 84, 133, 151]",16.7
193,1788358463140964247,307200,70405,21,12,158.3,"[42.3, 81.2, 85.9, 89.2, 91.4, 92.8, 94.9, 98.2, 101.6, 118.2, 139.9, 158.3]","['RAIL', 'INSIDE', 'INSIDE', 'OUTSIDE', 'INSIDE', 'INSIDE', 'OUTSIDE', 'INSIDE', 'OUTSIDE', 'OUTSIDE', 'INSIDE', 'INSIDE']","[[0.66, 0.23, 0.17], [2.37, 4.25, 1.11], [1.6, 4.44, 0.24], [0.96, 0.49, 0.77], [1.01, 4.18, 0.42], [0.11, 1.46, 0.0], [1.91, 0.34, 1.84], [2.09, 3.56, 0.3], [1.75, 0.25, 0.45], [0.14, 0.41, 0.25], [4.79, 3.7, 0.32], [0.81, 3.52, 1.76]]","[162, 89, 122, 137, 144, 150, 138, 153, 157, 127, 84, 151]",16.8
194,1788358463241554007,307200,70339,22,12,157.5,"[41.5, 75.7, 80.7, 85.7, 89.3, 92.1, 93.1, 97.9, 100.4, 117.4, 139.1, 157.5]","['RAIL', 'INSIDE', 'INSIDE', 'INSIDE', 'OUTSIDE', 'INSIDE', 'OUTSIDE', 'INSIDE', 'OUTSIDE', 'OUTSIDE', 'INSIDE', 'INSIDE']","[[0.64, 0.23, 0.17], [0.67, 0.08, 1.46], [2.64, 4.05, 0.24], [2.16, 4.0, 0.38], [2.72, 2.05, 2.31], [0.08, 2.57, 0.0], [1.72, 0.34, 2.03], [1.23, 3.23, 0.03], [3.33, 0.4, 0.93], [0.18, 0.36, 0.25], [4.81, 3.67, 0.32], [0.82, 4.05, 1.76]]","[162, 115, 89, 122, 137, 150, 138, 153, 157, 127, 84, 151]",16.0
195,1788358463335915818,307200,70565,19,13,156.8,"[43.4, 43.8, 46.7, 67.2, 80.7, 84.0, 85.8, 88.1, 91.8, 92.8, 97.1, 138.3, 156.8]","['NEAR', 'INSIDE', 'RAIL', 'INSIDE', 'INSIDE', 'OUTSIDE', 'INSIDE', 'OUTSIDE', 'INSIDE', 'OUTSIDE', 'INSIDE', 'INSIDE', 'INSIDE']","[[1.83, 0.78, 1.79], [1.07, 0.23, 1.16], [0.85, 0.05, 0.86], [8.06, 0.46, 2.48], [1.2, 4.03, 0.39], [0.38, 1.04, 0.21], [3.01, 4.22, 0.37], [2.11, 1.45, 2.54], [1.18, 3.82, 0.03], [0.9, 0.31, 2.05], [4.47, 4.16, 1.47], [4.87, 3.65, 0.32], [0.78, 4.03, 1.75]]","[166, 158, 162, 159, 89, 131, 122, 137, 144, 138, 153, 84, 151]",18.1
196,1788358463436285200,307200,70672,19,11,156.0,"[40.0, 84.2, 86.2, 87.9, 90.5, 92.9, 96.3, 99.0, 135.5, 148.0, 156.0]","['RAIL', 'INSIDE', 'RAIL', 'OUTSIDE', 'INSIDE', 'OUTSIDE', 'INSIDE', 'OUTSIDE', 'INSIDE', 'INSIDE', 'INSIDE']","[[0.68, 0.22, 0.16], [2.17, 4.41, 0.36], [1.49, 0.22, 0.77], [2.96, 1.74, 2.3], [0.08, 2.84, 0.0], [2.54, 1.34, 2.25], [1.24, 3.51, 0.03], [1.36, 0.37, 1.76], [5.99, 3.99, 0.33], [5.0, 4.1, 0.42], [0.72, 4.01, 1.74]]","[158, 122, 137, 131, 144, 138, 153, 157, 84, 133, 151]",15.0
197,1788358463542325782,307200,70949,22,13,155.3,"[42.0, 43.7, 48.9, 73.4, 80.0, 85.9, 91.0, 95.7, 100.3, 107.1, 109.1, 137.6, 155.3]","['INSIDE', 'RAIL', 'INSIDE', 'NEAR', 'INSIDE', 'INSIDE', 'INSIDE', 'INSIDE', 'NEAR', 'OUTSIDE', 'INSIDE', 'INSIDE', 'INSIDE']","[[0.5, 0.16, 1.12], [0.92, 0.05, 0.96], [0.37, 2.56, 0.02], [0.77, 0.54, 2.61], [1.94, 3.5, 0.05], [5.87, 4.37, 2.45], [3.12, 4.07, 2.18], [2.0, 4.24, 0.81], [0.04, 1.4, 0.0], [0.69, 0.36, 2.07], [1.07, 2.29, 0.02], [6.31, 3.88, 0.34], [0.88, 3.72, 1.73]]","[158, 162, 166, 115, 89, 122, 144, 153, 157, 154, 139, 84, 151]",15.3
198,1788358463637981308,307200,71344,21,12,156.4,"[38.5, 43.6, 47.4, 80.8, 85.8, 89.8, 95.8, 100.9, 106.0, 110.4, 141.2, 156.4]","['RAIL', 'INSIDE', 'RAIL', 'INSIDE', 'INSIDE', 'INSIDE', 'OUTSIDE', 'INSIDE', 'OUTSIDE', 'INSIDE', 'INSIDE', 'INSIDE']","[[0.68, 0.44, 0.27], [0.66, 0.03, 0.92], [0.79, 0.05, 0.95], [2.34, 4.07, 0.38], [1.99, 4.32, 2.43], [4.71, 4.1, 2.19], [0.28, 0.06, 0.86], [0.14, 2.82, 0.0], [1.12, 0.49, 2.05], [1.12, 4.07, 0.02], [5.58, 3.93, 0.62], [4.62, 3.44, 1.53]]","[158, 166, 162, 89, 122, 144, 153, 164, 154, 139, 84, 151]",20.6
199,1788358463739776544,307200,72033,24,13,153.7,"[37.8, 40.3, 47.4, 84.4, 89.6, 93.9, 98.8, 100.2, 105.7, 107.1, 135.3, 145.8, 153.7]","['RAIL', 'INSIDE', 'RAIL', 'INSIDE', 'INSIDE', 'INSIDE', 'INSIDE', 'INSIDE', 'OUTSIDE', 'INSIDE', 'INSIDE', 'INSIDE', 'INSIDE']","[[0.78, 0.38, 0.26], [1.39, 0.07, 1.39], [0.75, 0.05, 0.88], [5.64, 4.46, 2.62], [3.53, 4.36, 2.31], [2.76, 4.01, 0.99], [0.05, 1.21, 0.0], [0.02, 1.22, 0.0], [0.31, 0.28, 2.04], [2.12, 3.93, 0.04], [4.82, 3.82, 0.32], [4.98, 4.04, 0.41], [0.76, 3.77, 1.71]]","[158, 166, 162, 122, 144, 138, 157, 164, 154, 139, 84, 133, 151]",13.3
200,1788358463837547680,307200,72377,21,13,153.0,"[37.0, 40.2, 46.5, 80.2, 84.5, 87.5, 94.2, 99.4, 104.8, 107.4, 135.3, 143.6, 153.0]","['RAIL', 'INSIDE', 'RAIL', 'INSIDE', 'INSIDE', 'INSIDE', 'INSIDE', 'INSIDE', 'OUTSIDE', 'INSIDE', 'INSIDE', 'OUTSIDE', 'INSIDE']","[[0.61, 0.42, 0.26], [1.89, 0.07, 1.32], [0.78, 0.05, 0.97], [4.15, 4.45, 0.37], [2.67, 4.46, 2.61], [5.03, 4.35, 2.29], [0.78, 3.78, 1.02], [0.13, 2.26, 0.0], [0.51, 0.3, 2.02], [2.11, 3.94, 0.04], [6.3, 4.01, 0.94], [2.82, 0.31, 0.41], [0.81, 3.94, 1.71]]","[158, 166, 162, 89, 122, 131, 138, 164, 154, 139, 84, 133, 151]",16.2
201,1788358463938606328,307200,72837,22,15,152.0,"[36.3, 40.1, 45.3, 81.0, 84.1, 88.3, 92.0, 99.4, 101.4, 104.5, 110.8, 116.1, 121.7, 139.8, 152.0]","['RAIL', 'NEAR', 'RAIL', 'INSIDE', 'INSIDE', 'OUTSIDE', 'INSIDE', 'INSIDE', 'INSIDE', 'OUTSIDE', 'INSIDE', 'OUTSIDE', 'INSIDE', 'INSIDE', 'OUTSIDE']","[[0.63, 0.34, 0.25], [0.47, 0.04, 1.21], [0.76, 0.05, 1.04], [3.74, 4.3, 0.19], [2.7, 4.45, 2.61], [1.09, 0.33, 2.35], [3.68, 4.34, 1.02], [1.22, 3.84, 0.03], [0.09, 2.65, 0.0], [0.62, 0.41, 2.01], [0.12, 1.55, 0.0], [1.13, 0.45, 0.74], [1.2, 3.89, 1.6], [4.06, 3.87, 0.61], [0.2, 0.26, 1.46]]","[158, 166, 162, 89, 122, 131, 150, 157, 164, 154, 139, 127, 173, 133, 151]",14.0
202,1788358464045311339,307200,73071,24,15,151.6,"[35.6, 39.9, 45.3, 80.8, 83.4, 87.8, 90.2, 92.6, 98.7, 100.6, 103.5, 108.0, 122.7, 133.9, 151.6]","['RAIL', 'INSIDE', 'RAIL', 'INSIDE', 'INSIDE', 'OUTSIDE', 'INSIDE', 'INSIDE', 'INSIDE', 'INSIDE', 'OUTSIDE', 'INSIDE', 'INSIDE', 'INSIDE', 'INSIDE']","[[0.6, 0.24, 0.25], [1.69, 0.09, 1.83], [0.78, 0.05, 1.04], [4.75, 4.4, 0.19], [2.77, 4.41, 2.56], [1.53, 1.25, 2.28], [0.44, 4.28, 0.17], [0.49, 3.45, 1.19], [1.31, 3.99, 0.03], [0.0, 0.7, 0.0], [0.36, 0.64, 2.0], [0.12, 3.96, 0.0], [4.7, 3.95, 1.89], [6.32, 3.76, 0.93], [0.87, 3.9, 1.69]]","[158, 166, 162, 89, 122, 131, 144, 150, 157, 164, 154, 139, 173, 84, 151]",13.5
203,1788358464140325196,307200,71377,25,16,150.9,"[34.9, 43.9, 44.5, 64.5, 69.3, 80.5, 84.0, 87.1, 89.4, 92.4, 97.3, 105.3, 112.8, 122.9, 133.2, 150.9]","['RAIL', 'NEAR', 'INSIDE', 'INSIDE', 'INSIDE', 'INSIDE', 'INSIDE', 'INSIDE', 'INSIDE', 'OUTSIDE', 'INSIDE', 'INSIDE', 'INSIDE', 'INSIDE', 'INSIDE', 'INSIDE']","[[0.66, 0.32, 0.14], [0.9, 0.08, 1.19], [0.11, 1.24, 0.01], [2.21, 0.13, 1.69], [0.07, 0.07, 1.23], [5.62, 4.49, 2.63], [0.07, 1.17, 0.0], [1.48, 3.37, 2.1], [0.06, 2.65, 0.0], [1.46, 0.54, 1.8], [0.13, 2.89, 0.0], [2.13, 3.69, 0.04], [4.26, 4.7, 1.99], [5.73, 4.08, 0.87], [6.34, 3.97, 0.93], [0.76, 3.8, 1.68]]","[158, 166, 162, 159, 115, 89, 122, 131, 144, 150, 157, 139, 169, 173, 84, 151]",13.0
204,1788358464243296688,307200,71326,26,19,149.9,"[34.2, 43.2, 45.3, 63.2, 67.6, 80.6, 81.5, 82.5, 86.3, 89.3, 91.9, 95.3, 96.8, 102.1, 112.9, 119.0, 120.4, 131.8, 149.9]","['INSIDE', 'RAIL', 'INSIDE', 'INSIDE', 'NEAR', 'OUTSIDE', 'RAIL', 'INSIDE', 'INSIDE', 'OUTSIDE', 'OUTSIDE', 'INSIDE', 'INSIDE', 'INSIDE', 'INSIDE', 'RAIL', 'INSIDE', 'INSIDE', 'INSIDE']","[[0.98, 0.12, 1.5], [0.62, 0.31, 0.22], [0.11, 2.53, 0.01], [2.99, 0.13, 1.82], [2.18, 0.56, 2.59], [0.17, 0.42, 0.55], [2.06, 0.23, 0.88], [3.65, 4.29, 0.7], [1.65, 4.15, 2.28], [0.77, 0.34, 1.01], [1.19, 0.26, 0.98], [0.09, 1.66, 0.0], [0.52, 4.09, 0.18], [0.77, 4.31, 2.25], [2.66, 4.63, 2.18], [0.14, 0.29, 0.77], [0.5, 3.55, 0.28], [4.86, 3.95, 0.93], [1.22, 3.75, 1.74]]","[166, 158, 162, 159, 115, 89, 137, 122, 131, 144, 150, 138, 157, 154, 169, 127, 173, 84, 151]",13.4
205,1788358464339657399,307200,70777,27,11,149.1,"[33.5, 40.7, 42.9, 84.5, 88.1, 102.4, 107.9, 110.9, 118.2, 139.7, 149.1]","['RAIL', 'NEAR', 'OUTSIDE', 'INSIDE', 'INSIDE', 'OUTSIDE', 'INSIDE', 'INSIDE', 'RAIL', 'INSIDE', 'RAIL']","[[0.64, 0.25, 0.3], [1.81, 0.09, 1.7], [0.62, 0.39, 0.35], [1.18, 3.98, 0.03], [7.88, 4.33, 2.33], [2.16, 0.47, 1.77], [0.14, 2.64, 0.0], [5.01, 4.5, 1.94], [0.09, 0.21, 0.76], [9.47, 4.07, 0.98], [0.04, 0.26, 0.22]]","[158, 166, 162, 122, 131, 154, 139, 169, 127, 133, 151]",12.6
206,1788358464438693602,307200,70624,22,12,148.4,"[32.8, 42.4, 46.2, 67.0, 84.2, 87.5, 90.5, 93.9, 100.5, 111.0, 139.0, 148.4]","['RAIL', 'NEAR', 'NEAR', 'INSIDE', 'INSIDE', 'OUTSIDE', 'INSIDE', 'INSIDE', 'INSIDE', 'INSIDE', 'INSIDE', 'RAIL']","[[0.65, 0.27, 0.3], [1.8, 0.1, 1.68], [0.8, 0.04, 1.54], [0.49, 0.07, 1.34], [2.04, 4.49, 2.43], [1.4, 0.34, 1.74], [1.63, 4.29, 1.76], [0.06, 2.29, 0.0], [0.05, 1.58, 0.0], [3.52, 4.76, 2.13], [9.43, 4.08, 0.98], [0.04, 0.26, 0.22]]","[158, 166, 174, 115, 122, 144, 131, 138, 164, 169, 133, 151]",14.8
207,1788358464540584908,307200,70999,31,15,149.3,"[32.1, 41.4, 43.9, 44.8, 82.2, 84.3, 87.3, 89.4, 93.5, 94.6, 111.0, 114.1, 116.8, 140.1, 149.3]","['RAIL', 'NEAR', 'NEAR', 'INSIDE', 'OUTSIDE', 'INSIDE', 'OUTSIDE', 'OUTSIDE', 'INSIDE', 'INSIDE', 'INSIDE', 'OUTSIDE', 'RAIL', 'INSIDE', 'OUTSIDE']","[[0.64, 0.31, 0.29], [1.71, 0.11, 1.63], [0.39, 0.04, 1.46], [0.04, 2.97, 0.0], [0.14, 1.0, 0.0], [1.58, 4.19, 2.23], [0.63, 0.49, 0.38], [0.29, 0.18, 1.75], [2.01, 2.61, 2.09], [0.09, 2.81, 0.0], [2.99, 4.73, 2.14], [0.06, 0.37, 1.73], [0.14, 0.26, 0.75], [5.67, 4.15, 0.94], [3.22, 0.3, 1.42]]","[158, 166, 174, 162, 89, 122, 144, 131, 138, 157, 169, 170, 127, 133, 151]",15.2
208,1788358464639839943,307200,71445,27,14,139.5,"[31.4, 41.2, 44.0, 65.1, 83.6, 85.9, 88.5, 92.6, 93.9, 107.3, 110.3, 113.2, 116.2, 139.5]","['RAIL', 'NEAR', 'NEAR', 'NEAR', 'INSIDE', 'INSIDE', 'OUTSIDE', 'INSIDE', 'INSIDE', 'OUTSIDE', 'INSIDE', 'OUTSIDE', 'RAIL', 'INSIDE']","[[0.63, 0.33, 0.34], [2.02, 0.08, 1.62], [0.76, 0.05, 1.55], [3.6, 0.45, 2.51], [1.6, 4.13, 2.42], [0.05, 1.05, 0.0], [0.68, 0.51, 1.93], [0.18, 2.42, 1.01], [0.08, 4.1, 0.0], [0.17, 0.36, 0.47], [2.96, 4.65, 2.13], [0.59, 0.5, 1.72], [0.13, 0.38, 0.75], [5.7, 4.03, 0.7]]","[158, 166, 174, 159, 122, 144, 131, 138, 157, 139, 169, 170, 127, 133]",14.3
209,1788358464741090243,307200,71788,31,19,148.7,"[30.8, 33.2, 39.8, 41.1, 45.4, 82.1, 83.7, 85.9, 87.9, 91.9, 93.2, 98.5, 98.8, 107.7, 110.6, 112.4, 134.3, 141.5, 148.7]","['RAIL', 'NEAR', 'NEAR', 'RAIL', 'NEAR', 'INSIDE', 'NEAR', 'OUTSIDE', 'INSIDE', 'INSIDE', 'NEAR', 'OUTSIDE', 'INSIDE', 'INSIDE', 'OUTSIDE', 'OUTSIDE', 'INSIDE', 'INSIDE', 'INSIDE']","[[0.69, 0.32, 0.34], [1.19, 0.21, 1.25], [1.08, 0.1, 1.83], [0.65, 0.08, 0.98], [0.34, 0.05, 1.2], [3.52, 4.24, 2.53], [0.05, 0.44, 0.0], [0.63, 0.33, 1.31], [0.46, 4.19, 0.57], [0.09, 2.73, 0.0], [0.04, 0.65, 0.0], [0.27, 0.6, 1.72], [0.05, 0.86, 0.0], [5.74, 4.57, 2.03], [1.15, 0.43, 0.7], [0.89, 0.29, 1.71], [4.05, 3.95, 0.58], [0.06, 3.71, 0.0], [4.66, 3.8, 1.68]]","[158, 176, 166, 174, 162, 122, 144, 131, 150, 138, 157, 154, 164, 139, 169, 170, 84, 133, 151]",13.4
210,1788358464841247012,307200,72171,38,18,139.5,"[28.3, 32.8, 39.5, 42.8, 44.1, 62.6, 64.3, 80.6, 85.2, 87.8, 93.3, 97.9, 99.5, 108.6, 108.9, 112.1, 114.9, 139.5]","['RAIL', 'NEAR', 'NEAR', 'NEAR', 'INSIDE', 'NEAR', 'INSIDE', 'INSIDE', 'INSIDE', 'INSIDE', 'INSIDE', 'OUTSIDE', 'INSIDE', 'OUTSIDE', 'INSIDE', 'OUTSIDE', 'RAIL', 'INSIDE']","[[1.31, 0.04, 0.19], [2.11, 0.24, 1.31], [2.43, 0.1, 1.89], [0.75, 0.04, 1.65], [0.33, 1.05, 0.02], [0.51, 0.33, 2.21], [0.49, 0.09, 0.98], [0.07, 1.69, 0.0], [1.35, 2.7, 0.03], [1.46, 2.65, 1.35], [1.17, 3.93, 0.03], [1.65, 0.5, 2.15], [2.06, 4.19, 0.04], [1.43, 0.41, 0.2], [2.72, 1.88, 2.1], [0.04, 0.26, 1.7], [0.11, 0.2, 0.74], [2.97, 3.87, 0.63]]","[158, 176, 166, 162, 174, 159, 115, 122, 144, 150, 138, 154, 164, 169, 139, 170, 127, 133]",14.9
211,1788358464939228808,307200,72838,33,17,138.8,"[39.0, 43.6, 81.4, 82.2, 84.1, 84.6, 87.0, 92.6, 96.1, 99.1, 107.2, 108.0, 111.5, 114.2, 114.5, 115.7, 138.8]","['NEAR', 'RAIL', 'OUTSIDE', 'INSIDE', 'RAIL', 'INSIDE', 'INSIDE', 'INSIDE', 'OUTSIDE', 'INSIDE', 'OUTSIDE', 'INSIDE', 'OUTSIDE', 'RAIL', 'INSIDE', 'INSIDE', 'INSIDE']","[[2.05, 0.12, 1.97], [1.29, 0.04, 0.76], [1.4, 0.35, 2.53], [0.27, 0.57, 0.01], [0.51, 0.54, 0.75], [1.39, 4.35, 0.38], [1.19, 2.63, 1.53], [1.2, 4.07, 0.03], [2.99, 0.53, 2.14], [2.73, 4.37, 1.76], [0.13, 0.75, 0.0], [4.38, 3.22, 2.09], [0.11, 0.26, 1.69], [0.09, 0.2, 0.74], [0.08, 2.4, 0.0], [0.49, 3.61, 0.27], [2.95, 4.08, 0.61]]","[166, 162, 137, 89, 131, 144, 150, 138, 154, 164, 169, 139, 170, 127, 179, 173, 133]",15.9
212,1788358465043518554,307200,73704,25,15,136.8,"[23.8, 38.2, 43.5, 80.4, 81.4, 83.6, 86.3, 91.3, 92.6, 93.9, 96.2, 107.6, 113.5, 114.2, 136.8]","['RAIL', 'NEAR', 'NEAR', 'OUTSIDE', 'NEAR', 'INSIDE', 'OUTSIDE', 'INSIDE', 'INSIDE', 'OUTSIDE', 'INSIDE', 'INSIDE', 'RAIL', 'INSIDE', 'INSIDE']","[[0.1, 0.21, 0.1], [3.11, 0.14, 1.61], [0.33, 0.04, 0.84], [2.65, 1.48, 2.51], [0.47, 0.56, 0.01], [0.82, 4.14, 0.34], [0.93, 0.38, 1.52], [0.11, 3.98, 0.0], [0.05, 3.23, 0.0], [1.11, 0.53, 0.59], [1.96, 4.6, 2.13], [2.71, 4.77, 2.08], [0.12, 0.22, 0.73], [1.04, 3.79, 0.26], [5.74, 4.06, 0.95]]","[158, 166, 162, 137, 122, 144, 150, 138, 157, 154, 180, 139, 127, 179, 133]",15.4
213,1788358465137983355,307200,74035,32,17,136.2,"[28.2, 30.9, 37.6, 41.4, 62.4, 78.7, 84.5, 91.3, 92.1, 93.3, 93.9, 97.3, 107.0, 109.8, 112.9, 113.8, 136.2]","['RAIL', 'NEAR', 'NEAR', 'NEAR', 'INSIDE', 'INSIDE', 'INSIDE', 'INSIDE', 'OUTSIDE', 'INSIDE', 'OUTSIDE', 'INSIDE', 'INSIDE', 'OUTSIDE', 'RAIL', 'INSIDE', 'INSIDE']","[[0.76, 0.39, 0.45], [0.5, 0.2, 1.22], [1.87, 0.11, 1.55], [1.16, 0.05, 1.56], [0.55, 0.14, 1.66], [0.08, 2.06, 0.0], [3.76, 4.34, 2.44], [1.3, 4.18, 0.2], [1.55, 0.29, 0.64], [0.06, 2.6, 0.0], [1.05, 0.52, 1.0], [3.2, 4.57, 2.16], [2.91, 4.51, 2.06], [0.82, 0.28, 1.67], [0.11, 0.22, 0.73], [1.51, 3.8, 0.28], [5.68, 4.04, 0.91]]","[175, 176, 166, 162, 159, 122, 144, 138, 154, 157, 180, 164, 139, 170, 127, 179, 133]",15.5
214,1788358465236100517,307200,73968,34,20,113.8,"[22.5, 27.6, 30.3, 35.7, 37.3, 40.0, 41.3, 60.3, 76.7, 84.6, 86.5, 88.0, 94.2, 100.3, 103.4, 106.4, 109.5, 112.3, 112.4, 113.8]","['RAIL', 'RAIL', 'INSIDE', 'NEAR', 'NEAR', 'NEAR', 'RAIL', 'NEAR', 'INSIDE', 'INSIDE', 'RAIL', 'INSIDE', 'INSIDE', 'INSIDE', 'OUTSIDE', 'INSIDE', 'OUTSIDE', 'RAIL', 'INSIDE', 'INSIDE']","[[0.76, 0.37, 0.43], [1.05, 0.14, 0.09], [2.32, 0.19, 1.34], [2.06, 0.11, 1.59], [0.93, 0.12, 1.93], [0.44, 0.05, 1.37], [0.1, 0.24, 0.1], [3.42, 0.51, 2.72], [0.15, 1.47, 0.0], [0.23, 4.19, 0.93], [0.92, 0.26, 1.18], [1.27, 4.05, 0.4], [3.11, 4.72, 2.28], [0.86, 4.41, 0.44], [0.15, 0.38, 0.43], [2.93, 4.49, 2.05], [0.12, 0.38, 1.27], [0.16, 0.28, 0.72], [0.06, 1.57, 0.0], [0.73, 3.75, 0.27]]","[175, 166, 176, 182, 162, 174, 158, 159, 122, 144, 150, 138, 157, 164, 169, 139, 170, 127, 179, 173]",15.2
215,1788358465345780508,307200,71070,32,20,152.3,"[21.9, 27.0, 36.2, 37.6, 39.9, 41.8, 60.1, 81.9, 83.9, 84.4, 86.7, 93.6, 98.7, 104.6, 105.4, 108.9, 111.7, 113.1, 135.2, 152.3]","['RAIL', 'RAIL', 'NEAR', 'NEAR', 'NEAR', 'NEAR', 'INSIDE', 'INSIDE', 'NEAR', 'OUTSIDE', 'INSIDE', 'INSIDE', 'INSIDE', 'OUTSIDE', 'INSIDE', 'OUTSIDE', 'RAIL', 'INSIDE', 'INSIDE', 'INSIDE']","[[0.12, 0.24, 0.2], [0.73, 0.36, 0.42], [1.82, 0.12, 2.13], [0.41, 0.04, 1.08], [1.05, 0.1, 1.57], [0.66, 0.03, 1.49], [2.64, 0.21, 1.85], [1.72, 3.47, 1.25], [0.05, 0.73, 0.0], [1.49, 0.19, 1.72], [0.06, 2.12, 0.0], [3.24, 4.74, 2.24], [2.93, 4.36, 1.55], [1.5, 0.74, 0.17], [3.86, 4.79, 2.04], [0.07, 0.37, 1.65], [0.12, 0.27, 0.72], [0.59, 3.73, 0.27], [5.36, 4.22, 0.94], [7.58, 3.73, 0.99]]","[158, 175, 182, 166, 162, 174, 159, 89, 144, 131, 138, 157, 164, 169, 139, 170, 127, 173, 133, 151]",14.2
216,1788358465439938496,307200,69885,33,21,148.4,"[21.3, 24.4, 26.3, 35.8, 38.1, 39.0, 40.1, 58.5, 60.6, 81.8, 83.4, 86.0, 91.7, 95.1, 96.7, 105.2, 105.3, 111.1, 112.5, 134.6, 148.4]","['RAIL', 'RAIL', 'NEAR', 'NEAR', 'NEAR', 'NEAR', 'RAIL', 'INSIDE', 'INSIDE', 'OUTSIDE', 'INSIDE', 'INSIDE', 'INSIDE', 'OUTSIDE', 'INSIDE', 'OUTSIDE', 'INSIDE', 'RAIL', 'INSIDE', 'INSIDE', 'INSIDE']","[[0.1, 0.19, 0.24], [0.76, 0.36, 0.47], [1.74, 0.12, 2.12], [0.48, 0.12, 1.6], [0.57, 0.11, 2.0], [0.74, 0.07, 1.38], [1.53, 0.02, 0.17], [0.69, 0.06, 1.6], [0.42, 0.07, 1.33], [0.59, 0.19, 1.25], [2.97, 4.32, 0.4], [0.04, 1.65, 0.0], [2.12, 4.71, 1.82], [1.9, 0.51, 2.07], [2.02, 4.24, 0.04], [2.66, 1.15, 0.87], [6.23, 4.81, 2.03], [0.08, 0.27, 0.72], [0.56, 3.91, 0.27], [5.26, 4.27, 0.9], [14.17, 4.0, 1.85]]","[158, 175, 182, 166, 162, 174, 176, 159, 115, 131, 89, 138, 157, 180, 164, 169, 139, 127, 179, 84, 151]",15.7
217,1788358465544491471,307200,69985,29,16,112.3,"[20.6, 25.7, 35.2, 38.2, 39.5, 82.6, 86.3, 88.1, 92.5, 99.1, 101.4, 104.6, 107.6, 110.5, 110.5, 112.3]","['RAIL', 'RAIL', 'NEAR', 'NEAR', 'NEAR', 'OUTSIDE', 'INSIDE', 'INSIDE', 'INSIDE', 'INSIDE', 'OUTSIDE', 'INSIDE', 'OUTSIDE', 'RAIL', 'INSIDE', 'INSIDE']","[[0.75, 0.37, 0.4], [0.3, 0.27, 0.27], [2.91, 0.12, 2.11], [0.91, 0.07, 1.53], [0.27, 0.11, 1.47], [5.07, 0.57, 2.58], [1.21, 4.09, 0.22], [0.06, 2.46, 0.0], [3.42, 4.56, 2.25], [2.14, 4.37, 0.9], [0.39, 0.39, 0.83], [2.92, 4.75, 2.01], [0.27, 0.48, 1.88], [0.11, 0.27, 0.71], [0.06, 1.35, 0.0], [0.07, 1.18, 0.0]]","[175, 158, 182, 166, 174, 131, 138, 157, 154, 164, 169, 139, 170, 127, 179, 173]",12.4
218,1788358465637319184,307200,69886,33,19,151.1,"[25.1, 35.0, 38.2, 39.8, 74.2, 82.7, 85.6, 88.0, 90.9, 92.8, 93.0, 97.5, 103.0, 107.1, 109.8, 111.4, 122.7, 132.6, 151.1]","['RAIL', 'NEAR', 'NEAR', 'NEAR', 'INSIDE', 'INSIDE', 'INSIDE', 'OUTSIDE', 'INSIDE', 'OUTSIDE', 'INSIDE', 'INSIDE', 'INSIDE', 'OUTSIDE', 'RAIL', 'INSIDE', 'INSIDE', 'INSIDE', 'OUTSIDE']","[[0.75, 0.32, 0.45], [2.82, 0.14, 2.11], [1.16, 0.1, 1.5], [0.4, 0.1, 1.58], [0.14, 2.85, 0.0], [1.43, 4.45, 1.81], [1.26, 3.73, 0.03], [2.98, 0.25, 1.36], [1.41, 4.68, 0.82], [2.11, 1.97, 2.22], [0.07, 1.3, 0.0], [2.11, 4.3, 0.85], [4.35, 4.64, 1.98], [0.08, 0.47, 1.46], [0.1, 0.27, 0.71], [0.68, 3.67, 0.27], [4.85, 4.11, 0.87], [3.83, 3.92, 0.91], [6.31, 1.88, 0.98]]","[175, 182, 166, 174, 122, 89, 138, 150, 154, 180, 157, 164, 139, 170, 127, 179, 183, 84, 151]",15.0
219,1788358465740852425,307200,70108,32,20,146.6,"[24.5, 33.6, 36.9, 38.6, 57.6, 81.9, 85.0, 90.3, 91.5, 92.2, 96.9, 102.4, 104.8, 105.6, 106.5, 109.2, 110.7, 123.0, 132.7, 146.6]","['RAIL', 'NEAR', 'NEAR', 'NEAR', 'INSIDE', 'INSIDE', 'INSIDE', 'INSIDE', 'INSIDE', 'OUTSIDE', 'INSIDE', 'OUTSIDE', 'INSIDE', 'RAIL', 'OUTSIDE', 'RAIL', 'INSIDE', 'INSIDE', 'INSIDE', 'INSIDE']","[[0.78, 0.31, 0.44], [1.47, 0.1, 1.98], [1.23, 0.11, 1.55], [1.46, 0.1, 1.46], [2.78, 2.8, 2.65], [1.13, 4.42, 1.64], [1.42, 4.3, 0.04], [1.32, 4.44, 0.21], [0.05, 1.45, 0.0], [5.29, 0.64, 1.78], [2.15, 4.25, 0.85], [0.06, 0.2, 0.85], [4.3, 4.64, 1.95], [0.08, 0.24, 0.16], [0.09, 0.23, 1.39], [0.09, 0.24, 0.7], [0.59, 3.85, 0.26], [5.62, 4.02, 0.83], [5.37, 4.26, 0.91], [14.19, 4.2, 1.82]]","[175, 182, 166, 174, 159, 89, 138, 154, 157, 180, 164, 139, 169, 127, 170, 179, 173, 183, 84, 151]",19.0
220,1788358465840356399,307200,70196,37,20,133.3,"[23.9, 32.0, 36.6, 38.3, 40.6, 58.1, 87.0, 89.0, 89.6, 91.7, 93.3, 98.4, 100.0, 102.5, 103.5, 105.9, 108.7, 108.8, 126.7, 133.3]","['RAIL', 'RAIL', 'NEAR', 'NEAR', 'NEAR', 'INSIDE', 'INSIDE', 'NEAR', 'OUTSIDE', 'OUTSIDE', 'INSIDE', 'INSIDE', 'OUTSIDE', 'OUTSIDE', 'INSIDE', 'OUTSIDE', 'RAIL', 'INSIDE', 'INSIDE', 'INSIDE']","[[0.75, 0.34, 0.43], [0.82, 0.15, 0.08], [0.72, 0.08, 1.46], [1.39, 0.1, 1.62], [2.32, 0.14, 1.86], [0.61, 0.14, 1.54], [1.3, 4.13, 0.03], [0.03, 1.09, 0.0], [1.08, 0.35, 1.96], [1.19, 0.43, 2.2], [2.26, 4.24, 1.65], [0.05, 1.89, 0.0], [0.76, 1.23, 0.69], [1.35, 0.42, 0.62], [3.77, 2.21, 2.23], [0.08, 0.25, 1.22], [0.11, 0.27, 0.7], [0.12, 3.38, 0.2], [5.52, 4.05, 0.85], [2.84, 3.75, 0.04]]","[175, 182, 166, 174, 186, 159, 138, 154, 150, 180, 157, 164, 169, 139, 170, 127, 179, 173, 183, 84]",15.9
221,1788358465941133033,307200,70668,27,16,122.5,"[23.4, 32.9, 35.7, 36.7, 38.4, 40.0, 81.0, 83.9, 85.8, 90.4, 95.7, 101.1, 103.1, 105.2, 108.1, 122.5]","['RAIL', 'NEAR', 'NEAR', 'NEAR', 'NEAR', 'NEAR', 'OUTSIDE', 'INSIDE', 'INSIDE', 'INSIDE', 'INSIDE', 'OUTSIDE', 'INSIDE', 'OUTSIDE', 'RAIL', 'INSIDE']","[[0.74, 0.36, 0.47], [2.67, 0.11, 1.96], [1.28, 0.09, 1.48], [1.04, 0.09, 1.82], [1.02, 0.08, 1.43], [0.87, 0.04, 1.92], [1.5, 0.55, 1.78], [1.27, 4.27, 0.03], [0.03, 1.8, 0.0], [3.86, 4.67, 2.18], [0.1, 4.18, 0.0], [1.12, 0.35, 0.64], [5.52, 4.98, 1.94], [0.46, 0.54, 1.59], [0.1, 0.24, 0.7], [4.43, 3.98, 0.83]]","[175, 181, 166, 174, 162, 186, 137, 144, 138, 150, 157, 139, 170, 127, 179, 183]",15.0
222,1788358466038035174,307200,71172,33,19,131.0,"[22.8, 31.8, 33.6, 35.4, 37.0, 38.5, 38.5, 39.9, 43.7, 80.4, 85.2, 90.0, 96.2, 98.6, 102.5, 107.5, 107.7, 122.8, 131.0]","['RAIL', 'NEAR', 'NEAR', 'NEAR', 'NEAR', 'NEAR', 'NEAR', 'INSIDE', 'INSIDE', 'OUTSIDE', 'INSIDE', 'INSIDE', 'INSIDE', 'OUTSIDE', 'INSIDE', 'RAIL', 'INSIDE', 'INSIDE', 'INSIDE']","[[0.7, 0.35, 0.46], [2.46, 0.12, 2.11], [0.51, 0.09, 1.33], [0.66, 0.1, 1.48], [1.45, 0.1, 2.16], [0.38, 0.1, 1.53], [1.45, 0.09, 1.9], [0.11, 0.94, 0.01], [0.13, 1.22, 0.01], [1.56, 0.42, 1.77], [0.1, 4.02, 0.0], [4.12, 4.65, 2.18], [2.17, 4.24, 0.87], [0.16, 0.54, 0.41], [4.64, 4.85, 1.96], [0.11, 0.38, 0.69], [0.28, 2.8, 0.44], [3.1, 3.97, 0.84], [5.25, 4.09, 0.9]]","[175, 182, 181, 166, 174, 162, 186, 187, 190, 137, 144, 150, 157, 164, 170, 179, 173, 183, 84]",14.9
223,1788358466140897767,307200,71391,37,21,128.3,"[22.2, 31.8, 34.8, 36.9, 38.8, 39.1, 42.1, 42.8, 71.3, 82.0, 84.1, 85.9, 87.7, 90.0, 92.6, 98.0, 100.7, 104.2, 106.9, 107.2, 128.3]","['RAIL', 'NEAR', 'NEAR', 'NEAR', 'NEAR', 'INSIDE', 'INSIDE', 'INSIDE', 'INSIDE', 'INSIDE', 'OUTSIDE', 'INSIDE', 'INSIDE', 'OUTSIDE', 'INSIDE', 'OUTSIDE', 'INSIDE', 'OUTSIDE', 'RAIL', 'INSIDE', 'INSIDE']","[[0.71, 0.33, 0.43], [2.41, 0.11, 2.1], [1.86, 0.12, 1.49], [1.05, 0.09, 1.46], [2.28, 0.09, 1.66], [0.24, 1.63, 0.02], [0.57, 1.33, 0.04], [0.73, 2.1, 0.05], [0.11, 2.12, 0.0], [0.07, 2.72, 0.0], [3.05, 0.29, 1.26], [0.07, 2.55, 0.0], [0.96, 4.66, 0.96], [0.94, 0.51, 2.16], [2.14, 4.57, 0.45], [0.16, 0.37, 0.4], [4.1, 2.52, 2.2], [0.13, 0.47, 1.82], [0.14, 0.36, 0.69], [0.14, 2.99, 0.0], [9.37, 4.29, 0.59]]","[175, 182, 166, 174, 162, 187, 190, 194, 122, 89, 131, 144, 154, 180, 150, 164, 170, 127, 179, 173, 84]",21.1
224,1788358466239582329,307200,71573,32,24,150.1,"[21.7, 30.3, 33.4, 35.4, 36.8, 38.7, 40.4, 46.2, 70.8, 81.4, 84.0, 85.4, 87.3, 89.5, 91.1, 93.6, 99.7, 101.4, 103.5, 106.4, 106.6, 126.2, 137.6, 150.1]","['RAIL', 'RAIL', 'NEAR', 'NEAR', 'NEAR', 'NEAR', 'NEAR', 'NEAR', 'INSIDE', 'INSIDE', 'OUTSIDE', 'INSIDE', 'INSIDE', 'OUTSIDE', 'INSIDE', 'OUTSIDE', 'OUTSIDE', 'INSIDE', 'OUTSIDE', 'RAIL', 'INSIDE', 'INSIDE', 'INSIDE', 'OUTSIDE']","[[0.73, 0.32, 0.38], [1.54, 0.19, 0.08], [2.39, 0.11, 1.43], [0.52, 0.09, 1.49], [1.43, 0.11, 1.84], [1.4, 0.1, 1.62], [0.29, 0.03, 1.34], [0.25, 0.04, 1.35], [0.11, 1.36, 0.0], [0.07, 1.71, 0.0], [3.69, 0.29, 1.99], [0.06, 4.02, 0.0], [1.26, 4.63, 0.94], [0.51, 0.5, 2.15], [2.21, 4.5, 1.61], [0.98, 0.15, 0.65], [1.23, 0.41, 0.61], [4.81, 4.9, 2.17], [0.32, 0.48, 1.81], [0.11, 0.37, 0.69], [0.18, 3.16, 0.0], [6.52, 4.24, 0.54], [0.81, 4.16, 1.6], [1.32, 0.06, 0.32]]","[175, 182, 181, 166, 174, 162, 186, 195, 122, 89, 131, 144, 154, 180, 150, 157, 169, 170, 127, 179, 173, 84, 133, 151]",17.9
225,1788358466339629809,307200,71833,31,21,121.9,"[21.1, 30.4, 33.3, 33.9, 35.6, 37.8, 39.2, 40.1, 44.8, 45.7, 47.0, 83.0, 84.8, 89.7, 94.5, 96.9, 100.8, 105.8, 107.4, 119.6, 121.9]","['RAIL', 'RAIL', 'NEAR', 'NEAR', 'NEAR', 'NEAR', 'NEAR', 'RAIL', 'RAIL', 'INSIDE', 'OUTSIDE', 'INSIDE', 'NEAR', 'INSIDE', 'INSIDE', 'OUTSIDE', 'INSIDE', 'RAIL', 'INSIDE', 'INSIDE', 'INSIDE']","[[0.7, 0.32, 0.43], [1.02, 0.06, 0.72], [3.22, 0.11, 1.75], [2.25, 0.11, 2.0], [0.59, 0.1, 1.49], [2.41, 0.09, 1.93], [0.49, 0.04, 1.52], [0.22, 0.03, 0.9], [0.18, 0.17, 0.79], [0.47, 1.37, 0.03], [0.46, 0.82, 0.02], [2.84, 4.59, 2.19], [0.03, 1.19, 0.0], [4.65, 4.88, 2.37], [2.17, 4.65, 0.86], [0.16, 0.49, 0.22], [4.63, 4.95, 1.93], [0.14, 0.35, 0.68], [0.72, 3.35, 0.26], [0.13, 3.34, 0.0], [1.66, 3.91, 0.83]]","[158, 181, 188, 166, 174, 162, 186, 195, 194, 187, 190, 131, 138, 150, 157, 164, 170, 179, 173, 183, 84]",14.2
226,1788358466437231990,307200,72225,33,17,106.9,"[20.6, 30.1, 33.8, 36.8, 38.0, 40.4, 42.5, 52.8, 71.0, 80.8, 81.4, 87.0, 92.8, 99.5, 102.4, 105.3, 106.9]","['RAIL', 'NEAR', 'NEAR', 'NEAR', 'NEAR', 'NEAR', 'RAIL', 'INSIDE', 'INSIDE', 'INSIDE', 'OUTSIDE', 'INSIDE', 'INSIDE', 'INSIDE', 'OUTSIDE', 'RAIL', 'INSIDE']","[[0.69, 0.31, 0.4], [3.69, 0.12, 2.14], [3.5, 0.12, 2.01], [1.57, 0.09, 1.85], [0.67, 0.04, 1.44], [2.04, 0.12, 1.57], [1.0, 0.09, 0.93], [0.79, 0.11, 1.99], [0.14, 1.86, 0.0], [1.7, 4.33, 0.42], [3.07, 0.35, 1.44], [3.2, 4.9, 2.28], [1.77, 4.58, 1.01], [3.11, 5.14, 2.18], [0.38, 0.46, 1.63], [0.12, 0.35, 0.68], [0.06, 3.17, 0.0]]","[158, 188, 166, 162, 186, 189, 195, 159, 122, 89, 137, 154, 157, 170, 127, 179, 173]",17.4
227,1788358466537968055,307200,72706,33,22,106.5,"[20.0, 28.6, 29.3, 34.6, 38.8, 39.6, 42.1, 43.9, 44.7, 46.7, 52.5, 70.5, 80.5, 86.7, 90.5, 92.3, 94.9, 98.9, 101.9, 104.7, 104.9, 106.5]","['RAIL', 'NEAR', 'NEAR', 'NEAR', 'NEAR', 'NEAR', 'NEAR', 'INSIDE', 'NEAR', 'INSIDE', 'NEAR', 'INSIDE', 'INSIDE', 'INSIDE', 'OUTSIDE', 'INSIDE', 'OUTSIDE', 'INSIDE', 'OUTSIDE', 'RAIL', 'OUTSIDE', 'INSIDE']","[[0.75, 0.3, 0.39], [3.19, 0.14, 2.14], [6.02, 0.13, 2.17], [0.38, 0.09, 1.37], [0.57, 0.05, 1.05], [1.01, 0.04, 1.69], [0.45, 0.1, 1.78], [0.56, 0.11, 1.85], [0.25, 0.05, 1.07], [0.63, 1.38, 0.06], [4.19, 0.42, 2.56], [0.15, 1.97, 0.01], [1.33, 4.29, 0.23], [3.12, 4.87, 2.27], [0.32, 0.22, 1.16], [1.78, 4.55, 0.42], [1.9, 0.35, 1.85], [3.09, 2.24, 2.17], [0.22, 0.41, 1.78], [0.11, 0.29, 0.67], [0.03, 0.07, 1.59], [0.08, 2.97, 0.0]]","[158, 188, 166, 186, 189, 195, 194, 197, 190, 182, 159, 122, 89, 154, 180, 157, 164, 170, 127, 179, 173, 139]",16.8
228,1788358466641322686,307200,72933,31,22,146.7,"[19.5, 28.1, 31.7, 36.9, 38.4, 39.0, 41.8, 42.2, 44.0, 46.1, 52.1, 69.9, 80.5, 81.9, 86.1, 90.0, 98.7, 99.0, 104.4, 104.4, 136.7, 146.7]","['RAIL', 'RAIL', 'NEAR', 'NEAR', 'NEAR', 'RAIL', 'NEAR', 'NEAR', 'NEAR', 'INSIDE', 'NEAR', 'INSIDE', 'INSIDE', 'OUTSIDE', 'INSIDE', 'INSIDE', 'OUTSIDE', 'INSIDE', 'OUTSIDE', 'INSIDE', 'INSIDE', 'INSIDE']","[[0.72, 0.34, 0.35], [0.95, 0.18, 0.07], [8.8, 0.15, 2.02], [1.3, 0.08, 1.83], [0.38, 0.03, 1.19], [0.41, 0.09, 0.85], [0.43, 0.05, 1.2], [1.0, 0.04, 1.58], [0.4, 0.04, 1.41], [0.43, 2.91, 0.02], [4.21, 0.41, 2.55], [0.1, 1.34, 0.0], [0.06, 0.7, 0.0], [1.94, 0.22, 0.8], [3.27, 4.73, 2.25], [2.28, 4.62, 1.78], [1.56, 1.08, 0.85], [5.68, 3.63, 2.14], [0.04, 0.23, 0.91], [0.14, 3.28, 0.0], [3.25, 4.09, 1.77], [3.88, 3.92, 1.0]]","[158, 188, 181, 162, 186, 189, 195, 190, 197, 187, 159, 122, 89, 137, 154, 150, 169, 170, 173, 139, 133, 151]",17.0
229,1788358466743276184,307200,73249,29,17,105.3,"[18.9, 25.9, 28.3, 32.6, 36.0, 38.3, 40.1, 42.7, 47.8, 52.1, 81.4, 84.5, 91.0, 91.4, 98.8, 103.9, 105.3]","['RAIL', 'NEAR', 'NEAR', 'NEAR', 'NEAR', 'NEAR', 'RAIL', 'NEAR', 'INSIDE', 'NEAR', 'INSIDE', 'INSIDE', 'OUTSIDE', 'INSIDE', 'INSIDE', 'OUTSIDE', 'INSIDE']","[[0.72, 0.34, 0.37], [3.12, 0.13, 2.02], [4.43, 0.13, 2.11], [1.83, 0.09, 2.13], [0.92, 0.03, 1.19], [1.41, 0.11, 1.58], [0.42, 0.1, 0.93], [0.42, 0.08, 0.33], [0.54, 0.9, 0.06], [3.01, 0.38, 2.49], [0.07, 1.42, 0.0], [5.29, 4.78, 2.24], [0.95, 0.12, 0.77], [2.1, 4.53, 0.79], [4.84, 5.11, 2.15], [0.12, 1.19, 1.36], [0.08, 3.13, 0.0]]","[158, 188, 181, 174, 186, 201, 195, 197, 182, 159, 89, 131, 180, 157, 170, 173, 139]",15.9
230,1788358466837475294,307200,73756,33,26,150.8,"[18.4, 29.2, 33.1, 35.1, 35.4, 35.9, 37.3, 38.2, 39.2, 40.7, 42.5, 44.1, 46.1, 51.6, 79.3, 79.6, 81.1, 84.8, 91.9, 96.2, 97.4, 98.2, 103.2, 104.7, 140.3, 150.8]","['RAIL', 'NEAR', 'NEAR', 'NEAR', 'NEAR', 'NEAR', 'NEAR', 'NEAR', 'NEAR', 'RAIL', 'INSIDE', 'INSIDE', 'INSIDE', 'NEAR', 'INSIDE', 'RAIL', 'INSIDE', 'INSIDE', 'INSIDE', 'OUTSIDE', 'OUTSIDE', 'INSIDE', 'RAIL', 'INSIDE', 'INSIDE', 'INSIDE']","[[0.76, 0.31, 0.36], [6.21, 0.13, 2.17], [0.72, 0.1, 1.39], [2.13, 0.09, 2.13], [2.3, 0.09, 1.57], [0.87, 0.09, 1.62], [0.46, 0.03, 1.39], [1.2, 0.04, 1.33], [0.35, 0.04, 0.81], [1.47, 0.71, 1.11], [0.11, 2.96, 0.31], [1.16, 2.06, 0.08], [0.51, 1.79, 0.04], [2.96, 0.37, 2.46], [0.17, 2.78, 0.0], [3.0, 0.57, 1.09], [0.63, 4.47, 0.18], [3.99, 4.82, 2.27], [2.18, 4.72, 1.82], [0.19, 0.84, 0.0], [1.2, 0.4, 0.67], [6.34, 4.76, 2.14], [0.17, 0.26, 0.66], [0.69, 3.32, 0.2], [3.43, 3.91, 0.92], [9.03, 4.23, 0.74]]","[158, 188, 181, 166, 186, 201, 190, 195, 194, 174, 162, 189, 187, 159, 89, 137, 131, 144, 157, 164, 169, 170, 179, 139, 184, 185]",22.2
231,1788358466937897544,307200,74232,37,27,149.7,"[17.9, 26.1, 27.0, 27.2, 29.9, 33.2, 34.8, 35.8, 36.9, 37.2, 38.6, 40.5, 42.0, 44.1, 46.9, 51.3, 80.3, 84.7, 89.8, 93.6, 96.4, 99.9, 102.7, 103.0, 104.4, 135.2, 149.7]","['RAIL', 'RAIL', 'NEAR', 'NEAR', 'NEAR', 'NEAR', 'NEAR', 'NEAR', 'NEAR', 'NEAR', 'NEAR', 'OUTSIDE', 'INSIDE', 'INSIDE', 'NEAR', 'NEAR', 'INSIDE', 'INSIDE', 'INSIDE', 'INSIDE', 'INSIDE', 'OUTSIDE', 'RAIL', 'OUTSIDE', 'INSIDE', 'INSIDE', 'INSIDE']","[[0.76, 0.32, 0.39], [1.35, 0.18, 0.07], [3.23, 0.11, 2.01], [3.18, 0.1, 1.71], [1.29, 0.08, 1.48], [1.13, 0.08, 1.48], [0.38, 0.03, 1.46], [1.37, 0.06, 1.6], [0.36, 0.04, 1.44], [0.69, 0.1, 1.67], [0.97, 0.12, 1.11], [0.54, 0.77, 0.26], [0.6, 0.83, 0.05], [0.92, 0.75, 0.06], [0.14, 0.85, 0.01], [2.45, 0.35, 2.42], [0.04, 1.68, 0.0], [3.25, 4.72, 2.25], [2.63, 4.64, 2.39], [1.47, 2.12, 1.29], [4.2, 5.13, 2.13], [0.17, 0.63, 1.59], [0.06, 0.29, 0.66], [0.29, 1.18, 1.64], [0.07, 2.92, 0.0], [3.28, 3.81, 1.57], [6.73, 4.06, 0.72]]","[158, 188, 182, 181, 166, 186, 201, 195, 187, 190, 194, 175, 162, 189, 174, 159, 131, 144, 150, 157, 170, 127, 179, 173, 139, 133, 185]",17.8
232,1788358467040037778,307200,73470,40,27,173.0,"[17.4, 24.7, 25.5, 30.1, 30.4, 33.3, 34.9, 37.1, 39.1, 40.2, 41.1, 42.2, 44.1, 46.3, 66.5, 80.1, 83.8, 91.0, 97.7, 99.4, 102.2, 102.3, 103.9, 135.3, 149.8, 163.6, 173.0]","['RAIL', 'RAIL', 'NEAR', 'NEAR', 'RAIL', 'NEAR', 'NEAR', 'NEAR', 'NEAR', 'INSIDE', 'INSIDE', 'OUTSIDE', 'INSIDE', 'OUTSIDE', 'INSIDE', 'INSIDE', 'INSIDE', 'INSIDE', 'INSIDE', 'OUTSIDE', 'RAIL', 'OUTSIDE', 'INSIDE', 'INSIDE', 'INSIDE', 'INSIDE', 'OUTSIDE']","[[0.73, 0.29, 0.39], [1.0, 0.16, 0.07], [2.62, 0.08, 1.56], [0.49, 0.04, 1.05], [0.26, 0.03, 0.9], [0.58, 0.04, 1.51], [0.4, 0.05, 1.55], [0.88, 0.09, 1.02], [0.24, 0.03, 1.56], [0.73, 2.46, 0.07], [0.42, 2.32, 0.03], [0.6, 0.69, 0.84], [0.23, 0.85, 0.02], [0.55, 1.22, 0.53], [0.17, 1.28, 0.01], [0.62, 4.28, 0.18], [4.01, 4.85, 2.24], [2.44, 4.62, 1.56], [0.04, 0.85, 0.0], [0.18, 0.45, 1.73], [0.06, 0.18, 0.66], [0.11, 0.13, 1.34], [0.08, 3.27, 0.0], [4.6, 4.07, 1.59], [8.98, 4.62, 1.0], [1.3, 3.77, 0.33], [0.37, 0.34, 0.36]]","[158, 188, 186, 187, 195, 190, 194, 197, 201, 162, 174, 175, 189, 182, 122, 89, 144, 150, 169, 127, 179, 173, 139, 133, 185, 171, 196]",21.2
233,1788358467138037714,307200,73147,40,26,170.2,"[16.9, 26.5, 27.5, 30.2, 33.3, 33.4, 35.2, 36.0, 37.1, 38.9, 40.7, 41.6, 42.7, 44.5, 49.5, 76.7, 80.1, 83.8, 90.9, 96.3, 96.7, 101.7, 102.0, 138.8, 149.3, 170.2]","['RAIL', 'NEAR', 'NEAR', 'NEAR', 'NEAR', 'NEAR', 'NEAR', 'NEAR', 'NEAR', 'NEAR', 'INSIDE', 'NEAR', 'INSIDE', 'NEAR', 'INSIDE', 'INSIDE', 'INSIDE', 'INSIDE', 'INSIDE', 'OUTSIDE', 'INSIDE', 'OUTSIDE', 'OUTSIDE', 'INSIDE', 'INSIDE', 'INSIDE']","[[0.75, 0.32, 0.38], [3.21, 0.1, 2.02], [0.97, 0.1, 1.49], [1.31, 0.08, 1.45], [1.22, 0.1, 1.53], [0.57, 0.04, 1.52], [0.45, 0.07, 0.94], [0.47, 0.03, 1.7], [0.38, 0.04, 1.36], [0.41, 0.04, 1.74], [6.01, 2.96, 3.13], [1.14, 1.17, 0.81], [0.18, 1.58, 0.02], [0.33, 0.83, 0.03], [0.07, 1.97, 0.01], [0.07, 2.28, 0.0], [1.28, 4.22, 0.04], [4.96, 4.89, 2.26], [1.67, 4.81, 2.05], [1.21, 0.56, 0.6], [7.4, 5.01, 2.08], [0.16, 0.36, 0.86], [0.44, 1.35, 1.78], [3.52, 4.13, 0.91], [9.02, 4.66, 0.73], [5.06, 4.59, 1.44]]","[158, 181, 166, 186, 201, 195, 190, 194, 197, 159, 182, 162, 175, 174, 189, 89, 131, 144, 150, 164, 170, 179, 173, 184, 185, 196]",19.2
234,1788358467237117626,307200,73374,35,25,169.7,"[16.5, 24.5, 25.8, 26.1, 27.6, 33.0, 34.7, 35.6, 37.0, 39.1, 40.0, 42.2, 43.2, 44.2, 49.1, 76.2, 83.1, 90.4, 95.8, 96.2, 101.3, 103.0, 134.4, 150.3, 169.7]","['RAIL', 'RAIL', 'NEAR', 'NEAR', 'NEAR', 'NEAR', 'NEAR', 'NEAR', 'NEAR', 'NEAR', 'INSIDE', 'NEAR', 'NEAR', 'INSIDE', 'OUTSIDE', 'INSIDE', 'INSIDE', 'INSIDE', 'OUTSIDE', 'INSIDE', 'OUTSIDE', 'INSIDE', 'INSIDE', 'INSIDE', 'INSIDE']","[[0.73, 0.3, 0.37], [0.84, 0.15, 0.1], [2.64, 0.11, 2.0], [1.4, 0.09, 1.81], [0.43, 0.04, 1.56], [0.54, 0.06, 1.5], [0.26, 0.05, 1.21], [0.51, 0.05, 1.36], [0.37, 0.11, 1.62], [0.44, 0.04, 1.15], [0.65, 2.74, 0.06], [0.51, 0.98, 0.05], [0.15, 0.84, 0.01], [0.5, 1.81, 0.03], [1.09, 0.98, 0.22], [0.07, 2.79, 0.0], [3.9, 4.78, 2.22], [1.67, 4.78, 2.04], [1.17, 0.55, 0.86], [7.44, 5.06, 2.04], [0.05, 0.22, 1.11], [0.07, 2.7, 0.0], [4.67, 4.0, 1.58], [5.92, 4.15, 0.67], [4.99, 4.58, 1.42]]","[158, 188, 181, 166, 201, 187, 194, 197, 159, 186, 175, 162, 189, 190, 182, 89, 144, 150, 164, 170, 173, 139, 133, 185, 196]",19.4
235,1788358467343184978,307200,73959,37,26,169.2,"[16.0, 24.0, 25.1, 26.9, 29.9, 30.9, 32.8, 34.4, 35.3, 36.2, 38.7, 40.1, 41.7, 42.4, 44.7, 46.4, 48.6, 82.9, 89.8, 95.3, 95.7, 100.7, 101.0, 102.3, 150.4, 169.2]","['RAIL', 'RAIL', 'NEAR', 'NEAR', 'NEAR', 'NEAR', 'NEAR', 'NEAR', 'NEAR', 'NEAR', 'RAIL', 'NEAR', 'NEAR', 'OUTSIDE', 'NEAR', 'INSIDE', 'INSIDE', 'INSIDE', 'INSIDE', 'OUTSIDE', 'INSIDE', 'RAIL', 'OUTSIDE', 'INSIDE', 'INSIDE', 'INSIDE']","[[0.72, 0.32, 0.35], [0.82, 0.15, 0.1], [6.36, 0.15, 2.06], [0.71, 0.09, 1.56], [2.37, 0.1, 1.98], [2.14, 0.07, 1.72], [1.44, 0.07, 1.62], [0.35, 0.05, 1.39], [0.45, 0.11, 0.91], [0.49, 0.04, 1.19], [0.58, 0.04, 0.82], [0.42, 0.03, 0.94], [0.07, 0.09, 0.94], [0.85, 0.66, 0.22], [0.83, 0.61, 0.07], [0.31, 1.62, 0.02], [0.54, 1.24, 0.04], [3.42, 4.7, 2.21], [1.31, 4.75, 0.81], [1.23, 0.55, 0.65], [7.39, 4.99, 2.09], [0.06, 0.18, 0.65], [0.31, 1.33, 1.61], [0.88, 3.44, 0.2], [4.83, 3.4, 0.99], [5.01, 3.69, 1.41]]","[158, 188, 198, 181, 174, 166, 187, 194, 197, 159, 189, 201, 195, 175, 162, 190, 186, 144, 150, 164, 170, 179, 173, 139, 185, 196]",15.8
236,1788358467436411400,307200,74496,35,24,168.8,"[15.5, 22.4, 26.6, 28.3, 33.2, 34.3, 35.6, 37.1, 38.2, 39.1, 40.1, 41.6, 41.9, 47.0, 49.5, 65.9, 83.0, 88.6, 94.8, 95.2, 100.3, 100.4, 131.1, 168.8]","['RAIL', 'NEAR', 'NEAR', 'NEAR', 'NEAR', 'NEAR', 'NEAR', 'NEAR', 'NEAR', 'NEAR', 'INSIDE', 'INSIDE', 'INSIDE', 'INSIDE', 'OUTSIDE', 'INSIDE', 'INSIDE', 'INSIDE', 'OUTSIDE', 'INSIDE', 'RAIL', 'OUTSIDE', 'OUTSIDE', 'INSIDE']","[[0.72, 0.32, 0.35], [10.31, 0.15, 2.15], [0.37, 0.04, 1.29], [1.64, 0.07, 1.4], [0.37, 0.1, 1.56], [0.31, 0.04, 1.02], [0.37, 0.03, 1.27], [1.16, 0.05, 1.58], [0.91, 0.14, 1.87], [0.61, 0.1, 1.98], [0.44, 1.56, 0.05], [0.06, 2.42, 0.0], [0.51, 1.03, 0.04], [0.29, 1.31, 0.02], [0.19, 0.82, 0.01], [0.2, 2.88, 0.01], [6.2, 4.89, 2.53], [2.91, 3.94, 1.76], [1.24, 0.55, 0.65], [7.27, 5.11, 2.22], [0.09, 0.25, 0.65], [0.03, 0.18, 1.75], [0.11, 0.03, 1.52], [5.04, 4.26, 1.41]]","[158, 198, 189, 166, 201, 187, 194, 195, 159, 186, 175, 182, 174, 197, 190, 122, 144, 150, 164, 170, 179, 173, 133, 196]",17.7
237,1788358467541968180,307200,74978,30,19,168.3,"[15.0, 28.0, 28.0, 29.2, 34.9, 36.7, 37.5, 39.2, 41.7, 44.6, 49.1, 80.1, 85.1, 94.4, 99.8, 100.0, 105.8, 129.5, 168.3]","['RAIL', 'NEAR', 'NEAR', 'NEAR', 'NEAR', 'RAIL', 'NEAR', 'RAIL', 'NEAR', 'INSIDE', 'OUTSIDE', 'INSIDE', 'INSIDE', 'INSIDE', 'OUTSIDE', 'OUTSIDE', 'INSIDE', 'INSIDE', 'OUTSIDE']","[[0.73, 0.32, 0.36], [10.94, 0.15, 2.21], [2.4, 0.1, 1.48], [0.51, 0.04, 1.06], [1.52, 0.13, 1.99], [0.81, 0.09, 0.66], [0.38, 0.04, 1.28], [0.22, 0.09, 0.87], [1.21, 0.16, 1.85], [0.1, 1.65, 0.25], [0.82, 0.42, 0.08], [7.3, 4.85, 2.51], [1.53, 4.49, 1.69], [7.17, 5.05, 2.21], [0.11, 0.29, 0.84], [0.11, 1.32, 1.31], [0.07, 3.33, 0.0], [2.32, 3.14, 1.76], [5.06, 0.38, 1.42]]","[158, 198, 189, 201, 186, 187, 195, 197, 159, 162, 182, 131, 154, 170, 179, 127, 139, 133, 196]",21.4
238,1788358467637637937,307200,75439,34,26,188.8,"[14.6, 26.0, 31.4, 31.5, 33.2, 34.8, 37.2, 38.3, 40.3, 45.0, 47.4, 48.6, 80.3, 80.9, 85.4, 88.6, 93.8, 94.3, 99.3, 99.4, 103.9, 110.0, 129.1, 142.2, 167.9, 188.8]","['RAIL', 'NEAR', 'NEAR', 'NEAR', 'RAIL', 'NEAR', 'NEAR', 'NEAR', 'NEAR', 'NEAR', 'RAIL', 'NEAR', 'NEAR', 'INSIDE', 'INSIDE', 'OUTSIDE', 'OUTSIDE', 'INSIDE', 'OUTSIDE', 'OUTSIDE', 'INSIDE', 'INSIDE', 'INSIDE', 'INSIDE', 'INSIDE', 'INSIDE']","[[0.72, 0.31, 0.35], [7.77, 0.14, 2.22], [2.47, 0.11, 2.11], [2.53, 0.09, 1.48], [0.82, 0.07, 0.72], [0.42, 0.09, 1.31], [0.74, 0.03, 1.46], [0.55, 0.08, 1.6], [0.13, 0.09, 1.79], [1.17, 0.15, 1.84], [0.43, 0.56, 0.28], [0.1, 0.99, 0.28], [0.05, 1.27, 0.0], [4.74, 4.88, 2.29], [3.12, 4.64, 2.45], [1.74, 0.32, 1.91], [1.19, 0.38, 0.38], [7.2, 4.92, 2.22], [0.12, 0.24, 0.84], [0.08, 0.24, 1.73], [0.06, 3.26, 0.0], [0.5, 3.78, 0.48], [2.38, 2.92, 1.75], [14.98, 4.44, 0.89], [5.07, 4.25, 1.41], [0.12, 1.98, 0.0]]","[158, 198, 181, 189, 166, 187, 186, 194, 197, 159, 190, 174, 131, 137, 154, 150, 164, 170, 179, 127, 203, 207, 133, 184, 196, 193]",20.0
239,1788358467736809674,307200,76027,34,25,188.3,"[14.1, 20.8, 22.4, 26.9, 33.5, 35.0, 36.5, 38.3, 39.8, 40.8, 43.2, 44.6, 47.1, 48.2, 84.1, 93.5, 93.9, 98.9, 99.0, 103.4, 109.5, 129.8, 141.7, 167.4, 188.3]","['RAIL', 'RAIL', 'NEAR', 'NEAR', 'NEAR', 'NEAR', 'NEAR', 'NEAR', 'NEAR', 'NEAR', 'NEAR', 'NEAR', 'RAIL', 'INSIDE', 'INSIDE', 'OUTSIDE', 'INSIDE', 'RAIL', 'OUTSIDE', 'INSIDE', 'INSIDE', 'OUTSIDE', 'INSIDE', 'INSIDE', 'INSIDE']","[[0.7, 0.29, 0.41], [0.48, 0.13, 0.31], [10.33, 0.15, 2.25], [1.71, 0.09, 1.96], [0.59, 0.03, 1.47], [1.06, 0.04, 1.46], [1.31, 0.08, 1.63], [0.39, 0.04, 1.49], [0.45, 0.06, 1.36], [0.14, 0.09, 1.68], [1.24, 0.12, 1.71], [1.27, 0.17, 1.73], [0.3, 0.51, 0.09], [0.04, 1.38, 0.01], [1.26, 4.59, 0.59], [1.17, 0.38, 0.38], [7.28, 4.96, 2.19], [0.09, 0.34, 0.64], [0.14, 1.44, 1.3], [0.05, 3.79, 0.0], [0.42, 3.61, 0.26], [0.13, 0.24, 1.5], [14.96, 4.48, 1.16], [5.05, 4.52, 1.4], [0.03, 1.97, 0.0]]","[158, 188, 198, 166, 189, 201, 186, 194, 195, 197, 209, 159, 190, 175, 144, 164, 170, 179, 127, 203, 207, 133, 184, 196, 193]",18.5
240,1788358467840895202,307200,76608,33,26,167.5,"[13.7, 25.2, 30.6, 31.9, 33.4, 35.5, 36.7, 37.7, 39.9, 40.5, 41.3, 42.8, 44.2, 48.1, 85.6, 91.8, 96.3, 98.4, 98.5, 104.5, 106.0, 112.1, 139.0, 147.3, 164.4, 167.5]","['RAIL', 'NEAR', 'NEAR', 'NEAR', 'NEAR', 'NEAR', 'NEAR', 'NEAR', 'INSIDE', 'NEAR', 'NEAR', 'INSIDE', 'INSIDE', 'RAIL', 'INSIDE', 'INSIDE', 'OUTSIDE', 'OUTSIDE', 'INSIDE', 'INSIDE', 'INSIDE', 'INSIDE', 'INSIDE', 'INSIDE', 'RAIL', 'INSIDE']","[[0.7, 0.3, 0.36], [7.84, 0.14, 2.26], [3.03, 0.1, 2.14], [2.4, 0.1, 1.96], [2.04, 0.09, 2.09], [1.67, 0.11, 1.61], [1.16, 0.11, 1.68], [1.38, 0.06, 1.69], [0.1, 0.09, 1.57], [0.41, 0.04, 1.8], [0.47, 0.06, 1.03], [0.52, 2.3, 0.03], [0.24, 1.67, 0.02], [0.22, 0.16, 0.26], [4.12, 4.59, 1.72], [4.88, 5.04, 2.22], [1.52, 0.68, 1.85], [0.12, 0.24, 0.83], [0.23, 4.72, 2.16], [0.09, 3.29, 0.0], [0.05, 2.04, 0.0], [0.06, 1.76, 0.0], [7.7, 4.4, 0.88], [2.93, 4.24, 0.38], [0.09, 0.38, 0.25], [3.88, 4.5, 0.68]]","[158, 198, 181, 166, 189, 187, 194, 209, 197, 159, 195, 201, 174, 202, 154, 170, 127, 179, 169, 203, 139, 207, 184, 185, 171, 196]",17.1
241,1788358467941121006,307200,77035,35,28,187.5,"[13.3, 26.4, 28.9, 31.2, 32.8, 34.2, 36.8, 37.2, 37.2, 38.3, 39.8, 42.4, 43.8, 46.1, 47.4, 80.6, 84.1, 87.1, 92.8, 98.0, 98.2, 104.1, 111.7, 121.1, 127.9, 140.9, 166.5, 187.5]","['RAIL', 'NEAR', 'NEAR', 'NEAR', 'NEAR', 'NEAR', 'NEAR', 'NEAR', 'RAIL', 'NEAR', 'INSIDE', 'INSIDE', 'INSIDE', 'INSIDE', 'INSIDE', 'INSIDE', 'INSIDE', 'OUTSIDE', 'INSIDE', 'OUTSIDE', 'INSIDE', 'INSIDE', 'INSIDE', 'INSIDE', 'INSIDE', 'INSIDE', 'INSIDE', 'INSIDE']","[[0.83, 0.31, 0.39], [11.07, 0.14, 2.23], [4.01, 0.09, 1.96], [1.86, 0.07, 1.55], [0.43, 0.09, 1.59], [1.31, 0.11, 1.68], [0.26, 0.08, 1.47], [1.06, 0.06, 1.88], [0.41, 0.46, 0.72], [0.61, 0.74, 0.22], [0.63, 1.74, 0.32], [0.47, 1.28, 0.03], [0.18, 1.74, 0.01], [0.41, 2.05, 0.03], [0.68, 1.06, 0.05], [6.85, 4.91, 2.28], [1.16, 4.73, 0.03], [1.47, 0.17, 1.53], [7.67, 5.13, 2.21], [0.16, 0.27, 0.83], [0.41, 2.98, 2.15], [0.18, 3.78, 0.19], [0.04, 1.56, 0.0], [0.06, 3.81, 0.25], [1.83, 3.11, 1.73], [14.94, 4.47, 1.15], [5.04, 4.2, 1.39], [0.07, 2.62, 0.0]]","[158, 198, 166, 187, 194, 209, 197, 159, 190, 162, 174, 201, 186, 199, 189, 137, 144, 150, 170, 179, 169, 203, 207, 215, 133, 184, 196, 193]",20.1
242,1788358468039377251,307200,77561,32,28,187.1,"[12.9, 25.6, 29.8, 33.5, 35.0, 36.9, 38.5, 39.5, 41.5, 42.5, 43.5, 45.0, 46.9, 73.4, 80.5, 85.4, 91.0, 96.4, 97.5, 103.7, 109.8, 111.3, 124.6, 137.4, 146.4, 166.1, 178.6, 187.1]","['RAIL', 'NEAR', 'NEAR', 'NEAR', 'NEAR', 'NEAR', 'NEAR', 'NEAR', 'RAIL', 'INSIDE', 'NEAR', 'INSIDE', 'INSIDE', 'OUTSIDE', 'NEAR', 'INSIDE', 'INSIDE', 'OUTSIDE', 'INSIDE', 'INSIDE', 'INSIDE', 'INSIDE', 'INSIDE', 'INSIDE', 'INSIDE', 'INSIDE', 'OUTSIDE', 'INSIDE']","[[0.81, 0.31, 0.38], [10.41, 0.15, 2.25], [4.33, 0.1, 1.95], [1.48, 0.06, 1.46], [0.52, 0.05, 1.56], [0.4, 0.07, 1.63], [0.5, 0.1, 1.65], [1.18, 0.09, 1.39], [0.47, 0.08, 0.83], [0.93, 0.08, 1.65], [0.48, 0.07, 1.52], [0.16, 1.56, 0.01], [0.93, 1.48, 0.33], [1.02, 1.63, 0.36], [0.06, 1.41, 0.0], [4.27, 4.68, 2.46], [4.94, 5.16, 2.2], [0.14, 0.34, 0.82], [3.38, 4.46, 2.14], [0.08, 3.44, 0.0], [0.06, 2.49, 0.0], [0.02, 1.94, 0.0], [7.77, 4.15, 1.74], [9.45, 4.43, 1.15], [2.93, 4.48, 0.38], [5.03, 4.19, 1.41], [4.22, 1.0, 0.38], [0.08, 2.61, 0.0]]","[158, 198, 166, 187, 194, 186, 195, 211, 209, 159, 197, 162, 201, 89, 131, 154, 170, 179, 127, 203, 206, 207, 133, 184, 185, 196, 208, 193]",20.6
243,1788358468139428543,307200,78366,34,31,179.9,"[12.4, 26.6, 29.3, 29.4, 30.4, 32.2, 33.6, 35.2, 36.4, 38.1, 38.6, 39.0, 39.2, 41.3, 42.9, 44.8, 46.7, 85.6, 88.4, 92.3, 92.7, 97.1, 97.7, 104.8, 106.2, 113.7, 121.7, 129.3, 138.4, 163.2, 179.9]","['RAIL', 'NEAR', 'NEAR', 'NEAR', 'NEAR', 'NEAR', 'NEAR', 'NEAR', 'NEAR', 'NEAR', 'NEAR', 'INSIDE', 'INSIDE', 'INSIDE', 'RAIL', 'INSIDE', 'OUTSIDE', 'INSIDE', 'INSIDE', 'INSIDE', 'INSIDE', 'OUTSIDE', 'INSIDE', 'INSIDE', 'INSIDE', 'INSIDE', 'OUTSIDE', 'INSIDE', 'INSIDE', 'RAIL', 'INSIDE']","[[0.75, 0.3, 0.37], [13.3, 0.16, 2.28], [1.25, 0.08, 1.42], [0.67, 0.08, 1.47], [1.78, 0.08, 2.12], [0.57, 0.08, 1.93], [0.29, 0.04, 0.96], [1.06, 0.08, 1.56], [1.08, 0.07, 1.69], [0.27, 0.07, 1.32], [1.44, 0.13, 1.86], [0.62, 1.17, 0.05], [0.44, 2.4, 0.24], [0.08, 0.95, 0.01], [0.15, 0.16, 0.59], [0.14, 1.22, 0.01], [0.21, 1.43, 0.02], [1.81, 4.84, 2.45], [0.88, 2.35, 0.98], [0.03, 0.81, 0.0], [6.93, 5.34, 2.42], [0.18, 0.34, 0.82], [1.14, 5.35, 2.14], [0.13, 3.86, 0.65], [0.16, 3.56, 0.2], [0.25, 1.85, 0.5], [2.9, 0.5, 0.45], [3.55, 3.98, 1.76], [6.4, 4.14, 0.88], [0.02, 0.28, 0.24], [3.01, 4.1, 0.39]]","[158, 198, 166, 187, 186, 194, 195, 209, 211, 197, 159, 162, 199, 189, 202, 182, 174, 154, 150, 170, 164, 179, 169, 203, 139, 207, 215, 133, 184, 171, 208]",19.7
244,1788358468244250718,307200,77669,32,30,177.7,"[12.0, 25.2, 29.0, 29.1, 31.5, 32.0, 33.2, 34.1, 35.6, 36.5, 38.4, 39.6, 41.1, 42.5, 44.1, 46.3, 89.7, 96.7, 96.8, 97.3, 102.9, 104.4, 110.4, 117.3, 124.2, 137.4, 145.6, 162.7, 167.1, 177.7]","['RAIL', 'NEAR', 'NEAR', 'NEAR', 'NEAR', 'NEAR', 'NEAR', 'NEAR', 'NEAR', 'NEAR', 'RAIL', 'NEAR', 'NEAR', 'NEAR', 'INSIDE', 'OUTSIDE', 'INSIDE', 'OUTSIDE', 'INSIDE', 'OUTSIDE', 'INSIDE', 'INSIDE', 'INSIDE', 'OUTSIDE', 'INSIDE', 'INSIDE', 'INSIDE', 'RAIL', 'OUTSIDE', 'OUTSIDE']","[[0.77, 0.3, 0.38], [11.33, 0.15, 2.25], [2.06, 0.08, 1.94], [1.63, 0.08, 1.41], [0.92, 0.09, 1.53], [1.62, 0.07, 1.94], [0.31, 0.03, 1.49], [1.28, 0.12, 1.55], [1.57, 0.15, 1.84], [0.57, 0.08, 0.97], [0.04, 0.07, 1.01], [0.32, 0.03, 0.94], [0.15, 0.76, 0.28], [0.49, 0.7, 0.24], [0.92, 2.66, 0.07], [0.13, 1.01, 0.01], [10.78, 5.32, 2.45], [0.13, 0.34, 0.82], [1.12, 3.78, 0.42], [0.81, 1.36, 1.86], [0.1, 2.69, 0.0], [0.09, 2.55, 0.0], [0.1, 3.28, 0.0], [0.44, 0.23, 0.78], [7.97, 4.19, 1.75], [7.71, 4.41, 1.15], [2.93, 4.44, 0.38], [0.09, 0.28, 0.24], [1.29, 1.58, 0.68], [4.23, 1.9, 0.38]]","[158, 198, 181, 166, 186, 194, 195, 209, 159, 211, 197, 187, 162, 182, 199, 174, 150, 179, 169, 127, 203, 139, 206, 215, 133, 184, 185, 171, 196, 208]",18.4
245,1788358468340365604,307200,76694,29,23,164.8,"[11.6, 21.9, 26.1, 33.8, 35.6, 37.7, 39.7, 40.2, 41.1, 42.0, 43.8, 45.7, 84.8, 87.2, 91.3, 96.3, 96.5, 102.5, 103.9, 108.5, 116.9, 119.6, 164.8]","['RAIL', 'NEAR', 'NEAR', 'NEAR', 'NEAR', 'NEAR', 'NEAR', 'NEAR', 'RAIL', 'NEAR', 'NEAR', 'NEAR', 'INSIDE', 'OUTSIDE', 'INSIDE', 'OUTSIDE', 'INSIDE', 'INSIDE', 'INSIDE', 'INSIDE', 'OUTSIDE', 'INSIDE', 'INSIDE']","[[0.86, 0.31, 0.35], [14.64, 0.16, 2.27], [1.2, 0.09, 1.42], [1.89, 0.08, 1.81], [1.17, 0.05, 1.91], [1.27, 0.04, 1.52], [0.2, 0.09, 1.49], [0.33, 0.04, 1.44], [0.32, 0.09, 0.96], [0.93, 0.04, 1.56], [1.09, 0.16, 1.82], [0.48, 0.99, 0.36], [1.83, 4.5, 2.42], [0.38, 0.33, 0.78], [6.7, 5.2, 2.39], [0.11, 0.32, 0.81], [0.68, 4.61, 2.12], [0.09, 3.58, 0.0], [0.03, 2.18, 0.0], [0.05, 2.84, 0.0], [0.45, 0.23, 0.78], [0.36, 3.29, 0.25], [5.08, 4.16, 1.38]]","[158, 198, 166, 187, 194, 195, 197, 209, 189, 211, 159, 175, 154, 150, 164, 179, 169, 203, 139, 206, 215, 133, 196]",18.1
246,1788358468439879346,307200,76898,37,32,176.9,"[11.2, 21.9, 22.3, 25.4, 27.7, 30.3, 32.5, 33.3, 33.6, 35.9, 37.6, 38.7, 39.6, 41.4, 42.7, 43.7, 45.3, 47.1, 84.6, 90.4, 90.9, 91.5, 95.9, 96.1, 96.5, 103.6, 105.7, 112.7, 116.6, 137.2, 167.0, 176.9]","['RAIL', 'NEAR', 'NEAR', 'NEAR', 'NEAR', 'NEAR', 'NEAR', 'RAIL', 'NEAR', 'INSIDE', 'INSIDE', 'INSIDE', 'NEAR', 'INSIDE', 'INSIDE', 'INSIDE', 'INSIDE', 'INSIDE', 'INSIDE', 'OUTSIDE', 'INSIDE', 'INSIDE', 'OUTSIDE', 'INSIDE', 'OUTSIDE', 'INSIDE', 'INSIDE', 'INSIDE', 'OUTSIDE', 'INSIDE', 'OUTSIDE', 'OUTSIDE']","[[0.88, 0.22, 0.33], [13.3, 0.15, 2.27], [1.28, 0.07, 1.94], [0.87, 0.08, 1.41], [2.67, 0.08, 2.13], [0.77, 0.07, 1.48], [0.92, 0.12, 1.91], [0.56, 0.08, 1.0], [0.61, 0.04, 1.63], [1.07, 0.15, 1.72], [0.97, 0.8, 0.3], [0.62, 1.05, 0.05], [0.36, 0.89, 0.03], [0.69, 0.77, 0.24], [0.85, 2.89, 0.06], [1.11, 1.89, 0.07], [0.1, 2.69, 0.01], [0.43, 1.64, 0.02], [2.18, 4.79, 0.78], [1.22, 0.52, 0.81], [0.04, 0.8, 0.0], [7.77, 5.15, 2.38], [0.17, 0.22, 0.81], [1.07, 3.92, 0.42], [0.07, 0.22, 1.85], [0.13, 3.25, 0.0], [1.31, 3.54, 0.41], [0.58, 4.2, 0.71], [0.6, 0.23, 0.78], [6.35, 4.35, 0.9], [2.54, 2.44, 0.69], [4.22, 2.2, 0.38]]","[158, 198, 181, 166, 187, 194, 195, 189, 211, 159, 175, 182, 174, 188, 199, 205, 197, 190, 144, 164, 170, 150, 179, 169, 127, 139, 206, 207, 215, 184, 196, 208]",17.9
247,1788358468541706913,307200,75849,33,29,165.9,"[10.9, 22.0, 27.6, 27.8, 28.9, 30.6, 33.2, 35.5, 36.8, 37.8, 38.1, 39.5, 41.4, 43.3, 44.9, 81.2, 84.2, 87.9, 90.5, 91.1, 93.2, 95.5, 95.6, 105.3, 112.4, 116.2, 144.5, 161.5, 165.9]","['RAIL', 'NEAR', 'NEAR', 'NEAR', 'NEAR', 'NEAR', 'NEAR', 'INSIDE', 'NEAR', 'NEAR', 'INSIDE', 'INSIDE', 'INSIDE', 'NEAR', 'INSIDE', 'OUTSIDE', 'INSIDE', 'OUTSIDE', 'INSIDE', 'INSIDE', 'OUTSIDE', 'OUTSIDE', 'OUTSIDE', 'INSIDE', 'INSIDE', 'OUTSIDE', 'INSIDE', 'RAIL', 'INSIDE']","[[0.8, 0.25, 0.34], [2.88, 0.08, 2.12], [2.78, 0.08, 1.96], [2.02, 0.1, 1.8], [1.22, 0.06, 1.49], [0.43, 0.05, 1.98], [0.38, 0.04, 1.36], [1.02, 0.14, 1.5], [0.55, 0.08, 1.52], [0.55, 0.98, 0.37], [0.93, 1.25, 0.31], [0.5, 2.92, 0.03], [0.49, 1.43, 0.04], [0.7, 0.95, 0.07], [0.08, 2.62, 0.01], [0.98, 0.2, 1.43], [2.18, 4.17, 0.06], [1.23, 0.52, 0.8], [0.08, 0.8, 0.0], [6.95, 5.01, 2.37], [1.25, 0.7, 1.79], [0.15, 0.22, 0.81], [0.12, 0.37, 1.84], [1.25, 3.52, 0.41], [0.38, 3.94, 0.7], [0.63, 0.23, 0.46], [2.87, 4.3, 0.41], [0.04, 0.28, 0.24], [1.32, 3.58, 0.67]]","[158, 181, 166, 187, 194, 195, 209, 159, 211, 175, 174, 189, 201, 182, 198, 137, 144, 164, 170, 150, 127, 179, 169, 206, 207, 215, 185, 171, 196]",19.6
248,1788358468639840474,307200,75020,35,30,163.5,"[10.4, 31.1, 31.2, 33.1, 34.9, 36.3, 36.5, 36.5, 37.8, 38.1, 39.4, 41.0, 42.8, 44.6, 46.6, 81.2, 82.3, 86.0, 90.2, 95.1, 95.1, 100.6, 105.7, 108.9, 115.7, 118.3, 131.3, 141.8, 156.5, 163.5]","['RAIL', 'NEAR', 'NEAR', 'NEAR', 'NEAR', 'NEAR', 'NEAR', 'NEAR', 'NEAR', 'NEAR', 'INSIDE', 'INSIDE', 'INSIDE', 'NEAR', 'OUTSIDE', 'OUTSIDE', 'INSIDE', 'OUTSIDE', 'INSIDE', 'RAIL', 'OUTSIDE', 'INSIDE', 'INSIDE', 'INSIDE', 'OUTSIDE', 'INSIDE', 'INSIDE', 'INSIDE', 'INSIDE', 'INSIDE']","[[0.85, 0.25, 0.31], [0.69, 0.03, 1.31], [2.3, 0.09, 1.97], [0.6, 0.03, 1.47], [1.56, 0.07, 1.8], [0.43, 0.1, 1.5], [1.13, 0.07, 1.98], [0.38, 0.06, 1.62], [1.16, 0.06, 0.94], [1.2, 0.07, 1.68], [0.34, 1.3, 0.03], [0.35, 2.9, 0.02], [0.48, 1.29, 0.03], [0.29, 0.81, 0.01], [0.45, 0.87, 0.03], [1.56, 0.17, 1.99], [1.05, 4.6, 0.03], [0.29, 0.32, 0.77], [6.95, 5.14, 2.36], [0.1, 0.23, 0.61], [0.44, 0.39, 1.68], [1.33, 3.71, 0.19], [0.5, 3.86, 0.25], [0.07, 1.9, 0.0], [0.38, 0.28, 0.53], [0.06, 3.72, 0.25], [1.46, 4.14, 0.02], [7.26, 4.45, 0.98], [1.39, 3.93, 0.64], [4.69, 4.13, 1.37]]","[158, 181, 166, 187, 186, 194, 195, 209, 211, 159, 162, 189, 201, 190, 199, 137, 144, 154, 170, 179, 169, 203, 206, 207, 215, 133, 184, 185, 171, 196]",17.4
249,1788358468742679914,307200,75095,31,25,177.5,"[10.1, 27.0, 27.0, 28.1, 31.3, 33.7, 36.4, 37.7, 38.9, 39.5, 40.6, 40.9, 42.4, 44.3, 84.5, 88.9, 89.6, 94.7, 94.8, 103.9, 110.0, 115.4, 137.2, 166.3, 177.5]","['RAIL', 'NEAR', 'NEAR', 'NEAR', 'RAIL', 'RAIL', 'NEAR', 'NEAR', 'NEAR', 'NEAR', 'INSIDE', 'INSIDE', 'INSIDE', 'INSIDE', 'INSIDE', 'OUTSIDE', 'INSIDE', 'OUTSIDE', 'OUTSIDE', 'INSIDE', 'OUTSIDE', 'OUTSIDE', 'INSIDE', 'OUTSIDE', 'OUTSIDE']","[[0.87, 0.25, 0.32], [2.5, 0.12, 1.97], [0.98, 0.04, 1.45], [0.4, 0.04, 1.34], [0.72, 0.07, 0.85], [0.65, 0.09, 1.15], [1.17, 0.09, 1.6], [1.6, 0.08, 1.76], [0.55, 0.03, 1.03], [1.44, 0.95, 0.41], [0.16, 0.98, 0.01], [0.12, 0.94, 0.01], [0.79, 2.56, 0.08], [0.36, 2.42, 0.02], [0.14, 4.87, 0.0], [2.6, 0.41, 0.74], [7.73, 5.19, 2.32], [0.15, 0.28, 0.8], [0.45, 0.44, 1.83], [0.03, 3.27, 0.0], [0.1, 1.53, 0.69], [0.54, 0.22, 0.46], [3.98, 3.88, 0.92], [1.71, 2.41, 0.69], [2.95, 0.93, 0.39]]","[158, 166, 186, 194, 195, 209, 211, 159, 205, 182, 162, 198, 174, 197, 144, 164, 170, 179, 169, 139, 207, 215, 185, 196, 208]",20.2
250,1788358468842864210,307200,75372,31,27,165.9,"[9.7, 27.5, 27.8, 29.9, 30.7, 33.2, 34.1, 35.3, 36.3, 38.4, 38.4, 39.3, 40.3, 41.0, 41.7, 43.8, 72.0, 84.1, 89.4, 89.9, 94.4, 103.4, 105.1, 115.0, 117.4, 136.2, 165.9]","['RAIL', 'NEAR', 'NEAR', 'NEAR', 'NEAR', 'NEAR', 'NEAR', 'NEAR', 'NEAR', 'INSIDE', 'NEAR', 'INSIDE', 'INSIDE', 'INSIDE', 'INSIDE', 'INSIDE', 'INSIDE', 'INSIDE', 'OUTSIDE', 'OUTSIDE', 'INSIDE', 'INSIDE', 'INSIDE', 'OUTSIDE', 'INSIDE', 'INSIDE', 'INSIDE']","[[0.89, 0.25, 0.33], [1.08, 0.07, 1.34], [0.43, 0.06, 2.01], [0.51, 0.03, 1.37], [0.44, 0.08, 1.86], [0.39, 0.05, 1.56], [1.31, 0.08, 1.59], [0.32, 0.09, 1.6], [1.04, 0.1, 1.75], [1.45, 2.42, 0.22], [0.3, 0.88, 0.03], [1.17, 2.58, 0.1], [0.93, 1.48, 0.07], [0.16, 0.94, 0.01], [0.47, 1.28, 0.03], [0.34, 2.24, 0.04], [0.07, 2.64, 0.0], [0.14, 4.55, 0.0], [1.17, 0.35, 0.79], [0.16, 0.27, 0.8], [9.29, 5.28, 2.49], [0.43, 2.49, 0.85], [0.05, 3.12, 0.0], [0.56, 0.23, 1.24], [0.1, 2.87, 0.0], [5.11, 3.62, 0.91], [1.82, 4.15, 0.69]]","[158, 166, 187, 186, 194, 205, 211, 209, 159, 216, 182, 162, 181, 189, 197, 174, 89, 144, 164, 179, 170, 139, 206, 215, 133, 185, 196]",18.0
251,1788358468944713653,307200,74987,34,30,174.1,"[9.4, 25.2, 25.9, 29.2, 32.9, 33.8, 33.9, 35.0, 36.4, 38.0, 39.8, 39.9, 40.4, 40.5, 41.5, 43.6, 80.5, 88.3, 88.4, 89.6, 94.0, 101.7, 103.1, 107.8, 114.6, 131.9, 140.8, 155.1, 162.5, 174.1]","['RAIL', 'NEAR', 'NEAR', 'NEAR', 'NEAR', 'NEAR', 'NEAR', 'RAIL', 'INSIDE', 'NEAR', 'INSIDE', 'INSIDE', 'INSIDE', 'INSIDE', 'INSIDE', 'NEAR', 'OUTSIDE', 'OUTSIDE', 'INSIDE', 'OUTSIDE', 'INSIDE', 'INSIDE', 'INSIDE', 'INSIDE', 'OUTSIDE', 'INSIDE', 'INSIDE', 'OUTSIDE', 'INSIDE', 'OUTSIDE']","[[0.94, 0.26, 0.3], [0.39, 0.03, 1.47], [1.33, 0.08, 1.43], [0.65, 0.07, 1.84], [0.35, 0.1, 1.58], [1.45, 0.13, 1.57], [1.52, 0.14, 1.73], [0.45, 0.41, 1.14], [1.11, 1.32, 0.25], [0.6, 1.07, 0.34], [0.43, 1.22, 0.18], [0.73, 2.9, 0.08], [0.91, 1.47, 0.07], [0.47, 1.27, 0.03], [0.96, 2.79, 0.65], [0.15, 0.85, 0.01], [1.96, 0.32, 1.96], [2.63, 1.17, 0.79], [0.03, 0.78, 0.0], [0.1, 0.27, 0.79], [13.51, 5.34, 2.43], [0.08, 3.19, 0.0], [0.2, 3.74, 0.19], [0.12, 3.39, 0.0], [0.41, 0.22, 0.76], [2.07, 3.91, 0.87], [7.27, 4.36, 0.7], [0.73, 0.32, 0.32], [5.12, 4.39, 1.36], [2.42, 1.89, 0.35]]","[158, 187, 186, 194, 209, 211, 159, 202, 216, 181, 198, 174, 166, 197, 199, 189, 137, 164, 170, 179, 150, 203, 139, 207, 215, 184, 185, 171, 196, 208]",16.2
252,1788358469047012518,307200,73909,28,22,176.5,"[9.0, 22.9, 23.4, 32.6, 35.1, 36.5, 37.8, 38.0, 39.6, 41.2, 43.1, 80.2, 82.8, 88.6, 89.3, 93.7, 102.9, 114.3, 136.2, 141.9, 164.1, 176.5]","['RAIL', 'NEAR', 'NEAR', 'NEAR', 'NEAR', 'NEAR', 'NEAR', 'NEAR', 'OUTSIDE', 'INSIDE', 'INSIDE', 'OUTSIDE', 'INSIDE', 'OUTSIDE', 'OUTSIDE', 'INSIDE', 'INSIDE', 'OUTSIDE', 'INSIDE', 'NEAR', 'INSIDE', 'OUTSIDE']","[[0.94, 0.24, 0.26], [2.63, 0.1, 1.66], [1.17, 0.04, 1.72], [0.3, 0.08, 1.29], [1.2, 0.11, 1.91], [1.34, 0.07, 1.44], [1.28, 0.14, 1.69], [0.39, 0.05, 1.47], [0.53, 0.3, 0.25], [0.39, 1.31, 0.19], [0.07, 1.45, 0.0], [0.78, 0.16, 0.55], [1.37, 4.96, 0.93], [1.2, 0.35, 0.79], [0.14, 0.27, 0.79], [9.18, 5.24, 2.47], [0.04, 3.59, 0.0], [0.52, 0.22, 1.23], [4.05, 4.32, 0.91], [0.87, 0.13, 0.67], [1.29, 3.54, 0.67], [2.96, 0.3, 0.38]]","[158, 166, 187, 186, 194, 211, 159, 205, 175, 188, 201, 137, 144, 164, 179, 150, 139, 215, 184, 185, 196, 208]",14.4
253,1788358469140555992,307200,74211,37,32,165.7,"[8.6, 24.1, 26.7, 27.8, 28.9, 30.2, 31.3, 32.8, 34.7, 34.8, 36.3, 38.2, 38.6, 39.2, 40.6, 40.7, 41.1, 41.7, 43.2, 48.6, 82.1, 89.0, 91.9, 93.4, 94.8, 97.9, 105.4, 107.0, 113.9, 116.4, 137.5, 165.7]","['RAIL', 'NEAR', 'NEAR', 'NEAR', 'NEAR', 'NEAR', 'NEAR', 'NEAR', 'NEAR', 'RAIL', 'OUTSIDE', 'INSIDE', 'INSIDE', 'NEAR', 'INSIDE', 'INSIDE', 'INSIDE', 'INSIDE', 'INSIDE', 'INSIDE', 'OUTSIDE', 'NEAR', 'OUTSIDE', 'INSIDE', 'INSIDE', 'INSIDE', 'INSIDE', 'INSIDE', 'OUTSIDE', 'INSIDE', 'INSIDE', 'INSIDE']","[[0.81, 0.22, 0.27], [0.42, 0.03, 1.25], [1.5, 0.11, 1.97], [1.29, 0.12, 2.08], [0.43, 0.03, 1.38], [0.57, 0.03, 1.52], [0.39, 0.05, 1.97], [0.87, 0.04, 1.54], [0.55, 0.04, 1.61], [1.48, 0.39, 0.87], [0.18, 0.28, 0.24], [1.35, 2.56, 0.22], [0.47, 2.03, 0.03], [0.46, 0.89, 0.04], [0.36, 1.1, 0.25], [0.05, 1.46, 0.01], [0.53, 1.13, 0.03], [1.37, 2.19, 0.13], [0.1, 1.17, 0.01], [0.39, 1.98, 0.02], [1.35, 0.26, 0.67], [0.02, 0.96, 0.0], [0.18, 0.23, 0.79], [9.35, 5.46, 2.53], [0.73, 3.46, 0.27], [0.08, 3.9, 0.44], [0.27, 2.61, 0.2], [0.05, 1.68, 0.0], [0.51, 0.36, 1.23], [0.1, 3.45, 0.0], [7.41, 4.42, 0.93], [2.63, 4.1, 0.35]]","[158, 166, 181, 187, 186, 194, 205, 211, 159, 190, 182, 162, 201, 216, 198, 199, 197, 174, 189, 202, 137, 170, 179, 150, 169, 203, 206, 207, 215, 133, 184, 196]",15.6
254,1788358469241440353,307200,74889,36,30,161.5,"[8.3, 26.4, 27.4, 28.7, 29.4, 31.8, 32.1, 34.2, 34.7, 36.0, 36.8, 37.9, 38.8, 38.9, 40.7, 42.8, 70.6, 82.1, 87.7, 88.3, 88.5, 93.0, 93.0, 101.4, 106.7, 109.6, 113.6, 140.6, 154.0, 161.5]","['RAIL', 'NEAR', 'NEAR', 'NEAR', 'NEAR', 'NEAR', 'NEAR', 'NEAR', 'RAIL', 'NEAR', 'INSIDE', 'INSIDE', 'NEAR', 'NEAR', 'INSIDE', 'INSIDE', 'INSIDE', 'INSIDE', 'OUTSIDE', 'INSIDE', 'INSIDE', 'OUTSIDE', 'OUTSIDE', 'INSIDE', 'INSIDE', 'INSIDE', 'OUTSIDE', 'INSIDE', 'OUTSIDE', 'INSIDE']","[[0.82, 0.21, 0.36], [0.74, 0.03, 1.39], [0.47, 0.05, 1.58], [0.36, 0.08, 1.54], [0.39, 0.03, 1.5], [1.19, 0.07, 1.37], [0.38, 0.05, 1.46], [0.37, 0.05, 1.5], [0.08, 0.4, 1.01], [0.87, 1.12, 0.29], [1.02, 2.89, 0.31], [0.77, 1.2, 0.06], [0.67, 0.9, 0.24], [0.47, 0.87, 0.04], [0.07, 1.44, 0.01], [0.56, 2.89, 0.04], [0.09, 2.59, 0.0], [1.34, 4.91, 2.17], [0.5, 0.18, 0.78], [0.05, 0.62, 0.0], [7.45, 5.08, 2.26], [0.09, 0.27, 0.78], [0.66, 0.51, 1.39], [1.57, 3.73, 0.42], [0.13, 2.79, 0.0], [0.28, 1.59, 0.48], [0.54, 0.22, 0.76], [8.98, 4.52, 0.69], [0.8, 0.32, 0.32], [5.01, 4.36, 1.35]]","[158, 187, 186, 194, 195, 211, 205, 159, 202, 182, 174, 162, 181, 216, 166, 199, 89, 144, 164, 150, 154, 179, 127, 139, 207, 206, 215, 185, 171, 196]",18.2
255,1788358469340044351,307200,75261,26,22,173.6,"[8.0, 20.6, 24.9, 31.5, 34.4, 37.0, 38.1, 39.9, 39.9, 40.2, 41.1, 42.3, 48.6, 81.9, 88.3, 92.7, 101.8, 109.4, 113.3, 134.0, 143.9, 173.6]","['RAIL', 'NEAR', 'NEAR', 'NEAR', 'NEAR', 'NEAR', 'INSIDE', 'NEAR', 'RAIL', 'INSIDE', 'INSIDE', 'INSIDE', 'INSIDE', 'INSIDE', 'OUTSIDE', 'INSIDE', 'INSIDE', 'INSIDE', 'OUTSIDE', 'INSIDE', 'OUTSIDE', 'INSIDE']","[[0.73, 0.26, 0.32], [2.61, 0.06, 2.07], [2.01, 0.08, 1.46], [1.57, 0.07, 1.74], [1.28, 0.11, 1.69], [1.45, 0.09, 1.67], [0.14, 0.79, 0.19], [0.75, 1.18, 0.25], [0.33, 0.26, 0.86], [0.17, 2.13, 0.01], [0.45, 1.4, 0.03], [0.09, 1.29, 0.01], [0.28, 1.39, 0.02], [1.59, 4.61, 2.04], [0.13, 0.21, 0.78], [9.5, 5.44, 2.45], [0.06, 3.56, 0.0], [0.09, 3.88, 0.48], [0.63, 0.22, 1.22], [6.46, 4.24, 0.92], [1.78, 0.35, 0.27], [4.28, 3.97, 0.37]]","[158, 181, 187, 194, 209, 159, 175, 182, 190, 201, 197, 189, 202, 144, 179, 154, 139, 206, 215, 184, 185, 208]",16.9
256,1788358469441044090,307200,75592,27,22,164.5,"[7.6, 23.2, 25.5, 31.8, 33.2, 33.7, 36.7, 39.8, 41.8, 47.8, 68.1, 81.2, 88.1, 91.0, 92.3, 96.9, 102.9, 109.1, 112.9, 115.3, 136.5, 164.5]","['RAIL', 'NEAR', 'NEAR', 'NEAR', 'NEAR', 'NEAR', 'NEAR', 'RAIL', 'NEAR', 'INSIDE', 'INSIDE', 'OUTSIDE', 'INSIDE', 'OUTSIDE', 'INSIDE', 'INSIDE', 'INSIDE', 'INSIDE', 'OUTSIDE', 'INSIDE', 'INSIDE', 'INSIDE']","[[0.77, 0.23, 0.29], [1.63, 0.1, 1.36], [1.43, 0.1, 1.97], [3.33, 0.11, 1.83], [1.33, 0.13, 1.27], [1.15, 0.09, 1.66], [0.92, 0.94, 0.24], [1.25, 0.47, 0.94], [0.54, 0.97, 0.26], [1.32, 2.78, 0.1], [1.13, 2.16, 0.04], [1.22, 0.27, 0.88], [0.13, 1.75, 0.0], [0.17, 0.22, 0.78], [9.58, 5.45, 2.48], [0.12, 3.86, 0.44], [0.46, 3.45, 0.2], [0.07, 2.47, 0.0], [0.45, 0.35, 1.22], [0.11, 3.42, 0.0], [7.35, 4.57, 0.89], [3.0, 3.81, 0.69]]","[158, 181, 187, 194, 209, 159, 188, 190, 182, 199, 89, 137, 170, 179, 154, 203, 139, 206, 215, 133, 184, 196]",21.1
257,1788358469539224357,307200,75949,28,20,161.8,"[7.3, 23.2, 25.6, 26.5, 32.7, 33.0, 35.0, 36.5, 38.0, 39.6, 41.4, 87.0, 87.6, 92.0, 101.9, 108.7, 112.7, 140.0, 142.4, 161.8]","['RAIL', 'NEAR', 'NEAR', 'NEAR', 'NEAR', 'NEAR', 'NEAR', 'NEAR', 'INSIDE', 'INSIDE', 'INSIDE', 'OUTSIDE', 'OUTSIDE', 'INSIDE', 'INSIDE', 'INSIDE', 'OUTSIDE', 'NEAR', 'OUTSIDE', 'INSIDE']","[[0.79, 0.22, 0.3], [3.08, 0.09, 1.96], [0.38, 0.03, 1.24], [1.3, 0.08, 1.81], [0.36, 0.05, 1.58], [0.97, 0.04, 1.81], [1.03, 0.11, 1.65], [1.03, 1.14, 0.22], [1.15, 1.63, 0.3], [0.48, 2.22, 0.05], [1.21, 2.75, 0.09], [1.22, 0.34, 0.77], [0.08, 0.16, 0.78], [9.34, 5.41, 2.44], [1.55, 3.76, 0.43], [0.08, 3.86, 0.47], [0.7, 0.22, 0.97], [1.08, 0.09, 0.66], [3.45, 0.35, 0.64], [2.56, 3.78, 0.66]]","[158, 181, 186, 194, 195, 209, 159, 188, 182, 198, 199, 164, 179, 154, 139, 206, 215, 184, 185, 196]",17.0
258,1788358469643028027,307200,76348,29,24,171.8,"[7.0, 27.0, 27.7, 28.2, 31.8, 33.7, 35.9, 37.6, 37.6, 39.3, 39.8, 41.1, 46.4, 49.1, 80.6, 87.4, 91.7, 101.5, 106.9, 108.4, 112.4, 141.5, 160.3, 171.8]","['RAIL', 'NEAR', 'NEAR', 'NEAR', 'NEAR', 'NEAR', 'RAIL', 'RAIL', 'RAIL', 'OUTSIDE', 'INSIDE', 'INSIDE', 'NEAR', 'INSIDE', 'INSIDE', 'OUTSIDE', 'INSIDE', 'INSIDE', 'INSIDE', 'INSIDE', 'OUTSIDE', 'INSIDE', 'INSIDE', 'OUTSIDE']","[[0.83, 0.25, 0.36], [0.68, 0.06, 1.41], [1.49, 0.07, 1.81], [0.34, 0.07, 1.32], [1.2, 0.06, 1.54], [1.44, 0.15, 1.72], [1.01, 0.3, 0.77], [0.23, 0.49, 0.16], [0.08, 0.39, 1.08], [1.01, 0.55, 0.38], [0.77, 1.18, 0.07], [0.17, 0.89, 0.02], [0.53, 1.29, 0.03], [0.61, 1.56, 0.06], [1.81, 4.41, 1.78], [0.11, 0.26, 0.77], [9.44, 5.39, 2.42], [1.24, 3.75, 0.4], [0.07, 3.55, 0.0], [0.13, 3.85, 0.47], [0.72, 0.22, 0.75], [4.66, 4.48, 0.67], [5.04, 4.32, 1.34], [2.45, 2.16, 0.35]]","[158, 187, 194, 195, 209, 159, 190, 202, 201, 216, 174, 166, 189, 182, 144, 179, 154, 139, 207, 206, 215, 185, 196, 208]",17.1
259,1788358469739768752,307200,76337,33,30,174.2,"[6.7, 24.9, 26.0, 26.7, 30.9, 32.8, 33.2, 34.2, 35.3, 36.2, 36.8, 37.3, 38.9, 39.6, 40.4, 40.7, 41.3, 46.4, 87.0, 90.0, 91.4, 96.0, 102.0, 103.5, 108.1, 112.0, 114.4, 144.1, 162.9, 174.2]","['RAIL', 'NEAR', 'NEAR', 'NEAR', 'NEAR', 'NEAR', 'NEAR', 'INSIDE', 'RAIL', 'INSIDE', 'RAIL', 'RAIL', 'RAIL', 'NEAR', 'INSIDE', 'INSIDE', 'INSIDE', 'INSIDE', 'INSIDE', 'OUTSIDE', 'INSIDE', 'INSIDE', 'INSIDE', 'OUTSIDE', 'INSIDE', 'OUTSIDE', 'INSIDE', 'INSIDE', 'INSIDE', 'INSIDE']","[[0.82, 0.19, 0.27], [1.52, 0.06, 1.54], [2.14, 0.07, 1.96], [0.59, 0.05, 1.78], [0.64, 0.02, 1.36], [1.19, 0.06, 1.54], [0.46, 0.07, 1.4], [0.47, 0.1, 1.45], [0.14, 0.02, 0.88], [0.82, 1.47, 0.27], [0.2, 0.42, 0.41], [0.28, 0.43, 0.16], [1.07, 0.39, 1.12], [1.12, 1.09, 0.23], [1.02, 2.98, 0.36], [0.78, 2.28, 0.08], [0.16, 2.86, 0.01], [0.27, 1.38, 0.02], [0.1, 1.88, 0.0], [0.16, 0.27, 0.77], [9.27, 5.39, 2.47], [0.28, 3.83, 0.43], [0.44, 3.95, 0.42], [0.13, 1.48, 0.19], [0.1, 3.02, 0.0], [0.51, 0.35, 1.21], [0.09, 3.4, 0.0], [4.95, 3.94, 0.7], [1.81, 4.08, 0.68], [2.95, 3.97, 0.38]]","[158, 181, 187, 186, 194, 205, 195, 159, 211, 188, 189, 202, 201, 216, 197, 198, 199, 166, 170, 179, 154, 203, 139, 207, 206, 215, 133, 185, 196, 208]",17.5
260,1788358469842218175,307200,76515,28,23,172.6,"[6.4, 29.8, 31.3, 32.9, 35.5, 37.0, 38.7, 39.5, 40.7, 46.3, 48.3, 80.0, 86.6, 89.7, 91.1, 101.6, 103.2, 107.8, 111.8, 114.1, 123.6, 162.2, 172.6]","['RAIL', 'NEAR', 'NEAR', 'NEAR', 'NEAR', 'NEAR', 'RAIL', 'RAIL', 'RAIL', 'INSIDE', 'INSIDE', 'OUTSIDE', 'INSIDE', 'OUTSIDE', 'INSIDE', 'INSIDE', 'NEAR', 'INSIDE', 'OUTSIDE', 'INSIDE', 'INSIDE', 'INSIDE', 'INSIDE']","[[0.81, 0.18, 0.33], [2.42, 0.07, 1.96], [1.47, 0.08, 1.78], [0.36, 0.1, 1.6], [1.63, 0.12, 1.96], [1.42, 0.09, 1.59], [0.59, 0.41, 0.72], [0.74, 0.51, 0.32], [0.62, 0.27, 0.63], [0.64, 1.34, 0.06], [0.07, 2.4, 0.01], [1.02, 0.22, 1.07], [0.13, 1.72, 0.0], [0.13, 0.32, 0.77], [9.32, 5.37, 2.45], [0.46, 3.93, 0.42], [0.02, 1.44, 0.0], [0.05, 3.58, 0.0], [0.6, 0.22, 1.2], [0.09, 3.39, 0.0], [3.21, 4.02, 1.67], [2.53, 3.77, 0.67], [5.34, 3.66, 0.38]]","[158, 187, 186, 195, 205, 211, 189, 202, 190, 162, 166, 137, 170, 179, 154, 139, 207, 206, 215, 133, 221, 196, 208]",21.2
261,1788358469942667418,307200,75827,32,29,169.0,"[6.1, 23.2, 23.3, 25.3, 29.6, 30.3, 31.0, 31.7, 32.7, 33.4, 33.8, 35.1, 35.9, 35.9, 36.7, 37.6, 38.7, 39.0, 40.4, 85.8, 86.5, 90.8, 100.2, 107.3, 111.5, 121.8, 140.6, 159.4, 169.0]","['RAIL', 'NEAR', 'NEAR', 'NEAR', 'NEAR', 'NEAR', 'NEAR', 'NEAR', 'INSIDE', 'RAIL', 'NEAR', 'INSIDE', 'INSIDE', 'INSIDE', 'INSIDE', 'INSIDE', 'INSIDE', 'INSIDE', 'OUTSIDE', 'OUTSIDE', 'OUTSIDE', 'INSIDE', 'INSIDE', 'INSIDE', 'OUTSIDE', 'INSIDE', 'INSIDE', 'INSIDE', 'INSIDE']","[[0.88, 0.23, 0.32], [0.59, 0.06, 1.33], [0.7, 0.02, 1.3], [0.35, 0.03, 1.34], [1.24, 0.1, 1.76], [0.4, 0.08, 1.84], [0.89, 0.03, 1.96], [1.63, 0.11, 1.69], [0.86, 2.09, 0.24], [0.33, 0.43, 0.16], [0.35, 0.89, 0.04], [0.38, 1.74, 0.02], [0.59, 1.24, 0.05], [0.07, 2.38, 0.01], [0.11, 2.23, 0.01], [0.45, 0.66, 0.15], [0.24, 1.06, 0.02], [0.46, 2.89, 0.32], [0.3, 0.89, 0.02], [1.11, 0.34, 0.57], [0.1, 0.26, 0.77], [9.56, 5.35, 2.41], [2.64, 4.03, 0.46], [0.4, 3.75, 0.01], [0.68, 0.22, 1.2], [1.32, 3.84, 1.67], [4.59, 4.46, 1.36], [5.03, 4.3, 1.35], [6.15, 4.47, 0.84]]","[158, 181, 187, 186, 194, 195, 205, 211, 188, 202, 216, 199, 162, 166, 209, 198, 182, 201, 197, 164, 179, 154, 139, 206, 215, 221, 184, 196, 208]",23.5
262,1788358470042834795,307200,75006,29,25,173.3,"[5.9, 23.9, 32.3, 34.9, 36.4, 37.3, 38.0, 40.1, 40.9, 41.1, 86.2, 89.2, 90.5, 90.7, 93.3, 95.1, 101.1, 102.7, 107.2, 111.2, 113.7, 123.0, 143.3, 161.6, 173.3]","['RAIL', 'NEAR', 'NEAR', 'NEAR', 'NEAR', 'NEAR', 'INSIDE', 'INSIDE', 'INSIDE', 'INSIDE', 'INSIDE', 'OUTSIDE', 'INSIDE', 'INSIDE', 'INSIDE', 'INSIDE', 'INSIDE', 'OUTSIDE', 'INSIDE', 'OUTSIDE', 'INSIDE', 'INSIDE', 'INSIDE', 'INSIDE', 'INSIDE']","[[0.94, 0.25, 0.3], [2.1, 0.06, 1.37], [1.41, 0.06, 1.48], [0.34, 0.05, 1.75], [1.26, 0.06, 1.58], [1.55, 0.12, 1.48], [1.08, 1.73, 0.2], [0.1, 2.35, 0.01], [0.41, 0.87, 0.03], [0.81, 2.42, 0.05], [0.17, 2.02, 0.0], [0.15, 0.32, 0.76], [0.16, 2.99, 0.42], [9.59, 5.41, 2.45], [0.06, 3.48, 0.0], [3.37, 4.21, 1.44], [0.46, 3.91, 0.42], [0.07, 1.65, 0.19], [0.19, 3.56, 0.0], [0.44, 0.35, 1.2], [0.35, 3.84, 0.49], [3.2, 4.0, 1.68], [4.95, 3.66, 0.7], [2.48, 3.76, 0.67], [2.94, 3.95, 0.38]]","[158, 187, 194, 195, 205, 211, 188, 209, 159, 202, 170, 179, 222, 154, 169, 203, 139, 207, 206, 215, 133, 221, 185, 196, 208]",23.8
263,1788358470145604776,307200,75275,28,26,172.4,"[5.6, 26.6, 27.3, 32.4, 34.2, 35.5, 36.6, 37.4, 38.7, 40.2, 43.5, 46.9, 86.0, 88.9, 90.3, 91.7, 93.3, 94.8, 100.8, 106.9, 110.9, 113.4, 123.8, 143.0, 161.8, 172.4]","['RAIL', 'NEAR', 'NEAR', 'NEAR', 'NEAR', 'NEAR', 'NEAR', 'RAIL', 'INSIDE', 'INSIDE', 'INSIDE', 'OUTSIDE', 'INSIDE', 'OUTSIDE', 'INSIDE', 'INSIDE', 'INSIDE', 'NEAR', 'INSIDE', 'INSIDE', 'OUTSIDE', 'INSIDE', 'INSIDE', 'INSIDE', 'INSIDE', 'INSIDE']","[[0.7, 0.23, 0.34], [2.0, 0.07, 1.38], [0.41, 0.03, 1.43], [1.14, 0.07, 1.39], [1.04, 0.08, 1.57], [1.27, 0.03, 1.22], [0.88, 0.1, 1.67], [1.02, 0.37, 1.12], [0.5, 1.11, 0.2], [0.54, 1.95, 0.03], [0.12, 1.67, 0.01], [1.55, 1.26, 1.07], [0.17, 1.86, 0.0], [0.15, 0.21, 0.76], [9.67, 5.4, 2.44], [0.72, 3.51, 0.26], [0.07, 3.64, 0.0], [0.59, 0.51, 1.01], [0.5, 3.9, 0.42], [0.14, 3.55, 0.0], [0.48, 0.35, 1.19], [0.29, 3.83, 0.49], [5.41, 4.16, 1.68], [4.87, 3.91, 0.7], [1.71, 2.91, 0.67], [1.82, 3.94, 0.37]]","[158, 187, 186, 194, 205, 211, 159, 197, 174, 189, 213, 182, 170, 179, 154, 222, 169, 127, 139, 206, 215, 133, 221, 185, 196, 208]",24.6
264,1788358470238801913,307200,75537,36,30,170.0,"[5.3, 19.3, 24.9, 25.9, 27.6, 28.8, 29.3, 30.2, 32.2, 32.2, 34.1, 34.4, 35.8, 38.4, 46.6, 48.0, 81.0, 86.1, 88.6, 89.9, 91.4, 97.2, 100.5, 106.5, 110.7, 113.1, 121.0, 139.7, 158.5, 170.0]","['RAIL', 'NEAR', 'NEAR', 'NEAR', 'NEAR', 'NEAR', 'INSIDE', 'RAIL', 'INSIDE', 'INSIDE', 'INSIDE', 'INSIDE', 'INSIDE', 'INSIDE', 'INSIDE', 'OUTSIDE', 'OUTSIDE', 'INSIDE', 'OUTSIDE', 'INSIDE', 'INSIDE', 'NEAR', 'INSIDE', 'INSIDE', 'OUTSIDE', 'INSIDE', 'INSIDE', 'INSIDE', 'INSIDE', 'OUTSIDE']","[[0.71, 0.21, 0.33], [1.79, 0.07, 1.38], [1.48, 0.08, 2.0], [3.2, 0.18, 1.98], [1.06, 0.98, 0.22], [0.29, 0.04, 1.43], [0.18, 0.98, 0.23], [0.44, 0.19, 0.29], [0.82, 1.24, 0.43], [1.4, 2.62, 0.19], [0.81, 2.86, 0.07], [1.12, 2.98, 0.27], [0.07, 2.38, 0.0], [0.57, 1.61, 0.03], [0.26, 1.46, 0.02], [0.17, 1.5, 0.01], [0.2, 0.44, 0.38], [0.08, 1.85, 0.0], [0.14, 0.21, 0.76], [8.89, 5.37, 2.4], [0.66, 3.5, 0.26], [1.47, 0.19, 0.87], [0.43, 3.88, 0.42], [0.4, 3.97, 0.67], [0.63, 0.22, 1.19], [0.4, 3.82, 0.49], [1.17, 4.03, 1.66], [4.79, 4.58, 0.65], [5.07, 4.29, 1.34], [2.46, 2.44, 0.35]]","[158, 187, 186, 211, 175, 194, 216, 190, 162, 174, 182, 166, 201, 189, 181, 198, 137, 170, 179, 154, 222, 169, 139, 206, 215, 133, 221, 184, 196, 208]",18.0
265,1788358470336214965,307200,75715,27,25,160.1,"[5.1, 25.0, 32.6, 33.9, 35.4, 35.7, 35.8, 37.2, 39.3, 45.1, 47.9, 85.5, 88.4, 89.8, 91.8, 94.3, 97.1, 100.8, 101.8, 106.4, 110.4, 112.9, 122.1, 142.5, 160.1]","['RAIL', 'NEAR', 'NEAR', 'NEAR', 'NEAR', 'NEAR', 'RAIL', 'RAIL', 'INSIDE', 'INSIDE', 'NEAR', 'INSIDE', 'RAIL', 'INSIDE', 'INSIDE', 'INSIDE', 'NEAR', 'OUTSIDE', 'INSIDE', 'INSIDE', 'OUTSIDE', 'INSIDE', 'INSIDE', 'INSIDE', 'INSIDE']","[[0.91, 0.2, 0.36], [4.49, 0.09, 2.0], [0.46, 0.04, 1.41], [0.82, 0.04, 1.78], [1.53, 0.08, 1.97], [1.09, 0.93, 0.34], [1.02, 0.4, 0.99], [0.47, 0.19, 0.29], [1.17, 2.63, 0.08], [0.08, 2.13, 0.01], [0.37, 0.99, 0.03], [0.12, 1.85, 0.0], [0.22, 0.24, 0.98], [9.88, 5.39, 2.43], [1.88, 4.17, 0.83], [0.05, 3.45, 0.0], [2.74, 0.23, 1.7], [0.15, 1.64, 0.19], [0.99, 4.04, 0.42], [0.14, 3.96, 0.47], [0.51, 0.35, 1.19], [0.46, 3.61, 0.49], [3.15, 3.97, 1.67], [4.82, 3.89, 0.69], [1.35, 4.02, 0.65]]","[158, 187, 194, 205, 211, 216, 189, 190, 199, 201, 209, 170, 179, 154, 222, 203, 169, 207, 139, 206, 215, 133, 221, 185, 196]",21.7
266,1788358470439258704,307200,76002,34,31,172.2,"[4.8, 22.8, 24.0, 24.5, 25.5, 31.4, 33.8, 35.5, 35.7, 36.3, 39.1, 40.5, 41.9, 43.5, 44.5, 80.7, 85.6, 88.1, 89.5, 89.7, 91.3, 93.9, 100.3, 100.7, 103.1, 110.1, 112.5, 121.9, 142.2, 161.0, 172.2]","['RAIL', 'NEAR', 'NEAR', 'NEAR', 'NEAR', 'NEAR', 'OUTSIDE', 'RAIL', 'INSIDE', 'INSIDE', 'INSIDE', 'INSIDE', 'NEAR', 'INSIDE', 'INSIDE', 'OUTSIDE', 'INSIDE', 'RAIL', 'INSIDE', 'INSIDE', 'INSIDE', 'INSIDE', 'INSIDE', 'INSIDE', 'INSIDE', 'OUTSIDE', 'INSIDE', 'INSIDE', 'INSIDE', 'INSIDE', 'INSIDE']","[[0.88, 0.21, 0.35], [2.36, 0.08, 1.85], [1.38, 0.08, 2.01], [2.39, 0.06, 1.85], [1.63, 0.1, 1.97], [0.78, 0.92, 0.25], [1.03, 0.56, 0.22], [0.47, 0.4, 0.48], [0.72, 2.96, 0.08], [0.59, 1.73, 0.04], [0.57, 2.15, 0.06], [0.4, 2.12, 0.02], [0.54, 0.97, 0.03], [0.35, 1.03, 0.02], [0.92, 1.42, 0.06], [0.7, 0.45, 1.23], [0.14, 2.0, 0.0], [0.22, 0.27, 0.98], [0.26, 2.96, 0.41], [8.89, 5.39, 2.43], [0.12, 1.75, 0.0], [0.35, 4.01, 1.46], [0.07, 0.87, 0.0], [1.89, 2.65, 0.44], [0.04, 1.8, 0.0], [0.46, 0.35, 1.18], [0.13, 3.54, 0.0], [3.21, 3.96, 1.67], [4.88, 4.38, 0.69], [1.77, 4.02, 0.67], [2.99, 4.22, 0.37]]","[158, 187, 186, 195, 211, 188, 216, 189, 174, 199, 182, 213, 209, 202, 159, 137, 170, 179, 222, 154, 127, 203, 139, 207, 206, 215, 133, 221, 185, 196, 208]",22.3
267,1788358470542071825,307200,76286,28,25,142.9,"[4.5, 28.5, 30.1, 33.1, 34.1, 36.6, 37.2, 37.3, 38.7, 40.7, 41.6, 43.3, 80.4, 85.1, 87.9, 89.2, 89.4, 90.7, 93.5, 100.2, 105.9, 109.8, 112.2, 121.6, 142.9]","['RAIL', 'NEAR', 'NEAR', 'NEAR', 'NEAR', 'NEAR', 'INSIDE', 'INSIDE', 'INSIDE', 'INSIDE', 'INSIDE', 'NEAR', 'OUTSIDE', 'INSIDE', 'OUTSIDE', 'INSIDE', 'INSIDE', 'INSIDE', 'INSIDE', 'INSIDE', 'INSIDE', 'OUTSIDE', 'INSIDE', 'INSIDE', 'INSIDE']","[[0.72, 0.18, 0.31], [4.66, 0.08, 2.05], [0.38, 0.04, 1.67], [0.65, 0.06, 1.44], [1.39, 0.06, 1.84], [1.66, 0.11, 1.59], [0.35, 1.04, 0.35], [0.11, 1.96, 0.01], [0.43, 2.48, 0.03], [0.27, 1.21, 0.02], [0.5, 2.23, 0.99], [0.47, 0.84, 0.03], [0.71, 0.45, 0.57], [0.16, 1.99, 0.0], [0.12, 0.31, 0.75], [0.27, 2.95, 0.41], [8.66, 5.36, 2.42], [0.72, 3.47, 0.26], [0.54, 3.89, 0.43], [1.37, 3.68, 0.4], [0.12, 4.11, 0.46], [0.51, 0.24, 1.18], [0.11, 3.33, 0.0], [3.22, 3.96, 1.66], [6.67, 4.46, 0.97]]","[158, 187, 186, 194, 195, 211, 199, 209, 202, 213, 198, 159, 137, 170, 179, 222, 154, 127, 203, 207, 206, 215, 133, 221, 185]",19.2
268,1788358470639421261,307200,76584,32,28,171.7,"[4.3, 26.9, 28.0, 31.9, 33.3, 33.4, 34.7, 36.9, 37.0, 37.2, 38.8, 46.1, 46.9, 85.0, 87.5, 89.0, 89.1, 90.4, 93.5, 100.2, 100.6, 102.6, 109.6, 112.0, 119.9, 142.6, 158.1, 171.7]","['RAIL', 'NEAR', 'NEAR', 'NEAR', 'NEAR', 'NEAR', 'RAIL', 'INSIDE', 'INSIDE', 'INSIDE', 'NEAR', 'INSIDE', 'INSIDE', 'INSIDE', 'RAIL', 'INSIDE', 'INSIDE', 'INSIDE', 'INSIDE', 'INSIDE', 'INSIDE', 'INSIDE', 'OUTSIDE', 'INSIDE', 'OUTSIDE', 'INSIDE', 'INSIDE', 'INSIDE']","[[0.77, 0.26, 0.31], [0.44, 0.03, 1.34], [1.27, 0.08, 1.67], [2.46, 0.11, 1.85], [0.64, 0.08, 1.73], [1.01, 0.09, 1.53], [0.45, 0.48, 0.3], [0.08, 2.97, 0.01], [0.5, 1.44, 0.03], [1.13, 1.56, 0.1], [0.25, 1.04, 0.02], [0.38, 0.98, 0.02], [1.1, 1.66, 0.11], [0.05, 0.92, 0.0], [0.24, 0.24, 0.98], [0.06, 2.8, 0.0], [8.73, 5.42, 2.41], [0.71, 3.46, 0.26], [0.24, 3.99, 1.26], [1.87, 2.81, 0.44], [1.71, 1.48, 1.27], [0.05, 1.43, 0.0], [0.42, 0.19, 1.18], [0.09, 3.32, 0.0], [0.16, 0.42, 1.39], [6.6, 4.45, 0.97], [6.41, 3.72, 1.35], [2.95, 4.21, 0.37]]","[158, 186, 194, 195, 205, 211, 197, 199, 213, 162, 201, 190, 198, 170, 179, 222, 154, 127, 203, 207, 139, 206, 215, 133, 221, 185, 196, 208]",18.5
269,1788358470735691258,307200,76829,30,23,171.5,"[4.0, 27.2, 29.8, 30.9, 31.6, 34.2, 34.5, 37.2, 49.0, 83.0, 84.3, 88.7, 89.3, 93.7, 100.8, 102.4, 103.9, 109.3, 111.8, 119.6, 143.3, 159.8, 171.5]","['RAIL', 'NEAR', 'NEAR', 'NEAR', 'INSIDE', 'INSIDE', 'INSIDE', 'INSIDE', 'INSIDE', 'INSIDE', 'RAIL', 'INSIDE', 'INSIDE', 'INSIDE', 'INSIDE', 'INSIDE', 'OUTSIDE', 'OUTSIDE', 'INSIDE', 'OUTSIDE', 'INSIDE', 'INSIDE', 'INSIDE']","[[0.78, 0.24, 0.34], [4.45, 0.08, 1.9], [0.37, 0.03, 1.45], [3.71, 0.16, 1.85], [0.34, 1.77, 0.03], [0.29, 1.51, 0.02], [0.11, 0.86, 0.01], [0.18, 1.18, 0.01], [0.11, 2.15, 0.01], [2.56, 2.13, 0.71], [0.22, 0.4, 0.97], [1.09, 3.77, 0.4], [9.51, 5.35, 2.4], [1.02, 3.98, 1.45], [0.27, 3.5, 0.42], [0.05, 1.97, 0.0], [0.12, 0.95, 0.84], [0.44, 0.24, 1.18], [0.14, 3.51, 0.0], [0.17, 0.42, 1.38], [4.84, 4.44, 0.97], [2.6, 4.01, 0.66], [2.92, 3.91, 0.37]]","[158, 186, 205, 195, 166, 162, 218, 181, 201, 137, 179, 222, 154, 203, 207, 206, 139, 215, 133, 221, 185, 196, 208]",22.6
270,1788358470837612689,307200,77048,30,25,171.2,"[3.8, 27.2, 29.6, 31.3, 32.2, 32.3, 33.1, 34.4, 36.1, 36.7, 37.9, 43.6, 47.5, 88.5, 93.1, 98.6, 100.6, 102.1, 103.7, 109.1, 119.4, 131.0, 142.1, 160.0, 171.2]","['RAIL', 'NEAR', 'NEAR', 'NEAR', 'NEAR', 'NEAR', 'RAIL', 'RAIL', 'INSIDE', 'INSIDE', 'INSIDE', 'INSIDE', 'NEAR', 'RAIL', 'INSIDE', 'OUTSIDE', 'INSIDE', 'INSIDE', 'OUTSIDE', 'OUTSIDE', 'OUTSIDE', 'INSIDE', 'INSIDE', 'INSIDE', 'INSIDE']","[[0.76, 0.23, 0.29], [1.01, 0.07, 1.34], [0.82, 0.04, 1.39], [0.57, 0.06, 2.03], [0.99, 0.06, 1.84], [1.4, 0.07, 1.58], [0.37, 0.41, 0.07], [0.47, 0.18, 0.62], [0.22, 1.14, 0.02], [0.08, 2.73, 0.01], [0.2, 1.33, 0.02], [0.07, 1.22, 0.01], [0.59, 0.87, 0.04], [0.19, 0.4, 0.97], [0.21, 3.88, 0.42], [1.7, 0.47, 0.24], [0.72, 3.72, 1.29], [0.06, 1.96, 0.0], [0.13, 1.67, 0.84], [0.4, 0.19, 1.17], [0.16, 0.42, 1.38], [4.06, 4.59, 0.89], [6.67, 4.44, 0.97], [1.71, 3.99, 0.66], [2.87, 4.2, 0.37]]","[158, 186, 194, 205, 195, 211, 197, 190, 166, 181, 162, 202, 201, 179, 203, 207, 206, 139, 215, 133, 221, 227, 185, 196, 208]",23.5
271,1788358470939450733,307200,77174,29,24,171.0,"[3.6, 23.1, 23.8, 29.6, 29.6, 32.7, 34.1, 35.6, 37.8, 43.4, 49.5, 82.5, 83.1, 88.3, 88.9, 92.9, 101.9, 103.3, 108.9, 119.2, 131.5, 145.2, 159.8, 171.0]","['RAIL', 'NEAR', 'NEAR', 'NEAR', 'NEAR', 'NEAR', 'OUTSIDE', 'INSIDE', 'INSIDE', 'INSIDE', 'NEAR', 'OUTSIDE', 'RAIL', 'INSIDE', 'INSIDE', 'INSIDE', 'INSIDE', 'OUTSIDE', 'OUTSIDE', 'OUTSIDE', 'INSIDE', 'INSIDE', 'INSIDE', 'INSIDE']","[[0.77, 0.16, 0.3], [1.5, 0.07, 1.39], [0.47, 0.05, 1.87], [1.38, 0.05, 1.51], [1.62, 0.1, 1.58], [0.43, 1.05, 0.21], [0.29, 0.49, 0.24], [0.34, 1.35, 0.03], [0.16, 0.86, 0.01], [0.11, 1.21, 0.01], [0.14, 0.83, 0.01], [2.61, 1.37, 0.74], [0.19, 0.39, 0.97], [1.02, 3.75, 0.4], [10.7, 5.35, 2.39], [0.28, 3.87, 0.42], [0.08, 3.56, 0.0], [0.3, 1.84, 0.84], [0.44, 0.34, 1.17], [0.16, 0.23, 1.38], [5.53, 4.6, 0.91], [9.78, 4.43, 0.99], [1.76, 4.28, 0.66], [2.95, 3.9, 0.37]]","[158, 186, 205, 195, 211, 188, 216, 166, 218, 202, 198, 137, 179, 222, 154, 203, 139, 215, 133, 221, 227, 185, 196, 208]",20.0
272,1788358471041204184,307200,77322,25,22,170.8,"[3.3, 25.8, 30.9, 35.5, 36.1, 37.6, 46.1, 49.5, 82.4, 83.1, 88.1, 88.9, 92.8, 94.1, 96.1, 102.5, 108.6, 118.9, 132.2, 144.4, 160.1, 170.8]","['RAIL', 'NEAR', 'NEAR', 'INSIDE', 'INSIDE', 'INSIDE', 'INSIDE', 'INSIDE', 'OUTSIDE', 'RAIL', 'INSIDE', 'INSIDE', 'INSIDE', 'INSIDE', 'NEAR', 'INSIDE', 'OUTSIDE', 'OUTSIDE', 'INSIDE', 'INSIDE', 'INSIDE', 'INSIDE']","[[0.8, 0.2, 0.32], [1.54, 0.08, 1.5], [1.58, 0.11, 1.86], [0.17, 1.18, 0.01], [0.72, 2.42, 0.05], [0.07, 1.45, 0.0], [0.1, 1.21, 0.0], [0.75, 1.35, 0.08], [2.51, 0.48, 0.74], [0.22, 0.39, 0.97], [10.18, 5.3, 2.32], [1.47, 3.76, 0.43], [0.5, 3.59, 1.44], [0.08, 3.45, 0.0], [1.07, 0.02, 0.47], [1.59, 3.97, 0.84], [0.42, 0.24, 1.17], [0.17, 0.05, 1.62], [7.32, 4.42, 0.91], [8.54, 4.38, 1.4], [2.9, 4.24, 0.67], [2.96, 3.6, 0.37]]","[158, 195, 211, 181, 199, 213, 218, 182, 137, 179, 154, 222, 203, 127, 169, 139, 133, 221, 227, 185, 196, 208]",20.2
273,1788358471142017664,307200,77776,29,25,170.6,"[3.1, 32.2, 33.4, 33.7, 35.4, 37.3, 45.9, 46.9, 49.3, 49.7, 80.6, 82.1, 87.8, 88.5, 92.4, 93.9, 98.1, 101.5, 102.9, 108.4, 118.7, 131.9, 144.2, 159.4, 170.6]","['RAIL', 'NEAR', 'NEAR', 'NEAR', 'NEAR', 'RAIL', 'INSIDE', 'INSIDE', 'INSIDE', 'INSIDE', 'OUTSIDE', 'INSIDE', 'RAIL', 'INSIDE', 'INSIDE', 'INSIDE', 'OUTSIDE', 'INSIDE', 'INSIDE', 'OUTSIDE', 'OUTSIDE', 'INSIDE', 'INSIDE', 'INSIDE', 'INSIDE']","[[0.77, 0.22, 0.31], [1.59, 0.07, 1.88], [0.49, 0.07, 1.7], [1.34, 0.06, 1.47], [1.7, 0.12, 1.86], [0.36, 0.2, 0.78], [0.12, 1.44, 0.01], [0.14, 1.38, 0.01], [0.36, 0.98, 0.02], [0.12, 1.52, 0.01], [2.53, 0.45, 0.73], [11.78, 5.28, 2.45], [0.21, 0.39, 0.96], [1.73, 5.45, 2.36], [0.08, 2.9, 0.0], [0.08, 3.74, 0.84], [1.92, 0.47, 0.24], [0.11, 3.54, 0.0], [0.26, 3.99, 0.84], [0.42, 0.23, 1.17], [0.16, 0.23, 1.37], [7.19, 4.7, 0.9], [8.56, 4.42, 0.99], [1.8, 4.24, 0.66], [2.96, 4.19, 0.37]]","[158, 186, 205, 195, 211, 190, 213, 218, 202, 201, 137, 154, 179, 222, 203, 127, 207, 139, 215, 133, 221, 227, 185, 196, 208]",17.1
274,1788358471236912958,307200,77887,27,22,170.3,"[2.9, 27.1, 30.5, 33.4, 35.8, 36.3, 45.8, 46.5, 49.1, 82.6, 83.8, 87.6, 92.2, 93.6, 102.0, 102.8, 108.2, 118.5, 131.7, 143.6, 159.1, 170.3]","['RAIL', 'NEAR', 'NEAR', 'RAIL', 'INSIDE', 'INSIDE', 'INSIDE', 'INSIDE', 'INSIDE', 'OUTSIDE', 'RAIL', 'INSIDE', 'INSIDE', 'INSIDE', 'OUTSIDE', 'INSIDE', 'OUTSIDE', 'OUTSIDE', 'INSIDE', 'INSIDE', 'INSIDE', 'INSIDE']","[[0.76, 0.23, 0.33], [0.45, 0.07, 1.4], [3.46, 0.12, 1.85], [0.32, 0.52, 0.15], [0.7, 1.72, 0.25], [0.09, 1.6, 0.01], [0.37, 0.96, 0.02], [0.12, 1.37, 0.01], [0.7, 1.15, 0.04], [1.13, 0.45, 0.73], [0.14, 0.39, 0.96], [10.67, 5.44, 2.37], [0.04, 3.22, 0.0], [0.04, 1.14, 0.0], [0.11, 1.65, 0.84], [1.53, 3.53, 0.45], [0.38, 0.23, 1.16], [0.16, 0.23, 1.37], [7.14, 4.68, 0.9], [11.53, 4.41, 0.99], [1.75, 3.95, 0.66], [2.93, 4.18, 0.37]]","[158, 194, 195, 197, 162, 181, 213, 218, 202, 137, 179, 154, 203, 127, 215, 139, 133, 221, 227, 185, 196, 208]",19.3
275,1788358471339899956,307200,77963,26,21,170.1,"[2.7, 32.2, 32.5, 33.3, 33.9, 35.7, 35.9, 46.5, 82.6, 87.4, 89.0, 93.0, 95.4, 97.0, 102.5, 108.0, 118.3, 131.6, 143.7, 153.4, 170.1]","['RAIL', 'NEAR', 'NEAR', 'NEAR', 'RAIL', 'INSIDE', 'INSIDE', 'INSIDE', 'OUTSIDE', 'RAIL', 'INSIDE', 'INSIDE', 'NEAR', 'OUTSIDE', 'INSIDE', 'OUTSIDE', 'OUTSIDE', 'INSIDE', 'INSIDE', 'RAIL', 'OUTSIDE']","[[0.68, 0.24, 0.21], [0.78, 0.04, 1.35], [3.64, 0.12, 1.85], [0.39, 0.1, 1.4], [0.62, 0.42, 0.23], [0.19, 2.6, 0.01], [0.62, 2.02, 0.05], [0.65, 1.33, 0.05], [0.66, 0.15, 0.37], [0.15, 0.29, 0.96], [0.06, 3.57, 0.0], [1.13, 3.75, 0.27], [1.15, 0.04, 0.38], [1.46, 0.47, 0.24], [0.2, 4.13, 0.83], [0.42, 0.34, 1.16], [0.1, 0.19, 1.61], [7.4, 4.69, 0.91], [8.51, 4.36, 1.4], [0.02, 0.27, 0.23], [2.88, 0.89, 0.37]]","[158, 186, 195, 194, 197, 202, 201, 181, 137, 179, 222, 203, 169, 207, 139, 133, 221, 227, 185, 196, 208]",17.7
276,1788358471438965871,307200,78212,31,27,170.6,"[2.7, 29.5, 29.8, 30.9, 31.6, 33.1, 33.7, 34.5, 36.4, 40.6, 41.5, 46.4, 82.1, 87.2, 87.4, 88.8, 92.8, 94.7, 96.9, 102.4, 103.8, 107.8, 118.1, 128.2, 143.5, 153.2, 170.6]","['RAIL', 'NEAR', 'NEAR', 'NEAR', 'NEAR', 'INSIDE', 'INSIDE', 'INSIDE', 'INSIDE', 'INSIDE', 'NEAR', 'NEAR', 'OUTSIDE', 'RAIL', 'OUTSIDE', 'INSIDE', 'INSIDE', 'INSIDE', 'OUTSIDE', 'INSIDE', 'INSIDE', 'OUTSIDE', 'OUTSIDE', 'INSIDE', 'INSIDE', 'RAIL', 'OUTSIDE']","[[0.16, 0.2, 0.23], [1.58, 0.06, 1.87], [0.35, 0.02, 1.18], [1.21, 0.04, 1.72], [1.48, 0.08, 1.84], [0.78, 1.69, 0.07], [0.18, 2.75, 0.01], [0.87, 1.51, 0.08], [0.51, 2.73, 0.04], [0.67, 2.45, 0.04], [0.29, 0.82, 0.02], [0.53, 0.98, 0.03], [1.21, 0.62, 0.73], [0.21, 0.39, 0.96], [0.99, 1.41, 2.14], [0.05, 3.41, 0.0], [1.16, 3.88, 0.43], [0.06, 1.82, 0.0], [1.38, 0.47, 0.39], [0.09, 3.97, 0.83], [0.06, 0.73, 0.0], [0.47, 0.34, 1.16], [0.13, 0.05, 1.61], [13.82, 4.62, 1.03], [8.53, 4.36, 0.71], [0.02, 0.35, 0.23], [4.37, 0.89, 0.38]]","[158, 186, 194, 205, 195, 166, 202, 198, 201, 159, 181, 209, 137, 179, 222, 170, 203, 127, 207, 139, 215, 133, 221, 227, 185, 196, 208]",22.2
277,1788358471536612281,307200,78358,31,25,169.8,"[2.5, 24.7, 29.4, 29.6, 30.9, 31.4, 32.9, 33.8, 34.4, 36.4, 40.6, 41.1, 46.2, 81.3, 82.2, 87.0, 87.9, 93.1, 100.6, 102.1, 107.6, 117.9, 131.2, 143.4, 169.8]","['RAIL', 'NEAR', 'NEAR', 'NEAR', 'NEAR', 'INSIDE', 'INSIDE', 'INSIDE', 'INSIDE', 'INSIDE', 'INSIDE', 'NEAR', 'NEAR', 'OUTSIDE', 'RAIL', 'INSIDE', 'INSIDE', 'INSIDE', 'INSIDE', 'INSIDE', 'OUTSIDE', 'OUTSIDE', 'INSIDE', 'INSIDE', 'INSIDE']","[[0.17, 0.24, 0.26], [1.58, 0.06, 1.85], [1.47, 0.06, 1.65], [0.49, 0.06, 1.23], [1.33, 0.08, 1.54], [1.04, 1.68, 0.1], [0.39, 1.46, 0.03], [0.53, 2.35, 0.04], [0.17, 2.74, 0.01], [1.05, 2.71, 0.06], [0.12, 1.06, 0.01], [0.29, 0.82, 0.02], [0.51, 0.84, 0.03], [0.71, 0.29, 0.72], [0.16, 0.39, 0.95], [11.72, 5.23, 2.48], [1.41, 3.56, 0.42], [0.13, 3.71, 0.83], [0.34, 2.95, 0.19], [0.33, 4.11, 0.83], [0.41, 0.34, 1.16], [0.15, 0.05, 1.61], [7.4, 4.67, 0.88], [8.56, 4.1, 0.71], [2.99, 4.16, 0.37]]","[158, 186, 205, 194, 195, 216, 166, 198, 202, 159, 201, 181, 209, 137, 179, 154, 170, 203, 206, 139, 133, 221, 227, 185, 208]",20.8
278,1788358471639416563,307200,78172,22,17,169.5,"[28.4, 30.8, 35.1, 35.2, 36.3, 36.4, 45.9, 81.7, 86.8, 88.4, 92.9, 101.9, 107.4, 117.7, 131.0, 143.2, 169.5]","['NEAR', 'INSIDE', 'INSIDE', 'INSIDE', 'INSIDE', 'INSIDE', 'INSIDE', 'OUTSIDE', 'RAIL', 'INSIDE', 'INSIDE', 'INSIDE', 'OUTSIDE', 'OUTSIDE', 'INSIDE', 'INSIDE', 'INSIDE']","[[1.6, 0.1, 1.52], [0.32, 1.71, 0.02], [0.33, 2.88, 0.02], [0.52, 0.86, 0.04], [0.4, 1.52, 0.03], [0.14, 0.89, 0.02], [0.34, 1.47, 0.03], [1.22, 0.61, 0.72], [0.22, 0.39, 0.95], [0.04, 3.39, 0.0], [0.14, 3.86, 0.83], [0.25, 3.93, 0.83], [0.36, 0.23, 1.16], [0.14, 0.22, 1.61], [7.4, 4.61, 0.9], [8.54, 4.09, 0.71], [2.92, 4.16, 0.37]]","[195, 198, 202, 199, 211, 166, 201, 137, 179, 170, 203, 139, 133, 221, 227, 185, 208]",17.1
279,1788358471743568691,307200,78368,23,21,172.2,"[25.2, 27.7, 30.9, 32.3, 34.0, 34.9, 36.1, 36.2, 45.9, 81.6, 86.6, 89.2, 92.8, 94.2, 101.7, 103.3, 107.3, 127.6, 145.9, 152.6, 172.2]","['NEAR', 'NEAR', 'NEAR', 'RAIL', 'INSIDE', 'INSIDE', 'INSIDE', 'INSIDE', 'OUTSIDE', 'OUTSIDE', 'RAIL', 'INSIDE', 'INSIDE', 'INSIDE', 'INSIDE', 'INSIDE', 'OUTSIDE', 'INSIDE', 'INSIDE', 'RAIL', 'INSIDE']","[[0.61, 0.07, 1.35], [1.62, 0.07, 2.01], [1.72, 0.09, 1.83], [0.55, 0.52, 0.23], [0.74, 1.47, 0.07], [0.53, 2.83, 0.33], [0.34, 2.08, 0.02], [0.78, 2.94, 0.07], [0.81, 1.5, 0.49], [1.15, 0.47, 0.51], [0.25, 0.39, 0.95], [1.82, 3.77, 1.36], [0.15, 3.4, 0.0], [0.09, 3.29, 0.0], [0.49, 3.35, 0.83], [0.1, 3.42, 0.0], [0.59, 0.23, 0.94], [13.86, 4.66, 1.03], [2.77, 4.26, 1.4], [0.04, 0.27, 0.23], [2.6, 3.9, 0.01]]","[194, 205, 195, 197, 216, 211, 202, 166, 181, 137, 179, 170, 203, 127, 139, 215, 133, 227, 185, 196, 208]",17.8
280,1788358471838621635,307200,78500,19,17,172.0,"[24.3, 25.2, 32.3, 33.4, 34.8, 35.0, 44.6, 81.4, 86.5, 89.0, 93.3, 103.1, 107.0, 116.7, 142.8, 152.4, 172.0]","['NEAR', 'NEAR', 'RAIL', 'RAIL', 'INSIDE', 'INSIDE', 'INSIDE', 'OUTSIDE', 'RAIL', 'INSIDE', 'INSIDE', 'INSIDE', 'OUTSIDE', 'OUTSIDE', 'INSIDE', 'RAIL', 'INSIDE']","[[0.35, 0.08, 1.28], [3.64, 0.13, 2.03], [1.29, 0.3, 0.87], [0.7, 0.59, 0.15], [0.8, 1.47, 0.28], [0.58, 2.1, 0.06], [0.29, 2.45, 0.02], [1.15, 0.45, 0.51], [0.22, 0.35, 0.95], [1.78, 3.76, 1.35], [1.49, 3.74, 0.44], [0.1, 3.6, 0.0], [0.36, 0.37, 0.93], [1.18, 0.43, 1.12], [8.57, 4.09, 0.72], [0.04, 0.35, 0.23], [2.61, 3.89, 0.01]]","[194, 205, 202, 197, 216, 182, 226, 137, 179, 170, 203, 215, 133, 221, 185, 196, 208]",19.1
281,1788358471942378150,307200,78735,28,22,169.0,"[24.4, 24.5, 30.6, 32.1, 33.2, 34.3, 45.7, 81.2, 82.1, 86.3, 87.9, 89.9, 92.4, 93.8, 96.0, 101.4, 102.9, 106.9, 117.1, 131.5, 142.6, 169.0]","['NEAR', 'NEAR', 'RAIL', 'INSIDE', 'INSIDE', 'INSIDE', 'OUTSIDE', 'OUTSIDE', 'RAIL', 'INSIDE', 'INSIDE', 'NEAR', 'INSIDE', 'INSIDE', 'OUTSIDE', 'INSIDE', 'INSIDE', 'OUTSIDE', 'OUTSIDE', 'INSIDE', 'INSIDE', 'INSIDE']","[[1.46, 0.05, 1.57], [0.56, 0.05, 1.29], [0.14, 0.18, 0.14], [2.02, 2.3, 0.23], [0.43, 1.27, 0.02], [0.23, 2.9, 0.02], [0.57, 1.18, 0.06], [1.12, 0.47, 0.72], [0.23, 0.39, 0.95], [9.84, 5.27, 2.47], [0.05, 3.53, 0.0], [1.79, 0.21, 0.58], [0.18, 3.84, 0.82], [0.05, 2.95, 0.0], [1.35, 0.3, 0.39], [0.11, 3.93, 0.83], [0.06, 1.98, 0.0], [0.4, 0.33, 1.15], [0.12, 0.19, 1.6], [11.72, 4.65, 0.9], [8.57, 4.37, 0.98], [2.98, 4.14, 0.37]]","[186, 194, 197, 182, 213, 226, 216, 137, 179, 154, 170, 222, 203, 127, 207, 139, 215, 133, 221, 227, 185, 208]",18.0
282,1788358472040003563,307200,78989,24,22,168.8,"[26.9, 27.6, 28.8, 29.3, 32.0, 32.4, 34.6, 38.7, 43.1, 46.3, 46.3, 81.1, 86.1, 86.3, 87.8, 92.2, 93.7, 101.3, 102.7, 142.5, 152.1, 168.8]","['NEAR', 'NEAR', 'INSIDE', 'INSIDE', 'INSIDE', 'INSIDE', 'INSIDE', 'INSIDE', 'INSIDE', 'INSIDE', 'NEAR', 'OUTSIDE', 'RAIL', 'OUTSIDE', 'INSIDE', 'INSIDE', 'INSIDE', 'INSIDE', 'INSIDE', 'INSIDE', 'RAIL', 'INSIDE']","[[0.4, 0.03, 1.14], [3.7, 0.11, 2.02], [6.94, 2.43, 2.74], [0.85, 1.73, 0.07], [0.72, 2.76, 0.04], [1.06, 1.57, 0.1], [0.15, 1.35, 0.01], [0.97, 2.82, 0.08], [0.65, 2.86, 0.04], [1.0, 2.31, 0.24], [0.6, 0.86, 0.06], [1.15, 0.47, 0.51], [0.26, 0.39, 0.94], [0.71, 1.49, 2.11], [0.09, 3.37, 0.0], [0.11, 3.54, 0.0], [0.05, 2.94, 0.0], [0.1, 3.57, 0.82], [0.07, 3.05, 0.0], [8.54, 4.32, 1.39], [0.06, 0.27, 0.23], [2.99, 3.85, 0.37]]","[194, 205, 202, 198, 213, 162, 159, 226, 209, 166, 216, 137, 179, 170, 222, 203, 127, 139, 215, 185, 196, 208]",22.3
283,1788358472145455189,307200,79385,34,29,172.9,"[27.1, 27.3, 29.5, 29.7, 32.1, 32.2, 34.0, 34.2, 34.4, 36.3, 36.5, 38.7, 41.0, 43.4, 80.7, 84.5, 85.9, 86.0, 87.4, 89.2, 89.7, 93.6, 95.0, 98.1, 102.6, 106.5, 142.3, 151.9, 172.9]","['NEAR', 'RAIL', 'INSIDE', 'INSIDE', 'INSIDE', 'INSIDE', 'INSIDE', 'INSIDE', 'INSIDE', 'INSIDE', 'NEAR', 'INSIDE', 'NEAR', 'NEAR', 'INSIDE', 'INSIDE', 'RAIL', 'OUTSIDE', 'INSIDE', 'OUTSIDE', 'NEAR', 'INSIDE', 'INSIDE', 'NEAR', 'INSIDE', 'OUTSIDE', 'INSIDE', 'RAIL', 'INSIDE']","[[3.9, 0.12, 2.02], [0.58, 0.45, 0.22], [0.74, 1.67, 0.06], [0.59, 0.9, 0.04], [0.27, 2.44, 0.02], [0.79, 1.77, 0.06], [0.29, 1.44, 0.03], [0.16, 2.96, 0.01], [0.74, 2.89, 0.34], [0.21, 0.91, 0.01], [0.46, 1.01, 0.04], [0.26, 1.46, 0.02], [0.4, 1.0, 0.02], [0.23, 0.85, 0.02], [0.06, 2.65, 0.0], [7.87, 5.29, 2.48], [0.24, 0.35, 0.94], [0.89, 1.74, 2.47], [0.77, 3.53, 0.19], [0.43, 0.36, 0.78], [1.76, 0.22, 1.37], [0.2, 3.76, 0.0], [0.07, 3.32, 0.0], [0.71, 0.07, 1.33], [0.08, 3.92, 0.42], [0.51, 0.32, 1.39], [8.59, 4.33, 1.4], [0.04, 0.35, 0.23], [0.11, 1.81, 0.0]]","[205, 197, 198, 211, 159, 226, 162, 199, 201, 209, 166, 181, 202, 216, 154, 137, 179, 170, 222, 203, 127, 207, 169, 206, 215, 133, 185, 196, 208]",17.9
284,1788358472237541495,307200,79888,31,30,168.5,"[27.0, 27.2, 29.4, 29.5, 32.0, 32.1, 34.2, 34.3, 36.1, 36.3, 38.5, 40.8, 41.0, 41.2, 43.2, 80.2, 85.8, 85.8, 87.4, 89.5, 92.0, 93.4, 97.9, 101.0, 102.4, 106.4, 109.1, 142.1, 151.8, 168.5]","['NEAR', 'RAIL', 'RAIL', 'INSIDE', 'INSIDE', 'INSIDE', 'INSIDE', 'INSIDE', 'INSIDE', 'INSIDE', 'NEAR', 'INSIDE', 'INSIDE', 'NEAR', 'NEAR', 'INSIDE', 'RAIL', 'OUTSIDE', 'INSIDE', 'NEAR', 'INSIDE', 'INSIDE', 'NEAR', 'OUTSIDE', 'INSIDE', 'OUTSIDE', 'INSIDE', 'INSIDE', 'RAIL', 'OUTSIDE']","[[3.72, 0.14, 1.73], [1.19, 0.43, 0.97], [0.82, 0.59, 0.22], [0.47, 1.75, 0.04], [0.52, 0.9, 0.04], [0.48, 2.43, 0.03], [0.74, 1.76, 0.05], [0.26, 1.43, 0.03], [0.69, 1.28, 0.05], [0.19, 0.9, 0.01], [0.23, 1.13, 0.02], [0.84, 0.72, 0.05], [0.24, 1.45, 0.02], [0.39, 0.99, 0.02], [0.24, 0.85, 0.02], [8.52, 5.36, 2.46], [0.25, 0.38, 0.94], [0.2, 0.42, 2.1], [0.11, 3.36, 0.0], [1.84, 0.24, 1.38], [0.12, 2.73, 0.0], [0.11, 3.42, 0.0], [0.8, 0.05, 1.48], [0.07, 1.8, 0.82], [0.05, 3.4, 0.0], [0.54, 0.08, 1.15], [0.43, 4.24, 0.47], [8.55, 4.31, 1.38], [0.02, 0.26, 0.23], [2.93, 0.88, 0.37]]","[205, 202, 197, 198, 211, 159, 226, 162, 201, 209, 166, 213, 181, 195, 216, 137, 179, 170, 222, 127, 207, 169, 206, 139, 215, 133, 236, 185, 196, 208]",27.0
285,1788358472337530789,307200,80258,36,31,168.4,"[26.9, 27.0, 29.3, 29.5, 31.0, 31.4, 31.9, 33.1, 33.8, 35.1, 36.0, 36.2, 38.4, 40.6, 42.8, 80.4, 80.6, 85.6, 86.4, 89.4, 91.7, 93.2, 97.7, 100.7, 102.2, 106.2, 108.8, 116.5, 130.4, 142.6, 168.4]","['NEAR', 'NEAR', 'NEAR', 'RAIL', 'INSIDE', 'INSIDE', 'INSIDE', 'INSIDE', 'INSIDE', 'INSIDE', 'INSIDE', 'INSIDE', 'NEAR', 'NEAR', 'NEAR', 'OUTSIDE', 'INSIDE', 'RAIL', 'INSIDE', 'NEAR', 'INSIDE', 'INSIDE', 'NEAR', 'INSIDE', 'INSIDE', 'OUTSIDE', 'INSIDE', 'OUTSIDE', 'INSIDE', 'INSIDE', 'INSIDE']","[[0.54, 0.06, 1.87], [1.41, 0.05, 1.41], [1.66, 0.13, 1.73], [0.36, 0.51, 0.27], [0.56, 1.75, 0.05], [0.57, 0.9, 0.04], [0.23, 1.84, 0.02], [0.45, 2.42, 0.03], [0.32, 1.5, 0.03], [0.75, 1.76, 0.05], [0.76, 2.42, 0.05], [0.55, 1.04, 0.03], [0.33, 0.81, 0.03], [0.38, 0.98, 0.02], [0.25, 0.84, 0.02], [1.11, 0.45, 0.58], [7.74, 5.22, 2.44], [0.24, 0.38, 0.94], [1.76, 5.1, 2.09], [2.01, 0.11, 1.0], [0.12, 3.65, 0.82], [0.03, 2.93, 0.0], [0.76, 0.07, 1.33], [0.29, 3.91, 1.79], [0.05, 1.07, 0.0], [0.35, 0.33, 1.14], [0.08, 3.61, 0.0], [0.16, 0.05, 1.59], [8.68, 4.64, 0.9], [9.68, 4.31, 0.96], [2.93, 4.13, 0.37]]","[194, 205, 211, 197, 198, 199, 226, 159, 162, 186, 201, 209, 166, 195, 216, 137, 154, 179, 222, 127, 207, 169, 206, 139, 215, 133, 236, 221, 227, 185, 208]",26.7
286,1788358472436387748,307200,80327,27,25,151.4,"[29.4, 29.5, 29.8, 30.9, 31.3, 32.1, 33.5, 33.5, 33.6, 34.0, 40.9, 43.0, 84.0, 85.5, 85.5, 86.9, 93.1, 95.2, 97.6, 102.0, 106.1, 108.6, 127.1, 144.8, 151.4]","['NEAR', 'NEAR', 'NEAR', 'RAIL', 'INSIDE', 'INSIDE', 'INSIDE', 'INSIDE', 'INSIDE', 'INSIDE', 'INSIDE', 'INSIDE', 'INSIDE', 'RAIL', 'OUTSIDE', 'INSIDE', 'INSIDE', 'INSIDE', 'NEAR', 'INSIDE', 'OUTSIDE', 'INSIDE', 'INSIDE', 'INSIDE', 'RAIL']","[[1.48, 0.07, 2.06], [0.44, 0.04, 1.87], [3.64, 0.12, 2.03], [0.35, 0.55, 0.15], [0.59, 1.94, 0.05], [0.16, 1.08, 0.01], [0.16, 1.17, 0.3], [0.77, 1.77, 0.06], [0.41, 2.86, 0.02], [0.28, 1.43, 0.02], [0.41, 0.9, 0.02], [0.18, 2.57, 0.01], [0.06, 2.49, 0.0], [0.22, 0.4, 0.94], [0.2, 0.28, 2.1], [0.8, 3.51, 0.19], [0.19, 3.74, 0.0], [1.32, 3.52, 0.41], [0.73, 0.07, 1.33], [0.3, 3.89, 0.42], [0.69, 0.32, 0.95], [0.29, 3.97, 0.44], [12.33, 4.56, 1.02], [2.79, 4.18, 0.38], [0.05, 0.35, 0.23]]","[194, 205, 211, 197, 198, 226, 186, 181, 213, 166, 209, 201, 222, 179, 170, 203, 169, 207, 206, 215, 133, 236, 227, 185, 196]",21.4
287,1788358472542600366,307200,80608,26,25,170.2,"[25.2, 25.4, 29.7, 33.2, 33.3, 33.5, 44.5, 84.0, 85.3, 85.5, 86.7, 88.6, 90.0, 93.0, 95.1, 97.5, 101.9, 106.0, 108.4, 114.3, 115.5, 126.9, 144.6, 151.3, 170.2]","['NEAR', 'NEAR', 'INSIDE', 'RAIL', 'RAIL', 'NEAR', 'OUTSIDE', 'INSIDE', 'RAIL', 'OUTSIDE', 'INSIDE', 'OUTSIDE', 'NEAR', 'INSIDE', 'INSIDE', 'NEAR', 'INSIDE', 'OUTSIDE', 'INSIDE', 'INSIDE', 'OUTSIDE', 'INSIDE', 'INSIDE', 'RAIL', 'INSIDE']","[[1.52, 0.06, 2.0], [4.76, 0.11, 2.02], [1.81, 2.99, 0.36], [0.24, 0.54, 0.22], [0.52, 0.23, 0.7], [0.33, 0.7, 0.31], [0.95, 1.28, 0.23], [0.23, 3.22, 0.01], [0.22, 0.38, 0.94], [0.22, 1.5, 2.09], [0.78, 3.5, 0.19], [0.44, 0.36, 0.77], [0.39, 0.21, 1.16], [0.57, 3.76, 1.44], [1.31, 3.68, 0.41], [0.73, 0.07, 0.93], [0.17, 3.74, 0.0], [0.79, 0.32, 1.38], [0.29, 3.96, 0.44], [0.05, 1.4, 0.0], [1.24, 0.43, 1.11], [12.44, 4.56, 1.02], [2.85, 4.23, 1.39], [0.06, 0.26, 0.23], [1.44, 3.86, 0.01]]","[194, 211, 182, 197, 202, 186, 216, 222, 179, 170, 203, 127, 169, 207, 206, 139, 215, 133, 236, 235, 221, 227, 185, 196, 208]",25.9
288,1788358472643646247,307200,80875,21,20,167.9,"[23.3, 25.1, 29.6, 30.7, 33.2, 33.2, 83.7, 85.2, 85.3, 86.9, 88.9, 91.4, 92.8, 101.7, 108.3, 111.3, 127.5, 141.5, 151.2, 167.9]","['NEAR', 'NEAR', 'INSIDE', 'INSIDE', 'RAIL', 'INSIDE', 'INSIDE', 'RAIL', 'OUTSIDE', 'INSIDE', 'NEAR', 'INSIDE', 'INSIDE', 'INSIDE', 'INSIDE', 'INSIDE', 'INSIDE', 'INSIDE', 'RAIL', 'INSIDE']","[[1.51, 0.06, 2.08], [4.67, 0.11, 2.02], [1.69, 2.89, 0.37], [0.59, 1.37, 0.06], [0.1, 0.53, 0.22], [0.1, 1.71, 0.01], [0.08, 1.75, 0.0], [0.26, 0.35, 0.93], [0.13, 0.35, 2.09], [0.08, 3.34, 0.0], [1.85, 0.22, 2.34], [0.06, 2.71, 0.0], [0.07, 3.72, 0.0], [0.26, 3.71, 0.42], [0.08, 3.96, 0.25], [0.02, 0.97, 0.0], [13.77, 4.63, 1.02], [8.56, 4.29, 1.38], [0.02, 0.26, 0.23], [3.0, 3.54, 0.37]]","[194, 211, 182, 216, 197, 226, 222, 179, 170, 203, 169, 207, 206, 215, 236, 235, 227, 185, 196, 208]",24.8
289,1788358472744231188,307200,80956,23,23,168.5,"[33.1, 33.1, 38.8, 45.5, 46.5, 83.6, 85.0, 85.2, 86.8, 88.5, 89.7, 92.6, 94.1, 97.2, 100.2, 101.6, 105.8, 108.2, 127.4, 144.3, 151.0, 157.2, 168.5]","['NEAR', 'RAIL', 'INSIDE', 'INSIDE', 'INSIDE', 'INSIDE', 'RAIL', 'OUTSIDE', 'INSIDE', 'OUTSIDE', 'NEAR', 'INSIDE', 'INSIDE', 'NEAR', 'OUTSIDE', 'INSIDE', 'OUTSIDE', 'INSIDE', 'INSIDE', 'INSIDE', 'RAIL', 'INSIDE', 'OUTSIDE']","[[4.7, 0.11, 2.01], [0.17, 0.53, 0.22], [0.27, 1.9, 0.02], [0.07, 2.06, 0.0], [0.13, 1.14, 0.01], [0.06, 2.48, 0.0], [0.26, 0.38, 0.93], [0.12, 1.5, 2.09], [0.06, 3.18, 0.0], [0.89, 0.36, 1.72], [0.36, 0.08, 1.23], [0.27, 3.75, 0.83], [0.06, 3.45, 0.0], [0.73, 0.07, 0.93], [0.16, 1.43, 0.82], [0.4, 3.92, 0.63], [0.59, 0.22, 0.92], [0.12, 3.76, 0.25], [13.91, 4.62, 1.02], [2.82, 4.22, 1.39], [0.02, 0.26, 0.23], [3.02, 4.71, 0.66], [4.35, 0.29, 0.37]]","[211, 197, 159, 209, 202, 222, 179, 170, 203, 127, 169, 206, 207, 139, 215, 133, 236, 235, 227, 185, 196, 237, 208]",23.6
290,1788358472844204911,307200,81379,27,26,171.8,"[28.3, 30.4, 33.3, 33.4, 35.8, 36.1, 43.3, 47.6, 80.8, 83.5, 84.9, 85.0, 86.3, 88.1, 89.4, 92.5, 94.0, 101.6, 105.6, 108.0, 113.9, 127.3, 144.2, 150.9, 157.1, 171.8]","['NEAR', 'RAIL', 'RAIL', 'INSIDE', 'INSIDE', 'INSIDE', 'NEAR', 'NEAR', 'INSIDE', 'RAIL', 'INSIDE', 'INSIDE', 'INSIDE', 'OUTSIDE', 'INSIDE', 'INSIDE', 'INSIDE', 'INSIDE', 'OUTSIDE', 'INSIDE', 'INSIDE', 'INSIDE', 'INSIDE', 'RAIL', 'INSIDE', 'INSIDE']","[[3.83, 0.12, 2.01], [0.79, 0.52, 0.36], [0.1, 0.17, 0.13], [0.54, 2.36, 0.04], [0.2, 1.59, 0.02], [0.49, 1.96, 0.03], [0.1, 1.33, 0.0], [0.39, 0.87, 0.02], [0.22, 3.35, 0.01], [0.2, 0.4, 0.93], [0.27, 2.03, 0.36], [10.29, 5.4, 2.49], [0.77, 3.49, 0.19], [0.51, 0.2, 0.77], [2.04, 3.81, 2.37], [0.26, 3.09, 0.83], [0.06, 3.12, 0.0], [0.23, 3.52, 0.42], [0.77, 0.37, 1.38], [0.32, 3.95, 0.44], [0.11, 2.98, 0.0], [13.87, 4.62, 1.03], [2.72, 4.0, 1.39], [0.02, 0.35, 0.23], [3.0, 4.46, 0.66], [0.11, 1.2, 0.0]]","[211, 197, 166, 199, 226, 209, 202, 201, 222, 179, 203, 154, 127, 169, 206, 207, 139, 133, 236, 235, 221, 227, 185, 196, 237, 208]",19.8
291,1788358472936693953,307200,81822,23,22,167.5,"[23.2, 26.3, 30.3, 32.9, 33.3, 45.2, 46.2, 83.3, 84.8, 85.4, 86.2, 89.6, 92.3, 94.5, 101.0, 105.4, 107.9, 126.4, 141.1, 150.8, 156.9, 167.5]","['NEAR', 'INSIDE', 'RAIL', 'INSIDE', 'INSIDE', 'INSIDE', 'INSIDE', 'INSIDE', 'RAIL', 'OUTSIDE', 'INSIDE', 'INSIDE', 'INSIDE', 'INSIDE', 'INSIDE', 'OUTSIDE', 'INSIDE', 'INSIDE', 'INSIDE', 'RAIL', 'INSIDE', 'INSIDE']","[[3.79, 0.14, 1.93], [0.48, 1.44, 0.05], [0.37, 0.52, 0.15], [0.07, 1.26, 0.0], [0.12, 1.47, 0.01], [0.21, 1.59, 0.02], [0.06, 1.78, 0.0], [0.12, 2.91, 0.0], [0.24, 0.3, 0.93], [1.22, 1.77, 2.44], [0.76, 3.48, 0.19], [2.81, 0.67, 2.22], [0.39, 4.05, 0.83], [1.31, 3.66, 0.41], [1.15, 3.73, 0.63], [0.52, 0.22, 0.92], [0.07, 3.94, 0.25], [12.4, 4.51, 1.27], [8.56, 4.29, 0.71], [0.06, 0.35, 0.23], [2.96, 4.73, 0.66], [2.91, 3.53, 0.36]]","[211, 216, 197, 209, 162, 226, 202, 222, 179, 170, 127, 206, 207, 139, 133, 236, 235, 227, 185, 196, 237, 208]",19.6
292,1788358473041291523,307200,82218,28,27,195.2,"[27.0, 27.0, 28.0, 29.2, 32.2, 32.9, 34.0, 34.2, 38.5, 42.9, 47.3, 83.2, 84.7, 85.3, 86.1, 88.6, 92.2, 93.7, 99.7, 100.8, 105.3, 107.8, 126.2, 141.0, 156.2, 167.4, 195.2]","['NEAR', 'NEAR', 'RAIL', 'INSIDE', 'INSIDE', 'INSIDE', 'INSIDE', 'NEAR', 'INSIDE', 'INSIDE', 'NEAR', 'INSIDE', 'RAIL', 'OUTSIDE', 'INSIDE', 'RAIL', 'INSIDE', 'INSIDE', 'OUTSIDE', 'INSIDE', 'OUTSIDE', 'INSIDE', 'INSIDE', 'INSIDE', 'INSIDE', 'INSIDE', 'RAIL']","[[1.48, 0.06, 1.91], [1.7, 0.13, 1.71], [0.4, 0.52, 0.22], [0.67, 1.1, 0.06], [0.78, 2.24, 0.07], [0.12, 1.21, 0.01], [0.82, 2.69, 0.05], [0.12, 1.48, 0.0], [0.07, 0.95, 0.0], [0.23, 1.07, 0.02], [0.53, 1.05, 0.05], [0.11, 2.91, 0.0], [0.2, 0.38, 0.93], [1.22, 1.76, 2.22], [0.77, 3.62, 0.19], [1.1, 0.1, 0.98], [0.37, 4.05, 0.83], [0.05, 3.44, 0.0], [0.29, 0.54, 0.81], [1.14, 3.73, 0.63], [0.5, 0.22, 0.92], [0.06, 3.94, 0.25], [12.41, 4.53, 1.01], [8.55, 4.29, 0.71], [1.86, 4.73, 0.65], [2.97, 2.64, 0.36], [0.04, 1.02, 0.0]]","[205, 211, 197, 198, 162, 159, 213, 202, 199, 226, 182, 222, 179, 170, 127, 206, 207, 139, 215, 133, 236, 235, 227, 185, 237, 208, 220]",18.2
293,1788358473137252060,307200,82470,27,27,170.8,"[23.4, 27.2, 28.3, 32.1, 33.0, 33.1, 38.5, 40.7, 42.9, 83.1, 84.5, 84.6, 86.3, 89.1, 89.8, 92.1, 93.6, 97.2, 100.7, 105.2, 107.6, 113.5, 126.5, 140.9, 150.5, 156.7, 170.8]","['NEAR', 'INSIDE', 'INSIDE', 'OUTSIDE', 'INSIDE', 'INSIDE', 'INSIDE', 'INSIDE', 'NEAR', 'INSIDE', 'RAIL', 'INSIDE', 'INSIDE', 'INSIDE', 'NEAR', 'INSIDE', 'INSIDE', 'NEAR', 'INSIDE', 'OUTSIDE', 'INSIDE', 'INSIDE', 'INSIDE', 'INSIDE', 'RAIL', 'INSIDE', 'INSIDE']","[[3.57, 0.12, 2.02], [0.43, 0.66, 0.23], [0.98, 1.59, 0.29], [1.03, 0.55, 0.1], [0.12, 1.21, 0.01], [0.78, 2.67, 0.07], [0.75, 2.84, 0.04], [0.11, 1.15, 0.01], [0.6, 0.98, 0.04], [0.13, 3.19, 0.0], [0.2, 0.34, 0.71], [0.22, 3.5, 2.43], [0.06, 3.16, 0.0], [0.06, 3.42, 0.0], [1.55, 0.24, 1.81], [0.35, 3.73, 0.82], [0.1, 3.43, 0.0], [1.79, 0.07, 0.93], [1.24, 3.51, 0.42], [0.69, 0.31, 0.94], [0.3, 3.61, 0.19], [0.14, 2.97, 0.0], [12.96, 4.53, 1.03], [8.54, 4.04, 0.71], [0.02, 0.35, 0.23], [2.97, 4.45, 0.66], [1.28, 3.87, 0.01]]","[205, 216, 181, 162, 159, 226, 213, 199, 195, 222, 179, 170, 127, 169, 206, 207, 139, 133, 215, 236, 235, 221, 227, 185, 196, 237, 208]",18.0
294,1788358473240189731,307200,82403,33,31,170.7,"[25.4, 27.1, 29.3, 29.4, 30.4, 31.5, 31.9, 32.1, 32.5, 32.7, 33.8, 38.5, 40.9, 42.9, 80.5, 83.1, 84.4, 84.5, 85.9, 88.9, 89.7, 94.2, 101.1, 105.1, 107.5, 113.4, 127.0, 140.8, 150.4, 156.6, 170.7]","['NEAR', 'NEAR', 'NEAR', 'RAIL', 'INSIDE', 'INSIDE', 'INSIDE', 'INSIDE', 'INSIDE', 'INSIDE', 'INSIDE', 'NEAR', 'INSIDE', 'OUTSIDE', 'INSIDE', 'RAIL', 'INSIDE', 'INSIDE', 'INSIDE', 'INSIDE', 'NEAR', 'INSIDE', 'INSIDE', 'OUTSIDE', 'INSIDE', 'INSIDE', 'INSIDE', 'INSIDE', 'RAIL', 'INSIDE', 'INSIDE']","[[2.43, 0.07, 1.54], [1.27, 0.06, 1.9], [1.3, 0.09, 2.02], [0.18, 0.51, 0.22], [0.92, 2.98, 0.09], [0.53, 1.58, 0.3], [0.22, 1.71, 0.02], [0.11, 0.81, 0.01], [0.26, 1.06, 0.02], [0.28, 2.4, 0.02], [0.76, 2.84, 0.04], [0.37, 0.91, 0.03], [0.93, 1.71, 0.06], [1.22, 1.37, 0.36], [0.22, 3.04, 0.01], [0.22, 0.23, 0.93], [0.22, 1.87, 0.36], [10.44, 5.24, 2.46], [0.8, 3.47, 0.19], [0.03, 3.41, 0.0], [1.67, 0.24, 1.8], [1.29, 3.65, 1.0], [0.24, 3.86, 0.42], [0.82, 0.31, 1.37], [0.26, 3.93, 0.19], [0.09, 2.97, 0.0], [11.73, 4.53, 1.03], [8.55, 4.28, 0.71], [0.02, 0.26, 0.23], [3.02, 4.45, 0.66], [1.23, 2.39, 0.01]]","[194, 205, 211, 197, 216, 181, 162, 159, 198, 199, 213, 226, 195, 186, 222, 179, 203, 154, 127, 169, 206, 139, 215, 236, 235, 221, 227, 185, 196, 237, 208]",18.0
295,1788358473341965960,307200,82283,24,23,156.6,"[23.7, 27.1, 29.8, 31.4, 31.9, 32.5, 32.8, 40.7, 42.8, 82.9, 84.3, 84.8, 85.7, 88.1, 89.7, 93.3, 100.8, 105.0, 107.4, 126.5, 143.5, 150.3, 156.6]","['NEAR', 'OUTSIDE', 'RAIL', 'NEAR', 'INSIDE', 'INSIDE', 'INSIDE', 'INSIDE', 'OUTSIDE', 'INSIDE', 'RAIL', 'OUTSIDE', 'INSIDE', 'INSIDE', 'NEAR', 'INSIDE', 'INSIDE', 'OUTSIDE', 'INSIDE', 'INSIDE', 'INSIDE', 'RAIL', 'INSIDE']","[[3.77, 0.11, 2.02], [1.01, 0.52, 0.27], [0.44, 0.54, 0.21], [0.51, 0.36, 0.3], [0.61, 1.71, 0.05], [1.3, 2.26, 0.11], [0.71, 2.83, 0.04], [0.92, 1.83, 0.05], [1.25, 1.37, 0.36], [0.1, 2.46, 0.0], [0.21, 0.34, 0.92], [1.59, 2.47, 2.43], [0.79, 3.46, 0.19], [1.46, 3.88, 1.74], [0.81, 0.1, 0.99], [2.8, 3.94, 0.43], [0.5, 3.87, 0.41], [0.75, 0.32, 1.37], [0.3, 3.93, 0.44], [11.17, 4.52, 1.01], [2.81, 4.22, 1.38], [0.07, 0.26, 0.23], [2.59, 4.69, 0.33]]","[205, 216, 197, 181, 162, 226, 213, 195, 186, 222, 179, 170, 127, 169, 206, 139, 215, 236, 235, 227, 185, 196, 237]",24.6
296,1788358473436178245,307200,82464,23,22,171.1,"[29.4, 29.5, 30.9, 32.1, 32.3, 32.7, 42.8, 48.1, 82.8, 84.2, 84.3, 86.0, 88.7, 93.3, 94.6, 100.2, 104.9, 107.2, 113.2, 150.1, 156.3, 171.1]","['NEAR', 'INSIDE', 'INSIDE', 'INSIDE', 'INSIDE', 'INSIDE', 'NEAR', 'INSIDE', 'INSIDE', 'RAIL', 'INSIDE', 'INSIDE', 'INSIDE', 'INSIDE', 'OUTSIDE', 'INSIDE', 'OUTSIDE', 'INSIDE', 'INSIDE', 'RAIL', 'INSIDE', 'INSIDE']","[[3.74, 0.11, 2.01], [0.42, 1.76, 0.04], [0.15, 2.05, 0.01], [0.7, 1.13, 0.06], [0.69, 2.68, 0.04], [0.2, 1.68, 0.01], [0.23, 0.82, 0.02], [1.02, 1.99, 0.08], [0.14, 3.03, 0.0], [0.18, 0.34, 0.71], [0.81, 3.66, 2.42], [0.1, 3.15, 0.0], [0.07, 3.56, 0.0], [0.04, 3.42, 0.0], [0.21, 0.37, 0.77], [1.73, 4.24, 1.79], [0.76, 0.31, 0.93], [0.25, 3.89, 0.19], [0.14, 2.77, 0.0], [0.06, 0.26, 0.23], [3.05, 4.68, 0.66], [0.07, 0.9, 0.0]]","[205, 198, 226, 199, 213, 202, 186, 181, 222, 179, 170, 127, 169, 139, 207, 215, 236, 235, 221, 196, 237, 208]",23.2
297,1788358473541636503,307200,82792,23,22,169.6,"[28.2, 29.3, 29.7, 32.4, 42.7, 45.7, 45.9, 82.7, 84.1, 84.2, 84.5, 85.5, 88.6, 89.4, 93.9, 100.8, 104.8, 106.6, 113.1, 150.0, 156.2, 169.6]","['RAIL', 'NEAR', 'OUTSIDE', 'NEAR', 'INSIDE', 'NEAR', 'NEAR', 'INSIDE', 'RAIL', 'INSIDE', 'OUTSIDE', 'INSIDE', 'INSIDE', 'NEAR', 'INSIDE', 'INSIDE', 'OUTSIDE', 'INSIDE', 'INSIDE', 'RAIL', 'INSIDE', 'INSIDE']","[[0.79, 0.56, 0.35], [0.24, 0.79, 0.26], [0.82, 0.54, 0.07], [0.62, 1.12, 0.03], [0.65, 2.68, 0.04], [0.44, 0.94, 0.02], [0.23, 0.83, 0.02], [0.17, 3.17, 0.0], [0.22, 0.29, 0.92], [0.23, 2.16, 0.36], [1.61, 1.51, 1.62], [0.78, 3.45, 0.19], [0.03, 3.4, 0.0], [1.66, 0.09, 0.82], [1.44, 3.8, 0.99], [0.58, 4.02, 1.79], [0.72, 0.31, 0.93], [1.35, 3.74, 0.46], [0.1, 2.96, 0.0], [0.07, 0.35, 0.23], [2.95, 4.68, 0.65], [2.68, 4.13, 0.02]]","[197, 162, 198, 209, 213, 202, 186, 222, 179, 203, 170, 127, 169, 206, 139, 215, 236, 235, 221, 196, 237, 208]",25.2
298,1788358473640698981,307200,83137,24,23,166.7,"[28.1, 29.2, 29.3, 30.7, 32.1, 42.6, 80.1, 82.5, 84.0, 84.0, 85.4, 88.5, 89.5, 92.2, 96.1, 99.8, 107.1, 119.4, 126.2, 140.3, 150.0, 156.1, 166.7]","['RAIL', 'NEAR', 'INSIDE', 'INSIDE', 'INSIDE', 'NEAR', 'INSIDE', 'RAIL', 'INSIDE', 'INSIDE', 'INSIDE', 'INSIDE', 'NEAR', 'INSIDE', 'NEAR', 'INSIDE', 'INSIDE', 'INSIDE', 'INSIDE', 'INSIDE', 'RAIL', 'INSIDE', 'OUTSIDE']","[[0.35, 0.56, 0.21], [0.21, 0.7, 0.25], [0.54, 1.51, 0.04], [0.12, 2.58, 0.01], [0.64, 2.67, 0.04], [0.22, 0.83, 0.02], [0.13, 3.31, 0.0], [0.24, 0.31, 0.92], [0.05, 1.91, 0.0], [8.99, 5.34, 2.46], [0.76, 3.45, 0.19], [0.05, 1.39, 0.0], [0.83, 0.1, 0.99], [1.83, 3.86, 1.9], [0.75, 0.17, 0.44], [2.13, 4.22, 1.79], [0.26, 4.29, 0.87], [0.16, 4.18, 0.48], [11.13, 4.48, 1.26], [8.56, 4.26, 0.7], [0.01, 0.35, 0.23], [2.95, 4.68, 0.65], [2.94, 2.34, 0.36]]","[197, 162, 198, 226, 213, 186, 222, 179, 203, 154, 127, 169, 206, 139, 133, 215, 235, 234, 227, 185, 196, 237, 208]",28.9
299,1788358473736599222,307200,83235,25,24,168.8,"[25.0, 28.3, 31.8, 32.0, 42.6, 45.8, 80.3, 82.5, 83.9, 84.0, 85.7, 88.4, 91.5, 93.6, 99.9, 104.5, 106.9, 112.9, 119.4, 126.1, 140.2, 149.8, 156.0, 168.8]","['NEAR', 'NEAR', 'RAIL', 'INSIDE', 'INSIDE', 'NEAR', 'INSIDE', 'RAIL', 'INSIDE', 'INSIDE', 'INSIDE', 'INSIDE', 'INSIDE', 'INSIDE', 'INSIDE', 'OUTSIDE', 'INSIDE', 'INSIDE', 'OUTSIDE', 'INSIDE', 'INSIDE', 'RAIL', 'INSIDE', 'INSIDE']","[[1.53, 0.06, 1.96], [4.89, 0.11, 2.08], [0.32, 0.56, 0.21], [0.84, 1.75, 0.04], [0.51, 1.77, 0.03], [0.26, 0.8, 0.03], [0.17, 3.17, 0.0], [0.23, 0.38, 0.92], [0.25, 1.86, 0.35], [9.57, 5.33, 2.45], [0.07, 3.14, 0.0], [0.07, 3.7, 0.0], [0.14, 2.4, 0.0], [1.28, 3.46, 0.4], [1.73, 4.23, 1.79], [0.75, 0.31, 0.93], [0.32, 3.59, 0.19], [0.14, 2.96, 0.0], [0.16, 1.89, 0.48], [11.1, 4.51, 1.01], [8.57, 4.27, 0.71], [0.03, 0.35, 0.22], [3.0, 4.68, 0.65], [1.38, 3.84, 0.01]]","[194, 205, 197, 209, 213, 182, 222, 179, 203, 154, 127, 169, 139, 207, 215, 236, 235, 221, 234, 227, 185, 196, 237, 208]",22.0
300,1788358473836776716,307200,83453,29,26,155.9,"[23.2, 25.0, 25.3, 28.0, 30.8, 31.8, 38.6, 45.8, 46.1, 46.3, 82.3, 83.8, 83.9, 85.6, 88.3, 92.9, 96.5, 100.4, 104.5, 106.8, 112.8, 119.4, 127.5, 140.1, 149.7, 155.9]","['NEAR', 'INSIDE', 'RAIL', 'INSIDE', 'INSIDE', 'INSIDE', 'INSIDE', 'INSIDE', 'INSIDE', 'NEAR', 'INSIDE', 'RAIL', 'INSIDE', 'INSIDE', 'INSIDE', 'INSIDE', 'NEAR', 'INSIDE', 'OUTSIDE', 'INSIDE', 'INSIDE', 'OUTSIDE', 'INSIDE', 'INSIDE', 'RAIL', 'INSIDE']","[[6.78, 0.12, 2.08], [0.54, 1.77, 0.22], [0.16, 0.55, 0.13], [0.75, 1.71, 0.08], [1.02, 0.67, 0.05], [0.9, 0.66, 0.05], [0.33, 1.49, 0.02], [0.78, 2.09, 0.04], [0.1, 1.76, 0.01], [0.23, 0.8, 0.03], [0.23, 3.3, 0.01], [0.23, 0.38, 0.92], [0.31, 2.88, 0.35], [0.05, 3.14, 0.0], [0.05, 3.54, 0.0], [0.05, 3.57, 0.0], [1.58, 0.07, 0.92], [0.53, 4.01, 1.78], [0.81, 0.31, 0.93], [0.27, 3.58, 0.19], [0.15, 2.95, 0.0], [0.12, 1.67, 0.0], [14.03, 4.52, 1.64], [8.63, 4.26, 1.37], [0.04, 0.35, 0.22], [2.99, 4.67, 0.65]]","[205, 216, 197, 182, 209, 202, 159, 213, 198, 186, 222, 179, 203, 127, 169, 207, 133, 215, 236, 235, 221, 234, 227, 185, 196, 237]",19.7
301,1788358473937667012,307200,83341,27,26,167.1,"[22.6, 25.0, 25.1, 27.9, 31.9, 32.2, 38.5, 42.7, 45.8, 82.3, 83.6, 83.6, 85.1, 88.2, 91.2, 92.8, 95.9, 100.3, 106.2, 112.7, 119.2, 127.4, 140.0, 149.6, 155.8, 167.1]","['NEAR', 'RAIL', 'RAIL', 'INSIDE', 'NEAR', 'INSIDE', 'INSIDE', 'INSIDE', 'NEAR', 'INSIDE', 'RAIL', 'INSIDE', 'INSIDE', 'INSIDE', 'INSIDE', 'INSIDE', 'NEAR', 'INSIDE', 'INSIDE', 'INSIDE', 'INSIDE', 'INSIDE', 'INSIDE', 'RAIL', 'INSIDE', 'INSIDE']","[[3.76, 0.12, 1.4], [0.58, 0.24, 0.93], [0.46, 0.52, 0.28], [0.3, 1.48, 0.04], [1.23, 0.84, 0.07], [0.27, 1.35, 0.02], [0.16, 2.21, 0.03], [0.14, 1.17, 0.01], [0.3, 0.89, 0.04], [0.13, 3.02, 0.0], [0.16, 0.39, 0.71], [0.61, 3.67, 2.41], [0.78, 3.44, 0.19], [0.06, 3.69, 0.0], [0.48, 2.25, 0.82], [0.07, 3.72, 0.0], [0.63, 0.1, 0.92], [0.48, 4.2, 1.78], [1.63, 4.33, 0.87], [0.1, 2.95, 0.0], [0.19, 3.95, 0.0], [14.15, 4.5, 1.01], [8.55, 4.26, 0.71], [0.05, 0.35, 0.22], [2.99, 4.16, 0.65], [4.4, 3.83, 0.37]]","[205, 195, 197, 182, 209, 159, 216, 198, 186, 222, 179, 170, 127, 169, 139, 207, 133, 215, 235, 221, 234, 227, 185, 196, 237, 208]",20.5
302,1788358474040873219,307200,83115,27,24,166.3,"[23.1, 24.8, 25.0, 27.8, 28.5, 31.7, 32.2, 38.4, 45.3, 45.9, 74.7, 82.2, 83.6, 85.0, 88.1, 91.2, 93.3, 100.2, 106.8, 119.0, 125.9, 139.9, 155.1, 166.3]","['NEAR', 'NEAR', 'OUTSIDE', 'RAIL', 'INSIDE', 'NEAR', 'INSIDE', 'INSIDE', 'INSIDE', 'NEAR', 'INSIDE', 'INSIDE', 'RAIL', 'INSIDE', 'INSIDE', 'INSIDE', 'INSIDE', 'INSIDE', 'INSIDE', 'INSIDE', 'INSIDE', 'INSIDE', 'INSIDE', 'INSIDE']","[[2.62, 0.07, 1.97], [3.6, 0.11, 1.62], [0.35, 0.56, 0.2], [0.36, 0.55, 0.13], [0.27, 1.48, 0.02], [0.51, 0.96, 0.03], [0.32, 1.48, 0.02], [0.71, 1.76, 0.04], [0.06, 0.97, 0.01], [0.75, 0.81, 0.08], [0.94, 2.22, 2.15], [0.15, 3.44, 0.0], [0.17, 0.33, 0.7], [0.78, 3.43, 0.19], [0.06, 1.38, 0.0], [0.13, 3.5, 0.0], [1.36, 3.62, 0.4], [0.62, 4.2, 1.78], [0.14, 4.27, 0.67], [0.18, 4.16, 0.0], [11.07, 4.46, 1.0], [8.54, 4.24, 0.7], [1.81, 4.67, 0.64], [3.0, 4.08, 0.36]]","[194, 205, 182, 197, 186, 209, 159, 213, 198, 216, 154, 222, 179, 127, 169, 139, 207, 215, 235, 234, 227, 185, 237, 208]",20.8
303,1788358474139491049,307200,83032,26,23,155.6,"[26.5, 29.4, 30.3, 31.6, 32.1, 38.5, 43.1, 46.4, 46.4, 47.4, 82.1, 83.5, 88.1, 91.5, 92.7, 94.0, 100.5, 104.2, 106.1, 112.5, 143.4, 149.5, 155.6]","['NEAR', 'NEAR', 'RAIL', 'INSIDE', 'NEAR', 'INSIDE', 'INSIDE', 'INSIDE', 'INSIDE', 'OUTSIDE', 'INSIDE', 'RAIL', 'INSIDE', 'NEAR', 'INSIDE', 'INSIDE', 'INSIDE', 'OUTSIDE', 'INSIDE', 'INSIDE', 'INSIDE', 'RAIL', 'INSIDE']","[[0.79, 0.04, 2.07], [3.47, 0.13, 1.66], [0.31, 0.55, 0.35], [0.08, 1.17, 0.01], [0.42, 1.3, 0.02], [0.75, 0.81, 0.04], [0.13, 1.35, 0.01], [0.35, 2.55, 0.02], [0.27, 1.82, 0.01], [0.91, 1.33, 0.2], [0.21, 1.57, 0.0], [0.24, 0.34, 0.92], [0.04, 3.69, 0.0], [1.22, 0.17, 1.62], [0.06, 3.4, 0.0], [0.28, 3.63, 0.43], [0.66, 2.61, 1.78], [0.81, 0.37, 0.93], [1.13, 4.28, 0.87], [0.11, 2.95, 0.0], [1.57, 4.42, 1.39], [0.03, 0.34, 0.22], [2.99, 4.67, 0.65]]","[194, 205, 197, 226, 202, 213, 159, 209, 195, 216, 222, 179, 169, 206, 207, 139, 215, 236, 235, 221, 185, 196, 237]",22.6
304,1788358474246253194,307200,83395,24,22,155.5,"[23.3, 26.3, 30.2, 31.5, 32.0, 38.4, 43.0, 45.7, 46.2, 47.3, 82.0, 87.9, 93.3, 100.1, 104.3, 106.4, 112.4, 118.4, 127.2, 139.8, 149.4, 155.5]","['NEAR', 'INSIDE', 'RAIL', 'INSIDE', 'INSIDE', 'INSIDE', 'INSIDE', 'INSIDE', 'INSIDE', 'OUTSIDE', 'INSIDE', 'INSIDE', 'INSIDE', 'INSIDE', 'OUTSIDE', 'INSIDE', 'INSIDE', 'OUTSIDE', 'INSIDE', 'INSIDE', 'RAIL', 'INSIDE']","[[3.43, 0.12, 1.66], [1.63, 3.0, 0.34], [0.33, 0.54, 0.35], [0.08, 1.16, 0.01], [0.16, 1.93, 0.02], [1.22, 0.83, 0.06], [0.18, 1.21, 0.01], [0.24, 2.15, 0.01], [0.17, 1.95, 0.01], [0.2, 1.27, 0.01], [0.12, 2.15, 0.0], [0.05, 3.53, 0.0], [2.22, 4.12, 1.46], [0.13, 3.65, 0.41], [1.26, 0.22, 1.81], [0.26, 3.86, 0.19], [0.14, 3.14, 0.0], [1.27, 0.63, 0.81], [14.01, 4.58, 1.65], [8.56, 4.5, 0.71], [0.07, 0.34, 0.22], [3.04, 4.66, 0.65]]","[205, 182, 197, 226, 198, 202, 159, 195, 209, 213, 222, 169, 207, 215, 236, 235, 221, 234, 227, 185, 196, 237]",22.7
305,1788358474336246637,307200,83935,24,23,166.0,"[26.2, 30.1, 32.0, 36.7, 38.2, 45.6, 45.8, 47.3, 81.9, 83.3, 84.7, 87.8, 89.9, 93.1, 95.4, 99.4, 105.9, 119.3, 125.6, 139.7, 149.3, 155.4, 166.0]","['NEAR', 'INSIDE', 'INSIDE', 'INSIDE', 'INSIDE', 'INSIDE', 'INSIDE', 'OUTSIDE', 'INSIDE', 'RAIL', 'INSIDE', 'INSIDE', 'INSIDE', 'INSIDE', 'NEAR', 'INSIDE', 'INSIDE', 'INSIDE', 'INSIDE', 'INSIDE', 'RAIL', 'INSIDE', 'INSIDE']","[[3.39, 0.13, 1.91], [0.29, 1.02, 0.02], [0.09, 2.21, 0.01], [0.11, 1.74, 0.01], [1.07, 1.45, 0.06], [0.23, 1.6, 0.02], [0.2, 2.15, 0.01], [0.12, 1.28, 0.01], [0.16, 3.29, 0.0], [0.22, 0.37, 0.91], [0.8, 3.42, 0.19], [0.08, 3.53, 0.0], [2.28, 3.48, 1.42], [1.27, 3.77, 0.4], [0.75, 0.16, 0.44], [1.67, 4.19, 1.78], [1.47, 4.31, 0.86], [1.21, 3.94, 0.02], [11.15, 4.36, 1.26], [8.54, 4.48, 0.69], [0.02, 0.34, 0.22], [2.98, 4.69, 0.65], [2.95, 4.36, 0.36]]","[205, 159, 226, 198, 202, 209, 195, 213, 222, 179, 127, 169, 206, 207, 133, 215, 235, 234, 227, 185, 196, 237, 208]",22.0
306,1788358474437895314,307200,84379,23,21,165.9,"[31.3, 31.7, 38.2, 45.7, 45.7, 47.2, 81.8, 83.2, 84.7, 87.7, 90.9, 92.3, 93.9, 99.8, 105.8, 112.2, 118.7, 120.0, 139.6, 154.7, 165.9]","['NEAR', 'RAIL', 'INSIDE', 'INSIDE', 'INSIDE', 'OUTSIDE', 'INSIDE', 'RAIL', 'INSIDE', 'INSIDE', 'INSIDE', 'INSIDE', 'OUTSIDE', 'INSIDE', 'INSIDE', 'INSIDE', 'INSIDE', 'INSIDE', 'INSIDE', 'INSIDE', 'INSIDE']","[[3.69, 0.1, 1.9], [0.18, 0.55, 0.14], [1.12, 1.44, 0.06], [0.16, 1.34, 0.01], [0.18, 2.14, 0.01], [0.49, 1.28, 0.03], [0.18, 3.14, 0.0], [0.19, 0.34, 0.7], [0.75, 3.42, 0.18], [0.05, 3.52, 0.0], [0.13, 3.49, 0.0], [0.04, 3.71, 0.0], [0.69, 0.36, 1.2], [0.41, 3.86, 0.62], [1.53, 4.31, 0.86], [0.06, 1.37, 0.0], [0.16, 4.14, 0.0], [0.06, 2.09, 0.0], [8.54, 3.99, 0.7], [1.82, 4.68, 0.64], [2.94, 3.2, 0.36]]","[205, 197, 202, 209, 195, 213, 222, 179, 127, 169, 206, 207, 139, 215, 235, 221, 234, 227, 185, 237, 208]",19.2
307,1788358474537396945,307200,84890,23,22,168.6,"[27.1, 30.7, 31.8, 40.2, 40.8, 42.8, 46.1, 46.9, 81.7, 83.1, 87.7, 89.7, 93.0, 99.2, 104.1, 105.7, 107.8, 113.9, 119.9, 149.1, 155.9, 168.6]","['RAIL', 'INSIDE', 'INSIDE', 'INSIDE', 'INSIDE', 'INSIDE', 'INSIDE', 'OUTSIDE', 'INSIDE', 'RAIL', 'INSIDE', 'NEAR', 'INSIDE', 'INSIDE', 'OUTSIDE', 'INSIDE', 'INSIDE', 'RAIL', 'INSIDE', 'RAIL', 'INSIDE', 'INSIDE']","[[1.34, 0.55, 0.34], [0.49, 2.25, 0.03], [0.66, 1.71, 0.06], [0.31, 2.69, 0.02], [0.45, 2.1, 0.03], [0.7, 1.82, 0.04], [0.64, 1.42, 0.04], [1.08, 1.25, 0.27], [0.16, 2.28, 0.0], [0.23, 0.37, 0.91], [0.03, 3.52, 0.0], [2.17, 0.22, 1.6], [2.19, 4.11, 1.45], [1.72, 4.0, 1.28], [1.24, 0.31, 1.8], [1.34, 3.71, 0.45], [0.06, 0.75, 0.0], [0.02, 0.21, 0.32], [0.09, 2.93, 0.0], [0.04, 0.34, 0.22], [4.25, 4.65, 0.66], [2.65, 4.11, 0.01]]","[197, 202, 162, 213, 209, 195, 159, 226, 222, 179, 169, 206, 207, 215, 236, 235, 221, 234, 227, 196, 237, 208]",24.3
308,1788358474640454112,307200,85384,26,24,166.5,"[26.7, 30.0, 31.0, 31.7, 31.7, 32.4, 40.1, 40.7, 42.7, 46.0, 47.0, 81.7, 83.0, 84.8, 87.6, 92.0, 99.7, 104.0, 106.1, 119.2, 139.4, 149.0, 155.2, 166.5]","['NEAR', 'RAIL', 'INSIDE', 'INSIDE', 'INSIDE', 'INSIDE', 'INSIDE', 'NEAR', 'INSIDE', 'INSIDE', 'OUTSIDE', 'INSIDE', 'RAIL', 'INSIDE', 'INSIDE', 'INSIDE', 'INSIDE', 'OUTSIDE', 'INSIDE', 'INSIDE', 'INSIDE', 'RAIL', 'INSIDE', 'INSIDE']","[[6.82, 0.1, 2.08], [0.14, 0.55, 0.21], [1.69, 1.72, 0.38], [0.65, 2.25, 0.03], [0.8, 1.75, 0.07], [0.41, 2.09, 0.03], [0.29, 2.53, 0.02], [0.3, 1.48, 0.01], [0.25, 1.58, 0.02], [0.61, 1.57, 0.04], [1.05, 1.24, 0.27], [0.24, 2.85, 0.01], [0.16, 0.29, 0.7], [0.07, 3.73, 0.17], [0.04, 3.67, 0.0], [0.41, 3.88, 0.82], [0.5, 4.18, 1.77], [1.23, 0.22, 1.8], [0.29, 4.22, 0.86], [1.46, 4.18, 0.02], [8.55, 4.24, 0.7], [0.04, 0.34, 0.22], [2.95, 4.68, 0.65], [4.35, 4.08, 0.37]]","[194, 197, 205, 202, 162, 209, 213, 195, 226, 159, 216, 222, 179, 127, 169, 207, 215, 236, 235, 227, 185, 196, 237, 208]",19.7
309,1788358474742721084,307200,85754,23,21,166.9,"[21.5, 26.7, 31.0, 31.9, 40.9, 42.6, 46.0, 47.0, 81.6, 82.9, 87.5, 89.9, 92.8, 98.9, 103.9, 106.0, 119.8, 139.3, 148.9, 155.1, 166.9]","['INSIDE', 'RAIL', 'INSIDE', 'INSIDE', 'INSIDE', 'OUTSIDE', 'INSIDE', 'OUTSIDE', 'INSIDE', 'RAIL', 'INSIDE', 'NEAR', 'INSIDE', 'INSIDE', 'OUTSIDE', 'INSIDE', 'INSIDE', 'INSIDE', 'RAIL', 'INSIDE', 'INSIDE']","[[1.03, 1.68, 0.11], [0.38, 0.43, 0.34], [0.6, 2.73, 0.03], [0.89, 1.74, 0.08], [0.39, 2.09, 0.02], [0.27, 0.98, 0.01], [0.22, 0.86, 0.01], [1.2, 1.23, 0.3], [0.15, 2.13, 0.0], [0.19, 0.34, 0.7], [0.05, 3.51, 0.0], [1.14, 0.23, 1.35], [2.27, 4.1, 1.42], [1.5, 4.0, 0.83], [1.29, 0.22, 1.8], [0.26, 4.22, 0.86], [0.16, 4.18, 0.0], [8.53, 4.48, 1.37], [0.01, 0.26, 0.22], [2.94, 4.68, 0.65], [5.55, 4.11, 0.38]]","[182, 197, 202, 162, 213, 195, 159, 216, 222, 179, 169, 206, 207, 215, 236, 235, 227, 185, 196, 237, 208]",18.9
310,1788358474841811950,307200,85655,22,20,169.1,"[24.6, 29.2, 29.3, 30.8, 30.9, 31.4, 42.8, 77.1, 82.9, 87.3, 91.2, 93.4, 99.5, 103.8, 105.4, 119.8, 142.2, 148.9, 155.0, 169.1]","['NEAR', 'RAIL', 'INSIDE', 'INSIDE', 'INSIDE', 'INSIDE', 'NEAR', 'OUTSIDE', 'RAIL', 'INSIDE', 'INSIDE', 'INSIDE', 'OUTSIDE', 'OUTSIDE', 'INSIDE', 'OUTSIDE', 'INSIDE', 'RAIL', 'INSIDE', 'INSIDE']","[[3.76, 0.09, 1.95], [0.15, 0.5, 0.34], [0.63, 1.41, 0.05], [0.64, 2.89, 0.2], [0.28, 1.97, 0.55], [0.15, 2.09, 0.01], [0.4, 0.81, 0.03], [2.63, 1.0, 0.74], [0.22, 0.23, 0.91], [0.22, 3.8, 0.41], [1.71, 3.89, 1.88], [0.28, 3.61, 0.43], [0.48, 0.71, 1.28], [1.31, 0.36, 1.8], [1.22, 4.31, 0.66], [0.13, 1.88, 0.0], [2.65, 4.44, 0.38], [0.03, 0.34, 0.22], [3.07, 4.65, 0.65], [1.34, 1.48, 0.01]]","[194, 197, 205, 198, 226, 213, 216, 154, 179, 169, 207, 139, 215, 236, 235, 227, 185, 196, 237, 208]",22.5
311,1788358474935877213,307200,85568,19,15,170.3,"[28.3, 29.2, 29.3, 30.8, 77.0, 82.8, 87.3, 91.9, 103.5, 105.4, 108.7, 119.7, 142.7, 148.8, 170.3]","['RAIL', 'INSIDE', 'INSIDE', 'NEAR', 'OUTSIDE', 'RAIL', 'INSIDE', 'INSIDE', 'OUTSIDE', 'INSIDE', 'OUTSIDE', 'INSIDE', 'INSIDE', 'RAIL', 'INSIDE']","[[0.2, 0.54, 0.34], [0.51, 1.31, 0.04], [0.12, 2.38, 0.01], [0.4, 0.81, 0.03], [2.64, 1.0, 0.89], [0.18, 0.29, 0.7], [0.13, 3.79, 0.41], [3.21, 4.1, 1.91], [0.79, 0.36, 0.92], [1.16, 3.7, 0.45], [0.19, 1.5, 0.67], [0.15, 3.97, 0.0], [1.59, 4.35, 0.38], [0.07, 0.34, 0.22], [1.27, 3.26, 0.01]]","[197, 205, 216, 226, 154, 179, 169, 207, 236, 235, 221, 227, 185, 196, 208]",25.3
312,1788358475040692629,307200,85702,21,19,168.2,"[23.1, 29.2, 30.8, 31.2, 42.6, 81.3, 82.7, 87.3, 89.9, 92.4, 99.4, 103.6, 106.0, 113.5, 119.6, 141.9, 148.7, 154.9, 168.2]","['NEAR', 'INSIDE', 'RAIL', 'INSIDE', 'NEAR', 'NEAR', 'RAIL', 'INSIDE', 'NEAR', 'INSIDE', 'INSIDE', 'OUTSIDE', 'INSIDE', 'RAIL', 'INSIDE', 'INSIDE', 'RAIL', 'INSIDE', 'INSIDE']","[[3.71, 0.11, 1.95], [0.52, 1.1, 0.15], [0.22, 0.52, 0.34], [0.09, 1.19, 0.01], [0.39, 0.81, 0.03], [0.11, 0.85, 0.0], [0.24, 0.39, 0.91], [0.04, 3.5, 0.0], [0.93, 0.22, 1.22], [1.91, 4.09, 0.85], [0.44, 4.18, 1.76], [1.24, 0.31, 1.8], [2.62, 4.1, 0.45], [0.02, 0.21, 0.32], [0.18, 3.96, 0.0], [2.83, 4.34, 0.37], [0.04, 0.34, 0.22], [3.0, 4.64, 0.65], [2.66, 4.1, 0.01]]","[194, 182, 197, 213, 226, 222, 179, 169, 206, 207, 215, 236, 235, 234, 227, 185, 196, 237, 208]",23.8
313,1788358475139940832,307200,85733,29,24,170.2,"[25.1, 25.3, 29.3, 30.7, 30.8, 35.9, 36.0, 38.5, 45.9, 46.5, 82.6, 87.3, 88.7, 91.2, 93.2, 98.9, 103.6, 105.7, 107.2, 111.7, 142.6, 148.6, 155.4, 170.2]","['RAIL', 'INSIDE', 'INSIDE', 'INSIDE', 'INSIDE', 'NEAR', 'INSIDE', 'INSIDE', 'INSIDE', 'INSIDE', 'OUTSIDE', 'INSIDE', 'INSIDE', 'NEAR', 'INSIDE', 'OUTSIDE', 'OUTSIDE', 'INSIDE', 'INSIDE', 'INSIDE', 'INSIDE', 'RAIL', 'INSIDE', 'INSIDE']","[[0.47, 0.54, 0.34], [1.13, 1.71, 0.11], [0.16, 1.21, 0.27], [0.69, 1.41, 0.06], [1.58, 1.59, 0.11], [0.16, 0.82, 0.01], [0.57, 2.72, 0.03], [1.09, 2.1, 0.11], [0.15, 0.94, 0.01], [0.81, 1.63, 0.06], [0.24, 0.34, 0.92], [0.09, 3.66, 0.0], [0.06, 3.56, 0.0], [2.15, 0.21, 1.6], [0.53, 3.78, 0.42], [2.11, 0.21, 1.56], [1.23, 0.36, 1.79], [0.31, 3.92, 0.19], [0.14, 1.31, 0.0], [0.16, 3.31, 0.0], [1.44, 3.86, 0.38], [0.05, 0.34, 0.22], [4.28, 4.65, 0.34], [1.24, 2.97, 0.01]]","[197, 162, 205, 216, 209, 202, 195, 198, 159, 194, 179, 169, 206, 207, 139, 215, 236, 235, 221, 234, 185, 196, 237, 208]",23.7
314,1788358475239621310,307200,85782,29,21,171.2,"[25.9, 28.5, 29.3, 30.0, 30.8, 32.0, 36.3, 36.6, 38.5, 43.3, 46.7, 48.1, 82.6, 88.0, 92.4, 103.2, 107.2, 143.8, 148.6, 158.3, 171.2]","['NEAR', 'NEAR', 'NEAR', 'RAIL', 'INSIDE', 'INSIDE', 'NEAR', 'INSIDE', 'NEAR', 'INSIDE', 'INSIDE', 'INSIDE', 'RAIL', 'INSIDE', 'INSIDE', 'OUTSIDE', 'INSIDE', 'INSIDE', 'RAIL', 'INSIDE', 'INSIDE']","[[0.61, 0.05, 1.19], [1.36, 0.06, 2.02], [1.94, 0.09, 1.88], [0.55, 0.54, 0.34], [0.55, 1.31, 0.04], [0.3, 2.43, 0.03], [1.17, 0.47, 0.08], [0.16, 1.63, 0.01], [0.14, 1.01, 0.01], [0.12, 0.94, 0.01], [0.67, 1.38, 0.04], [0.19, 1.21, 0.01], [0.26, 0.52, 1.13], [1.39, 3.37, 0.44], [4.66, 4.13, 1.94], [0.68, 0.37, 0.92], [0.16, 2.06, 0.0], [1.55, 3.61, 0.4], [0.05, 0.34, 0.22], [1.32, 1.11, 0.01], [0.99, 3.91, 0.84]]","[216, 205, 197, 226, 162, 198, 209, 202, 195, 159, 194, 213, 179, 206, 139, 236, 221, 185, 196, 237, 208]",26.8
315,1788358475336643214,307200,85997,27,23,170.1,"[25.8, 29.3, 30.7, 30.9, 36.2, 36.6, 38.4, 46.6, 82.5, 84.0, 87.2, 88.9, 91.1, 93.2, 95.0, 103.5, 105.7, 107.1, 108.5, 142.5, 148.5, 155.4, 170.1]","['NEAR', 'RAIL', 'INSIDE', 'INSIDE', 'NEAR', 'INSIDE', 'INSIDE', 'INSIDE', 'RAIL', 'INSIDE', 'INSIDE', 'INSIDE', 'NEAR', 'INSIDE', 'OUTSIDE', 'OUTSIDE', 'INSIDE', 'INSIDE', 'INSIDE', 'INSIDE', 'RAIL', 'INSIDE', 'INSIDE']","[[2.97, 0.08, 2.09], [0.28, 0.54, 0.34], [0.55, 1.31, 0.04], [0.3, 2.43, 0.03], [1.24, 0.46, 0.08], [0.34, 1.63, 0.02], [0.14, 0.94, 0.01], [0.67, 1.38, 0.04], [0.24, 0.37, 1.13], [0.02, 0.73, 0.0], [0.17, 3.79, 0.41], [0.95, 3.88, 0.4], [2.14, 0.21, 1.6], [0.67, 3.77, 0.42], [0.85, 0.86, 1.46], [1.21, 0.36, 1.79], [0.86, 4.3, 0.85], [0.1, 1.31, 0.0], [0.14, 3.58, 0.67], [1.47, 4.34, 0.38], [0.02, 0.26, 0.22], [4.35, 4.64, 0.34], [1.26, 3.28, 0.01]]","[205, 226, 162, 198, 209, 202, 159, 194, 179, 127, 169, 206, 207, 139, 215, 236, 235, 221, 243, 185, 196, 237, 208]",29.2
316,1788358475440426687,307200,85961,29,21,170.5,"[25.0, 28.0, 28.4, 30.5, 30.7, 31.0, 38.5, 43.3, 45.9, 46.7, 82.5, 87.9, 91.6, 94.9, 103.1, 107.1, 108.5, 143.7, 148.5, 158.9, 170.5]","['NEAR', 'NEAR', 'RAIL', 'INSIDE', 'NEAR', 'INSIDE', 'INSIDE', 'INSIDE', 'INSIDE', 'INSIDE', 'RAIL', 'INSIDE', 'INSIDE', 'INSIDE', 'OUTSIDE', 'INSIDE', 'INSIDE', 'INSIDE', 'RAIL', 'INSIDE', 'INSIDE']","[[0.51, 0.06, 1.27], [3.58, 0.11, 2.08], [0.63, 0.53, 0.34], [1.08, 1.79, 0.11], [0.11, 0.96, 0.01], [0.11, 1.63, 0.01], [0.83, 2.07, 0.04], [0.19, 0.81, 0.01], [0.12, 1.47, 0.01], [0.17, 0.91, 0.01], [0.24, 0.39, 0.69], [1.33, 3.67, 0.44], [3.23, 4.24, 1.91], [0.53, 2.68, 1.02], [0.65, 0.31, 0.92], [0.11, 2.06, 0.0], [0.14, 3.58, 0.67], [1.53, 3.93, 0.68], [0.06, 0.34, 0.22], [0.08, 0.83, 0.0], [2.2, 4.21, 0.84]]","[216, 205, 226, 198, 162, 202, 213, 159, 197, 195, 179, 169, 139, 215, 236, 221, 243, 185, 196, 237, 208]",23.7
317,1788358475544488151,307200,85802,30,23,171.2,"[27.9, 30.4, 31.1, 32.7, 40.5, 40.7, 41.6, 43.3, 46.7, 47.8, 82.4, 83.4, 88.1, 90.4, 92.3, 94.4, 103.4, 105.7, 108.5, 143.8, 149.0, 161.3, 171.2]","['NEAR', 'RAIL', 'INSIDE', 'INSIDE', 'INSIDE', 'INSIDE', 'INSIDE', 'INSIDE', 'INSIDE', 'NEAR', 'RAIL', 'INSIDE', 'INSIDE', 'INSIDE', 'OUTSIDE', 'INSIDE', 'OUTSIDE', 'INSIDE', 'INSIDE', 'INSIDE', 'INSIDE', 'INSIDE', 'INSIDE']","[[3.56, 0.12, 2.08], [0.12, 0.54, 0.25], [0.22, 2.12, 0.01], [0.45, 1.37, 0.04], [0.09, 1.41, 0.01], [0.14, 2.0, 0.0], [0.21, 1.06, 0.01], [0.12, 1.27, 0.01], [0.24, 1.02, 0.01], [0.29, 1.0, 0.02], [0.25, 0.51, 1.13], [1.34, 3.84, 0.37], [1.11, 4.17, 0.78], [0.92, 3.97, 2.38], [0.94, 0.49, 0.19], [0.39, 3.32, 0.43], [1.21, 0.53, 1.79], [0.32, 1.82, 0.43], [0.11, 3.76, 0.67], [1.36, 4.19, 0.68], [1.09, 2.61, 1.66], [4.77, 4.3, 0.31], [1.33, 3.92, 0.85]]","[205, 226, 202, 162, 159, 213, 195, 197, 209, 194, 179, 127, 169, 139, 215, 207, 236, 235, 243, 185, 196, 237, 208]",27.9
318,1788358475645070326,307200,85703,32,23,171.2,"[25.4, 27.9, 31.1, 32.7, 40.5, 40.6, 41.4, 46.6, 47.7, 81.5, 83.7, 88.6, 90.0, 90.4, 92.4, 93.0, 103.4, 105.8, 108.4, 143.7, 148.4, 161.2, 171.2]","['NEAR', 'INSIDE', 'INSIDE', 'INSIDE', 'INSIDE', 'INSIDE', 'INSIDE', 'INSIDE', 'NEAR', 'RAIL', 'INSIDE', 'INSIDE', 'INSIDE', 'NEAR', 'OUTSIDE', 'INSIDE', 'OUTSIDE', 'INSIDE', 'INSIDE', 'INSIDE', 'RAIL', 'INSIDE', 'INSIDE']","[[3.38, 0.12, 2.03], [1.22, 1.74, 0.2], [0.27, 2.12, 0.01], [0.44, 0.92, 0.04], [0.1, 1.41, 0.01], [0.14, 2.0, 0.0], [0.14, 1.26, 0.01], [0.48, 1.02, 0.03], [0.31, 1.0, 0.02], [2.04, 0.37, 0.9], [0.6, 3.84, 0.37], [0.08, 3.4, 0.0], [0.03, 2.99, 0.0], [0.97, 0.09, 0.87], [0.86, 0.5, 0.18], [0.4, 0.84, 0.83], [1.23, 0.36, 1.79], [0.57, 3.84, 0.85], [0.1, 3.21, 0.0], [1.47, 3.94, 0.68], [0.07, 0.34, 0.22], [4.8, 4.02, 0.31], [1.32, 3.91, 0.85]]","[205, 198, 202, 162, 159, 213, 197, 209, 194, 179, 127, 206, 139, 169, 215, 207, 236, 235, 243, 185, 196, 237, 208]",28.5
319,1788358475737934920,307200,85631,31,22,171.2,"[25.4, 27.9, 30.4, 31.1, 32.7, 40.5, 40.6, 46.7, 81.5, 83.4, 88.5, 90.0, 90.4, 92.4, 93.0, 103.1, 105.6, 108.4, 143.7, 148.4, 161.3, 171.2]","['NEAR', 'RAIL', 'INSIDE', 'INSIDE', 'INSIDE', 'INSIDE', 'INSIDE', 'NEAR', 'RAIL', 'INSIDE', 'INSIDE', 'INSIDE', 'NEAR', 'OUTSIDE', 'INSIDE', 'OUTSIDE', 'INSIDE', 'INSIDE', 'INSIDE', 'RAIL', 'INSIDE', 'INSIDE']","[[3.4, 0.11, 2.08], [0.14, 0.52, 0.33], [1.2, 1.74, 0.21], [0.22, 2.28, 0.01], [0.46, 0.92, 0.04], [0.13, 1.41, 0.01], [0.2, 1.26, 0.02], [0.3, 1.0, 0.02], [1.99, 0.37, 1.12], [1.22, 3.7, 0.37], [0.21, 3.9, 0.78], [0.04, 3.14, 0.0], [0.97, 0.09, 1.23], [0.75, 0.5, 0.18], [0.39, 1.49, 0.83], [0.62, 0.19, 0.92], [0.74, 3.88, 0.86], [0.2, 3.02, 0.67], [1.32, 4.19, 0.68], [0.03, 0.34, 0.22], [4.81, 3.74, 0.31], [1.34, 4.21, 0.85]]","[205, 226, 198, 202, 162, 159, 197, 194, 179, 127, 206, 139, 169, 215, 207, 236, 235, 243, 185, 196, 237, 208]",35.4
320,1788358475839075947,307200,85672,32,22,169.9,"[25.1, 27.9, 30.5, 30.7, 31.1, 36.4, 38.4, 45.6, 46.6, 82.4, 82.8, 87.0, 88.4, 90.8, 92.9, 103.1, 105.4, 108.3, 111.5, 141.7, 148.4, 169.9]","['NEAR', 'RAIL', 'INSIDE', 'NEAR', 'INSIDE', 'INSIDE', 'INSIDE', 'INSIDE', 'INSIDE', 'RAIL', 'INSIDE', 'INSIDE', 'INSIDE', 'INSIDE', 'INSIDE', 'OUTSIDE', 'INSIDE', 'INSIDE', 'INSIDE', 'INSIDE', 'RAIL', 'INSIDE']","[[3.4, 0.12, 2.08], [0.3, 0.54, 0.34], [0.58, 1.74, 0.06], [0.69, 1.13, 0.49], [0.26, 1.63, 0.01], [1.25, 2.13, 0.08], [0.36, 2.06, 0.02], [0.13, 0.94, 0.01], [0.09, 1.46, 0.01], [0.22, 0.23, 1.12], [1.44, 5.47, 2.37], [0.05, 3.78, 0.41], [0.16, 3.52, 0.18], [1.84, 1.14, 1.01], [0.48, 3.76, 0.42], [0.81, 0.36, 0.92], [0.24, 3.86, 0.19], [0.21, 2.64, 1.62], [0.1, 3.31, 0.0], [2.7, 4.43, 0.38], [0.07, 0.34, 0.22], [1.21, 2.37, 0.01]]","[205, 226, 198, 162, 202, 194, 213, 159, 197, 179, 127, 206, 139, 169, 207, 236, 235, 243, 234, 185, 196, 208]",31.2
321,1788358475941797178,307200,85892,30,21,168.7,"[25.1, 27.9, 30.5, 30.7, 31.1, 36.1, 38.3, 45.6, 46.5, 82.4, 87.0, 88.5, 90.7, 92.9, 103.1, 105.3, 108.4, 113.8, 142.3, 148.4, 168.7]","['NEAR', 'RAIL', 'INSIDE', 'NEAR', 'INSIDE', 'INSIDE', 'INSIDE', 'INSIDE', 'INSIDE', 'RAIL', 'INSIDE', 'INSIDE', 'INSIDE', 'INSIDE', 'OUTSIDE', 'INSIDE', 'OUTSIDE', 'INSIDE', 'INSIDE', 'RAIL', 'INSIDE']","[[3.43, 0.11, 2.08], [0.37, 0.53, 0.34], [0.68, 1.74, 0.07], [0.63, 1.13, 0.49], [0.23, 1.47, 0.01], [0.33, 2.06, 0.02], [0.15, 0.94, 0.01], [0.69, 1.37, 0.05], [0.1, 1.56, 0.01], [0.24, 0.37, 0.9], [0.09, 3.78, 0.41], [0.06, 3.4, 0.0], [1.93, 1.8, 1.88], [0.46, 3.76, 0.43], [0.8, 0.37, 0.92], [0.48, 4.06, 0.66], [0.17, 1.68, 0.67], [0.07, 0.99, 0.0], [1.55, 4.39, 1.37], [0.03, 0.34, 0.22], [1.29, 3.82, 0.01]]","[205, 226, 198, 162, 202, 213, 159, 194, 197, 179, 206, 139, 169, 207, 236, 235, 243, 234, 185, 196, 208]",32.4
322,1788358476042376586,307200,86134,23,16,165.1,"[25.0, 28.2, 30.9, 31.0, 42.3, 81.0, 82.4, 82.8, 83.8, 86.9, 89.8, 92.4, 105.0, 137.5, 148.4, 165.1]","['NEAR', 'NEAR', 'INSIDE', 'INSIDE', 'INSIDE', 'INSIDE', 'RAIL', 'INSIDE', 'INSIDE', 'INSIDE', 'INSIDE', 'INSIDE', 'INSIDE', 'INSIDE', 'RAIL', 'INSIDE']","[[0.53, 0.06, 1.26], [3.48, 0.14, 2.07], [0.59, 1.72, 0.06], [1.0, 1.21, 0.25], [0.1, 0.89, 0.01], [0.14, 3.39, 0.0], [0.2, 0.24, 0.9], [0.73, 4.3, 2.37], [0.75, 3.4, 0.18], [0.05, 3.64, 0.0], [2.31, 2.58, 1.58], [1.86, 3.73, 1.41], [1.28, 3.91, 0.66], [5.92, 4.21, 0.69], [0.07, 0.26, 0.22], [2.98, 4.34, 0.36]]","[216, 205, 198, 162, 195, 127, 179, 206, 139, 169, 207, 215, 235, 185, 196, 208]",28.2
323,1788358476139146766,307200,86012,23,17,169.3,"[25.1, 25.9, 27.5, 30.4, 30.7, 31.1, 36.0, 45.7, 46.4, 82.4, 86.8, 90.4, 92.2, 103.3, 105.0, 148.4, 169.3]","['NEAR', 'NEAR', 'RAIL', 'INSIDE', 'INSIDE', 'INSIDE', 'NEAR', 'INSIDE', 'INSIDE', 'RAIL', 'INSIDE', 'NEAR', 'INSIDE', 'OUTSIDE', 'INSIDE', 'RAIL', 'INSIDE']","[[3.04, 0.06, 1.87], [3.4, 0.11, 2.09], [0.13, 0.53, 0.33], [0.69, 1.74, 0.07], [0.67, 1.24, 0.49], [0.32, 2.34, 0.03], [0.32, 0.82, 0.02], [0.57, 2.54, 0.03], [0.62, 1.37, 0.04], [0.22, 0.23, 0.9], [0.39, 3.77, 0.41], [0.89, 0.19, 1.84], [1.78, 3.87, 0.45], [1.25, 0.36, 1.79], [1.21, 4.01, 0.45], [0.02, 0.34, 0.22], [0.16, 3.84, 0.0]]","[216, 205, 226, 198, 162, 197, 202, 213, 194, 179, 169, 207, 215, 236, 235, 196, 208]",33.3
324,1788358476242005505,307200,86041,17,14,167.9,"[25.1, 25.9, 30.3, 30.7, 36.0, 82.4, 87.0, 89.8, 92.3, 103.3, 105.4, 119.3, 148.4, 167.9]","['NEAR', 'INSIDE', 'INSIDE', 'INSIDE', 'INSIDE', 'RAIL', 'INSIDE', 'NEAR', 'INSIDE', 'OUTSIDE', 'INSIDE', 'INSIDE', 'RAIL', 'INSIDE']","[[4.88, 0.12, 2.09], [0.67, 1.73, 0.07], [0.7, 1.23, 0.49], [0.19, 1.26, 0.02], [0.62, 1.37, 0.04], [0.23, 0.23, 0.9], [0.05, 3.64, 0.0], [0.53, 0.22, 1.4], [2.24, 4.19, 1.44], [1.23, 0.36, 1.79], [0.18, 3.86, 0.0], [0.16, 3.95, 0.0], [0.05, 0.34, 0.22], [2.64, 4.09, 0.01]]","[205, 198, 162, 197, 194, 179, 169, 207, 215, 236, 235, 248, 196, 208]",33.8
325,1788358476340625516,307200,86107,22,15,165.2,"[30.5, 30.9, 31.1, 81.1, 82.4, 82.7, 86.2, 90.9, 92.5, 103.2, 105.8, 118.6, 137.4, 148.4, 165.2]","['NEAR', 'RAIL', 'INSIDE', 'INSIDE', 'RAIL', 'INSIDE', 'INSIDE', 'INSIDE', 'NEAR', 'OUTSIDE', 'INSIDE', 'INSIDE', 'INSIDE', 'RAIL', 'INSIDE']","[[3.44, 0.13, 1.85], [0.18, 0.58, 0.33], [0.98, 1.21, 0.49], [0.22, 2.26, 0.01], [0.25, 0.24, 0.9], [0.67, 4.48, 2.37], [1.47, 3.77, 0.42], [1.88, 3.83, 1.41], [4.06, 0.23, 2.2], [0.89, 0.31, 0.92], [2.31, 4.32, 1.35], [1.45, 4.16, 0.02], [5.92, 4.21, 0.69], [0.03, 0.26, 0.22], [2.96, 4.34, 0.36]]","[205, 226, 162, 127, 179, 206, 169, 215, 207, 236, 235, 248, 185, 196, 208]",32.3
326,1788358476439106684,307200,86103,22,15,165.9,"[25.7, 30.5, 30.9, 81.0, 82.4, 82.4, 87.0, 89.9, 92.2, 103.4, 105.7, 118.6, 138.8, 148.4, 165.9]","['RAIL', 'INSIDE', 'INSIDE', 'INSIDE', 'RAIL', 'INSIDE', 'INSIDE', 'NEAR', 'INSIDE', 'OUTSIDE', 'INSIDE', 'INSIDE', 'INSIDE', 'RAIL', 'INSIDE']","[[0.15, 0.53, 0.33], [0.95, 1.22, 0.49], [0.27, 2.41, 0.02], [0.19, 2.26, 0.0], [0.27, 0.51, 0.9], [0.25, 4.53, 2.37], [0.04, 3.64, 0.0], [2.18, 0.23, 1.59], [2.48, 3.84, 1.41], [1.33, 0.36, 1.79], [0.78, 3.9, 0.42], [1.4, 4.16, 0.02], [8.54, 4.21, 0.7], [0.0, 0.26, 0.22], [4.4, 3.77, 0.37]]","[226, 162, 197, 127, 179, 206, 169, 207, 215, 236, 235, 248, 185, 196, 208]",33.7
327,1788358476539614293,307200,86032,21,16,168.7,"[25.1, 25.8, 28.2, 29.7, 31.8, 36.0, 46.3, 82.4, 83.0, 87.0, 91.7, 103.1, 105.4, 119.3, 148.4, 168.7]","['NEAR', 'NEAR', 'NEAR', 'INSIDE', 'INSIDE', 'NEAR', 'INSIDE', 'RAIL', 'INSIDE', 'INSIDE', 'INSIDE', 'OUTSIDE', 'INSIDE', 'INSIDE', 'RAIL', 'INSIDE']","[[0.56, 0.05, 1.26], [1.58, 0.06, 2.09], [1.87, 0.11, 1.88], [0.64, 1.73, 0.07], [0.29, 2.42, 0.03], [0.14, 0.81, 0.01], [0.54, 1.37, 0.04], [0.2, 0.23, 0.9], [1.66, 5.48, 2.38], [0.04, 3.49, 0.0], [3.51, 4.21, 1.46], [0.85, 0.36, 0.92], [0.25, 3.86, 0.19], [0.15, 3.96, 0.0], [0.01, 0.26, 0.22], [1.26, 2.05, 0.01]]","[216, 205, 162, 198, 197, 202, 194, 179, 206, 169, 215, 236, 235, 248, 196, 208]",31.9
328,1788358476642821092,307200,86050,25,17,167.4,"[28.2, 30.7, 30.9, 35.6, 76.5, 81.0, 82.4, 83.1, 87.0, 90.3, 92.5, 103.2, 105.3, 119.2, 138.8, 148.4, 167.4]","['NEAR', 'NEAR', 'INSIDE', 'INSIDE', 'INSIDE', 'INSIDE', 'RAIL', 'INSIDE', 'INSIDE', 'NEAR', 'INSIDE', 'OUTSIDE', 'INSIDE', 'INSIDE', 'INSIDE', 'RAIL', 'INSIDE']","[[0.57, 0.05, 1.26], [3.8, 0.12, 2.09], [0.7, 1.22, 0.49], [0.77, 1.75, 0.05], [2.39, 2.04, 0.84], [0.19, 2.12, 0.0], [0.22, 0.37, 0.9], [1.46, 4.73, 2.37], [0.03, 3.64, 0.0], [0.96, 0.22, 2.2], [1.83, 3.83, 1.44], [0.93, 0.31, 0.92], [1.4, 4.28, 0.66], [0.17, 3.95, 0.0], [8.59, 4.22, 0.7], [0.03, 0.26, 0.22], [1.36, 2.93, 0.01]]","[216, 162, 205, 194, 127, 206, 179, 139, 169, 207, 215, 236, 235, 248, 185, 196, 208]",40.2
329,1788358476736197574,307200,86146,21,16,169.1,"[28.2, 29.9, 31.9, 81.0, 82.4, 82.7, 86.9, 90.4, 92.1, 103.2, 104.9, 117.9, 119.2, 138.8, 148.4, 169.1]","['NEAR', 'NEAR', 'NEAR', 'INSIDE', 'RAIL', 'INSIDE', 'INSIDE', 'NEAR', 'INSIDE', 'OUTSIDE', 'INSIDE', 'OUTSIDE', 'INSIDE', 'INSIDE', 'RAIL', 'INSIDE']","[[0.55, 0.05, 1.26], [1.18, 0.06, 1.85], [1.89, 0.12, 1.88], [0.1, 2.4, 0.0], [0.23, 0.51, 0.9], [0.68, 4.44, 2.37], [0.04, 3.64, 0.0], [1.06, 0.22, 2.2], [2.45, 3.84, 1.41], [0.92, 0.31, 0.92], [1.3, 3.91, 0.66], [0.11, 1.03, 0.0], [0.18, 4.16, 0.0], [8.57, 4.21, 0.7], [0.05, 0.26, 0.22], [10.88, 4.35, 1.08]]","[216, 162, 205, 206, 179, 139, 169, 207, 215, 236, 235, 248, 234, 185, 196, 208]",37.5
330,1788358476843128566,307200,86034,20,14,168.6,"[28.2, 30.4, 30.9, 35.9, 82.4, 82.9, 86.8, 91.7, 103.2, 106.1, 107.1, 119.3, 148.4, 168.6]","['NEAR', 'NEAR', 'RAIL', 'INSIDE', 'RAIL', 'INSIDE', 'INSIDE', 'INSIDE', 'OUTSIDE', 'INSIDE', 'INSIDE', 'INSIDE', 'RAIL', 'INSIDE']","[[0.58, 0.05, 1.26], [3.82, 0.12, 2.09], [0.1, 0.53, 0.33], [0.42, 1.87, 0.03], [0.2, 0.24, 0.9], [1.13, 5.17, 2.37], [0.35, 3.77, 0.41], [3.49, 4.11, 2.27], [0.88, 0.36, 0.92], [1.65, 3.94, 0.42], [0.04, 0.75, 0.0], [0.15, 4.16, 0.0], [0.01, 0.26, 0.22], [1.18, 2.94, 0.01]]","[216, 162, 226, 194, 179, 139, 169, 215, 236, 235, 243, 234, 196, 208]",31.7
331,1788358476937585886,307200,86087,26,17,167.3,"[28.2, 29.7, 30.4, 31.9, 38.2, 47.1, 81.1, 82.4, 83.1, 87.0, 91.6, 103.2, 105.6, 118.6, 138.8, 148.4, 167.3]","['NEAR', 'NEAR', 'NEAR', 'RAIL', 'RAIL', 'INSIDE', 'INSIDE', 'RAIL', 'INSIDE', 'INSIDE', 'INSIDE', 'OUTSIDE', 'INSIDE', 'INSIDE', 'INSIDE', 'RAIL', 'INSIDE']","[[0.56, 0.05, 1.26], [1.54, 0.06, 2.09], [1.86, 0.12, 1.88], [0.83, 0.07, 0.28], [0.13, 0.57, 0.33], [0.22, 0.94, 0.02], [0.2, 1.7, 0.0], [0.2, 0.23, 0.9], [1.56, 4.81, 2.37], [0.04, 3.49, 0.0], [3.49, 4.21, 1.9], [0.9, 0.36, 0.92], [2.61, 4.32, 0.66], [1.35, 4.16, 0.02], [8.57, 4.33, 0.7], [0.03, 0.26, 0.22], [1.54, 4.07, 0.83]]","[216, 162, 205, 241, 226, 194, 206, 179, 139, 169, 215, 236, 235, 234, 185, 196, 208]",50.0
332,1788358477042605601,307200,86169,23,16,165.2,"[28.2, 30.4, 31.1, 81.0, 82.4, 83.1, 84.2, 86.2, 90.4, 103.2, 105.6, 117.9, 119.2, 138.8, 154.5, 165.2]","['NEAR', 'NEAR', 'RAIL', 'INSIDE', 'RAIL', 'INSIDE', 'INSIDE', 'INSIDE', 'NEAR', 'OUTSIDE', 'INSIDE', 'INSIDE', 'INSIDE', 'INSIDE', 'INSIDE', 'INSIDE']","[[0.53, 0.05, 1.26], [3.45, 0.3, 2.39], [0.14, 0.58, 0.12], [0.2, 2.4, 0.0], [0.25, 0.23, 0.9], [1.46, 4.44, 2.37], [0.03, 2.06, 0.0], [1.51, 3.82, 1.36], [1.14, 0.22, 2.21], [0.86, 0.2, 0.92], [0.74, 4.05, 0.43], [0.23, 3.91, 0.0], [0.17, 3.95, 0.0], [8.55, 4.21, 0.69], [2.95, 4.66, 0.65], [2.97, 4.06, 0.36]]","[216, 205, 226, 206, 179, 139, 169, 207, 215, 236, 235, 234, 248, 185, 258, 208]",38.8
333,1788358477143136974,307200,86088,27,18,165.9,"[25.0, 25.8, 30.9, 38.2, 47.1, 76.6, 81.0, 82.4, 82.7, 86.1, 93.8, 103.2, 106.2, 119.3, 138.8, 148.4, 154.5, 165.9]","['NEAR', 'RAIL', 'INSIDE', 'INSIDE', 'INSIDE', 'NEAR', 'INSIDE', 'RAIL', 'INSIDE', 'INSIDE', 'NEAR', 'OUTSIDE', 'INSIDE', 'INSIDE', 'INSIDE', 'RAIL', 'INSIDE', 'OUTSIDE']","[[3.8, 0.12, 1.94], [0.83, 0.1, 0.28], [0.49, 1.73, 0.05], [0.11, 1.26, 0.01], [0.21, 0.94, 0.02], [2.64, 1.35, 0.7], [0.17, 1.7, 0.0], [0.21, 0.24, 0.9], [0.9, 4.53, 2.37], [1.88, 3.77, 0.79], [1.89, 0.13, 1.05], [0.9, 0.36, 0.92], [1.67, 4.28, 0.86], [0.2, 4.16, 0.0], [8.61, 4.57, 1.36], [0.03, 0.26, 0.22], [2.99, 4.66, 0.65], [4.36, 2.02, 0.37]]","[205, 241, 198, 197, 194, 127, 206, 179, 139, 207, 215, 236, 235, 248, 185, 196, 258, 208]",37.1
334,1788358477242685830,307200,86111,21,16,167.3,"[25.1, 25.7, 30.4, 30.9, 34.7, 76.6, 82.4, 87.0, 99.2, 103.4, 106.2, 107.1, 119.2, 148.4, 155.2, 167.3]","['NEAR', 'RAIL', 'INSIDE', 'INSIDE', 'INSIDE', 'OUTSIDE', 'RAIL', 'INSIDE', 'INSIDE', 'OUTSIDE', 'INSIDE', 'INSIDE', 'INSIDE', 'RAIL', 'INSIDE', 'INSIDE']","[[3.83, 0.11, 2.09], [0.14, 0.53, 0.33], [0.61, 1.73, 0.06], [0.29, 2.42, 0.03], [0.1, 0.97, 0.01], [2.58, 1.25, 0.88], [0.2, 0.23, 0.9], [0.03, 3.64, 0.0], [0.36, 3.96, 1.76], [1.27, 0.22, 1.79], [1.68, 3.94, 0.42], [0.05, 0.75, 0.0], [0.22, 4.16, 0.0], [0.06, 0.34, 0.22], [4.2, 4.66, 0.66], [1.4, 4.09, 0.01]]","[205, 226, 198, 197, 194, 127, 179, 207, 259, 236, 235, 243, 248, 196, 258, 208]",33.9
335,1788358477342661030,307200,86219,22,20,165.8,"[25.0, 25.7, 28.2, 30.4, 30.9, 30.9, 81.0, 82.4, 82.7, 87.0, 98.5, 103.2, 105.4, 111.4, 118.6, 126.8, 138.8, 148.4, 154.5, 165.8]","['NEAR', 'NEAR', 'RAIL', 'INSIDE', 'INSIDE', 'INSIDE', 'INSIDE', 'RAIL', 'INSIDE', 'INSIDE', 'INSIDE', 'OUTSIDE', 'INSIDE', 'INSIDE', 'INSIDE', 'INSIDE', 'INSIDE', 'RAIL', 'INSIDE', 'INSIDE']","[[0.5, 0.05, 1.26], [3.76, 0.13, 1.94], [0.21, 0.53, 0.27], [0.59, 1.73, 0.06], [1.0, 1.22, 0.49], [0.1, 1.26, 0.01], [0.15, 2.12, 0.0], [0.24, 0.37, 0.9], [0.74, 4.53, 2.37], [0.03, 3.64, 0.0], [1.71, 3.96, 1.76], [0.87, 0.2, 0.92], [1.35, 4.29, 0.85], [0.14, 3.31, 0.0], [1.41, 4.16, 0.02], [12.96, 4.56, 1.26], [8.65, 4.21, 0.7], [0.03, 0.26, 0.22], [3.0, 4.66, 0.65], [4.35, 4.34, 0.37]]","[216, 205, 226, 198, 253, 197, 206, 179, 139, 207, 259, 236, 235, 260, 248, 251, 185, 196, 258, 208]",25.7
336,1788358477444998035,307200,86149,26,22,165.2,"[25.2, 25.9, 28.2, 30.4, 30.5, 30.9, 30.9, 81.0, 82.4, 83.0, 87.0, 92.5, 98.5, 103.2, 105.1, 111.4, 119.2, 126.6, 138.8, 148.4, 154.5, 165.2]","['NEAR', 'NEAR', 'RAIL', 'INSIDE', 'INSIDE', 'RAIL', 'INSIDE', 'INSIDE', 'RAIL', 'INSIDE', 'INSIDE', 'INSIDE', 'INSIDE', 'OUTSIDE', 'INSIDE', 'INSIDE', 'INSIDE', 'INSIDE', 'INSIDE', 'RAIL', 'INSIDE', 'INSIDE']","[[0.51, 0.05, 1.26], [3.82, 0.12, 1.95], [0.16, 0.53, 0.2], [0.85, 1.73, 0.08], [1.02, 1.22, 0.49], [0.27, 0.21, 0.12], [0.04, 1.6, 0.01], [0.24, 2.4, 0.01], [0.22, 0.51, 0.9], [1.37, 4.53, 2.37], [0.03, 3.49, 0.0], [1.84, 3.83, 1.41], [1.71, 3.98, 1.76], [0.88, 0.31, 0.92], [1.82, 4.28, 0.85], [0.14, 3.11, 0.0], [0.18, 4.16, 0.0], [7.31, 4.45, 0.86], [8.56, 4.45, 0.7], [0.02, 0.26, 0.22], [2.93, 4.66, 0.65], [2.96, 4.35, 0.36]]","[216, 205, 226, 198, 253, 197, 162, 206, 179, 139, 207, 215, 259, 236, 235, 260, 248, 251, 185, 196, 258, 208]",24.0
337,1788358477540238073,307200,86102,24,22,154.5,"[25.0, 28.2, 29.7, 30.4, 30.7, 31.8, 35.6, 35.6, 47.1, 81.0, 82.4, 83.1, 87.0, 91.3, 99.2, 103.4, 105.7, 107.6, 111.4, 119.3, 148.4, 154.5]","['NEAR', 'NEAR', 'NEAR', 'RAIL', 'RAIL', 'INSIDE', 'INSIDE', 'INSIDE', 'INSIDE', 'NEAR', 'RAIL', 'INSIDE', 'INSIDE', 'INSIDE', 'INSIDE', 'OUTSIDE', 'INSIDE', 'INSIDE', 'INSIDE', 'INSIDE', 'RAIL', 'INSIDE']","[[0.54, 0.05, 1.26], [1.52, 0.07, 2.09], [1.88, 0.12, 1.88], [0.86, 0.1, 0.28], [0.14, 0.57, 0.33], [0.61, 1.73, 0.06], [0.64, 1.22, 0.49], [1.18, 1.46, 0.08], [0.79, 1.75, 0.05], [0.07, 1.13, 0.0], [0.23, 0.34, 0.9], [1.51, 5.48, 2.37], [0.03, 3.49, 0.0], [4.19, 4.2, 2.27], [0.33, 3.96, 1.76], [1.26, 0.36, 1.79], [2.58, 4.28, 0.85], [1.09, 1.39, 0.45], [0.17, 3.31, 0.0], [0.15, 4.16, 0.0], [0.03, 0.26, 0.22], [3.01, 4.66, 0.65]]","[216, 205, 253, 241, 226, 198, 162, 252, 194, 206, 179, 139, 207, 215, 259, 236, 235, 243, 260, 248, 196, 258]",27.8
338,1788358477644366041,307200,86146,27,24,165.9,"[25.0, 28.2, 29.8, 30.5, 30.9, 31.9, 35.6, 35.7, 81.0, 82.4, 83.1, 87.0, 92.5, 99.2, 103.2, 105.5, 111.4, 112.8, 118.6, 126.8, 138.8, 148.4, 154.5, 165.9]","['NEAR', 'NEAR', 'NEAR', 'INSIDE', 'INSIDE', 'INSIDE', 'INSIDE', 'INSIDE', 'INSIDE', 'RAIL', 'INSIDE', 'INSIDE', 'INSIDE', 'INSIDE', 'OUTSIDE', 'INSIDE', 'INSIDE', 'RAIL', 'INSIDE', 'INSIDE', 'INSIDE', 'RAIL', 'INSIDE', 'INSIDE']","[[0.54, 0.05, 1.26], [1.59, 0.06, 1.85], [1.87, 0.12, 1.89], [0.62, 1.73, 0.07], [0.98, 1.22, 0.49], [1.33, 1.83, 0.09], [0.04, 1.6, 0.01], [0.75, 1.75, 0.05], [0.18, 1.98, 0.0], [0.18, 0.24, 0.9], [1.54, 4.81, 2.37], [0.03, 3.49, 0.0], [1.86, 3.73, 1.44], [0.26, 3.96, 1.76], [0.87, 0.36, 0.92], [0.25, 3.54, 0.19], [0.12, 3.31, 0.0], [1.02, 0.38, 0.32], [1.38, 3.95, 0.02], [12.94, 4.6, 1.26], [8.59, 4.47, 0.7], [0.02, 0.34, 0.22], [2.99, 4.66, 0.65], [4.44, 4.62, 0.83]]","[216, 205, 253, 198, 162, 252, 226, 194, 206, 179, 139, 207, 215, 259, 236, 235, 260, 234, 248, 251, 185, 196, 258, 208]",27.4
339,1788358477738980461,307200,86184,23,23,165.2,"[25.6, 28.3, 29.8, 30.4, 30.5, 30.9, 31.9, 47.1, 81.0, 82.4, 82.7, 87.0, 91.1, 98.5, 103.2, 105.1, 111.4, 118.6, 126.0, 138.8, 148.4, 154.5, 165.2]","['NEAR', 'NEAR', 'NEAR', 'RAIL', 'RAIL', 'INSIDE', 'INSIDE', 'INSIDE', 'INSIDE', 'RAIL', 'INSIDE', 'INSIDE', 'INSIDE', 'INSIDE', 'OUTSIDE', 'INSIDE', 'INSIDE', 'INSIDE', 'INSIDE', 'INSIDE', 'RAIL', 'INSIDE', 'INSIDE']","[[0.65, 0.05, 1.26], [1.55, 0.06, 1.85], [1.85, 0.12, 1.88], [0.8, 0.07, 0.28], [0.11, 0.57, 0.12], [1.0, 1.22, 0.24], [0.24, 1.25, 0.02], [0.05, 1.6, 0.01], [0.15, 2.12, 0.0], [0.27, 0.39, 0.9], [0.75, 4.53, 2.37], [0.03, 3.64, 0.0], [4.55, 4.19, 1.62], [1.73, 4.15, 1.76], [0.92, 0.2, 0.92], [0.98, 4.24, 0.66], [0.08, 3.11, 0.0], [1.47, 3.95, 0.02], [8.58, 4.46, 1.13], [8.57, 4.21, 0.69], [0.02, 0.26, 0.22], [2.96, 4.66, 0.65], [3.0, 4.35, 0.36]]","[216, 205, 253, 241, 226, 162, 255, 194, 206, 179, 139, 207, 215, 259, 236, 235, 260, 248, 251, 185, 196, 258, 208]",34.4
340,1788358477844118316,307200,86120,25,22,165.8,"[25.0, 25.8, 29.3, 30.4, 30.5, 30.7, 31.9, 47.1, 81.0, 82.4, 82.7, 86.9, 92.2, 99.1, 103.2, 105.3, 111.7, 113.2, 118.6, 148.4, 154.5, 165.8]","['NEAR', 'NEAR', 'RAIL', 'RAIL', 'INSIDE', 'INSIDE', 'INSIDE', 'INSIDE', 'INSIDE', 'RAIL', 'INSIDE', 'INSIDE', 'INSIDE', 'INSIDE', 'OUTSIDE', 'INSIDE', 'INSIDE', 'RAIL', 'INSIDE', 'RAIL', 'INSIDE', 'INSIDE']","[[2.59, 0.06, 1.85], [1.81, 0.12, 1.88], [0.82, 0.07, 0.28], [0.19, 0.52, 0.33], [0.47, 1.73, 0.05], [0.68, 1.22, 0.49], [0.06, 1.6, 0.01], [0.13, 1.26, 0.01], [0.13, 1.84, 0.0], [0.21, 0.23, 0.9], [0.71, 4.81, 2.37], [0.23, 3.78, 0.41], [2.44, 3.84, 1.44], [0.38, 3.99, 0.61], [0.92, 0.2, 0.92], [1.43, 4.28, 0.85], [0.56, 4.1, 0.7], [0.05, 0.21, 0.32], [1.4, 4.16, 0.02], [0.02, 0.26, 0.22], [3.01, 4.66, 0.65], [4.39, 4.06, 0.37]]","[205, 253, 241, 226, 198, 162, 194, 255, 206, 179, 139, 207, 215, 259, 236, 235, 260, 234, 248, 196, 258, 208]",28.6
341,1788358477942331185,307200,86162,28,26,167.4,"[25.0, 25.8, 28.2, 29.8, 30.4, 30.5, 30.7, 31.9, 35.6, 47.1, 76.6, 81.0, 82.4, 83.1, 87.0, 92.5, 99.1, 103.2, 105.6, 111.4, 119.2, 126.8, 138.8, 148.4, 154.5, 167.4]","['NEAR', 'NEAR', 'NEAR', 'RAIL', 'RAIL', 'INSIDE', 'INSIDE', 'INSIDE', 'INSIDE', 'INSIDE', 'OUTSIDE', 'NEAR', 'RAIL', 'INSIDE', 'INSIDE', 'INSIDE', 'INSIDE', 'OUTSIDE', 'INSIDE', 'INSIDE', 'INSIDE', 'INSIDE', 'INSIDE', 'RAIL', 'INSIDE', 'INSIDE']","[[0.54, 0.05, 1.26], [1.51, 0.06, 2.09], [1.89, 0.12, 1.88], [0.81, 0.07, 0.28], [0.13, 0.58, 0.33], [0.5, 1.73, 0.05], [0.66, 1.22, 0.49], [1.17, 1.46, 0.08], [0.05, 1.28, 0.01], [0.12, 1.26, 0.01], [2.61, 1.24, 0.88], [0.17, 0.99, 0.0], [0.26, 0.37, 0.9], [1.57, 4.81, 2.37], [0.04, 3.64, 0.0], [1.84, 3.73, 1.44], [0.41, 4.0, 1.76], [0.89, 0.36, 0.92], [2.62, 4.28, 0.85], [0.13, 3.31, 0.0], [0.19, 4.16, 0.0], [12.91, 4.67, 1.27], [8.53, 4.58, 0.7], [0.03, 0.26, 0.22], [3.0, 4.66, 0.65], [1.38, 4.09, 0.01]]","[216, 205, 253, 241, 226, 198, 162, 252, 194, 255, 127, 206, 179, 139, 207, 215, 259, 236, 235, 260, 248, 251, 185, 196, 258, 208]",31.6
342,1788358478043611733,307200,86204,23,21,165.1,"[25.0, 25.7, 29.3, 30.5, 30.6, 31.9, 81.0, 82.4, 83.6, 87.0, 92.5, 99.1, 103.2, 105.7, 111.4, 118.6, 126.8, 138.7, 148.4, 154.5, 165.1]","['NEAR', 'NEAR', 'INSIDE', 'INSIDE', 'INSIDE', 'INSIDE', 'INSIDE', 'RAIL', 'INSIDE', 'INSIDE', 'INSIDE', 'INSIDE', 'OUTSIDE', 'INSIDE', 'INSIDE', 'INSIDE', 'INSIDE', 'INSIDE', 'RAIL', 'INSIDE', 'INSIDE']","[[2.58, 0.06, 1.85], [1.88, 0.12, 1.89], [0.6, 1.73, 0.06], [0.34, 1.22, 0.25], [0.05, 1.6, 0.01], [0.12, 1.26, 0.01], [0.12, 1.98, 0.0], [0.19, 0.38, 0.9], [2.53, 4.53, 2.37], [0.04, 3.64, 0.0], [1.85, 3.83, 1.44], [0.4, 3.96, 0.61], [0.91, 0.36, 0.92], [0.72, 3.9, 0.43], [0.13, 3.31, 0.0], [1.34, 4.16, 0.02], [12.93, 4.55, 0.99], [8.51, 4.33, 0.7], [0.03, 0.26, 0.22], [2.96, 4.66, 0.65], [2.93, 4.06, 0.36]]","[205, 253, 198, 162, 194, 255, 206, 179, 139, 207, 215, 259, 236, 235, 260, 248, 251, 185, 196, 258, 208]",29.7
343,1788358478144859113,307200,86163,19,19,165.8,"[25.3, 28.2, 30.5, 30.9, 30.9, 81.0, 82.4, 82.7, 87.0, 90.7, 94.4, 98.5, 103.2, 105.1, 111.4, 119.2, 148.4, 154.5, 165.8]","['NEAR', 'NEAR', 'INSIDE', 'INSIDE', 'INSIDE', 'INSIDE', 'RAIL', 'INSIDE', 'INSIDE', 'INSIDE', 'NEAR', 'INSIDE', 'OUTSIDE', 'INSIDE', 'INSIDE', 'INSIDE', 'RAIL', 'INSIDE', 'INSIDE']","[[0.56, 0.05, 1.26], [3.8, 0.13, 1.94], [0.97, 1.22, 0.25], [0.96, 2.33, 0.1], [0.06, 1.81, 0.01], [0.16, 1.98, 0.0], [0.19, 0.24, 0.9], [0.69, 4.44, 2.37], [0.03, 3.49, 0.0], [1.67, 3.87, 2.24], [0.54, 0.22, 0.43], [1.58, 4.14, 1.76], [0.88, 0.36, 0.92], [0.95, 4.24, 0.66], [0.15, 3.31, 0.0], [0.15, 3.95, 0.0], [0.03, 0.26, 0.22], [3.02, 4.66, 0.65], [4.33, 4.06, 0.37]]","[216, 253, 162, 255, 194, 206, 179, 139, 207, 215, 257, 259, 236, 235, 260, 248, 196, 258, 208]",25.4
344,1788358478245075873,307200,86100,25,24,167.3,"[25.0, 25.7, 28.2, 29.8, 30.4, 30.5, 30.7, 31.9, 38.2, 81.0, 82.4, 83.2, 87.0, 91.2, 99.2, 103.2, 105.0, 111.4, 119.2, 126.8, 138.8, 148.4, 154.5, 167.3]","['NEAR', 'NEAR', 'NEAR', 'RAIL', 'INSIDE', 'INSIDE', 'INSIDE', 'INSIDE', 'INSIDE', 'INSIDE', 'RAIL', 'INSIDE', 'INSIDE', 'INSIDE', 'INSIDE', 'OUTSIDE', 'INSIDE', 'INSIDE', 'INSIDE', 'INSIDE', 'INSIDE', 'RAIL', 'INSIDE', 'INSIDE']","[[0.55, 0.05, 1.26], [1.57, 0.06, 1.85], [1.88, 0.12, 1.89], [0.16, 0.53, 0.33], [0.48, 1.73, 0.05], [0.68, 1.22, 0.49], [0.14, 1.26, 0.01], [0.04, 1.6, 0.01], [0.21, 0.94, 0.02], [0.19, 1.98, 0.0], [0.22, 0.51, 0.9], [1.67, 5.48, 2.37], [0.03, 3.49, 0.0], [4.38, 4.09, 2.27], [0.3, 3.93, 1.76], [0.89, 0.31, 0.92], [1.26, 4.24, 0.66], [0.13, 3.31, 0.0], [0.19, 4.16, 0.0], [12.87, 4.55, 0.99], [8.58, 4.33, 0.7], [0.02, 0.26, 0.22], [2.97, 4.66, 0.65], [1.45, 4.09, 0.01]]","[216, 205, 253, 226, 198, 162, 255, 194, 252, 206, 179, 139, 207, 215, 259, 236, 235, 260, 248, 251, 185, 196, 258, 208]",28.4
345,1788358478339298966,307200,86107,23,21,165.1,"[28.2, 30.4, 30.9, 30.9, 35.6, 35.6, 81.1, 82.4, 83.2, 87.0, 91.6, 99.2, 103.2, 105.0, 111.4, 119.2, 126.7, 138.8, 148.4, 154.5, 165.1]","['NEAR', 'NEAR', 'RAIL', 'INSIDE', 'INSIDE', 'INSIDE', 'INSIDE', 'RAIL', 'INSIDE', 'INSIDE', 'INSIDE', 'INSIDE', 'OUTSIDE', 'INSIDE', 'INSIDE', 'INSIDE', 'INSIDE', 'INSIDE', 'RAIL', 'INSIDE', 'INSIDE']","[[0.57, 0.06, 1.26], [3.83, 0.13, 1.94], [0.17, 0.52, 0.33], [0.93, 1.22, 0.49], [1.13, 1.58, 0.08], [0.77, 1.87, 0.05], [0.2, 1.98, 0.0], [0.2, 0.24, 0.9], [1.59, 5.4, 2.37], [0.05, 3.64, 0.0], [3.43, 4.2, 1.65], [0.34, 3.96, 0.61], [0.89, 0.36, 0.92], [1.24, 4.01, 0.45], [0.17, 3.31, 0.0], [0.19, 3.95, 0.0], [12.9, 4.55, 1.01], [8.59, 4.33, 0.7], [0.03, 0.26, 0.22], [2.95, 4.66, 0.65], [2.96, 3.77, 0.36]]","[216, 253, 226, 162, 252, 194, 206, 179, 139, 207, 215, 259, 236, 235, 260, 248, 251, 185, 196, 258, 208]",20.1
346,1788358478464738749,307200,86134,23,23,165.1,"[28.2, 29.8, 30.5, 30.5, 30.9, 31.8, 47.1, 81.1, 82.4, 83.1, 87.0, 90.5, 92.2, 98.5, 103.2, 105.7, 111.4, 118.6, 130.8, 141.7, 148.4, 154.5, 165.1]","['NEAR', 'NEAR', 'NEAR', 'RAIL', 'RAIL', 'INSIDE', 'INSIDE', 'INSIDE', 'RAIL', 'INSIDE', 'INSIDE', 'NEAR', 'INSIDE', 'INSIDE', 'OUTSIDE', 'INSIDE', 'INSIDE', 'INSIDE', 'INSIDE', 'INSIDE', 'RAIL', 'INSIDE', 'INSIDE']","[[0.55, 0.05, 1.26], [1.54, 0.06, 1.85], [1.87, 0.12, 1.88], [0.81, 0.07, 0.28], [0.12, 0.53, 0.33], [0.95, 1.22, 0.49], [0.06, 1.6, 0.01], [0.21, 2.12, 0.0], [0.21, 0.22, 0.9], [1.46, 4.45, 2.37], [0.02, 3.49, 0.0], [1.08, 0.22, 1.84], [2.48, 3.84, 1.41], [1.73, 3.98, 1.76], [0.87, 0.31, 0.92], [2.66, 4.28, 0.85], [0.12, 2.92, 0.0], [1.37, 3.74, 0.02], [4.8, 4.4, 1.13], [2.87, 4.17, 1.36], [0.04, 0.26, 0.22], [2.99, 4.66, 0.65], [2.96, 3.77, 0.36]]","[216, 205, 253, 241, 226, 162, 255, 206, 179, 139, 207, 215, 257, 259, 236, 235, 260, 248, 251, 185, 196, 258, 208]",23.2
347,1788358478553931882,307200,86145,25,23,165.1,"[25.0, 25.7, 28.2, 30.5, 30.7, 31.1, 81.0, 82.4, 83.1, 87.0, 89.9, 91.3, 93.1, 99.1, 103.2, 106.0, 111.6, 119.2, 126.9, 138.8, 148.4, 154.5, 165.1]","['NEAR', 'NEAR', 'INSIDE', 'INSIDE', 'INSIDE', 'INSIDE', 'INSIDE', 'RAIL', 'INSIDE', 'INSIDE', 'NEAR', 'INSIDE', 'OUTSIDE', 'INSIDE', 'OUTSIDE', 'INSIDE', 'INSIDE', 'INSIDE', 'INSIDE', 'INSIDE', 'RAIL', 'INSIDE', 'INSIDE']","[[0.55, 0.05, 1.26], [3.5, 0.13, 1.94], [0.59, 1.73, 0.06], [0.66, 1.22, 0.49], [0.26, 2.33, 0.02], [0.04, 1.6, 0.01], [0.16, 2.12, 0.0], [0.21, 0.23, 0.9], [1.47, 4.67, 2.37], [0.03, 3.49, 0.0], [2.17, 0.23, 1.58], [0.66, 3.84, 0.42], [0.59, 1.48, 1.44], [0.35, 3.96, 1.76], [0.89, 0.36, 0.92], [1.85, 4.33, 0.66], [0.44, 4.03, 0.48], [0.17, 4.16, 0.0], [12.82, 4.67, 1.27], [8.58, 4.33, 0.7], [0.03, 0.26, 0.22], [3.01, 4.66, 0.65], [2.93, 3.77, 0.36]]","[216, 253, 198, 162, 205, 255, 206, 179, 139, 207, 215, 257, 259, 236, 235, 260, 234, 248, 251, 185, 196, 258, 208]",21.8
348,1788358478651086696,307200,86119,23,21,154.5,"[25.0, 25.8, 30.4, 30.4, 30.5, 30.7, 35.6, 35.6, 76.6, 81.0, 82.4, 82.7, 86.9, 91.1, 99.1, 103.2, 105.0, 107.1, 119.3, 148.4, 154.5]","['NEAR', 'RAIL', 'INSIDE', 'INSIDE', 'INSIDE', 'INSIDE', 'INSIDE', 'INSIDE', 'OUTSIDE', 'NEAR', 'RAIL', 'INSIDE', 'INSIDE', 'INSIDE', 'INSIDE', 'OUTSIDE', 'INSIDE', 'INSIDE', 'INSIDE', 'RAIL', 'INSIDE']","[[4.8, 0.13, 2.09], [0.1, 0.53, 0.33], [0.48, 1.73, 0.05], [0.6, 1.22, 0.49], [1.15, 1.7, 0.08], [0.12, 1.26, 0.01], [0.04, 1.6, 0.01], [0.81, 1.75, 0.06], [2.63, 1.24, 0.88], [0.18, 1.13, 0.0], [0.27, 0.37, 0.9], [0.68, 4.73, 2.37], [0.25, 3.78, 0.41], [4.49, 4.2, 2.27], [0.48, 3.99, 1.27], [0.9, 0.36, 0.92], [1.26, 4.01, 0.45], [0.02, 0.75, 0.0], [0.15, 4.16, 0.0], [0.02, 0.26, 0.22], [2.98, 4.39, 0.65]]","[253, 226, 198, 162, 252, 205, 255, 194, 127, 206, 179, 139, 207, 257, 236, 235, 260, 234, 248, 196, 258]",20.0
349,1788358478757524914,307200,86123,23,21,165.8,"[28.2, 30.5, 30.5, 30.5, 31.0, 47.1, 81.0, 82.4, 82.7, 87.0, 90.0, 92.5, 99.1, 103.2, 105.7, 118.6, 127.5, 138.8, 148.4, 154.5, 165.8]","['NEAR', 'NEAR', 'RAIL', 'RAIL', 'INSIDE', 'INSIDE', 'INSIDE', 'RAIL', 'INSIDE', 'INSIDE', 'NEAR', 'INSIDE', 'INSIDE', 'OUTSIDE', 'INSIDE', 'INSIDE', 'INSIDE', 'INSIDE', 'RAIL', 'INSIDE', 'INSIDE']","[[0.56, 0.06, 1.26], [3.53, 0.13, 1.85], [0.82, 0.07, 0.28], [0.11, 0.53, 0.33], [0.26, 1.21, 0.25], [0.04, 1.6, 0.01], [0.22, 2.12, 0.0], [0.25, 0.37, 0.9], [0.87, 4.44, 2.37], [0.03, 3.49, 0.0], [1.93, 0.18, 2.21], [1.84, 3.83, 1.44], [0.4, 3.96, 0.61], [0.86, 0.2, 0.92], [0.76, 3.9, 0.42], [1.45, 4.16, 0.02], [11.51, 4.55, 1.13], [8.62, 4.33, 0.7], [0.05, 0.26, 0.22], [3.0, 4.66, 0.65], [4.31, 4.35, 0.37]]","[216, 253, 241, 226, 162, 255, 206, 179, 139, 207, 215, 259, 236, 235, 260, 248, 251, 185, 196, 258, 208]",23.5
350,1788358478844694610,307200,86157,20,18,165.1,"[25.6, 30.4, 30.5, 30.9, 81.0, 82.4, 83.1, 87.0, 90.2, 94.6, 99.1, 103.4, 105.4, 118.6, 125.2, 138.8, 154.5, 165.1]","['NEAR', 'INSIDE', 'INSIDE', 'INSIDE', 'INSIDE', 'RAIL', 'INSIDE', 'INSIDE', 'INSIDE', 'NEAR', 'INSIDE', 'OUTSIDE', 'INSIDE', 'INSIDE', 'INSIDE', 'INSIDE', 'INSIDE', 'INSIDE']","[[4.81, 0.12, 1.94], [0.95, 1.21, 0.49], [0.27, 1.25, 0.03], [0.07, 1.81, 0.01], [0.12, 2.26, 0.0], [0.23, 0.38, 0.9], [1.51, 4.53, 2.37], [0.03, 3.49, 0.0], [2.69, 4.16, 2.24], [0.69, 0.17, 0.44], [0.39, 3.96, 0.61], [1.37, 0.22, 1.79], [1.21, 4.24, 0.85], [1.42, 4.16, 0.02], [9.79, 4.44, 1.26], [8.55, 4.22, 0.7], [2.98, 4.66, 0.65], [2.92, 4.35, 0.36]]","[253, 162, 205, 255, 206, 179, 139, 207, 257, 259, 236, 235, 260, 248, 251, 185, 258, 208]",20.4
351,1788358478947207891,307200,86103,26,22,165.9,"[25.0, 25.8, 29.3, 30.5, 30.5, 30.8, 31.9, 35.6, 35.6, 47.1, 81.1, 82.4, 83.1, 87.0, 91.1, 99.2, 103.2, 105.3, 119.3, 148.4, 154.5, 165.9]","['NEAR', 'NEAR', 'RAIL', 'RAIL', 'INSIDE', 'INSIDE', 'INSIDE', 'INSIDE', 'INSIDE', 'INSIDE', 'INSIDE', 'RAIL', 'INSIDE', 'INSIDE', 'INSIDE', 'INSIDE', 'OUTSIDE', 'INSIDE', 'INSIDE', 'RAIL', 'INSIDE', 'INSIDE']","[[2.57, 0.07, 1.85], [1.87, 0.11, 1.88], [0.82, 0.1, 0.28], [0.14, 0.52, 0.33], [0.61, 1.73, 0.06], [0.91, 1.22, 0.49], [1.22, 1.58, 0.08], [0.13, 1.26, 0.01], [0.06, 1.6, 0.01], [0.72, 1.75, 0.05], [0.24, 1.98, 0.01], [0.19, 0.37, 0.9], [1.48, 4.57, 2.37], [0.02, 3.64, 0.0], [4.5, 4.17, 1.65], [0.31, 3.96, 1.76], [0.88, 0.36, 0.92], [1.86, 4.24, 0.86], [0.16, 4.16, 0.0], [0.04, 0.26, 0.22], [2.99, 4.66, 0.65], [4.39, 4.35, 0.37]]","[216, 253, 241, 226, 198, 162, 252, 205, 255, 194, 206, 179, 139, 207, 257, 236, 235, 260, 248, 196, 258, 208]",23.0
352,1788358479048175885,307200,86143,27,23,167.9,"[25.0, 25.8, 28.2, 29.7, 30.7, 31.9, 35.6, 35.6, 81.1, 82.4, 82.7, 87.0, 91.2, 98.0, 99.2, 103.2, 105.0, 119.2, 126.8, 138.8, 148.4, 154.6, 167.9]","['NEAR', 'NEAR', 'NEAR', 'INSIDE', 'INSIDE', 'INSIDE', 'INSIDE', 'INSIDE', 'INSIDE', 'RAIL', 'INSIDE', 'INSIDE', 'INSIDE', 'NEAR', 'INSIDE', 'OUTSIDE', 'INSIDE', 'INSIDE', 'INSIDE', 'INSIDE', 'RAIL', 'INSIDE', 'INSIDE']","[[0.56, 0.05, 1.26], [1.58, 0.06, 2.09], [1.87, 0.12, 1.89], [0.62, 1.73, 0.07], [0.71, 1.22, 0.49], [1.15, 1.7, 0.08], [0.12, 1.26, 0.01], [0.78, 1.62, 0.05], [0.32, 1.7, 0.01], [0.21, 0.24, 0.9], [0.75, 4.81, 2.37], [0.02, 3.64, 0.0], [4.35, 4.19, 2.27], [1.85, 0.04, 1.05], [0.34, 3.93, 1.76], [0.85, 0.36, 0.92], [1.23, 4.01, 0.45], [0.23, 3.95, 0.0], [12.91, 4.55, 0.99], [8.59, 4.33, 0.7], [0.03, 0.34, 0.22], [3.01, 4.66, 0.65], [2.65, 2.04, 0.01]]","[216, 162, 253, 198, 255, 252, 205, 194, 206, 179, 139, 207, 257, 236, 235, 260, 234, 248, 251, 185, 196, 258, 208]",25.4
353,1788358479148767106,307200,86187,27,24,165.2,"[25.0, 25.6, 28.2, 29.8, 30.5, 30.5, 30.9, 31.8, 45.6, 81.0, 82.4, 82.7, 87.0, 89.9, 92.5, 98.5, 103.2, 105.0, 117.9, 126.0, 138.7, 148.4, 154.5, 165.2]","['NEAR', 'NEAR', 'NEAR', 'RAIL', 'RAIL', 'INSIDE', 'INSIDE', 'INSIDE', 'INSIDE', 'INSIDE', 'RAIL', 'INSIDE', 'INSIDE', 'NEAR', 'INSIDE', 'INSIDE', 'OUTSIDE', 'INSIDE', 'OUTSIDE', 'INSIDE', 'INSIDE', 'RAIL', 'INSIDE', 'INSIDE']","[[0.57, 0.05, 1.26], [1.52, 0.06, 1.85], [1.86, 0.12, 1.88], [0.51, 0.19, 0.4], [0.12, 0.53, 0.33], [0.61, 1.72, 0.06], [1.02, 1.22, 0.49], [0.27, 2.32, 0.02], [0.04, 1.6, 0.01], [0.11, 2.12, 0.0], [0.24, 0.24, 0.9], [0.75, 4.67, 2.37], [0.03, 3.49, 0.0], [2.13, 0.23, 1.59], [1.87, 3.73, 1.41], [1.73, 4.15, 1.76], [0.88, 0.2, 0.92], [1.3, 4.24, 0.66], [0.1, 1.85, 0.0], [8.4, 4.45, 0.86], [8.5, 4.22, 1.36], [0.03, 0.26, 0.22], [2.95, 4.66, 0.65], [2.94, 4.35, 0.36]]","[216, 162, 253, 241, 226, 198, 255, 205, 194, 206, 179, 139, 207, 215, 257, 235, 260, 234, 248, 251, 185, 196, 258, 208]",27.2
354,1788358479246510987,307200,86167,23,20,165.9,"[25.0, 25.6, 29.3, 30.5, 30.8, 31.8, 47.1, 81.0, 82.4, 83.1, 87.0, 91.1, 98.5, 103.4, 105.2, 125.3, 141.7, 148.4, 154.5, 165.9]","['NEAR', 'NEAR', 'RAIL', 'INSIDE', 'INSIDE', 'INSIDE', 'INSIDE', 'INSIDE', 'RAIL', 'INSIDE', 'INSIDE', 'INSIDE', 'INSIDE', 'OUTSIDE', 'INSIDE', 'INSIDE', 'INSIDE', 'RAIL', 'INSIDE', 'INSIDE']","[[2.58, 0.06, 1.85], [1.83, 0.11, 1.88], [0.84, 0.07, 0.28], [0.59, 1.73, 0.06], [0.88, 1.22, 0.49], [0.27, 2.41, 0.02], [0.05, 1.6, 0.01], [0.17, 2.26, 0.0], [0.22, 0.23, 0.9], [1.53, 4.53, 2.37], [0.03, 3.49, 0.0], [4.45, 4.19, 2.24], [1.69, 3.98, 1.27], [1.35, 0.22, 1.79], [1.71, 4.24, 0.85], [9.86, 4.44, 1.26], [2.85, 4.09, 0.37], [0.03, 0.26, 0.22], [3.0, 4.66, 0.65], [4.37, 4.06, 0.37]]","[162, 253, 241, 198, 255, 205, 194, 206, 179, 139, 207, 257, 235, 260, 234, 251, 185, 196, 258, 208]",23.5
355,1788358479345811296,307200,86083,26,22,167.3,"[25.0, 25.8, 28.2, 30.4, 30.5, 30.7, 31.0, 35.8, 76.6, 81.0, 82.4, 83.1, 86.9, 91.7, 99.2, 103.2, 105.9, 126.9, 138.8, 148.4, 154.5, 167.3]","['NEAR', 'NEAR', 'RAIL', 'INSIDE', 'INSIDE', 'INSIDE', 'INSIDE', 'INSIDE', 'OUTSIDE', 'NEAR', 'RAIL', 'INSIDE', 'INSIDE', 'INSIDE', 'INSIDE', 'OUTSIDE', 'INSIDE', 'INSIDE', 'INSIDE', 'RAIL', 'INSIDE', 'INSIDE']","[[0.57, 0.05, 1.26], [3.58, 0.13, 2.09], [0.15, 0.53, 0.33], [0.61, 1.73, 0.06], [0.68, 1.22, 0.49], [1.57, 1.58, 0.11], [0.12, 1.26, 0.01], [0.04, 1.6, 0.0], [2.62, 1.24, 0.88], [0.11, 0.99, 0.0], [0.23, 0.37, 0.9], [1.43, 4.73, 2.37], [0.25, 3.78, 0.41], [3.49, 4.21, 1.46], [0.36, 3.96, 1.76], [0.91, 0.36, 0.92], [2.19, 4.32, 0.85], [12.95, 4.55, 0.99], [8.57, 4.47, 0.7], [0.01, 0.26, 0.22], [2.98, 4.66, 0.65], [1.43, 4.09, 0.01]]","[216, 253, 226, 198, 255, 252, 205, 194, 127, 206, 179, 139, 207, 257, 235, 260, 234, 251, 185, 196, 258, 208]",23.1
356,1788358479444185204,307200,86176,24,22,165.1,"[25.0, 25.7, 28.2, 29.7, 30.5, 30.9, 31.9, 38.2, 81.1, 82.4, 83.1, 86.2, 91.6, 94.6, 98.5, 103.4, 105.7, 126.6, 140.9, 148.4, 154.6, 165.1]","['NEAR', 'NEAR', 'NEAR', 'RAIL', 'INSIDE', 'INSIDE', 'INSIDE', 'INSIDE', 'INSIDE', 'RAIL', 'INSIDE', 'INSIDE', 'INSIDE', 'NEAR', 'INSIDE', 'OUTSIDE', 'INSIDE', 'INSIDE', 'INSIDE', 'RAIL', 'INSIDE', 'INSIDE']","[[0.58, 0.05, 1.26], [1.48, 0.06, 1.85], [1.83, 0.11, 1.88], [0.11, 0.53, 0.33], [0.6, 1.73, 0.06], [0.97, 1.22, 0.49], [0.28, 2.41, 0.03], [0.2, 0.94, 0.01], [0.24, 1.98, 0.01], [0.24, 0.23, 0.9], [1.47, 4.59, 2.37], [1.57, 3.77, 0.42], [3.49, 4.2, 2.27], [0.66, 0.17, 0.44], [1.73, 3.97, 1.76], [1.28, 0.22, 1.79], [0.75, 3.9, 0.42], [7.3, 4.45, 0.88], [1.36, 3.69, 0.01], [0.03, 0.26, 0.22], [3.03, 4.66, 0.65], [2.9, 4.06, 0.36]]","[216, 162, 253, 226, 198, 255, 205, 263, 206, 179, 139, 207, 257, 259, 235, 260, 234, 251, 185, 196, 258, 208]",23.4
357,1788358479545469038,307200,86190,23,21,165.2,"[25.2, 25.6, 28.2, 30.4, 30.5, 30.9, 30.9, 81.0, 82.4, 82.8, 87.0, 90.2, 94.5, 98.5, 103.2, 105.3, 126.5, 138.7, 148.4, 154.5, 165.2]","['NEAR', 'NEAR', 'RAIL', 'INSIDE', 'INSIDE', 'INSIDE', 'INSIDE', 'INSIDE', 'RAIL', 'INSIDE', 'INSIDE', 'INSIDE', 'NEAR', 'INSIDE', 'OUTSIDE', 'INSIDE', 'INSIDE', 'INSIDE', 'RAIL', 'INSIDE', 'INSIDE']","[[0.55, 0.06, 1.26], [3.79, 0.12, 1.94], [0.13, 0.58, 0.12], [1.02, 1.22, 0.49], [0.75, 1.07, 0.08], [0.25, 1.25, 0.02], [0.04, 1.81, 0.01], [0.21, 2.26, 0.0], [0.21, 0.23, 0.9], [0.69, 4.44, 2.37], [0.02, 3.64, 0.0], [2.77, 3.87, 2.24], [0.77, 0.21, 0.62], [1.7, 3.98, 1.76], [0.92, 0.2, 0.92], [1.98, 4.29, 1.35], [7.38, 4.45, 0.86], [8.53, 4.21, 0.7], [0.03, 0.26, 0.22], [2.99, 4.39, 0.65], [2.94, 4.35, 0.36]]","[216, 253, 226, 255, 198, 205, 194, 206, 179, 139, 207, 257, 259, 235, 260, 234, 251, 185, 196, 258, 208]",24.0
358,1788358479639962963,307200,86187,28,24,165.8,"[25.0, 25.8, 28.2, 29.8, 30.4, 30.5, 30.7, 31.8, 38.2, 47.1, 81.0, 82.4, 82.8, 87.0, 91.1, 98.0, 99.0, 103.4, 106.0, 126.8, 138.8, 148.4, 154.5, 165.8]","['NEAR', 'NEAR', 'NEAR', 'RAIL', 'RAIL', 'INSIDE', 'INSIDE', 'INSIDE', 'INSIDE', 'INSIDE', 'INSIDE', 'RAIL', 'INSIDE', 'INSIDE', 'INSIDE', 'NEAR', 'INSIDE', 'OUTSIDE', 'INSIDE', 'INSIDE', 'INSIDE', 'RAIL', 'INSIDE', 'INSIDE']","[[0.54, 0.05, 1.26], [1.59, 0.06, 1.85], [1.85, 0.12, 1.88], [0.82, 0.1, 0.28], [0.14, 0.58, 0.6], [0.62, 1.73, 0.07], [0.66, 1.22, 0.49], [0.04, 1.6, 0.01], [0.13, 1.26, 0.01], [0.22, 0.94, 0.02], [0.14, 1.98, 0.0], [0.26, 0.22, 0.9], [0.69, 4.59, 2.37], [0.05, 3.64, 0.0], [4.56, 4.19, 1.65], [1.93, 0.03, 0.48], [0.17, 3.8, 0.18], [1.32, 0.36, 1.79], [1.91, 4.32, 0.66], [12.99, 4.55, 1.01], [8.55, 4.22, 1.36], [0.03, 0.26, 0.22], [3.01, 4.66, 0.65], [4.34, 3.77, 0.37]]","[216, 162, 253, 241, 226, 198, 255, 194, 205, 263, 206, 179, 139, 207, 257, 236, 235, 260, 234, 251, 185, 196, 258, 208]",30.5
359,1788358479739050946,307200,86163,23,20,165.9,"[25.3, 28.2, 30.4, 30.8, 30.9, 35.6, 38.2, 81.0, 82.4, 82.7, 87.0, 90.9, 99.2, 103.2, 105.5, 125.3, 138.8, 148.4, 154.5, 165.9]","['NEAR', 'NEAR', 'RAIL', 'INSIDE', 'INSIDE', 'INSIDE', 'INSIDE', 'INSIDE', 'RAIL', 'INSIDE', 'INSIDE', 'INSIDE', 'INSIDE', 'OUTSIDE', 'INSIDE', 'INSIDE', 'INSIDE', 'RAIL', 'INSIDE', 'OUTSIDE']","[[0.55, 0.05, 1.26], [3.77, 0.13, 1.94], [0.16, 0.53, 0.33], [0.89, 1.22, 0.25], [1.23, 1.96, 0.08], [0.97, 2.42, 0.1], [0.2, 0.94, 0.01], [0.16, 2.12, 0.0], [0.24, 0.37, 0.9], [0.71, 4.73, 2.37], [0.02, 3.64, 0.0], [4.18, 4.19, 2.27], [0.3, 3.93, 1.76], [0.89, 0.2, 0.92], [0.33, 3.86, 0.19], [9.87, 4.47, 1.01], [8.56, 4.33, 0.7], [0.02, 0.26, 0.22], [2.99, 4.66, 0.65], [4.45, 1.43, 0.37]]","[216, 253, 226, 255, 252, 205, 263, 206, 179, 139, 207, 257, 235, 260, 234, 251, 185, 196, 258, 208]",25.7
360,1788358479853939880,307200,86248,26,23,165.1,"[25.0, 25.7, 25.9, 28.3, 29.8, 30.4, 30.5, 31.9, 81.0, 82.4, 83.1, 86.6, 89.9, 92.2, 94.5, 99.1, 103.2, 105.2, 126.9, 138.8, 148.4, 154.5, 165.1]","['NEAR', 'NEAR', 'NEAR', 'RAIL', 'INSIDE', 'INSIDE', 'RAIL', 'INSIDE', 'INSIDE', 'RAIL', 'INSIDE', 'INSIDE', 'NEAR', 'INSIDE', 'NEAR', 'INSIDE', 'OUTSIDE', 'INSIDE', 'INSIDE', 'INSIDE', 'RAIL', 'INSIDE', 'INSIDE']","[[0.57, 0.05, 1.26], [1.52, 0.06, 1.85], [1.86, 0.11, 1.88], [0.21, 0.52, 0.33], [0.6, 1.73, 0.06], [0.32, 1.22, 0.25], [0.29, 0.21, 0.12], [0.15, 1.26, 0.01], [0.21, 1.98, 0.0], [0.19, 0.23, 0.9], [1.55, 4.53, 2.37], [0.68, 3.77, 0.42], [2.16, 0.23, 1.58], [2.39, 3.84, 1.44], [0.7, 0.17, 0.44], [0.35, 3.96, 1.27], [0.92, 0.36, 0.92], [1.78, 4.28, 0.85], [12.86, 4.59, 1.63], [8.54, 4.22, 0.7], [0.06, 0.34, 0.22], [2.95, 4.39, 0.65], [2.93, 3.77, 0.36]]","[216, 162, 253, 226, 198, 255, 205, 194, 206, 179, 139, 207, 215, 257, 259, 235, 260, 234, 251, 185, 196, 258, 208]",31.9
361,1788358479955242939,307200,86078,25,21,165.9,"[25.0, 25.7, 29.2, 30.4, 30.9, 31.8, 38.2, 81.0, 82.4, 82.7, 87.0, 89.9, 92.2, 99.1, 103.2, 105.4, 126.8, 138.8, 148.4, 154.5, 165.9]","['NEAR', 'NEAR', 'RAIL', 'INSIDE', 'INSIDE', 'INSIDE', 'INSIDE', 'INSIDE', 'RAIL', 'INSIDE', 'INSIDE', 'NEAR', 'INSIDE', 'INSIDE', 'OUTSIDE', 'INSIDE', 'INSIDE', 'INSIDE', 'RAIL', 'INSIDE', 'INSIDE']","[[2.58, 0.06, 1.85], [1.85, 0.12, 1.89], [0.21, 0.53, 0.34], [0.47, 1.73, 0.05], [0.98, 1.22, 0.49], [0.26, 2.41, 0.02], [0.23, 0.94, 0.02], [0.2, 1.98, 0.0], [0.26, 0.38, 0.9], [0.73, 4.53, 2.37], [0.03, 3.49, 0.0], [2.2, 0.23, 1.4], [2.4, 3.84, 1.44], [0.42, 3.96, 1.76], [0.88, 0.36, 0.92], [1.23, 4.28, 0.66], [12.97, 4.55, 1.27], [8.64, 4.45, 0.7], [0.03, 0.26, 0.22], [3.01, 4.66, 0.65], [4.35, 4.35, 0.37]]","[162, 253, 226, 198, 255, 194, 263, 206, 179, 139, 207, 215, 257, 235, 260, 234, 251, 185, 196, 258, 208]",33.0
362,1788358480053403546,307200,86158,23,20,165.2,"[25.0, 25.8, 28.2, 30.7, 30.9, 35.8, 38.2, 76.5, 81.0, 82.4, 82.8, 87.0, 91.2, 99.2, 103.2, 105.3, 107.1, 148.4, 154.5, 165.2]","['NEAR', 'NEAR', 'INSIDE', 'INSIDE', 'INSIDE', 'INSIDE', 'INSIDE', 'NEAR', 'INSIDE', 'RAIL', 'INSIDE', 'INSIDE', 'INSIDE', 'INSIDE', 'OUTSIDE', 'INSIDE', 'INSIDE', 'RAIL', 'INSIDE', 'INSIDE']","[[0.58, 0.05, 1.26], [3.8, 0.12, 2.09], [0.61, 1.73, 0.06], [0.7, 1.22, 0.49], [1.53, 1.96, 0.1], [0.12, 1.26, 0.01], [0.17, 0.94, 0.01], [2.41, 1.48, 0.7], [0.22, 2.12, 0.01], [0.19, 0.24, 0.9], [0.68, 4.73, 2.37], [0.04, 3.49, 0.0], [4.52, 4.09, 2.27], [0.33, 3.96, 1.76], [0.89, 0.36, 0.92], [1.91, 4.25, 0.85], [0.05, 0.75, 0.0], [0.04, 0.26, 0.22], [2.95, 4.66, 0.65], [3.01, 4.35, 0.36]]","[216, 253, 198, 255, 252, 194, 263, 127, 206, 179, 139, 207, 257, 235, 260, 234, 264, 196, 258, 208]",29.0
363,1788358480150013768,307200,86159,21,19,165.2,"[28.2, 30.4, 30.6, 30.9, 47.1, 81.0, 82.4, 83.1, 87.0, 90.0, 92.2, 99.2, 103.2, 106.1, 128.1, 138.8, 148.4, 154.5, 165.2]","['NEAR', 'NEAR', 'RAIL', 'RAIL', 'INSIDE', 'INSIDE', 'RAIL', 'INSIDE', 'INSIDE', 'NEAR', 'INSIDE', 'INSIDE', 'OUTSIDE', 'INSIDE', 'INSIDE', 'INSIDE', 'RAIL', 'INSIDE', 'INSIDE']","[[0.56, 0.05, 1.26], [3.77, 0.13, 1.94], [0.81, 0.07, 0.28], [0.13, 0.53, 0.33], [0.37, 1.22, 0.24], [0.19, 2.12, 0.0], [0.26, 0.51, 0.9], [1.48, 4.59, 2.37], [0.03, 3.64, 0.0], [2.0, 0.21, 1.34], [2.44, 3.84, 1.44], [0.3, 3.93, 1.76], [0.91, 0.2, 0.92], [1.71, 4.28, 0.85], [10.44, 4.55, 1.13], [8.57, 4.22, 0.7], [0.01, 0.26, 0.22], [2.97, 4.66, 0.65], [2.96, 4.35, 0.36]]","[216, 253, 241, 226, 255, 206, 179, 139, 207, 215, 257, 235, 260, 234, 251, 185, 196, 258, 208]",21.9
364,1788358480235703383,307200,86142,24,21,165.8,"[28.2, 29.8, 30.5, 30.5, 30.9, 31.9, 81.0, 82.4, 82.8, 87.0, 89.9, 91.6, 93.1, 99.1, 103.2, 105.6, 127.5, 138.7, 148.4, 154.5, 165.8]","['NEAR', 'NEAR', 'NEAR', 'RAIL', 'INSIDE', 'INSIDE', 'INSIDE', 'RAIL', 'INSIDE', 'INSIDE', 'NEAR', 'INSIDE', 'OUTSIDE', 'INSIDE', 'OUTSIDE', 'INSIDE', 'INSIDE', 'INSIDE', 'RAIL', 'INSIDE', 'INSIDE']","[[0.58, 0.05, 1.26], [1.57, 0.06, 1.85], [1.84, 0.12, 1.89], [0.14, 0.53, 0.33], [0.98, 1.22, 0.49], [0.06, 1.81, 0.01], [0.13, 1.98, 0.0], [0.22, 0.37, 0.9], [0.67, 4.43, 2.37], [0.04, 3.64, 0.0], [2.14, 0.23, 1.58], [0.07, 3.52, 0.0], [0.59, 0.32, 1.44], [0.38, 4.13, 1.76], [0.93, 0.2, 0.92], [2.62, 4.32, 0.66], [11.38, 4.55, 1.13], [8.52, 3.96, 0.7], [0.02, 0.26, 0.22], [2.99, 4.66, 0.65], [4.32, 3.77, 0.37]]","[216, 162, 253, 226, 255, 194, 206, 179, 139, 207, 215, 257, 259, 235, 260, 234, 251, 185, 196, 258, 208]",20.4
365,1788358480350739028,307200,86132,23,20,165.8,"[28.2, 30.4, 30.5, 30.6, 30.9, 38.2, 81.0, 82.4, 83.2, 87.0, 91.1, 94.6, 99.2, 103.2, 105.3, 125.3, 138.1, 148.4, 154.5, 165.8]","['NEAR', 'NEAR', 'RAIL', 'INSIDE', 'INSIDE', 'INSIDE', 'INSIDE', 'RAIL', 'INSIDE', 'INSIDE', 'INSIDE', 'NEAR', 'INSIDE', 'OUTSIDE', 'INSIDE', 'INSIDE', 'INSIDE', 'RAIL', 'INSIDE', 'INSIDE']","[[0.57, 0.05, 1.26], [3.81, 0.13, 1.94], [0.16, 0.57, 0.33], [0.37, 1.22, 0.24], [0.04, 1.6, 0.01], [0.2, 0.94, 0.01], [0.15, 1.84, 0.0], [0.2, 0.37, 0.9], [1.75, 5.48, 2.37], [0.03, 3.49, 0.0], [4.55, 4.19, 2.27], [0.68, 0.16, 0.44], [0.35, 3.96, 1.76], [0.87, 0.31, 0.92], [1.73, 4.05, 0.45], [9.83, 4.45, 1.01], [7.16, 4.33, 0.7], [0.03, 0.26, 0.22], [2.99, 4.66, 0.65], [4.28, 3.77, 0.37]]","[216, 253, 226, 255, 194, 263, 206, 179, 139, 207, 257, 236, 235, 260, 234, 251, 185, 196, 258, 208]",25.7
366,1788358480443186960,307200,86189,22,19,165.1,"[28.2, 29.8, 30.4, 30.6, 31.8, 38.2, 81.0, 82.4, 83.1, 87.0, 91.2, 99.2, 103.1, 105.2, 126.8, 138.8, 148.4, 154.5, 165.1]","['NEAR', 'NEAR', 'NEAR', 'RAIL', 'INSIDE', 'INSIDE', 'INSIDE', 'RAIL', 'INSIDE', 'INSIDE', 'INSIDE', 'INSIDE', 'OUTSIDE', 'INSIDE', 'INSIDE', 'INSIDE', 'RAIL', 'INSIDE', 'INSIDE']","[[0.58, 0.05, 1.26], [1.55, 0.07, 1.85], [1.87, 0.11, 1.89], [0.15, 0.58, 0.33], [0.35, 1.22, 0.25], [0.2, 0.94, 0.01], [0.18, 2.12, 0.0], [0.22, 0.23, 0.9], [1.58, 4.81, 2.37], [0.03, 3.49, 0.0], [4.45, 4.17, 1.64], [0.3, 3.93, 1.76], [0.84, 0.2, 0.92], [1.73, 4.05, 0.45], [12.91, 4.55, 1.26], [8.55, 4.22, 0.7], [0.03, 0.26, 0.22], [2.98, 4.66, 0.65], [2.95, 4.06, 0.36]]","[216, 162, 253, 226, 255, 263, 206, 179, 139, 207, 257, 235, 260, 234, 251, 185, 196, 258, 208]",23.1
367,1788358480546166772,307200,86150,25,23,165.8,"[25.0, 25.7, 28.2, 30.4, 30.5, 30.9, 30.9, 38.2, 81.0, 82.4, 82.8, 87.0, 91.6, 99.2, 103.2, 105.2, 107.1, 118.6, 127.5, 138.8, 148.4, 154.5, 165.8]","['NEAR', 'NEAR', 'RAIL', 'INSIDE', 'INSIDE', 'INSIDE', 'INSIDE', 'INSIDE', 'INSIDE', 'RAIL', 'INSIDE', 'INSIDE', 'INSIDE', 'INSIDE', 'OUTSIDE', 'INSIDE', 'INSIDE', 'INSIDE', 'INSIDE', 'INSIDE', 'RAIL', 'INSIDE', 'INSIDE']","[[0.55, 0.05, 1.26], [3.79, 0.12, 1.94], [0.2, 0.53, 0.66], [0.57, 1.73, 0.06], [0.96, 1.22, 0.49], [0.21, 2.33, 0.02], [0.04, 1.6, 0.01], [0.2, 0.94, 0.01], [0.17, 2.12, 0.0], [0.26, 0.23, 0.9], [0.67, 4.48, 2.37], [0.04, 3.49, 0.0], [3.51, 4.17, 1.65], [0.33, 3.96, 1.76], [0.86, 0.31, 0.92], [1.81, 4.05, 0.45], [0.02, 0.75, 0.0], [1.42, 3.95, 0.02], [11.55, 4.55, 0.86], [8.6, 4.22, 1.36], [0.01, 0.26, 0.22], [2.96, 4.66, 0.65], [4.29, 4.06, 0.37]]","[216, 253, 226, 198, 255, 205, 194, 263, 206, 179, 139, 207, 257, 235, 260, 234, 264, 268, 251, 185, 196, 258, 208]",24.7
368,1788358480647662555,307200,86192,25,24,165.1,"[25.0, 25.7, 28.2, 29.8, 30.4, 30.5, 30.8, 31.9, 38.2, 81.1, 82.4, 83.1, 86.7, 89.9, 92.2, 98.1, 103.4, 105.1, 118.6, 126.8, 138.8, 148.4, 154.5, 165.1]","['NEAR', 'NEAR', 'NEAR', 'RAIL', 'INSIDE', 'INSIDE', 'INSIDE', 'INSIDE', 'INSIDE', 'INSIDE', 'RAIL', 'INSIDE', 'INSIDE', 'NEAR', 'INSIDE', 'INSIDE', 'OUTSIDE', 'INSIDE', 'INSIDE', 'INSIDE', 'INSIDE', 'RAIL', 'INSIDE', 'INSIDE']","[[0.54, 0.05, 1.26], [1.54, 0.07, 1.85], [1.89, 0.12, 1.88], [0.16, 0.58, 0.33], [0.58, 1.73, 0.06], [0.87, 1.22, 0.49], [0.13, 1.26, 0.01], [0.06, 1.6, 0.01], [0.19, 0.94, 0.01], [0.24, 2.12, 0.01], [0.26, 0.37, 0.9], [1.54, 4.81, 2.37], [0.6, 3.77, 0.42], [2.13, 0.23, 1.58], [2.39, 3.84, 1.44], [2.3, 4.17, 1.76], [1.33, 0.22, 1.79], [0.93, 4.24, 0.66], [1.38, 4.16, 0.02], [12.83, 4.59, 1.27], [8.56, 3.96, 0.7], [0.02, 0.26, 0.22], [2.99, 4.66, 0.65], [3.0, 4.62, 0.82]]","[216, 162, 253, 226, 198, 255, 205, 194, 263, 206, 179, 139, 207, 215, 257, 235, 260, 234, 268, 251, 185, 196, 258, 208]",25.5
369,1788358480741605041,307200,86160,24,22,192.9,"[28.2, 29.8, 30.4, 30.8, 31.9, 35.6, 38.2, 81.0, 82.2, 82.4, 87.0, 91.1, 99.2, 103.2, 105.3, 119.2, 125.3, 138.8, 148.4, 154.5, 167.3, 192.9]","['NEAR', 'NEAR', 'NEAR', 'RAIL', 'INSIDE', 'INSIDE', 'INSIDE', 'INSIDE', 'RAIL', 'INSIDE', 'INSIDE', 'INSIDE', 'INSIDE', 'OUTSIDE', 'INSIDE', 'INSIDE', 'INSIDE', 'INSIDE', 'RAIL', 'INSIDE', 'INSIDE', 'RAIL']","[[0.58, 0.05, 1.26], [1.63, 0.06, 1.85], [1.87, 0.12, 1.88], [0.18, 0.52, 0.33], [0.88, 1.22, 0.49], [1.15, 1.58, 0.08], [0.19, 0.94, 0.01], [0.1, 1.27, 0.0], [0.24, 0.38, 0.9], [1.71, 4.81, 2.37], [0.03, 3.49, 0.0], [4.61, 4.2, 1.9], [0.3, 3.93, 1.76], [0.88, 0.36, 0.92], [1.81, 4.24, 0.85], [0.19, 4.16, 0.0], [9.87, 4.45, 1.27], [8.53, 4.21, 0.7], [0.06, 0.26, 0.22], [3.0, 4.66, 0.65], [1.44, 3.8, 0.01], [0.05, 0.34, 0.0]]","[216, 162, 253, 226, 255, 252, 263, 206, 179, 139, 207, 257, 235, 260, 234, 268, 251, 185, 196, 258, 208, 262]",23.6
370,1788358480849710734,307200,86204,23,22,165.1,"[25.0, 25.7, 28.2, 30.4, 30.5, 30.9, 30.9, 81.0, 82.4, 84.1, 87.0, 91.1, 94.5, 99.2, 103.2, 105.2, 119.3, 126.8, 138.8, 148.4, 154.5, 165.1]","['NEAR', 'NEAR', 'RAIL', 'INSIDE', 'INSIDE', 'INSIDE', 'INSIDE', 'INSIDE', 'RAIL', 'INSIDE', 'INSIDE', 'INSIDE', 'NEAR', 'INSIDE', 'OUTSIDE', 'INSIDE', 'INSIDE', 'INSIDE', 'INSIDE', 'RAIL', 'INSIDE', 'INSIDE']","[[0.55, 0.05, 1.26], [3.79, 0.12, 1.94], [0.19, 0.52, 0.34], [0.6, 1.73, 0.06], [0.96, 1.22, 0.49], [0.25, 2.33, 0.02], [0.04, 1.6, 0.01], [0.17, 2.26, 0.0], [0.25, 0.23, 0.9], [3.49, 4.59, 2.37], [0.03, 3.64, 0.0], [4.51, 4.2, 1.65], [0.54, 0.22, 0.43], [0.35, 3.96, 1.76], [0.88, 0.36, 0.92], [1.65, 4.05, 0.45], [0.19, 4.16, 0.0], [12.86, 4.55, 0.99], [8.57, 4.56, 0.7], [0.0, 0.26, 0.22], [2.99, 4.66, 0.65], [2.97, 4.35, 0.36]]","[216, 253, 226, 198, 255, 205, 194, 206, 179, 139, 207, 257, 236, 235, 260, 234, 268, 251, 185, 196, 258, 208]",22.1
371,1788358480942063602,307200,86115,21,20,193.0,"[25.0, 25.7, 30.4, 30.4, 30.5, 81.0, 82.4, 82.7, 87.0, 91.4, 99.2, 103.2, 105.2, 118.7, 126.6, 138.7, 148.4, 154.5, 165.1, 193.0]","['NEAR', 'RAIL', 'INSIDE', 'INSIDE', 'INSIDE', 'INSIDE', 'RAIL', 'INSIDE', 'INSIDE', 'INSIDE', 'INSIDE', 'OUTSIDE', 'INSIDE', 'INSIDE', 'INSIDE', 'INSIDE', 'RAIL', 'INSIDE', 'INSIDE', 'RAIL']","[[4.83, 0.11, 1.94], [0.17, 0.58, 0.33], [0.58, 1.73, 0.06], [0.25, 1.21, 0.25], [0.24, 2.32, 0.02], [0.2, 1.98, 0.0], [0.18, 0.23, 0.9], [0.73, 4.53, 2.37], [0.03, 3.64, 0.0], [3.12, 4.2, 2.27], [0.27, 3.93, 1.27], [0.86, 0.31, 0.92], [1.78, 4.29, 0.85], [1.33, 4.16, 0.02], [7.26, 4.45, 0.86], [8.52, 3.97, 0.7], [0.01, 0.26, 0.22], [2.99, 4.63, 0.65], [2.95, 4.35, 0.36], [0.08, 1.01, 0.0]]","[253, 226, 198, 255, 205, 206, 179, 139, 207, 257, 235, 260, 234, 268, 251, 185, 196, 258, 208, 262]",25.7
372,1788358481043241148,307200,86161,25,24,193.0,"[25.2, 25.7, 28.2, 30.4, 30.5, 30.7, 31.0, 38.2, 81.0, 82.4, 82.9, 87.0, 91.6, 99.1, 103.2, 105.6, 107.0, 119.2, 126.7, 138.8, 148.4, 154.6, 165.8, 193.0]","['NEAR', 'NEAR', 'RAIL', 'INSIDE', 'INSIDE', 'INSIDE', 'INSIDE', 'INSIDE', 'INSIDE', 'RAIL', 'INSIDE', 'INSIDE', 'INSIDE', 'INSIDE', 'OUTSIDE', 'INSIDE', 'INSIDE', 'INSIDE', 'INSIDE', 'INSIDE', 'RAIL', 'INSIDE', 'INSIDE', 'RAIL']","[[0.54, 0.05, 1.26], [3.43, 0.13, 1.94], [0.19, 0.53, 0.33], [0.9, 1.73, 0.09], [0.66, 1.22, 0.49], [0.13, 1.26, 0.01], [0.06, 1.6, 0.01], [0.21, 0.94, 0.02], [0.2, 2.12, 0.0], [0.22, 0.24, 0.9], [1.06, 5.07, 2.37], [0.04, 3.49, 0.0], [3.49, 4.2, 2.27], [0.46, 3.96, 1.76], [0.88, 0.2, 0.92], [2.65, 4.33, 0.66], [0.09, 0.75, 0.0], [0.15, 3.95, 0.0], [12.89, 4.55, 1.26], [8.59, 4.22, 0.7], [0.02, 0.26, 0.22], [3.0, 4.66, 0.65], [4.37, 4.34, 0.37], [0.03, 0.67, 0.0]]","[216, 253, 226, 198, 255, 205, 194, 263, 206, 179, 139, 207, 257, 235, 260, 234, 264, 268, 251, 185, 196, 258, 208, 262]",19.7
373,1788358481150468111,307200,86171,27,24,165.8,"[25.0, 25.7, 28.2, 29.8, 30.4, 30.9, 31.9, 38.2, 81.0, 82.4, 82.7, 87.0, 90.0, 92.2, 94.4, 98.5, 103.2, 105.7, 118.6, 126.6, 138.8, 148.4, 154.5, 165.8]","['NEAR', 'NEAR', 'NEAR', 'RAIL', 'INSIDE', 'INSIDE', 'INSIDE', 'INSIDE', 'INSIDE', 'RAIL', 'INSIDE', 'INSIDE', 'NEAR', 'INSIDE', 'NEAR', 'INSIDE', 'OUTSIDE', 'INSIDE', 'INSIDE', 'INSIDE', 'INSIDE', 'RAIL', 'INSIDE', 'INSIDE']","[[0.55, 0.06, 1.26], [1.59, 0.06, 1.85], [1.86, 0.11, 1.88], [0.19, 0.53, 0.27], [0.59, 1.73, 0.06], [0.94, 1.22, 0.49], [0.23, 2.33, 0.02], [0.26, 0.94, 0.02], [0.17, 1.98, 0.0], [0.23, 0.37, 0.9], [0.78, 4.53, 2.37], [0.03, 3.49, 0.0], [2.16, 0.23, 1.59], [2.42, 3.84, 1.44], [0.94, 0.17, 1.05], [1.7, 3.98, 1.76], [0.9, 0.36, 0.92], [0.71, 3.9, 0.43], [1.38, 3.95, 0.02], [7.27, 4.45, 1.13], [8.56, 4.21, 0.7], [0.04, 0.26, 0.22], [2.99, 4.66, 0.65], [4.33, 4.35, 0.37]]","[216, 162, 253, 226, 198, 255, 205, 263, 206, 179, 139, 207, 215, 257, 236, 235, 260, 234, 268, 251, 185, 196, 258, 208]",19.2
374,1788358481243205808,307200,86180,25,22,165.1,"[28.2, 30.4, 30.5, 30.9, 30.9, 35.6, 76.5, 81.0, 82.4, 82.7, 87.0, 91.1, 94.6, 98.2, 103.2, 105.7, 118.6, 126.8, 138.8, 148.4, 154.5, 165.1]","['NEAR', 'NEAR', 'RAIL', 'INSIDE', 'INSIDE', 'INSIDE', 'INSIDE', 'INSIDE', 'RAIL', 'INSIDE', 'INSIDE', 'INSIDE', 'NEAR', 'INSIDE', 'OUTSIDE', 'INSIDE', 'INSIDE', 'INSIDE', 'INSIDE', 'RAIL', 'INSIDE', 'INSIDE']","[[0.58, 0.06, 1.26], [3.78, 0.12, 1.94], [0.2, 0.52, 0.33], [0.95, 1.22, 0.49], [1.29, 1.96, 0.09], [0.05, 1.6, 0.01], [2.4, 2.04, 0.84], [0.18, 2.26, 0.0], [0.2, 0.23, 0.9], [0.7, 4.59, 2.37], [0.03, 3.49, 0.0], [4.56, 4.19, 2.27], [0.61, 0.16, 0.44], [2.28, 4.13, 1.76], [0.9, 0.36, 0.92], [0.69, 4.24, 0.85], [1.43, 4.16, 0.02], [12.85, 4.55, 1.26], [8.57, 4.22, 0.7], [0.01, 0.26, 0.22], [3.02, 4.66, 0.65], [2.96, 3.77, 0.36]]","[216, 253, 226, 255, 252, 194, 206, 139, 179, 207, 215, 257, 236, 235, 260, 234, 268, 251, 185, 196, 258, 208]",20.7
375,1788358481340356727,307200,86194,22,21,165.1,"[25.0, 25.7, 30.5, 30.5, 30.6, 38.2, 81.0, 82.4, 82.7, 87.0, 90.0, 92.5, 99.1, 103.2, 105.7, 118.6, 126.8, 138.8, 148.4, 154.5, 165.1]","['RAIL', 'INSIDE', 'INSIDE', 'INSIDE', 'INSIDE', 'INSIDE', 'INSIDE', 'RAIL', 'INSIDE', 'INSIDE', 'NEAR', 'INSIDE', 'INSIDE', 'OUTSIDE', 'INSIDE', 'INSIDE', 'INSIDE', 'INSIDE', 'RAIL', 'INSIDE', 'INSIDE']","[[0.14, 0.53, 0.33], [0.47, 1.73, 0.05], [0.33, 1.22, 0.25], [0.11, 1.26, 0.01], [0.05, 1.6, 0.01], [0.19, 0.94, 0.01], [0.24, 2.12, 0.01], [0.19, 0.23, 0.9], [0.68, 4.59, 2.37], [0.02, 3.49, 0.0], [2.08, 0.23, 2.2], [1.83, 3.73, 1.44], [0.45, 3.96, 1.27], [0.92, 0.36, 0.92], [2.65, 4.32, 0.85], [1.35, 4.16, 0.02], [12.9, 4.55, 0.99], [8.63, 4.33, 0.7], [0.02, 0.26, 0.22], [2.97, 4.66, 0.65], [2.91, 4.06, 0.36]]","[226, 198, 255, 205, 194, 263, 139, 179, 207, 215, 257, 236, 235, 260, 234, 268, 251, 185, 196, 258, 208]",22.4
376,1788358481446567637,307200,86137,26,24,193.0,"[25.0, 25.7, 28.2, 30.4, 30.5, 30.8, 31.0, 38.2, 81.1, 82.4, 82.7, 87.0, 92.3, 99.1, 103.2, 106.1, 111.4, 113.2, 125.3, 138.8, 148.4, 154.5, 165.2, 193.0]","['NEAR', 'NEAR', 'RAIL', 'INSIDE', 'INSIDE', 'INSIDE', 'INSIDE', 'INSIDE', 'INSIDE', 'RAIL', 'INSIDE', 'INSIDE', 'INSIDE', 'INSIDE', 'OUTSIDE', 'INSIDE', 'INSIDE', 'RAIL', 'INSIDE', 'INSIDE', 'RAIL', 'INSIDE', 'INSIDE', 'RAIL']","[[0.54, 0.05, 1.26], [3.5, 0.12, 1.94], [0.18, 0.52, 0.33], [0.63, 1.73, 0.07], [0.87, 1.22, 0.49], [0.1, 1.26, 0.01], [0.05, 1.6, 0.0], [0.21, 0.94, 0.02], [0.2, 2.12, 0.0], [0.2, 0.23, 0.9], [0.78, 4.81, 2.37], [0.03, 3.49, 0.0], [2.24, 4.17, 1.44], [0.29, 3.96, 1.76], [0.9, 0.36, 0.92], [1.65, 3.94, 0.42], [0.14, 3.31, 0.0], [0.05, 0.21, 0.32], [9.84, 4.45, 1.26], [8.55, 4.33, 1.36], [0.01, 0.26, 0.22], [2.97, 4.66, 0.65], [2.99, 4.35, 0.36], [0.01, 1.01, 0.0]]","[216, 253, 226, 198, 255, 205, 194, 263, 139, 179, 207, 215, 236, 235, 260, 234, 270, 268, 251, 185, 196, 258, 208, 262]",19.4
377,1788358481554560165,307200,86164,22,20,193.0,"[25.0, 25.7, 30.4, 30.4, 30.6, 81.0, 82.4, 82.7, 87.0, 91.6, 99.1, 103.2, 105.5, 111.5, 126.8, 138.8, 148.4, 154.5, 165.2, 193.0]","['NEAR', 'RAIL', 'INSIDE', 'INSIDE', 'INSIDE', 'INSIDE', 'RAIL', 'INSIDE', 'INSIDE', 'INSIDE', 'INSIDE', 'OUTSIDE', 'INSIDE', 'INSIDE', 'INSIDE', 'INSIDE', 'RAIL', 'INSIDE', 'INSIDE', 'RAIL']","[[4.84, 0.13, 1.85], [0.2, 0.53, 0.33], [0.6, 1.73, 0.06], [0.35, 1.22, 0.24], [0.27, 2.41, 0.02], [0.15, 1.98, 0.0], [0.2, 0.24, 0.9], [0.69, 4.59, 2.37], [0.04, 3.64, 0.0], [3.51, 4.2, 1.46], [0.35, 3.96, 1.76], [0.91, 0.2, 0.92], [0.25, 3.83, 0.19], [0.14, 3.31, 0.0], [12.96, 4.55, 1.01], [8.54, 4.45, 0.7], [0.02, 0.26, 0.22], [3.01, 4.66, 0.65], [2.9, 4.35, 0.36], [0.11, 1.35, 0.0]]","[162, 226, 198, 255, 205, 139, 179, 207, 215, 236, 235, 260, 234, 270, 251, 185, 196, 258, 208, 262]",19.0
378,1788358481639096708,307200,86163,25,23,193.0,"[25.0, 25.6, 28.2, 30.4, 30.5, 30.9, 31.0, 81.0, 82.4, 82.7, 87.0, 91.6, 94.4, 99.1, 103.2, 105.0, 111.4, 126.8, 138.8, 148.4, 154.5, 165.8, 193.0]","['NEAR', 'NEAR', 'RAIL', 'INSIDE', 'INSIDE', 'INSIDE', 'INSIDE', 'INSIDE', 'RAIL', 'INSIDE', 'INSIDE', 'INSIDE', 'NEAR', 'INSIDE', 'OUTSIDE', 'INSIDE', 'INSIDE', 'INSIDE', 'INSIDE', 'RAIL', 'INSIDE', 'INSIDE', 'RAIL']","[[0.55, 0.05, 1.26], [3.52, 0.12, 1.94], [0.2, 0.53, 0.33], [0.47, 1.73, 0.05], [0.97, 1.22, 0.49], [0.27, 2.41, 0.02], [0.07, 1.6, 0.01], [0.13, 2.12, 0.0], [0.23, 0.23, 0.9], [0.77, 4.53, 2.37], [0.03, 3.49, 0.0], [3.45, 4.2, 2.27], [0.61, 0.22, 0.43], [0.41, 3.96, 1.76], [0.89, 0.31, 0.92], [1.25, 4.01, 0.45], [0.13, 3.31, 0.0], [12.95, 4.55, 1.01], [8.56, 4.22, 0.7], [0.05, 0.26, 0.22], [3.03, 4.66, 0.65], [4.31, 4.06, 0.37], [0.05, 0.67, 0.0]]","[216, 253, 226, 198, 255, 205, 194, 139, 179, 207, 215, 236, 257, 235, 260, 234, 270, 251, 185, 196, 258, 208, 262]",18.6
379,1788358481760808002,307200,86240,23,22,165.8,"[25.0, 25.7, 28.2, 30.4, 30.5, 30.8, 30.9, 38.2, 81.0, 82.4, 83.1, 86.8, 91.1, 98.5, 103.2, 104.9, 111.4, 126.8, 138.8, 148.4, 154.5, 165.8]","['NEAR', 'NEAR', 'RAIL', 'INSIDE', 'INSIDE', 'INSIDE', 'INSIDE', 'INSIDE', 'INSIDE', 'RAIL', 'INSIDE', 'INSIDE', 'INSIDE', 'INSIDE', 'OUTSIDE', 'INSIDE', 'INSIDE', 'INSIDE', 'INSIDE', 'RAIL', 'INSIDE', 'INSIDE']","[[0.56, 0.06, 1.26], [3.78, 0.11, 1.94], [0.17, 0.58, 0.33], [0.47, 1.73, 0.05], [0.91, 1.22, 0.49], [0.24, 2.42, 0.02], [0.04, 1.6, 0.01], [0.19, 0.94, 0.01], [0.19, 1.7, 0.0], [0.21, 0.23, 0.9], [1.58, 4.53, 2.37], [0.37, 3.77, 0.41], [4.36, 4.19, 2.27], [1.7, 4.15, 1.76], [0.9, 0.36, 0.92], [1.3, 4.01, 0.45], [0.13, 3.31, 0.0], [12.97, 4.55, 1.26], [8.6, 4.21, 0.7], [0.03, 0.26, 0.22], [2.99, 4.66, 0.65], [4.27, 4.06, 0.37]]","[216, 253, 226, 198, 255, 205, 194, 263, 139, 179, 207, 215, 236, 235, 260, 234, 270, 251, 185, 196, 258, 208]",23.4
380,1788358481841998503,307200,86208,27,24,167.3,"[25.0, 25.7, 28.2, 30.4, 30.5, 30.9, 30.9, 35.6, 38.2, 81.1, 82.4, 82.7, 87.0, 89.9, 92.2, 99.2, 103.2, 105.2, 111.6, 126.8, 138.8, 148.4, 154.6, 167.3]","['NEAR', 'NEAR', 'RAIL', 'INSIDE', 'INSIDE', 'INSIDE', 'INSIDE', 'INSIDE', 'INSIDE', 'INSIDE', 'RAIL', 'INSIDE', 'INSIDE', 'NEAR', 'INSIDE', 'INSIDE', 'OUTSIDE', 'INSIDE', 'INSIDE', 'INSIDE', 'INSIDE', 'RAIL', 'INSIDE', 'INSIDE']","[[0.57, 0.05, 1.26], [3.84, 0.12, 1.94], [0.2, 0.53, 0.27], [0.58, 1.73, 0.06], [0.95, 1.22, 0.49], [1.12, 1.58, 0.08], [0.12, 1.26, 0.01], [0.04, 1.6, 0.01], [0.21, 0.94, 0.02], [0.25, 2.26, 0.01], [0.21, 0.37, 0.9], [0.67, 4.44, 2.37], [0.03, 3.64, 0.0], [2.16, 0.23, 2.2], [2.42, 3.84, 1.44], [0.33, 3.96, 0.61], [0.89, 0.31, 0.92], [1.83, 4.29, 0.67], [0.48, 4.03, 0.48], [12.98, 4.55, 1.26], [8.56, 4.47, 0.7], [0.01, 0.26, 0.22], [3.05, 4.66, 0.65], [1.48, 3.51, 0.01]]","[216, 253, 226, 198, 255, 252, 205, 194, 263, 139, 179, 207, 215, 236, 257, 235, 260, 234, 270, 251, 185, 196, 258, 208]",21.1
381,1788358481942145250,307200,86142,23,22,165.9,"[25.0, 25.7, 30.4, 30.4, 30.5, 30.8, 38.2, 81.0, 82.4, 82.7, 86.6, 90.2, 93.1, 98.5, 103.2, 106.1, 111.4, 126.8, 138.8, 148.4, 154.5, 165.9]","['NEAR', 'RAIL', 'INSIDE', 'INSIDE', 'INSIDE', 'INSIDE', 'INSIDE', 'INSIDE', 'RAIL', 'INSIDE', 'INSIDE', 'INSIDE', 'OUTSIDE', 'INSIDE', 'OUTSIDE', 'INSIDE', 'INSIDE', 'INSIDE', 'INSIDE', 'RAIL', 'INSIDE', 'INSIDE']","[[4.86, 0.13, 1.94], [0.17, 0.58, 0.33], [0.59, 1.73, 0.06], [0.94, 1.22, 0.49], [0.27, 2.42, 0.02], [0.06, 1.6, 0.01], [0.2, 0.94, 0.01], [0.17, 2.12, 0.0], [0.23, 0.23, 0.9], [0.76, 4.67, 2.37], [0.69, 3.77, 0.42], [2.67, 4.2, 2.24], [0.64, 1.32, 1.44], [1.73, 3.98, 1.76], [0.93, 0.36, 0.92], [1.66, 3.94, 1.35], [0.13, 3.31, 0.0], [12.95, 4.55, 1.27], [8.53, 4.33, 0.7], [0.04, 0.26, 0.22], [3.04, 4.66, 0.65], [4.35, 4.06, 0.37]]","[162, 226, 198, 255, 205, 194, 263, 139, 179, 207, 215, 236, 257, 235, 260, 234, 270, 251, 185, 196, 258, 208]",22.9
382,1788358482038814989,307200,86249,25,23,165.2,"[25.0, 25.7, 29.3, 30.4, 30.5, 30.8, 31.9, 81.0, 82.4, 83.1, 87.0, 89.9, 92.5, 94.6, 98.5, 103.2, 105.7, 111.4, 125.3, 138.8, 148.4, 154.5, 165.2]","['NEAR', 'NEAR', 'RAIL', 'INSIDE', 'INSIDE', 'INSIDE', 'INSIDE', 'INSIDE', 'RAIL', 'INSIDE', 'INSIDE', 'NEAR', 'INSIDE', 'NEAR', 'INSIDE', 'OUTSIDE', 'INSIDE', 'INSIDE', 'INSIDE', 'INSIDE', 'RAIL', 'INSIDE', 'INSIDE']","[[2.6, 0.06, 1.85], [1.89, 0.11, 1.88], [0.21, 0.53, 0.33], [0.59, 1.73, 0.06], [0.92, 1.22, 0.49], [0.23, 2.33, 0.02], [0.05, 1.6, 0.01], [0.15, 1.98, 0.0], [0.22, 0.38, 0.9], [1.6, 4.53, 2.37], [0.02, 3.49, 0.0], [2.08, 0.22, 1.58], [1.85, 3.83, 1.44], [0.68, 0.16, 0.44], [1.7, 3.98, 1.76], [0.88, 0.36, 0.92], [0.79, 3.9, 0.42], [0.14, 2.92, 0.0], [9.88, 4.45, 1.01], [8.53, 3.97, 0.7], [0.02, 0.26, 0.22], [3.0, 4.66, 0.65], [2.97, 4.35, 0.36]]","[216, 253, 226, 198, 255, 205, 194, 139, 179, 207, 215, 236, 257, 235, 260, 234, 270, 268, 251, 185, 196, 258, 208]",17.8
383,1788358482149949394,307200,86185,22,21,154.5,"[25.0, 25.7, 28.2, 30.4, 30.5, 30.9, 30.9, 38.2, 81.0, 82.4, 82.7, 87.0, 91.2, 99.2, 103.2, 105.2, 111.4, 126.8, 138.8, 148.4, 154.5]","['NEAR', 'NEAR', 'RAIL', 'INSIDE', 'INSIDE', 'INSIDE', 'INSIDE', 'INSIDE', 'INSIDE', 'RAIL', 'INSIDE', 'INSIDE', 'INSIDE', 'INSIDE', 'OUTSIDE', 'INSIDE', 'INSIDE', 'INSIDE', 'INSIDE', 'RAIL', 'INSIDE']","[[0.56, 0.06, 1.26], [3.8, 0.12, 1.94], [0.18, 0.58, 0.33], [0.48, 1.73, 0.05], [1.04, 1.22, 0.49], [0.12, 1.26, 0.01], [0.04, 1.6, 0.01], [0.2, 0.94, 0.01], [0.28, 2.26, 0.01], [0.25, 0.24, 0.9], [0.68, 4.71, 2.37], [0.04, 3.64, 0.0], [4.34, 4.2, 2.27], [0.27, 3.93, 1.76], [0.86, 0.36, 0.92], [1.68, 4.05, 0.45], [0.11, 3.31, 0.0], [13.0, 4.55, 1.26], [8.57, 4.22, 0.7], [0.02, 0.26, 0.22], [3.0, 4.66, 0.65]]","[216, 162, 226, 198, 255, 205, 194, 263, 139, 179, 207, 215, 257, 260, 234, 270, 268, 251, 185, 196, 258]",19.0
384,1788358482243923449,307200,86181,23,21,165.2,"[25.3, 28.2, 29.8, 30.4, 30.5, 30.9, 31.9, 81.0, 82.4, 83.1, 87.0, 91.1, 98.4, 103.2, 105.7, 111.4, 126.8, 138.8, 148.4, 154.5, 165.2]","['NEAR', 'NEAR', 'NEAR', 'RAIL', 'INSIDE', 'INSIDE', 'INSIDE', 'INSIDE', 'RAIL', 'INSIDE', 'INSIDE', 'INSIDE', 'INSIDE', 'OUTSIDE', 'INSIDE', 'INSIDE', 'INSIDE', 'INSIDE', 'RAIL', 'INSIDE', 'INSIDE']","[[0.56, 0.05, 1.26], [1.51, 0.06, 1.85], [1.86, 0.12, 1.89], [0.18, 0.53, 0.33], [1.0, 1.22, 0.49], [0.95, 2.41, 0.1], [0.05, 1.28, 0.01], [0.17, 2.12, 0.0], [0.21, 0.24, 0.9], [1.48, 5.38, 2.37], [0.03, 3.49, 0.0], [4.53, 4.22, 1.9], [1.5, 3.98, 0.82], [0.89, 0.36, 0.92], [0.72, 3.9, 0.42], [0.12, 3.11, 0.0], [13.02, 4.56, 1.26], [8.57, 4.21, 0.7], [0.04, 0.26, 0.22], [3.0, 4.66, 0.65], [2.96, 4.35, 0.36]]","[216, 162, 253, 226, 255, 205, 194, 139, 179, 207, 215, 257, 260, 234, 270, 268, 251, 185, 196, 258, 208]",22.1
385,1788358482349103354,307200,86186,24,23,165.2,"[25.0, 25.7, 28.2, 30.4, 30.5, 30.9, 30.9, 81.0, 82.4, 83.1, 87.0, 89.9, 92.2, 94.5, 99.2, 103.2, 105.5, 111.4, 126.5, 138.7, 148.4, 154.5, 165.2]","['NEAR', 'NEAR', 'RAIL', 'INSIDE', 'INSIDE', 'INSIDE', 'INSIDE', 'INSIDE', 'RAIL', 'INSIDE', 'INSIDE', 'NEAR', 'INSIDE', 'NEAR', 'INSIDE', 'OUTSIDE', 'INSIDE', 'INSIDE', 'INSIDE', 'INSIDE', 'RAIL', 'INSIDE', 'INSIDE']","[[0.52, 0.05, 1.26], [3.79, 0.13, 1.85], [0.21, 0.53, 0.33], [0.57, 1.73, 0.06], [0.95, 1.22, 0.49], [0.22, 2.33, 0.02], [0.06, 1.6, 0.01], [0.28, 2.12, 0.01], [0.21, 0.37, 0.9], [1.56, 4.53, 2.37], [0.04, 3.64, 0.0], [2.09, 0.23, 2.2], [2.51, 3.84, 1.44], [0.76, 0.15, 0.62], [0.25, 3.93, 0.61], [0.88, 0.2, 0.92], [0.27, 3.86, 0.19], [0.12, 3.11, 0.0], [7.27, 4.45, 0.86], [8.52, 4.21, 0.7], [0.01, 0.26, 0.22], [2.97, 4.39, 0.65], [2.96, 3.19, 0.36]]","[216, 253, 226, 198, 255, 205, 194, 139, 179, 207, 215, 236, 257, 235, 260, 234, 270, 268, 251, 185, 196, 258, 208]",19.1
386,1788358482453001780,307200,86199,24,23,193.0,"[25.0, 25.7, 28.2, 29.8, 30.5, 30.5, 30.8, 31.9, 81.0, 82.4, 82.8, 87.0, 91.6, 98.5, 103.4, 105.2, 111.6, 126.8, 138.8, 148.4, 154.5, 165.1, 193.0]","['NEAR', 'NEAR', 'NEAR', 'RAIL', 'INSIDE', 'INSIDE', 'INSIDE', 'INSIDE', 'INSIDE', 'RAIL', 'INSIDE', 'INSIDE', 'INSIDE', 'INSIDE', 'OUTSIDE', 'INSIDE', 'INSIDE', 'INSIDE', 'INSIDE', 'RAIL', 'INSIDE', 'INSIDE', 'RAIL']","[[0.56, 0.05, 1.26], [1.53, 0.07, 1.85], [1.87, 0.12, 1.59], [0.13, 0.53, 0.33], [0.58, 1.73, 0.06], [0.84, 1.22, 0.49], [0.28, 2.41, 0.03], [0.04, 1.6, 0.01], [0.17, 1.98, 0.0], [0.2, 0.23, 0.9], [0.68, 4.59, 2.37], [0.03, 3.64, 0.0], [3.5, 4.2, 2.27], [1.71, 3.96, 0.82], [1.21, 0.22, 1.79], [1.69, 4.24, 0.85], [0.51, 4.03, 0.48], [12.96, 4.55, 1.26], [8.58, 4.33, 1.36], [0.04, 0.26, 0.22], [3.01, 4.66, 0.65], [2.95, 4.35, 0.36], [0.07, 1.35, 0.0]]","[216, 162, 253, 226, 198, 255, 205, 194, 139, 179, 207, 215, 257, 260, 234, 270, 268, 251, 185, 196, 258, 208, 262]",17.5
387,1788358482561159749,307200,86171,21,20,193.0,"[28.3, 29.8, 30.9, 31.9, 38.2, 81.0, 82.4, 83.0, 87.0, 90.4, 92.2, 98.5, 103.2, 105.2, 111.4, 126.8, 138.8, 148.4, 154.5, 193.0]","['NEAR', 'NEAR', 'NEAR', 'INSIDE', 'INSIDE', 'INSIDE', 'RAIL', 'INSIDE', 'INSIDE', 'NEAR', 'INSIDE', 'INSIDE', 'OUTSIDE', 'INSIDE', 'INSIDE', 'INSIDE', 'INSIDE', 'RAIL', 'INSIDE', 'RAIL']","[[0.58, 0.05, 1.26], [1.56, 0.07, 1.85], [1.88, 0.12, 1.89], [0.94, 1.22, 0.49], [0.21, 0.94, 0.02], [0.17, 2.26, 0.0], [0.22, 0.38, 0.9], [1.37, 4.52, 2.37], [0.02, 3.49, 0.0], [1.07, 0.18, 1.59], [2.43, 3.84, 1.44], [1.7, 4.17, 1.27], [0.9, 0.31, 0.92], [1.72, 4.28, 0.85], [0.12, 3.31, 0.0], [12.77, 4.55, 1.27], [8.56, 4.47, 0.7], [0.02, 0.26, 0.22], [3.01, 4.66, 0.65], [0.06, 1.35, 0.0]]","[216, 162, 253, 255, 263, 139, 179, 207, 215, 236, 257, 260, 234, 270, 268, 251, 185, 196, 258, 262]",18.7
388,1788358482644320536,307200,86309,27,23,165.8,"[25.0, 25.7, 30.4, 30.4, 30.5, 30.9, 35.6, 38.2, 81.0, 82.4, 83.2, 87.0, 90.8, 94.5, 98.4, 103.2, 105.6, 111.4, 128.1, 138.8, 148.4, 154.5, 165.8]","['NEAR', 'RAIL', 'INSIDE', 'INSIDE', 'INSIDE', 'INSIDE', 'INSIDE', 'INSIDE', 'INSIDE', 'RAIL', 'INSIDE', 'INSIDE', 'INSIDE', 'NEAR', 'INSIDE', 'OUTSIDE', 'INSIDE', 'INSIDE', 'INSIDE', 'INSIDE', 'RAIL', 'INSIDE', 'INSIDE']","[[4.85, 0.12, 1.95], [0.12, 0.53, 0.33], [0.59, 1.73, 0.06], [0.94, 1.22, 0.49], [1.13, 1.83, 0.08], [0.12, 1.26, 0.01], [0.04, 1.6, 0.01], [0.21, 0.94, 0.02], [0.15, 1.98, 0.0], [0.22, 0.24, 0.9], [1.66, 5.44, 2.37], [0.02, 3.49, 0.0], [5.16, 4.09, 1.9], [0.73, 0.22, 0.62], [1.51, 3.94, 0.82], [0.86, 0.2, 0.92], [0.72, 3.9, 0.43], [0.11, 3.31, 0.0], [10.31, 4.59, 1.5], [8.56, 3.96, 0.7], [0.02, 0.26, 0.22], [2.96, 4.66, 0.65], [4.28, 4.35, 0.37]]","[162, 226, 198, 255, 252, 205, 194, 263, 139, 179, 207, 215, 257, 235, 260, 234, 270, 268, 251, 185, 196, 258, 208]",16.2
389,1788358482748389320,307200,86216,26,24,165.1,"[25.0, 25.7, 25.9, 28.2, 30.4, 30.5, 30.5, 30.9, 81.0, 82.4, 82.8, 87.0, 89.9, 92.2, 94.5, 99.1, 103.4, 105.4, 111.4, 126.0, 138.8, 148.4, 154.5, 165.1]","['NEAR', 'NEAR', 'RAIL', 'INSIDE', 'INSIDE', 'RAIL', 'INSIDE', 'INSIDE', 'INSIDE', 'RAIL', 'INSIDE', 'INSIDE', 'NEAR', 'INSIDE', 'NEAR', 'INSIDE', 'OUTSIDE', 'INSIDE', 'INSIDE', 'INSIDE', 'INSIDE', 'RAIL', 'INSIDE', 'INSIDE']","[[0.55, 0.05, 1.26], [3.77, 0.13, 1.94], [0.21, 0.53, 0.33], [0.57, 1.73, 0.06], [0.27, 1.21, 0.25], [0.26, 0.19, 0.12], [0.13, 1.26, 0.01], [0.04, 1.6, 0.0], [0.11, 1.98, 0.0], [0.2, 0.24, 0.9], [0.65, 4.44, 2.37], [0.04, 3.49, 0.0], [2.15, 0.23, 1.59], [2.45, 3.84, 1.44], [0.75, 0.22, 0.62], [0.44, 4.16, 1.76], [1.37, 0.31, 1.79], [1.34, 4.28, 0.66], [0.11, 3.31, 0.0], [8.44, 4.45, 0.86], [8.55, 4.22, 0.7], [0.0, 0.26, 0.22], [2.97, 4.66, 0.65], [2.95, 4.35, 0.36]]","[216, 162, 226, 198, 255, 205, 194, 253, 139, 179, 207, 215, 236, 257, 235, 260, 234, 270, 268, 251, 185, 196, 258, 208]",19.1
390,1788358482856200132,307200,86249,23,23,193.0,"[25.0, 25.7, 28.2, 30.4, 30.5, 30.9, 30.9, 81.0, 82.4, 82.7, 87.0, 91.1, 98.5, 103.2, 105.0, 111.4, 119.2, 125.3, 138.8, 148.4, 154.5, 165.8, 193.0]","['NEAR', 'NEAR', 'RAIL', 'INSIDE', 'INSIDE', 'INSIDE', 'INSIDE', 'INSIDE', 'RAIL', 'INSIDE', 'INSIDE', 'INSIDE', 'INSIDE', 'OUTSIDE', 'INSIDE', 'INSIDE', 'INSIDE', 'INSIDE', 'INSIDE', 'RAIL', 'INSIDE', 'INSIDE', 'RAIL']","[[0.53, 0.05, 1.26], [3.8, 0.13, 1.85], [0.18, 0.52, 0.33], [0.59, 1.73, 0.06], [0.96, 1.22, 0.49], [0.11, 1.26, 0.01], [0.04, 1.6, 0.01], [0.18, 1.98, 0.0], [0.24, 0.38, 0.9], [0.88, 4.67, 2.37], [0.05, 3.64, 0.0], [4.57, 4.2, 1.9], [1.71, 4.15, 1.76], [0.88, 0.2, 0.92], [1.26, 4.01, 0.45], [0.14, 3.31, 0.0], [0.17, 4.16, 0.0], [9.8, 4.44, 1.26], [8.61, 4.22, 0.7], [0.01, 0.26, 0.22], [3.0, 4.66, 0.65], [4.35, 4.35, 0.37], [0.08, 1.01, 0.0]]","[216, 162, 226, 198, 255, 194, 253, 139, 179, 207, 215, 257, 260, 234, 270, 268, 272, 251, 185, 196, 258, 208, 262]",15.6
391,1788358482945803008,307200,86197,22,22,193.0,"[25.0, 25.7, 28.2, 30.5, 30.9, 31.1, 81.0, 82.4, 82.8, 87.0, 91.2, 98.5, 103.2, 105.2, 111.6, 118.6, 126.8, 140.9, 148.4, 154.5, 165.8, 193.0]","['NEAR', 'NEAR', 'INSIDE', 'INSIDE', 'INSIDE', 'INSIDE', 'INSIDE', 'RAIL', 'INSIDE', 'INSIDE', 'INSIDE', 'INSIDE', 'OUTSIDE', 'INSIDE', 'INSIDE', 'INSIDE', 'INSIDE', 'INSIDE', 'RAIL', 'INSIDE', 'INSIDE', 'RAIL']","[[0.53, 0.05, 1.26], [3.37, 0.12, 1.95], [0.59, 1.73, 0.06], [0.97, 1.22, 0.49], [0.11, 1.26, 0.01], [0.04, 1.6, 0.01], [0.18, 2.12, 0.0], [0.19, 0.14, 0.9], [0.65, 4.41, 2.37], [0.04, 3.64, 0.0], [4.4, 4.09, 2.27], [1.71, 3.98, 1.76], [0.92, 0.31, 0.92], [1.7, 4.24, 0.85], [0.5, 4.03, 0.48], [1.4, 4.16, 0.02], [12.97, 4.55, 1.26], [1.38, 3.92, 0.01], [0.04, 0.26, 0.22], [2.99, 4.66, 0.65], [4.36, 3.77, 0.37], [0.1, 1.35, 0.0]]","[216, 162, 198, 255, 194, 253, 139, 179, 207, 215, 257, 260, 234, 270, 268, 272, 251, 185, 196, 258, 208, 262]",18.8
392,1788358483047759942,307200,86148,23,23,165.2,"[25.7, 28.2, 29.8, 30.4, 30.5, 30.8, 31.8, 81.0, 82.4, 83.1, 86.8, 89.9, 92.2, 99.2, 103.2, 105.4, 111.4, 118.6, 127.5, 138.8, 148.4, 154.5, 165.2]","['NEAR', 'NEAR', 'NEAR', 'RAIL', 'INSIDE', 'INSIDE', 'INSIDE', 'INSIDE', 'RAIL', 'INSIDE', 'INSIDE', 'NEAR', 'INSIDE', 'INSIDE', 'OUTSIDE', 'INSIDE', 'INSIDE', 'INSIDE', 'INSIDE', 'INSIDE', 'RAIL', 'INSIDE', 'INSIDE']","[[0.52, 0.05, 1.26], [1.57, 0.06, 1.85], [1.88, 0.11, 1.88], [0.2, 0.53, 0.33], [0.82, 1.22, 0.49], [0.04, 1.6, 0.01], [0.11, 1.26, 0.01], [0.18, 2.26, 0.0], [0.21, 0.38, 0.9], [1.46, 4.43, 2.37], [0.28, 3.78, 0.41], [2.03, 0.18, 2.2], [2.45, 3.84, 1.44], [0.4, 3.96, 1.76], [0.89, 0.2, 0.92], [1.33, 4.28, 0.66], [0.15, 3.31, 0.0], [1.44, 4.16, 0.02], [11.46, 4.67, 0.86], [8.65, 4.45, 1.36], [0.05, 0.26, 0.22], [2.95, 4.66, 0.65], [2.96, 4.35, 0.36]]","[216, 162, 255, 226, 253, 194, 198, 139, 179, 207, 215, 236, 257, 260, 234, 270, 268, 272, 251, 185, 196, 258, 208]",19.3
393,1788358483150707130,307200,86202,23,23,193.0,"[25.0, 25.7, 30.4, 30.4, 30.5, 30.9, 81.0, 82.4, 82.7, 87.0, 90.7, 93.1, 98.5, 103.4, 105.2, 111.7, 118.6, 127.5, 138.8, 148.4, 154.5, 165.9, 193.0]","['NEAR', 'RAIL', 'INSIDE', 'INSIDE', 'INSIDE', 'INSIDE', 'INSIDE', 'RAIL', 'INSIDE', 'INSIDE', 'INSIDE', 'OUTSIDE', 'INSIDE', 'OUTSIDE', 'INSIDE', 'INSIDE', 'INSIDE', 'INSIDE', 'INSIDE', 'RAIL', 'INSIDE', 'INSIDE', 'RAIL']","[[4.82, 0.13, 1.94], [0.17, 0.57, 0.33], [0.59, 1.73, 0.06], [0.99, 1.22, 0.49], [0.04, 1.6, 0.01], [0.1, 1.26, 0.01], [0.17, 2.26, 0.0], [0.23, 0.24, 0.9], [0.74, 4.67, 2.37], [0.03, 3.49, 0.0], [1.72, 3.88, 2.24], [0.6, 0.18, 1.44], [1.72, 3.94, 0.82], [1.33, 0.22, 1.79], [1.64, 4.05, 0.45], [0.59, 4.1, 0.7], [1.42, 3.95, 0.02], [11.44, 4.55, 1.13], [8.55, 4.32, 1.36], [0.02, 0.26, 0.22], [3.01, 4.66, 0.65], [4.4, 3.77, 0.37], [0.08, 1.35, 0.0]]","[162, 226, 198, 253, 194, 205, 139, 179, 207, 215, 257, 235, 260, 234, 270, 268, 272, 251, 185, 196, 258, 208, 262]",17.5
394,1788358483244515724,307200,86149,26,24,193.0,"[25.0, 25.7, 28.2, 29.8, 30.5, 30.9, 31.8, 35.6, 38.2, 81.0, 82.4, 82.7, 87.0, 91.2, 98.5, 103.2, 105.0, 111.4, 118.6, 126.9, 138.8, 154.5, 165.1, 193.0]","['NEAR', 'NEAR', 'NEAR', 'RAIL', 'INSIDE', 'INSIDE', 'INSIDE', 'INSIDE', 'INSIDE', 'INSIDE', 'RAIL', 'INSIDE', 'INSIDE', 'INSIDE', 'INSIDE', 'OUTSIDE', 'INSIDE', 'INSIDE', 'INSIDE', 'INSIDE', 'INSIDE', 'INSIDE', 'INSIDE', 'RAIL']","[[0.57, 0.05, 1.26], [1.58, 0.06, 1.85], [1.86, 0.12, 1.89], [0.12, 0.52, 0.33], [0.59, 1.73, 0.06], [0.96, 1.22, 0.49], [1.18, 1.58, 0.08], [0.11, 1.26, 0.01], [0.19, 0.94, 0.01], [0.16, 1.7, 0.0], [0.25, 0.37, 0.9], [0.78, 4.73, 2.37], [0.03, 3.64, 0.0], [4.55, 4.19, 1.9], [1.69, 3.98, 1.76], [0.92, 0.2, 0.92], [1.22, 3.92, 0.66], [0.13, 3.31, 0.0], [1.42, 4.16, 0.02], [12.8, 4.55, 1.27], [8.61, 4.22, 0.7], [2.95, 4.66, 0.65], [2.97, 4.35, 0.36], [0.1, 0.34, 0.0]]","[216, 162, 255, 226, 198, 253, 252, 205, 263, 139, 179, 207, 215, 257, 260, 234, 270, 268, 272, 251, 185, 258, 208, 262]",16.4
395,1788358483350513337,307200,86222,24,22,193.6,"[28.7, 30.4, 30.5, 30.8, 31.1, 38.2, 81.0, 82.4, 83.3, 87.0, 90.9, 98.5, 103.2, 105.3, 111.4, 118.6, 127.5, 138.8, 148.4, 154.5, 165.8, 193.6]","['NEAR', 'NEAR', 'RAIL', 'INSIDE', 'INSIDE', 'INSIDE', 'INSIDE', 'RAIL', 'INSIDE', 'INSIDE', 'INSIDE', 'INSIDE', 'OUTSIDE', 'INSIDE', 'INSIDE', 'INSIDE', 'INSIDE', 'INSIDE', 'RAIL', 'INSIDE', 'INSIDE', 'RAIL']","[[1.4, 0.05, 1.27], [3.41, 0.13, 1.95], [0.16, 0.57, 0.33], [0.91, 1.22, 0.49], [0.05, 1.6, 0.01], [0.21, 0.94, 0.02], [0.19, 2.12, 0.0], [0.24, 0.51, 0.9], [1.71, 5.09, 2.37], [0.03, 3.64, 0.0], [4.21, 4.09, 1.65], [1.68, 3.97, 1.76], [0.9, 0.31, 0.92], [1.31, 4.28, 0.85], [0.11, 3.31, 0.0], [1.42, 3.95, 0.02], [11.46, 4.55, 1.13], [8.54, 4.32, 0.7], [0.03, 0.26, 0.22], [2.95, 4.66, 0.65], [4.34, 3.77, 0.37], [1.36, 1.36, 0.0]]","[216, 255, 226, 253, 194, 263, 139, 179, 207, 215, 257, 260, 234, 270, 268, 272, 251, 185, 196, 258, 208, 262]",17.3
396,1788358483442630824,307200,86253,27,24,165.8,"[25.3, 28.7, 30.0, 30.4, 30.5, 30.9, 31.9, 81.1, 82.4, 82.7, 87.0, 89.9, 91.6, 93.1, 94.5, 98.5, 103.2, 105.6, 118.6, 126.0, 138.8, 148.4, 154.5, 165.8]","['NEAR', 'NEAR', 'NEAR', 'RAIL', 'INSIDE', 'INSIDE', 'INSIDE', 'INSIDE', 'RAIL', 'INSIDE', 'INSIDE', 'NEAR', 'INSIDE', 'OUTSIDE', 'NEAR', 'INSIDE', 'OUTSIDE', 'INSIDE', 'INSIDE', 'INSIDE', 'INSIDE', 'RAIL', 'INSIDE', 'INSIDE']","[[1.44, 0.05, 1.27], [1.3, 0.06, 1.85], [1.83, 0.11, 1.88], [0.17, 0.58, 0.33], [1.0, 1.22, 0.49], [0.95, 2.32, 0.1], [0.06, 1.6, 0.01], [0.25, 2.4, 0.01], [0.22, 0.24, 0.9], [0.65, 4.45, 2.37], [0.04, 3.49, 0.0], [2.02, 0.23, 2.21], [0.07, 3.68, 0.0], [0.62, 0.18, 1.44], [0.8, 0.22, 0.62], [1.7, 3.97, 1.76], [0.88, 0.2, 0.92], [0.69, 3.9, 0.43], [1.43, 4.16, 0.02], [8.41, 4.45, 0.86], [8.53, 4.47, 0.7], [0.03, 0.26, 0.22], [3.0, 4.66, 0.65], [4.33, 4.06, 0.37]]","[216, 162, 255, 226, 253, 205, 194, 139, 179, 207, 215, 236, 257, 235, 260, 234, 270, 268, 272, 251, 185, 196, 258, 208]",16.1
397,1788358483554292737,307200,86252,25,21,193.0,"[25.7, 30.4, 30.4, 30.5, 30.9, 81.0, 82.4, 82.8, 87.0, 91.7, 94.5, 98.0, 98.4, 103.4, 119.2, 126.8, 138.8, 148.4, 154.5, 165.8, 193.0]","['NEAR', 'RAIL', 'INSIDE', 'INSIDE', 'INSIDE', 'INSIDE', 'RAIL', 'INSIDE', 'INSIDE', 'INSIDE', 'NEAR', 'NEAR', 'INSIDE', 'OUTSIDE', 'INSIDE', 'INSIDE', 'INSIDE', 'RAIL', 'INSIDE', 'INSIDE', 'RAIL']","[[4.8, 0.12, 1.94], [0.19, 0.53, 0.33], [0.96, 1.22, 0.49], [0.23, 2.32, 0.02], [0.06, 1.6, 0.01], [0.13, 1.98, 0.0], [0.27, 0.39, 0.9], [0.67, 4.44, 2.37], [0.05, 3.49, 0.0], [3.54, 4.19, 1.62], [0.79, 0.15, 0.62], [1.98, 0.05, 1.33], [1.67, 3.95, 1.76], [1.25, 0.22, 1.79], [0.13, 3.95, 0.0], [12.98, 4.55, 1.63], [8.56, 4.22, 0.7], [0.03, 0.26, 0.22], [2.98, 4.66, 0.65], [4.28, 4.06, 0.37], [0.08, 1.01, 0.0]]","[162, 226, 253, 205, 194, 139, 179, 207, 215, 257, 260, 234, 270, 268, 272, 251, 185, 196, 258, 208, 262]",16.3
398,1788358483652030170,307200,86283,23,21,165.8,"[25.0, 25.7, 28.2, 29.8, 30.5, 30.9, 31.9, 81.0, 82.4, 83.2, 87.0, 90.4, 92.1, 98.5, 103.2, 119.2, 126.8, 138.8, 148.4, 154.5, 165.8]","['NEAR', 'NEAR', 'NEAR', 'INSIDE', 'INSIDE', 'INSIDE', 'INSIDE', 'INSIDE', 'RAIL', 'INSIDE', 'INSIDE', 'NEAR', 'INSIDE', 'INSIDE', 'OUTSIDE', 'INSIDE', 'INSIDE', 'INSIDE', 'RAIL', 'INSIDE', 'INSIDE']","[[0.54, 0.05, 1.26], [1.52, 0.06, 1.85], [1.86, 0.11, 1.88], [0.59, 1.73, 0.06], [0.93, 1.22, 0.49], [0.24, 2.33, 0.02], [0.04, 1.6, 0.01], [0.18, 2.26, 0.0], [0.23, 0.24, 0.9], [1.77, 5.48, 2.37], [0.04, 3.49, 0.0], [1.04, 0.22, 1.58], [2.54, 3.84, 1.44], [1.71, 3.97, 1.76], [0.91, 0.2, 0.92], [0.16, 4.16, 0.0], [12.97, 4.55, 1.01], [8.56, 4.33, 1.36], [0.05, 0.26, 0.22], [2.97, 4.66, 0.65], [4.35, 4.35, 0.37]]","[216, 162, 255, 198, 253, 205, 194, 139, 179, 207, 215, 236, 257, 270, 268, 272, 251, 185, 196, 258, 208]",16.3
399,1788358483742493750,307200,86235,23,20,165.8,"[25.0, 25.7, 30.4, 30.4, 30.5, 30.9, 38.2, 81.0, 82.4, 82.7, 86.8, 91.1, 98.5, 103.2, 118.6, 127.5, 138.8, 148.4, 154.5, 165.8]","['NEAR', 'RAIL', 'INSIDE', 'INSIDE', 'INSIDE', 'INSIDE', 'INSIDE', 'INSIDE', 'RAIL', 'INSIDE', 'INSIDE', 'INSIDE', 'INSIDE', 'OUTSIDE', 'INSIDE', 'INSIDE', 'INSIDE', 'RAIL', 'INSIDE', 'INSIDE']","[[4.83, 0.12, 1.94], [0.17, 0.58, 0.33], [0.58, 1.73, 0.06], [0.96, 1.22, 0.49], [0.12, 1.26, 0.01], [0.04, 1.6, 0.01], [0.23, 0.94, 0.02], [0.16, 1.98, 0.0], [0.26, 0.37, 0.9], [0.72, 4.59, 2.37], [0.28, 3.77, 0.41], [4.48, 4.19, 1.64], [1.69, 4.15, 1.76], [0.89, 0.31, 0.92], [1.42, 3.95, 0.02], [11.39, 4.55, 1.13], [8.57, 4.45, 1.36], [0.04, 0.26, 0.22], [2.99, 4.66, 0.65], [4.33, 4.06, 0.37]]","[162, 226, 198, 253, 205, 194, 263, 139, 179, 207, 215, 257, 270, 268, 272, 251, 185, 196, 258, 208]",16.7
400,1788358483840653981,307200,86175,22,19,193.0,"[25.3, 28.2, 30.4, 30.9, 30.9, 81.0, 82.4, 83.1, 87.0, 90.2, 98.5, 103.2, 118.6, 128.0, 138.7, 148.4, 154.5, 165.8, 193.0]","['NEAR', 'NEAR', 'RAIL', 'INSIDE', 'INSIDE', 'INSIDE', 'RAIL', 'INSIDE', 'INSIDE', 'INSIDE', 'INSIDE', 'OUTSIDE', 'INSIDE', 'INSIDE', 'INSIDE', 'RAIL', 'INSIDE', 'INSIDE', 'RAIL']","[[0.54, 0.05, 1.26], [3.82, 0.13, 1.94], [0.17, 0.58, 0.27], [0.94, 1.22, 0.49], [0.95, 2.41, 0.1], [0.18, 1.98, 0.0], [0.23, 0.37, 0.9], [1.54, 4.53, 2.37], [0.02, 3.49, 0.0], [2.74, 4.2, 2.24], [1.74, 3.98, 1.27], [0.91, 0.36, 0.92], [1.44, 3.95, 0.02], [10.03, 4.47, 1.5], [8.51, 4.45, 0.7], [0.02, 0.26, 0.22], [3.02, 4.66, 0.65], [4.35, 4.35, 0.37], [0.11, 1.35, 0.0]]","[216, 162, 226, 253, 205, 139, 179, 207, 215, 257, 270, 268, 272, 251, 185, 196, 258, 208, 262]",16.3
401,1788358483943260933,307200,86192,24,21,165.9,"[25.0, 25.7, 28.3, 30.5, 30.5, 30.8, 31.1, 38.2, 81.0, 82.4, 82.7, 87.0, 91.2, 99.2, 103.4, 118.6, 127.4, 141.7, 148.4, 154.5, 165.9]","['NEAR', 'NEAR', 'RAIL', 'INSIDE', 'INSIDE', 'INSIDE', 'INSIDE', 'INSIDE', 'INSIDE', 'RAIL', 'INSIDE', 'INSIDE', 'INSIDE', 'INSIDE', 'OUTSIDE', 'INSIDE', 'INSIDE', 'INSIDE', 'RAIL', 'INSIDE', 'INSIDE']","[[0.58, 0.05, 1.26], [3.46, 0.13, 1.94], [0.12, 0.53, 0.33], [0.59, 1.73, 0.06], [0.88, 1.22, 0.49], [0.26, 2.33, 0.02], [0.04, 1.6, 0.01], [0.18, 0.94, 0.01], [0.16, 2.26, 0.0], [0.24, 0.38, 0.9], [0.78, 4.67, 2.37], [0.03, 3.64, 0.0], [4.31, 4.2, 1.9], [0.31, 3.96, 1.76], [1.33, 0.31, 1.79], [1.38, 3.95, 0.02], [14.12, 4.42, 1.26], [2.82, 4.18, 0.37], [0.04, 0.26, 0.22], [3.02, 4.66, 0.65], [4.35, 4.06, 0.37]]","[216, 162, 226, 198, 253, 205, 194, 263, 139, 179, 207, 215, 257, 270, 268, 272, 251, 185, 196, 258, 208]",15.6
402,1788358484037223569,307200,86261,22,20,193.0,"[25.0, 25.7, 30.4, 30.5, 30.9, 38.2, 81.1, 82.4, 83.1, 87.0, 91.7, 99.2, 103.2, 119.2, 125.3, 138.8, 148.4, 154.5, 165.1, 193.0]","['NEAR', 'INSIDE', 'INSIDE', 'INSIDE', 'INSIDE', 'INSIDE', 'INSIDE', 'RAIL', 'INSIDE', 'INSIDE', 'INSIDE', 'INSIDE', 'OUTSIDE', 'INSIDE', 'INSIDE', 'INSIDE', 'RAIL', 'INSIDE', 'INSIDE', 'RAIL']","[[4.83, 0.12, 1.94], [0.59, 1.73, 0.06], [0.92, 1.22, 0.49], [0.28, 2.42, 0.03], [0.06, 1.81, 0.01], [0.23, 0.94, 0.02], [0.22, 1.98, 0.01], [0.25, 0.38, 0.9], [1.52, 4.53, 2.37], [0.04, 3.49, 0.0], [3.47, 4.2, 1.64], [0.25, 3.93, 1.76], [0.87, 0.36, 0.92], [0.14, 4.16, 0.0], [9.83, 4.44, 1.26], [8.57, 4.47, 0.7], [0.01, 0.26, 0.22], [2.94, 4.66, 0.65], [2.97, 4.06, 0.36], [0.07, 1.35, 0.0]]","[162, 198, 253, 205, 194, 263, 139, 179, 207, 215, 257, 270, 268, 272, 251, 185, 196, 258, 208, 262]",16.6
403,1788358484148892913,307200,86219,21,19,193.0,"[25.0, 25.7, 30.4, 30.4, 30.9, 81.0, 82.4, 82.7, 87.0, 91.1, 99.1, 103.2, 118.6, 129.3, 141.6, 148.4, 154.5, 165.2, 193.0]","['NEAR', 'RAIL', 'INSIDE', 'INSIDE', 'INSIDE', 'INSIDE', 'RAIL', 'INSIDE', 'INSIDE', 'INSIDE', 'INSIDE', 'OUTSIDE', 'INSIDE', 'INSIDE', 'INSIDE', 'RAIL', 'INSIDE', 'INSIDE', 'RAIL']","[[4.83, 0.13, 1.94], [0.2, 0.52, 0.33], [0.59, 1.73, 0.06], [0.98, 1.17, 0.49], [0.23, 2.32, 0.02], [0.16, 2.12, 0.0], [0.25, 0.37, 0.9], [0.75, 4.53, 2.37], [0.03, 3.49, 0.0], [4.56, 4.2, 2.24], [0.39, 4.14, 1.76], [0.85, 0.2, 0.92], [1.43, 4.16, 0.02], [1.72, 4.31, 0.86], [2.76, 4.18, 1.36], [0.01, 0.26, 0.22], [2.99, 4.66, 0.65], [2.94, 4.06, 0.36], [0.05, 1.35, 0.0]]","[162, 226, 198, 253, 205, 139, 179, 207, 215, 257, 270, 268, 272, 251, 185, 196, 258, 208, 262]",18.3
404,1788358484241725819,307200,86255,19,17,165.2,"[30.4, 30.9, 81.0, 82.4, 82.7, 87.0, 89.9, 91.2, 94.5, 98.5, 103.2, 118.6, 126.8, 138.8, 148.4, 154.5, 165.2]","['NEAR', 'INSIDE', 'INSIDE', 'RAIL', 'INSIDE', 'INSIDE', 'NEAR', 'INSIDE', 'NEAR', 'INSIDE', 'OUTSIDE', 'INSIDE', 'INSIDE', 'INSIDE', 'RAIL', 'INSIDE', 'INSIDE']","[[4.84, 0.12, 1.94], [1.0, 1.21, 0.49], [0.11, 1.98, 0.0], [0.22, 0.37, 0.9], [0.74, 4.53, 2.37], [0.02, 3.64, 0.0], [2.12, 0.23, 1.58], [0.78, 3.84, 0.43], [0.7, 0.17, 0.44], [1.71, 4.16, 1.76], [0.92, 0.31, 0.92], [1.39, 3.95, 0.02], [12.89, 4.55, 1.26], [8.55, 4.45, 0.7], [0.01, 0.26, 0.22], [2.96, 4.66, 0.65], [3.0, 4.35, 0.36]]","[162, 253, 139, 179, 207, 215, 236, 257, 260, 270, 268, 272, 251, 185, 196, 258, 208]",21.5
405,1788358484341113019,307200,86214,22,20,193.0,"[25.0, 25.7, 30.5, 30.9, 30.9, 38.2, 81.0, 82.4, 82.7, 86.4, 91.2, 98.5, 103.2, 118.6, 126.8, 138.8, 148.4, 154.5, 165.9, 193.0]","['NEAR', 'RAIL', 'INSIDE', 'INSIDE', 'INSIDE', 'INSIDE', 'INSIDE', 'RAIL', 'INSIDE', 'INSIDE', 'INSIDE', 'INSIDE', 'OUTSIDE', 'INSIDE', 'INSIDE', 'INSIDE', 'RAIL', 'INSIDE', 'INSIDE', 'RAIL']","[[3.77, 0.13, 1.85], [0.12, 0.52, 0.33], [0.59, 1.73, 0.06], [1.03, 1.22, 0.49], [0.08, 1.26, 0.01], [0.21, 0.94, 0.02], [0.16, 1.98, 0.0], [0.21, 0.38, 0.9], [0.7, 4.44, 2.37], [1.09, 3.97, 1.36], [4.48, 4.19, 1.64], [1.71, 4.16, 1.76], [0.9, 0.36, 0.92], [1.37, 3.95, 0.02], [12.79, 4.55, 1.26], [8.57, 4.47, 0.7], [0.02, 0.26, 0.22], [2.98, 4.66, 0.65], [4.35, 4.34, 0.37], [0.02, 0.34, 0.0]]","[162, 226, 198, 253, 205, 263, 139, 179, 207, 215, 257, 270, 268, 272, 251, 185, 196, 258, 208, 262]",21.6
406,1788358484449670195,307200,86232,27,23,193.0,"[25.0, 25.7, 28.2, 29.8, 30.4, 30.5, 30.9, 31.8, 38.2, 81.1, 82.4, 82.7, 87.0, 91.2, 98.5, 103.2, 118.6, 126.8, 141.7, 148.4, 154.5, 165.9, 193.0]","['NEAR', 'NEAR', 'NEAR', 'RAIL', 'INSIDE', 'INSIDE', 'INSIDE', 'INSIDE', 'INSIDE', 'INSIDE', 'RAIL', 'INSIDE', 'INSIDE', 'INSIDE', 'INSIDE', 'OUTSIDE', 'INSIDE', 'INSIDE', 'INSIDE', 'RAIL', 'INSIDE', 'INSIDE', 'RAIL']","[[0.51, 0.05, 1.26], [1.5, 0.06, 1.85], [1.88, 0.12, 1.89], [0.18, 0.57, 0.33], [0.61, 1.73, 0.06], [0.92, 1.22, 0.49], [0.23, 2.33, 0.02], [0.06, 1.6, 0.01], [0.22, 0.94, 0.02], [0.25, 2.26, 0.01], [0.2, 0.37, 0.9], [0.68, 4.73, 2.37], [0.02, 3.49, 0.0], [4.39, 4.19, 1.64], [1.73, 3.94, 1.76], [0.87, 0.2, 0.92], [1.35, 4.16, 0.02], [12.89, 4.61, 0.99], [2.83, 4.33, 0.37], [0.01, 0.26, 0.22], [3.03, 4.66, 0.65], [4.36, 4.34, 0.37], [0.07, 1.01, 0.0]]","[216, 162, 255, 226, 198, 253, 205, 194, 263, 139, 179, 207, 215, 257, 270, 268, 272, 251, 185, 196, 258, 208, 262]",20.0
407,1788358484541043420,307200,86289,23,21,165.8,"[25.0, 25.7, 28.2, 29.8, 30.5, 30.5, 30.8, 31.9, 81.0, 82.4, 82.7, 87.0, 91.6, 98.5, 103.2, 118.6, 126.7, 138.8, 148.4, 154.5, 165.8]","['NEAR', 'NEAR', 'NEAR', 'RAIL', 'INSIDE', 'INSIDE', 'INSIDE', 'INSIDE', 'INSIDE', 'RAIL', 'INSIDE', 'INSIDE', 'INSIDE', 'INSIDE', 'OUTSIDE', 'INSIDE', 'INSIDE', 'INSIDE', 'RAIL', 'INSIDE', 'INSIDE']","[[0.62, 0.05, 1.26], [1.59, 0.07, 1.85], [1.92, 0.11, 1.89], [0.12, 0.53, 0.33], [0.6, 1.73, 0.06], [0.91, 1.22, 0.49], [0.11, 1.26, 0.01], [0.07, 1.6, 0.01], [0.16, 1.98, 0.0], [0.19, 0.24, 0.9], [0.67, 4.43, 2.37], [0.04, 3.49, 0.0], [3.52, 4.19, 1.46], [1.69, 3.98, 1.76], [0.88, 0.36, 0.92], [1.44, 4.16, 0.02], [12.91, 4.55, 1.01], [8.57, 4.33, 0.7], [0.02, 0.26, 0.22], [3.0, 4.66, 0.65], [4.35, 4.06, 0.37]]","[216, 162, 255, 226, 198, 253, 205, 194, 139, 179, 207, 215, 257, 270, 268, 272, 251, 185, 196, 258, 208]",19.9
408,1788358484639004748,307200,86163,26,23,165.2,"[25.0, 25.7, 28.2, 29.8, 30.5, 30.9, 31.9, 35.6, 35.7, 47.1, 81.0, 82.4, 83.2, 87.0, 91.1, 99.2, 103.2, 118.6, 125.3, 138.8, 148.4, 154.5, 165.2]","['NEAR', 'NEAR', 'NEAR', 'RAIL', 'RAIL', 'INSIDE', 'INSIDE', 'INSIDE', 'INSIDE', 'INSIDE', 'INSIDE', 'RAIL', 'INSIDE', 'INSIDE', 'INSIDE', 'INSIDE', 'OUTSIDE', 'INSIDE', 'INSIDE', 'INSIDE', 'RAIL', 'INSIDE', 'INSIDE']","[[0.55, 0.06, 1.26], [1.59, 0.07, 1.85], [1.84, 0.11, 1.88], [0.85, 0.1, 0.28], [0.14, 0.53, 0.33], [0.48, 1.73, 0.05], [0.9, 1.22, 0.49], [1.14, 1.58, 0.08], [0.12, 1.26, 0.01], [0.97, 2.12, 0.07], [0.16, 2.26, 0.0], [0.23, 0.46, 0.9], [1.51, 4.44, 2.37], [0.04, 3.64, 0.0], [4.55, 4.2, 1.65], [0.25, 3.93, 1.76], [0.87, 0.2, 0.92], [1.42, 3.95, 0.02], [9.88, 4.61, 0.99], [8.58, 4.22, 0.7], [0.03, 0.26, 0.22], [2.99, 4.66, 0.65], [2.97, 4.06, 0.36]]","[216, 162, 255, 271, 226, 198, 253, 263, 205, 194, 139, 179, 207, 215, 257, 270, 268, 272, 251, 185, 196, 258, 208]",18.1
409,1788358484751209322,307200,86232,22,20,193.0,"[25.0, 25.7, 28.2, 30.4, 30.5, 30.9, 81.0, 82.4, 83.1, 87.0, 91.2, 98.6, 103.2, 118.6, 126.8, 138.8, 148.4, 154.5, 165.9, 193.0]","['NEAR', 'NEAR', 'RAIL', 'INSIDE', 'INSIDE', 'INSIDE', 'INSIDE', 'RAIL', 'INSIDE', 'INSIDE', 'INSIDE', 'INSIDE', 'OUTSIDE', 'INSIDE', 'INSIDE', 'INSIDE', 'RAIL', 'INSIDE', 'INSIDE', 'RAIL']","[[0.55, 0.05, 1.26], [3.79, 0.12, 1.94], [0.2, 0.53, 0.33], [0.6, 1.73, 0.06], [0.32, 1.22, 0.25], [0.27, 2.41, 0.02], [0.2, 2.12, 0.0], [0.25, 0.38, 0.9], [1.63, 4.53, 2.37], [0.04, 3.64, 0.0], [4.17, 4.2, 1.65], [1.59, 4.13, 1.48], [0.89, 0.36, 0.92], [1.39, 4.16, 0.02], [12.84, 4.55, 1.26], [8.61, 4.21, 0.7], [0.01, 0.26, 0.22], [2.99, 4.66, 0.65], [4.38, 4.35, 0.37], [0.03, 1.01, 0.0]]","[216, 255, 226, 198, 253, 205, 139, 179, 207, 215, 257, 270, 268, 272, 251, 185, 196, 258, 208, 262]",22.8
410,1788358484839247177,307200,86208,24,23,165.1,"[25.0, 25.7, 28.2, 29.8, 30.4, 30.5, 30.9, 31.9, 81.0, 82.4, 82.7, 87.0, 91.1, 94.6, 98.5, 103.2, 111.5, 118.6, 126.8, 141.6, 148.4, 154.5, 165.1]","['NEAR', 'NEAR', 'NEAR', 'RAIL', 'INSIDE', 'INSIDE', 'INSIDE', 'INSIDE', 'INSIDE', 'RAIL', 'INSIDE', 'INSIDE', 'INSIDE', 'NEAR', 'INSIDE', 'OUTSIDE', 'INSIDE', 'INSIDE', 'INSIDE', 'INSIDE', 'RAIL', 'INSIDE', 'INSIDE']","[[0.54, 0.05, 1.26], [1.5, 0.06, 1.85], [1.86, 0.1, 1.88], [0.17, 0.58, 0.33], [0.57, 1.73, 0.06], [0.96, 1.22, 0.49], [0.09, 1.26, 0.01], [0.05, 1.6, 0.01], [0.13, 1.7, 0.0], [0.19, 0.37, 0.9], [0.76, 4.53, 2.37], [0.03, 3.64, 0.0], [4.53, 4.18, 2.27], [0.7, 0.17, 0.44], [1.74, 3.98, 1.76], [0.87, 0.36, 0.92], [0.14, 2.92, 0.0], [1.4, 3.95, 0.02], [12.93, 4.55, 1.26], [2.76, 4.14, 1.36], [0.01, 0.26, 0.22], [2.97, 4.66, 0.65], [2.96, 3.19, 0.36]]","[216, 162, 255, 226, 198, 253, 205, 194, 139, 179, 207, 215, 257, 260, 270, 268, 274, 272, 251, 185, 196, 258, 208]",14.8
411,1788358484937401499,307200,86168,22,22,165.2,"[25.0, 25.7, 28.2, 30.4, 30.9, 30.9, 81.0, 82.4, 82.7, 87.0, 90.0, 92.2, 98.5, 103.4, 105.7, 111.4, 119.2, 125.3, 138.8, 148.4, 154.5, 165.2]","['NEAR', 'NEAR', 'RAIL', 'INSIDE', 'INSIDE', 'INSIDE', 'INSIDE', 'RAIL', 'INSIDE', 'INSIDE', 'NEAR', 'INSIDE', 'INSIDE', 'OUTSIDE', 'INSIDE', 'INSIDE', 'INSIDE', 'INSIDE', 'INSIDE', 'RAIL', 'INSIDE', 'INSIDE']","[[0.56, 0.05, 1.26], [3.81, 0.12, 1.94], [0.17, 0.53, 0.27], [0.61, 1.73, 0.06], [0.99, 1.22, 0.49], [0.23, 2.32, 0.02], [0.17, 2.26, 0.0], [0.24, 0.23, 0.9], [0.75, 4.53, 2.37], [0.03, 3.64, 0.0], [2.01, 0.18, 1.58], [2.51, 3.84, 1.44], [1.73, 4.16, 1.48], [1.3, 0.22, 1.79], [0.84, 3.91, 0.42], [0.15, 3.31, 0.0], [0.15, 4.16, 0.0], [9.91, 4.44, 1.26], [8.57, 4.47, 0.7], [0.04, 0.26, 0.22], [2.96, 4.66, 0.65], [2.95, 4.35, 0.36]]","[216, 255, 226, 198, 253, 205, 139, 179, 207, 215, 236, 257, 270, 268, 275, 274, 272, 251, 185, 196, 258, 208]",15.6
412,1788358485041749437,307200,86216,25,24,193.0,"[25.0, 25.6, 28.2, 30.4, 30.5, 30.5, 30.9, 35.6, 81.0, 82.4, 82.7, 87.0, 91.6, 99.1, 103.2, 105.4, 111.4, 118.6, 126.0, 138.0, 148.4, 154.5, 165.8, 193.0]","['NEAR', 'NEAR', 'RAIL', 'INSIDE', 'INSIDE', 'INSIDE', 'INSIDE', 'INSIDE', 'INSIDE', 'RAIL', 'INSIDE', 'INSIDE', 'INSIDE', 'INSIDE', 'OUTSIDE', 'INSIDE', 'INSIDE', 'INSIDE', 'INSIDE', 'INSIDE', 'RAIL', 'INSIDE', 'INSIDE', 'RAIL']","[[0.55, 0.05, 1.26], [3.74, 0.13, 1.94], [0.19, 0.58, 0.27], [0.58, 1.73, 0.06], [0.27, 1.21, 0.25], [1.12, 1.58, 0.08], [0.26, 2.41, 0.02], [0.05, 1.6, 0.01], [0.15, 1.98, 0.0], [0.18, 0.24, 0.9], [0.74, 4.67, 2.37], [0.03, 3.64, 0.0], [3.54, 4.09, 2.27], [0.47, 3.99, 1.76], [0.87, 0.36, 0.92], [1.24, 4.28, 0.66], [0.12, 3.31, 0.0], [1.45, 3.95, 0.02], [8.41, 4.45, 0.88], [7.12, 4.22, 1.36], [0.03, 0.26, 0.22], [2.97, 4.66, 0.65], [4.31, 4.06, 0.37], [0.05, 1.01, 0.0]]","[216, 255, 226, 198, 253, 263, 205, 194, 139, 179, 207, 215, 257, 270, 268, 275, 274, 272, 251, 185, 196, 258, 208, 262]",20.3
413,1788358485142648648,307200,86200,24,24,193.0,"[25.0, 25.7, 28.2, 29.8, 30.5, 31.8, 47.1, 81.1, 82.4, 82.7, 87.0, 90.5, 92.4, 98.4, 103.2, 106.1, 111.4, 118.6, 128.1, 138.8, 148.4, 154.5, 165.2, 193.0]","['NEAR', 'NEAR', 'NEAR', 'RAIL', 'INSIDE', 'INSIDE', 'INSIDE', 'INSIDE', 'RAIL', 'INSIDE', 'INSIDE', 'NEAR', 'INSIDE', 'INSIDE', 'OUTSIDE', 'INSIDE', 'INSIDE', 'INSIDE', 'INSIDE', 'INSIDE', 'RAIL', 'INSIDE', 'INSIDE', 'RAIL']","[[0.53, 0.05, 1.26], [1.49, 0.05, 1.85], [1.87, 0.12, 1.88], [0.82, 0.1, 0.28], [0.59, 1.73, 0.06], [0.34, 1.22, 0.25], [0.18, 1.79, 0.02], [0.27, 2.26, 0.01], [0.23, 0.24, 0.9], [0.77, 4.53, 2.37], [0.03, 3.64, 0.0], [1.1, 0.22, 1.4], [1.83, 3.83, 1.44], [1.67, 4.15, 1.76], [0.9, 0.31, 0.92], [1.7, 3.94, 0.42], [0.1, 3.31, 0.0], [1.41, 4.16, 0.02], [10.3, 4.55, 1.13], [8.55, 4.22, 0.7], [0.03, 0.26, 0.22], [3.03, 4.66, 0.65], [2.97, 4.06, 0.36], [0.02, 1.35, 0.0]]","[216, 162, 255, 271, 198, 253, 205, 139, 179, 207, 215, 236, 257, 270, 268, 275, 274, 272, 251, 185, 196, 258, 208, 262]",16.3
414,1788358485245855102,307200,86252,25,24,174.5,"[25.0, 25.7, 28.2, 30.4, 30.5, 30.9, 30.9, 35.6, 81.0, 82.4, 82.8, 87.0, 91.2, 98.5, 103.2, 105.2, 111.4, 118.6, 126.8, 138.8, 148.4, 154.5, 165.8, 174.5]","['NEAR', 'NEAR', 'RAIL', 'INSIDE', 'INSIDE', 'INSIDE', 'INSIDE', 'INSIDE', 'INSIDE', 'RAIL', 'INSIDE', 'INSIDE', 'INSIDE', 'INSIDE', 'OUTSIDE', 'INSIDE', 'INSIDE', 'INSIDE', 'INSIDE', 'INSIDE', 'RAIL', 'INSIDE', 'INSIDE', 'INSIDE']","[[0.57, 0.05, 1.26], [3.81, 0.12, 1.94], [0.19, 0.53, 0.27], [0.59, 1.73, 0.06], [0.96, 1.22, 0.49], [1.12, 1.83, 0.08], [0.22, 2.33, 0.02], [0.05, 1.6, 0.0], [0.2, 2.12, 0.0], [0.22, 0.38, 0.9], [0.67, 4.44, 2.37], [0.03, 3.49, 0.0], [4.5, 4.18, 1.64], [1.72, 4.17, 1.76], [0.91, 0.2, 0.92], [1.61, 4.24, 0.85], [0.1, 2.92, 0.0], [1.43, 3.95, 0.02], [12.96, 4.55, 1.26], [8.6, 4.21, 0.7], [0.07, 0.34, 0.22], [2.96, 4.66, 0.65], [4.31, 4.35, 0.37], [0.0, 0.61, 0.0]]","[216, 255, 226, 198, 253, 263, 205, 194, 139, 179, 207, 215, 257, 270, 268, 275, 274, 272, 251, 185, 196, 258, 208, 265]",16.6
415,1788358485341639803,307200,86214,21,20,193.0,"[29.2, 30.8, 31.8, 47.1, 81.0, 82.4, 82.7, 87.0, 91.7, 98.5, 103.2, 105.2, 111.4, 118.6, 125.3, 138.8, 148.4, 154.5, 165.9, 193.0]","['NEAR', 'NEAR', 'RAIL', 'INSIDE', 'INSIDE', 'RAIL', 'INSIDE', 'INSIDE', 'INSIDE', 'INSIDE', 'OUTSIDE', 'INSIDE', 'INSIDE', 'INSIDE', 'INSIDE', 'INSIDE', 'RAIL', 'INSIDE', 'INSIDE', 'RAIL']","[[2.58, 0.06, 1.85], [1.87, 0.11, 1.88], [0.8, 0.07, 0.28], [0.87, 1.22, 0.49], [0.23, 2.26, 0.01], [0.22, 0.37, 0.9], [0.72, 4.81, 2.37], [0.04, 3.64, 0.0], [3.51, 4.19, 2.27], [1.69, 3.98, 1.76], [0.87, 0.36, 0.92], [1.82, 4.05, 0.45], [0.17, 3.31, 0.0], [1.4, 4.16, 0.02], [9.87, 4.45, 1.01], [8.61, 4.33, 0.7], [0.03, 0.26, 0.22], [2.99, 4.66, 0.65], [4.39, 3.77, 0.37], [0.02, 1.01, 0.0]]","[162, 255, 271, 253, 139, 179, 207, 215, 257, 270, 268, 275, 274, 272, 251, 185, 196, 258, 208, 262]",22.3
416,1788358485447365390,307200,86240,22,22,174.6,"[29.2, 30.4, 30.5, 30.9, 31.8, 81.0, 82.4, 82.9, 87.0, 90.5, 92.2, 98.5, 103.2, 105.2, 111.4, 119.2, 126.7, 138.8, 148.4, 154.6, 165.2, 174.6]","['NEAR', 'NEAR', 'RAIL', 'INSIDE', 'INSIDE', 'INSIDE', 'RAIL', 'INSIDE', 'INSIDE', 'NEAR', 'INSIDE', 'INSIDE', 'OUTSIDE', 'INSIDE', 'INSIDE', 'INSIDE', 'INSIDE', 'INSIDE', 'RAIL', 'INSIDE', 'INSIDE', 'INSIDE']","[[2.61, 0.06, 1.85], [1.83, 0.12, 1.88], [0.2, 0.53, 0.33], [0.94, 1.22, 0.49], [0.04, 1.6, 0.01], [0.14, 2.26, 0.0], [0.22, 0.23, 0.9], [1.03, 5.09, 2.37], [0.04, 3.64, 0.0], [1.13, 0.24, 2.2], [2.33, 3.84, 1.44], [1.73, 3.98, 1.76], [0.89, 0.31, 0.92], [0.84, 4.24, 0.66], [0.15, 2.92, 0.0], [0.17, 4.16, 0.0], [12.77, 4.47, 1.63], [8.54, 4.22, 0.7], [0.03, 0.26, 0.22], [3.06, 4.66, 0.65], [2.98, 4.35, 0.36], [0.02, 0.3, 0.0]]","[162, 255, 226, 253, 194, 139, 179, 207, 215, 236, 257, 270, 268, 275, 274, 272, 251, 185, 196, 258, 208, 265]",18.6
417,1788358485545256018,307200,86202,19,19,174.6,"[28.2, 30.4, 30.9, 30.9, 47.1, 81.0, 82.4, 82.7, 87.0, 91.1, 94.5, 99.1, 103.2, 105.2, 111.4, 118.6, 154.5, 165.8, 174.6]","['NEAR', 'NEAR', 'RAIL', 'RAIL', 'INSIDE', 'INSIDE', 'RAIL', 'INSIDE', 'INSIDE', 'INSIDE', 'NEAR', 'INSIDE', 'OUTSIDE', 'INSIDE', 'INSIDE', 'INSIDE', 'INSIDE', 'INSIDE', 'INSIDE']","[[0.55, 0.05, 1.26], [3.79, 0.12, 1.94], [0.8, 0.07, 0.28], [0.22, 0.53, 0.27], [1.03, 1.22, 0.25], [0.14, 2.12, 0.0], [0.2, 0.24, 0.9], [0.81, 4.53, 2.37], [0.04, 3.49, 0.0], [4.51, 4.16, 1.61], [0.75, 0.22, 0.62], [0.42, 4.16, 1.76], [0.89, 0.2, 0.92], [1.68, 4.28, 0.86], [0.15, 3.31, 0.0], [1.4, 3.95, 0.02], [2.96, 4.66, 0.65], [4.3, 4.35, 0.37], [0.11, 0.61, 0.0]]","[216, 255, 271, 226, 253, 139, 179, 207, 215, 257, 260, 270, 268, 275, 274, 272, 258, 208, 265]",16.2
418,1788358485653348616,307200,86278,27,25,165.8,"[25.0, 25.7, 28.7, 29.9, 30.4, 30.5, 30.5, 31.9, 47.1, 81.0, 82.4, 83.1, 87.0, 89.9, 92.5, 98.6, 103.2, 105.1, 111.4, 117.9, 126.8, 138.8, 148.4, 154.5, 165.8]","['NEAR', 'NEAR', 'NEAR', 'RAIL', 'RAIL', 'INSIDE', 'INSIDE', 'INSIDE', 'INSIDE', 'INSIDE', 'RAIL', 'INSIDE', 'INSIDE', 'NEAR', 'INSIDE', 'INSIDE', 'OUTSIDE', 'INSIDE', 'INSIDE', 'OUTSIDE', 'INSIDE', 'INSIDE', 'RAIL', 'INSIDE', 'INSIDE']","[[1.42, 0.05, 1.27], [1.19, 0.06, 1.85], [1.85, 0.12, 1.88], [0.81, 0.07, 0.28], [0.2, 0.53, 0.33], [0.49, 1.72, 0.05], [0.26, 1.21, 0.25], [0.11, 1.26, 0.01], [0.04, 1.6, 0.01], [0.23, 2.4, 0.01], [0.24, 0.38, 0.9], [1.46, 4.44, 2.37], [0.03, 3.49, 0.0], [1.99, 0.22, 1.84], [1.85, 3.83, 1.44], [1.45, 4.14, 1.76], [0.89, 0.36, 0.92], [1.56, 4.2, 0.85], [0.13, 3.31, 0.0], [0.12, 0.82, 0.0], [12.91, 4.55, 1.27], [8.57, 4.33, 0.7], [0.03, 0.26, 0.22], [2.93, 4.66, 0.65], [4.32, 4.34, 0.37]]","[216, 162, 255, 271, 226, 198, 253, 205, 194, 139, 179, 207, 215, 236, 257, 270, 268, 275, 274, 272, 251, 185, 196, 258, 208]",18.9
419,1788358485742039434,307200,86209,21,20,193.7,"[25.0, 25.7, 29.3, 30.9, 31.9, 81.1, 82.4, 82.7, 86.8, 91.2, 99.1, 103.4, 105.5, 111.4, 125.3, 141.7, 148.4, 154.5, 165.2, 193.7]","['NEAR', 'NEAR', 'INSIDE', 'INSIDE', 'INSIDE', 'INSIDE', 'RAIL', 'INSIDE', 'INSIDE', 'INSIDE', 'INSIDE', 'OUTSIDE', 'INSIDE', 'INSIDE', 'INSIDE', 'INSIDE', 'RAIL', 'INSIDE', 'INSIDE', 'RAIL']","[[2.6, 0.07, 1.85], [1.87, 0.12, 1.89], [0.6, 1.73, 0.06], [0.94, 1.22, 0.49], [0.22, 2.33, 0.02], [0.29, 2.26, 0.01], [0.24, 0.24, 0.9], [0.76, 4.53, 2.37], [0.38, 3.77, 0.41], [4.38, 4.19, 1.64], [0.42, 4.13, 1.76], [1.3, 0.31, 1.79], [1.63, 4.28, 1.35], [0.09, 3.31, 0.0], [9.88, 4.61, 1.26], [2.77, 4.41, 0.37], [0.02, 0.26, 0.22], [2.99, 4.66, 0.65], [2.98, 4.06, 0.36], [1.38, 1.01, 0.0]]","[216, 255, 198, 253, 205, 139, 179, 207, 215, 257, 270, 268, 275, 274, 251, 185, 196, 258, 208, 262]",19.3
420,1788358485846901589,307200,86287,22,20,165.1,"[29.2, 30.5, 30.5, 30.9, 31.8, 81.0, 82.4, 82.7, 86.3, 89.9, 92.5, 98.5, 103.1, 105.4, 111.4, 126.8, 138.8, 148.4, 154.5, 165.1]","['NEAR', 'NEAR', 'RAIL', 'INSIDE', 'INSIDE', 'INSIDE', 'RAIL', 'INSIDE', 'INSIDE', 'NEAR', 'INSIDE', 'INSIDE', 'OUTSIDE', 'INSIDE', 'INSIDE', 'INSIDE', 'INSIDE', 'RAIL', 'INSIDE', 'INSIDE']","[[2.55, 0.06, 1.85], [1.84, 0.12, 1.88], [0.17, 0.58, 0.33], [1.02, 1.22, 0.49], [0.06, 1.81, 0.01], [0.17, 1.84, 0.0], [0.21, 0.23, 0.9], [0.75, 4.53, 2.37], [1.36, 3.97, 1.36], [2.14, 0.23, 1.84], [1.84, 3.83, 1.44], [1.72, 3.98, 0.82], [0.78, 0.36, 0.64], [0.27, 3.86, 0.19], [0.18, 3.11, 0.0], [12.91, 4.56, 1.26], [8.56, 4.22, 0.7], [0.02, 0.26, 0.22], [3.0, 4.66, 0.65], [2.97, 4.35, 0.36]]","[216, 255, 226, 253, 194, 139, 179, 207, 215, 236, 257, 270, 268, 275, 274, 251, 185, 196, 258, 208]",16.8
421,1788358485946923949,307200,86176,26,24,193.0,"[25.2, 25.7, 28.2, 30.4, 30.5, 30.9, 30.9, 81.0, 82.4, 82.8, 87.0, 90.0, 91.2, 93.1, 98.6, 103.2, 105.7, 107.6, 126.8, 138.8, 148.4, 154.5, 165.2, 193.0]","['NEAR', 'NEAR', 'RAIL', 'INSIDE', 'INSIDE', 'INSIDE', 'INSIDE', 'INSIDE', 'RAIL', 'INSIDE', 'INSIDE', 'NEAR', 'INSIDE', 'OUTSIDE', 'INSIDE', 'OUTSIDE', 'INSIDE', 'INSIDE', 'INSIDE', 'INSIDE', 'RAIL', 'INSIDE', 'INSIDE', 'RAIL']","[[0.53, 0.05, 1.26], [3.76, 0.13, 1.94], [0.2, 0.52, 0.33], [1.02, 1.22, 0.49], [0.79, 1.07, 0.08], [0.05, 1.6, 0.01], [0.16, 1.26, 0.02], [0.23, 2.26, 0.01], [0.2, 0.23, 0.9], [0.69, 4.59, 2.37], [0.03, 3.49, 0.0], [2.01, 0.22, 2.2], [0.67, 3.84, 0.42], [0.62, 1.32, 1.44], [1.46, 4.16, 1.48], [0.9, 0.36, 0.92], [2.61, 4.32, 0.66], [1.09, 1.01, 0.45], [12.91, 4.55, 1.26], [8.59, 4.22, 0.7], [0.05, 0.26, 0.22], [2.98, 4.39, 0.65], [2.99, 4.06, 0.36], [0.15, 1.35, 0.0]]","[216, 162, 226, 253, 198, 194, 205, 139, 179, 207, 215, 236, 257, 260, 270, 268, 275, 274, 251, 185, 196, 258, 208, 262]",16.9
422,1788358486050761844,307200,86147,26,23,193.0,"[25.0, 25.7, 25.9, 28.2, 30.4, 30.5, 30.7, 30.9, 47.1, 81.0, 82.4, 82.7, 87.0, 91.6, 99.1, 103.2, 105.6, 126.8, 138.8, 148.4, 154.5, 165.8, 193.0]","['NEAR', 'NEAR', 'RAIL', 'RAIL', 'INSIDE', 'INSIDE', 'INSIDE', 'RAIL', 'INSIDE', 'INSIDE', 'RAIL', 'INSIDE', 'INSIDE', 'INSIDE', 'INSIDE', 'OUTSIDE', 'INSIDE', 'INSIDE', 'INSIDE', 'RAIL', 'INSIDE', 'INSIDE', 'RAIL']","[[0.56, 0.05, 1.26], [3.8, 0.13, 1.94], [0.8, 0.07, 0.28], [0.21, 0.53, 0.33], [0.57, 1.73, 0.06], [0.66, 1.22, 0.49], [0.24, 2.33, 0.02], [0.27, 0.19, 0.12], [0.04, 1.6, 0.01], [0.3, 2.26, 0.01], [0.2, 0.24, 0.9], [0.68, 4.73, 2.37], [0.03, 3.64, 0.0], [3.49, 4.2, 2.27], [0.41, 3.96, 0.61], [0.9, 0.2, 0.92], [0.7, 3.9, 0.43], [12.89, 4.55, 0.99], [8.63, 4.45, 0.7], [0.03, 0.26, 0.22], [2.98, 4.66, 0.65], [4.39, 4.35, 0.37], [0.01, 0.34, 0.0]]","[216, 162, 271, 226, 198, 253, 205, 194, 255, 139, 179, 207, 215, 257, 270, 268, 275, 251, 185, 196, 258, 208, 262]",16.5
423,1788358486150684197,307200,86199,25,23,165.1,"[25.0, 25.7, 28.2, 29.8, 30.5, 30.5, 30.9, 31.9, 47.1, 81.0, 82.4, 83.1, 87.0, 90.4, 92.2, 99.2, 103.2, 105.2, 125.3, 138.8, 148.4, 154.5, 165.1]","['NEAR', 'NEAR', 'NEAR', 'RAIL', 'RAIL', 'INSIDE', 'INSIDE', 'INSIDE', 'INSIDE', 'INSIDE', 'RAIL', 'INSIDE', 'INSIDE', 'NEAR', 'INSIDE', 'INSIDE', 'OUTSIDE', 'INSIDE', 'INSIDE', 'INSIDE', 'RAIL', 'INSIDE', 'INSIDE']","[[0.52, 0.05, 1.26], [1.53, 0.07, 1.85], [1.84, 0.12, 1.89], [0.82, 0.07, 0.28], [0.12, 0.53, 0.33], [0.61, 1.73, 0.06], [0.95, 1.22, 0.49], [0.18, 1.79, 0.02], [0.06, 1.6, 0.01], [0.14, 1.98, 0.0], [0.24, 0.38, 0.9], [1.5, 4.53, 2.37], [0.04, 3.49, 0.0], [1.1, 0.18, 1.59], [2.46, 3.84, 1.44], [0.42, 3.96, 1.76], [0.83, 0.2, 0.92], [1.71, 4.28, 0.66], [9.73, 4.44, 1.26], [8.58, 4.22, 0.7], [0.02, 0.26, 0.22], [2.97, 4.66, 0.65], [2.96, 4.06, 0.36]]","[216, 162, 253, 271, 226, 198, 255, 205, 263, 139, 179, 207, 215, 236, 257, 270, 268, 275, 251, 185, 196, 258, 208]",16.5
424,1788358486251350775,307200,86190,24,22,165.2,"[25.0, 25.7, 28.2, 30.4, 30.9, 31.0, 47.1, 81.0, 82.4, 82.7, 87.0, 89.9, 92.2, 98.2, 103.2, 105.2, 113.2, 127.6, 138.8, 148.4, 154.5, 165.2]","['NEAR', 'NEAR', 'RAIL', 'RAIL', 'INSIDE', 'INSIDE', 'INSIDE', 'INSIDE', 'RAIL', 'INSIDE', 'INSIDE', 'NEAR', 'INSIDE', 'INSIDE', 'OUTSIDE', 'INSIDE', 'RAIL', 'INSIDE', 'INSIDE', 'RAIL', 'INSIDE', 'INSIDE']","[[0.59, 0.05, 1.26], [3.51, 0.13, 1.94], [0.81, 0.07, 0.28], [0.19, 0.53, 0.33], [0.6, 1.73, 0.06], [0.92, 1.22, 0.49], [0.25, 2.32, 0.02], [0.17, 2.12, 0.0], [0.19, 0.24, 0.9], [0.66, 4.43, 2.37], [0.04, 3.49, 0.0], [2.22, 0.21, 1.84], [2.45, 3.84, 1.41], [2.32, 4.15, 1.48], [0.9, 0.31, 0.92], [1.8, 4.05, 0.45], [0.08, 0.21, 0.32], [11.44, 4.55, 1.13], [8.59, 4.22, 1.36], [0.0, 0.26, 0.22], [2.97, 4.66, 0.65], [3.03, 3.77, 0.36]]","[216, 253, 271, 226, 198, 255, 205, 139, 179, 207, 215, 236, 257, 270, 268, 275, 272, 251, 185, 196, 258, 208]",17.9
425,1788358486349006830,307200,86248,25,22,165.9,"[25.0, 25.7, 29.2, 30.4, 30.5, 30.8, 31.9, 47.1, 81.0, 82.4, 82.7, 86.9, 89.8, 92.2, 99.1, 103.2, 105.2, 126.8, 138.8, 148.4, 154.5, 165.9]","['NEAR', 'NEAR', 'RAIL', 'RAIL', 'INSIDE', 'INSIDE', 'INSIDE', 'INSIDE', 'INSIDE', 'RAIL', 'INSIDE', 'INSIDE', 'NEAR', 'INSIDE', 'INSIDE', 'OUTSIDE', 'INSIDE', 'INSIDE', 'INSIDE', 'RAIL', 'INSIDE', 'INSIDE']","[[2.55, 0.06, 1.85], [1.85, 0.11, 1.89], [0.8, 0.07, 0.28], [0.18, 0.53, 0.33], [0.57, 1.73, 0.06], [0.91, 1.22, 0.49], [0.22, 2.32, 0.02], [0.05, 1.6, 0.01], [0.18, 1.98, 0.0], [0.22, 0.24, 0.9], [0.75, 4.53, 2.37], [0.04, 3.64, 0.0], [1.51, 0.22, 2.2], [2.46, 3.84, 1.44], [0.42, 4.14, 1.76], [0.92, 0.2, 0.92], [1.76, 4.05, 0.45], [12.92, 4.55, 1.26], [8.62, 4.22, 0.7], [0.03, 0.26, 0.22], [2.99, 4.66, 0.65], [4.43, 4.35, 0.37]]","[162, 253, 271, 226, 198, 255, 205, 263, 139, 179, 207, 215, 236, 257, 270, 268, 275, 251, 185, 196, 258, 208]",19.2
426,1788358486457182636,307200,86256,25,23,174.5,"[25.0, 25.7, 28.2, 30.4, 30.9, 30.9, 47.1, 76.6, 81.0, 82.4, 82.7, 87.0, 90.4, 92.2, 98.4, 103.2, 105.2, 126.0, 138.8, 148.4, 154.5, 165.2, 174.5]","['NEAR', 'NEAR', 'RAIL', 'RAIL', 'INSIDE', 'INSIDE', 'INSIDE', 'INSIDE', 'INSIDE', 'RAIL', 'INSIDE', 'INSIDE', 'NEAR', 'INSIDE', 'INSIDE', 'OUTSIDE', 'INSIDE', 'INSIDE', 'INSIDE', 'RAIL', 'INSIDE', 'INSIDE', 'INSIDE']","[[0.55, 0.05, 1.26], [3.82, 0.13, 1.94], [0.81, 0.1, 0.28], [0.18, 0.53, 0.27], [0.59, 1.73, 0.06], [0.95, 1.22, 0.49], [0.1, 1.26, 0.01], [2.4, 2.04, 0.84], [0.2, 2.12, 0.0], [0.2, 0.24, 0.9], [0.77, 4.53, 2.37], [0.05, 3.64, 0.0], [1.09, 0.22, 2.2], [2.38, 3.84, 1.44], [1.7, 3.98, 1.76], [0.89, 0.2, 0.92], [1.68, 4.05, 0.45], [8.38, 4.44, 1.13], [8.61, 4.33, 0.7], [0.01, 0.26, 0.22], [2.97, 4.66, 0.65], [3.0, 4.06, 0.36], [0.05, 0.91, 0.0]]","[216, 253, 271, 226, 198, 255, 205, 139, 207, 179, 215, 236, 257, 260, 270, 268, 275, 251, 185, 196, 258, 208, 265]",19.9
427,1788358486550630489,307200,86189,25,22,165.8,"[28.2, 29.8, 30.5, 30.5, 30.7, 31.9, 47.1, 81.0, 82.4, 82.7, 87.0, 90.4, 92.5, 94.5, 99.2, 103.2, 105.2, 125.3, 138.7, 148.4, 154.5, 165.8]","['NEAR', 'NEAR', 'NEAR', 'RAIL', 'RAIL', 'INSIDE', 'INSIDE', 'INSIDE', 'RAIL', 'INSIDE', 'INSIDE', 'NEAR', 'INSIDE', 'NEAR', 'INSIDE', 'OUTSIDE', 'INSIDE', 'INSIDE', 'INSIDE', 'RAIL', 'INSIDE', 'INSIDE']","[[0.53, 0.05, 1.26], [1.55, 0.05, 1.85], [1.88, 0.11, 1.88], [0.81, 0.07, 0.28], [0.12, 0.53, 0.33], [0.7, 1.22, 0.49], [0.05, 1.81, 0.01], [0.22, 2.26, 0.0], [0.24, 0.38, 0.9], [0.73, 4.53, 2.37], [0.03, 3.49, 0.0], [1.1, 0.22, 1.59], [1.85, 3.83, 1.41], [0.82, 0.22, 0.62], [0.3, 3.93, 0.61], [0.9, 0.2, 0.92], [1.71, 4.05, 0.45], [9.9, 4.44, 1.26], [8.51, 4.33, 0.7], [0.04, 0.26, 0.22], [3.05, 4.66, 0.65], [4.34, 3.48, 0.37]]","[216, 162, 253, 271, 226, 255, 263, 207, 179, 215, 236, 257, 260, 270, 268, 275, 274, 251, 185, 196, 258, 208]",24.6
428,1788358486635471769,307200,86199,23,21,165.9,"[25.0, 25.7, 28.2, 30.4, 30.5, 30.9, 30.9, 47.1, 81.0, 82.4, 83.1, 87.0, 91.1, 98.5, 103.2, 105.6, 125.2, 138.8, 148.4, 154.5, 165.9]","['NEAR', 'NEAR', 'RAIL', 'RAIL', 'INSIDE', 'INSIDE', 'INSIDE', 'INSIDE', 'INSIDE', 'RAIL', 'INSIDE', 'INSIDE', 'INSIDE', 'INSIDE', 'OUTSIDE', 'INSIDE', 'INSIDE', 'INSIDE', 'RAIL', 'INSIDE', 'INSIDE']","[[0.56, 0.05, 1.26], [3.8, 0.13, 1.94], [0.85, 0.07, 0.28], [0.21, 0.53, 0.33], [0.58, 1.73, 0.06], [0.91, 1.22, 0.49], [0.26, 2.41, 0.02], [0.05, 1.6, 0.01], [0.17, 1.98, 0.0], [0.24, 0.38, 0.9], [1.52, 4.67, 2.37], [0.05, 3.64, 0.0], [4.58, 4.19, 2.27], [1.73, 3.98, 1.76], [0.89, 0.31, 0.92], [2.59, 4.09, 0.45], [9.85, 4.44, 1.26], [8.56, 4.33, 0.7], [0.03, 0.26, 0.22], [3.01, 4.66, 0.65], [4.36, 4.06, 0.37]]","[216, 253, 271, 226, 198, 255, 205, 263, 207, 179, 215, 236, 260, 268, 275, 274, 251, 185, 196, 258, 208]",21.6
429,1788358486751507460,307200,86190,21,19,174.5,"[25.9, 28.2, 30.9, 30.9, 47.1, 81.0, 82.4, 83.1, 86.7, 91.6, 98.5, 103.3, 105.7, 125.2, 138.8, 148.4, 154.5, 165.1, 174.5]","['NEAR', 'NEAR', 'RAIL', 'INSIDE', 'RAIL', 'INSIDE', 'RAIL', 'INSIDE', 'INSIDE', 'INSIDE', 'INSIDE', 'OUTSIDE', 'INSIDE', 'INSIDE', 'INSIDE', 'RAIL', 'INSIDE', 'INSIDE', 'INSIDE']","[[0.54, 0.05, 1.26], [3.82, 0.12, 1.94], [0.8, 0.1, 0.28], [0.99, 1.22, 0.49], [0.29, 0.21, 0.12], [0.22, 2.12, 0.01], [0.23, 0.38, 0.9], [1.56, 4.53, 2.37], [0.63, 3.77, 0.42], [3.51, 4.17, 2.27], [1.72, 3.97, 1.76], [1.2, 0.22, 1.79], [0.69, 3.9, 0.43], [9.81, 4.45, 1.26], [8.59, 4.21, 0.7], [0.01, 0.26, 0.22], [3.01, 4.66, 0.65], [2.94, 4.06, 0.36], [0.13, 0.91, 0.0]]","[216, 253, 271, 255, 194, 207, 179, 215, 236, 260, 268, 275, 274, 251, 185, 196, 258, 208, 265]",21.1
430,1788358486844202231,307200,86190,23,21,165.8,"[25.0, 25.7, 28.2, 30.4, 30.5, 30.9, 31.1, 81.0, 82.4, 82.7, 86.3, 91.1, 98.3, 98.5, 103.2, 105.2, 126.8, 138.8, 148.4, 154.5, 165.8]","['NEAR', 'NEAR', 'RAIL', 'INSIDE', 'INSIDE', 'INSIDE', 'INSIDE', 'INSIDE', 'RAIL', 'INSIDE', 'INSIDE', 'INSIDE', 'NEAR', 'INSIDE', 'OUTSIDE', 'INSIDE', 'INSIDE', 'INSIDE', 'RAIL', 'INSIDE', 'INSIDE']","[[0.54, 0.05, 1.26], [3.46, 0.13, 1.94], [0.17, 0.58, 0.27], [0.61, 1.73, 0.06], [0.98, 1.22, 0.49], [0.2, 1.25, 0.02], [0.04, 1.6, 0.01], [0.14, 1.98, 0.0], [0.24, 0.37, 0.9], [0.66, 4.44, 2.37], [1.33, 3.77, 0.42], [4.51, 4.19, 1.46], [1.38, 0.05, 1.33], [1.69, 3.97, 0.82], [0.88, 0.36, 0.92], [1.84, 4.29, 0.66], [12.81, 4.55, 1.26], [8.56, 4.22, 0.7], [0.02, 0.26, 0.22], [3.0, 4.66, 0.65], [4.33, 4.06, 0.37]]","[216, 253, 226, 198, 255, 205, 263, 207, 179, 215, 236, 260, 268, 270, 275, 274, 251, 185, 196, 258, 208]",25.8
431,1788358486943669308,307200,86211,27,24,193.0,"[25.0, 25.7, 28.2, 30.4, 30.5, 30.9, 30.9, 81.0, 82.4, 83.1, 87.0, 89.9, 91.6, 93.1, 94.6, 99.1, 103.2, 125.3, 138.8, 148.4, 154.5, 165.8, 174.5, 193.0]","['NEAR', 'NEAR', 'RAIL', 'INSIDE', 'INSIDE', 'INSIDE', 'INSIDE', 'INSIDE', 'RAIL', 'INSIDE', 'INSIDE', 'NEAR', 'INSIDE', 'OUTSIDE', 'NEAR', 'INSIDE', 'OUTSIDE', 'INSIDE', 'INSIDE', 'RAIL', 'INSIDE', 'INSIDE', 'INSIDE', 'RAIL']","[[0.54, 0.05, 1.26], [3.79, 0.12, 1.94], [0.2, 0.53, 0.27], [0.59, 1.73, 0.06], [0.97, 1.22, 0.49], [0.24, 2.32, 0.02], [0.05, 1.6, 0.01], [0.18, 2.4, 0.0], [0.2, 0.24, 0.9], [1.52, 4.53, 2.37], [0.03, 3.49, 0.0], [2.01, 0.22, 2.21], [0.05, 3.52, 0.0], [0.56, 1.16, 1.44], [0.69, 0.17, 0.44], [0.46, 4.16, 1.48], [0.85, 0.2, 0.92], [9.77, 4.45, 1.26], [8.57, 4.47, 0.7], [0.02, 0.26, 0.22], [2.98, 4.66, 0.65], [4.38, 4.06, 0.37], [0.04, 0.3, 0.0], [0.09, 1.35, 0.0]]","[216, 253, 226, 198, 255, 205, 263, 207, 179, 215, 236, 257, 260, 270, 268, 275, 274, 251, 185, 196, 258, 208, 265, 262]",23.4
432,1788358487050903348,307200,86161,21,19,165.8,"[25.0, 25.7, 28.2, 30.4, 30.9, 30.9, 81.0, 82.4, 82.7, 86.8, 92.2, 98.2, 103.2, 118.6, 126.8, 141.6, 148.4, 154.5, 165.8]","['NEAR', 'NEAR', 'RAIL', 'INSIDE', 'INSIDE', 'INSIDE', 'INSIDE', 'RAIL', 'INSIDE', 'INSIDE', 'INSIDE', 'INSIDE', 'OUTSIDE', 'INSIDE', 'INSIDE', 'INSIDE', 'RAIL', 'INSIDE', 'INSIDE']","[[0.61, 0.05, 1.26], [3.79, 0.13, 1.94], [0.17, 0.58, 0.33], [0.59, 1.73, 0.06], [0.93, 1.22, 0.49], [0.24, 2.33, 0.02], [0.19, 2.12, 0.0], [0.22, 0.24, 0.9], [0.63, 4.59, 2.37], [0.4, 3.77, 0.41], [2.43, 3.84, 1.44], [2.31, 4.13, 1.76], [0.89, 0.2, 0.92], [1.43, 4.16, 0.02], [12.9, 4.55, 1.26], [2.81, 3.92, 0.37], [0.06, 0.26, 0.22], [2.98, 4.66, 0.65], [4.3, 3.48, 0.37]]","[216, 253, 226, 198, 255, 205, 207, 179, 215, 236, 260, 275, 274, 278, 251, 185, 196, 258, 208]",20.9
433,1788358487146020577,307200,86146,23,21,193.0,"[25.3, 28.2, 30.4, 30.9, 31.1, 47.1, 81.0, 82.4, 82.7, 87.0, 90.0, 92.5, 98.5, 103.2, 119.2, 126.0, 138.8, 148.4, 154.5, 165.8, 193.0]","['NEAR', 'NEAR', 'RAIL', 'RAIL', 'INSIDE', 'INSIDE', 'INSIDE', 'RAIL', 'INSIDE', 'INSIDE', 'NEAR', 'INSIDE', 'INSIDE', 'OUTSIDE', 'INSIDE', 'INSIDE', 'INSIDE', 'RAIL', 'INSIDE', 'INSIDE', 'RAIL']","[[0.58, 0.05, 1.26], [3.44, 0.13, 1.94], [0.8, 0.1, 0.28], [0.18, 0.58, 0.33], [0.97, 1.22, 0.25], [0.97, 2.03, 0.1], [0.19, 2.4, 0.0], [0.2, 0.24, 0.9], [0.68, 4.42, 2.37], [0.03, 3.64, 0.0], [2.04, 0.22, 2.21], [1.86, 3.73, 1.44], [1.71, 3.98, 0.82], [0.87, 0.2, 0.92], [0.18, 4.16, 0.0], [8.32, 4.46, 1.13], [8.57, 4.33, 0.7], [0.02, 0.26, 0.22], [3.01, 4.66, 0.65], [4.33, 4.35, 0.37], [0.07, 1.01, 0.0]]","[216, 253, 271, 226, 255, 205, 207, 179, 215, 236, 257, 260, 275, 274, 278, 251, 185, 196, 258, 208, 262]",19.6
434,1788358487247808252,307200,86168,26,22,193.0,"[25.0, 25.7, 28.2, 29.8, 30.8, 31.9, 35.5, 81.0, 82.4, 82.7, 87.0, 91.1, 94.6, 98.5, 103.2, 118.6, 126.6, 138.8, 148.4, 154.5, 165.1, 193.0]","['NEAR', 'NEAR', 'NEAR', 'INSIDE', 'INSIDE', 'INSIDE', 'INSIDE', 'INSIDE', 'RAIL', 'INSIDE', 'INSIDE', 'INSIDE', 'NEAR', 'INSIDE', 'OUTSIDE', 'INSIDE', 'INSIDE', 'INSIDE', 'RAIL', 'INSIDE', 'INSIDE', 'RAIL']","[[0.52, 0.05, 1.26], [1.53, 0.06, 1.85], [1.82, 0.12, 1.88], [0.59, 1.73, 0.06], [0.9, 1.22, 0.49], [0.28, 2.41, 0.03], [0.74, 1.75, 0.05], [0.15, 2.12, 0.0], [0.24, 0.38, 0.9], [0.76, 4.67, 2.37], [0.03, 3.49, 0.0], [4.51, 4.2, 2.27], [0.7, 0.17, 0.44], [1.73, 3.98, 1.76], [0.89, 0.2, 0.92], [1.37, 3.95, 0.02], [7.27, 4.44, 1.13], [8.58, 4.22, 0.7], [0.03, 0.26, 0.22], [2.98, 4.66, 0.65], [2.94, 4.06, 0.36], [0.05, 1.01, 0.0]]","[216, 162, 253, 198, 255, 205, 263, 207, 179, 215, 236, 260, 268, 275, 274, 278, 251, 185, 196, 258, 208, 262]",19.1
435,1788358487356681574,307200,86227,20,18,193.0,"[28.2, 30.9, 30.9, 47.1, 81.0, 82.4, 83.2, 87.0, 91.2, 98.6, 103.2, 111.4, 118.6, 126.6, 138.8, 154.5, 165.8, 193.0]","['NEAR', 'NEAR', 'RAIL', 'INSIDE', 'INSIDE', 'RAIL', 'INSIDE', 'INSIDE', 'INSIDE', 'INSIDE', 'OUTSIDE', 'INSIDE', 'INSIDE', 'INSIDE', 'INSIDE', 'INSIDE', 'INSIDE', 'RAIL']","[[0.6, 0.05, 1.26], [3.8, 0.1, 1.94], [0.81, 0.07, 0.28], [0.98, 1.22, 0.49], [0.18, 2.12, 0.0], [0.23, 0.37, 0.9], [1.47, 4.45, 2.37], [0.04, 3.64, 0.0], [4.45, 4.09, 2.27], [1.44, 4.16, 1.76], [0.91, 0.2, 0.92], [0.1, 3.31, 0.0], [1.37, 4.16, 0.02], [7.33, 4.44, 1.13], [8.61, 4.21, 0.7], [3.04, 4.66, 0.65], [4.32, 4.35, 0.37], [0.07, 0.34, 0.0]]","[216, 253, 271, 255, 207, 179, 215, 236, 260, 275, 274, 279, 278, 251, 185, 258, 208, 262]",18.2
436,1788358487450066094,307200,86155,27,25,193.0,"[25.0, 25.7, 28.2, 29.9, 30.5, 30.5, 30.5, 31.9, 81.0, 82.4, 82.4, 82.7, 87.0, 90.4, 92.1, 99.1, 103.4, 111.4, 117.9, 126.8, 138.8, 148.4, 154.5, 165.9, 193.0]","['NEAR', 'NEAR', 'NEAR', 'RAIL', 'INSIDE', 'INSIDE', 'INSIDE', 'INSIDE', 'INSIDE', 'RAIL', 'INSIDE', 'OUTSIDE', 'INSIDE', 'NEAR', 'INSIDE', 'INSIDE', 'OUTSIDE', 'INSIDE', 'OUTSIDE', 'INSIDE', 'INSIDE', 'RAIL', 'INSIDE', 'INSIDE', 'RAIL']","[[0.57, 0.06, 1.26], [1.3, 0.06, 1.85], [1.87, 0.12, 1.88], [0.14, 0.53, 0.33], [0.49, 1.73, 0.05], [0.26, 1.21, 0.25], [0.23, 2.33, 0.02], [0.07, 1.81, 0.01], [0.21, 2.26, 0.01], [0.18, 0.24, 0.9], [0.08, 2.88, 0.0], [0.79, 1.41, 2.02], [0.02, 3.49, 0.0], [1.06, 0.22, 1.59], [2.43, 3.84, 1.44], [0.42, 3.96, 1.76], [1.27, 0.31, 1.79], [0.14, 3.11, 0.0], [0.11, 0.82, 0.0], [12.91, 4.55, 1.26], [8.58, 4.21, 0.7], [0.03, 0.26, 0.22], [3.02, 4.66, 0.65], [4.4, 3.77, 0.37], [0.08, 1.01, 0.0]]","[216, 162, 253, 226, 198, 255, 205, 263, 207, 179, 215, 236, 257, 260, 270, 275, 274, 279, 278, 251, 185, 196, 258, 208, 262]",17.6
437,1788358487542489204,307200,86193,23,21,174.5,"[25.0, 25.7, 28.2, 30.4, 30.5, 30.5, 31.1, 81.0, 82.4, 82.7, 87.0, 91.1, 99.1, 103.2, 111.4, 125.3, 138.8, 148.4, 154.5, 165.2, 174.5]","['NEAR', 'NEAR', 'RAIL', 'INSIDE', 'INSIDE', 'INSIDE', 'INSIDE', 'INSIDE', 'RAIL', 'INSIDE', 'INSIDE', 'INSIDE', 'INSIDE', 'OUTSIDE', 'INSIDE', 'INSIDE', 'INSIDE', 'RAIL', 'INSIDE', 'INSIDE', 'INSIDE']","[[0.56, 0.05, 1.26], [3.46, 0.12, 1.94], [0.18, 0.58, 0.33], [0.6, 1.72, 0.06], [0.29, 1.22, 0.25], [0.23, 2.32, 0.02], [0.04, 1.81, 0.01], [0.18, 2.26, 0.0], [0.19, 0.23, 0.9], [0.75, 4.53, 2.37], [0.03, 3.49, 0.0], [4.51, 4.15, 1.87], [0.4, 4.16, 1.48], [0.89, 0.2, 0.92], [0.17, 3.31, 0.0], [9.82, 4.44, 1.26], [8.58, 4.45, 0.7], [0.0, 0.26, 0.22], [2.95, 4.66, 0.65], [2.95, 4.06, 0.36], [0.01, 0.61, 0.0]]","[216, 253, 226, 198, 255, 205, 263, 207, 179, 215, 257, 270, 275, 274, 279, 251, 185, 196, 258, 208, 265]",17.2
438,1788358487653072244,307200,86142,26,24,193.0,"[25.3, 25.9, 28.2, 30.4, 30.5, 30.9, 30.9, 81.0, 82.4, 82.7, 86.9, 90.0, 92.2, 94.6, 99.1, 103.2, 111.4, 125.2, 138.8, 148.4, 154.5, 165.1, 174.5, 193.0]","['NEAR', 'NEAR', 'RAIL', 'INSIDE', 'INSIDE', 'RAIL', 'INSIDE', 'INSIDE', 'RAIL', 'INSIDE', 'INSIDE', 'NEAR', 'INSIDE', 'NEAR', 'INSIDE', 'OUTSIDE', 'INSIDE', 'INSIDE', 'INSIDE', 'RAIL', 'INSIDE', 'INSIDE', 'INSIDE', 'RAIL']","[[0.57, 0.05, 1.26], [3.82, 0.13, 1.94], [0.2, 0.52, 0.34], [0.99, 1.21, 0.25], [0.97, 2.41, 0.1], [0.28, 0.21, 0.12], [0.06, 1.6, 0.01], [0.17, 2.12, 0.0], [0.24, 0.38, 0.9], [0.75, 4.53, 2.37], [0.05, 3.64, 0.0], [2.0, 0.22, 2.21], [2.5, 3.84, 1.41], [0.81, 0.15, 0.62], [0.42, 4.15, 1.76], [0.87, 0.2, 0.92], [0.12, 3.31, 0.0], [9.91, 4.45, 0.99], [8.57, 4.22, 1.36], [0.02, 0.26, 0.22], [2.97, 4.66, 0.65], [2.94, 3.77, 0.36], [0.05, 0.61, 0.0], [0.02, 1.35, 0.0]]","[216, 253, 226, 255, 205, 194, 263, 207, 179, 215, 257, 260, 270, 268, 275, 274, 279, 251, 185, 196, 258, 208, 265, 262]",18.0
439,1788358487758100650,307200,86181,26,23,165.9,"[25.2, 25.7, 28.2, 29.8, 30.5, 30.9, 31.8, 47.1, 81.0, 82.4, 83.2, 87.0, 90.3, 93.1, 94.6, 99.0, 103.2, 111.4, 126.8, 138.8, 148.4, 154.5, 165.9]","['NEAR', 'NEAR', 'NEAR', 'RAIL', 'RAIL', 'INSIDE', 'INSIDE', 'INSIDE', 'INSIDE', 'RAIL', 'INSIDE', 'INSIDE', 'INSIDE', 'OUTSIDE', 'NEAR', 'INSIDE', 'OUTSIDE', 'INSIDE', 'INSIDE', 'INSIDE', 'RAIL', 'INSIDE', 'OUTSIDE']","[[0.57, 0.05, 1.26], [1.52, 0.06, 1.85], [1.88, 0.12, 1.88], [0.81, 0.1, 0.28], [0.13, 0.53, 0.33], [0.95, 1.22, 0.49], [0.78, 1.07, 0.08], [0.12, 1.26, 0.01], [0.19, 1.98, 0.0], [0.22, 0.24, 0.9], [1.72, 5.39, 2.37], [0.04, 3.64, 0.0], [2.64, 4.2, 1.87], [0.6, 0.16, 1.44], [0.69, 0.16, 0.44], [0.55, 4.16, 1.76], [0.88, 0.36, 0.92], [0.16, 3.31, 0.0], [12.93, 4.55, 1.26], [8.55, 4.47, 1.36], [0.03, 0.26, 0.22], [2.99, 4.66, 0.65], [4.34, 2.31, 0.37]]","[216, 162, 253, 271, 226, 255, 198, 205, 207, 179, 215, 257, 270, 268, 260, 275, 274, 279, 251, 185, 196, 258, 208]",18.2
440,1788358487843728319,307200,86304,22,20,165.1,"[28.2, 30.4, 30.5, 30.8, 30.9, 47.1, 81.0, 82.4, 83.1, 87.0, 90.0, 92.5, 99.2, 103.2, 111.4, 125.3, 138.8, 148.4, 154.5, 165.1]","['NEAR', 'NEAR', 'RAIL', 'RAIL', 'INSIDE', 'INSIDE', 'INSIDE', 'RAIL', 'INSIDE', 'INSIDE', 'NEAR', 'INSIDE', 'INSIDE', 'OUTSIDE', 'INSIDE', 'INSIDE', 'INSIDE', 'RAIL', 'INSIDE', 'INSIDE']","[[0.56, 0.05, 1.26], [3.82, 0.12, 1.85], [0.82, 0.07, 0.28], [0.2, 0.52, 0.33], [0.9, 1.22, 0.49], [0.05, 1.6, 0.01], [0.16, 1.98, 0.0], [0.22, 0.37, 0.9], [1.53, 4.53, 2.37], [0.05, 3.49, 0.0], [2.09, 0.22, 2.21], [1.85, 3.83, 1.44], [0.3, 3.96, 1.76], [0.89, 0.2, 0.92], [0.08, 2.92, 0.0], [10.01, 4.44, 1.26], [8.57, 4.22, 0.7], [0.05, 0.26, 0.22], [3.02, 4.66, 0.65], [2.99, 4.35, 0.36]]","[216, 253, 271, 226, 255, 263, 207, 179, 215, 257, 270, 268, 275, 274, 279, 251, 185, 196, 258, 208]",18.3
441,1788358487952617640,307200,86173,24,22,193.0,"[25.0, 25.7, 28.2, 30.4, 30.9, 30.9, 76.6, 81.0, 82.4, 83.1, 87.0, 91.1, 98.2, 103.2, 111.4, 117.9, 126.8, 138.7, 148.4, 154.5, 165.2, 193.0]","['NEAR', 'NEAR', 'RAIL', 'INSIDE', 'INSIDE', 'INSIDE', 'INSIDE', 'INSIDE', 'RAIL', 'INSIDE', 'INSIDE', 'INSIDE', 'INSIDE', 'OUTSIDE', 'INSIDE', 'OUTSIDE', 'INSIDE', 'INSIDE', 'RAIL', 'INSIDE', 'INSIDE', 'RAIL']","[[0.54, 0.05, 1.26], [3.77, 0.13, 1.94], [0.18, 0.58, 0.33], [0.5, 1.72, 0.05], [0.95, 1.22, 0.49], [0.13, 1.26, 0.01], [2.62, 2.01, 0.84], [0.2, 2.26, 0.0], [0.2, 0.24, 0.9], [1.52, 4.53, 2.37], [0.04, 3.49, 0.0], [4.56, 4.09, 1.64], [2.27, 4.15, 1.48], [0.9, 0.36, 0.92], [0.14, 3.31, 0.0], [0.14, 0.82, 0.0], [13.01, 4.55, 0.99], [8.51, 4.21, 1.36], [0.03, 0.26, 0.22], [2.98, 4.66, 0.65], [2.96, 4.06, 0.36], [0.09, 1.01, 0.0]]","[216, 253, 226, 198, 255, 205, 207, 179, 215, 236, 257, 268, 275, 274, 279, 278, 251, 185, 196, 258, 208, 262]",21.1
442,1788358488044352286,307200,86164,23,19,193.0,"[25.0, 25.7, 30.4, 30.4, 30.5, 30.9, 81.0, 82.4, 82.8, 87.0, 91.6, 98.5, 103.2, 111.4, 148.4, 154.5, 165.8, 174.5, 193.0]","['NEAR', 'RAIL', 'INSIDE', 'INSIDE', 'INSIDE', 'INSIDE', 'INSIDE', 'RAIL', 'INSIDE', 'INSIDE', 'INSIDE', 'INSIDE', 'OUTSIDE', 'INSIDE', 'RAIL', 'INSIDE', 'INSIDE', 'INSIDE', 'RAIL']","[[4.87, 0.12, 1.94], [0.18, 0.53, 0.27], [0.47, 1.73, 0.05], [0.99, 1.22, 0.49], [0.24, 2.33, 0.02], [0.04, 1.6, 0.01], [0.18, 1.98, 0.0], [0.2, 0.24, 0.9], [0.7, 4.63, 2.37], [0.04, 3.49, 0.0], [3.45, 4.21, 1.46], [1.67, 4.15, 1.76], [0.91, 0.2, 0.92], [0.14, 2.92, 0.0], [0.01, 0.26, 0.22], [2.96, 4.66, 0.65], [4.33, 3.77, 0.37], [0.05, 1.22, 0.0], [0.1, 1.35, 0.0]]","[253, 226, 198, 255, 205, 263, 179, 215, 236, 257, 268, 275, 274, 279, 196, 258, 208, 265, 262]",21.5
443,1788358488150266722,307200,86201,24,19,165.8,"[25.0, 25.7, 28.2, 30.4, 30.5, 30.5, 30.9, 47.1, 81.0, 82.4, 82.7, 87.0, 91.6, 98.5, 103.2, 111.4, 148.4, 154.5, 165.8]","['NEAR', 'NEAR', 'RAIL', 'RAIL', 'INSIDE', 'INSIDE', 'INSIDE', 'INSIDE', 'INSIDE', 'RAIL', 'INSIDE', 'INSIDE', 'INSIDE', 'INSIDE', 'OUTSIDE', 'INSIDE', 'RAIL', 'INSIDE', 'INSIDE']","[[0.56, 0.05, 1.26], [3.79, 0.13, 1.94], [0.82, 0.1, 0.28], [0.17, 0.58, 0.27], [0.6, 1.73, 0.06], [0.28, 1.22, 0.25], [0.26, 2.42, 0.02], [0.04, 1.6, 0.01], [0.16, 2.26, 0.0], [0.22, 0.38, 0.9], [0.73, 4.53, 2.37], [0.03, 3.49, 0.0], [3.45, 4.19, 1.9], [1.73, 4.16, 1.76], [0.9, 0.31, 0.92], [0.13, 3.31, 0.0], [0.03, 0.26, 0.22], [2.99, 4.66, 0.65], [4.37, 4.06, 0.37]]","[216, 253, 271, 226, 198, 255, 205, 263, 179, 215, 236, 257, 268, 275, 274, 279, 196, 258, 208]",18.0
444,1788358488239827421,307200,86239,22,20,165.9,"[25.7, 28.2, 29.7, 30.4, 30.5, 30.5, 31.9, 81.0, 82.4, 83.1, 87.0, 91.6, 98.5, 103.2, 111.4, 125.2, 138.8, 148.4, 154.5, 165.9]","['NEAR', 'NEAR', 'NEAR', 'RAIL', 'INSIDE', 'INSIDE', 'INSIDE', 'INSIDE', 'RAIL', 'INSIDE', 'INSIDE', 'INSIDE', 'INSIDE', 'OUTSIDE', 'INSIDE', 'INSIDE', 'INSIDE', 'RAIL', 'INSIDE', 'INSIDE']","[[0.54, 0.05, 1.26], [1.51, 0.06, 1.85], [1.86, 0.12, 1.89], [0.22, 0.53, 0.33], [0.27, 1.21, 0.25], [0.21, 2.32, 0.02], [0.04, 1.81, 0.01], [0.18, 2.4, 0.0], [0.21, 0.24, 0.9], [1.56, 4.44, 2.37], [0.03, 3.64, 0.0], [3.47, 4.2, 2.24], [1.71, 3.98, 1.27], [0.92, 0.36, 0.92], [0.11, 3.31, 0.0], [9.83, 4.44, 1.26], [8.57, 4.22, 1.36], [0.03, 0.26, 0.22], [2.96, 4.66, 0.65], [4.39, 4.35, 0.37]]","[216, 162, 253, 226, 255, 205, 263, 179, 215, 236, 257, 268, 275, 274, 279, 251, 185, 196, 258, 208]",20.8
445,1788358488349580935,307200,86225,26,24,165.9,"[25.0, 25.6, 28.2, 29.8, 30.4, 30.5, 30.8, 31.9, 81.1, 82.4, 82.7, 87.0, 90.0, 92.1, 94.6, 98.0, 99.2, 103.2, 111.4, 127.6, 138.7, 148.4, 154.5, 165.9]","['NEAR', 'NEAR', 'NEAR', 'RAIL', 'INSIDE', 'INSIDE', 'INSIDE', 'INSIDE', 'INSIDE', 'RAIL', 'INSIDE', 'INSIDE', 'NEAR', 'INSIDE', 'NEAR', 'NEAR', 'INSIDE', 'OUTSIDE', 'INSIDE', 'INSIDE', 'INSIDE', 'RAIL', 'INSIDE', 'INSIDE']","[[0.58, 0.05, 1.26], [1.53, 0.06, 1.85], [1.87, 0.12, 1.89], [0.21, 0.53, 0.27], [0.61, 1.73, 0.06], [0.92, 1.22, 0.49], [0.28, 2.41, 0.03], [0.05, 1.81, 0.01], [0.23, 2.26, 0.01], [0.23, 0.37, 0.9], [0.69, 4.67, 2.37], [0.04, 3.64, 0.0], [2.17, 0.21, 1.4], [2.54, 3.84, 1.44], [0.68, 0.17, 1.03], [1.94, 0.04, 1.05], [0.29, 3.93, 1.76], [0.9, 0.31, 0.92], [0.14, 2.92, 0.0], [11.5, 4.55, 1.13], [8.53, 4.22, 0.7], [0.02, 0.26, 0.22], [2.98, 4.66, 0.65], [4.39, 4.35, 0.37]]","[216, 162, 253, 226, 198, 255, 205, 263, 179, 215, 236, 257, 270, 268, 260, 275, 274, 280, 279, 251, 185, 196, 258, 208]",18.5
446,1788358488448464101,307200,86200,22,19,165.1,"[25.6, 28.2, 30.4, 30.8, 30.9, 47.1, 81.1, 82.4, 82.7, 87.0, 91.2, 98.5, 103.3, 111.4, 126.8, 138.8, 148.4, 154.5, 165.1]","['NEAR', 'NEAR', 'RAIL', 'RAIL', 'INSIDE', 'INSIDE', 'INSIDE', 'RAIL', 'INSIDE', 'INSIDE', 'INSIDE', 'INSIDE', 'OUTSIDE', 'INSIDE', 'INSIDE', 'INSIDE', 'RAIL', 'INSIDE', 'INSIDE']","[[0.57, 0.05, 1.26], [3.81, 0.13, 1.94], [0.81, 0.1, 0.28], [0.19, 0.58, 0.33], [0.86, 1.22, 0.49], [0.28, 2.41, 0.03], [0.24, 1.98, 0.01], [0.24, 0.38, 0.9], [0.73, 4.53, 2.37], [0.03, 3.49, 0.0], [4.46, 4.2, 1.65], [1.69, 3.98, 1.76], [1.16, 0.22, 1.79], [0.11, 2.92, 0.0], [12.93, 4.55, 1.26], [8.57, 4.22, 1.36], [0.06, 0.26, 0.22], [2.98, 4.66, 0.65], [2.97, 3.77, 0.36]]","[216, 253, 271, 226, 255, 205, 179, 215, 236, 257, 268, 274, 280, 279, 251, 185, 196, 258, 208]",22.1
447,1788358488535789536,307200,86206,25,22,192.9,"[25.2, 25.7, 30.4, 30.4, 30.5, 30.9, 81.0, 82.4, 82.7, 87.0, 90.4, 92.2, 94.5, 99.1, 103.2, 111.4, 125.3, 138.8, 148.4, 154.5, 165.8, 192.9]","['NEAR', 'RAIL', 'INSIDE', 'INSIDE', 'INSIDE', 'INSIDE', 'INSIDE', 'RAIL', 'INSIDE', 'INSIDE', 'NEAR', 'INSIDE', 'NEAR', 'INSIDE', 'OUTSIDE', 'INSIDE', 'INSIDE', 'INSIDE', 'RAIL', 'INSIDE', 'INSIDE', 'RAIL']","[[4.82, 0.13, 1.95], [0.15, 0.58, 0.33], [0.87, 1.73, 0.08], [0.96, 1.22, 0.49], [0.12, 1.26, 0.01], [0.05, 1.6, 0.01], [0.17, 2.12, 0.0], [0.23, 0.24, 0.9], [0.74, 4.53, 2.37], [0.03, 3.49, 0.0], [0.98, 0.19, 1.84], [2.39, 3.84, 1.44], [0.57, 0.22, 0.43], [0.55, 3.96, 1.27], [0.86, 0.2, 0.92], [0.13, 3.31, 0.0], [9.84, 4.45, 1.01], [8.56, 4.22, 0.7], [0.04, 0.26, 0.22], [2.95, 4.66, 0.65], [4.35, 4.35, 0.37], [0.0, 0.67, 0.0]]","[253, 226, 198, 255, 205, 263, 179, 215, 236, 257, 270, 268, 260, 274, 280, 279, 251, 185, 196, 258, 208, 262]",23.2
448,1788358488642650612,307200,86179,21,19,192.9,"[29.3, 30.5, 30.7, 31.9, 81.1, 82.4, 82.7, 87.0, 90.5, 92.2, 99.2, 103.2, 111.4, 128.1, 138.8, 148.4, 154.5, 165.9, 192.9]","['NEAR', 'NEAR', 'INSIDE', 'INSIDE', 'INSIDE', 'RAIL', 'INSIDE', 'INSIDE', 'NEAR', 'INSIDE', 'INSIDE', 'OUTSIDE', 'INSIDE', 'INSIDE', 'INSIDE', 'RAIL', 'INSIDE', 'INSIDE', 'RAIL']","[[2.58, 0.05, 1.85], [1.89, 0.11, 1.88], [0.64, 1.22, 0.49], [0.08, 1.81, 0.01], [0.22, 2.12, 0.01], [0.22, 0.38, 0.9], [0.67, 4.45, 2.37], [0.03, 3.49, 0.0], [1.17, 0.11, 0.61], [2.36, 3.84, 1.44], [0.33, 3.96, 1.76], [0.87, 0.31, 0.92], [0.17, 3.31, 0.0], [10.36, 4.55, 1.13], [8.66, 4.22, 0.7], [0.03, 0.26, 0.22], [3.03, 4.66, 0.65], [4.42, 3.77, 0.37], [0.04, 0.67, 0.0]]","[162, 253, 255, 263, 179, 215, 236, 257, 270, 268, 274, 280, 279, 251, 185, 196, 258, 208, 262]",23.2
449,1788358488745100747,307200,86136,24,22,165.2,"[25.7, 28.2, 29.8, 30.4, 30.5, 30.9, 31.8, 76.7, 81.0, 82.4, 82.7, 87.0, 89.5, 92.5, 99.1, 103.2, 111.4, 127.5, 138.8, 148.4, 154.5, 165.2]","['NEAR', 'NEAR', 'NEAR', 'RAIL', 'INSIDE', 'INSIDE', 'INSIDE', 'INSIDE', 'INSIDE', 'RAIL', 'INSIDE', 'INSIDE', 'NEAR', 'INSIDE', 'INSIDE', 'OUTSIDE', 'INSIDE', 'INSIDE', 'INSIDE', 'RAIL', 'INSIDE', 'INSIDE']","[[0.54, 0.06, 1.26], [1.55, 0.06, 1.85], [1.89, 0.12, 1.59], [0.16, 0.58, 0.33], [0.97, 1.22, 0.49], [0.26, 2.33, 0.02], [0.05, 1.6, 0.01], [2.6, 2.01, 0.84], [0.15, 2.26, 0.0], [0.24, 0.37, 0.9], [0.67, 4.44, 2.37], [0.02, 3.64, 0.0], [1.1, 0.22, 2.2], [1.83, 3.83, 1.44], [0.44, 3.99, 1.76], [0.88, 0.31, 0.92], [0.12, 3.31, 0.0], [11.45, 4.55, 1.13], [8.55, 3.97, 0.7], [0.04, 0.26, 0.22], [2.96, 4.66, 0.65], [2.96, 4.35, 0.36]]","[216, 162, 253, 226, 255, 205, 263, 207, 179, 215, 236, 257, 270, 268, 274, 280, 279, 251, 185, 196, 258, 208]",26.1
450,1788358488866480566,307200,86235,22,21,193.0,"[29.2, 30.4, 30.5, 30.9, 31.8, 81.0, 82.4, 82.7, 87.0, 91.1, 99.1, 103.2, 111.4, 118.6, 126.0, 138.8, 148.4, 154.5, 165.9, 174.5, 193.0]","['NEAR', 'NEAR', 'RAIL', 'INSIDE', 'INSIDE', 'INSIDE', 'RAIL', 'INSIDE', 'INSIDE', 'INSIDE', 'INSIDE', 'OUTSIDE', 'INSIDE', 'INSIDE', 'INSIDE', 'INSIDE', 'RAIL', 'INSIDE', 'INSIDE', 'INSIDE', 'RAIL']","[[2.58, 0.06, 1.85], [1.91, 0.12, 1.89], [0.21, 0.53, 0.33], [0.96, 1.22, 0.49], [0.04, 1.6, 0.01], [0.16, 2.12, 0.0], [0.24, 0.38, 0.9], [0.75, 4.53, 2.37], [0.03, 3.49, 0.0], [4.5, 4.09, 1.9], [0.42, 4.13, 1.76], [0.91, 0.2, 0.92], [0.11, 3.11, 0.0], [1.38, 3.95, 0.02], [8.43, 4.44, 1.13], [8.53, 3.97, 1.36], [0.02, 0.26, 0.22], [2.97, 4.66, 0.65], [4.35, 4.06, 0.37], [0.0, 0.61, 0.0], [0.13, 1.35, 0.0]]","[162, 253, 226, 255, 263, 179, 215, 236, 257, 268, 274, 280, 279, 282, 251, 185, 196, 258, 208, 265, 262]",23.0
451,1788358488940691627,307200,86249,21,20,165.2,"[30.4, 30.5, 30.9, 31.1, 47.1, 81.0, 82.4, 82.6, 87.0, 89.9, 92.5, 99.1, 103.4, 111.4, 119.2, 125.2, 138.8, 148.4, 154.5, 165.2]","['NEAR', 'RAIL', 'RAIL', 'INSIDE', 'INSIDE', 'INSIDE', 'RAIL', 'INSIDE', 'INSIDE', 'NEAR', 'INSIDE', 'INSIDE', 'OUTSIDE', 'INSIDE', 'INSIDE', 'INSIDE', 'INSIDE', 'RAIL', 'INSIDE', 'INSIDE']","[[3.42, 0.12, 1.95], [0.82, 0.1, 0.28], [0.2, 0.52, 0.33], [0.95, 1.21, 0.49], [0.04, 1.6, 0.01], [0.17, 2.26, 0.0], [0.24, 0.24, 0.9], [0.9, 4.44, 2.37], [0.03, 3.64, 0.0], [2.18, 0.2, 1.84], [1.88, 3.83, 1.41], [0.39, 3.96, 1.76], [1.41, 0.36, 1.79], [0.16, 3.31, 0.0], [0.18, 4.16, 0.0], [9.9, 4.44, 1.26], [8.57, 4.22, 0.7], [0.04, 0.26, 0.22], [2.96, 4.66, 0.65], [3.0, 4.35, 0.36]]","[253, 271, 226, 255, 263, 179, 215, 236, 257, 270, 268, 274, 280, 279, 282, 251, 185, 196, 258, 208]",17.6
452,1788358489035302005,307200,86254,23,21,165.1,"[29.3, 30.4, 30.5, 30.9, 31.9, 47.1, 81.0, 82.4, 82.7, 86.7, 90.4, 92.5, 98.4, 103.2, 111.4, 118.6, 127.5, 138.8, 148.4, 154.5, 165.1]","['NEAR', 'NEAR', 'RAIL', 'RAIL', 'INSIDE', 'INSIDE', 'INSIDE', 'RAIL', 'INSIDE', 'INSIDE', 'NEAR', 'INSIDE', 'INSIDE', 'OUTSIDE', 'INSIDE', 'INSIDE', 'INSIDE', 'INSIDE', 'RAIL', 'INSIDE', 'INSIDE']","[[2.59, 0.07, 1.85], [1.87, 0.1, 1.88], [0.8, 0.08, 0.52], [0.2, 0.53, 0.33], [0.98, 1.22, 0.49], [0.05, 1.6, 0.01], [0.17, 2.12, 0.0], [0.18, 0.23, 0.9], [0.72, 4.53, 2.37], [0.54, 3.77, 0.42], [1.05, 0.22, 2.21], [1.88, 3.83, 1.44], [1.84, 4.13, 1.48], [0.88, 0.37, 0.92], [0.12, 2.92, 0.0], [1.37, 4.16, 0.02], [11.42, 4.55, 1.5], [8.54, 4.56, 0.7], [0.04, 0.26, 0.22], [3.0, 4.66, 0.65], [2.99, 4.35, 0.36]]","[162, 253, 271, 226, 255, 263, 179, 215, 236, 257, 270, 268, 274, 280, 279, 282, 251, 185, 196, 258, 208]",20.3
453,1788358489139735567,307200,86194,20,19,193.0,"[28.2, 30.4, 30.9, 30.9, 81.0, 82.4, 82.7, 87.0, 91.5, 99.1, 103.4, 111.4, 118.6, 125.9, 138.8, 148.4, 154.5, 165.1, 193.0]","['NEAR', 'NEAR', 'RAIL', 'INSIDE', 'INSIDE', 'RAIL', 'INSIDE', 'INSIDE', 'INSIDE', 'INSIDE', 'OUTSIDE', 'INSIDE', 'INSIDE', 'INSIDE', 'INSIDE', 'RAIL', 'INSIDE', 'INSIDE', 'RAIL']","[[0.54, 0.05, 1.26], [3.84, 0.13, 1.95], [0.18, 0.57, 0.33], [0.98, 1.22, 0.49], [0.14, 1.98, 0.0], [0.25, 0.23, 0.9], [0.79, 4.67, 2.37], [0.02, 3.49, 0.0], [3.1, 4.2, 1.9], [0.43, 4.15, 1.76], [1.36, 0.22, 1.79], [0.13, 3.31, 0.0], [1.41, 4.16, 0.02], [8.43, 4.44, 1.13], [8.57, 4.33, 0.7], [0.03, 0.26, 0.22], [3.0, 4.66, 0.65], [2.95, 4.35, 0.36], [0.01, 1.01, 0.0]]","[216, 253, 226, 255, 179, 215, 236, 257, 268, 274, 280, 279, 282, 251, 185, 196, 258, 208, 262]",17.8
454,1788358489236969579,307200,86253,24,22,165.2,"[28.7, 29.9, 30.4, 30.5, 30.9, 31.9, 47.1, 81.0, 82.4, 83.2, 87.0, 89.4, 92.5, 99.2, 103.2, 111.5, 113.2, 126.8, 138.7, 148.4, 154.5, 165.2]","['NEAR', 'NEAR', 'NEAR', 'RAIL', 'RAIL', 'INSIDE', 'INSIDE', 'INSIDE', 'RAIL', 'INSIDE', 'INSIDE', 'NEAR', 'INSIDE', 'INSIDE', 'OUTSIDE', 'INSIDE', 'RAIL', 'INSIDE', 'INSIDE', 'RAIL', 'INSIDE', 'INSIDE']","[[1.43, 0.05, 1.27], [1.17, 0.06, 1.85], [1.81, 0.11, 1.88], [0.82, 0.07, 0.28], [0.18, 0.53, 0.33], [0.98, 1.22, 0.49], [0.06, 1.81, 0.01], [0.2, 2.26, 0.0], [0.18, 0.22, 0.9], [1.7, 5.4, 2.37], [0.03, 3.49, 0.0], [1.32, 0.2, 1.4], [1.86, 3.73, 1.44], [0.34, 3.96, 1.76], [0.91, 0.31, 0.92], [0.18, 3.31, 0.0], [0.04, 0.21, 0.32], [12.91, 4.55, 1.27], [8.53, 4.22, 0.7], [0.02, 0.26, 0.22], [2.99, 4.66, 0.65], [3.07, 4.35, 0.36]]","[216, 162, 253, 271, 226, 255, 263, 179, 215, 236, 257, 270, 268, 274, 280, 279, 282, 251, 185, 196, 258, 208]",16.3
455,1788358489340432145,307200,86215,24,22,193.0,"[25.0, 25.7, 28.2, 29.7, 30.5, 30.9, 31.8, 47.1, 81.0, 82.4, 83.1, 87.0, 91.2, 98.4, 103.4, 111.4, 126.8, 138.0, 148.4, 154.5, 165.9, 193.0]","['NEAR', 'NEAR', 'NEAR', 'RAIL', 'INSIDE', 'INSIDE', 'INSIDE', 'INSIDE', 'INSIDE', 'RAIL', 'INSIDE', 'INSIDE', 'INSIDE', 'INSIDE', 'OUTSIDE', 'INSIDE', 'INSIDE', 'INSIDE', 'RAIL', 'INSIDE', 'OUTSIDE', 'RAIL']","[[0.56, 0.05, 1.26], [1.54, 0.06, 1.85], [1.88, 0.12, 1.89], [0.8, 0.1, 0.28], [0.59, 1.73, 0.06], [1.0, 1.22, 0.49], [0.08, 1.26, 0.01], [0.07, 1.81, 0.01], [0.15, 2.12, 0.0], [0.21, 0.23, 0.9], [1.5, 4.44, 2.37], [0.02, 3.49, 0.0], [4.34, 4.2, 1.65], [1.52, 4.15, 1.48], [1.35, 0.22, 1.79], [0.13, 2.92, 0.0], [12.91, 4.67, 0.99], [7.1, 4.33, 0.7], [0.06, 0.34, 0.22], [3.03, 4.12, 0.65], [4.4, 2.31, 0.37], [0.03, 1.01, 0.0]]","[216, 162, 253, 271, 198, 255, 205, 263, 179, 215, 236, 257, 268, 274, 280, 279, 251, 185, 196, 258, 208, 262]",17.6
456,1788358489439347785,307200,86166,22,20,193.0,"[25.0, 25.7, 28.2, 30.5, 30.8, 30.9, 81.0, 82.4, 82.7, 87.0, 91.1, 99.2, 103.2, 111.4, 126.8, 138.8, 148.4, 154.5, 165.1, 193.0]","['NEAR', 'NEAR', 'INSIDE', 'INSIDE', 'INSIDE', 'INSIDE', 'INSIDE', 'RAIL', 'INSIDE', 'INSIDE', 'INSIDE', 'INSIDE', 'OUTSIDE', 'INSIDE', 'INSIDE', 'INSIDE', 'RAIL', 'INSIDE', 'INSIDE', 'RAIL']","[[0.6, 0.05, 1.26], [3.78, 0.13, 1.94], [0.57, 1.73, 0.06], [0.9, 1.21, 0.25], [0.26, 2.33, 0.02], [0.05, 1.6, 0.0], [0.12, 2.12, 0.0], [0.24, 0.37, 0.9], [0.76, 4.67, 2.37], [0.02, 3.64, 0.0], [4.55, 4.22, 2.27], [0.34, 3.96, 1.76], [0.94, 0.2, 0.92], [0.11, 3.31, 0.0], [12.93, 4.55, 0.99], [8.54, 3.96, 0.7], [0.07, 0.34, 0.22], [2.99, 4.66, 0.65], [2.93, 4.06, 0.36], [0.13, 1.01, 0.0]]","[216, 253, 198, 255, 205, 263, 179, 215, 236, 257, 268, 274, 280, 279, 251, 185, 196, 258, 208, 262]",17.2
457,1788358489547666397,307200,86181,23,21,174.5,"[25.0, 25.7, 30.4, 30.4, 30.5, 30.9, 47.1, 81.0, 82.4, 82.7, 87.0, 91.1, 99.1, 103.2, 111.4, 126.8, 141.6, 148.4, 154.5, 165.9, 174.5]","['NEAR', 'RAIL', 'RAIL', 'INSIDE', 'INSIDE', 'INSIDE', 'INSIDE', 'INSIDE', 'RAIL', 'INSIDE', 'INSIDE', 'INSIDE', 'INSIDE', 'OUTSIDE', 'INSIDE', 'INSIDE', 'INSIDE', 'RAIL', 'INSIDE', 'INSIDE', 'INSIDE']","[[4.83, 0.13, 1.94], [0.83, 0.1, 0.28], [0.21, 0.53, 0.33], [0.61, 1.72, 0.06], [0.96, 1.22, 0.49], [0.24, 2.32, 0.02], [0.04, 1.6, 0.01], [0.21, 2.26, 0.0], [0.21, 0.38, 0.9], [0.76, 4.53, 2.37], [0.02, 3.49, 0.0], [4.5, 4.15, 1.9], [0.43, 3.96, 1.27], [0.91, 0.2, 0.92], [0.13, 2.92, 0.0], [12.9, 4.56, 1.63], [2.75, 4.18, 0.37], [0.02, 0.26, 0.22], [3.01, 4.66, 0.65], [4.42, 3.77, 0.37], [0.06, 0.61, 0.0]]","[253, 271, 226, 198, 255, 205, 263, 179, 215, 236, 257, 268, 274, 280, 279, 251, 185, 196, 258, 208, 265]",16.8
458,1788358489641209457,307200,86178,24,22,174.6,"[25.7, 25.9, 29.2, 30.4, 30.5, 30.9, 31.8, 81.0, 82.4, 82.7, 86.7, 89.9, 92.2, 99.1, 103.2, 111.4, 126.8, 138.8, 148.4, 154.5, 165.2, 174.6]","['NEAR', 'NEAR', 'RAIL', 'INSIDE', 'INSIDE', 'RAIL', 'INSIDE', 'INSIDE', 'RAIL', 'INSIDE', 'INSIDE', 'NEAR', 'INSIDE', 'INSIDE', 'OUTSIDE', 'INSIDE', 'INSIDE', 'INSIDE', 'RAIL', 'INSIDE', 'INSIDE', 'INSIDE']","[[2.55, 0.07, 1.85], [1.85, 0.12, 1.88], [0.2, 0.53, 0.33], [0.96, 1.22, 0.49], [0.26, 2.41, 0.02], [0.27, 0.21, 0.12], [0.05, 1.6, 0.01], [0.15, 2.12, 0.0], [0.21, 0.14, 0.9], [0.69, 4.53, 2.37], [0.49, 3.77, 0.42], [2.1, 0.23, 2.21], [2.42, 3.84, 1.44], [0.31, 3.96, 1.76], [0.9, 0.31, 0.92], [0.14, 3.31, 0.0], [12.94, 4.55, 1.26], [8.58, 4.22, 0.7], [0.02, 0.26, 0.22], [2.99, 4.66, 0.65], [2.95, 4.35, 0.36], [0.0, 0.61, 0.0]]","[162, 253, 226, 255, 205, 216, 263, 179, 215, 236, 257, 270, 268, 274, 280, 279, 251, 185, 196, 258, 208, 265]",17.6
459,1788358489749055885,307200,86215,24,23,193.0,"[25.6, 28.2, 29.7, 30.5, 30.5, 30.8, 31.8, 81.0, 82.4, 82.6, 87.0, 89.9, 92.2, 99.0, 103.2, 105.2, 111.4, 125.3, 138.8, 148.4, 154.5, 165.8, 193.0]","['NEAR', 'NEAR', 'NEAR', 'RAIL', 'INSIDE', 'INSIDE', 'INSIDE', 'INSIDE', 'RAIL', 'INSIDE', 'INSIDE', 'NEAR', 'INSIDE', 'INSIDE', 'OUTSIDE', 'INSIDE', 'INSIDE', 'INSIDE', 'INSIDE', 'RAIL', 'INSIDE', 'INSIDE', 'RAIL']","[[0.59, 0.06, 1.26], [1.51, 0.05, 1.85], [1.87, 0.12, 1.88], [0.12, 0.52, 0.33], [0.92, 1.22, 0.49], [0.28, 2.41, 0.03], [0.05, 1.6, 0.01], [0.16, 2.26, 0.0], [0.24, 0.38, 0.9], [0.92, 4.59, 2.37], [0.03, 3.64, 0.0], [2.15, 0.23, 2.21], [2.51, 3.84, 1.44], [0.16, 3.8, 0.18], [0.85, 0.2, 0.92], [1.82, 4.28, 0.66], [0.09, 3.31, 0.0], [9.86, 4.44, 1.26], [8.6, 4.56, 0.7], [0.02, 0.26, 0.22], [3.0, 4.66, 0.65], [4.38, 4.06, 0.37], [0.01, 1.35, 0.0]]","[162, 255, 253, 226, 263, 205, 216, 179, 215, 236, 257, 270, 268, 274, 280, 284, 279, 251, 185, 196, 258, 208, 262]",17.6
460,1788358489849897549,307200,86237,22,20,165.1,"[28.2, 30.4, 30.5, 30.9, 30.9, 47.1, 81.0, 82.4, 87.0, 89.4, 92.1, 98.2, 103.2, 105.2, 111.4, 125.3, 138.8, 148.4, 154.5, 165.1]","['NEAR', 'NEAR', 'RAIL', 'RAIL', 'INSIDE', 'INSIDE', 'INSIDE', 'RAIL', 'INSIDE', 'RAIL', 'INSIDE', 'INSIDE', 'OUTSIDE', 'INSIDE', 'INSIDE', 'INSIDE', 'INSIDE', 'RAIL', 'INSIDE', 'INSIDE']","[[0.57, 0.05, 1.26], [3.79, 0.12, 1.94], [0.81, 0.07, 0.28], [0.17, 0.58, 0.33], [0.96, 1.22, 0.49], [0.07, 1.81, 0.01], [0.25, 2.4, 0.01], [0.22, 0.37, 0.9], [0.03, 3.64, 0.0], [1.05, 0.08, 0.99], [2.48, 4.18, 1.44], [2.3, 4.13, 1.76], [0.93, 0.36, 0.92], [1.72, 4.28, 0.66], [0.16, 2.92, 0.0], [9.9, 4.45, 0.99], [8.58, 4.45, 1.36], [0.03, 0.26, 0.22], [3.01, 4.66, 0.65], [2.95, 3.48, 0.36]]","[162, 253, 271, 226, 263, 216, 179, 215, 257, 270, 268, 274, 280, 284, 279, 251, 185, 196, 258, 208]",17.2
461,1788358489979583243,307200,86156,23,20,193.0,"[25.6, 29.3, 30.8, 31.8, 47.1, 75.4, 81.0, 82.4, 82.7, 87.0, 89.6, 99.1, 103.2, 105.3, 111.4, 125.3, 138.8, 148.4, 154.5, 193.0]","['NEAR', 'NEAR', 'RAIL', 'INSIDE', 'INSIDE', 'NEAR', 'INSIDE', 'RAIL', 'INSIDE', 'INSIDE', 'NEAR', 'INSIDE', 'OUTSIDE', 'INSIDE', 'INSIDE', 'INSIDE', 'INSIDE', 'RAIL', 'INSIDE', 'RAIL']","[[2.62, 0.06, 1.85], [1.87, 0.11, 1.88], [0.81, 0.1, 0.28], [0.93, 1.22, 0.25], [0.27, 2.41, 0.02], [0.16, 0.79, 0.0], [0.23, 2.12, 0.01], [0.22, 0.22, 0.9], [0.73, 4.53, 2.37], [0.03, 3.49, 0.0], [1.11, 0.22, 2.21], [0.38, 3.96, 1.76], [0.86, 0.36, 0.92], [1.47, 4.28, 0.66], [0.15, 3.31, 0.0], [9.88, 4.44, 1.26], [8.57, 4.45, 0.7], [0.02, 0.26, 0.22], [2.99, 4.66, 0.65], [0.01, 0.34, 0.0]]","[255, 253, 271, 263, 205, 179, 236, 215, 257, 270, 268, 274, 280, 284, 279, 251, 185, 196, 258, 262]",16.4
462,1788358490051630582,307200,86186,25,21,193.0,"[25.0, 25.7, 29.9, 30.4, 30.9, 31.9, 47.1, 81.1, 82.4, 83.1, 87.0, 98.0, 98.5, 103.2, 111.4, 126.8, 138.8, 148.4, 154.6, 165.8, 193.0]","['NEAR', 'NEAR', 'RAIL', 'RAIL', 'INSIDE', 'INSIDE', 'INSIDE', 'INSIDE', 'RAIL', 'INSIDE', 'INSIDE', 'NEAR', 'INSIDE', 'OUTSIDE', 'INSIDE', 'INSIDE', 'INSIDE', 'RAIL', 'INSIDE', 'INSIDE', 'RAIL']","[[1.19, 0.06, 1.85], [1.88, 0.12, 1.88], [0.84, 0.07, 0.28], [0.21, 0.52, 0.33], [0.59, 1.73, 0.06], [0.94, 1.22, 0.49], [0.22, 2.33, 0.02], [0.2, 2.12, 0.0], [0.22, 0.24, 0.9], [1.55, 4.53, 2.37], [0.03, 3.64, 0.0], [1.88, 0.04, 1.05], [1.72, 3.98, 0.82], [0.9, 0.31, 0.92], [0.13, 3.11, 0.0], [12.9, 4.55, 1.63], [8.58, 4.22, 0.7], [0.03, 0.26, 0.22], [3.06, 4.66, 0.65], [4.27, 4.35, 0.37], [0.01, 0.67, 0.0]]","[255, 253, 271, 226, 198, 263, 205, 236, 215, 257, 270, 274, 280, 284, 279, 251, 185, 196, 258, 208, 262]",16.9
463,1788358490142657818,307200,86144,25,21,193.0,"[25.0, 25.6, 28.7, 30.4, 30.5, 30.5, 31.1, 47.0, 81.0, 82.4, 83.1, 86.8, 99.1, 103.2, 111.4, 125.3, 138.8, 148.4, 154.5, 165.9, 193.0]","['NEAR', 'NEAR', 'RAIL', 'RAIL', 'INSIDE', 'INSIDE', 'INSIDE', 'INSIDE', 'INSIDE', 'RAIL', 'INSIDE', 'INSIDE', 'INSIDE', 'OUTSIDE', 'INSIDE', 'INSIDE', 'INSIDE', 'RAIL', 'INSIDE', 'INSIDE', 'RAIL']","[[1.52, 0.05, 1.27], [3.47, 0.13, 1.94], [0.95, 0.1, 0.28], [0.18, 0.58, 0.27], [0.57, 1.73, 0.06], [0.25, 1.21, 0.25], [0.27, 2.41, 0.02], [0.06, 1.6, 0.01], [0.21, 2.4, 0.0], [0.23, 0.23, 0.9], [1.59, 4.81, 2.37], [0.39, 3.77, 0.41], [0.36, 3.96, 1.76], [0.89, 0.31, 0.92], [0.15, 3.31, 0.0], [9.84, 4.42, 1.26], [8.55, 4.22, 0.7], [0.02, 0.26, 0.22], [3.01, 4.66, 0.65], [4.42, 4.35, 0.37], [0.08, 1.35, 0.0]]","[162, 253, 271, 226, 198, 263, 205, 216, 236, 215, 257, 270, 280, 284, 279, 251, 185, 196, 258, 208, 262]",16.6
464,1788358490245913416,307200,86306,22,18,174.5,"[25.6, 30.4, 30.4, 30.6, 35.5, 81.1, 82.4, 82.7, 87.0, 98.5, 103.2, 111.4, 126.9, 138.8, 148.4, 154.5, 165.1, 174.5]","['NEAR', 'RAIL', 'INSIDE', 'INSIDE', 'INSIDE', 'INSIDE', 'RAIL', 'INSIDE', 'INSIDE', 'INSIDE', 'OUTSIDE', 'INSIDE', 'INSIDE', 'INSIDE', 'RAIL', 'INSIDE', 'INSIDE', 'INSIDE']","[[4.81, 0.12, 1.94], [0.2, 0.58, 0.33], [0.35, 1.22, 0.24], [0.28, 2.41, 0.03], [0.74, 1.75, 0.05], [0.22, 2.26, 0.01], [0.2, 0.23, 0.9], [0.69, 4.53, 2.37], [0.04, 3.64, 0.0], [1.7, 3.96, 1.76], [0.89, 0.31, 0.92], [0.16, 3.31, 0.0], [12.88, 4.55, 1.26], [8.55, 4.21, 0.7], [0.02, 0.26, 0.22], [3.01, 4.66, 0.65], [2.91, 4.06, 0.36], [0.06, 0.61, 0.0]]","[255, 226, 263, 205, 216, 236, 215, 257, 270, 280, 284, 279, 251, 185, 196, 258, 208, 265]",15.9
465,1788358490356246997,307200,86206,18,15,165.2,"[30.4, 30.4, 30.9, 81.0, 82.4, 82.7, 87.0, 98.5, 103.2, 111.4, 125.2, 138.8, 148.4, 154.5, 165.2]","['NEAR', 'RAIL', 'INSIDE', 'INSIDE', 'RAIL', 'INSIDE', 'INSIDE', 'INSIDE', 'OUTSIDE', 'INSIDE', 'INSIDE', 'INSIDE', 'RAIL', 'INSIDE', 'INSIDE']","[[4.83, 0.13, 1.85], [0.15, 0.58, 0.12], [0.94, 1.22, 0.49], [0.14, 2.12, 0.0], [0.26, 0.23, 0.9], [0.71, 4.53, 2.37], [0.04, 3.64, 0.0], [1.74, 4.16, 1.76], [0.93, 0.31, 0.92], [0.1, 3.11, 0.0], [9.85, 4.44, 1.26], [8.55, 3.96, 1.36], [0.03, 0.26, 0.22], [2.96, 4.66, 0.65], [3.01, 4.35, 0.36]]","[255, 226, 263, 236, 215, 257, 270, 280, 284, 279, 251, 185, 196, 258, 208]",15.3
466,1788358490446049148,307200,86243,24,21,165.8,"[25.2, 25.7, 28.2, 30.4, 30.5, 30.5, 30.9, 47.1, 81.0, 82.4, 82.7, 87.0, 90.4, 99.2, 103.2, 111.4, 126.8, 138.8, 148.4, 154.5, 165.8]","['NEAR', 'NEAR', 'RAIL', 'RAIL', 'INSIDE', 'INSIDE', 'INSIDE', 'INSIDE', 'INSIDE', 'RAIL', 'INSIDE', 'INSIDE', 'NEAR', 'INSIDE', 'OUTSIDE', 'INSIDE', 'INSIDE', 'INSIDE', 'RAIL', 'INSIDE', 'INSIDE']","[[0.56, 0.06, 1.26], [3.77, 0.13, 1.94], [0.81, 0.1, 0.28], [0.21, 0.53, 0.33], [0.28, 1.22, 0.25], [0.77, 1.07, 0.08], [0.13, 1.26, 0.01], [0.05, 1.6, 0.01], [0.11, 1.98, 0.0], [0.2, 0.24, 0.9], [0.74, 4.53, 2.37], [0.04, 3.49, 0.0], [1.04, 0.18, 1.59], [0.36, 3.96, 1.27], [0.87, 0.31, 0.92], [0.11, 3.31, 0.0], [12.86, 4.55, 1.26], [8.56, 4.22, 0.7], [0.0, 0.26, 0.22], [2.99, 4.66, 0.65], [4.31, 4.34, 0.37]]","[162, 253, 271, 226, 263, 198, 205, 255, 236, 215, 257, 270, 268, 280, 284, 279, 251, 185, 196, 258, 208]",20.1
467,1788358490545441660,307200,86254,25,22,175.2,"[25.0, 25.7, 29.3, 30.5, 30.5, 30.8, 31.8, 47.1, 76.6, 81.0, 82.4, 82.7, 87.0, 98.5, 103.2, 111.4, 125.3, 138.8, 148.4, 154.5, 165.8, 175.2]","['NEAR', 'NEAR', 'RAIL', 'RAIL', 'INSIDE', 'INSIDE', 'INSIDE', 'INSIDE', 'INSIDE', 'INSIDE', 'RAIL', 'INSIDE', 'INSIDE', 'INSIDE', 'OUTSIDE', 'INSIDE', 'INSIDE', 'INSIDE', 'RAIL', 'INSIDE', 'INSIDE', 'INSIDE']","[[2.62, 0.06, 1.85], [1.87, 0.12, 1.88], [0.8, 0.07, 0.28], [0.14, 0.53, 0.33], [0.63, 1.72, 0.06], [0.93, 1.22, 0.49], [0.22, 2.33, 0.02], [0.05, 1.6, 0.01], [2.59, 2.01, 0.84], [0.17, 2.12, 0.0], [0.2, 0.37, 0.9], [0.72, 4.53, 2.37], [0.03, 3.64, 0.0], [1.73, 4.15, 1.48], [0.86, 0.31, 0.92], [0.14, 3.31, 0.0], [9.85, 4.45, 1.01], [8.56, 4.33, 1.36], [0.04, 0.26, 0.22], [2.99, 4.12, 0.65], [4.29, 4.06, 0.37], [1.26, 2.13, 0.0]]","[162, 253, 271, 226, 198, 263, 205, 255, 179, 236, 215, 257, 270, 280, 284, 279, 251, 185, 196, 258, 208, 265]",16.9
468,1788358490655322387,307200,86226,26,23,193.0,"[25.0, 25.7, 28.2, 30.4, 30.5, 30.9, 30.9, 35.6, 81.0, 82.4, 83.1, 87.0, 90.4, 99.1, 103.2, 111.4, 119.2, 127.5, 138.8, 154.5, 165.8, 174.5, 193.0]","['NEAR', 'NEAR', 'RAIL', 'INSIDE', 'INSIDE', 'INSIDE', 'INSIDE', 'INSIDE', 'INSIDE', 'RAIL', 'INSIDE', 'INSIDE', 'NEAR', 'INSIDE', 'OUTSIDE', 'INSIDE', 'INSIDE', 'INSIDE', 'INSIDE', 'INSIDE', 'INSIDE', 'INSIDE', 'RAIL']","[[0.57, 0.06, 1.26], [3.83, 0.13, 1.94], [0.18, 0.58, 0.33], [0.59, 1.73, 0.06], [1.0, 1.22, 0.49], [0.22, 2.33, 0.02], [0.07, 1.81, 0.01], [0.73, 1.75, 0.05], [0.14, 1.98, 0.0], [0.23, 0.24, 0.9], [1.47, 4.44, 2.37], [0.03, 3.49, 0.0], [1.03, 0.22, 1.58], [0.4, 3.96, 0.61], [0.89, 0.36, 0.92], [0.11, 2.92, 0.0], [0.2, 3.95, 0.0], [11.25, 4.47, 1.5], [8.61, 4.21, 1.36], [3.01, 4.66, 0.65], [4.3, 4.34, 0.37], [0.01, 0.3, 0.0], [0.01, 0.67, 0.0]]","[162, 253, 226, 198, 263, 205, 255, 216, 236, 215, 257, 270, 268, 280, 284, 279, 286, 251, 185, 258, 208, 265, 262]",15.9
469,1788358490772398711,307200,86166,23,21,193.0,"[25.0, 25.6, 28.7, 30.5, 30.5, 30.6, 31.0, 38.2, 81.0, 82.4, 82.7, 87.0, 99.1, 111.4, 118.6, 126.8, 141.6, 148.4, 154.5, 165.1, 193.0]","['NEAR', 'NEAR', 'RAIL', 'INSIDE', 'INSIDE', 'INSIDE', 'INSIDE', 'INSIDE', 'INSIDE', 'RAIL', 'INSIDE', 'INSIDE', 'INSIDE', 'INSIDE', 'INSIDE', 'INSIDE', 'INSIDE', 'RAIL', 'INSIDE', 'INSIDE', 'RAIL']","[[1.44, 0.06, 1.27], [3.49, 0.13, 1.94], [0.13, 0.53, 0.33], [0.59, 1.73, 0.06], [0.33, 1.21, 0.25], [0.28, 2.41, 0.03], [0.05, 1.6, 0.01], [0.19, 0.94, 0.01], [0.15, 2.12, 0.0], [0.2, 0.23, 0.9], [0.72, 4.53, 2.37], [0.03, 3.49, 0.0], [0.38, 3.96, 1.76], [0.12, 3.11, 0.0], [1.4, 4.16, 0.02], [12.95, 4.55, 1.26], [2.83, 4.09, 0.37], [0.01, 0.26, 0.22], [2.95, 4.66, 0.65], [2.98, 4.35, 0.36], [0.1, 1.35, 0.0]]","[162, 253, 226, 198, 263, 205, 255, 216, 236, 215, 257, 270, 280, 279, 286, 251, 185, 196, 258, 208, 262]",16.7
470,1788358490852605011,307200,86223,25,23,193.0,"[25.0, 25.6, 28.2, 30.5, 30.5, 30.9, 30.9, 81.0, 82.4, 82.7, 87.0, 89.9, 99.2, 103.2, 111.7, 118.6, 125.3, 138.0, 148.4, 154.5, 165.8, 174.5, 193.0]","['NEAR', 'NEAR', 'RAIL', 'INSIDE', 'INSIDE', 'INSIDE', 'INSIDE', 'INSIDE', 'RAIL', 'INSIDE', 'INSIDE', 'NEAR', 'INSIDE', 'OUTSIDE', 'INSIDE', 'INSIDE', 'INSIDE', 'INSIDE', 'RAIL', 'INSIDE', 'INSIDE', 'INSIDE', 'RAIL']","[[0.55, 0.05, 1.26], [3.76, 0.12, 1.94], [0.12, 0.53, 0.27], [0.59, 1.73, 0.06], [0.96, 1.22, 0.49], [0.27, 2.41, 0.02], [0.06, 1.6, 0.01], [0.24, 2.4, 0.01], [0.22, 0.24, 0.9], [0.81, 4.81, 2.37], [0.03, 3.49, 0.0], [1.96, 0.22, 2.21], [0.3, 3.93, 1.27], [0.91, 0.31, 0.92], [0.6, 4.1, 0.7], [1.39, 4.16, 0.02], [9.78, 4.44, 1.26], [7.12, 4.22, 0.7], [0.02, 0.26, 0.22], [2.97, 4.66, 0.65], [4.29, 3.19, 0.37], [0.03, 0.61, 0.0], [0.11, 1.35, 0.0]]","[162, 253, 226, 198, 263, 205, 255, 236, 215, 257, 270, 268, 280, 284, 279, 286, 251, 185, 196, 258, 208, 265, 262]",17.0
471,1788358490952072878,307200,86243,24,21,165.8,"[24.8, 25.3, 29.2, 30.4, 30.5, 30.9, 31.8, 47.1, 81.1, 82.4, 82.7, 87.0, 89.9, 99.1, 103.2, 111.4, 118.6, 127.5, 138.0, 154.5, 165.8]","['NEAR', 'NEAR', 'RAIL', 'RAIL', 'INSIDE', 'INSIDE', 'INSIDE', 'NEAR', 'INSIDE', 'RAIL', 'INSIDE', 'INSIDE', 'NEAR', 'INSIDE', 'OUTSIDE', 'INSIDE', 'INSIDE', 'INSIDE', 'INSIDE', 'INSIDE', 'INSIDE']","[[2.55, 0.06, 1.85], [1.92, 0.12, 1.88], [0.8, 0.07, 0.28], [0.2, 0.53, 0.33], [0.96, 1.22, 0.49], [0.97, 2.41, 0.1], [0.05, 1.6, 0.01], [0.43, 0.89, 0.05], [0.24, 2.26, 0.01], [0.22, 0.37, 0.9], [0.76, 4.53, 2.37], [0.03, 3.49, 0.0], [2.19, 0.23, 2.2], [0.4, 3.96, 1.76], [0.93, 0.31, 0.92], [0.12, 2.92, 0.0], [1.42, 3.95, 0.02], [11.51, 4.55, 1.13], [7.1, 4.45, 0.7], [2.95, 4.66, 0.65], [4.38, 4.35, 0.37]]","[162, 253, 271, 226, 263, 205, 255, 198, 236, 215, 257, 270, 268, 280, 284, 279, 286, 251, 185, 258, 208]",15.9
472,1788358491045252083,307200,86255,24,21,165.8,"[25.3, 25.8, 28.2, 30.4, 30.5, 30.9, 30.9, 81.1, 82.4, 82.7, 87.0, 93.1, 98.5, 103.2, 111.7, 118.6, 126.8, 138.8, 148.4, 154.5, 165.8]","['NEAR', 'NEAR', 'RAIL', 'INSIDE', 'INSIDE', 'RAIL', 'INSIDE', 'INSIDE', 'RAIL', 'INSIDE', 'INSIDE', 'OUTSIDE', 'INSIDE', 'OUTSIDE', 'INSIDE', 'INSIDE', 'INSIDE', 'INSIDE', 'RAIL', 'INSIDE', 'INSIDE']","[[0.57, 0.05, 1.26], [3.8, 0.13, 1.94], [0.18, 0.57, 0.33], [0.96, 1.21, 0.49], [0.95, 2.33, 0.1], [0.4, 0.52, 0.12], [0.04, 1.81, 0.01], [0.21, 2.26, 0.01], [0.25, 0.38, 0.9], [0.75, 4.53, 2.37], [0.04, 3.64, 0.0], [0.6, 1.16, 1.44], [1.68, 3.98, 1.76], [0.87, 0.2, 0.92], [0.57, 3.71, 0.7], [1.4, 3.95, 0.02], [12.92, 4.55, 1.26], [8.55, 4.21, 0.7], [0.05, 0.26, 0.22], [2.99, 4.66, 0.65], [4.27, 4.34, 0.37]]","[162, 253, 226, 263, 205, 198, 255, 236, 215, 257, 270, 268, 280, 284, 279, 286, 251, 185, 196, 258, 208]",16.6
473,1788358491146195261,307200,86244,25,22,174.6,"[25.7, 28.2, 29.8, 30.5, 30.9, 31.9, 47.1, 81.0, 82.4, 83.1, 87.0, 93.1, 99.1, 103.4, 111.4, 118.6, 126.6, 138.8, 148.4, 154.5, 165.2, 174.6]","['NEAR', 'NEAR', 'NEAR', 'RAIL', 'RAIL', 'INSIDE', 'INSIDE', 'INSIDE', 'RAIL', 'INSIDE', 'INSIDE', 'OUTSIDE', 'INSIDE', 'OUTSIDE', 'INSIDE', 'INSIDE', 'INSIDE', 'INSIDE', 'RAIL', 'INSIDE', 'INSIDE', 'INSIDE']","[[0.56, 0.05, 1.26], [1.62, 0.07, 1.85], [1.89, 0.12, 1.88], [0.82, 0.07, 0.28], [0.12, 0.52, 0.33], [0.97, 1.22, 0.49], [0.23, 2.33, 0.02], [0.18, 2.26, 0.0], [0.23, 0.23, 0.9], [1.48, 4.53, 2.37], [0.04, 3.64, 0.0], [0.6, 0.18, 1.44], [0.33, 4.13, 1.76], [1.3, 0.36, 1.79], [0.14, 3.31, 0.0], [1.41, 3.95, 0.02], [7.26, 4.45, 0.86], [8.61, 4.21, 0.7], [0.01, 0.26, 0.22], [2.95, 4.66, 0.65], [2.96, 4.06, 0.36], [0.05, 0.3, 0.0]]","[162, 253, 263, 271, 226, 255, 205, 236, 215, 257, 270, 268, 280, 284, 279, 286, 251, 185, 196, 258, 208, 265]",14.7
474,1788358491254748976,307200,86137,24,20,175.2,"[25.0, 28.2, 30.4, 30.5, 30.9, 81.0, 82.4, 83.1, 87.0, 94.6, 98.5, 103.2, 111.4, 118.0, 127.5, 138.8, 148.4, 154.5, 165.2, 175.2]","['NEAR', 'NEAR', 'RAIL', 'INSIDE', 'INSIDE', 'INSIDE', 'RAIL', 'INSIDE', 'INSIDE', 'NEAR', 'INSIDE', 'OUTSIDE', 'INSIDE', 'OUTSIDE', 'INSIDE', 'INSIDE', 'RAIL', 'INSIDE', 'INSIDE', 'INSIDE']","[[0.53, 0.05, 1.26], [3.77, 0.13, 1.94], [0.16, 0.58, 0.33], [0.59, 1.73, 0.06], [0.32, 1.22, 0.25], [0.17, 1.98, 0.0], [0.24, 0.24, 0.9], [1.54, 4.53, 2.37], [0.03, 3.49, 0.0], [0.65, 0.17, 0.44], [1.71, 3.98, 0.82], [0.87, 0.2, 0.92], [0.18, 3.31, 0.0], [0.05, 1.65, 0.0], [11.48, 4.55, 1.13], [8.55, 4.56, 0.7], [0.01, 0.26, 0.22], [2.97, 4.66, 0.65], [2.93, 3.48, 0.36], [1.38, 0.3, 0.0]]","[162, 263, 226, 205, 255, 236, 215, 257, 270, 268, 280, 284, 279, 286, 251, 185, 196, 258, 208, 265]",18.7
475,1788358491346589535,307200,86194,23,19,165.8,"[25.0, 28.2, 30.4, 30.9, 30.9, 47.1, 81.0, 82.4, 82.7, 87.0, 89.5, 92.3, 99.1, 103.2, 111.4, 126.5, 138.8, 154.5, 165.8]","['NEAR', 'NEAR', 'RAIL', 'RAIL', 'INSIDE', 'INSIDE', 'INSIDE', 'RAIL', 'INSIDE', 'INSIDE', 'NEAR', 'INSIDE', 'INSIDE', 'OUTSIDE', 'INSIDE', 'INSIDE', 'INSIDE', 'INSIDE', 'INSIDE']","[[0.54, 0.05, 1.26], [3.79, 0.13, 1.94], [0.83, 0.07, 0.28], [0.18, 0.57, 0.34], [0.57, 1.73, 0.06], [0.99, 1.22, 0.49], [0.13, 1.98, 0.0], [0.2, 0.24, 0.9], [0.69, 4.44, 2.37], [0.03, 3.49, 0.0], [1.23, 0.18, 1.4], [2.23, 4.17, 1.44], [0.4, 3.96, 1.76], [0.88, 0.36, 0.92], [0.13, 3.11, 0.0], [7.28, 4.44, 1.13], [8.55, 4.22, 0.7], [2.96, 4.66, 0.65], [4.35, 3.77, 0.37]]","[162, 263, 271, 226, 205, 255, 236, 215, 257, 270, 288, 268, 280, 284, 279, 251, 185, 258, 208]",15.4
476,1788358491441774012,307200,86205,21,18,193.0,"[29.2, 30.9, 31.8, 81.0, 82.4, 82.7, 87.0, 89.9, 91.6, 99.1, 103.2, 105.7, 111.4, 126.6, 138.8, 154.5, 165.2, 193.0]","['NEAR', 'NEAR', 'INSIDE', 'INSIDE', 'RAIL', 'INSIDE', 'INSIDE', 'NEAR', 'INSIDE', 'INSIDE', 'OUTSIDE', 'INSIDE', 'INSIDE', 'INSIDE', 'INSIDE', 'INSIDE', 'INSIDE', 'RAIL']","[[2.55, 0.06, 1.85], [1.85, 0.12, 1.59], [0.96, 1.22, 0.49], [0.15, 2.12, 0.0], [0.25, 0.24, 0.9], [0.71, 4.53, 2.37], [0.03, 3.49, 0.0], [2.11, 0.23, 1.96], [0.06, 3.52, 0.0], [0.39, 3.96, 1.76], [0.88, 0.36, 0.92], [0.8, 3.9, 0.42], [0.14, 3.31, 0.0], [7.29, 4.45, 0.86], [8.56, 4.22, 0.7], [2.99, 4.66, 0.65], [2.98, 4.35, 0.36], [0.0, 1.01, 0.0]]","[253, 263, 255, 236, 215, 257, 270, 288, 268, 280, 284, 289, 279, 251, 185, 258, 208, 262]",18.3
477,1788358491544177664,307200,86180,23,20,165.9,"[28.2, 29.8, 30.4, 30.9, 31.9, 47.1, 81.0, 82.4, 82.8, 87.2, 91.1, 98.5, 103.2, 106.1, 111.4, 126.8, 138.1, 148.4, 154.5, 165.9]","['NEAR', 'NEAR', 'NEAR', 'RAIL', 'RAIL', 'INSIDE', 'INSIDE', 'RAIL', 'INSIDE', 'INSIDE', 'INSIDE', 'INSIDE', 'OUTSIDE', 'INSIDE', 'INSIDE', 'INSIDE', 'INSIDE', 'RAIL', 'INSIDE', 'INSIDE']","[[0.55, 0.05, 1.26], [1.61, 0.05, 1.85], [1.86, 0.12, 1.88], [0.8, 0.07, 0.28], [0.2, 0.53, 0.33], [1.0, 1.22, 0.49], [0.18, 2.26, 0.0], [0.26, 0.38, 0.9], [0.69, 4.44, 2.37], [0.52, 3.68, 0.16], [4.48, 4.19, 1.65], [1.71, 3.95, 1.76], [0.91, 0.2, 0.92], [1.67, 3.57, 0.42], [0.16, 3.31, 0.0], [12.95, 4.55, 1.26], [7.13, 4.21, 0.7], [0.01, 0.26, 0.22], [2.98, 4.66, 0.65], [4.39, 3.77, 0.37]]","[162, 253, 263, 271, 226, 255, 236, 215, 257, 270, 268, 280, 284, 289, 279, 251, 185, 196, 258, 208]",16.4
478,1788358491661212010,307200,86233,22,19,165.8,"[25.0, 29.3, 30.4, 30.9, 31.9, 81.0, 82.4, 82.7, 87.0, 90.2, 99.2, 103.2, 105.1, 111.4, 126.9, 138.8, 148.4, 154.5, 165.8]","['NEAR', 'NEAR', 'RAIL', 'INSIDE', 'INSIDE', 'INSIDE', 'RAIL', 'INSIDE', 'INSIDE', 'INSIDE', 'INSIDE', 'OUTSIDE', 'INSIDE', 'INSIDE', 'INSIDE', 'INSIDE', 'RAIL', 'INSIDE', 'INSIDE']","[[2.67, 0.05, 1.85], [1.84, 0.12, 1.59], [0.23, 0.54, 0.33], [0.6, 1.73, 0.06], [1.01, 1.22, 0.25], [0.15, 2.12, 0.0], [0.21, 0.37, 0.9], [0.77, 4.53, 2.37], [0.03, 3.49, 0.0], [2.71, 3.87, 2.24], [0.29, 3.96, 1.76], [0.87, 0.36, 0.92], [1.7, 4.05, 0.45], [0.11, 3.11, 0.0], [13.05, 4.55, 1.26], [8.59, 4.22, 0.7], [0.04, 0.26, 0.22], [2.98, 4.66, 0.65], [4.33, 3.77, 0.37]]","[253, 263, 226, 205, 255, 236, 215, 257, 270, 268, 280, 284, 289, 279, 251, 185, 196, 258, 208]",17.4
479,1788358491747273170,307200,86247,22,18,165.2,"[29.3, 30.4, 30.9, 31.8, 81.0, 82.4, 82.7, 87.0, 91.2, 98.5, 103.1, 105.2, 111.4, 125.3, 138.7, 148.4, 154.5, 165.2]","['NEAR', 'NEAR', 'RAIL', 'INSIDE', 'INSIDE', 'RAIL', 'INSIDE', 'INSIDE', 'INSIDE', 'INSIDE', 'OUTSIDE', 'INSIDE', 'INSIDE', 'INSIDE', 'INSIDE', 'RAIL', 'INSIDE', 'INSIDE']","[[2.62, 0.06, 1.85], [1.87, 0.12, 1.88], [0.19, 0.53, 0.33], [0.99, 1.22, 0.49], [0.2, 1.98, 0.0], [0.21, 0.24, 0.9], [0.68, 4.57, 2.37], [0.04, 3.49, 0.0], [4.42, 4.17, 2.27], [1.7, 3.98, 1.76], [0.78, 0.36, 0.64], [1.59, 4.05, 0.45], [0.12, 3.11, 0.0], [9.84, 4.44, 1.26], [8.51, 4.22, 0.7], [0.02, 0.26, 0.22], [3.0, 4.66, 0.65], [3.0, 4.35, 0.36]]","[253, 263, 226, 255, 236, 215, 257, 270, 268, 280, 284, 289, 279, 251, 185, 196, 258, 208]",20.0
480,1788358491858015738,307200,86239,22,18,174.5,"[30.4, 30.9, 31.0, 81.0, 82.4, 82.7, 87.0, 90.8, 98.4, 103.2, 105.7, 111.4, 126.0, 138.8, 148.4, 154.5, 165.8, 174.5]","['NEAR', 'RAIL', 'INSIDE', 'INSIDE', 'RAIL', 'INSIDE', 'INSIDE', 'INSIDE', 'INSIDE', 'OUTSIDE', 'INSIDE', 'INSIDE', 'INSIDE', 'INSIDE', 'RAIL', 'INSIDE', 'OUTSIDE', 'INSIDE']","[[3.47, 0.12, 1.94], [0.18, 0.53, 0.33], [0.98, 1.21, 0.49], [0.13, 1.98, 0.0], [0.15, 0.14, 0.69], [0.72, 4.53, 2.37], [0.03, 3.64, 0.0], [1.68, 4.2, 1.87], [1.75, 4.15, 1.48], [0.9, 0.2, 0.92], [0.71, 4.24, 0.85], [0.13, 3.31, 0.0], [8.5, 4.45, 1.13], [8.54, 4.22, 0.7], [0.03, 0.26, 0.22], [2.97, 4.66, 0.65], [4.27, 2.31, 0.37], [0.03, 0.91, 0.0]]","[263, 226, 255, 236, 215, 257, 270, 268, 280, 284, 289, 279, 251, 185, 196, 258, 208, 265]",19.3
481,1788358491953655887,307200,86205,25,21,193.0,"[25.0, 28.2, 29.9, 30.5, 30.9, 31.9, 81.0, 82.4, 82.7, 87.0, 90.2, 98.5, 103.2, 105.3, 111.4, 126.6, 138.1, 148.4, 154.5, 165.2, 193.0]","['NEAR', 'NEAR', 'NEAR', 'RAIL', 'INSIDE', 'INSIDE', 'INSIDE', 'RAIL', 'INSIDE', 'INSIDE', 'INSIDE', 'INSIDE', 'OUTSIDE', 'INSIDE', 'INSIDE', 'INSIDE', 'INSIDE', 'RAIL', 'INSIDE', 'INSIDE', 'RAIL']","[[0.56, 0.05, 1.26], [1.22, 0.05, 1.85], [1.85, 0.12, 1.88], [0.12, 0.52, 0.33], [0.65, 1.72, 0.07], [1.02, 1.22, 0.49], [0.22, 1.98, 0.01], [0.25, 0.23, 0.9], [0.72, 4.53, 2.37], [0.02, 3.49, 0.0], [2.67, 4.2, 2.24], [1.73, 3.98, 1.76], [0.89, 0.2, 0.92], [1.83, 4.24, 0.85], [0.11, 3.31, 0.0], [7.28, 4.44, 1.13], [7.14, 4.22, 0.7], [0.03, 0.26, 0.22], [2.96, 4.66, 0.65], [2.99, 4.06, 0.36], [0.06, 1.01, 0.0]]","[162, 253, 263, 226, 205, 255, 236, 215, 257, 270, 268, 280, 284, 289, 279, 251, 185, 196, 258, 208, 262]",18.3
482,1788358492052480969,307200,86214,25,22,193.0,"[25.0, 27.2, 29.8, 30.4, 30.6, 31.8, 47.1, 81.0, 82.4, 83.3, 87.0, 91.7, 98.4, 103.2, 105.4, 111.4, 126.5, 138.7, 148.4, 154.0, 165.8, 193.0]","['NEAR', 'NEAR', 'NEAR', 'RAIL', 'RAIL', 'INSIDE', 'INSIDE', 'INSIDE', 'RAIL', 'INSIDE', 'INSIDE', 'INSIDE', 'INSIDE', 'OUTSIDE', 'INSIDE', 'INSIDE', 'INSIDE', 'INSIDE', 'RAIL', 'INSIDE', 'INSIDE', 'RAIL']","[[2.67, 0.07, 1.86], [1.6, 0.05, 1.85], [1.85, 0.12, 1.89], [0.82, 0.07, 0.28], [0.18, 0.58, 0.33], [0.61, 1.73, 0.06], [0.38, 1.22, 0.24], [0.14, 2.12, 0.0], [0.2, 0.23, 0.9], [1.78, 4.42, 2.37], [0.04, 3.49, 0.0], [3.44, 4.2, 1.64], [1.83, 4.16, 1.76], [0.87, 0.2, 0.92], [1.38, 4.28, 0.66], [0.12, 2.92, 0.0], [7.26, 4.45, 0.86], [8.53, 4.33, 0.7], [0.02, 0.26, 0.22], [1.87, 4.66, 0.64], [4.39, 3.48, 0.37], [0.07, 1.35, 0.0]]","[162, 253, 263, 271, 226, 205, 255, 236, 215, 257, 270, 268, 280, 284, 289, 279, 251, 185, 196, 258, 208, 262]",22.7
483,1788358492155764774,307200,86231,21,18,165.8,"[24.9, 30.4, 30.4, 30.5, 81.0, 82.4, 82.7, 87.0, 91.1, 98.5, 103.2, 105.2, 111.4, 125.3, 138.8, 148.4, 154.5, 165.8]","['NEAR', 'RAIL', 'INSIDE', 'INSIDE', 'INSIDE', 'RAIL', 'INSIDE', 'INSIDE', 'INSIDE', 'INSIDE', 'OUTSIDE', 'INSIDE', 'INSIDE', 'INSIDE', 'INSIDE', 'RAIL', 'INSIDE', 'INSIDE']","[[4.84, 0.12, 1.94], [0.21, 0.53, 0.33], [0.82, 1.73, 0.09], [0.25, 1.21, 0.25], [0.16, 2.12, 0.0], [0.25, 0.23, 0.9], [0.74, 4.53, 2.37], [0.04, 3.64, 0.0], [4.48, 4.17, 2.27], [1.71, 4.17, 1.76], [0.9, 0.31, 0.92], [1.81, 4.28, 0.85], [0.11, 3.11, 0.0], [9.71, 4.44, 1.27], [8.55, 4.45, 0.7], [0.04, 0.26, 0.22], [3.01, 4.66, 0.65], [4.31, 4.06, 0.37]]","[253, 226, 205, 255, 236, 215, 257, 270, 268, 280, 284, 289, 279, 251, 185, 196, 258, 208]",23.0
484,1788358492243040079,307200,86253,22,20,193.0,"[28.7, 30.4, 30.5, 30.8, 31.0, 81.0, 82.4, 82.7, 87.0, 91.1, 99.1, 103.2, 105.2, 111.4, 125.3, 138.8, 148.4, 154.5, 165.9, 193.0]","['NEAR', 'NEAR', 'RAIL', 'INSIDE', 'INSIDE', 'INSIDE', 'RAIL', 'INSIDE', 'INSIDE', 'INSIDE', 'INSIDE', 'OUTSIDE', 'INSIDE', 'INSIDE', 'INSIDE', 'INSIDE', 'RAIL', 'INSIDE', 'INSIDE', 'RAIL']","[[1.45, 0.05, 1.27], [3.46, 0.12, 1.94], [0.19, 0.58, 0.33], [0.89, 1.22, 0.49], [0.05, 1.6, 0.01], [0.17, 2.26, 0.0], [0.22, 0.37, 0.9], [0.78, 4.52, 2.37], [0.02, 3.49, 0.0], [4.6, 4.2, 2.27], [0.44, 4.13, 1.76], [0.9, 0.2, 0.92], [0.81, 4.24, 0.66], [0.16, 3.31, 0.0], [9.76, 4.45, 0.99], [8.58, 4.22, 1.36], [0.03, 0.26, 0.22], [2.98, 4.66, 0.65], [4.35, 4.06, 0.37], [0.04, 0.67, 0.0]]","[162, 253, 226, 255, 287, 236, 215, 257, 270, 268, 280, 284, 289, 279, 251, 185, 196, 258, 208, 262]",22.5
485,1788358492349849642,307200,86256,22,20,193.0,"[25.0, 30.4, 30.4, 30.9, 47.1, 81.0, 82.4, 82.7, 87.0, 91.1, 99.1, 103.4, 105.3, 111.4, 125.2, 138.8, 148.4, 154.5, 165.8, 193.0]","['NEAR', 'RAIL', 'RAIL', 'INSIDE', 'INSIDE', 'INSIDE', 'RAIL', 'INSIDE', 'INSIDE', 'INSIDE', 'INSIDE', 'OUTSIDE', 'INSIDE', 'INSIDE', 'INSIDE', 'INSIDE', 'RAIL', 'INSIDE', 'OUTSIDE', 'RAIL']","[[4.85, 0.13, 2.09], [0.82, 0.1, 0.28], [0.19, 0.53, 0.33], [0.57, 1.73, 0.06], [0.92, 1.22, 0.49], [0.1, 1.98, 0.0], [0.26, 0.37, 0.9], [0.8, 4.67, 2.37], [0.03, 3.49, 0.0], [4.53, 4.19, 1.65], [0.39, 4.14, 1.76], [1.31, 0.22, 1.79], [1.84, 4.05, 0.45], [0.1, 3.31, 0.0], [9.85, 4.44, 1.26], [8.57, 4.21, 1.36], [0.03, 0.26, 0.22], [2.99, 4.66, 0.65], [4.34, 2.02, 0.37], [0.09, 1.01, 0.0]]","[253, 271, 226, 205, 255, 236, 215, 257, 270, 268, 280, 284, 289, 279, 251, 185, 196, 258, 208, 262]",30.6
486,1788358492454021350,307200,86244,22,18,174.5,"[25.2, 30.4, 30.5, 30.5, 81.0, 82.4, 83.3, 87.0, 91.1, 99.1, 103.2, 104.9, 111.4, 127.5, 138.7, 154.5, 165.2, 174.5]","['NEAR', 'RAIL', 'INSIDE', 'INSIDE', 'INSIDE', 'RAIL', 'INSIDE', 'INSIDE', 'INSIDE', 'INSIDE', 'OUTSIDE', 'INSIDE', 'INSIDE', 'INSIDE', 'INSIDE', 'INSIDE', 'INSIDE', 'INSIDE']","[[4.82, 0.12, 1.94], [0.12, 0.53, 0.33], [0.26, 1.21, 0.25], [0.8, 1.07, 0.08], [0.16, 2.12, 0.0], [0.24, 0.38, 0.9], [1.94, 4.53, 2.37], [0.02, 3.49, 0.0], [4.48, 4.19, 2.27], [0.43, 4.14, 1.76], [0.88, 0.31, 0.92], [1.29, 4.25, 0.86], [0.11, 3.11, 0.0], [11.36, 4.47, 1.5], [8.54, 4.22, 0.7], [2.97, 4.66, 0.65], [2.96, 3.77, 0.36], [0.08, 0.91, 0.0]]","[253, 226, 255, 205, 236, 215, 257, 270, 268, 280, 284, 289, 279, 251, 185, 258, 208, 265]",32.3
487,1788358492549677326,307200,86214,21,20,165.8,"[28.2, 29.9, 30.5, 30.5, 30.9, 31.9, 81.1, 82.4, 82.7, 87.0, 91.2, 98.6, 103.2, 105.7, 111.5, 126.0, 138.7, 148.4, 154.5, 165.8]","['NEAR', 'NEAR', 'NEAR', 'RAIL', 'INSIDE', 'INSIDE', 'INSIDE', 'RAIL', 'INSIDE', 'INSIDE', 'INSIDE', 'INSIDE', 'OUTSIDE', 'INSIDE', 'INSIDE', 'INSIDE', 'INSIDE', 'RAIL', 'INSIDE', 'INSIDE']","[[0.53, 0.05, 1.26], [1.23, 0.06, 1.85], [1.89, 0.12, 1.89], [0.11, 0.53, 0.33], [0.97, 1.22, 0.49], [0.04, 1.6, 0.01], [0.2, 2.12, 0.0], [0.23, 0.38, 0.9], [0.71, 4.43, 2.37], [0.03, 3.49, 0.0], [4.45, 4.19, 2.27], [1.45, 4.13, 1.76], [0.91, 0.31, 0.92], [0.75, 3.9, 0.42], [0.17, 3.31, 0.0], [8.4, 4.43, 1.13], [8.52, 4.32, 0.7], [0.02, 0.26, 0.22], [2.96, 4.66, 0.65], [4.3, 4.35, 0.37]]","[162, 253, 263, 226, 255, 287, 236, 215, 257, 270, 268, 280, 284, 289, 279, 251, 185, 196, 258, 208]",26.8
488,1788358492654849497,307200,86193,26,21,165.8,"[25.0, 28.2, 30.4, 30.5, 30.8, 30.9, 47.1, 81.1, 82.4, 83.1, 87.0, 90.5, 98.5, 103.2, 105.7, 107.1, 125.3, 138.8, 148.4, 154.6, 165.8]","['NEAR', 'NEAR', 'RAIL', 'RAIL', 'INSIDE', 'INSIDE', 'INSIDE', 'INSIDE', 'RAIL', 'INSIDE', 'INSIDE', 'NEAR', 'INSIDE', 'OUTSIDE', 'INSIDE', 'INSIDE', 'INSIDE', 'INSIDE', 'RAIL', 'INSIDE', 'INSIDE']","[[0.55, 0.05, 1.26], [3.77, 0.13, 1.94], [0.82, 0.07, 0.28], [0.2, 0.53, 0.33], [0.6, 1.73, 0.06], [0.9, 1.22, 0.49], [0.06, 1.6, 0.0], [0.19, 2.12, 0.0], [0.22, 0.23, 0.9], [1.47, 4.71, 2.37], [0.04, 3.64, 0.0], [1.14, 0.22, 2.2], [1.69, 3.98, 1.76], [0.93, 0.2, 0.92], [0.74, 3.9, 0.42], [0.09, 0.75, 0.0], [9.86, 4.45, 1.26], [8.63, 3.96, 0.7], [0.03, 0.26, 0.22], [3.01, 4.63, 0.65], [4.34, 3.48, 0.37]]","[162, 263, 271, 226, 205, 255, 287, 236, 215, 257, 270, 268, 280, 284, 289, 279, 251, 185, 196, 258, 208]",22.8
489,1788358492764146176,307200,86232,25,20,193.0,"[25.0, 30.4, 30.4, 30.9, 35.5, 81.0, 82.4, 82.7, 87.0, 89.9, 94.6, 98.6, 103.2, 105.5, 127.5, 138.8, 148.4, 154.5, 165.9, 193.0]","['NEAR', 'RAIL', 'INSIDE', 'INSIDE', 'INSIDE', 'INSIDE', 'RAIL', 'INSIDE', 'INSIDE', 'NEAR', 'NEAR', 'INSIDE', 'OUTSIDE', 'INSIDE', 'INSIDE', 'INSIDE', 'RAIL', 'INSIDE', 'INSIDE', 'RAIL']","[[4.84, 0.13, 1.94], [0.22, 0.53, 0.33], [0.59, 1.73, 0.06], [0.98, 1.22, 0.49], [0.71, 1.75, 0.05], [0.18, 1.98, 0.0], [0.25, 0.32, 0.9], [0.69, 4.77, 2.37], [0.04, 3.49, 0.0], [2.12, 0.23, 1.84], [0.65, 0.17, 0.44], [1.48, 4.13, 1.76], [0.9, 0.2, 0.92], [0.49, 4.02, 0.85], [11.42, 4.56, 1.13], [8.55, 4.33, 0.7], [0.03, 0.26, 0.22], [3.03, 4.66, 0.65], [4.37, 4.35, 0.37], [0.02, 1.35, 0.0]]","[253, 226, 205, 255, 287, 236, 215, 257, 270, 268, 280, 284, 289, 279, 251, 185, 196, 258, 208, 262]",23.0
490,1788358492851948195,307200,86239,23,19,174.5,"[30.5, 30.5, 30.9, 31.8, 47.1, 81.1, 82.4, 82.7, 87.0, 89.9, 98.2, 103.2, 105.2, 128.1, 138.8, 148.4, 154.5, 165.2, 174.5]","['NEAR', 'RAIL', 'RAIL', 'INSIDE', 'INSIDE', 'INSIDE', 'RAIL', 'INSIDE', 'INSIDE', 'NEAR', 'INSIDE', 'OUTSIDE', 'INSIDE', 'INSIDE', 'INSIDE', 'RAIL', 'INSIDE', 'INSIDE', 'INSIDE']","[[1.86, 0.12, 1.88], [0.8, 0.1, 0.28], [0.13, 0.53, 0.33], [0.98, 1.21, 0.49], [0.06, 1.81, 0.01], [0.19, 2.26, 0.0], [0.25, 0.38, 0.9], [0.7, 4.44, 2.37], [0.03, 3.64, 0.0], [2.11, 0.23, 1.59], [2.33, 4.13, 1.48], [0.86, 0.2, 0.92], [1.8, 4.05, 0.45], [10.27, 4.55, 1.13], [8.53, 4.22, 0.7], [0.05, 0.26, 0.22], [2.97, 4.66, 0.65], [2.95, 4.06, 0.36], [0.04, 0.61, 0.0]]","[263, 271, 226, 255, 253, 236, 215, 257, 270, 268, 284, 289, 279, 251, 185, 196, 258, 208, 265]",19.0
491,1788358492940095937,307200,86193,24,21,174.5,"[25.0, 25.6, 28.2, 29.7, 30.4, 30.5, 30.6, 31.8, 81.0, 82.4, 82.7, 87.0, 98.2, 103.2, 105.7, 126.7, 138.8, 148.4, 154.5, 165.9, 174.5]","['NEAR', 'NEAR', 'NEAR', 'RAIL', 'INSIDE', 'INSIDE', 'INSIDE', 'INSIDE', 'INSIDE', 'RAIL', 'INSIDE', 'INSIDE', 'INSIDE', 'OUTSIDE', 'INSIDE', 'INSIDE', 'INSIDE', 'RAIL', 'INSIDE', 'INSIDE', 'INSIDE']","[[0.57, 0.05, 1.26], [1.51, 0.05, 1.85], [1.87, 0.12, 1.89], [0.21, 0.53, 0.33], [0.59, 1.73, 0.06], [0.33, 1.22, 0.25], [0.27, 2.41, 0.02], [0.04, 1.6, 0.01], [0.12, 1.98, 0.0], [0.21, 0.23, 0.9], [0.76, 4.53, 2.37], [0.04, 3.49, 0.0], [2.3, 4.13, 1.48], [0.91, 0.2, 0.92], [0.77, 3.9, 0.42], [12.84, 4.55, 1.26], [8.56, 4.33, 0.7], [0.02, 0.26, 0.22], [3.04, 4.66, 0.65], [4.37, 4.35, 0.37], [0.01, 0.3, 0.0]]","[162, 263, 255, 226, 205, 253, 291, 287, 236, 215, 257, 270, 284, 289, 279, 251, 185, 196, 258, 208, 265]",21.7
492,1788358493047679740,307200,86249,25,22,193.0,"[25.0, 25.6, 29.3, 30.5, 30.9, 31.9, 81.0, 82.4, 82.7, 87.0, 90.4, 94.6, 99.1, 103.2, 105.2, 126.9, 138.8, 148.4, 154.5, 165.8, 174.6, 193.0]","['NEAR', 'NEAR', 'RAIL', 'INSIDE', 'INSIDE', 'INSIDE', 'INSIDE', 'RAIL', 'INSIDE', 'INSIDE', 'NEAR', 'NEAR', 'INSIDE', 'OUTSIDE', 'INSIDE', 'INSIDE', 'INSIDE', 'RAIL', 'INSIDE', 'INSIDE', 'INSIDE', 'RAIL']","[[2.64, 0.07, 1.85], [1.84, 0.12, 1.88], [0.12, 0.53, 0.33], [0.48, 1.73, 0.05], [0.96, 1.22, 0.49], [0.25, 2.41, 0.02], [0.18, 2.4, 0.0], [0.2, 0.37, 0.9], [0.65, 4.45, 2.37], [0.03, 3.49, 0.0], [1.08, 0.18, 2.2], [0.7, 0.16, 0.44], [0.38, 4.13, 1.48], [0.85, 0.36, 0.92], [1.7, 4.28, 0.66], [12.93, 4.55, 1.26], [8.6, 4.22, 0.7], [0.05, 0.26, 0.22], [2.97, 4.66, 0.65], [4.27, 4.35, 0.37], [0.07, 0.61, 0.0], [0.08, 1.01, 0.0]]","[263, 255, 226, 205, 253, 291, 236, 215, 257, 270, 268, 280, 284, 289, 279, 251, 185, 196, 258, 208, 265, 262]",17.0
493,1788358493141027327,307200,86225,24,19,165.8,"[25.0, 25.6, 28.2, 30.5, 30.5, 30.9, 30.9, 81.0, 82.4, 82.7, 87.0, 98.5, 103.2, 105.1, 126.0, 138.8, 148.4, 154.5, 165.8]","['NEAR', 'NEAR', 'RAIL', 'INSIDE', 'INSIDE', 'INSIDE', 'INSIDE', 'INSIDE', 'RAIL', 'INSIDE', 'INSIDE', 'INSIDE', 'OUTSIDE', 'INSIDE', 'INSIDE', 'INSIDE', 'RAIL', 'INSIDE', 'INSIDE']","[[0.55, 0.05, 1.26], [3.79, 0.13, 1.95], [0.1, 0.53, 0.33], [0.62, 1.72, 0.06], [0.96, 1.22, 0.49], [0.27, 2.41, 0.02], [0.04, 1.6, 0.01], [0.21, 2.26, 0.01], [0.26, 0.51, 0.9], [0.77, 4.53, 2.37], [0.03, 3.64, 0.0], [1.77, 3.97, 1.76], [0.89, 0.2, 0.92], [1.74, 4.28, 0.66], [8.42, 4.47, 0.87], [8.57, 4.22, 1.36], [0.01, 0.26, 0.22], [2.95, 4.66, 0.65], [4.34, 4.35, 0.37]]","[162, 255, 226, 205, 253, 291, 287, 236, 215, 257, 270, 284, 289, 279, 251, 185, 196, 258, 208]",16.9
494,1788358493247251713,307200,86252,23,20,165.1,"[25.0, 25.7, 30.4, 30.5, 30.5, 30.9, 47.1, 81.0, 82.4, 82.7, 87.0, 89.9, 99.2, 103.3, 105.2, 125.3, 138.7, 148.4, 154.6, 165.1]","['NEAR', 'RAIL', 'RAIL', 'INSIDE', 'INSIDE', 'INSIDE', 'INSIDE', 'INSIDE', 'RAIL', 'INSIDE', 'INSIDE', 'NEAR', 'INSIDE', 'OUTSIDE', 'INSIDE', 'INSIDE', 'INSIDE', 'RAIL', 'INSIDE', 'INSIDE']","[[4.83, 0.12, 1.94], [0.8, 0.07, 0.28], [0.13, 0.52, 0.33], [0.6, 1.73, 0.06], [0.99, 1.22, 0.49], [0.23, 2.33, 0.02], [0.06, 1.6, 0.01], [0.17, 2.12, 0.0], [0.2, 0.24, 0.9], [0.75, 4.67, 2.37], [0.03, 3.49, 0.0], [2.1, 0.19, 1.58], [0.29, 3.94, 1.76], [1.15, 0.36, 1.79], [1.77, 4.28, 0.66], [9.88, 4.44, 1.26], [8.52, 4.45, 0.7], [0.03, 0.26, 0.22], [3.01, 4.66, 0.65], [2.94, 4.06, 0.36]]","[255, 271, 226, 205, 253, 291, 287, 236, 215, 257, 270, 268, 284, 289, 279, 251, 185, 196, 258, 208]",23.1
495,1788358493351854234,307200,86208,24,22,193.0,"[25.0, 25.7, 28.2, 30.5, 30.5, 30.9, 30.9, 81.0, 82.4, 82.7, 87.0, 90.7, 93.1, 93.8, 99.2, 103.2, 105.0, 148.4, 154.5, 165.1, 174.5, 193.0]","['NEAR', 'NEAR', 'RAIL', 'INSIDE', 'INSIDE', 'INSIDE', 'INSIDE', 'INSIDE', 'RAIL', 'INSIDE', 'INSIDE', 'INSIDE', 'OUTSIDE', 'NEAR', 'INSIDE', 'OUTSIDE', 'INSIDE', 'RAIL', 'INSIDE', 'INSIDE', 'INSIDE', 'RAIL']","[[0.59, 0.05, 1.26], [3.82, 0.12, 1.94], [0.13, 0.52, 0.33], [0.6, 1.73, 0.06], [0.99, 1.22, 0.49], [0.26, 2.42, 0.02], [0.04, 1.6, 0.01], [0.18, 2.26, 0.0], [0.24, 0.38, 0.9], [0.75, 4.67, 2.37], [0.04, 3.49, 0.0], [1.69, 3.87, 2.24], [0.62, 1.16, 1.44], [1.91, 0.11, 1.23], [0.28, 3.93, 1.76], [0.88, 0.36, 0.92], [1.33, 4.01, 0.45], [0.04, 0.26, 0.22], [3.0, 4.66, 0.65], [2.95, 4.06, 0.36], [0.1, 1.22, 0.0], [0.1, 1.35, 0.0]]","[162, 255, 226, 205, 253, 291, 287, 236, 215, 257, 270, 293, 280, 268, 284, 289, 279, 196, 258, 208, 265, 262]",24.2
496,1788358493457059715,307200,86340,19,17,165.9,"[30.4, 30.5, 30.5, 30.9, 81.1, 82.4, 82.8, 87.0, 91.1, 99.1, 103.4, 105.0, 126.8, 138.8, 148.4, 154.5, 165.9]","['NEAR', 'RAIL', 'INSIDE', 'INSIDE', 'INSIDE', 'RAIL', 'INSIDE', 'INSIDE', 'INSIDE', 'INSIDE', 'OUTSIDE', 'INSIDE', 'INSIDE', 'INSIDE', 'RAIL', 'INSIDE', 'INSIDE']","[[4.82, 0.13, 1.94], [0.14, 0.52, 0.33], [1.01, 1.22, 0.49], [0.06, 1.6, 0.01], [0.25, 2.12, 0.01], [0.22, 0.37, 0.9], [0.69, 4.59, 2.37], [0.04, 3.49, 0.0], [4.47, 4.2, 1.9], [0.43, 4.13, 1.76], [1.33, 0.22, 1.79], [1.23, 4.01, 0.45], [12.95, 4.55, 1.26], [8.53, 4.22, 0.7], [0.03, 0.26, 0.22], [2.99, 4.66, 0.65], [4.37, 4.35, 0.37]]","[255, 226, 253, 287, 236, 215, 257, 270, 293, 284, 289, 279, 251, 185, 196, 258, 208]",18.6
497,1788358493548002139,307200,86283,22,20,193.0,"[25.3, 28.2, 30.5, 30.5, 30.9, 30.9, 81.0, 82.4, 83.1, 87.0, 91.1, 99.2, 103.2, 105.6, 125.2, 138.8, 148.4, 154.5, 165.2, 193.0]","['NEAR', 'NEAR', 'RAIL', 'INSIDE', 'INSIDE', 'INSIDE', 'INSIDE', 'RAIL', 'INSIDE', 'INSIDE', 'INSIDE', 'INSIDE', 'OUTSIDE', 'INSIDE', 'INSIDE', 'INSIDE', 'RAIL', 'INSIDE', 'INSIDE', 'RAIL']","[[0.55, 0.05, 1.26], [3.82, 0.13, 1.94], [0.13, 0.53, 0.33], [1.0, 1.22, 0.49], [0.96, 2.33, 0.1], [0.05, 1.6, 0.01], [0.18, 2.12, 0.0], [0.18, 0.19, 0.9], [1.55, 4.53, 2.37], [0.02, 3.64, 0.0], [4.51, 4.19, 2.24], [0.34, 3.96, 1.76], [0.9, 0.2, 0.92], [0.74, 3.9, 0.43], [9.9, 4.45, 1.26], [8.57, 4.33, 0.7], [0.02, 0.26, 0.22], [2.99, 4.66, 0.65], [3.0, 4.06, 0.36], [0.08, 1.01, 0.0]]","[162, 255, 226, 253, 291, 287, 236, 215, 257, 270, 293, 284, 289, 279, 251, 185, 196, 258, 208, 262]",20.7
498,1788358493640859708,307200,86243,26,24,193.0,"[25.2, 25.7, 28.2, 30.5, 30.5, 30.5, 30.9, 47.1, 81.0, 82.4, 83.1, 87.0, 91.6, 94.6, 98.2, 103.2, 105.6, 127.6, 138.8, 148.4, 154.5, 165.9, 174.5, 193.0]","['NEAR', 'NEAR', 'RAIL', 'RAIL', 'INSIDE', 'INSIDE', 'INSIDE', 'INSIDE', 'INSIDE', 'RAIL', 'INSIDE', 'INSIDE', 'INSIDE', 'NEAR', 'INSIDE', 'OUTSIDE', 'INSIDE', 'INSIDE', 'INSIDE', 'RAIL', 'INSIDE', 'INSIDE', 'INSIDE', 'RAIL']","[[0.52, 0.05, 1.26], [3.77, 0.13, 1.94], [0.81, 0.07, 0.28], [0.12, 0.53, 0.33], [0.86, 1.73, 0.08], [0.27, 1.21, 0.25], [0.11, 1.26, 0.01], [0.06, 1.6, 0.01], [0.17, 2.12, 0.0], [0.26, 0.38, 0.9], [1.46, 4.48, 2.37], [0.02, 3.49, 0.0], [3.44, 4.2, 2.24], [0.71, 0.16, 1.03], [2.33, 4.13, 1.76], [0.88, 0.2, 0.92], [2.61, 4.28, 0.85], [11.53, 4.55, 1.5], [8.57, 4.56, 1.36], [0.05, 0.26, 0.22], [3.0, 4.66, 0.65], [4.36, 4.34, 0.37], [0.02, 0.3, 0.0], [0.06, 1.35, 0.0]]","[162, 255, 271, 226, 205, 253, 291, 287, 236, 215, 257, 270, 293, 268, 284, 289, 279, 251, 185, 196, 258, 208, 265, 262]",18.3
499,1788358493746352751,307200,86211,21,19,177.6,"[28.2, 30.5, 30.5, 30.9, 30.9, 81.0, 82.4, 82.7, 87.0, 91.6, 98.2, 103.1, 104.9, 127.5, 138.8, 148.4, 154.5, 165.8, 177.6]","['NEAR', 'NEAR', 'RAIL', 'INSIDE', 'INSIDE', 'INSIDE', 'RAIL', 'INSIDE', 'INSIDE', 'INSIDE', 'INSIDE', 'OUTSIDE', 'INSIDE', 'INSIDE', 'INSIDE', 'RAIL', 'INSIDE', 'INSIDE', 'RAIL']","[[0.55, 0.05, 1.26], [3.77, 0.12, 1.94], [0.12, 0.52, 0.33], [1.0, 1.22, 0.49], [0.07, 1.81, 0.01], [0.11, 1.98, 0.0], [0.27, 0.37, 0.9], [0.64, 4.43, 2.37], [0.04, 3.64, 0.0], [3.5, 4.2, 2.27], [2.28, 4.17, 1.76], [0.86, 0.31, 0.92], [1.33, 4.24, 0.66], [11.44, 4.55, 1.13], [8.55, 4.47, 0.7], [0.03, 0.26, 0.22], [2.99, 4.66, 0.65], [4.29, 3.77, 0.37], [3.37, 1.36, 0.77]]","[162, 255, 226, 253, 287, 236, 215, 257, 270, 293, 284, 289, 279, 251, 185, 196, 258, 208, 265]",17.2
500,1788358493849866063,307200,86224,20,19,174.5,"[30.4, 30.4, 30.5, 30.9, 81.1, 82.4, 82.7, 86.3, 89.9, 92.1, 94.6, 98.5, 103.2, 105.6, 118.6, 148.4, 154.5, 165.1, 174.5]","['NEAR', 'RAIL', 'INSIDE', 'INSIDE', 'INSIDE', 'RAIL', 'INSIDE', 'INSIDE', 'NEAR', 'INSIDE', 'NEAR', 'INSIDE', 'OUTSIDE', 'INSIDE', 'INSIDE', 'RAIL', 'INSIDE', 'INSIDE', 'INSIDE']","[[4.83, 0.13, 1.94], [0.2, 0.53, 0.27], [0.95, 1.22, 0.49], [0.04, 1.6, 0.01], [0.24, 2.26, 0.01], [0.23, 0.51, 0.9], [0.66, 4.44, 2.37], [1.38, 3.77, 0.41], [2.03, 0.22, 2.2], [2.45, 3.84, 1.44], [0.73, 0.16, 0.44], [1.75, 4.15, 1.48], [0.92, 0.36, 0.92], [0.66, 3.9, 0.43], [1.4, 4.16, 0.02], [0.02, 0.26, 0.22], [3.0, 4.66, 0.65], [2.99, 3.77, 0.36], [0.08, 0.91, 0.0]]","[255, 226, 253, 287, 236, 215, 257, 270, 293, 280, 268, 284, 289, 279, 295, 196, 258, 208, 265]",18.2
501,1788358493937171460,307200,86234,23,22,193.0,"[25.0, 25.7, 30.5, 30.9, 47.1, 81.0, 82.4, 82.7, 86.4, 90.2, 92.2, 98.5, 103.4, 105.2, 119.2, 125.2, 138.8, 148.4, 154.5, 165.1, 177.5, 193.0]","['RAIL', 'RAIL', 'INSIDE', 'INSIDE', 'INSIDE', 'INSIDE', 'RAIL', 'INSIDE', 'INSIDE', 'NEAR', 'INSIDE', 'INSIDE', 'OUTSIDE', 'INSIDE', 'INSIDE', 'INSIDE', 'INSIDE', 'RAIL', 'INSIDE', 'INSIDE', 'RAIL', 'RAIL']","[[0.81, 0.07, 0.28], [0.14, 0.53, 0.27], [0.59, 1.73, 0.06], [0.96, 1.22, 0.49], [0.23, 2.33, 0.02], [0.16, 1.98, 0.0], [0.22, 0.23, 0.9], [0.68, 4.59, 2.37], [1.21, 3.77, 0.03], [0.62, 0.22, 2.21], [2.44, 3.84, 1.44], [1.71, 3.94, 1.76], [1.44, 0.36, 1.79], [1.73, 4.28, 0.85], [0.19, 3.95, 0.0], [9.84, 4.44, 1.26], [8.6, 4.22, 0.7], [0.01, 0.26, 0.22], [3.03, 4.66, 0.65], [2.96, 3.19, 0.36], [3.41, 1.36, 0.77], [0.08, 0.67, 0.0]]","[271, 226, 205, 253, 291, 236, 215, 257, 270, 293, 280, 284, 289, 279, 295, 251, 185, 196, 258, 208, 265, 262]",17.8
502,1788358494047209707,307200,86249,22,21,165.2,"[25.0, 25.6, 30.4, 30.4, 30.9, 47.1, 81.0, 82.4, 82.7, 87.0, 91.2, 98.5, 103.2, 105.3, 111.4, 118.6, 126.8, 138.8, 148.4, 154.5, 165.2]","['NEAR', 'RAIL', 'RAIL', 'INSIDE', 'INSIDE', 'INSIDE', 'INSIDE', 'RAIL', 'INSIDE', 'INSIDE', 'INSIDE', 'INSIDE', 'OUTSIDE', 'INSIDE', 'INSIDE', 'INSIDE', 'INSIDE', 'INSIDE', 'RAIL', 'INSIDE', 'INSIDE']","[[4.82, 0.13, 1.94], [0.83, 0.1, 0.28], [0.21, 0.53, 0.33], [0.57, 1.73, 0.06], [1.0, 1.22, 0.49], [0.27, 2.41, 0.02], [0.23, 2.26, 0.01], [0.2, 0.37, 0.9], [0.77, 4.44, 2.37], [0.03, 3.49, 0.0], [4.37, 4.19, 1.46], [1.7, 4.17, 1.27], [0.89, 0.36, 0.92], [2.03, 4.29, 1.35], [0.12, 2.92, 0.0], [1.43, 4.16, 0.02], [12.83, 4.55, 1.26], [8.6, 4.22, 0.7], [0.01, 0.26, 0.22], [2.98, 4.66, 0.65], [2.99, 4.34, 0.36]]","[255, 271, 226, 205, 253, 291, 236, 215, 257, 270, 280, 284, 289, 279, 296, 295, 251, 185, 196, 258, 208]",17.1
503,1788358494146380061,307200,86274,20,20,165.9,"[25.7, 30.4, 30.4, 30.5, 30.8, 81.0, 82.4, 82.7, 87.0, 91.6, 99.1, 103.2, 105.2, 111.4, 118.6, 127.5, 138.8, 148.4, 154.5, 165.9]","['NEAR', 'RAIL', 'INSIDE', 'INSIDE', 'INSIDE', 'INSIDE', 'RAIL', 'INSIDE', 'INSIDE', 'INSIDE', 'INSIDE', 'OUTSIDE', 'INSIDE', 'INSIDE', 'INSIDE', 'INSIDE', 'INSIDE', 'RAIL', 'INSIDE', 'INSIDE']","[[4.87, 0.12, 1.94], [0.16, 0.58, 0.33], [0.95, 1.22, 0.24], [0.23, 2.33, 0.02], [0.04, 1.6, 0.0], [0.14, 2.26, 0.0], [0.24, 0.37, 0.9], [0.74, 4.53, 2.37], [0.03, 3.64, 0.0], [3.5, 4.2, 2.27], [0.4, 4.13, 1.76], [0.87, 0.2, 0.92], [1.67, 4.05, 0.45], [0.11, 3.11, 0.0], [1.42, 4.16, 0.02], [11.45, 4.56, 1.13], [8.55, 4.21, 0.7], [0.02, 0.26, 0.22], [3.03, 4.66, 0.65], [4.4, 3.48, 0.37]]","[255, 226, 253, 291, 287, 236, 215, 257, 270, 280, 284, 289, 279, 296, 295, 251, 185, 196, 258, 208]",17.0
504,1788358494253049498,307200,86226,26,25,193.0,"[25.0, 25.6, 28.2, 30.4, 30.5, 30.9, 81.0, 82.4, 82.7, 87.0, 90.5, 91.2, 94.6, 99.1, 103.2, 106.1, 111.4, 118.6, 127.5, 138.8, 148.4, 154.5, 165.1, 174.5, 193.0]","['NEAR', 'NEAR', 'RAIL', 'INSIDE', 'INSIDE', 'INSIDE', 'INSIDE', 'RAIL', 'INSIDE', 'INSIDE', 'NEAR', 'INSIDE', 'NEAR', 'INSIDE', 'OUTSIDE', 'INSIDE', 'INSIDE', 'INSIDE', 'INSIDE', 'INSIDE', 'RAIL', 'INSIDE', 'INSIDE', 'INSIDE', 'RAIL']","[[0.55, 0.05, 1.26], [3.79, 0.12, 1.94], [0.18, 0.58, 0.33], [0.6, 1.73, 0.06], [0.29, 1.22, 0.25], [0.27, 2.41, 0.02], [0.16, 2.12, 0.0], [0.22, 0.51, 0.9], [0.68, 4.62, 2.37], [0.04, 3.64, 0.0], [1.17, 0.22, 2.21], [0.72, 3.84, 0.43], [0.67, 0.16, 0.44], [0.41, 4.13, 1.76], [0.87, 0.2, 0.92], [1.62, 3.94, 0.42], [0.14, 3.31, 0.0], [1.39, 3.95, 0.02], [11.32, 4.55, 1.13], [8.61, 4.22, 0.7], [0.02, 0.26, 0.22], [3.02, 4.66, 0.65], [2.95, 4.34, 0.36], [0.03, 0.91, 0.0], [0.06, 0.67, 0.0]]","[162, 255, 226, 205, 253, 291, 236, 215, 257, 270, 293, 280, 268, 284, 289, 279, 296, 295, 251, 185, 196, 258, 208, 265, 262]",18.1
505,1788358494342615030,307200,86224,22,22,193.0,"[25.6, 28.2, 30.4, 30.9, 30.9, 81.0, 82.4, 82.8, 87.0, 89.9, 92.1, 98.5, 103.2, 105.3, 111.4, 118.6, 128.1, 138.8, 148.4, 154.5, 165.1, 193.0]","['NEAR', 'NEAR', 'RAIL', 'INSIDE', 'INSIDE', 'INSIDE', 'RAIL', 'INSIDE', 'INSIDE', 'RAIL', 'INSIDE', 'INSIDE', 'OUTSIDE', 'INSIDE', 'INSIDE', 'INSIDE', 'INSIDE', 'INSIDE', 'RAIL', 'INSIDE', 'INSIDE', 'RAIL']","[[0.55, 0.05, 1.26], [3.81, 0.12, 1.94], [0.12, 0.57, 0.12], [0.98, 1.21, 0.49], [0.26, 2.32, 0.02], [0.19, 2.12, 0.0], [0.25, 0.38, 0.9], [0.68, 4.48, 2.37], [0.03, 3.64, 0.0], [2.07, 0.08, 0.99], [2.54, 3.84, 1.41], [1.72, 4.17, 1.76], [0.9, 0.2, 0.92], [2.03, 4.28, 1.35], [0.11, 3.11, 0.0], [1.41, 3.95, 0.02], [10.33, 4.49, 1.5], [8.58, 4.22, 0.7], [0.04, 0.26, 0.22], [2.98, 4.66, 0.65], [2.93, 4.05, 0.36], [0.06, 1.35, 0.0]]","[162, 255, 226, 253, 291, 236, 215, 257, 270, 293, 280, 284, 289, 279, 296, 295, 251, 185, 196, 258, 208, 262]",18.4
506,1788358494449072968,307200,86226,23,22,174.6,"[30.4, 30.4, 30.5, 30.9, 47.1, 81.0, 82.4, 83.1, 87.0, 91.1, 94.6, 99.1, 103.4, 105.6, 111.4, 117.9, 127.5, 138.8, 148.4, 154.5, 165.8, 174.6]","['NEAR', 'RAIL', 'RAIL', 'INSIDE', 'INSIDE', 'INSIDE', 'RAIL', 'INSIDE', 'INSIDE', 'INSIDE', 'NEAR', 'INSIDE', 'OUTSIDE', 'INSIDE', 'INSIDE', 'OUTSIDE', 'INSIDE', 'INSIDE', 'RAIL', 'INSIDE', 'INSIDE', 'INSIDE']","[[4.83, 0.13, 1.94], [0.82, 0.07, 0.28], [0.16, 0.58, 0.27], [1.0, 1.22, 0.49], [0.06, 1.81, 0.01], [0.14, 2.12, 0.0], [0.24, 0.37, 0.9], [1.48, 4.48, 2.37], [0.04, 3.64, 0.0], [4.5, 4.19, 2.24], [0.65, 0.16, 0.44], [0.37, 3.96, 0.61], [1.27, 0.22, 1.79], [0.67, 4.24, 0.85], [0.12, 3.11, 0.0], [0.07, 1.85, 0.0], [11.52, 4.55, 1.13], [8.55, 4.33, 0.7], [0.0, 0.26, 0.22], [2.95, 4.66, 0.65], [4.31, 4.35, 0.37], [0.08, 1.83, 0.0]]","[255, 271, 226, 253, 287, 236, 215, 257, 270, 280, 268, 284, 289, 279, 296, 295, 251, 185, 196, 258, 208, 265]",19.2
507,1788358494559845456,307200,86260,23,22,174.5,"[25.0, 25.6, 30.4, 30.5, 30.9, 81.0, 82.4, 83.1, 86.7, 90.7, 93.1, 94.6, 99.1, 103.2, 105.6, 111.4, 126.0, 138.8, 148.4, 154.5, 165.2, 174.5]","['NEAR', 'RAIL', 'INSIDE', 'INSIDE', 'INSIDE', 'INSIDE', 'RAIL', 'INSIDE', 'INSIDE', 'INSIDE', 'OUTSIDE', 'NEAR', 'INSIDE', 'OUTSIDE', 'INSIDE', 'INSIDE', 'INSIDE', 'INSIDE', 'RAIL', 'INSIDE', 'INSIDE', 'INSIDE']","[[4.84, 0.13, 1.94], [0.11, 0.53, 0.33], [0.61, 1.73, 0.06], [1.0, 1.22, 0.49], [0.26, 2.41, 0.02], [0.2, 2.26, 0.0], [0.18, 0.24, 0.9], [1.5, 4.44, 2.37], [0.56, 3.77, 0.42], [1.67, 4.2, 2.24], [0.58, 0.18, 1.44], [0.6, 0.16, 0.44], [0.46, 3.96, 1.76], [0.9, 0.2, 0.92], [2.6, 4.32, 0.66], [0.09, 3.11, 0.0], [8.42, 4.45, 1.13], [8.55, 4.22, 0.7], [0.05, 0.26, 0.22], [3.0, 4.66, 0.65], [3.0, 4.35, 0.36], [0.05, 0.61, 0.0]]","[255, 226, 205, 253, 291, 236, 215, 257, 270, 280, 268, 293, 284, 289, 279, 296, 251, 185, 196, 258, 208, 265]",15.3
508,1788358494658152694,307200,86194,26,24,193.0,"[25.0, 25.7, 28.2, 30.4, 30.5, 30.6, 30.9, 81.1, 82.4, 82.7, 87.0, 89.8, 92.2, 98.5, 103.3, 105.2, 111.4, 113.2, 126.6, 138.8, 148.4, 154.5, 165.8, 193.0]","['NEAR', 'NEAR', 'RAIL', 'INSIDE', 'INSIDE', 'INSIDE', 'INSIDE', 'INSIDE', 'RAIL', 'INSIDE', 'INSIDE', 'NEAR', 'INSIDE', 'INSIDE', 'OUTSIDE', 'INSIDE', 'INSIDE', 'RAIL', 'INSIDE', 'INSIDE', 'RAIL', 'INSIDE', 'INSIDE', 'RAIL']","[[0.56, 0.05, 1.26], [3.81, 0.13, 2.09], [0.2, 0.53, 0.33], [0.6, 1.73, 0.06], [0.37, 1.22, 0.25], [0.28, 2.41, 0.03], [0.05, 1.6, 0.01], [0.22, 2.26, 0.01], [0.25, 0.24, 0.9], [0.64, 4.57, 2.37], [0.02, 3.64, 0.0], [2.02, 0.23, 1.84], [2.45, 3.84, 1.41], [1.75, 3.98, 1.76], [1.19, 0.36, 1.79], [1.78, 4.05, 0.45], [0.13, 3.31, 0.0], [0.05, 0.21, 0.32], [7.26, 4.44, 1.13], [8.61, 3.97, 0.7], [0.03, 0.26, 0.22], [3.01, 4.66, 0.65], [4.28, 4.35, 0.37], [0.14, 1.01, 0.0]]","[162, 255, 226, 205, 253, 291, 287, 236, 215, 257, 270, 280, 268, 284, 289, 279, 296, 295, 251, 185, 196, 258, 208, 262]",18.5
509,1788358494754605757,307200,86184,24,22,174.5,"[25.0, 25.7, 28.2, 30.4, 30.9, 31.0, 81.0, 82.4, 83.1, 87.0, 91.2, 94.6, 98.0, 99.2, 103.2, 111.6, 126.6, 138.8, 148.4, 154.5, 165.8, 174.5]","['NEAR', 'NEAR', 'RAIL', 'INSIDE', 'INSIDE', 'INSIDE', 'INSIDE', 'RAIL', 'INSIDE', 'INSIDE', 'INSIDE', 'NEAR', 'NEAR', 'INSIDE', 'OUTSIDE', 'INSIDE', 'INSIDE', 'INSIDE', 'RAIL', 'INSIDE', 'INSIDE', 'INSIDE']","[[0.52, 0.05, 1.26], [3.5, 0.12, 1.94], [0.16, 0.58, 0.33], [0.59, 1.73, 0.06], [0.92, 1.22, 0.49], [0.22, 2.33, 0.02], [0.18, 2.12, 0.0], [0.2, 0.23, 0.9], [1.53, 4.67, 2.37], [0.03, 3.49, 0.0], [4.47, 4.2, 1.65], [0.82, 0.15, 0.62], [1.94, 0.04, 1.05], [0.29, 3.93, 1.76], [0.91, 0.2, 0.92], [0.49, 4.03, 0.48], [7.29, 4.45, 1.13], [8.55, 4.33, 0.7], [0.02, 0.26, 0.22], [2.98, 4.66, 0.65], [4.33, 4.35, 0.37], [0.02, 0.61, 0.0]]","[162, 255, 226, 205, 253, 291, 236, 215, 257, 270, 268, 293, 284, 289, 279, 296, 251, 185, 196, 258, 208, 265]",17.3
510,1788358494837357346,307200,86256,28,24,174.6,"[25.0, 25.9, 28.2, 29.8, 30.4, 30.9, 31.9, 47.1, 81.0, 82.4, 82.7, 87.0, 89.9, 92.4, 94.6, 99.1, 103.2, 111.4, 128.1, 138.7, 148.4, 154.5, 165.8, 174.6]","['NEAR', 'NEAR', 'NEAR', 'RAIL', 'RAIL', 'INSIDE', 'INSIDE', 'RAIL', 'INSIDE', 'RAIL', 'INSIDE', 'INSIDE', 'NEAR', 'INSIDE', 'NEAR', 'INSIDE', 'OUTSIDE', 'INSIDE', 'INSIDE', 'INSIDE', 'RAIL', 'INSIDE', 'INSIDE', 'INSIDE']","[[0.62, 0.05, 1.26], [1.54, 0.05, 1.85], [1.86, 0.12, 1.88], [0.81, 0.07, 0.28], [0.17, 0.58, 0.27], [0.57, 1.73, 0.06], [0.98, 1.22, 0.49], [0.28, 0.21, 0.12], [0.17, 2.12, 0.0], [0.23, 0.23, 0.9], [0.65, 4.48, 2.37], [0.03, 3.49, 0.0], [2.09, 0.23, 2.21], [1.84, 3.83, 1.44], [0.67, 0.17, 0.44], [0.42, 3.96, 1.27], [0.87, 0.2, 0.92], [0.17, 2.92, 0.0], [10.35, 4.56, 1.13], [8.52, 4.21, 0.7], [0.01, 0.26, 0.22], [2.97, 4.66, 0.65], [4.35, 4.35, 0.37], [0.02, 0.61, 0.0]]","[162, 255, 253, 271, 226, 205, 287, 291, 236, 215, 257, 270, 280, 268, 293, 289, 279, 296, 251, 185, 196, 258, 208, 265]",16.6
511,1788358494967623055,307200,86234,26,20,174.5,"[28.2, 29.8, 30.9, 31.9, 35.5, 81.0, 82.4, 83.2, 87.0, 89.9, 92.1, 99.1, 103.2, 111.4, 125.3, 138.8, 148.4, 154.5, 165.2, 174.5]","['NEAR', 'NEAR', 'NEAR', 'INSIDE', 'INSIDE', 'INSIDE', 'RAIL', 'INSIDE', 'INSIDE', 'NEAR', 'INSIDE', 'INSIDE', 'OUTSIDE', 'INSIDE', 'INSIDE', 'INSIDE', 'RAIL', 'INSIDE', 'INSIDE', 'INSIDE']","[[0.52, 0.05, 1.26], [1.51, 0.06, 1.85], [1.88, 0.12, 1.88], [0.93, 1.22, 0.49], [0.72, 1.75, 0.05], [0.17, 2.26, 0.0], [0.24, 0.38, 0.9], [1.8, 4.53, 2.37], [0.03, 3.64, 0.0], [2.15, 0.23, 2.21], [2.48, 3.84, 1.41], [0.41, 3.96, 1.76], [0.89, 0.2, 0.92], [0.14, 3.31, 0.0], [9.77, 4.44, 1.26], [8.55, 4.22, 0.7], [0.02, 0.26, 0.22], [2.95, 4.66, 0.65], [3.01, 4.35, 0.36], [0.03, 0.3, 0.0]]","[162, 255, 253, 287, 226, 236, 215, 257, 270, 280, 268, 289, 279, 296, 251, 185, 196, 258, 208, 265]",18.3
512,1788358495054597496,307200,86193,23,20,193.0,"[25.2, 28.2, 30.5, 30.9, 81.0, 82.4, 82.7, 87.0, 89.9, 92.1, 98.0, 99.1, 103.2, 111.5, 126.8, 138.8, 148.4, 154.5, 165.9, 193.0]","['NEAR', 'NEAR', 'INSIDE', 'INSIDE', 'INSIDE', 'RAIL', 'INSIDE', 'INSIDE', 'NEAR', 'INSIDE', 'NEAR', 'INSIDE', 'OUTSIDE', 'INSIDE', 'INSIDE', 'INSIDE', 'RAIL', 'INSIDE', 'INSIDE', 'RAIL']","[[0.54, 0.06, 1.26], [3.84, 0.13, 1.94], [0.88, 1.73, 0.08], [0.14, 1.17, 0.01], [0.17, 2.12, 0.0], [0.2, 0.23, 0.9], [0.69, 4.82, 2.37], [0.02, 3.64, 0.0], [2.21, 0.23, 2.2], [2.5, 3.84, 1.44], [1.93, 0.05, 1.33], [0.28, 3.96, 0.61], [0.92, 0.2, 0.92], [0.13, 3.31, 0.0], [12.81, 4.55, 1.26], [8.54, 4.22, 0.7], [0.03, 0.26, 0.22], [3.0, 4.66, 0.65], [4.41, 3.77, 0.37], [0.03, 0.67, 0.0]]","[162, 253, 205, 287, 236, 215, 257, 270, 280, 268, 284, 289, 279, 296, 251, 185, 196, 258, 208, 262]",17.2
513,1788358495148164279,307200,86250,21,18,166.6,"[28.2, 30.5, 30.9, 30.9, 81.0, 82.4, 82.8, 86.9, 89.5, 92.2, 98.2, 103.2, 111.4, 125.2, 138.8, 148.4, 154.5, 166.6]","['NEAR', 'NEAR', 'INSIDE', 'INSIDE', 'INSIDE', 'RAIL', 'INSIDE', 'INSIDE', 'NEAR', 'INSIDE', 'INSIDE', 'OUTSIDE', 'INSIDE', 'INSIDE', 'INSIDE', 'RAIL', 'INSIDE', 'INSIDE']","[[0.52, 0.05, 1.26], [3.81, 0.12, 1.94], [0.95, 1.21, 0.49], [0.05, 1.6, 0.01], [0.17, 2.26, 0.0], [0.24, 0.51, 0.9], [0.69, 4.59, 2.37], [0.03, 3.64, 0.0], [1.25, 0.23, 2.21], [2.4, 3.86, 1.44], [2.38, 4.15, 1.76], [0.92, 0.2, 0.92], [0.15, 3.31, 0.0], [9.9, 4.44, 1.26], [8.55, 4.56, 0.7], [0.01, 0.26, 0.22], [2.99, 4.66, 0.65], [0.03, 0.58, 0.0]]","[162, 253, 287, 255, 236, 215, 257, 270, 280, 268, 289, 279, 296, 251, 185, 196, 258, 208]",17.0
514,1788358495250139760,307200,86230,25,20,174.5,"[25.0, 30.4, 30.5, 30.9, 76.6, 81.0, 82.4, 82.7, 87.0, 90.3, 92.1, 99.1, 103.2, 111.4, 128.1, 138.0, 148.4, 154.5, 165.8, 174.5]","['NEAR', 'INSIDE', 'INSIDE', 'INSIDE', 'INSIDE', 'INSIDE', 'RAIL', 'INSIDE', 'INSIDE', 'NEAR', 'INSIDE', 'INSIDE', 'OUTSIDE', 'INSIDE', 'INSIDE', 'INSIDE', 'RAIL', 'INSIDE', 'INSIDE', 'INSIDE']","[[4.81, 0.13, 1.94], [0.6, 1.72, 0.06], [1.0, 1.21, 0.49], [0.04, 1.6, 0.01], [2.44, 2.04, 0.84], [0.17, 2.12, 0.0], [0.26, 0.39, 0.9], [0.7, 4.53, 2.37], [0.05, 3.64, 0.0], [0.88, 0.22, 2.2], [2.48, 3.84, 1.44], [0.45, 3.96, 1.27], [0.89, 0.31, 0.92], [0.13, 2.92, 0.0], [10.4, 4.55, 1.13], [7.09, 4.22, 0.7], [0.03, 0.26, 0.22], [3.01, 4.66, 0.65], [4.34, 4.35, 0.37], [0.09, 1.22, 0.0]]","[253, 205, 287, 255, 236, 257, 215, 270, 280, 268, 293, 289, 279, 296, 251, 185, 196, 258, 208, 265]",19.9
515,1788358495349810469,307200,86282,23,20,165.9,"[25.0, 25.9, 29.2, 30.5, 30.9, 31.9, 38.2, 81.0, 82.4, 82.7, 87.0, 91.7, 99.1, 103.1, 111.4, 125.2, 138.8, 148.4, 154.5, 165.9]","['NEAR', 'NEAR', 'INSIDE', 'INSIDE', 'RAIL', 'INSIDE', 'INSIDE', 'INSIDE', 'RAIL', 'INSIDE', 'INSIDE', 'INSIDE', 'INSIDE', 'OUTSIDE', 'INSIDE', 'INSIDE', 'INSIDE', 'RAIL', 'INSIDE', 'INSIDE']","[[2.59, 0.06, 1.85], [1.88, 0.12, 1.88], [0.58, 1.73, 0.06], [0.99, 1.22, 0.49], [0.25, 0.19, 0.12], [0.04, 1.6, 0.01], [0.22, 0.94, 0.02], [0.16, 2.12, 0.0], [0.2, 0.23, 0.9], [0.75, 4.53, 2.37], [0.04, 3.49, 0.0], [3.49, 4.2, 2.27], [0.45, 3.96, 1.76], [0.88, 0.36, 0.92], [0.11, 3.31, 0.0], [9.83, 4.45, 1.26], [8.55, 4.21, 0.7], [0.07, 0.26, 0.22], [2.95, 4.66, 0.65], [4.41, 4.35, 0.37]]","[162, 253, 205, 287, 291, 255, 226, 257, 215, 270, 280, 293, 289, 279, 296, 251, 185, 196, 258, 208]",17.3
516,1788358495451574911,307200,86254,25,21,193.0,"[25.0, 30.5, 30.7, 30.9, 47.1, 81.0, 82.4, 82.7, 87.0, 89.9, 92.5, 99.1, 103.2, 111.4, 125.2, 138.8, 148.4, 154.5, 165.8, 175.2, 193.0]","['NEAR', 'RAIL', 'INSIDE', 'INSIDE', 'INSIDE', 'INSIDE', 'RAIL', 'INSIDE', 'INSIDE', 'NEAR', 'INSIDE', 'INSIDE', 'OUTSIDE', 'INSIDE', 'INSIDE', 'INSIDE', 'RAIL', 'INSIDE', 'INSIDE', 'INSIDE', 'RAIL']","[[3.8, 0.12, 1.94], [0.8, 0.07, 0.28], [0.59, 1.73, 0.06], [0.69, 1.22, 0.49], [0.06, 1.6, 0.01], [0.13, 1.98, 0.0], [0.25, 0.38, 0.9], [0.74, 4.53, 2.37], [0.03, 3.64, 0.0], [2.06, 0.23, 1.84], [1.88, 3.73, 1.44], [0.39, 3.96, 1.76], [0.88, 0.36, 0.92], [0.11, 3.31, 0.0], [9.84, 4.45, 1.26], [8.57, 4.08, 0.7], [0.06, 0.26, 0.22], [3.01, 4.66, 0.65], [4.32, 3.77, 0.37], [1.29, 0.92, 0.0], [0.11, 1.35, 0.0]]","[253, 271, 205, 287, 255, 257, 215, 270, 280, 268, 293, 289, 279, 296, 251, 185, 196, 258, 208, 265, 262]",17.9
517,1788358495540597114,307200,86252,21,18,165.2,"[29.2, 30.5, 30.9, 31.8, 76.7, 81.0, 82.4, 82.7, 87.0, 89.9, 92.1, 98.5, 103.2, 111.4, 128.1, 138.8, 154.5, 165.2]","['NEAR', 'NEAR', 'INSIDE', 'INSIDE', 'INSIDE', 'INSIDE', 'RAIL', 'INSIDE', 'INSIDE', 'NEAR', 'INSIDE', 'INSIDE', 'OUTSIDE', 'INSIDE', 'INSIDE', 'INSIDE', 'INSIDE', 'INSIDE']","[[2.56, 0.06, 1.85], [1.87, 0.12, 1.89], [0.98, 1.21, 0.49], [0.07, 1.81, 0.01], [2.57, 2.01, 0.7], [0.14, 1.98, 0.0], [0.2, 0.24, 0.9], [0.78, 4.67, 2.37], [0.04, 3.49, 0.0], [2.16, 0.23, 2.2], [2.44, 3.84, 1.41], [1.71, 4.15, 1.76], [0.9, 0.36, 0.92], [0.13, 2.92, 0.0], [10.3, 4.55, 1.13], [8.63, 4.21, 0.7], [3.0, 4.39, 0.65], [2.97, 4.35, 0.36]]","[162, 253, 287, 255, 236, 257, 215, 270, 280, 268, 293, 289, 279, 296, 251, 185, 258, 208]",23.8
518,1788358495660941513,307200,86297,24,20,174.5,"[25.0, 30.5, 30.9, 31.2, 76.6, 81.0, 82.4, 82.7, 86.0, 90.0, 92.2, 98.5, 103.2, 111.4, 126.6, 138.7, 148.4, 154.5, 165.2, 174.5]","['NEAR', 'INSIDE', 'INSIDE', 'INSIDE', 'INSIDE', 'INSIDE', 'RAIL', 'INSIDE', 'INSIDE', 'NEAR', 'INSIDE', 'INSIDE', 'OUTSIDE', 'INSIDE', 'INSIDE', 'INSIDE', 'RAIL', 'INSIDE', 'INSIDE', 'INSIDE']","[[3.28, 0.12, 1.94], [0.6, 1.72, 0.06], [0.99, 1.22, 0.49], [0.04, 1.6, 0.01], [2.42, 2.04, 0.84], [0.11, 2.26, 0.0], [0.2, 0.38, 0.9], [0.73, 4.53, 2.37], [1.87, 3.97, 1.36], [2.1, 0.22, 2.21], [2.52, 3.84, 1.44], [1.71, 4.15, 1.48], [0.91, 0.31, 0.92], [0.14, 3.31, 0.0], [7.29, 4.45, 0.86], [8.52, 4.33, 1.36], [0.01, 0.26, 0.22], [2.96, 4.66, 0.65], [3.0, 4.34, 0.36], [0.1, 1.52, 0.0]]","[253, 205, 287, 255, 236, 257, 215, 270, 280, 268, 293, 289, 279, 296, 251, 185, 196, 258, 208, 265]",18.6
519,1788358495762694423,307200,86233,24,19,174.5,"[28.2, 29.7, 30.9, 31.8, 81.0, 82.4, 82.7, 87.0, 89.9, 92.1, 98.2, 103.2, 111.5, 125.3, 138.8, 148.4, 154.5, 165.9, 174.5]","['NEAR', 'NEAR', 'NEAR', 'INSIDE', 'INSIDE', 'RAIL', 'INSIDE', 'INSIDE', 'NEAR', 'INSIDE', 'INSIDE', 'OUTSIDE', 'INSIDE', 'INSIDE', 'INSIDE', 'RAIL', 'INSIDE', 'INSIDE', 'INSIDE']","[[0.57, 0.05, 1.26], [1.51, 0.05, 1.85], [1.9, 0.12, 1.89], [1.01, 1.22, 0.49], [0.19, 2.12, 0.0], [0.24, 0.38, 0.9], [0.73, 4.53, 2.37], [0.05, 3.49, 0.0], [2.08, 0.23, 2.21], [2.59, 3.84, 1.44], [2.31, 4.16, 1.48], [0.91, 0.2, 0.92], [0.18, 3.31, 0.0], [9.87, 4.44, 1.26], [8.57, 4.21, 0.7], [0.04, 0.26, 0.22], [2.99, 4.66, 0.65], [4.37, 4.35, 0.37], [0.01, 0.3, 0.0]]","[162, 253, 287, 255, 257, 215, 270, 280, 268, 293, 289, 279, 296, 251, 185, 196, 258, 208, 265]",18.4
520,1788358495846465739,307200,86281,22,18,174.5,"[30.4, 30.9, 81.1, 82.4, 82.7, 87.0, 89.9, 92.1, 99.1, 103.2, 111.4, 118.6, 128.1, 138.8, 148.4, 154.5, 165.8, 174.5]","['NEAR', 'INSIDE', 'INSIDE', 'RAIL', 'INSIDE', 'INSIDE', 'NEAR', 'INSIDE', 'INSIDE', 'OUTSIDE', 'INSIDE', 'INSIDE', 'INSIDE', 'INSIDE', 'RAIL', 'INSIDE', 'INSIDE', 'INSIDE']","[[4.82, 0.12, 1.94], [1.0, 1.22, 0.49], [0.22, 2.26, 0.01], [0.2, 0.37, 0.9], [0.71, 4.53, 2.37], [0.03, 3.49, 0.0], [2.07, 0.23, 1.84], [2.51, 3.84, 1.44], [0.35, 3.96, 1.76], [0.89, 0.31, 0.92], [0.14, 3.31, 0.0], [1.39, 4.16, 0.02], [10.4, 4.55, 1.13], [8.58, 4.22, 0.7], [0.06, 0.26, 0.22], [2.98, 4.66, 0.65], [4.25, 4.35, 0.37], [0.03, 0.3, 0.0]]","[253, 255, 257, 215, 270, 280, 268, 293, 289, 279, 296, 298, 251, 185, 196, 258, 208, 265]",19.5
521,1788358495952909565,307200,86266,22,20,174.6,"[29.2, 30.9, 31.9, 81.0, 82.4, 82.7, 87.0, 89.9, 92.2, 94.5, 98.5, 103.2, 111.4, 119.2, 126.0, 138.8, 148.4, 154.5, 165.2, 174.6]","['NEAR', 'NEAR', 'INSIDE', 'INSIDE', 'RAIL', 'INSIDE', 'INSIDE', 'NEAR', 'INSIDE', 'NEAR', 'INSIDE', 'OUTSIDE', 'INSIDE', 'INSIDE', 'INSIDE', 'INSIDE', 'RAIL', 'INSIDE', 'INSIDE', 'NEAR']","[[2.57, 0.07, 1.85], [1.84, 0.12, 1.88], [1.0, 1.21, 0.25], [0.09, 1.98, 0.0], [0.22, 0.23, 0.9], [0.63, 4.43, 2.37], [0.02, 3.64, 0.0], [1.94, 0.23, 1.84], [2.5, 3.84, 1.41], [0.69, 0.16, 0.44], [1.73, 3.97, 0.82], [0.91, 0.31, 0.92], [0.08, 3.11, 0.0], [0.2, 3.54, 0.0], [8.45, 4.44, 1.13], [8.54, 4.21, 0.7], [0.03, 0.26, 0.22], [2.95, 4.66, 0.65], [3.0, 3.77, 0.36], [0.03, 0.61, 0.0]]","[162, 287, 255, 257, 215, 270, 280, 268, 293, 284, 289, 279, 296, 298, 251, 185, 196, 258, 208, 265]",16.7
522,1788358496051072817,307200,86177,21,18,165.9,"[28.2, 29.9, 30.9, 31.8, 81.0, 82.4, 82.7, 87.0, 91.7, 98.5, 103.2, 111.4, 118.6, 125.2, 138.8, 148.4, 154.5, 165.9]","['NEAR', 'NEAR', 'NEAR', 'INSIDE', 'INSIDE', 'RAIL', 'INSIDE', 'INSIDE', 'INSIDE', 'INSIDE', 'OUTSIDE', 'INSIDE', 'INSIDE', 'INSIDE', 'INSIDE', 'RAIL', 'INSIDE', 'INSIDE']","[[0.52, 0.05, 1.26], [1.24, 0.07, 1.85], [1.87, 0.12, 1.88], [0.95, 1.22, 0.25], [0.21, 2.26, 0.01], [0.22, 0.24, 0.9], [0.67, 4.59, 2.37], [0.04, 3.49, 0.0], [3.53, 4.07, 2.27], [1.65, 4.15, 1.48], [0.93, 0.2, 0.92], [0.14, 3.31, 0.0], [1.36, 4.16, 0.02], [9.86, 4.46, 1.26], [8.62, 4.22, 1.36], [0.02, 0.26, 0.22], [2.97, 4.66, 0.65], [4.42, 4.06, 0.37]]","[162, 253, 287, 255, 257, 215, 270, 280, 293, 289, 279, 296, 298, 251, 185, 196, 258, 208]",15.3
523,1788358496146655941,307200,86197,24,21,165.1,"[25.0, 28.2, 30.9, 30.9, 38.2, 47.1, 81.0, 82.4, 83.1, 87.0, 91.1, 98.2, 103.2, 105.7, 111.7, 118.6, 127.5, 138.8, 148.4, 154.5, 165.1]","['NEAR', 'NEAR', 'RAIL', 'INSIDE', 'INSIDE', 'INSIDE', 'INSIDE', 'RAIL', 'INSIDE', 'INSIDE', 'INSIDE', 'INSIDE', 'OUTSIDE', 'INSIDE', 'INSIDE', 'INSIDE', 'INSIDE', 'INSIDE', 'RAIL', 'INSIDE', 'INSIDE']","[[0.58, 0.05, 1.26], [3.79, 0.12, 1.94], [0.8, 0.1, 0.28], [0.57, 1.73, 0.06], [1.0, 1.22, 0.49], [0.23, 0.94, 0.02], [0.13, 1.84, 0.0], [0.18, 0.24, 0.9], [1.57, 4.53, 2.37], [0.02, 3.64, 0.0], [4.43, 4.16, 1.64], [2.36, 4.14, 1.76], [0.87, 0.31, 0.92], [0.72, 3.9, 0.42], [0.61, 4.1, 0.7], [1.38, 4.16, 0.02], [11.46, 4.55, 1.13], [8.62, 4.21, 1.36], [0.03, 0.26, 0.22], [2.97, 4.66, 0.65], [2.95, 4.35, 0.36]]","[162, 287, 271, 205, 255, 226, 257, 215, 270, 280, 293, 289, 279, 300, 296, 298, 251, 185, 196, 258, 208]",16.6
524,1788358496251029992,307200,86289,24,21,193.0,"[25.0, 29.7, 30.9, 31.9, 45.6, 81.0, 82.4, 82.7, 87.0, 91.2, 94.6, 99.1, 105.2, 111.5, 118.6, 125.3, 138.8, 148.4, 154.5, 165.8, 193.0]","['NEAR', 'NEAR', 'RAIL', 'INSIDE', 'INSIDE', 'INSIDE', 'RAIL', 'INSIDE', 'INSIDE', 'INSIDE', 'NEAR', 'INSIDE', 'INSIDE', 'INSIDE', 'INSIDE', 'INSIDE', 'INSIDE', 'RAIL', 'INSIDE', 'INSIDE', 'RAIL']","[[1.48, 0.07, 1.85], [1.87, 0.12, 1.88], [0.53, 0.19, 0.4], [0.57, 1.73, 0.06], [0.93, 1.22, 0.49], [0.15, 2.26, 0.0], [0.21, 0.23, 0.9], [0.66, 4.44, 2.37], [0.03, 3.49, 0.0], [4.48, 4.2, 1.61], [0.69, 0.17, 0.44], [0.37, 3.96, 0.61], [1.68, 4.05, 0.45], [0.17, 2.92, 0.0], [1.44, 4.16, 0.02], [9.85, 4.44, 1.26], [8.55, 4.22, 0.7], [0.03, 0.26, 0.22], [2.97, 4.66, 0.65], [4.32, 4.35, 0.37], [0.12, 1.35, 0.0]]","[253, 287, 271, 205, 255, 257, 215, 270, 280, 293, 284, 289, 300, 296, 298, 251, 185, 196, 258, 208, 262]",17.0
525,1788358496349420005,307200,86267,22,20,165.2,"[25.2, 28.7, 30.5, 31.1, 81.0, 82.4, 83.1, 87.0, 90.0, 92.3, 94.6, 99.2, 103.2, 105.5, 111.4, 118.6, 126.5, 138.7, 154.5, 165.2]","['NEAR', 'NEAR', 'INSIDE', 'INSIDE', 'INSIDE', 'RAIL', 'INSIDE', 'INSIDE', 'NEAR', 'INSIDE', 'NEAR', 'INSIDE', 'OUTSIDE', 'INSIDE', 'INSIDE', 'INSIDE', 'INSIDE', 'INSIDE', 'INSIDE', 'INSIDE']","[[1.4, 0.05, 1.27], [3.48, 0.13, 1.94], [0.85, 1.73, 0.08], [0.28, 1.22, 0.25], [0.18, 2.26, 0.0], [0.24, 0.24, 0.9], [1.54, 4.53, 2.37], [0.02, 3.49, 0.0], [0.25, 0.22, 1.4], [2.18, 4.17, 1.41], [0.77, 0.16, 0.44], [0.45, 3.96, 1.76], [0.87, 0.36, 0.92], [0.28, 3.86, 0.19], [0.12, 3.31, 0.0], [1.4, 4.16, 0.02], [7.25, 4.44, 1.13], [8.53, 4.22, 0.7], [2.91, 4.66, 0.65], [2.98, 4.06, 0.36]]","[162, 287, 205, 255, 257, 215, 270, 280, 268, 293, 284, 289, 279, 300, 296, 298, 251, 185, 258, 208]",17.5
526,1788358496442617285,307200,86223,23,20,165.9,"[25.0, 28.2, 30.9, 31.1, 35.6, 81.0, 82.4, 82.7, 87.0, 91.2, 99.2, 103.2, 105.0, 111.4, 118.6, 126.8, 138.8, 148.4, 154.5, 165.9]","['NEAR', 'NEAR', 'INSIDE', 'INSIDE', 'INSIDE', 'INSIDE', 'RAIL', 'INSIDE', 'INSIDE', 'INSIDE', 'INSIDE', 'OUTSIDE', 'INSIDE', 'INSIDE', 'INSIDE', 'INSIDE', 'INSIDE', 'RAIL', 'INSIDE', 'INSIDE']","[[0.55, 0.05, 1.26], [3.41, 0.13, 1.94], [0.47, 1.73, 0.05], [1.0, 1.22, 0.49], [1.21, 1.96, 0.08], [0.17, 2.12, 0.0], [0.18, 0.14, 0.9], [0.75, 4.53, 2.37], [0.03, 3.64, 0.0], [4.46, 4.2, 1.64], [0.35, 3.96, 1.76], [0.87, 0.36, 0.92], [1.27, 4.2, 0.86], [0.13, 3.31, 0.0], [1.43, 3.95, 0.02], [12.78, 4.55, 1.27], [8.56, 4.32, 0.7], [0.01, 0.26, 0.22], [2.97, 4.66, 0.65], [4.35, 4.35, 0.37]]","[162, 287, 205, 255, 226, 257, 215, 270, 280, 293, 289, 279, 300, 296, 298, 251, 185, 196, 258, 208]",16.7
527,1788358496549989877,307200,86269,27,23,165.1,"[25.2, 28.3, 29.8, 30.9, 31.8, 38.2, 45.6, 81.1, 82.4, 82.7, 87.0, 90.4, 92.5, 99.2, 103.4, 105.5, 111.4, 113.2, 126.8, 138.8, 148.4, 154.5, 165.1]","['NEAR', 'NEAR', 'NEAR', 'RAIL', 'INSIDE', 'INSIDE', 'INSIDE', 'INSIDE', 'RAIL', 'INSIDE', 'INSIDE', 'NEAR', 'INSIDE', 'INSIDE', 'OUTSIDE', 'INSIDE', 'INSIDE', 'RAIL', 'INSIDE', 'INSIDE', 'RAIL', 'INSIDE', 'INSIDE']","[[0.59, 0.05, 1.26], [1.49, 0.07, 2.09], [1.86, 0.12, 1.88], [0.49, 0.19, 0.4], [0.89, 1.73, 0.09], [1.02, 1.22, 0.25], [0.21, 0.94, 0.02], [0.23, 2.26, 0.01], [0.21, 0.24, 0.9], [0.77, 4.81, 2.37], [0.02, 3.49, 0.0], [1.08, 0.22, 2.2], [1.87, 3.83, 1.44], [0.21, 3.93, 1.27], [1.32, 0.31, 1.79], [0.28, 3.86, 0.19], [0.13, 2.92, 0.0], [0.06, 0.21, 0.32], [12.91, 4.55, 1.26], [8.6, 4.22, 0.7], [0.04, 0.34, 0.22], [2.99, 4.66, 0.65], [2.97, 4.35, 0.36]]","[162, 253, 287, 271, 205, 255, 226, 257, 215, 270, 280, 268, 293, 289, 279, 300, 296, 298, 251, 185, 196, 258, 208]",17.0
528,1788358496647330030,307200,86226,19,17,165.1,"[30.5, 30.9, 31.0, 81.0, 82.4, 82.7, 87.0, 90.4, 91.6, 99.1, 103.2, 105.0, 111.4, 126.0, 138.8, 154.5, 165.1]","['NEAR', 'INSIDE', 'INSIDE', 'INSIDE', 'RAIL', 'INSIDE', 'INSIDE', 'NEAR', 'INSIDE', 'INSIDE', 'OUTSIDE', 'INSIDE', 'INSIDE', 'INSIDE', 'INSIDE', 'INSIDE', 'INSIDE']","[[3.47, 0.12, 1.85], [0.97, 1.21, 0.49], [0.04, 1.6, 0.01], [0.17, 2.26, 0.0], [0.25, 0.38, 0.9], [0.65, 4.53, 2.37], [0.05, 3.64, 0.0], [1.08, 0.22, 1.58], [0.03, 3.52, 0.0], [0.37, 4.16, 1.76], [0.88, 0.2, 0.92], [1.3, 4.01, 0.45], [0.15, 3.31, 0.0], [8.34, 4.45, 1.13], [8.56, 4.56, 0.7], [2.97, 4.66, 0.65], [2.96, 3.77, 0.36]]","[287, 255, 302, 257, 215, 270, 280, 268, 293, 289, 279, 300, 296, 251, 185, 258, 208]",17.4
529,1788358496774796121,307200,86273,18,17,193.0,"[30.4, 30.5, 81.1, 82.4, 83.1, 86.8, 91.2, 99.1, 103.2, 104.9, 111.5, 126.8, 138.8, 148.4, 154.5, 165.9, 193.0]","['NEAR', 'INSIDE', 'INSIDE', 'RAIL', 'INSIDE', 'INSIDE', 'INSIDE', 'INSIDE', 'OUTSIDE', 'INSIDE', 'INSIDE', 'INSIDE', 'INSIDE', 'RAIL', 'INSIDE', 'INSIDE', 'RAIL']","[[4.84, 0.12, 1.94], [0.27, 1.22, 0.25], [0.24, 2.26, 0.01], [0.21, 0.38, 0.9], [1.45, 4.63, 2.37], [0.3, 3.77, 0.41], [4.28, 4.09, 2.27], [0.37, 3.96, 1.76], [0.89, 0.31, 0.92], [1.29, 4.01, 0.45], [0.16, 3.31, 0.0], [12.96, 4.67, 1.26], [8.54, 4.33, 1.36], [0.01, 0.26, 0.22], [2.99, 4.66, 0.65], [4.38, 4.35, 0.37], [0.04, 1.01, 0.0]]","[253, 255, 257, 215, 270, 280, 293, 289, 279, 300, 296, 251, 185, 196, 258, 208, 262]",16.4
530,1788358496851156780,307200,86223,23,21,193.0,"[25.7, 28.2, 30.9, 31.1, 38.2, 81.0, 82.4, 82.7, 87.0, 91.1, 99.2, 103.2, 105.1, 111.4, 126.9, 138.8, 148.4, 154.5, 165.9, 174.5, 193.0]","['NEAR', 'NEAR', 'INSIDE', 'INSIDE', 'INSIDE', 'INSIDE', 'RAIL', 'INSIDE', 'INSIDE', 'INSIDE', 'INSIDE', 'OUTSIDE', 'INSIDE', 'INSIDE', 'INSIDE', 'INSIDE', 'RAIL', 'INSIDE', 'INSIDE', 'INSIDE', 'RAIL']","[[0.58, 0.05, 1.26], [3.42, 0.13, 1.94], [1.01, 1.22, 0.49], [0.24, 2.33, 0.02], [0.21, 0.94, 0.02], [0.13, 2.12, 0.0], [0.24, 0.38, 0.9], [0.76, 4.53, 2.37], [0.02, 3.64, 0.0], [4.41, 4.2, 2.27], [0.29, 3.96, 0.61], [0.88, 0.36, 0.92], [1.69, 4.28, 0.66], [0.15, 3.31, 0.0], [13.07, 4.59, 1.27], [8.57, 4.47, 0.7], [0.03, 0.26, 0.22], [2.99, 4.66, 0.65], [4.39, 4.06, 0.37], [0.07, 0.3, 0.0], [0.02, 0.34, 0.0]]","[162, 287, 255, 301, 226, 257, 215, 270, 280, 293, 289, 279, 300, 296, 251, 185, 196, 258, 208, 265, 262]",19.5
531,1788358496944316545,307200,86277,21,19,174.5,"[30.5, 30.9, 30.9, 47.1, 81.0, 82.4, 83.1, 87.0, 91.2, 99.1, 103.2, 105.7, 111.4, 126.7, 138.8, 148.4, 154.5, 165.8, 174.5]","['NEAR', 'RAIL', 'INSIDE', 'INSIDE', 'INSIDE', 'RAIL', 'INSIDE', 'INSIDE', 'INSIDE', 'INSIDE', 'OUTSIDE', 'INSIDE', 'INSIDE', 'INSIDE', 'INSIDE', 'RAIL', 'INSIDE', 'INSIDE', 'INSIDE']","[[3.77, 0.12, 1.94], [0.8, 0.1, 0.28], [0.95, 1.22, 0.49], [0.04, 1.81, 0.01], [0.18, 2.26, 0.0], [0.24, 0.23, 0.9], [1.56, 4.53, 2.37], [0.04, 3.64, 0.0], [4.37, 4.2, 2.24], [0.37, 3.96, 0.61], [0.87, 0.2, 0.92], [0.7, 3.9, 0.42], [0.12, 3.11, 0.0], [12.75, 4.47, 1.63], [8.57, 4.56, 0.7], [0.01, 0.26, 0.22], [2.97, 4.66, 0.65], [4.34, 4.35, 0.37], [0.04, 0.91, 0.0]]","[287, 271, 255, 302, 257, 215, 270, 280, 293, 289, 279, 300, 296, 251, 185, 196, 258, 208, 265]",17.0
532,1788358497045829885,307200,86239,24,23,165.2,"[25.6, 28.2, 29.8, 30.5, 30.5, 30.9, 31.9, 81.0, 82.4, 82.7, 87.0, 90.2, 93.1, 94.6, 99.1, 103.2, 105.0, 111.4, 127.5, 138.8, 148.4, 154.5, 165.2]","['NEAR', 'NEAR', 'NEAR', 'RAIL', 'INSIDE', 'INSIDE', 'INSIDE', 'INSIDE', 'RAIL', 'INSIDE', 'INSIDE', 'INSIDE', 'OUTSIDE', 'NEAR', 'INSIDE', 'OUTSIDE', 'INSIDE', 'INSIDE', 'INSIDE', 'INSIDE', 'RAIL', 'INSIDE', 'INSIDE']","[[0.54, 0.06, 1.26], [1.53, 0.06, 1.85], [1.85, 0.12, 1.88], [0.18, 0.58, 0.27], [1.02, 1.22, 0.49], [0.28, 2.4, 0.03], [0.06, 1.81, 0.01], [0.16, 2.12, 0.0], [0.25, 0.38, 0.9], [0.72, 4.53, 2.37], [0.04, 3.49, 0.0], [2.71, 4.18, 2.24], [0.6, 0.18, 1.44], [0.73, 0.17, 0.44], [0.41, 3.96, 1.76], [0.93, 0.2, 0.92], [1.31, 4.25, 0.66], [0.13, 3.31, 0.0], [11.36, 4.55, 0.86], [8.54, 4.22, 1.36], [0.05, 0.26, 0.22], [3.0, 4.66, 0.65], [3.06, 3.19, 0.36]]","[162, 253, 287, 299, 255, 301, 302, 257, 215, 270, 280, 293, 284, 268, 289, 279, 300, 296, 251, 185, 196, 258, 208]",16.4
533,1788358497146989559,307200,86311,21,20,165.8,"[25.0, 25.7, 28.7, 30.5, 30.9, 31.0, 81.0, 82.4, 83.1, 87.0, 91.1, 98.2, 103.2, 105.8, 111.4, 126.8, 138.8, 148.4, 154.5, 165.8]","['NEAR', 'NEAR', 'INSIDE', 'INSIDE', 'INSIDE', 'INSIDE', 'INSIDE', 'RAIL', 'INSIDE', 'INSIDE', 'INSIDE', 'INSIDE', 'OUTSIDE', 'INSIDE', 'INSIDE', 'INSIDE', 'INSIDE', 'RAIL', 'INSIDE', 'INSIDE']","[[1.43, 0.05, 1.27], [3.49, 0.13, 1.94], [0.6, 1.73, 0.06], [0.96, 1.22, 0.49], [0.23, 2.33, 0.02], [0.06, 1.6, 0.01], [0.2, 2.12, 0.0], [0.21, 0.37, 0.9], [1.43, 4.45, 2.37], [0.04, 3.64, 0.0], [4.55, 4.2, 2.27], [2.33, 4.13, 1.76], [0.92, 0.2, 0.92], [0.98, 3.9, 1.35], [0.15, 3.31, 0.0], [12.92, 4.59, 1.27], [8.56, 4.56, 0.7], [0.05, 0.26, 0.22], [3.05, 4.66, 0.65], [4.23, 4.08, 0.37]]","[162, 287, 205, 255, 301, 302, 257, 215, 270, 280, 293, 289, 279, 300, 296, 251, 185, 196, 258, 208]",20.1
534,1788358497261727108,307200,86242,24,23,165.8,"[25.0, 25.6, 28.2, 29.7, 30.5, 30.9, 31.9, 45.6, 81.0, 82.4, 82.7, 87.0, 89.9, 92.5, 99.1, 103.2, 105.8, 111.4, 125.3, 138.7, 148.4, 154.5, 165.8]","['NEAR', 'NEAR', 'NEAR', 'RAIL', 'INSIDE', 'INSIDE', 'INSIDE', 'INSIDE', 'INSIDE', 'RAIL', 'INSIDE', 'INSIDE', 'NEAR', 'INSIDE', 'INSIDE', 'OUTSIDE', 'INSIDE', 'INSIDE', 'INSIDE', 'INSIDE', 'RAIL', 'INSIDE', 'INSIDE']","[[0.55, 0.06, 1.26], [1.55, 0.05, 1.85], [1.86, 0.12, 1.88], [0.51, 0.19, 0.4], [0.59, 1.73, 0.06], [0.98, 1.22, 0.49], [0.28, 2.41, 0.03], [0.06, 1.6, 0.01], [0.13, 1.98, 0.0], [0.25, 0.38, 0.9], [0.72, 4.53, 2.37], [0.04, 3.49, 0.0], [2.15, 0.23, 1.58], [1.87, 3.83, 1.44], [0.45, 4.16, 1.76], [0.91, 0.2, 0.92], [1.01, 4.24, 1.35], [0.09, 3.31, 0.0], [9.81, 4.44, 1.26], [8.52, 4.21, 0.7], [0.01, 0.26, 0.22], [3.01, 4.66, 0.65], [4.32, 4.35, 0.37]]","[162, 253, 287, 271, 205, 255, 301, 302, 257, 215, 270, 280, 293, 284, 289, 279, 300, 296, 251, 185, 196, 258, 208]",18.9
535,1788358497349829538,307200,86241,22,21,165.1,"[28.2, 30.5, 30.5, 30.9, 30.9, 45.6, 81.0, 82.4, 82.7, 87.0, 91.1, 98.3, 99.2, 103.2, 105.7, 111.4, 126.7, 138.8, 148.4, 154.5, 165.1]","['NEAR', 'NEAR', 'RAIL', 'RAIL', 'INSIDE', 'INSIDE', 'INSIDE', 'RAIL', 'INSIDE', 'INSIDE', 'INSIDE', 'NEAR', 'INSIDE', 'OUTSIDE', 'INSIDE', 'INSIDE', 'INSIDE', 'INSIDE', 'RAIL', 'INSIDE', 'INSIDE']","[[0.56, 0.05, 1.26], [3.81, 0.13, 1.94], [0.53, 0.19, 0.4], [0.13, 0.53, 0.33], [0.96, 1.21, 0.49], [0.05, 1.81, 0.01], [0.18, 2.26, 0.0], [0.21, 0.34, 0.9], [0.69, 4.53, 2.37], [0.02, 3.64, 0.0], [4.51, 4.19, 1.61], [1.33, 0.05, 1.33], [0.4, 3.96, 0.61], [0.9, 0.31, 0.92], [0.77, 3.9, 0.42], [0.15, 3.31, 0.0], [12.84, 4.47, 1.63], [8.61, 4.22, 1.36], [0.01, 0.26, 0.22], [2.95, 4.66, 0.65], [2.91, 4.35, 0.36]]","[162, 287, 271, 299, 255, 302, 257, 215, 270, 280, 284, 289, 279, 300, 296, 298, 251, 185, 196, 258, 208]",18.3
536,1788358497453374573,307200,86229,24,23,165.1,"[25.0, 25.7, 28.2, 30.4, 30.5, 30.5, 31.0, 76.7, 81.0, 82.4, 83.1, 87.0, 89.9, 92.4, 98.5, 103.2, 105.2, 111.4, 125.3, 138.8, 148.4, 154.5, 165.1]","['NEAR', 'NEAR', 'RAIL', 'INSIDE', 'INSIDE', 'INSIDE', 'INSIDE', 'INSIDE', 'INSIDE', 'RAIL', 'INSIDE', 'INSIDE', 'NEAR', 'INSIDE', 'INSIDE', 'OUTSIDE', 'INSIDE', 'INSIDE', 'INSIDE', 'INSIDE', 'RAIL', 'INSIDE', 'OUTSIDE']","[[0.56, 0.05, 1.26], [3.58, 0.13, 1.94], [0.16, 0.58, 0.33], [0.65, 1.72, 0.07], [0.31, 1.22, 0.25], [0.11, 1.26, 0.01], [0.06, 1.81, 0.01], [2.61, 1.91, 0.84], [0.15, 1.98, 0.0], [0.2, 0.24, 0.9], [1.54, 4.53, 2.37], [0.02, 3.64, 0.0], [2.08, 0.22, 1.84], [1.8, 3.83, 1.44], [1.73, 3.94, 1.76], [0.9, 0.31, 0.92], [1.54, 4.2, 0.85], [0.19, 3.31, 0.0], [9.78, 4.44, 1.26], [8.57, 4.33, 0.7], [0.01, 0.26, 0.22], [3.01, 4.66, 0.65], [2.94, 2.31, 0.36]]","[162, 287, 299, 205, 255, 301, 302, 257, 270, 215, 280, 293, 284, 268, 279, 300, 296, 298, 251, 185, 196, 258, 208]",18.6
537,1788358497543889897,307200,86194,24,23,193.0,"[25.0, 25.7, 28.2, 30.4, 30.9, 30.9, 38.2, 81.0, 82.4, 83.1, 86.1, 89.9, 92.2, 98.5, 103.4, 106.1, 111.4, 126.8, 138.8, 148.4, 154.6, 165.8, 193.0]","['NEAR', 'NEAR', 'RAIL', 'INSIDE', 'INSIDE', 'INSIDE', 'INSIDE', 'INSIDE', 'RAIL', 'INSIDE', 'INSIDE', 'NEAR', 'INSIDE', 'INSIDE', 'OUTSIDE', 'INSIDE', 'INSIDE', 'INSIDE', 'INSIDE', 'RAIL', 'INSIDE', 'INSIDE', 'RAIL']","[[0.53, 0.05, 1.26], [3.78, 0.11, 1.85], [0.17, 0.58, 0.33], [0.61, 1.73, 0.06], [0.96, 1.22, 0.49], [0.12, 1.26, 0.01], [0.21, 0.94, 0.02], [0.15, 1.98, 0.0], [0.24, 0.32, 0.9], [1.6, 4.52, 2.37], [1.82, 3.78, 0.79], [2.13, 0.23, 2.2], [2.44, 3.84, 1.44], [1.7, 3.98, 1.76], [1.22, 0.36, 1.79], [1.6, 3.94, 0.43], [0.14, 3.31, 0.0], [12.95, 4.56, 1.26], [8.61, 4.22, 1.36], [0.01, 0.26, 0.22], [3.02, 4.66, 0.65], [4.35, 4.06, 0.37], [0.16, 1.35, 0.0]]","[162, 287, 299, 205, 255, 301, 226, 270, 215, 280, 293, 284, 268, 279, 300, 296, 298, 251, 185, 196, 258, 208, 262]",18.8
538,1788358497660782482,307200,86230,24,23,174.5,"[25.0, 25.6, 28.3, 30.4, 30.5, 30.9, 30.9, 81.0, 82.4, 82.7, 87.0, 90.4, 92.5, 98.5, 103.2, 105.1, 111.4, 127.6, 138.8, 148.4, 154.5, 165.8, 174.5]","['NEAR', 'NEAR', 'RAIL', 'INSIDE', 'INSIDE', 'INSIDE', 'INSIDE', 'INSIDE', 'RAIL', 'INSIDE', 'INSIDE', 'NEAR', 'INSIDE', 'INSIDE', 'OUTSIDE', 'INSIDE', 'INSIDE', 'INSIDE', 'INSIDE', 'RAIL', 'INSIDE', 'INSIDE', 'INSIDE']","[[0.63, 0.05, 1.26], [3.76, 0.13, 1.95], [0.17, 0.58, 0.33], [0.57, 1.73, 0.06], [0.98, 1.22, 0.49], [0.23, 1.25, 0.02], [0.06, 1.6, 0.01], [0.13, 2.26, 0.0], [0.2, 0.24, 0.9], [0.67, 4.48, 2.37], [0.03, 3.64, 0.0], [1.12, 0.22, 2.2], [1.87, 3.73, 1.41], [1.71, 3.94, 1.76], [0.9, 0.31, 0.92], [1.74, 4.28, 0.66], [0.12, 3.31, 0.0], [11.42, 4.55, 1.13], [8.56, 4.22, 0.7], [0.02, 0.26, 0.22], [3.01, 4.39, 0.65], [4.24, 4.35, 0.37], [0.04, 0.61, 0.0]]","[162, 287, 299, 205, 255, 301, 302, 270, 215, 280, 293, 284, 268, 279, 300, 296, 298, 251, 185, 196, 258, 208, 265]",20.7
539,1788358497753227615,307200,86265,22,21,165.8,"[25.3, 28.6, 29.9, 30.4, 30.5, 30.9, 31.8, 81.0, 82.4, 82.7, 87.0, 90.4, 92.2, 98.5, 103.2, 105.3, 111.4, 128.1, 138.8, 154.5, 165.8]","['NEAR', 'NEAR', 'NEAR', 'RAIL', 'INSIDE', 'INSIDE', 'INSIDE', 'INSIDE', 'RAIL', 'INSIDE', 'INSIDE', 'NEAR', 'INSIDE', 'INSIDE', 'OUTSIDE', 'INSIDE', 'INSIDE', 'INSIDE', 'INSIDE', 'INSIDE', 'INSIDE']","[[1.38, 0.06, 1.27], [1.26, 0.06, 1.85], [1.89, 0.12, 1.88], [0.22, 0.53, 0.33], [0.98, 1.22, 0.49], [0.95, 2.32, 0.1], [0.08, 1.81, 0.01], [0.12, 2.12, 0.0], [0.21, 0.23, 0.9], [0.73, 4.53, 2.37], [0.02, 3.49, 0.0], [1.1, 0.22, 1.84], [1.26, 3.83, 0.8], [1.8, 4.14, 1.48], [0.88, 0.31, 0.92], [2.02, 4.24, 1.35], [0.09, 2.92, 0.0], [10.37, 4.55, 1.13], [8.57, 4.33, 0.7], [3.0, 4.66, 0.65], [4.31, 4.05, 0.37]]","[162, 253, 287, 299, 255, 301, 302, 270, 215, 280, 293, 284, 268, 279, 300, 296, 298, 251, 185, 258, 208]",18.5
540,1788358497873461964,307200,86236,24,23,165.8,"[25.0, 25.6, 29.2, 30.4, 30.5, 30.9, 31.8, 47.1, 81.0, 82.4, 82.7, 87.0, 91.1, 94.6, 99.1, 103.2, 105.4, 111.4, 127.6, 138.0, 148.4, 154.5, 165.8]","['NEAR', 'NEAR', 'RAIL', 'RAIL', 'INSIDE', 'INSIDE', 'INSIDE', 'INSIDE', 'INSIDE', 'RAIL', 'INSIDE', 'INSIDE', 'INSIDE', 'NEAR', 'INSIDE', 'OUTSIDE', 'INSIDE', 'INSIDE', 'INSIDE', 'INSIDE', 'RAIL', 'INSIDE', 'INSIDE']","[[2.54, 0.06, 1.85], [1.87, 0.11, 1.89], [0.8, 0.1, 0.52], [0.16, 0.58, 0.33], [0.61, 1.73, 0.06], [0.96, 1.22, 0.49], [0.28, 2.41, 0.03], [0.05, 1.81, 0.01], [0.16, 1.98, 0.0], [0.2, 0.23, 0.9], [0.67, 4.44, 2.37], [0.03, 3.49, 0.0], [4.5, 4.2, 2.27], [0.69, 0.16, 0.44], [0.36, 3.96, 1.76], [0.89, 0.31, 0.92], [2.1, 4.05, 1.35], [0.16, 3.31, 0.0], [11.52, 4.55, 1.13], [7.09, 4.33, 0.7], [0.02, 0.26, 0.22], [2.99, 4.12, 0.65], [4.39, 3.48, 0.37]]","[162, 287, 271, 299, 205, 255, 301, 302, 270, 215, 280, 293, 268, 289, 279, 300, 296, 298, 251, 185, 196, 258, 208]",19.6
541,1788358497952817104,307200,86356,23,23,165.1,"[25.0, 25.7, 30.4, 30.4, 30.5, 30.9, 38.2, 81.0, 82.4, 82.9, 87.0, 89.9, 92.2, 99.1, 103.2, 105.6, 111.5, 119.2, 126.6, 138.8, 148.4, 154.5, 165.1]","['NEAR', 'RAIL', 'INSIDE', 'INSIDE', 'INSIDE', 'INSIDE', 'INSIDE', 'INSIDE', 'RAIL', 'INSIDE', 'INSIDE', 'NEAR', 'INSIDE', 'INSIDE', 'OUTSIDE', 'INSIDE', 'INSIDE', 'INSIDE', 'INSIDE', 'INSIDE', 'RAIL', 'INSIDE', 'INSIDE']","[[4.92, 0.12, 1.94], [0.19, 0.53, 0.33], [0.59, 1.73, 0.06], [0.97, 1.22, 0.49], [0.24, 2.33, 0.02], [0.05, 1.6, 0.01], [0.22, 0.94, 0.02], [0.22, 2.12, 0.0], [0.22, 0.24, 0.9], [1.08, 5.09, 2.37], [0.03, 3.64, 0.0], [2.08, 0.23, 2.21], [2.5, 3.84, 1.44], [0.36, 4.16, 1.76], [0.87, 0.31, 0.92], [2.73, 4.32, 1.34], [0.14, 3.31, 0.0], [0.16, 3.95, 0.0], [7.26, 4.45, 1.13], [8.59, 4.33, 0.7], [0.02, 0.26, 0.22], [2.98, 4.66, 0.65], [2.97, 4.06, 0.36]]","[253, 299, 205, 255, 301, 302, 226, 270, 215, 280, 293, 284, 268, 279, 300, 296, 298, 303, 251, 185, 196, 258, 208]",23.8
542,1788358498053060525,307200,86313,19,19,174.5,"[28.2, 30.5, 30.5, 31.1, 81.0, 82.4, 82.7, 87.0, 91.1, 98.5, 103.2, 105.7, 111.4, 118.6, 127.5, 138.8, 154.5, 165.2, 174.5]","['NEAR', 'NEAR', 'RAIL', 'INSIDE', 'INSIDE', 'RAIL', 'INSIDE', 'INSIDE', 'INSIDE', 'INSIDE', 'OUTSIDE', 'INSIDE', 'INSIDE', 'INSIDE', 'INSIDE', 'INSIDE', 'INSIDE', 'INSIDE', 'INSIDE']","[[0.56, 0.05, 1.26], [3.41, 0.13, 1.94], [0.12, 0.53, 0.33], [0.27, 1.21, 0.25], [0.1, 1.98, 0.0], [0.19, 0.24, 0.9], [0.75, 4.53, 2.37], [0.03, 3.49, 0.0], [4.55, 4.19, 1.62], [1.71, 4.16, 1.76], [0.94, 0.2, 0.92], [0.77, 3.9, 0.42], [0.13, 3.31, 0.0], [1.42, 4.13, 0.02], [11.42, 4.55, 1.13], [8.55, 4.21, 0.7], [2.97, 4.66, 0.65], [3.0, 4.35, 0.36], [0.0, 0.3, 0.0]]","[162, 253, 299, 255, 270, 215, 280, 293, 268, 279, 300, 296, 298, 303, 251, 185, 258, 208, 265]",22.1
543,1788358498152082161,307200,86242,24,24,165.9,"[25.0, 25.7, 30.4, 30.4, 30.5, 30.9, 35.5, 35.7, 47.1, 81.0, 82.4, 83.3, 87.0, 91.2, 98.2, 103.2, 105.2, 111.4, 119.2, 126.5, 138.7, 148.4, 154.5, 165.9]","['NEAR', 'RAIL', 'RAIL', 'INSIDE', 'INSIDE', 'INSIDE', 'INSIDE', 'INSIDE', 'INSIDE', 'INSIDE', 'RAIL', 'INSIDE', 'INSIDE', 'INSIDE', 'INSIDE', 'OUTSIDE', 'INSIDE', 'INSIDE', 'INSIDE', 'INSIDE', 'INSIDE', 'RAIL', 'INSIDE', 'INSIDE']","[[4.86, 0.13, 1.94], [0.81, 0.07, 0.28], [0.18, 0.57, 0.33], [0.61, 1.72, 0.06], [1.0, 1.22, 0.49], [1.33, 1.96, 0.09], [0.24, 2.33, 0.02], [0.04, 1.6, 0.01], [0.71, 1.75, 0.05], [0.09, 1.98, 0.0], [0.2, 0.23, 0.9], [1.66, 5.39, 2.37], [0.03, 3.64, 0.0], [4.35, 4.2, 1.87], [2.29, 4.14, 1.76], [0.91, 0.2, 0.92], [1.75, 4.24, 0.85], [0.15, 3.31, 0.0], [0.18, 4.16, 0.0], [7.22, 4.45, 1.13], [8.53, 4.33, 0.7], [0.01, 0.26, 0.22], [2.99, 4.39, 0.65], [4.34, 3.19, 0.37]]","[253, 271, 299, 205, 255, 226, 301, 302, 287, 270, 215, 280, 293, 268, 279, 300, 296, 298, 303, 251, 185, 196, 258, 208]",20.1
544,1788358498245926124,307200,86212,23,23,193.0,"[25.9, 28.7, 30.4, 30.5, 30.9, 31.0, 81.0, 82.4, 82.7, 87.0, 90.0, 92.5, 98.5, 103.1, 105.5, 111.4, 118.6, 125.3, 138.1, 148.4, 154.5, 165.8, 193.0]","['NEAR', 'NEAR', 'RAIL', 'INSIDE', 'RAIL', 'INSIDE', 'INSIDE', 'RAIL', 'INSIDE', 'INSIDE', 'NEAR', 'INSIDE', 'INSIDE', 'OUTSIDE', 'INSIDE', 'INSIDE', 'INSIDE', 'INSIDE', 'INSIDE', 'RAIL', 'INSIDE', 'INSIDE', 'RAIL']","[[1.41, 0.05, 1.27], [3.5, 0.12, 1.94], [0.19, 0.52, 0.33], [0.98, 1.22, 0.25], [0.27, 0.21, 0.12], [0.06, 1.81, 0.01], [0.21, 2.4, 0.01], [0.22, 0.37, 0.9], [0.83, 4.41, 2.37], [0.04, 3.64, 0.0], [2.03, 0.22, 1.58], [1.85, 3.83, 1.44], [1.71, 4.15, 1.76], [0.88, 0.36, 0.92], [0.27, 3.86, 0.19], [0.14, 2.92, 0.0], [1.37, 3.95, 0.02], [9.81, 4.44, 1.26], [7.13, 4.32, 0.7], [0.02, 0.26, 0.22], [2.96, 4.66, 0.65], [4.37, 4.35, 0.37], [0.07, 1.35, 0.0]]","[162, 253, 299, 255, 301, 302, 270, 215, 280, 293, 284, 268, 279, 300, 296, 298, 303, 251, 185, 196, 258, 208, 262]",29.3
545,1788358498342717521,307200,86324,21,21,165.8,"[25.9, 28.2, 29.8, 30.4, 30.5, 30.9, 31.9, 81.0, 82.4, 82.7, 87.0, 91.1, 98.5, 103.4, 105.1, 111.4, 119.2, 127.5, 138.8, 154.5, 165.8]","['NEAR', 'NEAR', 'NEAR', 'RAIL', 'INSIDE', 'RAIL', 'INSIDE', 'INSIDE', 'RAIL', 'INSIDE', 'INSIDE', 'INSIDE', 'INSIDE', 'OUTSIDE', 'INSIDE', 'INSIDE', 'INSIDE', 'INSIDE', 'INSIDE', 'INSIDE', 'INSIDE']","[[0.58, 0.05, 1.26], [1.53, 0.06, 1.85], [1.84, 0.12, 1.89], [0.16, 0.58, 0.33], [0.99, 1.22, 0.49], [0.29, 0.2, 0.12], [0.06, 1.6, 0.01], [0.16, 2.26, 0.0], [0.24, 0.23, 0.9], [0.67, 4.48, 2.37], [0.02, 3.64, 0.0], [4.49, 4.19, 1.87], [1.73, 4.16, 1.76], [1.34, 0.31, 1.79], [1.63, 4.28, 0.66], [0.13, 3.11, 0.0], [0.21, 4.16, 0.0], [11.44, 4.55, 1.13], [8.55, 4.33, 1.36], [3.0, 4.66, 0.65], [4.22, 4.05, 0.37]]","[162, 253, 255, 299, 302, 301, 287, 270, 215, 280, 293, 268, 279, 300, 296, 298, 303, 251, 185, 258, 208]",26.6
546,1788358498445795986,307200,86206,23,23,165.8,"[25.0, 25.6, 28.7, 29.9, 30.4, 30.5, 30.9, 31.8, 81.0, 82.4, 82.7, 87.0, 91.1, 99.1, 103.2, 105.2, 111.4, 118.6, 126.5, 138.7, 148.4, 154.5, 165.8]","['NEAR', 'NEAR', 'NEAR', 'RAIL', 'INSIDE', 'INSIDE', 'INSIDE', 'INSIDE', 'INSIDE', 'RAIL', 'INSIDE', 'INSIDE', 'INSIDE', 'INSIDE', 'OUTSIDE', 'INSIDE', 'INSIDE', 'INSIDE', 'INSIDE', 'INSIDE', 'RAIL', 'INSIDE', 'INSIDE']","[[1.39, 0.05, 1.27], [1.2, 0.06, 1.85], [1.85, 0.12, 1.88], [0.21, 0.53, 0.33], [0.6, 1.72, 0.06], [0.98, 1.21, 0.49], [0.26, 2.41, 0.02], [0.07, 1.81, 0.01], [0.14, 2.26, 0.0], [0.2, 0.23, 0.9], [0.72, 4.53, 2.37], [0.03, 3.64, 0.0], [4.57, 4.2, 2.24], [0.39, 3.96, 1.76], [0.88, 0.2, 0.92], [1.58, 4.05, 0.45], [0.09, 3.31, 0.0], [1.47, 3.95, 0.02], [7.21, 4.44, 1.13], [8.54, 4.32, 1.36], [0.03, 0.26, 0.22], [2.99, 4.66, 0.65], [4.23, 3.19, 0.37]]","[162, 253, 255, 299, 205, 302, 301, 287, 270, 215, 280, 293, 268, 279, 300, 296, 298, 303, 251, 185, 196, 258, 208]",23.4
547,1788358498557550290,307200,86175,22,22,165.2,"[25.0, 25.6, 28.2, 29.8, 30.5, 30.5, 31.9, 81.0, 82.4, 82.8, 87.0, 91.2, 98.6, 103.2, 105.7, 111.4, 118.6, 126.5, 138.8, 148.4, 154.5, 165.2]","['NEAR', 'NEAR', 'NEAR', 'INSIDE', 'INSIDE', 'INSIDE', 'INSIDE', 'INSIDE', 'RAIL', 'INSIDE', 'INSIDE', 'INSIDE', 'INSIDE', 'OUTSIDE', 'INSIDE', 'INSIDE', 'INSIDE', 'INSIDE', 'INSIDE', 'RAIL', 'INSIDE', 'INSIDE']","[[0.56, 0.05, 1.26], [1.6, 0.06, 1.85], [1.9, 0.12, 1.88], [0.59, 1.73, 0.06], [0.31, 1.22, 0.25], [0.3, 2.41, 0.03], [0.04, 1.6, 0.01], [0.16, 1.7, 0.0], [0.23, 0.37, 0.9], [0.68, 4.59, 2.37], [0.02, 3.64, 0.0], [4.55, 4.07, 2.27], [1.42, 4.14, 1.76], [0.88, 0.31, 0.92], [0.79, 3.9, 0.42], [0.14, 3.31, 0.0], [1.38, 3.95, 0.02], [7.26, 4.44, 1.13], [8.55, 4.21, 0.7], [0.03, 0.26, 0.22], [3.01, 4.66, 0.65], [2.99, 3.77, 0.36]]","[162, 253, 255, 205, 302, 301, 287, 270, 215, 280, 293, 268, 279, 300, 296, 298, 303, 251, 185, 196, 258, 208]",25.2
548,1788358498646537579,307200,86186,23,23,193.0,"[25.0, 25.6, 29.7, 30.5, 30.9, 31.9, 38.2, 81.1, 82.4, 82.7, 86.0, 90.0, 92.2, 99.1, 103.2, 105.3, 111.4, 118.6, 126.8, 138.8, 148.4, 154.5, 193.0]","['NEAR', 'NEAR', 'RAIL', 'INSIDE', 'INSIDE', 'INSIDE', 'INSIDE', 'INSIDE', 'RAIL', 'INSIDE', 'INSIDE', 'NEAR', 'INSIDE', 'INSIDE', 'OUTSIDE', 'INSIDE', 'INSIDE', 'INSIDE', 'INSIDE', 'INSIDE', 'RAIL', 'INSIDE', 'RAIL']","[[1.55, 0.06, 1.85], [1.83, 0.11, 1.88], [0.12, 0.53, 0.27], [0.6, 1.73, 0.06], [0.93, 1.22, 0.49], [0.27, 2.41, 0.03], [0.21, 0.94, 0.02], [0.21, 1.98, 0.0], [0.2, 0.23, 0.9], [0.74, 4.81, 2.37], [1.89, 3.77, 0.79], [1.95, 0.22, 2.21], [2.47, 3.84, 1.44], [0.19, 3.8, 0.41], [0.88, 0.36, 0.92], [2.1, 4.28, 1.34], [0.12, 3.31, 0.0], [1.39, 4.16, 0.02], [12.96, 4.55, 1.26], [8.57, 4.22, 0.7], [0.03, 0.26, 0.22], [3.01, 4.66, 0.65], [0.02, 1.01, 0.0]]","[253, 255, 299, 205, 302, 301, 226, 270, 215, 280, 293, 284, 268, 279, 300, 296, 298, 303, 251, 185, 196, 258, 262]",23.9
549,1788358498749332342,307200,86216,22,21,165.1,"[25.1, 25.7, 30.4, 30.9, 47.1, 81.0, 82.4, 82.7, 86.3, 90.4, 92.5, 99.0, 103.2, 105.8, 111.4, 118.6, 128.1, 138.8, 148.4, 154.5, 165.1]","['RAIL', 'RAIL', 'INSIDE', 'INSIDE', 'INSIDE', 'INSIDE', 'RAIL', 'INSIDE', 'INSIDE', 'NEAR', 'INSIDE', 'INSIDE', 'OUTSIDE', 'INSIDE', 'INSIDE', 'INSIDE', 'INSIDE', 'INSIDE', 'RAIL', 'INSIDE', 'INSIDE']","[[0.84, 0.1, 0.28], [0.18, 0.57, 0.33], [0.89, 1.72, 0.09], [1.02, 1.22, 0.49], [0.13, 1.26, 0.01], [0.13, 2.12, 0.0], [0.18, 0.22, 0.9], [0.68, 4.48, 2.37], [1.27, 3.77, 0.41], [1.05, 0.22, 1.58], [1.87, 3.73, 1.44], [0.18, 3.8, 0.18], [0.88, 0.2, 0.92], [2.35, 4.32, 0.66], [0.12, 3.31, 0.0], [1.41, 3.95, 0.02], [10.41, 4.55, 1.13], [8.56, 4.33, 0.7], [0.03, 0.26, 0.22], [3.0, 4.66, 0.65], [2.97, 4.35, 0.36]]","[271, 299, 205, 302, 301, 270, 215, 280, 293, 284, 268, 279, 300, 296, 298, 303, 251, 185, 196, 258, 208]",23.5
550,1788358498850516864,307200,86251,25,24,193.0,"[29.2, 30.4, 30.5, 30.9, 31.9, 35.6, 47.1, 76.5, 81.1, 82.4, 82.7, 87.0, 91.2, 98.5, 103.2, 105.6, 111.4, 118.7, 128.1, 138.7, 148.4, 154.5, 174.5, 193.0]","['NEAR', 'NEAR', 'RAIL', 'RAIL', 'INSIDE', 'INSIDE', 'INSIDE', 'INSIDE', 'INSIDE', 'RAIL', 'INSIDE', 'INSIDE', 'INSIDE', 'INSIDE', 'OUTSIDE', 'INSIDE', 'INSIDE', 'INSIDE', 'INSIDE', 'INSIDE', 'RAIL', 'INSIDE', 'INSIDE', 'RAIL']","[[2.59, 0.07, 1.85], [1.88, 0.11, 1.89], [0.82, 0.07, 0.28], [0.13, 0.58, 0.12], [1.0, 1.22, 0.49], [1.24, 1.96, 0.08], [0.04, 1.6, 0.01], [2.43, 2.04, 0.84], [0.26, 2.26, 0.01], [0.2, 0.22, 0.9], [0.65, 4.45, 2.37], [0.03, 3.49, 0.0], [4.53, 4.2, 1.87], [1.71, 3.98, 0.82], [0.91, 0.37, 0.92], [2.71, 4.32, 0.66], [0.1, 3.31, 0.0], [1.28, 3.95, 0.02], [10.36, 4.55, 1.13], [8.54, 4.22, 0.7], [0.01, 0.26, 0.22], [3.03, 4.66, 0.65], [0.04, 0.3, 0.0], [0.11, 1.35, 0.0]]","[253, 255, 271, 299, 302, 226, 287, 270, 280, 215, 293, 284, 268, 279, 300, 296, 298, 303, 251, 185, 196, 258, 265, 262]",18.3
551,1788358498949902398,307200,86355,22,21,165.8,"[24.8, 25.0, 25.7, 30.4, 30.5, 30.5, 30.9, 47.1, 81.1, 82.4, 83.1, 87.0, 90.8, 99.2, 103.4, 105.0, 111.4, 118.6, 148.4, 154.5, 165.8]","['NEAR', 'RAIL', 'RAIL', 'INSIDE', 'INSIDE', 'INSIDE', 'INSIDE', 'NEAR', 'INSIDE', 'RAIL', 'INSIDE', 'INSIDE', 'INSIDE', 'INSIDE', 'OUTSIDE', 'INSIDE', 'INSIDE', 'INSIDE', 'RAIL', 'INSIDE', 'INSIDE']","[[4.8, 0.12, 1.94], [0.84, 0.07, 0.28], [0.15, 0.53, 0.27], [0.57, 1.73, 0.06], [1.0, 1.22, 0.49], [0.25, 2.32, 0.02], [0.04, 1.81, 0.01], [0.42, 0.89, 0.05], [0.22, 2.26, 0.01], [0.23, 0.24, 0.9], [1.58, 4.53, 2.37], [0.03, 3.49, 0.0], [3.91, 4.09, 2.24], [0.36, 3.96, 1.76], [1.25, 0.36, 1.79], [1.25, 4.24, 0.66], [0.1, 3.31, 0.0], [1.4, 3.95, 0.02], [0.03, 0.26, 0.22], [2.98, 4.66, 0.65], [4.36, 3.77, 0.37]]","[253, 271, 299, 205, 302, 301, 287, 162, 280, 215, 293, 284, 268, 279, 300, 296, 298, 303, 196, 258, 208]",18.5
552,1788358499053615832,307200,86212,23,22,193.0,"[25.0, 25.6, 28.3, 29.8, 30.4, 30.9, 31.8, 81.0, 82.4, 82.8, 87.0, 89.9, 99.1, 103.2, 105.7, 111.5, 118.6, 148.4, 154.5, 165.8, 177.5, 193.0]","['NEAR', 'NEAR', 'NEAR', 'RAIL', 'INSIDE', 'INSIDE', 'INSIDE', 'INSIDE', 'RAIL', 'INSIDE', 'INSIDE', 'NEAR', 'INSIDE', 'OUTSIDE', 'INSIDE', 'INSIDE', 'INSIDE', 'RAIL', 'INSIDE', 'INSIDE', 'RAIL', 'RAIL']","[[0.62, 0.06, 1.26], [1.56, 0.06, 1.85], [1.89, 0.11, 1.88], [0.16, 0.58, 0.33], [0.57, 1.73, 0.06], [1.01, 1.22, 0.49], [0.25, 2.41, 0.02], [0.15, 1.98, 0.0], [0.18, 0.24, 0.9], [0.66, 4.44, 2.37], [0.04, 3.64, 0.0], [2.14, 0.23, 1.59], [0.35, 3.96, 1.76], [0.93, 0.2, 0.92], [0.76, 3.9, 0.42], [0.15, 2.92, 0.0], [1.34, 4.16, 0.02], [0.02, 0.26, 0.22], [2.99, 4.66, 0.65], [4.27, 4.06, 0.37], [3.35, 1.36, 0.77], [0.13, 1.35, 0.0]]","[253, 302, 255, 299, 205, 287, 301, 280, 215, 293, 284, 268, 279, 300, 296, 298, 303, 196, 258, 208, 265, 262]",17.4
553,1788358499143200190,307200,86289,24,21,165.2,"[25.3, 25.9, 28.2, 29.8, 30.4, 30.9, 31.8, 81.0, 82.4, 82.7, 86.9, 98.5, 103.2, 105.8, 111.4, 118.6, 128.1, 138.8, 148.4, 154.5, 165.2]","['NEAR', 'NEAR', 'NEAR', 'RAIL', 'INSIDE', 'INSIDE', 'RAIL', 'INSIDE', 'RAIL', 'INSIDE', 'INSIDE', 'INSIDE', 'OUTSIDE', 'INSIDE', 'INSIDE', 'INSIDE', 'INSIDE', 'INSIDE', 'RAIL', 'INSIDE', 'INSIDE']","[[0.57, 0.05, 1.26], [1.55, 0.06, 1.85], [1.84, 0.12, 1.89], [0.22, 0.53, 0.33], [0.96, 1.21, 0.25], [0.94, 2.41, 0.1], [0.27, 0.19, 0.12], [0.14, 1.98, 0.0], [0.24, 0.51, 0.9], [0.66, 4.43, 2.37], [0.02, 3.49, 0.0], [1.76, 4.15, 1.48], [0.89, 0.2, 0.92], [0.93, 4.24, 1.35], [0.13, 2.92, 0.0], [1.42, 4.16, 0.02], [10.34, 4.55, 1.13], [8.57, 4.21, 0.7], [0.02, 0.26, 0.22], [3.01, 4.66, 0.65], [3.01, 4.35, 0.36]]","[253, 302, 255, 299, 287, 301, 162, 280, 215, 293, 284, 279, 300, 296, 298, 303, 251, 185, 196, 258, 208]",16.4
554,1788358499239693018,307200,86195,23,22,193.0,"[25.0, 25.7, 28.2, 30.5, 30.5, 30.9, 38.2, 81.0, 82.4, 82.7, 87.0, 98.5, 103.2, 105.6, 111.4, 118.6, 126.8, 138.8, 148.4, 154.5, 165.2, 193.0]","['NEAR', 'NEAR', 'RAIL', 'INSIDE', 'INSIDE', 'INSIDE', 'INSIDE', 'INSIDE', 'RAIL', 'INSIDE', 'INSIDE', 'INSIDE', 'OUTSIDE', 'INSIDE', 'INSIDE', 'INSIDE', 'INSIDE', 'INSIDE', 'RAIL', 'INSIDE', 'INSIDE', 'RAIL']","[[0.56, 0.05, 1.26], [3.86, 0.13, 1.94], [0.12, 0.53, 0.33], [0.59, 1.73, 0.06], [0.31, 1.22, 0.25], [0.11, 1.26, 0.01], [0.2, 0.94, 0.01], [0.19, 2.12, 0.0], [0.26, 0.37, 0.9], [0.73, 4.67, 2.37], [0.02, 3.64, 0.0], [1.73, 3.98, 1.76], [0.87, 0.36, 0.92], [0.7, 3.9, 0.43], [0.17, 2.92, 0.0], [1.39, 4.16, 0.02], [12.79, 4.55, 1.63], [8.56, 4.22, 0.7], [0.03, 0.26, 0.22], [3.01, 4.66, 0.65], [3.01, 4.06, 0.36], [0.11, 1.35, 0.0]]","[253, 255, 299, 205, 287, 301, 226, 280, 215, 293, 284, 279, 300, 296, 298, 303, 251, 185, 196, 258, 208, 262]",26.5
555,1788358499346730526,307200,86241,25,22,193.0,"[25.0, 25.7, 28.2, 30.4, 30.9, 30.9, 38.2, 81.0, 82.4, 83.2, 87.0, 98.5, 103.2, 105.2, 111.4, 113.2, 125.3, 138.8, 148.4, 154.6, 165.9, 193.0]","['NEAR', 'NEAR', 'RAIL', 'INSIDE', 'INSIDE', 'INSIDE', 'INSIDE', 'INSIDE', 'RAIL', 'INSIDE', 'INSIDE', 'INSIDE', 'OUTSIDE', 'INSIDE', 'INSIDE', 'RAIL', 'INSIDE', 'INSIDE', 'RAIL', 'INSIDE', 'INSIDE', 'RAIL']","[[0.56, 0.05, 1.26], [3.8, 0.13, 1.94], [0.15, 0.58, 0.33], [0.6, 1.73, 0.06], [1.07, 1.22, 0.49], [0.25, 2.33, 0.02], [0.19, 0.94, 0.01], [0.21, 2.26, 0.0], [0.24, 0.37, 0.9], [1.65, 5.48, 2.37], [0.07, 3.64, 0.0], [1.71, 4.0, 1.76], [0.92, 0.31, 0.92], [1.73, 4.05, 0.45], [0.12, 3.31, 0.0], [0.04, 0.21, 0.32], [9.86, 4.45, 1.26], [8.55, 4.22, 0.7], [0.02, 0.26, 0.22], [3.07, 4.66, 0.65], [4.36, 4.06, 0.37], [0.16, 1.01, 0.0]]","[253, 255, 299, 205, 287, 301, 226, 280, 215, 293, 284, 279, 300, 296, 298, 303, 251, 185, 196, 258, 208, 262]",20.6
556,1788358499445938380,307200,86287,23,20,193.0,"[25.3, 28.2, 29.8, 30.4, 30.5, 31.9, 81.0, 82.4, 82.7, 87.0, 99.2, 103.2, 104.9, 111.4, 128.1, 138.8, 148.4, 154.5, 165.8, 193.0]","['NEAR', 'NEAR', 'NEAR', 'RAIL', 'INSIDE', 'INSIDE', 'INSIDE', 'RAIL', 'INSIDE', 'INSIDE', 'INSIDE', 'OUTSIDE', 'INSIDE', 'INSIDE', 'INSIDE', 'INSIDE', 'RAIL', 'INSIDE', 'INSIDE', 'RAIL']","[[0.55, 0.05, 1.26], [1.55, 0.07, 1.85], [1.84, 0.12, 1.88], [0.18, 0.58, 0.33], [0.28, 1.22, 0.25], [0.96, 2.41, 0.1], [0.19, 2.26, 0.0], [0.19, 0.24, 0.9], [0.66, 4.43, 2.37], [0.04, 3.49, 0.0], [0.34, 3.96, 0.61], [0.9, 0.31, 0.92], [1.27, 4.24, 0.66], [0.12, 3.31, 0.0], [10.32, 4.55, 1.13], [8.54, 4.22, 0.7], [0.01, 0.26, 0.22], [3.02, 4.66, 0.65], [4.27, 4.35, 0.37], [0.04, 1.01, 0.0]]","[253, 302, 255, 299, 287, 301, 280, 215, 293, 284, 279, 300, 296, 298, 251, 185, 196, 258, 208, 262]",20.7
557,1788358499541329148,307200,86260,23,19,165.8,"[25.3, 28.2, 29.8, 30.4, 30.5, 31.9, 81.0, 82.4, 82.7, 87.0, 98.5, 103.2, 104.9, 111.4, 128.1, 138.8, 148.4, 154.5, 165.8]","['NEAR', 'NEAR', 'NEAR', 'RAIL', 'INSIDE', 'INSIDE', 'INSIDE', 'RAIL', 'INSIDE', 'INSIDE', 'INSIDE', 'OUTSIDE', 'INSIDE', 'INSIDE', 'INSIDE', 'INSIDE', 'RAIL', 'INSIDE', 'INSIDE']","[[0.54, 0.05, 1.26], [1.53, 0.06, 1.85], [1.78, 0.12, 1.89], [0.21, 0.53, 0.33], [0.29, 1.22, 0.25], [0.94, 2.41, 0.1], [0.17, 2.26, 0.0], [0.2, 0.37, 0.9], [0.66, 4.44, 2.37], [0.04, 3.49, 0.0], [1.77, 3.96, 1.76], [0.86, 0.2, 0.92], [1.28, 4.01, 0.45], [0.14, 3.31, 0.0], [10.4, 4.55, 1.13], [8.55, 4.33, 0.7], [0.01, 0.26, 0.22], [2.96, 4.66, 0.65], [4.34, 4.35, 0.37]]","[253, 302, 255, 299, 287, 301, 280, 215, 293, 284, 279, 300, 296, 298, 251, 185, 196, 258, 208]",17.9
558,1788358499656904547,307200,86321,22,19,165.9,"[25.0, 25.7, 28.2, 30.5, 31.0, 81.1, 82.4, 83.1, 87.0, 94.6, 99.1, 103.2, 105.7, 111.4, 126.7, 138.8, 148.4, 154.5, 165.9]","['NEAR', 'NEAR', 'INSIDE', 'INSIDE', 'INSIDE', 'INSIDE', 'RAIL', 'INSIDE', 'INSIDE', 'NEAR', 'INSIDE', 'OUTSIDE', 'INSIDE', 'INSIDE', 'INSIDE', 'INSIDE', 'RAIL', 'INSIDE', 'INSIDE']","[[0.55, 0.05, 1.26], [3.48, 0.12, 1.94], [0.59, 1.73, 0.06], [0.29, 1.22, 0.25], [0.22, 2.33, 0.02], [0.21, 2.26, 0.01], [0.24, 0.37, 0.9], [1.47, 4.73, 2.37], [0.02, 3.49, 0.0], [0.74, 0.22, 0.62], [0.45, 4.14, 1.76], [0.86, 0.31, 0.92], [0.74, 3.9, 0.42], [0.14, 3.31, 0.0], [12.82, 4.47, 1.63], [8.54, 4.22, 0.7], [0.01, 0.26, 0.22], [3.0, 4.66, 0.65], [4.37, 4.06, 0.37]]","[253, 255, 205, 287, 301, 280, 215, 293, 284, 279, 300, 296, 298, 303, 251, 185, 196, 258, 208]",17.1
559,1788358499760363332,307200,86266,23,20,193.0,"[25.0, 28.7, 30.5, 31.0, 81.0, 82.4, 82.8, 87.0, 89.9, 94.5, 98.2, 103.2, 105.0, 111.4, 125.3, 138.8, 148.4, 154.5, 165.8, 193.0]","['NEAR', 'NEAR', 'INSIDE', 'INSIDE', 'INSIDE', 'RAIL', 'INSIDE', 'INSIDE', 'NEAR', 'NEAR', 'INSIDE', 'OUTSIDE', 'INSIDE', 'INSIDE', 'INSIDE', 'INSIDE', 'RAIL', 'INSIDE', 'INSIDE', 'RAIL']","[[1.4, 0.05, 1.27], [3.5, 0.13, 1.94], [0.56, 1.73, 0.06], [0.25, 1.21, 0.25], [0.18, 2.26, 0.0], [0.19, 0.37, 0.9], [0.68, 4.45, 2.37], [0.03, 3.49, 0.0], [2.17, 0.23, 1.59], [0.74, 0.22, 0.62], [2.31, 4.16, 1.76], [0.92, 0.36, 0.92], [1.4, 4.24, 0.85], [0.19, 3.31, 0.0], [9.88, 4.45, 1.01], [8.57, 4.22, 1.36], [0.02, 0.26, 0.22], [3.01, 4.66, 0.65], [4.36, 3.77, 0.37], [0.06, 1.35, 0.0]]","[253, 255, 205, 287, 280, 215, 293, 284, 268, 279, 300, 296, 298, 303, 251, 185, 196, 258, 208, 262]",21.0
560,1788358499868896533,307200,86201,24,20,193.0,"[25.2, 25.7, 25.9, 30.4, 30.4, 30.9, 81.0, 82.4, 83.2, 87.0, 99.1, 103.2, 105.7, 111.4, 127.5, 138.8, 148.4, 154.5, 165.1, 193.0]","['NEAR', 'RAIL', 'INSIDE', 'INSIDE', 'RAIL', 'INSIDE', 'INSIDE', 'RAIL', 'INSIDE', 'INSIDE', 'INSIDE', 'OUTSIDE', 'INSIDE', 'INSIDE', 'INSIDE', 'INSIDE', 'RAIL', 'INSIDE', 'INSIDE', 'RAIL']","[[4.81, 0.13, 1.94], [0.21, 0.53, 0.33], [0.85, 1.73, 0.08], [0.96, 1.22, 0.49], [0.24, 0.19, 0.12], [0.25, 1.25, 0.02], [0.24, 2.12, 0.01], [0.19, 0.37, 0.9], [1.49, 4.44, 2.37], [0.04, 3.64, 0.0], [0.38, 4.15, 0.62], [0.89, 0.31, 0.92], [0.77, 4.24, 0.85], [0.16, 2.92, 0.0], [11.42, 4.55, 1.13], [8.56, 4.22, 0.7], [0.03, 0.26, 0.22], [3.0, 4.66, 0.65], [2.94, 4.35, 0.36], [0.11, 1.35, 0.0]]","[302, 299, 205, 287, 162, 301, 280, 215, 293, 284, 300, 296, 298, 303, 251, 185, 196, 258, 208, 262]",16.7
561,1788358499958160714,307200,86253,25,22,174.5,"[25.0, 25.7, 29.2, 30.4, 30.9, 31.9, 38.2, 81.0, 82.4, 82.7, 87.0, 89.9, 98.5, 103.2, 105.7, 111.4, 127.5, 138.8, 148.4, 154.5, 165.8, 174.5]","['NEAR', 'NEAR', 'RAIL', 'INSIDE', 'INSIDE', 'INSIDE', 'INSIDE', 'INSIDE', 'RAIL', 'INSIDE', 'INSIDE', 'NEAR', 'INSIDE', 'OUTSIDE', 'INSIDE', 'INSIDE', 'INSIDE', 'INSIDE', 'RAIL', 'INSIDE', 'INSIDE', 'INSIDE']","[[2.55, 0.07, 1.85], [1.82, 0.12, 1.88], [0.17, 0.57, 0.33], [0.58, 1.73, 0.06], [1.0, 1.22, 0.49], [0.09, 1.26, 0.01], [0.22, 0.94, 0.02], [0.14, 2.12, 0.0], [0.2, 0.24, 0.9], [0.64, 4.44, 2.37], [0.03, 3.49, 0.0], [2.12, 0.23, 1.58], [1.71, 4.15, 1.76], [0.89, 0.31, 0.92], [0.77, 4.24, 0.85], [0.15, 3.31, 0.0], [11.43, 4.56, 1.13], [8.58, 4.22, 0.7], [0.01, 0.26, 0.22], [3.01, 4.66, 0.65], [4.38, 3.77, 0.37], [0.05, 0.61, 0.0]]","[253, 255, 299, 205, 287, 301, 226, 280, 215, 293, 284, 268, 300, 296, 298, 303, 251, 185, 196, 258, 208, 265]",18.8
562,1788358500054599148,307200,86270,25,22,193.0,"[25.0, 25.7, 28.6, 30.9, 31.0, 35.6, 35.7, 81.0, 82.4, 82.7, 87.0, 89.9, 99.1, 103.2, 105.5, 111.4, 126.8, 138.8, 148.4, 154.5, 165.2, 193.0]","['NEAR', 'NEAR', 'INSIDE', 'INSIDE', 'INSIDE', 'INSIDE', 'INSIDE', 'INSIDE', 'RAIL', 'INSIDE', 'INSIDE', 'NEAR', 'INSIDE', 'OUTSIDE', 'INSIDE', 'INSIDE', 'INSIDE', 'INSIDE', 'RAIL', 'INSIDE', 'INSIDE', 'RAIL']","[[1.42, 0.06, 1.27], [3.54, 0.13, 1.85], [0.56, 1.73, 0.06], [0.99, 1.22, 0.49], [1.28, 1.96, 0.08], [0.27, 2.41, 0.02], [0.73, 1.87, 0.05], [0.15, 1.98, 0.0], [0.22, 0.38, 0.9], [0.76, 4.53, 2.37], [0.04, 3.64, 0.0], [2.16, 0.23, 2.21], [0.42, 3.96, 1.76], [0.9, 0.36, 0.92], [1.73, 4.28, 1.35], [0.14, 3.31, 0.0], [12.79, 4.55, 1.26], [8.55, 4.22, 0.7], [0.01, 0.26, 0.22], [2.98, 4.66, 0.65], [3.05, 4.35, 0.36], [0.04, 1.01, 0.0]]","[253, 302, 205, 287, 226, 301, 255, 280, 215, 293, 284, 268, 300, 296, 298, 303, 251, 185, 196, 258, 208, 262]",23.3
563,1788358500155495261,307200,86336,22,18,165.1,"[30.4, 30.5, 31.8, 38.2, 81.1, 82.4, 83.1, 87.0, 90.0, 98.6, 103.2, 105.7, 111.4, 125.3, 138.8, 148.4, 154.5, 165.1]","['NEAR', 'RAIL', 'INSIDE', 'INSIDE', 'INSIDE', 'RAIL', 'INSIDE', 'INSIDE', 'NEAR', 'INSIDE', 'OUTSIDE', 'INSIDE', 'INSIDE', 'INSIDE', 'INSIDE', 'RAIL', 'INSIDE', 'INSIDE']","[[1.89, 0.12, 1.88], [0.18, 0.58, 0.33], [0.32, 1.22, 0.25], [0.2, 0.94, 0.01], [0.17, 1.98, 0.0], [0.2, 0.24, 0.9], [1.49, 4.59, 2.37], [0.03, 3.64, 0.0], [2.12, 0.23, 2.21], [1.47, 4.14, 1.48], [0.93, 0.31, 0.92], [0.73, 3.9, 0.42], [0.14, 3.31, 0.0], [9.86, 4.45, 1.26], [8.59, 4.22, 0.7], [0.01, 0.26, 0.22], [3.0, 4.66, 0.65], [2.89, 3.77, 0.36]]","[302, 299, 287, 255, 280, 215, 293, 284, 268, 300, 296, 298, 303, 251, 185, 196, 258, 208]",23.4
564,1788358500250572931,307200,86233,23,21,174.5,"[25.0, 25.7, 29.8, 30.4, 30.5, 31.9, 81.0, 82.4, 83.1, 87.0, 94.6, 98.2, 103.2, 105.6, 111.4, 128.1, 138.8, 148.4, 154.5, 165.2, 174.5]","['NEAR', 'NEAR', 'RAIL', 'INSIDE', 'INSIDE', 'INSIDE', 'INSIDE', 'RAIL', 'INSIDE', 'INSIDE', 'NEAR', 'INSIDE', 'OUTSIDE', 'INSIDE', 'INSIDE', 'INSIDE', 'INSIDE', 'RAIL', 'INSIDE', 'INSIDE', 'INSIDE']","[[1.51, 0.05, 1.85], [1.83, 0.12, 1.88], [0.21, 0.53, 0.33], [0.59, 1.73, 0.06], [0.3, 1.22, 0.25], [0.22, 2.33, 0.02], [0.17, 2.12, 0.0], [0.19, 0.23, 0.9], [1.48, 4.44, 2.37], [0.03, 3.64, 0.0], [0.65, 0.17, 0.44], [2.33, 4.13, 1.76], [0.9, 0.31, 0.92], [2.61, 4.09, 0.45], [0.14, 3.31, 0.0], [10.37, 4.55, 1.13], [8.57, 4.58, 0.7], [0.03, 0.26, 0.22], [2.99, 4.66, 0.65], [3.06, 4.06, 0.36], [0.01, 0.3, 0.0]]","[253, 302, 299, 205, 287, 301, 280, 215, 293, 284, 279, 300, 296, 298, 303, 251, 185, 196, 258, 208, 265]",24.6
565,1788358500347674837,307200,86277,25,21,193.0,"[25.9, 28.7, 30.4, 30.9, 31.1, 81.0, 82.4, 83.1, 87.0, 90.0, 94.6, 99.2, 103.4, 105.2, 111.4, 126.7, 138.8, 148.4, 154.5, 165.2, 193.0]","['NEAR', 'NEAR', 'RAIL', 'INSIDE', 'RAIL', 'INSIDE', 'RAIL', 'INSIDE', 'INSIDE', 'NEAR', 'NEAR', 'INSIDE', 'OUTSIDE', 'INSIDE', 'INSIDE', 'INSIDE', 'INSIDE', 'RAIL', 'INSIDE', 'INSIDE', 'RAIL']","[[1.4, 0.05, 1.27], [3.45, 0.13, 1.94], [0.2, 0.53, 0.33], [0.94, 1.21, 0.49], [0.28, 0.21, 0.12], [0.23, 2.12, 0.01], [0.22, 0.51, 0.9], [1.58, 4.44, 2.37], [0.04, 3.49, 0.0], [2.13, 0.23, 1.96], [0.74, 0.22, 0.62], [0.33, 3.93, 1.27], [1.28, 0.36, 1.79], [1.71, 4.05, 0.45], [0.13, 3.31, 0.0], [12.9, 4.55, 1.27], [8.57, 4.22, 0.7], [0.04, 0.26, 0.22], [3.02, 4.66, 0.65], [2.98, 4.06, 0.36], [0.07, 1.01, 0.0]]","[253, 302, 299, 287, 162, 280, 215, 293, 284, 268, 279, 300, 296, 298, 303, 251, 185, 196, 258, 208, 262]",28.0
566,1788358500446281709,307200,86262,24,21,193.0,"[25.6, 28.2, 30.4, 30.9, 31.1, 81.0, 82.4, 82.7, 87.0, 89.9, 92.2, 98.5, 103.4, 105.6, 111.4, 127.5, 138.8, 148.4, 154.5, 165.9, 193.0]","['NEAR', 'NEAR', 'RAIL', 'INSIDE', 'INSIDE', 'INSIDE', 'RAIL', 'INSIDE', 'INSIDE', 'NEAR', 'INSIDE', 'INSIDE', 'OUTSIDE', 'INSIDE', 'INSIDE', 'INSIDE', 'INSIDE', 'RAIL', 'INSIDE', 'INSIDE', 'RAIL']","[[0.59, 0.06, 1.26], [3.38, 0.13, 1.94], [0.19, 0.53, 0.6], [0.95, 1.22, 0.49], [0.26, 2.41, 0.02], [0.18, 1.98, 0.0], [0.24, 0.23, 0.9], [0.75, 4.53, 2.37], [0.02, 3.49, 0.0], [2.1, 0.23, 1.59], [2.47, 3.84, 1.44], [1.73, 3.98, 1.76], [1.27, 0.22, 1.79], [2.69, 4.32, 0.66], [0.14, 3.11, 0.0], [11.42, 4.55, 1.13], [8.55, 4.21, 0.7], [0.02, 0.26, 0.22], [3.02, 4.66, 0.65], [4.38, 4.35, 0.37], [0.11, 1.35, 0.0]]","[253, 302, 299, 287, 301, 280, 215, 293, 284, 268, 306, 300, 296, 298, 303, 251, 185, 196, 258, 208, 262]",20.7
567,1788358500552007146,307200,86271,26,23,193.0,"[25.0, 25.7, 29.2, 30.4, 30.9, 31.9, 81.0, 82.4, 82.7, 87.0, 89.9, 92.5, 94.6, 99.2, 103.2, 105.1, 111.4, 128.1, 138.7, 148.4, 154.5, 165.2, 193.0]","['NEAR', 'NEAR', 'RAIL', 'INSIDE', 'INSIDE', 'INSIDE', 'INSIDE', 'RAIL', 'INSIDE', 'INSIDE', 'NEAR', 'INSIDE', 'NEAR', 'INSIDE', 'OUTSIDE', 'INSIDE', 'INSIDE', 'INSIDE', 'INSIDE', 'RAIL', 'INSIDE', 'INSIDE', 'RAIL']","[[2.58, 0.07, 1.85], [1.87, 0.12, 1.89], [0.2, 0.53, 0.27], [0.6, 1.73, 0.06], [0.94, 1.22, 0.25], [0.14, 1.25, 0.01], [0.14, 1.84, 0.0], [0.22, 0.37, 0.9], [0.75, 4.53, 2.37], [0.04, 3.64, 0.0], [2.14, 0.23, 2.2], [1.84, 3.83, 1.44], [0.75, 0.17, 0.44], [0.42, 3.96, 0.61], [0.91, 0.31, 0.92], [1.9, 4.28, 0.66], [0.1, 3.11, 0.0], [10.29, 4.55, 1.13], [8.52, 4.21, 0.7], [0.03, 0.26, 0.22], [2.98, 4.39, 0.65], [2.99, 4.06, 0.36], [0.1, 1.01, 0.0]]","[253, 302, 299, 205, 287, 301, 280, 215, 293, 284, 268, 306, 279, 300, 296, 298, 303, 251, 185, 196, 258, 208, 262]",18.0
568,1788358500640443247,307200,86355,25,22,193.0,"[25.7, 25.9, 30.4, 30.4, 30.9, 81.0, 82.4, 82.4, 82.7, 87.0, 89.7, 92.1, 94.5, 98.5, 103.2, 111.4, 127.5, 138.7, 148.4, 154.5, 165.2, 193.0]","['NEAR', 'RAIL', 'INSIDE', 'RAIL', 'INSIDE', 'INSIDE', 'RAIL', 'INSIDE', 'OUTSIDE', 'INSIDE', 'NEAR', 'INSIDE', 'NEAR', 'INSIDE', 'OUTSIDE', 'INSIDE', 'INSIDE', 'INSIDE', 'RAIL', 'INSIDE', 'INSIDE', 'RAIL']","[[4.83, 0.12, 1.94], [0.2, 0.53, 0.33], [0.98, 1.22, 0.49], [0.29, 0.21, 0.12], [0.12, 1.26, 0.01], [0.12, 1.84, 0.0], [0.27, 0.37, 0.9], [0.04, 2.88, 0.0], [0.71, 1.41, 2.02], [0.03, 3.49, 0.0], [2.6, 0.25, 1.58], [2.56, 3.84, 1.44], [0.72, 0.22, 0.62], [1.73, 3.98, 1.76], [0.9, 0.36, 0.92], [0.11, 3.31, 0.0], [11.34, 4.55, 1.13], [8.54, 4.22, 0.7], [0.02, 0.26, 0.22], [2.95, 4.66, 0.65], [2.98, 3.77, 0.36], [0.12, 1.35, 0.0]]","[253, 299, 287, 162, 301, 280, 215, 293, 284, 268, 306, 279, 300, 296, 298, 303, 251, 185, 196, 258, 208, 262]",27.8
569,1788358500759237083,307200,86242,23,21,193.0,"[25.0, 25.7, 30.4, 30.8, 31.8, 38.2, 81.0, 82.4, 83.2, 86.3, 90.0, 92.2, 99.1, 103.2, 111.4, 126.8, 138.8, 148.4, 154.5, 165.9, 193.0]","['NEAR', 'RAIL', 'INSIDE', 'INSIDE', 'INSIDE', 'INSIDE', 'INSIDE', 'RAIL', 'INSIDE', 'INSIDE', 'NEAR', 'INSIDE', 'INSIDE', 'OUTSIDE', 'INSIDE', 'INSIDE', 'INSIDE', 'RAIL', 'INSIDE', 'INSIDE', 'RAIL']","[[1.88, 0.12, 1.88], [0.16, 0.58, 0.27], [0.59, 1.73, 0.06], [0.94, 1.22, 0.49], [0.23, 2.33, 0.02], [0.19, 0.94, 0.01], [0.14, 1.98, 0.0], [0.21, 0.24, 0.9], [1.68, 5.38, 2.37], [1.3, 3.77, 0.42], [2.18, 0.24, 2.21], [2.45, 3.84, 1.44], [0.39, 3.96, 1.76], [0.89, 0.36, 0.92], [0.14, 3.31, 0.0], [12.94, 4.55, 1.26], [8.55, 3.96, 0.7], [0.04, 0.26, 0.22], [2.99, 4.66, 0.65], [4.4, 3.77, 0.37], [0.09, 1.35, 0.0]]","[302, 299, 205, 287, 301, 255, 280, 215, 293, 268, 306, 279, 296, 298, 303, 251, 185, 196, 258, 208, 262]",25.4
570,1788358500855086919,307200,86332,23,21,193.0,"[25.0, 25.6, 28.2, 30.4, 30.9, 31.0, 81.1, 82.4, 82.7, 87.0, 89.9, 92.2, 99.2, 103.4, 111.4, 128.1, 138.8, 148.4, 154.5, 165.1, 193.0]","['NEAR', 'NEAR', 'RAIL', 'INSIDE', 'INSIDE', 'INSIDE', 'INSIDE', 'RAIL', 'INSIDE', 'INSIDE', 'NEAR', 'INSIDE', 'INSIDE', 'OUTSIDE', 'INSIDE', 'INSIDE', 'INSIDE', 'RAIL', 'INSIDE', 'INSIDE', 'RAIL']","[[0.55, 0.06, 1.26], [3.48, 0.12, 1.94], [0.16, 0.58, 0.33], [0.59, 1.73, 0.06], [0.97, 1.22, 0.49], [0.26, 2.41, 0.02], [0.27, 2.26, 0.01], [0.24, 0.38, 0.9], [0.76, 4.67, 2.37], [0.02, 3.64, 0.0], [2.13, 0.23, 2.21], [2.5, 3.84, 1.44], [0.33, 3.96, 1.76], [1.3, 0.22, 1.79], [0.13, 3.31, 0.0], [10.27, 4.55, 0.86], [8.64, 4.47, 1.36], [0.02, 0.26, 0.22], [3.01, 4.66, 0.65], [2.93, 4.06, 0.36], [0.05, 1.01, 0.0]]","[253, 302, 299, 205, 287, 301, 280, 215, 293, 268, 306, 279, 296, 298, 303, 251, 185, 196, 258, 208, 262]",20.0
571,1788358500937579134,307200,86313,27,23,193.0,"[25.0, 25.7, 28.2, 29.8, 30.4, 31.8, 81.0, 82.4, 82.7, 87.0, 89.9, 91.6, 93.1, 99.1, 103.2, 111.4, 126.8, 138.8, 148.4, 154.5, 165.9, 174.5, 193.0]","['NEAR', 'NEAR', 'NEAR', 'RAIL', 'INSIDE', 'INSIDE', 'INSIDE', 'RAIL', 'INSIDE', 'INSIDE', 'NEAR', 'INSIDE', 'OUTSIDE', 'INSIDE', 'OUTSIDE', 'INSIDE', 'INSIDE', 'INSIDE', 'RAIL', 'INSIDE', 'INSIDE', 'INSIDE', 'RAIL']","[[0.53, 0.06, 1.26], [1.52, 0.07, 1.85], [1.88, 0.12, 1.88], [0.18, 0.58, 0.27], [0.58, 1.73, 0.06], [0.19, 1.79, 0.02], [0.17, 2.26, 0.0], [0.2, 0.37, 0.9], [0.68, 4.48, 2.37], [0.05, 3.64, 0.0], [2.11, 0.23, 1.58], [0.04, 3.52, 0.0], [0.67, 0.45, 1.02], [0.43, 3.96, 1.76], [0.9, 0.37, 0.92], [0.16, 3.11, 0.0], [13.0, 4.55, 1.26], [8.56, 3.96, 0.7], [0.02, 0.26, 0.22], [2.97, 4.66, 0.65], [4.38, 3.77, 0.37], [0.05, 0.91, 0.0], [0.09, 1.35, 0.0]]","[253, 302, 287, 299, 205, 301, 280, 215, 293, 268, 306, 279, 300, 296, 298, 303, 251, 185, 196, 258, 208, 265, 262]",20.9
572,1788358501058603323,307200,86255,21,19,177.5,"[30.5, 30.5, 30.9, 30.9, 81.0, 82.4, 83.1, 87.0, 89.9, 91.5, 93.1, 98.1, 103.2, 111.4, 126.8, 138.8, 154.5, 165.1, 177.5]","['NEAR', 'RAIL', 'INSIDE', 'INSIDE', 'INSIDE', 'RAIL', 'INSIDE', 'INSIDE', 'NEAR', 'INSIDE', 'OUTSIDE', 'INSIDE', 'OUTSIDE', 'INSIDE', 'INSIDE', 'INSIDE', 'INSIDE', 'INSIDE', 'RAIL']","[[3.83, 0.12, 1.94], [0.2, 0.58, 0.33], [1.0, 1.22, 0.49], [0.05, 1.81, 0.01], [0.19, 2.12, 0.0], [0.24, 0.24, 0.9], [1.59, 4.53, 2.37], [0.02, 3.49, 0.0], [2.13, 0.23, 1.84], [0.04, 3.52, 0.0], [0.61, 0.33, 1.44], [2.27, 4.14, 1.76], [0.87, 0.2, 0.92], [0.12, 3.11, 0.0], [13.03, 4.55, 0.99], [8.55, 3.97, 1.36], [2.93, 4.66, 0.65], [2.97, 4.06, 0.36], [3.36, 1.36, 0.77]]","[287, 299, 305, 302, 280, 215, 293, 268, 306, 279, 300, 296, 298, 303, 251, 185, 258, 208, 265]",22.6
573,1788358501149666287,307200,86241,22,21,165.8,"[25.7, 30.5, 30.9, 30.9, 35.5, 35.6, 81.0, 82.4, 82.7, 87.0, 89.9, 92.2, 99.1, 103.2, 111.5, 118.6, 125.3, 138.7, 148.4, 154.5, 165.8]","['NEAR', 'RAIL', 'INSIDE', 'INSIDE', 'INSIDE', 'INSIDE', 'INSIDE', 'RAIL', 'INSIDE', 'INSIDE', 'NEAR', 'INSIDE', 'INSIDE', 'OUTSIDE', 'INSIDE', 'INSIDE', 'INSIDE', 'INSIDE', 'RAIL', 'INSIDE', 'INSIDE']","[[3.83, 0.12, 1.94], [0.14, 0.53, 0.33], [1.01, 1.22, 0.49], [1.16, 1.83, 0.08], [0.24, 2.33, 0.02], [0.69, 1.75, 0.05], [0.17, 2.26, 0.0], [0.26, 0.39, 0.9], [0.67, 4.57, 2.37], [0.04, 3.64, 0.0], [2.11, 0.23, 1.84], [2.38, 3.85, 1.41], [0.35, 3.96, 1.76], [0.9, 0.31, 0.92], [0.13, 3.31, 0.0], [1.44, 4.16, 0.02], [9.74, 4.45, 0.99], [8.52, 4.58, 0.7], [0.04, 0.26, 0.22], [3.01, 4.66, 0.65], [4.33, 4.35, 0.37]]","[287, 299, 305, 255, 301, 302, 280, 215, 293, 268, 306, 279, 296, 298, 303, 308, 251, 185, 196, 258, 208]",24.1
574,1788358501262878619,307200,86225,21,20,193.0,"[30.4, 30.4, 30.5, 30.9, 81.1, 82.4, 82.8, 87.0, 90.4, 92.2, 98.5, 103.2, 111.4, 118.6, 128.1, 138.8, 148.4, 154.5, 165.1, 193.0]","['NEAR', 'RAIL', 'INSIDE', 'INSIDE', 'INSIDE', 'RAIL', 'INSIDE', 'INSIDE', 'NEAR', 'INSIDE', 'INSIDE', 'OUTSIDE', 'INSIDE', 'INSIDE', 'INSIDE', 'INSIDE', 'RAIL', 'INSIDE', 'INSIDE', 'RAIL']","[[4.82, 0.12, 1.94], [0.17, 0.58, 0.27], [1.04, 1.22, 0.49], [0.05, 1.6, 0.0], [0.21, 2.12, 0.0], [0.25, 0.24, 0.9], [0.67, 4.44, 2.37], [0.03, 3.49, 0.0], [1.03, 0.22, 2.2], [2.4, 3.84, 1.44], [1.7, 3.98, 1.76], [0.91, 0.31, 0.92], [0.15, 2.92, 0.0], [1.41, 4.16, 0.02], [10.35, 4.55, 1.13], [8.55, 4.56, 0.7], [0.01, 0.26, 0.22], [2.97, 4.66, 0.65], [2.98, 4.35, 0.36], [0.04, 1.35, 0.0]]","[287, 299, 305, 253, 280, 215, 293, 268, 306, 279, 296, 298, 303, 308, 251, 185, 196, 258, 208, 262]",23.6
575,1788358501345555392,307200,86239,24,23,165.8,"[25.0, 25.6, 25.9, 30.4, 30.4, 30.5, 30.8, 38.2, 81.0, 82.4, 82.7, 86.9, 89.9, 92.2, 99.1, 103.2, 111.4, 118.6, 128.0, 138.8, 148.4, 154.5, 165.8]","['NEAR', 'RAIL', 'INSIDE', 'INSIDE', 'INSIDE', 'RAIL', 'INSIDE', 'INSIDE', 'INSIDE', 'RAIL', 'INSIDE', 'INSIDE', 'NEAR', 'INSIDE', 'INSIDE', 'OUTSIDE', 'INSIDE', 'INSIDE', 'INSIDE', 'INSIDE', 'RAIL', 'INSIDE', 'INSIDE']","[[4.81, 0.12, 1.94], [0.2, 0.53, 0.33], [0.59, 1.73, 0.06], [0.92, 1.22, 0.49], [0.28, 2.41, 0.03], [0.26, 0.19, 0.12], [0.04, 1.6, 0.01], [0.2, 0.94, 0.01], [0.19, 1.98, 0.0], [0.25, 0.38, 0.9], [0.68, 4.44, 2.37], [0.04, 3.64, 0.0], [2.07, 0.23, 2.21], [2.43, 3.84, 1.44], [0.44, 4.13, 1.76], [0.92, 0.36, 0.92], [0.11, 3.31, 0.0], [1.4, 3.95, 0.02], [10.11, 4.49, 1.5], [8.59, 4.21, 0.7], [0.02, 0.26, 0.22], [2.99, 4.66, 0.65], [4.34, 3.19, 0.37]]","[287, 299, 205, 305, 301, 162, 253, 302, 280, 215, 293, 268, 306, 279, 296, 298, 303, 308, 251, 185, 196, 258, 208]",20.1
576,1788358501437362604,307200,86285,23,22,165.1,"[25.0, 25.7, 29.2, 30.4, 30.5, 30.8, 31.8, 81.0, 82.4, 83.3, 87.0, 91.1, 94.6, 98.5, 103.4, 111.4, 119.2, 127.4, 141.7, 148.4, 154.5, 165.1]","['NEAR', 'NEAR', 'RAIL', 'INSIDE', 'INSIDE', 'INSIDE', 'INSIDE', 'INSIDE', 'RAIL', 'INSIDE', 'INSIDE', 'INSIDE', 'NEAR', 'INSIDE', 'OUTSIDE', 'INSIDE', 'INSIDE', 'INSIDE', 'INSIDE', 'RAIL', 'INSIDE', 'INSIDE']","[[2.56, 0.07, 1.85], [1.89, 0.12, 1.89], [0.18, 0.58, 0.33], [0.62, 1.72, 0.06], [0.94, 1.21, 0.49], [0.27, 2.41, 0.02], [0.04, 1.6, 0.01], [0.16, 1.98, 0.0], [0.18, 0.24, 0.9], [1.74, 5.39, 2.37], [0.06, 3.49, 0.0], [4.51, 4.2, 2.27], [0.65, 0.16, 0.44], [1.76, 3.98, 0.82], [1.35, 0.36, 1.79], [0.15, 3.31, 0.0], [0.16, 3.95, 0.0], [14.13, 4.44, 1.26], [2.85, 4.09, 0.37], [0.01, 0.26, 0.22], [2.99, 4.66, 0.65], [2.93, 4.35, 0.36]]","[287, 305, 299, 205, 253, 301, 255, 280, 215, 293, 268, 279, 300, 296, 298, 303, 308, 251, 185, 196, 258, 208]",20.9
577,1788358501536222548,307200,86234,22,21,165.8,"[25.0, 25.7, 30.5, 30.5, 30.9, 31.0, 81.0, 82.4, 82.7, 86.8, 91.2, 94.5, 99.2, 103.4, 111.4, 118.6, 126.7, 138.8, 148.4, 154.5, 165.8]","['NEAR', 'RAIL', 'INSIDE', 'INSIDE', 'INSIDE', 'INSIDE', 'INSIDE', 'RAIL', 'INSIDE', 'INSIDE', 'INSIDE', 'NEAR', 'INSIDE', 'OUTSIDE', 'INSIDE', 'INSIDE', 'INSIDE', 'INSIDE', 'RAIL', 'INSIDE', 'INSIDE']","[[3.49, 0.12, 1.94], [0.13, 0.53, 0.33], [0.61, 1.73, 0.06], [0.94, 1.22, 0.49], [0.12, 1.26, 0.01], [0.05, 1.6, 0.01], [0.16, 1.98, 0.0], [0.19, 0.19, 0.9], [0.65, 4.62, 2.37], [0.3, 3.77, 0.41], [4.48, 4.2, 1.64], [0.75, 0.22, 0.62], [0.37, 3.96, 1.76], [1.31, 0.22, 1.79], [0.13, 3.31, 0.0], [1.39, 4.16, 0.02], [12.85, 4.55, 1.63], [8.57, 4.22, 0.7], [0.0, 0.26, 0.22], [2.99, 4.66, 0.65], [4.3, 4.06, 0.37]]","[305, 299, 205, 253, 301, 255, 280, 215, 293, 268, 279, 300, 296, 298, 303, 308, 251, 185, 196, 258, 208]",19.8
578,1788358501654181106,307200,86285,25,24,193.0,"[25.0, 25.6, 28.2, 30.5, 30.5, 30.9, 30.9, 81.1, 82.4, 83.1, 87.0, 89.9, 91.6, 93.1, 98.4, 103.2, 111.4, 119.2, 125.3, 138.8, 148.4, 154.0, 165.9, 193.0]","['NEAR', 'NEAR', 'RAIL', 'INSIDE', 'INSIDE', 'INSIDE', 'INSIDE', 'INSIDE', 'RAIL', 'INSIDE', 'INSIDE', 'NEAR', 'INSIDE', 'OUTSIDE', 'INSIDE', 'OUTSIDE', 'INSIDE', 'INSIDE', 'INSIDE', 'INSIDE', 'RAIL', 'INSIDE', 'INSIDE', 'RAIL']","[[0.55, 0.05, 1.26], [3.82, 0.12, 1.94], [0.12, 0.53, 0.33], [0.6, 1.73, 0.06], [0.92, 1.22, 0.49], [0.26, 2.41, 0.02], [0.06, 1.6, 0.01], [0.24, 1.98, 0.01], [0.24, 0.24, 0.9], [1.55, 4.53, 2.37], [0.03, 3.49, 0.0], [2.05, 0.22, 1.59], [0.04, 3.52, 0.0], [0.61, 0.33, 1.44], [1.69, 4.17, 1.76], [0.89, 0.31, 0.92], [0.12, 2.92, 0.0], [0.14, 3.95, 0.0], [9.89, 4.44, 1.26], [8.57, 4.22, 0.7], [0.02, 0.34, 0.22], [1.84, 4.66, 0.64], [4.39, 4.35, 0.37], [0.08, 1.35, 0.0]]","[287, 305, 299, 205, 253, 301, 255, 280, 215, 293, 268, 306, 279, 300, 296, 298, 303, 308, 251, 185, 196, 258, 208, 262]",23.8
579,1788358501742117317,307200,86254,26,22,165.8,"[25.3, 28.2, 30.5, 30.5, 30.9, 30.9, 81.0, 82.4, 82.7, 87.0, 90.4, 92.5, 94.6, 99.1, 103.2, 111.5, 118.6, 121.6, 138.8, 148.4, 154.5, 165.8]","['NEAR', 'NEAR', 'RAIL', 'INSIDE', 'INSIDE', 'INSIDE', 'INSIDE', 'RAIL', 'INSIDE', 'INSIDE', 'NEAR', 'INSIDE', 'NEAR', 'INSIDE', 'OUTSIDE', 'INSIDE', 'INSIDE', 'OUTSIDE', 'INSIDE', 'RAIL', 'INSIDE', 'INSIDE']","[[0.56, 0.05, 1.26], [3.78, 0.13, 1.94], [0.12, 0.53, 0.33], [1.02, 1.21, 0.49], [0.95, 2.41, 0.1], [0.05, 1.6, 0.01], [0.17, 2.12, 0.0], [0.2, 0.37, 0.9], [0.69, 4.53, 2.37], [0.03, 3.64, 0.0], [1.07, 0.22, 1.84], [1.88, 3.83, 1.41], [0.66, 0.17, 0.44], [0.41, 3.96, 1.76], [0.89, 0.36, 0.92], [0.14, 3.31, 0.0], [1.37, 4.16, 0.02], [2.62, 1.97, 0.46], [8.55, 3.96, 0.7], [0.02, 0.26, 0.22], [2.99, 4.66, 0.65], [4.33, 4.35, 0.37]]","[287, 305, 299, 253, 301, 255, 280, 215, 293, 268, 306, 279, 300, 296, 298, 303, 308, 251, 185, 196, 258, 208]",23.9
580,1788358501857572449,307200,86263,25,21,165.1,"[24.8, 29.3, 30.4, 30.5, 30.9, 31.9, 35.6, 81.0, 82.4, 82.7, 87.0, 90.0, 92.4, 98.5, 103.2, 111.4, 119.2, 138.7, 148.4, 154.5, 165.1]","['NEAR', 'NEAR', 'RAIL', 'INSIDE', 'INSIDE', 'INSIDE', 'NEAR', 'INSIDE', 'RAIL', 'INSIDE', 'INSIDE', 'NEAR', 'INSIDE', 'INSIDE', 'OUTSIDE', 'INSIDE', 'INSIDE', 'INSIDE', 'RAIL', 'INSIDE', 'INSIDE']","[[2.62, 0.06, 1.85], [1.9, 0.12, 1.88], [0.18, 0.58, 0.33], [0.98, 1.22, 0.25], [1.09, 1.83, 0.07], [0.04, 1.6, 0.0], [0.43, 0.89, 0.05], [0.18, 2.26, 0.0], [0.24, 0.38, 0.9], [0.68, 4.45, 2.37], [0.03, 3.49, 0.0], [2.19, 0.23, 2.2], [1.85, 3.83, 1.44], [1.77, 3.98, 1.76], [0.86, 0.31, 0.92], [0.12, 3.31, 0.0], [0.16, 3.95, 0.0], [8.54, 4.21, 0.7], [0.04, 0.34, 0.22], [2.99, 4.66, 0.65], [2.92, 3.19, 0.36]]","[287, 305, 299, 253, 302, 255, 301, 280, 215, 293, 268, 306, 279, 296, 298, 303, 308, 185, 196, 258, 208]",23.0
581,1788358501956796838,307200,86241,26,23,193.0,"[25.0, 25.6, 28.2, 30.4, 30.5, 30.9, 30.9, 81.1, 82.4, 82.7, 87.0, 90.0, 91.6, 93.1, 99.1, 103.2, 111.4, 118.6, 138.8, 148.4, 154.5, 165.8, 193.0]","['NEAR', 'NEAR', 'RAIL', 'INSIDE', 'INSIDE', 'INSIDE', 'INSIDE', 'INSIDE', 'RAIL', 'INSIDE', 'INSIDE', 'NEAR', 'INSIDE', 'OUTSIDE', 'INSIDE', 'OUTSIDE', 'INSIDE', 'INSIDE', 'INSIDE', 'RAIL', 'INSIDE', 'INSIDE', 'RAIL']","[[0.56, 0.05, 1.26], [3.77, 0.13, 1.94], [0.17, 0.58, 0.33], [0.57, 1.73, 0.06], [1.04, 1.22, 0.49], [0.27, 2.41, 0.02], [0.05, 1.6, 0.01], [0.21, 2.12, 0.0], [0.2, 0.24, 0.9], [0.63, 4.44, 2.37], [0.03, 3.49, 0.0], [0.22, 0.18, 1.96], [0.06, 3.52, 0.0], [0.63, 1.48, 1.44], [0.38, 3.96, 1.76], [0.87, 0.36, 0.92], [0.16, 3.31, 0.0], [1.41, 3.74, 0.02], [8.55, 4.32, 0.7], [0.0, 0.26, 0.22], [3.0, 4.66, 0.65], [4.36, 3.77, 0.37], [0.04, 0.67, 0.0]]","[287, 305, 299, 205, 253, 301, 255, 280, 215, 293, 268, 306, 279, 300, 296, 298, 303, 308, 185, 196, 258, 208, 262]",22.8
582,1788358502043182837,307200,86227,24,22,193.0,"[25.2, 25.7, 28.3, 29.8, 30.4, 30.9, 31.9, 81.0, 82.4, 83.1, 87.0, 91.1, 98.1, 103.2, 105.2, 111.4, 118.6, 138.8, 148.4, 154.5, 165.9, 193.0]","['NEAR', 'NEAR', 'NEAR', 'RAIL', 'INSIDE', 'INSIDE', 'INSIDE', 'INSIDE', 'RAIL', 'INSIDE', 'INSIDE', 'INSIDE', 'INSIDE', 'OUTSIDE', 'INSIDE', 'INSIDE', 'INSIDE', 'INSIDE', 'RAIL', 'INSIDE', 'INSIDE', 'RAIL']","[[0.56, 0.05, 1.26], [1.57, 0.06, 1.85], [1.86, 0.12, 1.89], [0.2, 0.53, 0.33], [0.96, 1.22, 0.49], [0.78, 0.98, 0.08], [0.16, 1.26, 0.02], [0.13, 2.12, 0.0], [0.28, 0.37, 0.9], [1.49, 4.73, 2.37], [0.03, 3.64, 0.0], [4.49, 4.09, 2.27], [2.11, 3.97, 1.48], [0.91, 0.2, 0.92], [1.69, 4.24, 0.85], [0.13, 2.92, 0.0], [1.43, 4.16, 0.02], [8.56, 4.22, 0.7], [0.02, 0.26, 0.22], [3.01, 4.66, 0.65], [4.36, 4.35, 0.37], [0.02, 1.35, 0.0]]","[287, 305, 253, 299, 255, 205, 301, 280, 215, 293, 268, 279, 296, 298, 309, 303, 308, 185, 196, 258, 208, 262]",19.4
583,1788358502156110444,307200,86262,19,18,193.0,"[30.4, 30.9, 81.0, 82.4, 83.1, 87.0, 91.1, 94.6, 98.5, 103.2, 105.6, 111.4, 118.6, 138.8, 148.4, 154.5, 165.8, 193.0]","['RAIL', 'INSIDE', 'INSIDE', 'RAIL', 'INSIDE', 'INSIDE', 'INSIDE', 'NEAR', 'INSIDE', 'OUTSIDE', 'INSIDE', 'INSIDE', 'INSIDE', 'INSIDE', 'RAIL', 'INSIDE', 'INSIDE', 'RAIL']","[[0.2, 0.53, 0.33], [0.99, 1.22, 0.49], [0.18, 2.4, 0.0], [0.25, 0.37, 0.9], [1.53, 4.53, 2.37], [0.02, 3.49, 0.0], [4.54, 4.09, 1.65], [0.61, 0.16, 0.44], [1.74, 4.17, 1.76], [0.9, 0.2, 0.92], [0.67, 3.9, 0.43], [0.15, 3.31, 0.0], [1.43, 3.95, 0.02], [8.59, 4.45, 0.7], [0.01, 0.26, 0.22], [2.98, 4.66, 0.65], [4.34, 4.35, 0.37], [0.16, 1.35, 0.0]]","[299, 255, 280, 215, 293, 268, 279, 300, 296, 298, 309, 303, 308, 185, 196, 258, 208, 262]",20.4
584,1788358502247260307,307200,86203,25,22,193.0,"[25.0, 25.7, 29.2, 30.4, 30.8, 31.9, 81.0, 82.4, 82.7, 87.0, 90.0, 92.1, 99.1, 103.2, 105.6, 111.4, 118.6, 138.0, 148.4, 154.5, 165.8, 193.0]","['NEAR', 'NEAR', 'RAIL', 'INSIDE', 'INSIDE', 'INSIDE', 'INSIDE', 'RAIL', 'INSIDE', 'INSIDE', 'NEAR', 'INSIDE', 'INSIDE', 'OUTSIDE', 'INSIDE', 'INSIDE', 'INSIDE', 'INSIDE', 'RAIL', 'INSIDE', 'INSIDE', 'RAIL']","[[2.55, 0.07, 1.85], [1.84, 0.12, 1.89], [0.2, 0.53, 0.33], [0.48, 1.73, 0.05], [0.89, 1.22, 0.49], [0.22, 2.33, 0.02], [0.17, 1.98, 0.0], [0.2, 0.23, 0.9], [0.72, 4.53, 2.37], [0.03, 3.49, 0.0], [1.99, 0.22, 2.2], [2.52, 3.84, 1.44], [0.4, 3.96, 0.61], [0.87, 0.2, 0.92], [2.63, 4.09, 0.45], [0.13, 3.11, 0.0], [1.43, 4.16, 0.02], [7.13, 4.22, 0.7], [0.03, 0.26, 0.22], [3.0, 4.66, 0.65], [4.31, 4.35, 0.37], [0.04, 1.01, 0.0]]","[305, 253, 299, 205, 255, 301, 280, 215, 293, 268, 306, 279, 296, 298, 309, 303, 308, 185, 196, 258, 208, 262]",25.0
585,1788358502361091159,307200,86276,24,23,165.1,"[25.6, 28.2, 29.9, 30.5, 30.9, 31.9, 47.1, 81.1, 82.4, 82.7, 87.0, 90.8, 93.1, 94.6, 98.5, 103.2, 105.4, 111.4, 118.6, 138.8, 148.4, 154.5, 165.1]","['NEAR', 'NEAR', 'NEAR', 'RAIL', 'RAIL', 'INSIDE', 'INSIDE', 'INSIDE', 'RAIL', 'INSIDE', 'INSIDE', 'INSIDE', 'OUTSIDE', 'NEAR', 'INSIDE', 'OUTSIDE', 'INSIDE', 'INSIDE', 'INSIDE', 'INSIDE', 'RAIL', 'INSIDE', 'INSIDE']","[[0.52, 0.05, 1.26], [1.22, 0.06, 1.85], [1.88, 0.11, 1.89], [0.84, 0.1, 0.28], [0.14, 0.53, 0.27], [0.99, 1.22, 0.49], [0.28, 2.41, 0.03], [0.18, 2.26, 0.0], [0.21, 0.37, 0.9], [0.64, 4.59, 2.37], [0.06, 3.64, 0.0], [1.69, 4.2, 1.62], [0.66, 1.16, 1.44], [0.66, 0.16, 0.44], [1.73, 3.98, 1.76], [0.87, 0.2, 0.92], [0.25, 4.2, 0.86], [0.16, 3.31, 0.0], [1.36, 4.16, 0.02], [8.56, 4.22, 0.7], [0.01, 0.26, 0.22], [3.0, 4.66, 0.65], [2.97, 3.77, 0.36]]","[287, 305, 253, 304, 299, 255, 301, 280, 215, 293, 268, 279, 300, 306, 296, 298, 309, 303, 308, 185, 196, 258, 208]",18.3
586,1788358502470808719,307200,86222,22,21,165.2,"[25.0, 25.7, 30.4, 30.4, 30.9, 81.0, 82.4, 82.7, 87.0, 89.5, 92.5, 94.6, 99.1, 103.2, 105.2, 111.4, 118.6, 138.8, 148.4, 154.5, 165.2]","['NEAR', 'RAIL', 'INSIDE', 'INSIDE', 'INSIDE', 'INSIDE', 'RAIL', 'INSIDE', 'INSIDE', 'NEAR', 'INSIDE', 'NEAR', 'INSIDE', 'OUTSIDE', 'INSIDE', 'INSIDE', 'INSIDE', 'INSIDE', 'RAIL', 'INSIDE', 'INSIDE']","[[4.85, 0.13, 1.94], [0.17, 0.58, 0.33], [0.57, 1.73, 0.06], [1.0, 1.22, 0.49], [0.15, 1.25, 0.01], [0.12, 1.98, 0.0], [0.22, 0.24, 0.9], [0.7, 4.53, 2.37], [0.02, 3.49, 0.0], [1.3, 0.23, 2.21], [1.87, 3.73, 1.44], [0.71, 0.17, 0.44], [0.16, 3.78, 0.41], [0.94, 0.36, 0.92], [1.78, 4.28, 0.66], [0.13, 3.31, 0.0], [1.42, 3.95, 0.02], [8.6, 4.45, 0.7], [0.02, 0.26, 0.22], [2.99, 4.66, 0.65], [2.94, 4.35, 0.36]]","[305, 299, 205, 255, 301, 280, 215, 293, 268, 279, 300, 306, 296, 298, 309, 303, 308, 185, 196, 258, 208]",18.5
587,1788358502549051560,307200,86312,21,19,165.8,"[28.2, 30.5, 30.9, 30.9, 45.7, 81.0, 82.4, 83.1, 87.0, 90.9, 99.2, 103.2, 105.1, 111.4, 118.6, 138.8, 148.4, 154.5, 165.8]","['NEAR', 'NEAR', 'RAIL', 'RAIL', 'INSIDE', 'INSIDE', 'RAIL', 'INSIDE', 'INSIDE', 'INSIDE', 'INSIDE', 'OUTSIDE', 'INSIDE', 'INSIDE', 'INSIDE', 'INSIDE', 'RAIL', 'INSIDE', 'INSIDE']","[[0.55, 0.05, 1.26], [3.8, 0.12, 1.94], [0.51, 0.19, 0.4], [0.11, 0.53, 0.33], [0.96, 1.21, 0.49], [0.17, 2.26, 0.0], [0.25, 0.37, 0.9], [1.52, 4.53, 2.37], [0.03, 3.49, 0.0], [4.16, 4.19, 1.65], [0.3, 3.94, 1.27], [0.87, 0.2, 0.92], [1.78, 4.28, 0.66], [0.12, 3.31, 0.0], [1.39, 4.16, 0.02], [8.65, 4.21, 0.7], [0.01, 0.26, 0.22], [2.98, 4.66, 0.65], [4.34, 4.34, 0.37]]","[287, 305, 304, 299, 255, 280, 215, 293, 268, 300, 296, 298, 309, 303, 308, 185, 196, 258, 208]",21.9
588,1788358502638258441,307200,86259,24,22,165.1,"[25.6, 28.2, 29.8, 30.4, 30.8, 31.9, 35.6, 45.6, 81.0, 82.4, 82.7, 87.0, 91.2, 98.1, 103.2, 105.3, 111.4, 118.6, 138.8, 148.4, 154.5, 165.1]","['NEAR', 'NEAR', 'NEAR', 'RAIL', 'RAIL', 'INSIDE', 'OUTSIDE', 'INSIDE', 'INSIDE', 'RAIL', 'INSIDE', 'INSIDE', 'INSIDE', 'INSIDE', 'OUTSIDE', 'INSIDE', 'INSIDE', 'INSIDE', 'INSIDE', 'RAIL', 'INSIDE', 'INSIDE']","[[0.56, 0.05, 1.26], [1.53, 0.05, 1.85], [1.85, 0.12, 1.88], [0.5, 0.19, 0.4], [0.21, 0.53, 0.33], [0.93, 1.22, 0.24], [1.11, 0.7, 0.08], [0.27, 2.41, 0.02], [0.2, 2.12, 0.0], [0.23, 0.24, 0.9], [0.75, 4.53, 2.37], [0.04, 3.64, 0.0], [4.47, 4.16, 1.64], [2.31, 4.17, 1.76], [0.91, 0.31, 0.92], [2.13, 4.28, 1.35], [0.08, 3.31, 0.0], [1.46, 3.95, 0.02], [8.59, 4.21, 1.36], [0.02, 0.26, 0.22], [2.95, 4.66, 0.65], [2.93, 4.06, 0.36]]","[287, 305, 253, 304, 299, 255, 302, 301, 280, 215, 293, 268, 300, 296, 298, 309, 303, 308, 185, 196, 258, 208]",23.2
589,1788358502751348890,307200,86279,25,23,193.0,"[25.6, 29.3, 30.5, 30.5, 30.9, 31.9, 81.0, 82.4, 82.7, 87.0, 90.4, 91.9, 93.9, 98.5, 103.2, 105.0, 111.4, 118.6, 138.8, 148.4, 154.5, 165.8, 193.0]","['NEAR', 'NEAR', 'RAIL', 'INSIDE', 'INSIDE', 'INSIDE', 'INSIDE', 'RAIL', 'INSIDE', 'INSIDE', 'NEAR', 'INSIDE', 'NEAR', 'INSIDE', 'OUTSIDE', 'INSIDE', 'INSIDE', 'INSIDE', 'INSIDE', 'RAIL', 'INSIDE', 'INSIDE', 'RAIL']","[[2.67, 0.07, 1.85], [1.87, 0.11, 1.88], [0.11, 0.53, 0.33], [1.0, 1.22, 0.49], [0.27, 2.41, 0.02], [0.04, 1.6, 0.01], [0.16, 1.98, 0.0], [0.21, 0.23, 0.9], [0.8, 4.59, 2.37], [0.04, 3.49, 0.0], [1.16, 0.22, 2.21], [2.12, 3.84, 0.46], [2.04, 0.16, 1.05], [1.73, 3.98, 1.76], [0.9, 0.2, 0.92], [1.21, 4.01, 0.45], [0.15, 3.31, 0.0], [1.4, 3.95, 0.02], [8.56, 4.21, 0.7], [0.04, 0.26, 0.22], [2.97, 4.66, 0.65], [4.32, 4.06, 0.37], [0.13, 1.35, 0.0]]","[305, 253, 299, 255, 301, 287, 280, 215, 293, 268, 279, 300, 306, 296, 298, 309, 303, 308, 185, 196, 258, 208, 262]",23.0
590,1788358502861247463,307200,86254,23,22,167.3,"[25.0, 25.7, 25.9, 29.2, 30.4, 30.5, 31.8, 47.1, 81.0, 82.4, 82.7, 87.0, 91.1, 99.1, 103.2, 105.0, 111.4, 118.6, 138.8, 148.4, 154.5, 167.3]","['NEAR', 'NEAR', 'RAIL', 'RAIL', 'INSIDE', 'INSIDE', 'INSIDE', 'RAIL', 'INSIDE', 'RAIL', 'INSIDE', 'INSIDE', 'INSIDE', 'INSIDE', 'OUTSIDE', 'INSIDE', 'INSIDE', 'INSIDE', 'INSIDE', 'RAIL', 'INSIDE', 'INSIDE']","[[2.56, 0.07, 2.09], [1.86, 0.12, 1.88], [0.82, 0.1, 0.28], [0.2, 0.53, 0.33], [0.63, 1.72, 0.06], [0.28, 1.22, 0.25], [0.23, 2.33, 0.02], [0.25, 0.18, 0.12], [0.19, 1.98, 0.0], [0.2, 0.24, 0.9], [0.69, 4.53, 2.37], [0.03, 3.49, 0.0], [4.57, 4.2, 2.24], [0.37, 3.96, 1.27], [0.87, 0.31, 0.92], [1.26, 4.01, 0.45], [0.13, 3.11, 0.0], [1.4, 4.16, 0.02], [8.54, 4.21, 0.7], [0.03, 0.26, 0.22], [3.02, 4.66, 0.65], [1.51, 2.63, 0.01]]","[305, 253, 304, 299, 205, 255, 301, 287, 280, 215, 293, 268, 300, 296, 298, 309, 303, 308, 185, 196, 258, 208]",18.9
591,1788358502944299809,307200,86314,21,19,165.8,"[30.5, 30.8, 31.9, 81.1, 82.4, 82.7, 87.0, 90.5, 92.5, 94.6, 99.1, 103.4, 105.6, 109.1, 119.2, 138.8, 148.4, 154.5, 165.8]","['NEAR', 'INSIDE', 'INSIDE', 'INSIDE', 'RAIL', 'INSIDE', 'INSIDE', 'NEAR', 'INSIDE', 'NEAR', 'INSIDE', 'OUTSIDE', 'INSIDE', 'NEAR', 'INSIDE', 'INSIDE', 'RAIL', 'INSIDE', 'INSIDE']","[[1.86, 0.12, 1.88], [0.88, 1.22, 0.49], [0.05, 1.6, 0.01], [0.24, 2.26, 0.01], [0.19, 0.23, 0.9], [0.72, 4.59, 2.37], [0.03, 3.64, 0.0], [1.11, 0.2, 1.84], [1.86, 3.73, 1.44], [0.68, 0.17, 0.44], [0.32, 3.96, 1.76], [1.26, 0.36, 1.79], [2.61, 4.09, 0.45], [1.67, 0.07, 0.95], [0.17, 3.95, 0.0], [8.57, 4.45, 0.7], [0.02, 0.26, 0.22], [3.01, 4.66, 0.65], [4.32, 4.06, 0.37]]","[253, 255, 305, 280, 215, 293, 268, 279, 300, 306, 296, 298, 309, 303, 308, 185, 196, 258, 208]",20.7
592,1788358503053374153,307200,86238,19,17,193.0,"[30.5, 30.9, 31.1, 81.1, 82.4, 83.1, 87.0, 91.1, 99.2, 103.2, 105.7, 118.6, 138.7, 148.4, 154.5, 165.1, 193.0]","['NEAR', 'RAIL', 'INSIDE', 'INSIDE', 'RAIL', 'INSIDE', 'INSIDE', 'INSIDE', 'INSIDE', 'OUTSIDE', 'INSIDE', 'INSIDE', 'INSIDE', 'RAIL', 'INSIDE', 'INSIDE', 'RAIL']","[[3.46, 0.12, 1.94], [0.11, 0.53, 0.33], [1.01, 1.22, 0.49], [0.27, 2.26, 0.01], [0.21, 0.37, 0.9], [1.52, 4.53, 2.37], [0.03, 3.49, 0.0], [4.53, 4.19, 2.27], [0.35, 3.96, 1.76], [0.9, 0.36, 0.92], [0.65, 3.9, 0.43], [1.47, 3.95, 0.02], [8.53, 4.21, 0.7], [0.01, 0.26, 0.22], [2.95, 4.66, 0.65], [3.0, 4.35, 0.36], [0.06, 1.01, 0.0]]","[253, 299, 255, 280, 215, 293, 268, 300, 296, 298, 309, 308, 185, 196, 258, 208, 262]",20.8
593,1788358503145848706,307200,86266,23,22,165.1,"[25.0, 25.7, 30.4, 30.5, 30.9, 31.9, 81.0, 82.4, 82.7, 87.0, 89.5, 91.3, 93.1, 98.5, 103.2, 105.2, 119.2, 126.8, 138.8, 148.4, 154.5, 165.1]","['NEAR', 'RAIL', 'INSIDE', 'INSIDE', 'INSIDE', 'INSIDE', 'INSIDE', 'RAIL', 'INSIDE', 'INSIDE', 'NEAR', 'INSIDE', 'OUTSIDE', 'INSIDE', 'OUTSIDE', 'INSIDE', 'INSIDE', 'INSIDE', 'INSIDE', 'RAIL', 'INSIDE', 'INSIDE']","[[1.88, 0.12, 1.89], [0.21, 0.53, 0.33], [0.6, 1.73, 0.06], [0.97, 1.22, 0.25], [0.27, 2.32, 0.02], [0.06, 1.6, 0.01], [0.19, 2.12, 0.0], [0.23, 0.24, 0.9], [0.73, 4.53, 2.37], [0.03, 3.64, 0.0], [1.22, 0.19, 2.2], [0.65, 3.84, 0.42], [0.65, 0.18, 1.44], [1.72, 3.98, 1.76], [0.9, 0.36, 0.92], [1.77, 4.05, 0.45], [0.17, 4.16, 0.0], [12.91, 4.55, 1.26], [8.57, 3.97, 0.7], [0.03, 0.26, 0.22], [2.99, 4.66, 0.65], [3.0, 4.35, 0.36]]","[253, 299, 205, 255, 301, 305, 280, 215, 293, 268, 279, 300, 306, 296, 298, 309, 308, 311, 185, 196, 258, 208]",18.6
594,1788358503243043129,307200,86274,24,22,193.0,"[25.0, 25.7, 28.2, 30.4, 30.9, 30.9, 81.1, 82.4, 82.7, 86.7, 89.9, 92.2, 98.5, 103.2, 106.1, 118.6, 125.2, 138.8, 148.4, 154.5, 165.8, 193.0]","['NEAR', 'NEAR', 'RAIL', 'INSIDE', 'INSIDE', 'INSIDE', 'INSIDE', 'RAIL', 'INSIDE', 'INSIDE', 'NEAR', 'INSIDE', 'INSIDE', 'OUTSIDE', 'INSIDE', 'INSIDE', 'INSIDE', 'INSIDE', 'RAIL', 'INSIDE', 'INSIDE', 'RAIL']","[[0.57, 0.06, 1.26], [3.8, 0.12, 1.94], [0.21, 0.52, 0.33], [0.59, 1.73, 0.06], [0.94, 1.22, 0.49], [0.22, 2.32, 0.02], [0.22, 1.98, 0.01], [0.24, 0.37, 0.9], [0.7, 4.67, 2.37], [0.47, 3.77, 0.42], [2.09, 0.23, 2.21], [2.51, 3.84, 1.44], [1.75, 3.97, 0.82], [0.91, 0.2, 0.92], [1.61, 3.94, 0.43], [1.35, 4.16, 0.02], [9.91, 4.44, 1.26], [8.54, 3.96, 0.7], [0.04, 0.26, 0.22], [2.95, 4.66, 0.65], [4.3, 4.35, 0.37], [0.08, 1.01, 0.0]]","[255, 253, 299, 205, 305, 301, 280, 215, 293, 268, 279, 300, 296, 298, 309, 308, 311, 185, 196, 258, 208, 262]",19.8
595,1788358503350686746,307200,86325,25,22,193.0,"[25.0, 25.7, 28.6, 30.5, 30.5, 31.0, 38.2, 81.0, 82.4, 82.8, 87.0, 91.2, 99.1, 103.2, 105.0, 117.9, 126.0, 138.8, 148.4, 154.5, 165.2, 193.0]","['NEAR', 'NEAR', 'RAIL', 'INSIDE', 'INSIDE', 'INSIDE', 'INSIDE', 'INSIDE', 'RAIL', 'INSIDE', 'INSIDE', 'INSIDE', 'INSIDE', 'OUTSIDE', 'INSIDE', 'OUTSIDE', 'INSIDE', 'INSIDE', 'RAIL', 'INSIDE', 'INSIDE', 'RAIL']","[[1.38, 0.06, 1.27], [3.46, 0.13, 1.94], [0.13, 0.53, 0.33], [0.59, 1.73, 0.06], [0.29, 1.22, 0.25], [0.24, 2.33, 0.02], [0.19, 0.94, 0.01], [0.16, 1.98, 0.0], [0.2, 0.22, 0.9], [0.69, 4.59, 2.37], [0.03, 3.49, 0.0], [4.53, 4.2, 1.64], [0.42, 4.13, 1.76], [0.87, 0.36, 0.92], [1.38, 4.24, 0.86], [0.07, 1.65, 0.0], [8.38, 4.45, 0.86], [8.57, 4.22, 0.7], [0.03, 0.26, 0.22], [2.98, 4.66, 0.65], [3.0, 4.06, 0.36], [0.1, 1.01, 0.0]]","[255, 253, 299, 205, 305, 301, 302, 280, 215, 293, 268, 300, 296, 298, 309, 308, 311, 185, 196, 258, 208, 262]",16.3
596,1788358503446632982,307200,86254,24,20,165.8,"[25.0, 25.7, 30.4, 30.4, 30.9, 38.2, 81.0, 82.4, 82.7, 87.0, 91.2, 94.6, 99.2, 103.2, 105.5, 126.0, 138.8, 148.4, 154.5, 165.8]","['NEAR', 'RAIL', 'INSIDE', 'INSIDE', 'INSIDE', 'INSIDE', 'INSIDE', 'RAIL', 'INSIDE', 'INSIDE', 'INSIDE', 'NEAR', 'INSIDE', 'OUTSIDE', 'INSIDE', 'INSIDE', 'INSIDE', 'RAIL', 'INSIDE', 'INSIDE']","[[4.85, 0.13, 1.94], [0.19, 0.53, 0.27], [0.62, 1.72, 0.06], [0.97, 1.21, 0.49], [0.13, 1.26, 0.01], [0.21, 0.94, 0.02], [0.29, 2.4, 0.01], [0.24, 0.24, 0.9], [0.75, 4.53, 2.37], [0.03, 3.64, 0.0], [4.5, 4.2, 2.27], [0.67, 0.17, 0.44], [0.3, 3.94, 1.76], [0.91, 0.31, 0.92], [0.29, 3.86, 0.19], [8.37, 4.44, 1.13], [8.61, 4.22, 0.7], [0.02, 0.26, 0.22], [2.93, 4.66, 0.65], [4.25, 4.35, 0.37]]","[253, 299, 205, 305, 301, 302, 280, 215, 293, 268, 300, 306, 296, 298, 309, 311, 185, 196, 258, 208]",17.0
597,1788358503546436682,307200,86279,25,21,165.2,"[25.0, 25.7, 28.2, 29.8, 30.5, 31.9, 38.2, 47.1, 81.0, 82.4, 82.7, 87.0, 91.1, 99.2, 103.2, 105.0, 126.5, 138.8, 148.4, 154.5, 165.2]","['NEAR', 'NEAR', 'NEAR', 'RAIL', 'INSIDE', 'INSIDE', 'INSIDE', 'INSIDE', 'INSIDE', 'RAIL', 'INSIDE', 'INSIDE', 'INSIDE', 'INSIDE', 'OUTSIDE', 'INSIDE', 'INSIDE', 'INSIDE', 'RAIL', 'INSIDE', 'INSIDE']","[[0.56, 0.05, 1.26], [1.58, 0.06, 1.85], [1.85, 0.12, 1.88], [0.82, 0.1, 0.28], [0.58, 1.73, 0.06], [0.14, 1.26, 0.01], [0.05, 1.6, 0.01], [0.23, 0.94, 0.02], [0.2, 2.26, 0.0], [0.19, 0.24, 0.9], [0.69, 4.53, 2.37], [0.03, 3.49, 0.0], [4.49, 4.17, 2.27], [0.32, 3.93, 1.76], [0.91, 0.2, 0.92], [1.24, 4.01, 0.45], [7.22, 4.45, 1.13], [8.54, 4.57, 0.7], [0.04, 0.26, 0.22], [2.99, 4.66, 0.65], [2.97, 4.35, 0.36]]","[255, 253, 305, 304, 205, 301, 299, 302, 280, 215, 293, 268, 300, 296, 298, 309, 311, 185, 196, 258, 208]",18.4
598,1788358503642905460,307200,86230,20,17,165.1,"[25.2, 25.7, 30.4, 30.4, 81.0, 82.4, 82.7, 87.0, 91.7, 99.1, 103.2, 105.0, 126.0, 138.8, 148.4, 154.5, 165.1]","['NEAR', 'RAIL', 'INSIDE', 'INSIDE', 'INSIDE', 'RAIL', 'INSIDE', 'INSIDE', 'INSIDE', 'INSIDE', 'OUTSIDE', 'INSIDE', 'INSIDE', 'INSIDE', 'RAIL', 'INSIDE', 'INSIDE']","[[4.84, 0.11, 1.94], [0.18, 0.58, 0.33], [0.88, 1.73, 0.09], [0.1, 1.26, 0.01], [0.23, 2.4, 0.01], [0.19, 0.37, 0.9], [0.73, 4.53, 2.37], [0.04, 3.64, 0.0], [3.5, 4.09, 2.24], [0.42, 4.13, 1.48], [0.91, 0.2, 0.92], [1.33, 4.24, 0.66], [8.44, 4.45, 1.13], [8.57, 4.56, 0.7], [0.03, 0.26, 0.22], [2.97, 4.66, 0.65], [2.96, 4.06, 0.36]]","[253, 299, 205, 301, 280, 215, 293, 268, 300, 296, 298, 309, 311, 185, 196, 258, 208]",16.6
599,1788358503742311321,307200,86246,24,20,165.9,"[25.0, 25.7, 29.3, 30.4, 30.5, 81.1, 82.4, 82.7, 87.0, 90.7, 93.1, 94.6, 99.1, 103.2, 105.0, 126.5, 138.8, 148.4, 154.5, 165.9]","['NEAR', 'RAIL', 'INSIDE', 'INSIDE', 'INSIDE', 'INSIDE', 'RAIL', 'INSIDE', 'INSIDE', 'INSIDE', 'OUTSIDE', 'NEAR', 'INSIDE', 'OUTSIDE', 'INSIDE', 'INSIDE', 'INSIDE', 'RAIL', 'INSIDE', 'INSIDE']","[[6.92, 0.12, 1.94], [0.21, 0.53, 0.33], [0.59, 1.73, 0.06], [0.24, 2.33, 0.02], [0.04, 1.6, 0.01], [0.19, 2.26, 0.0], [0.19, 0.37, 0.9], [0.66, 4.48, 2.37], [0.03, 3.64, 0.0], [1.71, 4.2, 1.87], [0.62, 0.29, 1.02], [0.67, 0.17, 0.44], [0.43, 3.96, 1.76], [0.9, 0.31, 0.92], [1.25, 4.01, 0.45], [7.26, 4.45, 1.13], [8.56, 4.22, 0.7], [0.01, 0.26, 0.22], [2.99, 4.66, 0.65], [4.36, 4.06, 0.37]]","[253, 299, 205, 301, 305, 280, 215, 293, 268, 300, 306, 279, 296, 298, 309, 311, 185, 196, 258, 208]",17.4
600,1788358503839146021,307200,86239,23,19,165.1,"[25.0, 25.6, 25.9, 28.7, 30.4, 31.0, 81.0, 82.4, 82.8, 87.0, 91.7, 99.2, 103.2, 105.6, 126.8, 138.8, 148.4, 154.0, 165.1]","['NEAR', 'NEAR', 'RAIL', 'INSIDE', 'INSIDE', 'RAIL', 'INSIDE', 'RAIL', 'INSIDE', 'INSIDE', 'INSIDE', 'INSIDE', 'OUTSIDE', 'INSIDE', 'INSIDE', 'INSIDE', 'RAIL', 'INSIDE', 'INSIDE']","[[1.42, 0.05, 1.27], [3.51, 0.12, 1.94], [0.21, 0.53, 0.33], [0.6, 1.73, 0.06], [0.27, 2.41, 0.02], [0.25, 0.19, 0.12], [0.15, 2.26, 0.0], [0.21, 0.38, 0.9], [0.63, 4.48, 2.37], [0.03, 3.64, 0.0], [3.49, 4.19, 2.27], [0.47, 3.96, 1.76], [0.89, 0.36, 0.92], [0.7, 3.9, 0.43], [12.75, 4.55, 1.26], [8.56, 4.22, 0.7], [0.03, 0.26, 0.22], [1.83, 4.66, 0.64], [2.94, 4.35, 0.36]]","[255, 253, 299, 205, 301, 305, 280, 215, 293, 268, 300, 296, 298, 309, 311, 185, 196, 258, 208]",18.3
601,1788358503940184518,307200,86334,24,20,165.8,"[25.0, 25.7, 25.8, 28.2, 29.9, 30.4, 47.1, 81.0, 82.4, 82.7, 87.0, 91.6, 98.6, 103.2, 105.4, 127.4, 138.8, 148.4, 154.5, 165.8]","['NEAR', 'NEAR', 'RAIL', 'RAIL', 'INSIDE', 'RAIL', 'INSIDE', 'INSIDE', 'RAIL', 'INSIDE', 'INSIDE', 'INSIDE', 'INSIDE', 'OUTSIDE', 'INSIDE', 'INSIDE', 'INSIDE', 'RAIL', 'INSIDE', 'INSIDE']","[[0.56, 0.05, 1.26], [1.29, 0.06, 1.85], [0.81, 0.07, 0.28], [0.17, 0.58, 0.33], [0.49, 1.73, 0.05], [0.25, 0.19, 0.12], [0.1, 1.26, 0.01], [0.19, 2.26, 0.0], [0.22, 0.51, 0.9], [0.75, 4.53, 2.37], [0.04, 3.64, 0.0], [3.48, 4.2, 2.27], [1.41, 4.13, 1.48], [0.87, 0.31, 0.92], [0.29, 3.86, 0.19], [11.26, 4.47, 1.5], [8.55, 4.22, 0.7], [0.01, 0.26, 0.22], [3.01, 4.66, 0.65], [4.34, 4.35, 0.37]]","[255, 253, 304, 299, 205, 305, 301, 280, 215, 293, 268, 300, 296, 298, 309, 311, 185, 196, 258, 208]",17.3
602,1788358504043821665,307200,86306,23,18,165.2,"[25.3, 29.9, 30.4, 30.5, 76.6, 81.0, 82.4, 82.7, 87.0, 91.6, 99.2, 103.2, 105.6, 127.5, 138.8, 148.4, 154.5, 165.2]","['NEAR', 'RAIL', 'INSIDE', 'INSIDE', 'INSIDE', 'INSIDE', 'RAIL', 'INSIDE', 'INSIDE', 'INSIDE', 'INSIDE', 'OUTSIDE', 'INSIDE', 'INSIDE', 'INSIDE', 'RAIL', 'INSIDE', 'INSIDE']","[[1.19, 0.06, 1.85], [0.21, 0.53, 0.33], [0.94, 2.33, 0.1], [0.06, 1.6, 0.01], [2.6, 2.01, 0.84], [0.22, 2.26, 0.01], [0.21, 0.22, 0.9], [0.66, 4.43, 2.37], [0.02, 3.49, 0.0], [3.5, 4.2, 2.27], [0.44, 4.14, 1.76], [0.91, 0.31, 0.92], [2.68, 4.28, 0.86], [11.5, 4.55, 1.13], [8.57, 4.22, 0.7], [0.02, 0.26, 0.22], [2.99, 4.66, 0.65], [2.94, 4.06, 0.36]]","[253, 299, 301, 255, 280, 293, 215, 268, 300, 306, 296, 298, 309, 311, 185, 196, 258, 208]",20.2
603,1788358504145445553,307200,86241,25,21,165.1,"[25.6, 30.4, 30.4, 30.5, 35.5, 35.6, 47.1, 81.0, 82.4, 82.7, 87.0, 89.9, 92.2, 98.6, 103.2, 105.3, 126.8, 138.0, 148.4, 154.6, 165.1]","['NEAR', 'RAIL', 'RAIL', 'INSIDE', 'INSIDE', 'INSIDE', 'INSIDE', 'INSIDE', 'RAIL', 'INSIDE', 'INSIDE', 'NEAR', 'INSIDE', 'INSIDE', 'OUTSIDE', 'INSIDE', 'INSIDE', 'INSIDE', 'RAIL', 'INSIDE', 'INSIDE']","[[4.85, 0.13, 1.94], [0.83, 0.1, 0.28], [0.22, 0.53, 0.33], [1.26, 1.96, 0.08], [0.27, 2.41, 0.02], [0.04, 1.6, 0.01], [0.72, 1.87, 0.05], [0.14, 1.98, 0.0], [0.23, 0.37, 0.9], [0.75, 4.53, 2.37], [0.03, 3.64, 0.0], [2.16, 0.23, 2.2], [2.47, 3.84, 1.44], [1.47, 4.13, 1.76], [0.87, 0.36, 0.92], [1.74, 4.05, 0.45], [13.03, 4.55, 1.63], [7.12, 4.58, 0.7], [0.02, 0.26, 0.22], [3.08, 4.66, 0.65], [2.94, 3.19, 0.36]]","[253, 304, 299, 302, 301, 255, 312, 293, 215, 268, 300, 306, 279, 296, 298, 309, 311, 185, 196, 258, 208]",18.8
604,1788358504239422179,307200,86246,26,22,193.0,"[24.8, 25.0, 25.7, 30.4, 30.5, 30.5, 47.1, 81.1, 82.4, 82.7, 87.0, 90.0, 92.5, 94.6, 98.5, 103.2, 126.8, 141.6, 148.4, 154.5, 165.8, 193.0]","['NEAR', 'RAIL', 'RAIL', 'INSIDE', 'INSIDE', 'INSIDE', 'NEAR', 'INSIDE', 'RAIL', 'INSIDE', 'INSIDE', 'NEAR', 'INSIDE', 'NEAR', 'INSIDE', 'OUTSIDE', 'INSIDE', 'INSIDE', 'RAIL', 'INSIDE', 'INSIDE', 'RAIL']","[[4.82, 0.12, 1.94], [0.8, 0.1, 0.28], [0.2, 0.58, 0.33], [0.58, 1.73, 0.06], [0.27, 2.41, 0.02], [0.04, 1.6, 0.01], [0.44, 0.9, 0.05], [0.21, 1.98, 0.01], [0.19, 0.24, 0.9], [0.78, 4.53, 2.37], [0.03, 3.49, 0.0], [2.07, 0.24, 1.84], [1.87, 3.86, 1.44], [0.61, 0.16, 0.44], [1.7, 3.98, 1.76], [0.87, 0.36, 0.92], [12.96, 4.55, 1.63], [2.77, 3.93, 0.37], [0.02, 0.26, 0.22], [3.01, 4.66, 0.65], [4.35, 3.77, 0.37], [0.07, 1.01, 0.0]]","[253, 304, 299, 205, 301, 255, 305, 293, 215, 268, 300, 306, 279, 296, 298, 309, 311, 185, 196, 258, 208, 262]",21.2
605,1788358504343127554,307200,86241,25,22,193.0,"[25.0, 25.7, 28.2, 30.4, 30.5, 30.8, 81.0, 82.4, 82.7, 86.4, 89.9, 92.5, 94.6, 99.1, 103.2, 105.1, 125.2, 138.8, 148.4, 154.5, 165.8, 193.0]","['NEAR', 'RAIL', 'INSIDE', 'INSIDE', 'INSIDE', 'INSIDE', 'INSIDE', 'RAIL', 'INSIDE', 'INSIDE', 'NEAR', 'INSIDE', 'NEAR', 'INSIDE', 'OUTSIDE', 'INSIDE', 'INSIDE', 'INSIDE', 'RAIL', 'INSIDE', 'INSIDE', 'RAIL']","[[0.55, 0.06, 1.26], [0.18, 0.52, 0.33], [0.59, 1.73, 0.06], [0.89, 1.22, 0.49], [0.22, 2.32, 0.02], [0.05, 1.6, 0.0], [0.16, 1.98, 0.0], [0.26, 0.24, 0.9], [0.68, 4.57, 2.37], [1.19, 3.77, 0.03], [2.12, 0.23, 1.59], [1.84, 3.83, 1.44], [0.65, 0.17, 0.44], [0.46, 3.96, 0.61], [0.85, 0.31, 0.92], [1.57, 4.2, 0.85], [9.92, 4.45, 0.99], [8.6, 4.22, 0.7], [0.03, 0.26, 0.22], [2.96, 4.66, 0.65], [4.35, 4.35, 0.37], [0.1, 1.01, 0.0]]","[253, 299, 205, 255, 301, 312, 293, 215, 268, 300, 306, 279, 296, 298, 309, 314, 311, 185, 196, 258, 208, 262]",21.3
606,1788358504449445395,307200,86228,24,21,193.0,"[25.0, 25.6, 28.2, 30.4, 30.5, 30.9, 47.1, 81.1, 82.4, 82.7, 87.0, 90.2, 99.2, 103.2, 105.0, 126.8, 138.8, 148.4, 154.5, 165.8, 193.0]","['NEAR', 'RAIL', 'RAIL', 'INSIDE', 'INSIDE', 'INSIDE', 'INSIDE', 'INSIDE', 'RAIL', 'INSIDE', 'INSIDE', 'INSIDE', 'INSIDE', 'OUTSIDE', 'INSIDE', 'INSIDE', 'INSIDE', 'RAIL', 'INSIDE', 'INSIDE', 'RAIL']","[[0.57, 0.06, 1.26], [0.8, 0.07, 0.28], [0.19, 0.53, 0.33], [0.6, 1.73, 0.06], [1.0, 1.21, 0.49], [0.28, 2.41, 0.03], [0.05, 1.6, 0.01], [0.2, 2.26, 0.0], [0.21, 0.24, 0.9], [0.67, 4.53, 2.37], [0.04, 3.49, 0.0], [2.78, 4.2, 2.24], [0.31, 3.94, 1.76], [0.87, 0.2, 0.92], [1.27, 4.24, 0.66], [12.97, 4.55, 1.63], [8.56, 4.21, 1.36], [0.03, 0.26, 0.22], [2.99, 4.12, 0.65], [4.31, 4.35, 0.37], [0.05, 1.01, 0.0]]","[253, 304, 299, 205, 255, 301, 312, 293, 215, 268, 300, 306, 298, 309, 314, 311, 185, 196, 258, 208, 262]",25.9
607,1788358504542739069,307200,86332,26,22,193.0,"[25.3, 28.2, 30.4, 30.5, 35.5, 35.6, 47.1, 81.0, 82.4, 82.7, 87.0, 91.1, 94.5, 99.1, 103.2, 105.6, 126.8, 138.8, 148.4, 154.5, 165.8, 193.0]","['NEAR', 'RAIL', 'RAIL', 'INSIDE', 'INSIDE', 'INSIDE', 'INSIDE', 'INSIDE', 'RAIL', 'INSIDE', 'INSIDE', 'INSIDE', 'NEAR', 'INSIDE', 'OUTSIDE', 'INSIDE', 'INSIDE', 'INSIDE', 'RAIL', 'INSIDE', 'INSIDE', 'RAIL']","[[0.56, 0.05, 1.26], [0.82, 0.07, 0.28], [0.22, 0.53, 0.33], [0.28, 1.21, 0.25], [1.1, 1.83, 0.07], [0.95, 2.41, 0.1], [0.72, 1.75, 0.05], [0.17, 2.26, 0.0], [0.22, 0.37, 0.9], [0.78, 4.53, 2.37], [0.03, 3.64, 0.0], [4.51, 4.2, 2.27], [0.76, 0.22, 0.62], [0.36, 3.96, 1.27], [0.91, 0.31, 0.92], [2.69, 4.09, 0.45], [12.91, 4.55, 1.63], [8.58, 4.21, 0.7], [0.05, 0.26, 0.22], [3.01, 4.66, 0.65], [4.26, 4.06, 0.37], [0.1, 1.01, 0.0]]","[253, 304, 299, 255, 302, 301, 312, 293, 215, 268, 300, 306, 296, 298, 309, 314, 311, 185, 196, 258, 208, 262]",27.6
608,1788358504640012496,307200,86258,19,16,165.8,"[25.0, 25.7, 28.2, 30.4, 30.5, 81.0, 82.4, 82.7, 87.0, 91.6, 99.1, 103.2, 105.1, 148.4, 154.5, 165.8]","['NEAR', 'RAIL', 'INSIDE', 'INSIDE', 'INSIDE', 'INSIDE', 'RAIL', 'INSIDE', 'INSIDE', 'INSIDE', 'INSIDE', 'OUTSIDE', 'INSIDE', 'RAIL', 'INSIDE', 'INSIDE']","[[0.55, 0.06, 1.26], [0.18, 0.53, 0.33], [0.6, 1.73, 0.06], [0.29, 1.22, 0.25], [0.25, 2.41, 0.02], [0.19, 2.12, 0.0], [0.18, 0.37, 0.9], [0.7, 4.59, 2.37], [0.02, 3.64, 0.0], [3.5, 4.2, 2.27], [0.31, 3.96, 1.76], [0.9, 0.2, 0.92], [1.59, 4.2, 0.85], [0.01, 0.26, 0.22], [2.97, 4.66, 0.65], [4.34, 4.35, 0.37]]","[253, 299, 205, 255, 301, 293, 215, 268, 300, 306, 298, 309, 314, 196, 258, 208]",24.0
609,1788358504745485823,307200,86270,24,21,165.8,"[25.0, 25.7, 30.4, 30.5, 30.9, 38.2, 47.1, 81.0, 82.4, 82.7, 87.0, 91.2, 98.5, 103.2, 105.2, 118.6, 126.8, 138.8, 148.4, 154.5, 165.8]","['RAIL', 'RAIL', 'INSIDE', 'INSIDE', 'INSIDE', 'INSIDE', 'INSIDE', 'INSIDE', 'RAIL', 'INSIDE', 'INSIDE', 'INSIDE', 'INSIDE', 'OUTSIDE', 'INSIDE', 'INSIDE', 'INSIDE', 'INSIDE', 'RAIL', 'INSIDE', 'INSIDE']","[[0.82, 0.07, 0.28], [0.18, 0.57, 0.33], [0.61, 1.73, 0.06], [1.0, 1.22, 0.49], [0.09, 1.26, 0.01], [0.05, 1.6, 0.01], [0.19, 0.94, 0.01], [0.1, 1.98, 0.0], [0.23, 0.24, 0.9], [0.65, 4.45, 2.37], [0.03, 3.64, 0.0], [4.49, 4.19, 2.27], [1.7, 3.97, 0.82], [0.87, 0.31, 0.92], [1.8, 4.24, 0.85], [1.4, 3.95, 0.02], [12.9, 4.55, 1.63], [8.55, 4.33, 0.7], [0.06, 0.26, 0.22], [2.99, 4.39, 0.65], [4.29, 4.35, 0.37]]","[304, 299, 205, 255, 301, 253, 312, 293, 215, 268, 300, 306, 298, 309, 314, 315, 311, 185, 196, 258, 208]",26.3
610,1788358504845175062,307200,86300,25,22,193.0,"[25.7, 29.8, 30.5, 30.9, 31.9, 38.2, 76.6, 81.0, 82.4, 82.7, 87.0, 91.2, 99.1, 103.2, 104.9, 118.6, 126.8, 138.0, 148.4, 154.5, 165.1, 193.0]","['NEAR', 'NEAR', 'INSIDE', 'INSIDE', 'INSIDE', 'INSIDE', 'INSIDE', 'INSIDE', 'RAIL', 'INSIDE', 'INSIDE', 'INSIDE', 'INSIDE', 'OUTSIDE', 'INSIDE', 'INSIDE', 'INSIDE', 'INSIDE', 'RAIL', 'INSIDE', 'INSIDE', 'RAIL']","[[1.57, 0.06, 1.85], [1.84, 0.12, 1.89], [0.96, 1.22, 0.49], [0.06, 1.81, 0.01], [0.11, 1.26, 0.01], [0.21, 0.94, 0.02], [2.6, 2.02, 0.7], [0.2, 2.12, 0.0], [0.18, 0.22, 0.9], [0.67, 4.44, 2.37], [0.03, 3.49, 0.0], [4.48, 4.19, 1.65], [0.41, 3.96, 1.76], [0.92, 0.36, 0.92], [1.4, 4.25, 0.67], [1.42, 3.95, 0.02], [12.97, 4.55, 1.27], [7.12, 4.57, 0.7], [0.02, 0.26, 0.22], [2.96, 4.66, 0.65], [2.9, 4.06, 0.36], [0.07, 1.01, 0.0]]","[255, 253, 299, 301, 305, 312, 280, 293, 215, 268, 300, 306, 298, 309, 314, 315, 311, 185, 196, 258, 208, 262]",25.0
611,1788358504938248570,307200,86228,23,21,193.0,"[25.7, 30.4, 30.9, 30.9, 47.1, 81.0, 82.4, 82.8, 87.0, 89.9, 92.2, 98.5, 103.4, 105.2, 118.6, 126.8, 138.8, 148.4, 154.5, 165.2, 193.0]","['NEAR', 'RAIL', 'RAIL', 'INSIDE', 'INSIDE', 'INSIDE', 'RAIL', 'INSIDE', 'INSIDE', 'NEAR', 'INSIDE', 'INSIDE', 'OUTSIDE', 'INSIDE', 'INSIDE', 'INSIDE', 'INSIDE', 'RAIL', 'INSIDE', 'INSIDE', 'RAIL']","[[3.77, 0.13, 1.94], [0.82, 0.07, 0.28], [0.18, 0.58, 0.33], [0.94, 1.22, 0.49], [0.24, 2.33, 0.02], [0.18, 2.26, 0.0], [0.21, 0.37, 0.9], [0.68, 4.59, 2.37], [0.04, 3.64, 0.0], [2.05, 0.19, 2.21], [2.46, 3.84, 1.44], [1.71, 3.98, 0.82], [1.3, 0.36, 1.79], [1.73, 4.05, 0.45], [1.37, 3.95, 0.02], [12.95, 4.55, 1.27], [8.6, 4.33, 0.7], [0.01, 0.26, 0.22], [2.96, 4.66, 0.65], [2.97, 3.19, 0.36], [0.09, 1.35, 0.0]]","[253, 304, 301, 299, 305, 293, 215, 268, 300, 306, 279, 298, 309, 314, 315, 311, 185, 196, 258, 208, 262]",29.1
612,1788358505042618554,307200,86255,25,22,165.8,"[25.3, 29.2, 30.4, 30.5, 31.9, 35.5, 35.6, 81.0, 82.4, 82.7, 87.0, 90.0, 92.1, 98.6, 103.2, 105.7, 118.6, 126.0, 138.8, 148.4, 154.5, 165.8]","['NEAR', 'NEAR', 'RAIL', 'INSIDE', 'INSIDE', 'INSIDE', 'INSIDE', 'INSIDE', 'RAIL', 'INSIDE', 'INSIDE', 'NEAR', 'INSIDE', 'INSIDE', 'OUTSIDE', 'INSIDE', 'INSIDE', 'INSIDE', 'INSIDE', 'RAIL', 'INSIDE', 'INSIDE']","[[2.56, 0.06, 1.85], [1.86, 0.12, 1.88], [0.18, 0.58, 0.33], [0.3, 1.22, 0.25], [1.21, 1.96, 0.08], [0.95, 2.32, 0.1], [0.7, 1.75, 0.05], [0.15, 2.26, 0.0], [0.26, 0.38, 0.9], [0.66, 4.48, 2.37], [0.03, 3.49, 0.0], [2.01, 0.22, 1.58], [2.46, 3.84, 1.41], [1.46, 4.14, 1.76], [0.9, 0.2, 0.92], [0.73, 3.9, 0.42], [1.39, 4.16, 0.02], [8.36, 4.47, 0.88], [8.59, 4.33, 0.7], [0.03, 0.26, 0.22], [2.99, 4.66, 0.65], [4.31, 4.35, 0.37]]","[255, 253, 301, 299, 302, 305, 312, 293, 215, 268, 300, 306, 279, 298, 309, 314, 315, 311, 185, 196, 258, 208]",20.5
613,1788358505141589841,307200,86185,23,21,165.1,"[25.0, 25.7, 28.2, 29.8, 30.5, 30.5, 31.8, 81.0, 82.4, 82.7, 87.0, 89.9, 92.1, 98.6, 103.2, 105.0, 119.2, 126.6, 138.0, 154.5, 165.1]","['NEAR', 'NEAR', 'NEAR', 'RAIL', 'INSIDE', 'INSIDE', 'INSIDE', 'INSIDE', 'RAIL', 'INSIDE', 'INSIDE', 'NEAR', 'INSIDE', 'INSIDE', 'OUTSIDE', 'INSIDE', 'INSIDE', 'INSIDE', 'INSIDE', 'INSIDE', 'INSIDE']","[[0.58, 0.06, 1.26], [1.63, 0.05, 1.85], [1.86, 0.12, 1.88], [0.13, 0.53, 0.33], [0.58, 1.73, 0.06], [0.14, 1.25, 0.01], [0.04, 1.81, 0.01], [0.22, 2.4, 0.01], [0.24, 0.37, 0.9], [0.73, 4.44, 2.37], [0.04, 3.64, 0.0], [2.07, 0.23, 1.59], [2.48, 3.84, 1.41], [1.42, 4.14, 1.76], [0.89, 0.2, 0.92], [1.26, 4.24, 0.66], [0.21, 4.16, 0.0], [7.29, 4.45, 0.86], [7.11, 4.22, 0.7], [2.98, 4.66, 0.65], [2.91, 3.77, 0.36]]","[255, 299, 253, 301, 205, 305, 312, 293, 215, 268, 300, 306, 279, 298, 309, 314, 315, 311, 185, 258, 208]",19.5
614,1788358505235684280,307200,86220,26,24,165.9,"[25.0, 25.6, 29.2, 30.4, 30.5, 30.5, 31.8, 38.2, 81.0, 82.4, 82.7, 87.0, 89.9, 91.3, 93.0, 99.1, 103.2, 105.0, 118.6, 126.8, 138.8, 148.4, 154.6, 165.9]","['NEAR', 'NEAR', 'RAIL', 'INSIDE', 'INSIDE', 'INSIDE', 'INSIDE', 'INSIDE', 'INSIDE', 'RAIL', 'INSIDE', 'INSIDE', 'NEAR', 'INSIDE', 'OUTSIDE', 'INSIDE', 'OUTSIDE', 'INSIDE', 'INSIDE', 'INSIDE', 'INSIDE', 'RAIL', 'INSIDE', 'INSIDE']","[[2.56, 0.06, 1.85], [1.84, 0.12, 1.89], [0.17, 0.58, 0.27], [0.58, 1.73, 0.06], [0.31, 1.22, 0.25], [0.26, 2.41, 0.02], [0.04, 1.6, 0.01], [0.2, 0.94, 0.01], [0.2, 1.98, 0.0], [0.2, 0.37, 0.9], [0.76, 4.53, 2.37], [0.05, 3.64, 0.0], [2.03, 0.22, 1.59], [0.6, 3.84, 0.42], [0.64, 1.16, 1.44], [0.44, 3.96, 1.27], [0.88, 0.36, 0.92], [1.22, 4.01, 0.45], [1.44, 4.16, 0.02], [12.96, 4.55, 1.26], [8.55, 4.33, 0.7], [0.03, 0.26, 0.22], [3.01, 4.66, 0.65], [4.38, 4.35, 0.37]]","[299, 253, 301, 205, 316, 305, 312, 302, 293, 215, 268, 300, 306, 279, 296, 298, 309, 314, 315, 311, 185, 196, 258, 208]",19.5
615,1788358505340290830,307200,86268,24,22,193.0,"[28.2, 30.4, 30.5, 30.9, 30.9, 81.0, 82.4, 83.1, 87.0, 90.4, 91.2, 93.1, 98.5, 103.2, 105.2, 118.6, 126.5, 138.8, 148.4, 154.5, 165.2, 193.0]","['NEAR', 'NEAR', 'RAIL', 'INSIDE', 'INSIDE', 'INSIDE', 'RAIL', 'INSIDE', 'INSIDE', 'NEAR', 'INSIDE', 'OUTSIDE', 'INSIDE', 'OUTSIDE', 'INSIDE', 'INSIDE', 'INSIDE', 'INSIDE', 'RAIL', 'INSIDE', 'INSIDE', 'RAIL']","[[0.58, 0.05, 1.26], [3.82, 0.13, 1.94], [0.17, 0.58, 0.27], [0.95, 1.22, 0.49], [0.04, 1.6, 0.01], [0.17, 2.26, 0.0], [0.25, 0.37, 0.9], [1.48, 4.57, 2.37], [0.03, 3.64, 0.0], [1.15, 0.22, 1.59], [0.7, 3.84, 0.43], [0.67, 1.32, 1.44], [1.77, 4.15, 1.48], [0.85, 0.2, 0.92], [1.73, 4.05, 0.45], [1.41, 4.16, 0.02], [7.25, 4.44, 1.13], [8.56, 4.22, 0.7], [0.01, 0.26, 0.22], [3.04, 4.66, 0.65], [3.02, 4.06, 0.36], [0.02, 1.35, 0.0]]","[255, 253, 301, 316, 312, 293, 215, 268, 300, 306, 279, 296, 298, 309, 314, 315, 311, 185, 196, 258, 208, 262]",18.7
616,1788358505443603371,307200,86286,23,21,165.9,"[29.7, 30.5, 30.5, 30.9, 31.9, 47.1, 81.0, 82.4, 82.7, 87.0, 89.9, 92.2, 99.1, 103.2, 105.4, 118.6, 126.8, 138.8, 148.4, 154.5, 165.9]","['NEAR', 'NEAR', 'RAIL', 'RAIL', 'INSIDE', 'INSIDE', 'INSIDE', 'RAIL', 'INSIDE', 'INSIDE', 'NEAR', 'INSIDE', 'INSIDE', 'OUTSIDE', 'INSIDE', 'INSIDE', 'INSIDE', 'INSIDE', 'RAIL', 'INSIDE', 'INSIDE']","[[1.51, 0.07, 1.85], [1.83, 0.12, 1.88], [0.8, 0.1, 0.28], [0.14, 0.53, 0.33], [1.04, 1.22, 0.49], [0.05, 1.6, 0.01], [0.13, 1.98, 0.0], [0.23, 0.22, 0.9], [0.68, 4.43, 2.37], [0.04, 3.49, 0.0], [2.11, 0.22, 1.58], [2.44, 3.84, 1.41], [0.39, 3.96, 1.76], [0.91, 0.2, 0.92], [1.43, 4.28, 0.66], [1.34, 4.16, 0.02], [13.01, 4.55, 1.26], [8.61, 4.22, 0.7], [0.04, 0.26, 0.22], [2.99, 4.66, 0.65], [4.37, 4.06, 0.37]]","[299, 253, 304, 301, 316, 312, 293, 215, 268, 300, 306, 279, 298, 309, 314, 315, 311, 185, 196, 258, 208]",17.7
617,1788358505548563960,307200,86271,23,21,165.8,"[25.0, 25.7, 28.2, 30.4, 30.9, 30.9, 81.0, 82.4, 82.7, 87.0, 90.4, 92.2, 98.5, 103.4, 106.1, 119.2, 126.8, 138.8, 148.4, 154.5, 165.8]","['NEAR', 'NEAR', 'RAIL', 'INSIDE', 'INSIDE', 'INSIDE', 'INSIDE', 'RAIL', 'INSIDE', 'INSIDE', 'NEAR', 'INSIDE', 'INSIDE', 'OUTSIDE', 'INSIDE', 'INSIDE', 'INSIDE', 'INSIDE', 'RAIL', 'INSIDE', 'INSIDE']","[[0.56, 0.05, 1.26], [3.78, 0.12, 1.94], [0.18, 0.52, 0.33], [0.6, 1.73, 0.06], [0.94, 1.22, 0.49], [0.22, 2.33, 0.02], [0.14, 2.12, 0.0], [0.26, 0.24, 0.9], [0.68, 4.44, 2.37], [0.03, 3.49, 0.0], [1.11, 0.22, 1.58], [2.41, 3.84, 1.44], [1.69, 3.97, 1.76], [1.24, 0.22, 1.79], [1.64, 3.57, 0.42], [0.18, 3.95, 0.0], [12.97, 4.55, 1.26], [8.55, 4.22, 0.7], [0.04, 0.26, 0.22], [2.99, 4.66, 0.65], [4.27, 4.35, 0.37]]","[255, 253, 301, 205, 316, 305, 293, 215, 268, 300, 306, 279, 298, 309, 314, 315, 311, 185, 196, 258, 208]",16.7
618,1788358505646847168,307200,86258,26,24,193.0,"[25.0, 25.7, 28.2, 29.8, 30.5, 30.9, 31.9, 81.1, 82.4, 83.1, 87.0, 90.0, 91.2, 93.1, 98.6, 103.4, 104.9, 118.6, 125.9, 138.8, 148.4, 154.5, 165.1, 193.0]","['NEAR', 'NEAR', 'NEAR', 'INSIDE', 'INSIDE', 'INSIDE', 'INSIDE', 'INSIDE', 'RAIL', 'INSIDE', 'INSIDE', 'NEAR', 'INSIDE', 'OUTSIDE', 'INSIDE', 'OUTSIDE', 'INSIDE', 'INSIDE', 'INSIDE', 'INSIDE', 'RAIL', 'INSIDE', 'INSIDE', 'RAIL']","[[0.55, 0.05, 1.26], [1.52, 0.06, 1.85], [1.83, 0.12, 1.88], [0.58, 1.73, 0.06], [0.96, 1.22, 0.49], [0.27, 2.41, 0.02], [0.04, 1.6, 0.01], [0.23, 2.26, 0.01], [0.22, 0.51, 0.9], [1.5, 4.53, 2.37], [0.03, 3.49, 0.0], [2.0, 0.2, 2.2], [0.7, 3.84, 0.43], [0.63, 0.18, 1.44], [1.5, 4.13, 1.76], [1.38, 0.31, 1.79], [1.32, 4.01, 0.45], [1.43, 4.16, 0.02], [8.38, 4.45, 1.13], [8.58, 4.21, 0.7], [0.02, 0.26, 0.22], [3.0, 4.63, 0.65], [2.97, 4.06, 0.36], [0.1, 1.01, 0.0]]","[255, 299, 253, 205, 316, 305, 312, 293, 215, 268, 300, 306, 279, 296, 298, 309, 314, 315, 311, 185, 196, 258, 208, 262]",21.4
619,1788358505742017963,307200,86310,20,19,165.8,"[25.3, 30.4, 30.9, 30.9, 81.0, 82.4, 83.1, 86.9, 91.1, 94.5, 99.1, 103.2, 105.0, 118.6, 128.1, 138.8, 148.4, 154.5, 165.8]","['NEAR', 'RAIL', 'INSIDE', 'INSIDE', 'INSIDE', 'RAIL', 'INSIDE', 'INSIDE', 'INSIDE', 'NEAR', 'INSIDE', 'OUTSIDE', 'INSIDE', 'INSIDE', 'INSIDE', 'INSIDE', 'RAIL', 'INSIDE', 'INSIDE']","[[3.8, 0.12, 1.94], [0.18, 0.58, 0.33], [0.97, 1.22, 0.25], [0.95, 2.41, 0.1], [0.13, 1.98, 0.0], [0.21, 0.19, 0.9], [1.46, 4.48, 2.37], [0.05, 3.64, 0.0], [4.53, 4.2, 2.27], [0.85, 0.21, 0.62], [0.41, 3.96, 1.76], [0.87, 0.36, 0.92], [1.24, 4.01, 0.45], [1.43, 4.16, 0.02], [10.33, 4.55, 1.13], [8.55, 4.21, 0.7], [0.03, 0.26, 0.22], [2.97, 4.66, 0.65], [4.22, 4.06, 0.37]]","[253, 301, 316, 305, 293, 215, 268, 300, 279, 296, 298, 309, 314, 315, 311, 185, 196, 258, 208]",20.1
620,1788358505844549308,307200,86287,21,20,165.9,"[25.6, 29.2, 30.5, 30.6, 31.9, 47.1, 81.0, 82.4, 83.1, 87.0, 91.1, 99.2, 103.2, 105.2, 118.6, 128.0, 138.8, 148.4, 154.5, 165.9]","['NEAR', 'NEAR', 'RAIL', 'RAIL', 'INSIDE', 'INSIDE', 'INSIDE', 'RAIL', 'INSIDE', 'INSIDE', 'INSIDE', 'INSIDE', 'OUTSIDE', 'INSIDE', 'INSIDE', 'INSIDE', 'INSIDE', 'RAIL', 'INSIDE', 'INSIDE']","[[2.53, 0.06, 1.85], [1.84, 0.12, 1.89], [0.8, 0.07, 0.28], [0.11, 0.53, 0.33], [0.37, 1.22, 0.24], [0.27, 2.32, 0.02], [0.12, 1.98, 0.0], [0.18, 0.22, 0.9], [1.52, 4.53, 2.37], [0.03, 3.64, 0.0], [4.55, 4.19, 1.65], [0.37, 3.96, 1.76], [0.89, 0.36, 0.92], [1.73, 4.05, 0.45], [1.4, 4.16, 0.02], [10.26, 4.55, 0.88], [8.56, 4.21, 0.7], [0.05, 0.26, 0.22], [3.0, 4.66, 0.65], [4.39, 3.77, 0.37]]","[299, 253, 304, 301, 316, 305, 293, 215, 268, 300, 279, 298, 309, 314, 315, 311, 185, 196, 258, 208]",17.2
621,1788358505950950482,307200,86320,28,24,165.2,"[25.0, 25.6, 28.2, 29.8, 30.4, 30.5, 30.9, 31.9, 35.6, 81.0, 82.4, 83.1, 87.0, 90.4, 92.5, 99.1, 103.2, 105.5, 118.6, 126.5, 138.8, 148.4, 154.5, 165.2]","['NEAR', 'NEAR', 'NEAR', 'RAIL', 'INSIDE', 'INSIDE', 'INSIDE', 'INSIDE', 'INSIDE', 'INSIDE', 'RAIL', 'INSIDE', 'INSIDE', 'NEAR', 'INSIDE', 'INSIDE', 'OUTSIDE', 'INSIDE', 'INSIDE', 'INSIDE', 'INSIDE', 'RAIL', 'INSIDE', 'INSIDE']","[[0.58, 0.05, 1.26], [1.58, 0.06, 1.85], [1.87, 0.12, 1.88], [0.18, 0.58, 0.33], [0.59, 1.73, 0.06], [1.01, 1.22, 0.49], [1.12, 1.83, 0.08], [0.27, 2.41, 0.02], [0.05, 1.6, 0.01], [0.18, 2.4, 0.0], [0.26, 0.23, 0.9], [1.48, 4.59, 2.37], [0.03, 3.49, 0.0], [1.1, 0.22, 2.21], [1.84, 3.83, 1.44], [0.37, 3.96, 1.76], [0.89, 0.2, 0.92], [1.17, 4.28, 0.66], [1.41, 4.16, 0.02], [7.24, 4.44, 1.13], [8.59, 4.47, 0.7], [0.03, 0.26, 0.22], [2.99, 4.66, 0.65], [2.98, 4.06, 0.36]]","[255, 299, 253, 301, 205, 316, 302, 305, 312, 293, 215, 268, 300, 306, 279, 298, 309, 314, 315, 311, 185, 196, 258, 208]",17.5
622,1788358506057088065,307200,86250,24,23,165.8,"[25.6, 28.6, 29.9, 30.4, 30.9, 31.9, 47.1, 81.0, 82.4, 82.7, 87.0, 91.1, 94.5, 98.0, 98.5, 103.2, 105.2, 118.6, 126.8, 138.8, 148.4, 154.5, 165.8]","['NEAR', 'NEAR', 'NEAR', 'RAIL', 'RAIL', 'INSIDE', 'INSIDE', 'INSIDE', 'RAIL', 'INSIDE', 'INSIDE', 'INSIDE', 'NEAR', 'NEAR', 'INSIDE', 'OUTSIDE', 'INSIDE', 'INSIDE', 'INSIDE', 'INSIDE', 'RAIL', 'INSIDE', 'INSIDE']","[[1.41, 0.06, 1.27], [1.17, 0.06, 1.85], [1.87, 0.12, 1.89], [0.82, 0.07, 0.28], [0.21, 0.53, 0.33], [0.95, 1.22, 0.25], [0.27, 2.41, 0.02], [0.09, 2.12, 0.0], [0.25, 0.37, 0.9], [0.75, 4.24, 2.37], [0.03, 3.64, 0.0], [4.56, 4.19, 2.27], [0.68, 0.17, 0.44], [1.91, 0.04, 1.05], [1.73, 3.97, 1.76], [0.9, 0.2, 0.92], [1.81, 4.28, 0.85], [1.41, 4.16, 0.02], [12.93, 4.55, 1.26], [8.55, 4.33, 0.7], [0.04, 0.26, 0.22], [3.04, 4.66, 0.65], [4.29, 3.77, 0.37]]","[255, 299, 253, 304, 301, 316, 305, 293, 215, 268, 300, 279, 296, 298, 309, 314, 318, 315, 311, 185, 196, 258, 208]",18.9
623,1788358506159030504,307200,86258,21,18,165.9,"[25.3, 29.8, 30.4, 30.5, 30.5, 31.8, 81.1, 82.4, 82.7, 87.0, 91.7, 99.2, 103.2, 105.0, 118.6, 148.4, 154.5, 165.9]","['NEAR', 'NEAR', 'RAIL', 'INSIDE', 'INSIDE', 'INSIDE', 'INSIDE', 'RAIL', 'INSIDE', 'INSIDE', 'INSIDE', 'INSIDE', 'OUTSIDE', 'INSIDE', 'INSIDE', 'RAIL', 'INSIDE', 'INSIDE']","[[1.59, 0.07, 1.85], [1.82, 0.12, 1.89], [0.19, 0.58, 0.33], [0.29, 1.22, 0.25], [0.95, 2.32, 0.1], [0.05, 1.6, 0.01], [0.2, 2.26, 0.0], [0.25, 0.37, 0.9], [0.77, 4.53, 2.37], [0.04, 3.49, 0.0], [3.51, 4.2, 1.65], [0.37, 4.16, 1.27], [0.92, 0.31, 0.92], [1.28, 4.24, 0.66], [1.37, 3.95, 0.02], [0.04, 0.26, 0.22], [3.01, 4.66, 0.65], [4.34, 4.06, 0.37]]","[299, 253, 301, 316, 305, 312, 293, 215, 268, 300, 279, 309, 314, 318, 315, 196, 258, 208]",16.0
624,1788358506258449456,307200,86296,23,21,165.2,"[25.0, 25.6, 25.9, 28.2, 29.8, 30.5, 30.9, 31.9, 81.0, 82.4, 83.1, 87.0, 90.5, 92.5, 98.5, 103.2, 104.9, 118.6, 148.4, 154.5, 165.2]","['NEAR', 'NEAR', 'NEAR', 'INSIDE', 'INSIDE', 'INSIDE', 'RAIL', 'INSIDE', 'INSIDE', 'RAIL', 'INSIDE', 'INSIDE', 'NEAR', 'INSIDE', 'INSIDE', 'OUTSIDE', 'INSIDE', 'INSIDE', 'RAIL', 'INSIDE', 'INSIDE']","[[0.56, 0.05, 1.26], [1.64, 0.05, 1.85], [1.91, 0.12, 1.88], [0.59, 1.73, 0.06], [0.95, 1.22, 0.25], [0.27, 2.41, 0.02], [0.26, 0.19, 0.12], [0.04, 1.6, 0.01], [0.21, 2.12, 0.0], [0.2, 0.23, 0.9], [1.47, 4.44, 2.37], [0.02, 3.64, 0.0], [1.17, 0.22, 1.84], [1.84, 3.83, 1.44], [1.68, 4.15, 1.76], [0.85, 0.36, 0.92], [1.35, 4.24, 0.66], [1.42, 3.95, 0.02], [0.06, 0.26, 0.22], [2.99, 4.66, 0.65], [2.97, 3.77, 0.36]]","[255, 299, 253, 205, 316, 305, 301, 312, 293, 215, 268, 300, 306, 279, 309, 314, 318, 315, 196, 258, 208]",19.5
625,1788358506339825697,307200,86304,22,21,174.5,"[25.7, 28.2, 30.5, 30.9, 30.9, 81.0, 82.4, 82.7, 87.0, 90.9, 94.6, 98.5, 103.2, 104.9, 118.6, 126.7, 138.8, 148.4, 154.5, 165.9, 174.5]","['NEAR', 'NEAR', 'INSIDE', 'INSIDE', 'INSIDE', 'INSIDE', 'RAIL', 'INSIDE', 'INSIDE', 'INSIDE', 'NEAR', 'INSIDE', 'OUTSIDE', 'INSIDE', 'INSIDE', 'INSIDE', 'INSIDE', 'RAIL', 'INSIDE', 'INSIDE', 'INSIDE']","[[0.57, 0.05, 1.26], [3.84, 0.13, 1.94], [0.98, 1.22, 0.49], [0.11, 1.26, 0.01], [0.06, 1.6, 0.01], [0.18, 2.26, 0.0], [0.23, 0.24, 0.9], [0.74, 4.53, 2.37], [0.02, 3.49, 0.0], [4.2, 4.2, 1.9], [0.63, 0.1, 1.05], [1.72, 4.15, 1.76], [0.91, 0.2, 0.92], [1.27, 4.01, 0.45], [1.4, 4.16, 0.02], [12.75, 4.47, 1.63], [8.57, 4.22, 0.7], [0.01, 0.26, 0.22], [2.98, 4.66, 0.65], [4.36, 4.34, 0.37], [0.04, 0.61, 0.0]]","[255, 253, 316, 305, 312, 293, 215, 268, 300, 279, 296, 309, 314, 318, 315, 311, 185, 196, 258, 208, 313]",17.0
626,1788358506446116047,307200,86252,26,24,174.5,"[25.2, 25.7, 28.2, 29.9, 30.5, 30.5, 31.8, 47.1, 76.6, 81.0, 82.4, 83.1, 87.0, 90.7, 99.2, 103.2, 105.6, 119.2, 125.2, 138.8, 148.4, 154.5, 165.8, 174.5]","['NEAR', 'NEAR', 'NEAR', 'RAIL', 'RAIL', 'INSIDE', 'INSIDE', 'INSIDE', 'INSIDE', 'INSIDE', 'RAIL', 'INSIDE', 'INSIDE', 'INSIDE', 'INSIDE', 'OUTSIDE', 'INSIDE', 'INSIDE', 'INSIDE', 'INSIDE', 'RAIL', 'INSIDE', 'INSIDE', 'INSIDE']","[[0.55, 0.05, 1.26], [1.21, 0.06, 1.85], [1.87, 0.12, 1.88], [0.82, 0.07, 0.28], [0.11, 0.53, 0.27], [0.86, 1.73, 0.09], [0.31, 1.22, 0.25], [0.23, 1.25, 0.02], [2.6, 2.01, 0.84], [0.12, 1.98, 0.0], [0.2, 0.38, 0.9], [1.48, 4.44, 2.37], [0.04, 3.49, 0.0], [1.73, 4.18, 2.24], [0.33, 3.96, 0.61], [0.86, 0.2, 0.92], [2.7, 4.32, 1.35], [0.21, 4.16, 0.0], [9.85, 4.44, 1.26], [8.55, 4.22, 0.7], [0.03, 0.26, 0.22], [2.98, 4.66, 0.65], [4.26, 3.77, 0.37], [0.0, 0.61, 0.0]]","[255, 299, 253, 304, 312, 205, 316, 305, 293, 268, 215, 300, 279, 306, 309, 314, 318, 315, 311, 185, 196, 258, 208, 313]",23.2
627,1788358506546161524,307200,86272,26,24,193.0,"[25.0, 25.6, 28.2, 29.7, 30.4, 30.9, 31.8, 47.1, 81.0, 82.4, 82.7, 87.0, 91.1, 99.2, 103.2, 105.2, 118.6, 125.2, 138.8, 148.4, 154.5, 165.8, 174.5, 193.0]","['NEAR', 'NEAR', 'NEAR', 'RAIL', 'RAIL', 'INSIDE', 'INSIDE', 'INSIDE', 'INSIDE', 'RAIL', 'INSIDE', 'INSIDE', 'INSIDE', 'INSIDE', 'OUTSIDE', 'INSIDE', 'INSIDE', 'INSIDE', 'INSIDE', 'RAIL', 'INSIDE', 'INSIDE', 'INSIDE', 'RAIL']","[[0.55, 0.05, 1.26], [1.51, 0.05, 1.85], [1.85, 0.12, 1.88], [0.81, 0.1, 0.28], [0.2, 0.53, 0.33], [0.58, 1.73, 0.06], [0.96, 1.22, 0.49], [0.27, 2.41, 0.02], [0.17, 2.12, 0.0], [0.21, 0.24, 0.9], [0.73, 4.53, 2.37], [0.04, 3.49, 0.0], [4.51, 4.09, 2.27], [0.4, 3.96, 1.76], [0.9, 0.31, 0.92], [1.63, 4.28, 0.86], [1.38, 3.95, 0.02], [9.84, 4.45, 1.26], [8.63, 4.32, 0.7], [0.04, 0.26, 0.22], [2.97, 4.66, 0.65], [4.27, 4.06, 0.37], [0.04, 0.61, 0.0], [0.01, 0.67, 0.0]]","[255, 299, 253, 304, 312, 205, 316, 305, 268, 215, 300, 279, 306, 309, 314, 318, 315, 311, 185, 196, 258, 208, 313, 262]",24.4
628,1788358506643174988,307200,86288,26,22,193.0,"[25.7, 28.2, 30.5, 30.5, 30.9, 35.6, 81.0, 82.4, 82.7, 86.4, 91.2, 94.6, 98.5, 103.4, 105.3, 118.0, 121.7, 141.7, 148.4, 154.5, 165.8, 193.0]","['NEAR', 'NEAR', 'RAIL', 'INSIDE', 'INSIDE', 'INSIDE', 'INSIDE', 'RAIL', 'INSIDE', 'INSIDE', 'INSIDE', 'NEAR', 'INSIDE', 'OUTSIDE', 'INSIDE', 'OUTSIDE', 'OUTSIDE', 'INSIDE', 'RAIL', 'INSIDE', 'INSIDE', 'RAIL']","[[0.56, 0.05, 1.26], [3.8, 0.12, 1.94], [0.13, 0.53, 0.33], [0.28, 1.22, 0.25], [1.1, 1.83, 0.07], [0.24, 2.33, 0.02], [0.26, 2.26, 0.01], [0.25, 0.37, 0.9], [0.71, 4.53, 2.37], [1.14, 3.82, 1.36], [4.47, 4.2, 1.64], [0.59, 0.17, 0.44], [1.69, 3.97, 1.76], [1.26, 0.22, 1.79], [0.57, 4.25, 0.66], [0.1, 1.23, 0.0], [2.61, 1.97, 0.46], [2.8, 4.09, 0.37], [0.01, 0.26, 0.22], [2.98, 4.63, 0.65], [4.33, 4.35, 0.37], [0.09, 1.35, 0.0]]","[255, 253, 312, 316, 302, 305, 268, 215, 300, 279, 306, 296, 309, 314, 318, 315, 311, 185, 196, 258, 208, 262]",27.9
629,1788358506745522788,307200,86218,23,20,174.6,"[28.2, 29.8, 30.9, 31.9, 45.6, 81.0, 82.4, 82.7, 86.3, 90.0, 92.0, 98.5, 103.2, 105.2, 125.3, 138.7, 148.4, 154.5, 165.1, 174.6]","['NEAR', 'NEAR', 'NEAR', 'RAIL', 'INSIDE', 'INSIDE', 'RAIL', 'INSIDE', 'INSIDE', 'NEAR', 'INSIDE', 'INSIDE', 'OUTSIDE', 'INSIDE', 'INSIDE', 'INSIDE', 'RAIL', 'INSIDE', 'INSIDE', 'INSIDE']","[[0.54, 0.06, 1.26], [1.54, 0.06, 1.85], [1.85, 0.12, 1.89], [0.52, 0.19, 0.4], [0.95, 1.22, 0.25], [0.18, 2.12, 0.0], [0.2, 0.23, 0.9], [0.73, 4.53, 2.37], [1.31, 3.77, 0.41], [2.04, 0.22, 1.84], [1.97, 3.85, 0.83], [1.75, 3.98, 1.76], [0.87, 0.36, 0.92], [1.84, 4.28, 0.66], [9.89, 4.44, 1.26], [8.52, 4.21, 0.7], [0.04, 0.26, 0.22], [3.01, 4.66, 0.65], [2.95, 4.06, 0.36], [0.06, 0.3, 0.0]]","[255, 299, 253, 304, 316, 268, 215, 300, 279, 306, 296, 309, 314, 318, 311, 185, 196, 258, 208, 313]",21.2
630,1788358506853694850,307200,86293,20,16,193.0,"[30.4, 30.9, 81.1, 82.4, 82.8, 87.0, 91.1, 98.2, 103.2, 105.7, 126.9, 138.8, 148.4, 154.5, 165.9, 193.0]","['NEAR', 'INSIDE', 'INSIDE', 'RAIL', 'INSIDE', 'INSIDE', 'INSIDE', 'INSIDE', 'OUTSIDE', 'INSIDE', 'INSIDE', 'INSIDE', 'RAIL', 'INSIDE', 'INSIDE', 'RAIL']","[[4.85, 0.13, 1.94], [0.99, 1.22, 0.49], [0.2, 2.26, 0.0], [0.22, 0.22, 0.9], [0.68, 4.45, 2.37], [0.03, 3.49, 0.0], [4.57, 4.18, 2.27], [2.31, 4.13, 1.48], [0.89, 0.2, 0.92], [0.77, 4.24, 0.85], [12.9, 4.55, 1.26], [8.56, 4.22, 0.7], [0.01, 0.34, 0.22], [3.0, 4.66, 0.65], [4.37, 4.35, 0.37], [0.04, 1.01, 0.0]]","[299, 316, 268, 215, 300, 279, 296, 309, 314, 318, 311, 185, 196, 258, 208, 262]",24.3
631,1788358506953718564,307200,86281,23,20,165.8,"[28.2, 30.4, 30.9, 30.9, 47.1, 81.0, 82.4, 82.7, 87.0, 90.7, 94.6, 99.1, 103.2, 105.7, 111.4, 126.8, 138.8, 148.4, 154.5, 165.8]","['NEAR', 'NEAR', 'RAIL', 'RAIL', 'INSIDE', 'INSIDE', 'RAIL', 'INSIDE', 'INSIDE', 'INSIDE', 'NEAR', 'INSIDE', 'OUTSIDE', 'INSIDE', 'INSIDE', 'INSIDE', 'INSIDE', 'RAIL', 'INSIDE', 'INSIDE']","[[0.53, 0.05, 1.26], [3.78, 0.13, 1.94], [0.8, 0.1, 0.28], [0.21, 0.58, 0.27], [1.0, 1.22, 0.49], [0.15, 2.12, 0.0], [0.2, 0.23, 0.9], [0.72, 4.67, 2.37], [0.03, 3.64, 0.0], [1.7, 3.88, 1.61], [0.69, 0.22, 0.62], [0.36, 3.96, 1.76], [0.86, 0.2, 0.92], [0.72, 3.9, 0.43], [0.16, 3.31, 0.0], [12.99, 4.55, 1.26], [8.57, 4.22, 0.7], [0.01, 0.26, 0.22], [2.99, 4.66, 0.65], [4.39, 4.35, 0.37]]","[255, 299, 304, 312, 316, 268, 215, 300, 279, 296, 298, 309, 314, 318, 320, 311, 185, 196, 258, 208]",20.2
632,1788358507049578866,307200,86227,22,20,165.1,"[25.0, 25.7, 30.4, 30.5, 30.8, 47.1, 81.0, 82.4, 82.8, 86.1, 91.1, 99.2, 103.2, 105.0, 111.4, 125.3, 138.8, 148.4, 154.5, 165.1]","['NEAR', 'RAIL', 'RAIL', 'INSIDE', 'INSIDE', 'INSIDE', 'INSIDE', 'RAIL', 'INSIDE', 'INSIDE', 'INSIDE', 'INSIDE', 'OUTSIDE', 'INSIDE', 'INSIDE', 'INSIDE', 'INSIDE', 'RAIL', 'INSIDE', 'INSIDE']","[[4.84, 0.13, 1.94], [0.81, 0.1, 0.28], [0.13, 0.53, 0.33], [0.64, 1.72, 0.07], [0.92, 1.22, 0.49], [0.24, 2.33, 0.02], [0.18, 2.12, 0.0], [0.21, 0.24, 0.9], [0.67, 4.43, 2.37], [1.82, 3.97, 1.36], [4.5, 4.2, 1.62], [0.29, 3.93, 0.61], [0.86, 0.36, 0.92], [1.54, 4.24, 0.85], [0.1, 3.11, 0.0], [9.83, 4.42, 1.26], [8.62, 4.45, 1.36], [0.04, 0.26, 0.22], [2.99, 4.66, 0.65], [2.94, 4.34, 0.36]]","[299, 304, 312, 205, 316, 305, 268, 215, 300, 279, 296, 309, 314, 318, 320, 311, 185, 196, 258, 208]",19.5
633,1788358507152502710,307200,86233,21,20,193.0,"[28.2, 29.8, 30.5, 30.9, 31.9, 81.1, 82.4, 83.1, 87.0, 91.1, 94.5, 98.5, 103.2, 105.1, 111.4, 125.2, 141.6, 154.5, 165.8, 193.0]","['NEAR', 'NEAR', 'NEAR', 'RAIL', 'INSIDE', 'INSIDE', 'RAIL', 'INSIDE', 'INSIDE', 'INSIDE', 'NEAR', 'INSIDE', 'OUTSIDE', 'INSIDE', 'INSIDE', 'INSIDE', 'INSIDE', 'INSIDE', 'INSIDE', 'RAIL']","[[0.56, 0.06, 1.26], [1.53, 0.05, 1.85], [1.85, 0.12, 1.88], [0.12, 0.53, 0.33], [1.02, 1.22, 0.49], [0.22, 2.26, 0.01], [0.2, 0.24, 0.9], [1.49, 4.53, 2.37], [0.03, 3.49, 0.0], [4.48, 4.19, 2.27], [0.72, 0.17, 0.44], [1.74, 4.18, 1.76], [0.85, 0.2, 0.92], [1.69, 4.28, 0.66], [0.11, 3.31, 0.0], [9.79, 4.46, 1.26], [2.79, 4.09, 0.37], [3.01, 4.63, 0.65], [4.29, 3.77, 0.37], [0.05, 1.01, 0.0]]","[255, 299, 253, 312, 316, 268, 215, 300, 279, 296, 298, 309, 314, 318, 320, 311, 185, 258, 208, 262]",18.1
634,1788358507254979291,307200,86253,20,17,165.9,"[25.9, 30.4, 30.9, 81.0, 82.4, 82.7, 87.0, 89.9, 92.5, 99.1, 103.2, 105.8, 111.4, 138.8, 148.4, 154.5, 165.9]","['RAIL', 'INSIDE', 'RAIL', 'INSIDE', 'RAIL', 'INSIDE', 'INSIDE', 'NEAR', 'INSIDE', 'INSIDE', 'OUTSIDE', 'INSIDE', 'INSIDE', 'INSIDE', 'RAIL', 'INSIDE', 'INSIDE']","[[0.2, 0.52, 0.33], [0.96, 1.22, 0.49], [0.26, 0.21, 0.12], [0.19, 2.26, 0.0], [0.21, 0.37, 0.9], [0.7, 4.53, 2.37], [0.06, 3.64, 0.0], [2.06, 0.22, 1.58], [1.85, 3.83, 1.41], [0.39, 3.96, 1.27], [0.92, 0.2, 0.92], [1.03, 3.9, 1.35], [0.12, 3.11, 0.0], [8.59, 4.32, 0.7], [0.04, 0.26, 0.22], [2.97, 4.66, 0.65], [4.4, 4.06, 0.37]]","[312, 316, 305, 268, 215, 300, 279, 306, 296, 309, 314, 318, 320, 185, 196, 258, 208]",19.7
635,1788358507344645404,307200,86257,25,23,174.5,"[25.0, 25.7, 28.3, 30.5, 30.5, 30.9, 45.7, 81.0, 82.4, 83.1, 87.0, 91.1, 98.5, 103.2, 105.7, 111.4, 113.2, 126.0, 138.8, 148.4, 154.5, 165.2, 174.5]","['NEAR', 'NEAR', 'RAIL', 'RAIL', 'INSIDE', 'INSIDE', 'INSIDE', 'INSIDE', 'RAIL', 'INSIDE', 'INSIDE', 'INSIDE', 'INSIDE', 'OUTSIDE', 'INSIDE', 'INSIDE', 'RAIL', 'INSIDE', 'INSIDE', 'RAIL', 'INSIDE', 'INSIDE', 'INSIDE']","[[0.6, 0.05, 1.26], [3.85, 0.12, 1.85], [0.48, 0.19, 0.4], [0.13, 0.53, 0.33], [0.59, 1.73, 0.06], [0.29, 1.22, 0.25], [0.09, 1.26, 0.01], [0.25, 2.4, 0.01], [0.23, 0.19, 0.9], [1.46, 4.45, 2.37], [0.03, 3.64, 0.0], [4.53, 4.19, 2.27], [1.72, 4.17, 1.76], [0.86, 0.2, 0.92], [0.66, 4.24, 0.85], [0.13, 3.31, 0.0], [0.07, 0.21, 0.32], [8.4, 4.46, 1.13], [8.61, 4.21, 0.7], [0.02, 0.26, 0.22], [2.99, 4.66, 0.65], [2.98, 4.34, 0.36], [0.09, 0.3, 0.0]]","[255, 253, 304, 312, 205, 316, 305, 268, 215, 300, 279, 296, 309, 314, 318, 320, 315, 311, 185, 196, 258, 208, 313]",17.6
636,1788358507447638933,307200,86230,25,23,193.0,"[25.0, 25.7, 28.2, 29.8, 30.9, 31.8, 47.1, 81.1, 82.4, 82.7, 86.9, 90.0, 92.1, 98.5, 103.2, 105.0, 111.4, 126.7, 138.8, 148.4, 154.5, 165.9, 193.0]","['NEAR', 'NEAR', 'NEAR', 'RAIL', 'INSIDE', 'INSIDE', 'INSIDE', 'INSIDE', 'RAIL', 'INSIDE', 'INSIDE', 'NEAR', 'INSIDE', 'INSIDE', 'OUTSIDE', 'INSIDE', 'INSIDE', 'INSIDE', 'INSIDE', 'RAIL', 'INSIDE', 'INSIDE', 'RAIL']","[[0.54, 0.06, 1.26], [1.54, 0.06, 1.85], [1.87, 0.11, 1.88], [0.81, 0.1, 0.28], [0.62, 1.72, 0.06], [0.96, 1.22, 0.24], [0.28, 2.41, 0.03], [0.26, 2.4, 0.01], [0.23, 0.23, 0.9], [0.68, 4.44, 2.37], [0.03, 3.64, 0.0], [2.0, 0.06, 0.37], [2.49, 3.84, 1.44], [1.73, 4.13, 1.76], [0.9, 0.36, 0.92], [1.18, 4.01, 0.45], [0.18, 3.31, 0.0], [12.73, 4.47, 1.63], [8.6, 4.22, 0.7], [0.05, 0.26, 0.22], [2.99, 4.66, 0.65], [4.39, 4.35, 0.37], [0.03, 0.67, 0.0]]","[255, 299, 253, 304, 205, 316, 305, 268, 215, 300, 279, 306, 296, 309, 314, 318, 320, 311, 185, 196, 258, 208, 262]",17.2
637,1788358507543355860,307200,86325,23,21,165.8,"[25.0, 25.7, 28.2, 30.4, 30.9, 30.9, 81.0, 82.4, 83.1, 87.0, 90.0, 92.2, 98.5, 103.2, 105.7, 111.4, 125.3, 138.0, 148.4, 154.5, 165.8]","['NEAR', 'NEAR', 'RAIL', 'INSIDE', 'INSIDE', 'INSIDE', 'INSIDE', 'RAIL', 'INSIDE', 'INSIDE', 'NEAR', 'INSIDE', 'INSIDE', 'OUTSIDE', 'INSIDE', 'INSIDE', 'INSIDE', 'INSIDE', 'RAIL', 'INSIDE', 'INSIDE']","[[0.55, 0.05, 1.26], [3.83, 0.13, 1.94], [0.19, 0.58, 0.33], [0.62, 1.72, 0.06], [0.95, 1.22, 0.49], [0.11, 1.26, 0.01], [0.33, 2.12, 0.01], [0.21, 0.51, 0.9], [1.57, 4.53, 2.37], [0.04, 3.49, 0.0], [1.98, 0.22, 1.58], [2.46, 3.84, 1.44], [1.73, 3.98, 0.82], [0.92, 0.31, 0.92], [0.69, 4.24, 0.85], [0.15, 3.31, 0.0], [9.74, 4.44, 1.26], [7.06, 4.21, 1.36], [0.02, 0.26, 0.22], [2.99, 4.66, 0.65], [4.33, 4.35, 0.37]]","[255, 253, 312, 205, 316, 305, 268, 215, 300, 279, 306, 296, 309, 314, 318, 320, 311, 185, 196, 258, 208]",16.9
638,1788358507653692495,307200,86290,24,22,174.5,"[25.2, 25.7, 28.2, 30.4, 30.5, 30.9, 47.1, 81.0, 82.4, 82.7, 87.0, 91.1, 98.5, 103.2, 105.7, 111.4, 125.2, 138.8, 148.4, 154.5, 165.2, 174.5]","['NEAR', 'NEAR', 'RAIL', 'RAIL', 'INSIDE', 'INSIDE', 'INSIDE', 'INSIDE', 'RAIL', 'INSIDE', 'INSIDE', 'INSIDE', 'INSIDE', 'OUTSIDE', 'INSIDE', 'INSIDE', 'INSIDE', 'INSIDE', 'RAIL', 'INSIDE', 'INSIDE', 'INSIDE']","[[0.56, 0.05, 1.26], [3.79, 0.12, 1.85], [0.82, 0.07, 0.28], [0.14, 0.58, 0.12], [0.33, 1.22, 0.25], [0.76, 1.07, 0.08], [0.15, 1.26, 0.01], [0.18, 2.4, 0.0], [0.25, 0.24, 0.9], [0.72, 4.53, 2.37], [0.03, 3.64, 0.0], [4.49, 4.2, 2.24], [1.69, 3.98, 1.76], [0.91, 0.2, 0.92], [0.74, 3.9, 0.42], [0.15, 3.31, 0.0], [9.85, 4.44, 1.26], [8.55, 4.22, 0.7], [0.02, 0.26, 0.22], [2.97, 4.39, 0.65], [2.99, 4.06, 0.36], [0.15, 1.52, 0.0]]","[255, 253, 304, 312, 316, 205, 305, 268, 215, 300, 279, 296, 309, 314, 318, 320, 311, 185, 196, 258, 208, 313]",18.7
639,1788358507766298350,307200,86285,20,18,165.1,"[28.2, 30.5, 30.9, 30.9, 47.1, 81.0, 82.4, 83.2, 87.0, 91.6, 99.1, 103.2, 106.1, 111.4, 138.8, 148.4, 154.5, 165.1]","['NEAR', 'NEAR', 'RAIL', 'RAIL', 'INSIDE', 'INSIDE', 'RAIL', 'INSIDE', 'INSIDE', 'INSIDE', 'INSIDE', 'OUTSIDE', 'INSIDE', 'INSIDE', 'INSIDE', 'RAIL', 'INSIDE', 'INSIDE']","[[0.57, 0.05, 1.26], [3.82, 0.12, 1.85], [0.82, 0.1, 0.28], [0.12, 0.53, 0.33], [0.94, 1.22, 0.49], [0.15, 2.26, 0.0], [0.21, 0.24, 0.9], [1.5, 4.43, 2.37], [0.03, 3.64, 0.0], [3.56, 4.2, 2.27], [0.4, 4.13, 1.48], [0.89, 0.36, 0.92], [1.65, 3.94, 1.34], [0.15, 3.31, 0.0], [8.56, 4.47, 0.7], [0.01, 0.26, 0.22], [3.01, 4.66, 0.65], [2.95, 4.35, 0.36]]","[255, 253, 304, 312, 316, 268, 215, 300, 279, 296, 309, 314, 318, 320, 185, 196, 258, 208]",21.2
640,1788358507846353328,307200,86280,22,20,165.1,"[25.0, 25.7, 29.2, 30.5, 30.5, 31.9, 81.1, 82.4, 82.7, 87.0, 91.2, 98.6, 103.2, 105.6, 111.4, 126.0, 138.8, 148.4, 154.5, 165.1]","['NEAR', 'NEAR', 'RAIL', 'INSIDE', 'INSIDE', 'INSIDE', 'INSIDE', 'RAIL', 'INSIDE', 'INSIDE', 'INSIDE', 'INSIDE', 'OUTSIDE', 'INSIDE', 'INSIDE', 'INSIDE', 'INSIDE', 'RAIL', 'INSIDE', 'INSIDE']","[[2.57, 0.06, 1.85], [1.83, 0.11, 1.88], [0.13, 0.53, 0.33], [0.57, 1.73, 0.06], [0.28, 1.22, 0.25], [0.23, 2.33, 0.02], [0.23, 2.26, 0.01], [0.23, 0.51, 0.9], [0.68, 4.44, 2.37], [0.04, 3.64, 0.0], [4.47, 4.2, 2.27], [1.49, 4.13, 1.76], [0.85, 0.36, 0.92], [2.68, 4.32, 0.66], [0.11, 3.11, 0.0], [8.42, 4.47, 0.88], [8.55, 4.32, 1.36], [0.05, 0.26, 0.22], [2.98, 4.66, 0.65], [2.9, 4.06, 0.36]]","[299, 253, 312, 205, 316, 305, 268, 215, 300, 279, 296, 309, 314, 318, 320, 311, 185, 196, 258, 208]",23.9
641,1788358507942587646,307200,86241,27,22,165.8,"[25.0, 25.7, 29.2, 30.4, 30.9, 31.9, 45.6, 81.0, 82.4, 83.0, 87.0, 89.9, 91.6, 93.1, 94.6, 99.1, 103.2, 111.4, 138.7, 148.4, 154.5, 165.8]","['NEAR', 'NEAR', 'RAIL', 'RAIL', 'INSIDE', 'INSIDE', 'INSIDE', 'INSIDE', 'RAIL', 'INSIDE', 'INSIDE', 'NEAR', 'INSIDE', 'OUTSIDE', 'NEAR', 'INSIDE', 'OUTSIDE', 'INSIDE', 'INSIDE', 'RAIL', 'INSIDE', 'INSIDE']","[[2.58, 0.06, 1.85], [1.86, 0.12, 1.88], [0.49, 0.19, 0.4], [0.19, 0.58, 0.33], [0.58, 1.73, 0.06], [0.99, 1.22, 0.49], [0.19, 1.79, 0.02], [0.21, 2.26, 0.0], [0.2, 0.23, 0.9], [1.29, 4.44, 2.37], [0.02, 3.49, 0.0], [2.04, 0.22, 2.2], [0.09, 3.68, 0.0], [0.59, 0.18, 1.44], [0.68, 0.16, 0.44], [0.41, 3.96, 1.76], [0.91, 0.2, 0.92], [0.13, 2.92, 0.0], [8.53, 4.22, 0.7], [0.03, 0.34, 0.22], [3.01, 4.66, 0.65], [4.23, 4.06, 0.37]]","[299, 253, 304, 312, 205, 316, 305, 268, 215, 300, 279, 306, 296, 298, 309, 314, 318, 320, 185, 196, 258, 208]",20.8
642,1788358508050559500,307200,86309,24,19,174.5,"[25.7, 29.8, 30.4, 30.9, 31.9, 47.1, 81.0, 82.4, 82.7, 87.0, 91.6, 98.6, 103.2, 111.4, 138.8, 148.4, 154.5, 165.2, 174.5]","['NEAR', 'NEAR', 'RAIL', 'RAIL', 'INSIDE', 'INSIDE', 'INSIDE', 'RAIL', 'INSIDE', 'INSIDE', 'INSIDE', 'INSIDE', 'OUTSIDE', 'INSIDE', 'INSIDE', 'RAIL', 'INSIDE', 'INSIDE', 'INSIDE']","[[1.53, 0.07, 1.85], [1.89, 0.12, 1.59], [0.81, 0.07, 0.28], [0.21, 0.53, 0.33], [1.01, 1.21, 0.49], [0.15, 1.25, 0.01], [0.15, 2.12, 0.0], [0.22, 0.51, 0.9], [0.68, 4.59, 2.37], [0.04, 3.49, 0.0], [3.51, 4.09, 2.27], [1.5, 4.13, 1.76], [0.9, 0.31, 0.92], [0.12, 3.11, 0.0], [8.63, 4.33, 0.7], [0.05, 0.26, 0.22], [2.97, 4.66, 0.65], [2.95, 4.35, 0.36], [0.0, 0.3, 0.0]]","[299, 253, 304, 312, 316, 305, 268, 215, 300, 279, 296, 314, 318, 320, 185, 196, 258, 208, 313]",18.9
643,1788358508144451903,307200,86253,24,21,193.0,"[25.3, 30.4, 30.5, 30.9, 31.8, 47.1, 81.1, 82.4, 83.1, 87.0, 89.9, 92.2, 99.2, 103.2, 111.4, 138.8, 148.4, 154.5, 165.1, 174.5, 193.0]","['NEAR', 'RAIL', 'RAIL', 'INSIDE', 'INSIDE', 'INSIDE', 'INSIDE', 'RAIL', 'INSIDE', 'INSIDE', 'NEAR', 'INSIDE', 'INSIDE', 'OUTSIDE', 'INSIDE', 'INSIDE', 'RAIL', 'INSIDE', 'INSIDE', 'INSIDE', 'RAIL']","[[1.9, 0.12, 1.89], [0.83, 0.07, 0.28], [0.18, 0.58, 0.33], [0.99, 1.22, 0.49], [0.97, 2.33, 0.1], [0.06, 1.6, 0.01], [0.21, 1.98, 0.01], [0.18, 0.24, 0.9], [1.48, 4.43, 2.37], [0.02, 3.49, 0.0], [2.15, 0.19, 2.21], [2.41, 3.84, 1.44], [0.32, 3.96, 1.76], [0.95, 0.2, 0.92], [0.14, 3.31, 0.0], [8.57, 4.21, 0.7], [0.02, 0.26, 0.22], [2.98, 4.66, 0.65], [2.98, 4.06, 0.36], [0.04, 0.61, 0.0], [0.06, 1.35, 0.0]]","[253, 304, 312, 316, 305, 322, 268, 215, 300, 279, 306, 296, 314, 318, 320, 185, 196, 258, 208, 313, 262]",23.6
644,1788358508256160566,307200,86301,20,18,177.5,"[25.0, 25.6, 30.4, 30.9, 31.0, 76.6, 81.0, 82.4, 82.8, 87.0, 91.2, 99.1, 103.2, 111.4, 148.4, 154.5, 165.9, 177.5]","['NEAR', 'RAIL', 'INSIDE', 'INSIDE', 'INSIDE', 'INSIDE', 'INSIDE', 'RAIL', 'INSIDE', 'INSIDE', 'INSIDE', 'INSIDE', 'OUTSIDE', 'INSIDE', 'RAIL', 'INSIDE', 'INSIDE', 'RAIL']","[[3.55, 0.12, 1.94], [0.17, 0.53, 0.33], [0.63, 1.72, 0.06], [0.95, 1.22, 0.49], [0.26, 2.41, 0.02], [2.55, 2.02, 0.7], [0.19, 2.12, 0.0], [0.2, 0.23, 0.9], [0.67, 4.45, 2.37], [0.03, 3.64, 0.0], [4.3, 4.2, 2.27], [0.39, 3.96, 1.76], [0.87, 0.31, 0.92], [0.16, 2.92, 0.0], [0.03, 0.26, 0.22], [2.97, 4.66, 0.65], [4.4, 4.06, 0.37], [3.41, 1.36, 0.77]]","[253, 312, 205, 316, 305, 268, 215, 300, 279, 306, 296, 314, 318, 320, 196, 258, 208, 313]",18.9
645,1788358508349460255,307200,86246,23,20,193.0,"[25.0, 25.7, 28.2, 30.4, 30.5, 30.9, 30.9, 81.1, 82.4, 83.1, 87.0, 91.1, 99.2, 103.2, 111.4, 138.8, 148.4, 154.5, 165.2, 193.0]","['NEAR', 'NEAR', 'RAIL', 'INSIDE', 'INSIDE', 'INSIDE', 'INSIDE', 'INSIDE', 'RAIL', 'INSIDE', 'INSIDE', 'INSIDE', 'INSIDE', 'OUTSIDE', 'INSIDE', 'INSIDE', 'RAIL', 'INSIDE', 'INSIDE', 'RAIL']","[[0.57, 0.05, 1.26], [3.82, 0.13, 1.94], [0.19, 0.58, 0.27], [0.59, 1.73, 0.06], [1.0, 1.22, 0.24], [0.05, 1.6, 0.01], [0.13, 1.25, 0.01], [0.23, 2.26, 0.01], [0.21, 0.23, 0.9], [1.51, 4.53, 2.37], [0.04, 3.64, 0.0], [4.59, 4.22, 2.24], [0.41, 3.96, 1.76], [0.86, 0.2, 0.92], [0.12, 3.31, 0.0], [8.55, 4.22, 0.7], [0.03, 0.26, 0.22], [3.0, 4.66, 0.65], [2.98, 3.77, 0.36], [0.02, 1.35, 0.0]]","[255, 253, 312, 205, 316, 322, 305, 215, 300, 279, 306, 296, 314, 318, 320, 185, 196, 258, 208, 262]",20.8
646,1788358508441024531,307200,86228,25,22,193.0,"[25.0, 25.7, 28.7, 29.9, 30.4, 30.5, 30.9, 31.8, 81.1, 82.4, 82.7, 87.0, 89.9, 91.6, 98.5, 103.2, 111.4, 138.8, 148.4, 154.5, 165.1, 193.0]","['NEAR', 'NEAR', 'NEAR', 'RAIL', 'INSIDE', 'INSIDE', 'INSIDE', 'INSIDE', 'INSIDE', 'RAIL', 'INSIDE', 'INSIDE', 'NEAR', 'INSIDE', 'INSIDE', 'OUTSIDE', 'INSIDE', 'INSIDE', 'RAIL', 'INSIDE', 'INSIDE', 'RAIL']","[[1.4, 0.05, 1.27], [1.24, 0.05, 1.85], [1.88, 0.12, 1.89], [0.22, 0.53, 0.33], [0.59, 1.73, 0.06], [0.96, 1.22, 0.49], [0.2, 1.25, 0.02], [0.05, 1.6, 0.01], [0.21, 2.12, 0.0], [0.2, 0.24, 0.9], [0.72, 4.53, 2.37], [0.03, 3.64, 0.0], [2.06, 0.18, 1.59], [0.09, 3.52, 0.0], [1.72, 3.97, 1.27], [0.88, 0.2, 0.92], [0.11, 3.31, 0.0], [8.57, 4.21, 0.7], [0.03, 0.26, 0.22], [3.0, 4.39, 0.65], [2.93, 4.35, 0.36], [0.07, 1.01, 0.0]]","[255, 299, 253, 312, 205, 316, 305, 322, 215, 300, 279, 306, 296, 298, 314, 318, 320, 185, 196, 258, 208, 262]",22.8
647,1788358508544586219,307200,86236,23,21,193.0,"[25.7, 29.2, 30.4, 30.5, 30.5, 31.9, 81.0, 82.4, 83.1, 87.0, 90.4, 91.6, 99.1, 103.4, 111.4, 126.8, 138.0, 148.4, 154.5, 165.1, 193.0]","['NEAR', 'NEAR', 'RAIL', 'INSIDE', 'INSIDE', 'INSIDE', 'INSIDE', 'RAIL', 'INSIDE', 'INSIDE', 'NEAR', 'INSIDE', 'INSIDE', 'OUTSIDE', 'INSIDE', 'INSIDE', 'INSIDE', 'RAIL', 'INSIDE', 'INSIDE', 'RAIL']","[[2.61, 0.07, 1.85], [1.85, 0.12, 1.89], [0.2, 0.52, 0.33], [0.29, 1.22, 0.25], [0.24, 2.32, 0.02], [0.05, 1.6, 0.01], [0.16, 1.98, 0.0], [0.24, 0.37, 0.9], [1.52, 4.24, 2.37], [0.02, 3.49, 0.0], [1.09, 0.22, 2.2], [0.04, 3.52, 0.0], [0.42, 4.13, 1.76], [1.25, 0.22, 1.79], [0.15, 3.31, 0.0], [12.77, 4.56, 1.26], [7.09, 4.22, 0.7], [0.03, 0.26, 0.22], [3.0, 4.66, 0.65], [2.91, 4.35, 0.36], [0.06, 1.01, 0.0]]","[255, 253, 312, 316, 305, 322, 215, 300, 279, 306, 296, 298, 314, 318, 320, 311, 185, 196, 258, 208, 262]",20.2
648,1788358508653587771,307200,86275,19,17,165.8,"[25.0, 25.7, 29.3, 30.5, 30.9, 31.8, 81.0, 82.4, 82.7, 87.0, 91.6, 98.6, 103.2, 111.4, 148.4, 154.5, 165.8]","['NEAR', 'NEAR', 'INSIDE', 'INSIDE', 'INSIDE', 'INSIDE', 'INSIDE', 'RAIL', 'INSIDE', 'INSIDE', 'INSIDE', 'INSIDE', 'OUTSIDE', 'INSIDE', 'RAIL', 'INSIDE', 'INSIDE']","[[2.63, 0.06, 1.85], [1.87, 0.12, 1.88], [0.6, 1.73, 0.06], [0.96, 1.22, 0.49], [0.24, 2.33, 0.02], [0.06, 1.6, 0.01], [0.18, 2.12, 0.0], [0.21, 0.38, 0.9], [0.71, 4.53, 2.37], [0.03, 3.49, 0.0], [3.47, 4.2, 1.65], [1.41, 4.16, 1.76], [0.87, 0.36, 0.92], [0.13, 3.11, 0.0], [0.03, 0.26, 0.22], [2.98, 4.66, 0.65], [4.31, 4.35, 0.37]]","[255, 253, 205, 316, 305, 322, 215, 300, 279, 306, 298, 314, 318, 320, 196, 258, 208]",17.3
649,1788358508750141560,307200,86257,24,20,165.9,"[25.0, 25.7, 30.5, 30.6, 30.9, 35.6, 81.1, 82.4, 82.5, 87.0, 90.0, 92.5, 99.2, 103.2, 111.4, 126.7, 138.8, 148.4, 154.5, 165.9]","['NEAR', 'INSIDE', 'INSIDE', 'INSIDE', 'INSIDE', 'INSIDE', 'INSIDE', 'RAIL', 'INSIDE', 'INSIDE', 'NEAR', 'INSIDE', 'INSIDE', 'OUTSIDE', 'INSIDE', 'INSIDE', 'INSIDE', 'RAIL', 'INSIDE', 'INSIDE']","[[3.8, 0.12, 1.94], [0.59, 1.73, 0.06], [0.33, 1.22, 0.25], [1.12, 1.58, 0.08], [0.09, 1.26, 0.01], [0.04, 1.6, 0.01], [0.23, 1.98, 0.01], [0.23, 0.38, 0.9], [0.18, 4.43, 2.37], [0.03, 3.64, 0.0], [2.02, 0.22, 2.2], [1.91, 3.83, 1.44], [0.29, 3.93, 1.76], [0.88, 0.36, 0.92], [0.14, 3.31, 0.0], [12.73, 4.47, 1.63], [8.55, 4.22, 0.7], [0.03, 0.26, 0.22], [2.95, 4.66, 0.65], [4.35, 4.35, 0.37]]","[299, 205, 316, 253, 305, 322, 215, 300, 279, 306, 296, 298, 314, 318, 320, 311, 185, 196, 258, 208]",22.9
650,1788358508849396019,307200,86261,21,19,193.0,"[25.0, 25.7, 30.4, 30.5, 30.9, 81.0, 82.4, 82.8, 87.0, 91.2, 99.1, 103.2, 111.4, 126.8, 138.8, 148.4, 154.5, 165.8, 193.0]","['NEAR', 'INSIDE', 'INSIDE', 'INSIDE', 'INSIDE', 'INSIDE', 'RAIL', 'INSIDE', 'INSIDE', 'INSIDE', 'INSIDE', 'OUTSIDE', 'INSIDE', 'INSIDE', 'INSIDE', 'RAIL', 'INSIDE', 'INSIDE', 'RAIL']","[[4.84, 0.12, 1.94], [0.58, 1.73, 0.06], [0.95, 1.22, 0.49], [0.11, 1.26, 0.01], [0.04, 1.6, 0.01], [0.19, 2.12, 0.0], [0.23, 0.23, 0.9], [0.67, 4.44, 2.37], [0.04, 3.64, 0.0], [4.42, 4.22, 2.27], [0.42, 3.96, 1.76], [0.89, 0.36, 0.92], [0.13, 3.31, 0.0], [13.01, 4.55, 1.26], [8.58, 4.33, 0.7], [0.02, 0.26, 0.22], [2.99, 4.66, 0.65], [4.34, 3.77, 0.37], [0.07, 1.35, 0.0]]","[299, 205, 316, 305, 322, 215, 300, 279, 306, 298, 314, 318, 320, 311, 185, 196, 258, 208, 262]",19.9
651,1788358508945202312,307200,86266,23,19,193.0,"[30.4, 30.5, 30.9, 81.0, 82.4, 82.7, 86.9, 90.0, 92.3, 94.6, 98.5, 111.4, 126.6, 138.8, 148.4, 154.5, 165.9, 174.5, 193.0]","['NEAR', 'INSIDE', 'INSIDE', 'INSIDE', 'RAIL', 'INSIDE', 'INSIDE', 'NEAR', 'INSIDE', 'NEAR', 'INSIDE', 'INSIDE', 'INSIDE', 'INSIDE', 'RAIL', 'INSIDE', 'INSIDE', 'INSIDE', 'RAIL']","[[4.83, 0.12, 1.94], [0.95, 1.22, 0.49], [0.05, 1.6, 0.01], [0.34, 2.4, 0.01], [0.24, 0.24, 0.9], [0.75, 4.53, 2.37], [0.04, 3.64, 0.0], [2.07, 0.22, 2.2], [1.47, 3.83, 0.84], [0.73, 0.17, 0.44], [1.73, 4.15, 1.76], [0.13, 3.31, 0.0], [7.18, 4.44, 1.13], [8.57, 4.21, 0.7], [0.01, 0.26, 0.22], [2.99, 4.66, 0.65], [4.4, 4.06, 0.37], [0.07, 1.22, 0.0], [0.02, 1.01, 0.0]]","[299, 316, 322, 215, 300, 279, 306, 296, 298, 314, 318, 320, 311, 185, 196, 258, 208, 313, 262]",21.7
652,1788358509070837597,307200,86225,24,20,174.5,"[25.0, 25.7, 30.4, 30.5, 30.9, 30.9, 81.1, 82.4, 82.8, 87.0, 90.2, 93.1, 99.1, 111.4, 126.8, 138.8, 148.4, 154.5, 165.8, 174.5]","['NEAR', 'RAIL', 'INSIDE', 'INSIDE', 'INSIDE', 'INSIDE', 'INSIDE', 'RAIL', 'INSIDE', 'INSIDE', 'INSIDE', 'OUTSIDE', 'INSIDE', 'INSIDE', 'INSIDE', 'INSIDE', 'RAIL', 'INSIDE', 'INSIDE', 'INSIDE']","[[3.8, 0.12, 1.94], [0.19, 0.53, 0.33], [0.59, 1.73, 0.06], [1.0, 1.22, 0.49], [0.23, 2.33, 0.02], [0.06, 1.6, 0.0], [0.26, 1.98, 0.01], [0.2, 0.23, 0.9], [0.71, 4.44, 2.37], [0.03, 3.49, 0.0], [2.72, 4.2, 1.61], [0.64, 0.18, 1.44], [0.42, 3.96, 1.76], [0.17, 3.31, 0.0], [12.85, 4.55, 1.26], [8.59, 4.22, 0.7], [0.02, 0.26, 0.22], [2.99, 4.66, 0.65], [4.34, 4.35, 0.37], [0.05, 0.61, 0.0]]","[299, 312, 205, 316, 305, 322, 215, 300, 279, 306, 296, 298, 318, 320, 311, 185, 196, 258, 208, 313]",19.3
653,1788358509147549291,307200,86249,22,19,165.8,"[29.2, 30.4, 30.5, 30.9, 31.9, 81.0, 82.4, 82.7, 87.0, 89.9, 92.5, 94.6, 98.4, 111.6, 126.0, 138.8, 148.4, 154.5, 165.8]","['NEAR', 'NEAR', 'RAIL', 'INSIDE', 'INSIDE', 'INSIDE', 'RAIL', 'INSIDE', 'INSIDE', 'NEAR', 'INSIDE', 'NEAR', 'INSIDE', 'INSIDE', 'INSIDE', 'INSIDE', 'RAIL', 'INSIDE', 'INSIDE']","[[2.57, 0.06, 1.85], [1.86, 0.12, 1.89], [0.16, 0.58, 0.33], [0.97, 1.22, 0.49], [0.05, 1.6, 0.01], [0.19, 2.12, 0.0], [0.2, 0.24, 0.9], [0.67, 4.44, 2.37], [0.04, 3.49, 0.0], [2.17, 0.23, 1.84], [1.86, 3.83, 1.44], [0.67, 0.17, 0.44], [1.75, 4.16, 1.76], [0.5, 3.84, 0.48], [8.41, 4.46, 1.13], [8.55, 4.33, 0.7], [0.0, 0.26, 0.22], [2.99, 4.66, 0.65], [4.25, 4.35, 0.37]]","[255, 299, 312, 316, 322, 215, 300, 279, 306, 296, 298, 314, 318, 320, 311, 185, 196, 258, 208]",19.0
654,1788358509238608642,307200,86333,24,19,174.5,"[25.3, 30.4, 30.4, 30.5, 30.9, 81.0, 82.4, 82.7, 87.0, 89.9, 92.2, 94.6, 99.2, 111.4, 138.7, 148.4, 154.5, 165.2, 174.5]","['NEAR', 'RAIL', 'INSIDE', 'INSIDE', 'INSIDE', 'INSIDE', 'RAIL', 'INSIDE', 'INSIDE', 'NEAR', 'INSIDE', 'NEAR', 'INSIDE', 'INSIDE', 'INSIDE', 'RAIL', 'INSIDE', 'INSIDE', 'INSIDE']","[[4.81, 0.13, 1.94], [0.17, 0.57, 0.33], [1.01, 1.22, 0.24], [0.95, 2.41, 0.1], [0.06, 1.6, 0.01], [0.12, 1.98, 0.0], [0.2, 0.24, 0.9], [0.7, 4.44, 2.37], [0.04, 3.49, 0.0], [2.14, 0.2, 1.84], [1.26, 3.83, 0.81], [0.71, 0.16, 0.44], [0.37, 3.96, 1.76], [0.08, 3.11, 0.0], [8.53, 4.22, 0.7], [0.02, 0.26, 0.22], [3.01, 4.66, 0.65], [2.99, 3.48, 0.36], [0.05, 0.3, 0.0]]","[255, 312, 316, 305, 322, 215, 300, 279, 306, 296, 298, 314, 318, 320, 185, 196, 258, 208, 313]",18.8
655,1788358509359951144,307200,86264,21,19,174.6,"[30.4, 30.5, 30.9, 30.9, 81.0, 82.4, 83.1, 87.0, 89.7, 92.5, 98.5, 103.2, 111.4, 125.2, 138.8, 148.4, 154.5, 165.8, 174.6]","['NEAR', 'RAIL', 'INSIDE', 'INSIDE', 'INSIDE', 'RAIL', 'INSIDE', 'INSIDE', 'NEAR', 'INSIDE', 'INSIDE', 'OUTSIDE', 'INSIDE', 'INSIDE', 'INSIDE', 'RAIL', 'INSIDE', 'INSIDE', 'OUTSIDE']","[[3.79, 0.12, 1.94], [0.17, 0.58, 0.27], [1.03, 1.22, 0.49], [0.05, 1.6, 0.01], [0.15, 2.26, 0.0], [0.23, 0.24, 0.9], [1.6, 4.52, 2.37], [0.03, 3.49, 0.0], [1.75, 0.23, 1.59], [1.87, 3.83, 1.44], [1.68, 3.97, 0.82], [0.9, 0.2, 0.92], [0.11, 3.11, 0.0], [9.88, 4.45, 1.26], [8.56, 4.22, 0.7], [0.01, 0.26, 0.22], [2.96, 4.66, 0.65], [4.31, 3.48, 0.37], [0.17, 1.53, 0.0]]","[255, 312, 316, 322, 215, 300, 279, 306, 296, 298, 318, 325, 320, 311, 185, 196, 258, 208, 313]",15.7
656,1788358509466346552,307200,86221,20,18,193.0,"[25.0, 25.7, 28.2, 30.5, 30.5, 30.9, 81.0, 82.4, 82.6, 87.0, 92.2, 98.2, 103.2, 111.4, 148.4, 154.5, 165.1, 193.0]","['NEAR', 'NEAR', 'INSIDE', 'INSIDE', 'INSIDE', 'INSIDE', 'INSIDE', 'RAIL', 'INSIDE', 'INSIDE', 'INSIDE', 'INSIDE', 'OUTSIDE', 'INSIDE', 'RAIL', 'INSIDE', 'INSIDE', 'RAIL']","[[0.6, 0.05, 1.26], [3.84, 0.12, 1.95], [0.6, 1.73, 0.06], [0.33, 1.22, 0.25], [0.23, 2.33, 0.02], [0.05, 1.6, 0.01], [0.18, 2.26, 0.0], [0.2, 0.38, 0.9], [0.85, 4.53, 2.37], [0.02, 3.49, 0.0], [2.46, 4.18, 1.44], [2.27, 4.18, 1.76], [0.91, 0.36, 0.92], [0.12, 3.11, 0.0], [0.01, 0.26, 0.22], [3.0, 4.66, 0.65], [2.92, 3.77, 0.36], [0.04, 0.67, 0.0]]","[255, 299, 205, 316, 305, 322, 215, 300, 279, 306, 298, 318, 325, 320, 196, 258, 208, 262]",24.5
657,1788358509551843693,307200,86288,23,21,165.8,"[25.0, 25.6, 25.9, 30.4, 30.4, 30.5, 30.9, 81.0, 82.4, 82.7, 87.2, 89.5, 92.1, 99.1, 103.2, 111.4, 125.2, 138.8, 148.4, 154.5, 165.8]","['NEAR', 'RAIL', 'INSIDE', 'INSIDE', 'INSIDE', 'RAIL', 'INSIDE', 'INSIDE', 'RAIL', 'INSIDE', 'INSIDE', 'NEAR', 'INSIDE', 'INSIDE', 'OUTSIDE', 'INSIDE', 'INSIDE', 'INSIDE', 'RAIL', 'INSIDE', 'INSIDE']","[[4.83, 0.12, 1.94], [0.22, 0.53, 0.33], [0.56, 1.73, 0.06], [0.97, 1.22, 0.49], [0.27, 2.41, 0.02], [0.26, 0.19, 0.12], [0.06, 1.6, 0.01], [0.15, 2.12, 0.0], [0.23, 0.24, 0.9], [0.79, 4.53, 2.37], [0.4, 3.68, 0.16], [1.4, 0.23, 2.21], [2.5, 4.18, 1.44], [0.37, 3.96, 1.76], [0.92, 0.31, 0.92], [0.11, 3.31, 0.0], [9.87, 4.46, 1.26], [8.56, 3.97, 0.7], [0.01, 0.26, 0.22], [3.0, 4.66, 0.65], [4.34, 4.06, 0.37]]","[299, 312, 205, 316, 305, 255, 322, 215, 300, 279, 306, 296, 298, 318, 325, 320, 311, 185, 196, 258, 208]",21.7
658,1788358509653714792,307200,86222,26,22,192.9,"[25.0, 25.9, 28.2, 29.8, 30.5, 30.9, 31.9, 81.0, 82.4, 83.1, 86.9, 89.9, 92.5, 99.1, 103.2, 111.4, 113.2, 138.0, 148.4, 154.5, 165.8, 192.9]","['NEAR', 'NEAR', 'NEAR', 'INSIDE', 'INSIDE', 'RAIL', 'INSIDE', 'INSIDE', 'RAIL', 'INSIDE', 'INSIDE', 'NEAR', 'INSIDE', 'INSIDE', 'OUTSIDE', 'INSIDE', 'RAIL', 'INSIDE', 'RAIL', 'INSIDE', 'INSIDE', 'RAIL']","[[0.56, 0.05, 1.26], [1.59, 0.06, 1.85], [1.87, 0.12, 1.88], [0.58, 1.73, 0.06], [1.01, 1.22, 0.49], [0.28, 0.21, 0.12], [0.07, 1.81, 0.01], [0.23, 2.26, 0.01], [0.26, 0.19, 0.9], [1.59, 4.53, 2.37], [0.03, 3.49, 0.0], [2.03, 0.18, 2.2], [1.88, 3.83, 1.44], [0.41, 3.96, 1.27], [0.89, 0.31, 0.92], [0.11, 3.31, 0.0], [0.06, 0.21, 0.32], [7.13, 4.22, 0.7], [0.04, 0.26, 0.22], [3.0, 4.66, 0.65], [4.36, 3.77, 0.37], [0.04, 1.35, 0.0]]","[299, 316, 322, 205, 312, 255, 305, 215, 300, 279, 306, 296, 298, 318, 325, 320, 326, 185, 196, 258, 208, 262]",22.9
659,1788358509753072366,307200,86266,25,20,165.9,"[25.0, 28.2, 29.7, 30.4, 30.5, 30.6, 31.8, 81.0, 82.4, 82.7, 87.0, 90.2, 93.1, 94.6, 99.1, 103.2, 111.4, 141.7, 154.5, 165.9]","['NEAR', 'NEAR', 'NEAR', 'RAIL', 'INSIDE', 'INSIDE', 'INSIDE', 'INSIDE', 'RAIL', 'INSIDE', 'INSIDE', 'INSIDE', 'OUTSIDE', 'NEAR', 'INSIDE', 'OUTSIDE', 'INSIDE', 'INSIDE', 'INSIDE', 'INSIDE']","[[0.54, 0.05, 1.26], [1.5, 0.06, 1.85], [1.86, 0.11, 1.88], [0.17, 0.57, 0.33], [0.61, 1.73, 0.06], [0.32, 1.22, 0.25], [0.05, 1.6, 0.01], [0.2, 2.26, 0.0], [0.18, 0.37, 0.9], [0.69, 4.44, 2.37], [0.04, 3.64, 0.0], [2.73, 3.88, 2.24], [0.63, 0.18, 1.44], [0.71, 0.17, 0.44], [0.33, 3.96, 0.61], [0.86, 0.31, 0.92], [0.11, 3.31, 0.0], [2.78, 4.33, 0.37], [3.02, 4.66, 0.65], [4.37, 4.06, 0.37]]","[299, 316, 322, 305, 205, 312, 255, 215, 300, 279, 306, 296, 298, 314, 318, 325, 320, 185, 258, 208]",21.6
660,1788358509852927217,307200,86290,25,21,174.5,"[25.0, 28.2, 29.8, 30.5, 30.8, 31.9, 81.1, 82.4, 83.1, 87.0, 90.4, 92.5, 99.1, 103.2, 111.4, 125.2, 138.7, 148.4, 154.5, 165.9, 174.5]","['NEAR', 'NEAR', 'NEAR', 'INSIDE', 'INSIDE', 'INSIDE', 'INSIDE', 'RAIL', 'INSIDE', 'INSIDE', 'NEAR', 'INSIDE', 'INSIDE', 'OUTSIDE', 'INSIDE', 'INSIDE', 'INSIDE', 'RAIL', 'INSIDE', 'INSIDE', 'INSIDE']","[[0.52, 0.05, 1.26], [1.62, 0.06, 1.85], [1.87, 0.12, 1.88], [0.58, 1.73, 0.06], [0.96, 1.22, 0.49], [0.04, 1.6, 0.0], [0.22, 2.12, 0.0], [0.18, 0.24, 0.9], [1.47, 4.44, 2.37], [0.04, 3.49, 0.0], [1.07, 0.22, 2.2], [1.86, 3.83, 1.44], [0.33, 4.16, 0.62], [0.89, 0.31, 0.92], [0.13, 3.31, 0.0], [9.88, 4.45, 1.26], [8.5, 4.22, 0.7], [0.03, 0.26, 0.22], [2.97, 4.66, 0.65], [4.39, 3.19, 0.37], [0.04, 0.3, 0.0]]","[299, 316, 322, 205, 312, 255, 215, 300, 279, 306, 296, 298, 318, 325, 320, 311, 185, 196, 258, 208, 313]",18.8
661,1788358509946706410,307200,86281,25,21,193.0,"[28.2, 29.8, 30.4, 30.5, 30.9, 31.9, 81.0, 82.4, 82.7, 87.0, 91.2, 94.6, 99.2, 103.2, 111.4, 138.8, 148.4, 154.5, 165.1, 174.5, 193.0]","['NEAR', 'NEAR', 'NEAR', 'RAIL', 'INSIDE', 'INSIDE', 'INSIDE', 'RAIL', 'INSIDE', 'INSIDE', 'INSIDE', 'NEAR', 'INSIDE', 'OUTSIDE', 'INSIDE', 'INSIDE', 'RAIL', 'INSIDE', 'INSIDE', 'INSIDE', 'RAIL']","[[0.58, 0.06, 1.26], [1.61, 0.07, 1.85], [1.86, 0.12, 1.88], [0.19, 0.53, 0.27], [0.99, 1.21, 0.49], [0.05, 1.81, 0.01], [0.24, 2.4, 0.01], [0.2, 0.23, 0.9], [0.75, 4.59, 2.37], [0.04, 3.49, 0.0], [4.45, 4.09, 2.27], [0.71, 0.17, 0.44], [0.25, 3.93, 1.76], [0.9, 0.2, 0.92], [0.12, 3.31, 0.0], [8.56, 4.45, 0.7], [0.03, 0.26, 0.22], [2.99, 4.66, 0.65], [2.92, 3.19, 0.36], [0.02, 0.61, 0.0], [0.04, 1.01, 0.0]]","[299, 316, 322, 305, 312, 255, 215, 300, 279, 306, 298, 314, 318, 325, 320, 185, 196, 258, 208, 313, 262]",23.5
662,1788358510042792889,307200,86283,21,19,165.2,"[30.4, 30.4, 30.5, 30.9, 81.0, 82.4, 82.7, 87.0, 89.9, 91.3, 93.1, 98.6, 103.2, 111.5, 126.0, 138.8, 148.4, 154.5, 165.2]","['NEAR', 'RAIL', 'INSIDE', 'INSIDE', 'INSIDE', 'RAIL', 'INSIDE', 'INSIDE', 'NEAR', 'INSIDE', 'OUTSIDE', 'INSIDE', 'OUTSIDE', 'INSIDE', 'INSIDE', 'INSIDE', 'RAIL', 'INSIDE', 'INSIDE']","[[4.85, 0.13, 1.94], [0.2, 0.53, 0.27], [0.98, 1.22, 0.49], [0.06, 1.81, 0.01], [0.17, 2.12, 0.0], [0.23, 0.37, 0.9], [0.65, 4.44, 2.37], [0.03, 3.64, 0.0], [2.11, 0.23, 2.21], [0.68, 3.84, 0.43], [0.61, 0.32, 1.44], [1.42, 4.13, 1.76], [0.94, 0.2, 0.92], [0.16, 3.31, 0.0], [8.27, 4.44, 1.13], [8.57, 4.45, 0.69], [0.02, 0.26, 0.22], [2.99, 4.66, 0.65], [3.02, 4.35, 0.36]]","[316, 305, 312, 255, 215, 300, 279, 306, 296, 298, 314, 318, 325, 320, 311, 185, 196, 258, 208]",32.8
663,1788358510141329074,307200,86260,22,18,165.1,"[30.4, 30.5, 30.9, 35.6, 81.0, 82.4, 82.7, 86.9, 91.2, 94.6, 98.6, 103.2, 111.4, 125.3, 138.8, 148.4, 154.5, 165.1]","['NEAR', 'RAIL', 'INSIDE', 'INSIDE', 'INSIDE', 'RAIL', 'INSIDE', 'INSIDE', 'INSIDE', 'NEAR', 'INSIDE', 'OUTSIDE', 'INSIDE', 'INSIDE', 'INSIDE', 'RAIL', 'INSIDE', 'INSIDE']","[[4.86, 0.13, 1.94], [0.12, 0.53, 0.33], [0.98, 1.22, 0.24], [0.74, 1.75, 0.05], [0.18, 1.98, 0.0], [0.24, 0.38, 0.9], [0.73, 4.53, 2.37], [0.05, 3.64, 0.0], [4.32, 4.09, 1.65], [0.64, 0.17, 0.44], [1.44, 4.13, 1.76], [0.91, 0.36, 0.92], [0.18, 2.92, 0.0], [9.88, 4.44, 1.26], [8.56, 4.22, 0.7], [0.04, 0.34, 0.22], [2.99, 4.66, 0.65], [2.96, 4.35, 0.36]]","[316, 305, 312, 322, 215, 300, 279, 306, 298, 314, 318, 325, 320, 311, 185, 196, 258, 208]",27.6
664,1788358510242358529,307200,86364,21,18,165.8,"[28.7, 30.4, 30.5, 30.9, 31.0, 81.1, 82.4, 82.7, 87.0, 89.9, 92.2, 99.2, 103.2, 111.4, 138.8, 148.4, 154.5, 165.8]","['NEAR', 'NEAR', 'RAIL', 'INSIDE', 'INSIDE', 'INSIDE', 'RAIL', 'INSIDE', 'INSIDE', 'NEAR', 'INSIDE', 'INSIDE', 'OUTSIDE', 'INSIDE', 'INSIDE', 'RAIL', 'INSIDE', 'INSIDE']","[[1.4, 0.06, 1.27], [3.46, 0.12, 1.94], [0.17, 0.58, 0.33], [1.01, 1.22, 0.49], [0.04, 1.6, 0.01], [0.22, 2.12, 0.01], [0.2, 0.51, 0.9], [0.66, 4.57, 2.37], [0.03, 3.64, 0.0], [2.1, 0.23, 1.58], [2.48, 3.84, 1.44], [0.34, 3.96, 0.61], [0.89, 0.2, 0.92], [0.13, 3.11, 0.0], [8.57, 4.47, 0.7], [0.01, 0.26, 0.22], [3.03, 4.66, 0.65], [4.31, 3.48, 0.37]]","[299, 316, 305, 312, 255, 215, 300, 279, 306, 296, 298, 318, 325, 320, 185, 196, 258, 208]",23.5
665,1788358510342385896,307200,86348,22,19,165.1,"[25.0, 28.3, 29.8, 30.4, 31.9, 81.0, 82.4, 83.1, 87.0, 90.3, 94.6, 99.1, 103.2, 105.2, 111.4, 138.7, 148.4, 154.5, 165.1]","['NEAR', 'NEAR', 'NEAR', 'RAIL', 'INSIDE', 'INSIDE', 'RAIL', 'INSIDE', 'INSIDE', 'INSIDE', 'NEAR', 'INSIDE', 'OUTSIDE', 'INSIDE', 'INSIDE', 'INSIDE', 'RAIL', 'INSIDE', 'INSIDE']","[[0.55, 0.05, 1.26], [1.52, 0.06, 1.85], [1.81, 0.12, 1.89], [0.12, 0.58, 0.12], [0.61, 1.72, 0.06], [0.1, 1.98, 0.0], [0.2, 0.37, 0.9], [1.54, 4.24, 2.37], [0.03, 3.64, 0.0], [2.67, 3.87, 1.62], [0.66, 0.17, 1.03], [0.38, 3.96, 1.76], [0.88, 0.31, 0.92], [1.67, 4.05, 0.45], [0.14, 3.11, 0.0], [8.52, 4.21, 0.7], [0.01, 0.26, 0.22], [2.99, 4.66, 0.65], [2.99, 4.34, 0.36]]","[299, 316, 312, 305, 205, 215, 300, 279, 306, 296, 314, 318, 325, 330, 320, 185, 196, 258, 208]",19.9
666,1788358510462917061,307200,86366,21,18,174.5,"[28.7, 30.4, 30.5, 30.9, 31.1, 81.0, 82.4, 82.7, 86.2, 91.0, 99.1, 103.2, 105.7, 111.5, 148.4, 154.5, 165.2, 174.5]","['NEAR', 'NEAR', 'RAIL', 'INSIDE', 'INSIDE', 'INSIDE', 'RAIL', 'INSIDE', 'INSIDE', 'INSIDE', 'INSIDE', 'OUTSIDE', 'INSIDE', 'INSIDE', 'RAIL', 'INSIDE', 'INSIDE', 'INSIDE']","[[1.41, 0.05, 1.27], [3.42, 0.12, 1.94], [0.14, 0.58, 0.12], [1.0, 1.22, 0.49], [0.05, 1.81, 0.01], [0.15, 2.4, 0.0], [0.2, 0.24, 0.9], [0.71, 4.53, 2.37], [1.51, 3.77, 0.42], [4.79, 4.19, 1.62], [0.34, 3.96, 1.76], [0.91, 0.2, 0.92], [1.26, 4.29, 1.35], [0.15, 2.92, 0.0], [0.03, 0.26, 0.22], [2.97, 4.66, 0.65], [2.93, 4.35, 0.36], [0.04, 0.3, 0.0]]","[299, 312, 305, 255, 316, 215, 300, 279, 306, 296, 318, 325, 330, 320, 196, 258, 208, 313]",18.9
667,1788358510560593024,307200,86334,20,18,165.9,"[30.4, 30.4, 30.5, 30.9, 81.0, 82.4, 83.1, 87.0, 91.1, 99.1, 103.2, 105.3, 111.5, 125.2, 138.8, 148.4, 154.6, 165.9]","['NEAR', 'RAIL', 'INSIDE', 'INSIDE', 'INSIDE', 'RAIL', 'INSIDE', 'INSIDE', 'INSIDE', 'INSIDE', 'OUTSIDE', 'INSIDE', 'INSIDE', 'INSIDE', 'INSIDE', 'RAIL', 'INSIDE', 'INSIDE']","[[4.85, 0.12, 1.94], [0.16, 0.53, 0.14], [0.99, 1.22, 0.49], [0.05, 1.81, 0.01], [0.12, 2.12, 0.0], [0.24, 0.38, 0.9], [1.56, 4.53, 2.37], [0.03, 3.49, 0.0], [4.57, 4.19, 1.87], [0.4, 3.96, 1.76], [0.88, 0.36, 0.92], [1.91, 4.05, 1.35], [0.17, 2.92, 0.0], [9.77, 4.42, 1.27], [8.55, 4.32, 0.7], [0.03, 0.26, 0.22], [3.04, 4.66, 0.65], [4.33, 4.06, 0.37]]","[312, 305, 255, 316, 215, 300, 279, 306, 296, 318, 325, 330, 320, 311, 185, 196, 258, 208]",19.3
668,1788358510656350690,307200,86437,25,23,174.5,"[28.2, 29.7, 30.5, 30.9, 31.8, 81.1, 82.4, 82.7, 83.8, 87.0, 90.4, 91.6, 98.5, 103.2, 105.6, 111.4, 118.6, 127.5, 138.8, 148.4, 154.5, 165.2, 174.5]","['NEAR', 'NEAR', 'NEAR', 'INSIDE', 'INSIDE', 'INSIDE', 'RAIL', 'INSIDE', 'INSIDE', 'INSIDE', 'RAIL', 'INSIDE', 'INSIDE', 'OUTSIDE', 'INSIDE', 'INSIDE', 'INSIDE', 'INSIDE', 'INSIDE', 'RAIL', 'INSIDE', 'INSIDE', 'INSIDE']","[[0.57, 0.05, 1.26], [1.48, 0.07, 2.13], [1.87, 0.11, 1.88], [1.01, 1.21, 0.25], [0.05, 1.6, 0.01], [0.24, 2.4, 0.01], [0.24, 0.38, 0.9], [0.66, 4.3, 2.37], [0.79, 3.7, 0.18], [0.02, 3.49, 0.0], [1.1, 0.03, 0.26], [0.03, 3.52, 0.0], [1.72, 3.97, 0.82], [0.92, 0.2, 0.92], [0.54, 4.2, 0.85], [0.15, 2.92, 0.0], [1.43, 3.74, 0.02], [11.47, 4.55, 1.13], [8.53, 4.21, 0.69], [0.02, 0.26, 0.22], [2.99, 4.66, 0.65], [2.97, 4.35, 0.36], [0.03, 0.61, 0.0]]","[299, 312, 255, 316, 305, 215, 300, 279, 306, 296, 298, 314, 318, 325, 330, 320, 331, 324, 185, 196, 258, 208, 313]",24.1
669,1788358510751281959,307200,86429,22,19,174.5,"[28.7, 29.1, 31.0, 81.0, 82.4, 82.7, 83.9, 86.2, 91.6, 94.6, 99.0, 105.5, 111.4, 118.5, 126.0, 138.8, 153.9, 165.1, 174.5]","['NEAR', 'NEAR', 'NEAR', 'INSIDE', 'RAIL', 'INSIDE', 'INSIDE', 'INSIDE', 'INSIDE', 'NEAR', 'INSIDE', 'INSIDE', 'INSIDE', 'INSIDE', 'INSIDE', 'INSIDE', 'INSIDE', 'INSIDE', 'INSIDE']","[[1.36, 0.06, 1.27], [3.46, 0.14, 2.07], [0.51, 0.83, 0.05], [0.19, 3.39, 0.0], [0.22, 0.37, 0.9], [0.69, 4.38, 2.37], [0.79, 3.7, 0.18], [1.56, 3.82, 1.36], [3.55, 4.19, 1.43], [0.79, 0.16, 0.44], [0.79, 3.96, 1.76], [0.29, 3.5, 0.19], [0.03, 1.17, 0.0], [1.47, 3.92, 0.02], [8.44, 4.45, 0.88], [8.53, 4.21, 0.69], [1.81, 4.66, 0.64], [2.95, 4.35, 0.36], [0.04, 0.91, 0.0]]","[299, 255, 305, 215, 300, 279, 306, 296, 314, 298, 318, 330, 320, 331, 311, 185, 258, 208, 313]",24.7
670,1788358510870794933,307200,86474,24,21,165.1,"[24.9, 28.2, 29.0, 30.4, 30.9, 81.0, 82.4, 82.6, 83.9, 86.9, 91.6, 94.6, 98.5, 105.3, 111.4, 118.5, 126.5, 138.7, 148.4, 153.9, 165.1]","['NEAR', 'NEAR', 'RAIL', 'INSIDE', 'NEAR', 'INSIDE', 'RAIL', 'INSIDE', 'INSIDE', 'INSIDE', 'INSIDE', 'NEAR', 'INSIDE', 'INSIDE', 'INSIDE', 'INSIDE', 'INSIDE', 'INSIDE', 'RAIL', 'INSIDE', 'INSIDE']","[[0.55, 0.06, 1.26], [3.78, 0.14, 2.11], [0.18, 0.53, 0.2], [0.56, 1.72, 0.06], [0.46, 0.83, 0.04], [0.12, 3.39, 0.0], [0.12, 0.19, 0.69], [0.94, 4.3, 2.37], [0.75, 3.39, 0.18], [0.03, 3.64, 0.0], [3.53, 4.09, 1.62], [0.73, 0.16, 0.44], [1.75, 4.16, 1.76], [1.99, 4.28, 1.35], [0.07, 1.56, 0.0], [1.44, 4.13, 0.02], [7.24, 4.42, 1.13], [8.51, 4.22, 0.7], [0.01, 0.26, 0.22], [1.83, 4.39, 0.64], [2.99, 3.77, 0.36]]","[299, 255, 305, 205, 316, 215, 300, 279, 306, 296, 314, 298, 318, 330, 320, 331, 311, 185, 196, 258, 208]",20.7
671,1788358510947210746,307200,86473,21,18,165.2,"[28.2, 29.0, 29.8, 31.9, 81.0, 82.4, 82.7, 83.8, 86.9, 90.4, 92.4, 98.6, 105.1, 118.5, 126.0, 137.4, 153.9, 165.2]","['NEAR', 'NEAR', 'NEAR', 'NEAR', 'INSIDE', 'RAIL', 'INSIDE', 'INSIDE', 'INSIDE', 'INSIDE', 'INSIDE', 'INSIDE', 'INSIDE', 'INSIDE', 'INSIDE', 'INSIDE', 'INSIDE', 'INSIDE']","[[0.53, 0.06, 1.26], [1.6, 0.07, 2.11], [1.85, 0.12, 1.88], [0.39, 0.82, 0.04], [0.25, 3.39, 0.01], [0.14, 0.24, 0.69], [0.68, 4.26, 2.37], [0.78, 3.7, 0.18], [0.05, 3.64, 0.0], [1.22, 2.26, 2.21], [1.91, 3.83, 1.41], [1.48, 4.13, 1.76], [1.65, 4.28, 0.66], [1.47, 4.13, 0.02], [8.45, 4.45, 0.88], [5.89, 4.21, 0.69], [1.83, 4.39, 0.64], [2.94, 4.34, 0.36]]","[299, 312, 255, 316, 215, 300, 279, 306, 296, 314, 298, 318, 330, 331, 311, 185, 258, 208]",18.9
672,1788358511069572853,307200,86400,21,15,158.8,"[28.7, 30.4, 30.9, 81.0, 82.4, 83.0, 84.4, 86.9, 89.9, 91.5, 94.5, 97.9, 105.0, 117.8, 158.8]","['NEAR', 'RAIL', 'NEAR', 'INSIDE', 'RAIL', 'INSIDE', 'INSIDE', 'INSIDE', 'INSIDE', 'INSIDE', 'NEAR', 'OUTSIDE', 'INSIDE', 'INSIDE', 'INSIDE']","[[3.75, 0.13, 2.12], [0.16, 0.58, 0.2], [0.64, 0.87, 0.05], [0.21, 3.39, 0.0], [0.14, 0.22, 0.9], [1.63, 3.29, 2.37], [1.97, 3.85, 0.93], [0.08, 3.64, 0.0], [0.32, 3.79, 0.41], [0.06, 3.35, 0.0], [0.81, 0.17, 0.44], [1.18, 0.22, 1.33], [1.07, 4.1, 0.67], [0.14, 4.11, 0.0], [13.32, 4.57, 1.07]]","[255, 305, 316, 215, 300, 279, 306, 296, 314, 298, 318, 325, 330, 331, 258]",21.9
673,1788358511138437717,307200,86286,24,18,163.9,"[25.0, 28.2, 28.8, 30.4, 30.8, 81.0, 82.3, 84.4, 86.9, 89.7, 91.5, 94.5, 105.2, 117.8, 126.5, 138.7, 153.9, 163.9]","['NEAR', 'NEAR', 'INSIDE', 'RAIL', 'NEAR', 'INSIDE', 'RAIL', 'INSIDE', 'INSIDE', 'INSIDE', 'INSIDE', 'NEAR', 'INSIDE', 'INSIDE', 'INSIDE', 'INSIDE', 'INSIDE', 'INSIDE']","[[0.48, 0.06, 1.26], [3.8, 0.13, 2.11], [0.73, 1.72, 0.07], [0.16, 0.53, 0.2], [0.64, 0.87, 0.05], [0.14, 3.25, 0.0], [0.17, 0.22, 0.9], [2.01, 3.7, 0.21], [0.05, 3.64, 0.0], [2.28, 4.13, 2.2], [0.05, 3.51, 0.0], [0.81, 0.16, 0.44], [1.88, 4.23, 1.16], [0.11, 3.91, 0.0], [7.34, 4.45, 0.88], [8.5, 4.21, 0.69], [1.81, 4.39, 0.64], [5.33, 4.3, 0.36]]","[299, 255, 205, 305, 316, 215, 300, 306, 296, 314, 298, 318, 330, 331, 311, 185, 258, 208]",19.3
674,1788358511238240269,307200,86091,24,20,165.1,"[28.2, 30.3, 30.4, 30.8, 30.8, 81.0, 82.4, 83.2, 86.9, 90.1, 90.2, 92.4, 105.7, 111.3, 118.5, 126.4, 138.7, 148.3, 153.9, 165.1]","['NEAR', 'NEAR', 'RAIL', 'INSIDE', 'INSIDE', 'INSIDE', 'RAIL', 'INSIDE', 'INSIDE', 'INSIDE', 'NEAR', 'INSIDE', 'INSIDE', 'INSIDE', 'INSIDE', 'INSIDE', 'INSIDE', 'RAIL', 'INSIDE', 'INSIDE']","[[0.5, 0.05, 1.26], [3.76, 0.13, 1.93], [0.25, 0.58, 0.2], [0.99, 1.21, 0.49], [0.06, 1.81, 0.01], [0.16, 3.11, 0.0], [0.19, 0.22, 0.9], [2.03, 5.48, 2.37], [0.05, 3.64, 0.0], [0.18, 1.1, 0.0], [0.96, 0.05, 0.62], [1.86, 3.83, 1.41], [0.88, 3.86, 1.34], [0.08, 1.75, 0.0], [1.49, 4.11, 0.02], [7.24, 4.43, 1.13], [8.53, 4.21, 0.69], [0.04, 0.26, 0.22], [1.84, 4.66, 0.64], [2.96, 4.34, 0.36]]","[299, 255, 305, 312, 316, 215, 300, 279, 296, 314, 298, 318, 330, 320, 331, 311, 185, 196, 258, 208]",21.8
675,1788358511347351477,307200,86214,24,19,163.9,"[30.3, 30.4, 30.4, 80.9, 82.3, 82.6, 83.8, 86.8, 89.9, 90.2, 91.4, 92.9, 105.3, 118.4, 126.5, 138.7, 148.3, 153.8, 163.9]","['RAIL', 'INSIDE', 'INSIDE', 'INSIDE', 'RAIL', 'INSIDE', 'INSIDE', 'INSIDE', 'RAIL', 'INSIDE', 'INSIDE', 'OUTSIDE', 'INSIDE', 'INSIDE', 'INSIDE', 'INSIDE', 'RAIL', 'INSIDE', 'INSIDE']","[[0.14, 0.53, 0.2], [0.27, 1.21, 0.25], [0.09, 1.81, 0.01], [0.13, 3.39, 0.0], [0.12, 0.38, 0.69], [0.79, 3.58, 2.37], [0.8, 3.4, 0.18], [0.05, 3.64, 0.0], [0.97, 0.08, 0.98], [0.28, 3.79, 0.41], [0.09, 3.67, 0.0], [1.05, 0.26, 0.59], [1.5, 4.23, 1.34], [1.38, 4.11, 0.02], [7.39, 4.45, 0.88], [8.52, 4.4, 0.69], [0.05, 0.26, 0.22], [1.78, 4.39, 0.64], [5.42, 4.05, 0.36]]","[305, 312, 316, 215, 300, 279, 306, 296, 298, 314, 318, 325, 330, 331, 311, 185, 196, 258, 208]",21.9
676,1788358511449986720,307200,86115,24,15,172.9,"[30.5, 31.0, 80.9, 82.2, 84.5, 88.5, 89.6, 104.9, 108.2, 115.0, 125.5, 135.0, 152.0, 162.3, 172.9]","['NEAR', 'RAIL', 'INSIDE', 'RAIL', 'INSIDE', 'INSIDE', 'INSIDE', 'INSIDE', 'INSIDE', 'INSIDE', 'INSIDE', 'INSIDE', 'INSIDE', 'INSIDE', 'INSIDE']","[[3.36, 0.13, 2.11], [0.57, 0.59, 0.12], [0.18, 3.25, 0.0], [0.12, 0.32, 0.69], [2.41, 3.71, 1.49], [0.1, 2.16, 0.0], [1.62, 3.79, 1.84], [1.14, 4.08, 0.67], [0.36, 4.22, 0.68], [0.13, 3.61, 0.0], [5.37, 4.39, 0.86], [4.89, 4.49, 0.66], [2.73, 4.61, 0.62], [2.44, 3.17, 0.33], [2.27, 3.92, 0.49]]","[255, 305, 215, 300, 306, 314, 318, 330, 320, 331, 311, 185, 258, 208, 313]",20.2
677,1788358511544587334,307200,85946,20,14,161.4,"[24.5, 30.2, 80.8, 82.2, 83.7, 88.3, 89.2, 92.8, 105.5, 108.2, 125.5, 135.0, 150.8, 161.4]","['RAIL', 'NEAR', 'INSIDE', 'RAIL', 'INSIDE', 'INSIDE', 'INSIDE', 'OUTSIDE', 'INSIDE', 'INSIDE', 'INSIDE', 'INSIDE', 'INSIDE', 'INSIDE']","[[0.14, 0.48, 0.14], [0.23, 0.85, 0.02], [0.14, 3.24, 0.0], [0.1, 0.29, 0.69], [0.75, 3.52, 0.18], [0.4, 3.06, 0.41], [2.05, 4.17, 1.84], [0.91, 0.33, 0.41], [0.33, 3.81, 1.16], [0.32, 4.22, 0.68], [5.46, 4.41, 0.86], [4.88, 4.49, 0.66], [5.07, 4.09, 1.28], [7.89, 4.52, 0.82]]","[305, 205, 215, 300, 306, 314, 318, 325, 330, 320, 311, 185, 258, 208]",18.9
678,1788358511644519742,307200,85885,24,18,163.2,"[24.5, 25.0, 28.6, 30.3, 30.5, 30.9, 80.8, 82.2, 83.6, 86.7, 89.7, 89.7, 91.3, 105.3, 125.5, 136.3, 153.9, 163.2]","['NEAR', 'INSIDE', 'INSIDE', 'INSIDE', 'OUTSIDE', 'NEAR', 'INSIDE', 'RAIL', 'INSIDE', 'INSIDE', 'RAIL', 'INSIDE', 'INSIDE', 'INSIDE', 'INSIDE', 'INSIDE', 'INSIDE', 'INSIDE']","[[3.32, 0.12, 2.1], [0.6, 1.73, 0.07], [0.72, 1.23, 0.48], [0.06, 1.8, 0.01], [0.63, 1.36, 0.28], [0.21, 0.85, 0.02], [0.17, 3.24, 0.0], [0.1, 0.19, 0.69], [0.78, 3.23, 0.18], [0.01, 0.91, 0.0], [0.04, 0.05, 0.8], [0.36, 3.94, 0.41], [0.06, 3.19, 0.0], [0.2, 4.04, 0.67], [5.67, 4.39, 0.87], [7.57, 4.49, 0.69], [6.84, 4.61, 1.07], [4.23, 4.04, 0.35]]","[255, 205, 312, 316, 305, 299, 215, 300, 306, 296, 298, 318, 325, 330, 311, 185, 258, 208]",18.4
679,1788358511743091843,307200,85708,17,14,173.0,"[24.6, 25.0, 27.7, 28.7, 80.8, 82.1, 83.6, 86.7, 89.7, 91.2, 105.3, 154.6, 163.1, 173.0]","['INSIDE', 'INSIDE', 'NEAR', 'NEAR', 'INSIDE', 'RAIL', 'INSIDE', 'INSIDE', 'INSIDE', 'INSIDE', 'INSIDE', 'INSIDE', 'INSIDE', 'INSIDE']","[[0.69, 1.73, 0.07], [0.08, 1.64, 0.01], [0.59, 0.87, 0.05], [0.26, 0.85, 0.02], [0.2, 3.38, 0.0], [0.16, 0.22, 0.9], [0.78, 3.68, 0.18], [0.04, 3.48, 0.0], [0.3, 3.93, 0.41], [0.06, 3.66, 0.0], [0.14, 3.86, 0.24], [5.4, 4.59, 1.07], [4.24, 4.04, 0.35], [2.47, 4.21, 0.5]]","[205, 305, 316, 299, 215, 300, 306, 296, 318, 325, 330, 258, 208, 313]",21.3
680,1788358511838912686,307200,85490,28,20,172.7,"[24.5, 24.9, 27.0, 27.6, 28.5, 30.1, 30.6, 80.7, 81.1, 83.5, 89.5, 91.2, 103.0, 104.7, 113.0, 125.3, 134.8, 150.6, 161.2, 172.7]","['NEAR', 'NEAR', 'INSIDE', 'RAIL', 'INSIDE', 'OUTSIDE', 'NEAR', 'INSIDE', 'RAIL', 'INSIDE', 'INSIDE', 'INSIDE', 'OUTSIDE', 'INSIDE', 'OUTSIDE', 'INSIDE', 'INSIDE', 'INSIDE', 'INSIDE', 'INSIDE']","[[2.62, 0.07, 1.96], [3.69, 0.12, 2.1], [0.72, 1.73, 0.08], [0.38, 0.57, 0.12], [0.07, 1.64, 0.01], [0.63, 1.36, 0.28], [0.36, 0.84, 0.03], [0.17, 3.24, 0.0], [1.98, 0.28, 0.69], [0.78, 3.08, 0.18], [0.39, 3.77, 0.41], [0.07, 3.34, 0.0], [1.01, 0.32, 0.4], [1.09, 3.9, 0.67], [0.2, 0.39, 1.54], [5.36, 4.4, 0.86], [4.89, 4.39, 1.32], [5.08, 4.58, 1.29], [7.88, 4.51, 0.82], [2.29, 3.91, 0.49]]","[305, 255, 205, 316, 332, 312, 299, 215, 300, 306, 318, 325, 330, 320, 331, 311, 185, 196, 208, 313]",19.2
681,1788358511946201554,307200,85184,26,18,163.0,"[23.4, 24.5, 28.6, 29.0, 29.9, 30.1, 30.5, 80.6, 82.0, 84.1, 86.6, 89.7, 91.1, 98.7, 105.4, 112.9, 154.5, 163.0]","['NEAR', 'INSIDE', 'INSIDE', 'RAIL', 'NEAR', 'INSIDE', 'OUTSIDE', 'INSIDE', 'RAIL', 'INSIDE', 'INSIDE', 'INSIDE', 'INSIDE', 'INSIDE', 'INSIDE', 'OUTSIDE', 'INSIDE', 'INSIDE']","[[6.83, 0.12, 2.07], [0.93, 2.9, 0.1], [0.62, 1.78, 0.06], [0.97, 0.53, 0.33], [0.52, 0.81, 0.26], [0.07, 0.95, 0.01], [0.7, 1.36, 0.29], [0.16, 3.24, 0.0], [0.1, 0.19, 0.69], [2.01, 3.99, 0.21], [0.03, 3.48, 0.0], [0.07, 3.5, 0.0], [0.79, 3.78, 1.97], [0.64, 4.14, 0.61], [0.48, 3.8, 1.15], [0.15, 0.21, 1.54], [5.42, 4.59, 1.07], [4.14, 3.46, 0.35]]","[255, 205, 299, 316, 332, 312, 305, 215, 300, 306, 296, 325, 318, 330, 320, 331, 258, 208]",19.6
682,1788358512049308362,307200,85384,27,22,163.5,"[23.5, 26.3, 27.4, 27.5, 30.1, 34.3, 35.6, 80.6, 81.9, 82.3, 83.4, 86.5, 90.0, 91.7, 97.9, 104.9, 112.8, 127.5, 138.3, 147.9, 153.5, 163.5]","['INSIDE', 'INSIDE', 'RAIL', 'NEAR', 'INSIDE', 'INSIDE', 'INSIDE', 'INSIDE', 'RAIL', 'INSIDE', 'INSIDE', 'INSIDE', 'INSIDE', 'INSIDE', 'INSIDE', 'INSIDE', 'RAIL', 'INSIDE', 'INSIDE', 'RAIL', 'INSIDE', 'INSIDE']","[[1.01, 2.99, 0.11], [1.34, 1.72, 0.25], [0.31, 0.6, 0.41], [0.35, 0.84, 0.03], [0.78, 1.36, 0.05], [0.16, 1.56, 0.01], [0.14, 1.25, 0.01], [0.23, 3.24, 0.01], [0.12, 0.24, 0.69], [0.75, 4.37, 2.36], [0.78, 3.39, 0.18], [0.03, 3.47, 0.0], [1.11, 2.41, 2.19], [1.27, 3.49, 0.8], [2.09, 3.95, 1.75], [1.68, 4.22, 1.34], [0.04, 0.21, 0.32], [10.24, 4.46, 1.49], [8.51, 4.43, 0.69], [0.05, 0.26, 0.22], [1.84, 4.38, 0.64], [5.39, 4.04, 0.36]]","[205, 299, 316, 255, 312, 332, 305, 215, 300, 279, 306, 296, 318, 325, 330, 320, 331, 311, 185, 196, 258, 208]",20.1
683,1788358512144444926,307200,85053,23,18,163.5,"[26.1, 30.3, 32.0, 32.2, 34.3, 80.5, 81.9, 83.7, 86.4, 89.6, 91.6, 98.6, 104.6, 112.8, 125.7, 136.2, 154.4, 163.5]","['RAIL', 'INSIDE', 'INSIDE', 'INSIDE', 'INSIDE', 'INSIDE', 'RAIL', 'INSIDE', 'INSIDE', 'INSIDE', 'INSIDE', 'INSIDE', 'INSIDE', 'OUTSIDE', 'INSIDE', 'INSIDE', 'INSIDE', 'INSIDE']","[[0.93, 0.6, 0.41], [0.18, 1.82, 0.02], [0.61, 1.57, 0.05], [0.29, 2.27, 0.02], [0.95, 1.44, 0.07], [0.16, 3.23, 0.0], [0.15, 0.22, 0.9], [0.08, 3.07, 0.0], [0.05, 3.47, 0.0], [0.71, 3.66, 1.58], [1.28, 3.81, 0.8], [0.52, 4.14, 0.61], [1.87, 4.21, 1.15], [0.16, 0.21, 1.54], [6.72, 4.39, 0.88], [7.3, 4.64, 1.35], [5.46, 4.59, 1.07], [5.37, 4.04, 0.36]]","[316, 299, 332, 312, 305, 215, 300, 306, 296, 318, 325, 330, 320, 331, 311, 185, 258, 208]",17.8
684,1788358512252651964,307200,84831,23,18,158.3,"[23.4, 30.0, 32.0, 32.2, 34.2, 35.5, 80.4, 81.8, 82.1, 83.3, 86.3, 89.3, 89.4, 90.9, 98.6, 102.9, 112.7, 158.3]","['INSIDE', 'RAIL', 'INSIDE', 'INSIDE', 'INSIDE', 'INSIDE', 'INSIDE', 'RAIL', 'INSIDE', 'INSIDE', 'INSIDE', 'INSIDE', 'RAIL', 'INSIDE', 'INSIDE', 'OUTSIDE', 'OUTSIDE', 'INSIDE']","[[1.04, 1.67, 0.12], [0.6, 0.55, 0.27], [1.55, 1.71, 0.12], [0.29, 2.39, 0.02], [0.77, 1.35, 0.05], [0.85, 1.44, 0.06], [0.16, 3.23, 0.0], [0.16, 0.22, 0.9], [0.71, 3.65, 2.36], [0.78, 3.67, 0.18], [0.03, 3.47, 0.0], [0.49, 3.88, 0.25], [2.19, 0.1, 0.98], [0.04, 3.49, 0.0], [0.41, 4.13, 0.61], [0.61, 0.21, 0.47], [0.16, 0.21, 1.54], [13.36, 4.56, 1.07]]","[205, 316, 332, 312, 305, 255, 215, 300, 279, 306, 296, 318, 298, 325, 330, 320, 331, 258]",25.9
685,1788358512337076765,307200,84178,21,17,163.3,"[23.3, 29.7, 32.1, 32.2, 34.3, 80.4, 81.7, 82.0, 83.2, 86.3, 89.0, 90.6, 98.4, 104.5, 112.6, 154.6, 163.3]","['INSIDE', 'RAIL', 'INSIDE', 'INSIDE', 'INSIDE', 'INSIDE', 'RAIL', 'INSIDE', 'INSIDE', 'INSIDE', 'INSIDE', 'INSIDE', 'INSIDE', 'INSIDE', 'RAIL', 'INSIDE', 'INSIDE']","[[0.88, 1.67, 0.1], [0.19, 0.57, 0.27], [1.58, 1.27, 0.12], [0.28, 2.4, 0.02], [0.53, 1.44, 0.04], [0.2, 3.09, 0.0], [0.12, 0.24, 0.69], [0.87, 4.38, 2.35], [0.78, 3.38, 0.18], [0.04, 3.61, 0.0], [1.69, 3.18, 1.58], [0.61, 3.81, 0.42], [0.5, 3.93, 0.61], [1.82, 4.25, 1.34], [0.04, 0.21, 0.32], [4.55, 4.64, 1.07], [5.34, 3.46, 0.36]]","[205, 316, 332, 312, 255, 215, 300, 279, 306, 296, 314, 325, 330, 334, 331, 258, 208]",26.9
686,1788358512443324479,307200,83833,22,17,163.2,"[29.7, 32.4, 34.3, 80.3, 81.6, 82.0, 83.1, 86.2, 89.7, 91.4, 97.4, 104.2, 110.7, 125.8, 138.0, 153.2, 163.2]","['RAIL', 'INSIDE', 'INSIDE', 'INSIDE', 'RAIL', 'INSIDE', 'INSIDE', 'INSIDE', 'NEAR', 'INSIDE', 'INSIDE', 'INSIDE', 'INSIDE', 'INSIDE', 'INSIDE', 'INSIDE', 'INSIDE']","[[0.27, 0.57, 0.4], [1.02, 1.71, 0.35], [0.22, 2.27, 0.02], [0.14, 2.24, 0.0], [0.17, 0.28, 0.69], [0.8, 4.52, 2.35], [0.75, 2.19, 0.18], [0.05, 3.46, 0.0], [1.12, 0.22, 2.19], [1.28, 3.8, 0.8], [2.31, 4.13, 1.75], [1.27, 4.42, 0.66], [0.04, 1.74, 0.0], [7.35, 4.43, 0.88], [8.53, 4.42, 0.69], [1.78, 4.64, 0.64], [5.36, 4.03, 0.36]]","[316, 332, 312, 215, 300, 279, 306, 296, 298, 325, 330, 334, 331, 311, 185, 258, 208]",19.5
687,1788358512548370356,307200,83777,19,14,157.3,"[29.9, 30.1, 32.0, 34.2, 80.2, 81.6, 83.0, 84.7, 86.1, 89.6, 90.7, 97.7, 104.9, 157.3]","['NEAR', 'INSIDE', 'RAIL', 'INSIDE', 'INSIDE', 'RAIL', 'INSIDE', 'NEAR', 'INSIDE', 'INSIDE', 'INSIDE', 'INSIDE', 'INSIDE', 'INSIDE']","[[3.64, 0.1, 2.06], [1.6, 1.93, 0.37], [0.7, 0.5, 0.4], [0.22, 2.27, 0.02], [0.09, 3.36, 0.0], [0.14, 0.24, 0.89], [0.79, 3.35, 0.18], [0.54, 0.29, 0.92], [0.04, 3.61, 0.0], [1.19, 3.78, 2.18], [0.04, 3.48, 0.0], [1.77, 4.13, 1.74], [0.47, 4.16, 1.15], [14.73, 4.64, 1.06]]","[332, 255, 316, 312, 215, 300, 306, 296, 314, 318, 325, 330, 334, 258]",28.1
688,1788358512649559217,307200,84101,23,16,172.1,"[25.7, 27.4, 27.7, 29.7, 29.9, 34.1, 80.1, 81.4, 82.9, 86.0, 89.5, 90.6, 98.2, 102.3, 104.2, 172.1]","['NEAR', 'NEAR', 'NEAR', 'RAIL', 'INSIDE', 'INSIDE', 'INSIDE', 'RAIL', 'INSIDE', 'INSIDE', 'INSIDE', 'INSIDE', 'INSIDE', 'OUTSIDE', 'INSIDE', 'INSIDE']","[[0.42, 0.06, 1.94], [3.83, 0.11, 2.06], [0.77, 0.85, 0.21], [0.37, 0.55, 0.4], [0.14, 0.81, 0.01], [0.21, 2.39, 0.02], [0.15, 3.5, 0.0], [0.1, 0.28, 0.69], [0.77, 3.35, 0.18], [0.05, 3.6, 0.0], [1.14, 3.77, 2.19], [0.05, 3.64, 0.0], [0.55, 4.1, 1.46], [0.96, 0.2, 1.1], [1.62, 4.41, 1.15], [2.24, 4.2, 0.48]]","[299, 332, 255, 316, 205, 312, 215, 300, 306, 314, 318, 325, 330, 320, 334, 313]",27.1
689,1788358512749222438,307200,84511,25,17,162.9,"[27.0, 29.5, 29.9, 34.2, 80.0, 81.4, 81.7, 82.9, 84.0, 86.0, 89.4, 90.4, 97.4, 104.3, 110.4, 150.6, 162.9]","['INSIDE', 'RAIL', 'INSIDE', 'INSIDE', 'INSIDE', 'RAIL', 'INSIDE', 'OUTSIDE', 'NEAR', 'INSIDE', 'NEAR', 'INSIDE', 'INSIDE', 'INSIDE', 'INSIDE', 'INSIDE', 'INSIDE']","[[1.27, 1.71, 0.12], [0.41, 0.54, 0.4], [0.36, 1.14, 0.03], [0.18, 2.39, 0.01], [0.17, 2.23, 0.0], [0.19, 0.28, 0.89], [0.67, 4.51, 2.34], [0.91, 1.34, 0.18], [1.76, 0.34, 1.31], [0.02, 3.45, 0.0], [1.14, 0.22, 1.57], [0.36, 3.81, 0.42], [2.06, 4.12, 1.89], [1.62, 4.41, 1.33], [0.05, 1.35, 0.0], [6.41, 3.82, 1.29], [5.35, 3.74, 0.36]]","[255, 316, 332, 312, 215, 300, 279, 306, 296, 314, 298, 325, 330, 334, 331, 196, 208]",25.4
690,1788358512866061280,307200,84527,23,18,172.8,"[27.1, 29.8, 39.5, 39.7, 79.9, 81.3, 82.8, 85.0, 85.8, 88.8, 90.3, 98.0, 102.3, 104.6, 125.5, 136.3, 158.7, 172.8]","['INSIDE', 'INSIDE', 'INSIDE', 'NEAR', 'INSIDE', 'RAIL', 'INSIDE', 'NEAR', 'INSIDE', 'NEAR', 'INSIDE', 'INSIDE', 'OUTSIDE', 'INSIDE', 'INSIDE', 'INSIDE', 'INSIDE', 'INSIDE']","[[1.16, 1.76, 0.21], [0.23, 0.94, 0.02], [0.28, 1.24, 0.02], [0.5, 0.84, 0.03], [0.15, 2.23, 0.0], [0.09, 0.19, 0.69], [0.84, 3.07, 0.18], [1.66, 0.34, 1.47], [0.04, 3.45, 0.0], [2.15, 0.22, 2.18], [0.42, 3.8, 0.42], [0.54, 4.11, 1.46], [0.64, 0.23, 0.89], [0.76, 4.37, 1.33], [7.36, 4.41, 0.87], [5.88, 4.41, 0.68], [13.61, 4.57, 1.06], [1.27, 3.0, 0.49]]","[255, 332, 335, 305, 215, 300, 306, 296, 314, 298, 325, 330, 320, 334, 311, 185, 258, 313]",18.4
691,1788358512944328119,307200,84112,23,16,158.2,"[26.7, 26.8, 28.4, 29.2, 29.7, 39.4, 39.6, 81.2, 82.7, 85.7, 89.2, 90.2, 97.9, 102.2, 104.6, 158.2]","['INSIDE', 'RAIL', 'INSIDE', 'INSIDE', 'INSIDE', 'NEAR', 'NEAR', 'RAIL', 'INSIDE', 'INSIDE', 'INSIDE', 'INSIDE', 'INSIDE', 'OUTSIDE', 'INSIDE', 'INSIDE']","[[1.5, 1.74, 0.23], [0.21, 0.59, 0.4], [0.66, 1.68, 0.06], [0.27, 1.24, 0.02], [0.32, 0.82, 0.02], [0.52, 1.12, 0.03], [0.62, 0.83, 0.06], [0.16, 0.28, 0.89], [0.83, 3.65, 0.18], [0.05, 3.59, 0.0], [1.21, 3.32, 2.18], [0.31, 3.77, 0.25], [0.61, 3.94, 0.6], [0.68, 0.38, 0.89], [0.58, 4.18, 1.15], [14.44, 4.63, 1.06]]","[255, 316, 205, 332, 335, 305, 299, 300, 306, 314, 318, 325, 330, 320, 334, 258]",22.4
692,1788358513037356237,307200,83474,24,21,162.7,"[27.8, 27.9, 29.1, 29.2, 29.5, 40.1, 75.7, 79.7, 81.1, 81.5, 84.9, 90.3, 97.7, 101.9, 104.0, 110.1, 117.3, 125.3, 136.1, 154.0, 162.7]","['INSIDE', 'RAIL', 'INSIDE', 'INSIDE', 'INSIDE', 'OUTSIDE', 'OUTSIDE', 'INSIDE', 'RAIL', 'INSIDE', 'INSIDE', 'INSIDE', 'INSIDE', 'OUTSIDE', 'INSIDE', 'INSIDE', 'INSIDE', 'INSIDE', 'INSIDE', 'INSIDE', 'INSIDE']","[[0.32, 2.56, 0.23], [0.14, 0.56, 0.39], [1.32, 1.66, 0.35], [0.16, 1.14, 0.01], [0.39, 1.55, 0.02], [1.81, 1.37, 0.98], [3.42, 1.31, 2.05], [0.16, 2.5, 0.0], [0.12, 0.28, 0.68], [0.68, 4.49, 2.34], [1.59, 4.05, 1.34], [3.55, 4.16, 1.85], [0.3, 4.14, 1.74], [1.24, 0.23, 0.89], [1.77, 4.4, 1.33], [0.11, 1.73, 0.0], [1.51, 4.07, 0.02], [7.34, 4.41, 0.87], [5.91, 4.4, 0.68], [4.54, 4.56, 1.06], [5.34, 3.73, 0.36]]","[255, 316, 332, 299, 305, 205, 215, 300, 306, 279, 314, 325, 330, 320, 334, 331, 338, 311, 185, 196, 208]",18.9
693,1788358513155581443,307200,83826,27,23,162.6,"[27.8, 29.0, 29.1, 34.1, 37.9, 40.0, 75.2, 79.6, 81.0, 81.9, 84.8, 89.0, 90.0, 91.7, 97.8, 102.0, 103.5, 109.8, 117.2, 125.1, 136.0, 152.5, 162.6]","['RAIL', 'INSIDE', 'INSIDE', 'INSIDE', 'INSIDE', 'OUTSIDE', 'OUTSIDE', 'INSIDE', 'RAIL', 'INSIDE', 'INSIDE', 'NEAR', 'INSIDE', 'OUTSIDE', 'INSIDE', 'OUTSIDE', 'INSIDE', 'INSIDE', 'INSIDE', 'INSIDE', 'INSIDE', 'INSIDE', 'INSIDE']","[[0.11, 0.56, 0.32], [1.33, 2.88, 0.35], [0.57, 2.39, 0.34], [0.15, 0.92, 0.01], [0.42, 2.66, 0.02], [1.71, 1.49, 0.99], [2.61, 1.09, 0.86], [0.18, 1.81, 0.0], [0.17, 0.28, 0.89], [1.93, 5.46, 2.33], [1.6, 4.05, 1.33], [1.09, 0.18, 2.17], [0.26, 3.8, 0.41], [0.62, 0.44, 0.39], [0.47, 3.94, 0.6], [0.76, 0.38, 0.89], [1.26, 4.16, 0.44], [0.6, 3.82, 0.49], [1.46, 4.08, 0.02], [7.28, 4.4, 0.87], [5.9, 4.15, 0.68], [1.78, 4.35, 0.63], [5.3, 4.02, 0.36]]","[316, 332, 312, 335, 305, 205, 215, 300, 306, 279, 314, 298, 325, 318, 330, 320, 334, 331, 338, 311, 185, 196, 208]",20.2
694,1788358513245960721,307200,83991,25,23,161.9,"[24.4, 25.4, 28.4, 28.9, 34.1, 37.8, 75.1, 79.5, 80.8, 85.4, 88.7, 89.9, 92.9, 97.5, 101.5, 103.6, 109.9, 111.7, 117.0, 125.0, 135.9, 155.2, 161.9]","['RAIL', 'INSIDE', 'INSIDE', 'INSIDE', 'NEAR', 'NEAR', 'OUTSIDE', 'INSIDE', 'RAIL', 'INSIDE', 'NEAR', 'INSIDE', 'NEAR', 'INSIDE', 'OUTSIDE', 'INSIDE', 'INSIDE', 'RAIL', 'INSIDE', 'INSIDE', 'INSIDE', 'INSIDE', 'INSIDE']","[[0.2, 0.56, 0.32], [0.54, 2.63, 0.33], [0.12, 0.92, 0.01], [0.31, 1.5, 0.03], [0.55, 0.86, 0.04], [0.3, 0.84, 0.03], [2.62, 1.18, 0.69], [0.18, 2.08, 0.0], [0.11, 0.28, 0.68], [0.06, 3.58, 0.0], [1.55, 0.18, 1.95], [0.32, 3.76, 0.25], [0.43, 0.21, 0.43], [0.2, 3.93, 0.4], [1.07, 0.29, 0.89], [1.75, 4.16, 1.33], [0.08, 1.73, 0.0], [0.07, 0.21, 0.32], [1.5, 3.87, 0.02], [7.32, 4.39, 0.87], [5.9, 4.39, 0.68], [9.09, 4.62, 1.06], [4.22, 4.01, 0.35]]","[316, 312, 335, 255, 205, 332, 215, 300, 306, 314, 298, 325, 318, 330, 320, 334, 331, 342, 338, 311, 185, 196, 208]",19.2
695,1788358513346851316,307200,84184,25,21,163.5,"[24.5, 27.6, 28.8, 34.0, 35.4, 37.9, 39.9, 80.7, 85.3, 89.4, 90.8, 97.4, 101.9, 103.3, 109.8, 111.6, 116.3, 124.9, 135.8, 153.6, 163.5]","['RAIL', 'INSIDE', 'INSIDE', 'INSIDE', 'INSIDE', 'INSIDE', 'NEAR', 'RAIL', 'INSIDE', 'NEAR', 'INSIDE', 'INSIDE', 'OUTSIDE', 'INSIDE', 'INSIDE', 'RAIL', 'INSIDE', 'INSIDE', 'INSIDE', 'INSIDE', 'INSIDE']","[[0.42, 0.6, 0.26], [0.54, 2.63, 0.33], [0.3, 2.52, 0.02], [0.09, 2.02, 0.01], [0.24, 2.65, 0.01], [0.62, 1.35, 0.04], [0.34, 0.84, 0.03], [0.13, 0.25, 0.68], [0.07, 3.57, 0.0], [2.2, 0.23, 1.93], [1.9, 3.79, 0.81], [0.28, 4.1, 1.45], [0.78, 0.38, 0.88], [1.33, 4.38, 0.65], [0.1, 3.07, 0.0], [0.05, 0.21, 0.32], [0.11, 2.23, 0.0], [7.29, 4.4, 0.87], [5.93, 4.39, 0.68], [4.48, 4.61, 1.06], [2.99, 4.01, 0.36]]","[316, 312, 335, 205, 305, 299, 332, 306, 314, 298, 325, 330, 320, 334, 331, 342, 338, 311, 185, 196, 208]",18.4
696,1788358513446242007,307200,84251,23,21,163.4,"[24.6, 27.4, 28.7, 29.1, 34.1, 35.5, 37.5, 39.8, 80.6, 85.2, 90.9, 97.3, 101.5, 103.7, 105.3, 109.8, 111.5, 124.8, 136.3, 152.7, 163.4]","['NEAR', 'RAIL', 'INSIDE', 'INSIDE', 'INSIDE', 'INSIDE', 'NEAR', 'NEAR', 'RAIL', 'INSIDE', 'INSIDE', 'INSIDE', 'OUTSIDE', 'INSIDE', 'INSIDE', 'INSIDE', 'RAIL', 'INSIDE', 'INSIDE', 'INSIDE', 'INSIDE']","[[3.8, 0.12, 1.98], [0.36, 0.57, 0.39], [0.82, 2.62, 0.34], [1.06, 1.94, 0.07], [0.21, 2.78, 0.01], [0.1, 0.96, 0.01], [0.63, 0.84, 0.04], [0.36, 0.84, 0.04], [0.19, 0.36, 0.88], [0.1, 3.85, 0.4], [5.51, 4.18, 2.23], [0.04, 2.04, 0.0], [1.28, 0.48, 1.32], [0.26, 4.01, 0.42], [0.07, 0.74, 0.0], [0.41, 4.01, 0.48], [0.05, 0.21, 0.32], [7.32, 4.41, 1.11], [7.11, 4.4, 0.69], [2.97, 4.61, 0.64], [2.96, 4.3, 0.36]]","[205, 316, 312, 335, 305, 255, 299, 332, 306, 314, 325, 330, 320, 334, 331, 342, 338, 311, 185, 196, 208]",17.9
697,1788358513542783037,307200,83266,26,22,163.3,"[24.5, 28.5, 29.0, 34.0, 34.2, 37.6, 39.7, 80.5, 83.2, 84.2, 85.0, 89.7, 92.6, 97.2, 101.4, 103.2, 105.2, 109.6, 126.1, 135.5, 149.7, 163.3]","['NEAR', 'RAIL', 'OUTSIDE', 'INSIDE', 'INSIDE', 'INSIDE', 'INSIDE', 'RAIL', 'OUTSIDE', 'NEAR', 'INSIDE', 'INSIDE', 'NEAR', 'INSIDE', 'OUTSIDE', 'INSIDE', 'INSIDE', 'INSIDE', 'INSIDE', 'INSIDE', 'INSIDE', 'INSIDE']","[[3.74, 0.1, 2.05], [0.1, 0.56, 0.31], [0.84, 0.49, 0.32], [0.57, 1.83, 0.04], [0.21, 2.77, 0.01], [0.13, 1.19, 0.01], [0.47, 1.44, 0.04], [0.15, 0.28, 0.68], [0.45, 0.3, 0.91], [1.64, 0.15, 0.38], [0.14, 3.85, 0.4], [3.46, 4.14, 2.22], [0.67, 0.21, 0.61], [0.09, 3.92, 0.4], [1.19, 0.38, 1.32], [0.96, 4.37, 0.84], [0.02, 0.73, 0.0], [0.34, 3.96, 0.48], [10.17, 4.4, 1.47], [5.9, 4.38, 0.68], [6.45, 4.6, 1.28], [2.96, 4.29, 0.36]]","[205, 316, 312, 335, 305, 299, 332, 306, 314, 296, 279, 325, 318, 330, 320, 334, 331, 342, 311, 185, 196, 208]",17.0
698,1788358513671036954,307200,83294,31,24,163.1,"[22.8, 26.8, 28.4, 32.0, 33.8, 37.7, 39.8, 47.2, 80.4, 81.1, 84.9, 88.4, 90.3, 92.5, 97.1, 101.3, 103.1, 105.0, 109.5, 111.2, 126.0, 135.4, 153.3, 163.1]","['OUTSIDE', 'RAIL', 'INSIDE', 'INSIDE', 'INSIDE', 'INSIDE', 'NEAR', 'INSIDE', 'RAIL', 'INSIDE', 'INSIDE', 'NEAR', 'INSIDE', 'NEAR', 'INSIDE', 'OUTSIDE', 'INSIDE', 'INSIDE', 'INSIDE', 'RAIL', 'INSIDE', 'INSIDE', 'INSIDE', 'INSIDE']","[[0.51, 0.1, 1.59], [0.13, 0.57, 0.38], [0.88, 2.01, 0.35], [0.11, 2.47, 0.01], [0.2, 1.45, 0.02], [1.1, 2.79, 0.1], [0.18, 0.8, 0.02], [0.36, 1.44, 0.03], [0.12, 0.2, 0.68], [1.37, 5.39, 2.32], [0.22, 3.69, 0.4], [1.29, 0.22, 2.16], [1.5, 3.78, 0.43], [0.76, 0.21, 0.61], [0.15, 3.9, 0.4], [1.19, 0.38, 1.32], [1.02, 4.37, 0.65], [0.04, 0.73, 0.0], [0.36, 3.81, 0.47], [0.05, 0.21, 0.32], [10.32, 4.46, 0.87], [5.95, 4.38, 0.68], [4.59, 4.54, 1.06], [2.92, 4.29, 0.36]]","[305, 316, 299, 336, 335, 255, 332, 312, 306, 300, 279, 298, 325, 318, 330, 320, 334, 331, 342, 338, 311, 185, 196, 208]",20.8
699,1788358513740739075,307200,83692,23,18,163.0,"[28.3, 37.9, 49.9, 80.2, 80.7, 84.9, 86.3, 89.2, 90.2, 100.9, 103.5, 104.9, 109.3, 111.1, 125.9, 136.6, 152.4, 163.0]","['RAIL', 'RAIL', 'INSIDE', 'RAIL', 'INSIDE', 'INSIDE', 'INSIDE', 'NEAR', 'INSIDE', 'OUTSIDE', 'INSIDE', 'INSIDE', 'INSIDE', 'RAIL', 'INSIDE', 'INSIDE', 'INSIDE', 'INSIDE']","[[0.15, 0.45, 0.22], [0.31, 0.6, 0.38], [0.51, 1.64, 0.31], [0.16, 0.23, 0.68], [1.38, 5.38, 2.32], [0.1, 3.84, 0.4], [0.06, 3.46, 0.0], [3.11, 0.23, 1.92], [1.53, 3.81, 0.99], [0.79, 0.3, 1.31], [0.71, 4.12, 0.83], [0.04, 0.92, 0.0], [0.15, 3.43, 0.0], [0.03, 0.2, 0.32], [10.3, 4.52, 1.11], [8.54, 4.61, 0.69], [2.96, 4.59, 0.64], [2.98, 3.72, 0.35]]","[336, 316, 335, 306, 300, 279, 298, 325, 318, 320, 334, 331, 342, 338, 311, 185, 196, 208]",21.9
700,1788358513859384332,307200,83026,28,22,162.9,"[21.7, 25.7, 26.4, 27.2, 28.2, 37.7, 49.7, 80.1, 80.6, 84.7, 86.1, 88.2, 90.0, 101.1, 103.4, 104.8, 109.2, 110.9, 125.7, 135.1, 151.6, 162.9]","['INSIDE', 'RAIL', 'RAIL', 'INSIDE', 'INSIDE', 'INSIDE', 'NEAR', 'RAIL', 'INSIDE', 'INSIDE', 'INSIDE', 'NEAR', 'INSIDE', 'OUTSIDE', 'INSIDE', 'INSIDE', 'INSIDE', 'RAIL', 'INSIDE', 'INSIDE', 'INSIDE', 'INSIDE']","[[0.97, 1.79, 0.21], [0.5, 0.52, 0.44], [0.37, 0.61, 0.38], [0.12, 2.06, 0.01], [0.5, 1.64, 0.31], [0.71, 1.15, 0.07], [0.22, 0.83, 0.02], [0.15, 0.33, 0.68], [1.33, 5.38, 2.31], [0.05, 3.4, 0.0], [0.12, 1.2, 0.17], [1.14, 0.23, 1.91], [1.53, 3.8, 0.99], [1.34, 0.37, 1.31], [0.72, 4.32, 0.83], [0.06, 0.91, 0.0], [0.14, 3.43, 0.0], [0.03, 0.2, 0.32], [10.22, 4.48, 1.11], [5.92, 4.37, 0.68], [1.82, 4.32, 0.63], [3.0, 3.44, 0.35]]","[332, 336, 316, 255, 335, 205, 312, 306, 300, 279, 298, 325, 318, 320, 334, 331, 342, 338, 311, 185, 196, 208]",20.1
701,1788358513951800219,307200,82463,26,21,162.7,"[21.4, 26.0, 26.6, 44.4, 45.1, 49.8, 80.0, 82.6, 84.6, 86.0, 88.0, 89.9, 96.7, 100.8, 103.3, 104.6, 109.0, 125.6, 135.0, 151.5, 162.7]","['INSIDE', 'RAIL', 'INSIDE', 'INSIDE', 'INSIDE', 'NEAR', 'RAIL', 'NEAR', 'INSIDE', 'INSIDE', 'NEAR', 'INSIDE', 'INSIDE', 'OUTSIDE', 'INSIDE', 'INSIDE', 'INSIDE', 'INSIDE', 'INSIDE', 'INSIDE', 'INSIDE']","[[0.27, 2.04, 0.2], [0.42, 0.52, 0.44], [1.38, 1.78, 0.19], [0.2, 0.94, 0.01], [0.11, 1.24, 0.0], [0.69, 0.82, 0.06], [0.14, 0.25, 0.67], [1.6, 0.23, 0.56], [0.05, 3.54, 0.0], [0.13, 3.43, 0.17], [1.24, 0.23, 1.91], [1.48, 3.76, 0.41], [0.12, 2.19, 0.0], [0.48, 0.35, 1.09], [0.73, 4.32, 0.83], [0.08, 0.73, 0.0], [0.6, 3.8, 0.47], [10.32, 4.45, 1.11], [5.92, 4.36, 0.68], [1.84, 4.59, 0.63], [2.98, 4.0, 0.35]]","[332, 336, 255, 340, 305, 312, 306, 296, 279, 298, 325, 318, 330, 320, 334, 331, 342, 311, 185, 196, 208]",16.2
702,1788358514048229043,307200,82070,19,18,162.6,"[24.5, 26.4, 26.5, 27.8, 40.0, 45.4, 46.3, 49.6, 79.8, 84.3, 87.9, 90.3, 101.0, 102.8, 108.8, 110.4, 151.9, 162.6]","['RAIL', 'INSIDE', 'RAIL', 'INSIDE', 'INSIDE', 'INSIDE', 'NEAR', 'NEAR', 'RAIL', 'INSIDE', 'NEAR', 'INSIDE', 'OUTSIDE', 'INSIDE', 'INSIDE', 'OUTSIDE', 'INSIDE', 'INSIDE']","[[0.54, 0.61, 0.3], [3.16, 2.36, 2.68], [0.29, 0.62, 0.38], [0.34, 2.07, 0.02], [0.55, 1.47, 0.05], [0.43, 1.68, 0.03], [0.23, 0.85, 0.03], [0.23, 0.84, 0.02], [0.17, 0.32, 0.88], [3.37, 3.89, 1.35], [1.18, 0.23, 1.91], [0.54, 3.8, 0.99], [1.68, 0.36, 1.31], [1.35, 3.96, 0.83], [0.34, 3.99, 0.01], [0.72, 0.22, 1.75], [2.97, 4.58, 0.64], [2.98, 4.29, 0.35]]","[336, 333, 316, 340, 255, 341, 312, 205, 306, 279, 325, 318, 320, 334, 342, 338, 196, 208]",17.5
703,1788358514148147440,307200,82311,23,22,162.4,"[26.4, 27.7, 34.3, 37.9, 39.9, 39.9, 45.3, 49.6, 79.7, 82.8, 85.0, 88.2, 89.7, 100.4, 102.7, 104.8, 108.7, 110.6, 124.2, 136.0, 151.8, 162.4]","['RAIL', 'RAIL', 'INSIDE', 'INSIDE', 'INSIDE', 'NEAR', 'INSIDE', 'INSIDE', 'RAIL', 'NEAR', 'INSIDE', 'NEAR', 'INSIDE', 'OUTSIDE', 'INSIDE', 'INSIDE', 'INSIDE', 'OUTSIDE', 'INSIDE', 'INSIDE', 'INSIDE', 'INSIDE']","[[0.72, 0.43, 0.44], [0.24, 0.6, 0.38], [0.26, 2.06, 0.02], [1.01, 1.8, 0.09], [0.26, 1.98, 0.02], [0.44, 0.97, 0.03], [0.14, 1.56, 0.01], [0.3, 1.68, 0.02], [0.2, 0.32, 0.67], [0.75, 0.23, 0.55], [1.54, 3.77, 1.33], [2.07, 0.23, 1.91], [1.45, 3.64, 0.42], [0.75, 0.3, 1.31], [0.22, 3.94, 0.19], [1.23, 0.95, 0.63], [0.33, 3.98, 0.0], [0.1, 0.22, 1.51], [7.94, 4.44, 1.12], [8.58, 4.37, 0.69], [3.0, 4.58, 0.64], [2.95, 3.98, 0.35]]","[336, 316, 340, 255, 335, 341, 299, 305, 306, 296, 279, 325, 318, 320, 334, 331, 342, 338, 311, 185, 196, 208]",16.5
704,1788358514248421519,307200,82420,28,24,162.3,"[22.8, 23.7, 26.2, 27.5, 27.6, 34.2, 45.2, 49.4, 79.5, 82.1, 84.2, 85.5, 87.9, 90.1, 91.7, 100.1, 102.2, 104.7, 108.6, 110.4, 125.2, 134.6, 151.1, 162.3]","['INSIDE', 'RAIL', 'INSIDE', 'RAIL', 'INSIDE', 'INSIDE', 'INSIDE', 'INSIDE', 'RAIL', 'NEAR', 'INSIDE', 'INSIDE', 'INSIDE', 'INSIDE', 'NEAR', 'OUTSIDE', 'INSIDE', 'INSIDE', 'INSIDE', 'OUTSIDE', 'INSIDE', 'INSIDE', 'INSIDE', 'INSIDE']","[[1.68, 1.6, 0.22], [0.57, 0.43, 0.44], [1.65, 1.79, 0.18], [0.2, 0.6, 0.37], [0.18, 2.69, 0.01], [0.07, 1.32, 0.01], [0.15, 1.79, 0.01], [0.08, 1.64, 0.01], [0.13, 0.29, 0.67], [1.69, 0.23, 0.55], [0.16, 3.66, 0.39], [0.17, 3.73, 0.17], [1.88, 1.14, 2.17], [0.29, 3.64, 0.41], [0.66, 0.21, 1.0], [1.1, 0.35, 1.74], [1.09, 4.11, 0.44], [1.23, 1.35, 0.63], [0.51, 3.98, 0.47], [0.08, 0.22, 1.51], [10.29, 4.65, 1.1], [5.98, 4.35, 0.68], [1.83, 4.57, 0.63], [3.01, 4.26, 0.35]]","[332, 336, 255, 316, 340, 312, 299, 205, 306, 296, 279, 298, 325, 318, 330, 320, 334, 331, 342, 338, 311, 185, 196, 208]",17.5
705,1788358514364720200,307200,82402,23,20,162.2,"[24.8, 24.9, 27.3, 27.4, 34.2, 35.4, 41.1, 45.1, 49.1, 79.4, 84.7, 87.5, 89.9, 95.8, 99.9, 102.4, 108.3, 110.3, 151.5, 162.2]","['RAIL', 'INSIDE', 'OUTSIDE', 'RAIL', 'INSIDE', 'INSIDE', 'INSIDE', 'INSIDE', 'INSIDE', 'RAIL', 'INSIDE', 'NEAR', 'INSIDE', 'NEAR', 'OUTSIDE', 'INSIDE', 'INSIDE', 'OUTSIDE', 'INSIDE', 'INSIDE']","[[0.3, 0.43, 0.29], [1.23, 1.74, 0.12], [0.31, 0.24, 0.49], [0.24, 0.61, 0.37], [0.13, 2.99, 0.01], [1.34, 2.3, 0.13], [0.6, 1.48, 0.04], [0.1, 1.43, 0.01], [0.12, 1.19, 0.01], [0.18, 0.36, 0.87], [1.5, 3.69, 0.42], [1.1, 0.18, 1.9], [0.4, 3.79, 0.98], [0.5, 0.21, 1.53], [1.01, 0.35, 1.74], [0.27, 3.75, 0.19], [0.3, 3.97, 0.0], [0.09, 0.22, 1.5], [3.02, 4.57, 0.64], [2.96, 4.26, 0.35]]","[336, 255, 205, 316, 340, 312, 299, 305, 335, 306, 279, 325, 318, 330, 320, 334, 342, 338, 196, 208]",22.0
706,1788358514449555492,307200,82578,23,19,162.0,"[24.5, 25.1, 27.2, 35.6, 37.7, 47.0, 49.0, 79.2, 84.7, 88.2, 89.9, 91.4, 95.2, 99.8, 102.5, 108.2, 109.8, 151.4, 162.0]","['RAIL', 'INSIDE', 'RAIL', 'OUTSIDE', 'INSIDE', 'INSIDE', 'NEAR', 'RAIL', 'INSIDE', 'NEAR', 'INSIDE', 'NEAR', 'OUTSIDE', 'OUTSIDE', 'INSIDE', 'INSIDE', 'OUTSIDE', 'INSIDE', 'INSIDE']","[[0.21, 0.43, 0.29], [1.32, 1.87, 0.19], [0.25, 0.59, 0.43], [0.55, 1.16, 0.03], [0.24, 2.1, 0.02], [0.86, 2.22, 0.06], [0.57, 0.83, 0.05], [0.12, 0.32, 0.67], [1.29, 3.84, 0.42], [2.94, 0.23, 1.9], [0.72, 3.79, 1.39], [0.62, 0.15, 1.19], [1.9, 0.23, 1.51], [1.05, 0.3, 1.73], [0.67, 3.9, 0.83], [0.3, 3.96, 0.0], [0.72, 0.22, 1.74], [3.01, 4.56, 0.64], [2.95, 3.69, 0.35]]","[336, 255, 316, 340, 299, 335, 312, 306, 279, 325, 318, 330, 320, 334, 331, 342, 338, 196, 208]",27.4
707,1788358514548344015,307200,82627,20,18,161.8,"[35.7, 37.6, 46.9, 48.8, 79.1, 82.2, 85.1, 87.7, 89.6, 95.1, 95.2, 99.5, 101.7, 108.0, 109.6, 116.5, 151.2, 161.8]","['RAIL', 'OUTSIDE', 'INSIDE', 'INSIDE', 'RAIL', 'NEAR', 'INSIDE', 'NEAR', 'INSIDE', 'OUTSIDE', 'NEAR', 'OUTSIDE', 'INSIDE', 'INSIDE', 'OUTSIDE', 'INSIDE', 'INSIDE', 'INSIDE']","[[0.19, 0.43, 0.29], [0.57, 1.32, 0.03], [0.2, 1.97, 0.01], [1.1, 2.59, 0.08], [0.19, 0.35, 0.87], [0.76, 0.23, 1.45], [0.23, 3.57, 0.17], [2.13, 0.19, 1.9], [0.41, 3.78, 0.41], [1.71, 0.16, 1.52], [1.06, 0.21, 1.52], [0.82, 0.3, 1.73], [1.27, 4.09, 0.44], [0.33, 3.96, 0.01], [0.76, 0.22, 1.74], [1.37, 4.26, 0.02], [2.98, 4.56, 0.63], [2.94, 3.69, 0.35]]","[336, 340, 299, 335, 306, 296, 279, 325, 318, 320, 330, 334, 331, 342, 338, 346, 196, 208]",23.2
708,1788358514646341432,307200,83790,24,21,161.7,"[23.1, 27.4, 37.5, 49.0, 78.8, 82.7, 83.3, 83.6, 87.0, 89.2, 95.0, 95.0, 99.1, 102.1, 103.5, 108.1, 115.6, 124.9, 135.2, 150.4, 161.7]","['NEAR', 'INSIDE', 'RAIL', 'INSIDE', 'RAIL', 'OUTSIDE', 'INSIDE', 'INSIDE', 'NEAR', 'INSIDE', 'OUTSIDE', 'NEAR', 'OUTSIDE', 'INSIDE', 'INSIDE', 'INSIDE', 'INSIDE', 'INSIDE', 'INSIDE', 'INSIDE', 'INSIDE']","[[3.75, 0.11, 2.13], [1.21, 1.68, 0.23], [1.05, 0.48, 1.08], [0.17, 2.09, 0.01], [0.16, 0.32, 0.66], [0.8, 0.17, 1.46], [0.14, 1.6, 0.0], [3.42, 3.84, 2.25], [1.22, 0.23, 1.89], [0.78, 3.86, 0.81], [1.81, 0.2, 1.65], [1.09, 0.21, 1.52], [1.67, 0.3, 1.58], [0.69, 4.27, 0.82], [0.15, 0.69, 0.19], [0.68, 4.16, 0.68], [2.88, 4.05, 0.5], [3.47, 4.5, 1.1], [8.5, 4.33, 0.67], [1.82, 3.76, 0.62], [3.01, 3.98, 0.35]]","[205, 332, 336, 299, 306, 279, 298, 296, 325, 318, 320, 330, 334, 331, 342, 338, 346, 311, 185, 196, 208]",25.5
709,1788358514747027416,307200,87260,30,23,162.2,"[25.6, 26.4, 26.8, 39.3, 41.5, 44.6, 45.6, 49.0, 78.7, 80.1, 84.8, 86.8, 90.0, 95.2, 99.4, 101.8, 103.3, 104.7, 110.1, 126.3, 138.0, 150.8, 162.2]","['RAIL', 'NEAR', 'INSIDE', 'INSIDE', 'INSIDE', 'INSIDE', 'INSIDE', 'INSIDE', 'RAIL', 'INSIDE', 'INSIDE', 'INSIDE', 'INSIDE', 'NEAR', 'OUTSIDE', 'INSIDE', 'INSIDE', 'INSIDE', 'INSIDE', 'INSIDE', 'INSIDE', 'INSIDE', 'INSIDE']","[[1.41, 0.39, 0.87], [1.76, 1.18, 0.35], [0.35, 1.91, 0.02], [1.04, 2.46, 0.1], [0.36, 2.33, 0.02], [0.35, 2.46, 0.02], [0.11, 0.98, 0.01], [0.06, 2.32, 0.0], [0.16, 0.27, 0.66], [0.51, 3.81, 0.35], [0.24, 3.68, 0.17], [1.1, 3.78, 2.29], [1.81, 4.14, 1.42], [0.54, 0.21, 1.7], [0.8, 0.35, 1.29], [0.26, 3.59, 0.19], [0.12, 1.62, 0.0], [0.11, 2.72, 0.65], [0.11, 2.11, 0.0], [8.96, 4.51, 1.66], [2.75, 4.31, 0.36], [2.93, 4.55, 0.63], [4.33, 3.97, 0.36]]","[336, 255, 340, 205, 333, 341, 312, 305, 306, 300, 298, 325, 318, 330, 334, 331, 342, 338, 346, 311, 185, 196, 208]",20.3
710,1788358514848525906,307200,89798,30,23,160.1,"[24.3, 24.4, 25.3, 39.1, 39.9, 41.3, 44.5, 45.4, 48.7, 84.0, 86.6, 89.2, 90.7, 94.6, 95.0, 99.3, 101.6, 103.1, 109.1, 126.0, 134.9, 150.6, 160.1]","['INSIDE', 'RAIL', 'INSIDE', 'RAIL', 'INSIDE', 'INSIDE', 'INSIDE', 'INSIDE', 'INSIDE', 'INSIDE', 'NEAR', 'INSIDE', 'NEAR', 'OUTSIDE', 'NEAR', 'OUTSIDE', 'INSIDE', 'INSIDE', 'OUTSIDE', 'INSIDE', 'INSIDE', 'INSIDE', 'INSIDE']","[[0.87, 1.58, 0.2], [1.65, 0.64, 1.07], [0.12, 1.86, 0.02], [0.38, 0.45, 1.14], [0.31, 2.06, 0.02], [0.45, 2.01, 0.02], [0.45, 2.18, 0.03], [0.08, 2.31, 0.0], [0.3, 0.83, 0.02], [1.44, 3.67, 0.42], [1.19, 0.22, 1.53], [0.64, 3.77, 1.38], [0.51, 0.21, 0.81], [1.75, 0.17, 1.5], [0.5, 0.21, 1.52], [0.86, 0.35, 1.29], [0.43, 3.94, 0.41], [0.17, 1.26, 0.19], [0.78, 0.19, 1.73], [6.36, 4.59, 0.85], [8.57, 4.33, 0.68], [2.96, 4.54, 0.63], [5.32, 4.24, 0.35]]","[332, 336, 312, 316, 340, 333, 341, 305, 299, 298, 325, 318, 330, 320, 334, 331, 342, 338, 346, 311, 185, 196, 208]",20.1
711,1788358514957250174,307200,89732,23,18,161.1,"[23.8, 24.8, 27.4, 31.7, 41.1, 45.1, 81.5, 85.7, 88.9, 89.9, 94.4, 94.9, 99.1, 101.5, 102.9, 109.8, 150.5, 161.1]","['OUTSIDE', 'INSIDE', 'INSIDE', 'INSIDE', 'INSIDE', 'INSIDE', 'NEAR', 'INSIDE', 'INSIDE', 'INSIDE', 'OUTSIDE', 'NEAR', 'OUTSIDE', 'INSIDE', 'INSIDE', 'INSIDE', 'INSIDE', 'INSIDE']","[[1.46, 0.21, 0.44], [0.04, 1.66, 0.0], [0.71, 2.45, 0.07], [0.25, 2.68, 0.01], [0.06, 2.15, 0.0], [0.83, 1.44, 0.06], [0.77, 0.23, 1.27], [2.68, 4.1, 2.28], [0.43, 3.58, 0.25], [2.01, 3.78, 2.21], [1.69, 0.19, 1.49], [0.26, 0.21, 1.66], [0.84, 0.35, 0.88], [0.34, 4.26, 0.82], [0.08, 1.26, 0.0], [0.1, 1.34, 0.0], [2.91, 4.54, 0.63], [2.98, 3.96, 0.35]]","[255, 332, 312, 340, 305, 344, 296, 298, 318, 337, 320, 334, 331, 342, 338, 346, 196, 208]",25.6
712,1788358515047443266,307200,89383,21,18,160.9,"[32.2, 33.7, 37.5, 44.9, 46.2, 85.0, 86.7, 88.2, 90.4, 94.1, 94.7, 98.9, 101.5, 102.8, 125.7, 137.9, 149.7, 160.9]","['INSIDE', 'INSIDE', 'INSIDE', 'INSIDE', 'INSIDE', 'INSIDE', 'NEAR', 'INSIDE', 'INSIDE', 'OUTSIDE', 'NEAR', 'OUTSIDE', 'INSIDE', 'INSIDE', 'INSIDE', 'INSIDE', 'INSIDE', 'INSIDE']","[[0.15, 2.98, 0.01], [0.18, 2.09, 0.01], [0.18, 0.81, 0.01], [1.27, 2.32, 0.09], [0.56, 0.95, 0.05], [1.47, 3.87, 0.41], [2.05, 0.22, 1.73], [1.84, 3.86, 1.38], [0.47, 3.97, 1.98], [2.0, 0.24, 1.63], [0.28, 0.21, 1.51], [0.89, 0.35, 0.88], [0.77, 4.25, 0.82], [0.11, 1.26, 0.19], [6.46, 4.57, 1.46], [3.89, 3.84, 0.92], [1.81, 4.53, 0.62], [2.91, 3.66, 0.35]]","[340, 341, 333, 344, 335, 298, 325, 318, 337, 320, 334, 331, 342, 338, 311, 185, 196, 208]",28.0
713,1788358515140763912,307200,89231,28,21,160.7,"[24.5, 35.6, 36.0, 37.4, 37.5, 81.1, 83.5, 85.6, 87.0, 88.0, 90.1, 90.2, 94.6, 98.7, 101.3, 102.6, 109.4, 126.2, 137.6, 150.1, 160.7]","['OUTSIDE', 'NEAR', 'INSIDE', 'INSIDE', 'OUTSIDE', 'NEAR', 'INSIDE', 'INSIDE', 'NEAR', 'INSIDE', 'INSIDE', 'NEAR', 'NEAR', 'OUTSIDE', 'INSIDE', 'INSIDE', 'INSIDE', 'INSIDE', 'INSIDE', 'INSIDE', 'INSIDE']","[[0.21, 0.05, 1.89], [1.61, 0.79, 0.11], [0.3, 2.48, 0.02], [0.73, 0.87, 0.05], [0.82, 1.36, 1.53], [0.72, 0.23, 0.54], [1.42, 4.04, 1.31], [0.06, 3.14, 0.0], [2.95, 0.1, 1.73], [1.72, 3.85, 1.37], [0.03, 2.52, 0.0], [0.51, 0.21, 1.57], [0.22, 0.22, 1.51], [0.83, 0.35, 0.88], [0.78, 4.25, 0.82], [0.1, 1.43, 0.0], [0.08, 1.53, 0.0], [7.75, 4.71, 1.11], [3.76, 4.22, 0.36], [2.95, 4.53, 0.63], [3.0, 3.94, 0.35]]","[341, 335, 299, 344, 316, 296, 298, 325, 318, 337, 330, 334, 320, 331, 342, 338, 346, 311, 185, 196, 208]",23.3
714,1788358515245276159,307200,88972,24,20,161.2,"[24.5, 29.1, 37.4, 39.5, 47.8, 80.9, 82.6, 83.9, 85.9, 89.5, 91.4, 94.4, 98.5, 101.2, 102.4, 107.9, 125.3, 136.3, 149.9, 161.2]","['RAIL', 'INSIDE', 'NEAR', 'INSIDE', 'OUTSIDE', 'NEAR', 'NEAR', 'INSIDE', 'INSIDE', 'INSIDE', 'INSIDE', 'NEAR', 'OUTSIDE', 'INSIDE', 'INSIDE', 'INSIDE', 'INSIDE', 'INSIDE', 'INSIDE', 'INSIDE']","[[1.03, 0.42, 0.42], [0.17, 1.18, 0.01], [0.31, 0.84, 0.02], [0.55, 1.4, 0.04], [1.02, 1.42, 1.1], [0.79, 0.22, 0.9], [1.11, 0.13, 1.64], [0.23, 3.55, 0.74], [1.32, 3.79, 2.26], [0.09, 2.39, 0.0], [3.66, 4.22, 1.97], [0.23, 0.18, 1.68], [0.84, 0.35, 0.88], [0.61, 0.85, 0.81], [0.13, 1.97, 0.0], [2.82, 4.16, 1.74], [9.09, 4.71, 1.12], [1.44, 4.51, 0.01], [3.03, 4.52, 0.63], [4.33, 4.23, 0.36]]","[336, 299, 305, 205, 316, 296, 298, 325, 318, 330, 337, 320, 331, 338, 342, 346, 311, 185, 196, 208]",20.9
715,1788358515349068267,307200,88904,27,21,161.0,"[24.1, 24.3, 24.6, 25.5, 29.1, 37.2, 37.3, 41.5, 80.7, 85.1, 87.6, 89.1, 89.6, 91.2, 98.3, 102.2, 108.4, 125.8, 137.3, 149.7, 161.0]","['OUTSIDE', 'NEAR', 'INSIDE', 'INSIDE', 'INSIDE', 'NEAR', 'INSIDE', 'NEAR', 'NEAR', 'INSIDE', 'OUTSIDE', 'INSIDE', 'RAIL', 'INSIDE', 'OUTSIDE', 'INSIDE', 'INSIDE', 'INSIDE', 'INSIDE', 'INSIDE', 'INSIDE']","[[0.11, 0.06, 1.72], [1.25, 0.93, 0.24], [0.28, 1.25, 0.44], [0.47, 0.77, 0.2], [0.16, 1.17, 0.01], [0.29, 1.15, 0.02], [0.77, 1.49, 0.06], [0.31, 0.84, 0.03], [0.77, 0.22, 0.9], [2.63, 4.26, 1.91], [0.57, 0.48, 0.72], [1.3, 4.11, 0.8], [3.03, 0.17, 0.36], [0.07, 1.91, 0.0], [0.84, 0.35, 0.87], [0.1, 1.43, 0.0], [1.23, 3.97, 1.74], [7.76, 4.7, 1.1], [3.87, 4.3, 0.92], [2.97, 4.51, 0.63], [4.29, 4.22, 0.36]]","[341, 312, 255, 332, 299, 305, 205, 316, 296, 318, 337, 330, 334, 320, 331, 342, 346, 311, 185, 196, 208]",21.9
716,1788358515447763437,307200,88838,31,24,160.1,"[23.4, 25.3, 25.4, 29.4, 31.0, 41.3, 44.3, 45.3, 45.6, 77.3, 80.1, 83.6, 84.9, 89.6, 91.0, 94.0, 98.1, 101.9, 103.2, 107.6, 125.6, 135.9, 149.5, 160.1]","['OUTSIDE', 'RAIL', 'INSIDE', 'RAIL', 'INSIDE', 'NEAR', 'INSIDE', 'INSIDE', 'INSIDE', 'RAIL', 'INSIDE', 'INSIDE', 'INSIDE', 'INSIDE', 'INSIDE', 'NEAR', 'OUTSIDE', 'INSIDE', 'INSIDE', 'INSIDE', 'INSIDE', 'INSIDE', 'INSIDE', 'INSIDE']","[[0.18, 0.19, 0.43], [0.48, 0.31, 1.1], [0.62, 1.92, 0.04], [0.26, 0.59, 0.4], [0.09, 1.08, 0.01], [0.28, 1.15, 0.02], [0.36, 2.0, 0.02], [0.61, 0.96, 0.03], [1.37, 1.59, 0.12], [0.14, 0.23, 0.65], [3.35, 4.04, 2.32], [0.1, 3.21, 0.0], [0.24, 3.9, 0.56], [0.43, 4.09, 1.97], [0.03, 1.91, 0.0], [0.14, 0.22, 1.5], [0.9, 0.35, 0.87], [0.13, 1.96, 0.0], [0.33, 3.42, 1.54], [2.47, 3.96, 1.73], [7.77, 4.67, 1.45], [1.41, 3.79, 0.01], [2.96, 4.51, 0.63], [2.94, 2.81, 0.35]]","[255, 316, 340, 332, 205, 305, 333, 336, 312, 306, 300, 325, 318, 330, 320, 334, 331, 342, 338, 346, 311, 185, 196, 208]",21.5
717,1788358515572117064,307200,88728,19,17,160.6,"[31.9, 37.5, 39.7, 39.7, 47.1, 77.1, 80.4, 85.3, 89.2, 90.4, 93.8, 97.9, 100.6, 103.0, 107.3, 149.3, 160.6]","['RAIL', 'OUTSIDE', 'INSIDE', 'INSIDE', 'INSIDE', 'RAIL', 'INSIDE', 'INSIDE', 'INSIDE', 'INSIDE', 'NEAR', 'OUTSIDE', 'INSIDE', 'INSIDE', 'INSIDE', 'INSIDE', 'INSIDE']","[[1.3, 0.62, 0.74], [1.01, 0.74, 0.06], [0.16, 1.58, 0.01], [0.88, 1.25, 0.05], [1.23, 2.21, 0.1], [0.2, 0.35, 1.05], [4.4, 4.03, 2.31], [1.05, 3.76, 1.66], [0.19, 4.08, 0.79], [0.73, 3.82, 1.41], [0.26, 0.2, 1.5], [0.82, 0.34, 1.27], [0.7, 2.12, 0.81], [0.31, 3.95, 1.54], [2.83, 4.14, 1.73], [3.01, 4.5, 0.63], [4.4, 4.23, 0.36]]","[336, 305, 299, 341, 205, 306, 300, 318, 330, 320, 334, 331, 342, 338, 346, 196, 208]",20.2
718,1788358515653629159,307200,89039,25,21,160.4,"[31.9, 36.5, 37.4, 39.1, 39.6, 39.8, 76.9, 80.0, 81.3, 86.0, 87.4, 89.0, 90.2, 93.6, 97.7, 100.3, 102.8, 107.8, 128.7, 149.0, 160.4]","['OUTSIDE', 'INSIDE', 'INSIDE', 'INSIDE', 'NEAR', 'NEAR', 'RAIL', 'NEAR', 'RAIL', 'INSIDE', 'INSIDE', 'INSIDE', 'INSIDE', 'NEAR', 'OUTSIDE', 'INSIDE', 'INSIDE', 'INSIDE', 'INSIDE', 'INSIDE', 'INSIDE']","[[0.19, 0.08, 1.84], [0.27, 2.22, 0.02], [0.61, 1.4, 0.04], [0.9, 0.83, 0.05], [0.19, 0.82, 0.01], [0.48, 0.98, 0.04], [0.19, 0.27, 1.05], [0.73, 0.22, 0.89], [0.13, 0.08, 1.11], [0.03, 1.8, 0.0], [0.27, 4.19, 0.79], [6.12, 4.27, 2.25], [0.69, 3.81, 1.41], [0.27, 0.22, 1.23], [0.8, 0.35, 0.87], [0.64, 2.07, 0.81], [0.32, 3.76, 1.54], [1.27, 4.13, 1.73], [14.92, 4.66, 1.1], [3.0, 4.49, 0.63], [4.37, 4.2, 0.36]]","[335, 299, 305, 341, 344, 205, 306, 296, 298, 318, 330, 337, 320, 334, 331, 342, 338, 346, 311, 196, 208]",21.3
719,1788358515759959172,307200,89798,23,18,159.4,"[20.9, 24.6, 24.8, 31.1, 34.8, 35.1, 37.3, 39.6, 81.3, 85.7, 88.7, 90.3, 97.5, 100.2, 101.3, 107.6, 148.8, 159.4]","['INSIDE', 'OUTSIDE', 'INSIDE', 'INSIDE', 'INSIDE', 'INSIDE', 'INSIDE', 'INSIDE', 'INSIDE', 'INSIDE', 'INSIDE', 'INSIDE', 'OUTSIDE', 'INSIDE', 'INSIDE', 'INSIDE', 'INSIDE', 'INSIDE']","[[1.35, 1.69, 0.23], [1.35, 0.71, 0.26], [0.92, 2.08, 0.1], [0.25, 1.09, 0.02], [0.31, 2.6, 0.02], [0.69, 2.22, 0.04], [0.11, 1.19, 0.01], [0.52, 1.49, 0.04], [3.63, 2.32, 2.3], [2.88, 3.89, 2.24], [0.25, 3.53, 1.38], [0.08, 3.31, 0.0], [0.93, 0.35, 1.27], [0.74, 0.85, 0.81], [0.12, 3.91, 0.42], [1.27, 4.12, 1.72], [2.92, 4.49, 0.62], [2.94, 3.92, 0.35]]","[255, 332, 316, 335, 299, 305, 205, 344, 300, 318, 330, 320, 331, 342, 338, 346, 196, 208]",22.7
720,1788358515842415929,307200,90119,20,14,159.2,"[24.0, 26.5, 26.9, 30.9, 35.5, 36.0, 80.9, 86.4, 90.1, 97.3, 99.7, 107.3, 148.6, 159.2]","['OUTSIDE', 'INSIDE', 'INSIDE', 'INSIDE', 'NEAR', 'INSIDE', 'NEAR', 'INSIDE', 'INSIDE', 'OUTSIDE', 'INSIDE', 'INSIDE', 'INSIDE', 'INSIDE']","[[0.25, 0.05, 1.5], [0.84, 1.98, 0.25], [0.1, 1.73, 0.01], [0.3, 1.12, 0.02], [0.21, 0.83, 0.02], [1.15, 1.64, 0.11], [3.34, 0.29, 2.29], [5.18, 4.26, 2.27], [0.08, 3.14, 0.0], [0.92, 0.35, 1.27], [0.36, 1.24, 0.61], [1.24, 3.93, 1.72], [2.94, 4.48, 0.62], [2.96, 4.19, 0.35]]","[335, 332, 205, 344, 316, 312, 298, 318, 320, 331, 342, 346, 196, 208]",23.5
721,1788358515958154662,307200,90389,21,16,159.7,"[26.3, 28.4, 30.9, 35.1, 37.3, 43.3, 76.2, 80.8, 83.9, 85.2, 88.6, 96.9, 99.5, 107.1, 148.3, 159.7]","['INSIDE', 'NEAR', 'INSIDE', 'INSIDE', 'INSIDE', 'INSIDE', 'RAIL', 'NEAR', 'INSIDE', 'INSIDE', 'INSIDE', 'OUTSIDE', 'INSIDE', 'INSIDE', 'INSIDE', 'INSIDE']","[[2.16, 2.73, 2.54], [1.76, 1.13, 0.34], [0.62, 2.82, 0.04], [0.06, 1.43, 0.0], [0.28, 2.48, 0.03], [0.18, 1.3, 0.02], [0.18, 0.34, 1.04], [3.74, 0.34, 1.96], [0.09, 3.07, 0.0], [0.25, 3.86, 0.18], [5.51, 4.23, 2.22], [0.73, 0.51, 1.26], [0.29, 2.06, 0.41], [1.27, 4.11, 1.72], [3.02, 4.47, 0.62], [4.31, 4.22, 0.35]]","[333, 332, 344, 299, 312, 205, 306, 298, 325, 318, 330, 331, 342, 346, 196, 208]",21.1
722,1788358516048243095,307200,90564,23,18,159.4,"[28.3, 35.0, 42.3, 43.4, 45.2, 46.7, 75.9, 80.5, 82.5, 84.8, 87.6, 88.5, 89.6, 96.7, 99.3, 107.1, 148.1, 159.4]","['INSIDE', 'RAIL', 'OUTSIDE', 'INSIDE', 'INSIDE', 'INSIDE', 'RAIL', 'INSIDE', 'INSIDE', 'INSIDE', 'OUTSIDE', 'NEAR', 'INSIDE', 'OUTSIDE', 'INSIDE', 'INSIDE', 'INSIDE', 'INSIDE']","[[2.84, 2.56, 2.54], [0.71, 0.19, 0.66], [0.06, 1.47, 0.01], [0.43, 2.81, 0.03], [0.13, 1.58, 0.01], [0.29, 2.48, 0.03], [0.15, 0.34, 1.04], [0.05, 3.84, 0.34], [4.2, 3.21, 2.21], [0.61, 3.89, 0.56], [2.63, 0.5, 1.1], [2.04, 0.14, 1.39], [0.09, 3.6, 0.0], [0.8, 0.5, 1.26], [0.54, 4.01, 0.61], [1.53, 4.1, 1.71], [3.09, 4.46, 0.62], [4.44, 3.9, 0.35]]","[333, 349, 340, 344, 336, 312, 306, 300, 325, 318, 337, 330, 320, 331, 342, 346, 196, 208]",19.1
723,1788358516144163994,307200,90468,25,23,159.1,"[22.5, 22.7, 31.7, 34.9, 39.0, 39.6, 41.1, 42.5, 45.1, 46.4, 74.6, 80.3, 81.2, 84.0, 87.9, 89.4, 96.4, 98.8, 101.5, 106.8, 114.4, 147.8, 159.1]","['INSIDE', 'OUTSIDE', 'INSIDE', 'INSIDE', 'NEAR', 'INSIDE', 'INSIDE', 'NEAR', 'INSIDE', 'NEAR', 'INSIDE', 'INSIDE', 'RAIL', 'INSIDE', 'NEAR', 'INSIDE', 'OUTSIDE', 'INSIDE', 'INSIDE', 'INSIDE', 'INSIDE', 'INSIDE', 'INSIDE']","[[0.61, 2.49, 0.23], [4.18, 1.47, 2.51], [0.23, 2.8, 0.01], [0.21, 1.26, 0.01], [0.06, 1.29, 0.01], [0.37, 1.93, 0.02], [0.18, 2.59, 0.01], [0.69, 0.84, 0.24], [0.47, 1.76, 0.03], [0.54, 0.98, 0.04], [2.29, 2.8, 2.13], [0.14, 3.83, 0.34], [1.99, 0.12, 0.89], [4.54, 4.3, 2.25], [0.56, 0.05, 1.33], [6.68, 4.26, 1.99], [0.65, 0.5, 1.26], [0.07, 3.62, 0.0], [0.59, 4.05, 1.52], [1.53, 4.09, 1.71], [1.22, 3.58, 0.02], [2.99, 4.46, 0.62], [4.29, 3.89, 0.35]]","[255, 333, 344, 336, 305, 341, 340, 316, 299, 205, 306, 300, 298, 318, 330, 320, 331, 342, 338, 346, 354, 196, 208]",20.8
724,1788358516247629849,307200,90598,23,20,160.4,"[22.4, 31.9, 34.9, 38.9, 39.7, 40.8, 45.2, 46.1, 74.1, 80.0, 82.9, 84.5, 88.2, 96.2, 98.8, 106.6, 114.1, 129.0, 147.6, 160.4]","['INSIDE', 'INSIDE', 'INSIDE', 'RAIL', 'OUTSIDE', 'INSIDE', 'INSIDE', 'INSIDE', 'INSIDE', 'INSIDE', 'INSIDE', 'INSIDE', 'INSIDE', 'OUTSIDE', 'INSIDE', 'INSIDE', 'INSIDE', 'INSIDE', 'INSIDE', 'INSIDE']","[[0.6, 2.91, 0.04], [0.54, 2.06, 0.03], [0.45, 2.09, 0.02], [0.3, 0.05, 0.25], [0.14, 1.29, 0.01], [0.81, 2.23, 0.06], [0.06, 2.14, 0.0], [0.62, 2.02, 0.03], [0.18, 1.94, 0.0], [0.11, 3.82, 0.34], [0.29, 4.0, 0.56], [6.08, 2.32, 2.21], [4.84, 4.15, 1.85], [0.84, 0.5, 1.25], [0.53, 3.99, 0.61], [1.44, 4.12, 1.7], [1.3, 2.98, 0.02], [14.23, 4.71, 1.44], [2.98, 4.45, 0.62], [1.49, 3.34, 0.01]]","[344, 336, 341, 316, 340, 205, 299, 305, 306, 300, 318, 325, 320, 331, 342, 346, 354, 311, 196, 208]",20.0
725,1788358516348582321,307200,90269,24,19,157.9,"[26.4, 28.8, 30.3, 38.9, 39.5, 40.5, 43.8, 73.9, 81.2, 83.5, 87.8, 88.9, 96.4, 98.3, 106.3, 113.8, 129.2, 147.3, 157.9]","['RAIL', 'INSIDE', 'INSIDE', 'NEAR', 'INSIDE', 'INSIDE', 'OUTSIDE', 'INSIDE', 'RAIL', 'INSIDE', 'NEAR', 'INSIDE', 'OUTSIDE', 'INSIDE', 'INSIDE', 'INSIDE', 'INSIDE', 'INSIDE', 'INSIDE']","[[0.38, 0.33, 0.78], [0.31, 2.49, 0.02], [1.0, 0.43, 0.09], [0.19, 1.1, 0.02], [0.16, 2.03, 0.35], [0.4, 1.37, 0.04], [0.81, 0.8, 0.05], [0.16, 2.06, 0.0], [2.97, 0.18, 0.89], [1.68, 4.29, 0.93], [1.98, 0.13, 1.73], [2.81, 4.14, 1.42], [1.82, 0.5, 1.25], [0.11, 3.78, 0.0], [1.64, 4.11, 1.7], [1.42, 4.15, 0.02], [13.41, 4.6, 0.82], [2.99, 4.44, 0.62], [2.96, 4.16, 0.34]]","[349, 341, 205, 312, 299, 332, 305, 306, 298, 318, 330, 320, 331, 342, 346, 354, 311, 196, 208]",19.2
726,1788358516444455061,307200,90258,21,19,157.7,"[21.7, 22.1, 26.3, 28.1, 29.0, 33.5, 40.2, 81.7, 85.5, 87.0, 89.5, 95.6, 98.1, 100.7, 106.0, 113.1, 129.4, 147.8, 157.7]","['RAIL', 'INSIDE', 'INSIDE', 'INSIDE', 'INSIDE', 'OUTSIDE', 'OUTSIDE', 'INSIDE', 'OUTSIDE', 'NEAR', 'INSIDE', 'OUTSIDE', 'INSIDE', 'INSIDE', 'INSIDE', 'INSIDE', 'INSIDE', 'INSIDE', 'INSIDE']","[[0.41, 0.13, 0.63], [0.76, 2.75, 0.31], [2.1, 2.76, 0.22], [0.44, 1.67, 0.21], [0.1, 1.05, 0.01], [1.7, 1.33, 0.43], [0.12, 1.26, 0.01], [4.74, 4.28, 2.29], [0.59, 0.35, 0.69], [0.91, 0.05, 1.73], [4.93, 4.04, 2.2], [0.64, 0.38, 1.25], [0.11, 3.77, 0.0], [0.43, 4.24, 0.63], [1.71, 4.28, 1.7], [2.26, 3.94, 0.03], [14.59, 4.69, 1.43], [4.5, 4.43, 1.03], [2.98, 4.41, 0.34]]","[255, 312, 205, 332, 344, 316, 299, 325, 337, 330, 320, 331, 342, 338, 346, 354, 311, 196, 208]",22.4
727,1788358516547040363,307200,90170,18,15,157.4,"[46.7, 49.3, 74.7, 80.4, 84.6, 86.8, 88.0, 95.3, 97.8, 100.4, 105.8, 113.3, 129.2, 147.6, 157.4]","['RAIL', 'INSIDE', 'RAIL', 'INSIDE', 'INSIDE', 'NEAR', 'INSIDE', 'OUTSIDE', 'INSIDE', 'INSIDE', 'INSIDE', 'INSIDE', 'INSIDE', 'INSIDE', 'INSIDE']","[[0.24, 0.26, 0.22], [0.04, 2.94, 0.01], [0.24, 0.34, 1.02], [5.86, 3.91, 2.28], [2.12, 4.0, 0.55], [0.74, 0.06, 1.38], [0.77, 3.97, 0.8], [0.53, 0.33, 1.24], [0.09, 3.41, 0.0], [0.63, 4.33, 1.5], [1.56, 4.27, 1.69], [1.34, 3.35, 0.02], [14.48, 4.54, 1.03], [4.52, 4.65, 1.03], [3.04, 4.41, 0.34]]","[340, 336, 306, 300, 318, 330, 320, 331, 342, 338, 346, 354, 311, 196, 208]",22.7
728,1788358516651441812,307200,89976,18,13,166.5,"[49.2, 81.6, 84.1, 87.0, 87.5, 94.5, 97.5, 105.8, 113.7, 128.4, 146.5, 157.8, 166.5]","['RAIL', 'NEAR', 'INSIDE', 'INSIDE', 'NEAR', 'OUTSIDE', 'INSIDE', 'INSIDE', 'INSIDE', 'INSIDE', 'INSIDE', 'INSIDE', 'INSIDE']","[[0.71, 0.44, 0.44], [2.76, 0.21, 2.17], [1.21, 3.99, 0.54], [1.34, 2.87, 1.37], [1.82, 0.18, 1.5], [1.48, 0.5, 1.65], [0.12, 3.75, 0.0], [1.17, 3.83, 1.69], [0.16, 2.97, 0.0], [13.34, 4.67, 1.43], [2.99, 4.64, 0.62], [4.34, 4.15, 0.35], [0.06, 2.33, 0.0]]","[340, 298, 318, 320, 330, 331, 342, 346, 354, 311, 196, 208, 356]",24.9
729,1788358516761811685,307200,89673,23,19,165.6,"[24.5, 24.8, 28.6, 35.9, 38.4, 39.3, 44.4, 81.1, 83.8, 86.8, 87.1, 94.8, 97.2, 105.5, 112.8, 128.6, 147.0, 156.8, 165.6]","['NEAR', 'INSIDE', 'INSIDE', 'INSIDE', 'INSIDE', 'OUTSIDE', 'INSIDE', 'NEAR', 'INSIDE', 'NEAR', 'INSIDE', 'OUTSIDE', 'INSIDE', 'INSIDE', 'INSIDE', 'INSIDE', 'INSIDE', 'INSIDE', 'INSIDE']","[[1.11, 1.24, 0.31], [0.59, 2.47, 0.03], [1.18, 2.58, 0.28], [0.47, 1.37, 0.03], [0.57, 1.65, 0.23], [0.44, 1.38, 0.61], [0.15, 1.74, 0.01], [3.18, 0.22, 2.17], [1.36, 3.97, 0.54], [1.8, 0.13, 1.37], [1.44, 3.82, 2.15], [0.61, 0.33, 1.24], [0.1, 3.73, 0.0], [1.24, 4.25, 1.68], [1.29, 3.92, 0.02], [14.58, 4.67, 1.02], [4.51, 4.63, 1.01], [3.01, 4.39, 0.34], [1.37, 4.32, 0.47]]","[332, 333, 205, 341, 316, 305, 299, 298, 318, 330, 320, 331, 342, 346, 354, 311, 196, 208, 356]",27.2
730,1788358516845284735,307200,89798,21,17,165.3,"[28.7, 29.0, 34.4, 38.6, 45.0, 48.4, 80.8, 83.5, 87.5, 94.0, 96.9, 105.0, 112.5, 128.4, 146.7, 156.6, 165.3]","['RAIL', 'OUTSIDE', 'INSIDE', 'INSIDE', 'INSIDE', 'INSIDE', 'NEAR', 'INSIDE', 'INSIDE', 'OUTSIDE', 'INSIDE', 'INSIDE', 'INSIDE', 'INSIDE', 'INSIDE', 'INSIDE', 'INSIDE']","[[0.17, 0.25, 0.1], [0.49, 1.59, 0.03], [0.82, 0.35, 0.21], [0.44, 2.04, 0.03], [0.39, 0.81, 0.03], [0.91, 2.13, 0.05], [3.19, 0.22, 2.16], [1.33, 3.81, 0.37], [0.11, 3.67, 0.0], [1.58, 0.25, 1.5], [0.09, 3.55, 0.0], [1.74, 4.06, 1.68], [1.33, 3.52, 0.02], [14.62, 4.65, 1.02], [4.45, 4.63, 1.02], [3.0, 4.38, 0.34], [1.47, 4.31, 0.47]]","[340, 336, 312, 344, 205, 299, 298, 318, 320, 331, 342, 346, 354, 311, 196, 208, 356]",22.7
731,1788358516964436974,307200,89752,19,15,165.6,"[39.2, 43.2, 81.0, 83.1, 86.2, 90.1, 93.7, 96.1, 98.9, 104.7, 112.8, 127.5, 145.6, 156.3, 165.6]","['RAIL', 'INSIDE', 'NEAR', 'INSIDE', 'NEAR', 'INSIDE', 'OUTSIDE', 'INSIDE', 'OUTSIDE', 'INSIDE', 'INSIDE', 'INSIDE', 'INSIDE', 'INSIDE', 'INSIDE']","[[0.37, 0.55, 0.68], [0.16, 2.61, 0.01], [2.07, 0.21, 1.43], [2.13, 3.96, 0.93], [1.81, 0.08, 0.98], [0.07, 1.1, 0.0], [1.5, 0.33, 1.64], [1.1, 3.88, 0.41], [1.42, 0.17, 0.87], [0.89, 4.01, 1.68], [0.11, 2.16, 0.0], [13.34, 4.7, 0.83], [3.03, 4.39, 0.61], [2.99, 4.38, 0.34], [0.1, 2.31, 0.0]]","[349, 341, 298, 318, 330, 320, 331, 342, 338, 346, 354, 311, 196, 208, 356]",22.3
732,1788358517047863619,307200,89498,18,15,156.0,"[19.9, 24.0, 29.8, 33.4, 39.9, 42.9, 47.9, 81.5, 93.3, 96.3, 104.6, 111.9, 127.2, 145.3, 156.0]","['RAIL', 'RAIL', 'INSIDE', 'OUTSIDE', 'RAIL', 'INSIDE', 'OUTSIDE', 'INSIDE', 'OUTSIDE', 'INSIDE', 'INSIDE', 'INSIDE', 'INSIDE', 'INSIDE', 'INSIDE']","[[0.49, 0.49, 0.62], [0.51, 0.51, 0.84], [1.0, 1.8, 0.3], [1.17, 0.34, 0.29], [0.57, 0.06, 0.81], [0.14, 2.22, 0.01], [0.16, 1.11, 0.01], [4.75, 4.21, 2.21], [1.64, 0.25, 1.63], [0.06, 3.87, 0.0], [1.25, 3.99, 1.67], [1.18, 4.11, 0.98], [13.29, 4.64, 0.81], [2.96, 4.61, 0.61], [3.0, 4.37, 0.34]]","[340, 349, 332, 312, 316, 344, 299, 325, 331, 342, 346, 354, 311, 196, 208]",29.1
733,1788358517160897402,307200,89353,16,14,164.8,"[23.7, 31.2, 31.9, 40.7, 80.2, 82.8, 93.6, 96.0, 104.1, 111.6, 127.5, 147.6, 154.4, 164.8]","['OUTSIDE', 'OUTSIDE', 'INSIDE', 'INSIDE', 'NEAR', 'INSIDE', 'OUTSIDE', 'INSIDE', 'INSIDE', 'INSIDE', 'INSIDE', 'INSIDE', 'INSIDE', 'OUTSIDE']","[[0.84, 0.46, 0.28], [1.4, 0.61, 0.11], [0.56, 1.41, 0.03], [0.23, 1.42, 0.02], [2.7, 0.22, 1.89], [1.48, 4.2, 2.0], [0.56, 0.33, 0.4], [0.09, 3.86, 0.0], [0.89, 4.16, 1.66], [1.36, 2.91, 0.02], [14.57, 4.7, 1.03], [8.25, 4.63, 1.01], [5.35, 4.36, 0.34], [0.59, 2.28, 0.47]]","[332, 312, 341, 352, 298, 318, 331, 342, 346, 354, 311, 196, 208, 356]",28.1
734,1788358517239101476,307200,89134,29,24,164.0,"[26.1, 28.5, 29.5, 31.7, 32.3, 34.8, 38.5, 40.6, 43.6, 45.0, 47.2, 80.7, 82.4, 85.4, 89.4, 93.0, 95.7, 97.8, 104.4, 112.6, 126.7, 144.7, 156.0, 164.0]","['RAIL', 'INSIDE', 'OUTSIDE', 'INSIDE', 'INSIDE', 'INSIDE', 'INSIDE', 'INSIDE', 'INSIDE', 'INSIDE', 'INSIDE', 'NEAR', 'INSIDE', 'OUTSIDE', 'INSIDE', 'OUTSIDE', 'INSIDE', 'NEAR', 'INSIDE', 'INSIDE', 'INSIDE', 'INSIDE', 'INSIDE', 'INSIDE']","[[0.21, 0.17, 0.21], [1.59, 2.25, 0.29], [1.79, 0.61, 0.15], [2.18, 2.53, 0.17], [0.2, 2.35, 0.01], [0.67, 1.83, 0.05], [0.21, 2.44, 0.01], [0.22, 1.99, 0.01], [1.19, 0.3, 0.21], [0.24, 1.44, 0.02], [0.44, 2.14, 0.03], [1.17, 0.2, 1.96], [1.71, 4.13, 0.92], [1.11, 0.18, 0.95], [0.39, 4.05, 1.96], [0.91, 0.24, 1.62], [0.07, 4.01, 0.0], [1.17, 0.32, 0.78], [1.96, 4.15, 1.68], [1.58, 3.56, 0.24], [13.12, 4.69, 0.82], [3.0, 4.61, 0.61], [4.41, 4.36, 0.35], [1.33, 3.72, 0.0]]","[340, 332, 205, 312, 333, 344, 336, 341, 352, 305, 299, 298, 318, 337, 320, 331, 342, 338, 346, 358, 311, 196, 208, 356]",22.1
735,1788358517361053851,307200,88719,24,20,155.0,"[25.2, 31.4, 32.1, 34.9, 39.0, 40.2, 43.5, 46.0, 46.9, 81.5, 82.2, 84.9, 92.4, 95.4, 104.0, 111.6, 114.1, 126.5, 144.4, 155.0]","['RAIL', 'OUTSIDE', 'OUTSIDE', 'OUTSIDE', 'INSIDE', 'INSIDE', 'INSIDE', 'INSIDE', 'INSIDE', 'INSIDE', 'INSIDE', 'OUTSIDE', 'OUTSIDE', 'INSIDE', 'INSIDE', 'INSIDE', 'INSIDE', 'INSIDE', 'INSIDE', 'INSIDE']","[[0.37, 0.25, 0.21], [0.46, 0.27, 0.24], [1.17, 0.67, 0.08], [0.08, 1.93, 0.01], [2.2, 1.94, 0.17], [0.24, 2.87, 0.02], [0.26, 2.75, 0.02], [0.52, 1.51, 0.03], [0.25, 1.97, 0.01], [0.08, 1.28, 0.0], [1.49, 4.17, 1.99], [1.48, 0.07, 1.7], [1.65, 0.32, 1.61], [0.11, 4.0, 0.18], [1.9, 4.18, 1.67], [0.11, 2.92, 0.0], [2.86, 4.16, 0.49], [12.94, 4.76, 0.82], [3.04, 4.6, 0.61], [2.98, 4.35, 0.34]]","[340, 332, 344, 333, 312, 341, 305, 336, 299, 318, 325, 337, 331, 342, 346, 354, 358, 311, 196, 208]",24.5
736,1788358517454260034,307200,88747,18,16,163.5,"[31.1, 34.8, 41.5, 46.6, 87.7, 87.9, 92.1, 95.0, 97.1, 103.7, 112.0, 114.0, 126.5, 144.0, 154.7, 163.5]","['RAIL', 'RAIL', 'INSIDE', 'INSIDE', 'INSIDE', 'RAIL', 'OUTSIDE', 'INSIDE', 'INSIDE', 'INSIDE', 'INSIDE', 'INSIDE', 'INSIDE', 'INSIDE', 'INSIDE', 'INSIDE']","[[0.38, 0.23, 0.21], [0.2, 0.56, 0.46], [0.72, 2.32, 0.05], [0.28, 2.82, 0.02], [2.37, 4.2, 2.17], [1.99, 0.16, 0.36], [1.6, 0.32, 1.47], [0.16, 4.12, 0.39], [1.14, 0.48, 0.78], [1.99, 4.13, 1.67], [1.64, 4.13, 0.24], [0.05, 0.99, 0.0], [12.2, 4.71, 1.6], [2.94, 4.59, 0.6], [3.0, 3.79, 0.34], [1.33, 3.41, 0.47]]","[340, 349, 344, 305, 359, 320, 331, 342, 338, 346, 354, 358, 311, 196, 208, 356]",24.6
737,1788358517544352284,307200,89024,20,16,158.9,"[25.2, 26.4, 29.4, 31.6, 38.9, 80.7, 86.8, 87.4, 92.1, 94.7, 96.7, 99.7, 112.8, 126.1, 143.7, 158.9]","['OUTSIDE', 'INSIDE', 'INSIDE', 'OUTSIDE', 'NEAR', 'INSIDE', 'OUTSIDE', 'INSIDE', 'OUTSIDE', 'INSIDE', 'INSIDE', 'OUTSIDE', 'OUTSIDE', 'INSIDE', 'INSIDE', 'INSIDE']","[[1.62, 0.52, 0.32], [0.65, 1.67, 0.22], [0.56, 0.46, 0.21], [1.93, 0.69, 0.15], [0.39, 1.09, 0.02], [6.09, 4.24, 2.25], [0.14, 1.18, 0.77], [2.42, 4.2, 2.16], [0.9, 0.37, 1.77], [0.09, 3.31, 0.17], [0.87, 0.66, 0.77], [1.17, 0.23, 1.51], [1.49, 2.16, 0.25], [12.21, 4.7, 1.63], [3.01, 4.58, 0.6], [12.15, 4.33, 1.02]]","[205, 332, 352, 312, 341, 325, 359, 320, 331, 342, 338, 346, 354, 311, 196, 208]",27.9
738,1788358517661562423,307200,88878,22,16,158.6,"[26.5, 28.7, 29.3, 30.4, 46.1, 80.3, 87.0, 87.7, 91.9, 92.7, 96.3, 98.1, 112.5, 123.2, 143.4, 158.6]","['RAIL', 'OUTSIDE', 'INSIDE', 'INSIDE', 'INSIDE', 'INSIDE', 'RAIL', 'INSIDE', 'OUTSIDE', 'NEAR', 'INSIDE', 'OUTSIDE', 'OUTSIDE', 'INSIDE', 'INSIDE', 'INSIDE']","[[0.6, 0.47, 0.81], [1.76, 0.61, 0.15], [0.19, 2.23, 0.02], [0.36, 2.22, 0.03], [0.32, 0.83, 0.03], [9.1, 4.25, 2.23], [0.99, 0.2, 0.79], [2.0, 4.14, 2.15], [0.77, 0.36, 1.37], [1.2, 0.17, 1.49], [0.83, 1.33, 0.77], [2.17, 0.25, 1.5], [1.5, 1.96, 0.25], [3.92, 4.64, 1.62], [2.99, 4.57, 0.6], [12.17, 4.32, 1.01]]","[340, 205, 305, 357, 352, 325, 359, 320, 331, 342, 338, 346, 354, 311, 196, 208]",24.2
739,1788358517746075561,307200,89194,25,19,162.4,"[21.5, 28.7, 30.2, 36.3, 40.9, 83.1, 83.7, 87.0, 87.5, 91.6, 93.5, 95.6, 98.3, 112.3, 114.2, 126.2, 143.0, 153.7, 162.4]","['INSIDE', 'RAIL', 'INSIDE', 'INSIDE', 'INSIDE', 'INSIDE', 'OUTSIDE', 'OUTSIDE', 'INSIDE', 'OUTSIDE', 'INSIDE', 'INSIDE', 'OUTSIDE', 'INSIDE', 'INSIDE', 'INSIDE', 'INSIDE', 'INSIDE', 'INSIDE']","[[1.12, 1.29, 0.29], [1.82, 0.56, 0.99], [0.06, 1.52, 0.0], [0.18, 2.32, 0.02], [0.58, 2.22, 0.05], [0.05, 2.18, 0.0], [1.69, 0.09, 1.68], [1.85, 1.02, 2.12], [0.59, 4.0, 2.14], [0.79, 0.35, 1.17], [1.84, 4.24, 0.76], [0.01, 0.83, 0.0], [2.65, 0.21, 1.27], [1.38, 4.1, 0.02], [0.09, 2.19, 0.0], [10.73, 4.62, 1.59], [3.0, 4.56, 0.6], [3.06, 4.31, 0.34], [1.49, 4.52, 0.46]]","[332, 349, 344, 305, 357, 318, 337, 359, 320, 331, 342, 338, 346, 354, 358, 311, 196, 208, 356]",24.2
740,1788358517845184463,307200,89369,22,15,162.0,"[21.2, 21.3, 35.9, 45.4, 81.1, 86.7, 87.1, 91.3, 93.7, 95.7, 111.2, 122.9, 142.7, 154.0, 162.0]","['NEAR', 'RAIL', 'INSIDE', 'INSIDE', 'INSIDE', 'INSIDE', 'RAIL', 'OUTSIDE', 'OUTSIDE', 'INSIDE', 'OUTSIDE', 'INSIDE', 'INSIDE', 'INSIDE', 'INSIDE']","[[0.89, 0.93, 0.35], [0.59, 0.3, 0.21], [0.04, 2.39, 0.0], [0.62, 1.68, 0.23], [3.88, 4.14, 1.98], [1.1, 3.99, 2.13], [1.01, 0.23, 0.6], [0.78, 0.35, 0.73], [0.05, 1.64, 0.0], [1.15, 1.49, 0.38], [0.42, 0.58, 0.24], [4.76, 4.63, 1.62], [3.0, 4.55, 0.6], [4.37, 4.3, 0.34], [1.39, 3.96, 0.0]]","[332, 340, 344, 316, 325, 320, 359, 331, 342, 338, 354, 311, 196, 208, 356]",24.3
741,1788358517941855594,307200,89962,18,12,163.0,"[30.3, 30.3, 45.0, 82.9, 86.9, 91.2, 92.2, 95.7, 123.1, 143.1, 157.6, 163.0]","['RAIL', 'INSIDE', 'INSIDE', 'INSIDE', 'INSIDE', 'OUTSIDE', 'INSIDE', 'OUTSIDE', 'INSIDE', 'INSIDE', 'INSIDE', 'INSIDE']","[[0.67, 0.68, 1.07], [0.07, 1.06, 0.01], [0.07, 0.85, 0.01], [1.97, 4.29, 2.22], [0.16, 3.97, 2.13], [1.37, 1.1, 1.25], [2.26, 4.29, 1.03], [1.29, 0.18, 0.84], [5.85, 4.66, 1.63], [4.4, 4.55, 0.61], [3.51, 3.17, 1.01], [1.3, 0.86, 0.0]]","[340, 305, 357, 318, 320, 331, 342, 346, 311, 196, 208, 356]",28.2
742,1788358518043457932,307200,88365,21,13,156.6,"[28.8, 28.9, 30.2, 39.0, 40.5, 81.7, 83.4, 86.0, 90.8, 92.9, 120.0, 142.0, 156.6]","['OUTSIDE', 'INSIDE', 'INSIDE', 'INSIDE', 'INSIDE', 'INSIDE', 'INSIDE', 'INSIDE', 'OUTSIDE', 'INSIDE', 'INSIDE', 'INSIDE', 'INSIDE']","[[1.56, 0.64, 0.13], [0.19, 2.32, 0.02], [0.41, 2.45, 0.03], [0.26, 0.8, 0.02], [0.21, 2.54, 0.01], [3.42, 4.05, 1.96], [1.12, 3.97, 2.21], [1.14, 3.95, 2.12], [1.37, 2.06, 1.24], [0.26, 3.76, 0.42], [0.04, 2.51, 0.0], [3.06, 4.54, 0.6], [10.93, 4.01, 1.01]]","[205, 305, 341, 357, 299, 325, 318, 320, 331, 342, 311, 196, 208]",25.6
743,1788358518147925779,307200,82146,23,17,161.0,"[24.3, 27.5, 34.5, 80.1, 82.2, 84.5, 85.1, 86.1, 86.2, 90.1, 92.7, 94.3, 110.1, 119.7, 141.6, 152.3, 161.0]","['RAIL', 'NEAR', 'INSIDE', 'INSIDE', 'INSIDE', 'OUTSIDE', 'RAIL', 'INSIDE', 'RAIL', 'OUTSIDE', 'OUTSIDE', 'INSIDE', 'OUTSIDE', 'INSIDE', 'INSIDE', 'INSIDE', 'INSIDE']","[[0.05, 0.07, 0.85], [0.52, 0.66, 0.22], [0.38, 2.3, 0.03], [0.4, 2.07, 0.17], [1.97, 4.21, 2.2], [0.47, 0.32, 0.37], [2.07, 0.13, 0.77], [0.05, 3.76, 0.0], [1.0, 0.18, 0.56], [0.97, 0.5, 1.59], [0.12, 1.78, 0.0], [1.87, 0.94, 0.77], [0.42, 1.93, 0.23], [0.29, 4.04, 0.23], [2.99, 4.51, 0.6], [3.01, 4.53, 0.33], [1.41, 3.92, 0.46]]","[205, 352, 344, 298, 325, 337, 320, 359, 318, 331, 342, 338, 354, 311, 196, 208, 356]",20.2
744,1788358518257105310,307200,81224,19,11,158.0,"[22.4, 23.0, 24.2, 24.5, 33.2, 83.6, 85.8, 90.6, 113.3, 141.9, 158.0]","['RAIL', 'NEAR', 'INSIDE', 'INSIDE', 'NEAR', 'INSIDE', 'NEAR', 'INSIDE', 'INSIDE', 'INSIDE', 'INSIDE']","[[0.81, 0.03, 0.71], [1.51, 0.98, 0.36], [1.0, 0.48, 0.11], [1.05, 2.8, 1.48], [0.07, 1.16, 0.01], [1.54, 4.24, 0.92], [0.22, 0.21, 2.1], [3.37, 4.41, 2.02], [1.32, 4.38, 0.99], [4.42, 4.53, 0.6], [9.22, 4.51, 1.01]]","[352, 332, 316, 357, 344, 325, 320, 331, 358, 196, 356]",20.8
745,1788358518346368802,307200,84865,19,13,156.3,"[31.1, 31.5, 45.1, 46.4, 80.8, 83.4, 83.8, 89.7, 91.6, 93.5, 93.8, 144.7, 156.3]","['OUTSIDE', 'INSIDE', 'INSIDE', 'NEAR', 'OUTSIDE', 'INSIDE', 'NEAR', 'OUTSIDE', 'INSIDE', 'OUTSIDE', 'INSIDE', 'INSIDE', 'INSIDE']","[[0.08, 2.6, 0.01], [0.27, 2.2, 0.01], [0.98, 1.34, 0.08], [0.49, 0.97, 0.04], [1.86, 0.15, 1.24], [0.56, 4.05, 0.91], [4.4, 0.41, 2.25], [1.23, 0.5, 1.72], [0.56, 4.16, 1.62], [0.37, 0.68, 1.45], [1.21, 2.11, 0.4], [10.58, 4.5, 0.33], [1.24, 3.82, 0.01]]","[340, 299, 312, 305, 298, 325, 320, 331, 342, 346, 338, 196, 356]",21.7
746,1788358518449945094,307200,88841,16,12,160.5,"[31.2, 46.0, 76.1, 81.8, 89.1, 90.4, 93.7, 112.3, 118.4, 141.2, 153.9, 160.5]","['OUTSIDE', 'INSIDE', 'INSIDE', 'INSIDE', 'INSIDE', 'INSIDE', 'OUTSIDE', 'INSIDE', 'INSIDE', 'INSIDE', 'INSIDE', 'INSIDE']","[[0.08, 2.58, 0.01], [0.87, 2.3, 0.07], [0.18, 1.33, 0.0], [3.47, 4.24, 2.2], [2.05, 2.97, 1.84], [2.26, 4.2, 1.87], [1.57, 0.33, 1.38], [1.74, 4.38, 0.99], [0.13, 1.03, 0.0], [4.37, 4.51, 0.6], [2.62, 4.02, 0.01], [2.56, 3.35, 0.01]]","[340, 312, 298, 325, 331, 342, 346, 358, 311, 196, 208, 356]",26.8
747,1788358518540129040,307200,89297,20,12,155.3,"[22.7, 33.7, 34.8, 40.5, 74.0, 83.6, 84.9, 88.5, 92.3, 119.1, 143.6, 155.3]","['NEAR', 'INSIDE', 'INSIDE', 'INSIDE', 'NEAR', 'OUTSIDE', 'INSIDE', 'OUTSIDE', 'INSIDE', 'OUTSIDE', 'INSIDE', 'INSIDE']","[[0.36, 0.69, 0.2], [2.73, 2.44, 2.29], [0.25, 2.8, 0.02], [0.17, 1.3, 0.01], [5.24, 0.24, 1.86], [0.3, 0.18, 1.69], [2.16, 4.27, 2.03], [1.27, 0.49, 1.7], [2.84, 4.02, 1.26], [0.95, 0.12, 1.56], [4.11, 4.47, 0.03], [1.7, 3.27, 0.33]]","[332, 349, 344, 305, 298, 337, 325, 331, 338, 311, 196, 208]",24.1
748,1788358518649923843,307200,89921,20,13,154.8,"[21.5, 21.7, 22.6, 22.6, 26.5, 30.3, 75.6, 81.8, 82.9, 88.3, 92.5, 146.4, 154.8]","['RAIL', 'INSIDE', 'INSIDE', 'INSIDE', 'INSIDE', 'INSIDE', 'NEAR', 'INSIDE', 'INSIDE', 'OUTSIDE', 'INSIDE', 'INSIDE', 'INSIDE']","[[1.26, 0.11, 0.88], [0.71, 0.96, 0.21], [1.21, 2.83, 1.39], [0.12, 1.16, 0.01], [1.1, 0.54, 0.13], [0.44, 0.83, 0.04], [1.21, 0.18, 1.18], [0.64, 2.63, 0.9], [4.86, 3.83, 2.22], [0.68, 0.49, 1.92], [2.25, 4.39, 1.46], [4.77, 3.91, 0.28], [1.84, 4.42, 1.0]]","[332, 316, 357, 312, 352, 205, 298, 325, 320, 331, 338, 196, 208]",28.0
749,1788358518771377039,307200,90602,18,12,154.7,"[21.2, 27.7, 32.6, 34.1, 34.8, 38.2, 83.0, 87.8, 92.4, 113.2, 143.6, 154.7]","['NEAR', 'OUTSIDE', 'INSIDE', 'INSIDE', 'INSIDE', 'INSIDE', 'INSIDE', 'OUTSIDE', 'INSIDE', 'INSIDE', 'INSIDE', 'INSIDE']","[[0.86, 1.04, 0.43], [0.54, 1.84, 0.04], [0.52, 2.94, 0.31], [0.15, 1.45, 0.01], [0.07, 2.53, 0.0], [0.05, 2.39, 0.0], [2.47, 4.3, 2.22], [0.81, 0.49, 1.91], [1.5, 4.2, 1.64], [2.37, 4.37, 0.03], [2.67, 3.27, 0.02], [1.25, 3.5, 0.01]]","[352, 344, 305, 205, 341, 312, 325, 331, 338, 358, 196, 208]",33.6
750,1788358518841532827,307200,90342,14,10,153.7,"[31.8, 33.9, 41.5, 81.5, 87.2, 91.3, 107.0, 112.9, 142.4, 153.7]","['RAIL', 'OUTSIDE', 'OUTSIDE', 'INSIDE', 'OUTSIDE', 'INSIDE', 'OUTSIDE', 'INSIDE', 'INSIDE', 'INSIDE']","[[0.55, 0.19, 0.25], [1.48, 1.31, 0.39], [0.68, 1.19, 0.31], [4.48, 4.28, 2.21], [1.24, 0.49, 1.9], [3.0, 4.39, 1.63], [1.63, 0.44, 0.23], [2.31, 4.54, 0.03], [4.03, 4.19, 0.03], [2.41, 4.03, 0.01]]","[349, 305, 312, 320, 331, 342, 354, 358, 196, 208]",27.3
751,1788358518940700591,307200,90276,20,16,154.2,"[21.5, 26.3, 30.4, 31.5, 32.3, 45.4, 46.7, 81.0, 82.5, 88.1, 91.6, 92.9, 99.1, 116.5, 147.3, 154.2]","['RAIL', 'INSIDE', 'INSIDE', 'INSIDE', 'OUTSIDE', 'INSIDE', 'INSIDE', 'OUTSIDE', 'INSIDE', 'INSIDE', 'OUTSIDE', 'NEAR', 'INSIDE', 'OUTSIDE', 'INSIDE', 'INSIDE']","[[0.73, 0.03, 0.81], [0.18, 2.13, 0.02], [0.41, 1.65, 0.03], [0.13, 2.54, 0.01], [0.2, 1.0, 0.42], [0.19, 0.82, 0.02], [0.43, 1.12, 0.03], [1.07, 0.35, 0.69], [1.23, 4.28, 1.99], [2.82, 4.34, 1.58], [2.56, 0.3, 1.35], [2.08, 0.15, 1.2], [0.16, 3.8, 0.0], [0.35, 1.24, 0.46], [4.23, 4.16, 0.31], [3.2, 4.4, 1.0]]","[332, 205, 312, 299, 340, 357, 305, 320, 325, 359, 342, 338, 365, 358, 196, 208]",33.7
752,1788358519056082297,307200,90356,21,14,154.7,"[28.9, 29.5, 30.0, 32.7, 38.1, 76.4, 80.3, 82.6, 87.8, 91.8, 92.4, 100.7, 146.9, 154.7]","['INSIDE', 'INSIDE', 'INSIDE', 'INSIDE', 'INSIDE', 'RAIL', 'INSIDE', 'INSIDE', 'INSIDE', 'NEAR', 'OUTSIDE', 'INSIDE', 'INSIDE', 'INSIDE']","[[0.1, 1.26, 0.01], [1.14, 1.31, 0.1], [1.05, 2.17, 1.06], [0.05, 2.62, 0.01], [0.08, 1.86, 0.0], [1.12, 0.25, 0.84], [1.62, 4.13, 0.86], [0.05, 2.79, 0.54], [3.14, 4.46, 1.57], [2.09, 0.17, 1.06], [3.71, 0.3, 1.47], [1.27, 2.83, 0.02], [4.2, 4.14, 0.31], [1.39, 4.35, 0.77]]","[205, 357, 305, 312, 341, 298, 320, 325, 359, 338, 342, 365, 196, 208]",27.0
753,1788358519145534218,307200,90672,17,11,154.3,"[34.9, 80.4, 82.3, 87.0, 88.6, 90.7, 91.6, 100.4, 114.3, 145.0, 154.3]","['INSIDE', 'OUTSIDE', 'INSIDE', 'INSIDE', 'INSIDE', 'OUTSIDE', 'NEAR', 'INSIDE', 'INSIDE', 'INSIDE', 'INSIDE']","[[0.33, 1.47, 0.02], [0.8, 0.23, 1.56], [0.14, 2.63, 0.53], [2.36, 4.45, 2.31], [0.42, 4.16, 0.57], [2.48, 0.3, 1.2], [2.95, 0.52, 1.98], [1.1, 1.94, 0.02], [3.11, 4.61, 1.73], [3.59, 4.13, 0.27], [1.35, 3.77, 0.01]]","[344, 320, 325, 359, 331, 342, 338, 365, 364, 196, 208]",26.2
754,1788358519256380678,307200,90679,17,11,151.9,"[26.4, 81.2, 87.0, 90.1, 91.6, 92.1, 98.9, 112.9, 115.2, 144.1, 151.9]","['INSIDE', 'OUTSIDE', 'INSIDE', 'INSIDE', 'OUTSIDE', 'NEAR', 'OUTSIDE', 'INSIDE', 'OUTSIDE', 'INSIDE', 'INSIDE']","[[0.68, 0.82, 0.06], [2.27, 0.91, 1.96], [3.18, 4.43, 2.33], [0.83, 0.98, 0.79], [3.75, 0.29, 1.66], [1.05, 0.15, 1.4], [2.01, 0.22, 0.95], [1.64, 4.64, 0.78], [0.58, 1.75, 0.46], [4.5, 4.29, 0.3], [5.23, 4.53, 0.77]]","[357, 320, 359, 338, 342, 331, 365, 364, 358, 196, 208]",24.0
755,1788358519349530993,307200,90555,21,14,155.3,"[30.0, 81.5, 85.4, 86.3, 87.8, 90.9, 93.5, 96.1, 108.8, 112.5, 114.8, 117.0, 146.7, 155.3]","['INSIDE', 'OUTSIDE', 'OUTSIDE', 'NEAR', 'INSIDE', 'INSIDE', 'INSIDE', 'OUTSIDE', 'OUTSIDE', 'OUTSIDE', 'INSIDE', 'INSIDE', 'INSIDE', 'INSIDE']","[[0.04, 2.1, 0.0], [0.38, 0.23, 1.77], [0.9, 0.33, 1.32], [2.13, 0.15, 0.76], [0.18, 3.85, 0.18], [3.55, 3.98, 2.03], [0.5, 3.94, 0.43], [1.22, 0.37, 1.05], [0.44, 0.3, 0.74], [1.47, 0.28, 0.77], [0.06, 1.4, 0.0], [0.64, 3.16, 0.79], [4.48, 4.42, 0.62], [2.95, 4.32, 0.78]]","[305, 320, 337, 359, 338, 342, 346, 366, 354, 364, 358, 311, 196, 208]",24.6
756,1788358519442752476,307200,91222,17,12,153.0,"[29.5, 76.6, 81.1, 85.5, 87.3, 90.2, 93.0, 95.7, 112.4, 114.3, 145.2, 153.0]","['NEAR', 'INSIDE', 'OUTSIDE', 'OUTSIDE', 'INSIDE', 'INSIDE', 'INSIDE', 'OUTSIDE', 'INSIDE', 'INSIDE', 'INSIDE', 'INSIDE']","[[0.15, 1.33, 0.01], [2.83, 2.88, 2.24], [0.42, 0.23, 1.56], [1.96, 0.33, 2.08], [0.24, 3.83, 1.53], [3.1, 1.75, 2.35], [0.41, 3.92, 0.43], [1.27, 0.4, 1.83], [1.91, 4.62, 1.71], [0.13, 2.39, 0.0], [4.28, 4.1, 0.3], [1.34, 4.31, 0.76]]","[305, 298, 320, 337, 338, 342, 346, 366, 364, 358, 196, 208]",23.8
757,1788358519547365859,307200,91019,20,15,153.1,"[26.6, 31.3, 45.6, 85.7, 88.3, 90.3, 91.1, 92.8, 94.1, 106.5, 107.9, 112.6, 116.7, 145.3, 153.1]","['INSIDE', 'INSIDE', 'INSIDE', 'OUTSIDE', 'INSIDE', 'OUTSIDE', 'INSIDE', 'INSIDE', 'RAIL', 'INSIDE', 'OUTSIDE', 'INSIDE', 'INSIDE', 'INSIDE', 'INSIDE']","[[0.44, 2.22, 0.02], [0.56, 2.75, 0.04], [1.09, 1.31, 0.1], [4.16, 0.32, 1.85], [0.16, 4.03, 0.18], [0.94, 0.26, 1.46], [1.95, 4.12, 1.76], [0.15, 3.72, 0.0], [1.04, 0.44, 0.46], [1.35, 4.41, 0.48], [0.42, 0.24, 0.73], [2.7, 2.36, 1.72], [2.13, 4.25, 1.03], [5.38, 4.39, 0.62], [0.43, 4.29, 0.76]]","[299, 312, 357, 337, 338, 346, 342, 331, 366, 354, 364, 358, 311, 196, 208]",28.7
758,1788358519646441981,307200,91388,13,12,111.1,"[29.1, 32.6, 34.5, 79.3, 83.9, 84.8, 86.4, 90.8, 94.3, 100.2, 108.5, 111.1]","['OUTSIDE', 'INSIDE', 'OUTSIDE', 'RAIL', 'OUTSIDE', 'INSIDE', 'INSIDE', 'NEAR', 'INSIDE', 'INSIDE', 'INSIDE', 'OUTSIDE']","[[0.41, 2.06, 0.04], [0.44, 2.27, 0.3], [0.17, 0.91, 0.01], [2.25, 0.34, 0.87], [0.78, 0.34, 1.46], [1.12, 2.93, 1.12], [0.18, 3.77, 1.11], [0.09, 0.16, 0.79], [1.75, 4.16, 1.67], [4.08, 4.62, 1.12], [1.71, 4.46, 0.71], [0.54, 0.08, 1.45]]","[205, 344, 312, 320, 337, 359, 338, 342, 331, 367, 354, 358]",24.1
759,1788358519751282929,307200,91559,12,11,108.9,"[23.3, 33.6, 76.5, 84.2, 86.1, 90.4, 93.5, 97.7, 101.0, 107.3, 108.9]","['RAIL', 'INSIDE', 'INSIDE', 'INSIDE', 'INSIDE', 'NEAR', 'INSIDE', 'OUTSIDE', 'INSIDE', 'OUTSIDE', 'INSIDE']","[[0.18, 0.07, 0.32], [0.08, 1.29, 0.01], [0.08, 1.74, 0.0], [2.37, 4.43, 2.43], [0.22, 4.04, 0.4], [0.1, 0.16, 0.79], [2.37, 4.3, 1.93], [2.0, 0.2, 1.28], [2.27, 4.26, 0.84], [0.38, 0.37, 0.97], [2.41, 4.38, 0.04]]","[332, 344, 298, 359, 338, 342, 331, 365, 367, 364, 354]",24.9
760,1788358519856130793,307200,91832,15,11,148.4,"[26.6, 29.6, 33.0, 82.9, 84.7, 92.7, 93.4, 100.4, 110.1, 116.7, 148.4]","['INSIDE', 'INSIDE', 'INSIDE', 'OUTSIDE', 'INSIDE', 'RAIL', 'INSIDE', 'INSIDE', 'OUTSIDE', 'INSIDE', 'INSIDE']","[[0.35, 1.03, 0.03], [0.59, 0.94, 0.06], [0.2, 2.53, 0.01], [1.01, 0.32, 1.69], [3.5, 4.14, 2.07], [1.11, 0.51, 0.46], [1.64, 4.12, 0.63], [2.58, 4.56, 1.94], [0.49, 0.24, 1.23], [1.82, 4.59, 1.03], [12.33, 4.37, 1.02]]","[205, 357, 344, 337, 359, 366, 331, 367, 358, 311, 196]",22.2
761,1788358519944247476,307200,90955,19,14,148.2,"[24.4, 24.6, 24.8, 49.0, 83.3, 87.4, 88.0, 90.1, 93.1, 100.4, 101.2, 108.5, 119.9, 148.2]","['RAIL', 'OUTSIDE', 'INSIDE', 'INSIDE', 'INSIDE', 'OUTSIDE', 'INSIDE', 'INSIDE', 'INSIDE', 'NEAR', 'INSIDE', 'INSIDE', 'INSIDE', 'INSIDE']","[[0.83, 0.12, 0.54], [1.0, 0.5, 0.19], [1.5, 1.3, 0.18], [1.35, 0.62, 0.14], [3.95, 4.43, 2.44], [1.16, 0.27, 1.53], [2.98, 1.72, 2.3], [1.5, 4.23, 1.01], [0.95, 4.08, 1.65], [0.68, 0.73, 0.81], [2.74, 3.24, 0.4], [1.34, 4.57, 0.26], [0.28, 3.97, 0.0], [1.4, 4.21, 0.3]]","[299, 357, 332, 305, 359, 338, 342, 346, 331, 367, 365, 354, 311, 196]",22.5
762,1788358520055111727,307200,92035,17,14,153.0,"[26.9, 29.6, 74.8, 82.5, 83.8, 86.4, 87.2, 89.0, 90.3, 93.2, 102.1, 108.9, 119.4, 153.0]","['INSIDE', 'OUTSIDE', 'NEAR', 'OUTSIDE', 'INSIDE', 'INSIDE', 'OUTSIDE', 'NEAR', 'INSIDE', 'INSIDE', 'OUTSIDE', 'INSIDE', 'INSIDE', 'INSIDE']","[[0.73, 2.64, 0.07], [1.07, 1.28, 1.05], [6.88, 0.21, 2.23], [2.31, 0.48, 2.17], [2.75, 4.31, 2.42], [1.14, 1.63, 0.94], [1.03, 0.26, 0.96], [0.06, 0.16, 1.78], [0.38, 3.94, 0.01], [2.0, 4.11, 1.93], [0.48, 2.17, 0.42], [2.14, 4.63, 0.49], [0.17, 3.96, 0.0], [10.52, 4.6, 1.04]]","[305, 205, 298, 337, 359, 342, 338, 346, 331, 366, 365, 354, 311, 208]",21.0
763,1788358520144973564,307200,90643,14,12,152.4,"[26.7, 29.0, 82.8, 86.2, 88.5, 90.0, 91.3, 103.6, 108.3, 112.3, 118.0, 152.4]","['INSIDE', 'OUTSIDE', 'INSIDE', 'INSIDE', 'NEAR', 'INSIDE', 'INSIDE', 'INSIDE', 'INSIDE', 'NEAR', 'INSIDE', 'INSIDE']","[[0.66, 2.97, 0.06], [0.41, 2.08, 0.04], [3.81, 4.39, 2.41], [1.64, 1.69, 2.46], [0.1, 0.18, 1.77], [0.78, 3.96, 0.17], [5.02, 4.13, 2.28], [1.27, 2.37, 0.02], [2.39, 4.61, 0.69], [1.57, 0.1, 0.78], [4.08, 4.09, 0.83], [10.48, 4.59, 1.26]]","[305, 357, 359, 342, 346, 331, 366, 371, 354, 358, 311, 208]",23.1
764,1788358520256999390,307200,89534,13,12,119.1,"[36.0, 81.8, 83.2, 86.1, 88.0, 88.6, 95.2, 101.3, 103.8, 108.4, 111.4, 119.1]","['INSIDE', 'OUTSIDE', 'INSIDE', 'NEAR', 'NEAR', 'INSIDE', 'INSIDE', 'OUTSIDE', 'INSIDE', 'INSIDE', 'RAIL', 'INSIDE']","[[0.65, 2.24, 0.04], [1.95, 0.36, 2.15], [3.78, 4.29, 2.44], [0.28, 0.04, 1.88], [0.08, 0.17, 1.56], [5.51, 4.24, 2.49], [1.31, 3.35, 0.03], [0.66, 0.4, 0.19], [0.57, 4.45, 1.12], [1.33, 4.62, 0.49], [0.04, 0.39, 0.17], [1.41, 4.18, 0.02]]","[344, 337, 359, 342, 346, 331, 366, 365, 371, 354, 364, 311]",23.8
765,1788358520338441185,307200,92745,23,17,156.7,"[20.7, 23.0, 26.7, 29.2, 30.7, 80.6, 82.0, 86.0, 90.1, 96.4, 104.6, 105.9, 110.8, 110.9, 121.1, 149.4, 156.7]","['RAIL', 'INSIDE', 'INSIDE', 'INSIDE', 'INSIDE', 'OUTSIDE', 'INSIDE', 'INSIDE', 'INSIDE', 'INSIDE', 'INSIDE', 'INSIDE', 'RAIL', 'INSIDE', 'INSIDE', 'INSIDE', 'INSIDE']","[[0.87, 0.06, 0.6], [0.51, 2.66, 0.22], [0.19, 2.15, 0.02], [0.25, 2.72, 0.03], [0.09, 2.36, 0.01], [1.07, 0.34, 1.58], [2.95, 4.22, 2.55], [2.11, 2.77, 2.12], [2.9, 4.27, 2.41], [2.48, 4.52, 0.68], [0.52, 4.35, 0.86], [0.19, 2.96, 0.0], [0.04, 0.45, 0.17], [1.71, 2.57, 1.77], [1.67, 4.62, 0.82], [0.17, 4.49, 0.3], [1.47, 4.4, 0.78]]","[332, 357, 305, 205, 312, 337, 359, 338, 331, 366, 371, 354, 364, 358, 311, 196, 208]",22.6
766,1788358520446913098,307200,93243,23,15,156.2,"[47.1, 80.0, 80.5, 82.9, 86.0, 89.3, 95.5, 98.5, 103.9, 105.4, 107.8, 110.4, 119.3, 150.0, 156.2]","['RAIL', 'OUTSIDE', 'INSIDE', 'INSIDE', 'RAIL', 'OUTSIDE', 'INSIDE', 'OUTSIDE', 'OUTSIDE', 'INSIDE', 'NEAR', 'RAIL', 'INSIDE', 'INSIDE', 'INSIDE']","[[2.6, 0.32, 0.92], [1.21, 0.46, 1.79], [3.14, 3.21, 1.97], [0.64, 3.98, 0.72], [2.03, 0.19, 0.73], [2.1, 0.44, 0.76], [1.54, 4.34, 0.68], [0.33, 0.05, 0.62], [0.22, 0.38, 0.85], [2.38, 4.03, 0.04], [0.91, 0.43, 0.69], [0.09, 0.38, 0.17], [1.33, 4.64, 0.26], [2.27, 4.48, 0.3], [1.44, 3.57, 0.78]]","[299, 337, 359, 338, 342, 331, 366, 367, 371, 354, 358, 364, 311, 196, 208]",23.0
767,1788358520546362072,307200,94279,19,12,156.3,"[31.1, 80.0, 82.7, 84.3, 86.0, 95.1, 103.3, 105.0, 110.1, 119.5, 149.5, 156.3]","['INSIDE', 'INSIDE', 'INSIDE', 'OUTSIDE', 'NEAR', 'INSIDE', 'OUTSIDE', 'INSIDE', 'NEAR', 'OUTSIDE', 'INSIDE', 'INSIDE']","[[0.06, 1.09, 0.01], [3.08, 4.39, 2.51], [1.69, 4.17, 1.12], [1.48, 0.21, 1.87], [1.04, 0.08, 0.93], [1.44, 4.31, 0.03], [0.71, 0.25, 0.91], [2.34, 4.39, 0.04], [1.14, 0.04, 0.55], [0.16, 1.67, 0.25], [2.22, 4.46, 0.3], [2.72, 4.37, 0.78]]","[312, 359, 338, 337, 342, 366, 371, 354, 372, 311, 196, 208]",22.4
768,1788358520647322221,307200,89130,20,10,158.1,"[35.2, 81.9, 87.4, 88.7, 91.2, 97.2, 106.4, 115.8, 150.5, 158.1]","['RAIL', 'INSIDE', 'INSIDE', 'OUTSIDE', 'INSIDE', 'INSIDE', 'INSIDE', 'INSIDE', 'INSIDE', 'INSIDE']","[[0.43, 0.17, 0.15], [8.14, 4.39, 2.6], [0.13, 3.81, 0.0], [1.13, 0.38, 1.21], [0.22, 3.98, 0.0], [1.4, 4.31, 1.72], [1.46, 4.46, 1.9], [1.1, 1.42, 0.02], [2.53, 4.51, 0.31], [5.93, 4.31, 1.02]]","[344, 338, 346, 331, 366, 367, 354, 311, 196, 208]",20.4
769,1788358520741758876,307200,90598,16,10,155.7,"[17.9, 82.6, 86.2, 89.2, 96.0, 102.4, 105.0, 109.5, 148.7, 155.7]","['INSIDE', 'INSIDE', 'INSIDE', 'INSIDE', 'INSIDE', 'OUTSIDE', 'INSIDE', 'NEAR', 'INSIDE', 'INSIDE']","[[0.17, 0.38, 0.19], [3.82, 4.35, 2.32], [1.24, 4.11, 1.72], [3.07, 4.29, 2.4], [2.78, 4.58, 1.96], [0.38, 0.23, 0.42], [3.21, 4.44, 1.87], [1.94, 0.17, 1.9], [2.68, 4.23, 0.3], [2.17, 4.35, 0.78]]","[332, 338, 346, 331, 367, 371, 354, 372, 196, 208]",21.1
770,1788358520847389020,307200,90076,19,12,114.8,"[20.2, 25.1, 27.2, 32.6, 34.0, 81.4, 84.5, 96.6, 98.0, 105.1, 105.9, 114.8]","['OUTSIDE', 'RAIL', 'INSIDE', 'INSIDE', 'INSIDE', 'INSIDE', 'INSIDE', 'INSIDE', 'INSIDE', 'NEAR', 'INSIDE', 'INSIDE']","[[0.92, 2.02, 0.09], [0.39, 0.18, 0.14], [0.47, 1.21, 0.06], [0.62, 2.4, 0.06], [1.09, 2.47, 0.33], [1.81, 3.88, 1.44], [6.33, 4.49, 2.6], [0.7, 4.29, 1.31], [0.39, 3.96, 0.45], [0.69, 0.58, 1.56], [0.16, 3.51, 0.0], [1.23, 4.35, 0.51]]","[205, 344, 357, 305, 312, 338, 346, 367, 365, 354, 358, 311]",23.3
771,1788358520945542034,307200,88377,19,15,159.1,"[17.2, 33.7, 49.7, 73.7, 80.0, 81.4, 82.7, 85.7, 99.0, 105.9, 108.0, 115.0, 129.7, 148.3, 159.1]","['OUTSIDE', 'RAIL', 'INSIDE', 'INSIDE', 'INSIDE', 'OUTSIDE', 'NEAR', 'INSIDE', 'INSIDE', 'INSIDE', 'NEAR', 'INSIDE', 'INSIDE', 'INSIDE', 'INSIDE']","[[0.49, 0.54, 2.4], [0.43, 0.12, 0.14], [0.49, 0.83, 0.08], [0.23, 2.84, 0.5], [0.07, 3.77, 0.0], [0.81, 0.22, 1.08], [1.31, 0.16, 2.38], [5.83, 4.06, 2.6], [3.4, 4.52, 2.05], [2.27, 0.98, 1.17], [1.08, 0.18, 1.04], [2.28, 4.42, 0.76], [13.76, 4.51, 1.72], [11.75, 4.02, 1.61], [1.24, 4.48, 0.34]]","[299, 344, 332, 298, 359, 338, 346, 342, 365, 354, 372, 311, 376, 196, 208]",21.6
772,1788358521050653945,307200,90027,16,11,157.7,"[33.1, 49.3, 82.4, 85.1, 99.2, 105.4, 109.6, 114.6, 124.8, 146.7, 157.7]","['OUTSIDE', 'RAIL', 'NEAR', 'INSIDE', 'INSIDE', 'INSIDE', 'OUTSIDE', 'INSIDE', 'INSIDE', 'INSIDE', 'INSIDE']","[[0.64, 0.47, 2.38], [0.35, 0.15, 0.14], [3.06, 0.18, 1.67], [5.77, 4.11, 2.58], [3.37, 4.54, 2.04], [2.25, 1.53, 1.59], [2.37, 1.02, 0.89], [2.57, 4.43, 1.27], [4.94, 4.55, 1.37], [12.49, 4.48, 1.6], [2.76, 4.18, 0.34]]","[299, 344, 346, 342, 365, 354, 364, 311, 376, 196, 208]",22.6
773,1788358521152650523,307200,85506,18,12,152.5,"[23.6, 25.0, 32.5, 85.0, 87.7, 99.9, 105.0, 110.3, 116.1, 125.0, 145.1, 152.5]","['OUTSIDE', 'RAIL', 'INSIDE', 'INSIDE', 'INSIDE', 'INSIDE', 'OUTSIDE', 'INSIDE', 'INSIDE', 'INSIDE', 'INSIDE', 'INSIDE']","[[0.76, 2.14, 0.08], [0.54, 0.16, 0.14], [0.25, 2.1, 0.03], [5.08, 3.85, 2.65], [1.99, 4.06, 0.79], [1.27, 4.62, 1.37], [2.9, 0.07, 1.57], [1.32, 3.3, 0.47], [2.35, 4.49, 0.72], [6.45, 4.66, 1.93], [4.75, 4.49, 0.97], [1.47, 4.35, 1.06]]","[205, 344, 305, 342, 331, 365, 354, 364, 311, 376, 196, 208]",24.1
774,1788358521246428483,307200,88103,22,15,152.0,"[32.0, 37.9, 48.7, 82.8, 84.1, 96.0, 99.3, 99.5, 101.2, 104.9, 109.8, 115.3, 124.5, 143.9, 152.0]","['RAIL', 'OUTSIDE', 'INSIDE', 'INSIDE', 'INSIDE', 'OUTSIDE', 'OUTSIDE', 'OUTSIDE', 'INSIDE', 'OUTSIDE', 'INSIDE', 'INSIDE', 'INSIDE', 'INSIDE', 'INSIDE']","[[0.35, 0.21, 0.13], [0.63, 2.41, 0.05], [0.62, 1.03, 0.03], [0.12, 3.38, 0.0], [11.04, 4.27, 2.72], [0.57, 0.36, 0.27], [0.64, 0.29, 1.35], [0.97, 0.17, 1.1], [2.38, 4.55, 0.5], [3.77, 0.26, 1.41], [1.26, 3.29, 0.46], [2.9, 4.26, 1.28], [6.47, 4.62, 1.74], [1.28, 4.38, 0.38], [1.53, 4.35, 1.06]]","[344, 312, 299, 342, 338, 367, 365, 371, 354, 372, 364, 311, 376, 196, 208]",28.7
775,1788358521366452439,307200,88668,15,11,126.8,"[17.2, 31.4, 83.2, 89.5, 99.2, 101.3, 102.1, 105.3, 105.5, 112.5, 126.8]","['OUTSIDE', 'RAIL', 'INSIDE', 'INSIDE', 'OUTSIDE', 'INSIDE', 'OUTSIDE', 'RAIL', 'NEAR', 'INSIDE', 'INSIDE']","[[0.25, 0.21, 0.04], [0.56, 0.15, 0.13], [10.87, 4.45, 2.7], [1.34, 3.12, 0.03], [0.87, 0.05, 1.11], [1.22, 4.38, 0.48], [1.0, 0.22, 1.55], [0.27, 0.36, 0.3], [2.06, 0.21, 1.17], [0.14, 2.75, 0.0], [2.95, 4.44, 0.88]]","[332, 344, 338, 366, 371, 354, 372, 358, 364, 311, 376]",27.9
776,1788358521448874208,307200,88018,20,11,151.9,"[18.3, 23.5, 48.8, 85.3, 96.1, 101.2, 104.5, 105.0, 112.0, 126.3, 151.9]","['NEAR', 'INSIDE', 'INSIDE', 'INSIDE', 'INSIDE', 'INSIDE', 'RAIL', 'OUTSIDE', 'INSIDE', 'INSIDE', 'INSIDE']","[[0.5, 0.21, 0.31], [0.56, 1.96, 0.08], [0.23, 2.05, 0.03], [8.8, 4.43, 2.64], [5.48, 4.57, 1.02], [1.85, 4.47, 0.89], [0.14, 0.36, 0.3], [1.43, 0.1, 1.57], [0.23, 4.11, 0.0], [3.02, 4.42, 0.88], [2.17, 4.32, 1.06]]","[299, 332, 205, 342, 367, 354, 358, 364, 311, 376, 208]",30.0
777,1788358521546269582,307200,84311,17,9,150.3,"[30.3, 94.9, 98.6, 101.5, 104.2, 112.0, 123.9, 144.1, 150.3]","['RAIL', 'INSIDE', 'OUTSIDE', 'INSIDE', 'OUTSIDE', 'INSIDE', 'INSIDE', 'INSIDE', 'INSIDE']","[[0.48, 0.21, 0.2], [4.1, 4.5, 0.87], [1.17, 0.1, 0.95], [1.26, 4.62, 2.24], [0.67, 0.58, 1.65], [1.38, 4.3, 0.03], [6.65, 4.53, 1.06], [2.19, 4.24, 0.37], [6.37, 4.68, 1.07]]","[344, 367, 371, 354, 358, 311, 376, 196, 208]",23.2
778,1788358521644090267,307200,85243,17,13,124.1,"[29.7, 76.1, 80.4, 80.6, 89.5, 94.9, 98.9, 101.0, 104.1, 104.6, 111.5, 114.3, 124.1]","['RAIL', 'INSIDE', 'NEAR', 'INSIDE', 'INSIDE', 'INSIDE', 'OUTSIDE', 'INSIDE', 'OUTSIDE', 'OUTSIDE', 'INSIDE', 'OUTSIDE', 'INSIDE']","[[0.62, 0.18, 0.27], [5.17, 2.08, 2.75], [0.2, 0.13, 1.92], [8.68, 4.12, 2.73], [2.16, 4.5, 0.37], [3.15, 4.58, 1.5], [2.92, 0.12, 1.1], [1.14, 4.63, 0.91], [1.85, 0.57, 1.83], [1.84, 0.09, 2.0], [1.36, 4.08, 0.02], [1.28, 0.24, 1.82], [8.07, 4.5, 1.3]]","[344, 298, 374, 359, 366, 367, 371, 354, 358, 364, 311, 368, 376]",25.2
779,1788358521739318621,307200,84352,15,11,112.3,"[29.2, 42.2, 81.3, 82.9, 90.4, 95.5, 97.0, 100.7, 102.9, 104.0, 112.3]","['RAIL', 'INSIDE', 'INSIDE', 'INSIDE', 'INSIDE', 'OUTSIDE', 'INSIDE', 'INSIDE', 'INSIDE', 'NEAR', 'INSIDE']","[[0.51, 0.14, 0.27], [0.16, 2.94, 0.01], [0.1, 3.69, 0.0], [9.32, 4.25, 2.81], [4.8, 4.6, 2.38], [0.47, 0.54, 1.49], [0.45, 4.45, 0.86], [0.89, 2.78, 0.47], [1.02, 4.33, 2.09], [1.89, 0.12, 1.58], [1.65, 4.35, 0.46]]","[344, 312, 359, 338, 366, 367, 365, 354, 358, 364, 311]",24.6
780,1788358521847958115,307200,84754,19,14,147.0,"[28.5, 46.8, 47.3, 80.4, 84.6, 86.8, 91.4, 94.2, 96.3, 99.8, 103.4, 114.9, 122.9, 147.0]","['NEAR', 'NEAR', 'RAIL', 'INSIDE', 'OUTSIDE', 'INSIDE', 'INSIDE', 'INSIDE', 'OUTSIDE', 'INSIDE', 'OUTSIDE', 'OUTSIDE', 'INSIDE', 'INSIDE']","[[0.86, 0.19, 0.95], [0.2, 0.19, 0.41], [0.6, 0.18, 0.31], [5.7, 4.25, 2.77], [0.13, 0.74, 0.0], [3.82, 4.22, 2.72], [1.4, 4.48, 2.26], [4.03, 4.66, 1.37], [2.04, 0.1, 0.64], [1.46, 4.49, 1.26], [1.92, 0.1, 0.87], [0.13, 1.0, 0.0], [2.72, 4.63, 2.16], [3.34, 4.42, 0.99]]","[363, 299, 344, 359, 342, 331, 366, 367, 371, 354, 364, 368, 376, 196]",24.8
781,1788358521938548817,307200,89763,16,9,111.6,"[48.4, 81.1, 89.7, 94.3, 94.4, 95.8, 101.0, 102.4, 111.6]","['NEAR', 'INSIDE', 'INSIDE', 'OUTSIDE', 'OUTSIDE', 'INSIDE', 'NEAR', 'INSIDE', 'INSIDE']","[[0.59, 0.2, 0.94], [5.92, 4.36, 2.68], [3.66, 4.57, 2.57], [0.41, 0.2, 0.83], [0.82, 0.11, 1.22], [0.47, 4.56, 0.63], [1.07, 0.11, 0.48], [4.6, 4.67, 2.07], [2.63, 4.51, 0.9]]","[299, 359, 366, 367, 371, 365, 372, 354, 311]",21.3
782,1788358522042683470,307200,96206,14,11,111.1,"[27.3, 44.9, 48.9, 84.8, 89.0, 94.3, 96.7, 99.4, 101.8, 102.9, 111.1]","['NEAR', 'RAIL', 'RAIL', 'INSIDE', 'INSIDE', 'OUTSIDE', 'INSIDE', 'INSIDE', 'OUTSIDE', 'OUTSIDE', 'INSIDE']","[[0.18, 0.18, 0.43], [0.13, 0.16, 0.09], [0.71, 0.15, 0.29], [0.25, 2.51, 0.01], [4.06, 4.56, 2.58], [1.79, 0.22, 1.04], [2.32, 4.38, 0.05], [2.68, 2.32, 2.06], [0.47, 1.62, 0.71], [1.14, 0.15, 1.14], [1.83, 4.4, 0.68]]","[299, 312, 344, 338, 366, 367, 365, 354, 358, 372, 311]",23.7
783,1788358522146880185,307200,95746,21,12,145.1,"[19.6, 26.8, 44.9, 45.3, 48.3, 84.8, 93.3, 98.4, 101.5, 104.4, 121.4, 145.1]","['INSIDE', 'NEAR', 'NEAR', 'NEAR', 'RAIL', 'INSIDE', 'OUTSIDE', 'INSIDE', 'NEAR', 'INSIDE', 'INSIDE', 'INSIDE']","[[1.07, 2.07, 0.15], [0.99, 0.23, 0.64], [0.58, 0.16, 0.59], [0.17, 0.21, 0.96], [0.5, 0.14, 0.29], [1.52, 4.25, 0.83], [2.7, 0.31, 2.26], [2.22, 4.32, 2.21], [1.77, 0.15, 1.13], [1.49, 4.18, 0.03], [1.69, 4.63, 0.79], [3.25, 4.28, 1.39]]","[332, 363, 299, 312, 344, 338, 367, 354, 372, 358, 376, 196]",23.3
784,1788358522242389300,307200,95066,23,15,144.9,"[23.2, 26.2, 44.3, 44.7, 48.8, 70.9, 85.9, 87.6, 94.1, 97.6, 100.8, 106.7, 116.4, 120.9, 144.9]","['NEAR', 'NEAR', 'NEAR', 'INSIDE', 'RAIL', 'NEAR', 'INSIDE', 'OUTSIDE', 'OUTSIDE', 'INSIDE', 'OUTSIDE', 'INSIDE', 'INSIDE', 'INSIDE', 'INSIDE']","[[0.26, 0.13, 0.92], [2.18, 0.21, 1.97], [0.4, 0.12, 0.18], [0.22, 2.68, 0.04], [0.58, 0.16, 0.28], [3.27, 0.24, 2.72], [2.09, 4.53, 0.42], [1.96, 0.23, 2.16], [1.9, 0.09, 1.06], [1.55, 4.44, 2.2], [2.54, 0.2, 1.58], [1.1, 1.87, 0.02], [0.14, 3.45, 0.0], [1.77, 4.63, 0.55], [3.84, 4.38, 1.41]]","[299, 312, 363, 205, 344, 298, 338, 331, 371, 354, 372, 358, 368, 376, 196]",20.2
785,1788358522348901552,307200,94283,20,13,155.6,"[25.6, 46.9, 49.1, 49.4, 70.2, 95.1, 99.8, 104.3, 106.0, 115.3, 119.7, 144.7, 155.6]","['RAIL', 'RAIL', 'RAIL', 'INSIDE', 'NEAR', 'INSIDE', 'OUTSIDE', 'OUTSIDE', 'INSIDE', 'OUTSIDE', 'OUTSIDE', 'INSIDE', 'INSIDE']","[[0.96, 0.19, 0.87], [0.64, 0.17, 0.28], [0.56, 0.17, 0.61], [0.11, 2.74, 0.0], [2.29, 0.25, 2.14], [5.56, 4.33, 2.33], [1.11, 0.18, 0.96], [0.7, 2.04, 0.46], [1.22, 2.05, 0.03], [1.12, 0.48, 0.46], [0.62, 0.48, 0.76], [2.83, 3.96, 1.41], [10.33, 4.56, 1.06]]","[312, 344, 299, 363, 298, 365, 372, 358, 364, 368, 376, 196, 380]",23.4
786,1788358522438429769,307200,93679,26,13,148.2,"[25.0, 46.4, 48.3, 49.6, 75.2, 80.1, 81.0, 82.2, 97.7, 101.3, 106.6, 119.0, 148.2]","['OUTSIDE', 'NEAR', 'OUTSIDE', 'RAIL', 'NEAR', 'INSIDE', 'INSIDE', 'INSIDE', 'INSIDE', 'OUTSIDE', 'INSIDE', 'OUTSIDE', 'INSIDE']","[[1.51, 0.28, 1.6], [0.28, 0.19, 1.45], [0.07, 0.2, 1.65], [0.51, 0.13, 0.32], [1.0, 0.11, 1.98], [0.23, 4.24, 0.01], [0.08, 1.0, 0.0], [14.79, 4.64, 2.83], [3.38, 4.31, 2.38], [2.17, 0.78, 0.89], [1.34, 4.26, 0.03], [0.48, 0.41, 0.48], [10.54, 4.3, 0.98]]","[312, 299, 363, 344, 298, 359, 342, 374, 354, 358, 364, 376, 208]",19.2
787,1788358522543457053,307200,92513,27,19,151.7,"[24.2, 25.1, 47.0, 48.0, 49.0, 73.5, 80.4, 82.3, 86.2, 92.7, 93.5, 96.4, 96.5, 98.7, 101.5, 105.8, 118.4, 143.7, 151.7]","['NEAR', 'RAIL', 'NEAR', 'OUTSIDE', 'RAIL', 'NEAR', 'INSIDE', 'INSIDE', 'INSIDE', 'INSIDE', 'INSIDE', 'OUTSIDE', 'OUTSIDE', 'INSIDE', 'OUTSIDE', 'INSIDE', 'OUTSIDE', 'INSIDE', 'INSIDE']","[[0.89, 0.27, 1.6], [0.54, 0.21, 0.61], [0.16, 0.19, 1.63], [0.15, 2.39, 0.04], [0.77, 0.19, 0.31], [3.11, 0.49, 2.72], [0.25, 3.37, 0.01], [1.3, 3.16, 0.04], [3.45, 4.27, 2.46], [0.17, 2.77, 0.0], [2.63, 4.59, 2.28], [1.83, 0.33, 1.51], [3.67, 0.13, 1.65], [2.91, 4.53, 0.89], [0.65, 0.16, 1.96], [1.85, 4.45, 1.45], [0.44, 0.46, 0.48], [2.56, 4.28, 0.68], [4.92, 4.26, 0.33]]","[312, 299, 363, 205, 344, 298, 359, 342, 338, 367, 387, 365, 371, 354, 358, 364, 376, 196, 208]",19.1
788,1788358522649576942,307200,88536,22,14,157.2,"[20.7, 23.6, 45.7, 48.1, 87.5, 90.5, 92.4, 93.0, 93.1, 96.6, 100.8, 106.6, 117.7, 157.2]","['OUTSIDE', 'RAIL', 'INSIDE', 'RAIL', 'INSIDE', 'OUTSIDE', 'OUTSIDE', 'OUTSIDE', 'INSIDE', 'OUTSIDE', 'INSIDE', 'INSIDE', 'OUTSIDE', 'INSIDE']","[[1.93, 0.19, 1.85], [0.89, 0.17, 0.59], [0.12, 1.16, 0.02], [0.76, 0.18, 0.3], [0.04, 0.92, 0.0], [1.5, 0.28, 1.17], [0.68, 0.16, 1.03], [2.1, 0.05, 1.08], [2.26, 4.52, 0.06], [4.18, 0.13, 2.2], [2.41, 4.47, 2.44], [1.35, 4.45, 0.75], [0.36, 0.26, 0.25], [11.77, 4.34, 1.31]]","[312, 299, 332, 344, 338, 366, 387, 367, 365, 371, 358, 364, 376, 380]",18.3
789,1788358522742349539,307200,88973,24,13,155.4,"[23.0, 44.6, 46.3, 48.0, 81.3, 88.8, 90.7, 92.7, 93.4, 97.5, 100.4, 106.5, 155.4]","['OUTSIDE', 'NEAR', 'RAIL', 'RAIL', 'INSIDE', 'OUTSIDE', 'OUTSIDE', 'OUTSIDE', 'INSIDE', 'OUTSIDE', 'INSIDE', 'INSIDE', 'INSIDE']","[[1.33, 0.28, 1.54], [0.12, 0.17, 1.48], [0.96, 0.12, 0.75], [0.74, 0.21, 0.25], [3.34, 4.31, 2.75], [1.24, 0.36, 1.15], [0.38, 0.03, 0.62], [0.92, 0.14, 1.04], [4.18, 4.56, 2.45], [1.18, 0.09, 1.91], [2.7, 4.44, 0.49], [2.34, 4.49, 0.71], [9.53, 4.32, 0.62]]","[299, 312, 363, 344, 374, 366, 387, 365, 367, 371, 358, 364, 380]",20.9
790,1788358522842509590,307200,87056,24,16,156.3,"[27.1, 45.2, 46.2, 46.9, 69.2, 81.4, 84.9, 86.3, 90.1, 90.1, 93.0, 96.8, 100.6, 106.0, 143.4, 156.3]","['OUTSIDE', 'NEAR', 'OUTSIDE', 'OUTSIDE', 'NEAR', 'INSIDE', 'OUTSIDE', 'INSIDE', 'OUTSIDE', 'OUTSIDE', 'INSIDE', 'OUTSIDE', 'INSIDE', 'INSIDE', 'INSIDE', 'INSIDE']","[[0.82, 0.18, 1.79], [0.56, 0.2, 1.0], [0.58, 0.21, 1.03], [0.1, 2.2, 0.03], [8.03, 0.25, 2.75], [4.01, 4.39, 2.53], [2.12, 0.23, 1.66], [2.87, 4.63, 0.29], [0.33, 0.19, 1.19], [2.08, 0.15, 0.99], [1.07, 4.54, 2.44], [1.15, 0.1, 2.17], [2.09, 4.45, 1.76], [2.13, 4.46, 0.71], [2.15, 4.4, 0.69], [10.94, 4.41, 1.3]]","[312, 299, 363, 205, 298, 374, 381, 338, 387, 331, 367, 371, 358, 364, 196, 380]",23.7
791,1788358522939580659,307200,85340,27,14,106.0,"[21.7, 43.6, 45.4, 47.4, 68.5, 79.6, 81.1, 84.1, 86.9, 92.1, 95.9, 100.8, 102.3, 106.0]","['OUTSIDE', 'RAIL', 'RAIL', 'INSIDE', 'NEAR', 'OUTSIDE', 'OUTSIDE', 'INSIDE', 'INSIDE', 'INSIDE', 'OUTSIDE', 'OUTSIDE', 'INSIDE', 'OUTSIDE']","[[2.44, 0.19, 1.72], [0.09, 0.17, 0.52], [0.8, 0.15, 0.34], [0.29, 2.74, 0.01], [7.95, 0.25, 2.56], [1.16, 0.19, 1.25], [1.43, 0.26, 0.91], [4.53, 4.59, 2.78], [5.23, 4.33, 2.76], [7.32, 4.68, 2.45], [1.57, 0.08, 1.95], [1.32, 1.64, 2.25], [1.24, 3.59, 0.92], [0.87, 0.96, 0.71]]","[312, 363, 344, 299, 298, 374, 359, 342, 338, 367, 371, 358, 372, 364]",21.1
792,1788358523052447771,307200,85389,27,17,155.6,"[21.0, 27.1, 41.8, 45.0, 45.6, 46.6, 67.9, 79.1, 83.4, 86.3, 88.8, 92.7, 95.2, 99.7, 101.6, 105.1, 155.6]","['OUTSIDE', 'NEAR', 'NEAR', 'NEAR', 'OUTSIDE', 'RAIL', 'NEAR', 'OUTSIDE', 'INSIDE', 'INSIDE', 'OUTSIDE', 'INSIDE', 'OUTSIDE', 'OUTSIDE', 'INSIDE', 'INSIDE', 'INSIDE']","[[1.52, 0.27, 1.4], [0.61, 0.11, 0.4], [0.84, 0.19, 1.33], [0.67, 0.16, 0.28], [0.13, 2.29, 0.03], [0.7, 0.19, 0.37], [7.88, 0.25, 2.55], [1.51, 0.22, 2.09], [4.45, 4.04, 2.75], [5.12, 4.6, 2.74], [2.07, 0.1, 0.98], [3.71, 4.7, 2.44], [1.76, 0.11, 1.95], [0.57, 1.11, 0.64], [1.24, 2.14, 0.91], [2.39, 4.29, 1.65], [10.44, 4.55, 0.62]]","[312, 363, 389, 299, 205, 344, 298, 374, 342, 338, 331, 367, 371, 358, 372, 364, 380]",27.1
793,1788358523146271354,307200,83263,23,15,154.3,"[20.3, 42.1, 45.3, 45.9, 46.1, 67.1, 80.8, 87.5, 89.0, 93.6, 95.2, 99.1, 101.0, 104.8, 154.3]","['OUTSIDE', 'RAIL', 'RAIL', 'RAIL', 'RAIL', 'NEAR', 'RAIL', 'RAIL', 'INSIDE', 'OUTSIDE', 'OUTSIDE', 'OUTSIDE', 'INSIDE', 'INSIDE', 'INSIDE']","[[0.54, 0.19, 1.09], [0.54, 0.07, 0.81], [0.46, 0.11, 0.54], [0.85, 0.48, 0.59], [0.78, 0.22, 0.36], [8.13, 0.29, 2.39], [2.59, 0.18, 0.53], [0.28, 0.58, 0.6], [8.05, 4.73, 2.74], [2.04, 1.38, 2.05], [1.8, 0.1, 1.09], [0.5, 0.41, 0.64], [1.2, 3.54, 0.03], [1.52, 4.08, 0.73], [9.14, 4.27, 0.61]]","[363, 389, 299, 312, 344, 298, 359, 366, 331, 365, 371, 358, 372, 364, 380]",28.3
794,1788358523238170949,307200,80312,23,13,115.9,"[19.6, 45.5, 46.1, 49.6, 69.0, 82.1, 86.8, 90.7, 95.2, 100.0, 104.5, 113.8, 115.9]","['NEAR', 'OUTSIDE', 'RAIL', 'RAIL', 'NEAR', 'INSIDE', 'INSIDE', 'OUTSIDE', 'INSIDE', 'INSIDE', 'OUTSIDE', 'OUTSIDE', 'INSIDE']","[[1.44, 0.22, 1.84], [0.44, 0.18, 2.1], [1.08, 0.32, 0.59], [0.85, 0.2, 0.35], [3.05, 0.27, 2.42], [3.11, 4.63, 2.57], [1.92, 4.56, 2.73], [0.41, 0.9, 0.85], [9.63, 4.65, 2.69], [4.25, 4.45, 2.44], [2.98, 0.92, 1.18], [0.44, 0.57, 0.5], [1.31, 4.23, 0.02]]","[389, 363, 312, 344, 298, 342, 338, 365, 331, 372, 364, 368, 394]",32.5
795,1788358523357068403,307200,77487,23,14,152.9,"[39.4, 45.8, 48.7, 67.3, 81.4, 87.3, 92.7, 93.9, 93.9, 98.8, 104.1, 113.1, 114.7, 152.9]","['OUTSIDE', 'NEAR', 'INSIDE', 'NEAR', 'INSIDE', 'INSIDE', 'INSIDE', 'OUTSIDE', 'OUTSIDE', 'INSIDE', 'INSIDE', 'OUTSIDE', 'INSIDE', 'INSIDE']","[[0.77, 0.2, 1.6], [0.9, 0.19, 1.07], [0.2, 2.53, 0.33], [4.95, 0.2, 2.34], [3.0, 4.62, 1.99], [8.21, 4.74, 2.72], [1.04, 4.25, 2.42], [0.8, 1.08, 0.81], [2.11, 0.18, 0.9], [3.04, 4.58, 2.4], [2.39, 4.39, 0.74], [0.45, 0.4, 0.5], [0.19, 4.2, 0.0], [9.18, 4.23, 0.61]]","[389, 363, 299, 298, 342, 338, 367, 365, 371, 354, 364, 368, 394, 208]",36.7
796,1788358523441771310,307200,72711,19,11,152.3,"[18.3, 43.7, 45.1, 47.7, 65.1, 80.9, 88.4, 92.7, 98.9, 113.1, 152.3]","['NEAR', 'OUTSIDE', 'RAIL', 'RAIL', 'INSIDE', 'INSIDE', 'OUTSIDE', 'INSIDE', 'INSIDE', 'INSIDE', 'INSIDE']","[[2.8, 0.25, 1.79], [1.48, 0.15, 1.06], [0.34, 0.15, 0.18], [0.8, 0.22, 0.33], [8.06, 1.51, 2.87], [3.25, 4.58, 2.41], [1.09, 0.14, 1.03], [11.79, 4.72, 2.7], [3.7, 4.55, 0.69], [1.83, 4.75, 0.73], [9.03, 4.48, 0.6]]","[389, 363, 312, 344, 298, 342, 371, 338, 354, 394, 208]",27.2
797,1788358523541291091,307200,65624,31,17,114.0,"[17.6, 39.4, 44.5, 46.4, 47.4, 75.8, 80.2, 84.8, 85.2, 88.5, 92.9, 98.2, 100.1, 102.2, 107.9, 111.7, 114.0]","['OUTSIDE', 'OUTSIDE', 'NEAR', 'RAIL', 'INSIDE', 'OUTSIDE', 'OUTSIDE', 'OUTSIDE', 'OUTSIDE', 'INSIDE', 'INSIDE', 'OUTSIDE', 'INSIDE', 'OUTSIDE', 'INSIDE', 'OUTSIDE', 'INSIDE']","[[0.55, 0.15, 1.57], [0.66, 0.15, 1.14], [0.2, 0.16, 0.65], [0.81, 0.24, 0.4], [0.05, 2.48, 0.0], [1.61, 0.18, 2.39], [2.06, 0.17, 1.79], [0.72, 0.19, 0.94], [1.53, 0.31, 1.56], [9.44, 4.69, 2.78], [4.89, 4.65, 2.48], [2.5, 0.72, 1.73], [0.15, 3.49, 0.0], [1.28, 0.26, 1.96], [0.09, 3.01, 0.0], [0.41, 0.39, 0.49], [1.06, 4.38, 0.02]]","[389, 363, 312, 344, 299, 374, 342, 366, 387, 381, 367, 358, 372, 364, 394, 368, 376]",23.5
798,1788358523641450029,307200,59464,32,21,159.5,"[16.9, 37.7, 39.7, 44.2, 45.8, 46.9, 75.4, 82.1, 84.6, 84.7, 85.8, 88.5, 89.3, 93.2, 98.7, 100.1, 105.3, 111.0, 115.2, 150.9, 159.5]","['OUTSIDE', 'OUTSIDE', 'NEAR', 'RAIL', 'RAIL', 'RAIL', 'OUTSIDE', 'INSIDE', 'OUTSIDE', 'OUTSIDE', 'OUTSIDE', 'OUTSIDE', 'INSIDE', 'INSIDE', 'OUTSIDE', 'INSIDE', 'RAIL', 'OUTSIDE', 'INSIDE', 'INSIDE', 'INSIDE']","[[2.28, 0.25, 1.62], [1.82, 0.23, 1.72], [0.43, 0.21, 1.23], [0.33, 0.08, 1.0], [0.28, 0.29, 0.09], [0.86, 0.23, 0.39], [0.9, 0.18, 2.18], [3.01, 4.61, 0.59], [0.31, 0.16, 0.56], [0.88, 0.15, 1.0], [2.11, 0.18, 0.93], [0.9, 0.33, 1.38], [5.32, 4.63, 2.73], [4.27, 4.33, 2.5], [1.13, 0.18, 1.14], [1.55, 4.56, 0.47], [0.05, 0.24, 0.16], [0.39, 0.27, 0.69], [0.33, 3.98, 0.94], [2.87, 4.31, 0.61], [5.7, 4.25, 1.02]]","[299, 389, 363, 312, 397, 344, 374, 381, 366, 387, 338, 331, 367, 365, 358, 372, 394, 368, 376, 208, 384]",17.5
799,1788358523743051730,307200,59712,28,17,154.6,"[16.2, 36.6, 38.0, 43.0, 45.2, 47.6, 83.6, 86.4, 90.7, 90.8, 93.9, 98.0, 99.4, 106.6, 110.3, 113.1, 154.6]","['OUTSIDE', 'OUTSIDE', 'OUTSIDE', 'OUTSIDE', 'NEAR', 'RAIL', 'INSIDE', 'INSIDE', 'OUTSIDE', 'OUTSIDE', 'INSIDE', 'OUTSIDE', 'INSIDE', 'INSIDE', 'OUTSIDE', 'INSIDE', 'INSIDE']","[[1.51, 0.35, 1.46], [0.31, 0.15, 1.43], [2.05, 0.21, 1.72], [1.62, 0.2, 1.78], [1.62, 0.24, 1.78], [0.85, 0.21, 0.4], [9.67, 4.69, 2.78], [3.34, 4.6, 2.71], [1.49, 0.22, 2.38], [1.83, 0.38, 1.2], [1.52, 4.3, 0.42], [1.08, 0.18, 1.28], [1.45, 4.53, 0.46], [0.34, 4.62, 0.48], [0.42, 0.22, 0.49], [0.18, 2.56, 0.0], [14.23, 4.37, 1.27]]","[299, 397, 389, 312, 363, 344, 381, 387, 371, 331, 365, 358, 354, 385, 368, 376, 380]",18.8
800,1788358523842748123,307200,60487,32,21,149.1,"[15.5, 35.7, 35.9, 43.3, 44.2, 46.3, 46.4, 73.7, 82.1, 84.3, 85.8, 92.0, 95.3, 97.5, 99.7, 103.4, 104.9, 105.4, 109.6, 111.8, 149.1]","['OUTSIDE', 'OUTSIDE', 'OUTSIDE', 'OUTSIDE', 'OUTSIDE', 'INSIDE', 'RAIL', 'OUTSIDE', 'OUTSIDE', 'OUTSIDE', 'INSIDE', 'INSIDE', 'OUTSIDE', 'INSIDE', 'OUTSIDE', 'INSIDE', 'OUTSIDE', 'INSIDE', 'OUTSIDE', 'INSIDE', 'INSIDE']","[[1.47, 0.3, 1.43], [1.09, 0.17, 1.62], [0.68, 0.18, 1.63], [0.63, 0.13, 1.03], [2.41, 0.18, 2.27], [0.33, 1.14, 0.33], [0.77, 0.27, 0.41], [1.67, 0.16, 1.96], [2.79, 0.43, 2.21], [1.74, 0.19, 0.6], [12.53, 4.62, 2.73], [3.6, 4.67, 2.43], [0.95, 0.19, 1.1], [1.27, 4.48, 0.87], [0.62, 0.39, 1.07], [0.17, 1.26, 0.0], [1.6, 0.46, 1.36], [1.32, 3.67, 0.47], [0.42, 0.38, 0.7], [1.09, 4.3, 0.47], [7.41, 4.53, 0.59]]","[299, 389, 312, 398, 363, 397, 344, 374, 359, 366, 381, 365, 358, 354, 372, 364, 385, 394, 368, 376, 208]",18.3
801,1788358523940895496,307200,62016,24,14,150.3,"[44.6, 45.7, 46.7, 81.2, 88.7, 89.6, 91.6, 92.8, 96.5, 98.7, 104.6, 108.9, 111.6, 150.3]","['NEAR', 'OUTSIDE', 'OUTSIDE', 'INSIDE', 'OUTSIDE', 'OUTSIDE', 'INSIDE', 'INSIDE', 'OUTSIDE', 'INSIDE', 'INSIDE', 'OUTSIDE', 'INSIDE', 'INSIDE']","[[0.62, 0.2, 1.43], [0.56, 0.16, 0.3], [0.5, 0.2, 1.1], [11.11, 4.68, 2.78], [0.73, 0.48, 1.54], [1.87, 0.2, 2.34], [0.5, 0.93, 0.82], [1.6, 4.28, 1.42], [0.99, 0.19, 0.01], [2.67, 4.38, 1.72], [1.2, 4.42, 1.85], [0.43, 0.24, 0.69], [0.28, 4.48, 0.01], [8.67, 4.51, 0.59]]","[363, 398, 312, 359, 331, 371, 365, 358, 354, 372, 394, 368, 376, 208]",15.2
802,1788358524065375202,307200,64076,28,17,153.1,"[31.8, 34.4, 36.0, 45.5, 47.0, 71.6, 76.1, 83.3, 83.4, 85.8, 92.0, 95.7, 99.4, 102.4, 103.8, 107.0, 153.1]","['OUTSIDE', 'NEAR', 'OUTSIDE', 'RAIL', 'INSIDE', 'OUTSIDE', 'OUTSIDE', 'INSIDE', 'RAIL', 'INSIDE', 'OUTSIDE', 'INSIDE', 'INSIDE', 'RAIL', 'OUTSIDE', 'INSIDE', 'INSIDE']","[[1.47, 0.39, 1.45], [1.4, 0.23, 1.8], [0.09, 0.21, 1.03], [0.75, 0.28, 0.35], [0.21, 1.91, 0.3], [2.56, 0.18, 2.42], [3.12, 0.21, 1.67], [2.27, 4.59, 0.23], [1.86, 0.15, 0.7], [10.04, 4.68, 2.72], [2.64, 0.47, 2.43], [3.23, 4.34, 1.44], [1.86, 4.36, 0.68], [0.04, 0.24, 0.15], [1.08, 0.49, 0.71], [2.67, 4.52, 1.66], [12.77, 4.53, 1.26]]","[299, 398, 363, 402, 397, 374, 342, 381, 366, 387, 358, 354, 372, 394, 385, 368, 380]",17.1
803,1788358524149402072,307200,55973,28,20,156.6,"[38.2, 43.3, 44.4, 46.4, 47.3, 71.0, 75.9, 81.6, 84.6, 87.1, 87.1, 92.7, 97.9, 99.7, 101.2, 101.7, 102.5, 106.4, 148.2, 156.6]","['OUTSIDE', 'NEAR', 'NEAR', 'OUTSIDE', 'NEAR', 'OUTSIDE', 'OUTSIDE', 'OUTSIDE', 'OUTSIDE', 'INSIDE', 'INSIDE', 'INSIDE', 'OUTSIDE', 'INSIDE', 'RAIL', 'INSIDE', 'OUTSIDE', 'INSIDE', 'INSIDE', 'INSIDE']","[[0.29, 0.21, 0.49], [1.77, 0.28, 2.89], [0.29, 0.21, 0.93], [0.44, 0.18, 0.69], [0.45, 0.18, 0.64], [2.68, 0.18, 2.39], [4.15, 0.18, 2.37], [4.19, 0.66, 2.15], [0.98, 0.51, 0.61], [3.18, 4.42, 1.4], [9.23, 4.63, 2.81], [6.05, 4.53, 2.11], [1.3, 0.38, 1.93], [0.11, 2.61, 0.0], [0.05, 0.23, 0.15], [0.1, 2.47, 0.0], [2.18, 0.49, 1.17], [2.62, 4.5, 1.68], [4.76, 4.37, 0.59], [4.21, 4.15, 1.01]]","[401, 312, 363, 389, 403, 374, 342, 366, 331, 387, 381, 358, 372, 364, 394, 385, 368, 376, 208, 384]",17.9
804,1788358524248213947,307200,57754,28,21,155.9,"[32.8, 34.1, 34.6, 35.9, 36.0, 44.4, 45.7, 46.4, 47.9, 81.6, 83.8, 86.4, 92.7, 97.1, 99.0, 100.4, 100.9, 102.4, 102.8, 147.1, 155.9]","['OUTSIDE', 'OUTSIDE', 'NEAR', 'OUTSIDE', 'NEAR', 'OUTSIDE', 'OUTSIDE', 'INSIDE', 'INSIDE', 'OUTSIDE', 'INSIDE', 'INSIDE', 'INSIDE', 'OUTSIDE', 'OUTSIDE', 'INSIDE', 'RAIL', 'OUTSIDE', 'INSIDE', 'INSIDE', 'INSIDE']","[[1.76, 0.34, 1.39], [1.77, 0.35, 1.78], [0.27, 0.19, 1.39], [0.67, 0.2, 1.81], [0.13, 0.17, 1.1], [1.05, 0.2, 1.87], [0.8, 0.18, 1.45], [0.86, 1.33, 0.93], [0.29, 2.53, 0.02], [0.74, 0.28, 1.27], [4.06, 4.54, 2.16], [9.13, 4.62, 2.77], [4.58, 4.44, 2.49], [1.36, 0.22, 1.91], [0.1, 1.55, 0.0], [0.15, 2.98, 0.0], [0.19, 0.35, 0.15], [1.08, 0.38, 0.7], [0.04, 1.44, 0.0], [1.44, 4.43, 0.28], [4.21, 4.22, 1.0]]","[299, 397, 312, 398, 363, 403, 400, 401, 402, 366, 387, 381, 358, 372, 364, 385, 394, 368, 376, 208, 384]",18.2
805,1788358524345987309,307200,58353,30,22,155.2,"[32.2, 33.5, 35.3, 37.9, 40.8, 45.3, 47.7, 69.4, 76.0, 80.9, 81.0, 86.0, 90.4, 94.3, 96.3, 98.2, 99.7, 100.2, 101.4, 102.1, 145.8, 155.2]","['OUTSIDE', 'OUTSIDE', 'OUTSIDE', 'OUTSIDE', 'OUTSIDE', 'OUTSIDE', 'RAIL', 'OUTSIDE', 'OUTSIDE', 'OUTSIDE', 'OUTSIDE', 'INSIDE', 'INSIDE', 'OUTSIDE', 'OUTSIDE', 'OUTSIDE', 'RAIL', 'INSIDE', 'OUTSIDE', 'INSIDE', 'INSIDE', 'INSIDE']","[[1.47, 0.31, 1.63], [2.54, 0.33, 1.75], [0.2, 0.17, 1.33], [6.46, 0.25, 2.04], [1.09, 0.17, 1.7], [2.37, 0.23, 2.29], [0.33, 0.47, 0.5], [2.56, 0.25, 2.17], [1.14, 0.2, 1.34], [0.69, 0.3, 0.9], [0.14, 0.55, 1.12], [13.38, 4.7, 2.8], [7.81, 4.51, 2.52], [1.19, 0.2, 0.65], [1.39, 0.22, 1.89], [0.1, 0.86, 0.0], [0.11, 0.23, 0.15], [0.13, 3.83, 0.0], [0.57, 0.43, 0.68], [0.09, 3.03, 0.0], [2.5, 4.15, 0.28], [4.34, 4.2, 1.0]]","[299, 397, 400, 408, 398, 403, 402, 374, 342, 366, 331, 359, 367, 358, 372, 364, 394, 385, 368, 376, 208, 384]",14.9
806,1788358524446586795,307200,59114,27,20,149.7,"[34.7, 34.8, 36.9, 37.8, 38.9, 40.9, 41.9, 43.0, 44.5, 46.6, 47.7, 69.0, 81.9, 85.9, 89.0, 95.4, 100.7, 100.9, 113.1, 149.7]","['OUTSIDE', 'OUTSIDE', 'RAIL', 'OUTSIDE', 'OUTSIDE', 'OUTSIDE', 'OUTSIDE', 'OUTSIDE', 'OUTSIDE', 'OUTSIDE', 'OUTSIDE', 'OUTSIDE', 'INSIDE', 'OUTSIDE', 'INSIDE', 'OUTSIDE', 'OUTSIDE', 'INSIDE', 'INSIDE', 'INSIDE']","[[2.87, 0.35, 1.81], [0.78, 0.2, 2.88], [0.33, 0.15, 0.73], [0.72, 0.23, 1.63], [0.55, 0.17, 1.7], [0.45, 0.16, 1.96], [1.36, 0.23, 1.77], [0.59, 0.19, 1.34], [0.63, 0.18, 1.9], [1.0, 0.18, 1.46], [0.56, 0.26, 0.61], [3.2, 0.22, 2.0], [2.1, 4.68, 2.76], [2.01, 0.22, 2.67], [9.26, 4.62, 2.53], [0.8, 0.21, 1.23], [0.78, 0.44, 0.68], [1.12, 4.25, 0.03], [2.18, 4.35, 0.69], [13.5, 4.64, 1.23]]","[397, 401, 400, 408, 389, 312, 398, 363, 403, 402, 299, 374, 359, 338, 367, 372, 368, 385, 399, 380]",12.9
807,1788358524547271550,307200,57045,26,18,153.6,"[31.2, 33.7, 35.2, 37.7, 41.2, 43.0, 43.5, 45.8, 47.8, 80.9, 81.9, 88.7, 98.2, 99.4, 100.2, 111.8, 144.1, 153.6]","['OUTSIDE', 'OUTSIDE', 'OUTSIDE', 'OUTSIDE', 'OUTSIDE', 'OUTSIDE', 'OUTSIDE', 'OUTSIDE', 'INSIDE', 'RAIL', 'INSIDE', 'INSIDE', 'INSIDE', 'OUTSIDE', 'INSIDE', 'INSIDE', 'INSIDE', 'INSIDE']","[[2.55, 0.35, 1.94], [1.68, 0.42, 1.7], [0.46, 0.16, 1.4], [3.47, 0.24, 1.88], [2.65, 0.22, 1.98], [1.69, 0.2, 1.7], [1.46, 0.23, 2.76], [1.43, 0.2, 1.82], [0.07, 1.5, 0.0], [1.0, 0.04, 0.74], [10.5, 4.66, 2.81], [8.6, 4.61, 2.51], [0.17, 1.88, 0.0], [1.53, 0.32, 1.14], [1.31, 4.39, 0.65], [1.22, 3.91, 0.02], [2.65, 4.34, 0.28], [4.18, 4.42, 0.99]]","[397, 299, 400, 401, 312, 389, 403, 363, 402, 366, 359, 367, 364, 368, 385, 399, 208, 384]",16.9
808,1788358524649398316,307200,57407,26,18,152.1,"[29.7, 32.8, 37.3, 41.0, 43.0, 45.3, 47.6, 80.1, 85.2, 86.3, 90.4, 94.1, 97.4, 98.7, 99.4, 111.5, 142.7, 152.1]","['OUTSIDE', 'OUTSIDE', 'OUTSIDE', 'OUTSIDE', 'OUTSIDE', 'OUTSIDE', 'INSIDE', 'OUTSIDE', 'RAIL', 'INSIDE', 'INSIDE', 'OUTSIDE', 'INSIDE', 'OUTSIDE', 'INSIDE', 'INSIDE', 'INSIDE', 'INSIDE']","[[3.4, 0.36, 2.56], [4.63, 0.25, 1.86], [1.46, 0.2, 2.24], [1.11, 0.21, 1.7], [2.05, 0.24, 2.14], [0.7, 0.25, 2.09], [0.23, 1.04, 0.28], [3.11, 0.34, 1.4], [1.08, 0.21, 0.95], [4.2, 4.62, 2.12], [3.32, 4.5, 1.82], [1.4, 0.21, 2.26], [0.19, 1.87, 0.0], [1.59, 0.42, 1.13], [1.4, 4.16, 0.65], [2.16, 4.08, 0.68], [1.35, 3.97, 0.01], [5.67, 4.41, 0.97]]","[299, 401, 312, 389, 363, 403, 397, 366, 331, 387, 367, 372, 364, 368, 385, 399, 208, 384]",14.5
809,1788358524757624220,307200,45878,22,14,152.0,"[38.7, 42.3, 43.8, 44.3, 44.8, 45.7, 82.2, 88.2, 92.5, 99.7, 104.9, 111.3, 144.3, 152.0]","['OUTSIDE', 'OUTSIDE', 'RAIL', 'OUTSIDE', 'OUTSIDE', 'OUTSIDE', 'INSIDE', 'INSIDE', 'INSIDE', 'INSIDE', 'INSIDE', 'OUTSIDE', 'INSIDE', 'INSIDE']","[[1.33, 0.22, 1.69], [0.52, 0.19, 1.08], [0.56, 0.14, 0.98], [0.5, 0.18, 1.61], [0.46, 0.22, 1.53], [0.55, 0.14, 1.16], [7.26, 4.65, 2.74], [6.45, 4.58, 2.5], [2.37, 4.25, 1.2], [1.33, 4.5, 0.67], [1.22, 4.37, 0.03], [1.06, 0.58, 0.68], [3.55, 4.56, 0.57], [4.2, 4.39, 0.98]]","[389, 398, 363, 403, 408, 402, 359, 367, 365, 385, 376, 399, 208, 384]",15.0
810,1788358524848602017,307200,51273,22,13,151.3,"[29.5, 29.7, 43.4, 45.4, 86.7, 93.0, 96.2, 97.2, 98.7, 104.2, 110.0, 142.9, 151.3]","['RAIL', 'OUTSIDE', 'OUTSIDE', 'INSIDE', 'INSIDE', 'INSIDE', 'RAIL', 'OUTSIDE', 'INSIDE', 'INSIDE', 'OUTSIDE', 'INSIDE', 'INSIDE']","[[0.76, 0.19, 0.73], [1.73, 0.2, 2.51], [1.88, 0.21, 1.38], [0.06, 2.49, 0.01], [3.02, 4.6, 2.48], [2.63, 4.54, 1.36], [0.27, 0.33, 0.14], [0.02, 0.44, 0.26], [1.75, 4.29, 0.24], [1.22, 4.34, 0.03], [2.48, 0.41, 2.12], [4.73, 4.54, 0.58], [4.32, 4.36, 0.97]]","[397, 398, 403, 299, 367, 365, 358, 368, 385, 376, 399, 208, 384]",16.1
811,1788358524946374549,307200,58634,28,18,146.2,"[30.5, 31.0, 35.9, 40.5, 42.2, 43.1, 44.1, 45.1, 46.2, 70.2, 81.3, 85.5, 90.1, 92.8, 96.9, 97.0, 108.7, 146.2]","['OUTSIDE', 'OUTSIDE', 'OUTSIDE', 'OUTSIDE', 'OUTSIDE', 'OUTSIDE', 'OUTSIDE', 'RAIL', 'OUTSIDE', 'OUTSIDE', 'RAIL', 'INSIDE', 'INSIDE', 'OUTSIDE', 'OUTSIDE', 'INSIDE', 'INSIDE', 'INSIDE']","[[3.96, 0.41, 1.93], [6.43, 0.28, 2.13], [0.98, 0.18, 1.68], [0.63, 0.19, 1.68], [0.62, 0.15, 1.05], [0.58, 0.18, 1.58], [0.31, 0.19, 1.14], [0.59, 0.19, 0.72], [0.77, 0.36, 0.82], [5.22, 0.26, 2.62], [0.12, 0.5, 0.89], [3.86, 4.63, 2.45], [3.52, 4.58, 2.61], [1.27, 0.26, 1.04], [1.02, 0.4, 0.45], [1.32, 4.42, 0.88], [1.18, 3.8, 0.02], [12.98, 4.63, 1.2]]","[397, 400, 312, 389, 398, 403, 363, 402, 299, 374, 366, 387, 365, 372, 368, 364, 399, 208]",14.8
812,1788358525056892068,307200,59491,28,17,146.1,"[28.2, 32.2, 37.5, 41.4, 41.9, 43.4, 44.8, 46.1, 49.6, 88.8, 91.2, 94.6, 95.1, 100.0, 103.2, 109.7, 146.1]","['OUTSIDE', 'OUTSIDE', 'OUTSIDE', 'RAIL', 'OUTSIDE', 'OUTSIDE', 'OUTSIDE', 'NEAR', 'OUTSIDE', 'OUTSIDE', 'INSIDE', 'RAIL', 'OUTSIDE', 'INSIDE', 'INSIDE', 'OUTSIDE', 'INSIDE']","[[0.46, 0.16, 1.26], [6.73, 0.41, 1.96], [3.01, 0.22, 2.87], [0.36, 0.14, 0.64], [1.49, 0.17, 2.0], [0.41, 0.18, 1.54], [1.87, 0.2, 1.79], [0.3, 0.2, 1.42], [0.77, 0.13, 0.68], [1.11, 0.21, 1.99], [3.18, 4.54, 2.29], [0.37, 0.38, 0.14], [2.99, 0.42, 1.23], [1.22, 4.24, 1.27], [0.23, 4.5, 0.0], [2.39, 0.34, 2.09], [11.66, 4.6, 1.2]]","[397, 299, 401, 312, 389, 363, 403, 402, 398, 365, 372, 358, 368, 385, 376, 399, 208]",16.4
813,1788358525162164575,307200,58589,25,19,145.9,"[33.3, 36.9, 38.9, 41.1, 42.5, 43.6, 44.9, 48.9, 67.6, 87.3, 90.1, 93.4, 93.7, 95.3, 96.0, 99.9, 103.7, 109.6, 145.9]","['OUTSIDE', 'OUTSIDE', 'OUTSIDE', 'OUTSIDE', 'OUTSIDE', 'OUTSIDE', 'OUTSIDE', 'OUTSIDE', 'OUTSIDE', 'INSIDE', 'OUTSIDE', 'INSIDE', 'RAIL', 'OUTSIDE', 'INSIDE', 'INSIDE', 'RAIL', 'OUTSIDE', 'INSIDE']","[[4.59, 0.27, 2.19], [1.28, 0.2, 1.84], [1.43, 0.22, 1.54], [1.45, 0.21, 2.32], [0.39, 0.16, 1.63], [1.05, 0.18, 1.79], [1.08, 0.22, 1.51], [0.56, 0.21, 1.7], [3.14, 0.27, 2.5], [2.48, 4.62, 2.52], [1.32, 0.38, 2.37], [0.23, 4.31, 1.03], [0.39, 0.38, 0.14], [1.05, 0.53, 1.05], [0.51, 2.47, 0.4], [2.38, 4.57, 0.91], [1.57, 0.17, 0.67], [2.65, 0.39, 1.0], [10.83, 4.56, 1.21]]","[299, 401, 408, 312, 363, 403, 407, 389, 374, 367, 372, 368, 358, 364, 385, 394, 376, 399, 208]",17.9
814,1788358525245320723,307200,59000,26,18,144.3,"[29.6, 37.8, 38.2, 40.8, 43.6, 49.1, 49.2, 84.7, 86.4, 87.4, 89.0, 93.0, 94.4, 97.4, 98.7, 101.2, 108.0, 144.3]","['OUTSIDE', 'OUTSIDE', 'OUTSIDE', 'OUTSIDE', 'OUTSIDE', 'RAIL', 'INSIDE', 'INSIDE', 'OUTSIDE', 'OUTSIDE', 'INSIDE', 'RAIL', 'OUTSIDE', 'OUTSIDE', 'INSIDE', 'OUTSIDE', 'OUTSIDE', 'INSIDE']","[[1.31, 0.19, 1.44], [2.57, 0.23, 2.0], [2.05, 0.23, 1.75], [1.29, 0.21, 1.94], [0.37, 0.16, 0.51], [0.85, 0.24, 0.97], [0.24, 1.2, 0.77], [2.5, 4.46, 2.46], [0.96, 0.09, 0.94], [1.55, 0.09, 1.74], [2.03, 4.4, 1.21], [0.21, 0.37, 0.14], [0.81, 0.41, 0.63], [0.54, 0.2, 0.41], [2.25, 4.37, 0.62], [2.56, 0.26, 0.49], [2.28, 0.29, 1.59], [11.61, 4.55, 1.18]]","[408, 312, 363, 407, 401, 398, 397, 387, 331, 365, 367, 358, 364, 394, 385, 376, 399, 208]",13.8
815,1788358525339943108,307200,47193,21,13,147.3,"[30.0, 36.0, 37.3, 39.9, 47.7, 52.4, 90.2, 91.7, 98.2, 102.2, 104.2, 138.5, 147.3]","['OUTSIDE', 'OUTSIDE', 'OUTSIDE', 'OUTSIDE', 'OUTSIDE', 'OUTSIDE', 'INSIDE', 'INSIDE', 'INSIDE', 'INSIDE', 'OUTSIDE', 'INSIDE', 'INSIDE']","[[0.49, 0.22, 1.5], [1.04, 0.22, 1.85], [2.58, 0.23, 2.38], [2.21, 0.21, 1.91], [0.84, 0.15, 1.0], [4.71, 0.24, 2.62], [0.1, 4.09, 0.0], [0.03, 1.44, 0.0], [2.77, 4.65, 1.72], [0.28, 3.6, 0.91], [1.15, 0.24, 1.11], [1.55, 4.2, 0.57], [7.57, 4.42, 0.95]]","[400, 401, 312, 407, 397, 398, 367, 368, 385, 376, 399, 208, 380]",13.8
816,1788358525452449418,307200,53812,19,16,103.9,"[29.5, 36.5, 38.5, 40.0, 41.8, 47.6, 81.0, 85.6, 89.8, 91.2, 92.7, 94.0, 97.1, 99.3, 102.8, 103.9]","['OUTSIDE', 'OUTSIDE', 'OUTSIDE', 'OUTSIDE', 'OUTSIDE', 'OUTSIDE', 'OUTSIDE', 'INSIDE', 'OUTSIDE', 'RAIL', 'OUTSIDE', 'INSIDE', 'OUTSIDE', 'INSIDE', 'OUTSIDE', 'INSIDE']","[[1.18, 0.19, 1.75], [1.3, 0.21, 1.94], [0.4, 0.18, 1.67], [2.63, 0.23, 2.46], [3.47, 0.27, 2.35], [0.84, 0.29, 1.29], [1.44, 0.25, 2.39], [5.07, 4.63, 2.46], [1.07, 0.26, 2.35], [0.41, 0.42, 0.14], [0.74, 0.41, 1.21], [1.37, 4.57, 0.03], [0.36, 0.36, 0.67], [1.25, 4.48, 1.75], [0.24, 0.24, 1.59], [2.4, 4.33, 0.05]]","[400, 408, 312, 389, 407, 397, 366, 387, 372, 358, 364, 368, 394, 385, 399, 376]",18.7
817,1788358525538002468,307200,49183,25,18,145.9,"[39.2, 42.0, 45.7, 46.9, 48.1, 49.5, 83.7, 86.8, 87.1, 90.0, 91.9, 92.0, 97.4, 97.9, 102.5, 110.2, 138.3, 145.9]","['OUTSIDE', 'OUTSIDE', 'OUTSIDE', 'OUTSIDE', 'OUTSIDE', 'OUTSIDE', 'OUTSIDE', 'OUTSIDE', 'INSIDE', 'RAIL', 'OUTSIDE', 'INSIDE', 'OUTSIDE', 'INSIDE', 'INSIDE', 'RAIL', 'INSIDE', 'INSIDE']","[[4.53, 0.23, 2.38], [0.33, 0.22, 1.48], [1.33, 0.25, 2.6], [0.62, 0.26, 1.38], [0.41, 0.19, 1.75], [0.99, 0.18, 1.4], [1.56, 0.19, 1.32], [0.18, 0.17, 1.95], [5.41, 4.61, 2.68], [1.22, 0.26, 0.36], [0.96, 0.35, 1.19], [1.33, 4.65, 0.84], [1.18, 0.17, 0.48], [0.2, 4.44, 0.64], [1.38, 4.3, 2.26], [0.01, 0.25, 0.48], [2.45, 4.62, 0.57], [4.19, 4.35, 0.95]]","[408, 389, 402, 407, 403, 398, 359, 365, 387, 358, 364, 367, 394, 385, 376, 411, 208, 380]",14.8
818,1788358525647037138,307200,49623,27,20,143.8,"[26.7, 35.8, 38.3, 39.8, 41.2, 46.2, 47.4, 48.3, 49.3, 81.3, 84.9, 87.2, 89.7, 90.4, 91.1, 95.8, 96.9, 104.5, 108.8, 143.8]","['OUTSIDE', 'OUTSIDE', 'OUTSIDE', 'OUTSIDE', 'OUTSIDE', 'OUTSIDE', 'RAIL', 'OUTSIDE', 'RAIL', 'INSIDE', 'INSIDE', 'OUTSIDE', 'RAIL', 'INSIDE', 'INSIDE', 'INSIDE', 'OUTSIDE', 'OUTSIDE', 'INSIDE', 'INSIDE']","[[3.18, 0.24, 1.84], [0.47, 0.18, 1.52], [1.3, 0.21, 1.66], [0.34, 0.17, 1.64], [0.37, 0.18, 0.63], [0.61, 0.16, 0.82], [0.26, 0.21, 0.53], [0.32, 0.15, 1.16], [0.35, 0.13, 0.34], [0.47, 3.11, 1.6], [2.86, 4.54, 1.73], [1.2, 0.32, 2.52], [0.11, 0.34, 0.36], [2.48, 3.97, 1.58], [1.13, 3.81, 0.81], [2.34, 4.55, 1.26], [3.07, 0.19, 1.56], [2.72, 0.32, 1.54], [0.11, 3.61, 0.0], [5.86, 4.34, 0.93]]","[400, 408, 312, 389, 402, 403, 407, 397, 398, 366, 387, 331, 358, 367, 368, 385, 394, 399, 411, 380]",15.1
819,1788358525742259452,307200,57947,25,17,144.2,"[36.3, 38.6, 39.9, 44.0, 46.5, 48.7, 50.7, 84.6, 88.7, 90.4, 94.5, 96.7, 100.8, 107.4, 110.5, 136.6, 144.2]","['OUTSIDE', 'OUTSIDE', 'OUTSIDE', 'OUTSIDE', 'OUTSIDE', 'OUTSIDE', 'OUTSIDE', 'INSIDE', 'RAIL', 'INSIDE', 'OUTSIDE', 'INSIDE', 'INSIDE', 'RAIL', 'INSIDE', 'INSIDE', 'INSIDE']","[[2.79, 0.23, 1.82], [0.45, 0.17, 1.44], [1.04, 0.21, 2.37], [0.47, 0.2, 1.74], [1.46, 0.24, 1.75], [1.21, 0.2, 1.95], [1.26, 0.2, 2.34], [2.57, 4.58, 2.67], [0.52, 0.49, 0.36], [3.52, 4.51, 1.83], [0.38, 0.32, 0.65], [1.26, 4.42, 1.52], [1.33, 4.23, 0.03], [2.18, 0.53, 0.69], [2.45, 4.28, 1.65], [2.35, 4.56, 0.56], [3.95, 4.28, 0.93]]","[400, 408, 312, 402, 363, 398, 407, 387, 358, 367, 385, 394, 376, 417, 411, 208, 380]",19.4
820,1788358525845525460,307200,58870,24,22,138.4,"[28.1, 33.1, 36.6, 39.5, 42.6, 45.0, 47.5, 49.4, 80.6, 82.8, 87.5, 87.8, 89.4, 94.0, 95.7, 98.3, 102.7, 105.5, 107.6, 110.1, 123.0, 138.4]","['OUTSIDE', 'OUTSIDE', 'OUTSIDE', 'OUTSIDE', 'OUTSIDE', 'OUTSIDE', 'OUTSIDE', 'OUTSIDE', 'OUTSIDE', 'INSIDE', 'INSIDE', 'RAIL', 'INSIDE', 'INSIDE', 'OUTSIDE', 'INSIDE', 'OUTSIDE', 'RAIL', 'INSIDE', 'INSIDE', 'INSIDE', 'INSIDE']","[[1.36, 0.26, 1.96], [4.46, 0.24, 1.62], [2.32, 0.25, 2.44], [0.14, 0.18, 1.48], [1.81, 0.23, 1.7], [0.59, 0.16, 1.53], [2.11, 0.22, 1.49], [0.9, 0.23, 0.76], [3.53, 0.43, 1.96], [2.77, 4.57, 2.59], [0.13, 4.28, 0.0], [0.45, 0.43, 0.35], [1.18, 4.58, 2.22], [2.76, 4.63, 2.25], [2.07, 0.15, 1.27], [1.65, 4.65, 0.9], [4.31, 0.37, 1.37], [0.03, 0.25, 0.16], [3.21, 4.45, 0.87], [1.92, 4.43, 1.01], [5.64, 4.44, 1.05], [13.48, 4.59, 1.13]]","[299, 400, 363, 312, 402, 398, 403, 397, 366, 387, 365, 358, 367, 385, 394, 376, 399, 417, 411, 413, 414, 208]",14.9
821,1788358525954890745,307200,59313,22,19,137.7,"[38.6, 42.6, 44.5, 44.8, 46.0, 49.5, 78.6, 83.3, 86.6, 87.7, 89.3, 93.5, 96.3, 98.6, 101.8, 105.8, 109.9, 123.6, 137.7]","['OUTSIDE', 'OUTSIDE', 'OUTSIDE', 'OUTSIDE', 'INSIDE', 'INSIDE', 'OUTSIDE', 'RAIL', 'INSIDE', 'OUTSIDE', 'INSIDE', 'INSIDE', 'INSIDE', 'OUTSIDE', 'OUTSIDE', 'INSIDE', 'INSIDE', 'INSIDE', 'INSIDE']","[[2.03, 0.22, 1.71], [1.12, 0.17, 1.74], [0.66, 0.19, 1.66], [0.32, 0.2, 2.38], [0.29, 2.04, 0.67], [0.42, 2.19, 0.02], [0.62, 0.16, 1.22], [1.05, 0.07, 1.14], [0.18, 2.42, 0.0], [1.51, 0.41, 0.85], [2.82, 3.76, 2.2], [1.85, 4.59, 2.26], [1.38, 3.86, 0.03], [0.98, 0.19, 1.89], [1.66, 0.23, 1.5], [1.84, 4.82, 2.03], [1.82, 4.59, 1.44], [5.62, 4.61, 1.05], [13.82, 4.59, 1.13]]","[363, 402, 403, 398, 405, 389, 366, 387, 365, 331, 367, 385, 376, 416, 399, 411, 413, 414, 208]",17.3
822,1788358526043247919,307200,59826,30,25,109.8,"[35.1, 36.3, 36.4, 41.8, 44.8, 45.7, 46.6, 47.6, 48.7, 77.8, 82.7, 84.3, 85.7, 86.1, 86.1, 89.4, 89.6, 90.2, 92.5, 94.7, 101.0, 101.5, 105.3, 106.0, 109.8]","['OUTSIDE', 'OUTSIDE', 'RAIL', 'OUTSIDE', 'OUTSIDE', 'RAIL', 'OUTSIDE', 'INSIDE', 'INSIDE', 'INSIDE', 'OUTSIDE', 'OUTSIDE', 'RAIL', 'INSIDE', 'OUTSIDE', 'OUTSIDE', 'INSIDE', 'INSIDE', 'OUTSIDE', 'INSIDE', 'INSIDE', 'OUTSIDE', 'INSIDE', 'OUTSIDE', 'OUTSIDE']","[[3.21, 0.24, 2.08], [2.35, 0.26, 2.03], [0.24, 0.17, 1.02], [0.85, 0.17, 1.52], [0.31, 0.19, 1.82], [0.31, 0.17, 0.98], [0.26, 0.11, 1.06], [0.32, 1.84, 0.64], [0.67, 1.96, 0.28], [0.22, 1.68, 0.88], [2.38, 0.15, 1.8], [0.12, 0.73, 0.0], [0.43, 0.34, 0.13], [0.1, 3.59, 0.0], [4.11, 0.5, 1.53], [0.12, 0.78, 0.0], [3.06, 2.2, 2.32], [1.57, 3.78, 0.04], [1.55, 0.35, 1.85], [0.09, 4.13, 0.0], [2.14, 4.19, 0.05], [3.6, 0.25, 1.97], [1.38, 3.91, 0.03], [3.09, 0.47, 0.74], [1.62, 1.17, 0.71]]","[400, 363, 402, 403, 398, 389, 407, 401, 405, 366, 387, 359, 358, 365, 331, 372, 367, 368, 364, 376, 399, 416, 411, 417, 413]",19.6
823,1788358526142337671,307200,60540,26,20,143.3,"[27.7, 32.4, 34.4, 37.9, 40.5, 42.6, 44.3, 47.8, 80.5, 84.8, 86.1, 92.1, 93.3, 97.9, 100.2, 104.4, 104.4, 106.2, 118.3, 143.3]","['OUTSIDE', 'OUTSIDE', 'OUTSIDE', 'OUTSIDE', 'OUTSIDE', 'OUTSIDE', 'OUTSIDE', 'NEAR', 'INSIDE', 'RAIL', 'INSIDE', 'OUTSIDE', 'INSIDE', 'INSIDE', 'OUTSIDE', 'RAIL', 'INSIDE', 'INSIDE', 'INSIDE', 'INSIDE']","[[5.2, 0.26, 1.81], [1.5, 0.21, 2.0], [1.47, 0.21, 1.62], [1.13, 0.18, 1.57], [0.27, 0.19, 1.79], [0.06, 0.09, 0.91], [0.38, 0.23, 0.97], [0.41, 0.76, 1.12], [3.31, 4.57, 2.73], [1.35, 0.32, 1.15], [4.75, 4.59, 2.73], [3.14, 0.36, 2.19], [1.17, 4.4, 0.03], [2.4, 4.08, 0.06], [4.68, 0.25, 1.55], [1.12, 0.22, 0.46], [0.12, 4.59, 0.93], [0.97, 2.63, 0.46], [1.64, 4.34, 0.02], [10.18, 4.45, 1.18]]","[299, 312, 363, 389, 407, 408, 397, 405, 387, 358, 365, 364, 385, 399, 416, 417, 411, 413, 414, 380]",13.8
824,1788358526245218023,307200,61115,18,14,106.6,"[41.5, 44.9, 45.9, 46.8, 75.8, 85.9, 85.9, 87.9, 90.5, 91.7, 94.9, 97.6, 103.2, 106.6]","['OUTSIDE', 'RAIL', 'OUTSIDE', 'OUTSIDE', 'OUTSIDE', 'RAIL', 'INSIDE', 'OUTSIDE', 'INSIDE', 'OUTSIDE', 'INSIDE', 'OUTSIDE', 'INSIDE', 'INSIDE']","[[5.33, 0.25, 2.32], [0.29, 0.17, 0.88], [0.64, 0.2, 1.61], [0.33, 0.24, 2.26], [1.0, 0.15, 2.04], [1.12, 0.41, 1.17], [1.24, 4.49, 0.03], [0.79, 0.2, 1.41], [4.62, 4.69, 2.42], [3.13, 0.1, 2.04], [1.52, 4.64, 0.86], [3.27, 0.35, 1.47], [1.72, 4.52, 1.99], [1.66, 4.44, 0.27]]","[363, 403, 402, 407, 366, 331, 365, 367, 368, 385, 376, 416, 411, 413]",16.8
825,1788358526368966028,307200,58024,25,19,137.9,"[39.0, 41.2, 43.1, 45.3, 74.9, 83.1, 83.5, 85.0, 85.0, 88.6, 91.5, 91.9, 93.3, 95.1, 98.5, 101.3, 104.0, 105.0, 137.9]","['OUTSIDE', 'OUTSIDE', 'OUTSIDE', 'OUTSIDE', 'OUTSIDE', 'OUTSIDE', 'RAIL', 'OUTSIDE', 'INSIDE', 'INSIDE', 'INSIDE', 'OUTSIDE', 'INSIDE', 'OUTSIDE', 'INSIDE', 'INSIDE', 'INSIDE', 'OUTSIDE', 'INSIDE']","[[3.03, 0.27, 1.99], [0.32, 0.18, 1.64], [2.23, 0.19, 1.72], [1.34, 0.25, 1.78], [0.95, 0.13, 1.33], [0.17, 1.74, 0.0], [0.26, 0.32, 0.34], [1.04, 0.34, 0.91], [1.13, 4.14, 0.59], [1.88, 4.72, 2.18], [1.7, 4.62, 1.83], [2.13, 0.35, 1.08], [0.03, 2.12, 0.0], [1.93, 0.28, 1.66], [2.44, 4.32, 0.45], [0.06, 1.24, 0.0], [0.17, 3.99, 0.0], [5.93, 0.45, 2.07], [5.87, 4.41, 1.17]]","[408, 363, 389, 402, 366, 359, 358, 331, 365, 368, 385, 364, 376, 416, 399, 411, 413, 417, 208]",19.1
826,1788358526445688457,307200,57709,29,21,136.4,"[31.6, 32.4, 37.9, 40.3, 41.7, 43.7, 45.1, 73.9, 78.8, 82.5, 83.0, 85.0, 85.8, 87.6, 90.0, 90.3, 90.5, 95.2, 101.4, 102.2, 136.4]","['OUTSIDE', 'OUTSIDE', 'OUTSIDE', 'OUTSIDE', 'OUTSIDE', 'OUTSIDE', 'NEAR', 'INSIDE', 'NEAR', 'RAIL', 'OUTSIDE', 'INSIDE', 'OUTSIDE', 'OUTSIDE', 'RAIL', 'INSIDE', 'OUTSIDE', 'INSIDE', 'RAIL', 'INSIDE', 'INSIDE']","[[5.23, 0.28, 2.85], [3.5, 0.26, 1.6], [0.51, 0.15, 1.59], [1.6, 0.19, 1.66], [1.46, 0.2, 2.86], [0.17, 0.19, 1.6], [0.43, 0.53, 0.87], [0.68, 2.81, 1.99], [1.6, 0.98, 1.78], [0.45, 0.41, 0.33], [3.16, 0.38, 1.1], [1.95, 4.63, 0.44], [1.03, 0.17, 1.18], [1.95, 0.48, 2.17], [0.11, 0.24, 0.99], [1.17, 4.43, 0.03], [2.07, 0.13, 0.43], [2.36, 4.54, 2.31], [0.03, 0.19, 0.44], [1.37, 4.67, 0.91], [7.4, 4.31, 1.15]]","[405, 408, 312, 363, 389, 402, 299, 366, 387, 358, 331, 365, 367, 368, 364, 385, 376, 416, 417, 411, 208]",16.6
827,1788358526544492762,307200,60478,26,18,136.6,"[28.1, 31.7, 34.3, 35.5, 36.4, 39.3, 42.3, 43.7, 50.4, 82.0, 82.5, 86.8, 88.4, 90.4, 94.9, 102.4, 116.7, 136.6]","['OUTSIDE', 'OUTSIDE', 'OUTSIDE', 'OUTSIDE', 'INSIDE', 'OUTSIDE', 'INSIDE', 'INSIDE', 'INSIDE', 'RAIL', 'INSIDE', 'INSIDE', 'OUTSIDE', 'INSIDE', 'INSIDE', 'INSIDE', 'INSIDE', 'INSIDE']","[[2.36, 0.22, 1.81], [0.36, 0.08, 0.91], [2.52, 0.23, 2.29], [0.88, 0.18, 1.43], [1.05, 2.94, 2.91], [0.25, 0.25, 0.74], [0.16, 2.88, 0.01], [0.23, 2.73, 0.02], [0.71, 2.82, 0.04], [0.63, 0.47, 0.33], [5.88, 4.69, 2.4], [1.93, 4.63, 0.98], [2.19, 0.1, 1.03], [2.68, 4.46, 1.62], [1.19, 4.49, 1.68], [2.26, 4.52, 1.99], [0.11, 4.48, 0.0], [4.18, 4.53, 0.88]]","[400, 299, 312, 363, 389, 397, 405, 401, 398, 358, 359, 365, 376, 385, 416, 411, 414, 208]",22.7
828,1788358526649259984,307200,61355,21,18,112.4,"[36.0, 38.7, 40.1, 41.3, 41.6, 42.6, 72.1, 75.7, 80.9, 82.2, 84.3, 87.6, 88.5, 91.3, 99.3, 100.3, 102.0, 112.4]","['OUTSIDE', 'OUTSIDE', 'OUTSIDE', 'OUTSIDE', 'OUTSIDE', 'INSIDE', 'OUTSIDE', 'OUTSIDE', 'RAIL', 'OUTSIDE', 'INSIDE', 'INSIDE', 'OUTSIDE', 'INSIDE', 'INSIDE', 'RAIL', 'INSIDE', 'INSIDE']","[[3.3, 0.26, 1.87], [0.96, 0.17, 1.61], [0.68, 0.19, 1.68], [0.68, 0.13, 1.63], [1.87, 0.25, 2.01], [0.07, 2.91, 0.01], [1.08, 0.17, 2.54], [3.54, 0.26, 2.21], [0.96, 0.32, 0.56], [1.1, 0.33, 0.71], [4.54, 4.7, 2.22], [3.35, 4.54, 2.52], [2.15, 0.11, 1.38], [1.49, 4.43, 1.22], [1.18, 4.31, 0.03], [2.11, 0.26, 0.44], [1.28, 4.49, 1.59], [1.45, 4.5, 0.72]]","[400, 312, 408, 363, 389, 402, 366, 387, 358, 331, 359, 365, 376, 385, 399, 417, 411, 414]",20.9
829,1788358526746733852,307200,63435,25,19,110.0,"[29.6, 32.5, 35.1, 37.5, 38.9, 39.2, 41.7, 71.0, 80.0, 81.6, 85.5, 87.8, 90.5, 92.8, 94.7, 97.1, 100.6, 103.4, 110.0]","['OUTSIDE', 'OUTSIDE', 'OUTSIDE', 'OUTSIDE', 'OUTSIDE', 'RAIL', 'NEAR', 'OUTSIDE', 'RAIL', 'INSIDE', 'OUTSIDE', 'INSIDE', 'INSIDE', 'OUTSIDE', 'OUTSIDE', 'INSIDE', 'INSIDE', 'OUTSIDE', 'INSIDE']","[[3.32, 0.27, 1.8], [0.27, 0.07, 0.86], [0.6, 0.19, 1.88], [2.13, 0.26, 1.98], [1.31, 0.23, 1.63], [1.09, 0.43, 0.32], [0.64, 0.67, 0.8], [1.26, 0.19, 1.91], [0.89, 0.45, 0.55], [0.52, 4.71, 0.56], [1.32, 0.23, 0.61], [6.23, 4.71, 2.1], [1.79, 4.54, 0.38], [3.01, 0.16, 1.59], [2.59, 1.83, 0.66], [1.21, 3.9, 0.03], [2.26, 4.43, 2.23], [1.38, 0.18, 0.46], [3.43, 4.7, 1.93]]","[299, 405, 312, 408, 363, 412, 397, 366, 358, 331, 368, 359, 385, 364, 416, 399, 411, 413, 414]",17.2
830,1788358526845863636,307200,66053,13,9,110.2,"[37.1, 49.6, 50.4, 79.1, 82.7, 85.3, 94.5, 102.5, 110.2]","['OUTSIDE', 'RAIL', 'INSIDE', 'RAIL', 'OUTSIDE', 'INSIDE', 'INSIDE', 'INSIDE', 'INSIDE']","[[9.27, 0.27, 2.06], [0.48, 0.21, 0.88], [0.12, 1.59, 0.01], [0.94, 0.47, 0.71], [2.43, 0.19, 1.07], [9.95, 4.68, 2.58], [4.32, 4.1, 1.72], [7.95, 4.59, 1.96], [2.02, 4.67, 1.2]]","[312, 398, 407, 358, 331, 359, 416, 411, 414]",18.1
831,1788358526942710727,307200,67986,23,19,145.1,"[30.6, 37.0, 37.3, 39.5, 39.6, 40.3, 77.8, 81.3, 85.6, 86.2, 89.8, 89.9, 92.3, 96.5, 97.0, 99.8, 102.1, 109.5, 145.1]","['OUTSIDE', 'OUTSIDE', 'RAIL', 'OUTSIDE', 'OUTSIDE', 'NEAR', 'RAIL', 'INSIDE', 'OUTSIDE', 'INSIDE', 'INSIDE', 'OUTSIDE', 'OUTSIDE', 'INSIDE', 'RAIL', 'INSIDE', 'OUTSIDE', 'INSIDE', 'INSIDE']","[[0.31, 0.13, 0.54], [3.2, 0.22, 2.18], [0.36, 0.16, 0.51], [0.47, 0.2, 0.98], [0.47, 0.17, 1.6], [0.08, 1.43, 0.0], [0.36, 0.43, 0.31], [5.06, 4.68, 2.63], [2.08, 0.24, 0.95], [2.08, 4.54, 1.52], [1.28, 4.2, 0.03], [2.73, 0.32, 1.39], [1.1, 0.19, 1.6], [1.13, 4.51, 0.85], [1.12, 0.37, 0.42], [2.28, 4.56, 1.57], [0.27, 0.24, 0.45], [2.65, 4.66, 1.92], [8.34, 2.26, 0.42]]","[405, 312, 408, 363, 389, 401, 358, 331, 368, 359, 385, 372, 364, 399, 416, 417, 413, 414, 380]",22.2
832,1788358527046143636,307200,71856,18,11,133.5,"[35.0, 36.0, 84.3, 85.8, 87.2, 90.4, 95.3, 95.9, 99.1, 108.1, 133.5]","['OUTSIDE', 'RAIL', 'INSIDE', 'OUTSIDE', 'OUTSIDE', 'INSIDE', 'OUTSIDE', 'INSIDE', 'INSIDE', 'INSIDE', 'INSIDE']","[[9.03, 0.28, 2.34], [1.51, 0.5, 0.3], [0.23, 4.41, 0.01], [0.33, 0.07, 1.33], [2.66, 0.34, 2.16], [4.19, 4.58, 1.98], [2.62, 0.25, 1.05], [1.88, 4.34, 1.23], [1.99, 4.52, 0.7], [2.4, 4.35, 1.9], [6.37, 4.48, 1.12]]","[299, 412, 359, 367, 368, 385, 416, 399, 417, 414, 208]",21.4
833,1788358527161460304,307200,73189,22,16,133.2,"[28.6, 32.7, 36.6, 38.1, 49.0, 75.7, 80.4, 85.2, 88.4, 90.7, 92.6, 95.2, 95.6, 99.0, 102.6, 133.2]","['OUTSIDE', 'OUTSIDE', 'OUTSIDE', 'RAIL', 'OUTSIDE', 'RAIL', 'INSIDE', 'INSIDE', 'OUTSIDE', 'INSIDE', 'OUTSIDE', 'RAIL', 'INSIDE', 'INSIDE', 'OUTSIDE', 'INSIDE']","[[6.34, 0.26, 2.63], [0.57, 0.17, 0.63], [1.28, 0.21, 1.81], [1.62, 0.2, 0.97], [0.51, 0.17, 1.28], [0.83, 0.39, 0.52], [5.85, 4.69, 2.44], [1.44, 4.52, 2.25], [2.23, 0.35, 1.91], [2.28, 4.5, 0.64], [2.04, 0.32, 1.37], [0.12, 0.34, 0.42], [1.26, 4.67, 0.85], [2.68, 4.55, 1.78], [1.13, 0.36, 1.14], [7.75, 4.39, 0.86]]","[405, 397, 312, 407, 400, 387, 331, 359, 368, 385, 364, 416, 399, 417, 413, 208]",21.3
834,1788358527262109661,307200,86920,18,13,143.3,"[32.0, 34.1, 37.0, 47.4, 75.2, 82.9, 85.8, 89.0, 90.3, 93.6, 97.7, 108.5, 143.3]","['OUTSIDE', 'OUTSIDE', 'RAIL', 'RAIL', 'RAIL', 'INSIDE', 'INSIDE', 'OUTSIDE', 'INSIDE', 'OUTSIDE', 'INSIDE', 'INSIDE', 'INSIDE']","[[7.72, 0.28, 2.99], [1.63, 0.24, 1.57], [0.61, 0.2, 0.83], [1.32, 0.48, 0.28], [1.07, 0.42, 0.68], [1.3, 4.55, 0.21], [1.97, 4.54, 0.98], [1.68, 0.65, 2.41], [5.08, 4.65, 2.62], [2.08, 0.41, 1.03], [4.18, 4.66, 2.32], [2.51, 4.53, 0.23], [11.98, 3.23, 0.91]]","[405, 400, 407, 412, 387, 359, 365, 372, 385, 364, 417, 414, 380]",22.1
835,1788358527354180735,307200,92958,18,14,106.4,"[29.2, 31.3, 32.9, 33.8, 35.3, 35.6, 36.2, 73.4, 80.7, 87.1, 92.3, 95.9, 100.5, 106.4]","['OUTSIDE', 'OUTSIDE', 'OUTSIDE', 'RAIL', 'OUTSIDE', 'NEAR', 'INSIDE', 'INSIDE', 'INSIDE', 'INSIDE', 'INSIDE', 'INSIDE', 'INSIDE', 'INSIDE']","[[7.42, 0.29, 1.98], [1.37, 0.18, 1.53], [0.4, 0.21, 0.8], [1.5, 0.49, 0.27], [1.14, 0.26, 1.34], [0.75, 0.32, 0.54], [0.09, 2.09, 0.01], [0.16, 2.82, 0.01], [5.41, 4.67, 2.54], [6.04, 4.61, 2.49], [3.1, 4.56, 0.99], [4.53, 4.19, 2.1], [1.47, 4.73, 1.3], [0.18, 1.11, 0.0]]","[405, 400, 299, 412, 397, 401, 312, 366, 331, 365, 364, 399, 411, 414]",24.4
836,1788358527450555178,307200,98360,21,15,115.0,"[31.5, 32.5, 46.8, 49.5, 72.4, 83.1, 87.5, 88.2, 92.7, 93.0, 97.8, 100.3, 102.8, 105.3, 115.0]","['RAIL', 'RAIL', 'INSIDE', 'INSIDE', 'OUTSIDE', 'INSIDE', 'OUTSIDE', 'INSIDE', 'RAIL', 'INSIDE', 'INSIDE', 'INSIDE', 'OUTSIDE', 'OUTSIDE', 'INSIDE']","[[0.11, 0.22, 0.54], [0.7, 0.21, 0.61], [0.86, 2.19, 1.05], [0.22, 2.66, 0.56], [1.37, 0.25, 1.12], [3.0, 4.57, 2.18], [1.92, 1.14, 2.3], [3.08, 4.52, 1.77], [0.03, 0.38, 0.14], [3.62, 4.83, 1.44], [1.64, 4.61, 1.05], [2.72, 4.73, 1.77], [0.55, 0.1, 0.89], [0.23, 0.55, 0.0], [1.84, 4.08, 0.33]]","[407, 398, 405, 412, 387, 359, 368, 385, 372, 364, 417, 411, 413, 414, 425]",26.2
837,1788358527550448934,307200,95193,17,14,114.4,"[24.7, 31.0, 46.4, 49.4, 72.3, 80.6, 87.7, 90.6, 92.7, 95.9, 99.9, 103.5, 104.3, 114.4]","['OUTSIDE', 'RAIL', 'RAIL', 'RAIL', 'RAIL', 'INSIDE', 'INSIDE', 'OUTSIDE', 'INSIDE', 'INSIDE', 'INSIDE', 'NEAR', 'OUTSIDE', 'NEAR']","[[0.49, 0.19, 1.58], [0.56, 0.23, 0.6], [1.23, 0.23, 0.86], [1.8, 0.52, 0.35], [0.95, 0.43, 0.65], [6.66, 4.62, 2.78], [3.74, 4.54, 2.74], [1.21, 0.13, 0.8], [2.56, 4.15, 2.29], [1.37, 4.7, 1.05], [1.78, 4.68, 0.89], [0.19, 0.91, 0.0], [3.09, 0.57, 1.79], [1.07, 0.8, 0.02]]","[397, 407, 398, 412, 387, 331, 365, 376, 364, 399, 411, 414, 413, 425]",26.9
838,1788358527668373850,307200,96756,14,12,114.6,"[23.7, 83.7, 85.6, 86.5, 89.7, 90.2, 90.6, 93.8, 98.8, 101.4, 103.4, 114.6]","['RAIL', 'INSIDE', 'OUTSIDE', 'OUTSIDE', 'OUTSIDE', 'RAIL', 'INSIDE', 'INSIDE', 'INSIDE', 'INSIDE', 'NEAR', 'INSIDE']","[[0.46, 0.15, 1.1], [2.42, 4.62, 2.44], [1.49, 0.06, 1.52], [1.4, 0.16, 0.95], [1.48, 0.65, 1.38], [0.08, 0.26, 0.39], [0.03, 2.52, 0.0], [3.02, 4.29, 1.46], [2.31, 4.83, 1.48], [3.93, 4.63, 1.8], [0.29, 0.74, 1.12], [3.52, 4.5, 1.28]]","[397, 359, 367, 368, 376, 372, 385, 364, 417, 411, 414, 425]",24.3
839,1788358527743694163,307200,100519,11,8,113.4,"[26.9, 27.3, 87.9, 95.6, 99.2, 101.5, 105.0, 113.4]","['OUTSIDE', 'INSIDE', 'INSIDE', 'INSIDE', 'INSIDE', 'OUTSIDE', 'INSIDE', 'INSIDE']","[[0.49, 0.25, 0.67], [0.65, 2.6, 0.06], [12.8, 4.58, 2.41], [2.23, 4.7, 0.38], [1.47, 4.73, 1.74], [1.01, 1.43, 1.32], [0.11, 4.58, 0.0], [1.73, 4.53, 1.1]]","[397, 405, 365, 399, 417, 411, 424, 425]",24.0
840,1788358527839277342,307200,94405,15,11,114.5,"[27.3, 28.3, 28.7, 44.1, 83.9, 91.8, 96.1, 100.5, 106.0, 110.6, 114.5]","['INSIDE', 'INSIDE', 'RAIL', 'INSIDE', 'INSIDE', 'INSIDE', 'INSIDE', 'INSIDE', 'INSIDE', 'INSIDE', 'INSIDE']","[[0.73, 2.05, 1.37], [0.47, 1.45, 0.71], [0.5, 0.2, 0.97], [0.46, 2.36, 0.98], [9.59, 4.69, 2.69], [6.07, 4.49, 2.35], [2.4, 4.53, 0.87], [4.36, 4.55, 1.97], [1.19, 4.55, 0.96], [4.22, 4.42, 0.44], [0.32, 4.4, 0.53]]","[397, 405, 407, 412, 359, 364, 399, 417, 424, 426, 425]",26.1
841,1788358527940567272,307200,100162,12,10,112.9,"[29.1, 49.6, 86.1, 92.2, 95.3, 98.9, 103.0, 104.3, 109.8, 112.9]","['RAIL', 'INSIDE', 'INSIDE', 'INSIDE', 'OUTSIDE', 'INSIDE', 'INSIDE', 'INSIDE', 'INSIDE', 'INSIDE']","[[0.33, 0.11, 0.98], [1.09, 1.54, 0.84], [9.33, 4.71, 2.25], [0.63, 4.53, 0.83], [1.44, 0.34, 0.58], [5.56, 4.62, 1.88], [0.12, 1.44, 0.0], [2.61, 4.65, 0.9], [0.58, 2.9, 0.95], [1.3, 4.32, 0.01]]","[398, 405, 365, 364, 416, 417, 414, 424, 426, 425]",30.8
842,1788358528044689830,307200,107170,9,6,112.0,"[25.1, 81.9, 86.6, 89.5, 96.7, 112.0]","['INSIDE', 'INSIDE', 'RAIL', 'INSIDE', 'INSIDE', 'INSIDE']","[[0.87, 2.35, 0.92], [8.83, 4.64, 2.49], [0.06, 0.35, 0.38], [3.66, 4.57, 1.74], [7.79, 4.64, 1.86], [0.99, 4.51, 0.01]]","[397, 331, 368, 385, 399, 425]",26.1
843,1788358528144950692,307200,102093,14,10,110.4,"[46.0, 46.5, 85.3, 89.0, 92.8, 93.5, 96.0, 102.1, 102.4, 110.4]","['INSIDE', 'INSIDE', 'INSIDE', 'INSIDE', 'INSIDE', 'OUTSIDE', 'INSIDE', 'INSIDE', 'INSIDE', 'INSIDE']","[[0.42, 1.28, 0.02], [0.43, 1.63, 0.03], [3.9, 4.65, 2.69], [2.98, 4.67, 2.59], [2.81, 4.58, 2.25], [3.29, 0.08, 1.29], [4.42, 4.61, 2.15], [0.38, 3.19, 0.42], [2.6, 4.5, 0.39], [2.02, 4.46, 0.26]]","[398, 407, 365, 385, 364, 376, 399, 414, 411, 426]",26.9
844,1788358528260479855,307200,100977,13,13,112.6,"[25.8, 80.2, 83.7, 84.2, 88.6, 92.0, 95.0, 97.6, 101.3, 103.9, 106.3, 108.5, 112.6]","['INSIDE', 'INSIDE', 'OUTSIDE', 'INSIDE', 'INSIDE', 'INSIDE', 'OUTSIDE', 'INSIDE', 'INSIDE', 'INSIDE', 'OUTSIDE', 'INSIDE', 'INSIDE']","[[0.07, 2.7, 0.01], [5.0, 4.65, 2.25], [4.93, 0.8, 2.45], [4.96, 3.22, 1.58], [2.51, 4.68, 1.39], [2.52, 4.35, 2.05], [4.05, 0.07, 1.44], [4.78, 4.66, 1.9], [0.4, 4.06, 0.44], [0.3, 4.44, 0.7], [1.28, 0.21, 1.02], [1.36, 4.42, 0.51], [2.41, 4.6, 0.32]]","[397, 331, 359, 365, 385, 364, 376, 417, 411, 424, 427, 426, 425]",27.7
845,1788358528362308131,307200,97942,14,9,110.8,"[44.6, 81.6, 86.2, 93.9, 97.5, 103.5, 105.2, 107.4, 110.8]","['INSIDE', 'OUTSIDE', 'INSIDE', 'INSIDE', 'INSIDE', 'INSIDE', 'OUTSIDE', 'INSIDE', 'INSIDE']","[[0.1, 2.49, 0.01], [0.7, 0.18, 0.91], [9.26, 4.77, 2.21], [4.41, 4.44, 1.85], [2.57, 4.51, 0.44], [1.23, 4.49, 0.71], [1.32, 0.16, 1.17], [1.31, 4.37, 0.51], [0.86, 4.63, 0.52]]","[407, 359, 365, 364, 417, 424, 427, 426, 425]",26.5
846,1788358528448652753,307200,103664,14,11,110.5,"[81.1, 81.8, 84.3, 85.9, 86.5, 89.9, 93.5, 97.5, 100.5, 107.1, 110.5]","['INSIDE', 'OUTSIDE', 'INSIDE', 'INSIDE', 'OUTSIDE', 'INSIDE', 'INSIDE', 'INSIDE', 'INSIDE', 'INSIDE', 'INSIDE']","[[1.02, 4.66, 1.96], [3.2, 0.47, 2.23], [2.39, 4.51, 1.48], [1.2, 4.6, 0.61], [3.6, 0.2, 1.27], [2.71, 4.51, 2.05], [3.08, 4.58, 2.09], [0.97, 4.62, 1.74], [2.96, 4.62, 1.91], [1.58, 4.49, 0.73], [2.39, 4.5, 0.97]]","[331, 359, 365, 385, 367, 372, 364, 417, 411, 426, 425]",28.0
847,1788358528559590918,307200,103066,13,10,107.0,"[81.2, 83.5, 86.1, 87.2, 91.5, 95.6, 98.6, 101.3, 103.8, 107.0]","['INSIDE', 'OUTSIDE', 'INSIDE', 'INSIDE', 'INSIDE', 'INSIDE', 'INSIDE', 'INSIDE', 'INSIDE', 'INSIDE']","[[5.21, 4.7, 2.53], [1.68, 0.18, 1.3], [2.78, 4.39, 1.85], [2.08, 4.62, 0.4], [4.11, 4.66, 2.26], [1.99, 4.57, 1.44], [1.53, 4.58, 0.89], [1.58, 4.43, 1.11], [1.24, 4.13, 1.41], [0.37, 3.31, 0.5]]","[331, 367, 385, 368, 372, 399, 417, 411, 424, 426]",27.9
848,1788358528655760991,307200,103284,10,7,110.2,"[87.0, 94.1, 97.5, 100.0, 102.8, 106.3, 110.2]","['INSIDE', 'INSIDE', 'INSIDE', 'OUTSIDE', 'INSIDE', 'INSIDE', 'INSIDE']","[[11.03, 4.78, 2.3], [2.6, 4.53, 1.22], [1.29, 4.47, 1.29], [1.75, 0.34, 1.38], [1.23, 4.28, 1.41], [2.71, 4.41, 0.7], [1.28, 4.33, 0.53]]","[368, 364, 417, 411, 424, 426, 425]",27.9
849,1788358528773062319,307200,103158,12,7,109.4,"[80.9, 86.6, 93.8, 96.4, 99.1, 105.1, 109.4]","['OUTSIDE', 'INSIDE', 'RAIL', 'INSIDE', 'INSIDE', 'INSIDE', 'INSIDE']","[[1.06, 0.06, 1.22], [10.79, 4.78, 2.57], [0.98, 0.19, 0.47], [1.32, 4.57, 1.25], [1.36, 4.48, 1.74], [4.3, 4.55, 1.58], [2.1, 4.39, 0.95]]","[331, 368, 416, 399, 417, 426, 425]",23.7
850,1788358528845712713,307200,102691,11,7,111.5,"[44.9, 49.5, 96.8, 101.8, 105.1, 109.7, 111.5]","['OUTSIDE', 'RAIL', 'INSIDE', 'INSIDE', 'INSIDE', 'INSIDE', 'INSIDE']","[[2.31, 0.3, 2.06], [0.32, 0.22, 0.77], [4.68, 4.51, 1.43], [1.73, 4.51, 0.9], [2.05, 4.6, 1.38], [0.72, 4.34, 0.52], [0.49, 4.21, 0.52]]","[398, 407, 399, 414, 426, 425, 431]",26.0
851,1788358528944306635,307200,103368,12,8,110.3,"[43.0, 46.0, 94.6, 97.7, 100.5, 104.6, 108.7, 110.3]","['OUTSIDE', 'OUTSIDE', 'OUTSIDE', 'INSIDE', 'OUTSIDE', 'INSIDE', 'INSIDE', 'INSIDE']","[[4.31, 0.27, 2.13], [0.41, 0.19, 0.52], [2.06, 0.13, 1.42], [7.62, 4.52, 1.53], [0.75, 0.75, 0.4], [3.19, 4.62, 1.36], [0.64, 4.13, 1.05], [0.52, 4.38, 0.75]]","[398, 407, 376, 399, 414, 426, 425, 431]",25.9
852,1788358529051263435,307200,103029,17,9,109.0,"[43.3, 46.8, 86.3, 94.0, 96.6, 102.5, 104.6, 107.1, 109.0]","['OUTSIDE', 'OUTSIDE', 'INSIDE', 'INSIDE', 'INSIDE', 'INSIDE', 'OUTSIDE', 'INSIDE', 'INSIDE']","[[1.19, 0.26, 1.74], [0.3, 0.17, 0.41], [9.61, 4.85, 2.41], [2.3, 4.46, 1.22], [4.91, 4.38, 1.31], [1.5, 4.44, 0.4], [1.07, 0.15, 0.89], [1.76, 4.34, 1.24], [0.07, 1.14, 0.0]]","[398, 407, 368, 364, 399, 424, 427, 425, 431]",28.9
853,1788358529151843338,307200,104727,13,9,109.1,"[82.0, 84.8, 85.2, 89.0, 92.8, 95.0, 100.8, 104.5, 109.1]","['INSIDE', 'OUTSIDE', 'INSIDE', 'INSIDE', 'INSIDE', 'INSIDE', 'INSIDE', 'INSIDE', 'INSIDE']","[[1.98, 4.62, 2.03], [0.79, 0.26, 0.93], [4.53, 4.68, 2.31], [1.86, 3.77, 1.82], [2.3, 4.38, 0.42], [4.12, 4.63, 1.54], [3.08, 4.4, 1.52], [1.52, 4.53, 0.71], [2.0, 4.49, 0.52]]","[359, 365, 385, 372, 364, 399, 417, 426, 431]",31.9
854,1788358529246557203,307200,104552,10,9,111.3,"[83.0, 84.6, 87.1, 93.5, 99.6, 100.4, 104.9, 106.7, 111.3]","['OUTSIDE', 'INSIDE', 'OUTSIDE', 'INSIDE', 'INSIDE', 'INSIDE', 'INSIDE', 'INSIDE', 'INSIDE']","[[0.82, 0.94, 1.74], [9.59, 4.74, 2.32], [2.0, 0.19, 1.74], [9.37, 4.71, 1.61], [0.12, 1.56, 0.0], [1.41, 4.47, 0.47], [1.19, 4.37, 1.02], [0.12, 2.79, 0.0], [1.0, 4.38, 0.94]]","[367, 359, 368, 364, 414, 417, 426, 425, 430]",35.5
855,1788358529342966183,307200,104766,10,9,110.5,"[40.0, 81.0, 86.8, 87.6, 92.7, 101.0, 105.8, 108.2, 110.5]","['INSIDE', 'RAIL', 'OUTSIDE', 'INSIDE', 'INSIDE', 'INSIDE', 'INSIDE', 'INSIDE', 'INSIDE']","[[0.42, 1.96, 0.03], [0.18, 0.08, 0.89], [1.85, 0.16, 1.35], [0.34, 4.59, 0.6], [7.78, 4.71, 1.63], [6.73, 4.55, 1.51], [0.77, 4.38, 0.49], [0.93, 4.31, 1.04], [2.04, 4.53, 1.22]]","[398, 331, 365, 372, 364, 417, 426, 431, 430]",30.3
856,1788358529457587052,307200,104678,9,6,107.1,"[81.8, 87.6, 92.4, 94.6, 100.0, 107.1]","['INSIDE', 'INSIDE', 'INSIDE', 'INSIDE', 'INSIDE', 'INSIDE']","[[6.25, 4.78, 2.35], [3.49, 4.67, 2.15], [3.27, 4.51, 1.37], [1.64, 4.53, 0.41], [6.95, 4.64, 1.5], [4.49, 4.48, 1.21]]","[359, 372, 364, 399, 417, 425]",35.7
857,1788358529548255954,307200,104238,11,7,107.3,"[44.2, 44.3, 84.3, 88.3, 97.6, 104.1, 107.3]","['INSIDE', 'INSIDE', 'INSIDE', 'INSIDE', 'INSIDE', 'INSIDE', 'INSIDE']","[[0.76, 1.68, 0.4], [0.57, 1.24, 0.03], [0.24, 3.68, 0.01], [7.71, 4.64, 1.93], [9.12, 4.67, 1.31], [1.1, 4.33, 0.71], [1.77, 4.62, 0.91]]","[407, 398, 385, 372, 414, 424, 425]",26.4
858,1788358529647734273,307200,104625,12,10,109.3,"[47.2, 84.3, 88.4, 92.7, 96.4, 98.3, 100.6, 102.7, 105.0, 109.3]","['RAIL', 'OUTSIDE', 'INSIDE', 'INSIDE', 'INSIDE', 'INSIDE', 'INSIDE', 'INSIDE', 'INSIDE', 'INSIDE']","[[0.3, 0.19, 0.52], [0.48, 0.74, 0.58], [2.45, 4.66, 1.95], [3.77, 4.63, 1.63], [0.93, 4.38, 1.47], [1.81, 3.9, 1.34], [0.77, 4.44, 0.88], [0.76, 4.5, 0.89], [0.14, 1.83, 0.0], [6.25, 4.48, 1.18]]","[407, 367, 372, 364, 414, 417, 424, 426, 427, 431]",29.4
859,1788358529756187224,307200,107382,11,7,110.6,"[90.2, 92.9, 95.4, 97.2, 101.4, 105.5, 110.6]","['INSIDE', 'INSIDE', 'INSIDE', 'INSIDE', 'INSIDE', 'INSIDE', 'INSIDE']","[[1.86, 4.54, 0.4], [2.25, 4.58, 1.47], [1.12, 4.69, 0.4], [2.13, 4.07, 1.47], [0.5, 4.3, 0.19], [0.8, 4.45, 1.17], [1.18, 1.22, 0.77]]","[372, 364, 399, 414, 424, 427, 430]",29.4
860,1788358529861808303,307200,107016,8,7,109.8,"[42.1, 45.9, 86.9, 93.5, 101.3, 104.3, 109.8]","['RAIL', 'RAIL', 'INSIDE', 'INSIDE', 'INSIDE', 'INSIDE', 'RAIL']","[[0.61, 0.18, 1.0], [0.31, 0.24, 0.08], [7.37, 4.68, 1.46], [5.44, 4.4, 1.41], [2.25, 4.42, 0.99], [0.77, 4.43, 0.88], [0.72, 1.41, 0.71]]","[407, 398, 368, 364, 424, 427, 430]",32.0
861,1788358529941708676,307200,104829,11,7,106.3,"[45.7, 87.4, 92.4, 97.3, 99.9, 103.1, 106.3]","['RAIL', 'INSIDE', 'INSIDE', 'INSIDE', 'INSIDE', 'INSIDE', 'INSIDE']","[[0.69, 0.43, 0.59], [5.45, 4.62, 1.88], [1.9, 4.7, 0.38], [0.37, 4.43, 0.85], [3.13, 4.38, 1.29], [1.11, 4.42, 1.14], [1.4, 1.17, 0.74]]","[407, 368, 364, 414, 424, 426, 425]",35.2
862,1788358530056008747,307200,106390,7,7,106.5,"[81.8, 88.6, 93.3, 96.2, 99.0, 102.6, 106.5]","['INSIDE', 'INSIDE', 'INSIDE', 'INSIDE', 'INSIDE', 'INSIDE', 'INSIDE']","[[5.76, 4.66, 2.16], [3.74, 4.54, 1.94], [3.52, 4.55, 1.44], [0.06, 1.01, 0.0], [2.28, 4.46, 0.68], [2.14, 4.5, 1.13], [2.58, 1.59, 0.91]]","[359, 368, 364, 399, 417, 426, 425]",28.4
863,1788358530153601354,307200,105459,12,11,105.3,"[43.3, 43.9, 78.0, 81.1, 83.5, 88.1, 91.4, 94.9, 96.7, 99.0, 105.3]","['RAIL', 'INSIDE', 'RAIL', 'INSIDE', 'INSIDE', 'INSIDE', 'INSIDE', 'INSIDE', 'INSIDE', 'INSIDE', 'INSIDE']","[[0.62, 0.41, 0.56], [0.62, 2.3, 0.04], [2.84, 0.31, 0.86], [5.65, 4.69, 2.1], [5.77, 4.56, 1.88], [2.46, 4.5, 1.53], [2.51, 4.57, 1.38], [0.44, 4.26, 0.44], [0.86, 4.21, 0.64], [0.09, 3.97, 0.0], [10.0, 4.5, 1.12]]","[407, 398, 359, 331, 385, 368, 372, 399, 414, 417, 427]",36.9
864,1788358530242073314,307200,97533,10,8,108.0,"[80.1, 86.9, 91.3, 96.3, 99.7, 102.0, 104.7, 108.0]","['INSIDE', 'INSIDE', 'INSIDE', 'INSIDE', 'INSIDE', 'INSIDE', 'INSIDE', 'INSIDE']","[[6.12, 4.7, 2.1], [5.7, 4.54, 1.86], [0.31, 4.44, 0.99], [1.89, 4.4, 1.11], [0.96, 4.52, 1.11], [1.66, 1.13, 0.71], [1.4, 1.29, 0.72], [4.02, 3.95, 0.91]]","[331, 368, 372, 414, 424, 426, 427, 431]",27.5
865,1788358530351565464,307200,103014,8,8,109.6,"[87.9, 92.8, 94.2, 98.0, 103.8, 106.4, 106.4, 109.6]","['INSIDE', 'INSIDE', 'INSIDE', 'INSIDE', 'INSIDE', 'INSIDE', 'OUTSIDE', 'INSIDE']","[[6.8, 4.65, 1.89], [0.48, 4.4, 1.4], [0.67, 4.35, 0.63], [4.31, 4.48, 1.28], [0.77, 1.56, 0.88], [1.68, 1.23, 0.9], [2.96, 0.87, 0.44], [1.56, 2.22, 0.93]]","[368, 364, 399, 417, 427, 425, 431, 430]",25.7
866,1788358530453385493,307200,105001,10,9,108.9,"[39.0, 83.5, 86.2, 89.0, 90.4, 93.7, 96.7, 105.6, 108.9]","['INSIDE', 'INSIDE', 'INSIDE', 'NEAR', 'INSIDE', 'INSIDE', 'INSIDE', 'INSIDE', 'INSIDE']","[[0.57, 2.33, 0.04], [1.27, 4.37, 0.36], [4.93, 4.51, 1.71], [0.03, 1.4, 0.0], [2.69, 2.52, 1.37], [1.77, 4.64, 0.82], [1.82, 4.59, 1.08], [2.08, 3.03, 0.9], [0.54, 1.92, 0.23]]","[398, 385, 368, 372, 364, 399, 414, 425, 430]",26.7
867,1788358530542470721,307200,105667,8,6,104.8,"[39.3, 85.6, 89.9, 93.9, 100.1, 104.8]","['INSIDE', 'INSIDE', 'INSIDE', 'INSIDE', 'INSIDE', 'INSIDE']","[[0.11, 1.92, 0.01], [3.01, 4.5, 1.49], [1.07, 4.38, 1.37], [4.81, 4.65, 1.39], [3.34, 1.53, 0.86], [1.48, 3.18, 0.89]]","[398, 368, 364, 399, 424, 425]",25.4
868,1788358530638973726,307200,105672,9,8,105.9,"[84.7, 88.4, 90.9, 93.9, 97.7, 100.2, 102.6, 105.9]","['INSIDE', 'OUTSIDE', 'INSIDE', 'INSIDE', 'INSIDE', 'INSIDE', 'INSIDE', 'INSIDE']","[[3.75, 4.71, 1.82], [0.37, 0.15, 1.21], [0.84, 4.31, 1.37], [2.08, 4.5, 1.23], [1.79, 0.96, 0.83], [0.67, 1.45, 0.7], [2.85, 1.35, 0.87], [1.51, 3.15, 0.74]]","[368, 364, 372, 399, 417, 424, 426, 425]",23.8
869,1788358530745903604,307200,106173,4,4,102.9,"[90.5, 97.2, 100.7, 102.9]","['INSIDE', 'INSIDE', 'OUTSIDE', 'INSIDE']","[[6.42, 4.72, 1.35], [4.1, 1.57, 0.42], [1.64, 1.14, 0.7], [5.58, 3.44, 0.87]]","[372, 417, 424, 426]",23.3
870,1788358530844692360,307200,106302,8,7,104.6,"[48.0, 83.9, 88.2, 89.8, 91.8, 98.8, 104.6]","['RAIL', 'INSIDE', 'INSIDE', 'INSIDE', 'INSIDE', 'INSIDE', 'INSIDE']","[[0.48, 0.15, 0.75], [0.12, 2.93, 0.53], [0.45, 4.38, 0.59], [1.76, 2.85, 1.41], [3.89, 4.57, 1.2], [5.43, 1.65, 0.85], [6.05, 3.26, 0.87]]","[407, 385, 372, 364, 399, 417, 425]",30.4
871,1788358530954520900,307200,105945,9,9,104.5,"[43.4, 49.5, 84.8, 88.2, 93.4, 96.2, 98.9, 102.4, 104.5]","['RAIL', 'INSIDE', 'INSIDE', 'INSIDE', 'INSIDE', 'INSIDE', 'INSIDE', 'INSIDE', 'RAIL']","[[0.68, 0.2, 0.87], [0.4, 2.73, 0.02], [1.91, 4.54, 1.49], [2.15, 4.5, 1.57], [5.57, 4.46, 1.19], [1.19, 0.34, 0.26], [2.8, 2.75, 1.1], [1.84, 2.89, 0.72], [1.41, 1.35, 0.68]]","[407, 398, 368, 372, 399, 414, 417, 426, 427]",28.9
872,1788358531049958752,307200,105715,10,7,100.9,"[47.7, 85.6, 89.3, 92.4, 95.2, 97.8, 100.9]","['INSIDE', 'INSIDE', 'INSIDE', 'INSIDE', 'INSIDE', 'INSIDE', 'INSIDE']","[[0.51, 1.49, 0.03], [4.41, 4.76, 1.53], [1.85, 4.51, 1.17], [1.57, 0.76, 0.78], [0.81, 1.67, 1.05], [2.07, 0.97, 0.82], [2.09, 2.9, 0.85]]","[407, 368, 364, 399, 414, 417, 426]",25.9
873,1788358531147097434,307200,105142,5,3,102.4,"[43.7, 82.7, 102.4]","['RAIL', 'NEAR', 'RAIL']","[[0.73, 0.15, 0.88], [0.06, 1.3, 0.0], [2.23, 1.29, 0.66]]","[398, 385, 426]",29.8
874,1788358531245177572,307200,104947,6,4,98.7,"[90.0, 95.2, 97.2, 98.7]","['INSIDE', 'INSIDE', 'OUTSIDE', 'INSIDE']","[[6.2, 4.65, 1.37], [1.88, 2.45, 0.92], [1.09, 1.1, 0.82], [1.97, 3.02, 0.84]]","[364, 414, 417, 424]",105.9
875,1788358531372538717,307200,104754,7,5,100.0,"[83.1, 88.7, 94.3, 97.2, 100.0]","['INSIDE', 'INSIDE', 'INSIDE', 'INSIDE', 'RAIL']","[[2.97, 4.54, 1.49], [6.24, 4.56, 1.35], [1.66, 2.48, 1.05], [1.54, 2.66, 0.83], [2.05, 1.44, 0.65]]","[385, 372, 414, 424, 426]",101.2
876,1788358531442260753,307200,104706,6,4,94.6,"[83.9, 88.4, 94.2, 94.6]","['INSIDE', 'INSIDE', 'OUTSIDE', 'INSIDE']","[[2.85, 4.74, 1.49], [4.31, 1.7, 1.23], [1.0, 0.8, 0.65], [5.59, 2.91, 1.04]]","[385, 372, 414, 399]",126.8
877,1788358531550098466,307200,104639,7,5,97.6,"[49.5, 84.2, 92.9, 92.9, 97.6]","['RAIL', 'INSIDE', 'OUTSIDE', 'INSIDE', 'INSIDE']","[[0.54, 0.14, 0.77], [10.23, 4.69, 1.64], [2.02, 2.45, 1.04], [5.95, 3.83, 1.19], [1.62, 2.97, 0.83]]","[407, 385, 414, 399, 424]",126.6
