frame,ts_ns,in_points,roi_points,raw_candidates,confirmed,max_dist,dist_list,zone_list,size_list,track_id_list,proc_ms
1,1788356943781195141,307200,98235,16,0,0.0,[],[],[],[],59.4
2,1788356943883772488,307200,101241,20,0,0.0,[],[],[],[],44.5
3,1788356943976228849,307200,101264,18,0,0.0,[],[],[],[],24.0
4,1788356944077048127,307200,101181,12,0,0.0,[],[],[],[],18.0
5,1788356944170556446,307200,101174,12,0,0.0,[],[],[],[],17.0
6,1788356944271841223,307200,101212,21,0,0.0,[],[],[],[],22.2
7,1788356944374478076,307200,101162,14,0,0.0,[],[],[],[],18.2
8,1788356944472306172,307200,101332,14,0,0.0,[],[],[],[],22.0
9,1788356944584273941,307200,101270,15,0,0.0,[],[],[],[],18.0
10,1788356944678282800,307200,101358,17,0,0.0,[],[],[],[],21.0
11,1788356944791951625,307200,101572,13,0,0.0,[],[],[],[],21.0
12,1788356944869797506,307200,101353,12,0,0.0,[],[],[],[],21.0
13,1788356944965314184,307200,101338,14,0,0.0,[],[],[],[],17.0
14,1788356945062640602,307200,101341,16,0,0.0,[],[],[],[],21.2
15,1788356945161882822,307200,101325,18,0,0.0,[],[],[],[],20.7
16,1788356945273002146,307200,101342,12,0,0.0,[],[],[],[],21.0
17,1788356945372065104,307200,101485,21,0,0.0,[],[],[],[],21.2
18,1788356945472217978,307200,101345,14,1,46.2,[46.2],['INSIDE'],"[[0.95, 1.44, 0.06]]",[7],20.7
19,1788356945571009715,307200,101174,15,1,31.8,[31.8],['NEAR'],"[[0.39, 0.94, 0.56]]",[4],22.0
20,1788356945667878370,307200,101199,15,3,148.3,"[45.4, 95.7, 148.3]","['INSIDE', 'OUTSIDE', 'INSIDE']","[[0.85, 0.78, 0.05], [0.61, 1.22, 1.71], [8.22, 4.7, 3.58]]","[7, 22, 15]",22.0
21,1788356945771044807,307200,101151,17,3,147.8,"[45.5, 94.5, 147.8]","['INSIDE', 'OUTSIDE', 'INSIDE']","[[0.99, 1.27, 0.06], [1.15, 0.67, 0.85], [6.5, 4.5, 3.55]]","[7, 22, 15]",17.0
22,1788356945867933891,307200,101124,15,7,146.2,"[27.9, 30.5, 33.1, 44.0, 95.2, 121.6, 146.2]","['NEAR', 'OUTSIDE', 'INSIDE', 'RAIL', 'OUTSIDE', 'INSIDE', 'INSIDE']","[[0.31, 0.85, 0.71], [0.38, 0.97, 0.82], [0.95, 1.71, 0.08], [0.42, 0.17, 0.86], [1.16, 1.29, 0.67], [2.87, 4.73, 2.16], [6.96, 4.74, 3.51]]","[6, 4, 2, 7, 22, 25, 15]",21.0
23,1788356945981748415,307200,101236,23,6,145.5,"[26.5, 27.4, 31.4, 90.9, 121.5, 145.5]","['NEAR', 'OUTSIDE', 'OUTSIDE', 'OUTSIDE', 'OUTSIDE', 'INSIDE']","[[0.67, 1.28, 1.38], [0.64, 0.45, 0.27], [0.99, 1.04, 0.8], [1.41, 0.49, 0.59], [0.69, 1.95, 1.07], [9.93, 4.53, 3.56]]","[6, 4, 2, 22, 25, 15]",22.7
24,1788356946063950045,307200,101241,21,6,143.3,"[27.3, 28.2, 30.1, 90.7, 117.2, 143.3]","['NEAR', 'OUTSIDE', 'OUTSIDE', 'OUTSIDE', 'RAIL', 'INSIDE']","[[0.67, 1.31, 0.92], [0.59, 1.07, 1.0], [0.3, 0.67, 0.54], [4.37, 2.3, 1.83], [0.03, 0.41, 0.18], [8.18, 4.9, 3.53]]","[6, 4, 2, 22, 25, 15]",23.3
25,1788356946167868700,307200,101357,11,7,142.9,"[27.3, 28.2, 29.8, 30.2, 102.6, 116.3, 142.9]","['OUTSIDE', 'NEAR', 'OUTSIDE', 'OUTSIDE', 'OUTSIDE', 'NEAR', 'INSIDE']","[[1.42, 1.4, 1.19], [1.77, 1.28, 1.33], [0.24, 0.98, 1.05], [1.03, 1.08, 0.81], [2.01, 0.42, 0.68], [0.54, 0.89, 1.58], [9.99, 4.66, 3.5]]","[4, 5, 1, 2, 23, 25, 15]",18.0
26,1788356946266555103,307200,101364,15,4,141.3,"[28.9, 94.3, 102.7, 141.3]","['OUTSIDE', 'OUTSIDE', 'INSIDE', 'INSIDE']","[[1.87, 0.96, 1.09], [0.07, 0.33, 0.25], [2.9, 1.69, 0.3], [9.51, 4.68, 3.49]]","[5, 19, 23, 15]",22.5
27,1788356946367891688,307200,101189,19,9,140.4,"[27.1, 30.2, 30.3, 31.1, 40.4, 93.4, 102.9, 113.2, 140.4]","['NEAR', 'OUTSIDE', 'INSIDE', 'OUTSIDE', 'INSIDE', 'OUTSIDE', 'INSIDE', 'OUTSIDE', 'INSIDE']","[[1.12, 1.41, 0.93], [0.81, 0.76, 0.58], [1.17, 1.77, 0.11], [0.38, 0.66, 0.84], [0.97, 1.53, 0.07], [1.14, 2.08, 2.11], [4.03, 2.86, 0.74], [0.39, 0.31, 1.02], [8.61, 4.77, 3.62]]","[6, 2, 26, 1, 7, 19, 23, 25, 15]",21.5
28,1788356946470017060,307200,101157,23,11,138.2,"[27.4, 30.2, 30.3, 30.8, 31.8, 40.0, 87.9, 91.8, 100.0, 114.8, 138.2]","['INSIDE', 'NEAR', 'INSIDE', 'NEAR', 'OUTSIDE', 'INSIDE', 'OUTSIDE', 'OUTSIDE', 'INSIDE', 'OUTSIDE', 'INSIDE']","[[2.35, 2.72, 1.35], [1.45, 1.32, 0.99], [1.26, 1.68, 0.12], [0.5, 1.12, 1.09], [0.51, 1.04, 0.8], [1.05, 0.97, 0.07], [3.47, 1.41, 1.41], [0.53, 0.34, 0.25], [2.97, 1.57, 0.65], [0.24, 0.24, 0.21], [6.8, 4.75, 3.59]]","[6, 2, 26, 1, 8, 7, 21, 22, 23, 25, 15]",21.0
29,1788356946567419851,307200,101236,16,5,139.3,"[90.2, 94.4, 95.9, 110.1, 139.3]","['OUTSIDE', 'OUTSIDE', 'OUTSIDE', 'INSIDE', 'INSIDE']","[[0.05, 0.32, 0.24], [1.9, 0.23, 1.64], [1.48, 0.74, 0.86], [2.01, 0.89, 0.52], [11.54, 4.76, 3.55]]","[22, 28, 19, 25, 15]",21.0
30,1788356946680664622,307200,101199,17,7,96.5,"[28.1, 29.0, 30.3, 30.7, 88.8, 91.8, 96.5]","['INSIDE', 'NEAR', 'OUTSIDE', 'INSIDE', 'OUTSIDE', 'OUTSIDE', 'OUTSIDE']","[[1.31, 1.73, 0.13], [0.42, 1.22, 1.01], [0.43, 0.99, 0.79], [1.21, 1.46, 0.11], [0.08, 0.25, 0.24], [4.01, 2.0, 1.45], [1.04, 0.29, 1.25]]","[6, 5, 2, 26, 22, 21, 28]",23.0
31,1788356946764334357,307200,101647,12,4,92.5,"[30.0, 39.7, 87.5, 92.5]","['INSIDE', 'INSIDE', 'OUTSIDE', 'OUTSIDE']","[[1.08, 1.85, 0.1], [0.78, 1.51, 0.05], [0.06, 0.31, 0.24], [2.01, 1.0, 0.6]]","[26, 7, 22, 21]",24.0
32,1788356946867501928,307200,101808,15,5,132.3,"[27.2, 29.1, 30.2, 31.7, 132.3]","['INSIDE', 'OUTSIDE', 'NEAR', 'INSIDE', 'INSIDE']","[[0.81, 1.56, 1.23], [0.95, 0.72, 0.74], [0.5, 0.78, 0.53], [1.13, 0.42, 0.1], [8.65, 4.52, 3.58]]","[5, 1, 26, 8, 34]",22.0
33,1788356946967305661,307200,102095,22,9,132.3,"[29.3, 30.1, 30.8, 36.0, 89.3, 92.8, 95.3, 100.2, 132.3]","['NEAR', 'INSIDE', 'OUTSIDE', 'INSIDE', 'NEAR', 'INSIDE', 'OUTSIDE', 'OUTSIDE', 'INSIDE']","[[1.04, 0.95, 0.53], [0.95, 1.66, 0.09], [0.72, 0.65, 0.82], [0.85, 1.62, 0.07], [0.99, 0.59, 0.23], [3.92, 2.1, 0.33], [3.02, 2.18, 2.36], [1.06, 0.43, 1.27], [11.37, 4.88, 3.73]]","[2, 26, 8, 7, 22, 21, 19, 23, 34]",23.5
34,1788356947069126870,307200,102932,19,8,130.6,"[28.6, 32.0, 34.5, 83.4, 89.2, 94.4, 94.9, 130.6]","['NEAR', 'OUTSIDE', 'INSIDE', 'OUTSIDE', 'OUTSIDE', 'OUTSIDE', 'INSIDE', 'INSIDE']","[[0.48, 0.85, 0.5], [1.19, 0.84, 0.82], [0.66, 0.73, 0.35], [0.1, 0.34, 0.39], [3.61, 1.71, 2.91], [2.02, 0.27, 0.84], [1.03, 1.55, 0.21], [9.92, 4.89, 3.69]]","[2, 8, 7, 10, 22, 19, 21, 34]",23.7
35,1788356947170677627,307200,93867,18,7,160.1,"[27.0, 29.3, 82.6, 90.5, 94.6, 127.2, 160.1]","['INSIDE', 'INSIDE', 'OUTSIDE', 'INSIDE', 'OUTSIDE', 'INSIDE', 'OUTSIDE']","[[1.93, 2.81, 0.79], [1.08, 1.91, 0.1], [1.09, 2.21, 2.05], [3.01, 2.78, 1.44], [1.22, 0.34, 1.69], [13.95, 5.01, 3.47], [3.09, 0.28, 1.47]]","[6, 26, 10, 31, 28, 34, 39]",23.0
36,1788356947269744718,307200,101134,18,9,127.3,"[29.6, 83.1, 89.7, 90.2, 90.7, 94.6, 95.2, 100.9, 127.3]","['INSIDE', 'NEAR', 'OUTSIDE', 'INSIDE', 'INSIDE', 'INSIDE', 'OUTSIDE', 'RAIL', 'INSIDE']","[[1.96, 2.88, 1.13], [5.02, 1.41, 0.67], [0.39, 0.27, 0.63], [1.06, 0.97, 0.63], [5.9, 4.35, 1.43], [1.02, 1.13, 0.44], [3.93, 0.65, 2.1], [0.13, 0.7, 0.44], [10.68, 4.97, 3.66]]","[26, 10, 22, 31, 27, 21, 19, 23, 34]",22.0
37,1788356947365111796,307200,101127,18,13,128.7,"[27.4, 27.5, 28.3, 29.7, 29.7, 30.2, 83.5, 90.8, 93.9, 94.8, 97.0, 99.9, 128.7]","['INSIDE', 'NEAR', 'OUTSIDE', 'INSIDE', 'NEAR', 'OUTSIDE', 'OUTSIDE', 'OUTSIDE', 'INSIDE', 'OUTSIDE', 'OUTSIDE', 'RAIL', 'INSIDE']","[[0.46, 0.96, 0.05], [0.6, 1.02, 0.98], [0.76, 1.28, 1.02], [1.22, 1.74, 0.12], [0.29, 0.79, 0.52], [0.81, 0.99, 1.02], [1.58, 1.34, 0.79], [5.09, 0.21, 1.64], [1.03, 1.43, 0.43], [1.21, 0.93, 2.09], [1.0, 0.22, 0.41], [0.77, 0.7, 0.65], [14.94, 4.85, 3.62]]","[6, 5, 2, 26, 1, 8, 10, 22, 21, 19, 28, 23, 34]",19.2
38,1788356947468788208,307200,101045,20,8,127.0,"[29.4, 84.2, 87.6, 90.4, 93.1, 96.0, 98.2, 127.0]","['OUTSIDE', 'OUTSIDE', 'INSIDE', 'OUTSIDE', 'OUTSIDE', 'OUTSIDE', 'RAIL', 'INSIDE']","[[1.08, 1.14, 1.08], [2.5, 0.22, 1.82], [0.73, 0.94, 0.61], [6.95, 0.99, 2.88], [1.98, 0.22, 1.03], [2.07, 1.01, 2.75], [0.06, 0.17, 0.43], [11.39, 4.73, 3.59]]","[2, 10, 27, 22, 21, 28, 23, 34]",23.0
39,1788356947566956655,307200,101180,25,14,125.3,"[27.6, 28.4, 29.2, 29.4, 29.4, 84.3, 85.1, 88.8, 89.6, 91.8, 92.1, 94.3, 96.8, 125.3]","['NEAR', 'INSIDE', 'OUTSIDE', 'INSIDE', 'OUTSIDE', 'OUTSIDE', 'INSIDE', 'OUTSIDE', 'OUTSIDE', 'OUTSIDE', 'OUTSIDE', 'OUTSIDE', 'RAIL', 'INSIDE']","[[0.74, 1.35, 1.04], [2.65, 2.82, 1.25], [0.97, 0.89, 0.83], [1.24, 1.82, 0.12], [0.9, 1.04, 1.04], [1.1, 0.24, 0.94], [7.03, 4.18, 0.9], [1.39, 0.37, 2.34], [1.91, 0.27, 0.62], [1.11, 1.6, 2.02], [1.94, 0.13, 1.01], [3.04, 0.24, 1.65], [0.06, 0.35, 0.42], [10.57, 4.99, 3.75]]","[5, 6, 2, 26, 8, 20, 18, 27, 22, 19, 21, 28, 23, 34]",22.1
40,1788356947667090219,307200,101131,23,8,158.9,"[27.2, 29.4, 84.9, 89.8, 91.4, 95.8, 123.7, 158.9]","['OUTSIDE', 'NEAR', 'INSIDE', 'INSIDE', 'OUTSIDE', 'RAIL', 'INSIDE', 'INSIDE']","[[0.61, 1.08, 0.93], [0.69, 0.66, 0.51], [0.71, 1.19, 0.57], [1.12, 1.47, 0.43], [1.74, 0.57, 1.15], [0.94, 0.84, 0.62], [6.72, 5.03, 3.76], [0.8, 0.55, 0.45]]","[6, 8, 18, 31, 19, 23, 34, 39]",18.8
41,1788356947767389178,307200,101226,22,11,123.5,"[25.9, 26.3, 29.4, 33.3, 36.8, 83.7, 85.8, 89.0, 92.0, 93.4, 123.5]","['OUTSIDE', 'NEAR', 'INSIDE', 'INSIDE', 'INSIDE', 'INSIDE', 'OUTSIDE', 'OUTSIDE', 'INSIDE', 'RAIL', 'INSIDE']","[[0.78, 0.69, 0.67], [1.33, 1.36, 1.15], [1.07, 1.43, 0.1], [1.32, 1.83, 0.11], [0.51, 1.16, 0.04], [5.17, 4.21, 3.01], [1.95, 0.2, 1.92], [8.32, 0.25, 1.9], [3.87, 4.15, 2.32], [1.37, 0.62, 0.41], [5.28, 4.97, 3.56]]","[6, 5, 26, 41, 7, 18, 27, 10, 31, 23, 34]",16.8
42,1788356947867815114,307200,101575,28,14,140.9,"[26.8, 27.0, 27.6, 30.3, 30.3, 34.1, 81.6, 85.2, 87.1, 87.5, 91.5, 92.7, 121.7, 140.9]","['INSIDE', 'OUTSIDE', 'OUTSIDE', 'INSIDE', 'OUTSIDE', 'INSIDE', 'INSIDE', 'OUTSIDE', 'OUTSIDE', 'INSIDE', 'RAIL', 'INSIDE', 'INSIDE', 'INSIDE']","[[1.05, 1.94, 0.11], [1.53, 1.23, 0.98], [0.56, 1.06, 0.95], [1.41, 1.57, 0.13], [1.41, 1.14, 1.14], [1.21, 1.64, 0.1], [2.02, 0.87, 0.56], [2.08, 0.94, 2.91], [3.03, 0.5, 2.23], [1.11, 1.58, 0.42], [0.11, 0.38, 0.4], [7.9, 3.24, 3.11], [2.83, 4.97, 3.53], [7.71, 4.06, 3.37]]","[5, 6, 8, 26, 1, 41, 18, 10, 20, 27, 23, 31, 34, 45]",22.5
43,1788356947977505884,307200,101716,26,12,142.4,"[26.9, 27.3, 28.0, 28.1, 28.2, 78.8, 83.9, 89.3, 90.8, 91.7, 118.3, 142.4]","['OUTSIDE', 'INSIDE', 'OUTSIDE', 'INSIDE', 'OUTSIDE', 'OUTSIDE', 'NEAR', 'NEAR', 'RAIL', 'INSIDE', 'ABOVE', 'INSIDE']","[[0.31, 0.82, 0.7], [1.46, 0.46, 0.32], [0.24, 1.1, 0.97], [0.37, 0.98, 0.04], [0.51, 1.05, 1.0], [3.19, 1.09, 2.93], [6.83, 1.45, 3.1], [1.96, 1.3, 2.94], [1.26, 0.85, 0.58], [1.11, 1.4, 2.02], [0.24, 1.1, 0.25], [2.01, 4.03, 3.12]]","[8, 5, 2, 26, 1, 18, 20, 31, 22, 21, 34, 45]",18.0
44,1788356948079327141,307200,102527,25,15,119.9,"[25.9, 26.0, 28.4, 29.0, 31.2, 31.3, 33.7, 79.1, 79.3, 82.3, 84.0, 85.4, 88.6, 89.8, 119.9]","['OUTSIDE', 'NEAR', 'INSIDE', 'NEAR', 'NEAR', 'INSIDE', 'INSIDE', 'RAIL', 'OUTSIDE', 'NEAR', 'OUTSIDE', 'OUTSIDE', 'RAIL', 'INSIDE', 'OUTSIDE']","[[0.72, 1.0, 0.86], [0.69, 0.96, 0.64], [1.02, 1.38, 0.11], [0.45, 1.19, 1.04], [1.06, 1.23, 0.85], [1.52, 1.71, 0.14], [0.63, 0.72, 0.32], [0.99, 0.28, 1.08], [3.12, 2.16, 2.9], [6.64, 1.32, 3.04], [0.22, 0.23, 1.48], [2.86, 1.65, 2.09], [0.5, 0.61, 0.62], [6.58, 2.88, 3.41], [0.14, 0.21, 0.56]]","[6, 8, 26, 1, 2, 41, 7, 17, 20, 18, 27, 10, 22, 31, 34]",21.0
45,1788356948182486608,307200,104411,20,8,140.0,"[32.2, 44.5, 80.1, 88.6, 89.1, 91.5, 118.4, 140.0]","['INSIDE', 'RAIL', 'OUTSIDE', 'RAIL', 'OUTSIDE', 'INSIDE', 'OUTSIDE', 'INSIDE']","[[0.73, 1.52, 1.12], [0.14, 0.25, 0.39], [9.09, 1.22, 2.97], [0.31, 0.64, 0.61], [1.93, 0.61, 1.22], [9.06, 2.88, 3.14], [0.3, 0.21, 1.55], [1.35, 4.16, 2.45]]","[7, 37, 18, 22, 19, 31, 34, 45]",21.0
46,1788356948288008651,307200,98780,16,9,117.2,"[30.6, 30.6, 31.6, 34.0, 43.1, 86.7, 90.3, 110.9, 117.2]","['INSIDE', 'NEAR', 'NEAR', 'INSIDE', 'RAIL', 'RAIL', 'OUTSIDE', 'OUTSIDE', 'OUTSIDE']","[[1.59, 2.7, 1.14], [1.47, 0.71, 0.52], [0.56, 0.77, 0.86], [0.63, 0.83, 0.05], [0.14, 0.22, 0.47], [1.26, 0.63, 0.78], [0.76, 0.48, 0.6], [1.11, 0.32, 0.94], [0.28, 0.2, 1.75]]","[2, 1, 7, 41, 37, 22, 19, 38, 34]",23.0
47,1788356948370061306,307200,101163,20,8,88.6,"[22.5, 28.6, 30.4, 31.6, 41.7, 84.7, 85.8, 88.6]","['INSIDE', 'OUTSIDE', 'OUTSIDE', 'NEAR', 'RAIL', 'OUTSIDE', 'RAIL', 'OUTSIDE']","[[0.57, 1.11, 0.07], [0.54, 1.3, 1.03], [0.19, 0.79, 0.54], [0.38, 0.94, 0.57], [0.15, 0.17, 0.46], [0.11, 0.87, 0.55], [0.26, 0.58, 0.59], [1.9, 0.38, 0.8]]","[6, 5, 2, 41, 37, 10, 22, 19]",22.0
48,1788356948477657463,307200,101264,21,8,90.6,"[28.4, 29.0, 30.2, 30.6, 84.4, 87.5, 88.4, 90.6]","['INSIDE', 'INSIDE', 'INSIDE', 'INSIDE', 'RAIL', 'OUTSIDE', 'OUTSIDE', 'OUTSIDE']","[[0.61, 0.99, 0.06], [0.33, 0.61, 0.27], [0.42, 1.16, 0.04], [0.98, 0.38, 0.24], [2.26, 0.72, 0.76], [0.84, 0.46, 0.59], [1.69, 0.25, 1.77], [1.91, 0.24, 1.36]]","[26, 1, 2, 7, 22, 19, 31, 21]",22.3
49,1788356948570324525,307200,101437,23,14,111.6,"[27.9, 29.0, 31.1, 32.3, 32.4, 36.0, 39.1, 78.1, 82.1, 84.1, 84.9, 89.5, 99.2, 111.6]","['OUTSIDE', 'INSIDE', 'INSIDE', 'NEAR', 'INSIDE', 'INSIDE', 'RAIL', 'NEAR', 'RAIL', 'INSIDE', 'OUTSIDE', 'RAIL', 'INSIDE', 'NEAR']","[[1.14, 0.54, 0.71], [0.44, 0.74, 0.25], [0.23, 0.22, 0.26], [0.42, 0.64, 0.55], [1.75, 2.54, 0.66], [2.03, 1.98, 0.16], [0.26, 0.23, 0.51], [2.2, 1.0, 2.92], [1.72, 0.68, 0.58], [6.14, 1.68, 3.16], [1.89, 1.58, 0.61], [7.36, 0.36, 1.01], [5.84, 4.89, 2.23], [3.08, 0.7, 2.89]]","[1, 26, 2, 7, 41, 43, 37, 18, 22, 27, 10, 21, 50, 38]",23.3
50,1788356948679241258,307200,101819,23,14,110.8,"[24.7, 27.9, 27.9, 30.5, 32.7, 32.8, 35.7, 36.8, 81.9, 84.9, 87.4, 95.6, 99.6, 110.8]","['INSIDE', 'INSIDE', 'OUTSIDE', 'OUTSIDE', 'NEAR', 'OUTSIDE', 'RAIL', 'INSIDE', 'RAIL', 'OUTSIDE', 'OUTSIDE', 'OUTSIDE', 'OUTSIDE', 'NEAR']","[[0.72, 1.21, 0.09], [1.14, 1.54, 0.51], [2.15, 1.45, 1.12], [0.49, 0.81, 0.53], [1.17, 0.88, 0.51], [0.68, 0.8, 0.87], [0.26, 0.07, 0.39], [1.13, 1.88, 0.4], [2.37, 0.7, 0.9], [0.61, 1.88, 1.12], [3.18, 0.27, 1.52], [2.06, 0.46, 0.46], [0.03, 0.4, 0.4], [1.98, 0.69, 2.67]]","[6, 26, 5, 2, 41, 7, 37, 43, 20, 10, 31, 47, 50, 38]",23.0
51,1788356948773094950,307200,100043,25,14,157.4,"[26.5, 26.6, 28.3, 30.0, 34.3, 77.3, 78.3, 80.4, 83.0, 86.0, 98.2, 109.2, 138.4, 157.4]","['OUTSIDE', 'INSIDE', 'INSIDE', 'INSIDE', 'RAIL', 'INSIDE', 'RAIL', 'OUTSIDE', 'NEAR', 'RAIL', 'OUTSIDE', 'NEAR', 'OUTSIDE', 'INSIDE']","[[1.59, 1.28, 1.07], [1.63, 2.38, 0.74], [0.69, 1.29, 0.26], [1.27, 1.77, 0.12], [0.24, 0.08, 0.45], [4.04, 0.57, 0.51], [0.24, 0.68, 0.55], [1.66, 1.7, 0.93], [10.3, 1.48, 3.07], [3.0, 0.29, 0.74], [0.04, 0.39, 0.39], [2.36, 0.88, 3.16], [3.1, 0.27, 1.6], [1.65, 3.29, 0.78]]","[5, 8, 26, 2, 37, 18, 17, 10, 27, 31, 50, 38, 45, 46]",21.5
52,1788356948871720676,307200,101991,16,8,107.6,"[27.3, 28.0, 29.8, 32.9, 32.9, 79.4, 94.9, 107.6]","['INSIDE', 'NEAR', 'INSIDE', 'RAIL', 'NEAR', 'RAIL', 'INSIDE', 'NEAR']","[[2.15, 1.49, 0.22], [0.39, 0.72, 0.5], [2.44, 2.42, 0.68], [0.24, 0.13, 0.43], [1.95, 0.9, 0.5], [1.14, 0.74, 0.87], [5.97, 4.7, 2.82], [2.91, 0.8, 2.6]]","[8, 1, 2, 37, 41, 17, 47, 38]",22.9
53,1788356948973256795,307200,102387,25,13,178.7,"[27.7, 28.4, 31.5, 32.2, 37.1, 80.2, 80.3, 84.3, 88.4, 92.0, 95.3, 105.0, 178.7]","['NEAR', 'NEAR', 'RAIL', 'OUTSIDE', 'INSIDE', 'OUTSIDE', 'OUTSIDE', 'RAIL', 'INSIDE', 'OUTSIDE', 'OUTSIDE', 'OUTSIDE', 'OUTSIDE']","[[0.45, 0.83, 0.71], [0.47, 1.1, 0.99], [0.28, 0.08, 0.47], [0.92, 0.77, 0.89], [0.96, 0.64, 0.07], [1.36, 0.44, 0.72], [6.6, 0.8, 1.58], [5.11, 0.35, 1.15], [2.46, 0.84, 0.8], [2.93, 0.56, 1.02], [0.52, 0.39, 1.3], [2.24, 0.48, 1.58], [0.06, 0.62, 0.48]]","[1, 8, 37, 7, 43, 17, 20, 31, 21, 47, 50, 38, 51]",23.5
54,1788356949077645610,307200,102917,23,12,178.3,"[28.4, 29.1, 30.1, 30.2, 30.5, 80.8, 86.7, 88.9, 90.7, 92.6, 104.5, 178.3]","['OUTSIDE', 'OUTSIDE', 'RAIL', 'OUTSIDE', 'INSIDE', 'OUTSIDE', 'OUTSIDE', 'RAIL', 'NEAR', 'OUTSIDE', 'NEAR', 'OUTSIDE']","[[0.7, 0.97, 0.7], [0.4, 0.67, 0.79], [0.19, 0.12, 0.39], [0.42, 0.8, 0.81], [1.51, 2.4, 0.62], [5.22, 0.86, 2.82], [1.04, 0.97, 1.94], [1.35, 0.23, 0.8], [0.97, 0.98, 1.19], [7.02, 1.46, 2.32], [3.7, 0.75, 2.96], [2.02, 0.49, 1.19]]","[2, 8, 37, 7, 26, 17, 19, 21, 47, 50, 38, 51]",18.2
55,1788356949170976061,307200,104637,24,12,119.5,"[27.0, 28.9, 29.0, 30.0, 30.5, 31.0, 34.4, 74.3, 90.4, 93.3, 103.6, 119.5]","['OUTSIDE', 'OUTSIDE', 'RAIL', 'OUTSIDE', 'INSIDE', 'OUTSIDE', 'INSIDE', 'INSIDE', 'INSIDE', 'OUTSIDE', 'INSIDE', 'RAIL']","[[0.32, 1.02, 0.69], [0.44, 0.98, 0.72], [0.37, 0.11, 0.59], [0.4, 0.72, 0.78], [1.34, 1.79, 0.13], [0.36, 1.02, 1.09], [0.98, 1.66, 0.08], [0.99, 1.03, 0.04], [0.97, 0.83, 0.63], [10.86, 1.35, 2.48], [3.59, 3.19, 3.71], [0.88, 0.48, 0.77]]","[5, 2, 37, 7, 26, 8, 41, 18, 47, 50, 38, 34]",23.6
56,1788356949272584958,307200,95163,22,14,152.0,"[28.2, 28.7, 29.6, 29.6, 30.7, 37.8, 85.7, 88.0, 88.8, 91.9, 102.1, 111.7, 118.3, 152.0]","['INSIDE', 'OUTSIDE', 'RAIL', 'NEAR', 'OUTSIDE', 'INSIDE', 'OUTSIDE', 'OUTSIDE', 'NEAR', 'OUTSIDE', 'NEAR', 'INSIDE', 'OUTSIDE', 'OUTSIDE']","[[1.31, 1.85, 0.13], [1.05, 1.08, 1.23], [0.67, 0.27, 0.72], [0.19, 0.77, 0.5], [0.53, 0.81, 0.84], [1.34, 1.83, 0.1], [2.3, 0.44, 2.12], [1.14, 0.71, 1.15], [0.93, 0.83, 1.16], [1.02, 1.17, 2.48], [3.23, 1.17, 3.31], [1.24, 0.58, 0.78], [1.02, 0.48, 1.0], [1.44, 0.44, 0.42]]","[1, 7, 37, 8, 26, 43, 19, 50, 21, 47, 38, 56, 34, 46]",23.0
57,1788356949368220993,307200,98350,26,14,173.1,"[26.3, 28.2, 28.7, 29.5, 31.4, 35.5, 81.0, 84.6, 88.7, 89.7, 98.6, 113.9, 116.9, 173.1]","['RAIL', 'RAIL', 'INSIDE', 'NEAR', 'OUTSIDE', 'RAIL', 'OUTSIDE', 'NEAR', 'OUTSIDE', 'OUTSIDE', 'NEAR', 'INSIDE', 'OUTSIDE', 'OUTSIDE']","[[0.52, 0.13, 0.59], [0.77, 0.27, 0.8], [1.03, 1.97, 0.11], [1.52, 0.93, 0.6], [0.73, 0.78, 0.78], [0.56, 0.14, 0.63], [3.81, 0.55, 2.01], [1.91, 1.14, 3.17], [4.73, 1.05, 2.78], [2.93, 0.35, 1.34], [4.83, 1.12, 3.3], [1.94, 0.83, 1.72], [0.9, 0.41, 0.99], [4.38, 0.57, 2.97]]","[5, 37, 1, 8, 26, 41, 17, 31, 50, 21, 38, 56, 34, 51]",23.0
58,1788356949468671920,307200,97885,24,11,149.4,"[24.9, 26.8, 26.9, 28.3, 29.9, 31.2, 31.7, 88.1, 96.9, 115.6, 149.4]","['RAIL', 'NEAR', 'RAIL', 'INSIDE', 'NEAR', 'INSIDE', 'RAIL', 'NEAR', 'OUTSIDE', 'OUTSIDE', 'OUTSIDE']","[[0.47, 0.11, 0.6], [0.61, 0.75, 0.48], [0.91, 0.35, 0.78], [1.27, 1.76, 0.13], [0.88, 1.16, 1.02], [1.31, 1.52, 0.12], [1.14, 0.13, 0.28], [2.03, 1.08, 3.13], [1.92, 0.74, 0.93], [1.01, 0.38, 0.98], [1.42, 0.37, 0.71]]","[5, 7, 37, 1, 8, 26, 41, 21, 38, 34, 46]",23.0
59,1788356949575393399,307200,96099,21,15,171.6,"[23.9, 25.6, 26.6, 28.6, 29.1, 30.5, 45.6, 75.5, 82.9, 87.3, 87.7, 93.4, 114.2, 147.4, 171.6]","['RAIL', 'RAIL', 'OUTSIDE', 'INSIDE', 'NEAR', 'OUTSIDE', 'RAIL', 'OUTSIDE', 'OUTSIDE', 'NEAR', 'NEAR', 'OUTSIDE', 'OUTSIDE', 'OUTSIDE', 'OUTSIDE']","[[1.12, 0.13, 0.65], [0.89, 0.31, 0.85], [0.8, 0.93, 0.97], [2.75, 2.75, 2.15], [1.14, 1.28, 1.3], [0.79, 0.72, 0.82], [0.65, 0.15, 0.59], [8.0, 1.19, 2.29], [4.8, 0.63, 2.79], [0.39, 0.48, 0.56], [13.13, 1.3, 2.94], [3.44, 0.87, 1.78], [0.94, 0.71, 0.97], [0.14, 0.29, 0.6], [2.02, 0.39, 1.47]]","[5, 37, 7, 2, 8, 26, 36, 27, 10, 21, 31, 61, 34, 46, 51]",23.0
60,1788356949663715730,307200,101465,21,11,147.4,"[22.3, 24.3, 28.6, 29.1, 29.4, 38.5, 84.1, 89.4, 96.8, 112.9, 147.4]","['RAIL', 'RAIL', 'NEAR', 'RAIL', 'OUTSIDE', 'INSIDE', 'ABOVE', 'OUTSIDE', 'NEAR', 'OUTSIDE', 'INSIDE']","[[0.55, 0.1, 0.59], [0.96, 0.32, 0.91], [1.37, 1.12, 0.69], [1.19, 0.18, 0.32], [0.39, 1.11, 1.26], [1.39, 1.86, 0.11], [3.93, 1.45, 0.17], [1.39, 0.4, 1.95], [3.11, 1.05, 3.14], [0.88, 0.7, 1.26], [5.73, 3.91, 3.64]]","[5, 37, 2, 8, 26, 43, 10, 31, 60, 34, 46]",23.0
61,1788356949766399512,307200,101653,24,15,111.8,"[22.0, 27.9, 29.1, 30.0, 30.9, 31.9, 34.2, 77.4, 81.3, 85.5, 90.2, 90.6, 95.0, 98.0, 111.8]","['RAIL', 'OUTSIDE', 'OUTSIDE', 'NEAR', 'OUTSIDE', 'OUTSIDE', 'INSIDE', 'NEAR', 'OUTSIDE', 'NEAR', 'OUTSIDE', 'OUTSIDE', 'NEAR', 'OUTSIDE', 'OUTSIDE']","[[2.63, 0.35, 0.87], [0.46, 0.88, 0.98], [0.41, 1.09, 1.25], [0.62, 1.24, 1.07], [0.65, 0.81, 0.85], [0.62, 0.96, 0.55], [1.4, 1.88, 0.12], [6.83, 1.25, 2.95], [2.99, 0.48, 0.91], [6.78, 1.34, 3.05], [1.2, 0.34, 1.04], [4.63, 0.96, 1.96], [4.23, 1.08, 3.3], [2.44, 0.46, 1.78], [1.32, 0.71, 1.25]]","[5, 7, 26, 1, 41, 53, 43, 27, 10, 21, 31, 50, 60, 64, 34]",22.0
62,1788356949863431520,307200,102027,20,14,145.4,"[20.0, 21.6, 26.8, 27.8, 31.7, 77.2, 85.2, 89.7, 93.7, 95.2, 97.6, 110.2, 117.3, 145.4]","['RAIL', 'RAIL', 'OUTSIDE', 'NEAR', 'NEAR', 'NEAR', 'NEAR', 'RAIL', 'OUTSIDE', 'NEAR', 'OUTSIDE', 'OUTSIDE', 'INSIDE', 'INSIDE']","[[1.2, 0.15, 0.71], [0.98, 0.38, 0.86], [0.79, 0.89, 0.93], [0.44, 1.12, 0.94], [0.67, 0.79, 0.6], [4.56, 1.27, 2.67], [7.11, 1.3, 1.88], [0.46, 0.68, 0.62], [1.07, 0.35, 2.09], [3.91, 1.11, 3.36], [0.18, 0.07, 1.08], [0.86, 0.49, 0.93], [0.88, 0.75, 2.27], [4.5, 3.85, 3.25]]","[5, 37, 7, 26, 41, 27, 21, 31, 61, 60, 64, 34, 56, 46]",21.0
63,1788356949975394958,307200,102030,26,16,116.3,"[20.4, 22.9, 27.3, 31.4, 31.6, 34.4, 34.8, 45.6, 77.4, 82.5, 84.5, 92.4, 94.3, 96.1, 108.9, 116.3]","['RAIL', 'RAIL', 'NEAR', 'OUTSIDE', 'INSIDE', 'INSIDE', 'INSIDE', 'RAIL', 'NEAR', 'OUTSIDE', 'NEAR', 'OUTSIDE', 'NEAR', 'OUTSIDE', 'OUTSIDE', 'INSIDE']","[[1.02, 0.35, 0.89], [0.54, 0.23, 0.1], [0.71, 1.06, 1.0], [0.31, 0.84, 0.84], [1.36, 1.85, 0.13], [0.68, 1.07, 0.06], [1.02, 0.72, 0.09], [0.55, 0.39, 0.4], [4.1, 1.14, 2.9], [1.68, 0.51, 2.91], [8.25, 1.27, 3.1], [0.28, 0.37, 1.46], [3.89, 1.18, 3.21], [0.8, 0.03, 0.79], [0.87, 0.61, 0.92], [0.33, 0.46, 1.26]]","[5, 37, 26, 41, 53, 43, 1, 36, 27, 17, 21, 61, 55, 64, 34, 56]",21.8
64,1788356950064513882,307200,102086,16,10,170.9,"[21.6, 29.1, 31.5, 44.9, 83.2, 91.5, 93.1, 107.7, 114.7, 170.9]","['RAIL', 'NEAR', 'INSIDE', 'INSIDE', 'NEAR', 'OUTSIDE', 'NEAR', 'OUTSIDE', 'INSIDE', 'INSIDE']","[[0.57, 0.1, 0.38], [0.22, 0.74, 0.52], [1.08, 1.95, 0.1], [0.83, 1.25, 0.06], [8.43, 1.39, 3.07], [0.44, 0.36, 1.23], [3.21, 1.21, 3.27], [1.08, 0.62, 1.64], [0.91, 0.5, 2.22], [0.23, 3.88, 2.19]]","[5, 26, 53, 36, 21, 61, 55, 34, 56, 51]",20.4
65,1788356950167067161,307200,101946,22,13,169.7,"[17.8, 20.3, 26.9, 30.8, 35.0, 88.3, 91.3, 93.9, 95.3, 106.4, 113.5, 114.0, 169.7]","['RAIL', 'RAIL', 'OUTSIDE', 'OUTSIDE', 'INSIDE', 'OUTSIDE', 'NEAR', 'OUTSIDE', 'NEAR', 'OUTSIDE', 'INSIDE', 'OUTSIDE', 'INSIDE']","[[1.07, 0.35, 0.93], [0.6, 0.27, 0.5], [0.65, 0.87, 0.71], [0.3, 0.59, 0.53], [1.32, 1.93, 0.11], [1.41, 0.58, 2.45], [7.04, 1.28, 3.34], [0.09, 0.24, 1.47], [0.34, 0.21, 1.44], [1.06, 0.66, 1.86], [0.93, 0.73, 2.19], [1.01, 0.76, 1.48], [0.09, 0.39, 1.07]]","[5, 37, 7, 41, 1, 47, 31, 61, 60, 34, 56, 67, 51]",21.9
66,1788356950261055599,307200,100582,23,16,176.0,"[15.6, 19.0, 29.4, 31.7, 31.8, 35.0, 35.7, 79.7, 84.9, 88.5, 90.0, 97.4, 102.0, 112.2, 169.8, 176.0]","['RAIL', 'RAIL', 'OUTSIDE', 'INSIDE', 'INSIDE', 'NEAR', 'INSIDE', 'NEAR', 'RAIL', 'OUTSIDE', 'NEAR', 'OUTSIDE', 'RAIL', 'INSIDE', 'INSIDE', 'OUTSIDE']","[[2.83, 0.35, 0.84], [0.55, 0.18, 0.46], [0.41, 0.8, 0.48], [0.55, 0.99, 0.05], [1.28, 0.75, 0.12], [1.29, 1.07, 0.56], [0.76, 1.48, 0.07], [5.09, 1.29, 2.93], [2.9, 1.1, 0.92], [1.48, 0.38, 1.83], [3.94, 1.21, 3.08], [1.02, 0.24, 1.27], [2.12, 0.76, 0.65], [0.93, 0.49, 2.3], [2.97, 0.68, 2.62], [2.31, 0.44, 2.62]]","[5, 37, 2, 53, 41, 43, 1, 10, 21, 50, 31, 64, 34, 56, 51, 62]",21.3
67,1788356950372064307,307200,93849,24,16,167.0,"[15.2, 15.2, 27.3, 28.2, 35.3, 38.1, 78.6, 82.8, 84.3, 85.3, 87.7, 89.3, 94.1, 100.5, 110.9, 167.0]","['RAIL', 'RAIL', 'NEAR', 'OUTSIDE', 'OUTSIDE', 'RAIL', 'NEAR', 'NEAR', 'OUTSIDE', 'NEAR', 'NEAR', 'OUTSIDE', 'INSIDE', 'RAIL', 'INSIDE', 'INSIDE']","[[0.15, 0.41, 0.1], [1.08, 0.43, 0.93], [0.29, 0.97, 0.73], [1.14, 0.7, 0.78], [1.06, 0.73, 0.35], [0.79, 0.48, 1.17], [4.66, 1.33, 3.57], [1.37, 1.15, 1.09], [0.31, 0.33, 0.37], [0.41, 1.1, 1.65], [3.19, 1.17, 3.26], [2.28, 0.45, 2.17], [2.82, 0.51, 1.52], [1.94, 0.16, 0.64], [0.89, 0.52, 1.94], [0.33, 0.32, 1.84]]","[5, 37, 7, 26, 43, 1, 10, 21, 17, 31, 55, 50, 63, 34, 56, 51]",21.0
68,1788356950465295894,307200,98580,21,13,165.8,"[28.4, 29.0, 31.7, 34.7, 47.0, 78.5, 83.0, 85.9, 88.7, 109.6, 109.6, 147.1, 165.8]","['INSIDE', 'OUTSIDE', 'OUTSIDE', 'INSIDE', 'RAIL', 'OUTSIDE', 'NEAR', 'NEAR', 'OUTSIDE', 'OUTSIDE', 'INSIDE', 'INSIDE', 'INSIDE']","[[1.5, 2.07, 0.15], [0.72, 1.0, 1.03], [0.41, 0.65, 0.27], [2.28, 2.02, 0.2], [0.35, 0.14, 0.52], [0.39, 0.46, 0.37], [9.05, 1.28, 3.1], [4.13, 1.23, 2.99], [2.74, 0.45, 2.1], [0.06, 0.38, 0.51], [0.85, 0.48, 2.12], [0.92, 3.35, 2.19], [0.09, 0.31, 1.04]]","[26, 7, 53, 43, 36, 17, 10, 31, 50, 56, 67, 46, 51]",22.0
69,1788356950566078660,307200,102782,25,17,165.9,"[12.6, 27.0, 28.2, 32.6, 32.8, 35.1, 77.2, 84.6, 86.3, 89.4, 90.0, 93.5, 101.3, 102.6, 108.3, 108.4, 165.9]","['RAIL', 'INSIDE', 'OUTSIDE', 'OUTSIDE', 'OUTSIDE', 'INSIDE', 'NEAR', 'OUTSIDE', 'NEAR', 'OUTSIDE', 'NEAR', 'OUTSIDE', 'OUTSIDE', 'INSIDE', 'OUTSIDE', 'INSIDE', 'INSIDE']","[[1.05, 0.43, 0.94], [1.02, 1.95, 0.33], [1.3, 1.23, 1.16], [0.26, 0.86, 0.56], [0.85, 0.42, 0.56], [1.32, 1.7, 0.11], [9.74, 1.27, 3.46], [1.73, 0.5, 2.92], [4.14, 1.17, 3.25], [1.2, 0.2, 1.61], [1.85, 0.12, 0.97], [0.89, 0.19, 2.05], [1.07, 0.77, 2.65], [0.98, 0.55, 0.89], [0.05, 0.78, 0.94], [0.9, 0.69, 2.38], [2.94, 0.44, 2.56]]","[37, 26, 7, 53, 41, 43, 27, 50, 31, 47, 55, 61, 66, 34, 56, 67, 51]",21.0
70,1788356950660765352,307200,103587,20,13,170.6,"[13.8, 45.7, 78.1, 83.3, 85.4, 89.0, 91.0, 92.2, 93.6, 101.1, 107.1, 107.3, 170.6]","['RAIL', 'INSIDE', 'NEAR', 'OUTSIDE', 'NEAR', 'RAIL', 'INSIDE', 'OUTSIDE', 'INSIDE', 'INSIDE', 'OUTSIDE', 'INSIDE', 'OUTSIDE']","[[0.76, 0.58, 0.54], [0.95, 1.28, 0.07], [3.18, 1.24, 2.39], [1.13, 0.57, 2.88], [4.23, 1.11, 3.22], [0.57, 0.61, 0.36], [1.8, 0.49, 1.46], [1.02, 0.21, 1.46], [1.92, 0.64, 1.05], [0.21, 0.06, 1.51], [0.14, 0.77, 0.93], [0.45, 0.61, 1.89], [1.64, 0.28, 2.96]]","[37, 36, 10, 50, 21, 55, 63, 61, 60, 34, 56, 67, 62]",21.0
71,1788356950769683885,307200,104744,24,20,189.6,"[12.6, 28.2, 29.3, 30.1, 30.5, 32.1, 35.5, 81.1, 83.1, 86.6, 87.8, 98.7, 99.9, 104.0, 105.8, 105.8, 130.7, 162.0, 169.9, 189.6]","['RAIL', 'NEAR', 'OUTSIDE', 'NEAR', 'NEAR', 'OUTSIDE', 'OUTSIDE', 'OUTSIDE', 'NEAR', 'OUTSIDE', 'INSIDE', 'OUTSIDE', 'INSIDE', 'OUTSIDE', 'OUTSIDE', 'INSIDE', 'INSIDE', 'INSIDE', 'OUTSIDE', 'INSIDE']","[[0.74, 0.67, 0.53], [0.47, 0.96, 0.53], [0.47, 0.94, 0.99], [0.87, 0.86, 0.58], [1.13, 1.1, 0.59], [0.13, 0.88, 0.84], [1.19, 0.81, 0.39], [2.22, 0.37, 2.4], [6.21, 1.17, 3.18], [0.93, 0.11, 0.94], [0.55, 0.65, 1.55], [1.0, 0.78, 2.82], [1.2, 0.24, 1.77], [0.92, 0.48, 1.81], [0.06, 0.37, 0.49], [0.92, 0.45, 2.33], [8.37, 3.55, 3.95], [0.07, 0.38, 1.02], [1.96, 0.5, 2.16], [1.16, 3.92, 2.84]]","[37, 2, 7, 41, 53, 43, 1, 17, 21, 50, 55, 64, 34, 65, 56, 67, 57, 51, 62, 71]",21.0
72,1788356950862771071,307200,107008,23,17,188.9,"[11.3, 27.9, 28.8, 29.0, 29.3, 32.0, 36.4, 82.6, 85.1, 87.1, 97.4, 98.2, 102.7, 104.5, 160.7, 168.8, 188.9]","['RAIL', 'NEAR', 'OUTSIDE', 'INSIDE', 'INSIDE', 'OUTSIDE', 'INSIDE', 'OUTSIDE', 'OUTSIDE', 'INSIDE', 'OUTSIDE', 'INSIDE', 'OUTSIDE', 'INSIDE', 'INSIDE', 'OUTSIDE', 'INSIDE']","[[0.79, 0.72, 0.55], [0.26, 0.87, 0.5], [0.6, 0.74, 0.54], [0.96, 0.38, 0.1], [1.07, 1.62, 0.11], [0.42, 0.94, 1.13], [0.7, 0.9, 0.06], [1.68, 0.46, 2.19], [1.51, 0.28, 2.24], [3.92, 0.7, 2.91], [0.95, 0.77, 2.78], [1.61, 0.58, 1.58], [0.84, 0.47, 1.79], [0.95, 0.47, 2.3], [0.05, 0.63, 0.7], [2.17, 0.59, 2.14], [0.04, 0.43, 0.76]]","[37, 2, 53, 7, 41, 43, 1, 17, 50, 55, 64, 34, 65, 67, 51, 62, 71]",21.0
73,1788356950979453023,307200,101523,17,14,187.6,"[23.3, 27.5, 29.7, 35.9, 82.7, 87.1, 88.3, 92.1, 96.4, 97.8, 101.5, 103.3, 103.6, 187.6]","['INSIDE', 'NEAR', 'NEAR', 'INSIDE', 'OUTSIDE', 'OUTSIDE', 'INSIDE', 'INSIDE', 'OUTSIDE', 'NEAR', 'OUTSIDE', 'OUTSIDE', 'INSIDE', 'INSIDE']","[[0.65, 1.24, 0.09], [0.69, 0.93, 0.52], [0.41, 0.77, 0.52], [1.7, 1.61, 0.15], [4.53, 0.48, 2.51], [0.46, 0.18, 1.53], [1.54, 0.47, 1.4], [3.53, 0.53, 3.26], [1.3, 0.7, 2.75], [1.14, 0.1, 1.45], [0.85, 0.47, 0.98], [0.09, 0.42, 0.68], [0.27, 0.45, 1.61], [0.1, 0.43, 0.75]]","[26, 2, 7, 1, 17, 47, 55, 63, 64, 34, 66, 65, 67, 71]",21.0
74,1788356951073363229,307200,98167,21,16,186.4,"[28.7, 30.0, 32.7, 46.0, 82.4, 84.0, 87.0, 90.8, 95.1, 96.1, 100.4, 102.1, 102.3, 128.9, 166.0, 186.4]","['INSIDE', 'NEAR', 'INSIDE', 'INSIDE', 'OUTSIDE', 'INSIDE', 'NEAR', 'NEAR', 'OUTSIDE', 'INSIDE', 'OUTSIDE', 'OUTSIDE', 'INSIDE', 'INSIDE', 'OUTSIDE', 'INSIDE']","[[1.44, 2.79, 0.82], [1.37, 0.94, 0.62], [1.0, 1.02, 0.09], [0.58, 1.13, 0.04], [0.66, 0.14, 1.46], [0.6, 0.62, 0.93], [2.44, 0.21, 2.83], [2.51, 0.21, 2.64], [0.98, 0.69, 2.72], [0.29, 0.06, 1.68], [0.44, 0.39, 1.31], [0.08, 0.41, 0.68], [0.47, 0.44, 1.8], [4.5, 3.56, 3.84], [2.43, 0.45, 2.87], [0.09, 0.43, 0.75]]","[41, 7, 43, 36, 17, 31, 55, 63, 64, 34, 66, 65, 67, 57, 62, 71]",21.0
75,1788356951166305430,307200,99305,20,14,185.1,"[29.1, 31.2, 36.4, 81.8, 82.7, 84.3, 90.2, 94.3, 94.9, 99.0, 100.9, 101.2, 147.1, 185.1]","['OUTSIDE', 'OUTSIDE', 'INSIDE', 'OUTSIDE', 'INSIDE', 'NEAR', 'NEAR', 'OUTSIDE', 'NEAR', 'OUTSIDE', 'OUTSIDE', 'INSIDE', 'INSIDE', 'INSIDE']","[[0.94, 0.92, 1.0], [0.33, 0.59, 0.56], [1.25, 1.39, 0.11], [1.11, 0.1, 0.89], [0.68, 0.63, 1.46], [0.89, 0.18, 1.1], [1.91, 0.34, 3.03], [2.72, 0.59, 2.48], [1.2, 0.2, 1.68], [0.83, 0.46, 1.3], [0.05, 0.35, 0.67], [0.22, 0.44, 1.57], [10.83, 4.07, 3.74], [0.06, 0.4, 0.74]]","[7, 43, 1, 17, 31, 55, 63, 64, 34, 66, 65, 67, 46, 71]",22.0
76,1788356951267637042,307200,90428,18,14,184.0,"[29.2, 33.3, 36.3, 46.7, 82.1, 84.7, 88.6, 93.6, 94.5, 97.7, 98.3, 99.8, 163.5, 184.0]","['OUTSIDE', 'INSIDE', 'INSIDE', 'INSIDE', 'INSIDE', 'OUTSIDE', 'NEAR', 'OUTSIDE', 'NEAR', 'OUTSIDE', 'OUTSIDE', 'INSIDE', 'OUTSIDE', 'INSIDE']","[[0.8, 0.91, 1.02], [1.04, 0.57, 0.1], [0.95, 1.5, 0.08], [0.46, 0.98, 0.03], [3.73, 3.27, 3.81], [0.94, 0.24, 1.62], [2.45, 0.35, 2.74], [3.08, 0.69, 2.02], [2.7, 0.26, 1.09], [0.73, 0.51, 0.82], [0.91, 0.36, 0.91], [0.49, 0.51, 1.55], [2.47, 0.48, 2.83], [0.13, 0.4, 0.74]]","[7, 43, 1, 36, 31, 50, 63, 64, 34, 66, 65, 67, 62, 71]",22.0
77,1788356951365098941,307200,104571,17,12,182.7,"[28.7, 29.4, 32.0, 81.6, 83.5, 86.8, 88.0, 91.9, 97.5, 98.4, 98.6, 182.7]","['OUTSIDE', 'INSIDE', 'INSIDE', 'INSIDE', 'OUTSIDE', 'INSIDE', 'INSIDE', 'INSIDE', 'OUTSIDE', 'OUTSIDE', 'INSIDE', 'INSIDE']","[[0.53, 0.82, 0.97], [2.43, 2.0, 0.25], [1.04, 0.57, 0.25], [2.46, 3.24, 3.55], [0.98, 0.17, 2.01], [1.39, 0.16, 1.42], [1.44, 0.6, 2.12], [1.36, 0.6, 1.61], [0.29, 0.36, 0.66], [0.09, 0.3, 0.65], [0.45, 0.4, 2.02], [0.09, 0.42, 0.73]]","[7, 41, 43, 31, 50, 63, 55, 60, 65, 66, 67, 71]",24.5
78,1788356951466165263,307200,93457,20,15,181.5,"[27.4, 27.8, 28.6, 29.8, 32.7, 35.6, 44.3, 80.3, 82.5, 85.3, 91.1, 95.3, 97.1, 146.6, 181.5]","['OUTSIDE', 'NEAR', 'OUTSIDE', 'INSIDE', 'NEAR', 'INSIDE', 'RAIL', 'INSIDE', 'OUTSIDE', 'INSIDE', 'INSIDE', 'NEAR', 'INSIDE', 'INSIDE', 'INSIDE']","[[0.74, 0.95, 0.7], [1.25, 1.4, 1.52], [0.7, 0.83, 0.96], [1.1, 1.45, 0.11], [0.68, 0.81, 0.82], [1.21, 1.84, 0.1], [0.61, 0.52, 0.78], [2.32, 3.19, 3.7], [0.61, 0.15, 1.44], [5.02, 0.68, 3.26], [2.16, 0.59, 2.0], [1.19, 0.09, 1.31], [0.9, 0.55, 1.88], [5.08, 4.02, 3.94], [0.06, 0.5, 1.22]]","[2, 7, 41, 53, 43, 1, 36, 31, 50, 63, 60, 34, 67, 46, 71]",23.1
79,1788356951566870389,307200,104044,24,17,180.3,"[27.3, 28.3, 30.6, 31.6, 33.1, 33.1, 78.6, 81.1, 85.0, 89.1, 89.7, 92.6, 95.9, 96.0, 107.7, 145.1, 180.3]","['INSIDE', 'NEAR', 'INSIDE', 'OUTSIDE', 'NEAR', 'OUTSIDE', 'INSIDE', 'OUTSIDE', 'INSIDE', 'OUTSIDE', 'INSIDE', 'OUTSIDE', 'OUTSIDE', 'INSIDE', 'RAIL', 'INSIDE', 'INSIDE']","[[0.45, 1.28, 0.7], [0.46, 1.02, 0.72], [1.09, 1.58, 0.11], [1.02, 0.9, 1.15], [0.26, 0.89, 0.88], [0.75, 0.67, 0.32], [3.43, 0.67, 2.37], [0.94, 0.3, 1.77], [2.69, 0.45, 2.81], [1.19, 0.5, 1.39], [1.81, 0.55, 1.41], [3.78, 0.67, 2.41], [0.05, 0.33, 0.64], [0.9, 0.42, 1.97], [0.76, 0.81, 0.47], [4.42, 4.0, 3.15], [0.07, 0.42, 0.72]]","[7, 41, 53, 43, 1, 2, 10, 17, 63, 47, 60, 61, 64, 34, 56, 46, 71]",23.0
80,1788356951676090812,307200,95912,26,18,179.0,"[25.7, 27.2, 29.9, 30.3, 31.1, 32.9, 76.2, 78.6, 82.9, 86.9, 88.5, 92.4, 93.8, 94.7, 106.6, 146.3, 158.5, 179.0]","['INSIDE', 'INSIDE', 'NEAR', 'INSIDE', 'OUTSIDE', 'NEAR', 'INSIDE', 'NEAR', 'INSIDE', 'OUTSIDE', 'INSIDE', 'OUTSIDE', 'OUTSIDE', 'INSIDE', 'RAIL', 'INSIDE', 'OUTSIDE', 'INSIDE']","[[0.5, 0.9, 0.06], [0.63, 1.38, 0.94], [0.89, 0.68, 0.53], [0.93, 1.67, 0.09], [0.41, 0.58, 0.57], [0.35, 0.89, 0.87], [1.62, 0.64, 2.53], [1.41, 0.1, 2.24], [4.96, 0.54, 3.2], [2.76, 0.66, 2.51], [1.81, 0.58, 2.33], [1.79, 0.74, 1.4], [0.43, 0.21, 0.64], [0.9, 0.54, 2.09], [0.93, 0.8, 0.46], [9.24, 4.01, 3.92], [2.17, 0.59, 2.43], [0.11, 0.78, 1.2]]","[7, 41, 53, 43, 1, 2, 10, 31, 21, 47, 55, 61, 64, 34, 56, 46, 51, 71]",21.5
81,1788356951782836104,307200,101798,22,13,177.8,"[27.9, 28.1, 30.8, 75.1, 77.1, 82.4, 86.7, 87.3, 93.5, 105.4, 143.8, 165.6, 177.8]","['NEAR', 'INSIDE', 'NEAR', 'INSIDE', 'NEAR', 'INSIDE', 'OUTSIDE', 'INSIDE', 'INSIDE', 'RAIL', 'INSIDE', 'INSIDE', 'INSIDE']","[[0.67, 0.92, 0.97], [1.14, 1.64, 0.13], [0.42, 1.18, 1.06], [1.47, 0.64, 1.65], [0.74, 0.17, 2.22], [3.5, 0.63, 3.15], [2.06, 0.67, 2.67], [1.8, 0.57, 1.53], [0.91, 0.51, 2.06], [0.93, 0.79, 0.46], [6.58, 3.93, 3.89], [1.73, 3.83, 2.97], [0.05, 0.7, 1.19]]","[41, 43, 1, 10, 31, 21, 47, 55, 34, 56, 46, 62, 71]",21.1
82,1788356951871265779,307200,102051,19,12,176.6,"[28.8, 30.0, 30.6, 75.9, 81.0, 85.5, 86.1, 92.4, 104.2, 127.8, 141.5, 176.6]","['NEAR', 'INSIDE', 'NEAR', 'INSIDE', 'INSIDE', 'OUTSIDE', 'INSIDE', 'OUTSIDE', 'RAIL', 'INSIDE', 'INSIDE', 'INSIDE']","[[0.72, 0.98, 0.54], [1.04, 1.85, 0.11], [0.28, 0.78, 0.54], [4.75, 0.67, 3.57], [3.51, 0.49, 3.06], [1.24, 0.69, 2.27], [2.11, 0.65, 2.11], [0.08, 0.37, 0.61], [0.89, 0.78, 0.45], [3.23, 3.12, 0.64], [4.37, 3.9, 3.07], [0.04, 0.41, 0.71]]","[43, 53, 1, 10, 21, 47, 63, 61, 56, 57, 46, 71]",17.5
83,1788356951972398990,307200,101704,16,9,140.9,"[29.2, 29.6, 40.2, 84.6, 84.9, 88.2, 91.2, 131.9, 140.9]","['OUTSIDE', 'INSIDE', 'INSIDE', 'OUTSIDE', 'INSIDE', 'RAIL', 'OUTSIDE', 'OUTSIDE', 'INSIDE']","[[0.57, 0.75, 0.79], [1.39, 2.13, 0.14], [0.86, 1.67, 0.07], [2.7, 0.76, 2.62], [1.81, 0.63, 2.04], [2.07, 0.54, 0.97], [0.04, 0.37, 0.6], [6.37, 2.54, 1.93], [3.1, 3.78, 3.04]]","[41, 53, 36, 47, 63, 55, 61, 58, 46]",20.6
84,1788356952070299310,307200,101524,17,12,174.3,"[28.1, 32.0, 33.2, 72.6, 76.4, 79.0, 82.3, 83.7, 87.0, 89.9, 153.7, 174.3]","['INSIDE', 'NEAR', 'NEAR', 'INSIDE', 'RAIL', 'NEAR', 'OUTSIDE', 'INSIDE', 'INSIDE', 'INSIDE', 'OUTSIDE', 'INSIDE']","[[0.82, 0.66, 0.28], [0.68, 0.62, 0.55], [0.29, 0.91, 0.86], [3.91, 0.72, 3.39], [1.31, 0.63, 0.84], [2.58, 0.38, 3.45], [5.08, 0.76, 2.75], [1.71, 0.55, 1.61], [2.37, 0.53, 0.98], [0.91, 0.42, 1.98], [2.0, 0.6, 2.66], [0.05, 0.48, 1.17]]","[41, 2, 1, 10, 31, 21, 50, 63, 55, 60, 51, 71]",21.0
85,1788356952177666636,307200,101499,15,10,173.1,"[29.9, 40.2, 82.6, 83.0, 85.9, 87.0, 87.8, 88.8, 152.2, 173.1]","['INSIDE', 'INSIDE', 'INSIDE', 'OUTSIDE', 'OUTSIDE', 'RAIL', 'OUTSIDE', 'INSIDE', 'OUTSIDE', 'INSIDE']","[[0.83, 1.56, 0.09], [0.77, 0.83, 0.06], [1.8, 0.58, 1.98], [4.13, 0.76, 2.56], [0.85, 0.66, 1.73], [2.0, 0.39, 0.73], [0.35, 0.15, 0.58], [0.88, 0.52, 1.96], [1.59, 0.32, 2.96], [0.08, 0.68, 1.16]]","[53, 36, 63, 50, 47, 55, 61, 60, 51, 71]",21.0
86,1788356952277563001,307200,101443,18,12,171.9,"[27.9, 30.2, 33.2, 70.4, 74.3, 81.4, 83.1, 87.7, 88.0, 99.2, 151.3, 171.9]","['NEAR', 'INSIDE', 'INSIDE', 'INSIDE', 'INSIDE', 'OUTSIDE', 'RAIL', 'OUTSIDE', 'INSIDE', 'INSIDE', 'OUTSIDE', 'INSIDE']","[[0.61, 1.09, 1.01], [1.05, 1.14, 0.11], [0.92, 1.48, 0.09], [3.71, 0.68, 2.69], [2.1, 0.61, 3.4], [3.42, 0.73, 2.76], [5.12, 0.63, 0.72], [0.09, 0.24, 0.59], [1.85, 0.38, 1.93], [0.36, 0.2, 1.5], [2.0, 0.59, 2.94], [0.07, 0.75, 1.15]]","[41, 53, 1, 10, 31, 17, 63, 47, 60, 67, 51, 71]",21.0
87,1788356952361447302,307200,101404,15,10,169.4,"[28.1, 29.0, 29.6, 30.7, 34.3, 80.3, 82.4, 86.5, 96.9, 169.4]","['NEAR', 'OUTSIDE', 'OUTSIDE', 'OUTSIDE', 'INSIDE', 'OUTSIDE', 'INSIDE', 'INSIDE', 'NEAR', 'INSIDE']","[[1.5, 1.25, 1.09], [1.14, 1.29, 0.97], [0.93, 1.02, 1.05], [0.79, 0.69, 0.85], [1.54, 1.22, 0.69], [4.01, 0.65, 2.64], [4.77, 0.64, 2.32], [0.86, 0.52, 1.9], [2.28, 0.2, 0.86], [2.64, 3.94, 3.35]]","[41, 43, 53, 2, 1, 17, 63, 55, 67, 71]",22.0
88,1788356952467297011,307200,101492,15,10,169.6,"[27.9, 28.0, 29.6, 32.4, 79.2, 83.3, 85.3, 85.8, 149.0, 169.6]","['INSIDE', 'OUTSIDE', 'OUTSIDE', 'OUTSIDE', 'NEAR', 'NEAR', 'OUTSIDE', 'INSIDE', 'OUTSIDE', 'INSIDE']","[[0.98, 1.72, 0.11], [1.92, 1.38, 1.47], [0.48, 0.94, 1.03], [0.65, 0.93, 1.17], [1.65, 0.55, 2.25], [0.57, 0.08, 0.8], [0.99, 0.59, 0.82], [0.87, 0.52, 1.88], [2.03, 0.58, 2.89], [0.06, 0.46, 0.79]]","[41, 53, 2, 1, 21, 63, 47, 55, 51, 71]",20.4
89,1788356952563232410,307200,101464,15,10,168.4,"[27.4, 29.0, 29.1, 30.3, 70.3, 79.6, 84.1, 84.5, 95.3, 168.4]","['OUTSIDE', 'OUTSIDE', 'OUTSIDE', 'OUTSIDE', 'NEAR', 'NEAR', 'OUTSIDE', 'INSIDE', 'NEAR', 'INSIDE']","[[0.44, 0.91, 0.95], [0.56, 0.88, 1.04], [1.71, 1.17, 0.97], [0.97, 1.06, 1.05], [8.44, 0.69, 2.77], [5.24, 0.58, 2.23], [0.97, 0.48, 0.81], [0.87, 0.51, 1.63], [1.49, 0.15, 1.05], [0.07, 0.46, 0.78]]","[53, 2, 43, 1, 10, 21, 47, 63, 67, 71]",20.4
90,1788356952669376523,307200,102010,14,12,166.7,"[30.2, 32.2, 43.2, 76.1, 79.1, 83.0, 83.0, 86.6, 93.8, 109.0, 161.0, 166.7]","['OUTSIDE', 'NEAR', 'RAIL', 'INSIDE', 'NEAR', 'OUTSIDE', 'INSIDE', 'NEAR', 'NEAR', 'RAIL', 'OUTSIDE', 'INSIDE']","[[0.85, 1.14, 1.3], [0.32, 0.72, 0.56], [0.23, 0.46, 0.26], [1.24, 2.61, 3.49], [5.1, 0.61, 1.68], [0.09, 0.23, 0.56], [0.88, 0.39, 2.04], [0.66, 0.17, 1.36], [0.91, 0.17, 0.86], [0.46, 0.4, 0.7], [0.37, 0.54, 1.76], [1.11, 3.86, 2.9]]","[1, 2, 36, 31, 21, 50, 63, 55, 67, 79, 81, 62]",18.0
91,1788356952768057400,307200,102524,11,10,166.1,"[29.3, 29.9, 77.6, 81.9, 82.6, 92.3, 94.2, 107.9, 159.9, 166.1]","['INSIDE', 'NEAR', 'INSIDE', 'OUTSIDE', 'INSIDE', 'NEAR', 'OUTSIDE', 'RAIL', 'OUTSIDE', 'INSIDE']","[[1.47, 1.82, 0.15], [0.4, 0.75, 0.55], [5.8, 0.62, 1.86], [0.08, 0.37, 0.55], [2.45, 0.35, 2.01], [2.35, 0.29, 1.03], [1.52, 0.25, 2.08], [0.54, 0.43, 0.7], [0.36, 0.28, 1.75], [0.05, 0.45, 1.1]]","[41, 1, 21, 50, 63, 67, 72, 79, 81, 62]",20.4
92,1788356952877400494,307200,102641,20,17,165.0,"[27.9, 29.0, 31.6, 42.0, 47.3, 75.2, 78.8, 80.7, 81.5, 84.0, 86.3, 91.1, 92.4, 93.6, 106.7, 158.7, 165.0]","['OUTSIDE', 'NEAR', 'OUTSIDE', 'INSIDE', 'INSIDE', 'INSIDE', 'NEAR', 'OUTSIDE', 'INSIDE', 'NEAR', 'RAIL', 'NEAR', 'RAIL', 'OUTSIDE', 'RAIL', 'OUTSIDE', 'INSIDE']","[[0.82, 1.25, 1.46], [0.43, 1.1, 0.53], [0.5, 0.93, 1.12], [0.52, 1.17, 0.04], [0.91, 1.15, 0.06], [3.26, 0.61, 2.15], [0.78, 0.1, 0.88], [0.16, 0.36, 0.55], [2.42, 0.49, 1.98], [0.14, 0.27, 0.19], [1.98, 0.68, 0.94], [2.46, 0.28, 1.02], [0.59, 0.59, 0.14], [1.49, 0.12, 2.11], [0.5, 0.56, 0.69], [0.37, 0.28, 1.74], [0.07, 0.67, 1.09]]","[53, 43, 2, 36, 74, 21, 63, 17, 50, 55, 60, 67, 72, 61, 79, 81, 62]",20.5
93,1788356952970558072,307200,102016,16,13,162.5,"[29.3, 29.4, 31.5, 73.5, 76.9, 80.2, 80.4, 86.2, 90.1, 91.0, 105.5, 157.6, 162.5]","['INSIDE', 'NEAR', 'OUTSIDE', 'NEAR', 'INSIDE', 'RAIL', 'INSIDE', 'RAIL', 'RAIL', 'NEAR', 'RAIL', 'OUTSIDE', 'INSIDE']","[[0.4, 1.14, 0.04], [1.36, 1.17, 1.1], [0.47, 0.91, 1.4], [2.01, 0.65, 2.27], [2.67, 0.47, 1.38], [1.3, 0.64, 1.09], [2.31, 0.57, 2.11], [1.19, 0.59, 1.17], [0.05, 0.21, 0.14], [2.32, 0.32, 1.81], [0.44, 0.56, 0.46], [0.26, 0.34, 1.37], [2.71, 3.78, 3.21]]","[41, 1, 2, 21, 63, 17, 50, 60, 72, 67, 79, 81, 62]",20.0
94,1788356953083383620,307200,101590,21,17,162.7,"[27.5, 28.7, 29.0, 29.5, 31.6, 40.5, 46.4, 69.6, 72.4, 75.6, 78.6, 84.4, 89.2, 90.1, 104.4, 150.1, 162.7]","['OUTSIDE', 'OUTSIDE', 'INSIDE', 'NEAR', 'OUTSIDE', 'INSIDE', 'INSIDE', 'NEAR', 'INSIDE', 'RAIL', 'INSIDE', 'RAIL', 'RAIL', 'NEAR', 'RAIL', 'INSIDE', 'INSIDE']","[[0.66, 0.83, 0.53], [0.83, 0.91, 0.97], [1.12, 1.99, 0.25], [0.64, 0.89, 0.76], [0.21, 0.94, 1.09], [0.73, 0.99, 0.06], [0.49, 0.81, 0.03], [0.35, 0.24, 1.24], [1.57, 0.67, 2.24], [1.87, 0.49, 0.84], [0.43, 0.44, 1.73], [1.07, 0.59, 1.15], [0.69, 0.51, 0.36], [2.0, 0.27, 1.79], [0.42, 0.56, 0.45], [3.07, 3.94, 3.63], [0.09, 0.28, 0.76]]","[43, 1, 41, 53, 2, 36, 74, 10, 21, 63, 50, 55, 72, 67, 79, 51, 62]",21.0
95,1788356953168660633,307200,101678,16,13,160.3,"[29.4, 42.4, 47.2, 72.7, 77.5, 80.3, 83.8, 88.6, 88.7, 89.9, 103.3, 155.4, 160.3]","['NEAR', 'INSIDE', 'INSIDE', 'INSIDE', 'INSIDE', 'INSIDE', 'INSIDE', 'RAIL', 'INSIDE', 'OUTSIDE', 'RAIL', 'OUTSIDE', 'INSIDE']","[[0.86, 0.65, 0.52], [0.51, 1.03, 0.04], [0.46, 0.83, 0.03], [5.51, 0.7, 2.54], [0.43, 0.44, 1.9], [1.57, 0.94, 2.26], [1.37, 0.62, 1.66], [0.04, 0.2, 0.13], [0.54, 0.16, 0.99], [1.74, 0.24, 2.2], [0.46, 0.37, 0.45], [0.27, 0.52, 1.35], [2.67, 4.01, 3.17]]","[53, 36, 74, 21, 50, 17, 55, 72, 67, 61, 79, 81, 62]",22.0
96,1788356953258946259,307200,101650,18,15,172.9,"[26.4, 27.2, 28.4, 29.0, 30.3, 32.9, 49.0, 72.0, 76.3, 79.2, 86.6, 88.2, 89.4, 102.1, 172.9]","['INSIDE', 'NEAR', 'INSIDE', 'INSIDE', 'OUTSIDE', 'INSIDE', 'RAIL', 'INSIDE', 'INSIDE', 'NEAR', 'NEAR', 'RAIL', 'OUTSIDE', 'RAIL', 'ABOVE']","[[0.47, 1.22, 0.7], [0.8, 1.1, 1.44], [0.38, 1.12, 0.75], [1.65, 2.96, 0.78], [0.54, 0.7, 1.05], [0.76, 1.16, 0.07], [0.59, 0.77, 0.54], [4.51, 0.59, 2.35], [1.19, 0.55, 1.87], [1.64, 0.14, 1.57], [2.32, 0.2, 0.97], [1.26, 0.5, 0.36], [2.18, 0.25, 2.18], [0.39, 0.59, 0.44], [2.83, 3.91, 0.84]]","[1, 53, 41, 43, 2, 84, 74, 21, 63, 17, 67, 72, 61, 79, 71]",22.0
97,1788356953367814392,307200,101600,16,11,159.3,"[27.7, 29.1, 32.4, 32.5, 47.9, 75.2, 81.2, 85.5, 88.8, 101.0, 159.3]","['NEAR', 'NEAR', 'INSIDE', 'INSIDE', 'RAIL', 'INSIDE', 'INSIDE', 'NEAR', 'OUTSIDE', 'RAIL', 'INSIDE']","[[1.24, 0.89, 0.7], [0.22, 0.88, 0.75], [1.42, 0.99, 0.13], [1.35, 0.66, 0.13], [0.7, 0.72, 0.52], [1.19, 0.56, 1.98], [1.39, 0.61, 1.63], [2.4, 0.27, 0.96], [2.82, 0.26, 0.57], [0.43, 0.4, 0.44], [0.05, 0.44, 1.08]]","[53, 41, 84, 2, 74, 63, 17, 67, 61, 79, 62]",20.5
98,1788356953472272767,307200,101580,18,15,158.2,"[27.0, 28.3, 29.0, 32.6, 40.8, 42.2, 73.3, 76.7, 80.1, 85.1, 85.2, 99.9, 101.8, 148.8, 158.2]","['OUTSIDE', 'NEAR', 'INSIDE', 'INSIDE', 'INSIDE', 'RAIL', 'INSIDE', 'NEAR', 'RAIL', 'INSIDE', 'OUTSIDE', 'RAIL', 'OUTSIDE', 'INSIDE', 'INSIDE']","[[1.02, 0.82, 0.51], [0.6, 0.56, 0.46], [2.09, 2.99, 0.87], [1.07, 1.58, 0.1], [0.58, 1.0, 0.05], [0.62, 0.46, 1.0], [3.16, 0.5, 1.95], [1.25, 0.13, 0.86], [1.43, 0.62, 0.72], [0.97, 0.19, 1.87], [4.07, 0.31, 2.49], [0.35, 0.4, 0.43], [0.96, 0.4, 0.41], [7.31, 3.28, 3.34], [0.05, 0.43, 1.07]]","[43, 53, 41, 84, 36, 74, 21, 50, 17, 67, 47, 79, 80, 51, 62]",17.6
99,1788356953567598870,307200,101683,17,14,150.9,"[27.4, 29.1, 30.9, 32.6, 37.6, 41.4, 68.4, 73.4, 83.6, 84.6, 86.0, 98.8, 100.8, 150.9]","['INSIDE', 'OUTSIDE', 'NEAR', 'NEAR', 'INSIDE', 'INSIDE', 'INSIDE', 'INSIDE', 'RAIL', 'NEAR', 'OUTSIDE', 'RAIL', 'OUTSIDE', 'OUTSIDE']","[[1.02, 1.42, 0.11], [0.26, 0.83, 0.99], [0.54, 0.8, 0.55], [1.4, 0.91, 0.5], [1.25, 1.44, 0.11], [0.93, 1.29, 0.07], [5.73, 0.67, 1.47], [1.87, 0.46, 2.31], [0.64, 0.45, 0.34], [2.38, 0.17, 0.77], [2.0, 0.12, 1.89], [0.41, 0.52, 0.43], [0.96, 0.46, 1.12], [0.29, 0.33, 1.31]]","[43, 53, 2, 84, 36, 74, 10, 21, 55, 67, 47, 79, 80, 51]",17.5
100,1788356953692220211,307200,101648,25,17,156.0,"[25.0, 26.1, 28.0, 29.4, 31.1, 36.8, 38.2, 70.8, 71.8, 74.8, 82.8, 83.6, 87.3, 97.6, 99.6, 149.8, 156.0]","['NEAR', 'NEAR', 'OUTSIDE', 'INSIDE', 'OUTSIDE', 'INSIDE', 'NEAR', 'RAIL', 'INSIDE', 'NEAR', 'NEAR', 'OUTSIDE', 'INSIDE', 'OUTSIDE', 'OUTSIDE', 'OUTSIDE', 'INSIDE']","[[0.38, 1.08, 0.89], [0.74, 1.33, 0.91], [0.33, 0.79, 0.96], [1.1, 1.73, 0.11], [0.34, 0.63, 0.81], [0.77, 1.27, 0.07], [0.57, 0.8, 0.69], [0.1, 0.23, 0.61], [2.75, 0.45, 1.58], [2.5, 0.24, 2.62], [1.3, 0.15, 0.92], [4.21, 0.17, 2.04], [1.64, 0.18, 1.55], [0.6, 0.6, 1.27], [0.97, 0.26, 0.4], [0.32, 0.26, 1.61], [0.06, 0.43, 1.06]]","[1, 43, 53, 41, 2, 36, 74, 21, 10, 63, 67, 47, 60, 79, 80, 51, 62]",21.6
101,1788356953789607985,307200,101657,27,18,154.4,"[26.8, 27.8, 29.0, 29.8, 32.8, 35.7, 41.5, 66.0, 70.7, 71.2, 74.2, 81.1, 84.8, 85.7, 96.6, 97.2, 148.7, 154.4]","['OUTSIDE', 'NEAR', 'OUTSIDE', 'NEAR', 'INSIDE', 'INSIDE', 'RAIL', 'NEAR', 'RAIL', 'NEAR', 'NEAR', 'NEAR', 'OUTSIDE', 'INSIDE', 'RAIL', 'OUTSIDE', 'OUTSIDE', 'INSIDE']","[[0.21, 0.89, 0.93], [1.04, 1.28, 1.2], [0.3, 0.75, 0.77], [0.34, 0.76, 0.54], [0.86, 1.6, 0.08], [2.32, 1.96, 0.2], [0.58, 0.17, 0.25], [5.54, 0.39, 2.45], [0.08, 0.24, 0.46], [1.64, 0.52, 1.87], [1.82, 0.27, 2.22], [2.31, 0.24, 0.72], [1.93, 0.22, 0.36], [0.76, 0.19, 1.9], [0.37, 0.5, 0.15], [2.13, 0.35, 0.84], [0.24, 0.26, 1.6], [1.14, 3.88, 2.7]]","[43, 53, 2, 41, 82, 36, 74, 10, 21, 63, 50, 67, 47, 60, 79, 80, 51, 81]",21.2
102,1788356953890701278,307200,101902,21,14,152.5,"[25.4, 26.8, 26.8, 27.9, 28.9, 64.1, 67.8, 69.7, 69.9, 76.4, 95.6, 97.5, 147.7, 152.5]","['INSIDE', 'OUTSIDE', 'NEAR', 'NEAR', 'NEAR', 'NEAR', 'NEAR', 'RAIL', 'NEAR', 'RAIL', 'RAIL', 'OUTSIDE', 'OUTSIDE', 'INSIDE']","[[0.72, 1.43, 0.09], [0.43, 1.19, 0.71], [0.95, 1.47, 1.41], [0.36, 0.69, 0.48], [0.75, 1.44, 1.53], [3.74, 0.34, 1.38], [1.06, 0.13, 1.2], [0.88, 0.65, 0.95], [0.61, 0.52, 1.82], [2.73, 0.68, 0.68], [0.42, 0.5, 0.42], [1.13, 0.47, 1.08], [0.3, 0.29, 1.59], [2.73, 3.75, 3.34]]","[1, 43, 53, 2, 41, 10, 63, 21, 50, 17, 79, 80, 51, 81]",22.0
103,1788356953992656681,307200,101777,23,13,96.5,"[25.3, 25.5, 27.8, 28.8, 30.6, 31.9, 33.6, 62.1, 68.9, 78.6, 80.7, 94.4, 96.5]","['OUTSIDE', 'INSIDE', 'NEAR', 'NEAR', 'OUTSIDE', 'OUTSIDE', 'NEAR', 'NEAR', 'NEAR', 'INSIDE', 'OUTSIDE', 'RAIL', 'OUTSIDE']","[[0.29, 0.71, 0.43], [0.73, 1.42, 0.09], [0.37, 0.77, 0.51], [0.36, 1.05, 0.72], [0.61, 0.8, 0.55], [0.46, 0.75, 0.85], [0.33, 1.1, 1.18], [1.94, 0.34, 1.95], [6.32, 0.47, 3.04], [2.86, 2.0, 1.46], [6.3, 0.28, 1.96], [0.23, 0.38, 0.14], [1.14, 0.46, 1.27]]","[43, 1, 2, 41, 84, 82, 36, 10, 50, 67, 47, 79, 80]",21.0
104,1788356954068215713,307200,101812,23,15,151.7,"[27.6, 28.7, 30.4, 31.8, 33.5, 40.4, 66.1, 67.4, 77.6, 82.8, 82.9, 93.4, 145.5, 150.6, 151.7]","['NEAR', 'NEAR', 'INSIDE', 'OUTSIDE', 'NEAR', 'INSIDE', 'RAIL', 'NEAR', 'INSIDE', 'NEAR', 'OUTSIDE', 'RAIL', 'OUTSIDE', 'OUTSIDE', 'INSIDE']","[[0.18, 0.89, 0.72], [0.67, 0.96, 0.7], [1.64, 1.26, 0.17], [0.43, 0.76, 0.84], [0.62, 1.1, 1.18], [1.79, 1.66, 0.14], [0.22, 0.24, 0.43], [12.23, 0.56, 3.05], [2.88, 2.35, 2.14], [1.56, 0.23, 1.48], [2.36, 0.11, 1.72], [0.36, 0.37, 0.14], [0.28, 0.25, 1.98], [0.03, 0.31, 0.3], [0.03, 0.36, 1.03]]","[2, 41, 84, 82, 36, 74, 21, 63, 67, 55, 47, 79, 51, 81, 62]",20.5
105,1788356954173160688,307200,102649,24,13,147.5,"[28.5, 31.6, 32.1, 36.9, 60.0, 65.0, 66.6, 69.1, 80.0, 82.0, 92.3, 94.2, 147.5]","['NEAR', 'INSIDE', 'NEAR', 'INSIDE', 'NEAR', 'RAIL', 'NEAR', 'NEAR', 'OUTSIDE', 'NEAR', 'RAIL', 'OUTSIDE', 'INSIDE']","[[0.82, 1.27, 1.26], [0.47, 0.91, 0.58], [1.08, 0.98, 0.78], [1.76, 1.01, 0.15], [2.07, 0.39, 2.01], [0.81, 0.78, 0.91], [5.52, 0.53, 1.88], [1.42, 0.23, 1.08], [3.0, 0.24, 1.91], [1.56, 0.25, 1.98], [0.26, 0.48, 0.14], [0.94, 0.37, 0.38], [6.39, 4.04, 3.25]]","[41, 82, 84, 74, 10, 21, 63, 50, 47, 55, 79, 80, 51]",20.9
106,1788356954263214592,307200,102763,28,15,149.6,"[26.0, 27.9, 27.9, 29.5, 30.5, 31.0, 32.4, 36.9, 59.9, 65.0, 80.9, 91.2, 92.7, 114.7, 149.6]","['NEAR', 'INSIDE', 'INSIDE', 'INSIDE', 'OUTSIDE', 'NEAR', 'INSIDE', 'INSIDE', 'NEAR', 'NEAR', 'NEAR', 'RAIL', 'OUTSIDE', 'OUTSIDE', 'INSIDE']","[[1.46, 1.19, 1.13], [1.65, 2.48, 1.41], [1.86, 2.46, 1.35], [0.56, 1.15, 0.79], [0.94, 1.09, 1.05], [1.63, 1.3, 0.93], [1.95, 1.88, 0.18], [1.19, 1.28, 0.1], [4.0, 0.37, 2.12], [3.76, 0.52, 2.06], [1.55, 0.22, 1.61], [0.26, 0.53, 0.14], [1.91, 0.57, 1.36], [0.15, 0.26, 0.97], [0.05, 0.36, 1.01]]","[53, 43, 2, 41, 84, 82, 36, 74, 10, 63, 55, 79, 80, 76, 62]",22.0
107,1788356954377299234,307200,101972,23,14,148.5,"[28.5, 29.5, 30.3, 30.3, 32.0, 32.7, 62.4, 64.5, 66.1, 80.3, 85.3, 91.8, 113.6, 148.5]","['NEAR', 'OUTSIDE', 'OUTSIDE', 'NEAR', 'INSIDE', 'NEAR', 'RAIL', 'RAIL', 'NEAR', 'INSIDE', 'OUTSIDE', 'OUTSIDE', 'OUTSIDE', 'INSIDE']","[[0.64, 1.36, 1.5], [0.4, 0.91, 1.04], [0.45, 1.08, 1.04], [0.78, 1.16, 1.07], [1.45, 1.66, 0.14], [0.86, 0.83, 0.61], [1.03, 0.11, 0.7], [0.37, 0.21, 0.71], [4.11, 0.54, 2.41], [2.51, 0.47, 2.67], [1.46, 0.28, 1.36], [0.16, 0.48, 0.38], [0.13, 0.33, 0.96], [0.03, 0.27, 0.73]]","[2, 41, 84, 82, 36, 74, 10, 21, 63, 55, 60, 79, 76, 62]",21.0
108,1788356954479665153,307200,101897,19,7,112.6,"[26.6, 32.1, 32.7, 78.8, 84.7, 91.7, 112.6]","['INSIDE', 'NEAR', 'INSIDE', 'NEAR', 'OUTSIDE', 'NEAR', 'OUTSIDE']","[[0.66, 0.93, 0.08], [1.72, 0.88, 0.49], [1.14, 1.48, 0.11], [1.66, 0.32, 2.08], [2.06, 0.31, 2.64], [0.94, 0.08, 0.79], [0.19, 0.67, 0.95]]","[1, 36, 74, 67, 60, 79, 76]",17.0
109,1788356954573019510,307200,102125,24,12,150.5,"[29.5, 33.6, 60.8, 64.8, 67.9, 73.7, 78.6, 83.3, 90.0, 111.5, 146.4, 150.5]","['INSIDE', 'INSIDE', 'NEAR', 'NEAR', 'NEAR', 'INSIDE', 'INSIDE', 'OUTSIDE', 'OUTSIDE', 'OUTSIDE', 'INSIDE', 'INSIDE']","[[1.52, 1.54, 0.16], [1.31, 1.16, 0.12], [5.57, 0.51, 2.21], [1.52, 0.17, 0.4], [1.69, 0.14, 1.47], [2.31, 2.54, 2.27], [1.78, 0.6, 1.71], [1.25, 0.29, 1.66], [1.02, 0.5, 0.61], [0.25, 0.66, 0.94], [0.07, 0.54, 0.99], [2.22, 3.71, 1.97]]","[41, 74, 10, 63, 50, 17, 67, 60, 80, 76, 62, 81]",22.0
110,1788356954670681949,307200,102179,25,11,145.4,"[28.9, 29.7, 30.0, 33.5, 33.5, 78.4, 82.5, 87.1, 89.2, 110.4, 145.4]","['INSIDE', 'INSIDE', 'NEAR', 'INSIDE', 'NEAR', 'INSIDE', 'OUTSIDE', 'RAIL', 'OUTSIDE', 'OUTSIDE', 'INSIDE']","[[1.4, 1.11, 0.54], [0.39, 1.15, 0.04], [1.02, 0.84, 0.59], [0.74, 1.28, 0.07], [0.7, 0.91, 0.87], [5.0, 0.59, 2.88], [0.99, 0.38, 2.19], [0.35, 0.62, 0.35], [3.19, 0.44, 2.52], [0.03, 0.46, 0.77], [0.06, 0.45, 1.01]]","[43, 41, 82, 74, 36, 67, 60, 80, 79, 76, 62]",22.0
111,1788356954775552078,307200,101883,23,12,145.6,"[28.3, 29.2, 29.5, 33.4, 36.1, 75.0, 76.0, 80.7, 86.1, 88.1, 109.4, 145.6]","['NEAR', 'OUTSIDE', 'INSIDE', 'INSIDE', 'INSIDE', 'INSIDE', 'NEAR', 'OUTSIDE', 'RAIL', 'OUTSIDE', 'OUTSIDE', 'INSIDE']","[[0.58, 1.03, 0.73], [0.74, 0.89, 1.03], [1.46, 2.25, 0.61], [0.39, 1.16, 0.28], [0.8, 1.38, 0.07], [0.29, 1.21, 0.64], [2.41, 0.21, 1.17], [2.44, 0.24, 2.3], [0.34, 0.45, 0.35], [1.1, 0.34, 0.78], [0.06, 0.45, 0.92], [4.65, 4.06, 3.32]]","[2, 82, 43, 74, 36, 17, 67, 47, 80, 79, 76, 51]",17.0
112,1788356954865932536,307200,101905,23,11,152.7,"[29.1, 29.8, 31.8, 32.5, 57.4, 69.9, 74.2, 87.5, 108.3, 115.1, 152.7]","['NEAR', 'INSIDE', 'INSIDE', 'INSIDE', 'NEAR', 'INSIDE', 'NEAR', 'NEAR', 'RAIL', 'INSIDE', 'OUTSIDE']","[[2.26, 1.34, 1.18], [2.04, 2.25, 0.67], [1.54, 1.45, 0.95], [1.32, 1.46, 0.12], [14.17, 0.65, 2.89], [3.05, 2.82, 3.29], [2.14, 0.24, 2.71], [1.1, 0.12, 0.4], [0.06, 0.4, 0.7], [0.36, 0.31, 1.11], [0.65, 0.77, 0.42]]","[82, 43, 74, 41, 10, 50, 17, 79, 76, 91, 81]",20.0
113,1788356954969737952,307200,101986,26,17,146.4,"[26.6, 28.1, 28.4, 29.7, 30.4, 30.6, 32.6, 36.3, 55.1, 62.1, 69.3, 74.0, 86.1, 107.3, 114.0, 132.9, 146.4]","['NEAR', 'OUTSIDE', 'NEAR', 'NEAR', 'INSIDE', 'OUTSIDE', 'INSIDE', 'INSIDE', 'NEAR', 'NEAR', 'NEAR', 'INSIDE', 'RAIL', 'OUTSIDE', 'INSIDE', 'INSIDE', 'INSIDE']","[[1.38, 1.38, 1.31], [0.53, 1.06, 0.96], [0.56, 1.35, 1.47], [1.26, 1.19, 0.78], [1.47, 1.67, 0.15], [1.74, 1.13, 1.33], [1.51, 2.55, 0.66], [1.0, 1.51, 0.09], [9.4, 0.52, 3.16], [2.75, 0.32, 3.36], [2.69, 0.28, 2.61], [2.45, 2.04, 2.87], [2.01, 0.64, 0.95], [0.05, 0.37, 0.74], [0.36, 0.27, 1.1], [7.39, 4.07, 3.58], [2.14, 3.24, 2.3]]","[53, 43, 2, 84, 74, 82, 41, 36, 10, 63, 50, 17, 79, 76, 91, 89, 51]",21.5
114,1788356955070127386,307200,101927,22,10,152.5,"[25.2, 28.8, 51.7, 58.2, 72.2, 85.6, 106.3, 113.1, 132.0, 152.5]","['NEAR', 'NEAR', 'NEAR', 'INSIDE', 'NEAR', 'NEAR', 'RAIL', 'INSIDE', 'INSIDE', 'INSIDE']","[[0.21, 0.82, 0.65], [1.49, 1.43, 1.08], [3.22, 0.35, 2.01], [7.31, 2.21, 3.23], [0.93, 0.06, 0.95], [2.95, 0.15, 0.92], [0.05, 0.43, 0.68], [0.26, 0.32, 1.26], [8.13, 3.72, 3.48], [3.01, 3.53, 0.66]]","[53, 43, 10, 63, 17, 79, 76, 91, 89, 81]",22.1
115,1788356955169169028,307200,102122,29,14,150.8,"[26.4, 28.1, 30.3, 31.8, 31.8, 49.9, 57.1, 67.3, 78.2, 86.7, 105.3, 112.1, 128.1, 150.8]","['OUTSIDE', 'INSIDE', 'NEAR', 'NEAR', 'INSIDE', 'NEAR', 'NEAR', 'NEAR', 'NEAR', 'RAIL', 'RAIL', 'INSIDE', 'INSIDE', 'OUTSIDE']","[[2.68, 1.44, 1.62], [0.36, 1.17, 0.04], [0.5, 1.01, 0.78], [1.37, 0.88, 0.48], [1.35, 0.53, 0.13], [0.14, 0.26, 0.78], [8.03, 0.57, 3.28], [2.48, 0.22, 2.37], [4.02, 0.18, 1.21], [2.01, 0.14, 0.78], [0.04, 0.44, 0.68], [0.23, 0.22, 1.25], [2.32, 3.89, 2.77], [4.62, 0.91, 0.63]]","[1, 43, 82, 41, 74, 10, 63, 50, 55, 80, 76, 91, 89, 81]",20.6
116,1788356955273001438,307200,102569,23,11,149.8,"[28.1, 32.3, 32.4, 48.9, 66.4, 71.5, 83.0, 104.3, 111.1, 127.1, 149.8]","['NEAR', 'NEAR', 'INSIDE', 'NEAR', 'NEAR', 'INSIDE', 'OUTSIDE', 'RAIL', 'INSIDE', 'INSIDE', 'OUTSIDE']","[[0.53, 1.25, 1.24], [0.67, 0.64, 0.52], [1.34, 1.67, 0.13], [1.53, 0.3, 1.81], [2.67, 0.2, 3.06], [3.74, 2.57, 2.82], [1.12, 0.5, 1.69], [0.05, 0.44, 0.67], [0.27, 0.32, 1.24], [2.31, 3.87, 3.34], [4.75, 2.19, 0.59]]","[2, 74, 41, 10, 50, 17, 60, 76, 91, 89, 81]",21.0
117,1788356955365100276,307200,103462,24,12,149.2,"[27.3, 27.6, 48.3, 55.3, 65.1, 69.8, 82.2, 85.7, 103.3, 110.0, 125.5, 149.2]","['INSIDE', 'INSIDE', 'NEAR', 'NEAR', 'NEAR', 'INSIDE', 'NEAR', 'OUTSIDE', 'RAIL', 'INSIDE', 'INSIDE', 'OUTSIDE']","[[0.57, 1.26, 0.73], [1.03, 1.44, 0.11], [0.92, 0.27, 1.91], [6.98, 0.55, 2.18], [3.13, 0.23, 2.01], [2.2, 1.8, 2.78], [1.53, 0.16, 0.95], [3.94, 0.34, 2.07], [0.04, 0.38, 0.67], [0.4, 0.44, 1.23], [7.8, 3.86, 2.84], [3.73, 0.62, 0.62]]","[2, 43, 10, 63, 50, 17, 79, 80, 76, 91, 89, 81]",21.2
118,1788356955475038930,307200,93756,27,14,151.3,"[24.2, 31.0, 34.2, 48.7, 54.3, 63.8, 71.3, 79.6, 81.6, 83.7, 102.4, 109.0, 123.6, 151.3]","['INSIDE', 'INSIDE', 'OUTSIDE', 'RAIL', 'NEAR', 'NEAR', 'RAIL', 'OUTSIDE', 'NEAR', 'OUTSIDE', 'RAIL', 'INSIDE', 'INSIDE', 'INSIDE']","[[0.35, 1.09, 0.05], [1.6, 2.23, 0.15], [2.54, 0.22, 1.76], [0.97, 0.23, 0.76], [7.28, 0.55, 3.17], [1.97, 0.21, 2.98], [2.34, 0.15, 0.45], [1.09, 0.3, 0.18], [4.91, 0.19, 2.91], [2.08, 0.2, 1.83], [0.15, 0.48, 0.66], [0.38, 0.42, 0.92], [5.04, 4.18, 2.71], [9.8, 3.91, 1.04]]","[53, 41, 74, 10, 63, 50, 17, 47, 55, 92, 76, 91, 89, 81]",22.0
119,1788356955569479136,307200,101439,22,13,152.8,"[28.2, 29.0, 29.6, 44.8, 49.4, 56.8, 63.2, 79.5, 84.2, 101.0, 108.0, 123.4, 152.8]","['NEAR', 'OUTSIDE', 'INSIDE', 'NEAR', 'RAIL', 'OUTSIDE', 'NEAR', 'NEAR', 'OUTSIDE', 'RAIL', 'INSIDE', 'INSIDE', 'INSIDE']","[[0.44, 0.88, 0.51], [0.5, 0.67, 0.51], [1.06, 1.83, 0.11], [0.84, 0.21, 0.32], [1.2, 0.57, 0.44], [0.27, 0.11, 1.24], [3.05, 0.21, 2.39], [3.39, 0.15, 2.2], [3.2, 0.25, 0.76], [0.79, 0.37, 0.65], [0.38, 0.44, 0.91], [3.74, 4.16, 3.23], [4.9, 3.78, 0.71]]","[43, 84, 41, 94, 10, 63, 50, 55, 92, 76, 91, 89, 81]",21.8
120,1788356955703849308,307200,101532,25,13,145.8,"[27.0, 27.2, 28.8, 36.2, 43.8, 52.4, 66.1, 79.6, 83.7, 86.3, 100.2, 107.0, 145.8]","['OUTSIDE', 'NEAR', 'OUTSIDE', 'NEAR', 'NEAR', 'NEAR', 'NEAR', 'NEAR', 'OUTSIDE', 'OUTSIDE', 'RAIL', 'INSIDE', 'OUTSIDE']","[[1.68, 1.38, 1.09], [0.74, 0.66, 0.49], [1.31, 1.15, 0.98], [10.72, 0.4, 2.02], [0.94, 0.26, 0.88], [4.69, 0.46, 3.02], [10.15, 0.39, 2.98], [2.35, 0.19, 2.29], [2.03, 0.21, 0.89], [0.85, 0.09, 0.76], [0.58, 0.53, 0.44], [0.41, 0.37, 1.19], [4.68, 1.62, 0.97]]","[1, 2, 84, 93, 94, 63, 50, 55, 92, 80, 76, 91, 51]",17.4
121,1788356955776178747,307200,101719,26,15,152.5,"[26.2, 27.4, 38.8, 39.4, 42.9, 49.9, 52.5, 68.8, 74.7, 78.7, 81.8, 99.4, 105.7, 121.9, 152.5]","['OUTSIDE', 'INSIDE', 'RAIL', 'NEAR', 'NEAR', 'NEAR', 'NEAR', 'RAIL', 'NEAR', 'NEAR', 'OUTSIDE', 'RAIL', 'INSIDE', 'INSIDE', 'INSIDE']","[[0.76, 1.46, 1.38], [0.98, 1.6, 0.11], [0.59, 0.13, 0.16], [5.11, 0.36, 2.7], [1.02, 0.4, 1.71], [0.17, 0.25, 0.87], [4.89, 0.57, 2.98], [1.7, 0.16, 0.95], [3.13, 0.15, 1.64], [1.11, 0.17, 0.52], [2.39, 0.32, 2.18], [0.2, 0.54, 0.64], [1.18, 0.37, 1.59], [3.07, 4.13, 3.21], [1.53, 2.73, 0.29]]","[1, 43, 93, 100, 94, 63, 10, 17, 55, 79, 47, 76, 91, 89, 81]",21.1
122,1788356955870389173,307200,101800,27,14,121.3,"[33.5, 38.6, 40.5, 49.2, 52.4, 67.5, 75.2, 79.8, 80.3, 82.6, 85.8, 98.4, 104.7, 121.3]","['OUTSIDE', 'NEAR', 'NEAR', 'RAIL', 'NEAR', 'RAIL', 'NEAR', 'NEAR', 'OUTSIDE', 'NEAR', 'OUTSIDE', 'RAIL', 'OUTSIDE', 'INSIDE']","[[9.2, 0.28, 2.21], [1.63, 0.37, 2.04], [0.46, 0.29, 1.15], [0.14, 0.36, 0.64], [3.29, 0.33, 2.94], [3.15, 0.22, 0.47], [1.97, 0.15, 1.45], [0.76, 0.2, 1.39], [2.91, 0.13, 1.22], [1.16, 0.07, 1.86], [2.04, 0.29, 1.72], [0.04, 0.35, 0.63], [0.84, 0.18, 1.16], [2.48, 4.09, 1.81]]","[74, 100, 93, 63, 10, 17, 55, 79, 47, 60, 80, 76, 91, 89]",22.0
123,1788356955973876673,307200,102143,24,12,153.2,"[39.4, 41.7, 48.1, 51.5, 76.7, 80.3, 81.8, 83.8, 97.7, 125.8, 145.1, 153.2]","['NEAR', 'OUTSIDE', 'RAIL', 'NEAR', 'NEAR', 'OUTSIDE', 'NEAR', 'OUTSIDE', 'RAIL', 'INSIDE', 'INSIDE', 'INSIDE']","[[0.28, 0.29, 0.63], [2.01, 0.41, 2.03], [0.25, 0.69, 0.62], [0.7, 0.08, 1.23], [2.46, 0.18, 1.85], [3.15, 0.14, 1.27], [1.06, 0.13, 2.15], [2.2, 0.27, 2.05], [0.65, 0.71, 0.63], [10.99, 3.48, 3.32], [2.76, 3.83, 0.97], [4.08, 3.78, 0.63]]","[100, 94, 63, 10, 55, 47, 60, 92, 76, 96, 51, 81]",21.0
124,1788356956072715958,307200,102127,20,10,125.3,"[31.0, 40.7, 46.1, 47.3, 49.2, 77.5, 80.2, 86.9, 102.8, 125.3]","['OUTSIDE', 'OUTSIDE', 'NEAR', 'RAIL', 'NEAR', 'NEAR', 'OUTSIDE', 'OUTSIDE', 'OUTSIDE', 'OUTSIDE']","[[0.44, 0.15, 0.78], [2.62, 0.36, 1.71], [0.49, 0.15, 0.21], [0.2, 0.36, 0.61], [0.84, 0.19, 1.31], [3.16, 0.14, 2.87], [1.98, 0.2, 2.26], [0.28, 0.16, 1.71], [0.92, 0.21, 0.92], [0.29, 0.27, 1.39]]","[82, 93, 106, 63, 10, 55, 47, 80, 91, 96]",21.0
125,1788356956172517281,307200,102264,22,11,147.0,"[36.7, 40.3, 42.1, 46.3, 46.3, 48.1, 63.6, 81.4, 81.9, 87.2, 147.0]","['RAIL', 'NEAR', 'OUTSIDE', 'RAIL', 'NEAR', 'OUTSIDE', 'NEAR', 'OUTSIDE', 'NEAR', 'OUTSIDE', 'INSIDE']","[[0.23, 0.07, 0.22], [1.31, 0.32, 2.72], [0.67, 0.15, 1.2], [0.23, 0.35, 0.6], [1.13, 0.55, 1.64], [0.95, 0.11, 1.29], [5.53, 0.43, 2.87], [0.89, 0.05, 0.89], [0.85, 0.29, 2.88], [2.18, 0.47, 2.87], [4.85, 3.63, 0.69]]","[100, 93, 94, 63, 106, 10, 50, 47, 60, 80, 51]",20.3
126,1788356956272567198,307200,102679,23,14,122.6,"[33.3, 41.3, 42.0, 44.9, 45.0, 64.3, 68.7, 74.0, 81.8, 82.1, 86.2, 94.7, 118.7, 122.6]","['INSIDE', 'RAIL', 'OUTSIDE', 'RAIL', 'NEAR', 'RAIL', 'NEAR', 'NEAR', 'OUTSIDE', 'NEAR', 'OUTSIDE', 'NEAR', 'OUTSIDE', 'INSIDE']","[[0.42, 1.09, 0.28], [0.51, 0.16, 0.72], [0.38, 0.17, 0.62], [1.01, 0.38, 0.59], [2.43, 0.49, 1.8], [1.53, 0.17, 0.44], [3.54, 0.21, 1.5], [5.0, 0.22, 2.8], [1.97, 0.26, 0.65], [6.22, 0.27, 3.16], [2.19, 0.49, 2.71], [1.72, 0.15, 0.79], [1.01, 1.51, 0.84], [3.69, 3.72, 3.17]]","[74, 94, 93, 63, 106, 50, 17, 55, 47, 60, 80, 76, 89, 96]",18.0
127,1788356956370723141,307200,102864,21,15,158.6,"[21.8, 27.3, 29.2, 38.0, 40.5, 47.4, 62.0, 80.0, 83.0, 85.7, 90.5, 99.8, 125.5, 148.7, 158.6]","['RAIL', 'INSIDE', 'INSIDE', 'INSIDE', 'RAIL', 'NEAR', 'NEAR', 'NEAR', 'NEAR', 'OUTSIDE', 'INSIDE', 'INSIDE', 'INSIDE', 'INSIDE', 'INSIDE']","[[0.25, 0.11, 0.19], [1.51, 2.59, 0.99], [0.5, 1.28, 0.71], [0.88, 0.77, 0.31], [1.39, 0.23, 0.71], [1.32, 0.24, 0.28], [5.75, 0.35, 2.44], [0.94, 0.23, 2.69], [2.77, 0.23, 2.79], [1.1, 0.35, 1.32], [3.44, 3.74, 3.35], [2.18, 3.72, 2.46], [6.39, 4.18, 3.05], [5.47, 4.22, 1.6], [2.09, 3.58, 0.39]]","[53, 43, 41, 100, 94, 10, 50, 79, 60, 80, 103, 91, 96, 51, 81]",22.0
128,1788356956464447796,307200,102403,26,17,151.4,"[23.9, 25.8, 30.6, 32.7, 37.1, 40.4, 43.6, 45.4, 47.0, 78.5, 80.1, 84.3, 90.9, 92.8, 98.0, 124.5, 151.4]","['OUTSIDE', 'OUTSIDE', 'OUTSIDE', 'INSIDE', 'OUTSIDE', 'OUTSIDE', 'RAIL', 'OUTSIDE', 'NEAR', 'OUTSIDE', 'NEAR', 'OUTSIDE', 'RAIL', 'INSIDE', 'INSIDE', 'INSIDE', 'INSIDE']","[[1.28, 0.16, 0.46], [0.69, 0.22, 0.66], [0.85, 0.2, 0.99], [0.52, 0.92, 0.05], [2.59, 0.43, 1.45], [0.58, 0.15, 0.51], [0.29, 0.69, 0.56], [1.11, 0.18, 1.24], [0.49, 0.27, 0.1], [2.28, 0.29, 1.73], [9.82, 0.32, 2.66], [2.05, 0.5, 2.78], [0.17, 0.7, 0.4], [3.76, 4.11, 3.27], [3.15, 0.4, 1.46], [6.41, 3.95, 3.03], [2.71, 4.19, 1.35]]","[2, 43, 82, 74, 100, 94, 63, 106, 10, 47, 79, 92, 109, 103, 104, 96, 51]",21.0
129,1788356956567003807,307200,102497,29,20,125.1,"[37.9, 38.5, 39.3, 40.8, 42.5, 42.5, 45.9, 65.8, 70.2, 73.3, 76.1, 81.0, 83.4, 84.6, 90.1, 91.2, 96.0, 98.3, 98.9, 125.1]","['OUTSIDE', 'RAIL', 'OUTSIDE', 'OUTSIDE', 'RAIL', 'NEAR', 'NEAR', 'NEAR', 'INSIDE', 'NEAR', 'NEAR', 'NEAR', 'OUTSIDE', 'OUTSIDE', 'INSIDE', 'OUTSIDE', 'INSIDE', 'OUTSIDE', 'INSIDE', 'INSIDE']","[[0.83, 0.21, 0.42], [0.45, 0.15, 0.5], [0.75, 0.21, 1.13], [1.33, 0.21, 1.72], [0.29, 0.32, 0.55], [1.64, 0.52, 1.62], [0.28, 0.2, 0.2], [4.42, 0.21, 1.83], [2.99, 1.82, 2.74], [0.72, 0.17, 1.92], [1.08, 0.17, 1.51], [2.94, 0.33, 2.86], [2.11, 0.26, 0.26], [1.7, 0.24, 1.47], [3.35, 3.64, 0.98], [1.85, 0.79, 1.37], [0.14, 1.14, 0.41], [0.69, 0.2, 0.65], [0.89, 0.35, 0.83], [9.42, 4.12, 3.08]]","[100, 94, 93, 105, 63, 106, 10, 17, 55, 79, 47, 60, 92, 80, 103, 109, 76, 91, 104, 96]",21.0
130,1788356956665853628,307200,102789,25,18,155.8,"[33.9, 37.7, 40.1, 41.2, 45.0, 66.9, 72.3, 78.1, 82.5, 89.1, 90.9, 92.4, 96.2, 98.3, 104.0, 115.1, 119.6, 155.8]","['NEAR', 'RAIL', 'RAIL', 'NEAR', 'NEAR', 'NEAR', 'NEAR', 'NEAR', 'OUTSIDE', 'RAIL', 'INSIDE', 'INSIDE', 'INSIDE', 'INSIDE', 'OUTSIDE', 'OUTSIDE', 'OUTSIDE', 'INSIDE']","[[0.07, 0.24, 1.34], [0.4, 0.17, 0.31], [0.9, 0.42, 0.54], [4.09, 0.49, 1.7], [0.71, 0.25, 0.9], [7.41, 0.23, 2.99], [0.76, 0.13, 2.1], [6.81, 0.22, 2.64], [2.14, 0.43, 0.99], [0.2, 0.39, 0.59], [3.11, 4.13, 1.01], [2.39, 3.51, 0.41], [3.15, 0.43, 1.46], [3.1, 3.12, 2.87], [2.12, 0.71, 1.86], [1.18, 2.06, 0.51], [0.18, 0.27, 1.33], [2.07, 3.23, 0.38]]","[74, 94, 63, 105, 10, 17, 79, 47, 92, 109, 103, 76, 104, 91, 108, 89, 96, 81]",20.5
131,1788356956762815523,307200,101925,22,15,118.7,"[37.2, 40.7, 44.2, 63.9, 69.7, 74.4, 79.7, 81.6, 85.1, 89.9, 96.2, 96.7, 103.4, 113.8, 118.7]","['RAIL', 'NEAR', 'NEAR', 'NEAR', 'INSIDE', 'NEAR', 'NEAR', 'OUTSIDE', 'INSIDE', 'RAIL', 'INSIDE', 'INSIDE', 'INSIDE', 'OUTSIDE', 'OUTSIDE']","[[0.34, 0.69, 0.53], [8.82, 0.64, 3.19], [0.46, 0.29, 0.21], [6.08, 0.57, 2.86], [0.26, 0.57, 2.93], [6.76, 0.26, 2.38], [1.78, 0.34, 2.12], [2.17, 0.42, 2.69], [3.15, 3.7, 3.21], [0.04, 0.21, 0.39], [0.38, 0.33, 0.82], [3.19, 4.11, 2.56], [1.58, 3.8, 2.07], [0.35, 0.43, 0.52], [0.22, 0.35, 1.32]]","[63, 100, 10, 50, 55, 79, 60, 92, 80, 109, 104, 91, 108, 89, 96]",21.4
132,1788356956860479559,307200,101720,20,15,117.7,"[35.8, 39.0, 39.7, 43.3, 64.2, 74.3, 78.6, 80.5, 84.7, 87.8, 89.5, 94.3, 95.9, 102.7, 117.7]","['RAIL', 'RAIL', 'NEAR', 'NEAR', 'NEAR', 'NEAR', 'NEAR', 'OUTSIDE', 'OUTSIDE', 'INSIDE', 'RAIL', 'INSIDE', 'OUTSIDE', 'OUTSIDE', 'OUTSIDE']","[[0.55, 0.2, 0.39], [0.49, 0.71, 0.6], [5.41, 0.49, 1.9], [0.47, 0.26, 0.68], [6.47, 0.19, 1.66], [3.37, 0.19, 2.84], [2.21, 0.33, 3.0], [2.44, 0.41, 2.88], [2.17, 0.35, 2.42], [2.2, 4.06, 3.07], [1.05, 0.65, 0.98], [3.2, 0.51, 1.63], [1.92, 1.42, 2.96], [1.2, 1.62, 2.1], [0.26, 0.34, 1.31]]","[94, 63, 93, 10, 50, 79, 47, 92, 80, 103, 109, 104, 91, 108, 96]",21.0
133,1788356956970523261,307200,101740,17,8,116.8,"[33.1, 37.4, 81.2, 86.8, 94.9, 95.0, 103.8, 116.8]","['OUTSIDE', 'NEAR', 'OUTSIDE', 'INSIDE', 'INSIDE', 'INSIDE', 'INSIDE', 'OUTSIDE']","[[4.21, 0.43, 2.26], [4.33, 0.51, 1.65], [6.88, 0.44, 2.81], [2.47, 4.07, 0.98], [1.99, 3.4, 2.93], [0.31, 0.33, 0.8], [0.96, 3.76, 2.98], [0.24, 0.34, 1.3]]","[74, 100, 92, 103, 91, 104, 108, 96]",21.7
134,1788356957072107912,307200,101674,21,14,155.5,"[34.6, 40.2, 74.5, 84.1, 87.2, 87.8, 91.5, 91.9, 94.3, 98.4, 109.3, 111.1, 138.2, 155.5]","['NEAR', 'OUTSIDE', 'NEAR', 'OUTSIDE', 'OUTSIDE', 'INSIDE', 'OUTSIDE', 'NEAR', 'INSIDE', 'OUTSIDE', 'OUTSIDE', 'OUTSIDE', 'INSIDE', 'INSIDE']","[[8.79, 0.62, 2.23], [1.68, 0.12, 1.07], [6.91, 0.32, 2.59], [3.18, 0.31, 2.79], [0.94, 0.31, 0.19], [2.6, 3.98, 2.19], [1.32, 0.05, 0.64], [1.94, 0.09, 1.21], [1.18, 0.34, 1.24], [2.21, 0.16, 1.36], [1.86, 0.34, 1.21], [0.49, 0.39, 0.29], [13.75, 4.08, 1.0], [8.46, 4.18, 1.04]]","[74, 105, 79, 80, 109, 103, 76, 104, 91, 108, 89, 96, 119, 81]",20.8
135,1788356957165610928,307200,101949,25,14,141.7,"[28.2, 29.8, 33.8, 37.0, 39.0, 40.7, 75.4, 80.1, 83.3, 90.3, 92.0, 108.8, 110.1, 141.7]","['NEAR', 'NEAR', 'RAIL', 'NEAR', 'OUTSIDE', 'NEAR', 'NEAR', 'NEAR', 'INSIDE', 'OUTSIDE', 'INSIDE', 'OUTSIDE', 'OUTSIDE', 'INSIDE']","[[0.62, 0.2, 0.75], [0.85, 0.35, 0.59], [0.44, 0.69, 0.56], [8.86, 0.66, 2.13], [1.2, 0.21, 1.63], [0.75, 0.29, 1.0], [3.42, 0.26, 2.59], [2.33, 0.21, 1.58], [2.63, 3.98, 3.18], [1.79, 0.13, 1.59], [3.93, 0.44, 1.04], [1.05, 0.22, 1.04], [0.46, 0.45, 0.71], [5.49, 3.41, 1.26]]","[41, 82, 63, 74, 93, 105, 79, 60, 80, 76, 104, 89, 96, 119]",17.3
136,1788356957264619977,307200,102216,21,12,98.8,"[30.8, 31.2, 35.2, 36.3, 37.9, 39.2, 72.6, 88.1, 90.6, 91.8, 94.2, 98.8]","['OUTSIDE', 'OUTSIDE', 'OUTSIDE', 'NEAR', 'OUTSIDE', 'RAIL', 'NEAR', 'OUTSIDE', 'INSIDE', 'OUTSIDE', 'INSIDE', 'OUTSIDE']","[[0.51, 0.13, 0.62], [4.77, 0.44, 1.81], [0.22, 0.88, 0.3], [2.93, 0.51, 1.75], [0.95, 0.18, 1.91], [0.49, 0.03, 0.95], [7.13, 0.3, 2.8], [0.35, 0.44, 0.2], [1.13, 0.41, 0.78], [3.75, 0.34, 2.21], [1.92, 3.79, 0.23], [0.24, 0.4, 0.42]]","[82, 74, 63, 94, 100, 93, 79, 109, 104, 76, 91, 108]",17.2
137,1788356957369911835,307200,102409,26,16,149.5,"[24.6, 28.5, 29.2, 31.9, 34.9, 37.2, 39.2, 44.0, 46.1, 79.1, 81.8, 89.4, 90.4, 97.7, 107.0, 149.5]","['INSIDE', 'NEAR', 'OUTSIDE', 'NEAR', 'NEAR', 'OUTSIDE', 'NEAR', 'RAIL', 'NEAR', 'RAIL', 'INSIDE', 'OUTSIDE', 'INSIDE', 'OUTSIDE', 'OUTSIDE', 'INSIDE']","[[0.44, 0.85, 0.22], [0.33, 0.19, 0.75], [1.03, 1.31, 0.5], [0.97, 1.48, 0.68], [8.65, 0.66, 2.02], [0.93, 0.23, 1.29], [1.11, 0.3, 1.1], [0.53, 0.1, 0.48], [2.0, 0.32, 2.2], [3.71, 0.18, 0.86], [10.86, 4.16, 3.06], [2.13, 0.24, 1.87], [4.21, 0.47, 1.18], [2.09, 0.54, 2.16], [1.08, 0.23, 0.9], [2.11, 3.32, 0.34]]","[2, 41, 82, 63, 74, 100, 93, 10, 118, 60, 80, 76, 111, 108, 89, 51]",21.0
138,1788356957479660740,307200,102371,26,16,149.8,"[26.8, 31.6, 37.9, 45.2, 71.5, 77.3, 80.5, 83.2, 83.8, 85.0, 85.2, 89.3, 96.8, 105.6, 107.2, 149.8]","['NEAR', 'OUTSIDE', 'OUTSIDE', 'NEAR', 'NEAR', 'NEAR', 'INSIDE', 'NEAR', 'RAIL', 'OUTSIDE', 'INSIDE', 'INSIDE', 'INSIDE', 'INSIDE', 'OUTSIDE', 'INSIDE']","[[1.29, 0.25, 0.59], [9.81, 0.66, 2.44], [0.42, 0.21, 0.32], [2.49, 0.32, 2.08], [6.02, 0.36, 2.61], [1.99, 0.21, 0.51], [3.35, 3.89, 3.08], [0.73, 0.18, 0.76], [1.53, 0.22, 0.93], [0.95, 0.25, 0.75], [2.43, 3.8, 0.38], [4.0, 0.47, 1.35], [2.15, 3.52, 2.13], [0.38, 1.76, 0.92], [1.09, 0.35, 2.36], [3.9, 3.4, 0.36]]","[41, 74, 100, 118, 79, 47, 80, 113, 103, 109, 92, 111, 108, 89, 96, 51]",17.0
139,1788356957570369340,307200,103707,18,11,156.5,"[35.8, 42.3, 43.4, 44.4, 70.1, 81.4, 83.0, 88.5, 89.3, 97.3, 156.5]","['OUTSIDE', 'RAIL', 'RAIL', 'NEAR', 'INSIDE', 'INSIDE', 'OUTSIDE', 'OUTSIDE', 'INSIDE', 'OUTSIDE', 'INSIDE']","[[1.74, 0.1, 1.25], [0.52, 0.17, 0.55], [0.66, 0.15, 0.51], [1.98, 0.36, 2.12], [6.85, 1.83, 3.18], [4.77, 4.06, 3.12], [3.38, 0.77, 1.8], [2.97, 0.24, 2.15], [4.05, 0.44, 1.39], [2.56, 1.37, 2.01], [3.4, 4.27, 1.72]]","[94, 10, 118, 105, 55, 80, 112, 76, 111, 108, 81]",17.0
140,1788356957703432520,307200,103887,22,16,156.5,"[29.1, 34.4, 35.6, 40.4, 42.9, 46.5, 76.0, 80.2, 85.7, 86.3, 89.2, 90.4, 95.4, 97.7, 104.8, 156.5]","['OUTSIDE', 'OUTSIDE', 'INSIDE', 'OUTSIDE', 'NEAR', 'NEAR', 'NEAR', 'NEAR', 'OUTSIDE', 'RAIL', 'INSIDE', 'INSIDE', 'INSIDE', 'OUTSIDE', 'INSIDE', 'INSIDE']","[[9.05, 0.68, 2.43], [0.94, 0.07, 1.21], [0.09, 0.81, 0.62], [0.44, 0.96, 0.35], [3.16, 0.3, 2.41], [0.13, 0.24, 0.64], [1.13, 0.18, 1.34], [5.19, 0.3, 2.56], [1.08, 0.11, 1.37], [2.02, 0.2, 0.72], [3.08, 0.36, 2.53], [3.37, 3.91, 2.61], [1.52, 3.5, 1.9], [0.69, 0.25, 1.07], [2.39, 3.91, 0.87], [4.37, 4.23, 1.84]]","[74, 94, 100, 93, 118, 105, 47, 60, 109, 103, 111, 76, 91, 108, 89, 81]",20.0
141,1788356957769292046,307200,104038,19,14,155.6,"[30.9, 33.5, 40.3, 42.8, 79.6, 81.1, 81.1, 85.3, 86.1, 90.1, 93.7, 103.0, 105.0, 155.6]","['NEAR', 'OUTSIDE', 'NEAR', 'NEAR', 'NEAR', 'RAIL', 'NEAR', 'OUTSIDE', 'INSIDE', 'OUTSIDE', 'OUTSIDE', 'INSIDE', 'OUTSIDE', 'INSIDE']","[[0.49, 0.37, 0.84], [0.94, 0.07, 1.19], [1.52, 0.16, 1.68], [0.7, 0.26, 0.77], [1.67, 0.2, 0.89], [0.04, 0.28, 0.33], [0.6, 0.18, 0.88], [2.19, 0.2, 1.71], [6.94, 0.48, 2.68], [2.28, 0.27, 0.79], [1.16, 0.16, 1.27], [0.39, 1.72, 0.9], [0.55, 0.37, 0.27], [4.44, 4.14, 0.76]]","[74, 94, 10, 118, 60, 112, 80, 109, 103, 76, 91, 89, 96, 81]",21.0
142,1788356957866351276,307200,104805,19,12,150.8,"[32.8, 41.1, 79.3, 80.7, 84.6, 85.6, 87.3, 89.8, 93.5, 96.1, 104.5, 150.8]","['NEAR', 'NEAR', 'NEAR', 'RAIL', 'NEAR', 'INSIDE', 'INSIDE', 'INSIDE', 'OUTSIDE', 'OUTSIDE', 'INSIDE', 'INSIDE']","[[0.8, 0.76, 0.81], [3.38, 0.42, 2.75], [1.94, 0.34, 0.74], [0.92, 0.74, 1.11], [1.45, 0.18, 1.46], [5.25, 4.0, 2.71], [1.23, 0.33, 1.2], [1.33, 2.42, 1.56], [2.26, 0.42, 2.25], [0.97, 1.85, 1.29], [0.94, 2.53, 1.39], [5.26, 4.1, 1.64]]","[74, 10, 80, 112, 103, 92, 111, 76, 91, 108, 89, 51]",20.0
143,1788356957972555009,307200,99599,19,10,153.9,"[29.5, 38.6, 40.9, 46.4, 77.8, 83.0, 85.8, 87.5, 93.4, 153.9]","['NEAR', 'RAIL', 'NEAR', 'NEAR', 'NEAR', 'INSIDE', 'INSIDE', 'OUTSIDE', 'INSIDE', 'INSIDE']","[[0.81, 0.24, 0.56], [1.12, 0.15, 0.83], [2.23, 0.38, 2.73], [3.28, 0.46, 1.69], [4.66, 0.2, 1.34], [2.37, 4.13, 2.76], [1.12, 0.35, 2.47], [2.39, 0.3, 1.38], [3.54, 3.97, 2.58], [4.45, 4.09, 0.76]]","[41, 10, 118, 105, 60, 113, 103, 109, 91, 81]",20.5
144,1788356958074798995,307200,93807,23,13,152.2,"[27.5, 28.1, 32.6, 35.3, 43.0, 45.2, 79.0, 82.2, 84.3, 86.6, 93.3, 139.3, 152.2]","['OUTSIDE', 'OUTSIDE', 'NEAR', 'RAIL', 'NEAR', 'NEAR', 'RAIL', 'RAIL', 'INSIDE', 'OUTSIDE', 'INSIDE', 'INSIDE', 'INSIDE']","[[0.93, 0.25, 0.68], [0.92, 0.99, 0.47], [1.23, 0.32, 1.4], [0.29, 0.07, 0.34], [0.11, 0.31, 0.57], [2.58, 0.52, 2.13], [0.89, 0.72, 0.32], [0.99, 0.13, 0.9], [4.03, 4.08, 2.95], [2.41, 0.31, 2.09], [5.24, 3.68, 2.07], [6.82, 3.61, 1.27], [3.35, 4.07, 1.78]]","[41, 82, 74, 94, 118, 105, 112, 113, 92, 109, 91, 119, 51]",21.2
145,1788356958173320520,307200,103725,24,16,151.5,"[29.6, 34.6, 35.8, 40.6, 43.3, 44.4, 71.4, 80.1, 81.7, 83.9, 84.9, 96.0, 106.4, 124.7, 135.5, 151.5]","['INSIDE', 'RAIL', 'NEAR', 'RAIL', 'NEAR', 'NEAR', 'RAIL', 'RAIL', 'INSIDE', 'INSIDE', 'INSIDE', 'OUTSIDE', 'OUTSIDE', 'INSIDE', 'OUTSIDE', 'INSIDE']","[[0.48, 1.18, 1.04], [0.52, 0.16, 0.89], [1.06, 0.11, 1.52], [1.24, 0.24, 0.53], [0.53, 0.44, 2.48], [1.23, 0.33, 1.79], [2.17, 0.17, 0.99], [4.66, 0.8, 1.1], [1.52, 4.08, 2.7], [0.88, 1.07, 0.54], [1.22, 0.33, 1.33], [2.42, 0.2, 0.28], [0.24, 0.37, 0.9], [8.01, 3.88, 1.61], [1.49, 0.7, 1.19], [3.04, 4.05, 1.77]]","[41, 94, 100, 10, 118, 105, 79, 112, 113, 92, 103, 108, 126, 120, 119, 51]",20.5
146,1788356958282484485,307200,103775,23,16,150.7,"[29.6, 32.3, 33.7, 37.0, 39.7, 41.5, 43.4, 81.6, 83.7, 88.5, 93.6, 97.0, 105.6, 124.4, 138.6, 150.7]","['INSIDE', 'INSIDE', 'RAIL', 'NEAR', 'RAIL', 'NEAR', 'NEAR', 'OUTSIDE', 'INSIDE', 'INSIDE', 'INSIDE', 'OUTSIDE', 'OUTSIDE', 'INSIDE', 'INSIDE', 'INSIDE']","[[1.82, 1.48, 0.69], [0.46, 0.62, 0.26], [0.53, 0.16, 0.87], [5.22, 0.39, 2.61], [1.05, 0.24, 0.52], [0.35, 0.29, 1.35], [2.27, 0.43, 2.11], [0.18, 0.29, 0.39], [6.06, 4.26, 2.94], [5.49, 3.7, 2.93], [3.32, 3.94, 2.06], [1.07, 0.21, 1.55], [0.23, 0.3, 0.89], [6.98, 3.86, 1.59], [8.7, 3.81, 0.66], [3.02, 4.2, 1.76]]","[41, 74, 94, 100, 10, 118, 105, 113, 112, 76, 91, 108, 126, 120, 119, 51]",19.6
147,1788356958364956802,307200,103856,21,15,158.1,"[36.0, 40.6, 42.0, 70.6, 81.3, 81.8, 85.5, 88.2, 89.7, 92.8, 98.1, 104.5, 123.6, 133.0, 158.1]","['NEAR', 'NEAR', 'OUTSIDE', 'NEAR', 'INSIDE', 'OUTSIDE', 'INSIDE', 'OUTSIDE', 'INSIDE', 'OUTSIDE', 'OUTSIDE', 'OUTSIDE', 'INSIDE', 'INSIDE', 'INSIDE']","[[7.21, 0.37, 2.59], [0.2, 0.27, 0.45], [1.18, 0.38, 2.04], [3.94, 0.22, 2.45], [3.25, 2.26, 2.9], [2.17, 0.2, 2.0], [1.43, 3.95, 2.61], [0.07, 0.13, 0.95], [1.57, 3.42, 1.83], [3.06, 0.24, 1.83], [0.17, 0.21, 0.2], [0.6, 0.41, 0.88], [6.89, 4.12, 0.97], [6.31, 3.53, 0.36], [4.61, 3.19, 0.4]]","[100, 118, 105, 55, 112, 113, 109, 76, 111, 91, 108, 126, 120, 119, 81]",19.9
148,1788356958466058957,307200,104583,26,17,157.2,"[26.9, 29.1, 29.5, 32.0, 36.2, 39.9, 70.2, 73.8, 81.0, 90.1, 90.8, 93.6, 103.9, 106.6, 122.4, 132.1, 157.2]","['INSIDE', 'OUTSIDE', 'OUTSIDE', 'NEAR', 'NEAR', 'NEAR', 'NEAR', 'RAIL', 'INSIDE', 'INSIDE', 'OUTSIDE', 'OUTSIDE', 'OUTSIDE', 'OUTSIDE', 'INSIDE', 'INSIDE', 'INSIDE']","[[0.88, 1.15, 0.94], [0.48, 0.97, 0.77], [0.45, 0.22, 0.55], [0.75, 0.2, 1.34], [4.7, 0.37, 2.84], [0.43, 0.3, 0.44], [3.04, 0.2, 2.12], [1.99, 0.26, 1.0], [4.28, 4.3, 2.88], [1.79, 3.35, 0.47], [0.76, 0.2, 0.99], [2.12, 0.24, 1.62], [0.08, 0.23, 0.21], [0.83, 0.16, 1.14], [4.7, 4.02, 0.96], [6.3, 3.98, 0.36], [4.63, 3.17, 0.4]]","[41, 82, 74, 94, 100, 118, 55, 79, 112, 111, 91, 108, 126, 96, 120, 119, 81]",19.0
149,1788356958583257107,307200,105736,26,16,156.4,"[28.4, 31.0, 31.6, 35.3, 37.8, 38.8, 40.4, 71.6, 81.0, 88.1, 89.9, 103.0, 106.4, 123.0, 131.3, 156.4]","['OUTSIDE', 'RAIL', 'OUTSIDE', 'NEAR', 'NEAR', 'OUTSIDE', 'OUTSIDE', 'NEAR', 'INSIDE', 'OUTSIDE', 'INSIDE', 'OUTSIDE', 'OUTSIDE', 'INSIDE', 'INSIDE', 'INSIDE']","[[0.95, 0.14, 0.7], [0.91, 0.13, 0.89], [0.87, 0.12, 0.92], [4.89, 0.37, 2.96], [0.26, 0.28, 0.6], [0.4, 1.04, 0.35], [3.16, 0.44, 1.65], [7.22, 0.31, 2.8], [7.09, 4.2, 2.84], [1.24, 1.47, 1.98], [1.03, 3.98, 2.19], [0.06, 0.4, 0.21], [1.47, 0.21, 1.4], [4.83, 4.21, 0.84], [6.34, 3.55, 0.36], [4.59, 3.43, 0.4]]","[74, 94, 100, 10, 118, 93, 105, 55, 112, 76, 111, 126, 96, 120, 119, 81]",20.0
150,1788356958663561545,307200,106091,22,17,155.6,"[27.0, 30.2, 31.1, 34.5, 36.8, 38.0, 71.9, 80.5, 84.9, 87.1, 90.9, 91.5, 104.6, 105.6, 108.5, 127.4, 155.6]","['OUTSIDE', 'RAIL', 'OUTSIDE', 'INSIDE', 'NEAR', 'NEAR', 'NEAR', 'INSIDE', 'INSIDE', 'OUTSIDE', 'INSIDE', 'INSIDE', 'INSIDE', 'OUTSIDE', 'RAIL', 'INSIDE', 'INSIDE']","[[1.89, 0.23, 1.35], [0.85, 0.1, 0.87], [0.88, 0.11, 1.61], [5.04, 1.3, 3.0], [0.39, 0.24, 1.37], [0.08, 0.27, 0.92], [4.75, 0.25, 2.45], [6.48, 4.23, 2.83], [2.73, 3.96, 0.82], [1.71, 0.55, 1.96], [0.13, 1.14, 0.86], [5.53, 3.36, 2.56], [0.37, 0.69, 0.91], [1.48, 0.2, 1.39], [0.03, 0.25, 0.16], [12.37, 4.18, 1.63], [4.64, 3.69, 0.39]]","[41, 94, 100, 10, 118, 105, 55, 112, 109, 76, 111, 91, 89, 96, 128, 119, 81]",19.0
151,1788356958766897444,307200,106202,19,13,128.5,"[29.4, 30.3, 33.4, 37.2, 39.2, 48.0, 66.8, 71.3, 82.5, 87.2, 90.6, 107.7, 128.5]","['RAIL', 'OUTSIDE', 'NEAR', 'NEAR', 'OUTSIDE', 'NEAR', 'NEAR', 'RAIL', 'OUTSIDE', 'INSIDE', 'OUTSIDE', 'RAIL', 'INSIDE']","[[0.76, 0.11, 0.83], [0.55, 0.12, 1.26], [5.03, 0.35, 2.61], [0.1, 0.31, 1.21], [2.17, 0.49, 1.68], [1.36, 0.23, 1.81], [4.05, 0.22, 2.33], [2.46, 0.2, 0.97], [0.91, 0.1, 0.9], [2.61, 3.98, 2.4], [1.8, 0.15, 1.19], [0.05, 0.25, 0.16], [4.13, 4.07, 0.86]]","[94, 100, 10, 118, 105, 130, 55, 79, 113, 76, 91, 128, 119]",19.0
152,1788356958865107661,307200,102738,28,15,127.7,"[25.7, 28.5, 29.6, 32.7, 33.5, 35.5, 36.4, 44.9, 86.5, 89.1, 93.6, 100.5, 104.0, 106.9, 127.7]","['INSIDE', 'OUTSIDE', 'OUTSIDE', 'OUTSIDE', 'OUTSIDE', 'NEAR', 'NEAR', 'NEAR', 'INSIDE', 'INSIDE', 'OUTSIDE', 'OUTSIDE', 'OUTSIDE', 'RAIL', 'INSIDE']","[[0.62, 2.0, 1.54], [0.97, 0.15, 2.01], [0.52, 0.13, 1.23], [0.41, 0.8, 0.03], [4.56, 0.32, 2.81], [0.48, 0.27, 0.76], [0.08, 0.32, 0.95], [0.6, 0.19, 1.49], [4.87, 4.02, 2.39], [0.14, 0.65, 0.84], [0.57, 0.5, 0.39], [0.07, 0.2, 0.41], [1.21, 0.21, 0.2], [0.08, 0.25, 0.16], [4.12, 4.1, 0.86]]","[41, 94, 100, 10, 74, 118, 105, 130, 76, 111, 108, 126, 96, 128, 119]",18.0
153,1788356958970185419,307200,103360,27,16,142.3,"[26.7, 27.7, 31.3, 34.6, 35.3, 44.8, 65.3, 70.7, 80.7, 84.6, 89.8, 93.0, 105.0, 106.1, 126.9, 142.3]","['OUTSIDE', 'RAIL', 'NEAR', 'NEAR', 'INSIDE', 'NEAR', 'NEAR', 'NEAR', 'OUTSIDE', 'INSIDE', 'INSIDE', 'OUTSIDE', 'INSIDE', 'RAIL', 'INSIDE', 'INSIDE']","[[0.82, 0.22, 0.69], [0.91, 0.15, 0.91], [6.01, 0.41, 2.83], [0.65, 0.22, 0.22], [0.14, 1.13, 0.32], [0.81, 0.19, 1.49], [4.37, 0.22, 2.42], [4.11, 0.27, 2.67], [1.06, 0.11, 2.19], [7.56, 4.09, 2.21], [0.2, 0.68, 1.99], [0.22, 0.28, 0.18], [2.11, 3.34, 0.7], [0.09, 0.24, 0.16], [4.13, 4.08, 0.86], [14.11, 4.32, 1.84]]","[41, 94, 74, 118, 105, 130, 55, 79, 113, 109, 111, 108, 96, 128, 119, 125]",19.0
154,1788356959077857362,307200,104105,21,13,141.6,"[25.2, 26.9, 30.7, 45.7, 69.1, 80.6, 87.4, 90.2, 92.2, 101.2, 105.2, 126.0, 141.6]","['NEAR', 'OUTSIDE', 'NEAR', 'NEAR', 'NEAR', 'INSIDE', 'INSIDE', 'OUTSIDE', 'OUTSIDE', 'INSIDE', 'RAIL', 'INSIDE', 'INSIDE']","[[1.27, 0.19, 0.37], [0.89, 0.14, 1.21], [5.86, 0.41, 2.63], [1.3, 0.2, 1.7], [2.4, 0.29, 2.64], [1.17, 0.19, 1.78], [0.55, 2.06, 1.78], [0.94, 0.06, 0.79], [0.18, 0.32, 0.18], [0.38, 0.67, 0.88], [0.06, 0.24, 0.16], [4.13, 4.05, 0.85], [14.5, 4.33, 1.83]]","[41, 94, 74, 130, 79, 112, 76, 91, 108, 89, 128, 119, 125]",20.0
155,1788356959179398998,307200,103661,25,14,143.8,"[27.1, 32.7, 36.4, 43.2, 68.4, 82.1, 85.5, 86.8, 89.5, 91.5, 92.0, 104.4, 124.6, 143.8]","['OUTSIDE', 'NEAR', 'OUTSIDE', 'NEAR', 'NEAR', 'INSIDE', 'INSIDE', 'INSIDE', 'OUTSIDE', 'OUTSIDE', 'INSIDE', 'RAIL', 'INSIDE', 'INSIDE']","[[0.85, 0.23, 0.88], [0.44, 0.29, 1.95], [4.28, 0.49, 2.7], [0.67, 0.19, 0.97], [3.56, 0.25, 2.52], [2.91, 3.92, 2.4], [2.71, 4.04, 1.89], [1.13, 1.42, 1.92], [0.87, 0.2, 1.36], [1.4, 0.42, 0.37], [2.12, 3.59, 1.84], [0.03, 0.24, 0.16], [5.28, 4.02, 0.82], [4.59, 4.31, 1.0]]","[94, 118, 121, 130, 79, 113, 109, 76, 91, 108, 111, 128, 119, 125]",15.0
156,1788356959268419042,307200,103487,23,11,154.3,"[23.2, 28.6, 35.5, 42.5, 65.3, 71.9, 89.8, 91.6, 123.8, 144.0, 154.3]","['NEAR', 'OUTSIDE', 'OUTSIDE', 'NEAR', 'NEAR', 'NEAR', 'OUTSIDE', 'INSIDE', 'INSIDE', 'INSIDE', 'INSIDE']","[[0.73, 0.19, 0.17], [0.42, 1.09, 0.03], [5.03, 0.49, 2.29], [0.71, 0.14, 1.89], [8.1, 0.34, 2.59], [2.77, 0.14, 1.12], [1.61, 0.35, 0.77], [2.79, 4.19, 1.38], [5.27, 4.21, 0.82], [6.57, 4.25, 1.61], [2.91, 3.54, 0.33]]","[41, 82, 121, 131, 55, 79, 91, 111, 119, 125, 81]",16.0
157,1788356959364464948,307200,103179,21,16,153.5,"[22.0, 24.8, 27.4, 28.2, 31.2, 32.4, 39.7, 42.7, 80.4, 82.3, 86.5, 89.3, 102.0, 122.9, 142.1, 153.5]","['NEAR', 'OUTSIDE', 'OUTSIDE', 'OUTSIDE', 'NEAR', 'NEAR', 'NEAR', 'OUTSIDE', 'INSIDE', 'INSIDE', 'OUTSIDE', 'NEAR', 'INSIDE', 'INSIDE', 'INSIDE', 'OUTSIDE']","[[2.74, 0.19, 0.54], [0.73, 0.22, 1.05], [0.48, 0.15, 0.98], [7.05, 0.39, 2.86], [0.07, 0.25, 0.82], [0.34, 0.28, 0.72], [4.38, 0.23, 1.94], [0.87, 0.16, 1.51], [2.53, 3.97, 2.47], [0.91, 0.89, 0.35], [6.65, 1.24, 2.27], [0.96, 0.19, 1.57], [1.43, 3.42, 2.08], [5.29, 4.18, 0.81], [4.57, 4.23, 1.6], [2.96, 2.18, 0.33]]","[41, 94, 100, 74, 118, 121, 131, 130, 113, 112, 109, 76, 126, 120, 125, 81]",19.6
158,1788356959471480508,307200,103150,18,12,140.5,"[26.3, 28.4, 31.5, 34.3, 43.0, 66.6, 80.6, 88.0, 90.9, 99.3, 122.7, 140.5]","['NEAR', 'OUTSIDE', 'NEAR', 'OUTSIDE', 'NEAR', 'NEAR', 'INSIDE', 'INSIDE', 'INSIDE', 'INSIDE', 'INSIDE', 'INSIDE']","[[1.35, 0.34, 1.03], [7.65, 0.4, 2.09], [0.29, 0.24, 0.7], [4.1, 0.48, 2.24], [2.58, 0.23, 2.45], [4.18, 0.37, 2.54], [9.18, 3.98, 2.64], [1.96, 4.01, 2.55], [1.62, 4.18, 2.23], [5.07, 4.26, 2.06], [4.1, 3.91, 0.79], [3.4, 4.23, 0.97]]","[100, 74, 118, 121, 130, 55, 113, 109, 111, 89, 120, 125]",20.0
159,1788356959574649607,307200,102819,21,11,139.7,"[26.2, 30.8, 32.9, 35.1, 40.1, 41.1, 80.1, 82.8, 87.2, 121.9, 139.7]","['OUTSIDE', 'INSIDE', 'OUTSIDE', 'OUTSIDE', 'NEAR', 'NEAR', 'INSIDE', 'OUTSIDE', 'INSIDE', 'INSIDE', 'INSIDE']","[[0.39, 0.91, 0.04], [0.44, 1.55, 0.83], [0.08, 1.08, 0.31], [4.8, 0.49, 2.47], [0.31, 0.16, 0.98], [0.7, 0.18, 1.55], [0.34, 0.97, 0.55], [3.08, 1.74, 2.35], [1.78, 4.09, 2.52], [3.89, 4.15, 0.78], [3.36, 4.2, 0.97]]","[82, 118, 10, 121, 131, 130, 113, 112, 109, 120, 125]",19.0
160,1788356959672754260,307200,102573,21,11,149.5,"[29.8, 32.6, 43.6, 86.5, 86.8, 96.7, 99.7, 118.7, 121.6, 138.9, 149.5]","['NEAR', 'OUTSIDE', 'NEAR', 'RAIL', 'NEAR', 'OUTSIDE', 'INSIDE', 'INSIDE', 'INSIDE', 'INSIDE', 'INSIDE']","[[0.23, 0.26, 0.59], [4.14, 0.47, 1.58], [1.56, 0.21, 2.46], [1.64, 0.46, 0.56], [0.9, 0.25, 1.53], [0.74, 0.27, 1.54], [1.23, 3.69, 2.03], [1.97, 3.7, 0.25], [2.85, 4.28, 1.3], [3.41, 4.18, 0.96], [3.08, 3.72, 0.31]]","[118, 121, 130, 109, 76, 123, 89, 120, 119, 125, 81]",19.0
161,1788356959769080621,307200,102150,19,14,138.0,"[18.4, 21.4, 27.9, 29.1, 31.6, 35.6, 40.4, 44.2, 85.7, 87.4, 97.1, 99.8, 118.1, 138.0]","['NEAR', 'OUTSIDE', 'OUTSIDE', 'OUTSIDE', 'OUTSIDE', 'OUTSIDE', 'NEAR', 'NEAR', 'RAIL', 'INSIDE', 'INSIDE', 'INSIDE', 'INSIDE', 'INSIDE']","[[2.3, 0.23, 0.5], [0.43, 0.25, 0.73], [0.25, 0.25, 0.79], [0.42, 0.29, 0.45], [4.7, 0.49, 1.88], [4.39, 0.23, 2.47], [2.52, 0.22, 2.33], [4.29, 0.24, 2.46], [1.46, 0.45, 0.72], [2.31, 4.13, 0.96], [2.63, 3.76, 2.01], [0.22, 0.84, 0.46], [2.5, 3.85, 1.61], [3.35, 4.15, 1.55]]","[41, 94, 100, 118, 121, 105, 131, 130, 109, 76, 123, 89, 120, 125]",15.0
162,1788356959886845733,307200,103407,13,8,137.1,"[33.9, 40.7, 82.4, 85.1, 86.7, 95.8, 117.3, 137.1]","['OUTSIDE', 'NEAR', 'INSIDE', 'NEAR', 'INSIDE', 'OUTSIDE', 'INSIDE', 'INSIDE']","[[11.73, 0.49, 2.42], [1.59, 0.21, 1.43], [2.65, 4.01, 1.87], [0.94, 0.14, 1.5], [5.47, 4.16, 2.19], [1.02, 0.06, 1.53], [2.48, 3.69, 1.27], [3.4, 4.36, 1.54]]","[105, 131, 112, 76, 109, 123, 120, 125]",15.4
163,1788356959967982594,307200,103293,11,9,156.8,"[35.9, 44.1, 73.2, 83.3, 85.3, 87.1, 95.0, 145.5, 156.8]","['OUTSIDE', 'NEAR', 'INSIDE', 'OUTSIDE', 'INSIDE', 'INSIDE', 'OUTSIDE', 'INSIDE', 'INSIDE']","[[8.44, 0.24, 2.42], [1.13, 0.21, 0.99], [1.52, 1.02, 1.62], [3.03, 0.26, 1.14], [2.93, 4.22, 1.71], [1.05, 2.55, 2.16], [0.96, 1.19, 1.95], [3.04, 3.39, 0.29], [7.38, 4.23, 1.02]]","[105, 130, 79, 112, 109, 76, 123, 81, 134]",19.8
164,1788356960072390499,307200,102662,14,9,157.9,"[25.4, 33.1, 43.9, 82.4, 86.0, 92.8, 135.5, 146.1, 157.9]","['OUTSIDE', 'NEAR', 'NEAR', 'INSIDE', 'INSIDE', 'INSIDE', 'INSIDE', 'INSIDE', 'INSIDE']","[[0.76, 0.31, 2.3], [0.27, 0.6, 0.88], [0.32, 0.17, 0.84], [3.14, 4.12, 2.27], [1.42, 4.24, 2.49], [0.41, 3.22, 1.82], [3.37, 4.28, 0.94], [3.09, 3.12, 0.3], [3.35, 3.44, 1.02]]","[74, 121, 130, 112, 109, 111, 125, 81, 134]",16.4
165,1788356960171894219,307200,97684,16,10,157.1,"[31.8, 33.8, 39.4, 82.6, 83.2, 89.5, 94.9, 124.0, 133.1, 157.1]","['NEAR', 'OUTSIDE', 'OUTSIDE', 'INSIDE', 'INSIDE', 'OUTSIDE', 'OUTSIDE', 'INSIDE', 'INSIDE', 'INSIDE']","[[0.63, 0.55, 0.56], [7.43, 0.27, 1.91], [3.33, 0.22, 1.67], [1.04, 0.36, 1.84], [5.11, 3.13, 2.45], [1.6, 1.61, 2.39], [0.1, 0.83, 1.28], [5.98, 3.53, 0.27], [4.13, 4.26, 1.48], [3.42, 3.7, 1.01]]","[121, 105, 137, 112, 109, 91, 123, 119, 125, 134]",16.0
166,1788356960268624480,307200,93454,19,10,154.3,"[41.5, 44.2, 80.8, 82.2, 89.0, 93.1, 122.2, 132.2, 143.0, 154.3]","['NEAR', 'OUTSIDE', 'INSIDE', 'INSIDE', 'OUTSIDE', 'OUTSIDE', 'INSIDE', 'INSIDE', 'INSIDE', 'INSIDE']","[[1.11, 0.19, 2.73], [2.33, 0.2, 1.64], [3.31, 3.84, 1.96], [1.95, 1.0, 1.82], [2.19, 1.93, 2.36], [2.08, 1.48, 2.06], [4.02, 3.71, 1.62], [4.15, 4.43, 0.9], [3.03, 3.33, 0.29], [7.37, 4.34, 0.77]]","[131, 130, 113, 112, 91, 111, 119, 125, 81, 134]",16.0
167,1788356960374963637,307200,104680,19,11,155.4,"[24.0, 43.6, 74.3, 81.1, 83.4, 87.7, 90.2, 92.9, 97.7, 141.4, 155.4]","['OUTSIDE', 'OUTSIDE', 'INSIDE', 'OUTSIDE', 'INSIDE', 'OUTSIDE', 'INSIDE', 'INSIDE', 'RAIL', 'INSIDE', 'INSIDE']","[[0.41, 0.27, 0.85], [1.48, 0.22, 2.1], [1.69, 1.31, 1.95], [1.31, 0.62, 0.94], [6.18, 4.22, 2.4], [1.13, 0.51, 1.56], [0.24, 2.73, 1.77], [2.52, 3.93, 2.2], [0.81, 0.34, 0.43], [4.43, 3.72, 0.31], [3.43, 3.84, 1.0]]","[74, 130, 79, 109, 113, 91, 111, 123, 89, 81, 134]",21.0
168,1788356960469807621,307200,112339,13,8,154.5,"[74.2, 82.4, 89.4, 93.4, 123.6, 132.1, 140.6, 154.5]","['INSIDE', 'OUTSIDE', 'OUTSIDE', 'OUTSIDE', 'INSIDE', 'INSIDE', 'INSIDE', 'INSIDE']","[[3.12, 2.61, 1.93], [0.54, 0.34, 0.72], [0.7, 0.07, 1.43], [1.94, 0.38, 1.78], [2.39, 3.92, 0.82], [3.29, 4.4, 1.48], [4.49, 3.95, 0.31], [3.37, 3.82, 0.99]]","[79, 109, 111, 123, 119, 125, 81, 134]",21.0
169,1788356960588393550,307200,97231,12,9,151.7,"[36.1, 41.1, 51.3, 72.4, 87.2, 90.8, 129.6, 140.4, 151.7]","['OUTSIDE', 'OUTSIDE', 'NEAR', 'INSIDE', 'NEAR', 'INSIDE', 'INSIDE', 'INSIDE', 'INSIDE']","[[7.41, 0.26, 2.49], [1.07, 0.16, 0.63], [2.18, 0.26, 1.92], [2.12, 2.67, 1.91], [0.59, 0.07, 1.54], [3.91, 3.98, 2.38], [4.12, 4.4, 1.44], [3.07, 3.48, 0.27], [7.46, 4.28, 0.98]]","[105, 131, 139, 79, 76, 111, 125, 81, 134]",15.0
170,1788356960673272228,307200,100521,13,11,150.8,"[21.4, 22.4, 38.6, 42.7, 46.6, 92.2, 100.9, 121.7, 130.3, 138.1, 150.8]","['OUTSIDE', 'INSIDE', 'NEAR', 'NEAR', 'NEAR', 'OUTSIDE', 'INSIDE', 'INSIDE', 'INSIDE', 'INSIDE', 'INSIDE']","[[0.44, 0.32, 0.95], [0.94, 1.22, 0.37], [0.51, 0.2, 1.93], [4.58, 0.26, 1.74], [2.22, 0.23, 1.86], [0.71, 1.48, 1.0], [1.98, 3.86, 0.82], [2.09, 3.67, 0.26], [3.42, 4.29, 1.47], [5.9, 3.85, 0.31], [7.39, 4.26, 0.98]]","[94, 74, 137, 140, 136, 123, 89, 119, 125, 81, 134]",17.0
171,1788356961771792965,307200,108655,15,11,143.7,"[26.8, 38.7, 39.7, 41.2, 41.8, 45.1, 49.0, 100.7, 119.3, 119.7, 143.7]","['NEAR', 'NEAR', 'NEAR', 'NEAR', 'NEAR', 'NEAR', 'NEAR', 'INSIDE', 'OUTSIDE', 'NEAR', 'INSIDE']","[[2.11, 0.47, 1.35], [0.41, 0.07, 1.02], [0.89, 0.23, 1.59], [1.06, 0.22, 1.63], [0.4, 0.17, 0.47], [1.74, 0.27, 1.81], [0.42, 0.23, 1.72], [2.44, 3.69, 1.58], [0.46, 0.4, 0.25], [0.38, 0.34, 1.33], [5.89, 3.98, 0.93]]","[74, 137, 131, 140, 130, 136, 139, 89, 119, 120, 81]",21.0
172,1788356961873617755,307200,105112,22,16,140.1,"[27.4, 31.9, 35.3, 39.3, 41.3, 49.3, 70.1, 81.1, 83.7, 86.5, 94.0, 99.2, 118.5, 119.0, 128.1, 140.1]","['OUTSIDE', 'NEAR', 'INSIDE', 'NEAR', 'OUTSIDE', 'NEAR', 'INSIDE', 'RAIL', 'RAIL', 'NEAR', 'INSIDE', 'OUTSIDE', 'NEAR', 'INSIDE', 'INSIDE', 'INSIDE']","[[0.42, 1.18, 1.21], [0.07, 0.43, 0.83], [0.43, 1.54, 0.9], [3.01, 0.23, 1.63], [1.13, 0.18, 1.29], [1.15, 0.2, 1.72], [1.86, 2.55, 1.11], [0.07, 0.17, 0.33], [0.9, 0.45, 0.34], [1.57, 0.23, 1.52], [0.15, 0.8, 0.42], [2.2, 1.74, 1.11], [0.57, 0.41, 1.55], [1.75, 3.32, 1.05], [4.58, 3.76, 0.86], [7.46, 3.81, 0.98]]","[74, 121, 105, 131, 140, 139, 79, 112, 109, 76, 123, 89, 120, 119, 125, 81]",21.2
173,1788356961975045149,307200,105242,21,15,144.5,"[23.7, 37.1, 38.4, 40.7, 45.8, 48.1, 49.9, 80.0, 80.2, 83.2, 85.8, 89.7, 95.2, 133.4, 144.5]","['INSIDE', 'RAIL', 'NEAR', 'NEAR', 'NEAR', 'NEAR', 'RAIL', 'RAIL', 'OUTSIDE', 'RAIL', 'INSIDE', 'OUTSIDE', 'INSIDE', 'INSIDE', 'INSIDE']","[[2.41, 1.06, 1.37], [0.46, 0.12, 0.89], [1.88, 0.2, 1.51], [1.89, 0.23, 1.51], [1.11, 0.24, 2.19], [2.54, 0.25, 1.96], [0.2, 0.2, 0.88], [0.09, 0.31, 0.32], [2.01, 1.46, 2.32], [0.06, 0.43, 0.12], [0.98, 0.64, 1.32], [0.82, 1.07, 0.26], [2.06, 3.63, 0.8], [10.7, 4.09, 0.94], [3.15, 3.76, 0.72]]","[94, 137, 131, 140, 143, 139, 136, 112, 113, 109, 76, 111, 123, 125, 81]",16.0
174,1788356962068049084,307200,105103,23,19,140.8,"[25.1, 36.6, 38.1, 39.2, 40.4, 40.6, 42.5, 46.9, 47.1, 79.9, 81.6, 82.0, 85.9, 92.1, 94.3, 99.5, 117.3, 131.6, 140.8]","['OUTSIDE', 'NEAR', 'NEAR', 'NEAR', 'RAIL', 'NEAR', 'OUTSIDE', 'RAIL', 'OUTSIDE', 'OUTSIDE', 'RAIL', 'INSIDE', 'INSIDE', 'OUTSIDE', 'INSIDE', 'INSIDE', 'OUTSIDE', 'INSIDE', 'INSIDE']","[[0.62, 0.2, 0.6], [1.4, 0.2, 1.39], [0.56, 0.24, 1.91], [0.58, 0.19, 1.55], [0.99, 0.17, 0.24], [1.3, 0.16, 0.73], [1.57, 0.23, 2.06], [1.6, 0.2, 1.03], [2.05, 0.19, 1.76], [0.62, 1.47, 1.05], [0.52, 0.43, 0.74], [0.66, 3.67, 2.01], [3.45, 0.44, 1.96], [0.31, 0.21, 0.8], [1.99, 3.93, 0.8], [5.22, 3.88, 1.57], [0.43, 0.24, 0.48], [6.07, 3.86, 0.93], [6.06, 3.9, 0.92]]","[94, 137, 131, 140, 130, 141, 143, 139, 136, 113, 109, 112, 76, 111, 123, 89, 119, 125, 81]",20.0
175,1788356962157156431,307200,105828,23,17,142.1,"[28.0, 29.1, 32.6, 33.3, 35.2, 37.0, 39.7, 41.7, 45.2, 48.4, 78.0, 80.5, 82.4, 90.6, 98.0, 116.0, 142.1]","['OUTSIDE', 'INSIDE', 'NEAR', 'NEAR', 'NEAR', 'NEAR', 'NEAR', 'OUTSIDE', 'OUTSIDE', 'NEAR', 'INSIDE', 'NEAR', 'INSIDE', 'INSIDE', 'OUTSIDE', 'OUTSIDE', 'INSIDE']","[[0.67, 0.23, 1.25], [0.64, 1.18, 0.77], [0.5, 0.19, 0.83], [2.46, 0.21, 1.73], [0.47, 0.2, 1.39], [2.72, 0.22, 1.92], [1.42, 0.2, 1.55], [2.23, 0.22, 1.65], [0.5, 0.18, 1.7], [3.08, 0.26, 1.84], [1.84, 2.9, 2.46], [1.06, 0.17, 1.41], [3.62, 4.23, 2.39], [2.19, 3.83, 1.61], [1.78, 0.65, 1.09], [0.45, 0.24, 0.48], [11.08, 3.83, 1.17]]","[94, 121, 105, 137, 131, 140, 130, 143, 136, 139, 113, 112, 109, 111, 89, 119, 81]",20.0
176,1788356962271324854,307200,104033,15,11,141.7,"[25.6, 35.6, 37.1, 39.5, 42.3, 44.5, 47.9, 80.6, 96.3, 133.6, 141.7]","['NEAR', 'NEAR', 'NEAR', 'OUTSIDE', 'NEAR', 'NEAR', 'NEAR', 'RAIL', 'OUTSIDE', 'INSIDE', 'INSIDE']","[[0.87, 0.33, 1.52], [3.06, 0.21, 1.48], [0.1, 0.16, 0.58], [3.7, 0.22, 2.07], [0.47, 0.18, 1.41], [1.37, 0.21, 1.68], [3.69, 0.44, 2.31], [1.49, 0.55, 0.52], [0.38, 1.18, 0.23], [4.8, 4.24, 0.92], [3.16, 3.79, 0.92]]","[94, 131, 140, 130, 143, 136, 139, 109, 89, 125, 81]",20.0
177,1788356962369870587,307200,106161,14,11,91.6,"[33.3, 35.1, 39.2, 42.4, 44.7, 49.3, 78.7, 81.4, 84.4, 89.3, 91.6]","['NEAR', 'NEAR', 'NEAR', 'NEAR', 'NEAR', 'NEAR', 'NEAR', 'INSIDE', 'INSIDE', 'OUTSIDE', 'INSIDE']","[[0.44, 0.22, 1.02], [3.01, 0.22, 2.11], [4.72, 0.25, 2.74], [0.46, 0.18, 1.41], [1.18, 0.2, 1.67], [0.52, 0.21, 0.65], [1.02, 0.2, 1.72], [2.83, 4.2, 0.87], [2.52, 4.16, 2.24], [0.26, 0.31, 0.6], [2.11, 3.81, 0.78]]","[137, 131, 130, 143, 136, 139, 113, 112, 76, 111, 123]",19.0
178,1788356962468328707,307200,104277,20,16,140.6,"[32.3, 33.2, 34.9, 36.8, 38.6, 40.9, 42.3, 44.3, 48.3, 81.1, 85.4, 98.0, 114.4, 122.5, 132.4, 140.6]","['NEAR', 'NEAR', 'NEAR', 'OUTSIDE', 'OUTSIDE', 'NEAR', 'RAIL', 'NEAR', 'NEAR', 'INSIDE', 'OUTSIDE', 'OUTSIDE', 'INSIDE', 'INSIDE', 'INSIDE', 'INSIDE']","[[0.4, 0.22, 1.07], [0.97, 0.21, 1.37], [1.34, 0.22, 1.74], [1.48, 0.25, 1.38], [1.71, 0.21, 1.97], [2.1, 0.24, 2.41], [0.23, 0.14, 1.0], [3.3, 0.23, 2.18], [0.21, 0.2, 1.18], [6.27, 4.22, 2.11], [3.82, 0.28, 1.35], [3.01, 0.26, 1.14], [2.9, 3.97, 1.02], [4.66, 4.11, 0.82], [3.29, 4.18, 0.93], [4.71, 4.04, 0.92]]","[137, 105, 131, 140, 130, 141, 143, 136, 139, 112, 76, 89, 119, 145, 125, 81]",20.0
179,1788356962565824116,307200,101905,19,13,151.9,"[35.6, 37.8, 40.4, 45.2, 49.5, 72.5, 86.5, 86.6, 98.5, 113.6, 122.3, 136.0, 151.9]","['NEAR', 'NEAR', 'NEAR', 'NEAR', 'NEAR', 'INSIDE', 'INSIDE', 'INSIDE', 'OUTSIDE', 'INSIDE', 'INSIDE', 'INSIDE', 'INSIDE']","[[1.67, 0.22, 1.41], [1.73, 0.23, 2.28], [2.39, 0.21, 1.52], [0.21, 0.16, 0.67], [1.0, 0.08, 0.45], [4.21, 2.3, 2.51], [2.18, 3.98, 1.68], [5.7, 4.13, 1.9], [1.81, 0.19, 1.15], [2.81, 3.98, 1.01], [2.98, 3.84, 0.82], [12.12, 4.01, 1.14], [4.66, 3.47, 0.43]]","[131, 130, 141, 136, 139, 79, 76, 111, 89, 119, 145, 125, 134]",17.1
180,1788356962672164702,307200,94582,11,9,112.0,"[38.5, 39.9, 42.5, 48.5, 81.9, 87.8, 92.4, 93.3, 112.0]","['INSIDE', 'NEAR', 'NEAR', 'NEAR', 'INSIDE', 'INSIDE', 'INSIDE', 'OUTSIDE', 'OUTSIDE']","[[0.48, 0.8, 0.67], [1.49, 0.21, 1.61], [2.52, 0.21, 2.03], [0.59, 0.19, 1.07], [3.28, 4.13, 1.65], [0.32, 1.2, 0.96], [0.32, 1.51, 1.0], [1.95, 2.29, 1.5], [1.45, 1.15, 0.98]]","[130, 141, 143, 139, 112, 111, 123, 89, 119]",14.3
181,1788356962768732554,307200,97512,12,8,109.9,"[27.2, 41.2, 48.4, 80.9, 81.8, 86.9, 93.9, 109.9]","['INSIDE', 'NEAR', 'NEAR', 'INSIDE', 'INSIDE', 'INSIDE', 'INSIDE', 'INSIDE']","[[0.93, 1.94, 1.1], [3.58, 0.23, 2.01], [1.85, 0.22, 1.28], [1.02, 0.27, 1.44], [2.25, 4.17, 1.63], [0.28, 1.8, 0.94], [2.71, 4.15, 1.51], [3.61, 3.47, 0.98]]","[94, 141, 139, 112, 109, 111, 89, 119]",14.0
182,1788356962860122760,307200,108439,15,12,149.8,"[34.0, 38.5, 41.4, 47.4, 82.6, 86.0, 89.2, 93.3, 94.6, 110.0, 135.5, 149.8]","['NEAR', 'RAIL', 'NEAR', 'NEAR', 'OUTSIDE', 'OUTSIDE', 'RAIL', 'INSIDE', 'OUTSIDE', 'OUTSIDE', 'INSIDE', 'INSIDE']","[[7.38, 0.25, 2.44], [0.4, 0.14, 0.34], [6.55, 0.49, 2.44], [0.98, 0.19, 1.43], [1.18, 1.62, 2.2], [0.24, 1.04, 0.24], [1.01, 0.23, 0.8], [2.42, 3.38, 0.75], [1.67, 0.46, 1.52], [1.71, 0.31, 1.07], [11.01, 3.99, 1.11], [3.08, 3.67, 0.42]]","[105, 140, 141, 139, 109, 76, 111, 89, 129, 119, 125, 134]",19.5
183,1788356962972362247,307200,104052,12,11,149.6,"[37.4, 38.5, 42.0, 43.0, 47.4, 71.1, 82.4, 90.0, 120.7, 131.4, 149.6]","['NEAR', 'NEAR', 'INSIDE', 'NEAR', 'NEAR', 'NEAR', 'INSIDE', 'OUTSIDE', 'OUTSIDE', 'INSIDE', 'INSIDE']","[[0.62, 0.19, 1.49], [0.45, 0.17, 1.3], [0.24, 0.56, 0.36], [5.75, 0.43, 2.36], [0.14, 0.18, 0.61], [3.16, 0.18, 0.8], [6.98, 4.21, 2.11], [2.46, 2.18, 1.18], [1.34, 0.29, 0.49], [4.07, 3.92, 1.1], [1.63, 3.13, 0.43]]","[140, 130, 143, 141, 139, 79, 109, 111, 145, 125, 134]",20.0
184,1788356963078427551,307200,103663,11,6,126.0,"[36.6, 40.0, 45.3, 92.7, 108.7, 126.0]","['NEAR', 'NEAR', 'NEAR', 'OUTSIDE', 'INSIDE', 'INSIDE']","[[0.62, 0.17, 1.38], [5.51, 0.42, 2.28], [0.77, 0.18, 0.99], [2.07, 0.19, 1.06], [2.84, 3.96, 0.97], [4.59, 4.22, 0.89]]","[140, 130, 136, 129, 119, 125]",19.5
185,1788356963170328820,307200,102490,13,11,146.1,"[37.2, 41.6, 44.1, 45.5, 80.4, 83.0, 86.5, 87.6, 91.2, 92.4, 146.1]","['NEAR', 'NEAR', 'NEAR', 'NEAR', 'INSIDE', 'INSIDE', 'INSIDE', 'OUTSIDE', 'INSIDE', 'OUTSIDE', 'INSIDE']","[[3.55, 0.26, 1.61], [0.47, 0.15, 0.73], [1.17, 0.23, 1.08], [0.72, 0.18, 0.98], [2.95, 3.6, 2.16], [0.41, 1.74, 0.91], [0.81, 1.2, 0.58], [0.37, 0.46, 0.17], [0.88, 2.07, 1.61], [2.57, 0.27, 1.22], [4.64, 3.34, 0.41]]","[140, 141, 147, 136, 109, 112, 76, 111, 123, 129, 134]",19.0
186,1788356963266189353,307200,101733,14,11,105.5,"[37.0, 41.5, 42.6, 44.5, 47.3, 67.7, 80.5, 80.8, 89.5, 94.0, 105.5]","['NEAR', 'NEAR', 'NEAR', 'NEAR', 'NEAR', 'RAIL', 'OUTSIDE', 'INSIDE', 'INSIDE', 'OUTSIDE', 'INSIDE']","[[7.57, 0.42, 2.41], [0.33, 0.15, 0.28], [0.3, 0.15, 0.38], [0.89, 0.09, 1.0], [0.6, 0.13, 0.53], [0.22, 0.38, 0.47], [0.66, 0.27, 0.65], [5.87, 4.07, 2.27], [3.88, 3.8, 1.98], [3.63, 0.19, 1.31], [2.87, 3.79, 1.61]]","[140, 141, 147, 136, 139, 79, 109, 112, 123, 129, 119]",19.0
187,1788356963368466334,307200,101786,14,12,144.1,"[27.8, 31.8, 40.5, 42.0, 43.9, 46.7, 69.7, 85.6, 89.2, 91.3, 116.0, 144.1]","['NEAR', 'NEAR', 'NEAR', 'NEAR', 'NEAR', 'NEAR', 'RAIL', 'INSIDE', 'INSIDE', 'OUTSIDE', 'OUTSIDE', 'INSIDE']","[[0.99, 0.18, 0.7], [0.37, 0.17, 0.82], [0.34, 0.14, 0.98], [1.93, 0.19, 1.34], [0.82, 0.15, 0.69], [0.62, 0.18, 1.44], [0.43, 0.49, 0.3], [3.63, 3.97, 2.06], [3.34, 4.09, 0.97], [1.04, 0.22, 1.2], [0.1, 0.49, 0.31], [4.64, 3.29, 0.41]]","[94, 137, 130, 141, 136, 139, 79, 76, 123, 129, 145, 134]",19.0
188,1788356963490996159,307200,101243,14,10,126.4,"[39.6, 40.5, 42.0, 46.1, 49.2, 74.2, 84.7, 89.8, 106.3, 126.4]","['NEAR', 'NEAR', 'NEAR', 'RAIL', 'NEAR', 'INSIDE', 'INSIDE', 'INSIDE', 'INSIDE', 'INSIDE']","[[0.38, 0.16, 0.86], [0.71, 0.2, 1.0], [1.41, 0.2, 1.01], [1.02, 0.11, 0.41], [1.25, 0.19, 1.98], [1.65, 0.32, 2.01], [3.14, 3.89, 1.7], [4.12, 4.1, 1.69], [2.58, 3.79, 1.4], [10.64, 4.21, 1.05]]","[130, 141, 147, 139, 136, 79, 76, 123, 119, 125]",16.0
189,1788356963596951157,307200,101623,14,10,110.2,"[29.7, 35.1, 39.7, 40.5, 41.5, 48.3, 49.6, 69.7, 83.2, 110.2]","['NEAR', 'NEAR', 'NEAR', 'NEAR', 'NEAR', 'NEAR', 'RAIL', 'INSIDE', 'INSIDE', 'INSIDE']","[[0.36, 0.23, 0.5], [5.29, 0.45, 1.78], [0.67, 0.21, 0.63], [0.16, 0.23, 0.81], [0.72, 0.16, 0.65], [1.29, 0.19, 1.81], [0.72, 0.26, 0.97], [1.94, 0.6, 1.86], [6.98, 2.69, 2.06], [1.53, 2.63, 1.43]]","[94, 105, 130, 141, 147, 136, 139, 79, 76, 119]",20.0
190,1788356963675783129,307200,101768,14,10,124.6,"[37.8, 39.1, 40.4, 41.3, 48.6, 80.0, 88.5, 101.0, 113.2, 124.6]","['NEAR', 'NEAR', 'NEAR', 'NEAR', 'NEAR', 'OUTSIDE', 'RAIL', 'NEAR', 'OUTSIDE', 'INSIDE']","[[0.66, 0.14, 1.09], [1.23, 0.21, 0.79], [0.63, 0.16, 0.82], [0.48, 0.16, 0.74], [0.16, 0.22, 1.29], [2.77, 0.3, 0.33], [2.61, 0.19, 0.57], [0.49, 0.42, 1.53], [0.24, 0.67, 0.46], [7.67, 4.13, 1.07]]","[140, 130, 141, 147, 136, 109, 111, 144, 145, 125]",19.0
191,1788356963774133969,307200,102236,19,15,140.9,"[33.0, 37.5, 39.9, 41.8, 47.2, 49.6, 70.9, 78.7, 82.0, 83.1, 87.6, 87.8, 100.2, 123.7, 140.9]","['NEAR', 'NEAR', 'NEAR', 'OUTSIDE', 'NEAR', 'OUTSIDE', 'INSIDE', 'RAIL', 'OUTSIDE', 'INSIDE', 'INSIDE', 'RAIL', 'NEAR', 'INSIDE', 'INSIDE']","[[5.27, 0.43, 1.78], [2.72, 0.22, 0.83], [1.13, 0.16, 0.96], [0.71, 0.17, 1.3], [1.34, 0.21, 1.49], [0.54, 0.19, 0.34], [1.04, 1.12, 1.88], [2.17, 0.2, 0.87], [0.62, 0.2, 1.82], [2.56, 4.12, 2.03], [0.12, 1.23, 1.56], [4.21, 0.22, 1.18], [0.74, 0.41, 1.52], [7.18, 3.61, 0.86], [3.08, 3.47, 0.41]]","[137, 140, 141, 147, 136, 139, 79, 109, 76, 112, 123, 111, 144, 125, 134]",19.0
192,1788356963871040947,307200,102682,19,14,123.3,"[34.5, 36.6, 38.5, 39.4, 40.4, 41.7, 42.6, 43.4, 46.6, 80.7, 85.9, 98.9, 111.1, 123.3]","['OUTSIDE', 'OUTSIDE', 'NEAR', 'NEAR', 'OUTSIDE', 'OUTSIDE', 'INSIDE', 'OUTSIDE', 'NEAR', 'INSIDE', 'OUTSIDE', 'NEAR', 'OUTSIDE', 'INSIDE']","[[0.57, 0.2, 0.69], [2.44, 0.2, 1.07], [0.48, 0.22, 0.6], [0.1, 0.14, 1.22], [0.74, 0.16, 0.83], [0.77, 0.15, 1.57], [0.23, 0.55, 0.36], [0.38, 0.18, 2.08], [0.1, 0.19, 0.6], [3.47, 4.22, 1.59], [4.4, 0.36, 1.74], [0.59, 0.4, 1.29], [0.26, 0.66, 0.45], [5.9, 4.01, 0.85]]","[105, 140, 130, 141, 147, 143, 152, 136, 139, 112, 111, 144, 119, 125]",20.0
193,1788356963967855588,307200,102970,16,10,125.1,"[28.0, 36.0, 37.5, 38.5, 40.5, 47.2, 82.1, 98.0, 110.1, 125.1]","['OUTSIDE', 'OUTSIDE', 'NEAR', 'OUTSIDE', 'OUTSIDE', 'NEAR', 'INSIDE', 'INSIDE', 'OUTSIDE', 'INSIDE']","[[0.63, 0.27, 0.7], [1.45, 0.24, 1.03], [0.52, 0.15, 0.67], [0.24, 0.19, 0.86], [2.68, 0.18, 1.94], [1.31, 0.29, 1.35], [7.49, 4.24, 2.12], [0.75, 2.28, 1.7], [0.27, 1.37, 0.96], [9.92, 4.19, 1.06]]","[94, 140, 130, 141, 147, 139, 112, 144, 119, 125]",20.0
194,1788356964065154478,307200,102781,10,6,96.9,"[29.9, 35.7, 37.5, 39.8, 47.4, 96.9]","['OUTSIDE', 'OUTSIDE', 'OUTSIDE', 'OUTSIDE', 'NEAR', 'NEAR']","[[0.31, 0.21, 1.03], [2.65, 0.21, 1.01], [0.23, 0.18, 0.99], [3.49, 0.24, 2.39], [4.56, 0.32, 1.95], [0.55, 0.55, 1.47]]","[94, 140, 130, 147, 139, 144]",19.0
195,1788356964169660079,307200,96487,20,13,125.3,"[33.8, 35.7, 38.5, 40.4, 42.0, 43.4, 46.7, 81.3, 83.1, 91.5, 95.8, 117.6, 125.3]","['OUTSIDE', 'OUTSIDE', 'OUTSIDE', 'OUTSIDE', 'OUTSIDE', 'OUTSIDE', 'NEAR', 'INSIDE', 'NEAR', 'OUTSIDE', 'NEAR', 'OUTSIDE', 'INSIDE']","[[1.4, 0.21, 1.53], [1.5, 0.17, 1.36], [2.65, 0.24, 1.63], [0.8, 0.21, 2.3], [1.03, 0.23, 1.68], [0.78, 0.16, 1.24], [0.73, 0.16, 0.64], [2.71, 4.2, 1.98], [1.24, 0.05, 1.47], [0.58, 1.09, 0.22], [0.57, 0.36, 1.45], [0.89, 0.41, 0.58], [10.6, 4.04, 1.03]]","[105, 140, 141, 147, 143, 136, 139, 112, 76, 129, 144, 145, 125]",14.5
196,1788356964265979507,307200,101674,19,14,125.8,"[27.4, 28.4, 33.1, 35.6, 37.4, 39.5, 41.5, 42.6, 46.6, 81.1, 88.4, 95.3, 107.0, 125.8]","['NEAR', 'INSIDE', 'OUTSIDE', 'OUTSIDE', 'OUTSIDE', 'OUTSIDE', 'RAIL', 'NEAR', 'INSIDE', 'INSIDE', 'OUTSIDE', 'INSIDE', 'OUTSIDE', 'INSIDE']","[[0.51, 0.23, 0.97], [0.11, 1.15, 0.73], [3.62, 0.23, 1.52], [0.5, 0.18, 1.34], [2.69, 0.21, 2.19], [0.47, 0.17, 1.48], [0.14, 0.19, 0.54], [0.72, 0.18, 1.42], [1.12, 2.49, 1.53], [6.0, 4.22, 1.87], [0.35, 0.94, 0.37], [2.84, 4.6, 1.65], [0.36, 1.34, 0.93], [10.81, 4.05, 1.05]]","[94, 137, 105, 140, 130, 147, 143, 136, 139, 112, 111, 144, 119, 125]",19.0
197,1788356964365302613,307200,101623,17,13,144.9,"[31.3, 33.8, 36.9, 40.4, 43.0, 74.5, 75.5, 84.6, 88.1, 93.9, 113.3, 123.6, 144.9]","['NEAR', 'NEAR', 'NEAR', 'OUTSIDE', 'NEAR', 'RAIL', 'INSIDE', 'INSIDE', 'INSIDE', 'INSIDE', 'INSIDE', 'INSIDE', 'RAIL']","[[2.35, 0.23, 1.07], [1.38, 0.2, 1.61], [3.7, 0.25, 2.16], [2.1, 0.23, 1.71], [1.26, 0.29, 2.07], [1.33, 0.15, 0.67], [0.05, 0.75, 0.32], [2.26, 4.04, 0.58], [2.99, 4.04, 1.94], [3.67, 4.43, 1.66], [0.14, 1.04, 1.09], [4.68, 3.94, 0.86], [0.12, 0.33, 0.22]]","[105, 140, 130, 153, 136, 79, 109, 76, 111, 144, 145, 125, 134]",18.7
198,1788356964465033927,307200,101633,17,13,124.6,"[26.8, 33.3, 35.8, 40.4, 41.6, 42.6, 44.4, 49.0, 74.5, 82.3, 85.7, 92.2, 124.6]","['NEAR', 'NEAR', 'NEAR', 'NEAR', 'RAIL', 'NEAR', 'NEAR', 'RAIL', 'INSIDE', 'OUTSIDE', 'OUTSIDE', 'INSIDE', 'INSIDE']","[[0.91, 0.22, 0.74], [0.8, 0.17, 1.59], [3.51, 0.26, 1.78], [1.01, 0.18, 1.67], [0.5, 0.17, 0.99], [0.56, 0.24, 1.61], [2.1, 0.28, 1.79], [1.67, 0.54, 0.97], [0.18, 0.88, 0.52], [0.47, 1.0, 0.57], [2.11, 0.36, 1.35], [5.07, 4.4, 1.62], [8.97, 4.12, 1.02]]","[94, 140, 130, 153, 143, 136, 152, 139, 109, 112, 76, 144, 125]",19.2
199,1788356964561595775,307200,101657,17,11,122.1,"[33.3, 34.4, 38.3, 42.5, 47.2, 49.3, 86.6, 92.2, 104.0, 117.3, 122.1]","['INSIDE', 'NEAR', 'NEAR', 'NEAR', 'RAIL', 'NEAR', 'INSIDE', 'INSIDE', 'INSIDE', 'RAIL', 'INSIDE']","[[0.69, 1.22, 0.61], [2.61, 0.27, 1.76], [2.78, 0.24, 1.65], [4.35, 0.29, 1.75], [0.3, 0.16, 0.52], [0.36, 0.1, 0.31], [2.0, 3.98, 1.68], [2.81, 4.43, 1.62], [2.77, 4.01, 1.38], [0.27, 0.22, 0.51], [3.47, 3.94, 0.49]]","[140, 130, 141, 136, 139, 152, 111, 144, 119, 145, 125]",17.0
200,1788356964663928654,307200,101704,13,9,121.8,"[29.2, 33.4, 36.9, 38.5, 41.8, 83.9, 91.9, 116.2, 121.8]","['NEAR', 'NEAR', 'NEAR', 'NEAR', 'NEAR', 'INSIDE', 'INSIDE', 'RAIL', 'INSIDE']","[[2.53, 0.22, 1.8], [4.61, 0.24, 1.72], [1.24, 0.25, 1.87], [0.63, 0.17, 1.62], [3.36, 0.47, 2.82], [3.21, 4.12, 1.81], [4.12, 4.38, 1.63], [0.24, 0.22, 0.51], [1.97, 3.7, 0.5]]","[137, 130, 141, 147, 143, 112, 144, 145, 125]",14.6
201,1788356964759103615,307200,102024,21,15,123.0,"[27.7, 27.8, 29.5, 32.5, 35.9, 37.4, 39.0, 40.7, 41.6, 48.2, 69.9, 82.5, 89.2, 89.6, 123.0]","['NEAR', 'NEAR', 'NEAR', 'NEAR', 'NEAR', 'NEAR', 'NEAR', 'RAIL', 'NEAR', 'NEAR', 'NEAR', 'RAIL', 'NEAR', 'INSIDE', 'INSIDE']","[[0.6, 0.13, 0.69], [1.45, 0.21, 1.76], [1.14, 0.21, 1.57], [3.88, 0.26, 1.69], [1.51, 0.21, 2.13], [0.44, 0.17, 1.48], [1.65, 0.29, 2.34], [1.82, 0.19, 0.81], [1.3, 0.2, 2.0], [0.65, 0.16, 0.43], [1.33, 0.33, 1.55], [2.26, 0.38, 1.14], [0.77, 0.44, 1.79], [6.58, 3.89, 1.81], [5.83, 3.69, 0.81]]","[94, 137, 105, 130, 141, 147, 153, 143, 136, 152, 109, 112, 144, 111, 125]",15.0
202,1788356964865968610,307200,102202,17,12,124.1,"[29.7, 34.9, 36.3, 37.8, 40.2, 43.2, 46.0, 47.1, 83.2, 88.9, 91.7, 124.1]","['INSIDE', 'OUTSIDE', 'NEAR', 'NEAR', 'NEAR', 'NEAR', 'RAIL', 'NEAR', 'INSIDE', 'INSIDE', 'INSIDE', 'INSIDE']","[[7.35, 1.91, 2.93], [1.6, 0.25, 1.77], [0.33, 0.21, 1.51], [1.3, 0.27, 2.28], [2.72, 0.28, 2.05], [0.54, 0.16, 1.53], [0.32, 0.19, 0.72], [0.86, 0.12, 0.52], [2.07, 4.08, 2.02], [2.68, 4.47, 1.93], [2.57, 4.03, 1.48], [7.96, 4.21, 1.02]]","[105, 141, 147, 153, 143, 136, 139, 152, 112, 111, 129, 125]",19.0
203,1788356964964786981,307200,101418,12,8,125.4,"[36.7, 41.0, 68.6, 82.7, 87.8, 108.3, 113.2, 125.4]","['NEAR', 'NEAR', 'INSIDE', 'OUTSIDE', 'INSIDE', 'INSIDE', 'RAIL', 'INSIDE']","[[1.39, 0.28, 2.17], [6.85, 0.3, 2.06], [1.35, 2.53, 1.98], [1.07, 0.2, 1.65], [3.03, 4.45, 1.94], [3.5, 3.71, 0.76], [0.47, 0.07, 0.73], [3.2, 4.18, 0.82]]","[147, 143, 109, 112, 111, 119, 145, 125]",18.0
204,1788356965067547111,307200,101109,8,6,108.8,"[33.0, 38.6, 41.2, 81.2, 87.2, 108.8]","['NEAR', 'NEAR', 'NEAR', 'INSIDE', 'INSIDE', 'INSIDE']","[[2.88, 0.3, 1.67], [3.65, 0.28, 1.93], [0.53, 0.19, 1.97], [6.13, 4.16, 2.09], [4.75, 4.44, 1.88], [2.76, 4.01, 1.05]]","[130, 153, 143, 112, 111, 119]",19.0
205,1788356965165919424,307200,100599,14,9,123.1,"[23.4, 30.0, 32.0, 37.6, 48.1, 85.8, 107.3, 111.0, 123.1]","['INSIDE', 'INSIDE', 'OUTSIDE', 'NEAR', 'RAIL', 'INSIDE', 'INSIDE', 'RAIL', 'INSIDE']","[[1.78, 1.0, 1.35], [1.56, 2.89, 0.84], [2.68, 0.25, 2.44], [7.38, 0.29, 1.8], [0.79, 0.17, 0.53], [2.86, 4.5, 1.89], [2.07, 3.97, 1.04], [0.5, 0.07, 0.72], [3.02, 3.95, 0.8]]","[94, 105, 130, 147, 139, 111, 119, 145, 125]",19.0
206,1788356965263236029,307200,99999,10,8,109.9,"[38.3, 40.8, 42.7, 49.4, 84.2, 84.8, 91.0, 109.9]","['NEAR', 'NEAR', 'NEAR', 'RAIL', 'NEAR', 'INSIDE', 'INSIDE', 'RAIL']","[[1.46, 0.2, 1.93], [2.58, 0.21, 2.06], [0.89, 0.19, 1.71], [1.1, 0.41, 0.78], [1.0, 0.44, 1.84], [5.54, 3.96, 1.89], [1.95, 3.57, 1.44], [0.51, 0.21, 0.71]]","[153, 143, 155, 139, 111, 76, 129, 145]",15.1
207,1788356965364715968,307200,100565,9,6,108.7,"[40.4, 41.8, 82.5, 87.1, 90.1, 108.7]","['NEAR', 'NEAR', 'INSIDE', 'INSIDE', 'OUTSIDE', 'RAIL']","[[1.99, 0.21, 2.07], [0.26, 0.16, 1.28], [5.21, 4.54, 1.84], [2.11, 3.95, 1.53], [2.2, 0.19, 1.4], [0.16, 0.2, 0.47]]","[143, 155, 112, 76, 129, 145]",15.9
208,1788356965465863769,307200,101526,15,11,123.6,"[32.2, 38.0, 39.6, 40.6, 41.6, 45.0, 49.6, 82.4, 87.0, 90.1, 123.6]","['NEAR', 'NEAR', 'NEAR', 'NEAR', 'NEAR', 'NEAR', 'NEAR', 'INSIDE', 'INSIDE', 'RAIL', 'INSIDE']","[[9.65, 0.32, 2.45], [1.85, 0.24, 2.29], [0.6, 0.16, 1.65], [0.05, 0.18, 0.9], [0.9, 0.17, 1.38], [1.01, 0.3, 1.08], [0.59, 0.2, 1.43], [3.02, 4.48, 1.82], [3.61, 3.92, 1.75], [0.55, 0.13, 0.81], [4.69, 3.69, 0.6]]","[130, 153, 143, 155, 136, 152, 139, 112, 76, 129, 125]",19.0
209,1788356965573083964,307200,101494,12,8,118.7,"[34.2, 41.1, 44.4, 48.0, 81.4, 86.8, 106.5, 118.7]","['INSIDE', 'NEAR', 'NEAR', 'NEAR', 'INSIDE', 'INSIDE', 'OUTSIDE', 'INSIDE']","[[4.99, 2.95, 2.78], [1.39, 0.18, 1.27], [0.36, 0.18, 0.6], [0.71, 0.19, 1.28], [2.68, 4.6, 1.98], [2.7, 3.79, 0.53], [0.35, 0.2, 0.53], [0.13, 1.17, 0.48]]","[141, 136, 152, 139, 112, 76, 145, 125]",14.0
210,1788356965669366419,307200,101843,12,8,87.5,"[39.5, 40.6, 41.5, 42.4, 44.9, 47.5, 83.3, 87.5]","['RAIL', 'NEAR', 'RAIL', 'NEAR', 'NEAR', 'NEAR', 'INSIDE', 'INSIDE']","[[0.42, 0.14, 0.35], [0.64, 0.14, 0.37], [0.59, 0.23, 0.91], [1.12, 0.32, 1.57], [3.27, 0.23, 1.64], [0.64, 0.19, 1.06], [2.54, 4.13, 1.63], [3.56, 4.2, 1.76]]","[143, 155, 136, 157, 152, 139, 112, 76]",15.5
211,1788356965769039111,307200,102487,10,8,104.3,"[32.5, 37.3, 41.2, 46.5, 78.7, 80.2, 85.6, 104.3]","['INSIDE', 'RAIL', 'NEAR', 'NEAR', 'NEAR', 'INSIDE', 'INSIDE', 'RAIL']","[[0.26, 0.85, 0.58], [0.26, 0.17, 0.66], [6.01, 0.3, 2.15], [2.07, 0.23, 2.22], [1.25, 0.43, 1.72], [5.34, 4.23, 1.78], [2.15, 4.01, 1.69], [0.32, 0.19, 0.45]]","[130, 147, 136, 139, 112, 111, 76, 145]",20.0
212,1788356965864431150,307200,103028,8,6,88.0,"[30.8, 36.3, 37.2, 40.9, 86.8, 88.0]","['NEAR', 'NEAR', 'NEAR', 'NEAR', 'NEAR', 'INSIDE']","[[9.63, 0.32, 2.85], [0.35, 0.2, 1.19], [0.32, 0.18, 1.39], [5.74, 0.35, 2.12], [0.36, 0.38, 0.58], [3.35, 3.88, 1.79]]","[105, 147, 153, 136, 76, 129]",15.5
213,1788356965979208513,307200,102816,10,6,88.3,"[35.0, 36.7, 40.1, 44.4, 83.3, 88.3]","['NEAR', 'OUTSIDE', 'NEAR', 'NEAR', 'OUTSIDE', 'INSIDE']","[[0.53, 0.19, 1.46], [1.65, 0.19, 1.35], [4.47, 0.31, 2.09], [2.95, 0.26, 2.19], [1.93, 0.47, 1.83], [2.5, 4.2, 1.41]]","[147, 153, 155, 152, 111, 129]",20.0
214,1788356966064724253,307200,102157,12,8,87.0,"[27.7, 35.9, 45.2, 45.8, 48.7, 75.7, 82.0, 87.0]","['NEAR', 'NEAR', 'RAIL', 'NEAR', 'NEAR', 'NEAR', 'INSIDE', 'OUTSIDE']","[[0.45, 0.66, 1.22], [8.4, 0.41, 2.31], [0.24, 0.18, 0.53], [1.12, 0.2, 1.79], [2.18, 0.25, 1.96], [1.9, 0.55, 1.85], [2.46, 3.91, 1.78], [2.6, 0.62, 1.14]]","[105, 153, 139, 152, 159, 112, 111, 129]",15.4
215,1788356966164692532,307200,92151,8,6,86.7,"[42.5, 43.8, 45.1, 48.4, 49.6, 86.7]","['NEAR', 'NEAR', 'INSIDE', 'NEAR', 'RAIL', 'INSIDE']","[[1.92, 0.23, 2.03], [0.34, 0.17, 0.77], [1.1, 1.65, 2.59], [0.84, 0.25, 1.93], [0.13, 0.18, 0.68], [3.06, 3.96, 1.75]]","[157, 152, 139, 159, 156, 129]",16.0
216,1788356966277536363,307200,101471,14,11,117.0,"[34.8, 35.3, 36.6, 40.2, 41.1, 44.3, 46.6, 48.7, 85.0, 103.2, 117.0]","['OUTSIDE', 'NEAR', 'OUTSIDE', 'INSIDE', 'NEAR', 'NEAR', 'NEAR', 'NEAR', 'INSIDE', 'INSIDE', 'INSIDE']","[[0.18, 0.98, 0.32], [1.51, 0.35, 1.46], [0.46, 0.19, 0.65], [0.36, 0.68, 0.34], [5.65, 0.26, 1.84], [1.77, 0.26, 2.53], [2.36, 0.24, 1.85], [1.62, 0.25, 1.93], [2.72, 3.92, 1.64], [2.14, 0.21, 1.15], [0.37, 0.95, 0.48]]","[141, 147, 153, 136, 155, 152, 162, 159, 129, 145, 125]",19.0
217,1788356966372067859,307200,103602,9,8,83.9,"[26.0, 35.5, 40.0, 45.0, 45.9, 49.6, 49.6, 83.9]","['INSIDE', 'OUTSIDE', 'NEAR', 'NEAR', 'RAIL', 'RAIL', 'RAIL', 'OUTSIDE']","[[0.23, 1.08, 0.2], [0.51, 0.19, 0.55], [7.58, 0.28, 2.46], [1.49, 0.27, 2.16], [1.17, 0.2, 0.21], [0.54, 0.31, 0.64], [0.62, 0.2, 0.98], [0.35, 0.3, 1.48]]","[105, 147, 155, 152, 139, 156, 159, 129]",19.0
218,1788356966461397411,307200,103509,12,9,82.8,"[27.9, 31.1, 39.7, 44.3, 44.6, 46.3, 47.3, 49.3, 82.8]","['NEAR', 'OUTSIDE', 'NEAR', 'RAIL', 'INSIDE', 'RAIL', 'NEAR', 'RAIL', 'OUTSIDE']","[[0.36, 0.66, 0.7], [0.65, 1.2, 0.28], [5.4, 0.31, 2.09], [0.9, 0.22, 0.98], [2.45, 0.89, 2.56], [0.49, 0.17, 0.81], [0.41, 0.19, 0.94], [0.22, 0.19, 0.55], [0.38, 0.6, 1.8]]","[105, 130, 155, 139, 152, 162, 159, 156, 129]",20.0
219,1788356966562778959,307200,102465,14,11,103.0,"[33.2, 36.1, 37.5, 39.1, 43.0, 45.1, 47.1, 48.1, 81.9, 86.9, 103.0]","['NEAR', 'NEAR', 'NEAR', 'NEAR', 'NEAR', 'NEAR', 'NEAR', 'RAIL', 'INSIDE', 'INSIDE', 'INSIDE']","[[4.28, 0.36, 1.94], [0.47, 0.14, 1.05], [2.18, 0.24, 1.88], [0.55, 0.18, 0.95], [2.11, 0.22, 2.04], [1.2, 0.19, 1.7], [0.83, 0.18, 1.03], [0.29, 0.2, 0.75], [3.46, 4.03, 1.79], [3.54, 4.21, 1.91], [0.42, 1.02, 0.2]]","[147, 153, 143, 155, 157, 152, 159, 156, 111, 76, 145]",15.0
220,1788356966668620370,307200,102123,11,8,82.5,"[38.9, 42.0, 42.1, 43.8, 44.9, 46.9, 49.4, 82.5]","['RAIL', 'RAIL', 'NEAR', 'NEAR', 'NEAR', 'RAIL', 'NEAR', 'INSIDE']","[[0.19, 0.21, 0.16], [0.66, 0.2, 0.37], [2.69, 0.28, 2.07], [0.55, 0.17, 1.35], [0.93, 0.22, 2.07], [0.1, 0.19, 1.03], [1.1, 0.27, 2.38], [3.86, 4.21, 1.79]]","[155, 139, 157, 152, 162, 159, 156, 111]",15.0
221,1788356966766426169,307200,92644,15,11,100.0,"[36.4, 41.3, 43.8, 44.6, 45.3, 47.6, 73.6, 80.3, 81.6, 88.7, 100.0]","['NEAR', 'NEAR', 'NEAR', 'NEAR', 'NEAR', 'NEAR', 'NEAR', 'OUTSIDE', 'INSIDE', 'INSIDE', 'INSIDE']","[[5.58, 0.27, 2.3], [3.34, 0.29, 1.61], [0.42, 0.15, 0.41], [0.59, 0.19, 1.28], [1.01, 0.21, 1.45], [0.31, 0.2, 1.35], [1.14, 0.18, 1.6], [2.0, 0.47, 1.59], [4.41, 4.22, 1.82], [3.68, 4.19, 1.77], [1.91, 3.81, 0.46]]","[153, 157, 152, 162, 159, 156, 112, 129, 111, 76, 145]",14.0
222,1788356966864081091,307200,98065,10,6,117.0,"[40.0, 42.7, 44.6, 47.3, 85.6, 117.0]","['NEAR', 'NEAR', 'NEAR', 'NEAR', 'INSIDE', 'INSIDE']","[[3.74, 0.28, 2.32], [0.56, 0.2, 1.62], [0.54, 0.19, 1.57], [0.75, 0.17, 1.78], [5.37, 4.22, 1.9], [2.13, 3.74, 0.23]]","[157, 152, 162, 156, 76, 125]",15.5
223,1788356966981402711,307200,102560,8,6,85.0,"[37.5, 41.4, 43.4, 44.6, 46.3, 85.0]","['NEAR', 'NEAR', 'NEAR', 'NEAR', 'NEAR', 'INSIDE']","[[4.49, 0.25, 2.28], [2.58, 0.22, 1.74], [0.57, 0.09, 0.93], [0.36, 0.23, 1.18], [2.55, 0.24, 1.76], [8.06, 4.24, 1.87]]","[143, 152, 162, 159, 156, 76]",18.5
224,1788356967070295389,307200,101834,8,4,114.8,"[44.3, 47.2, 84.8, 114.8]","['NEAR', 'NEAR', 'INSIDE', 'RAIL']","[[2.23, 0.25, 2.17], [0.38, 0.19, 1.25], [6.53, 4.25, 1.84], [0.06, 0.4, 0.33]]","[159, 156, 76, 125]",15.0
225,1788356967157762942,307200,102274,15,10,113.7,"[26.3, 35.9, 36.5, 39.5, 43.8, 45.8, 45.9, 82.8, 92.8, 113.7]","['OUTSIDE', 'INSIDE', 'NEAR', 'NEAR', 'NEAR', 'NEAR', 'OUTSIDE', 'NEAR', 'INSIDE', 'RAIL']","[[0.41, 0.15, 0.91], [0.17, 0.81, 0.33], [2.81, 0.28, 1.77], [3.61, 0.22, 2.06], [3.41, 0.26, 1.62], [0.52, 0.1, 0.81], [7.66, 1.6, 2.49], [1.6, 0.19, 1.43], [0.3, 0.54, 0.4], [0.29, 0.48, 0.73]]","[105, 153, 143, 157, 159, 156, 139, 111, 160, 125]",21.0
226,1788356967269205963,307200,102028,19,12,114.9,"[35.6, 38.5, 39.9, 41.1, 42.8, 44.7, 45.6, 78.4, 81.1, 81.7, 88.1, 114.9]","['NEAR', 'NEAR', 'NEAR', 'OUTSIDE', 'NEAR', 'NEAR', 'NEAR', 'RAIL', 'OUTSIDE', 'INSIDE', 'INSIDE', 'INSIDE']","[[3.62, 0.28, 1.76], [1.63, 0.23, 2.28], [0.35, 0.16, 1.67], [0.36, 0.17, 1.16], [2.11, 0.22, 2.02], [0.72, 0.14, 0.4], [0.95, 0.17, 1.72], [2.0, 0.27, 0.32], [0.79, 0.19, 1.56], [1.79, 1.16, 1.25], [2.91, 4.06, 1.77], [1.36, 1.76, 0.96]]","[143, 157, 155, 152, 162, 159, 156, 129, 76, 111, 160, 125]",16.0
227,1788356967375751522,307200,104568,18,13,113.8,"[27.6, 31.3, 31.5, 35.5, 40.2, 41.7, 43.3, 45.3, 45.6, 47.4, 80.1, 88.8, 113.8]","['OUTSIDE', 'OUTSIDE', 'OUTSIDE', 'NEAR', 'NEAR', 'NEAR', 'NEAR', 'RAIL', 'NEAR', 'RAIL', 'INSIDE', 'INSIDE', 'RAIL']","[[0.58, 0.14, 0.72], [0.89, 1.48, 0.55], [1.47, 0.25, 2.39], [6.7, 0.28, 1.93], [1.16, 0.18, 1.59], [2.16, 0.21, 2.0], [1.16, 0.17, 1.54], [0.34, 0.17, 0.8], [0.99, 0.18, 0.73], [1.02, 0.21, 0.42], [8.69, 4.25, 1.93], [3.25, 4.05, 1.15], [1.28, 0.25, 0.74]]","[105, 130, 147, 143, 155, 152, 162, 156, 159, 139, 111, 160, 125]",20.0
228,1788356967504302761,307200,105770,12,8,110.1,"[26.1, 40.4, 43.3, 45.6, 71.2, 80.9, 87.0, 110.1]","['OUTSIDE', 'NEAR', 'NEAR', 'NEAR', 'RAIL', 'INSIDE', 'NEAR', 'RAIL']","[[0.37, 0.15, 0.9], [4.25, 0.24, 1.99], [0.96, 0.2, 1.74], [2.22, 0.2, 1.79], [3.92, 0.13, 0.77], [2.22, 3.85, 1.97], [1.97, 0.24, 1.12], [0.18, 0.08, 0.71]]","[105, 155, 162, 159, 112, 111, 160, 125]",16.5
229,1788356967574678613,307200,97296,11,7,108.9,"[38.4, 40.5, 41.2, 43.3, 45.4, 46.7, 108.9]","['NEAR', 'NEAR', 'RAIL', 'NEAR', 'NEAR', 'RAIL', 'OUTSIDE']","[[2.27, 0.22, 1.96], [1.07, 0.18, 1.69], [0.47, 0.17, 0.9], [2.65, 0.23, 2.08], [0.11, 0.17, 0.9], [0.48, 0.24, 0.92], [0.36, 0.45, 0.75]]","[157, 155, 152, 162, 159, 139, 125]",14.5
230,1788356967659604131,307200,100189,8,6,107.6,"[37.5, 41.0, 43.0, 82.1, 98.6, 107.6]","['OUTSIDE', 'RAIL', 'NEAR', 'OUTSIDE', 'INSIDE', 'OUTSIDE']","[[3.39, 0.23, 1.95], [0.35, 0.15, 0.37], [2.57, 0.21, 1.69], [0.29, 0.22, 0.72], [2.64, 3.92, 1.29], [0.1, 0.45, 0.91]]","[157, 152, 162, 76, 145, 125]",19.0
231,1788356967766799735,307200,100525,9,5,81.5,"[35.8, 39.6, 39.8, 42.3, 81.5]","['NEAR', 'RAIL', 'NEAR', 'NEAR', 'INSIDE']","[[4.18, 0.33, 2.46], [0.39, 0.16, 0.62], [2.59, 0.21, 1.96], [1.66, 0.19, 2.02], [4.06, 4.23, 1.99]]","[143, 155, 152, 162, 111]",17.0
232,1788356967865732057,307200,97097,7,4,44.1,"[27.9, 32.5, 35.7, 44.1]","['INSIDE', 'INSIDE', 'INSIDE', 'RAIL']","[[0.57, 1.24, 1.25], [0.78, 1.43, 0.61], [0.19, 1.01, 0.62], [0.43, 0.18, 0.97]]","[105, 147, 153, 139]",14.0
233,1788356967967078001,307200,103840,9,3,81.5,"[37.3, 39.8, 81.5]","['OUTSIDE', 'NEAR', 'INSIDE']","[[2.4, 0.25, 2.2], [1.65, 0.23, 1.58], [3.3, 3.99, 1.43]]","[157, 152, 111]",20.0
234,1788356968057402397,307200,104963,8,4,85.1,"[34.7, 34.8, 47.5, 85.1]","['INSIDE', 'OUTSIDE', 'RAIL', 'NEAR']","[[0.13, 1.14, 0.31], [9.38, 0.28, 1.89], [0.41, 0.24, 0.84], [2.64, 0.1, 1.13]]","[153, 143, 139, 160]",19.0
235,1788356968167941343,307200,103286,8,4,108.2,"[26.3, 83.9, 101.4, 108.2]","['INSIDE', 'NEAR', 'INSIDE', 'INSIDE']","[[1.18, 1.16, 1.09], [1.37, 0.08, 1.26], [1.98, 3.9, 0.68], [2.73, 4.03, 0.75]]","[105, 160, 145, 125]",14.5
236,1788356968281187164,307200,101004,8,2,73.9,"[32.7, 73.9]","['NEAR', 'RAIL']","[[8.66, 0.27, 2.04], [1.21, 0.17, 0.51]]","[147, 112]",18.5
237,1788356968373592046,307200,102651,8,3,99.1,"[28.9, 35.5, 99.1]","['NEAR', 'NEAR', 'OUTSIDE']","[[0.6, 0.29, 0.72], [0.62, 0.17, 1.41], [0.43, 0.65, 0.46]]","[105, 143, 145]",15.7
238,1788356968467456165,307200,102626,9,7,98.2,"[27.6, 30.1, 32.7, 49.6, 80.6, 85.6, 98.2]","['NEAR', 'NEAR', 'NEAR', 'RAIL', 'INSIDE', 'OUTSIDE', 'OUTSIDE']","[[3.37, 0.27, 1.53], [0.56, 0.22, 1.28], [3.63, 0.21, 2.2], [0.34, 0.19, 0.54], [4.66, 4.2, 1.88], [0.76, 0.15, 0.54], [0.96, 0.34, 0.86]]","[105, 147, 153, 159, 111, 165, 145]",18.9
239,1788356968564215358,307200,96671,12,6,104.5,"[46.8, 76.5, 80.7, 83.4, 85.2, 104.5]","['RAIL', 'NEAR', 'INSIDE', 'INSIDE', 'OUTSIDE', 'OUTSIDE']","[[0.79, 0.15, 0.61], [2.2, 0.21, 2.0], [2.22, 4.27, 1.45], [0.77, 0.77, 1.46], [1.06, 0.19, 1.48], [0.82, 0.31, 0.49]]","[159, 112, 111, 160, 165, 125]",16.9
240,1788356968673179921,307200,101352,12,7,84.8,"[30.6, 44.5, 45.9, 47.3, 78.2, 83.5, 84.8]","['NEAR', 'RAIL', 'OUTSIDE', 'NEAR', 'NEAR', 'OUTSIDE', 'INSIDE']","[[0.72, 0.37, 0.57], [0.21, 0.16, 0.39], [3.09, 1.29, 2.53], [0.69, 0.2, 1.61], [1.95, 0.19, 1.57], [1.84, 1.55, 1.82], [3.07, 4.22, 1.85]]","[147, 159, 162, 139, 112, 165, 160]",15.0
241,1788356968764063311,307200,102491,16,7,102.0,"[46.7, 48.8, 80.8, 82.1, 84.8, 94.3, 102.0]","['NEAR', 'RAIL', 'INSIDE', 'INSIDE', 'OUTSIDE', 'OUTSIDE', 'OUTSIDE']","[[2.01, 0.21, 1.79], [0.37, 0.21, 1.07], [0.56, 0.89, 1.25], [2.15, 4.04, 2.02], [1.13, 0.44, 0.37], [0.9, 0.55, 0.39], [0.21, 0.23, 0.2]]","[139, 159, 111, 165, 160, 145, 125]",16.0
242,1788356968870269949,307200,103779,15,7,100.4,"[28.4, 43.2, 45.3, 47.6, 81.4, 92.8, 100.4]","['INSIDE', 'RAIL', 'NEAR', 'NEAR', 'INSIDE', 'OUTSIDE', 'INSIDE']","[[0.43, 0.63, 0.27], [0.44, 0.14, 0.47], [1.36, 0.21, 2.21], [0.46, 0.17, 0.29], [3.11, 3.99, 1.98], [0.46, 0.32, 0.61], [0.77, 0.35, 1.16]]","[105, 162, 139, 159, 165, 145, 125]",19.0
243,1788356968964380602,307200,104937,13,7,91.8,"[41.9, 43.7, 45.6, 82.6, 83.3, 87.3, 91.8]","['RAIL', 'NEAR', 'NEAR', 'OUTSIDE', 'NEAR', 'OUTSIDE', 'OUTSIDE']","[[0.6, 0.19, 0.82], [1.19, 0.22, 2.12], [1.01, 0.2, 1.61], [1.32, 0.44, 1.65], [2.1, 0.2, 1.59], [0.33, 0.2, 0.79], [0.91, 0.38, 0.81]]","[162, 139, 159, 160, 111, 167, 145]",20.0
244,1788356969065409259,307200,95080,15,7,97.8,"[42.1, 42.2, 44.0, 81.2, 92.3, 97.6, 97.8]","['NEAR', 'INSIDE', 'NEAR', 'NEAR', 'INSIDE', 'OUTSIDE', 'INSIDE']","[[0.45, 0.19, 0.75], [0.72, 2.01, 1.07], [2.55, 0.24, 2.15], [0.82, 0.29, 1.45], [2.72, 3.89, 1.23], [0.55, 0.5, 1.34], [1.17, 0.06, 1.49]]","[162, 139, 159, 111, 145, 166, 125]",15.0
245,1788356969184403232,307200,103687,13,6,96.8,"[25.6, 42.2, 45.2, 84.7, 95.8, 96.8]","['INSIDE', 'NEAR', 'NEAR', 'OUTSIDE', 'OUTSIDE', 'INSIDE']","[[0.15, 0.75, 0.65], [3.32, 0.22, 2.04], [1.4, 0.2, 1.53], [2.49, 0.25, 1.14], [0.24, 0.38, 0.2], [2.29, 0.28, 1.46]]","[105, 162, 159, 160, 166, 125]",16.0
246,1788356969277682636,307200,103151,15,4,95.3,"[39.4, 40.8, 42.3, 95.3]","['RAIL', 'NEAR', 'NEAR', 'OUTSIDE']","[[0.37, 0.13, 0.27], [1.81, 0.16, 1.62], [0.26, 0.17, 1.49], [0.48, 0.39, 1.25]]","[162, 139, 159, 166]",17.5
247,1788356969361311026,307200,103844,22,7,94.3,"[37.9, 38.8, 40.0, 80.5, 84.4, 86.3, 94.3]","['NEAR', 'NEAR', 'NEAR', 'INSIDE', 'INSIDE', 'OUTSIDE', 'OUTSIDE']","[[0.81, 0.11, 1.01], [0.71, 0.15, 1.97], [0.76, 0.18, 1.66], [0.22, 1.55, 0.87], [2.13, 4.05, 2.05], [0.48, 0.45, 0.95], [0.82, 1.97, 1.65]]","[162, 139, 159, 111, 173, 167, 166]",20.0
248,1788356969469968552,307200,102839,15,6,95.4,"[39.1, 83.6, 85.1, 91.8, 93.0, 95.4]","['NEAR', 'INSIDE', 'OUTSIDE', 'OUTSIDE', 'INSIDE', 'OUTSIDE']","[[5.61, 0.23, 1.95], [1.1, 2.53, 1.29], [0.52, 0.3, 0.76], [0.76, 0.35, 0.59], [2.37, 0.33, 1.62], [0.12, 0.27, 1.25]]","[139, 173, 160, 166, 145, 176]",15.4
249,1788356969575462518,307200,102719,11,4,94.1,"[81.1, 83.6, 85.9, 94.1]","['INSIDE', 'OUTSIDE', 'INSIDE', 'OUTSIDE']","[[0.55, 0.85, 1.65], [2.4, 2.22, 1.83], [2.33, 4.0, 1.89], [0.18, 0.38, 1.05]]","[111, 160, 167, 176]",16.5
250,1788356969678101757,307200,102344,16,8,92.8,"[35.6, 38.7, 40.2, 81.2, 82.1, 84.6, 90.2, 92.8]","['NEAR', 'NEAR', 'NEAR', 'NEAR', 'INSIDE', 'INSIDE', 'OUTSIDE', 'OUTSIDE']","[[3.39, 0.25, 1.83], [1.62, 0.19, 1.62], [0.47, 0.19, 1.52], [0.48, 0.21, 1.98], [1.95, 3.89, 0.9], [1.42, 0.31, 1.68], [0.49, 0.29, 0.4], [0.11, 0.39, 1.41]]","[162, 139, 159, 111, 165, 173, 166, 176]",15.0
251,1788356969774965038,307200,102474,18,6,91.5,"[37.8, 39.0, 83.3, 86.8, 88.9, 91.5]","['NEAR', 'NEAR', 'INSIDE', 'OUTSIDE', 'OUTSIDE', 'OUTSIDE']","[[0.44, 0.19, 1.33], [0.81, 0.16, 2.25], [4.89, 4.31, 2.09], [0.87, 0.31, 0.55], [0.65, 0.48, 1.58], [0.2, 0.36, 1.39]]","[139, 159, 160, 167, 166, 176]",14.4
252,1788356969859370629,307200,102419,15,4,128.7,"[38.0, 81.7, 90.1, 128.7]","['NEAR', 'INSIDE', 'OUTSIDE', 'INSIDE']","[[1.63, 0.19, 2.25], [5.79, 4.28, 1.99], [0.15, 0.26, 1.37], [5.0, 3.9, 0.91]]","[139, 165, 166, 178]",15.1
253,1788356969966671940,307200,100627,17,7,124.5,"[32.7, 38.7, 80.2, 81.5, 84.5, 89.3, 124.5]","['OUTSIDE', 'OUTSIDE', 'OUTSIDE', 'INSIDE', 'OUTSIDE', 'OUTSIDE', 'INSIDE']","[[5.4, 0.22, 1.63], [5.48, 0.21, 2.02], [0.32, 1.15, 0.37], [5.95, 4.13, 2.09], [0.33, 0.31, 0.54], [0.99, 0.42, 1.57], [4.65, 4.05, 1.19]]","[162, 159, 165, 111, 167, 166, 178]",15.0
254,1788356970082683260,307200,100858,17,6,127.3,"[34.3, 37.3, 79.3, 85.0, 85.0, 127.3]","['OUTSIDE', 'OUTSIDE', 'NEAR', 'OUTSIDE', 'INSIDE', 'INSIDE']","[[3.25, 0.22, 2.37], [1.66, 0.19, 1.58], [1.71, 0.31, 1.95], [1.03, 0.4, 1.87], [0.55, 0.28, 1.87], [12.96, 4.12, 1.58]]","[162, 139, 111, 167, 173, 178]",14.0
255,1788356970186620721,307200,101106,12,3,83.6,"[39.4, 82.1, 83.6]","['OUTSIDE', 'OUTSIDE', 'INSIDE']","[[4.87, 0.23, 2.29], [0.93, 0.28, 1.48], [3.21, 4.18, 2.01]]","[159, 167, 160]",14.0
256,1788356970269102777,307200,100398,16,6,126.2,"[36.2, 39.2, 80.9, 82.4, 89.1, 126.2]","['OUTSIDE', 'OUTSIDE', 'INSIDE', 'OUTSIDE', 'INSIDE', 'INSIDE']","[[2.75, 0.19, 1.77], [2.23, 0.23, 1.95], [3.33, 4.08, 2.13], [1.02, 0.46, 1.22], [0.37, 4.33, 2.18], [9.86, 3.92, 1.43]]","[139, 159, 160, 165, 166, 178]",19.0
257,1788356970369205379,307200,101105,18,5,121.5,"[80.6, 80.9, 83.7, 87.6, 121.5]","['OUTSIDE', 'NEAR', 'OUTSIDE', 'INSIDE', 'INSIDE']","[[0.27, 0.43, 0.38], [0.95, 0.55, 1.94], [1.22, 0.38, 1.82], [0.2, 4.48, 2.32], [2.9, 3.97, 0.82]]","[165, 111, 167, 166, 178]",15.0
258,1788356970463732148,307200,99755,17,4,124.7,"[35.9, 81.9, 85.9, 124.7]","['NEAR', 'OUTSIDE', 'INSIDE', 'INSIDE']","[[0.47, 1.13, 0.29], [0.34, 0.37, 1.79], [1.23, 4.38, 2.28], [9.09, 3.87, 1.43]]","[139, 165, 166, 178]",15.0
259,1788356970570524554,307200,98706,16,4,124.8,"[38.3, 81.1, 84.9, 124.8]","['OUTSIDE', 'OUTSIDE', 'INSIDE', 'INSIDE']","[[2.51, 0.25, 2.25], [1.12, 0.49, 1.76], [0.2, 4.34, 2.25], [6.15, 3.43, 0.35]]","[159, 165, 166, 178]",15.0
260,1788356970679049352,307200,96194,13,4,127.4,"[31.2, 39.3, 83.5, 127.4]","['OUTSIDE', 'OUTSIDE', 'INSIDE', 'INSIDE']","[[0.87, 0.25, 0.58], [5.29, 0.26, 1.73], [0.17, 4.39, 2.4], [4.04, 4.05, 1.69]]","[162, 159, 166, 178]",14.0
261,1788356970774970958,307200,90672,16,2,82.3,"[39.6, 82.3]","['OUTSIDE', 'INSIDE']","[[4.91, 0.25, 2.39], [0.32, 4.4, 2.36]]","[159, 166]",14.7
262,1788356970874649335,307200,83042,10,2,122.8,"[80.8, 122.8]","['INSIDE', 'INSIDE']","[[0.27, 4.42, 2.52], [5.14, 3.89, 1.45]]","[160, 178]",14.0
263,1788356970959258794,307200,65796,14,4,130.4,"[36.2, 48.9, 94.4, 130.4]","['NEAR', 'NEAR', 'OUTSIDE', 'INSIDE']","[[3.81, 0.26, 2.06], [1.0, 0.16, 1.16], [0.71, 0.34, 1.4], [7.0, 4.18, 1.72]]","[159, 193, 189, 182]",14.0
264,1788356971058697494,307200,64449,11,2,130.5,"[35.4, 130.5]","['NEAR', 'INSIDE']","[[2.92, 0.25, 2.06], [3.95, 4.15, 1.72]]","[159, 182]",14.0
265,1788356971172679931,307200,65296,11,3,91.6,"[45.8, 49.2, 91.6]","['NEAR', 'NEAR', 'OUTSIDE']","[[1.59, 0.22, 2.17], [0.14, 0.17, 1.3], [0.79, 0.49, 0.37]]","[191, 193, 189]",14.0
266,1788356971266419969,307200,66795,15,6,125.0,"[38.0, 45.6, 47.7, 49.9, 90.2, 125.0]","['NEAR', 'NEAR', 'NEAR', 'NEAR', 'OUTSIDE', 'INSIDE']","[[4.43, 0.31, 1.98], [0.63, 0.16, 0.9], [2.77, 0.19, 1.85], [0.22, 0.11, 1.44], [0.69, 0.36, 1.39], [8.75, 3.91, 1.88]]","[184, 191, 193, 187, 189, 178]",14.0
267,1788356971376265109,307200,69092,19,9,129.2,"[29.1, 38.9, 40.9, 42.8, 45.5, 46.2, 48.1, 88.9, 129.2]","['INSIDE', 'RAIL', 'NEAR', 'NEAR', 'RAIL', 'NEAR', 'NEAR', 'OUTSIDE', 'INSIDE']","[[0.2, 0.87, 0.76], [1.19, 0.06, 0.85], [1.42, 0.19, 1.01], [1.92, 0.23, 2.02], [0.35, 0.2, 0.89], [1.44, 0.18, 1.5], [1.25, 0.21, 1.82], [0.62, 0.31, 1.56], [14.7, 4.39, 1.66]]","[162, 139, 183, 192, 191, 193, 187, 189, 182]",11.0
268,1788356971468683660,307200,72505,16,7,128.8,"[25.8, 41.2, 44.2, 45.1, 46.9, 95.4, 128.8]","['OUTSIDE', 'NEAR', 'NEAR', 'NEAR', 'NEAR', 'OUTSIDE', 'INSIDE']","[[1.07, 0.15, 1.31], [2.66, 0.2, 1.64], [0.57, 0.19, 1.67], [0.31, 0.18, 1.5], [2.54, 0.24, 2.23], [0.83, 0.17, 1.67], [14.66, 4.05, 1.89]]","[162, 183, 191, 193, 187, 186, 182]",14.0
269,1788356971570359664,307200,78164,15,6,49.8,"[25.2, 37.7, 39.7, 41.5, 46.1, 49.8]","['OUTSIDE', 'NEAR', 'NEAR', 'OUTSIDE', 'NEAR', 'RAIL']","[[1.27, 0.14, 1.12], [0.4, 0.21, 0.66], [2.74, 0.2, 1.62], [0.58, 0.16, 0.64], [3.06, 0.25, 1.81], [0.32, 0.2, 0.88]]","[162, 184, 183, 192, 187, 193]",14.0
270,1788356971669804810,307200,88045,22,9,127.0,"[38.3, 41.2, 41.9, 44.4, 46.2, 47.3, 84.5, 87.4, 127.0]","['OUTSIDE', 'OUTSIDE', 'NEAR', 'OUTSIDE', 'NEAR', 'NEAR', 'OUTSIDE', 'INSIDE', 'INSIDE']","[[4.35, 0.24, 1.65], [0.39, 0.17, 0.9], [1.28, 0.19, 1.41], [2.45, 0.19, 1.75], [0.91, 0.2, 1.14], [0.52, 0.15, 0.76], [0.93, 0.33, 1.48], [6.48, 4.46, 2.36], [13.62, 4.47, 1.87]]","[184, 192, 183, 191, 187, 193, 198, 189, 182]",14.0
271,1788356971772564109,307200,104464,15,8,87.2,"[35.4, 38.0, 40.8, 42.5, 44.9, 47.3, 83.5, 87.2]","['OUTSIDE', 'OUTSIDE', 'OUTSIDE', 'OUTSIDE', 'OUTSIDE', 'NEAR', 'INSIDE', 'OUTSIDE']","[[1.59, 0.21, 1.42], [2.57, 0.24, 1.97], [2.18, 0.18, 1.63], [1.33, 0.22, 1.7], [2.58, 0.23, 1.77], [1.93, 0.32, 2.22], [1.81, 4.28, 2.39], [2.08, 0.38, 1.71]]","[159, 184, 192, 183, 191, 193, 198, 189]",16.0
272,1788356971862065245,307200,101549,18,10,125.9,"[26.5, 36.0, 40.0, 43.9, 46.0, 48.3, 81.8, 85.0, 124.0, 125.9]","['OUTSIDE', 'OUTSIDE', 'OUTSIDE', 'OUTSIDE', 'NEAR', 'NEAR', 'OUTSIDE', 'NEAR', 'RAIL', 'INSIDE']","[[1.36, 0.14, 0.99], [3.46, 0.21, 2.08], [3.77, 0.21, 1.96], [3.08, 0.21, 2.11], [1.37, 0.35, 1.82], [0.91, 0.22, 1.6], [0.62, 0.41, 1.45], [0.03, 0.3, 0.56], [0.37, 0.21, 0.19], [10.09, 3.97, 1.97]]","[162, 159, 192, 191, 187, 193, 198, 189, 178, 182]",19.0
273,1788356971960055406,307200,102181,17,10,125.5,"[34.5, 39.3, 43.0, 44.6, 46.6, 48.9, 80.5, 87.2, 121.6, 125.5]","['OUTSIDE', 'OUTSIDE', 'OUTSIDE', 'NEAR', 'RAIL', 'NEAR', 'INSIDE', 'INSIDE', 'NEAR', 'INSIDE']","[[3.42, 0.22, 2.05], [5.79, 0.26, 2.05], [0.7, 0.18, 1.61], [1.35, 0.32, 1.75], [0.74, 0.18, 0.73], [1.43, 0.22, 1.97], [2.01, 4.42, 2.51], [4.95, 0.87, 2.48], [2.54, 0.28, 1.82], [8.31, 4.0, 0.93]]","[159, 192, 183, 191, 187, 193, 198, 189, 178, 182]",21.0
274,1788356972078240176,307200,102552,18,10,147.1,"[25.6, 34.1, 39.6, 45.1, 47.0, 48.3, 87.0, 118.0, 123.1, 147.1]","['OUTSIDE', 'OUTSIDE', 'OUTSIDE', 'RAIL', 'NEAR', 'NEAR', 'OUTSIDE', 'RAIL', 'INSIDE', 'INSIDE']","[[0.33, 0.14, 1.33], [5.4, 0.24, 2.06], [4.81, 0.23, 1.66], [0.68, 0.22, 0.59], [1.02, 0.25, 1.77], [1.73, 0.18, 1.71], [1.82, 0.21, 1.35], [0.06, 0.48, 0.18], [3.99, 4.31, 1.89], [4.57, 3.77, 1.66]]","[162, 159, 192, 191, 187, 193, 189, 178, 182, 185]",15.5
275,1788356972173679582,307200,101398,14,7,150.1,"[42.3, 43.6, 44.3, 46.5, 85.3, 122.7, 150.1]","['RAIL', 'NEAR', 'RAIL', 'NEAR', 'OUTSIDE', 'INSIDE', 'INSIDE']","[[0.05, 0.23, 0.19], [1.21, 0.18, 1.24], [0.85, 0.43, 0.49], [3.38, 0.32, 2.24], [0.13, 0.18, 0.4], [4.18, 4.35, 1.1], [10.04, 3.61, 1.75]]","[139, 183, 190, 187, 189, 182, 185]",20.5
276,1788356972283702414,307200,102249,19,13,148.1,"[35.2, 40.8, 42.4, 43.0, 44.0, 44.3, 45.4, 81.4, 84.6, 94.5, 115.6, 118.5, 148.1]","['RAIL', 'NEAR', 'RAIL', 'NEAR', 'NEAR', 'RAIL', 'NEAR', 'INSIDE', 'OUTSIDE', 'OUTSIDE', 'OUTSIDE', 'RAIL', 'INSIDE']","[[0.07, 0.15, 0.24], [11.63, 0.35, 2.43], [0.47, 0.47, 0.67], [1.46, 0.2, 1.51], [0.68, 0.33, 1.74], [0.89, 0.17, 0.48], [0.93, 0.17, 0.43], [5.9, 4.3, 2.66], [1.75, 0.32, 1.09], [1.12, 0.38, 2.27], [0.86, 0.46, 1.12], [0.1, 0.41, 0.18], [11.23, 3.98, 1.73]]","[139, 159, 190, 183, 191, 187, 193, 198, 189, 186, 178, 182, 185]",15.5
277,1788356972361768369,307200,98476,18,11,117.1,"[26.2, 37.4, 38.9, 39.4, 40.2, 41.1, 42.0, 43.4, 81.8, 92.5, 117.1]","['INSIDE', 'NEAR', 'RAIL', 'NEAR', 'RAIL', 'RAIL', 'NEAR', 'NEAR', 'INSIDE', 'OUTSIDE', 'RAIL']","[[0.37, 0.66, 0.46], [0.62, 0.18, 1.88], [0.07, 0.14, 0.26], [1.45, 0.33, 1.64], [0.59, 0.14, 0.52], [0.39, 0.12, 0.53], [1.53, 0.29, 1.49], [0.43, 0.17, 1.62], [1.18, 3.68, 1.98], [1.92, 0.14, 0.85], [0.09, 0.34, 0.18]]","[162, 184, 139, 192, 190, 183, 191, 193, 198, 186, 182]",15.2
278,1788356972459983068,307200,101966,20,9,150.8,"[31.9, 39.3, 39.4, 43.3, 79.2, 90.9, 115.4, 117.4, 150.8]","['NEAR', 'INSIDE', 'NEAR', 'NEAR', 'NEAR', 'OUTSIDE', 'RAIL', 'INSIDE', 'INSIDE']","[[13.13, 0.39, 2.17], [0.27, 0.61, 0.33], [1.73, 0.2, 0.78], [0.8, 0.18, 0.86], [2.55, 0.42, 1.59], [1.89, 0.28, 1.77], [0.54, 0.4, 0.5], [2.29, 4.58, 0.74], [4.49, 1.48, 0.74]]","[159, 192, 184, 193, 198, 186, 182, 178, 185]",18.5
279,1788356972563141719,307200,102692,14,7,115.8,"[36.6, 38.9, 41.8, 77.4, 83.6, 114.2, 115.8]","['RAIL', 'NEAR', 'NEAR', 'RAIL', 'OUTSIDE', 'RAIL', 'OUTSIDE']","[[0.48, 0.33, 0.55], [3.56, 0.27, 1.65], [1.0, 0.17, 1.48], [1.67, 0.15, 0.85], [2.1, 0.18, 1.3], [0.05, 0.34, 0.5], [1.02, 0.26, 0.52]]","[139, 184, 191, 198, 189, 182, 178]",20.0
280,1788356972659673911,307200,103191,12,4,148.9,"[83.6, 88.7, 96.7, 148.9]","['INSIDE', 'INSIDE', 'OUTSIDE', 'INSIDE']","[[1.32, 3.8, 2.59], [0.97, 3.96, 2.34], [1.08, 0.34, 0.2], [7.21, 2.64, 1.01]]","[189, 186, 206, 185]",19.0
281,1788356972764232383,307200,102832,19,8,179.1,"[33.6, 36.5, 39.3, 40.5, 111.2, 112.7, 146.4, 179.1]","['RAIL', 'NEAR', 'NEAR', 'NEAR', 'RAIL', 'OUTSIDE', 'INSIDE', 'NEAR']","[[0.13, 0.37, 0.44], [4.16, 0.28, 2.53], [0.72, 0.16, 1.14], [2.18, 0.32, 2.79], [0.2, 0.39, 0.48], [0.29, 0.25, 0.76], [4.87, 3.3, 0.63], [3.29, 0.68, 2.01]]","[139, 184, 192, 183, 182, 178, 185, 207]",18.0
282,1788356972871908753,307200,102112,17,9,181.0,"[31.8, 32.2, 34.7, 39.1, 43.2, 85.3, 109.8, 111.8, 181.0]","['RAIL', 'INSIDE', 'NEAR', 'NEAR', 'NEAR', 'INSIDE', 'RAIL', 'OUTSIDE', 'OUTSIDE']","[[0.4, 0.36, 0.42], [0.57, 1.53, 1.13], [3.54, 0.29, 1.77], [4.45, 0.38, 2.36], [1.08, 0.32, 1.73], [2.05, 4.06, 1.36], [0.09, 0.39, 0.48], [1.28, 0.24, 1.02], [1.72, 0.41, 0.37]]","[139, 159, 184, 192, 193, 189, 182, 178, 207]",15.0
283,1788356972968768239,307200,102620,13,11,147.4,"[25.7, 36.0, 39.9, 42.1, 44.1, 74.0, 83.0, 87.5, 108.4, 110.1, 147.4]","['OUTSIDE', 'NEAR', 'NEAR', 'NEAR', 'OUTSIDE', 'NEAR', 'INSIDE', 'INSIDE', 'RAIL', 'INSIDE', 'INSIDE']","[[0.42, 0.13, 0.86], [5.38, 0.32, 1.92], [1.12, 0.17, 0.89], [0.37, 0.27, 1.49], [1.75, 0.54, 2.09], [6.53, 0.47, 2.08], [2.55, 3.06, 2.52], [0.95, 2.79, 1.54], [0.14, 0.39, 0.7], [2.32, 4.43, 0.99], [11.14, 3.06, 1.3]]","[162, 184, 183, 191, 193, 198, 189, 186, 182, 178, 185]",20.0
284,1788356973070786434,307200,102240,10,6,179.0,"[40.7, 42.6, 81.8, 86.5, 106.9, 179.0]","['NEAR', 'OUTSIDE', 'INSIDE', 'OUTSIDE', 'RAIL', 'OUTSIDE']","[[0.39, 0.36, 1.62], [1.74, 0.56, 2.05], [3.35, 4.16, 2.68], [1.97, 0.21, 1.5], [0.11, 0.19, 0.46], [0.91, 0.06, 0.35]]","[183, 191, 189, 186, 182, 207]",15.0
285,1788356973164810649,307200,102222,15,9,175.9,"[33.0, 38.4, 39.2, 41.6, 80.1, 105.4, 140.5, 152.8, 175.9]","['NEAR', 'NEAR', 'NEAR', 'OUTSIDE', 'INSIDE', 'RAIL', 'INSIDE', 'INSIDE', 'OUTSIDE']","[[8.76, 0.36, 2.68], [0.27, 0.22, 0.17], [0.44, 0.2, 1.39], [0.95, 0.5, 1.45], [3.58, 1.09, 2.51], [0.13, 0.38, 0.46], [4.81, 3.67, 0.61], [12.27, 2.97, 2.03], [4.19, 0.72, 0.37]]","[159, 192, 183, 191, 189, 182, 196, 185, 207]",14.0
286,1788356973274419801,307200,101754,15,9,103.9,"[31.5, 32.0, 36.9, 37.7, 40.1, 73.8, 79.0, 88.3, 103.9]","['INSIDE', 'NEAR', 'NEAR', 'NEAR', 'OUTSIDE', 'NEAR', 'INSIDE', 'INSIDE', 'RAIL']","[[0.23, 1.1, 0.84], [8.8, 0.35, 2.96], [0.24, 0.27, 0.65], [0.45, 0.3, 1.5], [1.01, 0.52, 2.0], [2.13, 0.15, 2.3], [0.35, 1.78, 1.41], [0.66, 1.12, 0.82], [0.26, 0.38, 0.67]]","[159, 139, 184, 192, 183, 198, 189, 186, 182]",15.0
287,1788356973368414994,307200,103153,11,7,102.3,"[25.8, 32.4, 35.4, 38.2, 92.2, 99.2, 102.3]","['OUTSIDE', 'NEAR', 'NEAR', 'OUTSIDE', 'INSIDE', 'OUTSIDE', 'RAIL']","[[0.41, 0.16, 1.13], [1.32, 0.34, 1.11], [0.08, 0.25, 0.15], [1.9, 0.55, 1.57], [3.78, 4.18, 2.07], [0.06, 0.27, 0.46], [0.47, 0.37, 0.66]]","[162, 159, 184, 192, 186, 206, 182]",14.5
288,1788356973486788099,307200,102175,13,8,112.0,"[31.4, 34.4, 35.9, 37.2, 71.2, 98.2, 101.0, 112.0]","['NEAR', 'NEAR', 'NEAR', 'OUTSIDE', 'NEAR', 'OUTSIDE', 'RAIL', 'OUTSIDE']","[[0.24, 0.2, 0.82], [1.05, 0.36, 1.46], [0.54, 0.35, 0.94], [1.04, 0.63, 1.54], [3.41, 0.18, 1.13], [0.99, 0.36, 0.67], [0.11, 0.36, 0.44], [1.89, 0.24, 1.25]]","[139, 184, 192, 183, 198, 206, 182, 178]",14.5
289,1788356973561675306,307200,102722,15,11,167.2,"[30.7, 33.4, 34.6, 35.6, 44.5, 80.5, 88.8, 94.2, 96.7, 114.6, 167.2]","['OUTSIDE', 'NEAR', 'NEAR', 'OUTSIDE', 'RAIL', 'OUTSIDE', 'INSIDE', 'OUTSIDE', 'OUTSIDE', 'OUTSIDE', 'NEAR']","[[0.37, 1.13, 0.29], [0.58, 0.24, 1.33], [0.53, 0.25, 1.06], [1.26, 0.59, 1.41], [0.7, 0.12, 0.27], [0.99, 0.18, 0.52], [2.42, 4.21, 0.88], [0.12, 0.54, 0.62], [1.08, 0.61, 1.54], [0.62, 0.44, 0.71], [10.26, 1.42, 1.96]]","[139, 184, 192, 183, 193, 189, 186, 206, 182, 178, 199]",19.0
290,1788356973679254499,307200,103856,12,7,114.0,"[31.7, 34.1, 72.7, 82.7, 88.0, 94.3, 114.0]","['OUTSIDE', 'OUTSIDE', 'INSIDE', 'RAIL', 'OUTSIDE', 'OUTSIDE', 'OUTSIDE']","[[0.21, 0.25, 1.26], [1.33, 0.71, 2.87], [3.38, 2.35, 2.76], [0.3, 0.29, 0.91], [1.26, 0.23, 1.99], [1.27, 0.6, 1.65], [2.02, 0.27, 1.01]]","[159, 192, 198, 209, 186, 206, 178]",15.0
291,1788356973772859217,307200,97609,12,8,166.0,"[32.6, 73.6, 81.2, 87.2, 90.6, 92.7, 112.1, 166.0]","['OUTSIDE', 'RAIL', 'RAIL', 'OUTSIDE', 'INSIDE', 'OUTSIDE', 'OUTSIDE', 'OUTSIDE']","[[1.19, 0.65, 1.36], [1.96, 0.21, 1.0], [0.3, 0.28, 0.89], [1.89, 0.26, 0.96], [1.18, 4.06, 2.39], [1.03, 0.49, 0.81], [0.93, 0.36, 1.78], [6.27, 0.96, 1.88]]","[184, 198, 189, 186, 206, 182, 178, 199]",14.4
292,1788356973881788653,307200,101889,12,6,91.6,"[25.8, 28.7, 30.1, 30.8, 86.2, 91.6]","['RAIL', 'OUTSIDE', 'NEAR', 'OUTSIDE', 'OUTSIDE', 'OUTSIDE']","[[1.33, 0.23, 0.46], [0.17, 0.21, 1.2], [0.57, 0.4, 0.82], [1.77, 0.68, 1.84], [1.14, 0.23, 2.45], [1.26, 0.43, 2.39]]","[162, 159, 184, 192, 186, 182]",14.5
293,1788356973969776160,307200,101539,15,8,90.1,"[24.2, 28.6, 29.7, 37.2, 72.5, 78.2, 83.7, 90.1]","['RAIL', 'OUTSIDE', 'OUTSIDE', 'RAIL', 'INSIDE', 'RAIL', 'OUTSIDE', 'OUTSIDE']","[[1.22, 0.07, 0.56], [0.22, 0.24, 0.75], [1.26, 0.65, 1.3], [0.13, 0.14, 0.15], [2.07, 2.6, 2.57], [0.38, 0.28, 1.07], [2.97, 0.26, 1.45], [1.72, 0.43, 1.0]]","[162, 159, 192, 183, 198, 189, 209, 182]",14.5
294,1788356974065653500,307200,102492,12,3,76.7,"[28.2, 48.1, 76.7]","['OUTSIDE', 'RAIL', 'RAIL']","[[0.97, 0.68, 2.45], [0.89, 0.3, 0.75], [0.32, 0.27, 1.05]]","[159, 193, 189]",14.5
295,1788356974169881868,307200,101518,16,8,117.9,"[33.9, 70.6, 74.9, 80.9, 88.5, 88.6, 115.2, 117.9]","['RAIL', 'NEAR', 'RAIL', 'OUTSIDE', 'OUTSIDE', 'INSIDE', 'OUTSIDE', 'OUTSIDE']","[[0.46, 0.12, 0.28], [4.56, 0.34, 2.67], [0.96, 0.34, 1.03], [2.17, 0.14, 2.1], [0.93, 0.06, 1.57], [3.55, 4.38, 2.53], [0.98, 0.37, 1.28], [1.91, 0.57, 2.27]]","[139, 198, 189, 219, 206, 182, 178, 220]",15.0
296,1788356974274256816,307200,102819,10,7,115.3,"[22.8, 32.9, 49.9, 73.8, 86.8, 88.4, 115.3]","['OUTSIDE', 'RAIL', 'NEAR', 'RAIL', 'RAIL', 'INSIDE', 'OUTSIDE']","[[0.35, 0.27, 1.42], [0.23, 0.12, 0.27], [0.11, 0.19, 0.58], [0.35, 0.26, 1.01], [1.46, 0.58, 0.8], [7.99, 4.42, 2.48], [4.31, 0.54, 2.19]]","[162, 139, 193, 189, 206, 182, 178]",19.0
297,1788356974380644289,307200,102079,11,6,113.8,"[31.7, 44.9, 84.0, 86.8, 87.2, 113.8]","['RAIL', 'OUTSIDE', 'OUTSIDE', 'RAIL', 'INSIDE', 'OUTSIDE']","[[2.0, 0.17, 0.35], [3.49, 0.77, 2.62], [0.77, 0.22, 0.94], [0.74, 0.4, 0.96], [6.24, 4.44, 2.58], [4.13, 0.73, 2.19]]","[139, 193, 209, 206, 182, 178]",19.0
298,1788356974477188026,307200,104061,15,7,114.1,"[19.4, 42.4, 82.8, 85.1, 85.6, 112.8, 114.1]","['OUTSIDE', 'OUTSIDE', 'OUTSIDE', 'RAIL', 'INSIDE', 'OUTSIDE', 'RAIL']","[[1.66, 0.31, 2.46], [4.91, 1.01, 2.88], [1.83, 0.13, 0.73], [1.03, 0.41, 0.94], [6.68, 4.24, 2.45], [0.83, 0.42, 1.48], [0.49, 0.53, 0.17]]","[162, 193, 209, 206, 182, 178, 220]",20.0
299,1788356974582713855,307200,103992,11,6,117.0,"[18.2, 41.1, 83.8, 84.3, 99.4, 117.0]","['OUTSIDE', 'OUTSIDE', 'RAIL', 'INSIDE', 'OUTSIDE', 'OUTSIDE']","[[0.73, 0.31, 1.47], [5.1, 0.92, 2.79], [0.71, 0.41, 0.93], [7.0, 4.52, 2.74], [2.41, 0.4, 2.35], [2.36, 0.36, 1.88]]","[162, 193, 206, 182, 218, 220]",19.0
300,1788356974676929963,307200,103725,10,5,117.7,"[40.5, 82.8, 83.4, 99.5, 117.7]","['OUTSIDE', 'RAIL', 'INSIDE', 'INSIDE', 'INSIDE']","[[3.26, 0.8, 2.78], [0.72, 0.5, 0.91], [3.49, 4.06, 2.41], [4.96, 4.03, 1.98], [2.72, 3.67, 2.11]]","[193, 209, 182, 218, 220]",15.5
301,1788356974785720820,307200,101204,12,5,113.8,"[72.8, 81.0, 83.3, 86.8, 113.8]","['OUTSIDE', 'NEAR', 'INSIDE', 'INSIDE', 'NEAR']","[[3.37, 0.22, 1.13], [3.75, 0.58, 1.6], [4.01, 4.37, 2.83], [3.14, 4.12, 2.53], [2.51, 1.01, 1.98]]","[198, 209, 182, 186, 178]",14.0
302,1788356974867352809,307200,101782,17,7,115.2,"[37.7, 40.8, 70.7, 79.6, 81.6, 111.9, 115.2]","['OUTSIDE', 'NEAR', 'OUTSIDE', 'RAIL', 'INSIDE', 'OUTSIDE', 'NEAR']","[[4.16, 0.97, 2.9], [0.58, 0.28, 0.81], [2.11, 0.15, 1.11], [1.06, 0.4, 0.88], [1.79, 4.44, 2.53], [1.12, 0.22, 0.71], [3.93, 0.43, 2.04]]","[183, 193, 198, 209, 182, 178, 220]",13.9
303,1788356974981634806,307200,101554,16,6,112.9,"[78.3, 80.2, 83.9, 98.0, 110.3, 112.9]","['RAIL', 'INSIDE', 'INSIDE', 'OUTSIDE', 'OUTSIDE', 'NEAR']","[[0.68, 0.54, 0.86], [1.93, 3.38, 2.49], [5.04, 4.44, 2.75], [1.06, 0.91, 1.7], [1.47, 0.22, 1.66], [2.0, 0.57, 2.01]]","[209, 182, 206, 218, 178, 220]",15.0
304,1788356975072993119,307200,94699,15,6,110.8,"[37.9, 40.5, 71.3, 81.9, 92.8, 110.8]","['NEAR', 'OUTSIDE', 'OUTSIDE', 'RAIL', 'OUTSIDE', 'INSIDE']","[[0.14, 0.28, 0.49], [3.17, 0.6, 2.38], [2.81, 0.22, 2.04], [4.0, 0.12, 0.74], [1.36, 0.4, 2.45], [5.26, 3.98, 1.94]]","[183, 193, 198, 219, 215, 178]",17.0
305,1788356975169902870,307200,99921,12,4,109.2,"[39.5, 69.3, 81.9, 109.2]","['OUTSIDE', 'OUTSIDE', 'INSIDE', 'INSIDE']","[[4.08, 0.6, 2.62], [1.35, 0.29, 0.74], [3.08, 4.36, 2.74], [5.19, 3.75, 2.21]]","[193, 198, 182, 178]",16.0
306,1788356975296854342,307200,100736,16,4,80.9,"[37.5, 40.1, 71.7, 80.9]","['OUTSIDE', 'NEAR', 'NEAR', 'INSIDE']","[[3.23, 0.66, 2.21], [3.27, 0.23, 1.54], [5.95, 0.59, 1.3], [4.16, 4.53, 2.7]]","[183, 193, 198, 182]",15.0
307,1788356975369391564,307200,96009,12,5,99.2,"[38.3, 39.5, 85.4, 93.1, 99.2]","['OUTSIDE', 'OUTSIDE', 'INSIDE', 'INSIDE', 'OUTSIDE']","[[0.35, 0.15, 1.28], [0.83, 0.17, 1.29], [9.94, 4.36, 2.8], [3.07, 4.15, 2.48], [3.58, 0.68, 2.34]]","[183, 193, 186, 215, 218]",14.0
308,1788356975476705541,307200,86690,15,8,111.0,"[34.1, 38.1, 39.5, 77.8, 84.0, 92.8, 97.5, 111.0]","['NEAR', 'OUTSIDE', 'RAIL', 'OUTSIDE', 'INSIDE', 'INSIDE', 'INSIDE', 'INSIDE']","[[0.35, 0.42, 0.89], [0.66, 0.17, 1.9], [0.41, 0.2, 0.6], [2.09, 0.13, 0.86], [9.12, 4.42, 2.77], [5.32, 4.25, 2.44], [3.95, 4.14, 2.37], [3.48, 0.41, 1.96]]","[217, 183, 193, 209, 206, 215, 218, 220]",13.0
309,1788356975577740065,307200,78327,17,5,110.6,"[30.7, 38.2, 82.2, 96.9, 110.6]","['OUTSIDE', 'OUTSIDE', 'INSIDE', 'INSIDE', 'INSIDE']","[[0.5, 0.21, 0.32], [3.5, 0.25, 1.63], [11.71, 4.18, 2.72], [2.12, 3.91, 2.34], [1.24, 0.23, 2.14]]","[217, 183, 182, 218, 220]",14.0
310,1788356975681922746,307200,88532,15,3,112.3,"[30.2, 38.8, 112.3]","['OUTSIDE', 'INSIDE', 'INSIDE']","[[0.6, 0.44, 0.82], [0.44, 1.13, 0.37], [4.28, 0.75, 2.2]]","[217, 183, 220]",13.5
311,1788356975798704186,307200,101258,13,3,109.1,"[28.1, 92.4, 109.1]","['OUTSIDE', 'INSIDE', 'INSIDE']","[[0.78, 0.38, 0.69], [8.15, 4.4, 2.48], [6.8, 3.78, 1.68]]","[217, 215, 178]",14.5
312,1788356975873566623,307200,91554,15,6,111.4,"[31.2, 37.2, 71.9, 81.6, 92.3, 111.4]","['INSIDE', 'OUTSIDE', 'OUTSIDE', 'INSIDE', 'INSIDE', 'INSIDE']","[[1.14, 1.31, 0.36], [0.33, 0.15, 0.89], [2.0, 0.18, 2.06], [13.21, 4.5, 2.8], [5.4, 4.28, 2.48], [8.76, 3.6, 2.39]]","[217, 183, 198, 182, 215, 220]",16.0
313,1788356975960096005,307200,101903,18,7,110.1,"[31.1, 37.8, 40.2, 69.9, 86.8, 96.3, 110.1]","['NEAR', 'OUTSIDE', 'OUTSIDE', 'OUTSIDE', 'INSIDE', 'INSIDE', 'INSIDE']","[[0.91, 0.58, 0.58], [2.59, 0.26, 2.22], [1.48, 0.29, 1.99], [1.71, 0.23, 1.2], [10.6, 4.11, 2.72], [5.11, 4.04, 2.49], [4.11, 3.37, 2.39]]","[217, 183, 230, 198, 186, 218, 178]",14.5
314,1788356976067037818,307200,97542,8,6,95.8,"[36.3, 38.7, 40.6, 70.5, 88.0, 95.8]","['OUTSIDE', 'OUTSIDE', 'OUTSIDE', 'OUTSIDE', 'INSIDE', 'INSIDE']","[[2.9, 0.21, 1.53], [0.66, 1.34, 1.06], [6.25, 0.29, 1.93], [2.77, 0.24, 1.26], [5.05, 4.28, 2.77], [4.51, 4.17, 2.49]]","[183, 193, 230, 198, 186, 218]",14.0
315,1788356976160937598,307200,96383,15,6,109.0,"[34.7, 36.8, 69.1, 84.9, 94.5, 109.0]","['OUTSIDE', 'OUTSIDE', 'OUTSIDE', 'INSIDE', 'INSIDE', 'INSIDE']","[[2.44, 0.22, 1.75], [0.72, 0.21, 1.55], [2.8, 0.18, 1.21], [8.52, 4.41, 2.78], [4.66, 3.97, 2.45], [8.02, 3.45, 2.42]]","[183, 230, 198, 206, 218, 178]",14.6
316,1788356976280819871,307200,89943,10,2,111.0,"[92.1, 111.0]","['INSIDE', 'INSIDE']","[[7.12, 4.21, 2.45], [14.07, 3.59, 2.39]]","[215, 220]",14.0
317,1788356976369899556,307200,81530,12,3,112.8,"[36.0, 91.3, 112.8]","['OUTSIDE', 'INSIDE', 'INSIDE']","[[4.51, 0.26, 1.57], [7.51, 4.2, 2.55], [14.25, 3.32, 2.46]]","[230, 215, 220]",15.0
318,1788356976465639589,307200,86399,14,4,116.6,"[34.0, 40.5, 81.6, 116.6]","['OUTSIDE', 'RAIL', 'INSIDE', 'INSIDE']","[[9.65, 0.31, 1.9], [1.26, 0.43, 0.45], [8.49, 4.31, 2.85], [2.21, 0.42, 2.07]]","[183, 193, 182, 226]",14.0
319,1788356976559843746,307200,92365,16,6,117.2,"[36.3, 38.9, 43.9, 63.7, 88.4, 117.2]","['OUTSIDE', 'OUTSIDE', 'OUTSIDE', 'OUTSIDE', 'INSIDE', 'INSIDE']","[[2.24, 0.23, 1.55], [1.73, 0.13, 1.29], [1.1, 0.2, 2.1], [1.05, 0.14, 1.15], [7.18, 4.23, 2.74], [5.21, 0.88, 2.27]]","[230, 231, 227, 223, 186, 226]",14.0
320,1788356976671897155,307200,83708,15,8,117.0,"[32.5, 32.6, 36.7, 38.5, 44.1, 46.5, 98.0, 117.0]","['INSIDE', 'OUTSIDE', 'OUTSIDE', 'OUTSIDE', 'OUTSIDE', 'RAIL', 'INSIDE', 'INSIDE']","[[0.77, 1.1, 1.18], [6.61, 0.29, 2.05], [0.16, 0.22, 0.58], [1.9, 0.22, 1.45], [0.55, 0.22, 1.91], [1.1, 0.2, 1.02], [0.51, 0.54, 0.66], [1.18, 0.09, 2.03]]","[217, 183, 230, 231, 227, 237, 232, 226]",15.0
321,1788356976761213968,307200,70938,14,7,111.2,"[33.6, 41.9, 43.7, 89.1, 98.8, 106.6, 111.2]","['OUTSIDE', 'OUTSIDE', 'OUTSIDE', 'INSIDE', 'INSIDE', 'INSIDE', 'OUTSIDE']","[[1.47, 0.21, 1.66], [1.57, 0.21, 0.91], [0.53, 0.18, 0.61], [12.47, 4.23, 2.82], [7.34, 3.78, 2.54], [1.57, 2.27, 1.35], [5.62, 2.63, 2.49]]","[183, 227, 234, 186, 232, 178, 220]",15.0
322,1788356976877792019,307200,72365,8,4,84.6,"[35.7, 37.2, 40.7, 84.6]","['OUTSIDE', 'OUTSIDE', 'OUTSIDE', 'INSIDE']","[[1.7, 0.23, 1.35], [0.58, 0.21, 0.89], [1.52, 0.2, 1.21], [7.46, 4.3, 2.78]]","[230, 231, 227, 206]",16.0
323,1788356976970668416,307200,76880,4,3,42.2,"[28.3, 34.1, 42.2]","['INSIDE', 'OUTSIDE', 'OUTSIDE']","[[0.93, 2.31, 1.25], [1.39, 0.25, 1.12], [1.31, 0.22, 1.5]]","[217, 183, 227]",14.0
324,1788356977079432153,307200,83466,7,5,42.8,"[29.0, 32.5, 34.3, 37.7, 42.8]","['NEAR', 'OUTSIDE', 'OUTSIDE', 'OUTSIDE', 'OUTSIDE']","[[0.65, 0.25, 0.95], [2.08, 0.2, 1.34], [0.44, 0.21, 0.77], [7.33, 0.26, 2.25], [1.51, 0.21, 1.44]]","[217, 183, 230, 231, 227]",14.0
325,1788356977163738500,307200,87571,3,1,43.4,[43.4],['OUTSIDE'],"[[5.53, 0.53, 2.0]]",[234],13.0
326,1788356977277312602,307200,92749,9,4,42.0,"[28.0, 29.2, 33.6, 42.0]","['OUTSIDE', 'OUTSIDE', 'OUTSIDE', 'OUTSIDE']","[[0.27, 0.13, 0.73], [0.49, 0.25, 1.04], [9.71, 0.29, 1.89], [6.78, 0.55, 2.18]]","[217, 183, 230, 227]",14.5
327,1788356977366970540,307200,75443,5,3,42.3,"[27.9, 33.4, 42.3]","['OUTSIDE', 'OUTSIDE', 'OUTSIDE']","[[2.6, 0.2, 1.49], [7.57, 0.29, 2.48], [1.83, 0.55, 1.67]]","[217, 230, 227]",14.5
328,1788356977464370026,307200,83866,1,0,0.0,[],[],[],[],14.0
329,1788356977600548395,307200,98830,6,4,43.3,"[27.9, 28.3, 36.5, 43.3]","['OUTSIDE', 'OUTSIDE', 'OUTSIDE', 'RAIL']","[[0.67, 0.19, 0.93], [8.69, 0.33, 1.93], [7.66, 0.53, 2.74], [0.65, 0.2, 0.94]]","[183, 217, 231, 234]",15.0
330,1788356977681475407,307200,105717,1,0,0.0,[],[],[],[],19.0
331,1788356977760756865,307200,102530,2,0,0.0,[],[],[],[],19.0
332,1788356977871236690,307200,101544,1,0,0.0,[],[],[],[],19.0
333,1788356977968479229,307200,102453,0,0,0.0,[],[],[],[],19.0
334,1788356978075084375,307200,100710,1,0,0.0,[],[],[],[],16.0
335,1788356978166967976,307200,101884,1,1,44.1,[44.1],['RAIL'],"[[0.12, 0.15, 0.88]]",[227],20.0
336,1788356978272354630,307200,102176,4,1,42.7,[42.7],['RAIL'],"[[0.08, 0.14, 0.94]]",[227],16.0
337,1788356978395938079,307200,102758,2,0,0.0,[],[],[],[],16.0
338,1788356978482712970,307200,102826,0,0,0.0,[],[],[],[],15.5
339,1788356978589365665,307200,102763,3,1,41.0,[41.0],['RAIL'],"[[0.66, 0.15, 0.46]]",[227],16.5
340,1788356978676394854,307200,103314,4,1,38.1,[38.1],['RAIL'],"[[0.56, 0.13, 0.37]]",[227],15.5
341,1788356978769548923,307200,102820,0,0,0.0,[],[],[],[],21.5
342,1788356978865760073,307200,102101,3,0,0.0,[],[],[],[],19.5
343,1788356978969855940,307200,100123,1,0,0.0,[],[],[],[],16.0
344,1788356979076967640,307200,105063,1,0,0.0,[],[],[],[],20.5
345,1788356979171622556,307200,99990,3,2,48.7,"[46.2, 48.7]","['NEAR', 'NEAR']","[[1.46, 0.34, 1.21], [2.59, 0.43, 1.43]]","[246, 241]",16.0
346,1788356979279635085,307200,105446,1,1,47.2,[47.2],['INSIDE'],"[[5.4, 0.79, 2.33]]",[246],20.0
347,1788356979365694120,307200,105500,1,1,46.7,[46.7],['INSIDE'],"[[6.58, 0.86, 2.64]]",[246],21.0
348,1788356979477099445,307200,105152,2,2,46.6,"[37.0, 46.6]","['OUTSIDE', 'INSIDE']","[[1.03, 0.22, 0.69], [6.61, 0.78, 2.74]]","[227, 246]",15.0
349,1788356979566132831,307200,105472,2,2,48.8,"[33.6, 48.8]","['OUTSIDE', 'INSIDE']","[[1.44, 0.21, 0.87], [1.87, 0.31, 2.34]]","[227, 241]",21.0
350,1788356979667766565,307200,105346,5,2,46.6,"[43.3, 46.6]","['INSIDE', 'RAIL']","[[5.99, 0.79, 2.22], [0.45, 0.21, 0.73]]","[246, 241]",15.0
351,1788356979766263952,307200,105006,4,2,43.4,"[41.3, 43.4]","['INSIDE', 'INSIDE']","[[0.15, 0.47, 0.77], [6.69, 0.8, 2.39]]","[246, 240]",20.0
352,1788356979867408065,307200,105401,3,1,31.9,[31.9],['INSIDE'],"[[0.39, 0.97, 0.52]]",[227],19.5
353,1788356979968171110,307200,105612,1,1,32.2,[32.2],['OUTSIDE'],"[[0.5, 0.16, 0.57]]",[227],21.5
354,1788356980068532220,307200,105897,0,0,0.0,[],[],[],[],17.5
355,1788356980163220461,307200,106034,0,0,0.0,[],[],[],[],17.0
356,1788356980277021052,307200,94900,1,1,27.5,[27.5],['INSIDE'],"[[1.52, 1.19, 1.01]]",[227],16.0
357,1788356980364784913,307200,104623,0,0,0.0,[],[],[],[],18.6
358,1788356980456841820,307200,105022,1,1,33.1,[33.1],['INSIDE'],"[[0.52, 0.35, 0.26]]",[227],15.5
359,1788356980564683894,307200,104938,1,1,32.0,[32.0],['RAIL'],"[[0.68, 0.05, 0.83]]",[227],19.0
360,1788356980669896068,307200,105032,1,0,0.0,[],[],[],[],21.0
361,1788356980780724661,307200,104759,0,0,0.0,[],[],[],[],19.0
362,1788356980871166893,307200,104648,1,0,0.0,[],[],[],[],16.0
363,1788356980969308594,307200,104623,2,1,30.7,[30.7],['INSIDE'],"[[0.45, 0.25, 1.09]]",[227],20.0
364,1788356981070452998,307200,104889,2,1,30.3,[30.3],['INSIDE'],"[[0.66, 0.25, 1.09]]",[227],18.5
365,1788356981165407289,307200,104839,6,1,26.2,[26.2],['INSIDE'],"[[1.48, 1.42, 1.27]]",[227],19.4
366,1788356981259791465,307200,104992,1,0,0.0,[],[],[],[],18.9
367,1788356981377453929,307200,105010,1,0,0.0,[],[],[],[],15.0
368,1788356981474076814,307200,104973,2,0,0.0,[],[],[],[],20.0
369,1788356981569638392,307200,105144,1,0,0.0,[],[],[],[],19.3
370,1788356981664807603,307200,105505,3,0,0.0,[],[],[],[],16.0
371,1788356981766028271,307200,106278,2,0,0.0,[],[],[],[],17.0
372,1788356981863844651,307200,104690,1,0,0.0,[],[],[],[],19.0
373,1788356981986786344,307200,106923,0,0,0.0,[],[],[],[],20.0
374,1788356982063050371,307200,105324,3,0,0.0,[],[],[],[],19.5
375,1788356982167935697,307200,97774,1,0,0.0,[],[],[],[],19.0
376,1788356982258699365,307200,104188,2,0,0.0,[],[],[],[],15.0
377,1788356982372266318,307200,104051,3,0,0.0,[],[],[],[],19.1
378,1788356982483302909,307200,104223,1,0,0.0,[],[],[],[],19.5
379,1788356982565663036,307200,103460,3,0,0.0,[],[],[],[],19.0
380,1788356982672016676,307200,97435,3,0,0.0,[],[],[],[],14.0
381,1788356982762221176,307200,103724,0,0,0.0,[],[],[],[],18.0
382,1788356982860931959,307200,103422,2,1,38.8,[38.8],['INSIDE'],"[[0.24, 0.45, 0.68]]",[250],19.0
383,1788356982975493675,307200,103649,6,0,0.0,[],[],[],[],20.0
384,1788356983062579210,307200,103620,1,0,0.0,[],[],[],[],19.0
385,1788356983166924093,307200,103727,1,0,0.0,[],[],[],[],19.0
386,1788356983265494200,307200,103699,4,1,39.7,[39.7],['INSIDE'],"[[0.49, 1.11, 0.71]]",[250],19.0
387,1788356983367091875,307200,103814,3,0,0.0,[],[],[],[],19.0
388,1788356983461370863,307200,103936,2,1,39.9,[39.9],['INSIDE'],"[[0.92, 0.99, 0.69]]",[250],15.0
389,1788356983565774914,307200,104021,2,0,0.0,[],[],[],[],21.1
390,1788356983665977949,307200,104305,1,0,0.0,[],[],[],[],15.6
391,1788356983767564102,307200,104926,4,1,38.6,[38.6],['INSIDE'],"[[0.41, 0.55, 0.35]]",[250],20.5
392,1788356983866469067,307200,102295,0,0,0.0,[],[],[],[],19.5
393,1788356983964767587,307200,104084,1,0,0.0,[],[],[],[],15.0
394,1788356984068752541,307200,97195,0,0,0.0,[],[],[],[],15.0
395,1788356984171314354,307200,104167,6,1,39.1,[39.1],['INSIDE'],"[[0.51, 0.55, 0.36]]",[250],20.0
396,1788356984266959703,307200,95700,3,1,38.7,[38.7],['INSIDE'],"[[0.15, 0.45, 0.68]]",[250],14.0
397,1788356984361176830,307200,103544,3,0,0.0,[],[],[],[],19.0
398,1788356984474411040,307200,103693,4,1,39.3,[39.3],['INSIDE'],"[[0.43, 1.06, 0.37]]",[250],19.0
399,1788356984567117620,307200,103685,4,2,34.8,"[32.0, 34.8]","['INSIDE', 'INSIDE']","[[1.66, 0.29, 0.78], [0.99, 0.91, 0.96]]","[251, 250]",19.0
400,1788356984666587714,307200,103687,2,1,35.1,[35.1],['INSIDE'],"[[0.56, 0.99, 0.32]]",[250],19.0
401,1788356984772644213,307200,103598,4,2,37.4,"[31.2, 37.4]","['INSIDE', 'INSIDE']","[[0.53, 0.17, 0.8], [0.82, 0.26, 0.69]]","[251, 250]",20.0
402,1788356984880958955,307200,103560,3,0,0.0,[],[],[],[],20.0
403,1788356984960656518,307200,103558,3,1,30.8,[30.8],['INSIDE'],"[[1.19, 0.81, 0.82]]",[251],14.5
404,1788356985062139490,307200,103624,1,1,30.7,[30.7],['INSIDE'],"[[1.3, 0.8, 1.15]]",[251],18.5
405,1788356985160798223,307200,103683,2,0,0.0,[],[],[],[],18.9
406,1788356985260249286,307200,103827,2,2,31.8,"[30.6, 31.8]","['INSIDE', 'INSIDE']","[[0.52, 0.09, 1.07], [0.43, 0.15, 0.83]]","[251, 253]",15.5
407,1788356985364419932,307200,103882,2,1,35.7,[35.7],['INSIDE'],"[[0.81, 1.19, 0.62]]",[250],20.0
408,1788356985474566842,307200,104042,3,2,36.3,"[31.2, 36.3]","['INSIDE', 'INSIDE']","[[1.27, 1.09, 0.55], [0.82, 1.49, 0.93]]","[253, 250]",16.0
409,1788356985567813724,307200,103981,1,0,0.0,[],[],[],[],21.0
410,1788356985668735922,307200,103881,1,0,0.0,[],[],[],[],19.0
411,1788356985772401500,307200,103870,3,2,37.8,"[29.6, 37.8]","['INSIDE', 'INSIDE']","[[0.83, 0.22, 1.04], [1.18, 0.31, 0.71]]","[251, 250]",19.0
412,1788356985865868590,307200,104179,1,0,0.0,[],[],[],[],19.3
413,1788356985966355386,307200,104361,1,0,0.0,[],[],[],[],19.8
414,1788356986064614290,307200,104407,2,0,0.0,[],[],[],[],14.3
415,1788356986162660844,307200,90963,2,0,0.0,[],[],[],[],14.0
416,1788356986261962919,307200,103435,2,1,30.5,[30.5],['INSIDE'],"[[1.0, 0.91, 1.12]]",[253],18.4
417,1788356986368042858,307200,103722,2,0,0.0,[],[],[],[],18.9
418,1788356986462597594,307200,103662,2,2,40.3,"[31.2, 40.3]","['INSIDE', 'INSIDE']","[[0.42, 0.76, 0.3], [0.45, 0.43, 0.35]]","[253, 250]",20.0
419,1788356986560363266,307200,103671,1,1,30.7,[30.7],['INSIDE'],"[[1.68, 0.81, 1.18]]",[253],21.0
420,1788356986662452782,307200,103593,2,1,31.3,[31.3],['INSIDE'],"[[0.99, 0.98, 0.34]]",[253],19.0
421,1788356986758195147,307200,103274,2,1,40.4,[40.4],['INSIDE'],"[[0.46, 1.0, 0.03]]",[250],15.0
422,1788356986863026473,307200,103590,5,1,27.3,[27.3],['INSIDE'],"[[0.65, 1.25, 0.07]]",[253],19.0
423,1788356986958796791,307200,103655,2,1,39.6,[39.6],['INSIDE'],"[[0.61, 0.33, 0.33]]",[250],20.4
424,1788356987064617374,307200,104143,2,0,0.0,[],[],[],[],15.0
425,1788356987162856500,307200,104614,0,0,0.0,[],[],[],[],19.0
426,1788356987265573500,307200,102534,4,1,35.6,[35.6],['INSIDE'],"[[1.51, 0.62, 0.56]]",[250],19.0
427,1788356987361555967,307200,103229,5,1,33.9,[33.9],['INSIDE'],"[[1.07, 0.47, 0.58]]",[250],15.0
428,1788356987457425804,307200,103362,7,2,46.0,"[35.4, 46.0]","['INSIDE', 'NEAR']","[[0.52, 0.99, 0.31], [0.6, 0.71, 0.43]]","[250, 258]",20.0
429,1788356987562588840,307200,103267,6,3,46.3,"[26.2, 35.6, 46.3]","['INSIDE', 'INSIDE', 'OUTSIDE']","[[1.35, 1.18, 0.36], [0.97, 1.42, 0.59], [0.26, 0.7, 0.4]]","[253, 250, 258]",19.2
430,1788356987658369754,307200,103342,4,2,29.1,"[26.2, 29.1]","['INSIDE', 'INSIDE']","[[1.45, 1.37, 0.57], [1.03, 0.21, 1.05]]","[253, 257]",19.0
431,1788356987760091732,307200,103395,1,0,0.0,[],[],[],[],16.0
432,1788356987862859691,307200,103465,3,2,46.6,"[29.0, 46.6]","['INSIDE', 'OUTSIDE']","[[0.97, 0.3, 0.78], [0.21, 0.71, 0.41]]","[257, 258]",19.0
433,1788356987958597077,307200,103472,1,1,29.4,[29.4],['INSIDE'],"[[1.14, 0.17, 1.02]]",[257],18.0
434,1788356988062709795,307200,103487,4,2,46.8,"[29.1, 46.8]","['INSIDE', 'OUTSIDE']","[[0.94, 0.3, 0.78], [0.13, 0.7, 0.4]]","[257, 258]",19.0
435,1788356988165723086,307200,103572,1,0,0.0,[],[],[],[],19.0
436,1788356988259054131,307200,103533,1,0,0.0,[],[],[],[],16.0
437,1788356988360116871,307200,103526,1,1,35.2,[35.2],['INSIDE'],"[[0.69, 0.8, 0.91]]",[250],18.0
438,1788356988463550941,307200,103520,3,2,37.4,"[29.0, 37.4]","['INSIDE', 'INSIDE']","[[1.05, 1.07, 1.33], [0.59, 0.31, 0.65]]","[257, 250]",20.4
439,1788356988559614084,307200,103283,2,2,35.3,"[29.1, 35.3]","['INSIDE', 'INSIDE']","[[1.09, 1.38, 0.76], [0.68, 0.8, 0.63]]","[257, 250]",14.5
440,1788356988660634164,307200,103513,3,1,46.1,[46.1],['NEAR'],"[[0.2, 0.54, 0.41]]",[258],15.0
441,1788356988766048660,307200,103537,4,2,46.1,"[35.2, 46.1]","['INSIDE', 'NEAR']","[[1.45, 1.25, 0.4], [0.41, 0.87, 0.41]]","[250, 258]",19.0
442,1788356988865697366,307200,103643,3,2,44.9,"[34.6, 44.9]","['INSIDE', 'INSIDE']","[[0.43, 0.26, 0.3], [0.29, 0.37, 0.41]]","[250, 258]",19.6
443,1788356988959291272,307200,103614,3,1,40.3,[40.3],['INSIDE'],"[[0.44, 1.41, 0.73]]",[258],18.3
444,1788356989059722027,307200,103762,2,2,36.2,"[29.4, 36.2]","['INSIDE', 'INSIDE']","[[0.56, 0.22, 0.78], [0.58, 1.74, 0.93]]","[257, 250]",15.9
445,1788356989165078007,307200,104276,2,1,30.1,[30.1],['INSIDE'],"[[0.82, 0.5, 0.51]]",[257],19.0
446,1788356989265930120,307200,96759,3,2,34.6,"[28.6, 34.6]","['INSIDE', 'INSIDE']","[[0.88, 1.29, 0.3], [0.75, 0.61, 0.36]]","[257, 250]",14.1
447,1788356989358204629,307200,103362,3,1,29.7,[29.7],['INSIDE'],"[[0.98, 0.27, 1.01]]",[257],19.8
448,1788356989459435296,307200,103386,2,1,26.4,[26.4],['INSIDE'],"[[1.27, 0.87, 0.9]]",[257],19.0
449,1788356989564835276,307200,103396,3,1,32.1,[32.1],['INSIDE'],"[[0.43, 1.18, 0.58]]",[250],15.0
450,1788356989661525062,307200,103585,3,2,30.2,"[27.3, 30.2]","['INSIDE', 'INSIDE']","[[0.35, 0.22, 0.94], [0.95, 0.11, 0.98]]","[257, 250]",15.0
451,1788356989761396197,307200,93179,2,1,29.3,[29.3],['INSIDE'],"[[1.3, 1.7, 0.77]]",[250],14.1
452,1788356989864688644,307200,102885,1,0,0.0,[],[],[],[],20.0
453,1788356989961168205,307200,103245,7,2,29.7,"[28.1, 29.7]","['INSIDE', 'INSIDE']","[[0.72, 0.83, 0.78], [0.84, 0.4, 0.54]]","[257, 250]",15.0
454,1788356990063353276,307200,103321,3,2,29.2,"[28.0, 29.2]","['INSIDE', 'INSIDE']","[[1.06, 0.93, 1.05], [1.67, 0.3, 1.13]]","[257, 250]",20.0
455,1788356990170599396,307200,103370,4,3,28.8,"[28.0, 28.5, 28.8]","['INSIDE', 'INSIDE', 'INSIDE']","[[0.63, 0.15, 0.71], [0.4, 1.19, 0.04], [0.97, 0.3, 0.77]]","[257, 250, 262]",19.1
456,1788356990265932592,307200,103362,2,1,34.3,[34.3],['INSIDE'],"[[1.02, 0.72, 0.37]]",[263],14.3
457,1788356990364427126,307200,103326,2,1,30.2,[30.2],['NEAR'],"[[0.31, 1.07, 0.03]]",[250],15.4
458,1788356990461939098,307200,103162,1,0,0.0,[],[],[],[],19.0
459,1788356990563179529,307200,103536,5,2,34.9,"[26.9, 34.9]","['INSIDE', 'INSIDE']","[[0.57, 0.3, 0.7], [0.53, 1.08, 0.34]]","[257, 263]",19.0
460,1788356990668322559,307200,103715,1,0,0.0,[],[],[],[],19.0
461,1788356990761508005,307200,103589,4,1,35.3,[35.3],['INSIDE'],"[[0.68, 1.17, 0.62]]",[263],14.4
462,1788356990864319353,307200,103584,3,2,45.9,"[30.9, 45.9]","['INSIDE', 'NEAR']","[[0.74, 0.53, 0.32], [0.7, 0.88, 0.44]]","[250, 259]",15.0
463,1788356990960732995,307200,103325,3,1,32.8,[32.8],['INSIDE'],"[[0.59, 1.16, 0.05]]",[250],21.1
464,1788356991062595101,307200,103298,3,3,36.0,"[30.3, 31.4, 36.0]","['INSIDE', 'INSIDE', 'INSIDE']","[[0.54, 0.22, 1.07], [0.99, 0.93, 0.85], [0.68, 1.31, 0.6]]","[262, 250, 263]",14.1
465,1788356991159006388,307200,103380,2,2,46.6,"[31.7, 46.6]","['INSIDE', 'OUTSIDE']","[[0.64, 1.0, 0.06], [0.14, 0.7, 0.4]]","[250, 259]",15.0
466,1788356991258150261,307200,103478,3,2,36.0,"[31.4, 36.0]","['INSIDE', 'INSIDE']","[[0.8, 1.26, 0.84], [0.66, 1.62, 0.96]]","[250, 263]",19.1
467,1788356991361229681,307200,103635,2,0,0.0,[],[],[],[],20.0
468,1788356991462377721,307200,103558,3,2,34.8,"[29.0, 34.8]","['INSIDE', 'INSIDE']","[[0.86, 1.45, 1.25], [0.43, 0.73, 0.33]]","[262, 263]",19.5
469,1788356991559181075,307200,103460,1,1,34.8,[34.8],['INSIDE'],"[[0.87, 0.86, 0.34]]",[263],15.1
470,1788356991665070085,307200,103450,4,3,46.7,"[29.5, 35.3, 46.7]","['INSIDE', 'INSIDE', 'NEAR']","[[1.48, 1.38, 0.7], [0.26, 1.05, 0.62], [0.48, 0.53, 0.4]]","[262, 263, 259]",19.1
471,1788356991762072289,307200,103643,4,2,35.5,"[27.5, 35.5]","['INSIDE', 'INSIDE']","[[1.12, 0.3, 1.12], [0.45, 0.8, 0.61]]","[262, 263]",19.4
472,1788356991857871849,307200,104117,3,2,34.3,"[30.9, 34.3]","['INSIDE', 'INSIDE']","[[0.64, 0.81, 0.82], [0.71, 0.44, 0.63]]","[250, 263]",19.0
473,1788356991961891822,307200,103359,4,4,47.9,"[28.3, 31.0, 35.4, 47.9]","['INSIDE', 'INSIDE', 'INSIDE', 'OUTSIDE']","[[0.28, 0.56, 0.47], [0.7, 0.71, 1.12], [0.89, 1.18, 0.98], [2.93, 0.89, 1.93]]","[262, 250, 263, 259]",14.0
474,1788356992064686624,307200,103465,6,3,48.8,"[28.2, 35.7, 48.8]","['INSIDE', 'INSIDE', 'NEAR']","[[0.69, 0.84, 0.76], [0.53, 0.88, 0.31], [0.97, 0.27, 1.15]]","[262, 263, 259]",19.0
475,1788356992158460514,307200,103486,2,1,35.7,[35.7],['INSIDE'],"[[0.42, 0.75, 0.34]]",[263],14.0
476,1788356992266826782,307200,103494,1,1,39.8,[39.8],['INSIDE'],"[[0.6, 0.85, 0.35]]",[265],19.0
477,1788356992361648984,307200,103543,5,4,47.7,"[28.7, 31.6, 40.0, 47.7]","['INSIDE', 'INSIDE', 'INSIDE', 'NEAR']","[[0.71, 0.89, 0.07], [0.61, 0.55, 0.3], [0.88, 0.71, 0.35], [4.49, 0.93, 2.27]]","[262, 250, 265, 259]",20.0
478,1788356992463495108,307200,103551,3,2,47.0,"[30.7, 47.0]","['INSIDE', 'NEAR']","[[0.39, 0.09, 1.06], [6.03, 1.22, 2.55]]","[250, 259]",19.0
479,1788356992559445287,307200,103508,2,1,45.7,[45.7],['INSIDE'],"[[8.42, 1.61, 2.54]]",[259],19.0
480,1788356992659001883,307200,103585,2,2,44.8,"[38.8, 44.8]","['INSIDE', 'INSIDE']","[[0.65, 0.69, 0.36], [10.2, 1.76, 2.98]]","[265, 259]",15.0
481,1788356992764875575,307200,103287,2,2,39.2,"[31.7, 39.2]","['INSIDE', 'INSIDE']","[[0.46, 0.89, 0.26], [0.2, 0.64, 0.35]]","[250, 265]",19.0
482,1788356992859280260,307200,103590,3,2,39.3,"[34.5, 39.3]","['INSIDE', 'INSIDE']","[[0.91, 0.97, 0.34], [0.34, 1.19, 0.37]]","[263, 265]",14.5
483,1788356992964505559,307200,103737,1,1,34.8,[34.8],['INSIDE'],"[[0.96, 1.04, 0.59]]",[263],18.6
484,1788356993058009745,307200,104050,2,2,42.8,"[29.1, 42.8]","['INSIDE', 'INSIDE']","[[1.27, 1.57, 1.29], [14.41, 2.5, 3.06]]","[262, 259]",19.0
485,1788356993163156862,307200,104331,4,3,33.6,"[27.6, 30.6, 33.6]","['INSIDE', 'INSIDE', 'INSIDE']","[[0.69, 0.62, 1.23], [0.64, 1.02, 0.82], [0.64, 0.76, 0.6]]","[262, 250, 263]",14.0
486,1788356993264256849,307200,104582,3,2,30.9,"[27.9, 30.9]","['INSIDE', 'INSIDE']","[[0.33, 0.64, 0.5], [0.29, 1.03, 0.55]]","[262, 250]",16.0
487,1788356993363767428,307200,104545,6,4,40.0,"[26.3, 28.0, 31.0, 40.0]","['INSIDE', 'INSIDE', 'INSIDE', 'INSIDE']","[[0.83, 1.53, 0.75], [0.81, 0.63, 0.75], [1.53, 1.02, 1.34], [0.44, 1.08, 0.38]]","[262, 250, 263, 265]",18.0
488,1788356993465015689,307200,92448,2,2,38.6,"[28.7, 38.6]","['INSIDE', 'INSIDE']","[[1.27, 1.14, 1.18], [0.68, 0.55, 0.37]]","[250, 265]",15.0
489,1788356993565465842,307200,104423,2,2,38.6,"[29.8, 38.6]","['INSIDE', 'INSIDE']","[[1.13, 0.5, 0.8], [0.71, 0.82, 0.37]]","[250, 265]",19.0
490,1788356993667576853,307200,104465,1,1,25.3,[25.3],['INSIDE'],"[[1.33, 0.76, 0.96]]",[262],20.3
491,1788356993760653612,307200,104511,3,2,48.2,"[30.2, 48.2]","['NEAR', 'OUTSIDE']","[[0.34, 1.07, 0.04], [3.5, 0.82, 2.77]]","[263, 259]",14.8
492,1788356993864727183,307200,103977,2,1,30.7,[30.7],['INSIDE'],"[[0.34, 0.41, 0.81]]",[250],19.0
493,1788356993964194193,307200,103423,3,1,41.2,[41.2],['INSIDE'],"[[0.26, 0.81, 0.35]]",[265],20.0
494,1788356994064447836,307200,103956,1,1,41.4,[41.4],['INSIDE'],"[[0.24, 0.97, 0.38]]",[265],20.0
495,1788356994158911846,307200,104369,1,0,0.0,[],[],[],[],20.7
496,1788356994262805823,307200,96364,3,3,48.6,"[30.7, 40.1, 48.6]","['INSIDE', 'INSIDE', 'OUTSIDE']","[[0.73, 0.85, 0.06], [0.65, 0.71, 0.38], [2.78, 0.51, 1.91]]","[250, 265, 259]",14.5
497,1788356994359148845,307200,104486,4,2,44.2,"[40.2, 44.2]","['INSIDE', 'INSIDE']","[[0.78, 1.0, 0.39], [11.26, 1.66, 2.78]]","[265, 259]",19.0
498,1788356994460850584,307200,104626,4,3,39.5,"[27.8, 31.3, 39.5]","['INSIDE', 'INSIDE', 'INSIDE']","[[0.54, 0.15, 0.71], [1.09, 1.15, 1.09], [0.4, 0.41, 0.32]]","[262, 250, 265]",15.1
499,1788356994563707963,307200,104850,4,3,45.4,"[31.3, 39.1, 45.4]","['INSIDE', 'INSIDE', 'NEAR']","[[1.0, 0.87, 0.32], [0.26, 0.54, 0.7], [0.31, 0.53, 0.4]]","[250, 265, 267]",20.0
500,1788356994663900460,307200,103599,3,2,39.4,"[28.7, 39.4]","['INSIDE', 'INSIDE']","[[1.53, 1.34, 1.24], [0.42, 0.7, 0.36]]","[262, 265]",20.0
501,1788356994764870236,307200,103542,4,4,45.2,"[29.3, 32.0, 39.5, 45.2]","['INSIDE', 'INSIDE', 'INSIDE', 'INSIDE']","[[1.09, 0.96, 0.96], [0.96, 0.96, 0.89], [0.33, 0.42, 0.35], [9.44, 1.58, 3.03]]","[262, 250, 265, 259]",20.0
502,1788356994865688442,307200,103612,4,4,46.9,"[28.8, 31.8, 39.9, 46.9]","['INSIDE', 'INSIDE', 'INSIDE', 'NEAR']","[[0.86, 0.96, 1.05], [1.5, 1.29, 0.63], [0.56, 0.85, 0.37], [3.55, 0.67, 2.33]]","[262, 250, 265, 259]",15.0
503,1788356994959684394,307200,103980,1,1,30.7,[30.7],['INSIDE'],"[[0.41, 0.41, 0.77]]",[250],18.3
504,1788356995064826388,307200,104053,3,3,46.3,"[29.7, 38.6, 46.3]","['INSIDE', 'INSIDE', 'OUTSIDE']","[[0.67, 1.81, 1.01], [0.61, 0.68, 0.71], [0.24, 0.87, 0.42]]","[262, 265, 267]",14.8
505,1788356995160614124,307200,103804,2,2,40.5,"[31.2, 40.5]","['INSIDE', 'INSIDE']","[[0.95, 0.82, 1.1], [0.21, 1.13, 0.72]]","[250, 265]",15.9
506,1788356995258396054,307200,104081,2,1,47.0,[47.0],['NEAR'],"[[5.79, 0.84, 2.23]]",[259],19.0
507,1788356995360170508,307200,104496,1,1,31.8,[31.8],['INSIDE'],"[[1.93, 0.72, 1.06]]",[250],15.0
508,1788356995465205014,307200,103251,4,3,46.0,"[32.1, 39.7, 46.0]","['INSIDE', 'INSIDE', 'NEAR']","[[0.83, 1.64, 0.34], [0.19, 0.7, 0.35], [0.32, 0.7, 0.4]]","[250, 265, 267]",13.5
509,1788356995562726693,307200,103306,2,2,31.5,"[28.5, 31.5]","['INSIDE', 'INSIDE']","[[1.15, 1.05, 1.29], [1.64, 1.55, 0.4]]","[262, 250]",14.4
510,1788356995666784255,307200,103593,2,1,30.7,[30.7],['INSIDE'],"[[0.68, 0.69, 0.58]]",[250],20.0
511,1788356995762037006,307200,103562,4,3,47.7,"[28.1, 31.0, 47.7]","['INSIDE', 'INSIDE', 'OUTSIDE']","[[0.45, 0.47, 0.28], [0.54, 0.49, 0.83], [0.97, 0.59, 0.47]]","[262, 250, 267]",15.7
512,1788356995861069427,307200,103489,3,2,40.6,"[31.5, 40.6]","['INSIDE', 'INSIDE']","[[1.73, 0.52, 1.17], [0.68, 1.01, 0.37]]","[250, 265]",20.7
513,1788356995958243853,307200,103679,2,1,29.9,[29.9],['INSIDE'],"[[0.34, 1.15, 0.03]]",[250],19.0
514,1788356996061587391,307200,103855,3,2,42.4,"[33.1, 42.4]","['INSIDE', 'OUTSIDE']","[[0.45, 1.05, 0.04], [3.17, 2.5, 0.23]]","[250, 265]",15.0
515,1788356996164190348,307200,104317,4,3,41.5,"[28.8, 36.5, 41.5]","['INSIDE', 'INSIDE', 'INSIDE']","[[0.8, 0.66, 1.0], [0.79, 1.55, 0.06], [2.97, 1.83, 0.88]]","[262, 250, 265]",21.2
516,1788356996262182285,307200,105095,2,2,35.5,"[32.9, 35.5]","['INSIDE', 'INSIDE']","[[0.55, 0.44, 0.57], [0.27, 0.5, 0.32]]","[269, 250]",19.7
517,1788356996369493734,307200,106309,2,2,35.2,"[29.0, 35.2]","['INSIDE', 'INSIDE']","[[0.5, 0.91, 0.05], [0.99, 0.92, 0.68]]","[262, 250]",19.0
518,1788356996459515991,307200,105909,4,4,42.7,"[27.6, 30.2, 41.8, 42.7]","['INSIDE', 'INSIDE', 'INSIDE', 'INSIDE']","[[0.93, 0.24, 0.68], [0.39, 0.3, 0.49], [0.41, 0.98, 0.39], [0.68, 0.31, 0.77]]","[262, 269, 265, 267]",15.0
519,1788356996561888519,307200,103652,2,2,37.0,"[31.6, 37.0]","['INSIDE', 'INSIDE']","[[0.7, 0.5, 0.58], [1.52, 1.3, 0.41]]","[269, 250]",20.0
520,1788356996665887372,307200,97609,3,3,31.8,"[27.6, 29.5, 31.8]","['INSIDE', 'INSIDE', 'INSIDE']","[[0.49, 0.37, 0.68], [0.52, 0.21, 0.8], [0.63, 0.51, 0.8]]","[262, 269, 250]",14.5
521,1788356996759669655,307200,101034,4,4,42.4,"[27.8, 28.8, 31.0, 42.4]","['INSIDE', 'INSIDE', 'INSIDE', 'INSIDE']","[[0.33, 0.08, 0.94], [0.6, 1.06, 1.28], [0.39, 0.09, 1.08], [0.48, 1.05, 0.04]]","[262, 269, 250, 265]",19.9
522,1788356996858637840,307200,103710,3,3,42.5,"[29.2, 32.7, 42.5]","['INSIDE', 'INSIDE', 'INSIDE']","[[0.79, 0.76, 0.72], [2.09, 1.56, 1.23], [0.56, 1.06, 0.04]]","[269, 250, 265]",14.5
523,1788356996962424182,307200,103675,1,1,31.0,[31.0],['INSIDE'],"[[0.65, 0.19, 0.56]]",[269],19.0
524,1788356997071516276,307200,103678,2,2,43.0,"[31.7, 43.0]","['INSIDE', 'NEAR']","[[0.41, 0.09, 1.11], [0.2, 1.15, 0.37]]","[269, 265]",19.0
525,1788356997164871791,307200,103804,3,2,41.7,"[35.4, 41.7]","['INSIDE', 'INSIDE']","[[0.4, 0.25, 0.9], [0.29, 0.29, 0.36]]","[250, 267]",19.3
526,1788356997263277472,307200,104015,3,2,43.4,"[37.3, 43.4]","['INSIDE', 'NEAR']","[[0.54, 0.92, 0.04], [0.18, 1.01, 0.39]]","[250, 265]",18.3
527,1788356997361118075,307200,104040,2,2,43.6,"[36.8, 43.6]","['INSIDE', 'INSIDE']","[[0.43, 0.19, 0.95], [0.25, 0.87, 0.4]]","[250, 265]",15.1
528,1788356997459260272,307200,104115,4,4,36.7,"[27.6, 29.7, 33.1, 36.7]","['OUTSIDE', 'INSIDE', 'INSIDE', 'INSIDE']","[[1.33, 2.21, 0.16], [1.6, 1.3, 1.39], [0.92, 1.11, 1.17], [0.57, 0.47, 0.96]]","[262, 269, 250, 267]",20.0
529,1788356997562072220,307200,104029,4,3,37.9,"[33.1, 35.3, 37.9]","['INSIDE', 'INSIDE', 'INSIDE']","[[0.92, 1.11, 0.9], [0.96, 0.24, 1.22], [0.68, 0.93, 0.32]]","[250, 267, 265]",14.0
530,1788356997662989424,307200,104139,5,3,38.0,"[30.3, 34.0, 38.0]","['INSIDE', 'INSIDE', 'INSIDE']","[[1.37, 1.44, 0.63], [0.94, 0.89, 1.14], [0.6, 1.07, 0.05]]","[269, 250, 265]",19.0
531,1788356997762417189,307200,104079,6,5,38.2,"[27.5, 30.9, 32.8, 33.8, 38.2]","['INSIDE', 'INSIDE', 'INSIDE', 'INSIDE', 'INSIDE']","[[1.32, 1.41, 1.03], [0.79, 0.23, 1.13], [0.5, 0.44, 1.17], [0.45, 0.95, 0.04], [0.6, 0.81, 0.05]]","[262, 269, 250, 267, 265]",15.0
532,1788356997860281203,307200,104214,3,2,30.8,"[27.6, 30.8]","['INSIDE', 'INSIDE']","[[1.44, 1.53, 0.99], [2.32, 1.78, 1.38]]","[262, 269]",15.0
533,1788356997960268593,307200,104337,3,3,38.7,"[32.5, 34.2, 38.7]","['INSIDE', 'INSIDE', 'INSIDE']","[[0.36, 0.24, 1.13], [1.67, 1.38, 0.91], [0.42, 1.42, 1.01]]","[250, 267, 265]",16.0
534,1788356998059837375,307200,104076,2,2,37.4,"[27.3, 37.4]","['INSIDE', 'INSIDE']","[[0.61, 0.28, 0.69], [0.52, 0.53, 0.35]]","[262, 265]",19.1
535,1788356998160115483,307200,93618,2,2,32.9,"[30.2, 32.9]","['INSIDE', 'INSIDE']","[[0.25, 0.59, 0.52], [0.48, 0.24, 1.15]]","[269, 250]",13.6
536,1788356998261267400,307200,103375,5,4,34.7,"[28.7, 30.6, 33.2, 34.7]","['INSIDE', 'INSIDE', 'INSIDE', 'INSIDE']","[[0.4, 0.08, 0.99], [0.86, 0.6, 0.76], [0.44, 0.64, 0.59], [0.45, 1.65, 1.24]]","[262, 269, 250, 267]",19.5
537,1788356998361462780,307200,103687,5,4,39.7,"[30.8, 33.6, 35.1, 39.7]","['INSIDE', 'INSIDE', 'INSIDE', 'INSIDE']","[[0.57, 0.4, 1.05], [0.54, 0.3, 1.18], [0.79, 1.66, 0.92], [0.62, 1.17, 1.01]]","[269, 250, 267, 265]",19.0
538,1788356998460369135,307200,103611,5,3,38.2,"[30.0, 33.5, 38.2]","['INSIDE', 'INSIDE', 'INSIDE']","[[0.41, 0.24, 1.28], [0.7, 1.01, 1.2], [0.96, 0.73, 0.98]]","[269, 250, 265]",14.0
539,1788356998563411531,307200,103451,6,4,38.6,"[30.7, 32.3, 32.6, 38.6]","['INSIDE', 'NEAR', 'INSIDE', 'INSIDE']","[[0.6, 1.24, 1.36], [0.32, 1.14, 0.03], [0.19, 0.44, 0.55], [0.34, 0.2, 1.01]]","[269, 250, 267, 265]",16.0
540,1788356998662562891,307200,103494,1,1,29.8,[29.8],['INSIDE'],"[[0.59, 0.16, 0.82]]",[269],15.0
541,1788356998764423001,307200,103420,3,2,39.0,"[34.0, 39.0]","['INSIDE', 'INSIDE']","[[0.86, 0.9, 0.62], [1.14, 0.95, 0.33]]","[267, 265]",16.0
542,1788356998861566133,307200,103280,3,2,38.0,"[35.2, 38.0]","['INSIDE', 'INSIDE']","[[0.73, 0.16, 0.87], [0.59, 0.43, 0.33]]","[267, 265]",20.0
543,1788356998960602135,307200,103306,2,2,33.8,"[28.6, 33.8]","['INSIDE', 'INSIDE']","[[0.94, 1.87, 1.04], [0.71, 0.25, 1.21]]","[262, 267]",14.0
544,1788356999062557517,307200,103455,4,2,39.2,"[34.2, 39.2]","['INSIDE', 'INSIDE']","[[1.57, 1.51, 1.29], [0.93, 1.03, 1.05]]","[267, 265]",57.0
545,1788356999158695083,307200,103582,6,5,35.2,"[27.5, 29.2, 31.5, 33.9, 35.2]","['INSIDE', 'INSIDE', 'INSIDE', 'INSIDE', 'INSIDE']","[[1.05, 0.65, 0.99], [0.58, 2.02, 1.05], [1.89, 1.94, 1.16], [1.03, 0.5, 0.34], [0.25, 1.3, 0.92]]","[262, 269, 250, 267, 265]",57.4
