frame,ts_ns,in_points,roi_points,raw_candidates,confirmed,max_dist,dist_list,zone_list,size_list,track_id_list,proc_ms
1,1788354623110040384,921600,95620,33,0,0.0,[],[],[],[],552.0
2,1788354623210133818,921600,95584,41,0,0.0,[],[],[],[],465.9
3,1788354623301011132,921600,95580,32,0,0.0,[],[],[],[],472.2
4,1788354623393736917,921600,95629,38,0,0.0,[],[],[],[],539.0
5,1788354623493171874,921600,95519,35,0,0.0,[],[],[],[],535.0
6,1788354623592582162,921600,95603,40,0,0.0,[],[],[],[],565.1
7,1788354623694205255,921600,95574,38,0,0.0,[],[],[],[],504.8
8,1788354623794177870,921600,95603,39,0,0.0,[],[],[],[],505.8
9,1788354623895983304,921600,95520,36,0,0.0,[],[],[],[],521.1
10,1788354624000304661,921600,95613,39,0,0.0,[],[],[],[],494.5
11,1788354624096687234,921600,95596,36,0,0.0,[],[],[],[],554.7
12,1788354624196840376,921600,95614,41,0,0.0,[],[],[],[],529.1
13,1788354624305537930,921600,95586,35,0,0.0,[],[],[],[],506.6
14,1788354624405331031,921600,95531,40,0,0.0,[],[],[],[],500.4
15,1788354624505599273,921600,95523,36,14,100.0,"[0.5, 31.2, 34.4, 40.3, 44.6, 46.9, 49.6, 85.6, 89.3, 90.9, 93.8, 96.3, 98.1, 100.0]","['INSIDE', 'INSIDE', 'INSIDE', 'INSIDE', 'RAIL', 'RAIL', 'RAIL', 'OUTSIDE', 'INSIDE', 'NEAR', 'OUTSIDE', 'NEAR', 'OUTSIDE', 'INSIDE']","[[0.99, 0.59, 1.66], [0.26, 0.12, 0.52], [0.25, 0.24, 0.4], [0.59, 0.86, 0.67], [1.38, 0.4, 0.62], [0.62, 0.38, 0.21], [0.15, 0.16, 0.14], [0.12, 0.93, 0.0], [0.36, 3.29, 0.18], [0.03, 1.01, 0.0], [0.05, 1.03, 0.0], [0.12, 1.04, 0.0], [1.91, 1.76, 0.01], [0.13, 0.7, 0.0]]","[2, 12, 4, 5, 7, 8, 13, 16, 18, 21, 29, 14, 30, 33]",526.5
16,1788354624601901346,921600,95575,39,19,119.7,"[0.5, 31.3, 34.3, 39.8, 42.1, 44.6, 46.7, 49.1, 82.8, 83.6, 85.7, 90.7, 91.0, 94.3, 96.3, 98.1, 100.0, 105.4, 119.7]","['INSIDE', 'INSIDE', 'INSIDE', 'NEAR', 'RAIL', 'RAIL', 'RAIL', 'RAIL', 'INSIDE', 'OUTSIDE', 'OUTSIDE', 'OUTSIDE', 'OUTSIDE', 'OUTSIDE', 'RAIL', 'INSIDE', 'OUTSIDE', 'INSIDE', 'RAIL']","[[1.1, 0.09, 0.45], [1.36, 0.62, 1.66], [0.22, 0.24, 0.4], [0.83, 1.09, 0.33], [0.22, 0.08, 0.25], [1.57, 0.44, 0.69], [0.59, 0.38, 0.21], [0.14, 0.16, 0.14], [1.84, 4.42, 1.24], [0.14, 0.73, 0.0], [0.76, 2.02, 0.19], [0.17, 2.31, 0.19], [0.12, 1.2, 0.0], [0.22, 0.74, 0.0], [0.05, 0.84, 0.0], [0.14, 0.64, 0.0], [0.74, 1.14, 0.0], [0.02, 1.05, 0.0], [0.09, 1.29, 0.0]]","[12, 2, 4, 5, 10, 7, 8, 13, 17, 26, 16, 21, 29, 14, 24, 18, 30, 33, 22]",562.6
17,1788354624709686516,921600,95641,32,19,117.9,"[0.5, 31.3, 34.4, 42.1, 44.6, 46.9, 49.6, 82.2, 85.5, 85.6, 87.3, 90.9, 93.8, 96.3, 98.1, 100.0, 103.5, 103.6, 117.9]","['INSIDE', 'INSIDE', 'INSIDE', 'RAIL', 'RAIL', 'RAIL', 'RAIL', 'INSIDE', 'OUTSIDE', 'OUTSIDE', 'INSIDE', 'NEAR', 'OUTSIDE', 'NEAR', 'RAIL', 'OUTSIDE', 'INSIDE', 'OUTSIDE', 'RAIL']","[[0.97, 0.66, 1.75], [0.26, 0.24, 0.4], [0.63, 0.86, 0.67], [0.24, 0.08, 0.25], [1.39, 0.4, 0.62], [0.62, 0.39, 0.21], [0.13, 0.17, 0.14], [0.66, 4.14, 1.24], [0.15, 2.34, 0.17], [0.11, 0.92, 0.0], [0.26, 3.29, 0.18], [0.02, 1.01, 0.0], [0.1, 1.2, 0.0], [0.18, 1.04, 0.0], [0.03, 0.82, 0.0], [1.91, 1.76, 0.01], [0.08, 0.7, 0.0], [0.05, 1.09, 0.0], [0.12, 1.27, 0.0]]","[2, 4, 5, 10, 7, 8, 13, 17, 27, 35, 18, 21, 29, 14, 24, 30, 33, 38, 22]",523.7
18,1788354624803121202,921600,95592,42,24,117.9,"[0.5, 31.3, 34.3, 39.8, 42.1, 43.5, 44.6, 47.0, 49.1, 82.8, 83.8, 85.6, 87.3, 89.0, 90.7, 91.0, 94.3, 96.3, 96.5, 98.1, 100.0, 103.5, 103.6, 117.9]","['INSIDE', 'INSIDE', 'INSIDE', 'NEAR', 'RAIL', 'RAIL', 'RAIL', 'INSIDE', 'RAIL', 'INSIDE', 'OUTSIDE', 'INSIDE', 'OUTSIDE', 'OUTSIDE', 'OUTSIDE', 'OUTSIDE', 'RAIL', 'OUTSIDE', 'INSIDE', 'OUTSIDE', 'INSIDE', 'INSIDE', 'OUTSIDE', 'RAIL']","[[1.14, 0.08, 0.45], [1.0, 0.61, 1.88], [0.22, 0.24, 0.4], [0.86, 1.09, 0.12], [0.24, 0.08, 0.25], [1.59, 0.44, 0.69], [0.59, 0.39, 0.21], [1.48, 1.35, 0.06], [0.16, 0.16, 0.15], [1.83, 4.42, 1.24], [0.26, 0.88, 0.0], [0.46, 3.74, 0.84], [0.78, 2.18, 0.19], [0.13, 0.78, 0.0], [0.17, 2.31, 0.19], [0.15, 1.2, 0.0], [0.02, 1.03, 0.0], [0.04, 0.6, 0.0], [0.07, 0.64, 0.0], [0.65, 0.81, 0.0], [0.13, 1.01, 0.0], [0.07, 1.05, 0.0], [0.08, 1.09, 0.0], [0.07, 1.27, 0.0]]","[12, 2, 4, 5, 10, 7, 8, 11, 13, 17, 26, 35, 16, 28, 21, 29, 24, 14, 18, 30, 36, 33, 38, 22]",578.8
19,1788354624895623930,921600,95639,36,27,116.1,"[0.5, 31.2, 34.4, 40.2, 42.7, 44.6, 46.9, 49.6, 82.2, 83.6, 85.5, 85.6, 87.3, 87.3, 89.0, 89.2, 89.2, 90.9, 93.2, 93.7, 96.3, 98.1, 100.0, 103.5, 103.6, 109.0, 116.1]","['INSIDE', 'INSIDE', 'INSIDE', 'INSIDE', 'RAIL', 'RAIL', 'INSIDE', 'RAIL', 'INSIDE', 'OUTSIDE', 'OUTSIDE', 'INSIDE', 'OUTSIDE', 'OUTSIDE', 'INSIDE', 'OUTSIDE', 'OUTSIDE', 'OUTSIDE', 'RAIL', 'NEAR', 'INSIDE', 'OUTSIDE', 'OUTSIDE', 'INSIDE', 'OUTSIDE', 'RAIL', 'RAIL']","[[1.02, 0.65, 1.88], [0.26, 0.12, 0.52], [0.28, 0.24, 0.41], [0.71, 0.94, 0.68], [1.39, 0.39, 0.62], [0.67, 0.38, 0.21], [1.38, 0.88, 0.06], [0.14, 0.17, 0.14], [0.66, 3.85, 1.24], [0.35, 2.15, 0.16], [0.16, 2.19, 0.17], [0.47, 3.22, 0.61], [0.1, 0.93, 0.0], [0.11, 1.07, 0.0], [0.32, 3.29, 0.18], [0.04, 0.47, 0.0], [0.02, 1.01, 0.0], [0.11, 1.03, 0.0], [0.04, 0.81, 0.0], [0.18, 1.19, 0.0], [0.17, 0.62, 0.0], [1.79, 1.44, 0.01], [1.38, 1.34, 0.01], [0.15, 0.87, 0.0], [0.05, 0.72, 0.0], [0.09, 1.27, 0.0], [0.05, 0.76, 0.0]]","[2, 12, 4, 5, 7, 8, 11, 13, 17, 26, 27, 35, 25, 28, 18, 31, 21, 29, 24, 14, 16, 30, 36, 33, 38, 22, 39]",559.0
20,1788354624996868725,921600,95581,38,31,119.7,"[0.5, 31.3, 34.3, 39.8, 40.3, 42.1, 43.5, 44.6, 46.9, 49.3, 82.2, 83.8, 85.5, 85.7, 87.4, 88.9, 89.1, 90.9, 91.0, 93.6, 94.3, 96.3, 96.4, 98.1, 98.2, 101.7, 101.9, 103.5, 105.3, 117.9, 119.7]","['INSIDE', 'INSIDE', 'INSIDE', 'NEAR', 'RAIL', 'RAIL', 'RAIL', 'INSIDE', 'INSIDE', 'RAIL', 'INSIDE', 'INSIDE', 'OUTSIDE', 'INSIDE', 'INSIDE', 'NEAR', 'OUTSIDE', 'INSIDE', 'OUTSIDE', 'OUTSIDE', 'RAIL', 'OUTSIDE', 'RAIL', 'INSIDE', 'OUTSIDE', 'INSIDE', 'INSIDE', 'INSIDE', 'OUTSIDE', 'RAIL', 'OUTSIDE']","[[1.12, 0.09, 0.45], [0.91, 0.61, 1.66], [0.25, 0.24, 0.4], [1.36, 1.16, 0.13], [0.25, 0.08, 0.25], [1.59, 0.44, 0.69], [0.59, 0.38, 0.21], [1.57, 1.71, 0.08], [1.46, 1.35, 0.06], [0.16, 0.16, 0.14], [0.63, 4.42, 1.24], [0.28, 2.88, 0.16], [0.17, 2.49, 0.17], [0.4, 2.96, 0.18], [0.56, 3.74, 0.84], [0.32, 1.42, 0.0], [0.36, 1.1, 0.0], [2.09, 4.23, 0.2], [0.16, 2.31, 0.19], [0.04, 1.03, 0.0], [0.01, 1.03, 0.0], [0.14, 0.74, 0.0], [0.02, 0.84, 0.0], [0.05, 0.64, 0.0], [0.75, 1.13, 0.0], [0.05, 1.01, 0.0], [0.06, 0.86, 0.0], [0.02, 0.53, 0.0], [0.04, 1.08, 0.0], [0.05, 0.53, 0.0], [0.02, 0.92, 0.0]]","[12, 2, 4, 5, 10, 7, 8, 6, 11, 13, 17, 26, 27, 25, 35, 18, 31, 20, 21, 29, 24, 14, 43, 16, 30, 37, 33, 38, 22, 40, 39]",508.9
21,1788354625096075341,921600,95563,38,29,117.9,"[0.5, 31.3, 34.6, 40.3, 42.1, 43.1, 44.6, 46.9, 49.6, 82.8, 85.5, 85.7, 87.3, 87.3, 89.0, 89.1, 91.0, 93.5, 93.8, 96.3, 96.4, 98.1, 98.2, 100.0, 101.7, 101.9, 103.5, 105.4, 117.9]","['INSIDE', 'INSIDE', 'INSIDE', 'RAIL', 'RAIL', 'RAIL', 'INSIDE', 'INSIDE', 'RAIL', 'INSIDE', 'OUTSIDE', 'INSIDE', 'OUTSIDE', 'INSIDE', 'OUTSIDE', 'INSIDE', 'NEAR', 'OUTSIDE', 'NEAR', 'RAIL', 'INSIDE', 'OUTSIDE', 'INSIDE', 'INSIDE', 'INSIDE', 'NEAR', 'RAIL', 'OUTSIDE', 'RAIL']","[[0.94, 0.6, 1.66], [0.26, 0.24, 0.4], [0.57, 0.77, 0.67], [0.23, 0.08, 0.25], [0.99, 0.33, 0.62], [0.58, 0.38, 0.21], [1.38, 1.58, 0.07], [1.84, 1.34, 0.08], [0.11, 0.16, 0.14], [1.98, 4.14, 1.24], [0.15, 2.04, 0.17], [0.5, 3.08, 0.18], [0.12, 0.61, 0.0], [0.23, 3.14, 0.18], [0.05, 0.47, 0.0], [2.17, 3.73, 0.2], [0.03, 1.01, 0.0], [0.06, 1.2, 0.0], [0.16, 1.04, 0.0], [0.05, 0.82, 0.0], [0.27, 1.57, 0.61], [1.81, 1.6, 0.01], [0.04, 0.84, 0.0], [0.06, 0.51, 0.0], [0.03, 0.52, 0.0], [0.08, 1.07, 0.0], [0.03, 0.89, 0.0], [0.06, 1.08, 0.0], [0.03, 1.1, 0.0]]","[2, 4, 5, 10, 7, 8, 6, 11, 13, 17, 27, 25, 28, 16, 31, 20, 21, 29, 14, 24, 35, 30, 37, 33, 41, 38, 40, 22, 34]",507.5
22,1788354625198532267,921600,95644,38,31,119.7,"[0.5, 31.3, 34.3, 34.5, 39.8, 40.1, 42.1, 43.4, 44.6, 46.8, 49.3, 82.2, 83.5, 85.6, 87.3, 89.1, 91.0, 94.3, 96.2, 96.3, 96.4, 98.1, 98.2, 100.0, 101.7, 103.5, 105.3, 105.4, 107.2, 117.9, 119.7]","['INSIDE', 'INSIDE', 'INSIDE', 'INSIDE', 'NEAR', 'RAIL', 'RAIL', 'RAIL', 'INSIDE', 'INSIDE', 'RAIL', 'INSIDE', 'INSIDE', 'OUTSIDE', 'INSIDE', 'NEAR', 'OUTSIDE', 'RAIL', 'RAIL', 'NEAR', 'INSIDE', 'OUTSIDE', 'OUTSIDE', 'INSIDE', 'OUTSIDE', 'INSIDE', 'INSIDE', 'NEAR', 'OUTSIDE', 'RAIL', 'RAIL']","[[1.13, 2.02, 2.38], [1.1, 0.11, 0.45], [1.22, 0.61, 1.88], [0.22, 0.17, 0.3], [0.64, 1.16, 0.57], [0.22, 0.08, 0.25], [1.59, 0.44, 0.69], [0.62, 0.39, 0.26], [1.77, 1.7, 0.09], [0.92, 0.9, 0.04], [0.11, 0.16, 0.14], [0.56, 4.71, 1.24], [0.45, 2.58, 0.39], [0.17, 1.09, 0.0], [0.1, 0.67, 0.0], [0.08, 1.03, 0.0], [0.11, 0.89, 0.0], [0.03, 0.82, 0.0], [0.06, 1.05, 0.0], [0.25, 1.06, 0.0], [0.16, 0.48, 0.0], [0.67, 0.81, 0.0], [0.04, 1.01, 0.0], [0.05, 1.03, 0.0], [0.05, 0.51, 0.0], [0.06, 0.52, 0.0], [0.14, 0.53, 0.0], [0.03, 0.9, 0.0], [0.06, 0.92, 0.0], [0.03, 1.29, 0.0], [0.03, 1.12, 0.0]]","[1, 12, 2, 4, 5, 10, 7, 8, 6, 11, 13, 17, 26, 31, 21, 29, 14, 24, 43, 35, 16, 30, 37, 33, 36, 41, 38, 22, 39, 34, 40]",584.7
23,1788354625300141499,921600,95505,44,37,119.7,"[0.5, 31.3, 34.3, 34.5, 36.5, 38.1, 40.2, 42.1, 43.4, 44.6, 47.0, 49.6, 83.0, 85.5, 85.6, 87.3, 87.3, 89.1, 89.1, 91.0, 91.0, 93.6, 93.6, 93.8, 96.3, 96.4, 98.0, 98.2, 99.9, 100.1, 101.7, 103.6, 103.6, 105.3, 105.4, 117.9, 119.7]","['INSIDE', 'INSIDE', 'INSIDE', 'INSIDE', 'RAIL', 'RAIL', 'RAIL', 'INSIDE', 'INSIDE', 'INSIDE', 'INSIDE', 'RAIL', 'INSIDE', 'OUTSIDE', 'INSIDE', 'OUTSIDE', 'NEAR', 'INSIDE', 'OUTSIDE', 'OUTSIDE', 'OUTSIDE', 'OUTSIDE', 'OUTSIDE', 'RAIL', 'RAIL', 'INSIDE', 'INSIDE', 'OUTSIDE', 'OUTSIDE', 'INSIDE', 'INSIDE', 'INSIDE', 'RAIL', 'OUTSIDE', 'RAIL', 'OUTSIDE', 'RAIL']","[[1.17, 2.01, 2.38], [0.96, 0.61, 1.88], [0.23, 0.24, 0.4], [0.64, 0.68, 0.34], [0.22, 0.08, 0.25], [1.6, 0.44, 0.69], [0.58, 0.39, 0.21], [1.09, 0.64, 0.06], [1.33, 1.57, 0.07], [1.2, 1.2, 0.05], [1.07, 1.42, 0.07], [0.15, 0.16, 0.15], [2.19, 4.28, 1.24], [0.16, 2.49, 0.17], [0.4, 2.67, 0.37], [0.09, 0.92, 0.0], [0.15, 1.11, 0.0], [2.0, 2.12, 0.01], [0.05, 0.47, 0.0], [0.14, 2.31, 0.19], [0.26, 1.2, 0.0], [0.05, 0.52, 0.0], [0.14, 0.89, 0.0], [0.04, 1.03, 0.0], [0.03, 0.63, 0.0], [0.36, 1.88, 0.61], [0.13, 0.8, 0.0], [1.82, 1.27, 0.01], [1.87, 1.84, 0.01], [0.09, 1.01, 0.0], [0.05, 0.86, 0.0], [0.25, 1.22, 0.0], [0.31, 0.9, 0.29], [0.19, 1.09, 0.0], [0.08, 1.27, 0.0], [0.02, 0.74, 0.0], [0.03, 1.1, 0.0]]","[1, 2, 4, 5, 10, 7, 8, 3, 6, 11, 12, 13, 26, 27, 25, 28, 18, 19, 31, 36, 29, 32, 14, 24, 43, 35, 16, 30, 20, 37, 33, 41, 38, 22, 34, 39, 40]",517.1
24,1788354625400689306,921600,95504,41,34,119.7,"[0.4, 31.3, 34.3, 34.6, 36.7, 39.8, 40.2, 42.1, 43.4, 44.6, 46.9, 49.4, 82.8, 85.6, 87.4, 89.1, 89.3, 90.9, 91.0, 93.5, 94.5, 96.3, 96.5, 98.1, 98.3, 99.8, 100.0, 101.7, 103.5, 103.7, 105.4, 105.4, 118.0, 119.7]","['INSIDE', 'INSIDE', 'INSIDE', 'INSIDE', 'NEAR', 'RAIL', 'RAIL', 'RAIL', 'INSIDE', 'INSIDE', 'INSIDE', 'RAIL', 'INSIDE', 'INSIDE', 'INSIDE', 'OUTSIDE', 'OUTSIDE', 'INSIDE', 'OUTSIDE', 'NEAR', 'OUTSIDE', 'OUTSIDE', 'RAIL', 'RAIL', 'NEAR', 'OUTSIDE', 'OUTSIDE', 'INSIDE', 'INSIDE', 'INSIDE', 'NEAR', 'RAIL', 'OUTSIDE', 'RAIL']","[[1.17, 2.02, 2.39], [1.13, 0.08, 0.52], [1.16, 0.61, 1.88], [0.18, 0.17, 0.3], [0.55, 1.17, 0.57], [0.23, 0.08, 0.25], [1.57, 0.44, 0.69], [0.63, 0.39, 0.26], [1.87, 1.71, 0.1], [0.95, 0.9, 0.04], [1.24, 1.44, 0.08], [0.18, 0.16, 0.15], [1.92, 4.71, 1.24], [0.19, 3.14, 0.18], [1.52, 1.62, 0.01], [0.12, 0.78, 0.0], [0.04, 0.48, 0.0], [0.89, 1.59, 0.18], [0.16, 2.48, 0.19], [0.13, 1.03, 0.0], [0.32, 1.23, 0.0], [0.19, 1.04, 0.0], [0.02, 0.62, 0.0], [0.05, 1.05, 0.0], [0.08, 0.91, 0.0], [0.48, 0.81, 0.0], [0.17, 1.18, 0.0], [0.2, 1.2, 0.0], [0.05, 0.52, 0.0], [0.1, 1.07, 0.0], [0.07, 1.09, 0.0], [0.09, 1.08, 0.0], [0.09, 1.11, 0.0], [0.03, 1.29, 0.0]]","[1, 3, 2, 4, 5, 10, 7, 8, 6, 11, 12, 13, 26, 18, 19, 31, 16, 25, 36, 29, 32, 14, 24, 43, 35, 30, 37, 33, 41, 38, 22, 34, 39, 40]",503.7
25,1788354625493345046,921600,95612,37,34,117.9,"[0.5, 31.3, 34.6, 34.6, 40.2, 40.3, 43.1, 44.6, 46.9, 49.6, 82.8, 83.7, 85.5, 85.6, 87.3, 87.3, 89.0, 89.1, 90.9, 92.7, 93.5, 93.7, 96.3, 96.4, 98.1, 98.2, 100.0, 101.7, 101.9, 103.5, 103.6, 105.3, 116.2, 117.9]","['INSIDE', 'INSIDE', 'INSIDE', 'INSIDE', 'INSIDE', 'RAIL', 'RAIL', 'INSIDE', 'INSIDE', 'RAIL', 'INSIDE', 'OUTSIDE', 'OUTSIDE', 'INSIDE', 'OUTSIDE', 'INSIDE', 'OUTSIDE', 'INSIDE', 'OUTSIDE', 'NEAR', 'OUTSIDE', 'RAIL', 'NEAR', 'RAIL', 'INSIDE', 'OUTSIDE', 'INSIDE', 'INSIDE', 'INSIDE', 'INSIDE', 'RAIL', 'OUTSIDE', 'RAIL', 'OUTSIDE']","[[1.19, 2.14, 2.39], [0.96, 0.65, 1.88], [0.27, 0.12, 0.52], [0.25, 0.24, 0.4], [0.68, 0.86, 0.67], [1.02, 0.33, 0.62], [0.6, 0.38, 0.21], [1.4, 1.58, 0.07], [1.89, 1.33, 0.08], [0.17, 0.16, 0.14], [1.97, 3.99, 1.24], [0.21, 0.74, 0.0], [0.14, 2.34, 0.17], [0.45, 2.92, 0.37], [0.15, 1.07, 0.0], [0.3, 3.13, 0.18], [0.07, 0.62, 0.0], [0.28, 0.65, 0.0], [2.12, 2.43, 0.19], [0.03, 1.01, 0.0], [0.07, 1.2, 0.0], [0.05, 1.01, 0.0], [0.15, 1.04, 0.0], [0.04, 0.82, 0.0], [0.24, 1.57, 0.61], [1.83, 1.6, 0.01], [0.1, 1.01, 0.0], [0.05, 0.51, 0.0], [0.03, 0.52, 0.0], [0.03, 0.89, 0.0], [0.04, 0.89, 0.0], [0.09, 1.09, 0.0], [0.04, 1.27, 0.0], [0.05, 0.55, 0.0]]","[1, 2, 3, 4, 5, 7, 8, 6, 11, 13, 26, 27, 28, 25, 31, 18, 16, 19, 20, 36, 29, 24, 14, 43, 35, 30, 37, 33, 32, 38, 34, 22, 40, 39]",573.4
26,1788354625595133098,921600,95560,39,31,117.9,"[0.5, 31.3, 34.3, 34.5, 36.6, 39.8, 40.2, 42.1, 44.6, 46.7, 49.3, 81.0, 85.6, 87.3, 89.1, 90.0, 91.0, 93.7, 94.4, 96.3, 96.5, 98.1, 98.3, 99.9, 100.0, 101.8, 103.6, 103.6, 105.3, 114.3, 117.9]","['INSIDE', 'INSIDE', 'INSIDE', 'INSIDE', 'NEAR', 'RAIL', 'RAIL', 'RAIL', 'INSIDE', 'INSIDE', 'RAIL', 'INSIDE', 'INSIDE', 'OUTSIDE', 'INSIDE', 'OUTSIDE', 'NEAR', 'OUTSIDE', 'OUTSIDE', 'RAIL', 'NEAR', 'INSIDE', 'OUTSIDE', 'NEAR', 'INSIDE', 'INSIDE', 'INSIDE', 'NEAR', 'RAIL', 'OUTSIDE', 'RAIL']","[[1.13, 2.02, 2.38], [1.1, 0.09, 0.45], [1.23, 0.68, 1.66], [0.24, 0.22, 0.4], [0.6, 1.1, 0.33], [0.21, 0.08, 0.25], [1.58, 0.44, 0.69], [0.62, 0.39, 0.21], [1.32, 1.56, 0.07], [1.21, 1.54, 0.08], [0.13, 0.17, 0.14], [5.6, 5.67, 1.37], [2.16, 3.29, 0.36], [0.11, 0.94, 0.0], [1.85, 2.12, 0.01], [0.14, 2.48, 0.19], [0.08, 1.03, 0.0], [0.1, 1.05, 0.0], [0.1, 0.89, 0.0], [0.04, 1.03, 0.0], [0.41, 1.21, 0.0], [0.06, 0.48, 0.0], [0.57, 0.98, 0.0], [0.1, 1.18, 0.0], [0.3, 1.03, 0.0], [0.19, 1.05, 0.0], [0.27, 0.71, 0.0], [0.08, 1.09, 0.0], [0.05, 1.27, 0.0], [0.07, 1.1, 0.0], [0.03, 0.8, 0.0]]","[1, 3, 2, 4, 5, 10, 7, 8, 6, 12, 13, 17, 25, 16, 19, 36, 29, 32, 14, 43, 35, 18, 30, 37, 33, 41, 38, 22, 40, 39, 24]",539.3
27,1788354625699054533,921600,95622,37,31,116.2,"[0.5, 31.2, 34.6, 34.6, 40.2, 40.3, 43.1, 44.6, 46.9, 49.6, 82.8, 83.5, 83.7, 85.5, 85.6, 87.2, 87.3, 89.2, 90.9, 92.7, 93.6, 93.7, 96.3, 96.4, 98.1, 100.0, 101.8, 101.8, 103.5, 103.6, 116.2]","['INSIDE', 'INSIDE', 'INSIDE', 'INSIDE', 'INSIDE', 'RAIL', 'RAIL', 'INSIDE', 'INSIDE', 'RAIL', 'INSIDE', 'OUTSIDE', 'OUTSIDE', 'INSIDE', 'OUTSIDE', 'INSIDE', 'INSIDE', 'OUTSIDE', 'NEAR', 'OUTSIDE', 'OUTSIDE', 'RAIL', 'NEAR', 'INSIDE', 'OUTSIDE', 'INSIDE', 'INSIDE', 'NEAR', 'RAIL', 'OUTSIDE', 'RAIL']","[[1.19, 2.14, 2.39], [0.97, 0.65, 1.66], [0.24, 0.12, 0.52], [0.26, 0.24, 0.4], [0.69, 0.86, 0.67], [0.99, 0.35, 0.62], [0.62, 0.38, 0.21], [1.34, 1.57, 0.07], [1.9, 1.33, 0.08], [0.14, 0.15, 0.14], [1.96, 3.99, 1.24], [0.38, 0.74, 0.0], [0.17, 2.34, 0.17], [0.32, 3.08, 0.18], [0.09, 0.76, 0.0], [0.26, 2.98, 0.18], [0.29, 0.65, 0.0], [1.88, 2.43, 0.19], [0.04, 1.01, 0.0], [0.14, 1.2, 0.0], [1.05, 1.16, 0.01], [0.07, 1.02, 0.0], [0.15, 1.04, 0.0], [0.27, 1.57, 0.61], [1.82, 1.6, 0.01], [0.14, 1.01, 0.0], [0.21, 0.7, 0.0], [0.08, 1.07, 0.0], [0.03, 0.89, 0.0], [0.06, 0.9, 0.0], [0.21, 1.26, 0.0]]","[1, 2, 3, 4, 5, 7, 8, 6, 11, 13, 26, 27, 28, 25, 31, 18, 19, 20, 36, 29, 14, 43, 35, 16, 30, 37, 41, 38, 34, 22, 40]",521.6
28,1788354625796947029,921600,95518,35,29,119.7,"[0.5, 31.3, 34.3, 34.5, 36.6, 40.1, 42.1, 43.4, 44.6, 46.8, 49.3, 81.0, 85.6, 87.4, 88.9, 93.4, 94.5, 96.2, 96.3, 96.4, 98.2, 98.2, 99.8, 100.0, 101.7, 103.5, 103.6, 105.3, 119.7]","['INSIDE', 'INSIDE', 'INSIDE', 'NEAR', 'RAIL', 'RAIL', 'RAIL', 'INSIDE', 'INSIDE', 'INSIDE', 'RAIL', 'INSIDE', 'OUTSIDE', 'INSIDE', 'INSIDE', 'NEAR', 'OUTSIDE', 'OUTSIDE', 'RAIL', 'NEAR', 'OUTSIDE', 'OUTSIDE', 'INSIDE', 'OUTSIDE', 'INSIDE', 'INSIDE', 'NEAR', 'RAIL', 'OUTSIDE']","[[1.14, 2.01, 2.38], [1.19, 0.61, 1.88], [0.22, 0.17, 0.3], [0.55, 1.1, 0.12], [0.22, 0.08, 0.25], [1.58, 0.44, 0.69], [0.63, 0.39, 0.26], [1.78, 1.7, 0.09], [0.93, 0.9, 0.04], [1.22, 1.44, 0.08], [0.1, 0.16, 0.14], [5.6, 5.67, 1.37], [0.41, 1.25, 0.0], [1.34, 1.45, 0.01], [0.06, 0.67, 0.0], [0.13, 1.03, 0.0], [0.18, 1.22, 0.0], [0.11, 0.89, 0.0], [0.05, 1.05, 0.0], [0.36, 1.21, 0.0], [0.63, 0.97, 0.0], [0.04, 1.01, 0.0], [0.05, 1.03, 0.0], [0.03, 0.5, 0.0], [0.05, 0.52, 0.0], [0.08, 0.53, 0.0], [0.06, 0.9, 0.0], [0.06, 1.08, 0.0], [0.04, 0.92, 0.0]]","[1, 2, 4, 5, 10, 7, 8, 6, 11, 12, 13, 17, 31, 19, 21, 29, 32, 35, 43, 16, 30, 37, 33, 36, 41, 38, 22, 40, 39]",563.1
29,1788354625896938022,921600,95657,39,34,117.9,"[0.5, 30.0, 31.3, 34.6, 34.6, 40.2, 42.1, 43.1, 44.6, 46.9, 49.6, 82.9, 83.7, 85.5, 85.7, 87.3, 87.3, 89.1, 91.0, 92.7, 93.6, 93.8, 94.3, 96.3, 96.4, 98.1, 98.2, 100.0, 101.7, 101.8, 103.5, 103.6, 105.3, 117.9]","['INSIDE', 'INSIDE', 'INSIDE', 'INSIDE', 'RAIL', 'RAIL', 'RAIL', 'RAIL', 'INSIDE', 'INSIDE', 'RAIL', 'INSIDE', 'OUTSIDE', 'INSIDE', 'OUTSIDE', 'INSIDE', 'INSIDE', 'INSIDE', 'NEAR', 'OUTSIDE', 'OUTSIDE', 'NEAR', 'RAIL', 'INSIDE', 'OUTSIDE', 'OUTSIDE', 'INSIDE', 'INSIDE', 'INSIDE', 'RAIL', 'RAIL', 'OUTSIDE', 'RAIL', 'OUTSIDE']","[[1.18, 2.14, 2.39], [0.94, 0.59, 1.66], [0.27, 0.24, 0.4], [0.54, 0.77, 0.67], [0.22, 0.08, 0.25], [0.96, 0.33, 0.62], [0.56, 0.38, 0.21], [0.21, 0.23, 0.24], [1.4, 1.58, 0.07], [1.86, 1.34, 0.08], [0.13, 0.16, 0.14], [2.01, 4.14, 1.24], [0.16, 2.04, 0.17], [0.41, 2.92, 0.18], [0.13, 0.77, 0.0], [0.28, 3.14, 0.18], [0.22, 0.65, 0.0], [0.62, 0.83, 0.0], [0.05, 1.01, 0.0], [0.1, 1.03, 0.0], [1.04, 1.16, 0.01], [0.19, 1.04, 0.0], [0.03, 0.82, 0.0], [0.27, 1.57, 0.61], [1.89, 1.6, 0.01], [1.74, 1.51, 0.01], [0.05, 1.01, 0.0], [0.03, 0.51, 0.0], [0.03, 0.52, 0.0], [0.36, 1.26, 0.29], [0.02, 0.89, 0.0], [0.07, 1.09, 0.0], [0.04, 1.08, 0.0], [0.02, 0.55, 0.0]]","[1, 2, 4, 5, 10, 7, 8, 9, 6, 11, 13, 26, 28, 25, 31, 18, 19, 20, 21, 29, 14, 35, 43, 16, 30, 36, 37, 33, 41, 38, 34, 22, 40, 39]",560.1
30,1788354625996831513,921600,95561,39,34,117.9,"[0.5, 31.3, 33.2, 34.3, 34.5, 36.6, 40.1, 42.1, 43.4, 44.6, 46.8, 49.3, 82.8, 85.6, 87.5, 89.1, 89.3, 90.9, 93.4, 94.3, 96.2, 96.3, 96.4, 98.1, 98.2, 99.9, 100.0, 101.7, 103.5, 103.6, 105.3, 105.4, 114.3, 117.9]","['INSIDE', 'INSIDE', 'INSIDE', 'NEAR', 'RAIL', 'RAIL', 'RAIL', 'INSIDE', 'INSIDE', 'INSIDE', 'INSIDE', 'RAIL', 'INSIDE', 'INSIDE', 'INSIDE', 'OUTSIDE', 'INSIDE', 'INSIDE', 'NEAR', 'OUTSIDE', 'OUTSIDE', 'RAIL', 'NEAR', 'OUTSIDE', 'OUTSIDE', 'INSIDE', 'OUTSIDE', 'INSIDE', 'RAIL', 'NEAR', 'OUTSIDE', 'RAIL', 'RAIL', 'RAIL']","[[1.15, 2.01, 2.39], [1.23, 0.61, 1.88], [0.2, 0.22, 0.3], [0.64, 1.16, 0.57], [0.22, 0.08, 0.25], [1.6, 0.44, 0.69], [0.63, 0.39, 0.21], [0.43, 0.34, 0.57], [1.8, 1.7, 0.09], [0.94, 0.9, 0.04], [1.24, 1.44, 0.08], [0.1, 0.16, 0.13], [1.89, 4.71, 1.24], [0.81, 3.27, 0.18], [0.33, 3.14, 0.18], [0.16, 0.78, 0.0], [1.34, 1.45, 0.01], [0.07, 0.67, 0.0], [0.21, 1.2, 0.0], [0.17, 1.22, 0.0], [0.2, 1.19, 0.0], [0.03, 0.82, 0.0], [0.41, 1.21, 0.0], [0.68, 0.48, 0.0], [0.05, 1.01, 0.0], [0.09, 1.03, 0.0], [0.02, 0.5, 0.0], [0.03, 0.52, 0.0], [0.34, 0.54, 0.29], [0.05, 1.08, 0.0], [0.04, 1.1, 0.0], [0.06, 0.9, 0.0], [0.07, 1.29, 0.0], [0.03, 0.8, 0.0]]","[1, 2, 4, 5, 10, 7, 8, 42, 6, 11, 12, 13, 26, 25, 18, 31, 19, 21, 29, 32, 35, 43, 16, 30, 37, 33, 20, 41, 38, 22, 39, 40, 48, 24]",573.3
31,1788354626093138170,921600,95590,35,32,116.1,"[0.5, 31.2, 34.4, 40.2, 40.3, 42.8, 44.6, 46.9, 49.6, 82.8, 83.3, 85.5, 85.6, 87.3, 87.3, 89.0, 89.2, 89.2, 90.9, 92.7, 93.3, 93.7, 94.3, 96.3, 96.4, 98.1, 100.0, 100.1, 101.7, 101.8, 103.5, 116.1]","['INSIDE', 'INSIDE', 'INSIDE', 'INSIDE', 'RAIL', 'RAIL', 'INSIDE', 'INSIDE', 'RAIL', 'INSIDE', 'OUTSIDE', 'INSIDE', 'OUTSIDE', 'OUTSIDE', 'INSIDE', 'OUTSIDE', 'INSIDE', 'INSIDE', 'OUTSIDE', 'OUTSIDE', 'OUTSIDE', 'RAIL', 'NEAR', 'INSIDE', 'OUTSIDE', 'OUTSIDE', 'INSIDE', 'INSIDE', 'RAIL', 'NEAR', 'RAIL', 'OUTSIDE']","[[0.95, 0.65, 1.75], [0.27, 0.12, 0.53], [0.25, 0.24, 0.4], [0.51, 0.77, 0.67], [1.38, 0.39, 0.62], [0.68, 0.38, 0.21], [1.7, 1.73, 0.09], [1.39, 0.88, 0.06], [0.14, 0.18, 0.14], [1.97, 3.85, 1.24], [0.17, 1.89, 0.17], [0.45, 3.22, 0.61], [0.09, 0.93, 0.0], [0.15, 1.07, 0.0], [0.37, 3.29, 0.18], [0.03, 0.47, 0.0], [0.09, 0.49, 0.0], [0.68, 0.99, 0.0], [0.04, 1.01, 0.0], [0.06, 1.03, 0.0], [0.8, 1.18, 0.01], [0.04, 0.81, 0.0], [0.17, 1.19, 0.0], [0.16, 0.62, 0.0], [1.85, 1.76, 0.01], [1.33, 1.34, 0.01], [0.07, 0.84, 0.0], [0.14, 0.7, 0.0], [0.1, 1.05, 0.0], [0.08, 1.07, 0.0], [0.03, 1.07, 0.0], [0.02, 1.08, 0.0]]","[2, 3, 4, 5, 7, 8, 6, 11, 13, 26, 28, 16, 25, 31, 18, 36, 19, 21, 20, 29, 14, 43, 35, 30, 37, 33, 41, 32, 34, 38, 40, 22]",545.9
32,1788354626196003597,921600,95695,38,33,114.3,"[0.5, 31.3, 33.0, 34.3, 34.5, 36.5, 39.8, 40.3, 42.1, 43.5, 44.6, 46.9, 49.3, 82.9, 85.7, 87.3, 89.1, 90.7, 91.0, 93.3, 93.6, 94.3, 96.3, 96.4, 98.1, 99.9, 100.0, 101.6, 101.9, 103.5, 103.6, 105.4, 114.3]","['INSIDE', 'INSIDE', 'INSIDE', 'INSIDE', 'NEAR', 'RAIL', 'RAIL', 'RAIL', 'OUTSIDE', 'INSIDE', 'INSIDE', 'INSIDE', 'RAIL', 'INSIDE', 'INSIDE', 'OUTSIDE', 'OUTSIDE', 'INSIDE', 'OUTSIDE', 'OUTSIDE', 'OUTSIDE', 'OUTSIDE', 'INSIDE', 'OUTSIDE', 'OUTSIDE', 'INSIDE', 'INSIDE', 'RAIL', 'OUTSIDE', 'RAIL', 'RAIL', 'RAIL', 'RAIL']","[[1.14, 2.02, 2.38], [1.11, 0.08, 0.45], [0.92, 0.61, 1.66], [0.22, 0.24, 0.4], [1.3, 1.17, 0.35], [0.22, 0.08, 0.25], [1.59, 0.44, 0.69], [0.59, 0.39, 0.21], [0.87, 1.69, 0.63], [1.54, 1.71, 0.08], [1.5, 1.35, 0.06], [1.11, 1.42, 0.07], [0.16, 0.16, 0.14], [2.01, 4.42, 1.24], [0.45, 3.9, 0.84], [0.79, 2.02, 0.19], [0.12, 0.78, 0.0], [1.35, 1.13, 0.01], [0.2, 2.31, 0.19], [0.19, 1.2, 0.0], [0.12, 0.87, 0.0], [0.2, 0.74, 0.0], [0.1, 0.64, 0.0], [2.0, 2.0, 0.02], [0.66, 0.81, 0.0], [0.07, 1.01, 0.0], [0.06, 1.05, 0.0], [0.25, 0.72, 0.29], [0.08, 1.09, 0.0], [0.02, 0.53, 0.0], [0.07, 1.27, 0.0], [0.09, 1.29, 0.0], [0.03, 0.6, 0.0]]","[1, 3, 2, 4, 5, 10, 7, 8, 42, 6, 11, 12, 13, 26, 16, 25, 36, 19, 20, 29, 32, 35, 18, 33, 37, 41, 38, 22, 39, 40, 48, 34, 24]",571.5
33,1788354626296154050,921600,95614,31,29,116.2,"[0.5, 30.0, 31.2, 34.3, 34.5, 40.2, 40.2, 42.6, 44.6, 46.9, 49.5, 82.9, 85.5, 85.6, 87.3, 89.1, 89.2, 90.9, 93.5, 96.3, 96.4, 98.0, 100.0, 100.0, 101.7, 101.9, 103.5, 114.3, 116.2]","['INSIDE', 'INSIDE', 'INSIDE', 'INSIDE', 'INSIDE', 'RAIL', 'RAIL', 'RAIL', 'INSIDE', 'INSIDE', 'RAIL', 'INSIDE', 'OUTSIDE', 'NEAR', 'OUTSIDE', 'INSIDE', 'INSIDE', 'INSIDE', 'OUTSIDE', 'OUTSIDE', 'RAIL', 'RAIL', 'INSIDE', 'INSIDE', 'INSIDE', 'RAIL', 'OUTSIDE', 'RAIL', 'OUTSIDE']","[[0.97, 1.53, 2.37], [0.36, 0.11, 0.53], [1.0, 0.65, 1.67], [0.28, 0.24, 0.4], [0.8, 1.02, 0.67], [1.55, 0.44, 0.62], [0.75, 0.38, 0.21], [0.18, 0.25, 0.2], [1.26, 1.58, 0.07], [1.22, 0.87, 0.05], [0.1, 0.17, 0.15], [2.0, 5.01, 1.09], [0.18, 1.74, 0.17], [0.05, 0.93, 0.0], [0.12, 0.92, 0.0], [0.27, 3.14, 0.18], [2.03, 3.39, 0.19], [0.37, 1.24, 0.37], [0.03, 0.84, 0.0], [0.12, 0.86, 0.0], [0.01, 0.8, 0.0], [0.11, 1.02, 0.0], [0.13, 1.19, 0.0], [0.05, 0.84, 0.0], [0.09, 1.05, 0.0], [0.1, 0.87, 0.0], [0.04, 1.07, 0.0], [0.07, 1.24, 0.0], [0.04, 0.72, 0.0]]","[1, 3, 2, 4, 5, 7, 8, 9, 6, 11, 13, 26, 28, 25, 31, 18, 33, 30, 20, 29, 24, 43, 35, 41, 38, 40, 22, 48, 39]",614.4
34,1788354626393924846,921600,95595,43,37,116.1,"[0.4, 31.3, 33.0, 34.5, 34.6, 38.0, 40.3, 42.1, 43.1, 44.6, 46.9, 49.6, 82.9, 83.6, 85.5, 85.6, 87.3, 87.3, 89.0, 89.2, 90.7, 92.8, 93.5, 93.7, 94.3, 96.3, 96.4, 98.1, 98.2, 99.8, 100.0, 101.8, 101.8, 103.5, 103.6, 105.4, 116.1]","['INSIDE', 'INSIDE', 'INSIDE', 'INSIDE', 'RAIL', 'RAIL', 'RAIL', 'OUTSIDE', 'INSIDE', 'INSIDE', 'INSIDE', 'RAIL', 'INSIDE', 'OUTSIDE', 'OUTSIDE', 'INSIDE', 'OUTSIDE', 'INSIDE', 'OUTSIDE', 'INSIDE', 'INSIDE', 'INSIDE', 'OUTSIDE', 'OUTSIDE', 'RAIL', 'NEAR', 'INSIDE', 'OUTSIDE', 'OUTSIDE', 'INSIDE', 'INSIDE', 'INSIDE', 'NEAR', 'RAIL', 'OUTSIDE', 'RAIL', 'RAIL']","[[1.22, 2.14, 2.39], [0.97, 0.62, 1.75], [0.26, 0.24, 0.4], [0.75, 1.11, 0.67], [0.24, 0.08, 0.25], [1.28, 0.35, 0.69], [0.58, 0.39, 0.21], [1.03, 1.69, 0.61], [0.23, 0.93, 0.01], [1.4, 1.58, 0.07], [1.76, 1.34, 0.07], [0.19, 0.17, 0.15], [2.17, 4.14, 1.24], [0.24, 0.59, 0.0], [0.13, 2.19, 0.17], [0.25, 2.92, 0.18], [0.11, 1.07, 0.0], [0.88, 4.37, 0.63], [0.08, 0.47, 0.0], [0.13, 0.81, 0.0], [0.54, 0.66, 0.0], [0.03, 1.01, 0.0], [0.05, 1.03, 0.0], [0.12, 0.53, 0.0], [0.03, 1.01, 0.0], [0.06, 1.05, 0.0], [0.27, 1.72, 0.61], [1.83, 1.43, 0.01], [1.86, 1.67, 0.01], [0.05, 1.01, 0.0], [0.04, 0.51, 0.0], [0.07, 0.52, 0.0], [0.19, 1.07, 0.0], [0.05, 1.07, 0.0], [0.06, 1.09, 0.0], [0.04, 1.27, 0.0], [0.02, 1.1, 0.0]]","[1, 2, 4, 5, 10, 7, 8, 42, 12, 6, 11, 13, 26, 27, 28, 25, 31, 18, 36, 19, 21, 20, 29, 32, 43, 35, 16, 37, 33, 41, 46, 38, 22, 48, 39, 34, 40]",538.1
35,1788354626501597902,921600,95693,33,31,116.1,"[0.5, 33.2, 34.3, 34.4, 38.1, 40.1, 40.3, 42.1, 42.5, 44.6, 49.4, 79.2, 82.8, 83.6, 85.4, 85.6, 87.2, 89.1, 90.9, 93.5, 96.3, 96.4, 98.1, 100.0, 100.1, 101.7, 101.9, 103.5, 107.2, 114.4, 116.1]","['INSIDE', 'INSIDE', 'INSIDE', 'INSIDE', 'RAIL', 'RAIL', 'INSIDE', 'INSIDE', 'INSIDE', 'INSIDE', 'RAIL', 'INSIDE', 'INSIDE', 'OUTSIDE', 'OUTSIDE', 'OUTSIDE', 'INSIDE', 'OUTSIDE', 'INSIDE', 'OUTSIDE', 'RAIL', 'OUTSIDE', 'RAIL', 'RAIL', 'NEAR', 'INSIDE', 'NEAR', 'RAIL', 'OUTSIDE', 'RAIL', 'OUTSIDE']","[[0.88, 1.41, 2.36], [0.48, 0.1, 0.6], [0.29, 0.2, 0.41], [0.93, 1.02, 0.68], [0.28, 0.1, 0.25], [1.54, 0.44, 0.62], [1.87, 2.71, 0.65], [0.7, 1.72, 0.04], [1.56, 1.59, 0.08], [1.14, 0.87, 0.05], [0.12, 0.16, 0.14], [1.84, 2.97, 0.87], [1.95, 4.38, 1.07], [0.13, 0.44, 0.0], [0.24, 1.74, 0.17], [0.23, 2.36, 0.17], [0.38, 3.23, 0.37], [0.11, 0.92, 0.0], [2.1, 3.23, 0.19], [0.05, 0.84, 0.0], [0.06, 1.12, 0.0], [0.03, 0.51, 0.0], [0.05, 0.8, 0.0], [0.03, 0.81, 0.0], [0.11, 0.95, 0.0], [0.04, 0.5, 0.0], [0.09, 1.05, 0.0], [0.1, 1.05, 0.0], [0.04, 1.07, 0.0], [0.06, 1.07, 0.0], [0.01, 0.54, 0.0]]","[1, 3, 4, 5, 10, 7, 42, 12, 6, 11, 13, 17, 26, 27, 28, 35, 25, 31, 33, 20, 40, 29, 24, 43, 30, 41, 38, 48, 22, 34, 39]",525.1
36,1788354626598062969,921600,95606,38,35,116.1,"[0.5, 31.2, 34.4, 34.7, 40.2, 40.3, 42.8, 44.6, 46.9, 49.6, 82.8, 83.4, 83.6, 85.5, 85.7, 87.3, 87.3, 89.2, 89.3, 90.9, 92.7, 93.2, 93.7, 94.2, 96.3, 96.4, 98.1, 100.0, 100.1, 101.6, 101.8, 103.5, 103.6, 114.4, 116.1]","['INSIDE', 'INSIDE', 'INSIDE', 'INSIDE', 'INSIDE', 'RAIL', 'RAIL', 'INSIDE', 'INSIDE', 'RAIL', 'INSIDE', 'OUTSIDE', 'OUTSIDE', 'INSIDE', 'OUTSIDE', 'OUTSIDE', 'INSIDE', 'INSIDE', 'INSIDE', 'OUTSIDE', 'OUTSIDE', 'OUTSIDE', 'RAIL', 'RAIL', 'NEAR', 'INSIDE', 'OUTSIDE', 'OUTSIDE', 'INSIDE', 'INSIDE', 'RAIL', 'RAIL', 'RAIL', 'OUTSIDE', 'RAIL']","[[1.35, 2.27, 2.4], [1.01, 0.65, 1.75], [0.28, 0.12, 0.53], [0.25, 0.24, 0.4], [0.53, 0.86, 0.67], [1.38, 0.39, 0.62], [0.7, 0.38, 0.21], [1.66, 1.73, 0.09], [1.37, 0.88, 0.06], [0.13, 0.18, 0.14], [1.97, 3.99, 1.24], [0.32, 0.74, 0.0], [0.18, 2.04, 0.17], [0.46, 3.22, 0.61], [0.11, 0.93, 0.0], [0.16, 1.07, 0.0], [0.37, 3.13, 0.18], [0.11, 0.49, 0.0], [0.65, 0.99, 0.0], [0.04, 1.01, 0.0], [0.04, 1.03, 0.0], [0.65, 1.47, 0.01], [0.02, 0.6, 0.0], [0.06, 1.22, 0.0], [0.19, 1.19, 0.0], [0.16, 0.62, 0.0], [1.78, 1.44, 0.01], [1.51, 1.5, 0.01], [0.16, 1.01, 0.0], [0.14, 0.87, 0.0], [0.05, 1.05, 0.0], [0.23, 1.43, 0.29], [0.04, 1.24, 0.0], [0.03, 0.72, 0.0], [0.09, 1.27, 0.0]]","[1, 2, 3, 4, 5, 7, 8, 6, 11, 13, 26, 27, 28, 16, 25, 31, 18, 19, 21, 20, 29, 14, 24, 43, 35, 30, 37, 33, 41, 38, 48, 22, 34, 39, 40]",548.3
37,1788354626705148268,921600,95559,38,33,116.1,"[0.5, 31.0, 33.3, 34.3, 34.4, 38.0, 39.8, 40.2, 42.1, 42.5, 44.6, 49.3, 80.1, 82.8, 83.7, 85.5, 85.5, 87.2, 89.1, 90.9, 92.8, 93.7, 96.3, 96.4, 98.0, 98.3, 100.0, 100.0, 101.8, 103.5, 107.2, 114.3, 116.1]","['INSIDE', 'INSIDE', 'INSIDE', 'INSIDE', 'RAIL', 'RAIL', 'RAIL', 'INSIDE', 'INSIDE', 'INSIDE', 'INSIDE', 'RAIL', 'INSIDE', 'INSIDE', 'INSIDE', 'OUTSIDE', 'INSIDE', 'OUTSIDE', 'INSIDE', 'OUTSIDE', 'OUTSIDE', 'RAIL', 'RAIL', 'INSIDE', 'NEAR', 'OUTSIDE', 'INSIDE', 'INSIDE', 'NEAR', 'RAIL', 'RAIL', 'OUTSIDE', 'RAIL']","[[0.88, 1.41, 2.36], [1.1, 0.25, 0.6], [0.29, 0.2, 0.41], [0.88, 1.02, 0.67], [0.21, 0.07, 0.25], [1.56, 0.44, 0.62], [0.97, 0.38, 0.21], [1.06, 1.86, 0.64], [0.76, 1.71, 0.04], [1.49, 1.59, 0.08], [1.09, 0.87, 0.05], [0.13, 0.16, 0.14], [1.97, 5.34, 1.07], [0.15, 0.56, 0.0], [0.14, 0.73, 0.0], [0.2, 1.05, 0.0], [0.37, 3.23, 0.18], [0.13, 0.92, 0.0], [1.89, 4.23, 0.2], [0.07, 0.84, 0.0], [0.06, 0.52, 0.0], [0.03, 0.8, 0.0], [0.03, 0.61, 0.0], [0.26, 1.04, 0.0], [0.23, 1.12, 0.0], [0.29, 0.81, 0.0], [0.04, 0.5, 0.0], [0.28, 0.52, 0.0], [0.22, 1.23, 0.0], [0.16, 1.22, 0.0], [0.06, 1.24, 0.0], [0.03, 0.54, 0.0], [0.01, 0.56, 0.0]]","[1, 3, 4, 5, 10, 7, 8, 42, 12, 6, 11, 13, 26, 17, 27, 28, 30, 31, 19, 20, 29, 24, 43, 35, 18, 33, 41, 46, 38, 48, 34, 39, 40]",502.8
38,1788354626799879030,921600,95679,36,33,116.2,"[0.5, 31.2, 34.4, 34.6, 40.3, 40.4, 42.8, 44.6, 46.9, 49.6, 82.8, 83.6, 85.6, 85.6, 87.2, 87.3, 89.0, 89.1, 91.0, 92.6, 93.6, 93.7, 96.3, 96.4, 98.1, 100.0, 100.1, 101.7, 101.8, 103.5, 103.7, 109.0, 116.2]","['INSIDE', 'INSIDE', 'INSIDE', 'INSIDE', 'INSIDE', 'RAIL', 'RAIL', 'INSIDE', 'INSIDE', 'RAIL', 'INSIDE', 'OUTSIDE', 'INSIDE', 'OUTSIDE', 'INSIDE', 'OUTSIDE', 'INSIDE', 'OUTSIDE', 'NEAR', 'OUTSIDE', 'RAIL', 'OUTSIDE', 'RAIL', 'NEAR', 'INSIDE', 'OUTSIDE', 'INSIDE', 'INSIDE', 'RAIL', 'RAIL', 'RAIL', 'OUTSIDE', 'RAIL']","[[1.18, 1.65, 2.39], [0.96, 0.59, 1.75], [0.25, 0.12, 0.52], [0.27, 0.24, 0.41], [0.63, 0.86, 0.67], [1.38, 0.39, 0.62], [0.64, 0.38, 0.21], [1.7, 1.73, 0.09], [1.4, 0.88, 0.06], [0.12, 0.16, 0.14], [1.99, 3.99, 1.24], [0.25, 2.34, 0.17], [0.49, 3.08, 0.37], [0.15, 1.07, 0.0], [0.23, 3.13, 0.18], [0.05, 0.47, 0.0], [0.31, 0.65, 0.0], [1.98, 2.42, 0.19], [0.04, 1.01, 0.0], [0.17, 1.2, 0.0], [0.1, 1.14, 0.0], [0.94, 1.16, 0.01], [0.06, 1.01, 0.0], [0.15, 1.04, 0.0], [0.37, 1.57, 0.61], [1.89, 1.76, 0.01], [0.06, 1.01, 0.0], [0.07, 0.7, 0.0], [0.07, 1.05, 0.0], [0.25, 1.43, 0.29], [0.03, 1.07, 0.0], [0.02, 1.08, 0.0], [0.21, 1.45, 0.0]]","[1, 2, 3, 4, 5, 7, 8, 6, 11, 13, 27, 28, 30, 31, 18, 36, 19, 21, 20, 29, 51, 14, 43, 35, 16, 37, 41, 38, 48, 22, 34, 39, 40]",602.6
39,1788354626911171857,921600,95733,36,33,116.1,"[0.5, 29.9, 31.1, 33.4, 34.3, 34.4, 38.1, 39.4, 40.3, 42.1, 42.5, 44.6, 49.5, 80.0, 82.8, 83.6, 83.7, 85.5, 85.6, 87.2, 89.1, 91.0, 93.5, 96.3, 96.4, 98.0, 99.9, 100.1, 101.8, 103.5, 107.2, 114.3, 116.1]","['INSIDE', 'INSIDE', 'INSIDE', 'INSIDE', 'RAIL', 'RAIL', 'RAIL', 'RAIL', 'INSIDE', 'INSIDE', 'INSIDE', 'INSIDE', 'RAIL', 'INSIDE', 'INSIDE', 'OUTSIDE', 'OUTSIDE', 'OUTSIDE', 'INSIDE', 'INSIDE', 'OUTSIDE', 'INSIDE', 'OUTSIDE', 'OUTSIDE', 'RAIL', 'RAIL', 'RAIL', 'NEAR', 'INSIDE', 'INSIDE', 'RAIL', 'RAIL', 'OUTSIDE']","[[0.87, 1.41, 2.36], [1.79, 0.1, 0.6], [0.28, 0.2, 0.4], [0.88, 1.02, 0.68], [0.23, 0.1, 0.25], [1.57, 0.44, 0.62], [0.84, 0.38, 0.21], [0.18, 0.25, 0.2], [1.27, 1.86, 0.65], [0.69, 1.58, 0.04], [1.52, 1.59, 0.08], [1.1, 0.87, 0.05], [0.1, 0.17, 0.14], [1.96, 4.38, 1.07], [0.33, 0.41, 0.0], [0.13, 0.44, 0.0], [0.27, 1.59, 0.17], [0.2, 2.36, 0.17], [0.17, 1.11, 0.23], [0.24, 3.54, 0.18], [0.13, 0.92, 0.0], [2.13, 2.88, 0.19], [0.07, 1.01, 0.0], [0.24, 0.69, 0.0], [0.07, 1.12, 0.0], [0.03, 0.8, 0.0], [0.04, 0.81, 0.0], [0.23, 1.12, 0.0], [0.05, 0.5, 0.0], [0.06, 0.87, 0.0], [0.2, 1.22, 0.0], [0.04, 1.07, 0.0], [0.02, 0.54, 0.0]]","[1, 3, 4, 5, 10, 7, 8, 9, 42, 12, 6, 11, 13, 26, 17, 27, 28, 35, 14, 30, 31, 21, 20, 29, 51, 24, 43, 18, 41, 38, 48, 34, 39]",486.8
40,1788354627001804449,921600,95631,38,35,116.1,"[0.5, 30.0, 31.2, 34.3, 40.2, 40.3, 42.7, 44.6, 45.8, 46.9, 49.5, 82.8, 83.6, 83.6, 85.5, 85.6, 87.3, 87.3, 89.0, 89.1, 89.3, 91.0, 92.7, 93.2, 93.7, 94.2, 96.3, 96.4, 98.1, 100.0, 100.0, 101.8, 103.5, 114.4, 116.1]","['INSIDE', 'INSIDE', 'INSIDE', 'INSIDE', 'RAIL', 'RAIL', 'RAIL', 'INSIDE', 'INSIDE', 'INSIDE', 'RAIL', 'INSIDE', 'OUTSIDE', 'OUTSIDE', 'INSIDE', 'OUTSIDE', 'OUTSIDE', 'INSIDE', 'OUTSIDE', 'INSIDE', 'INSIDE', 'OUTSIDE', 'OUTSIDE', 'OUTSIDE', 'RAIL', 'RAIL', 'NEAR', 'INSIDE', 'OUTSIDE', 'OUTSIDE', 'INSIDE', 'INSIDE', 'RAIL', 'RAIL', 'OUTSIDE']","[[0.26, 0.12, 0.52], [1.04, 0.65, 1.88], [0.27, 0.24, 0.41], [0.51, 0.86, 0.67], [1.56, 0.44, 0.62], [0.67, 0.38, 0.21], [0.17, 0.19, 0.2], [1.62, 1.73, 0.09], [1.37, 0.87, 0.06], [0.59, 0.81, 0.03], [0.16, 0.16, 0.14], [1.96, 3.99, 1.24], [0.32, 0.74, 0.0], [0.17, 1.89, 0.17], [0.43, 3.22, 0.61], [0.11, 0.93, 0.0], [0.1, 1.22, 0.0], [0.35, 3.46, 0.18], [0.05, 0.47, 0.0], [0.13, 0.48, 0.0], [0.69, 0.99, 0.0], [0.06, 1.01, 0.0], [0.08, 1.03, 0.0], [1.23, 1.3, 0.01], [0.05, 0.8, 0.0], [0.05, 1.01, 0.0], [0.15, 1.19, 0.0], [0.14, 0.62, 0.0], [1.78, 1.44, 0.01], [1.39, 1.34, 0.01], [0.11, 1.01, 0.0], [0.14, 0.87, 0.0], [0.02, 0.7, 0.0], [0.02, 1.07, 0.0], [0.05, 0.9, 0.0]]","[3, 2, 4, 5, 7, 8, 9, 6, 11, 49, 13, 26, 27, 28, 16, 25, 31, 18, 36, 19, 21, 20, 29, 35, 24, 43, 14, 30, 37, 33, 41, 38, 48, 34, 39]",474.1
41,1788354627093602677,921600,95688,34,33,116.1,"[0.5, 30.7, 34.3, 34.4, 38.1, 40.1, 40.3, 42.1, 42.5, 44.6, 45.8, 46.9, 49.4, 80.0, 82.8, 83.4, 83.7, 85.5, 85.6, 87.3, 89.1, 90.9, 93.2, 93.6, 96.3, 96.4, 98.1, 100.0, 100.1, 101.9, 103.5, 114.4, 116.1]","['INSIDE', 'INSIDE', 'INSIDE', 'INSIDE', 'INSIDE', 'RAIL', 'RAIL', 'RAIL', 'INSIDE', 'INSIDE', 'INSIDE', 'INSIDE', 'RAIL', 'INSIDE', 'INSIDE', 'OUTSIDE', 'OUTSIDE', 'OUTSIDE', 'INSIDE', 'OUTSIDE', 'INSIDE', 'OUTSIDE', 'OUTSIDE', 'NEAR', 'RAIL', 'RAIL', 'NEAR', 'OUTSIDE', 'INSIDE', 'NEAR', 'RAIL', 'RAIL', 'OUTSIDE']","[[0.85, 1.41, 2.36], [1.06, 0.65, 1.67], [0.48, 0.1, 0.6], [0.26, 0.2, 0.4], [1.08, 1.1, 0.68], [0.28, 0.1, 0.25], [1.57, 0.44, 0.62], [1.7, 0.55, 0.21], [0.72, 1.58, 0.04], [1.58, 1.59, 0.08], [1.13, 0.87, 0.05], [1.02, 0.98, 0.04], [0.15, 0.16, 0.14], [1.95, 2.96, 1.07], [0.33, 0.41, 0.0], [0.1, 0.44, 0.0], [0.27, 1.89, 0.17], [0.18, 2.36, 0.17], [0.42, 3.23, 0.37], [0.09, 0.76, 0.0], [1.94, 2.14, 0.01], [0.06, 0.84, 0.0], [0.07, 0.69, 0.0], [0.82, 1.03, 0.01], [0.06, 0.8, 0.0], [0.03, 0.81, 0.0], [0.31, 1.12, 0.0], [1.3, 1.01, 0.01], [0.05, 0.67, 0.0], [0.15, 1.05, 0.0], [0.07, 1.05, 0.0], [0.11, 1.24, 0.0], [0.02, 0.54, 0.0]]","[1, 2, 3, 4, 5, 10, 7, 8, 12, 6, 11, 49, 13, 26, 17, 27, 28, 14, 30, 31, 21, 20, 29, 35, 24, 43, 18, 33, 41, 38, 48, 34, 39]",575.3
42,1788354627192226664,921600,95601,36,34,116.2,"[0.5, 31.2, 34.4, 34.7, 40.4, 42.8, 44.6, 45.9, 46.9, 49.6, 82.8, 83.5, 85.5, 85.6, 87.2, 87.3, 89.2, 91.0, 92.7, 93.3, 93.7, 94.3, 96.3, 96.5, 98.0, 100.0, 100.0, 101.6, 101.8, 103.5, 103.6, 109.0, 114.4, 116.2]","['INSIDE', 'INSIDE', 'INSIDE', 'INSIDE', 'RAIL', 'RAIL', 'INSIDE', 'INSIDE', 'INSIDE', 'RAIL', 'INSIDE', 'OUTSIDE', 'INSIDE', 'OUTSIDE', 'INSIDE', 'INSIDE', 'INSIDE', 'NEAR', 'OUTSIDE', 'RAIL', 'OUTSIDE', 'RAIL', 'RAIL', 'NEAR', 'INSIDE', 'OUTSIDE', 'OUTSIDE', 'INSIDE', 'INSIDE', 'RAIL', 'RAIL', 'RAIL', 'OUTSIDE', 'RAIL']","[[1.47, 2.27, 2.4], [0.96, 0.65, 1.66], [0.26, 0.24, 0.4], [0.62, 0.86, 0.67], [1.39, 0.39, 0.62], [0.65, 0.39, 0.21], [1.73, 1.73, 0.09], [1.4, 0.88, 0.06], [0.69, 0.82, 0.03], [0.17, 0.16, 0.15], [1.99, 3.99, 1.24], [0.23, 2.04, 0.17], [0.27, 3.08, 0.18], [0.12, 1.07, 0.0], [0.19, 3.13, 0.18], [0.28, 0.65, 0.0], [0.65, 0.83, 0.0], [0.04, 1.01, 0.0], [0.2, 1.2, 0.0], [0.02, 0.95, 0.0], [0.69, 1.18, 0.01], [0.05, 0.6, 0.0], [0.06, 1.01, 0.0], [0.13, 1.04, 0.0], [0.37, 1.57, 0.61], [1.84, 1.76, 0.01], [1.38, 1.5, 0.01], [0.32, 1.18, 0.0], [0.06, 0.7, 0.0], [0.24, 1.43, 0.29], [0.08, 0.7, 0.0], [0.06, 1.24, 0.0], [0.05, 1.08, 0.0], [0.08, 1.27, 0.0]]","[1, 2, 4, 5, 7, 8, 6, 11, 49, 13, 26, 28, 30, 31, 18, 19, 21, 20, 29, 51, 35, 24, 43, 14, 16, 37, 33, 41, 38, 22, 48, 34, 39, 40]",534.9
43,1788354627295473141,921600,95676,36,34,116.1,"[0.5, 31.1, 33.4, 34.3, 34.4, 38.0, 39.4, 40.2, 42.1, 42.5, 44.6, 45.7, 49.4, 80.1, 82.8, 85.5, 85.5, 87.2, 89.1, 90.9, 92.8, 93.6, 96.3, 96.4, 98.0, 98.3, 100.0, 100.0, 101.7, 101.8, 103.5, 107.2, 114.3, 116.1]","['INSIDE', 'INSIDE', 'INSIDE', 'INSIDE', 'RAIL', 'RAIL', 'RAIL', 'INSIDE', 'INSIDE', 'INSIDE', 'INSIDE', 'INSIDE', 'RAIL', 'INSIDE', 'INSIDE', 'OUTSIDE', 'OUTSIDE', 'INSIDE', 'OUTSIDE', 'INSIDE', 'OUTSIDE', 'OUTSIDE', 'RAIL', 'RAIL', 'RAIL', 'NEAR', 'OUTSIDE', 'INSIDE', 'INSIDE', 'NEAR', 'RAIL', 'OUTSIDE', 'RAIL', 'OUTSIDE']","[[0.88, 1.42, 2.36], [1.79, 0.1, 0.6], [0.28, 0.2, 0.41], [0.87, 1.02, 0.67], [0.26, 0.1, 0.25], [1.56, 0.44, 0.62], [0.89, 0.38, 0.21], [1.08, 1.86, 0.64], [0.76, 1.71, 0.04], [1.53, 1.59, 0.08], [1.07, 0.87, 0.05], [0.96, 0.98, 0.04], [0.15, 0.16, 0.14], [1.98, 5.34, 1.07], [0.16, 0.56, 0.0], [0.24, 2.36, 0.17], [0.17, 1.05, 0.0], [0.32, 3.38, 0.18], [0.14, 0.92, 0.0], [1.87, 2.14, 0.01], [0.05, 1.01, 0.0], [0.06, 0.52, 0.0], [0.03, 0.94, 0.0], [0.04, 0.8, 0.0], [0.02, 0.61, 0.0], [0.28, 1.12, 0.0], [0.3, 0.81, 0.0], [0.07, 0.5, 0.0], [0.21, 0.52, 0.0], [0.24, 1.23, 0.0], [0.16, 1.22, 0.0], [0.04, 1.07, 0.0], [0.06, 1.07, 0.0], [0.03, 0.54, 0.0]]","[1, 3, 4, 5, 10, 7, 8, 42, 12, 6, 11, 49, 13, 26, 17, 14, 28, 30, 31, 21, 20, 29, 51, 24, 43, 18, 33, 41, 46, 38, 48, 22, 34, 39]",554.2
44,1788354627396976830,921600,95591,37,34,116.2,"[0.5, 31.2, 34.4, 34.5, 40.2, 40.3, 43.1, 44.6, 46.0, 46.9, 49.6, 82.8, 83.7, 85.5, 85.6, 87.3, 89.0, 89.2, 90.9, 92.7, 93.3, 93.8, 94.3, 96.3, 96.4, 98.0, 100.0, 100.0, 101.8, 101.9, 103.5, 103.6, 109.0, 116.2]","['INSIDE', 'INSIDE', 'INSIDE', 'INSIDE', 'INSIDE', 'RAIL', 'RAIL', 'INSIDE', 'INSIDE', 'INSIDE', 'RAIL', 'INSIDE', 'OUTSIDE', 'INSIDE', 'INSIDE', 'OUTSIDE', 'OUTSIDE', 'INSIDE', 'INSIDE', 'NEAR', 'OUTSIDE', 'RAIL', 'OUTSIDE', 'RAIL', 'NEAR', 'OUTSIDE', 'OUTSIDE', 'INSIDE', 'INSIDE', 'RAIL', 'NEAR', 'RAIL', 'OUTSIDE', 'RAIL']","[[1.18, 2.14, 2.39], [0.98, 0.65, 1.88], [0.25, 0.12, 0.52], [0.24, 0.24, 0.4], [0.65, 0.86, 0.67], [1.37, 0.4, 0.62], [0.62, 0.38, 0.21], [1.34, 1.57, 0.07], [1.89, 1.33, 0.08], [0.66, 0.82, 0.03], [0.12, 0.16, 0.14], [1.99, 3.99, 1.24], [0.15, 2.04, 0.17], [0.25, 3.08, 0.18], [0.33, 3.29, 0.18], [0.08, 0.61, 0.0], [0.06, 0.62, 0.0], [0.29, 0.65, 0.0], [0.61, 0.83, 0.0], [0.05, 1.01, 0.0], [0.18, 1.03, 0.0], [0.04, 0.95, 0.0], [1.1, 1.16, 0.01], [0.05, 1.01, 0.0], [0.13, 1.04, 0.0], [1.91, 1.76, 0.01], [1.39, 1.5, 0.01], [0.07, 1.01, 0.0], [0.11, 0.7, 0.0], [0.07, 0.87, 0.0], [0.12, 1.07, 0.0], [0.04, 1.07, 0.0], [0.06, 1.08, 0.0], [0.13, 1.27, 0.0]]","[1, 2, 3, 4, 5, 7, 8, 6, 11, 49, 13, 26, 28, 30, 18, 31, 36, 19, 21, 20, 29, 51, 35, 43, 14, 37, 33, 41, 38, 48, 22, 34, 39, 40]",557.7
45,1788354627495136583,921600,95746,37,34,116.1,"[0.5, 31.1, 33.1, 34.3, 34.4, 38.1, 40.1, 40.2, 42.1, 42.5, 44.6, 45.7, 47.1, 49.5, 79.2, 80.1, 82.8, 85.5, 85.5, 87.2, 89.1, 91.0, 93.5, 96.3, 96.4, 98.0, 100.1, 100.1, 101.7, 101.9, 103.5, 107.2, 114.4, 116.1]","['INSIDE', 'OUTSIDE', 'INSIDE', 'INSIDE', 'INSIDE', 'RAIL', 'RAIL', 'RAIL', 'INSIDE', 'INSIDE', 'INSIDE', 'INSIDE', 'INSIDE', 'RAIL', 'INSIDE', 'INSIDE', 'INSIDE', 'OUTSIDE', 'OUTSIDE', 'INSIDE', 'OUTSIDE', 'INSIDE', 'OUTSIDE', 'OUTSIDE', 'RAIL', 'RAIL', 'RAIL', 'NEAR', 'INSIDE', 'NEAR', 'RAIL', 'OUTSIDE', 'RAIL', 'OUTSIDE']","[[0.87, 1.41, 2.36], [1.38, 1.73, 1.89], [0.5, 0.11, 0.6], [0.29, 0.2, 0.41], [0.84, 1.02, 0.68], [0.24, 0.1, 0.25], [1.58, 0.44, 0.62], [0.87, 0.38, 0.21], [1.63, 2.71, 0.64], [0.74, 1.71, 0.04], [1.56, 1.59, 0.08], [1.09, 0.87, 0.05], [0.96, 0.98, 0.04], [0.13, 0.17, 0.14], [1.83, 2.97, 0.87], [2.0, 5.01, 1.09], [0.14, 0.56, 0.0], [0.16, 1.44, 0.17], [0.2, 2.36, 0.17], [0.44, 3.23, 0.37], [0.12, 0.92, 0.0], [2.25, 5.13, 0.39], [0.04, 0.84, 0.0], [0.22, 0.69, 0.0], [0.03, 1.12, 0.0], [0.04, 0.8, 0.0], [0.02, 0.81, 0.0], [0.23, 1.12, 0.0], [0.05, 0.5, 0.0], [0.29, 1.23, 0.0], [0.18, 1.22, 0.0], [0.03, 1.07, 0.0], [0.08, 1.07, 0.0], [0.02, 0.54, 0.0]]","[1, 2, 3, 4, 5, 10, 7, 8, 42, 12, 6, 11, 49, 13, 17, 26, 35, 28, 14, 30, 31, 21, 20, 29, 51, 24, 43, 18, 41, 38, 48, 22, 34, 39]",547.8
46,1788354627593591679,921600,95680,34,31,117.9,"[0.5, 31.2, 34.4, 34.7, 42.8, 44.6, 46.0, 46.9, 49.6, 82.8, 83.7, 85.5, 85.6, 87.3, 87.3, 89.1, 90.9, 92.8, 93.6, 93.8, 96.3, 96.5, 98.0, 100.0, 101.7, 101.8, 103.5, 103.6, 109.0, 116.2, 117.9]","['INSIDE', 'INSIDE', 'INSIDE', 'INSIDE', 'RAIL', 'RAIL', 'INSIDE', 'INSIDE', 'RAIL', 'INSIDE', 'OUTSIDE', 'INSIDE', 'INSIDE', 'OUTSIDE', 'INSIDE', 'INSIDE', 'OUTSIDE', 'NEAR', 'OUTSIDE', 'RAIL', 'OUTSIDE', 'RAIL', 'NEAR', 'RAIL', 'OUTSIDE', 'INSIDE', 'INSIDE', 'NEAR', 'RAIL', 'OUTSIDE', 'RAIL']","[[1.45, 2.26, 2.4], [0.95, 0.65, 1.66], [0.26, 0.24, 0.4], [0.63, 0.86, 0.67], [1.41, 0.39, 0.62], [0.64, 0.38, 0.21], [1.38, 0.88, 0.06], [0.68, 0.82, 0.03], [0.11, 0.16, 0.13], [1.97, 3.99, 1.24], [0.22, 2.34, 0.17], [0.5, 3.06, 0.61], [0.45, 3.08, 0.37], [0.14, 0.92, 0.0], [0.37, 3.45, 0.18], [0.06, 0.49, 0.0], [2.03, 2.42, 0.19], [0.04, 1.01, 0.0], [0.22, 1.2, 0.0], [0.04, 0.95, 0.0], [0.92, 1.16, 0.01], [0.03, 1.01, 0.0], [0.11, 1.04, 0.0], [0.02, 0.82, 0.0], [1.85, 1.44, 0.01], [0.27, 1.18, 0.0], [0.11, 0.7, 0.0], [0.05, 1.07, 0.0], [0.04, 1.07, 0.0], [0.03, 1.09, 0.0], [0.11, 1.27, 0.0]]","[1, 2, 4, 5, 7, 8, 11, 49, 13, 26, 28, 16, 30, 31, 18, 19, 33, 20, 29, 51, 14, 43, 25, 54, 37, 41, 38, 22, 34, 39, 40]",473.7
47,1788354627692169296,921600,95693,32,32,116.1,"[0.5, 33.5, 34.3, 34.4, 38.1, 40.1, 40.3, 42.1, 42.5, 44.6, 45.7, 46.9, 49.4, 79.2, 80.0, 82.8, 83.6, 85.5, 85.6, 87.2, 89.1, 91.0, 93.5, 96.3, 96.4, 98.0, 99.9, 100.0, 101.9, 103.5, 114.4, 116.1]","['INSIDE', 'INSIDE', 'INSIDE', 'INSIDE', 'INSIDE', 'RAIL', 'RAIL', 'INSIDE', 'INSIDE', 'INSIDE', 'INSIDE', 'INSIDE', 'RAIL', 'INSIDE', 'INSIDE', 'INSIDE', 'OUTSIDE', 'OUTSIDE', 'OUTSIDE', 'INSIDE', 'OUTSIDE', 'INSIDE', 'OUTSIDE', 'OUTSIDE', 'RAIL', 'RAIL', 'NEAR', 'INSIDE', 'NEAR', 'RAIL', 'RAIL', 'OUTSIDE']","[[0.87, 1.41, 2.36], [0.46, 0.1, 0.6], [1.09, 0.65, 1.76], [0.27, 0.2, 0.41], [1.08, 1.1, 0.68], [0.26, 0.1, 0.25], [1.54, 0.44, 0.62], [1.36, 1.97, 0.65], [0.68, 1.72, 0.03], [1.59, 1.59, 0.09], [1.11, 0.87, 0.05], [1.02, 0.98, 0.04], [0.1, 0.16, 0.14], [1.85, 2.97, 0.87], [1.92, 4.52, 1.07], [0.36, 0.41, 0.0], [0.11, 0.44, 0.0], [0.34, 1.74, 0.17], [0.24, 2.36, 0.17], [0.43, 3.23, 0.37], [0.12, 0.92, 0.0], [2.17, 3.23, 0.19], [0.04, 1.01, 0.0], [0.17, 0.69, 0.0], [0.05, 0.8, 0.0], [0.04, 0.81, 0.0], [0.21, 1.12, 0.0], [0.06, 0.67, 0.0], [0.08, 1.05, 0.0], [0.05, 1.05, 0.0], [0.08, 1.24, 0.0], [0.02, 0.54, 0.0]]","[1, 3, 2, 4, 5, 10, 7, 42, 12, 6, 11, 49, 13, 17, 26, 35, 27, 28, 25, 30, 31, 33, 20, 29, 24, 43, 18, 41, 38, 48, 34, 39]",492.6
48,1788354627792731455,921600,95464,37,37,117.9,"[0.5, 31.2, 34.3, 34.7, 40.3, 40.3, 42.7, 44.6, 45.9, 46.9, 49.6, 82.2, 83.5, 83.7, 85.6, 85.6, 87.3, 87.4, 89.0, 89.2, 89.3, 90.9, 93.2, 93.7, 94.2, 96.3, 96.4, 98.1, 98.2, 100.0, 100.0, 101.7, 101.9, 103.5, 114.4, 116.1, 117.9]","['INSIDE', 'INSIDE', 'INSIDE', 'INSIDE', 'INSIDE', 'RAIL', 'RAIL', 'INSIDE', 'INSIDE', 'INSIDE', 'RAIL', 'INSIDE', 'OUTSIDE', 'OUTSIDE', 'INSIDE', 'OUTSIDE', 'OUTSIDE', 'INSIDE', 'OUTSIDE', 'INSIDE', 'INSIDE', 'OUTSIDE', 'OUTSIDE', 'OUTSIDE', 'RAIL', 'RAIL', 'NEAR', 'RAIL', 'INSIDE', 'OUTSIDE', 'INSIDE', 'INSIDE', 'INSIDE', 'RAIL', 'OUTSIDE', 'RAIL', 'OUTSIDE']","[[1.38, 2.26, 2.4], [0.99, 0.65, 1.75], [0.27, 0.12, 0.52], [0.28, 0.24, 0.41], [0.52, 0.86, 0.67], [1.54, 0.44, 0.62], [0.66, 0.38, 0.21], [1.64, 1.73, 0.09], [1.38, 0.88, 0.06], [0.62, 0.81, 0.03], [0.14, 0.16, 0.14], [0.66, 3.85, 1.24], [0.37, 2.15, 0.16], [0.28, 1.89, 0.17], [0.45, 3.22, 0.61], [0.14, 0.93, 0.0], [0.16, 1.07, 0.0], [0.25, 3.3, 0.18], [0.09, 0.47, 0.0], [1.96, 2.25, 0.19], [0.67, 0.99, 0.0], [0.04, 1.01, 0.0], [0.07, 1.03, 0.0], [0.57, 1.03, 0.0], [0.01, 0.6, 0.0], [0.05, 1.01, 0.0], [0.18, 1.19, 0.0], [0.03, 0.62, 0.0], [0.19, 0.62, 0.0], [1.42, 1.34, 0.01], [0.1, 1.01, 0.0], [0.12, 1.2, 0.0], [0.14, 0.87, 0.0], [0.06, 1.05, 0.0], [0.02, 0.89, 0.0], [0.05, 1.24, 0.0], [0.06, 0.72, 0.0]]","[1, 2, 3, 4, 5, 7, 8, 6, 11, 49, 13, 26, 27, 28, 16, 30, 31, 18, 36, 37, 33, 20, 29, 14, 24, 43, 25, 54, 19, 21, 41, 46, 38, 48, 22, 34, 39]",517.9
49,1788354627893372133,921600,95655,36,35,116.1,"[0.5, 31.1, 33.4, 34.3, 34.4, 38.0, 39.8, 40.2, 42.1, 42.5, 44.6, 45.6, 49.4, 82.8, 83.4, 85.5, 85.6, 87.1, 89.0, 90.8, 90.8, 90.9, 92.8, 93.6, 93.7, 96.3, 96.4, 98.0, 98.1, 100.0, 100.0, 101.8, 107.2, 114.4, 116.1]","['INSIDE', 'INSIDE', 'INSIDE', 'INSIDE', 'RAIL', 'RAIL', 'RAIL', 'INSIDE', 'INSIDE', 'INSIDE', 'INSIDE', 'INSIDE', 'RAIL', 'INSIDE', 'OUTSIDE', 'OUTSIDE', 'INSIDE', 'OUTSIDE', 'INSIDE', 'INSIDE', 'OUTSIDE', 'OUTSIDE', 'RAIL', 'RAIL', 'NEAR', 'RAIL', 'RAIL', 'RAIL', 'NEAR', 'INSIDE', 'OUTSIDE', 'INSIDE', 'NEAR', 'RAIL', 'RAIL']","[[0.91, 1.67, 2.35], [1.13, 0.1, 0.6], [0.29, 0.2, 0.41], [1.19, 1.1, 0.68], [0.24, 0.1, 0.25], [1.56, 0.44, 0.62], [0.94, 0.38, 0.21], [1.12, 1.86, 0.64], [0.78, 1.71, 0.04], [1.44, 1.59, 0.08], [1.04, 0.87, 0.04], [0.89, 0.98, 0.04], [0.15, 0.17, 0.14], [1.95, 2.24, 0.95], [0.09, 2.36, 0.17], [0.24, 1.05, 0.0], [0.36, 3.39, 0.37], [0.31, 0.92, 0.0], [0.21, 0.63, 0.0], [1.92, 2.14, 0.01], [0.06, 0.84, 0.0], [0.09, 0.52, 0.0], [0.05, 1.12, 0.0], [0.24, 0.64, 0.43], [0.79, 1.03, 0.01], [0.04, 1.0, 0.0], [0.05, 0.61, 0.0], [0.98, 0.93, 0.26], [0.24, 1.11, 0.0], [1.85, 1.94, 0.01], [0.41, 0.82, 0.0], [0.04, 0.5, 0.0], [0.19, 1.05, 0.0], [0.11, 1.22, 0.0], [0.04, 1.24, 0.0]]","[1, 3, 4, 5, 10, 7, 8, 42, 12, 6, 11, 49, 13, 26, 25, 28, 19, 31, 18, 33, 20, 29, 51, 46, 14, 24, 43, 30, 36, 37, 21, 41, 38, 48, 34]",548.3
50,1788354627994041865,921600,95595,35,34,117.9,"[0.5, 30.0, 31.2, 34.3, 40.2, 40.3, 42.8, 44.6, 45.9, 47.0, 49.6, 82.8, 83.6, 85.5, 85.6, 87.3, 89.0, 89.0, 89.2, 90.9, 92.7, 93.2, 93.7, 94.2, 96.3, 96.4, 98.1, 100.0, 100.0, 101.8, 103.5, 114.4, 116.2, 117.9]","['INSIDE', 'INSIDE', 'INSIDE', 'INSIDE', 'RAIL', 'RAIL', 'RAIL', 'INSIDE', 'INSIDE', 'INSIDE', 'RAIL', 'INSIDE', 'OUTSIDE', 'OUTSIDE', 'OUTSIDE', 'OUTSIDE', 'INSIDE', 'OUTSIDE', 'INSIDE', 'INSIDE', 'INSIDE', 'NEAR', 'OUTSIDE', 'RAIL', 'RAIL', 'NEAR', 'RAIL', 'OUTSIDE', 'OUTSIDE', 'INSIDE', 'INSIDE', 'RAIL', 'RAIL', 'OUTSIDE']","[[1.1, 0.65, 1.67], [0.25, 0.12, 0.53], [0.29, 0.24, 0.41], [0.52, 0.86, 0.67], [1.54, 0.44, 0.62], [0.69, 0.38, 0.21], [0.19, 0.25, 0.2], [1.63, 1.73, 0.09], [1.38, 0.88, 0.06], [0.61, 0.81, 0.03], [0.15, 0.17, 0.14], [1.97, 3.99, 1.24], [0.31, 0.74, 0.0], [0.13, 2.04, 0.17], [0.06, 0.93, 0.0], [0.08, 0.92, 0.0], [0.28, 3.29, 0.18], [0.04, 0.47, 0.0], [0.09, 0.49, 0.0], [0.37, 0.62, 0.37], [0.68, 0.99, 0.0], [0.01, 0.84, 0.0], [0.06, 1.03, 0.0], [0.04, 0.6, 0.0], [0.05, 1.02, 0.0], [0.21, 1.19, 0.0], [0.01, 0.62, 0.0], [1.84, 1.76, 0.01], [1.4, 1.34, 0.01], [0.1, 1.01, 0.0], [0.1, 0.87, 0.0], [0.06, 1.05, 0.0], [0.04, 1.24, 0.0], [0.02, 0.9, 0.0]]","[2, 3, 4, 5, 7, 8, 42, 6, 11, 49, 13, 26, 27, 28, 19, 31, 18, 36, 37, 16, 33, 20, 29, 24, 43, 25, 54, 30, 21, 41, 38, 48, 34, 39]",498.7
51,1788354628094830536,921600,95652,38,37,116.1,"[0.5, 31.1, 33.4, 34.3, 34.4, 38.0, 39.4, 40.2, 42.1, 42.5, 44.6, 45.6, 49.3, 80.0, 82.1, 83.4, 83.7, 85.5, 85.5, 87.2, 89.1, 90.9, 92.8, 93.7, 96.3, 96.4, 98.0, 98.3, 100.0, 100.0, 101.7, 101.8, 103.5, 107.2, 107.2, 114.4, 116.1]","['INSIDE', 'INSIDE', 'INSIDE', 'INSIDE', 'RAIL', 'RAIL', 'RAIL', 'INSIDE', 'INSIDE', 'INSIDE', 'INSIDE', 'INSIDE', 'RAIL', 'INSIDE', 'INSIDE', 'INSIDE', 'OUTSIDE', 'INSIDE', 'OUTSIDE', 'INSIDE', 'OUTSIDE', 'OUTSIDE', 'RAIL', 'NEAR', 'RAIL', 'RAIL', 'INSIDE', 'NEAR', 'OUTSIDE', 'INSIDE', 'INSIDE', 'NEAR', 'RAIL', 'OUTSIDE', 'RAIL', 'OUTSIDE', 'RAIL']","[[0.88, 1.42, 2.36], [1.81, 0.24, 0.6], [0.26, 0.2, 0.4], [0.91, 1.02, 0.67], [0.21, 0.1, 0.25], [1.55, 0.44, 0.62], [0.92, 0.38, 0.21], [1.09, 1.86, 0.64], [0.78, 1.71, 0.04], [1.48, 1.59, 0.08], [1.07, 0.87, 0.05], [0.92, 0.98, 0.04], [0.17, 0.16, 0.15], [0.74, 2.39, 1.07], [0.43, 0.56, 0.0], [0.14, 0.73, 0.0], [0.22, 1.05, 0.0], [0.3, 3.39, 0.18], [0.15, 0.92, 0.0], [1.9, 4.23, 0.2], [0.06, 0.84, 0.0], [0.08, 0.52, 0.0], [0.1, 1.12, 0.0], [0.8, 1.03, 0.01], [0.13, 1.0, 0.0], [0.02, 0.61, 0.0], [0.26, 1.04, 0.0], [0.18, 1.11, 0.0], [0.28, 0.81, 0.0], [0.04, 0.5, 0.0], [0.26, 0.52, 0.0], [0.23, 1.23, 0.0], [0.08, 1.22, 0.0], [0.03, 1.07, 0.0], [0.04, 1.07, 0.0], [0.01, 0.54, 0.0], [0.04, 0.56, 0.0]]","[1, 3, 4, 5, 10, 7, 8, 12, 6, 11, 49, 2, 13, 26, 35, 27, 28, 16, 31, 37, 20, 29, 51, 14, 24, 43, 25, 18, 21, 41, 46, 38, 48, 22, 34, 39, 53]",604.1
52,1788354628192914799,921600,95681,38,38,117.9,"[0.5, 31.2, 34.4, 34.7, 40.3, 40.3, 42.8, 44.6, 45.9, 46.9, 49.6, 82.2, 85.5, 85.7, 87.3, 87.4, 89.0, 89.2, 89.3, 91.0, 92.8, 93.2, 93.7, 94.3, 96.3, 96.4, 98.1, 100.0, 100.0, 101.7, 101.8, 103.5, 103.6, 108.9, 109.0, 114.4, 116.1, 117.9]","['INSIDE', 'INSIDE', 'INSIDE', 'INSIDE', 'INSIDE', 'RAIL', 'RAIL', 'INSIDE', 'INSIDE', 'INSIDE', 'RAIL', 'INSIDE', 'OUTSIDE', 'INSIDE', 'OUTSIDE', 'OUTSIDE', 'INSIDE', 'OUTSIDE', 'INSIDE', 'INSIDE', 'NEAR', 'OUTSIDE', 'RAIL', 'RAIL', 'RAIL', 'NEAR', 'RAIL', 'INSIDE', 'OUTSIDE', 'OUTSIDE', 'INSIDE', 'INSIDE', 'NEAR', 'RAIL', 'RAIL', 'OUTSIDE', 'RAIL', 'RAIL']","[[1.43, 2.27, 2.4], [1.04, 0.65, 1.88], [0.25, 0.12, 0.52], [0.28, 0.24, 0.41], [0.61, 0.86, 0.67], [1.4, 0.39, 0.62], [0.64, 0.38, 0.21], [1.62, 1.73, 0.09], [1.38, 0.88, 0.06], [0.62, 0.81, 0.03], [0.13, 0.17, 0.14], [0.64, 3.99, 1.24], [0.27, 2.04, 0.17], [0.47, 3.22, 0.61], [0.11, 0.93, 0.0], [0.15, 0.77, 0.0], [0.27, 3.3, 0.18], [0.06, 0.47, 0.0], [0.07, 0.49, 0.0], [0.69, 0.99, 0.0], [0.05, 0.84, 0.0], [0.07, 1.03, 0.0], [0.08, 1.14, 0.0], [0.01, 0.6, 0.0], [0.03, 1.22, 0.0], [0.3, 1.19, 0.0], [0.05, 0.62, 0.0], [0.2, 0.62, 0.0], [1.8, 1.44, 0.01], [1.53, 1.5, 0.01], [0.18, 1.01, 0.0], [0.21, 0.88, 0.0], [0.03, 1.07, 0.0], [0.06, 0.7, 0.0], [0.05, 1.24, 0.0], [0.06, 0.72, 0.0], [0.07, 1.08, 0.0], [0.04, 0.76, 0.0]]","[1, 4, 3, 49, 5, 7, 8, 11, 2, 10, 13, 26, 28, 25, 19, 31, 18, 36, 37, 33, 20, 29, 51, 24, 43, 14, 54, 16, 30, 21, 41, 38, 22, 48, 34, 39, 40, 53]",478.2
53,1788354628297324366,921600,95622,39,39,116.1,"[0.5, 31.1, 33.4, 34.3, 34.4, 38.0, 39.8, 40.2, 42.1, 42.5, 44.6, 45.6, 49.3, 79.1, 82.1, 83.4, 83.7, 85.5, 85.6, 87.2, 89.1, 90.8, 90.9, 90.9, 92.8, 93.8, 93.8, 96.3, 96.4, 98.1, 98.2, 100.0, 100.1, 101.7, 101.8, 107.2, 107.2, 114.3, 116.1]","['INSIDE', 'INSIDE', 'INSIDE', 'INSIDE', 'RAIL', 'RAIL', 'RAIL', 'INSIDE', 'INSIDE', 'INSIDE', 'INSIDE', 'INSIDE', 'RAIL', 'INSIDE', 'INSIDE', 'INSIDE', 'OUTSIDE', 'INSIDE', 'OUTSIDE', 'INSIDE', 'INSIDE', 'OUTSIDE', 'OUTSIDE', 'RAIL', 'NEAR', 'RAIL', 'RAIL', 'INSIDE', 'RAIL', 'NEAR', 'INSIDE', 'OUTSIDE', 'INSIDE', 'INSIDE', 'NEAR', 'RAIL', 'OUTSIDE', 'RAIL', 'RAIL']","[[0.9, 1.41, 2.36], [1.08, 0.1, 0.6], [0.28, 0.2, 0.41], [0.96, 1.02, 0.67], [0.27, 0.1, 0.25], [1.58, 0.44, 0.62], [0.93, 0.39, 0.21], [1.12, 1.86, 0.64], [0.78, 1.71, 0.04], [1.48, 1.59, 0.08], [1.07, 0.87, 0.05], [0.91, 0.98, 0.04], [0.15, 0.16, 0.14], [1.85, 2.5, 0.84], [0.69, 3.11, 1.07], [0.12, 0.73, 0.0], [0.22, 1.05, 0.0], [0.45, 3.23, 0.37], [0.21, 0.92, 0.0], [0.16, 0.63, 0.0], [1.51, 1.49, 0.01], [0.04, 0.84, 0.0], [0.04, 0.51, 0.0], [0.06, 1.12, 0.0], [0.78, 1.03, 0.01], [0.02, 1.0, 0.0], [0.02, 0.61, 0.0], [0.07, 0.9, 0.0], [1.0, 0.93, 0.26], [0.23, 1.11, 0.0], [2.0, 1.94, 0.01], [0.36, 0.82, 0.0], [0.04, 0.5, 0.0], [0.15, 0.52, 0.0], [0.24, 1.23, 0.0], [0.11, 1.22, 0.0], [0.02, 1.07, 0.0], [0.08, 1.24, 0.0], [0.06, 0.56, 0.0]]","[1, 3, 49, 5, 11, 7, 8, 12, 6, 2, 10, 4, 13, 17, 26, 27, 28, 16, 31, 18, 33, 20, 29, 51, 14, 24, 43, 25, 19, 36, 30, 21, 41, 46, 38, 48, 22, 34, 53]",476.4
54,1788354628398010925,921600,95633,33,33,117.9,"[0.5, 30.0, 31.2, 34.3, 40.1, 40.2, 42.7, 44.6, 45.8, 46.9, 49.6, 82.9, 83.4, 85.5, 85.6, 87.3, 87.3, 89.1, 89.3, 91.0, 92.7, 93.6, 96.3, 96.4, 98.0, 100.0, 100.0, 101.7, 101.9, 103.5, 114.4, 116.1, 117.9]","['INSIDE', 'INSIDE', 'INSIDE', 'INSIDE', 'RAIL', 'RAIL', 'RAIL', 'INSIDE', 'INSIDE', 'INSIDE', 'RAIL', 'INSIDE', 'OUTSIDE', 'OUTSIDE', 'INSIDE', 'OUTSIDE', 'OUTSIDE', 'INSIDE', 'INSIDE', 'INSIDE', 'OUTSIDE', 'OUTSIDE', 'OUTSIDE', 'RAIL', 'OUTSIDE', 'RAIL', 'RAIL', 'INSIDE', 'INSIDE', 'OUTSIDE', 'RAIL', 'RAIL', 'OUTSIDE']","[[0.22, 0.12, 0.52], [0.99, 0.65, 1.67], [0.25, 0.24, 0.4], [0.65, 0.85, 0.67], [1.55, 0.44, 0.62], [0.67, 0.38, 0.21], [0.18, 0.25, 0.2], [1.78, 1.72, 0.09], [1.3, 0.87, 0.06], [0.51, 0.81, 0.02], [0.14, 0.17, 0.15], [1.99, 3.88, 1.24], [0.24, 1.89, 0.17], [0.33, 2.06, 0.17], [0.5, 3.06, 0.61], [0.08, 1.09, 0.0], [0.19, 1.07, 0.0], [0.22, 3.14, 0.18], [0.15, 0.48, 0.0], [0.42, 0.78, 0.37], [1.93, 2.42, 0.19], [0.07, 0.84, 0.0], [0.18, 1.03, 0.0], [0.03, 0.8, 0.0], [0.84, 0.74, 0.01], [0.05, 1.01, 0.0], [0.04, 0.62, 0.0], [0.05, 0.84, 0.0], [0.04, 0.87, 0.0], [0.06, 1.06, 0.0], [0.05, 0.7, 0.0], [0.04, 1.24, 0.0], [0.04, 0.9, 0.0]]","[3, 49, 10, 5, 7, 8, 42, 2, 4, 11, 13, 26, 28, 25, 16, 19, 31, 18, 37, 36, 33, 20, 29, 24, 14, 43, 54, 41, 38, 22, 48, 34, 39]",557.7
55,1788354628491463800,921600,95607,33,33,116.1,"[0.5, 33.3, 34.3, 34.4, 37.7, 39.8, 40.2, 42.1, 42.3, 44.6, 45.6, 49.5, 83.4, 85.5, 85.6, 87.2, 89.0, 90.7, 90.9, 91.0, 92.7, 93.6, 93.7, 96.3, 97.9, 98.2, 98.3, 100.0, 100.1, 101.7, 101.8, 114.3, 116.1]","['INSIDE', 'INSIDE', 'INSIDE', 'INSIDE', 'RAIL', 'RAIL', 'INSIDE', 'INSIDE', 'INSIDE', 'INSIDE', 'INSIDE', 'RAIL', 'OUTSIDE', 'INSIDE', 'OUTSIDE', 'INSIDE', 'INSIDE', 'OUTSIDE', 'OUTSIDE', 'NEAR', 'RAIL', 'RAIL', 'INSIDE', 'RAIL', 'OUTSIDE', 'INSIDE', 'OUTSIDE', 'INSIDE', 'RAIL', 'NEAR', 'RAIL', 'OUTSIDE', 'RAIL']","[[0.88, 1.67, 2.35], [1.11, 0.24, 0.6], [0.28, 0.2, 0.41], [0.91, 1.02, 0.68], [0.22, 0.1, 0.25], [1.55, 0.44, 0.62], [1.09, 1.86, 0.63], [1.22, 1.96, 0.06], [1.41, 1.58, 0.08], [1.47, 1.31, 0.06], [0.85, 0.98, 0.04], [0.15, 0.17, 0.14], [0.14, 0.9, 0.0], [0.41, 3.38, 0.37], [0.12, 0.77, 0.0], [0.09, 0.48, 0.0], [1.86, 2.31, 0.01], [0.05, 0.84, 0.0], [0.24, 0.52, 0.0], [0.78, 1.03, 0.01], [0.03, 0.8, 0.0], [0.02, 0.61, 0.0], [0.08, 0.9, 0.0], [0.91, 0.93, 0.26], [0.3, 1.12, 0.0], [1.84, 1.94, 0.01], [0.44, 0.82, 0.0], [0.08, 0.51, 0.0], [0.07, 0.68, 0.0], [0.14, 1.05, 0.0], [0.1, 1.05, 0.0], [0.02, 0.89, 0.0], [0.04, 1.07, 0.0]]","[1, 3, 10, 5, 2, 7, 12, 6, 4, 11, 49, 13, 28, 36, 31, 18, 33, 20, 29, 14, 24, 43, 25, 19, 21, 30, 37, 46, 48, 38, 34, 22, 40]",490.7
56,1788354628593664598,921600,95586,36,35,117.9,"[0.5, 31.2, 34.3, 34.7, 40.2, 40.3, 42.8, 44.6, 45.9, 46.9, 49.6, 82.9, 85.6, 85.6, 87.3, 87.3, 89.1, 90.9, 92.8, 93.2, 93.7, 94.3, 96.3, 96.4, 98.0, 99.9, 100.0, 101.6, 101.8, 103.5, 103.6, 109.0, 114.4, 116.2, 117.9]","['INSIDE', 'INSIDE', 'INSIDE', 'INSIDE', 'INSIDE', 'RAIL', 'RAIL', 'INSIDE', 'INSIDE', 'INSIDE', 'RAIL', 'INSIDE', 'OUTSIDE', 'INSIDE', 'INSIDE', 'OUTSIDE', 'INSIDE', 'INSIDE', 'INSIDE', 'NEAR', 'OUTSIDE', 'RAIL', 'RAIL', 'RAIL', 'NEAR', 'RAIL', 'OUTSIDE', 'OUTSIDE', 'INSIDE', 'INSIDE', 'RAIL', 'RAIL', 'RAIL', 'OUTSIDE', 'RAIL']","[[1.4, 2.26, 2.4], [0.93, 0.66, 1.65], [0.24, 0.12, 0.52], [0.25, 0.24, 0.4], [0.59, 0.86, 0.67], [1.57, 0.44, 0.62], [0.63, 0.38, 0.21], [1.66, 1.73, 0.09], [1.39, 0.88, 0.06], [0.63, 0.82, 0.03], [0.17, 0.15, 0.15], [2.03, 3.99, 1.24], [0.26, 2.04, 0.17], [0.39, 3.22, 0.61], [0.53, 3.23, 0.37], [0.14, 0.92, 0.0], [0.18, 3.13, 0.18], [0.07, 0.49, 0.0], [0.65, 0.99, 0.0], [0.02, 0.84, 0.0], [0.22, 1.2, 0.0], [0.03, 0.95, 0.0], [0.07, 0.6, 0.0], [0.07, 1.02, 0.0], [0.08, 1.04, 0.0], [0.04, 0.82, 0.0], [1.8, 1.76, 0.01], [1.5, 1.5, 0.01], [0.17, 1.01, 0.0], [0.05, 0.7, 0.0], [0.23, 1.43, 0.29], [0.04, 0.52, 0.0], [0.02, 1.24, 0.0], [0.04, 0.72, 0.0], [0.11, 1.27, 0.0]]","[1, 10, 3, 11, 5, 7, 8, 4, 49, 2, 13, 26, 28, 16, 36, 31, 18, 30, 33, 20, 29, 51, 24, 43, 25, 54, 41, 37, 46, 38, 22, 34, 40, 39, 53]",605.1
57,1788354628700558430,921600,95715,36,34,116.1,"[0.5, 30.4, 33.3, 34.3, 34.4, 37.7, 39.4, 40.2, 42.1, 42.2, 44.6, 45.5, 49.1, 80.1, 83.4, 85.5, 85.6, 87.2, 89.1, 90.7, 90.9, 90.9, 93.5, 93.7, 96.3, 98.2, 98.2, 100.0, 100.1, 101.7, 101.8, 107.2, 114.3, 116.1]","['INSIDE', 'INSIDE', 'INSIDE', 'INSIDE', 'RAIL', 'RAIL', 'RAIL', 'INSIDE', 'INSIDE', 'INSIDE', 'INSIDE', 'INSIDE', 'RAIL', 'INSIDE', 'OUTSIDE', 'INSIDE', 'OUTSIDE', 'INSIDE', 'OUTSIDE', 'OUTSIDE', 'RAIL', 'NEAR', 'RAIL', 'RAIL', 'INSIDE', 'RAIL', 'OUTSIDE', 'INSIDE', 'INSIDE', 'RAIL', 'OUTSIDE', 'RAIL', 'OUTSIDE', 'RAIL']","[[0.91, 1.67, 2.35], [1.81, 0.24, 0.6], [0.27, 0.2, 0.41], [1.5, 1.1, 0.68], [0.27, 0.1, 0.25], [1.55, 0.44, 0.62], [2.22, 0.54, 1.06], [1.01, 1.86, 0.63], [1.2, 2.09, 0.06], [1.39, 1.58, 0.07], [1.42, 1.01, 0.06], [0.8, 0.97, 0.04], [0.17, 0.16, 0.15], [0.27, 0.42, 0.0], [0.24, 0.75, 0.0], [0.37, 3.23, 0.37], [0.1, 0.76, 0.0], [0.09, 0.48, 0.0], [2.13, 2.4, 0.19], [0.06, 1.01, 0.0], [0.06, 1.12, 0.0], [0.8, 1.03, 0.01], [0.04, 0.8, 0.0], [0.04, 0.61, 0.0], [0.09, 0.75, 0.0], [0.88, 0.93, 0.26], [0.23, 1.12, 0.0], [1.81, 1.94, 0.01], [0.03, 0.51, 0.0], [0.09, 0.68, 0.0], [0.28, 1.23, 0.0], [0.18, 1.22, 0.0], [0.09, 1.07, 0.0], [0.04, 1.07, 0.0]]","[1, 3, 11, 5, 4, 7, 42, 12, 6, 49, 2, 10, 13, 35, 28, 36, 31, 18, 37, 20, 51, 14, 24, 43, 25, 19, 21, 41, 29, 48, 38, 34, 22, 40]",656.4
58,1788354628799061996,921600,95692,35,34,117.9,"[0.5, 31.2, 34.4, 34.6, 36.2, 40.4, 42.8, 44.6, 45.9, 46.9, 49.6, 82.8, 83.7, 85.5, 85.6, 87.2, 87.3, 89.2, 91.0, 92.6, 93.6, 93.8, 96.3, 96.5, 98.0, 100.0, 100.0, 101.6, 101.8, 103.5, 103.6, 109.0, 116.2, 117.9]","['INSIDE', 'INSIDE', 'INSIDE', 'INSIDE', 'RAIL', 'RAIL', 'INSIDE', 'INSIDE', 'INSIDE', 'INSIDE', 'RAIL', 'INSIDE', 'OUTSIDE', 'INSIDE', 'OUTSIDE', 'INSIDE', 'INSIDE', 'OUTSIDE', 'NEAR', 'OUTSIDE', 'RAIL', 'OUTSIDE', 'RAIL', 'NEAR', 'RAIL', 'INSIDE', 'OUTSIDE', 'INSIDE', 'INSIDE', 'RAIL', 'RAIL', 'RAIL', 'OUTSIDE', 'RAIL']","[[1.19, 1.65, 2.39], [0.95, 0.65, 1.66], [0.27, 0.24, 0.4], [0.63, 0.86, 0.67], [1.4, 0.39, 0.62], [0.64, 0.38, 0.21], [1.68, 1.73, 0.09], [1.38, 0.88, 0.06], [4.1, 2.8, 0.25], [0.63, 0.82, 0.03], [0.16, 0.17, 0.14], [2.0, 3.99, 1.24], [0.11, 2.34, 0.17], [0.27, 3.08, 0.18], [0.12, 0.77, 0.0], [0.25, 3.3, 0.18], [0.32, 0.65, 0.0], [1.99, 2.42, 0.19], [0.03, 1.01, 0.0], [0.19, 1.2, 0.0], [0.04, 0.95, 0.0], [1.03, 1.16, 0.01], [0.07, 1.01, 0.0], [0.09, 1.04, 0.0], [0.03, 0.82, 0.0], [0.37, 1.57, 0.61], [1.81, 1.44, 0.01], [0.29, 1.18, 0.0], [0.04, 0.7, 0.0], [0.26, 1.43, 0.29], [0.09, 0.7, 0.0], [0.04, 1.07, 0.0], [0.04, 1.08, 0.0], [0.12, 1.27, 0.0]]","[1, 5, 11, 10, 7, 8, 49, 2, 6, 4, 13, 26, 28, 36, 31, 18, 30, 37, 20, 29, 51, 14, 43, 25, 54, 16, 41, 46, 38, 22, 34, 40, 39, 53]",511.8
59,1788354628905030815,921600,95650,38,35,116.1,"[0.5, 31.1, 33.4, 34.3, 34.4, 38.0, 39.4, 40.2, 42.1, 42.5, 44.6, 45.6, 49.4, 80.0, 82.8, 85.5, 85.5, 87.2, 89.1, 90.8, 90.9, 90.9, 92.8, 93.7, 96.3, 96.4, 98.0, 100.0, 100.1, 101.7, 101.9, 103.5, 107.2, 114.3, 116.1]","['INSIDE', 'INSIDE', 'INSIDE', 'INSIDE', 'RAIL', 'RAIL', 'RAIL', 'INSIDE', 'INSIDE', 'INSIDE', 'INSIDE', 'INSIDE', 'RAIL', 'INSIDE', 'INSIDE', 'OUTSIDE', 'INSIDE', 'OUTSIDE', 'INSIDE', 'INSIDE', 'OUTSIDE', 'OUTSIDE', 'RAIL', 'RAIL', 'RAIL', 'INSIDE', 'RAIL', 'NEAR', 'OUTSIDE', 'INSIDE', 'NEAR', 'RAIL', 'OUTSIDE', 'RAIL', 'OUTSIDE']","[[0.88, 1.41, 2.36], [1.81, 0.1, 0.6], [0.27, 0.2, 0.41], [0.87, 1.02, 0.67], [0.18, 0.1, 0.25], [1.56, 0.44, 0.62], [0.92, 0.38, 0.21], [1.1, 1.86, 0.64], [0.76, 1.71, 0.04], [1.52, 1.59, 0.08], [1.08, 0.87, 0.05], [0.94, 0.98, 0.04], [0.14, 0.17, 0.14], [2.05, 4.52, 1.07], [0.41, 0.56, 0.0], [0.18, 1.05, 0.0], [0.36, 3.38, 0.18], [0.06, 0.61, 0.0], [0.14, 0.63, 0.0], [1.74, 1.49, 0.01], [0.11, 1.01, 0.0], [0.07, 0.52, 0.0], [0.03, 1.12, 0.0], [0.01, 0.8, 0.0], [0.03, 0.61, 0.0], [0.25, 1.04, 0.0], [1.05, 0.93, 0.26], [0.29, 1.12, 0.0], [0.28, 0.81, 0.0], [0.05, 0.5, 0.0], [0.29, 1.23, 0.0], [0.13, 1.22, 0.0], [0.04, 1.07, 0.0], [0.06, 1.07, 0.0], [0.04, 0.54, 0.0]]","[1, 3, 11, 10, 49, 7, 8, 12, 6, 2, 4, 5, 13, 26, 35, 28, 36, 31, 18, 37, 20, 29, 51, 24, 43, 25, 19, 21, 33, 46, 38, 34, 22, 40, 39]",476.9
60,1788354629002680323,921600,95497,35,34,117.9,"[0.5, 31.3, 34.4, 34.6, 34.8, 40.4, 42.8, 44.6, 45.9, 46.9, 49.6, 82.8, 83.6, 85.5, 85.6, 87.3, 89.0, 89.2, 91.0, 92.7, 93.5, 93.7, 96.3, 96.5, 98.1, 100.0, 100.1, 101.6, 101.8, 103.5, 103.6, 109.0, 116.2, 117.9]","['INSIDE', 'INSIDE', 'INSIDE', 'INSIDE', 'RAIL', 'RAIL', 'INSIDE', 'INSIDE', 'INSIDE', 'INSIDE', 'RAIL', 'INSIDE', 'OUTSIDE', 'INSIDE', 'INSIDE', 'OUTSIDE', 'OUTSIDE', 'INSIDE', 'OUTSIDE', 'NEAR', 'OUTSIDE', 'RAIL', 'OUTSIDE', 'RAIL', 'NEAR', 'RAIL', 'OUTSIDE', 'INSIDE', 'INSIDE', 'RAIL', 'RAIL', 'RAIL', 'OUTSIDE', 'RAIL']","[[1.16, 1.65, 2.39], [0.95, 0.65, 1.66], [0.27, 0.24, 0.41], [0.66, 0.86, 0.67], [1.4, 0.39, 0.62], [0.61, 0.38, 0.21], [1.68, 1.73, 0.09], [1.41, 1.18, 0.06], [1.28, 0.49, 0.08], [0.66, 0.82, 0.03], [0.14, 0.16, 0.15], [1.96, 3.99, 1.24], [0.15, 2.34, 0.17], [0.31, 3.08, 0.18], [0.24, 3.13, 0.18], [0.08, 0.61, 0.0], [0.05, 0.47, 0.0], [0.29, 0.65, 0.0], [1.97, 2.42, 0.19], [0.03, 1.01, 0.0], [0.13, 1.2, 0.0], [0.02, 0.95, 0.0], [0.96, 1.16, 0.01], [0.09, 1.02, 0.0], [0.1, 1.04, 0.0], [0.03, 0.82, 0.0], [1.9, 1.76, 0.01], [0.32, 1.18, 0.0], [0.09, 0.7, 0.0], [0.14, 1.05, 0.0], [0.28, 1.43, 0.29], [0.03, 1.07, 0.0], [0.06, 1.09, 0.0], [0.07, 1.27, 0.0]]","[1, 11, 4, 10, 7, 8, 2, 5, 12, 49, 13, 26, 28, 36, 18, 31, 21, 30, 37, 20, 29, 51, 14, 43, 25, 54, 41, 46, 38, 34, 22, 40, 39, 53]",558.3
61,1788354629111054194,921600,95592,35,32,116.1,"[0.5, 31.1, 33.3, 34.3, 34.4, 38.0, 39.4, 40.2, 42.1, 42.5, 44.6, 47.1, 49.3, 82.8, 85.5, 87.1, 89.1, 90.8, 90.9, 90.9, 92.7, 93.7, 96.3, 96.4, 98.0, 98.2, 100.0, 100.1, 101.8, 107.2, 114.4, 116.1]","['INSIDE', 'OUTSIDE', 'INSIDE', 'INSIDE', 'INSIDE', 'RAIL', 'RAIL', 'RAIL', 'INSIDE', 'INSIDE', 'INSIDE', 'INSIDE', 'RAIL', 'INSIDE', 'OUTSIDE', 'INSIDE', 'OUTSIDE', 'INSIDE', 'INSIDE', 'OUTSIDE', 'OUTSIDE', 'RAIL', 'RAIL', 'RAIL', 'RAIL', 'NEAR', 'OUTSIDE', 'INSIDE', 'INSIDE', 'NEAR', 'RAIL', 'RAIL']","[[0.87, 1.41, 2.36], [1.36, 1.72, 1.89], [1.82, 0.24, 0.6], [0.27, 0.2, 0.41], [0.93, 1.02, 0.67], [0.22, 0.1, 0.25], [1.58, 0.44, 0.62], [0.92, 0.38, 0.21], [1.11, 1.86, 0.64], [0.8, 1.71, 0.04], [1.44, 1.59, 0.08], [1.06, 0.87, 0.04], [0.14, 0.16, 0.16], [2.01, 4.52, 1.07], [0.25, 1.05, 0.0], [0.43, 3.39, 0.37], [0.28, 0.92, 0.0], [0.21, 0.63, 0.0], [1.92, 4.39, 0.2], [0.06, 0.84, 0.0], [0.08, 0.52, 0.0], [0.06, 1.12, 0.0], [0.11, 1.0, 0.0], [0.03, 0.61, 0.0], [1.03, 0.93, 0.26], [0.19, 1.11, 0.0], [0.32, 0.81, 0.0], [0.05, 0.5, 0.0], [0.16, 0.52, 0.0], [0.22, 1.23, 0.0], [0.1, 1.05, 0.0], [0.08, 1.24, 0.0]]","[1, 11, 3, 4, 10, 2, 7, 8, 12, 6, 5, 49, 13, 26, 28, 36, 31, 18, 30, 20, 29, 51, 24, 43, 19, 33, 37, 46, 38, 22, 34, 40]",489.2
62,1788354629200948241,921600,95597,37,34,117.9,"[0.5, 31.2, 34.3, 40.3, 40.3, 42.8, 44.6, 46.9, 49.6, 82.8, 85.5, 85.7, 87.3, 87.3, 89.0, 89.2, 89.3, 91.0, 92.8, 93.2, 93.7, 94.3, 96.3, 96.4, 98.1, 100.0, 100.1, 101.7, 101.8, 103.5, 109.0, 114.4, 116.2, 117.9]","['INSIDE', 'INSIDE', 'INSIDE', 'INSIDE', 'RAIL', 'RAIL', 'INSIDE', 'INSIDE', 'RAIL', 'INSIDE', 'OUTSIDE', 'INSIDE', 'OUTSIDE', 'OUTSIDE', 'INSIDE', 'OUTSIDE', 'INSIDE', 'INSIDE', 'NEAR', 'OUTSIDE', 'RAIL', 'RAIL', 'RAIL', 'NEAR', 'RAIL', 'INSIDE', 'OUTSIDE', 'OUTSIDE', 'INSIDE', 'INSIDE', 'RAIL', 'NEAR', 'RAIL', 'OUTSIDE']","[[0.95, 0.65, 1.75], [0.25, 0.12, 0.52], [0.26, 0.24, 0.4], [0.56, 0.86, 0.67], [1.57, 0.44, 0.62], [0.67, 0.38, 0.21], [1.66, 1.73, 0.09], [1.4, 0.88, 0.06], [0.11, 0.15, 0.14], [1.98, 3.99, 1.24], [0.24, 2.04, 0.17], [0.52, 3.22, 0.61], [0.13, 0.93, 0.0], [0.09, 0.76, 0.0], [0.27, 3.3, 0.18], [0.06, 0.47, 0.0], [0.08, 0.49, 0.0], [0.69, 0.99, 0.0], [0.03, 0.84, 0.0], [0.04, 1.03, 0.0], [0.04, 0.95, 0.0], [0.02, 0.6, 0.0], [0.09, 1.02, 0.0], [0.26, 1.19, 0.0], [0.04, 0.62, 0.0], [0.13, 0.62, 0.0], [1.83, 1.76, 0.01], [1.48, 1.5, 0.01], [0.17, 1.01, 0.0], [0.07, 0.7, 0.0], [0.09, 1.05, 0.0], [0.03, 1.07, 0.0], [0.05, 1.24, 0.0], [0.04, 0.72, 0.0]]","[11, 3, 4, 10, 7, 8, 5, 49, 13, 26, 28, 16, 36, 31, 18, 21, 30, 37, 20, 29, 51, 24, 43, 25, 54, 33, 41, 46, 38, 22, 34, 39, 40, 53]",626.7
63,1788354629300149307,921600,95608,35,31,116.1,"[0.5, 31.1, 33.4, 34.3, 34.4, 38.0, 39.4, 40.2, 42.5, 44.6, 49.3, 80.1, 82.8, 85.5, 85.5, 87.2, 89.1, 90.9, 92.8, 93.7, 96.3, 96.4, 98.1, 98.3, 100.0, 100.0, 101.7, 101.8, 107.2, 114.3, 116.1]","['INSIDE', 'INSIDE', 'INSIDE', 'INSIDE', 'RAIL', 'RAIL', 'INSIDE', 'INSIDE', 'INSIDE', 'INSIDE', 'RAIL', 'INSIDE', 'INSIDE', 'OUTSIDE', 'INSIDE', 'OUTSIDE', 'INSIDE', 'OUTSIDE', 'OUTSIDE', 'RAIL', 'RAIL', 'RAIL', 'INSIDE', 'NEAR', 'OUTSIDE', 'INSIDE', 'INSIDE', 'NEAR', 'RAIL', 'OUTSIDE', 'RAIL']","[[0.89, 1.41, 2.36], [1.8, 0.25, 0.6], [0.26, 0.2, 0.4], [0.94, 1.02, 0.67], [1.55, 0.44, 0.62], [0.91, 0.38, 0.21], [1.11, 1.86, 0.64], [0.74, 1.71, 0.04], [1.51, 1.59, 0.08], [1.07, 0.87, 0.05], [0.11, 0.17, 0.13], [2.0, 5.19, 1.07], [0.13, 0.56, 0.0], [0.17, 1.05, 0.0], [0.38, 3.38, 0.37], [0.12, 0.92, 0.0], [1.75, 1.49, 0.01], [0.06, 0.84, 0.0], [0.05, 0.52, 0.0], [0.07, 1.12, 0.0], [0.05, 0.8, 0.0], [0.02, 0.61, 0.0], [0.23, 1.04, 0.0], [0.27, 1.12, 0.0], [0.28, 0.66, 0.0], [0.04, 0.5, 0.0], [0.28, 0.52, 0.0], [0.19, 1.22, 0.0], [0.06, 1.22, 0.0], [0.04, 1.07, 0.0], [0.07, 1.07, 0.0]]","[1, 3, 4, 10, 7, 8, 12, 6, 5, 49, 13, 26, 35, 28, 33, 31, 37, 20, 29, 51, 24, 43, 25, 18, 46, 38, 22, 39, 34, 53, 40]",609.5
64,1788354629398569181,921600,95665,37,33,117.9,"[0.5, 31.2, 34.3, 40.3, 42.8, 44.6, 46.9, 49.6, 82.2, 83.7, 85.5, 85.6, 87.3, 87.4, 88.9, 89.2, 89.3, 91.0, 92.8, 93.2, 93.7, 94.3, 96.3, 96.4, 98.1, 100.0, 100.0, 101.7, 101.9, 109.0, 114.4, 116.1, 117.9]","['INSIDE', 'INSIDE', 'INSIDE', 'RAIL', 'RAIL', 'INSIDE', 'INSIDE', 'RAIL', 'INSIDE', 'OUTSIDE', 'OUTSIDE', 'INSIDE', 'OUTSIDE', 'OUTSIDE', 'INSIDE', 'OUTSIDE', 'INSIDE', 'INSIDE', 'OUTSIDE', 'OUTSIDE', 'RAIL', 'RAIL', 'RAIL', 'NEAR', 'RAIL', 'INSIDE', 'OUTSIDE', 'OUTSIDE', 'INSIDE', 'INSIDE', 'RAIL', 'NEAR', 'RAIL']","[[0.97, 0.65, 1.75], [0.26, 0.24, 0.4], [0.55, 0.86, 0.67], [1.57, 0.44, 0.62], [0.64, 0.38, 0.21], [1.65, 1.73, 0.09], [1.38, 0.88, 0.06], [0.16, 0.16, 0.16], [0.64, 3.99, 1.24], [0.38, 2.15, 0.16], [0.18, 2.04, 0.17], [0.4, 3.22, 0.61], [0.13, 0.93, 0.0], [0.09, 0.76, 0.0], [0.3, 3.3, 0.18], [0.33, 0.63, 0.0], [0.07, 0.49, 0.0], [0.64, 0.99, 0.0], [0.03, 1.01, 0.0], [0.06, 1.03, 0.0], [0.06, 0.95, 0.0], [0.03, 0.6, 0.0], [0.08, 1.02, 0.0], [0.06, 1.04, 0.0], [0.03, 0.62, 0.0], [0.18, 0.62, 0.0], [1.81, 1.44, 0.01], [1.39, 1.5, 0.01], [0.17, 1.01, 0.0], [0.05, 0.7, 0.0], [0.05, 1.05, 0.0], [0.02, 1.07, 0.0], [0.06, 1.24, 0.0]]","[11, 4, 10, 7, 8, 5, 49, 13, 26, 28, 31, 16, 36, 21, 18, 33, 30, 37, 20, 29, 51, 24, 43, 25, 54, 19, 41, 46, 38, 39, 34, 53, 40]",530.3
65,1788354629496818993,921600,95643,35,30,114.3,"[0.5, 31.1, 33.3, 34.3, 34.4, 38.0, 39.4, 40.2, 42.1, 42.5, 44.6, 49.4, 80.0, 82.8, 85.5, 85.5, 87.2, 89.1, 90.9, 92.8, 93.6, 96.3, 96.4, 98.0, 98.2, 100.0, 100.1, 101.8, 107.2, 114.3]","['INSIDE', 'INSIDE', 'INSIDE', 'INSIDE', 'RAIL', 'RAIL', 'RAIL', 'INSIDE', 'INSIDE', 'INSIDE', 'INSIDE', 'RAIL', 'INSIDE', 'INSIDE', 'OUTSIDE', 'INSIDE', 'OUTSIDE', 'INSIDE', 'OUTSIDE', 'OUTSIDE', 'RAIL', 'RAIL', 'INSIDE', 'NEAR', 'OUTSIDE', 'INSIDE', 'INSIDE', 'NEAR', 'RAIL', 'RAIL']","[[0.89, 1.41, 2.36], [1.82, 0.24, 0.6], [0.28, 0.2, 0.41], [0.9, 1.02, 0.67], [0.26, 0.1, 0.25], [1.55, 0.44, 0.62], [0.92, 0.38, 0.21], [1.1, 1.86, 0.64], [0.75, 1.71, 0.04], [1.51, 1.59, 0.08], [1.08, 0.87, 0.05], [0.15, 0.16, 0.14], [2.06, 4.52, 1.07], [0.45, 0.56, 0.0], [0.19, 1.05, 0.0], [0.35, 3.38, 0.37], [0.14, 0.92, 0.0], [1.86, 2.14, 0.01], [0.05, 1.01, 0.0], [0.07, 0.52, 0.0], [0.05, 1.12, 0.0], [0.02, 0.8, 0.0], [0.25, 1.04, 0.0], [0.22, 1.11, 0.0], [0.3, 0.81, 0.0], [0.05, 0.5, 0.0], [0.2, 0.52, 0.0], [0.26, 1.23, 0.0], [0.13, 1.22, 0.0], [0.04, 1.07, 0.0]]","[1, 3, 4, 10, 2, 7, 8, 12, 6, 5, 49, 13, 26, 35, 31, 19, 21, 37, 20, 29, 51, 24, 25, 18, 46, 38, 22, 39, 34, 40]",544.5
66,1788354629592190996,921600,95532,37,34,117.9,"[0.5, 31.2, 34.3, 40.2, 40.3, 42.7, 44.6, 46.9, 49.6, 82.8, 83.4, 85.5, 85.7, 87.3, 87.4, 89.0, 89.2, 89.3, 91.0, 92.8, 93.2, 93.7, 94.3, 96.3, 96.4, 98.1, 98.2, 100.0, 100.1, 101.7, 101.8, 114.4, 116.1, 117.9]","['INSIDE', 'INSIDE', 'INSIDE', 'INSIDE', 'RAIL', 'RAIL', 'INSIDE', 'INSIDE', 'RAIL', 'INSIDE', 'OUTSIDE', 'INSIDE', 'OUTSIDE', 'OUTSIDE', 'INSIDE', 'OUTSIDE', 'INSIDE', 'INSIDE', 'NEAR', 'OUTSIDE', 'OUTSIDE', 'RAIL', 'RAIL', 'NEAR', 'RAIL', 'INSIDE', 'OUTSIDE', 'OUTSIDE', 'INSIDE', 'INSIDE', 'INSIDE', 'OUTSIDE', 'RAIL', 'RAIL']","[[0.97, 0.65, 1.75], [0.27, 0.12, 0.52], [0.27, 0.24, 0.4], [0.53, 0.86, 0.67], [1.53, 0.44, 0.62], [0.7, 0.38, 0.21], [1.63, 1.73, 0.09], [1.38, 0.88, 0.06], [0.12, 0.17, 0.14], [1.97, 3.99, 1.24], [0.27, 2.04, 0.17], [0.54, 3.22, 0.61], [0.13, 0.93, 0.0], [0.07, 0.92, 0.0], [0.27, 3.3, 0.18], [0.08, 0.47, 0.0], [0.08, 0.49, 0.0], [0.7, 0.99, 0.0], [0.03, 0.84, 0.0], [0.07, 1.03, 0.0], [0.7, 1.47, 0.01], [0.02, 0.6, 0.0], [0.04, 1.01, 0.0], [0.22, 1.19, 0.0], [0.03, 0.62, 0.0], [0.17, 0.62, 0.0], [1.83, 1.76, 0.01], [1.45, 1.5, 0.01], [0.15, 1.01, 0.0], [0.13, 1.2, 0.0], [0.17, 0.87, 0.0], [0.04, 0.89, 0.0], [0.04, 0.7, 0.0], [0.03, 1.24, 0.0]]","[11, 3, 4, 10, 7, 8, 5, 49, 13, 26, 31, 16, 36, 21, 18, 33, 30, 37, 20, 29, 14, 24, 43, 25, 54, 19, 41, 46, 38, 22, 39, 53, 34, 40]",498.1
67,1788354629696899340,921600,95609,35,32,116.1,"[0.5, 29.9, 31.1, 33.2, 34.3, 34.4, 38.1, 40.1, 40.3, 42.1, 44.6, 45.7, 49.5, 80.0, 82.8, 83.7, 85.4, 85.6, 87.3, 89.1, 90.9, 93.2, 93.7, 96.3, 96.4, 98.0, 100.0, 100.1, 101.8, 101.8, 114.3, 116.1]","['INSIDE', 'INSIDE', 'INSIDE', 'INSIDE', 'RAIL', 'RAIL', 'RAIL', 'RAIL', 'INSIDE', 'INSIDE', 'INSIDE', 'INSIDE', 'RAIL', 'INSIDE', 'INSIDE', 'OUTSIDE', 'OUTSIDE', 'OUTSIDE', 'INSIDE', 'OUTSIDE', 'INSIDE', 'OUTSIDE', 'OUTSIDE', 'RAIL', 'RAIL', 'NEAR', 'OUTSIDE', 'INSIDE', 'NEAR', 'RAIL', 'OUTSIDE', 'RAIL']","[[0.88, 1.41, 2.36], [0.52, 0.1, 0.6], [0.28, 0.2, 0.41], [0.9, 1.02, 0.68], [0.25, 0.09, 0.25], [1.57, 0.44, 0.62], [0.87, 0.38, 0.21], [0.18, 0.25, 0.2], [1.91, 2.71, 0.65], [0.72, 1.58, 0.04], [1.6, 1.59, 0.09], [1.02, 0.98, 0.04], [0.16, 0.16, 0.15], [1.98, 4.38, 1.07], [0.39, 0.56, 0.0], [0.11, 0.44, 0.0], [0.29, 1.74, 0.17], [0.24, 2.36, 0.17], [0.21, 3.54, 0.18], [0.08, 0.76, 0.0], [1.78, 1.98, 0.01], [0.03, 0.84, 0.0], [0.18, 0.69, 0.0], [0.04, 0.8, 0.0], [0.04, 0.81, 0.0], [0.26, 1.11, 0.0], [1.31, 1.01, 0.01], [0.08, 0.67, 0.0], [0.24, 1.05, 0.0], [0.09, 1.05, 0.0], [0.12, 1.25, 0.0], [0.04, 1.07, 0.0]]","[1, 3, 4, 10, 2, 7, 8, 12, 6, 5, 49, 11, 13, 26, 35, 28, 31, 25, 19, 21, 37, 20, 29, 24, 43, 18, 46, 38, 39, 34, 53, 40]",601.8
68,1788354629798360526,921600,95521,38,34,117.9,"[0.5, 31.2, 34.4, 34.6, 36.2, 40.4, 42.8, 45.9, 46.9, 49.6, 82.8, 83.6, 85.5, 85.6, 87.3, 87.3, 89.1, 89.3, 91.0, 92.8, 93.3, 93.7, 94.3, 96.3, 96.5, 98.0, 100.0, 100.0, 101.7, 101.9, 109.0, 114.4, 116.2, 117.9]","['INSIDE', 'INSIDE', 'INSIDE', 'RAIL', 'RAIL', 'INSIDE', 'INSIDE', 'INSIDE', 'INSIDE', 'RAIL', 'INSIDE', 'OUTSIDE', 'OUTSIDE', 'OUTSIDE', 'INSIDE', 'INSIDE', 'INSIDE', 'INSIDE', 'NEAR', 'OUTSIDE', 'RAIL', 'OUTSIDE', 'RAIL', 'RAIL', 'NEAR', 'RAIL', 'INSIDE', 'OUTSIDE', 'OUTSIDE', 'INSIDE', 'INSIDE', 'RAIL', 'NEAR', 'RAIL']","[[1.15, 1.65, 2.39], [0.98, 0.61, 1.75], [0.57, 0.86, 0.67], [1.41, 0.39, 0.62], [0.65, 0.38, 0.21], [1.7, 1.73, 0.09], [1.4, 0.88, 0.06], [4.11, 2.8, 0.25], [0.63, 0.82, 0.03], [0.13, 0.16, 0.13], [1.98, 3.99, 1.24], [0.29, 2.34, 0.17], [0.15, 1.09, 0.0], [0.12, 0.92, 0.0], [0.26, 2.98, 0.18], [0.08, 0.49, 0.0], [0.45, 0.62, 0.18], [0.66, 0.99, 0.0], [0.03, 0.84, 0.0], [0.18, 1.2, 0.0], [0.07, 1.14, 0.0], [0.94, 1.16, 0.01], [0.03, 0.6, 0.0], [0.09, 1.02, 0.0], [0.07, 1.04, 0.0], [0.04, 0.82, 0.0], [0.26, 1.42, 0.61], [1.84, 1.76, 0.01], [1.45, 1.5, 0.01], [0.26, 1.01, 0.0], [0.05, 0.7, 0.0], [0.06, 1.05, 0.0], [0.02, 1.07, 0.0], [0.15, 1.24, 0.0]]","[1, 4, 10, 7, 8, 49, 3, 5, 11, 13, 26, 31, 36, 21, 18, 30, 19, 37, 20, 29, 51, 14, 24, 43, 25, 54, 16, 41, 46, 38, 39, 34, 53, 40]",613.0
69,1788354629899055745,921600,95643,38,34,116.1,"[0.5, 30.7, 33.2, 34.3, 34.4, 38.1, 40.1, 40.1, 42.1, 42.6, 46.9, 49.4, 79.1, 80.0, 82.8, 83.4, 83.6, 85.5, 85.6, 87.3, 89.0, 90.8, 93.2, 93.6, 96.3, 96.4, 98.0, 98.2, 100.0, 100.0, 101.7, 101.9, 114.3, 116.1]","['INSIDE', 'INSIDE', 'INSIDE', 'INSIDE', 'RAIL', 'RAIL', 'RAIL', 'INSIDE', 'INSIDE', 'INSIDE', 'INSIDE', 'RAIL', 'INSIDE', 'INSIDE', 'INSIDE', 'OUTSIDE', 'OUTSIDE', 'OUTSIDE', 'INSIDE', 'OUTSIDE', 'INSIDE', 'OUTSIDE', 'OUTSIDE', 'NEAR', 'RAIL', 'RAIL', 'NEAR', 'OUTSIDE', 'INSIDE', 'INSIDE', 'NEAR', 'RAIL', 'OUTSIDE', 'RAIL']","[[0.87, 1.41, 2.36], [0.49, 0.1, 0.6], [1.05, 0.65, 1.76], [1.13, 1.1, 0.68], [0.27, 0.08, 0.25], [1.54, 0.44, 0.62], [1.69, 0.55, 0.21], [1.91, 2.71, 0.65], [0.7, 1.58, 0.04], [1.98, 1.74, 0.1], [1.16, 0.87, 0.05], [0.15, 0.16, 0.14], [1.88, 2.97, 0.87], [1.94, 2.96, 1.07], [0.31, 0.42, 0.0], [0.09, 0.44, 0.0], [0.25, 1.74, 0.17], [0.24, 2.36, 0.17], [0.39, 3.54, 0.37], [0.09, 0.76, 0.0], [1.85, 2.13, 0.01], [0.05, 0.84, 0.0], [0.1, 0.69, 0.0], [0.74, 1.03, 0.01], [0.02, 0.8, 0.0], [0.03, 0.81, 0.0], [0.16, 0.95, 0.0], [1.29, 1.01, 0.01], [0.09, 0.67, 0.0], [0.19, 1.2, 0.0], [0.19, 1.05, 0.0], [0.17, 1.04, 0.0], [0.04, 1.07, 0.0], [0.06, 1.24, 0.0]]","[1, 49, 4, 10, 2, 7, 8, 6, 5, 3, 11, 13, 35, 26, 14, 28, 31, 25, 19, 21, 37, 20, 29, 16, 24, 43, 18, 46, 38, 22, 39, 34, 53, 40]",506.2
70,1788354629994818410,921600,95690,33,30,117.9,"[0.5, 30.0, 31.2, 34.3, 40.3, 42.7, 46.9, 49.6, 82.8, 83.7, 85.6, 85.6, 87.3, 89.1, 89.2, 90.9, 92.8, 93.3, 93.7, 94.3, 96.3, 96.4, 98.1, 100.0, 100.1, 101.9, 103.5, 114.4, 116.1, 117.9]","['INSIDE', 'INSIDE', 'RAIL', 'RAIL', 'RAIL', 'INSIDE', 'INSIDE', 'RAIL', 'INSIDE', 'OUTSIDE', 'OUTSIDE', 'OUTSIDE', 'INSIDE', 'INSIDE', 'INSIDE', 'OUTSIDE', 'OUTSIDE', 'OUTSIDE', 'RAIL', 'RAIL', 'NEAR', 'RAIL', 'INSIDE', 'OUTSIDE', 'OUTSIDE', 'INSIDE', 'INSIDE', 'RAIL', 'RAIL', 'OUTSIDE']","[[0.99, 0.66, 1.76], [0.54, 0.77, 0.67], [1.58, 0.44, 0.62], [0.7, 0.38, 0.21], [0.18, 0.25, 0.2], [1.61, 1.73, 0.09], [1.36, 0.88, 0.06], [0.14, 0.16, 0.14], [1.98, 3.99, 1.24], [0.3, 2.04, 0.17], [0.09, 0.93, 0.0], [0.07, 0.92, 0.0], [0.3, 3.3, 0.18], [0.07, 0.49, 0.0], [0.67, 0.99, 0.0], [0.08, 1.01, 0.0], [0.07, 1.03, 0.0], [1.07, 1.3, 0.01], [0.01, 0.6, 0.0], [0.05, 0.81, 0.0], [0.2, 1.19, 0.0], [0.03, 0.62, 0.0], [0.14, 0.62, 0.0], [1.76, 1.44, 0.01], [1.24, 1.17, 0.01], [0.14, 1.01, 0.0], [0.12, 0.87, 0.0], [0.03, 0.7, 0.0], [0.06, 1.24, 0.0], [0.07, 0.91, 0.0]]","[4, 10, 7, 8, 12, 3, 11, 13, 26, 31, 36, 21, 18, 30, 37, 20, 29, 16, 24, 43, 25, 54, 19, 41, 46, 38, 39, 34, 40, 59]",456.7
71,1788354630095821178,921600,95701,37,35,116.1,"[0.5, 30.7, 33.5, 34.3, 34.4, 38.1, 40.1, 40.3, 42.1, 42.5, 46.9, 49.4, 79.2, 80.1, 82.8, 83.7, 85.5, 85.6, 87.2, 89.1, 89.2, 90.9, 91.0, 93.2, 93.6, 96.3, 96.4, 98.1, 99.9, 100.0, 101.7, 101.9, 103.5, 114.4, 116.1]","['INSIDE', 'INSIDE', 'INSIDE', 'INSIDE', 'RAIL', 'RAIL', 'RAIL', 'INSIDE', 'INSIDE', 'INSIDE', 'INSIDE', 'RAIL', 'INSIDE', 'INSIDE', 'INSIDE', 'OUTSIDE', 'OUTSIDE', 'OUTSIDE', 'NEAR', 'OUTSIDE', 'INSIDE', 'INSIDE', 'OUTSIDE', 'OUTSIDE', 'RAIL', 'RAIL', 'INSIDE', 'NEAR', 'OUTSIDE', 'INSIDE', 'INSIDE', 'RAIL', 'OUTSIDE', 'RAIL', 'OUTSIDE']","[[0.88, 1.41, 2.36], [0.51, 0.1, 0.6], [1.03, 0.65, 1.67], [1.15, 1.1, 0.68], [0.26, 0.08, 0.25], [1.55, 0.44, 0.62], [1.68, 0.55, 0.21], [1.39, 1.86, 0.65], [0.67, 1.58, 0.03], [1.62, 1.6, 0.09], [1.16, 0.87, 0.05], [0.13, 0.16, 0.14], [1.83, 2.97, 0.87], [1.93, 4.38, 1.07], [0.25, 0.56, 0.0], [0.13, 0.44, 0.0], [0.34, 1.89, 0.17], [0.17, 2.36, 0.17], [0.07, 0.93, 0.0], [0.13, 0.92, 0.0], [0.13, 0.79, 0.0], [1.85, 1.97, 0.01], [0.05, 0.84, 0.0], [0.05, 0.69, 0.0], [0.03, 0.8, 0.0], [0.04, 0.81, 0.0], [0.13, 1.24, 0.0], [0.26, 1.11, 0.0], [1.29, 1.01, 0.01], [0.05, 0.67, 0.0], [0.05, 0.87, 0.0], [0.09, 1.05, 0.0], [0.06, 1.06, 0.0], [0.09, 1.24, 0.0], [0.02, 0.54, 0.0]]","[1, 49, 4, 10, 2, 7, 8, 6, 5, 3, 11, 13, 35, 26, 14, 28, 31, 25, 36, 21, 18, 37, 20, 29, 24, 43, 19, 33, 46, 38, 39, 34, 53, 40, 59]",473.8
72,1788354630194133820,921600,95531,39,32,117.9,"[0.5, 31.2, 34.4, 40.3, 42.8, 46.9, 49.6, 82.8, 83.4, 85.6, 85.7, 87.3, 89.0, 89.2, 89.3, 91.0, 92.8, 93.2, 93.7, 94.3, 96.3, 96.4, 98.1, 99.9, 100.0, 101.7, 101.8, 103.5, 109.0, 114.4, 116.1, 117.9]","['INSIDE', 'INSIDE', 'RAIL', 'RAIL', 'INSIDE', 'INSIDE', 'RAIL', 'INSIDE', 'OUTSIDE', 'OUTSIDE', 'OUTSIDE', 'INSIDE', 'OUTSIDE', 'INSIDE', 'INSIDE', 'NEAR', 'OUTSIDE', 'RAIL', 'OUTSIDE', 'OUTSIDE', 'RAIL', 'RAIL', 'NEAR', 'RAIL', 'INSIDE', 'OUTSIDE', 'OUTSIDE', 'INSIDE', 'RAIL', 'NEAR', 'RAIL', 'OUTSIDE']","[[0.97, 0.65, 1.66], [0.59, 0.86, 0.67], [1.39, 0.39, 0.62], [0.65, 0.38, 0.21], [1.61, 1.73, 0.09], [1.37, 1.18, 0.06], [0.1, 0.17, 0.14], [1.98, 3.99, 1.24], [0.35, 2.04, 0.17], [0.13, 0.93, 0.0], [0.12, 0.92, 0.0], [0.27, 3.3, 0.18], [0.06, 0.47, 0.0], [0.08, 0.49, 0.0], [0.7, 0.99, 0.0], [0.05, 0.84, 0.0], [0.04, 1.03, 0.0], [0.04, 0.95, 0.0], [0.44, 2.24, 0.21], [0.74, 1.18, 0.01], [0.06, 0.6, 0.0], [0.04, 1.01, 0.0], [0.21, 1.19, 0.0], [0.02, 0.62, 0.0], [0.19, 0.62, 0.0], [1.84, 1.76, 0.01], [1.49, 1.5, 0.01], [0.18, 1.01, 0.0], [0.05, 1.05, 0.0], [0.02, 1.07, 0.0], [0.02, 1.24, 0.0], [0.04, 0.9, 0.0]]","[4, 10, 7, 8, 3, 11, 13, 26, 31, 36, 21, 18, 19, 30, 37, 20, 29, 51, 39, 16, 24, 43, 25, 54, 33, 41, 46, 38, 34, 53, 40, 59]",417.1
73,1788354630296996392,921600,95675,31,27,116.1,"[0.5, 31.1, 34.4, 40.1, 40.3, 42.6, 47.0, 49.5, 80.1, 82.2, 83.4, 85.5, 85.6, 87.3, 89.1, 89.2, 90.9, 93.6, 96.3, 96.4, 98.0, 99.9, 100.0, 101.7, 101.8, 103.5, 116.1]","['INSIDE', 'INSIDE', 'INSIDE', 'RAIL', 'RAIL', 'INSIDE', 'INSIDE', 'RAIL', 'INSIDE', 'INSIDE', 'OUTSIDE', 'NEAR', 'OUTSIDE', 'INSIDE', 'INSIDE', 'OUTSIDE', 'OUTSIDE', 'OUTSIDE', 'RAIL', 'INSIDE', 'INSIDE', 'INSIDE', 'INSIDE', 'OUTSIDE', 'RAIL', 'RAIL', 'OUTSIDE']","[[1.1, 0.65, 1.76], [0.5, 0.1, 0.53], [0.84, 1.02, 0.68], [1.37, 0.39, 0.62], [0.83, 0.39, 0.21], [1.32, 1.58, 0.07], [1.26, 0.87, 0.05], [0.14, 0.16, 0.15], [0.63, 2.82, 1.07], [0.33, 0.69, 0.0], [0.2, 0.6, 0.0], [0.06, 1.09, 0.0], [0.16, 0.92, 0.0], [0.23, 3.14, 0.18], [1.91, 3.24, 0.19], [0.05, 0.84, 0.0], [0.16, 0.86, 0.0], [0.72, 0.6, 0.01], [0.05, 1.01, 0.0], [0.14, 1.19, 0.0], [0.22, 1.24, 0.0], [0.06, 0.84, 0.0], [0.07, 0.87, 0.0], [0.04, 1.07, 0.0], [0.04, 0.7, 0.0], [0.02, 1.07, 0.0], [0.07, 0.9, 0.0]]","[4, 49, 10, 7, 8, 3, 11, 13, 26, 14, 31, 36, 21, 18, 37, 20, 29, 16, 43, 25, 33, 38, 39, 53, 34, 40, 59]",540.5
74,1788354630394940789,921600,95570,35,31,117.9,"[0.5, 31.3, 33.0, 34.4, 34.5, 38.1, 40.3, 42.1, 43.1, 47.0, 49.6, 82.2, 83.8, 85.5, 85.6, 87.3, 87.3, 89.0, 89.1, 91.0, 93.7, 96.4, 98.0, 99.9, 100.0, 101.8, 101.8, 103.5, 109.0, 116.2, 117.9]","['INSIDE', 'INSIDE', 'INSIDE', 'RAIL', 'RAIL', 'RAIL', 'OUTSIDE', 'INSIDE', 'INSIDE', 'INSIDE', 'RAIL', 'INSIDE', 'INSIDE', 'OUTSIDE', 'INSIDE', 'OUTSIDE', 'INSIDE', 'OUTSIDE', 'INSIDE', 'INSIDE', 'OUTSIDE', 'RAIL', 'OUTSIDE', 'RAIL', 'OUTSIDE', 'RAIL', 'INSIDE', 'RAIL', 'NEAR', 'RAIL', 'OUTSIDE']","[[1.17, 2.14, 2.39], [1.01, 0.62, 1.65], [0.61, 0.77, 0.67], [0.24, 0.08, 0.25], [1.4, 0.39, 0.69], [0.58, 0.39, 0.21], [1.07, 1.68, 0.61], [1.02, 1.71, 0.05], [1.36, 1.58, 0.07], [1.81, 1.34, 0.08], [0.15, 0.16, 0.14], [0.64, 4.28, 1.24], [0.51, 3.02, 0.39], [0.13, 2.49, 0.17], [0.45, 3.08, 0.37], [0.11, 1.07, 0.0], [0.3, 3.29, 0.18], [0.08, 0.62, 0.0], [2.01, 5.33, 0.39], [0.21, 3.17, 0.2], [0.21, 1.2, 0.0], [0.04, 0.95, 0.0], [0.36, 2.24, 0.21], [0.05, 1.01, 0.0], [0.05, 0.9, 0.0], [0.03, 0.82, 0.0], [0.26, 1.57, 0.61], [0.03, 0.87, 0.0], [0.13, 1.07, 0.0], [0.05, 1.07, 0.0], [0.1, 1.09, 0.0]]","[1, 4, 10, 2, 7, 8, 6, 5, 3, 11, 13, 26, 28, 31, 36, 21, 18, 19, 37, 38, 29, 51, 39, 43, 25, 54, 33, 34, 53, 40, 59]",595.1
75,1788354630493799379,921600,95751,35,34,116.1,"[0.5, 30.7, 34.3, 34.5, 40.1, 40.2, 42.1, 42.6, 44.6, 46.9, 49.4, 80.1, 82.2, 83.4, 83.7, 83.8, 85.5, 85.6, 87.2, 89.0, 89.2, 90.9, 93.2, 93.7, 96.3, 96.4, 98.1, 100.0, 100.0, 101.7, 101.8, 103.5, 114.4, 116.1]","['INSIDE', 'INSIDE', 'INSIDE', 'INSIDE', 'INSIDE', 'RAIL', 'RAIL', 'RAIL', 'INSIDE', 'INSIDE', 'RAIL', 'INSIDE', 'INSIDE', 'OUTSIDE', 'OUTSIDE', 'OUTSIDE', 'INSIDE', 'NEAR', 'OUTSIDE', 'INSIDE', 'INSIDE', 'INSIDE', 'OUTSIDE', 'OUTSIDE', 'RAIL', 'OUTSIDE', 'RAIL', 'OUTSIDE', 'INSIDE', 'INSIDE', 'RAIL', 'OUTSIDE', 'RAIL', 'OUTSIDE']","[[0.96, 1.53, 2.37], [1.03, 0.65, 1.76], [0.49, 0.11, 0.53], [0.3, 0.2, 0.41], [0.9, 1.02, 0.67], [0.22, 0.08, 0.25], [1.55, 0.44, 0.62], [1.69, 0.55, 0.21], [1.3, 1.58, 0.07], [1.23, 0.87, 0.05], [0.15, 0.16, 0.14], [0.65, 3.11, 1.07], [0.26, 0.56, 0.0], [0.07, 0.44, 0.0], [0.32, 1.89, 0.17], [0.19, 2.21, 0.17], [0.08, 0.59, 0.0], [0.05, 0.93, 0.0], [0.1, 0.92, 0.0], [0.36, 3.13, 0.18], [1.95, 2.14, 0.01], [0.3, 1.24, 0.18], [0.03, 0.84, 0.0], [0.04, 0.69, 0.0], [0.07, 0.8, 0.0], [0.68, 0.74, 0.01], [0.06, 1.02, 0.0], [1.38, 1.17, 0.01], [0.08, 0.84, 0.0], [0.11, 1.05, 0.0], [0.03, 0.87, 0.0], [0.03, 1.07, 0.0], [0.03, 1.24, 0.0], [0.01, 0.72, 0.0]]","[1, 4, 49, 61, 10, 2, 7, 8, 3, 11, 13, 26, 14, 28, 31, 25, 16, 36, 21, 18, 37, 19, 20, 29, 24, 33, 43, 46, 38, 39, 34, 53, 40, 59]",574.3
76,1788354630591626858,921600,95667,39,34,117.9,"[0.5, 31.3, 33.0, 34.4, 34.6, 38.0, 38.0, 40.3, 43.1, 44.6, 47.0, 49.6, 82.9, 85.5, 85.6, 87.3, 87.3, 89.0, 89.2, 91.0, 93.5, 93.7, 96.3, 96.4, 98.1, 98.2, 99.8, 100.0, 100.1, 101.8, 101.9, 105.4, 116.2, 117.9]","['INSIDE', 'INSIDE', 'INSIDE', 'INSIDE', 'RAIL', 'RAIL', 'OUTSIDE', 'INSIDE', 'INSIDE', 'INSIDE', 'INSIDE', 'RAIL', 'INSIDE', 'OUTSIDE', 'INSIDE', 'OUTSIDE', 'INSIDE', 'OUTSIDE', 'INSIDE', 'INSIDE', 'OUTSIDE', 'OUTSIDE', 'RAIL', 'NEAR', 'RAIL', 'INSIDE', 'OUTSIDE', 'INSIDE', 'INSIDE', 'INSIDE', 'NEAR', 'RAIL', 'RAIL', 'RAIL']","[[1.2, 2.14, 2.39], [0.99, 0.62, 1.65], [0.24, 0.24, 0.4], [0.65, 1.11, 0.67], [1.39, 0.39, 0.69], [0.58, 0.39, 0.21], [1.04, 1.69, 0.61], [1.08, 0.64, 0.06], [0.22, 0.93, 0.01], [1.4, 1.58, 0.07], [1.78, 1.34, 0.08], [0.12, 0.16, 0.14], [2.17, 4.28, 1.24], [0.21, 2.19, 0.17], [0.37, 3.08, 0.18], [0.16, 1.07, 0.0], [0.26, 3.29, 0.18], [0.06, 0.47, 0.0], [2.01, 3.89, 0.2], [0.04, 1.01, 0.0], [0.18, 1.2, 0.0], [0.15, 0.53, 0.0], [0.07, 1.01, 0.0], [0.08, 1.04, 0.0], [0.07, 1.03, 0.0], [0.27, 1.72, 0.61], [1.88, 1.67, 0.01], [0.04, 1.01, 0.0], [0.05, 0.51, 0.0], [0.04, 0.52, 0.0], [0.09, 1.07, 0.0], [0.13, 0.87, 0.0], [0.03, 0.89, 0.0], [0.03, 1.1, 0.0]]","[1, 4, 61, 10, 7, 8, 6, 5, 49, 3, 11, 13, 26, 31, 36, 21, 18, 19, 30, 20, 29, 39, 43, 25, 54, 16, 46, 38, 22, 53, 59, 34, 40, 51]",436.0
77,1788354630696326248,921600,95696,36,34,116.1,"[0.5, 30.0, 31.0, 34.3, 34.4, 38.0, 40.1, 40.2, 42.1, 42.6, 44.6, 46.9, 49.5, 80.1, 82.2, 83.4, 83.7, 85.5, 85.6, 87.3, 89.1, 89.2, 91.0, 91.0, 93.1, 93.5, 96.3, 96.4, 98.1, 100.0, 100.0, 101.8, 114.3, 116.1]","['INSIDE', 'INSIDE', 'INSIDE', 'INSIDE', 'INSIDE', 'RAIL', 'RAIL', 'RAIL', 'RAIL', 'INSIDE', 'INSIDE', 'INSIDE', 'RAIL', 'INSIDE', 'INSIDE', 'OUTSIDE', 'OUTSIDE', 'OUTSIDE', 'NEAR', 'OUTSIDE', 'INSIDE', 'INSIDE', 'INSIDE', 'OUTSIDE', 'OUTSIDE', 'RAIL', 'OUTSIDE', 'RAIL', 'NEAR', 'OUTSIDE', 'INSIDE', 'INSIDE', 'RAIL', 'RAIL']","[[0.92, 1.41, 2.37], [1.04, 0.66, 1.67], [0.42, 0.11, 0.53], [0.26, 0.2, 0.41], [0.65, 0.94, 0.67], [0.21, 0.08, 0.25], [1.58, 0.44, 0.62], [1.01, 0.38, 0.21], [0.19, 0.25, 0.2], [0.33, 0.92, 0.02], [1.27, 1.58, 0.07], [1.19, 0.87, 0.05], [0.14, 0.18, 0.14], [0.63, 2.82, 1.07], [0.3, 0.69, 0.0], [0.29, 2.29, 0.16], [0.29, 1.74, 0.17], [0.22, 2.21, 0.17], [0.08, 1.09, 0.0], [0.14, 0.92, 0.0], [0.14, 0.95, 0.0], [2.01, 2.13, 0.01], [0.52, 1.24, 0.37], [0.06, 1.01, 0.0], [0.06, 0.69, 0.0], [0.02, 0.8, 0.0], [0.68, 0.74, 0.01], [0.04, 1.01, 0.0], [0.22, 1.12, 0.0], [1.44, 1.17, 0.01], [0.06, 0.67, 0.0], [0.08, 1.05, 0.0], [0.04, 0.87, 0.0], [0.03, 1.07, 0.0]]","[1, 4, 5, 61, 10, 2, 7, 8, 12, 49, 3, 11, 13, 26, 14, 28, 31, 25, 36, 21, 18, 37, 19, 20, 29, 24, 33, 43, 46, 30, 38, 53, 34, 40]",466.0
78,1788354630797650350,921600,95565,38,32,117.9,"[0.5, 31.3, 34.4, 34.7, 42.8, 44.6, 46.9, 49.6, 75.8, 82.2, 83.5, 83.7, 85.5, 85.6, 87.3, 89.2, 91.0, 92.7, 93.2, 93.8, 94.3, 96.3, 96.5, 98.1, 100.0, 100.1, 101.8, 101.8, 109.0, 114.4, 116.2, 117.9]","['INSIDE', 'INSIDE', 'INSIDE', 'INSIDE', 'RAIL', 'RAIL', 'INSIDE', 'RAIL', 'INSIDE', 'INSIDE', 'INSIDE', 'OUTSIDE', 'INSIDE', 'OUTSIDE', 'INSIDE', 'INSIDE', 'INSIDE', 'NEAR', 'OUTSIDE', 'OUTSIDE', 'RAIL', 'RAIL', 'NEAR', 'RAIL', 'OUTSIDE', 'OUTSIDE', 'INSIDE', 'INSIDE', 'NEAR', 'RAIL', 'RAIL', 'RAIL']","[[1.47, 2.27, 2.4], [0.98, 0.59, 1.66], [0.26, 0.24, 0.4], [0.6, 0.86, 0.67], [1.38, 0.39, 0.62], [0.61, 0.38, 0.21], [1.41, 0.88, 0.06], [0.12, 0.17, 0.14], [2.71, 2.92, 1.35], [0.64, 4.14, 1.24], [0.28, 3.17, 0.16], [0.13, 2.34, 0.17], [0.33, 3.23, 0.18], [0.14, 1.07, 0.0], [0.25, 3.3, 0.18], [0.27, 0.65, 0.0], [0.63, 0.83, 0.0], [0.03, 1.01, 0.0], [0.13, 1.2, 0.0], [0.65, 1.04, 0.01], [0.08, 0.6, 0.0], [0.08, 1.01, 0.0], [0.09, 1.04, 0.0], [0.04, 0.62, 0.0], [1.85, 1.44, 0.01], [1.41, 1.5, 0.01], [0.23, 1.18, 0.0], [0.06, 0.7, 0.0], [0.09, 1.07, 0.0], [0.11, 0.7, 0.0], [0.03, 1.07, 0.0], [0.06, 0.76, 0.0]]","[1, 4, 61, 10, 7, 8, 11, 13, 35, 26, 28, 31, 36, 21, 18, 37, 30, 20, 29, 33, 24, 43, 25, 54, 41, 46, 38, 53, 59, 34, 40, 51]",454.1
79,1788354630897725111,921600,95654,35,31,116.1,"[0.5, 34.3, 34.4, 40.1, 40.2, 42.1, 42.6, 44.6, 46.9, 49.5, 72.9, 80.1, 82.8, 85.5, 85.7, 87.3, 89.1, 89.2, 90.9, 91.0, 93.1, 93.6, 96.3, 96.4, 98.1, 100.0, 100.0, 101.7, 101.8, 114.4, 116.1]","['INSIDE', 'INSIDE', 'INSIDE', 'INSIDE', 'INSIDE', 'RAIL', 'RAIL', 'INSIDE', 'INSIDE', 'RAIL', 'INSIDE', 'INSIDE', 'OUTSIDE', 'NEAR', 'OUTSIDE', 'INSIDE', 'INSIDE', 'OUTSIDE', 'OUTSIDE', 'OUTSIDE', 'RAIL', 'RAIL', 'INSIDE', 'INSIDE', 'NEAR', 'OUTSIDE', 'INSIDE', 'INSIDE', 'RAIL', 'OUTSIDE', 'RAIL']","[[0.91, 1.41, 2.37], [1.02, 0.65, 1.67], [0.46, 0.11, 0.53], [0.28, 0.2, 0.41], [0.66, 0.94, 0.67], [0.27, 0.08, 0.25], [1.54, 0.44, 0.62], [1.27, 1.58, 0.07], [1.22, 0.87, 0.05], [0.11, 0.16, 0.13], [1.98, 5.01, 1.09], [0.31, 0.56, 0.0], [0.23, 0.9, 0.0], [0.08, 1.09, 0.0], [0.17, 1.07, 0.0], [0.16, 0.95, 0.0], [1.85, 2.14, 0.01], [0.04, 1.01, 0.0], [0.04, 0.69, 0.0], [0.36, 2.01, 0.14], [0.04, 0.8, 0.0], [0.05, 1.01, 0.0], [0.3, 1.19, 0.0], [0.22, 1.24, 0.0], [0.11, 0.95, 0.0], [1.41, 1.17, 0.01], [0.08, 0.67, 0.0], [0.1, 1.05, 0.0], [0.06, 0.87, 0.0], [0.02, 1.07, 0.0], [0.03, 1.25, 0.0]]","[1, 4, 5, 61, 10, 2, 7, 3, 11, 13, 26, 14, 31, 36, 21, 18, 30, 20, 29, 35, 24, 43, 25, 19, 46, 37, 38, 53, 34, 59, 40]",444.4
80,1788354631000213390,921600,95568,37,33,117.9,"[0.5, 31.2, 34.4, 34.7, 40.3, 42.8, 44.6, 46.9, 49.6, 82.8, 83.5, 85.5, 85.6, 87.2, 87.3, 89.0, 89.1, 90.9, 92.6, 93.2, 93.7, 94.2, 96.3, 96.5, 98.0, 100.0, 100.0, 101.6, 101.9, 108.9, 114.4, 116.2, 117.9]","['INSIDE', 'INSIDE', 'INSIDE', 'INSIDE', 'RAIL', 'RAIL', 'INSIDE', 'INSIDE', 'RAIL', 'INSIDE', 'OUTSIDE', 'OUTSIDE', 'INSIDE', 'OUTSIDE', 'INSIDE', 'OUTSIDE', 'INSIDE', 'INSIDE', 'OUTSIDE', 'OUTSIDE', 'RAIL', 'RAIL', 'NEAR', 'RAIL', 'INSIDE', 'OUTSIDE', 'OUTSIDE', 'INSIDE', 'INSIDE', 'RAIL', 'RAIL', 'RAIL', 'RAIL']","[[1.44, 2.27, 2.4], [1.0, 0.6, 1.88], [0.26, 0.24, 0.4], [0.6, 0.86, 0.34], [1.39, 0.39, 0.62], [0.62, 0.38, 0.21], [1.63, 1.73, 0.09], [1.39, 0.88, 0.06], [0.15, 0.17, 0.15], [1.99, 3.99, 1.24], [0.34, 0.74, 0.0], [0.22, 2.34, 0.17], [0.43, 3.08, 0.37], [0.09, 0.76, 0.0], [0.21, 3.14, 0.18], [0.06, 0.47, 0.0], [0.33, 0.65, 0.0], [0.61, 0.83, 0.0], [0.1, 1.01, 0.0], [0.22, 1.2, 0.0], [0.03, 0.6, 0.0], [0.07, 1.01, 0.0], [0.08, 1.04, 0.0], [0.03, 0.82, 0.0], [0.4, 1.57, 0.61], [1.86, 1.76, 0.01], [1.39, 1.5, 0.01], [0.22, 1.01, 0.0], [0.05, 0.7, 0.0], [0.21, 1.43, 0.29], [0.08, 0.7, 0.0], [0.06, 1.24, 0.0], [0.06, 0.57, 0.0]]","[1, 4, 61, 10, 7, 8, 3, 11, 13, 26, 28, 31, 36, 21, 18, 19, 30, 37, 20, 29, 24, 43, 25, 54, 16, 41, 46, 38, 53, 59, 34, 40, 51]",504.2
81,1788354631115218199,921600,95664,34,32,116.1,"[0.5, 30.7, 34.3, 34.5, 40.1, 40.2, 42.1, 42.6, 44.6, 46.9, 49.4, 71.3, 80.1, 82.8, 83.7, 85.5, 85.6, 87.3, 89.1, 89.2, 90.9, 93.1, 93.5, 96.3, 96.4, 98.1, 100.0, 100.0, 101.7, 101.8, 114.4, 116.1]","['INSIDE', 'INSIDE', 'INSIDE', 'INSIDE', 'INSIDE', 'RAIL', 'RAIL', 'RAIL', 'INSIDE', 'INSIDE', 'RAIL', 'OUTSIDE', 'INSIDE', 'INSIDE', 'OUTSIDE', 'OUTSIDE', 'NEAR', 'OUTSIDE', 'INSIDE', 'INSIDE', 'OUTSIDE', 'OUTSIDE', 'RAIL', 'RAIL', 'INSIDE', 'INSIDE', 'OUTSIDE', 'INSIDE', 'INSIDE', 'RAIL', 'OUTSIDE', 'RAIL']","[[0.99, 1.53, 2.38], [1.05, 0.65, 1.88], [0.47, 0.11, 0.53], [0.3, 0.2, 0.41], [0.88, 1.02, 0.67], [0.24, 0.08, 0.25], [1.56, 0.44, 0.62], [1.66, 0.55, 0.21], [1.31, 1.58, 0.07], [1.25, 0.87, 0.05], [0.13, 0.16, 0.14], [0.29, 0.62, 0.0], [1.96, 4.09, 1.07], [0.34, 0.69, 0.0], [0.22, 2.29, 0.16], [0.22, 1.59, 0.17], [0.04, 1.09, 0.0], [0.06, 0.61, 0.0], [0.45, 3.3, 0.18], [2.07, 2.13, 0.01], [0.04, 1.01, 0.0], [0.06, 0.69, 0.0], [0.06, 0.8, 0.0], [0.05, 1.01, 0.0], [0.14, 1.19, 0.0], [0.14, 0.78, 0.0], [1.44, 1.17, 0.01], [0.05, 0.84, 0.0], [0.16, 1.05, 0.0], [0.1, 0.87, 0.0], [0.07, 1.07, 0.0], [0.03, 1.24, 0.0]]","[1, 4, 5, 61, 10, 2, 7, 8, 3, 11, 13, 58, 26, 14, 28, 31, 36, 21, 18, 37, 20, 29, 24, 43, 25, 19, 46, 38, 53, 34, 59, 40]",609.4
82,1788354631208720604,921600,95571,39,34,117.9,"[0.5, 31.3, 34.4, 34.7, 40.3, 40.4, 42.8, 44.6, 46.9, 49.6, 71.1, 82.9, 83.5, 85.5, 85.6, 87.2, 87.3, 89.2, 91.0, 92.8, 93.2, 93.7, 94.3, 96.3, 96.5, 98.1, 100.0, 100.1, 101.7, 101.9, 109.0, 114.4, 116.2, 117.9]","['INSIDE', 'INSIDE', 'INSIDE', 'INSIDE', 'INSIDE', 'RAIL', 'RAIL', 'INSIDE', 'INSIDE', 'RAIL', 'INSIDE', 'OUTSIDE', 'INSIDE', 'OUTSIDE', 'INSIDE', 'INSIDE', 'INSIDE', 'NEAR', 'OUTSIDE', 'INSIDE', 'OUTSIDE', 'RAIL', 'RAIL', 'NEAR', 'RAIL', 'INSIDE', 'OUTSIDE', 'OUTSIDE', 'INSIDE', 'INSIDE', 'RAIL', 'NEAR', 'RAIL', 'RAIL']","[[1.44, 2.26, 2.4], [0.97, 0.61, 1.75], [0.26, 0.12, 0.52], [0.24, 0.24, 0.4], [0.6, 0.86, 0.67], [1.38, 0.39, 0.62], [0.56, 0.38, 0.21], [1.7, 1.73, 0.09], [1.4, 0.88, 0.06], [0.18, 0.17, 0.14], [1.98, 3.99, 1.24], [0.2, 2.34, 0.17], [0.28, 3.23, 0.18], [0.11, 1.07, 0.0], [0.3, 3.3, 0.18], [0.06, 0.49, 0.0], [0.63, 0.99, 0.0], [0.12, 1.18, 0.0], [0.15, 1.2, 0.0], [0.32, 1.84, 0.13], [0.68, 1.18, 0.01], [0.1, 0.6, 0.0], [0.06, 1.01, 0.0], [0.11, 1.04, 0.0], [0.04, 0.82, 0.0], [0.27, 1.42, 0.61], [1.78, 1.44, 0.01], [1.43, 1.5, 0.01], [0.27, 1.01, 0.0], [0.1, 0.7, 0.0], [0.08, 1.05, 0.0], [0.03, 1.07, 0.0], [0.09, 1.24, 0.0], [0.03, 0.76, 0.0]]","[1, 4, 5, 61, 10, 7, 8, 3, 11, 13, 26, 31, 36, 21, 18, 30, 37, 20, 29, 35, 33, 24, 43, 25, 54, 16, 41, 46, 38, 53, 34, 59, 40, 51]",443.9
83,1788354631313328790,921600,95692,36,34,116.2,"[0.5, 30.0, 31.2, 34.3, 34.5, 40.2, 42.1, 42.6, 44.6, 45.7, 46.9, 49.5, 71.1, 80.0, 82.2, 83.4, 83.7, 85.5, 85.6, 87.3, 89.0, 89.2, 90.7, 90.9, 93.5, 96.3, 96.4, 98.0, 100.0, 100.0, 101.8, 101.8, 114.4, 116.2]","['INSIDE', 'INSIDE', 'INSIDE', 'INSIDE', 'RAIL', 'RAIL', 'RAIL', 'RAIL', 'INSIDE', 'INSIDE', 'INSIDE', 'RAIL', 'INSIDE', 'INSIDE', 'OUTSIDE', 'OUTSIDE', 'NEAR', 'OUTSIDE', 'INSIDE', 'INSIDE', 'INSIDE', 'OUTSIDE', 'OUTSIDE', 'INSIDE', 'RAIL', 'OUTSIDE', 'RAIL', 'INSIDE', 'RAIL', 'INSIDE', 'INSIDE', 'RAIL', 'OUTSIDE', 'RAIL']","[[1.0, 1.53, 2.38], [1.04, 0.65, 1.76], [0.26, 0.24, 0.4], [0.78, 1.02, 0.67], [0.23, 0.08, 0.25], [1.56, 0.44, 0.62], [0.8, 0.38, 0.21], [0.18, 0.25, 0.2], [1.3, 1.58, 0.07], [1.24, 0.87, 0.05], [0.53, 0.81, 0.02], [0.12, 0.16, 0.14], [0.65, 2.82, 1.07], [0.39, 0.69, 0.0], [0.25, 2.29, 0.16], [0.23, 1.74, 0.17], [0.04, 0.93, 0.0], [0.15, 0.92, 0.0], [0.31, 3.14, 0.18], [1.95, 3.39, 0.19], [0.35, 1.24, 0.37], [0.05, 0.84, 0.0], [0.15, 0.86, 0.0], [0.55, 1.96, 0.13], [0.05, 0.8, 0.0], [0.71, 0.74, 0.01], [0.08, 1.02, 0.0], [0.12, 1.19, 0.0], [0.78, 0.3, 0.26], [0.06, 0.84, 0.0], [0.2, 1.05, 0.0], [0.09, 0.87, 0.0], [0.12, 1.07, 0.0], [0.04, 1.24, 0.0]]","[1, 4, 61, 10, 2, 7, 8, 12, 3, 11, 64, 13, 26, 14, 28, 31, 36, 21, 18, 37, 19, 20, 29, 35, 24, 33, 43, 25, 30, 38, 53, 34, 59, 40]",456.1
84,1788354631413160101,921600,95545,35,32,117.9,"[0.5, 31.3, 34.4, 34.7, 40.4, 42.8, 44.6, 45.9, 46.9, 49.6, 82.2, 83.5, 85.5, 85.6, 87.2, 87.3, 89.1, 91.0, 92.8, 93.2, 93.8, 94.3, 96.3, 96.4, 98.0, 99.9, 100.0, 101.7, 101.9, 108.9, 116.2, 117.9]","['INSIDE', 'INSIDE', 'INSIDE', 'INSIDE', 'RAIL', 'RAIL', 'INSIDE', 'INSIDE', 'INSIDE', 'RAIL', 'INSIDE', 'OUTSIDE', 'INSIDE', 'OUTSIDE', 'INSIDE', 'INSIDE', 'INSIDE', 'NEAR', 'OUTSIDE', 'OUTSIDE', 'RAIL', 'NEAR', 'RAIL', 'INSIDE', 'OUTSIDE', 'OUTSIDE', 'INSIDE', 'INSIDE', 'RAIL', 'NEAR', 'RAIL', 'RAIL']","[[1.42, 2.26, 2.4], [1.02, 0.61, 1.88], [0.26, 0.24, 0.4], [0.59, 0.86, 0.67], [1.38, 0.39, 0.62], [0.6, 0.38, 0.21], [1.67, 1.73, 0.09], [1.42, 0.88, 0.06], [0.65, 0.82, 0.03], [0.14, 0.17, 0.14], [0.63, 3.99, 1.24], [0.26, 2.34, 0.17], [0.52, 3.08, 0.37], [0.11, 0.92, 0.0], [0.31, 3.3, 0.18], [0.07, 0.49, 0.0], [0.62, 0.83, 0.0], [0.06, 1.01, 0.0], [0.2, 1.2, 0.0], [0.67, 1.18, 0.01], [0.03, 1.01, 0.0], [0.07, 1.04, 0.0], [0.05, 0.82, 0.0], [0.28, 1.42, 0.61], [1.78, 1.44, 0.01], [1.49, 1.5, 0.01], [0.07, 0.84, 0.0], [0.05, 0.7, 0.0], [0.08, 1.05, 0.0], [0.04, 1.07, 0.0], [0.05, 1.24, 0.0], [0.07, 0.76, 0.0]]","[1, 4, 61, 10, 7, 8, 3, 11, 64, 13, 26, 31, 36, 21, 18, 41, 37, 20, 29, 33, 43, 25, 54, 16, 38, 46, 22, 53, 34, 59, 40, 51]",449.0
85,1788354631496154844,921600,95654,31,30,116.1,"[0.5, 31.1, 34.3, 34.5, 40.0, 42.1, 42.6, 44.6, 45.7, 46.9, 49.6, 80.1, 82.8, 83.7, 85.5, 85.6, 87.3, 89.1, 89.2, 90.9, 93.5, 96.3, 96.4, 98.0, 98.2, 100.0, 100.1, 101.8, 114.4, 116.1]","['INSIDE', 'INSIDE', 'INSIDE', 'INSIDE', 'RAIL', 'RAIL', 'RAIL', 'INSIDE', 'INSIDE', 'INSIDE', 'RAIL', 'INSIDE', 'INSIDE', 'OUTSIDE', 'OUTSIDE', 'OUTSIDE', 'NEAR', 'OUTSIDE', 'INSIDE', 'INSIDE', 'OUTSIDE', 'OUTSIDE', 'RAIL', 'RAIL', 'INSIDE', 'INSIDE', 'INSIDE', 'INSIDE', 'RAIL', 'RAIL']","[[0.97, 1.53, 2.37], [1.03, 0.65, 1.76], [0.29, 0.2, 0.41], [0.7, 0.94, 0.68], [0.26, 0.08, 0.25], [1.56, 0.44, 0.62], [0.8, 0.38, 0.21], [1.75, 1.72, 0.09], [1.26, 0.87, 0.05], [0.55, 0.81, 0.02], [0.13, 0.17, 0.14], [1.94, 4.09, 1.07], [0.38, 0.69, 0.0], [0.29, 2.29, 0.16], [0.23, 1.74, 0.17], [0.14, 2.21, 0.17], [0.08, 1.09, 0.0], [0.12, 0.77, 0.0], [0.26, 3.14, 0.18], [1.97, 3.39, 0.19], [0.04, 0.84, 0.0], [0.16, 0.86, 0.0], [0.08, 0.8, 0.0], [0.05, 1.01, 0.0], [0.12, 1.24, 0.0], [0.06, 0.84, 0.0], [0.14, 1.2, 0.0], [0.12, 1.05, 0.0], [0.04, 0.87, 0.0], [0.04, 1.24, 0.0]]","[1, 4, 61, 10, 2, 7, 8, 3, 11, 64, 13, 26, 14, 28, 31, 25, 36, 21, 18, 37, 20, 29, 24, 43, 19, 22, 53, 39, 34, 40]",432.8
86,1788354631589843246,921600,95513,33,31,117.9,"[0.5, 31.2, 34.3, 34.7, 40.3, 42.8, 44.6, 45.9, 46.9, 49.6, 81.9, 85.5, 85.7, 87.2, 87.3, 89.0, 89.2, 91.0, 92.8, 93.2, 93.7, 94.3, 96.3, 96.4, 98.1, 100.0, 100.0, 101.9, 114.4, 116.2, 117.9]","['INSIDE', 'INSIDE', 'INSIDE', 'INSIDE', 'RAIL', 'RAIL', 'INSIDE', 'INSIDE', 'INSIDE', 'RAIL', 'INSIDE', 'OUTSIDE', 'INSIDE', 'OUTSIDE', 'INSIDE', 'OUTSIDE', 'INSIDE', 'INSIDE', 'OUTSIDE', 'OUTSIDE', 'RAIL', 'RAIL', 'NEAR', 'RAIL', 'INSIDE', 'OUTSIDE', 'OUTSIDE', 'INSIDE', 'INSIDE', 'RAIL', 'RAIL']","[[1.39, 2.26, 2.4], [0.99, 0.66, 1.66], [0.26, 0.24, 0.4], [0.58, 0.86, 0.67], [1.54, 0.44, 0.62], [0.63, 0.38, 0.21], [1.64, 1.73, 0.09], [1.4, 0.88, 0.06], [0.62, 0.82, 0.03], [0.18, 0.18, 0.15], [0.05, 0.43, 0.0], [0.26, 2.04, 0.17], [0.26, 3.23, 0.18], [0.1, 1.07, 0.0], [0.22, 3.3, 0.18], [0.07, 0.47, 0.0], [0.07, 0.49, 0.0], [0.67, 0.99, 0.0], [0.04, 1.01, 0.0], [0.06, 1.03, 0.0], [0.02, 0.6, 0.0], [0.07, 1.02, 0.0], [0.24, 1.19, 0.0], [0.02, 0.62, 0.0], [0.28, 1.42, 0.61], [1.84, 1.76, 0.01], [1.48, 1.5, 0.01], [0.17, 1.01, 0.0], [0.07, 0.7, 0.0], [0.08, 1.05, 0.0], [0.04, 1.24, 0.0]]","[1, 4, 61, 10, 7, 8, 3, 11, 64, 13, 26, 31, 36, 21, 18, 19, 41, 37, 20, 29, 24, 43, 25, 54, 16, 38, 46, 22, 39, 34, 40]",505.3
87,1788354631692162431,921600,95610,33,32,116.1,"[0.5, 31.2, 34.4, 34.5, 40.0, 40.1, 42.6, 44.6, 45.7, 46.9, 49.5, 74.6, 80.1, 82.2, 83.4, 83.7, 85.5, 85.6, 87.3, 89.1, 89.2, 90.9, 93.5, 96.3, 96.4, 98.1, 99.9, 100.1, 101.7, 101.8, 114.4, 116.1]","['INSIDE', 'INSIDE', 'INSIDE', 'INSIDE', 'INSIDE', 'RAIL', 'RAIL', 'INSIDE', 'INSIDE', 'INSIDE', 'RAIL', 'INSIDE', 'INSIDE', 'OUTSIDE', 'OUTSIDE', 'NEAR', 'OUTSIDE', 'INSIDE', 'INSIDE', 'OUTSIDE', 'OUTSIDE', 'OUTSIDE', 'RAIL', 'OUTSIDE', 'RAIL', 'INSIDE', 'INSIDE', 'INSIDE', 'INSIDE', 'OUTSIDE', 'RAIL', 'RAIL']","[[1.02, 1.53, 2.38], [1.03, 0.65, 1.88], [0.41, 0.11, 0.53], [0.26, 0.2, 0.41], [0.73, 1.02, 0.68], [1.41, 0.39, 0.62], [0.83, 0.39, 0.21], [1.79, 1.72, 0.09], [1.26, 0.87, 0.05], [0.53, 0.81, 0.02], [0.12, 0.16, 0.14], [0.63, 2.82, 1.07], [0.29, 0.69, 0.0], [0.38, 2.29, 0.16], [0.27, 2.04, 0.17], [0.06, 0.93, 0.0], [0.16, 0.92, 0.0], [0.22, 3.14, 0.18], [1.99, 3.39, 0.19], [0.03, 0.84, 0.0], [0.07, 0.86, 0.0], [3.66, 2.33, 0.17], [0.03, 0.6, 0.0], [0.68, 0.6, 0.01], [0.05, 1.01, 0.0], [0.18, 1.19, 0.0], [0.18, 1.24, 0.0], [0.07, 0.84, 0.0], [0.05, 0.87, 0.0], [0.03, 1.07, 0.0], [0.1, 0.87, 0.0], [0.03, 1.24, 0.0]]","[1, 4, 5, 61, 10, 7, 8, 3, 11, 64, 13, 26, 14, 28, 31, 36, 21, 18, 37, 20, 29, 35, 24, 33, 43, 25, 19, 22, 39, 59, 34, 40]",476.4
88,1788354631793435594,921600,95575,34,32,117.9,"[0.5, 31.3, 34.4, 34.7, 42.8, 44.6, 45.9, 46.9, 49.6, 82.8, 83.6, 85.5, 85.6, 87.3, 89.0, 89.1, 90.9, 93.3, 93.6, 94.2, 96.3, 96.5, 98.0, 100.0, 100.1, 101.7, 101.8, 103.5, 108.9, 114.4, 116.2, 117.9]","['INSIDE', 'INSIDE', 'INSIDE', 'INSIDE', 'RAIL', 'RAIL', 'INSIDE', 'INSIDE', 'RAIL', 'INSIDE', 'OUTSIDE', 'INSIDE', 'OUTSIDE', 'INSIDE', 'OUTSIDE', 'INSIDE', 'INSIDE', 'NEAR', 'OUTSIDE', 'OUTSIDE', 'RAIL', 'RAIL', 'NEAR', 'RAIL', 'OUTSIDE', 'INSIDE', 'INSIDE', 'NEAR', 'RAIL', 'RAIL', 'OUTSIDE', 'RAIL']","[[1.45, 2.27, 2.4], [0.96, 0.59, 1.66], [0.26, 0.24, 0.4], [0.62, 0.86, 0.67], [1.38, 0.39, 0.62], [0.62, 0.39, 0.21], [1.42, 0.88, 0.06], [0.67, 0.82, 0.03], [0.19, 0.16, 0.15], [1.98, 3.99, 1.24], [0.21, 2.04, 0.17], [0.47, 3.23, 0.37], [0.1, 1.07, 0.0], [0.25, 3.29, 0.18], [0.06, 0.62, 0.0], [2.16, 2.25, 0.19], [0.55, 0.83, 0.0], [0.05, 1.01, 0.0], [0.25, 1.2, 0.0], [0.9, 1.16, 0.01], [0.06, 0.6, 0.0], [0.08, 1.02, 0.0], [0.08, 1.04, 0.0], [0.04, 0.82, 0.0], [1.35, 1.5, 0.01], [0.23, 1.01, 0.0], [0.05, 0.7, 0.0], [0.03, 1.07, 0.0], [0.09, 0.7, 0.0], [0.04, 1.07, 0.0], [0.07, 0.9, 0.0], [0.07, 0.76, 0.0]]","[1, 4, 61, 10, 7, 8, 11, 64, 13, 26, 31, 36, 21, 18, 19, 38, 37, 20, 29, 33, 24, 43, 25, 54, 46, 22, 39, 59, 34, 40, 66, 51]",523.8
89,1788354631894424675,921600,95682,34,34,116.1,"[0.5, 30.7, 34.3, 34.5, 40.1, 40.2, 42.1, 42.6, 44.6, 45.7, 47.0, 49.4, 74.5, 80.1, 82.2, 83.4, 83.7, 85.5, 85.6, 87.3, 89.0, 89.2, 90.9, 93.5, 96.3, 96.4, 98.1, 98.2, 99.9, 100.1, 101.8, 103.5, 114.4, 116.1]","['INSIDE', 'INSIDE', 'INSIDE', 'INSIDE', 'INSIDE', 'RAIL', 'RAIL', 'RAIL', 'INSIDE', 'INSIDE', 'INSIDE', 'RAIL', 'INSIDE', 'INSIDE', 'OUTSIDE', 'OUTSIDE', 'NEAR', 'OUTSIDE', 'INSIDE', 'INSIDE', 'INSIDE', 'OUTSIDE', 'OUTSIDE', 'OUTSIDE', 'RAIL', 'OUTSIDE', 'RAIL', 'INSIDE', 'INSIDE', 'INSIDE', 'INSIDE', 'RAIL', 'RAIL', 'OUTSIDE']","[[1.01, 1.53, 2.38], [0.46, 0.11, 0.53], [1.07, 0.65, 1.67], [0.29, 0.24, 0.41], [0.88, 1.02, 0.67], [0.24, 0.08, 0.25], [1.58, 0.44, 0.62], [1.66, 0.55, 0.21], [1.3, 1.58, 0.07], [1.26, 0.87, 0.05], [0.54, 0.81, 0.02], [0.15, 0.17, 0.14], [0.67, 2.82, 1.07], [0.32, 0.69, 0.0], [0.35, 2.29, 0.16], [0.17, 1.74, 0.17], [0.08, 1.09, 0.0], [0.1, 0.92, 0.0], [0.26, 3.14, 0.18], [2.0, 3.39, 0.19], [0.31, 1.24, 0.37], [0.04, 0.84, 0.0], [0.03, 0.69, 0.0], [3.87, 2.33, 0.17], [0.04, 0.6, 0.0], [0.7, 0.6, 0.01], [0.05, 1.01, 0.0], [0.14, 1.19, 0.0], [0.07, 0.84, 0.0], [0.1, 1.2, 0.0], [0.05, 0.87, 0.0], [0.08, 0.87, 0.0], [0.05, 1.24, 0.0], [0.02, 0.72, 0.0]]","[1, 5, 4, 61, 10, 2, 7, 8, 3, 11, 64, 13, 26, 14, 28, 31, 36, 21, 18, 37, 19, 20, 29, 35, 24, 33, 43, 25, 22, 53, 39, 34, 40, 66]",476.1
90,1788354631996829041,921600,95567,40,38,117.9,"[0.5, 31.3, 34.4, 34.7, 40.4, 42.1, 42.8, 44.6, 46.0, 46.9, 49.6, 74.5, 75.7, 82.0, 82.9, 83.6, 85.5, 85.6, 87.3, 89.0, 89.1, 90.9, 92.7, 93.6, 93.8, 96.3, 96.5, 98.1, 100.0, 100.1, 101.7, 101.8, 103.5, 103.6, 105.4, 114.4, 116.2, 117.9]","['INSIDE', 'INSIDE', 'INSIDE', 'INSIDE', 'RAIL', 'RAIL', 'RAIL', 'INSIDE', 'INSIDE', 'INSIDE', 'RAIL', 'INSIDE', 'INSIDE', 'OUTSIDE', 'INSIDE', 'OUTSIDE', 'INSIDE', 'OUTSIDE', 'INSIDE', 'OUTSIDE', 'INSIDE', 'OUTSIDE', 'NEAR', 'OUTSIDE', 'OUTSIDE', 'RAIL', 'RAIL', 'NEAR', 'RAIL', 'OUTSIDE', 'INSIDE', 'INSIDE', 'NEAR', 'RAIL', 'RAIL', 'OUTSIDE', 'RAIL', 'RAIL']","[[1.43, 2.27, 2.4], [0.97, 0.62, 1.66], [0.26, 0.24, 0.4], [0.65, 0.86, 0.67], [0.22, 0.08, 0.25], [1.41, 0.39, 0.62], [0.61, 0.38, 0.21], [1.73, 1.73, 0.09], [1.41, 0.88, 0.06], [0.66, 0.82, 0.03], [0.14, 0.17, 0.14], [2.88, 2.93, 1.36], [1.99, 3.43, 1.24], [0.37, 0.74, 0.0], [0.06, 0.57, 0.0], [0.17, 2.34, 0.17], [0.45, 3.08, 0.18], [0.09, 0.92, 0.0], [0.25, 3.29, 0.18], [0.05, 0.62, 0.0], [0.24, 0.65, 0.0], [1.93, 2.42, 0.19], [0.03, 1.01, 0.0], [0.14, 1.2, 0.0], [3.98, 2.56, 0.17], [0.04, 0.6, 0.0], [0.05, 1.01, 0.0], [0.09, 1.04, 0.0], [0.02, 0.82, 0.0], [1.83, 1.44, 0.01], [0.29, 1.18, 0.0], [0.05, 0.7, 0.0], [0.04, 1.07, 0.0], [0.06, 0.52, 0.0], [0.02, 1.07, 0.0], [0.04, 0.72, 0.0], [0.11, 1.27, 0.0], [0.03, 0.92, 0.0]]","[1, 4, 61, 10, 2, 7, 8, 3, 11, 64, 13, 35, 26, 28, 33, 31, 36, 21, 18, 19, 41, 37, 20, 29, 58, 24, 43, 25, 54, 38, 22, 39, 59, 34, 40, 66, 62, 51]",447.9
91,1788354632097485674,921600,95625,34,34,116.1,"[0.4, 31.1, 34.3, 34.5, 40.1, 40.3, 42.1, 42.6, 44.6, 45.7, 46.9, 49.5, 80.1, 82.2, 83.4, 83.6, 85.5, 85.6, 87.3, 89.0, 89.2, 90.9, 93.6, 96.3, 96.4, 98.1, 98.2, 99.9, 100.0, 101.7, 101.9, 103.5, 114.3, 116.1]","['INSIDE', 'INSIDE', 'INSIDE', 'INSIDE', 'INSIDE', 'RAIL', 'RAIL', 'RAIL', 'INSIDE', 'INSIDE', 'INSIDE', 'RAIL', 'INSIDE', 'INSIDE', 'OUTSIDE', 'OUTSIDE', 'OUTSIDE', 'NEAR', 'OUTSIDE', 'INSIDE', 'INSIDE', 'OUTSIDE', 'OUTSIDE', 'RAIL', 'OUTSIDE', 'RAIL', 'INSIDE', 'INSIDE', 'INSIDE', 'INSIDE', 'RAIL', 'OUTSIDE', 'RAIL', 'OUTSIDE']","[[1.0, 1.53, 2.38], [0.39, 0.11, 0.53], [1.03, 0.65, 1.88], [0.28, 0.2, 0.41], [0.88, 1.02, 0.68], [0.23, 0.08, 0.25], [1.55, 0.44, 0.62], [0.79, 0.38, 0.21], [1.32, 1.58, 0.07], [1.27, 0.87, 0.05], [0.56, 0.81, 0.02], [0.19, 0.16, 0.15], [0.68, 3.71, 1.24], [0.4, 0.69, 0.0], [0.29, 2.44, 0.16], [0.22, 1.74, 0.17], [0.14, 2.21, 0.17], [0.06, 0.93, 0.0], [0.11, 0.77, 0.0], [0.22, 3.14, 0.18], [2.1, 5.32, 0.39], [0.02, 0.84, 0.0], [0.09, 0.86, 0.0], [0.02, 0.6, 0.0], [0.72, 0.6, 0.01], [0.04, 1.01, 0.0], [0.39, 1.24, 0.37], [0.05, 0.84, 0.0], [0.16, 1.2, 0.0], [0.07, 0.87, 0.0], [0.1, 1.22, 0.0], [0.03, 1.07, 0.0], [0.04, 1.07, 0.0], [0.02, 0.72, 0.0]]","[1, 5, 4, 61, 10, 2, 7, 8, 3, 11, 64, 13, 26, 14, 28, 31, 25, 36, 21, 18, 41, 20, 29, 24, 33, 43, 19, 22, 53, 39, 34, 59, 40, 66]",435.3
92,1788354632195572255,921600,95565,37,34,117.9,"[0.5, 31.3, 34.4, 34.5, 34.8, 40.3, 42.7, 44.6, 45.9, 46.9, 49.6, 83.0, 85.5, 85.6, 87.3, 87.4, 89.2, 89.3, 91.0, 92.8, 93.2, 93.7, 94.2, 96.4, 96.4, 98.1, 98.2, 99.9, 100.0, 101.9, 103.5, 103.6, 116.2, 117.9]","['INSIDE', 'INSIDE', 'INSIDE', 'INSIDE', 'RAIL', 'RAIL', 'INSIDE', 'INSIDE', 'INSIDE', 'INSIDE', 'RAIL', 'INSIDE', 'OUTSIDE', 'INSIDE', 'OUTSIDE', 'OUTSIDE', 'INSIDE', 'INSIDE', 'INSIDE', 'OUTSIDE', 'OUTSIDE', 'OUTSIDE', 'RAIL', 'NEAR', 'RAIL', 'INSIDE', 'OUTSIDE', 'OUTSIDE', 'INSIDE', 'INSIDE', 'RAIL', 'RAIL', 'OUTSIDE', 'RAIL']","[[1.16, 1.65, 2.39], [0.97, 0.61, 1.75], [0.26, 0.24, 0.4], [0.57, 0.86, 0.67], [1.41, 0.39, 0.62], [0.62, 0.38, 0.21], [1.64, 1.73, 0.09], [1.37, 0.88, 0.06], [1.26, 0.49, 0.08], [0.61, 0.81, 0.03], [0.15, 0.17, 0.14], [2.32, 5.85, 1.24], [0.26, 2.34, 0.17], [0.52, 3.22, 0.61], [0.16, 1.09, 0.0], [0.1, 0.92, 0.0], [0.26, 3.3, 0.18], [0.05, 0.49, 0.0], [0.61, 0.83, 0.0], [0.1, 1.01, 0.0], [0.06, 1.03, 0.0], [0.43, 2.24, 0.21], [0.05, 1.01, 0.0], [0.09, 1.04, 0.0], [0.02, 0.62, 0.0], [0.17, 0.62, 0.0], [1.86, 1.76, 0.01], [1.49, 1.5, 0.01], [0.15, 1.01, 0.0], [0.11, 1.2, 0.0], [0.04, 1.05, 0.0], [0.09, 1.24, 0.0], [0.05, 0.72, 0.0], [0.08, 1.08, 0.0]]","[1, 4, 61, 10, 7, 8, 3, 11, 5, 64, 13, 26, 31, 16, 36, 21, 18, 41, 37, 20, 29, 39, 43, 25, 54, 19, 38, 46, 22, 53, 34, 40, 66, 62]",510.2
93,1788354632301212111,921600,95713,33,32,116.2,"[0.5, 31.2, 34.3, 34.5, 40.0, 40.1, 42.1, 42.6, 44.6, 47.0, 49.5, 80.1, 82.2, 83.4, 83.7, 85.4, 85.6, 87.2, 89.1, 89.2, 90.9, 93.5, 96.3, 96.4, 98.0, 99.9, 100.0, 101.7, 101.8, 103.5, 114.3, 116.2]","['INSIDE', 'INSIDE', 'INSIDE', 'INSIDE', 'INSIDE', 'RAIL', 'RAIL', 'RAIL', 'INSIDE', 'INSIDE', 'RAIL', 'INSIDE', 'INSIDE', 'OUTSIDE', 'OUTSIDE', 'NEAR', 'OUTSIDE', 'INSIDE', 'INSIDE', 'OUTSIDE', 'OUTSIDE', 'RAIL', 'OUTSIDE', 'RAIL', 'INSIDE', 'INSIDE', 'INSIDE', 'INSIDE', 'RAIL', 'OUTSIDE', 'RAIL', 'OUTSIDE']","[[1.01, 1.53, 2.38], [1.08, 0.65, 1.67], [0.43, 0.11, 0.53], [0.26, 0.24, 0.4], [0.77, 1.02, 0.67], [0.22, 0.08, 0.25], [1.54, 0.44, 0.62], [0.8, 0.38, 0.21], [1.78, 1.72, 0.09], [1.27, 0.87, 0.05], [0.14, 0.17, 0.15], [0.65, 3.11, 1.07], [0.34, 0.69, 0.0], [0.21, 2.29, 0.16], [0.29, 1.74, 0.17], [0.06, 0.93, 0.0], [0.12, 0.92, 0.0], [0.23, 3.14, 0.18], [2.0, 3.39, 0.19], [0.02, 0.84, 0.0], [0.11, 0.86, 0.0], [0.05, 0.8, 0.0], [0.77, 0.6, 0.01], [0.09, 1.02, 0.0], [0.17, 1.19, 0.0], [0.33, 1.24, 0.37], [0.07, 0.84, 0.0], [0.05, 0.87, 0.0], [0.07, 1.22, 0.0], [0.03, 1.07, 0.0], [0.05, 1.24, 0.0], [0.04, 0.72, 0.0]]","[1, 4, 3, 61, 10, 2, 7, 8, 11, 64, 13, 26, 14, 28, 31, 36, 21, 18, 37, 20, 29, 24, 33, 43, 25, 19, 22, 39, 34, 59, 40, 66]",466.5
94,1788354632396441589,921600,95593,34,31,117.9,"[0.5, 31.3, 34.4, 40.4, 42.8, 44.6, 46.9, 49.6, 82.8, 83.4, 85.5, 85.6, 87.3, 87.3, 89.1, 89.2, 90.9, 93.2, 94.3, 96.3, 96.5, 98.0, 100.0, 100.0, 101.6, 101.8, 103.5, 103.6, 114.4, 116.1, 117.9]","['INSIDE', 'INSIDE', 'INSIDE', 'RAIL', 'RAIL', 'INSIDE', 'INSIDE', 'RAIL', 'INSIDE', 'OUTSIDE', 'OUTSIDE', 'OUTSIDE', 'INSIDE', 'INSIDE', 'NEAR', 'OUTSIDE', 'OUTSIDE', 'RAIL', 'RAIL', 'NEAR', 'RAIL', 'INSIDE', 'INSIDE', 'OUTSIDE', 'INSIDE', 'INSIDE', 'RAIL', 'RAIL', 'RAIL', 'OUTSIDE', 'RAIL']","[[0.99, 0.65, 1.66], [0.26, 0.24, 0.4], [0.57, 0.86, 0.67], [1.4, 0.39, 0.62], [0.62, 0.39, 0.21], [1.69, 1.73, 0.09], [1.39, 0.88, 0.06], [0.14, 0.17, 0.14], [1.96, 3.99, 1.24], [0.2, 2.34, 0.17], [0.05, 0.93, 0.0], [0.16, 1.07, 0.0], [0.2, 3.14, 0.18], [0.61, 0.83, 0.0], [0.03, 1.01, 0.0], [0.17, 1.2, 0.0], [0.71, 1.18, 0.01], [0.03, 0.6, 0.0], [0.07, 1.01, 0.0], [0.09, 1.04, 0.0], [0.03, 0.82, 0.0], [0.23, 1.42, 0.61], [0.41, 0.62, 0.37], [1.51, 1.5, 0.01], [0.23, 1.01, 0.0], [0.04, 0.7, 0.0], [0.09, 0.87, 0.0], [0.23, 1.43, 0.29], [0.04, 1.24, 0.0], [0.05, 0.9, 0.0], [0.1, 1.27, 0.0]]","[4, 61, 10, 7, 8, 11, 64, 13, 26, 31, 36, 21, 18, 37, 20, 29, 33, 24, 43, 25, 54, 16, 19, 46, 22, 39, 34, 59, 40, 66, 62]",522.9
95,1788354632495301151,921600,95720,35,34,116.1,"[0.5, 30.0, 31.1, 34.3, 34.5, 40.0, 40.1, 42.1, 42.6, 44.6, 46.9, 49.5, 82.2, 83.4, 83.7, 85.5, 85.6, 87.3, 89.0, 89.2, 90.9, 93.6, 96.3, 96.4, 98.1, 98.3, 99.9, 100.0, 101.7, 101.8, 103.5, 103.6, 114.4, 116.1]","['INSIDE', 'INSIDE', 'INSIDE', 'INSIDE', 'INSIDE', 'RAIL', 'RAIL', 'RAIL', 'RAIL', 'INSIDE', 'INSIDE', 'RAIL', 'INSIDE', 'OUTSIDE', 'OUTSIDE', 'NEAR', 'OUTSIDE', 'INSIDE', 'INSIDE', 'INSIDE', 'OUTSIDE', 'OUTSIDE', 'RAIL', 'OUTSIDE', 'RAIL', 'INSIDE', 'INSIDE', 'INSIDE', 'INSIDE', 'OUTSIDE', 'RAIL', 'RAIL', 'OUTSIDE', 'RAIL']","[[1.0, 1.53, 2.38], [0.43, 0.11, 0.53], [1.02, 0.65, 1.76], [0.28, 0.2, 0.4], [0.85, 1.02, 0.68], [0.24, 0.08, 0.25], [1.58, 0.44, 0.62], [0.8, 0.38, 0.21], [0.18, 0.25, 0.2], [1.77, 1.72, 0.09], [1.26, 0.87, 0.05], [0.16, 0.17, 0.14], [0.61, 2.82, 1.07], [0.33, 2.29, 0.16], [0.27, 1.44, 0.17], [0.05, 0.93, 0.0], [0.13, 1.07, 0.0], [0.22, 3.14, 0.18], [2.1, 5.32, 0.39], [0.35, 1.24, 0.37], [0.03, 0.84, 0.0], [0.05, 0.69, 0.0], [0.03, 0.8, 0.0], [0.79, 0.74, 0.01], [0.04, 1.01, 0.0], [0.17, 1.19, 0.0], [0.08, 0.84, 0.0], [0.26, 1.2, 0.0], [0.05, 0.87, 0.0], [0.03, 1.06, 0.0], [0.04, 0.87, 0.0], [0.04, 1.24, 0.0], [0.1, 0.91, 0.0], [0.08, 0.9, 0.0]]","[1, 3, 4, 61, 10, 2, 7, 8, 5, 11, 64, 13, 26, 28, 31, 36, 21, 18, 37, 19, 20, 29, 24, 33, 43, 25, 22, 53, 39, 59, 34, 40, 66, 62]",488.5
96,1788354632592468237,921600,95605,38,35,117.9,"[0.5, 31.2, 34.3, 34.7, 40.3, 42.8, 44.6, 46.9, 49.6, 71.2, 82.8, 85.5, 85.7, 87.3, 87.4, 88.9, 89.1, 89.3, 91.0, 92.8, 93.2, 93.7, 94.3, 96.3, 96.4, 98.0, 99.9, 100.1, 101.6, 101.9, 103.5, 103.6, 114.4, 116.1, 117.9]","['INSIDE', 'INSIDE', 'INSIDE', 'INSIDE', 'RAIL', 'RAIL', 'INSIDE', 'INSIDE', 'RAIL', 'INSIDE', 'OUTSIDE', 'INSIDE', 'OUTSIDE', 'OUTSIDE', 'INSIDE', 'OUTSIDE', 'INSIDE', 'INSIDE', 'OUTSIDE', 'OUTSIDE', 'OUTSIDE', 'INSIDE', 'RAIL', 'RAIL', 'NEAR', 'RAIL', 'INSIDE', 'OUTSIDE', 'OUTSIDE', 'INSIDE', 'RAIL', 'RAIL', 'RAIL', 'OUTSIDE', 'RAIL']","[[1.39, 2.27, 2.4], [0.98, 0.65, 1.66], [0.27, 0.24, 0.4], [0.59, 0.86, 0.67], [1.53, 0.44, 0.62], [0.64, 0.38, 0.21], [1.65, 1.73, 0.09], [1.38, 0.88, 0.06], [0.14, 0.15, 0.14], [1.97, 3.99, 1.24], [0.24, 1.89, 0.17], [0.46, 3.22, 0.61], [0.13, 0.93, 0.0], [0.12, 0.92, 0.0], [0.29, 3.13, 0.18], [0.31, 0.63, 0.0], [0.07, 0.49, 0.0], [0.63, 0.99, 0.0], [0.07, 1.01, 0.0], [0.21, 1.2, 0.0], [0.46, 2.24, 0.21], [0.79, 1.84, 0.77], [0.02, 0.6, 0.0], [0.06, 1.22, 0.0], [0.2, 1.19, 0.0], [0.01, 0.62, 0.0], [0.39, 0.62, 0.37], [1.81, 1.44, 0.01], [1.53, 1.5, 0.01], [0.15, 1.01, 0.0], [0.25, 1.43, 0.29], [0.03, 0.7, 0.0], [0.06, 1.24, 0.0], [0.06, 0.9, 0.0], [0.05, 1.27, 0.0]]","[1, 4, 61, 10, 7, 8, 11, 64, 13, 26, 31, 16, 36, 21, 18, 19, 41, 37, 20, 29, 39, 58, 24, 43, 25, 54, 46, 38, 22, 53, 59, 34, 40, 66, 62]",445.3
97,1788354632692980930,921600,95604,30,29,116.1,"[0.5, 31.2, 34.4, 40.1, 40.1, 42.1, 42.7, 44.6, 46.9, 49.5, 82.8, 83.6, 85.5, 85.6, 87.2, 89.1, 89.2, 90.9, 93.6, 96.3, 96.4, 98.1, 100.0, 100.0, 101.7, 101.8, 103.5, 114.4, 116.1]","['INSIDE', 'INSIDE', 'INSIDE', 'INSIDE', 'RAIL', 'RAIL', 'RAIL', 'INSIDE', 'INSIDE', 'RAIL', 'INSIDE', 'OUTSIDE', 'NEAR', 'OUTSIDE', 'INSIDE', 'INSIDE', 'OUTSIDE', 'OUTSIDE', 'OUTSIDE', 'RAIL', 'OUTSIDE', 'RAIL', 'INSIDE', 'INSIDE', 'INSIDE', 'RAIL', 'OUTSIDE', 'RAIL', 'OUTSIDE']","[[1.06, 0.65, 1.76], [0.39, 0.11, 0.53], [0.28, 0.2, 0.41], [0.78, 1.02, 0.68], [0.23, 0.08, 0.25], [1.44, 0.39, 0.62], [0.75, 0.38, 0.21], [1.82, 1.72, 0.1], [1.3, 0.87, 0.06], [0.15, 0.16, 0.14], [1.95, 3.74, 1.09], [0.19, 1.89, 0.17], [0.06, 0.93, 0.0], [0.26, 1.22, 0.0], [0.2, 3.14, 0.18], [0.4, 1.24, 0.37], [1.95, 2.42, 0.19], [0.04, 1.01, 0.0], [0.06, 0.86, 0.0], [0.05, 0.6, 0.0], [1.03, 0.6, 0.01], [0.07, 1.02, 0.0], [0.16, 1.19, 0.0], [0.07, 0.84, 0.0], [0.06, 0.87, 0.0], [0.05, 1.05, 0.0], [0.04, 1.07, 0.0], [0.04, 1.07, 0.0], [0.06, 0.9, 0.0]]","[4, 3, 61, 10, 2, 7, 8, 11, 64, 13, 26, 31, 36, 21, 18, 46, 22, 20, 29, 24, 33, 43, 25, 53, 39, 34, 59, 40, 66]",514.2
98,1788354632794511920,921600,95454,36,33,117.9,"[0.4, 31.3, 34.4, 34.7, 40.3, 42.8, 44.6, 46.9, 49.6, 82.2, 83.6, 85.5, 85.6, 87.3, 87.3, 89.1, 90.9, 92.8, 93.2, 93.7, 94.3, 96.3, 96.5, 98.1, 99.9, 100.0, 101.7, 101.9, 103.5, 103.6, 114.4, 116.2, 117.9]","['INSIDE', 'INSIDE', 'INSIDE', 'INSIDE', 'RAIL', 'RAIL', 'INSIDE', 'INSIDE', 'RAIL', 'INSIDE', 'INSIDE', 'OUTSIDE', 'INSIDE', 'INSIDE', 'OUTSIDE', 'INSIDE', 'INSIDE', 'NEAR', 'OUTSIDE', 'RAIL', 'RAIL', 'NEAR', 'RAIL', 'INSIDE', 'OUTSIDE', 'OUTSIDE', 'INSIDE', 'INSIDE', 'RAIL', 'NEAR', 'RAIL', 'OUTSIDE', 'RAIL']","[[1.39, 2.27, 2.4], [0.99, 0.65, 1.75], [0.26, 0.24, 0.4], [0.56, 0.86, 0.67], [1.39, 0.39, 0.62], [0.62, 0.38, 0.21], [1.63, 1.73, 0.09], [1.38, 0.88, 0.06], [0.18, 0.17, 0.15], [0.64, 3.99, 1.24], [0.41, 3.17, 0.16], [0.26, 2.34, 0.17], [0.45, 3.23, 0.37], [0.32, 3.45, 0.18], [0.14, 0.77, 0.0], [0.07, 0.49, 0.0], [0.69, 0.99, 0.0], [0.02, 1.01, 0.0], [0.07, 1.03, 0.0], [0.01, 0.6, 0.0], [0.06, 1.01, 0.0], [0.07, 1.04, 0.0], [0.02, 0.62, 0.0], [0.23, 1.42, 0.61], [1.87, 1.76, 0.01], [1.5, 1.5, 0.01], [0.25, 1.01, 0.0], [0.05, 0.7, 0.0], [0.06, 1.05, 0.0], [0.04, 1.07, 0.0], [0.08, 1.24, 0.0], [0.04, 0.72, 0.0], [0.08, 1.08, 0.0]]","[1, 4, 61, 10, 7, 8, 11, 64, 13, 26, 28, 31, 36, 18, 21, 41, 37, 20, 29, 24, 43, 25, 54, 16, 38, 22, 53, 39, 34, 59, 40, 66, 62]",490.3
99,1788354632892327663,921600,95601,32,31,116.1,"[0.5, 31.1, 34.4, 34.5, 40.0, 40.1, 42.1, 42.6, 44.6, 46.9, 49.5, 80.1, 82.8, 83.7, 85.5, 85.6, 87.3, 89.1, 89.2, 90.9, 93.6, 96.3, 96.4, 98.1, 99.9, 100.1, 101.7, 101.9, 103.5, 114.3, 116.1]","['INSIDE', 'INSIDE', 'INSIDE', 'INSIDE', 'INSIDE', 'RAIL', 'RAIL', 'RAIL', 'INSIDE', 'INSIDE', 'RAIL', 'INSIDE', 'INSIDE', 'OUTSIDE', 'OUTSIDE', 'NEAR', 'OUTSIDE', 'INSIDE', 'INSIDE', 'OUTSIDE', 'OUTSIDE', 'RAIL', 'RAIL', 'INSIDE', 'INSIDE', 'INSIDE', 'INSIDE', 'OUTSIDE', 'RAIL', 'RAIL', 'OUTSIDE']","[[1.01, 1.53, 2.38], [0.4, 0.11, 0.53], [1.04, 0.65, 1.88], [0.26, 0.2, 0.4], [0.85, 1.02, 0.68], [0.23, 0.08, 0.25], [1.39, 0.39, 0.62], [0.81, 0.38, 0.21], [1.76, 1.72, 0.09], [1.27, 0.87, 0.05], [0.14, 0.16, 0.15], [1.94, 4.09, 1.07], [0.26, 0.42, 0.0], [0.33, 2.29, 0.16], [0.2, 1.74, 0.17], [0.05, 1.09, 0.0], [0.13, 0.92, 0.0], [0.22, 3.14, 0.18], [2.03, 3.23, 0.19], [0.04, 0.84, 0.0], [0.09, 0.86, 0.0], [0.03, 0.6, 0.0], [0.04, 1.01, 0.0], [0.18, 1.19, 0.0], [0.38, 1.24, 0.37], [0.06, 0.84, 0.0], [0.07, 0.87, 0.0], [0.02, 1.07, 0.0], [0.07, 0.7, 0.0], [0.1, 1.24, 0.0], [0.03, 0.9, 0.0]]","[1, 3, 4, 61, 10, 2, 7, 8, 11, 64, 13, 26, 14, 28, 31, 36, 21, 18, 37, 20, 29, 24, 43, 25, 46, 53, 39, 59, 34, 40, 66]",532.8
100,1788354633005622029,921600,95612,38,36,117.9,"[0.5, 31.2, 34.3, 40.3, 40.3, 42.8, 44.6, 46.9, 49.6, 71.3, 82.8, 85.5, 85.6, 87.3, 87.3, 89.0, 89.2, 89.3, 90.9, 92.8, 93.2, 93.7, 94.3, 96.3, 96.4, 98.0, 99.9, 100.0, 101.6, 101.8, 103.5, 103.6, 109.0, 114.4, 116.1, 117.9]","['INSIDE', 'INSIDE', 'INSIDE', 'INSIDE', 'RAIL', 'RAIL', 'INSIDE', 'INSIDE', 'RAIL', 'INSIDE', 'OUTSIDE', 'OUTSIDE', 'OUTSIDE', 'INSIDE', 'OUTSIDE', 'INSIDE', 'INSIDE', 'NEAR', 'OUTSIDE', 'RAIL', 'OUTSIDE', 'INSIDE', 'RAIL', 'RAIL', 'NEAR', 'RAIL', 'INSIDE', 'INSIDE', 'OUTSIDE', 'OUTSIDE', 'INSIDE', 'RAIL', 'RAIL', 'RAIL', 'OUTSIDE', 'RAIL']","[[0.97, 0.65, 1.66], [0.26, 0.12, 0.52], [0.27, 0.24, 0.41], [0.59, 0.86, 0.67], [1.56, 0.44, 0.62], [0.64, 0.38, 0.21], [1.67, 1.73, 0.09], [1.38, 0.88, 0.06], [0.1, 0.16, 0.13], [1.97, 3.99, 1.24], [0.23, 2.04, 0.17], [0.13, 0.93, 0.0], [0.1, 0.92, 0.0], [0.23, 3.14, 0.18], [0.09, 0.62, 0.0], [0.06, 0.49, 0.0], [0.69, 0.99, 0.0], [0.03, 0.84, 0.0], [0.2, 1.2, 0.0], [0.06, 0.95, 0.0], [0.46, 2.24, 0.21], [0.82, 1.79, 0.77], [0.09, 0.6, 0.0], [0.04, 1.01, 0.0], [0.05, 1.05, 0.0], [0.02, 0.62, 0.0], [0.25, 1.42, 0.61], [0.22, 0.62, 0.0], [1.79, 1.44, 0.01], [1.48, 1.5, 0.01], [0.15, 1.01, 0.0], [0.09, 1.05, 0.0], [0.21, 1.43, 0.29], [0.03, 1.24, 0.0], [0.05, 0.72, 0.0], [0.13, 1.27, 0.0]]","[4, 3, 61, 10, 7, 8, 11, 64, 13, 26, 31, 36, 21, 18, 19, 41, 37, 20, 29, 63, 39, 58, 24, 43, 25, 54, 16, 46, 38, 22, 53, 34, 59, 40, 66, 62]",485.4
101,1788354633105858961,921600,95689,31,30,116.1,"[0.5, 31.1, 34.4, 34.5, 40.0, 40.1, 42.1, 42.6, 44.6, 46.9, 49.5, 74.5, 80.0, 82.8, 85.5, 85.6, 87.3, 89.0, 89.2, 90.9, 93.6, 96.3, 96.4, 98.1, 99.9, 100.0, 101.9, 103.5, 114.4, 116.1]","['INSIDE', 'INSIDE', 'INSIDE', 'INSIDE', 'INSIDE', 'RAIL', 'RAIL', 'RAIL', 'INSIDE', 'INSIDE', 'RAIL', 'INSIDE', 'INSIDE', 'OUTSIDE', 'NEAR', 'OUTSIDE', 'INSIDE', 'INSIDE', 'OUTSIDE', 'OUTSIDE', 'OUTSIDE', 'RAIL', 'RAIL', 'INSIDE', 'INSIDE', 'INSIDE', 'INSIDE', 'RAIL', 'RAIL', 'OUTSIDE']","[[0.99, 1.53, 2.38], [0.41, 0.11, 0.53], [1.02, 0.65, 1.67], [0.29, 0.24, 0.41], [0.85, 1.02, 0.68], [0.22, 0.08, 0.25], [1.39, 0.39, 0.62], [0.81, 0.38, 0.21], [1.73, 1.72, 0.09], [1.29, 0.87, 0.05], [0.13, 0.16, 0.14], [1.96, 5.01, 1.24], [0.41, 0.69, 0.0], [0.23, 1.59, 0.17], [0.06, 0.93, 0.0], [0.15, 0.92, 0.0], [0.24, 3.14, 0.18], [2.07, 5.32, 0.39], [0.04, 0.84, 0.0], [0.09, 0.86, 0.0], [3.91, 2.33, 0.17], [0.02, 0.6, 0.0], [0.04, 1.01, 0.0], [0.22, 1.19, 0.0], [0.38, 0.78, 0.37], [0.08, 0.84, 0.0], [0.06, 0.87, 0.0], [0.05, 0.7, 0.0], [0.04, 1.07, 0.0], [0.03, 0.9, 0.0]]","[1, 3, 4, 61, 10, 2, 7, 8, 11, 64, 13, 26, 14, 31, 36, 21, 18, 37, 20, 29, 58, 24, 43, 25, 46, 53, 39, 34, 40, 66]",439.5
102,1788354633200899337,921600,95539,36,34,116.1,"[0.5, 31.2, 34.4, 40.3, 40.3, 42.8, 44.6, 46.9, 49.6, 82.8, 83.6, 85.5, 85.7, 87.2, 87.3, 89.1, 89.2, 90.9, 92.6, 93.2, 93.7, 94.3, 96.3, 96.4, 98.0, 99.9, 100.0, 101.7, 101.8, 103.5, 103.6, 109.0, 114.4, 116.1]","['INSIDE', 'INSIDE', 'INSIDE', 'INSIDE', 'RAIL', 'RAIL', 'INSIDE', 'INSIDE', 'RAIL', 'INSIDE', 'OUTSIDE', 'OUTSIDE', 'OUTSIDE', 'INSIDE', 'INSIDE', 'INSIDE', 'OUTSIDE', 'OUTSIDE', 'RAIL', 'OUTSIDE', 'OUTSIDE', 'RAIL', 'RAIL', 'NEAR', 'INSIDE', 'INSIDE', 'OUTSIDE', 'OUTSIDE', 'INSIDE', 'RAIL', 'OUTSIDE', 'RAIL', 'OUTSIDE', 'RAIL']","[[0.98, 0.59, 1.75], [0.23, 0.12, 0.52], [0.24, 0.24, 0.4], [0.58, 0.86, 0.67], [1.39, 0.39, 0.62], [0.62, 0.38, 0.21], [1.63, 1.73, 0.09], [1.38, 0.88, 0.06], [0.16, 0.16, 0.14], [1.96, 3.99, 1.24], [0.27, 2.04, 0.17], [0.02, 0.78, 0.0], [0.14, 1.07, 0.0], [0.26, 3.3, 0.18], [0.38, 0.64, 0.0], [0.71, 0.83, 0.0], [0.05, 1.01, 0.0], [0.23, 1.2, 0.0], [0.04, 1.14, 0.0], [0.44, 2.24, 0.21], [0.93, 1.16, 0.01], [0.04, 0.6, 0.0], [0.04, 1.01, 0.0], [0.25, 1.19, 0.0], [0.25, 1.42, 0.61], [0.47, 0.62, 0.37], [1.82, 1.76, 0.01], [1.48, 1.5, 0.01], [0.21, 1.01, 0.0], [0.11, 1.05, 0.0], [0.04, 0.89, 0.0], [0.03, 1.07, 0.0], [0.03, 0.72, 0.0], [0.1, 1.27, 0.0]]","[4, 3, 61, 10, 7, 8, 11, 64, 13, 26, 31, 36, 21, 18, 41, 37, 20, 29, 63, 39, 33, 24, 43, 25, 16, 46, 38, 22, 53, 34, 59, 40, 66, 62]",607.9
103,1788354633317625775,921600,95624,29,28,116.1,"[0.5, 31.2, 34.4, 40.1, 40.3, 42.7, 44.6, 46.9, 49.5, 82.1, 83.7, 85.5, 85.6, 87.2, 89.1, 89.2, 90.9, 93.6, 96.3, 96.4, 98.1, 100.0, 100.0, 101.8, 103.5, 103.6, 114.4, 116.1]","['INSIDE', 'INSIDE', 'INSIDE', 'INSIDE', 'RAIL', 'RAIL', 'INSIDE', 'INSIDE', 'RAIL', 'INSIDE', 'OUTSIDE', 'OUTSIDE', 'NEAR', 'OUTSIDE', 'INSIDE', 'INSIDE', 'OUTSIDE', 'OUTSIDE', 'OUTSIDE', 'RAIL', 'RAIL', 'INSIDE', 'INSIDE', 'INSIDE', 'RAIL', 'RAIL', 'OUTSIDE', 'RAIL']","[[0.37, 0.11, 0.53], [1.04, 0.65, 1.88], [0.27, 0.2, 0.4], [0.89, 1.02, 0.68], [1.39, 0.39, 0.62], [0.77, 0.38, 0.21], [1.34, 1.58, 0.07], [1.28, 0.87, 0.05], [0.12, 0.16, 0.14], [0.66, 3.7, 1.24], [0.29, 2.29, 0.16], [0.25, 1.74, 0.17], [0.07, 0.93, 0.0], [0.22, 1.22, 0.0], [0.18, 2.98, 0.18], [0.34, 0.78, 0.37], [1.97, 2.42, 0.19], [0.06, 1.01, 0.0], [0.06, 0.86, 0.0], [0.05, 0.6, 0.0], [0.06, 1.22, 0.0], [0.15, 1.04, 0.0], [0.03, 0.84, 0.0], [0.1, 0.87, 0.0], [0.03, 0.7, 0.0], [0.04, 1.07, 0.0], [0.04, 0.72, 0.0], [0.08, 1.27, 0.0]]","[3, 4, 61, 10, 7, 8, 11, 64, 13, 26, 28, 31, 36, 21, 18, 46, 22, 20, 29, 24, 43, 25, 53, 39, 34, 40, 66, 62]",650.6
104,1788354633404356991,921600,95573,40,38,117.9,"[0.5, 31.3, 34.4, 34.5, 34.8, 40.3, 40.4, 42.8, 44.6, 46.9, 49.6, 82.2, 83.6, 83.7, 85.5, 85.6, 87.2, 87.3, 89.0, 89.2, 91.0, 92.7, 93.2, 93.8, 94.3, 96.3, 96.5, 98.1, 100.0, 100.0, 101.7, 101.8, 103.5, 103.6, 109.0, 114.4, 116.2, 117.9]","['INSIDE', 'INSIDE', 'INSIDE', 'INSIDE', 'INSIDE', 'RAIL', 'RAIL', 'INSIDE', 'INSIDE', 'INSIDE', 'RAIL', 'INSIDE', 'INSIDE', 'OUTSIDE', 'INSIDE', 'OUTSIDE', 'INSIDE', 'OUTSIDE', 'INSIDE', 'INSIDE', 'NEAR', 'OUTSIDE', 'RAIL', 'OUTSIDE', 'RAIL', 'RAIL', 'NEAR', 'RAIL', 'INSIDE', 'OUTSIDE', 'OUTSIDE', 'INSIDE', 'INSIDE', 'RAIL', 'NEAR', 'RAIL', 'OUTSIDE', 'RAIL']","[[1.16, 1.65, 2.39], [0.99, 0.65, 1.66], [0.25, 0.12, 0.52], [0.24, 0.24, 0.4], [0.57, 0.86, 0.67], [1.4, 0.39, 0.62], [0.57, 0.38, 0.21], [1.67, 1.73, 0.09], [1.39, 0.88, 0.06], [1.28, 0.49, 0.08], [0.11, 0.16, 0.14], [0.63, 3.99, 1.24], [0.33, 3.17, 0.39], [0.15, 2.34, 0.17], [0.36, 3.23, 0.18], [0.15, 1.07, 0.0], [0.31, 3.3, 0.18], [0.06, 0.47, 0.0], [0.3, 0.65, 0.0], [0.67, 0.99, 0.0], [0.04, 1.01, 0.0], [0.15, 1.2, 0.0], [0.04, 0.95, 0.0], [0.92, 1.16, 0.01], [0.01, 0.6, 0.0], [0.06, 1.01, 0.0], [0.1, 1.04, 0.0], [0.04, 0.82, 0.0], [0.28, 1.42, 0.61], [1.84, 1.44, 0.01], [1.41, 1.5, 0.01], [0.22, 1.01, 0.0], [0.07, 0.7, 0.0], [0.08, 1.05, 0.0], [0.02, 1.07, 0.0], [0.04, 1.07, 0.0], [0.04, 0.72, 0.0], [0.13, 1.45, 0.0]]","[1, 4, 3, 61, 10, 7, 8, 11, 64, 5, 13, 26, 28, 31, 36, 21, 18, 19, 41, 37, 20, 29, 63, 33, 24, 43, 25, 54, 16, 38, 22, 53, 39, 34, 59, 40, 66, 62]",535.5
105,1788354633518699003,921600,95514,30,29,116.1,"[0.5, 30.0, 31.2, 34.4, 40.1, 40.1, 42.6, 44.6, 46.9, 49.5, 82.2, 83.4, 83.7, 85.5, 85.6, 87.3, 89.2, 89.2, 91.0, 93.6, 96.3, 96.4, 98.1, 100.0, 100.0, 101.7, 101.9, 103.5, 116.1]","['INSIDE', 'INSIDE', 'INSIDE', 'INSIDE', 'RAIL', 'RAIL', 'RAIL', 'INSIDE', 'INSIDE', 'RAIL', 'INSIDE', 'OUTSIDE', 'OUTSIDE', 'NEAR', 'OUTSIDE', 'INSIDE', 'OUTSIDE', 'OUTSIDE', 'OUTSIDE', 'OUTSIDE', 'RAIL', 'INSIDE', 'INSIDE', 'INSIDE', 'INSIDE', 'RAIL', 'OUTSIDE', 'RAIL', 'OUTSIDE']","[[0.44, 0.11, 0.53], [1.04, 0.66, 1.88], [0.27, 0.2, 0.41], [1.06, 1.02, 0.68], [1.4, 0.39, 0.62], [0.79, 0.38, 0.21], [0.17, 0.25, 0.2], [1.82, 1.72, 0.1], [1.28, 0.87, 0.05], [0.12, 0.15, 0.14], [0.66, 2.82, 1.07], [0.27, 2.29, 0.16], [0.21, 1.74, 0.17], [0.06, 0.93, 0.0], [0.12, 1.07, 0.0], [0.23, 3.14, 0.18], [1.89, 2.09, 0.19], [0.03, 1.01, 0.0], [0.08, 0.86, 0.0], [0.72, 0.6, 0.01], [0.05, 1.01, 0.0], [0.21, 1.19, 0.0], [0.2, 1.24, 0.0], [0.07, 0.84, 0.0], [0.09, 0.87, 0.0], [0.06, 1.05, 0.0], [0.02, 1.07, 0.0], [0.03, 1.07, 0.0], [0.06, 0.9, 0.0]]","[3, 4, 61, 10, 7, 8, 5, 11, 64, 13, 26, 28, 31, 36, 21, 18, 22, 20, 29, 33, 43, 25, 46, 53, 39, 34, 59, 40, 66]",553.3
106,1788354633602082651,921600,95626,41,38,117.9,"[0.5, 30.0, 31.2, 34.3, 34.7, 40.3, 42.8, 44.6, 46.9, 49.6, 71.0, 82.8, 83.6, 85.5, 85.6, 87.3, 87.3, 88.9, 89.0, 89.3, 91.0, 92.8, 93.2, 93.7, 94.3, 96.4, 98.1, 98.2, 99.9, 100.1, 101.7, 101.8, 103.5, 103.6, 109.0, 114.4, 116.2, 117.9]","['INSIDE', 'INSIDE', 'INSIDE', 'INSIDE', 'RAIL', 'RAIL', 'RAIL', 'INSIDE', 'INSIDE', 'RAIL', 'INSIDE', 'OUTSIDE', 'OUTSIDE', 'OUTSIDE', 'INSIDE', 'OUTSIDE', 'INSIDE', 'INSIDE', 'INSIDE', 'OUTSIDE', 'RAIL', 'OUTSIDE', 'INSIDE', 'OUTSIDE', 'RAIL', 'RAIL', 'NEAR', 'RAIL', 'INSIDE', 'INSIDE', 'OUTSIDE', 'OUTSIDE', 'INSIDE', 'RAIL', 'OUTSIDE', 'RAIL', 'OUTSIDE', 'RAIL']","[[1.39, 2.27, 2.4], [1.01, 0.65, 1.88], [0.24, 0.24, 0.4], [0.57, 0.86, 0.67], [1.56, 0.44, 0.62], [0.64, 0.38, 0.21], [0.17, 0.25, 0.2], [1.63, 1.73, 0.09], [1.37, 0.88, 0.06], [0.15, 0.16, 0.14], [1.96, 3.99, 1.24], [0.28, 2.34, 0.17], [0.14, 0.93, 0.0], [0.11, 0.92, 0.0], [0.36, 3.3, 0.18], [0.35, 0.63, 0.0], [0.07, 0.49, 0.0], [0.71, 0.99, 0.0], [0.23, 3.34, 0.2], [0.05, 1.03, 0.0], [0.11, 1.14, 0.0], [0.39, 2.24, 0.21], [0.48, 1.84, 0.13], [0.98, 1.16, 0.01], [0.05, 0.6, 0.0], [0.1, 1.02, 0.0], [0.06, 1.04, 0.0], [0.03, 0.62, 0.0], [0.26, 1.42, 0.61], [0.36, 0.62, 0.37], [1.81, 1.76, 0.01], [1.51, 1.5, 0.01], [0.13, 1.2, 0.0], [0.07, 1.05, 0.0], [0.04, 0.89, 0.0], [0.03, 1.24, 0.0], [0.06, 0.9, 0.0], [0.15, 1.27, 0.0]]","[1, 4, 61, 10, 7, 8, 5, 11, 64, 13, 26, 31, 36, 21, 18, 19, 41, 37, 53, 29, 63, 39, 58, 33, 24, 43, 25, 54, 16, 46, 38, 22, 20, 34, 59, 40, 66, 62]",474.3
107,1788354633697101078,921600,95539,34,33,116.2,"[0.4, 31.1, 34.3, 34.5, 40.0, 40.1, 42.1, 42.6, 44.6, 45.7, 46.9, 49.5, 80.1, 82.2, 83.4, 83.7, 85.4, 85.6, 87.3, 89.0, 89.2, 90.9, 93.5, 96.3, 96.4, 98.0, 98.2, 99.9, 100.1, 101.8, 103.5, 114.4, 116.2]","['INSIDE', 'INSIDE', 'INSIDE', 'INSIDE', 'INSIDE', 'RAIL', 'RAIL', 'RAIL', 'INSIDE', 'INSIDE', 'INSIDE', 'RAIL', 'INSIDE', 'INSIDE', 'OUTSIDE', 'OUTSIDE', 'OUTSIDE', 'NEAR', 'OUTSIDE', 'INSIDE', 'INSIDE', 'INSIDE', 'OUTSIDE', 'OUTSIDE', 'RAIL', 'OUTSIDE', 'RAIL', 'INSIDE', 'INSIDE', 'INSIDE', 'RAIL', 'RAIL', 'OUTSIDE']","[[0.99, 1.53, 2.37], [0.45, 0.11, 0.53], [1.05, 0.65, 1.88], [0.25, 0.2, 0.4], [0.7, 0.94, 0.67], [0.22, 0.08, 0.25], [1.53, 0.44, 0.62], [0.8, 0.38, 0.21], [1.77, 1.72, 0.09], [1.26, 0.87, 0.05], [0.55, 0.81, 0.02], [0.16, 0.17, 0.14], [0.63, 2.82, 1.07], [0.28, 0.7, 0.0], [0.25, 2.29, 0.16], [0.26, 1.59, 0.17], [0.16, 2.21, 0.17], [0.1, 1.09, 0.0], [0.14, 0.92, 0.0], [0.25, 3.14, 0.18], [2.05, 3.39, 0.19], [0.35, 1.24, 0.37], [0.04, 0.84, 0.0], [0.18, 0.86, 0.0], [0.04, 0.8, 0.0], [0.73, 0.74, 0.01], [0.06, 1.02, 0.0], [0.07, 0.84, 0.0], [0.08, 1.2, 0.0], [0.06, 0.87, 0.0], [0.06, 0.87, 0.0], [0.05, 1.24, 0.0], [0.02, 0.72, 0.0]]","[1, 3, 4, 61, 10, 2, 7, 8, 11, 64, 68, 13, 26, 14, 28, 31, 25, 36, 21, 18, 37, 46, 53, 29, 24, 33, 43, 20, 39, 59, 34, 40, 66]",476.1
108,1788354633796711774,921600,95573,35,35,117.9,"[0.5, 31.2, 34.3, 40.3, 42.8, 44.6, 45.8, 46.9, 49.6, 82.9, 83.7, 85.5, 85.6, 87.3, 87.3, 89.1, 89.3, 90.9, 92.7, 93.3, 93.7, 94.2, 96.3, 96.4, 98.1, 98.2, 100.0, 100.0, 101.6, 101.9, 103.5, 103.6, 114.4, 116.2, 117.9]","['INSIDE', 'INSIDE', 'INSIDE', 'RAIL', 'RAIL', 'INSIDE', 'INSIDE', 'INSIDE', 'RAIL', 'INSIDE', 'OUTSIDE', 'INSIDE', 'OUTSIDE', 'OUTSIDE', 'INSIDE', 'INSIDE', 'INSIDE', 'OUTSIDE', 'OUTSIDE', 'OUTSIDE', 'RAIL', 'RAIL', 'NEAR', 'RAIL', 'INSIDE', 'OUTSIDE', 'OUTSIDE', 'INSIDE', 'INSIDE', 'INSIDE', 'RAIL', 'RAIL', 'RAIL', 'OUTSIDE', 'RAIL']","[[1.02, 0.65, 1.88], [0.25, 0.24, 0.4], [0.53, 0.86, 0.67], [1.57, 0.44, 0.62], [0.6, 0.38, 0.21], [1.62, 1.73, 0.09], [1.36, 0.88, 0.06], [0.61, 0.81, 0.03], [0.15, 0.17, 0.14], [2.22, 3.99, 1.24], [0.18, 2.04, 0.17], [0.47, 2.91, 0.61], [0.08, 0.93, 0.0], [0.13, 1.07, 0.0], [0.27, 3.3, 0.18], [0.07, 0.49, 0.0], [0.66, 0.99, 0.0], [0.05, 1.01, 0.0], [0.05, 1.03, 0.0], [1.11, 1.47, 0.01], [0.02, 0.6, 0.0], [0.06, 1.22, 0.0], [0.19, 1.19, 0.0], [0.04, 0.62, 0.0], [0.29, 0.62, 0.37], [1.79, 1.44, 0.01], [1.36, 1.34, 0.01], [0.1, 1.01, 0.0], [0.07, 1.2, 0.0], [0.12, 0.87, 0.0], [0.02, 1.05, 0.0], [0.24, 1.43, 0.29], [0.07, 1.24, 0.0], [0.07, 0.9, 0.0], [0.1, 1.27, 0.0]]","[4, 61, 10, 7, 8, 11, 64, 68, 13, 26, 31, 16, 36, 21, 18, 41, 37, 53, 29, 33, 24, 43, 25, 54, 46, 38, 22, 20, 39, 59, 34, 66, 40, 62, 63]",478.8
109,1788354633893223388,921600,95598,32,32,116.1,"[0.5, 31.1, 34.4, 40.0, 40.1, 42.1, 42.6, 44.6, 45.7, 46.9, 49.5, 80.0, 82.2, 83.4, 83.7, 85.5, 85.6, 87.3, 89.1, 89.2, 90.9, 93.5, 96.3, 96.4, 98.0, 100.0, 100.0, 101.7, 101.8, 103.5, 114.4, 116.1]","['INSIDE', 'INSIDE', 'INSIDE', 'INSIDE', 'RAIL', 'RAIL', 'RAIL', 'INSIDE', 'INSIDE', 'INSIDE', 'RAIL', 'INSIDE', 'INSIDE', 'OUTSIDE', 'OUTSIDE', 'NEAR', 'OUTSIDE', 'INSIDE', 'INSIDE', 'OUTSIDE', 'OUTSIDE', 'RAIL', 'OUTSIDE', 'RAIL', 'INSIDE', 'INSIDE', 'INSIDE', 'INSIDE', 'RAIL', 'OUTSIDE', 'RAIL', 'OUTSIDE']","[[0.43, 0.11, 0.53], [1.01, 0.65, 1.88], [0.27, 0.2, 0.4], [0.75, 1.02, 0.68], [0.22, 0.08, 0.25], [1.38, 0.39, 0.62], [0.81, 0.38, 0.21], [1.75, 1.72, 0.09], [1.26, 0.87, 0.05], [0.53, 0.81, 0.02], [0.15, 0.15, 0.15], [0.65, 2.82, 1.07], [0.42, 0.69, 0.0], [0.33, 2.29, 0.16], [0.22, 1.74, 0.17], [0.06, 1.09, 0.0], [0.15, 1.07, 0.0], [0.3, 3.14, 0.18], [1.97, 3.39, 0.19], [0.06, 0.84, 0.0], [0.15, 0.86, 0.0], [0.03, 0.8, 0.0], [0.7, 0.6, 0.01], [0.07, 1.01, 0.0], [0.14, 1.19, 0.0], [0.37, 1.24, 0.37], [0.05, 0.84, 0.0], [0.22, 1.05, 0.0], [0.08, 1.22, 0.0], [0.03, 1.07, 0.0], [0.03, 1.24, 0.0], [0.03, 0.72, 0.0]]","[3, 4, 61, 10, 2, 7, 8, 11, 64, 68, 13, 26, 14, 28, 31, 36, 21, 18, 37, 53, 29, 24, 33, 43, 25, 46, 20, 59, 34, 66, 40, 62]",674.2
110,1788354633993749966,921600,95541,37,36,117.9,"[0.5, 30.0, 31.2, 34.3, 40.3, 42.7, 44.6, 45.9, 46.9, 49.6, 69.5, 82.8, 85.5, 85.6, 87.3, 87.3, 89.0, 89.0, 89.3, 91.0, 92.7, 93.2, 93.7, 94.3, 96.3, 96.4, 98.1, 100.0, 100.0, 101.7, 101.8, 103.5, 108.9, 114.4, 116.2, 117.9]","['INSIDE', 'INSIDE', 'INSIDE', 'RAIL', 'RAIL', 'RAIL', 'INSIDE', 'INSIDE', 'INSIDE', 'RAIL', 'INSIDE', 'INSIDE', 'OUTSIDE', 'INSIDE', 'OUTSIDE', 'OUTSIDE', 'INSIDE', 'OUTSIDE', 'INSIDE', 'INSIDE', 'OUTSIDE', 'OUTSIDE', 'RAIL', 'RAIL', 'NEAR', 'RAIL', 'INSIDE', 'OUTSIDE', 'OUTSIDE', 'INSIDE', 'INSIDE', 'RAIL', 'OUTSIDE', 'RAIL', 'OUTSIDE', 'RAIL']","[[0.98, 0.59, 1.66], [0.26, 0.24, 0.4], [0.53, 0.86, 0.67], [1.56, 0.44, 0.62], [0.66, 0.38, 0.21], [0.19, 0.25, 0.2], [1.63, 1.73, 0.09], [1.37, 0.88, 0.06], [0.62, 0.81, 0.03], [0.17, 0.16, 0.15], [0.86, 2.39, 0.75], [2.01, 3.99, 1.24], [0.13, 2.04, 0.17], [0.47, 3.22, 0.61], [0.14, 0.93, 0.0], [0.12, 1.07, 0.0], [0.33, 3.29, 0.18], [0.05, 0.47, 0.0], [0.08, 0.49, 0.0], [0.67, 0.99, 0.0], [0.02, 1.01, 0.0], [0.1, 1.03, 0.0], [0.03, 0.6, 0.0], [0.08, 1.02, 0.0], [0.21, 1.19, 0.0], [0.03, 0.62, 0.0], [0.37, 0.62, 0.37], [1.85, 1.76, 0.01], [1.36, 1.33, 0.01], [0.08, 1.01, 0.0], [0.1, 0.87, 0.0], [0.09, 1.05, 0.0], [0.03, 1.07, 0.0], [0.06, 1.24, 0.0], [0.06, 0.9, 0.0], [0.07, 0.76, 0.0]]","[4, 61, 10, 7, 8, 5, 11, 64, 68, 13, 58, 26, 31, 16, 36, 21, 18, 19, 41, 37, 53, 29, 24, 43, 25, 54, 46, 38, 22, 20, 59, 34, 66, 40, 62, 63]",578.1
111,1788354634092681784,921600,95569,32,32,116.1,"[0.5, 31.2, 34.4, 40.1, 40.1, 42.1, 42.7, 44.6, 45.8, 46.9, 49.5, 74.6, 82.8, 83.4, 85.5, 85.6, 87.3, 89.1, 89.2, 90.9, 93.2, 94.2, 96.3, 96.4, 98.1, 100.0, 100.1, 101.7, 101.9, 103.5, 114.4, 116.1]","['INSIDE', 'INSIDE', 'INSIDE', 'INSIDE', 'RAIL', 'RAIL', 'RAIL', 'INSIDE', 'INSIDE', 'INSIDE', 'RAIL', 'INSIDE', 'OUTSIDE', 'NEAR', 'OUTSIDE', 'INSIDE', 'INSIDE', 'INSIDE', 'OUTSIDE', 'OUTSIDE', 'OUTSIDE', 'RAIL', 'OUTSIDE', 'RAIL', 'INSIDE', 'OUTSIDE', 'INSIDE', 'INSIDE', 'OUTSIDE', 'RAIL', 'RAIL', 'OUTSIDE']","[[0.4, 0.11, 0.53], [1.01, 0.66, 1.67], [0.27, 0.24, 0.41], [0.57, 0.85, 0.67], [0.26, 0.08, 0.25], [1.39, 0.39, 0.62], [0.76, 0.38, 0.21], [1.81, 1.72, 0.1], [1.29, 0.87, 0.05], [0.59, 0.81, 0.03], [0.16, 0.17, 0.14], [1.95, 3.74, 1.09], [0.22, 1.74, 0.17], [0.05, 0.93, 0.0], [0.14, 0.92, 0.0], [0.21, 3.14, 0.18], [0.43, 0.78, 0.37], [0.67, 1.16, 0.0], [0.03, 1.01, 0.0], [0.08, 0.86, 0.0], [3.71, 2.33, 0.17], [0.03, 0.8, 0.0], [0.77, 0.6, 0.01], [0.05, 1.01, 0.0], [0.17, 1.19, 0.0], [1.28, 1.17, 0.01], [0.03, 0.84, 0.0], [0.1, 0.87, 0.0], [0.05, 1.07, 0.0], [0.07, 0.87, 0.0], [0.05, 1.07, 0.0], [0.03, 0.9, 0.0]]","[3, 4, 61, 10, 2, 7, 8, 11, 64, 68, 13, 26, 31, 36, 21, 18, 46, 37, 53, 29, 58, 24, 33, 43, 25, 22, 20, 59, 66, 34, 40, 62]",537.2
112,1788354634193330157,921600,95588,38,37,117.9,"[0.5, 30.0, 31.2, 34.3, 34.5, 40.3, 42.8, 44.6, 45.9, 46.9, 49.6, 82.8, 83.9, 85.5, 85.6, 87.3, 87.4, 88.9, 89.1, 89.3, 91.0, 92.8, 93.2, 93.7, 94.3, 96.3, 96.4, 98.1, 98.2, 99.9, 100.0, 101.7, 101.8, 103.5, 114.4, 116.2, 117.9]","['INSIDE', 'INSIDE', 'INSIDE', 'INSIDE', 'RAIL', 'RAIL', 'RAIL', 'INSIDE', 'INSIDE', 'INSIDE', 'RAIL', 'INSIDE', 'OUTSIDE', 'INSIDE', 'OUTSIDE', 'OUTSIDE', 'INSIDE', 'OUTSIDE', 'INSIDE', 'INSIDE', 'INSIDE', 'OUTSIDE', 'OUTSIDE', 'OUTSIDE', 'OUTSIDE', 'RAIL', 'RAIL', 'NEAR', 'RAIL', 'OUTSIDE', 'OUTSIDE', 'INSIDE', 'INSIDE', 'OUTSIDE', 'RAIL', 'RAIL', 'OUTSIDE']","[[1.13, 2.14, 2.38], [0.99, 0.65, 1.75], [0.24, 0.24, 0.4], [0.54, 0.86, 0.67], [1.56, 0.44, 0.62], [0.67, 0.38, 0.21], [0.17, 0.25, 0.2], [1.58, 1.72, 0.08], [1.38, 0.88, 0.06], [0.63, 0.81, 0.03], [0.14, 0.16, 0.15], [1.99, 3.99, 1.24], [0.24, 2.04, 0.17], [0.49, 3.22, 0.61], [0.17, 0.93, 0.0], [0.11, 0.92, 0.0], [0.36, 3.3, 0.18], [0.3, 0.63, 0.0], [0.06, 0.49, 0.0], [0.38, 0.62, 0.18], [0.67, 0.99, 0.0], [0.05, 1.01, 0.0], [0.06, 1.03, 0.0], [0.37, 2.24, 0.21], [0.61, 1.31, 0.0], [0.02, 0.6, 0.0], [0.07, 1.02, 0.0], [0.21, 1.19, 0.0], [0.03, 0.62, 0.0], [1.82, 1.76, 0.01], [1.38, 1.34, 0.01], [0.11, 1.01, 0.0], [0.12, 1.2, 0.0], [0.05, 1.07, 0.0], [0.1, 0.7, 0.0], [0.02, 1.24, 0.0], [0.04, 0.9, 0.0]]","[1, 4, 61, 10, 7, 8, 5, 11, 64, 68, 13, 26, 31, 16, 36, 21, 18, 19, 41, 46, 37, 53, 29, 59, 33, 24, 43, 25, 54, 38, 22, 20, 39, 66, 34, 40, 62]",539.1
113,1788354634294636954,921600,95644,30,30,116.2,"[0.4, 31.1, 34.4, 40.1, 40.3, 42.1, 42.6, 44.6, 45.7, 47.0, 49.5, 80.0, 82.2, 83.7, 85.5, 85.6, 87.2, 89.1, 89.2, 90.9, 93.6, 96.3, 96.4, 98.1, 100.0, 100.0, 101.8, 103.5, 114.4, 116.2]","['INSIDE', 'INSIDE', 'INSIDE', 'INSIDE', 'RAIL', 'RAIL', 'RAIL', 'INSIDE', 'INSIDE', 'INSIDE', 'RAIL', 'INSIDE', 'INSIDE', 'OUTSIDE', 'OUTSIDE', 'NEAR', 'OUTSIDE', 'INSIDE', 'INSIDE', 'INSIDE', 'OUTSIDE', 'OUTSIDE', 'RAIL', 'RAIL', 'INSIDE', 'INSIDE', 'INSIDE', 'RAIL', 'RAIL', 'OUTSIDE']","[[0.4, 0.11, 0.53], [1.1, 0.66, 1.67], [0.26, 0.2, 0.41], [0.81, 1.02, 0.68], [0.24, 0.08, 0.25], [1.4, 0.39, 0.62], [0.81, 0.38, 0.21], [1.31, 1.58, 0.07], [1.28, 0.87, 0.05], [0.56, 0.81, 0.02], [0.17, 0.18, 0.14], [0.64, 2.81, 1.07], [0.43, 0.69, 0.0], [0.36, 2.29, 0.16], [0.24, 1.89, 0.17], [0.06, 0.93, 0.0], [0.14, 1.07, 0.0], [0.26, 3.14, 0.18], [2.06, 5.32, 0.39], [0.35, 0.78, 0.18], [0.04, 0.84, 0.0], [0.07, 0.86, 0.0], [0.04, 0.6, 0.0], [0.07, 1.02, 0.0], [0.2, 1.19, 0.0], [0.05, 0.84, 0.0], [0.08, 0.87, 0.0], [0.12, 0.87, 0.0], [0.03, 1.07, 0.0], [0.05, 0.9, 0.0]]","[3, 4, 61, 10, 2, 7, 8, 11, 64, 68, 13, 26, 14, 28, 31, 36, 21, 18, 37, 46, 53, 29, 24, 43, 25, 20, 59, 34, 40, 62]",510.1
114,1788354634396724683,921600,95657,37,36,117.9,"[0.5, 30.0, 31.2, 34.3, 40.3, 42.7, 44.6, 45.8, 46.9, 49.5, 71.3, 82.2, 83.7, 83.7, 85.5, 85.6, 87.3, 87.3, 89.0, 89.1, 89.3, 90.9, 92.7, 93.2, 93.8, 94.2, 96.3, 96.4, 98.1, 99.9, 100.0, 101.7, 101.9, 103.5, 116.2, 117.9]","['INSIDE', 'INSIDE', 'INSIDE', 'RAIL', 'RAIL', 'RAIL', 'INSIDE', 'INSIDE', 'INSIDE', 'RAIL', 'INSIDE', 'OUTSIDE', 'OUTSIDE', 'INSIDE', 'OUTSIDE', 'OUTSIDE', 'INSIDE', 'OUTSIDE', 'INSIDE', 'INSIDE', 'OUTSIDE', 'OUTSIDE', 'INSIDE', 'OUTSIDE', 'RAIL', 'NEAR', 'RAIL', 'INSIDE', 'OUTSIDE', 'OUTSIDE', 'INSIDE', 'INSIDE', 'OUTSIDE', 'RAIL', 'RAIL', 'OUTSIDE']","[[0.98, 0.65, 1.75], [0.26, 0.24, 0.4], [0.53, 0.86, 0.67], [1.55, 0.44, 0.62], [0.67, 0.38, 0.21], [0.2, 0.25, 0.2], [1.66, 1.73, 0.09], [1.35, 0.88, 0.06], [0.58, 0.81, 0.03], [0.19, 0.16, 0.15], [0.68, 3.99, 1.24], [0.36, 2.15, 0.16], [0.2, 2.04, 0.17], [0.51, 3.22, 0.61], [0.07, 0.93, 0.0], [0.15, 0.77, 0.0], [0.33, 3.3, 0.18], [0.05, 0.47, 0.0], [0.11, 0.49, 0.0], [0.69, 0.99, 0.0], [0.04, 1.01, 0.0], [0.07, 1.03, 0.0], [0.87, 1.91, 0.77], [0.92, 1.3, 0.01], [0.04, 1.01, 0.0], [0.17, 1.19, 0.0], [0.01, 0.62, 0.0], [0.3, 0.62, 0.37], [1.94, 1.93, 0.01], [1.42, 1.34, 0.01], [0.06, 1.01, 0.0], [0.07, 0.87, 0.0], [0.06, 1.07, 0.0], [0.04, 0.7, 0.0], [0.1, 1.24, 0.0], [0.03, 0.9, 0.0]]","[4, 61, 10, 7, 8, 5, 11, 64, 68, 13, 26, 28, 31, 16, 36, 21, 18, 19, 41, 37, 53, 29, 58, 33, 43, 25, 54, 46, 38, 22, 20, 59, 66, 34, 40, 62]",446.4
115,1788354634495612551,921600,95711,30,30,116.2,"[0.5, 31.2, 34.4, 40.1, 40.1, 42.1, 42.6, 44.6, 45.7, 46.9, 49.5, 82.8, 83.4, 85.5, 85.6, 87.2, 89.1, 89.2, 90.9, 93.6, 96.3, 96.4, 98.1, 100.0, 100.0, 101.7, 101.9, 103.5, 114.4, 116.2]","['INSIDE', 'INSIDE', 'INSIDE', 'INSIDE', 'RAIL', 'RAIL', 'RAIL', 'INSIDE', 'INSIDE', 'INSIDE', 'RAIL', 'INSIDE', 'OUTSIDE', 'NEAR', 'OUTSIDE', 'INSIDE', 'OUTSIDE', 'OUTSIDE', 'OUTSIDE', 'RAIL', 'OUTSIDE', 'RAIL', 'INSIDE', 'INSIDE', 'INSIDE', 'INSIDE', 'RAIL', 'OUTSIDE', 'RAIL', 'OUTSIDE']","[[0.4, 0.11, 0.53], [1.01, 0.65, 1.67], [0.3, 0.2, 0.41], [0.83, 1.02, 0.68], [0.21, 0.08, 0.25], [1.37, 0.39, 0.62], [0.75, 0.38, 0.21], [1.81, 1.72, 0.1], [1.28, 0.87, 0.05], [0.55, 0.81, 0.02], [0.13, 0.15, 0.14], [1.97, 3.74, 1.09], [0.2, 1.74, 0.17], [0.04, 0.93, 0.0], [0.25, 1.22, 0.0], [0.2, 3.14, 0.18], [1.91, 2.42, 0.19], [0.02, 1.01, 0.0], [0.07, 0.86, 0.0], [0.04, 0.6, 0.0], [0.72, 0.74, 0.01], [0.07, 1.02, 0.0], [0.17, 1.19, 0.0], [0.17, 1.24, 0.0], [0.06, 0.84, 0.0], [0.09, 0.87, 0.0], [0.09, 1.05, 0.0], [0.05, 1.07, 0.0], [0.05, 1.07, 0.0], [0.05, 0.9, 0.0]]","[3, 4, 61, 10, 2, 7, 8, 11, 64, 68, 13, 26, 31, 36, 21, 18, 22, 53, 29, 24, 33, 43, 25, 46, 20, 59, 34, 66, 40, 62]",599.8
116,1788354634593919922,921600,95535,39,37,117.9,"[0.5, 30.0, 31.2, 34.3, 40.3, 42.7, 44.6, 45.8, 46.9, 49.5, 71.1, 82.2, 83.4, 83.7, 85.5, 85.6, 87.3, 87.4, 89.0, 89.1, 89.3, 91.0, 92.7, 93.2, 93.7, 94.2, 96.3, 96.4, 98.1, 100.0, 100.0, 101.7, 101.9, 103.5, 114.4, 116.1, 117.9]","['INSIDE', 'INSIDE', 'INSIDE', 'RAIL', 'RAIL', 'RAIL', 'INSIDE', 'INSIDE', 'INSIDE', 'RAIL', 'INSIDE', 'OUTSIDE', 'OUTSIDE', 'INSIDE', 'OUTSIDE', 'OUTSIDE', 'INSIDE', 'OUTSIDE', 'INSIDE', 'INSIDE', 'OUTSIDE', 'OUTSIDE', 'INSIDE', 'OUTSIDE', 'RAIL', 'RAIL', 'NEAR', 'RAIL', 'INSIDE', 'OUTSIDE', 'OUTSIDE', 'INSIDE', 'INSIDE', 'OUTSIDE', 'RAIL', 'RAIL', 'OUTSIDE']","[[0.99, 0.59, 1.75], [0.25, 0.24, 0.4], [0.5, 0.86, 0.67], [1.54, 0.44, 0.62], [0.67, 0.39, 0.21], [0.18, 0.25, 0.2], [1.63, 1.73, 0.09], [1.39, 0.88, 0.06], [0.6, 0.81, 0.03], [0.13, 0.16, 0.14], [0.66, 3.99, 1.24], [0.36, 2.15, 0.16], [0.14, 2.04, 0.17], [0.52, 3.22, 0.61], [0.09, 0.93, 0.0], [0.14, 1.07, 0.0], [0.37, 3.29, 0.18], [0.05, 0.47, 0.0], [0.08, 0.49, 0.0], [0.61, 0.83, 0.0], [0.09, 1.01, 0.0], [0.07, 1.03, 0.0], [0.44, 1.84, 0.13], [0.7, 1.47, 0.01], [0.03, 0.6, 0.0], [0.03, 1.01, 0.0], [0.17, 1.19, 0.0], [0.02, 0.62, 0.0], [0.12, 0.62, 0.0], [1.81, 1.76, 0.01], [1.41, 1.34, 0.01], [0.06, 1.01, 0.0], [0.1, 0.87, 0.0], [0.06, 1.07, 0.0], [0.07, 0.7, 0.0], [0.06, 1.24, 0.0], [0.06, 0.9, 0.0]]","[4, 61, 10, 7, 8, 5, 11, 64, 68, 13, 26, 28, 31, 16, 36, 21, 18, 19, 41, 37, 53, 29, 58, 33, 24, 43, 25, 54, 46, 38, 22, 20, 59, 66, 34, 40, 62]",657.7
117,1788354634692295342,921600,95656,29,29,116.1,"[0.5, 31.2, 34.4, 40.1, 42.1, 42.7, 44.6, 45.8, 46.9, 49.5, 82.8, 83.4, 85.5, 85.6, 87.3, 87.3, 89.1, 89.2, 91.0, 93.6, 96.3, 96.4, 98.1, 100.0, 100.0, 101.8, 103.5, 114.4, 116.1]","['INSIDE', 'INSIDE', 'INSIDE', 'RAIL', 'RAIL', 'RAIL', 'INSIDE', 'INSIDE', 'INSIDE', 'RAIL', 'INSIDE', 'OUTSIDE', 'INSIDE', 'NEAR', 'OUTSIDE', 'INSIDE', 'INSIDE', 'OUTSIDE', 'OUTSIDE', 'OUTSIDE', 'RAIL', 'OUTSIDE', 'RAIL', 'INSIDE', 'INSIDE', 'INSIDE', 'RAIL', 'RAIL', 'OUTSIDE']","[[1.03, 0.65, 1.88], [0.28, 0.24, 0.4], [0.71, 0.94, 0.67], [0.23, 0.08, 0.25], [1.4, 0.39, 0.62], [0.75, 0.39, 0.21], [1.79, 1.72, 0.1], [1.34, 0.87, 0.06], [0.59, 0.81, 0.03], [0.18, 0.16, 0.15], [1.94, 3.74, 1.09], [0.21, 1.59, 0.17], [0.4, 3.22, 0.61], [0.06, 0.93, 0.0], [0.12, 1.22, 0.0], [0.33, 3.3, 0.18], [0.38, 0.78, 0.37], [1.9, 2.42, 0.19], [0.05, 1.01, 0.0], [0.06, 0.86, 0.0], [0.09, 0.8, 0.0], [0.78, 0.6, 0.01], [0.02, 1.01, 0.0], [0.22, 1.19, 0.0], [0.07, 1.01, 0.0], [0.15, 0.87, 0.0], [0.05, 1.05, 0.0], [0.05, 1.24, 0.0], [0.06, 0.72, 0.0]]","[4, 61, 10, 2, 7, 8, 11, 64, 68, 13, 26, 31, 16, 36, 21, 18, 46, 22, 53, 29, 24, 33, 43, 25, 20, 59, 34, 40, 62]",531.7
118,1788354634793760356,921600,95552,35,35,117.9,"[0.5, 30.0, 31.2, 34.3, 40.3, 42.7, 44.6, 45.8, 46.9, 49.6, 76.0, 82.2, 83.4, 83.7, 85.6, 85.6, 87.3, 89.0, 89.1, 89.2, 90.9, 92.7, 93.2, 93.8, 94.3, 96.3, 96.4, 98.1, 100.0, 100.0, 101.8, 103.5, 114.4, 116.2, 117.9]","['INSIDE', 'INSIDE', 'INSIDE', 'RAIL', 'RAIL', 'RAIL', 'INSIDE', 'INSIDE', 'INSIDE', 'RAIL', 'INSIDE', 'INSIDE', 'OUTSIDE', 'OUTSIDE', 'OUTSIDE', 'OUTSIDE', 'INSIDE', 'OUTSIDE', 'INSIDE', 'INSIDE', 'OUTSIDE', 'OUTSIDE', 'OUTSIDE', 'RAIL', 'RAIL', 'NEAR', 'RAIL', 'INSIDE', 'OUTSIDE', 'OUTSIDE', 'INSIDE', 'INSIDE', 'RAIL', 'RAIL', 'OUTSIDE']","[[0.99, 0.66, 1.75], [0.26, 0.24, 0.4], [0.53, 0.86, 0.67], [1.56, 0.44, 0.62], [0.67, 0.38, 0.21], [0.2, 0.25, 0.2], [1.61, 1.73, 0.09], [1.36, 0.88, 0.06], [0.59, 0.81, 0.03], [0.13, 0.16, 0.14], [2.42, 2.8, 1.35], [0.64, 3.99, 1.24], [0.42, 2.15, 0.16], [0.27, 1.89, 0.17], [0.05, 0.93, 0.0], [0.08, 0.92, 0.0], [0.38, 3.46, 0.18], [0.04, 0.47, 0.0], [0.09, 0.49, 0.0], [0.73, 0.99, 0.0], [0.03, 1.01, 0.0], [0.06, 1.03, 0.0], [0.67, 1.47, 0.01], [0.05, 0.8, 0.0], [0.04, 1.01, 0.0], [0.19, 1.19, 0.0], [0.02, 0.62, 0.0], [0.15, 0.62, 0.0], [1.88, 1.93, 0.01], [1.4, 1.34, 0.01], [0.09, 1.01, 0.0], [0.11, 0.87, 0.0], [0.06, 1.05, 0.0], [0.02, 1.07, 0.0], [0.02, 0.9, 0.0]]","[4, 61, 10, 7, 8, 5, 11, 64, 68, 13, 14, 26, 28, 31, 36, 21, 18, 19, 41, 37, 53, 29, 33, 24, 43, 25, 54, 46, 38, 22, 20, 59, 34, 40, 62]",602.7
119,1788354634893199392,921600,95576,33,32,116.1,"[0.5, 31.2, 34.4, 40.1, 40.1, 42.1, 42.7, 44.6, 45.8, 46.9, 49.5, 71.3, 73.2, 82.8, 85.5, 85.6, 87.3, 89.1, 89.2, 91.0, 93.6, 93.7, 96.3, 96.4, 98.1, 100.0, 100.0, 101.7, 101.8, 103.5, 114.4, 116.1]","['INSIDE', 'INSIDE', 'INSIDE', 'INSIDE', 'RAIL', 'RAIL', 'RAIL', 'INSIDE', 'INSIDE', 'INSIDE', 'RAIL', 'INSIDE', 'INSIDE', 'OUTSIDE', 'OUTSIDE', 'OUTSIDE', 'INSIDE', 'OUTSIDE', 'OUTSIDE', 'OUTSIDE', 'INSIDE', 'RAIL', 'RAIL', 'INSIDE', 'INSIDE', 'OUTSIDE', 'INSIDE', 'INSIDE', 'RAIL', 'OUTSIDE', 'RAIL', 'OUTSIDE']","[[1.0, 0.65, 1.88], [0.36, 0.11, 0.53], [0.3, 0.24, 0.41], [0.68, 0.94, 0.67], [0.25, 0.08, 0.25], [1.37, 0.39, 0.62], [0.76, 0.39, 0.21], [1.79, 1.72, 0.1], [1.33, 0.87, 0.06], [0.59, 0.81, 0.03], [0.19, 0.15, 0.15], [0.71, 0.55, 0.15], [1.97, 5.01, 1.24], [0.22, 1.59, 0.17], [0.1, 1.09, 0.0], [0.09, 0.92, 0.0], [0.34, 3.3, 0.18], [1.89, 2.09, 0.19], [0.05, 1.01, 0.0], [0.06, 0.86, 0.0], [0.77, 1.79, 0.77], [0.04, 0.8, 0.0], [0.02, 1.01, 0.0], [0.13, 1.04, 0.0], [0.4, 0.78, 0.37], [1.78, 1.44, 0.01], [0.09, 1.01, 0.0], [0.11, 0.87, 0.0], [0.05, 1.05, 0.0], [0.05, 1.07, 0.0], [0.05, 1.24, 0.0], [0.05, 0.9, 0.0]]","[4, 3, 61, 10, 2, 7, 8, 11, 64, 68, 13, 14, 26, 31, 36, 21, 18, 22, 53, 29, 58, 24, 43, 25, 46, 38, 20, 59, 34, 66, 40, 62]",555.4
120,1788354634991978229,921600,95566,35,34,117.9,"[0.5, 30.0, 31.2, 34.3, 40.2, 42.7, 44.6, 45.8, 46.9, 49.6, 73.0, 74.5, 82.8, 83.7, 85.5, 85.6, 87.3, 89.1, 89.2, 90.9, 92.7, 93.2, 94.2, 96.3, 96.4, 98.1, 99.9, 100.1, 101.7, 101.9, 103.5, 111.3, 116.2, 117.9]","['INSIDE', 'INSIDE', 'INSIDE', 'RAIL', 'RAIL', 'RAIL', 'INSIDE', 'INSIDE', 'INSIDE', 'RAIL', 'INSIDE', 'INSIDE', 'OUTSIDE', 'OUTSIDE', 'OUTSIDE', 'INSIDE', 'INSIDE', 'INSIDE', 'OUTSIDE', 'OUTSIDE', 'OUTSIDE', 'OUTSIDE', 'RAIL', 'NEAR', 'RAIL', 'INSIDE', 'OUTSIDE', 'INSIDE', 'INSIDE', 'RAIL', 'OUTSIDE', 'RAIL', 'OUTSIDE', 'RAIL']","[[0.99, 0.65, 1.67], [0.26, 0.24, 0.4], [0.7, 0.94, 0.68], [1.57, 0.44, 0.62], [0.66, 0.38, 0.21], [0.19, 0.19, 0.2], [1.63, 1.72, 0.09], [1.32, 0.88, 0.06], [0.57, 0.81, 0.03], [0.12, 0.16, 0.14], [0.4, 0.76, 0.01], [2.0, 3.99, 1.24], [0.14, 1.89, 0.17], [0.09, 0.93, 0.0], [0.09, 1.22, 0.0], [0.47, 3.46, 0.18], [0.12, 0.49, 0.0], [0.69, 0.99, 0.0], [0.08, 1.01, 0.0], [0.07, 1.03, 0.0], [1.09, 1.47, 0.01], [3.92, 2.46, 0.17], [0.05, 1.01, 0.0], [0.19, 1.19, 0.0], [0.03, 0.62, 0.0], [0.36, 0.78, 0.37], [1.38, 1.34, 0.01], [0.06, 1.01, 0.0], [0.05, 0.87, 0.0], [0.09, 1.22, 0.0], [0.05, 1.07, 0.0], [0.06, 1.07, 0.0], [0.06, 0.9, 0.0], [1.12, 1.38, 0.0]]","[4, 61, 10, 7, 8, 5, 11, 64, 68, 13, 14, 26, 31, 36, 21, 18, 41, 37, 53, 29, 33, 58, 43, 25, 54, 46, 22, 20, 59, 34, 66, 40, 62, 24]",592.6
121,1788354635095124717,921600,95608,31,31,116.2,"[0.5, 31.2, 34.4, 40.1, 40.1, 42.1, 42.7, 44.6, 45.8, 47.0, 49.6, 82.2, 83.3, 83.6, 85.5, 85.6, 87.2, 89.1, 89.2, 91.0, 93.3, 94.2, 96.3, 96.4, 98.1, 100.0, 100.0, 101.9, 103.5, 114.4, 116.2]","['INSIDE', 'INSIDE', 'INSIDE', 'INSIDE', 'RAIL', 'RAIL', 'RAIL', 'INSIDE', 'INSIDE', 'INSIDE', 'RAIL', 'INSIDE', 'OUTSIDE', 'OUTSIDE', 'NEAR', 'OUTSIDE', 'INSIDE', 'INSIDE', 'OUTSIDE', 'OUTSIDE', 'RAIL', 'RAIL', 'OUTSIDE', 'INSIDE', 'INSIDE', 'OUTSIDE', 'INSIDE', 'INSIDE', 'RAIL', 'RAIL', 'OUTSIDE']","[[1.06, 0.65, 1.76], [0.41, 0.11, 0.53], [0.27, 0.2, 0.41], [0.8, 1.02, 0.68], [0.22, 0.08, 0.25], [1.39, 0.39, 0.62], [0.76, 0.38, 0.21], [1.82, 1.72, 0.1], [1.3, 0.87, 0.06], [0.57, 0.81, 0.03], [0.12, 0.17, 0.14], [0.65, 2.82, 1.07], [0.31, 2.29, 0.16], [0.22, 1.59, 0.17], [0.06, 0.93, 0.0], [0.25, 1.22, 0.0], [0.42, 3.3, 0.18], [0.64, 0.83, 0.0], [0.04, 1.01, 0.0], [0.07, 0.86, 0.0], [0.06, 0.8, 0.0], [0.11, 1.22, 0.0], [0.54, 0.45, 0.0], [0.2, 1.19, 0.0], [0.48, 0.78, 0.37], [1.28, 1.17, 0.01], [0.07, 1.01, 0.0], [0.11, 0.87, 0.0], [0.05, 0.7, 0.0], [0.09, 1.24, 0.0], [0.05, 0.72, 0.0]]","[4, 3, 61, 10, 2, 7, 8, 11, 64, 68, 13, 26, 28, 31, 36, 21, 18, 37, 53, 29, 43, 54, 33, 25, 46, 22, 20, 59, 34, 40, 62]",627.7
122,1788354635194268456,921600,95621,33,32,116.1,"[0.5, 30.0, 31.2, 34.3, 40.3, 42.7, 44.6, 45.8, 46.9, 49.5, 83.0, 85.5, 85.6, 87.3, 87.4, 89.1, 89.3, 90.9, 92.8, 93.2, 93.7, 94.3, 96.3, 96.4, 98.1, 100.0, 100.1, 101.7, 101.9, 103.5, 114.4, 116.1]","['INSIDE', 'INSIDE', 'INSIDE', 'RAIL', 'RAIL', 'RAIL', 'INSIDE', 'INSIDE', 'INSIDE', 'RAIL', 'INSIDE', 'OUTSIDE', 'INSIDE', 'OUTSIDE', 'OUTSIDE', 'INSIDE', 'INSIDE', 'INSIDE', 'OUTSIDE', 'OUTSIDE', 'RAIL', 'RAIL', 'NEAR', 'INSIDE', 'OUTSIDE', 'OUTSIDE', 'INSIDE', 'INSIDE', 'OUTSIDE', 'RAIL', 'RAIL', 'OUTSIDE']","[[1.0, 0.65, 1.75], [0.26, 0.24, 0.41], [0.54, 0.86, 0.67], [1.55, 0.44, 0.62], [0.66, 0.38, 0.21], [0.17, 0.19, 0.2], [1.62, 1.73, 0.09], [1.38, 0.88, 0.06], [0.6, 0.81, 0.03], [0.1, 0.17, 0.13], [2.32, 5.85, 1.24], [0.17, 2.04, 0.17], [0.58, 3.22, 0.61], [0.09, 0.93, 0.0], [0.12, 0.92, 0.0], [0.26, 3.3, 0.18], [0.07, 0.49, 0.0], [0.72, 0.99, 0.0], [0.07, 1.01, 0.0], [0.07, 1.03, 0.0], [0.04, 0.8, 0.0], [0.06, 1.01, 0.0], [0.15, 1.19, 0.0], [0.33, 0.62, 0.37], [1.81, 1.76, 0.01], [1.42, 1.34, 0.01], [0.1, 1.01, 0.0], [0.13, 0.87, 0.0], [0.08, 1.07, 0.0], [0.04, 0.7, 0.0], [0.08, 1.24, 0.0], [0.04, 0.9, 0.0]]","[4, 61, 10, 7, 8, 5, 11, 64, 68, 13, 26, 31, 16, 36, 21, 18, 41, 37, 53, 29, 43, 54, 25, 46, 38, 22, 20, 59, 66, 34, 40, 62]",600.4
123,1788354635302491542,921600,95693,30,30,116.2,"[0.5, 31.2, 34.4, 40.1, 40.1, 42.1, 42.7, 44.6, 45.8, 46.9, 49.6, 82.8, 85.5, 85.6, 87.2, 89.1, 89.2, 90.9, 93.3, 93.6, 96.3, 96.4, 98.1, 99.9, 100.0, 101.7, 101.9, 103.5, 114.4, 116.2]","['INSIDE', 'INSIDE', 'INSIDE', 'INSIDE', 'RAIL', 'RAIL', 'RAIL', 'INSIDE', 'INSIDE', 'INSIDE', 'RAIL', 'INSIDE', 'OUTSIDE', 'NEAR', 'OUTSIDE', 'INSIDE', 'INSIDE', 'INSIDE', 'OUTSIDE', 'OUTSIDE', 'RAIL', 'RAIL', 'INSIDE', 'OUTSIDE', 'INSIDE', 'INSIDE', 'OUTSIDE', 'RAIL', 'RAIL', 'OUTSIDE']","[[0.42, 0.11, 0.53], [1.05, 0.65, 1.88], [0.26, 0.2, 0.4], [0.81, 1.02, 0.68], [0.24, 0.08, 0.25], [1.39, 0.39, 0.62], [0.81, 0.38, 0.21], [1.79, 1.72, 0.09], [1.32, 0.87, 0.06], [0.57, 0.81, 0.03], [0.15, 0.17, 0.15], [1.94, 4.86, 1.24], [0.26, 2.04, 0.17], [0.07, 0.93, 0.0], [0.2, 1.07, 0.0], [0.18, 2.98, 0.18], [1.8, 2.13, 0.01], [0.36, 1.24, 0.18], [0.06, 1.01, 0.0], [0.06, 0.86, 0.0], [0.06, 0.8, 0.0], [0.06, 1.02, 0.0], [0.2, 1.19, 0.0], [1.3, 1.17, 0.01], [0.08, 1.01, 0.0], [0.08, 0.87, 0.0], [0.04, 1.07, 0.0], [0.06, 0.7, 0.0], [0.08, 1.07, 0.0], [0.06, 0.9, 0.0]]","[3, 4, 61, 10, 2, 7, 8, 11, 64, 68, 13, 26, 31, 36, 21, 18, 37, 46, 53, 29, 43, 54, 25, 22, 20, 59, 66, 34, 40, 62]",534.5
124,1788354635405205582,921600,95490,38,34,116.1,"[0.5, 31.2, 34.3, 40.3, 40.3, 42.8, 44.6, 45.9, 46.9, 49.6, 71.0, 85.5, 85.6, 87.2, 87.3, 88.9, 89.2, 89.3, 91.0, 92.8, 93.3, 93.7, 94.3, 96.3, 96.4, 98.1, 99.9, 100.0, 101.8, 101.9, 103.5, 109.0, 114.4, 116.1]","['INSIDE', 'INSIDE', 'INSIDE', 'INSIDE', 'RAIL', 'RAIL', 'INSIDE', 'INSIDE', 'INSIDE', 'RAIL', 'OUTSIDE', 'OUTSIDE', 'OUTSIDE', 'INSIDE', 'OUTSIDE', 'INSIDE', 'INSIDE', 'OUTSIDE', 'OUTSIDE', 'RAIL', 'OUTSIDE', 'INSIDE', 'RAIL', 'RAIL', 'NEAR', 'INSIDE', 'INSIDE', 'OUTSIDE', 'OUTSIDE', 'INSIDE', 'OUTSIDE', 'RAIL', 'RAIL', 'OUTSIDE']","[[1.0, 0.61, 1.65], [0.25, 0.12, 0.52], [0.28, 0.24, 0.4], [0.61, 0.86, 0.67], [1.55, 0.44, 0.62], [0.63, 0.38, 0.21], [1.63, 1.73, 0.09], [1.39, 0.88, 0.06], [0.63, 0.81, 0.03], [0.14, 0.16, 0.14], [0.29, 2.04, 0.17], [0.13, 0.93, 0.0], [0.15, 1.07, 0.0], [0.32, 3.3, 0.18], [0.33, 0.63, 0.0], [0.09, 0.49, 0.0], [0.65, 0.99, 0.0], [0.09, 1.01, 0.0], [0.05, 1.03, 0.0], [0.05, 0.95, 0.0], [0.37, 2.24, 0.21], [0.48, 1.84, 0.13], [0.03, 0.6, 0.0], [0.04, 1.01, 0.0], [0.22, 1.19, 0.0], [0.31, 1.42, 0.61], [0.2, 0.62, 0.0], [1.81, 1.76, 0.01], [1.31, 1.33, 0.01], [0.17, 1.01, 0.0], [0.1, 1.07, 0.0], [0.02, 0.7, 0.0], [0.08, 1.24, 0.0], [0.06, 0.9, 0.0]]","[4, 3, 61, 10, 7, 8, 11, 64, 68, 13, 31, 36, 21, 18, 19, 41, 37, 53, 29, 24, 59, 14, 43, 54, 25, 16, 46, 38, 22, 20, 66, 34, 40, 62]",602.8
125,1788354635517143684,921600,95609,32,31,116.2,"[0.5, 31.2, 34.4, 40.1, 40.2, 42.1, 42.5, 44.6, 45.8, 46.9, 49.5, 82.9, 85.5, 85.5, 87.3, 89.1, 89.2, 90.9, 93.2, 93.7, 94.2, 96.3, 96.4, 98.1, 100.0, 100.1, 101.8, 101.8, 103.5, 114.4, 116.2]","['INSIDE', 'INSIDE', 'INSIDE', 'INSIDE', 'RAIL', 'RAIL', 'RAIL', 'INSIDE', 'INSIDE', 'INSIDE', 'RAIL', 'INSIDE', 'OUTSIDE', 'OUTSIDE', 'OUTSIDE', 'INSIDE', 'INSIDE', 'OUTSIDE', 'OUTSIDE', 'RAIL', 'RAIL', 'NEAR', 'INSIDE', 'OUTSIDE', 'OUTSIDE', 'INSIDE', 'INSIDE', 'OUTSIDE', 'RAIL', 'RAIL', 'OUTSIDE']","[[0.34, 0.11, 0.53], [1.01, 0.66, 1.67], [0.27, 0.24, 0.4], [0.72, 0.94, 0.67], [0.21, 0.08, 0.25], [1.41, 0.39, 0.62], [0.72, 0.38, 0.21], [1.83, 1.72, 0.1], [0.86, 0.58, 0.04], [0.61, 0.81, 0.03], [0.14, 0.16, 0.15], [2.04, 5.01, 1.24], [0.25, 1.74, 0.17], [0.09, 1.09, 0.0], [0.19, 1.07, 0.0], [0.39, 2.98, 0.18], [0.65, 1.16, 0.0], [0.05, 0.84, 0.0], [0.07, 0.86, 0.0], [0.04, 0.8, 0.0], [0.06, 1.02, 0.0], [0.23, 1.19, 0.0], [0.4, 0.78, 0.37], [1.79, 1.76, 0.01], [1.47, 1.34, 0.01], [0.07, 1.01, 0.0], [0.15, 0.87, 0.0], [0.1, 1.07, 0.0], [0.06, 0.7, 0.0], [0.01, 1.24, 0.0], [0.05, 0.9, 0.0]]","[3, 4, 61, 10, 2, 7, 8, 11, 64, 68, 13, 26, 31, 36, 21, 18, 37, 53, 29, 43, 54, 25, 46, 38, 22, 20, 59, 66, 34, 40, 62]",566.8
126,1788354635606765321,921600,95577,36,35,116.2,"[0.5, 30.0, 31.2, 34.3, 40.3, 40.3, 42.7, 44.6, 45.8, 46.9, 49.6, 69.5, 71.0, 82.8, 83.3, 85.5, 85.6, 87.2, 87.3, 89.0, 89.2, 89.3, 90.9, 92.7, 93.2, 93.7, 94.3, 96.3, 96.4, 98.1, 100.0, 100.0, 101.9, 103.5, 116.2]","['INSIDE', 'INSIDE', 'INSIDE', 'INSIDE', 'RAIL', 'RAIL', 'RAIL', 'INSIDE', 'INSIDE', 'INSIDE', 'RAIL', 'INSIDE', 'INSIDE', 'OUTSIDE', 'OUTSIDE', 'OUTSIDE', 'INSIDE', 'OUTSIDE', 'INSIDE', 'INSIDE', 'OUTSIDE', 'OUTSIDE', 'INSIDE', 'OUTSIDE', 'RAIL', 'NEAR', 'INSIDE', 'INSIDE', 'OUTSIDE', 'OUTSIDE', 'INSIDE', 'INSIDE', 'RAIL', 'RAIL', 'OUTSIDE']","[[0.97, 0.66, 1.75], [0.25, 0.12, 0.52], [0.26, 0.24, 0.4], [0.54, 0.86, 0.67], [1.58, 0.44, 0.62], [0.65, 0.39, 0.21], [0.19, 0.25, 0.2], [1.59, 1.73, 0.08], [1.36, 0.88, 0.06], [0.61, 0.81, 0.03], [0.14, 0.16, 0.14], [0.8, 2.27, 0.75], [1.95, 3.99, 1.24], [0.13, 2.04, 0.17], [0.1, 0.93, 0.0], [0.19, 1.07, 0.0], [0.32, 3.3, 0.18], [0.03, 0.47, 0.0], [0.08, 0.49, 0.0], [0.65, 0.99, 0.0], [0.05, 1.01, 0.0], [0.08, 1.03, 0.0], [0.36, 1.84, 0.13], [0.67, 1.47, 0.01], [0.05, 1.01, 0.0], [0.18, 1.19, 0.0], [0.28, 1.42, 0.61], [0.14, 0.62, 0.0], [1.83, 1.76, 0.01], [1.42, 1.34, 0.01], [0.1, 1.01, 0.0], [0.11, 0.87, 0.0], [0.06, 1.05, 0.0], [0.12, 1.24, 0.0], [0.04, 0.9, 0.0]]","[4, 3, 61, 10, 7, 8, 5, 11, 64, 68, 13, 14, 26, 31, 36, 21, 18, 19, 41, 37, 53, 29, 58, 33, 54, 25, 16, 46, 38, 22, 20, 59, 34, 40, 62]",582.5
127,1788354635715054106,921600,95555,37,34,116.2,"[0.5, 31.2, 34.4, 40.2, 40.2, 42.7, 44.6, 45.9, 46.9, 49.6, 71.3, 82.8, 83.6, 85.5, 85.6, 87.3, 89.0, 89.1, 89.3, 90.9, 92.7, 93.3, 93.7, 94.2, 96.3, 96.4, 98.1, 98.3, 100.0, 100.0, 101.6, 101.8, 109.0, 116.2]","['INSIDE', 'INSIDE', 'INSIDE', 'INSIDE', 'RAIL', 'RAIL', 'INSIDE', 'INSIDE', 'INSIDE', 'RAIL', 'INSIDE', 'OUTSIDE', 'OUTSIDE', 'OUTSIDE', 'INSIDE', 'OUTSIDE', 'INSIDE', 'INSIDE', 'OUTSIDE', 'OUTSIDE', 'RAIL', 'INSIDE', 'OUTSIDE', 'RAIL', 'NEAR', 'INSIDE', 'OUTSIDE', 'OUTSIDE', 'INSIDE', 'INSIDE', 'INSIDE', 'RAIL', 'RAIL', 'RAIL']","[[0.27, 0.11, 0.53], [1.0, 0.65, 1.76], [0.26, 0.24, 0.4], [0.67, 0.94, 0.67], [1.38, 0.39, 0.62], [0.72, 0.38, 0.21], [1.75, 1.73, 0.09], [1.35, 0.87, 0.06], [0.64, 0.82, 0.03], [0.16, 0.17, 0.15], [1.97, 3.88, 1.24], [0.2, 1.74, 0.17], [0.11, 1.09, 0.0], [0.16, 0.92, 0.0], [0.27, 2.98, 0.18], [0.03, 0.47, 0.0], [0.12, 0.48, 0.0], [0.73, 0.99, 0.0], [0.09, 1.01, 0.0], [0.06, 1.03, 0.0], [0.08, 0.95, 0.0], [0.76, 1.79, 0.77], [1.13, 1.47, 0.01], [0.08, 1.02, 0.0], [0.18, 1.19, 0.0], [0.33, 0.62, 0.37], [1.79, 1.76, 0.01], [1.32, 1.33, 0.01], [0.21, 1.01, 0.0], [0.35, 1.2, 0.0], [0.06, 0.7, 0.0], [0.07, 0.87, 0.0], [0.26, 1.43, 0.29], [0.05, 1.07, 0.0]]","[3, 4, 61, 10, 7, 8, 11, 64, 68, 13, 26, 31, 36, 21, 18, 19, 41, 37, 53, 29, 24, 58, 33, 54, 25, 46, 38, 22, 20, 59, 66, 34, 62, 40]",508.6
128,1788354635805086583,921600,95588,34,33,116.1,"[0.5, 31.2, 34.3, 34.5, 40.0, 42.1, 42.6, 44.6, 45.7, 46.9, 49.6, 69.5, 82.2, 83.4, 83.7, 85.5, 85.6, 87.3, 89.0, 89.2, 90.9, 93.1, 94.2, 96.3, 96.4, 98.1, 100.0, 100.0, 101.7, 101.8, 103.5, 114.4, 116.1]","['INSIDE', 'INSIDE', 'INSIDE', 'INSIDE', 'RAIL', 'RAIL', 'RAIL', 'INSIDE', 'INSIDE', 'INSIDE', 'RAIL', 'INSIDE', 'INSIDE', 'OUTSIDE', 'OUTSIDE', 'OUTSIDE', 'OUTSIDE', 'INSIDE', 'INSIDE', 'INSIDE', 'OUTSIDE', 'OUTSIDE', 'RAIL', 'OUTSIDE', 'RAIL', 'INSIDE', 'OUTSIDE', 'INSIDE', 'INSIDE', 'RAIL', 'OUTSIDE', 'RAIL', 'OUTSIDE']","[[1.0, 1.53, 2.38], [1.03, 0.65, 1.75], [0.26, 0.24, 0.4], [0.83, 1.02, 0.68], [0.23, 0.08, 0.25], [1.55, 0.44, 0.62], [0.66, 0.38, 0.21], [1.71, 1.72, 0.09], [1.26, 0.87, 0.05], [0.51, 0.81, 0.02], [0.14, 0.16, 0.14], [0.79, 2.27, 0.75], [0.65, 3.85, 1.24], [0.33, 2.3, 0.16], [0.19, 1.89, 0.17], [0.05, 1.09, 0.0], [0.1, 0.92, 0.0], [0.33, 3.14, 0.18], [0.37, 1.24, 0.37], [0.7, 1.16, 0.0], [0.04, 1.01, 0.0], [0.07, 0.86, 0.0], [0.06, 0.8, 0.0], [0.8, 0.74, 0.01], [0.05, 1.01, 0.0], [0.14, 1.19, 0.0], [1.36, 1.17, 0.01], [0.06, 0.84, 0.0], [0.09, 1.05, 0.0], [0.06, 0.87, 0.0], [0.03, 1.07, 0.0], [0.03, 1.07, 0.0], [0.03, 0.72, 0.0]]","[7, 4, 61, 10, 2, 8, 5, 11, 64, 68, 13, 14, 26, 28, 31, 36, 21, 18, 46, 37, 53, 29, 43, 33, 54, 25, 22, 20, 66, 34, 62, 40, 67]",517.0
129,1788354635901216440,921600,95657,30,30,116.1,"[0.5, 31.1, 34.4, 40.1, 40.3, 42.6, 44.6, 45.8, 46.9, 49.5, 80.1, 82.8, 83.4, 85.5, 85.6, 87.3, 89.1, 89.2, 91.0, 93.3, 93.6, 96.3, 96.4, 98.1, 100.0, 100.0, 101.8, 103.5, 114.4, 116.1]","['INSIDE', 'INSIDE', 'INSIDE', 'INSIDE', 'RAIL', 'RAIL', 'INSIDE', 'INSIDE', 'INSIDE', 'RAIL', 'INSIDE', 'INSIDE', 'OUTSIDE', 'NEAR', 'OUTSIDE', 'INSIDE', 'INSIDE', 'INSIDE', 'OUTSIDE', 'OUTSIDE', 'RAIL', 'OUTSIDE', 'RAIL', 'INSIDE', 'OUTSIDE', 'INSIDE', 'INSIDE', 'RAIL', 'RAIL', 'OUTSIDE']","[[0.44, 0.1, 0.6], [1.03, 0.65, 1.76], [0.27, 0.2, 0.41], [0.79, 1.02, 0.67], [1.39, 0.39, 0.62], [0.77, 0.38, 0.21], [1.33, 1.58, 0.07], [1.29, 0.87, 0.05], [0.56, 0.81, 0.02], [0.15, 0.16, 0.15], [1.92, 3.74, 1.09], [0.32, 0.69, 0.0], [0.21, 1.59, 0.17], [0.07, 0.93, 0.0], [0.13, 1.07, 0.0], [0.27, 3.14, 0.18], [1.83, 2.13, 0.01], [0.4, 1.24, 0.37], [0.06, 1.01, 0.0], [0.04, 0.86, 0.0], [0.06, 0.8, 0.0], [0.73, 0.74, 0.01], [0.05, 1.22, 0.0], [0.22, 1.19, 0.0], [1.31, 1.17, 0.01], [0.04, 0.84, 0.0], [0.12, 0.87, 0.0], [0.06, 1.05, 0.0], [0.03, 1.07, 0.0], [0.08, 0.91, 0.0]]","[3, 4, 61, 10, 8, 5, 11, 64, 68, 13, 26, 33, 31, 36, 21, 18, 37, 46, 53, 29, 43, 25, 54, 16, 22, 20, 66, 34, 40, 67]",563.9
130,1788354635996726321,921600,95485,30,29,116.1,"[0.5, 31.2, 34.3, 34.5, 40.2, 42.6, 44.6, 45.9, 46.9, 49.6, 83.0, 83.4, 85.5, 85.6, 87.3, 89.1, 89.2, 90.9, 93.1, 94.2, 96.3, 96.4, 98.1, 100.0, 100.1, 101.7, 101.8, 103.5, 116.1]","['INSIDE', 'INSIDE', 'INSIDE', 'INSIDE', 'RAIL', 'RAIL', 'INSIDE', 'INSIDE', 'INSIDE', 'RAIL', 'INSIDE', 'OUTSIDE', 'OUTSIDE', 'OUTSIDE', 'INSIDE', 'INSIDE', 'INSIDE', 'OUTSIDE', 'OUTSIDE', 'OUTSIDE', 'RAIL', 'INSIDE', 'OUTSIDE', 'INSIDE', 'INSIDE', 'RAIL', 'OUTSIDE', 'RAIL', 'OUTSIDE']","[[1.0, 1.53, 2.38], [1.04, 0.66, 1.67], [0.28, 0.24, 0.41], [0.77, 1.02, 0.68], [1.55, 0.44, 0.62], [0.67, 0.38, 0.21], [1.26, 1.58, 0.07], [1.26, 0.87, 0.05], [0.99, 0.99, 0.04], [0.14, 0.16, 0.16], [2.2, 3.85, 1.24], [0.18, 1.89, 0.17], [0.1, 1.09, 0.0], [0.08, 0.92, 0.0], [0.44, 3.46, 0.18], [0.41, 0.94, 0.37], [0.68, 0.99, 0.0], [0.04, 1.01, 0.0], [0.05, 0.86, 0.0], [0.78, 0.74, 0.01], [0.05, 1.01, 0.0], [0.14, 1.19, 0.0], [1.28, 1.17, 0.01], [0.05, 0.84, 0.0], [0.07, 1.05, 0.0], [0.13, 1.05, 0.0], [0.04, 1.06, 0.0], [0.04, 1.07, 0.0], [0.03, 0.72, 0.0]]","[7, 4, 61, 10, 8, 5, 11, 64, 68, 13, 26, 31, 36, 21, 18, 46, 37, 53, 29, 25, 54, 16, 22, 20, 66, 34, 62, 40, 67]",603.8
131,1788354636099177826,921600,95541,33,33,116.1,"[0.5, 30.7, 34.3, 34.5, 40.0, 40.1, 42.1, 42.6, 44.6, 45.7, 46.9, 49.4, 80.1, 82.2, 83.6, 83.7, 85.5, 85.6, 87.3, 89.1, 89.2, 90.9, 93.5, 96.3, 96.4, 98.0, 99.9, 100.0, 101.7, 101.8, 103.5, 114.4, 116.1]","['INSIDE', 'INSIDE', 'INSIDE', 'INSIDE', 'INSIDE', 'RAIL', 'RAIL', 'RAIL', 'INSIDE', 'INSIDE', 'INSIDE', 'RAIL', 'INSIDE', 'INSIDE', 'OUTSIDE', 'OUTSIDE', 'NEAR', 'OUTSIDE', 'INSIDE', 'INSIDE', 'INSIDE', 'OUTSIDE', 'OUTSIDE', 'RAIL', 'OUTSIDE', 'RAIL', 'INSIDE', 'INSIDE', 'INSIDE', 'OUTSIDE', 'RAIL', 'RAIL', 'OUTSIDE']","[[0.98, 1.53, 2.38], [0.45, 0.11, 0.53], [1.01, 0.65, 1.76], [0.28, 0.2, 0.41], [0.83, 1.02, 0.67], [0.23, 0.08, 0.25], [1.55, 0.44, 0.62], [1.67, 0.55, 0.21], [1.77, 1.72, 0.09], [1.25, 0.87, 0.05], [0.53, 0.81, 0.02], [0.14, 0.17, 0.14], [0.63, 2.82, 1.07], [0.31, 0.69, 0.0], [0.19, 2.29, 0.16], [0.21, 1.59, 0.17], [0.05, 0.93, 0.0], [0.12, 0.92, 0.0], [0.26, 3.14, 0.18], [1.99, 3.39, 0.19], [0.32, 1.24, 0.37], [0.04, 0.84, 0.0], [0.18, 0.86, 0.0], [0.03, 0.8, 0.0], [1.08, 0.74, 0.01], [0.04, 1.01, 0.0], [0.12, 1.19, 0.0], [0.06, 0.84, 0.0], [0.07, 0.87, 0.0], [0.03, 1.07, 0.0], [0.08, 0.87, 0.0], [0.02, 1.07, 0.0], [0.02, 0.72, 0.0]]","[7, 3, 4, 61, 10, 2, 8, 5, 11, 64, 68, 13, 26, 33, 28, 31, 36, 21, 18, 37, 46, 53, 29, 43, 25, 54, 16, 20, 66, 62, 34, 40, 67]",562.6
132,1788354636196438963,921600,95501,31,31,116.1,"[0.5, 34.3, 34.4, 38.0, 40.1, 40.3, 42.6, 44.6, 45.7, 46.9, 49.5, 82.8, 85.5, 85.6, 87.3, 89.0, 89.2, 90.8, 90.9, 93.2, 93.6, 96.3, 96.4, 98.1, 99.9, 100.0, 101.7, 101.9, 103.5, 114.3, 116.1]","['INSIDE', 'INSIDE', 'INSIDE', 'INSIDE', 'INSIDE', 'RAIL', 'INSIDE', 'INSIDE', 'INSIDE', 'INSIDE', 'RAIL', 'INSIDE', 'OUTSIDE', 'OUTSIDE', 'NEAR', 'OUTSIDE', 'OUTSIDE', 'INSIDE', 'INSIDE', 'OUTSIDE', 'OUTSIDE', 'OUTSIDE', 'RAIL', 'RAIL', 'NEAR', 'OUTSIDE', 'INSIDE', 'RAIL', 'OUTSIDE', 'RAIL', 'OUTSIDE']","[[0.87, 1.41, 2.37], [1.06, 0.65, 1.67], [0.34, 0.11, 0.53], [0.28, 0.24, 0.41], [0.64, 0.94, 0.67], [1.56, 0.44, 0.62], [0.35, 0.92, 0.02], [1.63, 1.6, 0.09], [1.15, 0.87, 0.05], [0.98, 0.98, 0.04], [0.14, 0.16, 0.14], [1.99, 4.85, 1.09], [0.31, 2.36, 0.17], [0.21, 0.6, 0.0], [0.06, 0.93, 0.0], [0.17, 0.92, 0.0], [0.87, 2.66, 0.19], [2.22, 4.23, 0.2], [0.34, 1.24, 0.37], [0.04, 1.01, 0.0], [0.07, 0.69, 0.0], [0.29, 2.07, 0.21], [0.04, 0.8, 0.0], [0.01, 0.81, 0.0], [0.32, 1.12, 0.0], [1.27, 1.01, 0.01], [0.03, 0.67, 0.0], [0.07, 1.05, 0.0], [0.07, 1.07, 0.0], [0.09, 1.24, 0.0], [0.03, 0.54, 0.0]]","[7, 4, 3, 61, 10, 8, 11, 64, 68, 2, 13, 26, 16, 31, 36, 21, 18, 41, 46, 53, 29, 66, 43, 54, 19, 22, 20, 34, 62, 40, 67]",481.6
133,1788354636298638887,921600,95620,32,32,116.1,"[0.5, 30.7, 34.3, 34.5, 40.1, 40.2, 42.6, 44.6, 45.7, 46.9, 49.5, 80.0, 82.8, 83.7, 85.5, 85.6, 87.3, 89.0, 89.2, 90.9, 90.9, 93.5, 96.3, 96.4, 98.1, 100.0, 100.1, 101.7, 101.8, 103.5, 114.4, 116.1]","['INSIDE', 'INSIDE', 'INSIDE', 'INSIDE', 'INSIDE', 'RAIL', 'RAIL', 'INSIDE', 'INSIDE', 'INSIDE', 'RAIL', 'INSIDE', 'INSIDE', 'OUTSIDE', 'OUTSIDE', 'OUTSIDE', 'NEAR', 'OUTSIDE', 'INSIDE', 'INSIDE', 'OUTSIDE', 'OUTSIDE', 'RAIL', 'RAIL', 'INSIDE', 'NEAR', 'INSIDE', 'INSIDE', 'RAIL', 'OUTSIDE', 'RAIL', 'OUTSIDE']","[[0.97, 1.53, 2.37], [0.51, 0.1, 0.6], [1.02, 0.65, 1.76], [0.26, 0.2, 0.4], [0.65, 0.94, 0.67], [1.55, 0.44, 0.62], [1.68, 0.55, 0.21], [1.28, 1.58, 0.07], [1.21, 0.87, 0.05], [0.54, 0.81, 0.02], [0.14, 0.16, 0.14], [1.93, 4.09, 1.07], [0.39, 0.41, 0.0], [0.2, 2.29, 0.16], [0.2, 2.21, 0.17], [0.31, 0.9, 0.0], [0.1, 1.09, 0.0], [0.18, 1.07, 0.0], [0.23, 0.95, 0.0], [2.12, 3.23, 0.19], [0.09, 1.01, 0.0], [0.05, 0.69, 0.0], [0.06, 0.8, 0.0], [0.07, 1.01, 0.0], [0.32, 0.78, 0.37], [0.15, 0.95, 0.0], [0.04, 0.84, 0.0], [0.12, 1.05, 0.0], [0.08, 0.87, 0.0], [0.08, 1.07, 0.0], [0.03, 1.24, 0.0], [0.04, 0.72, 0.0]]","[7, 3, 4, 61, 10, 8, 5, 64, 68, 2, 13, 26, 33, 28, 16, 31, 36, 21, 18, 37, 53, 29, 43, 54, 46, 19, 20, 66, 34, 62, 40, 67]",489.5
134,1788354636393576067,921600,95610,33,30,116.1,"[0.4, 33.1, 34.3, 34.4, 38.1, 40.1, 40.1, 42.1, 44.6, 46.9, 49.5, 80.1, 82.8, 85.5, 85.6, 87.2, 89.1, 89.2, 90.9, 93.5, 96.3, 96.4, 98.1, 100.0, 100.0, 101.7, 101.8, 107.2, 114.4, 116.1]","['INSIDE', 'INSIDE', 'INSIDE', 'INSIDE', 'INSIDE', 'RAIL', 'RAIL', 'INSIDE', 'INSIDE', 'INSIDE', 'RAIL', 'INSIDE', 'INSIDE', 'OUTSIDE', 'OUTSIDE', 'NEAR', 'OUTSIDE', 'INSIDE', 'INSIDE', 'OUTSIDE', 'OUTSIDE', 'RAIL', 'RAIL', 'RAIL', 'NEAR', 'INSIDE', 'NEAR', 'RAIL', 'OUTSIDE', 'RAIL']","[[0.88, 1.41, 2.36], [1.03, 0.66, 1.76], [0.36, 0.11, 0.6], [0.27, 0.24, 0.41], [0.85, 1.02, 0.68], [0.26, 0.1, 0.25], [1.55, 0.44, 0.62], [1.62, 2.71, 0.64], [0.67, 1.72, 0.03], [1.9, 1.73, 0.1], [0.19, 0.16, 0.15], [1.95, 5.01, 1.09], [0.31, 0.69, 0.0], [0.21, 2.36, 0.17], [0.3, 0.9, 0.0], [0.08, 0.93, 0.0], [0.24, 1.07, 0.0], [2.12, 3.2, 0.19], [0.51, 1.24, 0.37], [0.03, 1.01, 0.0], [0.04, 0.69, 0.0], [0.04, 1.12, 0.0], [0.06, 0.8, 0.0], [0.02, 0.81, 0.0], [0.16, 1.11, 0.0], [0.06, 0.5, 0.0], [0.24, 1.23, 0.0], [0.08, 1.05, 0.0], [0.03, 1.07, 0.0], [0.03, 1.24, 0.0]]","[7, 4, 3, 61, 10, 64, 8, 11, 68, 2, 13, 26, 33, 16, 31, 36, 21, 37, 46, 53, 29, 24, 43, 54, 19, 20, 66, 34, 62, 40]",694.6
135,1788354636493480963,921600,95568,30,28,116.1,"[0.5, 31.1, 33.5, 34.3, 34.4, 38.1, 39.8, 40.3, 42.1, 44.6, 49.4, 80.0, 82.8, 85.5, 85.6, 87.2, 89.1, 90.9, 93.6, 96.3, 96.4, 98.1, 99.9, 100.0, 101.9, 103.5, 114.4, 116.1]","['INSIDE', 'INSIDE', 'INSIDE', 'INSIDE', 'RAIL', 'RAIL', 'RAIL', 'INSIDE', 'INSIDE', 'INSIDE', 'RAIL', 'INSIDE', 'INSIDE', 'OUTSIDE', 'INSIDE', 'OUTSIDE', 'INSIDE', 'OUTSIDE', 'OUTSIDE', 'RAIL', 'RAIL', 'INSIDE', 'NEAR', 'INSIDE', 'INSIDE', 'RAIL', 'RAIL', 'OUTSIDE']","[[0.86, 1.41, 2.36], [1.08, 0.1, 0.6], [0.31, 0.2, 0.41], [0.88, 1.02, 0.68], [0.24, 0.1, 0.25], [1.56, 0.44, 0.62], [0.88, 0.38, 0.21], [1.36, 1.86, 0.65], [0.74, 1.71, 0.04], [1.6, 1.59, 0.09], [0.16, 0.16, 0.14], [1.98, 4.38, 1.07], [0.37, 0.56, 0.0], [0.19, 1.05, 0.0], [0.39, 3.54, 0.37], [0.09, 0.76, 0.0], [2.03, 3.23, 0.19], [0.04, 1.01, 0.0], [0.04, 0.52, 0.0], [0.05, 0.8, 0.0], [0.03, 0.81, 0.0], [0.18, 1.04, 0.0], [0.06, 0.95, 0.0], [0.06, 0.5, 0.0], [0.06, 0.87, 0.0], [0.05, 1.05, 0.0], [0.13, 1.24, 0.0], [0.0, 0.54, 0.0]]","[7, 3, 61, 10, 64, 8, 5, 11, 68, 2, 13, 26, 33, 31, 46, 21, 37, 53, 29, 43, 54, 16, 19, 20, 66, 34, 40, 67]",776.6
136,1788354636602180431,921600,95637,32,30,116.1,"[0.5, 33.2, 34.3, 34.4, 38.1, 40.1, 40.3, 42.1, 44.6, 46.9, 49.5, 82.8, 85.5, 85.6, 87.2, 87.3, 89.0, 89.2, 91.0, 93.5, 96.3, 96.4, 98.0, 100.0, 100.1, 101.7, 101.9, 107.2, 114.4, 116.1]","['INSIDE', 'INSIDE', 'INSIDE', 'INSIDE', 'INSIDE', 'RAIL', 'RAIL', 'INSIDE', 'INSIDE', 'INSIDE', 'RAIL', 'INSIDE', 'OUTSIDE', 'INSIDE', 'NEAR', 'OUTSIDE', 'INSIDE', 'INSIDE', 'OUTSIDE', 'OUTSIDE', 'RAIL', 'RAIL', 'RAIL', 'INSIDE', 'NEAR', 'INSIDE', 'NEAR', 'RAIL', 'OUTSIDE', 'RAIL']","[[0.87, 1.41, 2.36], [0.4, 0.11, 0.6], [1.06, 0.65, 1.67], [0.27, 0.2, 0.41], [0.84, 1.02, 0.68], [0.28, 0.1, 0.25], [1.57, 0.44, 0.62], [1.82, 2.71, 0.65], [0.67, 1.58, 0.03], [1.55, 1.59, 0.08], [0.16, 0.16, 0.14], [1.96, 5.01, 1.09], [0.27, 1.74, 0.17], [0.44, 2.91, 0.61], [0.07, 0.93, 0.0], [0.12, 0.92, 0.0], [2.21, 5.28, 0.39], [0.35, 1.24, 0.18], [0.05, 0.84, 0.0], [0.12, 0.69, 0.0], [0.03, 1.12, 0.0], [0.07, 0.8, 0.0], [0.04, 0.81, 0.0], [0.19, 1.19, 0.0], [0.23, 1.12, 0.0], [0.07, 0.5, 0.0], [0.24, 1.23, 0.0], [0.16, 1.22, 0.0], [0.02, 1.07, 0.0], [0.07, 1.24, 0.0]]","[7, 3, 4, 61, 10, 64, 8, 11, 68, 2, 13, 26, 31, 16, 36, 21, 41, 46, 53, 29, 24, 43, 54, 25, 19, 20, 66, 34, 62, 40]",540.4
137,1788354636705038075,921600,95584,32,29,116.1,"[0.5, 31.1, 33.5, 34.3, 34.4, 38.0, 39.8, 40.3, 42.1, 44.6, 46.9, 49.4, 72.9, 79.9, 82.8, 85.5, 85.5, 87.2, 89.0, 90.9, 96.3, 96.4, 98.1, 100.0, 100.0, 101.9, 103.5, 114.3, 116.1]","['INSIDE', 'INSIDE', 'INSIDE', 'INSIDE', 'INSIDE', 'RAIL', 'RAIL', 'RAIL', 'INSIDE', 'INSIDE', 'INSIDE', 'RAIL', 'INSIDE', 'INSIDE', 'OUTSIDE', 'INSIDE', 'OUTSIDE', 'OUTSIDE', 'OUTSIDE', 'OUTSIDE', 'OUTSIDE', 'RAIL', 'RAIL', 'NEAR', 'INSIDE', 'NEAR', 'RAIL', 'RAIL', 'OUTSIDE']","[[0.9, 1.41, 2.36], [1.11, 0.1, 0.6], [1.02, 0.65, 1.76], [0.27, 0.2, 0.41], [0.86, 1.02, 0.67], [0.27, 0.1, 0.25], [1.55, 0.44, 0.62], [0.9, 0.38, 0.21], [1.33, 1.86, 0.65], [0.73, 1.71, 0.04], [1.57, 1.59, 0.08], [0.14, 0.15, 0.14], [2.07, 5.01, 1.09], [0.49, 0.56, 0.0], [0.22, 2.36, 0.17], [0.4, 3.54, 0.37], [0.17, 0.75, 0.0], [0.13, 0.92, 0.0], [0.09, 1.01, 0.0], [0.04, 0.51, 0.0], [0.46, 1.88, 0.14], [0.04, 0.8, 0.0], [0.02, 0.81, 0.0], [0.09, 0.95, 0.0], [0.05, 0.67, 0.0], [0.11, 1.05, 0.0], [0.07, 1.05, 0.0], [0.09, 1.24, 0.0], [0.01, 0.54, 0.0]]","[7, 3, 4, 61, 10, 64, 8, 5, 11, 68, 2, 13, 26, 33, 25, 46, 31, 21, 53, 29, 14, 43, 54, 19, 20, 66, 34, 40, 67]",677.6
138,1788354636802502406,921600,95652,35,32,116.1,"[0.4, 31.1, 34.3, 34.4, 38.1, 40.3, 42.1, 44.6, 46.9, 49.5, 80.1, 82.8, 83.6, 85.5, 85.6, 87.2, 89.0, 89.2, 90.7, 90.8, 93.6, 96.3, 96.4, 98.1, 100.0, 100.0, 101.7, 101.8, 103.5, 107.2, 114.4, 116.1]","['INSIDE', 'INSIDE', 'INSIDE', 'INSIDE', 'RAIL', 'RAIL', 'RAIL', 'INSIDE', 'INSIDE', 'RAIL', 'INSIDE', 'INSIDE', 'OUTSIDE', 'OUTSIDE', 'NEAR', 'OUTSIDE', 'OUTSIDE', 'INSIDE', 'INSIDE', 'OUTSIDE', 'OUTSIDE', 'RAIL', 'RAIL', 'RAIL', 'INSIDE', 'NEAR', 'INSIDE', 'NEAR', 'RAIL', 'OUTSIDE', 'RAIL', 'OUTSIDE']","[[0.85, 1.41, 2.36], [1.06, 0.65, 1.76], [0.25, 0.2, 0.4], [1.06, 1.1, 0.68], [0.28, 0.1, 0.25], [1.6, 0.44, 0.62], [0.82, 0.38, 0.21], [0.64, 1.59, 0.03], [1.56, 1.59, 0.08], [0.16, 0.16, 0.15], [1.95, 4.09, 1.07], [0.19, 0.56, 0.0], [0.33, 2.29, 0.16], [0.24, 1.74, 0.17], [0.06, 0.93, 0.0], [0.09, 0.76, 0.0], [0.87, 2.66, 0.19], [1.9, 3.04, 0.19], [0.31, 1.24, 0.37], [0.05, 1.01, 0.0], [0.07, 0.69, 0.0], [0.06, 1.12, 0.0], [0.04, 0.8, 0.0], [0.04, 0.81, 0.0], [0.19, 1.19, 0.0], [0.3, 1.11, 0.0], [0.06, 0.5, 0.0], [0.23, 1.23, 0.0], [0.16, 1.22, 0.0], [0.02, 1.07, 0.0], [0.05, 1.07, 0.0], [0.02, 0.54, 0.0]]","[7, 4, 61, 10, 64, 8, 5, 68, 2, 13, 26, 33, 28, 31, 36, 21, 18, 37, 46, 53, 29, 24, 43, 54, 25, 19, 20, 66, 34, 62, 40, 67]",542.6
139,1788354636900805497,921600,95611,38,34,116.1,"[0.5, 31.1, 34.3, 34.4, 38.1, 39.4, 40.3, 42.1, 44.6, 49.5, 71.2, 80.0, 82.1, 83.4, 83.6, 83.7, 85.5, 85.6, 87.2, 89.1, 90.8, 90.9, 93.2, 93.6, 96.3, 96.4, 98.0, 100.0, 100.0, 101.7, 101.8, 103.5, 114.4, 116.1]","['INSIDE', 'INSIDE', 'INSIDE', 'INSIDE', 'RAIL', 'RAIL', 'RAIL', 'INSIDE', 'INSIDE', 'RAIL', 'OUTSIDE', 'INSIDE', 'INSIDE', 'OUTSIDE', 'OUTSIDE', 'OUTSIDE', 'INSIDE', 'INSIDE', 'OUTSIDE', 'OUTSIDE', 'INSIDE', 'OUTSIDE', 'OUTSIDE', 'OUTSIDE', 'RAIL', 'RAIL', 'NEAR', 'OUTSIDE', 'INSIDE', 'NEAR', 'RAIL', 'OUTSIDE', 'RAIL', 'OUTSIDE']","[[0.91, 1.41, 2.36], [1.81, 0.1, 0.6], [0.28, 0.2, 0.41], [0.88, 1.02, 0.68], [0.25, 0.1, 0.25], [1.61, 0.44, 0.62], [0.88, 0.38, 0.21], [0.69, 1.72, 0.04], [1.63, 1.6, 0.09], [0.13, 0.16, 0.13], [0.18, 0.74, 0.0], [0.67, 2.96, 1.07], [0.39, 0.56, 0.0], [0.1, 0.44, 0.0], [0.3, 1.74, 0.16], [0.2, 2.36, 0.17], [0.09, 0.59, 0.0], [0.4, 3.54, 0.37], [0.14, 0.92, 0.0], [0.89, 2.66, 0.19], [1.79, 1.98, 0.01], [0.05, 1.01, 0.0], [0.22, 0.69, 0.0], [0.8, 0.89, 0.01], [0.07, 0.8, 0.0], [0.04, 0.81, 0.0], [0.3, 1.12, 0.0], [1.27, 1.01, 0.01], [0.04, 0.67, 0.0], [0.16, 1.05, 0.0], [0.08, 1.05, 0.0], [0.04, 1.06, 0.0], [0.07, 1.24, 0.0], [0.02, 0.54, 0.0]]","[7, 3, 61, 10, 64, 8, 5, 68, 2, 13, 14, 26, 33, 28, 31, 25, 21, 46, 16, 18, 37, 53, 29, 36, 43, 54, 19, 22, 20, 66, 34, 62, 40, 67]",516.4
140,1788354637101902990,921600,95656,39,34,116.1,"[0.5, 31.1, 33.2, 34.3, 34.4, 38.1, 39.4, 40.1, 42.1, 44.6, 49.5, 75.2, 80.0, 82.8, 83.4, 83.7, 85.5, 85.6, 87.2, 89.1, 90.8, 90.9, 93.2, 93.6, 96.3, 96.4, 98.0, 99.9, 100.0, 101.7, 101.8, 103.5, 114.4, 116.1]","['INSIDE', 'INSIDE', 'INSIDE', 'INSIDE', 'RAIL', 'RAIL', 'RAIL', 'INSIDE', 'INSIDE', 'INSIDE', 'RAIL', 'NEAR', 'INSIDE', 'INSIDE', 'OUTSIDE', 'OUTSIDE', 'INSIDE', 'OUTSIDE', 'OUTSIDE', 'INSIDE', 'OUTSIDE', 'OUTSIDE', 'OUTSIDE', 'RAIL', 'RAIL', 'INSIDE', 'NEAR', 'OUTSIDE', 'INSIDE', 'INSIDE', 'RAIL', 'OUTSIDE', 'RAIL', 'OUTSIDE']","[[0.87, 1.41, 2.36], [1.8, 0.1, 0.6], [0.27, 0.2, 0.4], [0.94, 1.02, 0.68], [0.21, 0.1, 0.25], [1.57, 0.44, 0.62], [0.87, 0.38, 0.21], [1.92, 2.71, 0.65], [0.72, 1.58, 0.04], [1.97, 1.74, 0.1], [0.14, 0.16, 0.14], [1.55, 1.02, 0.02], [1.94, 2.96, 1.07], [0.32, 0.56, 0.0], [0.09, 0.44, 0.0], [0.22, 1.74, 0.17], [0.36, 3.07, 0.37], [0.13, 0.92, 0.0], [0.93, 2.66, 0.19], [2.0, 2.14, 0.01], [0.05, 0.84, 0.0], [0.09, 0.69, 0.0], [0.82, 0.89, 0.01], [0.05, 0.6, 0.0], [0.03, 0.81, 0.0], [0.21, 1.19, 0.0], [0.29, 1.12, 0.0], [1.26, 1.01, 0.01], [0.07, 0.67, 0.0], [0.04, 0.87, 0.0], [0.09, 1.05, 0.0], [0.02, 1.07, 0.0], [0.04, 1.07, 0.0], [0.02, 0.54, 0.0]]","[7, 3, 61, 10, 64, 8, 5, 11, 68, 2, 13, 14, 26, 33, 28, 31, 46, 16, 18, 37, 53, 29, 36, 43, 54, 25, 19, 22, 20, 66, 34, 62, 40, 67]",686.0
141,1788354637196482970,921600,95531,33,29,116.1,"[0.4, 34.3, 34.4, 38.0, 40.1, 40.3, 44.6, 46.9, 49.4, 80.1, 82.8, 85.5, 85.6, 87.3, 89.0, 89.2, 90.9, 93.2, 93.6, 96.3, 96.4, 98.1, 100.0, 100.1, 101.8, 103.5, 107.2, 114.3, 116.1]","['RAIL', 'INSIDE', 'INSIDE', 'INSIDE', 'INSIDE', 'INSIDE', 'RAIL', 'INSIDE', 'INSIDE', 'INSIDE', 'INSIDE', 'OUTSIDE', 'NEAR', 'OUTSIDE', 'INSIDE', 'OUTSIDE', 'OUTSIDE', 'RAIL', 'RAIL', 'RAIL', 'INSIDE', 'INSIDE', 'NEAR', 'OUTSIDE', 'INSIDE', 'NEAR', 'RAIL', 'RAIL', 'OUTSIDE']","[[0.13, 0.15, 0.09], [0.87, 1.41, 2.36], [1.01, 0.65, 1.67], [0.39, 0.11, 0.6], [0.28, 0.24, 0.41], [1.08, 1.1, 0.68], [1.59, 0.44, 0.62], [0.34, 0.92, 0.02], [1.56, 1.59, 0.08], [1.93, 5.01, 1.09], [0.3, 0.69, 0.0], [0.31, 0.9, 0.0], [0.12, 1.09, 0.0], [0.13, 1.07, 0.0], [1.88, 2.14, 0.01], [0.04, 1.01, 0.0], [0.14, 2.2, 0.21], [0.08, 1.12, 0.0], [0.04, 0.8, 0.0], [0.03, 0.81, 0.0], [0.24, 1.19, 0.0], [0.23, 1.24, 0.37], [0.49, 1.28, 0.0], [1.35, 1.01, 0.01], [0.05, 0.5, 0.0], [0.26, 1.23, 0.0], [0.17, 1.22, 0.0], [0.03, 1.07, 0.0], [0.04, 0.54, 0.0]]","[13, 7, 4, 3, 61, 10, 8, 68, 2, 26, 33, 31, 46, 16, 37, 53, 29, 24, 43, 54, 25, 19, 22, 41, 20, 66, 34, 40, 67]",797.3
142,1788354637297634667,921600,95664,33,29,116.1,"[0.4, 31.1, 33.5, 34.3, 34.4, 38.0, 39.8, 40.3, 42.1, 44.6, 49.4, 80.1, 82.8, 85.5, 85.5, 87.2, 89.1, 90.9, 93.6, 96.3, 96.4, 98.1, 100.0, 100.0, 101.7, 101.9, 103.5, 114.4, 116.1]","['RAIL', 'INSIDE', 'INSIDE', 'INSIDE', 'INSIDE', 'RAIL', 'RAIL', 'RAIL', 'INSIDE', 'INSIDE', 'INSIDE', 'INSIDE', 'INSIDE', 'OUTSIDE', 'INSIDE', 'OUTSIDE', 'INSIDE', 'OUTSIDE', 'OUTSIDE', 'RAIL', 'RAIL', 'INSIDE', 'NEAR', 'INSIDE', 'NEAR', 'RAIL', 'OUTSIDE', 'RAIL', 'OUTSIDE']","[[0.18, 0.1, 0.08], [0.89, 1.41, 2.36], [1.03, 0.25, 0.6], [0.27, 0.2, 0.4], [0.89, 1.02, 0.68], [0.22, 0.1, 0.25], [1.55, 0.44, 0.62], [0.91, 0.38, 0.21], [1.32, 1.86, 0.65], [0.75, 1.71, 0.04], [1.54, 1.59, 0.08], [2.02, 4.52, 1.07], [0.14, 0.56, 0.0], [0.1, 1.05, 0.0], [0.39, 3.38, 0.18], [0.11, 0.92, 0.0], [2.09, 2.88, 0.19], [0.05, 0.84, 0.0], [0.03, 0.51, 0.0], [0.04, 0.8, 0.0], [0.04, 0.81, 0.0], [0.27, 1.04, 0.0], [0.09, 0.95, 0.0], [0.05, 0.5, 0.0], [0.11, 1.05, 0.0], [0.11, 1.05, 0.0], [0.12, 1.07, 0.0], [0.08, 1.24, 0.0], [0.02, 0.54, 0.0]]","[13, 7, 3, 61, 10, 64, 8, 5, 11, 68, 2, 26, 33, 31, 19, 16, 37, 53, 29, 43, 54, 25, 22, 20, 66, 34, 62, 40, 67]",513.1
143,1788354637394372339,921600,95738,37,32,116.1,"[0.5, 33.4, 34.3, 34.4, 38.1, 40.1, 40.2, 42.1, 44.6, 46.9, 49.4, 80.1, 82.8, 83.6, 85.5, 85.5, 87.2, 89.1, 90.9, 92.8, 93.6, 96.3, 96.4, 98.1, 100.0, 100.1, 101.7, 101.8, 107.2, 107.2, 114.4, 116.1]","['RAIL', 'INSIDE', 'INSIDE', 'INSIDE', 'INSIDE', 'INSIDE', 'RAIL', 'RAIL', 'INSIDE', 'INSIDE', 'INSIDE', 'INSIDE', 'INSIDE', 'OUTSIDE', 'OUTSIDE', 'OUTSIDE', 'INSIDE', 'OUTSIDE', 'INSIDE', 'OUTSIDE', 'OUTSIDE', 'RAIL', 'RAIL', 'RAIL', 'NEAR', 'OUTSIDE', 'INSIDE', 'NEAR', 'RAIL', 'OUTSIDE', 'RAIL', 'RAIL']","[[0.18, 0.14, 0.09], [0.86, 1.41, 2.36], [1.09, 0.65, 1.76], [0.44, 0.11, 0.6], [0.28, 0.24, 0.41], [1.06, 1.1, 0.68], [0.24, 0.1, 0.25], [1.58, 0.44, 0.62], [1.09, 1.97, 0.64], [0.67, 1.72, 0.03], [1.5, 1.59, 0.08], [1.95, 4.38, 1.07], [0.22, 0.56, 0.0], [0.1, 0.44, 0.0], [0.42, 1.6, 0.17], [0.24, 2.36, 0.17], [0.43, 3.39, 0.37], [0.15, 0.92, 0.0], [1.99, 4.23, 0.2], [0.13, 1.01, 0.0], [0.47, 2.2, 0.21], [0.04, 1.12, 0.0], [0.08, 0.8, 0.0], [0.03, 0.81, 0.0], [0.2, 1.11, 0.0], [0.28, 0.81, 0.0], [0.05, 0.5, 0.0], [0.16, 1.05, 0.0], [0.1, 1.05, 0.0], [0.02, 1.07, 0.0], [0.05, 1.24, 0.0], [0.07, 0.75, 0.0]]","[13, 7, 4, 3, 61, 10, 64, 8, 11, 68, 2, 26, 33, 28, 31, 25, 19, 16, 37, 53, 29, 24, 43, 54, 22, 41, 20, 66, 34, 62, 40, 67]",536.2
144,1788354637501966194,921600,95702,39,34,116.1,"[0.6, 31.1, 33.2, 34.3, 34.4, 38.1, 39.4, 40.3, 42.1, 44.6, 47.1, 49.5, 82.2, 83.4, 83.7, 83.7, 85.4, 85.6, 87.2, 89.1, 90.9, 93.2, 93.6, 96.3, 96.4, 98.1, 98.3, 100.0, 100.0, 101.7, 101.9, 103.5, 114.4, 116.1]","['RAIL', 'INSIDE', 'OUTSIDE', 'INSIDE', 'INSIDE', 'INSIDE', 'RAIL', 'RAIL', 'RAIL', 'INSIDE', 'INSIDE', 'INSIDE', 'INSIDE', 'OUTSIDE', 'OUTSIDE', 'INSIDE', 'INSIDE', 'OUTSIDE', 'INSIDE', 'OUTSIDE', 'OUTSIDE', 'OUTSIDE', 'RAIL', 'RAIL', 'INSIDE', 'NEAR', 'OUTSIDE', 'INSIDE', 'INSIDE', 'INSIDE', 'RAIL', 'OUTSIDE', 'RAIL', 'OUTSIDE']","[[0.19, 0.17, 0.09], [0.88, 1.41, 2.37], [1.36, 1.8, 1.89], [1.79, 0.1, 0.6], [0.27, 0.2, 0.41], [0.89, 1.02, 0.68], [0.25, 0.08, 0.25], [1.55, 0.44, 0.62], [0.86, 0.38, 0.21], [1.94, 2.71, 0.66], [0.7, 1.58, 0.04], [1.65, 1.6, 0.09], [0.67, 2.25, 1.07], [0.11, 0.44, 0.0], [0.3, 1.74, 0.17], [0.11, 0.59, 0.0], [0.24, 3.54, 0.18], [0.14, 0.92, 0.0], [1.99, 2.14, 0.01], [0.03, 0.84, 0.0], [0.03, 0.51, 0.0], [0.82, 0.89, 0.01], [0.09, 0.8, 0.0], [0.02, 0.81, 0.0], [0.15, 1.19, 0.0], [0.21, 1.11, 0.0], [1.27, 1.01, 0.01], [0.05, 0.67, 0.0], [0.27, 1.2, 0.0], [0.24, 1.23, 0.0], [0.04, 0.87, 0.0], [0.02, 1.07, 0.0], [0.07, 1.24, 0.0], [0.02, 0.72, 0.0]]","[13, 7, 4, 3, 61, 10, 64, 8, 5, 11, 68, 2, 26, 28, 31, 21, 19, 16, 37, 53, 29, 36, 43, 54, 25, 22, 41, 20, 66, 62, 34, 40, 24, 67]",620.0
145,1788354637602803651,921600,95624,35,30,116.1,"[0.7, 33.1, 34.3, 34.4, 38.1, 40.2, 40.3, 42.1, 44.6, 47.0, 49.4, 80.1, 82.8, 85.5, 85.6, 87.3, 89.0, 89.2, 90.8, 90.9, 93.5, 96.3, 96.4, 98.1, 100.0, 100.1, 101.7, 101.8, 114.4, 116.1]","['RAIL', 'INSIDE', 'INSIDE', 'INSIDE', 'INSIDE', 'INSIDE', 'RAIL', 'RAIL', 'INSIDE', 'INSIDE', 'INSIDE', 'INSIDE', 'INSIDE', 'OUTSIDE', 'OUTSIDE', 'NEAR', 'OUTSIDE', 'OUTSIDE', 'INSIDE', 'INSIDE', 'OUTSIDE', 'OUTSIDE', 'RAIL', 'RAIL', 'NEAR', 'INSIDE', 'NEAR', 'RAIL', 'OUTSIDE', 'RAIL']","[[0.19, 0.15, 0.09], [0.87, 1.42, 2.36], [1.06, 0.65, 1.67], [0.32, 0.11, 0.6], [0.26, 0.2, 0.4], [1.09, 1.1, 0.68], [0.22, 0.1, 0.25], [1.57, 0.44, 0.62], [1.61, 2.71, 0.64], [0.68, 1.72, 0.03], [1.55, 1.59, 0.08], [2.0, 5.01, 1.24], [0.32, 0.69, 0.0], [0.26, 1.74, 0.17], [0.2, 2.36, 0.17], [0.07, 1.09, 0.0], [0.16, 1.07, 0.0], [1.02, 2.66, 0.19], [2.06, 3.04, 0.19], [0.29, 1.24, 0.37], [0.04, 1.01, 0.0], [0.1, 0.69, 0.0], [0.07, 0.8, 0.0], [0.04, 0.81, 0.0], [0.2, 1.11, 0.0], [0.05, 0.67, 0.0], [0.21, 1.23, 0.0], [0.16, 1.22, 0.0], [0.02, 1.07, 0.0], [0.06, 1.24, 0.0]]","[13, 7, 4, 3, 61, 10, 64, 8, 11, 68, 2, 26, 33, 31, 25, 46, 16, 18, 37, 19, 53, 29, 43, 54, 22, 20, 62, 34, 40, 24]",496.8
146,1788354637717340992,921600,95835,41,34,116.1,"[0.8, 31.1, 33.3, 34.3, 34.4, 38.1, 39.4, 40.4, 42.1, 44.6, 46.9, 49.4, 71.1, 79.1, 80.0, 82.8, 83.6, 83.7, 85.5, 85.7, 87.3, 89.1, 91.0, 91.0, 96.3, 96.4, 98.1, 99.9, 100.0, 101.7, 101.8, 103.5, 114.4, 116.1]","['RAIL', 'INSIDE', 'INSIDE', 'INSIDE', 'INSIDE', 'INSIDE', 'RAIL', 'RAIL', 'RAIL', 'INSIDE', 'INSIDE', 'INSIDE', 'INSIDE', 'INSIDE', 'INSIDE', 'OUTSIDE', 'OUTSIDE', 'INSIDE', 'INSIDE', 'OUTSIDE', 'INSIDE', 'OUTSIDE', 'OUTSIDE', 'INSIDE', 'RAIL', 'RAIL', 'INSIDE', 'NEAR', 'INSIDE', 'INSIDE', 'RAIL', 'OUTSIDE', 'RAIL', 'OUTSIDE']","[[0.2, 0.11, 0.08], [0.89, 1.41, 2.37], [1.82, 0.1, 0.6], [1.03, 0.65, 1.76], [0.27, 0.2, 0.4], [1.14, 1.1, 0.68], [0.25, 0.08, 0.25], [1.56, 0.44, 0.62], [0.86, 0.38, 0.21], [1.96, 2.71, 0.66], [0.7, 1.58, 0.04], [1.7, 1.6, 0.09], [1.89, 2.97, 0.87], [1.96, 4.38, 1.07], [0.44, 0.56, 0.0], [0.13, 0.44, 0.0], [0.31, 1.74, 0.17], [0.1, 0.59, 0.0], [0.4, 3.54, 0.18], [0.09, 0.76, 0.0], [0.11, 0.79, 0.0], [0.05, 0.84, 0.0], [0.06, 0.69, 0.0], [0.56, 2.09, 0.14], [0.08, 0.6, 0.0], [0.02, 0.81, 0.0], [0.28, 1.19, 0.0], [0.26, 1.12, 0.0], [0.07, 0.67, 0.0], [0.07, 1.05, 0.0], [0.08, 0.87, 0.0], [0.02, 1.07, 0.0], [0.04, 1.07, 0.0], [0.03, 0.72, 0.0]]","[13, 7, 3, 4, 61, 10, 64, 8, 5, 11, 68, 2, 33, 26, 36, 28, 31, 21, 19, 16, 18, 53, 29, 14, 43, 54, 25, 22, 20, 62, 34, 40, 24, 67]",527.6
147,1788354637807651771,921600,95636,34,28,116.1,"[1.0, 31.1, 34.3, 34.4, 40.3, 42.1, 44.6, 46.9, 49.4, 82.8, 83.5, 85.5, 85.6, 87.3, 89.1, 89.2, 90.9, 93.6, 96.3, 96.4, 98.1, 99.9, 100.1, 101.7, 101.8, 103.5, 114.3, 116.1]","['RAIL', 'INSIDE', 'INSIDE', 'INSIDE', 'INSIDE', 'RAIL', 'RAIL', 'RAIL', 'INSIDE', 'INSIDE', 'OUTSIDE', 'NEAR', 'OUTSIDE', 'INSIDE', 'INSIDE', 'OUTSIDE', 'OUTSIDE', 'OUTSIDE', 'OUTSIDE', 'RAIL', 'RAIL', 'INSIDE', 'NEAR', 'INSIDE', 'RAIL', 'OUTSIDE', 'RAIL', 'OUTSIDE']","[[0.24, 0.11, 0.08], [0.88, 1.41, 2.37], [1.01, 0.65, 1.67], [0.28, 0.24, 0.41], [0.79, 1.02, 0.67], [0.26, 0.08, 0.25], [1.58, 0.44, 0.62], [0.81, 0.38, 0.21], [1.61, 1.6, 0.09], [1.93, 3.74, 1.24], [0.2, 1.74, 0.17], [0.07, 0.93, 0.0], [0.15, 0.92, 0.0], [2.01, 3.23, 0.19], [0.3, 1.24, 0.18], [0.04, 1.01, 0.0], [0.04, 0.69, 0.0], [0.42, 2.07, 0.21], [0.97, 0.89, 0.01], [0.06, 1.01, 0.0], [0.02, 0.6, 0.0], [0.22, 1.34, 0.0], [0.28, 1.11, 0.0], [0.07, 0.67, 0.0], [0.24, 1.22, 0.0], [0.05, 1.07, 0.0], [0.06, 1.24, 0.0], [0.04, 0.54, 0.0]]","[13, 7, 4, 61, 10, 64, 8, 5, 2, 26, 31, 46, 16, 37, 19, 53, 29, 62, 25, 54, 43, 21, 22, 20, 34, 40, 24, 67]",689.8
148,1788354637915034756,921600,95556,38,37,116.1,"[1.2, 30.7, 33.3, 34.3, 34.4, 38.1, 40.1, 40.4, 42.1, 42.6, 44.6, 45.8, 46.9, 49.4, 80.1, 82.2, 83.3, 83.7, 83.7, 85.5, 85.6, 87.2, 89.1, 91.0, 91.1, 93.6, 96.3, 96.4, 98.1, 98.3, 100.0, 100.1, 101.7, 101.8, 103.5, 114.4, 116.1]","['RAIL', 'INSIDE', 'INSIDE', 'INSIDE', 'INSIDE', 'INSIDE', 'RAIL', 'RAIL', 'RAIL', 'INSIDE', 'INSIDE', 'INSIDE', 'INSIDE', 'INSIDE', 'INSIDE', 'INSIDE', 'OUTSIDE', 'OUTSIDE', 'OUTSIDE', 'INSIDE', 'INSIDE', 'OUTSIDE', 'INSIDE', 'INSIDE', 'OUTSIDE', 'OUTSIDE', 'RAIL', 'NEAR', 'RAIL', 'NEAR', 'INSIDE', 'INSIDE', 'INSIDE', 'RAIL', 'OUTSIDE', 'RAIL', 'OUTSIDE']","[[0.23, 0.15, 0.08], [0.87, 1.41, 2.37], [0.54, 0.1, 0.6], [1.04, 0.65, 1.76], [0.28, 0.2, 0.41], [1.1, 1.1, 0.68], [0.24, 0.1, 0.25], [1.57, 0.44, 0.62], [1.7, 0.55, 0.21], [1.94, 2.71, 0.66], [0.68, 1.58, 0.03], [1.68, 1.6, 0.09], [1.18, 0.87, 0.05], [1.04, 0.99, 0.05], [0.66, 3.11, 1.07], [0.26, 0.56, 0.0], [0.09, 0.44, 0.0], [0.29, 1.74, 0.17], [0.33, 2.36, 0.17], [0.09, 0.59, 0.0], [0.21, 3.54, 0.18], [0.13, 0.92, 0.0], [0.37, 1.89, 0.19], [1.87, 3.04, 0.19], [0.11, 1.01, 0.0], [0.06, 0.69, 0.0], [0.1, 0.8, 0.0], [0.39, 0.73, 0.0], [0.05, 0.81, 0.0], [0.31, 1.12, 0.0], [0.05, 0.67, 0.0], [0.27, 1.2, 0.0], [0.25, 1.23, 0.0], [0.1, 1.05, 0.0], [0.03, 1.07, 0.0], [0.05, 1.07, 0.0], [0.02, 0.72, 0.0]]","[13, 7, 3, 4, 61, 10, 64, 8, 5, 11, 68, 2, 75, 76, 26, 36, 28, 31, 21, 25, 19, 16, 18, 37, 53, 29, 43, 33, 54, 22, 20, 66, 62, 34, 40, 24, 67]",665.4
149,1788354638003697063,921600,95688,38,34,116.1,"[1.4, 33.1, 34.3, 34.4, 38.1, 40.1, 40.2, 42.1, 42.5, 44.6, 45.6, 49.5, 82.8, 83.4, 83.7, 85.5, 85.5, 87.3, 89.1, 89.2, 90.9, 92.6, 93.6, 96.3, 96.4, 98.1, 98.2, 100.0, 100.1, 101.7, 101.8, 107.2, 114.3, 116.1]","['RAIL', 'INSIDE', 'INSIDE', 'INSIDE', 'INSIDE', 'RAIL', 'RAIL', 'INSIDE', 'INSIDE', 'INSIDE', 'INSIDE', 'INSIDE', 'INSIDE', 'OUTSIDE', 'OUTSIDE', 'OUTSIDE', 'NEAR', 'OUTSIDE', 'INSIDE', 'OUTSIDE', 'OUTSIDE', 'OUTSIDE', 'RAIL', 'RAIL', 'INSIDE', 'NEAR', 'OUTSIDE', 'INSIDE', 'INSIDE', 'NEAR', 'RAIL', 'OUTSIDE', 'RAIL', 'RAIL']","[[0.24, 0.16, 0.09], [0.86, 1.41, 2.36], [0.4, 0.11, 0.53], [0.27, 0.2, 0.4], [0.84, 1.02, 0.68], [0.23, 0.1, 0.25], [1.6, 0.44, 0.62], [1.62, 2.71, 0.64], [0.68, 1.72, 0.03], [1.52, 1.59, 0.08], [1.1, 0.87, 0.05], [0.9, 0.98, 0.04], [1.92, 2.67, 1.07], [0.05, 0.44, 0.0], [0.23, 2.36, 0.17], [0.32, 0.9, 0.0], [0.07, 0.93, 0.0], [0.09, 0.77, 0.0], [1.93, 2.14, 0.01], [0.03, 0.84, 0.0], [0.02, 0.51, 0.0], [0.81, 0.89, 0.01], [0.02, 0.8, 0.0], [0.03, 0.81, 0.0], [0.27, 1.24, 0.0], [0.26, 1.12, 0.0], [0.56, 0.98, 0.0], [0.05, 0.5, 0.0], [0.06, 0.51, 0.0], [0.18, 1.22, 0.0], [0.15, 1.22, 0.0], [0.03, 1.07, 0.0], [0.07, 1.24, 0.0], [0.05, 0.75, 0.0]]","[13, 7, 3, 61, 10, 64, 8, 11, 68, 2, 75, 76, 26, 28, 21, 31, 46, 16, 37, 53, 29, 33, 43, 54, 19, 22, 41, 20, 66, 62, 34, 40, 24, 67]",541.3
150,1788354638093130492,921600,95956,38,36,116.1,"[1.5, 30.7, 33.3, 34.3, 34.4, 38.1, 39.4, 40.4, 42.1, 42.6, 44.6, 45.8, 46.9, 49.3, 80.0, 82.2, 83.4, 83.6, 83.7, 85.4, 85.6, 87.2, 89.1, 91.0, 91.0, 93.6, 96.3, 96.4, 98.1, 100.0, 100.1, 101.7, 101.8, 103.5, 114.3, 116.1]","['RAIL', 'INSIDE', 'INSIDE', 'INSIDE', 'INSIDE', 'INSIDE', 'RAIL', 'RAIL', 'RAIL', 'INSIDE', 'INSIDE', 'INSIDE', 'INSIDE', 'INSIDE', 'INSIDE', 'INSIDE', 'OUTSIDE', 'OUTSIDE', 'INSIDE', 'INSIDE', 'OUTSIDE', 'INSIDE', 'INSIDE', 'OUTSIDE', 'OUTSIDE', 'OUTSIDE', 'RAIL', 'RAIL', 'INSIDE', 'NEAR', 'INSIDE', 'INSIDE', 'RAIL', 'OUTSIDE', 'RAIL', 'OUTSIDE']","[[0.23, 0.16, 0.1], [0.89, 1.41, 2.37], [1.8, 0.1, 0.6], [1.06, 0.65, 1.76], [0.27, 0.2, 0.4], [0.91, 1.02, 0.67], [0.25, 0.08, 0.25], [1.55, 0.44, 0.62], [1.69, 0.55, 0.21], [1.94, 2.71, 0.66], [0.68, 1.45, 0.03], [1.7, 1.6, 0.09], [1.18, 0.87, 0.05], [1.01, 0.98, 0.04], [0.62, 3.11, 1.07], [0.33, 0.41, 0.0], [0.11, 0.44, 0.0], [0.21, 1.59, 0.17], [0.09, 0.59, 0.0], [0.46, 3.54, 0.37], [0.13, 0.92, 0.0], [0.12, 0.79, 0.0], [1.89, 3.04, 0.19], [0.06, 1.01, 0.0], [0.08, 0.69, 0.0], [0.79, 0.74, 0.01], [0.03, 0.6, 0.0], [0.04, 0.81, 0.0], [0.26, 1.19, 0.0], [0.28, 1.12, 0.0], [0.09, 0.67, 0.0], [0.09, 1.05, 0.0], [0.06, 0.87, 0.0], [0.02, 1.07, 0.0], [0.06, 1.07, 0.0], [0.05, 0.72, 0.0]]","[13, 7, 3, 4, 61, 10, 64, 8, 5, 11, 68, 2, 75, 76, 26, 36, 28, 31, 25, 19, 16, 18, 37, 53, 29, 33, 43, 54, 21, 22, 20, 62, 34, 40, 24, 67]",500.4
151,1788354638196813644,921600,96742,35,31,116.1,"[1.7, 34.3, 34.4, 38.1, 40.1, 40.3, 42.1, 42.5, 44.6, 45.7, 46.9, 49.4, 80.1, 82.8, 85.5, 85.6, 87.2, 89.1, 89.2, 90.7, 90.9, 93.5, 96.3, 96.4, 98.0, 100.0, 100.0, 101.8, 103.5, 114.4, 116.1]","['RAIL', 'INSIDE', 'INSIDE', 'INSIDE', 'INSIDE', 'INSIDE', 'RAIL', 'RAIL', 'INSIDE', 'INSIDE', 'INSIDE', 'INSIDE', 'INSIDE', 'INSIDE', 'OUTSIDE', 'NEAR', 'NEAR', 'OUTSIDE', 'OUTSIDE', 'INSIDE', 'INSIDE', 'OUTSIDE', 'OUTSIDE', 'RAIL', 'RAIL', 'NEAR', 'INSIDE', 'NEAR', 'RAIL', 'RAIL', 'OUTSIDE']","[[0.25, 0.19, 0.09], [0.88, 1.41, 2.36], [0.36, 0.11, 0.6], [1.05, 0.65, 1.67], [0.27, 0.2, 0.41], [1.08, 1.1, 0.68], [0.2, 0.1, 0.25], [1.57, 0.44, 0.62], [0.66, 1.72, 0.03], [1.56, 1.59, 0.08], [1.14, 0.87, 0.05], [0.92, 0.98, 0.04], [1.96, 5.01, 1.09], [0.31, 0.69, 0.0], [0.18, 2.36, 0.17], [0.25, 1.05, 0.0], [0.07, 1.09, 0.0], [0.33, 1.07, 0.0], [0.81, 2.66, 0.19], [2.07, 3.04, 0.19], [0.4, 1.24, 0.37], [0.06, 1.01, 0.0], [0.12, 0.69, 0.0], [0.08, 0.8, 0.0], [0.02, 0.81, 0.0], [0.1, 0.95, 0.0], [0.06, 0.5, 0.0], [0.21, 1.23, 0.0], [0.14, 1.22, 0.0], [0.03, 1.07, 0.0], [0.02, 0.54, 0.0]]","[13, 7, 3, 4, 61, 10, 64, 8, 68, 2, 75, 76, 26, 36, 21, 31, 46, 16, 18, 37, 19, 53, 29, 43, 54, 22, 20, 62, 34, 24, 67]",596.3
152,1788354638292303932,921600,96736,37,35,116.1,"[1.9, 30.7, 34.3, 34.4, 38.0, 40.1, 40.2, 42.1, 42.6, 44.6, 45.6, 46.9, 49.5, 80.0, 82.2, 83.4, 83.6, 83.7, 85.5, 85.6, 87.2, 89.1, 90.9, 93.1, 93.6, 96.3, 96.4, 98.1, 99.9, 100.0, 101.7, 101.8, 103.5, 114.3, 116.1]","['RAIL', 'INSIDE', 'INSIDE', 'INSIDE', 'INSIDE', 'INSIDE', 'RAIL', 'RAIL', 'RAIL', 'INSIDE', 'INSIDE', 'INSIDE', 'INSIDE', 'INSIDE', 'INSIDE', 'OUTSIDE', 'OUTSIDE', 'INSIDE', 'OUTSIDE', 'INSIDE', 'OUTSIDE', 'INSIDE', 'INSIDE', 'OUTSIDE', 'OUTSIDE', 'RAIL', 'OUTSIDE', 'RAIL', 'OUTSIDE', 'INSIDE', 'INSIDE', 'RAIL', 'OUTSIDE', 'RAIL', 'OUTSIDE']","[[0.26, 0.16, 0.09], [0.92, 1.41, 2.37], [1.03, 0.65, 1.67], [0.51, 0.1, 0.53], [0.28, 0.2, 0.41], [0.68, 0.94, 0.67], [0.26, 0.08, 0.25], [1.57, 0.44, 0.62], [1.69, 0.55, 0.21], [0.32, 0.92, 0.02], [1.28, 1.58, 0.07], [1.2, 0.87, 0.05], [0.57, 0.81, 0.02], [0.64, 2.97, 1.07], [0.41, 0.56, 0.0], [0.1, 0.44, 0.0], [0.17, 2.21, 0.17], [0.09, 0.59, 0.0], [0.32, 0.9, 0.0], [0.46, 3.54, 0.37], [0.27, 1.07, 0.0], [0.46, 3.3, 0.18], [1.82, 2.14, 0.01], [0.06, 1.01, 0.0], [0.05, 0.69, 0.0], [0.02, 0.8, 0.0], [0.72, 0.89, 0.01], [0.05, 1.01, 0.0], [1.44, 1.17, 0.01], [0.05, 0.84, 0.0], [0.08, 1.05, 0.0], [0.04, 0.87, 0.0], [0.03, 1.07, 0.0], [0.05, 1.07, 0.0], [0.05, 0.72, 0.0]]","[13, 7, 4, 3, 61, 10, 64, 8, 5, 68, 2, 75, 76, 26, 36, 28, 21, 25, 31, 19, 16, 22, 37, 53, 29, 43, 33, 54, 41, 20, 62, 34, 40, 24, 67]",555.2
153,1788354638395202688,921600,96968,32,29,116.1,"[2.1, 34.3, 34.4, 38.1, 40.1, 40.3, 42.1, 42.5, 44.6, 45.7, 49.5, 80.1, 82.8, 85.4, 85.6, 87.2, 89.0, 89.2, 90.9, 93.5, 96.3, 96.4, 98.1, 100.0, 100.0, 101.7, 101.8, 114.4, 116.1]","['RAIL', 'INSIDE', 'INSIDE', 'INSIDE', 'INSIDE', 'RAIL', 'RAIL', 'INSIDE', 'INSIDE', 'INSIDE', 'INSIDE', 'INSIDE', 'INSIDE', 'OUTSIDE', 'NEAR', 'OUTSIDE', 'INSIDE', 'INSIDE', 'OUTSIDE', 'OUTSIDE', 'RAIL', 'RAIL', 'INSIDE', 'NEAR', 'INSIDE', 'NEAR', 'RAIL', 'OUTSIDE', 'RAIL']","[[0.28, 0.18, 0.11], [0.88, 1.41, 2.36], [0.34, 0.11, 0.53], [0.26, 0.2, 0.41], [0.84, 1.02, 0.68], [0.26, 0.1, 0.25], [1.56, 0.44, 0.62], [0.66, 1.58, 0.03], [1.57, 1.59, 0.08], [1.12, 0.87, 0.05], [0.95, 0.98, 0.04], [2.01, 5.01, 1.09], [0.31, 0.69, 0.0], [0.23, 1.74, 0.17], [0.07, 0.93, 0.0], [0.12, 1.07, 0.0], [2.05, 3.04, 0.19], [0.26, 0.93, 0.37], [0.05, 1.01, 0.0], [0.08, 0.69, 0.0], [0.05, 0.8, 0.0], [0.04, 0.81, 0.0], [0.2, 1.19, 0.0], [0.18, 1.11, 0.0], [0.04, 0.5, 0.0], [0.24, 1.23, 0.0], [0.1, 1.22, 0.0], [0.04, 1.07, 0.0], [0.03, 1.07, 0.0]]","[13, 7, 3, 61, 10, 64, 8, 68, 2, 75, 76, 26, 36, 31, 46, 16, 37, 19, 53, 29, 43, 54, 21, 22, 20, 62, 34, 40, 24]",747.6
154,1788354638500315949,921600,96951,37,35,116.1,"[2.2, 30.7, 34.3, 34.4, 38.0, 40.1, 40.2, 42.1, 42.6, 44.6, 45.7, 46.9, 49.4, 79.1, 80.1, 82.2, 83.7, 83.7, 85.5, 85.6, 87.3, 89.0, 89.2, 90.9, 93.5, 96.3, 96.4, 98.1, 100.0, 100.0, 101.7, 101.8, 103.5, 114.4, 116.1]","['RAIL', 'INSIDE', 'INSIDE', 'INSIDE', 'INSIDE', 'INSIDE', 'RAIL', 'RAIL', 'RAIL', 'INSIDE', 'INSIDE', 'INSIDE', 'INSIDE', 'INSIDE', 'INSIDE', 'INSIDE', 'OUTSIDE', 'OUTSIDE', 'OUTSIDE', 'INSIDE', 'NEAR', 'OUTSIDE', 'INSIDE', 'INSIDE', 'INSIDE', 'OUTSIDE', 'OUTSIDE', 'RAIL', 'RAIL', 'INSIDE', 'INSIDE', 'RAIL', 'OUTSIDE', 'RAIL', 'OUTSIDE']","[[0.25, 0.23, 0.12], [0.94, 1.41, 2.37], [0.49, 0.1, 0.6], [1.05, 0.65, 1.88], [0.28, 0.2, 0.41], [0.93, 1.02, 0.67], [0.24, 0.08, 0.25], [1.56, 0.44, 0.62], [1.66, 0.55, 0.21], [0.32, 0.92, 0.02], [1.31, 1.58, 0.07], [1.23, 0.87, 0.05], [0.55, 0.81, 0.02], [1.87, 2.97, 0.87], [0.62, 2.97, 1.07], [0.27, 0.42, 0.0], [0.1, 0.44, 0.0], [0.26, 1.74, 0.17], [0.19, 2.21, 0.17], [0.1, 0.59, 0.0], [0.1, 1.09, 0.0], [0.14, 0.92, 0.0], [0.37, 3.14, 0.18], [2.18, 3.23, 0.19], [0.36, 0.78, 0.37], [0.04, 1.01, 0.0], [0.05, 0.69, 0.0], [0.02, 0.8, 0.0], [0.04, 1.01, 0.0], [0.07, 0.84, 0.0], [0.18, 1.05, 0.0], [0.08, 0.87, 0.0], [0.07, 1.07, 0.0], [0.03, 1.24, 0.0], [0.03, 0.72, 0.0]]","[13, 7, 3, 4, 61, 10, 64, 8, 5, 68, 2, 75, 76, 36, 26, 33, 28, 31, 21, 25, 46, 16, 22, 37, 19, 53, 29, 43, 54, 20, 62, 34, 40, 24, 67]",649.6
155,1788354638595212814,921600,96415,35,33,116.1,"[0.5, 2.4, 31.1, 33.1, 34.3, 34.4, 38.1, 40.1, 40.2, 42.1, 42.5, 44.6, 45.6, 46.9, 49.4, 80.1, 82.8, 85.5, 85.6, 87.2, 89.1, 90.9, 92.8, 93.6, 96.3, 96.4, 98.1, 98.2, 100.0, 100.1, 101.8, 114.4, 116.1]","['RAIL', 'INSIDE', 'INSIDE', 'INSIDE', 'INSIDE', 'INSIDE', 'RAIL', 'RAIL', 'RAIL', 'INSIDE', 'INSIDE', 'INSIDE', 'INSIDE', 'INSIDE', 'RAIL', 'INSIDE', 'INSIDE', 'OUTSIDE', 'OUTSIDE', 'INSIDE', 'OUTSIDE', 'INSIDE', 'OUTSIDE', 'OUTSIDE', 'RAIL', 'RAIL', 'NEAR', 'OUTSIDE', 'INSIDE', 'INSIDE', 'NEAR', 'RAIL', 'RAIL']","[[0.17, 0.25, 0.09], [0.87, 1.41, 2.36], [1.03, 0.65, 1.67], [0.4, 0.11, 0.6], [0.26, 0.24, 0.41], [1.03, 1.1, 0.68], [0.27, 0.1, 0.25], [1.56, 0.44, 0.62], [0.86, 0.38, 0.21], [1.62, 2.71, 0.64], [0.65, 1.72, 0.03], [1.51, 1.59, 0.08], [1.11, 0.87, 0.05], [0.89, 0.98, 0.04], [0.14, 0.16, 0.15], [1.95, 5.01, 1.09], [0.34, 0.56, 0.0], [0.33, 1.74, 0.17], [0.26, 2.36, 0.17], [0.4, 3.54, 0.37], [0.17, 1.07, 0.0], [1.87, 2.14, 0.01], [0.04, 0.84, 0.0], [0.04, 0.51, 0.0], [0.03, 0.8, 0.0], [0.02, 0.81, 0.0], [0.22, 1.12, 0.0], [0.31, 0.81, 0.0], [0.04, 0.5, 0.0], [0.18, 0.52, 0.0], [0.17, 1.05, 0.0], [0.12, 1.22, 0.0], [0.04, 1.24, 0.0]]","[13, 7, 4, 3, 61, 10, 64, 8, 5, 11, 68, 2, 75, 76, 79, 26, 33, 31, 21, 19, 16, 37, 53, 29, 43, 54, 22, 41, 20, 66, 62, 34, 24]",526.9
156,1788354638695472832,921600,96164,38,37,116.1,"[0.5, 2.6, 30.0, 31.1, 34.3, 34.4, 38.1, 39.8, 40.4, 42.1, 42.6, 44.6, 45.8, 47.1, 49.6, 79.1, 80.1, 82.8, 83.7, 83.7, 85.5, 85.7, 87.3, 89.1, 90.9, 91.0, 93.6, 96.3, 96.4, 98.1, 100.0, 100.0, 101.7, 101.8, 103.5, 114.4, 116.1]","['RAIL', 'INSIDE', 'OUTSIDE', 'INSIDE', 'INSIDE', 'INSIDE', 'RAIL', 'RAIL', 'RAIL', 'RAIL', 'INSIDE', 'INSIDE', 'INSIDE', 'INSIDE', 'RAIL', 'INSIDE', 'INSIDE', 'INSIDE', 'OUTSIDE', 'OUTSIDE', 'OUTSIDE', 'INSIDE', 'INSIDE', 'OUTSIDE', 'INSIDE', 'INSIDE', 'OUTSIDE', 'OUTSIDE', 'RAIL', 'RAIL', 'NEAR', 'INSIDE', 'INSIDE', 'RAIL', 'OUTSIDE', 'RAIL', 'OUTSIDE']","[[0.12, 0.17, 0.06], [0.89, 1.41, 2.37], [1.38, 1.81, 1.89], [1.05, 0.1, 0.6], [0.27, 0.2, 0.41], [0.89, 1.02, 0.68], [0.25, 0.1, 0.25], [1.58, 0.44, 0.62], [0.85, 0.38, 0.21], [0.18, 0.25, 0.2], [0.67, 1.58, 0.03], [1.74, 1.74, 0.09], [1.19, 0.87, 0.05], [1.04, 0.99, 0.05], [0.14, 0.16, 0.14], [1.88, 2.97, 0.87], [1.96, 4.38, 1.07], [0.22, 0.56, 0.0], [0.07, 0.44, 0.0], [0.33, 1.89, 0.17], [0.28, 2.36, 0.17], [0.09, 0.59, 0.0], [0.4, 3.54, 0.37], [0.11, 0.76, 0.0], [0.11, 0.79, 0.0], [1.86, 3.04, 0.19], [0.06, 1.01, 0.0], [0.06, 0.69, 0.0], [0.05, 0.8, 0.0], [0.03, 0.81, 0.0], [0.23, 1.12, 0.0], [0.07, 0.67, 0.0], [0.09, 1.05, 0.0], [0.06, 0.87, 0.0], [0.03, 1.07, 0.0], [0.04, 1.07, 0.0], [0.04, 0.72, 0.0]]","[13, 7, 4, 3, 61, 10, 64, 8, 5, 11, 68, 2, 75, 76, 79, 36, 26, 33, 28, 31, 21, 25, 19, 16, 18, 37, 53, 29, 43, 54, 22, 20, 62, 34, 40, 24, 67]",529.6
157,1788354638795683703,921600,96386,36,33,116.1,"[0.5, 2.7, 33.1, 34.3, 34.4, 38.1, 40.1, 40.2, 42.1, 42.5, 44.6, 45.6, 46.9, 49.4, 80.1, 82.8, 85.5, 85.5, 87.3, 89.1, 90.8, 90.9, 92.8, 93.6, 96.3, 96.4, 98.2, 100.0, 100.1, 101.8, 108.9, 114.4, 116.1]","['RAIL', 'INSIDE', 'INSIDE', 'INSIDE', 'INSIDE', 'INSIDE', 'RAIL', 'RAIL', 'INSIDE', 'INSIDE', 'INSIDE', 'INSIDE', 'INSIDE', 'RAIL', 'INSIDE', 'INSIDE', 'OUTSIDE', 'INSIDE', 'OUTSIDE', 'OUTSIDE', 'INSIDE', 'OUTSIDE', 'OUTSIDE', 'RAIL', 'RAIL', 'INSIDE', 'NEAR', 'OUTSIDE', 'INSIDE', 'NEAR', 'RAIL', 'RAIL', 'RAIL']","[[0.13, 0.23, 0.09], [0.87, 1.41, 2.36], [1.04, 0.65, 1.67], [0.35, 0.11, 0.6], [0.27, 0.24, 0.41], [1.11, 1.1, 0.68], [0.27, 0.1, 0.25], [1.55, 0.44, 0.62], [1.64, 2.71, 0.64], [0.68, 1.58, 0.03], [1.52, 1.59, 0.08], [1.09, 0.87, 0.05], [0.88, 0.98, 0.04], [0.15, 0.16, 0.14], [1.97, 5.01, 1.09], [0.33, 0.69, 0.0], [0.3, 1.89, 0.17], [0.4, 3.23, 0.37], [0.14, 0.92, 0.0], [0.98, 2.66, 0.19], [1.81, 1.97, 0.01], [0.05, 0.84, 0.0], [0.26, 2.2, 0.21], [0.06, 0.8, 0.0], [0.03, 0.81, 0.0], [0.2, 1.19, 0.0], [0.17, 1.11, 0.0], [0.31, 0.81, 0.0], [0.07, 0.5, 0.0], [0.19, 1.22, 0.0], [0.07, 1.05, 0.0], [0.05, 1.24, 0.0], [0.03, 0.95, 0.0]]","[13, 7, 4, 3, 61, 10, 64, 8, 5, 68, 2, 75, 76, 79, 26, 33, 31, 19, 16, 18, 37, 53, 29, 43, 54, 21, 22, 41, 20, 62, 34, 24, 67]",581.8
158,1788354638897009445,921600,96287,38,35,116.1,"[0.4, 2.9, 30.7, 34.3, 34.4, 38.1, 40.1, 40.4, 42.6, 44.6, 45.9, 46.9, 49.3, 80.0, 82.2, 83.6, 83.7, 85.5, 85.7, 87.3, 89.1, 89.2, 90.9, 91.0, 93.1, 93.6, 96.3, 96.4, 98.1, 99.9, 100.0, 101.7, 101.8, 114.3, 116.1]","['RAIL', 'INSIDE', 'INSIDE', 'INSIDE', 'INSIDE', 'INSIDE', 'RAIL', 'RAIL', 'INSIDE', 'INSIDE', 'INSIDE', 'INSIDE', 'RAIL', 'INSIDE', 'INSIDE', 'OUTSIDE', 'OUTSIDE', 'OUTSIDE', 'INSIDE', 'NEAR', 'OUTSIDE', 'INSIDE', 'INSIDE', 'INSIDE', 'OUTSIDE', 'OUTSIDE', 'RAIL', 'RAIL', 'NEAR', 'OUTSIDE', 'INSIDE', 'INSIDE', 'RAIL', 'OUTSIDE', 'RAIL']","[[0.1, 0.23, 0.09], [0.9, 1.41, 2.37], [0.52, 0.1, 0.6], [1.02, 0.65, 1.76], [0.28, 0.24, 0.41], [0.88, 1.02, 0.67], [1.55, 0.44, 0.62], [1.68, 0.55, 0.21], [0.68, 1.45, 0.03], [1.74, 1.6, 0.09], [1.19, 0.87, 0.05], [1.02, 0.99, 0.04], [0.17, 0.16, 0.15], [0.65, 3.11, 1.07], [0.37, 0.56, 0.0], [0.11, 0.44, 0.0], [0.27, 1.89, 0.17], [0.32, 2.36, 0.17], [0.09, 0.59, 0.0], [0.11, 1.09, 0.0], [0.16, 0.92, 0.0], [0.12, 0.79, 0.0], [1.81, 2.14, 0.01], [0.36, 1.24, 0.37], [0.07, 1.01, 0.0], [0.06, 0.69, 0.0], [0.04, 0.8, 0.0], [0.03, 1.01, 0.0], [0.18, 1.11, 0.0], [1.37, 1.17, 0.01], [0.07, 0.67, 0.0], [0.05, 1.05, 0.0], [0.04, 0.87, 0.0], [0.04, 1.07, 0.0], [0.05, 1.07, 0.0]]","[13, 7, 3, 4, 61, 10, 8, 11, 68, 2, 75, 76, 79, 26, 33, 28, 31, 21, 25, 46, 16, 18, 37, 19, 53, 29, 43, 54, 22, 41, 20, 62, 34, 40, 24]",562.8
159,1788354638994563138,921600,95957,35,32,116.1,"[0.5, 3.1, 33.1, 34.3, 34.4, 38.0, 40.1, 40.3, 42.1, 42.5, 44.6, 45.5, 46.9, 49.4, 82.8, 85.5, 85.6, 87.2, 89.1, 90.9, 92.8, 93.6, 96.3, 96.4, 98.1, 100.0, 100.1, 101.7, 101.9, 107.1, 114.4, 116.1]","['RAIL', 'INSIDE', 'INSIDE', 'INSIDE', 'INSIDE', 'INSIDE', 'RAIL', 'RAIL', 'INSIDE', 'INSIDE', 'INSIDE', 'INSIDE', 'INSIDE', 'RAIL', 'INSIDE', 'OUTSIDE', 'NEAR', 'INSIDE', 'OUTSIDE', 'INSIDE', 'OUTSIDE', 'OUTSIDE', 'RAIL', 'RAIL', 'NEAR', 'OUTSIDE', 'INSIDE', 'NEAR', 'RAIL', 'OUTSIDE', 'RAIL', 'RAIL']","[[0.1, 0.17, 0.05], [0.86, 1.42, 2.36], [0.38, 0.11, 0.6], [1.07, 0.66, 1.76], [0.26, 0.24, 0.41], [1.06, 1.1, 0.68], [0.23, 0.1, 0.19], [1.57, 0.44, 0.62], [1.6, 2.71, 0.64], [0.36, 1.06, 0.02], [1.53, 1.59, 0.08], [1.11, 0.87, 0.05], [1.16, 1.14, 0.05], [0.14, 0.17, 0.14], [1.96, 4.09, 1.07], [0.2, 2.36, 0.17], [0.25, 1.05, 0.0], [0.48, 3.54, 0.37], [0.22, 1.07, 0.0], [1.98, 3.9, 0.2], [0.05, 0.84, 0.0], [0.08, 0.69, 0.0], [0.08, 0.8, 0.0], [0.04, 0.81, 0.0], [0.19, 1.11, 0.0], [0.29, 0.81, 0.0], [0.05, 0.5, 0.0], [0.18, 1.22, 0.0], [0.09, 1.05, 0.0], [0.05, 1.07, 0.0], [0.09, 1.24, 0.0], [0.02, 0.56, 0.0]]","[13, 7, 3, 4, 61, 10, 64, 8, 5, 68, 2, 75, 76, 79, 26, 21, 31, 19, 16, 37, 53, 29, 43, 54, 22, 41, 20, 62, 34, 40, 24, 67]",666.7
160,1788354639098437804,921600,96206,36,35,116.1,"[0.4, 3.3, 30.7, 34.3, 34.5, 40.1, 40.2, 42.1, 42.6, 44.6, 45.7, 46.9, 49.4, 80.1, 82.2, 83.6, 83.8, 85.5, 85.6, 87.3, 89.0, 89.2, 90.9, 93.2, 93.6, 96.3, 96.4, 98.1, 100.0, 100.0, 101.8, 101.8, 103.3, 114.4, 116.1]","['RAIL', 'INSIDE', 'INSIDE', 'INSIDE', 'INSIDE', 'INSIDE', 'RAIL', 'RAIL', 'RAIL', 'INSIDE', 'INSIDE', 'INSIDE', 'RAIL', 'INSIDE', 'INSIDE', 'OUTSIDE', 'OUTSIDE', 'INSIDE', 'OUTSIDE', 'NEAR', 'OUTSIDE', 'INSIDE', 'INSIDE', 'OUTSIDE', 'OUTSIDE', 'RAIL', 'RAIL', 'INSIDE', 'OUTSIDE', 'INSIDE', 'INSIDE', 'RAIL', 'OUTSIDE', 'RAIL', 'OUTSIDE']","[[0.1, 0.24, 0.08], [0.95, 1.53, 2.37], [0.48, 0.1, 0.6], [1.02, 0.65, 1.76], [0.28, 0.2, 0.41], [0.83, 1.02, 0.67], [0.26, 0.08, 0.25], [1.54, 0.44, 0.62], [1.68, 0.55, 0.21], [1.32, 1.58, 0.07], [1.24, 0.87, 0.05], [0.57, 0.81, 0.03], [0.18, 0.15, 0.15], [0.63, 2.97, 1.07], [0.25, 0.42, 0.0], [0.08, 0.44, 0.0], [0.17, 2.21, 0.17], [0.11, 0.59, 0.0], [0.25, 0.9, 0.0], [0.06, 1.09, 0.0], [0.11, 0.92, 0.0], [0.29, 3.14, 0.18], [1.85, 1.97, 0.01], [0.04, 1.01, 0.0], [0.05, 0.69, 0.0], [0.04, 0.8, 0.0], [0.03, 1.01, 0.0], [0.35, 1.24, 0.37], [1.4, 1.17, 0.01], [0.08, 0.84, 0.0], [0.24, 1.05, 0.0], [0.05, 0.87, 0.0], [0.11, 1.07, 0.0], [0.02, 1.24, 0.0], [0.33, 0.91, 0.0]]","[13, 7, 3, 4, 61, 10, 64, 8, 11, 2, 75, 76, 79, 26, 33, 28, 21, 25, 31, 46, 16, 18, 37, 53, 29, 43, 54, 19, 41, 20, 62, 34, 40, 24, 67]",650.4
161,1788354639196173756,921600,96373,36,33,116.1,"[0.5, 3.5, 33.4, 34.3, 34.4, 38.1, 40.1, 40.2, 42.1, 42.5, 44.6, 45.6, 46.9, 49.3, 82.8, 83.6, 85.5, 85.5, 87.2, 89.0, 90.9, 92.7, 93.7, 96.3, 96.4, 98.0, 100.0, 100.1, 101.7, 101.8, 108.9, 114.4, 116.1]","['RAIL', 'INSIDE', 'INSIDE', 'INSIDE', 'INSIDE', 'INSIDE', 'RAIL', 'RAIL', 'INSIDE', 'INSIDE', 'INSIDE', 'INSIDE', 'INSIDE', 'RAIL', 'INSIDE', 'OUTSIDE', 'NEAR', 'INSIDE', 'OUTSIDE', 'INSIDE', 'OUTSIDE', 'OUTSIDE', 'RAIL', 'RAIL', 'INSIDE', 'NEAR', 'OUTSIDE', 'INSIDE', 'NEAR', 'RAIL', 'OUTSIDE', 'RAIL', 'RAIL']","[[0.16, 0.25, 0.11], [0.88, 1.41, 2.36], [1.06, 0.66, 1.67], [0.39, 0.11, 0.6], [0.27, 0.2, 0.4], [1.07, 1.1, 0.68], [0.27, 0.1, 0.25], [1.57, 0.44, 0.62], [1.09, 1.97, 0.64], [0.7, 1.72, 0.04], [1.5, 1.59, 0.08], [1.08, 0.87, 0.05], [0.86, 0.98, 0.04], [0.13, 0.17, 0.15], [1.94, 4.38, 1.07], [0.12, 0.44, 0.0], [0.18, 0.75, 0.0], [0.39, 3.54, 0.37], [0.12, 0.92, 0.0], [2.0, 4.06, 0.2], [0.05, 1.01, 0.0], [0.45, 2.2, 0.21], [0.07, 0.8, 0.0], [0.03, 0.81, 0.0], [0.22, 1.04, 0.0], [0.25, 1.12, 0.0], [0.3, 0.81, 0.0], [0.07, 0.5, 0.0], [0.14, 1.05, 0.0], [0.11, 1.22, 0.0], [0.03, 1.07, 0.0], [0.05, 1.24, 0.0], [0.05, 1.14, 0.0]]","[13, 7, 4, 3, 61, 10, 64, 8, 5, 68, 2, 75, 76, 79, 26, 28, 31, 19, 16, 37, 53, 29, 43, 54, 21, 22, 41, 20, 62, 34, 40, 24, 67]",623.2
162,1788354639301705724,921600,96041,35,33,116.1,"[0.5, 3.8, 30.7, 34.4, 34.5, 40.1, 40.2, 42.1, 42.6, 44.6, 45.7, 46.9, 49.5, 80.1, 82.2, 83.7, 85.5, 85.6, 87.3, 89.0, 89.2, 90.9, 93.6, 96.3, 96.4, 98.0, 98.2, 100.0, 100.0, 101.8, 101.8, 114.3, 116.1]","['RAIL', 'INSIDE', 'INSIDE', 'INSIDE', 'INSIDE', 'INSIDE', 'RAIL', 'RAIL', 'RAIL', 'INSIDE', 'INSIDE', 'INSIDE', 'RAIL', 'INSIDE', 'INSIDE', 'OUTSIDE', 'OUTSIDE', 'NEAR', 'NEAR', 'OUTSIDE', 'INSIDE', 'INSIDE', 'INSIDE', 'OUTSIDE', 'OUTSIDE', 'RAIL', 'RAIL', 'INSIDE', 'INSIDE', 'INSIDE', 'RAIL', 'OUTSIDE', 'RAIL']","[[0.19, 0.21, 0.06], [0.97, 1.53, 2.37], [1.04, 0.65, 1.76], [0.45, 0.11, 0.53], [0.26, 0.2, 0.4], [0.7, 0.94, 0.67], [0.27, 0.08, 0.25], [1.4, 0.39, 0.62], [1.67, 0.55, 0.21], [1.32, 1.58, 0.07], [1.27, 0.87, 0.05], [0.54, 0.81, 0.02], [0.12, 0.15, 0.15], [0.63, 2.82, 1.07], [0.32, 0.56, 0.0], [0.2, 2.29, 0.16], [0.19, 2.21, 0.17], [0.2, 0.75, 0.0], [0.08, 1.09, 0.0], [0.15, 0.92, 0.0], [0.3, 3.14, 0.18], [2.15, 3.23, 0.19], [0.34, 0.78, 0.37], [0.04, 0.84, 0.0], [0.2, 0.86, 0.0], [0.01, 0.8, 0.0], [0.06, 1.01, 0.0], [0.05, 0.84, 0.0], [0.14, 1.2, 0.0], [0.18, 1.05, 0.0], [0.05, 0.87, 0.0], [0.12, 1.07, 0.0], [0.02, 1.24, 0.0]]","[13, 7, 4, 3, 61, 10, 64, 8, 11, 2, 75, 76, 79, 26, 33, 25, 21, 31, 46, 16, 18, 41, 19, 53, 29, 43, 54, 20, 66, 62, 34, 40, 24]",555.5
163,1788354639405517045,921600,95837,35,33,116.1,"[0.5, 4.0, 33.1, 34.3, 34.4, 38.1, 40.1, 40.2, 42.5, 44.6, 45.6, 49.4, 80.1, 82.8, 83.6, 83.7, 85.5, 85.5, 87.2, 89.1, 90.9, 92.8, 93.6, 96.3, 96.4, 98.1, 100.0, 100.0, 101.9, 107.1, 107.2, 114.4, 116.1]","['RAIL', 'INSIDE', 'INSIDE', 'INSIDE', 'INSIDE', 'RAIL', 'INSIDE', 'INSIDE', 'INSIDE', 'INSIDE', 'INSIDE', 'RAIL', 'INSIDE', 'INSIDE', 'OUTSIDE', 'INSIDE', 'OUTSIDE', 'INSIDE', 'OUTSIDE', 'INSIDE', 'OUTSIDE', 'OUTSIDE', 'RAIL', 'RAIL', 'RAIL', 'INSIDE', 'NEAR', 'OUTSIDE', 'INSIDE', 'NEAR', 'RAIL', 'RAIL', 'RAIL']","[[0.2, 0.16, 0.06], [0.87, 1.41, 2.36], [0.42, 0.11, 0.6], [0.28, 0.2, 0.41], [0.9, 1.02, 0.68], [1.55, 0.44, 0.62], [1.64, 2.71, 0.64], [0.71, 1.72, 0.04], [1.51, 1.59, 0.08], [1.1, 0.87, 0.05], [0.88, 0.98, 0.04], [0.15, 0.16, 0.14], [1.92, 4.38, 1.07], [0.32, 0.42, 0.0], [0.13, 0.44, 0.0], [0.18, 1.11, 0.23], [0.32, 0.75, 0.0], [0.35, 3.54, 0.18], [0.13, 0.92, 0.0], [2.09, 4.23, 0.2], [0.04, 1.01, 0.0], [0.39, 2.2, 0.21], [0.05, 0.94, 0.0], [0.05, 0.8, 0.0], [0.03, 0.81, 0.0], [0.24, 1.04, 0.0], [0.2, 1.11, 0.0], [0.37, 0.82, 0.0], [0.03, 0.5, 0.0], [0.12, 1.05, 0.0], [0.06, 1.05, 0.0], [0.08, 1.24, 0.0], [0.03, 0.75, 0.0]]","[13, 7, 3, 61, 10, 8, 5, 68, 2, 75, 76, 79, 26, 33, 28, 25, 31, 19, 16, 37, 53, 29, 73, 43, 54, 21, 22, 41, 20, 62, 34, 24, 67]",565.4
164,1788354639503939119,921600,95950,38,35,116.1,"[0.5, 4.2, 30.7, 34.3, 34.4, 38.0, 40.0, 40.1, 42.1, 42.6, 44.6, 45.7, 46.9, 49.4, 74.5, 80.1, 82.2, 83.7, 85.5, 85.6, 87.2, 89.1, 89.2, 90.9, 93.2, 93.6, 96.3, 96.4, 98.1, 100.0, 100.0, 101.8, 103.5, 114.4, 116.1]","['RAIL', 'INSIDE', 'INSIDE', 'INSIDE', 'INSIDE', 'INSIDE', 'RAIL', 'RAIL', 'RAIL', 'INSIDE', 'INSIDE', 'INSIDE', 'INSIDE', 'RAIL', 'INSIDE', 'INSIDE', 'OUTSIDE', 'OUTSIDE', 'OUTSIDE', 'NEAR', 'OUTSIDE', 'INSIDE', 'INSIDE', 'INSIDE', 'OUTSIDE', 'OUTSIDE', 'OUTSIDE', 'RAIL', 'RAIL', 'OUTSIDE', 'INSIDE', 'INSIDE', 'RAIL', 'RAIL', 'OUTSIDE']","[[0.21, 0.14, 0.08], [0.94, 1.41, 2.37], [0.51, 0.1, 0.6], [1.05, 0.65, 1.88], [0.27, 0.2, 0.41], [0.87, 1.02, 0.67], [0.26, 0.08, 0.25], [1.56, 0.44, 0.62], [1.68, 0.55, 0.21], [0.33, 0.93, 0.02], [1.77, 1.72, 0.09], [1.23, 0.87, 0.05], [0.57, 0.81, 0.03], [0.14, 0.16, 0.14], [0.64, 2.67, 1.07], [0.3, 0.42, 0.0], [0.19, 2.29, 0.16], [0.26, 1.89, 0.17], [0.18, 2.21, 0.17], [0.13, 1.09, 0.0], [0.25, 1.07, 0.0], [0.55, 3.3, 0.18], [1.84, 2.14, 0.01], [0.43, 0.94, 0.37], [0.04, 1.01, 0.0], [0.08, 0.69, 0.0], [3.92, 2.3, 0.17], [0.05, 0.8, 0.0], [0.04, 1.01, 0.0], [1.13, 1.01, 0.01], [0.08, 0.84, 0.0], [0.13, 1.05, 0.0], [0.04, 0.87, 0.0], [0.03, 1.24, 0.0], [0.03, 0.72, 0.0]]","[13, 7, 3, 4, 61, 10, 64, 8, 11, 68, 2, 75, 76, 79, 26, 33, 28, 31, 21, 46, 16, 18, 37, 19, 53, 29, 36, 43, 54, 41, 20, 62, 34, 24, 40]",575.8
165,1788354639599906134,921600,95961,37,36,116.1,"[0.5, 4.5, 31.1, 33.4, 34.3, 34.4, 38.1, 40.1, 40.2, 42.1, 42.5, 44.6, 45.6, 49.5, 80.1, 82.8, 83.7, 85.5, 85.5, 87.2, 89.1, 90.9, 92.8, 93.7, 96.3, 96.4, 98.1, 98.3, 100.0, 100.1, 101.7, 101.8, 107.2, 107.2, 114.4, 116.1]","['RAIL', 'INSIDE', 'INSIDE', 'INSIDE', 'INSIDE', 'RAIL', 'RAIL', 'RAIL', 'INSIDE', 'INSIDE', 'INSIDE', 'INSIDE', 'INSIDE', 'RAIL', 'INSIDE', 'INSIDE', 'OUTSIDE', 'OUTSIDE', 'OUTSIDE', 'INSIDE', 'OUTSIDE', 'INSIDE', 'OUTSIDE', 'OUTSIDE', 'RAIL', 'RAIL', 'RAIL', 'NEAR', 'OUTSIDE', 'INSIDE', 'NEAR', 'RAIL', 'RAIL', 'OUTSIDE', 'RAIL', 'RAIL']","[[0.18, 0.16, 0.06], [0.9, 1.41, 2.36], [0.43, 0.11, 0.6], [0.28, 0.2, 0.41], [0.86, 1.02, 0.68], [0.26, 0.1, 0.25], [1.59, 0.44, 0.62], [0.85, 0.38, 0.21], [1.09, 1.97, 0.64], [0.69, 1.72, 0.04], [1.5, 1.59, 0.08], [1.1, 0.87, 0.05], [0.92, 0.98, 0.04], [0.14, 0.16, 0.14], [1.94, 4.38, 1.07], [0.3, 0.56, 0.0], [0.09, 0.44, 0.0], [0.27, 1.74, 0.17], [0.25, 2.36, 0.17], [0.36, 3.54, 0.37], [0.12, 0.92, 0.0], [2.15, 4.06, 0.2], [0.03, 0.84, 0.0], [0.47, 2.2, 0.21], [0.05, 1.12, 0.0], [0.04, 0.8, 0.0], [0.05, 0.81, 0.0], [0.24, 1.12, 0.0], [0.34, 0.82, 0.0], [0.04, 0.5, 0.0], [0.24, 1.23, 0.0], [0.1, 0.68, 0.0], [0.16, 1.39, 0.0], [0.02, 1.07, 0.0], [0.02, 1.24, 0.0], [0.02, 0.56, 0.0]]","[13, 7, 3, 61, 10, 64, 8, 11, 5, 68, 2, 75, 76, 79, 26, 33, 28, 31, 21, 19, 16, 37, 53, 29, 73, 43, 54, 22, 41, 20, 62, 34, 24, 40, 66, 67]",629.7
166,1788354640012489297,921600,95774,37,36,116.1,"[0.5, 33.1, 34.3, 34.4, 38.1, 40.1, 40.2, 42.1, 42.5, 44.6, 45.6, 46.9, 49.3, 80.1, 82.8, 83.7, 85.4, 85.5, 87.2, 89.1, 90.8, 90.9, 92.8, 93.6, 96.3, 96.4, 98.1, 100.0, 100.0, 101.7, 101.8, 107.2, 107.2, 108.9, 114.3, 116.1]","['INSIDE', 'INSIDE', 'INSIDE', 'INSIDE', 'INSIDE', 'RAIL', 'RAIL', 'INSIDE', 'INSIDE', 'INSIDE', 'INSIDE', 'INSIDE', 'RAIL', 'INSIDE', 'INSIDE', 'OUTSIDE', 'OUTSIDE', 'NEAR', 'INSIDE', 'OUTSIDE', 'OUTSIDE', 'INSIDE', 'OUTSIDE', 'OUTSIDE', 'RAIL', 'RAIL', 'RAIL', 'NEAR', 'OUTSIDE', 'INSIDE', 'NEAR', 'RAIL', 'OUTSIDE', 'RAIL', 'RAIL', 'RAIL']","[[0.9, 1.41, 2.36], [1.03, 0.65, 1.67], [0.39, 0.11, 0.6], [0.26, 0.2, 0.4], [1.08, 1.1, 0.68], [0.27, 0.1, 0.25], [1.56, 0.44, 0.62], [1.62, 2.71, 0.64], [0.67, 1.72, 0.03], [1.51, 1.59, 0.08], [1.08, 0.87, 0.05], [0.89, 0.98, 0.04], [0.12, 0.16, 0.14], [1.95, 4.38, 1.07], [0.29, 0.56, 0.0], [0.09, 0.44, 0.0], [0.24, 2.36, 0.17], [0.22, 0.75, 0.0], [0.42, 3.54, 0.37], [0.13, 0.92, 0.0], [1.01, 2.66, 0.19], [1.96, 4.06, 0.2], [0.03, 1.01, 0.0], [0.41, 2.2, 0.21], [0.03, 0.94, 0.0], [0.03, 0.8, 0.0], [0.06, 0.81, 0.0], [0.25, 1.12, 0.0], [0.28, 0.81, 0.0], [0.04, 0.5, 0.0], [0.15, 1.05, 0.0], [0.09, 1.05, 0.0], [0.02, 1.07, 0.0], [0.04, 1.24, 0.0], [0.08, 0.75, 0.0], [0.02, 0.95, 0.0]]","[7, 4, 3, 61, 10, 64, 8, 5, 68, 2, 75, 76, 79, 26, 33, 28, 21, 31, 19, 16, 46, 37, 53, 29, 73, 43, 54, 22, 41, 20, 62, 24, 40, 66, 67, 80]",544.1
167,1788354640110141925,921600,95675,31,31,116.1,"[0.5, 5.7, 30.7, 34.3, 34.5, 40.0, 40.1, 42.6, 44.6, 45.7, 46.9, 49.5, 80.1, 82.8, 85.5, 85.6, 87.2, 89.1, 89.2, 90.9, 93.5, 96.3, 96.4, 98.0, 100.0, 100.0, 101.7, 101.8, 103.5, 114.3, 116.1]","['RAIL', 'INSIDE', 'INSIDE', 'INSIDE', 'INSIDE', 'INSIDE', 'RAIL', 'RAIL', 'INSIDE', 'INSIDE', 'INSIDE', 'RAIL', 'INSIDE', 'INSIDE', 'OUTSIDE', 'NEAR', 'OUTSIDE', 'INSIDE', 'INSIDE', 'INSIDE', 'OUTSIDE', 'OUTSIDE', 'RAIL', 'RAIL', 'INSIDE', 'INSIDE', 'INSIDE', 'RAIL', 'OUTSIDE', 'RAIL', 'OUTSIDE']","[[0.06, 0.17, 0.05], [0.97, 1.53, 2.37], [1.03, 0.65, 1.76], [0.47, 0.1, 0.6], [0.28, 0.2, 0.4], [0.64, 0.94, 0.67], [1.57, 0.44, 0.62], [1.66, 0.55, 0.21], [1.78, 1.72, 0.09], [1.27, 0.87, 0.05], [0.53, 0.81, 0.02], [0.13, 0.16, 0.14], [1.96, 4.09, 1.07], [0.14, 0.56, 0.0], [0.18, 1.89, 0.17], [0.04, 0.93, 0.0], [0.12, 0.92, 0.0], [0.28, 3.14, 0.18], [2.04, 3.23, 0.19], [0.31, 0.78, 0.18], [0.05, 1.01, 0.0], [0.21, 0.86, 0.0], [0.03, 0.8, 0.0], [0.03, 1.01, 0.0], [0.13, 1.19, 0.0], [0.07, 0.84, 0.0], [0.16, 1.05, 0.0], [0.05, 0.87, 0.0], [0.09, 1.07, 0.0], [0.05, 1.24, 0.0], [0.03, 0.72, 0.0]]","[13, 7, 4, 3, 61, 10, 8, 11, 2, 75, 76, 79, 26, 33, 31, 19, 16, 18, 41, 22, 53, 29, 43, 54, 21, 20, 62, 24, 40, 66, 67]",682.2
168,1788354640206198987,921600,95685,42,39,116.1,"[0.5, 6.0, 31.1, 33.3, 34.3, 34.4, 38.1, 40.1, 40.2, 42.1, 42.5, 44.6, 45.6, 46.9, 49.3, 82.2, 83.6, 83.7, 85.4, 85.5, 87.2, 89.0, 89.2, 90.8, 92.8, 93.7, 96.3, 96.4, 98.1, 98.2, 98.3, 100.0, 100.1, 101.7, 101.8, 107.2, 107.2, 114.3, 116.1]","['RAIL', 'INSIDE', 'INSIDE', 'INSIDE', 'INSIDE', 'INSIDE', 'RAIL', 'RAIL', 'RAIL', 'INSIDE', 'INSIDE', 'INSIDE', 'INSIDE', 'INSIDE', 'RAIL', 'INSIDE', 'OUTSIDE', 'INSIDE', 'OUTSIDE', 'NEAR', 'OUTSIDE', 'INSIDE', 'OUTSIDE', 'OUTSIDE', 'RAIL', 'RAIL', 'RAIL', 'INSIDE', 'INSIDE', 'NEAR', 'OUTSIDE', 'INSIDE', 'INSIDE', 'RAIL', 'OUTSIDE', 'RAIL', 'OUTSIDE', 'RAIL', 'RAIL']","[[0.1, 0.19, 0.06], [0.88, 1.42, 2.36], [0.43, 0.1, 0.6], [1.05, 0.65, 1.67], [0.26, 0.2, 0.4], [1.03, 1.1, 0.67], [0.24, 0.1, 0.25], [1.58, 0.44, 0.62], [0.84, 0.38, 0.21], [1.06, 1.86, 0.63], [0.7, 1.72, 0.04], [1.47, 1.59, 0.08], [1.07, 0.87, 0.05], [0.85, 0.98, 0.04], [0.14, 0.16, 0.15], [0.64, 2.39, 1.07], [0.13, 0.44, 0.0], [0.09, 0.59, 0.0], [0.34, 0.9, 0.0], [0.08, 1.09, 0.0], [0.13, 0.92, 0.0], [1.84, 4.06, 0.2], [0.07, 1.01, 0.0], [0.04, 0.51, 0.0], [0.04, 1.12, 0.0], [0.04, 0.8, 0.0], [0.04, 0.61, 0.0], [0.21, 1.04, 0.0], [0.28, 1.24, 0.37], [0.23, 1.11, 0.0], [0.37, 0.82, 0.0], [0.06, 0.5, 0.0], [0.06, 0.51, 0.0], [0.14, 0.68, 0.0], [0.25, 1.23, 0.0], [0.08, 1.05, 0.0], [0.03, 0.89, 0.0], [0.05, 1.07, 0.0], [0.05, 0.75, 0.0]]","[13, 7, 3, 4, 61, 10, 64, 8, 11, 5, 68, 2, 75, 76, 79, 26, 28, 25, 31, 19, 16, 37, 53, 29, 73, 43, 54, 21, 22, 18, 41, 20, 62, 34, 40, 24, 67, 66, 80]",576.7
169,1788354640296447019,921600,95581,36,35,116.1,"[0.4, 30.7, 33.3, 34.3, 34.4, 40.1, 40.4, 42.1, 42.6, 44.6, 45.6, 46.9, 49.4, 79.2, 82.2, 83.4, 83.7, 83.8, 85.5, 85.6, 87.2, 89.0, 89.2, 90.8, 93.5, 96.3, 96.4, 98.1, 100.0, 100.0, 101.8, 103.5, 103.6, 114.3, 116.1]","['INSIDE', 'INSIDE', 'INSIDE', 'INSIDE', 'INSIDE', 'RAIL', 'RAIL', 'RAIL', 'INSIDE', 'INSIDE', 'INSIDE', 'INSIDE', 'RAIL', 'INSIDE', 'INSIDE', 'OUTSIDE', 'INSIDE', 'OUTSIDE', 'NEAR', 'OUTSIDE', 'INSIDE', 'INSIDE', 'INSIDE', 'OUTSIDE', 'OUTSIDE', 'RAIL', 'OUTSIDE', 'RAIL', 'INSIDE', 'INSIDE', 'INSIDE', 'RAIL', 'RAIL', 'OUTSIDE', 'RAIL']","[[0.94, 1.41, 2.37], [0.48, 0.1, 0.6], [1.04, 0.65, 1.76], [0.27, 0.2, 0.41], [0.82, 1.02, 0.67], [0.26, 0.08, 0.25], [1.57, 0.44, 0.62], [1.67, 0.55, 0.21], [1.92, 2.71, 0.66], [1.77, 1.74, 0.09], [1.21, 0.87, 0.05], [0.57, 0.81, 0.02], [0.19, 0.18, 0.15], [1.84, 2.36, 0.84], [0.66, 2.97, 1.07], [0.11, 0.44, 0.0], [0.1, 0.59, 0.0], [0.28, 0.9, 0.0], [0.09, 1.09, 0.0], [0.31, 1.07, 0.0], [0.38, 3.14, 0.18], [2.14, 3.23, 0.19], [0.39, 0.94, 0.37], [0.06, 1.01, 0.0], [0.06, 0.69, 0.0], [0.05, 0.8, 0.0], [0.69, 0.74, 0.01], [0.04, 1.01, 0.0], [0.3, 1.34, 0.0], [0.05, 0.84, 0.0], [0.12, 1.05, 0.0], [0.05, 0.87, 0.0], [0.06, 1.24, 0.0], [0.03, 0.72, 0.0], [0.09, 1.08, 0.0]]","[7, 3, 4, 61, 10, 64, 8, 11, 5, 2, 75, 76, 79, 33, 26, 28, 25, 31, 19, 16, 18, 37, 22, 53, 29, 43, 21, 54, 46, 20, 40, 24, 66, 67, 73]",553.1
170,1788354640399745532,921600,95737,33,29,116.1,"[0.5, 31.1, 33.4, 34.4, 34.8, 38.0, 39.4, 40.2, 42.5, 44.6, 46.4, 49.4, 82.8, 85.5, 85.5, 87.2, 89.2, 90.7, 90.9, 93.5, 96.3, 98.2, 100.0, 100.1, 101.7, 101.8, 107.1, 114.4, 116.1]","['INSIDE', 'INSIDE', 'INSIDE', 'INSIDE', 'RAIL', 'RAIL', 'INSIDE', 'INSIDE', 'INSIDE', 'INSIDE', 'OUTSIDE', 'RAIL', 'INSIDE', 'INSIDE', 'OUTSIDE', 'OUTSIDE', 'OUTSIDE', 'INSIDE', 'OUTSIDE', 'OUTSIDE', 'RAIL', 'RAIL', 'INSIDE', 'OUTSIDE', 'OUTSIDE', 'RAIL', 'OUTSIDE', 'RAIL', 'RAIL']","[[0.9, 1.41, 2.35], [1.79, 0.25, 0.6], [0.27, 0.2, 0.4], [1.15, 1.1, 0.68], [0.59, 0.32, 0.62], [0.92, 0.38, 0.21], [1.06, 1.86, 0.64], [0.75, 1.71, 0.04], [1.43, 1.58, 0.08], [1.02, 0.87, 0.04], [2.61, 2.37, 0.12], [0.16, 0.17, 0.14], [2.0, 4.38, 1.07], [0.27, 3.39, 0.18], [0.11, 0.6, 0.0], [0.09, 0.76, 0.0], [0.79, 2.66, 0.19], [2.18, 5.13, 0.39], [0.05, 0.84, 0.0], [0.34, 2.2, 0.21], [0.07, 0.8, 0.0], [0.02, 0.61, 0.0], [0.09, 0.89, 0.0], [0.2, 1.12, 0.0], [0.18, 1.22, 0.0], [0.13, 1.22, 0.0], [0.02, 1.07, 0.0], [0.04, 1.07, 0.0], [0.04, 0.75, 0.0]]","[7, 3, 61, 10, 8, 11, 5, 68, 2, 75, 76, 79, 26, 22, 31, 16, 19, 37, 53, 29, 43, 54, 46, 18, 40, 24, 67, 66, 80]",615.9
171,1788354640501092399,921600,95646,37,35,116.1,"[0.5, 6.8, 30.7, 33.3, 34.3, 34.4, 38.0, 40.1, 40.4, 42.1, 42.6, 44.6, 45.6, 46.9, 49.4, 82.1, 83.4, 83.7, 83.7, 85.5, 85.6, 87.2, 89.1, 90.9, 91.0, 93.4, 96.3, 96.4, 98.1, 100.0, 100.0, 101.8, 103.5, 114.3, 116.1]","['RAIL', 'INSIDE', 'INSIDE', 'INSIDE', 'INSIDE', 'INSIDE', 'RAIL', 'RAIL', 'RAIL', 'INSIDE', 'INSIDE', 'INSIDE', 'INSIDE', 'INSIDE', 'RAIL', 'INSIDE', 'OUTSIDE', 'OUTSIDE', 'OUTSIDE', 'INSIDE', 'INSIDE', 'OUTSIDE', 'INSIDE', 'INSIDE', 'OUTSIDE', 'OUTSIDE', 'RAIL', 'OUTSIDE', 'RAIL', 'NEAR', 'INSIDE', 'INSIDE', 'RAIL', 'RAIL', 'OUTSIDE']","[[0.13, 0.16, 0.04], [0.92, 1.41, 2.37], [0.53, 0.1, 0.6], [1.04, 0.65, 1.76], [0.29, 0.2, 0.41], [0.86, 1.02, 0.67], [0.26, 0.08, 0.25], [1.57, 0.44, 0.62], [1.69, 0.55, 0.21], [1.93, 2.71, 0.66], [0.33, 0.92, 0.02], [1.78, 1.74, 0.09], [1.21, 0.87, 0.05], [0.58, 0.81, 0.03], [0.17, 0.17, 0.15], [0.63, 2.96, 1.07], [0.13, 0.44, 0.0], [0.28, 1.74, 0.17], [0.26, 2.36, 0.17], [0.09, 0.59, 0.0], [0.47, 3.54, 0.18], [0.12, 0.92, 0.0], [0.11, 0.79, 0.0], [2.21, 3.23, 0.19], [0.03, 1.01, 0.0], [0.04, 0.69, 0.0], [0.04, 0.8, 0.0], [0.87, 0.89, 0.01], [0.04, 1.01, 0.0], [0.09, 0.95, 0.0], [0.07, 0.67, 0.0], [0.08, 1.05, 0.0], [0.06, 0.87, 0.0], [0.05, 1.07, 0.0], [0.02, 0.72, 0.0]]","[13, 7, 3, 4, 61, 10, 64, 8, 11, 5, 68, 2, 75, 76, 79, 26, 28, 31, 46, 25, 22, 16, 19, 37, 53, 29, 43, 21, 54, 18, 20, 40, 24, 66, 67]",625.2
172,1788354640597366947,921600,95669,33,30,114.3,"[0.5, 33.3, 34.3, 34.4, 37.7, 39.8, 42.4, 44.6, 46.4, 48.5, 49.4, 78.8, 82.9, 85.5, 85.5, 87.2, 87.3, 87.4, 89.1, 90.9, 92.6, 93.7, 96.3, 96.3, 98.1, 98.3, 99.9, 100.1, 101.7, 114.3]","['NEAR', 'INSIDE', 'INSIDE', 'INSIDE', 'INSIDE', 'RAIL', 'INSIDE', 'INSIDE', 'INSIDE', 'OUTSIDE', 'RAIL', 'INSIDE', 'OUTSIDE', 'OUTSIDE', 'INSIDE', 'OUTSIDE', 'INSIDE', 'OUTSIDE', 'OUTSIDE', 'RAIL', 'OUTSIDE', 'RAIL', 'INSIDE', 'OUTSIDE', 'OUTSIDE', 'INSIDE', 'RAIL', 'OUTSIDE', 'RAIL', 'OUTSIDE']","[[0.89, 1.34, 2.07], [1.09, 0.24, 0.6], [0.27, 0.2, 0.4], [0.89, 0.8, 0.68], [0.49, 0.39, 0.56], [1.58, 0.43, 0.62], [0.92, 1.86, 0.63], [1.18, 2.22, 0.06], [0.92, 0.87, 0.04], [2.54, 2.36, 0.11], [0.14, 0.16, 0.15], [1.18, 2.63, 0.85], [0.1, 0.76, 0.0], [0.09, 0.75, 0.0], [0.34, 3.39, 0.37], [0.18, 0.77, 0.0], [1.85, 4.23, 0.2], [0.04, 0.84, 0.0], [0.43, 2.2, 0.21], [0.4, 0.51, 0.74], [1.72, 1.85, 0.01], [0.04, 0.8, 0.0], [0.1, 0.75, 0.0], [0.26, 1.12, 0.0], [0.3, 0.65, 0.0], [0.12, 1.01, 0.0], [0.06, 0.69, 0.0], [0.13, 1.05, 0.0], [0.17, 1.22, 0.0], [0.03, 0.71, 0.0]]","[7, 3, 61, 10, 4, 8, 5, 68, 75, 76, 79, 33, 46, 31, 22, 16, 37, 53, 29, 25, 21, 43, 26, 18, 41, 20, 34, 40, 24, 67]",556.7
173,1788354640698064057,921600,95666,39,34,116.1,"[0.5, 31.1, 33.4, 34.3, 34.4, 37.7, 39.4, 40.2, 42.1, 42.5, 44.6, 45.5, 49.2, 78.8, 83.4, 85.6, 85.6, 87.2, 89.1, 90.7, 90.8, 90.9, 93.6, 93.7, 96.3, 97.9, 98.1, 98.3, 100.0, 100.1, 101.8, 109.0, 114.3, 116.1]","['INSIDE', 'INSIDE', 'INSIDE', 'INSIDE', 'RAIL', 'RAIL', 'RAIL', 'INSIDE', 'INSIDE', 'INSIDE', 'INSIDE', 'INSIDE', 'RAIL', 'INSIDE', 'OUTSIDE', 'INSIDE', 'OUTSIDE', 'INSIDE', 'OUTSIDE', 'OUTSIDE', 'OUTSIDE', 'RAIL', 'RAIL', 'NEAR', 'RAIL', 'RAIL', 'INSIDE', 'RAIL', 'NEAR', 'INSIDE', 'RAIL', 'NEAR', 'RAIL', 'RAIL']","[[0.88, 1.67, 2.35], [1.8, 0.08, 0.54], [0.27, 0.2, 0.41], [1.56, 1.1, 0.68], [0.21, 0.1, 0.25], [1.57, 0.44, 0.62], [0.88, 0.38, 0.21], [1.06, 1.86, 0.64], [1.22, 1.96, 0.06], [1.44, 1.58, 0.08], [1.03, 0.87, 0.04], [0.82, 0.97, 0.04], [0.12, 0.16, 0.14], [1.14, 2.63, 0.84], [0.17, 0.75, 0.0], [0.15, 3.07, 0.18], [0.05, 0.61, 0.0], [0.11, 0.48, 0.0], [2.07, 2.4, 0.19], [0.04, 1.01, 0.0], [0.27, 0.52, 0.0], [0.05, 0.57, 0.0], [0.25, 0.64, 0.43], [0.78, 1.03, 0.01], [0.03, 0.8, 0.0], [0.01, 0.61, 0.0], [0.08, 0.9, 0.0], [0.95, 0.93, 0.26], [0.31, 1.12, 0.0], [1.86, 1.94, 0.01], [0.12, 0.68, 0.0], [0.16, 1.05, 0.0], [0.09, 1.05, 0.0], [0.04, 1.24, 0.0]]","[7, 3, 61, 10, 64, 8, 11, 5, 68, 2, 75, 76, 79, 33, 31, 22, 16, 19, 41, 53, 29, 80, 62, 21, 43, 54, 26, 46, 18, 37, 34, 40, 24, 66]",683.1
174,1788354640794260094,921600,95672,27,24,100.0,"[0.5, 31.3, 33.2, 34.4, 34.9, 36.3, 37.8, 42.4, 44.6, 47.5, 49.4, 82.9, 85.5, 85.6, 87.3, 87.4, 89.1, 90.8, 93.5, 96.3, 98.1, 98.2, 99.9, 100.0]","['NEAR', 'NEAR', 'INSIDE', 'INSIDE', 'RAIL', 'RAIL', 'INSIDE', 'INSIDE', 'INSIDE', 'OUTSIDE', 'RAIL', 'INSIDE', 'OUTSIDE', 'NEAR', 'OUTSIDE', 'INSIDE', 'INSIDE', 'OUTSIDE', 'RAIL', 'INSIDE', 'NEAR', 'RAIL', 'OUTSIDE', 'RAIL']","[[0.87, 1.34, 2.07], [2.19, 1.47, 1.91], [0.27, 0.2, 0.4], [0.8, 0.97, 0.13], [0.45, 0.34, 0.62], [0.55, 0.38, 0.13], [0.77, 1.85, 0.62], [0.83, 1.97, 0.04], [1.25, 1.17, 0.05], [2.48, 2.58, 0.65], [0.15, 0.16, 0.15], [1.94, 4.56, 1.09], [0.3, 2.36, 0.17], [0.09, 0.91, 0.0], [0.08, 0.75, 0.0], [0.43, 5.09, 0.37], [0.44, 5.18, 0.37], [0.15, 2.33, 0.2], [0.33, 0.97, 0.74], [1.4, 1.46, 0.0], [0.04, 0.86, 0.0], [0.1, 1.03, 0.0], [0.07, 1.05, 0.0], [0.09, 1.05, 0.0]]","[7, 4, 61, 10, 8, 11, 5, 68, 75, 2, 79, 21, 26, 25, 31, 22, 19, 53, 16, 37, 62, 34, 40, 24]",542.5
175,1788354640893813142,921600,95791,30,30,114.3,"[0.4, 31.3, 33.4, 34.4, 34.8, 37.7, 39.1, 42.1, 42.4, 44.6, 47.1, 48.5, 49.5, 82.2, 82.9, 85.5, 85.6, 87.2, 89.0, 90.7, 90.8, 93.5, 93.7, 96.3, 98.2, 100.0, 100.1, 101.7, 101.8, 114.3]","['INSIDE', 'INSIDE', 'NEAR', 'INSIDE', 'INSIDE', 'INSIDE', 'RAIL', 'RAIL', 'RAIL', 'INSIDE', 'INSIDE', 'INSIDE', 'RAIL', 'INSIDE', 'OUTSIDE', 'OUTSIDE', 'INSIDE', 'OUTSIDE', 'OUTSIDE', 'OUTSIDE', 'RAIL', 'INSIDE', 'RAIL', 'OUTSIDE', 'INSIDE', 'INSIDE', 'OUTSIDE', 'RAIL', 'OUTSIDE', 'RAIL']","[[0.89, 1.79, 2.35], [1.11, 0.09, 0.48], [1.37, 1.48, 1.89], [0.28, 0.2, 0.4], [0.83, 0.8, 0.68], [0.41, 0.39, 0.56], [0.2, 0.1, 0.25], [0.57, 0.32, 0.62], [0.55, 0.38, 0.21], [0.96, 1.86, 0.63], [1.16, 2.22, 0.06], [0.95, 0.87, 0.04], [0.16, 0.17, 0.14], [0.59, 2.53, 1.07], [1.75, 1.86, 0.17], [0.16, 0.9, 0.0], [0.38, 3.07, 0.37], [0.05, 0.61, 0.0], [1.94, 2.39, 0.18], [0.04, 0.84, 0.0], [0.02, 0.8, 0.0], [0.07, 0.75, 0.0], [0.88, 1.09, 0.26], [0.29, 1.12, 0.0], [1.85, 2.1, 0.01], [0.13, 0.69, 0.0], [0.14, 1.05, 0.0], [0.12, 1.22, 0.0], [0.02, 1.07, 0.0], [0.05, 1.07, 0.0]]","[7, 3, 4, 61, 10, 76, 64, 8, 11, 5, 68, 75, 79, 21, 26, 31, 22, 16, 41, 53, 43, 25, 46, 18, 37, 62, 40, 24, 67, 66]",556.3
176,1788354640992597501,921600,95738,30,27,105.4,"[0.5, 31.3, 33.2, 34.4, 34.9, 36.3, 37.8, 42.4, 44.6, 49.5, 82.1, 83.1, 85.5, 85.6, 87.3, 87.4, 89.1, 90.7, 93.4, 93.5, 96.3, 96.3, 98.1, 98.2, 99.9, 100.0, 105.4]","['NEAR', 'INSIDE', 'INSIDE', 'RAIL', 'RAIL', 'INSIDE', 'INSIDE', 'INSIDE', 'OUTSIDE', 'RAIL', 'INSIDE', 'OUTSIDE', 'NEAR', 'OUTSIDE', 'INSIDE', 'INSIDE', 'INSIDE', 'OUTSIDE', 'RAIL', 'RAIL', 'RAIL', 'OUTSIDE', 'INSIDE', 'INSIDE', 'RAIL', 'OUTSIDE', 'RAIL']","[[0.87, 1.34, 2.07], [0.27, 0.2, 0.4], [0.81, 0.97, 0.13], [0.43, 0.34, 0.62], [0.55, 0.38, 0.13], [0.78, 1.85, 0.62], [0.83, 1.97, 0.04], [1.22, 1.17, 0.05], [2.48, 2.58, 0.65], [0.13, 0.15, 0.15], [2.37, 4.41, 0.97], [0.16, 2.36, 0.17], [0.09, 0.91, 0.0], [0.06, 0.6, 0.0], [0.29, 3.23, 0.37], [0.84, 5.8, 0.63], [1.42, 1.65, 0.01], [0.03, 0.51, 0.0], [0.04, 1.1, 0.0], [0.27, 0.82, 0.74], [0.19, 1.33, 0.43], [0.05, 0.43, 0.0], [1.4, 1.46, 0.0], [0.08, 0.5, 0.0], [0.03, 1.03, 0.0], [0.09, 1.05, 0.0], [0.13, 1.22, 0.0]]","[7, 61, 10, 8, 11, 5, 68, 75, 2, 79, 21, 25, 22, 31, 19, 18, 41, 53, 73, 16, 62, 26, 37, 20, 34, 40, 24]",505.3
177,1788354643502070680,921600,95570,34,31,117.9,"[0.4, 31.3, 34.4, 40.4, 42.8, 44.6, 46.0, 46.9, 49.6, 75.8, 82.9, 85.5, 85.6, 87.3, 89.0, 89.1, 91.0, 92.6, 93.6, 93.7, 96.3, 96.5, 98.0, 100.0, 100.0, 101.7, 101.8, 103.6, 109.0, 116.2, 117.9]","['INSIDE', 'INSIDE', 'INSIDE', 'RAIL', 'RAIL', 'INSIDE', 'INSIDE', 'INSIDE', 'RAIL', 'INSIDE', 'INSIDE', 'OUTSIDE', 'INSIDE', 'OUTSIDE', 'INSIDE', 'OUTSIDE', 'INSIDE', 'OUTSIDE', 'NEAR', 'OUTSIDE', 'RAIL', 'RAIL', 'NEAR', 'RAIL', 'OUTSIDE', 'INSIDE', 'INSIDE', 'RAIL', 'NEAR', 'RAIL', 'RAIL']","[[0.99, 0.65, 1.75], [0.25, 0.24, 0.4], [0.62, 0.86, 0.67], [1.37, 0.39, 0.62], [0.56, 0.38, 0.21], [1.67, 1.73, 0.09], [1.42, 0.88, 0.06], [0.66, 0.82, 0.03], [0.19, 0.16, 0.16], [2.68, 2.92, 1.35], [1.99, 3.99, 1.24], [0.23, 2.34, 0.17], [0.51, 3.08, 0.37], [0.09, 0.92, 0.0], [0.18, 3.13, 0.18], [0.07, 0.47, 0.0], [0.32, 0.65, 0.0], [1.9, 2.42, 0.19], [0.03, 1.01, 0.0], [0.2, 1.2, 0.0], [0.02, 0.95, 0.0], [0.09, 1.02, 0.0], [0.09, 1.04, 0.0], [0.04, 0.82, 0.0], [1.88, 1.76, 0.01], [0.26, 1.18, 0.0], [0.09, 0.7, 0.0], [0.07, 1.05, 0.0], [0.03, 1.07, 0.0], [0.04, 1.07, 0.0], [0.11, 1.27, 0.0]]","[4, 61, 10, 8, 11, 75, 3, 76, 79, 33, 21, 31, 19, 16, 18, 22, 37, 41, 20, 29, 80, 54, 25, 43, 46, 34, 40, 24, 67, 66, 73]",454.8
178,1788354641098111292,921600,95573,35,33,116.1,"[0.5, 29.9, 31.1, 34.3, 34.4, 38.1, 39.4, 40.3, 42.6, 44.6, 45.8, 46.9, 49.4, 80.1, 82.8, 83.7, 85.5, 85.6, 87.2, 89.0, 90.8, 90.9, 93.2, 93.6, 96.3, 96.4, 98.0, 98.3, 100.0, 100.0, 101.9, 114.3, 116.1]","['INSIDE', 'INSIDE', 'INSIDE', 'INSIDE', 'INSIDE', 'RAIL', 'RAIL', 'RAIL', 'INSIDE', 'INSIDE', 'INSIDE', 'INSIDE', 'RAIL', 'INSIDE', 'INSIDE', 'OUTSIDE', 'OUTSIDE', 'OUTSIDE', 'INSIDE', 'OUTSIDE', 'OUTSIDE', 'INSIDE', 'OUTSIDE', 'OUTSIDE', 'RAIL', 'RAIL', 'NEAR', 'OUTSIDE', 'INSIDE', 'INSIDE', 'NEAR', 'RAIL', 'RAIL']","[[0.87, 1.41, 2.37], [1.84, 0.1, 0.6], [1.04, 0.65, 1.76], [0.26, 0.2, 0.4], [1.12, 1.1, 0.68], [1.56, 0.44, 0.62], [0.9, 0.38, 0.21], [0.19, 0.24, 0.2], [0.74, 1.71, 0.04], [1.64, 1.6, 0.09], [1.16, 0.87, 0.05], [1.02, 0.98, 0.04], [0.21, 0.16, 0.16], [1.97, 4.38, 1.07], [0.13, 0.56, 0.0], [0.15, 2.29, 0.16], [0.22, 2.36, 0.17], [0.18, 0.9, 0.0], [0.37, 3.54, 0.37], [0.12, 0.92, 0.0], [0.9, 2.66, 0.19], [1.97, 2.14, 0.01], [0.05, 1.01, 0.0], [0.19, 0.69, 0.0], [0.04, 0.8, 0.0], [0.03, 0.81, 0.0], [0.21, 1.11, 0.0], [1.29, 1.01, 0.01], [0.05, 0.67, 0.0], [0.22, 1.2, 0.0], [0.14, 1.05, 0.0], [0.07, 0.87, 0.0], [0.1, 1.24, 0.0]]","[7, 68, 4, 61, 10, 8, 11, 5, 75, 3, 76, 64, 79, 21, 26, 28, 25, 31, 19, 16, 18, 41, 53, 29, 54, 43, 22, 37, 34, 62, 40, 24, 66]",581.5
179,1788354641198693492,921600,95692,37,35,116.1,"[0.5, 29.9, 31.2, 33.3, 34.3, 34.4, 40.2, 40.2, 42.6, 44.6, 45.9, 46.9, 49.5, 82.2, 83.4, 83.7, 85.5, 85.6, 87.3, 89.1, 89.2, 90.9, 91.0, 93.4, 96.3, 96.4, 98.0, 100.0, 100.0, 101.7, 101.9, 103.6, 109.0, 114.4, 116.1]","['INSIDE', 'INSIDE', 'INSIDE', 'INSIDE', 'INSIDE', 'RAIL', 'RAIL', 'RAIL', 'INSIDE', 'INSIDE', 'INSIDE', 'INSIDE', 'RAIL', 'INSIDE', 'OUTSIDE', 'OUTSIDE', 'NEAR', 'OUTSIDE', 'INSIDE', 'INSIDE', 'INSIDE', 'OUTSIDE', 'OUTSIDE', 'RAIL', 'OUTSIDE', 'RAIL', 'OUTSIDE', 'RAIL', 'INSIDE', 'NEAR', 'INSIDE', 'RAIL', 'OUTSIDE', 'RAIL', 'RAIL']","[[0.96, 1.41, 2.37], [0.3, 0.11, 0.53], [1.02, 0.65, 1.67], [0.28, 0.24, 0.41], [0.75, 1.02, 0.67], [1.57, 0.44, 0.62], [0.8, 0.38, 0.21], [0.18, 0.25, 0.2], [1.92, 2.72, 0.66], [2.13, 1.88, 0.11], [1.22, 0.87, 0.05], [1.02, 0.99, 0.04], [0.15, 0.16, 0.15], [0.67, 3.71, 1.24], [0.28, 2.29, 0.16], [0.19, 1.74, 0.17], [0.04, 0.93, 0.0], [0.21, 0.92, 0.0], [0.1, 0.95, 0.0], [2.13, 3.2, 0.19], [0.22, 1.24, 0.18], [0.04, 1.01, 0.0], [0.19, 0.86, 0.0], [0.04, 0.95, 0.0], [0.32, 2.24, 0.21], [0.04, 0.8, 0.0], [0.7, 0.74, 0.01], [0.02, 1.01, 0.0], [0.13, 1.19, 0.0], [0.21, 1.11, 0.0], [0.05, 0.67, 0.0], [0.12, 1.05, 0.0], [0.03, 1.07, 0.0], [0.17, 1.24, 0.0], [0.13, 1.08, 0.0]]","[7, 68, 4, 61, 10, 8, 11, 5, 2, 3, 76, 64, 79, 21, 28, 31, 19, 16, 18, 41, 22, 53, 29, 80, 40, 54, 25, 43, 26, 37, 34, 24, 67, 66, 73]",689.8
180,1788354641297882476,921600,95532,36,34,116.1,"[0.5, 31.2, 34.4, 39.5, 40.2, 42.7, 44.6, 45.8, 46.9, 49.6, 83.0, 83.7, 85.5, 85.6, 87.2, 89.1, 89.3, 90.9, 92.7, 93.2, 93.7, 94.2, 96.3, 96.4, 98.1, 100.0, 100.0, 101.7, 101.9, 103.6, 109.0, 109.0, 114.4, 116.1]","['INSIDE', 'INSIDE', 'INSIDE', 'INSIDE', 'RAIL', 'RAIL', 'INSIDE', 'INSIDE', 'INSIDE', 'RAIL', 'INSIDE', 'OUTSIDE', 'OUTSIDE', 'OUTSIDE', 'OUTSIDE', 'INSIDE', 'INSIDE', 'INSIDE', 'OUTSIDE', 'OUTSIDE', 'RAIL', 'RAIL', 'RAIL', 'NEAR', 'INSIDE', 'OUTSIDE', 'OUTSIDE', 'INSIDE', 'INSIDE', 'RAIL', 'OUTSIDE', 'RAIL', 'RAIL', 'RAIL']","[[0.29, 0.11, 0.53], [1.0, 0.66, 1.67], [0.28, 0.24, 0.41], [0.69, 0.86, 0.67], [1.39, 0.39, 0.62], [0.68, 0.39, 0.21], [0.68, 0.84, 0.04], [1.36, 0.87, 0.06], [0.61, 0.81, 0.03], [0.14, 0.16, 0.14], [2.27, 5.85, 1.24], [0.24, 2.14, 0.16], [0.19, 1.89, 0.17], [0.09, 1.09, 0.0], [0.16, 0.92, 0.0], [0.31, 3.14, 0.18], [0.1, 0.49, 0.0], [0.68, 0.99, 0.0], [0.06, 0.84, 0.0], [0.04, 0.86, 0.0], [0.03, 0.95, 0.0], [0.07, 0.8, 0.0], [0.05, 1.01, 0.0], [0.14, 1.19, 0.0], [0.48, 0.78, 0.37], [1.77, 1.44, 0.01], [1.48, 1.34, 0.01], [0.07, 1.01, 0.0], [0.1, 0.87, 0.0], [0.07, 1.05, 0.0], [0.06, 1.07, 0.0], [0.09, 1.24, 0.0], [0.1, 1.27, 0.0], [0.05, 0.76, 0.0]]","[68, 4, 61, 10, 8, 11, 3, 76, 64, 79, 21, 28, 31, 19, 16, 18, 41, 20, 53, 29, 80, 54, 43, 26, 22, 46, 37, 34, 40, 24, 67, 66, 73, 82]",621.4
181,1788354641399742591,921600,95496,35,33,116.1,"[0.5, 31.0, 34.3, 34.4, 38.0, 40.1, 40.3, 42.1, 42.6, 44.6, 46.9, 49.4, 80.1, 82.8, 83.7, 85.5, 85.6, 87.2, 89.0, 89.2, 90.9, 93.2, 93.6, 96.3, 96.4, 98.1, 98.2, 100.0, 100.0, 101.8, 101.9, 114.3, 116.1]","['INSIDE', 'INSIDE', 'INSIDE', 'INSIDE', 'INSIDE', 'RAIL', 'RAIL', 'RAIL', 'INSIDE', 'INSIDE', 'INSIDE', 'RAIL', 'INSIDE', 'INSIDE', 'OUTSIDE', 'OUTSIDE', 'NEAR', 'OUTSIDE', 'INSIDE', 'INSIDE', 'OUTSIDE', 'OUTSIDE', 'RAIL', 'INSIDE', 'RAIL', 'NEAR', 'OUTSIDE', 'INSIDE', 'INSIDE', 'NEAR', 'RAIL', 'OUTSIDE', 'RAIL']","[[0.88, 1.41, 2.37], [0.37, 0.11, 0.53], [1.03, 0.65, 1.67], [0.28, 0.2, 0.41], [0.71, 0.94, 0.67], [0.22, 0.1, 0.25], [1.57, 0.44, 0.62], [1.01, 0.38, 0.21], [0.35, 0.92, 0.02], [1.62, 1.6, 0.09], [1.17, 0.87, 0.05], [0.12, 0.16, 0.13], [1.97, 4.09, 1.07], [0.33, 0.69, 0.0], [0.23, 2.29, 0.16], [0.26, 1.74, 0.17], [0.05, 1.09, 0.0], [0.26, 1.07, 0.0], [1.8, 2.14, 0.01], [0.32, 0.93, 0.37], [0.05, 1.01, 0.0], [0.05, 0.69, 0.0], [0.02, 0.8, 0.0], [0.29, 1.34, 0.0], [0.05, 0.81, 0.0], [0.31, 1.12, 0.0], [1.28, 1.01, 0.01], [0.07, 0.67, 0.0], [0.19, 1.2, 0.0], [0.17, 1.05, 0.0], [0.07, 1.05, 0.0], [0.08, 1.25, 0.0], [0.07, 1.24, 0.0]]","[7, 68, 4, 61, 10, 76, 8, 11, 75, 3, 64, 79, 21, 25, 28, 31, 19, 16, 20, 22, 53, 29, 54, 26, 43, 18, 37, 34, 62, 40, 24, 67, 66]",549.5
182,1788354641498160180,921600,95531,37,34,116.1,"[0.5, 31.2, 34.4, 34.7, 40.2, 40.2, 42.8, 44.6, 46.9, 49.6, 82.8, 83.6, 83.7, 85.6, 85.6, 87.3, 89.0, 89.1, 90.9, 92.8, 93.3, 93.8, 94.2, 96.3, 96.4, 98.1, 100.0, 100.0, 101.7, 101.8, 103.6, 109.0, 109.0, 116.1]","['INSIDE', 'INSIDE', 'INSIDE', 'INSIDE', 'INSIDE', 'RAIL', 'RAIL', 'INSIDE', 'INSIDE', 'RAIL', 'INSIDE', 'OUTSIDE', 'OUTSIDE', 'INSIDE', 'OUTSIDE', 'INSIDE', 'OUTSIDE', 'INSIDE', 'INSIDE', 'NEAR', 'OUTSIDE', 'RAIL', 'OUTSIDE', 'RAIL', 'NEAR', 'OUTSIDE', 'OUTSIDE', 'INSIDE', 'INSIDE', 'RAIL', 'NEAR', 'RAIL', 'RAIL', 'RAIL']","[[1.5, 2.27, 2.41], [0.29, 0.12, 0.53], [1.01, 0.65, 1.88], [0.27, 0.24, 0.4], [0.6, 0.86, 0.67], [1.37, 0.39, 0.62], [0.67, 0.38, 0.21], [1.32, 1.57, 0.07], [1.43, 0.88, 0.06], [0.16, 0.16, 0.14], [1.95, 3.99, 1.24], [0.25, 0.74, 0.0], [0.35, 2.04, 0.17], [0.46, 2.92, 0.37], [0.16, 1.07, 0.0], [0.39, 3.13, 0.18], [0.06, 0.47, 0.0], [0.07, 0.49, 0.0], [0.64, 0.83, 0.0], [0.04, 0.84, 0.0], [0.04, 1.03, 0.0], [0.04, 0.95, 0.0], [0.98, 1.16, 0.01], [0.04, 1.01, 0.0], [0.1, 1.04, 0.0], [1.91, 1.76, 0.01], [1.46, 1.5, 0.01], [0.08, 1.01, 0.0], [0.12, 0.7, 0.0], [0.06, 0.87, 0.0], [0.04, 0.71, 0.0], [0.02, 0.89, 0.0], [0.07, 1.08, 0.0], [0.07, 0.57, 0.0]]","[7, 68, 4, 61, 10, 8, 11, 3, 64, 79, 21, 28, 31, 19, 16, 18, 22, 41, 20, 53, 29, 80, 26, 43, 25, 46, 37, 34, 40, 24, 67, 66, 73, 82]",521.0
183,1788354641605360896,921600,95548,38,35,116.1,"[0.5, 33.4, 34.3, 34.4, 38.1, 40.1, 40.2, 42.1, 42.5, 44.6, 46.9, 49.4, 82.2, 83.4, 83.6, 83.7, 85.5, 85.5, 87.2, 89.1, 89.2, 90.9, 92.8, 93.6, 96.3, 96.4, 98.1, 98.2, 100.0, 100.1, 101.8, 107.2, 109.0, 114.3, 116.1]","['INSIDE', 'INSIDE', 'INSIDE', 'INSIDE', 'INSIDE', 'RAIL', 'RAIL', 'INSIDE', 'INSIDE', 'INSIDE', 'INSIDE', 'RAIL', 'INSIDE', 'OUTSIDE', 'OUTSIDE', 'INSIDE', 'NEAR', 'OUTSIDE', 'INSIDE', 'INSIDE', 'OUTSIDE', 'OUTSIDE', 'RAIL', 'OUTSIDE', 'RAIL', 'RAIL', 'INSIDE', 'NEAR', 'OUTSIDE', 'INSIDE', 'INSIDE', 'NEAR', 'RAIL', 'RAIL', 'RAIL']","[[0.87, 1.41, 2.36], [0.38, 0.11, 0.6], [1.05, 0.65, 1.67], [0.27, 0.24, 0.41], [1.04, 1.1, 0.68], [0.24, 0.1, 0.25], [1.56, 0.44, 0.62], [1.12, 1.98, 0.64], [0.67, 1.72, 0.03], [1.5, 1.59, 0.08], [1.09, 0.87, 0.05], [0.18, 0.15, 0.14], [0.62, 2.97, 1.07], [0.09, 0.44, 0.0], [0.34, 1.89, 0.17], [0.09, 0.59, 0.0], [0.09, 1.09, 0.0], [0.15, 0.92, 0.0], [1.96, 4.23, 0.2], [0.4, 1.24, 0.37], [0.06, 0.84, 0.0], [0.04, 0.52, 0.0], [0.05, 0.76, 0.0], [0.84, 0.74, 0.01], [0.03, 0.8, 0.0], [0.03, 0.81, 0.0], [0.22, 1.04, 0.0], [0.18, 1.11, 0.0], [0.3, 0.81, 0.0], [0.05, 0.5, 0.0], [0.14, 0.52, 0.0], [0.16, 1.22, 0.0], [0.09, 1.05, 0.0], [0.04, 1.24, 0.0], [0.03, 0.56, 0.0]]","[7, 68, 4, 61, 10, 76, 8, 2, 75, 3, 64, 79, 21, 28, 31, 25, 19, 16, 41, 22, 53, 29, 80, 26, 54, 43, 18, 37, 20, 34, 62, 40, 24, 66, 82]",553.9
184,1788354641704828786,921600,95611,31,29,116.1,"[0.5, 31.2, 34.4, 40.2, 42.7, 44.6, 46.9, 49.6, 82.8, 83.7, 85.5, 85.6, 87.2, 89.2, 89.2, 91.0, 92.7, 93.2, 93.7, 94.2, 96.3, 96.5, 98.0, 100.0, 100.1, 101.7, 101.8, 103.5, 116.1]","['INSIDE', 'INSIDE', 'INSIDE', 'RAIL', 'RAIL', 'INSIDE', 'INSIDE', 'RAIL', 'INSIDE', 'OUTSIDE', 'OUTSIDE', 'OUTSIDE', 'INSIDE', 'INSIDE', 'INSIDE', 'OUTSIDE', 'OUTSIDE', 'OUTSIDE', 'RAIL', 'NEAR', 'INSIDE', 'OUTSIDE', 'OUTSIDE', 'INSIDE', 'INSIDE', 'RAIL', 'NEAR', 'RAIL', 'OUTSIDE']","[[1.03, 0.65, 1.88], [0.28, 0.24, 0.41], [0.68, 0.94, 0.67], [1.4, 0.39, 0.62], [0.7, 0.38, 0.21], [1.72, 1.73, 0.09], [1.39, 0.87, 0.06], [0.1, 0.15, 0.14], [1.92, 3.85, 1.24], [0.2, 1.74, 0.17], [0.06, 0.93, 0.0], [0.16, 0.92, 0.0], [0.25, 3.14, 0.18], [0.17, 0.48, 0.0], [0.7, 0.99, 0.0], [0.06, 0.84, 0.0], [0.21, 1.03, 0.0], [0.97, 1.3, 0.01], [0.04, 1.01, 0.0], [0.21, 1.19, 0.0], [0.14, 0.62, 0.0], [1.82, 1.44, 0.01], [1.51, 1.5, 0.01], [0.23, 1.01, 0.0], [0.04, 0.7, 0.0], [0.19, 1.04, 0.0], [0.04, 1.07, 0.0], [0.05, 1.07, 0.0], [0.06, 1.08, 0.0]]","[4, 61, 10, 8, 11, 3, 64, 79, 21, 31, 19, 16, 37, 41, 20, 53, 29, 26, 43, 18, 22, 46, 34, 62, 40, 24, 67, 66, 73]",478.6
185,1788354641834137859,921600,95499,33,31,116.1,"[0.5, 30.0, 31.2, 33.3, 34.3, 34.4, 40.4, 42.1, 42.6, 44.6, 46.9, 49.5, 82.8, 83.7, 85.5, 85.6, 87.3, 89.0, 89.2, 90.9, 91.0, 93.4, 96.3, 96.4, 99.9, 100.1, 101.9, 103.5, 109.0, 114.4, 116.1]","['INSIDE', 'INSIDE', 'INSIDE', 'INSIDE', 'RAIL', 'RAIL', 'RAIL', 'RAIL', 'INSIDE', 'INSIDE', 'INSIDE', 'RAIL', 'INSIDE', 'OUTSIDE', 'OUTSIDE', 'NEAR', 'OUTSIDE', 'INSIDE', 'INSIDE', 'INSIDE', 'OUTSIDE', 'RAIL', 'RAIL', 'RAIL', 'INSIDE', 'NEAR', 'INSIDE', 'INSIDE', 'RAIL', 'RAIL', 'OUTSIDE']","[[0.94, 1.41, 2.37], [1.02, 0.65, 1.67], [0.28, 0.2, 0.41], [0.82, 1.02, 0.68], [0.23, 0.08, 0.25], [1.54, 0.44, 0.62], [0.73, 0.38, 0.21], [0.18, 0.25, 0.2], [1.93, 2.72, 0.66], [1.69, 1.74, 0.09], [1.22, 0.87, 0.05], [0.13, 0.16, 0.14], [1.96, 4.98, 1.24], [0.2, 2.29, 0.16], [0.27, 1.74, 0.17], [0.05, 0.93, 0.0], [0.14, 1.07, 0.0], [0.26, 1.11, 0.0], [2.18, 3.38, 0.19], [0.22, 0.78, 0.18], [0.04, 0.84, 0.0], [0.01, 0.76, 0.0], [0.03, 0.8, 0.0], [0.05, 1.02, 0.0], [0.13, 1.19, 0.0], [0.31, 1.12, 0.0], [0.04, 0.67, 0.0], [0.05, 0.87, 0.0], [0.13, 1.05, 0.0], [0.22, 1.24, 0.0], [0.02, 0.54, 0.0]]","[7, 4, 61, 10, 76, 8, 11, 5, 2, 3, 64, 79, 21, 25, 31, 19, 16, 37, 20, 22, 53, 80, 54, 43, 18, 34, 62, 40, 24, 66, 73]",464.0
186,1788354641898380113,921600,95597,34,32,116.2,"[0.5, 31.2, 34.4, 40.1, 40.2, 42.7, 44.6, 47.0, 49.6, 82.9, 83.6, 85.5, 85.6, 87.3, 89.1, 89.3, 90.9, 92.6, 93.2, 93.7, 94.2, 96.3, 96.4, 98.1, 100.0, 100.0, 101.8, 101.9, 103.5, 111.0, 114.4, 116.2]","['INSIDE', 'INSIDE', 'INSIDE', 'INSIDE', 'RAIL', 'RAIL', 'INSIDE', 'INSIDE', 'RAIL', 'INSIDE', 'OUTSIDE', 'OUTSIDE', 'OUTSIDE', 'OUTSIDE', 'INSIDE', 'INSIDE', 'INSIDE', 'INSIDE', 'OUTSIDE', 'OUTSIDE', 'RAIL', 'RAIL', 'OUTSIDE', 'RAIL', 'OUTSIDE', 'OUTSIDE', 'INSIDE', 'INSIDE', 'RAIL', 'OUTSIDE', 'RAIL', 'OUTSIDE']","[[1.05, 0.65, 1.76], [0.34, 0.11, 0.53], [0.28, 0.24, 0.41], [0.63, 0.85, 0.67], [1.43, 0.39, 0.62], [0.71, 0.39, 0.21], [1.85, 1.73, 0.1], [1.35, 0.87, 0.06], [0.12, 0.16, 0.14], [2.04, 3.88, 1.24], [0.18, 1.74, 0.17], [0.24, 2.06, 0.17], [0.08, 1.09, 0.0], [0.18, 0.77, 0.0], [0.35, 3.14, 0.18], [0.25, 0.48, 0.0], [0.31, 0.62, 0.18], [0.69, 0.99, 0.0], [0.06, 0.84, 0.0], [0.04, 0.86, 0.0], [0.41, 0.77, 0.0], [0.03, 0.8, 0.0], [1.27, 0.6, 0.01], [0.04, 1.01, 0.0], [1.79, 1.44, 0.01], [1.41, 1.34, 0.01], [0.13, 1.01, 0.0], [0.15, 0.87, 0.0], [0.07, 1.05, 0.0], [0.14, 1.07, 0.0], [0.08, 1.24, 0.0], [0.06, 0.9, 0.0]]","[4, 68, 61, 10, 8, 11, 3, 64, 79, 21, 31, 18, 19, 16, 37, 41, 22, 20, 53, 29, 80, 54, 26, 43, 46, 34, 62, 40, 24, 67, 66, 73]",576.3
187,1788354641995296444,921600,95586,36,34,116.1,"[0.5, 31.1, 34.3, 34.4, 38.0, 40.3, 42.1, 42.6, 44.6, 46.9, 49.4, 82.9, 85.5, 85.6, 87.2, 87.3, 87.5, 89.1, 89.2, 90.8, 90.9, 93.2, 93.6, 96.3, 96.4, 98.1, 98.2, 100.0, 100.0, 101.7, 101.9, 103.5, 114.3, 116.1]","['INSIDE', 'INSIDE', 'INSIDE', 'INSIDE', 'RAIL', 'RAIL', 'RAIL', 'INSIDE', 'INSIDE', 'INSIDE', 'RAIL', 'INSIDE', 'OUTSIDE', 'OUTSIDE', 'OUTSIDE', 'NEAR', 'OUTSIDE', 'OUTSIDE', 'INSIDE', 'INSIDE', 'OUTSIDE', 'OUTSIDE', 'RAIL', 'RAIL', 'RAIL', 'NEAR', 'OUTSIDE', 'INSIDE', 'INSIDE', 'NEAR', 'RAIL', 'OUTSIDE', 'RAIL', 'OUTSIDE']","[[0.88, 1.41, 2.37], [1.01, 0.66, 1.67], [0.26, 0.24, 0.4], [0.77, 1.02, 0.67], [0.25, 0.1, 0.25], [1.58, 0.44, 0.62], [0.81, 0.38, 0.21], [0.34, 0.92, 0.02], [1.64, 1.6, 0.09], [1.18, 0.87, 0.05], [0.17, 0.16, 0.15], [2.09, 5.01, 1.24], [0.21, 1.89, 0.17], [0.25, 2.21, 0.17], [0.07, 0.76, 0.0], [0.05, 0.93, 0.0], [0.06, 0.76, 0.0], [0.87, 2.66, 0.19], [1.88, 2.14, 0.01], [0.31, 0.93, 0.37], [0.04, 1.01, 0.0], [0.05, 0.69, 0.0], [0.36, 1.01, 0.74], [0.01, 0.8, 0.0], [0.05, 1.01, 0.0], [0.25, 1.11, 0.0], [1.26, 1.01, 0.01], [0.06, 0.67, 0.0], [0.15, 1.2, 0.0], [0.13, 1.05, 0.0], [0.06, 1.05, 0.0], [0.05, 1.07, 0.0], [0.09, 1.24, 0.0], [0.02, 0.54, 0.0]]","[7, 4, 61, 10, 76, 8, 11, 75, 3, 64, 79, 21, 31, 18, 19, 22, 16, 37, 20, 41, 53, 29, 26, 54, 43, 34, 46, 62, 40, 67, 24, 73, 66, 82]",556.4
188,1788354642093806987,921600,95552,36,33,116.1,"[0.5, 31.2, 34.4, 40.2, 40.3, 42.7, 44.6, 46.9, 49.6, 82.8, 83.4, 83.5, 85.5, 85.6, 87.3, 87.3, 89.0, 89.0, 89.3, 91.0, 93.3, 93.7, 94.2, 96.3, 96.4, 98.1, 99.9, 100.1, 101.6, 101.9, 103.5, 109.0, 116.1]","['INSIDE', 'INSIDE', 'INSIDE', 'INSIDE', 'RAIL', 'RAIL', 'INSIDE', 'INSIDE', 'RAIL', 'INSIDE', 'OUTSIDE', 'OUTSIDE', 'INSIDE', 'OUTSIDE', 'OUTSIDE', 'INSIDE', 'OUTSIDE', 'INSIDE', 'INSIDE', 'INSIDE', 'OUTSIDE', 'OUTSIDE', 'RAIL', 'OUTSIDE', 'RAIL', 'NEAR', 'OUTSIDE', 'INSIDE', 'INSIDE', 'RAIL', 'RAIL', 'RAIL', 'OUTSIDE']","[[0.26, 0.11, 0.53], [1.0, 0.65, 1.88], [0.25, 0.24, 0.4], [0.71, 0.94, 0.68], [1.38, 0.39, 0.62], [0.66, 0.38, 0.21], [1.65, 1.73, 0.09], [1.4, 0.87, 0.06], [0.14, 0.16, 0.14], [1.96, 3.85, 1.24], [0.35, 0.74, 0.0], [0.28, 1.89, 0.17], [0.46, 3.22, 0.61], [0.1, 1.09, 0.0], [0.1, 0.76, 0.0], [0.29, 3.14, 0.18], [0.03, 0.47, 0.0], [1.97, 2.25, 0.19], [0.38, 0.62, 0.37], [0.72, 0.99, 0.0], [0.05, 1.01, 0.0], [0.12, 1.03, 0.0], [0.03, 0.95, 0.0], [0.59, 1.47, 0.0], [0.03, 1.01, 0.0], [0.2, 1.19, 0.0], [1.36, 1.34, 0.01], [0.18, 1.01, 0.0], [0.06, 0.7, 0.0], [0.27, 1.43, 0.29], [0.08, 0.7, 0.0], [0.09, 1.24, 0.0], [0.04, 0.72, 0.0]]","[68, 4, 61, 10, 8, 11, 3, 64, 79, 21, 28, 31, 19, 22, 16, 34, 41, 20, 26, 46, 53, 29, 80, 18, 43, 25, 62, 40, 67, 73, 24, 66, 82]",550.9
189,1788354642196401076,921600,95680,34,33,116.1,"[0.5, 34.3, 34.4, 38.0, 40.1, 40.2, 42.1, 42.5, 44.6, 46.9, 49.4, 80.1, 82.8, 83.7, 85.5, 85.6, 87.3, 89.0, 89.2, 90.8, 93.6, 96.3, 96.4, 98.1, 99.9, 100.1, 101.7, 101.9, 103.5, 107.2, 107.2, 114.3, 116.1]","['INSIDE', 'INSIDE', 'INSIDE', 'INSIDE', 'INSIDE', 'RAIL', 'RAIL', 'INSIDE', 'INSIDE', 'INSIDE', 'RAIL', 'INSIDE', 'INSIDE', 'OUTSIDE', 'OUTSIDE', 'OUTSIDE', 'NEAR', 'OUTSIDE', 'INSIDE', 'INSIDE', 'OUTSIDE', 'OUTSIDE', 'RAIL', 'RAIL', 'RAIL', 'NEAR', 'INSIDE', 'NEAR', 'RAIL', 'OUTSIDE', 'RAIL', 'OUTSIDE', 'RAIL']","[[0.86, 1.42, 2.37], [1.02, 0.65, 1.75], [0.34, 0.11, 0.53], [0.26, 0.24, 0.41], [0.63, 0.94, 0.67], [0.21, 0.1, 0.25], [1.55, 0.44, 0.62], [0.34, 0.92, 0.02], [1.9, 1.73, 0.1], [1.15, 0.87, 0.05], [0.11, 0.16, 0.14], [1.99, 4.09, 1.07], [0.29, 0.69, 0.0], [0.23, 2.29, 0.16], [0.29, 1.74, 0.17], [0.19, 2.36, 0.17], [0.04, 0.93, 0.0], [0.09, 0.76, 0.0], [2.02, 3.23, 0.19], [0.36, 1.24, 0.37], [0.05, 1.01, 0.0], [0.07, 0.69, 0.0], [0.04, 1.12, 0.0], [0.03, 0.8, 0.0], [0.03, 0.81, 0.0], [0.35, 1.12, 0.0], [0.05, 0.5, 0.0], [0.09, 1.05, 0.0], [0.11, 1.05, 0.0], [0.04, 1.07, 0.0], [0.11, 1.07, 0.0], [0.01, 0.54, 0.0], [0.06, 0.56, 0.0]]","[7, 4, 68, 61, 10, 76, 8, 75, 3, 64, 79, 21, 18, 28, 31, 25, 22, 16, 46, 26, 53, 29, 80, 54, 43, 34, 40, 67, 24, 73, 66, 82, 86]",552.9
190,1788354642299390141,921600,95650,32,29,116.1,"[0.5, 31.2, 34.4, 34.7, 40.2, 42.8, 44.6, 46.9, 49.6, 82.8, 83.5, 83.7, 85.5, 85.6, 87.3, 89.2, 91.0, 92.8, 93.6, 93.8, 96.3, 96.4, 98.1, 100.0, 100.0, 101.8, 103.5, 109.0, 116.1]","['INSIDE', 'INSIDE', 'INSIDE', 'INSIDE', 'RAIL', 'RAIL', 'INSIDE', 'INSIDE', 'RAIL', 'INSIDE', 'OUTSIDE', 'OUTSIDE', 'INSIDE', 'OUTSIDE', 'INSIDE', 'INSIDE', 'OUTSIDE', 'OUTSIDE', 'OUTSIDE', 'RAIL', 'OUTSIDE', 'RAIL', 'NEAR', 'OUTSIDE', 'INSIDE', 'INSIDE', 'NEAR', 'RAIL', 'OUTSIDE']","[[1.58, 2.27, 2.41], [0.95, 0.65, 1.75], [0.27, 0.24, 0.41], [0.59, 0.86, 0.67], [1.37, 0.39, 0.62], [0.7, 0.38, 0.21], [1.3, 1.57, 0.07], [1.4, 1.18, 0.06], [0.16, 0.15, 0.14], [1.96, 3.99, 1.24], [0.23, 0.74, 0.0], [0.18, 2.04, 0.17], [0.24, 3.08, 0.18], [0.18, 0.77, 0.0], [0.26, 2.98, 0.18], [0.09, 0.49, 0.0], [1.91, 2.42, 0.19], [0.06, 1.01, 0.0], [0.04, 1.03, 0.0], [0.04, 0.95, 0.0], [0.65, 1.04, 0.01], [0.07, 1.02, 0.0], [0.05, 0.9, 0.0], [1.86, 1.44, 0.01], [0.07, 1.01, 0.0], [0.15, 0.7, 0.0], [0.19, 1.07, 0.0], [0.05, 0.52, 0.0], [0.07, 1.09, 0.0]]","[7, 4, 61, 10, 8, 11, 3, 64, 79, 21, 28, 31, 22, 16, 37, 20, 46, 53, 29, 80, 25, 43, 19, 40, 24, 67, 73, 66, 82]",503.1
191,1788354642396856686,921600,95625,32,30,116.1,"[0.4, 34.3, 34.4, 38.1, 40.1, 40.3, 42.1, 42.5, 44.6, 46.9, 49.4, 80.1, 82.8, 83.6, 83.7, 85.4, 85.6, 87.2, 89.2, 90.8, 93.2, 93.6, 96.3, 96.4, 98.1, 100.0, 100.0, 103.5, 114.3, 116.1]","['INSIDE', 'INSIDE', 'INSIDE', 'INSIDE', 'INSIDE', 'RAIL', 'RAIL', 'INSIDE', 'INSIDE', 'INSIDE', 'RAIL', 'INSIDE', 'INSIDE', 'OUTSIDE', 'OUTSIDE', 'INSIDE', 'NEAR', 'INSIDE', 'OUTSIDE', 'INSIDE', 'OUTSIDE', 'OUTSIDE', 'RAIL', 'RAIL', 'NEAR', 'OUTSIDE', 'INSIDE', 'NEAR', 'RAIL', 'OUTSIDE']","[[0.87, 1.41, 2.37], [0.46, 0.11, 0.6], [1.03, 0.65, 1.76], [0.27, 0.2, 0.41], [1.12, 1.1, 0.68], [0.27, 0.1, 0.25], [1.57, 0.44, 0.62], [0.68, 1.58, 0.03], [1.61, 1.6, 0.09], [1.13, 0.87, 0.05], [0.2, 0.17, 0.15], [1.96, 4.38, 1.07], [0.25, 0.56, 0.0], [0.1, 0.44, 0.0], [0.18, 2.36, 0.17], [0.1, 0.59, 0.0], [0.23, 0.9, 0.0], [0.24, 3.54, 0.18], [0.16, 0.92, 0.0], [1.84, 1.97, 0.01], [0.06, 0.84, 0.0], [0.03, 0.69, 0.0], [0.03, 0.8, 0.0], [0.02, 0.81, 0.0], [0.34, 1.12, 0.0], [1.34, 1.01, 0.01], [0.05, 0.67, 0.0], [0.1, 1.05, 0.0], [0.07, 1.05, 0.0], [0.02, 0.54, 0.0]]","[7, 68, 4, 61, 10, 76, 8, 75, 3, 64, 79, 21, 18, 28, 19, 31, 16, 22, 41, 46, 53, 29, 54, 43, 34, 62, 24, 67, 66, 82]",451.3
192,1788354642493439857,921600,95636,35,33,116.1,"[0.5, 34.3, 34.4, 38.0, 40.1, 40.3, 42.1, 42.5, 44.6, 46.9, 49.4, 80.1, 82.8, 83.7, 85.5, 85.6, 87.2, 89.0, 89.2, 90.8, 93.2, 93.7, 96.3, 96.4, 98.1, 99.9, 100.0, 101.7, 103.5, 107.1, 107.2, 114.3, 116.1]","['INSIDE', 'INSIDE', 'INSIDE', 'INSIDE', 'INSIDE', 'RAIL', 'RAIL', 'INSIDE', 'INSIDE', 'INSIDE', 'RAIL', 'INSIDE', 'INSIDE', 'OUTSIDE', 'OUTSIDE', 'OUTSIDE', 'NEAR', 'OUTSIDE', 'INSIDE', 'INSIDE', 'OUTSIDE', 'OUTSIDE', 'RAIL', 'RAIL', 'RAIL', 'NEAR', 'OUTSIDE', 'INSIDE', 'NEAR', 'RAIL', 'OUTSIDE', 'OUTSIDE', 'RAIL']","[[0.87, 1.41, 2.37], [0.41, 0.11, 0.6], [1.04, 0.65, 1.76], [0.27, 0.2, 0.41], [1.07, 1.1, 0.68], [0.28, 0.1, 0.25], [1.55, 0.44, 0.62], [0.35, 0.92, 0.02], [1.61, 1.59, 0.09], [1.14, 0.87, 0.05], [0.16, 0.16, 0.15], [1.95, 4.09, 1.07], [0.3, 0.42, 0.0], [0.21, 2.29, 0.16], [0.2, 2.36, 0.17], [0.34, 0.75, 0.0], [0.07, 0.93, 0.0], [0.31, 1.07, 0.0], [1.92, 2.14, 0.01], [0.34, 0.93, 0.18], [0.04, 1.01, 0.0], [0.09, 0.69, 0.0], [0.05, 1.12, 0.0], [0.05, 0.8, 0.0], [0.02, 0.81, 0.0], [0.28, 1.11, 0.0], [1.33, 1.01, 0.01], [0.06, 0.67, 0.0], [0.11, 1.05, 0.0], [0.05, 1.05, 0.0], [0.03, 1.07, 0.0], [0.01, 0.54, 0.0], [0.11, 0.56, 0.0]]","[7, 68, 4, 61, 10, 76, 8, 75, 3, 64, 79, 21, 18, 31, 19, 16, 22, 41, 46, 26, 53, 29, 80, 54, 43, 34, 62, 24, 67, 66, 73, 82, 86]",417.4
193,1788354642598632156,921600,95579,29,27,116.1,"[0.5, 30.0, 31.2, 34.3, 40.0, 42.1, 42.6, 44.6, 46.9, 49.5, 82.8, 83.7, 85.5, 85.6, 87.3, 89.1, 89.2, 90.9, 93.5, 96.3, 96.4, 98.1, 99.9, 100.0, 103.5, 114.4, 116.1]","['INSIDE', 'INSIDE', 'INSIDE', 'RAIL', 'RAIL', 'RAIL', 'RAIL', 'INSIDE', 'INSIDE', 'RAIL', 'INSIDE', 'OUTSIDE', 'OUTSIDE', 'OUTSIDE', 'OUTSIDE', 'INSIDE', 'INSIDE', 'OUTSIDE', 'OUTSIDE', 'OUTSIDE', 'RAIL', 'RAIL', 'INSIDE', 'INSIDE', 'INSIDE', 'RAIL', 'OUTSIDE']","[[1.02, 0.65, 1.76], [0.26, 0.2, 0.4], [0.66, 0.94, 0.67], [0.23, 0.08, 0.25], [1.56, 0.44, 0.62], [0.67, 0.38, 0.21], [0.18, 0.25, 0.2], [1.77, 1.72, 0.09], [1.27, 0.87, 0.05], [0.14, 0.16, 0.15], [1.93, 4.98, 1.24], [0.32, 2.3, 0.16], [0.24, 1.89, 0.17], [0.06, 1.09, 0.0], [0.16, 1.07, 0.0], [0.2, 3.3, 0.18], [0.32, 0.78, 0.37], [1.95, 2.42, 0.19], [0.03, 0.84, 0.0], [0.08, 0.86, 0.0], [0.04, 0.6, 0.0], [0.04, 1.22, 0.0], [0.18, 1.19, 0.0], [0.09, 0.84, 0.0], [0.05, 0.87, 0.0], [0.06, 0.87, 0.0], [0.05, 0.72, 0.0]]","[4, 61, 10, 76, 8, 11, 5, 3, 64, 79, 21, 31, 16, 22, 41, 37, 26, 62, 53, 29, 54, 43, 19, 24, 67, 66, 82]",401.3
194,1788354642697424325,921600,95592,33,30,116.1,"[0.5, 30.0, 31.2, 34.3, 40.1, 42.7, 44.6, 46.9, 49.6, 82.8, 83.6, 85.5, 85.6, 87.3, 89.1, 89.2, 91.0, 92.7, 93.2, 93.7, 94.2, 96.3, 96.4, 98.0, 100.0, 100.0, 101.8, 103.5, 114.4, 116.1]","['INSIDE', 'INSIDE', 'INSIDE', 'RAIL', 'RAIL', 'RAIL', 'INSIDE', 'INSIDE', 'RAIL', 'INSIDE', 'OUTSIDE', 'OUTSIDE', 'OUTSIDE', 'INSIDE', 'INSIDE', 'INSIDE', 'INSIDE', 'OUTSIDE', 'OUTSIDE', 'OUTSIDE', 'RAIL', 'RAIL', 'NEAR', 'OUTSIDE', 'OUTSIDE', 'INSIDE', 'INSIDE', 'OUTSIDE', 'RAIL', 'OUTSIDE']","[[1.01, 0.65, 1.76], [0.26, 0.24, 0.4], [0.66, 0.94, 0.67], [1.56, 0.44, 0.62], [0.67, 0.38, 0.21], [0.17, 0.25, 0.2], [1.8, 1.72, 0.1], [1.31, 0.87, 0.06], [0.12, 0.16, 0.15], [2.02, 3.88, 1.24], [0.22, 1.89, 0.17], [0.06, 0.93, 0.0], [0.17, 0.77, 0.0], [0.18, 3.14, 0.18], [0.1, 0.49, 0.0], [0.42, 0.78, 0.37], [0.71, 0.99, 0.0], [0.05, 0.84, 0.0], [0.16, 1.03, 0.0], [1.06, 1.33, 0.01], [0.07, 0.8, 0.0], [0.02, 1.01, 0.0], [0.21, 1.19, 0.0], [1.78, 1.44, 0.01], [1.47, 1.34, 0.01], [0.08, 1.01, 0.0], [0.07, 0.87, 0.0], [0.07, 1.07, 0.0], [0.02, 0.7, 0.0], [0.04, 0.9, 0.0]]","[4, 61, 10, 8, 11, 5, 3, 64, 79, 21, 16, 22, 41, 37, 20, 26, 46, 53, 29, 25, 54, 43, 19, 40, 62, 24, 67, 73, 66, 82]",563.1
195,1788354642795528417,921600,95643,34,32,116.1,"[0.5, 30.7, 33.3, 34.3, 34.4, 38.1, 40.1, 40.4, 42.1, 42.6, 44.6, 46.9, 49.4, 80.1, 82.8, 83.6, 83.7, 85.5, 85.6, 87.3, 89.1, 91.0, 91.0, 93.4, 96.3, 96.4, 98.0, 99.9, 100.1, 103.5, 114.3, 116.1]","['INSIDE', 'INSIDE', 'INSIDE', 'INSIDE', 'INSIDE', 'RAIL', 'RAIL', 'RAIL', 'INSIDE', 'INSIDE', 'INSIDE', 'INSIDE', 'RAIL', 'INSIDE', 'INSIDE', 'OUTSIDE', 'OUTSIDE', 'OUTSIDE', 'INSIDE', 'INSIDE', 'OUTSIDE', 'INSIDE', 'INSIDE', 'OUTSIDE', 'OUTSIDE', 'OUTSIDE', 'RAIL', 'RAIL', 'NEAR', 'INSIDE', 'RAIL', 'OUTSIDE']","[[0.89, 1.41, 2.37], [1.07, 0.65, 1.67], [0.24, 0.2, 0.4], [1.16, 1.1, 0.68], [0.49, 0.1, 0.6], [0.25, 0.08, 0.25], [1.53, 0.44, 0.62], [1.69, 0.55, 0.21], [1.93, 2.71, 0.66], [0.68, 1.58, 0.03], [1.72, 1.6, 0.09], [1.22, 0.87, 0.05], [0.15, 0.17, 0.14], [1.96, 4.52, 1.07], [0.24, 0.56, 0.0], [0.11, 0.44, 0.0], [0.26, 1.59, 0.17], [0.26, 2.36, 0.17], [0.11, 0.59, 0.0], [0.38, 3.23, 0.18], [0.13, 0.92, 0.0], [0.1, 0.79, 0.0], [2.15, 3.04, 0.19], [0.03, 1.01, 0.0], [0.09, 0.69, 0.0], [0.42, 2.24, 0.21], [0.03, 0.8, 0.0], [0.02, 0.81, 0.0], [0.28, 1.12, 0.0], [0.06, 0.84, 0.0], [0.07, 0.7, 0.0], [0.02, 0.72, 0.0]]","[7, 4, 61, 10, 68, 76, 8, 11, 75, 3, 64, 88, 79, 21, 18, 28, 16, 19, 31, 26, 41, 37, 46, 53, 29, 67, 54, 43, 34, 24, 66, 82]",463.6
196,1788354642892978639,921600,95609,33,31,116.1,"[0.4, 30.0, 31.2, 34.3, 34.5, 40.2, 40.2, 42.1, 42.6, 44.6, 46.9, 49.5, 82.9, 83.4, 85.5, 85.6, 87.3, 89.0, 89.2, 90.9, 93.2, 93.6, 96.3, 96.4, 98.1, 100.0, 100.0, 101.7, 103.5, 114.4, 116.1]","['INSIDE', 'INSIDE', 'INSIDE', 'INSIDE', 'INSIDE', 'RAIL', 'RAIL', 'RAIL', 'RAIL', 'INSIDE', 'INSIDE', 'RAIL', 'INSIDE', 'OUTSIDE', 'OUTSIDE', 'NEAR', 'OUTSIDE', 'INSIDE', 'INSIDE', 'INSIDE', 'OUTSIDE', 'OUTSIDE', 'RAIL', 'OUTSIDE', 'RAIL', 'OUTSIDE', 'INSIDE', 'INSIDE', 'RAIL', 'OUTSIDE', 'OUTSIDE']","[[0.98, 1.53, 2.37], [0.35, 0.11, 0.53], [1.0, 0.65, 1.67], [0.26, 0.24, 0.4], [0.78, 1.02, 0.67], [0.22, 0.08, 0.25], [1.55, 0.44, 0.62], [0.79, 0.38, 0.21], [0.16, 0.25, 0.2], [1.28, 1.58, 0.07], [1.24, 0.87, 0.05], [0.17, 0.16, 0.15], [2.06, 3.74, 1.24], [0.24, 1.59, 0.17], [0.15, 2.21, 0.17], [0.04, 0.93, 0.0], [0.13, 0.92, 0.0], [0.5, 3.3, 0.18], [1.76, 2.13, 0.01], [0.32, 1.24, 0.37], [0.05, 0.84, 0.0], [0.08, 0.86, 0.0], [0.04, 0.6, 0.0], [0.72, 0.6, 0.01], [0.05, 1.01, 0.0], [1.35, 1.17, 0.01], [0.05, 0.84, 0.0], [0.1, 1.05, 0.0], [0.03, 0.87, 0.0], [0.06, 1.07, 0.0], [0.05, 0.72, 0.0]]","[7, 68, 4, 61, 10, 76, 8, 11, 5, 64, 88, 79, 21, 16, 19, 22, 41, 34, 46, 26, 53, 29, 54, 25, 43, 62, 24, 67, 66, 73, 82]",445.2
197,1788354642995860694,921600,95619,36,33,116.1,"[0.4, 31.2, 34.4, 34.7, 40.3, 42.8, 44.6, 46.9, 49.6, 82.2, 83.7, 85.6, 85.6, 87.2, 87.3, 89.2, 90.9, 92.8, 93.2, 93.7, 94.3, 96.3, 96.4, 98.1, 100.0, 100.0, 101.7, 101.9, 103.5, 103.7, 109.0, 114.4, 116.1]","['INSIDE', 'INSIDE', 'INSIDE', 'INSIDE', 'RAIL', 'RAIL', 'INSIDE', 'INSIDE', 'RAIL', 'INSIDE', 'OUTSIDE', 'OUTSIDE', 'INSIDE', 'OUTSIDE', 'INSIDE', 'INSIDE', 'INSIDE', 'NEAR', 'OUTSIDE', 'RAIL', 'RAIL', 'RAIL', 'RAIL', 'NEAR', 'OUTSIDE', 'OUTSIDE', 'INSIDE', 'INSIDE', 'RAIL', 'NEAR', 'RAIL', 'OUTSIDE', 'RAIL']","[[1.47, 2.27, 2.4], [0.97, 0.61, 1.66], [0.27, 0.2, 0.4], [0.63, 0.86, 0.67], [1.38, 0.39, 0.62], [0.62, 0.38, 0.21], [1.6, 1.73, 0.09], [1.38, 0.88, 0.06], [0.2, 0.16, 0.15], [0.67, 3.99, 1.24], [0.8, 2.15, 0.16], [0.31, 2.34, 0.17], [0.24, 3.08, 0.18], [0.1, 0.92, 0.0], [0.22, 3.14, 0.18], [0.08, 0.49, 0.0], [0.67, 0.99, 0.0], [0.02, 0.84, 0.0], [0.06, 1.03, 0.0], [0.02, 0.95, 0.0], [0.27, 1.47, 0.74], [0.02, 0.6, 0.0], [0.06, 1.01, 0.0], [0.09, 1.04, 0.0], [1.81, 1.76, 0.01], [1.47, 1.5, 0.01], [0.19, 1.01, 0.0], [0.05, 0.7, 0.0], [0.09, 1.05, 0.0], [0.04, 1.07, 0.0], [0.06, 1.24, 0.0], [0.06, 0.72, 0.0], [0.15, 1.27, 0.0]]","[7, 4, 61, 10, 8, 11, 64, 88, 79, 21, 31, 16, 22, 41, 34, 20, 46, 53, 29, 80, 19, 54, 43, 25, 40, 62, 24, 67, 66, 73, 85, 82, 86]",400.4
198,1788354643092442368,921600,95586,35,32,116.2,"[0.5, 31.2, 34.4, 40.2, 40.3, 42.8, 44.6, 47.0, 49.6, 82.8, 83.5, 85.5, 85.6, 87.3, 89.0, 89.2, 90.9, 92.6, 93.3, 93.8, 94.3, 96.3, 96.5, 98.1, 100.0, 100.0, 101.7, 101.8, 103.5, 103.6, 109.0, 116.2]","['INSIDE', 'INSIDE', 'INSIDE', 'INSIDE', 'RAIL', 'RAIL', 'INSIDE', 'INSIDE', 'RAIL', 'INSIDE', 'OUTSIDE', 'INSIDE', 'OUTSIDE', 'INSIDE', 'OUTSIDE', 'INSIDE', 'INSIDE', 'NEAR', 'OUTSIDE', 'RAIL', 'OUTSIDE', 'RAIL', 'NEAR', 'OUTSIDE', 'OUTSIDE', 'INSIDE', 'INSIDE', 'RAIL', 'RAIL', 'RAIL', 'OUTSIDE', 'RAIL']","[[1.01, 0.61, 1.88], [0.26, 0.12, 0.52], [0.24, 0.24, 0.4], [0.66, 0.86, 0.67], [1.39, 0.39, 0.62], [0.62, 0.38, 0.21], [1.3, 1.57, 0.07], [1.41, 0.88, 0.06], [0.12, 0.16, 0.13], [1.97, 3.99, 1.24], [0.22, 2.34, 0.17], [0.22, 3.08, 0.18], [0.12, 0.92, 0.0], [0.35, 3.29, 0.18], [0.05, 0.62, 0.0], [0.33, 0.64, 0.0], [0.61, 0.83, 0.0], [0.06, 1.01, 0.0], [0.16, 1.2, 0.0], [0.03, 0.95, 0.0], [0.64, 1.04, 0.01], [0.11, 1.02, 0.0], [0.1, 1.04, 0.0], [1.86, 1.76, 0.01], [1.4, 1.5, 0.01], [0.29, 1.18, 0.0], [0.14, 0.7, 0.0], [0.07, 0.87, 0.0], [0.39, 1.43, 0.29], [0.05, 1.07, 0.0], [0.06, 1.09, 0.0], [0.1, 1.27, 0.0]]","[4, 68, 61, 10, 8, 11, 64, 88, 79, 21, 16, 22, 41, 34, 26, 20, 46, 53, 29, 80, 25, 43, 19, 40, 62, 24, 67, 66, 73, 85, 82, 86]",399.7
199,1788354643194303262,921600,95683,33,30,116.1,"[0.5, 31.2, 34.4, 40.3, 42.7, 44.6, 46.9, 49.6, 82.8, 85.5, 85.6, 87.2, 89.1, 89.3, 90.9, 92.7, 93.2, 93.7, 94.2, 96.3, 96.4, 98.0, 100.0, 100.1, 101.7, 101.8, 103.5, 109.0, 114.4, 116.1]","['INSIDE', 'INSIDE', 'INSIDE', 'RAIL', 'RAIL', 'INSIDE', 'INSIDE', 'RAIL', 'INSIDE', 'OUTSIDE', 'OUTSIDE', 'OUTSIDE', 'INSIDE', 'INSIDE', 'INSIDE', 'OUTSIDE', 'OUTSIDE', 'RAIL', 'RAIL', 'RAIL', 'NEAR', 'INSIDE', 'OUTSIDE', 'OUTSIDE', 'INSIDE', 'INSIDE', 'RAIL', 'OUTSIDE', 'RAIL', 'OUTSIDE']","[[1.0, 0.65, 1.67], [0.26, 0.24, 0.41], [0.67, 0.94, 0.67], [1.38, 0.39, 0.62], [0.68, 0.38, 0.21], [1.39, 1.59, 0.07], [1.32, 0.87, 0.06], [0.15, 0.17, 0.15], [1.98, 5.01, 1.24], [0.23, 1.74, 0.17], [0.14, 1.09, 0.0], [0.14, 0.92, 0.0], [0.32, 3.14, 0.18], [0.19, 0.48, 0.0], [0.69, 0.99, 0.0], [0.05, 0.84, 0.0], [0.25, 1.03, 0.0], [0.03, 0.76, 0.0], [0.04, 0.8, 0.0], [0.04, 1.01, 0.0], [0.16, 1.19, 0.0], [0.11, 0.62, 0.0], [1.8, 1.76, 0.01], [1.41, 1.34, 0.01], [0.11, 1.01, 0.0], [0.14, 0.87, 0.0], [0.08, 1.05, 0.0], [0.06, 0.89, 0.0], [0.03, 1.07, 0.0], [0.06, 0.72, 0.0]]","[4, 61, 10, 8, 11, 64, 88, 79, 21, 16, 22, 41, 34, 20, 46, 53, 29, 80, 54, 43, 19, 26, 40, 62, 24, 67, 66, 73, 85, 82]",377.6
200,1788354643298794875,921600,95575,29,27,116.1,"[0.5, 30.0, 31.2, 34.3, 40.1, 42.7, 44.6, 46.9, 49.5, 82.8, 85.5, 85.6, 87.3, 89.0, 89.2, 91.0, 93.6, 96.3, 96.4, 98.1, 100.0, 100.0, 101.7, 101.8, 103.5, 114.4, 116.1]","['INSIDE', 'INSIDE', 'INSIDE', 'RAIL', 'RAIL', 'RAIL', 'INSIDE', 'INSIDE', 'RAIL', 'INSIDE', 'OUTSIDE', 'OUTSIDE', 'OUTSIDE', 'INSIDE', 'OUTSIDE', 'OUTSIDE', 'OUTSIDE', 'RAIL', 'RAIL', 'INSIDE', 'INSIDE', 'INSIDE', 'INSIDE', 'RAIL', 'OUTSIDE', 'RAIL', 'OUTSIDE']","[[1.02, 0.65, 1.75], [0.26, 0.24, 0.4], [0.69, 0.94, 0.67], [1.55, 0.44, 0.62], [0.69, 0.38, 0.21], [0.17, 0.25, 0.2], [1.82, 1.72, 0.1], [1.31, 0.87, 0.06], [0.15, 0.16, 0.15], [1.99, 5.01, 1.24], [0.19, 1.74, 0.17], [0.07, 1.09, 0.0], [0.09, 0.92, 0.0], [0.28, 3.3, 0.18], [1.97, 2.42, 0.19], [0.08, 1.01, 0.0], [0.04, 0.86, 0.0], [0.05, 0.8, 0.0], [0.06, 1.01, 0.0], [0.17, 1.19, 0.0], [0.44, 0.78, 0.37], [0.07, 0.84, 0.0], [0.07, 0.87, 0.0], [0.06, 1.05, 0.0], [0.02, 1.07, 0.0], [0.03, 1.07, 0.0], [0.04, 0.9, 0.0]]","[4, 61, 10, 8, 11, 5, 64, 88, 79, 21, 16, 22, 41, 34, 62, 53, 29, 54, 43, 19, 26, 24, 67, 66, 73, 85, 82]",389.2
201,1788354643400819161,921600,95632,33,32,116.1,"[0.5, 30.0, 31.2, 34.3, 34.4, 40.0, 42.1, 42.6, 44.6, 46.9, 49.5, 82.8, 83.4, 85.5, 85.6, 87.2, 89.1, 89.2, 90.9, 93.1, 94.2, 96.3, 96.4, 98.1, 100.0, 100.0, 101.7, 101.8, 103.5, 103.6, 114.4, 116.1]","['INSIDE', 'INSIDE', 'INSIDE', 'INSIDE', 'RAIL', 'RAIL', 'RAIL', 'RAIL', 'INSIDE', 'INSIDE', 'RAIL', 'INSIDE', 'OUTSIDE', 'NEAR', 'OUTSIDE', 'INSIDE', 'INSIDE', 'OUTSIDE', 'OUTSIDE', 'OUTSIDE', 'RAIL', 'OUTSIDE', 'RAIL', 'INSIDE', 'INSIDE', 'OUTSIDE', 'INSIDE', 'RAIL', 'OUTSIDE', 'RAIL', 'OUTSIDE', 'RAIL']","[[1.01, 1.53, 2.38], [1.0, 0.66, 1.76], [0.28, 0.24, 0.4], [0.79, 1.02, 0.68], [0.24, 0.08, 0.25], [1.58, 0.44, 0.62], [0.71, 0.38, 0.21], [0.19, 0.25, 0.2], [1.73, 1.72, 0.09], [1.26, 0.87, 0.05], [0.1, 0.17, 0.14], [1.99, 3.85, 1.24], [0.18, 1.74, 0.17], [0.05, 0.93, 0.0], [0.13, 1.22, 0.0], [0.38, 3.3, 0.18], [0.66, 1.16, 0.0], [0.06, 1.01, 0.0], [0.05, 0.86, 0.0], [0.39, 2.24, 0.21], [0.04, 0.8, 0.0], [0.79, 0.74, 0.01], [0.02, 1.01, 0.0], [0.11, 1.19, 0.0], [0.12, 0.78, 0.0], [1.34, 1.17, 0.01], [0.05, 0.84, 0.0], [0.11, 1.05, 0.0], [0.05, 1.07, 0.0], [0.02, 1.07, 0.0], [0.03, 0.72, 0.0], [0.1, 1.08, 0.0]]","[7, 4, 61, 10, 76, 8, 11, 5, 64, 88, 79, 21, 16, 22, 41, 34, 46, 53, 29, 67, 54, 25, 43, 19, 26, 62, 24, 66, 73, 85, 82, 86]",407.8
