frame,ts_ns,in_points,roi_points,raw_candidates,confirmed,max_dist,dist_list,zone_list,size_list,track_id_list,proc_ms
1,1790252237242259240,307187,92630,15,0,0.0,[],[],[],[],124.9
2,1790252237339417695,307174,92452,18,0,0.0,[],[],[],[],105.9
3,1790252237439301165,307200,92716,13,0,0.0,[],[],[],[],95.9
4,1790252237541173760,307191,93374,13,0,0.0,[],[],[],[],81.0
5,1790252237636313319,307181,94647,12,0,0.0,[],[],[],[],50.3
6,1790252237744804456,307188,95475,12,0,0.0,[],[],[],[],51.9
7,1790252237849933930,307185,95564,13,0,0.0,[],[],[],[],61.3
8,1790252237941471307,307197,95000,15,0,0.0,[],[],[],[],65.8
9,1790252238052758526,307187,93825,17,0,0.0,[],[],[],[],58.9
10,1790252238126427188,307194,93306,15,0,0.0,[],[],[],[],54.3
11,1790252238231880819,307198,93317,16,0,0.0,[],[],[],[],55.6
12,1790252238328132652,307192,93829,19,0,0.0,[],[],[],[],62.8
13,1790252238433031392,307188,95339,21,0,0.0,[],[],[],[],59.1
14,1790252238545062653,307186,95807,18,0,0.0,[],[],[],[],63.1
15,1790252238632936520,307186,95759,17,0,0.0,[],[],[],[],62.2
16,1790252238730892051,307193,96194,21,0,0.0,[],[],[],[],49.3
17,1790252238840807419,307181,96079,11,1,33.3,[33.3],['OUTSIDE'],"[[1.86, 0.27, 1.99]]",[6],59.8
18,1790252238938816325,307187,95097,21,1,33.2,[33.2],['NEAR'],"[[1.86, 0.28, 1.99]]",[6],73.3
19,1790252239029969872,307171,94117,19,0,0.0,[],[],[],[],61.3
20,1790252239128402823,307185,94007,11,2,95.1,"[34.4, 95.1]","['OUTSIDE', 'INSIDE']","[[1.52, 0.21, 1.55], [4.41, 3.52, 1.19]]","[9, 18]",38.6
21,1790252239246599995,307169,94165,19,5,96.4,"[32.8, 33.9, 39.8, 41.6, 96.4]","['NEAR', 'OUTSIDE', 'NEAR', 'INSIDE', 'INSIDE']","[[1.75, 0.23, 1.91], [0.32, 0.17, 0.81], [0.87, 0.73, 1.21], [0.44, 2.77, 0.02], [9.09, 3.65, 1.19]]","[6, 9, 21, 12, 18]",52.9
22,1790252239327459301,307173,92916,16,4,95.0,"[33.8, 40.0, 41.5, 95.0]","['OUTSIDE', 'NEAR', 'INSIDE', 'INSIDE']","[[0.37, 0.19, 0.98], [1.74, 0.65, 2.26], [0.41, 2.76, 0.02], [1.09, 3.22, 1.19]]","[9, 13, 12, 18]",55.3
23,1790252239426423168,307171,92298,23,8,96.1,"[28.7, 34.5, 37.6, 38.4, 39.8, 41.5, 89.7, 96.1]","['INSIDE', 'OUTSIDE', 'OUTSIDE', 'OUTSIDE', 'NEAR', 'INSIDE', 'INSIDE', 'INSIDE']","[[0.83, 2.63, 0.25], [0.52, 0.23, 1.27], [0.35, 0.2, 0.52], [0.05, 0.23, 0.86], [1.52, 0.72, 2.25], [0.4, 2.9, 0.02], [2.07, 3.25, 1.41], [3.54, 3.51, 1.19]]","[6, 11, 10, 5, 13, 12, 15, 18]",50.7
24,1790252239539418123,307167,88996,18,8,94.6,"[26.0, 32.3, 33.4, 35.2, 39.7, 41.4, 41.9, 94.6]","['INSIDE', 'OUTSIDE', 'OUTSIDE', 'OUTSIDE', 'NEAR', 'INSIDE', 'OUTSIDE', 'INSIDE']","[[0.43, 0.94, 0.93], [1.94, 0.29, 1.35], [0.24, 0.18, 0.66], [2.57, 0.27, 2.02], [1.61, 0.54, 2.24], [0.22, 2.89, 0.01], [1.63, 0.45, 1.58], [1.23, 1.83, 1.19]]","[6, 7, 9, 11, 13, 12, 27, 18]",54.5
25,1790252239639743161,307175,88847,15,6,94.7,"[34.8, 37.5, 39.6, 41.7, 89.8, 94.7]","['OUTSIDE', 'OUTSIDE', 'NEAR', 'OUTSIDE', 'INSIDE', 'INSIDE']","[[3.33, 0.27, 2.02], [1.26, 0.3, 1.7], [1.77, 0.53, 2.32], [1.46, 0.44, 1.57], [1.67, 1.81, 1.18], [4.96, 3.54, 1.19]]","[11, 10, 13, 27, 15, 18]",64.8
26,1790252239736847819,307161,90974,10,5,95.7,"[32.2, 36.2, 37.8, 43.2, 95.7]","['OUTSIDE', 'OUTSIDE', 'OUTSIDE', 'RAIL', 'INSIDE']","[[2.29, 0.28, 1.6], [0.39, 0.14, 0.63], [0.65, 0.16, 1.26], [1.55, 0.64, 0.67], [3.57, 3.1, 1.18]]","[7, 8, 10, 29, 18]",55.0
27,1790252239832174173,307167,93175,18,8,90.1,"[31.0, 33.8, 36.8, 37.0, 37.9, 40.8, 87.6, 90.1]","['RAIL', 'OUTSIDE', 'RAIL', 'OUTSIDE', 'OUTSIDE', 'INSIDE', 'INSIDE', 'INSIDE']","[[0.38, 0.18, 0.89], [4.65, 0.26, 2.02], [0.19, 0.13, 0.25], [0.37, 0.28, 0.9], [0.32, 0.16, 1.26], [0.44, 2.71, 0.02], [2.81, 3.05, 1.32], [1.18, 1.51, 0.18]]","[7, 9, 8, 10, 5, 12, 15, 18]",50.5
28,1790252239927417426,307173,94419,20,6,89.5,"[33.3, 35.7, 37.8, 40.1, 40.7, 89.5]","['OUTSIDE', 'OUTSIDE', 'OUTSIDE', 'INSIDE', 'NEAR', 'INSIDE']","[[5.27, 0.29, 1.89], [0.16, 0.22, 0.63], [0.43, 0.16, 1.25], [0.28, 2.7, 0.01], [4.84, 0.82, 2.29], [2.32, 1.51, 0.2]]","[9, 11, 5, 12, 13, 18]",53.9
29,1790252240039614952,307147,95865,25,12,93.9,"[30.8, 32.0, 32.5, 34.5, 35.5, 36.7, 38.5, 38.5, 40.6, 40.8, 42.6, 93.9]","['RAIL', 'OUTSIDE', 'OUTSIDE', 'OUTSIDE', 'OUTSIDE', 'OUTSIDE', 'INSIDE', 'NEAR', 'INSIDE', 'OUTSIDE', 'RAIL', 'INSIDE']","[[0.74, 0.23, 0.88], [1.54, 0.2, 1.45], [0.18, 0.12, 0.36], [0.93, 0.24, 2.02], [0.11, 0.22, 1.25], [0.49, 0.25, 1.77], [1.26, 1.37, 0.08], [2.33, 0.57, 2.28], [0.25, 2.69, 0.01], [1.08, 0.44, 1.7], [0.89, 0.57, 0.67], [1.19, 3.2, 1.18]]","[7, 9, 11, 8, 10, 5, 21, 13, 12, 27, 29, 24]",50.2
30,1790252240157736578,307171,96382,16,9,93.7,"[30.4, 31.5, 33.8, 38.0, 40.2, 41.0, 42.4, 88.3, 93.7]","['OUTSIDE', 'OUTSIDE', 'OUTSIDE', 'INSIDE', 'INSIDE', 'OUTSIDE', 'OUTSIDE', 'RAIL', 'INSIDE']","[[0.7, 0.29, 0.78], [2.19, 0.31, 1.86], [3.22, 0.25, 1.68], [3.54, 2.78, 2.65], [0.62, 2.81, 0.03], [1.48, 0.42, 1.69], [0.32, 0.19, 1.32], [0.87, 0.32, 0.61], [1.21, 3.17, 1.17]]","[7, 9, 8, 13, 12, 27, 28, 15, 24]",52.0
31,1790252240234892068,307149,96805,11,4,93.5,"[30.2, 33.7, 40.0, 93.5]","['OUTSIDE', 'OUTSIDE', 'OUTSIDE', 'INSIDE']","[[0.28, 0.11, 0.34], [6.95, 0.36, 1.83], [4.68, 0.69, 2.27], [1.12, 3.49, 1.17]]","[7, 8, 27, 24]",39.1
32,1790252240337211330,307163,96982,12,6,122.0,"[20.5, 27.3, 33.5, 36.0, 46.3, 122.0]","['INSIDE', 'INSIDE', 'OUTSIDE', 'OUTSIDE', 'NEAR', 'RAIL']","[[0.29, 0.42, 0.17], [0.71, 2.47, 0.26], [0.17, 0.2, 0.64], [7.0, 0.32, 1.92], [1.24, 0.32, 1.66], [3.64, 0.38, 0.0]]","[2, 6, 5, 8, 33, 20]",47.5
33,1790252240439827663,307177,95977,13,6,121.9,"[30.8, 35.9, 39.8, 41.3, 93.2, 121.9]","['OUTSIDE', 'OUTSIDE', 'OUTSIDE', 'OUTSIDE', 'INSIDE', 'RAIL']","[[2.0, 0.25, 1.15], [0.33, 0.27, 0.57], [0.37, 0.43, 1.67], [1.82, 0.22, 1.56], [1.47, 2.14, 1.17], [3.67, 0.38, 0.0]]","[9, 5, 27, 28, 24, 20]",38.7
34,1790252240542256868,307169,95725,9,4,93.7,"[32.7, 36.7, 41.7, 93.7]","['OUTSIDE', 'OUTSIDE', 'NEAR', 'INSIDE']","[[6.43, 0.32, 1.8], [0.25, 0.14, 1.3], [0.59, 0.18, 1.38], [2.59, 3.47, 1.18]]","[11, 5, 28, 24]",36.9
35,1790252240648472324,307159,95973,11,4,45.3,"[17.9, 31.6, 36.5, 45.3]","['INSIDE', 'OUTSIDE', 'OUTSIDE', 'NEAR']","[[0.19, 0.47, 0.18], [4.49, 0.31, 2.27], [0.31, 0.14, 1.3], [0.42, 0.23, 0.61]]","[1, 9, 5, 33]",42.9
36,1790252240737630789,307177,96428,12,9,93.0,"[30.3, 33.8, 36.4, 38.4, 39.7, 41.4, 45.7, 49.3, 93.0]","['OUTSIDE', 'INSIDE', 'OUTSIDE', 'RAIL', 'OUTSIDE', 'OUTSIDE', 'NEAR', 'NEAR', 'INSIDE']","[[2.6, 0.31, 1.92], [3.62, 2.72, 2.61], [0.39, 0.17, 1.21], [1.8, 0.13, 0.41], [1.67, 0.47, 1.66], [0.3, 0.23, 1.36], [1.33, 0.34, 1.5], [0.81, 0.31, 0.45], [1.79, 3.79, 1.17]]","[7, 8, 5, 26, 27, 28, 33, 34, 24]",57.6
37,1790252240830254709,307175,97508,12,9,93.6,"[26.5, 27.2, 31.7, 34.7, 41.3, 41.7, 42.2, 49.0, 93.6]","['INSIDE', 'INSIDE', 'OUTSIDE', 'INSIDE', 'OUTSIDE', 'RAIL', 'OUTSIDE', 'NEAR', 'INSIDE']","[[0.11, 0.93, 0.01], [1.45, 2.39, 1.07], [5.59, 0.33, 2.64], [0.05, 2.55, 0.0], [0.4, 0.16, 1.55], [0.05, 0.22, 0.08], [0.2, 0.18, 0.28], [1.92, 0.36, 1.84], [3.24, 4.01, 1.18]]","[6, 7, 9, 8, 28, 29, 32, 34, 24]",37.6
38,1790252240929469062,307183,99448,9,7,119.1,"[30.5, 33.2, 38.9, 44.6, 46.0, 48.7, 119.1]","['OUTSIDE', 'NEAR', 'RAIL', 'NEAR', 'NEAR', 'NEAR', 'RAIL']","[[3.19, 0.28, 2.64], [0.26, 0.22, 0.29], [0.93, 0.08, 0.27], [1.51, 0.33, 1.69], [0.4, 0.25, 1.2], [1.56, 0.36, 1.39], [1.07, 0.68, 0.18]]","[9, 11, 26, 35, 33, 34, 20]",49.8
39,1790252241060317945,307181,100098,16,12,93.2,"[25.2, 29.6, 30.8, 31.5, 33.1, 35.3, 44.3, 45.8, 48.6, 84.7, 89.1, 93.2]","['INSIDE', 'OUTSIDE', 'OUTSIDE', 'OUTSIDE', 'NEAR', 'OUTSIDE', 'NEAR', 'NEAR', 'NEAR', 'INSIDE', 'INSIDE', 'INSIDE']","[[0.69, 1.04, 0.07], [1.64, 0.26, 2.64], [0.25, 0.12, 0.27], [0.6, 0.15, 1.38], [0.15, 0.22, 0.29], [1.03, 0.2, 1.35], [1.39, 0.33, 1.77], [0.41, 0.25, 1.2], [1.57, 0.35, 1.3], [3.46, 3.89, 1.18], [2.46, 4.06, 1.4], [3.18, 3.43, 1.17]]","[6, 9, 11, 8, 5, 13, 35, 33, 34, 17, 23, 24]",41.0
40,1790252241139692796,307164,100642,21,15,94.4,"[29.5, 32.7, 32.7, 35.6, 36.6, 38.0, 40.6, 41.2, 41.4, 42.8, 44.2, 48.7, 86.5, 92.1, 94.4]","['OUTSIDE', 'NEAR', 'OUTSIDE', 'OUTSIDE', 'INSIDE', 'OUTSIDE', 'RAIL', 'RAIL', 'OUTSIDE', 'OUTSIDE', 'NEAR', 'RAIL', 'RAIL', 'INSIDE', 'INSIDE']","[[2.53, 0.28, 2.64], [0.73, 0.24, 0.61], [2.66, 0.22, 1.87], [0.17, 0.16, 1.34], [1.05, 2.89, 0.37], [3.74, 0.41, 1.98], [0.17, 0.14, 0.24], [0.48, 0.46, 0.08], [1.68, 0.21, 1.54], [0.47, 0.52, 2.06], [1.43, 0.35, 1.69], [1.06, 0.35, 0.76], [0.41, 0.28, 0.6], [1.68, 3.3, 1.16], [1.13, 3.4, 1.04]]","[9, 5, 8, 13, 27, 28, 29, 26, 32, 35, 33, 34, 17, 30, 24]",37.7
41,1790252241241422871,307172,100821,18,13,92.5,"[29.5, 32.5, 32.7, 34.8, 36.8, 37.8, 38.5, 40.5, 42.4, 46.9, 84.8, 88.8, 92.5]","['OUTSIDE', 'NEAR', 'OUTSIDE', 'OUTSIDE', 'INSIDE', 'INSIDE', 'NEAR', 'OUTSIDE', 'OUTSIDE', 'OUTSIDE', 'INSIDE', 'INSIDE', 'INSIDE']","[[2.52, 0.3, 2.63], [0.59, 0.25, 0.6], [2.74, 0.23, 1.87], [1.67, 0.41, 2.22], [3.26, 2.77, 2.53], [0.27, 0.68, 0.34], [3.81, 1.23, 2.52], [0.29, 0.18, 1.6], [2.34, 0.51, 2.06], [1.08, 0.49, 1.23], [3.36, 2.81, 1.52], [2.2, 2.3, 0.2], [2.82, 3.82, 1.17]]","[9, 5, 8, 13, 27, 28, 32, 35, 33, 34, 17, 23, 30]",40.5
42,1790252241337346188,307170,101285,16,9,46.8,"[29.1, 33.6, 35.4, 37.3, 37.5, 38.4, 38.8, 41.4, 46.8]","['OUTSIDE', 'OUTSIDE', 'NEAR', 'INSIDE', 'RAIL', 'INSIDE', 'OUTSIDE', 'OUTSIDE', 'OUTSIDE']","[[2.0, 0.29, 2.08], [0.07, 0.95, 0.31], [6.4, 1.08, 2.52], [0.95, 1.58, 0.06], [1.78, 0.15, 0.26], [0.24, 0.54, 0.35], [3.45, 0.48, 1.97], [0.31, 0.16, 1.54], [1.25, 0.48, 1.84]]","[9, 27, 13, 28, 29, 32, 35, 33, 34]",53.8
43,1790252241435777593,307166,100843,12,9,92.2,"[30.6, 32.7, 36.0, 36.8, 37.0, 39.1, 41.2, 46.3, 92.2]","['NEAR', 'OUTSIDE', 'NEAR', 'RAIL', 'OUTSIDE', 'OUTSIDE', 'OUTSIDE', 'OUTSIDE', 'INSIDE']","[[0.49, 0.26, 0.3], [5.53, 0.27, 2.08], [0.69, 0.92, 2.32], [0.7, 0.14, 0.3], [0.29, 0.16, 1.55], [2.87, 0.48, 1.97], [0.36, 0.14, 1.36], [4.55, 0.58, 1.75], [2.69, 3.97, 1.17]]","[5, 11, 28, 29, 35, 32, 33, 34, 30]",35.7
44,1790252241540910160,307183,99519,8,6,90.0,"[30.5, 34.0, 37.6, 46.1, 49.3, 90.0]","['OUTSIDE', 'INSIDE', 'NEAR', 'OUTSIDE', 'NEAR', 'INSIDE']","[[5.68, 0.35, 2.57], [0.53, 2.37, 0.03], [7.44, 1.0, 2.46], [4.64, 0.58, 1.83], [0.75, 0.22, 0.45], [6.56, 4.14, 1.3]]","[11, 13, 35, 34, 40, 23]",40.2
45,1790252241641737419,307163,98991,13,12,93.1,"[26.4, 28.8, 32.0, 32.9, 34.8, 38.5, 39.9, 47.2, 49.3, 84.5, 90.3, 93.1]","['INSIDE', 'OUTSIDE', 'NEAR', 'OUTSIDE', 'OUTSIDE', 'OUTSIDE', 'OUTSIDE', 'NEAR', 'OUTSIDE', 'RAIL', 'INSIDE', 'INSIDE']","[[0.38, 1.39, 0.26], [2.49, 0.27, 1.28], [0.2, 0.27, 0.58], [4.56, 0.26, 2.86], [0.57, 0.23, 1.61], [1.68, 0.44, 1.91], [0.46, 0.16, 1.4], [1.16, 0.3, 1.03], [1.3, 0.59, 1.3], [2.9, 0.29, 0.58], [6.45, 4.35, 1.4], [0.14, 0.98, 0.0]]","[6, 9, 5, 8, 28, 32, 33, 34, 40, 17, 23, 30]",52.8
46,1790252241727428470,307168,98593,5,5,90.4,"[32.3, 32.8, 37.9, 49.5, 90.4]","['NEAR', 'OUTSIDE', 'RAIL', 'OUTSIDE', 'INSIDE']","[[0.43, 0.26, 0.59], [5.31, 0.32, 2.86], [1.52, 0.09, 0.68], [0.83, 0.47, 1.3], [5.32, 3.94, 1.31]]","[5, 8, 29, 40, 23]",51.6
47,1790252241824729985,307156,99485,8,7,92.8,"[32.7, 39.0, 40.4, 49.5, 88.4, 91.1, 92.8]","['NEAR', 'OUTSIDE', 'OUTSIDE', 'OUTSIDE', 'RAIL', 'INSIDE', 'INSIDE']","[[0.59, 0.25, 0.6], [1.42, 0.2, 1.96], [0.84, 0.18, 1.33], [0.94, 0.47, 1.29], [1.25, 0.49, 0.79], [0.72, 2.27, 1.14], [0.07, 0.97, 0.0]]","[5, 32, 33, 40, 23, 30, 24]",54.2
48,1790252241928652901,307160,100537,11,10,91.6,"[32.6, 33.4, 34.2, 36.4, 40.4, 42.4, 45.8, 49.4, 88.5, 91.6]","['NEAR', 'OUTSIDE', 'OUTSIDE', 'RAIL', 'OUTSIDE', 'OUTSIDE', 'OUTSIDE', 'OUTSIDE', 'INSIDE', 'INSIDE']","[[0.71, 0.25, 0.6], [0.6, 0.31, 1.54], [0.74, 0.23, 1.87], [1.66, 0.13, 0.54], [0.74, 0.2, 1.51], [2.42, 0.55, 2.39], [3.25, 0.58, 1.8], [0.98, 0.47, 1.43], [1.04, 2.81, 1.38], [2.95, 4.17, 1.3]]","[5, 8, 28, 29, 33, 32, 34, 40, 23, 30]",41.7
49,1790252242032489949,307162,100770,12,11,91.1,"[30.7, 36.4, 37.0, 39.7, 41.3, 41.6, 42.2, 43.1, 46.6, 86.7, 91.1]","['OUTSIDE', 'RAIL', 'INSIDE', 'OUTSIDE', 'OUTSIDE', 'RAIL', 'INSIDE', 'RAIL', 'NEAR', 'INSIDE', 'INSIDE']","[[7.31, 0.4, 2.56], [1.84, 0.12, 0.4], [0.5, 2.34, 0.03], [1.29, 0.17, 1.97], [0.52, 0.57, 2.38], [0.29, 0.15, 0.57], [3.97, 2.54, 2.48], [0.52, 0.17, 0.26], [1.37, 0.35, 1.12], [3.93, 4.25, 1.15], [2.65, 3.92, 1.3]]","[11, 29, 27, 33, 32, 37, 26, 34, 40, 23, 30]",52.9
50,1790252242129653583,307150,100972,13,12,91.3,"[32.7, 34.0, 36.0, 36.6, 36.8, 38.8, 41.0, 41.9, 42.5, 44.4, 46.6, 91.3]","['OUTSIDE', 'OUTSIDE', 'INSIDE', 'RAIL', 'OUTSIDE', 'OUTSIDE', 'OUTSIDE', 'NEAR', 'OUTSIDE', 'OUTSIDE', 'NEAR', 'INSIDE']","[[1.53, 0.27, 1.24], [0.65, 0.19, 1.87], [0.97, 2.69, 0.06], [0.57, 0.1, 0.33], [2.36, 0.45, 2.15], [2.93, 0.22, 1.97], [2.47, 0.57, 2.38], [1.66, 0.3, 1.03], [6.62, 1.65, 2.48], [1.38, 0.54, 1.65], [1.7, 0.33, 1.63], [3.03, 3.81, 1.3]]","[8, 28, 27, 29, 35, 33, 32, 37, 26, 34, 40, 30]",46.0
51,1790252242234344645,307178,100867,8,6,91.4,"[27.6, 35.5, 44.6, 46.4, 85.9, 91.4]","['OUTSIDE', 'RAIL', 'OUTSIDE', 'NEAR', 'INSIDE', 'INSIDE']","[[2.79, 0.3, 2.66], [0.46, 0.12, 0.29], [0.76, 0.46, 1.1], [1.41, 0.37, 1.02], [5.29, 4.41, 1.51], [3.74, 3.51, 1.3]]","[9, 29, 34, 40, 23, 30]",48.8
52,1790252242333636988,307156,98086,12,9,91.9,"[27.5, 34.9, 37.2, 38.7, 39.6, 44.6, 46.3, 87.7, 91.9]","['OUTSIDE', 'INSIDE', 'OUTSIDE', 'OUTSIDE', 'OUTSIDE', 'OUTSIDE', 'NEAR', 'OUTSIDE', 'INSIDE']","[[3.03, 0.27, 2.76], [2.03, 2.94, 2.67], [1.61, 0.46, 1.87], [0.68, 0.2, 1.96], [0.53, 0.21, 1.65], [0.48, 0.44, 1.18], [1.53, 0.36, 0.7], [1.65, 1.46, 1.14], [5.1, 3.89, 1.3]]","[9, 13, 35, 33, 32, 34, 40, 23, 30]",45.3
53,1790252242443045535,307156,97656,14,11,91.5,"[28.7, 34.4, 34.5, 36.8, 38.0, 40.5, 41.5, 42.3, 44.5, 87.8, 91.5]","['OUTSIDE', 'INSIDE', 'NEAR', 'RAIL', 'OUTSIDE', 'OUTSIDE', 'RAIL', 'RAIL', 'OUTSIDE', 'RAIL', 'INSIDE']","[[5.75, 0.29, 1.83], [1.25, 2.43, 0.09], [2.52, 0.63, 2.33], [0.97, 0.06, 0.4], [3.48, 0.6, 2.28], [0.45, 0.47, 1.61], [0.37, 0.23, 0.83], [0.22, 0.17, 0.46], [0.29, 0.44, 1.18], [0.33, 0.5, 0.79], [7.92, 4.03, 1.3]]","[9, 13, 28, 29, 33, 32, 37, 34, 40, 23, 30]",42.0
54,1790252242533209557,307165,95385,8,5,88.9,"[34.9, 38.9, 46.3, 87.6, 88.9]","['RAIL', 'OUTSIDE', 'NEAR', 'OUTSIDE', 'INSIDE']","[[0.64, 0.11, 0.28], [3.61, 0.48, 2.04], [2.43, 0.35, 1.33], [1.19, 1.58, 1.36], [5.57, 4.0, 1.39]]","[29, 33, 40, 23, 30]",50.6
55,1790252242621508664,307158,93919,14,9,90.3,"[29.0, 30.6, 31.9, 35.2, 35.9, 45.0, 85.7, 87.0, 90.3]","['OUTSIDE', 'INSIDE', 'INSIDE', 'RAIL', 'INSIDE', 'OUTSIDE', 'INSIDE', 'RAIL', 'INSIDE']","[[0.59, 0.17, 0.78], [0.45, 2.15, 0.56], [0.48, 2.3, 0.52], [1.62, 0.2, 0.53], [0.84, 2.76, 0.05], [2.26, 0.58, 1.75], [2.96, 2.84, 0.93], [1.24, 0.51, 0.79], [2.46, 3.09, 1.3]]","[9, 11, 13, 29, 27, 40, 23, 30, 24]",49.7
56,1790252242745782803,307158,94710,9,6,44.9,"[24.8, 31.5, 36.0, 36.6, 38.0, 44.9]","['INSIDE', 'INSIDE', 'RAIL', 'OUTSIDE', 'OUTSIDE', 'OUTSIDE']","[[1.05, 2.21, 0.25], [0.05, 2.86, 0.0], [0.3, 0.08, 0.4], [1.54, 0.47, 2.15], [0.36, 0.2, 1.43], [2.32, 0.53, 1.75]]","[9, 13, 29, 35, 33, 40]",39.4
57,1790252242836955442,307164,96339,11,9,90.0,"[21.2, 35.7, 36.4, 37.9, 39.9, 41.8, 43.8, 49.3, 90.0]","['INSIDE', 'INSIDE', 'OUTSIDE', 'OUTSIDE', 'OUTSIDE', 'RAIL', 'OUTSIDE', 'NEAR', 'INSIDE']","[[0.29, 2.29, 0.04], [0.63, 2.87, 0.04], [1.6, 0.46, 2.14], [0.44, 0.14, 1.5], [2.54, 0.43, 1.95], [0.61, 0.17, 0.45], [0.5, 0.41, 1.75], [1.3, 0.24, 1.94], [2.35, 2.69, 1.29]]","[9, 27, 35, 33, 32, 37, 40, 41, 24]",50.7
58,1790252242943608340,307170,96523,12,8,91.0,"[22.5, 26.2, 29.9, 40.2, 41.4, 44.0, 46.4, 91.0]","['INSIDE', 'OUTSIDE', 'OUTSIDE', 'OUTSIDE', 'NEAR', 'OUTSIDE', 'NEAR', 'INSIDE']","[[1.18, 1.93, 0.2], [2.58, 0.28, 1.41], [0.95, 0.2, 0.5], [1.4, 0.45, 2.03], [0.59, 0.31, 0.65], [1.25, 0.41, 1.34], [0.59, 0.35, 1.23], [0.76, 2.36, 0.61]]","[9, 11, 13, 32, 37, 40, 41, 24]",61.7
59,1790252243037603723,307164,97148,9,9,90.8,"[23.5, 26.3, 29.8, 34.9, 36.2, 40.0, 42.0, 46.9, 90.8]","['NEAR', 'OUTSIDE', 'OUTSIDE', 'INSIDE', 'RAIL', 'OUTSIDE', 'INSIDE', 'INSIDE', 'OUTSIDE']","[[0.73, 0.7, 0.27], [0.53, 0.12, 0.9], [0.72, 0.21, 0.49], [0.99, 0.46, 0.29], [0.81, 0.2, 0.8], [1.31, 0.48, 1.65], [1.76, 0.88, 2.39], [3.89, 2.13, 2.29], [0.54, 1.08, 0.61]]","[9, 11, 13, 28, 29, 32, 37, 41, 24]",46.9
60,1790252243136491513,307160,97404,8,7,86.5,"[29.5, 40.3, 42.6, 44.7, 47.0, 83.0, 86.5]","['NEAR', 'OUTSIDE', 'OUTSIDE', 'NEAR', 'OUTSIDE', 'RAIL', 'INSIDE']","[[0.15, 0.22, 0.27], [0.64, 0.18, 1.06], [3.25, 0.61, 2.04], [1.03, 0.3, 1.18], [2.48, 0.53, 1.55], [1.02, 0.16, 0.34], [9.28, 3.75, 1.53]]","[13, 32, 37, 40, 41, 23, 30]",62.1
61,1790252243236082622,307150,95725,7,6,90.7,"[26.2, 40.1, 43.2, 44.6, 86.4, 90.7]","['OUTSIDE', 'OUTSIDE', 'OUTSIDE', 'NEAR', 'OUTSIDE', 'INSIDE']","[[0.15, 0.1, 0.92], [0.53, 0.22, 1.26], [0.38, 0.4, 1.35], [1.14, 0.27, 0.97], [0.79, 0.93, 0.61], [8.08, 4.41, 1.51]]","[11, 32, 37, 40, 24, 30]",34.1
62,1790252243327665294,307152,94338,14,12,90.1,"[31.0, 31.0, 33.0, 34.7, 37.0, 39.5, 40.9, 43.9, 47.9, 83.0, 84.3, 90.1]","['INSIDE', 'INSIDE', 'INSIDE', 'INSIDE', 'OUTSIDE', 'OUTSIDE', 'NEAR', 'OUTSIDE', 'RAIL', 'INSIDE', 'INSIDE', 'INSIDE']","[[0.35, 1.08, 0.03], [0.95, 2.86, 0.62], [0.6, 1.44, 0.34], [8.63, 2.01, 2.79], [2.62, 0.21, 1.86], [1.5, 0.46, 1.95], [0.41, 0.3, 1.62], [2.38, 0.58, 1.37], [0.47, 0.26, 0.65], [1.53, 1.59, 1.47], [4.22, 3.12, 1.3], [0.25, 1.24, 1.0]]","[13, 27, 28, 11, 35, 32, 34, 40, 41, 23, 30, 24]",40.4
63,1790252243422211476,307162,89628,9,6,46.8,"[25.5, 29.7, 34.7, 39.8, 40.8, 46.8]","['OUTSIDE', 'OUTSIDE', 'INSIDE', 'OUTSIDE', 'NEAR', 'OUTSIDE']","[[2.78, 0.3, 2.75], [4.63, 0.55, 2.68], [0.34, 1.46, 0.33], [0.6, 0.19, 0.87], [0.44, 0.31, 1.61], [2.36, 0.58, 1.55]]","[9, 11, 28, 32, 34, 41]",51.3
64,1790252243533547902,307157,90470,9,7,92.9,"[33.0, 34.4, 39.5, 41.7, 82.7, 88.9, 92.9]","['INSIDE', 'INSIDE', 'RAIL', 'OUTSIDE', 'OUTSIDE', 'INSIDE', 'INSIDE']","[[0.72, 1.38, 0.05], [0.6, 1.47, 0.34], [0.48, 0.18, 0.65], [4.11, 0.56, 1.95], [0.93, 1.47, 1.46], [3.19, 3.94, 1.29], [1.16, 1.13, 0.01]]","[27, 28, 34, 32, 30, 24, 42]",41.8
65,1790252243631054222,307161,94663,11,10,93.4,"[33.2, 37.5, 37.7, 37.8, 40.4, 43.4, 44.2, 83.1, 88.7, 93.4]","['INSIDE', 'INSIDE', 'OUTSIDE', 'INSIDE', 'OUTSIDE', 'OUTSIDE', 'NEAR', 'RAIL', 'INSIDE', 'INSIDE']","[[0.91, 1.53, 0.06], [0.38, 2.84, 0.67], [0.43, 0.17, 1.4], [0.96, 0.73, 0.38], [4.38, 0.6, 1.95], [0.46, 0.16, 1.44], [0.76, 0.31, 1.08], [1.19, 0.18, 0.34], [3.29, 3.42, 1.29], [2.2, 2.1, 0.63]]","[27, 29, 33, 35, 32, 37, 40, 23, 24, 42]",39.4
66,1790252243731324945,307153,97949,11,6,89.6,"[37.4, 39.2, 43.8, 46.5, 87.9, 89.6]","['NEAR', 'OUTSIDE', 'NEAR', 'OUTSIDE', 'INSIDE', 'INSIDE']","[[0.92, 0.24, 0.68], [6.69, 0.6, 1.95], [1.53, 0.35, 1.25], [1.43, 0.57, 1.42], [1.71, 3.31, 1.27], [0.2, 1.72, 0.17]]","[35, 32, 37, 41, 24, 42]",37.3
67,1790252243836344831,307159,94677,10,6,82.8,"[32.4, 33.8, 36.0, 41.2, 46.3, 82.8]","['NEAR', 'NEAR', 'OUTSIDE', 'OUTSIDE', 'OUTSIDE', 'OUTSIDE']","[[1.02, 0.71, 0.36], [5.84, 1.06, 2.49], [0.62, 0.17, 1.51], [7.68, 0.63, 1.96], [1.37, 0.56, 1.53], [1.1, 1.61, 1.47]]","[28, 27, 33, 34, 41, 30]",60.4
68,1790252243928567515,307151,91053,14,7,89.7,"[39.5, 41.8, 43.0, 44.6, 45.7, 88.0, 89.7]","['OUTSIDE', 'NEAR', 'OUTSIDE', 'RAIL', 'OUTSIDE', 'INSIDE', 'RAIL']","[[3.45, 0.58, 1.95], [0.06, 1.17, 0.0], [2.46, 0.62, 2.04], [0.44, 0.24, 0.7], [0.79, 0.51, 1.52], [2.57, 3.3, 1.28], [1.29, 0.16, 0.23]]","[32, 34, 37, 40, 41, 24, 42]",42.2
69,1790252244036246618,307149,92045,12,8,88.0,"[30.6, 37.8, 40.2, 40.8, 48.7, 82.4, 83.7, 88.0]","['OUTSIDE', 'OUTSIDE', 'NEAR', 'OUTSIDE', 'NEAR', 'RAIL', 'INSIDE', 'INSIDE']","[[0.06, 0.22, 1.34], [0.37, 0.44, 1.58], [0.44, 0.27, 0.37], [3.88, 0.55, 2.1], [0.35, 0.34, 1.5], [1.08, 0.4, 0.74], [3.57, 4.26, 1.5], [2.97, 4.32, 1.38]]","[11, 35, 32, 37, 44, 23, 30, 24]",62.6
70,1790252244128186384,307149,94397,16,9,48.4,"[28.1, 29.1, 29.5, 31.2, 33.2, 37.0, 40.2, 45.5, 48.4]","['INSIDE', 'OUTSIDE', 'OUTSIDE', 'INSIDE', 'INSIDE', 'OUTSIDE', 'OUTSIDE', 'OUTSIDE', 'NEAR']","[[0.5, 2.07, 0.28], [0.63, 0.25, 1.31], [1.07, 0.37, 0.72], [0.77, 1.21, 0.06], [4.68, 2.01, 2.71], [1.99, 0.48, 1.86], [3.89, 0.56, 2.02], [0.91, 0.51, 1.71], [0.16, 0.28, 1.49]]","[9, 11, 13, 27, 28, 35, 37, 41, 44]",39.5
71,1790252244236950319,307144,96934,19,12,88.7,"[25.4, 27.9, 29.4, 32.0, 34.1, 38.9, 39.4, 41.1, 43.4, 45.2, 48.2, 88.7]","['OUTSIDE', 'INSIDE', 'OUTSIDE', 'INSIDE', 'INSIDE', 'RAIL', 'NEAR', 'OUTSIDE', 'NEAR', 'OUTSIDE', 'NEAR', 'INSIDE']","[[1.21, 0.13, 1.87], [0.5, 1.09, 0.28], [0.39, 0.31, 0.52], [1.1, 1.56, 0.29], [7.21, 2.0, 2.74], [0.37, 0.17, 0.43], [1.65, 0.31, 1.78], [1.73, 0.56, 2.02], [2.25, 0.38, 1.45], [0.82, 0.49, 1.7], [0.25, 0.26, 1.37], [5.19, 4.41, 1.38]]","[9, 13, 11, 27, 28, 37, 35, 32, 40, 41, 44, 24]",47.9
72,1790252244335987781,307158,95055,14,8,89.1,"[27.6, 40.2, 41.1, 45.6, 48.2, 82.2, 85.7, 89.1]","['NEAR', 'NEAR', 'OUTSIDE', 'OUTSIDE', 'NEAR', 'INSIDE', 'INSIDE', 'RAIL']","[[0.17, 0.41, 0.25], [0.3, 0.3, 1.06], [0.9, 0.45, 1.99], [1.57, 0.58, 1.61], [0.22, 0.21, 0.86], [1.84, 1.44, 1.45], [6.91, 4.54, 1.52], [1.58, 0.16, 0.36]]","[13, 32, 37, 41, 44, 23, 30, 42]",51.0
73,1790252244425051270,307150,94630,6,3,45.5,"[38.6, 41.9, 45.5]","['NEAR', 'OUTSIDE', 'OUTSIDE']","[[1.45, 0.31, 1.86], [4.48, 0.63, 1.52], [1.65, 0.57, 1.61]]","[35, 37, 41]",46.3
74,1790252244531628018,307146,94417,9,6,44.8,"[29.2, 31.2, 32.9, 38.5, 41.3, 44.8]","['OUTSIDE', 'OUTSIDE', 'OUTSIDE', 'NEAR', 'OUTSIDE', 'OUTSIDE']","[[1.44, 0.39, 2.36], [1.95, 0.19, 1.59], [0.65, 0.53, 1.66], [1.54, 0.32, 1.86], [3.3, 0.61, 1.5], [2.34, 0.55, 1.69]]","[11, 28, 33, 35, 37, 41]",42.3
75,1790252244626887450,307153,95871,16,11,90.6,"[20.5, 31.0, 33.7, 34.2, 34.2, 35.1, 37.7, 41.1, 47.7, 86.1, 90.6]","['OUTSIDE', 'OUTSIDE', 'INSIDE', 'INSIDE', 'OUTSIDE', 'OUTSIDE', 'OUTSIDE', 'OUTSIDE', 'NEAR', 'INSIDE', 'INSIDE']","[[1.11, 0.64, 0.29], [1.7, 0.19, 1.33], [0.07, 1.43, 0.01], [0.11, 1.0, 0.31], [2.47, 0.57, 2.0], [1.34, 0.21, 1.41], [2.62, 0.6, 2.51], [3.3, 0.61, 1.61], [0.54, 0.21, 0.75], [3.72, 3.53, 1.41], [4.45, 3.85, 1.03]]","[9, 28, 27, 33, 11, 35, 32, 37, 44, 30, 24]",49.2
76,1790252244728134116,307195,97531,8,5,91.1,"[32.6, 35.6, 41.7, 46.7, 91.1]","['RAIL', 'OUTSIDE', 'OUTSIDE', 'RAIL', 'RAIL']","[[0.63, 0.17, 0.37], [2.5, 0.47, 1.84], [8.69, 0.65, 1.95], [0.3, 0.16, 0.92], [2.78, 0.35, 0.4]]","[27, 35, 37, 48, 24]",63.4
77,1790252244834923184,307167,97849,11,6,47.1,"[37.2, 38.1, 41.5, 43.1, 44.8, 47.1]","['INSIDE', 'OUTSIDE', 'INSIDE', 'RAIL', 'OUTSIDE', 'NEAR']","[[0.16, 1.96, 0.01], [8.71, 0.66, 2.05], [2.77, 2.53, 2.45], [0.47, 0.32, 0.76], [2.16, 0.6, 1.81], [0.59, 0.29, 0.94]]","[32, 35, 34, 40, 41, 44]",44.4
78,1790252244933106062,307189,98160,19,11,89.1,"[28.2, 32.5, 35.7, 38.6, 40.1, 41.5, 41.6, 42.7, 43.0, 47.0, 89.1]","['INSIDE', 'OUTSIDE', 'OUTSIDE', 'NEAR', 'OUTSIDE', 'INSIDE', 'NEAR', 'OUTSIDE', 'NEAR', 'NEAR', 'RAIL']","[[0.48, 1.87, 0.04], [1.83, 0.54, 1.92], [5.02, 0.61, 2.5], [1.43, 0.33, 1.85], [0.4, 0.46, 2.02], [0.36, 2.62, 0.02], [1.5, 0.32, 1.28], [0.04, 1.36, 0.39], [0.46, 0.26, 0.2], [0.58, 0.28, 0.61], [1.19, 0.19, 0.23]]","[13, 11, 33, 35, 37, 34, 40, 41, 44, 48, 42]",56.9
79,1790252245042343798,307171,98455,15,8,89.4,"[24.6, 34.4, 38.4, 40.9, 42.8, 46.9, 83.1, 89.4]","['OUTSIDE', 'OUTSIDE', 'NEAR', 'OUTSIDE', 'NEAR', 'NEAR', 'OUTSIDE', 'INSIDE']","[[0.36, 0.08, 0.88], [5.72, 0.65, 2.48], [1.29, 0.33, 1.93], [2.57, 0.66, 2.01], [0.37, 0.25, 0.2], [0.63, 0.32, 0.94], [1.94, 1.4, 1.25], [1.37, 1.86, 0.77]]","[13, 33, 35, 40, 44, 48, 23, 42]",40.4
80,1790252245152998787,307177,98707,14,9,89.8,"[19.1, 31.3, 37.6, 40.2, 43.2, 46.6, 82.6, 84.9, 89.8]","['INSIDE', 'INSIDE', 'NEAR', 'OUTSIDE', 'OUTSIDE', 'NEAR', 'INSIDE', 'INSIDE', 'INSIDE']","[[0.11, 1.75, 0.18], [1.19, 1.61, 0.33], [2.37, 0.33, 1.85], [1.22, 0.45, 1.58], [3.99, 0.57, 1.73], [0.39, 0.18, 1.55], [1.08, 1.59, 1.47], [6.24, 4.48, 1.51], [1.56, 3.15, 0.6]]","[9, 28, 35, 37, 44, 48, 23, 30, 42]",54.2
81,1790252245237464021,307146,98439,14,6,89.5,"[31.2, 36.4, 42.3, 45.6, 46.5, 89.5]","['INSIDE', 'OUTSIDE', 'NEAR', 'RAIL', 'NEAR', 'INSIDE']","[[1.11, 1.39, 0.34], [10.39, 0.69, 2.51], [0.59, 0.29, 1.41], [0.27, 0.17, 0.9], [0.29, 0.28, 0.81], [4.33, 3.74, 0.88]]","[28, 35, 44, 41, 48, 42]",37.9
82,1790252245349786238,307160,98520,18,12,91.2,"[23.3, 29.7, 31.1, 31.8, 34.4, 36.4, 39.2, 42.3, 43.8, 45.6, 46.3, 91.2]","['OUTSIDE', 'INSIDE', 'INSIDE', 'OUTSIDE', 'OUTSIDE', 'OUTSIDE', 'OUTSIDE', 'NEAR', 'OUTSIDE', 'RAIL', 'NEAR', 'INSIDE']","[[0.19, 0.17, 0.62], [0.46, 1.45, 0.04], [0.86, 1.72, 0.33], [1.91, 0.56, 1.9], [2.59, 0.47, 2.27], [0.49, 0.22, 1.58], [4.64, 0.62, 1.98], [0.74, 0.32, 1.6], [1.43, 0.53, 1.64], [0.41, 0.18, 0.9], [0.34, 0.27, 1.53], [2.65, 3.25, 1.03]]","[13, 28, 11, 33, 35, 32, 37, 44, 45, 41, 48, 47]",52.6
83,1790252245429081388,307156,96225,11,6,91.8,"[23.2, 37.1, 43.1, 45.5, 88.5, 91.8]","['OUTSIDE', 'RAIL', 'OUTSIDE', 'NEAR', 'INSIDE', 'INSIDE']","[[1.02, 0.2, 1.68], [0.46, 0.21, 0.56], [0.96, 0.47, 1.73], [1.32, 0.24, 1.72], [1.96, 3.07, 1.17], [1.99, 1.61, 1.02]]","[13, 32, 45, 48, 42, 47]",49.9
84,1790252245532591906,307160,95131,13,10,92.4,"[25.2, 30.7, 33.6, 36.8, 39.0, 40.9, 43.2, 47.3, 88.2, 92.4]","['NEAR', 'INSIDE', 'OUTSIDE', 'RAIL', 'OUTSIDE', 'NEAR', 'OUTSIDE', 'OUTSIDE', 'INSIDE', 'INSIDE']","[[0.05, 0.19, 0.22], [0.8, 0.31, 0.33], [1.52, 0.21, 2.27], [0.61, 0.22, 0.65], [0.57, 0.45, 1.55], [2.53, 0.37, 1.59], [1.4, 0.57, 1.72], [0.95, 0.54, 1.87], [1.64, 3.82, 1.39], [1.16, 0.65, 0.01]]","[13, 11, 35, 32, 37, 40, 45, 51, 42, 47]",54.8
85,1790252245638692704,307162,95187,13,8,91.1,"[30.5, 41.8, 43.0, 44.9, 45.2, 47.0, 88.3, 91.1]","['INSIDE', 'NEAR', 'OUTSIDE', 'RAIL', 'NEAR', 'OUTSIDE', 'INSIDE', 'INSIDE']","[[0.76, 0.31, 0.32], [0.44, 0.23, 0.83], [1.24, 0.59, 1.71], [0.32, 0.15, 0.79], [1.46, 0.26, 1.48], [1.04, 0.45, 1.12], [1.54, 2.27, 1.37], [2.46, 2.21, 0.26]]","[11, 44, 45, 41, 48, 51, 42, 47]",39.2
86,1790252245726777235,307169,98008,9,7,47.0,"[22.4, 30.3, 32.1, 35.5, 37.4, 41.5, 47.0]","['OUTSIDE', 'NEAR', 'INSIDE', 'OUTSIDE', 'OUTSIDE', 'OUTSIDE', 'OUTSIDE']","[[0.28, 0.15, 0.79], [0.79, 0.4, 0.32], [0.07, 2.91, 0.01], [0.46, 0.2, 1.17], [2.6, 0.54, 2.51], [4.23, 0.6, 1.72], [1.1, 0.49, 1.85]]","[13, 11, 28, 32, 37, 44, 51]",43.3
87,1790252245828157171,307171,97829,14,10,89.8,"[17.0, 22.1, 29.8, 32.8, 37.6, 42.5, 45.0, 46.6, 88.6, 89.8]","['OUTSIDE', 'OUTSIDE', 'INSIDE', 'OUTSIDE', 'OUTSIDE', 'OUTSIDE', 'NEAR', 'OUTSIDE', 'INSIDE', 'RAIL']","[[1.53, 0.99, 0.58], [0.51, 0.16, 1.73], [1.16, 2.78, 0.09], [1.6, 0.24, 2.27], [7.29, 0.68, 2.02], [1.99, 0.52, 2.02], [0.61, 0.27, 1.61], [1.3, 0.5, 1.84], [1.33, 1.19, 0.18], [0.42, 0.29, 0.36]]","[9, 13, 11, 35, 37, 45, 48, 51, 42, 47]",58.1
88,1790252245927547749,307153,96584,10,7,90.2,"[25.2, 29.5, 42.9, 45.0, 46.4, 87.6, 90.2]","['OUTSIDE', 'INSIDE', 'NEAR', 'NEAR', 'OUTSIDE', 'INSIDE', 'INSIDE']","[[0.69, 0.28, 0.85], [0.94, 2.77, 0.07], [0.18, 0.25, 0.46], [0.62, 0.24, 1.68], [0.95, 0.49, 1.83], [1.19, 3.96, 1.37], [1.59, 2.54, 0.62]]","[13, 11, 45, 48, 51, 42, 52]",43.8
89,1790252246033732187,307163,98993,11,3,89.1,"[43.4, 45.8, 89.1]","['NEAR', 'OUTSIDE', 'INSIDE']","[[0.62, 0.15, 1.72], [0.43, 0.51, 1.82], [2.99, 3.79, 1.39]]","[45, 51, 52]",59.5
90,1790252246125645532,307169,98989,9,5,45.5,"[21.9, 30.7, 36.5, 43.0, 45.5]","['OUTSIDE', 'OUTSIDE', 'OUTSIDE', 'NEAR', 'OUTSIDE']","[[0.14, 0.07, 0.95], [2.65, 0.55, 1.96], [8.54, 0.67, 2.31], [1.1, 0.19, 1.73], [0.54, 0.53, 1.71]]","[13, 33, 32, 45, 51]",45.8
91,1790252246235206976,307181,99145,10,4,45.4,"[30.8, 37.4, 43.7, 45.4]","['OUTSIDE', 'OUTSIDE', 'NEAR', 'OUTSIDE']","[[5.59, 0.59, 2.36], [6.44, 0.62, 1.8], [1.32, 0.23, 1.73], [0.3, 0.41, 1.7]]","[33, 37, 45, 51]",44.6
92,1790252246326603704,307173,99079,14,8,87.1,"[27.4, 31.1, 32.2, 36.0, 41.5, 43.6, 45.4, 87.1]","['INSIDE', 'OUTSIDE', 'INSIDE', 'OUTSIDE', 'OUTSIDE', 'NEAR', 'OUTSIDE', 'INSIDE']","[[0.42, 1.53, 0.04], [0.56, 0.16, 1.56], [0.15, 1.26, 0.27], [8.45, 0.66, 2.31], [1.43, 0.59, 2.01], [1.21, 0.27, 1.54], [0.98, 0.36, 1.71], [2.36, 1.71, 0.74]]","[11, 33, 28, 32, 44, 45, 51, 42]",41.5
93,1790252246438872318,307187,96024,12,8,88.1,"[28.5, 33.8, 36.7, 40.7, 43.7, 45.3, 86.4, 88.1]","['INSIDE', 'INSIDE', 'OUTSIDE', 'OUTSIDE', 'NEAR', 'OUTSIDE', 'INSIDE', 'INSIDE']","[[0.89, 0.8, 0.32], [0.58, 2.58, 0.03], [4.41, 0.6, 1.76], [3.0, 0.58, 2.08], [0.66, 0.24, 1.74], [1.06, 0.4, 1.71], [1.55, 2.42, 1.52], [4.14, 3.23, 1.4]]","[11, 28, 37, 40, 45, 51, 42, 52]",49.1
94,1790252246526526785,307161,96477,16,12,86.5,"[20.4, 24.6, 28.2, 30.4, 33.6, 35.5, 38.0, 40.0, 42.4, 43.4, 45.1, 86.5]","['OUTSIDE', 'NEAR', 'INSIDE', 'INSIDE', 'OUTSIDE', 'OUTSIDE', 'NEAR', 'OUTSIDE', 'RAIL', 'NEAR', 'OUTSIDE', 'INSIDE']","[[0.59, 0.14, 1.75], [0.74, 0.16, 0.49], [0.81, 0.4, 0.31], [0.5, 2.1, 0.03], [6.63, 0.61, 2.28], [2.44, 0.51, 1.74], [1.46, 0.32, 1.91], [3.52, 0.62, 2.41], [0.13, 0.16, 0.55], [0.42, 0.24, 1.64], [1.2, 0.41, 1.77], [0.32, 0.91, 0.57]]","[13, 11, 33, 28, 35, 32, 37, 40, 44, 45, 48, 42]",41.1
95,1790252246619913900,307171,99152,18,9,88.7,"[28.0, 30.3, 32.6, 37.2, 43.4, 45.1, 47.4, 87.0, 88.7]","['INSIDE', 'NEAR', 'OUTSIDE', 'OUTSIDE', 'NEAR', 'OUTSIDE', 'OUTSIDE', 'RAIL', 'INSIDE']","[[1.04, 0.46, 0.33], [0.62, 0.23, 0.28], [0.67, 0.5, 0.27], [6.83, 0.64, 2.02], [0.71, 0.18, 1.35], [1.8, 0.47, 1.69], [1.46, 0.32, 0.55], [3.17, 0.45, 0.61], [2.06, 2.0, 0.19]]","[33, 35, 28, 37, 45, 48, 51, 52, 47]",60.4
96,1790252246741664949,307191,100483,15,10,45.0,"[27.5, 27.6, 28.4, 29.6, 30.5, 37.8, 39.0, 40.2, 43.4, 45.0]","['NEAR', 'INSIDE', 'INSIDE', 'INSIDE', 'OUTSIDE', 'RAIL', 'RAIL', 'OUTSIDE', 'OUTSIDE', 'OUTSIDE']","[[0.58, 0.75, 0.27], [0.84, 1.4, 0.07], [1.05, 0.94, 0.09], [0.13, 2.89, 0.01], [0.59, 0.31, 0.56], [0.24, 0.2, 0.08], [0.36, 0.32, 0.93], [0.81, 0.53, 1.68], [1.81, 0.5, 1.75], [0.39, 0.12, 0.21]]","[33, 35, 11, 28, 32, 37, 40, 44, 45, 48]",45.6
97,1790252246839018180,307169,101197,15,10,87.7,"[27.4, 30.2, 35.8, 37.5, 44.2, 46.4, 48.5, 85.5, 87.3, 87.7]","['NEAR', 'NEAR', 'RAIL', 'OUTSIDE', 'OUTSIDE', 'OUTSIDE', 'NEAR', 'RAIL', 'INSIDE', 'INSIDE']","[[0.53, 0.36, 0.28], [0.58, 0.3, 0.29], [0.3, 0.13, 0.08], [10.7, 0.88, 2.82], [1.41, 0.48, 1.75], [1.11, 0.16, 0.31], [0.79, 0.41, 0.41], [0.67, 0.42, 0.22], [2.69, 2.95, 1.17], [3.6, 3.94, 1.39]]","[33, 32, 37, 40, 48, 51, 50, 52, 42, 47]",46.9
98,1790252246933712984,307156,102518,17,11,88.7,"[15.1, 34.8, 37.3, 41.5, 41.5, 42.4, 44.0, 46.4, 85.1, 87.6, 88.7]","['RAIL', 'RAIL', 'OUTSIDE', 'INSIDE', 'OUTSIDE', 'NEAR', 'OUTSIDE', 'RAIL', 'INSIDE', 'RAIL', 'INSIDE']","[[0.9, 0.39, 0.11], [0.31, 0.19, 0.08], [11.21, 0.68, 2.21], [0.33, 1.29, 0.37], [0.34, 0.2, 1.47], [0.4, 0.22, 1.12], [1.87, 0.49, 1.74], [1.63, 0.29, 0.45], [2.57, 2.08, 1.17], [1.82, 0.61, 0.79], [1.0, 0.77, 0.01]]","[54, 37, 40, 44, 45, 48, 51, 50, 42, 52, 47]",56.3
99,1790252247036600568,307170,102252,13,9,86.7,"[14.8, 29.8, 30.3, 36.2, 40.2, 42.1, 43.3, 49.5, 86.7]","['RAIL', 'NEAR', 'OUTSIDE', 'RAIL', 'OUTSIDE', 'NEAR', 'OUTSIDE', 'NEAR', 'RAIL']","[[1.04, 0.4, 0.14], [0.52, 0.32, 0.54], [1.59, 0.22, 1.77], [0.18, 0.15, 0.1], [8.41, 0.63, 2.24], [0.73, 0.28, 2.01], [1.45, 0.52, 1.75], [0.76, 0.56, 0.66], [1.55, 0.44, 0.78]]","[54, 32, 33, 37, 40, 48, 51, 50, 42]",36.5
100,1790252247140182360,307164,101831,8,5,89.4,"[14.3, 28.7, 43.2, 49.5, 89.4]","['RAIL', 'NEAR', 'OUTSIDE', 'NEAR', 'INSIDE']","[[0.83, 0.42, 0.1], [0.33, 0.78, 0.75], [1.12, 0.44, 1.74], [0.98, 0.55, 0.55], [0.86, 1.9, 0.42]]","[54, 11, 51, 50, 47]",51.3
101,1790252247235176389,307166,99497,13,11,89.0,"[13.9, 26.3, 26.7, 37.1, 40.6, 42.7, 45.4, 49.4, 84.8, 86.1, 89.0]","['RAIL', 'INSIDE', 'INSIDE', 'OUTSIDE', 'RAIL', 'OUTSIDE', 'NEAR', 'NEAR', 'INSIDE', 'RAIL', 'INSIDE']","[[1.07, 0.37, 0.1], [0.14, 1.03, 0.23], [0.84, 0.82, 0.3], [5.71, 0.65, 2.0], [0.28, 0.13, 0.34], [0.62, 0.48, 1.61], [2.01, 0.83, 1.76], [1.07, 0.55, 0.55], [1.41, 1.95, 0.92], [0.62, 0.49, 0.77], [0.85, 1.35, 0.17]]","[54, 35, 11, 40, 45, 51, 56, 50, 42, 52, 47]",36.1
102,1790252247329471599,307168,99208,16,12,85.9,"[13.4, 27.4, 40.3, 41.2, 41.6, 42.8, 45.0, 47.3, 48.9, 83.6, 85.0, 85.9]","['RAIL', 'NEAR', 'RAIL', 'NEAR', 'INSIDE', 'OUTSIDE', 'OUTSIDE', 'NEAR', 'NEAR', 'OUTSIDE', 'RAIL', 'INSIDE']","[[1.34, 0.41, 0.13], [0.57, 0.19, 0.27], [0.23, 0.15, 0.55], [0.37, 0.14, 0.08], [0.13, 2.03, 0.01], [1.71, 0.48, 1.73], [1.56, 0.26, 0.39], [0.96, 0.32, 0.33], [0.63, 0.48, 0.53], [0.62, 1.46, 1.47], [0.43, 0.24, 0.13], [4.77, 3.08, 1.31]]","[54, 11, 45, 48, 44, 51, 56, 50, 58, 52, 42, 47]",40.0
103,1790252247432400150,307176,99611,16,14,89.7,"[13.1, 25.4, 26.3, 27.4, 27.6, 32.6, 34.9, 40.8, 42.1, 44.8, 47.4, 48.9, 84.8, 89.7]","['RAIL', 'INSIDE', 'INSIDE', 'INSIDE', 'NEAR', 'OUTSIDE', 'OUTSIDE', 'NEAR', 'OUTSIDE', 'OUTSIDE', 'NEAR', 'NEAR', 'INSIDE', 'INSIDE']","[[1.45, 0.41, 0.17], [1.03, 0.78, 0.27], [0.68, 2.65, 0.06], [0.07, 0.96, 0.0], [0.71, 0.18, 0.27], [0.47, 0.41, 0.27], [8.36, 0.63, 1.95], [0.52, 0.22, 1.16], [1.44, 0.48, 1.48], [1.49, 0.2, 0.49], [1.45, 0.39, 0.42], [0.64, 0.48, 0.53], [4.54, 4.65, 1.51], [4.05, 3.34, 0.79]]","[54, 11, 35, 28, 33, 32, 40, 45, 51, 56, 50, 58, 47, 60]",42.7
104,1790252247529958617,307184,99832,18,15,93.5,"[12.8, 25.1, 25.8, 27.2, 31.2, 33.8, 39.6, 40.7, 42.4, 44.5, 47.1, 48.6, 85.2, 90.1, 93.5]","['RAIL', 'INSIDE', 'OUTSIDE', 'NEAR', 'OUTSIDE', 'INSIDE', 'RAIL', 'NEAR', 'OUTSIDE', 'OUTSIDE', 'NEAR', 'NEAR', 'INSIDE', 'INSIDE', 'INSIDE']","[[1.52, 0.37, 0.13], [1.37, 2.2, 0.39], [1.26, 1.32, 0.45], [1.04, 0.25, 0.54], [1.36, 0.25, 1.89], [0.44, 2.94, 0.3], [0.14, 0.16, 0.52], [0.48, 0.22, 1.15], [2.13, 0.51, 1.72], [1.44, 0.44, 1.69], [1.49, 0.39, 0.42], [0.65, 0.48, 0.53], [3.83, 4.37, 1.51], [3.42, 3.99, 1.17], [0.66, 2.98, 0.9]]","[54, 11, 35, 33, 32, 40, 45, 48, 51, 56, 50, 58, 47, 60, 53]",44.1
105,1790252247648322319,307143,99441,8,8,88.9,"[27.5, 32.7, 37.8, 39.4, 41.9, 44.4, 47.0, 88.9]","['OUTSIDE', 'OUTSIDE', 'OUTSIDE', 'RAIL', 'NEAR', 'OUTSIDE', 'NEAR', 'INSIDE']","[[0.69, 0.3, 0.53], [0.41, 0.41, 0.26], [1.9, 0.62, 1.91], [0.41, 0.15, 0.7], [4.13, 0.77, 2.1], [1.02, 0.29, 0.21], [2.03, 0.45, 0.56], [13.37, 4.66, 1.67]]","[33, 32, 45, 48, 51, 56, 50, 60]",47.8
106,1790252247727577125,307166,96033,12,10,93.8,"[10.6, 32.6, 39.1, 39.9, 41.4, 44.2, 46.9, 84.7, 88.7, 93.8]","['OUTSIDE', 'OUTSIDE', 'RAIL', 'NEAR', 'OUTSIDE', 'NEAR', 'NEAR', 'INSIDE', 'INSIDE', 'INSIDE']","[[0.4, 0.08, 0.1], [0.32, 0.4, 0.27], [0.35, 0.17, 0.53], [0.61, 0.21, 1.92], [1.41, 0.42, 1.36], [1.24, 0.16, 0.3], [2.47, 0.46, 0.75], [3.35, 4.6, 1.52], [3.13, 1.91, 0.61], [2.11, 3.17, 0.91]]","[54, 32, 48, 51, 44, 56, 50, 47, 60, 53]",45.0
107,1790252247833157108,307186,96823,14,13,93.8,"[26.9, 30.0, 34.7, 37.0, 38.8, 41.8, 46.4, 47.5, 49.1, 82.2, 83.2, 88.2, 93.8]","['NEAR', 'INSIDE', 'INSIDE', 'OUTSIDE', 'RAIL', 'OUTSIDE', 'NEAR', 'NEAR', 'NEAR', 'INSIDE', 'INSIDE', 'INSIDE', 'INSIDE']","[[1.39, 0.79, 0.64], [2.33, 2.57, 2.77], [0.28, 2.19, 0.02], [6.72, 0.61, 1.91], [0.33, 0.16, 0.69], [4.86, 0.64, 2.13], [0.95, 0.38, 0.53], [0.27, 0.45, 0.75], [1.62, 0.64, 0.98], [2.11, 1.59, 1.47], [6.56, 3.83, 1.3], [3.41, 2.06, 0.6], [2.66, 3.52, 1.04]]","[33, 32, 45, 40, 48, 44, 50, 58, 59, 47, 52, 60, 53]",45.4
108,1790252247933083366,307160,100100,15,13,95.2,"[24.5, 29.1, 30.7, 32.6, 34.0, 38.4, 40.2, 47.0, 48.2, 49.0, 84.3, 86.9, 95.2]","['INSIDE', 'RAIL', 'OUTSIDE', 'INSIDE', 'OUTSIDE', 'OUTSIDE', 'OUTSIDE', 'NEAR', 'NEAR', 'NEAR', 'OUTSIDE', 'INSIDE', 'INSIDE']","[[0.22, 2.48, 0.02], [0.4, 0.11, 0.14], [0.47, 0.49, 0.29], [0.51, 1.71, 0.29], [13.61, 0.81, 2.53], [0.31, 0.21, 1.77], [1.99, 0.51, 2.02], [0.43, 0.38, 0.42], [0.94, 0.47, 0.76], [0.4, 0.48, 0.54], [1.38, 1.59, 1.5], [11.42, 3.45, 0.85], [2.4, 3.05, 0.92]]","[11, 32, 40, 45, 33, 48, 51, 50, 58, 59, 42, 60, 53]",41.8
109,1790252248033863532,307166,99901,12,12,89.6,"[32.4, 36.4, 38.0, 38.0, 45.8, 46.8, 47.8, 49.0, 83.9, 84.4, 87.8, 89.6]","['OUTSIDE', 'OUTSIDE', 'RAIL', 'NEAR', 'NEAR', 'NEAR', 'NEAR', 'NEAR', 'OUTSIDE', 'INSIDE', 'INSIDE', 'INSIDE']","[[0.67, 0.48, 0.3], [1.48, 0.62, 2.17], [0.21, 0.19, 0.83], [0.73, 0.15, 0.68], [0.52, 0.28, 0.52], [0.48, 0.37, 0.42], [0.49, 0.46, 0.76], [0.54, 0.53, 0.77], [1.23, 1.2, 1.3], [1.3, 1.01, 0.35], [3.62, 2.72, 1.54], [1.2, 1.89, 0.18]]","[40, 48, 51, 44, 50, 58, 59, 56, 42, 52, 60, 53]",40.6
110,1790252248128702870,307164,100557,13,12,93.0,"[27.0, 33.6, 37.7, 38.5, 40.1, 44.3, 45.6, 47.8, 48.9, 83.8, 88.3, 93.0]","['OUTSIDE', 'OUTSIDE', 'NEAR', 'NEAR', 'OUTSIDE', 'NEAR', 'NEAR', 'NEAR', 'NEAR', 'OUTSIDE', 'INSIDE', 'INSIDE']","[[1.24, 0.48, 0.79], [6.32, 0.69, 2.2], [0.5, 0.2, 1.49], [0.81, 0.16, 0.75], [1.31, 0.52, 1.58], [0.69, 0.19, 0.2], [0.73, 0.31, 0.32], [0.51, 0.46, 0.76], [0.8, 0.66, 1.3], [1.75, 1.58, 1.48], [4.87, 4.06, 1.54], [3.0, 0.98, 0.03]]","[28, 40, 51, 44, 48, 50, 58, 59, 56, 42, 60, 53]",41.0
111,1790252248238012654,307184,96378,13,10,91.1,"[22.4, 37.1, 42.1, 42.7, 44.9, 45.8, 46.9, 83.4, 89.6, 91.1]","['INSIDE', 'INSIDE', 'OUTSIDE', 'NEAR', 'NEAR', 'NEAR', 'NEAR', 'INSIDE', 'INSIDE', 'INSIDE']","[[0.78, 1.71, 0.09], [0.42, 1.94, 0.02], [2.18, 0.33, 1.55], [1.19, 0.37, 0.52], [0.17, 0.28, 0.4], [0.67, 0.31, 0.31], [0.41, 0.45, 0.52], [7.42, 4.53, 1.64], [2.15, 3.18, 0.59], [0.44, 1.89, 0.79]]","[11, 44, 48, 50, 58, 59, 56, 42, 60, 53]",44.0
112,1790252248330610543,307177,95987,11,7,89.6,"[23.1, 35.3, 37.1, 40.8, 42.2, 87.3, 89.6]","['INSIDE', 'OUTSIDE', 'RAIL', 'NEAR', 'INSIDE', 'INSIDE', 'INSIDE']","[[0.11, 0.66, 0.2], [1.84, 0.61, 1.77], [0.32, 0.19, 0.73], [1.21, 0.75, 2.44], [0.69, 2.2, 0.03], [2.89, 3.09, 0.95], [6.78, 2.45, 1.43]]","[11, 40, 51, 48, 50, 60, 53]",45.7
113,1790252248436261526,307166,100065,16,12,88.1,"[24.6, 27.4, 36.6, 38.4, 43.4, 44.9, 46.5, 81.3, 82.9, 85.4, 87.4, 88.1]","['NEAR', 'RAIL', 'RAIL', 'OUTSIDE', 'NEAR', 'NEAR', 'NEAR', 'OUTSIDE', 'INSIDE', 'INSIDE', 'INSIDE', 'RAIL']","[[0.79, 0.24, 0.92], [0.48, 0.14, 0.13], [0.19, 0.17, 0.8], [2.86, 0.51, 1.95], [0.62, 0.19, 0.19], [1.44, 0.32, 0.61], [0.37, 0.44, 0.52], [1.74, 1.3, 1.25], [4.29, 4.24, 1.62], [1.75, 3.23, 1.51], [2.53, 2.41, 0.6], [1.6, 0.31, 0.61]]","[28, 32, 51, 44, 58, 59, 56, 42, 47, 52, 60, 53]",39.9
114,1790252248529397102,307174,99638,17,10,95.1,"[23.9, 36.0, 38.5, 40.9, 41.1, 44.6, 48.6, 86.7, 91.1, 95.1]","['INSIDE', 'OUTSIDE', 'OUTSIDE', 'OUTSIDE', 'NEAR', 'OUTSIDE', 'RAIL', 'INSIDE', 'INSIDE', 'INSIDE']","[[0.29, 1.59, 0.43], [0.47, 0.15, 1.2], [3.12, 0.53, 1.95], [1.39, 0.2, 0.42], [1.39, 0.83, 0.77], [0.98, 0.3, 0.43], [0.55, 0.38, 0.47], [4.54, 4.09, 1.54], [2.37, 1.92, 0.2], [1.39, 0.83, 0.01]]","[28, 51, 44, 48, 50, 59, 56, 60, 53, 61]",38.8
115,1790252248631249490,307174,99881,15,9,88.7,"[23.6, 35.9, 38.6, 40.4, 41.3, 44.6, 48.1, 81.3, 88.7]","['INSIDE', 'OUTSIDE', 'OUTSIDE', 'OUTSIDE', 'INSIDE', 'NEAR', 'RAIL', 'INSIDE', 'INSIDE']","[[0.4, 0.6, 0.39], [0.39, 0.2, 1.5], [1.47, 0.47, 1.96], [1.83, 0.33, 1.33], [0.58, 0.85, 0.03], [1.0, 0.24, 0.3], [0.97, 0.34, 0.85], [4.58, 4.68, 1.75], [8.18, 4.41, 1.55]]","[28, 51, 44, 48, 50, 59, 56, 47, 60]",40.5
116,1790252248755428270,307170,95595,16,9,94.5,"[22.7, 23.6, 34.0, 35.6, 44.5, 48.8, 87.4, 87.7, 94.5]","['NEAR', 'OUTSIDE', 'OUTSIDE', 'OUTSIDE', 'OUTSIDE', 'RAIL', 'RAIL', 'INSIDE', 'INSIDE']","[[1.01, 0.91, 0.68], [1.36, 0.07, 0.45], [1.69, 0.63, 1.98], [0.34, 0.17, 0.68], [2.95, 0.4, 0.63], [0.61, 0.17, 0.63], [3.16, 0.54, 0.79], [7.47, 3.85, 0.94], [1.65, 1.94, 0.45]]","[28, 11, 40, 51, 59, 56, 60, 52, 61]",43.6
117,1790252248837376475,307161,96423,12,6,94.2,"[32.1, 38.0, 39.5, 43.0, 45.4, 94.2]","['OUTSIDE', 'NEAR', 'OUTSIDE', 'OUTSIDE', 'OUTSIDE', 'INSIDE']","[[6.2, 0.69, 2.03], [0.35, 0.66, 0.37], [5.76, 0.57, 2.51], [2.31, 0.23, 0.32], [1.41, 0.41, 0.74], [2.03, 2.01, 0.92]]","[33, 44, 51, 58, 59, 61]",60.0
118,1790252248943031988,307158,99644,20,10,90.2,"[31.3, 37.9, 39.5, 44.7, 48.5, 49.2, 85.7, 86.7, 87.0, 90.2]","['OUTSIDE', 'OUTSIDE', 'OUTSIDE', 'OUTSIDE', 'RAIL', 'OUTSIDE', 'OUTSIDE', 'INSIDE', 'RAIL', 'INSIDE']","[[11.66, 0.68, 2.53], [0.91, 0.15, 1.58], [1.87, 0.21, 0.94], [1.5, 0.34, 0.54], [0.56, 0.19, 0.54], [1.17, 0.76, 1.49], [1.8, 0.76, 0.94], [3.23, 1.84, 0.22], [1.97, 0.42, 0.79], [1.47, 1.94, 0.42]]","[33, 51, 48, 59, 56, 58, 52, 60, 53, 61]",37.3
119,1790252249043384604,307188,100552,18,9,90.1,"[27.1, 36.8, 39.5, 42.9, 48.8, 84.6, 85.6, 87.9, 90.1]","['OUTSIDE', 'NEAR', 'OUTSIDE', 'OUTSIDE', 'RAIL', 'INSIDE', 'RAIL', 'RAIL', 'INSIDE']","[[0.99, 0.46, 0.53], [3.56, 1.06, 2.53], [1.01, 0.27, 0.51], [2.5, 0.3, 0.52], [0.68, 0.41, 0.63], [5.07, 3.87, 0.95], [2.06, 0.54, 0.94], [1.69, 0.53, 0.79], [2.56, 4.24, 1.19]]","[11, 51, 48, 59, 56, 52, 53, 60, 61]",43.2
120,1790252249126942239,307182,101781,13,4,45.9,"[27.2, 32.6, 42.0, 45.9]","['OUTSIDE', 'INSIDE', 'NEAR', 'RAIL']","[[0.87, 0.46, 0.53], [1.6, 2.36, 2.75], [0.64, 0.47, 0.64], [0.75, 0.18, 0.51]]","[11, 33, 59, 58]",42.3
121,1790252249233887648,307176,101921,11,6,88.8,"[32.6, 36.7, 37.4, 42.3, 46.4, 88.8]","['OUTSIDE', 'RAIL', 'OUTSIDE', 'OUTSIDE', 'OUTSIDE', 'RAIL']","[[2.41, 0.67, 1.99], [0.58, 0.22, 0.56], [5.01, 0.53, 1.84], [0.94, 0.16, 0.4], [1.45, 0.61, 1.64], [1.86, 0.41, 0.57]]","[33, 51, 40, 59, 58, 60]",39.2
122,1790252249334405396,307192,98697,20,12,91.7,"[27.3, 29.3, 32.2, 34.3, 35.6, 40.7, 42.5, 46.5, 48.5, 84.8, 87.3, 91.7]","['NEAR', 'OUTSIDE', 'OUTSIDE', 'OUTSIDE', 'OUTSIDE', 'NEAR', 'OUTSIDE', 'OUTSIDE', 'RAIL', 'INSIDE', 'INSIDE', 'INSIDE']","[[0.86, 0.24, 0.45], [6.52, 0.73, 2.06], [2.48, 0.6, 1.98], [0.66, 0.25, 1.43], [1.49, 0.58, 1.82], [0.67, 0.39, 0.53], [1.93, 0.34, 0.49], [2.46, 0.76, 1.89], [0.48, 0.4, 0.85], [0.71, 2.63, 0.74], [3.93, 4.5, 1.55], [0.3, 1.92, 0.18]]","[11, 32, 33, 40, 51, 44, 59, 58, 56, 52, 60, 61]",38.6
123,1790252249433369768,307170,98451,15,8,92.3,"[29.8, 35.8, 37.1, 37.9, 42.6, 47.5, 86.8, 92.3]","['OUTSIDE', 'NEAR', 'INSIDE', 'OUTSIDE', 'OUTSIDE', 'OUTSIDE', 'INSIDE', 'INSIDE']","[[0.29, 0.21, 0.51], [0.47, 0.86, 0.66], [0.61, 2.24, 0.04], [6.53, 0.52, 2.03], [4.47, 0.53, 1.22], [3.93, 0.81, 1.94], [9.87, 4.58, 1.69], [1.33, 1.51, 0.18]]","[11, 51, 48, 40, 59, 58, 60, 61]",40.3
124,1790252249528999894,307174,101659,20,12,91.8,"[23.9, 27.3, 30.4, 34.9, 34.9, 37.1, 40.5, 41.9, 47.1, 86.1, 88.8, 91.8]","['RAIL', 'NEAR', 'OUTSIDE', 'INSIDE', 'OUTSIDE', 'OUTSIDE', 'INSIDE', 'OUTSIDE', 'OUTSIDE', 'OUTSIDE', 'OUTSIDE', 'INSIDE']","[[0.21, 0.06, 0.21], [0.65, 0.51, 0.74], [6.56, 0.7, 2.35], [0.03, 2.81, 0.01], [2.34, 0.55, 2.02], [2.09, 0.37, 1.28], [1.22, 0.71, 0.07], [0.65, 0.17, 0.39], [3.93, 0.86, 1.93], [1.29, 0.99, 1.12], [1.18, 0.86, 0.86], [3.41, 2.99, 1.21]]","[28, 32, 11, 48, 40, 51, 50, 59, 58, 52, 60, 61]",42.2
125,1790252249630568677,307181,102399,18,12,90.7,"[19.6, 24.8, 26.8, 32.5, 36.4, 36.6, 37.1, 40.1, 41.4, 45.6, 47.8, 90.7]","['INSIDE', 'OUTSIDE', 'OUTSIDE', 'OUTSIDE', 'NEAR', 'INSIDE', 'OUTSIDE', 'INSIDE', 'NEAR', 'INSIDE', 'OUTSIDE', 'INSIDE']","[[0.27, 0.36, 0.18], [0.57, 0.42, 0.48], [0.13, 0.27, 0.24], [5.53, 0.67, 2.07], [0.56, 0.71, 0.63], [0.76, 1.54, 0.04], [2.0, 0.43, 1.27], [1.14, 0.98, 0.07], [1.27, 0.44, 0.7], [0.89, 1.1, 0.05], [1.32, 0.71, 1.36], [1.95, 2.2, 0.2]]","[28, 32, 11, 33, 51, 48, 40, 50, 59, 63, 58, 61]",42.6
126,1790252249730564956,307193,102653,17,10,92.0,"[27.1, 29.7, 30.0, 34.2, 39.6, 45.6, 47.7, 47.8, 87.7, 92.0]","['NEAR', 'INSIDE', 'OUTSIDE', 'NEAR', 'OUTSIDE', 'INSIDE', 'RAIL', 'RAIL', 'INSIDE', 'OUTSIDE']","[[1.28, 0.25, 0.8], [0.32, 1.38, 0.23], [1.48, 0.71, 2.34], [5.69, 1.02, 2.45], [1.22, 0.32, 0.58], [1.25, 1.26, 0.06], [0.48, 0.2, 0.33], [0.25, 0.22, 0.62], [2.7, 4.48, 1.57], [3.74, 1.73, 1.2]]","[11, 33, 32, 51, 44, 63, 56, 58, 60, 61]",38.7
127,1790252249829224323,307191,102248,15,10,134.4,"[27.3, 35.1, 41.0, 44.4, 46.1, 46.3, 82.2, 87.9, 91.6, 134.4]","['NEAR', 'OUTSIDE', 'OUTSIDE', 'RAIL', 'RAIL', 'INSIDE', 'INSIDE', 'INSIDE', 'OUTSIDE', 'RAIL']","[[0.87, 0.27, 0.54], [4.52, 0.58, 1.39], [2.09, 0.51, 1.16], [0.65, 0.46, 0.7], [0.41, 0.31, 0.82], [1.02, 0.79, 0.05], [7.15, 4.83, 1.77], [3.12, 4.3, 1.57], [0.56, 0.92, 0.88], [0.28, 1.01, 0.2]]","[11, 51, 59, 64, 56, 63, 53, 60, 61, 65]",40.5
128,1790252249934201285,307193,91554,13,11,134.0,"[24.8, 27.3, 30.7, 32.9, 38.5, 40.6, 42.1, 45.9, 45.9, 47.7, 134.0]","['OUTSIDE', 'OUTSIDE', 'RAIL', 'OUTSIDE', 'OUTSIDE', 'INSIDE', 'OUTSIDE', 'RAIL', 'INSIDE', 'OUTSIDE', 'RAIL']","[[0.74, 0.33, 0.49], [1.01, 0.37, 0.54], [0.3, 0.19, 1.01], [0.42, 0.5, 0.57], [0.42, 0.21, 0.48], [1.43, 0.99, 0.09], [3.92, 0.69, 1.91], [0.26, 0.31, 0.81], [0.98, 0.79, 0.05], [0.42, 0.46, 0.53], [0.35, 1.01, 0.2]]","[11, 33, 32, 51, 44, 50, 59, 56, 63, 58, 65]",57.0
129,1790252250030789146,307187,96302,14,8,133.6,"[40.5, 42.0, 43.3, 45.4, 45.9, 46.6, 86.2, 133.6]","['INSIDE', 'RAIL', 'OUTSIDE', 'RAIL', 'INSIDE', 'OUTSIDE', 'INSIDE', 'RAIL']","[[1.73, 1.25, 0.1], [0.57, 0.38, 0.68], [5.39, 0.76, 1.9], [0.56, 0.4, 0.9], [0.62, 0.96, 0.03], [0.49, 0.53, 1.35], [3.54, 4.5, 1.55], [0.28, 1.01, 0.2]]","[50, 64, 59, 56, 63, 58, 52, 65]",37.2
130,1790252250128199304,307165,102053,15,10,133.1,"[27.0, 40.8, 44.2, 46.0, 46.0, 47.5, 86.1, 88.5, 91.9, 133.1]","['OUTSIDE', 'INSIDE', 'RAIL', 'RAIL', 'INSIDE', 'OUTSIDE', 'OUTSIDE', 'OUTSIDE', 'NEAR', 'RAIL']","[[0.25, 0.29, 0.7], [1.37, 0.98, 0.08], [0.5, 0.35, 0.69], [0.29, 0.17, 0.19], [1.16, 1.27, 0.06], [1.58, 0.77, 1.91], [1.47, 1.33, 0.94], [1.0, 0.81, 0.98], [3.75, 1.39, 0.45], [0.34, 1.0, 0.58]]","[33, 50, 64, 56, 63, 58, 52, 60, 61, 65]",40.0
131,1790252250226527965,307167,104553,17,10,132.6,"[30.7, 32.6, 38.4, 40.8, 41.4, 46.0, 47.8, 87.9, 92.2, 132.6]","['INSIDE', 'OUTSIDE', 'OUTSIDE', 'INSIDE', 'RAIL', 'INSIDE', 'OUTSIDE', 'OUTSIDE', 'INSIDE', 'RAIL']","[[0.18, 1.63, 0.27], [4.84, 0.6, 1.59], [3.01, 0.27, 0.75], [1.52, 1.4, 0.09], [0.36, 0.2, 0.29], [0.95, 1.11, 0.05], [0.36, 0.45, 0.54], [1.11, 1.16, 1.14], [2.04, 3.02, 0.81], [0.32, 1.0, 0.58]]","[32, 51, 44, 50, 59, 63, 58, 60, 61, 65]",53.5
132,1790252250324603466,307169,106661,17,10,132.2,"[25.0, 26.3, 38.0, 39.2, 40.4, 45.6, 47.1, 47.6, 91.6, 132.2]","['NEAR', 'NEAR', 'RAIL', 'OUTSIDE', 'INSIDE', 'INSIDE', 'RAIL', 'OUTSIDE', 'INSIDE', 'RAIL']","[[0.91, 0.38, 0.93], [1.14, 0.26, 1.15], [1.07, 0.1, 0.06], [1.23, 0.43, 0.97], [1.44, 1.39, 0.09], [0.95, 1.1, 0.05], [0.38, 0.28, 1.03], [0.32, 0.44, 0.54], [2.0, 1.44, 0.19], [0.29, 1.0, 0.2]]","[11, 33, 44, 59, 50, 63, 58, 66, 61, 65]",41.0
133,1790252250434794325,307175,107346,12,9,131.7,"[28.1, 33.1, 33.7, 36.4, 41.1, 46.0, 81.2, 88.8, 131.7]","['INSIDE', 'INSIDE', 'INSIDE', 'INSIDE', 'INSIDE', 'INSIDE', 'INSIDE', 'INSIDE', 'RAIL']","[[1.1, 1.97, 0.33], [0.48, 1.3, 0.03], [1.92, 1.15, 0.69], [1.28, 1.02, 0.09], [0.94, 1.13, 0.06], [0.89, 1.11, 0.05], [7.38, 4.66, 1.76], [7.33, 4.14, 1.36], [0.33, 0.99, 0.57]]","[33, 51, 32, 48, 50, 63, 53, 60, 65]",52.5
134,1790252250533219082,307167,103308,12,7,131.3,"[33.2, 36.4, 40.9, 43.3, 84.2, 91.1, 131.3]","['INSIDE', 'INSIDE', 'INSIDE', 'OUTSIDE', 'RAIL', 'INSIDE', 'RAIL']","[[0.77, 0.6, 0.34], [1.68, 1.14, 0.12], [1.38, 1.41, 0.08], [11.57, 0.89, 2.08], [1.69, 0.44, 0.7], [0.18, 1.16, 0.18], [0.32, 0.98, 0.57]]","[32, 48, 50, 58, 52, 61, 65]",34.6
135,1790252250632514991,307134,92042,14,10,130.8,"[29.6, 32.9, 35.7, 36.7, 40.5, 41.7, 48.6, 86.6, 88.2, 130.8]","['OUTSIDE', 'INSIDE', 'INSIDE', 'OUTSIDE', 'INSIDE', 'RAIL', 'OUTSIDE', 'OUTSIDE', 'RAIL', 'RAIL']","[[0.67, 0.44, 0.75], [0.79, 0.93, 0.88], [2.17, 1.24, 0.15], [2.54, 0.47, 1.24], [1.37, 1.39, 0.08], [0.27, 0.15, 0.82], [2.56, 0.89, 1.95], [3.3, 1.97, 1.32], [1.05, 0.18, 0.36], [0.39, 0.98, 0.57]]","[33, 32, 48, 44, 50, 64, 71, 60, 72, 65]",42.3
136,1790252250732626221,307150,96569,15,14,130.3,"[28.1, 36.7, 36.9, 41.0, 42.7, 46.0, 46.3, 47.6, 49.3, 85.7, 88.2, 91.4, 95.9, 130.3]","['INSIDE', 'OUTSIDE', 'INSIDE', 'INSIDE', 'RAIL', 'OUTSIDE', 'INSIDE', 'OUTSIDE', 'NEAR', 'OUTSIDE', 'INSIDE', 'INSIDE', 'INSIDE', 'RAIL']","[[1.06, 1.08, 0.33], [1.13, 0.25, 0.51], [1.87, 1.5, 0.13], [1.54, 1.15, 0.09], [1.29, 0.44, 1.0], [0.34, 0.27, 0.53], [1.4, 1.43, 0.07], [1.65, 0.77, 1.69], [0.42, 0.39, 0.44], [3.19, 1.35, 1.53], [1.99, 1.02, 1.16], [4.76, 3.4, 1.39], [0.64, 1.12, 0.19], [0.2, 0.97, 0.57]]","[33, 44, 48, 50, 64, 66, 63, 71, 70, 60, 72, 61, 62, 65]",43.9
137,1790252250830702275,307158,103603,13,10,129.7,"[37.1, 41.1, 43.0, 45.9, 46.5, 46.9, 47.9, 48.8, 90.1, 129.7]","['INSIDE', 'INSIDE', 'RAIL', 'INSIDE', 'OUTSIDE', 'RAIL', 'OUTSIDE', 'RAIL', 'INSIDE', 'RAIL']","[[0.96, 0.52, 0.07], [1.54, 1.41, 0.09], [0.64, 0.15, 0.26], [1.43, 1.27, 0.07], [1.33, 0.5, 0.84], [0.56, 0.16, 0.42], [0.54, 0.78, 1.91], [0.39, 0.38, 0.64], [3.69, 3.23, 1.38], [0.45, 0.97, 0.56]]","[48, 50, 58, 63, 66, 71, 70, 56, 61, 65]",55.0
138,1790252250933836562,307138,105435,18,17,129.3,"[25.4, 26.3, 29.5, 35.2, 36.1, 40.7, 42.3, 45.2, 47.4, 48.3, 48.7, 49.2, 49.4, 84.6, 88.7, 91.7, 129.3]","['NEAR', 'INSIDE', 'NEAR', 'RAIL', 'INSIDE', 'INSIDE', 'RAIL', 'INSIDE', 'OUTSIDE', 'RAIL', 'RAIL', 'OUTSIDE', 'RAIL', 'RAIL', 'INSIDE', 'INSIDE', 'RAIL']","[[0.56, 0.2, 0.86], [0.82, 1.37, 0.91], [0.54, 0.26, 0.49], [1.24, 0.12, 0.16], [1.84, 0.75, 0.13], [1.05, 1.26, 0.06], [0.25, 0.31, 0.93], [1.25, 1.25, 0.06], [0.78, 0.78, 1.88], [0.26, 0.18, 0.43], [0.59, 0.35, 0.86], [1.14, 0.71, 1.32], [0.36, 0.18, 0.54], [0.66, 0.65, 0.93], [1.71, 2.22, 0.34], [2.48, 3.04, 1.21], [0.23, 0.96, 0.56]]","[11, 33, 32, 44, 48, 50, 58, 63, 70, 56, 67, 71, 66, 52, 61, 69, 65]",52.3
139,1790252251029740868,307140,92681,14,14,128.9,"[21.2, 33.1, 35.1, 36.6, 41.2, 46.0, 48.1, 48.8, 49.2, 78.4, 88.0, 89.1, 96.3, 128.9]","['OUTSIDE', 'INSIDE', 'RAIL', 'INSIDE', 'INSIDE', 'INSIDE', 'OUTSIDE', 'RAIL', 'OUTSIDE', 'INSIDE', 'INSIDE', 'INSIDE', 'RAIL', 'RAIL']","[[0.12, 0.26, 0.36], [1.19, 0.81, 0.09], [0.44, 0.2, 0.23], [1.6, 1.63, 0.11], [1.02, 1.28, 0.06], [0.88, 1.11, 0.05], [0.37, 0.46, 0.54], [0.72, 0.46, 0.64], [1.49, 0.88, 1.97], [3.39, 1.74, 1.72], [0.75, 0.94, 0.2], [8.97, 4.42, 1.71], [1.28, 0.54, 0.62], [0.29, 0.74, 0.56]]","[11, 51, 44, 48, 50, 63, 71, 67, 66, 53, 61, 72, 62, 65]",39.7
140,1790252251131852432,307169,94248,15,13,128.3,"[27.5, 33.1, 34.1, 35.0, 36.0, 36.9, 41.4, 46.1, 49.3, 49.5, 94.8, 96.7, 128.3]","['OUTSIDE', 'INSIDE', 'RAIL', 'OUTSIDE', 'RAIL', 'INSIDE', 'INSIDE', 'INSIDE', 'RAIL', 'OUTSIDE', 'RAIL', 'INSIDE', 'OUTSIDE']","[[0.88, 0.55, 0.54], [1.71, 1.69, 0.13], [1.2, 0.12, 0.22], [0.92, 0.43, 1.05], [0.5, 0.18, 0.79], [1.55, 1.64, 0.11], [1.66, 1.43, 0.36], [0.87, 1.13, 0.05], [0.4, 0.3, 0.77], [0.83, 0.78, 1.95], [1.55, 0.32, 0.41], [3.25, 2.19, 0.22], [0.11, 0.91, 0.83]]","[33, 51, 44, 48, 59, 50, 58, 63, 67, 66, 62, 69, 65]",40.2
141,1790252251232462327,307163,99614,13,13,127.8,"[26.5, 32.4, 36.5, 40.9, 41.9, 45.3, 48.9, 48.9, 85.1, 88.4, 91.1, 93.0, 127.8]","['NEAR', 'INSIDE', 'INSIDE', 'INSIDE', 'RAIL', 'INSIDE', 'RAIL', 'OUTSIDE', 'RAIL', 'INSIDE', 'OUTSIDE', 'INSIDE', 'RAIL']","[[1.25, 0.56, 0.61], [2.6, 1.97, 0.2], [1.56, 1.62, 0.11], [1.63, 1.41, 0.35], [0.59, 0.38, 1.0], [1.13, 1.41, 0.06], [0.45, 0.44, 1.07], [0.89, 0.86, 1.86], [1.43, 0.75, 1.16], [3.33, 3.19, 1.35], [1.02, 1.12, 0.6], [1.32, 2.1, 0.19], [0.38, 0.66, 0.56]]","[33, 51, 50, 58, 64, 63, 67, 66, 72, 61, 62, 69, 65]",45.9
142,1790252251327470082,307157,99072,17,16,127.3,"[22.8, 27.1, 30.9, 32.5, 34.8, 36.3, 40.8, 45.3, 46.4, 47.4, 48.8, 84.5, 87.2, 89.8, 99.8, 127.3]","['OUTSIDE', 'OUTSIDE', 'OUTSIDE', 'INSIDE', 'OUTSIDE', 'INSIDE', 'INSIDE', 'INSIDE', 'RAIL', 'RAIL', 'OUTSIDE', 'NEAR', 'INSIDE', 'INSIDE', 'INSIDE', 'RAIL']","[[0.52, 0.24, 0.97], [0.11, 0.28, 0.24], [0.48, 1.03, 0.83], [2.5, 1.98, 0.19], [1.35, 0.91, 1.75], [2.06, 1.61, 0.14], [1.37, 1.4, 0.37], [1.29, 1.41, 0.07], [0.4, 0.16, 0.51], [0.54, 0.23, 0.52], [2.1, 0.87, 1.95], [0.77, 0.73, 0.94], [2.1, 2.12, 0.37], [2.49, 4.34, 1.23], [0.55, 2.4, 0.96], [0.36, 0.88, 0.55]]","[11, 33, 51, 48, 44, 50, 58, 63, 56, 70, 66, 72, 61, 62, 68, 65]",41.4
143,1790252251424478019,307161,99497,14,13,126.7,"[26.3, 29.8, 32.9, 37.2, 41.6, 46.2, 48.2, 49.3, 86.8, 90.1, 90.8, 94.2, 126.7]","['INSIDE', 'RAIL', 'INSIDE', 'INSIDE', 'INSIDE', 'INSIDE', 'NEAR', 'OUTSIDE', 'INSIDE', 'OUTSIDE', 'INSIDE', 'OUTSIDE', 'OUTSIDE']","[[0.31, 2.87, 0.22], [0.12, 0.36, 0.14], [2.68, 1.89, 0.21], [1.15, 1.41, 0.08], [0.94, 1.01, 0.06], [0.92, 1.12, 0.05], [0.46, 0.39, 0.44], [3.16, 0.77, 1.92], [0.99, 1.51, 0.2], [0.54, 0.98, 0.78], [2.14, 1.09, 0.37], [1.2, 0.92, 1.05], [0.08, 0.9, 0.63]]","[33, 51, 48, 50, 58, 63, 66, 71, 61, 62, 69, 68, 65]",40.1
144,1790252251534763941,307146,98632,16,13,126.1,"[31.6, 32.5, 33.3, 36.3, 38.5, 41.0, 45.6, 46.5, 49.0, 85.5, 92.3, 94.2, 126.1]","['RAIL', 'RAIL', 'INSIDE', 'INSIDE', 'INSIDE', 'OUTSIDE', 'INSIDE', 'OUTSIDE', 'OUTSIDE', 'INSIDE', 'OUTSIDE', 'INSIDE', 'RAIL']","[[0.47, 0.14, 0.22], [0.32, 0.09, 0.21], [2.21, 1.68, 0.27], [2.01, 1.74, 0.14], [0.86, 0.99, 0.05], [13.12, 1.25, 2.57], [0.64, 0.95, 0.03], [3.1, 0.81, 1.89], [1.84, 0.82, 1.83], [1.26, 1.0, 1.32], [1.81, 0.96, 1.02], [1.1, 0.77, 0.17], [0.23, 0.87, 0.55]]","[32, 44, 48, 50, 58, 59, 63, 70, 71, 72, 68, 69, 65]",46.1
145,1790252251634435484,307126,94057,19,17,125.8,"[28.8, 29.9, 30.9, 31.6, 32.2, 33.2, 36.3, 40.6, 45.3, 47.8, 48.7, 49.7, 49.7, 85.1, 88.6, 92.4, 125.8]","['RAIL', 'INSIDE', 'OUTSIDE', 'RAIL', 'OUTSIDE', 'INSIDE', 'INSIDE', 'INSIDE', 'OUTSIDE', 'RAIL', 'OUTSIDE', 'RAIL', 'OUTSIDE', 'INSIDE', 'INSIDE', 'OUTSIDE', 'OUTSIDE']","[[0.28, 0.21, 0.07], [1.54, 1.15, 0.13], [0.58, 1.02, 0.84], [1.07, 0.21, 0.34], [1.21, 1.06, 1.82], [1.22, 1.38, 0.1], [1.93, 1.74, 0.13], [1.05, 1.26, 0.05], [14.72, 1.06, 2.38], [0.45, 0.35, 1.05], [0.69, 0.81, 1.92], [0.17, 0.35, 0.88], [0.53, 0.96, 1.88], [2.03, 1.82, 0.37], [2.45, 3.57, 1.36], [0.72, 1.47, 1.21], [0.32, 0.89, 0.81]]","[51, 48, 32, 44, 50, 59, 58, 63, 64, 71, 66, 67, 70, 72, 62, 68, 65]",47.4
146,1790252251730237724,307120,94351,15,14,125.1,"[24.9, 28.3, 30.3, 33.3, 36.8, 40.9, 45.8, 49.1, 81.7, 85.5, 87.0, 89.6, 91.2, 125.1]","['OUTSIDE', 'RAIL', 'NEAR', 'INSIDE', 'INSIDE', 'INSIDE', 'INSIDE', 'OUTSIDE', 'OUTSIDE', 'INSIDE', 'OUTSIDE', 'OUTSIDE', 'INSIDE', 'OUTSIDE']","[[0.93, 0.33, 0.92], [0.26, 0.36, 0.13], [0.49, 0.88, 0.79], [1.59, 1.6, 0.12], [1.54, 1.64, 0.11], [1.37, 1.55, 0.08], [0.81, 1.11, 0.04], [0.82, 0.81, 1.94], [1.28, 0.53, 0.79], [3.44, 3.92, 0.96], [1.98, 0.67, 1.2], [2.04, 0.65, 0.34], [1.25, 1.4, 0.19], [0.09, 0.96, 0.81]]","[11, 51, 48, 59, 58, 64, 63, 66, 52, 72, 61, 62, 68, 65]",40.1
147,1790252251831279716,307142,96550,17,16,124.4,"[24.2, 27.8, 29.9, 30.2, 30.9, 32.3, 33.3, 36.5, 40.5, 45.3, 47.0, 49.3, 86.6, 89.6, 91.2, 124.4]","['INSIDE', 'RAIL', 'NEAR', 'INSIDE', 'INSIDE', 'INSIDE', 'OUTSIDE', 'INSIDE', 'INSIDE', 'INSIDE', 'OUTSIDE', 'OUTSIDE', 'OUTSIDE', 'INSIDE', 'RAIL', 'OUTSIDE']","[[0.65, 2.36, 0.46], [0.36, 0.31, 0.13], [0.44, 0.86, 1.05], [2.77, 2.1, 0.25], [0.77, 0.91, 0.79], [1.56, 1.7, 0.12], [5.21, 1.17, 2.49], [2.0, 1.75, 0.14], [1.85, 1.67, 0.11], [1.29, 1.4, 0.07], [1.66, 0.79, 1.89], [1.35, 0.87, 1.86], [2.26, 1.62, 1.54], [0.96, 2.18, 0.2], [1.35, 0.41, 0.58], [0.4, 1.67, 1.05]]","[11, 51, 48, 32, 50, 59, 44, 58, 64, 63, 71, 66, 61, 62, 68, 65]",37.6
148,1790252251935941645,307146,87609,14,12,124.1,"[32.7, 33.2, 36.5, 40.4, 45.0, 47.4, 48.8, 49.5, 88.0, 88.7, 91.0, 124.1]","['INSIDE', 'OUTSIDE', 'INSIDE', 'INSIDE', 'INSIDE', 'OUTSIDE', 'RAIL', 'OUTSIDE', 'OUTSIDE', 'INSIDE', 'RAIL', 'RAIL']","[[2.56, 1.99, 0.2], [4.46, 1.04, 2.36], [1.62, 1.5, 0.11], [1.86, 1.52, 0.11], [1.19, 1.24, 0.06], [0.48, 0.34, 0.42], [0.96, 0.28, 0.78], [1.65, 0.83, 1.94], [0.23, 1.01, 0.59], [1.3, 0.8, 0.19], [0.55, 0.36, 0.14], [0.3, 0.95, 0.8]]","[59, 44, 58, 64, 63, 71, 66, 70, 62, 72, 68, 65]",35.6
149,1790252252032292178,307157,83216,13,11,123.6,"[26.6, 27.3, 30.5, 33.3, 41.0, 45.8, 47.8, 49.0, 84.1, 90.6, 123.6]","['RAIL', 'INSIDE', 'RAIL', 'INSIDE', 'INSIDE', 'INSIDE', 'OUTSIDE', 'OUTSIDE', 'INSIDE', 'RAIL', 'OUTSIDE']","[[0.15, 0.2, 0.12], [1.24, 0.34, 0.12], [0.33, 0.13, 0.25], [1.58, 1.49, 0.12], [1.0, 0.57, 0.06], [0.64, 0.96, 0.03], [0.4, 0.46, 0.53], [1.31, 0.82, 1.93], [8.28, 4.71, 1.81], [0.4, 0.36, 0.14], [0.3, 0.89, 0.61]]","[51, 33, 48, 59, 64, 63, 71, 70, 61, 68, 65]",43.4
150,1790252252141234938,307133,79879,16,14,122.9,"[26.1, 26.1, 29.9, 33.3, 36.8, 40.6, 41.9, 45.7, 48.7, 80.6, 85.0, 89.4, 90.5, 122.9]","['RAIL', 'INSIDE', 'INSIDE', 'INSIDE', 'INSIDE', 'INSIDE', 'RAIL', 'INSIDE', 'OUTSIDE', 'INSIDE', 'INSIDE', 'OUTSIDE', 'RAIL', 'OUTSIDE']","[[0.27, 0.26, 0.12], [0.78, 1.06, 0.95], [3.13, 2.83, 0.98], [1.92, 1.81, 0.15], [1.5, 1.64, 0.1], [1.19, 1.54, 0.07], [0.38, 0.38, 1.0], [0.79, 1.11, 0.04], [2.53, 0.86, 1.86], [1.91, 1.29, 1.59], [7.09, 4.71, 1.82], [1.18, 0.54, 0.77], [2.77, 0.16, 0.23], [0.54, 0.85, 0.61]]","[51, 11, 32, 59, 58, 64, 56, 63, 70, 61, 72, 68, 62, 65]",38.5
151,1790252252244405267,307131,69796,16,14,122.4,"[25.6, 27.7, 32.7, 33.2, 36.3, 40.1, 42.2, 45.1, 46.4, 47.4, 48.8, 89.4, 89.4, 122.4]","['RAIL', 'NEAR', 'INSIDE', 'INSIDE', 'OUTSIDE', 'INSIDE', 'OUTSIDE', 'INSIDE', 'OUTSIDE', 'OUTSIDE', 'OUTSIDE', 'RAIL', 'INSIDE', 'RAIL']","[[0.37, 0.42, 0.12], [0.75, 0.86, 0.71], [2.35, 1.9, 0.18], [2.0, 1.74, 0.14], [11.05, 1.2, 2.59], [1.51, 1.65, 0.09], [6.84, 0.8, 2.01], [1.34, 1.4, 0.07], [0.73, 0.73, 1.84], [0.64, 0.78, 1.87], [1.65, 0.86, 1.85], [0.12, 0.34, 0.36], [2.87, 2.01, 0.37], [0.17, 0.48, 0.53]]","[51, 11, 59, 58, 44, 64, 63, 71, 70, 66, 67, 68, 62, 65]",36.1
152,1790252252335976443,307143,71078,22,18,121.9,"[24.9, 26.3, 30.5, 30.7, 31.0, 33.0, 36.6, 40.9, 45.4, 46.6, 47.4, 47.9, 82.7, 83.8, 86.6, 87.8, 93.9, 121.9]","['RAIL', 'INSIDE', 'INSIDE', 'OUTSIDE', 'INSIDE', 'OUTSIDE', 'INSIDE', 'INSIDE', 'INSIDE', 'OUTSIDE', 'OUTSIDE', 'RAIL', 'OUTSIDE', 'RAIL', 'RAIL', 'INSIDE', 'INSIDE', 'OUTSIDE']","[[0.38, 0.37, 0.22], [3.07, 2.85, 1.38], [1.57, 1.76, 0.13], [1.25, 0.85, 0.62], [2.5, 2.01, 0.19], [7.03, 1.27, 2.64], [1.36, 1.13, 0.09], [0.76, 0.86, 0.05], [0.79, 1.1, 0.04], [1.22, 0.64, 1.75], [0.36, 0.45, 0.53], [0.34, 0.3, 1.05], [0.98, 0.72, 0.95], [2.04, 0.17, 0.34], [2.1, 0.32, 0.79], [6.17, 4.52, 1.72], [1.42, 3.31, 1.23], [0.27, 0.63, 0.6]]","[51, 11, 32, 59, 44, 50, 58, 64, 71, 70, 66, 67, 52, 72, 68, 62, 69, 65]",32.4
153,1790252252453387503,307168,72754,18,13,116.5,"[22.2, 24.4, 33.4, 36.6, 40.8, 45.4, 46.0, 46.3, 46.5, 84.8, 88.9, 93.6, 116.5]","['RAIL', 'RAIL', 'INSIDE', 'INSIDE', 'INSIDE', 'RAIL', 'INSIDE', 'RAIL', 'OUTSIDE', 'RAIL', 'INSIDE', 'INSIDE', 'INSIDE']","[[0.14, 0.05, 0.84], [0.44, 0.56, 0.21], [1.57, 1.6, 0.12], [1.88, 1.75, 0.13], [1.17, 1.41, 0.07], [0.17, 0.17, 0.32], [1.34, 1.41, 0.07], [0.63, 0.17, 0.4], [0.42, 0.57, 1.12], [1.53, 0.54, 0.98], [8.72, 4.5, 1.83], [0.87, 3.29, 1.42], [1.54, 0.8, 0.02]]","[11, 51, 44, 58, 64, 71, 70, 67, 66, 68, 62, 69, 65]",38.2
154,1790252252533815072,307134,74905,20,13,113.7,"[23.6, 27.9, 29.1, 33.3, 36.3, 40.4, 42.2, 43.0, 45.3, 83.3, 87.2, 87.9, 113.7]","['RAIL', 'NEAR', 'OUTSIDE', 'INSIDE', 'INSIDE', 'INSIDE', 'RAIL', 'INSIDE', 'OUTSIDE', 'INSIDE', 'INSIDE', 'OUTSIDE', 'INSIDE']","[[0.6, 0.48, 0.21], [0.59, 0.85, 0.74], [0.98, 1.23, 1.06], [1.6, 1.71, 0.12], [1.78, 1.74, 0.12], [1.48, 1.53, 0.09], [0.32, 0.16, 0.56], [0.89, 1.1, 0.05], [9.19, 0.81, 2.06], [5.3, 3.77, 1.46], [0.77, 0.74, 0.97], [1.11, 0.73, 0.97], [3.96, 1.41, 0.04]]","[51, 33, 59, 44, 58, 64, 63, 70, 67, 62, 72, 68, 65]",44.2
155,1790252252655557124,307138,77361,16,10,115.0,"[23.1, 32.7, 36.2, 37.9, 40.5, 43.2, 45.2, 45.3, 87.8, 115.0]","['RAIL', 'INSIDE', 'INSIDE', 'INSIDE', 'OUTSIDE', 'RAIL', 'INSIDE', 'OUTSIDE', 'OUTSIDE', 'INSIDE']","[[0.6, 0.53, 0.2], [2.86, 1.88, 0.3], [2.29, 1.86, 0.16], [1.16, 1.4, 0.07], [9.96, 1.02, 2.41], [0.42, 0.24, 0.67], [1.31, 1.25, 0.07], [0.48, 0.48, 0.92], [3.33, 0.85, 1.2], [2.14, 1.19, 0.02]]","[51, 44, 58, 64, 67, 63, 70, 66, 68, 65]",39.4
156,1790252252734213421,307140,80817,18,11,91.9,"[22.4, 32.9, 36.5, 40.6, 45.4, 80.4, 80.8, 84.9, 85.4, 86.3, 91.9]","['RAIL', 'INSIDE', 'INSIDE', 'INSIDE', 'INSIDE', 'RAIL', 'INSIDE', 'INSIDE', 'NEAR', 'OUTSIDE', 'INSIDE']","[[0.65, 0.53, 0.2], [2.9, 2.02, 0.37], [1.96, 1.86, 0.14], [1.46, 1.54, 0.09], [1.26, 1.41, 0.06], [1.41, 0.57, 1.1], [8.89, 4.77, 1.93], [0.46, 0.94, 0.37], [1.79, 0.72, 1.17], [0.51, 0.36, 0.6], [0.83, 3.55, 1.39]]","[51, 44, 58, 64, 70, 61, 62, 72, 68, 52, 69]",36.6
157,1790252252828749062,307128,80374,12,7,91.0,"[21.9, 28.2, 33.6, 36.5, 40.6, 86.3, 91.0]","['RAIL', 'NEAR', 'INSIDE', 'INSIDE', 'INSIDE', 'OUTSIDE', 'INSIDE']","[[0.71, 0.49, 0.25], [0.6, 0.85, 0.76], [1.59, 1.26, 0.12], [1.17, 1.63, 0.08], [1.47, 1.27, 0.09], [1.22, 0.32, 0.6], [1.46, 4.48, 1.38]]","[51, 33, 44, 58, 64, 52, 69]",44.3
158,1790252252942727554,307090,68287,15,8,90.4,"[33.2, 36.1, 40.3, 45.1, 79.8, 85.9, 86.1, 90.4]","['INSIDE', 'INSIDE', 'INSIDE', 'INSIDE', 'INSIDE', 'OUTSIDE', 'INSIDE', 'INSIDE']","[[1.78, 1.92, 0.14], [2.36, 1.96, 0.16], [1.46, 1.4, 0.09], [1.27, 0.79, 0.07], [3.04, 1.26, 1.6], [1.55, 0.39, 0.84], [3.92, 2.56, 1.16], [1.46, 4.44, 1.38]]","[44, 58, 64, 70, 61, 52, 72, 69]",44.5
159,1790252253031049459,307093,73601,13,8,88.9,"[31.3, 33.1, 37.0, 40.5, 44.3, 83.6, 84.3, 88.9]","['INSIDE', 'INSIDE', 'INSIDE', 'INSIDE', 'OUTSIDE', 'RAIL', 'INSIDE', 'INSIDE']","[[0.74, 0.92, 0.8], [2.17, 2.12, 0.17], [0.64, 1.15, 0.04], [1.47, 1.54, 0.09], [6.39, 0.81, 2.01], [1.08, 0.33, 0.54], [8.61, 3.38, 1.83], [3.25, 3.9, 1.78]]","[50, 44, 58, 64, 66, 52, 68, 69]",49.6
160,1790252253129384565,307072,76405,15,10,88.2,"[20.1, 32.9, 36.7, 40.7, 43.1, 47.2, 81.4, 82.0, 85.1, 88.2]","['RAIL', 'INSIDE', 'INSIDE', 'INSIDE', 'RAIL', 'RAIL', 'OUTSIDE', 'INSIDE', 'INSIDE', 'INSIDE']","[[0.61, 0.5, 0.3], [2.65, 2.21, 0.2], [1.5, 1.63, 0.1], [1.2, 1.4, 0.07], [0.39, 0.17, 0.47], [0.5, 0.16, 0.3], [0.43, 0.98, 0.51], [1.62, 1.32, 0.88], [4.04, 2.49, 1.63], [3.34, 4.52, 1.79]]","[51, 44, 58, 64, 71, 70, 62, 61, 72, 69]",45.4
161,1790252253225866973,307094,70079,15,8,88.9,"[32.7, 36.5, 40.3, 49.5, 81.6, 83.4, 83.8, 88.9]","['INSIDE', 'INSIDE', 'INSIDE', 'NEAR', 'OUTSIDE', 'RAIL', 'INSIDE', 'INSIDE']","[[2.62, 2.21, 0.2], [1.27, 1.63, 0.09], [1.64, 1.66, 0.1], [0.63, 0.63, 0.98], [0.84, 0.99, 0.5], [1.92, 0.36, 0.71], [2.55, 2.17, 1.62], [0.91, 4.52, 1.78]]","[44, 58, 64, 70, 62, 52, 68, 69]",39.7
162,1790252253333311738,307082,79574,14,9,109.7,"[30.1, 32.4, 36.3, 40.6, 49.0, 83.3, 87.9, 100.0, 109.7]","['INSIDE', 'INSIDE', 'INSIDE', 'INSIDE', 'OUTSIDE', 'INSIDE', 'INSIDE', 'INSIDE', 'INSIDE']","[[1.54, 0.61, 0.13], [3.05, 2.29, 0.23], [1.94, 1.74, 0.13], [1.39, 1.39, 0.08], [1.84, 0.83, 1.95], [6.32, 4.09, 1.84], [2.05, 4.52, 1.77], [1.54, 2.24, 0.65], [3.69, 2.05, 0.24]]","[50, 44, 58, 64, 70, 68, 69, 73, 65]",37.8
163,1790252253430422429,307096,82791,14,9,108.8,"[31.3, 33.2, 36.3, 40.7, 44.5, 48.5, 85.9, 100.3, 108.8]","['NEAR', 'INSIDE', 'INSIDE', 'INSIDE', 'OUTSIDE', 'NEAR', 'INSIDE', 'INSIDE', 'NEAR']","[[1.63, 0.36, 0.13], [1.98, 1.27, 0.15], [1.96, 1.86, 0.14], [1.17, 1.4, 0.36], [6.36, 0.78, 2.01], [0.4, 0.46, 0.54], [4.26, 4.53, 1.65], [3.39, 3.29, 0.65], [1.88, 0.9, 0.43]]","[44, 58, 67, 64, 66, 70, 72, 73, 65]",38.8
164,1790252253554531090,307112,67455,15,11,99.7,"[32.9, 36.1, 40.3, 42.7, 47.7, 49.6, 80.1, 81.5, 82.4, 85.9, 99.7]","['INSIDE', 'INSIDE', 'INSIDE', 'OUTSIDE', 'RAIL', 'OUTSIDE', 'INSIDE', 'OUTSIDE', 'INSIDE', 'INSIDE', 'INSIDE']","[[2.36, 1.59, 0.18], [2.12, 1.96, 0.15], [1.56, 1.66, 0.09], [6.47, 0.9, 2.12], [0.39, 0.17, 0.52], [0.88, 0.82, 1.95], [1.76, 2.13, 1.22], [0.86, 0.41, 0.56], [2.06, 1.0, 0.64], [2.98, 3.95, 1.66], [3.52, 2.07, 0.42]]","[58, 67, 64, 63, 70, 66, 61, 62, 68, 72, 73]",43.4
165,1790252253630801689,307064,71401,18,13,108.6,"[28.5, 33.3, 36.7, 40.4, 40.9, 47.3, 49.2, 80.6, 81.8, 83.6, 86.3, 98.1, 108.6]","['INSIDE', 'INSIDE', 'INSIDE', 'INSIDE', 'INSIDE', 'OUTSIDE', 'NEAR', 'RAIL', 'OUTSIDE', 'INSIDE', 'INSIDE', 'INSIDE', 'INSIDE']","[[1.11, 1.64, 1.24], [1.5, 1.61, 0.12], [1.52, 1.63, 0.11], [1.01, 0.56, 0.06], [1.12, 0.86, 0.07], [0.78, 0.76, 1.67], [1.66, 0.52, 0.58], [1.4, 0.45, 0.73], [1.71, 1.16, 1.68], [6.4, 1.76, 1.82], [1.02, 4.51, 1.88], [1.51, 2.38, 0.8], [0.74, 0.76, 0.23]]","[33, 58, 67, 64, 63, 70, 66, 62, 52, 68, 72, 73, 65]",44.4
166,1790252253753146204,307056,65892,15,9,97.5,"[30.5, 31.3, 33.3, 36.4, 40.9, 46.4, 47.4, 84.7, 97.5]","['NEAR', 'RAIL', 'INSIDE', 'INSIDE', 'INSIDE', 'OUTSIDE', 'RAIL', 'INSIDE', 'INSIDE']","[[0.47, 0.87, 0.81], [0.39, 0.3, 0.07], [1.93, 1.82, 0.15], [1.98, 1.86, 0.14], [1.29, 1.41, 0.08], [0.66, 0.66, 1.85], [0.52, 0.18, 0.42], [2.99, 4.59, 1.87], [1.59, 2.25, 0.63]]","[50, 44, 58, 67, 63, 70, 66, 72, 73]",42.7
167,1790252253838062840,307066,78124,14,8,107.1,"[32.9, 36.6, 41.0, 45.9, 48.3, 83.6, 97.6, 107.1]","['INSIDE', 'INSIDE', 'INSIDE', 'OUTSIDE', 'OUTSIDE', 'INSIDE', 'INSIDE', 'NEAR']","[[2.52, 2.22, 0.19], [1.88, 1.75, 0.13], [1.29, 1.27, 0.08], [2.55, 0.7, 1.85], [1.62, 0.82, 1.93], [3.82, 4.7, 1.86], [3.26, 3.47, 0.64], [0.08, 0.37, 0.22]]","[58, 67, 63, 70, 66, 72, 73, 65]",41.7
168,1790252253941549483,307078,67982,13,8,106.5,"[30.4, 33.0, 36.0, 40.9, 45.6, 48.2, 79.2, 106.5]","['INSIDE', 'INSIDE', 'INSIDE', 'INSIDE', 'OUTSIDE', 'OUTSIDE', 'RAIL', 'NEAR']","[[2.04, 1.69, 0.18], [2.17, 2.12, 0.17], [2.91, 2.07, 0.2], [1.41, 1.41, 0.08], [2.17, 0.71, 1.85], [2.5, 0.73, 1.8], [1.79, 0.49, 0.87], [0.07, 0.79, 0.22]]","[50, 58, 67, 63, 70, 66, 62, 65]",43.9
169,1790252254033337265,307096,74286,15,11,95.4,"[28.3, 29.5, 30.6, 33.3, 41.1, 46.7, 47.5, 48.4, 48.4, 83.1, 95.4]","['NEAR', 'INSIDE', 'INSIDE', 'INSIDE', 'INSIDE', 'INSIDE', 'RAIL', 'RAIL', 'OUTSIDE', 'INSIDE', 'INSIDE']","[[1.26, 1.03, 1.01], [0.49, 1.21, 1.0], [1.47, 1.69, 0.13], [1.98, 1.82, 0.15], [1.4, 0.72, 0.08], [0.42, 0.81, 0.02], [0.38, 0.16, 0.42], [0.38, 0.16, 0.44], [2.36, 0.87, 1.96], [1.64, 1.54, 1.61], [1.59, 1.3, 0.78]]","[33, 50, 58, 67, 63, 77, 71, 76, 66, 68, 73]",37.2
170,1790252254129799257,307080,75395,14,10,101.8,"[30.4, 33.1, 40.8, 45.8, 46.6, 47.7, 83.3, 94.4, 97.2, 101.8]","['INSIDE', 'INSIDE', 'INSIDE', 'INSIDE', 'RAIL', 'OUTSIDE', 'INSIDE', 'INSIDE', 'INSIDE', 'INSIDE']","[[2.35, 1.97, 0.2], [2.19, 1.93, 0.17], [1.86, 1.54, 0.11], [0.91, 0.97, 0.05], [0.46, 0.23, 1.05], [6.66, 0.81, 1.94], [2.08, 4.56, 2.04], [0.81, 0.67, 0.59], [0.31, 0.85, 0.61], [0.67, 1.07, 0.63]]","[58, 67, 63, 77, 71, 70, 72, 73, 81, 65]",35.7
171,1790252254235362961,307076,69702,15,10,102.6,"[33.2, 41.5, 46.6, 47.6, 48.1, 48.6, 50.0, 82.0, 94.1, 102.6]","['INSIDE', 'INSIDE', 'INSIDE', 'RAIL', 'RAIL', 'OUTSIDE', 'RAIL', 'INSIDE', 'INSIDE', 'INSIDE']","[[2.39, 2.12, 0.19], [0.93, 1.15, 0.06], [0.85, 0.65, 0.04], [0.53, 0.43, 0.85], [1.35, 0.27, 0.84], [1.86, 0.72, 1.66], [0.01, 1.44, 0.65], [3.33, 4.7, 2.02], [1.37, 2.28, 1.01], [2.96, 0.7, 0.43]]","[67, 63, 77, 76, 66, 78, 71, 72, 73, 65]",40.4
172,1790252254329945338,307021,65227,17,13,100.0,"[28.7, 30.6, 33.3, 41.2, 44.4, 46.6, 48.3, 48.8, 49.2, 78.6, 80.8, 93.3, 100.0]","['NEAR', 'NEAR', 'INSIDE', 'INSIDE', 'RAIL', 'INSIDE', 'RAIL', 'OUTSIDE', 'RAIL', 'INSIDE', 'INSIDE', 'INSIDE', 'INSIDE']","[[1.21, 1.04, 1.01], [0.46, 0.87, 0.82], [2.0, 1.82, 0.16], [1.29, 1.42, 0.08], [0.35, 0.11, 0.39], [0.94, 0.65, 0.05], [0.11, 0.18, 0.53], [1.06, 0.58, 0.88], [0.33, 0.25, 0.64], [2.8, 2.68, 1.03], [3.33, 4.76, 2.01], [1.88, 2.46, 0.84], [2.59, 1.94, 0.66]]","[33, 50, 67, 63, 76, 77, 66, 78, 71, 61, 72, 73, 65]",42.5
173,1790252254433471404,307060,76005,12,10,94.1,"[30.1, 31.4, 33.1, 41.3, 46.6, 48.5, 49.8, 77.4, 80.2, 94.1]","['INSIDE', 'INSIDE', 'INSIDE', 'INSIDE', 'INSIDE', 'OUTSIDE', 'RAIL', 'INSIDE', 'INSIDE', 'INSIDE']","[[3.0, 2.97, 0.97], [0.66, 0.92, 0.79], [3.03, 2.21, 0.28], [1.33, 1.29, 0.08], [0.57, 0.98, 0.03], [1.87, 0.74, 1.95], [0.39, 0.19, 1.09], [0.57, 1.36, 0.84], [2.75, 4.78, 2.15], [1.38, 2.97, 0.44]]","[58, 50, 67, 63, 77, 78, 71, 61, 72, 73]",44.8
174,1790252254534255259,307015,79342,16,13,107.7,"[27.7, 31.3, 33.1, 41.6, 42.0, 45.0, 45.8, 47.5, 49.4, 49.7, 93.3, 101.4, 107.7]","['OUTSIDE', 'INSIDE', 'INSIDE', 'INSIDE', 'OUTSIDE', 'RAIL', 'RAIL', 'OUTSIDE', 'OUTSIDE', 'RAIL', 'INSIDE', 'INSIDE', 'INSIDE']","[[1.47, 1.02, 0.69], [0.84, 0.93, 0.79], [2.49, 2.12, 0.33], [0.81, 1.15, 0.05], [2.5, 0.77, 2.0], [0.45, 0.33, 0.99], [0.23, 0.18, 0.72], [1.48, 0.76, 1.91], [1.19, 0.7, 1.95], [0.54, 0.18, 0.55], [4.55, 3.94, 0.66], [2.03, 2.88, 0.64], [1.15, 3.16, 0.96]]","[58, 50, 67, 63, 64, 70, 66, 78, 71, 77, 73, 65, 79]",43.2
175,1790252254633190887,307011,84100,12,9,107.0,"[27.0, 33.5, 41.5, 47.0, 49.5, 49.6, 94.3, 100.5, 107.0]","['INSIDE', 'INSIDE', 'INSIDE', 'INSIDE', 'OUTSIDE', 'RAIL', 'INSIDE', 'INSIDE', 'INSIDE']","[[1.51, 1.37, 1.23], [1.53, 1.61, 0.12], [1.35, 1.15, 0.08], [0.97, 1.14, 0.05], [0.7, 0.6, 0.89], [0.5, 0.16, 0.44], [7.52, 3.92, 0.99], [2.0, 1.42, 0.64], [1.19, 3.43, 0.96]]","[33, 67, 63, 78, 71, 77, 73, 65, 79]",50.4
176,1790252254730712514,307036,75349,13,9,106.1,"[30.0, 32.8, 41.5, 48.2, 49.7, 90.1, 93.0, 101.3, 106.1]","['INSIDE', 'INSIDE', 'INSIDE', 'OUTSIDE', 'OUTSIDE', 'INSIDE', 'INSIDE', 'INSIDE', 'INSIDE']","[[2.96, 2.96, 0.97], [2.69, 2.21, 0.21], [1.27, 1.29, 0.08], [1.31, 0.71, 1.92], [0.46, 0.54, 0.87], [0.58, 0.81, 0.19], [3.09, 1.84, 0.84], [2.61, 2.35, 0.66], [1.54, 3.41, 0.96]]","[50, 67, 63, 71, 77, 73, 81, 65, 79]",46.5
177,1790252254824294849,306968,76729,9,7,110.7,"[41.6, 47.1, 49.3, 91.1, 95.2, 98.5, 110.7]","['INSIDE', 'INSIDE', 'OUTSIDE', 'INSIDE', 'INSIDE', 'INSIDE', 'INSIDE']","[[1.4, 1.43, 0.08], [0.93, 1.14, 0.05], [1.39, 0.79, 1.98], [4.77, 4.37, 1.03], [0.34, 2.69, 0.85], [2.53, 0.73, 0.45], [1.03, 1.17, 0.01]]","[63, 78, 77, 73, 81, 65, 79]",41.9
178,1790252254925056318,306998,81109,12,8,104.8,"[33.6, 41.7, 45.2, 47.2, 48.8, 92.3, 96.7, 104.8]","['INSIDE', 'INSIDE', 'RAIL', 'INSIDE', 'OUTSIDE', 'INSIDE', 'INSIDE', 'INSIDE']","[[2.0, 1.82, 0.16], [1.05, 0.73, 0.06], [0.3, 0.37, 0.99], [0.84, 0.98, 0.04], [1.3, 0.73, 1.94], [2.83, 3.86, 0.8], [0.84, 1.85, 0.67], [1.38, 3.62, 1.12]]","[67, 63, 76, 78, 77, 73, 81, 79]",40.3
179,1790252255043301311,307007,85662,11,8,104.0,"[33.1, 41.4, 47.0, 90.2, 93.1, 94.6, 98.2, 104.0]","['INSIDE', 'INSIDE', 'INSIDE', 'INSIDE', 'OUTSIDE', 'INSIDE', 'INSIDE', 'INSIDE']","[[2.59, 2.11, 0.2], [1.66, 1.43, 0.1], [1.06, 1.14, 0.05], [2.48, 2.22, 0.45], [1.23, 1.59, 0.86], [4.48, 1.62, 0.86], [1.41, 1.04, 0.62], [1.64, 3.6, 1.12]]","[67, 63, 78, 73, 83, 81, 65, 79]",42.9
180,1790252255133996198,306979,92808,12,9,103.5,"[33.6, 41.4, 47.3, 49.1, 49.7, 92.0, 92.2, 97.9, 103.5]","['INSIDE', 'INSIDE', 'INSIDE', 'OUTSIDE', 'RAIL', 'INSIDE', 'NEAR', 'INSIDE', 'INSIDE']","[[1.93, 1.83, 0.15], [0.86, 1.43, 0.05], [1.13, 0.81, 0.06], [0.36, 0.39, 0.44], [0.37, 0.39, 1.09], [0.66, 0.96, 0.02], [0.47, 1.35, 0.26], [11.33, 3.37, 1.19], [1.12, 3.75, 1.12]]","[67, 63, 78, 77, 71, 73, 65, 81, 79]",45.2
181,1790252255240014907,306911,99085,10,7,102.6,"[33.3, 42.3, 47.5, 92.2, 93.0, 98.1, 102.6]","['INSIDE', 'INSIDE', 'INSIDE', 'OUTSIDE', 'INSIDE', 'INSIDE', 'INSIDE']","[[2.37, 1.93, 0.18], [0.53, 0.88, 0.03], [0.97, 0.99, 0.05], [0.83, 1.1, 0.83], [3.78, 1.9, 0.82], [1.56, 0.67, 0.29], [1.54, 3.51, 1.11]]","[67, 63, 78, 73, 81, 65, 79]",39.1
182,1790252255347463383,306978,91741,10,7,101.8,"[33.5, 37.8, 42.1, 43.3, 48.0, 93.0, 101.8]","['INSIDE', 'INSIDE', 'INSIDE', 'RAIL', 'INSIDE', 'INSIDE', 'INSIDE']","[[2.43, 1.84, 0.19], [1.28, 1.43, 0.35], [1.6, 1.3, 0.1], [0.22, 0.16, 0.21], [0.83, 1.0, 0.04], [9.51, 3.21, 0.99], [1.61, 3.53, 0.83]]","[67, 85, 63, 64, 78, 81, 79]",38.0
183,1790252255438100001,306879,102673,20,16,98.7,"[28.5, 30.5, 33.0, 37.2, 41.7, 46.5, 46.6, 47.4, 49.0, 49.7, 49.8, 87.0, 89.0, 92.5, 92.6, 98.7]","['NEAR', 'INSIDE', 'INSIDE', 'INSIDE', 'INSIDE', 'RAIL', 'RAIL', 'INSIDE', 'OUTSIDE', 'OUTSIDE', 'RAIL', 'INSIDE', 'INSIDE', 'INSIDE', 'INSIDE', 'INSIDE']","[[0.67, 0.97, 0.77], [2.1, 2.06, 0.18], [2.9, 2.03, 0.23], [1.45, 1.54, 0.36], [1.54, 1.57, 0.09], [0.27, 0.18, 0.39], [0.42, 0.24, 0.42], [0.89, 0.99, 0.05], [0.38, 0.38, 0.44], [0.36, 0.34, 0.55], [0.54, 0.27, 0.77], [2.41, 2.74, 0.39], [1.68, 1.06, 0.77], [1.72, 0.8, 0.04], [2.72, 0.61, 0.42], [0.67, 2.91, 0.67]]","[33, 50, 67, 85, 63, 76, 66, 78, 77, 71, 70, 73, 81, 83, 65, 79]",48.2
184,1790252255532557131,306924,103669,11,7,92.5,"[33.4, 37.5, 42.2, 48.0, 87.7, 90.2, 92.5]","['INSIDE', 'INSIDE', 'INSIDE', 'INSIDE', 'INSIDE', 'INSIDE', 'INSIDE']","[[2.58, 2.03, 0.2], [1.62, 1.67, 0.11], [1.04, 1.31, 0.06], [0.44, 0.83, 0.02], [2.42, 2.55, 1.0], [0.34, 1.07, 0.79], [1.41, 1.26, 0.82]]","[67, 85, 63, 78, 73, 81, 65]",48.4
185,1790252255642761416,306935,102473,14,10,99.7,"[33.9, 37.5, 42.5, 47.1, 47.2, 48.2, 85.6, 86.1, 89.4, 99.7]","['INSIDE', 'INSIDE', 'INSIDE', 'RAIL', 'RAIL', 'INSIDE', 'OUTSIDE', 'INSIDE', 'INSIDE', 'INSIDE']","[[2.02, 1.85, 0.16], [1.26, 1.67, 0.09], [1.03, 1.17, 0.06], [0.32, 0.16, 0.42], [0.42, 0.24, 0.92], [0.57, 0.84, 0.03], [1.64, 0.92, 0.39], [1.05, 1.29, 0.96], [0.78, 1.09, 0.02], [1.38, 3.75, 1.35]]","[67, 85, 63, 76, 66, 78, 73, 81, 83, 79]",52.2
186,1790252255743598388,306834,102433,9,6,99.4,"[33.7, 42.4, 47.9, 49.4, 91.5, 99.4]","['INSIDE', 'INSIDE', 'INSIDE', 'RAIL', 'INSIDE', 'INSIDE']","[[2.95, 1.94, 0.28], [1.09, 1.17, 0.07], [1.02, 0.67, 0.05], [0.78, 0.24, 0.97], [9.41, 4.18, 1.05], [0.41, 3.64, 0.88]]","[67, 63, 78, 70, 65, 79]",40.9
187,1790252255832942092,306835,99327,9,7,97.9,"[33.6, 42.3, 46.3, 46.5, 48.7, 90.7, 97.9]","['INSIDE', 'INSIDE', 'RAIL', 'RAIL', 'RAIL', 'INSIDE', 'INSIDE']","[[2.54, 1.84, 0.34], [1.29, 1.31, 0.08], [0.47, 0.42, 1.02], [0.15, 0.26, 0.52], [0.46, 0.18, 0.33], [11.61, 3.47, 1.08], [1.88, 3.77, 0.88]]","[67, 63, 76, 66, 70, 65, 79]",56.4
188,1790252255931264133,306803,100988,10,8,97.2,"[33.7, 37.9, 42.8, 45.8, 48.3, 88.9, 91.3, 97.2]","['INSIDE', 'INSIDE', 'INSIDE', 'RAIL', 'INSIDE', 'INSIDE', 'INSIDE', 'INSIDE']","[[2.7, 2.05, 0.21], [1.57, 1.68, 0.11], [1.09, 1.03, 0.07], [0.48, 0.19, 0.41], [0.87, 1.01, 0.05], [1.25, 0.75, 0.76], [1.62, 1.02, 0.39], [1.82, 3.92, 1.06]]","[67, 85, 63, 76, 78, 83, 65, 79]",50.2
189,1790252256027861460,306808,101771,12,9,96.6,"[33.9, 37.7, 42.6, 44.7, 48.3, 49.3, 84.2, 90.3, 96.6]","['INSIDE', 'INSIDE', 'INSIDE', 'RAIL', 'INSIDE', 'OUTSIDE', 'OUTSIDE', 'INSIDE', 'INSIDE']","[[2.04, 1.95, 0.16], [1.55, 1.68, 0.11], [1.08, 1.18, 0.07], [0.54, 0.16, 0.49], [0.61, 0.84, 0.03], [1.25, 0.68, 1.86], [2.18, 0.61, 0.57], [2.25, 1.25, 0.39], [1.39, 3.89, 1.24]]","[67, 85, 63, 76, 78, 71, 73, 65, 79]",50.8
190,1790252256126996513,306734,102534,14,11,95.7,"[33.2, 33.7, 37.3, 42.5, 44.1, 47.8, 47.9, 48.2, 49.5, 90.3, 95.7]","['INSIDE', 'INSIDE', 'INSIDE', 'INSIDE', 'RAIL', 'RAIL', 'INSIDE', 'OUTSIDE', 'RAIL', 'INSIDE', 'INSIDE']","[[1.06, 0.44, 0.08], [2.11, 0.91, 0.16], [2.21, 1.9, 0.15], [0.91, 1.18, 0.05], [0.28, 0.18, 0.2], [0.3, 0.17, 0.33], [1.06, 0.67, 0.05], [3.31, 0.71, 1.94], [0.96, 0.19, 0.54], [1.76, 2.49, 1.02], [1.56, 3.87, 1.23]]","[67, 50, 85, 63, 76, 78, 77, 70, 71, 65, 79]",38.5
191,1790252256237023775,306741,102273,16,13,95.1,"[31.2, 32.5, 33.2, 38.0, 42.9, 48.0, 48.4, 48.8, 49.4, 85.0, 90.4, 91.6, 95.1]","['INSIDE', 'INSIDE', 'NEAR', 'INSIDE', 'INSIDE', 'OUTSIDE', 'RAIL', 'INSIDE', 'RAIL', 'OUTSIDE', 'OUTSIDE', 'INSIDE', 'INSIDE']","[[1.65, 1.81, 0.34], [1.7, 0.5, 0.13], [0.7, 0.69, 0.6], [1.58, 1.56, 0.11], [0.9, 1.19, 0.05], [0.56, 0.27, 0.55], [0.22, 0.24, 0.95], [0.71, 0.85, 0.04], [0.42, 0.31, 1.08], [1.17, 1.44, 0.82], [1.18, 1.47, 0.39], [2.03, 2.67, 1.04], [1.28, 3.84, 1.03]]","[50, 67, 85, 63, 64, 70, 66, 77, 71, 73, 65, 87, 79]",47.6
192,1790252256336567507,306620,102233,14,10,93.2,"[30.8, 32.5, 36.1, 37.7, 42.6, 48.7, 80.3, 86.0, 89.2, 93.2]","['INSIDE', 'INSIDE', 'OUTSIDE', 'INSIDE', 'RAIL', 'INSIDE', 'INSIDE', 'INSIDE', 'INSIDE', 'INSIDE']","[[2.39, 2.0, 0.21], [0.45, 1.05, 0.85], [1.6, 1.04, 2.48], [2.13, 1.8, 0.15], [0.19, 0.17, 0.55], [0.71, 0.85, 0.04], [7.72, 4.52, 1.42], [1.95, 2.42, 1.19], [3.24, 2.47, 0.99], [3.4, 3.81, 1.22]]","[50, 85, 63, 64, 76, 77, 88, 81, 83, 87]",46.1
193,1790252256433158996,306674,102709,14,11,92.5,"[31.5, 37.7, 41.8, 44.8, 48.4, 48.8, 80.9, 83.2, 87.9, 89.2, 92.5]","['INSIDE', 'INSIDE', 'RAIL', 'RAIL', 'INSIDE', 'OUTSIDE', 'INSIDE', 'INSIDE', 'OUTSIDE', 'INSIDE', 'INSIDE']","[[0.66, 1.02, 0.83], [1.94, 1.68, 0.13], [0.55, 0.17, 0.54], [0.2, 0.24, 0.2], [0.87, 1.0, 0.04], [0.72, 0.71, 1.65], [0.73, 0.68, 0.74], [11.3, 4.76, 1.5], [0.74, 1.66, 0.59], [1.46, 1.35, 0.98], [3.27, 4.03, 1.21]]","[85, 64, 76, 78, 77, 66, 81, 88, 83, 65, 87]",45.1
194,1790252256544228548,306600,103496,11,9,98.8,"[29.7, 30.0, 32.3, 38.5, 41.0, 47.4, 80.1, 89.3, 98.8]","['OUTSIDE', 'INSIDE', 'INSIDE', 'INSIDE', 'OUTSIDE', 'OUTSIDE', 'INSIDE', 'INSIDE', 'INSIDE']","[[2.42, 1.54, 1.17], [2.73, 1.61, 1.21], [0.77, 0.65, 0.25], [1.13, 1.32, 0.08], [10.58, 1.05, 2.5], [1.92, 0.62, 1.82], [10.96, 4.79, 1.52], [7.97, 4.37, 1.34], [1.17, 2.76, 0.42]]","[50, 85, 67, 64, 76, 70, 88, 65, 79]",49.5
195,1790252256633706553,306623,103564,13,11,114.3,"[30.1, 31.6, 38.2, 43.0, 43.3, 48.8, 83.6, 87.3, 92.1, 98.3, 114.3]","['INSIDE', 'INSIDE', 'INSIDE', 'INSIDE', 'INSIDE', 'OUTSIDE', 'INSIDE', 'INSIDE', 'INSIDE', 'INSIDE', 'OUTSIDE']","[[0.32, 1.23, 0.8], [1.12, 1.52, 0.1], [1.4, 1.57, 0.1], [0.95, 0.6, 0.06], [0.89, 1.01, 0.05], [12.58, 0.86, 2.17], [4.3, 4.41, 1.34], [1.6, 1.21, 0.25], [4.01, 4.02, 1.21], [1.89, 2.61, 0.42], [0.07, 1.0, 0.0]]","[85, 67, 64, 86, 77, 76, 81, 83, 87, 79, 89]",48.2
196,1790252256740111661,306509,103239,16,13,97.5,"[31.6, 38.1, 39.3, 42.4, 43.0, 44.0, 47.9, 48.8, 49.0, 81.0, 87.0, 91.0, 97.5]","['INSIDE', 'INSIDE', 'RAIL', 'RAIL', 'INSIDE', 'OUTSIDE', 'OUTSIDE', 'INSIDE', 'OUTSIDE', 'OUTSIDE', 'INSIDE', 'INSIDE', 'OUTSIDE']","[[1.94, 1.82, 0.25], [1.46, 1.2, 0.1], [0.67, 0.15, 0.7], [0.36, 0.22, 0.55], [1.07, 0.6, 0.07], [1.59, 0.79, 2.11], [1.52, 0.67, 1.68], [0.71, 0.86, 0.04], [1.93, 0.64, 1.85], [1.75, 1.11, 0.58], [2.61, 1.05, 0.28], [1.41, 3.82, 1.01], [1.91, 0.84, 0.21]]","[67, 64, 86, 78, 76, 70, 66, 77, 71, 88, 83, 87, 79]",49.4
197,1790252256837209628,306464,103508,16,13,108.8,"[28.3, 29.6, 31.4, 37.6, 38.5, 43.5, 44.3, 47.2, 47.4, 47.5, 86.5, 89.6, 108.8]","['INSIDE', 'INSIDE', 'INSIDE', 'INSIDE', 'OUTSIDE', 'INSIDE', 'OUTSIDE', 'RAIL', 'RAIL', 'OUTSIDE', 'INSIDE', 'INSIDE', 'OUTSIDE']","[[0.81, 1.56, 1.25], [0.77, 1.12, 0.07], [2.01, 2.02, 0.17], [1.6, 1.59, 0.11], [8.68, 1.06, 2.5], [1.14, 1.06, 0.07], [3.9, 0.81, 2.12], [0.19, 0.16, 0.52], [1.59, 0.63, 1.04], [1.03, 0.3, 0.52], [3.18, 3.46, 1.13], [2.52, 3.79, 1.02], [0.18, 1.14, 0.0]]","[85, 50, 67, 64, 63, 76, 70, 77, 66, 71, 83, 65, 89]",53.3
198,1790252256934686749,306413,103508,9,6,107.3,"[29.5, 38.5, 43.4, 47.1, 88.2, 107.3]","['INSIDE', 'INSIDE', 'INSIDE', 'OUTSIDE', 'INSIDE', 'OUTSIDE']","[[1.27, 1.13, 1.11], [1.12, 0.81, 0.08], [0.66, 0.9, 0.04], [3.14, 0.65, 1.91], [3.47, 3.94, 1.0], [1.24, 0.96, 0.02]]","[85, 64, 76, 66, 65, 89]",41.2
199,1790252257061002909,306386,103253,12,8,106.6,"[31.3, 38.0, 38.2, 40.8, 43.4, 48.7, 83.6, 106.6]","['INSIDE', 'INSIDE', 'INSIDE', 'RAIL', 'INSIDE', 'RAIL', 'INSIDE', 'OUTSIDE']","[[2.04, 1.92, 0.18], [1.59, 0.49, 0.11], [2.06, 0.93, 0.14], [0.64, 0.18, 0.36], [1.01, 1.2, 0.06], [0.23, 0.19, 0.29], [11.2, 4.54, 1.32], [1.52, 1.51, 0.03]]","[67, 64, 63, 70, 76, 77, 81, 89]",41.8
200,1790252257128652449,306266,103026,8,6,93.3,"[27.3, 32.1, 38.8, 43.8, 87.1, 93.3]","['INSIDE', 'RAIL', 'INSIDE', 'INSIDE', 'INSIDE', 'INSIDE']","[[1.16, 1.59, 0.12], [0.22, 0.11, 0.07], [1.47, 0.81, 0.1], [1.08, 1.07, 0.07], [4.73, 4.13, 1.04], [2.01, 2.29, 0.43]]","[50, 67, 63, 76, 83, 87]",41.4
201,1790252257232476120,306192,103017,9,7,80.3,"[31.1, 31.5, 37.1, 39.0, 39.2, 44.5, 80.3]","['RAIL', 'INSIDE', 'RAIL', 'RAIL', 'INSIDE', 'INSIDE', 'INSIDE']","[[0.07, 0.12, 0.07], [2.75, 2.04, 0.24], [0.2, 0.21, 0.66], [0.44, 0.23, 0.51], [1.46, 1.6, 0.1], [0.62, 0.92, 0.04], [14.24, 4.65, 1.39]]","[67, 85, 86, 70, 63, 76, 88]",57.7
202,1790252257341000225,306136,103497,11,7,104.5,"[30.4, 38.5, 43.9, 44.4, 85.7, 91.1, 104.5]","['RAIL', 'INSIDE', 'INSIDE', 'RAIL', 'INSIDE', 'INSIDE', 'OUTSIDE']","[[0.27, 0.15, 0.07], [2.15, 1.57, 0.15], [1.04, 1.07, 0.06], [0.33, 0.2, 0.19], [1.73, 3.89, 0.99], [0.99, 2.88, 0.43], [0.07, 1.28, 0.0]]","[67, 63, 76, 66, 83, 87, 89]",41.0
203,1790252257445804777,306029,103846,11,9,107.1,"[29.5, 29.7, 30.6, 35.2, 39.1, 44.7, 85.9, 98.8, 107.1]","['RAIL', 'INSIDE', 'OUTSIDE', 'INSIDE', 'INSIDE', 'INSIDE', 'INSIDE', 'OUTSIDE', 'OUTSIDE']","[[0.28, 0.16, 0.14], [0.76, 1.01, 0.8], [0.47, 0.99, 0.79], [1.64, 1.68, 0.13], [1.62, 1.47, 0.11], [0.58, 0.93, 0.03], [3.89, 4.15, 1.19], [3.4, 2.54, 0.27], [0.95, 1.29, 0.02]]","[67, 85, 50, 64, 63, 76, 83, 79, 89]",58.1
204,1790252257533680915,305909,104394,7,6,84.0,"[29.7, 35.5, 39.5, 42.7, 44.9, 84.0]","['OUTSIDE', 'INSIDE', 'INSIDE', 'RAIL', 'INSIDE', 'INSIDE']","[[0.59, 0.68, 0.52], [1.92, 1.69, 0.15], [1.56, 1.24, 0.11], [0.24, 0.21, 0.28], [1.14, 0.79, 0.07], [1.76, 3.97, 0.94]]","[50, 64, 63, 66, 76, 81]",42.3
205,1790252257625710077,305800,96355,8,6,91.9,"[29.0, 35.3, 39.3, 83.2, 86.0, 91.9]","['NEAR', 'INSIDE', 'INSIDE', 'INSIDE', 'INSIDE', 'INSIDE']","[[0.46, 0.87, 0.79], [1.65, 1.69, 0.13], [1.57, 1.23, 0.11], [1.46, 4.05, 0.94], [1.03, 0.71, 0.38], [2.15, 1.44, 0.21]]","[85, 64, 63, 81, 83, 87]",40.5
206,1790252257734813930,305681,102971,11,8,89.6,"[29.9, 35.1, 35.8, 39.7, 45.0, 46.8, 80.1, 89.6]","['INSIDE', 'INSIDE', 'OUTSIDE', 'INSIDE', 'INSIDE', 'RAIL', 'OUTSIDE', 'INSIDE']","[[0.82, 1.07, 1.09], [2.57, 1.92, 0.2], [8.55, 1.18, 2.77], [1.6, 1.5, 0.11], [0.9, 0.63, 0.05], [0.2, 0.18, 0.51], [1.07, 1.29, 0.75], [4.64, 3.07, 0.42]]","[85, 64, 70, 63, 76, 77, 88, 65]",41.4
207,1790252257834619095,305582,102946,10,6,96.3,"[35.7, 40.3, 47.0, 81.3, 90.5, 96.3]","['INSIDE', 'INSIDE', 'RAIL', 'INSIDE', 'INSIDE', 'INSIDE']","[[1.72, 1.47, 0.13], [0.84, 1.11, 0.06], [0.45, 0.25, 0.61], [1.85, 4.14, 1.09], [0.96, 0.45, 0.2], [1.37, 0.98, 0.2]]","[64, 63, 77, 88, 65, 79]",43.8
208,1790252257932895843,305351,102220,7,6,95.6,"[35.8, 40.0, 44.9, 80.7, 88.9, 95.6]","['INSIDE', 'INSIDE', 'INSIDE', 'INSIDE', 'INSIDE', 'INSIDE']","[[1.52, 1.25, 0.12], [1.84, 1.25, 0.34], [1.37, 0.78, 0.08], [1.34, 4.2, 0.93], [2.36, 2.45, 0.21], [1.09, 0.51, 0.03]]","[64, 63, 76, 88, 65, 79]",55.3
209,1790252258049348533,305262,101758,10,8,98.4,"[29.6, 35.8, 40.1, 45.5, 82.3, 85.7, 89.3, 98.4]","['INSIDE', 'INSIDE', 'INSIDE', 'INSIDE', 'INSIDE', 'INSIDE', 'INSIDE', 'OUTSIDE']","[[0.91, 0.66, 0.53], [1.68, 1.47, 0.13], [1.7, 1.39, 0.12], [0.75, 0.95, 0.04], [1.13, 0.91, 0.41], [1.67, 2.98, 0.41], [5.22, 2.82, 0.28], [0.05, 0.86, 0.0]]","[85, 64, 63, 76, 81, 83, 65, 79]",37.5
210,1790252258153921597,304943,101603,10,5,91.1,"[36.2, 40.5, 45.8, 84.5, 91.1]","['INSIDE', 'INSIDE', 'INSIDE', 'INSIDE', 'OUTSIDE']","[[1.61, 1.26, 0.13], [0.99, 1.13, 0.07], [0.65, 0.95, 0.04], [2.34, 2.51, 0.36], [0.86, 0.78, 0.02]]","[64, 63, 76, 83, 87]",41.3
211,1790252258248182216,304794,101423,12,7,84.6,"[30.9, 36.2, 40.7, 46.2, 48.3, 80.7, 84.6]","['NEAR', 'INSIDE', 'INSIDE', 'INSIDE', 'RAIL', 'INSIDE', 'INSIDE']","[[0.9, 0.74, 0.86], [2.02, 1.73, 0.16], [0.99, 0.71, 0.07], [0.78, 0.96, 0.05], [0.15, 0.16, 0.29], [1.15, 0.86, 0.39], [4.03, 2.04, 0.18]]","[85, 64, 63, 76, 77, 88, 83]",43.9
212,1790252258328564997,304557,101291,6,4,84.8,"[32.0, 36.5, 40.4, 84.8]","['INSIDE', 'INSIDE', 'INSIDE', 'INSIDE']","[[3.45, 2.94, 0.82], [1.68, 1.27, 0.32], [1.24, 0.85, 0.09], [5.49, 2.16, 0.18]]","[91, 64, 63, 83]",42.3
213,1790252258429495399,304068,101108,11,8,81.8,"[29.5, 30.5, 32.9, 36.1, 40.5, 43.1, 46.5, 81.8]","['NEAR', 'NEAR', 'INSIDE', 'INSIDE', 'INSIDE', 'OUTSIDE', 'INSIDE', 'INSIDE']","[[0.78, 0.88, 0.82], [1.09, 0.64, 0.82], [1.98, 1.79, 0.17], [2.48, 1.84, 0.19], [1.31, 1.27, 0.09], [0.45, 0.33, 0.57], [0.82, 0.97, 0.05], [2.05, 1.7, 0.16]]","[85, 91, 50, 64, 63, 66, 76, 81]",40.0
214,1790252258546211559,303792,101258,11,7,43.2,"[27.8, 29.9, 30.5, 32.6, 36.3, 40.8, 43.2]","['INSIDE', 'INSIDE', 'NEAR', 'INSIDE', 'INSIDE', 'INSIDE', 'OUTSIDE']","[[0.65, 0.93, 0.75], [2.7, 2.89, 0.96], [1.05, 0.92, 1.02], [2.31, 2.09, 0.2], [1.5, 1.27, 0.12], [0.62, 0.99, 0.04], [1.04, 0.33, 0.57]]","[85, 91, 50, 64, 70, 63, 66]",43.2
215,1790252258636716830,303411,101121,11,7,79.5,"[30.8, 33.0, 36.4, 39.3, 41.0, 46.8, 79.5]","['NEAR', 'INSIDE', 'INSIDE', 'OUTSIDE', 'INSIDE', 'INSIDE', 'INSIDE']","[[0.61, 0.65, 0.83], [2.0, 1.9, 0.17], [1.79, 1.74, 0.14], [1.42, 0.53, 0.82], [0.95, 1.13, 0.07], [0.54, 0.98, 0.03], [0.85, 1.26, 0.03]]","[50, 64, 70, 63, 66, 76, 88]",43.6
216,1790252258744723877,302796,100841,5,3,40.6,"[32.8, 36.1, 40.6]","['INSIDE', 'INSIDE', 'INSIDE']","[[2.47, 2.1, 0.33], [1.23, 0.47, 0.09], [1.74, 1.27, 0.12]]","[64, 70, 66]",43.6
217,1790252258825323055,302255,100565,6,4,39.9,"[33.1, 35.7, 36.4, 39.9]","['INSIDE', 'INSIDE', 'INSIDE', 'RAIL']","[[2.01, 1.9, 0.17], [1.26, 0.46, 0.1], [1.42, 1.27, 0.11], [0.66, 0.08, 1.03]]","[64, 70, 63, 66]",39.9
218,1790252258950832778,301604,100651,5,2,36.7,"[33.0, 36.7]","['INSIDE', 'INSIDE']","[[2.36, 1.9, 0.2], [1.69, 1.28, 0.13]]","[64, 63]",51.5
219,1790252259025541304,300849,100744,7,4,37.2,"[31.5, 33.0, 33.2, 37.2]","['NEAR', 'INSIDE', 'INSIDE', 'INSIDE']","[[0.54, 0.68, 1.09], [1.52, 0.53, 0.13], [1.92, 1.04, 0.17], [0.78, 1.16, 0.06]]","[50, 64, 70, 63]",55.0
220,1790252259127706247,300169,100981,5,3,36.6,"[28.1, 31.1, 36.6]","['NEAR', 'OUTSIDE', 'INSIDE']","[[0.7, 1.3, 1.52], [0.64, 0.42, 0.84], [1.58, 1.63, 0.12]]","[85, 50, 63]",38.8
221,1790252259241087086,299309,101037,6,5,47.3,"[28.8, 31.1, 32.6, 36.9, 47.3]","['NEAR', 'OUTSIDE', 'INSIDE', 'INSIDE', 'INSIDE']","[[1.91, 1.05, 1.15], [0.86, 0.88, 0.6], [3.35, 2.01, 0.29], [1.91, 1.64, 0.15], [0.17, 0.83, 0.01]]","[85, 64, 70, 63, 76]",45.0
222,1790252259325999370,298557,101328,7,6,47.0,"[27.4, 28.4, 30.1, 30.2, 37.3, 47.0]","['INSIDE', 'NEAR', 'INSIDE', 'INSIDE', 'INSIDE', 'INSIDE']","[[0.71, 1.42, 1.39], [1.05, 0.84, 0.74], [0.97, 0.66, 0.55], [2.57, 2.38, 0.45], [1.14, 1.28, 0.09], [1.45, 1.46, 0.1]]","[85, 91, 50, 64, 63, 76]",43.8
223,1790252259431990481,297269,101589,6,5,46.6,"[28.3, 30.3, 32.9, 36.9, 46.6]","['INSIDE', 'NEAR', 'INSIDE', 'INSIDE', 'INSIDE']","[[2.04, 1.29, 1.13], [0.29, 0.93, 0.8], [2.02, 1.89, 0.17], [1.4, 1.52, 0.11], [0.73, 1.14, 0.05]]","[91, 50, 70, 63, 76]",43.5
224,1790252259550231119,295897,100638,3,3,47.1,"[33.1, 37.4, 47.1]","['INSIDE', 'INSIDE', 'INSIDE']","[[2.51, 2.11, 0.22], [1.78, 1.4, 0.36], [0.93, 1.3, 0.06]]","[70, 63, 76]",54.1
225,1790252259643795813,293993,100473,5,5,37.1,"[28.1, 29.6, 31.2, 33.2, 37.1]","['OUTSIDE', 'INSIDE', 'OUTSIDE', 'INSIDE', 'INSIDE']","[[1.23, 0.78, 0.56], [3.41, 2.94, 0.77], [0.92, 0.57, 0.34], [2.33, 1.91, 0.2], [0.81, 1.42, 0.06]]","[64, 50, 70, 63, 66]",33.4
226,1790252259738722799,291551,100798,4,4,33.1,"[27.9, 28.4, 30.1, 33.1]","['NEAR', 'INSIDE', 'INSIDE', 'INSIDE']","[[0.6, 0.55, 0.29], [2.08, 0.71, 0.42], [1.92, 2.37, 0.41], [2.48, 2.0, 0.21]]","[64, 91, 50, 63]",34.6
227,1790252259828335197,287860,100089,0,0,0.0,[],[],[],[],30.7
228,1790252259936979149,282193,100404,0,0,0.0,[],[],[],[],26.7
229,1790252260030056404,271816,101060,0,0,0.0,[],[],[],[],32.0
230,1790252260121398297,252296,89186,0,0,0.0,[],[],[],[],22.4
231,1790252260234907338,213988,78995,1,0,0.0,[],[],[],[],34.4
232,1790252260330728777,280724,0,0,0,0.0,[],[],[],[],0
233,1790252260462580780,307200,100345,9,5,41.6,"[28.9, 33.5, 34.4, 37.3, 41.6]","['INSIDE', 'RAIL', 'INSIDE', 'INSIDE', 'INSIDE']","[[0.8, 1.39, 1.26], [1.16, 0.06, 0.23], [1.52, 2.0, 0.14], [2.42, 2.05, 0.21], [1.88, 1.71, 0.15]]","[91, 70, 63, 66, 76]",31.1
234,1790252260537825590,307200,100422,12,3,37.5,"[32.5, 34.0, 37.5]","['INSIDE', 'INSIDE', 'INSIDE']","[[0.08, 1.02, 0.01], [2.99, 2.97, 0.56], [2.85, 2.16, 0.31]]","[63, 66, 76]",37.8
235,1790252260632739988,307200,100849,6,3,37.1,"[31.9, 32.2, 37.1]","['INSIDE', 'OUTSIDE', 'INSIDE']","[[1.05, 1.86, 0.11], [0.47, 0.86, 0.87], [2.51, 2.04, 0.37]]","[63, 66, 76]",45.5
236,1790252260732135642,307200,101228,11,4,33.2,"[29.1, 30.1, 32.1, 33.2]","['RAIL', 'INSIDE', 'OUTSIDE', 'INSIDE']","[[0.51, 0.13, 0.4], [0.48, 0.84, 0.05], [0.45, 0.77, 0.84], [3.33, 2.46, 0.31]]","[91, 63, 66, 76]",34.0
237,1790252260829370392,307201,101445,9,2,31.2,"[29.6, 31.2]","['INSIDE', 'OUTSIDE']","[[1.43, 1.91, 0.16], [0.92, 1.08, 1.33]]","[63, 66]",33.9
238,1790252260924558563,307201,100902,9,3,33.9,"[26.6, 27.8, 33.9]","['RAIL', 'INSIDE', 'INSIDE']","[[0.89, 0.09, 0.42], [0.86, 1.45, 0.1], [2.65, 2.18, 0.36]]","[63, 66, 76]",39.8
239,1790252261035908160,307202,99936,9,2,32.4,"[26.2, 32.4]","['INSIDE', 'NEAR']","[[0.06, 0.82, 0.01], [0.59, 0.79, 0.83]]","[66, 76]",42.7
240,1790252261126103537,307200,100069,8,1,30.2,[30.2],['OUTSIDE'],"[[0.32, 0.93, 1.07]]",[76],41.3
241,1790252261219867331,307200,99965,6,0,0.0,[],[],[],[],36.0
242,1790252261319869103,307202,100390,7,3,31.7,"[26.9, 30.7, 31.7]","['RAIL', 'NEAR', 'OUTSIDE']","[[1.49, 0.12, 0.49], [0.66, 1.12, 1.09], [4.12, 2.61, 1.91]]","[63, 76, 70]",37.9
243,1790252261431312785,307202,98831,9,1,31.9,[31.9],['NEAR'],"[[0.9, 1.22, 1.35]]",[76],41.3
244,1790252261529840964,307202,99776,7,1,32.4,[32.4],['NEAR'],"[[0.51, 0.78, 0.84]]",[76],41.2
245,1790252261625896462,307200,98735,11,2,33.8,"[31.2, 33.8]","['NEAR', 'INSIDE']","[[0.88, 1.0, 1.06], [3.27, 2.15, 0.31]]","[76, 70]",48.5
246,1790252261730212893,307200,94106,7,3,33.4,"[25.6, 31.5, 33.4]","['RAIL', 'INSIDE', 'INSIDE']","[[0.29, 0.08, 0.45], [0.87, 1.19, 1.13], [3.81, 2.22, 0.36]]","[63, 76, 70]",36.8
247,1790252261828470980,307200,99039,7,1,33.4,[33.4],['INSIDE'],"[[1.63, 0.8, 0.42]]",[70],43.5
248,1790252261934534899,307200,98661,12,1,26.0,[26.0],['RAIL'],"[[1.45, 0.14, 0.53]]",[63],44.5
249,1790252262040277530,307200,98710,7,2,33.7,"[31.8, 33.7]","['INSIDE', 'INSIDE']","[[0.74, 1.13, 1.09], [2.49, 2.38, 0.24]]","[76, 106]",35.8
250,1790252262130062200,307200,98564,6,2,34.5,"[34.1, 34.5]","['NEAR', 'INSIDE']","[[2.2, 0.62, 0.21], [2.47, 1.33, 0.24]]","[106, 70]",39.0
251,1790252262234906592,307200,98454,8,2,34.4,"[32.7, 34.4]","['INSIDE', 'INSIDE']","[[1.82, 1.44, 1.24], [2.56, 2.09, 0.24]]","[102, 70]",41.9
252,1790252262323392946,307200,98469,8,0,0.0,[],[],[],[],38.7
253,1790252262424502024,307202,98436,6,3,40.5,"[32.0, 37.7, 40.5]","['NEAR', 'INSIDE', 'INSIDE']","[[0.6, 0.76, 1.07], [1.66, 1.32, 0.13], [0.37, 1.41, 0.03]]","[76, 107, 112]",38.9
254,1790252262523463970,307200,98524,9,3,40.8,"[23.1, 37.7, 40.8]","['RAIL', 'INSIDE', 'INSIDE']","[[1.34, 0.09, 0.41], [0.76, 1.43, 0.06], [0.98, 1.11, 0.07]]","[63, 107, 112]",41.3
255,1790252262632416370,307202,97398,7,3,40.2,"[31.3, 36.7, 40.2]","['INSIDE', 'INSIDE', 'INSIDE']","[[0.15, 0.99, 1.07], [1.04, 1.64, 0.08], [0.75, 1.53, 0.05]]","[76, 107, 112]",51.0
256,1790252262736306563,307200,94885,8,3,39.3,"[34.1, 36.2, 39.3]","['INSIDE', 'INSIDE', 'INSIDE']","[[1.35, 1.3, 0.12], [1.23, 1.86, 0.09], [1.21, 0.56, 0.08]]","[70, 107, 112]",39.1
257,1790252262848243303,307201,92981,6,3,36.7,"[34.0, 35.2, 36.7]","['INSIDE', 'INSIDE', 'INSIDE']","[[1.46, 1.62, 0.12], [1.6, 0.49, 0.12], [0.42, 1.4, 0.03]]","[70, 107, 106]",53.1
258,1790252262929978328,307201,90950,10,6,46.4,"[30.1, 30.7, 32.9, 34.8, 36.4, 46.4]","['INSIDE', 'INSIDE', 'INSIDE', 'RAIL', 'INSIDE', 'NEAR']","[[1.6, 0.39, 0.14], [2.24, 1.62, 0.22], [1.45, 1.91, 0.13], [0.16, 0.33, 0.38], [0.21, 1.14, 0.02], [0.33, 1.29, 0.02]]","[76, 102, 70, 116, 106, 113]",38.2
259,1790252263044397062,307201,90498,9,7,46.3,"[29.3, 30.6, 32.2, 32.6, 33.6, 36.3, 46.3]","['INSIDE', 'INSIDE', 'INSIDE', 'INSIDE', 'RAIL', 'INSIDE', 'NEAR']","[[1.9, 1.4, 1.27], [1.49, 1.62, 0.14], [1.35, 0.94, 1.12], [1.47, 1.66, 0.12], [0.18, 0.37, 0.37], [0.39, 1.39, 0.03], [0.63, 1.29, 0.04]]","[76, 102, 70, 107, 116, 106, 113]",40.8
260,1790252263136172298,307202,90305,6,5,36.6,"[29.9, 30.5, 31.1, 32.4, 36.6]","['INSIDE', 'INSIDE', 'INSIDE', 'RAIL', 'INSIDE']","[[0.69, 0.88, 1.06], [1.35, 1.89, 0.13], [0.65, 1.06, 0.84], [0.18, 0.43, 0.43], [1.38, 1.67, 0.11]]","[76, 102, 70, 116, 106]",45.7
261,1790252263261387553,307202,90558,7,4,36.7,"[20.1, 31.2, 33.1, 36.7]","['RAIL', 'RAIL', 'INSIDE', 'INSIDE']","[[0.33, 0.07, 0.27], [0.22, 0.47, 0.41], [1.05, 1.53, 0.09], [0.52, 1.53, 0.04]]","[63, 116, 107, 106]",44.1
262,1790252263331263496,307201,90672,7,4,45.6,"[30.0, 32.4, 36.0, 45.6]","['RAIL', 'INSIDE', 'INSIDE', 'OUTSIDE']","[[0.25, 0.5, 0.47], [2.03, 2.23, 0.18], [1.52, 1.71, 0.11], [1.46, 1.54, 0.08]]","[116, 107, 106, 113]",43.3
263,1790252263439221891,307201,90927,8,7,47.0,"[28.4, 28.7, 29.5, 30.6, 33.1, 36.5, 47.0]","['INSIDE', 'RAIL', 'INSIDE', 'INSIDE', 'INSIDE', 'INSIDE', 'NEAR']","[[0.47, 1.18, 1.01], [0.22, 0.48, 0.51], [0.71, 0.88, 1.02], [1.05, 1.68, 0.1], [1.87, 1.95, 0.16], [1.56, 1.48, 0.12], [0.47, 1.48, 0.03]]","[76, 116, 70, 102, 107, 106, 113]",32.5
264,1790252263539382592,307200,91341,7,5,37.3,"[27.5, 29.4, 30.1, 32.9, 37.3]","['RAIL', 'INSIDE', 'INSIDE', 'INSIDE', 'INSIDE']","[[0.31, 0.56, 0.48], [1.67, 1.89, 1.39], [1.58, 1.52, 0.15], [1.98, 2.16, 0.17], [1.06, 1.42, 0.08]]","[116, 70, 102, 107, 106]",36.4
265,1790252263630980953,307201,91451,8,8,47.8,"[25.8, 26.5, 28.0, 30.2, 30.4, 32.6, 37.3, 47.8]","['INSIDE', 'RAIL', 'INSIDE', 'INSIDE', 'INSIDE', 'INSIDE', 'INSIDE', 'OUTSIDE']","[[0.42, 0.61, 0.26], [0.83, 0.6, 0.47], [1.14, 1.73, 0.12], [1.55, 2.06, 0.25], [1.42, 1.13, 0.87], [1.99, 2.13, 0.17], [0.98, 1.27, 0.07], [0.59, 1.17, 0.04]]","[76, 116, 70, 102, 107, 106, 112, 113]",40.3
266,1790252263748347120,307201,91385,10,8,47.5,"[25.3, 27.7, 28.4, 28.7, 31.5, 32.6, 36.4, 47.5]","['RAIL', 'INSIDE', 'NEAR', 'INSIDE', 'INSIDE', 'INSIDE', 'INSIDE', 'NEAR']","[[0.97, 0.65, 0.52], [1.3, 1.5, 0.13], [0.7, 0.44, 0.71], [0.94, 1.22, 0.98], [0.38, 0.69, 0.82], [1.98, 1.64, 0.17], [1.82, 1.98, 0.14], [1.22, 1.35, 0.08]]","[116, 70, 107, 102, 106, 112, 118, 113]",41.4
267,1790252263832657223,307201,91177,6,3,37.4,"[32.2, 34.4, 37.4]","['INSIDE', 'INSIDE', 'INSIDE']","[[0.5, 0.62, 0.57], [0.89, 1.42, 0.08], [1.44, 1.71, 0.11]]","[106, 112, 118]",38.5
268,1790252263931885135,307201,90650,6,4,37.0,"[30.2, 30.2, 33.8, 37.0]","['INSIDE', 'INSIDE', 'INSIDE', 'INSIDE']","[[1.17, 1.86, 0.11], [0.86, 0.83, 0.76], [0.36, 1.41, 0.03], [1.32, 1.77, 0.1]]","[102, 107, 112, 118]",37.0
269,1790252264056581121,307201,90401,5,3,36.7,"[30.8, 33.1, 36.7]","['INSIDE', 'INSIDE', 'INSIDE']","[[1.14, 1.59, 0.11], [1.87, 2.06, 0.16], [0.6, 1.91, 0.04]]","[102, 112, 118]",44.9
270,1790252264130888935,307201,90539,10,6,42.4,"[28.2, 29.6, 30.8, 33.6, 35.8, 42.4]","['INSIDE', 'INSIDE', 'INSIDE', 'INSIDE', 'INSIDE', 'NEAR']","[[0.6, 1.38, 0.06], [1.38, 0.41, 0.13], [1.06, 1.58, 0.1], [1.15, 1.85, 0.1], [1.58, 0.51, 0.12], [1.26, 1.48, 0.09]]","[70, 107, 102, 112, 118, 113]",40.8
271,1790252264227042067,307201,90849,11,5,41.7,"[28.2, 30.4, 31.5, 33.4, 41.7]","['INSIDE', 'INSIDE', 'INSIDE', 'INSIDE', 'INSIDE']","[[1.35, 1.6, 0.14], [1.53, 2.01, 0.15], [1.25, 0.68, 0.36], [1.21, 1.88, 0.11], [2.16, 1.52, 0.15]]","[70, 102, 106, 112, 113]",42.7
272,1790252264339037933,307201,91214,6,4,41.7,"[29.8, 33.0, 33.0, 41.7]","['INSIDE', 'OUTSIDE', 'INSIDE', 'INSIDE']","[[0.49, 0.67, 0.54], [1.03, 0.64, 0.09], [1.04, 1.26, 0.09], [1.25, 0.91, 0.09]]","[107, 112, 106, 113]",33.7
273,1790252264427227916,307202,91992,7,5,43.6,"[26.3, 28.4, 30.7, 33.5, 43.6]","['RAIL', 'INSIDE', 'INSIDE', 'INSIDE', 'NEAR']","[[1.42, 0.4, 0.47], [0.68, 1.15, 1.23], [1.34, 2.11, 0.26], [1.32, 1.95, 0.11], [1.04, 1.4, 0.07]]","[116, 107, 102, 106, 113]",39.0
274,1790252264531661796,307201,93560,3,2,33.3,"[25.1, 33.3]","['RAIL', 'INSIDE']","[[1.21, 0.45, 0.45], [1.07, 1.95, 0.1]]","[116, 106]",46.7
275,1790252264648844446,307201,94201,5,5,33.0,"[23.6, 28.1, 29.7, 30.6, 33.0]","['RAIL', 'INSIDE', 'INSIDE', 'INSIDE', 'INSIDE']","[[1.52, 0.47, 0.48], [1.24, 2.02, 0.23], [0.77, 0.66, 0.53], [0.55, 1.05, 0.82], [1.14, 1.94, 0.1]]","[116, 70, 107, 102, 106]",44.7
276,1790252264730891334,307202,95500,6,5,43.4,"[22.1, 27.3, 30.0, 33.9, 43.4]","['RAIL', 'INSIDE', 'INSIDE', 'INSIDE', 'OUTSIDE']","[[1.96, 0.52, 0.51], [0.61, 1.48, 0.97], [2.22, 2.3, 0.21], [1.51, 1.79, 0.13], [0.89, 1.5, 0.06]]","[116, 70, 102, 106, 113]",37.8
277,1790252264841257812,307201,97103,5,3,42.7,"[22.6, 33.4, 42.7]","['RAIL', 'INSIDE', 'OUTSIDE']","[[0.2, 0.12, 0.03], [1.6, 2.0, 0.14], [0.58, 1.49, 0.04]]","[116, 106, 113]",43.1
278,1790252264926266135,307201,98772,7,5,43.5,"[28.4, 30.8, 34.0, 34.8, 43.5]","['INSIDE', 'INSIDE', 'INSIDE', 'OUTSIDE', 'OUTSIDE']","[[0.46, 1.09, 0.98], [1.47, 2.0, 0.13], [1.04, 0.97, 0.09], [1.02, 0.57, 0.09], [0.45, 1.21, 0.03]]","[70, 102, 106, 118, 113]",47.5
279,1790252265032772963,307201,100368,5,4,43.4,"[20.0, 27.3, 35.3, 43.4]","['RAIL', 'INSIDE', 'INSIDE', 'OUTSIDE']","[[0.34, 0.2, 0.42], [0.41, 0.81, 0.73], [0.77, 1.46, 0.07], [1.06, 1.4, 0.08]]","[116, 70, 118, 113]",47.3
280,1790252265137891008,307202,101663,6,5,35.5,"[30.8, 31.2, 32.1, 32.3, 35.5]","['INSIDE', 'INSIDE', 'NEAR', 'INSIDE', 'INSIDE']","[[0.55, 0.83, 0.84], [0.99, 1.0, 0.1], [1.36, 0.73, 0.27], [1.54, 0.61, 0.84], [2.14, 1.74, 0.19]]","[107, 102, 112, 106, 118]",58.5
281,1790252265230926652,307201,102239,6,6,38.3,"[30.1, 31.0, 32.3, 34.4, 36.8, 38.3]","['INSIDE', 'OUTSIDE', 'INSIDE', 'INSIDE', 'INSIDE', 'OUTSIDE']","[[1.35, 1.32, 0.85], [1.23, 0.81, 0.11], [0.34, 1.12, 0.03], [2.24, 1.97, 0.2], [1.85, 0.67, 0.15], [1.76, 1.42, 0.13]]","[107, 112, 102, 118, 119, 113]",40.1
282,1790252265336655555,307201,103193,6,5,34.2,"[20.0, 29.3, 32.1, 32.1, 34.2]","['RAIL', 'NEAR', 'INSIDE', 'INSIDE', 'INSIDE']","[[1.98, 0.28, 0.76], [1.3, 0.77, 0.25], [1.43, 1.75, 0.13], [0.31, 0.99, 0.84], [2.66, 2.18, 0.23]]","[116, 112, 102, 106, 118]",42.2
283,1790252265419648196,307201,103642,11,8,39.1,"[17.0, 26.7, 28.2, 29.8, 31.5, 31.7, 34.4, 39.1]","['RAIL', 'INSIDE', 'INSIDE', 'INSIDE', 'INSIDE', 'INSIDE', 'INSIDE', 'NEAR']","[[1.21, 0.11, 0.05], [0.59, 1.11, 1.18], [1.56, 1.04, 1.27], [0.86, 1.54, 0.09], [0.98, 1.09, 0.87], [2.38, 2.02, 0.23], [1.96, 2.04, 0.17], [1.46, 1.4, 0.12]]","[116, 70, 107, 112, 106, 102, 118, 113]",58.7
284,1790252265537023374,307202,102964,7,6,39.4,"[29.3, 31.0, 32.3, 34.0, 35.3, 39.4]","['INSIDE', 'INSIDE', 'INSIDE', 'INSIDE', 'NEAR', 'OUTSIDE']","[[0.47, 1.02, 1.24], [2.61, 2.28, 0.25], [0.5, 1.0, 0.83], [0.49, 0.85, 0.91], [1.33, 1.47, 0.12], [1.14, 1.34, 0.09]]","[107, 102, 106, 118, 119, 113]",49.1
285,1790252265636932332,307202,102219,4,4,40.1,"[31.5, 34.6, 34.8, 40.1]","['INSIDE', 'INSIDE', 'INSIDE', 'INSIDE']","[[0.85, 1.51, 0.08], [1.98, 2.03, 0.17], [0.38, 1.0, 0.93], [0.97, 0.73, 0.08]]","[102, 119, 118, 113]",68.0
286,1790252265745779679,307201,101592,2,2,35.6,"[30.8, 35.6]","['INSIDE', 'NEAR']","[[1.2, 1.01, 1.12], [1.1, 1.47, 0.09]]","[106, 119]",73.4
287,1790252265825574055,307201,101654,5,3,40.3,"[29.2, 31.7, 40.3]","['INSIDE', 'INSIDE', 'NEAR']","[[1.07, 1.81, 0.11], [2.06, 2.09, 0.2], [1.17, 1.28, 0.09]]","[112, 102, 113]",58.3
288,1790252265923665475,307202,101762,9,6,40.2,"[29.2, 30.0, 31.9, 32.4, 36.2, 40.2]","['INSIDE', 'INSIDE', 'RAIL', 'INSIDE', 'NEAR', 'NEAR']","[[0.45, 1.53, 0.29], [1.54, 1.4, 0.9], [0.29, 0.1, 0.49], [1.13, 1.48, 0.11], [0.68, 1.14, 0.06], [0.72, 1.27, 0.06]]","[112, 107, 102, 106, 119, 113]",79.2
289,1790252266028106143,307202,101959,8,5,36.0,"[28.1, 30.6, 31.0, 31.5, 36.0]","['INSIDE', 'RAIL', 'INSIDE', 'INSIDE', 'NEAR']","[[0.83, 0.95, 1.23], [0.31, 0.19, 0.55], [1.31, 0.43, 0.12], [1.67, 1.69, 0.15], [0.43, 1.38, 0.03]]","[70, 102, 107, 106, 119]",55.0
290,1790252266129493021,307200,102332,10,8,35.6,"[25.7, 28.0, 28.8, 29.1, 29.5, 30.0, 32.9, 35.6]","['INSIDE', 'RAIL', 'INSIDE', 'RAIL', 'OUTSIDE', 'INSIDE', 'INSIDE', 'INSIDE']","[[0.29, 1.21, 0.9], [0.24, 0.11, 0.31], [0.55, 1.06, 1.25], [0.29, 0.22, 0.6], [1.94, 2.55, 1.13], [1.04, 0.9, 0.75], [1.04, 1.36, 0.1], [2.28, 1.9, 0.2]]","[70, 102, 107, 112, 106, 118, 119, 113]",61.7
291,1790252266227888619,307201,95711,6,4,41.3,"[26.6, 28.1, 33.1, 41.3]","['RAIL', 'RAIL', 'INSIDE', 'OUTSIDE']","[[0.32, 0.19, 0.59], [0.32, 0.32, 0.63], [0.44, 1.38, 0.04], [1.08, 1.28, 0.08]]","[102, 112, 119, 113]",58.7
292,1790252266346717609,307202,101000,10,6,35.6,"[25.1, 26.6, 28.3, 30.1, 32.9, 35.6]","['RAIL', 'RAIL', 'INSIDE', 'INSIDE', 'INSIDE', 'INSIDE']","[[0.27, 0.24, 0.61], [0.31, 0.34, 0.6], [1.95, 1.56, 1.49], [0.98, 1.29, 0.1], [1.13, 1.48, 0.11], [2.16, 1.79, 0.19]]","[102, 112, 107, 106, 119, 113]",68.6
293,1790252266430369511,307201,100588,7,7,35.9,"[23.7, 25.2, 27.1, 28.2, 30.1, 33.0, 35.9]","['RAIL', 'RAIL', 'INSIDE', 'INSIDE', 'INSIDE', 'INSIDE', 'NEAR']","[[0.35, 0.33, 0.58], [0.32, 0.33, 0.56], [0.41, 1.0, 0.93], [0.79, 1.25, 1.24], [0.68, 1.57, 0.07], [0.65, 1.39, 0.06], [0.82, 1.48, 0.07]]","[102, 112, 107, 118, 106, 119, 113]",43.5
294,1790252266529514973,307202,100434,9,7,45.9,"[22.5, 23.7, 28.1, 29.9, 32.8, 36.6, 45.9]","['RAIL', 'RAIL', 'INSIDE', 'INSIDE', 'INSIDE', 'NEAR', 'OUTSIDE']","[[0.79, 0.37, 0.6], [0.36, 0.37, 0.58], [1.03, 1.45, 0.12], [0.59, 1.1, 1.28], [1.44, 1.56, 0.13], [0.73, 1.26, 0.06], [1.05, 0.84, 0.07]]","[102, 112, 118, 106, 119, 113, 120]",47.2
295,1790252266616391045,307200,100517,7,4,32.2,"[22.3, 26.0, 28.2, 32.2]","['RAIL', 'INSIDE', 'INSIDE', 'INSIDE']","[[0.37, 0.61, 0.59], [0.3, 1.19, 0.04], [0.47, 1.23, 0.99], [0.61, 0.72, 0.55]]","[102, 70, 107, 119]",43.0
296,1790252266734529094,307200,100631,11,6,40.8,"[22.9, 24.2, 31.6, 32.6, 35.1, 40.8]","['RAIL', 'INSIDE', 'INSIDE', 'INSIDE', 'INSIDE', 'OUTSIDE']","[[2.57, 0.06, 0.07], [1.01, 2.98, 1.74], [0.73, 0.87, 0.82], [0.68, 1.07, 1.18], [1.35, 0.51, 0.12], [1.36, 1.54, 0.1]]","[102, 70, 119, 106, 113, 120]",43.9
297,1790252266823239273,307198,100435,3,1,41.3,[41.3],['OUTSIDE'],"[[0.82, 1.28, 0.06]]",[120],45.8
298,1790252266925743306,307201,100412,6,4,41.5,"[23.9, 30.4, 36.8, 41.5]","['RAIL', 'INSIDE', 'OUTSIDE', 'INSIDE']","[[1.85, 0.1, 0.11], [0.99, 1.46, 0.1], [1.07, 1.32, 0.09], [11.11, 1.24, 3.13]]","[112, 118, 120, 113]",45.9
299,1790252267027254197,307202,100396,6,2,32.3,"[22.5, 32.3]","['RAIL', 'INSIDE']","[[2.91, 0.12, 0.1], [0.72, 0.87, 1.1]]","[102, 106]",42.6
300,1790252267133360541,307198,100470,6,2,40.6,"[27.9, 40.6]","['INSIDE', 'NEAR']","[[1.34, 1.81, 0.15], [1.01, 0.74, 0.08]]","[107, 120]",41.5
301,1790252267232411263,307201,100813,6,5,36.0,"[22.9, 29.0, 30.5, 31.1, 36.0]","['RAIL', 'INSIDE', 'INSIDE', 'INSIDE', 'INSIDE']","[[0.39, 0.11, 0.11], [0.67, 0.81, 1.0], [1.11, 1.67, 0.12], [1.02, 0.73, 1.04], [2.31, 1.82, 0.2]]","[102, 107, 118, 119, 123]",47.7
302,1790252267326098898,307199,100706,6,5,32.5,"[23.5, 29.8, 30.5, 31.0, 32.5]","['RAIL', 'INSIDE', 'INSIDE', 'INSIDE', 'INSIDE']","[[1.42, 0.12, 0.07], [0.74, 0.79, 0.75], [0.9, 1.57, 0.09], [1.38, 1.38, 1.18], [0.71, 0.89, 0.84]]","[112, 107, 118, 119, 106]",35.8
303,1790252267425145926,307201,100483,5,3,41.3,"[29.5, 35.9, 41.3]","['INSIDE', 'INSIDE', 'OUTSIDE']","[[1.5, 1.95, 0.16], [2.08, 1.67, 0.18], [1.0, 1.32, 0.08]]","[118, 123, 120]",39.8
304,1790252267553268630,307202,101693,7,4,41.1,"[29.7, 30.3, 37.4, 41.1]","['INSIDE', 'INSIDE', 'NEAR', 'OUTSIDE']","[[0.45, 1.36, 0.04], [0.68, 0.84, 0.98], [0.25, 1.04, 0.02], [2.34, 1.65, 0.19]]","[118, 107, 123, 120]",39.1
305,1790252267646040017,307197,102216,5,4,37.1,"[22.3, 29.7, 32.0, 37.1]","['RAIL', 'INSIDE', 'INSIDE', 'NEAR']","[[1.36, 0.06, 0.05], [0.62, 0.94, 1.02], [0.61, 0.88, 0.84], [1.24, 1.34, 0.11]]","[102, 107, 106, 123]",40.9
306,1790252267750503321,307198,102776,4,3,32.6,"[27.4, 29.4, 32.6]","['INSIDE', 'INSIDE', 'INSIDE']","[[0.58, 1.61, 0.06], [0.43, 0.88, 0.75], [1.17, 1.58, 0.11]]","[118, 107, 129]",36.9
307,1790252267855106486,307200,102192,5,3,40.7,"[28.0, 33.0, 40.7]","['RAIL', 'INSIDE', 'OUTSIDE']","[[0.9, 0.17, 0.69], [1.3, 1.6, 0.13], [1.0, 1.29, 0.08]]","[118, 129, 120]",48.3
308,1790252267933213064,307198,102767,5,5,37.1,"[26.6, 29.8, 30.5, 33.1, 37.1]","['RAIL', 'INSIDE', 'INSIDE', 'INSIDE', 'OUTSIDE']","[[0.7, 0.24, 0.72], [1.28, 1.14, 1.09], [1.1, 1.47, 0.11], [0.31, 1.1, 1.15], [0.38, 1.03, 0.03]]","[118, 107, 119, 106, 123]",37.0
309,1790252268038875047,307200,101525,1,1,28.8,[28.8],['INSIDE'],"[[0.42, 0.76, 0.75]]",[107],37.8
310,1790252268127101114,307201,101749,8,5,31.6,"[27.9, 28.9, 30.0, 30.3, 31.6]","['OUTSIDE', 'INSIDE', 'INSIDE', 'INSIDE', 'INSIDE']","[[0.31, 2.51, 0.73], [0.21, 0.8, 1.0], [1.04, 0.91, 0.77], [1.19, 1.67, 0.13], [1.51, 0.68, 0.14]]","[107, 119, 106, 129, 123]",38.7
311,1790252268245474856,307200,101768,4,2,40.5,"[27.9, 40.5]","['OUTSIDE', 'OUTSIDE']","[[1.37, 2.07, 0.49], [1.23, 1.55, 0.1]]","[107, 120]",39.5
312,1790252268346294108,307202,101956,7,5,41.1,"[25.7, 29.8, 30.2, 33.1, 41.1]","['INSIDE', 'INSIDE', 'INSIDE', 'NEAR', 'OUTSIDE']","[[0.43, 1.04, 0.89], [0.72, 1.03, 1.02], [1.09, 1.4, 0.12], [1.09, 1.48, 0.11], [0.96, 1.04, 0.08]]","[119, 106, 129, 123, 120]",39.3
313,1790252268441582837,307202,102227,3,2,40.9,"[30.1, 40.9]","['INSIDE', 'OUTSIDE']","[[0.6, 0.7, 0.83], [0.64, 1.28, 0.05]]","[106, 120]",39.3
314,1790252268546243426,307200,103500,9,7,36.0,"[18.6, 21.9, 27.7, 29.7, 30.3, 31.6, 36.0]","['RAIL', 'RAIL', 'OUTSIDE', 'INSIDE', 'INSIDE', 'INSIDE', 'OUTSIDE']","[[0.6, 0.12, 0.54], [1.37, 0.3, 0.45], [1.66, 2.63, 0.74], [0.21, 1.06, 0.02], [0.75, 0.94, 0.99], [0.37, 0.86, 0.85], [1.51, 1.45, 0.13]]","[102, 118, 107, 129, 106, 123, 120]",35.4
315,1790252268651090361,307204,94532,7,3,36.8,"[21.2, 30.3, 36.8]","['RAIL', 'INSIDE', 'NEAR']","[[4.19, 0.2, 0.09], [1.17, 1.66, 0.12], [0.48, 0.9, 0.04]]","[118, 129, 120]",41.8
316,1790252268744162723,307199,102193,6,3,36.4,"[20.2, 28.1, 36.4]","['RAIL', 'INSIDE', 'NEAR']","[[6.21, 0.3, 0.1], [0.23, 1.08, 0.02], [0.71, 1.38, 0.06]]","[118, 107, 120]",51.8
317,1790252268849439158,307206,102128,4,2,35.5,"[18.6, 35.5]","['RAIL', 'OUTSIDE']","[[6.79, 0.36, 0.08], [2.14, 1.26, 0.18]]","[102, 120]",47.7
318,1790252268936567896,307201,102011,4,3,39.4,"[31.2, 36.1, 39.4]","['INSIDE', 'NEAR', 'NEAR']","[[0.86, 0.69, 0.6], [0.52, 1.25, 0.04], [1.01, 1.12, 0.08]]","[123, 120, 128]",43.1
319,1790252269065014673,307204,102244,8,6,39.5,"[28.9, 29.6, 29.8, 31.5, 35.7, 39.5]","['OUTSIDE', 'INSIDE', 'INSIDE', 'INSIDE', 'INSIDE', 'NEAR']","[[1.31, 0.43, 0.13], [0.77, 1.17, 0.08], [0.82, 1.1, 1.27], [0.72, 0.61, 0.54], [1.21, 1.6, 0.11], [0.65, 1.23, 0.05]]","[107, 129, 106, 123, 120, 128]",35.1
320,1790252269144176883,307202,102279,10,7,38.8,"[19.7, 22.6, 27.7, 29.7, 29.9, 35.0, 38.8]","['RAIL', 'RAIL', 'INSIDE', 'RAIL', 'INSIDE', 'INSIDE', 'INSIDE']","[[2.53, 0.09, 0.05], [1.31, 0.02, 0.02], [0.49, 1.21, 0.99], [0.93, 0.22, 0.2], [0.52, 0.77, 0.53], [0.75, 1.57, 0.07], [0.58, 0.97, 0.05]]","[118, 102, 106, 107, 129, 120, 128]",41.5
321,1790252269245434810,307204,102352,9,7,35.2,"[20.0, 27.7, 28.0, 30.0, 33.4, 33.5, 35.2]","['RAIL', 'RAIL', 'INSIDE', 'INSIDE', 'INSIDE', 'INSIDE', 'INSIDE']","[[1.86, 0.04, 0.03], [0.81, 0.34, 0.19], [1.79, 1.5, 1.33], [0.59, 0.77, 1.06], [0.44, 0.65, 0.59], [1.54, 0.6, 0.13], [0.31, 1.1, 0.03]]","[118, 107, 106, 129, 123, 120, 128]",40.7
322,1790252269337471665,307203,102669,9,4,34.9,"[19.7, 26.5, 30.6, 34.9]","['RAIL', 'RAIL', 'INSIDE', 'INSIDE']","[[2.51, 0.06, 0.03], [0.93, 0.33, 0.18], [0.48, 1.29, 1.07], [1.14, 1.37, 0.1]]","[118, 107, 129, 128]",41.5
323,1790252269442403476,307199,103369,7,5,34.4,"[19.2, 24.9, 26.1, 32.1, 34.4]","['RAIL', 'RAIL', 'INSIDE', 'INSIDE', 'INSIDE']","[[1.22, 0.04, 0.02], [1.07, 0.42, 0.21], [0.64, 1.34, 1.15], [0.69, 0.59, 0.82], [1.3, 1.58, 0.12]]","[118, 107, 106, 123, 128]",43.2
324,1790252269551929068,307199,102317,6,2,32.9,"[23.1, 32.9]","['RAIL', 'INSIDE']","[[0.84, 0.4, 0.21], [1.35, 0.47, 0.12]]","[102, 120]",36.0
325,1790252269640501658,307195,102572,4,2,33.0,"[21.0, 33.0]","['RAIL', 'INSIDE']","[[3.03, 0.58, 0.23], [1.11, 1.25, 0.91]]","[118, 120]",48.2
326,1790252269750755833,307199,103065,3,1,19.7,[19.7],['RAIL'],"[[1.64, 0.71, 0.22]]",[118],54.0
327,1790252269844830301,307197,103345,5,3,34.5,"[25.3, 30.4, 34.5]","['INSIDE', 'INSIDE', 'INSIDE']","[[0.24, 1.23, 0.03], [0.44, 0.58, 0.53], [1.55, 1.61, 0.14]]","[106, 129, 128]",42.6
328,1790252269959730770,307200,103289,5,3,43.9,"[24.8, 30.8, 43.9]","['RAIL', 'INSIDE', 'OUTSIDE']","[[0.22, 0.13, 0.23], [0.46, 0.83, 0.83], [0.97, 0.81, 0.07]]","[107, 129, 130]",39.9
329,1790252270068727434,307196,103613,6,4,34.9,"[23.1, 29.3, 31.0, 34.9]","['RAIL', 'INSIDE', 'INSIDE', 'NEAR']","[[0.16, 0.14, 0.26], [1.15, 1.36, 0.12], [0.7, 0.69, 0.57], [0.42, 1.21, 0.03]]","[102, 129, 123, 128]",43.7
330,1790252270155319855,307194,103712,3,3,42.6,"[21.5, 35.2, 42.6]","['RAIL', 'NEAR', 'OUTSIDE']","[[0.18, 0.09, 0.19], [0.27, 0.98, 0.02], [0.94, 1.08, 0.07]]","[102, 128, 130]",38.3
331,1790252270249379587,307198,103661,3,2,42.1,"[30.0, 42.1]","['INSIDE', 'OUTSIDE']","[[1.16, 0.53, 0.11], [1.27, 1.77, 0.09]]","[129, 130]",36.3
332,1790252270337925123,307196,103598,10,7,38.3,"[20.3, 27.1, 28.2, 29.0, 33.5, 33.9, 38.3]","['RAIL', 'INSIDE', 'INSIDE', 'INSIDE', 'INSIDE', 'INSIDE', 'NEAR']","[[1.28, 0.02, 0.02], [0.48, 0.97, 0.74], [0.6, 0.8, 0.95], [0.51, 0.87, 0.74], [1.41, 0.86, 0.39], [0.41, 0.85, 0.91], [1.03, 1.37, 0.08]]","[118, 106, 129, 123, 120, 128, 130]",37.9
333,1790252270439743224,307194,103485,7,4,38.1,"[28.3, 31.5, 33.6, 38.1]","['INSIDE', 'NEAR', 'INSIDE', 'NEAR']","[[0.94, 2.08, 1.26], [1.54, 1.37, 0.14], [0.92, 0.96, 0.92], [0.28, 1.06, 0.02]]","[129, 132, 128, 130]",36.4
334,1790252270546689019,307194,103581,5,2,31.3,"[20.5, 31.3]","['RAIL', 'INSIDE']","[[1.26, 0.03, 0.02], [1.83, 1.79, 0.17]]","[118, 132]",50.2
335,1790252270640361062,307192,103669,4,3,36.9,"[19.9, 22.8, 36.9]","['RAIL', 'RAIL', 'INSIDE']","[[2.02, 0.04, 0.03], [2.09, 0.03, 0.02], [2.29, 1.73, 0.18]]","[118, 102, 130]",35.1
336,1790252270763449390,307194,104563,8,6,38.3,"[18.2, 29.5, 30.1, 31.2, 31.2, 38.3]","['RAIL', 'INSIDE', 'INSIDE', 'INSIDE', 'INSIDE', 'OUTSIDE']","[[0.08, 0.02, 0.85], [0.53, 0.99, 0.77], [0.58, 0.88, 1.07], [0.76, 1.63, 0.08], [0.52, 0.86, 0.78], [0.55, 0.93, 0.04]]","[118, 123, 129, 132, 128, 130]",37.9
337,1790252270845070264,307194,96320,10,8,38.9,"[20.4, 27.6, 28.6, 29.7, 31.5, 32.0, 33.2, 38.9]","['RAIL', 'INSIDE', 'INSIDE', 'INSIDE', 'INSIDE', 'INSIDE', 'INSIDE', 'NEAR']","[[1.42, 0.03, 0.02], [0.44, 1.29, 0.99], [1.03, 0.94, 0.79], [0.5, 1.33, 1.06], [0.35, 1.31, 0.03], [1.11, 1.18, 1.1], [1.45, 1.98, 0.13], [0.97, 0.98, 0.08]]","[118, 106, 123, 129, 132, 128, 133, 130]",68.1
338,1790252270940503080,307190,102061,6,4,38.2,"[19.9, 30.5, 34.2, 38.2]","['RAIL', 'INSIDE', 'INSIDE', 'OUTSIDE']","[[2.14, 0.23, 0.03], [1.52, 2.03, 0.15], [1.05, 1.11, 0.09], [1.28, 1.42, 0.1]]","[118, 132, 133, 130]",67.6
339,1790252271045749793,307192,100618,5,4,38.4,"[30.2, 31.4, 34.1, 38.4]","['INSIDE', 'INSIDE', 'INSIDE', 'OUTSIDE']","[[0.5, 1.03, 0.81], [0.45, 0.61, 0.56], [2.03, 1.37, 0.18], [1.08, 1.32, 0.08]]","[129, 128, 133, 130]",34.0
340,1790252271147224936,307195,102032,6,4,34.5,"[19.6, 23.4, 26.4, 34.5]","['RAIL', 'RAIL', 'INSIDE', 'NEAR']","[[0.28, 0.21, 0.87], [1.78, 0.43, 0.59], [0.72, 1.64, 0.08], [0.76, 1.43, 0.06]]","[118, 102, 106, 133]",37.4
341,1790252271250980168,307191,103393,7,5,38.3,"[21.5, 30.1, 31.2, 33.7, 38.3]","['RAIL', 'INSIDE', 'INSIDE', 'INSIDE', 'NEAR']","[[2.23, 0.49, 0.55], [0.72, 0.92, 1.04], [1.18, 1.34, 0.11], [2.06, 1.71, 0.18], [1.11, 1.1, 0.09]]","[102, 129, 132, 133, 130]",39.2
342,1790252271340422660,307186,103719,6,3,39.2,"[31.0, 31.4, 39.2]","['INSIDE', 'INSIDE', 'OUTSIDE']","[[0.75, 1.05, 1.09], [1.99, 2.05, 0.19], [0.65, 0.96, 0.05]]","[128, 132, 130]",43.3
343,1790252271437968725,307191,103843,8,4,39.3,"[31.8, 34.5, 34.8, 39.3]","['INSIDE', 'INSIDE', 'NEAR', 'OUTSIDE']","[[1.2, 1.42, 0.27], [0.3, 0.99, 0.89], [1.01, 1.12, 0.09], [0.51, 1.1, 0.04]]","[132, 133, 128, 130]",34.1
344,1790252271549999992,307185,104022,6,2,38.7,"[34.3, 38.7]","['NEAR', 'OUTSIDE']","[[1.25, 1.27, 0.11], [0.71, 1.22, 0.06]]","[128, 130]",37.6
345,1790252271641655249,307179,104002,7,3,35.1,"[31.0, 31.5, 35.1]","['INSIDE', 'INSIDE', 'NEAR']","[[0.37, 0.95, 0.81], [0.94, 1.23, 0.09], [0.56, 1.21, 0.05]]","[129, 132, 128]",51.0
346,1790252271750937253,307182,103688,8,5,39.8,"[29.8, 30.3, 32.1, 34.9, 39.8]","['RAIL', 'INSIDE', 'INSIDE', 'NEAR', 'OUTSIDE']","[[0.25, 0.09, 0.25], [1.32, 1.45, 1.11], [0.45, 1.0, 0.04], [1.47, 1.41, 0.12], [1.22, 1.38, 0.1]]","[132, 123, 129, 128, 130]",49.2
347,1790252271848466639,307184,103078,5,3,39.8,"[28.6, 32.0, 39.8]","['RAIL', 'INSIDE', 'OUTSIDE']","[[0.31, 0.2, 0.51], [1.14, 1.54, 0.11], [0.82, 1.1, 0.07]]","[132, 129, 130]",38.7
348,1790252271952876435,307197,102051,13,7,35.5,"[26.9, 28.6, 29.2, 29.9, 30.8, 31.2, 35.5]","['RAIL', 'INSIDE', 'INSIDE', 'INSIDE', 'RAIL', 'INSIDE', 'INSIDE']","[[0.32, 0.28, 0.48], [1.4, 1.01, 0.98], [1.21, 1.6, 0.12], [0.57, 0.88, 0.55], [0.11, 0.12, 0.47], [0.31, 0.93, 1.06], [1.37, 1.39, 0.12]]","[132, 123, 129, 106, 128, 133, 130]",33.9
349,1790252272044964463,307196,101697,10,5,33.3,"[20.3, 25.2, 29.2, 31.2, 33.3]","['RAIL', 'RAIL', 'RAIL', 'INSIDE', 'INSIDE']","[[1.74, 0.05, 0.05], [0.25, 0.36, 0.51], [0.27, 0.19, 0.51], [0.9, 0.69, 0.58], [0.5, 0.72, 0.86]]","[118, 132, 128, 133, 130]",29.5
350,1790252272149759435,307182,101789,11,7,33.5,"[20.1, 23.6, 24.7, 27.5, 29.1, 31.2, 33.5]","['RAIL', 'RAIL', 'OUTSIDE', 'RAIL', 'INSIDE', 'INSIDE', 'INSIDE']","[[1.68, 0.03, 0.02], [0.67, 0.45, 0.54], [1.56, 2.54, 0.94], [0.2, 0.32, 0.78], [1.21, 0.76, 0.52], [1.32, 1.54, 1.12], [0.67, 0.83, 0.92]]","[118, 132, 102, 128, 123, 133, 130]",43.5
351,1790252272241482317,307169,101822,13,7,34.3,"[21.9, 25.9, 27.1, 28.8, 29.7, 30.0, 34.3]","['RAIL', 'RAIL', 'INSIDE', 'RAIL', 'OUTSIDE', 'INSIDE', 'INSIDE']","[[0.64, 0.55, 0.5], [0.34, 0.39, 0.74], [0.8, 1.49, 0.09], [0.31, 0.18, 0.51], [0.74, 2.43, 0.82], [0.75, 1.2, 1.32], [0.52, 0.98, 0.93]]","[132, 128, 129, 123, 106, 133, 130]",33.1
352,1790252272355499141,307170,102241,10,4,30.2,"[19.8, 24.2, 27.1, 30.2]","['RAIL', 'RAIL', 'RAIL', 'INSIDE']","[[1.78, 0.61, 0.54], [0.35, 0.47, 0.81], [0.31, 0.17, 0.48], [0.64, 1.32, 1.35]]","[118, 128, 123, 133]",38.3
353,1790252272439097961,307160,95559,13,5,32.9,"[22.1, 25.4, 29.7, 30.8, 32.9]","['RAIL', 'RAIL', 'INSIDE', 'INSIDE', 'INSIDE']","[[1.07, 0.52, 0.8], [0.3, 0.17, 0.52], [1.31, 1.62, 0.13], [1.7, 1.77, 1.46], [1.35, 1.36, 0.94]]","[132, 128, 106, 133, 130]",38.1
354,1790252272547957525,307164,101726,10,3,29.0,"[20.1, 23.7, 29.0]","['RAIL', 'RAIL', 'RAIL']","[[1.58, 0.61, 0.82], [0.31, 0.38, 0.53], [0.2, 0.23, 0.25]]","[118, 132, 137]",29.7
355,1790252272643779215,307166,102269,10,4,30.2,"[22.0, 29.0, 29.1, 30.2]","['RAIL', 'RAIL', 'INSIDE', 'INSIDE']","[[0.28, 0.47, 0.5], [0.19, 0.23, 0.25], [0.81, 1.12, 1.02], [0.82, 0.88, 1.07]]","[132, 137, 133, 106]",35.2
356,1790252272746285613,307171,102194,11,4,32.5,"[20.4, 25.7, 29.9, 32.5]","['RAIL', 'RAIL', 'INSIDE', 'INSIDE']","[[0.89, 0.56, 0.55], [0.28, 0.33, 0.28], [1.27, 1.12, 1.25], [0.65, 0.74, 0.54]]","[118, 128, 106, 130]",39.6
357,1790252272846354658,307158,102651,11,4,42.2,"[18.7, 20.1, 23.9, 42.2]","['RAIL', 'RAIL', 'RAIL', 'NEAR']","[[0.53, 0.6, 0.5], [0.82, 0.04, 0.09], [0.04, 0.25, 0.26], [1.53, 0.79, 0.11]]","[118, 132, 128, 134]",35.6
358,1790252272940636037,307167,103827,14,7,43.0,"[17.0, 22.2, 29.0, 29.2, 31.0, 34.5, 43.0]","['RAIL', 'RAIL', 'INSIDE', 'INSIDE', 'INSIDE', 'INSIDE', 'OUTSIDE']","[[0.87, 0.67, 0.55], [0.23, 0.29, 0.29], [0.76, 1.08, 1.24], [1.13, 1.5, 0.11], [0.76, 0.85, 0.81], [0.21, 0.99, 0.91], [0.71, 1.19, 0.05]]","[118, 128, 133, 129, 106, 130, 134]",44.4
359,1790252273048248998,307114,103849,15,8,43.5,"[19.0, 20.5, 22.6, 28.4, 29.0, 31.5, 32.2, 43.5]","['RAIL', 'RAIL', 'RAIL', 'INSIDE', 'INSIDE', 'INSIDE', 'INSIDE', 'OUTSIDE']","[[0.21, 0.05, 0.04], [0.05, 0.27, 0.27], [1.05, 0.11, 0.69], [0.72, 0.91, 0.96], [2.51, 1.77, 0.26], [0.81, 0.77, 0.78], [0.71, 0.73, 0.54], [0.89, 0.93, 0.06]]","[128, 132, 102, 133, 129, 106, 130, 134]",34.3
360,1790252273139887751,307129,103881,15,5,42.7,"[18.9, 30.6, 33.3, 38.4, 42.7]","['RAIL', 'INSIDE', 'INSIDE', 'NEAR', 'OUTSIDE']","[[0.3, 0.29, 0.29], [0.51, 1.29, 1.05], [0.5, 0.85, 0.87], [0.26, 1.07, 0.02], [1.03, 1.32, 0.07]]","[132, 106, 130, 139, 134]",44.6
361,1790252273240376571,307131,104383,12,5,42.3,"[17.1, 31.0, 33.9, 38.0, 42.3]","['RAIL', 'INSIDE', 'INSIDE', 'OUTSIDE', 'NEAR']","[[0.2, 0.31, 0.3], [0.64, 0.85, 0.79], [0.56, 0.59, 0.62], [1.09, 0.76, 0.08], [1.0, 1.2, 0.07]]","[132, 106, 130, 139, 134]",36.3
362,1790252273357568146,307106,103487,8,4,37.9,"[15.5, 29.0, 31.0, 37.9]","['RAIL', 'INSIDE', 'INSIDE', 'INSIDE']","[[0.29, 0.32, 0.31], [0.88, 1.01, 0.98], [0.7, 0.8, 0.57], [1.99, 1.5, 0.16]]","[132, 133, 106, 139]",43.5
363,1790252273446883295,307069,102084,12,4,84.9,"[13.7, 38.2, 42.6, 84.9]","['RAIL', 'INSIDE', 'NEAR', 'OUTSIDE']","[[0.25, 0.32, 0.27], [0.32, 1.06, 0.02], [1.06, 1.47, 0.07], [6.46, 1.68, 1.34]]","[132, 139, 134, 138]",42.4
364,1790252273535035475,307053,102805,13,6,41.6,"[13.7, 30.8, 33.4, 33.7, 38.4, 41.6]","['RAIL', 'INSIDE', 'INSIDE', 'INSIDE', 'INSIDE', 'INSIDE']","[[0.25, 0.32, 0.27], [0.52, 1.02, 1.04], [1.05, 1.06, 0.95], [2.55, 1.68, 0.22], [0.37, 0.94, 0.03], [1.01, 0.6, 0.07]]","[132, 106, 130, 143, 139, 134]",37.2
365,1790252273643767766,306968,100997,14,7,86.1,"[10.3, 28.9, 29.9, 34.3, 38.2, 42.4, 86.1]","['RAIL', 'INSIDE', 'INSIDE', 'INSIDE', 'INSIDE', 'NEAR', 'OUTSIDE']","[[0.23, 0.32, 0.29], [0.3, 0.96, 0.77], [0.85, 1.25, 1.05], [1.15, 1.45, 0.1], [1.44, 1.37, 0.11], [0.92, 1.35, 0.06], [5.06, 1.37, 0.78]]","[132, 133, 106, 143, 139, 134, 138]",37.8
366,1790252273740400606,306873,104080,15,10,86.0,"[8.6, 22.3, 28.1, 31.5, 33.7, 34.0, 34.2, 37.8, 80.9, 86.0]","['RAIL', 'RAIL', 'RAIL', 'INSIDE', 'OUTSIDE', 'INSIDE', 'INSIDE', 'INSIDE', 'OUTSIDE', 'OUTSIDE']","[[0.29, 0.34, 0.3], [1.79, 0.03, 0.02], [0.79, 0.29, 0.63], [0.99, 1.52, 0.09], [1.25, 0.4, 0.11], [0.64, 0.98, 0.91], [1.83, 1.35, 0.16], [1.75, 1.94, 0.13], [4.4, 1.8, 0.98], [1.91, 1.53, 0.8]]","[132, 102, 142, 106, 143, 130, 139, 134, 138, 140]",46.2
367,1790252273853847091,306895,92881,13,6,84.7,"[8.6, 26.4, 30.8, 33.5, 34.0, 84.7]","['RAIL', 'RAIL', 'INSIDE', 'INSIDE', 'INSIDE', 'OUTSIDE']","[[0.29, 0.34, 0.3], [1.38, 0.38, 0.6], [0.79, 0.79, 0.58], [0.53, 0.85, 0.87], [1.38, 1.51, 0.12], [0.93, 0.99, 0.35]]","[132, 142, 133, 130, 139, 140]",33.8
368,1790252273947290235,306386,102309,10,5,37.6,"[5.2, 24.4, 28.8, 34.1, 37.6]","['RAIL', 'RAIL', 'INSIDE', 'INSIDE', 'INSIDE']","[[0.3, 0.34, 0.3], [2.0, 0.46, 0.66], [0.95, 1.15, 1.27], [1.04, 0.97, 0.09], [0.29, 1.31, 0.02]]","[132, 142, 129, 139, 134]",41.6
369,1790252274035087342,305461,102887,5,4,37.2,"[3.4, 30.3, 30.9, 37.2]","['RAIL', 'INSIDE', 'INSIDE', 'INSIDE']","[[0.27, 0.34, 0.29], [0.95, 0.82, 0.79], [2.16, 1.65, 0.21], [1.5, 1.78, 0.11]]","[132, 133, 106, 134]",44.0
370,1790252274158413788,299147,105306,3,3,30.8,"[1.7, 27.2, 30.8]","['RAIL', 'INSIDE', 'INSIDE']","[[0.29, 0.34, 0.31], [0.45, 0.56, 0.26], [1.23, 1.9, 0.12]]","[132, 129, 106]",38.6
371,1790252274265083019,307201,102485,10,6,80.9,"[29.4, 30.7, 32.5, 33.1, 36.2, 80.9]","['INSIDE', 'INSIDE', 'INSIDE', 'INSIDE', 'INSIDE', 'OUTSIDE']","[[2.56, 1.6, 1.32], [1.04, 2.3, 0.59], [0.5, 1.27, 0.04], [1.15, 0.91, 0.87], [1.76, 1.88, 0.14], [0.93, 0.86, 0.15]]","[133, 106, 139, 130, 134, 138]",41.6
372,1790252274344960923,307200,102804,12,5,37.0,"[25.9, 30.7, 31.1, 32.8, 37.0]","['INSIDE', 'INSIDE', 'RAIL', 'INSIDE', 'INSIDE']","[[0.54, 0.75, 0.67], [0.49, 1.49, 0.04], [0.18, 0.17, 0.13], [2.62, 2.15, 0.23], [1.1, 1.4, 0.08]]","[129, 106, 139, 143, 134]",48.0
373,1790252274446417310,307200,103047,12,7,43.3,"[28.2, 28.4, 29.4, 31.1, 33.3, 36.9, 43.3]","['INSIDE', 'INSIDE', 'RAIL', 'INSIDE', 'INSIDE', 'INSIDE', 'RAIL']","[[0.53, 1.06, 1.22], [1.07, 1.65, 0.11], [0.19, 0.15, 0.19], [0.47, 0.67, 0.83], [1.33, 1.94, 0.12], [0.38, 1.03, 0.03], [0.16, 0.2, 0.76]]","[133, 106, 139, 130, 143, 134, 144]",31.3
374,1790252274540881323,307200,101370,10,5,35.6,"[27.7, 30.1, 30.2, 32.2, 35.6]","['RAIL', 'INSIDE', 'INSIDE', 'INSIDE', 'INSIDE']","[[0.2, 0.11, 0.18], [1.76, 1.73, 0.16], [0.67, 1.0, 1.04], [2.12, 2.12, 0.18], [1.58, 1.95, 0.12]]","[139, 106, 130, 143, 134]",37.5
375,1790252274643550915,307200,102195,20,8,85.3,"[25.7, 30.4, 30.6, 32.8, 36.5, 44.7, 81.3, 85.3]","['RAIL', 'INSIDE', 'INSIDE', 'INSIDE', 'INSIDE', 'INSIDE', 'INSIDE', 'INSIDE']","[[0.68, 0.37, 0.17], [0.41, 1.37, 0.04], [2.35, 1.18, 0.69], [0.98, 1.69, 0.08], [0.56, 1.27, 0.04], [4.29, 0.45, 1.82], [2.17, 2.48, 2.59], [3.46, 3.12, 2.24]]","[142, 106, 130, 143, 134, 144, 138, 140]",65.0
376,1790252274736876010,307201,103510,12,5,36.9,"[28.4, 30.2, 32.7, 33.0, 36.9]","['INSIDE', 'INSIDE', 'INSIDE', 'INSIDE', 'INSIDE']","[[1.8, 1.45, 1.29], [1.23, 1.86, 0.11], [0.66, 0.92, 0.89], [1.25, 1.81, 0.11], [1.48, 1.51, 0.11]]","[133, 106, 143, 130, 134]",44.8
377,1790252274839747037,307202,104174,12,6,94.6,"[29.1, 31.4, 32.1, 33.1, 36.4, 94.6]","['INSIDE', 'INSIDE', 'INSIDE', 'INSIDE', 'INSIDE', 'INSIDE']","[[0.69, 0.8, 0.75], [1.68, 0.53, 0.14], [0.74, 0.71, 0.59], [0.58, 1.38, 0.05], [1.16, 1.37, 0.09], [0.9, 0.61, 0.41]]","[133, 106, 143, 130, 134, 145]",49.0
378,1790252274938491720,307201,103686,14,9,98.5,"[26.9, 27.0, 29.6, 29.7, 31.9, 33.3, 45.7, 83.9, 98.5]","['INSIDE', 'INSIDE', 'INSIDE', 'INSIDE', 'INSIDE', 'INSIDE', 'RAIL', 'INSIDE', 'INSIDE']","[[2.23, 2.14, 0.23], [1.51, 1.15, 1.26], [1.24, 2.03, 0.11], [1.72, 1.09, 0.87], [1.4, 0.55, 0.12], [0.34, 1.16, 0.03], [0.39, 0.1, 0.2], [2.06, 3.32, 2.49], [2.03, 0.4, 0.63]]","[129, 133, 106, 143, 130, 134, 144, 140, 145]",48.6
379,1790252275039908320,307200,104695,22,6,95.7,"[27.1, 29.8, 29.9, 31.7, 31.9, 95.7]","['INSIDE', 'INSIDE', 'INSIDE', 'INSIDE', 'RAIL', 'INSIDE']","[[1.44, 1.86, 0.15], [0.82, 1.07, 1.08], [1.36, 1.94, 0.13], [0.58, 0.71, 0.8], [1.0, 0.06, 0.42], [0.08, 1.09, 0.84]]","[129, 143, 106, 130, 134, 145]",46.1
380,1790252275143152890,307201,104596,19,6,94.4,"[27.2, 30.0, 33.0, 33.2, 85.6, 94.4]","['INSIDE', 'INSIDE', 'INSIDE', 'INSIDE', 'OUTSIDE', 'INSIDE']","[[1.37, 1.58, 0.14], [1.2, 1.65, 0.11], [0.51, 0.97, 0.83], [1.07, 1.48, 0.09], [2.65, 1.89, 0.26], [1.11, 0.85, 1.92]]","[129, 106, 130, 147, 140, 145]",55.3
381,1790252275243565493,307201,104546,17,6,92.5,"[29.5, 32.2, 40.8, 42.9, 86.4, 92.5]","['INSIDE', 'INSIDE', 'INSIDE', 'NEAR', 'INSIDE', 'INSIDE']","[[1.35, 1.51, 0.13], [1.63, 1.89, 0.14], [0.59, 1.13, 0.04], [1.54, 0.53, 2.08], [3.39, 2.22, 0.69], [0.99, 1.59, 1.83]]","[106, 147, 146, 144, 140, 145]",46.8
382,1790252275341950674,307206,104076,16,6,91.8,"[30.2, 33.0, 40.5, 46.6, 84.2, 91.8]","['INSIDE', 'INSIDE', 'INSIDE', 'INSIDE', 'INSIDE', 'INSIDE']","[[0.63, 1.46, 0.06], [1.75, 1.72, 0.15], [1.42, 1.81, 0.1], [1.07, 1.29, 0.07], [5.69, 3.01, 0.87], [5.02, 3.87, 2.67]]","[106, 147, 146, 152, 140, 145]",45.3
383,1790252275457036079,307203,104259,18,9,92.0,"[27.6, 29.5, 29.9, 33.2, 40.7, 46.5, 80.7, 84.5, 92.0]","['INSIDE', 'INSIDE', 'INSIDE', 'INSIDE', 'INSIDE', 'INSIDE', 'INSIDE', 'OUTSIDE', 'INSIDE']","[[0.42, 0.49, 0.26], [0.32, 0.9, 0.79], [1.51, 1.53, 0.14], [1.58, 1.72, 0.14], [1.36, 1.55, 0.1], [0.58, 1.14, 0.04], [2.13, 1.84, 0.22], [1.96, 1.77, 0.23], [6.42, 3.08, 2.9]]","[133, 143, 106, 147, 146, 152, 138, 140, 145]",37.2
384,1790252275569557828,307204,104196,25,9,89.3,"[24.8, 30.2, 32.5, 40.7, 45.8, 78.7, 82.5, 88.2, 89.3]","['INSIDE', 'INSIDE', 'INSIDE', 'INSIDE', 'INSIDE', 'OUTSIDE', 'INSIDE', 'OUTSIDE', 'INSIDE']","[[0.72, 0.95, 0.47], [1.1, 1.66, 0.1], [2.3, 2.02, 0.2], [0.36, 1.13, 0.02], [0.78, 1.28, 0.05], [2.62, 1.35, 0.25], [2.64, 3.48, 0.62], [0.95, 0.55, 0.24], [5.06, 3.05, 2.85]]","[133, 106, 147, 146, 152, 138, 140, 141, 145]",43.8
385,1790252275652644912,307198,104140,20,7,91.0,"[28.2, 30.0, 33.4, 40.6, 80.8, 85.6, 91.0]","['INSIDE', 'INSIDE', 'INSIDE', 'INSIDE', 'INSIDE', 'INSIDE', 'INSIDE']","[[0.64, 1.27, 0.06], [0.65, 1.01, 0.81], [1.15, 1.61, 0.1], [1.37, 1.56, 0.1], [5.72, 3.46, 0.57], [3.05, 4.18, 2.89], [3.92, 3.27, 0.71]]","[129, 143, 147, 146, 140, 141, 145]",42.9
386,1790252275765181627,307198,102921,19,8,88.4,"[27.6, 29.5, 32.5, 40.6, 46.0, 84.1, 84.8, 88.4]","['INSIDE', 'INSIDE', 'INSIDE', 'INSIDE', 'INSIDE', 'OUTSIDE', 'INSIDE', 'INSIDE']","[[1.43, 1.64, 0.15], [0.46, 0.66, 0.53], [1.61, 2.0, 0.14], [1.18, 1.14, 0.08], [0.58, 1.13, 0.04], [2.52, 2.66, 0.61], [2.91, 0.74, 2.22], [3.84, 4.31, 2.81]]","[129, 143, 147, 146, 152, 141, 140, 145]",64.7
387,1790252275864718333,307196,102290,24,10,90.5,"[29.1, 30.0, 30.1, 32.1, 32.9, 40.7, 45.8, 83.8, 84.6, 90.5]","['NEAR', 'OUTSIDE', 'INSIDE', 'INSIDE', 'INSIDE', 'INSIDE', 'INSIDE', 'OUTSIDE', 'INSIDE', 'OUTSIDE']","[[1.51, 1.29, 1.22], [1.38, 0.67, 0.35], [1.47, 1.78, 0.14], [1.5, 0.5, 0.13], [1.31, 1.5, 0.11], [0.79, 1.41, 0.06], [1.34, 1.13, 0.08], [0.75, 0.67, 0.41], [7.96, 4.27, 2.9], [3.92, 1.14, 1.01]]","[143, 106, 129, 147, 130, 146, 152, 141, 140, 145]",50.0
388,1790252275947558389,307193,101961,22,8,89.3,"[30.2, 32.5, 40.3, 46.2, 76.7, 79.8, 82.5, 89.3]","['INSIDE', 'INSIDE', 'INSIDE', 'INSIDE', 'NEAR', 'INSIDE', 'INSIDE', 'OUTSIDE']","[[1.1, 1.86, 0.1], [1.98, 1.88, 0.17], [1.56, 1.55, 0.11], [1.03, 1.28, 0.06], [2.82, 0.38, 1.49], [1.99, 2.52, 2.66], [1.29, 1.61, 2.17], [3.08, 1.25, 1.04]]","[129, 130, 146, 152, 138, 140, 141, 145]",55.8
389,1790252276036687877,307200,101618,18,5,84.8,"[32.8, 40.5, 41.9, 45.5, 84.8]","['INSIDE', 'INSIDE', 'INSIDE', 'OUTSIDE', 'INSIDE']","[[1.81, 2.0, 0.15], [1.07, 1.28, 0.07], [0.99, 1.28, 0.06], [11.64, 0.95, 2.61], [0.6, 0.67, 0.76]]","[130, 146, 152, 144, 141]",48.4
390,1790252276137008215,307199,100944,18,4,45.5,"[30.3, 32.2, 40.1, 45.5]","['INSIDE', 'INSIDE', 'INSIDE', 'INSIDE']","[[0.35, 1.37, 0.03], [2.23, 2.57, 0.31], [0.72, 1.53, 0.05], [1.07, 1.12, 0.07]]","[129, 130, 146, 152]",44.0
391,1790252276240407931,307198,100969,19,7,85.8,"[25.6, 28.7, 29.9, 32.8, 40.5, 45.6, 85.8]","['NEAR', 'NEAR', 'INSIDE', 'INSIDE', 'INSIDE', 'INSIDE', 'INSIDE']","[[0.59, 1.06, 1.12], [0.59, 1.36, 1.26], [0.99, 0.86, 0.58], [1.22, 1.8, 0.1], [0.84, 1.41, 0.06], [1.12, 1.58, 0.07], [3.98, 2.1, 2.91]]","[133, 143, 129, 130, 146, 152, 141]",49.2
392,1790252276343551003,307197,101004,15,6,87.7,"[28.7, 30.1, 31.0, 40.0, 45.2, 87.7]","['NEAR', 'INSIDE', 'NEAR', 'INSIDE', 'INSIDE', 'OUTSIDE']","[[0.78, 1.45, 1.29], [1.17, 1.75, 0.11], [0.66, 0.6, 0.55], [1.27, 1.66, 0.09], [1.05, 1.25, 0.06], [1.96, 2.04, 1.52]]","[143, 106, 129, 146, 152, 145]",40.4
393,1790252276454764852,307205,100849,16,6,85.8,"[27.0, 32.5, 35.3, 40.0, 44.8, 85.8]","['NEAR', 'INSIDE', 'INSIDE', 'INSIDE', 'INSIDE', 'INSIDE']","[[0.66, 0.89, 0.74], [1.26, 1.58, 0.11], [1.26, 1.71, 0.1], [0.72, 1.25, 0.05], [0.49, 1.25, 0.03], [1.68, 3.73, 0.77]]","[133, 130, 163, 146, 152, 141]",42.7
394,1790252276543623780,307199,100915,21,8,87.5,"[29.6, 30.1, 32.4, 36.0, 39.5, 45.3, 84.6, 87.5]","['OUTSIDE', 'INSIDE', 'INSIDE', 'INSIDE', 'INSIDE', 'INSIDE', 'INSIDE', 'OUTSIDE']","[[0.51, 0.82, 0.51], [1.38, 1.63, 0.13], [1.44, 2.75, 0.64], [0.42, 1.25, 0.03], [1.59, 1.63, 0.11], [0.96, 1.42, 0.06], [1.77, 3.05, 0.61], [2.77, 1.33, 1.38]]","[106, 143, 130, 163, 146, 152, 141, 145]",41.2
395,1790252276655947440,307201,101063,16,7,94.5,"[29.7, 32.0, 35.9, 39.3, 45.4, 86.6, 94.5]","['OUTSIDE', 'INSIDE', 'INSIDE', 'INSIDE', 'INSIDE', 'INSIDE', 'INSIDE']","[[1.59, 0.81, 0.52], [1.68, 2.64, 0.34], [1.08, 1.38, 0.08], [2.22, 1.61, 0.15], [0.82, 1.42, 0.05], [10.13, 4.89, 2.58], [3.97, 3.96, 1.12]]","[106, 130, 163, 146, 152, 145, 150]",45.4
396,1790252276755238138,307208,101236,18,9,147.5,"[27.7, 30.5, 32.1, 35.6, 39.1, 45.4, 83.9, 87.8, 147.5]","['NEAR', 'OUTSIDE', 'INSIDE', 'INSIDE', 'INSIDE', 'INSIDE', 'OUTSIDE', 'INSIDE', 'INSIDE']","[[0.6, 1.0, 0.77], [0.48, 0.66, 0.81], [1.17, 1.68, 0.1], [0.65, 1.49, 0.05], [1.21, 1.62, 0.08], [0.46, 0.95, 0.03], [2.6, 0.68, 1.5], [4.14, 3.78, 0.67], [6.76, 4.13, 1.06]]","[133, 129, 130, 163, 146, 152, 141, 145, 167]",52.2
397,1790252276848024928,307194,101107,21,11,145.8,"[27.1, 27.9, 32.2, 35.2, 40.0, 46.1, 47.0, 86.0, 89.4, 93.3, 145.8]","['INSIDE', 'OUTSIDE', 'INSIDE', 'INSIDE', 'INSIDE', 'INSIDE', 'RAIL', 'OUTSIDE', 'OUTSIDE', 'INSIDE', 'INSIDE']","[[1.5, 2.97, 0.8], [0.44, 1.01, 0.74], [1.33, 1.46, 0.11], [1.63, 2.05, 0.13], [0.63, 1.39, 0.04], [0.65, 1.12, 0.04], [0.22, 0.19, 0.4], [2.04, 0.72, 2.04], [2.97, 1.04, 1.13], [1.74, 3.49, 0.83], [6.98, 4.33, 1.05]]","[133, 106, 130, 163, 146, 152, 157, 141, 145, 150, 167]",47.9
398,1790252276939862893,307185,101054,19,8,144.8,"[29.5, 30.5, 32.5, 35.6, 40.4, 45.3, 132.8, 144.8]","['INSIDE', 'INSIDE', 'INSIDE', 'INSIDE', 'INSIDE', 'RAIL', 'OUTSIDE', 'INSIDE']","[[1.23, 1.73, 0.11], [1.6, 0.37, 0.14], [1.22, 1.9, 0.1], [1.12, 1.6, 0.09], [0.73, 1.4, 0.05], [0.2, 0.18, 0.31], [1.18, 1.87, 0.82], [4.63, 3.84, 0.69]]","[143, 129, 130, 163, 146, 157, 155, 167]",47.1
399,1790252277053976498,307194,101314,21,11,145.1,"[28.9, 29.7, 30.5, 31.0, 31.8, 35.7, 43.5, 46.8, 48.9, 92.0, 145.1]","['OUTSIDE', 'INSIDE', 'OUTSIDE', 'INSIDE', 'INSIDE', 'INSIDE', 'RAIL', 'RAIL', 'RAIL', 'OUTSIDE', 'INSIDE']","[[1.56, 0.82, 0.96], [1.2, 1.84, 0.11], [0.46, 0.49, 0.54], [1.42, 0.39, 0.12], [2.06, 1.96, 0.18], [1.46, 1.49, 0.11], [0.17, 0.15, 0.3], [0.58, 0.2, 0.6], [1.7, 0.73, 0.77], [1.05, 0.26, 0.81], [11.59, 4.39, 1.49]]","[129, 143, 130, 106, 163, 146, 154, 158, 157, 150, 167]",43.1
400,1790252277154496693,307193,101391,25,14,144.8,"[26.3, 28.6, 30.0, 30.5, 31.5, 35.4, 40.1, 41.6, 43.3, 49.8, 91.1, 91.1, 117.0, 144.8]","['OUTSIDE', 'OUTSIDE', 'NEAR', 'OUTSIDE', 'INSIDE', 'INSIDE', 'INSIDE', 'RAIL', 'OUTSIDE', 'RAIL', 'OUTSIDE', 'RAIL', 'OUTSIDE', 'INSIDE']","[[1.21, 0.84, 1.0], [0.37, 0.63, 0.52], [0.96, 0.86, 0.57], [0.58, 0.68, 0.8], [2.11, 1.84, 0.18], [1.76, 1.82, 0.14], [1.22, 1.67, 0.08], [0.38, 0.15, 0.35], [0.32, 0.66, 0.85], [0.18, 0.19, 0.22], [1.04, 0.32, 0.97], [3.5, 0.22, 0.82], [0.13, 0.27, 0.23], [11.7, 4.36, 2.06]]","[133, 129, 130, 106, 163, 146, 154, 152, 158, 157, 150, 164, 162, 167]",46.6
401,1790252277248164139,307195,101428,24,11,141.9,"[27.9, 30.0, 30.2, 30.6, 32.4, 36.3, 39.7, 48.1, 87.9, 91.1, 141.9]","['NEAR', 'OUTSIDE', 'OUTSIDE', 'INSIDE', 'INSIDE', 'INSIDE', 'INSIDE', 'RAIL', 'OUTSIDE', 'NEAR', 'INSIDE']","[[0.51, 0.8, 0.52], [0.55, 0.44, 0.56], [0.45, 0.66, 0.83], [1.61, 0.36, 0.14], [1.28, 1.57, 0.11], [1.04, 1.13, 0.08], [0.52, 1.79, 0.04], [0.24, 0.18, 0.22], [1.96, 1.71, 1.17], [12.22, 1.46, 2.63], [0.12, 3.71, 0.62]]","[129, 130, 106, 143, 163, 146, 154, 157, 145, 164, 167]",37.4
402,1790252277348011085,307188,101409,20,9,137.8,"[32.5, 32.9, 36.5, 45.6, 47.2, 89.6, 95.4, 100.2, 137.8]","['INSIDE', 'OUTSIDE', 'INSIDE', 'RAIL', 'RAIL', 'INSIDE', 'NEAR', 'OUTSIDE', 'INSIDE']","[[1.12, 1.78, 0.1], [0.29, 0.87, 0.57], [1.07, 1.63, 0.08], [1.46, 0.3, 0.59], [0.65, 0.12, 0.43], [5.08, 4.36, 2.47], [1.95, 0.98, 2.28], [1.91, 0.36, 1.09], [4.72, 4.28, 0.93]]","[163, 146, 154, 158, 157, 145, 164, 156, 167]",51.5
403,1790252277443821832,307180,101429,18,8,136.1,"[31.9, 39.1, 42.4, 43.9, 44.5, 92.2, 99.4, 136.1]","['INSIDE', 'INSIDE', 'RAIL', 'RAIL', 'RAIL', 'INSIDE', 'INSIDE', 'INSIDE']","[[1.48, 0.53, 0.13], [0.37, 1.23, 0.03], [0.22, 0.68, 0.38], [0.19, 0.25, 0.2], [1.52, 0.28, 0.57], [0.39, 1.47, 0.62], [0.14, 1.04, 0.0], [4.79, 4.67, 1.54]]","[163, 154, 152, 157, 158, 145, 156, 167]",36.6
404,1790252277565877779,307179,101311,24,13,155.2,"[29.0, 31.7, 33.0, 34.4, 34.4, 36.1, 39.1, 41.9, 42.7, 92.3, 92.4, 98.1, 155.2]","['OUTSIDE', 'NEAR', 'INSIDE', 'INSIDE', 'INSIDE', 'OUTSIDE', 'INSIDE', 'RAIL', 'RAIL', 'OUTSIDE', 'INSIDE', 'RAIL', 'INSIDE']","[[1.21, 0.89, 0.79], [0.71, 0.6, 0.58], [1.33, 1.81, 0.11], [0.69, 0.85, 0.35], [0.19, 0.89, 0.63], [3.84, 1.34, 2.9], [0.35, 1.23, 0.02], [0.59, 0.31, 0.73], [0.14, 0.16, 0.26], [3.0, 0.08, 1.02], [7.66, 2.81, 2.24], [0.5, 0.62, 0.15], [2.92, 4.21, 1.02]]","[130, 106, 163, 146, 154, 143, 152, 158, 157, 145, 164, 156, 173]",50.1
405,1790252277648892137,307183,101422,18,9,96.3,"[30.2, 30.2, 30.8, 34.4, 35.6, 40.3, 41.0, 86.4, 96.3]","['INSIDE', 'NEAR', 'OUTSIDE', 'INSIDE', 'INSIDE', 'INSIDE', 'RAIL', 'OUTSIDE', 'RAIL']","[[1.08, 1.35, 0.1], [0.98, 1.01, 0.84], [0.53, 0.64, 0.84], [0.8, 0.48, 0.62], [0.42, 0.99, 0.03], [1.2, 1.8, 0.08], [0.21, 0.22, 0.25], [0.97, 1.81, 0.98], [0.58, 0.39, 0.14]]","[130, 106, 129, 146, 154, 152, 157, 141, 156]",35.5
406,1790252277736662175,307174,101359,18,7,94.6,"[32.6, 35.0, 37.0, 40.1, 90.6, 91.1, 94.6]","['OUTSIDE', 'INSIDE', 'RAIL', 'INSIDE', 'INSIDE', 'OUTSIDE', 'RAIL']","[[0.1, 0.31, 0.93], [0.79, 1.7, 0.06], [0.18, 0.41, 0.3], [0.8, 1.39, 0.05], [3.07, 1.57, 0.09], [1.73, 0.35, 0.99], [0.44, 0.38, 0.14]]","[143, 154, 157, 152, 164, 145, 156]",40.5
407,1790252277857720778,307169,101454,21,14,92.6,"[25.2, 27.6, 28.5, 29.4, 31.4, 32.1, 36.6, 38.1, 85.0, 85.7, 87.8, 89.3, 90.7, 92.6]","['RAIL', 'INSIDE', 'INSIDE', 'OUTSIDE', 'INSIDE', 'INSIDE', 'INSIDE', 'OUTSIDE', 'INSIDE', 'OUTSIDE', 'RAIL', 'INSIDE', 'OUTSIDE', 'RAIL']","[[0.43, 0.11, 0.27], [1.75, 2.15, 0.26], [1.34, 0.99, 0.46], [4.03, 1.4, 2.98], [1.04, 0.78, 0.78], [0.47, 1.47, 0.04], [1.04, 1.52, 0.08], [11.56, 1.33, 2.6], [0.55, 1.17, 1.12], [3.09, 1.39, 1.53], [1.46, 0.23, 0.95], [2.17, 1.23, 0.06], [2.9, 0.91, 0.98], [0.9, 0.59, 0.4]]","[133, 130, 106, 129, 143, 163, 154, 152, 141, 172, 145, 164, 150, 156]",50.5
408,1790252277943038470,307167,101648,18,10,178.0,"[30.1, 31.0, 35.9, 40.6, 46.3, 87.0, 88.5, 90.9, 134.8, 178.0]","['NEAR', 'INSIDE', 'INSIDE', 'INSIDE', 'INSIDE', 'INSIDE', 'RAIL', 'OUTSIDE', 'INSIDE', 'INSIDE']","[[0.43, 0.44, 0.78], [0.52, 1.36, 0.54], [1.19, 2.0, 0.35], [0.74, 1.4, 0.05], [0.08, 0.81, 0.01], [5.24, 4.34, 2.33], [0.71, 0.63, 0.14], [8.08, 2.16, 2.64], [0.32, 1.56, 1.94], [2.37, 4.03, 2.32]]","[106, 163, 154, 152, 178, 141, 165, 164, 167, 169]",36.0
409,1790252278050473284,307170,102243,18,11,135.8,"[27.0, 27.6, 28.6, 29.6, 32.5, 35.9, 40.7, 45.3, 87.2, 88.7, 135.8]","['INSIDE', 'INSIDE', 'INSIDE', 'INSIDE', 'INSIDE', 'INSIDE', 'INSIDE', 'INSIDE', 'RAIL', 'INSIDE', 'INSIDE']","[[1.29, 1.78, 1.63], [0.75, 1.07, 0.08], [0.73, 1.53, 1.29], [0.67, 1.14, 0.06], [1.32, 1.69, 0.11], [1.38, 1.73, 0.11], [0.31, 0.99, 0.02], [1.14, 1.42, 0.07], [1.68, 0.72, 0.36], [12.79, 5.08, 2.92], [5.83, 4.24, 2.42]]","[129, 130, 106, 163, 143, 154, 152, 178, 145, 141, 167]",44.7
410,1790252278136609976,307167,103374,17,13,174.5,"[26.3, 27.7, 30.4, 30.6, 32.0, 36.2, 39.8, 45.3, 45.4, 85.6, 87.1, 155.5, 174.5]","['INSIDE', 'INSIDE', 'INSIDE', 'INSIDE', 'NEAR', 'INSIDE', 'INSIDE', 'RAIL', 'INSIDE', 'RAIL', 'INSIDE', 'INSIDE', 'INSIDE']","[[1.51, 1.7, 1.2], [0.69, 0.79, 0.28], [0.77, 0.96, 0.07], [1.15, 0.64, 0.34], [1.1, 0.77, 0.87], [1.24, 1.14, 0.1], [2.16, 1.78, 0.15], [0.35, 0.23, 0.71], [1.3, 1.72, 0.08], [1.32, 0.74, 0.35], [13.04, 5.16, 2.97], [7.12, 4.61, 1.42], [2.29, 4.25, 2.27]]","[129, 130, 163, 106, 143, 154, 152, 158, 178, 145, 141, 173, 169]",76.3
411,1790252278237785155,307151,101582,17,10,173.0,"[29.4, 31.6, 32.0, 35.9, 39.9, 46.0, 90.0, 136.2, 153.7, 173.0]","['NEAR', 'OUTSIDE', 'INSIDE', 'INSIDE', 'INSIDE', 'INSIDE', 'OUTSIDE', 'INSIDE', 'INSIDE', 'INSIDE']","[[0.83, 0.59, 0.47], [1.85, 0.86, 0.88], [2.19, 1.89, 0.19], [1.97, 2.21, 0.41], [1.97, 1.79, 0.14], [0.56, 1.12, 0.03], [0.24, 0.26, 0.6], [2.3, 3.89, 0.83], [7.12, 4.55, 1.41], [1.75, 4.11, 2.25]]","[106, 143, 163, 154, 152, 178, 150, 167, 173, 169]",51.3
412,1790252278335305171,307170,101860,21,14,151.5,"[23.0, 25.6, 27.1, 27.9, 28.6, 29.3, 32.6, 35.8, 39.7, 48.6, 86.0, 86.9, 88.9, 151.5]","['OUTSIDE', 'INSIDE', 'INSIDE', 'INSIDE', 'NEAR', 'INSIDE', 'INSIDE', 'INSIDE', 'INSIDE', 'RAIL', 'OUTSIDE', 'INSIDE', 'OUTSIDE', 'INSIDE']","[[0.14, 0.54, 1.0], [1.31, 1.79, 0.36], [1.72, 2.73, 0.54], [1.58, 0.96, 0.59], [0.89, 0.75, 0.78], [2.14, 1.99, 0.25], [1.34, 1.25, 0.12], [1.15, 1.72, 0.09], [1.41, 1.52, 0.1], [0.45, 0.1, 0.31], [1.07, 0.31, 0.83], [1.23, 2.04, 1.2], [8.93, 1.67, 2.73], [7.99, 4.08, 1.39]]","[133, 129, 130, 106, 143, 163, 146, 154, 152, 158, 145, 164, 172, 173]",55.9
413,1790252278440695061,307154,102280,18,10,95.1,"[27.3, 28.6, 29.1, 32.3, 35.9, 40.0, 44.0, 45.8, 89.6, 95.1]","['NEAR', 'NEAR', 'INSIDE', 'INSIDE', 'INSIDE', 'INSIDE', 'RAIL', 'INSIDE', 'OUTSIDE', 'INSIDE']","[[0.76, 0.92, 0.73], [1.02, 0.74, 0.78], [1.67, 0.68, 0.16], [2.13, 2.18, 0.18], [1.21, 1.85, 0.09], [1.16, 1.54, 0.08], [0.54, 0.17, 0.57], [1.4, 1.27, 0.08], [2.09, 1.72, 1.61], [1.1, 3.48, 1.27]]","[106, 143, 163, 146, 154, 152, 178, 158, 150, 180]",45.3
414,1790252278569154685,307151,102953,13,7,150.3,"[32.3, 35.8, 40.1, 47.0, 88.6, 94.3, 150.3]","['INSIDE', 'INSIDE', 'INSIDE', 'RAIL', 'INSIDE', 'INSIDE', 'INSIDE']","[[1.4, 1.78, 0.12], [1.1, 1.72, 0.08], [1.19, 1.26, 0.08], [0.76, 0.18, 0.61], [3.07, 4.96, 1.84], [5.1, 4.67, 1.34], [4.08, 3.48, 1.05]]","[146, 154, 152, 178, 164, 180, 173]",47.7
415,1790252278649945825,307135,104828,17,9,176.0,"[32.3, 36.2, 41.0, 46.8, 49.3, 87.4, 90.6, 156.2, 176.0]","['INSIDE', 'INSIDE', 'INSIDE', 'INSIDE', 'RAIL', 'INSIDE', 'NEAR', 'INSIDE', 'INSIDE']","[[1.53, 1.68, 0.13], [0.94, 1.62, 0.07], [0.26, 1.14, 0.02], [0.26, 0.98, 0.02], [0.21, 0.21, 0.32], [9.07, 4.96, 2.92], [2.94, 0.94, 1.8], [1.72, 2.86, 1.07], [0.05, 0.31, 0.0]]","[146, 154, 152, 158, 178, 164, 165, 173, 169]",43.1
416,1790252278734645439,307133,97788,20,10,95.7,"[30.6, 32.5, 35.4, 40.0, 45.6, 46.6, 87.9, 89.2, 89.7, 95.7]","['NEAR', 'INSIDE', 'INSIDE', 'INSIDE', 'INSIDE', 'RAIL', 'RAIL', 'INSIDE', 'INSIDE', 'INSIDE']","[[1.46, 1.33, 1.12], [1.04, 1.79, 0.09], [1.52, 1.94, 0.12], [2.2, 1.78, 0.15], [1.06, 1.42, 0.06], [2.14, 0.28, 0.92], [2.95, 0.12, 0.96], [0.93, 1.09, 0.24], [2.28, 1.63, 1.35], [1.26, 2.98, 0.44]]","[163, 146, 154, 152, 158, 178, 145, 150, 165, 180]",50.0
417,1790252278847424295,307107,100172,22,11,172.4,"[26.3, 29.3, 32.1, 36.3, 39.8, 45.4, 90.8, 94.1, 136.6, 152.5, 172.4]","['NEAR', 'INSIDE', 'INSIDE', 'INSIDE', 'INSIDE', 'INSIDE', 'NEAR', 'INSIDE', 'INSIDE', 'INSIDE', 'INSIDE']","[[0.88, 0.74, 0.75], [2.07, 2.0, 0.19], [1.84, 1.99, 0.16], [0.13, 1.14, 0.01], [1.73, 0.54, 0.12], [0.78, 1.42, 0.05], [0.92, 0.8, 0.98], [1.67, 3.12, 0.67], [12.32, 4.42, 1.18], [1.8, 2.8, 1.04], [0.06, 0.3, 0.0]]","[106, 143, 146, 154, 152, 158, 165, 180, 167, 173, 169]",38.7
418,1790252278942495781,307087,97479,22,12,170.6,"[30.7, 31.7, 35.8, 40.7, 45.8, 46.0, 84.8, 86.8, 92.1, 95.3, 150.8, 170.6]","['OUTSIDE', 'NEAR', 'INSIDE', 'INSIDE', 'RAIL', 'INSIDE', 'RAIL', 'INSIDE', 'INSIDE', 'OUTSIDE', 'INSIDE', 'INSIDE']","[[0.41, 0.68, 0.8], [0.5, 0.78, 0.85], [1.52, 1.6, 0.12], [1.05, 1.55, 0.07], [0.38, 0.25, 0.81], [1.37, 1.11, 0.08], [0.44, 0.51, 0.95], [10.27, 4.6, 1.6], [0.99, 0.62, 0.42], [3.03, 0.35, 0.4], [1.76, 2.76, 1.03], [0.0, 0.3, 0.0]]","[163, 146, 154, 152, 178, 158, 172, 141, 165, 180, 173, 169]",39.9
419,1790252279040269130,307056,100553,17,9,149.0,"[36.1, 40.2, 46.0, 84.4, 87.8, 97.5, 121.0, 135.5, 149.0]","['INSIDE', 'INSIDE', 'INSIDE', 'OUTSIDE', 'INSIDE', 'NEAR', 'INSIDE', 'INSIDE', 'INSIDE']","[[1.62, 1.74, 0.13], [1.24, 1.67, 0.08], [0.79, 1.43, 0.05], [0.84, 0.21, 0.73], [9.83, 4.67, 2.65], [1.79, 1.08, 0.42], [0.49, 3.79, 0.76], [7.19, 4.0, 1.27], [1.76, 2.99, 1.02]]","[154, 152, 158, 141, 164, 180, 184, 167, 173]",37.6
420,1790252279165068326,307012,99387,22,11,156.3,"[32.3, 36.4, 38.2, 45.7, 82.8, 84.2, 88.2, 95.5, 118.7, 137.6, 156.3]","['INSIDE', 'INSIDE', 'RAIL', 'INSIDE', 'RAIL', 'INSIDE', 'OUTSIDE', 'INSIDE', 'INSIDE', 'INSIDE', 'OUTSIDE']","[[1.6, 1.99, 0.14], [1.17, 1.39, 0.09], [1.0, 0.23, 0.83], [0.46, 1.11, 0.03], [2.07, 0.87, 0.58], [10.13, 4.12, 2.27], [5.49, 0.75, 2.15], [0.71, 1.68, 1.71], [1.42, 0.82, 0.74], [6.91, 4.62, 2.25], [0.39, 1.78, 1.04]]","[146, 154, 152, 158, 172, 141, 164, 165, 184, 167, 181]",37.1
421,1790252279257871873,306986,96191,21,11,154.7,"[28.9, 30.2, 30.3, 32.3, 36.5, 45.6, 46.0, 89.3, 97.6, 138.0, 154.7]","['INSIDE', 'INSIDE', 'NEAR', 'INSIDE', 'INSIDE', 'RAIL', 'INSIDE', 'INSIDE', 'OUTSIDE', 'INSIDE', 'INSIDE']","[[1.17, 0.36, 0.11], [0.36, 1.47, 0.03], [0.45, 0.7, 0.51], [2.4, 2.08, 0.21], [0.92, 1.64, 0.07], [0.34, 0.2, 0.9], [0.26, 1.12, 0.02], [10.22, 5.15, 2.83], [1.02, 0.87, 1.05], [3.51, 1.45, 0.31], [2.39, 4.31, 2.34]]","[143, 146, 163, 185, 154, 178, 158, 150, 180, 167, 181]",38.7
422,1790252279354204652,306898,87717,20,10,154.0,"[32.8, 35.2, 44.7, 45.8, 85.4, 87.9, 95.8, 96.8, 114.8, 154.0]","['INSIDE', 'INSIDE', 'INSIDE', 'RAIL', 'INSIDE', 'OUTSIDE', 'OUTSIDE', 'INSIDE', 'OUTSIDE', 'OUTSIDE']","[[1.07, 1.38, 0.09], [2.2, 2.44, 0.41], [1.4, 1.85, 0.08], [0.68, 0.21, 0.5], [1.95, 1.36, 0.6], [3.75, 0.49, 1.41], [0.92, 0.85, 1.68], [3.19, 4.11, 1.96], [1.21, 0.21, 0.26], [2.97, 2.0, 1.02]]","[185, 154, 158, 178, 141, 145, 187, 165, 184, 181]",40.4
423,1790252279445749406,306988,73061,16,9,151.5,"[26.7, 29.1, 32.3, 36.0, 85.3, 94.0, 97.0, 102.2, 151.5]","['OUTSIDE', 'OUTSIDE', 'INSIDE', 'INSIDE', 'OUTSIDE', 'OUTSIDE', 'INSIDE', 'INSIDE', 'INSIDE']","[[0.41, 0.78, 0.72], [1.44, 1.26, 0.97], [1.87, 2.67, 0.62], [1.05, 1.61, 0.08], [1.12, 0.64, 1.16], [0.93, 0.84, 1.03], [3.33, 3.34, 1.13], [2.73, 5.06, 2.48], [1.8, 4.38, 2.28]]","[106, 143, 185, 154, 141, 187, 165, 175, 173]",43.6
424,1790252279539273336,307150,101115,23,15,150.0,"[27.8, 30.2, 31.2, 31.6, 35.3, 40.2, 44.6, 84.2, 88.5, 91.8, 91.9, 94.7, 95.9, 100.1, 150.0]","['OUTSIDE', 'INSIDE', 'OUTSIDE', 'INSIDE', 'NEAR', 'INSIDE', 'INSIDE', 'OUTSIDE', 'INSIDE', 'INSIDE', 'OUTSIDE', 'NEAR', 'OUTSIDE', 'OUTSIDE', 'INSIDE']","[[0.81, 0.75, 0.45], [1.78, 1.85, 0.24], [1.18, 0.75, 0.86], [2.39, 2.37, 0.2], [1.11, 0.96, 0.57], [1.0, 1.66, 0.07], [0.59, 1.55, 0.04], [2.91, 0.29, 0.69], [3.13, 1.84, 2.79], [1.75, 2.06, 0.44], [4.07, 0.4, 1.58], [1.96, 1.46, 2.07], [0.53, 1.26, 0.83], [1.2, 0.74, 1.94], [3.65, 4.42, 1.05]]","[143, 146, 163, 185, 154, 152, 158, 141, 145, 189, 187, 165, 180, 175, 173]",41.9
425,1790252279646113403,307089,102045,15,9,158.0,"[28.0, 32.4, 39.5, 44.8, 46.1, 94.4, 98.5, 98.7, 158.0]","['NEAR', 'INSIDE', 'INSIDE', 'INSIDE', 'RAIL', 'OUTSIDE', 'INSIDE', 'OUTSIDE', 'INSIDE']","[[0.36, 0.85, 0.72], [1.77, 1.99, 0.15], [1.32, 1.79, 0.09], [0.69, 1.55, 0.04], [0.37, 0.19, 0.63], [2.94, 0.52, 2.06], [1.21, 2.02, 0.43], [2.25, 1.77, 2.42], [0.17, 2.19, 0.64]]","[106, 185, 152, 158, 178, 180, 191, 175, 181]",46.2
426,1790252279761497096,307049,101742,16,11,97.4,"[27.3, 28.3, 39.6, 45.1, 46.5, 83.7, 90.7, 94.3, 94.4, 96.4, 97.4]","['NEAR', 'NEAR', 'INSIDE', 'INSIDE', 'RAIL', 'INSIDE', 'INSIDE', 'OUTSIDE', 'INSIDE', 'OUTSIDE', 'INSIDE']","[[0.87, 0.93, 0.98], [0.47, 1.04, 0.76], [1.13, 1.52, 0.08], [0.55, 1.41, 0.03], [0.28, 0.19, 0.92], [4.89, 3.56, 1.94], [5.16, 3.25, 2.64], [0.24, 1.33, 1.25], [1.95, 1.47, 2.06], [1.3, 1.26, 2.29], [0.62, 2.32, 0.43]]","[106, 146, 152, 158, 178, 172, 150, 180, 165, 175, 191]",48.7
427,1790252279865954840,307067,101479,16,10,154.4,"[27.6, 28.4, 31.8, 39.6, 45.4, 88.4, 92.4, 95.1, 96.2, 154.4]","['NEAR', 'NEAR', 'INSIDE', 'INSIDE', 'INSIDE', 'INSIDE', 'INSIDE', 'OUTSIDE', 'INSIDE', 'INSIDE']","[[1.0, 0.97, 0.94], [0.44, 1.05, 0.75], [3.01, 2.82, 0.39], [0.74, 1.64, 0.05], [0.82, 1.42, 0.05], [8.02, 5.05, 2.94], [0.23, 1.27, 1.22], [1.81, 1.2, 2.3], [2.16, 2.32, 1.31], [0.11, 2.14, 0.62]]","[106, 146, 185, 152, 158, 145, 150, 180, 191, 181]",46.0
428,1790252279948802142,307207,102618,18,6,93.0,"[33.0, 40.5, 47.4, 84.9, 90.6, 93.0]","['INSIDE', 'INSIDE', 'INSIDE', 'OUTSIDE', 'OUTSIDE', 'INSIDE']","[[1.06, 1.93, 0.09], [0.3, 1.13, 0.02], [0.54, 1.16, 0.03], [3.45, 0.77, 2.19], [0.32, 1.57, 1.42], [1.47, 4.24, 2.55]]","[185, 152, 158, 172, 187, 189]",35.4
429,1790252280038345501,307209,105102,17,10,95.7,"[25.8, 26.8, 27.7, 28.0, 29.8, 30.3, 35.5, 48.1, 92.2, 95.7]","['NEAR', 'INSIDE', 'INSIDE', 'NEAR', 'OUTSIDE', 'INSIDE', 'INSIDE', 'INSIDE', 'INSIDE', 'INSIDE']","[[0.38, 0.82, 0.69], [0.62, 1.07, 0.69], [2.01, 1.98, 0.21], [1.37, 1.29, 1.31], [0.82, 0.79, 0.79], [1.32, 1.79, 0.13], [2.3, 1.82, 0.18], [1.07, 1.18, 0.06], [3.45, 5.0, 2.83], [2.6, 2.55, 1.54]]","[106, 146, 143, 163, 185, 154, 152, 158, 189, 191]",44.4
430,1790252280153555366,307207,101020,17,10,179.9,"[25.9, 26.9, 30.5, 35.3, 47.4, 83.9, 86.0, 89.3, 139.2, 179.9]","['NEAR', 'OUTSIDE', 'INSIDE', 'INSIDE', 'INSIDE', 'INSIDE', 'OUTSIDE', 'INSIDE', 'INSIDE', 'INSIDE']","[[0.66, 1.15, 1.15], [0.64, 0.72, 0.69], [3.16, 2.99, 0.79], [1.75, 2.18, 0.14], [1.03, 1.16, 0.06], [6.04, 5.09, 3.0], [2.29, 1.56, 0.77], [6.95, 5.01, 2.98], [3.65, 4.43, 2.25], [0.0, 3.45, 0.0]]","[106, 146, 154, 152, 158, 177, 172, 145, 167, 195]",45.3
431,1790252280235157512,307206,101157,21,11,178.0,"[29.1, 29.3, 32.2, 41.5, 43.6, 93.6, 94.1, 96.8, 111.1, 137.7, 178.0]","['OUTSIDE', 'INSIDE', 'INSIDE', 'INSIDE', 'RAIL', 'OUTSIDE', 'INSIDE', 'OUTSIDE', 'OUTSIDE', 'INSIDE', 'INSIDE']","[[0.49, 0.64, 0.52], [1.51, 2.45, 0.55], [1.68, 1.98, 0.14], [0.83, 0.87, 0.06], [0.41, 0.27, 0.68], [0.11, 0.83, 2.11], [3.14, 2.32, 0.47], [1.03, 0.87, 2.13], [2.0, 0.39, 0.95], [3.06, 4.46, 2.22], [0.03, 3.42, 0.0]]","[185, 154, 152, 158, 178, 180, 165, 191, 184, 167, 195]",41.2
432,1790252280343004901,307205,101209,18,10,135.6,"[28.3, 29.6, 29.8, 31.8, 42.2, 87.2, 93.2, 96.2, 112.6, 135.6]","['NEAR', 'INSIDE', 'NEAR', 'INSIDE', 'INSIDE', 'INSIDE', 'INSIDE', 'INSIDE', 'OUTSIDE', 'INSIDE']","[[0.76, 1.24, 1.04], [1.37, 2.13, 0.13], [1.63, 1.02, 0.63], [1.34, 0.51, 0.11], [0.53, 1.18, 0.04], [4.52, 5.03, 2.85], [4.0, 3.4, 1.41], [3.62, 1.63, 2.57], [0.51, 0.44, 0.46], [3.62, 4.31, 2.38]]","[163, 154, 185, 152, 158, 172, 165, 191, 184, 167]",39.6
433,1790252280439973073,307207,101490,18,12,156.7,"[27.4, 28.4, 29.1, 29.4, 41.9, 48.4, 94.2, 95.1, 96.9, 103.1, 133.1, 156.7]","['OUTSIDE', 'OUTSIDE', 'INSIDE', 'OUTSIDE', 'INSIDE', 'RAIL', 'INSIDE', 'NEAR', 'OUTSIDE', 'OUTSIDE', 'INSIDE', 'INSIDE']","[[0.52, 0.92, 0.73], [0.7, 0.74, 0.78], [1.98, 2.38, 0.19], [0.44, 0.82, 0.76], [1.04, 1.59, 0.07], [1.24, 0.32, 0.84], [1.05, 0.67, 0.03], [3.44, 0.99, 2.28], [5.02, 0.3, 0.88], [2.78, 0.43, 0.6], [2.28, 4.25, 2.35], [4.03, 3.78, 1.05]]","[146, 163, 154, 185, 158, 178, 165, 150, 175, 194, 167, 181]",42.7
434,1790252280537453861,307207,101473,20,11,156.5,"[30.9, 41.6, 46.4, 84.9, 88.9, 90.2, 93.9, 105.1, 109.0, 131.9, 156.5]","['OUTSIDE', 'INSIDE', 'RAIL', 'NEAR', 'NEAR', 'INSIDE', 'OUTSIDE', 'OUTSIDE', 'OUTSIDE', 'INSIDE', 'INSIDE']","[[0.54, 0.58, 0.56], [0.7, 1.3, 0.05], [1.29, 0.32, 0.81], [2.07, 1.26, 2.64], [2.08, 1.06, 1.58], [7.69, 4.92, 2.33], [4.97, 1.67, 1.83], [3.17, 0.39, 0.67], [0.48, 0.38, 0.44], [3.61, 4.43, 2.32], [1.54, 2.87, 1.03]]","[185, 158, 178, 177, 145, 187, 180, 194, 184, 167, 181]",45.5
435,1790252280643708156,307207,101458,20,14,153.2,"[27.0, 29.1, 31.4, 33.7, 41.8, 83.7, 88.2, 91.3, 91.4, 97.3, 107.3, 107.4, 110.4, 153.2]","['OUTSIDE', 'OUTSIDE', 'INSIDE', 'INSIDE', 'INSIDE', 'OUTSIDE', 'INSIDE', 'OUTSIDE', 'INSIDE', 'OUTSIDE', 'OUTSIDE', 'INSIDE', 'INSIDE', 'INSIDE']","[[0.39, 0.81, 0.7], [0.84, 0.71, 0.74], [1.29, 0.4, 0.11], [0.45, 1.29, 0.04], [0.49, 1.31, 0.03], [0.77, 0.32, 1.82], [5.34, 5.08, 2.84], [1.05, 0.95, 0.59], [2.87, 2.55, 2.66], [5.01, 1.43, 1.74], [0.76, 0.37, 0.23], [1.08, 0.75, 0.73], [0.92, 0.99, 0.24], [4.4, 4.07, 1.02]]","[146, 163, 185, 152, 158, 177, 172, 189, 187, 175, 184, 193, 194, 181]",51.3
436,1790252280741548086,307209,101464,16,8,151.4,"[27.8, 29.0, 33.4, 40.4, 46.1, 81.8, 105.4, 151.4]","['NEAR', 'OUTSIDE', 'INSIDE', 'INSIDE', 'INSIDE', 'RAIL', 'OUTSIDE', 'INSIDE']","[[0.37, 0.82, 0.48], [0.89, 0.79, 0.78], [1.13, 1.38, 0.1], [1.49, 0.52, 0.1], [1.17, 1.6, 0.07], [1.0, 0.14, 0.53], [0.8, 0.41, 0.23], [4.34, 4.28, 1.01]]","[146, 163, 152, 158, 178, 177, 184, 181]",38.3
437,1790252280858047764,307207,101738,17,11,110.2,"[26.4, 27.2, 29.0, 30.2, 33.1, 46.3, 87.1, 89.1, 96.2, 103.6, 110.2]","['OUTSIDE', 'NEAR', 'OUTSIDE', 'INSIDE', 'INSIDE', 'INSIDE', 'OUTSIDE', 'INSIDE', 'NEAR', 'OUTSIDE', 'NEAR']","[[0.54, 0.73, 0.91], [0.65, 0.7, 0.49], [1.26, 0.76, 0.81], [2.09, 2.69, 0.62], [2.23, 1.93, 0.19], [0.26, 1.13, 0.01], [2.4, 0.87, 0.93], [1.57, 1.47, 0.36], [3.56, 0.7, 0.84], [0.64, 0.36, 0.42], [1.61, 0.69, 0.99]]","[106, 146, 163, 154, 152, 178, 172, 145, 191, 184, 194]",45.6
438,1790252280955046064,307210,102511,15,9,174.7,"[26.3, 32.6, 33.0, 42.1, 46.5, 88.7, 90.9, 149.2, 174.7]","['NEAR', 'NEAR', 'INSIDE', 'RAIL', 'INSIDE', 'RAIL', 'INSIDE', 'INSIDE', 'RAIL']","[[0.35, 0.81, 0.48], [0.56, 0.64, 0.56], [2.13, 2.13, 0.18], [1.03, 0.08, 0.73], [0.29, 1.13, 0.02], [1.81, 0.25, 0.98], [5.1, 3.91, 2.25], [1.46, 4.44, 0.99], [0.07, 0.1, 0.26]]","[143, 199, 152, 158, 178, 145, 189, 181, 195]",47.1
439,1790252281066910852,307207,98331,23,14,172.9,"[28.4, 29.4, 30.2, 32.0, 33.1, 40.8, 46.7, 89.5, 92.6, 96.1, 98.3, 100.6, 132.9, 172.9]","['NEAR', 'NEAR', 'INSIDE', 'OUTSIDE', 'NEAR', 'INSIDE', 'INSIDE', 'OUTSIDE', 'INSIDE', 'OUTSIDE', 'NEAR', 'INSIDE', 'INSIDE', 'INSIDE']","[[0.57, 1.06, 1.01], [0.75, 0.63, 0.55], [2.21, 2.07, 0.21], [0.88, 0.76, 0.89], [1.01, 0.91, 0.52], [1.35, 1.68, 0.09], [0.29, 1.3, 0.02], [3.98, 2.28, 2.37], [2.21, 2.55, 0.45], [3.05, 0.67, 1.47], [1.61, 1.5, 2.56], [1.93, 1.19, 0.43], [5.44, 4.1, 1.1], [0.09, 3.85, 1.66]]","[163, 185, 154, 199, 152, 158, 178, 189, 180, 175, 191, 184, 167, 195]",40.9
440,1790252281148053330,307215,101366,17,10,171.1,"[25.9, 26.9, 30.2, 40.1, 45.8, 77.3, 91.3, 93.3, 98.3, 171.1]","['NEAR', 'OUTSIDE', 'INSIDE', 'INSIDE', 'INSIDE', 'INSIDE', 'OUTSIDE', 'INSIDE', 'INSIDE', 'OUTSIDE']","[[0.46, 1.15, 1.15], [0.81, 1.32, 1.18], [1.25, 1.97, 0.12], [1.41, 1.53, 0.1], [0.33, 1.28, 0.02], [1.04, 0.96, 0.55], [1.23, 0.82, 1.02], [5.27, 3.64, 2.63], [3.17, 2.96, 2.17], [0.15, 0.12, 1.1]]","[106, 143, 154, 158, 178, 177, 180, 187, 191, 195]",43.6
441,1790252281241622034,307215,101184,21,13,170.3,"[28.4, 30.0, 40.9, 46.1, 87.7, 91.1, 92.4, 94.5, 96.2, 97.5, 129.2, 159.9, 170.3]","['NEAR', 'INSIDE', 'INSIDE', 'INSIDE', 'OUTSIDE', 'OUTSIDE', 'INSIDE', 'OUTSIDE', 'OUTSIDE', 'INSIDE', 'INSIDE', 'INSIDE', 'INSIDE']","[[1.29, 1.1, 0.83], [1.94, 2.04, 0.18], [0.41, 1.28, 0.03], [0.41, 0.8, 0.02], [1.38, 0.74, 2.11], [1.93, 0.41, 1.17], [1.06, 1.12, 0.03], [1.23, 1.48, 1.7], [0.57, 1.21, 1.24], [3.04, 2.17, 0.47], [5.46, 3.99, 1.07], [0.03, 3.63, 0.0], [2.02, 0.41, 0.78]]","[163, 154, 158, 178, 145, 187, 180, 175, 165, 191, 167, 196, 195]",43.8
442,1790252281344574143,307209,101236,28,19,167.7,"[27.9, 29.0, 30.3, 36.4, 41.0, 43.1, 83.8, 87.1, 88.6, 89.6, 90.3, 91.1, 93.9, 94.0, 95.2, 95.3, 127.6, 160.6, 167.7]","['OUTSIDE', 'NEAR', 'INSIDE', 'INSIDE', 'INSIDE', 'RAIL', 'INSIDE', 'INSIDE', 'INSIDE', 'OUTSIDE', 'OUTSIDE', 'RAIL', 'OUTSIDE', 'OUTSIDE', 'INSIDE', 'INSIDE', 'OUTSIDE', 'INSIDE', 'INSIDE']","[[0.97, 1.09, 1.25], [0.69, 1.06, 0.79], [1.93, 2.06, 0.26], [1.42, 1.87, 0.11], [0.52, 1.43, 0.04], [1.3, 0.27, 0.95], [6.62, 5.18, 2.98], [1.87, 0.61, 0.06], [1.19, 1.97, 1.4], [1.12, 0.2, 0.39], [2.05, 0.97, 0.56], [1.94, 0.21, 0.81], [1.48, 0.47, 1.65], [1.14, 0.17, 1.23], [0.33, 0.83, 0.01], [4.4, 1.1, 0.86], [5.07, 1.72, 0.85], [5.11, 3.95, 1.11], [0.67, 3.73, 1.62]]","[163, 185, 154, 201, 158, 178, 172, 189, 145, 180, 175, 187, 165, 150, 191, 184, 167, 196, 195]",44.2
443,1790252281452953382,307215,101308,20,17,165.9,"[29.3, 29.6, 30.5, 30.7, 32.3, 36.7, 40.6, 86.6, 87.7, 88.5, 92.4, 93.5, 93.5, 95.1, 106.9, 139.9, 165.9]","['OUTSIDE', 'INSIDE', 'INSIDE', 'NEAR', 'OUTSIDE', 'INSIDE', 'INSIDE', 'INSIDE', 'RAIL', 'INSIDE', 'INSIDE', 'INSIDE', 'OUTSIDE', 'INSIDE', 'OUTSIDE', 'OUTSIDE', 'INSIDE']","[[0.79, 0.87, 1.03], [1.54, 0.56, 0.14], [0.73, 1.28, 0.07], [1.4, 1.19, 1.15], [0.75, 0.83, 1.12], [1.0, 1.4, 0.08], [1.11, 1.68, 0.08], [0.83, 1.47, 1.14], [1.94, 0.2, 0.79], [10.61, 5.12, 2.92], [1.9, 1.17, 0.57], [0.39, 0.65, 0.01], [1.96, 0.2, 0.89], [0.95, 1.08, 0.85], [2.16, 2.12, 1.35], [1.14, 2.31, 1.25], [0.71, 3.97, 1.6]]","[185, 154, 199, 163, 208, 201, 158, 145, 187, 189, 150, 191, 184, 165, 193, 190, 195]",43.4
444,1790252281555852907,307216,101387,19,14,163.8,"[29.0, 29.8, 32.4, 40.6, 86.5, 86.9, 91.4, 96.8, 97.0, 112.8, 124.8, 138.0, 148.2, 163.8]","['NEAR', 'INSIDE', 'INSIDE', 'INSIDE', 'OUTSIDE', 'INSIDE', 'INSIDE', 'INSIDE', 'INSIDE', 'OUTSIDE', 'OUTSIDE', 'OUTSIDE', 'INSIDE', 'INSIDE']","[[1.59, 1.04, 0.77], [1.45, 2.14, 0.14], [2.08, 2.11, 0.18], [0.89, 1.54, 0.06], [1.62, 0.69, 0.74], [1.04, 1.06, 0.03], [6.18, 5.1, 2.54], [1.22, 1.22, 0.23], [7.26, 2.18, 2.63], [0.71, 0.52, 0.76], [3.28, 1.77, 1.04], [1.14, 1.8, 1.23], [0.82, 2.97, 1.0], [0.04, 3.93, 1.58]]","[185, 199, 152, 158, 189, 145, 175, 165, 184, 200, 167, 190, 181, 195]",49.4
445,1790252281660882336,307206,101467,14,11,162.3,"[29.7, 33.1, 36.0, 40.6, 89.7, 94.4, 95.4, 110.4, 124.7, 134.8, 162.3]","['INSIDE', 'INSIDE', 'INSIDE', 'INSIDE', 'OUTSIDE', 'OUTSIDE', 'INSIDE', 'OUTSIDE', 'INSIDE', 'OUTSIDE', 'INSIDE']","[[1.79, 2.03, 0.17], [1.2, 1.6, 0.1], [1.21, 1.62, 0.09], [0.9, 1.54, 0.06], [2.13, 0.51, 1.94], [1.77, 0.65, 0.23], [13.52, 3.18, 2.74], [1.58, 0.54, 0.97], [6.92, 4.57, 1.33], [4.24, 1.68, 0.84], [0.63, 3.89, 1.56]]","[199, 152, 201, 158, 180, 165, 191, 200, 167, 190, 195]",46.2
446,1790252281738638616,307209,101327,19,15,160.4,"[28.7, 30.6, 32.6, 36.4, 40.0, 84.5, 87.1, 87.1, 88.1, 89.4, 90.9, 97.3, 109.4, 135.8, 160.4]","['OUTSIDE', 'OUTSIDE', 'INSIDE', 'INSIDE', 'INSIDE', 'OUTSIDE', 'RAIL', 'OUTSIDE', 'RAIL', 'NEAR', 'INSIDE', 'NEAR', 'OUTSIDE', 'INSIDE', 'INSIDE']","[[0.53, 0.62, 0.54], [0.2, 0.9, 0.54], [1.72, 2.02, 0.15], [0.79, 1.28, 0.06], [1.6, 1.54, 0.11], [1.07, 0.85, 2.22], [0.12, 0.3, 0.22], [0.6, 0.6, 0.94], [3.99, 0.15, 0.56], [1.91, 1.25, 0.43], [9.32, 4.95, 2.72], [1.27, 1.18, 2.34], [1.2, 0.62, 0.71], [9.8, 3.76, 0.94], [0.61, 3.84, 1.55]]","[185, 154, 152, 201, 158, 172, 189, 145, 187, 175, 180, 184, 200, 190, 196]",50.2
447,1790252281842897284,307213,101280,22,16,158.6,"[27.3, 28.7, 29.7, 35.9, 40.2, 80.9, 82.8, 84.8, 90.8, 92.0, 94.9, 100.4, 107.4, 107.6, 132.1, 158.6]","['INSIDE', 'OUTSIDE', 'INSIDE', 'INSIDE', 'INSIDE', 'RAIL', 'OUTSIDE', 'INSIDE', 'OUTSIDE', 'INSIDE', 'INSIDE', 'INSIDE', 'OUTSIDE', 'INSIDE', 'INSIDE', 'INSIDE']","[[1.41, 2.14, 0.14], [0.65, 0.61, 0.55], [1.99, 2.78, 0.59], [2.03, 1.97, 0.16], [0.6, 1.67, 0.04], [0.72, 0.18, 0.56], [5.82, 1.66, 2.81], [10.24, 5.16, 2.96], [2.4, 1.85, 2.02], [0.19, 0.64, 0.01], [2.03, 1.23, 0.88], [0.95, 1.37, 0.24], [1.5, 0.49, 0.98], [1.01, 0.75, 0.02], [5.87, 3.48, 0.87], [0.68, 4.08, 1.53]]","[143, 185, 199, 201, 158, 172, 145, 189, 175, 150, 191, 205, 193, 200, 190, 196]",39.0
448,1790252281941866105,307209,101324,21,19,157.4,"[26.2, 27.5, 32.5, 33.2, 35.9, 41.1, 83.6, 83.8, 89.9, 92.3, 93.2, 97.6, 100.6, 101.2, 106.1, 109.0, 123.4, 147.1, 157.4]","['OUTSIDE', 'INSIDE', 'NEAR', 'INSIDE', 'INSIDE', 'INSIDE', 'RAIL', 'INSIDE', 'OUTSIDE', 'OUTSIDE', 'INSIDE', 'OUTSIDE', 'OUTSIDE', 'INSIDE', 'OUTSIDE', 'INSIDE', 'OUTSIDE', 'INSIDE', 'INSIDE']","[[0.7, 0.83, 0.44], [1.63, 2.24, 0.17], [1.27, 0.65, 0.27], [0.35, 1.5, 0.03], [1.99, 1.97, 0.15], [0.63, 1.29, 0.04], [0.7, 0.74, 0.21], [4.87, 4.14, 1.32], [2.94, 0.35, 1.59], [2.22, 0.14, 1.38], [2.24, 3.41, 0.66], [3.02, 1.75, 2.45], [1.02, 0.67, 0.91], [0.14, 0.71, 0.0], [1.91, 0.36, 0.48], [0.44, 1.91, 1.91], [3.11, 0.39, 1.32], [0.03, 3.59, 0.0], [2.03, 0.72, 0.41]]","[143, 199, 152, 208, 201, 158, 145, 189, 187, 175, 150, 165, 205, 184, 193, 200, 167, 181, 196]",43.7
449,1790252282034403638,307208,101510,16,13,154.9,"[29.5, 32.8, 36.2, 41.1, 85.5, 85.8, 88.2, 88.9, 92.3, 96.9, 104.0, 145.8, 154.9]","['INSIDE', 'INSIDE', 'INSIDE', 'INSIDE', 'OUTSIDE', 'INSIDE', 'OUTSIDE', 'OUTSIDE', 'OUTSIDE', 'OUTSIDE', 'OUTSIDE', 'INSIDE', 'INSIDE']","[[1.55, 2.48, 0.3], [1.42, 2.37, 0.32], [0.29, 1.39, 0.02], [0.7, 1.14, 0.05], [3.13, 0.24, 1.51], [2.14, 1.64, 0.06], [1.9, 0.6, 0.24], [4.84, 0.87, 2.38], [3.91, 0.42, 1.64], [2.6, 0.54, 1.52], [2.62, 0.44, 1.14], [1.14, 3.8, 0.27], [0.68, 3.98, 1.49]]","[154, 208, 201, 158, 145, 189, 180, 187, 175, 165, 193, 181, 196]",57.1
450,1790252282133218447,307208,101767,19,17,153.8,"[28.5, 29.4, 30.3, 31.8, 32.0, 35.2, 40.7, 86.1, 86.2, 93.5, 94.9, 97.4, 102.3, 102.9, 106.4, 143.4, 153.8]","['OUTSIDE', 'INSIDE', 'OUTSIDE', 'INSIDE', 'NEAR', 'INSIDE', 'INSIDE', 'OUTSIDE', 'OUTSIDE', 'INSIDE', 'INSIDE', 'OUTSIDE', 'INSIDE', 'OUTSIDE', 'OUTSIDE', 'INSIDE', 'INSIDE']","[[0.74, 0.61, 0.53], [2.06, 2.11, 0.19], [0.55, 0.63, 0.82], [1.34, 2.08, 0.12], [0.88, 0.65, 0.52], [2.32, 2.27, 0.18], [0.69, 1.55, 0.05], [1.66, 0.21, 1.13], [3.11, 0.15, 0.74], [1.87, 1.16, 0.24], [0.94, 1.12, 0.66], [1.9, 0.72, 1.86], [1.8, 2.99, 0.91], [2.9, 0.73, 1.34], [1.93, 0.15, 0.51], [0.04, 3.5, 0.28], [2.07, 4.39, 2.32]]","[185, 154, 163, 208, 152, 201, 158, 145, 187, 150, 191, 165, 184, 193, 200, 181, 196]",52.1
451,1790252282241079003,307214,101773,18,14,136.3,"[28.7, 29.5, 32.7, 33.1, 36.7, 41.2, 86.1, 90.4, 94.2, 99.9, 100.1, 108.4, 125.4, 136.3]","['OUTSIDE', 'INSIDE', 'INSIDE', 'NEAR', 'INSIDE', 'INSIDE', 'INSIDE', 'NEAR', 'INSIDE', 'OUTSIDE', 'INSIDE', 'OUTSIDE', 'INSIDE', 'OUTSIDE']","[[0.99, 0.69, 0.74], [2.24, 2.22, 0.21], [0.47, 1.7, 0.04], [0.97, 0.43, 0.07], [1.07, 1.52, 0.08], [1.31, 1.43, 0.09], [8.93, 5.08, 2.93], [0.84, 0.78, 1.59], [6.77, 4.04, 1.91], [0.8, 0.55, 0.67], [1.45, 2.72, 1.14], [1.57, 2.08, 1.21], [1.66, 4.18, 1.0], [1.17, 1.78, 1.21]]","[185, 154, 208, 201, 158, 178, 189, 180, 150, 205, 184, 200, 167, 190]",57.0
452,1790252282346147009,307209,101863,18,11,134.1,"[29.8, 33.2, 37.1, 41.9, 91.3, 98.8, 100.9, 102.1, 110.8, 124.7, 134.1]","['NEAR', 'INSIDE', 'INSIDE', 'INSIDE', 'INSIDE', 'OUTSIDE', 'INSIDE', 'INSIDE', 'OUTSIDE', 'INSIDE', 'INSIDE']","[[0.21, 0.68, 0.51], [1.07, 1.6, 0.09], [0.8, 1.03, 0.06], [1.0, 1.45, 0.07], [0.85, 0.59, 0.41], [1.92, 1.55, 1.75], [1.03, 0.74, 0.24], [1.06, 1.22, 0.26], [1.96, 0.39, 0.7], [4.09, 3.88, 0.83], [1.99, 4.22, 0.85]]","[163, 208, 158, 178, 180, 205, 184, 193, 200, 167, 190]",44.1
453,1790252282454603358,307209,101909,22,14,131.4,"[26.9, 28.0, 28.1, 32.3, 33.0, 35.9, 41.1, 96.4, 96.6, 104.9, 105.2, 112.4, 122.3, 131.4]","['NEAR', 'OUTSIDE', 'NEAR', 'NEAR', 'INSIDE', 'INSIDE', 'INSIDE', 'OUTSIDE', 'NEAR', 'NEAR', 'OUTSIDE', 'OUTSIDE', 'INSIDE', 'INSIDE']","[[0.4, 0.88, 0.73], [0.52, 1.04, 0.71], [0.36, 1.03, 0.74], [1.12, 0.65, 0.27], [0.71, 1.49, 0.06], [2.19, 1.75, 0.17], [0.72, 1.42, 0.05], [3.09, 1.6, 1.86], [2.27, 0.77, 2.11], [0.99, 0.44, 1.15], [3.79, 1.44, 1.79], [0.95, 1.6, 1.23], [2.7, 4.35, 1.3], [3.53, 3.48, 0.82]]","[185, 199, 163, 201, 208, 158, 178, 165, 191, 193, 184, 200, 167, 190]",41.9
454,1790252282543244829,307214,101847,16,12,165.2,"[28.3, 33.4, 37.4, 41.3, 90.0, 94.1, 98.1, 101.1, 121.2, 128.9, 143.9, 165.2]","['NEAR', 'INSIDE', 'INSIDE', 'INSIDE', 'OUTSIDE', 'OUTSIDE', 'NEAR', 'INSIDE', 'OUTSIDE', 'INSIDE', 'INSIDE', 'INSIDE']","[[0.88, 0.97, 0.69], [1.43, 1.84, 0.12], [1.32, 1.54, 0.1], [1.34, 1.56, 0.09], [2.11, 0.77, 1.37], [1.95, 0.85, 1.49], [0.43, 0.86, 1.06], [0.15, 1.79, 0.23], [1.62, 0.53, 0.55], [2.4, 2.67, 1.07], [7.11, 4.42, 2.24], [0.31, 3.46, 0.66]]","[163, 208, 158, 178, 175, 150, 191, 205, 167, 190, 181, 206]",42.2
455,1790252282639038257,307199,102092,18,16,163.4,"[27.8, 29.3, 30.6, 33.7, 37.4, 41.2, 46.7, 81.2, 87.9, 88.6, 92.8, 101.5, 102.1, 127.4, 143.7, 163.4]","['NEAR', 'OUTSIDE', 'INSIDE', 'INSIDE', 'INSIDE', 'INSIDE', 'INSIDE', 'OUTSIDE', 'INSIDE', 'OUTSIDE', 'INSIDE', 'NEAR', 'INSIDE', 'INSIDE', 'INSIDE', 'INSIDE']","[[1.31, 1.15, 1.02], [0.45, 0.86, 1.03], [1.17, 1.48, 0.11], [1.18, 2.21, 0.33], [1.06, 1.55, 0.08], [0.87, 1.57, 0.06], [1.01, 1.14, 0.06], [2.12, 1.53, 2.52], [0.93, 3.49, 0.8], [2.68, 1.36, 2.72], [2.64, 4.84, 2.67], [0.58, 0.79, 1.36], [2.39, 1.97, 0.29], [4.23, 3.97, 0.78], [0.16, 3.84, 0.28], [0.2, 1.98, 0.65]]","[163, 154, 201, 208, 158, 178, 211, 172, 189, 145, 180, 205, 184, 190, 181, 206]",55.0
456,1790252282742987555,307200,102584,24,20,161.5,"[25.6, 27.5, 33.2, 33.6, 36.7, 41.0, 46.3, 82.0, 86.7, 86.8, 92.4, 97.3, 99.8, 103.9, 106.9, 111.6, 117.3, 125.0, 142.7, 161.5]","['INSIDE', 'NEAR', 'INSIDE', 'NEAR', 'INSIDE', 'INSIDE', 'INSIDE', 'INSIDE', 'OUTSIDE', 'INSIDE', 'INSIDE', 'OUTSIDE', 'INSIDE', 'OUTSIDE', 'INSIDE', 'NEAR', 'OUTSIDE', 'INSIDE', 'INSIDE', 'INSIDE']","[[1.66, 1.92, 0.18], [0.46, 0.61, 0.47], [1.68, 2.17, 0.37], [0.47, 0.95, 0.9], [1.42, 1.77, 0.11], [0.78, 1.15, 0.05], [0.41, 0.97, 0.02], [7.51, 5.17, 2.92], [2.31, 1.11, 2.5], [0.63, 1.31, 0.19], [6.11, 5.1, 2.64], [0.57, 0.9, 0.42], [0.9, 1.04, 0.02], [1.01, 0.38, 0.91], [1.09, 1.84, 0.24], [1.89, 0.57, 0.73], [1.95, 0.68, 1.08], [5.29, 4.21, 1.04], [1.99, 4.56, 1.65], [0.32, 3.38, 0.0]]","[143, 163, 208, 152, 158, 178, 211, 172, 145, 189, 180, 165, 184, 193, 205, 200, 167, 190, 181, 206]",54.9
457,1790252282847936357,307204,103763,24,19,159.7,"[30.9, 33.2, 36.9, 40.9, 46.7, 80.2, 86.9, 87.0, 88.7, 90.6, 92.5, 94.6, 97.4, 99.1, 105.4, 114.8, 123.7, 140.3, 159.7]","['OUTSIDE', 'INSIDE', 'INSIDE', 'INSIDE', 'INSIDE', 'OUTSIDE', 'OUTSIDE', 'OUTSIDE', 'INSIDE', 'OUTSIDE', 'INSIDE', 'OUTSIDE', 'NEAR', 'INSIDE', 'OUTSIDE', 'OUTSIDE', 'INSIDE', 'INSIDE', 'INSIDE']","[[0.62, 0.96, 0.85], [1.49, 2.04, 0.13], [1.19, 1.65, 0.09], [1.15, 1.69, 0.08], [0.38, 1.3, 0.02], [3.15, 0.27, 1.41], [1.69, 0.2, 0.93], [2.2, 0.75, 1.57], [5.06, 2.69, 0.73], [0.64, 0.74, 1.19], [1.89, 2.41, 0.26], [4.06, 0.3, 0.61], [2.04, 1.06, 0.46], [1.08, 1.39, 0.03], [1.67, 0.49, 1.39], [0.51, 0.45, 0.46], [4.37, 4.29, 1.02], [0.63, 3.99, 1.62], [0.34, 3.34, 0.64]]","[201, 208, 158, 178, 211, 172, 187, 175, 189, 180, 150, 165, 184, 191, 193, 167, 190, 181, 206]",55.0
458,1790252282938318041,307207,101732,19,15,157.8,"[28.5, 28.7, 30.6, 33.3, 36.5, 40.8, 46.8, 88.5, 90.2, 95.0, 95.3, 104.1, 113.2, 122.2, 157.8]","['INSIDE', 'NEAR', 'INSIDE', 'INSIDE', 'INSIDE', 'INSIDE', 'INSIDE', 'OUTSIDE', 'NEAR', 'OUTSIDE', 'INSIDE', 'OUTSIDE', 'OUTSIDE', 'INSIDE', 'INSIDE']","[[1.71, 2.99, 1.47], [0.97, 1.11, 0.98], [1.78, 1.89, 0.17], [1.31, 2.05, 0.11], [1.81, 2.12, 0.14], [0.97, 1.56, 0.07], [0.51, 1.46, 0.03], [0.27, 0.61, 1.21], [0.95, 1.12, 1.79], [1.06, 0.31, 0.45], [3.39, 4.02, 2.14], [1.06, 0.72, 1.55], [0.91, 0.43, 0.51], [3.54, 3.85, 0.79], [0.47, 3.92, 1.06]]","[199, 154, 201, 208, 158, 178, 211, 187, 180, 165, 150, 193, 167, 190, 206]",37.5
459,1790252283043258989,307202,101738,24,20,155.0,"[28.3, 28.7, 28.9, 31.5, 33.2, 34.1, 36.8, 41.2, 46.8, 84.7, 88.6, 92.6, 94.2, 94.4, 98.3, 101.3, 111.0, 122.1, 136.2, 155.0]","['OUTSIDE', 'INSIDE', 'NEAR', 'NEAR', 'INSIDE', 'OUTSIDE', 'INSIDE', 'INSIDE', 'INSIDE', 'INSIDE', 'OUTSIDE', 'INSIDE', 'INSIDE', 'OUTSIDE', 'OUTSIDE', 'OUTSIDE', 'OUTSIDE', 'INSIDE', 'INSIDE', 'INSIDE']","[[0.83, 1.13, 1.0], [1.14, 1.94, 0.12], [0.36, 0.97, 0.74], [1.3, 1.0, 0.62], [1.28, 1.94, 0.11], [0.7, 0.5, 0.58], [0.76, 1.65, 0.06], [1.38, 1.3, 0.1], [0.14, 1.14, 0.01], [8.22, 3.33, 2.97], [0.57, 0.91, 1.76], [1.65, 1.31, 1.0], [3.18, 2.04, 0.31], [2.61, 0.39, 1.06], [0.93, 0.69, 2.0], [0.97, 0.23, 0.88], [0.44, 0.44, 0.45], [0.07, 3.55, 0.53], [0.58, 3.97, 0.63], [2.24, 3.88, 1.04]]","[199, 154, 163, 201, 208, 152, 158, 178, 211, 189, 187, 180, 150, 165, 184, 193, 167, 190, 181, 196]",41.0
460,1790252283154360166,307196,101612,16,12,153.2,"[28.1, 29.0, 30.5, 32.9, 36.4, 41.3, 46.1, 86.9, 97.0, 100.0, 109.5, 153.2]","['OUTSIDE', 'NEAR', 'INSIDE', 'INSIDE', 'INSIDE', 'INSIDE', 'INSIDE', 'INSIDE', 'OUTSIDE', 'INSIDE', 'OUTSIDE', 'INSIDE']","[[0.63, 1.04, 1.02], [0.74, 1.14, 0.81], [1.22, 1.88, 0.26], [2.01, 2.23, 0.17], [1.09, 1.75, 0.08], [0.64, 1.43, 0.04], [0.72, 1.6, 0.04], [2.29, 3.36, 0.62], [1.89, 0.36, 0.83], [4.14, 2.99, 2.03], [0.96, 0.43, 0.7], [2.21, 3.5, 0.32]]","[163, 154, 201, 208, 158, 178, 211, 145, 184, 191, 167, 196]",44.3
461,1790252283271634160,307182,101587,20,14,152.3,"[29.9, 30.6, 33.4, 37.1, 41.2, 46.8, 81.2, 85.9, 87.7, 90.8, 97.7, 107.5, 122.1, 152.3]","['INSIDE', 'INSIDE', 'INSIDE', 'INSIDE', 'INSIDE', 'INSIDE', 'INSIDE', 'INSIDE', 'OUTSIDE', 'OUTSIDE', 'OUTSIDE', 'OUTSIDE', 'INSIDE', 'INSIDE']","[[1.15, 0.59, 0.11], [1.05, 1.27, 0.1], [0.72, 1.73, 0.06], [0.34, 1.29, 0.03], [0.84, 1.0, 0.06], [0.82, 1.14, 0.05], [4.98, 1.95, 2.94], [1.12, 1.52, 1.02], [6.24, 1.72, 2.94], [1.17, 0.67, 1.42], [3.09, 0.24, 0.84], [0.78, 0.35, 0.69], [2.02, 4.24, 0.8], [0.34, 3.45, 0.0]]","[201, 154, 208, 158, 178, 211, 172, 187, 145, 180, 184, 167, 190, 196]",42.9
462,1790252283357129256,307209,101875,13,12,150.3,"[28.4, 32.1, 36.7, 87.8, 92.3, 93.8, 96.8, 99.9, 106.8, 126.1, 137.0, 150.3]","['NEAR', 'INSIDE', 'INSIDE', 'INSIDE', 'OUTSIDE', 'INSIDE', 'OUTSIDE', 'INSIDE', 'OUTSIDE', 'INSIDE', 'INSIDE', 'OUTSIDE']","[[0.8, 1.11, 0.98], [2.45, 2.2, 0.21], [1.1, 1.64, 0.08], [5.14, 4.03, 2.35], [1.93, 0.65, 1.89], [1.09, 1.86, 0.26], [0.99, 1.19, 1.05], [1.08, 1.72, 0.24], [3.0, 0.5, 1.17], [9.64, 4.41, 2.24], [0.65, 2.02, 2.58], [0.17, 1.51, 0.31]]","[163, 208, 158, 175, 165, 150, 184, 191, 167, 190, 181, 196]",39.5
463,1790252283445795897,307193,102473,18,13,148.6,"[30.3, 32.0, 32.8, 36.5, 40.4, 46.0, 92.2, 94.8, 95.8, 97.9, 98.6, 124.8, 148.6]","['OUTSIDE', 'INSIDE', 'INSIDE', 'INSIDE', 'INSIDE', 'INSIDE', 'INSIDE', 'OUTSIDE', 'INSIDE', 'OUTSIDE', 'INSIDE', 'INSIDE', 'INSIDE']","[[0.76, 0.81, 0.52], [1.41, 0.51, 0.12], [1.26, 1.37, 0.11], [0.35, 1.4, 0.03], [0.57, 1.4, 0.04], [0.92, 1.28, 0.06], [2.51, 4.15, 2.51], [1.29, 1.32, 1.87], [1.11, 0.62, 0.84], [2.96, 0.23, 0.47], [0.15, 0.69, 0.0], [8.58, 4.63, 2.21], [0.17, 2.06, 0.6]]","[201, 208, 154, 158, 178, 211, 165, 184, 150, 191, 193, 190, 196]",52.7
464,1790252283547050261,307189,103424,13,10,146.7,"[33.4, 36.4, 40.8, 47.3, 96.0, 100.5, 101.3, 107.1, 127.8, 146.7]","['INSIDE', 'INSIDE', 'INSIDE', 'INSIDE', 'INSIDE', 'OUTSIDE', 'INSIDE', 'OUTSIDE', 'INSIDE', 'INSIDE']","[[0.46, 1.71, 0.32], [1.86, 1.39, 0.14], [0.93, 1.55, 0.06], [0.52, 0.99, 0.03], [3.67, 3.15, 0.6], [1.38, 0.3, 0.46], [1.55, 2.47, 0.25], [2.94, 0.4, 0.68], [11.81, 4.41, 1.77], [0.28, 3.33, 0.64]]","[154, 158, 178, 211, 150, 191, 193, 167, 190, 196]",36.8
465,1790252283653623456,307185,100775,21,16,144.9,"[28.7, 30.8, 31.3, 33.2, 36.1, 41.7, 47.2, 81.1, 86.0, 88.6, 92.2, 92.9, 99.0, 116.4, 124.5, 144.9]","['OUTSIDE', 'NEAR', 'RAIL', 'INSIDE', 'INSIDE', 'INSIDE', 'INSIDE', 'INSIDE', 'OUTSIDE', 'INSIDE', 'OUTSIDE', 'INSIDE', 'INSIDE', 'INSIDE', 'INSIDE', 'INSIDE']","[[0.74, 0.67, 0.77], [0.45, 1.04, 0.82], [0.07, 0.25, 0.14], [1.11, 1.94, 0.09], [1.64, 2.97, 0.66], [0.25, 0.87, 0.02], [1.07, 1.3, 0.06], [0.7, 1.02, 0.55], [0.98, 0.16, 0.78], [8.88, 5.12, 2.98], [3.28, 0.29, 0.98], [4.2, 2.87, 1.93], [0.65, 2.09, 0.24], [1.46, 0.39, 0.48], [5.31, 4.34, 1.36], [0.31, 3.54, 0.63]]","[163, 208, 152, 154, 158, 178, 211, 172, 187, 189, 165, 180, 193, 200, 190, 196]",46.8
466,1790252283746128745,307177,101566,19,15,142.1,"[27.5, 27.7, 28.9, 29.5, 30.4, 32.0, 35.7, 40.5, 45.9, 97.1, 98.9, 103.4, 104.4, 123.0, 142.1]","['OUTSIDE', 'RAIL', 'OUTSIDE', 'RAIL', 'INSIDE', 'OUTSIDE', 'INSIDE', 'INSIDE', 'INSIDE', 'INSIDE', 'OUTSIDE', 'OUTSIDE', 'INSIDE', 'INSIDE', 'INSIDE']","[[1.82, 1.39, 0.93], [1.17, 0.47, 0.01], [0.64, 0.95, 0.53], [0.09, 0.31, 0.19], [1.16, 1.77, 0.25], [0.61, 0.63, 0.55], [1.66, 1.85, 0.13], [1.27, 1.54, 0.09], [1.03, 1.43, 0.06], [0.77, 2.69, 0.43], [2.06, 0.35, 0.85], [2.99, 1.68, 2.31], [3.09, 1.62, 0.25], [1.98, 4.03, 1.69], [2.32, 3.81, 0.93]]","[199, 201, 163, 152, 208, 154, 158, 178, 211, 150, 193, 191, 167, 190, 196]",59.8
467,1790252283846416204,307174,101459,21,17,160.7,"[27.4, 27.6, 28.8, 29.2, 30.4, 30.8, 36.4, 41.3, 84.3, 89.9, 92.8, 93.0, 95.5, 113.5, 121.8, 140.2, 160.7]","['RAIL', 'NEAR', 'OUTSIDE', 'OUTSIDE', 'INSIDE', 'OUTSIDE', 'INSIDE', 'INSIDE', 'OUTSIDE', 'INSIDE', 'OUTSIDE', 'INSIDE', 'OUTSIDE', 'NEAR', 'INSIDE', 'INSIDE', 'INSIDE']","[[0.08, 0.29, 0.24], [0.72, 1.44, 1.16], [0.32, 0.96, 0.74], [0.59, 0.72, 0.74], [0.98, 1.88, 0.09], [0.65, 0.88, 0.58], [1.53, 1.52, 0.12], [1.35, 1.57, 0.09], [4.16, 0.86, 1.86], [4.33, 1.6, 2.0], [0.96, 0.26, 0.26], [1.93, 2.29, 0.25], [2.95, 1.01, 1.53], [3.06, 0.69, 0.88], [3.33, 4.47, 1.57], [2.19, 3.2, 0.62], [2.36, 2.66, 2.44]]","[152, 199, 163, 208, 154, 201, 158, 178, 189, 187, 180, 184, 150, 200, 190, 196, 206]",42.1
468,1790252283943964070,307174,101520,22,15,159.6,"[25.7, 26.4, 27.5, 31.1, 33.2, 36.8, 41.3, 47.3, 89.0, 93.1, 96.7, 112.3, 119.5, 137.4, 159.6]","['RAIL', 'NEAR', 'OUTSIDE', 'NEAR', 'INSIDE', 'INSIDE', 'INSIDE', 'RAIL', 'INSIDE', 'INSIDE', 'OUTSIDE', 'INSIDE', 'OUTSIDE', 'INSIDE', 'INSIDE']","[[0.07, 0.27, 0.23], [0.48, 1.25, 1.18], [0.86, 0.87, 0.94], [2.7, 1.5, 1.23], [0.44, 1.5, 0.04], [1.39, 1.65, 0.11], [0.99, 1.43, 0.07], [0.26, 0.21, 0.52], [3.6, 4.55, 1.75], [2.01, 3.65, 1.67], [4.99, 1.79, 1.68], [2.09, 1.77, 1.4], [0.46, 0.26, 1.04], [4.14, 3.4, 0.37], [0.7, 2.47, 2.41]]","[152, 199, 208, 154, 201, 158, 178, 211, 175, 184, 150, 200, 190, 181, 206]",51.6
469,1790252284042573812,307164,101623,18,12,157.0,"[23.9, 30.0, 32.9, 36.7, 84.2, 89.3, 92.8, 94.1, 108.3, 109.9, 137.6, 157.0]","['RAIL', 'NEAR', 'INSIDE', 'INSIDE', 'INSIDE', 'INSIDE', 'OUTSIDE', 'NEAR', 'OUTSIDE', 'INSIDE', 'INSIDE', 'INSIDE']","[[0.05, 0.25, 0.26], [1.46, 1.21, 1.1], [1.33, 1.6, 0.11], [0.95, 1.65, 0.07], [2.63, 1.62, 1.9], [5.98, 4.87, 1.96], [0.99, 0.64, 1.01], [2.36, 1.0, 1.49], [0.12, 0.73, 1.39], [1.01, 0.93, 0.2], [7.3, 3.86, 1.21], [2.27, 2.6, 2.38]]","[152, 154, 201, 158, 189, 175, 165, 180, 167, 200, 181, 206]",56.4
470,1790252284148943385,307151,101687,22,16,155.1,"[22.1, 29.8, 33.0, 36.8, 41.5, 46.8, 48.5, 91.5, 91.9, 93.5, 94.5, 96.7, 109.0, 122.3, 133.6, 155.1]","['RAIL', 'INSIDE', 'INSIDE', 'INSIDE', 'INSIDE', 'INSIDE', 'RAIL', 'OUTSIDE', 'OUTSIDE', 'INSIDE', 'OUTSIDE', 'INSIDE', 'INSIDE', 'INSIDE', 'INSIDE', 'INSIDE']","[[0.26, 0.3, 0.29], [1.36, 2.14, 0.13], [1.72, 2.03, 0.15], [1.09, 1.29, 0.08], [0.94, 1.43, 0.07], [0.82, 1.46, 0.05], [0.61, 0.26, 1.06], [2.2, 1.7, 1.88], [1.61, 0.36, 1.19], [2.07, 0.66, 0.06], [2.16, 0.53, 1.27], [0.47, 1.33, 1.27], [0.91, 1.15, 0.02], [0.72, 3.7, 2.53], [4.33, 3.31, 0.48], [2.3, 2.56, 2.35]]","[152, 154, 201, 158, 178, 213, 211, 165, 180, 184, 150, 193, 200, 216, 181, 206]",37.8
471,1790252284239109419,307142,101773,22,15,133.8,"[20.2, 28.2, 30.6, 30.7, 30.9, 36.9, 41.7, 46.8, 49.5, 83.9, 88.9, 90.4, 93.6, 94.6, 133.8]","['RAIL', 'NEAR', 'INSIDE', 'NEAR', 'OUTSIDE', 'INSIDE', 'INSIDE', 'INSIDE', 'RAIL', 'INSIDE', 'OUTSIDE', 'INSIDE', 'INSIDE', 'OUTSIDE', 'INSIDE']","[[0.26, 0.33, 0.27], [1.29, 0.88, 0.58], [0.51, 1.59, 0.05], [0.33, 0.94, 0.81], [0.85, 0.88, 0.59], [1.25, 0.89, 0.1], [0.52, 1.45, 0.04], [0.88, 0.98, 0.05], [0.45, 0.21, 0.97], [8.83, 4.72, 2.64], [0.71, 0.47, 0.79], [1.6, 0.83, 0.19], [2.01, 0.82, 0.06], [2.06, 0.15, 0.64], [0.33, 3.27, 0.55]]","[152, 208, 154, 201, 163, 158, 178, 213, 211, 189, 175, 165, 184, 150, 181]",41.1
472,1790252284341951240,307141,101826,23,18,151.4,"[18.3, 26.8, 27.6, 27.6, 31.1, 32.6, 37.0, 41.2, 46.8, 47.1, 85.7, 88.2, 91.3, 93.0, 95.8, 96.2, 130.2, 151.4]","['RAIL', 'OUTSIDE', 'NEAR', 'INSIDE', 'OUTSIDE', 'INSIDE', 'INSIDE', 'INSIDE', 'RAIL', 'RAIL', 'INSIDE', 'OUTSIDE', 'INSIDE', 'NEAR', 'OUTSIDE', 'INSIDE', 'INSIDE', 'INSIDE']","[[0.17, 0.3, 0.28], [0.75, 0.73, 0.68], [0.68, 1.06, 0.97], [2.21, 1.99, 0.23], [1.29, 0.71, 0.89], [2.23, 2.31, 0.19], [0.81, 1.41, 0.06], [1.01, 1.15, 0.07], [0.88, 0.17, 0.64], [0.61, 0.19, 0.84], [2.01, 1.88, 0.21], [2.94, 2.3, 2.94], [3.11, 1.66, 0.3], [0.5, 0.6, 0.6], [1.8, 0.56, 0.18], [0.56, 1.12, 1.24], [3.73, 4.09, 1.1], [2.35, 2.77, 2.3]]","[152, 199, 208, 154, 201, 214, 158, 178, 211, 213, 189, 175, 165, 180, 150, 193, 181, 206]",40.7
473,1790252284447774964,307101,101795,16,11,130.1,"[16.5, 26.4, 32.8, 37.2, 41.0, 46.9, 48.3, 88.9, 94.6, 122.9, 130.1]","['RAIL', 'OUTSIDE', 'INSIDE', 'INSIDE', 'INSIDE', 'INSIDE', 'RAIL', 'OUTSIDE', 'OUTSIDE', 'INSIDE', 'INSIDE']","[[0.21, 0.31, 0.29], [1.91, 1.14, 1.14], [2.16, 1.7, 0.19], [1.31, 1.66, 0.1], [1.1, 1.7, 0.08], [1.05, 1.3, 0.06], [0.83, 0.28, 1.06], [2.06, 0.73, 1.53], [3.02, 0.09, 1.04], [4.15, 4.21, 0.82], [0.58, 4.07, 1.05]]","[152, 199, 214, 158, 178, 211, 213, 175, 193, 216, 181]",39.3
474,1790252284539169400,307066,101811,25,21,145.5,"[14.6, 28.9, 30.0, 33.0, 36.6, 41.1, 47.3, 48.5, 81.2, 82.1, 84.3, 86.5, 87.7, 91.4, 91.6, 95.3, 96.7, 100.6, 107.9, 127.2, 145.5]","['RAIL', 'NEAR', 'INSIDE', 'INSIDE', 'INSIDE', 'INSIDE', 'INSIDE', 'RAIL', 'OUTSIDE', 'OUTSIDE', 'INSIDE', 'INSIDE', 'OUTSIDE', 'OUTSIDE', 'INSIDE', 'RAIL', 'OUTSIDE', 'OUTSIDE', 'OUTSIDE', 'INSIDE', 'INSIDE']","[[0.08, 0.31, 0.26], [0.74, 1.13, 0.81], [2.05, 2.04, 0.19], [2.13, 2.04, 0.18], [1.67, 1.78, 0.13], [0.74, 1.29, 0.05], [1.13, 0.83, 0.07], [0.52, 0.28, 0.63], [2.01, 0.22, 1.21], [7.59, 2.35, 2.65], [2.0, 1.7, 2.84], [1.01, 1.75, 1.71], [4.64, 2.49, 2.96], [2.67, 0.32, 1.39], [1.35, 1.48, 0.46], [2.03, 0.04, 0.41], [4.79, 0.79, 1.35], [1.98, 0.54, 1.33], [2.24, 1.75, 2.61], [2.37, 3.35, 0.53], [6.6, 2.78, 2.48]]","[152, 208, 163, 214, 158, 178, 211, 213, 172, 189, 187, 175, 165, 184, 180, 193, 150, 191, 167, 181, 196]",41.6
475,1790252284643977894,307001,102147,19,15,145.8,"[12.8, 32.6, 33.4, 36.2, 47.0, 64.3, 81.6, 89.1, 92.5, 95.3, 96.7, 98.1, 105.4, 125.7, 145.8]","['RAIL', 'NEAR', 'INSIDE', 'INSIDE', 'INSIDE', 'INSIDE', 'OUTSIDE', 'OUTSIDE', 'NEAR', 'INSIDE', 'OUTSIDE', 'INSIDE', 'OUTSIDE', 'INSIDE', 'INSIDE']","[[0.22, 0.32, 0.28], [1.54, 0.9, 0.51], [1.19, 1.61, 0.1], [1.16, 1.75, 0.09], [0.55, 0.98, 0.03], [0.41, 1.12, 0.02], [6.9, 2.48, 2.93], [7.88, 1.81, 2.56], [0.41, 1.01, 1.43], [0.67, 0.78, 0.42], [3.07, 1.49, 1.33], [2.07, 1.97, 0.9], [2.6, 1.38, 2.04], [9.93, 4.55, 1.35], [2.34, 2.66, 2.21]]","[152, 214, 158, 178, 211, 192, 189, 165, 180, 193, 150, 191, 167, 181, 196]",39.9
476,1790252284745932863,306957,102538,24,16,143.9,"[10.9, 27.3, 28.8, 29.9, 30.4, 32.7, 35.7, 46.5, 89.5, 90.8, 94.3, 95.8, 97.0, 104.7, 122.8, 143.9]","['RAIL', 'INSIDE', 'NEAR', 'INSIDE', 'NEAR', 'INSIDE', 'INSIDE', 'INSIDE', 'OUTSIDE', 'RAIL', 'OUTSIDE', 'INSIDE', 'INSIDE', 'OUTSIDE', 'INSIDE', 'INSIDE']","[[0.25, 0.34, 0.29], [2.04, 2.04, 0.21], [1.44, 1.32, 0.97], [3.99, 2.9, 0.96], [0.35, 1.02, 1.05], [1.33, 2.02, 0.11], [1.77, 1.86, 0.14], [0.5, 0.81, 0.03], [1.04, 0.46, 1.17], [3.99, 0.13, 0.99], [4.02, 1.38, 1.25], [1.08, 0.49, 0.41], [1.48, 1.51, 0.04], [0.61, 0.41, 1.13], [3.71, 4.07, 1.04], [2.31, 3.81, 2.19]]","[152, 154, 163, 208, 201, 158, 178, 211, 184, 180, 150, 193, 191, 167, 216, 196]",41.0
477,1790252284850842694,306804,101698,17,13,123.6,"[9.0, 28.0, 29.7, 32.8, 36.5, 45.8, 47.3, 82.2, 88.2, 91.6, 102.9, 108.1, 123.6]","['RAIL', 'NEAR', 'INSIDE', 'INSIDE', 'INSIDE', 'RAIL', 'INSIDE', 'RAIL', 'INSIDE', 'INSIDE', 'OUTSIDE', 'NEAR', 'INSIDE']","[[0.22, 0.33, 0.28], [1.48, 1.14, 1.02], [0.7, 1.12, 0.75], [1.71, 2.49, 0.33], [1.12, 1.64, 0.09], [0.45, 0.24, 0.5], [0.17, 0.83, 0.01], [1.02, 0.15, 0.53], [13.48, 4.82, 2.97], [10.07, 1.88, 2.86], [0.91, 0.52, 1.54], [0.91, 0.8, 1.71], [6.46, 4.38, 0.95]]","[152, 208, 201, 158, 178, 213, 211, 172, 165, 180, 167, 200, 216]",41.4
478,1790252284946202091,306607,97020,17,12,122.8,"[7.1, 32.5, 32.8, 37.0, 44.0, 49.6, 85.9, 86.0, 87.1, 92.5, 92.6, 122.8]","['RAIL', 'NEAR', 'INSIDE', 'INSIDE', 'RAIL', 'RAIL', 'INSIDE', 'INSIDE', 'NEAR', 'OUTSIDE', 'INSIDE', 'INSIDE']","[[0.15, 0.32, 0.3], [0.75, 0.66, 0.54], [2.05, 1.81, 0.18], [1.05, 1.53, 0.08], [0.34, 0.16, 0.78], [0.64, 0.31, 0.64], [0.92, 0.31, 0.03], [1.15, 1.2, 0.74], [6.01, 0.96, 2.46], [2.09, 0.95, 1.41], [4.27, 2.47, 2.68], [4.46, 4.31, 1.3]]","[152, 158, 214, 178, 213, 211, 175, 165, 187, 150, 180, 216]",38.0
479,1790252285042111063,306107,100846,16,11,139.1,"[5.3, 30.5, 30.7, 33.1, 36.4, 89.8, 91.3, 97.1, 98.0, 122.0, 139.1]","['RAIL', 'OUTSIDE', 'NEAR', 'INSIDE', 'INSIDE', 'OUTSIDE', 'INSIDE', 'OUTSIDE', 'INSIDE', 'INSIDE', 'INSIDE']","[[0.25, 0.34, 0.27], [0.43, 0.82, 0.53], [0.29, 0.79, 0.55], [1.16, 1.82, 0.1], [1.69, 1.77, 0.13], [4.19, 1.06, 1.57], [3.24, 3.42, 2.52], [1.2, 0.91, 0.65], [6.73, 1.88, 0.32], [2.72, 3.63, 0.75], [0.75, 4.11, 2.42]]","[152, 163, 201, 214, 178, 184, 180, 191, 193, 216, 196]",48.8
480,1790252285145520640,304958,99693,17,12,136.6,"[3.4, 27.9, 28.9, 30.2, 33.1, 37.2, 53.6, 92.4, 96.5, 105.3, 121.1, 136.6]","['RAIL', 'NEAR', 'NEAR', 'INSIDE', 'INSIDE', 'INSIDE', 'INSIDE', 'OUTSIDE', 'OUTSIDE', 'OUTSIDE', 'OUTSIDE', 'INSIDE']","[[0.07, 0.28, 0.28], [0.47, 0.72, 0.5], [0.9, 1.2, 1.02], [1.12, 1.97, 0.1], [1.47, 1.93, 0.13], [1.12, 1.3, 0.09], [3.04, 1.3, 0.16], [3.06, 0.32, 0.99], [1.72, 0.47, 1.55], [1.12, 1.4, 1.65], [0.63, 0.48, 0.24], [2.02, 2.62, 2.38]]","[152, 208, 201, 163, 214, 178, 211, 150, 191, 167, 216, 196]",57.7
481,1790252285258379121,299364,95157,21,11,134.6,"[1.6, 29.3, 30.8, 30.9, 33.5, 37.2, 47.9, 82.7, 96.0, 97.3, 134.6]","['RAIL', 'NEAR', 'INSIDE', 'NEAR', 'INSIDE', 'INSIDE', 'RAIL', 'INSIDE', 'OUTSIDE', 'OUTSIDE', 'NEAR']","[[0.36, 0.28, 0.3], [1.57, 1.28, 0.8], [0.39, 1.29, 0.04], [0.58, 0.79, 0.57], [1.28, 2.29, 0.34], [1.44, 1.3, 0.11], [1.02, 0.27, 0.22], [5.0, 1.84, 2.88], [1.92, 0.98, 1.9], [1.24, 0.24, 0.45], [2.3, 0.46, 1.49]]","[152, 163, 214, 201, 158, 178, 213, 172, 191, 193, 196]",58.7
482,1790252285322697314,307223,101529,16,9,132.7,"[33.4, 36.7, 41.5, 46.2, 86.9, 91.0, 93.1, 125.0, 132.7]","['INSIDE', 'INSIDE', 'INSIDE', 'RAIL', 'INSIDE', 'OUTSIDE', 'OUTSIDE', 'OUTSIDE', 'INSIDE']","[[1.55, 1.83, 0.13], [1.51, 1.64, 0.12], [1.15, 1.43, 0.08], [1.0, 0.23, 0.28], [6.81, 5.1, 3.03], [1.87, 1.33, 1.79], [1.81, 0.81, 1.66], [5.83, 2.05, 1.8], [2.26, 2.54, 2.32]]","[158, 178, 219, 213, 165, 184, 150, 181, 196]",44.1
483,1790252285440676329,307233,101428,19,12,132.2,"[29.3, 30.2, 31.3, 33.6, 33.9, 37.6, 48.3, 86.7, 92.1, 120.6, 125.7, 132.2]","['INSIDE', 'OUTSIDE', 'INSIDE', 'INSIDE', 'NEAR', 'INSIDE', 'INSIDE', 'OUTSIDE', 'INSIDE', 'INSIDE', 'INSIDE', 'INSIDE']","[[2.42, 1.57, 1.17], [0.96, 0.91, 1.04], [0.42, 1.3, 0.04], [1.54, 1.95, 0.13], [0.41, 0.99, 0.87], [1.13, 1.42, 0.09], [0.35, 1.01, 0.02], [1.01, 0.45, 1.55], [7.93, 5.11, 2.7], [0.94, 4.02, 1.31], [0.81, 3.91, 1.65], [2.03, 4.23, 2.53]]","[208, 201, 214, 158, 178, 219, 213, 165, 180, 216, 181, 196]",38.5
484,1790252285544410476,307227,101645,15,7,109.6,"[32.2, 33.2, 36.7, 41.8, 47.5, 96.3, 109.6]","['INSIDE', 'INSIDE', 'INSIDE', 'INSIDE', 'INSIDE', 'OUTSIDE', 'NEAR']","[[0.22, 0.96, 0.55], [2.09, 1.82, 0.18], [1.71, 1.89, 0.13], [1.08, 1.44, 0.07], [0.66, 1.16, 0.04], [4.0, 2.29, 2.1], [0.21, 0.77, 1.63]]","[214, 158, 219, 218, 213, 191, 200]",45.4
485,1790252285644187182,307225,101714,23,15,127.1,"[28.6, 29.8, 30.3, 33.0, 37.3, 41.7, 47.2, 81.4, 89.1, 91.1, 93.9, 95.9, 106.9, 107.7, 127.1]","['NEAR', 'OUTSIDE', 'INSIDE', 'INSIDE', 'INSIDE', 'INSIDE', 'INSIDE', 'OUTSIDE', 'RAIL', 'OUTSIDE', 'RAIL', 'OUTSIDE', 'OUTSIDE', 'NEAR', 'INSIDE']","[[0.92, 1.07, 1.02], [1.55, 0.78, 0.55], [1.82, 1.86, 0.17], [1.92, 2.48, 0.36], [0.61, 1.16, 0.05], [1.36, 1.02, 0.09], [0.65, 0.99, 0.04], [0.09, 1.41, 1.62], [1.25, 0.19, 0.61], [1.33, 0.32, 1.38], [0.06, 0.25, 0.2], [0.98, 0.87, 0.84], [0.95, 0.79, 0.87], [0.35, 0.75, 1.61], [2.24, 4.14, 2.45]]","[208, 163, 201, 158, 219, 218, 213, 172, 187, 184, 150, 191, 167, 200, 181]",49.9
486,1790252285742730688,307234,101777,17,11,125.4,"[30.1, 30.5, 33.2, 37.6, 42.4, 48.3, 49.2, 87.0, 98.5, 107.4, 125.4]","['INSIDE', 'NEAR', 'INSIDE', 'INSIDE', 'INSIDE', 'INSIDE', 'RAIL', 'INSIDE', 'OUTSIDE', 'OUTSIDE', 'INSIDE']","[[1.98, 2.94, 0.92], [0.72, 0.77, 0.57], [2.37, 2.14, 0.2], [0.85, 1.3, 0.07], [0.23, 0.89, 0.02], [0.28, 0.84, 0.02], [1.06, 0.12, 0.67], [7.06, 4.37, 3.06], [1.99, 0.15, 0.43], [1.82, 0.31, 0.48], [1.86, 3.93, 2.42]]","[201, 214, 158, 219, 218, 213, 211, 175, 193, 167, 181]",48.4
487,1790252285844861389,307230,101721,16,11,124.0,"[28.7, 33.2, 34.0, 34.1, 37.1, 47.8, 89.1, 91.0, 104.2, 123.4, 124.0]","['INSIDE', 'INSIDE', 'INSIDE', 'OUTSIDE', 'INSIDE', 'INSIDE', 'OUTSIDE', 'NEAR', 'OUTSIDE', 'OUTSIDE', 'NEAR']","[[1.14, 1.15, 0.8], [1.28, 0.92, 0.11], [0.91, 0.58, 0.08], [1.09, 0.66, 0.36], [1.46, 1.78, 0.11], [0.98, 0.99, 0.06], [0.91, 0.27, 1.43], [1.13, 1.13, 1.61], [0.92, 1.51, 0.71], [1.66, 0.64, 0.77], [0.9, 0.37, 1.37]]","[208, 158, 178, 219, 218, 213, 184, 180, 167, 181, 216]",36.5
488,1790252285943244903,307224,101625,20,11,101.6,"[27.5, 28.8, 29.8, 30.7, 32.7, 37.2, 44.2, 47.0, 87.7, 100.7, 101.6]","['NEAR', 'NEAR', 'OUTSIDE', 'NEAR', 'INSIDE', 'INSIDE', 'RAIL', 'INSIDE', 'OUTSIDE', 'OUTSIDE', 'NEAR']","[[0.68, 1.02, 1.0], [0.67, 1.08, 0.74], [0.3, 0.91, 0.79], [0.46, 1.05, 0.81], [2.32, 2.12, 0.2], [1.07, 1.17, 0.08], [0.31, 0.16, 0.2], [1.37, 1.15, 0.08], [4.02, 0.81, 2.08], [1.97, 2.02, 1.26], [1.17, 0.88, 1.52]]","[208, 214, 201, 158, 178, 218, 211, 213, 165, 220, 167]",38.6
489,1790252286039404997,307228,101715,22,13,130.3,"[26.0, 27.5, 33.3, 34.1, 37.8, 47.3, 81.7, 86.5, 93.3, 94.4, 98.3, 120.5, 130.3]","['NEAR', 'OUTSIDE', 'INSIDE', 'INSIDE', 'INSIDE', 'INSIDE', 'INSIDE', 'INSIDE', 'OUTSIDE', 'INSIDE', 'OUTSIDE', 'RAIL', 'OUTSIDE']","[[0.45, 0.92, 0.7], [1.43, 1.75, 1.5], [1.09, 0.57, 0.27], [0.51, 0.83, 0.04], [0.56, 1.18, 0.04], [1.09, 1.32, 0.07], [2.87, 1.66, 2.88], [7.16, 4.29, 3.03], [0.97, 0.47, 1.19], [3.15, 1.43, 0.23], [2.97, 0.63, 0.91], [0.31, 0.28, 0.18], [3.06, 1.85, 1.95]]","[208, 163, 219, 178, 218, 213, 172, 175, 150, 191, 193, 216, 196]",39.7
490,1790252286136456279,307223,102022,27,16,128.7,"[28.0, 28.7, 30.0, 30.5, 30.7, 31.0, 34.1, 39.5, 42.4, 81.7, 90.6, 90.9, 97.9, 101.9, 118.8, 128.7]","['OUTSIDE', 'NEAR', 'OUTSIDE', 'INSIDE', 'NEAR', 'INSIDE', 'INSIDE', 'RAIL', 'INSIDE', 'INSIDE', 'OUTSIDE', 'OUTSIDE', 'OUTSIDE', 'OUTSIDE', 'RAIL', 'OUTSIDE']","[[0.2, 0.87, 0.98], [0.53, 0.98, 0.73], [0.78, 0.89, 1.05], [1.2, 1.77, 0.83], [0.47, 1.14, 1.08], [1.66, 1.27, 0.16], [0.93, 2.1, 0.36], [0.48, 0.19, 0.71], [1.14, 1.18, 0.08], [14.07, 5.17, 3.05], [1.14, 0.47, 1.36], [2.62, 0.42, 1.56], [2.03, 1.06, 0.71], [3.94, 0.55, 1.63], [0.13, 0.27, 0.18], [2.65, 0.66, 1.67]]","[214, 201, 158, 219, 178, 163, 218, 211, 213, 172, 184, 180, 193, 220, 216, 196]",54.3
491,1790252286250025126,307223,102738,31,16,126.8,"[28.0, 30.6, 30.8, 33.5, 33.7, 42.1, 86.6, 87.5, 90.1, 91.3, 93.2, 95.7, 97.0, 99.9, 110.3, 126.8]","['NEAR', 'INSIDE', 'OUTSIDE', 'INSIDE', 'INSIDE', 'INSIDE', 'INSIDE', 'NEAR', 'OUTSIDE', 'OUTSIDE', 'INSIDE', 'INSIDE', 'OUTSIDE', 'OUTSIDE', 'INSIDE', 'OUTSIDE']","[[0.79, 0.92, 0.77], [1.33, 1.89, 0.12], [1.83, 0.96, 0.66], [1.14, 0.67, 0.28], [1.3, 1.52, 0.11], [0.3, 1.03, 0.02], [1.05, 1.54, 0.42], [3.51, 1.26, 2.65], [1.98, 0.33, 0.72], [0.29, 0.36, 1.59], [1.97, 1.13, 0.2], [2.84, 1.61, 2.13], [2.12, 1.56, 1.74], [1.65, 0.29, 0.91], [0.51, 2.29, 0.51], [2.65, 0.21, 1.08]]","[214, 163, 219, 218, 178, 213, 175, 187, 184, 180, 191, 230, 193, 220, 200, 196]",39.5
492,1790252286340638711,307220,93803,22,11,184.4,"[28.2, 30.8, 33.1, 33.3, 33.6, 41.6, 88.2, 96.6, 115.0, 125.9, 184.4]","['NEAR', 'INSIDE', 'OUTSIDE', 'NEAR', 'INSIDE', 'INSIDE', 'INSIDE', 'OUTSIDE', 'RAIL', 'OUTSIDE', 'INSIDE']","[[0.44, 0.92, 0.77], [1.29, 2.4, 0.62], [0.89, 0.82, 0.89], [1.21, 0.65, 0.37], [2.12, 2.04, 0.18], [1.12, 1.58, 0.08], [9.27, 5.03, 2.75], [6.9, 2.4, 2.56], [0.08, 0.26, 0.17], [4.68, 0.86, 1.62], [0.18, 3.22, 0.0]]","[214, 163, 178, 218, 219, 213, 175, 193, 216, 196, 231]",43.1
493,1790252286447177212,307221,101688,25,15,122.8,"[28.7, 29.1, 30.6, 31.6, 32.4, 34.4, 41.6, 87.9, 91.9, 92.5, 96.8, 101.8, 106.8, 113.1, 122.8]","['RAIL', 'OUTSIDE', 'INSIDE', 'OUTSIDE', 'OUTSIDE', 'INSIDE', 'INSIDE', 'INSIDE', 'INSIDE', 'INSIDE', 'OUTSIDE', 'INSIDE', 'INSIDE', 'RAIL', 'OUTSIDE']","[[0.24, 0.07, 0.13], [0.89, 0.61, 0.57], [1.31, 1.89, 0.12], [0.39, 0.6, 0.8], [0.42, 0.71, 0.85], [0.23, 1.08, 0.02], [0.75, 0.87, 0.05], [3.05, 4.03, 2.94], [2.79, 2.68, 0.89], [1.83, 1.45, 2.45], [1.13, 1.01, 2.16], [0.99, 0.53, 0.25], [0.92, 1.27, 0.93], [0.13, 0.26, 0.17], [3.02, 0.49, 1.06]]","[214, 201, 163, 158, 178, 219, 213, 175, 191, 180, 193, 167, 200, 216, 181]",56.0
494,1790252286535391790,307228,101778,19,12,180.6,"[27.1, 28.6, 30.5, 32.0, 33.3, 41.0, 90.4, 91.1, 94.2, 100.0, 121.4, 180.6]","['RAIL', 'NEAR', 'OUTSIDE', 'OUTSIDE', 'INSIDE', 'INSIDE', 'OUTSIDE', 'INSIDE', 'OUTSIDE', 'INSIDE', 'OUTSIDE', 'OUTSIDE']","[[0.74, 0.15, 0.29], [0.52, 0.95, 0.77], [0.54, 0.89, 1.06], [1.24, 0.77, 0.89], [2.16, 2.14, 0.19], [1.16, 1.42, 0.08], [0.21, 2.22, 2.59], [1.55, 2.63, 2.24], [1.63, 0.43, 0.87], [1.12, 1.54, 0.23], [1.98, 0.63, 1.57], [0.01, 0.32, 0.0]]","[214, 201, 158, 178, 219, 213, 184, 180, 150, 167, 181, 231]",38.2
495,1790252286637797266,307223,101783,20,11,178.9,"[25.0, 30.5, 30.6, 33.4, 41.5, 86.0, 98.4, 100.0, 109.1, 123.0, 178.9]","['RAIL', 'OUTSIDE', 'INSIDE', 'INSIDE', 'INSIDE', 'INSIDE', 'NEAR', 'OUTSIDE', 'RAIL', 'OUTSIDE', 'INSIDE']","[[0.54, 0.18, 0.39], [0.57, 0.61, 0.51], [2.24, 2.78, 0.68], [2.19, 1.94, 0.19], [0.88, 1.29, 0.06], [8.96, 5.06, 2.99], [1.36, 1.23, 1.55], [0.99, 0.15, 0.46], [0.46, 0.38, 0.16], [5.0, 0.61, 1.66], [0.12, 0.39, 0.37]]","[214, 163, 158, 219, 213, 175, 167, 220, 200, 181, 231]",44.4
496,1790252286745731145,307223,101749,27,16,117.3,"[27.8, 28.1, 28.3, 30.6, 32.9, 40.9, 81.1, 82.8, 86.9, 87.1, 90.0, 91.4, 95.0, 100.4, 105.9, 117.3]","['NEAR', 'INSIDE', 'NEAR', 'OUTSIDE', 'INSIDE', 'INSIDE', 'INSIDE', 'INSIDE', 'INSIDE', 'INSIDE', 'INSIDE', 'OUTSIDE', 'NEAR', 'INSIDE', 'NEAR', 'OUTSIDE']","[[0.62, 0.81, 0.75], [1.41, 1.92, 0.14], [0.63, 1.05, 1.03], [0.28, 0.8, 0.54], [1.45, 1.59, 0.12], [0.8, 1.28, 0.06], [1.48, 1.58, 0.95], [7.26, 5.15, 2.9], [2.18, 1.88, 2.74], [4.76, 4.27, 2.54], [1.23, 1.8, 0.25], [1.61, 0.91, 1.44], [3.05, 1.15, 1.83], [1.56, 1.35, 0.42], [1.42, 0.48, 0.96], [2.59, 0.61, 1.86]]","[201, 158, 208, 163, 219, 213, 172, 175, 187, 165, 180, 184, 226, 167, 200, 181]",53.3
497,1790252286859841060,307237,101806,24,15,115.4,"[20.3, 32.9, 33.2, 41.6, 43.1, 81.2, 84.1, 88.2, 89.9, 94.2, 94.5, 96.2, 98.9, 105.5, 115.4]","['RAIL', 'OUTSIDE', 'INSIDE', 'INSIDE', 'RAIL', 'OUTSIDE', 'OUTSIDE', 'OUTSIDE', 'INSIDE', 'INSIDE', 'OUTSIDE', 'OUTSIDE', 'OUTSIDE', 'RAIL', 'OUTSIDE']","[[0.25, 0.1, 0.14], [0.84, 0.83, 0.86], [1.18, 1.5, 0.1], [0.26, 0.87, 0.02], [0.35, 0.13, 0.36], [1.0, 0.36, 1.26], [2.77, 1.49, 1.51], [2.69, 1.4, 2.34], [3.53, 1.87, 0.7], [0.99, 0.82, 0.25], [3.05, 0.88, 2.08], [1.04, 0.63, 1.29], [0.19, 0.91, 0.43], [0.15, 0.24, 0.16], [2.62, 0.85, 1.71]]","[214, 178, 219, 213, 211, 175, 172, 165, 180, 191, 226, 193, 220, 200, 181]",42.9
498,1790252286949478768,307230,101808,18,7,114.9,"[30.0, 31.0, 33.4, 41.9, 88.8, 104.1, 114.9]","['OUTSIDE', 'NEAR', 'INSIDE', 'INSIDE', 'INSIDE', 'OUTSIDE', 'OUTSIDE']","[[0.68, 0.88, 1.05], [0.44, 0.81, 0.55], [1.44, 2.06, 0.12], [0.67, 1.31, 0.05], [2.01, 0.96, 0.38], [1.51, 0.22, 0.65], [0.06, 0.23, 0.24]]","[208, 178, 219, 213, 180, 222, 181]",61.9
499,1790252287045827492,307221,101786,18,9,113.0,"[28.6, 30.4, 31.0, 41.5, 86.7, 90.6, 94.9, 94.9, 113.0]","['NEAR', 'OUTSIDE', 'INSIDE', 'INSIDE', 'OUTSIDE', 'NEAR', 'OUTSIDE', 'INSIDE', 'OUTSIDE']","[[1.5, 1.14, 1.08], [1.02, 0.81, 0.55], [0.44, 1.4, 0.04], [0.85, 1.16, 0.06], [1.02, 0.12, 1.13], [1.21, 1.09, 2.25], [1.92, 0.2, 1.29], [1.82, 3.09, 0.68], [0.05, 0.22, 0.24]]","[201, 163, 178, 213, 187, 180, 150, 191, 181]",41.6
500,1790252287142614716,307231,101926,21,12,177.6,"[33.3, 40.5, 85.7, 86.4, 88.7, 92.6, 96.9, 97.0, 99.8, 100.1, 108.8, 177.6]","['INSIDE', 'INSIDE', 'OUTSIDE', 'INSIDE', 'INSIDE', 'INSIDE', 'OUTSIDE', 'OUTSIDE', 'RAIL', 'OUTSIDE', 'OUTSIDE', 'INSIDE']","[[1.22, 1.61, 0.11], [1.17, 1.81, 0.08], [3.1, 0.18, 1.32], [5.32, 4.12, 2.9], [1.25, 1.54, 1.57], [4.97, 4.05, 2.27], [2.23, 0.28, 1.34], [1.39, 0.53, 1.69], [0.21, 0.23, 0.15], [2.04, 0.37, 1.09], [1.68, 0.43, 0.67], [5.14, 3.71, 1.19]]","[219, 213, 187, 165, 180, 184, 193, 230, 167, 220, 181, 231]",45.0
501,1790252287251374688,307234,97913,22,10,178.2,"[30.7, 33.4, 80.5, 84.1, 85.7, 90.5, 95.1, 97.4, 108.1, 178.2]","['INSIDE', 'INSIDE', 'INSIDE', 'INSIDE', 'INSIDE', 'INSIDE', 'NEAR', 'NEAR', 'OUTSIDE', 'OUTSIDE']","[[1.21, 1.38, 0.26], [1.45, 1.84, 0.12], [1.25, 1.52, 1.44], [0.68, 1.06, 0.38], [8.01, 2.36, 2.96], [4.73, 4.47, 1.43], [1.17, 0.98, 1.68], [1.13, 0.72, 2.13], [2.09, 0.98, 1.88], [0.0, 1.31, 0.33]]","[178, 219, 175, 172, 187, 184, 226, 230, 181, 231]",38.8
502,1790252287348103242,307236,102011,24,15,176.2,"[29.2, 29.9, 30.4, 32.7, 33.2, 41.5, 83.6, 86.7, 89.4, 93.2, 94.7, 96.2, 96.4, 105.3, 176.2]","['INSIDE', 'NEAR', 'INSIDE', 'RAIL', 'INSIDE', 'INSIDE', 'RAIL', 'OUTSIDE', 'INSIDE', 'OUTSIDE', 'OUTSIDE', 'OUTSIDE', 'INSIDE', 'OUTSIDE', 'OUTSIDE']","[[0.93, 0.89, 0.09], [0.37, 0.99, 1.08], [1.59, 1.5, 0.87], [0.2, 0.29, 0.27], [2.06, 2.13, 0.18], [0.56, 1.44, 0.04], [1.89, 0.18, 0.75], [3.09, 1.59, 2.3], [2.28, 4.24, 1.4], [2.02, 1.44, 1.24], [2.74, 0.66, 1.8], [1.72, 0.67, 1.71], [2.01, 1.0, 0.06], [4.04, 0.79, 2.32], [0.04, 1.6, 0.32]]","[158, 208, 201, 163, 219, 213, 187, 165, 184, 150, 226, 193, 191, 222, 231]",45.5
503,1790252287453414585,307233,102502,20,14,182.2,"[30.2, 30.3, 85.9, 91.9, 94.0, 94.4, 97.3, 99.3, 102.1, 105.4, 110.0, 159.1, 174.4, 182.2]","['INSIDE', 'NEAR', 'INSIDE', 'OUTSIDE', 'INSIDE', 'OUTSIDE', 'OUTSIDE', 'INSIDE', 'OUTSIDE', 'OUTSIDE', 'OUTSIDE', 'OUTSIDE', 'INSIDE', 'INSIDE']","[[2.15, 2.74, 0.69], [0.35, 0.7, 0.5], [12.82, 5.13, 2.98], [3.18, 1.05, 1.02], [1.26, 1.14, 0.04], [2.09, 0.75, 1.41], [2.02, 0.2, 0.45], [3.98, 1.87, 1.13], [3.63, 0.35, 0.72], [0.06, 0.21, 0.22], [3.22, 0.43, 0.69], [0.71, 2.09, 0.35], [0.13, 3.07, 0.72], [4.83, 4.15, 2.79]]","[178, 208, 165, 150, 191, 226, 193, 167, 220, 222, 181, 243, 231, 234]",51.8
504,1790252287543803792,307221,103431,18,12,157.0,"[30.1, 30.6, 30.6, 32.9, 41.7, 45.8, 86.7, 89.5, 90.6, 96.5, 102.5, 157.0]","['OUTSIDE', 'INSIDE', 'NEAR', 'OUTSIDE', 'INSIDE', 'RAIL', 'OUTSIDE', 'INSIDE', 'NEAR', 'OUTSIDE', 'OUTSIDE', 'OUTSIDE']","[[0.49, 0.71, 0.52], [1.38, 2.05, 0.13], [0.49, 1.1, 1.09], [1.05, 0.63, 0.35], [0.72, 0.87, 0.05], [0.58, 0.25, 0.9], [2.54, 1.53, 2.07], [7.96, 4.22, 1.69], [4.27, 1.26, 2.59], [4.03, 0.3, 1.29], [2.03, 0.75, 1.78], [0.32, 1.65, 0.69]]","[178, 158, 208, 219, 213, 211, 165, 184, 180, 193, 220, 243]",50.0
505,1790252287635413048,307224,101415,26,13,155.1,"[26.4, 30.7, 33.0, 34.1, 41.9, 75.8, 82.0, 88.8, 90.6, 91.3, 95.3, 98.6, 155.1]","['NEAR', 'OUTSIDE', 'NEAR', 'OUTSIDE', 'INSIDE', 'OUTSIDE', 'INSIDE', 'OUTSIDE', 'OUTSIDE', 'INSIDE', 'INSIDE', 'OUTSIDE', 'OUTSIDE']","[[0.34, 0.96, 0.67], [0.31, 1.02, 1.07], [1.15, 1.07, 0.6], [1.21, 0.56, 0.64], [1.07, 1.59, 0.07], [2.12, 1.07, 2.54], [9.15, 5.16, 3.02], [4.07, 0.75, 1.77], [1.94, 2.11, 1.39], [2.26, 1.44, 0.45], [2.38, 1.76, 0.29], [6.02, 0.64, 1.74], [0.3, 1.62, 0.68]]","[201, 208, 219, 158, 213, 175, 172, 180, 150, 184, 191, 193, 243]",51.5
506,1790252287730771131,307228,101844,21,10,153.1,"[27.7, 30.6, 30.6, 33.1, 40.7, 94.0, 98.4, 103.2, 106.2, 153.1]","['NEAR', 'OUTSIDE', 'NEAR', 'INSIDE', 'INSIDE', 'INSIDE', 'OUTSIDE', 'OUTSIDE', 'INSIDE', 'OUTSIDE']","[[0.22, 0.83, 0.73], [0.54, 0.8, 0.54], [0.33, 1.14, 1.04], [0.94, 1.03, 0.31], [2.13, 1.69, 0.15], [1.34, 2.81, 0.47], [2.68, 0.66, 1.28], [0.8, 0.55, 1.82], [1.07, 1.98, 0.46], [0.39, 1.6, 0.67]]","[201, 178, 208, 219, 213, 191, 193, 220, 200, 243]",54.5
507,1790252287852573589,307233,101926,22,12,151.2,"[29.2, 30.9, 33.1, 34.0, 34.4, 41.4, 88.3, 92.9, 95.7, 97.2, 138.4, 151.2]","['NEAR', 'INSIDE', 'INSIDE', 'INSIDE', 'NEAR', 'INSIDE', 'INSIDE', 'NEAR', 'OUTSIDE', 'RAIL', 'INSIDE', 'OUTSIDE']","[[2.1, 1.35, 1.21], [0.66, 1.28, 0.06], [1.11, 0.69, 0.27], [0.93, 1.29, 0.08], [0.43, 0.98, 0.91], [1.55, 1.44, 0.11], [5.5, 3.14, 3.01], [0.53, 0.9, 0.81], [1.45, 0.47, 0.38], [1.07, 0.38, 0.63], [3.29, 4.38, 0.91], [0.39, 1.58, 0.66]]","[208, 178, 219, 241, 158, 213, 180, 184, 193, 230, 237, 243]",51.7
508,1790252287937118561,307243,101748,20,11,149.4,"[31.1, 31.1, 33.7, 42.2, 87.2, 88.7, 94.3, 102.9, 105.3, 135.6, 149.4]","['OUTSIDE', 'INSIDE', 'INSIDE', 'INSIDE', 'INSIDE', 'RAIL', 'OUTSIDE', 'OUTSIDE', 'INSIDE', 'INSIDE', 'OUTSIDE']","[[1.36, 0.88, 0.62], [0.86, 1.5, 0.08], [1.9, 2.18, 0.41], [1.06, 0.89, 0.07], [1.21, 0.96, 0.81], [1.3, 0.18, 0.61], [3.1, 0.96, 1.84], [5.93, 0.92, 1.35], [1.23, 1.96, 0.48], [1.43, 3.75, 0.54], [0.39, 1.95, 0.65]]","[178, 219, 241, 213, 180, 184, 193, 220, 200, 237, 243]",42.8
509,1790252288043753511,307240,101686,23,13,172.9,"[27.7, 28.9, 31.3, 33.0, 34.1, 42.4, 76.2, 88.6, 93.1, 98.5, 100.2, 147.5, 172.9]","['NEAR', 'NEAR', 'INSIDE', 'NEAR', 'INSIDE', 'INSIDE', 'INSIDE', 'INSIDE', 'OUTSIDE', 'OUTSIDE', 'OUTSIDE', 'OUTSIDE', 'INSIDE']","[[0.56, 0.61, 0.5], [0.87, 1.09, 1.04], [1.08, 1.72, 0.1], [1.1, 0.56, 0.27], [0.66, 1.54, 0.06], [0.97, 1.04, 0.07], [0.5, 1.14, 0.69], [1.3, 1.38, 1.02], [2.15, 0.56, 2.02], [1.0, 0.75, 0.88], [2.0, 0.26, 0.87], [0.43, 1.93, 0.64], [0.45, 0.1, 2.27]]","[201, 208, 219, 241, 158, 213, 175, 180, 226, 230, 167, 243, 231]",49.5
510,1790252288140721267,307227,101728,19,12,145.5,"[26.0, 27.3, 29.0, 30.8, 30.9, 42.2, 47.4, 85.4, 93.0, 97.7, 104.2, 145.5]","['INSIDE', 'INSIDE', 'INSIDE', 'NEAR', 'INSIDE', 'INSIDE', 'RAIL', 'INSIDE', 'INSIDE', 'OUTSIDE', 'NEAR', 'OUTSIDE']","[[0.5, 1.48, 0.94], [1.67, 1.29, 0.85], [0.49, 1.41, 0.05], [0.48, 0.68, 0.55], [2.07, 2.9, 0.95], [1.01, 1.46, 0.07], [0.34, 0.2, 0.84], [5.2, 3.95, 2.13], [5.97, 4.52, 2.21], [0.99, 0.36, 0.62], [2.7, 0.77, 1.09], [0.46, 1.9, 0.95]]","[201, 208, 219, 178, 241, 213, 211, 165, 191, 230, 236, 243]",45.3
511,1790252288237306187,307244,101762,20,10,159.1,"[27.0, 33.1, 42.0, 49.6, 88.0, 94.6, 94.7, 101.4, 143.6, 159.1]","['INSIDE', 'NEAR', 'INSIDE', 'RAIL', 'INSIDE', 'NEAR', 'OUTSIDE', 'RAIL', 'OUTSIDE', 'INSIDE']","[[0.09, 1.13, 0.01], [0.98, 0.72, 0.63], [0.56, 1.17, 0.04], [0.48, 0.19, 0.54], [1.94, 1.2, 0.79], [0.6, 0.96, 1.26], [3.21, 0.92, 1.07], [0.02, 0.35, 0.15], [0.37, 1.5, 0.94], [0.12, 3.05, 0.43]]","[208, 158, 213, 211, 180, 226, 193, 220, 243, 248]",64.6
512,1790252288343185504,307234,101668,20,17,163.1,"[31.2, 34.4, 37.6, 42.1, 47.4, 81.0, 85.7, 86.0, 90.2, 92.3, 93.7, 95.1, 99.0, 137.2, 141.9, 157.1, 163.1]","['INSIDE', 'INSIDE', 'INSIDE', 'INSIDE', 'INSIDE', 'OUTSIDE', 'OUTSIDE', 'INSIDE', 'OUTSIDE', 'OUTSIDE', 'OUTSIDE', 'INSIDE', 'INSIDE', 'OUTSIDE', 'OUTSIDE', 'INSIDE', 'OUTSIDE']","[[0.26, 1.19, 0.02], [0.7, 0.84, 0.06], [1.02, 1.55, 0.08], [0.25, 1.03, 0.02], [0.54, 0.99, 0.03], [1.07, 0.17, 1.26], [1.62, 0.83, 1.86], [3.16, 3.2, 2.11], [3.99, 1.8, 2.26], [1.62, 0.48, 1.19], [3.05, 0.43, 0.99], [3.5, 2.68, 0.44], [0.23, 1.23, 0.66], [1.92, 0.51, 2.07], [0.82, 1.87, 0.93], [0.09, 3.29, 0.42], [0.81, 0.32, 2.46]]","[241, 158, 245, 213, 246, 172, 165, 180, 150, 226, 193, 191, 167, 255, 243, 248, 254]",42.9
513,1790252288448846758,307230,101573,23,17,161.6,"[29.8, 30.5, 31.5, 33.1, 33.9, 36.9, 40.7, 42.1, 46.7, 92.1, 92.7, 95.3, 97.6, 109.1, 135.3, 140.0, 161.6]","['INSIDE', 'INSIDE', 'INSIDE', 'NEAR', 'INSIDE', 'OUTSIDE', 'RAIL', 'INSIDE', 'RAIL', 'OUTSIDE', 'INSIDE', 'INSIDE', 'RAIL', 'OUTSIDE', 'OUTSIDE', 'INSIDE', 'RAIL']","[[1.47, 0.49, 0.14], [1.52, 0.72, 0.14], [0.83, 0.77, 0.08], [0.61, 0.73, 0.62], [1.58, 1.63, 0.13], [0.78, 0.79, 0.96], [0.09, 0.21, 0.27], [0.53, 1.03, 0.04], [0.41, 0.28, 0.92], [2.27, 1.79, 2.44], [0.94, 0.83, 0.42], [2.21, 1.96, 0.46], [0.06, 0.34, 0.15], [1.52, 0.25, 0.47], [1.77, 0.51, 2.35], [0.72, 4.03, 2.97], [0.09, 0.58, 0.7]]","[219, 241, 178, 158, 245, 213, 250, 246, 211, 193, 226, 191, 230, 200, 255, 243, 254]",78.9
514,1790252288542607296,307233,101743,21,16,161.0,"[31.0, 33.4, 38.8, 41.4, 80.5, 82.4, 83.0, 87.3, 89.4, 92.2, 94.9, 96.7, 107.2, 133.9, 137.9, 161.0]","['INSIDE', 'INSIDE', 'RAIL', 'INSIDE', 'INSIDE', 'OUTSIDE', 'OUTSIDE', 'OUTSIDE', 'INSIDE', 'INSIDE', 'INSIDE', 'OUTSIDE', 'OUTSIDE', 'OUTSIDE', 'OUTSIDE', 'INSIDE']","[[1.79, 2.69, 1.17], [2.18, 2.42, 0.33], [0.05, 0.21, 0.25], [1.11, 1.58, 0.08], [2.72, 2.99, 2.36], [4.06, 1.15, 2.17], [2.87, 0.94, 2.37], [2.03, 0.32, 1.28], [2.06, 3.19, 0.65], [2.16, 1.42, 1.44], [1.15, 1.15, 0.23], [2.12, 0.4, 1.06], [1.66, 0.54, 0.46], [2.89, 0.52, 2.32], [0.35, 1.8, 0.9], [5.05, 4.31, 3.52]]","[241, 245, 250, 246, 172, 165, 180, 150, 193, 226, 191, 167, 200, 255, 243, 254]",58.8
515,1790252288643634736,307235,101835,21,16,159.2,"[29.3, 30.5, 30.8, 30.9, 33.7, 36.9, 41.1, 44.7, 46.8, 75.8, 86.7, 88.9, 94.1, 105.4, 131.9, 159.2]","['INSIDE', 'NEAR', 'NEAR', 'INSIDE', 'INSIDE', 'RAIL', 'INSIDE', 'RAIL', 'INSIDE', 'INSIDE', 'OUTSIDE', 'INSIDE', 'OUTSIDE', 'OUTSIDE', 'OUTSIDE', 'INSIDE']","[[0.77, 1.08, 0.79], [0.64, 0.67, 0.55], [1.05, 0.58, 0.34], [1.19, 1.8, 0.11], [1.21, 1.62, 0.1], [0.15, 0.29, 0.24], [1.59, 1.41, 0.11], [0.52, 0.23, 1.06], [0.95, 1.46, 0.06], [5.18, 1.93, 2.95], [0.06, 0.19, 0.57], [3.3, 3.75, 1.95], [0.78, 0.39, 1.22], [1.58, 0.53, 0.87], [3.11, 0.6, 2.28], [4.68, 4.28, 3.48]]","[219, 244, 241, 178, 245, 250, 246, 247, 211, 175, 184, 193, 191, 200, 255, 254]",62.6
516,1790252288737642652,307215,102302,21,16,157.7,"[26.5, 30.8, 30.9, 34.3, 35.0, 42.0, 46.7, 89.2, 91.7, 94.3, 94.4, 104.0, 109.4, 130.2, 138.8, 157.7]","['NEAR', 'INSIDE', 'NEAR', 'INSIDE', 'RAIL', 'INSIDE', 'INSIDE', 'INSIDE', 'OUTSIDE', 'OUTSIDE', 'INSIDE', 'OUTSIDE', 'OUTSIDE', 'OUTSIDE', 'INSIDE', 'INSIDE']","[[0.26, 1.05, 0.92], [1.06, 1.7, 0.1], [0.82, 0.77, 0.59], [0.23, 0.96, 0.02], [0.06, 0.27, 0.23], [1.2, 1.17, 0.08], [0.84, 1.46, 0.05], [3.37, 4.25, 2.19], [0.25, 0.62, 1.02], [0.33, 0.28, 1.05], [3.57, 3.18, 2.34], [0.13, 0.22, 0.19], [1.11, 0.4, 1.65], [2.7, 0.58, 2.25], [0.37, 3.6, 0.62], [3.87, 4.02, 3.43]]","[201, 178, 244, 245, 250, 246, 211, 193, 191, 230, 226, 200, 236, 255, 237, 254]",59.6
517,1790252288839864155,307227,102821,21,16,132.3,"[29.4, 33.5, 37.5, 41.6, 46.7, 81.0, 87.1, 88.6, 89.3, 94.3, 101.0, 101.9, 107.4, 121.7, 127.7, 132.3]","['NEAR', 'INSIDE', 'INSIDE', 'INSIDE', 'INSIDE', 'INSIDE', 'OUTSIDE', 'RAIL', 'INSIDE', 'OUTSIDE', 'OUTSIDE', 'OUTSIDE', 'OUTSIDE', 'OUTSIDE', 'OUTSIDE', 'INSIDE']","[[1.24, 1.28, 1.1], [1.63, 1.16, 0.14], [0.4, 1.04, 0.03], [1.12, 1.45, 0.08], [0.89, 1.46, 0.05], [0.83, 0.77, 0.35], [1.05, 0.79, 0.95], [1.39, 0.73, 0.8], [2.38, 2.48, 0.66], [1.28, 0.22, 1.02], [0.53, 0.54, 0.43], [2.25, 0.59, 1.94], [1.08, 0.49, 0.92], [1.72, 1.82, 1.06], [1.54, 0.45, 2.22], [0.75, 3.77, 3.36]]","[219, 245, 213, 246, 211, 172, 150, 191, 193, 226, 220, 167, 236, 233, 255, 243]",43.6
518,1790252288954344865,307203,97436,21,17,175.2,"[31.2, 33.5, 33.7, 37.2, 41.1, 46.9, 80.7, 85.5, 87.9, 89.7, 90.4, 95.4, 107.4, 109.4, 126.2, 155.9, 175.2]","['RAIL', 'INSIDE', 'NEAR', 'INSIDE', 'INSIDE', 'INSIDE', 'INSIDE', 'INSIDE', 'RAIL', 'OUTSIDE', 'INSIDE', 'OUTSIDE', 'RAIL', 'INSIDE', 'OUTSIDE', 'INSIDE', 'OUTSIDE']","[[0.29, 0.32, 0.2], [0.73, 2.06, 0.34], [0.24, 0.97, 0.87], [1.17, 1.53, 0.09], [1.06, 1.56, 0.07], [0.84, 0.82, 0.05], [0.19, 0.93, 0.58], [12.17, 5.19, 3.14], [0.4, 0.65, 0.36], [0.62, 0.27, 1.01], [4.51, 2.54, 2.8], [1.05, 0.37, 1.29], [0.09, 0.25, 0.16], [1.22, 0.38, 0.03], [2.81, 0.5, 2.18], [7.76, 0.25, 0.35], [0.59, 0.34, 0.73]]","[241, 245, 158, 213, 246, 211, 184, 172, 191, 150, 193, 226, 200, 236, 255, 248, 231]",56.4
519,1790252289060110047,307195,101668,15,12,151.8,"[29.3, 37.2, 40.9, 44.2, 46.9, 86.4, 87.4, 89.5, 94.4, 97.5, 124.3, 151.8]","['RAIL', 'INSIDE', 'INSIDE', 'RAIL', 'INSIDE', 'OUTSIDE', 'INSIDE', 'OUTSIDE', 'NEAR', 'OUTSIDE', 'OUTSIDE', 'INSIDE']","[[0.25, 0.3, 0.19], [1.18, 1.3, 0.09], [0.72, 1.28, 0.05], [0.51, 0.25, 1.05], [1.25, 1.29, 0.07], [0.73, 0.78, 1.18], [4.63, 4.13, 2.2], [1.21, 0.33, 1.58], [3.13, 1.41, 2.57], [1.4, 0.37, 0.2], [2.81, 0.49, 2.15], [3.44, 0.45, 1.95]]","[241, 213, 246, 211, 247, 191, 184, 193, 226, 230, 255, 248]",39.8
520,1790252289156556168,307198,101646,24,19,139.3,"[27.3, 27.6, 32.3, 33.9, 36.5, 41.1, 43.3, 49.2, 82.8, 84.1, 88.5, 94.7, 95.1, 101.0, 103.6, 104.4, 112.2, 131.0, 139.3]","['RAIL', 'INSIDE', 'INSIDE', 'INSIDE', 'INSIDE', 'INSIDE', 'RAIL', 'RAIL', 'RAIL', 'INSIDE', 'OUTSIDE', 'OUTSIDE', 'OUTSIDE', 'OUTSIDE', 'RAIL', 'INSIDE', 'INSIDE', 'INSIDE', 'INSIDE']","[[0.24, 0.28, 0.24], [2.31, 2.85, 1.36], [1.24, 1.42, 0.91], [1.12, 1.4, 0.1], [1.61, 2.0, 0.13], [0.99, 1.28, 0.07], [0.36, 0.2, 0.87], [0.75, 0.19, 0.97], [0.37, 0.74, 0.34], [14.2, 5.21, 3.16], [1.26, 0.24, 1.55], [2.47, 1.07, 1.93], [1.04, 0.11, 0.8], [0.34, 0.4, 0.21], [0.09, 0.42, 0.16], [1.11, 0.79, 0.21], [0.38, 1.46, 0.28], [0.23, 3.2, 0.26], [5.02, 3.4, 1.64]]","[241, 208, 158, 245, 213, 246, 211, 247, 165, 172, 193, 230, 226, 167, 220, 200, 236, 243, 237]",40.5
521,1790252289253356255,307183,101727,28,23,137.4,"[25.4, 28.0, 30.3, 33.4, 33.4, 36.9, 40.3, 40.7, 47.3, 80.9, 83.3, 88.4, 89.0, 90.1, 90.4, 94.2, 94.4, 99.7, 102.9, 119.4, 121.3, 129.1, 137.4]","['RAIL', 'NEAR', 'INSIDE', 'INSIDE', 'INSIDE', 'INSIDE', 'RAIL', 'INSIDE', 'RAIL', 'OUTSIDE', 'INSIDE', 'RAIL', 'INSIDE', 'OUTSIDE', 'NEAR', 'OUTSIDE', 'OUTSIDE', 'OUTSIDE', 'INSIDE', 'OUTSIDE', 'RAIL', 'INSIDE', 'INSIDE']","[[0.25, 0.32, 0.28], [0.43, 1.06, 0.99], [1.58, 2.68, 0.9], [0.92, 0.66, 0.29], [1.29, 1.51, 0.11], [0.31, 1.16, 0.02], [0.4, 0.16, 0.53], [2.04, 1.53, 0.14], [0.16, 0.09, 0.28], [2.92, 0.8, 1.64], [13.78, 5.22, 3.15], [1.13, 0.17, 0.74], [1.86, 0.62, 0.06], [1.81, 0.92, 1.99], [2.68, 1.33, 2.63], [2.07, 0.25, 1.3], [4.85, 2.11, 2.86], [1.04, 0.41, 0.86], [2.27, 1.33, 0.21], [0.66, 0.47, 2.29], [1.19, 0.52, 0.53], [0.2, 3.15, 0.26], [4.99, 3.83, 1.62]]","[241, 219, 244, 245, 158, 213, 211, 246, 247, 165, 172, 191, 184, 150, 193, 226, 230, 167, 200, 233, 255, 243, 237]",41.1
522,1790252289369691219,307192,101931,20,15,137.1,"[23.4, 30.2, 33.2, 33.4, 36.7, 41.1, 45.4, 87.7, 91.2, 95.4, 99.3, 100.5, 104.1, 118.4, 137.1]","['RAIL', 'NEAR', 'NEAR', 'INSIDE', 'INSIDE', 'INSIDE', 'RAIL', 'INSIDE', 'OUTSIDE', 'OUTSIDE', 'RAIL', 'INSIDE', 'INSIDE', 'OUTSIDE', 'INSIDE']","[[0.12, 0.31, 0.26], [0.75, 0.66, 0.55], [1.01, 0.96, 0.65], [1.72, 2.29, 0.34], [1.23, 1.66, 0.1], [1.27, 0.71, 0.09], [0.12, 0.18, 0.27], [9.17, 1.86, 3.21], [2.62, 1.27, 2.68], [3.12, 0.72, 2.11], [0.85, 0.66, 0.64], [3.04, 2.97, 0.93], [1.74, 1.74, 1.43], [3.05, 0.66, 2.27], [1.74, 3.57, 0.99]]","[241, 244, 158, 245, 213, 246, 247, 184, 150, 230, 220, 200, 167, 233, 237]",41.0
523,1790252289453593927,307191,101734,30,23,136.2,"[21.6, 28.1, 30.4, 33.4, 37.4, 42.2, 43.3, 73.9, 78.2, 80.9, 81.9, 86.8, 89.4, 89.9, 91.3, 95.1, 96.3, 97.8, 98.6, 106.6, 117.5, 120.7, 136.2]","['RAIL', 'NEAR', 'INSIDE', 'INSIDE', 'INSIDE', 'INSIDE', 'RAIL', 'OUTSIDE', 'RAIL', 'OUTSIDE', 'INSIDE', 'OUTSIDE', 'INSIDE', 'OUTSIDE', 'OUTSIDE', 'OUTSIDE', 'RAIL', 'OUTSIDE', 'INSIDE', 'INSIDE', 'RAIL', 'INSIDE', 'INSIDE']","[[0.26, 0.33, 0.28], [0.31, 0.97, 0.99], [1.83, 2.38, 0.63], [1.14, 1.5, 0.1], [0.97, 1.29, 0.07], [0.48, 1.02, 0.03], [0.45, 0.32, 0.26], [5.0, 1.2, 2.86], [0.52, 0.72, 0.54], [2.37, 1.5, 2.85], [8.14, 2.07, 3.02], [3.04, 0.47, 2.13], [0.76, 1.24, 0.97], [1.61, 0.97, 2.16], [4.09, 0.15, 0.78], [2.0, 0.28, 0.38], [0.09, 0.34, 0.15], [2.19, 0.45, 1.66], [2.92, 1.04, 0.25], [1.09, 2.88, 0.51], [1.1, 0.63, 0.75], [0.78, 3.72, 3.34], [0.38, 3.79, 0.94]]","[241, 219, 178, 245, 213, 246, 247, 175, 172, 165, 180, 184, 193, 150, 226, 230, 220, 200, 167, 236, 233, 252, 237]",45.0
524,1790252289550662087,307135,101636,24,17,122.8,"[19.6, 27.8, 28.1, 30.5, 33.0, 37.5, 41.1, 42.4, 86.0, 87.9, 88.3, 91.6, 94.4, 105.2, 115.5, 118.6, 122.8]","['RAIL', 'NEAR', 'OUTSIDE', 'INSIDE', 'INSIDE', 'INSIDE', 'RAIL', 'INSIDE', 'INSIDE', 'OUTSIDE', 'RAIL', 'OUTSIDE', 'OUTSIDE', 'INSIDE', 'OUTSIDE', 'OUTSIDE', 'INSIDE']","[[0.27, 0.35, 0.26], [0.45, 1.06, 1.01], [1.71, 1.46, 1.39], [1.26, 1.47, 0.12], [2.09, 2.03, 0.18], [0.96, 0.92, 0.08], [0.9, 0.33, 0.25], [0.88, 1.17, 0.06], [1.89, 1.55, 0.23], [1.55, 1.07, 1.19], [2.33, 0.26, 0.98], [3.1, 0.35, 1.18], [2.18, 0.44, 1.63], [1.95, 1.03, 0.27], [1.1, 0.44, 0.57], [0.45, 1.86, 1.3], [1.24, 4.71, 3.53]]","[241, 219, 208, 178, 245, 213, 247, 246, 184, 191, 193, 150, 200, 236, 233, 252, 255]",41.4
525,1790252289649061455,307131,101490,29,22,160.3,"[17.7, 29.8, 30.6, 33.7, 37.4, 39.1, 42.6, 79.0, 85.9, 85.9, 88.1, 89.5, 92.2, 93.9, 94.7, 97.1, 102.8, 113.1, 116.7, 121.3, 132.3, 160.3]","['RAIL', 'INSIDE', 'INSIDE', 'INSIDE', 'INSIDE', 'RAIL', 'INSIDE', 'NEAR', 'OUTSIDE', 'INSIDE', 'OUTSIDE', 'OUTSIDE', 'OUTSIDE', 'RAIL', 'INSIDE', 'OUTSIDE', 'INSIDE', 'RAIL', 'OUTSIDE', 'NEAR', 'INSIDE', 'OUTSIDE']","[[0.18, 0.32, 0.27], [1.41, 0.49, 0.13], [1.35, 1.47, 0.13], [1.25, 1.4, 0.11], [1.52, 1.67, 0.12], [1.12, 0.44, 0.43], [1.82, 1.33, 0.13], [11.04, 1.36, 3.03], [1.48, 1.22, 1.33], [1.45, 1.57, 3.0], [2.26, 0.3, 0.99], [4.03, 0.53, 1.59], [2.02, 0.78, 1.64], [0.12, 0.49, 0.14], [1.37, 1.84, 0.44], [1.13, 0.39, 0.17], [0.98, 1.57, 0.44], [0.08, 0.39, 0.73], [0.45, 1.83, 1.28], [0.03, 1.39, 0.29], [0.26, 3.78, 3.79], [1.96, 1.78, 1.04]]","[241, 244, 178, 245, 213, 247, 246, 180, 191, 184, 150, 193, 230, 220, 200, 167, 236, 233, 252, 255, 243, 254]",50.2
526,1790252289742738993,307080,101560,22,13,135.9,"[15.7, 31.0, 33.0, 33.2, 37.6, 42.2, 91.5, 91.6, 100.9, 111.2, 114.7, 130.4, 135.9]","['RAIL', 'NEAR', 'NEAR', 'INSIDE', 'INSIDE', 'INSIDE', 'OUTSIDE', 'OUTSIDE', 'INSIDE', 'OUTSIDE', 'OUTSIDE', 'INSIDE', 'INSIDE']","[[0.2, 0.32, 0.24], [1.88, 0.94, 1.02], [0.53, 0.83, 0.88], [2.35, 2.05, 0.2], [1.06, 1.55, 0.08], [0.86, 0.59, 0.06], [0.82, 0.66, 1.59], [1.9, 0.16, 1.01], [0.91, 0.71, 0.03], [0.06, 0.41, 0.55], [0.56, 1.8, 1.25], [0.27, 4.57, 3.73], [2.65, 3.76, 3.6]]","[241, 244, 158, 245, 213, 246, 230, 226, 236, 233, 252, 243, 237]",48.6
527,1790252289841800327,307083,101615,21,17,156.5,"[13.9, 31.6, 33.6, 36.9, 41.9, 72.9, 80.6, 84.3, 87.2, 88.2, 90.9, 93.6, 94.5, 98.7, 109.8, 113.0, 156.5]","['RAIL', 'NEAR', 'INSIDE', 'INSIDE', 'INSIDE', 'NEAR', 'NEAR', 'OUTSIDE', 'OUTSIDE', 'OUTSIDE', 'INSIDE', 'OUTSIDE', 'INSIDE', 'INSIDE', 'RAIL', 'OUTSIDE', 'OUTSIDE']","[[0.29, 0.35, 0.27], [0.99, 0.61, 0.57], [1.24, 1.62, 0.11], [1.65, 1.55, 0.13], [1.23, 1.44, 0.08], [6.68, 1.29, 2.86], [6.05, 1.48, 3.02], [0.14, 0.23, 1.85], [3.18, 0.42, 1.68], [3.69, 0.7, 1.68], [3.23, 2.83, 0.69], [2.0, 0.23, 1.24], [1.85, 1.18, 0.69], [0.61, 2.98, 0.44], [1.08, 0.62, 0.7], [0.76, 2.08, 1.24], [2.03, 1.74, 1.02]]","[241, 244, 245, 213, 246, 175, 180, 191, 184, 150, 193, 226, 200, 236, 233, 252, 254]",38.0
528,1790252289941887133,307022,101975,30,22,134.6,"[11.9, 27.6, 28.5, 28.9, 30.3, 30.7, 30.8, 31.4, 38.0, 42.3, 71.7, 78.2, 81.2, 85.4, 86.1, 88.0, 88.1, 91.8, 92.6, 96.9, 111.5, 134.6]","['RAIL', 'INSIDE', 'NEAR', 'NEAR', 'NEAR', 'OUTSIDE', 'INSIDE', 'OUTSIDE', 'INSIDE', 'INSIDE', 'OUTSIDE', 'NEAR', 'OUTSIDE', 'NEAR', 'RAIL', 'OUTSIDE', 'RAIL', 'INSIDE', 'OUTSIDE', 'OUTSIDE', 'INSIDE', 'NEAR']","[[0.28, 0.36, 0.29], [0.54, 1.28, 0.05], [0.83, 0.76, 0.68], [1.63, 1.36, 1.1], [0.46, 1.02, 1.05], [1.01, 0.83, 0.55], [1.26, 1.68, 0.12], [0.38, 0.69, 0.83], [1.4, 1.32, 0.11], [0.62, 1.03, 0.04], [9.48, 1.1, 2.81], [1.17, 1.29, 2.41], [3.13, 0.29, 1.64], [1.39, 1.18, 1.87], [0.08, 0.31, 0.38], [6.05, 1.46, 2.55], [1.17, 0.21, 0.36], [3.05, 1.69, 0.88], [4.15, 0.26, 1.66], [2.9, 0.95, 0.71], [0.28, 1.17, 0.01], [4.0, 1.16, 3.27]]","[241, 208, 219, 178, 244, 245, 158, 213, 247, 246, 175, 180, 165, 184, 150, 191, 193, 200, 226, 167, 252, 237]",50.1
529,1790252290040628270,306843,102464,27,17,132.2,"[10.0, 28.3, 29.7, 30.5, 34.6, 37.8, 42.8, 81.4, 83.7, 89.3, 89.3, 92.2, 94.9, 98.2, 105.4, 122.6, 132.2]","['RAIL', 'NEAR', 'NEAR', 'INSIDE', 'INSIDE', 'INSIDE', 'INSIDE', 'OUTSIDE', 'OUTSIDE', 'INSIDE', 'OUTSIDE', 'OUTSIDE', 'INSIDE', 'OUTSIDE', 'OUTSIDE', 'INSIDE', 'INSIDE']","[[0.25, 0.35, 0.28], [0.49, 0.95, 0.73], [1.02, 1.31, 1.06], [2.13, 1.97, 0.2], [1.08, 0.97, 0.09], [1.42, 1.82, 0.11], [1.01, 1.33, 0.07], [2.16, 1.1, 2.55], [3.92, 0.39, 1.83], [2.0, 0.8, 0.58], [2.99, 0.31, 1.58], [1.08, 0.32, 1.42], [1.07, 3.14, 0.45], [0.77, 1.52, 0.91], [0.07, 0.39, 0.52], [4.22, 4.11, 3.83], [5.03, 4.59, 3.77]]","[241, 178, 244, 158, 247, 246, 211, 172, 165, 200, 193, 226, 167, 236, 233, 255, 243]",48.7
530,1790252290141806597,306595,99043,26,17,151.9,"[8.0, 28.0, 29.5, 30.7, 34.3, 37.2, 42.7, 79.8, 82.8, 88.4, 92.6, 97.6, 101.6, 103.4, 121.8, 137.2, 151.9]","['RAIL', 'INSIDE', 'NEAR', 'INSIDE', 'INSIDE', 'INSIDE', 'INSIDE', 'RAIL', 'OUTSIDE', 'OUTSIDE', 'INSIDE', 'OUTSIDE', 'OUTSIDE', 'OUTSIDE', 'INSIDE', 'INSIDE', 'OUTSIDE']","[[0.26, 0.34, 0.28], [1.73, 2.98, 0.81], [1.15, 1.19, 1.05], [2.06, 1.98, 0.19], [1.67, 1.65, 0.14], [2.45, 1.77, 0.19], [0.72, 1.33, 0.05], [2.12, 0.22, 0.55], [3.98, 0.99, 2.71], [4.9, 0.33, 1.77], [2.15, 3.28, 0.64], [2.04, 0.36, 1.72], [1.94, 0.91, 2.91], [0.04, 0.38, 0.51], [2.06, 4.26, 3.58], [1.87, 3.72, 1.78], [0.96, 1.91, 1.08]]","[241, 208, 244, 158, 247, 246, 211, 180, 165, 193, 167, 236, 256, 233, 255, 237, 254]",47.7
531,1790252290245175067,306190,98429,24,14,120.7,"[6.1, 28.1, 30.0, 31.5, 34.0, 37.9, 42.8, 82.0, 88.9, 89.6, 91.6, 94.2, 102.0, 120.7]","['RAIL', 'OUTSIDE', 'INSIDE', 'INSIDE', 'OUTSIDE', 'INSIDE', 'INSIDE', 'INSIDE', 'OUTSIDE', 'OUTSIDE', 'INSIDE', 'INSIDE', 'RAIL', 'INSIDE']","[[0.27, 0.34, 0.3], [1.25, 1.22, 1.27], [1.54, 1.73, 1.37], [0.9, 1.21, 0.09], [1.03, 0.66, 0.36], [1.16, 1.44, 0.09], [1.47, 1.05, 0.1], [0.77, 0.48, 0.39], [2.0, 0.09, 1.21], [2.05, 0.38, 1.39], [2.0, 0.84, 0.26], [1.1, 0.82, 0.21], [1.08, 0.75, 0.65], [0.33, 3.86, 1.06]]","[241, 178, 244, 158, 247, 246, 211, 165, 193, 150, 167, 220, 256, 255]",53.8
532,1790252290335965894,305008,99390,18,10,131.7,"[4.1, 28.6, 38.4, 43.1, 83.5, 93.3, 94.2, 99.6, 107.8, 131.7]","['RAIL', 'INSIDE', 'INSIDE', 'INSIDE', 'INSIDE', 'OUTSIDE', 'INSIDE', 'OUTSIDE', 'INSIDE', 'RAIL']","[[0.27, 0.35, 0.29], [2.05, 1.75, 0.21], [0.6, 0.81, 0.05], [1.05, 1.2, 0.07], [1.45, 0.49, 0.39], [1.09, 0.23, 1.21], [0.93, 1.01, 0.64], [0.16, 0.42, 0.84], [0.09, 1.36, 0.47], [2.23, 0.22, 0.2]]","[241, 208, 246, 211, 165, 226, 220, 236, 252, 243]",38.7
533,1790252290444420547,305010,99326,20,12,130.9,"[4.1, 29.8, 37.9, 42.7, 80.0, 88.4, 90.3, 95.2, 96.6, 101.7, 122.2, 130.9]","['RAIL', 'NEAR', 'INSIDE', 'INSIDE', 'OUTSIDE', 'INSIDE', 'OUTSIDE', 'OUTSIDE', 'OUTSIDE', 'INSIDE', 'INSIDE', 'INSIDE']","[[0.27, 0.32, 0.28], [1.47, 0.95, 0.88], [1.52, 1.32, 0.12], [0.58, 1.18, 0.04], [13.93, 1.04, 2.89], [0.53, 1.16, 0.81], [0.9, 2.02, 1.2], [0.98, 1.13, 0.65], [2.0, 0.7, 2.31], [1.87, 1.59, 0.06], [3.19, 4.9, 3.36], [3.38, 4.35, 2.87]]","[241, 244, 246, 211, 180, 200, 230, 220, 236, 256, 255, 243]",48.2
534,1790252290548297344,314668,104705,12,6,201.8,"[30.7, 38.0, 38.7, 93.7, 122.6, 201.8]","['INSIDE', 'INSIDE', 'RAIL', 'OUTSIDE', 'INSIDE', 'OUTSIDE']","[[1.95, 1.89, 0.18], [1.51, 1.32, 0.12], [1.37, 0.15, 0.51], [2.97, 0.65, 2.66], [4.75, 4.67, 3.56], [1.41, 1.04, 0.88]]","[158, 246, 211, 226, 255, 267]",49.6
535,1790252290670551786,307265,101575,30,20,200.4,"[28.6, 28.8, 31.3, 32.4, 34.0, 38.8, 42.5, 80.3, 86.5, 87.0, 88.3, 91.1, 92.8, 95.4, 102.2, 119.2, 131.9, 141.3, 154.3, 200.4]","['OUTSIDE', 'NEAR', 'INSIDE', 'INSIDE', 'INSIDE', 'INSIDE', 'RAIL', 'OUTSIDE', 'OUTSIDE', 'OUTSIDE', 'OUTSIDE', 'NEAR', 'OUTSIDE', 'OUTSIDE', 'NEAR', 'OUTSIDE', 'ABOVE', 'ABOVE', 'OUTSIDE', 'INSIDE']","[[0.8, 0.77, 0.73], [0.82, 1.04, 0.97], [1.84, 2.39, 0.59], [1.4, 0.93, 0.64], [1.3, 0.58, 0.28], [0.59, 1.21, 0.05], [0.95, 0.13, 0.19], [7.08, 0.99, 2.92], [1.79, 0.57, 0.75], [3.11, 0.25, 1.29], [2.89, 0.39, 1.14], [2.02, 1.36, 3.2], [2.44, 0.84, 2.69], [1.26, 0.08, 0.65], [0.27, 0.84, 1.6], [0.15, 0.28, 0.83], [2.3, 0.21, 0.34], [2.61, 1.7, 0.99], [3.25, 0.55, 3.0], [2.4, 3.91, 1.14]]","[208, 178, 158, 213, 247, 246, 211, 172, 191, 184, 150, 167, 230, 226, 256, 255, 243, 237, 254, 267]",46.6
536,1790252290765537140,307283,101495,23,15,140.2,"[25.9, 26.9, 28.7, 28.9, 31.4, 33.3, 38.2, 40.4, 83.3, 83.5, 85.0, 89.7, 110.9, 117.2, 140.2]","['NEAR', 'NEAR', 'OUTSIDE', 'INSIDE', 'INSIDE', 'OUTSIDE', 'INSIDE', 'RAIL', 'RAIL', 'OUTSIDE', 'OUTSIDE', 'NEAR', 'ABOVE', 'OUTSIDE', 'ABOVE']","[[0.76, 1.42, 1.15], [0.5, 0.96, 0.71], [0.6, 0.65, 0.51], [2.2, 1.97, 0.24], [2.07, 2.57, 0.43], [0.4, 0.72, 0.88], [1.88, 1.59, 0.15], [0.81, 0.11, 0.18], [1.0, 0.13, 0.53], [6.98, 1.0, 2.75], [2.26, 0.25, 2.04], [3.15, 1.22, 3.2], [0.08, 1.46, 0.49], [0.14, 0.28, 0.81], [0.8, 1.68, 0.93]]","[219, 178, 208, 244, 158, 213, 246, 211, 172, 191, 184, 193, 252, 255, 237]",56.6
537,1790252290844651967,307275,101538,21,13,137.4,"[25.9, 26.9, 28.9, 31.4, 31.9, 33.8, 38.4, 38.9, 82.1, 92.9, 97.9, 115.3, 137.4]","['NEAR', 'NEAR', 'NEAR', 'INSIDE', 'OUTSIDE', 'INSIDE', 'INSIDE', 'RAIL', 'OUTSIDE', 'OUTSIDE', 'OUTSIDE', 'OUTSIDE', 'OUTSIDE']","[[0.45, 0.81, 0.71], [0.56, 0.96, 0.72], [0.56, 0.86, 0.74], [1.5, 1.63, 0.14], [0.32, 0.58, 0.84], [2.42, 2.56, 0.34], [1.18, 1.34, 0.09], [0.9, 0.21, 0.26], [2.07, 0.62, 0.79], [1.49, 1.96, 1.35], [2.03, 0.33, 2.17], [0.16, 0.48, 0.8], [2.63, 1.88, 1.3]]","[219, 178, 244, 158, 213, 247, 246, 211, 191, 167, 236, 255, 237]",40.6
538,1790252290946996623,307264,101377,17,9,113.4,"[28.1, 28.9, 29.7, 31.5, 39.4, 81.7, 91.5, 96.6, 113.4]","['OUTSIDE', 'INSIDE', 'OUTSIDE', 'INSIDE', 'INSIDE', 'OUTSIDE', 'OUTSIDE', 'NEAR', 'OUTSIDE']","[[0.73, 0.75, 0.73], [2.06, 2.79, 0.6], [0.75, 0.67, 0.52], [1.45, 1.94, 0.14], [1.08, 1.23, 0.08], [2.82, 0.7, 2.14], [0.44, 1.91, 1.2], [0.89, 0.98, 1.72], [0.25, 0.47, 0.96]]","[244, 208, 158, 213, 246, 191, 167, 226, 255]",50.6
539,1790252291049967345,307261,101511,19,10,203.7,"[28.2, 28.8, 31.1, 33.9, 35.9, 83.6, 89.0, 97.2, 111.3, 203.7]","['NEAR', 'OUTSIDE', 'INSIDE', 'RAIL', 'INSIDE', 'NEAR', 'OUTSIDE', 'OUTSIDE', 'OUTSIDE', 'INSIDE']","[[0.86, 1.45, 1.46], [0.7, 0.65, 0.53], [2.84, 2.49, 0.37], [1.79, 0.26, 0.37], [0.48, 1.12, 0.04], [5.19, 1.29, 3.21], [1.57, 1.87, 1.28], [1.93, 0.23, 0.19], [0.16, 0.46, 0.75], [1.96, 3.82, 0.39]]","[244, 158, 213, 247, 246, 165, 193, 226, 255, 267]",53.5
540,1790252291140133646,307273,101467,19,12,131.6,"[27.2, 29.1, 30.0, 31.2, 35.3, 87.1, 92.4, 95.0, 103.6, 108.4, 109.4, 131.6]","['NEAR', 'OUTSIDE', 'RAIL', 'OUTSIDE', 'INSIDE', 'OUTSIDE', 'NEAR', 'OUTSIDE', 'OUTSIDE', 'OUTSIDE', 'OUTSIDE', 'INSIDE']","[[0.85, 1.23, 1.17], [0.72, 1.17, 1.27], [1.19, 0.14, 0.33], [0.46, 0.86, 0.81], [1.3, 1.7, 0.11], [2.1, 0.81, 2.31], [0.42, 0.45, 0.39], [1.87, 1.1, 1.05], [1.05, 0.36, 0.23], [0.33, 0.22, 0.25], [0.06, 0.26, 0.45], [2.62, 3.77, 1.16]]","[178, 244, 247, 213, 246, 150, 167, 220, 256, 252, 255, 243]",49.4
541,1790252291237970797,307250,101592,21,15,199.7,"[28.9, 30.7, 30.9, 31.7, 35.3, 39.2, 85.6, 89.3, 90.6, 91.9, 102.0, 107.2, 131.1, 156.7, 199.7]","['NEAR', 'NEAR', 'INSIDE', 'INSIDE', 'INSIDE', 'INSIDE', 'OUTSIDE', 'OUTSIDE', 'OUTSIDE', 'NEAR', 'OUTSIDE', 'OUTSIDE', 'INSIDE', 'OUTSIDE', 'INSIDE']","[[0.69, 0.99, 0.73], [0.27, 1.04, 0.53], [1.35, 0.5, 0.13], [1.05, 1.22, 0.1], [0.98, 1.46, 0.08], [1.11, 1.49, 0.09], [0.39, 1.79, 1.12], [0.24, 0.37, 1.22], [0.95, 0.56, 0.4], [4.46, 1.15, 2.03], [1.67, 1.28, 1.61], [0.8, 0.39, 0.74], [1.78, 4.01, 1.14], [1.34, 0.46, 1.32], [1.82, 3.78, 0.41]]","[244, 158, 213, 208, 246, 263, 184, 150, 230, 167, 256, 255, 243, 254, 267]",39.5
542,1790252291342478248,307261,101687,16,10,126.2,"[28.4, 29.1, 31.7, 36.2, 39.6, 83.1, 87.4, 99.7, 105.8, 126.2]","['OUTSIDE', 'INSIDE', 'INSIDE', 'INSIDE', 'INSIDE', 'OUTSIDE', 'OUTSIDE', 'OUTSIDE', 'OUTSIDE', 'INSIDE']","[[0.56, 0.76, 0.73], [1.97, 1.79, 0.2], [2.17, 2.9, 0.68], [0.24, 1.13, 0.02], [1.0, 1.5, 0.08], [0.31, 0.33, 1.06], [2.03, 0.83, 1.93], [1.03, 0.56, 0.42], [0.69, 0.5, 0.89], [4.42, 3.55, 3.93]]","[244, 213, 208, 246, 263, 172, 200, 256, 255, 243]",40.1
543,1790252291452178008,307264,102116,19,15,203.3,"[26.6, 29.0, 29.6, 31.8, 32.5, 35.6, 79.3, 80.3, 84.8, 84.9, 88.0, 103.6, 124.3, 155.3, 203.3]","['INSIDE', 'INSIDE', 'NEAR', 'INSIDE', 'INSIDE', 'INSIDE', 'INSIDE', 'OUTSIDE', 'OUTSIDE', 'OUTSIDE', 'OUTSIDE', 'OUTSIDE', 'INSIDE', 'INSIDE', 'OUTSIDE']","[[1.47, 2.0, 0.24], [2.32, 2.78, 0.69], [0.98, 1.06, 0.83], [1.49, 0.88, 0.35], [1.39, 1.24, 0.13], [1.1, 1.59, 0.09], [2.01, 1.11, 0.09], [3.16, 1.7, 2.48], [2.81, 0.31, 1.31], [1.01, 0.16, 0.77], [2.91, 0.85, 1.71], [0.29, 0.62, 0.87], [4.36, 3.75, 3.69], [3.85, 4.29, 3.88], [3.8, 0.46, 2.16]]","[178, 213, 274, 208, 158, 246, 191, 165, 172, 184, 200, 255, 243, 254, 267]",46.1
544,1790252291547818317,307242,103431,22,12,202.2,"[28.6, 31.8, 32.7, 34.4, 39.2, 78.3, 88.9, 95.2, 101.0, 136.3, 150.8, 202.2]","['OUTSIDE', 'INSIDE', 'NEAR', 'INSIDE', 'INSIDE', 'INSIDE', 'NEAR', 'OUTSIDE', 'OUTSIDE', 'INSIDE', 'OUTSIDE', 'ABOVE']","[[0.94, 1.08, 1.23], [1.67, 2.1, 0.36], [1.35, 0.91, 0.67], [2.32, 2.12, 0.2], [0.62, 1.36, 0.05], [2.15, 1.36, 0.09], [2.89, 0.95, 1.77], [0.16, 0.48, 0.42], [1.35, 0.66, 0.7], [2.36, 4.02, 3.67], [1.32, 0.6, 2.23], [2.02, 1.78, 2.16]]","[244, 208, 158, 246, 263, 191, 200, 220, 255, 237, 254, 267]",58.1
545,1790252291638400827,307228,101555,20,15,200.3,"[30.5, 31.9, 32.4, 33.2, 35.4, 39.2, 78.0, 82.5, 93.8, 96.3, 98.6, 99.7, 105.1, 123.3, 200.3]","['OUTSIDE', 'INSIDE', 'OUTSIDE', 'NEAR', 'INSIDE', 'INSIDE', 'INSIDE', 'OUTSIDE', 'OUTSIDE', 'OUTSIDE', 'OUTSIDE', 'OUTSIDE', 'OUTSIDE', 'INSIDE', 'ABOVE']","[[0.38, 0.63, 0.8], [1.44, 1.96, 0.14], [0.45, 0.9, 0.83], [0.28, 0.86, 0.58], [0.54, 0.86, 0.05], [0.66, 1.23, 0.05], [1.21, 1.08, 0.05], [4.13, 0.63, 1.55], [1.06, 0.64, 0.6], [1.96, 0.38, 2.28], [0.57, 0.34, 0.43], [0.34, 0.63, 1.74], [0.33, 0.84, 0.47], [6.04, 4.54, 3.76], [2.02, 1.76, 2.14]]","[274, 208, 158, 246, 263, 211, 191, 165, 220, 236, 256, 255, 252, 243, 267]",47.1
546,1790252291743499797,307250,101590,19,13,122.6,"[28.5, 29.1, 31.2, 31.8, 34.9, 39.8, 80.8, 82.9, 85.9, 92.3, 96.1, 97.8, 122.6]","['NEAR', 'INSIDE', 'OUTSIDE', 'INSIDE', 'INSIDE', 'INSIDE', 'OUTSIDE', 'OUTSIDE', 'OUTSIDE', 'OUTSIDE', 'OUTSIDE', 'OUTSIDE', 'INSIDE']","[[1.12, 1.38, 1.25], [2.45, 2.97, 1.16], [0.51, 0.74, 0.81], [1.49, 1.65, 0.14], [1.83, 2.5, 0.37], [1.11, 1.51, 0.09], [2.45, 0.71, 1.66], [2.99, 0.73, 2.37], [4.8, 0.86, 1.8], [2.01, 1.11, 2.01], [1.45, 0.35, 0.48], [0.21, 0.58, 0.82], [4.16, 4.26, 1.34]]","[244, 213, 274, 208, 263, 211, 165, 172, 184, 220, 236, 255, 264]",39.7
547,1790252291861842655,307248,101539,21,18,200.0,"[27.3, 28.5, 28.7, 29.2, 33.4, 34.3, 39.6, 82.2, 87.2, 87.4, 89.0, 91.7, 92.8, 96.5, 101.3, 128.8, 145.6, 200.0]","['NEAR', 'OUTSIDE', 'INSIDE', 'OUTSIDE', 'OUTSIDE', 'INSIDE', 'INSIDE', 'OUTSIDE', 'OUTSIDE', 'NEAR', 'RAIL', 'OUTSIDE', 'OUTSIDE', 'OUTSIDE', 'OUTSIDE', 'INSIDE', 'OUTSIDE', 'INSIDE']","[[0.25, 0.8, 0.69], [0.71, 0.87, 1.01], [1.45, 2.97, 0.81], [0.98, 1.16, 1.33], [0.41, 0.73, 0.88], [2.09, 1.53, 0.41], [0.49, 1.1, 0.04], [6.58, 0.68, 1.56], [1.96, 0.52, 1.52], [1.1, 0.91, 1.56], [1.28, 0.27, 0.36], [1.08, 0.43, 1.63], [6.41, 1.03, 1.07], [1.64, 0.73, 1.69], [0.1, 1.04, 0.66], [7.28, 4.38, 3.7], [0.09, 0.51, 0.59], [0.09, 0.2, 0.94]]","[244, 213, 178, 274, 246, 263, 211, 165, 150, 184, 230, 220, 167, 255, 256, 243, 254, 267]",43.7
548,1790252291942185831,307262,101509,19,13,198.0,"[28.8, 34.9, 39.8, 76.8, 82.1, 83.4, 86.9, 91.4, 92.2, 93.8, 127.9, 143.6, 198.0]","['OUTSIDE', 'INSIDE', 'INSIDE', 'OUTSIDE', 'OUTSIDE', 'OUTSIDE', 'NEAR', 'OUTSIDE', 'OUTSIDE', 'OUTSIDE', 'INSIDE', 'OUTSIDE', 'INSIDE']","[[1.14, 1.16, 1.29], [1.05, 1.21, 0.09], [1.14, 0.97, 0.09], [1.8, 0.56, 1.39], [1.02, 0.37, 0.59], [2.06, 0.31, 0.95], [2.97, 0.48, 0.47], [0.08, 0.31, 1.19], [1.55, 0.76, 1.0], [0.22, 0.7, 1.64], [3.45, 4.33, 3.46], [0.08, 0.28, 0.59], [0.05, 0.2, 0.93]]","[213, 263, 211, 191, 165, 172, 184, 220, 167, 255, 243, 254, 267]",49.5
549,1790252292037908805,307256,101720,17,11,171.7,"[29.9, 31.1, 31.1, 31.8, 35.7, 40.6, 80.0, 89.8, 92.0, 125.4, 171.7]","['OUTSIDE', 'OUTSIDE', 'INSIDE', 'INSIDE', 'INSIDE', 'INSIDE', 'OUTSIDE', 'OUTSIDE', 'OUTSIDE', 'INSIDE', 'INSIDE']","[[1.05, 0.76, 1.08], [0.46, 0.83, 0.84], [1.53, 0.5, 0.14], [1.35, 1.44, 0.13], [1.42, 1.47, 0.12], [1.11, 0.85, 0.09], [2.86, 0.69, 1.67], [4.18, 0.72, 1.67], [2.85, 0.84, 1.4], [6.27, 4.36, 3.86], [5.02, 4.09, 3.19]]","[274, 158, 208, 246, 263, 211, 165, 200, 220, 243, 275]",61.8
550,1790252292133684419,307223,102219,21,14,194.1,"[31.4, 31.6, 35.6, 40.5, 72.7, 77.4, 88.3, 90.6, 92.5, 93.1, 98.4, 125.3, 139.7, 194.1]","['NEAR', 'INSIDE', 'INSIDE', 'INSIDE', 'NEAR', 'OUTSIDE', 'OUTSIDE', 'OUTSIDE', 'OUTSIDE', 'NEAR', 'OUTSIDE', 'OUTSIDE', 'OUTSIDE', 'INSIDE']","[[0.43, 0.88, 0.8], [2.08, 1.93, 0.2], [1.04, 1.35, 0.09], [0.78, 1.12, 0.06], [4.0, 1.44, 1.89], [2.53, 0.68, 1.36], [1.5, 0.44, 0.62], [1.58, 0.78, 1.59], [1.24, 0.59, 0.44], [2.41, 1.05, 1.04], [2.13, 0.32, 1.55], [4.01, 0.1, 2.0], [0.08, 0.28, 0.57], [0.14, 0.42, 0.91]]","[158, 246, 263, 211, 191, 165, 150, 220, 167, 200, 236, 243, 254, 267]",43.8
551,1790252292246937416,307230,94745,21,14,192.1,"[29.0, 29.6, 31.3, 31.5, 33.5, 35.9, 70.8, 76.6, 88.1, 90.6, 92.5, 122.5, 137.1, 192.1]","['INSIDE', 'NEAR', 'NEAR', 'INSIDE', 'NEAR', 'INSIDE', 'NEAR', 'OUTSIDE', 'OUTSIDE', 'OUTSIDE', 'OUTSIDE', 'INSIDE', 'OUTSIDE', 'INSIDE']","[[1.07, 1.4, 0.11], [0.78, 0.99, 0.78], [0.43, 0.87, 0.81], [2.1, 1.64, 0.2], [0.34, 1.15, 0.88], [1.38, 1.0, 0.12], [3.47, 1.5, 1.94], [1.8, 0.66, 1.41], [1.02, 0.76, 1.76], [2.31, 0.43, 0.19], [2.17, 0.95, 2.94], [2.3, 4.31, 3.73], [1.32, 0.54, 2.03], [0.17, 0.46, 0.78]]","[178, 274, 158, 246, 263, 211, 191, 165, 230, 220, 255, 264, 237, 267]",36.0
552,1790252292346025119,307249,101134,15,11,190.2,"[27.6, 32.0, 32.7, 32.8, 36.7, 80.2, 86.7, 91.9, 132.7, 139.5, 190.2]","['OUTSIDE', 'INSIDE', 'NEAR', 'INSIDE', 'INSIDE', 'OUTSIDE', 'OUTSIDE', 'OUTSIDE', 'INSIDE', 'INSIDE', 'INSIDE']","[[0.56, 0.75, 0.49], [1.21, 1.12, 0.32], [0.37, 1.0, 0.87], [0.69, 0.8, 0.07], [0.56, 1.15, 0.05], [1.06, 0.85, 1.44], [1.64, 0.82, 1.53], [2.82, 1.1, 2.01], [6.24, 4.41, 3.4], [0.17, 3.85, 3.79], [0.09, 0.44, 0.89]]","[178, 208, 263, 246, 211, 165, 230, 255, 237, 254, 267]",41.1
553,1790252292434404221,307243,101099,12,9,188.2,"[32.7, 36.3, 66.5, 91.5, 106.7, 129.7, 137.5, 163.1, 188.2]","['INSIDE', 'INSIDE', 'OUTSIDE', 'NEAR', 'OUTSIDE', 'INSIDE', 'INSIDE', 'OUTSIDE', 'INSIDE']","[[1.49, 2.11, 0.42], [2.05, 1.85, 0.4], [2.56, 1.05, 1.79], [0.34, 1.17, 1.45], [0.28, 1.87, 1.18], [8.48, 4.51, 3.68], [0.13, 3.79, 3.74], [3.32, 0.91, 1.05], [0.14, 0.41, 0.88]]","[246, 211, 191, 200, 252, 237, 254, 273, 267]",50.5
554,1790252292540371699,307237,100974,23,17,161.3,"[29.9, 30.0, 32.6, 36.6, 40.1, 81.8, 82.4, 85.3, 89.1, 89.2, 92.7, 93.6, 101.1, 104.2, 130.0, 136.6, 161.3]","['INSIDE', 'NEAR', 'INSIDE', 'INSIDE', 'INSIDE', 'NEAR', 'OUTSIDE', 'NEAR', 'INSIDE', 'OUTSIDE', 'OUTSIDE', 'INSIDE', 'OUTSIDE', 'OUTSIDE', 'OUTSIDE', 'INSIDE', 'OUTSIDE']","[[0.71, 0.94, 0.07], [1.13, 1.06, 0.99], [2.09, 2.51, 0.73], [0.85, 1.27, 0.07], [1.04, 1.25, 0.08], [0.43, 0.45, 0.52], [2.72, 0.77, 1.46], [1.41, 0.68, 0.75], [0.94, 0.8, 0.58], [3.07, 1.21, 2.6], [1.52, 0.66, 1.66], [3.69, 1.28, 1.62], [1.0, 0.26, 0.24], [1.38, 1.84, 1.15], [3.75, 0.46, 2.32], [7.93, 3.02, 3.89], [3.01, 1.27, 0.71]]","[274, 158, 246, 211, 270, 165, 172, 184, 200, 150, 167, 255, 256, 252, 237, 254, 273]",35.0
555,1790252292643132681,307235,101122,20,15,159.2,"[29.3, 29.6, 32.6, 33.6, 36.6, 40.5, 64.4, 80.3, 86.1, 86.6, 92.1, 98.1, 125.6, 134.7, 159.2]","['OUTSIDE', 'INSIDE', 'INSIDE', 'INSIDE', 'INSIDE', 'INSIDE', 'OUTSIDE', 'OUTSIDE', 'OUTSIDE', 'OUTSIDE', 'NEAR', 'OUTSIDE', 'INSIDE', 'INSIDE', 'RAIL']","[[0.64, 1.16, 1.31], [2.05, 2.52, 0.69], [0.93, 0.86, 0.36], [0.22, 0.94, 0.02], [0.55, 1.14, 0.05], [0.38, 0.99, 0.03], [5.31, 0.93, 1.54], [1.37, 0.52, 0.69], [2.12, 0.49, 1.71], [2.99, 0.33, 0.29], [1.37, 1.05, 1.04], [0.98, 0.64, 1.29], [8.53, 3.87, 3.8], [7.93, 4.04, 3.83], [3.31, 1.25, 0.83]]","[213, 274, 246, 208, 211, 270, 191, 165, 230, 150, 255, 236, 243, 254, 273]",45.4
556,1790252292755818856,307217,101074,26,19,158.2,"[28.5, 29.7, 30.6, 33.0, 33.1, 35.8, 40.0, 64.2, 79.7, 84.9, 88.2, 89.1, 95.6, 98.6, 98.6, 100.6, 125.7, 132.6, 158.2]","['NEAR', 'NEAR', 'OUTSIDE', 'INSIDE', 'NEAR', 'INSIDE', 'INSIDE', 'OUTSIDE', 'OUTSIDE', 'NEAR', 'NEAR', 'OUTSIDE', 'OUTSIDE', 'OUTSIDE', 'INSIDE', 'NEAR', 'OUTSIDE', 'INSIDE', 'INSIDE']","[[0.48, 1.25, 0.99], [0.35, 1.02, 1.05], [0.56, 0.72, 0.82], [1.09, 2.47, 0.64], [1.15, 0.82, 0.65], [1.2, 2.56, 0.68], [1.49, 1.51, 0.12], [7.57, 1.12, 1.73], [5.99, 0.78, 1.29], [2.37, 0.92, 1.14], [1.02, 0.63, 0.82], [2.86, 1.03, 0.98], [3.95, 1.52, 2.21], [1.95, 0.3, 0.89], [2.05, 0.95, 0.43], [2.03, 1.47, 0.51], [4.42, 0.67, 2.44], [2.11, 3.55, 3.77], [4.56, 4.48, 2.64]]","[213, 158, 263, 208, 246, 211, 270, 191, 165, 184, 200, 220, 167, 236, 256, 252, 243, 254, 273]",60.5
557,1790252292861380863,307223,100978,19,12,130.3,"[30.9, 32.8, 33.6, 35.4, 39.9, 83.8, 88.8, 93.6, 94.2, 97.1, 103.2, 130.3]","['OUTSIDE', 'INSIDE', 'INSIDE', 'INSIDE', 'INSIDE', 'NEAR', 'OUTSIDE', 'OUTSIDE', 'INSIDE', 'OUTSIDE', 'NEAR', 'INSIDE']","[[1.17, 0.69, 0.85], [0.66, 1.36, 0.06], [0.63, 0.87, 0.6], [1.61, 1.59, 0.14], [0.32, 1.25, 0.02], [3.92, 0.65, 0.77], [2.25, 0.86, 0.98], [3.89, 1.51, 2.76], [4.72, 1.51, 1.19], [1.01, 0.49, 2.12], [0.95, 0.72, 0.91], [2.8, 3.84, 3.72]]","[263, 208, 246, 211, 270, 184, 220, 167, 255, 236, 252, 254]",64.4
558,1790252292943511983,307162,100959,20,16,141.4,"[27.7, 30.8, 32.3, 35.4, 35.9, 39.6, 81.7, 85.2, 85.7, 91.4, 93.2, 95.1, 101.2, 122.1, 129.0, 141.4]","['NEAR', 'OUTSIDE', 'INSIDE', 'NEAR', 'INSIDE', 'INSIDE', 'NEAR', 'OUTSIDE', 'OUTSIDE', 'NEAR', 'OUTSIDE', 'INSIDE', 'INSIDE', 'OUTSIDE', 'INSIDE', 'INSIDE']","[[0.31, 0.88, 0.74], [0.47, 0.72, 0.83], [1.17, 1.88, 0.11], [0.61, 0.99, 0.96], [0.47, 1.25, 0.04], [0.5, 0.97, 0.04], [3.95, 0.84, 1.17], [1.97, 0.87, 0.59], [4.96, 0.24, 2.1], [1.2, 0.53, 0.58], [1.03, 0.94, 0.64], [1.06, 0.75, 0.42], [1.02, 1.07, 0.93], [3.69, 0.3, 2.37], [2.61, 2.92, 3.66], [13.48, 4.83, 3.87]]","[213, 263, 208, 211, 246, 270, 165, 150, 230, 255, 167, 256, 252, 264, 254, 278]",65.4
559,1790252293035530125,307159,100914,22,13,140.6,"[29.1, 31.7, 32.1, 35.9, 39.3, 77.0, 82.7, 86.7, 90.6, 90.7, 93.7, 124.8, 140.6]","['NEAR', 'OUTSIDE', 'INSIDE', 'INSIDE', 'INSIDE', 'OUTSIDE', 'NEAR', 'OUTSIDE', 'OUTSIDE', 'INSIDE', 'OUTSIDE', 'INSIDE', 'INSIDE']","[[1.28, 1.06, 1.1], [0.41, 1.04, 1.12], [1.45, 2.3, 0.63], [0.34, 1.25, 0.03], [1.07, 1.37, 0.08], [1.91, 0.74, 0.83], [4.07, 0.99, 1.17], [5.86, 1.27, 1.98], [2.07, 0.52, 1.85], [2.31, 0.88, 0.78], [3.99, 1.78, 1.26], [8.14, 4.98, 3.6], [11.15, 4.76, 3.81]]","[158, 263, 208, 246, 270, 165, 184, 150, 220, 255, 167, 243, 278]",41.4
560,1790252293145126520,307150,101105,26,16,189.6,"[28.8, 31.8, 35.2, 37.8, 40.0, 77.8, 82.5, 86.2, 87.7, 88.3, 91.8, 99.4, 119.9, 126.1, 138.6, 189.6]","['OUTSIDE', 'INSIDE', 'INSIDE', 'INSIDE', 'INSIDE', 'NEAR', 'OUTSIDE', 'NEAR', 'RAIL', 'OUTSIDE', 'OUTSIDE', 'INSIDE', 'RAIL', 'INSIDE', 'INSIDE', 'INSIDE']","[[0.37, 0.74, 0.76], [2.1, 1.54, 0.2], [1.24, 1.7, 0.11], [0.19, 1.19, 0.01], [0.67, 0.97, 0.05], [7.97, 0.9, 1.05], [3.61, 0.94, 2.52], [1.48, 0.99, 0.93], [0.72, 0.34, 0.36], [4.03, 1.2, 2.08], [3.92, 2.21, 2.52], [4.25, 1.36, 1.17], [0.22, 0.48, 0.77], [5.17, 4.77, 3.01], [11.13, 4.63, 3.43], [0.13, 3.57, 0.35]]","[178, 208, 246, 270, 283, 165, 172, 200, 150, 230, 220, 252, 264, 243, 278, 267]",51.3
561,1790252293239418404,307106,101385,17,12,187.7,"[31.0, 31.1, 32.2, 35.3, 39.7, 75.4, 81.2, 84.0, 90.8, 118.0, 123.3, 187.7]","['NEAR', 'OUTSIDE', 'INSIDE', 'INSIDE', 'INSIDE', 'INSIDE', 'NEAR', 'OUTSIDE', 'INSIDE', 'RAIL', 'INSIDE', 'INSIDE']","[[0.43, 0.92, 0.56], [0.3, 0.92, 1.08], [0.62, 1.56, 0.06], [1.12, 1.58, 0.1], [0.49, 1.25, 0.04], [1.12, 1.06, 0.05], [2.69, 0.38, 0.34], [2.35, 1.09, 1.9], [9.83, 4.74, 3.58], [0.37, 0.61, 0.76], [3.37, 3.85, 2.96], [0.08, 3.53, 0.34]]","[274, 263, 208, 246, 283, 165, 184, 172, 220, 264, 243, 267]",52.8
562,1790252293339151194,307138,101971,22,17,185.7,"[28.0, 29.2, 31.3, 32.2, 39.9, 44.3, 61.9, 80.8, 81.2, 84.3, 86.3, 91.8, 94.2, 95.2, 100.7, 116.0, 185.7]","['INSIDE', 'NEAR', 'NEAR', 'INSIDE', 'INSIDE', 'INSIDE', 'INSIDE', 'OUTSIDE', 'NEAR', 'RAIL', 'OUTSIDE', 'OUTSIDE', 'INSIDE', 'OUTSIDE', 'INSIDE', 'RAIL', 'INSIDE']","[[0.63, 0.56, 0.3], [1.59, 1.27, 0.79], [0.89, 0.87, 0.82], [0.6, 1.56, 0.06], [0.13, 0.97, 0.01], [1.11, 1.53, 0.08], [2.23, 1.29, 0.12], [4.15, 0.93, 1.57], [4.8, 0.77, 0.79], [0.83, 0.3, 0.34], [6.83, 1.2, 2.35], [1.95, 0.81, 0.57], [3.0, 0.72, 0.22], [2.92, 1.79, 1.3], [2.52, 0.89, 0.68], [0.22, 0.61, 0.75], [0.1, 3.5, 0.34]]","[213, 178, 263, 208, 283, 280, 191, 172, 184, 150, 230, 167, 256, 236, 252, 264, 267]",62.2
563,1790252293441329754,307096,100906,25,15,183.7,"[28.6, 29.8, 34.0, 35.3, 38.8, 60.4, 79.3, 88.2, 88.3, 98.9, 113.4, 118.3, 129.9, 137.0, 183.7]","['INSIDE', 'NEAR', 'OUTSIDE', 'INSIDE', 'INSIDE', 'INSIDE', 'NEAR', 'INSIDE', 'OUTSIDE', 'INSIDE', 'OUTSIDE', 'INSIDE', 'INSIDE', 'INSIDE', 'INSIDE']","[[1.26, 1.05, 0.69], [0.9, 1.24, 1.06], [0.22, 0.86, 0.89], [1.2, 1.58, 0.1], [1.93, 1.35, 0.15], [2.83, 1.65, 0.15], [4.89, 0.67, 0.61], [1.23, 0.45, 0.34], [6.88, 2.07, 1.92], [2.17, 0.85, 0.87], [1.09, 1.37, 1.55], [1.09, 1.79, 0.58], [5.7, 4.28, 3.35], [1.84, 4.07, 0.93], [0.07, 3.53, 0.0]]","[213, 158, 211, 246, 283, 191, 184, 200, 230, 252, 264, 243, 254, 278, 267]",41.7
564,1790252293534991074,307071,100785,28,20,181.7,"[29.0, 29.2, 30.5, 31.4, 32.3, 34.0, 35.1, 35.2, 39.2, 44.0, 79.5, 82.8, 90.8, 95.6, 100.0, 111.1, 116.8, 131.4, 166.5, 181.7]","['INSIDE', 'OUTSIDE', 'OUTSIDE', 'NEAR', 'INSIDE', 'OUTSIDE', 'INSIDE', 'NEAR', 'INSIDE', 'INSIDE', 'NEAR', 'INSIDE', 'INSIDE', 'NEAR', 'RAIL', 'OUTSIDE', 'INSIDE', 'INSIDE', 'INSIDE', 'INSIDE']","[[0.75, 1.61, 0.08], [2.33, 1.46, 1.18], [1.11, 0.59, 0.36], [1.98, 1.22, 1.21], [1.42, 1.12, 0.14], [0.27, 0.85, 0.9], [1.11, 1.57, 0.1], [0.68, 0.7, 0.34], [0.55, 1.22, 0.04], [0.53, 0.92, 0.04], [2.04, 0.6, 0.75], [2.15, 0.65, 0.37], [3.84, 4.01, 2.24], [0.42, 0.83, 0.64], [2.16, 0.11, 0.65], [0.4, 0.45, 0.98], [1.66, 1.51, 0.26], [11.05, 4.47, 3.3], [0.13, 0.38, 1.07], [0.03, 3.49, 0.0]]","[178, 274, 208, 158, 263, 211, 246, 270, 283, 280, 184, 172, 220, 256, 252, 264, 243, 254, 285, 267]",47.2
565,1790252293635037291,307031,100778,32,20,179.4,"[27.1, 27.4, 29.0, 29.4, 31.2, 31.9, 32.1, 34.7, 38.8, 44.9, 73.5, 86.8, 87.2, 89.3, 101.4, 108.8, 113.9, 135.3, 164.5, 179.4]","['INSIDE', 'INSIDE', 'NEAR', 'INSIDE', 'OUTSIDE', 'INSIDE', 'NEAR', 'INSIDE', 'INSIDE', 'INSIDE', 'INSIDE', 'OUTSIDE', 'RAIL', 'INSIDE', 'INSIDE', 'OUTSIDE', 'NEAR', 'INSIDE', 'INSIDE', 'INSIDE']","[[0.29, 1.5, 0.03], [1.25, 1.0, 0.59], [0.7, 0.84, 0.8], [1.1, 1.44, 0.11], [0.63, 0.87, 0.53], [0.86, 1.56, 0.08], [2.89, 1.22, 1.3], [1.59, 1.55, 0.14], [0.52, 1.35, 0.04], [0.43, 1.1, 0.03], [1.28, 1.03, 0.06], [2.04, 0.33, 2.14], [1.66, 0.16, 0.6], [4.97, 4.84, 3.45], [1.07, 2.55, 0.44], [0.66, 0.66, 0.96], [0.14, 1.3, 0.28], [12.95, 4.43, 3.51], [0.06, 0.3, 1.06], [0.84, 4.04, 0.42]]","[178, 213, 158, 274, 208, 263, 211, 246, 283, 280, 165, 230, 200, 220, 252, 264, 243, 278, 285, 267]",43.0
566,1790252293751919187,306964,100646,24,17,177.4,"[29.2, 29.3, 30.7, 31.4, 32.1, 35.0, 38.4, 51.6, 78.7, 82.0, 85.4, 88.7, 94.3, 107.4, 113.0, 162.6, 177.4]","['NEAR', 'INSIDE', 'OUTSIDE', 'OUTSIDE', 'INSIDE', 'INSIDE', 'INSIDE', 'INSIDE', 'NEAR', 'NEAR', 'NEAR', 'INSIDE', 'OUTSIDE', 'INSIDE', 'INSIDE', 'INSIDE', 'OUTSIDE']","[[0.55, 0.67, 0.49], [1.57, 2.72, 0.83], [1.11, 0.99, 0.86], [1.56, 0.94, 1.07], [0.18, 1.23, 0.02], [0.95, 1.33, 0.08], [1.03, 1.21, 0.08], [1.32, 2.87, 1.47], [1.79, 0.74, 1.36], [2.42, 1.0, 1.46], [1.1, 1.4, 3.23], [2.11, 1.59, 1.21], [1.44, 1.12, 2.88], [3.0, 2.87, 1.73], [2.4, 3.67, 1.11], [0.03, 0.32, 1.05], [0.75, 1.89, 0.74]]","[158, 274, 208, 211, 263, 246, 283, 281, 184, 172, 200, 255, 256, 264, 243, 285, 267]",45.3
567,1790252293837488874,306886,100766,29,22,175.7,"[26.7, 28.3, 30.1, 30.6, 31.8, 32.0, 34.9, 39.3, 44.2, 51.0, 74.5, 78.4, 92.4, 92.5, 94.2, 97.6, 106.2, 109.9, 127.9, 136.1, 160.5, 175.7]","['INSIDE', 'NEAR', 'NEAR', 'INSIDE', 'INSIDE', 'NEAR', 'INSIDE', 'INSIDE', 'INSIDE', 'INSIDE', 'NEAR', 'OUTSIDE', 'OUTSIDE', 'OUTSIDE', 'INSIDE', 'INSIDE', 'INSIDE', 'INSIDE', 'INSIDE', 'OUTSIDE', 'NEAR', 'OUTSIDE']","[[1.89, 2.64, 0.85], [0.91, 1.47, 1.23], [1.32, 1.13, 0.81], [2.26, 1.38, 0.92], [0.46, 1.22, 0.04], [1.53, 1.11, 1.38], [0.17, 1.1, 0.02], [0.68, 1.22, 0.05], [1.11, 1.37, 0.08], [1.91, 1.42, 0.12], [2.85, 0.47, 0.68], [1.4, 0.68, 1.18], [1.31, 0.35, 1.9], [1.1, 0.2, 1.27], [2.91, 2.14, 0.61], [1.39, 1.39, 0.23], [3.47, 3.26, 3.32], [0.17, 1.07, 0.27], [6.1, 4.34, 3.21], [2.91, 1.42, 1.2], [0.12, 0.37, 1.03], [0.23, 1.29, 0.32]]","[178, 213, 208, 158, 263, 211, 246, 283, 280, 281, 165, 184, 167, 256, 236, 252, 264, 243, 254, 278, 285, 267]",49.8
568,1790252293949277808,306831,100888,24,17,173.7,"[27.2, 30.1, 31.9, 34.8, 39.5, 44.4, 74.0, 77.5, 82.1, 84.7, 89.9, 91.1, 99.1, 105.3, 128.3, 158.6, 173.7]","['INSIDE', 'INSIDE', 'INSIDE', 'INSIDE', 'INSIDE', 'INSIDE', 'OUTSIDE', 'OUTSIDE', 'NEAR', 'INSIDE', 'NEAR', 'INSIDE', 'OUTSIDE', 'INSIDE', 'INSIDE', 'INSIDE', 'OUTSIDE']","[[0.37, 1.42, 0.04], [0.5, 0.88, 0.52], [0.39, 1.22, 0.04], [0.42, 0.85, 0.04], [1.01, 1.36, 0.08], [0.85, 0.93, 0.06], [3.33, 0.88, 1.55], [2.89, 0.78, 2.57], [2.01, 1.22, 2.51], [2.1, 0.62, 0.25], [0.17, 1.17, 0.8], [6.05, 1.88, 3.02], [2.09, 0.81, 1.51], [3.09, 1.29, 0.56], [14.9, 4.4, 3.55], [0.13, 0.28, 1.02], [0.19, 1.28, 0.31]]","[178, 158, 263, 246, 283, 280, 165, 184, 172, 200, 220, 256, 252, 264, 254, 285, 267]",61.4
569,1790252294039404795,306754,101027,23,17,171.7,"[30.5, 31.5, 35.5, 39.5, 51.0, 79.5, 88.2, 89.4, 91.0, 94.6, 96.2, 96.5, 102.2, 104.4, 127.5, 156.6, 171.7]","['OUTSIDE', 'INSIDE', 'INSIDE', 'INSIDE', 'INSIDE', 'NEAR', 'RAIL', 'OUTSIDE', 'INSIDE', 'INSIDE', 'OUTSIDE', 'INSIDE', 'OUTSIDE', 'INSIDE', 'INSIDE', 'INSIDE', 'OUTSIDE']","[[1.23, 0.82, 0.83], [1.07, 2.98, 0.89], [0.98, 1.34, 0.08], [1.02, 1.23, 0.08], [2.01, 2.78, 0.95], [4.74, 1.3, 3.07], [1.11, 0.3, 0.36], [0.27, 1.37, 1.02], [11.09, 2.66, 3.49], [1.04, 1.18, 0.21], [3.09, 0.06, 0.93], [2.57, 1.19, 0.99], [1.83, 0.2, 1.09], [8.99, 4.68, 3.26], [13.3, 4.58, 3.49], [0.1, 0.31, 1.01], [0.26, 1.56, 0.31]]","[158, 263, 246, 283, 281, 184, 230, 220, 255, 236, 256, 252, 284, 264, 254, 285, 267]",37.1
570,1790252294153361902,306657,101189,36,27,154.6,"[27.3, 27.7, 28.2, 29.0, 29.1, 30.3, 31.5, 32.7, 35.5, 36.4, 39.5, 45.1, 62.1, 75.4, 81.7, 82.5, 84.9, 86.6, 89.5, 91.9, 92.5, 92.8, 100.4, 103.9, 114.0, 126.2, 154.6]","['NEAR', 'OUTSIDE', 'INSIDE', 'INSIDE', 'NEAR', 'OUTSIDE', 'INSIDE', 'RAIL', 'INSIDE', 'OUTSIDE', 'INSIDE', 'INSIDE', 'NEAR', 'NEAR', 'INSIDE', 'OUTSIDE', 'INSIDE', 'OUTSIDE', 'INSIDE', 'OUTSIDE', 'INSIDE', 'NEAR', 'INSIDE', 'INSIDE', 'NEAR', 'INSIDE', 'INSIDE']","[[1.08, 1.16, 1.4], [1.48, 1.68, 1.51], [0.52, 0.66, 0.29], [0.2, 1.42, 0.25], [0.39, 0.88, 0.75], [0.71, 0.74, 0.77], [1.1, 1.31, 0.1], [1.3, 0.03, 0.08], [1.08, 1.23, 0.09], [0.73, 0.64, 0.94], [0.97, 0.96, 0.07], [0.24, 0.94, 0.02], [1.78, 0.85, 1.26], [8.97, 1.28, 3.0], [0.78, 0.64, 0.35], [3.14, 0.27, 1.28], [2.79, 1.14, 0.88], [1.14, 0.18, 1.19], [3.44, 1.75, 0.63], [1.94, 0.61, 0.26], [1.88, 1.01, 0.62], [6.68, 1.01, 2.61], [3.13, 1.68, 2.0], [2.06, 4.34, 2.78], [0.06, 1.22, 0.54], [10.05, 4.82, 3.44], [0.09, 0.36, 1.0]]","[213, 178, 274, 208, 158, 211, 263, 270, 246, 283, 280, 281, 191, 165, 172, 184, 200, 255, 220, 167, 256, 252, 284, 264, 243, 254, 285]",42.5
571,1790252294244945263,306672,101764,27,18,152.6,"[28.2, 28.8, 28.9, 29.6, 30.9, 31.9, 32.0, 32.2, 32.9, 35.3, 61.9, 73.1, 83.5, 90.4, 98.2, 102.9, 125.7, 152.6]","['NEAR', 'INSIDE', 'NEAR', 'RAIL', 'OUTSIDE', 'OUTSIDE', 'INSIDE', 'NEAR', 'OUTSIDE', 'INSIDE', 'NEAR', 'NEAR', 'NEAR', 'INSIDE', 'RAIL', 'INSIDE', 'INSIDE', 'RAIL']","[[0.51, 1.34, 0.76], [0.48, 1.21, 0.05], [0.63, 0.88, 0.74], [1.09, 0.1, 0.08], [0.82, 1.02, 1.36], [0.4, 0.85, 0.56], [0.37, 1.34, 0.03], [0.19, 0.87, 0.84], [0.62, 0.69, 1.15], [1.38, 1.58, 0.12], [3.94, 1.07, 1.26], [8.08, 1.04, 2.85], [5.15, 1.48, 3.16], [8.92, 4.55, 3.39], [0.07, 0.34, 0.15], [4.0, 4.12, 3.01], [10.96, 4.64, 3.39], [0.04, 0.27, 0.66]]","[178, 208, 158, 270, 211, 263, 246, 274, 283, 280, 191, 165, 184, 220, 236, 264, 254, 285]",42.1
572,1790252294345119177,306485,94809,24,14,150.7,"[29.5, 29.5, 31.6, 32.3, 32.5, 35.2, 40.0, 87.9, 93.9, 96.2, 101.0, 102.7, 123.9, 150.7]","['INSIDE', 'NEAR', 'OUTSIDE', 'INSIDE', 'NEAR', 'OUTSIDE', 'INSIDE', 'OUTSIDE', 'RAIL', 'NEAR', 'INSIDE', 'OUTSIDE', 'INSIDE', 'INSIDE']","[[1.02, 1.62, 0.1], [0.98, 1.23, 1.27], [1.33, 1.34, 1.07], [1.3, 1.56, 0.12], [1.22, 1.02, 1.05], [1.01, 0.69, 0.35], [0.22, 1.11, 0.02], [1.49, 0.13, 0.85], [0.09, 0.22, 0.42], [7.48, 0.86, 2.56], [2.21, 3.18, 1.82], [1.09, 0.3, 1.64], [7.55, 4.15, 3.35], [0.07, 0.26, 0.97]]","[208, 158, 263, 246, 274, 280, 281, 255, 236, 252, 284, 264, 254, 285]",53.8
573,1790252294449072226,306362,100413,26,15,148.5,"[27.2, 29.0, 30.3, 31.1, 31.7, 31.9, 32.0, 35.5, 35.9, 91.5, 94.2, 97.5, 118.5, 122.8, 148.5]","['INSIDE', 'INSIDE', 'OUTSIDE', 'OUTSIDE', 'OUTSIDE', 'INSIDE', 'NEAR', 'OUTSIDE', 'INSIDE', 'RAIL', 'INSIDE', 'INSIDE', 'INSIDE', 'INSIDE', 'RAIL']","[[0.31, 1.42, 0.03], [2.16, 2.77, 1.36], [0.44, 0.79, 1.07], [0.35, 0.82, 1.07], [0.4, 0.85, 0.55], [1.55, 2.05, 0.14], [0.24, 0.87, 0.85], [1.19, 0.69, 0.38], [0.32, 0.88, 0.03], [0.09, 0.22, 0.41], [5.17, 2.63, 0.76], [10.96, 4.31, 1.4], [1.02, 1.03, 0.03], [5.45, 4.5, 3.09], [0.23, 0.27, 0.65]]","[178, 208, 211, 274, 263, 246, 283, 280, 281, 236, 256, 284, 243, 254, 285]",49.3
574,1790252294541169613,306122,100243,21,14,146.7,"[24.8, 27.2, 29.2, 30.2, 30.8, 31.6, 35.1, 72.8, 76.6, 92.1, 100.1, 122.9, 136.5, 146.7]","['INSIDE', 'INSIDE', 'NEAR', 'NEAR', 'NEAR', 'INSIDE', 'INSIDE', 'NEAR', 'NEAR', 'OUTSIDE', 'OUTSIDE', 'INSIDE', 'INSIDE', 'RAIL']","[[0.73, 1.14, 0.09], [0.21, 1.32, 0.02], [0.29, 0.66, 0.5], [0.41, 0.89, 0.54], [2.06, 1.31, 1.34], [1.13, 1.42, 0.27], [0.53, 1.34, 0.05], [1.76, 0.39, 0.22], [2.61, 0.87, 0.72], [2.1, 0.43, 2.0], [2.12, 0.28, 1.11], [3.95, 4.57, 3.07], [11.36, 4.73, 3.11], [0.02, 0.08, 0.64]]","[178, 213, 158, 208, 274, 246, 281, 165, 172, 252, 264, 254, 278, 285]",39.6
575,1790252294636521674,305812,99933,27,17,144.5,"[26.0, 27.0, 28.0, 28.1, 30.3, 32.0, 35.1, 81.8, 88.9, 92.0, 93.0, 99.4, 100.5, 118.0, 122.6, 136.1, 144.5]","['INSIDE', 'INSIDE', 'OUTSIDE', 'INSIDE', 'OUTSIDE', 'INSIDE', 'INSIDE', 'NEAR', 'NEAR', 'OUTSIDE', 'INSIDE', 'OUTSIDE', 'INSIDE', 'INSIDE', 'INSIDE', 'INSIDE', 'RAIL']","[[0.91, 1.2, 0.72], [0.28, 1.32, 0.03], [0.97, 1.66, 1.53], [2.27, 2.97, 1.38], [0.62, 0.75, 0.77], [0.25, 1.12, 0.02], [0.43, 1.34, 0.04], [2.23, 1.0, 0.54], [2.58, 1.3, 2.32], [2.03, 0.2, 0.27], [12.08, 5.11, 3.26], [1.82, 0.14, 0.95], [5.09, 1.73, 0.14], [0.16, 2.02, 0.24], [4.52, 4.42, 2.05], [8.26, 4.62, 1.79], [0.3, 0.33, 0.63]]","[213, 178, 208, 158, 211, 246, 281, 184, 255, 236, 220, 264, 291, 243, 254, 278, 285]",42.5
576,1790252294740283927,305460,99764,28,19,142.6,"[26.2, 27.0, 27.6, 27.9, 29.1, 29.2, 30.1, 30.6, 31.4, 34.5, 35.3, 85.3, 88.2, 88.7, 99.0, 101.7, 118.2, 132.6, 142.6]","['INSIDE', 'INSIDE', 'OUTSIDE', 'NEAR', 'INSIDE', 'NEAR', 'NEAR', 'NEAR', 'INSIDE', 'NEAR', 'INSIDE', 'OUTSIDE', 'RAIL', 'INSIDE', 'INSIDE', 'INSIDE', 'OUTSIDE', 'INSIDE', 'RAIL']","[[0.53, 1.2, 0.71], [0.23, 1.23, 0.03], [0.61, 0.63, 0.51], [1.12, 1.08, 0.95], [0.29, 1.42, 0.03], [0.45, 0.87, 0.77], [0.38, 0.58, 0.52], [1.12, 1.3, 0.86], [1.52, 1.63, 0.14], [1.08, 1.5, 1.2], [0.44, 1.22, 0.04], [2.31, 0.35, 1.72], [0.35, 0.66, 0.36], [3.14, 1.77, 2.93], [2.06, 2.33, 0.29], [0.8, 4.09, 0.97], [2.4, 1.23, 1.71], [11.34, 4.56, 1.92], [0.2, 0.18, 0.62]]","[213, 178, 208, 158, 211, 274, 283, 263, 246, 280, 281, 200, 230, 255, 284, 291, 243, 278, 285]",45.7
577,1790252294845573944,304925,99515,22,12,130.6,"[26.8, 31.9, 34.1, 35.2, 43.2, 88.6, 92.5, 95.8, 97.0, 101.2, 116.9, 130.6]","['INSIDE', 'INSIDE', 'NEAR', 'INSIDE', 'INSIDE', 'OUTSIDE', 'INSIDE', 'OUTSIDE', 'OUTSIDE', 'OUTSIDE', 'OUTSIDE', 'INSIDE']","[[3.76, 1.37, 1.05], [0.42, 1.23, 0.04], [0.8, 1.48, 1.21], [0.32, 1.22, 0.03], [0.64, 0.9, 0.04], [3.05, 0.23, 0.75], [1.0, 0.48, 0.03], [1.17, 0.35, 1.68], [4.13, 0.98, 2.49], [0.06, 0.11, 0.85], [1.13, 1.21, 1.69], [11.31, 4.89, 2.98]]","[213, 246, 280, 281, 290, 255, 167, 264, 284, 291, 243, 278]",39.9
578,1790252294940101882,304143,99190,33,18,130.2,"[26.5, 27.0, 28.5, 28.6, 29.6, 30.1, 30.9, 31.1, 34.1, 42.5, 90.6, 91.8, 94.3, 94.3, 96.6, 98.3, 114.5, 130.2]","['INSIDE', 'INSIDE', 'OUTSIDE', 'INSIDE', 'OUTSIDE', 'NEAR', 'NEAR', 'NEAR', 'INSIDE', 'INSIDE', 'INSIDE', 'OUTSIDE', 'OUTSIDE', 'OUTSIDE', 'INSIDE', 'OUTSIDE', 'RAIL', 'INSIDE']","[[0.17, 1.13, 0.02], [1.69, 1.37, 0.88], [1.84, 1.49, 1.24], [1.55, 2.82, 1.1], [0.59, 1.4, 1.31], [1.1, 1.13, 1.24], [0.78, 1.43, 0.86], [0.53, 0.82, 0.84], [2.13, 1.54, 0.29], [1.04, 1.18, 0.07], [3.17, 1.37, 0.27], [1.06, 0.06, 1.03], [3.22, 1.55, 1.93], [2.12, 0.18, 1.06], [3.13, 3.23, 1.33], [1.9, 0.74, 2.15], [0.15, 0.9, 1.0], [8.28, 4.67, 1.71]]","[178, 213, 208, 211, 263, 274, 246, 283, 281, 290, 256, 252, 236, 264, 284, 291, 243, 278]",38.8
579,1790252295056597925,302994,98825,25,13,142.0,"[27.1, 28.2, 29.2, 29.5, 31.0, 33.3, 34.3, 42.5, 77.5, 90.5, 110.5, 126.6, 142.0]","['NEAR', 'OUTSIDE', 'INSIDE', 'NEAR', 'NEAR', 'INSIDE', 'INSIDE', 'INSIDE', 'NEAR', 'OUTSIDE', 'INSIDE', 'INSIDE', 'OUTSIDE']","[[0.43, 1.07, 0.97], [0.67, 0.91, 0.96], [0.28, 1.32, 0.03], [1.16, 1.22, 1.25], [0.82, 0.82, 0.84], [0.58, 1.14, 0.26], [0.7, 1.54, 0.06], [0.98, 1.32, 0.07], [1.0, 1.46, 0.54], [0.95, 0.67, 1.0], [1.03, 1.73, 0.02], [11.46, 4.61, 2.73], [0.1, 2.26, 0.59]]","[158, 211, 208, 274, 283, 280, 281, 290, 172, 220, 243, 278, 289]",41.0
580,1790252295141138415,301214,98836,24,11,125.4,"[27.1, 28.6, 29.6, 31.1, 33.5, 34.5, 42.5, 93.7, 97.0, 97.7, 125.4]","['INSIDE', 'INSIDE', 'NEAR', 'OUTSIDE', 'NEAR', 'INSIDE', 'INSIDE', 'INSIDE', 'INSIDE', 'NEAR', 'INSIDE']","[[0.42, 1.32, 0.05], [1.55, 2.81, 1.12], [1.06, 1.11, 1.29], [0.7, 0.84, 0.54], [1.68, 0.92, 0.52], [1.08, 1.07, 0.09], [0.98, 1.47, 0.07], [0.8, 0.77, 0.66], [1.96, 1.39, 0.51], [6.94, 1.02, 2.4], [9.83, 4.59, 2.85]]","[178, 208, 274, 246, 280, 281, 290, 264, 284, 291, 278]",44.2
581,1790252295240703860,298322,94327,27,13,126.4,"[27.6, 29.0, 30.1, 31.0, 31.4, 34.2, 42.0, 92.3, 92.5, 95.4, 95.5, 96.6, 126.4]","['INSIDE', 'INSIDE', 'NEAR', 'OUTSIDE', 'NEAR', 'INSIDE', 'INSIDE', 'NEAR', 'INSIDE', 'OUTSIDE', 'INSIDE', 'OUTSIDE', 'INSIDE']","[[1.75, 1.42, 0.85], [0.39, 1.12, 0.24], [0.5, 1.0, 0.55], [0.52, 0.99, 0.82], [1.92, 1.1, 0.95], [0.26, 1.31, 0.02], [0.4, 1.17, 0.03], [0.99, 1.31, 0.63], [1.97, 1.68, 2.64], [3.02, 0.46, 1.39], [2.74, 2.22, 0.45], [1.13, 0.2, 0.63], [12.63, 4.6, 2.7]]","[158, 208, 263, 246, 283, 281, 290, 167, 252, 236, 284, 291, 278]",42.5
582,1790252295357338797,293884,94503,24,13,145.6,"[27.6, 28.2, 28.7, 30.3, 33.4, 34.0, 92.7, 94.8, 98.9, 107.3, 118.6, 123.3, 145.6]","['INSIDE', 'INSIDE', 'OUTSIDE', 'OUTSIDE', 'NEAR', 'INSIDE', 'OUTSIDE', 'INSIDE', 'OUTSIDE', 'RAIL', 'INSIDE', 'INSIDE', 'INSIDE']","[[1.2, 1.59, 0.81], [0.88, 1.18, 0.09], [0.83, 0.82, 1.04], [0.67, 0.93, 1.01], [1.39, 1.48, 1.13], [0.24, 1.07, 0.02], [0.47, 0.22, 1.29], [6.61, 4.89, 2.67], [0.46, 0.38, 1.35], [1.8, 1.38, 0.94], [0.04, 1.05, 0.32], [6.12, 4.07, 1.06], [0.91, 4.4, 0.93]]","[178, 208, 211, 274, 280, 281, 236, 167, 291, 243, 254, 278, 289]",42.5
583,1790252295451262121,282291,86455,25,12,145.6,"[28.1, 29.8, 31.2, 33.5, 33.6, 42.2, 92.1, 98.2, 100.4, 116.8, 117.6, 145.6]","['NEAR', 'OUTSIDE', 'NEAR', 'INSIDE', 'NEAR', 'INSIDE', 'INSIDE', 'INSIDE', 'OUTSIDE', 'OUTSIDE', 'INSIDE', 'OUTSIDE']","[[2.24, 1.26, 1.28], [1.55, 1.73, 1.4], [0.52, 0.84, 0.52], [1.18, 2.27, 0.65], [1.04, 1.17, 0.94], [0.32, 1.03, 0.02], [6.2, 4.92, 2.71], [2.19, 4.57, 1.97], [1.08, 0.94, 2.21], [0.45, 1.06, 0.53], [2.05, 1.65, 0.36], [5.03, 1.99, 0.93]]","[211, 263, 283, 281, 280, 290, 167, 297, 293, 254, 278, 289]",38.6
584,1790252295542112535,313710,109752,18,10,200.5,"[33.0, 33.5, 37.0, 92.0, 95.6, 96.4, 102.5, 116.5, 141.6, 200.5]","['OUTSIDE', 'INSIDE', 'INSIDE', 'INSIDE', 'OUTSIDE', 'INSIDE', 'OUTSIDE', 'INSIDE', 'INSIDE', 'INSIDE']","[[0.61, 0.66, 0.58], [1.07, 1.61, 0.09], [0.78, 1.29, 0.06], [2.12, 3.35, 0.65], [0.96, 0.16, 0.81], [5.05, 4.9, 2.14], [3.01, 1.6, 2.09], [6.23, 4.71, 2.06], [0.93, 4.28, 0.9], [4.93, 4.29, 3.67]]","[281, 280, 290, 167, 264, 284, 293, 278, 285, 303]",38.6
585,1790252295646005918,307233,100955,22,12,198.5,"[27.7, 29.6, 32.3, 33.2, 37.5, 93.3, 97.1, 100.4, 110.6, 114.9, 139.6, 198.5]","['OUTSIDE', 'NEAR', 'OUTSIDE', 'INSIDE', 'INSIDE', 'NEAR', 'INSIDE', 'OUTSIDE', 'OUTSIDE', 'INSIDE', 'OUTSIDE', 'INSIDE']","[[1.94, 1.48, 1.42], [1.1, 1.14, 1.01], [0.63, 0.81, 0.83], [1.08, 1.61, 0.09], [1.05, 1.55, 0.08], [1.91, 0.58, 0.62], [2.34, 3.56, 1.32], [2.95, 1.57, 2.33], [1.33, 0.46, 1.75], [5.49, 4.01, 2.58], [0.89, 1.69, 0.89], [4.89, 4.21, 3.65]]","[178, 274, 283, 280, 290, 252, 284, 293, 243, 278, 285, 303]",40.9
586,1790252295742801874,307235,100979,27,15,138.4,"[30.3, 32.2, 32.9, 33.9, 34.4, 37.4, 89.3, 89.6, 94.5, 98.0, 98.9, 111.6, 112.3, 115.5, 138.4]","['NEAR', 'OUTSIDE', 'NEAR', 'INSIDE', 'NEAR', 'OUTSIDE', 'OUTSIDE', 'INSIDE', 'INSIDE', 'OUTSIDE', 'OUTSIDE', 'OUTSIDE', 'INSIDE', 'OUTSIDE', 'INSIDE']","[[0.95, 0.81, 0.79], [0.38, 0.8, 0.86], [1.62, 0.9, 0.5], [0.3, 0.95, 0.03], [0.72, 0.89, 0.86], [0.78, 0.71, 0.37], [1.5, 1.22, 0.85], [8.71, 2.81, 2.88], [5.5, 4.19, 2.4], [2.03, 1.53, 2.02], [3.68, 1.1, 2.19], [2.09, 1.43, 1.21], [6.7, 3.2, 2.53], [1.83, 0.65, 0.69], [1.18, 1.43, 0.33]]","[274, 283, 281, 280, 302, 290, 220, 255, 236, 293, 291, 278, 243, 254, 285]",45.7
587,1790252295843119942,307232,100954,20,12,138.2,"[29.2, 32.1, 33.5, 77.9, 87.2, 89.6, 94.3, 96.0, 96.8, 109.6, 113.1, 138.2]","['NEAR', 'OUTSIDE', 'INSIDE', 'INSIDE', 'OUTSIDE', 'INSIDE', 'OUTSIDE', 'OUTSIDE', 'NEAR', 'INSIDE', 'INSIDE', 'INSIDE']","[[0.65, 1.29, 1.06], [0.42, 0.79, 0.86], [1.11, 1.4, 0.1], [0.4, 0.98, 0.53], [0.17, 0.13, 1.14], [5.08, 5.05, 2.03], [2.18, 0.11, 0.79], [4.14, 1.5, 1.56], [2.17, 1.09, 1.47], [4.33, 4.78, 2.6], [1.1, 1.19, 0.02], [4.99, 3.89, 1.72]]","[274, 283, 280, 172, 255, 220, 264, 236, 291, 278, 243, 285]",47.0
588,1790252295935110641,307217,101086,20,11,193.4,"[28.0, 29.3, 29.7, 31.4, 33.5, 94.1, 95.0, 108.0, 134.4, 145.1, 193.4]","['INSIDE', 'OUTSIDE', 'NEAR', 'NEAR', 'INSIDE', 'OUTSIDE', 'INSIDE', 'INSIDE', 'INSIDE', 'INSIDE', 'INSIDE']","[[0.23, 1.37, 0.02], [0.49, 0.71, 0.75], [1.32, 1.4, 0.8], [0.76, 0.42, 0.33], [1.04, 1.4, 0.09], [1.12, 1.48, 1.04], [4.15, 2.7, 1.71], [8.79, 4.69, 2.55], [1.31, 2.37, 0.55], [4.23, 2.56, 0.91], [3.01, 2.27, 3.94]]","[208, 274, 263, 283, 280, 236, 252, 278, 285, 289, 303]",49.1
589,1790252296039222301,307242,101240,17,10,191.7,"[27.2, 28.0, 29.1, 33.5, 87.4, 92.5, 93.2, 107.2, 133.6, 191.7]","['NEAR', 'NEAR', 'NEAR', 'INSIDE', 'INSIDE', 'OUTSIDE', 'INSIDE', 'INSIDE', 'INSIDE', 'INSIDE']","[[0.54, 1.4, 1.19], [0.53, 0.63, 0.47], [2.06, 1.32, 1.3], [1.05, 1.73, 0.09], [7.15, 4.38, 2.87], [1.61, 1.44, 2.38], [6.97, 3.67, 1.55], [6.31, 4.81, 2.6], [5.03, 4.07, 1.03], [2.67, 2.74, 3.9]]","[158, 211, 274, 280, 220, 236, 167, 278, 285, 303]",49.8
590,1790252296142143098,307238,101337,22,13,188.1,"[28.0, 28.5, 30.0, 30.4, 31.0, 33.3, 88.8, 92.3, 93.0, 100.5, 129.9, 143.8, 188.1]","['NEAR', 'INSIDE', 'NEAR', 'INSIDE', 'INSIDE', 'INSIDE', 'RAIL', 'NEAR', 'NEAR', 'RAIL', 'INSIDE', 'INSIDE', 'INSIDE']","[[0.33, 0.62, 0.49], [1.01, 1.66, 0.1], [0.41, 0.99, 1.06], [1.31, 1.59, 0.12], [0.24, 0.8, 0.55], [1.37, 1.28, 0.12], [1.15, 0.1, 0.98], [2.07, 0.99, 1.16], [1.9, 0.53, 0.24], [1.14, 0.14, 0.65], [8.67, 4.5, 1.1], [3.59, 2.85, 1.54], [5.75, 3.94, 3.45]]","[211, 208, 274, 304, 283, 280, 255, 167, 236, 292, 285, 289, 303]",50.8
591,1790252296247943985,307251,101668,19,12,186.1,"[28.9, 30.4, 33.3, 86.2, 88.7, 91.5, 92.5, 97.5, 117.7, 130.2, 139.1, 186.1]","['NEAR', 'INSIDE', 'INSIDE', 'RAIL', 'INSIDE', 'INSIDE', 'INSIDE', 'OUTSIDE', 'OUTSIDE', 'INSIDE', 'INSIDE', 'INSIDE']","[[0.54, 1.22, 1.01], [1.46, 2.97, 1.1], [0.73, 1.05, 0.06], [2.05, 0.24, 0.6], [2.09, 1.01, 1.0], [1.13, 1.56, 1.23], [3.15, 2.46, 0.45], [0.92, 0.52, 1.26], [1.46, 0.44, 0.72], [4.98, 3.91, 1.62], [4.27, 1.96, 0.84], [5.77, 3.97, 3.41]]","[211, 304, 280, 255, 220, 167, 236, 291, 254, 285, 289, 303]",63.6
592,1790252296336682287,307236,101826,22,15,185.4,"[27.1, 28.0, 30.0, 30.5, 32.5, 33.3, 47.2, 87.1, 95.5, 97.4, 100.2, 103.1, 106.3, 130.0, 185.4]","['INSIDE', 'NEAR', 'NEAR', 'INSIDE', 'NEAR', 'INSIDE', 'INSIDE', 'INSIDE', 'OUTSIDE', 'INSIDE', 'INSIDE', 'INSIDE', 'INSIDE', 'OUTSIDE', 'INSIDE']","[[0.84, 1.09, 0.69], [0.37, 0.85, 0.72], [0.19, 0.68, 0.52], [1.03, 1.49, 0.1], [1.13, 0.94, 0.58], [0.74, 1.61, 0.06], [0.45, 1.15, 0.03], [5.79, 3.08, 2.79], [1.28, 2.08, 1.26], [2.97, 3.15, 2.59], [0.96, 1.56, 2.41], [1.51, 1.46, 1.79], [0.08, 0.22, 0.19], [0.13, 0.3, 0.25], [2.99, 2.47, 3.77]]","[158, 211, 274, 304, 281, 280, 305, 220, 284, 291, 292, 300, 278, 285, 303]",41.2
593,1790252296462455565,307236,102298,22,16,182.1,"[27.0, 31.1, 33.0, 33.5, 37.4, 48.0, 83.2, 83.9, 87.8, 93.5, 93.6, 97.0, 101.1, 108.6, 125.9, 182.1]","['NEAR', 'INSIDE', 'NEAR', 'INSIDE', 'INSIDE', 'INSIDE', 'OUTSIDE', 'OUTSIDE', 'INSIDE', 'OUTSIDE', 'NEAR', 'INSIDE', 'INSIDE', 'RAIL', 'INSIDE', 'INSIDE']","[[0.88, 1.14, 0.98], [0.24, 1.4, 0.02], [0.78, 1.41, 0.87], [1.03, 1.4, 0.09], [1.01, 1.42, 0.08], [0.23, 0.84, 0.01], [2.04, 0.31, 1.67], [3.96, 1.53, 2.36], [8.46, 4.77, 2.93], [0.92, 1.97, 1.27], [0.6, 0.73, 0.83], [5.32, 4.93, 2.81], [1.08, 2.58, 1.14], [0.32, 0.25, 0.16], [4.37, 4.18, 1.05], [5.79, 4.21, 3.75]]","[158, 304, 281, 280, 309, 305, 255, 220, 167, 236, 252, 291, 292, 278, 298, 303]",45.1
594,1790252296539106341,307226,103946,21,16,181.5,"[27.7, 30.0, 31.1, 32.8, 32.9, 33.4, 37.5, 42.0, 47.1, 90.9, 91.4, 96.1, 106.5, 126.6, 176.2, 181.5]","['NEAR', 'INSIDE', 'NEAR', 'OUTSIDE', 'INSIDE', 'NEAR', 'INSIDE', 'INSIDE', 'INSIDE', 'OUTSIDE', 'OUTSIDE', 'INSIDE', 'RAIL', 'INSIDE', 'OUTSIDE', 'INSIDE']","[[1.68, 1.26, 1.11], [2.01, 2.87, 0.87], [0.46, 0.81, 0.54], [0.42, 1.0, 0.88], [0.62, 1.49, 0.05], [1.01, 0.97, 0.64], [1.0, 1.18, 0.08], [0.12, 0.88, 0.01], [0.38, 1.15, 0.02], [1.06, 1.92, 1.23], [1.93, 1.19, 2.27], [7.06, 4.86, 2.61], [0.44, 0.37, 0.16], [3.02, 4.64, 1.46], [2.06, 0.26, 2.29], [3.0, 2.72, 3.7]]","[178, 263, 304, 281, 280, 302, 309, 306, 305, 236, 252, 291, 278, 298, 311, 303]",46.7
595,1790252296647089871,307230,102194,16,13,178.4,"[29.2, 33.1, 33.4, 35.1, 37.3, 41.0, 47.0, 90.3, 93.3, 97.2, 104.5, 126.5, 178.4]","['ABOVE', 'OUTSIDE', 'INSIDE', 'INSIDE', 'OUTSIDE', 'INSIDE', 'INSIDE', 'INSIDE', 'OUTSIDE', 'INSIDE', 'OUTSIDE', 'RAIL', 'INSIDE']","[[0.34, 1.4, 0.39], [0.99, 0.73, 0.73], [0.26, 1.26, 0.02], [1.04, 0.44, 0.08], [0.34, 0.61, 0.62], [0.79, 1.04, 0.06], [0.84, 1.42, 0.06], [0.27, 0.82, 0.02], [1.23, 0.69, 0.79], [8.7, 4.27, 2.47], [0.86, 0.33, 0.84], [0.35, 0.36, 0.16], [10.95, 3.14, 2.35]]","[303, 274, 280, 302, 309, 290, 306, 305, 236, 264, 291, 278, 298]",41.7
596,1790252296749209189,307233,103065,22,18,172.7,"[27.7, 28.0, 28.1, 28.6, 29.1, 29.8, 30.4, 34.3, 38.0, 42.1, 42.2, 83.4, 86.7, 97.6, 102.1, 103.0, 139.4, 172.7]","['INSIDE', 'NEAR', 'OUTSIDE', 'NEAR', 'NEAR', 'OUTSIDE', 'INSIDE', 'INSIDE', 'INSIDE', 'RAIL', 'INSIDE', 'NEAR', 'OUTSIDE', 'INSIDE', 'RAIL', 'INSIDE', 'INSIDE', 'OUTSIDE']","[[0.43, 1.66, 0.04], [0.54, 0.86, 0.71], [1.74, 1.5, 1.4], [0.95, 1.31, 1.31], [0.41, 0.86, 0.52], [0.32, 0.81, 0.79], [1.08, 2.38, 0.61], [1.41, 1.19, 0.12], [0.12, 1.06, 0.01], [0.59, 0.16, 0.74], [0.18, 1.03, 0.01], [0.97, 0.49, 0.18], [1.24, 0.31, 0.57], [1.11, 0.26, 0.27], [1.3, 0.51, 0.15], [1.89, 2.49, 1.39], [2.95, 3.87, 0.62], [0.97, 0.19, 1.45]]","[208, 211, 178, 274, 263, 283, 304, 280, 290, 306, 305, 220, 167, 284, 300, 292, 289, 311]",46.3
597,1790252296839364166,307224,100579,19,12,173.6,"[29.0, 30.0, 31.3, 34.4, 37.4, 37.5, 85.4, 89.2, 93.1, 100.7, 137.4, 173.6]","['OUTSIDE', 'OUTSIDE', 'INSIDE', 'INSIDE', 'INSIDE', 'OUTSIDE', 'NEAR', 'OUTSIDE', 'INSIDE', 'RAIL', 'INSIDE', 'INSIDE']","[[0.67, 1.15, 0.98], [0.96, 0.79, 0.8], [0.63, 0.98, 0.06], [0.8, 1.42, 0.07], [1.02, 1.55, 0.08], [1.15, 0.71, 0.4], [1.07, 1.32, 0.41], [0.9, 0.26, 1.22], [10.53, 4.97, 2.95], [0.34, 0.6, 0.65], [2.92, 3.82, 0.61], [6.71, 4.25, 3.98]]","[263, 283, 304, 280, 290, 309, 220, 264, 236, 300, 289, 311]",51.3
598,1790252296935028848,307250,101234,21,16,171.1,"[28.2, 29.0, 31.0, 32.1, 32.9, 33.8, 36.5, 83.5, 87.3, 91.3, 98.4, 98.9, 108.4, 136.1, 144.7, 171.1]","['INSIDE', 'NEAR', 'INSIDE', 'OUTSIDE', 'NEAR', 'INSIDE', 'INSIDE', 'OUTSIDE', 'OUTSIDE', 'INSIDE', 'RAIL', 'INSIDE', 'INSIDE', 'INSIDE', 'INSIDE', 'INSIDE']","[[0.62, 1.46, 0.29], [2.04, 1.45, 1.14], [0.59, 1.4, 0.05], [0.38, 1.2, 1.09], [0.67, 1.3, 0.86], [0.38, 1.18, 0.03], [1.06, 1.39, 0.08], [2.73, 1.93, 1.16], [1.77, 0.28, 1.19], [10.72, 5.0, 2.96], [0.43, 0.22, 0.15], [1.98, 0.7, 0.05], [1.09, 1.13, 0.03], [4.46, 4.08, 0.88], [1.54, 0.8, 1.55], [7.78, 4.28, 3.94]]","[208, 274, 304, 281, 280, 302, 290, 220, 252, 236, 291, 284, 278, 289, 307, 311]",46.7
599,1790252297030895246,307243,101185,16,13,169.6,"[28.8, 29.0, 31.1, 31.4, 33.4, 33.9, 37.5, 42.0, 84.6, 96.2, 97.0, 132.0, 169.6]","['INSIDE', 'NEAR', 'INSIDE', 'NEAR', 'NEAR', 'INSIDE', 'INSIDE', 'INSIDE', 'INSIDE', 'RAIL', 'NEAR', 'INSIDE', 'INSIDE']","[[0.5, 1.3, 0.05], [0.57, 1.04, 0.98], [0.7, 1.51, 0.07], [1.11, 1.08, 1.04], [1.04, 0.76, 0.36], [0.1, 1.18, 0.01], [0.96, 1.05, 0.07], [0.75, 1.31, 0.05], [11.4, 4.92, 3.06], [1.07, 0.5, 0.15], [2.22, 1.17, 2.09], [0.33, 3.69, 0.59], [6.78, 4.34, 3.89]]","[208, 274, 304, 283, 280, 302, 290, 305, 220, 291, 284, 285, 311]",57.0
600,1790252297141683079,307227,101223,20,14,167.1,"[27.0, 28.8, 30.1, 30.5, 34.1, 38.2, 42.2, 92.2, 93.6, 95.9, 99.0, 132.1, 158.9, 167.1]","['INSIDE', 'NEAR', 'NEAR', 'INSIDE', 'INSIDE', 'INSIDE', 'INSIDE', 'OUTSIDE', 'OUTSIDE', 'INSIDE', 'NEAR', 'INSIDE', 'INSIDE', 'INSIDE']","[[0.23, 1.31, 0.03], [0.33, 0.95, 0.77], [0.79, 1.28, 1.02], [1.81, 2.59, 0.65], [0.22, 1.19, 0.02], [0.45, 1.19, 0.03], [0.61, 1.32, 0.04], [1.37, 0.93, 0.44], [2.68, 0.7, 0.8], [3.97, 2.85, 0.97], [1.76, 0.84, 1.11], [4.52, 3.85, 0.94], [0.27, 3.5, 1.72], [7.73, 4.58, 3.84]]","[158, 274, 283, 304, 302, 290, 305, 252, 264, 284, 300, 285, 308, 301]",44.0
601,1790252297244529166,307234,101258,20,18,166.3,"[28.9, 30.3, 30.3, 30.8, 32.1, 33.5, 33.6, 37.4, 41.2, 81.6, 91.5, 98.4, 105.1, 108.3, 128.0, 140.1, 156.9, 166.3]","['ABOVE', 'NEAR', 'OUTSIDE', 'INSIDE', 'NEAR', 'INSIDE', 'INSIDE', 'NEAR', 'INSIDE', 'INSIDE', 'INSIDE', 'INSIDE', 'INSIDE', 'INSIDE', 'INSIDE', 'INSIDE', 'OUTSIDE', 'INSIDE']","[[0.42, 1.74, 0.37], [1.03, 1.22, 1.03], [0.76, 0.77, 0.57], [1.26, 1.78, 0.12], [0.36, 1.14, 1.07], [0.49, 1.05, 0.58], [0.97, 1.05, 0.08], [0.58, 0.88, 0.62], [0.99, 1.42, 0.08], [0.52, 1.29, 0.04], [11.23, 4.95, 2.88], [5.01, 2.59, 2.64], [3.09, 3.5, 0.9], [1.68, 1.58, 2.53], [1.16, 0.57, 0.19], [0.27, 3.8, 0.58], [4.57, 0.24, 2.19], [0.22, 3.74, 1.73]]","[301, 274, 304, 208, 283, 302, 280, 281, 290, 305, 255, 264, 300, 292, 278, 298, 289, 308]",44.7
602,1790252297346252364,307249,101326,20,14,164.3,"[30.7, 34.2, 37.4, 41.1, 85.2, 88.6, 89.9, 93.9, 94.6, 100.9, 128.1, 136.4, 154.9, 164.3]","['ABOVE', 'INSIDE', 'INSIDE', 'INSIDE', 'INSIDE', 'RAIL', 'RAIL', 'INSIDE', 'OUTSIDE', 'INSIDE', 'INSIDE', 'INSIDE', 'OUTSIDE', 'INSIDE']","[[0.42, 1.72, 0.37], [0.66, 2.33, 0.54], [0.53, 1.3, 0.05], [1.12, 1.17, 0.09], [0.97, 1.42, 0.07], [1.09, 0.08, 0.77], [1.66, 0.66, 0.39], [7.09, 3.16, 1.56], [2.32, 0.16, 1.09], [3.12, 2.47, 0.9], [1.99, 2.14, 0.26], [4.56, 3.78, 0.92], [1.28, 0.28, 2.37], [0.23, 3.69, 1.7]]","[301, 208, 280, 290, 305, 167, 264, 236, 291, 284, 310, 298, 289, 308]",42.9
603,1790252297435293190,307230,101412,21,16,162.3,"[27.9, 28.7, 31.0, 31.4, 34.4, 37.9, 81.7, 86.6, 86.7, 92.2, 93.5, 94.4, 97.9, 134.2, 152.9, 162.3]","['ABOVE', 'NEAR', 'INSIDE', 'NEAR', 'INSIDE', 'INSIDE', 'INSIDE', 'OUTSIDE', 'OUTSIDE', 'INSIDE', 'INSIDE', 'OUTSIDE', 'NEAR', 'INSIDE', 'NEAR', 'INSIDE']","[[0.41, 1.7, 0.36], [0.8, 1.06, 0.52], [0.64, 1.21, 0.24], [0.77, 1.35, 0.8], [1.2, 1.31, 0.11], [1.07, 1.66, 0.09], [0.19, 1.06, 0.01], [2.84, 0.23, 1.43], [4.71, 0.92, 1.55], [7.29, 2.87, 1.16], [1.22, 1.08, 0.17], [1.22, 1.13, 0.86], [0.99, 0.47, 0.43], [2.05, 1.99, 0.27], [2.29, 0.62, 1.19], [0.33, 4.4, 1.66]]","[301, 178, 263, 304, 208, 280, 290, 255, 167, 220, 252, 284, 291, 300, 285, 308]",44.1
604,1790252297542987666,307224,101295,23,18,159.0,"[27.3, 28.4, 30.0, 31.0, 31.9, 32.2, 33.9, 36.2, 41.0, 84.8, 85.9, 93.3, 98.1, 111.0, 134.0, 134.0, 150.9, 159.0]","['OUTSIDE', 'INSIDE', 'INSIDE', 'INSIDE', 'NEAR', 'OUTSIDE', 'INSIDE', 'INSIDE', 'INSIDE', 'RAIL', 'INSIDE', 'INSIDE', 'INSIDE', 'OUTSIDE', 'OUTSIDE', 'OUTSIDE', 'INSIDE', 'INSIDE']","[[1.37, 1.09, 1.02], [1.3, 1.28, 0.13], [0.88, 1.47, 1.07], [0.65, 1.4, 0.06], [0.49, 0.94, 0.59], [0.64, 0.71, 0.83], [0.25, 1.07, 0.02], [1.58, 1.87, 0.12], [0.33, 1.14, 0.02], [1.74, 0.76, 0.59], [7.45, 4.71, 2.33], [7.17, 4.68, 2.55], [3.69, 3.92, 0.94], [1.91, 0.59, 1.47], [1.27, 0.23, 0.9], [4.48, 0.35, 2.54], [0.37, 4.47, 1.93], [7.75, 4.58, 3.65]]","[211, 263, 283, 208, 304, 302, 280, 290, 305, 167, 220, 252, 300, 278, 285, 289, 308, 301]",47.4
605,1790252297634579662,307229,101285,18,15,157.0,"[28.9, 30.2, 30.5, 33.2, 35.1, 35.9, 36.7, 40.8, 85.9, 90.2, 93.8, 100.6, 132.1, 146.9, 157.0]","['INSIDE', 'OUTSIDE', 'INSIDE', 'INSIDE', 'NEAR', 'INSIDE', 'INSIDE', 'INSIDE', 'OUTSIDE', 'INSIDE', 'INSIDE', 'INSIDE', 'INSIDE', 'INSIDE', 'INSIDE']","[[0.21, 1.11, 0.02], [0.59, 0.59, 0.51], [1.41, 2.85, 1.16], [1.44, 1.82, 0.12], [1.36, 0.68, 0.69], [0.81, 0.61, 0.06], [0.55, 1.15, 0.04], [0.76, 1.28, 0.05], [0.78, 0.39, 0.57], [10.01, 4.47, 2.99], [3.93, 3.86, 1.08], [1.74, 1.42, 0.26], [4.66, 4.48, 2.5], [4.1, 3.86, 1.91], [7.73, 4.64, 3.6]]","[263, 208, 283, 280, 281, 290, 309, 305, 236, 220, 252, 310, 289, 307, 301]",53.7
606,1790252297738169339,307210,101198,25,23,180.8,"[26.9, 30.5, 31.0, 31.0, 32.0, 32.9, 33.3, 37.1, 41.3, 79.0, 81.6, 87.7, 87.9, 89.9, 92.8, 94.9, 101.4, 107.6, 130.6, 145.5, 156.0, 173.4, 180.8]","['INSIDE', 'NEAR', 'INSIDE', 'NEAR', 'NEAR', 'NEAR', 'INSIDE', 'INSIDE', 'INSIDE', 'INSIDE', 'INSIDE', 'OUTSIDE', 'OUTSIDE', 'INSIDE', 'OUTSIDE', 'INSIDE', 'NEAR', 'OUTSIDE', 'OUTSIDE', 'INSIDE', 'INSIDE', 'RAIL', 'INSIDE']","[[0.25, 1.22, 0.03], [1.32, 1.16, 0.72], [0.33, 1.4, 0.03], [0.75, 0.78, 0.59], [0.3, 0.85, 0.54], [0.77, 0.74, 0.84], [1.35, 1.83, 0.12], [0.48, 1.29, 0.04], [0.98, 1.43, 0.07], [3.95, 2.43, 0.69], [6.64, 4.42, 3.01], [1.42, 0.46, 2.1], [2.05, 1.26, 0.98], [3.95, 2.37, 0.46], [3.92, 1.09, 0.64], [1.95, 2.08, 0.26], [2.49, 0.88, 1.13], [0.99, 0.24, 0.94], [3.24, 1.41, 2.89], [3.27, 4.29, 1.88], [5.77, 4.48, 3.9], [0.19, 0.09, 0.26], [0.37, 3.54, 1.23]]","[158, 208, 283, 302, 304, 280, 281, 309, 305, 255, 220, 167, 236, 264, 284, 252, 310, 292, 289, 307, 301, 311, 319]",40.3
607,1790252297837590004,307218,101297,20,17,178.4,"[26.8, 27.0, 29.0, 29.2, 30.3, 31.9, 33.2, 36.7, 37.2, 40.9, 92.7, 98.1, 105.3, 128.7, 143.4, 153.6, 178.4]","['NEAR', 'NEAR', 'NEAR', 'OUTSIDE', 'INSIDE', 'OUTSIDE', 'INSIDE', 'INSIDE', 'OUTSIDE', 'INSIDE', 'OUTSIDE', 'OUTSIDE', 'INSIDE', 'OUTSIDE', 'INSIDE', 'INSIDE', 'INSIDE']","[[0.34, 1.0, 0.71], [0.63, 1.3, 1.18], [0.3, 1.1, 1.02], [0.65, 1.06, 0.97], [1.25, 1.57, 0.12], [0.39, 0.72, 0.82], [1.44, 2.26, 0.39], [0.64, 1.28, 0.05], [1.34, 0.71, 0.39], [0.19, 1.28, 0.01], [2.41, 0.41, 1.19], [1.96, 0.23, 1.34], [0.97, 2.12, 0.94], [3.31, 0.55, 1.97], [3.26, 4.23, 1.86], [6.56, 4.83, 3.84], [1.2, 4.04, 2.32]]","[178, 211, 274, 208, 283, 280, 281, 309, 290, 305, 291, 300, 292, 289, 307, 301, 319]",44.6
608,1790252297942764258,307206,101188,17,13,176.4,"[26.9, 27.7, 28.3, 33.3, 36.9, 40.5, 94.9, 98.6, 102.0, 126.6, 142.8, 151.5, 176.4]","['NEAR', 'OUTSIDE', 'INSIDE', 'INSIDE', 'INSIDE', 'INSIDE', 'INSIDE', 'OUTSIDE', 'INSIDE', 'OUTSIDE', 'INSIDE', 'INSIDE', 'INSIDE']","[[0.97, 1.38, 1.43], [2.45, 1.35, 1.11], [0.93, 1.65, 0.1], [1.12, 1.6, 0.1], [0.14, 1.16, 0.01], [1.24, 1.54, 0.09], [3.91, 4.73, 2.34], [1.04, 0.41, 1.08], [1.69, 1.5, 1.57], [3.31, 1.81, 2.8], [0.24, 3.71, 1.83], [6.79, 4.77, 3.79], [1.25, 4.06, 2.29]]","[211, 178, 263, 281, 309, 305, 252, 300, 310, 289, 307, 308, 319]",50.3
609,1790252298039934564,307200,101123,20,15,174.3,"[28.8, 30.0, 30.8, 32.9, 33.3, 36.9, 41.4, 46.6, 88.2, 89.8, 91.8, 100.4, 141.2, 149.0, 174.3]","['NEAR', 'NEAR', 'INSIDE', 'OUTSIDE', 'INSIDE', 'INSIDE', 'INSIDE', 'INSIDE', 'INSIDE', 'OUTSIDE', 'INSIDE', 'INSIDE', 'INSIDE', 'INSIDE', 'INSIDE']","[[0.99, 1.19, 1.05], [0.31, 0.83, 0.78], [0.32, 1.29, 0.03], [0.7, 0.8, 0.9], [1.07, 1.51, 0.09], [0.32, 1.41, 0.02], [1.19, 1.01, 0.08], [0.47, 1.14, 0.03], [0.06, 0.96, 0.41], [1.53, 0.18, 0.54], [6.07, 4.36, 2.45], [1.17, 0.53, 0.03], [1.18, 4.77, 3.09], [7.84, 4.83, 3.73], [1.26, 4.13, 2.27]]","[274, 302, 283, 280, 281, 309, 305, 317, 264, 167, 291, 310, 307, 308, 319]",48.9
610,1790252298155212161,307194,100991,21,16,172.3,"[28.1, 28.8, 29.0, 30.2, 32.0, 33.1, 36.1, 41.0, 45.7, 93.7, 94.9, 96.6, 97.9, 137.2, 147.5, 172.3]","['NEAR', 'NEAR', 'NEAR', 'INSIDE', 'OUTSIDE', 'INSIDE', 'INSIDE', 'INSIDE', 'INSIDE', 'INSIDE', 'INSIDE', 'OUTSIDE', 'INSIDE', 'OUTSIDE', 'INSIDE', 'INSIDE']","[[0.44, 0.94, 0.74], [0.53, 0.86, 0.5], [0.2, 1.2, 1.01], [1.3, 1.86, 0.12], [0.83, 0.74, 0.8], [0.73, 1.6, 0.06], [1.41, 1.26, 0.11], [0.41, 0.86, 0.03], [0.28, 0.96, 0.02], [1.69, 1.33, 1.03], [2.02, 2.92, 0.94], [1.02, 0.21, 0.85], [1.98, 0.49, 0.25], [2.98, 0.3, 0.88], [6.75, 4.8, 3.67], [1.2, 3.97, 2.24]]","[274, 208, 302, 283, 280, 281, 309, 305, 317, 252, 284, 300, 310, 307, 308, 319]",49.4
611,1790252298237208465,307214,101116,21,17,170.3,"[28.9, 29.7, 30.1, 32.1, 33.0, 36.9, 37.1, 40.8, 45.7, 73.9, 80.5, 94.3, 95.3, 121.3, 135.3, 145.5, 170.3]","['OUTSIDE', 'NEAR', 'INSIDE', 'OUTSIDE', 'INSIDE', 'INSIDE', 'OUTSIDE', 'INSIDE', 'INSIDE', 'OUTSIDE', 'OUTSIDE', 'OUTSIDE', 'INSIDE', 'INSIDE', 'INSIDE', 'INSIDE', 'INSIDE']","[[0.26, 0.69, 0.76], [0.3, 0.68, 0.51], [1.39, 1.86, 0.13], [0.68, 0.71, 0.83], [0.42, 1.6, 0.04], [0.28, 1.03, 0.02], [0.76, 1.0, 0.68], [0.16, 1.14, 0.01], [0.3, 0.96, 0.02], [1.01, 0.89, 0.48], [1.06, 0.2, 1.04], [1.14, 0.92, 0.47], [2.94, 0.74, 0.25], [1.51, 4.46, 1.57], [2.97, 3.77, 2.12], [6.65, 4.74, 3.64], [1.23, 3.86, 2.22]]","[302, 274, 283, 280, 281, 309, 290, 305, 317, 255, 220, 284, 252, 289, 307, 308, 319]",49.9
612,1790252298340786916,307164,101060,26,21,167.9,"[27.7, 28.1, 29.2, 30.6, 30.7, 32.5, 33.0, 33.8, 37.3, 40.4, 42.7, 83.4, 86.0, 91.3, 94.2, 106.3, 117.0, 117.2, 135.2, 143.5, 167.9]","['NEAR', 'OUTSIDE', 'NEAR', 'NEAR', 'INSIDE', 'INSIDE', 'NEAR', 'INSIDE', 'INSIDE', 'INSIDE', 'RAIL', 'OUTSIDE', 'OUTSIDE', 'OUTSIDE', 'INSIDE', 'INSIDE', 'RAIL', 'INSIDE', 'INSIDE', 'INSIDE', 'INSIDE']","[[0.26, 0.84, 0.71], [1.43, 1.14, 1.05], [1.93, 1.17, 1.29], [0.41, 0.63, 0.26], [0.3, 1.29, 0.03], [1.42, 2.03, 0.12], [0.6, 0.66, 0.55], [0.28, 1.06, 0.02], [1.01, 1.17, 0.08], [1.44, 1.68, 0.1], [0.88, 0.2, 0.47], [1.21, 0.06, 0.72], [0.21, 0.19, 0.57], [5.06, 1.55, 1.15], [4.65, 2.78, 2.92], [0.94, 0.92, 0.03], [0.05, 0.27, 0.18], [1.01, 1.66, 2.1], [1.18, 4.7, 2.96], [6.78, 4.66, 3.58], [2.11, 3.73, 1.88]]","[211, 178, 302, 304, 283, 281, 280, 309, 290, 305, 317, 220, 167, 291, 252, 292, 315, 289, 307, 308, 319]",40.7
613,1790252298439594092,307203,101056,22,18,166.7,"[26.9, 29.0, 30.0, 30.4, 30.8, 31.9, 33.3, 36.9, 40.8, 85.5, 90.7, 92.4, 109.8, 115.3, 118.0, 132.7, 142.4, 166.7]","['OUTSIDE', 'OUTSIDE', 'NEAR', 'INSIDE', 'NEAR', 'NEAR', 'INSIDE', 'INSIDE', 'INSIDE', 'OUTSIDE', 'OUTSIDE', 'INSIDE', 'OUTSIDE', 'NEAR', 'OUTSIDE', 'INSIDE', 'INSIDE', 'INSIDE']","[[1.01, 0.84, 0.93], [0.78, 1.16, 0.97], [0.34, 0.83, 0.77], [1.14, 1.48, 0.26], [0.3, 0.8, 0.54], [0.56, 0.62, 0.57], [1.07, 1.5, 0.09], [0.26, 1.28, 0.02], [0.47, 1.13, 0.03], [2.94, 0.37, 1.34], [1.99, 0.94, 0.61], [5.07, 2.89, 2.12], [1.92, 0.81, 1.18], [0.55, 0.86, 1.79], [0.53, 0.38, 0.49], [0.24, 3.74, 1.8], [8.72, 4.59, 3.85], [0.4, 3.85, 1.45]]","[211, 208, 274, 283, 302, 280, 309, 290, 305, 167, 291, 252, 292, 289, 315, 307, 308, 319]",45.5
614,1790252298539695626,307129,100974,23,20,157.6,"[27.0, 27.8, 30.1, 30.2, 30.9, 32.4, 33.2, 36.1, 40.2, 71.3, 82.1, 88.7, 88.9, 96.7, 102.0, 108.2, 112.9, 130.3, 139.8, 157.6]","['INSIDE', 'NEAR', 'OUTSIDE', 'INSIDE', 'OUTSIDE', 'INSIDE', 'INSIDE', 'INSIDE', 'INSIDE', 'NEAR', 'INSIDE', 'OUTSIDE', 'INSIDE', 'OUTSIDE', 'NEAR', 'OUTSIDE', 'RAIL', 'INSIDE', 'INSIDE', 'RAIL']","[[0.46, 1.17, 0.71], [0.24, 0.92, 0.74], [0.8, 0.75, 0.57], [1.28, 1.58, 0.12], [0.35, 0.67, 0.81], [1.3, 0.41, 0.33], [1.12, 1.39, 0.1], [1.29, 1.74, 0.1], [0.95, 1.12, 0.07], [2.88, 1.19, 2.71], [7.28, 2.34, 2.44], [2.05, 0.95, 0.61], [5.78, 2.61, 2.13], [1.38, 0.21, 1.68], [0.04, 0.21, 0.2], [1.05, 0.82, 1.66], [0.03, 0.39, 0.17], [1.03, 3.78, 2.3], [10.18, 4.72, 3.79], [0.73, 0.09, 0.69]]","[211, 263, 304, 283, 302, 281, 309, 290, 305, 255, 220, 236, 264, 300, 310, 292, 289, 307, 308, 301]",45.1
615,1790252298652156359,307159,100975,18,15,155.4,"[26.8, 28.1, 29.8, 30.2, 33.1, 36.2, 40.2, 85.2, 88.8, 90.8, 98.8, 110.9, 128.8, 136.7, 155.4]","['NEAR', 'INSIDE', 'NEAR', 'INSIDE', 'INSIDE', 'INSIDE', 'INSIDE', 'OUTSIDE', 'INSIDE', 'OUTSIDE', 'INSIDE', 'RAIL', 'INSIDE', 'INSIDE', 'RAIL']","[[0.9, 1.31, 1.0], [0.74, 1.65, 0.08], [0.6, 0.81, 0.78], [1.29, 1.56, 0.12], [1.03, 1.71, 0.09], [1.13, 1.26, 0.09], [1.02, 1.27, 0.07], [5.05, 1.48, 1.75], [2.07, 0.62, 0.16], [0.04, 0.32, 0.24], [1.95, 2.1, 0.48], [0.07, 0.26, 0.17], [0.37, 4.36, 2.29], [8.19, 4.65, 3.74], [0.7, 0.27, 0.68]]","[211, 158, 274, 283, 309, 290, 305, 236, 264, 291, 300, 289, 307, 308, 301]",43.7
616,1790252298740367443,307141,101095,22,17,134.9,"[26.8, 28.0, 30.0, 30.1, 31.7, 32.3, 32.4, 36.2, 40.0, 88.3, 88.5, 93.7, 94.2, 97.2, 108.7, 108.9, 134.9]","['OUTSIDE', 'INSIDE', 'OUTSIDE', 'INSIDE', 'OUTSIDE', 'NEAR', 'INSIDE', 'INSIDE', 'INSIDE', 'OUTSIDE', 'INSIDE', 'OUTSIDE', 'OUTSIDE', 'INSIDE', 'RAIL', 'INSIDE', 'INSIDE']","[[0.37, 0.99, 0.7], [1.4, 1.73, 0.14], [1.12, 0.86, 0.58], [1.36, 1.95, 0.13], [0.57, 0.69, 0.84], [1.17, 0.89, 0.5], [1.38, 1.8, 0.12], [1.01, 1.62, 0.08], [0.66, 1.52, 0.04], [0.48, 0.31, 0.59], [5.01, 2.79, 2.89], [1.91, 0.99, 1.25], [1.4, 0.16, 0.61], [3.09, 2.39, 0.69], [0.08, 0.25, 0.16], [1.88, 2.31, 1.04], [7.86, 4.9, 3.68]]","[178, 158, 304, 283, 280, 281, 309, 290, 305, 291, 264, 284, 252, 300, 292, 289, 308]",42.0
617,1790252298842494397,307109,101509,21,17,170.3,"[29.0, 30.7, 32.2, 32.9, 35.7, 39.3, 83.2, 84.9, 85.3, 90.4, 92.7, 95.3, 95.8, 106.6, 130.7, 151.4, 170.3]","['OUTSIDE', 'INSIDE', 'OUTSIDE', 'INSIDE', 'INSIDE', 'INSIDE', 'OUTSIDE', 'INSIDE', 'OUTSIDE', 'OUTSIDE', 'OUTSIDE', 'OUTSIDE', 'INSIDE', 'RAIL', 'INSIDE', 'RAIL', 'RAIL']","[[0.57, 1.15, 0.98], [3.03, 1.64, 1.27], [1.07, 0.62, 0.35], [0.41, 1.26, 0.03], [2.0, 1.36, 0.16], [1.61, 1.63, 0.11], [0.96, 1.47, 1.3], [1.04, 1.35, 0.22], [4.0, 0.37, 1.86], [2.93, 0.25, 1.42], [1.88, 0.4, 0.83], [1.04, 0.98, 0.43], [5.95, 2.42, 0.73], [0.66, 0.3, 0.16], [12.22, 4.93, 3.63], [0.61, 0.26, 0.66], [0.74, 0.69, 0.26]]","[208, 302, 281, 309, 290, 305, 236, 167, 220, 264, 284, 300, 252, 292, 307, 301, 319]",41.2
618,1790252298940958309,307169,102033,21,15,152.9,"[28.9, 29.6, 31.7, 31.8, 32.9, 35.8, 82.9, 84.5, 84.6, 89.2, 92.7, 96.2, 104.2, 104.8, 152.9]","['NEAR', 'INSIDE', 'INSIDE', 'NEAR', 'INSIDE', 'INSIDE', 'INSIDE', 'OUTSIDE', 'NEAR', 'OUTSIDE', 'INSIDE', 'NEAR', 'RAIL', 'INSIDE', 'INSIDE']","[[0.44, 0.95, 0.53], [2.14, 2.45, 0.43], [0.96, 0.76, 0.08], [0.56, 0.63, 0.55], [0.46, 0.92, 0.04], [1.13, 1.73, 0.09], [0.51, 1.01, 0.02], [0.23, 0.34, 0.34], [6.93, 1.5, 3.0], [0.96, 0.92, 0.6], [3.97, 2.74, 1.35], [1.02, 1.07, 0.2], [0.15, 0.38, 0.46], [0.95, 0.9, 0.03], [7.92, 3.91, 3.65]]","[208, 283, 281, 280, 309, 290, 236, 167, 220, 291, 252, 300, 292, 310, 301]",44.6
619,1790252299044521290,307121,96166,27,23,147.4,"[29.4, 29.9, 31.7, 31.9, 32.2, 33.7, 35.2, 41.7, 46.4, 73.7, 80.9, 82.7, 87.2, 87.6, 90.7, 93.7, 96.9, 102.2, 102.7, 105.9, 120.7, 129.6, 147.4]","['INSIDE', 'NEAR', 'INSIDE', 'OUTSIDE', 'INSIDE', 'NEAR', 'INSIDE', 'INSIDE', 'INSIDE', 'NEAR', 'OUTSIDE', 'INSIDE', 'OUTSIDE', 'OUTSIDE', 'INSIDE', 'OUTSIDE', 'OUTSIDE', 'RAIL', 'INSIDE', 'OUTSIDE', 'INSIDE', 'INSIDE', 'RAIL']","[[1.42, 2.73, 0.81], [0.62, 0.86, 0.56], [0.93, 0.64, 0.08], [0.96, 0.75, 0.78], [1.2, 1.57, 0.1], [0.5, 0.89, 0.59], [1.24, 1.7, 0.1], [0.62, 1.3, 0.04], [0.45, 1.13, 0.03], [4.06, 1.35, 1.86], [0.04, 0.43, 0.38], [10.62, 3.33, 3.07], [3.04, 1.57, 1.36], [0.54, 0.24, 0.94], [3.97, 2.75, 0.85], [2.0, 0.5, 1.44], [1.82, 0.27, 1.54], [0.35, 0.35, 0.15], [2.9, 2.87, 2.69], [0.4, 0.4, 0.48], [0.29, 4.15, 2.44], [9.89, 4.79, 3.83], [0.59, 0.28, 0.64]]","[208, 274, 281, 280, 309, 290, 305, 317, 320, 255, 167, 236, 291, 264, 252, 284, 300, 292, 310, 289, 315, 307, 301]",44.6
620,1790252299141959817,307116,100842,33,19,115.2,"[25.7, 28.9, 29.6, 29.8, 32.2, 35.9, 42.5, 46.5, 81.0, 82.9, 86.7, 88.3, 89.2, 90.2, 92.2, 99.2, 100.9, 101.1, 115.2]","['INSIDE', 'NEAR', 'OUTSIDE', 'INSIDE', 'INSIDE', 'INSIDE', 'OUTSIDE', 'INSIDE', 'OUTSIDE', 'INSIDE', 'OUTSIDE', 'OUTSIDE', 'INSIDE', 'INSIDE', 'INSIDE', 'OUTSIDE', 'RAIL', 'INSIDE', 'OUTSIDE']","[[0.33, 1.43, 0.04], [1.13, 1.37, 1.03], [0.25, 0.79, 0.52], [0.53, 1.55, 0.05], [1.03, 1.57, 0.09], [0.62, 1.49, 0.05], [0.39, 0.64, 0.39], [0.43, 1.46, 0.03], [1.25, 1.19, 1.79], [2.05, 1.72, 2.94], [4.05, 0.24, 1.87], [1.03, 0.83, 0.35], [3.13, 2.24, 3.08], [1.01, 1.13, 0.63], [1.12, 1.9, 0.24], [0.87, 0.51, 2.24], [0.05, 0.36, 0.44], [1.09, 1.62, 0.46], [0.99, 1.78, 1.07]]","[178, 274, 304, 283, 309, 305, 317, 320, 167, 220, 291, 252, 264, 284, 300, 310, 292, 289, 315]",62.5
621,1790252299234069956,307113,100804,24,16,146.9,"[27.5, 28.8, 29.7, 32.6, 37.5, 41.5, 79.6, 82.6, 86.1, 90.5, 98.2, 98.8, 116.2, 124.4, 139.6, 146.9]","['INSIDE', 'OUTSIDE', 'OUTSIDE', 'INSIDE', 'INSIDE', 'INSIDE', 'OUTSIDE', 'OUTSIDE', 'INSIDE', 'OUTSIDE', 'RAIL', 'INSIDE', 'INSIDE', 'INSIDE', 'INSIDE', 'INSIDE']","[[0.48, 1.35, 0.05], [0.49, 1.46, 1.25], [0.37, 0.68, 0.51], [0.12, 1.25, 0.01], [0.48, 1.18, 0.04], [0.33, 1.31, 0.02], [4.14, 2.1, 2.29], [1.96, 0.79, 0.4], [4.97, 2.38, 0.78], [2.72, 0.17, 0.77], [0.11, 0.74, 0.43], [3.01, 2.21, 2.12], [1.34, 2.42, 1.34], [8.72, 5.07, 3.98], [2.75, 2.8, 3.63], [7.97, 3.98, 3.51]]","[158, 304, 208, 309, 305, 317, 167, 236, 264, 284, 292, 310, 315, 307, 308, 301]",42.1
622,1790252299332006507,307174,100752,30,20,148.9,"[25.7, 27.5, 28.6, 29.8, 29.8, 33.8, 38.5, 38.6, 41.3, 82.9, 85.6, 86.7, 91.1, 91.6, 91.8, 96.2, 115.0, 119.4, 141.4, 148.9]","['INSIDE', 'OUTSIDE', 'NEAR', 'INSIDE', 'OUTSIDE', 'INSIDE', 'OUTSIDE', 'INSIDE', 'INSIDE', 'OUTSIDE', 'INSIDE', 'INSIDE', 'INSIDE', 'OUTSIDE', 'OUTSIDE', 'NEAR', 'INSIDE', 'OUTSIDE', 'OUTSIDE', 'INSIDE']","[[0.36, 1.52, 0.04], [2.03, 1.61, 1.42], [0.64, 1.27, 1.03], [0.47, 1.65, 0.04], [0.99, 1.03, 0.83], [0.47, 1.06, 0.04], [0.6, 0.96, 0.65], [0.85, 1.07, 0.07], [0.13, 1.15, 0.01], [6.58, 0.99, 2.94], [4.08, 2.02, 0.66], [4.1, 1.06, 0.59], [0.05, 1.35, 0.41], [2.89, 0.99, 2.81], [2.0, 0.2, 0.64], [1.13, 1.02, 0.45], [1.03, 3.2, 0.55], [1.1, 0.41, 1.05], [1.02, 0.33, 0.91], [2.88, 4.24, 3.24]]","[178, 304, 274, 283, 208, 309, 305, 317, 320, 236, 264, 220, 300, 252, 284, 310, 315, 307, 308, 301]",45.0
623,1790252299434688592,307126,100808,24,15,146.6,"[28.9, 29.6, 33.2, 33.5, 38.5, 40.4, 77.6, 82.4, 83.5, 86.6, 88.7, 89.5, 112.1, 118.6, 146.6]","['OUTSIDE', 'INSIDE', 'INSIDE', 'INSIDE', 'INSIDE', 'INSIDE', 'OUTSIDE', 'OUTSIDE', 'OUTSIDE', 'INSIDE', 'OUTSIDE', 'OUTSIDE', 'INSIDE', 'OUTSIDE', 'INSIDE']","[[0.57, 0.87, 0.55], [1.48, 1.7, 0.14], [1.31, 0.91, 0.27], [0.6, 1.29, 0.05], [0.27, 0.86, 0.34], [0.25, 1.55, 0.02], [11.98, 2.17, 2.69], [1.04, 0.18, 0.92], [2.04, 0.17, 0.36], [7.8, 4.1, 0.92], [1.8, 0.25, 1.13], [7.89, 1.1, 2.89], [2.98, 2.14, 0.51], [1.88, 0.64, 1.54], [0.41, 3.64, 1.28]]","[208, 283, 309, 290, 317, 320, 167, 220, 291, 236, 252, 284, 315, 307, 301]",38.1
624,1790252299545039613,307121,101095,29,17,170.4,"[27.1, 27.9, 30.7, 30.8, 34.2, 34.2, 34.6, 41.5, 83.2, 87.2, 89.8, 95.8, 107.1, 116.8, 140.9, 150.7, 170.4]","['INSIDE', 'NEAR', 'INSIDE', 'OUTSIDE', 'NEAR', 'INSIDE', 'NEAR', 'INSIDE', 'RAIL', 'INSIDE', 'INSIDE', 'OUTSIDE', 'OUTSIDE', 'OUTSIDE', 'INSIDE', 'OUTSIDE', 'OUTSIDE']","[[1.07, 1.95, 0.11], [0.63, 1.07, 0.95], [0.46, 1.39, 0.04], [0.9, 1.25, 1.34], [0.66, 0.71, 0.31], [1.25, 1.64, 0.11], [0.62, 1.14, 0.9], [0.5, 1.16, 0.03], [1.17, 0.06, 0.57], [0.99, 0.98, 0.42], [9.84, 2.01, 3.31], [0.64, 0.34, 0.46], [1.2, 0.5, 0.53], [2.78, 0.78, 1.51], [7.75, 4.12, 3.36], [3.11, 0.27, 1.38], [0.11, 0.3, 0.84]]","[158, 274, 281, 208, 309, 290, 280, 320, 220, 264, 284, 310, 315, 307, 308, 301, 319]",57.6
625,1790252299639367851,307133,101643,28,19,168.4,"[26.9, 27.9, 28.0, 29.9, 30.8, 31.1, 34.4, 34.5, 36.5, 41.4, 78.5, 83.3, 89.6, 93.4, 104.5, 114.2, 142.1, 150.1, 168.4]","['OUTSIDE', 'OUTSIDE', 'INSIDE', 'NEAR', 'OUTSIDE', 'INSIDE', 'OUTSIDE', 'INSIDE', 'INSIDE', 'INSIDE', 'NEAR', 'OUTSIDE', 'INSIDE', 'OUTSIDE', 'OUTSIDE', 'OUTSIDE', 'INSIDE', 'OUTSIDE', 'OUTSIDE']","[[1.31, 1.49, 1.43], [0.54, 0.89, 0.94], [1.41, 1.36, 0.24], [0.68, 1.18, 0.79], [0.68, 0.78, 0.81], [1.01, 1.19, 0.1], [0.38, 0.91, 0.58], [0.23, 0.9, 0.6], [0.52, 1.4, 0.04], [0.54, 1.02, 0.04], [5.9, 1.14, 2.8], [5.19, 0.41, 2.4], [3.93, 2.79, 3.41], [1.47, 0.49, 0.64], [1.97, 0.99, 2.35], [1.58, 0.74, 1.49], [1.33, 4.26, 2.49], [5.89, 1.32, 1.78], [0.11, 0.29, 0.83]]","[304, 274, 158, 208, 281, 302, 309, 280, 290, 320, 167, 220, 284, 310, 315, 307, 308, 301, 319]",40.2
626,1790252299749037744,307189,103943,31,18,166.6,"[25.1, 27.8, 28.7, 31.0, 34.3, 37.2, 41.7, 78.5, 78.8, 84.3, 89.0, 89.0, 91.8, 97.0, 103.0, 112.2, 150.9, 166.6]","['OUTSIDE', 'INSIDE', 'INSIDE', 'RAIL', 'NEAR', 'INSIDE', 'INSIDE', 'RAIL', 'NEAR', 'OUTSIDE', 'RAIL', 'OUTSIDE', 'INSIDE', 'RAIL', 'OUTSIDE', 'OUTSIDE', 'RAIL', 'OUTSIDE']","[[2.0, 1.53, 1.31], [0.47, 1.28, 0.75], [0.18, 1.3, 0.02], [0.25, 0.11, 0.25], [0.13, 0.61, 0.6], [0.94, 1.42, 0.07], [0.24, 1.16, 0.02], [1.09, 0.18, 1.08], [4.62, 1.04, 1.05], [6.85, 0.34, 2.07], [0.93, 0.76, 0.98], [0.7, 0.48, 0.44], [5.05, 4.2, 3.41], [3.22, 0.16, 0.63], [1.31, 0.7, 0.73], [1.61, 0.59, 1.46], [1.83, 0.62, 0.66], [0.42, 2.01, 0.82]]","[304, 274, 283, 281, 280, 290, 320, 167, 220, 236, 252, 310, 284, 292, 315, 307, 301, 319]",49.4
627,1790252299836123347,307188,100818,28,18,110.8,"[24.4, 29.0, 29.5, 29.9, 30.4, 31.2, 31.4, 32.4, 33.5, 33.8, 36.9, 41.1, 85.5, 86.3, 87.3, 89.0, 100.5, 110.8]","['INSIDE', 'RAIL', 'INSIDE', 'OUTSIDE', 'INSIDE', 'NEAR', 'OUTSIDE', 'NEAR', 'INSIDE', 'OUTSIDE', 'INSIDE', 'INSIDE', 'OUTSIDE', 'RAIL', 'INSIDE', 'INSIDE', 'OUTSIDE', 'OUTSIDE']","[[0.51, 1.12, 0.21], [0.27, 0.21, 0.31], [0.49, 1.22, 0.72], [1.49, 1.0, 0.85], [0.65, 2.84, 1.35], [0.14, 0.93, 0.54], [0.3, 0.79, 1.09], [0.43, 1.4, 0.81], [0.46, 1.17, 0.04], [1.14, 1.04, 0.85], [0.59, 1.03, 0.05], [1.03, 1.28, 0.07], [0.11, 0.68, 0.38], [1.42, 0.49, 0.6], [1.24, 1.03, 0.2], [7.31, 2.02, 3.3], [1.98, 1.14, 2.28], [2.78, 0.73, 1.44]]","[178, 281, 283, 208, 302, 309, 280, 158, 290, 305, 317, 320, 291, 252, 284, 264, 315, 307]",65.7
628,1790252299948621153,307184,100653,26,15,162.5,"[27.0, 27.9, 30.3, 31.2, 31.5, 33.3, 37.1, 84.7, 87.7, 90.7, 97.4, 101.5, 102.1, 111.6, 162.5]","['ABOVE', 'RAIL', 'INSIDE', 'INSIDE', 'INSIDE', 'NEAR', 'INSIDE', 'INSIDE', 'RAIL', 'OUTSIDE', 'RAIL', 'OUTSIDE', 'INSIDE', 'OUTSIDE', 'OUTSIDE']","[[0.41, 1.75, 0.31], [0.34, 0.29, 0.36], [1.65, 2.64, 1.09], [0.77, 1.38, 0.07], [0.31, 1.04, 0.54], [0.48, 0.93, 0.58], [1.35, 1.85, 0.12], [1.08, 1.41, 0.08], [0.33, 0.75, 0.58], [0.48, 2.1, 1.16], [7.92, 0.33, 1.01], [1.62, 0.39, 0.62], [1.28, 1.45, 0.66], [4.06, 1.37, 1.21], [0.29, 2.0, 0.8]]","[307, 281, 208, 302, 280, 309, 290, 317, 252, 284, 300, 292, 289, 315, 319]",42.0
629,1790252300033720462,307061,100872,25,15,111.1,"[25.0, 28.4, 28.5, 28.5, 30.6, 32.6, 36.9, 38.6, 40.8, 82.7, 85.2, 89.7, 98.4, 101.1, 111.1]","['RAIL', 'OUTSIDE', 'INSIDE', 'INSIDE', 'INSIDE', 'INSIDE', 'INSIDE', 'RAIL', 'RAIL', 'RAIL', 'OUTSIDE', 'OUTSIDE', 'OUTSIDE', 'INSIDE', 'INSIDE']","[[0.37, 0.47, 0.34], [0.34, 1.14, 0.75], [0.64, 1.0, 0.07], [0.5, 0.62, 0.29], [0.54, 1.49, 0.29], [2.06, 2.73, 0.71], [0.69, 1.28, 0.05], [0.17, 0.27, 0.42], [0.25, 0.09, 0.45], [2.44, 0.76, 0.91], [2.0, 1.92, 1.71], [4.11, 0.31, 0.76], [5.81, 1.36, 1.99], [1.19, 2.48, 2.03], [3.22, 3.94, 3.73]]","[281, 208, 274, 283, 302, 158, 317, 325, 320, 252, 291, 300, 292, 289, 307]",44.7
630,1790252300152881733,306691,99106,31,21,144.1,"[25.4, 26.4, 26.7, 27.2, 28.3, 29.3, 29.7, 30.1, 32.6, 33.4, 34.5, 36.6, 36.9, 47.0, 81.3, 89.3, 94.4, 98.5, 100.5, 110.6, 144.1]","['NEAR', 'INSIDE', 'OUTSIDE', 'INSIDE', 'INSIDE', 'INSIDE', 'INSIDE', 'NEAR', 'INSIDE', 'INSIDE', 'RAIL', 'RAIL', 'INSIDE', 'INSIDE', 'RAIL', 'OUTSIDE', 'OUTSIDE', 'OUTSIDE', 'OUTSIDE', 'OUTSIDE', 'RAIL']","[[0.42, 0.31, 0.42], [0.67, 1.03, 0.08], [1.0, 1.43, 1.15], [1.91, 1.58, 0.71], [0.75, 1.1, 0.24], [1.15, 0.36, 0.11], [1.03, 1.68, 0.1], [0.96, 0.79, 0.79], [0.85, 0.56, 0.07], [0.38, 1.17, 0.03], [0.21, 0.14, 0.28], [0.33, 0.25, 0.48], [1.13, 1.53, 0.09], [0.98, 0.98, 0.06], [2.44, 0.65, 0.56], [2.87, 0.17, 0.19], [3.91, 2.04, 1.32], [2.11, 0.3, 1.57], [3.62, 0.31, 1.32], [0.17, 0.44, 2.19], [0.77, 0.58, 0.22]]","[178, 274, 304, 283, 208, 302, 280, 309, 158, 290, 305, 325, 317, 323, 252, 300, 310, 292, 289, 307, 308]",47.2
631,1790252300258261095,306045,100654,25,18,141.1,"[28.2, 30.6, 32.5, 32.7, 33.0, 34.5, 36.9, 41.9, 47.7, 79.1, 82.4, 84.9, 85.4, 90.3, 94.5, 96.2, 102.3, 141.1]","['NEAR', 'INSIDE', 'RAIL', 'OUTSIDE', 'INSIDE', 'RAIL', 'OUTSIDE', 'INSIDE', 'INSIDE', 'RAIL', 'OUTSIDE', 'OUTSIDE', 'NEAR', 'INSIDE', 'OUTSIDE', 'INSIDE', 'OUTSIDE', 'RAIL']","[[1.49, 1.08, 1.0], [0.65, 1.49, 0.06], [0.29, 0.08, 0.42], [0.47, 0.73, 0.83], [1.84, 2.14, 0.16], [0.14, 0.24, 0.52], [0.73, 0.83, 0.36], [1.4, 1.73, 0.1], [0.61, 1.33, 0.04], [1.15, 0.72, 0.87], [2.13, 0.89, 2.86], [2.14, 0.9, 0.92], [10.99, 1.18, 3.06], [4.84, 0.76, 0.91], [0.6, 0.38, 1.32], [11.79, 4.85, 3.43], [1.16, 0.55, 1.54], [2.42, 0.58, 0.62]]","[283, 280, 305, 290, 158, 325, 317, 320, 323, 252, 291, 284, 236, 300, 292, 310, 315, 308]",63.8
632,1790252300378677122,304299,100176,28,18,140.1,"[27.4, 28.5, 29.8, 30.5, 30.5, 30.8, 32.5, 33.8, 37.8, 42.0, 48.3, 74.0, 76.1, 84.8, 94.9, 100.2, 100.4, 140.1]","['NEAR', 'INSIDE', 'OUTSIDE', 'RAIL', 'OUTSIDE', 'INSIDE', 'RAIL', 'INSIDE', 'INSIDE', 'INSIDE', 'INSIDE', 'INSIDE', 'RAIL', 'OUTSIDE', 'OUTSIDE', 'OUTSIDE', 'OUTSIDE', 'RAIL']","[[1.16, 1.24, 0.72], [0.26, 1.39, 0.03], [0.93, 0.73, 0.77], [0.3, 0.14, 0.46], [0.49, 1.01, 1.09], [2.04, 2.73, 0.62], [0.43, 0.26, 0.58], [1.44, 1.74, 0.12], [1.4, 1.7, 0.11], [1.11, 1.01, 0.08], [0.63, 1.02, 0.04], [3.12, 1.52, 0.13], [1.43, 0.77, 0.69], [10.23, 0.47, 1.64], [1.0, 0.39, 0.86], [1.12, 0.27, 0.84], [3.48, 0.68, 2.4], [0.76, 0.47, 0.4]]","[304, 208, 309, 305, 290, 280, 325, 158, 317, 320, 323, 220, 252, 236, 292, 289, 315, 308]",52.2
633,1790252300456028373,298333,99818,30,19,138.2,"[27.9, 28.5, 28.6, 29.1, 30.3, 30.5, 30.9, 34.0, 37.6, 39.9, 48.0, 73.9, 81.4, 83.7, 85.9, 87.5, 92.0, 98.4, 138.2]","['RAIL', 'OUTSIDE', 'INSIDE', 'NEAR', 'RAIL', 'NEAR', 'INSIDE', 'INSIDE', 'INSIDE', 'RAIL', 'RAIL', 'INSIDE', 'OUTSIDE', 'OUTSIDE', 'NEAR', 'OUTSIDE', 'OUTSIDE', 'OUTSIDE', 'RAIL']","[[0.49, 0.12, 0.58], [0.57, 0.85, 0.5], [1.34, 2.66, 0.84], [1.76, 1.43, 1.39], [0.57, 0.26, 0.6], [0.77, 0.79, 0.83], [1.22, 1.7, 0.12], [1.07, 1.41, 0.09], [1.03, 1.69, 0.08], [0.37, 0.18, 0.44], [0.57, 0.24, 0.63], [0.93, 1.03, 0.04], [2.12, 0.79, 2.71], [2.04, 0.33, 1.09], [3.99, 0.98, 3.23], [5.99, 0.96, 2.14], [1.05, 0.58, 0.4], [3.5, 0.66, 2.35], [0.88, 0.72, 0.39]]","[305, 302, 304, 309, 325, 290, 280, 158, 317, 320, 323, 220, 291, 236, 264, 284, 310, 315, 308]",56.7
634,1790252300552398395,292737,90327,33,19,174.8,"[26.7, 28.6, 30.1, 30.2, 31.5, 37.5, 48.7, 75.0, 76.0, 82.1, 83.8, 87.7, 89.4, 90.1, 96.6, 97.6, 133.9, 150.3, 174.8]","['RAIL', 'RAIL', 'INSIDE', 'NEAR', 'INSIDE', 'INSIDE', 'RAIL', 'INSIDE', 'OUTSIDE', 'OUTSIDE', 'OUTSIDE', 'OUTSIDE', 'NEAR', 'OUTSIDE', 'OUTSIDE', 'OUTSIDE', 'RAIL', 'INSIDE', 'OUTSIDE']","[[0.71, 0.13, 0.6], [0.64, 0.29, 0.82], [1.29, 0.48, 0.12], [1.25, 1.09, 0.97], [0.21, 1.43, 0.02], [2.1, 2.06, 0.16], [0.46, 0.16, 0.76], [3.13, 1.3, 0.13], [3.12, 0.67, 2.82], [2.47, 0.7, 2.41], [6.78, 0.51, 1.98], [2.06, 0.67, 1.73], [1.33, 0.72, 0.81], [3.97, 1.09, 2.0], [3.08, 0.73, 1.67], [0.1, 0.36, 0.46], [4.95, 0.46, 0.39], [2.85, 3.52, 0.73], [2.43, 0.7, 2.68]]","[281, 305, 280, 290, 158, 317, 323, 220, 167, 291, 236, 264, 300, 284, 292, 315, 308, 301, 329]",58.4
635,1790252300666122157,352977,115936,29,16,172.6,"[24.6, 26.6, 28.6, 28.6, 28.9, 29.8, 30.6, 32.0, 35.1, 45.3, 86.3, 89.4, 113.1, 133.2, 150.1, 172.6]","['RAIL', 'RAIL', 'RAIL', 'OUTSIDE', 'INSIDE', 'OUTSIDE', 'NEAR', 'OUTSIDE', 'INSIDE', 'INSIDE', 'OUTSIDE', 'NEAR', 'RAIL', 'INSIDE', 'INSIDE', 'OUTSIDE']","[[0.48, 0.14, 0.71], [0.73, 0.32, 0.88], [0.12, 0.21, 0.07], [0.65, 1.51, 1.75], [0.66, 1.65, 0.07], [2.4, 1.1, 1.07], [0.48, 1.26, 1.31], [1.01, 0.61, 0.34], [1.07, 1.59, 0.09], [0.4, 1.11, 0.03], [7.71, 2.1, 2.73], [5.67, 1.19, 3.15], [0.1, 0.53, 0.17], [2.5, 0.49, 0.29], [3.97, 3.48, 3.7], [2.0, 0.67, 1.14]]","[281, 305, 325, 302, 280, 283, 290, 158, 317, 323, 291, 300, 307, 308, 301, 329]",40.9
636,1790252300758325192,307235,101416,28,15,113.2,"[23.0, 24.6, 27.3, 28.6, 29.4, 29.9, 31.7, 34.2, 38.6, 44.0, 82.5, 86.2, 91.8, 98.2, 113.2]","['RAIL', 'RAIL', 'NEAR', 'NEAR', 'RAIL', 'OUTSIDE', 'OUTSIDE', 'INSIDE', 'INSIDE', 'INSIDE', 'OUTSIDE', 'NEAR', 'OUTSIDE', 'OUTSIDE', 'OUTSIDE']","[[1.3, 0.17, 0.71], [0.83, 0.32, 0.87], [2.07, 1.29, 1.18], [0.85, 0.65, 0.5], [1.27, 0.18, 0.38], [0.65, 1.2, 1.3], [0.58, 0.85, 0.56], [1.35, 1.89, 0.11], [0.44, 1.48, 0.03], [1.2, 1.37, 0.08], [9.98, 0.91, 2.95], [13.05, 1.32, 3.47], [4.76, 0.98, 2.79], [1.08, 0.4, 2.2], [0.86, 0.44, 0.96]]","[281, 305, 283, 309, 290, 280, 158, 317, 320, 323, 291, 264, 310, 315, 307]",57.4
637,1790252300838713499,307236,101791,29,15,145.2,"[21.7, 25.6, 27.6, 30.6, 34.4, 37.9, 43.6, 74.5, 86.1, 90.2, 90.6, 96.4, 111.3, 130.1, 145.2]","['RAIL', 'RAIL', 'OUTSIDE', 'OUTSIDE', 'INSIDE', 'INSIDE', 'INSIDE', 'OUTSIDE', 'NEAR', 'NEAR', 'OUTSIDE', 'OUTSIDE', 'OUTSIDE', 'INSIDE', 'INSIDE']","[[2.75, 0.37, 0.86], [0.26, 0.09, 0.17], [0.85, 1.46, 1.96], [0.53, 0.82, 0.82], [0.64, 1.33, 0.06], [1.43, 1.58, 0.11], [1.03, 1.36, 0.07], [12.15, 1.23, 2.93], [4.7, 1.24, 3.19], [0.62, 0.56, 0.82], [2.59, 0.65, 2.59], [0.62, 0.71, 2.37], [1.02, 0.49, 0.94], [0.69, 0.69, 0.64], [4.47, 3.41, 3.3]]","[281, 178, 302, 280, 317, 320, 323, 167, 264, 300, 284, 292, 307, 308, 301]",42.2
638,1790252300940008159,307255,102075,25,13,143.5,"[19.8, 27.8, 28.6, 29.0, 31.8, 35.1, 39.7, 84.1, 87.4, 90.8, 109.3, 127.8, 143.5]","['RAIL', 'NEAR', 'OUTSIDE', 'INSIDE', 'OUTSIDE', 'INSIDE', 'INSIDE', 'NEAR', 'OUTSIDE', 'INSIDE', 'OUTSIDE', 'INSIDE', 'INSIDE']","[[2.81, 0.37, 0.91], [0.29, 0.99, 0.73], [0.8, 1.84, 1.52], [1.23, 2.92, 1.33], [0.32, 0.87, 0.83], [1.04, 1.46, 0.09], [0.42, 1.38, 0.03], [10.88, 1.29, 3.13], [5.72, 0.74, 1.38], [7.83, 4.81, 3.31], [1.22, 0.67, 1.9], [0.03, 0.22, 0.27], [5.23, 3.62, 3.86]]","[281, 283, 304, 309, 280, 317, 320, 264, 284, 300, 307, 308, 301]",45.0
639,1790252301036383772,307240,102094,26,12,141.2,"[21.2, 29.1, 29.5, 31.7, 35.4, 39.5, 75.5, 84.1, 87.7, 91.0, 107.3, 141.2]","['RAIL', 'INSIDE', 'OUTSIDE', 'INSIDE', 'INSIDE', 'INSIDE', 'NEAR', 'OUTSIDE', 'NEAR', 'INSIDE', 'OUTSIDE', 'INSIDE']","[[0.66, 0.28, 0.52], [0.99, 0.69, 0.1], [1.96, 1.06, 1.21], [0.56, 1.65, 0.05], [0.53, 0.87, 0.05], [0.45, 1.24, 0.03], [2.74, 1.17, 2.21], [0.32, 0.43, 0.41], [8.8, 1.32, 3.09], [3.58, 4.36, 3.87], [0.88, 0.6, 0.91], [4.49, 3.42, 3.8]]","[281, 309, 283, 158, 317, 320, 167, 284, 264, 300, 307, 301]",46.5
640,1790252301134171466,307242,101026,23,12,139.2,"[19.3, 29.3, 30.8, 31.8, 34.5, 38.9, 83.3, 88.3, 90.8, 102.5, 105.3, 139.2]","['RAIL', 'NEAR', 'OUTSIDE', 'OUTSIDE', 'OUTSIDE', 'INSIDE', 'NEAR', 'OUTSIDE', 'INSIDE', 'INSIDE', 'OUTSIDE', 'INSIDE']","[[0.62, 0.19, 0.52], [1.28, 0.67, 0.37], [0.33, 0.61, 0.51], [0.24, 0.88, 0.82], [0.88, 0.87, 0.92], [0.63, 1.62, 0.05], [3.36, 1.22, 2.95], [0.44, 0.5, 1.99], [4.97, 3.24, 3.78], [0.47, 0.22, 0.64], [0.98, 0.77, 0.89], [4.28, 3.33, 1.21]]","[281, 332, 280, 158, 317, 320, 264, 310, 300, 337, 307, 301]",56.9
641,1790252301253275444,307232,95317,21,13,136.1,"[17.3, 27.7, 28.7, 28.9, 31.9, 32.2, 40.2, 46.6, 88.0, 100.1, 103.4, 108.6, 136.1]","['RAIL', 'OUTSIDE', 'OUTSIDE', 'INSIDE', 'OUTSIDE', 'INSIDE', 'INSIDE', 'INSIDE', 'OUTSIDE', 'INSIDE', 'OUTSIDE', 'OUTSIDE', 'INSIDE']","[[0.65, 0.24, 0.55], [0.93, 1.43, 1.48], [0.7, 0.92, 1.01], [2.09, 2.94, 0.68], [0.43, 0.86, 0.85], [1.04, 1.45, 0.1], [1.08, 1.25, 0.08], [0.65, 1.14, 0.04], [2.74, 0.52, 2.37], [1.33, 0.23, 1.32], [1.16, 0.71, 2.95], [0.73, 0.44, 1.42], [6.93, 3.61, 3.71]]","[281, 332, 283, 208, 158, 280, 320, 323, 284, 289, 307, 341, 301]",56.0
642,1790252301350656422,307270,102881,31,22,172.2,"[15.4, 27.2, 27.3, 27.9, 28.9, 29.8, 29.8, 32.7, 42.2, 46.7, 83.4, 85.1, 86.9, 88.9, 90.5, 98.8, 101.6, 102.4, 106.6, 129.1, 135.2, 172.2]","['RAIL', 'OUTSIDE', 'INSIDE', 'NEAR', 'OUTSIDE', 'INSIDE', 'OUTSIDE', 'INSIDE', 'RAIL', 'INSIDE', 'INSIDE', 'OUTSIDE', 'INSIDE', 'OUTSIDE', 'INSIDE', 'INSIDE', 'OUTSIDE', 'INSIDE', 'OUTSIDE', 'INSIDE', 'OUTSIDE', 'OUTSIDE']","[[0.65, 0.5, 0.57], [1.19, 0.89, 0.57], [1.04, 1.96, 0.33], [0.8, 1.03, 0.96], [0.6, 0.9, 1.02], [0.15, 1.56, 0.02], [0.46, 1.04, 1.04], [0.34, 1.48, 0.03], [0.4, 0.25, 0.74], [0.76, 1.46, 0.05], [0.43, 0.67, 0.01], [0.52, 0.45, 1.71], [7.17, 3.83, 3.87], [0.22, 0.05, 1.19], [0.5, 0.62, 1.18], [1.31, 0.71, 1.89], [1.29, 0.62, 1.78], [1.82, 1.01, 1.34], [2.47, 1.75, 1.38], [2.95, 3.23, 3.65], [1.68, 2.17, 1.47], [2.26, 0.26, 2.98]]","[281, 302, 208, 332, 283, 309, 158, 280, 320, 323, 264, 284, 236, 310, 300, 289, 307, 337, 341, 308, 301, 329]",38.0
643,1790252301467005211,307231,103888,20,12,106.6,"[13.4, 28.6, 32.2, 41.0, 45.7, 80.2, 82.6, 84.6, 87.1, 89.6, 100.6, 106.6]","['RAIL', 'OUTSIDE', 'INSIDE', 'INSIDE', 'INSIDE', 'OUTSIDE', 'OUTSIDE', 'INSIDE', 'OUTSIDE', 'INSIDE', 'INSIDE', 'OUTSIDE']","[[0.81, 0.69, 0.54], [0.47, 0.9, 1.0], [1.12, 1.66, 0.11], [1.41, 1.27, 0.11], [0.28, 1.28, 0.02], [0.68, 0.44, 0.71], [1.13, 0.43, 2.86], [4.71, 3.61, 3.87], [0.24, 0.19, 1.55], [2.44, 0.61, 3.19], [1.28, 0.24, 1.78], [0.1, 0.24, 0.49]]","[281, 283, 280, 320, 323, 291, 264, 236, 284, 300, 337, 341]",63.1
644,1790252301545802622,307266,107098,22,14,168.3,"[27.9, 29.2, 30.1, 31.8, 32.5, 41.1, 82.5, 88.8, 97.6, 99.6, 103.7, 104.7, 134.1, 168.3]","['NEAR', 'OUTSIDE', 'NEAR', 'INSIDE', 'INSIDE', 'INSIDE', 'OUTSIDE', 'INSIDE', 'OUTSIDE', 'INSIDE', 'OUTSIDE', 'OUTSIDE', 'INSIDE', 'OUTSIDE']","[[0.32, 0.79, 0.47], [0.81, 0.83, 0.57], [0.59, 0.87, 0.54], [0.6, 0.87, 0.33], [0.74, 1.14, 0.07], [0.78, 1.56, 0.06], [5.32, 0.52, 2.49], [0.99, 0.54, 2.34], [1.07, 0.56, 1.09], [2.03, 0.07, 1.08], [0.41, 0.23, 0.95], [0.04, 0.37, 0.2], [7.16, 3.57, 1.16], [2.49, 0.42, 2.9]]","[332, 304, 158, 280, 309, 320, 264, 300, 315, 289, 307, 341, 301, 329]",42.0
645,1790252301647653529,307260,106093,24,16,173.4,"[26.1, 32.2, 32.4, 36.6, 40.8, 46.7, 80.7, 82.9, 84.3, 89.2, 95.7, 101.8, 102.7, 138.2, 158.9, 173.4]","['OUTSIDE', 'OUTSIDE', 'INSIDE', 'INSIDE', 'INSIDE', 'INSIDE', 'OUTSIDE', 'OUTSIDE', 'INSIDE', 'INSIDE', 'OUTSIDE', 'OUTSIDE', 'OUTSIDE', 'INSIDE', 'INSIDE', 'OUTSIDE']","[[0.75, 1.02, 0.64], [0.54, 0.77, 0.83], [1.3, 1.68, 0.12], [1.44, 1.51, 0.12], [0.09, 1.28, 0.01], [0.63, 1.14, 0.04], [1.68, 0.45, 2.37], [0.48, 0.28, 0.73], [1.25, 0.67, 1.67], [1.3, 0.62, 0.86], [1.11, 0.72, 2.94], [0.46, 0.23, 0.93], [0.19, 0.73, 0.9], [4.93, 3.43, 0.02], [0.2, 0.37, 1.0], [1.09, 0.36, 2.24]]","[302, 309, 280, 333, 320, 323, 291, 264, 236, 300, 292, 307, 341, 301, 346, 329]",50.6
646,1790252301749730360,307221,103051,19,14,157.0,"[29.2, 32.4, 32.8, 36.4, 40.2, 81.0, 83.9, 89.7, 99.0, 99.8, 100.8, 101.0, 127.6, 157.0]","['OUTSIDE', 'OUTSIDE', 'INSIDE', 'INSIDE', 'INSIDE', 'OUTSIDE', 'INSIDE', 'INSIDE', 'OUTSIDE', 'OUTSIDE', 'OUTSIDE', 'INSIDE', 'INSIDE', 'INSIDE']","[[0.77, 0.92, 0.99], [1.05, 0.62, 0.34], [0.58, 1.27, 0.06], [1.02, 1.63, 0.09], [0.6, 1.53, 0.05], [0.44, 0.03, 0.53], [5.07, 0.52, 3.17], [3.46, 0.51, 2.0], [0.67, 0.51, 1.72], [0.31, 0.22, 0.43], [0.07, 0.35, 0.67], [0.52, 0.45, 2.07], [4.51, 3.53, 3.8], [0.06, 0.29, 0.99]]","[283, 280, 309, 333, 320, 291, 236, 300, 315, 307, 340, 337, 308, 346]",51.6
647,1790252301832782565,307235,97184,28,21,176.9,"[25.9, 27.7, 28.7, 29.2, 30.3, 33.5, 35.2, 36.5, 41.4, 46.4, 80.5, 83.4, 84.2, 86.0, 89.6, 97.0, 98.0, 99.1, 135.2, 155.1, 176.9]","['OUTSIDE', 'NEAR', 'INSIDE', 'OUTSIDE', 'INSIDE', 'INSIDE', 'OUTSIDE', 'INSIDE', 'INSIDE', 'INSIDE', 'INSIDE', 'OUTSIDE', 'INSIDE', 'RAIL', 'RAIL', 'OUTSIDE', 'OUTSIDE', 'INSIDE', 'INSIDE', 'INSIDE', 'OUTSIDE']","[[0.54, 1.06, 0.69], [1.4, 1.11, 1.0], [1.28, 0.35, 0.13], [0.37, 0.83, 0.99], [0.58, 1.47, 0.06], [1.02, 1.16, 0.1], [0.42, 1.03, 0.64], [1.03, 1.76, 0.09], [0.97, 0.57, 0.08], [1.1, 1.45, 0.08], [1.19, 0.6, 1.6], [0.61, 0.15, 1.1], [2.58, 0.47, 3.11], [0.28, 0.46, 1.17], [0.31, 0.6, 0.23], [0.41, 0.2, 0.43], [0.83, 0.45, 1.69], [0.49, 0.43, 1.75], [3.4, 3.58, 0.01], [0.09, 0.54, 0.98], [0.38, 0.1, 1.43]]","[302, 332, 304, 283, 158, 309, 333, 317, 320, 323, 236, 264, 291, 300, 310, 307, 292, 289, 301, 346, 338]",52.3
648,1790252301937644655,307241,100142,25,21,181.3,"[28.2, 29.2, 29.9, 30.2, 31.6, 32.0, 33.1, 33.4, 35.7, 40.6, 78.5, 82.1, 84.2, 91.0, 94.7, 96.2, 97.0, 97.1, 153.1, 174.9, 181.3]","['NEAR', 'OUTSIDE', 'INSIDE', 'OUTSIDE', 'INSIDE', 'OUTSIDE', 'INSIDE', 'NEAR', 'INSIDE', 'INSIDE', 'INSIDE', 'OUTSIDE', 'INSIDE', 'INSIDE', 'OUTSIDE', 'OUTSIDE', 'OUTSIDE', 'INSIDE', 'INSIDE', 'OUTSIDE', 'INSIDE']","[[0.53, 1.11, 0.99], [0.19, 0.83, 1.0], [1.62, 1.75, 0.17], [0.57, 0.96, 1.03], [1.49, 1.1, 0.66], [0.87, 0.92, 1.17], [0.32, 1.5, 0.03], [0.48, 0.91, 0.89], [1.16, 1.74, 0.1], [1.01, 0.7, 0.08], [1.27, 0.59, 1.56], [0.97, 0.31, 1.96], [7.94, 0.87, 3.25], [1.22, 0.64, 1.37], [1.92, 0.71, 1.43], [0.05, 0.39, 0.64], [0.32, 0.34, 0.22], [0.51, 0.42, 1.99], [0.1, 0.53, 0.97], [0.34, 0.4, 1.42], [0.03, 0.71, 0.73]]","[332, 283, 158, 304, 309, 280, 333, 317, 320, 323, 236, 264, 291, 335, 292, 315, 307, 289, 346, 329, 351]",39.8
649,1790252302037348936,307224,92987,22,19,179.4,"[26.3, 28.4, 29.4, 29.7, 30.7, 31.4, 32.5, 35.7, 40.6, 77.9, 80.4, 83.1, 88.9, 92.0, 95.1, 95.2, 151.2, 173.1, 179.4]","['NEAR', 'NEAR', 'OUTSIDE', 'INSIDE', 'NEAR', 'OUTSIDE', 'INSIDE', 'INSIDE', 'INSIDE', 'INSIDE', 'OUTSIDE', 'INSIDE', 'INSIDE', 'INSIDE', 'OUTSIDE', 'INSIDE', 'INSIDE', 'OUTSIDE', 'INSIDE']","[[0.32, 1.03, 0.7], [0.47, 0.92, 0.73], [0.92, 0.74, 0.82], [1.67, 1.75, 0.17], [0.99, 1.25, 1.13], [0.34, 0.59, 0.56], [1.47, 2.47, 0.37], [1.29, 1.61, 0.11], [1.09, 1.41, 0.08], [3.53, 0.55, 2.96], [0.63, 0.2, 1.41], [4.24, 0.65, 3.17], [1.89, 0.62, 1.94], [2.04, 0.52, 0.63], [0.02, 0.17, 0.63], [0.51, 0.37, 1.95], [0.22, 0.41, 1.01], [0.28, 0.4, 1.55], [0.07, 0.7, 1.2]]","[208, 332, 283, 158, 304, 309, 333, 320, 323, 236, 264, 291, 331, 335, 292, 289, 346, 329, 351]",51.8
650,1790252302145704080,307242,101792,25,18,177.5,"[28.4, 29.7, 32.8, 36.7, 40.7, 76.9, 79.7, 81.1, 82.4, 87.1, 90.3, 91.7, 93.2, 93.8, 121.8, 132.3, 171.1, 177.5]","['NEAR', 'OUTSIDE', 'INSIDE', 'INSIDE', 'INSIDE', 'INSIDE', 'OUTSIDE', 'INSIDE', 'NEAR', 'INSIDE', 'INSIDE', 'OUTSIDE', 'OUTSIDE', 'INSIDE', 'INSIDE', 'OUTSIDE', 'OUTSIDE', 'INSIDE']","[[0.44, 1.02, 1.0], [1.41, 0.99, 1.29], [1.16, 1.12, 0.28], [1.03, 1.4, 0.09], [1.08, 1.82, 0.08], [1.41, 0.54, 1.85], [0.17, 1.1, 0.68], [2.14, 0.67, 2.78], [1.1, 0.31, 1.32], [1.66, 0.62, 2.31], [2.3, 0.51, 1.06], [1.39, 0.32, 0.24], [0.03, 0.25, 0.62], [1.35, 0.41, 1.91], [2.34, 3.45, 3.23], [3.41, 0.23, 1.6], [0.31, 0.39, 1.39], [0.11, 0.39, 0.71]]","[332, 283, 333, 320, 323, 236, 264, 291, 300, 331, 310, 292, 335, 289, 308, 301, 329, 351]",39.2
651,1790252302231032727,307239,101780,22,16,178.5,"[27.9, 29.5, 36.6, 40.5, 73.5, 80.4, 84.3, 85.3, 88.4, 89.2, 90.3, 91.2, 91.3, 169.2, 175.5, 178.5]","['OUTSIDE', 'OUTSIDE', 'INSIDE', 'INSIDE', 'INSIDE', 'INSIDE', 'OUTSIDE', 'NEAR', 'OUTSIDE', 'INSIDE', 'OUTSIDE', 'OUTSIDE', 'INSIDE', 'OUTSIDE', 'INSIDE', 'OUTSIDE']","[[1.33, 0.89, 0.6], [0.95, 0.75, 0.79], [1.44, 1.39, 0.12], [0.96, 1.68, 0.07], [4.53, 0.65, 2.82], [3.04, 0.61, 3.04], [1.05, 0.61, 1.84], [1.16, 0.24, 2.23], [1.18, 0.72, 1.42], [2.29, 0.5, 1.39], [0.28, 0.36, 0.41], [0.03, 0.37, 0.6], [0.99, 0.4, 1.87], [0.34, 0.17, 1.83], [0.11, 0.69, 0.71], [0.04, 0.31, 0.0]]","[302, 283, 320, 323, 236, 291, 284, 331, 336, 310, 292, 335, 289, 329, 351, 338]",52.4
652,1790252302342615624,307219,101378,18,16,173.6,"[27.5, 28.9, 29.6, 32.7, 35.8, 39.6, 72.8, 78.5, 83.8, 86.9, 87.3, 89.3, 89.5, 128.9, 167.4, 173.6]","['INSIDE', 'INSIDE', 'OUTSIDE', 'INSIDE', 'INSIDE', 'INSIDE', 'INSIDE', 'INSIDE', 'INSIDE', 'OUTSIDE', 'INSIDE', 'OUTSIDE', 'INSIDE', 'INSIDE', 'OUTSIDE', 'INSIDE']","[[0.06, 1.53, 0.01], [0.65, 1.65, 0.07], [1.4, 0.87, 0.94], [0.57, 1.58, 0.05], [1.67, 1.6, 0.14], [1.05, 1.65, 0.08], [5.38, 0.66, 2.52], [2.42, 0.59, 2.77], [3.27, 0.59, 2.19], [1.69, 0.67, 1.32], [0.63, 0.08, 0.84], [0.14, 0.37, 0.61], [0.49, 0.54, 1.83], [5.1, 3.83, 3.18], [0.29, 0.29, 1.5], [0.11, 0.68, 0.8]]","[302, 158, 332, 333, 320, 323, 236, 291, 300, 336, 310, 335, 289, 301, 329, 351]",40.3
653,1790252302441241467,307193,101413,25,17,174.8,"[27.5, 28.5, 30.4, 32.0, 33.0, 33.5, 36.0, 40.5, 73.1, 81.2, 84.6, 87.4, 87.5, 124.4, 165.5, 171.7, 174.8]","['INSIDE', 'OUTSIDE', 'INSIDE', 'INSIDE', 'INSIDE', 'NEAR', 'INSIDE', 'INSIDE', 'INSIDE', 'INSIDE', 'INSIDE', 'OUTSIDE', 'INSIDE', 'INSIDE', 'OUTSIDE', 'INSIDE', 'OUTSIDE']","[[0.34, 1.63, 0.24], [0.49, 0.63, 0.78], [0.47, 0.96, 0.05], [1.0, 0.57, 0.26], [1.04, 1.7, 0.1], [0.27, 0.91, 0.89], [1.11, 1.49, 0.09], [0.42, 1.27, 0.03], [9.17, 0.68, 2.89], [1.78, 0.51, 2.13], [2.43, 0.52, 1.12], [0.09, 0.31, 0.4], [0.93, 0.38, 2.15], [7.86, 3.54, 3.94], [0.24, 0.09, 1.04], [0.05, 0.75, 1.15], [0.0, 0.31, 0.0]]","[302, 332, 158, 333, 317, 280, 320, 323, 236, 300, 331, 336, 310, 308, 329, 351, 338]",56.3
654,1790252302544678306,307219,101482,19,13,172.9,"[27.4, 28.7, 29.8, 32.4, 33.1, 36.1, 71.4, 80.2, 85.5, 85.6, 123.3, 169.9, 172.9]","['INSIDE', 'OUTSIDE', 'OUTSIDE', 'NEAR', 'INSIDE', 'INSIDE', 'INSIDE', 'INSIDE', 'OUTSIDE', 'INSIDE', 'INSIDE', 'INSIDE', 'OUTSIDE']","[[1.86, 1.97, 0.21], [0.35, 0.64, 0.77], [0.25, 0.94, 1.03], [1.73, 0.57, 0.26], [0.92, 1.71, 0.09], [1.05, 1.62, 0.09], [9.6, 0.73, 2.82], [3.63, 0.64, 2.09], [0.04, 0.25, 0.4], [0.91, 0.52, 1.88], [6.31, 3.68, 3.7], [0.07, 0.44, 1.14], [0.05, 0.3, 0.0]]","[302, 332, 283, 333, 317, 320, 236, 300, 284, 331, 308, 351, 338]",38.6
655,1790252302633596975,307194,101375,22,16,170.9,"[28.4, 29.6, 31.7, 32.0, 33.0, 35.3, 78.1, 81.7, 83.7, 83.7, 90.5, 91.2, 95.1, 128.1, 167.9, 170.9]","['OUTSIDE', 'INSIDE', 'OUTSIDE', 'INSIDE', 'NEAR', 'INSIDE', 'INSIDE', 'NEAR', 'OUTSIDE', 'INSIDE', 'RAIL', 'OUTSIDE', 'RAIL', 'INSIDE', 'INSIDE', 'OUTSIDE']","[[1.32, 1.59, 1.8], [2.27, 1.93, 0.23], [0.44, 0.77, 0.82], [2.05, 2.46, 0.7], [0.51, 1.2, 1.16], [1.2, 1.71, 0.1], [3.11, 0.64, 1.55], [0.72, 0.07, 0.91], [0.18, 0.23, 0.39], [0.84, 0.5, 1.84], [0.78, 0.62, 0.14], [0.73, 0.41, 0.62], [0.05, 0.22, 0.14], [14.68, 4.02, 3.88], [0.11, 0.46, 1.11], [0.04, 0.3, 0.0]]","[302, 158, 309, 333, 280, 320, 291, 300, 284, 331, 289, 292, 315, 301, 351, 338]",45.3
656,1790252302736911182,307176,101659,20,15,166.1,"[27.9, 28.4, 29.9, 30.5, 32.2, 35.6, 41.4, 67.0, 76.0, 78.8, 81.8, 81.8, 84.6, 153.3, 166.1]","['INSIDE', 'OUTSIDE', 'INSIDE', 'INSIDE', 'INSIDE', 'INSIDE', 'INSIDE', 'NEAR', 'NEAR', 'RAIL', 'OUTSIDE', 'INSIDE', 'NEAR', 'INSIDE', 'INSIDE']","[[0.32, 1.46, 0.04], [1.42, 1.66, 1.52], [0.43, 1.56, 0.04], [1.32, 1.06, 0.63], [1.52, 1.55, 0.28], [2.35, 2.18, 0.2], [1.14, 1.29, 0.09], [10.25, 0.76, 3.28], [1.12, 0.35, 2.52], [2.19, 0.48, 0.67], [0.1, 0.29, 0.38], [0.91, 0.53, 1.97], [1.45, 0.17, 0.36], [2.82, 3.82, 3.83], [0.08, 0.45, 1.11]]","[158, 302, 304, 283, 333, 320, 323, 236, 291, 300, 284, 331, 310, 346, 351]",52.4
657,1790252302838609830,307186,102085,16,14,164.2,"[25.9, 31.5, 32.4, 35.3, 36.8, 73.6, 77.1, 79.9, 80.4, 90.5, 108.1, 128.5, 154.7, 164.2]","['INSIDE', 'OUTSIDE', 'INSIDE', 'RAIL', 'INSIDE', 'NEAR', 'RAIL', 'INSIDE', 'OUTSIDE', 'NEAR', 'OUTSIDE', 'INSIDE', 'INSIDE', 'INSIDE']","[[0.34, 1.36, 0.04], [1.08, 0.91, 1.4], [1.2, 2.0, 0.11], [2.0, 0.07, 0.09], [0.87, 1.29, 0.08], [1.45, 0.61, 1.61], [2.05, 0.46, 1.06], [0.91, 0.38, 1.92], [0.96, 0.63, 0.77], [2.45, 0.3, 1.58], [1.47, 0.29, 1.4], [6.12, 4.06, 3.85], [7.05, 3.95, 3.47], [0.06, 0.45, 0.76]]","[208, 309, 333, 320, 317, 291, 300, 331, 284, 289, 354, 301, 346, 351]",37.5
658,1790252302936249666,307205,101615,20,15,106.0,"[27.2, 28.3, 28.3, 29.5, 32.4, 36.4, 42.5, 71.8, 76.3, 81.3, 84.7, 88.5, 89.8, 90.7, 106.0]","['OUTSIDE', 'OUTSIDE', 'NEAR', 'INSIDE', 'INSIDE', 'INSIDE', 'INSIDE', 'NEAR', 'INSIDE', 'OUTSIDE', 'RAIL', 'NEAR', 'RAIL', 'OUTSIDE', 'OUTSIDE']","[[0.55, 0.74, 0.5], [0.67, 1.26, 0.96], [0.85, 1.3, 1.02], [1.16, 1.72, 0.12], [0.65, 1.57, 0.06], [1.07, 1.63, 0.09], [0.73, 1.03, 0.06], [2.09, 0.63, 2.07], [4.38, 0.67, 1.92], [3.01, 0.26, 1.06], [1.22, 0.58, 1.15], [2.43, 0.28, 0.99], [0.66, 0.51, 0.36], [1.09, 0.23, 1.39], [1.02, 0.25, 0.49]]","[302, 158, 332, 304, 333, 317, 323, 291, 300, 284, 310, 289, 335, 292, 354]",52.1
659,1790252303035289088,307171,101563,22,19,154.3,"[28.5, 28.5, 29.2, 29.4, 29.5, 32.8, 36.6, 41.8, 70.5, 74.2, 76.2, 78.8, 82.9, 86.7, 87.9, 88.8, 104.1, 128.2, 154.3]","['NEAR', 'INSIDE', 'OUTSIDE', 'INSIDE', 'NEAR', 'INSIDE', 'INSIDE', 'INSIDE', 'NEAR', 'NEAR', 'INSIDE', 'NEAR', 'RAIL', 'OUTSIDE', 'RAIL', 'NEAR', 'OUTSIDE', 'INSIDE', 'OUTSIDE']","[[0.51, 0.98, 0.51], [0.43, 1.13, 0.74], [0.53, 0.91, 0.49], [0.65, 1.74, 0.07], [0.35, 0.87, 0.78], [1.04, 1.37, 0.1], [1.39, 2.12, 0.42], [1.0, 1.17, 0.08], [3.4, 0.62, 2.19], [1.53, 0.56, 1.32], [0.86, 0.48, 1.87], [1.6, 0.25, 1.05], [0.89, 0.56, 0.33], [1.16, 0.27, 1.77], [0.65, 0.5, 0.35], [2.27, 0.28, 0.96], [0.99, 0.43, 0.48], [14.04, 4.18, 3.99], [0.26, 0.4, 1.66]]","[158, 332, 304, 283, 309, 333, 317, 323, 291, 300, 331, 284, 310, 336, 335, 289, 354, 301, 346]",41.3
660,1790252303131541641,307213,101711,20,14,152.4,"[26.9, 27.4, 28.7, 29.9, 32.9, 36.6, 37.9, 68.6, 73.3, 85.3, 86.1, 87.5, 102.4, 152.4]","['INSIDE', 'NEAR', 'NEAR', 'INSIDE', 'INSIDE', 'OUTSIDE', 'INSIDE', 'RAIL', 'INSIDE', 'RAIL', 'INSIDE', 'OUTSIDE', 'OUTSIDE', 'OUTSIDE']","[[1.1, 2.94, 1.03], [0.84, 1.05, 1.01], [0.56, 0.57, 0.46], [1.11, 1.74, 0.11], [1.14, 1.59, 0.11], [0.41, 0.8, 0.97], [1.03, 0.92, 0.09], [1.12, 0.49, 0.94], [6.17, 0.64, 1.98], [0.69, 0.49, 0.35], [3.02, 0.18, 1.0], [2.05, 0.25, 2.11], [1.28, 0.49, 1.79], [0.29, 0.4, 1.32]]","[208, 332, 309, 283, 333, 317, 323, 236, 300, 335, 289, 336, 354, 346]",51.7
661,1790252303232999073,307199,101736,29,19,153.6,"[26.7, 26.9, 28.6, 29.1, 29.9, 32.3, 33.1, 37.2, 38.7, 66.7, 72.4, 76.0, 78.6, 80.2, 83.5, 84.7, 101.5, 126.7, 153.6]","['INSIDE', 'NEAR', 'OUTSIDE', 'OUTSIDE', 'INSIDE', 'OUTSIDE', 'INSIDE', 'INSIDE', 'NEAR', 'NEAR', 'INSIDE', 'NEAR', 'INSIDE', 'OUTSIDE', 'OUTSIDE', 'NEAR', 'OUTSIDE', 'INSIDE', 'INSIDE']","[[1.84, 1.74, 0.38], [1.36, 1.21, 1.22], [0.42, 1.09, 0.72], [0.92, 0.83, 0.98], [1.32, 1.85, 0.14], [1.36, 1.3, 1.06], [1.05, 1.49, 0.1], [1.21, 1.43, 0.1], [0.82, 0.79, 0.72], [0.81, 0.29, 2.08], [4.34, 0.54, 1.79], [0.66, 0.17, 0.85], [2.4, 0.66, 1.55], [2.73, 0.26, 1.84], [1.71, 0.21, 1.7], [3.27, 0.28, 3.21], [0.17, 0.83, 0.23], [9.89, 4.06, 3.69], [6.37, 3.93, 3.38]]","[208, 332, 158, 309, 283, 333, 280, 323, 317, 236, 300, 331, 284, 310, 336, 289, 339, 301, 346]",37.2
662,1790252303334205456,307204,101644,26,18,154.4,"[29.3, 29.6, 32.0, 32.7, 36.6, 66.1, 70.7, 73.5, 77.2, 81.1, 84.0, 86.4, 92.4, 96.7, 98.5, 119.9, 125.3, 154.4]","['OUTSIDE', 'INSIDE', 'OUTSIDE', 'INSIDE', 'INSIDE', 'NEAR', 'INSIDE', 'NEAR', 'INSIDE', 'NEAR', 'OUTSIDE', 'INSIDE', 'OUTSIDE', 'OUTSIDE', 'OUTSIDE', 'OUTSIDE', 'INSIDE', 'INSIDE']","[[0.73, 0.88, 0.55], [1.59, 1.91, 0.16], [0.42, 0.77, 0.84], [0.55, 0.8, 0.05], [0.64, 1.15, 0.06], [5.68, 0.36, 2.46], [0.87, 0.36, 1.69], [2.0, 0.14, 1.62], [1.45, 0.59, 1.53], [2.29, 0.25, 1.29], [3.82, 0.2, 2.05], [1.97, 0.23, 1.56], [0.32, 0.23, 0.23], [0.06, 1.69, 0.22], [0.96, 0.26, 0.4], [0.08, 0.5, 0.49], [8.74, 4.27, 3.73], [1.13, 3.88, 2.7]]","[304, 283, 280, 333, 323, 236, 291, 300, 284, 289, 336, 335, 292, 339, 354, 308, 301, 346]",47.2
663,1790252303430759013,307208,101733,34,22,122.6,"[25.6, 26.9, 27.9, 28.1, 28.7, 30.0, 30.7, 31.1, 32.1, 33.5, 36.2, 65.0, 68.9, 69.1, 79.8, 82.1, 84.4, 89.8, 94.7, 96.7, 118.1, 122.6]","['INSIDE', 'INSIDE', 'NEAR', 'NEAR', 'NEAR', 'OUTSIDE', 'INSIDE', 'NEAR', 'OUTSIDE', 'INSIDE', 'INSIDE', 'RAIL', 'RAIL', 'INSIDE', 'INSIDE', 'OUTSIDE', 'INSIDE', 'OUTSIDE', 'RAIL', 'OUTSIDE', 'OUTSIDE', 'INSIDE']","[[0.75, 1.26, 0.09], [2.17, 2.65, 0.67], [0.6, 0.58, 0.29], [0.52, 0.77, 0.51], [1.43, 1.49, 1.6], [0.23, 0.89, 0.8], [0.62, 1.08, 0.26], [0.39, 0.94, 0.81], [0.4, 0.75, 0.86], [1.22, 1.52, 0.12], [1.29, 1.62, 0.11], [0.5, 0.12, 0.58], [0.89, 0.69, 0.76], [4.31, 0.53, 2.32], [2.28, 0.57, 3.01], [0.69, 0.23, 1.99], [1.62, 0.15, 1.5], [1.04, 0.2, 0.39], [0.33, 0.49, 0.41], [0.95, 0.38, 0.39], [0.07, 0.49, 0.48], [4.93, 4.17, 3.76]]","[208, 302, 158, 332, 309, 280, 283, 333, 304, 323, 317, 236, 291, 300, 289, 310, 335, 292, 353, 354, 308, 301]",55.9
664,1790252303536384085,307181,101798,24,16,167.0,"[29.2, 30.8, 33.2, 33.2, 36.2, 61.6, 66.1, 71.9, 77.7, 82.7, 83.5, 88.5, 94.1, 116.3, 118.4, 167.0]","['NEAR', 'OUTSIDE', 'INSIDE', 'NEAR', 'INSIDE', 'NEAR', 'NEAR', 'NEAR', 'INSIDE', 'INSIDE', 'OUTSIDE', 'OUTSIDE', 'RAIL', 'OUTSIDE', 'RAIL', 'INSIDE']","[[0.76, 1.39, 1.3], [1.56, 0.93, 1.29], [0.34, 1.39, 0.03], [0.62, 0.84, 0.62], [0.69, 1.26, 0.06], [3.96, 0.32, 2.31], [2.62, 0.52, 1.65], [3.35, 0.32, 2.67], [2.81, 0.52, 2.94], [1.87, 0.15, 1.84], [1.53, 0.16, 1.45], [2.05, 0.32, 1.57], [2.63, 0.6, 0.61], [0.08, 0.48, 0.81], [0.15, 0.28, 0.18], [5.97, 3.95, 0.79]]","[309, 333, 323, 304, 317, 236, 300, 331, 284, 335, 336, 292, 353, 308, 301, 351]",58.5
665,1790252303631830300,307215,101893,25,13,162.3,"[28.4, 28.5, 30.3, 31.4, 32.1, 36.7, 63.4, 81.7, 87.2, 93.2, 97.2, 114.5, 162.3]","['INSIDE', 'NEAR', 'NEAR', 'NEAR', 'INSIDE', 'INSIDE', 'NEAR', 'INSIDE', 'OUTSIDE', 'OUTSIDE', 'INSIDE', 'OUTSIDE', 'INSIDE']","[[0.56, 1.28, 0.06], [0.82, 1.18, 1.22], [0.13, 0.91, 0.79], [0.46, 1.12, 0.85], [2.16, 1.98, 0.2], [1.02, 1.15, 0.09], [11.25, 0.53, 3.14], [3.54, 0.65, 2.9], [2.93, 0.34, 1.37], [1.16, 0.25, 1.23], [0.05, 1.7, 0.0], [0.15, 0.68, 0.79], [3.28, 3.41, 0.8]]","[158, 332, 280, 283, 323, 317, 236, 335, 292, 353, 339, 308, 351]",39.1
666,1790252303734815638,307201,101926,28,14,165.6,"[28.6, 28.7, 30.5, 32.2, 32.9, 65.5, 78.4, 86.4, 91.1, 94.1, 112.6, 119.4, 144.5, 165.6]","['INSIDE', 'NEAR', 'INSIDE', 'OUTSIDE', 'INSIDE', 'NEAR', 'NEAR', 'OUTSIDE', 'OUTSIDE', 'OUTSIDE', 'OUTSIDE', 'INSIDE', 'INSIDE', 'OUTSIDE']","[[0.37, 1.39, 0.04], [0.88, 1.36, 1.5], [0.18, 1.27, 0.02], [0.55, 0.93, 1.15], [1.15, 1.38, 0.11], [8.89, 0.51, 2.55], [2.64, 0.25, 2.69], [2.93, 0.28, 1.66], [1.03, 0.41, 1.01], [2.11, 0.1, 1.23], [0.06, 0.47, 0.78], [0.25, 0.33, 1.04], [6.42, 4.12, 3.18], [1.23, 1.73, 0.42]]","[158, 332, 323, 304, 283, 300, 284, 292, 353, 354, 308, 301, 357, 351]",48.6
667,1790252303841044629,307204,102023,30,20,162.1,"[28.7, 29.7, 29.9, 33.1, 33.8, 33.9, 35.6, 58.8, 66.5, 72.7, 73.8, 75.4, 76.3, 77.1, 82.7, 83.6, 110.9, 117.6, 142.6, 162.1]","['NEAR', 'OUTSIDE', 'INSIDE', 'NEAR', 'INSIDE', 'NEAR', 'INSIDE', 'NEAR', 'NEAR', 'INSIDE', 'NEAR', 'INSIDE', 'NEAR', 'OUTSIDE', 'OUTSIDE', 'RAIL', 'OUTSIDE', 'INSIDE', 'INSIDE', 'INSIDE']","[[0.15, 1.03, 0.74], [0.38, 0.91, 1.06], [1.36, 2.85, 0.87], [1.18, 0.63, 0.37], [0.6, 1.4, 0.06], [0.69, 0.93, 0.88], [2.16, 2.64, 2.01], [9.43, 0.59, 3.01], [3.22, 0.31, 2.5], [0.07, 1.55, 0.0], [2.7, 0.26, 2.75], [0.14, 1.58, 0.01], [1.68, 0.16, 2.69], [5.36, 1.83, 2.87], [1.42, 0.29, 2.03], [0.36, 0.52, 1.14], [0.13, 0.46, 0.77], [0.33, 0.41, 1.03], [6.43, 4.07, 3.14], [4.67, 3.93, 0.8]]","[332, 309, 323, 283, 304, 333, 317, 236, 300, 331, 291, 284, 289, 310, 336, 335, 308, 301, 357, 351]",54.3
668,1790252303943682038,307195,101748,38,15,142.9,"[27.1, 28.0, 28.6, 30.1, 30.6, 32.0, 54.2, 64.9, 76.2, 81.7, 94.7, 95.9, 109.0, 113.2, 142.9]","['INSIDE', 'NEAR', 'OUTSIDE', 'OUTSIDE', 'INSIDE', 'OUTSIDE', 'NEAR', 'NEAR', 'INSIDE', 'OUTSIDE', 'INSIDE', 'OUTSIDE', 'OUTSIDE', 'INSIDE', 'OUTSIDE']","[[1.43, 2.73, 1.29], [0.71, 1.35, 1.46], [2.4, 1.08, 1.02], [0.63, 0.97, 0.84], [1.08, 1.45, 0.11], [0.41, 0.76, 0.85], [3.75, 0.35, 2.15], [1.34, 0.19, 2.42], [3.52, 1.56, 2.93], [2.97, 0.26, 2.39], [0.98, 3.92, 0.87], [1.15, 0.12, 1.73], [0.07, 0.31, 0.92], [0.02, 1.19, 0.0], [0.03, 0.29, 0.29]]","[302, 332, 158, 323, 280, 333, 236, 300, 289, 336, 339, 354, 308, 301, 357]",46.7
669,1790252304042316603,307213,101869,33,17,142.2,"[26.2, 27.1, 28.2, 29.6, 52.5, 60.5, 67.8, 74.9, 80.9, 82.3, 83.9, 89.0, 94.1, 94.7, 107.2, 112.9, 142.2]","['NEAR', 'NEAR', 'OUTSIDE', 'NEAR', 'NEAR', 'NEAR', 'NEAR', 'INSIDE', 'OUTSIDE', 'INSIDE', 'OUTSIDE', 'OUTSIDE', 'OUTSIDE', 'OUTSIDE', 'OUTSIDE', 'INSIDE', 'INSIDE']","[[0.49, 1.01, 0.72], [0.29, 0.65, 0.49], [0.46, 1.26, 1.43], [1.22, 1.32, 1.5], [4.54, 0.38, 2.04], [1.48, 0.2, 1.32], [3.79, 0.32, 2.61], [4.44, 0.51, 3.39], [3.15, 0.26, 0.97], [0.52, 0.6, 1.28], [1.0, 0.73, 1.84], [1.13, 0.15, 0.97], [1.15, 0.2, 1.0], [0.26, 1.43, 0.22], [0.16, 0.42, 0.9], [0.08, 3.35, 0.0], [0.09, 0.34, 0.99]]","[208, 332, 309, 158, 236, 300, 291, 289, 336, 335, 292, 353, 354, 339, 308, 301, 357]",49.8
670,1790252304137716777,307184,102117,24,12,155.5,"[28.3, 28.5, 37.3, 44.6, 67.3, 72.3, 88.0, 97.5, 104.9, 112.4, 140.4, 155.5]","['INSIDE', 'OUTSIDE', 'OUTSIDE', 'RAIL', 'NEAR', 'NEAR', 'OUTSIDE', 'INSIDE', 'OUTSIDE', 'INSIDE', 'INSIDE', 'INSIDE']","[[0.51, 1.37, 0.06], [0.45, 1.04, 0.99], [2.57, 0.21, 1.92], [0.61, 0.23, 0.88], [2.97, 0.25, 2.53], [2.63, 0.24, 1.87], [0.54, 0.16, 1.37], [0.08, 1.87, 0.0], [1.14, 0.75, 0.89], [0.48, 3.73, 0.78], [0.13, 0.34, 0.97], [1.65, 2.43, 0.03]]","[302, 158, 317, 352, 291, 289, 353, 339, 308, 301, 357, 346]",38.4
671,1790252304239027013,307191,103139,34,12,156.8,"[29.5, 29.5, 37.0, 48.8, 79.5, 82.8, 87.3, 89.5, 95.5, 99.9, 110.6, 156.8]","['OUTSIDE', 'INSIDE', 'OUTSIDE', 'NEAR', 'NEAR', 'NEAR', 'OUTSIDE', 'OUTSIDE', 'INSIDE', 'OUTSIDE', 'INSIDE', 'INSIDE']","[[0.18, 0.68, 0.51], [0.43, 0.92, 0.02], [5.49, 0.29, 1.8], [1.5, 0.35, 1.71], [2.1, 0.2, 1.37], [1.24, 0.18, 1.46], [2.56, 0.27, 1.76], [0.99, 0.28, 1.18], [0.53, 2.97, 0.23], [1.04, 0.03, 1.16], [0.57, 3.83, 0.76], [1.55, 2.18, 0.03]]","[158, 280, 317, 236, 335, 292, 353, 354, 339, 308, 301, 346]",47.6
672,1790252304330543013,307205,101386,28,12,153.5,"[27.6, 48.6, 63.8, 66.0, 68.5, 74.3, 81.0, 88.2, 98.5, 110.6, 141.6, 153.5]","['OUTSIDE', 'RAIL', 'NEAR', 'INSIDE', 'INSIDE', 'NEAR', 'OUTSIDE', 'OUTSIDE', 'INSIDE', 'INSIDE', 'INSIDE', 'INSIDE']","[[0.91, 0.42, 0.32], [0.43, 0.09, 0.43], [2.82, 0.26, 2.4], [6.75, 2.59, 3.02], [2.58, 1.41, 2.92], [1.14, 0.08, 0.96], [2.19, 0.48, 2.87], [0.02, 0.28, 1.15], [0.02, 1.55, 0.0], [0.07, 3.47, 0.0], [3.7, 3.38, 2.25], [1.51, 3.23, 0.03]]","[158, 236, 300, 291, 289, 284, 336, 353, 339, 301, 357, 346]",47.4
673,1790252304431406058,307185,101417,33,14,153.9,"[25.8, 35.8, 48.8, 62.1, 66.6, 70.8, 78.1, 82.6, 85.3, 87.4, 99.7, 100.0, 138.6, 153.9]","['INSIDE', 'NEAR', 'NEAR', 'NEAR', 'NEAR', 'NEAR', 'NEAR', 'OUTSIDE', 'NEAR', 'OUTSIDE', 'RAIL', 'INSIDE', 'OUTSIDE', 'OUTSIDE']","[[0.48, 1.14, 0.03], [10.86, 0.4, 2.72], [0.99, 0.18, 1.94], [2.79, 0.25, 2.86], [2.33, 0.38, 1.59], [3.65, 0.22, 1.44], [3.18, 0.15, 1.36], [4.3, 0.41, 1.45], [2.96, 0.18, 2.65], [1.92, 0.26, 0.77], [1.09, 0.54, 0.64], [0.46, 1.25, 0.21], [1.2, 0.41, 1.54], [0.2, 1.13, 0.29]]","[208, 317, 236, 300, 289, 284, 335, 336, 292, 353, 308, 339, 357, 346]",50.2
674,1790252304535508250,307194,101693,39,13,134.8,"[24.1, 31.9, 45.8, 65.8, 77.4, 80.3, 82.7, 83.2, 85.1, 94.0, 96.2, 113.8, 134.8]","['OUTSIDE', 'OUTSIDE', 'OUTSIDE', 'NEAR', 'NEAR', 'OUTSIDE', 'OUTSIDE', 'NEAR', 'OUTSIDE', 'OUTSIDE', 'OUTSIDE', 'INSIDE', 'INSIDE']","[[0.74, 0.49, 0.42], [0.78, 0.16, 0.8], [0.42, 0.17, 0.64], [6.17, 0.32, 2.98], [1.3, 0.19, 1.36], [1.56, 0.22, 1.78], [1.08, 0.07, 0.72], [1.12, 0.15, 0.55], [0.99, 0.17, 1.38], [1.88, 0.05, 1.02], [1.26, 0.22, 0.83], [0.36, 2.74, 1.08], [5.29, 4.12, 3.27]]","[208, 333, 236, 289, 335, 336, 353, 292, 354, 308, 339, 301, 357]",53.1
675,1790252304637262089,307187,102007,46,19,161.4,"[24.3, 36.9, 38.0, 42.5, 44.9, 63.9, 69.9, 74.7, 75.1, 75.3, 82.9, 83.9, 87.1, 92.7, 96.2, 118.3, 132.9, 154.4, 161.4]","['RAIL', 'INSIDE', 'INSIDE', 'OUTSIDE', 'RAIL', 'NEAR', 'NEAR', 'RAIL', 'NEAR', 'NEAR', 'NEAR', 'OUTSIDE', 'OUTSIDE', 'OUTSIDE', 'INSIDE', 'INSIDE', 'INSIDE', 'INSIDE', 'INSIDE']","[[0.87, 0.13, 0.22], [0.54, 1.23, 0.95], [0.03, 2.78, 0.01], [0.13, 1.28, 0.38], [0.52, 0.2, 0.27], [5.95, 0.35, 2.39], [3.11, 0.2, 1.68], [0.99, 0.44, 0.33], [3.11, 0.18, 1.47], [1.8, 0.16, 0.5], [1.18, 0.28, 3.1], [2.22, 0.23, 1.12], [0.05, 0.91, 0.0], [1.0, 0.02, 0.81], [1.18, 3.03, 0.88], [0.38, 3.66, 1.78], [10.45, 3.96, 3.09], [1.16, 4.03, 0.69], [2.1, 3.35, 0.4]]","[208, 317, 363, 352, 236, 300, 284, 310, 335, 331, 292, 353, 354, 308, 339, 301, 357, 346, 351]",50.8
676,1790252304732347657,307201,102415,39,15,164.9,"[22.4, 33.5, 34.7, 36.6, 45.5, 65.5, 68.5, 74.1, 80.1, 81.1, 86.0, 92.6, 96.0, 130.7, 164.9]","['RAIL', 'INSIDE', 'NEAR', 'NEAR', 'NEAR', 'INSIDE', 'NEAR', 'NEAR', 'NEAR', 'OUTSIDE', 'OUTSIDE', 'OUTSIDE', 'INSIDE', 'INSIDE', 'INSIDE']","[[1.04, 0.13, 0.2], [0.48, 1.56, 0.27], [0.24, 0.21, 0.59], [0.5, 0.26, 0.51], [1.51, 0.52, 1.8], [0.79, 0.55, 1.14], [2.21, 0.12, 1.21], [4.84, 0.18, 1.09], [3.02, 0.25, 2.73], [3.83, 0.17, 2.37], [1.54, 0.32, 2.85], [1.44, 0.25, 0.61], [0.05, 2.35, 0.0], [4.14, 3.89, 3.15], [4.46, 3.85, 1.79]]","[208, 304, 317, 363, 236, 289, 284, 335, 292, 336, 354, 308, 339, 357, 351]",43.8
677,1790252304833233059,307154,102769,38,16,165.0,"[18.7, 25.5, 27.5, 31.3, 33.1, 33.2, 36.4, 42.1, 43.5, 65.9, 72.6, 76.3, 85.0, 95.6, 140.6, 165.0]","['INSIDE', 'OUTSIDE', 'OUTSIDE', 'INSIDE', 'OUTSIDE', 'INSIDE', 'OUTSIDE', 'NEAR', 'RAIL', 'NEAR', 'INSIDE', 'NEAR', 'OUTSIDE', 'INSIDE', 'INSIDE', 'INSIDE']","[[0.28, 0.83, 0.02], [1.72, 0.15, 0.97], [1.16, 0.16, 0.77], [0.42, 1.26, 0.52], [0.34, 1.37, 0.28], [0.49, 1.9, 0.28], [1.11, 0.44, 1.46], [0.07, 1.18, 0.01], [0.73, 0.33, 0.57], [2.15, 0.18, 1.76], [0.12, 1.27, 0.0], [14.9, 0.38, 2.94], [3.53, 0.43, 2.97], [0.39, 3.68, 0.22], [2.85, 3.96, 0.98], [4.24, 3.78, 0.67]]","[208, 332, 309, 333, 304, 317, 363, 352, 236, 289, 331, 335, 354, 339, 359, 351]",56.7
678,1790252304944655904,307097,102059,31,14,166.5,"[31.0, 36.0, 62.7, 64.5, 67.8, 73.9, 80.8, 82.9, 93.1, 94.0, 123.1, 136.4, 155.3, 166.5]","['INSIDE', 'OUTSIDE', 'INSIDE', 'NEAR', 'NEAR', 'NEAR', 'INSIDE', 'OUTSIDE', 'INSIDE', 'INSIDE', 'INSIDE', 'INSIDE', 'OUTSIDE', 'INSIDE']","[[0.05, 2.82, 0.01], [3.61, 0.44, 2.14], [1.06, 0.42, 1.55], [2.65, 0.2, 1.57], [1.38, 0.19, 1.8], [8.27, 0.26, 2.31], [1.78, 0.34, 3.05], [2.36, 0.52, 2.37], [1.26, 3.62, 0.37], [0.05, 0.66, 0.0], [6.23, 4.14, 3.0], [14.33, 3.69, 2.08], [0.27, 1.34, 0.35], [5.84, 3.93, 1.18]]","[333, 363, 300, 289, 284, 335, 292, 353, 308, 339, 362, 359, 346, 351]",55.7
679,1790252305035306969,306867,101495,30,13,162.2,"[34.9, 42.1, 60.5, 70.6, 79.4, 85.3, 93.8, 94.8, 115.7, 124.3, 134.1, 154.4, 162.2]","['OUTSIDE', 'OUTSIDE', 'NEAR', 'INSIDE', 'NEAR', 'INSIDE', 'INSIDE', 'INSIDE', 'INSIDE', 'INSIDE', 'INSIDE', 'INSIDE', 'INSIDE']","[[5.12, 0.46, 2.08], [0.49, 0.16, 1.28], [0.63, 0.09, 1.57], [0.13, 1.05, 0.76], [1.6, 0.4, 3.02], [7.76, 4.24, 3.35], [0.13, 3.78, 0.2], [3.13, 0.38, 0.81], [0.08, 3.03, 0.0], [6.49, 4.11, 3.03], [3.16, 4.22, 0.89], [2.07, 3.74, 0.38], [0.75, 4.16, 0.65]]","[363, 366, 300, 331, 292, 354, 308, 339, 301, 362, 359, 346, 351]",41.6
680,1790252305144832367,306656,101103,31,14,162.2,"[30.8, 33.7, 35.2, 38.8, 41.9, 82.8, 87.7, 90.4, 92.0, 94.5, 121.4, 133.9, 151.8, 162.2]","['INSIDE', 'INSIDE', 'RAIL', 'NEAR', 'NEAR', 'INSIDE', 'RAIL', 'INSIDE', 'INSIDE', 'INSIDE', 'INSIDE', 'INSIDE', 'OUTSIDE', 'INSIDE']","[[0.12, 2.04, 0.01], [0.61, 1.58, 0.27], [1.0, 0.69, 0.58], [8.96, 0.63, 1.98], [1.26, 0.29, 0.86], [9.23, 4.27, 3.29], [0.09, 0.49, 0.6], [0.4, 3.63, 0.21], [0.05, 1.28, 0.0], [0.32, 0.38, 0.8], [2.64, 4.27, 2.91], [12.52, 4.21, 0.94], [0.25, 1.57, 0.34], [4.63, 4.29, 1.46]]","[333, 317, 367, 363, 366, 353, 374, 368, 308, 339, 362, 359, 346, 351]",44.1
681,1790252305233885340,306632,101366,35,16,154.6,"[30.3, 31.5, 36.8, 42.5, 47.1, 62.9, 74.3, 80.3, 83.6, 84.7, 87.2, 88.7, 115.5, 123.1, 132.0, 154.6]","['INSIDE', 'OUTSIDE', 'NEAR', 'INSIDE', 'RAIL', 'INSIDE', 'NEAR', 'OUTSIDE', 'OUTSIDE', 'INSIDE', 'OUTSIDE', 'INSIDE', 'INSIDE', 'INSIDE', 'INSIDE', 'INSIDE']","[[0.53, 2.85, 0.05], [5.16, 0.45, 2.06], [4.64, 0.52, 1.85], [0.06, 1.63, 0.0], [0.18, 0.17, 0.09], [11.78, 1.46, 3.1], [8.68, 0.27, 2.84], [4.77, 0.25, 2.69], [0.32, 0.2, 1.11], [1.86, 3.65, 0.91], [2.5, 0.65, 2.75], [0.07, 1.7, 0.0], [0.71, 3.7, 0.74], [4.26, 4.14, 2.73], [3.72, 3.77, 0.85], [8.99, 4.25, 2.36]]","[333, 317, 363, 352, 236, 289, 335, 336, 354, 353, 374, 368, 301, 362, 357, 346]",54.0
682,1790252305341230523,306711,101749,35,19,163.2,"[27.1, 27.4, 28.9, 30.3, 32.4, 33.5, 42.2, 49.6, 71.5, 81.4, 82.8, 84.6, 90.0, 91.0, 113.5, 119.7, 135.0, 153.4, 163.2]","['NEAR', 'INSIDE', 'INSIDE', 'INSIDE', 'OUTSIDE', 'OUTSIDE', 'INSIDE', 'OUTSIDE', 'NEAR', 'INSIDE', 'INSIDE', 'OUTSIDE', 'OUTSIDE', 'INSIDE', 'INSIDE', 'INSIDE', 'INSIDE', 'INSIDE', 'INSIDE']","[[0.19, 0.25, 0.47], [0.47, 1.88, 0.05], [0.34, 1.91, 0.03], [0.07, 1.59, 0.01], [0.43, 1.02, 0.55], [10.32, 0.63, 1.82], [0.08, 1.33, 0.01], [0.53, 0.42, 1.66], [6.93, 0.27, 2.69], [3.01, 3.67, 2.73], [2.18, 1.55, 2.9], [3.13, 0.68, 1.7], [0.07, 0.94, 0.0], [1.17, 4.17, 0.82], [0.09, 2.38, 0.0], [0.08, 1.88, 0.0], [13.22, 3.71, 0.95], [10.02, 4.1, 2.1], [1.53, 3.41, 0.02]]","[309, 332, 333, 304, 317, 363, 352, 369, 331, 336, 353, 354, 368, 308, 301, 362, 359, 346, 351]",50.6
683,1790252305434554539,306971,103179,37,16,165.3,"[26.5, 29.7, 34.8, 35.4, 43.5, 48.4, 63.2, 73.7, 82.7, 88.4, 92.0, 111.3, 114.9, 133.5, 154.5, 165.3]","['OUTSIDE', 'OUTSIDE', 'INSIDE', 'OUTSIDE', 'NEAR', 'INSIDE', 'NEAR', 'NEAR', 'RAIL', 'INSIDE', 'INSIDE', 'OUTSIDE', 'INSIDE', 'INSIDE', 'INSIDE', 'INSIDE']","[[0.74, 0.19, 0.72], [8.32, 0.62, 2.29], [0.13, 1.96, 0.31], [1.72, 0.1, 1.24], [3.54, 0.33, 2.07], [0.07, 1.52, 0.01], [12.32, 0.26, 2.59], [6.85, 0.29, 2.75], [0.46, 0.62, 0.57], [4.06, 4.05, 2.73], [1.35, 3.76, 1.78], [0.26, 0.39, 1.24], [0.08, 3.41, 0.0], [13.8, 4.16, 0.99], [4.12, 4.22, 1.06], [3.06, 3.57, 0.29]]","[309, 333, 317, 363, 366, 369, 289, 335, 354, 374, 308, 373, 301, 357, 346, 351]",52.7
684,1790252305540219278,307196,104621,31,18,176.9,"[36.2, 44.3, 74.6, 75.1, 80.3, 81.6, 84.3, 86.0, 88.7, 101.5, 102.6, 109.5, 116.0, 117.9, 131.8, 155.4, 165.9, 176.9]","['INSIDE', 'NEAR', 'RAIL', 'OUTSIDE', 'INSIDE', 'INSIDE', 'OUTSIDE', 'INSIDE', 'INSIDE', 'OUTSIDE', 'INSIDE', 'OUTSIDE', 'OUTSIDE', 'INSIDE', 'INSIDE', 'INSIDE', 'INSIDE', 'OUTSIDE']","[[0.25, 2.03, 0.33], [0.17, 0.33, 0.49], [2.18, 0.2, 0.83], [8.2, 2.04, 2.97], [2.64, 3.91, 3.04], [4.41, 3.93, 2.97], [1.01, 0.14, 0.17], [5.07, 0.58, 1.38], [3.08, 4.0, 2.98], [2.56, 0.24, 0.47], [0.05, 3.4, 0.0], [0.28, 0.43, 0.92], [0.69, 1.85, 2.05], [0.22, 3.47, 0.53], [13.76, 4.01, 1.05], [4.51, 4.28, 2.05], [1.66, 3.66, 0.79], [3.54, 0.44, 0.33]]","[317, 366, 335, 310, 336, 353, 354, 371, 374, 382, 375, 373, 301, 362, 357, 346, 351, 372]",54.7
685,1790252305630877314,307201,103496,35,21,164.2,"[22.2, 25.1, 27.3, 33.3, 36.9, 38.3, 43.6, 76.3, 81.9, 83.5, 86.0, 90.7, 100.7, 102.3, 102.9, 107.8, 113.0, 114.6, 128.1, 154.3, 164.2]","['OUTSIDE', 'INSIDE', 'OUTSIDE', 'NEAR', 'INSIDE', 'RAIL', 'NEAR', 'NEAR', 'OUTSIDE', 'OUTSIDE', 'INSIDE', 'INSIDE', 'INSIDE', 'OUTSIDE', 'INSIDE', 'OUTSIDE', 'OUTSIDE', 'INSIDE', 'INSIDE', 'INSIDE', 'INSIDE']","[[0.09, 0.26, 0.2], [0.03, 2.19, 0.01], [10.53, 0.7, 2.0], [0.85, 0.25, 1.16], [0.44, 2.06, 0.03], [1.27, 0.15, 0.83], [0.28, 0.33, 0.59], [1.48, 0.28, 2.51], [1.06, 0.19, 1.46], [0.36, 0.31, 0.41], [9.98, 4.2, 3.05], [5.49, 3.79, 2.71], [0.94, 3.89, 1.8], [0.43, 0.39, 0.47], [0.04, 1.61, 0.0], [0.17, 0.19, 0.91], [0.08, 0.38, 0.3], [0.08, 3.0, 0.0], [11.05, 4.09, 0.78], [5.94, 4.3, 1.07], [1.7, 3.62, 0.78]]","[208, 332, 309, 363, 317, 367, 366, 335, 354, 374, 353, 308, 375, 382, 383, 373, 301, 362, 357, 346, 351]",34.9
686,1790252305739662278,307202,103748,36,20,155.6,"[19.4, 25.6, 28.0, 28.2, 34.0, 34.1, 37.4, 40.1, 40.8, 48.2, 71.6, 79.6, 88.8, 90.8, 101.4, 103.6, 106.1, 123.4, 132.5, 155.6]","['INSIDE', 'INSIDE', 'NEAR', 'OUTSIDE', 'RAIL', 'INSIDE', 'RAIL', 'RAIL', 'NEAR', 'RAIL', 'NEAR', 'INSIDE', 'OUTSIDE', 'INSIDE', 'INSIDE', 'INSIDE', 'OUTSIDE', 'INSIDE', 'INSIDE', 'INSIDE']","[[0.92, 0.13, 0.1], [0.14, 2.54, 0.02], [1.23, 0.55, 0.9], [10.31, 0.67, 2.38], [0.31, 0.08, 0.39], [0.37, 0.88, 0.27], [0.18, 0.2, 0.08], [0.92, 0.25, 0.53], [0.11, 0.29, 0.36], [0.95, 0.21, 0.85], [3.01, 0.19, 1.28], [9.39, 0.62, 2.93], [0.07, 1.39, 0.0], [1.56, 3.87, 2.18], [1.5, 3.81, 0.91], [0.08, 2.71, 0.0], [0.21, 0.29, 0.89], [3.8, 3.74, 0.8], [5.42, 4.24, 0.79], [0.06, 3.53, 0.0]]","[208, 304, 309, 332, 363, 317, 367, 352, 366, 369, 331, 292, 368, 308, 375, 383, 373, 357, 359, 346]",42.4
687,1790252305832080839,307205,104822,40,25,162.3,"[27.8, 27.9, 29.6, 33.2, 33.7, 36.4, 38.5, 40.2, 47.4, 49.0, 69.6, 75.4, 80.8, 81.9, 85.2, 85.9, 89.2, 94.5, 95.9, 98.2, 99.8, 101.9, 127.7, 150.9, 162.3]","['INSIDE', 'NEAR', 'INSIDE', 'INSIDE', 'NEAR', 'NEAR', 'RAIL', 'NEAR', 'RAIL', 'NEAR', 'NEAR', 'NEAR', 'INSIDE', 'INSIDE', 'OUTSIDE', 'NEAR', 'INSIDE', 'INSIDE', 'INSIDE', 'OUTSIDE', 'OUTSIDE', 'INSIDE', 'INSIDE', 'INSIDE', 'OUTSIDE']","[[0.4, 2.83, 0.46], [0.88, 0.35, 0.68], [0.69, 1.08, 0.73], [0.08, 1.88, 0.01], [0.8, 0.14, 0.96], [3.95, 0.36, 2.88], [1.22, 0.27, 0.5], [0.07, 0.29, 0.36], [0.51, 0.21, 1.07], [3.28, 0.21, 1.86], [3.54, 0.16, 1.38], [4.28, 0.32, 2.86], [5.54, 3.9, 2.94], [5.19, 1.48, 3.02], [1.14, 0.16, 2.1], [0.89, 0.18, 2.05], [1.58, 3.8, 2.14], [0.09, 3.46, 0.0], [0.06, 1.67, 0.0], [0.97, 0.34, 0.83], [1.31, 1.78, 0.89], [0.08, 3.56, 0.0], [11.72, 4.19, 1.03], [5.95, 4.14, 2.0], [1.38, 1.15, 0.01]]","[304, 309, 333, 317, 363, 379, 352, 366, 236, 369, 284, 335, 336, 353, 374, 371, 368, 378, 339, 375, 382, 383, 357, 346, 351]",49.1
688,1790252305926678391,307202,106842,27,15,156.0,"[34.4, 36.5, 38.5, 70.7, 80.3, 81.5, 85.6, 89.5, 95.9, 97.6, 102.6, 103.3, 105.4, 127.1, 156.0]","['INSIDE', 'NEAR', 'NEAR', 'NEAR', 'INSIDE', 'INSIDE', 'INSIDE', 'INSIDE', 'INSIDE', 'INSIDE', 'OUTSIDE', 'INSIDE', 'OUTSIDE', 'INSIDE', 'INSIDE']","[[0.28, 0.91, 0.34], [6.03, 0.38, 2.64], [0.11, 0.27, 0.43], [8.1, 0.3, 2.62], [3.35, 3.83, 2.51], [0.68, 1.26, 0.33], [5.49, 4.13, 2.5], [1.03, 3.81, 1.99], [0.34, 3.77, 0.84], [0.9, 3.97, 0.84], [0.06, 0.22, 0.2], [0.11, 3.6, 0.0], [0.88, 0.06, 1.37], [13.95, 4.05, 0.84], [4.62, 3.84, 0.43]]","[379, 363, 352, 331, 336, 353, 370, 368, 339, 375, 381, 383, 373, 357, 346]",47.1
689,1790252306028427165,307200,102440,36,24,155.8,"[27.0, 27.2, 29.0, 30.0, 32.2, 32.7, 32.9, 35.7, 38.6, 46.8, 48.7, 65.9, 80.3, 82.6, 85.5, 89.2, 91.9, 96.5, 99.3, 100.8, 105.4, 123.2, 137.4, 155.8]","['NEAR', 'OUTSIDE', 'RAIL', 'INSIDE', 'INSIDE', 'INSIDE', 'NEAR', 'NEAR', 'OUTSIDE', 'NEAR', 'NEAR', 'NEAR', 'INSIDE', 'INSIDE', 'INSIDE', 'OUTSIDE', 'INSIDE', 'INSIDE', 'INSIDE', 'OUTSIDE', 'INSIDE', 'INSIDE', 'INSIDE', 'INSIDE']","[[0.51, 0.13, 0.13], [1.26, 0.15, 1.09], [0.91, 0.24, 0.96], [0.54, 2.72, 0.05], [0.66, 2.68, 0.05], [0.84, 1.32, 0.88], [5.91, 0.39, 2.2], [0.12, 0.27, 0.63], [3.72, 0.42, 1.96], [1.4, 0.2, 1.63], [1.19, 0.2, 1.84], [2.06, 0.12, 0.87], [4.19, 3.85, 2.87], [1.06, 0.2, 1.3], [2.19, 4.1, 2.11], [2.99, 0.66, 1.91], [1.8, 3.39, 1.0], [1.1, 3.24, 0.87], [1.76, 3.42, 0.39], [0.72, 0.28, 0.85], [1.61, 3.71, 0.46], [6.02, 3.86, 0.97], [2.33, 3.76, 0.93], [1.56, 3.66, 0.42]]","[332, 309, 333, 304, 317, 363, 379, 352, 366, 369, 236, 289, 336, 353, 370, 368, 308, 339, 382, 381, 383, 357, 359, 346]",39.1
690,1790252306117895885,307200,104342,31,22,153.4,"[24.6, 25.4, 27.1, 31.2, 32.5, 35.1, 38.0, 45.6, 46.4, 64.3, 81.1, 84.5, 88.4, 89.9, 94.8, 96.8, 99.0, 102.5, 109.5, 118.5, 123.0, 153.4]","['OUTSIDE', 'NEAR', 'OUTSIDE', 'NEAR', 'NEAR', 'INSIDE', 'NEAR', 'NEAR', 'NEAR', 'NEAR', 'NEAR', 'INSIDE', 'OUTSIDE', 'INSIDE', 'OUTSIDE', 'INSIDE', 'OUTSIDE', 'INSIDE', 'INSIDE', 'INSIDE', 'INSIDE', 'INSIDE']","[[1.08, 0.91, 0.53], [0.87, 0.17, 0.19], [1.32, 0.23, 1.85], [0.37, 0.17, 0.86], [5.84, 0.39, 2.66], [0.19, 2.83, 0.01], [4.16, 0.43, 2.22], [0.7, 0.18, 1.51], [0.78, 0.19, 1.33], [2.08, 0.19, 2.42], [1.35, 0.15, 1.24], [3.59, 4.16, 2.11], [1.16, 0.24, 0.41], [0.96, 3.9, 1.56], [1.19, 2.05, 1.07], [0.14, 3.72, 0.0], [0.5, 0.39, 0.84], [1.44, 3.97, 2.31], [0.64, 3.79, 0.96], [0.04, 1.45, 0.0], [2.86, 3.92, 0.52], [3.04, 3.61, 0.39]]","[309, 332, 333, 363, 379, 317, 366, 369, 236, 289, 292, 370, 368, 308, 378, 339, 381, 383, 393, 362, 357, 346]",43.2
691,1790252306218562088,307202,103241,36,23,159.2,"[27.5, 28.1, 28.9, 32.5, 33.6, 34.9, 35.9, 38.5, 44.9, 46.0, 80.4, 83.1, 86.1, 87.1, 98.2, 99.9, 101.5, 104.4, 112.9, 118.4, 124.7, 135.0, 159.2]","['OUTSIDE', 'INSIDE', 'OUTSIDE', 'NEAR', 'NEAR', 'INSIDE', 'OUTSIDE', 'OUTSIDE', 'NEAR', 'RAIL', 'OUTSIDE', 'INSIDE', 'INSIDE', 'OUTSIDE', 'INSIDE', 'INSIDE', 'OUTSIDE', 'INSIDE', 'INSIDE', 'INSIDE', 'INSIDE', 'INSIDE', 'OUTSIDE']","[[0.64, 0.21, 0.5], [0.54, 1.9, 0.04], [7.29, 0.36, 2.57], [0.25, 0.3, 0.72], [0.42, 0.33, 1.32], [0.48, 2.62, 0.63], [3.25, 0.45, 1.85], [0.52, 1.02, 0.35], [0.71, 0.19, 1.68], [0.49, 0.11, 0.28], [0.02, 1.12, 0.0], [3.12, 3.91, 2.39], [0.49, 4.21, 0.81], [0.44, 0.28, 0.76], [0.07, 3.6, 0.0], [0.44, 1.53, 0.87], [2.69, 1.45, 1.14], [0.79, 3.68, 1.13], [1.78, 3.97, 0.49], [0.05, 2.89, 0.0], [4.11, 4.01, 0.84], [3.89, 3.78, 0.31], [0.1, 1.67, 0.0]]","[333, 304, 332, 379, 363, 317, 352, 376, 369, 236, 336, 370, 371, 368, 375, 382, 383, 373, 301, 362, 357, 359, 351]",48.3
692,1790252306320357915,307205,103311,32,22,153.8,"[21.3, 26.7, 30.8, 31.6, 33.2, 42.7, 43.9, 49.0, 78.0, 81.9, 85.9, 89.2, 90.9, 95.9, 96.5, 98.3, 101.7, 102.8, 108.9, 123.1, 133.3, 153.8]","['NEAR', 'OUTSIDE', 'NEAR', 'INSIDE', 'INSIDE', 'NEAR', 'NEAR', 'NEAR', 'NEAR', 'INSIDE', 'INSIDE', 'OUTSIDE', 'INSIDE', 'OUTSIDE', 'INSIDE', 'INSIDE', 'INSIDE', 'INSIDE', 'INSIDE', 'INSIDE', 'INSIDE', 'INSIDE']","[[2.24, 0.16, 0.96], [7.6, 0.38, 2.12], [0.21, 0.28, 0.54], [0.35, 1.32, 0.54], [0.12, 1.63, 0.01], [1.62, 0.23, 1.68], [0.94, 0.15, 1.23], [0.57, 0.17, 0.44], [1.83, 0.19, 1.73], [0.87, 1.89, 1.81], [0.28, 3.64, 0.41], [1.07, 0.47, 0.75], [1.03, 4.13, 1.36], [0.04, 0.36, 0.2], [0.09, 3.54, 0.0], [0.43, 1.68, 0.86], [1.24, 2.84, 0.69], [0.08, 2.15, 0.0], [0.12, 1.9, 0.0], [4.08, 4.14, 0.81], [3.89, 3.77, 0.3], [4.42, 2.44, 0.34]]","[208, 332, 379, 363, 317, 389, 369, 236, 335, 353, 371, 368, 308, 392, 339, 375, 383, 373, 393, 357, 359, 346]",38.9
693,1790252306419149243,307203,103140,35,25,131.7,"[20.9, 28.2, 30.2, 34.5, 35.9, 39.2, 41.7, 43.1, 47.5, 76.9, 77.1, 83.3, 84.4, 86.6, 89.2, 91.8, 93.7, 96.6, 97.9, 99.5, 100.9, 102.6, 119.5, 122.4, 131.7]","['OUTSIDE', 'INSIDE', 'NEAR', 'INSIDE', 'INSIDE', 'NEAR', 'NEAR', 'NEAR', 'NEAR', 'INSIDE', 'NEAR', 'OUTSIDE', 'INSIDE', 'OUTSIDE', 'INSIDE', 'INSIDE', 'OUTSIDE', 'INSIDE', 'INSIDE', 'OUTSIDE', 'INSIDE', 'INSIDE', 'OUTSIDE', 'INSIDE', 'INSIDE']","[[5.05, 0.4, 1.44], [0.95, 2.49, 0.79], [0.4, 0.3, 1.19], [0.35, 1.74, 0.62], [0.08, 2.33, 0.01], [10.06, 0.6, 2.5], [0.51, 0.2, 1.65], [1.17, 0.21, 2.49], [0.91, 0.09, 0.65], [0.57, 0.54, 0.32], [2.75, 0.14, 1.31], [2.18, 0.21, 1.97], [0.08, 2.51, 0.0], [2.06, 0.46, 1.72], [2.24, 4.07, 1.37], [0.04, 2.08, 0.0], [1.01, 0.39, 0.38], [0.43, 3.67, 0.84], [0.1, 3.08, 0.0], [0.05, 0.52, 0.27], [0.47, 3.88, 0.7], [0.05, 1.97, 0.0], [0.38, 1.25, 0.25], [2.5, 4.3, 1.32], [3.91, 3.95, 0.3]]","[208, 304, 379, 352, 376, 366, 389, 369, 236, 335, 310, 354, 371, 374, 308, 387, 378, 339, 375, 381, 383, 373, 362, 357, 359]",46.2
694,1790252306523022570,307201,101747,32,21,159.5,"[26.7, 31.2, 33.3, 35.0, 43.6, 48.0, 80.8, 82.8, 84.1, 84.4, 87.8, 92.6, 94.1, 94.8, 97.5, 99.4, 105.6, 107.1, 111.8, 128.9, 159.5]","['NEAR', 'INSIDE', 'NEAR', 'OUTSIDE', 'RAIL', 'NEAR', 'OUTSIDE', 'INSIDE', 'OUTSIDE', 'INSIDE', 'INSIDE', 'OUTSIDE', 'INSIDE', 'INSIDE', 'INSIDE', 'INSIDE', 'INSIDE', 'INSIDE', 'INSIDE', 'INSIDE', 'INSIDE']","[[0.61, 0.33, 0.66], [0.49, 2.88, 0.57], [0.11, 0.49, 0.61], [9.76, 0.49, 1.92], [0.15, 0.13, 0.37], [2.49, 0.23, 1.93], [2.85, 0.35, 1.78], [0.17, 3.72, 0.39], [0.66, 0.29, 1.32], [0.05, 1.47, 0.0], [1.75, 4.19, 2.55], [0.15, 0.54, 0.63], [0.08, 1.49, 0.0], [1.85, 4.01, 1.18], [0.84, 4.02, 0.88], [0.08, 1.91, 0.0], [0.07, 3.13, 0.0], [0.19, 2.64, 0.66], [0.29, 3.9, 0.71], [2.1, 3.66, 0.27], [4.16, 3.4, 0.79]]","[333, 363, 352, 366, 369, 236, 336, 370, 354, 371, 308, 378, 339, 387, 375, 382, 388, 393, 301, 359, 351]",52.9
695,1790252306618505074,307201,103653,32,24,161.6,"[25.6, 26.5, 29.2, 31.0, 35.8, 41.2, 44.6, 47.6, 81.3, 83.8, 84.5, 86.1, 87.8, 90.3, 95.6, 99.3, 100.3, 100.7, 107.0, 111.7, 117.8, 119.3, 128.3, 161.6]","['NEAR', 'INSIDE', 'INSIDE', 'OUTSIDE', 'OUTSIDE', 'NEAR', 'NEAR', 'NEAR', 'INSIDE', 'RAIL', 'OUTSIDE', 'INSIDE', 'INSIDE', 'OUTSIDE', 'INSIDE', 'INSIDE', 'RAIL', 'INSIDE', 'INSIDE', 'INSIDE', 'INSIDE', 'INSIDE', 'INSIDE', 'INSIDE']","[[0.87, 0.26, 1.12], [0.07, 1.76, 0.01], [0.66, 1.99, 0.57], [5.12, 0.47, 1.88], [8.97, 0.25, 1.98], [2.22, 0.22, 1.64], [1.21, 0.13, 1.47], [3.26, 0.23, 2.28], [1.01, 1.85, 1.97], [2.02, 0.48, 0.92], [0.4, 0.18, 0.4], [2.12, 3.74, 1.87], [1.64, 3.78, 1.01], [1.21, 0.5, 0.36], [4.59, 3.82, 2.12], [0.18, 3.29, 0.0], [0.21, 0.35, 0.15], [0.08, 1.58, 0.0], [1.23, 3.56, 0.43], [0.07, 3.51, 0.0], [0.08, 2.47, 0.0], [0.21, 2.55, 0.25], [3.93, 3.63, 0.29], [3.22, 3.67, 0.81]]","[333, 332, 363, 379, 352, 389, 369, 236, 353, 354, 374, 371, 308, 368, 387, 382, 381, 383, 393, 301, 362, 357, 359, 351]",51.0
696,1790252306718980063,307203,94401,25,19,131.8,"[26.4, 37.4, 44.7, 47.1, 65.1, 81.0, 82.2, 84.7, 89.1, 89.8, 93.1, 94.4, 99.1, 105.1, 106.4, 111.6, 119.3, 120.7, 131.8]","['INSIDE', 'INSIDE', 'NEAR', 'NEAR', 'INSIDE', 'OUTSIDE', 'INSIDE', 'INSIDE', 'INSIDE', 'OUTSIDE', 'NEAR', 'INSIDE', 'INSIDE', 'OUTSIDE', 'INSIDE', 'INSIDE', 'INSIDE', 'INSIDE', 'INSIDE']","[[0.12, 0.83, 0.01], [0.17, 2.82, 0.33], [2.53, 0.21, 1.8], [1.45, 0.27, 1.89], [14.23, 2.94, 2.81], [2.1, 2.0, 1.83], [3.22, 3.78, 1.96], [1.83, 4.16, 1.3], [1.51, 3.66, 0.41], [1.27, 0.56, 1.8], [0.12, 0.81, 0.0], [0.4, 3.96, 0.45], [0.07, 3.64, 0.0], [0.67, 0.39, 0.2], [1.06, 3.71, 0.87], [0.04, 3.31, 0.0], [0.22, 3.54, 0.0], [0.03, 0.63, 0.0], [14.09, 4.21, 1.71]]","[332, 376, 369, 236, 289, 370, 353, 371, 308, 368, 378, 339, 382, 388, 393, 301, 357, 362, 359]",46.6
697,1790252306824563748,307206,110064,27,19,173.6,"[43.0, 45.8, 81.8, 86.8, 87.5, 88.3, 92.1, 92.9, 93.9, 97.8, 99.1, 105.3, 106.8, 108.4, 116.3, 125.0, 134.1, 158.2, 173.6]","['OUTSIDE', 'NEAR', 'INSIDE', 'OUTSIDE', 'INSIDE', 'INSIDE', 'INSIDE', 'OUTSIDE', 'RAIL', 'INSIDE', 'INSIDE', 'INSIDE', 'INSIDE', 'INSIDE', 'INSIDE', 'INSIDE', 'INSIDE', 'INSIDE', 'RAIL']","[[2.42, 0.22, 1.71], [2.26, 0.27, 1.75], [3.44, 4.19, 1.84], [0.04, 0.36, 0.36], [0.33, 3.76, 0.21], [1.0, 4.06, 2.31], [0.09, 3.42, 0.44], [3.62, 1.49, 2.19], [0.08, 0.33, 0.14], [0.67, 3.73, 0.86], [0.45, 2.28, 0.88], [0.41, 3.87, 0.86], [0.06, 0.75, 0.0], [0.16, 3.03, 0.0], [0.85, 3.15, 0.77], [3.89, 3.76, 0.29], [6.03, 4.22, 1.52], [3.19, 3.59, 0.79], [0.01, 0.3, 0.0]]","[369, 236, 353, 374, 371, 308, 378, 368, 339, 375, 382, 393, 388, 301, 357, 362, 359, 351, 384]",43.5
698,1790252306922101790,307206,101203,26,20,153.3,"[24.7, 26.3, 34.2, 38.4, 38.6, 41.2, 44.1, 85.8, 85.9, 90.2, 91.2, 94.4, 96.1, 101.5, 105.2, 106.7, 112.9, 122.4, 130.9, 153.3]","['NEAR', 'INSIDE', 'OUTSIDE', 'INSIDE', 'OUTSIDE', 'OUTSIDE', 'NEAR', 'OUTSIDE', 'INSIDE', 'INSIDE', 'INSIDE', 'INSIDE', 'INSIDE', 'INSIDE', 'INSIDE', 'INSIDE', 'INSIDE', 'INSIDE', 'INSIDE', 'INSIDE']","[[0.53, 0.1, 1.05], [0.52, 0.99, 0.5], [6.43, 0.28, 1.98], [0.25, 1.61, 0.02], [1.65, 0.19, 1.96], [2.24, 0.22, 2.07], [2.5, 0.26, 1.75], [1.68, 0.46, 1.89], [1.53, 3.71, 1.14], [4.15, 3.76, 2.15], [0.06, 1.75, 0.0], [0.36, 3.76, 0.43], [0.75, 3.67, 0.84], [1.48, 4.07, 1.31], [0.38, 3.06, 0.67], [0.17, 3.6, 0.46], [0.1, 2.36, 0.0], [2.3, 4.09, 0.81], [3.44, 4.39, 1.47], [3.35, 3.52, 0.75]]","[333, 332, 366, 397, 389, 369, 236, 374, 371, 394, 378, 387, 375, 383, 393, 388, 403, 362, 359, 346]",48.7
699,1790252307019881449,307206,101648,28,21,154.9,"[24.6, 38.7, 39.6, 42.6, 70.5, 80.1, 80.6, 85.6, 87.9, 89.0, 90.6, 92.0, 92.6, 95.6, 101.8, 103.5, 105.6, 112.2, 114.2, 128.0, 154.9]","['INSIDE', 'RAIL', 'OUTSIDE', 'NEAR', 'INSIDE', 'NEAR', 'INSIDE', 'INSIDE', 'INSIDE', 'OUTSIDE', 'RAIL', 'INSIDE', 'INSIDE', 'INSIDE', 'INSIDE', 'INSIDE', 'INSIDE', 'INSIDE', 'INSIDE', 'INSIDE', 'INSIDE']","[[0.45, 0.77, 0.47], [0.43, 0.21, 0.16], [2.36, 0.24, 1.58], [2.5, 0.23, 2.06], [1.74, 2.41, 2.0], [0.76, 0.09, 1.59], [2.61, 3.76, 1.14], [3.53, 3.84, 2.48], [0.05, 0.77, 0.0], [1.18, 1.42, 2.01], [0.09, 0.37, 0.14], [0.13, 1.24, 0.61], [3.16, 3.86, 2.18], [0.33, 4.22, 0.85], [0.83, 4.02, 1.1], [0.05, 2.35, 0.0], [2.07, 3.88, 0.69], [1.31, 2.95, 1.22], [0.32, 3.79, 0.0], [12.63, 4.38, 1.64], [3.16, 2.97, 0.78]]","[333, 389, 369, 236, 289, 292, 353, 371, 308, 394, 378, 387, 368, 375, 383, 373, 393, 403, 357, 359, 346]",44.5
700,1790252307129919929,307208,101306,28,22,125.3,"[39.2, 44.5, 65.4, 82.3, 86.6, 89.0, 89.6, 91.0, 92.4, 92.5, 94.5, 95.6, 97.6, 101.9, 103.4, 105.1, 107.4, 107.9, 112.5, 114.0, 117.7, 125.3]","['NEAR', 'NEAR', 'NEAR', 'INSIDE', 'INSIDE', 'OUTSIDE', 'RAIL', 'INSIDE', 'OUTSIDE', 'INSIDE', 'INSIDE', 'NEAR', 'INSIDE', 'INSIDE', 'INSIDE', 'OUTSIDE', 'INSIDE', 'INSIDE', 'OUTSIDE', 'INSIDE', 'INSIDE', 'INSIDE']","[[9.25, 0.29, 1.86], [0.63, 0.18, 2.14], [2.45, 0.31, 1.84], [4.94, 4.17, 2.56], [2.37, 3.7, 2.48], [0.73, 0.37, 1.14], [0.08, 0.31, 0.36], [0.42, 3.82, 0.42], [1.61, 0.55, 1.79], [0.06, 2.74, 0.0], [0.07, 3.66, 0.26], [1.02, 0.05, 0.59], [1.04, 3.61, 0.42], [0.42, 3.9, 0.83], [0.79, 2.12, 0.84], [0.06, 0.92, 0.0], [0.04, 0.94, 0.0], [1.95, 3.56, 0.45], [0.07, 1.57, 0.0], [0.1, 1.99, 0.0], [0.89, 3.91, 0.48], [2.98, 4.47, 1.64]]","[369, 236, 289, 370, 371, 394, 378, 368, 387, 339, 375, 392, 382, 383, 373, 393, 388, 301, 403, 357, 362, 359]",44.3
701,1790252307219989543,307202,105823,26,20,154.2,"[27.7, 28.8, 31.7, 42.1, 67.0, 80.7, 84.7, 87.3, 90.4, 92.1, 96.4, 98.6, 101.6, 103.2, 104.8, 106.6, 116.3, 118.3, 124.9, 154.2]","['INSIDE', 'INSIDE', 'INSIDE', 'NEAR', 'NEAR', 'RAIL', 'RAIL', 'INSIDE', 'RAIL', 'INSIDE', 'INSIDE', 'OUTSIDE', 'INSIDE', 'INSIDE', 'OUTSIDE', 'INSIDE', 'INSIDE', 'INSIDE', 'INSIDE', 'INSIDE']","[[0.38, 2.03, 0.27], [0.73, 1.78, 0.75], [0.61, 0.86, 1.14], [2.13, 0.33, 2.8], [2.11, 0.18, 1.47], [0.49, 0.48, 0.89], [0.14, 0.33, 0.35], [6.22, 4.0, 2.56], [0.4, 0.36, 0.58], [2.45, 4.25, 1.81], [1.87, 3.89, 1.32], [0.89, 0.34, 0.86], [0.7, 3.86, 0.84], [0.08, 1.62, 0.0], [0.07, 2.01, 0.0], [1.0, 3.68, 1.17], [0.19, 3.86, 0.24], [0.1, 3.3, 0.0], [5.13, 4.17, 1.66], [4.61, 3.8, 0.77]]","[304, 379, 363, 236, 289, 336, 378, 371, 394, 339, 375, 381, 383, 373, 393, 301, 362, 357, 359, 346]",45.3
702,1790252307322246500,307207,83024,29,18,152.5,"[28.8, 35.6, 40.5, 42.9, 80.9, 83.0, 85.4, 88.9, 90.8, 95.8, 97.6, 100.0, 104.4, 106.2, 114.7, 116.6, 124.2, 152.5]","['INSIDE', 'NEAR', 'INSIDE', 'NEAR', 'INSIDE', 'INSIDE', 'INSIDE', 'RAIL', 'INSIDE', 'INSIDE', 'OUTSIDE', 'OUTSIDE', 'INSIDE', 'INSIDE', 'OUTSIDE', 'INSIDE', 'INSIDE', 'INSIDE']","[[0.94, 2.88, 0.75], [6.68, 0.28, 1.83], [2.33, 0.97, 2.97], [1.27, 0.24, 1.69], [5.25, 4.19, 2.55], [0.06, 0.87, 0.0], [2.21, 4.04, 2.26], [1.27, 0.53, 0.58], [0.58, 3.65, 1.78], [2.26, 3.81, 1.33], [2.11, 0.43, 1.3], [0.11, 1.57, 0.0], [2.37, 3.3, 1.15], [0.05, 1.3, 0.0], [0.18, 0.75, 0.24], [0.15, 3.66, 0.0], [3.47, 4.33, 1.64], [4.71, 4.03, 0.77]]","[379, 352, 369, 236, 353, 370, 371, 394, 368, 375, 381, 383, 393, 301, 403, 362, 359, 346]",49.1
703,1790252307422265186,307201,103658,27,18,150.8,"[34.8, 41.7, 47.6, 80.1, 83.7, 84.0, 86.1, 87.5, 88.9, 90.7, 93.3, 95.5, 99.0, 104.5, 113.0, 115.1, 127.1, 150.8]","['NEAR', 'NEAR', 'NEAR', 'INSIDE', 'INSIDE', 'RAIL', 'INSIDE', 'OUTSIDE', 'INSIDE', 'INSIDE', 'INSIDE', 'INSIDE', 'INSIDE', 'INSIDE', 'OUTSIDE', 'INSIDE', 'INSIDE', 'INSIDE']","[[10.11, 0.33, 1.99], [2.06, 0.23, 2.02], [0.63, 0.2, 1.78], [9.68, 3.9, 2.58], [1.75, 3.78, 0.4], [0.11, 0.31, 0.34], [0.22, 1.91, 0.36], [1.53, 0.52, 1.69], [1.27, 3.89, 1.39], [0.06, 2.85, 0.0], [1.24, 2.94, 1.03], [0.69, 3.66, 1.67], [1.93, 3.78, 0.83], [0.07, 1.82, 0.0], [0.15, 0.94, 0.23], [0.28, 3.92, 0.77], [12.33, 4.27, 1.62], [4.34, 3.68, 0.76]]","[366, 236, 405, 353, 370, 391, 371, 394, 308, 368, 339, 375, 382, 393, 403, 362, 359, 346]",46.1
704,1790252307527902342,307190,104496,33,22,170.6,"[31.6, 39.6, 41.1, 63.0, 80.5, 81.2, 82.3, 82.7, 84.4, 86.0, 87.4, 89.0, 90.5, 93.8, 98.4, 103.4, 113.3, 115.4, 119.6, 121.3, 149.3, 170.6]","['INSIDE', 'NEAR', 'NEAR', 'NEAR', 'INSIDE', 'INSIDE', 'RAIL', 'OUTSIDE', 'INSIDE', 'OUTSIDE', 'NEAR', 'INSIDE', 'INSIDE', 'INSIDE', 'INSIDE', 'INSIDE', 'INSIDE', 'INSIDE', 'OUTSIDE', 'INSIDE', 'INSIDE', 'RAIL']","[[0.12, 2.79, 0.28], [1.3, 0.21, 1.5], [0.22, 0.17, 1.0], [3.39, 0.28, 1.67], [1.61, 3.92, 2.29], [0.17, 0.73, 0.55], [0.17, 0.33, 0.33], [0.41, 1.34, 0.36], [0.13, 3.54, 0.0], [1.41, 0.52, 1.66], [0.53, 0.17, 0.78], [0.14, 3.94, 0.58], [0.06, 1.74, 0.0], [0.63, 3.73, 1.65], [0.18, 3.43, 0.0], [2.03, 3.94, 1.16], [0.17, 3.76, 0.0], [0.03, 0.6, 0.0], [0.67, 1.89, 0.79], [2.64, 4.01, 1.42], [4.73, 3.9, 0.75], [0.04, 0.3, 0.0]]","[363, 389, 236, 289, 353, 292, 391, 370, 371, 374, 378, 308, 368, 339, 382, 373, 403, 362, 357, 359, 346, 384]",49.0
705,1790252307625428775,307195,105614,32,23,149.0,"[22.8, 26.7, 40.5, 42.7, 47.4, 77.0, 80.1, 82.6, 82.7, 84.2, 84.5, 86.2, 89.2, 92.2, 93.5, 93.6, 96.7, 97.6, 100.3, 102.7, 113.7, 119.0, 149.0]","['OUTSIDE', 'INSIDE', 'NEAR', 'OUTSIDE', 'NEAR', 'INSIDE', 'RAIL', 'INSIDE', 'NEAR', 'INSIDE', 'OUTSIDE', 'NEAR', 'INSIDE', 'INSIDE', 'INSIDE', 'OUTSIDE', 'OUTSIDE', 'INSIDE', 'INSIDE', 'INSIDE', 'INSIDE', 'INSIDE', 'INSIDE']","[[0.41, 0.15, 0.81], [0.36, 0.95, 1.18], [0.3, 0.17, 0.63], [0.08, 1.39, 0.37], [0.09, 0.18, 0.83], [1.0, 2.02, 1.34], [1.34, 0.42, 0.33], [0.14, 2.02, 0.0], [0.66, 0.17, 1.64], [0.06, 3.67, 0.0], [2.08, 0.52, 1.51], [1.77, 0.3, 1.54], [1.13, 4.03, 1.14], [0.68, 4.01, 1.62], [0.13, 2.62, 0.25], [0.35, 0.32, 0.19], [0.12, 1.01, 0.0], [1.15, 3.55, 0.2], [1.79, 2.81, 1.11], [0.12, 2.16, 0.24], [0.06, 2.58, 0.0], [1.65, 3.55, 1.38], [1.94, 3.65, 0.31]]","[333, 332, 369, 236, 405, 353, 391, 370, 292, 371, 374, 378, 308, 339, 392, 387, 381, 382, 383, 373, 403, 357, 346]",44.6
706,1790252307722747815,307193,104901,31,20,158.6,"[25.4, 36.9, 39.1, 40.8, 58.4, 79.0, 81.4, 82.0, 83.6, 85.8, 88.2, 92.4, 97.9, 101.9, 114.0, 116.3, 116.7, 120.8, 146.0, 158.6]","['NEAR', 'NEAR', 'INSIDE', 'OUTSIDE', 'INSIDE', 'RAIL', 'RAIL', 'NEAR', 'INSIDE', 'OUTSIDE', 'INSIDE', 'INSIDE', 'INSIDE', 'INSIDE', 'INSIDE', 'OUTSIDE', 'NEAR', 'INSIDE', 'INSIDE', 'INSIDE']","[[0.63, 0.67, 1.07], [2.53, 0.26, 1.53], [0.06, 1.78, 0.01], [4.54, 0.25, 2.05], [3.38, 2.12, 2.05], [0.21, 0.32, 0.32], [0.07, 0.43, 0.12], [0.76, 0.21, 1.61], [1.9, 4.12, 1.84], [0.55, 0.2, 1.33], [1.93, 4.0, 0.78], [2.04, 4.22, 0.85], [0.24, 3.78, 0.41], [1.69, 3.9, 0.66], [0.08, 1.79, 0.0], [0.52, 0.28, 0.48], [0.42, 0.28, 1.52], [0.18, 3.4, 1.05], [4.73, 4.11, 0.73], [0.13, 3.6, 0.45]]","[332, 352, 397, 369, 289, 391, 336, 292, 371, 374, 308, 339, 382, 373, 403, 357, 362, 359, 398, 351]",49.6
707,1790252307821468468,307197,104655,36,26,155.5,"[25.5, 37.5, 39.1, 40.7, 42.1, 43.1, 43.6, 44.1, 76.8, 81.3, 82.6, 84.3, 85.6, 86.8, 88.7, 88.8, 90.3, 91.8, 96.1, 100.2, 112.3, 115.1, 115.4, 119.1, 144.3, 155.5]","['INSIDE', 'NEAR', 'INSIDE', 'OUTSIDE', 'INSIDE', 'OUTSIDE', 'INSIDE', 'OUTSIDE', 'NEAR', 'OUTSIDE', 'INSIDE', 'OUTSIDE', 'NEAR', 'INSIDE', 'OUTSIDE', 'INSIDE', 'INSIDE', 'INSIDE', 'INSIDE', 'INSIDE', 'INSIDE', 'OUTSIDE', 'NEAR', 'INSIDE', 'INSIDE', 'INSIDE']","[[0.66, 1.67, 0.82], [3.0, 0.37, 2.81], [0.09, 2.37, 0.34], [1.92, 0.24, 2.47], [0.27, 2.99, 0.37], [0.08, 0.12, 0.87], [0.08, 2.43, 0.0], [0.35, 0.17, 1.56], [1.3, 0.37, 2.54], [0.45, 0.79, 0.71], [1.15, 3.88, 1.64], [1.96, 0.34, 0.56], [0.91, 0.35, 1.17], [1.33, 3.94, 0.41], [0.78, 0.19, 1.32], [0.52, 0.3, 1.74], [0.32, 3.32, 0.81], [0.25, 2.06, 0.41], [0.54, 4.11, 1.04], [1.67, 4.01, 0.65], [0.09, 3.14, 0.0], [0.56, 0.27, 0.47], [1.65, 0.35, 1.5], [0.05, 3.53, 0.0], [4.7, 3.81, 0.73], [3.12, 3.27, 0.45]]","[332, 352, 397, 369, 236, 410, 409, 405, 353, 370, 371, 374, 378, 308, 394, 368, 339, 392, 375, 383, 403, 357, 362, 359, 398, 351]",51.9
708,1790252307924308269,307187,104666,31,21,156.1,"[31.6, 34.6, 37.0, 37.7, 37.8, 38.9, 41.5, 42.1, 42.6, 82.3, 88.5, 93.9, 96.2, 99.2, 104.4, 113.0, 113.0, 118.9, 133.3, 144.8, 156.1]","['NEAR', 'OUTSIDE', 'INSIDE', 'INSIDE', 'OUTSIDE', 'INSIDE', 'NEAR', 'INSIDE', 'OUTSIDE', 'INSIDE', 'INSIDE', 'INSIDE', 'INSIDE', 'OUTSIDE', 'INSIDE', 'OUTSIDE', 'NEAR', 'INSIDE', 'INSIDE', 'INSIDE', 'INSIDE']","[[0.64, 0.2, 1.59], [2.59, 0.25, 1.75], [0.33, 2.31, 0.35], [0.44, 0.8, 0.03], [2.18, 0.2, 1.51], [0.19, 1.13, 0.35], [0.71, 0.18, 1.48], [0.25, 2.8, 0.01], [0.28, 0.18, 1.69], [0.22, 3.78, 0.36], [3.4, 4.18, 1.7], [2.34, 2.97, 1.42], [0.07, 1.34, 0.0], [0.07, 1.56, 0.23], [0.94, 3.76, 0.47], [1.35, 0.27, 0.96], [0.39, 0.34, 1.48], [0.05, 3.11, 0.0], [4.45, 3.97, 0.94], [0.39, 3.57, 0.3], [1.53, 3.54, 0.45]]","[363, 366, 397, 352, 389, 369, 410, 236, 405, 371, 339, 387, 375, 383, 393, 357, 362, 359, 399, 398, 351]",50.0
709,1790252308025079877,307188,98996,28,24,154.4,"[23.4, 34.2, 37.5, 38.3, 42.5, 43.3, 74.5, 79.2, 81.3, 82.6, 85.2, 87.0, 87.8, 88.2, 93.8, 96.5, 99.1, 103.2, 108.5, 111.6, 117.3, 135.3, 143.2, 154.4]","['INSIDE', 'NEAR', 'INSIDE', 'OUTSIDE', 'INSIDE', 'NEAR', 'INSIDE', 'INSIDE', 'NEAR', 'INSIDE', 'INSIDE', 'INSIDE', 'INSIDE', 'NEAR', 'INSIDE', 'INSIDE', 'INSIDE', 'INSIDE', 'INSIDE', 'OUTSIDE', 'INSIDE', 'INSIDE', 'INSIDE', 'INSIDE']","[[0.06, 1.8, 0.01], [3.2, 0.25, 1.73], [0.28, 2.7, 0.34], [3.89, 0.22, 1.95], [0.05, 2.87, 0.0], [3.22, 0.22, 1.69], [0.27, 2.21, 0.01], [1.2, 2.74, 1.77], [2.96, 0.16, 1.23], [1.07, 4.05, 1.47], [0.65, 4.2, 0.94], [0.07, 2.13, 0.0], [3.6, 3.86, 1.59], [2.21, 0.13, 0.77], [2.01, 3.95, 1.22], [0.89, 0.65, 0.77], [0.07, 1.9, 0.0], [0.34, 3.91, 0.45], [1.27, 3.8, 0.45], [1.01, 0.16, 1.24], [0.04, 3.48, 0.0], [3.7, 3.95, 1.13], [0.36, 3.53, 0.3], [1.56, 3.23, 0.44]]","[333, 366, 397, 408, 409, 405, 353, 370, 391, 371, 308, 339, 394, 368, 387, 375, 382, 393, 388, 357, 359, 399, 398, 351]",50.3
710,1790252308116806459,307206,99632,27,19,150.5,"[39.4, 41.3, 71.7, 84.1, 86.7, 90.6, 92.9, 95.9, 97.5, 98.9, 101.5, 104.4, 107.3, 111.2, 112.8, 118.8, 132.2, 140.7, 150.5]","['RAIL', 'NEAR', 'NEAR', 'INSIDE', 'INSIDE', 'OUTSIDE', 'INSIDE', 'OUTSIDE', 'INSIDE', 'OUTSIDE', 'INSIDE', 'OUTSIDE', 'INSIDE', 'OUTSIDE', 'INSIDE', 'INSIDE', 'INSIDE', 'INSIDE', 'INSIDE']","[[0.33, 0.18, 0.87], [2.47, 0.23, 1.65], [2.98, 0.39, 2.38], [2.83, 4.26, 2.22], [3.26, 4.11, 1.33], [2.43, 2.07, 1.18], [0.16, 2.76, 0.0], [0.08, 1.34, 0.22], [0.05, 2.21, 0.0], [0.99, 0.44, 1.58], [0.19, 3.84, 0.44], [1.97, 0.16, 0.88], [0.45, 3.75, 0.44], [2.7, 0.48, 1.07], [0.11, 2.95, 0.0], [0.14, 3.57, 0.8], [5.9, 3.96, 1.12], [1.96, 3.77, 0.91], [3.09, 3.16, 0.43]]","[408, 410, 353, 308, 339, 392, 387, 381, 375, 383, 373, 393, 388, 357, 403, 359, 399, 398, 346]",42.9
711,1790252308222520748,307196,104141,26,18,151.2,"[29.1, 37.1, 37.7, 40.6, 41.7, 72.8, 82.0, 86.9, 87.1, 88.8, 93.1, 99.4, 101.7, 108.7, 117.0, 132.3, 142.2, 151.2]","['INSIDE', 'INSIDE', 'NEAR', 'INSIDE', 'NEAR', 'INSIDE', 'INSIDE', 'OUTSIDE', 'RAIL', 'INSIDE', 'INSIDE', 'OUTSIDE', 'INSIDE', 'INSIDE', 'INSIDE', 'INSIDE', 'INSIDE', 'INSIDE']","[[0.61, 1.9, 0.77], [0.15, 2.68, 0.33], [0.47, 0.17, 1.88], [0.24, 2.39, 0.35], [4.56, 0.45, 2.66], [0.29, 2.54, 0.5], [6.52, 4.29, 1.64], [0.04, 0.76, 0.0], [2.94, 0.3, 0.95], [1.83, 3.82, 0.44], [2.6, 3.98, 1.82], [1.14, 1.03, 1.31], [0.21, 3.9, 0.0], [4.88, 3.79, 1.68], [0.03, 2.86, 0.0], [6.21, 4.05, 1.13], [4.22, 3.93, 0.93], [1.53, 3.42, 0.01]]","[379, 397, 389, 236, 410, 353, 371, 339, 394, 392, 387, 383, 373, 388, 359, 399, 398, 346]",37.3
712,1790252308331422530,307202,103424,23,15,150.3,"[29.0, 33.8, 37.2, 40.1, 81.8, 82.0, 85.1, 88.5, 92.4, 94.1, 98.1, 102.1, 108.7, 115.4, 150.3]","['INSIDE', 'NEAR', 'INSIDE', 'NEAR', 'INSIDE', 'INSIDE', 'INSIDE', 'INSIDE', 'OUTSIDE', 'INSIDE', 'INSIDE', 'INSIDE', 'INSIDE', 'INSIDE', 'INSIDE']","[[0.73, 1.58, 0.78], [4.95, 0.27, 2.8], [0.14, 2.94, 0.33], [6.47, 0.45, 2.43], [0.09, 1.0, 0.0], [4.28, 4.24, 2.32], [0.11, 3.58, 0.4], [3.75, 3.85, 2.16], [1.63, 0.32, 1.19], [0.11, 2.3, 0.0], [0.3, 3.97, 0.4], [0.04, 2.32, 0.0], [1.74, 3.65, 0.44], [0.06, 3.22, 0.0], [0.06, 3.41, 0.0]]","[379, 366, 397, 410, 371, 370, 308, 392, 387, 381, 375, 373, 388, 359, 346]",40.6
713,1790252308419525001,307199,101678,26,20,147.1,"[29.2, 41.2, 42.4, 82.0, 82.8, 83.4, 86.7, 87.6, 90.4, 92.5, 93.6, 98.4, 101.0, 107.7, 110.7, 112.3, 116.9, 127.7, 137.3, 147.1]","['INSIDE', 'NEAR', 'NEAR', 'INSIDE', 'OUTSIDE', 'INSIDE', 'INSIDE', 'OUTSIDE', 'INSIDE', 'INSIDE', 'OUTSIDE', 'INSIDE', 'OUTSIDE', 'INSIDE', 'INSIDE', 'INSIDE', 'INSIDE', 'INSIDE', 'INSIDE', 'INSIDE']","[[0.07, 2.04, 0.01], [0.57, 0.15, 1.0], [0.4, 0.16, 0.75], [0.3, 3.72, 0.01], [1.08, 0.23, 0.34], [0.07, 1.75, 0.0], [0.85, 2.3, 1.34], [0.67, 0.21, 0.77], [1.63, 3.93, 0.75], [0.06, 1.94, 0.0], [3.78, 0.2, 1.07], [0.2, 3.89, 0.43], [1.74, 0.22, 1.33], [0.08, 0.94, 0.0], [0.08, 3.48, 0.0], [0.16, 3.87, 0.52], [0.25, 4.04, 0.79], [8.99, 4.01, 1.09], [4.24, 3.64, 0.89], [3.02, 3.59, 0.42]]","[379, 410, 405, 370, 336, 371, 378, 394, 392, 381, 387, 375, 383, 388, 357, 403, 359, 399, 398, 346]",48.5
714,1790252308530925680,307182,101257,26,19,146.3,"[28.1, 29.1, 31.6, 35.8, 39.7, 42.0, 80.8, 83.4, 85.2, 88.1, 88.6, 90.9, 94.9, 98.5, 103.2, 107.6, 112.2, 116.8, 146.3]","['NEAR', 'INSIDE', 'NEAR', 'NEAR', 'NEAR', 'NEAR', 'INSIDE', 'INSIDE', 'INSIDE', 'OUTSIDE', 'INSIDE', 'OUTSIDE', 'INSIDE', 'INSIDE', 'INSIDE', 'INSIDE', 'INSIDE', 'OUTSIDE', 'INSIDE']","[[1.01, 0.2, 0.66], [0.92, 2.04, 1.0], [0.73, 0.21, 1.13], [6.42, 0.45, 1.84], [0.35, 0.16, 0.7], [2.82, 0.23, 1.24], [2.52, 3.73, 2.31], [0.29, 1.86, 2.21], [3.11, 4.16, 0.94], [0.4, 0.2, 1.56], [2.29, 0.19, 1.18], [2.02, 0.2, 1.37], [0.27, 3.83, 0.39], [0.71, 4.06, 0.89], [0.58, 0.58, 1.56], [0.1, 3.38, 0.0], [0.07, 3.72, 0.0], [0.09, 1.43, 0.0], [1.57, 3.31, 0.42]]","[379, 363, 366, 389, 408, 405, 370, 371, 308, 394, 368, 392, 381, 375, 373, 388, 403, 359, 346]",49.5
715,1790252308620633435,307192,101020,33,21,147.6,"[28.5, 29.2, 36.3, 38.0, 41.5, 55.5, 80.1, 82.5, 83.2, 84.7, 86.6, 88.6, 95.3, 97.0, 99.2, 103.0, 106.1, 112.0, 127.0, 139.4, 147.6]","['NEAR', 'INSIDE', 'OUTSIDE', 'NEAR', 'NEAR', 'INSIDE', 'INSIDE', 'RAIL', 'INSIDE', 'OUTSIDE', 'INSIDE', 'OUTSIDE', 'INSIDE', 'OUTSIDE', 'INSIDE', 'OUTSIDE', 'INSIDE', 'INSIDE', 'INSIDE', 'INSIDE', 'INSIDE']","[[0.57, 0.17, 0.96], [0.5, 2.81, 0.73], [1.12, 1.64, 1.01], [0.65, 0.2, 0.68], [1.2, 0.17, 0.84], [0.16, 2.13, 0.01], [0.06, 0.98, 0.0], [2.37, 0.06, 0.73], [0.1, 2.03, 0.0], [0.08, 1.33, 0.0], [0.97, 4.24, 0.76], [3.21, 0.19, 1.57], [0.46, 4.03, 0.77], [0.55, 0.15, 1.54], [1.61, 3.95, 0.42], [2.73, 0.45, 0.92], [0.14, 2.78, 0.0], [0.12, 3.52, 0.0], [12.06, 3.93, 1.16], [3.18, 3.78, 0.9], [1.49, 3.11, 0.01]]","[379, 363, 397, 408, 410, 289, 391, 371, 292, 308, 378, 394, 381, 375, 382, 393, 388, 403, 399, 398, 346]",47.0
716,1790252308721316384,307183,102458,18,14,150.9,"[27.5, 36.4, 38.0, 39.8, 42.9, 91.4, 93.2, 99.5, 99.9, 103.2, 104.7, 110.3, 116.5, 150.9]","['NEAR', 'NEAR', 'NEAR', 'NEAR', 'NEAR', 'OUTSIDE', 'INSIDE', 'NEAR', 'INSIDE', 'INSIDE', 'INSIDE', 'INSIDE', 'INSIDE', 'RAIL']","[[0.62, 0.23, 0.95], [0.47, 0.12, 1.03], [1.45, 0.2, 1.08], [1.12, 0.16, 0.82], [3.04, 0.23, 1.69], [0.77, 1.12, 0.38], [1.23, 4.12, 1.66], [0.79, 0.55, 1.51], [4.29, 4.07, 1.7], [0.72, 3.05, 0.89], [0.82, 3.64, 0.41], [0.25, 4.05, 0.51], [0.18, 4.0, 0.54], [0.11, 0.35, 0.23]]","[379, 389, 408, 410, 405, 392, 387, 406, 382, 393, 388, 357, 359, 346]",47.8
717,1790252308818248261,307182,103052,22,16,136.1,"[34.9, 36.2, 37.7, 41.4, 83.6, 91.5, 93.9, 95.7, 99.0, 104.2, 105.7, 108.8, 110.2, 116.3, 125.3, 136.1]","['OUTSIDE', 'OUTSIDE', 'OUTSIDE', 'OUTSIDE', 'INSIDE', 'INSIDE', 'INSIDE', 'INSIDE', 'INSIDE', 'INSIDE', 'INSIDE', 'INSIDE', 'INSIDE', 'INSIDE', 'INSIDE', 'INSIDE']","[[0.67, 0.18, 0.91], [1.2, 0.22, 0.97], [0.69, 0.21, 0.61], [3.61, 0.22, 1.61], [4.61, 4.15, 2.16], [1.22, 4.05, 1.63], [0.04, 1.47, 0.0], [0.75, 2.94, 0.43], [2.25, 4.46, 1.71], [0.33, 3.65, 1.42], [0.03, 1.48, 0.0], [0.19, 3.75, 0.5], [0.02, 3.46, 0.0], [0.1, 3.72, 0.79], [9.98, 4.13, 1.08], [3.3, 4.05, 0.88]]","[389, 408, 352, 405, 292, 392, 387, 381, 382, 388, 373, 411, 357, 359, 399, 398]",50.9
718,1790252308928761743,307188,103476,30,24,136.1,"[33.1, 35.2, 38.3, 40.2, 41.1, 41.7, 77.3, 78.1, 78.5, 82.0, 82.8, 84.1, 86.7, 88.3, 92.3, 96.5, 96.9, 102.3, 105.8, 108.7, 110.2, 118.5, 127.8, 136.1]","['OUTSIDE', 'OUTSIDE', 'OUTSIDE', 'OUTSIDE', 'OUTSIDE', 'INSIDE', 'INSIDE', 'INSIDE', 'RAIL', 'INSIDE', 'OUTSIDE', 'INSIDE', 'OUTSIDE', 'INSIDE', 'INSIDE', 'NEAR', 'INSIDE', 'INSIDE', 'INSIDE', 'INSIDE', 'INSIDE', 'INSIDE', 'INSIDE', 'INSIDE']","[[0.64, 0.2, 0.59], [2.32, 0.2, 1.25], [2.58, 0.24, 1.61], [0.68, 0.23, 2.04], [0.23, 0.23, 1.21], [0.16, 2.23, 0.37], [0.28, 0.77, 0.34], [5.73, 2.69, 2.11], [2.87, 0.11, 1.08], [1.47, 2.57, 1.59], [2.99, 0.27, 1.59], [0.57, 1.8, 1.72], [1.03, 1.1, 0.38], [0.2, 3.57, 0.4], [0.12, 3.7, 0.0], [0.52, 0.39, 1.68], [5.88, 4.16, 1.4], [3.8, 4.1, 1.57], [0.52, 3.92, 0.92], [0.11, 1.52, 0.0], [0.19, 3.99, 0.51], [1.76, 3.89, 0.56], [1.69, 3.98, 0.89], [0.49, 3.89, 0.88]]","[366, 389, 352, 410, 405, 236, 391, 370, 371, 292, 336, 308, 339, 378, 392, 381, 382, 393, 373, 411, 357, 413, 399, 398]",66.9
719,1790252309032735024,307182,101894,24,18,133.5,"[27.7, 32.9, 34.8, 38.0, 41.2, 41.6, 76.9, 86.6, 91.7, 95.6, 95.9, 102.1, 104.0, 107.0, 108.5, 116.7, 126.1, 133.5]","['OUTSIDE', 'OUTSIDE', 'OUTSIDE', 'OUTSIDE', 'INSIDE', 'OUTSIDE', 'INSIDE', 'INSIDE', 'INSIDE', 'NEAR', 'INSIDE', 'INSIDE', 'INSIDE', 'INSIDE', 'INSIDE', 'INSIDE', 'INSIDE', 'INSIDE']","[[0.41, 0.16, 0.94], [1.51, 0.23, 0.84], [1.43, 0.2, 1.5], [4.03, 0.29, 2.58], [0.21, 2.96, 0.36], [1.42, 0.24, 1.65], [2.41, 2.18, 2.01], [0.35, 3.96, 0.39], [1.97, 4.15, 1.65], [1.84, 0.43, 1.66], [4.08, 3.87, 1.56], [1.37, 3.94, 1.4], [0.29, 3.86, 0.9], [0.12, 2.24, 0.0], [0.17, 3.6, 0.0], [1.49, 3.67, 0.32], [1.73, 3.72, 0.52], [1.74, 3.61, 0.87]]","[379, 366, 389, 352, 236, 405, 391, 339, 392, 381, 382, 393, 388, 373, 411, 359, 399, 398]",63.2
720,1790252309120276264,307172,102131,27,20,131.9,"[27.4, 28.3, 29.9, 30.9, 32.5, 34.9, 39.5, 46.4, 85.0, 88.0, 93.4, 93.4, 100.0, 102.5, 105.4, 106.9, 112.9, 115.8, 122.8, 131.9]","['NEAR', 'INSIDE', 'OUTSIDE', 'OUTSIDE', 'NEAR', 'OUTSIDE', 'OUTSIDE', 'NEAR', 'INSIDE', 'OUTSIDE', 'NEAR', 'INSIDE', 'INSIDE', 'INSIDE', 'INSIDE', 'INSIDE', 'INSIDE', 'INSIDE', 'INSIDE', 'INSIDE']","[[0.75, 0.24, 0.95], [0.03, 2.86, 0.0], [0.36, 0.18, 0.48], [0.35, 0.18, 0.75], [0.13, 1.36, 0.01], [6.71, 0.24, 2.2], [1.39, 0.23, 1.56], [1.26, 0.23, 1.56], [0.28, 3.71, 0.38], [2.07, 0.2, 1.68], [0.78, 0.53, 1.63], [5.99, 4.24, 1.75], [1.72, 4.02, 1.38], [0.46, 3.98, 0.89], [0.13, 2.21, 0.0], [0.16, 3.55, 0.0], [0.1, 2.76, 0.0], [0.05, 1.42, 0.0], [4.25, 4.07, 0.87], [1.8, 3.8, 0.85]]","[379, 363, 366, 389, 397, 408, 410, 414, 339, 394, 387, 392, 406, 393, 388, 373, 403, 359, 399, 398]",59.9
721,1790252309224541632,307178,101813,39,31,132.6,"[28.3, 29.6, 31.7, 34.3, 36.3, 38.0, 38.2, 39.5, 40.5, 42.5, 59.6, 73.2, 75.0, 77.7, 79.5, 81.1, 83.0, 83.4, 85.8, 89.5, 92.4, 96.3, 99.7, 100.9, 102.0, 106.7, 108.2, 113.6, 115.8, 124.2, 132.6]","['NEAR', 'NEAR', 'NEAR', 'NEAR', 'NEAR', 'NEAR', 'INSIDE', 'NEAR', 'NEAR', 'RAIL', 'NEAR', 'OUTSIDE', 'INSIDE', 'OUTSIDE', 'INSIDE', 'OUTSIDE', 'OUTSIDE', 'INSIDE', 'INSIDE', 'RAIL', 'INSIDE', 'INSIDE', 'OUTSIDE', 'INSIDE', 'INSIDE', 'INSIDE', 'INSIDE', 'INSIDE', 'INSIDE', 'INSIDE', 'INSIDE']","[[0.19, 0.18, 0.31], [1.42, 0.2, 2.52], [1.33, 0.19, 1.61], [2.54, 0.24, 1.78], [0.4, 0.25, 1.29], [1.4, 0.25, 1.92], [0.16, 0.72, 0.32], [0.58, 0.18, 1.66], [0.48, 0.22, 1.26], [0.36, 0.33, 0.19], [3.06, 0.25, 1.71], [3.64, 2.11, 2.11], [0.27, 2.88, 0.01], [2.99, 1.67, 1.87], [0.08, 2.87, 0.52], [0.54, 0.74, 0.54], [1.12, 0.44, 1.08], [0.06, 2.18, 0.0], [2.52, 4.08, 1.75], [2.08, 0.21, 0.39], [2.41, 4.4, 1.76], [0.39, 3.65, 0.42], [1.64, 0.23, 1.14], [0.06, 3.86, 0.41], [0.3, 3.83, 0.69], [0.09, 3.72, 0.0], [1.04, 3.92, 1.41], [1.39, 3.72, 0.78], [0.17, 3.3, 0.54], [7.34, 3.91, 0.89], [2.93, 3.77, 0.86]]","[379, 366, 389, 408, 352, 410, 405, 415, 236, 414, 289, 370, 391, 371, 292, 336, 339, 308, 378, 394, 392, 382, 383, 406, 393, 373, 411, 403, 359, 399, 398]",41.0
722,1790252309319299821,307163,101350,26,16,125.1,"[26.7, 32.7, 39.3, 81.8, 82.8, 86.3, 89.5, 91.9, 94.4, 99.2, 100.5, 102.6, 105.0, 106.6, 112.5, 125.1]","['NEAR', 'NEAR', 'NEAR', 'INSIDE', 'INSIDE', 'OUTSIDE', 'INSIDE', 'OUTSIDE', 'INSIDE', 'INSIDE', 'INSIDE', 'OUTSIDE', 'INSIDE', 'INSIDE', 'INSIDE', 'INSIDE']","[[0.67, 0.19, 1.92], [10.55, 0.28, 2.46], [1.3, 0.28, 1.66], [0.12, 2.71, 0.0], [1.93, 3.94, 0.58], [0.99, 0.21, 1.35], [1.42, 4.44, 1.96], [2.57, 1.38, 1.04], [0.64, 3.74, 1.65], [0.13, 3.86, 0.86], [0.13, 3.68, 0.21], [2.41, 0.52, 0.98], [0.05, 3.48, 0.0], [0.13, 3.72, 0.0], [0.7, 4.13, 0.53], [9.33, 4.04, 1.04]]","[379, 389, 415, 308, 339, 378, 368, 392, 382, 406, 393, 383, 388, 373, 403, 399]",63.6
723,1790252309424329380,307169,102066,23,17,129.2,"[25.5, 29.3, 33.3, 34.7, 39.5, 40.0, 80.1, 86.6, 93.5, 98.7, 100.5, 104.8, 106.5, 110.8, 112.7, 121.8, 129.2]","['NEAR', 'NEAR', 'NEAR', 'NEAR', 'RAIL', 'NEAR', 'INSIDE', 'INSIDE', 'INSIDE', 'INSIDE', 'INSIDE', 'INSIDE', 'INSIDE', 'INSIDE', 'INSIDE', 'INSIDE', 'INSIDE']","[[1.34, 0.18, 0.32], [6.21, 0.28, 2.58], [0.82, 0.19, 1.66], [1.6, 0.22, 1.78], [0.81, 0.41, 0.7], [7.96, 0.29, 1.92], [0.17, 3.94, 0.37], [9.28, 4.51, 2.07], [1.67, 3.92, 1.64], [0.49, 3.87, 0.67], [0.3, 3.12, 0.87], [0.69, 3.99, 1.37], [0.17, 2.95, 0.93], [0.6, 3.82, 0.52], [0.39, 3.65, 0.3], [3.33, 3.9, 0.5], [3.0, 3.67, 0.84]]","[379, 366, 389, 408, 414, 236, 292, 378, 382, 406, 393, 388, 373, 357, 403, 413, 398]",57.3
724,1790252309535143331,307161,101001,30,22,125.3,"[23.4, 25.8, 29.9, 33.6, 38.5, 42.2, 81.7, 84.4, 86.8, 87.7, 89.7, 92.8, 94.3, 94.9, 97.5, 98.9, 104.9, 106.3, 110.9, 112.4, 119.9, 125.3]","['OUTSIDE', 'NEAR', 'NEAR', 'NEAR', 'NEAR', 'INSIDE', 'INSIDE', 'INSIDE', 'NEAR', 'INSIDE', 'OUTSIDE', 'INSIDE', 'INSIDE', 'OUTSIDE', 'INSIDE', 'INSIDE', 'INSIDE', 'INSIDE', 'INSIDE', 'INSIDE', 'INSIDE', 'INSIDE']","[[0.44, 0.19, 0.22], [3.75, 0.32, 2.87], [3.51, 0.25, 1.89], [2.56, 0.23, 2.02], [2.23, 0.25, 1.96], [0.15, 1.13, 0.37], [3.63, 4.22, 1.81], [0.04, 1.33, 0.0], [0.96, 0.58, 1.89], [4.25, 3.86, 1.73], [2.02, 0.19, 0.76], [0.2, 3.67, 0.4], [0.21, 0.88, 0.41], [1.45, 0.2, 1.29], [0.07, 1.02, 0.0], [0.27, 4.09, 0.86], [0.09, 4.14, 0.91], [0.02, 1.11, 0.0], [0.07, 3.74, 0.52], [0.43, 3.88, 1.08], [0.06, 0.84, 0.0], [7.77, 3.86, 1.04]]","[379, 363, 366, 389, 410, 417, 308, 339, 378, 368, 394, 382, 387, 375, 406, 393, 388, 373, 357, 403, 413, 399]",34.5
725,1790252309620608388,307136,99694,23,15,119.8,"[31.9, 37.4, 41.9, 42.7, 83.9, 85.9, 89.5, 92.8, 97.3, 98.7, 102.8, 104.7, 109.4, 110.8, 119.8]","['OUTSIDE', 'NEAR', 'NEAR', 'NEAR', 'NEAR', 'INSIDE', 'INSIDE', 'INSIDE', 'INSIDE', 'INSIDE', 'INSIDE', 'INSIDE', 'INSIDE', 'INSIDE', 'INSIDE']","[[2.39, 0.25, 1.64], [7.59, 0.32, 2.18], [0.52, 0.18, 2.02], [0.45, 0.16, 1.13], [2.19, 0.53, 1.86], [10.4, 4.18, 2.12], [0.06, 1.41, 0.0], [2.52, 4.1, 1.47], [0.27, 3.87, 0.84], [0.12, 3.62, 0.0], [1.07, 4.15, 0.9], [0.11, 3.47, 1.21], [0.1, 3.25, 0.0], [0.43, 3.83, 1.07], [0.09, 3.35, 0.0]]","[389, 410, 416, 419, 378, 339, 368, 382, 406, 393, 383, 388, 411, 357, 413]",37.8
726,1790252309721003732,307128,100447,25,18,129.9,"[27.2, 27.4, 33.8, 39.3, 40.6, 41.2, 42.0, 83.0, 87.0, 87.9, 91.2, 92.6, 96.4, 103.1, 104.7, 109.2, 119.8, 129.9]","['INSIDE', 'NEAR', 'NEAR', 'NEAR', 'NEAR', 'NEAR', 'NEAR', 'INSIDE', 'OUTSIDE', 'INSIDE', 'INSIDE', 'INSIDE', 'INSIDE', 'INSIDE', 'INSIDE', 'INSIDE', 'INSIDE', 'INSIDE']","[[0.37, 2.93, 0.03], [0.85, 0.23, 0.74], [9.38, 0.31, 2.17], [0.61, 0.22, 2.27], [1.52, 0.2, 1.67], [0.53, 0.15, 0.36], [0.28, 0.2, 2.32], [4.91, 4.59, 2.05], [0.94, 0.1, 1.53], [1.44, 3.84, 0.38], [0.49, 4.03, 1.45], [0.29, 3.81, 0.83], [1.61, 3.87, 0.41], [0.1, 3.42, 0.0], [0.29, 4.09, 0.91], [0.35, 3.95, 1.05], [0.06, 4.19, 0.83], [13.77, 4.18, 0.83]]","[363, 366, 408, 415, 236, 416, 419, 339, 394, 368, 382, 392, 406, 383, 388, 411, 413, 398]",46.7
727,1790252309831951129,307133,101755,25,20,127.4,"[26.1, 32.5, 37.9, 38.7, 42.2, 73.6, 80.3, 82.3, 87.9, 91.7, 94.1, 95.4, 99.3, 102.2, 104.3, 106.2, 107.5, 113.8, 115.3, 127.4]","['OUTSIDE', 'INSIDE', 'OUTSIDE', 'NEAR', 'NEAR', 'INSIDE', 'NEAR', 'INSIDE', 'INSIDE', 'NEAR', 'INSIDE', 'OUTSIDE', 'INSIDE', 'INSIDE', 'INSIDE', 'INSIDE', 'RAIL', 'INSIDE', 'INSIDE', 'INSIDE']","[[0.47, 0.15, 0.9], [0.74, 2.69, 0.59], [0.85, 1.36, 0.38], [5.55, 0.23, 1.97], [1.46, 0.21, 1.2], [0.13, 2.44, 0.0], [1.58, 0.47, 1.79], [9.51, 4.32, 2.01], [4.56, 4.15, 1.78], [1.3, 0.2, 0.44], [0.27, 3.62, 0.82], [0.04, 1.0, 0.0], [1.51, 4.09, 0.87], [1.56, 0.42, 0.46], [0.7, 3.71, 0.29], [0.39, 3.77, 0.5], [0.35, 0.18, 0.69], [0.31, 3.62, 0.22], [0.56, 1.36, 0.23], [2.9, 3.57, 0.01]]","[366, 397, 414, 410, 419, 391, 339, 292, 368, 392, 387, 375, 393, 383, 388, 373, 411, 403, 359, 399]",40.1
728,1790252309921475815,307091,101377,24,19,118.0,"[28.8, 38.9, 39.7, 42.0, 80.3, 80.7, 86.7, 87.0, 89.5, 90.7, 91.8, 96.9, 98.4, 102.3, 104.3, 105.9, 109.0, 110.5, 118.0]","['INSIDE', 'RAIL', 'NEAR', 'NEAR', 'NEAR', 'INSIDE', 'RAIL', 'INSIDE', 'INSIDE', 'INSIDE', 'OUTSIDE', 'INSIDE', 'INSIDE', 'INSIDE', 'INSIDE', 'OUTSIDE', 'INSIDE', 'INSIDE', 'INSIDE']","[[1.31, 2.0, 0.65], [0.11, 0.2, 1.11], [0.73, 0.16, 1.39], [2.31, 0.43, 1.66], [0.93, 0.56, 1.97], [3.06, 3.81, 2.0], [1.02, 0.27, 0.22], [1.87, 3.8, 0.51], [0.09, 3.84, 0.8], [0.1, 3.79, 0.21], [1.17, 0.33, 1.07], [0.12, 3.88, 0.39], [0.23, 3.48, 0.85], [1.31, 3.76, 1.34], [0.15, 3.7, 0.2], [0.3, 0.2, 0.52], [0.08, 3.43, 0.0], [0.25, 3.39, 0.52], [0.16, 3.63, 0.48]]","[363, 415, 236, 419, 339, 292, 394, 368, 382, 392, 387, 406, 393, 383, 388, 411, 357, 403, 413]",45.8
729,1790252310024855752,307034,102691,25,19,117.9,"[26.3, 33.4, 36.4, 38.8, 40.9, 42.3, 80.1, 85.5, 89.1, 91.1, 95.3, 97.0, 100.7, 102.8, 104.3, 107.4, 108.9, 116.5, 117.9]","['OUTSIDE', 'NEAR', 'NEAR', 'OUTSIDE', 'NEAR', 'OUTSIDE', 'INSIDE', 'INSIDE', 'INSIDE', 'OUTSIDE', 'INSIDE', 'INSIDE', 'INSIDE', 'INSIDE', 'OUTSIDE', 'INSIDE', 'INSIDE', 'INSIDE', 'INSIDE']","[[0.43, 0.16, 0.89], [2.77, 0.22, 1.69], [2.5, 0.23, 1.49], [1.24, 0.19, 1.61], [2.07, 0.35, 1.96], [0.46, 0.16, 0.37], [3.12, 3.78, 2.0], [1.97, 4.12, 1.88], [0.16, 3.72, 0.21], [1.14, 1.85, 1.44], [0.12, 3.99, 0.38], [0.64, 3.96, 0.84], [1.37, 3.88, 0.89], [0.29, 3.81, 0.47], [0.31, 0.06, 0.72], [0.1, 3.75, 0.0], [0.34, 3.78, 1.21], [0.22, 3.79, 0.48], [0.04, 1.24, 0.0]]","[366, 408, 352, 415, 416, 419, 292, 368, 382, 387, 375, 406, 383, 388, 411, 373, 357, 418, 413]",50.2
730,1790252310122433820,307027,104228,19,13,119.5,"[40.1, 72.7, 77.0, 83.7, 87.5, 93.7, 95.1, 99.1, 102.8, 105.7, 113.3, 114.8, 119.5]","['NEAR', 'INSIDE', 'INSIDE', 'INSIDE', 'INSIDE', 'INSIDE', 'INSIDE', 'INSIDE', 'OUTSIDE', 'INSIDE', 'INSIDE', 'INSIDE', 'INSIDE']","[[5.22, 0.34, 1.66], [0.07, 2.79, 0.0], [0.95, 2.96, 2.03], [5.26, 4.19, 1.84], [0.17, 3.8, 0.2], [0.12, 3.91, 0.38], [0.18, 1.21, 0.83], [1.41, 4.03, 0.87], [0.53, 0.23, 0.71], [0.05, 3.69, 0.0], [0.13, 3.89, 0.79], [0.13, 1.93, 0.47], [0.23, 3.36, 0.25]]","[236, 391, 371, 368, 382, 375, 406, 393, 411, 373, 359, 418, 413]",65.2
731,1790252310221302146,307000,102947,23,18,116.3,"[30.9, 32.7, 34.0, 37.1, 38.1, 81.3, 82.4, 85.8, 86.1, 88.3, 91.4, 94.8, 97.5, 101.1, 102.7, 107.3, 114.8, 116.3]","['NEAR', 'NEAR', 'NEAR', 'INSIDE', 'NEAR', 'INSIDE', 'OUTSIDE', 'INSIDE', 'INSIDE', 'INSIDE', 'NEAR', 'INSIDE', 'INSIDE', 'INSIDE', 'INSIDE', 'INSIDE', 'INSIDE', 'INSIDE']","[[0.58, 0.17, 0.83], [1.64, 0.25, 1.66], [0.4, 0.21, 1.07], [0.07, 0.91, 0.01], [6.83, 0.34, 2.0], [0.05, 2.13, 0.0], [1.69, 0.25, 1.64], [0.06, 1.95, 0.0], [3.24, 3.88, 1.07], [1.52, 3.82, 0.39], [2.04, 0.31, 1.4], [1.53, 4.21, 0.83], [1.94, 4.04, 1.46], [0.36, 3.88, 0.88], [0.29, 4.06, 0.89], [0.39, 3.55, 0.29], [0.5, 3.48, 0.8], [0.07, 3.45, 0.0]]","[389, 408, 352, 410, 415, 308, 368, 378, 382, 392, 387, 375, 393, 383, 388, 373, 418, 359]",55.4
732,1790252310320820031,306996,88727,25,17,131.3,"[26.5, 30.8, 37.1, 39.4, 41.4, 85.8, 88.5, 90.3, 95.8, 99.4, 101.1, 102.4, 107.1, 110.1, 116.1, 117.6, 131.3]","['NEAR', 'NEAR', 'INSIDE', 'NEAR', 'NEAR', 'INSIDE', 'INSIDE', 'INSIDE', 'INSIDE', 'OUTSIDE', 'INSIDE', 'INSIDE', 'INSIDE', 'INSIDE', 'INSIDE', 'INSIDE', 'INSIDE']","[[0.44, 0.62, 1.13], [0.99, 0.26, 0.57], [0.19, 0.83, 0.32], [0.77, 0.2, 1.56], [2.65, 0.21, 2.03], [2.71, 4.15, 1.09], [2.68, 4.21, 1.41], [0.06, 3.21, 0.39], [1.62, 4.09, 1.04], [0.35, 0.35, 0.69], [0.34, 3.86, 0.88], [0.08, 3.75, 0.0], [0.09, 3.36, 0.0], [0.04, 0.77, 0.0], [0.4, 3.6, 0.23], [0.04, 1.23, 0.0], [0.05, 3.67, 0.0]]","[366, 389, 410, 236, 416, 382, 392, 387, 375, 383, 388, 411, 373, 403, 359, 413, 398]",36.0
733,1790252310425309861,306942,102502,19,13,113.3,"[49.7, 82.2, 84.3, 88.0, 90.7, 94.2, 97.9, 99.5, 100.9, 105.4, 106.9, 108.5, 113.3]","['RAIL', 'INSIDE', 'INSIDE', 'INSIDE', 'NEAR', 'INSIDE', 'OUTSIDE', 'INSIDE', 'INSIDE', 'INSIDE', 'INSIDE', 'INSIDE', 'INSIDE']","[[0.11, 0.18, 0.45], [1.4, 0.59, 0.69], [0.34, 4.09, 0.91], [1.57, 4.06, 1.41], [1.03, 0.11, 1.01], [1.57, 3.93, 1.03], [0.37, 0.34, 0.68], [0.27, 3.8, 0.87], [0.26, 3.92, 0.47], [0.09, 3.13, 0.0], [0.04, 2.43, 0.0], [0.03, 0.57, 0.0], [3.26, 3.99, 0.8]]","[423, 308, 382, 392, 387, 375, 383, 388, 411, 373, 357, 403, 418]",35.4
734,1790252310517980200,306875,102865,22,16,114.6,"[29.4, 30.7, 33.3, 39.2, 41.6, 49.1, 83.6, 86.2, 88.8, 90.4, 92.8, 96.2, 102.3, 107.0, 108.4, 114.6]","['INSIDE', 'INSIDE', 'NEAR', 'NEAR', 'NEAR', 'NEAR', 'INSIDE', 'NEAR', 'INSIDE', 'INSIDE', 'OUTSIDE', 'INSIDE', 'INSIDE', 'INSIDE', 'INSIDE', 'INSIDE']","[[1.05, 2.51, 1.08], [0.05, 1.5, 0.01], [8.62, 0.32, 1.9], [2.54, 0.22, 1.99], [1.14, 0.26, 2.39], [0.36, 0.19, 1.84], [2.01, 4.18, 1.84], [1.12, 0.18, 1.34], [0.13, 4.07, 0.8], [0.64, 3.94, 1.43], [1.64, 0.47, 0.62], [0.25, 3.84, 1.31], [0.07, 3.57, 0.0], [0.12, 3.55, 0.0], [0.22, 3.7, 0.29], [0.1, 3.6, 0.0]]","[363, 389, 408, 236, 416, 423, 382, 378, 392, 387, 375, 393, 411, 357, 403, 418]",41.3
735,1790252310624380657,306852,102331,28,22,125.3,"[23.9, 30.7, 33.7, 39.4, 40.8, 43.1, 49.6, 83.0, 85.8, 86.0, 90.1, 90.2, 92.7, 94.7, 97.7, 101.8, 105.2, 108.5, 109.8, 115.9, 117.3, 125.3]","['NEAR', 'INSIDE', 'NEAR', 'NEAR', 'RAIL', 'NEAR', 'NEAR', 'OUTSIDE', 'RAIL', 'INSIDE', 'INSIDE', 'INSIDE', 'NEAR', 'OUTSIDE', 'INSIDE', 'INSIDE', 'INSIDE', 'INSIDE', 'INSIDE', 'INSIDE', 'INSIDE', 'INSIDE']","[[1.15, 0.22, 1.21], [0.33, 2.67, 0.79], [8.74, 0.38, 1.87], [2.23, 0.24, 2.01], [0.54, 0.2, 0.45], [3.47, 0.25, 1.67], [0.44, 0.19, 0.99], [0.06, 0.19, 1.26], [2.08, 0.22, 0.22], [2.77, 4.15, 1.13], [0.09, 2.41, 0.39], [2.82, 3.92, 1.46], [1.23, 0.24, 1.01], [0.38, 0.33, 0.64], [0.06, 3.75, 0.0], [1.44, 3.72, 0.21], [0.04, 1.63, 0.92], [0.39, 3.75, 0.73], [0.02, 1.72, 0.0], [0.12, 3.71, 0.8], [0.06, 1.84, 0.0], [10.58, 4.21, 0.82]]","[366, 389, 352, 236, 414, 419, 423, 368, 394, 378, 387, 392, 406, 375, 393, 411, 373, 403, 357, 359, 413, 399]",48.3
736,1790252310720631469,306761,97771,20,17,118.5,"[30.6, 37.2, 39.8, 42.6, 48.8, 83.2, 86.1, 89.4, 94.6, 96.1, 100.6, 102.1, 105.3, 107.0, 112.9, 114.3, 118.5]","['INSIDE', 'RAIL', 'OUTSIDE', 'NEAR', 'NEAR', 'NEAR', 'INSIDE', 'INSIDE', 'INSIDE', 'INSIDE', 'INSIDE', 'INSIDE', 'INSIDE', 'INSIDE', 'OUTSIDE', 'INSIDE', 'RAIL']","[[0.09, 1.71, 0.01], [0.58, 0.14, 0.3], [4.0, 0.25, 1.63], [2.25, 0.23, 2.05], [1.95, 0.25, 1.94], [1.67, 0.26, 0.73], [1.52, 3.93, 1.52], [1.58, 3.85, 1.43], [0.29, 3.51, 0.82], [1.01, 3.92, 1.45], [0.1, 3.51, 0.0], [0.03, 2.49, 0.0], [0.19, 2.21, 0.0], [0.46, 3.86, 0.5], [0.06, 1.38, 0.0], [0.25, 3.87, 0.79], [0.06, 0.4, 0.51]]","[389, 414, 236, 419, 423, 308, 378, 392, 375, 393, 411, 388, 373, 403, 418, 359, 413]",40.6
737,1790252310824041718,306651,101963,24,19,131.6,"[22.7, 28.7, 30.6, 39.3, 42.2, 48.3, 70.9, 74.4, 81.7, 85.4, 90.3, 96.8, 101.4, 104.4, 107.7, 114.2, 115.8, 123.8, 131.6]","['INSIDE', 'INSIDE', 'INSIDE', 'NEAR', 'NEAR', 'NEAR', 'NEAR', 'NEAR', 'INSIDE', 'INSIDE', 'INSIDE', 'INSIDE', 'INSIDE', 'INSIDE', 'INSIDE', 'INSIDE', 'INSIDE', 'INSIDE', 'INSIDE']","[[0.2, 2.3, 0.02], [1.34, 2.54, 0.84], [1.02, 1.38, 0.79], [2.61, 0.28, 2.34], [2.7, 0.2, 1.95], [0.45, 0.12, 1.48], [2.49, 0.2, 1.89], [1.31, 0.15, 1.63], [2.15, 1.16, 1.77], [5.11, 4.2, 1.89], [3.0, 4.12, 1.46], [2.17, 3.9, 1.48], [1.52, 4.24, 0.89], [1.73, 4.09, 0.9], [1.07, 3.46, 0.3], [0.18, 3.19, 0.0], [0.17, 3.16, 0.47], [7.34, 3.92, 0.81], [0.11, 3.69, 0.65]]","[366, 363, 389, 236, 419, 423, 391, 371, 339, 378, 392, 393, 411, 373, 403, 359, 418, 399, 398]",32.3
738,1790252310916639018,306556,101382,25,20,130.0,"[33.5, 38.2, 40.8, 42.6, 44.4, 47.5, 78.4, 83.8, 86.2, 89.9, 90.9, 93.0, 99.2, 103.4, 105.0, 109.6, 111.1, 115.3, 125.8, 130.0]","['NEAR', 'NEAR', 'NEAR', 'NEAR', 'NEAR', 'NEAR', 'NEAR', 'INSIDE', 'INSIDE', 'OUTSIDE', 'NEAR', 'INSIDE', 'INSIDE', 'INSIDE', 'INSIDE', 'INSIDE', 'INSIDE', 'RAIL', 'RAIL', 'INSIDE']","[[0.21, 0.52, 0.6], [3.71, 0.26, 1.95], [0.51, 0.18, 1.63], [0.1, 0.17, 1.13], [1.45, 0.2, 1.56], [0.42, 0.23, 1.25], [1.88, 0.23, 1.4], [3.32, 4.0, 2.02], [4.06, 4.0, 1.92], [0.39, 0.31, 0.79], [1.42, 0.16, 0.78], [0.39, 4.06, 1.02], [2.67, 3.9, 0.87], [0.68, 3.92, 0.9], [0.07, 3.9, 0.49], [0.05, 3.64, 0.0], [0.04, 1.55, 0.0], [0.11, 0.63, 0.74], [0.03, 0.07, 0.55], [0.11, 3.72, 0.84]]","[408, 415, 416, 419, 427, 423, 292, 382, 378, 392, 387, 375, 411, 373, 403, 357, 359, 418, 399, 398]",45.7
739,1790252311022613019,306338,102498,28,21,128.4,"[33.4, 40.6, 43.3, 45.0, 47.4, 86.6, 88.2, 88.3, 91.9, 93.8, 95.9, 96.0, 97.3, 98.8, 102.0, 103.4, 106.6, 108.0, 113.8, 116.3, 128.4]","['INSIDE', 'NEAR', 'NEAR', 'NEAR', 'NEAR', 'INSIDE', 'OUTSIDE', 'NEAR', 'INSIDE', 'RAIL', 'OUTSIDE', 'INSIDE', 'INSIDE', 'INSIDE', 'INSIDE', 'INSIDE', 'INSIDE', 'INSIDE', 'OUTSIDE', 'INSIDE', 'INSIDE']","[[0.31, 1.1, 0.6], [1.29, 0.23, 1.69], [2.35, 0.21, 2.43], [0.83, 0.09, 1.58], [1.8, 0.27, 1.15], [0.18, 3.63, 0.16], [0.39, 0.31, 0.59], [3.21, 0.15, 1.37], [1.46, 3.99, 1.0], [1.96, 0.16, 0.6], [0.25, 1.36, 0.38], [0.44, 1.22, 0.19], [0.1, 2.97, 0.65], [0.1, 3.63, 0.4], [0.17, 3.94, 0.89], [0.03, 2.16, 0.0], [0.1, 3.72, 0.0], [0.1, 1.32, 0.0], [0.35, 0.43, 0.56], [1.77, 3.45, 0.81], [0.12, 3.61, 0.27]]","[408, 416, 419, 427, 423, 378, 392, 387, 375, 393, 383, 406, 411, 388, 373, 403, 357, 359, 418, 413, 398]",71.2
740,1790252311122560988,306330,103729,26,21,126.8,"[25.2, 33.5, 36.5, 42.0, 44.4, 45.7, 82.1, 86.7, 88.6, 89.1, 91.1, 93.6, 95.8, 97.3, 100.4, 101.8, 105.0, 106.4, 112.2, 115.4, 126.8]","['OUTSIDE', 'INSIDE', 'INSIDE', 'NEAR', 'NEAR', 'NEAR', 'INSIDE', 'INSIDE', 'RAIL', 'INSIDE', 'INSIDE', 'OUTSIDE', 'OUTSIDE', 'INSIDE', 'INSIDE', 'INSIDE', 'INSIDE', 'INSIDE', 'OUTSIDE', 'INSIDE', 'INSIDE']","[[0.5, 0.22, 1.31], [0.11, 1.52, 0.01], [0.15, 0.68, 0.33], [2.91, 0.23, 1.62], [0.39, 0.16, 1.06], [1.73, 0.22, 1.93], [6.19, 4.23, 1.97], [0.43, 3.77, 1.29], [1.06, 0.32, 0.0], [1.98, 3.82, 1.18], [0.08, 3.34, 0.0], [1.18, 0.1, 1.22], [0.23, 1.52, 0.38], [0.1, 3.4, 0.0], [0.16, 3.74, 0.88], [0.05, 3.55, 0.0], [0.09, 2.57, 0.0], [0.28, 3.7, 1.18], [0.3, 0.42, 0.55], [3.08, 3.52, 0.98], [0.09, 3.98, 0.27]]","[366, 408, 410, 419, 427, 423, 339, 378, 392, 387, 375, 393, 383, 411, 373, 403, 357, 359, 418, 413, 398]",53.4
741,1790252311219808375,307098,105610,26,19,125.2,"[39.2, 40.0, 41.8, 42.8, 44.8, 71.4, 81.4, 85.1, 88.2, 91.3, 92.5, 93.0, 98.4, 104.0, 106.3, 109.3, 110.5, 121.0, 125.2]","['INSIDE', 'NEAR', 'NEAR', 'NEAR', 'NEAR', 'RAIL', 'INSIDE', 'OUTSIDE', 'INSIDE', 'INSIDE', 'INSIDE', 'OUTSIDE', 'INSIDE', 'INSIDE', 'OUTSIDE', 'INSIDE', 'OUTSIDE', 'RAIL', 'INSIDE']","[[0.68, 2.83, 0.38], [2.35, 0.24, 2.0], [0.73, 0.15, 1.19], [0.24, 0.18, 1.31], [0.27, 0.17, 1.28], [3.89, 0.16, 0.65], [4.01, 4.2, 2.01], [0.62, 0.29, 1.11], [3.14, 4.14, 1.92], [0.31, 3.5, 0.2], [0.03, 0.97, 0.0], [2.94, 0.86, 1.47], [2.57, 4.05, 1.49], [1.61, 3.79, 1.19], [0.34, 1.81, 0.72], [0.06, 1.34, 0.0], [0.31, 0.46, 0.76], [0.04, 0.28, 0.53], [0.1, 3.96, 0.51]]","[236, 416, 419, 427, 423, 391, 339, 394, 387, 375, 393, 383, 388, 357, 359, 418, 413, 399, 398]",49.0
742,1790252311324117095,307083,97589,21,18,123.6,"[30.2, 38.1, 39.3, 42.5, 44.4, 45.5, 83.6, 86.6, 90.2, 91.8, 94.1, 95.7, 97.3, 99.7, 101.7, 104.6, 106.2, 123.6]","['INSIDE', 'INSIDE', 'INSIDE', 'NEAR', 'NEAR', 'NEAR', 'OUTSIDE', 'INSIDE', 'INSIDE', 'OUTSIDE', 'OUTSIDE', 'INSIDE', 'OUTSIDE', 'INSIDE', 'INSIDE', 'INSIDE', 'INSIDE', 'INSIDE']","[[0.07, 2.74, 0.01], [0.31, 2.52, 0.01], [4.14, 1.42, 2.68], [1.25, 0.19, 2.02], [0.91, 0.19, 1.36], [0.17, 0.16, 1.2], [0.71, 0.28, 1.09], [3.14, 4.09, 1.89], [1.41, 3.86, 0.41], [1.63, 0.25, 0.89], [0.2, 1.43, 0.82], [0.21, 3.51, 0.0], [1.55, 0.26, 1.09], [1.22, 3.92, 0.47], [0.23, 2.71, 0.47], [0.33, 3.8, 0.71], [0.18, 3.65, 0.5], [0.11, 3.88, 0.5]]","[389, 236, 416, 427, 423, 432, 368, 378, 375, 383, 393, 406, 388, 373, 403, 357, 359, 398]",49.6
743,1790252311419696993,307000,99567,23,18,122.0,"[29.2, 31.7, 37.8, 41.3, 42.9, 43.8, 81.9, 85.2, 89.5, 90.8, 94.0, 95.6, 98.2, 100.2, 102.1, 104.7, 107.6, 122.0]","['INSIDE', 'INSIDE', 'NEAR', 'NEAR', 'NEAR', 'OUTSIDE', 'OUTSIDE', 'INSIDE', 'INSIDE', 'INSIDE', 'NEAR', 'INSIDE', 'INSIDE', 'INSIDE', 'INSIDE', 'NEAR', 'INSIDE', 'INSIDE']","[[0.44, 1.92, 0.03], [6.34, 1.98, 2.92], [4.29, 0.37, 2.59], [1.91, 0.24, 2.41], [0.92, 0.21, 1.54], [0.23, 0.17, 0.48], [0.55, 0.29, 1.24], [4.58, 4.18, 1.88], [0.27, 3.87, 0.39], [1.09, 3.82, 1.45], [0.41, 0.16, 0.82], [0.34, 4.12, 1.45], [2.55, 3.86, 1.47], [0.08, 3.5, 0.0], [1.22, 3.7, 0.88], [0.07, 1.28, 0.0], [0.05, 1.31, 0.0], [0.13, 4.07, 0.5]]","[363, 352, 415, 419, 427, 431, 368, 382, 375, 383, 406, 411, 373, 403, 357, 359, 418, 398]",50.9
744,1790252311518858648,306838,101580,25,20,120.4,"[28.5, 35.2, 36.4, 37.1, 39.5, 41.0, 42.2, 80.3, 82.6, 84.5, 89.8, 94.2, 95.3, 97.4, 99.4, 101.5, 104.6, 108.1, 111.5, 120.4]","['INSIDE', 'OUTSIDE', 'INSIDE', 'OUTSIDE', 'NEAR', 'NEAR', 'OUTSIDE', 'INSIDE', 'RAIL', 'INSIDE', 'INSIDE', 'INSIDE', 'INSIDE', 'OUTSIDE', 'INSIDE', 'INSIDE', 'INSIDE', 'INSIDE', 'INSIDE', 'INSIDE']","[[0.24, 0.76, 0.75], [2.37, 0.23, 1.8], [0.38, 1.04, 0.61], [0.47, 0.18, 1.47], [1.36, 0.21, 2.01], [1.11, 0.16, 1.2], [0.15, 0.17, 1.58], [3.31, 4.26, 2.12], [0.4, 0.32, 0.74], [2.48, 4.23, 2.08], [1.97, 4.14, 1.75], [0.55, 4.01, 0.85], [0.04, 2.66, 0.0], [1.09, 0.37, 1.27], [1.45, 4.09, 1.08], [0.04, 2.3, 0.0], [0.08, 2.01, 0.0], [1.33, 1.36, 1.4], [1.06, 3.87, 0.76], [0.14, 4.04, 1.34]]","[389, 410, 415, 416, 419, 427, 431, 339, 368, 382, 375, 393, 411, 388, 403, 357, 359, 418, 413, 398]",44.8
745,1790252311621028835,306183,103527,23,18,118.8,"[34.4, 38.5, 41.9, 45.1, 80.6, 83.5, 85.5, 88.6, 92.0, 96.3, 97.0, 98.4, 101.4, 103.5, 106.5, 109.0, 110.3, 118.8]","['OUTSIDE', 'OUTSIDE', 'RAIL', 'INSIDE', 'RAIL', 'INSIDE', 'OUTSIDE', 'INSIDE', 'INSIDE', 'RAIL', 'INSIDE', 'INSIDE', 'INSIDE', 'INSIDE', 'INSIDE', 'INSIDE', 'INSIDE', 'INSIDE']","[[4.34, 0.25, 1.78], [2.91, 0.22, 2.25], [0.44, 0.12, 0.38], [0.07, 0.94, 0.0], [1.08, 0.39, 0.88], [1.26, 4.14, 1.82], [1.95, 1.2, 1.3], [1.49, 3.92, 0.73], [0.98, 4.01, 0.83], [0.05, 0.28, 0.14], [0.11, 3.55, 0.0], [0.12, 1.42, 0.85], [0.14, 2.83, 0.0], [2.96, 4.21, 0.89], [2.23, 0.25, 0.91], [0.23, 3.24, 0.0], [0.25, 4.0, 0.75], [0.09, 3.94, 0.56]]","[410, 419, 431, 423, 339, 382, 394, 387, 383, 388, 373, 403, 357, 359, 418, 422, 413, 398]",48.8
746,1790252311717509782,307200,103106,18,14,117.1,"[33.3, 34.5, 35.0, 78.1, 81.6, 81.9, 85.3, 87.5, 90.3, 95.3, 98.4, 99.8, 102.5, 117.1]","['OUTSIDE', 'INSIDE', 'OUTSIDE', 'NEAR', 'OUTSIDE', 'INSIDE', 'INSIDE', 'INSIDE', 'INSIDE', 'INSIDE', 'INSIDE', 'INSIDE', 'OUTSIDE', 'INSIDE']","[[0.26, 1.04, 0.01], [0.21, 2.65, 0.01], [8.36, 0.27, 2.28], [2.77, 0.11, 0.88], [0.66, 0.18, 1.42], [1.25, 1.91, 1.26], [1.45, 3.89, 0.71], [0.16, 1.74, 0.95], [2.62, 4.14, 1.42], [0.12, 3.49, 0.0], [0.2, 2.88, 0.86], [0.08, 3.66, 0.0], [0.12, 0.4, 0.2], [0.13, 3.91, 0.81]]","[408, 415, 410, 292, 339, 382, 394, 378, 375, 411, 373, 357, 359, 398]",47.5
747,1790252311803647275,307200,103044,17,11,115.6,"[30.0, 33.4, 77.7, 88.5, 89.0, 93.0, 93.1, 98.4, 100.9, 105.7, 115.6]","['NEAR', 'OUTSIDE', 'RAIL', 'INSIDE', 'INSIDE', 'RAIL', 'INSIDE', 'INSIDE', 'OUTSIDE', 'INSIDE', 'INSIDE']","[[0.66, 0.17, 0.78], [8.35, 0.27, 1.82], [0.12, 0.3, 0.31], [0.08, 1.86, 0.0], [3.22, 4.11, 1.92], [0.05, 0.32, 0.14], [4.46, 4.12, 1.22], [0.47, 3.8, 0.39], [0.26, 0.43, 0.27], [0.04, 2.21, 0.0], [0.11, 4.15, 1.29]]","[389, 410, 339, 387, 378, 383, 393, 373, 359, 418, 398]",39.8
748,1790252311906555661,307200,101666,23,17,114.0,"[28.6, 30.7, 35.1, 76.3, 82.2, 83.9, 87.8, 88.2, 90.6, 92.7, 93.5, 96.7, 98.7, 101.3, 105.6, 107.5, 114.0]","['INSIDE', 'NEAR', 'NEAR', 'RAIL', 'NEAR', 'INSIDE', 'OUTSIDE', 'INSIDE', 'INSIDE', 'INSIDE', 'INSIDE', 'INSIDE', 'INSIDE', 'INSIDE', 'INSIDE', 'OUTSIDE', 'INSIDE']","[[0.82, 2.82, 0.55], [6.2, 0.28, 1.81], [1.78, 0.2, 1.76], [2.24, 0.45, 0.69], [1.67, 0.33, 2.02], [5.23, 4.18, 1.49], [1.03, 0.33, 1.75], [1.61, 3.54, 0.38], [0.63, 4.09, 0.74], [1.15, 4.05, 1.01], [0.15, 0.91, 0.84], [0.21, 3.05, 0.39], [1.15, 3.89, 1.06], [0.55, 0.29, 1.13], [0.08, 3.69, 0.0], [1.3, 0.31, 1.19], [0.27, 4.05, 1.27]]","[363, 352, 410, 339, 382, 394, 392, 378, 375, 393, 406, 411, 373, 357, 418, 422, 398]",47.5
749,1790252312007587993,307200,102653,12,10,121.9,"[36.1, 82.1, 87.1, 89.4, 95.2, 99.6, 101.0, 108.1, 112.3, 121.9]","['INSIDE', 'INSIDE', 'INSIDE', 'INSIDE', 'INSIDE', 'OUTSIDE', 'INSIDE', 'OUTSIDE', 'INSIDE', 'INSIDE']","[[0.4, 2.65, 0.34], [1.77, 4.07, 1.46], [4.04, 4.24, 1.9], [2.04, 3.92, 1.44], [0.51, 3.67, 0.38], [0.18, 1.05, 0.0], [2.97, 3.9, 1.34], [0.1, 0.25, 0.91], [0.13, 3.97, 1.08], [2.02, 3.0, 0.02]]","[236, 394, 378, 387, 411, 373, 357, 422, 398, 399]",58.3
750,1790252312116118500,307203,95957,19,15,110.7,"[49.2, 50.5, 81.1, 82.7, 84.7, 87.7, 88.8, 90.4, 91.8, 94.5, 96.0, 98.8, 100.9, 106.6, 110.7]","['NEAR', 'NEAR', 'INSIDE', 'INSIDE', 'OUTSIDE', 'INSIDE', 'INSIDE', 'OUTSIDE', 'INSIDE', 'INSIDE', 'OUTSIDE', 'INSIDE', 'INSIDE', 'OUTSIDE', 'INSIDE']","[[1.59, 0.2, 1.86], [0.75, 0.14, 1.99], [0.05, 1.98, 0.0], [0.39, 3.95, 1.12], [1.39, 0.32, 1.84], [0.05, 2.63, 0.0], [2.8, 4.16, 1.91], [0.33, 1.36, 1.0], [0.17, 3.91, 0.83], [1.42, 0.08, 1.24], [0.05, 0.36, 0.84], [1.94, 4.05, 1.51], [0.03, 1.94, 0.0], [0.23, 0.31, 0.9], [0.14, 4.13, 1.28]]","[424, 430, 394, 382, 368, 387, 378, 375, 393, 406, 388, 403, 357, 422, 413]",52.1
751,1790252312209638747,307200,102226,20,15,142.7,"[29.1, 29.6, 44.8, 47.7, 48.0, 48.1, 84.4, 88.2, 90.1, 93.9, 96.3, 99.5, 100.7, 109.1, 142.7]","['NEAR', 'INSIDE', 'RAIL', 'RAIL', 'NEAR', 'NEAR', 'INSIDE', 'INSIDE', 'INSIDE', 'INSIDE', 'INSIDE', 'INSIDE', 'INSIDE', 'INSIDE', 'INSIDE']","[[0.29, 0.18, 0.75], [0.1, 2.79, 0.01], [0.73, 0.17, 0.89], [0.35, 0.12, 0.53], [1.13, 0.22, 1.12], [1.09, 0.19, 1.16], [5.18, 4.04, 2.07], [1.41, 4.17, 1.93], [0.03, 1.73, 0.0], [1.3, 3.94, 1.02], [1.2, 0.3, 0.84], [0.18, 3.13, 0.0], [0.32, 3.52, 0.88], [0.24, 4.01, 1.43], [3.51, 3.85, 0.93]]","[389, 363, 432, 424, 430, 423, 382, 378, 387, 411, 406, 403, 357, 413, 426]",45.0
752,1790252312308869210,307200,103539,17,14,123.5,"[24.9, 46.0, 49.5, 76.4, 80.9, 83.4, 84.9, 88.8, 90.9, 95.5, 97.7, 100.8, 107.5, 123.5]","['INSIDE', 'NEAR', 'NEAR', 'NEAR', 'INSIDE', 'INSIDE', 'INSIDE', 'INSIDE', 'INSIDE', 'INSIDE', 'INSIDE', 'OUTSIDE', 'INSIDE', 'INSIDE']","[[0.16, 1.82, 0.02], [1.45, 0.21, 1.03], [0.82, 0.18, 1.96], [2.99, 0.12, 1.33], [2.48, 3.82, 1.99], [2.02, 0.14, 0.36], [1.63, 3.87, 1.87], [0.66, 3.78, 0.8], [1.7, 2.21, 1.57], [2.05, 3.89, 1.32], [0.05, 1.41, 0.85], [0.75, 0.47, 0.47], [0.14, 4.01, 1.4], [6.9, 3.9, 0.51]]","[389, 432, 423, 292, 394, 382, 368, 378, 387, 411, 406, 359, 413, 399]",55.0
753,1790252312406369768,307199,104013,26,21,139.0,"[41.5, 42.1, 43.7, 45.1, 47.1, 48.0, 80.0, 81.8, 83.6, 84.6, 86.9, 89.0, 90.3, 93.2, 98.2, 99.1, 101.7, 105.9, 114.6, 124.8, 139.0]","['INSIDE', 'RAIL', 'RAIL', 'NEAR', 'NEAR', 'NEAR', 'INSIDE', 'INSIDE', 'RAIL', 'NEAR', 'INSIDE', 'NEAR', 'INSIDE', 'NEAR', 'OUTSIDE', 'INSIDE', 'OUTSIDE', 'INSIDE', 'INSIDE', 'INSIDE', 'INSIDE']","[[0.09, 1.82, 0.74], [0.52, 0.14, 0.66], [1.35, 0.13, 0.48], [0.41, 0.09, 0.29], [0.38, 0.19, 1.03], [0.84, 0.18, 1.8], [3.31, 4.12, 2.1], [1.53, 3.74, 0.37], [0.33, 0.15, 0.58], [2.39, 0.31, 1.31], [0.93, 3.94, 1.67], [0.44, 0.22, 1.35], [2.55, 4.18, 1.01], [0.85, 0.19, 0.82], [0.49, 0.25, 0.67], [2.29, 3.96, 0.88], [0.11, 0.29, 1.13], [0.2, 4.08, 1.45], [0.1, 2.8, 0.0], [8.51, 4.18, 0.55], [4.6, 3.76, 0.91]]","[427, 419, 432, 430, 423, 424, 394, 382, 368, 378, 392, 387, 375, 393, 373, 406, 359, 418, 398, 399, 426]",56.6
754,1790252312520017738,307196,94290,28,17,137.3,"[40.1, 41.6, 42.4, 43.4, 45.5, 47.4, 81.6, 82.1, 85.3, 89.3, 92.1, 95.3, 100.1, 104.4, 113.0, 119.3, 137.3]","['RAIL', 'NEAR', 'OUTSIDE', 'NEAR', 'NEAR', 'INSIDE', 'INSIDE', 'INSIDE', 'INSIDE', 'INSIDE', 'INSIDE', 'INSIDE', 'OUTSIDE', 'INSIDE', 'INSIDE', 'OUTSIDE', 'INSIDE']","[[0.72, 0.18, 0.79], [0.54, 0.19, 1.37], [1.1, 0.12, 1.11], [0.36, 0.18, 2.0], [0.45, 0.16, 1.2], [0.12, 2.66, 0.44], [0.58, 1.9, 1.28], [7.66, 4.26, 2.15], [0.05, 2.83, 0.0], [1.61, 3.9, 1.73], [2.04, 1.78, 1.17], [1.39, 3.84, 0.87], [0.13, 0.23, 1.31], [0.2, 4.07, 1.58], [0.05, 2.96, 0.0], [0.6, 0.32, 0.32], [4.56, 3.78, 1.18]]","[419, 427, 432, 430, 423, 424, 382, 394, 392, 375, 393, 411, 373, 418, 398, 399, 426]",41.4
755,1790252312610087268,307197,103595,25,17,117.6,"[38.9, 40.0, 40.6, 41.9, 46.0, 80.2, 80.7, 83.8, 86.9, 88.2, 91.1, 95.7, 96.0, 98.5, 102.8, 113.4, 117.6]","['RAIL', 'NEAR', 'NEAR', 'NEAR', 'NEAR', 'RAIL', 'INSIDE', 'OUTSIDE', 'OUTSIDE', 'INSIDE', 'INSIDE', 'OUTSIDE', 'INSIDE', 'OUTSIDE', 'INSIDE', 'INSIDE', 'OUTSIDE']","[[0.44, 0.17, 0.69], [0.63, 0.18, 1.41], [0.51, 0.16, 0.45], [2.5, 0.19, 1.59], [0.29, 0.19, 1.09], [0.91, 0.31, 0.72], [4.58, 4.23, 1.9], [0.93, 0.23, 0.93], [0.36, 0.46, 1.33], [2.75, 4.02, 1.57], [3.63, 2.87, 1.48], [1.22, 0.43, 1.46], [0.9, 0.38, 0.21], [0.11, 0.28, 1.1], [0.24, 4.17, 1.56], [0.19, 2.77, 0.0], [0.74, 0.48, 0.23]]","[419, 427, 432, 430, 423, 394, 382, 368, 375, 392, 393, 388, 411, 373, 418, 398, 399]",39.2
756,1790252312706183917,307200,102817,23,17,137.0,"[31.0, 37.8, 39.7, 42.0, 45.7, 46.2, 85.3, 86.6, 89.8, 90.2, 94.5, 97.0, 101.1, 107.9, 113.6, 116.2, 137.0]","['INSIDE', 'NEAR', 'NEAR', 'NEAR', 'INSIDE', 'RAIL', 'OUTSIDE', 'INSIDE', 'OUTSIDE', 'INSIDE', 'OUTSIDE', 'OUTSIDE', 'INSIDE', 'INSIDE', 'INSIDE', 'OUTSIDE', 'INSIDE']","[[0.06, 1.95, 0.01], [1.63, 0.27, 1.4], [1.69, 0.24, 2.35], [1.72, 0.19, 1.64], [0.05, 2.87, 0.0], [0.15, 0.19, 0.72], [0.4, 0.18, 0.75], [2.7, 3.87, 1.88], [0.06, 1.25, 0.0], [4.79, 4.25, 1.82], [1.0, 0.39, 1.43], [0.24, 0.36, 1.08], [0.1, 4.1, 1.53], [0.07, 1.13, 0.0], [0.12, 3.37, 0.0], [0.45, 0.26, 0.23], [8.11, 3.6, 0.7]]","[363, 419, 427, 430, 424, 423, 375, 392, 393, 387, 388, 373, 357, 413, 398, 399, 426]",37.9
757,1790252312805615828,307200,103099,24,17,135.3,"[36.7, 38.4, 41.1, 42.8, 44.5, 44.8, 82.3, 83.3, 84.9, 88.1, 90.6, 92.7, 95.3, 99.5, 108.1, 112.0, 135.3]","['RAIL', 'NEAR', 'NEAR', 'NEAR', 'RAIL', 'RAIL', 'OUTSIDE', 'INSIDE', 'OUTSIDE', 'INSIDE', 'INSIDE', 'OUTSIDE', 'OUTSIDE', 'INSIDE', 'INSIDE', 'INSIDE', 'INSIDE']","[[0.24, 0.14, 0.8], [3.32, 0.24, 1.97], [1.77, 0.19, 1.64], [0.6, 0.2, 1.7], [0.35, 0.2, 0.58], [1.55, 0.31, 0.98], [0.28, 0.99, 0.73], [1.4, 3.86, 1.13], [0.32, 0.44, 0.53], [3.51, 3.89, 1.95], [0.96, 3.85, 1.36], [0.46, 0.3, 0.41], [0.13, 0.4, 1.44], [0.16, 4.21, 1.73], [0.08, 2.64, 0.0], [0.09, 3.13, 0.0], [8.07, 3.84, 0.59]]","[419, 427, 432, 430, 423, 424, 368, 392, 375, 387, 393, 388, 373, 403, 413, 398, 426]",42.6
758,1790252312909526708,307201,102524,19,11,135.3,"[39.7, 47.0, 80.6, 83.5, 85.6, 90.3, 93.7, 98.0, 106.5, 110.4, 135.3]","['NEAR', 'RAIL', 'INSIDE', 'INSIDE', 'INSIDE', 'INSIDE', 'OUTSIDE', 'INSIDE', 'INSIDE', 'INSIDE', 'INSIDE']","[[1.31, 0.21, 1.65], [0.92, 0.2, 0.73], [0.33, 1.38, 1.58], [1.03, 4.09, 0.57], [2.32, 0.31, 1.7], [2.53, 3.94, 1.59], [0.11, 0.33, 1.42], [0.32, 4.13, 1.89], [0.13, 2.97, 0.0], [0.1, 3.47, 0.0], [11.06, 3.8, 0.98]]","[427, 424, 382, 392, 378, 393, 388, 406, 413, 398, 426]",42.8
759,1790252313015364785,307202,101802,28,17,108.8,"[35.1, 38.0, 39.5, 42.8, 47.5, 74.5, 77.6, 81.8, 83.9, 85.4, 87.8, 89.6, 92.1, 96.2, 103.1, 104.9, 108.8]","['NEAR', 'NEAR', 'NEAR', 'NEAR', 'RAIL', 'NEAR', 'INSIDE', 'INSIDE', 'INSIDE', 'OUTSIDE', 'INSIDE', 'OUTSIDE', 'OUTSIDE', 'INSIDE', 'INSIDE', 'INSIDE', 'INSIDE']","[[3.82, 0.26, 1.75], [1.19, 0.18, 1.59], [0.88, 0.18, 1.64], [1.21, 0.23, 2.07], [0.45, 0.17, 0.74], [3.61, 0.27, 1.34], [0.51, 3.0, 1.74], [0.6, 4.01, 0.89], [1.38, 0.32, 1.84], [1.34, 0.15, 1.5], [0.19, 3.86, 0.72], [0.79, 0.32, 1.14], [0.09, 0.34, 1.39], [0.37, 4.24, 1.85], [0.1, 2.16, 0.0], [0.11, 2.93, 0.0], [0.11, 3.42, 0.0]]","[419, 427, 432, 430, 424, 292, 394, 368, 378, 375, 387, 393, 388, 406, 418, 413, 398]",43.0
760,1790252313104691762,307201,102412,29,17,139.5,"[35.9, 37.9, 38.8, 39.5, 42.2, 44.9, 78.6, 81.8, 83.3, 83.9, 87.7, 88.2, 90.5, 94.8, 105.4, 107.2, 139.5]","['NEAR', 'NEAR', 'NEAR', 'NEAR', 'NEAR', 'RAIL', 'NEAR', 'RAIL', 'OUTSIDE', 'INSIDE', 'OUTSIDE', 'INSIDE', 'OUTSIDE', 'INSIDE', 'INSIDE', 'INSIDE', 'INSIDE']","[[2.49, 0.21, 1.5], [0.52, 0.23, 1.33], [0.17, 0.18, 0.62], [1.41, 0.2, 1.66], [1.49, 0.21, 1.32], [0.57, 0.26, 1.07], [2.79, 0.16, 2.08], [0.98, 0.14, 1.12], [0.04, 1.31, 0.0], [4.46, 4.12, 1.86], [1.24, 0.47, 1.92], [0.85, 0.17, 1.56], [0.14, 0.38, 1.37], [0.38, 4.29, 1.82], [0.23, 3.13, 0.0], [0.16, 3.55, 0.0], [5.2, 3.92, 0.31]]","[419, 427, 432, 430, 423, 424, 382, 368, 392, 378, 393, 387, 388, 406, 413, 398, 426]",42.0
761,1790252313210136350,307200,99863,22,12,140.2,"[26.9, 34.7, 36.7, 38.9, 43.4, 84.5, 89.3, 93.1, 103.8, 105.6, 114.7, 140.2]","['INSIDE', 'NEAR', 'NEAR', 'OUTSIDE', 'NEAR', 'INSIDE', 'OUTSIDE', 'INSIDE', 'NEAR', 'INSIDE', 'INSIDE', 'INSIDE']","[[0.13, 1.59, 0.01], [1.41, 0.21, 1.47], [1.69, 0.21, 1.83], [1.65, 0.2, 1.65], [0.42, 0.18, 1.53], [2.3, 3.84, 1.32], [1.06, 0.54, 1.57], [0.26, 4.39, 1.79], [0.12, 1.27, 0.0], [0.11, 3.5, 0.0], [0.06, 2.6, 0.0], [9.85, 3.63, 0.33]]","[389, 419, 427, 432, 423, 378, 393, 406, 418, 413, 399, 426]",44.9
762,1790252313311628128,307200,100879,22,12,138.6,"[35.6, 38.7, 42.8, 75.2, 83.3, 88.1, 91.5, 98.2, 104.0, 106.8, 114.6, 138.6]","['OUTSIDE', 'OUTSIDE', 'RAIL', 'INSIDE', 'INSIDE', 'OUTSIDE', 'INSIDE', 'INSIDE', 'INSIDE', 'INSIDE', 'INSIDE', 'INSIDE']","[[2.84, 0.2, 1.82], [2.28, 0.23, 2.32], [0.36, 0.14, 0.47], [2.48, 2.22, 2.17], [3.39, 4.03, 2.16], [1.86, 0.53, 1.55], [0.17, 4.36, 2.01], [0.1, 2.74, 0.0], [0.12, 3.09, 0.0], [1.44, 4.13, 1.61], [0.08, 3.2, 0.0], [9.86, 3.83, 0.33]]","[419, 432, 423, 292, 378, 393, 406, 403, 418, 398, 399, 426]",47.4
763,1790252313421106241,307194,100477,24,14,119.1,"[27.0, 37.1, 42.1, 77.5, 81.0, 83.1, 83.4, 85.6, 89.8, 98.6, 100.4, 104.9, 105.2, 119.1]","['INSIDE', 'OUTSIDE', 'OUTSIDE', 'INSIDE', 'INSIDE', 'INSIDE', 'OUTSIDE', 'OUTSIDE', 'INSIDE', 'INSIDE', 'INSIDE', 'OUTSIDE', 'NEAR', 'INSIDE']","[[0.14, 0.56, 0.22], [8.47, 0.24, 2.03], [0.7, 0.17, 1.49], [1.9, 2.12, 2.21], [1.0, 3.87, 0.89], [0.38, 0.4, 1.83], [1.32, 0.45, 2.04], [0.28, 0.38, 1.71], [0.21, 4.28, 2.2], [0.15, 1.55, 0.0], [0.16, 3.15, 0.0], [0.52, 0.41, 0.42], [1.37, 0.46, 1.59], [0.12, 3.53, 0.0]]","[389, 427, 423, 382, 378, 392, 368, 375, 406, 403, 357, 413, 398, 399]",45.5
764,1790252313503804476,307199,101297,23,13,119.0,"[36.5, 43.0, 76.4, 81.2, 81.6, 84.1, 88.3, 95.0, 96.8, 100.7, 103.3, 103.5, 119.0]","['OUTSIDE', 'INSIDE', 'INSIDE', 'OUTSIDE', 'NEAR', 'OUTSIDE', 'INSIDE', 'INSIDE', 'INSIDE', 'INSIDE', 'OUTSIDE', 'INSIDE', 'INSIDE']","[[6.27, 0.24, 2.69], [7.61, 2.92, 2.73], [4.15, 2.89, 2.24], [1.44, 1.44, 1.61], [1.39, 0.55, 2.16], [0.28, 0.35, 1.83], [0.22, 4.36, 2.34], [0.07, 0.66, 0.0], [0.16, 3.04, 0.0], [0.12, 3.34, 0.0], [0.5, 0.39, 0.21], [1.59, 0.65, 1.8], [0.06, 3.12, 0.0]]","[427, 424, 382, 378, 392, 368, 406, 373, 411, 357, 413, 398, 399]",42.7
765,1790252313604738265,307206,100272,24,12,117.9,"[26.8, 36.9, 42.1, 79.5, 80.1, 82.4, 86.6, 95.2, 99.1, 101.7, 102.0, 117.9]","['OUTSIDE', 'OUTSIDE', 'OUTSIDE', 'NEAR', 'RAIL', 'OUTSIDE', 'INSIDE', 'INSIDE', 'INSIDE', 'OUTSIDE', 'INSIDE', 'INSIDE']","[[0.71, 0.2, 0.96], [2.66, 0.22, 2.17], [6.61, 0.25, 1.9], [1.51, 0.5, 2.12], [1.29, 0.3, 0.72], [0.2, 0.38, 1.8], [0.2, 4.43, 2.29], [0.12, 2.99, 0.0], [0.13, 3.46, 0.0], [0.46, 0.39, 0.21], [1.43, 0.99, 1.77], [1.07, 3.48, 0.22]]","[389, 427, 423, 392, 378, 368, 406, 373, 403, 413, 398, 399]",35.7
766,1790252313714668785,307206,98444,23,11,118.7,"[24.3, 42.2, 78.5, 81.1, 85.1, 93.7, 95.5, 100.3, 102.0, 111.1, 118.7]","['OUTSIDE', 'OUTSIDE', 'RAIL', 'OUTSIDE', 'INSIDE', 'NEAR', 'INSIDE', 'INSIDE', 'INSIDE', 'INSIDE', 'OUTSIDE']","[[0.69, 0.14, 0.86], [2.1, 0.21, 1.69], [0.92, 0.3, 0.32], [1.2, 0.4, 1.76], [0.3, 4.31, 2.25], [0.14, 0.98, 0.0], [0.18, 3.33, 0.0], [1.61, 4.28, 1.75], [0.08, 2.85, 0.0], [0.28, 3.69, 0.23], [0.33, 0.98, 1.04]]","[389, 423, 392, 378, 406, 373, 411, 357, 398, 437, 399]",41.2
767,1790252313805419751,307197,95862,22,10,141.2,"[23.6, 30.0, 83.5, 90.1, 91.9, 98.5, 100.4, 103.7, 116.5, 141.2]","['INSIDE', 'INSIDE', 'INSIDE', 'INSIDE', 'INSIDE', 'INSIDE', 'INSIDE', 'RAIL', 'INSIDE', 'INSIDE']","[[0.39, 1.23, 0.17], [0.29, 1.24, 0.79], [0.29, 4.39, 2.4], [0.07, 1.42, 0.0], [0.1, 3.05, 0.0], [1.95, 0.74, 1.89], [0.08, 2.63, 0.0], [0.75, 0.17, 0.45], [1.78, 3.94, 1.27], [8.58, 4.14, 1.59]]","[389, 419, 406, 388, 373, 403, 357, 418, 399, 426]",43.2
768,1790252313909855942,307191,90163,21,13,139.9,"[38.4, 42.2, 75.2, 81.9, 90.5, 92.2, 96.7, 96.9, 100.8, 102.1, 106.4, 117.4, 139.9]","['INSIDE', 'NEAR', 'RAIL', 'INSIDE', 'NEAR', 'INSIDE', 'OUTSIDE', 'NEAR', 'INSIDE', 'RAIL', 'INSIDE', 'INSIDE', 'INSIDE']","[[0.04, 2.28, 0.0], [2.48, 0.22, 2.37], [0.91, 0.26, 0.33], [0.44, 4.42, 2.55], [0.04, 0.79, 0.0], [0.11, 3.22, 0.0], [0.69, 0.34, 1.44], [1.77, 0.56, 1.86], [1.87, 3.91, 1.12], [0.78, 0.17, 0.44], [0.05, 3.53, 0.0], [0.64, 3.8, 0.78], [8.14, 4.13, 1.57]]","[432, 423, 292, 406, 388, 373, 411, 403, 357, 418, 398, 399, 426]",43.4
769,1790252314021577964,307198,75393,25,13,138.9,"[33.0, 73.6, 80.2, 86.9, 90.6, 95.1, 95.2, 98.8, 100.8, 106.2, 106.3, 117.0, 138.9]","['OUTSIDE', 'RAIL', 'INSIDE', 'INSIDE', 'INSIDE', 'OUTSIDE', 'NEAR', 'INSIDE', 'INSIDE', 'OUTSIDE', 'INSIDE', 'INSIDE', 'INSIDE']","[[0.68, 0.15, 1.16], [0.9, 0.34, 0.62], [0.3, 4.5, 2.5], [0.15, 2.88, 0.0], [0.19, 3.48, 0.0], [0.79, 0.51, 1.42], [1.99, 0.55, 1.83], [0.99, 3.8, 1.27], [1.49, 2.92, 1.93], [0.37, 0.91, 0.47], [0.07, 1.31, 0.24], [0.05, 1.84, 0.0], [9.46, 4.05, 1.55]]","[419, 292, 406, 387, 388, 411, 403, 357, 418, 398, 437, 399, 426]",46.7
770,1790252314107929000,307196,64345,25,13,140.8,"[37.0, 38.0, 69.6, 87.2, 89.0, 91.0, 93.8, 97.4, 99.0, 101.6, 107.8, 109.3, 140.8]","['INSIDE', 'NEAR', 'RAIL', 'INSIDE', 'INSIDE', 'INSIDE', 'INSIDE', 'OUTSIDE', 'INSIDE', 'INSIDE', 'INSIDE', 'INSIDE', 'INSIDE']","[[0.82, 2.23, 0.38], [0.4, 1.18, 0.03], [0.11, 0.14, 0.62], [0.18, 3.04, 0.0], [0.09, 1.86, 0.0], [0.09, 2.7, 0.0], [1.65, 4.3, 2.05], [0.88, 0.21, 1.26], [1.02, 0.28, 0.69], [0.12, 3.55, 0.0], [0.12, 3.58, 0.0], [0.04, 2.29, 0.0], [6.97, 4.33, 0.71]]","[432, 427, 292, 387, 388, 373, 411, 357, 418, 413, 437, 398, 426]",40.7
771,1790252314214286376,307199,65205,27,15,148.2,"[36.9, 41.4, 46.5, 48.8, 70.3, 85.6, 87.5, 92.2, 93.9, 97.4, 100.1, 106.3, 107.6, 139.1, 148.2]","['INSIDE', 'NEAR', 'NEAR', 'INSIDE', 'RAIL', 'NEAR', 'INSIDE', 'INSIDE', 'INSIDE', 'INSIDE', 'INSIDE', 'OUTSIDE', 'INSIDE', 'INSIDE', 'OUTSIDE']","[[0.17, 2.57, 0.01], [2.64, 0.31, 2.02], [0.72, 0.22, 1.23], [0.08, 1.19, 0.0], [0.81, 0.33, 0.63], [0.09, 1.19, 0.0], [0.18, 3.36, 0.0], [1.66, 4.24, 2.02], [0.1, 2.62, 0.0], [1.16, 0.27, 1.27], [0.33, 2.62, 0.01], [0.05, 0.93, 0.0], [0.06, 3.57, 0.0], [7.01, 4.31, 0.99], [2.19, 0.57, 0.62]]","[432, 423, 443, 442, 292, 375, 387, 411, 403, 418, 413, 437, 398, 426, 434]",49.1
772,1790252314313848582,307197,66713,25,12,137.4,"[41.8, 45.7, 48.7, 68.7, 82.0, 85.9, 90.1, 91.2, 95.7, 106.0, 117.9, 137.4]","['NEAR', 'NEAR', 'RAIL', 'RAIL', 'INSIDE', 'INSIDE', 'OUTSIDE', 'INSIDE', 'NEAR', 'INSIDE', 'INSIDE', 'INSIDE']","[[0.32, 0.17, 0.92], [0.13, 0.17, 0.13], [0.64, 0.09, 0.96], [0.87, 0.24, 0.61], [0.07, 2.86, 0.0], [0.25, 3.6, 0.01], [0.8, 0.98, 1.59], [2.15, 3.58, 2.02], [0.75, 0.32, 1.25], [0.04, 3.33, 0.0], [0.82, 3.71, 0.26], [6.93, 4.26, 0.98]]","[423, 443, 442, 292, 406, 375, 373, 411, 418, 437, 399, 426]",47.3
773,1790252314411344563,307196,69593,27,15,147.8,"[41.2, 45.3, 49.5, 82.4, 84.1, 90.1, 93.1, 94.5, 96.7, 104.3, 107.3, 109.1, 113.5, 134.3, 147.8]","['NEAR', 'NEAR', 'RAIL', 'INSIDE', 'INSIDE', 'INSIDE', 'OUTSIDE', 'INSIDE', 'INSIDE', 'INSIDE', 'OUTSIDE', 'OUTSIDE', 'INSIDE', 'INSIDE', 'INSIDE']","[[0.34, 0.16, 0.73], [0.71, 0.15, 1.58], [0.91, 0.18, 0.87], [0.16, 3.02, 0.0], [0.18, 3.52, 0.0], [4.13, 4.35, 2.39], [0.54, 0.37, 2.04], [1.6, 3.98, 1.95], [0.07, 2.53, 0.0], [0.07, 2.37, 0.0], [0.31, 0.37, 0.5], [0.02, 0.76, 0.0], [0.06, 0.99, 0.0], [3.9, 3.99, 1.2], [7.45, 4.0, 0.75]]","[423, 443, 442, 406, 375, 411, 403, 418, 357, 437, 447, 398, 399, 426, 434]",37.6
774,1790252314503628349,307194,73982,21,11,98.0,"[40.3, 42.6, 46.2, 46.6, 49.7, 80.6, 84.5, 87.3, 92.1, 94.1, 98.0]","['NEAR', 'NEAR', 'RAIL', 'NEAR', 'RAIL', 'INSIDE', 'INSIDE', 'INSIDE', 'INSIDE', 'INSIDE', 'INSIDE']","[[3.66, 0.28, 1.94], [0.42, 0.16, 0.77], [0.35, 0.24, 0.82], [1.31, 0.18, 0.74], [0.49, 0.19, 0.68], [0.13, 3.09, 0.0], [0.16, 3.84, 0.0], [1.68, 4.37, 2.49], [1.95, 4.01, 2.21], [0.95, 3.81, 1.83], [0.33, 3.79, 0.87]]","[441, 423, 444, 443, 442, 406, 375, 387, 411, 418, 357]",46.3
775,1790252314606447328,307192,82296,27,19,144.0,"[30.4, 31.3, 41.0, 42.4, 45.5, 48.0, 48.9, 77.2, 82.9, 85.3, 87.4, 90.5, 93.5, 94.9, 104.0, 108.7, 110.3, 127.0, 144.0]","['INSIDE', 'NEAR', 'OUTSIDE', 'OUTSIDE', 'NEAR', 'RAIL', 'NEAR', 'INSIDE', 'INSIDE', 'OUTSIDE', 'INSIDE', 'NEAR', 'INSIDE', 'INSIDE', 'INSIDE', 'OUTSIDE', 'INSIDE', 'INSIDE', 'INSIDE']","[[0.73, 1.68, 0.06], [0.59, 0.39, 0.86], [0.35, 0.16, 0.72], [1.19, 0.17, 1.6], [3.38, 0.24, 2.14], [0.33, 0.17, 0.62], [0.8, 0.26, 1.41], [0.13, 2.96, 0.0], [0.15, 4.05, 0.0], [0.73, 0.47, 1.49], [4.96, 4.37, 2.36], [1.34, 0.34, 1.38], [0.12, 2.45, 0.0], [0.25, 3.83, 1.67], [0.25, 3.67, 1.55], [0.09, 1.14, 0.0], [0.08, 3.08, 0.0], [12.16, 4.3, 1.86], [8.57, 4.12, 0.74]]","[419, 432, 441, 423, 443, 444, 442, 392, 375, 387, 388, 411, 418, 403, 437, 398, 399, 438, 434]",65.5
776,1790252314706551757,307200,97452,24,18,170.3,"[38.3, 39.1, 40.7, 44.9, 74.5, 79.3, 81.3, 83.7, 88.4, 89.7, 90.4, 93.5, 94.9, 104.0, 108.6, 111.4, 143.9, 170.3]","['OUTSIDE', 'INSIDE', 'OUTSIDE', 'OUTSIDE', 'INSIDE', 'INSIDE', 'INSIDE', 'INSIDE', 'INSIDE', 'RAIL', 'INSIDE', 'INSIDE', 'INSIDE', 'INSIDE', 'OUTSIDE', 'INSIDE', 'INSIDE', 'INSIDE']","[[2.28, 0.23, 1.52], [0.07, 0.87, 0.34], [1.66, 0.2, 1.63], [1.23, 0.25, 2.16], [2.04, 2.59, 0.06], [0.09, 2.21, 0.0], [0.14, 2.84, 0.0], [2.33, 4.4, 2.4], [1.14, 3.83, 1.38], [1.86, 0.29, 0.99], [0.05, 3.31, 0.0], [0.34, 3.94, 0.42], [0.09, 3.61, 0.84], [0.11, 2.9, 0.0], [0.04, 0.95, 0.0], [0.75, 3.67, 0.27], [5.6, 3.66, 0.72], [5.0, 2.72, 0.35]]","[441, 427, 423, 443, 392, 406, 375, 387, 388, 411, 373, 418, 403, 437, 398, 399, 434, 439]",57.8
777,1790252314811408731,307201,100735,29,19,142.3,"[35.6, 37.8, 38.9, 44.7, 46.3, 48.3, 72.3, 73.9, 82.1, 86.2, 88.7, 93.2, 96.3, 99.2, 100.8, 103.3, 111.5, 124.9, 142.3]","['OUTSIDE', 'INSIDE', 'INSIDE', 'RAIL', 'NEAR', 'OUTSIDE', 'INSIDE', 'INSIDE', 'INSIDE', 'INSIDE', 'INSIDE', 'INSIDE', 'INSIDE', 'OUTSIDE', 'INSIDE', 'INSIDE', 'INSIDE', 'NEAR', 'INSIDE']","[[4.43, 0.23, 2.11], [0.07, 1.85, 0.01], [0.2, 2.04, 0.01], [0.56, 0.15, 0.31], [1.48, 0.33, 1.61], [1.29, 0.19, 1.28], [0.91, 2.26, 0.03], [0.1, 2.97, 0.0], [2.42, 4.37, 2.56], [5.13, 4.38, 2.51], [0.08, 3.25, 0.0], [0.28, 3.94, 0.82], [0.05, 0.67, 0.0], [0.56, 1.48, 1.35], [0.25, 4.06, 1.56], [1.84, 1.49, 1.09], [0.15, 3.7, 0.0], [0.93, 0.46, 1.64], [5.42, 3.89, 0.71]]","[441, 427, 423, 443, 444, 442, 392, 406, 375, 388, 373, 418, 403, 357, 413, 437, 399, 438, 434]",41.9
778,1790252314904558864,307203,101980,28,17,139.1,"[31.2, 42.2, 45.9, 48.1, 72.3, 80.6, 84.2, 86.0, 87.1, 87.5, 88.6, 91.6, 94.7, 100.9, 110.0, 121.6, 139.1]","['RAIL', 'INSIDE', 'NEAR', 'RAIL', 'INSIDE', 'INSIDE', 'OUTSIDE', 'INSIDE', 'INSIDE', 'OUTSIDE', 'INSIDE', 'INSIDE', 'INSIDE', 'INSIDE', 'INSIDE', 'INSIDE', 'INSIDE']","[[0.16, 0.06, 0.34], [0.27, 2.84, 0.38], [0.21, 0.09, 0.2], [0.48, 0.2, 0.43], [0.08, 2.9, 0.0], [2.21, 4.47, 2.51], [1.7, 0.33, 2.22], [2.38, 1.03, 2.47], [0.09, 3.35, 0.0], [1.09, 0.22, 1.02], [0.06, 3.4, 0.0], [0.16, 1.76, 0.19], [0.06, 1.16, 0.0], [0.36, 3.49, 0.45], [0.12, 3.65, 0.0], [2.48, 0.28, 1.82], [8.55, 4.01, 1.66]]","[432, 445, 444, 442, 392, 375, 387, 388, 373, 411, 418, 403, 357, 413, 399, 438, 434]",42.4
779,1790252315006213298,307200,102593,26,14,172.5,"[29.4, 33.2, 45.3, 46.8, 46.9, 81.6, 82.0, 85.0, 91.9, 97.8, 108.3, 117.4, 138.0, 172.5]","['NEAR', 'OUTSIDE', 'RAIL', 'OUTSIDE', 'NEAR', 'NEAR', 'OUTSIDE', 'INSIDE', 'INSIDE', 'INSIDE', 'INSIDE', 'INSIDE', 'INSIDE', 'INSIDE']","[[0.6, 0.75, 0.81], [6.84, 0.23, 1.83], [1.4, 0.48, 0.59], [0.29, 0.99, 0.02], [1.75, 0.31, 1.75], [0.07, 0.23, 0.9], [2.89, 0.46, 2.38], [3.86, 4.33, 2.5], [1.15, 3.89, 1.79], [1.91, 3.25, 1.99], [0.09, 3.78, 0.0], [0.03, 0.82, 0.0], [7.39, 4.0, 0.71], [1.19, 0.11, 0.7]]","[419, 432, 443, 444, 442, 375, 387, 388, 403, 413, 398, 438, 434, 439]",44.7
780,1790252315111334650,307198,102622,28,16,172.9,"[35.9, 41.9, 43.2, 45.0, 46.2, 82.7, 83.9, 85.2, 88.3, 89.7, 96.0, 101.1, 105.1, 114.2, 134.9, 172.9]","['INSIDE', 'RAIL', 'RAIL', 'NEAR', 'NEAR', 'INSIDE', 'INSIDE', 'INSIDE', 'INSIDE', 'INSIDE', 'INSIDE', 'OUTSIDE', 'INSIDE', 'INSIDE', 'INSIDE', 'INSIDE']","[[0.57, 1.84, 0.59], [0.09, 0.22, 0.19], [1.52, 0.61, 1.04], [0.82, 0.27, 0.88], [1.36, 0.19, 1.76], [0.12, 3.22, 0.0], [2.28, 1.08, 2.58], [2.99, 3.6, 2.66], [0.29, 3.92, 0.78], [0.27, 3.91, 0.39], [0.38, 3.06, 1.49], [2.01, 0.71, 1.56], [0.08, 2.2, 0.0], [0.09, 1.99, 0.0], [7.18, 4.01, 0.62], [3.27, 0.71, 1.47]]","[441, 445, 443, 442, 444, 388, 375, 373, 418, 403, 413, 437, 398, 452, 426, 439]",39.3
781,1790252315205649210,307200,93657,31,18,171.4,"[27.2, 34.2, 40.3, 40.9, 41.9, 43.2, 44.0, 71.1, 75.4, 81.3, 82.2, 83.4, 89.8, 103.5, 104.9, 114.1, 134.3, 171.4]","['OUTSIDE', 'RAIL', 'NEAR', 'NEAR', 'NEAR', 'INSIDE', 'RAIL', 'INSIDE', 'NEAR', 'INSIDE', 'NEAR', 'INSIDE', 'INSIDE', 'INSIDE', 'INSIDE', 'INSIDE', 'INSIDE', 'INSIDE']","[[0.53, 0.18, 0.38], [0.1, 0.22, 0.33], [12.45, 0.41, 3.06], [0.37, 0.15, 0.71], [1.06, 0.15, 1.41], [0.14, 1.61, 0.37], [0.43, 0.17, 0.3], [0.07, 2.48, 0.0], [2.44, 0.69, 2.52], [0.05, 0.43, 0.0], [1.74, 0.48, 1.44], [0.79, 3.77, 1.14], [0.08, 3.6, 0.0], [0.07, 3.61, 0.0], [0.08, 2.01, 0.0], [0.11, 4.21, 0.47], [2.44, 3.76, 0.31], [3.42, 0.49, 1.46]]","[419, 445, 432, 454, 442, 443, 444, 392, 406, 375, 388, 373, 403, 446, 398, 452, 426, 439]",48.5
782,1790252315311529219,307201,102364,29,12,169.7,"[37.4, 38.7, 40.1, 42.8, 82.1, 88.2, 89.6, 94.3, 101.5, 103.3, 131.8, 169.7]","['INSIDE', 'NEAR', 'NEAR', 'INSIDE', 'INSIDE', 'INSIDE', 'INSIDE', 'INSIDE', 'INSIDE', 'INSIDE', 'INSIDE', 'INSIDE']","[[0.35, 2.7, 0.3], [0.71, 0.27, 1.61], [1.31, 0.16, 0.28], [0.33, 0.84, 0.39], [0.18, 3.58, 0.0], [0.17, 3.54, 0.0], [0.03, 1.25, 0.0], [0.11, 2.63, 0.0], [0.75, 2.82, 0.29], [0.08, 3.79, 0.0], [7.05, 4.1, 1.85], [3.35, 0.49, 1.44]]","[427, 454, 442, 443, 375, 418, 403, 357, 437, 446, 426, 439]",43.4
783,1790252315411677740,307199,102485,25,14,128.5,"[23.5, 35.3, 37.1, 37.7, 80.4, 86.5, 93.8, 94.7, 99.2, 99.8, 101.7, 108.1, 118.5, 128.5]","['RAIL', 'INSIDE', 'RAIL', 'NEAR', 'INSIDE', 'INSIDE', 'INSIDE', 'INSIDE', 'OUTSIDE', 'INSIDE', 'INSIDE', 'INSIDE', 'INSIDE', 'INSIDE']","[[0.49, 0.1, 0.11], [0.06, 2.96, 0.0], [0.41, 0.33, 0.3], [0.49, 0.21, 0.26], [0.33, 3.92, 0.37], [0.15, 3.77, 0.0], [2.63, 4.09, 1.64], [0.86, 0.17, 1.27], [0.04, 0.2, 0.21], [0.85, 3.33, 0.22], [0.09, 3.91, 0.0], [0.79, 3.95, 0.72], [1.87, 4.01, 0.74], [4.63, 3.98, 1.69]]","[419, 441, 427, 454, 375, 418, 357, 451, 437, 446, 398, 399, 438, 426]",43.1
784,1790252315513333220,307199,103141,29,18,166.9,"[38.7, 44.3, 77.4, 81.7, 81.9, 83.3, 87.8, 89.4, 92.4, 94.0, 95.5, 101.6, 109.6, 114.4, 129.7, 138.8, 157.4, 166.9]","['NEAR', 'INSIDE', 'INSIDE', 'INSIDE', 'INSIDE', 'NEAR', 'INSIDE', 'INSIDE', 'OUTSIDE', 'INSIDE', 'INSIDE', 'INSIDE', 'INSIDE', 'OUTSIDE', 'INSIDE', 'OUTSIDE', 'INSIDE', 'INSIDE']","[[2.44, 0.27, 1.89], [0.1, 2.94, 0.01], [0.23, 2.7, 0.01], [0.23, 3.85, 0.94], [0.29, 3.53, 2.03], [1.96, 0.18, 1.28], [3.46, 4.19, 2.52], [0.14, 0.93, 0.0], [0.03, 0.65, 0.0], [0.12, 2.46, 0.0], [0.11, 2.67, 0.0], [0.08, 3.55, 0.0], [0.93, 4.04, 1.92], [0.04, 0.25, 0.46], [7.56, 4.0, 1.77], [2.83, 0.28, 1.22], [4.78, 2.47, 0.33], [4.3, 0.6, 1.87]]","[454, 443, 375, 373, 387, 388, 418, 403, 357, 413, 451, 398, 399, 452, 426, 434, 456, 439]",47.4
785,1790252315609596419,307198,102885,31,23,163.8,"[35.8, 37.4, 37.6, 40.6, 44.1, 81.8, 85.5, 86.7, 88.1, 92.0, 92.4, 93.4, 93.8, 95.9, 98.6, 99.9, 106.0, 107.4, 112.8, 118.1, 140.8, 155.7, 163.8]","['NEAR', 'RAIL', 'NEAR', 'NEAR', 'INSIDE', 'INSIDE', 'INSIDE', 'INSIDE', 'OUTSIDE', 'INSIDE', 'OUTSIDE', 'NEAR', 'INSIDE', 'OUTSIDE', 'INSIDE', 'INSIDE', 'INSIDE', 'INSIDE', 'OUTSIDE', 'INSIDE', 'INSIDE', 'INSIDE', 'INSIDE']","[[2.71, 0.23, 1.78], [0.49, 0.13, 0.89], [1.4, 0.3, 1.23], [4.26, 0.36, 2.46], [0.09, 2.92, 0.0], [3.81, 4.01, 2.39], [1.47, 3.68, 0.38], [1.01, 1.1, 1.35], [1.48, 0.11, 2.15], [0.09, 1.13, 0.0], [1.26, 0.25, 2.05], [3.12, 0.14, 1.19], [0.04, 0.66, 0.0], [0.03, 0.19, 0.2], [0.12, 2.75, 0.0], [0.08, 3.84, 0.0], [0.07, 2.76, 0.29], [0.42, 4.32, 0.49], [0.05, 0.25, 0.45], [0.06, 3.71, 0.0], [9.69, 3.87, 0.64], [5.41, 2.94, 1.04], [1.44, 0.26, 1.83]]","[432, 454, 423, 442, 443, 373, 387, 418, 411, 413, 357, 403, 451, 437, 446, 398, 457, 399, 452, 438, 434, 456, 439]",52.2
786,1790252315709568009,307201,102528,26,16,160.6,"[36.4, 41.2, 67.1, 81.6, 83.1, 84.6, 87.8, 94.9, 99.8, 101.4, 107.3, 111.2, 117.9, 135.3, 145.8, 160.6]","['NEAR', 'NEAR', 'OUTSIDE', 'INSIDE', 'INSIDE', 'NEAR', 'INSIDE', 'INSIDE', 'INSIDE', 'INSIDE', 'INSIDE', 'OUTSIDE', 'OUTSIDE', 'OUTSIDE', 'INSIDE', 'INSIDE']","[[7.25, 0.35, 2.68], [0.92, 0.2, 1.07], [2.73, 0.6, 2.54], [0.11, 3.56, 0.0], [0.03, 0.73, 0.0], [0.28, 0.18, 0.53], [0.4, 3.26, 0.41], [0.76, 3.86, 0.42], [0.07, 3.14, 0.0], [0.29, 3.78, 0.66], [1.89, 4.12, 1.89], [0.03, 0.24, 0.45], [0.07, 0.82, 0.0], [2.51, 0.47, 1.47], [9.59, 3.43, 2.23], [8.36, 2.55, 2.14]]","[432, 442, 392, 373, 388, 418, 387, 451, 398, 446, 399, 452, 438, 426, 453, 439]",46.1
787,1790252315813935109,307202,102498,21,15,176.4,"[68.5, 82.1, 84.0, 86.1, 87.8, 90.2, 96.6, 98.1, 104.3, 104.7, 105.7, 133.1, 141.9, 156.3, 176.4]","['OUTSIDE', 'NEAR', 'INSIDE', 'INSIDE', 'NEAR', 'INSIDE', 'INSIDE', 'INSIDE', 'INSIDE', 'OUTSIDE', 'INSIDE', 'INSIDE', 'NEAR', 'INSIDE', 'OUTSIDE']","[[8.9, 0.67, 2.58], [2.14, 0.26, 1.13], [1.08, 3.74, 1.67], [0.35, 2.57, 0.38], [1.29, 0.2, 1.15], [0.74, 3.92, 1.6], [0.04, 3.71, 0.0], [0.06, 2.4, 0.0], [0.11, 3.82, 0.0], [0.09, 0.41, 0.43], [0.05, 2.4, 0.0], [6.49, 4.09, 2.37], [2.5, 0.41, 0.58], [13.35, 2.68, 2.35], [7.26, 1.0, 2.0]]","[392, 388, 418, 387, 411, 413, 451, 398, 457, 399, 446, 426, 434, 456, 449]",36.1
788,1790252315906390539,307201,102324,26,14,119.4,"[39.4, 40.2, 63.8, 80.9, 81.2, 83.2, 85.9, 85.9, 87.4, 94.3, 102.6, 103.3, 110.2, 119.4]","['NEAR', 'NEAR', 'OUTSIDE', 'INSIDE', 'NEAR', 'INSIDE', 'INSIDE', 'NEAR', 'INSIDE', 'INSIDE', 'INSIDE', 'OUTSIDE', 'INSIDE', 'OUTSIDE']","[[0.35, 0.19, 0.27], [0.46, 0.29, 1.51], [3.14, 0.64, 2.41], [0.62, 2.96, 0.38], [3.0, 0.26, 1.44], [1.44, 4.11, 2.18], [0.07, 2.55, 0.0], [1.2, 0.18, 2.1], [0.12, 1.83, 0.0], [1.42, 4.3, 0.85], [0.06, 3.76, 0.0], [0.46, 0.64, 1.12], [1.79, 4.02, 0.76], [0.24, 0.2, 1.56]]","[442, 454, 392, 373, 388, 418, 387, 411, 413, 451, 457, 399, 452, 438]",44.5
789,1790252316005884730,307200,101387,24,19,144.0,"[33.2, 37.6, 38.0, 38.0, 40.5, 74.3, 78.0, 79.6, 80.7, 82.6, 83.8, 85.8, 87.3, 89.4, 93.1, 100.2, 100.9, 107.3, 144.0]","['NEAR', 'NEAR', 'OUTSIDE', 'INSIDE', 'OUTSIDE', 'NEAR', 'INSIDE', 'NEAR', 'INSIDE', 'INSIDE', 'NEAR', 'INSIDE', 'INSIDE', 'RAIL', 'INSIDE', 'OUTSIDE', 'INSIDE', 'INSIDE', 'INSIDE']","[[7.14, 0.38, 2.57], [0.09, 0.2, 0.34], [0.42, 1.44, 0.68], [0.32, 1.32, 0.02], [1.72, 0.54, 1.95], [1.76, 0.16, 2.48], [0.39, 2.35, 1.22], [2.18, 0.29, 2.49], [2.89, 3.59, 2.71], [0.27, 3.79, 0.18], [1.96, 0.2, 2.64], [0.15, 2.69, 0.0], [0.1, 2.74, 0.0], [0.37, 0.31, 0.98], [2.33, 4.16, 1.23], [2.55, 0.55, 2.18], [0.1, 4.05, 0.0], [2.35, 4.47, 0.99], [13.5, 3.71, 2.22]]","[441, 423, 427, 442, 454, 406, 375, 388, 373, 418, 411, 387, 413, 357, 451, 399, 457, 446, 453]",43.4
790,1790252316114030033,307201,102694,21,15,118.7,"[33.0, 35.8, 36.0, 39.2, 79.5, 82.2, 84.1, 88.3, 90.9, 95.3, 97.7, 99.8, 104.2, 109.6, 118.7]","['NEAR', 'INSIDE', 'NEAR', 'OUTSIDE', 'INSIDE', 'INSIDE', 'INSIDE', 'INSIDE', 'INSIDE', 'INSIDE', 'OUTSIDE', 'OUTSIDE', 'INSIDE', 'INSIDE', 'OUTSIDE']","[[0.44, 0.15, 1.14], [0.09, 0.87, 0.01], [0.09, 0.25, 0.16], [1.0, 0.55, 1.46], [0.1, 2.64, 0.0], [2.08, 4.01, 2.75], [0.15, 1.03, 0.0], [0.88, 3.32, 0.24], [1.53, 4.12, 1.4], [3.21, 4.37, 1.3], [0.06, 0.37, 0.19], [0.06, 0.39, 0.41], [0.8, 3.52, 1.33], [0.57, 3.83, 0.76], [0.92, 0.41, 1.29]]","[441, 427, 432, 454, 375, 418, 411, 413, 451, 437, 398, 399, 446, 452, 438]",49.9
791,1790252316203913009,307201,102928,24,17,117.2,"[31.8, 32.5, 34.8, 37.5, 64.5, 77.8, 82.4, 86.6, 88.5, 91.0, 93.1, 94.9, 99.1, 101.2, 102.6, 108.2, 117.2]","['NEAR', 'RAIL', 'NEAR', 'OUTSIDE', 'NEAR', 'INSIDE', 'INSIDE', 'INSIDE', 'INSIDE', 'OUTSIDE', 'INSIDE', 'INSIDE', 'OUTSIDE', 'RAIL', 'INSIDE', 'INSIDE', 'OUTSIDE']","[[0.38, 0.2, 0.53], [0.16, 0.07, 0.22], [1.48, 0.33, 2.32], [1.19, 0.64, 1.87], [4.56, 0.44, 2.49], [0.06, 2.58, 0.0], [0.08, 1.15, 0.0], [0.9, 3.71, 0.23], [0.18, 3.98, 0.41], [1.96, 0.2, 0.84], [0.1, 0.81, 0.0], [0.73, 4.06, 0.82], [4.04, 0.62, 1.07], [0.62, 0.42, 0.65], [0.94, 4.18, 1.11], [0.09, 3.59, 0.0], [1.44, 0.4, 1.52]]","[441, 432, 423, 454, 392, 375, 411, 387, 413, 451, 437, 398, 399, 468, 446, 452, 438]",54.6
792,1790252316306418678,307202,103212,19,14,117.2,"[30.7, 33.2, 35.6, 44.6, 80.8, 87.7, 91.4, 93.6, 94.4, 96.4, 99.5, 101.2, 108.1, 117.2]","['RAIL', 'NEAR', 'OUTSIDE', 'RAIL', 'INSIDE', 'INSIDE', 'OUTSIDE', 'OUTSIDE', 'INSIDE', 'OUTSIDE', 'RAIL', 'INSIDE', 'INSIDE', 'OUTSIDE']","[[0.29, 0.06, 0.2], [0.95, 0.34, 2.29], [1.62, 0.58, 1.47], [0.53, 0.18, 0.2], [0.16, 2.82, 0.0], [1.68, 4.13, 0.79], [0.1, 0.06, 1.59], [0.12, 0.71, 0.4], [1.51, 3.83, 0.84], [0.02, 0.26, 0.65], [0.61, 0.41, 0.64], [1.57, 4.13, 1.31], [0.29, 3.93, 0.49], [0.08, 0.61, 0.0]]","[432, 423, 454, 443, 373, 413, 451, 398, 437, 399, 468, 457, 452, 438]",48.4
793,1790252316412170139,307201,103862,23,15,103.3,"[31.0, 31.9, 34.1, 38.6, 79.8, 83.3, 85.2, 88.2, 90.0, 94.3, 95.3, 97.3, 98.0, 99.5, 103.3]","['NEAR', 'NEAR', 'NEAR', 'INSIDE', 'INSIDE', 'INSIDE', 'INSIDE', 'INSIDE', 'INSIDE', 'INSIDE', 'INSIDE', 'OUTSIDE', 'RAIL', 'OUTSIDE', 'INSIDE']","[[0.59, 0.28, 0.63], [0.4, 0.27, 1.34], [1.37, 0.82, 2.93], [0.11, 2.83, 0.01], [1.35, 2.11, 2.81], [0.85, 3.18, 0.4], [0.07, 3.87, 0.0], [0.08, 3.85, 0.0], [0.58, 3.86, 0.2], [0.13, 2.63, 0.0], [0.98, 4.19, 1.9], [1.04, 0.07, 0.66], [0.31, 0.39, 0.63], [0.14, 0.04, 0.81], [1.02, 4.01, 1.33]]","[441, 432, 423, 442, 388, 418, 387, 413, 357, 437, 398, 399, 468, 457, 446]",35.0
794,1790252316509801723,307201,97458,23,18,116.9,"[28.3, 31.4, 32.6, 65.0, 77.4, 78.2, 81.6, 83.4, 86.5, 91.0, 92.6, 93.3, 94.0, 96.4, 98.0, 100.6, 101.7, 116.9]","['NEAR', 'NEAR', 'OUTSIDE', 'NEAR', 'INSIDE', 'NEAR', 'INSIDE', 'INSIDE', 'INSIDE', 'OUTSIDE', 'OUTSIDE', 'INSIDE', 'INSIDE', 'RAIL', 'OUTSIDE', 'INSIDE', 'INSIDE', 'INSIDE']","[[0.72, 0.14, 0.77], [0.41, 0.23, 0.85], [1.09, 0.57, 1.62], [3.24, 0.31, 2.5], [0.14, 1.23, 0.17], [1.31, 0.16, 2.14], [0.86, 3.68, 0.39], [0.27, 2.04, 0.01], [0.06, 3.78, 0.0], [0.24, 0.52, 0.99], [0.48, 0.43, 1.22], [0.07, 3.88, 0.0], [0.08, 1.45, 0.22], [0.22, 0.36, 0.62], [0.16, 0.16, 0.61], [0.97, 2.67, 0.18], [0.04, 2.48, 0.0], [0.08, 2.24, 0.0]]","[441, 432, 423, 392, 375, 388, 373, 411, 387, 451, 437, 403, 398, 468, 399, 457, 446, 438]",43.3
795,1790252316617125911,307200,93374,21,17,117.9,"[27.1, 28.4, 29.6, 31.0, 35.1, 66.9, 79.4, 82.7, 85.5, 86.5, 88.7, 92.5, 93.5, 95.8, 100.5, 109.0, 117.9]","['NEAR', 'OUTSIDE', 'NEAR', 'OUTSIDE', 'INSIDE', 'NEAR', 'RAIL', 'INSIDE', 'OUTSIDE', 'INSIDE', 'INSIDE', 'INSIDE', 'NEAR', 'INSIDE', 'INSIDE', 'INSIDE', 'INSIDE']","[[1.09, 0.11, 0.8], [0.15, 0.24, 1.19], [0.22, 0.25, 0.25], [1.1, 0.62, 1.83], [0.1, 2.12, 0.31], [7.32, 0.27, 2.54], [0.39, 0.42, 1.08], [1.42, 4.17, 0.41], [1.71, 0.2, 2.23], [0.17, 3.58, 0.41], [1.62, 4.39, 0.96], [2.18, 3.05, 2.43], [2.48, 0.55, 0.78], [0.84, 4.22, 1.7], [2.11, 4.29, 2.43], [0.07, 3.24, 0.0], [0.67, 2.7, 1.77]]","[441, 432, 423, 454, 427, 392, 469, 418, 387, 413, 357, 403, 398, 468, 457, 452, 438]",48.8
796,1790252316708655574,307199,101184,22,16,118.9,"[25.9, 26.8, 37.6, 77.8, 80.4, 81.8, 83.3, 87.3, 89.2, 89.8, 92.3, 92.8, 94.5, 101.4, 108.8, 118.9]","['NEAR', 'OUTSIDE', 'RAIL', 'RAIL', 'INSIDE', 'INSIDE', 'INSIDE', 'INSIDE', 'OUTSIDE', 'INSIDE', 'OUTSIDE', 'RAIL', 'INSIDE', 'INSIDE', 'INSIDE', 'INSIDE']","[[0.18, 0.28, 0.89], [0.18, 0.23, 1.42], [1.31, 0.17, 0.23], [0.34, 0.41, 1.06], [0.44, 0.88, 0.53], [0.11, 3.85, 0.0], [1.08, 4.18, 1.31], [1.0, 3.93, 1.95], [0.07, 0.51, 0.18], [0.08, 3.58, 0.0], [1.02, 0.24, 1.63], [0.72, 0.43, 0.6], [1.6, 4.17, 1.45], [0.15, 3.9, 0.0], [1.29, 3.84, 0.96], [2.17, 3.99, 1.78]]","[441, 432, 442, 469, 373, 418, 411, 413, 451, 357, 437, 398, 468, 446, 452, 438]",59.0
797,1790252316802526769,307203,103039,19,15,116.0,"[23.8, 25.1, 25.7, 27.5, 35.9, 73.3, 76.1, 81.7, 88.0, 90.1, 93.7, 99.7, 100.7, 105.3, 116.0]","['NEAR', 'OUTSIDE', 'INSIDE', 'OUTSIDE', 'RAIL', 'NEAR', 'RAIL', 'INSIDE', 'INSIDE', 'RAIL', 'INSIDE', 'INSIDE', 'INSIDE', 'INSIDE', 'OUTSIDE']","[[1.12, 0.3, 1.21], [0.22, 0.24, 1.11], [0.86, 1.9, 1.4], [1.39, 0.72, 2.84], [1.18, 0.14, 0.22], [1.02, 0.29, 1.3], [0.37, 0.27, 1.04], [0.41, 4.09, 0.16], [4.94, 4.42, 2.13], [2.75, 0.59, 0.81], [5.14, 4.35, 2.1], [0.1, 2.44, 0.0], [1.05, 3.18, 0.22], [7.27, 4.24, 2.46], [0.92, 0.4, 2.03]]","[461, 432, 441, 423, 442, 406, 469, 418, 413, 398, 468, 457, 446, 467, 438]",54.5
798,1790252316914354938,307202,103153,18,16,116.2,"[23.6, 24.8, 25.6, 30.1, 33.4, 34.5, 72.0, 74.4, 81.6, 88.3, 89.6, 94.3, 102.0, 106.0, 108.6, 116.2]","['OUTSIDE', 'OUTSIDE', 'OUTSIDE', 'INSIDE', 'RAIL', 'RAIL', 'NEAR', 'RAIL', 'INSIDE', 'RAIL', 'INSIDE', 'INSIDE', 'INSIDE', 'INSIDE', 'INSIDE', 'OUTSIDE']","[[0.83, 0.35, 2.06], [0.31, 0.21, 0.44], [1.88, 0.91, 2.95], [0.29, 2.62, 0.54], [0.54, 0.13, 0.27], [0.63, 0.14, 0.21], [0.48, 0.19, 1.27], [0.36, 0.4, 1.02], [2.62, 4.2, 2.55], [0.46, 0.31, 0.81], [5.85, 4.34, 2.51], [3.37, 4.34, 1.45], [3.3, 4.12, 2.42], [2.57, 3.52, 1.9], [0.05, 2.28, 0.0], [3.81, 0.56, 2.0]]","[461, 432, 441, 454, 442, 427, 406, 469, 418, 398, 413, 468, 446, 467, 452, 438]",83.9
799,1790252317007339223,307200,103220,18,15,110.0,"[20.9, 67.5, 73.3, 80.1, 83.1, 84.6, 86.8, 88.1, 90.3, 94.7, 96.4, 100.9, 103.2, 107.5, 110.0]","['OUTSIDE', 'NEAR', 'INSIDE', 'NEAR', 'OUTSIDE', 'INSIDE', 'OUTSIDE', 'RAIL', 'INSIDE', 'INSIDE', 'INSIDE', 'OUTSIDE', 'INSIDE', 'INSIDE', 'INSIDE']","[[0.42, 0.26, 0.2], [6.0, 0.32, 2.35], [0.78, 2.19, 0.35], [1.64, 0.25, 2.67], [0.46, 0.3, 0.94], [2.36, 4.35, 1.67], [0.44, 0.23, 2.14], [1.05, 0.47, 0.97], [3.22, 4.43, 1.42], [0.4, 4.2, 0.84], [0.29, 1.63, 0.41], [0.72, 0.24, 1.09], [1.73, 4.02, 1.79], [2.9, 3.79, 1.69], [0.09, 0.77, 0.0]]","[461, 392, 469, 373, 387, 411, 413, 398, 357, 468, 399, 457, 446, 467, 452]",83.0
800,1790252317118543541,307195,103602,16,11,108.3,"[20.1, 31.8, 81.4, 85.7, 86.3, 92.9, 94.9, 97.8, 101.8, 106.3, 108.3]","['OUTSIDE', 'INSIDE', 'OUTSIDE', 'RAIL', 'INSIDE', 'INSIDE', 'INSIDE', 'OUTSIDE', 'INSIDE', 'INSIDE', 'INSIDE']","[[0.34, 0.26, 1.47], [0.17, 2.88, 0.01], [2.37, 0.11, 1.76], [1.57, 0.38, 1.16], [7.92, 4.56, 2.54], [0.65, 3.8, 1.04], [0.63, 3.95, 0.2], [1.07, 0.17, 1.73], [4.73, 4.1, 2.01], [1.27, 2.63, 1.17], [0.04, 2.08, 0.0]]","[461, 454, 373, 398, 413, 403, 468, 457, 446, 467, 452]",52.8
801,1790252317210816149,307195,104519,16,9,106.4,"[18.5, 81.0, 82.0, 87.3, 93.7, 97.5, 99.9, 104.7, 106.4]","['OUTSIDE', 'INSIDE', 'INSIDE', 'INSIDE', 'INSIDE', 'OUTSIDE', 'INSIDE', 'INSIDE', 'OUTSIDE']","[[0.44, 0.28, 1.52], [0.15, 3.53, 0.0], [5.63, 4.46, 2.75], [2.82, 4.42, 1.41], [1.5, 3.88, 0.43], [1.89, 0.21, 2.14], [1.76, 4.08, 1.76], [1.14, 2.54, 0.3], [0.42, 0.22, 0.87]]","[461, 418, 411, 413, 403, 457, 446, 467, 452]",52.5
802,1790252317303255324,307187,103390,22,13,105.6,"[38.4, 71.6, 78.6, 81.8, 83.1, 84.5, 89.2, 89.8, 95.2, 98.8, 101.9, 103.5, 105.6]","['INSIDE', 'INSIDE', 'OUTSIDE', 'OUTSIDE', 'NEAR', 'INSIDE', 'INSIDE', 'INSIDE', 'INSIDE', 'OUTSIDE', 'INSIDE', 'INSIDE', 'OUTSIDE']","[[0.22, 2.81, 0.01], [3.11, 2.8, 0.41], [5.83, 0.13, 0.9], [1.03, 0.17, 2.15], [1.11, 0.61, 1.65], [1.67, 4.33, 2.62], [0.09, 2.98, 0.0], [2.91, 4.21, 2.76], [3.55, 4.03, 2.51], [2.51, 0.49, 2.15], [0.63, 2.54, 1.31], [0.08, 3.61, 0.0], [5.0, 0.45, 2.08]]","[466, 406, 388, 411, 373, 387, 357, 451, 468, 457, 446, 467, 452]",57.0
803,1790252317407865611,307184,101058,17,9,115.8,"[71.5, 80.2, 82.9, 88.1, 95.6, 98.0, 100.3, 101.8, 115.8]","['NEAR', 'RAIL', 'INSIDE', 'INSIDE', 'INSIDE', 'INSIDE', 'INSIDE', 'INSIDE', 'NEAR']","[[1.02, 0.15, 1.6], [3.65, 0.56, 1.12], [1.68, 4.37, 1.32], [2.92, 4.33, 2.75], [0.03, 1.0, 0.0], [0.08, 3.5, 0.0], [0.09, 3.38, 0.0], [11.47, 4.16, 2.48], [2.92, 0.57, 1.86]]","[406, 388, 387, 413, 399, 446, 472, 457, 438]",55.0
804,1790252317506804998,307187,96248,24,12,114.2,"[77.8, 81.1, 84.7, 85.8, 86.4, 87.7, 91.8, 96.0, 98.6, 101.3, 104.7, 114.2]","['NEAR', 'INSIDE', 'INSIDE', 'RAIL', 'INSIDE', 'OUTSIDE', 'INSIDE', 'INSIDE', 'INSIDE', 'OUTSIDE', 'INSIDE', 'NEAR']","[[5.02, 0.55, 2.42], [1.67, 4.15, 2.72], [2.28, 4.37, 2.65], [0.98, 0.03, 0.25], [0.05, 0.6, 0.0], [0.4, 0.22, 2.3], [1.58, 4.32, 2.29], [2.75, 2.87, 2.33], [0.06, 3.61, 0.0], [1.26, 0.2, 2.23], [0.05, 1.83, 0.0], [3.24, 0.56, 1.83]]","[388, 418, 387, 398, 413, 451, 403, 468, 457, 446, 467, 438]",38.9
805,1790252317610054781,307200,102131,18,9,112.7,"[16.5, 68.8, 81.8, 86.2, 89.2, 93.2, 96.9, 102.3, 112.7]","['INSIDE', 'OUTSIDE', 'INSIDE', 'INSIDE', 'OUTSIDE', 'INSIDE', 'OUTSIDE', 'INSIDE', 'NEAR']","[[0.24, 2.78, 0.05], [3.59, 0.25, 2.54], [2.94, 4.26, 1.49], [3.2, 4.35, 1.96], [3.44, 0.41, 2.03], [2.1, 4.15, 2.46], [2.06, 0.17, 1.67], [7.88, 4.05, 2.4], [2.46, 0.55, 1.8]]","[461, 392, 418, 387, 451, 403, 468, 472, 438]",41.3
806,1790252317704289482,307200,103292,19,13,114.7,"[37.1, 68.3, 74.6, 86.1, 87.4, 91.8, 94.4, 97.5, 100.6, 101.3, 104.1, 109.7, 114.7]","['NEAR', 'OUTSIDE', 'INSIDE', 'INSIDE', 'INSIDE', 'OUTSIDE', 'INSIDE', 'OUTSIDE', 'INSIDE', 'INSIDE', 'OUTSIDE', 'INSIDE', 'NEAR']","[[0.11, 0.16, 0.48], [7.03, 0.34, 2.62], [3.46, 1.63, 2.8], [0.12, 3.61, 0.0], [4.48, 4.44, 2.74], [1.11, 0.53, 2.26], [1.37, 4.01, 1.23], [3.6, 0.26, 2.15], [1.63, 3.73, 1.77], [0.04, 1.59, 0.0], [2.92, 0.69, 1.98], [4.92, 3.95, 2.23], [1.26, 0.15, 1.83]]","[477, 392, 469, 387, 413, 403, 399, 468, 472, 457, 452, 471, 438]",41.7
807,1790252317807603985,307200,99349,24,12,113.3,"[65.2, 73.0, 81.4, 82.2, 84.4, 86.9, 91.9, 95.2, 104.2, 109.6, 112.3, 113.3]","['OUTSIDE', 'INSIDE', 'INSIDE', 'OUTSIDE', 'INSIDE', 'OUTSIDE', 'INSIDE', 'INSIDE', 'INSIDE', 'NEAR', 'NEAR', 'INSIDE']","[[6.0, 0.2, 1.89], [10.96, 2.19, 2.72], [4.0, 4.27, 2.66], [1.64, 0.15, 0.59], [0.05, 3.09, 0.0], [3.02, 0.39, 2.51], [0.02, 1.44, 0.0], [13.02, 4.16, 2.38], [0.13, 3.64, 0.0], [1.9, 0.57, 1.91], [0.77, 0.09, 1.53], [0.11, 1.58, 0.0]]","[392, 469, 418, 373, 387, 413, 357, 399, 467, 471, 438, 470]",43.7
808,1790252317907941055,307200,96292,22,11,99.3,"[30.0, 33.5, 34.6, 68.9, 81.2, 83.6, 86.8, 91.6, 91.8, 95.1, 99.3]","['INSIDE', 'OUTSIDE', 'NEAR', 'OUTSIDE', 'INSIDE', 'OUTSIDE', 'INSIDE', 'INSIDE', 'INSIDE', 'OUTSIDE', 'INSIDE']","[[0.09, 1.05, 0.01], [0.48, 0.28, 1.1], [0.8, 0.22, 0.9], [9.16, 0.52, 2.61], [0.15, 3.97, 0.0], [1.82, 0.86, 1.71], [2.91, 4.05, 2.46], [0.07, 3.53, 0.0], [2.4, 3.56, 2.24], [0.7, 0.21, 0.45], [5.2, 4.15, 2.38]]","[454, 477, 466, 406, 418, 411, 413, 357, 403, 399, 472]",50.1
809,1790252317990103538,307200,87430,20,11,113.8,"[32.1, 79.9, 85.9, 92.7, 94.7, 95.7, 98.4, 104.8, 108.6, 109.9, 113.8]","['OUTSIDE', 'INSIDE', 'INSIDE', 'INSIDE', 'INSIDE', 'OUTSIDE', 'NEAR', 'INSIDE', 'INSIDE', 'INSIDE', 'INSIDE']","[[0.53, 0.23, 0.91], [1.83, 2.28, 2.27], [10.18, 4.36, 2.81], [1.19, 3.96, 2.45], [0.06, 3.64, 0.0], [1.07, 0.54, 2.3], [2.23, 0.71, 2.34], [5.12, 4.0, 2.3], [0.22, 2.86, 1.91], [0.05, 1.53, 0.0], [7.2, 0.75, 2.02]]","[477, 418, 413, 403, 399, 468, 472, 467, 471, 470, 438]",60.9
810,1790252318087203686,307200,78484,20,11,113.8,"[30.5, 82.5, 88.8, 91.4, 91.9, 94.0, 97.2, 103.1, 107.3, 109.2, 113.8]","['OUTSIDE', 'INSIDE', 'INSIDE', 'INSIDE', 'OUTSIDE', 'OUTSIDE', 'INSIDE', 'INSIDE', 'INSIDE', 'INSIDE', 'INSIDE']","[[0.47, 0.25, 0.32], [7.25, 4.12, 2.7], [2.81, 4.14, 2.59], [0.08, 1.76, 0.0], [1.15, 0.23, 1.61], [1.01, 0.34, 2.25], [2.72, 4.11, 2.34], [4.66, 4.01, 2.3], [0.52, 0.14, 1.87], [0.93, 0.23, 1.26], [4.89, 3.43, 2.23]]","[477, 411, 451, 357, 403, 468, 472, 467, 471, 470, 438]",61.5
811,1790252318192672893,307200,89589,19,7,114.2,"[70.6, 91.6, 100.5, 103.7, 107.2, 111.2, 114.2]","['OUTSIDE', 'INSIDE', 'OUTSIDE', 'INSIDE', 'INSIDE', 'INSIDE', 'INSIDE']","[[2.03, 0.2, 2.02], [11.9, 4.44, 2.58], [3.42, 0.35, 2.06], [2.8, 3.8, 0.75], [2.67, 0.39, 1.93], [2.97, 0.56, 1.96], [0.9, 2.23, 1.47]]","[406, 357, 446, 467, 471, 470, 438]",66.0
812,1790252318287648622,307200,95453,16,6,100.4,"[26.6, 29.1, 68.4, 95.7, 97.4, 100.4]","['OUTSIDE', 'INSIDE', 'OUTSIDE', 'INSIDE', 'OUTSIDE', 'INSIDE']","[[0.63, 0.21, 1.39], [0.18, 1.73, 0.02], [2.78, 0.27, 2.1], [0.1, 3.67, 0.0], [0.55, 0.19, 1.72], [2.76, 3.74, 2.44]]","[454, 477, 406, 399, 472, 457]",57.0
813,1790252318386138440,307200,103917,19,10,99.1,"[24.0, 24.6, 28.8, 38.4, 81.8, 84.9, 89.5, 93.9, 95.8, 99.1]","['INSIDE', 'OUTSIDE', 'INSIDE', 'OUTSIDE', 'INSIDE', 'INSIDE', 'INSIDE', 'INSIDE', 'OUTSIDE', 'INSIDE']","[[0.23, 2.94, 0.03], [1.25, 0.28, 1.25], [0.39, 1.5, 0.03], [2.52, 0.27, 1.89], [0.05, 3.86, 0.0], [0.3, 3.49, 0.21], [8.09, 4.42, 2.7], [0.11, 3.61, 0.0], [0.75, 0.23, 1.68], [3.26, 4.03, 2.25]]","[454, 477, 476, 480, 411, 387, 451, 399, 472, 457]",56.1
814,1790252318489835278,307200,97491,13,9,111.8,"[22.2, 38.8, 69.4, 74.3, 87.5, 91.0, 96.9, 104.3, 111.8]","['OUTSIDE', 'RAIL', 'OUTSIDE', 'NEAR', 'OUTSIDE', 'INSIDE', 'INSIDE', 'INSIDE', 'INSIDE']","[[0.29, 0.27, 0.41], [0.36, 0.14, 0.26], [2.19, 0.19, 1.39], [0.73, 1.1, 0.82], [0.77, 0.53, 2.3], [3.95, 4.02, 2.65], [6.37, 4.14, 2.32], [6.6, 3.89, 2.36], [5.77, 0.81, 2.21]]","[477, 480, 406, 469, 413, 357, 457, 467, 470]",39.0
815,1790252318596610000,307200,97145,13,5,97.8,"[20.8, 21.8, 69.3, 89.0, 97.8]","['OUTSIDE', 'OUTSIDE', 'OUTSIDE', 'INSIDE', 'NEAR']","[[1.04, 0.24, 0.35], [0.79, 0.25, 0.74], [1.04, 0.15, 1.7], [0.03, 1.55, 0.0], [1.44, 0.24, 2.01]]","[477, 454, 406, 451, 457]",52.2
816,1790252318690673545,307200,90006,17,6,102.6,"[35.4, 66.9, 84.3, 94.0, 101.0, 102.6]","['INSIDE', 'OUTSIDE', 'INSIDE', 'INSIDE', 'OUTSIDE', 'INSIDE']","[[0.58, 2.3, 0.64], [4.33, 0.3, 2.45], [6.6, 4.39, 2.73], [7.45, 4.21, 2.42], [0.09, 1.23, 0.0], [9.17, 3.87, 2.39]]","[466, 392, 387, 399, 467, 446]",68.1
817,1790252318790483841,307200,84902,18,7,112.3,"[31.5, 66.2, 75.2, 85.6, 92.0, 103.7, 112.3]","['NEAR', 'OUTSIDE', 'NEAR', 'INSIDE', 'INSIDE', 'INSIDE', 'INSIDE']","[[2.53, 0.33, 1.9], [1.94, 0.25, 1.91], [0.08, 1.31, 0.0], [7.73, 4.1, 2.67], [3.3, 4.06, 2.44], [12.3, 3.84, 2.39], [1.53, 0.43, 1.44]]","[476, 392, 469, 387, 357, 446, 470]",71.2
818,1790252318887667822,307200,88134,12,4,113.4,"[26.3, 85.5, 99.3, 113.4]","['INSIDE', 'INSIDE', 'INSIDE', 'INSIDE']","[[0.13, 2.57, 0.46], [0.05, 3.58, 0.0], [12.75, 4.29, 2.57], [13.14, 3.17, 2.48]]","[454, 387, 467, 438]",54.1
819,1790252318990010244,307200,88904,12,5,90.8,"[24.5, 39.3, 84.8, 88.3, 90.8]","['INSIDE', 'OUTSIDE', 'INSIDE', 'INSIDE', 'INSIDE']","[[0.07, 2.31, 0.01], [1.25, 0.21, 1.06], [2.9, 4.11, 2.49], [0.14, 2.16, 0.0], [7.03, 4.19, 2.8]]","[454, 480, 387, 451, 357]",54.0
820,1790252319088863163,307200,76987,14,8,103.6,"[41.7, 80.5, 82.0, 85.3, 94.1, 94.8, 100.3, 103.6]","['OUTSIDE', 'INSIDE', 'INSIDE', 'INSIDE', 'OUTSIDE', 'INSIDE', 'OUTSIDE', 'INSIDE']","[[5.23, 0.25, 1.71], [0.12, 3.66, 0.0], [0.16, 3.87, 0.0], [6.14, 4.29, 2.7], [0.12, 1.15, 0.0], [9.69, 4.08, 2.44], [0.21, 2.45, 0.0], [5.32, 0.75, 2.32]]","[491, 411, 387, 413, 399, 472, 467, 446]",62.5
821,1790252319186066420,307200,71795,11,7,96.3,"[23.4, 24.1, 35.0, 36.0, 41.5, 62.3, 96.3]","['OUTSIDE', 'INSIDE', 'INSIDE', 'OUTSIDE', 'OUTSIDE', 'INSIDE', 'INSIDE']","[[0.52, 0.21, 0.58], [0.07, 1.68, 0.01], [0.19, 2.57, 0.01], [1.61, 0.22, 1.34], [0.65, 0.2, 1.39], [0.79, 2.37, 0.77], [7.66, 3.84, 2.47]]","[454, 477, 466, 487, 491, 392, 472]",71.6
822,1790252319289277307,307200,76716,8,4,41.7,"[33.0, 33.1, 38.3, 41.7]","['INSIDE', 'OUTSIDE', 'OUTSIDE', 'OUTSIDE']","[[0.14, 2.54, 0.01], [1.76, 0.21, 1.4], [5.29, 0.23, 1.58], [2.47, 0.21, 1.95]]","[466, 476, 480, 491]",49.3
823,1790252319385623887,307200,84776,15,9,91.6,"[31.0, 32.9, 34.7, 35.5, 40.9, 80.8, 84.7, 87.5, 91.6]","['OUTSIDE', 'INSIDE', 'INSIDE', 'OUTSIDE', 'OUTSIDE', 'INSIDE', 'INSIDE', 'OUTSIDE', 'INSIDE']","[[0.55, 0.13, 0.89], [0.18, 2.35, 0.56], [0.3, 2.3, 0.29], [7.64, 0.26, 1.57], [2.53, 0.21, 1.94], [5.05, 4.26, 2.76], [0.77, 1.04, 2.43], [0.07, 1.53, 0.0], [11.31, 4.22, 2.48]]","[476, 466, 487, 480, 491, 411, 413, 451, 357]",47.2
824,1790252319485206762,307200,94221,5,5,94.9,"[35.3, 40.2, 41.4, 81.3, 94.9]","['INSIDE', 'OUTSIDE', 'OUTSIDE', 'INSIDE', 'OUTSIDE']","[[0.06, 1.64, 0.35], [10.68, 0.27, 2.62], [0.37, 0.19, 1.39], [0.13, 2.13, 0.0], [0.08, 1.16, 0.0]]","[489, 480, 491, 387, 399]",52.6
825,1790252319599335976,307200,83154,7,4,88.7,"[28.2, 44.8, 85.9, 88.7]","['OUTSIDE', 'OUTSIDE', 'OUTSIDE', 'INSIDE']","[[0.75, 0.25, 0.92], [0.39, 0.18, 1.67], [0.1, 1.24, 0.0], [9.46, 4.18, 2.77]]","[476, 488, 451, 413]",65.1
826,1790252319692349594,307200,80034,2,1,28.3,[28.3],['NEAR'],"[[1.08, 0.88, 0.63]]",[476],54.6
827,1790252319792045585,307200,94470,6,4,34.3,"[27.2, 28.8, 31.3, 34.3]","['INSIDE', 'OUTSIDE', 'NEAR', 'OUTSIDE']","[[1.1, 2.25, 0.96], [0.74, 0.18, 0.94], [0.94, 0.58, 0.78], [14.46, 0.57, 2.77]]","[476, 466, 480, 487]",57.4
828,1790252319886573377,307200,106141,3,2,85.3,"[26.3, 85.3]","['OUTSIDE', 'OUTSIDE']","[[0.98, 0.22, 0.67], [0.32, 2.08, 0.01]]","[476, 413]",46.8
829,1790252319987800026,307200,102566,3,2,87.9,"[30.3, 87.9]","['INSIDE', 'OUTSIDE']","[[0.85, 2.31, 0.76], [0.17, 1.84, 0.0]]","[480, 451]",49.4
830,1790252320091949599,307200,102247,2,1,36.0,[36.0],['INSIDE'],"[[0.3, 2.51, 0.02]]",[487],41.0
831,1790252320188880522,307200,101647,5,3,81.5,"[29.6, 35.2, 81.5]","['INSIDE', 'OUTSIDE', 'OUTSIDE']","[[0.64, 1.36, 0.56], [1.4, 1.16, 1.69], [0.07, 1.0, 0.0]]","[480, 487, 387]",52.3
832,1790252320303358323,307200,101749,7,5,47.8,"[32.8, 34.4, 35.4, 44.7, 47.8]","['INSIDE', 'INSIDE', 'INSIDE', 'RAIL', 'RAIL']","[[0.63, 1.61, 0.83], [0.31, 2.25, 0.32], [0.69, 2.28, 0.94], [0.22, 0.15, 1.06], [0.08, 0.14, 0.94]]","[480, 487, 489, 488, 495]",49.5
833,1790252320398120769,307200,102535,1,1,40.1,[40.1],['RAIL'],"[[0.08, 0.02, 0.88]]",[491],58.8
834,1790252320490944151,307200,102176,4,3,50.3,"[27.4, 43.6, 50.3]","['NEAR', 'RAIL', 'RAIL']","[[0.76, 0.81, 1.46], [0.33, 0.15, 0.48], [0.08, 0.19, 0.89]]","[476, 488, 495]",62.8
835,1790252320591941666,307200,102744,1,0,0.0,[],[],[],[],48.9
836,1790252320690465929,307200,103491,2,2,39.1,"[25.9, 39.1]","['NEAR', 'RAIL']","[[0.27, 0.64, 0.25], [0.29, 0.12, 0.51]]","[476, 491]",59.1
837,1790252320793569927,307200,102697,4,3,42.8,"[37.3, 38.3, 42.8]","['RAIL', 'INSIDE', 'NEAR']","[[0.1, 0.17, 0.58], [0.52, 2.27, 0.67], [0.25, 1.05, 0.02]]","[491, 489, 488]",74.0
838,1790252320889774083,307200,101974,0,0,0.0,[],[],[],[],52.8
839,1790252320988086523,307200,100712,3,1,22.9,[22.9],['RAIL'],"[[0.15, 0.04, 0.92]]",[476],66.5
840,1790252321092469176,307200,104837,1,1,48.4,[48.4],['INSIDE'],"[[0.2, 2.71, 0.01]]",[495],62.6
841,1790252321198594967,307200,100406,3,3,48.1,"[46.7, 46.7, 48.1]","['RAIL', 'NEAR', 'NEAR']","[[0.53, 0.15, 0.51], [0.84, 0.33, 0.53], [3.77, 0.45, 2.34]]","[495, 498, 488]",64.8
842,1790252321294980777,307200,105382,4,3,45.2,"[44.2, 45.0, 45.2]","['NEAR', 'RAIL', 'NEAR']","[[0.73, 0.25, 1.4], [0.3, 0.1, 0.49], [0.87, 0.22, 1.53]]","[498, 495, 488]",55.3
843,1790252321398757894,307200,105409,2,1,37.8,[37.8],['RAIL'],"[[1.04, 0.14, 0.5]]",[491],44.7
844,1790252321487409475,307200,105261,2,2,39.8,"[37.7, 39.8]","['RAIL', 'RAIL']","[[0.37, 0.2, 1.07], [0.35, 0.2, 1.14]]","[491, 489]",45.0
845,1790252321595036590,307200,105334,3,2,45.3,"[39.7, 45.3]","['NEAR', 'INSIDE']","[[1.09, 0.32, 1.23], [9.11, 0.8, 2.61]]","[489, 488]",50.7
846,1790252321690255419,307200,105167,1,1,44.6,[44.6],['INSIDE'],"[[10.82, 0.9, 2.4]]",[498],54.0
847,1790252321789686051,307200,105431,0,0,0.0,[],[],[],[],68.3
848,1790252321891177110,307200,105544,1,1,42.5,[42.5],['INSIDE'],"[[0.57, 0.93, 0.39]]",[498],72.2
849,1790252321992398453,307200,106241,3,0,0.0,[],[],[],[],55.9
850,1790252322086846259,307200,95719,2,2,43.4,"[42.5, 43.4]","['INSIDE', 'OUTSIDE']","[[0.44, 0.94, 0.35], [0.19, 2.57, 0.01]]","[498, 495]",42.3
851,1790252322202407799,307200,104505,4,1,37.4,[37.4],['INSIDE'],"[[0.22, 2.3, 0.34]]",[489],73.7
852,1790252322287856779,307200,104999,5,3,38.8,"[37.4, 38.5, 38.8]","['INSIDE', 'OUTSIDE', 'INSIDE']","[[0.23, 1.83, 0.65], [0.16, 2.42, 0.0], [0.31, 0.54, 0.66]]","[489, 491, 498]",78.5
853,1790252322392215902,307200,105062,1,0,0.0,[],[],[],[],70.5
854,1790252322490228609,307200,104976,4,2,49.7,"[34.0, 49.7]","['INSIDE', 'RAIL']","[[0.4, 2.72, 0.29], [0.38, 0.17, 0.54]]","[489, 488]",39.2
855,1790252322588329246,307200,104880,3,2,43.2,"[33.9, 43.2]","['INSIDE', 'INSIDE']","[[0.07, 1.18, 0.0], [0.28, 0.65, 0.37]]","[489, 495]",50.3
856,1790252322690325383,307200,104594,6,2,38.0,"[31.4, 38.0]","['INSIDE', 'INSIDE']","[[0.65, 0.51, 0.84], [0.53, 2.4, 0.34]]","[489, 491]",55.5
857,1790252322800244912,307200,104827,4,1,38.0,[38.0],['INSIDE'],"[[0.45, 1.28, 0.36]]",[491],64.0
858,1790252322889328690,307200,104865,4,3,43.9,"[33.1, 38.1, 43.9]","['INSIDE', 'INSIDE', 'INSIDE']","[[0.68, 0.44, 0.53], [0.15, 0.79, 0.66], [0.34, 2.51, 0.4]]","[489, 491, 495]",48.9
859,1790252322990832725,307200,104982,1,0,0.0,[],[],[],[],50.4
860,1790252323088874715,307200,104974,5,3,43.8,"[34.4, 39.0, 43.8]","['INSIDE', 'INSIDE', 'INSIDE']","[[0.62, 1.92, 0.35], [0.73, 2.87, 0.67], [0.06, 0.97, 0.38]]","[489, 491, 495]",41.5
861,1790252323188515782,307200,104954,3,2,43.4,"[38.6, 43.4]","['INSIDE', 'INSIDE']","[[0.87, 2.99, 0.7], [0.51, 0.97, 0.41]]","[491, 495]",49.9
862,1790252323292568107,307200,105279,5,3,43.8,"[33.9, 38.4, 43.8]","['INSIDE', 'INSIDE', 'INSIDE']","[[1.27, 0.63, 0.96], [0.87, 2.29, 0.72], [0.2, 0.5, 0.38]]","[489, 491, 495]",47.3
863,1790252323389298098,307200,105950,3,2,38.6,"[31.8, 38.6]","['INSIDE', 'INSIDE']","[[0.55, 0.21, 0.86], [0.45, 1.62, 0.03]]","[489, 491]",50.2
864,1790252323494816040,307200,104521,1,0,0.0,[],[],[],[],39.4
865,1790252323590137700,307200,104646,5,2,39.7,"[35.3, 39.7]","['INSIDE', 'OUTSIDE']","[[0.24, 2.23, 0.02], [0.13, 2.37, 0.01]]","[491, 495]",40.9
866,1790252323693219923,307200,98231,5,3,44.4,"[34.8, 39.6, 44.4]","['INSIDE', 'INSIDE', 'INSIDE']","[[0.96, 2.09, 0.37], [0.31, 2.35, 0.7], [0.09, 1.09, 0.01]]","[491, 495, 507]",45.8
867,1790252323788294854,307200,92639,5,3,38.0,"[32.0, 34.8, 38.0]","['INSIDE', 'INSIDE', 'INSIDE']","[[0.46, 2.24, 0.04], [0.68, 2.21, 0.06], [0.3, 0.44, 0.67]]","[489, 491, 495]",42.9
868,1790252323889714549,307200,104052,4,2,39.2,"[34.9, 39.2]","['INSIDE', 'INSIDE']","[[0.37, 1.34, 0.32], [0.66, 1.65, 0.72]]","[491, 495]",47.4
869,1790252324003848296,307200,104137,3,3,48.9,"[31.6, 39.3, 48.9]","['INSIDE', 'INSIDE', 'NEAR']","[[0.95, 1.83, 0.86], [0.24, 1.52, 0.02], [2.27, 0.61, 2.34]]","[489, 495, 507]",56.2
870,1790252324094434167,307200,103262,4,3,45.1,"[36.0, 38.7, 45.1]","['OUTSIDE', 'INSIDE', 'OUTSIDE']","[[0.26, 2.4, 0.03], [1.08, 1.65, 0.39], [0.14, 1.27, 0.01]]","[491, 495, 507]",46.2
871,1790252324190932040,307200,101251,4,2,39.0,"[31.2, 39.0]","['INSIDE', 'INSIDE']","[[0.84, 0.93, 1.12], [0.44, 0.95, 0.7]]","[489, 495]",50.9
872,1790252324294504242,307200,103521,4,3,38.8,"[31.7, 35.9, 38.8]","['INSIDE', 'INSIDE', 'INSIDE']","[[0.5, 0.77, 0.26], [0.61, 2.56, 0.61], [0.49, 0.68, 0.7]]","[489, 491, 495]",46.3
873,1790252324388694711,307200,103524,6,4,44.7,"[30.8, 34.0, 38.1, 44.7]","['INSIDE', 'INSIDE', 'INSIDE', 'NEAR']","[[1.02, 1.45, 0.61], [0.66, 1.13, 0.89], [0.2, 0.44, 0.67], [0.73, 1.11, 0.38]]","[489, 491, 495, 507]",40.0
874,1790252324494271561,307200,103577,6,3,49.4,"[28.5, 35.6, 49.4]","['INSIDE', 'INSIDE', 'OUTSIDE']","[[0.77, 0.14, 0.69], [0.48, 1.92, 0.6], [0.92, 0.48, 1.32]]","[489, 491, 507]",34.6
875,1790252324590515249,307200,103538,3,1,45.9,[45.9],['OUTSIDE'],"[[0.26, 1.02, 0.41]]",[507],33.8
876,1790252324699393614,307200,103706,4,2,35.2,"[28.6, 35.2]","['INSIDE', 'INSIDE']","[[1.63, 2.89, 1.33], [0.26, 1.98, 0.02]]","[489, 491]",40.5
877,1790252324788259386,307200,103771,4,2,40.9,"[35.3, 40.9]","['INSIDE', 'OUTSIDE']","[[0.82, 1.16, 0.57], [0.67, 2.14, 0.7]]","[491, 495]",46.0
878,1790252324897343497,307200,103635,6,3,46.8,"[34.9, 41.0, 46.8]","['INSIDE', 'OUTSIDE', 'OUTSIDE']","[[0.2, 0.61, 0.31], [0.21, 1.3, 0.02], [0.77, 1.06, 0.45]]","[491, 495, 507]",52.2
879,1790252324989168188,307200,104104,5,4,40.7,"[27.1, 31.7, 35.2, 40.7]","['INSIDE', 'INSIDE', 'INSIDE', 'OUTSIDE']","[[0.2, 2.0, 0.02], [0.15, 1.52, 0.29], [0.85, 0.67, 0.58], [0.1, 1.42, 0.0]]","[508, 510, 491, 495]",57.6
880,1790252325092336664,307200,104669,5,4,45.2,"[27.1, 28.7, 34.7, 45.2]","['INSIDE', 'INSIDE', 'INSIDE', 'OUTSIDE']","[[0.52, 2.11, 0.06], [0.52, 2.1, 0.05], [0.33, 1.09, 0.03], [0.15, 0.95, 0.01]]","[508, 489, 491, 507]",62.5
881,1790252325188733740,307200,101824,5,3,40.5,"[26.9, 29.8, 40.5]","['INSIDE', 'INSIDE', 'INSIDE']","[[0.27, 1.79, 0.03], [0.24, 1.99, 0.03], [0.21, 1.09, 0.37]]","[508, 489, 495]",46.3
882,1790252325287143915,307200,104033,9,6,40.2,"[25.3, 29.8, 31.2, 32.7, 35.7, 40.2]","['INSIDE', 'INSIDE', 'INSIDE', 'INSIDE', 'INSIDE', 'INSIDE']","[[0.42, 2.22, 0.05], [0.28, 2.09, 0.03], [1.13, 1.15, 0.87], [0.11, 1.6, 0.01], [0.16, 1.35, 0.33], [0.66, 1.56, 0.74]]","[509, 489, 510, 491, 495, 507]",46.3
883,1790252325400468874,307200,97099,6,6,40.2,"[23.7, 23.8, 25.0, 29.6, 32.7, 40.2]","['INSIDE', 'INSIDE', 'INSIDE', 'INSIDE', 'INSIDE', 'INSIDE']","[[0.62, 0.57, 0.44], [0.61, 2.27, 0.08], [0.25, 2.2, 0.03], [0.27, 1.97, 0.03], [0.26, 1.38, 0.03], [0.17, 1.13, 0.01]]","[509, 508, 489, 510, 491, 507]",55.2
884,1790252325489522200,307200,104139,4,3,39.7,"[30.4, 31.6, 39.7]","['INSIDE', 'INSIDE', 'INSIDE']","[[0.61, 0.23, 1.06], [0.83, 0.36, 0.31], [0.89, 1.13, 0.4]]","[510, 491, 507]",48.9
885,1790252325590577480,307200,103564,6,5,39.9,"[27.7, 29.5, 30.7, 35.3, 39.9]","['NEAR', 'INSIDE', 'INSIDE', 'INSIDE', 'INSIDE']","[[0.18, 1.46, 0.02], [0.54, 1.66, 0.05], [0.51, 0.59, 0.57], [0.64, 1.12, 0.34], [0.3, 1.49, 0.37]]","[489, 510, 491, 495, 507]",42.6
886,1790252325692551893,307200,103658,6,4,38.4,"[29.2, 30.6, 35.1, 38.4]","['INSIDE', 'INSIDE', 'INSIDE', 'INSIDE']","[[0.14, 1.73, 0.01], [1.09, 0.51, 1.12], [0.58, 1.36, 0.32], [0.3, 0.54, 0.36]]","[510, 491, 495, 507]",39.5
887,1790252325788181028,307200,103632,5,3,36.5,"[27.4, 34.9, 36.5]","['INSIDE', 'INSIDE', 'OUTSIDE']","[[0.12, 1.83, 0.02], [0.83, 0.98, 0.36], [0.23, 1.42, 0.02]]","[489, 495, 507]",44.0
888,1790252325891320890,307200,103573,10,7,35.0,"[24.3, 25.5, 25.8, 26.1, 30.4, 33.3, 35.0]","['OUTSIDE', 'INSIDE', 'INSIDE', 'INSIDE', 'INSIDE', 'NEAR', 'INSIDE']","[[0.56, 2.55, 0.21], [0.63, 0.16, 0.86], [0.13, 1.72, 0.02], [0.37, 0.46, 0.42], [0.3, 2.03, 0.03], [0.09, 1.17, 0.01], [0.54, 1.04, 0.92]]","[508, 509, 489, 510, 491, 495, 507]",42.2
889,1790252325992701167,307200,103513,7,4,30.2,"[25.8, 26.2, 27.3, 30.2]","['INSIDE', 'INSIDE', 'INSIDE', 'INSIDE']","[[0.36, 1.99, 0.04], [0.59, 0.15, 0.9], [0.88, 1.89, 0.76], [0.22, 1.91, 0.02]]","[489, 510, 509, 491]",36.2
890,1790252326091864886,307200,103462,6,3,33.1,"[30.1, 31.7, 33.1]","['INSIDE', 'INSIDE', 'NEAR']","[[0.3, 1.59, 0.03], [0.35, 1.5, 0.84], [0.23, 1.17, 0.02]]","[491, 495, 507]",41.4
891,1790252326190944879,307200,103604,6,3,35.9,"[25.6, 30.0, 35.9]","['INSIDE', 'INSIDE', 'INSIDE']","[[0.57, 2.16, 0.07], [0.26, 1.89, 0.03], [0.12, 1.13, 0.01]]","[489, 491, 507]",45.5
892,1790252326288659109,307200,103564,6,3,35.9,"[28.4, 29.8, 35.9]","['OUTSIDE', 'INSIDE', 'INSIDE']","[[0.53, 2.02, 0.06], [0.29, 1.47, 0.03], [0.21, 1.13, 0.02]]","[491, 495, 507]",38.8
893,1790252326387351162,307200,103737,7,3,34.6,"[28.2, 31.6, 34.6]","['OUTSIDE', 'INSIDE', 'INSIDE']","[[0.45, 1.89, 0.05], [0.83, 0.25, 0.84], [0.74, 0.44, 0.89]]","[491, 511, 507]",40.6
894,1790252326495144644,307200,103834,6,3,31.0,"[28.1, 29.6, 31.0]","['OUTSIDE', 'INSIDE', 'INSIDE']","[[0.61, 1.71, 0.07], [0.26, 1.97, 0.03], [0.7, 0.87, 0.32]]","[491, 495, 511]",42.2
895,1790252326592739143,307200,103996,2,1,29.4,[29.4],['INSIDE'],"[[0.3, 1.45, 0.03]]",[495],46.1
896,1790252326689559645,307200,103750,9,5,31.8,"[27.8, 28.0, 29.3, 29.4, 31.8]","['INSIDE', 'INSIDE', 'INSIDE', 'INSIDE', 'INSIDE']","[[0.3, 0.39, 0.27], [0.51, 1.77, 0.06], [0.26, 1.64, 0.03], [1.43, 0.47, 0.62], [1.79, 1.79, 0.89]]","[509, 491, 495, 511, 507]",53.2
897,1790252326786605990,307200,103952,8,4,30.0,"[22.6, 27.5, 29.2, 30.0]","['RAIL', 'INSIDE', 'INSIDE', 'INSIDE']","[[1.52, 0.14, 1.08], [0.17, 1.74, 0.02], [0.24, 1.12, 0.02], [0.78, 0.22, 1.05]]","[508, 491, 495, 511]",52.4
898,1790252326889209513,307200,104041,6,3,32.3,"[27.6, 29.1, 32.3]","['NEAR', 'INSIDE', 'INSIDE']","[[0.46, 1.36, 0.05], [0.33, 1.73, 0.03], [0.59, 1.6, 0.05]]","[491, 495, 507]",46.9
899,1790252326991308017,307200,104308,8,5,32.1,"[25.9, 27.5, 30.3, 30.5, 32.1]","['NEAR', 'INSIDE', 'OUTSIDE', 'INSIDE', 'INSIDE']","[[0.45, 1.38, 0.05], [0.51, 1.74, 0.06], [0.28, 1.61, 0.03], [0.62, 0.41, 0.81], [0.52, 1.24, 0.05]]","[489, 491, 512, 511, 507]",66.3
900,1790252327088253367,307200,104003,9,5,31.4,"[24.2, 25.8, 27.2, 30.2, 31.4]","['OUTSIDE', 'INSIDE', 'INSIDE', 'OUTSIDE', 'INSIDE']","[[0.69, 2.28, 0.21], [0.57, 1.92, 0.07], [0.23, 1.91, 0.03], [0.29, 1.39, 0.03], [1.82, 1.73, 1.18]]","[489, 491, 509, 512, 507]",61.7
901,1790252327195570667,307200,95897,6,5,30.1,"[24.1, 25.6, 27.2, 28.7, 30.1]","['OUTSIDE', 'INSIDE', 'INSIDE', 'INSIDE', 'OUTSIDE']","[[0.64, 2.35, 0.2], [0.41, 2.08, 0.05], [0.45, 1.91, 0.05], [0.34, 1.41, 0.03], [0.32, 1.91, 0.04]]","[489, 491, 509, 495, 512]",44.1
902,1790252327290718752,307200,103657,5,5,30.1,"[25.4, 27.1, 28.6, 29.9, 30.1]","['INSIDE', 'INSIDE', 'INSIDE', 'OUTSIDE', 'INSIDE']","[[0.27, 1.7, 0.03], [0.54, 1.72, 0.06], [0.27, 1.3, 0.03], [0.11, 1.47, 0.01], [3.13, 2.2, 1.25]]","[491, 509, 495, 512, 511]",36.6
903,1790252327395617561,307200,103706,7,4,31.6,"[25.5, 26.9, 29.9, 31.6]","['INSIDE', 'INSIDE', 'INSIDE', 'INSIDE']","[[0.65, 1.89, 0.08], [0.68, 1.98, 0.52], [0.27, 2.1, 0.03], [0.32, 0.88, 0.03]]","[491, 509, 512, 507]",35.5
904,1790252327495842714,307200,103591,7,4,31.0,"[25.4, 28.4, 29.8, 31.0]","['INSIDE', 'INSIDE', 'NEAR', 'INSIDE']","[[0.68, 2.07, 0.08], [0.33, 1.49, 0.03], [0.29, 1.47, 0.03], [1.33, 1.26, 0.88]]","[491, 495, 512, 507]",38.6
905,1790252327592347163,307200,103479,7,4,31.3,"[25.0, 26.8, 29.7, 31.3]","['INSIDE', 'INSIDE', 'INSIDE', 'INSIDE']","[[0.17, 1.76, 0.02], [0.54, 1.98, 0.06], [0.3, 1.57, 0.03], [0.65, 0.87, 0.06]]","[491, 509, 512, 507]",51.9
906,1790252327690450599,307200,103399,7,4,32.6,"[28.0, 28.4, 29.4, 32.6]","['INSIDE', 'INSIDE', 'INSIDE', 'INSIDE']","[[0.3, 1.58, 0.03], [0.36, 0.26, 0.49], [0.56, 1.79, 0.81], [0.38, 1.71, 0.03]]","[495, 511, 512, 514]",55.9
907,1790252327798704463,307200,103527,7,5,32.5,"[25.0, 27.9, 28.9, 31.1, 32.5]","['INSIDE', 'OUTSIDE', 'INSIDE', 'INSIDE', 'INSIDE']","[[0.45, 1.5, 0.05], [0.5, 1.87, 0.06], [1.84, 2.18, 1.33], [0.95, 0.59, 0.85], [0.37, 1.37, 0.03]]","[491, 495, 512, 507, 514]",54.3
908,1790252327892170768,307200,103882,11,7,32.4,"[23.3, 24.8, 27.8, 27.8, 29.3, 30.0, 32.4]","['INSIDE', 'INSIDE', 'OUTSIDE', 'INSIDE', 'INSIDE', 'INSIDE', 'INSIDE']","[[0.48, 1.57, 0.06], [0.38, 1.74, 0.04], [0.46, 1.86, 0.05], [2.02, 0.7, 1.26], [0.27, 1.85, 0.03], [0.12, 0.51, 0.25], [0.54, 1.37, 0.05]]","[489, 491, 495, 511, 512, 507, 514]",37.4
909,1790252327987358056,307200,104591,6,4,32.0,"[27.7, 30.3, 30.6, 32.0]","['INSIDE', 'INSIDE', 'NEAR', 'INSIDE']","[[0.52, 2.34, 0.06], [0.88, 0.31, 0.77], [0.28, 1.4, 0.03], [1.29, 0.9, 0.38]]","[495, 507, 512, 514]",34.0
910,1790252328105653876,307200,103249,7,5,31.8,"[26.0, 27.5, 30.5, 30.7, 31.8]","['INSIDE', 'INSIDE', 'INSIDE', 'INSIDE', 'INSIDE']","[[0.44, 2.48, 0.06], [0.78, 2.2, 0.99], [0.31, 1.93, 0.03], [0.56, 0.22, 0.81], [0.83, 0.78, 0.34]]","[509, 495, 512, 507, 514]",35.6
911,1790252328191015184,307200,103237,8,5,31.4,"[25.9, 27.5, 28.5, 28.9, 31.4]","['OUTSIDE', 'INSIDE', 'INSIDE', 'INSIDE', 'INSIDE']","[[0.54, 1.67, 0.07], [0.48, 1.73, 0.05], [0.77, 0.22, 0.54], [0.26, 1.01, 0.03], [1.24, 1.66, 0.57]]","[509, 495, 511, 512, 514]",34.7
912,1790252328297739300,307200,103297,8,5,40.8,"[25.8, 27.4, 28.4, 31.3, 40.8]","['INSIDE', 'INSIDE', 'INSIDE', 'INSIDE', 'NEAR']","[[0.48, 1.99, 0.06], [0.6, 2.03, 0.28], [1.2, 1.35, 0.56], [1.52, 1.48, 0.66], [0.13, 1.29, 0.01]]","[509, 495, 512, 514, 513]",37.2
913,1790252328390046099,307200,103313,9,6,40.7,"[25.8, 27.6, 28.8, 29.6, 30.1, 40.7]","['INSIDE', 'INSIDE', 'INSIDE', 'INSIDE', 'INSIDE', 'INSIDE']","[[0.67, 2.18, 0.08], [1.19, 1.81, 0.52], [0.22, 0.86, 0.5], [0.88, 0.21, 1.05], [0.31, 1.38, 0.03], [0.55, 0.87, 0.37]]","[509, 495, 512, 511, 514, 513]",45.1
914,1790252328491247563,307200,103368,6,4,40.7,"[27.0, 28.0, 30.0, 40.7]","['INSIDE', 'INSIDE', 'INSIDE', 'NEAR']","[[0.28, 1.99, 0.03], [1.57, 1.23, 1.32], [0.31, 1.9, 0.03], [0.11, 1.28, 0.01]]","[495, 512, 514, 513]",46.4
915,1790252328591476099,307200,103306,6,4,40.6,"[25.5, 28.4, 29.9, 40.6]","['INSIDE', 'OUTSIDE', 'INSIDE', 'INSIDE']","[[0.63, 2.07, 0.08], [0.45, 2.1, 0.05], [0.29, 1.68, 0.03], [0.22, 1.23, 0.36]]","[509, 514, 511, 513]",44.0
916,1790252328689360816,307200,103014,7,4,37.3,"[28.3, 29.7, 31.1, 37.3]","['OUTSIDE', 'INSIDE', 'INSIDE', 'OUTSIDE']","[[0.49, 1.91, 0.06], [0.23, 2.09, 0.03], [0.67, 0.49, 0.84], [0.11, 1.7, 0.01]]","[514, 511, 507, 513]",39.2
917,1790252328787439144,307200,103487,11,7,40.4,"[23.8, 25.3, 28.1, 28.8, 29.5, 32.6, 40.4]","['INSIDE', 'INSIDE', 'INSIDE', 'INSIDE', 'INSIDE', 'INSIDE', 'NEAR']","[[0.66, 2.1, 0.09], [0.62, 1.87, 0.07], [0.55, 1.04, 1.0], [0.47, 0.3, 0.73], [0.13, 1.55, 0.01], [0.15, 1.82, 0.01], [0.2, 1.28, 0.02]]","[489, 509, 512, 511, 514, 515, 513]",41.5
918,1790252328891532460,307200,103515,5,4,32.7,"[25.8, 26.6, 27.8, 32.7]","['INSIDE', 'INSIDE', 'OUTSIDE', 'INSIDE']","[[0.42, 0.24, 0.65], [0.47, 1.95, 0.5], [0.14, 1.67, 0.02], [0.44, 2.01, 0.57]]","[509, 495, 514, 515]",42.3
919,1790252328988191027,307200,103484,6,5,40.2,"[27.7, 29.4, 30.9, 35.6, 40.2]","['INSIDE', 'INSIDE', 'OUTSIDE', 'INSIDE', 'INSIDE']","[[0.12, 1.56, 0.02], [0.15, 1.33, 0.02], [0.29, 1.96, 0.03], [0.39, 1.43, 0.63], [0.5, 0.85, 0.35]]","[514, 511, 515, 517, 513]",37.8
920,1790252329087312953,307200,103504,5,5,39.7,"[27.7, 29.1, 30.8, 35.6, 39.7]","['INSIDE', 'INSIDE', 'OUTSIDE', 'INSIDE', 'INSIDE']","[[0.19, 1.94, 0.02], [1.21, 1.7, 0.8], [0.18, 1.84, 0.02], [0.24, 1.22, 0.32], [0.85, 0.99, 0.39]]","[514, 511, 515, 517, 513]",38.2
921,1790252329194652356,307200,103164,5,5,41.4,"[26.1, 28.5, 32.3, 36.9, 41.4]","['INSIDE', 'INSIDE', 'INSIDE', 'INSIDE', 'NEAR']","[[0.26, 1.74, 0.03], [1.87, 2.25, 0.92], [1.2, 1.3, 1.16], [0.26, 1.42, 0.02], [0.22, 1.31, 0.02]]","[495, 511, 507, 517, 513]",45.2
922,1790252329291516878,307200,103328,6,5,41.2,"[24.5, 25.5, 30.6, 35.3, 41.2]","['INSIDE', 'INSIDE', 'OUTSIDE', 'INSIDE', 'OUTSIDE']","[[0.52, 1.99, 0.07], [0.72, 0.2, 1.11], [0.27, 2.05, 0.03], [0.39, 0.5, 0.34], [0.22, 1.31, 0.02]]","[489, 509, 515, 517, 513]",44.1
923,1790252329392460158,307200,103537,6,5,45.4,"[30.4, 32.0, 35.2, 39.6, 45.4]","['INSIDE', 'INSIDE', 'INSIDE', 'INSIDE', 'OUTSIDE']","[[1.12, 0.59, 0.83], [0.08, 1.46, 0.01], [0.39, 1.09, 0.31], [0.44, 1.53, 0.72], [0.69, 1.18, 0.42]]","[511, 507, 517, 513, 516]",36.5
924,1790252329488723754,307200,103571,7,6,41.0,"[24.4, 27.5, 32.0, 34.9, 39.4, 41.0]","['OUTSIDE', 'INSIDE', 'INSIDE', 'INSIDE', 'INSIDE', 'NEAR']","[[0.81, 2.62, 0.21], [0.46, 2.31, 0.05], [0.25, 1.12, 0.02], [0.67, 0.73, 0.31], [0.57, 0.7, 0.35], [0.22, 1.15, 0.02]]","[489, 514, 507, 517, 513, 516]",36.0
925,1790252329587115900,307200,103576,8,6,36.3,"[28.6, 29.6, 30.3, 31.4, 33.2, 36.3]","['INSIDE', 'INSIDE', 'INSIDE', 'INSIDE', 'OUTSIDE', 'INSIDE']","[[1.02, 1.16, 0.55], [0.57, 0.3, 0.79], [0.29, 1.92, 0.03], [1.66, 1.33, 0.57], [0.22, 1.17, 0.02], [0.24, 1.79, 0.02]]","[512, 511, 515, 507, 517, 513]",39.1
926,1790252329694572722,307200,104004,7,6,36.2,"[25.8, 27.2, 30.2, 31.8, 33.3, 36.2]","['INSIDE', 'INSIDE', 'INSIDE', 'INSIDE', 'INSIDE', 'INSIDE']","[[0.44, 2.26, 0.06], [0.09, 1.52, 0.01], [0.28, 1.8, 0.03], [0.67, 0.89, 0.06], [0.51, 1.98, 0.05], [0.2, 0.89, 0.02]]","[495, 514, 515, 507, 517, 513]",40.6
927,1790252329792854601,307200,99375,5,5,39.2,"[25.5, 30.0, 31.8, 36.2, 39.2]","['INSIDE', 'INSIDE', 'INSIDE', 'INSIDE', 'INSIDE']","[[0.13, 2.05, 0.02], [0.26, 1.38, 0.03], [0.46, 0.89, 0.04], [0.3, 1.02, 0.02], [0.79, 0.69, 0.68]]","[495, 515, 507, 513, 516]",44.9
928,1790252329893741477,307200,103244,7,6,39.0,"[23.8, 30.0, 31.5, 33.0, 35.8, 39.0]","['INSIDE', 'INSIDE', 'INSIDE', 'INSIDE', 'INSIDE', 'INSIDE']","[[0.14, 2.17, 0.02], [0.28, 2.0, 0.03], [0.99, 1.1, 0.35], [0.28, 1.39, 0.03], [0.67, 1.75, 0.36], [0.46, 0.55, 0.37]]","[489, 515, 507, 517, 513, 516]",43.9
929,1790252329990936460,307200,103065,7,5,36.0,"[25.4, 28.4, 29.8, 32.9, 36.0]","['INSIDE', 'OUTSIDE', 'INSIDE', 'INSIDE', 'INSIDE']","[[0.46, 2.06, 0.06], [0.57, 2.12, 0.07], [0.27, 1.89, 0.03], [0.28, 1.39, 0.03], [0.41, 1.99, 0.95]]","[495, 515, 511, 517, 513]",41.7
930,1790252330095666323,307200,103609,6,4,32.9,"[29.1, 29.8, 32.7, 32.9]","['INSIDE', 'INSIDE', 'INSIDE', 'INSIDE']","[[0.87, 0.22, 1.06], [0.33, 1.57, 0.03], [0.23, 1.72, 0.02], [0.89, 0.11, 0.8]]","[512, 511, 517, 507]",37.3
931,1790252330192246354,307200,97033,9,6,35.6,"[23.7, 28.1, 29.7, 31.8, 32.6, 35.6]","['INSIDE', 'OUTSIDE', 'INSIDE', 'INSIDE', 'INSIDE', 'INSIDE']","[[0.42, 1.91, 0.05], [0.31, 1.29, 0.04], [0.32, 1.35, 0.03], [1.29, 0.72, 1.06], [0.19, 1.72, 0.02], [0.36, 1.23, 0.34]]","[489, 515, 511, 507, 517, 513]",39.7
932,1790252330289707443,307200,102989,5,4,35.7,"[28.1, 31.2, 32.5, 35.7]","['INSIDE', 'INSIDE', 'INSIDE', 'INSIDE']","[[0.5, 1.79, 0.06], [1.14, 0.82, 0.82], [0.26, 1.49, 0.02], [0.47, 1.43, 0.61]]","[515, 507, 517, 513]",41.9
933,1790252330391216544,307200,103225,5,4,36.9,"[28.0, 32.5, 35.7, 36.9]","['INSIDE', 'INSIDE', 'INSIDE', 'OUTSIDE']","[[0.55, 2.47, 0.06], [0.27, 1.37, 0.03], [0.53, 0.93, 0.61], [0.28, 1.43, 0.02]]","[515, 517, 513, 516]",36.9
934,1790252330492407448,307200,103066,8,5,36.7,"[24.8, 27.8, 32.3, 35.1, 36.7]","['OUTSIDE', 'INSIDE', 'INSIDE', 'INSIDE', 'NEAR']","[[0.46, 1.86, 0.07], [0.26, 2.05, 0.03], [0.21, 1.36, 0.02], [0.9, 0.86, 0.3], [0.12, 1.16, 0.01]]","[495, 515, 517, 513, 516]",36.2
935,1790252330587898559,307200,103271,6,4,36.7,"[29.2, 32.3, 35.4, 36.7]","['INSIDE', 'INSIDE', 'INSIDE', 'OUTSIDE']","[[0.3, 1.54, 0.03], [0.49, 1.14, 0.04], [0.61, 1.17, 0.59], [0.24, 1.68, 0.02]]","[511, 517, 513, 516]",44.5
936,1790252330696870043,307200,103122,8,6,34.1,"[26.1, 27.5, 30.5, 31.1, 32.0, 34.1]","['OUTSIDE', 'INSIDE', 'OUTSIDE', 'INSIDE', 'INSIDE', 'INSIDE']","[[0.46, 1.77, 0.06], [0.26, 1.55, 0.03], [0.31, 1.4, 0.03], [0.48, 0.42, 0.52], [0.46, 1.7, 0.87], [0.36, 0.38, 0.27]]","[495, 515, 511, 507, 517, 513]",54.3
937,1790252330796732386,307200,103123,4,3,36.4,"[27.5, 30.4, 36.4]","['INSIDE', 'OUTSIDE', 'NEAR']","[[0.48, 2.02, 0.05], [0.28, 1.61, 0.03], [0.27, 1.41, 0.02]]","[515, 511, 516]",33.5
938,1790252330887597694,307200,103510,7,4,36.8,"[25.8, 27.5, 30.3, 36.8]","['OUTSIDE', 'INSIDE', 'OUTSIDE', 'INSIDE']","[[0.42, 2.0, 0.05], [0.54, 1.46, 0.06], [0.3, 1.5, 0.03], [0.88, 0.21, 0.62]]","[495, 515, 511, 516]",33.9
939,1790252330991716932,307200,103312,4,3,36.2,"[25.8, 27.3, 36.2]","['INSIDE', 'INSIDE', 'NEAR']","[[0.5, 1.56, 0.06], [0.52, 1.73, 0.06], [0.26, 1.15, 0.02]]","[495, 515, 516]",41.9
940,1790252331088190445,307200,103496,10,9,40.5,"[24.2, 25.7, 28.6, 30.1, 31.6, 33.1, 33.2, 36.3, 40.5]","['INSIDE', 'INSIDE', 'INSIDE', 'INSIDE', 'INSIDE', 'INSIDE', 'INSIDE', 'INSIDE', 'INSIDE']","[[0.58, 1.72, 0.08], [0.45, 1.81, 0.05], [0.63, 0.22, 0.78], [0.28, 1.59, 0.03], [0.72, 0.66, 0.28], [0.28, 1.51, 0.03], [0.76, 0.21, 0.91], [0.41, 1.27, 0.31], [0.38, 0.72, 0.36]]","[489, 495, 515, 511, 507, 517, 513, 516, 519]",40.1
941,1790252331187781706,307200,103337,9,6,37.9,"[22.5, 25.7, 31.5, 32.9, 35.9, 37.9]","['INSIDE', 'INSIDE', 'INSIDE', 'OUTSIDE', 'NEAR', 'INSIDE']","[[0.48, 1.84, 0.07], [0.68, 1.64, 0.08], [1.43, 1.49, 0.82], [0.16, 1.16, 0.02], [0.08, 1.01, 0.01], [0.9, 0.18, 0.69]]","[489, 495, 507, 517, 516, 519]",41.7
942,1790252331293852985,307200,103284,8,7,35.8,"[27.1, 28.3, 29.1, 29.9, 30.2, 32.9, 35.8]","['INSIDE', 'INSIDE', 'INSIDE', 'INSIDE', 'INSIDE', 'NEAR', 'INSIDE']","[[0.59, 1.81, 0.06], [0.72, 0.88, 0.31], [0.66, 0.22, 0.79], [0.28, 1.89, 0.03], [0.74, 0.19, 0.56], [0.31, 1.28, 0.03], [0.46, 1.44, 0.64]]","[495, 515, 511, 507, 513, 517, 516]",41.3
943,1790252331391353371,307200,103301,8,6,35.6,"[25.5, 28.2, 29.8, 29.9, 31.4, 35.6]","['INSIDE', 'OUTSIDE', 'INSIDE', 'INSIDE', 'INSIDE', 'INSIDE']","[[0.59, 1.97, 0.07], [0.22, 1.69, 0.03], [0.31, 1.47, 0.03], [0.87, 0.22, 1.1], [0.5, 0.77, 0.26], [0.95, 1.26, 0.36]]","[495, 507, 513, 511, 517, 516]",39.5
944,1790252331497148294,307200,103366,7,6,35.8,"[28.1, 29.0, 29.7, 31.4, 32.7, 35.8]","['OUTSIDE', 'INSIDE', 'INSIDE', 'INSIDE', 'INSIDE', 'INSIDE']","[[0.25, 1.49, 0.03], [0.43, 0.21, 1.03], [0.32, 1.57, 0.03], [0.55, 0.82, 0.79], [0.26, 1.38, 0.02], [0.31, 1.44, 0.63]]","[507, 511, 513, 517, 518, 516]",43.9
945,1790252331587745622,307200,103583,7,6,32.6,"[27.8, 28.2, 29.5, 30.2, 31.3, 32.6]","['INSIDE', 'OUTSIDE', 'INSIDE', 'INSIDE', 'INSIDE', 'INSIDE']","[[1.04, 0.82, 0.8], [0.62, 1.71, 0.07], [0.13, 1.45, 0.01], [0.15, 0.35, 0.27], [0.77, 0.35, 0.24], [0.3, 1.48, 0.03]]","[515, 507, 513, 517, 518, 516]",42.9
946,1790252331690945979,307200,103413,4,3,35.4,"[27.9, 30.5, 35.4]","['NEAR', 'INSIDE', 'INSIDE']","[[0.19, 1.28, 0.02], [0.95, 0.19, 1.03], [0.63, 1.12, 0.34]]","[507, 517, 519]",39.1
947,1790252331794272025,307200,103475,6,4,35.6,"[27.9, 29.4, 32.4, 35.6]","['INSIDE', 'INSIDE', 'INSIDE', 'INSIDE']","[[0.49, 1.48, 0.05], [0.29, 1.54, 0.03], [0.29, 1.81, 0.03], [0.23, 1.22, 0.31]]","[507, 513, 516, 519]",42.5
948,1790252331889530844,307200,103622,7,5,35.5,"[26.3, 27.9, 29.9, 31.9, 35.5]","['OUTSIDE', 'INSIDE', 'INSIDE', 'INSIDE', 'INSIDE']","[[0.46, 1.86, 0.06], [0.55, 2.07, 0.06], [2.16, 1.98, 1.31], [1.11, 2.31, 0.9], [0.37, 1.1, 0.32]]","[495, 507, 513, 516, 519]",41.8
949,1790252331991248538,307200,99978,5,3,30.4,"[24.7, 27.8, 30.4]","['OUTSIDE', 'INSIDE', 'INSIDE']","[[0.56, 2.03, 0.08], [0.5, 1.86, 0.06], [1.29, 0.48, 0.57]]","[495, 507, 517]",46.3
950,1790252332092952525,307200,103393,5,3,30.6,"[26.2, 27.6, 30.6]","['OUTSIDE', 'INSIDE', 'INSIDE']","[[0.62, 2.15, 0.08], [0.35, 1.94, 0.04], [0.74, 0.37, 1.11]]","[495, 507, 517]",43.2
951,1790252332189589211,307200,103437,10,5,34.9,"[27.5, 27.9, 30.5, 32.1, 34.9]","['INSIDE', 'INSIDE', 'OUTSIDE', 'INSIDE', 'INSIDE']","[[0.32, 2.03, 0.04], [0.74, 0.23, 1.03], [0.28, 1.62, 0.03], [0.28, 1.24, 0.03], [0.67, 0.49, 0.31]]","[507, 515, 513, 516, 519]",43.8
952,1790252332288518200,307200,103453,9,5,33.3,"[27.6, 30.2, 30.4, 31.7, 33.3]","['INSIDE', 'INSIDE', 'INSIDE', 'INSIDE', 'INSIDE']","[[0.6, 2.14, 0.07], [0.98, 0.23, 1.11], [0.31, 1.93, 0.03], [0.92, 1.05, 0.89], [0.06, 1.05, 0.01]]","[507, 517, 513, 518, 516]",42.5
953,1790252332400356285,307200,103498,8,5,33.3,"[24.2, 25.9, 27.4, 30.3, 33.3]","['OUTSIDE', 'INSIDE', 'INSIDE', 'INSIDE', 'INSIDE']","[[0.28, 2.31, 0.05], [0.44, 2.2, 0.06], [0.42, 1.73, 0.05], [0.32, 2.03, 0.03], [0.07, 1.16, 0.01]]","[495, 507, 515, 513, 516]",45.6
954,1790252332497920825,307200,103480,10,7,35.5,"[24.3, 25.8, 27.4, 29.0, 30.1, 31.6, 35.5]","['OUTSIDE', 'INSIDE', 'INSIDE', 'INSIDE', 'INSIDE', 'INSIDE', 'INSIDE']","[[0.57, 2.26, 0.08], [0.43, 1.65, 0.05], [0.49, 1.82, 0.05], [0.39, 0.21, 0.78], [0.12, 1.48, 0.01], [0.45, 0.72, 0.85], [0.39, 1.12, 0.03]]","[495, 507, 515, 517, 513, 518, 519]",44.1
955,1790252332589623949,307200,103454,9,7,35.2,"[24.3, 25.7, 28.5, 28.8, 30.1, 31.3, 35.2]","['INSIDE', 'INSIDE', 'INSIDE', 'OUTSIDE', 'INSIDE', 'INSIDE', 'INSIDE']","[[0.61, 2.16, 0.08], [0.49, 1.98, 0.06], [0.5, 0.57, 0.49], [0.1, 1.5, 0.02], [0.13, 1.68, 0.01], [0.47, 0.22, 1.1], [0.72, 0.99, 0.06]]","[495, 507, 517, 515, 513, 518, 519]",44.8
956,1790252332692056304,307200,103436,6,4,45.9,"[22.6, 25.7, 35.3, 45.9]","['INSIDE', 'INSIDE', 'INSIDE', 'NEAR']","[[0.5, 2.15, 0.07], [0.67, 2.09, 0.08], [0.32, 0.99, 0.03], [0.25, 0.86, 0.41]]","[495, 507, 519, 520]",43.8
957,1790252332790635601,307200,103334,7,5,45.8,"[25.4, 28.5, 32.1, 35.1, 45.8]","['INSIDE', 'INSIDE', 'INSIDE', 'INSIDE', 'OUTSIDE']","[[0.19, 1.51, 0.02], [0.37, 1.7, 0.04], [0.38, 1.75, 0.59], [0.6, 1.33, 0.35], [0.16, 0.81, 0.01]]","[507, 515, 518, 519, 520]",38.0
958,1790252332890356056,307200,103632,7,5,45.6,"[23.8, 30.5, 31.9, 35.1, 45.6]","['INSIDE', 'OUTSIDE', 'INSIDE', 'INSIDE', 'NEAR']","[[0.23, 1.92, 0.03], [0.3, 1.83, 0.03], [0.65, 1.63, 0.57], [0.34, 1.11, 0.03], [0.22, 0.7, 0.41]]","[495, 513, 518, 519, 520]",34.8
959,1790252332986548593,307200,104036,8,7,45.4,"[23.2, 29.1, 30.4, 32.0, 35.1, 38.3, 45.4]","['RAIL', 'INSIDE', 'OUTSIDE', 'INSIDE', 'INSIDE', 'INSIDE', 'NEAR']","[[0.83, 0.16, 1.09], [1.17, 1.68, 0.72], [0.3, 1.82, 0.03], [0.32, 1.68, 0.03], [0.38, 1.53, 0.62], [0.3, 0.4, 0.32], [0.3, 1.01, 0.41]]","[495, 517, 513, 518, 519, 521, 520]",39.0
960,1790252333091093573,307200,104264,7,5,43.8,"[27.3, 30.3, 30.7, 31.9, 43.8]","['INSIDE', 'OUTSIDE', 'INSIDE', 'INSIDE', 'INSIDE']","[[0.25, 1.63, 0.03], [0.32, 1.71, 0.03], [0.9, 0.58, 0.84], [0.32, 1.8, 1.11], [0.69, 0.47, 0.37]]","[515, 513, 517, 518, 520]",43.5
961,1790252333191516524,307200,104433,10,8,40.8,"[25.8, 27.4, 28.6, 30.7, 33.2, 34.9, 36.2, 40.8]","['INSIDE', 'INSIDE', 'INSIDE', 'INSIDE', 'OUTSIDE', 'INSIDE', 'NEAR', 'OUTSIDE']","[[0.45, 1.82, 0.05], [0.47, 1.82, 0.05], [0.78, 1.4, 0.07], [0.72, 0.28, 0.76], [0.31, 1.65, 0.03], [0.25, 1.1, 0.02], [0.09, 0.89, 0.01], [0.23, 1.15, 0.02]]","[507, 515, 517, 518, 516, 519, 521, 520]",49.5
962,1790252333285546770,307200,100548,7,5,36.2,"[25.6, 28.9, 30.2, 33.1, 36.2]","['INSIDE', 'INSIDE', 'INSIDE', 'OUTSIDE', 'INSIDE']","[[0.3, 1.8, 0.04], [0.58, 1.36, 0.73], [0.33, 1.81, 0.04], [0.17, 1.4, 0.02], [0.24, 1.27, 0.02]]","[507, 517, 513, 516, 521]",43.3
963,1790252333392430783,307200,104048,7,5,38.9,"[25.7, 27.2, 28.1, 36.2, 38.9]","['INSIDE', 'INSIDE', 'INSIDE', 'INSIDE', 'INSIDE']","[[0.52, 1.99, 0.06], [0.62, 1.63, 0.07], [2.39, 1.6, 1.3], [0.28, 1.53, 0.02], [0.48, 1.09, 0.71]]","[507, 515, 517, 521, 522]",37.7
964,1790252333494546840,307200,104427,9,8,40.5,"[25.6, 27.1, 29.9, 33.0, 34.9, 36.1, 39.0, 40.5]","['INSIDE', 'INSIDE', 'NEAR', 'INSIDE', 'INSIDE', 'INSIDE', 'INSIDE', 'INSIDE']","[[0.53, 1.72, 0.06], [0.53, 1.62, 0.06], [0.21, 1.48, 0.02], [0.3, 1.51, 0.03], [0.52, 0.67, 0.58], [0.27, 0.89, 0.02], [0.29, 0.41, 0.35], [0.07, 1.13, 0.0]]","[507, 515, 513, 516, 519, 521, 522, 520]",37.6
965,1790252333605773432,307200,100795,7,6,40.4,"[25.5, 29.9, 30.0, 33.0, 35.8, 40.4]","['INSIDE', 'INSIDE', 'INSIDE', 'INSIDE', 'INSIDE', 'INSIDE']","[[0.48, 1.88, 0.06], [0.87, 0.18, 1.05], [0.3, 1.16, 0.03], [0.26, 1.39, 0.03], [0.31, 1.23, 0.34], [0.18, 0.85, 0.01]]","[507, 518, 513, 516, 521, 520]",37.8
966,1790252333687751217,307200,103913,6,5,40.3,"[25.4, 29.9, 32.8, 35.8, 40.3]","['INSIDE', 'INSIDE', 'INSIDE', 'INSIDE', 'INSIDE']","[[0.5, 2.05, 0.06], [0.34, 1.68, 0.04], [0.25, 1.04, 0.02], [0.08, 1.13, 0.01], [0.21, 0.99, 0.02]]","[507, 513, 516, 521, 520]",37.7
967,1790252333786338661,307200,103926,10,10,41.9,"[25.2, 26.7, 28.2, 29.8, 30.8, 31.5, 32.6, 35.8, 40.4, 41.9]","['INSIDE', 'INSIDE', 'OUTSIDE', 'INSIDE', 'INSIDE', 'INSIDE', 'INSIDE', 'INSIDE', 'INSIDE', 'OUTSIDE']","[[0.22, 1.77, 0.03], [0.22, 1.21, 0.02], [0.35, 1.6, 0.04], [0.3, 1.78, 0.03], [0.58, 0.17, 0.78], [0.61, 0.94, 0.57], [0.05, 1.26, 0.01], [0.52, 1.43, 0.61], [0.49, 0.43, 0.34], [0.31, 1.71, 0.36]]","[507, 515, 513, 518, 517, 516, 519, 521, 520, 522]",39.7
968,1790252333904130123,307200,104258,7,7,41.7,"[25.2, 29.7, 29.9, 30.9, 32.6, 37.1, 41.7]","['INSIDE', 'INSIDE', 'INSIDE', 'INSIDE', 'INSIDE', 'NEAR', 'INSIDE']","[[0.45, 1.42, 0.05], [0.32, 1.15, 0.03], [0.67, 0.23, 1.05], [0.6, 0.92, 0.56], [0.12, 1.26, 0.01], [0.08, 1.3, 0.01], [0.39, 1.46, 0.75]]","[507, 518, 517, 516, 519, 521, 522]",43.1
969,1790252333990636714,307200,96285,8,8,40.2,"[23.6, 28.2, 29.5, 30.9, 32.5, 35.6, 37.0, 40.2]","['INSIDE', 'OUTSIDE', 'INSIDE', 'INSIDE', 'INSIDE', 'INSIDE', 'NEAR', 'INSIDE']","[[0.53, 1.99, 0.07], [0.62, 1.32, 0.07], [0.11, 1.45, 0.01], [0.55, 0.86, 0.05], [0.1, 1.59, 0.01], [0.13, 0.97, 0.31], [0.09, 1.3, 0.01], [0.53, 0.71, 0.39]]","[507, 513, 518, 516, 519, 521, 520, 522]",42.7
970,1790252334089565296,307200,104522,5,5,39.9,"[27.8, 29.4, 32.4, 35.5, 39.9]","['OUTSIDE', 'INSIDE', 'INSIDE', 'INSIDE', 'INSIDE']","[[0.13, 1.47, 0.02], [0.12, 1.34, 0.01], [0.09, 1.7, 0.01], [0.24, 0.93, 0.62], [1.0, 1.28, 0.41]]","[513, 518, 519, 521, 522]",39.8
971,1790252334193667472,307200,104646,10,8,36.8,"[25.0, 27.8, 30.8, 31.0, 32.4, 33.8, 35.6, 36.8]","['INSIDE', 'INSIDE', 'OUTSIDE', 'INSIDE', 'INSIDE', 'NEAR', 'INSIDE', 'INSIDE']","[[0.48, 1.49, 0.05], [0.13, 1.56, 0.02], [0.13, 1.84, 0.02], [1.01, 0.51, 0.85], [0.08, 1.32, 0.28], [0.1, 1.42, 0.01], [0.41, 0.56, 0.63], [0.85, 2.01, 0.68]]","[507, 513, 518, 516, 519, 521, 520, 522]",42.9
972,1790252334290426006,307200,105475,5,3,35.5,"[27.7, 32.5, 35.5]","['INSIDE', 'INSIDE', 'INSIDE']","[[0.25, 1.85, 0.03], [0.96, 1.41, 1.12], [0.87, 0.81, 0.61]]","[513, 519, 520]",40.6
973,1790252334387356428,307200,101038,3,2,36.7,"[27.6, 36.7]","['INSIDE', 'OUTSIDE']","[[0.1, 1.94, 0.01], [0.07, 1.54, 0.01]]","[513, 522]",41.9
974,1790252334489573935,307200,103753,6,6,32.2,"[27.6, 29.0, 29.6, 30.7, 31.1, 32.2]","['INSIDE', 'INSIDE', 'INSIDE', 'INSIDE', 'INSIDE', 'INSIDE']","[[0.16, 1.64, 0.02], [0.61, 0.97, 0.54], [1.27, 0.17, 1.07], [0.28, 2.16, 0.03], [0.38, 0.09, 1.07], [1.03, 1.19, 0.61]]","[513, 517, 516, 518, 519, 521]",43.1
975,1790252334587371239,307200,103891,8,7,36.7,"[26.0, 27.5, 29.0, 30.2, 30.6, 32.2, 36.7]","['INSIDE', 'INSIDE', 'INSIDE', 'INSIDE', 'OUTSIDE', 'INSIDE', 'OUTSIDE']","[[0.22, 1.64, 0.02], [0.14, 1.74, 0.02], [0.8, 1.28, 0.77], [0.58, 0.41, 0.74], [0.33, 1.94, 0.03], [0.37, 1.58, 0.03], [0.26, 0.91, 0.02]]","[515, 513, 517, 516, 518, 521, 522]",38.8
976,1790252334691341900,307200,104008,4,3,35.2,"[24.5, 25.9, 35.2]","['OUTSIDE', 'INSIDE', 'INSIDE']","[[0.45, 1.99, 0.06], [0.21, 1.91, 0.03], [0.27, 0.8, 0.93]]","[515, 507, 520]",35.8
977,1790252334789825111,307200,103962,5,4,35.2,"[32.0, 33.5, 34.3, 35.2]","['INSIDE', 'OUTSIDE', 'INSIDE', 'INSIDE']","[[0.59, 1.3, 0.55], [0.25, 1.42, 0.03], [0.67, 0.24, 0.87], [0.64, 0.99, 0.32]]","[521, 520, 522, 519]",43.4
978,1790252334890153384,307200,104253,5,3,32.0,"[26.0, 30.8, 32.0]","['INSIDE', 'INSIDE', 'INSIDE']","[[0.68, 2.21, 0.08], [0.72, 0.19, 0.81], [0.17, 1.01, 0.02]]","[507, 516, 521]",42.7
979,1790252335002069885,307200,103157,6,5,41.2,"[27.2, 30.3, 31.1, 32.2, 41.2]","['INSIDE', 'INSIDE', 'INSIDE', 'INSIDE', 'NEAR']","[[0.09, 1.53, 0.01], [0.32, 1.5, 0.03], [0.66, 0.22, 1.07], [0.7, 1.44, 0.32], [0.27, 1.16, 0.02]]","[513, 518, 516, 521, 524]",44.1
980,1790252335090095761,307200,103357,10,9,41.0,"[25.6, 28.9, 29.3, 30.4, 32.1, 33.5, 35.3, 36.5, 41.0]","['INSIDE', 'INSIDE', 'INSIDE', 'INSIDE', 'INSIDE', 'NEAR', 'INSIDE', 'INSIDE', 'NEAR']","[[0.13, 1.8, 0.02], [0.31, 0.8, 0.03], [0.38, 0.2, 0.77], [0.56, 2.26, 0.06], [0.25, 1.41, 0.57], [0.23, 1.3, 0.02], [0.6, 0.3, 0.59], [0.23, 1.66, 0.34], [0.07, 1.0, 0.01]]","[507, 517, 516, 518, 521, 520, 519, 522, 524]",40.9
981,1790252335188839260,307200,103534,3,3,36.5,"[30.4, 33.6, 36.5]","['INSIDE', 'NEAR', 'INSIDE']","[[0.21, 1.6, 0.02], [0.53, 1.18, 0.05], [0.23, 1.85, 0.65]]","[518, 520, 522]",39.6
982,1790252335293917098,307200,103610,5,5,36.4,"[25.7, 28.6, 30.4, 33.4, 36.4]","['INSIDE', 'INSIDE', 'INSIDE', 'INSIDE', 'INSIDE']","[[0.45, 1.54, 0.05], [1.02, 1.19, 0.31], [0.28, 1.6, 0.03], [0.29, 1.99, 0.03], [0.32, 1.03, 0.03]]","[507, 517, 518, 520, 522]",40.3
983,1790252335390770013,307200,103637,7,7,36.3,"[24.1, 25.8, 27.4, 30.3, 31.7, 33.3, 36.3]","['INSIDE', 'INSIDE', 'INSIDE', 'INSIDE', 'INSIDE', 'INSIDE', 'INSIDE']","[[0.5, 1.87, 0.06], [0.82, 2.81, 0.51], [0.55, 1.54, 0.06], [0.38, 1.49, 0.04], [0.32, 0.66, 0.28], [0.24, 1.99, 0.03], [0.1, 1.27, 0.01]]","[515, 507, 513, 518, 521, 520, 522]",42.4
984,1790252335488318701,307200,103821,9,9,42.7,"[25.8, 27.2, 29.8, 30.3, 31.1, 32.0, 33.3, 38.0, 42.7]","['INSIDE', 'INSIDE', 'INSIDE', 'INSIDE', 'INSIDE', 'INSIDE', 'INSIDE', 'OUTSIDE', 'OUTSIDE']","[[0.44, 1.9, 0.05], [0.25, 1.33, 0.03], [0.75, 0.31, 0.76], [0.45, 2.06, 0.79], [0.36, 0.23, 1.07], [0.54, 0.62, 0.82], [0.34, 1.29, 0.03], [0.72, 2.29, 0.06], [2.98, 2.36, 0.21]]","[507, 513, 516, 518, 521, 520, 519, 522, 524]",40.5
985,1790252335592503971,307200,104254,4,3,42.2,"[25.6, 33.0, 42.2]","['INSIDE', 'INSIDE', 'INSIDE']","[[0.29, 1.44, 0.03], [0.36, 1.87, 0.89], [1.63, 1.22, 0.46]]","[507, 519, 524]",38.4
986,1790252335693569585,307200,105319,9,8,41.4,"[24.0, 25.8, 28.6, 30.2, 32.8, 33.1, 36.6, 41.4]","['INSIDE', 'INSIDE', 'OUTSIDE', 'INSIDE', 'INSIDE', 'INSIDE', 'INSIDE', 'INSIDE']","[[0.27, 1.6, 0.04], [0.74, 1.64, 0.09], [0.51, 2.34, 0.06], [0.49, 2.16, 0.78], [0.84, 0.43, 0.54], [0.3, 1.28, 0.03], [0.07, 1.02, 0.01], [0.8, 0.44, 0.35]]","[515, 507, 517, 518, 520, 519, 522, 524]",44.9
987,1790252335797046073,307200,101589,9,7,42.7,"[24.1, 28.4, 28.5, 29.9, 30.6, 33.3, 42.7]","['INSIDE', 'INSIDE', 'OUTSIDE', 'INSIDE', 'INSIDE', 'INSIDE', 'NEAR']","[[0.68, 1.79, 0.09], [0.88, 0.55, 0.77], [0.46, 1.32, 0.05], [0.12, 1.46, 0.01], [0.48, 0.41, 0.49], [0.76, 2.11, 0.35], [0.17, 1.05, 0.01]]","[515, 513, 517, 518, 521, 519, 524]",46.2
988,1790252335889286957,307200,103983,6,6,42.5,"[27.1, 28.3, 30.0, 31.5, 33.4, 42.5]","['INSIDE', 'INSIDE', 'INSIDE', 'OUTSIDE', 'INSIDE', 'INSIDE']","[[0.66, 1.15, 0.49], [0.11, 1.69, 0.02], [0.34, 1.15, 0.03], [0.55, 2.35, 0.06], [0.09, 1.17, 0.01], [0.45, 0.7, 0.4]]","[513, 517, 518, 519, 520, 524]",42.1
989,1790252335987444111,307200,97792,6,6,31.9,"[26.7, 27.5, 28.3, 30.0, 30.2, 31.9]","['OUTSIDE', 'INSIDE', 'INSIDE', 'INSIDE', 'INSIDE', 'INSIDE']","[[0.11, 1.97, 0.02], [0.39, 0.44, 0.51], [0.34, 1.5, 0.04], [0.33, 0.22, 0.8], [0.84, 2.12, 0.08], [1.28, 0.61, 1.1]]","[507, 513, 517, 516, 518, 521]",40.7
990,1790252336091239130,307200,102292,5,4,42.3,"[23.9, 30.2, 37.9, 42.3]","['INSIDE', 'INSIDE', 'INSIDE', 'INSIDE']","[[0.5, 1.92, 0.06], [0.1, 1.37, 0.01], [0.17, 1.2, 0.01], [0.63, 1.05, 0.38]]","[515, 518, 522, 524]",39.4
991,1790252336193284258,307200,103709,4,3,42.4,"[28.7, 37.9, 42.4]","['INSIDE', 'INSIDE', 'NEAR']","[[0.91, 0.75, 0.73], [0.26, 1.33, 0.02], [0.22, 1.19, 0.02]]","[513, 522, 524]",39.4
992,1790252336300922606,307200,103663,4,4,43.7,"[28.9, 33.1, 37.7, 43.7]","['OUTSIDE', 'INSIDE', 'INSIDE', 'OUTSIDE']","[[0.99, 2.59, 0.11], [0.85, 1.34, 0.89], [0.31, 1.33, 0.34], [0.11, 1.23, 0.01]]","[517, 520, 522, 524]",39.2
993,1790252336387407334,307200,103716,8,7,43.7,"[25.5, 27.1, 31.2, 31.6, 34.7, 37.5, 43.7]","['INSIDE', 'OUTSIDE', 'INSIDE', 'INSIDE', 'INSIDE', 'INSIDE', 'NEAR']","[[0.13, 1.52, 0.02], [0.49, 2.12, 0.06], [0.28, 1.89, 0.03], [1.81, 0.32, 1.18], [0.24, 1.1, 0.02], [0.92, 1.25, 1.01], [0.2, 1.17, 0.39]]","[515, 507, 519, 521, 520, 522, 524]",40.2
994,1790252336489865828,307200,103925,4,3,43.6,"[31.5, 34.5, 43.6]","['INSIDE', 'INSIDE', 'OUTSIDE']","[[0.17, 1.66, 0.02], [0.24, 1.82, 0.02], [0.15, 1.07, 0.01]]","[519, 520, 524]",40.0
995,1790252336597260850,307200,103880,5,5,34.6,"[28.7, 29.8, 31.5, 32.9, 34.6]","['INSIDE', 'INSIDE', 'INSIDE', 'INSIDE', 'INSIDE']","[[0.55, 2.01, 0.06], [0.75, 1.04, 0.07], [0.3, 1.77, 0.03], [0.84, 0.8, 0.35], [0.42, 1.46, 0.04]]","[517, 518, 519, 521, 520]",41.6
996,1790252336687545251,307200,104041,9,8,43.5,"[27.0, 30.2, 31.1, 31.4, 33.3, 34.5, 37.2, 43.5]","['INSIDE', 'INSIDE', 'INSIDE', 'INSIDE', 'INSIDE', 'INSIDE', 'INSIDE', 'NEAR']","[[0.58, 1.91, 0.07], [0.77, 0.63, 0.28], [0.7, 0.32, 1.07], [0.26, 1.98, 0.03], [0.41, 0.46, 0.28], [0.27, 1.45, 0.03], [0.79, 0.66, 0.38], [0.14, 0.92, 0.01]]","[507, 518, 516, 519, 521, 520, 522, 524]",41.9
997,1790252336790966179,307200,103704,6,6,43.5,"[26.9, 28.5, 29.7, 31.4, 38.9, 43.5]","['INSIDE', 'INSIDE', 'INSIDE', 'INSIDE', 'INSIDE', 'INSIDE']","[[0.43, 2.08, 0.05], [0.49, 1.9, 0.53], [0.99, 0.71, 0.52], [0.28, 1.54, 0.03], [0.24, 1.64, 0.02], [0.19, 1.01, 0.39]]","[507, 517, 518, 519, 527, 524]",41.7
998,1790252336900952294,307200,104162,9,9,43.6,"[26.9, 27.8, 28.4, 29.6, 31.3, 33.4, 34.5, 38.9, 43.6]","['INSIDE', 'INSIDE', 'INSIDE', 'OUTSIDE', 'INSIDE', 'INSIDE', 'INSIDE', 'INSIDE', 'INSIDE']","[[0.49, 1.8, 0.06], [0.94, 0.21, 0.95], [0.46, 1.79, 0.05], [0.23, 1.67, 0.03], [0.32, 1.87, 0.03], [0.53, 0.45, 0.87], [0.84, 1.51, 1.21], [0.23, 1.09, 0.02], [0.54, 0.75, 0.74]]","[507, 513, 517, 519, 516, 521, 520, 527, 524]",37.2
999,1790252336988208514,307200,104034,9,8,43.2,"[25.2, 26.9, 28.4, 30.3, 31.7, 33.2, 38.8, 43.2]","['INSIDE', 'INSIDE', 'INSIDE', 'INSIDE', 'INSIDE', 'INSIDE', 'INSIDE', 'INSIDE']","[[0.44, 2.21, 0.06], [0.62, 2.27, 0.07], [0.45, 1.59, 0.51], [0.61, 0.38, 1.01], [1.46, 1.92, 1.38], [0.58, 0.18, 1.19], [0.22, 1.5, 0.02], [0.55, 0.62, 0.39]]","[515, 507, 517, 518, 516, 521, 527, 524]",43.6
1000,1790252337091046861,307200,104317,9,8,43.2,"[26.6, 29.7, 31.2, 32.1, 34.4, 37.3, 38.7, 43.2]","['INSIDE', 'OUTSIDE', 'INSIDE', 'INSIDE', 'INSIDE', 'INSIDE', 'INSIDE', 'INSIDE']","[[0.74, 2.67, 0.76], [0.48, 1.79, 0.06], [0.74, 1.7, 0.82], [0.54, 0.23, 0.85], [0.6, 1.26, 0.87], [0.3, 0.39, 0.32], [0.25, 1.22, 0.02], [0.44, 0.46, 0.39]]","[507, 519, 516, 521, 520, 522, 527, 524]",46.9
1001,1790252337189026596,307200,103905,7,6,38.9,"[25.0, 26.6, 29.5, 33.8, 35.6, 38.9]","['INSIDE', 'INSIDE', 'OUTSIDE', 'INSIDE', 'OUTSIDE', 'INSIDE']","[[0.28, 2.11, 0.04], [0.29, 1.77, 0.04], [0.3, 1.57, 0.03], [1.17, 1.13, 0.93], [0.23, 1.75, 0.02], [0.71, 1.42, 0.99]]","[515, 507, 519, 520, 522, 527]",44.7
1002,1790252337289141363,307200,95073,5,5,38.6,"[29.6, 31.1, 34.2, 35.5, 38.6]","['INSIDE', 'INSIDE', 'INSIDE', 'NEAR', 'INSIDE']","[[0.5, 1.68, 0.06], [0.35, 1.48, 0.57], [0.16, 1.08, 0.01], [0.25, 1.38, 0.03], [0.46, 1.09, 0.04]]","[519, 516, 520, 522, 527]",41.7
1003,1790252337392411624,307200,103634,6,6,40.0,"[25.1, 29.5, 32.4, 33.9, 35.6, 40.0]","['INSIDE', 'INSIDE', 'INSIDE', 'INSIDE', 'INSIDE', 'NEAR']","[[0.55, 2.12, 0.07], [0.35, 1.97, 0.04], [0.25, 2.16, 0.03], [0.9, 1.02, 1.2], [0.62, 2.18, 1.22], [0.22, 1.27, 0.02]]","[515, 519, 516, 520, 522, 527]",44.6
1004,1790252337494261025,307200,103582,6,6,38.2,"[25.0, 29.5, 30.5, 32.4, 35.4, 38.2]","['INSIDE', 'INSIDE', 'INSIDE', 'NEAR', 'NEAR', 'INSIDE']","[[0.56, 2.11, 0.07], [0.55, 1.47, 0.06], [1.24, 1.58, 1.41], [0.26, 1.37, 0.03], [0.23, 1.0, 0.02], [0.85, 0.87, 1.03]]","[515, 519, 518, 516, 522, 527]",54.2
1005,1790252337587910781,307200,103458,10,9,48.3,"[27.1, 27.9, 28.0, 29.3, 32.3, 34.0, 35.4, 40.0, 48.3]","['INSIDE', 'INSIDE', 'OUTSIDE', 'INSIDE', 'INSIDE', 'INSIDE', 'INSIDE', 'INSIDE', 'OUTSIDE']","[[0.38, 0.27, 0.7], [0.91, 0.37, 1.25], [0.66, 1.9, 0.08], [0.79, 2.63, 0.83], [0.31, 1.37, 0.03], [0.68, 0.78, 1.2], [0.27, 1.0, 0.02], [0.24, 1.26, 0.02], [3.06, 0.84, 1.67]]","[513, 517, 519, 518, 516, 520, 522, 527, 524]",58.3
1006,1790252337695188354,307200,103392,7,6,39.9,"[27.8, 29.3, 32.3, 34.1, 35.4, 39.9]","['INSIDE', 'INSIDE', 'INSIDE', 'INSIDE', 'INSIDE', 'INSIDE']","[[0.44, 2.35, 0.06], [0.24, 1.23, 0.03], [0.36, 1.7, 0.04], [0.54, 0.34, 0.59], [0.35, 1.55, 0.92], [0.16, 1.37, 0.36]]","[519, 518, 516, 520, 522, 527]",46.1
1007,1790252337796886306,307200,103314,13,10,45.9,"[24.8, 27.8, 29.3, 29.6, 30.7, 32.3, 33.7, 35.6, 38.4, 45.9]","['INSIDE', 'OUTSIDE', 'INSIDE', 'INSIDE', 'INSIDE', 'NEAR', 'INSIDE', 'INSIDE', 'INSIDE', 'OUTSIDE']","[[0.71, 2.32, 0.91], [0.57, 1.78, 0.07], [0.66, 0.48, 0.81], [0.55, 1.56, 0.06], [0.58, 1.18, 0.05], [0.32, 1.25, 0.03], [0.72, 0.65, 0.62], [0.88, 1.42, 1.19], [0.4, 0.67, 0.33], [0.19, 0.97, 0.01]]","[515, 519, 518, 517, 521, 516, 520, 522, 527, 524]",45.2
1008,1790252337907326956,307200,103311,5,4,35.2,"[29.3, 30.8, 32.2, 35.2]","['INSIDE', 'INSIDE', 'INSIDE', 'INSIDE']","[[0.65, 1.56, 0.07], [0.42, 1.04, 0.54], [0.3, 1.25, 0.03], [0.31, 1.48, 0.31]]","[517, 521, 516, 522]",45.8
1009,1790252337989151123,307200,103377,8,7,36.7,"[27.6, 28.0, 29.3, 31.7, 33.9, 35.1, 36.7]","['INSIDE', 'INSIDE', 'INSIDE', 'INSIDE', 'INSIDE', 'INSIDE', 'OUTSIDE']","[[0.45, 1.76, 0.05], [1.23, 0.86, 1.19], [0.57, 1.65, 0.06], [1.16, 1.73, 0.89], [0.82, 0.23, 1.12], [0.3, 1.44, 0.33], [0.29, 1.17, 0.03]]","[519, 513, 517, 521, 520, 522, 527]",55.8
1010,1790252338085146196,307200,103533,10,9,45.6,"[27.6, 29.1, 29.5, 30.5, 32.5, 34.5, 35.3, 36.6, 45.6]","['INSIDE', 'INSIDE', 'INSIDE', 'OUTSIDE', 'INSIDE', 'INSIDE', 'INSIDE', 'NEAR', 'NEAR']","[[0.51, 1.76, 0.06], [0.3, 1.43, 0.03], [0.43, 0.16, 0.78], [0.28, 1.08, 0.03], [1.06, 1.87, 1.08], [1.29, 0.39, 0.84], [0.27, 0.99, 0.02], [0.24, 1.29, 0.02], [0.28, 0.97, 0.02]]","[519, 517, 518, 516, 521, 520, 522, 527, 524]",52.7
1011,1790252338198843625,307200,103549,8,7,45.7,"[26.1, 27.7, 32.0, 33.5, 34.9, 36.6, 45.7]","['OUTSIDE', 'INSIDE', 'INSIDE', 'OUTSIDE', 'INSIDE', 'NEAR', 'NEAR']","[[0.53, 2.02, 0.07], [0.69, 1.58, 0.08], [0.18, 1.78, 0.3], [0.29, 1.42, 0.03], [0.86, 1.05, 1.27], [0.28, 1.42, 0.03], [0.27, 0.81, 0.02]]","[519, 517, 521, 522, 520, 527, 524]",36.3
1012,1790252338290448420,307200,103712,11,10,45.7,"[26.0, 27.5, 28.8, 30.4, 30.8, 32.0, 32.1, 35.1, 36.5, 45.7]","['OUTSIDE', 'INSIDE', 'INSIDE', 'INSIDE', 'OUTSIDE', 'INSIDE', 'INSIDE', 'INSIDE', 'OUTSIDE', 'NEAR']","[[0.44, 1.74, 0.06], [0.44, 1.55, 0.05], [2.32, 1.78, 0.99], [0.69, 0.64, 0.25], [0.32, 1.51, 0.04], [0.78, 0.16, 0.79], [0.26, 1.24, 0.03], [0.31, 1.17, 0.93], [0.25, 1.41, 0.02], [0.83, 1.13, 0.78]]","[519, 517, 513, 521, 516, 518, 522, 520, 527, 524]",32.2
1013,1790252338386821782,307200,103848,10,7,44.7,"[25.8, 27.5, 29.4, 32.0, 33.4, 34.9, 44.7]","['INSIDE', 'INSIDE', 'INSIDE', 'INSIDE', 'OUTSIDE', 'INSIDE', 'INSIDE']","[[0.29, 1.37, 0.04], [0.61, 2.04, 0.07], [1.17, 1.64, 0.48], [0.3, 1.46, 0.03], [0.31, 1.89, 0.03], [0.51, 1.22, 0.05], [0.77, 0.18, 0.77]]","[519, 517, 513, 522, 520, 527, 524]",41.2
1014,1790252338494202137,307200,103978,10,7,40.9,"[27.3, 28.5, 29.8, 30.4, 32.0, 34.8, 40.9]","['INSIDE', 'INSIDE', 'INSIDE', 'INSIDE', 'INSIDE', 'INSIDE', 'OUTSIDE']","[[0.3, 1.54, 0.04], [1.94, 1.48, 1.05], [0.56, 0.08, 1.31], [0.47, 1.82, 0.05], [0.45, 1.52, 0.84], [0.57, 1.04, 0.95], [0.27, 1.58, 0.02]]","[517, 513, 521, 516, 522, 527, 524]",57.4
1015,1790252338588735029,307200,103781,10,7,34.9,"[23.1, 25.9, 27.4, 30.3, 31.6, 33.3, 34.9]","['OUTSIDE', 'INSIDE', 'INSIDE', 'INSIDE', 'INSIDE', 'OUTSIDE', 'INSIDE']","[[1.21, 2.27, 0.51], [0.53, 1.82, 0.07], [0.48, 1.54, 0.06], [0.29, 1.92, 0.03], [0.79, 1.82, 1.42], [0.34, 1.41, 0.04], [0.31, 1.41, 0.92]]","[515, 519, 517, 516, 522, 520, 527]",36.7
1016,1790252338690005272,307200,103553,8,5,33.7,"[25.7, 27.4, 29.0, 31.8, 33.7]","['INSIDE', 'INSIDE', 'INSIDE', 'INSIDE', 'INSIDE']","[[0.34, 1.9, 0.05], [0.46, 1.72, 0.05], [0.57, 1.52, 0.06], [0.33, 1.45, 0.03], [0.54, 0.3, 0.86]]","[519, 517, 513, 522, 527]",40.2
1017,1790252338790063742,307200,103758,8,5,39.4,"[25.8, 27.4, 28.9, 30.2, 39.4]","['INSIDE', 'INSIDE', 'INSIDE', 'NEAR', 'INSIDE']","[[0.44, 2.0, 0.06], [0.6, 1.93, 0.07], [0.52, 1.69, 0.76], [0.36, 1.18, 0.04], [0.24, 1.1, 0.02]]","[519, 517, 513, 516, 524]",40.9
1018,1790252338890764358,307200,103841,12,9,37.7,"[22.2, 25.6, 27.2, 28.8, 29.2, 31.0, 31.7, 36.6, 37.7]","['RAIL', 'INSIDE', 'INSIDE', 'INSIDE', 'INSIDE', 'INSIDE', 'INSIDE', 'INSIDE', 'INSIDE']","[[0.13, 0.06, 0.28], [0.32, 2.25, 0.04], [0.33, 1.72, 0.04], [0.35, 0.08, 1.01], [0.48, 1.41, 0.05], [0.74, 0.39, 0.54], [0.3, 1.78, 0.03], [0.75, 0.13, 0.93], [0.55, 0.33, 1.35]]","[515, 519, 517, 521, 513, 518, 522, 527, 524]",40.5
1019,1790252338992316957,307200,104036,8,5,32.4,"[27.1, 28.9, 30.0, 31.6, 32.4]","['INSIDE', 'INSIDE', 'OUTSIDE', 'INSIDE', 'INSIDE']","[[0.22, 1.33, 0.03], [1.05, 1.88, 1.0], [0.32, 1.81, 0.04], [0.29, 1.77, 0.03], [0.91, 0.13, 0.53]]","[517, 513, 516, 522, 518]",38.5
1020,1790252339098220656,307200,104059,10,6,33.7,"[24.2, 25.7, 28.5, 29.3, 31.6, 33.7]","['RAIL', 'INSIDE', 'INSIDE', 'INSIDE', 'INSIDE', 'INSIDE']","[[0.97, 0.15, 1.08], [0.68, 1.74, 0.09], [0.46, 1.97, 0.75], [0.4, 0.48, 0.75], [0.34, 1.99, 0.04], [0.78, 0.41, 0.85]]","[515, 519, 513, 521, 522, 518]",54.0
1021,1790252339192372384,307200,104203,7,4,34.7,"[24.0, 27.2, 33.0, 34.7]","['INSIDE', 'INSIDE', 'OUTSIDE', 'INSIDE']","[[0.37, 1.78, 0.05], [0.65, 1.82, 0.08], [0.26, 1.28, 0.03], [0.86, 1.16, 0.88]]","[519, 517, 520, 528]",38.9
1022,1790252339313200152,307200,104229,10,8,35.9,"[25.5, 26.2, 27.1, 28.4, 30.0, 32.9, 34.6, 35.9]","['INSIDE', 'INSIDE', 'INSIDE', 'INSIDE', 'INSIDE', 'OUTSIDE', 'INSIDE', 'NEAR']","[[0.7, 2.92, 0.22], [2.1, 0.77, 1.26], [0.56, 1.99, 0.07], [1.82, 1.57, 1.27], [0.51, 1.91, 0.06], [0.24, 1.62, 0.03], [0.35, 0.97, 0.03], [0.21, 1.01, 0.02]]","[519, 517, 513, 521, 516, 520, 528, 529]",43.2
1023,1790252339391236936,307200,104178,8,7,35.9,"[24.0, 25.3, 26.9, 31.5, 33.3, 34.8, 35.9]","['OUTSIDE', 'INSIDE', 'INSIDE', 'INSIDE', 'INSIDE', 'INSIDE', 'INSIDE']","[[0.71, 2.61, 0.45], [0.32, 2.23, 0.05], [0.47, 2.18, 0.06], [0.29, 1.44, 0.03], [0.93, 0.34, 0.84], [0.88, 1.64, 0.9], [0.43, 0.25, 0.61]]","[519, 513, 521, 522, 518, 528, 527]",35.4
1024,1790252339494489664,307200,104263,9,9,34.6,"[25.4, 27.0, 27.4, 28.4, 29.8, 30.2, 31.4, 34.5, 34.6]","['INSIDE', 'INSIDE', 'INSIDE', 'INSIDE', 'OUTSIDE', 'INSIDE', 'INSIDE', 'INSIDE', 'INSIDE']","[[0.49, 2.33, 0.07], [0.58, 1.9, 0.07], [1.76, 0.36, 1.21], [0.31, 1.59, 0.03], [0.22, 1.47, 0.03], [0.95, 0.79, 0.8], [0.26, 1.32, 0.03], [0.64, 0.24, 0.9], [0.66, 1.59, 0.06]]","[513, 521, 517, 516, 522, 518, 520, 528, 529]",42.5
1025,1790252339588871337,307200,104281,5,3,34.9,"[25.4, 27.0, 34.9]","['INSIDE', 'INSIDE', 'INSIDE']","[[0.54, 2.24, 0.07], [0.57, 1.71, 0.07], [0.28, 1.35, 0.32]]","[513, 521, 529]",44.2
1026,1790252339689421456,307200,104022,4,4,35.8,"[25.3, 26.9, 29.8, 35.8]","['INSIDE', 'INSIDE', 'INSIDE', 'INSIDE']","[[0.44, 1.86, 0.06], [0.54, 1.7, 0.06], [0.48, 1.58, 0.05], [0.73, 0.13, 0.91]]","[513, 521, 522, 527]",39.1
1027,1790252339790886723,307200,104129,6,4,34.6,"[25.3, 26.7, 31.7, 34.6]","['INSIDE', 'INSIDE', 'INSIDE', 'INSIDE']","[[0.59, 2.15, 0.08], [0.24, 1.78, 0.03], [0.28, 1.67, 0.03], [0.12, 1.45, 0.3]]","[513, 521, 520, 529]",38.7
1028,1790252339889323368,307200,104392,7,7,39.2,"[25.0, 26.7, 30.1, 31.5, 34.9, 36.0, 39.2]","['INSIDE', 'INSIDE', 'INSIDE', 'INSIDE', 'INSIDE', 'OUTSIDE', 'INSIDE']","[[0.15, 1.84, 0.02], [0.46, 1.69, 0.05], [0.66, 0.73, 0.32], [0.18, 1.87, 0.01], [1.32, 1.63, 1.16], [0.24, 1.65, 0.02], [0.26, 1.24, 0.02]]","[513, 521, 518, 520, 529, 527, 530]",38.9
1029,1790252339991426334,307200,104509,7,6,39.3,"[26.8, 28.7, 31.5, 34.3, 36.0, 39.3]","['INSIDE', 'INSIDE', 'INSIDE', 'INSIDE', 'OUTSIDE', 'INSIDE']","[[0.65, 2.08, 0.08], [0.54, 1.71, 0.06], [0.15, 1.65, 0.01], [0.79, 1.39, 0.93], [0.21, 1.77, 0.02], [0.51, 1.29, 1.0]]","[521, 516, 520, 529, 527, 530]",50.0
1030,1790252340091439852,307200,105385,5,4,35.9,"[27.1, 28.4, 34.5, 35.9]","['INSIDE', 'INSIDE', 'INSIDE', 'OUTSIDE']","[[0.55, 2.11, 0.07], [0.12, 1.69, 0.01], [1.39, 1.27, 1.18], [0.26, 2.02, 0.03]]","[521, 516, 529, 527]",64.4
1031,1790252340187129273,307200,106655,5,5,34.5,"[25.5, 26.8, 31.5, 32.3, 34.5]","['OUTSIDE', 'INSIDE', 'INSIDE', 'INSIDE', 'INSIDE']","[[0.6, 2.44, 0.26], [0.14, 1.97, 0.02], [0.29, 1.77, 0.03], [0.56, 0.43, 0.54], [0.29, 1.21, 0.31]]","[513, 521, 520, 518, 529]",37.5
1032,1790252340292699865,307200,104325,7,7,37.6,"[25.3, 26.8, 29.9, 30.5, 31.3, 34.3, 37.6]","['OUTSIDE', 'INSIDE', 'OUTSIDE', 'INSIDE', 'INSIDE', 'INSIDE', 'INSIDE']","[[0.43, 2.43, 0.06], [0.21, 1.97, 0.02], [0.45, 2.21, 0.05], [1.53, 0.49, 1.1], [0.11, 1.53, 0.01], [0.34, 1.51, 0.61], [0.19, 0.32, 0.66]]","[513, 521, 522, 520, 518, 529, 530]",56.0
1033,1790252340390284243,307200,104989,6,4,34.4,"[26.8, 28.5, 31.5, 34.4]","['INSIDE', 'INSIDE', 'INSIDE', 'INSIDE']","[[0.24, 2.24, 0.02], [0.52, 1.6, 0.06], [0.58, 1.77, 0.06], [0.28, 1.33, 0.32]]","[521, 516, 518, 529]",42.2
1034,1790252340488656650,307200,100732,8,7,38.1,"[26.9, 28.2, 29.7, 31.3, 33.2, 34.2, 38.1]","['INSIDE', 'INSIDE', 'OUTSIDE', 'INSIDE', 'INSIDE', 'INSIDE', 'INSIDE']","[[0.6, 2.18, 0.07], [0.1, 1.58, 0.01], [0.25, 2.3, 0.03], [0.23, 1.86, 0.02], [0.93, 0.15, 1.1], [0.43, 1.98, 0.62], [0.23, 1.2, 0.02]]","[521, 516, 522, 518, 529, 527, 530]",53.0
1035,1790252340597168552,307200,93839,9,6,34.3,"[25.3, 28.3, 29.8, 31.2, 32.8, 34.3]","['INSIDE', 'INSIDE', 'OUTSIDE', 'INSIDE', 'INSIDE', 'INSIDE']","[[0.48, 2.58, 0.07], [0.91, 1.57, 0.99], [0.53, 2.12, 0.06], [0.44, 1.53, 0.04], [0.43, 0.1, 1.15], [1.75, 2.26, 0.69]]","[513, 516, 522, 518, 529, 527]",36.4
1036,1790252340689545132,307200,103054,6,5,34.8,"[26.8, 30.0, 31.1, 33.2, 34.8]","['INSIDE', 'INSIDE', 'INSIDE', 'INSIDE', 'NEAR']","[[0.51, 2.62, 0.06], [0.43, 0.24, 1.32], [0.22, 2.07, 0.02], [0.91, 1.23, 0.62], [0.12, 1.47, 0.01]]","[521, 520, 518, 529, 527]",50.9
1037,1790252340790659713,307200,103368,5,4,37.9,"[26.7, 31.4, 33.3, 37.9]","['INSIDE', 'INSIDE', 'INSIDE', 'OUTSIDE']","[[0.49, 2.43, 0.06], [0.93, 2.67, 0.1], [0.68, 1.35, 0.62], [0.25, 1.2, 0.02]]","[521, 518, 529, 530]",45.3
1038,1790252340896071729,307200,103568,8,7,40.9,"[24.9, 26.6, 31.2, 31.7, 33.4, 37.8, 40.9]","['OUTSIDE', 'INSIDE', 'INSIDE', 'OUTSIDE', 'INSIDE', 'INSIDE', 'INSIDE']","[[0.25, 2.38, 0.04], [0.46, 2.63, 0.06], [0.54, 0.52, 0.29], [0.09, 1.67, 0.01], [0.25, 1.87, 0.02], [0.34, 0.27, 0.66], [0.37, 1.1, 0.38]]","[513, 521, 520, 518, 529, 530, 531]",44.7
1039,1790252340988302634,307200,103678,7,7,40.4,"[26.4, 28.9, 31.0, 32.1, 33.3, 36.3, 40.4]","['INSIDE', 'INSIDE', 'INSIDE', 'INSIDE', 'INSIDE', 'INSIDE', 'INSIDE']","[[0.15, 2.68, 0.02], [0.38, 0.08, 1.25], [0.56, 0.09, 1.09], [0.45, 0.62, 0.87], [0.28, 1.41, 0.03], [0.48, 1.4, 0.04], [0.29, 0.47, 1.06]]","[521, 516, 520, 529, 527, 530, 531]",47.3
1040,1790252341099463154,307200,103434,9,7,37.7,"[28.4, 28.7, 30.3, 32.1, 34.6, 36.1, 37.7]","['INSIDE', 'INSIDE', 'INSIDE', 'INSIDE', 'INSIDE', 'INSIDE', 'OUTSIDE']","[[0.56, 0.47, 0.97], [0.22, 1.71, 0.03], [0.35, 1.81, 0.04], [0.61, 0.51, 0.85], [0.1, 0.12, 0.9], [0.48, 1.37, 0.35], [0.29, 1.6, 0.03]]","[516, 522, 520, 529, 527, 530, 531]",47.7
1041,1790252341193861295,307200,103431,7,6,36.3,"[28.8, 28.8, 30.0, 30.2, 32.0, 36.3]","['INSIDE', 'INSIDE', 'INSIDE', 'INSIDE', 'INSIDE', 'INSIDE']","[[0.56, 2.34, 0.06], [1.45, 0.55, 1.3], [0.53, 0.22, 1.06], [0.31, 1.7, 0.03], [0.6, 0.4, 1.11], [0.44, 1.27, 0.04]]","[522, 516, 520, 518, 529, 530]",49.0
1042,1790252341288372545,307200,103469,7,7,37.1,"[27.2, 28.6, 30.1, 31.7, 33.1, 33.5, 37.1]","['INSIDE', 'OUTSIDE', 'INSIDE', 'INSIDE', 'INSIDE', 'INSIDE', 'INSIDE']","[[0.36, 1.42, 0.04], [0.3, 2.02, 0.04], [0.47, 2.27, 1.33], [1.02, 0.83, 0.88], [0.09, 1.62, 0.01], [0.27, 0.3, 1.16], [0.95, 0.21, 0.67]]","[521, 522, 518, 529, 527, 530, 531]",50.1
1043,1790252341389382546,307200,103527,7,5,36.3,"[24.1, 31.4, 32.1, 33.1, 36.3]","['INSIDE', 'INSIDE', 'INSIDE', 'INSIDE', 'INSIDE']","[[0.29, 1.77, 0.04], [0.83, 0.28, 0.55], [0.52, 0.88, 0.29], [0.3, 1.86, 0.03], [0.76, 1.08, 0.62]]","[513, 529, 518, 527, 531]",36.2
1044,1790252341490069317,307200,103513,7,5,36.3,"[25.8, 30.0, 31.3, 33.1, 36.3]","['INSIDE', 'INSIDE', 'INSIDE', 'INSIDE', 'INSIDE']","[[0.71, 2.09, 0.08], [0.13, 1.99, 0.01], [1.09, 0.94, 1.12], [0.25, 1.63, 0.02], [0.62, 1.71, 0.62]]","[521, 520, 518, 527, 531]",48.1
1045,1790252341588607950,307200,103260,4,4,33.2,"[28.4, 28.5, 31.8, 33.2]","['OUTSIDE', 'INSIDE', 'INSIDE', 'INSIDE']","[[0.19, 2.1, 0.03], [0.31, 0.59, 0.26], [1.88, 0.61, 0.88], [0.57, 1.64, 0.05]]","[522, 516, 518, 527]",52.8
1046,1790252341695260902,307200,103306,4,2,30.0,"[27.6, 30.0]","['INSIDE', 'INSIDE']","[[1.59, 1.87, 1.35], [0.31, 1.9, 0.03]]","[516, 520]",46.0
1047,1790252341787472876,307200,103482,5,3,36.2,"[32.1, 32.9, 36.2]","['INSIDE', 'INSIDE', 'INSIDE']","[[0.91, 0.73, 0.82], [0.2, 1.73, 0.02], [0.47, 1.58, 0.62]]","[518, 527, 531]",49.8
1048,1790252341895076582,307200,103632,4,2,30.0,"[28.5, 30.0]","['OUTSIDE', 'INSIDE']","[[0.53, 2.2, 0.06], [0.97, 2.37, 0.76]]","[522, 520]",48.8
1049,1790252341996254322,307200,103693,5,3,36.1,"[29.9, 31.7, 36.1]","['INSIDE', 'INSIDE', 'INSIDE']","[[0.23, 1.68, 0.02], [0.45, 0.39, 0.81], [0.27, 1.14, 0.02]]","[520, 518, 531]",54.4
1050,1790252342091007293,307200,103551,3,2,35.8,"[32.9, 35.8]","['INSIDE', 'INSIDE']","[[0.23, 1.04, 0.02], [0.54, 1.76, 0.05]]","[527, 531]",44.0
1051,1790252342194300231,307200,103602,6,4,35.9,"[28.3, 29.9, 32.9, 35.9]","['OUTSIDE', 'INSIDE', 'INSIDE', 'INSIDE']","[[0.51, 2.02, 0.06], [0.28, 2.2, 0.03], [0.69, 2.37, 0.88], [0.27, 1.26, 0.02]]","[522, 520, 527, 531]",53.5
1052,1790252342291052352,307200,103578,4,3,32.8,"[29.9, 30.9, 32.8]","['INSIDE', 'INSIDE', 'INSIDE']","[[0.36, 1.82, 0.77], [0.9, 0.11, 1.01], [0.31, 2.36, 0.59]]","[520, 518, 527]",54.9
1053,1790252342392209910,307200,103729,6,4,35.9,"[28.3, 29.7, 31.8, 35.9]","['OUTSIDE', 'INSIDE', 'INSIDE', 'INSIDE']","[[0.54, 1.62, 0.06], [0.69, 2.24, 0.78], [0.67, 0.62, 0.8], [0.33, 1.13, 0.03]]","[522, 520, 518, 531]",59.6
1054,1790252342494693162,307200,103763,8,6,37.3,"[23.8, 28.5, 29.6, 32.8, 35.8, 37.3]","['INSIDE', 'INSIDE', 'INSIDE', 'INSIDE', 'INSIDE', 'INSIDE']","[[0.63, 2.18, 0.08], [0.19, 0.36, 0.49], [0.82, 2.55, 1.34], [0.31, 1.38, 0.03], [0.26, 1.48, 0.33], [0.64, 0.17, 0.67]]","[516, 520, 522, 527, 531, 533]",73.1
1055,1790252342588756627,307200,103918,4,2,31.7,"[29.9, 31.7]","['INSIDE', 'INSIDE']","[[0.6, 2.35, 0.76], [0.47, 0.43, 1.1]]","[522, 518]",49.3
1056,1790252342692033105,307200,103986,4,3,35.7,"[28.6, 32.7, 35.7]","['INSIDE', 'INSIDE', 'INSIDE']","[[0.35, 0.26, 0.48], [0.31, 1.72, 0.03], [0.28, 1.1, 0.33]]","[520, 527, 531]",37.3
1057,1790252342793974788,307200,103807,5,3,40.3,"[28.2, 32.7, 40.3]","['OUTSIDE', 'INSIDE', 'NEAR']","[[0.53, 1.59, 0.06], [0.33, 1.38, 0.03], [0.22, 0.99, 0.02]]","[522, 527, 533]",62.9
1058,1790252342891263019,307200,103760,5,5,35.8,"[28.1, 29.6, 31.3, 32.7, 35.8]","['INSIDE', 'INSIDE', 'INSIDE', 'INSIDE', 'INSIDE']","[[0.45, 2.37, 0.05], [0.33, 2.27, 0.53], [1.5, 0.92, 1.12], [0.19, 1.15, 0.02], [0.3, 1.44, 0.63]]","[522, 520, 518, 527, 531]",48.0
1059,1790252342993688057,307200,104058,3,3,37.2,"[28.0, 32.7, 37.2]","['INSIDE', 'INSIDE', 'NEAR']","[[0.32, 2.17, 0.04], [0.6, 2.0, 0.86], [0.26, 0.92, 0.02]]","[522, 527, 531]",41.0
1060,1790252343095972030,307200,104548,6,5,41.7,"[28.0, 29.7, 31.7, 32.6, 41.7]","['INSIDE', 'INSIDE', 'INSIDE', 'INSIDE', 'NEAR']","[[0.32, 1.78, 0.04], [0.31, 1.35, 0.03], [0.85, 0.61, 1.07], [0.2, 1.03, 0.02], [0.1, 1.16, 0.0]]","[522, 520, 518, 527, 533]",45.3
1061,1790252343193109067,307200,103550,7,6,41.7,"[28.0, 28.3, 29.8, 30.9, 35.9, 41.7]","['NEAR', 'INSIDE', 'INSIDE', 'INSIDE', 'INSIDE', 'OUTSIDE']","[[0.38, 1.49, 0.04], [0.53, 0.39, 0.23], [0.65, 2.34, 0.75], [0.63, 0.48, 0.84], [0.59, 1.06, 0.6], [0.23, 1.46, 0.02]]","[522, 520, 518, 527, 531, 533]",52.4
1062,1790252343289146864,307200,103637,8,7,41.7,"[26.3, 26.4, 29.7, 32.6, 33.9, 40.2, 41.7]","['OUTSIDE', 'INSIDE', 'INSIDE', 'INSIDE', 'OUTSIDE', 'INSIDE', 'NEAR']","[[0.2, 1.4, 0.03], [1.0, 1.18, 0.1], [0.52, 1.81, 0.76], [0.3, 1.15, 0.03], [0.1, 0.84, 0.01], [0.53, 0.43, 0.38], [0.19, 1.32, 0.01]]","[522, 520, 518, 527, 531, 533, 534]",46.2
1063,1790252343385249425,307200,103635,7,6,37.1,"[25.2, 28.1, 31.0, 31.4, 32.5, 37.1]","['INSIDE', 'INSIDE', 'NEAR', 'INSIDE', 'INSIDE', 'INSIDE']","[[0.53, 1.66, 0.46], [0.58, 1.79, 0.06], [0.32, 1.42, 0.03], [0.33, 0.17, 0.81], [0.42, 1.31, 0.6], [0.12, 1.53, 0.33]]","[520, 522, 527, 518, 531, 533]",57.6
1064,1790252343499974792,307200,103791,8,7,40.7,"[23.6, 28.0, 29.5, 30.9, 32.5, 37.1, 40.7]","['INSIDE', 'INSIDE', 'INSIDE', 'OUTSIDE', 'INSIDE', 'INSIDE', 'INSIDE']","[[0.54, 1.99, 0.07], [0.53, 2.08, 0.06], [0.46, 1.81, 0.77], [0.3, 1.21, 0.03], [0.47, 1.54, 0.6], [0.23, 1.56, 0.02], [0.81, 1.02, 0.4]]","[520, 522, 518, 527, 531, 533, 534]",54.7
1065,1790252343594779088,307200,103893,7,6,37.1,"[26.4, 27.9, 28.4, 30.9, 34.0, 37.1]","['OUTSIDE', 'INSIDE', 'INSIDE', 'NEAR', 'NEAR', 'INSIDE']","[[0.4, 1.78, 0.05], [0.29, 1.18, 0.03], [0.4, 0.25, 1.01], [0.28, 1.42, 0.03], [0.27, 1.2, 0.03], [0.33, 1.67, 0.33]]","[522, 518, 527, 531, 533, 534]",58.3
1066,1790252343693903161,307200,92491,3,3,37.2,"[26.3, 28.1, 37.2]","['NEAR', 'INSIDE', 'INSIDE']","[[0.29, 1.31, 0.04], [0.59, 1.58, 0.06], [1.18, 2.44, 0.72]]","[522, 518, 534]",54.6
1067,1790252343789366845,307200,103655,5,4,40.9,"[28.0, 29.5, 33.9, 40.9]","['INSIDE', 'INSIDE', 'OUTSIDE', 'INSIDE']","[[0.48, 1.58, 0.05], [0.28, 1.13, 0.03], [0.3, 1.67, 0.03], [0.21, 0.81, 0.37]]","[518, 527, 533, 534]",38.6
1068,1790252343891770979,307200,103613,5,5,40.8,"[23.6, 24.9, 28.0, 36.0, 40.8]","['INSIDE', 'OUTSIDE', 'INSIDE', 'INSIDE', 'INSIDE']","[[0.68, 1.65, 0.08], [0.6, 1.87, 0.08], [0.58, 1.39, 0.06], [0.83, 1.4, 0.37], [0.88, 0.87, 0.72]]","[520, 522, 518, 533, 534]",53.9
1069,1790252343988169500,307200,103401,8,6,37.8,"[24.7, 26.4, 28.0, 30.8, 36.3, 37.8]","['OUTSIDE', 'INSIDE', 'INSIDE', 'INSIDE', 'INSIDE', 'OUTSIDE']","[[0.4, 2.25, 0.21], [0.46, 1.5, 0.06], [0.6, 1.77, 0.06], [0.31, 1.85, 0.03], [0.93, 0.95, 0.61], [0.24, 1.6, 0.02]]","[522, 518, 527, 531, 533, 534]",41.2
1070,1790252344093507346,307200,103520,10,6,36.4,"[24.8, 26.3, 31.1, 32.0, 33.3, 36.4]","['OUTSIDE', 'INSIDE', 'OUTSIDE', 'INSIDE', 'INSIDE', 'INSIDE']","[[0.44, 1.68, 0.06], [0.34, 1.67, 0.04], [0.85, 2.44, 0.09], [1.24, 0.54, 0.85], [0.28, 1.75, 0.03], [0.28, 1.02, 0.02]]","[522, 518, 531, 527, 533, 534]",44.8
1071,1790252344187249567,307200,103403,4,3,35.9,"[27.8, 33.2, 35.9]","['INSIDE', 'INSIDE', 'INSIDE']","[[0.26, 1.56, 0.03], [0.22, 1.63, 0.02], [1.21, 1.71, 0.67]]","[518, 533, 534]",44.6
1072,1790252344289749623,307200,103458,5,4,36.2,"[24.8, 30.2, 33.2, 36.2]","['OUTSIDE', 'INSIDE', 'INSIDE', 'INSIDE']","[[0.56, 2.12, 0.22], [0.33, 1.91, 0.03], [0.66, 2.27, 0.63], [0.89, 1.63, 0.37]]","[522, 531, 533, 534]",40.9
1073,1790252344392263211,307200,103588,5,3,36.2,"[30.2, 33.2, 36.2]","['INSIDE', 'INSIDE', 'INSIDE']","[[0.29, 1.91, 0.03], [0.43, 1.92, 0.61], [0.39, 1.25, 0.35]]","[531, 533, 534]",51.2
1074,1790252344496023637,307200,103588,8,5,36.2,"[28.8, 30.0, 32.1, 33.2, 36.2]","['OUTSIDE', 'INSIDE', 'INSIDE', 'INSIDE', 'INSIDE']","[[0.61, 2.05, 0.07], [0.79, 2.06, 0.8], [0.39, 0.22, 1.12], [0.36, 1.83, 0.32], [0.6, 0.89, 0.05]]","[518, 531, 527, 533, 534]",50.4
1075,1790252344590422732,307200,103238,8,5,36.2,"[25.7, 29.0, 31.8, 33.2, 36.2]","['INSIDE', 'INSIDE', 'INSIDE', 'INSIDE', 'INSIDE']","[[0.51, 1.98, 0.06], [0.55, 0.26, 0.53], [0.21, 0.44, 0.29], [0.25, 1.86, 0.02], [0.54, 1.02, 0.04]]","[522, 531, 527, 533, 534]",46.7
1076,1790252344691375716,307200,103151,7,4,36.1,"[28.6, 31.7, 33.2, 36.1]","['OUTSIDE', 'INSIDE', 'INSIDE', 'INSIDE']","[[0.31, 2.22, 0.04], [0.57, 0.77, 0.31], [0.27, 1.4, 0.03], [0.26, 1.14, 0.32]]","[518, 527, 533, 534]",43.2
1077,1790252344793599069,307200,103126,8,3,36.1,"[28.8, 33.2, 36.1]","['INSIDE', 'INSIDE', 'INSIDE']","[[0.21, 0.6, 0.26], [0.28, 1.4, 0.03], [0.59, 1.58, 0.95]]","[531, 533, 534]",48.2
1078,1790252344891494906,307200,103138,4,2,29.1,"[28.6, 29.1]","['OUTSIDE', 'INSIDE']","[[0.47, 2.22, 0.06], [2.48, 2.23, 0.78]]","[518, 531]",50.3
1079,1790252344994325849,307200,103316,8,3,36.1,"[28.6, 28.6, 36.1]","['OUTSIDE', 'INSIDE', 'INSIDE']","[[0.46, 1.82, 0.05], [0.93, 0.31, 1.17], [0.12, 1.14, 0.01]]","[518, 531, 534]",51.7
1080,1790252345090340209,307200,103347,6,1,36.2,[36.2],['INSIDE'],"[[0.22, 1.27, 0.02]]",[534],58.9
1081,1790252345189638789,307200,103221,5,2,36.2,"[33.1, 36.2]","['INSIDE', 'INSIDE']","[[0.1, 1.5, 0.01], [0.26, 0.76, 0.34]]","[533, 534]",42.5
1082,1790252345287366613,307200,103309,6,4,36.2,"[24.1, 28.5, 33.1, 36.2]","['INSIDE', 'INSIDE', 'INSIDE', 'INSIDE']","[[0.45, 2.03, 0.06], [0.28, 2.4, 0.04], [0.25, 1.86, 0.03], [0.27, 1.4, 0.02]]","[522, 518, 533, 534]",43.6
1083,1790252345394785119,307200,103459,6,3,34.7,"[31.6, 33.3, 34.7]","['INSIDE', 'INSIDE', 'INSIDE']","[[0.53, 1.06, 0.84], [0.56, 1.3, 0.05], [0.46, 0.42, 0.92]]","[527, 533, 534]",41.3
1084,1790252345492047568,307200,103658,6,3,30.1,"[21.8, 24.1, 30.1]","['RAIL', 'INSIDE', 'INSIDE']","[[0.52, 0.07, 0.83], [0.54, 2.12, 0.07], [0.3, 2.01, 0.03]]","[522, 518, 535]",38.5
1085,1790252345586382671,307200,103679,8,5,33.8,"[25.7, 28.6, 30.1, 33.1, 33.8]","['INSIDE', 'OUTSIDE', 'INSIDE', 'INSIDE', 'INSIDE']","[[0.71, 2.08, 0.08], [0.51, 2.34, 0.06], [0.31, 1.17, 0.03], [0.29, 1.4, 0.03], [0.54, 0.17, 0.88]]","[518, 535, 527, 533, 534]",44.4
1086,1790252345693364680,307200,103887,6,3,33.1,"[30.1, 31.4, 33.1]","['INSIDE', 'INSIDE', 'INSIDE']","[[0.27, 2.31, 0.53], [0.58, 0.72, 0.83], [0.27, 1.63, 0.03]]","[527, 533, 534]",45.3
1087,1790252345793559551,307200,103981,7,5,33.1,"[24.0, 28.7, 30.6, 31.8, 33.1]","['INSIDE', 'INSIDE', 'OUTSIDE', 'INSIDE', 'INSIDE']","[[0.26, 2.11, 0.04], [0.26, 1.0, 0.02], [1.45, 2.43, 0.14], [0.59, 0.84, 0.86], [0.3, 1.28, 0.03]]","[518, 531, 527, 533, 534]",56.3
1088,1790252345890331519,307200,104063,7,4,33.1,"[25.6, 29.3, 30.1, 33.1]","['INSIDE', 'INSIDE', 'INSIDE', 'INSIDE']","[[0.42, 1.71, 0.05], [0.87, 0.3, 1.01], [0.31, 1.69, 0.03], [0.26, 1.51, 0.02]]","[518, 531, 527, 534]",71.9
1089,1790252345991701724,307200,103318,11,6,30.7,"[24.1, 27.2, 28.8, 29.9, 30.1, 30.7]","['INSIDE', 'INSIDE', 'RAIL', 'INSIDE', 'INSIDE', 'INSIDE']","[[0.48, 1.7, 0.06], [0.48, 1.33, 0.05], [1.27, 0.31, 0.91], [1.08, 0.14, 0.98], [0.31, 1.69, 0.03], [1.11, 0.82, 1.29]]","[518, 531, 527, 533, 535, 534]",39.7
1090,1790252346093070209,307200,103550,6,3,36.1,"[22.6, 27.9, 36.1]","['INSIDE', 'INSIDE', 'INSIDE']","[[0.45, 1.98, 0.06], [0.49, 0.08, 0.94], [0.49, 1.37, 0.35]]","[518, 531, 536]",44.9
1091,1790252346193404005,307200,103320,11,10,40.6,"[24.1, 25.6, 28.3, 28.4, 30.0, 30.3, 33.0, 34.7, 36.1, 40.6]","['INSIDE', 'INSIDE', 'INSIDE', 'OUTSIDE', 'INSIDE', 'INSIDE', 'INSIDE', 'INSIDE', 'INSIDE', 'NEAR']","[[0.69, 1.8, 0.09], [0.52, 1.97, 0.06], [1.01, 0.94, 0.78], [0.29, 2.11, 0.04], [0.28, 2.0, 0.03], [0.33, 0.17, 0.79], [0.15, 1.27, 0.01], [0.36, 0.36, 0.31], [0.27, 0.89, 0.02], [0.13, 1.0, 0.01]]","[518, 531, 533, 535, 534, 527, 538, 536, 539, 537]",41.8
1092,1790252346290693933,307200,103187,3,3,40.5,"[30.0, 33.1, 40.5]","['INSIDE', 'INSIDE', 'INSIDE']","[[0.3, 1.37, 0.03], [0.3, 1.4, 0.03], [0.59, 0.86, 0.04]]","[534, 538, 537]",37.5
1093,1790252346395133358,307200,103277,7,6,40.6,"[24.1, 28.4, 29.6, 31.9, 33.1, 40.6]","['INSIDE', 'OUTSIDE', 'INSIDE', 'INSIDE', 'INSIDE', 'INSIDE']","[[0.44, 1.78, 0.06], [0.28, 1.31, 0.03], [1.28, 2.04, 1.38], [1.15, 0.66, 0.33], [0.23, 1.04, 0.02], [0.44, 0.86, 0.03]]","[518, 535, 534, 527, 538, 537]",46.9
1094,1790252346491025184,307200,103409,7,7,40.6,"[25.7, 27.2, 28.4, 30.0, 33.2, 36.1, 40.6]","['INSIDE', 'INSIDE', 'OUTSIDE', 'INSIDE', 'INSIDE', 'INSIDE', 'INSIDE']","[[0.67, 2.08, 0.08], [0.57, 1.33, 0.06], [0.2, 1.6, 0.03], [0.33, 1.9, 0.03], [0.49, 1.52, 0.05], [0.25, 1.27, 0.02], [0.15, 1.0, 0.01]]","[531, 533, 535, 534, 538, 539, 537]",48.6
1095,1790252346589354088,307200,103341,6,6,40.6,"[25.7, 28.5, 30.1, 33.2, 36.1, 40.6]","['INSIDE', 'INSIDE', 'INSIDE', 'INSIDE', 'INSIDE', 'INSIDE']","[[0.59, 1.53, 0.07], [0.61, 0.79, 0.28], [0.31, 1.48, 0.03], [0.52, 1.41, 0.05], [0.34, 1.32, 0.64], [0.58, 1.01, 0.04]]","[531, 533, 534, 538, 539, 537]",35.9
1096,1790252346688684513,307200,103517,8,7,41.1,"[24.1, 27.2, 28.9, 30.0, 33.1, 37.5, 41.1]","['INSIDE', 'INSIDE', 'INSIDE', 'INSIDE', 'INSIDE', 'NEAR', 'INSIDE']","[[0.49, 1.86, 0.06], [0.6, 1.33, 0.06], [0.61, 0.25, 0.53], [0.5, 1.85, 0.56], [0.42, 1.8, 0.58], [0.27, 1.45, 0.02], [0.38, 0.87, 0.38]]","[518, 533, 534, 527, 538, 539, 537]",32.9
1097,1790252346792472261,307200,97109,8,7,37.6,"[22.6, 25.6, 30.1, 31.4, 33.1, 36.1, 37.6]","['INSIDE', 'INSIDE', 'INSIDE', 'INSIDE', 'INSIDE', 'INSIDE', 'OUTSIDE']","[[0.57, 1.83, 0.08], [0.46, 1.8, 0.05], [0.32, 1.58, 0.03], [0.85, 0.77, 0.34], [0.26, 1.04, 0.02], [0.22, 1.01, 0.02], [0.47, 1.47, 0.04]]","[518, 531, 527, 538, 536, 539, 537]",45.8
1098,1790252346901873847,307200,99959,6,5,36.2,"[25.6, 28.4, 30.0, 33.2, 36.2]","['INSIDE', 'OUTSIDE', 'INSIDE', 'INSIDE', 'INSIDE']","[[0.41, 1.52, 0.05], [0.26, 1.61, 0.03], [0.26, 1.37, 0.03], [0.52, 1.29, 0.05], [0.8, 1.33, 0.67]]","[531, 535, 527, 536, 539]",45.7
1099,1790252346997348248,307200,86437,6,6,36.7,"[24.1, 28.4, 28.8, 30.1, 33.0, 36.7]","['INSIDE', 'NEAR', 'INSIDE', 'INSIDE', 'INSIDE', 'INSIDE']","[[0.46, 1.86, 0.06], [0.18, 1.4, 0.02], [0.58, 0.47, 0.49], [0.3, 1.47, 0.03], [0.26, 1.16, 0.02], [0.35, 1.34, 0.64]]","[518, 535, 534, 527, 536, 539]",43.9
1100,1790252347088530635,307200,85634,6,5,38.0,"[28.5, 30.0, 31.3, 36.8, 38.0]","['NEAR', 'INSIDE', 'INSIDE', 'INSIDE', 'INSIDE']","[[0.43, 1.41, 0.05], [0.75, 1.95, 0.77], [0.77, 0.38, 1.1], [0.66, 1.34, 0.62], [0.52, 0.13, 0.99]]","[535, 527, 538, 539, 537]",47.5
1101,1790252347189300350,307200,88117,9,8,36.6,"[25.5, 27.2, 28.5, 28.8, 30.0, 33.2, 35.3, 36.6]","['INSIDE', 'INSIDE', 'OUTSIDE', 'INSIDE', 'INSIDE', 'INSIDE', 'INSIDE', 'INSIDE']","[[0.19, 1.87, 0.02], [0.62, 1.43, 0.07], [0.37, 1.82, 0.04], [1.23, 0.85, 0.7], [0.26, 1.58, 0.03], [0.53, 0.12, 0.86], [0.19, 0.37, 0.32], [0.31, 1.54, 0.03]]","[531, 533, 535, 534, 527, 536, 539, 537]",45.5
1102,1790252347292026000,307200,104694,9,7,36.6,"[24.0, 25.6, 30.3, 31.3, 33.6, 34.2, 36.6]","['INSIDE', 'INSIDE', 'INSIDE', 'INSIDE', 'INSIDE', 'INSIDE', 'INSIDE']","[[0.27, 1.77, 0.04], [0.44, 1.52, 0.05], [0.75, 2.07, 0.81], [0.61, 0.11, 1.05], [0.28, 1.65, 0.03], [1.1, 0.2, 0.93], [0.35, 1.34, 0.63]]","[518, 531, 527, 538, 536, 539, 537]",41.4
1103,1790252347398198551,307200,106426,6,5,36.7,"[27.0, 28.7, 30.6, 33.5, 36.7]","['INSIDE', 'INSIDE', 'INSIDE', 'INSIDE', 'INSIDE']","[[0.8, 1.67, 0.75], [1.03, 0.65, 1.29], [0.47, 2.45, 0.52], [0.31, 1.3, 0.03], [0.29, 1.35, 0.64]]","[533, 534, 527, 536, 537]",56.9
1104,1790252347493813334,307200,103112,7,6,36.6,"[25.7, 28.8, 30.7, 32.3, 35.4, 36.6]","['INSIDE', 'INSIDE', 'INSIDE', 'INSIDE', 'INSIDE', 'INSIDE']","[[0.67, 1.82, 0.08], [1.27, 1.47, 1.29], [0.15, 0.51, 0.54], [0.55, 1.02, 0.05], [0.43, 0.55, 0.6], [0.41, 1.86, 0.65]]","[531, 534, 538, 536, 539, 537]",54.2
1105,1790252347588720440,307200,98615,5,4,37.2,"[25.7, 29.2, 30.5, 37.2]","['INSIDE', 'INSIDE', 'INSIDE', 'INSIDE']","[[0.67, 2.16, 0.08], [1.11, 1.08, 0.73], [0.33, 1.51, 0.03], [1.3, 1.6, 0.95]]","[531, 534, 527, 537]",45.9
1106,1790252347689537502,307200,99846,4,4,36.7,"[24.2, 30.7, 33.7, 36.7]","['INSIDE', 'INSIDE', 'INSIDE', 'INSIDE']","[[0.64, 2.22, 0.08], [0.5, 2.03, 0.52], [0.47, 1.54, 0.04], [0.33, 1.26, 0.35]]","[518, 527, 536, 537]",43.1
1107,1790252347789758321,307200,95216,10,6,36.6,"[26.1, 27.7, 30.6, 32.2, 35.3, 36.6]","['INSIDE', 'INSIDE', 'INSIDE', 'INSIDE', 'INSIDE', 'INSIDE']","[[0.55, 2.13, 0.07], [0.5, 1.84, 0.05], [0.29, 2.26, 0.03], [0.87, 1.19, 1.15], [0.2, 0.74, 0.31], [0.45, 2.16, 0.99]]","[531, 533, 527, 538, 539, 537]",47.5
1108,1790252347890014117,307200,90989,8,6,36.7,"[24.6, 26.0, 27.7, 30.6, 35.2, 36.7]","['OUTSIDE', 'INSIDE', 'INSIDE', 'INSIDE', 'INSIDE', 'INSIDE']","[[0.64, 2.4, 0.21], [0.32, 1.74, 0.04], [0.56, 1.75, 0.06], [0.28, 1.93, 0.03], [0.48, 0.74, 0.34], [0.26, 1.42, 0.02]]","[518, 531, 533, 527, 539, 537]",49.5
1109,1790252347993527691,307200,104365,10,7,36.8,"[26.2, 30.3, 30.7, 31.3, 32.2, 33.7, 36.8]","['INSIDE', 'INSIDE', 'INSIDE', 'INSIDE', 'INSIDE', 'INSIDE', 'INSIDE']","[[0.5, 1.93, 0.06], [0.61, 0.23, 1.04], [0.3, 1.83, 0.03], [0.37, 0.21, 1.09], [0.44, 0.79, 0.31], [0.21, 1.42, 0.02], [0.42, 1.21, 0.63]]","[531, 534, 527, 538, 536, 539, 537]",51.2
1110,1790252348093837378,307200,104705,8,3,35.5,"[26.3, 30.6, 35.5]","['INSIDE', 'INSIDE', 'INSIDE']","[[0.64, 2.5, 0.08], [0.28, 2.04, 0.03], [0.7, 0.43, 0.59]]","[531, 527, 537]",43.9
1111,1790252348189419836,307200,105096,10,7,35.6,"[26.2, 27.8, 29.1, 30.5, 32.3, 33.6, 35.6]","['INSIDE', 'INSIDE', 'INSIDE', 'INSIDE', 'INSIDE', 'OUTSIDE', 'INSIDE']","[[0.45, 2.11, 0.23], [0.47, 1.85, 0.05], [0.71, 1.32, 0.3], [0.1, 0.51, 0.54], [0.27, 1.13, 0.02], [0.26, 1.07, 0.02], [0.79, 0.55, 0.59]]","[531, 533, 534, 538, 536, 539, 537]",42.2
1112,1790252348287137115,307200,106266,8,6,36.5,"[26.3, 30.7, 31.1, 32.2, 33.7, 36.5]","['INSIDE', 'INSIDE', 'INSIDE', 'INSIDE', 'INSIDE', 'INSIDE']","[[0.5, 2.12, 0.06], [0.3, 1.62, 0.03], [0.42, 0.09, 1.08], [0.47, 0.74, 1.15], [0.23, 1.18, 0.02], [0.36, 1.03, 0.03]]","[531, 527, 538, 536, 539, 542]",43.3
1113,1790252348389713470,307200,104575,6,3,33.7,"[29.0, 30.7, 33.7]","['INSIDE', 'INSIDE', 'INSIDE']","[[0.9, 1.01, 0.08], [0.31, 1.62, 0.03], [0.29, 1.78, 0.03]]","[534, 527, 539]",49.2
1114,1790252348494997316,307200,103241,9,7,36.7,"[26.4, 27.8, 29.2, 30.7, 32.3, 33.6, 36.7]","['INSIDE', 'INSIDE', 'INSIDE', 'INSIDE', 'INSIDE', 'OUTSIDE', 'INSIDE']","[[0.78, 0.93, 0.47], [0.42, 1.85, 0.05], [0.72, 1.38, 0.76], [0.29, 1.51, 0.03], [0.29, 1.24, 0.03], [0.22, 1.3, 0.02], [0.17, 1.98, 0.64]]","[531, 533, 534, 527, 536, 539, 542]",44.3
1115,1790252348596614962,307200,93361,10,6,37.0,"[26.2, 30.4, 30.7, 31.9, 33.7, 37.0]","['INSIDE', 'INSIDE', 'INSIDE', 'INSIDE', 'INSIDE', 'INSIDE']","[[0.27, 1.57, 0.03], [0.42, 0.09, 1.05], [0.31, 2.05, 0.03], [0.9, 0.95, 1.16], [0.24, 1.66, 0.02], [0.63, 1.7, 0.05]]","[533, 538, 527, 536, 539, 542]",39.9
1116,1790252348696960586,307200,103094,10,6,33.6,"[24.5, 26.3, 27.9, 29.2, 30.7, 33.6]","['OUTSIDE', 'INSIDE', 'INSIDE', 'INSIDE', 'INSIDE', 'INSIDE']","[[0.91, 2.29, 0.46], [0.41, 1.49, 0.05], [0.46, 1.75, 0.05], [0.62, 1.09, 0.53], [0.21, 1.72, 0.02], [0.06, 1.53, 0.01]]","[518, 533, 534, 538, 527, 539]",43.4
1117,1790252348788241017,307200,103195,11,7,37.2,"[24.8, 26.3, 27.8, 29.0, 30.7, 35.6, 37.2]","['OUTSIDE', 'INSIDE', 'INSIDE', 'INSIDE', 'INSIDE', 'INSIDE', 'OUTSIDE']","[[0.55, 1.78, 0.07], [0.42, 1.58, 0.05], [0.7, 2.55, 0.55], [1.31, 1.27, 1.26], [0.3, 1.95, 0.03], [0.56, 1.25, 0.04], [0.29, 1.31, 0.03]]","[518, 533, 534, 538, 527, 537, 542]",47.8
1118,1790252348890449439,307200,103372,11,6,37.2,"[26.4, 27.8, 29.2, 30.7, 32.0, 37.2]","['INSIDE', 'INSIDE', 'INSIDE', 'INSIDE', 'INSIDE', 'INSIDE']","[[0.64, 2.15, 0.08], [0.24, 1.56, 0.03], [0.77, 1.29, 0.54], [0.11, 1.29, 0.01], [1.77, 1.29, 0.66], [0.29, 1.7, 0.02]]","[533, 534, 538, 527, 536, 542]",46.6
1119,1790252348991325790,307200,103368,10,8,37.2,"[26.3, 27.8, 29.4, 30.9, 32.9, 34.2, 35.9, 37.2]","['INSIDE', 'INSIDE', 'INSIDE', 'INSIDE', 'INSIDE', 'OUTSIDE', 'INSIDE', 'INSIDE']","[[0.34, 1.85, 0.04], [0.76, 2.14, 0.55], [1.11, 0.77, 1.0], [0.77, 2.87, 0.86], [0.43, 1.55, 0.58], [0.28, 1.33, 0.03], [0.55, 0.69, 0.62], [0.27, 1.83, 0.02]]","[533, 534, 538, 527, 536, 539, 537, 542]",52.5
1120,1790252349091698677,307200,102166,12,7,37.1,"[26.4, 27.8, 29.1, 31.2, 31.2, 35.6, 37.1]","['INSIDE', 'INSIDE', 'INSIDE', 'OUTSIDE', 'INSIDE', 'INSIDE', 'NEAR']","[[0.61, 2.06, 0.07], [0.12, 1.46, 0.01], [1.54, 1.48, 0.85], [0.3, 2.2, 0.04], [0.64, 0.43, 0.32], [0.63, 1.25, 0.32], [0.08, 1.43, 0.01]]","[533, 534, 538, 527, 536, 537, 542]",43.7
1121,1790252349193854428,307200,103443,13,6,40.5,"[26.3, 30.1, 32.7, 34.7, 37.3, 40.5]","['INSIDE', 'INSIDE', 'INSIDE', 'INSIDE', 'INSIDE', 'INSIDE']","[[0.23, 1.57, 0.03], [0.88, 1.94, 1.29], [0.47, 1.89, 0.6], [0.31, 1.58, 0.03], [11.04, 1.52, 3.1], [0.26, 1.23, 0.37]]","[533, 538, 536, 542, 537, 543]",36.9
1122,1790252349285735365,307200,103305,15,8,40.2,"[24.7, 26.8, 29.1, 31.8, 32.8, 35.4, 37.4, 40.2]","['OUTSIDE', 'INSIDE', 'INSIDE', 'INSIDE', 'INSIDE', 'INSIDE', 'INSIDE', 'INSIDE']","[[0.47, 2.53, 0.47], [0.75, 0.83, 0.08], [2.21, 2.07, 1.34], [0.71, 0.28, 0.81], [0.31, 1.61, 0.03], [1.11, 0.92, 1.0], [0.34, 1.71, 0.03], [0.72, 1.51, 0.4]]","[518, 531, 538, 536, 539, 537, 542, 543]",46.9
1123,1790252349395517209,307200,103302,9,6,38.9,"[28.4, 31.6, 32.8, 36.0, 37.4, 38.9]","['INSIDE', 'INSIDE', 'INSIDE', 'INSIDE', 'OUTSIDE', 'INSIDE']","[[0.59, 2.11, 0.07], [0.77, 0.62, 0.51], [0.34, 1.78, 0.59], [0.34, 1.01, 0.03], [0.26, 1.58, 0.02], [0.55, 0.68, 0.37]]","[534, 536, 539, 537, 542, 543]",50.2
1124,1790252349489152561,307200,103571,8,3,36.0,"[30.3, 32.9, 36.0]","['INSIDE', 'INSIDE', 'INSIDE']","[[1.17, 2.36, 0.76], [0.31, 1.5, 0.03], [0.39, 1.82, 0.64]]","[538, 539, 537]",47.2
1125,1790252349591803864,307200,103738,15,9,46.8,"[26.9, 28.4, 30.2, 31.4, 33.1, 34.4, 35.9, 37.4, 46.8]","['OUTSIDE', 'INSIDE', 'INSIDE', 'OUTSIDE', 'INSIDE', 'OUTSIDE', 'INSIDE', 'OUTSIDE', 'INSIDE']","[[0.49, 2.39, 0.07], [0.5, 2.5, 0.06], [0.85, 1.74, 1.29], [0.34, 2.11, 0.04], [0.57, 1.7, 0.33], [0.29, 2.06, 0.03], [0.55, 1.63, 0.04], [0.25, 1.45, 0.02], [0.64, 1.04, 0.44]]","[533, 534, 538, 527, 539, 537, 542, 543, 545]",49.9
1126,1790252349692629134,307200,104075,14,9,47.0,"[28.4, 28.8, 30.0, 31.5, 32.1, 33.1, 35.0, 36.1, 47.0]","['INSIDE', 'INSIDE', 'INSIDE', 'OUTSIDE', 'INSIDE', 'INSIDE', 'INSIDE', 'INSIDE', 'INSIDE']","[[0.31, 1.9, 0.04], [0.78, 0.2, 0.53], [0.36, 1.78, 0.04], [0.35, 2.0, 0.04], [0.74, 0.52, 0.53], [0.47, 1.86, 0.04], [0.25, 1.26, 0.02], [5.76, 0.67, 2.58], [0.21, 1.48, 0.01]]","[534, 538, 536, 527, 539, 537, 542, 543, 545]",44.9
1127,1790252349787725408,307200,104795,14,5,45.4,"[30.0, 31.6, 33.0, 36.1, 45.4]","['INSIDE', 'INSIDE', 'INSIDE', 'INSIDE', 'INSIDE']","[[0.58, 2.25, 0.81], [0.85, 1.07, 0.55], [0.29, 2.09, 0.03], [0.32, 1.27, 0.03], [0.41, 0.85, 0.42]]","[536, 539, 537, 542, 545]",45.6
1128,1790252349892457515,307200,104204,16,7,45.6,"[28.6, 28.7, 30.1, 31.9, 33.1, 36.1, 45.6]","['INSIDE', 'INSIDE', 'INSIDE', 'INSIDE', 'INSIDE', 'INSIDE', 'INSIDE']","[[0.43, 0.49, 0.29], [0.54, 2.23, 0.06], [0.36, 2.43, 0.04], [0.89, 1.38, 1.07], [0.34, 1.63, 0.03], [0.21, 1.01, 0.02], [0.2, 0.96, 0.01]]","[538, 534, 536, 539, 537, 542, 545]",53.2
1129,1790252349991597423,307200,104352,17,9,41.2,"[24.2, 27.2, 28.5, 28.7, 29.2, 30.1, 33.2, 36.2, 41.2]","['INSIDE', 'INSIDE', 'INSIDE', 'OUTSIDE', 'INSIDE', 'INSIDE', 'INSIDE', 'INSIDE', 'INSIDE']","[[0.72, 2.38, 0.09], [0.86, 1.71, 0.54], [0.79, 1.04, 0.55], [0.49, 2.29, 0.06], [0.83, 0.14, 0.98], [0.34, 2.01, 0.04], [0.5, 1.75, 0.05], [0.29, 2.02, 0.02], [0.54, 1.73, 0.04]]","[518, 531, 538, 534, 536, 527, 537, 542, 546]",48.8
1130,1790252350086294796,307200,104378,19,10,45.6,"[22.7, 25.6, 27.2, 28.5, 30.1, 31.8, 33.1, 36.1, 39.6, 45.6]","['INSIDE', 'INSIDE', 'INSIDE', 'INSIDE', 'INSIDE', 'INSIDE', 'INSIDE', 'INSIDE', 'INSIDE', 'INSIDE']","[[0.61, 2.4, 0.09], [1.2, 2.68, 0.56], [0.91, 2.28, 0.09], [1.93, 1.62, 0.8], [0.31, 2.12, 0.03], [0.82, 1.6, 0.61], [0.17, 1.05, 0.02], [0.09, 1.64, 0.01], [0.41, 0.97, 0.03], [0.18, 1.11, 0.01]]","[518, 531, 538, 536, 527, 539, 537, 542, 546, 545]",39.2
1131,1790252350198643614,307200,104310,19,8,45.6,"[27.3, 28.6, 30.2, 30.9, 33.2, 36.3, 39.4, 45.6]","['INSIDE', 'INSIDE', 'INSIDE', 'INSIDE', 'INSIDE', 'INSIDE', 'INSIDE', 'INSIDE']","[[0.58, 2.3, 0.06], [1.3, 1.45, 0.98], [0.34, 1.8, 0.04], [0.7, 0.42, 1.06], [0.27, 2.09, 0.03], [0.32, 2.6, 0.63], [0.85, 1.09, 0.38], [0.22, 1.28, 0.01]]","[538, 536, 527, 539, 537, 542, 546, 545]",36.2
1132,1790252350292782611,307200,104223,24,8,44.2,"[27.3, 28.8, 30.2, 31.8, 33.1, 36.6, 38.4, 44.2]","['INSIDE', 'INSIDE', 'INSIDE', 'INSIDE', 'INSIDE', 'INSIDE', 'INSIDE', 'INSIDE']","[[0.5, 2.48, 0.05], [0.77, 1.57, 1.28], [0.32, 1.7, 0.03], [0.34, 1.62, 0.57], [0.08, 1.51, 0.01], [0.28, 2.05, 0.02], [0.45, 0.44, 0.32], [0.23, 0.51, 0.39]]","[538, 536, 527, 539, 537, 542, 546, 545]",37.6
1133,1790252350386803839,307200,98593,20,7,45.6,"[27.4, 28.5, 30.3, 31.8, 35.1, 36.7, 45.6]","['INSIDE', 'INSIDE', 'INSIDE', 'INSIDE', 'INSIDE', 'INSIDE', 'INSIDE']","[[0.52, 2.01, 0.06], [1.56, 1.34, 1.01], [0.32, 2.76, 0.04], [0.11, 1.33, 0.01], [0.54, 1.09, 0.33], [0.27, 1.8, 0.02], [0.16, 1.6, 0.01]]","[538, 536, 527, 539, 544, 542, 548]",39.4
1134,1790252350489718168,307200,105064,28,10,45.7,"[26.0, 27.5, 28.6, 30.2, 32.0, 34.9, 35.2, 36.7, 44.2, 45.7]","['INSIDE', 'INSIDE', 'INSIDE', 'INSIDE', 'INSIDE', 'INSIDE', 'INSIDE', 'INSIDE', 'INSIDE', 'INSIDE']","[[0.74, 2.67, 0.09], [0.61, 1.73, 0.07], [0.81, 1.64, 0.78], [0.1, 2.22, 0.01], [0.4, 1.97, 0.56], [1.02, 1.45, 0.35], [0.27, 1.8, 0.02], [3.65, 0.44, 1.51], [0.34, 0.82, 0.4], [0.25, 1.28, 0.02]]","[533, 538, 536, 527, 539, 544, 542, 543, 545, 548]",40.9
1135,1790252350592552706,307200,105235,30,9,45.6,"[25.9, 28.2, 28.8, 32.3, 33.7, 34.2, 35.2, 44.1, 45.6]","['INSIDE', 'NEAR', 'INSIDE', 'INSIDE', 'OUTSIDE', 'INSIDE', 'INSIDE', 'INSIDE', 'INSIDE']","[[0.5, 2.18, 0.06], [0.61, 0.36, 0.72], [0.14, 1.41, 0.01], [0.7, 2.3, 0.61], [0.35, 1.53, 0.03], [0.69, 0.44, 0.6], [0.24, 1.72, 0.02], [0.56, 0.97, 0.41], [0.06, 1.43, 0.0]]","[533, 536, 538, 539, 537, 544, 542, 545, 548]",49.6
1136,1790252350703060410,307200,105413,31,9,45.8,"[24.2, 27.3, 27.3, 29.1, 30.8, 32.2, 35.3, 41.4, 45.8]","['INSIDE', 'INSIDE', 'NEAR', 'INSIDE', 'INSIDE', 'INSIDE', 'INSIDE', 'OUTSIDE', 'INSIDE']","[[0.14, 2.13, 0.03], [0.13, 2.39, 0.02], [0.7, 0.16, 0.65], [0.47, 1.97, 0.79], [0.31, 2.07, 0.25], [0.43, 2.16, 1.15], [0.29, 1.72, 0.02], [0.6, 1.91, 0.05], [0.26, 1.76, 0.02]]","[518, 533, 536, 538, 527, 539, 542, 545, 548]",48.7
1137,1790252350793381991,307200,105566,29,6,44.3,"[26.1, 32.3, 35.4, 38.2, 41.2, 44.3]","['INSIDE', 'INSIDE', 'INSIDE', 'INSIDE', 'NEAR', 'INSIDE']","[[1.12, 2.78, 1.11], [0.29, 2.03, 0.03], [0.53, 1.8, 0.6], [0.55, 0.61, 0.37], [0.19, 1.3, 0.01], [0.37, 1.23, 0.02]]","[531, 539, 542, 546, 545, 548]",48.8
1138,1790252350891787828,307200,105560,32,9,39.8,"[21.2, 29.5, 30.7, 32.3, 33.6, 35.4, 36.7, 38.3, 39.8]","['INSIDE', 'INSIDE', 'INSIDE', 'INSIDE', 'OUTSIDE', 'INSIDE', 'OUTSIDE', 'INSIDE', 'INSIDE']","[[0.28, 2.13, 0.03], [0.63, 2.3, 0.78], [0.07, 1.83, 0.01], [0.25, 1.8, 0.02], [0.13, 1.05, 0.01], [0.36, 2.22, 0.03], [0.14, 1.29, 0.01], [0.4, 0.75, 0.36], [0.28, 1.25, 0.02]]","[518, 538, 527, 539, 537, 542, 546, 549, 545]",44.0
1139,1790252350991978695,307200,105518,43,10,41.2,"[28.0, 29.3, 31.0, 32.4, 33.8, 35.4, 36.5, 38.3, 39.8, 41.2]","['NEAR', 'INSIDE', 'INSIDE', 'INSIDE', 'INSIDE', 'INSIDE', 'OUTSIDE', 'INSIDE', 'INSIDE', 'OUTSIDE']","[[1.13, 0.6, 0.99], [0.42, 2.96, 0.53], [0.37, 0.86, 0.26], [0.43, 2.16, 0.04], [0.61, 1.04, 0.33], [0.31, 2.23, 0.03], [0.32, 1.26, 0.02], [0.64, 1.14, 0.37], [0.08, 1.67, 0.01], [0.06, 1.44, 0.0]]","[536, 538, 539, 537, 544, 542, 546, 549, 545, 548]",46.2
1140,1790252351087957383,307200,105610,37,8,41.4,"[28.1, 29.2, 32.5, 34.0, 35.4, 37.5, 39.9, 41.4]","['INSIDE', 'INSIDE', 'INSIDE', 'NEAR', 'INSIDE', 'NEAR', 'INSIDE', 'NEAR']","[[0.79, 2.62, 0.51], [0.83, 2.79, 0.82], [0.58, 2.5, 0.05], [0.21, 0.35, 0.3], [0.32, 2.21, 0.3], [0.57, 0.32, 1.56], [0.29, 2.37, 0.02], [0.25, 1.46, 0.02]]","[533, 538, 537, 544, 542, 549, 545, 548]",47.7
1141,1790252351188886645,307200,105809,41,11,40.6,"[24.9, 27.7, 29.3, 30.5, 31.1, 32.4, 36.9, 37.5, 38.5, 39.9, 40.6]","['NEAR', 'OUTSIDE', 'INSIDE', 'NEAR', 'INSIDE', 'INSIDE', 'INSIDE', 'INSIDE', 'INSIDE', 'INSIDE', 'NEAR']","[[0.12, 1.13, 0.01], [1.45, 0.36, 0.82], [0.59, 2.82, 1.05], [0.53, 1.36, 0.05], [0.73, 0.95, 0.29], [0.26, 2.38, 0.02], [0.33, 2.06, 0.03], [0.34, 1.07, 0.02], [3.55, 0.75, 1.92], [0.19, 1.26, 0.01], [1.8, 0.37, 1.99]]","[531, 536, 538, 527, 539, 537, 546, 545, 549, 548, 550]",48.5
1142,1790252351295918016,307200,105919,52,15,79.9,"[26.0, 27.7, 28.0, 28.8, 31.4, 32.5, 34.0, 35.0, 35.4, 36.6, 36.8, 37.0, 39.4, 40.0, 79.9]","['OUTSIDE', 'INSIDE', 'INSIDE', 'OUTSIDE', 'INSIDE', 'INSIDE', 'INSIDE', 'INSIDE', 'NEAR', 'RAIL', 'NEAR', 'NEAR', 'INSIDE', 'NEAR', 'INSIDE']","[[0.66, 0.7, 0.51], [0.19, 1.55, 0.02], [0.5, 1.02, 0.51], [0.69, 0.21, 0.55], [1.62, 1.89, 1.34], [0.28, 2.39, 0.03], [0.54, 1.05, 0.33], [0.12, 1.73, 0.01], [1.53, 0.36, 1.48], [0.18, 0.08, 0.4], [0.11, 1.28, 0.01], [1.6, 0.68, 1.85], [0.27, 2.38, 0.02], [3.01, 0.41, 2.62], [1.72, 1.42, 2.68]]","[531, 533, 536, 538, 539, 537, 544, 542, 543, 547, 546, 549, 548, 550, 555]",49.0
1143,1790252351392371076,307200,106079,46,10,43.0,"[25.9, 27.7, 28.0, 30.9, 32.6, 34.0, 35.5, 38.4, 40.0, 43.0]","['NEAR', 'INSIDE', 'NEAR', 'INSIDE', 'INSIDE', 'OUTSIDE', 'INSIDE', 'INSIDE', 'INSIDE', 'INSIDE']","[[1.63, 1.19, 1.38], [0.37, 1.73, 0.51], [0.45, 0.94, 0.49], [0.61, 1.46, 0.55], [0.54, 2.29, 0.05], [0.45, 0.91, 0.58], [0.31, 2.61, 0.03], [0.73, 1.86, 0.05], [0.29, 2.11, 0.02], [0.32, 1.09, 0.39]]","[531, 533, 536, 539, 537, 542, 544, 545, 548, 552]",46.4
1144,1790252351490621721,307200,106179,45,13,79.8,"[26.8, 27.8, 28.5, 29.6, 30.7, 32.5, 33.7, 33.8, 35.6, 38.6, 40.0, 40.7, 79.8]","['INSIDE', 'INSIDE', 'OUTSIDE', 'INSIDE', 'NEAR', 'INSIDE', 'RAIL', 'NEAR', 'INSIDE', 'INSIDE', 'INSIDE', 'NEAR', 'INSIDE']","[[0.69, 2.23, 0.52], [0.28, 1.93, 0.03], [1.23, 0.53, 1.22], [0.31, 2.48, 0.03], [0.9, 1.2, 0.56], [0.1, 2.49, 0.01], [0.25, 0.1, 0.44], [0.39, 1.4, 0.03], [0.27, 1.61, 0.02], [0.37, 1.56, 0.36], [0.05, 1.95, 0.0], [2.48, 0.36, 2.02], [6.38, 2.02, 2.86]]","[536, 533, 538, 539, 527, 537, 542, 544, 546, 545, 548, 550, 555]",41.5
1145,1790252351594600658,307200,106319,47,14,83.5,"[26.6, 27.7, 29.6, 30.1, 30.7, 31.1, 32.7, 34.0, 36.6, 38.5, 40.1, 43.2, 81.1, 83.5]","['INSIDE', 'NEAR', 'INSIDE', 'OUTSIDE', 'OUTSIDE', 'NEAR', 'INSIDE', 'INSIDE', 'INSIDE', 'INSIDE', 'NEAR', 'INSIDE', 'INSIDE', 'INSIDE']","[[0.99, 2.75, 0.76], [0.62, 1.06, 0.51], [0.35, 2.8, 0.04], [0.71, 0.3, 1.34], [0.47, 0.88, 0.57], [0.54, 1.05, 0.53], [0.56, 2.87, 0.05], [0.74, 0.95, 0.28], [0.06, 1.75, 0.0], [0.24, 2.25, 0.02], [11.76, 0.65, 2.86], [0.24, 0.9, 0.01], [2.94, 0.59, 2.68], [0.09, 1.46, 0.0]]","[536, 533, 539, 538, 527, 537, 544, 546, 545, 548, 549, 552, 555, 557]",39.9
1146,1790252351687195060,307200,106257,50,14,82.4,"[27.6, 28.1, 29.6, 31.1, 32.6, 34.1, 35.6, 37.3, 40.0, 40.2, 43.0, 45.7, 80.7, 82.4]","['NEAR', 'NEAR', 'INSIDE', 'INSIDE', 'INSIDE', 'INSIDE', 'INSIDE', 'OUTSIDE', 'INSIDE', 'OUTSIDE', 'INSIDE', 'NEAR', 'INSIDE', 'INSIDE']","[[0.56, 0.88, 0.29], [0.83, 1.13, 0.53], [0.15, 2.8, 0.02], [0.91, 2.03, 0.56], [0.24, 2.39, 0.03], [0.47, 1.78, 0.03], [0.27, 2.25, 0.02], [0.35, 0.39, 0.65], [0.06, 1.82, 0.01], [1.38, 0.35, 1.6], [0.71, 1.39, 0.4], [0.35, 0.33, 1.62], [0.17, 0.84, 0.01], [0.71, 1.88, 1.28]]","[536, 533, 539, 537, 544, 546, 549, 545, 548, 550, 552, 558, 556, 555]",55.3
1147,1790252351790712205,307200,106279,44,14,81.6,"[26.5, 27.9, 32.6, 34.1, 35.7, 37.2, 37.8, 38.7, 40.2, 43.2, 44.7, 78.1, 81.6, 81.6]","['INSIDE', 'INSIDE', 'INSIDE', 'INSIDE', 'INSIDE', 'OUTSIDE', 'INSIDE', 'OUTSIDE', 'INSIDE', 'INSIDE', 'INSIDE', 'INSIDE', 'INSIDE', 'OUTSIDE']","[[1.23, 2.23, 0.51], [0.38, 2.04, 0.51], [0.19, 2.85, 0.02], [0.68, 1.65, 0.31], [0.21, 2.62, 0.02], [0.39, 0.74, 0.62], [0.27, 1.75, 0.02], [3.78, 0.37, 1.6], [0.21, 1.69, 0.02], [0.17, 0.9, 0.01], [0.25, 2.5, 0.02], [2.97, 1.1, 2.75], [1.08, 1.28, 0.4], [1.74, 0.17, 0.53]]","[536, 533, 544, 546, 549, 547, 545, 550, 548, 552, 564, 556, 555, 557]",40.6
1148,1790252351894238083,307200,106411,42,14,80.4,"[26.5, 28.1, 28.2, 29.7, 31.1, 32.5, 34.2, 35.7, 35.8, 38.8, 43.3, 44.7, 76.2, 80.4]","['INSIDE', 'NEAR', 'INSIDE', 'INSIDE', 'INSIDE', 'INSIDE', 'INSIDE', 'INSIDE', 'OUTSIDE', 'INSIDE', 'INSIDE', 'INSIDE', 'INSIDE', 'INSIDE']","[[0.75, 2.2, 1.43], [1.22, 1.37, 1.3], [0.6, 2.28, 0.97], [0.29, 2.91, 0.03], [1.09, 2.35, 0.58], [0.15, 1.93, 0.01], [0.13, 1.31, 0.01], [0.24, 2.75, 0.02], [4.45, 0.38, 1.89], [0.29, 2.39, 0.35], [0.18, 0.9, 0.01], [0.16, 2.97, 0.01], [1.98, 0.92, 2.7], [0.54, 0.96, 0.38]]","[536, 539, 533, 527, 537, 544, 546, 549, 543, 545, 552, 564, 556, 555]",61.1
1149,1790252351997108680,307200,106753,37,12,82.2,"[28.3, 29.7, 35.5, 38.7, 40.2, 43.5, 44.7, 75.0, 76.2, 78.7, 81.3, 82.2]","['INSIDE', 'INSIDE', 'INSIDE', 'INSIDE', 'NEAR', 'RAIL', 'INSIDE', 'INSIDE', 'INSIDE', 'INSIDE', 'INSIDE', 'INSIDE']","[[0.49, 1.7, 0.77], [0.11, 2.59, 0.01], [0.26, 1.86, 0.02], [0.07, 2.7, 0.01], [0.09, 0.84, 0.01], [0.77, 0.14, 0.48], [0.23, 1.71, 0.01], [2.49, 2.62, 2.7], [6.04, 2.55, 2.3], [0.99, 1.35, 1.25], [3.04, 2.88, 2.69], [3.21, 2.2, 2.04]]","[539, 527, 549, 545, 548, 551, 564, 556, 553, 562, 555, 557]",46.4
1150,1790252352092304057,307200,106234,34,13,94.5,"[28.0, 28.3, 29.5, 31.3, 32.9, 35.7, 38.9, 39.6, 40.2, 44.9, 45.8, 89.0, 94.5]","['NEAR', 'INSIDE', 'INSIDE', 'INSIDE', 'INSIDE', 'INSIDE', 'INSIDE', 'RAIL', 'NEAR', 'INSIDE', 'RAIL', 'INSIDE', 'INSIDE']","[[0.3, 0.57, 0.51], [0.6, 2.04, 0.51], [0.53, 2.17, 0.3], [0.26, 2.19, 0.29], [0.6, 2.14, 0.57], [0.09, 2.37, 0.01], [0.34, 2.85, 0.69], [0.33, 0.21, 0.35], [0.21, 0.83, 0.01], [0.38, 2.2, 0.02], [0.74, 0.17, 0.5], [1.55, 1.94, 0.23], [0.79, 1.64, 0.39]]","[533, 539, 527, 537, 544, 549, 545, 548, 547, 564, 551, 563, 567]",44.5
1151,1790252352185463595,307200,106404,39,16,100.3,"[28.2, 29.6, 31.4, 32.6, 34.3, 38.9, 40.3, 43.4, 44.9, 81.9, 85.2, 89.5, 90.1, 92.0, 94.1, 100.3]","['INSIDE', 'INSIDE', 'INSIDE', 'INSIDE', 'INSIDE', 'INSIDE', 'INSIDE', 'INSIDE', 'INSIDE', 'INSIDE', 'NEAR', 'OUTSIDE', 'NEAR', 'INSIDE', 'INSIDE', 'INSIDE']","[[1.23, 2.06, 1.25], [0.3, 2.02, 0.51], [0.9, 2.58, 0.59], [0.59, 1.32, 0.56], [0.57, 1.78, 0.31], [0.31, 2.58, 0.02], [0.05, 1.41, 0.0], [0.3, 1.36, 0.02], [0.25, 2.67, 0.02], [2.21, 1.91, 2.53], [0.04, 0.89, 0.0], [1.28, 0.46, 1.78], [0.63, 1.02, 0.2], [1.53, 2.45, 0.66], [1.31, 1.91, 0.82], [0.06, 2.27, 0.0]]","[539, 527, 537, 544, 546, 545, 547, 552, 564, 555, 573, 570, 563, 565, 567, 572]",45.5
1152,1790252352294960190,307200,106756,40,21,99.5,"[23.9, 28.2, 29.8, 34.5, 35.7, 43.5, 43.6, 44.8, 45.0, 45.3, 77.3, 77.3, 77.8, 80.5, 82.1, 83.8, 85.3, 88.6, 94.3, 97.1, 99.5]","['INSIDE', 'INSIDE', 'INSIDE', 'INSIDE', 'INSIDE', 'INSIDE', 'RAIL', 'INSIDE', 'RAIL', 'RAIL', 'INSIDE', 'INSIDE', 'INSIDE', 'INSIDE', 'INSIDE', 'INSIDE', 'INSIDE', 'INSIDE', 'OUTSIDE', 'OUTSIDE', 'INSIDE']","[[0.81, 2.79, 1.41], [1.27, 2.19, 0.8], [0.88, 2.41, 0.55], [0.33, 2.4, 0.29], [0.26, 1.36, 0.02], [0.32, 2.58, 0.02], [1.25, 0.17, 0.48], [0.18, 1.87, 0.01], [0.21, 0.23, 0.9], [0.34, 0.15, 0.4], [0.08, 2.17, 0.0], [1.95, 2.97, 2.4], [8.1, 2.5, 2.84], [2.19, 1.74, 1.25], [0.66, 3.1, 0.19], [0.01, 0.59, 0.0], [0.06, 2.08, 0.0], [7.09, 2.83, 2.61], [0.19, 0.47, 0.21], [1.29, 0.16, 1.11], [1.52, 2.79, 0.22]]","[531, 539, 527, 546, 549, 552, 551, 564, 560, 558, 553, 562, 556, 555, 557, 573, 559, 570, 567, 566, 572]",43.0
1153,1790252352391983286,307200,107176,39,19,98.8,"[23.9, 28.7, 29.7, 34.4, 36.3, 37.6, 39.0, 43.5, 73.3, 75.6, 79.5, 80.0, 82.3, 83.6, 86.6, 89.4, 91.0, 98.5, 98.8]","['OUTSIDE', 'INSIDE', 'OUTSIDE', 'INSIDE', 'NEAR', 'NEAR', 'INSIDE', 'INSIDE', 'INSIDE', 'INSIDE', 'INSIDE', 'NEAR', 'INSIDE', 'OUTSIDE', 'INSIDE', 'INSIDE', 'INSIDE', 'OUTSIDE', 'INSIDE']","[[0.29, 0.13, 0.41], [0.9, 2.82, 0.77], [1.1, 0.21, 0.71], [0.71, 2.85, 0.35], [0.85, 1.08, 0.62], [0.15, 1.05, 0.01], [0.36, 2.73, 0.03], [0.29, 2.94, 0.38], [0.45, 2.32, 0.47], [3.45, 2.93, 2.19], [2.92, 2.55, 2.14], [1.37, 0.62, 0.5], [0.13, 2.29, 0.56], [1.32, 0.51, 1.72], [3.81, 2.66, 2.45], [1.23, 1.96, 1.6], [1.06, 3.15, 0.23], [0.75, 0.17, 1.28], [0.06, 1.9, 0.0]]","[531, 539, 527, 546, 549, 545, 547, 552, 556, 562, 555, 553, 557, 571, 569, 570, 565, 566, 572]",37.1
1154,1790252352487170081,307200,108269,34,15,101.0,"[28.5, 34.5, 37.5, 39.1, 40.0, 43.4, 44.3, 44.9, 80.9, 81.6, 82.9, 85.3, 91.3, 98.9, 101.0]","['INSIDE', 'INSIDE', 'OUTSIDE', 'INSIDE', 'RAIL', 'INSIDE', 'RAIL', 'INSIDE', 'INSIDE', 'RAIL', 'INSIDE', 'OUTSIDE', 'INSIDE', 'INSIDE', 'NEAR']","[[0.49, 2.07, 0.04], [0.49, 2.5, 0.33], [0.49, 0.72, 0.36], [0.34, 2.73, 0.02], [0.48, 0.14, 0.24], [0.27, 2.88, 0.01], [0.58, 0.14, 0.69], [0.05, 1.72, 0.0], [0.53, 1.73, 0.94], [1.06, 0.15, 1.12], [2.11, 3.9, 1.67], [1.67, 0.78, 2.66], [0.49, 2.46, 0.81], [0.13, 3.43, 0.19], [1.32, 0.83, 1.55]]","[539, 546, 545, 547, 548, 552, 560, 564, 555, 557, 569, 571, 565, 572, 577]",45.4
1155,1790252352595775124,307200,98903,27,12,99.8,"[29.5, 43.5, 43.5, 44.8, 45.7, 81.5, 82.3, 84.9, 91.5, 94.6, 95.9, 99.8]","['NEAR', 'INSIDE', 'RAIL', 'INSIDE', 'OUTSIDE', 'INSIDE', 'NEAR', 'INSIDE', 'INSIDE', 'INSIDE', 'OUTSIDE', 'INSIDE']","[[0.95, 0.68, 0.79], [0.15, 2.88, 0.01], [0.72, 0.22, 0.86], [0.29, 1.72, 0.02], [2.86, 0.23, 2.25], [0.58, 2.82, 0.19], [4.78, 0.89, 2.58], [4.12, 3.46, 2.66], [0.1, 1.92, 0.0], [0.53, 1.14, 0.2], [0.49, 0.18, 1.26], [4.8, 3.89, 1.73]]","[527, 552, 551, 564, 560, 569, 557, 571, 565, 567, 566, 572]",47.9
1156,1790252352697202739,307200,103354,36,17,100.5,"[24.2, 25.7, 30.0, 30.6, 32.7, 37.5, 45.2, 78.1, 79.6, 82.5, 85.4, 88.7, 90.7, 92.5, 94.4, 100.3, 100.5]","['INSIDE', 'INSIDE', 'INSIDE', 'OUTSIDE', 'OUTSIDE', 'NEAR', 'OUTSIDE', 'INSIDE', 'INSIDE', 'INSIDE', 'INSIDE', 'OUTSIDE', 'INSIDE', 'OUTSIDE', 'RAIL', 'NEAR', 'NEAR']","[[0.4, 1.41, 0.8], [0.39, 1.83, 0.18], [0.1, 0.95, 0.01], [1.21, 0.25, 1.02], [0.95, 0.23, 0.31], [0.3, 1.43, 0.02], [0.63, 0.21, 1.22], [0.19, 1.26, 0.52], [0.13, 2.07, 0.36], [4.72, 4.26, 2.74], [0.15, 2.45, 0.21], [0.07, 1.08, 0.0], [1.53, 3.45, 0.22], [0.08, 0.36, 0.38], [0.06, 0.22, 0.14], [0.06, 1.23, 0.0], [0.88, 0.18, 0.63]]","[531, 536, 527, 544, 537, 545, 560, 553, 555, 569, 559, 570, 565, 594, 566, 572, 577]",42.8
1157,1790252352797555116,307200,103715,34,17,173.6,"[23.9, 24.8, 28.5, 39.1, 42.9, 43.6, 45.0, 45.4, 48.2, 82.6, 85.7, 87.1, 91.5, 91.6, 92.9, 101.5, 173.6]","['INSIDE', 'INSIDE', 'INSIDE', 'INSIDE', 'INSIDE', 'INSIDE', 'OUTSIDE', 'OUTSIDE', 'RAIL', 'INSIDE', 'INSIDE', 'INSIDE', 'OUTSIDE', 'INSIDE', 'RAIL', 'INSIDE', 'OUTSIDE']","[[0.34, 0.9, 0.04], [1.65, 2.32, 1.37], [0.85, 2.96, 0.53], [0.05, 2.73, 0.0], [0.1, 2.74, 0.01], [0.15, 1.68, 0.4], [4.45, 0.25, 2.45], [0.98, 0.23, 0.63], [0.42, 0.12, 0.53], [3.44, 4.12, 2.54], [1.84, 3.87, 0.96], [0.12, 2.65, 0.21], [1.05, 0.5, 0.2], [0.16, 3.51, 0.0], [0.08, 0.21, 0.14], [1.47, 0.86, 0.65], [0.29, 1.25, 0.36]]","[531, 536, 539, 547, 552, 564, 551, 560, 558, 569, 559, 578, 594, 565, 566, 577, 580]",47.9
1158,1790252352895429136,307200,104258,34,15,172.1,"[24.9, 41.0, 44.3, 48.7, 49.6, 77.3, 81.2, 83.4, 85.6, 90.1, 91.6, 96.1, 100.4, 101.7, 172.1]","['INSIDE', 'OUTSIDE', 'OUTSIDE', 'RAIL', 'OUTSIDE', 'NEAR', 'INSIDE', 'NEAR', 'INSIDE', 'NEAR', 'INSIDE', 'INSIDE', 'INSIDE', 'INSIDE', 'OUTSIDE']","[[1.52, 1.64, 1.0], [3.81, 0.27, 2.49], [2.36, 0.22, 2.51], [0.43, 0.09, 0.29], [0.28, 0.18, 0.89], [2.04, 0.14, 0.75], [1.75, 3.8, 0.92], [2.09, 0.21, 1.68], [0.05, 3.44, 0.0], [0.04, 1.26, 0.0], [0.28, 3.89, 0.39], [3.1, 3.0, 1.73], [3.09, 1.13, 2.38], [3.23, 3.13, 1.8], [0.32, 1.24, 0.36]]","[536, 548, 560, 558, 564, 553, 569, 557, 559, 570, 565, 589, 577, 572, 580]",47.8
1159,1790252352987209591,307200,104151,30,13,100.3,"[24.3, 25.2, 37.9, 38.2, 41.0, 44.1, 49.5, 74.1, 84.3, 88.7, 90.2, 96.8, 100.3]","['OUTSIDE', 'INSIDE', 'INSIDE', 'OUTSIDE', 'OUTSIDE', 'OUTSIDE', 'OUTSIDE', 'INSIDE', 'INSIDE', 'OUTSIDE', 'INSIDE', 'INSIDE', 'INSIDE']","[[0.34, 0.2, 0.83], [0.95, 1.44, 0.68], [0.14, 1.85, 0.01], [0.85, 0.23, 1.59], [4.46, 0.24, 2.45], [0.62, 0.19, 0.68], [0.93, 0.22, 1.09], [1.0, 1.32, 0.45], [6.54, 3.99, 2.67], [1.06, 0.68, 0.18], [0.2, 3.83, 0.38], [0.56, 2.83, 0.9], [7.35, 3.65, 1.91]]","[536, 531, 545, 549, 548, 560, 564, 556, 571, 570, 565, 572, 589]",51.2
1160,1790252353102594180,307200,103846,29,19,179.3,"[30.1, 30.4, 37.9, 38.9, 42.7, 43.1, 43.6, 49.7, 82.7, 87.1, 87.2, 88.8, 90.2, 97.5, 99.1, 102.1, 113.1, 170.3, 179.3]","['OUTSIDE', 'NEAR', 'NEAR', 'INSIDE', 'RAIL', 'INSIDE', 'OUTSIDE', 'RAIL', 'INSIDE', 'INSIDE', 'RAIL', 'NEAR', 'INSIDE', 'OUTSIDE', 'INSIDE', 'INSIDE', 'INSIDE', 'OUTSIDE', 'RAIL']","[[0.42, 0.14, 0.76], [0.36, 0.55, 0.5], [0.13, 1.19, 0.01], [0.51, 2.76, 0.37], [0.44, 0.19, 0.94], [0.34, 2.58, 0.02], [3.67, 0.23, 2.04], [0.27, 0.19, 0.55], [6.15, 4.11, 2.75], [0.05, 1.06, 0.0], [0.94, 0.43, 0.95], [0.51, 0.22, 2.18], [0.13, 3.46, 0.0], [0.92, 0.52, 0.61], [2.85, 3.95, 1.7], [0.05, 1.07, 0.0], [0.69, 0.61, 0.25], [2.46, 0.32, 0.48], [0.06, 0.1, 0.27]]","[544, 527, 545, 547, 552, 551, 560, 564, 571, 578, 570, 583, 565, 572, 589, 599, 579, 580, 586]",49.9
1161,1790252353187922090,307200,104353,21,13,112.9,"[25.8, 43.8, 43.9, 53.1, 78.4, 79.6, 81.3, 82.5, 85.3, 86.6, 90.7, 96.1, 112.9]","['INSIDE', 'OUTSIDE', 'OUTSIDE', 'NEAR', 'INSIDE', 'RAIL', 'INSIDE', 'NEAR', 'OUTSIDE', 'INSIDE', 'INSIDE', 'INSIDE', 'INSIDE']","[[0.04, 1.35, 0.01], [0.2, 1.08, 0.01], [3.91, 0.23, 2.09], [6.17, 0.66, 3.02], [0.96, 1.94, 0.53], [1.04, 0.16, 1.09], [0.11, 3.69, 0.0], [1.73, 0.2, 1.07], [0.05, 0.33, 0.4], [1.84, 3.78, 2.72], [1.4, 3.87, 1.6], [6.96, 2.6, 1.82], [1.99, 1.65, 0.68]]","[531, 551, 560, 564, 555, 553, 569, 557, 570, 559, 565, 589, 579]",52.8
1162,1790252353286729139,307200,105178,27,18,176.1,"[44.0, 45.1, 48.8, 73.7, 80.0, 81.9, 82.7, 83.5, 84.3, 85.8, 89.8, 90.3, 94.2, 95.9, 98.7, 105.5, 111.0, 176.1]","['INSIDE', 'OUTSIDE', 'RAIL', 'INSIDE', 'INSIDE', 'INSIDE', 'RAIL', 'INSIDE', 'INSIDE', 'INSIDE', 'INSIDE', 'INSIDE', 'INSIDE', 'INSIDE', 'OUTSIDE', 'INSIDE', 'INSIDE', 'OUTSIDE']","[[0.16, 1.85, 0.01], [5.02, 0.27, 2.5], [0.35, 0.19, 0.76], [0.07, 2.57, 0.0], [0.08, 2.37, 0.0], [0.07, 0.43, 0.0], [1.24, 0.58, 1.15], [3.15, 3.63, 2.38], [0.11, 2.14, 0.21], [0.39, 3.89, 2.68], [0.08, 2.68, 0.0], [4.98, 2.51, 1.84], [1.34, 0.98, 2.27], [2.16, 4.11, 1.69], [1.22, 0.53, 1.08], [0.08, 1.29, 0.0], [1.11, 1.56, 0.47], [0.42, 0.3, 0.5]]","[551, 560, 582, 556, 569, 557, 570, 571, 559, 578, 565, 583, 567, 589, 572, 600, 579, 586]",48.3
1163,1790252353388470260,307200,101780,28,17,173.1,"[26.0, 41.4, 42.2, 49.4, 68.4, 80.5, 80.9, 82.8, 84.4, 84.7, 88.8, 90.1, 96.4, 97.7, 102.4, 104.0, 173.1]","['INSIDE', 'NEAR', 'OUTSIDE', 'NEAR', 'NEAR', 'NEAR', 'INSIDE', 'RAIL', 'INSIDE', 'INSIDE', 'OUTSIDE', 'INSIDE', 'INSIDE', 'OUTSIDE', 'OUTSIDE', 'INSIDE', 'OUTSIDE']","[[0.11, 1.18, 0.01], [0.59, 0.27, 0.76], [2.09, 0.25, 1.5], [1.06, 0.12, 1.07], [1.41, 0.32, 2.28], [3.03, 0.28, 2.14], [2.69, 3.98, 0.53], [0.95, 0.26, 0.9], [1.04, 3.53, 0.39], [0.46, 0.19, 1.49], [0.05, 1.24, 0.0], [8.8, 3.56, 2.46], [0.29, 1.54, 0.19], [0.2, 0.34, 0.39], [0.72, 0.25, 1.12], [0.06, 0.91, 0.0], [7.69, 1.43, 1.1]]","[531, 548, 560, 582, 554, 553, 569, 570, 559, 578, 565, 583, 589, 572, 599, 600, 580]",44.9
1164,1790252353487173323,307200,102761,28,15,103.8,"[41.8, 45.2, 49.4, 80.5, 81.0, 82.2, 84.3, 86.6, 88.9, 91.2, 94.9, 99.3, 100.8, 103.6, 103.8]","['NEAR', 'NEAR', 'NEAR', 'RAIL', 'INSIDE', 'NEAR', 'INSIDE', 'INSIDE', 'NEAR', 'INSIDE', 'INSIDE', 'OUTSIDE', 'INSIDE', 'OUTSIDE', 'INSIDE']","[[2.41, 0.24, 1.69], [0.19, 1.47, 0.4], [1.11, 0.22, 1.55], [0.32, 0.64, 1.11], [1.64, 3.7, 0.35], [4.6, 0.32, 2.48], [0.32, 3.84, 1.15], [2.1, 2.9, 1.73], [0.13, 1.24, 0.0], [3.58, 3.8, 2.01], [0.22, 1.79, 0.19], [0.1, 1.76, 0.45], [0.05, 0.7, 0.0], [0.29, 0.37, 0.65], [0.6, 1.77, 0.85]]","[560, 551, 582, 570, 571, 553, 559, 578, 565, 585, 589, 603, 577, 599, 600]",44.7
1165,1790252353587408736,307200,102955,31,21,149.0,"[25.6, 41.3, 45.3, 47.5, 48.4, 49.4, 78.1, 79.5, 80.6, 81.0, 83.0, 85.5, 89.4, 92.4, 95.0, 97.3, 98.6, 102.1, 104.1, 112.1, 149.0]","['OUTSIDE', 'NEAR', 'NEAR', 'RAIL', 'NEAR', 'RAIL', 'RAIL', 'INSIDE', 'INSIDE', 'RAIL', 'INSIDE', 'INSIDE', 'INSIDE', 'OUTSIDE', 'INSIDE', 'OUTSIDE', 'OUTSIDE', 'OUTSIDE', 'INSIDE', 'OUTSIDE', 'INSIDE']","[[1.03, 0.24, 0.88], [0.29, 0.16, 1.1], [0.56, 0.18, 1.71], [0.45, 0.17, 0.42], [0.26, 0.21, 0.86], [0.91, 0.2, 0.77], [0.2, 0.42, 1.09], [2.51, 1.46, 2.42], [1.45, 3.73, 0.2], [0.77, 0.31, 0.56], [0.29, 2.24, 0.2], [2.68, 3.89, 1.71], [4.56, 4.11, 2.37], [2.07, 1.95, 1.02], [0.31, 1.66, 0.19], [2.39, 0.14, 0.39], [1.39, 1.7, 0.29], [0.3, 0.36, 0.64], [0.09, 1.45, 0.0], [1.58, 1.74, 0.49], [10.9, 3.95, 1.3]]","[531, 560, 597, 582, 558, 564, 570, 555, 569, 553, 557, 578, 583, 594, 589, 572, 603, 599, 600, 609, 575]",43.4
1166,1790252353693983531,307200,102874,29,21,147.5,"[31.1, 37.9, 41.8, 44.5, 46.4, 47.9, 48.8, 49.2, 77.5, 79.6, 83.1, 87.5, 89.3, 91.8, 95.0, 97.9, 102.7, 102.7, 106.9, 110.3, 147.5]","['OUTSIDE', 'OUTSIDE', 'NEAR', 'NEAR', 'NEAR', 'NEAR', 'NEAR', 'RAIL', 'RAIL', 'RAIL', 'INSIDE', 'OUTSIDE', 'INSIDE', 'OUTSIDE', 'INSIDE', 'NEAR', 'INSIDE', 'RAIL', 'INSIDE', 'OUTSIDE', 'INSIDE']","[[0.5, 0.23, 0.56], [2.94, 0.24, 2.25], [4.33, 0.25, 1.77], [1.27, 0.18, 0.95], [1.81, 0.21, 2.26], [0.64, 0.21, 0.84], [0.74, 0.2, 1.63], [0.53, 0.23, 0.77], [1.01, 0.55, 1.07], [0.95, 0.32, 0.87], [2.62, 3.98, 1.85], [0.3, 1.53, 0.01], [3.08, 4.14, 2.56], [0.27, 1.76, 0.01], [0.23, 1.52, 0.19], [0.05, 1.37, 0.0], [0.06, 1.08, 0.0], [1.03, 0.06, 0.66], [0.83, 1.93, 0.48], [2.14, 1.84, 0.51], [10.89, 3.94, 0.65]]","[544, 549, 560, 597, 596, 558, 564, 582, 570, 553, 557, 565, 583, 594, 589, 603, 600, 595, 606, 609, 575]",46.9
1167,1790252353788160128,307200,102034,26,20,144.3,"[40.1, 42.5, 44.0, 45.2, 45.5, 46.8, 47.7, 76.6, 78.5, 82.9, 89.4, 95.0, 95.2, 98.7, 99.9, 102.0, 105.5, 107.0, 109.8, 144.3]","['NEAR', 'NEAR', 'NEAR', 'RAIL', 'INSIDE', 'NEAR', 'RAIL', 'RAIL', 'INSIDE', 'INSIDE', 'INSIDE', 'INSIDE', 'OUTSIDE', 'OUTSIDE', 'INSIDE', 'INSIDE', 'OUTSIDE', 'INSIDE', 'OUTSIDE', 'INSIDE']","[[3.5, 0.28, 2.81], [0.57, 0.17, 0.67], [1.58, 0.19, 1.28], [0.72, 0.25, 1.0], [0.06, 2.06, 0.0], [1.28, 0.24, 1.88], [0.36, 0.13, 0.53], [0.22, 0.34, 1.05], [0.58, 0.31, 1.39], [5.82, 4.17, 1.92], [5.51, 4.3, 2.33], [0.03, 1.16, 0.0], [3.37, 0.25, 0.85], [1.51, 1.77, 0.45], [6.31, 0.45, 2.13], [1.15, 1.78, 0.02], [0.06, 1.66, 0.0], [0.54, 2.68, 1.16], [0.36, 1.8, 1.92], [2.43, 3.85, 1.01]]","[548, 560, 597, 596, 551, 558, 582, 570, 555, 557, 583, 589, 572, 603, 577, 600, 605, 606, 609, 575]",48.1
1168,1790252353897364306,307200,104668,34,22,111.0,"[40.4, 43.0, 44.8, 45.0, 45.7, 47.8, 70.9, 80.9, 81.3, 83.1, 85.7, 86.6, 87.4, 91.2, 92.2, 97.8, 99.6, 100.2, 102.6, 105.7, 107.1, 111.0]","['NEAR', 'NEAR', 'RAIL', 'NEAR', 'NEAR', 'RAIL', 'INSIDE', 'RAIL', 'INSIDE', 'OUTSIDE', 'RAIL', 'OUTSIDE', 'INSIDE', 'INSIDE', 'OUTSIDE', 'OUTSIDE', 'OUTSIDE', 'INSIDE', 'INSIDE', 'OUTSIDE', 'INSIDE', 'OUTSIDE']","[[1.92, 0.19, 1.99], [2.88, 0.23, 1.67], [0.73, 0.15, 0.58], [0.17, 0.25, 1.2], [0.82, 0.23, 1.31], [0.99, 0.22, 0.52], [0.61, 2.78, 0.33], [1.04, 0.26, 0.56], [3.38, 4.09, 1.79], [0.13, 1.75, 0.93], [1.97, 0.34, 0.94], [0.72, 1.73, 0.98], [5.51, 4.26, 1.7], [1.2, 1.85, 1.4], [6.66, 0.23, 1.58], [0.4, 0.49, 0.27], [0.39, 1.77, 0.44], [2.82, 0.23, 1.5], [1.66, 1.96, 0.03], [0.43, 1.88, 0.43], [0.44, 2.39, 0.19], [1.92, 2.12, 0.48]]","[548, 602, 552, 597, 596, 564, 556, 557, 569, 571, 578, 565, 559, 585, 594, 603, 599, 577, 600, 605, 606, 609]",42.9
1169,1790252353993445773,307200,104737,30,24,171.9,"[31.1, 32.0, 42.8, 44.0, 45.6, 46.0, 46.1, 49.2, 49.6, 73.7, 75.3, 87.8, 89.1, 91.4, 94.2, 95.6, 98.2, 98.9, 101.0, 102.6, 106.5, 111.1, 140.8, 171.9]","['NEAR', 'INSIDE', 'NEAR', 'NEAR', 'RAIL', 'NEAR', 'NEAR', 'RAIL', 'NEAR', 'RAIL', 'NEAR', 'INSIDE', 'OUTSIDE', 'INSIDE', 'OUTSIDE', 'INSIDE', 'INSIDE', 'INSIDE', 'OUTSIDE', 'INSIDE', 'OUTSIDE', 'INSIDE', 'INSIDE', 'OUTSIDE']","[[0.85, 1.25, 0.31], [0.22, 2.38, 0.29], [0.38, 0.15, 0.87], [1.58, 0.22, 2.09], [0.17, 0.19, 0.6], [0.98, 0.09, 0.24], [1.21, 0.23, 1.32], [0.99, 0.56, 0.22], [0.67, 0.2, 1.09], [1.96, 0.54, 1.01], [1.17, 0.32, 2.01], [0.25, 1.95, 0.57], [0.46, 0.17, 1.17], [1.71, 3.68, 1.41], [1.21, 1.72, 0.41], [1.93, 0.13, 1.23], [0.75, 0.17, 0.48], [1.38, 1.89, 0.03], [0.05, 0.53, 0.0], [0.79, 3.54, 0.19], [2.28, 2.32, 1.86], [1.57, 1.94, 0.02], [10.55, 3.87, 1.01], [3.97, 1.19, 0.01]]","[527, 544, 560, 602, 552, 596, 558, 582, 564, 570, 555, 559, 583, 585, 572, 567, 577, 599, 600, 595, 605, 579, 575, 580]",46.4
1170,1790252354091117293,307200,104805,28,21,158.0,"[38.0, 40.1, 42.5, 42.6, 45.1, 47.1, 81.3, 86.9, 88.4, 92.2, 94.8, 95.5, 97.0, 99.2, 104.4, 105.5, 107.1, 108.6, 111.6, 140.2, 158.0]","['OUTSIDE', 'OUTSIDE', 'RAIL', 'NEAR', 'NEAR', 'NEAR', 'INSIDE', 'OUTSIDE', 'INSIDE', 'INSIDE', 'OUTSIDE', 'OUTSIDE', 'INSIDE', 'INSIDE', 'INSIDE', 'OUTSIDE', 'OUTSIDE', 'NEAR', 'OUTSIDE', 'INSIDE', 'INSIDE']","[[0.31, 0.23, 1.66], [2.79, 0.24, 2.05], [0.4, 0.15, 0.65], [1.49, 0.21, 1.95], [0.61, 0.2, 1.1], [0.34, 0.23, 0.83], [10.32, 4.26, 2.42], [2.0, 0.21, 1.74], [1.31, 1.9, 1.53], [0.31, 2.39, 0.18], [0.45, 1.49, 0.26], [0.99, 1.74, 1.04], [3.76, 0.42, 2.06], [0.95, 1.9, 0.2], [0.09, 1.82, 0.0], [0.27, 0.53, 0.46], [0.07, 1.31, 0.0], [0.04, 1.33, 0.0], [0.58, 0.31, 1.24], [1.82, 3.75, 0.98], [13.52, 3.7, 0.8]]","[549, 548, 552, 560, 597, 558, 569, 578, 559, 585, 572, 603, 567, 599, 595, 605, 606, 609, 579, 575, 608]",52.6
1171,1790252354191787796,307200,105087,28,23,160.3,"[32.6, 35.3, 39.8, 43.3, 44.8, 45.8, 47.7, 49.0, 82.3, 86.3, 86.5, 87.7, 89.2, 90.9, 94.7, 95.9, 99.5, 102.3, 104.2, 106.9, 109.6, 141.4, 160.3]","['OUTSIDE', 'OUTSIDE', 'OUTSIDE', 'OUTSIDE', 'OUTSIDE', 'NEAR', 'NEAR', 'OUTSIDE', 'INSIDE', 'OUTSIDE', 'INSIDE', 'INSIDE', 'INSIDE', 'OUTSIDE', 'OUTSIDE', 'INSIDE', 'INSIDE', 'OUTSIDE', 'INSIDE', 'OUTSIDE', 'OUTSIDE', 'INSIDE', 'INSIDE']","[[0.43, 0.2, 1.36], [3.65, 0.25, 1.84], [4.5, 0.27, 1.97], [1.56, 0.22, 2.1], [0.47, 0.19, 1.57], [0.63, 0.16, 0.2], [0.46, 0.18, 1.37], [1.9, 0.26, 1.75], [3.72, 4.22, 2.38], [2.09, 2.0, 2.48], [0.36, 2.27, 0.2], [2.66, 0.19, 0.67], [0.03, 0.93, 0.0], [0.53, 1.12, 1.78], [1.48, 1.7, 1.05], [5.14, 3.95, 2.21], [0.88, 1.74, 0.02], [0.62, 1.8, 0.43], [0.63, 3.44, 0.43], [0.54, 1.11, 0.01], [1.98, 1.94, 1.92], [3.53, 1.97, 0.03], [5.22, 3.37, 0.8]]","[544, 549, 548, 560, 597, 596, 558, 601, 569, 578, 565, 559, 585, 594, 603, 589, 599, 600, 595, 606, 609, 575, 608]",48.7
1172,1790252354294389325,307200,105278,29,25,162.6,"[39.3, 41.0, 42.8, 43.4, 44.7, 46.1, 48.4, 49.3, 82.6, 86.3, 87.9, 89.7, 91.2, 93.9, 94.4, 98.0, 101.3, 103.0, 103.8, 106.2, 107.1, 108.7, 109.0, 140.0, 162.6]","['OUTSIDE', 'OUTSIDE', 'RAIL', 'OUTSIDE', 'OUTSIDE', 'OUTSIDE', 'RAIL', 'OUTSIDE', 'INSIDE', 'INSIDE', 'OUTSIDE', 'INSIDE', 'INSIDE', 'NEAR', 'OUTSIDE', 'INSIDE', 'INSIDE', 'INSIDE', 'OUTSIDE', 'OUTSIDE', 'INSIDE', 'OUTSIDE', 'INSIDE', 'INSIDE', 'OUTSIDE']","[[2.47, 0.24, 1.64], [1.13, 0.16, 1.61], [0.57, 0.18, 1.03], [2.01, 0.21, 2.1], [1.49, 0.19, 1.59], [0.76, 0.18, 0.73], [0.27, 0.21, 0.87], [1.51, 0.2, 1.74], [7.22, 4.2, 2.55], [0.37, 2.24, 0.19], [1.07, 2.04, 2.14], [3.82, 0.63, 2.32], [1.16, 3.67, 0.4], [1.61, 0.2, 0.64], [1.44, 1.67, 1.03], [0.94, 1.37, 0.02], [0.39, 2.61, 0.18], [0.03, 0.54, 0.0], [2.96, 0.36, 1.55], [1.04, 1.8, 0.94], [0.06, 0.93, 0.0], [0.56, 0.3, 1.21], [0.08, 1.71, 0.0], [8.49, 3.92, 0.62], [1.5, 2.24, 0.47]]","[548, 560, 552, 602, 597, 596, 582, 601, 569, 565, 583, 559, 594, 567, 572, 599, 600, 595, 605, 606, 609, 579, 604, 575, 608]",42.8
1173,1790252354390414746,307200,104911,26,21,161.4,"[42.2, 46.4, 47.6, 49.1, 49.3, 83.2, 86.3, 86.7, 88.0, 90.1, 92.6, 93.3, 93.3, 95.2, 97.2, 97.5, 103.2, 103.9, 107.2, 110.2, 161.4]","['OUTSIDE', 'OUTSIDE', 'NEAR', 'RAIL', 'OUTSIDE', 'OUTSIDE', 'INSIDE', 'OUTSIDE', 'INSIDE', 'INSIDE', 'OUTSIDE', 'INSIDE', 'INSIDE', 'OUTSIDE', 'RAIL', 'INSIDE', 'INSIDE', 'OUTSIDE', 'OUTSIDE', 'INSIDE', 'INSIDE']","[[5.74, 0.23, 2.04], [1.42, 0.23, 1.87], [0.64, 0.16, 0.75], [0.51, 0.25, 0.24], [1.35, 0.24, 1.43], [0.83, 0.31, 1.82], [0.23, 1.33, 0.2], [2.03, 0.28, 0.35], [0.6, 1.81, 0.77], [1.83, 2.98, 0.99], [1.24, 0.21, 1.48], [1.4, 0.2, 0.78], [1.75, 1.31, 0.39], [0.14, 1.69, 0.43], [1.88, 0.09, 0.63], [2.0, 1.67, 0.43], [0.29, 1.44, 0.0], [2.04, 0.15, 0.72], [3.09, 1.88, 1.87], [0.34, 1.54, 0.0], [4.61, 3.85, 1.03]]","[602, 596, 558, 582, 564, 571, 565, 578, 559, 583, 592, 567, 589, 603, 577, 599, 595, 605, 609, 604, 608]",45.2
1174,1790252354491278245,307200,105433,24,16,158.6,"[40.0, 42.4, 45.4, 47.3, 48.7, 72.9, 82.1, 86.3, 92.1, 95.2, 98.5, 101.2, 103.6, 107.3, 111.0, 158.6]","['OUTSIDE', 'OUTSIDE', 'OUTSIDE', 'NEAR', 'NEAR', 'RAIL', 'INSIDE', 'INSIDE', 'INSIDE', 'OUTSIDE', 'INSIDE', 'OUTSIDE', 'INSIDE', 'OUTSIDE', 'OUTSIDE', 'INSIDE']","[[3.57, 0.26, 2.76], [0.41, 0.18, 1.41], [2.49, 0.22, 1.77], [0.13, 0.15, 0.63], [1.36, 0.25, 1.92], [1.36, 0.24, 0.29], [4.19, 4.09, 2.55], [3.61, 2.01, 2.32], [1.68, 2.38, 0.59], [0.06, 1.5, 0.0], [0.07, 1.72, 0.0], [0.11, 1.59, 0.0], [1.87, 3.39, 0.44], [2.68, 1.84, 1.18], [0.42, 0.21, 1.2], [8.05, 3.76, 1.05]]","[548, 602, 597, 558, 601, 570, 569, 565, 594, 603, 599, 600, 595, 609, 579, 608]",47.8
1175,1790252354596600364,307200,105060,34,27,113.2,"[31.3, 31.3, 32.1, 37.6, 39.6, 39.9, 40.8, 41.1, 41.8, 43.9, 47.3, 80.8, 82.2, 83.3, 83.8, 84.9, 86.4, 87.5, 89.5, 90.6, 94.2, 94.3, 101.5, 105.6, 107.0, 108.8, 113.2]","['INSIDE', 'INSIDE', 'OUTSIDE', 'OUTSIDE', 'RAIL', 'OUTSIDE', 'NEAR', 'OUTSIDE', 'OUTSIDE', 'NEAR', 'NEAR', 'INSIDE', 'INSIDE', 'OUTSIDE', 'INSIDE', 'RAIL', 'INSIDE', 'OUTSIDE', 'INSIDE', 'INSIDE', 'OUTSIDE', 'RAIL', 'INSIDE', 'OUTSIDE', 'INSIDE', 'INSIDE', 'OUTSIDE']","[[0.19, 1.1, 0.02], [0.36, 2.29, 0.03], [0.73, 0.22, 0.81], [1.92, 0.24, 2.52], [0.39, 0.21, 0.7], [1.64, 0.17, 1.68], [0.64, 0.25, 0.74], [0.9, 0.18, 1.63], [0.63, 0.17, 0.75], [2.45, 0.27, 2.12], [3.09, 0.27, 1.89], [1.88, 3.65, 2.51], [0.94, 1.01, 1.46], [0.41, 1.5, 0.93], [0.3, 2.2, 0.19], [1.46, 0.2, 0.58], [2.1, 1.98, 0.93], [0.38, 0.44, 0.77], [1.32, 0.08, 0.75], [1.72, 1.73, 0.4], [0.83, 1.85, 1.01], [1.78, 0.09, 0.61], [3.56, 4.13, 1.83], [3.15, 2.36, 1.69], [0.9, 1.72, 0.23], [0.02, 1.33, 0.0], [0.08, 1.18, 0.0]]","[527, 544, 549, 548, 560, 602, 597, 552, 551, 596, 558, 569, 553, 571, 565, 557, 559, 578, 585, 583, 572, 567, 600, 606, 609, 604, 611]",45.2
1176,1790252354686474887,307200,105307,28,26,113.3,"[30.9, 32.0, 34.0, 36.1, 38.5, 40.3, 42.2, 44.4, 45.9, 48.1, 49.4, 80.5, 82.3, 87.1, 89.0, 93.1, 95.6, 96.4, 98.4, 100.7, 101.8, 104.3, 108.3, 109.0, 111.8, 113.3]","['INSIDE', 'INSIDE', 'OUTSIDE', 'OUTSIDE', 'OUTSIDE', 'OUTSIDE', 'NEAR', 'OUTSIDE', 'NEAR', 'RAIL', 'RAIL', 'OUTSIDE', 'RAIL', 'INSIDE', 'INSIDE', 'INSIDE', 'INSIDE', 'OUTSIDE', 'OUTSIDE', 'INSIDE', 'OUTSIDE', 'NEAR', 'OUTSIDE', 'INSIDE', 'OUTSIDE', 'OUTSIDE']","[[1.47, 2.37, 0.9], [1.11, 1.47, 1.13], [1.64, 0.23, 2.35], [1.67, 0.2, 1.82], [2.41, 0.25, 1.92], [0.65, 0.22, 1.14], [2.83, 0.5, 2.83], [0.31, 0.19, 1.36], [1.59, 0.29, 1.6], [0.53, 0.18, 1.06], [0.6, 0.19, 0.22], [6.7, 2.11, 2.47], [1.41, 0.2, 1.13], [5.71, 2.78, 2.46], [2.1, 3.92, 2.01], [1.52, 4.09, 2.06], [0.14, 1.67, 0.0], [1.87, 0.51, 0.42], [0.25, 1.55, 0.01], [1.91, 3.64, 0.43], [2.49, 1.08, 1.64], [0.05, 1.46, 0.0], [0.56, 0.26, 1.64], [0.36, 1.33, 0.01], [0.08, 0.98, 0.0], [0.18, 1.8, 0.45]]","[544, 549, 527, 548, 602, 560, 551, 596, 558, 601, 582, 569, 553, 559, 583, 589, 593, 603, 599, 600, 605, 595, 579, 604, 611, 610]",40.3
1177,1790252354794298320,307200,104911,24,19,113.7,"[35.9, 40.4, 43.9, 46.1, 47.7, 48.1, 49.3, 88.0, 91.4, 92.4, 93.8, 95.1, 95.7, 99.3, 104.3, 106.8, 108.3, 111.8, 113.7]","['OUTSIDE', 'NEAR', 'NEAR', 'NEAR', 'NEAR', 'NEAR', 'NEAR', 'OUTSIDE', 'INSIDE', 'NEAR', 'NEAR', 'RAIL', 'INSIDE', 'INSIDE', 'OUTSIDE', 'OUTSIDE', 'INSIDE', 'OUTSIDE', 'OUTSIDE']","[[4.22, 0.24, 1.83], [3.54, 0.24, 2.04], [2.61, 0.31, 2.12], [0.84, 0.17, 0.41], [0.86, 0.18, 1.05], [0.78, 0.16, 0.54], [1.33, 0.19, 1.65], [0.07, 1.23, 0.0], [1.91, 0.13, 0.78], [0.03, 1.45, 0.0], [0.02, 0.98, 0.0], [0.01, 0.39, 0.14], [0.1, 1.5, 0.0], [4.58, 4.09, 1.95], [0.1, 1.81, 0.24], [0.2, 0.18, 0.72], [1.81, 1.7, 0.03], [0.06, 1.37, 0.0], [1.0, 1.62, 0.45]]","[548, 560, 596, 558, 601, 564, 582, 578, 585, 589, 572, 603, 593, 600, 595, 579, 604, 611, 610]",43.8
1178,1790252354892713110,307200,104525,23,17,112.9,"[42.9, 44.8, 46.5, 48.5, 48.8, 90.1, 91.0, 92.4, 94.2, 97.2, 98.2, 99.9, 102.4, 105.1, 106.5, 110.5, 112.9]","['NEAR', 'NEAR', 'NEAR', 'RAIL', 'NEAR', 'OUTSIDE', 'INSIDE', 'OUTSIDE', 'INSIDE', 'OUTSIDE', 'INSIDE', 'OUTSIDE', 'OUTSIDE', 'OUTSIDE', 'INSIDE', 'OUTSIDE', 'OUTSIDE']","[[2.49, 0.3, 2.86], [0.81, 0.17, 1.19], [1.76, 0.26, 2.27], [1.74, 0.48, 0.53], [1.63, 0.24, 1.74], [0.06, 1.59, 0.0], [1.88, 0.19, 1.81], [0.14, 1.48, 0.42], [0.12, 1.32, 0.0], [1.05, 1.37, 1.72], [1.09, 3.57, 0.42], [0.59, 1.05, 0.63], [1.85, 1.57, 1.14], [0.65, 0.28, 1.6], [0.65, 0.93, 0.01], [0.38, 1.72, 1.19], [0.38, 0.53, 0.53]]","[551, 596, 558, 601, 582, 589, 585, 592, 593, 599, 600, 605, 595, 606, 609, 611, 610]",38.4
1179,1790252355000489361,307200,104077,26,21,155.4,"[38.5, 41.3, 44.7, 47.5, 49.6, 79.0, 80.6, 81.7, 84.2, 84.3, 84.7, 88.7, 91.6, 95.7, 99.1, 100.7, 103.7, 107.5, 109.2, 111.5, 155.4]","['NEAR', 'NEAR', 'NEAR', 'NEAR', 'RAIL', 'INSIDE', 'OUTSIDE', 'INSIDE', 'OUTSIDE', 'INSIDE', 'RAIL', 'INSIDE', 'INSIDE', 'INSIDE', 'INSIDE', 'OUTSIDE', 'OUTSIDE', 'INSIDE', 'INSIDE', 'OUTSIDE', 'OUTSIDE']","[[3.89, 0.28, 2.22], [2.23, 0.28, 1.65], [1.5, 0.28, 2.49], [3.59, 0.26, 1.66], [0.64, 0.16, 0.98], [0.49, 2.36, 0.38], [0.36, 0.61, 0.71], [2.16, 1.89, 0.92], [1.58, 1.85, 2.19], [1.53, 1.91, 0.22], [2.81, 0.34, 1.14], [1.49, 3.8, 1.15], [1.79, 3.36, 0.45], [0.11, 1.67, 0.0], [2.37, 4.07, 1.1], [1.43, 0.35, 0.89], [1.55, 1.63, 1.82], [0.03, 0.94, 0.0], [0.1, 0.76, 0.0], [0.66, 1.56, 0.24], [0.03, 1.09, 0.0]]","[602, 552, 596, 558, 582, 569, 571, 553, 565, 557, 559, 583, 589, 593, 600, 605, 595, 604, 609, 611, 608]",43.5
1180,1790252355092867325,307200,105062,34,30,155.2,"[28.4, 31.5, 37.2, 38.9, 39.8, 41.4, 43.1, 44.9, 46.7, 48.4, 49.1, 49.5, 73.2, 81.3, 83.5, 83.6, 85.2, 87.5, 89.8, 90.9, 92.5, 95.3, 98.5, 104.0, 104.4, 108.0, 110.1, 111.9, 141.3, 155.2]","['OUTSIDE', 'INSIDE', 'NEAR', 'INSIDE', 'NEAR', 'NEAR', 'NEAR', 'NEAR', 'NEAR', 'NEAR', 'RAIL', 'NEAR', 'INSIDE', 'NEAR', 'INSIDE', 'OUTSIDE', 'INSIDE', 'INSIDE', 'INSIDE', 'OUTSIDE', 'OUTSIDE', 'INSIDE', 'INSIDE', 'OUTSIDE', 'OUTSIDE', 'INSIDE', 'OUTSIDE', 'OUTSIDE', 'INSIDE', 'INSIDE']","[[0.61, 0.18, 0.73], [0.37, 1.21, 0.03], [3.51, 0.26, 1.86], [0.46, 1.55, 0.32], [1.74, 0.26, 1.97], [1.9, 0.28, 1.33], [1.0, 0.18, 2.0], [1.88, 0.2, 2.09], [1.47, 0.2, 1.88], [0.71, 0.18, 0.74], [0.8, 0.33, 0.22], [0.69, 0.21, 1.76], [0.32, 2.42, 0.16], [0.05, 1.46, 0.0], [4.73, 2.49, 2.52], [2.93, 2.09, 2.16], [2.28, 2.79, 0.73], [2.51, 4.17, 2.33], [0.07, 1.1, 0.0], [0.36, 0.65, 2.0], [0.04, 1.45, 0.0], [0.99, 1.83, 0.02], [3.2, 4.04, 1.78], [0.03, 1.28, 0.0], [3.45, 0.16, 1.63], [1.97, 1.87, 0.03], [0.65, 1.32, 1.19], [0.08, 1.56, 0.0], [9.3, 3.71, 1.23], [11.25, 3.66, 0.79]]","[549, 544, 548, 602, 560, 552, 551, 596, 558, 564, 601, 582, 570, 565, 553, 571, 557, 583, 585, 589, 592, 593, 600, 595, 606, 604, 611, 610, 575, 608]",43.7
1181,1790252355185854526,307200,104743,31,25,111.9,"[31.6, 32.8, 39.4, 47.8, 49.3, 49.4, 53.5, 80.8, 84.9, 85.7, 85.7, 86.7, 89.0, 91.1, 93.7, 95.4, 95.8, 98.2, 100.0, 103.0, 103.9, 106.9, 108.7, 110.6, 111.9]","['INSIDE', 'NEAR', 'NEAR', 'INSIDE', 'NEAR', 'NEAR', 'NEAR', 'OUTSIDE', 'INSIDE', 'RAIL', 'OUTSIDE', 'INSIDE', 'INSIDE', 'OUTSIDE', 'INSIDE', 'OUTSIDE', 'INSIDE', 'INSIDE', 'INSIDE', 'OUTSIDE', 'OUTSIDE', 'INSIDE', 'OUTSIDE', 'OUTSIDE', 'OUTSIDE']","[[0.41, 2.53, 0.03], [1.15, 0.27, 0.84], [2.8, 0.25, 1.61], [0.14, 2.76, 0.01], [2.67, 0.21, 2.28], [0.57, 0.15, 0.55], [6.69, 0.35, 2.61], [1.33, 0.36, 1.97], [0.89, 1.59, 0.56], [3.02, 0.11, 0.25], [0.15, 1.83, 0.41], [2.03, 0.17, 0.83], [2.01, 3.77, 2.34], [0.06, 0.95, 0.0], [1.24, 1.99, 0.83], [1.05, 0.3, 0.37], [0.18, 1.99, 0.39], [0.89, 3.92, 0.42], [0.05, 1.4, 0.0], [0.1, 1.26, 0.0], [1.16, 1.52, 1.66], [1.23, 1.5, 0.02], [0.65, 1.23, 0.73], [0.21, 1.37, 0.44], [0.05, 1.56, 0.0]]","[544, 527, 560, 582, 564, 558, 601, 569, 557, 571, 578, 559, 583, 589, 593, 603, 567, 600, 605, 595, 606, 604, 611, 610, 617]",46.5
1182,1790252355292344270,307200,104442,31,27,138.4,"[30.8, 38.6, 41.5, 42.9, 45.7, 46.4, 48.2, 49.2, 76.9, 78.4, 80.3, 82.0, 83.7, 86.2, 88.2, 88.3, 90.4, 93.0, 93.9, 96.9, 98.6, 102.3, 105.1, 107.2, 109.1, 110.4, 138.4]","['NEAR', 'NEAR', 'RAIL', 'NEAR', 'NEAR', 'NEAR', 'NEAR', 'NEAR', 'OUTSIDE', 'INSIDE', 'OUTSIDE', 'INSIDE', 'INSIDE', 'INSIDE', 'OUTSIDE', 'INSIDE', 'OUTSIDE', 'OUTSIDE', 'INSIDE', 'INSIDE', 'INSIDE', 'OUTSIDE', 'INSIDE', 'OUTSIDE', 'OUTSIDE', 'OUTSIDE', 'INSIDE']","[[0.82, 0.22, 0.59], [4.22, 0.27, 2.2], [0.72, 0.19, 0.46], [3.59, 0.25, 1.69], [0.56, 0.18, 0.41], [1.57, 0.2, 2.27], [1.26, 0.19, 1.84], [1.24, 0.26, 1.96], [1.52, 1.67, 0.4], [5.32, 0.18, 2.25], [0.21, 1.89, 0.58], [2.55, 2.84, 0.48], [0.52, 2.59, 0.58], [1.42, 2.98, 0.43], [1.06, 0.52, 1.92], [0.33, 0.77, 0.17], [1.44, 1.91, 0.99], [1.12, 0.3, 1.02], [2.72, 2.0, 1.26], [0.9, 4.07, 0.41], [0.07, 1.72, 0.0], [1.48, 1.79, 1.64], [2.04, 2.01, 0.03], [0.66, 0.91, 1.16], [0.19, 1.72, 0.0], [0.03, 1.54, 0.0], [9.36, 4.1, 0.98]]","[544, 560, 552, 551, 596, 564, 558, 582, 570, 553, 565, 569, 557, 578, 583, 585, 589, 572, 593, 600, 605, 595, 604, 579, 611, 610, 575]",43.9
1183,1790252355394138415,307200,104462,25,17,134.1,"[32.6, 41.9, 44.4, 45.2, 46.9, 48.4, 82.3, 82.9, 88.3, 90.8, 92.6, 95.7, 98.7, 103.2, 105.7, 106.4, 134.1]","['OUTSIDE', 'NEAR', 'RAIL', 'NEAR', 'NEAR', 'NEAR', 'RAIL', 'INSIDE', 'INSIDE', 'OUTSIDE', 'OUTSIDE', 'INSIDE', 'INSIDE', 'OUTSIDE', 'OUTSIDE', 'INSIDE', 'INSIDE']","[[0.19, 0.9, 0.02], [4.85, 0.26, 2.49], [0.67, 0.46, 0.2], [0.9, 0.19, 1.5], [1.95, 0.24, 1.85], [2.3, 0.33, 1.96], [2.44, 0.13, 0.91], [2.24, 3.94, 0.62], [0.76, 1.86, 0.23], [0.7, 1.92, 1.42], [0.74, 0.21, 1.65], [2.67, 2.02, 1.68], [3.37, 3.38, 1.9], [0.5, 1.71, 0.92], [0.4, 0.4, 1.14], [2.5, 2.21, 0.46], [3.66, 4.06, 0.27]]","[527, 551, 552, 596, 564, 558, 557, 565, 585, 589, 572, 567, 605, 606, 579, 604, 575]",44.3
1184,1790252355495467463,307200,104933,32,28,153.5,"[29.7, 31.3, 42.1, 43.1, 44.5, 44.8, 47.4, 47.8, 49.5, 76.8, 78.3, 80.8, 81.8, 82.4, 83.9, 85.7, 88.3, 88.9, 91.1, 91.8, 94.0, 99.1, 104.6, 110.1, 112.9, 113.1, 118.7, 153.5]","['INSIDE', 'INSIDE', 'RAIL', 'RAIL', 'INSIDE', 'NEAR', 'RAIL', 'NEAR', 'INSIDE', 'OUTSIDE', 'INSIDE', 'RAIL', 'OUTSIDE', 'INSIDE', 'INSIDE', 'OUTSIDE', 'INSIDE', 'OUTSIDE', 'NEAR', 'OUTSIDE', 'INSIDE', 'INSIDE', 'INSIDE', 'OUTSIDE', 'OUTSIDE', 'INSIDE', 'OUTSIDE', 'OUTSIDE']","[[0.03, 2.8, 0.01], [0.57, 1.18, 0.05], [1.04, 0.25, 1.01], [1.4, 0.5, 0.26], [0.41, 2.32, 0.02], [3.41, 0.25, 1.82], [1.17, 0.32, 0.52], [0.25, 0.18, 0.72], [0.07, 1.38, 0.0], [1.98, 1.82, 1.74], [2.02, 2.67, 0.55], [1.12, 0.05, 0.73], [1.87, 0.25, 1.44], [0.58, 3.49, 0.34], [0.32, 1.46, 0.01], [2.88, 2.14, 2.29], [0.85, 2.22, 2.33], [1.18, 0.2, 1.36], [2.23, 0.34, 0.76], [2.08, 1.93, 1.87], [0.39, 2.11, 0.39], [2.1, 3.76, 0.41], [3.13, 4.17, 1.37], [0.84, 1.73, 0.97], [2.33, 0.59, 0.96], [4.23, 2.15, 0.44], [1.38, 1.7, 1.04], [2.9, 0.32, 0.32]]","[544, 527, 551, 552, 596, 564, 558, 582, 601, 570, 553, 557, 565, 569, 559, 571, 585, 583, 593, 589, 567, 605, 606, 610, 617, 618, 607, 608]",40.4
1185,1790252355590512751,307200,105010,24,21,119.4,"[28.7, 29.7, 31.6, 34.6, 41.4, 44.0, 44.1, 45.4, 46.3, 81.7, 87.1, 90.5, 92.5, 93.2, 99.9, 103.1, 108.4, 110.8, 111.6, 117.3, 119.4]","['INSIDE', 'INSIDE', 'INSIDE', 'INSIDE', 'RAIL', 'OUTSIDE', 'NEAR', 'NEAR', 'RAIL', 'INSIDE', 'INSIDE', 'OUTSIDE', 'INSIDE', 'RAIL', 'INSIDE', 'INSIDE', 'OUTSIDE', 'INSIDE', 'OUTSIDE', 'OUTSIDE', 'INSIDE']","[[0.28, 1.1, 0.02], [0.06, 2.6, 0.0], [0.58, 2.57, 0.59], [0.11, 1.82, 0.01], [0.77, 0.48, 0.25], [0.53, 0.16, 0.5], [1.89, 0.21, 1.74], [0.81, 0.17, 1.32], [0.38, 0.24, 0.28], [1.81, 3.68, 0.19], [1.13, 4.16, 1.35], [1.7, 2.06, 1.86], [0.5, 1.94, 0.01], [1.84, 0.09, 0.6], [6.21, 4.09, 0.77], [3.07, 3.58, 1.35], [1.42, 1.52, 1.65], [3.2, 1.93, 0.22], [2.35, 0.78, 0.95], [1.33, 2.01, 1.03], [0.21, 1.88, 0.0]]","[549, 544, 527, 548, 552, 564, 551, 558, 582, 569, 578, 589, 567, 593, 605, 595, 611, 609, 617, 607, 614]",48.9
1186,1790252355687307467,307200,104991,30,24,157.8,"[31.8, 40.2, 40.3, 43.4, 80.8, 82.4, 86.2, 88.2, 90.4, 92.4, 93.5, 95.1, 97.2, 98.9, 99.2, 101.4, 103.2, 104.7, 106.2, 109.1, 111.2, 111.7, 117.9, 157.8]","['INSIDE', 'RAIL', 'OUTSIDE', 'NEAR', 'OUTSIDE', 'INSIDE', 'OUTSIDE', 'INSIDE', 'OUTSIDE', 'INSIDE', 'OUTSIDE', 'INSIDE', 'INSIDE', 'OUTSIDE', 'INSIDE', 'OUTSIDE', 'INSIDE', 'INSIDE', 'INSIDE', 'NEAR', 'OUTSIDE', 'INSIDE', 'OUTSIDE', 'INSIDE']","[[0.33, 1.99, 0.03], [1.25, 0.53, 0.52], [2.0, 0.21, 2.04], [3.41, 0.3, 1.79], [4.29, 2.01, 2.32], [0.42, 2.15, 0.18], [0.58, 1.09, 1.81], [3.07, 4.16, 1.35], [1.47, 1.79, 1.24], [0.77, 2.11, 0.58], [0.63, 0.16, 0.9], [1.94, 0.98, 0.38], [0.28, 2.51, 0.18], [0.56, 0.17, 1.29], [0.24, 0.88, 0.23], [0.61, 1.91, 1.33], [0.31, 2.36, 0.23], [0.07, 1.46, 0.0], [0.12, 1.85, 0.0], [0.06, 0.76, 0.0], [1.58, 1.77, 0.46], [2.49, 1.77, 0.03], [0.09, 1.65, 0.0], [11.46, 3.98, 1.0]]","[527, 552, 560, 564, 565, 569, 583, 578, 589, 567, 572, 593, 600, 599, 605, 595, 606, 604, 579, 611, 617, 609, 607, 608]",48.1
1187,1790252355790501521,307200,104980,25,22,152.4,"[35.7, 38.8, 43.2, 52.4, 80.3, 83.8, 85.9, 89.0, 90.4, 92.7, 95.7, 97.6, 99.9, 101.7, 103.2, 104.7, 107.6, 109.5, 109.8, 116.9, 118.1, 152.4]","['NEAR', 'RAIL', 'NEAR', 'NEAR', 'INSIDE', 'OUTSIDE', 'INSIDE', 'OUTSIDE', 'INSIDE', 'INSIDE', 'INSIDE', 'INSIDE', 'INSIDE', 'INSIDE', 'INSIDE', 'INSIDE', 'OUTSIDE', 'OUTSIDE', 'INSIDE', 'OUTSIDE', 'INSIDE', 'OUTSIDE']","[[0.22, 1.22, 0.33], [1.32, 0.51, 0.31], [7.84, 0.34, 1.82], [4.72, 0.32, 2.3], [6.54, 4.25, 2.33], [0.09, 1.03, 0.0], [2.39, 4.37, 2.26], [1.43, 1.76, 1.22], [2.17, 2.09, 0.78], [0.07, 0.97, 0.0], [0.22, 2.47, 0.17], [0.08, 1.02, 0.0], [0.69, 2.93, 1.31], [0.33, 2.5, 0.23], [0.05, 1.44, 0.0], [0.09, 1.1, 0.0], [0.1, 1.69, 0.0], [0.85, 1.75, 0.43], [1.78, 1.91, 0.02], [0.8, 1.71, 0.22], [0.03, 1.44, 0.0], [4.04, 0.44, 0.97]]","[548, 552, 564, 601, 565, 559, 578, 583, 567, 592, 600, 605, 595, 606, 604, 579, 611, 610, 609, 607, 614, 608]",41.3
1188,1790252355893080168,307200,104875,28,25,151.1,"[23.9, 26.9, 37.4, 38.3, 42.0, 44.1, 44.2, 46.1, 47.8, 51.8, 81.0, 81.8, 86.0, 88.3, 90.9, 92.5, 95.7, 97.0, 100.1, 101.7, 103.0, 108.3, 115.4, 118.4, 151.1]","['INSIDE', 'OUTSIDE', 'RAIL', 'OUTSIDE', 'OUTSIDE', 'RAIL', 'NEAR', 'OUTSIDE', 'NEAR', 'NEAR', 'INSIDE', 'OUTSIDE', 'INSIDE', 'NEAR', 'OUTSIDE', 'INSIDE', 'INSIDE', 'OUTSIDE', 'OUTSIDE', 'INSIDE', 'INSIDE', 'INSIDE', 'OUTSIDE', 'INSIDE', 'OUTSIDE']","[[0.02, 1.59, 0.01], [0.94, 0.23, 0.96], [1.28, 0.49, 0.5], [7.68, 0.34, 2.52], [0.73, 0.16, 1.28], [0.35, 0.19, 0.69], [2.97, 0.28, 1.67], [0.45, 0.15, 1.11], [2.43, 0.36, 2.3], [3.22, 0.29, 2.25], [0.51, 2.48, 0.71], [1.58, 0.27, 1.62], [5.18, 4.3, 2.26], [2.91, 0.23, 2.17], [0.62, 0.2, 1.75], [2.46, 2.12, 0.56], [0.86, 3.68, 0.18], [3.69, 1.85, 1.72], [0.2, 1.57, 0.0], [0.04, 1.6, 0.0], [0.51, 2.14, 0.42], [3.54, 3.97, 0.46], [0.98, 1.69, 0.21], [0.06, 1.45, 0.0], [3.76, 0.43, 0.98]]","[549, 544, 552, 602, 564, 596, 551, 558, 582, 601, 565, 559, 578, 585, 589, 592, 600, 603, 595, 606, 604, 611, 607, 614, 608]",45.4
1189,1790252355995049575,307200,105039,28,27,153.5,"[28.7, 28.9, 35.2, 35.9, 37.7, 38.9, 39.4, 40.4, 44.2, 46.2, 48.9, 49.6, 73.5, 76.4, 83.6, 87.7, 88.8, 95.4, 99.1, 101.7, 103.0, 107.7, 111.0, 111.7, 114.3, 116.9, 153.5]","['INSIDE', 'OUTSIDE', 'OUTSIDE', 'RAIL', 'INSIDE', 'INSIDE', 'RAIL', 'OUTSIDE', 'NEAR', 'NEAR', 'NEAR', 'NEAR', 'NEAR', 'INSIDE', 'INSIDE', 'OUTSIDE', 'INSIDE', 'INSIDE', 'OUTSIDE', 'INSIDE', 'INSIDE', 'INSIDE', 'INSIDE', 'OUTSIDE', 'OUTSIDE', 'INSIDE', 'OUTSIDE']","[[0.05, 2.01, 0.0], [0.38, 0.18, 0.76], [0.41, 0.17, 0.61], [1.44, 0.51, 0.4], [0.11, 1.85, 0.01], [0.12, 2.26, 0.35], [0.74, 0.19, 0.45], [7.26, 0.32, 1.91], [1.39, 0.21, 1.73], [1.43, 0.34, 2.25], [0.55, 0.23, 0.97], [0.58, 0.21, 0.77], [2.53, 0.23, 1.16], [0.59, 2.34, 1.55], [1.23, 4.22, 0.91], [4.48, 1.84, 2.17], [5.67, 2.17, 1.97], [4.03, 4.23, 1.85], [0.71, 1.81, 0.88], [0.29, 1.77, 0.0], [0.45, 1.71, 0.7], [3.48, 4.05, 0.94], [0.06, 0.97, 0.0], [0.13, 0.39, 0.46], [1.54, 1.67, 0.23], [0.08, 1.63, 0.0], [11.51, 0.49, 0.97]]","[544, 527, 602, 552, 548, 560, 596, 564, 551, 558, 582, 601, 570, 553, 569, 583, 585, 600, 599, 606, 604, 611, 609, 617, 607, 614, 608]",58.1
1190,1790252356091989393,307200,105072,23,21,149.4,"[34.5, 37.8, 38.9, 40.7, 47.9, 48.0, 50.5, 72.4, 80.3, 83.0, 91.3, 93.7, 95.2, 98.5, 102.1, 105.3, 108.6, 115.2, 118.3, 137.3, 149.4]","['RAIL', 'INSIDE', 'INSIDE', 'NEAR', 'INSIDE', 'NEAR', 'NEAR', 'RAIL', 'INSIDE', 'INSIDE', 'INSIDE', 'OUTSIDE', 'INSIDE', 'OUTSIDE', 'INSIDE', 'OUTSIDE', 'INSIDE', 'OUTSIDE', 'INSIDE', 'INSIDE', 'OUTSIDE']","[[1.46, 0.46, 0.38], [0.24, 0.8, 0.02], [0.09, 2.94, 0.34], [4.62, 0.36, 2.42], [0.09, 1.68, 0.01], [3.99, 0.36, 1.42], [0.14, 0.32, 1.54], [2.18, 0.19, 0.79], [4.5, 4.34, 1.76], [4.23, 4.3, 2.22], [3.18, 2.28, 0.77], [1.13, 0.2, 0.9], [1.93, 3.81, 0.4], [0.48, 1.78, 0.89], [2.75, 2.29, 0.9], [1.86, 1.8, 1.61], [1.86, 3.68, 0.44], [0.39, 1.68, 0.22], [2.91, 2.19, 0.33], [4.16, 3.83, 1.17], [6.34, 0.44, 0.95]]","[552, 548, 560, 564, 582, 558, 601, 570, 565, 569, 567, 572, 600, 599, 606, 579, 611, 607, 614, 575, 608]",55.0
1191,1790252356187124630,307200,104729,26,23,153.6,"[25.8, 29.1, 31.9, 33.0, 39.5, 43.1, 43.9, 47.0, 76.5, 82.3, 88.0, 88.0, 88.3, 91.7, 92.0, 94.5, 98.8, 101.5, 103.4, 109.3, 114.5, 116.6, 153.6]","['OUTSIDE', 'OUTSIDE', 'OUTSIDE', 'RAIL', 'NEAR', 'NEAR', 'NEAR', 'NEAR', 'INSIDE', 'INSIDE', 'OUTSIDE', 'OUTSIDE', 'INSIDE', 'OUTSIDE', 'INSIDE', 'INSIDE', 'NEAR', 'OUTSIDE', 'INSIDE', 'INSIDE', 'OUTSIDE', 'OUTSIDE', 'OUTSIDE']","[[0.88, 0.21, 0.74], [0.9, 0.19, 0.76], [1.2, 0.24, 0.87], [1.3, 0.46, 0.5], [4.92, 0.32, 1.89], [1.52, 0.38, 1.7], [0.57, 0.14, 1.14], [2.86, 0.33, 1.01], [0.5, 2.1, 0.54], [4.03, 4.19, 2.22], [0.55, 1.7, 0.41], [3.56, 0.18, 1.73], [1.69, 0.39, 1.71], [0.21, 0.16, 1.46], [3.17, 1.61, 0.58], [2.7, 3.61, 0.22], [0.05, 1.21, 0.0], [1.56, 0.44, 0.68], [4.27, 2.28, 0.9], [2.87, 3.82, 1.18], [1.17, 1.78, 0.77], [0.06, 1.63, 0.0], [5.31, 0.42, 0.98]]","[527, 544, 602, 552, 564, 551, 558, 582, 553, 569, 583, 571, 585, 589, 592, 600, 599, 579, 606, 611, 607, 614, 608]",63.0
1192,1790252356300032502,307200,104124,22,19,154.5,"[31.2, 34.8, 38.1, 39.1, 42.3, 43.2, 43.5, 46.0, 49.5, 84.9, 87.3, 90.7, 93.3, 98.1, 99.2, 102.5, 106.8, 115.1, 154.5]","['OUTSIDE', 'RAIL', 'INSIDE', 'INSIDE', 'INSIDE', 'NEAR', 'INSIDE', 'NEAR', 'INSIDE', 'OUTSIDE', 'OUTSIDE', 'INSIDE', 'INSIDE', 'OUTSIDE', 'INSIDE', 'OUTSIDE', 'INSIDE', 'OUTSIDE', 'RAIL']","[[0.62, 0.15, 0.58], [1.4, 0.2, 0.61], [0.45, 0.93, 0.03], [0.18, 2.72, 0.68], [0.12, 1.33, 0.01], [0.45, 0.16, 0.78], [0.06, 2.43, 0.0], [3.32, 0.3, 1.4], [0.08, 1.02, 0.45], [0.76, 0.31, 2.07], [0.96, 1.56, 0.93], [2.86, 2.1, 0.56], [2.2, 3.85, 1.81], [1.46, 1.7, 1.57], [2.71, 2.23, 0.89], [0.9, 0.56, 0.89], [2.69, 3.58, 1.63], [0.03, 1.61, 0.0], [0.66, 0.35, 0.67]]","[602, 552, 548, 560, 558, 551, 596, 582, 601, 578, 583, 567, 600, 603, 605, 579, 611, 607, 608]",60.1
1193,1790252356393702070,307200,104641,23,17,113.6,"[28.9, 37.2, 40.3, 43.5, 43.9, 44.5, 44.9, 46.2, 87.0, 89.6, 91.1, 92.9, 98.6, 101.0, 106.2, 111.6, 113.6]","['OUTSIDE', 'NEAR', 'NEAR', 'INSIDE', 'RAIL', 'NEAR', 'RAIL', 'NEAR', 'OUTSIDE', 'OUTSIDE', 'INSIDE', 'INSIDE', 'INSIDE', 'OUTSIDE', 'INSIDE', 'OUTSIDE', 'OUTSIDE']","[[0.64, 0.19, 0.77], [3.42, 0.31, 1.93], [1.9, 0.36, 2.7], [0.07, 1.98, 0.0], [1.01, 0.1, 0.57], [2.16, 0.27, 1.16], [1.01, 0.36, 1.08], [1.58, 0.15, 0.39], [0.32, 1.7, 0.39], [0.6, 1.25, 1.17], [3.7, 2.22, 1.16], [0.29, 3.69, 0.17], [4.37, 4.05, 0.88], [1.13, 0.58, 0.66], [3.3, 3.85, 1.61], [1.07, 1.6, 0.23], [0.19, 1.78, 0.75]]","[544, 548, 564, 596, 551, 558, 582, 601, 583, 589, 567, 600, 599, 595, 611, 617, 622]",41.6
1194,1790252356496646553,307200,104388,24,20,119.7,"[26.1, 30.8, 35.6, 39.4, 42.1, 44.6, 46.7, 76.4, 81.8, 87.8, 89.6, 91.4, 92.9, 94.7, 97.6, 98.9, 104.9, 109.6, 112.2, 119.7]","['OUTSIDE', 'NEAR', 'NEAR', 'NEAR', 'NEAR', 'NEAR', 'NEAR', 'OUTSIDE', 'INSIDE', 'OUTSIDE', 'INSIDE', 'INSIDE', 'INSIDE', 'OUTSIDE', 'OUTSIDE', 'INSIDE', 'INSIDE', 'OUTSIDE', 'OUTSIDE', 'OUTSIDE']","[[0.56, 0.18, 0.95], [0.43, 0.25, 0.54], [0.81, 0.19, 0.63], [2.9, 0.35, 2.35], [2.52, 0.3, 0.81], [0.2, 0.18, 0.66], [1.26, 0.41, 1.36], [0.92, 2.07, 0.85], [7.58, 4.22, 2.26], [0.64, 1.11, 1.96], [2.59, 4.23, 1.78], [0.11, 2.04, 0.17], [0.06, 1.78, 0.17], [2.6, 1.72, 1.53], [3.31, 1.77, 1.7], [5.57, 2.22, 0.71], [2.79, 3.69, 1.13], [0.12, 0.51, 0.51], [0.1, 1.76, 0.0], [0.28, 1.63, 0.81]]","[527, 602, 548, 564, 558, 551, 601, 553, 569, 589, 583, 600, 592, 572, 603, 599, 611, 610, 617, 614]",35.9
1195,1790252356606498398,307200,104752,23,18,143.4,"[41.0, 41.6, 45.8, 82.2, 88.5, 88.5, 93.3, 95.7, 97.8, 98.1, 100.1, 103.5, 106.3, 108.1, 110.8, 113.7, 118.2, 143.4]","['NEAR', 'RAIL', 'NEAR', 'INSIDE', 'INSIDE', 'INSIDE', 'OUTSIDE', 'OUTSIDE', 'OUTSIDE', 'INSIDE', 'OUTSIDE', 'INSIDE', 'INSIDE', 'OUTSIDE', 'OUTSIDE', 'INSIDE', 'OUTSIDE', 'INSIDE']","[[2.73, 0.32, 1.12], [0.92, 0.09, 0.45], [0.11, 0.27, 0.31], [3.88, 4.23, 2.18], [3.95, 2.19, 1.32], [6.21, 3.91, 1.88], [0.78, 0.22, 1.22], [0.31, 1.74, 0.86], [1.17, 0.37, 0.65], [1.77, 2.1, 0.87], [2.04, 0.22, 1.12], [2.67, 3.75, 1.43], [0.06, 1.3, 0.0], [0.07, 0.5, 0.51], [0.04, 1.16, 0.0], [0.12, 0.93, 0.22], [0.29, 1.4, 0.8], [14.2, 3.92, 0.94]]","[558, 564, 601, 569, 585, 583, 572, 593, 603, 599, 595, 611, 604, 610, 617, 622, 614, 620]",43.2
1196,1790252356693934501,307200,104178,25,19,116.7,"[26.0, 39.6, 45.3, 45.4, 49.2, 84.3, 87.5, 87.7, 91.4, 95.6, 98.3, 101.4, 103.3, 104.8, 106.7, 110.0, 112.2, 115.3, 116.7]","['INSIDE', 'NEAR', 'INSIDE', 'NEAR', 'RAIL', 'OUTSIDE', 'OUTSIDE', 'INSIDE', 'INSIDE', 'OUTSIDE', 'INSIDE', 'OUTSIDE', 'OUTSIDE', 'INSIDE', 'INSIDE', 'OUTSIDE', 'OUTSIDE', 'INSIDE', 'OUTSIDE']","[[0.66, 2.53, 0.88], [3.4, 0.3, 2.44], [0.07, 1.74, 0.0], [4.46, 0.45, 1.86], [0.6, 0.2, 0.44], [0.73, 1.65, 0.9], [2.2, 0.57, 1.73], [2.87, 2.17, 1.91], [2.22, 4.08, 1.76], [2.4, 1.78, 0.86], [1.66, 1.95, 0.2], [1.47, 1.01, 1.54], [0.03, 1.44, 0.0], [0.1, 1.88, 0.22], [0.16, 1.49, 0.0], [1.77, 1.89, 0.74], [0.04, 1.37, 0.0], [0.04, 1.61, 0.0], [0.32, 0.48, 0.48]]","[527, 558, 551, 601, 582, 578, 571, 585, 600, 593, 599, 579, 611, 604, 610, 617, 622, 607, 614]",42.0
1197,1790252356791643704,307200,104193,21,16,115.3,"[38.4, 44.0, 45.3, 85.4, 87.6, 94.1, 95.2, 96.7, 98.8, 99.3, 101.9, 103.4, 105.0, 110.0, 112.3, 115.3]","['NEAR', 'INSIDE', 'NEAR', 'OUTSIDE', 'INSIDE', 'OUTSIDE', 'INSIDE', 'INSIDE', 'INSIDE', 'OUTSIDE', 'OUTSIDE', 'INSIDE', 'INSIDE', 'OUTSIDE', 'INSIDE', 'OUTSIDE']","[[3.1, 0.32, 2.36], [0.17, 1.88, 0.42], [4.66, 0.45, 2.04], [5.11, 1.92, 1.85], [6.41, 4.14, 2.08], [1.49, 1.8, 1.26], [1.5, 0.7, 1.23], [1.52, 2.18, 0.41], [0.04, 1.21, 0.0], [3.31, 0.24, 1.12], [0.1, 1.6, 0.0], [0.13, 3.29, 0.21], [0.48, 2.06, 0.49], [1.48, 1.88, 0.52], [0.12, 0.72, 0.22], [0.27, 0.67, 0.47]]","[558, 551, 601, 578, 583, 593, 592, 599, 605, 603, 579, 611, 604, 617, 622, 614]",44.6
1198,1790252356894756358,307200,104099,24,17,116.5,"[30.6, 37.3, 41.4, 42.1, 44.0, 46.8, 47.9, 88.0, 93.1, 94.4, 98.3, 98.7, 101.5, 104.5, 109.2, 110.8, 116.5]","['INSIDE', 'NEAR', 'RAIL', 'NEAR', 'NEAR', 'INSIDE', 'NEAR', 'INSIDE', 'OUTSIDE', 'INSIDE', 'OUTSIDE', 'INSIDE', 'OUTSIDE', 'INSIDE', 'OUTSIDE', 'NEAR', 'OUTSIDE']","[[0.22, 0.77, 0.28], [3.72, 0.33, 2.43], [0.48, 0.17, 0.29], [2.18, 0.37, 1.61], [2.11, 0.35, 1.74], [0.1, 2.61, 0.0], [1.14, 0.32, 1.26], [4.94, 4.19, 1.95], [2.87, 1.77, 1.24], [2.18, 0.86, 0.42], [0.45, 0.15, 1.1], [1.06, 2.22, 0.38], [0.84, 1.54, 0.22], [3.06, 4.22, 0.9], [0.12, 1.72, 0.0], [0.04, 1.35, 0.0], [0.69, 1.78, 0.79]]","[602, 558, 596, 564, 601, 551, 582, 583, 572, 592, 603, 605, 579, 604, 617, 622, 614]",49.5
1199,1790252356991320794,307200,104660,25,19,137.5,"[36.5, 37.8, 40.9, 43.3, 47.8, 80.6, 83.0, 88.1, 91.9, 94.3, 96.3, 97.2, 99.7, 102.3, 106.4, 109.2, 113.8, 115.3, 137.5]","['OUTSIDE', 'INSIDE', 'NEAR', 'RAIL', 'NEAR', 'RAIL', 'INSIDE', 'INSIDE', 'INSIDE', 'INSIDE', 'INSIDE', 'OUTSIDE', 'INSIDE', 'INSIDE', 'NEAR', 'INSIDE', 'NEAR', 'OUTSIDE', 'INSIDE']","[[0.26, 1.14, 0.01], [0.05, 2.37, 0.0], [4.32, 0.43, 2.32], [0.77, 0.38, 0.86], [0.51, 0.19, 1.89], [1.16, 0.19, 0.68], [3.58, 4.25, 1.45], [4.16, 4.22, 1.93], [3.35, 4.05, 1.62], [0.66, 2.02, 0.2], [0.11, 1.01, 0.0], [0.52, 0.27, 0.66], [1.62, 3.79, 0.88], [0.08, 1.61, 0.0], [0.12, 1.49, 0.0], [0.58, 2.03, 0.22], [0.06, 1.19, 0.0], [0.06, 1.61, 0.0], [14.21, 4.1, 0.89]]","[560, 558, 564, 601, 582, 565, 569, 583, 600, 592, 599, 603, 605, 606, 610, 617, 607, 614, 575]",51.2
1200,1790252357096010788,307200,104616,29,19,143.9,"[38.3, 39.2, 40.9, 44.4, 45.0, 45.1, 81.9, 85.5, 85.6, 87.2, 89.7, 94.6, 96.8, 102.2, 105.0, 113.8, 116.2, 132.0, 143.9]","['INSIDE', 'NEAR', 'NEAR', 'RAIL', 'INSIDE', 'NEAR', 'INSIDE', 'INSIDE', 'OUTSIDE', 'INSIDE', 'INSIDE', 'OUTSIDE', 'INSIDE', 'INSIDE', 'INSIDE', 'INSIDE', 'OUTSIDE', 'INSIDE', 'INSIDE']","[[0.49, 1.77, 0.36], [2.12, 0.44, 1.61], [2.34, 0.41, 1.94], [0.29, 0.3, 0.2], [0.47, 0.94, 0.02], [0.8, 0.23, 1.19], [4.59, 4.27, 2.12], [0.37, 1.79, 0.01], [2.01, 0.21, 1.73], [1.12, 0.4, 1.15], [2.64, 4.16, 1.73], [2.6, 1.85, 1.65], [1.73, 2.37, 0.21], [2.81, 4.13, 0.91], [0.15, 1.28, 0.0], [0.1, 1.9, 0.31], [1.17, 1.77, 0.8], [6.72, 2.98, 0.9], [7.68, 4.08, 0.91]]","[558, 564, 601, 596, 551, 582, 569, 578, 571, 585, 567, 593, 599, 606, 604, 607, 614, 575, 620]",40.2
1201,1790252357192519761,307200,97600,26,19,134.3,"[28.2, 32.4, 38.2, 39.4, 44.3, 45.7, 85.2, 85.8, 89.1, 94.7, 100.7, 103.5, 105.5, 107.9, 109.3, 110.9, 112.4, 115.3, 134.3]","['OUTSIDE', 'NEAR', 'INSIDE', 'OUTSIDE', 'INSIDE', 'OUTSIDE', 'OUTSIDE', 'INSIDE', 'INSIDE', 'INSIDE', 'INSIDE', 'INSIDE', 'INSIDE', 'OUTSIDE', 'INSIDE', 'INSIDE', 'INSIDE', 'OUTSIDE', 'INSIDE']","[[0.39, 0.24, 0.5], [2.81, 0.31, 2.0], [0.12, 2.01, 0.7], [4.81, 0.42, 2.5], [0.44, 1.24, 0.02], [0.24, 1.14, 0.41], [1.95, 0.2, 1.37], [1.08, 0.19, 1.13], [3.06, 4.14, 1.73], [2.91, 3.81, 1.65], [2.74, 4.02, 0.9], [0.12, 1.63, 0.0], [1.02, 0.78, 0.48], [0.06, 1.69, 0.0], [0.44, 2.82, 0.95], [0.05, 1.36, 0.0], [0.13, 1.68, 0.3], [0.07, 1.61, 0.0], [14.46, 4.03, 1.1]]","[544, 602, 558, 564, 551, 596, 571, 578, 567, 593, 605, 611, 604, 610, 617, 626, 607, 614, 575]",42.6
1202,1790252357288303486,307200,104287,24,19,113.8,"[32.8, 36.7, 39.5, 43.9, 45.5, 70.8, 82.1, 83.6, 87.2, 92.2, 98.4, 100.2, 102.0, 106.4, 107.5, 109.5, 112.4, 112.9, 113.8]","['NEAR', 'INSIDE', 'NEAR', 'INSIDE', 'NEAR', 'INSIDE', 'INSIDE', 'INSIDE', 'INSIDE', 'INSIDE', 'OUTSIDE', 'INSIDE', 'INSIDE', 'OUTSIDE', 'INSIDE', 'INSIDE', 'OUTSIDE', 'NEAR', 'RAIL']","[[0.72, 0.25, 0.86], [4.76, 2.34, 2.65], [1.35, 0.37, 1.66], [0.21, 1.99, 0.01], [2.99, 0.38, 1.57], [0.14, 2.52, 0.17], [3.15, 3.91, 1.99], [2.32, 2.78, 0.88], [2.74, 4.03, 1.14], [4.83, 3.76, 1.62], [1.2, 1.65, 0.87], [0.64, 3.63, 0.87], [0.1, 1.6, 0.0], [0.06, 1.49, 0.0], [1.04, 3.91, 0.94], [0.03, 1.15, 0.0], [0.57, 0.75, 0.76], [0.04, 1.39, 0.0], [1.55, 0.2, 0.73]]","[602, 564, 601, 551, 582, 553, 569, 578, 583, 600, 603, 605, 606, 610, 617, 626, 622, 614, 607]",43.2
1203,1790252357390245101,307200,104738,24,18,136.5,"[34.8, 38.4, 39.7, 43.2, 45.5, 46.0, 80.4, 84.6, 90.3, 93.8, 100.1, 106.5, 108.0, 109.4, 111.7, 112.4, 113.8, 136.5]","['INSIDE', 'INSIDE', 'OUTSIDE', 'NEAR', 'NEAR', 'RAIL', 'OUTSIDE', 'INSIDE', 'OUTSIDE', 'INSIDE', 'INSIDE', 'OUTSIDE', 'INSIDE', 'INSIDE', 'NEAR', 'INSIDE', 'INSIDE', 'INSIDE']","[[3.87, 2.36, 2.7], [0.39, 1.33, 0.02], [4.89, 0.49, 1.92], [1.65, 0.36, 1.25], [0.96, 0.25, 1.94], [0.32, 0.34, 0.6], [3.8, 1.76, 1.99], [7.29, 4.19, 1.99], [2.62, 1.85, 1.6], [1.71, 2.01, 0.21], [3.97, 3.99, 1.11], [0.26, 1.69, 0.93], [0.08, 1.7, 0.0], [0.04, 0.95, 0.0], [0.07, 1.37, 0.0], [1.07, 0.21, 0.94], [0.02, 0.6, 0.0], [6.15, 4.05, 0.88]]","[548, 558, 601, 551, 582, 596, 565, 578, 589, 592, 605, 610, 617, 626, 622, 607, 614, 575]",45.5
1204,1790252357487825226,307200,104253,30,24,138.0,"[28.0, 28.9, 29.6, 34.9, 35.0, 39.2, 39.8, 42.2, 43.8, 45.3, 48.4, 76.0, 82.4, 91.8, 92.0, 94.9, 100.2, 102.0, 103.5, 106.4, 107.7, 110.6, 114.7, 138.0]","['NEAR', 'INSIDE', 'NEAR', 'INSIDE', 'OUTSIDE', 'INSIDE', 'NEAR', 'NEAR', 'NEAR', 'NEAR', 'RAIL', 'INSIDE', 'INSIDE', 'OUTSIDE', 'OUTSIDE', 'INSIDE', 'OUTSIDE', 'INSIDE', 'INSIDE', 'NEAR', 'INSIDE', 'INSIDE', 'INSIDE', 'OUTSIDE']","[[0.86, 0.31, 0.77], [0.08, 2.02, 0.01], [1.64, 0.33, 1.45], [0.28, 1.87, 0.32], [7.25, 0.47, 2.63], [0.5, 1.88, 0.34], [1.76, 0.25, 1.12], [2.12, 0.38, 1.69], [0.61, 0.29, 0.85], [0.39, 0.15, 0.8], [0.29, 0.18, 1.06], [1.81, 1.5, 1.33], [4.74, 2.2, 1.25], [2.04, 1.78, 1.6], [0.14, 0.33, 0.64], [6.38, 4.06, 1.14], [0.64, 1.69, 0.88], [0.87, 4.1, 0.88], [0.08, 1.81, 0.0], [0.05, 1.3, 0.0], [0.55, 3.59, 0.94], [2.2, 2.02, 1.23], [1.78, 2.97, 1.11], [2.85, 0.47, 0.89]]","[544, 527, 602, 548, 564, 558, 601, 551, 582, 628, 596, 565, 569, 600, 593, 572, 595, 606, 611, 610, 617, 626, 614, 575]",39.9
1205,1790252357586184532,307200,103901,28,22,113.2,"[27.3, 28.6, 31.6, 31.9, 34.7, 35.1, 37.3, 39.2, 39.9, 44.2, 83.4, 88.0, 90.0, 91.1, 93.2, 94.9, 98.8, 100.7, 101.1, 106.2, 110.0, 113.2]","['OUTSIDE', 'NEAR', 'INSIDE', 'OUTSIDE', 'INSIDE', 'OUTSIDE', 'OUTSIDE', 'RAIL', 'OUTSIDE', 'INSIDE', 'OUTSIDE', 'INSIDE', 'INSIDE', 'OUTSIDE', 'INSIDE', 'INSIDE', 'OUTSIDE', 'OUTSIDE', 'INSIDE', 'OUTSIDE', 'INSIDE', 'INSIDE']","[[0.32, 0.28, 1.36], [0.51, 0.17, 0.73], [1.08, 0.46, 0.63], [4.12, 0.45, 2.33], [0.96, 0.99, 0.36], [1.36, 0.36, 2.09], [1.86, 0.42, 1.05], [0.95, 0.21, 0.59], [2.29, 0.39, 1.55], [0.14, 0.93, 0.01], [2.09, 0.52, 1.6], [3.12, 4.19, 1.93], [1.17, 0.29, 0.61], [1.05, 1.72, 0.22], [0.81, 3.87, 1.62], [0.15, 1.49, 0.0], [0.54, 1.67, 1.35], [0.37, 1.58, 0.87], [2.1, 2.18, 0.47], [0.57, 1.87, 0.93], [4.35, 4.06, 1.41], [1.75, 2.92, 1.1]]","[544, 602, 548, 564, 560, 558, 601, 551, 582, 628, 571, 583, 567, 600, 592, 599, 603, 595, 606, 610, 626, 622]",40.7
1206,1790252357691852372,307200,104885,29,21,112.2,"[26.9, 27.1, 31.2, 32.6, 33.7, 34.5, 38.4, 40.9, 42.3, 44.2, 89.8, 91.7, 94.0, 98.9, 100.5, 102.0, 102.5, 105.0, 107.1, 107.8, 112.2]","['OUTSIDE', 'NEAR', 'INSIDE', 'INSIDE', 'INSIDE', 'OUTSIDE', 'NEAR', 'NEAR', 'NEAR', 'INSIDE', 'OUTSIDE', 'INSIDE', 'INSIDE', 'OUTSIDE', 'INSIDE', 'OUTSIDE', 'INSIDE', 'OUTSIDE', 'OUTSIDE', 'INSIDE', 'OUTSIDE']","[[1.12, 0.07, 0.31], [0.46, 0.27, 0.7], [0.67, 2.08, 0.86], [0.39, 1.82, 0.59], [0.58, 1.7, 0.04], [8.17, 0.49, 2.56], [2.31, 0.48, 2.59], [0.62, 0.29, 0.8], [0.29, 0.19, 0.27], [3.58, 2.39, 2.6], [0.98, 1.69, 0.22], [0.77, 4.08, 0.82], [1.31, 2.02, 0.2], [1.06, 1.69, 0.86], [0.13, 2.85, 0.21], [0.63, 0.45, 0.27], [0.09, 1.07, 0.0], [0.06, 1.47, 0.0], [1.46, 1.9, 0.93], [2.72, 1.99, 1.39], [1.01, 1.89, 1.08]]","[544, 602, 548, 560, 558, 564, 601, 582, 628, 596, 589, 572, 599, 603, 595, 579, 606, 610, 617, 626, 622]",43.4
1207,1790252357793368213,307200,105056,27,19,116.6,"[30.6, 30.7, 32.1, 34.2, 36.5, 37.1, 40.8, 40.9, 41.1, 81.8, 83.9, 85.0, 91.7, 96.2, 97.5, 99.8, 103.3, 105.8, 116.6]","['INSIDE', 'INSIDE', 'NEAR', 'INSIDE', 'INSIDE', 'OUTSIDE', 'NEAR', 'RAIL', 'INSIDE', 'INSIDE', 'RAIL', 'INSIDE', 'INSIDE', 'INSIDE', 'OUTSIDE', 'INSIDE', 'OUTSIDE', 'INSIDE', 'INSIDE']","[[0.34, 2.71, 0.53], [0.29, 2.8, 0.02], [7.35, 0.8, 2.82], [1.39, 1.89, 0.57], [0.06, 2.8, 0.01], [5.16, 0.47, 2.07], [0.5, 0.11, 0.6], [0.3, 0.18, 0.53], [0.12, 1.43, 0.01], [1.0, 1.97, 0.13], [0.99, 0.18, 0.34], [3.13, 3.76, 1.87], [3.14, 4.03, 0.81], [1.94, 0.37, 1.27], [0.98, 1.67, 0.85], [1.6, 3.34, 0.21], [0.76, 1.63, 0.91], [1.73, 4.12, 1.37], [1.18, 2.45, 0.01]]","[548, 560, 564, 558, 601, 551, 582, 596, 628, 569, 578, 571, 572, 599, 603, 605, 579, 610, 627]",52.3
1208,1790252357891184247,307200,105543,29,20,117.2,"[30.7, 34.4, 34.6, 36.5, 39.4, 41.5, 79.6, 82.7, 85.1, 90.3, 93.0, 97.6, 98.7, 100.6, 103.7, 105.2, 109.7, 112.7, 112.9, 117.2]","['INSIDE', 'INSIDE', 'INSIDE', 'OUTSIDE', 'INSIDE', 'NEAR', 'INSIDE', 'INSIDE', 'RAIL', 'OUTSIDE', 'INSIDE', 'NEAR', 'INSIDE', 'INSIDE', 'OUTSIDE', 'INSIDE', 'OUTSIDE', 'OUTSIDE', 'INSIDE', 'INSIDE']","[[0.46, 2.42, 0.78], [1.04, 1.94, 0.35], [0.05, 1.53, 0.01], [7.36, 0.59, 2.52], [0.56, 2.1, 0.37], [4.19, 0.39, 1.64], [3.43, 2.2, 1.95], [1.61, 0.92, 1.81], [0.13, 0.44, 0.22], [2.67, 1.83, 1.6], [3.63, 2.25, 1.03], [0.03, 1.36, 0.0], [1.25, 3.96, 1.35], [0.04, 0.7, 0.0], [0.12, 1.45, 0.0], [3.38, 2.06, 1.19], [1.68, 1.66, 1.06], [0.05, 1.58, 0.0], [0.61, 0.32, 0.95], [0.16, 2.66, 0.0]]","[548, 558, 601, 551, 628, 582, 569, 578, 571, 589, 592, 603, 605, 606, 579, 604, 617, 622, 607, 627]",55.5
1209,1790252357992930086,307200,106543,28,22,115.8,"[24.7, 26.7, 30.5, 30.8, 31.9, 33.8, 36.5, 39.5, 79.1, 81.0, 87.2, 89.7, 90.5, 92.5, 97.7, 99.1, 103.5, 103.7, 108.6, 111.3, 111.5, 115.8]","['INSIDE', 'NEAR', 'INSIDE', 'INSIDE', 'INSIDE', 'INSIDE', 'OUTSIDE', 'NEAR', 'INSIDE', 'INSIDE', 'OUTSIDE', 'OUTSIDE', 'INSIDE', 'INSIDE', 'INSIDE', 'INSIDE', 'OUTSIDE', 'INSIDE', 'OUTSIDE', 'OUTSIDE', 'INSIDE', 'INSIDE']","[[0.35, 1.54, 0.18], [0.48, 0.3, 0.72], [0.63, 1.97, 1.06], [0.34, 2.45, 0.02], [0.7, 1.88, 0.33], [0.25, 2.3, 0.02], [12.95, 0.58, 2.41], [4.42, 0.46, 2.5], [1.72, 0.57, 0.33], [1.25, 2.23, 1.78], [0.99, 0.38, 0.77], [1.81, 1.92, 0.81], [1.48, 0.35, 1.59], [1.61, 2.13, 1.22], [0.26, 2.89, 0.85], [0.06, 1.73, 0.0], [0.16, 1.64, 0.9], [3.53, 2.77, 1.37], [2.95, 1.82, 1.06], [0.04, 1.56, 0.0], [0.57, 0.33, 0.94], [0.09, 2.63, 0.0]]","[602, 544, 548, 560, 558, 601, 564, 582, 569, 578, 583, 589, 567, 592, 603, 605, 579, 611, 617, 622, 607, 614]",52.1
1210,1790252358090416009,307200,104592,29,22,116.7,"[30.8, 33.8, 33.9, 37.8, 38.6, 79.9, 82.1, 83.6, 85.8, 88.5, 90.0, 93.2, 97.7, 99.1, 102.0, 102.3, 106.1, 107.9, 109.8, 110.0, 114.3, 116.7]","['INSIDE', 'INSIDE', 'OUTSIDE', 'INSIDE', 'NEAR', 'INSIDE', 'RAIL', 'INSIDE', 'INSIDE', 'OUTSIDE', 'INSIDE', 'INSIDE', 'INSIDE', 'INSIDE', 'OUTSIDE', 'INSIDE', 'OUTSIDE', 'NEAR', 'OUTSIDE', 'INSIDE', 'INSIDE', 'INSIDE']","[[0.29, 1.85, 0.27], [0.15, 1.77, 0.01], [2.97, 0.5, 1.77], [0.48, 0.92, 0.03], [4.48, 0.37, 1.56], [0.48, 2.66, 0.22], [0.1, 0.43, 0.21], [5.09, 4.21, 1.62], [0.26, 2.45, 0.93], [0.49, 1.64, 0.8], [3.8, 4.1, 1.82], [0.15, 1.3, 0.0], [0.09, 1.7, 0.0], [0.09, 0.74, 0.21], [0.16, 1.8, 0.89], [3.43, 3.64, 1.35], [0.92, 0.25, 0.73], [1.58, 1.32, 0.02], [0.05, 1.73, 0.0], [0.49, 0.33, 0.93], [0.05, 2.59, 0.0], [0.02, 0.81, 0.0]]","[548, 558, 551, 631, 582, 569, 571, 578, 583, 589, 572, 592, 603, 605, 579, 611, 610, 617, 622, 607, 614, 627]",41.5
1211,1790252358195653180,307200,101324,37,26,135.6,"[25.7, 28.9, 33.9, 34.8, 37.2, 37.4, 37.5, 77.5, 77.9, 81.8, 86.7, 87.4, 90.1, 93.3, 94.7, 96.2, 97.4, 99.2, 100.6, 102.1, 104.3, 108.6, 109.0, 109.8, 116.1, 135.6]","['INSIDE', 'INSIDE', 'INSIDE', 'NEAR', 'INSIDE', 'INSIDE', 'NEAR', 'OUTSIDE', 'NEAR', 'INSIDE', 'OUTSIDE', 'NEAR', 'INSIDE', 'INSIDE', 'OUTSIDE', 'NEAR', 'INSIDE', 'INSIDE', 'INSIDE', 'NEAR', 'INSIDE', 'OUTSIDE', 'OUTSIDE', 'INSIDE', 'INSIDE', 'INSIDE']","[[0.36, 1.88, 0.03], [0.39, 2.01, 0.26], [0.28, 1.78, 0.02], [0.43, 0.24, 0.89], [0.54, 1.17, 0.03], [0.95, 0.36, 0.34], [3.44, 0.37, 1.55], [1.34, 1.76, 0.86], [1.54, 0.28, 1.67], [6.38, 4.14, 1.63], [0.75, 0.25, 1.51], [1.09, 0.21, 1.37], [3.39, 3.99, 1.57], [0.12, 1.71, 0.63], [0.36, 0.49, 0.63], [0.08, 1.34, 0.0], [0.57, 3.52, 0.85], [0.04, 0.87, 0.0], [2.41, 0.31, 1.13], [0.03, 1.43, 0.0], [1.72, 4.01, 0.9], [0.05, 0.95, 0.0], [0.06, 1.73, 0.0], [1.9, 0.42, 1.22], [1.88, 3.54, 0.81], [0.27, 3.79, 0.0]]","[602, 527, 558, 551, 631, 601, 582, 569, 565, 578, 589, 583, 572, 592, 593, 603, 605, 606, 611, 579, 604, 617, 622, 607, 627, 575]",46.3
1212,1790252358292033370,307200,97846,29,22,114.0,"[25.6, 27.8, 29.8, 33.4, 34.0, 35.8, 39.7, 79.2, 83.3, 85.3, 87.1, 91.8, 92.9, 94.7, 96.1, 98.1, 100.6, 100.7, 105.2, 107.0, 108.4, 114.0]","['INSIDE', 'INSIDE', 'NEAR', 'INSIDE', 'INSIDE', 'NEAR', 'INSIDE', 'RAIL', 'INSIDE', 'OUTSIDE', 'OUTSIDE', 'INSIDE', 'OUTSIDE', 'OUTSIDE', 'INSIDE', 'OUTSIDE', 'NEAR', 'INSIDE', 'INSIDE', 'INSIDE', 'OUTSIDE', 'INSIDE']","[[0.21, 1.71, 0.02], [0.61, 2.43, 0.23], [0.81, 0.19, 0.51], [0.41, 1.05, 0.03], [0.56, 0.54, 0.28], [3.91, 0.42, 1.75], [0.25, 2.49, 0.33], [0.13, 0.41, 0.2], [1.81, 4.1, 0.92], [0.73, 0.25, 1.11], [0.58, 0.74, 0.56], [0.03, 1.44, 0.0], [1.1, 0.51, 1.08], [0.05, 1.49, 0.0], [0.22, 3.6, 0.65], [1.79, 0.15, 1.1], [0.04, 1.23, 0.0], [6.04, 4.18, 1.35], [0.6, 0.56, 0.01], [0.76, 0.32, 1.19], [0.04, 1.51, 0.0], [2.29, 3.9, 0.8]]","[602, 544, 564, 558, 551, 582, 628, 569, 578, 589, 572, 592, 593, 603, 605, 595, 579, 606, 604, 626, 617, 614]",46.5
1213,1790252358389830672,307200,104573,29,22,111.9,"[25.4, 25.9, 27.7, 30.3, 30.4, 31.9, 33.3, 34.5, 36.7, 42.6, 76.1, 79.0, 84.2, 87.6, 88.7, 90.4, 94.5, 97.0, 100.3, 106.0, 106.9, 111.9]","['INSIDE', 'INSIDE', 'INSIDE', 'INSIDE', 'NEAR', 'NEAR', 'INSIDE', 'NEAR', 'INSIDE', 'INSIDE', 'NEAR', 'INSIDE', 'INSIDE', 'NEAR', 'INSIDE', 'INSIDE', 'OUTSIDE', 'OUTSIDE', 'INSIDE', 'OUTSIDE', 'INSIDE', 'INSIDE']","[[1.58, 1.48, 1.29], [1.28, 2.17, 0.53], [0.23, 2.64, 0.49], [1.02, 2.12, 0.32], [1.04, 0.33, 1.21], [0.1, 0.24, 0.57], [0.39, 1.05, 0.03], [3.64, 0.4, 1.69], [0.25, 1.79, 0.01], [0.37, 2.22, 0.02], [3.1, 0.31, 1.67], [1.59, 2.1, 1.0], [6.36, 4.13, 1.83], [0.07, 1.39, 0.0], [1.92, 0.48, 1.34], [0.23, 1.94, 0.79], [0.58, 1.76, 0.83], [1.09, 0.16, 0.66], [8.65, 4.23, 1.46], [0.06, 1.49, 0.0], [1.92, 0.4, 1.19], [1.34, 2.75, 0.01]]","[602, 544, 527, 548, 564, 558, 551, 582, 631, 596, 565, 569, 578, 572, 583, 567, 603, 595, 606, 610, 626, 614]",50.7
1214,1790252358489981217,307200,104215,27,19,136.4,"[24.8, 28.0, 28.9, 29.3, 30.3, 30.3, 33.6, 34.4, 37.0, 39.7, 42.9, 81.7, 84.0, 91.7, 96.4, 100.8, 104.3, 116.4, 136.4]","['INSIDE', 'INSIDE', 'INSIDE', 'NEAR', 'INSIDE', 'NEAR', 'INSIDE', 'NEAR', 'INSIDE', 'OUTSIDE', 'OUTSIDE', 'INSIDE', 'INSIDE', 'INSIDE', 'INSIDE', 'OUTSIDE', 'INSIDE', 'INSIDE', 'INSIDE']","[[0.36, 0.79, 0.42], [0.55, 2.47, 0.47], [0.26, 2.28, 0.75], [0.61, 0.32, 0.77], [0.19, 1.06, 0.01], [0.66, 0.43, 1.11], [0.47, 1.76, 0.03], [5.91, 0.48, 2.17], [0.12, 1.81, 0.01], [0.29, 0.2, 0.36], [0.12, 1.2, 0.0], [4.74, 2.56, 1.96], [3.8, 3.8, 1.65], [0.21, 1.76, 0.0], [3.38, 4.06, 1.46], [1.65, 1.92, 0.68], [1.18, 3.86, 1.36], [0.07, 2.71, 0.98], [10.37, 4.07, 0.86]]","[602, 527, 548, 564, 560, 558, 551, 582, 631, 628, 596, 578, 589, 592, 605, 579, 604, 627, 575]",43.7
1215,1790252358590207544,307200,104331,28,20,134.9,"[25.4, 30.3, 33.2, 33.3, 36.9, 37.1, 40.9, 80.8, 83.7, 85.8, 88.8, 91.6, 93.1, 94.3, 97.7, 102.8, 104.8, 109.4, 116.0, 134.9]","['INSIDE', 'INSIDE', 'INSIDE', 'NEAR', 'INSIDE', 'NEAR', 'INSIDE', 'INSIDE', 'INSIDE', 'INSIDE', 'OUTSIDE', 'INSIDE', 'OUTSIDE', 'INSIDE', 'INSIDE', 'INSIDE', 'INSIDE', 'OUTSIDE', 'INSIDE', 'INSIDE']","[[0.98, 2.13, 0.86], [0.26, 1.06, 0.02], [0.27, 1.04, 0.02], [1.09, 0.69, 0.36], [0.26, 1.68, 0.02], [0.97, 0.32, 0.99], [1.3, 2.16, 1.23], [1.6, 2.14, 1.75], [1.67, 2.7, 1.26], [0.87, 3.81, 0.92], [0.41, 1.69, 0.39], [0.46, 2.23, 0.58], [3.53, 1.58, 1.3], [2.49, 0.75, 1.41], [2.98, 3.62, 1.05], [1.26, 3.79, 1.34], [1.11, 1.64, 0.01], [0.46, 0.37, 0.3], [0.49, 3.38, 0.81], [10.33, 4.03, 0.85]]","[602, 560, 551, 582, 631, 601, 637, 578, 589, 583, 572, 592, 593, 599, 605, 604, 610, 622, 627, 575]",42.8
1216,1790252358698331871,307200,99113,26,18,118.0,"[26.1, 29.2, 30.5, 32.2, 36.9, 37.7, 41.9, 42.9, 80.5, 85.6, 87.2, 90.7, 92.3, 97.7, 100.9, 104.7, 107.9, 118.0]","['INSIDE', 'INSIDE', 'INSIDE', 'INSIDE', 'INSIDE', 'NEAR', 'OUTSIDE', 'INSIDE', 'INSIDE', 'INSIDE', 'OUTSIDE', 'OUTSIDE', 'INSIDE', 'INSIDE', 'INSIDE', 'INSIDE', 'INSIDE', 'INSIDE']","[[1.13, 2.07, 0.46], [0.05, 2.86, 0.01], [0.57, 1.06, 0.05], [7.84, 2.35, 2.62], [0.41, 1.81, 0.03], [2.83, 0.23, 1.54], [0.09, 0.9, 0.0], [4.46, 2.17, 2.49], [6.72, 4.2, 1.96], [1.06, 3.97, 1.28], [0.74, 0.41, 1.32], [2.02, 1.77, 1.57], [2.17, 2.33, 1.6], [3.01, 3.91, 1.48], [0.13, 0.22, 1.12], [1.71, 3.62, 0.92], [0.08, 1.69, 0.0], [3.82, 4.17, 0.83]]","[602, 548, 560, 582, 631, 601, 596, 635, 578, 583, 572, 567, 592, 605, 611, 610, 617, 627]",42.3
1217,1790252358794691510,307200,103690,30,24,118.2,"[25.4, 29.3, 29.7, 30.0, 30.5, 33.5, 34.1, 34.5, 35.6, 37.1, 40.2, 41.4, 80.4, 81.3, 84.3, 86.6, 88.6, 88.8, 91.0, 91.9, 97.0, 99.6, 107.6, 118.2]","['INSIDE', 'INSIDE', 'NEAR', 'INSIDE', 'INSIDE', 'INSIDE', 'NEAR', 'RAIL', 'NEAR', 'INSIDE', 'INSIDE', 'OUTSIDE', 'OUTSIDE', 'NEAR', 'INSIDE', 'INSIDE', 'OUTSIDE', 'INSIDE', 'OUTSIDE', 'INSIDE', 'OUTSIDE', 'INSIDE', 'INSIDE', 'INSIDE']","[[1.06, 2.03, 0.45], [0.03, 2.25, 0.01], [0.73, 0.32, 0.3], [0.63, 1.06, 0.05], [7.39, 2.36, 2.95], [0.36, 1.76, 0.03], [0.74, 0.26, 0.6], [0.91, 0.19, 0.38], [0.85, 0.31, 1.2], [0.13, 1.81, 0.01], [0.65, 2.02, 0.39], [4.95, 0.22, 2.03], [1.13, 0.2, 0.55], [0.04, 1.42, 0.0], [1.58, 1.51, 1.5], [1.55, 3.76, 0.95], [0.76, 0.36, 1.77], [0.16, 2.01, 0.16], [1.62, 1.82, 0.83], [3.53, 2.01, 1.42], [2.9, 1.67, 1.07], [0.47, 3.87, 1.51], [2.89, 3.47, 0.92], [1.57, 3.79, 0.83]]","[602, 548, 558, 560, 564, 551, 582, 601, 631, 632, 637, 628, 571, 578, 583, 572, 567, 592, 593, 599, 595, 606, 617, 627]",45.9
1218,1790252358892590087,307200,104025,33,25,135.2,"[24.6, 27.8, 29.4, 31.3, 32.5, 33.0, 35.0, 35.1, 36.1, 38.4, 39.0, 42.0, 42.9, 79.6, 81.3, 82.9, 85.2, 90.2, 90.6, 93.8, 96.9, 105.5, 114.0, 116.8, 135.2]","['NEAR', 'INSIDE', 'OUTSIDE', 'INSIDE', 'RAIL', 'INSIDE', 'NEAR', 'OUTSIDE', 'RAIL', 'INSIDE', 'OUTSIDE', 'INSIDE', 'INSIDE', 'OUTSIDE', 'INSIDE', 'INSIDE', 'INSIDE', 'OUTSIDE', 'INSIDE', 'OUTSIDE', 'INSIDE', 'INSIDE', 'INSIDE', 'INSIDE', 'INSIDE']","[[0.91, 0.31, 1.09], [2.02, 2.14, 0.68], [0.32, 1.2, 0.27], [0.48, 2.52, 0.26], [0.86, 0.12, 0.36], [7.84, 2.38, 2.67], [0.5, 0.28, 1.28], [2.26, 0.25, 1.41], [0.4, 0.16, 0.29], [0.31, 2.47, 0.68], [4.54, 0.27, 2.01], [0.11, 3.0, 0.0], [1.2, 2.12, 1.73], [0.47, 1.68, 1.41], [0.19, 0.72, 0.22], [1.38, 2.07, 1.06], [6.69, 3.82, 1.91], [0.09, 1.58, 0.81], [3.19, 2.03, 1.4], [1.28, 0.52, 0.82], [2.95, 3.97, 1.49], [1.61, 3.61, 0.69], [1.06, 0.32, 0.96], [1.52, 3.95, 0.99], [2.0, 4.09, 0.87]]","[602, 527, 560, 551, 582, 564, 631, 601, 632, 637, 628, 596, 635, 571, 578, 583, 572, 593, 599, 603, 605, 610, 614, 627, 575]",47.0
1219,1790252358991850199,307200,103906,32,22,112.5,"[25.4, 27.1, 28.0, 30.3, 31.1, 32.3, 32.9, 33.6, 35.2, 37.1, 41.6, 81.3, 81.7, 86.8, 92.4, 94.0, 96.6, 100.3, 103.7, 106.8, 108.8, 112.5]","['INSIDE', 'NEAR', 'INSIDE', 'INSIDE', 'INSIDE', 'INSIDE', 'RAIL', 'OUTSIDE', 'INSIDE', 'NEAR', 'INSIDE', 'NEAR', 'INSIDE', 'INSIDE', 'OUTSIDE', 'INSIDE', 'INSIDE', 'INSIDE', 'OUTSIDE', 'OUTSIDE', 'INSIDE', 'INSIDE']","[[1.52, 1.48, 0.54], [0.72, 0.23, 0.53], [0.96, 1.83, 0.49], [0.6, 1.7, 0.05], [0.32, 2.28, 0.26], [1.14, 1.96, 0.27], [2.81, 0.22, 0.56], [0.53, 0.16, 0.46], [0.37, 2.08, 0.02], [5.59, 0.32, 2.59], [0.12, 1.74, 0.01], [0.04, 1.42, 0.0], [2.34, 2.16, 1.24], [7.45, 4.14, 1.9], [1.73, 1.8, 1.2], [1.54, 3.44, 0.39], [0.54, 0.34, 1.26], [1.68, 3.53, 0.88], [1.85, 0.34, 0.47], [1.12, 0.21, 0.93], [0.49, 3.78, 1.25], [1.04, 0.31, 0.95]]","[602, 527, 564, 558, 560, 551, 582, 601, 631, 628, 635, 578, 583, 572, 603, 605, 595, 606, 604, 617, 607, 614]",45.2
1220,1790252359091465438,307200,101062,31,19,110.8,"[25.6, 29.6, 30.4, 30.9, 31.5, 32.4, 33.4, 36.0, 41.4, 44.3, 82.2, 84.3, 84.9, 89.6, 95.1, 96.9, 102.7, 104.6, 110.8]","['INSIDE', 'NEAR', 'INSIDE', 'OUTSIDE', 'INSIDE', 'INSIDE', 'NEAR', 'INSIDE', 'INSIDE', 'INSIDE', 'OUTSIDE', 'INSIDE', 'OUTSIDE', 'INSIDE', 'INSIDE', 'INSIDE', 'INSIDE', 'INSIDE', 'INSIDE']","[[1.04, 1.97, 0.61], [0.66, 0.3, 0.91], [0.52, 1.94, 0.25], [0.28, 0.15, 0.81], [0.11, 2.6, 0.01], [0.42, 1.28, 0.03], [3.97, 0.3, 2.29], [4.34, 2.22, 2.54], [0.8, 1.87, 0.4], [0.19, 2.01, 0.01], [1.38, 1.59, 0.39], [0.16, 1.17, 0.22], [4.65, 0.56, 1.51], [8.54, 4.13, 1.96], [0.69, 3.88, 1.66], [0.07, 2.03, 0.0], [1.54, 3.07, 0.88], [0.09, 2.01, 0.0], [1.93, 4.34, 1.45]]","[602, 558, 560, 582, 551, 631, 601, 628, 635, 596, 578, 589, 572, 593, 605, 595, 604, 610, 607]",39.6
1221,1790252359196926686,307200,103656,28,18,113.0,"[26.8, 28.1, 28.7, 30.8, 32.2, 32.3, 33.6, 39.8, 85.4, 90.2, 93.6, 94.4, 95.8, 98.1, 103.1, 104.4, 110.9, 113.0]","['INSIDE', 'NEAR', 'NEAR', 'OUTSIDE', 'INSIDE', 'INSIDE', 'INSIDE', 'OUTSIDE', 'INSIDE', 'INSIDE', 'INSIDE', 'OUTSIDE', 'INSIDE', 'INSIDE', 'INSIDE', 'INSIDE', 'INSIDE', 'INSIDE']","[[0.5, 2.69, 0.04], [0.47, 0.27, 0.8], [0.36, 0.22, 0.77], [1.26, 1.54, 0.36], [1.03, 2.41, 0.84], [0.78, 1.93, 0.28], [9.21, 2.22, 2.67], [0.13, 0.87, 0.35], [3.22, 2.59, 2.07], [3.0, 3.89, 1.35], [0.73, 0.57, 1.42], [1.31, 1.73, 0.86], [1.53, 3.34, 0.21], [0.03, 2.23, 0.0], [0.14, 3.28, 0.21], [0.23, 3.83, 0.69], [3.91, 4.35, 1.45], [0.12, 2.37, 0.0]]","[544, 558, 564, 548, 551, 631, 601, 637, 589, 593, 605, 603, 595, 606, 604, 610, 607, 614]",42.1
1222,1790252359291297984,307200,102680,33,24,115.3,"[26.7, 27.1, 27.8, 30.4, 33.5, 37.2, 37.3, 38.0, 39.0, 42.4, 75.4, 77.1, 80.1, 82.8, 83.6, 86.4, 89.0, 92.2, 92.6, 96.0, 97.6, 99.4, 108.1, 115.3]","['INSIDE', 'NEAR', 'INSIDE', 'INSIDE', 'INSIDE', 'INSIDE', 'RAIL', 'RAIL', 'NEAR', 'INSIDE', 'OUTSIDE', 'INSIDE', 'INSIDE', 'OUTSIDE', 'INSIDE', 'INSIDE', 'INSIDE', 'OUTSIDE', 'INSIDE', 'OUTSIDE', 'INSIDE', 'INSIDE', 'INSIDE', 'INSIDE']","[[0.64, 0.82, 0.06], [0.39, 0.23, 0.71], [0.3, 0.97, 0.03], [0.38, 2.17, 0.55], [0.2, 0.82, 0.01], [0.12, 1.82, 0.01], [0.49, 0.18, 0.31], [1.51, 0.27, 0.77], [4.14, 0.31, 1.96], [0.27, 1.48, 0.01], [2.81, 1.68, 2.17], [1.77, 2.06, 2.04], [4.79, 3.77, 2.11], [1.37, 1.65, 0.91], [2.98, 0.34, 2.16], [1.84, 1.78, 1.53], [3.81, 3.76, 1.97], [0.03, 1.45, 0.0], [1.7, 0.41, 1.39], [0.66, 0.33, 1.06], [0.03, 1.36, 0.0], [2.09, 3.45, 0.22], [6.16, 4.28, 1.46], [0.14, 2.62, 0.0]]","[527, 558, 544, 560, 631, 639, 632, 638, 628, 635, 565, 569, 571, 578, 583, 589, 592, 603, 605, 595, 606, 579, 622, 627]",43.0
1223,1790252359392380166,307200,102054,31,22,109.1,"[25.1, 25.8, 27.1, 28.1, 29.7, 30.5, 31.7, 38.0, 39.5, 42.9, 44.6, 75.0, 78.5, 82.0, 82.1, 87.3, 92.0, 97.6, 101.6, 103.9, 106.2, 109.1]","['INSIDE', 'INSIDE', 'NEAR', 'INSIDE', 'INSIDE', 'INSIDE', 'INSIDE', 'INSIDE', 'INSIDE', 'NEAR', 'NEAR', 'INSIDE', 'INSIDE', 'INSIDE', 'INSIDE', 'INSIDE', 'INSIDE', 'OUTSIDE', 'INSIDE', 'INSIDE', 'INSIDE', 'INSIDE']","[[0.09, 0.88, 0.01], [0.16, 0.99, 0.02], [0.68, 0.34, 0.92], [0.43, 2.16, 0.25], [0.46, 1.24, 0.75], [0.11, 0.85, 0.01], [1.45, 2.41, 0.58], [0.7, 1.73, 0.04], [0.16, 1.8, 0.01], [0.15, 1.4, 0.01], [10.47, 0.3, 1.9], [2.05, 1.51, 1.46], [0.15, 0.8, 0.16], [2.01, 2.18, 1.86], [4.28, 2.92, 1.95], [3.76, 3.89, 1.92], [3.18, 3.98, 1.8], [0.51, 0.51, 0.62], [0.1, 2.31, 0.0], [1.44, 3.95, 0.21], [0.36, 0.79, 0.93], [2.23, 4.13, 1.64]]","[602, 527, 558, 544, 560, 548, 551, 639, 635, 596, 638, 569, 571, 583, 578, 589, 603, 595, 604, 610, 622, 607]",52.0
1224,1790252359494172319,307200,108786,21,16,114.4,"[27.0, 27.8, 37.6, 42.5, 43.9, 77.6, 85.7, 89.2, 91.2, 96.7, 98.7, 99.9, 105.3, 106.2, 111.9, 114.4]","['INSIDE', 'INSIDE', 'INSIDE', 'INSIDE', 'NEAR', 'INSIDE', 'INSIDE', 'INSIDE', 'INSIDE', 'RAIL', 'INSIDE', 'INSIDE', 'OUTSIDE', 'INSIDE', 'OUTSIDE', 'INSIDE']","[[0.61, 0.89, 0.47], [0.3, 1.35, 0.27], [0.78, 1.57, 0.05], [0.44, 1.04, 0.02], [4.57, 0.52, 2.48], [1.43, 1.22, 2.21], [3.61, 3.87, 2.1], [0.8, 0.63, 1.78], [1.88, 3.68, 0.77], [1.69, 0.05, 0.42], [0.2, 3.46, 0.23], [0.5, 3.79, 0.87], [0.27, 1.15, 0.92], [3.25, 4.47, 1.46], [1.43, 0.66, 0.23], [1.39, 3.75, 0.24]]","[558, 544, 639, 635, 641, 571, 589, 599, 603, 606, 579, 604, 617, 622, 614, 627]",49.1
1225,1790252359592778565,307200,100357,32,22,116.3,"[25.8, 27.4, 28.3, 29.7, 30.5, 33.8, 33.9, 37.3, 38.0, 40.1, 41.4, 43.0, 72.2, 80.8, 88.2, 89.5, 94.0, 98.7, 103.3, 106.1, 110.3, 116.3]","['NEAR', 'NEAR', 'INSIDE', 'NEAR', 'INSIDE', 'INSIDE', 'INSIDE', 'INSIDE', 'NEAR', 'INSIDE', 'NEAR', 'INSIDE', 'NEAR', 'INSIDE', 'INSIDE', 'INSIDE', 'INSIDE', 'OUTSIDE', 'INSIDE', 'OUTSIDE', 'INSIDE', 'INSIDE']","[[0.57, 0.84, 0.72], [0.84, 0.24, 1.15], [0.83, 2.4, 0.26], [0.72, 0.33, 0.73], [0.16, 0.85, 0.01], [0.66, 1.06, 0.05], [0.61, 0.58, 0.28], [0.39, 2.08, 0.35], [2.89, 0.28, 1.61], [0.08, 0.84, 0.0], [0.62, 0.18, 1.4], [0.41, 1.8, 0.02], [1.08, 0.18, 1.4], [11.37, 4.31, 2.27], [0.13, 1.41, 0.0], [1.8, 4.0, 2.15], [1.69, 3.45, 0.59], [2.19, 0.27, 1.74], [2.39, 4.43, 0.91], [1.0, 0.45, 1.15], [1.39, 3.27, 0.73], [0.06, 0.81, 0.0]]","[602, 558, 544, 560, 548, 631, 601, 639, 628, 638, 635, 641, 569, 578, 592, 599, 605, 595, 610, 617, 607, 627]",42.0
1226,1790252359689355033,307200,103840,24,16,115.0,"[25.0, 30.9, 34.1, 38.4, 43.3, 83.6, 86.2, 86.8, 91.7, 92.5, 98.9, 102.3, 102.6, 105.6, 108.2, 115.0]","['NEAR', 'INSIDE', 'INSIDE', 'INSIDE', 'INSIDE', 'INSIDE', 'INSIDE', 'OUTSIDE', 'INSIDE', 'INSIDE', 'INSIDE', 'OUTSIDE', 'INSIDE', 'INSIDE', 'OUTSIDE', 'INSIDE']","[[0.92, 0.35, 0.94], [0.28, 1.08, 0.02], [1.21, 2.18, 0.58], [0.21, 2.11, 0.33], [0.22, 1.36, 0.01], [2.86, 3.66, 2.25], [0.65, 0.42, 1.88], [1.0, 0.31, 1.01], [1.72, 3.22, 0.8], [2.18, 0.09, 0.64], [1.38, 3.81, 1.92], [0.23, 0.35, 0.65], [2.08, 0.88, 1.57], [2.72, 3.87, 1.68], [0.49, 1.65, 0.23], [3.2, 4.03, 1.74]]","[602, 548, 601, 639, 641, 583, 589, 567, 603, 593, 579, 610, 604, 622, 617, 627]",41.8
1227,1790252359793966810,307200,110038,25,21,115.1,"[26.0, 26.8, 28.2, 30.6, 30.8, 34.1, 36.9, 38.3, 39.9, 40.1, 43.1, 84.5, 90.2, 91.9, 92.2, 97.5, 98.9, 101.6, 104.9, 112.8, 115.1]","['INSIDE', 'OUTSIDE', 'INSIDE', 'INSIDE', 'NEAR', 'INSIDE', 'INSIDE', 'INSIDE', 'INSIDE', 'INSIDE', 'INSIDE', 'INSIDE', 'INSIDE', 'INSIDE', 'RAIL', 'INSIDE', 'INSIDE', 'INSIDE', 'INSIDE', 'INSIDE', 'OUTSIDE']","[[0.41, 1.9, 0.04], [0.58, 1.29, 0.7], [0.65, 2.56, 0.24], [0.36, 1.07, 0.03], [0.74, 0.39, 0.52], [0.3, 1.79, 0.02], [0.05, 1.54, 0.0], [0.89, 0.94, 0.05], [0.48, 2.22, 0.03], [0.24, 0.84, 0.01], [0.27, 0.9, 0.01], [4.07, 4.16, 2.25], [0.04, 1.1, 0.0], [2.76, 3.75, 1.65], [1.65, 0.01, 0.45], [1.32, 4.08, 0.2], [1.03, 1.86, 0.2], [2.93, 1.04, 1.39], [4.26, 3.83, 1.65], [1.89, 4.17, 1.72], [0.42, 1.21, 0.76]]","[527, 544, 558, 548, 560, 601, 639, 638, 637, 644, 641, 583, 592, 603, 593, 579, 606, 604, 622, 614, 634]",54.1
1228,1790252359893479854,307200,101865,25,20,116.5,"[26.0, 27.0, 28.1, 30.8, 35.6, 38.4, 39.6, 43.0, 43.1, 84.5, 90.8, 91.7, 93.2, 98.6, 103.6, 104.9, 107.8, 110.6, 115.2, 116.5]","['INSIDE', 'NEAR', 'INSIDE', 'INSIDE', 'INSIDE', 'INSIDE', 'INSIDE', 'INSIDE', 'NEAR', 'INSIDE', 'OUTSIDE', 'INSIDE', 'INSIDE', 'INSIDE', 'NEAR', 'INSIDE', 'INSIDE', 'OUTSIDE', 'INSIDE', 'INSIDE']","[[0.48, 1.81, 0.05], [1.14, 0.29, 0.71], [0.35, 2.07, 0.25], [0.52, 2.21, 0.56], [0.36, 2.1, 0.02], [0.16, 2.11, 0.33], [0.62, 2.24, 0.38], [0.29, 0.9, 0.01], [0.28, 0.38, 2.26], [3.11, 3.96, 2.27], [1.42, 1.12, 1.42], [2.14, 3.5, 0.78], [1.09, 0.07, 0.65], [1.41, 4.39, 1.27], [1.5, 0.6, 0.88], [6.19, 3.82, 1.78], [0.02, 1.88, 0.0], [0.08, 0.43, 0.23], [0.44, 3.86, 0.24], [0.06, 1.42, 0.0]]","[527, 564, 558, 548, 639, 638, 637, 641, 645, 583, 603, 592, 593, 606, 622, 610, 617, 607, 627, 633]",51.4
1229,1790252359993859855,307200,99991,27,23,119.0,"[26.2, 30.7, 31.3, 32.5, 33.3, 38.8, 40.4, 43.9, 44.4, 45.8, 46.2, 82.2, 83.6, 84.4, 90.5, 92.7, 95.3, 97.7, 101.0, 103.2, 109.8, 111.5, 119.0]","['INSIDE', 'INSIDE', 'NEAR', 'INSIDE', 'INSIDE', 'INSIDE', 'OUTSIDE', 'INSIDE', 'OUTSIDE', 'INSIDE', 'INSIDE', 'INSIDE', 'INSIDE', 'OUTSIDE', 'INSIDE', 'INSIDE', 'INSIDE', 'INSIDE', 'INSIDE', 'RAIL', 'OUTSIDE', 'INSIDE', 'INSIDE']","[[0.49, 1.73, 0.05], [0.73, 1.41, 0.26], [0.81, 0.34, 0.51], [0.77, 2.24, 0.31], [1.14, 1.07, 0.66], [0.21, 1.76, 0.01], [0.46, 0.98, 0.03], [0.06, 1.71, 0.0], [3.07, 0.28, 1.7], [0.54, 2.11, 0.03], [0.41, 0.95, 0.44], [0.07, 1.46, 0.0], [1.83, 3.98, 2.36], [1.79, 0.25, 1.51], [5.84, 4.03, 2.01], [1.08, 0.09, 0.78], [0.42, 1.13, 1.84], [1.7, 4.47, 1.23], [2.61, 3.84, 1.1], [1.74, 0.65, 0.66], [1.82, 0.57, 1.49], [1.58, 3.82, 0.75], [1.93, 0.62, 0.78]]","[527, 548, 560, 551, 601, 638, 637, 641, 645, 596, 643, 583, 578, 572, 592, 593, 605, 579, 604, 622, 607, 614, 633]",41.5
1230,1790252360101326653,307200,109048,30,26,117.6,"[24.9, 26.1, 31.1, 32.3, 33.8, 34.5, 36.0, 38.6, 40.1, 41.1, 42.2, 44.3, 80.5, 81.2, 82.0, 84.7, 88.3, 92.2, 92.6, 95.9, 98.7, 100.2, 109.1, 110.6, 110.7, 117.6]","['OUTSIDE', 'INSIDE', 'INSIDE', 'INSIDE', 'NEAR', 'INSIDE', 'NEAR', 'INSIDE', 'OUTSIDE', 'OUTSIDE', 'OUTSIDE', 'INSIDE', 'NEAR', 'INSIDE', 'INSIDE', 'RAIL', 'INSIDE', 'OUTSIDE', 'INSIDE', 'INSIDE', 'OUTSIDE', 'INSIDE', 'INSIDE', 'OUTSIDE', 'INSIDE', 'INSIDE']","[[0.78, 0.27, 0.9], [0.71, 1.82, 0.07], [0.46, 1.96, 0.25], [0.59, 2.7, 0.29], [0.46, 0.35, 0.59], [0.51, 2.1, 0.29], [0.5, 1.24, 0.31], [0.48, 2.02, 0.03], [0.53, 0.18, 1.27], [0.35, 0.18, 0.71], [0.75, 0.17, 1.48], [0.06, 1.7, 0.0], [0.06, 0.84, 0.0], [2.85, 0.84, 2.32], [0.47, 3.91, 0.34], [1.96, 0.04, 0.58], [2.68, 4.06, 1.73], [2.96, 0.37, 1.65], [2.93, 0.09, 1.04], [1.09, 4.42, 0.79], [1.49, 0.38, 1.28], [1.78, 3.86, 0.63], [0.45, 3.05, 0.24], [0.36, 1.07, 0.74], [0.18, 0.24, 1.51], [2.18, 0.61, 1.25]]","[602, 527, 548, 551, 601, 631, 639, 638, 635, 644, 645, 641, 578, 583, 572, 589, 599, 603, 593, 605, 595, 604, 617, 607, 614, 633]",38.3
1231,1790252360188212534,307200,97144,27,23,116.2,"[26.2, 31.0, 34.9, 36.9, 38.5, 42.4, 43.9, 79.4, 80.3, 80.4, 81.3, 83.2, 83.3, 87.1, 90.7, 92.5, 96.0, 99.2, 101.0, 106.2, 110.8, 115.6, 116.2]","['INSIDE', 'INSIDE', 'INSIDE', 'INSIDE', 'INSIDE', 'OUTSIDE', 'INSIDE', 'INSIDE', 'INSIDE', 'RAIL', 'OUTSIDE', 'INSIDE', 'INSIDE', 'INSIDE', 'INSIDE', 'OUTSIDE', 'INSIDE', 'OUTSIDE', 'INSIDE', 'OUTSIDE', 'INSIDE', 'OUTSIDE', 'INSIDE']","[[0.16, 1.01, 0.02], [0.25, 2.07, 0.29], [0.85, 1.22, 0.06], [0.07, 2.32, 0.01], [0.05, 1.88, 0.0], [2.08, 0.23, 1.68], [0.24, 1.68, 0.01], [1.67, 0.56, 2.09], [0.08, 0.98, 0.0], [1.67, 0.28, 1.09], [2.16, 1.91, 1.07], [0.07, 2.18, 0.0], [2.07, 0.08, 0.59], [5.2, 3.58, 1.73], [3.07, 0.15, 1.22], [2.06, 0.2, 1.41], [3.54, 4.45, 1.86], [0.83, 0.19, 0.96], [2.67, 4.4, 1.96], [0.2, 0.38, 0.24], [0.51, 3.69, 0.45], [0.62, 0.48, 1.51], [2.03, 0.6, 1.75]]","[527, 548, 631, 638, 628, 645, 641, 583, 572, 578, 571, 589, 567, 599, 593, 603, 605, 595, 604, 610, 607, 634, 633]",49.6
1232,1790252360291523695,307200,100478,26,23,114.3,"[31.1, 35.2, 37.6, 39.5, 39.8, 43.1, 44.6, 46.9, 47.5, 81.7, 81.7, 84.6, 88.3, 90.3, 90.8, 93.8, 96.1, 98.9, 99.4, 105.4, 109.2, 113.9, 114.3]","['INSIDE', 'INSIDE', 'OUTSIDE', 'INSIDE', 'NEAR', 'INSIDE', 'NEAR', 'INSIDE', 'OUTSIDE', 'INSIDE', 'RAIL', 'INSIDE', 'INSIDE', 'RAIL', 'INSIDE', 'NEAR', 'OUTSIDE', 'INSIDE', 'NEAR', 'INSIDE', 'OUTSIDE', 'OUTSIDE', 'INSIDE']","[[1.71, 2.46, 0.82], [0.6, 1.85, 0.04], [1.28, 0.22, 1.56], [0.74, 0.97, 0.04], [2.35, 0.23, 2.36], [0.4, 1.71, 0.02], [2.99, 0.39, 2.47], [0.11, 2.16, 0.0], [3.45, 0.36, 2.24], [1.99, 0.06, 0.57], [3.18, 0.31, 0.74], [5.03, 3.98, 2.24], [1.01, 0.18, 1.37], [0.1, 0.06, 0.58], [1.7, 3.94, 0.99], [2.28, 0.63, 2.08], [1.66, 0.54, 1.69], [0.49, 3.15, 0.18], [1.62, 0.72, 1.71], [1.81, 3.86, 1.86], [2.69, 0.2, 0.46], [1.72, 0.84, 1.98], [2.3, 0.66, 0.78]]","[548, 631, 628, 637, 635, 641, 645, 596, 643, 567, 578, 589, 593, 592, 603, 605, 579, 606, 604, 610, 617, 634, 627]",67.5
1233,1790252360391944286,307200,102647,31,27,114.3,"[23.7, 24.4, 24.8, 28.9, 35.4, 38.9, 39.7, 41.0, 46.1, 47.6, 47.9, 81.6, 83.1, 83.4, 85.8, 86.5, 88.7, 88.8, 93.0, 97.4, 99.4, 101.9, 104.7, 108.2, 112.3, 112.6, 114.3]","['NEAR', 'INSIDE', 'NEAR', 'INSIDE', 'INSIDE', 'INSIDE', 'NEAR', 'OUTSIDE', 'INSIDE', 'INSIDE', 'NEAR', 'INSIDE', 'OUTSIDE', 'INSIDE', 'OUTSIDE', 'INSIDE', 'INSIDE', 'RAIL', 'INSIDE', 'NEAR', 'OUTSIDE', 'INSIDE', 'OUTSIDE', 'INSIDE', 'OUTSIDE', 'INSIDE', 'INSIDE']","[[0.75, 0.65, 0.68], [0.43, 1.04, 0.05], [0.7, 0.26, 0.41], [0.25, 1.01, 0.02], [0.22, 2.15, 0.31], [0.41, 1.8, 0.02], [1.38, 0.26, 2.08], [1.98, 0.27, 1.66], [0.29, 1.29, 0.02], [0.21, 2.16, 0.01], [2.91, 0.23, 1.83], [0.05, 2.85, 0.0], [1.28, 0.51, 0.59], [1.66, 0.05, 1.08], [1.9, 1.55, 2.27], [0.54, 0.9, 0.95], [1.22, 3.01, 0.76], [3.03, 0.24, 0.98], [3.6, 4.44, 1.8], [1.66, 0.77, 0.82], [0.9, 0.5, 1.74], [0.61, 3.19, 0.82], [3.48, 0.56, 1.53], [1.41, 4.12, 0.69], [0.46, 0.43, 1.71], [0.1, 0.39, 0.26], [1.49, 0.42, 0.47]]","[602, 527, 564, 558, 631, 637, 635, 644, 641, 596, 643, 571, 578, 567, 599, 593, 603, 592, 605, 604, 595, 622, 610, 617, 634, 627, 633]",40.1
1234,1790252360492553718,307200,109095,30,24,112.4,"[23.0, 29.2, 31.9, 35.4, 36.8, 40.1, 40.2, 46.1, 48.8, 74.8, 76.8, 84.1, 89.5, 90.4, 90.4, 94.5, 96.0, 98.8, 101.1, 103.2, 103.3, 109.1, 111.3, 112.4]","['INSIDE', 'INSIDE', 'INSIDE', 'INSIDE', 'NEAR', 'INSIDE', 'NEAR', 'INSIDE', 'NEAR', 'INSIDE', 'RAIL', 'INSIDE', 'INSIDE', 'OUTSIDE', 'NEAR', 'INSIDE', 'NEAR', 'INSIDE', 'INSIDE', 'OUTSIDE', 'INSIDE', 'INSIDE', 'INSIDE', 'INSIDE']","[[0.24, 0.96, 0.03], [0.43, 1.01, 0.04], [0.24, 1.0, 0.02], [0.38, 2.15, 0.31], [2.53, 0.19, 1.57], [0.1, 1.4, 0.01], [3.31, 0.37, 2.41], [0.15, 1.77, 0.01], [0.75, 0.21, 2.26], [1.73, 0.56, 2.32], [1.26, 0.19, 0.69], [9.87, 4.06, 2.59], [0.05, 0.94, 0.0], [0.56, 0.36, 0.79], [1.31, 0.7, 1.97], [4.34, 3.79, 1.83], [1.68, 0.72, 0.8], [0.01, 1.03, 0.0], [0.82, 0.37, 0.83], [0.01, 0.36, 0.22], [0.18, 2.7, 0.0], [0.04, 0.95, 0.0], [1.6, 4.04, 2.13], [0.72, 0.33, 1.7]]","[602, 558, 548, 631, 628, 637, 644, 641, 643, 569, 583, 589, 603, 605, 592, 579, 604, 606, 622, 610, 595, 617, 607, 627]",54.4
1235,1790252360593986917,307200,102703,26,22,110.3,"[29.4, 32.3, 37.5, 40.3, 43.5, 48.8, 78.2, 80.4, 82.1, 83.3, 85.3, 86.5, 86.7, 91.1, 94.5, 95.6, 100.6, 101.2, 105.3, 106.0, 110.0, 110.3]","['INSIDE', 'INSIDE', 'INSIDE', 'INSIDE', 'NEAR', 'NEAR', 'RAIL', 'INSIDE', 'OUTSIDE', 'INSIDE', 'INSIDE', 'OUTSIDE', 'RAIL', 'INSIDE', 'NEAR', 'INSIDE', 'OUTSIDE', 'INSIDE', 'OUTSIDE', 'INSIDE', 'OUTSIDE', 'INSIDE']","[[0.27, 1.02, 0.02], [0.42, 2.06, 0.29], [0.41, 1.06, 0.03], [0.67, 1.82, 0.04], [6.01, 0.39, 2.69], [1.85, 0.24, 1.95], [1.05, 0.21, 0.86], [1.68, 0.08, 1.41], [3.31, 1.68, 2.61], [2.13, 1.41, 2.2], [0.06, 0.89, 0.0], [2.01, 0.24, 0.69], [0.99, 0.1, 0.73], [5.66, 4.54, 2.56], [1.67, 0.69, 1.04], [1.49, 3.88, 0.84], [2.52, 0.59, 2.05], [0.04, 0.16, 1.13], [1.68, 1.71, 0.41], [0.07, 1.67, 0.0], [1.31, 0.48, 1.91], [2.1, 0.57, 2.11]]","[558, 548, 639, 637, 645, 643, 583, 572, 578, 567, 589, 599, 593, 603, 604, 579, 610, 622, 595, 617, 607, 614]",36.0
1236,1790252360690134345,307200,102447,27,22,108.4,"[23.3, 27.1, 29.4, 32.1, 33.8, 36.2, 38.6, 40.8, 42.0, 46.8, 48.6, 49.1, 80.4, 84.3, 84.8, 88.1, 89.1, 95.9, 97.2, 99.6, 100.8, 108.4]","['INSIDE', 'NEAR', 'INSIDE', 'INSIDE', 'NEAR', 'OUTSIDE', 'NEAR', 'INSIDE', 'OUTSIDE', 'INSIDE', 'NEAR', 'RAIL', 'INSIDE', 'RAIL', 'INSIDE', 'INSIDE', 'INSIDE', 'INSIDE', 'INSIDE', 'OUTSIDE', 'INSIDE', 'INSIDE']","[[0.48, 1.41, 0.26], [0.41, 0.41, 0.49], [0.31, 1.75, 0.03], [0.97, 2.21, 0.58], [0.61, 0.27, 0.32], [3.06, 0.27, 1.87], [0.81, 0.17, 0.78], [0.69, 1.0, 0.04], [6.04, 0.37, 1.77], [0.15, 1.8, 0.01], [0.52, 0.14, 0.99], [1.79, 0.43, 0.78], [3.11, 0.09, 1.62], [0.12, 0.09, 0.93], [1.72, 4.34, 0.92], [3.46, 1.14, 2.36], [5.87, 3.82, 2.6], [0.06, 1.65, 0.19], [0.13, 3.7, 0.19], [1.96, 0.68, 2.02], [2.1, 0.16, 1.32], [1.68, 4.15, 2.08]]","[602, 558, 560, 548, 601, 628, 635, 637, 645, 641, 643, 642, 572, 567, 589, 593, 603, 579, 606, 610, 622, 607]",40.4
1237,1790252360790137004,307200,94612,26,23,108.0,"[21.7, 23.6, 27.6, 32.1, 35.8, 38.1, 40.8, 41.5, 46.1, 47.1, 47.8, 48.8, 49.6, 77.3, 86.0, 91.3, 95.7, 97.1, 97.8, 101.7, 106.2, 107.0, 108.0]","['INSIDE', 'OUTSIDE', 'NEAR', 'INSIDE', 'INSIDE', 'INSIDE', 'INSIDE', 'OUTSIDE', 'INSIDE', 'RAIL', 'NEAR', 'NEAR', 'RAIL', 'INSIDE', 'INSIDE', 'INSIDE', 'INSIDE', 'INSIDE', 'INSIDE', 'OUTSIDE', 'INSIDE', 'OUTSIDE', 'INSIDE']","[[0.87, 2.31, 0.25], [1.49, 1.15, 1.3], [0.4, 0.31, 0.74], [1.0, 2.18, 0.9], [0.09, 1.75, 0.01], [0.46, 1.98, 0.03], [0.44, 1.57, 0.03], [7.71, 0.45, 2.42], [0.39, 1.93, 0.02], [1.77, 0.58, 0.76], [1.99, 0.28, 2.28], [0.84, 0.3, 1.32], [0.57, 0.15, 0.55], [8.05, 0.15, 1.69], [9.05, 4.59, 2.62], [1.14, 3.98, 2.2], [0.1, 2.0, 0.0], [0.3, 3.39, 0.01], [1.05, 0.08, 0.41], [2.5, 0.44, 0.95], [0.23, 2.41, 0.0], [1.43, 0.47, 2.05], [0.72, 0.26, 1.63]]","[602, 527, 558, 548, 631, 639, 637, 645, 641, 642, 647, 643, 596, 569, 589, 592, 579, 606, 622, 610, 617, 595, 607]",41.2
1238,1790252360893857850,307200,101828,31,27,106.5,"[27.3, 29.3, 30.5, 32.0, 34.3, 38.6, 41.2, 42.4, 43.8, 46.4, 46.5, 48.8, 48.8, 49.3, 74.3, 81.8, 87.1, 90.0, 92.9, 94.3, 95.7, 97.8, 98.8, 100.1, 102.3, 105.6, 106.5]","['INSIDE', 'INSIDE', 'NEAR', 'INSIDE', 'INSIDE', 'INSIDE', 'INSIDE', 'NEAR', 'NEAR', 'RAIL', 'NEAR', 'INSIDE', 'RAIL', 'NEAR', 'INSIDE', 'INSIDE', 'INSIDE', 'NEAR', 'OUTSIDE', 'INSIDE', 'OUTSIDE', 'OUTSIDE', 'OUTSIDE', 'INSIDE', 'INSIDE', 'OUTSIDE', 'INSIDE']","[[0.25, 1.92, 0.25], [1.35, 2.21, 1.3], [0.98, 0.26, 0.59], [1.49, 2.16, 0.48], [0.6, 2.91, 0.64], [0.08, 2.56, 0.0], [0.71, 2.1, 0.75], [1.27, 0.2, 1.41], [0.78, 0.22, 1.07], [1.3, 0.56, 0.82], [2.35, 0.32, 1.88], [0.32, 1.88, 0.02], [2.11, 0.21, 0.88], [1.32, 0.33, 1.87], [3.09, 0.1, 1.63], [6.09, 4.53, 2.77], [5.78, 3.93, 2.73], [1.71, 0.67, 2.37], [1.15, 0.21, 1.08], [0.1, 3.46, 0.0], [0.22, 1.34, 0.19], [0.86, 0.43, 0.66], [0.11, 1.54, 0.2], [1.92, 0.05, 1.35], [1.58, 2.7, 1.08], [1.46, 0.46, 2.03], [0.83, 0.38, 2.04]]","[558, 560, 548, 551, 631, 639, 637, 645, 648, 642, 647, 643, 596, 641, 569, 571, 589, 593, 605, 579, 606, 622, 610, 604, 617, 595, 607]",41.9
1239,1790252360989456543,307200,98626,25,19,105.0,"[26.6, 27.5, 30.3, 37.1, 41.1, 41.6, 43.9, 45.2, 48.9, 87.1, 88.5, 89.0, 94.2, 95.0, 95.8, 96.8, 98.3, 103.5, 105.0]","['NEAR', 'INSIDE', 'NEAR', 'INSIDE', 'INSIDE', 'NEAR', 'NEAR', 'NEAR', 'NEAR', 'OUTSIDE', 'INSIDE', 'NEAR', 'INSIDE', 'OUTSIDE', 'INSIDE', 'INSIDE', 'OUTSIDE', 'INSIDE', 'INSIDE']","[[0.58, 0.41, 1.16], [0.53, 2.17, 0.45], [0.08, 0.21, 0.26], [0.32, 1.81, 0.02], [0.31, 1.45, 0.02], [4.26, 0.3, 2.51], [1.55, 0.23, 1.16], [2.02, 0.28, 2.22], [1.96, 0.29, 1.91], [4.64, 0.42, 2.66], [0.5, 3.75, 0.2], [1.7, 0.74, 1.37], [0.11, 0.96, 0.22], [1.89, 1.36, 2.47], [0.19, 3.01, 0.0], [2.99, 0.09, 0.4], [1.57, 0.23, 1.73], [0.8, 4.02, 2.27], [0.81, 0.41, 2.01]]","[558, 560, 548, 638, 637, 644, 648, 647, 641, 599, 603, 593, 579, 606, 622, 604, 610, 617, 607]",43.5
1240,1790252361091568454,307200,102622,28,24,103.0,"[28.6, 29.6, 31.4, 35.4, 36.9, 37.7, 38.4, 38.7, 41.7, 42.6, 43.5, 45.1, 45.6, 46.5, 46.7, 47.0, 48.9, 87.4, 91.8, 93.0, 94.8, 96.6, 98.4, 103.0]","['NEAR', 'INSIDE', 'INSIDE', 'INSIDE', 'INSIDE', 'NEAR', 'INSIDE', 'INSIDE', 'INSIDE', 'NEAR', 'RAIL', 'NEAR', 'RAIL', 'NEAR', 'RAIL', 'NEAR', 'INSIDE', 'INSIDE', 'INSIDE', 'INSIDE', 'INSIDE', 'OUTSIDE', 'INSIDE', 'INSIDE']","[[0.56, 0.24, 0.45], [0.17, 1.87, 0.25], [0.72, 2.38, 0.77], [0.11, 2.97, 0.01], [0.24, 1.03, 0.02], [0.31, 0.2, 0.82], [0.38, 2.14, 0.02], [0.38, 1.08, 0.33], [0.1, 2.12, 0.74], [2.71, 0.23, 1.73], [1.73, 0.56, 0.87], [1.45, 0.26, 1.77], [1.37, 0.17, 0.71], [0.24, 0.17, 0.81], [0.4, 0.19, 0.74], [2.12, 0.36, 1.25], [0.06, 1.71, 0.0], [2.5, 4.42, 2.73], [1.84, 2.34, 2.43], [2.83, 3.81, 2.02], [2.04, 0.09, 0.4], [2.04, 0.94, 2.15], [1.03, 0.11, 1.5], [3.01, 4.34, 2.25]]","[560, 548, 551, 631, 638, 635, 639, 644, 637, 645, 642, 647, 596, 649, 643, 641, 648, 589, 592, 605, 579, 606, 604, 617]",41.7
1241,1790252361190136847,307200,102753,25,19,101.1,"[23.4, 27.6, 29.5, 33.5, 37.5, 38.5, 41.8, 42.2, 44.8, 46.6, 48.9, 85.5, 86.1, 87.8, 91.8, 91.9, 93.7, 95.7, 101.1]","['INSIDE', 'INSIDE', 'INSIDE', 'INSIDE', 'INSIDE', 'INSIDE', 'RAIL', 'OUTSIDE', 'NEAR', 'NEAR', 'INSIDE', 'NEAR', 'OUTSIDE', 'INSIDE', 'OUTSIDE', 'OUTSIDE', 'INSIDE', 'INSIDE', 'OUTSIDE']","[[0.4, 2.65, 0.25], [0.85, 2.18, 0.45], [1.26, 2.16, 1.24], [0.51, 1.17, 0.04], [0.27, 2.01, 0.02], [0.25, 2.04, 0.36], [1.93, 0.55, 0.83], [11.78, 0.5, 2.13], [1.67, 0.34, 1.76], [0.97, 0.13, 1.05], [0.06, 1.71, 0.0], [1.74, 0.79, 1.52], [2.83, 0.26, 2.5], [1.43, 3.9, 0.25], [1.4, 0.61, 0.36], [1.55, 0.56, 2.06], [5.04, 0.37, 2.65], [0.05, 3.34, 0.0], [1.39, 0.94, 2.43]]","[602, 558, 548, 601, 639, 637, 642, 635, 647, 649, 648, 567, 599, 603, 605, 622, 592, 606, 617]",46.8
1242,1790252361294424823,307200,103175,19,14,99.6,"[31.6, 32.4, 33.3, 35.3, 37.6, 40.9, 42.6, 47.2, 48.8, 88.3, 90.4, 91.3, 94.9, 99.6]","['INSIDE', 'INSIDE', 'INSIDE', 'INSIDE', 'NEAR', 'INSIDE', 'NEAR', 'NEAR', 'INSIDE', 'INSIDE', 'INSIDE', 'INSIDE', 'INSIDE', 'OUTSIDE']","[[0.46, 1.99, 0.04], [0.05, 1.25, 0.01], [0.9, 1.75, 0.07], [0.18, 2.96, 0.01], [0.69, 0.22, 1.49], [0.78, 1.95, 0.05], [4.1, 0.28, 2.11], [1.62, 0.23, 1.82], [0.06, 1.7, 0.0], [0.23, 4.07, 0.21], [3.43, 3.03, 1.96], [5.06, 0.12, 1.82], [1.68, 4.2, 0.66], [1.42, 0.43, 2.38]]","[551, 601, 631, 638, 635, 637, 645, 649, 648, 603, 605, 592, 606, 610]",44.8
1243,1790252361391544892,307200,103486,21,18,98.4,"[29.0, 29.6, 32.0, 32.9, 34.4, 36.9, 38.8, 39.1, 42.5, 44.8, 46.2, 48.1, 48.7, 86.2, 88.9, 91.2, 98.1, 98.4]","['NEAR', 'INSIDE', 'NEAR', 'INSIDE', 'NEAR', 'INSIDE', 'INSIDE', 'RAIL', 'INSIDE', 'NEAR', 'NEAR', 'NEAR', 'INSIDE', 'INSIDE', 'INSIDE', 'INSIDE', 'OUTSIDE', 'INSIDE']","[[0.2, 0.26, 0.76], [0.28, 2.09, 0.5], [0.83, 0.3, 1.05], [0.93, 2.1, 0.52], [0.6, 1.43, 0.31], [0.31, 1.04, 0.02], [0.26, 2.57, 0.02], [1.71, 0.58, 0.95], [0.86, 1.79, 0.05], [1.29, 0.24, 0.98], [0.63, 0.18, 1.49], [0.59, 0.18, 1.59], [0.28, 1.7, 0.01], [1.37, 4.0, 0.21], [5.02, 0.09, 1.61], [6.14, 4.01, 2.43], [1.41, 0.47, 2.34], [2.09, 0.53, 2.33]]","[560, 548, 601, 631, 638, 639, 644, 642, 637, 647, 641, 649, 648, 589, 593, 605, 610, 604]",43.3
1244,1790252361490552039,307200,103851,30,24,96.8,"[26.4, 26.5, 27.2, 27.8, 32.6, 33.0, 37.5, 38.4, 39.7, 40.8, 41.7, 42.8, 43.4, 44.4, 44.6, 48.3, 48.8, 81.8, 87.0, 90.2, 91.6, 92.6, 94.2, 96.8]","['INSIDE', 'INSIDE', 'INSIDE', 'OUTSIDE', 'INSIDE', 'INSIDE', 'INSIDE', 'RAIL', 'INSIDE', 'OUTSIDE', 'NEAR', 'INSIDE', 'NEAR', 'INSIDE', 'NEAR', 'NEAR', 'INSIDE', 'INSIDE', 'INSIDE', 'OUTSIDE', 'INSIDE', 'INSIDE', 'INSIDE', 'INSIDE']","[[0.03, 1.67, 0.01], [0.46, 0.95, 1.15], [0.37, 2.0, 0.27], [0.44, 0.24, 0.72], [0.7, 0.84, 0.57], [0.69, 1.73, 0.06], [0.77, 2.15, 0.31], [0.16, 0.1, 0.31], [0.19, 2.08, 0.7], [0.18, 0.1, 1.01], [2.44, 0.32, 1.57], [0.21, 1.8, 0.01], [0.79, 0.13, 0.87], [0.2, 2.63, 0.01], [0.66, 0.18, 1.38], [1.28, 0.26, 1.54], [0.1, 1.7, 0.01], [2.75, 4.57, 2.75], [6.21, 4.0, 2.71], [0.13, 0.14, 1.76], [0.06, 1.94, 0.0], [4.62, 0.1, 1.59], [0.09, 0.66, 0.0], [2.29, 4.08, 2.3]]","[558, 560, 548, 601, 631, 551, 639, 635, 644, 645, 637, 647, 641, 596, 649, 648, 643, 571, 589, 605, 606, 592, 579, 610]",45.8
1245,1790252361591205983,307200,102562,27,20,101.9,"[27.6, 31.5, 37.1, 38.3, 39.7, 39.8, 42.8, 42.9, 43.8, 48.9, 49.7, 80.4, 82.6, 86.1, 86.2, 89.9, 91.1, 94.3, 95.2, 101.9]","['INSIDE', 'NEAR', 'INSIDE', 'NEAR', 'INSIDE', 'NEAR', 'INSIDE', 'NEAR', 'NEAR', 'INSIDE', 'RAIL', 'RAIL', 'INSIDE', 'OUTSIDE', 'INSIDE', 'INSIDE', 'INSIDE', 'OUTSIDE', 'INSIDE', 'INSIDE']","[[0.26, 1.06, 0.02], [0.44, 1.2, 0.28], [0.26, 1.69, 0.02], [0.28, 0.16, 0.09], [0.49, 2.99, 0.37], [3.4, 0.31, 2.35], [0.1, 1.8, 0.01], [1.46, 0.2, 0.93], [0.66, 0.18, 1.27], [0.25, 1.53, 0.01], [0.43, 0.23, 0.97], [0.08, 0.08, 0.88], [0.09, 1.44, 0.0], [1.88, 0.58, 2.67], [0.52, 3.98, 0.37], [7.6, 3.99, 2.58], [0.4, 0.1, 1.38], [1.45, 0.39, 2.27], [2.44, 1.64, 2.36], [0.57, 2.13, 0.01]]","[548, 551, 639, 635, 644, 637, 647, 641, 649, 643, 648, 572, 571, 599, 603, 589, 592, 622, 579, 617]",37.9
1246,1790252361694365557,307200,105753,22,16,100.7,"[26.7, 31.5, 32.7, 35.2, 37.2, 40.0, 42.7, 44.5, 45.2, 48.8, 85.4, 86.8, 90.4, 93.4, 94.1, 100.7]","['INSIDE', 'NEAR', 'INSIDE', 'INSIDE', 'INSIDE', 'INSIDE', 'INSIDE', 'INSIDE', 'NEAR', 'INSIDE', 'INSIDE', 'INSIDE', 'INSIDE', 'OUTSIDE', 'INSIDE', 'INSIDE']","[[0.07, 1.68, 0.01], [0.34, 1.31, 0.02], [0.75, 2.22, 0.54], [0.46, 2.07, 0.03], [0.49, 1.43, 0.03], [0.41, 1.04, 0.33], [0.31, 1.79, 0.02], [0.36, 2.17, 0.02], [1.06, 0.26, 1.0], [0.15, 1.71, 0.01], [0.24, 2.57, 0.01], [6.9, 4.35, 2.79], [1.81, 0.08, 1.61], [1.58, 0.56, 2.23], [2.89, 1.62, 2.47], [2.22, 3.4, 0.18]]","[558, 551, 631, 638, 639, 644, 647, 596, 649, 643, 589, 599, 592, 622, 579, 617]",35.1
1247,1790252361834780127,307200,103535,22,19,181.7,"[27.7, 37.9, 38.4, 39.3, 39.9, 40.8, 42.8, 43.2, 44.5, 44.7, 49.0, 50.6, 77.0, 86.6, 87.6, 89.7, 92.2, 92.5, 181.7]","['INSIDE', 'INSIDE', 'NEAR', 'NEAR', 'OUTSIDE', 'NEAR', 'INSIDE', 'NEAR', 'INSIDE', 'RAIL', 'INSIDE', 'NEAR', 'NEAR', 'OUTSIDE', 'INSIDE', 'OUTSIDE', 'OUTSIDE', 'NEAR', 'OUTSIDE']","[[0.57, 1.06, 0.05], [0.4, 0.93, 0.03], [0.86, 0.43, 0.36], [0.43, 0.26, 0.78], [0.52, 0.14, 0.28], [1.46, 0.17, 1.73], [0.11, 1.65, 0.01], [2.18, 0.29, 1.55], [0.18, 2.02, 0.01], [1.02, 0.18, 0.58], [0.33, 1.71, 0.02], [1.12, 0.23, 1.99], [1.0, 0.67, 2.56], [0.73, 0.18, 0.6], [1.33, 3.89, 0.24], [0.14, 1.48, 0.79], [1.37, 0.56, 2.41], [2.07, 0.63, 2.4], [0.06, 0.02, 0.52]]","[548, 639, 635, 637, 644, 645, 647, 641, 596, 649, 643, 648, 569, 599, 589, 603, 605, 579, 654]",39.1
1248,1790252361887780811,271872,96018,21,18,180.2,"[26.7, 27.6, 31.0, 33.9, 37.9, 38.2, 42.8, 44.5, 44.9, 49.2, 81.0, 81.4, 85.4, 86.2, 88.6, 90.5, 91.4, 180.2]","['NEAR', 'INSIDE', 'NEAR', 'INSIDE', 'INSIDE', 'NEAR', 'INSIDE', 'INSIDE', 'INSIDE', 'NEAR', 'OUTSIDE', 'INSIDE', 'OUTSIDE', 'INSIDE', 'INSIDE', 'INSIDE', 'INSIDE', 'OUTSIDE']","[[0.87, 0.28, 0.71], [0.34, 1.06, 0.03], [0.54, 0.22, 0.84], [0.89, 2.19, 0.6], [0.45, 1.06, 0.03], [3.33, 0.26, 1.58], [0.24, 1.8, 0.02], [0.12, 1.55, 0.0], [0.42, 1.89, 0.02], [9.16, 0.4, 2.97], [3.08, 0.61, 2.7], [6.12, 4.09, 2.78], [0.5, 0.21, 2.25], [1.09, 1.26, 0.24], [0.8, 1.42, 2.54], [1.71, 4.29, 2.37], [1.2, 0.3, 2.18], [0.01, 0.02, 0.51]]","[560, 548, 631, 638, 639, 637, 647, 596, 643, 649, 571, 572, 599, 567, 593, 603, 579, 654]",38.5
1249,1790252361997481366,307200,102784,19,15,180.5,"[26.2, 27.5, 30.4, 33.9, 37.7, 42.2, 42.6, 44.3, 45.1, 77.4, 87.8, 88.6, 90.3, 94.1, 180.5]","['NEAR', 'INSIDE', 'INSIDE', 'INSIDE', 'INSIDE', 'INSIDE', 'INSIDE', 'NEAR', 'NEAR', 'INSIDE', 'INSIDE', 'INSIDE', 'NEAR', 'INSIDE', 'RAIL']","[[0.74, 0.22, 0.73], [0.34, 1.06, 0.03], [2.03, 2.11, 1.04], [0.68, 2.19, 0.6], [0.11, 1.45, 0.01], [0.5, 1.93, 0.03], [0.15, 1.86, 0.01], [4.6, 0.36, 2.52], [0.12, 0.28, 0.29], [1.87, 0.09, 0.85], [0.67, 0.08, 1.55], [2.3, 4.24, 2.53], [1.76, 0.68, 2.18], [0.24, 2.3, 0.01], [3.78, 0.59, 0.78]]","[560, 548, 631, 638, 639, 647, 596, 641, 649, 569, 593, 589, 592, 606, 654]",38.2
1250,1790252362093029626,307200,101964,20,15,179.0,"[26.8, 27.6, 30.2, 33.6, 37.3, 39.8, 41.7, 42.4, 42.5, 44.3, 45.8, 48.8, 82.6, 87.6, 179.0]","['INSIDE', 'INSIDE', 'INSIDE', 'INSIDE', 'INSIDE', 'INSIDE', 'RAIL', 'INSIDE', 'NEAR', 'INSIDE', 'RAIL', 'INSIDE', 'INSIDE', 'INSIDE', 'RAIL']","[[0.54, 1.3, 0.46], [0.52, 1.83, 0.05], [0.57, 2.15, 0.57], [0.93, 2.18, 0.62], [0.68, 1.82, 0.05], [0.09, 2.08, 0.0], [0.46, 0.18, 0.19], [0.82, 1.04, 0.05], [2.6, 0.31, 1.98], [0.07, 2.16, 0.0], [1.2, 0.3, 1.09], [0.7, 2.05, 0.04], [2.25, 4.24, 2.53], [2.75, 4.14, 2.71], [3.82, 0.58, 0.77]]","[560, 548, 631, 638, 639, 642, 596, 647, 641, 649, 643, 648, 572, 589, 654]",37.8
1251,1790252362189294070,307200,102151,19,14,175.7,"[27.8, 30.7, 33.6, 35.2, 37.7, 38.3, 44.3, 49.1, 78.4, 82.0, 85.0, 86.0, 86.5, 175.7]","['INSIDE', 'INSIDE', 'INSIDE', 'INSIDE', 'INSIDE', 'RAIL', 'INSIDE', 'NEAR', 'INSIDE', 'RAIL', 'RAIL', 'OUTSIDE', 'INSIDE', 'OUTSIDE']","[[0.31, 1.07, 0.03], [0.56, 2.06, 0.29], [0.72, 2.18, 0.6], [0.7, 2.34, 0.29], [0.25, 0.92, 0.02], [0.94, 0.17, 0.42], [0.17, 2.94, 0.01], [0.92, 0.44, 2.35], [2.1, 0.19, 1.05], [0.34, 0.19, 0.33], [0.33, 0.08, 0.93], [2.02, 0.49, 2.68], [2.09, 2.16, 2.71], [0.03, 0.32, 0.5]]","[548, 631, 638, 639, 635, 637, 649, 648, 569, 572, 567, 599, 589, 654]",38.4
1252,1790252362290217563,307200,101638,23,19,174.2,"[26.8, 28.0, 29.2, 31.0, 32.2, 33.5, 35.2, 37.1, 41.2, 43.0, 47.6, 47.7, 80.4, 82.0, 84.4, 85.5, 94.1, 102.0, 174.2]","['INSIDE', 'INSIDE', 'INSIDE', 'INSIDE', 'INSIDE', 'INSIDE', 'INSIDE', 'RAIL', 'INSIDE', 'NEAR', 'INSIDE', 'NEAR', 'INSIDE', 'INSIDE', 'INSIDE', 'INSIDE', 'INSIDE', 'INSIDE', 'OUTSIDE']","[[0.26, 1.58, 0.02], [0.34, 1.88, 0.47], [0.38, 2.21, 0.51], [0.62, 2.07, 0.29], [0.37, 2.91, 0.29], [0.99, 2.18, 0.9], [0.54, 2.32, 0.04], [0.45, 0.17, 0.82], [0.32, 1.8, 0.02], [13.09, 0.45, 2.34], [0.41, 0.99, 0.02], [1.01, 0.41, 1.9], [0.31, 0.09, 1.42], [1.18, 1.78, 2.54], [1.7, 4.27, 2.79], [1.13, 0.23, 1.34], [0.68, 1.8, 0.02], [0.56, 1.6, 0.01], [0.09, 0.32, 0.5]]","[558, 548, 551, 631, 638, 639, 635, 596, 647, 637, 648, 643, 572, 571, 567, 589, 606, 617, 654]",37.5
1253,1790252362391073791,307200,106154,19,15,174.1,"[22.5, 29.2, 30.4, 33.0, 33.6, 37.8, 38.9, 39.2, 39.8, 44.0, 46.3, 49.6, 83.1, 92.3, 174.1]","['OUTSIDE', 'INSIDE', 'INSIDE', 'INSIDE', 'NEAR', 'INSIDE', 'OUTSIDE', 'INSIDE', 'NEAR', 'INSIDE', 'NEAR', 'NEAR', 'INSIDE', 'INSIDE', 'RAIL']","[[0.56, 0.24, 0.83], [0.51, 2.31, 0.51], [1.06, 2.17, 0.58], [0.71, 1.88, 0.06], [6.4, 0.31, 1.77], [0.63, 2.02, 0.36], [0.46, 1.22, 0.03], [0.07, 1.39, 0.0], [5.82, 0.63, 3.06], [0.55, 2.76, 0.03], [0.94, 0.43, 1.84], [0.4, 0.05, 1.64], [2.86, 4.27, 2.78], [0.25, 2.09, 0.01], [2.8, 0.64, 0.75]]","[560, 551, 631, 639, 638, 637, 642, 644, 645, 649, 643, 648, 567, 606, 654]",44.8
1254,1790252362499918316,307200,107482,19,12,171.3,"[25.9, 29.8, 30.8, 33.9, 37.7, 44.7, 48.0, 77.2, 81.2, 81.5, 87.7, 171.3]","['INSIDE', 'INSIDE', 'INSIDE', 'INSIDE', 'INSIDE', 'OUTSIDE', 'INSIDE', 'INSIDE', 'OUTSIDE', 'INSIDE', 'INSIDE', 'OUTSIDE']","[[0.34, 0.99, 0.04], [0.52, 0.99, 0.49], [0.39, 2.19, 0.8], [0.08, 2.15, 0.3], [0.19, 1.58, 0.01], [0.11, 1.4, 0.01], [0.1, 0.11, 1.48], [1.2, 2.97, 0.21], [1.88, 0.55, 2.72], [3.73, 0.51, 2.69], [0.31, 3.06, 0.01], [5.11, 0.63, 2.2]]","[558, 631, 551, 639, 637, 649, 648, 569, 567, 572, 593, 654]",52.1
1255,1790252362590716232,307200,101529,23,16,171.0,"[18.4, 26.0, 30.5, 34.0, 35.3, 37.2, 37.3, 38.6, 45.9, 46.6, 48.0, 80.5, 82.6, 87.2, 93.9, 171.0]","['INSIDE', 'INSIDE', 'INSIDE', 'INSIDE', 'INSIDE', 'INSIDE', 'RAIL', 'NEAR', 'INSIDE', 'RAIL', 'NEAR', 'NEAR', 'INSIDE', 'INSIDE', 'INSIDE', 'OUTSIDE']","[[0.21, 1.02, 0.03], [0.37, 1.0, 0.04], [0.86, 2.1, 0.54], [1.28, 2.2, 0.59], [0.06, 1.85, 0.01], [0.25, 1.82, 0.02], [0.37, 0.22, 0.56], [1.82, 0.34, 1.25], [0.05, 2.56, 0.0], [0.28, 0.11, 0.82], [1.0, 0.13, 1.46], [2.06, 0.69, 2.65], [0.23, 1.58, 0.01], [2.33, 2.74, 0.19], [0.22, 2.79, 0.01], [2.69, 0.82, 1.89]]","[560, 558, 551, 639, 635, 637, 645, 641, 649, 643, 648, 572, 567, 593, 606, 654]",52.5
1256,1790252362690778302,307200,98995,19,12,170.3,"[25.9, 30.5, 33.6, 34.9, 35.2, 37.0, 45.4, 74.0, 76.4, 81.0, 85.4, 170.3]","['INSIDE', 'INSIDE', 'INSIDE', 'INSIDE', 'INSIDE', 'INSIDE', 'RAIL', 'NEAR', 'INSIDE', 'INSIDE', 'INSIDE', 'OUTSIDE']","[[0.44, 0.99, 0.05], [0.48, 1.07, 0.04], [0.47, 1.06, 0.04], [0.24, 2.21, 0.01], [0.8, 0.75, 0.36], [0.7, 2.06, 1.01], [0.27, 0.24, 0.5], [1.7, 0.43, 2.77], [0.34, 2.25, 1.53], [0.25, 2.12, 0.01], [0.59, 2.98, 0.02], [4.22, 1.04, 2.2]]","[558, 551, 639, 635, 637, 645, 649, 569, 572, 567, 593, 654]",43.0
1257,1790252362799730501,307200,91747,23,16,168.8,"[24.7, 25.9, 27.7, 29.1, 32.1, 35.1, 38.2, 39.9, 40.3, 47.7, 76.5, 76.9, 81.8, 86.4, 103.4, 168.8]","['NEAR', 'INSIDE', 'INSIDE', 'INSIDE', 'NEAR', 'NEAR', 'INSIDE', 'INSIDE', 'NEAR', 'NEAR', 'INSIDE', 'INSIDE', 'INSIDE', 'INSIDE', 'OUTSIDE', 'OUTSIDE']","[[1.74, 0.3, 1.18], [0.57, 0.99, 0.06], [1.12, 2.1, 1.24], [0.49, 2.21, 0.51], [0.15, 0.26, 0.56], [0.29, 0.43, 0.64], [0.59, 1.47, 0.04], [0.54, 0.55, 0.37], [1.43, 0.47, 2.03], [0.45, 0.04, 1.15], [2.76, 2.73, 2.76], [4.53, 1.37, 2.56], [0.39, 2.72, 0.01], [0.34, 3.32, 0.01], [0.79, 0.2, 1.11], [4.29, 1.03, 1.86]]","[558, 548, 631, 551, 638, 637, 645, 644, 641, 648, 572, 569, 567, 593, 617, 654]",48.1
1258,1790252362889378454,307200,89392,25,19,167.3,"[25.8, 26.6, 31.2, 31.8, 32.4, 36.6, 37.7, 38.7, 39.0, 42.2, 42.5, 43.7, 47.0, 49.4, 81.9, 86.9, 93.7, 102.3, 167.3]","['INSIDE', 'NEAR', 'NEAR', 'INSIDE', 'INSIDE', 'INSIDE', 'INSIDE', 'NEAR', 'INSIDE', 'NEAR', 'NEAR', 'NEAR', 'NEAR', 'INSIDE', 'INSIDE', 'INSIDE', 'INSIDE', 'OUTSIDE', 'OUTSIDE']","[[0.16, 0.99, 0.02], [0.5, 0.42, 0.65], [0.22, 0.25, 0.55], [0.57, 2.46, 0.53], [1.8, 1.98, 0.28], [0.43, 0.43, 0.32], [0.47, 2.24, 0.03], [0.82, 0.46, 1.94], [0.32, 1.77, 0.02], [0.34, 0.08, 1.59], [0.89, 1.01, 0.05], [1.36, 0.09, 1.53], [0.51, 0.07, 1.76], [0.09, 1.73, 0.0], [0.34, 2.86, 0.01], [0.25, 1.51, 0.01], [0.12, 1.47, 0.0], [0.03, 0.24, 0.2], [4.32, 1.02, 2.16]]","[548, 631, 638, 639, 551, 637, 645, 641, 644, 647, 596, 660, 643, 652, 567, 593, 606, 617, 654]",46.5
1259,1790252362992411084,307200,98593,22,18,165.8,"[24.5, 27.4, 29.3, 30.3, 32.0, 37.0, 37.2, 37.7, 41.5, 42.5, 45.2, 45.2, 49.3, 73.7, 80.1, 84.7, 100.7, 165.8]","['INSIDE', 'INSIDE', 'INSIDE', 'INSIDE', 'NEAR', 'INSIDE', 'INSIDE', 'NEAR', 'NEAR', 'INSIDE', 'INSIDE', 'NEAR', 'RAIL', 'INSIDE', 'INSIDE', 'INSIDE', 'OUTSIDE', 'OUTSIDE']","[[1.21, 0.94, 1.17], [1.68, 2.2, 1.71], [1.61, 2.36, 0.71], [1.28, 2.16, 0.76], [0.37, 0.25, 0.31], [0.38, 1.17, 0.03], [0.67, 0.75, 0.35], [2.22, 0.43, 1.86], [0.11, 0.39, 0.62], [0.23, 0.1, 1.41], [0.07, 2.84, 0.0], [1.21, 0.08, 0.98], [1.3, 0.19, 1.09], [3.74, 0.6, 2.62], [1.17, 3.08, 0.39], [0.35, 3.4, 0.01], [1.3, 0.23, 1.34], [4.21, 1.01, 1.83]]","[558, 631, 551, 638, 639, 645, 637, 641, 647, 660, 596, 643, 652, 569, 567, 593, 617, 654]",52.1
1260,1790252363089476729,307200,89395,31,25,194.5,"[25.7, 27.0, 28.3, 28.9, 29.0, 30.5, 33.7, 34.9, 35.4, 35.5, 37.2, 38.8, 39.5, 40.3, 43.3, 45.0, 46.2, 48.8, 76.7, 81.1, 85.8, 85.8, 99.4, 163.1, 194.5]","['INSIDE', 'INSIDE', 'INSIDE', 'INSIDE', 'INSIDE', 'INSIDE', 'INSIDE', 'OUTSIDE', 'RAIL', 'INSIDE', 'INSIDE', 'NEAR', 'INSIDE', 'NEAR', 'NEAR', 'INSIDE', 'INSIDE', 'INSIDE', 'INSIDE', 'INSIDE', 'INSIDE', 'OUTSIDE', 'OUTSIDE', 'OUTSIDE', 'OUTSIDE']","[[0.31, 0.99, 0.03], [0.5, 0.86, 0.05], [1.18, 2.13, 0.66], [0.69, 2.51, 0.51], [1.05, 0.84, 0.25], [0.63, 1.97, 0.78], [0.42, 1.65, 0.03], [0.44, 1.23, 0.03], [0.27, 0.18, 0.46], [0.53, 0.61, 0.64], [0.46, 2.86, 0.03], [1.46, 0.08, 1.43], [0.53, 1.93, 0.04], [0.48, 0.07, 1.77], [2.11, 0.08, 1.69], [0.14, 2.99, 0.01], [1.61, 0.18, 1.63], [1.19, 0.13, 1.82], [0.32, 2.94, 0.01], [0.9, 3.67, 0.19], [0.32, 3.0, 0.01], [1.66, 0.09, 1.51], [0.29, 0.22, 1.28], [6.66, 1.0, 2.12], [0.01, 0.08, 0.39]]","[548, 631, 638, 551, 639, 635, 637, 645, 642, 641, 644, 647, 660, 643, 596, 649, 648, 652, 572, 567, 593, 599, 617, 654, 664]",50.3
1261,1790252363188087348,307200,98132,23,16,193.0,"[28.9, 29.2, 32.4, 34.5, 35.6, 38.6, 39.5, 39.7, 40.9, 41.9, 43.8, 44.8, 81.4, 86.3, 162.8, 193.0]","['INSIDE', 'INSIDE', 'NEAR', 'NEAR', 'INSIDE', 'NEAR', 'INSIDE', 'RAIL', 'NEAR', 'NEAR', 'INSIDE', 'INSIDE', 'INSIDE', 'INSIDE', 'OUTSIDE', 'OUTSIDE']","[[0.7, 2.68, 0.54], [2.28, 1.43, 0.47], [0.36, 0.47, 0.56], [1.87, 0.46, 2.05], [0.1, 0.87, 0.01], [0.5, 0.08, 1.37], [0.2, 2.9, 0.01], [0.5, 0.1, 1.03], [0.65, 0.07, 1.44], [1.72, 0.06, 1.69], [0.41, 0.05, 1.54], [0.36, 0.07, 0.3], [0.36, 3.55, 0.01], [0.3, 3.62, 0.01], [4.26, 1.0, 2.15], [0.07, 0.19, 0.9]]","[551, 639, 637, 641, 645, 647, 660, 643, 596, 648, 649, 652, 567, 593, 654, 664]",56.3
1262,1790252363289626478,307200,106841,24,16,191.5,"[25.6, 27.8, 30.7, 33.2, 35.2, 35.4, 37.7, 40.2, 42.3, 45.3, 76.0, 80.6, 86.0, 96.0, 161.0, 191.5]","['INSIDE', 'NEAR', 'INSIDE', 'NEAR', 'INSIDE', 'NEAR', 'NEAR', 'INSIDE', 'INSIDE', 'INSIDE', 'INSIDE', 'INSIDE', 'INSIDE', 'OUTSIDE', 'OUTSIDE', 'OUTSIDE']","[[0.28, 0.98, 0.03], [1.01, 0.63, 1.27], [0.61, 1.39, 0.05], [2.7, 0.49, 2.26], [0.21, 2.59, 0.01], [0.44, 0.04, 1.32], [1.41, 0.08, 1.56], [0.4, 0.11, 1.42], [0.45, 0.08, 1.39], [0.55, 0.09, 1.59], [0.47, 2.78, 0.01], [0.99, 3.7, 2.12], [1.03, 2.26, 0.03], [0.73, 0.22, 1.22], [4.87, 0.99, 2.08], [0.01, 0.08, 0.38]]","[548, 638, 635, 641, 645, 662, 647, 643, 648, 652, 572, 567, 593, 617, 654, 664]",51.6
1263,1790252363393131369,307200,101740,25,14,190.0,"[28.0, 31.7, 34.2, 36.2, 38.3, 39.3, 39.7, 40.6, 42.0, 44.0, 81.1, 86.0, 94.5, 190.0]","['INSIDE', 'NEAR', 'NEAR', 'NEAR', 'NEAR', 'INSIDE', 'NEAR', 'NEAR', 'NEAR', 'INSIDE', 'INSIDE', 'INSIDE', 'OUTSIDE', 'OUTSIDE']","[[0.66, 1.85, 0.5], [2.51, 0.77, 2.96], [1.52, 0.11, 1.74], [1.59, 0.09, 1.85], [1.3, 0.11, 1.44], [0.16, 2.47, 0.01], [0.6, 0.05, 1.57], [0.28, 0.1, 1.06], [1.1, 0.07, 1.49], [0.97, 0.06, 1.45], [0.92, 3.54, 0.03], [0.25, 3.75, 0.01], [0.75, 0.37, 1.2], [0.06, 0.08, 0.38]]","[639, 637, 662, 647, 643, 660, 596, 648, 649, 652, 567, 593, 617, 664]",38.3
1264,1790252363498007178,307200,101717,27,16,94.6,"[24.7, 25.9, 25.9, 30.5, 33.8, 35.3, 37.4, 40.3, 42.1, 42.2, 42.5, 73.1, 82.7, 87.4, 93.3, 94.6]","['NEAR', 'INSIDE', 'NEAR', 'NEAR', 'OUTSIDE', 'NEAR', 'NEAR', 'NEAR', 'INSIDE', 'NEAR', 'INSIDE', 'INSIDE', 'INSIDE', 'INSIDE', 'OUTSIDE', 'INSIDE']","[[0.78, 0.29, 1.12], [0.34, 0.99, 0.03], [0.78, 0.19, 0.7], [3.3, 0.55, 2.38], [0.43, 1.34, 0.3], [2.41, 0.09, 1.45], [3.76, 0.15, 1.85], [0.37, 0.04, 1.05], [0.05, 1.62, 0.0], [0.45, 0.04, 1.59], [0.73, 1.34, 0.04], [1.02, 2.81, 1.64], [0.85, 2.75, 0.03], [0.24, 2.29, 0.01], [0.08, 0.37, 0.37], [1.7, 2.65, 0.04]]","[558, 548, 631, 637, 645, 662, 643, 648, 660, 649, 652, 569, 567, 593, 617, 606]",40.0
1265,1790252363603408138,307200,102141,25,16,91.8,"[24.7, 29.7, 33.2, 33.8, 34.8, 35.4, 35.9, 36.3, 37.7, 38.7, 40.2, 41.0, 42.4, 81.9, 86.5, 91.8]","['NEAR', 'OUTSIDE', 'NEAR', 'INSIDE', 'NEAR', 'OUTSIDE', 'INSIDE', 'NEAR', 'NEAR', 'NEAR', 'INSIDE', 'NEAR', 'NEAR', 'INSIDE', 'INSIDE', 'OUTSIDE']","[[0.69, 0.28, 1.33], [4.74, 0.59, 2.07], [1.46, 0.09, 1.7], [0.25, 2.96, 0.02], [0.58, 0.1, 1.37], [0.75, 1.47, 0.34], [0.06, 1.65, 0.0], [0.64, 0.11, 1.51], [0.41, 0.09, 1.58], [0.58, 0.04, 1.36], [0.05, 1.97, 0.0], [2.63, 0.17, 1.55], [0.87, 1.01, 0.05], [0.71, 3.63, 0.17], [0.21, 3.78, 0.01], [0.04, 0.21, 0.37]]","[558, 637, 641, 645, 662, 644, 647, 643, 596, 648, 660, 649, 652, 567, 593, 617]",44.5
1266,1790252363688071510,307200,102364,32,18,192.0,"[23.1, 26.5, 27.7, 29.2, 30.3, 30.5, 34.3, 35.3, 35.9, 37.4, 39.3, 40.3, 44.4, 81.8, 86.3, 90.3, 159.4, 192.0]","['NEAR', 'OUTSIDE', 'INSIDE', 'INSIDE', 'INSIDE', 'INSIDE', 'NEAR', 'OUTSIDE', 'NEAR', 'NEAR', 'NEAR', 'NEAR', 'NEAR', 'INSIDE', 'INSIDE', 'OUTSIDE', 'OUTSIDE', 'RAIL']","[[0.84, 0.24, 0.62], [0.57, 1.46, 0.71], [0.3, 1.35, 0.02], [0.52, 1.37, 0.04], [0.39, 1.38, 0.03], [6.78, 1.31, 3.08], [2.28, 0.12, 1.7], [0.35, 0.25, 0.32], [0.64, 0.1, 1.51], [1.06, 0.1, 1.87], [0.61, 0.1, 1.65], [0.43, 0.04, 1.51], [0.31, 0.04, 1.3], [0.55, 3.99, 0.02], [1.03, 3.47, 0.03], [0.07, 0.32, 0.36], [12.27, 1.42, 2.16], [0.01, 0.11, 0.29]]","[558, 548, 551, 635, 637, 638, 662, 647, 643, 596, 648, 649, 652, 567, 593, 617, 654, 664]",44.4
1267,1790252363798739704,307200,103270,15,7,95.2,"[29.4, 37.4, 38.8, 44.3, 83.0, 87.9, 95.2]","['INSIDE', 'NEAR', 'NEAR', 'INSIDE', 'INSIDE', 'INSIDE', 'INSIDE']","[[0.06, 1.64, 0.01], [1.24, 0.1, 1.58], [0.45, 0.16, 1.62], [0.1, 2.94, 0.01], [0.2, 3.62, 0.01], [1.42, 3.71, 0.04], [0.09, 2.0, 0.0]]","[637, 596, 648, 652, 567, 593, 606]",56.2
1268,1790252363897816874,307200,100719,23,14,189.1,"[27.9, 28.0, 31.7, 36.1, 37.3, 39.1, 39.3, 40.3, 45.4, 81.7, 86.8, 87.3, 93.7, 189.1]","['INSIDE', 'NEAR', 'OUTSIDE', 'NEAR', 'NEAR', 'NEAR', 'OUTSIDE', 'NEAR', 'INSIDE', 'INSIDE', 'OUTSIDE', 'INSIDE', 'INSIDE', 'RAIL']","[[0.36, 1.38, 0.04], [0.32, 0.99, 0.03], [0.74, 1.4, 0.83], [0.21, 0.02, 1.27], [0.39, 0.1, 1.39], [0.84, 0.1, 1.47], [0.58, 0.33, 0.72], [0.43, 0.04, 1.34], [0.17, 2.06, 0.01], [0.14, 3.42, 0.0], [0.07, 0.2, 0.38], [0.14, 1.67, 0.0], [0.1, 1.47, 0.0], [0.08, 0.1, 0.28]]","[551, 639, 635, 643, 596, 648, 660, 649, 652, 567, 599, 593, 606, 664]",67.2
1269,1790252363987724942,307200,102342,25,11,186.3,"[33.4, 35.6, 35.8, 37.6, 39.1, 40.6, 45.3, 80.9, 85.6, 159.1, 186.3]","['NEAR', 'NEAR', 'OUTSIDE', 'RAIL', 'NEAR', 'NEAR', 'INSIDE', 'INSIDE', 'INSIDE', 'OUTSIDE', 'OUTSIDE']","[[3.08, 0.11, 2.05], [0.7, 0.05, 1.34], [0.64, 0.22, 0.31], [0.71, 0.07, 0.89], [0.96, 0.11, 1.45], [0.7, 0.07, 1.53], [0.07, 2.05, 0.0], [0.42, 3.68, 0.01], [0.61, 4.15, 1.34], [4.0, 1.32, 2.1], [2.58, 0.5, 1.56]]","[641, 643, 647, 596, 648, 649, 652, 567, 593, 654, 664]",40.1
1270,1790252364098169822,307200,102498,22,9,93.8,"[33.7, 35.5, 37.1, 38.8, 45.1, 82.5, 84.0, 87.2, 93.8]","['NEAR', 'RAIL', 'NEAR', 'NEAR', 'INSIDE', 'INSIDE', 'OUTSIDE', 'INSIDE', 'INSIDE']","[[1.62, 0.11, 2.03], [1.02, 0.11, 0.77], [0.82, 0.06, 1.71], [1.4, 0.04, 0.9], [0.06, 1.58, 0.0], [0.75, 3.6, 0.02], [0.75, 0.2, 1.3], [0.31, 3.05, 0.01], [0.26, 1.97, 0.01]]","[641, 643, 596, 648, 652, 567, 593, 599, 606]",40.2
1271,1790252364191835143,307200,99987,22,13,192.1,"[20.7, 25.7, 33.7, 34.8, 35.8, 36.9, 37.6, 39.0, 82.0, 82.9, 87.2, 184.5, 192.1]","['INSIDE', 'NEAR', 'NEAR', 'NEAR', 'NEAR', 'NEAR', 'NEAR', 'NEAR', 'INSIDE', 'OUTSIDE', 'INSIDE', 'RAIL', 'OUTSIDE']","[[0.28, 1.09, 0.21], [0.53, 1.0, 0.21], [2.45, 0.1, 1.46], [0.45, 0.75, 0.63], [0.88, 0.09, 1.51], [0.4, 0.02, 1.23], [0.39, 0.1, 1.58], [0.74, 0.1, 1.54], [0.15, 3.86, 0.0], [0.07, 0.19, 0.51], [0.14, 4.11, 0.0], [0.06, 0.32, 0.0], [4.05, 1.56, 1.31]]","[558, 631, 641, 647, 643, 596, 648, 649, 567, 593, 599, 664, 667]",48.4
1272,1790252364287831483,307200,102549,23,10,192.5,"[33.3, 36.3, 37.3, 38.3, 39.6, 81.4, 86.2, 93.0, 183.8, 192.5]","['INSIDE', 'NEAR', 'NEAR', 'NEAR', 'INSIDE', 'INSIDE', 'INSIDE', 'NEAR', 'OUTSIDE', 'OUTSIDE']","[[0.5, 0.85, 0.59], [0.25, 0.04, 1.28], [0.61, 0.1, 1.48], [0.41, 0.07, 1.35], [0.09, 2.07, 0.0], [0.49, 4.03, 1.6], [0.44, 3.61, 0.01], [0.33, 1.13, 0.01], [1.41, 0.22, 1.55], [0.09, 0.34, 1.27]]","[645, 643, 648, 649, 660, 567, 599, 606, 664, 667]",47.8
1273,1790252364391006137,307200,101980,31,20,189.1,"[27.1, 27.9, 27.9, 31.9, 33.0, 33.3, 33.3, 35.0, 35.9, 36.9, 37.2, 37.2, 38.3, 39.5, 48.2, 82.9, 87.8, 180.0, 181.8, 189.1]","['INSIDE', 'INSIDE', 'NEAR', 'NEAR', 'INSIDE', 'OUTSIDE', 'NEAR', 'NEAR', 'RAIL', 'NEAR', 'INSIDE', 'INSIDE', 'NEAR', 'INSIDE', 'INSIDE', 'INSIDE', 'INSIDE', 'OUTSIDE', 'RAIL', 'OUTSIDE']","[[0.11, 2.27, 0.01], [0.18, 1.36, 0.01], [0.33, 1.06, 0.03], [0.69, 0.78, 1.71], [0.43, 0.94, 0.31], [1.07, 1.48, 0.6], [2.61, 0.13, 2.03], [1.0, 0.12, 1.46], [0.54, 0.08, 0.87], [0.51, 0.04, 1.62], [0.41, 1.35, 0.33], [0.81, 1.41, 0.05], [1.28, 0.11, 1.5], [0.14, 2.07, 0.01], [0.36, 0.84, 0.02], [1.12, 4.19, 0.03], [0.36, 4.14, 0.01], [0.07, 0.04, 0.38], [0.37, 0.1, 0.27], [3.99, 1.54, 1.26]]","[551, 548, 639, 645, 647, 635, 641, 662, 643, 596, 648, 644, 649, 660, 652, 567, 599, 669, 664, 667]",51.5
1274,1790252364487756481,307200,102326,24,13,187.6,"[24.1, 28.0, 28.0, 33.7, 34.9, 36.7, 38.4, 39.3, 82.1, 86.9, 92.9, 180.2, 187.6]","['INSIDE', 'INSIDE', 'INSIDE', 'NEAR', 'NEAR', 'NEAR', 'NEAR', 'INSIDE', 'INSIDE', 'INSIDE', 'OUTSIDE', 'RAIL', 'OUTSIDE']","[[0.45, 1.44, 0.25], [0.58, 1.28, 0.22], [0.44, 1.7, 0.22], [1.21, 0.12, 2.03], [1.6, 0.15, 1.48], [0.93, 0.07, 1.36], [0.52, 0.09, 1.53], [0.09, 2.61, 0.01], [0.75, 3.3, 0.02], [0.22, 3.49, 0.01], [0.27, 0.26, 1.21], [0.18, 0.1, 0.27], [4.03, 1.67, 1.28]]","[631, 548, 639, 641, 662, 596, 649, 660, 567, 599, 606, 664, 667]",44.6
1275,1790252364593548510,307200,103349,23,10,186.1,"[27.1, 29.3, 34.9, 38.3, 81.1, 85.9, 89.2, 91.4, 178.7, 186.1]","['OUTSIDE', 'NEAR', 'NEAR', 'NEAR', 'INSIDE', 'INSIDE', 'OUTSIDE', 'OUTSIDE', 'RAIL', 'OUTSIDE']","[[0.85, 1.35, 1.15], [1.33, 1.07, 0.56], [2.25, 0.12, 1.73], [1.03, 0.1, 1.62], [0.71, 3.4, 0.02], [0.31, 4.2, 0.01], [0.55, 0.2, 0.96], [0.22, 0.17, 1.19], [0.0, 0.1, 0.27], [4.03, 1.66, 1.27]]","[548, 638, 662, 649, 567, 599, 617, 606, 664, 667]",50.7
1276,1790252364690596600,307200,102590,22,11,186.7,"[20.0, 33.5, 35.1, 35.5, 38.4, 40.4, 82.3, 87.5, 90.0, 175.5, 186.7]","['INSIDE', 'NEAR', 'INSIDE', 'NEAR', 'OUTSIDE', 'NEAR', 'INSIDE', 'INSIDE', 'OUTSIDE', 'OUTSIDE', 'OUTSIDE']","[[1.63, 1.73, 0.46], [2.41, 0.13, 1.72], [0.22, 2.82, 0.02], [0.27, 0.07, 1.41], [0.13, 0.84, 0.01], [4.27, 0.12, 1.89], [0.21, 4.17, 0.01], [0.23, 4.12, 0.01], [0.32, 0.21, 1.17], [0.05, 0.04, 0.37], [8.06, 1.63, 1.61]]","[558, 641, 647, 643, 660, 649, 567, 599, 606, 669, 667]",46.4
1277,1790252364786205691,307200,99343,23,11,185.1,"[32.0, 34.3, 35.5, 36.9, 38.0, 38.9, 39.0, 82.8, 88.1, 88.5, 185.1]","['NEAR', 'NEAR', 'NEAR', 'NEAR', 'NEAR', 'INSIDE', 'NEAR', 'INSIDE', 'INSIDE', 'OUTSIDE', 'OUTSIDE']","[[2.76, 0.12, 2.16], [1.12, 0.12, 1.72], [1.4, 0.09, 1.41], [0.46, 0.06, 2.12], [0.72, 0.12, 1.59], [0.09, 2.18, 0.01], [0.91, 0.14, 1.55], [0.22, 4.19, 0.01], [0.36, 4.61, 0.01], [0.36, 0.65, 1.38], [8.1, 0.4, 2.06]]","[645, 662, 643, 596, 649, 644, 677, 567, 599, 606, 667]",53.0
1278,1790252364895222684,307200,105178,27,16,185.7,"[30.2, 30.8, 32.0, 33.2, 34.8, 36.3, 37.5, 39.4, 40.4, 45.6, 82.3, 85.1, 87.0, 87.1, 98.4, 185.7]","['INSIDE', 'INSIDE', 'INSIDE', 'NEAR', 'NEAR', 'NEAR', 'NEAR', 'NEAR', 'NEAR', 'NEAR', 'INSIDE', 'OUTSIDE', 'OUTSIDE', 'INSIDE', 'OUTSIDE', 'OUTSIDE']","[[0.53, 1.07, 0.05], [0.8, 1.06, 0.3], [0.1, 2.6, 0.28], [2.4, 0.12, 2.04], [1.07, 0.1, 1.37], [1.34, 0.09, 2.19], [0.71, 0.03, 1.17], [0.29, 0.11, 1.65], [0.33, 0.08, 0.98], [1.06, 0.65, 0.38], [1.03, 4.31, 0.03], [0.7, 0.12, 0.92], [0.41, 0.36, 1.54], [0.23, 3.49, 0.01], [0.28, 0.45, 1.29], [11.99, 1.29, 2.4]]","[635, 638, 645, 641, 662, 596, 649, 677, 676, 652, 567, 593, 606, 599, 683, 667]",51.2
1279,1790252364989645225,307200,105500,28,14,184.2,"[30.5, 32.4, 34.8, 37.0, 39.0, 40.6, 45.1, 82.6, 85.5, 87.7, 93.7, 171.1, 178.2, 184.2]","['INSIDE', 'NEAR', 'NEAR', 'NEAR', 'NEAR', 'NEAR', 'INSIDE', 'INSIDE', 'OUTSIDE', 'INSIDE', 'NEAR', 'OUTSIDE', 'RAIL', 'OUTSIDE']","[[0.18, 1.71, 0.01], [3.21, 0.12, 2.15], [1.06, 0.08, 1.32], [2.55, 0.11, 2.17], [0.4, 0.1, 1.54], [1.39, 0.12, 1.59], [0.05, 1.73, 0.01], [0.57, 3.6, 0.02], [0.43, 0.52, 1.51], [0.63, 4.58, 0.2], [0.39, 1.47, 0.01], [0.03, 0.04, 0.36], [0.03, 0.31, 0.0], [4.06, 0.32, 1.57]]","[635, 641, 662, 649, 677, 676, 652, 567, 606, 599, 683, 669, 664, 667]",41.4
1280,1790252365093746509,307200,98781,29,16,182.8,"[23.6, 29.1, 30.1, 30.1, 30.9, 34.0, 35.9, 37.5, 38.9, 44.0, 81.7, 84.1, 86.6, 93.5, 171.4, 182.8]","['INSIDE', 'INSIDE', 'INSIDE', 'INSIDE', 'NEAR', 'NEAR', 'NEAR', 'NEAR', 'NEAR', 'INSIDE', 'INSIDE', 'OUTSIDE', 'INSIDE', 'OUTSIDE', 'RAIL', 'OUTSIDE']","[[0.72, 0.9, 0.26], [0.1, 0.81, 0.01], [0.68, 2.61, 0.53], [0.46, 0.85, 0.04], [3.62, 0.12, 2.2], [1.4, 0.11, 2.02], [1.32, 0.11, 1.42], [0.33, 0.1, 1.48], [1.17, 0.11, 1.65], [0.17, 1.23, 0.01], [0.53, 4.62, 1.28], [0.43, 0.65, 1.31], [0.3, 4.68, 0.01], [0.2, 1.64, 0.01], [0.2, 0.09, 0.26], [4.06, 0.31, 1.56]]","[631, 635, 645, 638, 641, 662, 643, 649, 677, 652, 567, 606, 599, 683, 669, 667]",40.9
1281,1790252365190165074,307200,104134,27,16,181.3,"[27.1, 31.1, 32.5, 33.3, 34.0, 35.5, 37.0, 37.4, 39.2, 80.2, 82.6, 84.9, 91.3, 91.7, 170.5, 181.3]","['INSIDE', 'NEAR', 'NEAR', 'NEAR', 'RAIL', 'NEAR', 'RAIL', 'NEAR', 'INSIDE', 'INSIDE', 'OUTSIDE', 'INSIDE', 'NEAR', 'OUTSIDE', 'RAIL', 'OUTSIDE']","[[1.05, 1.31, 0.2], [0.51, 0.09, 1.3], [0.09, 0.82, 0.01], [1.62, 0.1, 1.39], [0.51, 0.12, 0.67], [1.39, 0.12, 1.51], [0.16, 0.13, 0.15], [0.92, 0.11, 1.86], [0.09, 2.73, 0.35], [0.57, 4.48, 0.02], [0.41, 0.37, 1.46], [0.19, 4.74, 0.01], [0.31, 0.97, 0.01], [1.19, 0.81, 2.01], [1.32, 0.32, 0.26], [11.98, 1.58, 1.21]]","[551, 641, 647, 662, 643, 596, 649, 677, 644, 567, 606, 599, 617, 683, 669, 667]",46.1
1282,1790252365285974189,307200,102837,26,15,181.4,"[25.2, 26.6, 33.3, 34.5, 36.0, 37.7, 39.7, 39.9, 41.4, 80.6, 81.1, 85.4, 90.0, 169.1, 181.4]","['INSIDE', 'INSIDE', 'NEAR', 'NEAR', 'NEAR', 'NEAR', 'NEAR', 'INSIDE', 'INSIDE', 'OUTSIDE', 'INSIDE', 'INSIDE', 'OUTSIDE', 'RAIL', 'OUTSIDE']","[[0.53, 1.07, 0.21], [0.42, 0.83, 0.04], [1.08, 0.07, 1.86], [0.36, 0.1, 1.45], [1.17, 0.1, 1.83], [2.07, 0.11, 1.6], [0.85, 0.53, 0.05], [1.35, 0.13, 2.0], [0.35, 0.11, 1.65], [0.4, 0.49, 1.43], [0.32, 4.64, 0.01], [0.19, 4.48, 0.01], [0.49, 0.21, 2.58], [1.4, 0.31, 0.25], [8.75, 1.56, 1.55]]","[631, 551, 662, 643, 596, 677, 670, 676, 680, 606, 567, 599, 683, 669, 667]",61.6
1283,1790252365388437215,307200,90172,19,11,180.3,"[25.5, 30.3, 31.6, 35.0, 36.9, 39.6, 81.7, 86.2, 88.6, 167.6, 180.3]","['INSIDE', 'OUTSIDE', 'INSIDE', 'INSIDE', 'NEAR', 'INSIDE', 'INSIDE', 'NEAR', 'OUTSIDE', 'OUTSIDE', 'OUTSIDE']","[[1.24, 2.87, 0.34], [0.55, 1.24, 0.74], [0.05, 2.21, 0.0], [0.3, 0.91, 0.02], [6.41, 0.16, 2.16], [1.12, 0.14, 1.59], [0.92, 4.91, 0.16], [0.22, 1.06, 0.01], [0.48, 0.29, 2.76], [1.5, 0.24, 1.87], [7.97, 0.34, 1.52]]","[631, 645, 638, 596, 643, 676, 567, 599, 683, 669, 667]",41.7
1284,1790252365498535627,307200,88747,22,13,178.4,"[25.2, 26.3, 30.7, 32.6, 34.7, 36.3, 38.0, 80.3, 82.9, 84.5, 89.6, 166.1, 178.4]","['INSIDE', 'OUTSIDE', 'NEAR', 'NEAR', 'NEAR', 'INSIDE', 'INSIDE', 'INSIDE', 'OUTSIDE', 'INSIDE', 'OUTSIDE', 'RAIL', 'OUTSIDE']","[[0.27, 2.28, 0.02], [0.65, 0.26, 0.25], [0.59, 0.1, 1.28], [2.41, 0.13, 2.0], [1.6, 0.13, 1.48], [0.81, 0.09, 1.81], [1.13, 0.15, 1.61], [0.79, 4.82, 0.16], [0.1, 0.08, 2.25], [0.65, 4.88, 0.02], [0.45, 0.61, 1.4], [1.41, 0.31, 0.25], [8.85, 1.53, 1.52]]","[631, 551, 641, 662, 643, 677, 676, 567, 606, 599, 683, 669, 664]",64.0
1285,1790252365590537522,307200,88404,21,10,177.4,"[25.2, 28.8, 34.7, 35.2, 36.5, 81.2, 85.9, 87.3, 88.2, 177.4]","['INSIDE', 'INSIDE', 'INSIDE', 'NEAR', 'INSIDE', 'INSIDE', 'INSIDE', 'RAIL', 'OUTSIDE', 'OUTSIDE']","[[0.25, 0.96, 0.02], [0.15, 1.71, 0.01], [0.09, 2.06, 0.01], [0.93, 0.61, 0.29], [1.29, 0.16, 1.82], [0.69, 5.15, 2.71], [0.91, 5.02, 2.69], [0.2, 0.08, 0.96], [0.44, 0.49, 1.56], [8.04, 0.4, 1.51]]","[631, 635, 647, 596, 677, 567, 599, 593, 683, 664]",44.3
1286,1790252365695171765,307200,88843,21,12,181.9,"[24.2, 24.7, 25.4, 30.6, 33.1, 80.9, 84.0, 85.8, 86.7, 170.0, 175.9, 181.9]","['OUTSIDE', 'INSIDE', 'OUTSIDE', 'OUTSIDE', 'INSIDE', 'INSIDE', 'OUTSIDE', 'INSIDE', 'OUTSIDE', 'OUTSIDE', 'OUTSIDE', 'OUTSIDE']","[[0.78, 0.2, 0.21], [0.78, 2.06, 0.3], [2.05, 1.23, 1.46], [0.92, 1.28, 1.02], [0.46, 2.43, 0.03], [0.74, 4.67, 0.02], [0.13, 0.29, 2.8], [0.57, 4.5, 2.68], [0.44, 0.56, 1.53], [4.12, 0.39, 2.24], [0.04, 0.04, 0.37], [3.96, 0.13, 0.39]]","[631, 551, 635, 645, 638, 567, 606, 599, 683, 669, 664, 667]",41.3
1287,1790252365789881497,307200,88005,14,8,180.5,"[25.4, 32.0, 82.0, 85.2, 86.6, 102.3, 168.5, 180.5]","['INSIDE', 'NEAR', 'INSIDE', 'OUTSIDE', 'INSIDE', 'OUTSIDE', 'OUTSIDE', 'OUTSIDE']","[[0.47, 1.0, 0.05], [0.84, 0.66, 0.29], [1.35, 5.15, 2.73], [0.45, 0.49, 1.33], [0.26, 4.71, 0.98], [1.28, 1.09, 2.45], [4.05, 1.58, 2.22], [4.02, 0.18, 0.88]]","[551, 638, 567, 683, 599, 681, 669, 667]",43.5
1288,1790252365896949817,307200,88563,21,14,179.0,"[24.7, 25.2, 26.3, 28.9, 31.7, 80.6, 83.8, 85.3, 96.8, 101.3, 153.1, 161.0, 169.1, 179.0]","['INSIDE', 'INSIDE', 'OUTSIDE', 'INSIDE', 'NEAR', 'INSIDE', 'OUTSIDE', 'INSIDE', 'OUTSIDE', 'OUTSIDE', 'OUTSIDE', 'OUTSIDE', 'OUTSIDE', 'OUTSIDE']","[[1.53, 2.96, 1.05], [0.24, 0.98, 0.03], [0.32, 0.17, 0.26], [0.06, 1.01, 0.01], [0.76, 0.56, 0.25], [0.93, 4.98, 2.7], [0.46, 0.51, 1.48], [0.54, 4.68, 0.97], [0.35, 0.21, 0.19], [0.46, 0.76, 2.42], [0.01, 0.27, 0.3], [8.04, 0.37, 1.83], [0.2, 0.39, 1.47], [4.02, 0.07, 0.35]]","[635, 551, 631, 645, 638, 567, 606, 599, 617, 681, 684, 675, 669, 667]",42.8
1289,1790252366005582520,307200,87249,20,9,179.6,"[22.9, 24.9, 29.1, 81.6, 82.3, 83.7, 86.6, 100.3, 179.6]","['NEAR', 'NEAR', 'NEAR', 'OUTSIDE', 'INSIDE', 'OUTSIDE', 'INSIDE', 'OUTSIDE', 'OUTSIDE']","[[1.43, 1.04, 0.29], [1.28, 1.18, 0.26], [0.76, 1.03, 0.28], [0.35, 0.37, 1.28], [0.86, 4.99, 0.03], [0.19, 0.29, 1.11], [0.28, 1.81, 0.01], [1.39, 1.37, 2.42], [0.03, 0.07, 0.36]]","[551, 631, 645, 606, 567, 683, 599, 681, 667]",43.3
1290,1790252366088180663,307200,87097,18,8,167.7,"[18.5, 25.3, 28.8, 80.9, 82.8, 98.4, 154.1, 167.7]","['INSIDE', 'INSIDE', 'NEAR', 'OUTSIDE', 'INSIDE', 'OUTSIDE', 'OUTSIDE', 'OUTSIDE']","[[0.36, 0.9, 0.05], [0.49, 0.95, 0.05], [0.65, 0.51, 0.5], [0.42, 0.51, 1.61], [1.28, 5.23, 0.98], [0.51, 0.69, 2.36], [8.1, 0.81, 2.32], [4.88, 1.46, 1.79]]","[551, 631, 645, 606, 567, 681, 684, 669]",40.9
1291,1790252366197233580,307200,87577,19,7,96.9,"[18.5, 25.1, 26.4, 80.7, 81.5, 86.4, 96.9]","['INSIDE', 'INSIDE', 'NEAR', 'OUTSIDE', 'INSIDE', 'INSIDE', 'OUTSIDE']","[[0.25, 0.52, 0.21], [1.05, 1.07, 0.18], [0.77, 0.74, 0.27], [0.14, 0.2, 0.93], [0.66, 3.99, 0.02], [1.02, 4.99, 0.03], [0.55, 0.68, 2.54]]","[551, 631, 645, 606, 567, 599, 681]",44.5
1292,1790252366303459900,307200,87080,16,6,180.2,"[23.0, 80.6, 85.7, 95.5, 165.2, 180.2]","['INSIDE', 'INSIDE', 'INSIDE', 'OUTSIDE', 'OUTSIDE', 'INSIDE']","[[0.51, 1.97, 0.19], [0.38, 4.36, 0.01], [0.72, 5.08, 0.02], [0.52, 0.67, 2.28], [12.06, 1.38, 1.44], [10.05, 5.28, 2.04]]","[631, 567, 599, 681, 669, 667]",58.5
1293,1790252366391884815,307200,86987,15,5,180.5,"[24.4, 78.5, 83.6, 167.8, 180.5]","['NEAR', 'INSIDE', 'INSIDE', 'OUTSIDE', 'INSIDE']","[[0.84, 0.68, 0.19], [0.59, 2.06, 0.02], [0.72, 5.1, 0.02], [4.01, 0.43, 1.18], [5.44, 5.52, 2.37]]","[631, 567, 599, 669, 667]",35.2
1294,1790252366491797514,307200,87854,19,5,179.8,"[81.0, 85.4, 88.1, 168.3, 179.8]","['INSIDE', 'INSIDE', 'OUTSIDE', 'OUTSIDE', 'INSIDE']","[[1.25, 4.97, 1.99], [2.23, 5.33, 2.69], [0.17, 0.35, 0.19], [8.03, 0.19, 0.85], [6.92, 5.48, 2.75]]","[606, 599, 593, 669, 667]",40.1
1295,1790252366588752644,307200,86844,18,9,178.3,"[21.9, 80.9, 86.5, 94.9, 97.5, 99.4, 100.2, 166.9, 178.3]","['INSIDE', 'INSIDE', 'INSIDE', 'OUTSIDE', 'OUTSIDE', 'OUTSIDE', 'OUTSIDE', 'OUTSIDE', 'INSIDE']","[[0.81, 1.81, 0.58], [0.7, 4.79, 0.02], [2.57, 4.12, 2.69], [0.03, 0.18, 0.43], [0.09, 0.23, 0.39], [0.91, 0.85, 1.1], [0.19, 0.51, 1.11], [7.98, 0.19, 0.84], [6.88, 5.44, 2.02]]","[631, 606, 599, 681, 617, 693, 697, 669, 667]",37.1
1296,1790252366689527859,307200,87392,18,10,177.0,"[23.3, 82.2, 85.9, 87.3, 93.5, 96.1, 98.7, 101.2, 159.4, 177.0]","['RAIL', 'INSIDE', 'OUTSIDE', 'OUTSIDE', 'OUTSIDE', 'OUTSIDE', 'OUTSIDE', 'OUTSIDE', 'OUTSIDE', 'INSIDE']","[[1.99, 0.04, 0.17], [1.41, 5.23, 2.75], [0.96, 0.5, 2.67], [0.34, 1.07, 0.01], [0.27, 0.32, 0.83], [0.07, 0.17, 0.39], [0.2, 0.29, 1.1], [0.6, 1.07, 1.1], [12.03, 0.78, 2.14], [7.05, 5.49, 2.34]]","[631, 606, 690, 593, 692, 617, 693, 697, 675, 667]",41.3
1297,1790252366793051883,307200,87214,14,5,173.8,"[25.3, 84.2, 97.3, 100.1, 173.8]","['RAIL', 'INSIDE', 'OUTSIDE', 'OUTSIDE', 'INSIDE']","[[1.0, 0.04, 0.21], [1.66, 5.23, 2.81], [0.26, 0.32, 1.27], [0.1, 0.23, 1.09], [11.5, 5.44, 2.3]]","[631, 606, 693, 697, 667]",48.9
1298,1790252366891138028,307200,87165,17,7,184.2,"[83.2, 87.8, 93.2, 95.3, 98.6, 174.4, 184.2]","['INSIDE', 'INSIDE', 'OUTSIDE', 'OUTSIDE', 'OUTSIDE', 'INSIDE', 'RAIL']","[[1.09, 4.88, 2.79], [2.4, 5.11, 2.55], [0.06, 0.2, 0.19], [1.49, 1.28, 2.51], [0.14, 0.22, 1.09], [7.48, 5.3, 2.3], [0.06, 0.1, 0.28]]","[606, 599, 617, 681, 697, 667, 691]",51.8
1299,1790252366986362262,307200,86906,17,6,172.8,"[81.3, 85.4, 91.8, 93.2, 101.2, 172.8]","['INSIDE', 'INSIDE', 'OUTSIDE', 'OUTSIDE', 'OUTSIDE', 'INSIDE']","[[1.97, 4.96, 2.69], [0.98, 5.13, 2.68], [0.07, 0.2, 0.37], [0.06, 0.21, 1.03], [0.07, 0.19, 0.69], [7.16, 5.22, 2.21]]","[606, 690, 617, 692, 699, 667]",45.4
1300,1790252367097095450,307200,88222,14,4,99.8,"[80.3, 83.4, 92.4, 99.8]","['OUTSIDE', 'INSIDE', 'OUTSIDE', 'OUTSIDE']","[[0.99, 0.36, 2.66], [1.73, 5.11, 2.77], [1.36, 0.4, 2.41], [0.07, 0.21, 0.88]]","[606, 690, 692, 697]",47.0
1301,1790252367189298902,307200,89150,17,10,179.9,"[83.2, 88.6, 89.2, 91.1, 94.4, 96.3, 98.4, 102.5, 170.6, 179.9]","['INSIDE', 'OUTSIDE', 'INSIDE', 'OUTSIDE', 'OUTSIDE', 'INSIDE', 'OUTSIDE', 'OUTSIDE', 'INSIDE', 'RAIL']","[[1.67, 5.29, 2.78], [0.5, 0.19, 0.35], [0.99, 4.02, 0.03], [1.47, 0.33, 2.59], [0.09, 0.19, 1.05], [0.7, 1.19, 0.02], [0.09, 0.2, 0.64], [0.32, 0.91, 2.45], [8.38, 5.32, 2.26], [0.01, 0.1, 0.27]]","[690, 593, 599, 692, 681, 693, 697, 700, 667, 691]",55.1
1302,1790252367292884349,307200,87775,17,10,168.6,"[80.8, 84.9, 85.2, 87.6, 89.0, 89.6, 91.7, 97.0, 101.0, 168.6]","['INSIDE', 'OUTSIDE', 'INSIDE', 'OUTSIDE', 'OUTSIDE', 'OUTSIDE', 'INSIDE', 'OUTSIDE', 'OUTSIDE', 'INSIDE']","[[1.42, 4.95, 2.7], [0.13, 0.96, 1.32], [0.29, 1.34, 0.01], [0.09, 0.19, 0.35], [0.06, 0.21, 0.99], [1.4, 0.32, 1.4], [0.33, 4.8, 0.01], [0.08, 0.05, 0.85], [0.46, 0.94, 2.42], [7.22, 5.22, 2.16]]","[606, 690, 599, 593, 695, 692, 617, 697, 699, 667]",63.6
1303,1790252367396032950,307200,91273,16,10,176.7,"[83.8, 86.1, 88.3, 89.4, 91.6, 96.1, 99.7, 103.7, 167.2, 176.7]","['INSIDE', 'OUTSIDE', 'INSIDE', 'OUTSIDE', 'OUTSIDE', 'OUTSIDE', 'OUTSIDE', 'OUTSIDE', 'INSIDE', 'INSIDE']","[[0.49, 5.23, 1.32], [0.01, 0.16, 0.38], [0.17, 1.87, 0.0], [1.5, 0.41, 2.74], [0.05, 0.28, 1.24], [1.12, 0.26, 0.87], [0.41, 0.9, 2.39], [2.16, 1.19, 2.51], [7.16, 5.23, 2.23], [0.85, 2.8, 2.04]]","[599, 593, 617, 695, 692, 697, 699, 702, 667, 691]",46.9
1304,1790252367492529094,307200,91355,17,11,106.2,"[82.0, 82.2, 84.7, 86.9, 87.7, 90.2, 94.5, 94.7, 98.2, 101.9, 106.2]","['INSIDE', 'OUTSIDE', 'OUTSIDE', 'OUTSIDE', 'INSIDE', 'OUTSIDE', 'INSIDE', 'OUTSIDE', 'OUTSIDE', 'OUTSIDE', 'OUTSIDE']","[[0.26, 1.01, 0.01], [0.48, 1.86, 1.28], [0.04, 0.3, 0.19], [1.5, 1.71, 2.72], [0.32, 2.3, 0.01], [0.08, 0.23, 1.22], [0.43, 2.64, 0.01], [1.22, 0.19, 0.69], [0.24, 0.78, 2.35], [1.32, 0.6, 2.24], [0.09, 0.23, 1.15]]","[599, 606, 593, 695, 617, 692, 693, 681, 699, 700, 703]",45.6
1305,1790252367591198291,307200,88338,16,9,162.2,"[81.3, 85.4, 86.6, 88.8, 96.9, 100.9, 104.8, 160.8, 162.2]","['INSIDE', 'OUTSIDE', 'INSIDE', 'OUTSIDE', 'OUTSIDE', 'OUTSIDE', 'OUTSIDE', 'OUTSIDE', 'INSIDE']","[[1.2, 5.12, 1.29], [1.48, 0.33, 2.65], [1.19, 4.7, 0.03], [0.1, 0.2, 0.98], [0.29, 0.88, 2.32], [2.05, 1.75, 2.44], [0.09, 0.23, 1.13], [0.09, 0.04, 0.79], [10.84, 5.08, 2.19]]","[599, 690, 617, 692, 697, 700, 702, 675, 667]",61.2
1306,1790252367693467946,307200,87654,14,10,185.1,"[82.2, 83.6, 87.0, 95.5, 99.1, 101.4, 103.4, 107.3, 172.9, 185.1]","['INSIDE', 'OUTSIDE', 'INSIDE', 'OUTSIDE', 'OUTSIDE', 'INSIDE', 'OUTSIDE', 'OUTSIDE', 'RAIL', 'OUTSIDE']","[[1.07, 2.62, 1.47], [2.47, 1.3, 2.75], [0.73, 5.19, 1.18], [0.37, 0.88, 2.29], [1.2, 0.57, 2.18], [1.42, 2.85, 0.03], [0.1, 0.21, 2.47], [0.11, 0.23, 0.95], [0.04, 0.3, 0.0], [3.47, 0.17, 1.55]]","[599, 606, 617, 681, 699, 700, 702, 703, 691, 708]",60.6
1307,1790252367791411108,307200,86433,15,9,185.4,"[80.5, 82.6, 85.2, 89.6, 97.6, 102.0, 105.5, 160.8, 185.4]","['OUTSIDE', 'OUTSIDE', 'INSIDE', 'INSIDE', 'OUTSIDE', 'OUTSIDE', 'OUTSIDE', 'INSIDE', 'OUTSIDE']","[[0.06, 0.28, 0.33], [1.44, 0.42, 2.91], [1.67, 5.26, 1.15], [0.88, 4.93, 1.21], [0.92, 0.46, 2.35], [0.07, 0.18, 2.44], [0.91, 1.31, 0.93], [5.57, 5.55, 2.47], [0.04, 0.13, 1.19]]","[599, 606, 617, 692, 697, 702, 703, 667, 708]",57.7
1308,1790252367890860470,307200,86529,16,10,184.7,"[80.6, 81.3, 83.8, 88.4, 96.1, 96.4, 100.6, 104.2, 160.1, 184.7]","['OUTSIDE', 'OUTSIDE', 'INSIDE', 'INSIDE', 'INSIDE', 'OUTSIDE', 'OUTSIDE', 'OUTSIDE', 'INSIDE', 'OUTSIDE']","[[0.06, 0.18, 0.93], [1.47, 0.41, 1.63], [1.82, 5.19, 1.13], [0.72, 5.15, 1.0], [0.51, 2.18, 0.01], [1.22, 0.66, 2.53], [0.09, 0.22, 2.41], [0.84, 1.47, 1.14], [7.12, 5.5, 2.14], [1.46, 2.14, 2.06]]","[606, 690, 617, 692, 693, 681, 702, 703, 667, 708]",47.1
1309,1790252367988159908,307200,75723,12,7,180.9,"[80.5, 85.1, 94.9, 98.8, 103.2, 106.1, 180.9]","['INSIDE', 'INSIDE', 'OUTSIDE', 'OUTSIDE', 'OUTSIDE', 'INSIDE', 'OUTSIDE']","[[0.41, 4.64, 0.01], [0.43, 4.6, 0.01], [0.81, 0.54, 2.09], [0.94, 1.23, 2.38], [0.07, 0.2, 0.7], [0.71, 1.3, 0.02], [3.47, 0.16, 1.51]]","[606, 617, 681, 699, 703, 707, 708]",42.7
1310,1790252368091216945,307200,71969,16,10,181.3,"[80.1, 81.9, 85.2, 93.5, 97.2, 100.2, 101.8, 105.6, 155.2, 181.3]","['INSIDE', 'OUTSIDE', 'INSIDE', 'OUTSIDE', 'OUTSIDE', 'OUTSIDE', 'OUTSIDE', 'OUTSIDE', 'INSIDE', 'OUTSIDE']","[[0.76, 5.18, 1.24], [0.11, 0.3, 1.27], [1.33, 5.08, 1.32], [0.73, 0.5, 2.25], [1.42, 2.4, 1.29], [0.33, 0.59, 1.11], [0.11, 0.18, 0.9], [0.93, 1.63, 0.69], [10.75, 5.4, 2.43], [0.06, 0.55, 1.17]]","[606, 690, 617, 681, 697, 702, 703, 707, 667, 708]",48.2
1311,1790252368191407281,307200,70345,13,10,182.0,"[80.5, 81.1, 82.2, 88.2, 92.2, 98.8, 100.5, 104.1, 156.6, 182.0]","['OUTSIDE', 'OUTSIDE', 'INSIDE', 'OUTSIDE', 'OUTSIDE', 'OUTSIDE', 'OUTSIDE', 'OUTSIDE', 'INSIDE', 'INSIDE']","[[0.47, 0.05, 1.23], [0.1, 0.15, 0.93], [0.39, 4.16, 0.01], [1.3, 1.72, 2.74], [0.71, 0.52, 2.21], [0.31, 0.58, 1.1], [0.08, 0.21, 0.89], [0.92, 1.27, 0.9], [8.36, 5.62, 2.39], [4.4, 4.43, 2.01]]","[599, 690, 606, 695, 681, 699, 703, 707, 667, 708]",50.8
1312,1790252368298237279,307200,67067,18,12,187.3,"[80.2, 85.6, 87.2, 91.9, 95.1, 97.4, 99.1, 103.1, 106.7, 154.6, 174.6, 187.3]","['INSIDE', 'INSIDE', 'OUTSIDE', 'INSIDE', 'OUTSIDE', 'OUTSIDE', 'OUTSIDE', 'OUTSIDE', 'OUTSIDE', 'INSIDE', 'OUTSIDE', 'RAIL']","[[0.83, 4.64, 0.03], [1.66, 4.86, 0.18], [0.3, 0.87, 2.72], [0.2, 1.93, 0.01], [0.14, 0.21, 1.94], [0.29, 0.64, 1.08], [1.23, 2.07, 1.09], [0.05, 0.04, 0.7], [0.76, 1.52, 0.48], [7.07, 5.37, 2.06], [7.99, 1.26, 1.95], [0.05, 0.11, 0.28]]","[606, 617, 695, 681, 697, 699, 702, 707, 709, 667, 691, 708]",28.5
1313,1790252368391269685,307200,66506,16,10,186.0,"[81.4, 86.1, 89.5, 92.3, 96.5, 101.0, 151.3, 162.9, 177.8, 186.0]","['INSIDE', 'INSIDE', 'OUTSIDE', 'OUTSIDE', 'OUTSIDE', 'OUTSIDE', 'INSIDE', 'INSIDE', 'OUTSIDE', 'RAIL']","[[0.83, 4.86, 1.26], [0.85, 5.19, 2.7], [0.64, 0.42, 2.38], [0.35, 1.94, 0.01], [1.24, 0.88, 1.07], [1.58, 1.76, 0.64], [11.18, 5.55, 2.35], [0.81, 2.96, 2.12], [1.49, 2.49, 1.98], [0.02, 0.1, 0.28]]","[606, 617, 696, 681, 699, 700, 667, 675, 691, 708]",50.3
1314,1790252368488282512,307200,66417,16,11,174.1,"[84.2, 88.4, 89.6, 89.6, 94.7, 96.1, 96.7, 100.5, 112.3, 152.5, 174.1]","['INSIDE', 'OUTSIDE', 'INSIDE', 'OUTSIDE', 'OUTSIDE', 'INSIDE', 'OUTSIDE', 'OUTSIDE', 'OUTSIDE', 'INSIDE', 'OUTSIDE']","[[0.98, 5.13, 2.82], [0.98, 0.47, 2.54], [0.29, 2.03, 0.01], [0.13, 1.1, 0.0], [0.31, 0.61, 1.24], [0.33, 2.54, 0.01], [0.67, 1.02, 0.85], [0.19, 0.2, 0.66], [0.06, 0.29, 2.16], [8.35, 5.47, 2.35], [3.47, 0.43, 1.92]]","[617, 696, 692, 681, 697, 693, 699, 703, 704, 667, 691]",46.3
1315,1790252368593238567,307200,65868,17,13,175.1,"[80.6, 83.2, 85.8, 86.9, 93.0, 93.3, 95.0, 99.7, 107.0, 111.0, 150.6, 159.4, 175.1]","['INSIDE', 'OUTSIDE', 'INSIDE', 'OUTSIDE', 'OUTSIDE', 'INSIDE', 'OUTSIDE', 'INSIDE', 'OUTSIDE', 'OUTSIDE', 'INSIDE', 'INSIDE', 'OUTSIDE']","[[0.54, 4.93, 0.02], [0.51, 0.85, 2.59], [0.5, 4.34, 0.01], [0.42, 0.51, 2.3], [0.33, 0.55, 1.04], [1.15, 4.38, 0.03], [0.04, 0.23, 1.05], [1.47, 4.15, 0.68], [0.11, 0.25, 2.35], [0.09, 0.12, 2.14], [7.24, 5.48, 2.01], [2.39, 2.91, 2.09], [1.46, 2.45, 1.95]]","[606, 617, 695, 696, 697, 692, 699, 702, 709, 704, 667, 675, 691]",41.7
1316,1790252368689902811,307200,65535,15,11,181.9,"[81.8, 84.9, 90.3, 92.0, 93.7, 97.7, 100.0, 105.2, 109.6, 173.1, 181.9]","['OUTSIDE', 'INSIDE', 'OUTSIDE', 'OUTSIDE', 'OUTSIDE', 'OUTSIDE', 'OUTSIDE', 'OUTSIDE', 'OUTSIDE', 'OUTSIDE', 'RAIL']","[[0.36, 0.89, 2.55], [1.61, 5.14, 2.65], [1.33, 1.39, 2.61], [0.38, 0.47, 1.02], [0.09, 0.2, 0.83], [0.16, 0.18, 0.44], [0.13, 0.06, 0.62], [0.91, 1.16, 0.94], [0.1, 0.12, 2.11], [0.1, 0.42, 1.12], [0.05, 0.1, 0.27]]","[617, 695, 681, 697, 699, 703, 702, 709, 704, 691, 708]",43.2
1317,1790252368796389165,307200,66436,10,7,180.5,"[84.1, 91.2, 92.3, 96.3, 104.3, 108.3, 180.5]","['INSIDE', 'OUTSIDE', 'OUTSIDE', 'OUTSIDE', 'OUTSIDE', 'OUTSIDE', 'RAIL']","[[0.66, 4.8, 2.8], [1.39, 0.88, 1.18], [0.08, 0.16, 0.81], [0.89, 2.17, 0.68], [1.18, 0.75, 2.51], [0.07, 0.12, 2.09], [0.04, 0.31, 0.0]]","[695, 697, 699, 703, 709, 704, 708]",45.4
1318,1790252368896809952,307200,66667,14,8,107.0,"[83.3, 89.8, 95.0, 96.7, 96.7, 99.0, 103.0, 107.0]","['INSIDE', 'OUTSIDE', 'OUTSIDE', 'OUTSIDE', 'INSIDE', 'OUTSIDE', 'OUTSIDE', 'OUTSIDE']","[[1.85, 3.32, 2.8], [1.43, 0.87, 1.39], [0.21, 0.18, 0.66], [0.55, 1.01, 0.01], [1.03, 1.35, 0.03], [0.05, 0.23, 0.42], [0.2, 0.21, 2.47], [0.07, 0.2, 2.35]]","[695, 681, 703, 693, 702, 700, 707, 704]",41.4
1319,1790252368987849322,307200,66375,14,10,177.9,"[81.4, 85.0, 88.5, 89.6, 93.7, 97.6, 101.7, 105.3, 171.3, 177.9]","['OUTSIDE', 'INSIDE', 'OUTSIDE', 'OUTSIDE', 'OUTSIDE', 'OUTSIDE', 'OUTSIDE', 'OUTSIDE', 'INSIDE', 'RAIL']","[[0.69, 0.53, 2.55], [1.53, 5.1, 2.67], [1.42, 1.1, 1.2], [0.12, 0.22, 1.0], [0.11, 0.19, 0.61], [0.09, 0.68, 0.86], [0.16, 0.19, 2.23], [0.86, 0.96, 2.3], [4.43, 4.25, 1.89], [0.03, 0.21, 0.27]]","[617, 695, 681, 697, 703, 700, 707, 709, 691, 708]",47.1
1320,1790252369090534149,307200,66956,18,11,172.4,"[80.4, 83.7, 86.8, 92.4, 93.9, 94.1, 100.3, 102.9, 104.3, 160.5, 172.4]","['OUTSIDE', 'INSIDE', 'OUTSIDE', 'OUTSIDE', 'OUTSIDE', 'INSIDE', 'OUTSIDE', 'INSIDE', 'OUTSIDE', 'INSIDE', 'INSIDE']","[[1.1, 0.55, 2.68], [1.48, 5.3, 2.81], [0.6, 0.51, 1.35], [0.25, 0.21, 0.64], [1.26, 0.06, 1.22], [0.38, 3.11, 0.01], [0.14, 0.24, 2.4], [0.6, 1.62, 0.01], [0.08, 0.23, 2.29], [1.74, 1.11, 0.02], [0.6, 3.67, 1.17]]","[690, 695, 696, 699, 692, 703, 707, 709, 704, 675, 691]",47.4
1321,1790252369194170807,307200,66966,16,11,115.0,"[83.1, 84.1, 85.8, 87.0, 89.6, 91.1, 95.0, 97.1, 99.0, 103.0, 115.0]","['OUTSIDE', 'INSIDE', 'OUTSIDE', 'OUTSIDE', 'INSIDE', 'OUTSIDE', 'OUTSIDE', 'INSIDE', 'OUTSIDE', 'OUTSIDE', 'OUTSIDE']","[[0.12, 0.26, 2.77], [0.56, 4.86, 0.02], [1.47, 0.95, 1.51], [0.14, 0.19, 0.98], [0.46, 4.38, 0.01], [0.15, 0.15, 0.39], [0.08, 0.07, 0.84], [1.44, 0.86, 0.04], [0.13, 0.24, 2.6], [0.08, 0.28, 2.26], [0.14, 0.25, 1.71]]","[617, 695, 696, 681, 697, 699, 693, 700, 707, 704, 713]",39.7
1322,1790252369287646471,307200,66819,15,10,152.3,"[80.3, 84.6, 85.3, 89.8, 91.7, 97.7, 99.0, 101.7, 113.7, 152.3]","['INSIDE', 'INSIDE', 'OUTSIDE', 'OUTSIDE', 'OUTSIDE', 'OUTSIDE', 'OUTSIDE', 'OUTSIDE', 'OUTSIDE', 'OUTSIDE']","[[0.37, 4.35, 0.01], [0.81, 5.14, 0.97], [1.36, 1.05, 1.31], [0.22, 0.31, 0.63], [1.14, 0.64, 0.03], [0.13, 0.27, 2.34], [0.07, 0.87, 0.0], [0.11, 0.27, 2.23], [0.1, 0.07, 1.7], [2.02, 0.34, 2.0]]","[606, 695, 696, 699, 703, 707, 700, 704, 713, 667]",35.1
1323,1790252369389931189,307200,66919,14,8,172.7,"[80.1, 83.7, 88.5, 92.4, 96.4, 100.4, 112.4, 172.7]","['INSIDE', 'INSIDE', 'OUTSIDE', 'OUTSIDE', 'OUTSIDE', 'OUTSIDE', 'OUTSIDE', 'RAIL']","[[0.83, 5.14, 2.68], [2.4, 4.92, 2.64], [0.2, 0.18, 0.42], [0.05, 0.21, 0.4], [0.07, 0.17, 2.12], [0.09, 0.22, 2.2], [0.13, 0.26, 1.68], [0.03, 0.1, 0.26]]","[606, 695, 699, 703, 707, 704, 713, 691]",37.2
1324,1790252369489786185,307200,67388,13,9,158.6,"[80.0, 82.2, 86.3, 90.8, 95.1, 97.9, 99.1, 111.1, 158.6]","['INSIDE', 'OUTSIDE', 'INSIDE', 'INSIDE', 'OUTSIDE', 'INSIDE', 'OUTSIDE', 'OUTSIDE', 'INSIDE']","[[1.39, 4.92, 0.04], [2.03, 1.39, 2.95], [1.62, 3.31, 0.75], [0.86, 3.21, 0.86], [0.11, 0.22, 2.5], [0.37, 2.56, 0.01], [0.1, 0.26, 2.37], [0.12, 0.23, 2.18], [8.05, 4.24, 2.41]]","[606, 617, 681, 697, 693, 702, 704, 713, 675]",36.8
1325,1790252369592673985,307200,67230,11,8,179.3,"[80.7, 82.1, 88.1, 93.8, 94.9, 110.4, 158.1, 179.3]","['OUTSIDE', 'INSIDE', 'INSIDE', 'OUTSIDE', 'INSIDE', 'OUTSIDE', 'INSIDE', 'OUTSIDE']","[[1.46, 0.93, 1.42], [0.76, 5.15, 0.74], [2.05, 4.92, 1.52], [0.09, 0.24, 2.46], [0.46, 2.82, 0.01], [1.31, 1.36, 1.96], [8.97, 3.68, 2.12], [0.86, 0.22, 0.83]]","[690, 695, 681, 693, 702, 713, 675, 708]",37.2
1326,1790252369691063330,307200,67282,13,8,155.9,"[80.5, 84.9, 99.2, 100.5, 105.5, 107.2, 108.5, 155.9]","['INSIDE', 'INSIDE', 'INSIDE', 'OUTSIDE', 'OUTSIDE', 'OUTSIDE', 'OUTSIDE', 'INSIDE']","[[1.02, 4.92, 0.72], [0.67, 4.65, 0.59], [0.63, 1.91, 0.01], [0.12, 0.26, 2.41], [0.12, 0.11, 1.43], [0.14, 0.21, 0.53], [0.1, 0.25, 0.88], [8.27, 3.44, 2.04]]","[606, 696, 700, 721, 709, 720, 713, 675]",21.8
1327,1790252369792520235,307200,67324,15,8,174.6,"[83.3, 94.3, 94.8, 99.3, 102.9, 106.0, 107.2, 174.6]","['INSIDE', 'OUTSIDE', 'OUTSIDE', 'OUTSIDE', 'OUTSIDE', 'OUTSIDE', 'OUTSIDE', 'OUTSIDE']","[[0.73, 5.17, 0.38], [0.15, 0.2, 0.2], [1.05, 1.33, 2.48], [0.17, 0.2, 1.95], [0.85, 0.86, 2.01], [0.16, 0.25, 0.73], [0.11, 0.23, 1.89], [3.37, 0.65, 0.03]]","[695, 692, 693, 704, 721, 720, 713, 691]",47.0
1328,1790252369887271859,307200,66543,13,8,173.4,"[84.3, 89.7, 94.0, 97.7, 104.7, 106.0, 156.7, 173.4]","['INSIDE', 'OUTSIDE', 'OUTSIDE', 'OUTSIDE', 'OUTSIDE', 'OUTSIDE', 'OUTSIDE', 'OUTSIDE']","[[1.42, 4.89, 1.88], [0.93, 1.98, 2.58], [0.1, 0.24, 2.46], [0.89, 0.45, 2.57], [0.17, 0.22, 0.43], [1.97, 1.31, 2.07], [14.47, 1.23, 2.33], [3.39, 0.66, 0.04]]","[696, 697, 693, 707, 720, 713, 675, 691]",45.2
1329,1790252369990444677,307200,66711,17,13,173.0,"[80.7, 85.3, 88.8, 92.3, 92.5, 96.8, 100.0, 100.2, 103.4, 104.7, 108.3, 154.0, 173.0]","['INSIDE', 'INSIDE', 'OUTSIDE', 'INSIDE', 'OUTSIDE', 'OUTSIDE', 'OUTSIDE', 'OUTSIDE', 'RAIL', 'OUTSIDE', 'OUTSIDE', 'INSIDE', 'OUTSIDE']","[[0.9, 5.09, 0.37], [1.27, 4.97, 0.98], [0.2, 0.29, 2.56], [0.56, 1.62, 0.01], [0.89, 1.56, 2.41], [0.21, 0.37, 2.17], [0.12, 0.87, 0.0], [1.2, 1.43, 1.95], [0.12, 0.2, 0.67], [0.12, 0.23, 1.84], [0.84, 1.54, 0.49], [13.25, 4.47, 2.06], [1.37, 0.19, 0.48]]","[606, 696, 699, 692, 703, 707, 700, 704, 721, 720, 713, 667, 691]",39.6
1330,1790252370089308659,307200,67595,14,9,180.9,"[82.7, 87.5, 87.6, 95.5, 99.5, 102.2, 103.0, 108.0, 180.9]","['INSIDE', 'INSIDE', 'OUTSIDE', 'OUTSIDE', 'OUTSIDE', 'OUTSIDE', 'OUTSIDE', 'OUTSIDE', 'OUTSIDE']","[[1.76, 5.23, 2.78], [0.33, 3.21, 0.01], [1.05, 0.48, 2.74], [0.21, 0.37, 2.09], [0.09, 0.23, 1.75], [0.17, 0.33, 0.71], [0.97, 0.74, 0.67], [1.19, 1.5, 0.31], [0.0, 0.32, 0.0]]","[695, 681, 699, 707, 704, 721, 720, 713, 708]",29.5
1331,1790252370190159899,307200,67838,18,12,170.5,"[80.3, 84.9, 85.6, 85.9, 90.2, 94.3, 97.8, 99.2, 100.9, 106.4, 152.4, 170.5]","['INSIDE', 'INSIDE', 'OUTSIDE', 'OUTSIDE', 'OUTSIDE', 'OUTSIDE', 'OUTSIDE', 'OUTSIDE', 'OUTSIDE', 'OUTSIDE', 'INSIDE', 'OUTSIDE']","[[1.88, 5.04, 1.43], [0.22, 1.18, 0.01], [1.36, 0.98, 0.15], [0.84, 0.78, 2.87], [1.23, 2.12, 2.6], [0.18, 0.24, 2.47], [0.89, 1.19, 2.56], [0.04, 0.39, 0.4], [0.13, 0.31, 0.41], [1.89, 1.49, 0.52], [12.39, 4.54, 2.35], [1.31, 0.07, 0.35]]","[606, 696, 681, 699, 697, 693, 704, 700, 721, 713, 667, 691]",50.0
1332,1790252370294516012,307200,68009,17,10,105.0,"[81.8, 85.1, 86.6, 87.3, 89.0, 93.5, 97.0, 99.7, 101.5, 105.0]","['INSIDE', 'OUTSIDE', 'INSIDE', 'OUTSIDE', 'OUTSIDE', 'OUTSIDE', 'OUTSIDE', 'OUTSIDE', 'OUTSIDE', 'OUTSIDE']","[[1.57, 5.0, 2.74], [0.24, 0.23, 2.66], [0.4, 2.29, 0.01], [0.08, 1.21, 0.0], [0.12, 0.24, 2.56], [1.19, 0.31, 2.06], [0.08, 0.21, 1.71], [0.14, 0.24, 0.84], [1.09, 1.75, 0.68], [0.03, 0.2, 0.28]]","[695, 699, 681, 696, 697, 693, 704, 721, 720, 713]",32.5
1333,1790252370390516788,307200,68532,19,11,158.8,"[83.2, 87.8, 87.8, 91.9, 94.6, 95.8, 96.7, 98.4, 99.8, 103.3, 158.8]","['INSIDE', 'INSIDE', 'OUTSIDE', 'OUTSIDE', 'INSIDE', 'OUTSIDE', 'OUTSIDE', 'OUTSIDE', 'OUTSIDE', 'OUTSIDE', 'OUTSIDE']","[[1.54, 5.04, 2.79], [0.26, 1.08, 0.01], [0.76, 2.48, 2.75], [0.18, 0.36, 2.01], [0.84, 4.62, 0.02], [0.06, 0.2, 0.65], [0.06, 0.17, 0.39], [0.2, 0.34, 0.68], [0.05, 0.2, 0.47], [0.87, 1.46, 0.49], [2.38, 0.3, 1.51]]","[695, 681, 697, 703, 702, 707, 700, 721, 720, 713, 675]",36.3
1334,1790252370493564417,307200,69413,16,8,186.3,"[83.9, 90.6, 94.6, 97.3, 98.5, 103.7, 106.1, 186.3]","['INSIDE', 'OUTSIDE', 'OUTSIDE', 'OUTSIDE', 'OUTSIDE', 'OUTSIDE', 'OUTSIDE', 'OUTSIDE']","[[0.4, 4.97, 0.01], [0.13, 0.33, 2.6], [0.04, 0.2, 1.66], [0.21, 0.25, 0.94], [0.05, 0.23, 0.69], [0.03, 0.9, 0.0], [1.03, 0.4, 0.94], [0.01, 0.33, 0.0]]","[695, 703, 693, 704, 720, 713, 723, 708]",34.4
1335,1790252370592197143,307200,69449,15,6,185.1,"[83.9, 94.3, 96.1, 96.1, 102.5, 185.1]","['INSIDE', 'OUTSIDE', 'INSIDE', 'OUTSIDE', 'OUTSIDE', 'OUTSIDE']","[[1.33, 2.85, 2.21], [0.04, 0.21, 0.2], [0.55, 1.67, 0.01], [0.3, 0.33, 0.93], [0.08, 0.9, 0.0], [0.06, 0.32, 0.0]]","[695, 700, 702, 704, 713, 708]",35.8
1336,1790252370690181974,307200,69985,18,10,184.1,"[83.5, 88.1, 88.5, 92.6, 94.9, 95.7, 97.2, 100.1, 103.4, 184.1]","['INSIDE', 'INSIDE', 'OUTSIDE', 'OUTSIDE', 'OUTSIDE', 'OUTSIDE', 'OUTSIDE', 'OUTSIDE', 'OUTSIDE', 'OUTSIDE']","[[1.27, 5.27, 2.78], [0.22, 1.7, 0.01], [1.29, 1.85, 2.77], [1.01, 0.2, 0.19], [0.3, 0.23, 1.06], [0.83, 0.69, 0.67], [0.2, 0.34, 0.85], [0.03, 0.2, 0.2], [1.83, 1.99, 0.9], [0.38, 0.4, 0.36]]","[695, 681, 697, 700, 693, 707, 704, 720, 713, 708]",33.5
1337,1790252370796310435,307200,70213,16,7,182.7,"[82.8, 88.5, 93.7, 94.9, 96.0, 107.0, 182.7]","['INSIDE', 'OUTSIDE', 'OUTSIDE', 'OUTSIDE', 'OUTSIDE', 'OUTSIDE', 'OUTSIDE']","[[0.56, 4.76, 2.76], [0.92, 1.03, 0.2], [0.17, 0.36, 0.9], [0.03, 0.18, 0.66], [0.24, 0.29, 0.84], [0.06, 0.23, 0.95], [0.03, 0.32, 0.0]]","[695, 681, 693, 707, 704, 723, 708]",41.9
1338,1790252370892371330,307200,70588,19,10,181.7,"[49.3, 83.4, 88.7, 89.8, 92.4, 93.7, 102.4, 105.8, 162.1, 181.7]","['RAIL', 'INSIDE', 'INSIDE', 'OUTSIDE', 'OUTSIDE', 'OUTSIDE', 'OUTSIDE', 'OUTSIDE', 'OUTSIDE', 'OUTSIDE']","[[1.08, 0.05, 0.64], [0.48, 4.95, 0.01], [0.55, 4.8, 0.01], [0.07, 0.19, 2.58], [0.19, 0.32, 1.21], [0.07, 0.22, 0.4], [1.24, 1.58, 0.92], [0.1, 0.22, 0.72], [1.34, 0.35, 0.33], [0.38, 0.4, 0.36]]","[710, 695, 681, 703, 693, 707, 713, 723, 675, 708]",38.6
1339,1790252370990607949,307200,71066,19,10,181.8,"[49.6, 82.4, 87.6, 87.9, 91.3, 93.6, 100.6, 101.7, 161.0, 181.8]","['RAIL', 'INSIDE', 'INSIDE', 'OUTSIDE', 'OUTSIDE', 'OUTSIDE', 'OUTSIDE', 'NEAR', 'OUTSIDE', 'OUTSIDE']","[[0.32, 0.05, 0.88], [0.69, 5.03, 0.02], [0.32, 1.54, 0.01], [0.4, 1.22, 0.01], [0.24, 0.44, 1.19], [0.13, 0.3, 0.82], [0.13, 0.2, 0.89], [0.13, 1.42, 0.0], [1.44, 0.37, 0.33], [2.81, 0.44, 0.34]]","[710, 695, 681, 696, 693, 707, 720, 713, 675, 708]",36.6
1340,1790252371093218651,307200,71298,21,12,180.6,"[49.0, 82.9, 88.1, 90.1, 92.5, 94.4, 99.5, 102.9, 104.6, 154.4, 159.8, 180.6]","['RAIL', 'INSIDE', 'OUTSIDE', 'OUTSIDE', 'OUTSIDE', 'INSIDE', 'OUTSIDE', 'OUTSIDE', 'OUTSIDE', 'INSIDE', 'OUTSIDE', 'OUTSIDE']","[[1.03, 0.05, 0.97], [1.32, 5.04, 2.76], [0.72, 0.73, 1.54], [0.19, 0.43, 1.18], [0.12, 0.32, 0.81], [0.57, 4.62, 0.02], [0.18, 0.2, 0.88], [1.26, 1.41, 0.88], [0.28, 0.44, 1.16], [0.1, 1.08, 0.0], [1.48, 0.37, 0.32], [2.81, 0.47, 0.72]]","[710, 695, 681, 703, 707, 702, 720, 713, 729, 724, 675, 708]",38.8
1341,1790252371194672565,307200,67989,18,11,198.1,"[82.3, 87.5, 89.1, 94.8, 98.3, 102.9, 106.3, 151.9, 158.6, 178.2, 198.1]","['INSIDE', 'NEAR', 'OUTSIDE', 'INSIDE', 'OUTSIDE', 'OUTSIDE', 'OUTSIDE', 'INSIDE', 'OUTSIDE', 'OUTSIDE', 'OUTSIDE']","[[0.63, 5.19, 2.75], [0.71, 1.47, 1.38], [0.41, 0.43, 1.39], [1.14, 3.29, 0.86], [0.18, 0.17, 0.87], [1.34, 0.64, 2.45], [0.08, 0.2, 0.72], [2.74, 3.2, 1.34], [1.41, 0.34, 0.32], [0.4, 0.39, 0.35], [1.24, 0.34, 0.98]]","[695, 681, 703, 702, 720, 713, 723, 724, 675, 708, 730]",38.2
1342,1790252371291904435,307200,67709,18,10,197.3,"[82.8, 87.8, 87.9, 90.2, 94.4, 101.1, 102.3, 155.8, 177.1, 197.3]","['INSIDE', 'OUTSIDE', 'INSIDE', 'OUTSIDE', 'INSIDE', 'OUTSIDE', 'OUTSIDE', 'INSIDE', 'OUTSIDE', 'INSIDE']","[[0.73, 5.11, 0.16], [0.5, 0.36, 1.37], [0.33, 4.44, 0.01], [0.18, 0.18, 0.79], [0.4, 2.3, 0.01], [0.08, 0.22, 0.89], [0.32, 0.47, 1.14], [4.95, 4.2, 0.32], [0.38, 0.39, 0.35], [1.88, 3.2, 1.37]]","[695, 697, 696, 693, 702, 713, 729, 675, 708, 730]",37.5
1343,1790252371389360792,307200,68439,16,8,155.2,"[83.6, 84.9, 86.8, 88.5, 89.1, 101.1, 103.5, 155.2]","['OUTSIDE', 'INSIDE', 'OUTSIDE', 'OUTSIDE', 'INSIDE', 'OUTSIDE', 'OUTSIDE', 'INSIDE']","[[0.06, 0.16, 0.37], [0.82, 4.99, 0.56], [0.48, 0.54, 1.35], [0.26, 0.31, 0.78], [1.19, 4.79, 0.62], [0.27, 0.41, 1.12], [0.97, 1.95, 0.9], [3.77, 4.17, 0.32]]","[681, 695, 697, 703, 696, 729, 713, 675]",37.4
1344,1790252371490913834,307200,68935,14,11,195.0,"[48.4, 82.6, 83.8, 85.7, 87.8, 94.8, 99.5, 102.5, 106.8, 154.1, 195.0]","['RAIL', 'OUTSIDE', 'INSIDE', 'OUTSIDE', 'INSIDE', 'OUTSIDE', 'OUTSIDE', 'OUTSIDE', 'OUTSIDE', 'INSIDE', 'INSIDE']","[[0.94, 0.05, 0.85], [0.12, 0.19, 0.37], [1.0, 5.05, 0.57], [0.55, 0.68, 1.34], [0.43, 4.46, 0.01], [1.62, 1.34, 1.07], [1.31, 0.51, 2.37], [0.74, 1.43, 0.89], [0.07, 0.23, 0.95], [3.85, 4.14, 0.32], [1.83, 3.16, 1.36]]","[710, 681, 695, 697, 696, 702, 720, 713, 723, 675, 730]",39.4
1345,1790252371590414059,307200,69042,20,12,193.6,"[48.6, 81.0, 85.5, 85.6, 92.8, 98.9, 101.7, 105.7, 109.8, 154.1, 174.9, 193.6]","['RAIL', 'INSIDE', 'INSIDE', 'OUTSIDE', 'INSIDE', 'OUTSIDE', 'OUTSIDE', 'OUTSIDE', 'OUTSIDE', 'OUTSIDE', 'OUTSIDE', 'OUTSIDE']","[[0.92, 0.05, 0.63], [1.49, 4.84, 0.7], [1.02, 5.0, 0.41], [2.57, 0.72, 1.35], [2.07, 4.53, 1.02], [0.26, 0.53, 1.1], [0.07, 0.18, 1.1], [0.09, 0.23, 0.94], [0.09, 0.45, 0.74], [1.47, 0.36, 0.31], [2.83, 0.46, 0.7], [1.25, 0.22, 1.25]]","[710, 695, 696, 697, 707, 720, 713, 723, 736, 675, 708, 730]",25.8
1346,1790252371688278024,307200,69176,14,9,173.8,"[81.3, 84.4, 86.4, 97.2, 100.0, 104.6, 108.7, 151.2, 173.8]","['INSIDE', 'OUTSIDE', 'INSIDE', 'OUTSIDE', 'OUTSIDE', 'OUTSIDE', 'OUTSIDE', 'INSIDE', 'OUTSIDE']","[[1.49, 5.27, 1.46], [2.42, 0.63, 1.33], [0.68, 3.76, 0.02], [1.31, 0.65, 2.12], [1.21, 1.75, 0.88], [0.08, 0.23, 0.93], [0.09, 0.45, 0.95], [4.9, 4.08, 0.31], [2.84, 0.42, 0.33]]","[695, 697, 696, 704, 729, 723, 736, 724, 708]",41.5
1347,1790252371794710105,307200,69343,18,12,172.6,"[45.1, 80.4, 82.4, 85.0, 85.2, 96.1, 96.8, 99.5, 103.5, 107.6, 151.8, 172.6]","['RAIL', 'OUTSIDE', 'OUTSIDE', 'OUTSIDE', 'NEAR', 'OUTSIDE', 'OUTSIDE', 'OUTSIDE', 'OUTSIDE', 'OUTSIDE', 'OUTSIDE', 'OUTSIDE']","[[0.88, 0.05, 0.89], [0.07, 0.14, 0.33], [0.8, 0.65, 1.45], [0.39, 2.22, 0.01], [0.21, 0.6, 0.01], [1.34, 0.66, 2.51], [0.21, 1.86, 0.01], [0.05, 0.2, 0.65], [0.08, 0.36, 0.91], [0.08, 0.48, 1.67], [1.49, 0.09, 0.33], [2.75, 0.24, 0.79]]","[710, 695, 697, 696, 681, 704, 702, 729, 723, 736, 724, 708]",36.1
1348,1790252371886202174,307200,69598,14,11,190.5,"[49.4, 81.1, 81.7, 86.2, 94.4, 95.5, 98.4, 102.4, 106.4, 149.6, 190.5]","['RAIL', 'INSIDE', 'OUTSIDE', 'INSIDE', 'OUTSIDE', 'OUTSIDE', 'OUTSIDE', 'OUTSIDE', 'OUTSIDE', 'INSIDE', 'INSIDE']","[[0.91, 0.05, 0.64], [1.05, 4.8, 0.03], [1.44, 0.68, 2.57], [0.99, 5.01, 2.11], [0.13, 0.22, 1.04], [0.3, 0.44, 1.06], [0.08, 0.2, 1.07], [0.05, 0.4, 0.91], [0.05, 0.56, 0.93], [3.73, 4.02, 0.31], [1.77, 3.42, 1.33]]","[710, 695, 697, 696, 704, 702, 729, 713, 736, 724, 730]",22.4
1349,1790252371989559338,307200,69751,16,10,170.5,"[81.2, 84.9, 89.9, 93.3, 94.4, 97.7, 101.3, 105.3, 149.6, 170.5]","['INSIDE', 'INSIDE', 'INSIDE', 'OUTSIDE', 'OUTSIDE', 'OUTSIDE', 'OUTSIDE', 'OUTSIDE', 'INSIDE', 'OUTSIDE']","[[2.58, 5.1, 2.68], [0.88, 5.21, 2.66], [1.33, 5.02, 1.02], [0.1, 0.19, 0.82], [0.26, 0.4, 1.05], [0.97, 0.32, 1.08], [0.08, 0.24, 0.9], [0.07, 0.57, 0.92], [1.52, 3.99, 0.31], [2.82, 0.14, 1.17]]","[695, 696, 693, 704, 702, 729, 713, 736, 724, 708]",43.6
1350,1790252372092367173,307200,69858,16,14,181.1,"[47.7, 80.0, 85.0, 88.2, 90.8, 92.2, 93.3, 100.2, 104.3, 104.8, 147.4, 157.5, 169.4, 181.1]","['RAIL', 'INSIDE', 'INSIDE', 'OUTSIDE', 'INSIDE', 'OUTSIDE', 'OUTSIDE', 'OUTSIDE', 'OUTSIDE', 'OUTSIDE', 'INSIDE', 'INSIDE', 'OUTSIDE', 'INSIDE']","[[0.94, 0.04, 0.94], [2.52, 5.02, 2.86], [1.74, 5.14, 2.64], [0.18, 0.2, 0.99], [0.44, 2.22, 0.01], [0.1, 0.24, 0.81], [0.31, 0.39, 1.22], [0.08, 0.23, 0.88], [0.13, 0.59, 0.91], [1.45, 1.88, 2.53], [3.74, 4.07, 0.33], [4.5, 3.55, 0.05], [2.79, 0.3, 1.87], [5.39, 4.06, 2.04]]","[710, 695, 696, 703, 693, 704, 702, 713, 736, 723, 724, 675, 708, 734]",26.1
1351,1790252372190351478,307200,67836,15,14,179.7,"[80.2, 82.5, 86.8, 87.4, 91.1, 92.3, 94.7, 99.1, 103.1, 103.2, 147.8, 155.2, 168.9, 179.7]","['OUTSIDE', 'INSIDE', 'INSIDE', 'OUTSIDE', 'OUTSIDE', 'OUTSIDE', 'OUTSIDE', 'OUTSIDE', 'OUTSIDE', 'OUTSIDE', 'INSIDE', 'OUTSIDE', 'INSIDE', 'INSIDE']","[[0.09, 0.25, 0.86], [1.49, 5.25, 2.75], [0.68, 3.21, 0.02], [0.99, 1.58, 0.98], [0.08, 0.24, 0.8], [0.31, 0.36, 1.21], [0.84, 1.65, 1.25], [0.08, 0.23, 1.08], [0.08, 0.46, 0.68], [2.59, 1.86, 2.47], [6.01, 4.16, 0.3], [2.66, 0.27, 1.51], [1.77, 3.98, 0.46], [4.54, 4.18, 1.52]]","[697, 695, 681, 703, 704, 702, 707, 713, 736, 723, 724, 675, 708, 734]",37.7
1352,1790252372290115465,307200,66934,13,10,178.6,"[85.2, 90.1, 90.1, 91.2, 94.0, 97.7, 102.1, 102.6, 109.8, 178.6]","['INSIDE', 'INSIDE', 'OUTSIDE', 'OUTSIDE', 'OUTSIDE', 'OUTSIDE', 'OUTSIDE', 'OUTSIDE', 'INSIDE', 'INSIDE']","[[1.88, 4.97, 1.16], [0.17, 1.89, 0.0], [0.24, 1.71, 0.8], [0.27, 0.44, 1.01], [0.08, 0.22, 2.11], [0.76, 1.38, 1.07], [0.09, 0.46, 0.89], [1.46, 2.02, 2.27], [1.29, 3.31, 0.2], [4.57, 4.08, 1.52]]","[696, 693, 704, 702, 707, 729, 736, 723, 738, 734]",33.6
1353,1790252372394369212,307200,67046,14,12,177.9,"[80.5, 84.8, 89.9, 90.1, 92.9, 97.3, 101.0, 101.6, 107.8, 133.2, 165.3, 177.9]","['INSIDE', 'INSIDE', 'OUTSIDE', 'INSIDE', 'OUTSIDE', 'OUTSIDE', 'OUTSIDE', 'OUTSIDE', 'INSIDE', 'NEAR', 'INSIDE', 'INSIDE']","[[1.03, 5.25, 2.87], [1.35, 5.06, 1.15], [0.39, 0.52, 1.36], [2.09, 5.15, 0.87], [0.04, 0.24, 1.03], [0.92, 0.49, 1.1], [0.09, 0.47, 1.77], [1.41, 1.82, 2.44], [0.36, 3.2, 0.21], [0.91, 0.36, 1.75], [4.37, 3.77, 2.17], [5.45, 3.99, 2.0]]","[695, 696, 702, 693, 707, 729, 736, 723, 738, 732, 708, 734]",41.1
1354,1790252372491015618,307200,67671,13,10,177.3,"[44.4, 83.3, 88.1, 89.0, 91.9, 95.5, 99.9, 100.5, 107.3, 177.3]","['RAIL', 'INSIDE', 'INSIDE', 'OUTSIDE', 'OUTSIDE', 'OUTSIDE', 'OUTSIDE', 'OUTSIDE', 'INSIDE', 'INSIDE']","[[0.96, 0.05, 0.88], [1.51, 4.67, 1.12], [0.5, 4.96, 1.0], [0.35, 0.49, 1.39], [0.07, 0.22, 1.02], [0.75, 1.68, 1.06], [0.08, 0.35, 1.75], [1.45, 1.97, 2.41], [1.62, 3.9, 0.68], [2.96, 4.04, 1.5]]","[710, 696, 681, 702, 707, 729, 736, 723, 738, 734]",38.2
1355,1790252372598619791,307200,67898,17,12,174.7,"[80.3, 82.9, 84.6, 86.8, 88.0, 91.0, 94.8, 98.8, 99.1, 103.9, 163.2, 174.7]","['INSIDE', 'OUTSIDE', 'INSIDE', 'OUTSIDE', 'OUTSIDE', 'OUTSIDE', 'OUTSIDE', 'OUTSIDE', 'OUTSIDE', 'INSIDE', 'INSIDE', 'INSIDE']","[[0.62, 4.07, 0.02], [0.19, 0.28, 0.93], [1.04, 3.11, 0.03], [0.08, 0.18, 0.77], [0.33, 0.49, 1.37], [0.66, 0.6, 2.4], [0.07, 0.04, 0.83], [0.18, 0.34, 1.06], [2.01, 1.95, 2.38], [3.37, 5.1, 2.31], [4.28, 3.96, 1.57], [3.12, 3.91, 1.48]]","[695, 696, 681, 703, 702, 707, 729, 736, 713, 735, 708, 734]",38.3
1356,1790252372695910811,307200,68020,17,13,174.4,"[82.0, 82.4, 86.9, 88.2, 89.7, 89.7, 94.1, 97.8, 98.4, 102.3, 105.2, 162.9, 174.4]","['OUTSIDE', 'INSIDE', 'OUTSIDE', 'INSIDE', 'RAIL', 'OUTSIDE', 'OUTSIDE', 'OUTSIDE', 'OUTSIDE', 'INSIDE', 'INSIDE', 'OUTSIDE', 'INSIDE']","[[1.14, 0.05, 1.63], [1.49, 5.33, 0.76], [0.33, 0.53, 1.54], [0.43, 3.24, 0.01], [0.14, 0.15, 0.36], [0.05, 0.17, 1.0], [0.78, 1.93, 0.67], [0.1, 0.57, 1.71], [1.34, 1.93, 2.37], [2.43, 3.29, 2.46], [1.52, 3.32, 0.21], [2.83, 0.24, 0.74], [4.48, 3.96, 1.48]]","[681, 695, 702, 693, 707, 704, 729, 736, 713, 735, 738, 708, 734]",24.4
1357,1790252372790780977,307200,69060,15,12,174.1,"[80.7, 83.5, 84.7, 85.9, 88.6, 92.7, 96.7, 96.9, 102.0, 153.0, 161.8, 174.1]","['OUTSIDE', 'INSIDE', 'OUTSIDE', 'OUTSIDE', 'INSIDE', 'OUTSIDE', 'OUTSIDE', 'OUTSIDE', 'INSIDE', 'INSIDE', 'OUTSIDE', 'INSIDE']","[[0.18, 0.2, 0.93], [0.83, 3.94, 0.03], [0.1, 0.17, 0.8], [0.29, 0.36, 1.52], [0.98, 3.14, 2.78], [0.04, 0.21, 1.03], [0.09, 0.43, 0.84], [2.04, 1.93, 2.55], [3.9, 5.08, 2.48], [4.08, 3.23, 0.05], [2.85, 0.28, 1.54], [2.97, 3.86, 1.95]]","[697, 695, 696, 702, 693, 729, 736, 713, 735, 675, 708, 734]",36.4
1358,1790252372894606513,307200,68161,14,12,171.7,"[80.2, 83.6, 84.8, 85.1, 87.6, 91.9, 95.7, 96.2, 100.9, 106.8, 161.4, 171.7]","['INSIDE', 'OUTSIDE', 'OUTSIDE', 'INSIDE', 'OUTSIDE', 'OUTSIDE', 'OUTSIDE', 'OUTSIDE', 'INSIDE', 'INSIDE', 'INSIDE', 'INSIDE']","[[1.31, 5.25, 0.95], [0.08, 0.19, 0.79], [0.3, 0.45, 1.32], [0.29, 5.05, 0.01], [0.11, 0.29, 2.52], [0.73, 1.27, 1.03], [0.12, 0.39, 1.68], [1.37, 1.98, 2.31], [3.77, 5.32, 2.45], [0.05, 1.49, 0.0], [1.66, 3.91, 1.1], [3.38, 3.94, 1.46]]","[697, 696, 702, 695, 703, 729, 736, 713, 735, 738, 708, 734]",38.6
1359,1790252372990784425,307200,68265,15,11,171.2,"[82.3, 83.8, 87.2, 93.3, 94.7, 94.9, 99.0, 101.7, 104.5, 147.4, 171.2]","['INSIDE', 'OUTSIDE', 'INSIDE', 'INSIDE', 'OUTSIDE', 'OUTSIDE', 'OUTSIDE', 'INSIDE', 'INSIDE', 'INSIDE', 'INSIDE']","[[0.58, 5.17, 0.95], [0.26, 0.51, 1.48], [1.27, 5.2, 2.73], [0.32, 2.93, 0.01], [0.11, 0.43, 0.82], [2.02, 1.89, 2.5], [2.09, 2.01, 2.39], [0.69, 3.18, 0.19], [0.14, 3.1, 0.0], [5.44, 3.76, 0.74], [4.52, 3.99, 1.46]]","[697, 702, 693, 736, 713, 729, 723, 735, 738, 724, 734]",49.4
1360,1790252373088898782,307200,68506,14,10,168.8,"[47.4, 82.7, 84.8, 89.6, 89.8, 93.6, 94.2, 99.4, 158.7, 168.8]","['RAIL', 'OUTSIDE', 'INSIDE', 'NEAR', 'OUTSIDE', 'OUTSIDE', 'OUTSIDE', 'INSIDE', 'INSIDE', 'INSIDE']","[[1.12, 0.06, 1.03], [0.3, 0.49, 1.46], [1.55, 5.04, 2.83], [0.3, 1.1, 0.01], [0.49, 2.23, 1.01], [0.09, 0.42, 1.85], [1.45, 1.87, 2.48], [4.97, 5.33, 2.63], [2.82, 4.22, 2.09], [1.87, 4.01, 1.89]]","[710, 702, 695, 693, 704, 713, 729, 723, 708, 734]",31.3
1361,1790252373195739454,307200,68801,17,11,168.6,"[80.3, 81.7, 84.8, 88.5, 92.6, 92.6, 97.9, 102.5, 130.7, 158.0, 168.6]","['INSIDE', 'OUTSIDE', 'INSIDE', 'OUTSIDE', 'OUTSIDE', 'INSIDE', 'INSIDE', 'INSIDE', 'INSIDE', 'INSIDE', 'INSIDE']","[[0.68, 5.07, 0.92], [0.3, 0.46, 1.27], [0.71, 4.95, 1.16], [0.04, 0.3, 0.98], [0.11, 0.38, 0.81], [2.48, 3.99, 2.44], [3.95, 5.08, 2.38], [0.08, 3.04, 0.0], [3.97, 3.81, 1.45], [2.7, 4.11, 1.08], [3.41, 3.97, 1.43]]","[697, 702, 695, 703, 713, 729, 723, 735, 732, 708, 734]",45.2
1362,1790252373295058998,307200,69388,17,15,166.4,"[49.3, 80.6, 81.3, 81.5, 86.3, 86.9, 91.9, 92.1, 96.2, 98.7, 102.8, 118.9, 145.7, 156.7, 166.4]","['RAIL', 'INSIDE', 'OUTSIDE', 'OUTSIDE', 'INSIDE', 'OUTSIDE', 'OUTSIDE', 'INSIDE', 'OUTSIDE', 'INSIDE', 'OUTSIDE', 'OUTSIDE', 'INSIDE', 'OUTSIDE', 'INSIDE']","[[0.96, 0.05, 1.08], [0.33, 2.33, 0.17], [0.3, 0.42, 1.43], [0.03, 0.85, 0.0], [0.18, 1.96, 0.0], [1.23, 1.88, 0.98], [0.72, 0.41, 0.99], [1.41, 3.34, 2.43], [2.65, 1.85, 2.32], [0.4, 2.75, 0.01], [0.28, 1.4, 0.2], [0.14, 0.57, 1.32], [8.34, 3.68, 0.76], [2.83, 0.17, 1.73], [7.97, 4.1, 1.81]]","[710, 697, 702, 696, 695, 703, 713, 729, 723, 735, 738, 740, 724, 708, 734]",43.7
1363,1790252373393859128,307200,70418,17,11,168.3,"[45.6, 81.7, 82.8, 87.9, 90.5, 91.1, 96.3, 104.1, 115.9, 154.9, 168.3]","['RAIL', 'OUTSIDE', 'INSIDE', 'INSIDE', 'OUTSIDE', 'OUTSIDE', 'INSIDE', 'OUTSIDE', 'RAIL', 'INSIDE', 'INSIDE']","[[0.81, 0.05, 1.0], [0.42, 0.15, 0.19], [0.78, 5.21, 2.77], [0.51, 4.76, 0.01], [0.11, 0.47, 2.38], [1.32, 1.97, 2.4], [4.95, 5.44, 2.55], [0.04, 0.2, 0.22], [0.15, 0.32, 0.75], [4.35, 4.25, 1.02], [3.79, 4.08, 1.88]]","[710, 681, 697, 695, 713, 729, 723, 738, 740, 675, 734]",41.2
1364,1790252373494394831,307200,70359,15,10,166.9,"[81.5, 86.1, 89.5, 90.1, 95.3, 102.2, 106.3, 138.0, 153.8, 166.9]","['INSIDE', 'INSIDE', 'OUTSIDE', 'OUTSIDE', 'INSIDE', 'INSIDE', 'OUTSIDE', 'INSIDE', 'INSIDE', 'INSIDE']","[[0.74, 5.14, 2.72], [1.39, 5.1, 1.0], [0.11, 0.4, 1.77], [1.46, 1.92, 2.37], [4.93, 5.38, 2.52], [0.02, 1.25, 0.0], [0.07, 0.74, 0.0], [13.92, 4.15, 0.59], [4.33, 4.1, 1.32], [2.9, 4.01, 1.87]]","[697, 695, 713, 729, 723, 735, 738, 743, 675, 734]",39.6
1365,1790252373588848423,307200,70220,18,13,164.9,"[48.6, 81.0, 84.4, 85.7, 88.6, 89.1, 94.3, 100.3, 108.6, 116.5, 133.6, 143.1, 164.9]","['RAIL', 'INSIDE', 'OUTSIDE', 'INSIDE', 'OUTSIDE', 'OUTSIDE', 'INSIDE', 'INSIDE', 'OUTSIDE', 'OUTSIDE', 'INSIDE', 'INSIDE', 'INSIDE']","[[1.07, 0.06, 0.96], [1.29, 5.21, 2.72], [0.06, 0.21, 0.95], [0.26, 3.0, 0.01], [0.63, 0.39, 2.19], [1.4, 2.06, 2.57], [5.01, 5.33, 2.49], [1.83, 2.25, 0.51], [1.24, 0.2, 0.51], [1.48, 1.15, 2.23], [6.91, 4.11, 0.35], [2.42, 3.96, 0.66], [3.99, 4.06, 1.83]]","[710, 697, 703, 695, 713, 729, 723, 735, 738, 740, 732, 724, 734]",45.4
1366,1790252373694619274,307200,70417,17,12,163.4,"[48.8, 83.4, 84.0, 87.5, 92.9, 101.7, 107.3, 112.9, 140.9, 152.7, 160.0, 163.4]","['RAIL', 'OUTSIDE', 'INSIDE', 'OUTSIDE', 'INSIDE', 'INSIDE', 'INSIDE', 'OUTSIDE', 'INSIDE', 'INSIDE', 'OUTSIDE', 'INSIDE']","[[0.89, 0.05, 1.07], [0.11, 0.21, 1.11], [0.25, 2.93, 0.01], [0.12, 0.55, 0.79], [4.06, 4.99, 2.49], [0.07, 1.6, 0.0], [2.38, 4.07, 0.23], [0.09, 0.27, 0.95], [5.02, 3.5, 2.1], [3.12, 3.92, 2.01], [3.37, 1.37, 0.71], [0.08, 0.36, 1.82]]","[710, 703, 695, 713, 723, 735, 738, 740, 724, 675, 708, 734]",41.7
1367,1790252373788871055,307200,70848,10,8,164.7,"[82.1, 87.1, 91.9, 98.0, 105.9, 134.0, 150.8, 164.7]","['INSIDE', 'INSIDE', 'INSIDE', 'INSIDE', 'INSIDE', 'INSIDE', 'INSIDE', 'INSIDE']","[[0.73, 5.18, 1.1], [1.44, 5.59, 2.72], [4.1, 5.25, 2.69], [0.28, 3.42, 0.01], [0.25, 2.59, 0.01], [11.63, 3.9, 2.24], [4.28, 4.19, 1.99], [12.41, 4.1, 1.84]]","[697, 713, 723, 735, 738, 732, 675, 734]",39.2
1368,1790252373887219755,307200,68409,15,10,160.9,"[81.4, 85.5, 90.9, 97.0, 98.4, 105.1, 113.4, 133.0, 150.5, 160.9]","['OUTSIDE', 'OUTSIDE', 'INSIDE', 'INSIDE', 'OUTSIDE', 'INSIDE', 'OUTSIDE', 'INSIDE', 'INSIDE', 'INSIDE']","[[0.18, 1.0, 0.01], [0.08, 0.53, 0.94], [4.13, 5.23, 2.66], [0.28, 3.39, 0.01], [0.06, 0.69, 0.0], [0.81, 2.94, 0.02], [1.19, 0.52, 1.49], [11.71, 4.03, 2.23], [3.0, 3.95, 0.99], [6.87, 4.2, 1.82]]","[681, 695, 723, 735, 736, 738, 740, 732, 675, 708]",39.3
1369,1790252373995133466,307200,69124,15,11,163.8,"[80.4, 81.8, 84.5, 88.0, 96.8, 98.7, 103.7, 105.5, 133.0, 149.6, 163.8]","['OUTSIDE', 'INSIDE', 'OUTSIDE', 'INSIDE', 'INSIDE', 'INSIDE', 'INSIDE', 'INSIDE', 'INSIDE', 'INSIDE', 'INSIDE']","[[0.07, 0.19, 0.93], [0.21, 4.71, 0.01], [0.08, 0.49, 0.93], [7.25, 5.19, 2.76], [1.25, 2.03, 0.03], [0.05, 1.9, 0.0], [0.95, 1.62, 0.02], [0.12, 2.03, 0.0], [9.84, 3.76, 2.26], [2.79, 3.89, 0.72], [10.17, 4.36, 1.82]]","[696, 697, 695, 713, 735, 736, 738, 737, 732, 675, 734]",41.3
1370,1790252374098794868,307200,69358,18,11,158.8,"[83.3, 83.9, 89.4, 97.7, 99.0, 100.4, 103.9, 112.8, 138.1, 148.8, 158.8]","['INSIDE', 'OUTSIDE', 'INSIDE', 'INSIDE', 'INSIDE', 'INSIDE', 'OUTSIDE', 'OUTSIDE', 'INSIDE', 'OUTSIDE', 'INSIDE']","[[0.69, 2.96, 1.85], [1.77, 2.02, 2.8], [4.98, 5.28, 2.81], [0.15, 2.22, 0.0], [0.09, 1.56, 0.0], [0.05, 2.45, 0.0], [0.98, 1.45, 0.23], [4.12, 2.21, 2.21], [7.35, 3.89, 2.14], [2.5, 0.29, 1.96], [8.8, 4.16, 2.02]]","[695, 703, 713, 735, 736, 738, 737, 740, 743, 675, 708]",35.2
1371,1790252374192938003,307200,69550,18,12,157.9,"[80.6, 82.5, 83.1, 87.2, 94.9, 96.7, 102.2, 103.5, 110.5, 130.1, 146.9, 157.9]","['INSIDE', 'OUTSIDE', 'OUTSIDE', 'INSIDE', 'INSIDE', 'INSIDE', 'INSIDE', 'INSIDE', 'OUTSIDE', 'INSIDE', 'INSIDE', 'INSIDE']","[[0.7, 4.49, 0.02], [0.13, 0.44, 0.91], [1.33, 2.05, 2.75], [4.89, 5.21, 2.7], [1.18, 3.32, 0.03], [0.05, 1.35, 0.0], [2.65, 3.75, 0.23], [0.07, 0.72, 0.0], [1.42, 0.99, 2.14], [11.68, 3.93, 1.06], [4.36, 4.18, 0.97], [6.87, 4.28, 1.79]]","[697, 695, 703, 713, 735, 736, 738, 737, 740, 732, 675, 708]",42.0
1372,1790252374290028371,307200,70025,16,12,163.9,"[81.8, 87.4, 95.1, 95.7, 97.1, 98.4, 104.1, 107.0, 135.0, 146.8, 155.7, 163.9]","['INSIDE', 'INSIDE', 'OUTSIDE', 'INSIDE', 'INSIDE', 'INSIDE', 'INSIDE', 'OUTSIDE', 'INSIDE', 'INSIDE', 'INSIDE', 'INSIDE']","[[1.91, 5.48, 2.76], [4.98, 5.31, 2.75], [0.09, 0.19, 0.2], [0.15, 2.01, 0.0], [0.08, 1.02, 0.0], [0.1, 3.26, 0.0], [0.25, 2.91, 0.01], [0.35, 0.48, 1.62], [5.07, 3.95, 2.07], [3.11, 4.12, 1.94], [6.67, 4.11, 1.99], [5.35, 3.13, 1.85]]","[697, 713, 735, 736, 738, 737, 742, 740, 743, 675, 708, 734]",29.2
1373,1790252374390664810,307200,70371,17,12,165.3,"[80.4, 86.0, 91.0, 94.1, 97.7, 99.0, 104.0, 105.6, 136.0, 145.9, 155.8, 165.3]","['OUTSIDE', 'INSIDE', 'INSIDE', 'OUTSIDE', 'INSIDE', 'INSIDE', 'OUTSIDE', 'OUTSIDE', 'INSIDE', 'OUTSIDE', 'INSIDE', 'INSIDE']","[[0.5, 0.46, 1.62], [4.06, 5.37, 2.82], [1.0, 3.92, 0.37], [0.07, 0.18, 0.2], [0.48, 1.85, 0.19], [0.62, 3.77, 0.19], [2.51, 1.07, 0.45], [1.34, 0.47, 1.61], [8.53, 3.86, 0.6], [2.55, 0.27, 1.92], [8.8, 4.08, 1.99], [0.62, 3.01, 0.45]]","[681, 713, 723, 735, 738, 737, 742, 740, 743, 675, 708, 734]",44.5
1374,1790252374493911670,307200,70114,18,12,164.5,"[80.5, 81.6, 85.3, 90.0, 94.7, 97.4, 102.7, 104.6, 133.1, 144.9, 156.6, 164.5]","['OUTSIDE', 'INSIDE', 'INSIDE', 'INSIDE', 'NEAR', 'INSIDE', 'OUTSIDE', 'OUTSIDE', 'INSIDE', 'INSIDE', 'INSIDE', 'INSIDE']","[[2.01, 1.83, 2.71], [0.28, 1.85, 0.01], [4.67, 5.19, 2.78], [0.99, 3.88, 0.37], [2.02, 0.66, 1.25], [1.91, 3.89, 0.23], [1.83, 0.9, 0.44], [1.4, 0.47, 1.59], [5.1, 3.43, 0.54], [3.1, 4.12, 1.91], [5.41, 4.06, 1.73], [0.04, 1.44, 0.0]]","[696, 697, 713, 723, 736, 738, 742, 740, 743, 675, 708, 734]",45.4
1375,1790252374592818865,307200,70137,17,10,158.9,"[83.0, 85.8, 88.7, 90.0, 96.2, 101.1, 103.7, 132.2, 145.5, 158.9]","['INSIDE', 'INSIDE', 'INSIDE', 'INSIDE', 'INSIDE', 'OUTSIDE', 'OUTSIDE', 'INSIDE', 'INSIDE', 'INSIDE']","[[3.93, 4.95, 2.72], [0.61, 3.21, 0.21], [0.24, 3.1, 0.01], [0.09, 2.99, 0.0], [1.41, 3.68, 0.21], [3.06, 0.72, 0.44], [1.4, 0.46, 1.58], [5.02, 4.09, 0.53], [6.14, 4.34, 1.94], [8.5, 3.95, 1.73]]","[703, 713, 723, 735, 738, 742, 740, 743, 675, 708]",42.1
1376,1790252374704776483,307200,70013,14,11,162.7,"[83.1, 89.3, 97.5, 101.2, 101.9, 102.8, 121.5, 132.3, 143.0, 153.0, 162.7]","['INSIDE', 'INSIDE', 'INSIDE', 'INSIDE', 'INSIDE', 'OUTSIDE', 'INSIDE', 'INSIDE', 'OUTSIDE', 'INSIDE', 'INSIDE']","[[3.98, 5.17, 2.81], [2.81, 3.87, 0.43], [2.64, 4.27, 0.22], [1.01, 0.07, 1.31], [1.22, 3.88, 0.47], [1.49, 0.53, 1.57], [2.64, 4.28, 0.56], [7.51, 3.97, 2.05], [2.48, 0.34, 1.67], [8.74, 4.16, 1.97], [0.12, 2.84, 0.0]]","[703, 723, 738, 737, 742, 740, 746, 743, 675, 708, 734]",44.9
1377,1790252374789693206,307200,70117,17,12,161.9,"[82.7, 88.5, 91.0, 92.3, 95.3, 97.3, 100.5, 101.6, 105.5, 143.3, 152.0, 161.9]","['INSIDE', 'INSIDE', 'INSIDE', 'NEAR', 'INSIDE', 'INSIDE', 'OUTSIDE', 'OUTSIDE', 'OUTSIDE', 'OUTSIDE', 'INSIDE', 'INSIDE']","[[5.15, 5.81, 2.77], [0.99, 1.46, 0.2], [0.08, 2.06, 0.0], [0.03, 1.29, 0.0], [0.5, 0.98, 0.21], [1.23, 3.42, 0.03], [2.12, 0.38, 0.51], [1.1, 0.33, 0.86], [2.68, 0.71, 2.34], [0.05, 0.28, 1.87], [8.75, 4.25, 2.0], [0.12, 2.54, 0.0]]","[703, 723, 735, 736, 738, 737, 742, 740, 750, 675, 708, 734]",51.2
1378,1790252374894288064,307200,70560,18,14,160.6,"[81.7, 87.4, 90.1, 91.4, 94.5, 96.9, 99.8, 100.7, 100.7, 101.9, 130.4, 141.2, 150.1, 160.6]","['INSIDE', 'INSIDE', 'INSIDE', 'NEAR', 'INSIDE', 'INSIDE', 'INSIDE', 'INSIDE', 'OUTSIDE', 'INSIDE', 'INSIDE', 'OUTSIDE', 'INSIDE', 'INSIDE']","[[4.95, 5.92, 2.74], [0.66, 1.9, 0.2], [0.08, 3.62, 0.21], [0.02, 1.28, 0.0], [2.47, 1.29, 0.24], [0.14, 2.88, 0.0], [0.09, 2.28, 0.0], [1.97, 0.08, 0.69], [1.17, 0.15, 0.85], [0.06, 3.03, 0.0], [7.51, 4.15, 2.02], [2.47, 0.31, 0.96], [6.83, 4.23, 1.92], [0.63, 3.2, 0.44]]","[703, 723, 735, 736, 738, 737, 742, 752, 740, 750, 732, 675, 708, 734]",41.2
1379,1790252374998233364,307200,70832,16,11,130.2,"[80.8, 86.5, 88.5, 89.2, 89.5, 90.5, 94.6, 98.6, 99.0, 102.2, 130.2]","['INSIDE', 'INSIDE', 'OUTSIDE', 'INSIDE', 'INSIDE', 'NEAR', 'INSIDE', 'OUTSIDE', 'INSIDE', 'INSIDE', 'INSIDE']","[[4.97, 5.29, 2.71], [0.83, 1.13, 0.19], [0.06, 0.31, 0.36], [0.13, 3.89, 0.22], [0.06, 1.74, 0.0], [3.06, 0.72, 0.77], [2.88, 3.65, 0.2], [0.34, 0.69, 0.19], [2.1, 0.08, 0.41], [5.88, 4.0, 2.3], [8.81, 4.16, 2.03]]","[703, 723, 735, 736, 738, 713, 737, 742, 752, 750, 732]",36.0
1380,1790252375092452783,307200,70942,12,8,152.0,"[88.2, 89.2, 90.9, 94.6, 96.5, 100.1, 100.9, 152.0]","['INSIDE', 'INSIDE', 'OUTSIDE', 'INSIDE', 'INSIDE', 'INSIDE', 'INSIDE', 'INSIDE']","[[0.12, 2.71, 0.21], [2.02, 3.94, 2.35], [0.02, 0.79, 0.0], [1.17, 4.31, 0.42], [0.13, 3.2, 0.0], [0.07, 1.4, 0.0], [3.21, 3.97, 2.23], [14.23, 4.18, 1.92]]","[736, 713, 738, 737, 742, 752, 750, 708]",37.5
1381,1790252375191868754,307200,71241,20,14,158.1,"[83.1, 86.5, 88.2, 90.0, 93.2, 96.1, 97.1, 98.5, 101.2, 118.0, 124.8, 136.9, 148.4, 158.1]","['INSIDE', 'OUTSIDE', 'INSIDE', 'INSIDE', 'OUTSIDE', 'INSIDE', 'INSIDE', 'OUTSIDE', 'INSIDE', 'OUTSIDE', 'INSIDE', 'INSIDE', 'INSIDE', 'INSIDE']","[[0.15, 3.19, 0.0], [0.24, 0.32, 0.35], [0.06, 2.36, 0.0], [2.07, 1.42, 2.55], [1.4, 0.19, 1.43], [1.12, 4.04, 0.21], [2.1, 0.09, 1.05], [0.12, 0.34, 0.83], [1.42, 3.93, 2.41], [0.29, 1.45, 0.22], [8.55, 4.06, 1.58], [5.57, 4.13, 1.86], [8.8, 4.23, 1.95], [0.07, 2.76, 0.0]]","[697, 735, 738, 713, 737, 742, 752, 740, 750, 746, 732, 743, 708, 734]",41.8
1382,1790252375291392458,307200,71456,16,13,157.3,"[82.6, 83.6, 85.6, 86.6, 90.0, 91.3, 95.6, 96.0, 100.9, 118.5, 136.0, 148.5, 157.3]","['INSIDE', 'INSIDE', 'OUTSIDE', 'NEAR', 'INSIDE', 'INSIDE', 'OUTSIDE', 'INSIDE', 'INSIDE', 'INSIDE', 'INSIDE', 'INSIDE', 'INSIDE']","[[0.09, 2.92, 0.0], [1.03, 3.36, 0.37], [0.32, 0.14, 0.35], [3.51, 0.74, 1.74], [1.83, 2.78, 1.39], [1.9, 1.85, 0.77], [2.52, 1.2, 0.81], [2.63, 0.99, 2.15], [2.65, 4.07, 2.39], [0.16, 3.1, 0.0], [5.61, 4.12, 2.06], [6.7, 4.27, 1.96], [0.1, 2.47, 0.0]]","[697, 703, 735, 713, 738, 736, 742, 752, 750, 746, 743, 708, 734]",37.2
1383,1790252375391004723,307200,72301,17,12,149.2,"[82.0, 84.8, 86.4, 88.1, 89.5, 89.8, 91.7, 94.3, 95.3, 100.0, 116.2, 149.2]","['INSIDE', 'OUTSIDE', 'NEAR', 'INSIDE', 'INSIDE', 'NEAR', 'OUTSIDE', 'INSIDE', 'INSIDE', 'INSIDE', 'OUTSIDE', 'INSIDE']","[[1.64, 4.08, 0.57], [1.69, 0.34, 2.45], [1.91, 0.74, 1.74], [0.07, 2.46, 0.0], [0.07, 2.19, 0.0], [1.09, 0.54, 2.37], [0.86, 0.18, 0.23], [1.77, 4.17, 0.8], [2.03, 0.08, 1.02], [2.78, 4.05, 2.36], [0.33, 1.58, 0.22], [14.23, 4.24, 1.89]]","[703, 735, 713, 723, 738, 736, 737, 742, 752, 750, 746, 708]",43.0
1384,1790252375492731569,307200,72710,15,13,150.2,"[82.0, 84.0, 84.7, 85.6, 88.8, 89.5, 94.0, 95.3, 99.6, 115.4, 123.9, 134.2, 150.2]","['OUTSIDE', 'INSIDE', 'OUTSIDE', 'NEAR', 'INSIDE', 'INSIDE', 'OUTSIDE', 'INSIDE', 'INSIDE', 'OUTSIDE', 'OUTSIDE', 'INSIDE', 'INSIDE']","[[0.05, 0.33, 0.34], [2.83, 3.62, 0.2], [0.14, 0.64, 0.38], [1.76, 0.74, 1.52], [1.28, 0.05, 1.38], [1.85, 4.11, 0.2], [1.07, 0.25, 0.81], [2.88, 3.95, 1.86], [3.68, 4.74, 2.38], [0.19, 0.25, 0.21], [7.15, 0.37, 1.92], [5.48, 4.17, 1.84], [10.77, 4.22, 1.93]]","[735, 703, 697, 713, 736, 738, 742, 752, 750, 746, 732, 743, 708]",42.5
1385,1790252375594744815,307200,73121,19,11,161.1,"[82.7, 87.2, 92.8, 94.3, 94.8, 96.5, 98.1, 122.8, 134.7, 145.4, 161.1]","['RAIL', 'INSIDE', 'OUTSIDE', 'INSIDE', 'INSIDE', 'OUTSIDE', 'INSIDE', 'OUTSIDE', 'INSIDE', 'INSIDE', 'INSIDE']","[[0.8, 0.32, 0.7], [6.97, 4.48, 2.8], [1.25, 0.33, 0.42], [0.05, 0.99, 0.0], [1.98, 4.05, 2.29], [2.53, 0.76, 2.35], [3.97, 0.08, 0.68], [4.87, 0.4, 1.37], [2.95, 4.16, 2.06], [7.65, 4.32, 1.94], [4.22, 3.38, 0.43]]","[735, 723, 737, 752, 742, 740, 750, 732, 743, 675, 734]",45.5
1386,1790252375689681426,307200,73875,17,14,154.2,"[81.8, 83.3, 84.2, 87.2, 88.3, 92.4, 94.8, 96.9, 110.0, 113.6, 123.9, 133.0, 145.2, 154.2]","['RAIL', 'INSIDE', 'NEAR', 'INSIDE', 'INSIDE', 'INSIDE', 'INSIDE', 'INSIDE', 'INSIDE', 'OUTSIDE', 'OUTSIDE', 'INSIDE', 'INSIDE', 'INSIDE']","[[0.87, 0.29, 0.69], [0.97, 3.86, 1.09], [0.07, 1.03, 0.0], [1.02, 0.06, 0.36], [2.96, 4.18, 0.4], [2.2, 4.02, 0.81], [0.09, 2.98, 0.0], [7.87, 4.67, 2.36], [0.01, 0.77, 0.0], [0.2, 0.44, 0.21], [3.68, 0.28, 0.47], [4.36, 4.26, 2.02], [4.56, 4.36, 1.92], [4.73, 3.41, 1.51]]","[735, 703, 697, 713, 738, 752, 742, 750, 753, 746, 732, 743, 675, 708]",38.3
1387,1790252375789248813,307200,74457,22,15,143.5,"[81.3, 83.1, 83.5, 86.3, 88.3, 90.8, 91.1, 92.6, 93.1, 97.6, 109.7, 112.8, 118.4, 132.9, 143.5]","['RAIL', 'RAIL', 'INSIDE', 'INSIDE', 'INSIDE', 'OUTSIDE', 'NEAR', 'INSIDE', 'INSIDE', 'INSIDE', 'INSIDE', 'OUTSIDE', 'OUTSIDE', 'INSIDE', 'INSIDE']","[[0.06, 0.36, 0.89], [0.97, 0.71, 0.58], [2.14, 4.26, 1.48], [0.62, 0.68, 0.2], [1.18, 4.08, 0.44], [1.24, 0.19, 0.41], [4.06, 0.73, 2.62], [0.04, 1.62, 0.0], [1.97, 3.98, 2.25], [4.96, 4.28, 2.34], [1.29, 3.87, 0.21], [0.16, 0.44, 0.21], [0.94, 0.08, 1.8], [2.86, 3.99, 2.03], [7.89, 4.25, 1.92]]","[735, 703, 697, 713, 738, 737, 736, 752, 742, 750, 753, 746, 732, 743, 675]",42.5
1388,1790252375890599184,307200,74962,17,10,160.2,"[80.0, 81.5, 84.5, 87.3, 91.0, 94.2, 98.7, 132.2, 144.4, 160.2]","['RAIL', 'INSIDE', 'INSIDE', 'OUTSIDE', 'INSIDE', 'INSIDE', 'OUTSIDE', 'INSIDE', 'INSIDE', 'INSIDE']","[[1.03, 0.36, 1.09], [2.91, 1.4, 2.74], [1.39, 3.79, 0.21], [0.93, 0.24, 0.44], [3.95, 4.27, 2.78], [6.06, 4.65, 2.47], [1.03, 1.57, 0.2], [3.13, 4.21, 2.02], [11.47, 4.45, 1.87], [1.64, 3.06, 0.02]]","[735, 703, 697, 738, 752, 742, 740, 743, 675, 734]",37.5
1389,1790252375990643879,307200,73819,20,14,157.6,"[80.1, 81.7, 82.9, 84.5, 86.5, 89.8, 91.3, 94.8, 107.8, 111.0, 116.6, 131.2, 141.8, 157.6]","['OUTSIDE', 'INSIDE', 'INSIDE', 'NEAR', 'OUTSIDE', 'INSIDE', 'OUTSIDE', 'INSIDE', 'OUTSIDE', 'OUTSIDE', 'OUTSIDE', 'INSIDE', 'INSIDE', 'INSIDE']","[[1.06, 0.47, 2.13], [1.06, 1.52, 2.72], [0.21, 3.71, 0.17], [1.17, 0.65, 1.68], [0.96, 1.51, 0.43], [2.66, 4.23, 2.55], [1.82, 0.42, 2.42], [2.76, 3.93, 2.3], [0.38, 0.99, 0.49], [0.29, 0.63, 0.2], [0.92, 0.25, 1.6], [2.82, 4.2, 2.01], [7.92, 4.34, 1.89], [4.2, 3.44, 0.42]]","[735, 703, 697, 713, 738, 752, 737, 742, 753, 746, 732, 743, 675, 734]",38.4
1390,1790252376094472042,307200,70491,17,12,156.7,"[82.3, 83.4, 85.7, 88.2, 89.3, 90.4, 94.1, 97.2, 111.3, 130.4, 140.9, 156.7]","['INSIDE', 'INSIDE', 'OUTSIDE', 'INSIDE', 'INSIDE', 'OUTSIDE', 'INSIDE', 'OUTSIDE', 'OUTSIDE', 'INSIDE', 'INSIDE', 'INSIDE']","[[0.09, 2.86, 0.18], [3.93, 2.18, 2.56], [1.08, 1.03, 0.8], [1.82, 4.19, 0.58], [2.01, 0.11, 1.22], [1.83, 0.51, 2.4], [3.04, 4.02, 2.43], [1.25, 1.0, 0.19], [2.5, 0.62, 0.24], [2.96, 3.71, 2.0], [7.91, 4.32, 1.88], [4.15, 3.72, 0.42]]","[697, 703, 738, 723, 736, 737, 742, 740, 746, 743, 675, 734]",43.4
1391,1790252376190390423,307200,69986,15,12,157.4,"[76.4, 80.6, 80.8, 82.9, 83.5, 87.4, 88.7, 90.1, 91.8, 93.9, 109.3, 157.4]","['NEAR', 'NEAR', 'RAIL', 'INSIDE', 'INSIDE', 'OUTSIDE', 'OUTSIDE', 'INSIDE', 'INSIDE', 'INSIDE', 'OUTSIDE', 'INSIDE']","[[1.99, 0.72, 1.19], [0.4, 0.74, 1.42], [1.68, 0.49, 0.32], [1.94, 4.2, 0.56], [1.08, 0.05, 1.28], [1.85, 1.72, 0.83], [0.85, 0.43, 2.37], [3.39, 1.21, 2.2], [0.16, 3.72, 2.41], [1.69, 4.1, 1.0], [0.3, 1.38, 0.2], [1.21, 3.56, 0.41]]","[735, 703, 697, 738, 713, 723, 737, 736, 752, 742, 753, 734]",45.5
1392,1790252376296773646,307200,70463,16,9,156.8,"[82.1, 82.6, 84.5, 88.9, 90.2, 95.4, 99.8, 109.8, 156.8]","['INSIDE', 'INSIDE', 'INSIDE', 'OUTSIDE', 'INSIDE', 'OUTSIDE', 'OUTSIDE', 'INSIDE', 'INSIDE']","[[1.03, 0.07, 1.27], [1.89, 4.2, 1.48], [0.01, 0.74, 0.0], [0.15, 0.31, 0.99], [8.8, 4.06, 2.5], [0.96, 0.36, 1.05], [0.03, 0.52, 0.41], [0.09, 2.11, 0.0], [1.6, 3.41, 0.43]]","[713, 738, 723, 737, 752, 740, 757, 753, 734]",42.3
1393,1790252376390078680,307200,70790,15,12,176.8,"[75.3, 81.1, 82.4, 84.2, 86.5, 88.1, 90.3, 91.8, 94.6, 109.4, 156.0, 176.8]","['NEAR', 'INSIDE', 'INSIDE', 'NEAR', 'INSIDE', 'OUTSIDE', 'INSIDE', 'INSIDE', 'OUTSIDE', 'INSIDE', 'INSIDE', 'RAIL']","[[3.05, 0.7, 1.18], [1.29, 0.07, 1.43], [3.01, 4.16, 1.46], [3.02, 0.64, 1.31], [2.18, 4.24, 0.98], [0.11, 0.31, 0.98], [0.98, 0.1, 1.59], [3.6, 4.08, 2.4], [0.8, 0.31, 1.04], [0.88, 2.11, 0.02], [1.53, 3.39, 0.42], [0.01, 0.1, 0.27]]","[735, 703, 738, 713, 723, 737, 736, 752, 740, 753, 734, 748]",41.0
1394,1790252376497753674,307200,69779,21,16,176.1,"[74.0, 77.9, 80.1, 80.5, 82.4, 82.5, 84.0, 86.7, 87.2, 90.4, 92.5, 93.8, 111.4, 139.9, 161.2, 176.1]","['INSIDE', 'INSIDE', 'INSIDE', 'NEAR', 'RAIL', 'INSIDE', 'INSIDE', 'INSIDE', 'INSIDE', 'INSIDE', 'NEAR', 'OUTSIDE', 'INSIDE', 'INSIDE', 'INSIDE', 'OUTSIDE']","[[2.02, 0.1, 1.31], [1.94, 2.19, 1.59], [0.14, 2.53, 0.18], [1.01, 0.73, 1.1], [1.85, 0.11, 0.9], [1.23, 4.18, 0.4], [4.16, 4.62, 2.79], [0.03, 2.42, 0.0], [1.88, 4.06, 2.31], [3.1, 4.57, 2.64], [0.76, 0.79, 1.4], [1.16, 1.36, 0.21], [1.17, 2.71, 0.02], [14.04, 4.4, 2.05], [1.53, 3.09, 0.02], [0.16, 0.31, 1.49]]","[735, 703, 738, 713, 697, 723, 737, 736, 752, 742, 740, 750, 746, 675, 734, 748]",40.5
1395,1790252376588115230,307200,69171,16,12,176.1,"[74.7, 77.0, 78.0, 80.8, 84.0, 88.7, 89.8, 107.4, 112.4, 139.8, 152.7, 176.1]","['NEAR', 'INSIDE', 'INSIDE', 'INSIDE', 'INSIDE', 'INSIDE', 'INSIDE', 'INSIDE', 'OUTSIDE', 'INSIDE', 'INSIDE', 'OUTSIDE']","[[5.09, 0.76, 1.35], [0.86, 2.51, 0.31], [0.14, 2.31, 0.0], [2.9, 4.2, 0.39], [3.85, 4.57, 2.64], [0.06, 2.82, 0.0], [6.72, 4.15, 2.58], [0.11, 3.0, 0.0], [0.24, 0.98, 0.0], [8.89, 4.45, 1.83], [4.23, 3.62, 0.4], [1.9, 0.78, 1.49]]","[735, 703, 738, 723, 737, 742, 752, 753, 746, 675, 708, 748]",42.2
1396,1790252376689435587,307200,69710,16,8,174.4,"[83.3, 86.4, 91.8, 92.2, 107.6, 138.2, 156.6, 174.4]","['INSIDE', 'INSIDE', 'OUTSIDE', 'NEAR', 'INSIDE', 'INSIDE', 'INSIDE', 'RAIL']","[[3.95, 0.09, 1.7], [7.92, 4.25, 2.76], [1.06, 1.64, 0.21], [1.09, 0.53, 2.0], [0.65, 2.47, 0.21], [14.04, 4.41, 2.02], [4.41, 3.02, 0.05], [0.02, 0.1, 0.26]]","[737, 736, 750, 740, 753, 675, 708, 748]",39.6
1397,1790252376791073190,307200,70186,16,10,173.7,"[72.6, 75.2, 76.4, 78.0, 81.8, 85.5, 92.3, 110.5, 166.3, 173.7]","['INSIDE', 'INSIDE', 'INSIDE', 'RAIL', 'INSIDE', 'INSIDE', 'INSIDE', 'OUTSIDE', 'INSIDE', 'OUTSIDE']","[[1.07, 2.8, 2.55], [0.1, 2.4, 0.0], [3.19, 2.12, 2.83], [1.08, 0.04, 1.06], [7.64, 4.41, 2.86], [8.82, 4.13, 2.72], [0.18, 0.1, 1.2], [0.41, 0.2, 1.92], [5.37, 3.87, 0.49], [0.16, 0.3, 1.2]]","[735, 703, 738, 713, 723, 736, 740, 746, 734, 748]",40.1
1398,1790252376893188159,307200,70721,16,12,172.9,"[71.6, 75.0, 75.3, 85.0, 87.5, 91.2, 100.4, 109.5, 139.8, 158.7, 168.1, 172.9]","['INSIDE', 'INSIDE', 'INSIDE', 'INSIDE', 'INSIDE', 'NEAR', 'OUTSIDE', 'OUTSIDE', 'INSIDE', 'INSIDE', 'INSIDE', 'OUTSIDE']","[[0.12, 2.5, 0.0], [1.4, 2.47, 0.35], [5.02, 2.31, 2.81], [0.06, 1.38, 0.0], [8.06, 4.75, 2.76], [0.89, 0.56, 2.4], [0.4, 0.86, 0.21], [1.25, 1.18, 2.12], [13.56, 4.41, 2.09], [0.05, 3.32, 0.0], [0.11, 2.93, 0.0], [0.19, 0.3, 1.2]]","[735, 703, 738, 752, 736, 740, 757, 746, 675, 708, 734, 748]",39.4
1399,1790252376987174056,307200,71245,17,11,172.1,"[80.9, 81.8, 83.2, 85.9, 90.1, 94.9, 99.8, 108.3, 137.6, 159.2, 172.1]","['OUTSIDE', 'INSIDE', 'OUTSIDE', 'INSIDE', 'INSIDE', 'INSIDE', 'INSIDE', 'OUTSIDE', 'INSIDE', 'INSIDE', 'OUTSIDE']","[[3.49, 1.28, 2.16], [2.46, 1.4, 2.72], [1.99, 0.49, 2.41], [3.86, 4.18, 2.66], [1.68, 4.39, 2.38], [1.65, 2.3, 0.04], [1.27, 3.8, 0.21], [1.23, 0.18, 1.73], [13.39, 4.44, 2.05], [5.61, 3.57, 0.72], [0.09, 0.19, 1.45]]","[723, 737, 697, 736, 742, 760, 757, 746, 675, 708, 748]",38.4
1400,1790252377087528396,307200,72348,17,12,171.4,"[73.6, 82.2, 82.4, 86.0, 88.3, 89.2, 96.3, 101.5, 108.1, 136.5, 164.0, 171.4]","['RAIL', 'INSIDE', 'NEAR', 'OUTSIDE', 'INSIDE', 'INSIDE', 'INSIDE', 'INSIDE', 'OUTSIDE', 'INSIDE', 'INSIDE', 'OUTSIDE']","[[1.71, 0.53, 0.66], [2.23, 4.02, 2.56], [5.68, 0.8, 2.73], [3.11, 0.64, 2.68], [2.18, 2.95, 0.21], [1.9, 0.1, 0.76], [2.03, 3.37, 0.05], [1.33, 3.56, 0.23], [0.18, 0.22, 1.92], [10.16, 4.47, 2.06], [5.31, 3.8, 0.49], [0.17, 0.09, 1.19]]","[703, 737, 723, 736, 752, 742, 760, 757, 746, 675, 734, 748]",37.8
1401,1790252377190085906,307200,73559,18,11,170.6,"[69.2, 72.0, 86.2, 89.3, 95.4, 98.1, 106.8, 136.1, 156.4, 165.7, 170.6]","['NEAR', 'NEAR', 'INSIDE', 'RAIL', 'INSIDE', 'OUTSIDE', 'OUTSIDE', 'INSIDE', 'INSIDE', 'INSIDE', 'OUTSIDE']","[[2.65, 0.75, 1.21], [1.06, 0.75, 1.26], [4.99, 4.32, 2.65], [0.06, 0.04, 0.8], [0.1, 3.16, 0.0], [0.35, 0.84, 0.2], [1.19, 0.33, 1.91], [10.81, 4.41, 2.05], [0.06, 3.55, 0.0], [0.11, 2.89, 0.0], [0.16, 0.3, 1.44]]","[735, 738, 736, 742, 760, 757, 746, 675, 708, 734, 748]",38.8
1402,1790252377288692921,307200,73632,19,12,169.8,"[69.6, 80.7, 81.1, 82.8, 84.4, 85.7, 88.5, 93.3, 98.2, 106.4, 156.2, 169.8]","['INSIDE', 'INSIDE', 'NEAR', 'INSIDE', 'INSIDE', 'INSIDE', 'NEAR', 'INSIDE', 'INSIDE', 'INSIDE', 'INSIDE', 'OUTSIDE']","[[5.88, 2.1, 2.72], [2.06, 0.09, 1.26], [0.57, 0.72, 0.53], [6.44, 4.19, 2.69], [0.08, 2.8, 0.0], [0.65, 4.09, 0.96], [0.29, 0.54, 2.54], [2.7, 3.73, 0.06], [2.15, 4.09, 0.43], [1.31, 3.5, 0.68], [7.04, 3.79, 0.7], [0.15, 0.19, 1.43]]","[735, 723, 737, 697, 736, 752, 742, 750, 757, 753, 708, 748]",33.1
1403,1790252377391629810,307200,70694,18,11,169.1,"[82.7, 84.9, 86.7, 87.8, 89.0, 95.1, 96.6, 101.0, 103.5, 162.9, 169.1]","['INSIDE', 'INSIDE', 'INSIDE', 'INSIDE', 'INSIDE', 'INSIDE', 'OUTSIDE', 'INSIDE', 'OUTSIDE', 'INSIDE', 'OUTSIDE']","[[0.13, 2.37, 0.0], [5.03, 4.25, 2.74], [1.12, 4.38, 0.21], [0.08, 0.06, 1.37], [0.13, 1.24, 0.0], [0.08, 3.48, 0.0], [0.5, 1.0, 0.2], [0.44, 1.06, 0.01], [0.14, 0.9, 0.0], [3.04, 3.15, 0.03], [0.15, 0.29, 1.43]]","[736, 697, 752, 742, 740, 760, 757, 753, 746, 734, 748]",43.3
1404,1790252377489165568,307200,70577,19,11,168.3,"[77.8, 82.2, 85.6, 87.1, 89.0, 94.8, 100.4, 101.7, 104.8, 162.1, 168.3]","['INSIDE', 'INSIDE', 'INSIDE', 'INSIDE', 'INSIDE', 'INSIDE', 'INSIDE', 'INSIDE', 'OUTSIDE', 'INSIDE', 'OUTSIDE']","[[2.15, 1.61, 0.2], [4.05, 4.23, 2.72], [1.21, 3.28, 0.97], [0.06, 0.1, 1.54], [2.16, 3.89, 0.26], [2.5, 4.0, 0.06], [0.22, 3.51, 0.69], [0.08, 1.6, 0.0], [1.21, 0.24, 1.84], [3.0, 3.38, 0.03], [0.16, 0.29, 1.42]]","[713, 697, 736, 742, 740, 760, 753, 746, 761, 734, 748]",45.0
1405,1790252377588080048,307200,68229,14,9,167.6,"[84.8, 93.0, 97.8, 101.4, 104.0, 117.6, 134.5, 152.6, 167.6]","['INSIDE', 'INSIDE', 'INSIDE', 'OUTSIDE', 'OUTSIDE', 'INSIDE', 'INSIDE', 'INSIDE', 'OUTSIDE']","[[1.7, 4.32, 2.25], [1.29, 4.08, 0.21], [3.01, 4.29, 0.85], [1.3, 1.07, 0.47], [1.03, 0.28, 1.66], [1.44, 4.32, 0.75], [13.57, 4.65, 2.0], [1.54, 3.48, 0.02], [0.12, 0.29, 1.41]]","[736, 750, 757, 753, 761, 766, 675, 708, 748]",42.4
1406,1790252377693793922,307200,68217,22,13,166.9,"[65.8, 66.6, 80.7, 82.9, 88.4, 94.2, 99.2, 100.3, 103.5, 117.1, 132.0, 160.6, 166.9]","['RAIL', 'INSIDE', 'INSIDE', 'INSIDE', 'INSIDE', 'INSIDE', 'INSIDE', 'INSIDE', 'OUTSIDE', 'OUTSIDE', 'INSIDE', 'INSIDE', 'OUTSIDE']","[[1.02, 0.27, 1.03], [5.93, 2.34, 2.62], [1.99, 0.09, 1.41], [5.79, 4.4, 2.72], [0.67, 4.06, 0.39], [1.9, 3.93, 0.23], [0.5, 2.75, 0.87], [0.03, 1.23, 0.0], [1.92, 0.24, 2.0], [1.31, 1.21, 0.75], [10.18, 4.5, 1.99], [3.05, 2.5, 0.03], [0.17, 0.29, 1.41]]","[735, 738, 723, 697, 740, 760, 757, 746, 761, 766, 675, 734, 748]",25.2
1407,1790252377793284876,307200,68571,17,12,157.3,"[80.1, 83.6, 88.2, 89.0, 94.6, 99.5, 101.5, 102.6, 115.5, 118.5, 130.7, 157.3]","['INSIDE', 'OUTSIDE', 'OUTSIDE', 'INSIDE', 'INSIDE', 'NEAR', 'OUTSIDE', 'INSIDE', 'INSIDE', 'OUTSIDE', 'INSIDE', 'INSIDE']","[[1.72, 0.1, 1.41], [0.42, 1.45, 0.2], [0.06, 0.31, 0.41], [1.67, 2.48, 0.04], [2.17, 4.1, 0.23], [0.07, 1.22, 0.0], [0.77, 0.36, 1.98], [1.13, 1.78, 0.02], [0.13, 1.01, 0.0], [0.1, 0.26, 2.06], [9.06, 4.49, 1.95], [2.39, 3.67, 0.44]]","[723, 697, 740, 752, 760, 757, 761, 746, 766, 763, 675, 734]",36.7
1408,1790252377893308470,307200,68477,21,17,165.4,"[64.8, 69.5, 72.1, 81.4, 83.0, 83.0, 83.8, 87.4, 87.8, 93.1, 97.7, 98.8, 101.9, 112.2, 117.6, 159.2, 165.4]","['NEAR', 'NEAR', 'INSIDE', 'INSIDE', 'OUTSIDE', 'INSIDE', 'INSIDE', 'OUTSIDE', 'INSIDE', 'INSIDE', 'OUTSIDE', 'INSIDE', 'OUTSIDE', 'INSIDE', 'INSIDE', 'INSIDE', 'OUTSIDE']","[[5.19, 0.83, 2.49], [1.5, 0.67, 1.5], [0.57, 2.64, 0.02], [0.25, 0.99, 0.01], [0.91, 0.28, 0.19], [2.22, 0.08, 1.45], [1.81, 2.11, 0.94], [0.19, 0.51, 0.36], [2.39, 4.15, 0.43], [1.3, 3.71, 0.23], [0.45, 1.17, 0.86], [0.09, 3.45, 0.0], [1.15, 0.22, 1.97], [0.14, 2.55, 0.0], [0.99, 4.25, 2.06], [2.94, 3.08, 0.03], [0.08, 0.2, 1.39]]","[738, 735, 703, 737, 697, 736, 742, 740, 752, 750, 757, 746, 761, 762, 763, 734, 748]",32.4
1409,1790252377988739545,307200,68525,19,15,164.7,"[66.5, 76.0, 81.5, 82.1, 83.3, 86.8, 92.5, 97.4, 100.9, 103.7, 111.4, 115.8, 128.6, 158.5, 164.7]","['RAIL', 'INSIDE', 'INSIDE', 'OUTSIDE', 'NEAR', 'INSIDE', 'INSIDE', 'INSIDE', 'OUTSIDE', 'OUTSIDE', 'INSIDE', 'INSIDE', 'INSIDE', 'INSIDE', 'OUTSIDE']","[[0.75, 0.45, 0.6], [5.06, 0.3, 2.48], [0.1, 0.08, 0.55], [0.47, 0.28, 0.19], [0.36, 0.44, 2.59], [3.04, 4.12, 1.94], [1.21, 3.69, 0.23], [2.29, 3.98, 2.31], [1.17, 0.2, 2.2], [0.43, 0.4, 1.55], [0.12, 2.14, 0.0], [3.21, 4.25, 2.04], [12.75, 4.44, 1.96], [2.95, 3.35, 0.03], [0.16, 0.29, 1.39]]","[738, 713, 723, 697, 736, 752, 750, 757, 761, 753, 762, 766, 675, 734, 748]",39.4
1410,1790252378089898083,307200,68150,17,11,164.3,"[82.7, 86.0, 87.5, 95.3, 99.7, 103.6, 113.4, 116.3, 127.7, 155.0, 164.3]","['INSIDE', 'OUTSIDE', 'INSIDE', 'INSIDE', 'INSIDE', 'OUTSIDE', 'INSIDE', 'OUTSIDE', 'INSIDE', 'OUTSIDE', 'INSIDE']","[[0.08, 0.06, 1.29], [0.03, 0.45, 0.4], [2.72, 3.82, 0.07], [3.68, 3.98, 0.24], [2.02, 4.2, 2.19], [0.93, 0.42, 0.46], [0.06, 1.38, 0.0], [0.13, 0.32, 2.03], [14.06, 4.37, 2.11], [2.45, 1.71, 0.44], [0.77, 3.74, 1.83]]","[736, 740, 752, 760, 746, 753, 762, 766, 675, 708, 748]",41.8
1411,1790252378193808419,307200,68301,21,15,163.3,"[64.8, 82.0, 82.2, 85.4, 87.0, 90.8, 94.3, 99.0, 103.7, 111.3, 113.3, 115.7, 127.9, 157.0, 163.3]","['RAIL', 'INSIDE', 'OUTSIDE', 'OUTSIDE', 'INSIDE', 'OUTSIDE', 'INSIDE', 'INSIDE', 'OUTSIDE', 'INSIDE', 'OUTSIDE', 'OUTSIDE', 'INSIDE', 'INSIDE', 'OUTSIDE']","[[0.16, 0.35, 0.16], [0.08, 0.09, 1.28], [1.52, 0.18, 0.36], [0.51, 0.36, 1.28], [3.24, 4.29, 0.19], [0.41, 1.09, 0.22], [3.71, 4.45, 2.28], [2.01, 4.17, 1.74], [2.67, 0.62, 0.9], [0.13, 3.5, 0.0], [1.41, 0.45, 1.44], [0.24, 0.4, 2.02], [9.06, 4.55, 1.92], [3.0, 3.53, 0.03], [0.16, 0.18, 1.38]]","[738, 723, 697, 740, 752, 750, 760, 746, 753, 762, 766, 763, 675, 734, 748]",40.2
1412,1790252378294723927,307200,68214,17,12,162.6,"[81.3, 84.6, 85.2, 91.0, 95.4, 97.4, 98.9, 103.9, 109.3, 114.7, 157.8, 162.6]","['INSIDE', 'OUTSIDE', 'INSIDE', 'INSIDE', 'INSIDE', 'INSIDE', 'OUTSIDE', 'INSIDE', 'INSIDE', 'INSIDE', 'INSIDE', 'OUTSIDE']","[[0.15, 0.06, 1.27], [0.06, 0.33, 0.4], [2.21, 4.02, 0.06], [2.19, 3.81, 0.42], [1.43, 3.36, 0.86], [0.03, 1.87, 0.0], [1.21, 0.21, 1.92], [0.05, 1.45, 0.0], [0.11, 3.24, 0.0], [1.22, 4.42, 2.01], [0.07, 3.3, 0.0], [0.18, 0.28, 1.37]]","[723, 740, 752, 750, 760, 757, 746, 753, 762, 763, 734, 748]",42.0
1413,1790252378389236948,307200,68253,23,14,161.9,"[66.3, 80.6, 81.9, 84.0, 86.3, 92.4, 97.1, 98.3, 103.4, 109.4, 113.5, 126.6, 155.7, 161.9]","['NEAR', 'INSIDE', 'INSIDE', 'OUTSIDE', 'INSIDE', 'INSIDE', 'INSIDE', 'OUTSIDE', 'OUTSIDE', 'INSIDE', 'OUTSIDE', 'INSIDE', 'INSIDE', 'OUTSIDE']","[[9.01, 0.86, 2.49], [0.13, 0.09, 1.26], [0.13, 2.15, 0.0], [0.11, 0.33, 0.39], [0.92, 3.18, 0.02], [2.4, 4.4, 1.83], [1.45, 3.9, 0.19], [0.76, 0.41, 1.72], [0.14, 0.18, 0.65], [1.19, 2.88, 0.02], [1.61, 0.31, 1.99], [9.37, 4.56, 1.99], [3.02, 3.5, 0.03], [0.13, 0.19, 1.37]]","[735, 723, 737, 740, 752, 750, 757, 746, 753, 762, 766, 675, 708, 748]",43.6
1414,1790252378491920919,307200,68405,18,12,161.5,"[74.0, 77.5, 81.3, 83.4, 88.0, 92.4, 93.2, 98.0, 102.8, 127.5, 153.5, 161.5]","['INSIDE', 'INSIDE', 'OUTSIDE', 'INSIDE', 'INSIDE', 'OUTSIDE', 'INSIDE', 'INSIDE', 'OUTSIDE', 'INSIDE', 'INSIDE', 'INSIDE']","[[4.03, 0.11, 1.62], [0.84, 1.21, 1.51], [0.39, 0.5, 1.07], [5.66, 4.17, 2.63], [1.81, 3.88, 0.21], [1.01, 1.36, 0.79], [0.36, 3.09, 0.01], [1.9, 4.27, 2.16], [0.15, 0.22, 0.41], [12.37, 4.53, 2.0], [4.99, 4.26, 0.43], [0.74, 3.87, 1.8]]","[713, 723, 740, 737, 752, 750, 760, 757, 753, 675, 708, 748]",43.0
1415,1790252378590779783,307200,68548,17,13,160.6,"[67.2, 82.6, 85.5, 88.1, 90.7, 96.1, 101.9, 108.5, 112.2, 115.7, 125.1, 154.3, 160.6]","['INSIDE', 'OUTSIDE', 'INSIDE', 'OUTSIDE', 'INSIDE', 'INSIDE', 'OUTSIDE', 'INSIDE', 'OUTSIDE', 'INSIDE', 'INSIDE', 'INSIDE', 'OUTSIDE']","[[0.55, 0.93, 0.02], [0.49, 0.5, 1.24], [2.01, 4.03, 0.23], [0.32, 0.91, 0.21], [1.7, 4.47, 1.19], [2.3, 4.22, 2.28], [0.74, 0.22, 0.41], [0.17, 3.41, 0.0], [1.66, 0.44, 1.97], [2.98, 4.02, 0.05], [9.08, 4.58, 1.86], [3.02, 3.48, 0.03], [0.15, 0.28, 1.35]]","[735, 740, 742, 752, 750, 757, 753, 762, 766, 763, 675, 708, 748]",48.2
1416,1790252378688632906,307200,68773,17,9,160.1,"[81.3, 86.1, 90.4, 92.5, 96.7, 101.3, 112.0, 126.2, 160.1]","['INSIDE', 'INSIDE', 'RAIL', 'INSIDE', 'INSIDE', 'OUTSIDE', 'OUTSIDE', 'INSIDE', 'INSIDE']","[[2.45, 4.16, 1.82], [1.91, 3.33, 0.05], [1.74, 0.12, 0.4], [3.78, 3.97, 1.78], [2.01, 4.21, 2.13], [0.68, 0.2, 1.09], [0.73, 0.44, 1.95], [12.4, 4.49, 1.97], [0.71, 3.84, 1.78]]","[737, 742, 750, 760, 757, 761, 766, 675, 748]",44.0
1417,1790252378793756051,307200,68849,19,11,159.5,"[68.0, 81.6, 86.9, 91.8, 95.8, 98.6, 100.6, 111.6, 116.0, 126.3, 159.5]","['INSIDE', 'INSIDE', 'INSIDE', 'INSIDE', 'OUTSIDE', 'INSIDE', 'OUTSIDE', 'INSIDE', 'INSIDE', 'INSIDE', 'INSIDE']","[[3.99, 1.53, 2.62], [2.36, 4.05, 1.85], [1.27, 3.85, 0.23], [3.67, 4.36, 2.39], [1.32, 1.32, 1.7], [1.31, 1.22, 0.03], [0.29, 0.36, 0.9], [1.8, 3.87, 2.14], [0.1, 2.23, 0.0], [10.8, 4.56, 1.97], [0.73, 3.82, 1.78]]","[735, 737, 742, 760, 767, 757, 761, 766, 763, 675, 748]",41.0
1418,1790252378893381942,307200,68881,24,15,158.8,"[47.7, 76.9, 80.6, 80.9, 86.3, 89.8, 92.0, 95.0, 97.5, 99.9, 108.7, 110.5, 115.7, 124.8, 158.8]","['RAIL', 'INSIDE', 'OUTSIDE', 'INSIDE', 'INSIDE', 'INSIDE', 'INSIDE', 'OUTSIDE', 'INSIDE', 'INSIDE', 'INSIDE', 'OUTSIDE', 'INSIDE', 'INSIDE', 'INSIDE']","[[0.95, 0.05, 0.94], [0.7, 0.4, 2.41], [0.03, 0.42, 0.38], [2.37, 3.78, 0.07], [1.3, 3.82, 0.23], [2.96, 3.38, 2.6], [0.09, 2.89, 0.0], [1.49, 1.15, 2.26], [0.46, 4.08, 0.25], [0.36, 2.82, 0.68], [1.29, 4.34, 0.69], [0.88, 0.44, 2.13], [0.81, 3.77, 0.49], [9.03, 4.61, 1.96], [0.77, 3.9, 1.77]]","[768, 723, 740, 737, 742, 750, 760, 767, 757, 761, 762, 766, 763, 675, 748]",36.1
1419,1790252378995321559,307200,68903,24,15,158.1,"[44.9, 47.4, 72.2, 80.4, 85.6, 89.7, 91.3, 94.4, 96.7, 99.2, 99.4, 108.8, 114.6, 119.7, 158.1]","['INSIDE', 'NEAR', 'INSIDE', 'INSIDE', 'INSIDE', 'OUTSIDE', 'INSIDE', 'OUTSIDE', 'INSIDE', 'OUTSIDE', 'INSIDE', 'INSIDE', 'INSIDE', 'INSIDE', 'INSIDE']","[[0.51, 0.24, 1.1], [0.36, 0.11, 0.43], [1.11, 0.08, 1.27], [2.16, 4.03, 0.06], [1.29, 4.18, 0.23], [2.27, 1.76, 2.55], [0.09, 3.03, 0.0], [1.44, 1.34, 2.1], [0.09, 2.36, 0.0], [0.3, 0.38, 0.67], [0.09, 1.21, 0.0], [2.88, 4.5, 2.09], [0.1, 3.8, 0.0], [0.24, 0.42, 1.81], [0.72, 3.88, 1.76]]","[770, 768, 713, 737, 742, 750, 760, 767, 757, 761, 746, 762, 763, 675, 748]",40.0
1420,1790252379089684224,307200,69044,17,13,157.5,"[46.7, 71.5, 80.7, 85.7, 89.5, 92.0, 94.1, 97.9, 109.6, 116.0, 119.3, 139.1, 157.5]","['NEAR', 'INSIDE', 'INSIDE', 'INSIDE', 'OUTSIDE', 'INSIDE', 'OUTSIDE', 'INSIDE', 'INSIDE', 'INSIDE', 'INSIDE', 'INSIDE', 'INSIDE']","[[0.43, 0.11, 0.52], [1.12, 0.08, 1.25], [2.74, 4.32, 0.36], [2.21, 4.17, 0.38], [3.05, 1.63, 2.31], [0.08, 2.57, 0.0], [1.79, 0.38, 2.06], [1.26, 3.24, 0.03], [0.62, 4.43, 2.12], [0.13, 3.04, 0.0], [0.76, 1.32, 2.08], [4.77, 3.91, 0.96], [0.86, 3.86, 1.76]]","[768, 713, 737, 742, 750, 760, 767, 746, 762, 763, 675, 773, 748]",30.8
1421,1790252379189947380,307200,69028,20,13,156.6,"[43.6, 70.4, 84.9, 87.5, 88.8, 91.4, 92.5, 96.8, 107.6, 115.4, 119.1, 136.2, 156.6]","['INSIDE', 'INSIDE', 'INSIDE', 'RAIL', 'INSIDE', 'INSIDE', 'OUTSIDE', 'INSIDE', 'INSIDE', 'INSIDE', 'INSIDE', 'INSIDE', 'OUTSIDE']","[[0.5, 0.17, 1.15], [2.06, 0.08, 0.77], [2.29, 4.38, 0.24], [1.38, 0.15, 0.38], [3.07, 4.13, 0.81], [0.05, 1.28, 0.0], [1.91, 0.47, 2.05], [2.11, 4.23, 0.47], [2.97, 4.47, 2.1], [0.15, 4.23, 0.0], [1.64, 2.61, 1.81], [2.61, 3.65, 0.9], [0.14, 0.17, 1.32]]","[770, 713, 742, 752, 750, 760, 767, 757, 762, 763, 675, 773, 748]",40.2
1422,1790252379298523939,307200,68915,20,15,156.2,"[42.7, 47.7, 65.3, 84.4, 86.9, 88.3, 90.8, 92.7, 95.8, 99.5, 107.0, 114.3, 118.8, 137.1, 156.2]","['INSIDE', 'RAIL', 'NEAR', 'INSIDE', 'RAIL', 'INSIDE', 'INSIDE', 'OUTSIDE', 'INSIDE', 'OUTSIDE', 'INSIDE', 'INSIDE', 'NEAR', 'INSIDE', 'INSIDE']","[[0.58, 0.25, 1.21], [0.31, 0.03, 1.05], [11.12, 0.46, 2.43], [2.22, 4.27, 0.39], [1.35, 0.21, 0.78], [3.13, 3.19, 0.99], [0.09, 2.54, 0.0], [1.76, 0.47, 2.04], [2.84, 3.82, 0.43], [1.67, 0.42, 0.44], [3.16, 4.56, 2.09], [1.06, 4.2, 0.73], [2.26, 0.94, 1.81], [3.27, 3.87, 0.93], [0.7, 3.83, 1.74]]","[770, 768, 735, 742, 752, 750, 760, 767, 757, 761, 762, 763, 675, 773, 748]",39.2
1423,1790252379398298300,307200,69037,19,11,156.2,"[42.3, 80.3, 82.9, 85.9, 90.7, 92.0, 95.9, 102.0, 115.7, 137.9, 156.2]","['INSIDE', 'INSIDE', 'OUTSIDE', 'INSIDE', 'OUTSIDE', 'INSIDE', 'INSIDE', 'INSIDE', 'INSIDE', 'INSIDE', 'INSIDE']","[[0.57, 0.24, 1.2], [1.99, 3.99, 0.22], [0.35, 0.8, 0.21], [5.06, 4.3, 2.67], [0.32, 0.2, 2.02], [1.17, 3.79, 0.03], [4.36, 4.28, 1.2], [0.06, 0.71, 0.0], [0.69, 3.41, 0.51], [6.3, 3.63, 0.96], [1.85, 3.82, 1.74]]","[770, 737, 742, 752, 767, 760, 757, 753, 763, 773, 748]",40.8
1424,1790252379489436125,307200,69143,22,14,155.0,"[44.3, 47.7, 82.3, 85.2, 90.0, 91.0, 94.5, 96.3, 99.4, 106.7, 113.0, 117.5, 135.8, 155.0]","['NEAR', 'OUTSIDE', 'OUTSIDE', 'INSIDE', 'INSIDE', 'OUTSIDE', 'INSIDE', 'OUTSIDE', 'OUTSIDE', 'INSIDE', 'INSIDE', 'INSIDE', 'INSIDE', 'INSIDE']","[[0.55, 0.09, 0.51], [0.48, 0.85, 0.03], [0.33, 0.79, 0.21], [5.17, 4.3, 2.65], [1.18, 3.61, 0.03], [0.91, 0.33, 2.01], [2.88, 4.13, 0.45], [0.5, 0.21, 0.61], [1.46, 0.41, 1.05], [1.34, 4.51, 2.07], [1.05, 3.76, 0.73], [2.2, 1.76, 2.04], [3.3, 3.84, 0.92], [0.72, 3.9, 1.73]]","[770, 768, 742, 752, 760, 767, 757, 746, 761, 762, 763, 675, 773, 708]",40.1
1425,1790252379593356894,307200,69511,24,15,154.3,"[41.1, 71.8, 81.6, 83.5, 86.2, 89.4, 90.3, 93.9, 96.0, 97.9, 106.0, 112.9, 116.8, 134.6, 154.3]","['NEAR', 'NEAR', 'OUTSIDE', 'INSIDE', 'OUTSIDE', 'INSIDE', 'OUTSIDE', 'INSIDE', 'OUTSIDE', 'OUTSIDE', 'INSIDE', 'INSIDE', 'NEAR', 'INSIDE', 'INSIDE']","[[0.44, 0.23, 1.09], [2.0, 0.62, 2.57], [0.35, 1.0, 0.21], [0.16, 3.66, 0.19], [2.71, 2.16, 2.47], [1.16, 3.9, 0.03], [1.16, 0.33, 1.99], [2.88, 4.1, 0.41], [1.16, 0.24, 0.86], [1.86, 0.41, 0.43], [1.21, 3.95, 2.05], [0.1, 4.14, 0.0], [1.93, 0.93, 1.78], [4.44, 3.58, 0.92], [0.67, 3.52, 1.72]]","[770, 713, 742, 752, 750, 760, 767, 757, 746, 761, 762, 763, 675, 773, 708]",41.8
1426,1790252379688173532,307200,69682,22,17,153.8,"[40.6, 41.0, 47.7, 80.3, 84.2, 86.2, 89.2, 90.7, 95.4, 98.9, 100.1, 105.8, 107.2, 113.6, 116.2, 136.1, 153.8]","['RAIL', 'INSIDE', 'OUTSIDE', 'INSIDE', 'INSIDE', 'OUTSIDE', 'INSIDE', 'INSIDE', 'INSIDE', 'OUTSIDE', 'INSIDE', 'OUTSIDE', 'INSIDE', 'OUTSIDE', 'INSIDE', 'INSIDE', 'INSIDE']","[[0.89, 0.05, 0.82], [0.79, 0.22, 1.24], [0.34, 0.84, 0.02], [3.1, 4.02, 2.69], [2.7, 4.04, 2.62], [0.75, 0.21, 2.27], [2.73, 3.19, 2.53], [0.17, 1.74, 0.0], [1.78, 4.39, 1.45], [0.31, 1.72, 0.26], [0.11, 2.27, 0.0], [1.85, 0.41, 2.04], [2.05, 0.93, 0.04], [0.22, 0.25, 0.24], [2.03, 1.95, 2.03], [6.31, 3.8, 0.95], [0.78, 3.77, 1.71]]","[780, 770, 768, 737, 752, 750, 760, 757, 746, 761, 753, 762, 766, 763, 675, 773, 708]",39.5
1427,1790252379797704377,307200,69880,22,16,153.1,"[39.4, 39.7, 49.9, 64.6, 71.5, 84.7, 87.3, 89.4, 94.1, 94.3, 99.5, 104.8, 113.0, 115.9, 135.5, 153.1]","['RAIL', 'INSIDE', 'INSIDE', 'INSIDE', 'INSIDE', 'INSIDE', 'OUTSIDE', 'INSIDE', 'OUTSIDE', 'INSIDE', 'INSIDE', 'OUTSIDE', 'OUTSIDE', 'INSIDE', 'INSIDE', 'INSIDE']","[[0.76, 0.05, 0.95], [0.74, 0.25, 1.3], [0.09, 1.92, 0.0], [6.13, 0.15, 2.49], [0.12, 0.04, 1.56], [2.61, 4.4, 2.61], [0.08, 0.91, 0.0], [1.45, 4.4, 2.38], [0.59, 0.23, 0.42], [0.07, 1.48, 0.0], [0.11, 2.08, 0.0], [1.05, 0.42, 2.02], [0.14, 0.25, 0.24], [2.63, 4.52, 2.02], [6.31, 3.52, 0.33], [0.79, 3.76, 1.71]]","[780, 770, 768, 735, 713, 752, 750, 760, 746, 757, 753, 762, 763, 675, 773, 708]",44.5
1428,1790252379894319243,307200,69898,23,14,168.6,"[39.1, 39.4, 70.9, 84.1, 86.6, 88.7, 93.7, 97.5, 98.9, 104.1, 115.2, 134.1, 152.5, 168.6]","['INSIDE', 'RAIL', 'INSIDE', 'INSIDE', 'OUTSIDE', 'INSIDE', 'INSIDE', 'OUTSIDE', 'INSIDE', 'OUTSIDE', 'INSIDE', 'INSIDE', 'INSIDE', 'INSIDE']","[[0.65, 0.17, 1.2], [0.74, 0.05, 0.95], [0.1, 0.05, 1.07], [2.61, 4.36, 2.59], [0.08, 0.91, 0.0], [1.5, 4.09, 2.14], [0.73, 4.3, 1.01], [2.31, 1.73, 1.71], [0.13, 2.07, 0.0], [1.07, 0.41, 2.01], [2.61, 4.56, 2.01], [4.8, 3.8, 0.9], [0.72, 3.74, 1.7], [0.17, 2.36, 0.0]]","[770, 780, 713, 752, 750, 760, 757, 761, 753, 762, 675, 773, 708, 771]",43.4
1429,1790252379998232590,307200,70129,25,16,153.8,"[38.6, 39.3, 69.3, 80.7, 82.1, 85.0, 88.0, 91.1, 93.6, 99.0, 102.6, 108.2, 113.8, 116.3, 146.7, 153.8]","['NEAR', 'RAIL', 'OUTSIDE', 'INSIDE', 'INSIDE', 'INSIDE', 'OUTSIDE', 'INSIDE', 'INSIDE', 'INSIDE', 'OUTSIDE', 'INSIDE', 'INSIDE', 'INSIDE', 'INSIDE', 'OUTSIDE']","[[0.35, 0.17, 1.11], [0.78, 0.05, 1.02], [0.92, 2.01, 0.16], [3.47, 4.45, 0.22], [4.42, 3.4, 2.71], [0.09, 3.12, 0.0], [1.32, 0.99, 2.29], [1.25, 1.76, 0.03], [1.43, 2.81, 1.04], [1.33, 4.17, 0.03], [2.97, 0.63, 2.0], [1.85, 4.39, 0.44], [0.07, 0.61, 0.0], [4.32, 4.55, 2.0], [0.08, 3.84, 0.0], [4.64, 2.13, 1.73]]","[770, 780, 713, 737, 742, 752, 750, 760, 757, 753, 762, 766, 675, 763, 708, 748]",43.3
1430,1790252380095609682,307200,70288,28,14,156.9,"[37.7, 38.4, 45.6, 81.7, 86.3, 87.6, 89.8, 90.9, 92.6, 102.4, 109.2, 113.5, 143.3, 156.9]","['RAIL', 'INSIDE', 'INSIDE', 'INSIDE', 'INSIDE', 'OUTSIDE', 'RAIL', 'INSIDE', 'OUTSIDE', 'INSIDE', 'INSIDE', 'INSIDE', 'INSIDE', 'INSIDE']","[[0.73, 0.04, 0.91], [1.2, 0.23, 1.33], [0.45, 0.08, 1.61], [5.9, 4.48, 2.71], [1.16, 3.74, 0.03], [1.89, 0.33, 1.97], [0.07, 0.47, 0.0], [2.88, 4.15, 1.76], [0.39, 0.15, 0.41], [4.27, 4.49, 2.23], [1.27, 3.25, 0.9], [3.5, 4.03, 2.18], [5.72, 4.01, 1.0], [0.14, 2.19, 0.0]]","[780, 770, 768, 742, 752, 750, 767, 760, 757, 762, 766, 763, 708, 748]",40.4
1431,1790252380191596002,307200,70474,25,15,166.8,"[37.1, 37.6, 44.0, 81.7, 84.8, 86.8, 89.1, 92.3, 97.1, 102.3, 110.8, 112.8, 132.3, 142.7, 166.8]","['RAIL', 'NEAR', 'NEAR', 'INSIDE', 'OUTSIDE', 'INSIDE', 'RAIL', 'OUTSIDE', 'INSIDE', 'OUTSIDE', 'OUTSIDE', 'INSIDE', 'INSIDE', 'INSIDE', 'INSIDE']","[[0.72, 0.05, 0.98], [1.1, 0.24, 1.22], [1.58, 0.08, 1.65], [2.96, 4.48, 2.56], [0.21, 0.59, 0.0], [1.78, 4.27, 2.32], [0.24, 0.47, 0.61], [1.65, 0.54, 1.79], [0.09, 2.37, 0.0], [1.0, 0.41, 1.98], [0.67, 1.33, 0.49], [3.39, 4.43, 1.98], [4.82, 3.74, 0.31], [5.02, 4.2, 0.4], [0.14, 2.91, 0.0]]","[780, 770, 768, 742, 752, 750, 767, 757, 753, 762, 766, 763, 773, 708, 771]",47.9
1432,1790252380287066785,307200,70345,24,15,144.9,"[36.2, 36.8, 43.7, 80.0, 83.2, 84.6, 86.4, 90.0, 91.9, 97.8, 99.2, 100.8, 106.1, 108.6, 144.9]","['RAIL', 'NEAR', 'NEAR', 'INSIDE', 'INSIDE', 'INSIDE', 'OUTSIDE', 'INSIDE', 'OUTSIDE', 'INSIDE', 'INSIDE', 'OUTSIDE', 'OUTSIDE', 'INSIDE', 'INSIDE']","[[0.62, 0.04, 0.94], [0.65, 0.28, 1.3], [2.31, 0.14, 1.72], [4.84, 4.43, 2.47], [0.08, 2.18, 0.0], [0.09, 2.22, 0.0], [2.15, 0.34, 2.5], [2.15, 4.1, 0.23], [1.38, 0.5, 1.02], [0.08, 2.9, 0.0], [0.08, 2.6, 0.0], [2.99, 0.62, 1.96], [2.38, 0.27, 1.17], [0.07, 2.09, 0.0], [0.12, 3.79, 0.0]]","[780, 770, 768, 737, 752, 750, 767, 760, 757, 761, 775, 762, 766, 763, 708]",41.2
1433,1790252380397093589,307200,70266,25,15,143.6,"[36.2, 37.1, 37.5, 43.2, 80.0, 84.5, 85.6, 89.1, 90.8, 100.1, 107.4, 113.3, 115.1, 125.9, 143.6]","['RAIL', 'INSIDE', 'RAIL', 'NEAR', 'INSIDE', 'INSIDE', 'OUTSIDE', 'OUTSIDE', 'INSIDE', 'INSIDE', 'INSIDE', 'OUTSIDE', 'OUTSIDE', 'INSIDE', 'INSIDE']","[[0.64, 0.04, 0.94], [0.24, 0.15, 1.14], [0.81, 0.05, 0.98], [1.65, 0.08, 1.6], [5.85, 4.45, 2.66], [1.19, 3.84, 0.03], [0.96, 0.33, 2.06], [0.39, 0.15, 1.59], [2.9, 4.23, 0.39], [3.11, 4.59, 2.19], [1.29, 4.33, 0.88], [1.08, 0.41, 0.45], [0.98, 0.27, 1.75], [3.06, 3.54, 0.04], [1.36, 4.03, 0.02]]","[780, 770, 782, 768, 737, 750, 767, 757, 760, 775, 776, 675, 777, 785, 708]",31.5
1434,1790252380489451411,307200,70212,24,13,141.2,"[35.0, 35.6, 36.2, 42.4, 66.1, 85.8, 88.8, 99.5, 106.8, 112.6, 114.5, 126.0, 141.2]","['RAIL', 'NEAR', 'RAIL', 'NEAR', 'INSIDE', 'OUTSIDE', 'INSIDE', 'INSIDE', 'INSIDE', 'OUTSIDE', 'OUTSIDE', 'INSIDE', 'INSIDE']","[[0.64, 0.05, 1.01], [0.36, 0.15, 1.18], [0.7, 0.04, 1.04], [2.04, 0.1, 1.57], [2.5, 0.17, 1.74], [3.13, 0.56, 2.1], [3.2, 4.12, 1.14], [3.1, 4.54, 2.18], [1.31, 3.56, 0.88], [1.16, 0.41, 0.69], [0.93, 0.25, 1.74], [4.12, 3.54, 0.25], [5.24, 4.21, 0.98]]","[780, 770, 782, 768, 735, 767, 760, 775, 776, 675, 777, 785, 708]",42.4
1435,1790252380597227014,307200,70454,26,15,159.6,"[35.0, 35.3, 36.2, 39.4, 41.1, 83.3, 84.8, 88.2, 98.0, 100.1, 106.2, 112.1, 124.8, 143.1, 159.6]","['RAIL', 'NEAR', 'RAIL', 'OUTSIDE', 'NEAR', 'INSIDE', 'OUTSIDE', 'INSIDE', 'INSIDE', 'OUTSIDE', 'INSIDE', 'OUTSIDE', 'INSIDE', 'INSIDE', 'OUTSIDE']","[[0.65, 0.05, 1.01], [1.51, 0.27, 1.3], [0.74, 0.05, 1.04], [0.89, 0.51, 0.05], [0.72, 0.04, 1.11], [1.16, 3.35, 0.03], [1.73, 0.21, 2.07], [3.41, 4.25, 1.13], [1.38, 4.5, 0.45], [0.86, 0.42, 1.75], [1.3, 4.47, 0.88], [1.08, 0.41, 0.45], [3.04, 3.47, 0.04], [0.1, 3.99, 0.0], [4.12, 0.15, 0.63]]","[780, 770, 782, 783, 768, 752, 767, 760, 761, 762, 776, 675, 785, 708, 748]",39.8
1436,1790252380687625729,307200,70582,25,13,159.0,"[35.0, 35.5, 36.2, 41.3, 83.2, 88.9, 92.3, 94.2, 98.4, 117.1, 125.7, 139.8, 159.0]","['RAIL', 'NEAR', 'RAIL', 'NEAR', 'INSIDE', 'INSIDE', 'INSIDE', 'INSIDE', 'INSIDE', 'INSIDE', 'INSIDE', 'INSIDE', 'OUTSIDE']","[[0.6, 0.05, 1.01], [2.38, 0.25, 1.31], [0.7, 0.05, 1.04], [2.28, 0.1, 1.95], [2.97, 4.18, 2.56], [0.6, 2.69, 0.96], [1.26, 3.08, 0.03], [0.06, 1.64, 0.0], [2.9, 4.64, 2.19], [1.04, 2.45, 0.25], [3.04, 3.72, 0.27], [5.68, 4.26, 0.97], [3.95, 0.15, 0.63]]","[780, 770, 782, 768, 752, 760, 757, 753, 761, 777, 785, 708, 748]",38.9
1437,1790252380788678352,307200,70901,27,19,158.4,"[33.8, 34.9, 40.2, 41.7, 82.0, 83.6, 85.9, 88.4, 92.1, 92.3, 97.0, 98.9, 105.0, 109.1, 111.0, 124.2, 134.6, 141.3, 158.4]","['RAIL', 'RAIL', 'NEAR', 'NEAR', 'INSIDE', 'OUTSIDE', 'OUTSIDE', 'INSIDE', 'INSIDE', 'OUTSIDE', 'INSIDE', 'OUTSIDE', 'INSIDE', 'INSIDE', 'OUTSIDE', 'INSIDE', 'INSIDE', 'INSIDE', 'OUTSIDE']","[[0.63, 0.05, 0.97], [0.66, 0.05, 1.01], [1.18, 0.09, 1.14], [0.09, 0.08, 1.47], [1.48, 3.78, 0.19], [1.65, 0.46, 2.22], [1.27, 0.43, 1.15], [0.61, 4.21, 0.96], [0.11, 2.9, 0.0], [1.07, 0.1, 0.78], [1.21, 4.45, 0.44], [1.16, 0.41, 1.73], [1.34, 4.0, 0.87], [4.39, 4.64, 1.9], [1.1, 0.4, 0.44], [4.26, 3.73, 0.49], [4.16, 4.12, 0.58], [1.27, 3.95, 0.02], [4.07, 0.15, 0.63]]","[780, 782, 768, 783, 742, 767, 750, 760, 757, 753, 761, 762, 776, 763, 675, 785, 781, 708, 748]",39.1
1438,1790252380896664923,307200,70888,27,15,155.3,"[33.9, 40.1, 62.7, 82.5, 91.1, 91.9, 93.0, 96.1, 98.5, 108.6, 111.7, 115.9, 124.6, 138.6, 155.3]","['RAIL', 'NEAR', 'INSIDE', 'INSIDE', 'INSIDE', 'INSIDE', 'RAIL', 'INSIDE', 'INSIDE', 'INSIDE', 'RAIL', 'INSIDE', 'INSIDE', 'INSIDE', 'INSIDE']","[[0.61, 0.05, 1.04], [1.97, 0.11, 1.63], [0.7, 0.12, 1.65], [3.54, 4.3, 2.56], [1.16, 2.88, 0.03], [0.09, 2.44, 0.0], [3.78, 0.53, 1.01], [2.07, 4.22, 1.72], [0.62, 4.51, 2.16], [4.58, 4.86, 2.09], [0.1, 0.26, 0.17], [1.04, 3.65, 0.26], [2.87, 3.68, 0.27], [5.73, 4.15, 0.96], [9.09, 4.05, 1.01]]","[780, 768, 735, 752, 757, 753, 760, 761, 775, 763, 675, 777, 785, 708, 748]",40.7
1439,1790252380989930275,307200,71228,28,19,152.4,"[32.8, 33.9, 34.0, 39.6, 81.8, 84.5, 84.7, 87.1, 90.7, 92.7, 93.8, 94.9, 98.8, 106.1, 109.2, 115.0, 124.8, 138.1, 152.4]","['RAIL', 'RAIL', 'INSIDE', 'NEAR', 'INSIDE', 'RAIL', 'INSIDE', 'OUTSIDE', 'OUTSIDE', 'INSIDE', 'INSIDE', 'OUTSIDE', 'INSIDE', 'OUTSIDE', 'INSIDE', 'INSIDE', 'INSIDE', 'INSIDE', 'INSIDE']","[[0.62, 0.04, 1.01], [0.62, 0.05, 1.04], [1.15, 0.17, 1.21], [2.71, 0.12, 2.01], [2.48, 3.47, 2.34], [0.03, 0.44, 0.0], [0.5, 4.17, 0.18], [0.48, 0.5, 1.14], [0.99, 0.95, 0.99], [0.51, 4.08, 0.17], [0.03, 2.46, 0.0], [3.07, 0.53, 1.43], [1.91, 4.49, 2.16], [0.6, 1.31, 0.45], [3.48, 4.83, 2.1], [0.14, 3.23, 0.26], [1.61, 3.49, 0.27], [5.7, 4.2, 0.96], [13.59, 4.16, 1.46]]","[780, 782, 770, 768, 752, 767, 750, 757, 760, 753, 761, 762, 775, 766, 763, 777, 785, 708, 748]",44.9
1440,1790252381097697852,307200,71688,30,16,150.4,"[38.5, 40.0, 78.6, 83.9, 84.4, 85.6, 90.2, 92.1, 95.8, 105.1, 108.3, 111.4, 114.4, 123.4, 137.5, 150.4]","['NEAR', 'NEAR', 'INSIDE', 'INSIDE', 'RAIL', 'OUTSIDE', 'INSIDE', 'INSIDE', 'INSIDE', 'OUTSIDE', 'INSIDE', 'OUTSIDE', 'INSIDE', 'INSIDE', 'INSIDE', 'INSIDE']","[[1.52, 0.07, 1.48], [0.74, 0.07, 1.22], [0.12, 2.19, 0.0], [0.09, 2.05, 0.0], [1.0, 0.47, 1.16], [2.56, 0.53, 1.88], [0.85, 2.53, 0.2], [0.47, 4.37, 0.17], [3.84, 4.29, 2.14], [1.48, 1.3, 1.36], [2.91, 4.76, 2.09], [0.09, 0.24, 1.69], [0.22, 3.41, 0.26], [3.0, 3.48, 0.26], [5.73, 4.18, 0.96], [1.47, 3.66, 0.02]]","[768, 783, 737, 750, 767, 757, 760, 753, 762, 766, 763, 784, 777, 785, 708, 748]",50.0
1441,1790252381189889246,307200,72236,25,16,149.8,"[32.0, 32.9, 38.4, 41.2, 63.1, 83.4, 83.8, 86.0, 91.4, 95.4, 107.3, 110.0, 113.8, 122.9, 136.9, 149.8]","['RAIL', 'RAIL', 'NEAR', 'NEAR', 'NEAR', 'INSIDE', 'RAIL', 'OUTSIDE', 'INSIDE', 'INSIDE', 'RAIL', 'INSIDE', 'INSIDE', 'INSIDE', 'INSIDE', 'INSIDE']","[[0.55, 0.04, 0.98], [0.58, 0.04, 1.01], [2.02, 0.12, 1.59], [1.15, 0.08, 1.53], [0.57, 0.33, 2.39], [0.07, 2.33, 0.0], [0.96, 0.47, 1.15], [0.7, 0.5, 1.13], [0.11, 4.15, 0.0], [4.33, 4.37, 2.13], [0.06, 0.25, 0.17], [7.14, 4.83, 2.08], [0.21, 3.39, 0.26], [2.97, 3.79, 0.28], [5.71, 4.17, 0.95], [1.46, 3.38, 0.02]]","[780, 782, 768, 783, 735, 750, 767, 757, 753, 762, 675, 763, 777, 785, 708, 748]",51.3
1442,1790252381289200841,307200,72459,35,19,152.4,"[36.9, 38.0, 61.6, 78.8, 80.3, 82.7, 83.5, 92.1, 93.4, 96.0, 97.7, 104.4, 107.0, 108.6, 110.1, 114.0, 126.7, 136.6, 152.4]","['INSIDE', 'NEAR', 'NEAR', 'INSIDE', 'OUTSIDE', 'RAIL', 'INSIDE', 'INSIDE', 'INSIDE', 'OUTSIDE', 'INSIDE', 'OUTSIDE', 'OUTSIDE', 'INSIDE', 'OUTSIDE', 'INSIDE', 'INSIDE', 'INSIDE', 'INSIDE']","[[0.35, 2.46, 0.03], [2.29, 0.12, 1.87], [2.66, 0.38, 2.3], [0.09, 2.34, 0.0], [2.0, 1.36, 2.33], [0.27, 0.53, 0.74], [1.39, 4.11, 0.21], [0.09, 3.05, 0.0], [0.08, 2.94, 0.0], [4.59, 0.75, 2.11], [2.08, 3.96, 0.04], [0.68, 1.47, 0.44], [0.07, 0.21, 0.88], [2.54, 2.28, 2.07], [0.49, 0.48, 1.67], [1.5, 3.98, 0.28], [6.49, 3.92, 0.84], [5.43, 4.15, 0.95], [2.46, 3.86, 0.39]]","[768, 783, 735, 737, 752, 767, 750, 753, 761, 762, 775, 766, 675, 763, 784, 777, 785, 708, 748]",44.2
1443,1790252381393807375,307200,73433,29,15,151.9,"[36.9, 83.1, 85.6, 87.5, 91.5, 94.2, 94.5, 98.1, 105.6, 108.1, 109.3, 114.0, 126.1, 134.5, 151.9]","['NEAR', 'INSIDE', 'OUTSIDE', 'INSIDE', 'INSIDE', 'NEAR', 'INSIDE', 'INSIDE', 'INSIDE', 'INSIDE', 'OUTSIDE', 'INSIDE', 'INSIDE', 'INSIDE', 'INSIDE']","[[2.21, 0.12, 2.17], [1.0, 4.4, 0.37], [1.4, 0.47, 0.98], [0.09, 2.29, 0.0], [0.06, 1.92, 0.0], [0.04, 0.66, 0.0], [4.57, 4.75, 2.25], [2.1, 4.13, 0.04], [4.19, 4.82, 2.06], [0.02, 0.75, 0.0], [0.95, 0.48, 1.19], [0.57, 3.76, 0.27], [6.52, 3.9, 0.83], [2.4, 4.13, 0.91], [2.38, 4.11, 0.39]]","[783, 750, 757, 760, 753, 761, 762, 775, 776, 675, 784, 777, 785, 781, 748]",45.2
1444,1790252381491621697,307200,73803,25,15,135.2,"[36.7, 39.1, 40.5, 60.6, 80.0, 83.1, 88.1, 89.9, 93.1, 95.1, 106.1, 109.2, 112.2, 121.9, 135.2]","['NEAR', 'NEAR', 'RAIL', 'NEAR', 'INSIDE', 'INSIDE', 'OUTSIDE', 'INSIDE', 'OUTSIDE', 'INSIDE', 'INSIDE', 'OUTSIDE', 'INSIDE', 'INSIDE', 'INSIDE']","[[2.07, 0.12, 2.16], [0.35, 0.11, 1.38], [0.83, 0.1, 0.36], [2.12, 0.37, 2.26], [0.26, 0.84, 0.01], [3.1, 4.34, 2.42], [1.09, 0.13, 0.62], [2.18, 4.41, 0.23], [1.34, 1.13, 1.27], [0.88, 4.46, 2.1], [2.88, 4.73, 2.05], [0.08, 0.25, 1.49], [0.25, 3.54, 0.26], [1.54, 3.6, 0.26], [5.7, 3.92, 0.68]]","[783, 789, 786, 735, 737, 750, 757, 753, 762, 761, 776, 784, 777, 785, 781]",41.1
1445,1790252381588374118,307200,74370,29,18,134.9,"[24.7, 35.9, 38.9, 43.8, 60.1, 82.8, 83.7, 86.4, 92.4, 95.6, 102.8, 104.8, 105.1, 107.0, 108.2, 112.9, 125.0, 134.9]","['RAIL', 'NEAR', 'NEAR', 'INSIDE', 'INSIDE', 'INSIDE', 'INSIDE', 'INSIDE', 'INSIDE', 'INSIDE', 'OUTSIDE', 'OUTSIDE', 'INSIDE', 'INSIDE', 'OUTSIDE', 'INSIDE', 'INSIDE', 'INSIDE']","[[1.63, 0.04, 0.22], [2.86, 0.1, 1.55], [1.08, 0.09, 1.44], [1.28, 0.11, 1.46], [2.13, 0.14, 1.73], [0.05, 0.88, 0.0], [4.0, 3.69, 2.52], [0.09, 1.51, 0.0], [1.4, 4.73, 0.83], [5.04, 4.54, 2.15], [0.59, 1.63, 0.43], [1.34, 0.76, 0.03], [3.39, 2.19, 2.03], [0.02, 0.75, 0.0], [0.95, 0.47, 1.65], [0.52, 3.72, 0.27], [6.47, 3.87, 0.85], [5.12, 4.21, 0.9]]","[769, 783, 789, 792, 735, 750, 742, 760, 762, 761, 766, 776, 763, 675, 784, 777, 785, 781]",42.5
1446,1790252381701266794,307200,74072,26,16,150.2,"[35.4, 36.7, 37.4, 39.2, 42.4, 42.8, 83.8, 87.2, 92.7, 98.2, 105.0, 112.4, 123.8, 134.4, 141.2, 150.2]","['NEAR', 'NEAR', 'INSIDE', 'RAIL', 'INSIDE', 'NEAR', 'INSIDE', 'INSIDE', 'INSIDE', 'INSIDE', 'INSIDE', 'INSIDE', 'INSIDE', 'INSIDE', 'INSIDE', 'OUTSIDE']","[[1.77, 0.1, 1.49], [0.73, 0.04, 0.97], [0.36, 1.18, 0.02], [0.76, 0.12, 0.87], [1.0, 2.95, 0.06], [0.4, 0.03, 1.51], [1.47, 4.25, 1.64], [0.11, 2.28, 0.0], [2.98, 4.74, 2.22], [2.85, 4.33, 2.02], [6.25, 4.84, 2.01], [0.65, 3.71, 0.27], [4.99, 3.75, 0.85], [5.17, 4.19, 0.92], [2.35, 4.05, 1.65], [2.39, 1.98, 0.38]]","[783, 789, 768, 786, 787, 792, 742, 760, 762, 775, 763, 777, 785, 781, 708, 748]",41.8
1447,1790252381795636708,307200,72534,29,17,141.2,"[34.5, 35.2, 37.3, 41.8, 42.6, 85.3, 92.0, 93.5, 96.0, 103.4, 105.2, 105.9, 107.3, 111.3, 121.6, 133.6, 141.2]","['INSIDE', 'NEAR', 'NEAR', 'INSIDE', 'NEAR', 'INSIDE', 'INSIDE', 'INSIDE', 'INSIDE', 'INSIDE', 'OUTSIDE', 'INSIDE', 'OUTSIDE', 'INSIDE', 'INSIDE', 'INSIDE', 'OUTSIDE']","[[1.43, 2.99, 0.11], [2.05, 0.12, 1.49], [0.38, 0.11, 1.57], [0.42, 1.89, 0.02], [1.56, 0.1, 1.7], [0.13, 2.09, 0.0], [0.06, 2.09, 0.0], [5.81, 4.64, 2.2], [2.11, 4.41, 0.45], [4.03, 4.72, 2.01], [1.29, 0.39, 0.86], [0.07, 0.55, 0.0], [0.58, 0.55, 1.63], [1.46, 3.88, 0.28], [1.89, 3.41, 0.28], [5.74, 4.18, 0.93], [0.1, 0.25, 1.57]]","[770, 783, 789, 787, 792, 750, 762, 761, 775, 763, 776, 675, 784, 777, 785, 781, 708]",47.3
1448,1790252381891865114,307200,70643,32,21,148.5,"[34.6, 37.4, 38.8, 41.8, 43.3, 55.0, 80.2, 82.7, 84.9, 86.1, 90.8, 92.8, 92.9, 96.4, 102.8, 107.0, 111.3, 122.6, 133.3, 140.7, 148.5]","['NEAR', 'NEAR', 'NEAR', 'NEAR', 'INSIDE', 'NEAR', 'OUTSIDE', 'INSIDE', 'OUTSIDE', 'INSIDE', 'INSIDE', 'OUTSIDE', 'NEAR', 'INSIDE', 'INSIDE', 'OUTSIDE', 'INSIDE', 'INSIDE', 'INSIDE', 'INSIDE', 'INSIDE']","[[2.81, 0.13, 2.02], [1.1, 0.1, 1.57], [0.46, 0.04, 1.46], [1.58, 0.14, 2.04], [0.1, 1.36, 0.0], [8.99, 0.62, 2.77], [0.62, 0.32, 1.25], [1.52, 4.49, 1.99], [0.52, 0.79, 0.36], [0.2, 2.71, 0.01], [1.3, 4.64, 1.42], [0.63, 0.43, 2.04], [0.04, 0.97, 0.0], [2.11, 4.38, 1.52], [3.9, 4.53, 1.98], [0.04, 0.37, 1.4], [0.64, 3.86, 0.26], [4.85, 3.71, 0.84], [5.17, 4.16, 0.89], [1.17, 4.01, 1.84], [3.64, 3.77, 0.38]]","[783, 789, 791, 792, 787, 735, 752, 742, 767, 750, 753, 761, 762, 775, 763, 784, 777, 785, 781, 708, 794]",41.3
1449,1790252381996164573,307200,70825,34,20,151.2,"[34.1, 36.1, 37.3, 38.7, 41.0, 42.2, 49.1, 75.0, 85.3, 86.9, 90.9, 92.4, 97.5, 100.4, 103.0, 106.5, 110.8, 129.1, 140.2, 151.2]","['NEAR', 'NEAR', 'NEAR', 'NEAR', 'NEAR', 'INSIDE', 'INSIDE', 'INSIDE', 'INSIDE', 'INSIDE', 'INSIDE', 'INSIDE', 'INSIDE', 'OUTSIDE', 'INSIDE', 'OUTSIDE', 'INSIDE', 'INSIDE', 'INSIDE', 'OUTSIDE']","[[3.21, 0.14, 2.01], [0.56, 0.04, 1.43], [0.48, 0.09, 1.47], [1.39, 0.06, 1.39], [0.58, 0.04, 1.06], [0.62, 0.09, 1.31], [0.44, 0.05, 1.3], [0.08, 1.31, 0.0], [1.57, 4.41, 0.94], [0.07, 1.97, 0.0], [0.24, 2.69, 1.41], [0.46, 4.54, 2.21], [1.25, 4.28, 0.85], [0.14, 0.37, 0.41], [2.19, 4.62, 1.99], [0.1, 0.43, 1.39], [0.72, 3.65, 0.26], [12.38, 4.14, 1.07], [1.18, 4.0, 1.63], [2.92, 1.93, 0.43]]","[783, 789, 790, 791, 792, 787, 735, 737, 750, 760, 753, 762, 775, 766, 763, 784, 777, 781, 708, 748]",44.4
1450,1790252382093684127,307200,70177,35,21,148.1,"[31.0, 33.5, 35.8, 37.1, 40.7, 43.0, 46.6, 80.8, 84.5, 86.4, 90.2, 90.4, 97.2, 99.8, 102.3, 105.9, 110.2, 123.2, 132.2, 139.7, 148.1]","['NEAR', 'NEAR', 'NEAR', 'NEAR', 'NEAR', 'NEAR', 'NEAR', 'NEAR', 'INSIDE', 'INSIDE', 'INSIDE', 'INSIDE', 'INSIDE', 'OUTSIDE', 'INSIDE', 'OUTSIDE', 'INSIDE', 'INSIDE', 'INSIDE', 'INSIDE', 'INSIDE']","[[1.04, 1.26, 0.55], [2.52, 0.13, 1.99], [0.36, 0.1, 1.49], [1.42, 0.12, 2.17], [2.15, 0.12, 1.95], [0.32, 0.04, 1.33], [0.32, 0.05, 1.26], [0.07, 0.71, 0.0], [1.24, 4.29, 0.22], [0.03, 1.51, 0.0], [0.2, 3.95, 0.0], [3.7, 4.77, 2.2], [1.82, 4.25, 1.03], [0.16, 0.37, 0.41], [3.87, 4.62, 1.96], [0.21, 0.47, 1.6], [0.68, 3.63, 0.26], [4.61, 3.98, 0.83], [5.19, 4.13, 0.89], [1.21, 3.98, 1.83], [2.45, 4.0, 0.38]]","[783, 789, 790, 791, 792, 787, 735, 742, 750, 760, 753, 762, 775, 766, 763, 784, 777, 785, 781, 708, 794]",38.0
1451,1790252382196126775,307200,68839,25,17,146.9,"[30.7, 32.8, 36.1, 37.7, 40.4, 40.8, 80.6, 83.9, 88.9, 91.3, 95.9, 102.3, 103.2, 109.7, 122.7, 134.1, 146.9]","['OUTSIDE', 'NEAR', 'NEAR', 'NEAR', 'NEAR', 'RAIL', 'INSIDE', 'INSIDE', 'INSIDE', 'INSIDE', 'INSIDE', 'OUTSIDE', 'INSIDE', 'INSIDE', 'INSIDE', 'INSIDE', 'INSIDE']","[[0.99, 0.55, 0.51], [3.23, 0.14, 2.0], [0.5, 0.11, 1.5], [1.49, 0.1, 1.86], [1.07, 0.04, 0.87], [1.01, 0.09, 0.9], [0.48, 4.35, 1.95], [1.39, 4.41, 0.23], [2.1, 4.72, 1.77], [0.53, 4.68, 2.18], [3.55, 4.54, 1.96], [1.17, 0.38, 0.64], [6.27, 4.9, 1.95], [0.62, 3.81, 0.26], [4.63, 3.96, 0.5], [10.14, 4.14, 1.79], [3.72, 3.98, 0.38]]","[783, 789, 790, 791, 792, 787, 752, 750, 762, 753, 775, 776, 763, 777, 785, 781, 794]",40.4
1452,1790252382292228057,307200,69076,35,21,180.6,"[32.5, 34.6, 34.7, 35.8, 38.6, 38.7, 39.2, 42.4, 43.7, 73.4, 84.0, 85.4, 89.8, 96.4, 98.8, 102.6, 109.8, 127.6, 138.0, 149.6, 180.6]","['NEAR', 'NEAR', 'INSIDE', 'NEAR', 'INSIDE', 'RAIL', 'NEAR', 'RAIL', 'INSIDE', 'INSIDE', 'INSIDE', 'INSIDE', 'INSIDE', 'INSIDE', 'OUTSIDE', 'INSIDE', 'INSIDE', 'INSIDE', 'INSIDE', 'OUTSIDE', 'INSIDE']","[[2.87, 0.12, 2.14], [0.63, 0.11, 1.45], [0.49, 2.91, 0.04], [0.45, 0.09, 1.51], [0.09, 1.62, 0.01], [0.2, 0.11, 0.58], [1.03, 0.06, 1.39], [1.87, 0.19, 0.99], [0.47, 2.29, 0.03], [0.11, 2.95, 0.0], [0.1, 2.64, 0.0], [0.08, 2.98, 0.0], [4.47, 4.57, 2.18], [2.15, 4.58, 1.06], [0.15, 0.37, 0.41], [4.61, 4.82, 1.96], [1.92, 3.8, 0.28], [12.42, 4.1, 1.06], [2.3, 3.95, 1.82], [4.96, 2.58, 0.66], [4.42, 4.41, 0.89]]","[789, 790, 770, 791, 768, 787, 792, 786, 735, 737, 750, 760, 762, 775, 766, 763, 777, 785, 708, 748, 793]",42.2
1453,1790252382389903495,307200,69426,31,19,180.1,"[31.3, 31.3, 31.3, 33.0, 37.2, 39.3, 39.9, 42.9, 85.0, 91.6, 96.3, 102.1, 107.2, 107.2, 123.1, 129.2, 138.4, 149.6, 180.1]","['INSIDE', 'INSIDE', 'NEAR', 'NEAR', 'NEAR', 'NEAR', 'RAIL', 'NEAR', 'INSIDE', 'INSIDE', 'INSIDE', 'OUTSIDE', 'RAIL', 'INSIDE', 'INSIDE', 'OUTSIDE', 'INSIDE', 'OUTSIDE', 'INSIDE']","[[1.08, 2.37, 0.09], [1.36, 0.72, 0.12], [2.27, 0.13, 2.12], [0.9, 0.09, 1.98], [0.44, 0.03, 1.07], [0.7, 0.09, 1.65], [1.0, 0.74, 0.52], [0.74, 0.05, 1.63], [2.33, 4.54, 2.13], [4.93, 4.78, 2.17], [1.31, 4.56, 0.87], [4.63, 1.33, 1.95], [0.08, 0.26, 0.69], [0.08, 2.99, 0.0], [1.53, 4.16, 0.84], [2.23, 0.48, 0.62], [0.76, 4.18, 1.6], [3.91, 0.4, 0.28], [4.45, 4.4, 0.89]]","[783, 789, 790, 791, 787, 792, 786, 735, 760, 753, 775, 763, 795, 675, 785, 781, 708, 748, 793]",50.1
1454,1790252382493458171,307200,69498,37,23,178.9,"[31.2, 34.5, 36.2, 36.6, 38.5, 40.8, 42.6, 84.1, 85.7, 87.7, 91.2, 95.3, 97.7, 100.9, 103.8, 106.6, 108.2, 121.9, 130.1, 136.9, 147.9, 166.0, 178.9]","['NEAR', 'NEAR', 'RAIL', 'NEAR', 'INSIDE', 'NEAR', 'NEAR', 'INSIDE', 'NEAR', 'OUTSIDE', 'INSIDE', 'INSIDE', 'OUTSIDE', 'INSIDE', 'OUTSIDE', 'RAIL', 'INSIDE', 'INSIDE', 'INSIDE', 'INSIDE', 'INSIDE', 'INSIDE', 'INSIDE']","[[3.23, 0.12, 2.11], [2.65, 0.12, 2.01], [0.47, 0.1, 0.29], [0.54, 0.05, 1.05], [0.73, 2.54, 0.05], [0.49, 0.03, 0.99], [0.31, 0.09, 1.22], [2.3, 4.44, 1.5], [0.05, 1.2, 0.0], [1.29, 0.51, 1.53], [3.16, 4.91, 2.16], [2.2, 4.54, 1.97], [0.15, 0.36, 0.4], [3.11, 4.49, 1.94], [0.15, 0.23, 1.36], [0.05, 0.26, 0.69], [0.7, 3.57, 0.26], [3.08, 3.94, 0.84], [5.15, 4.06, 0.87], [2.4, 3.92, 1.8], [6.27, 4.08, 0.64], [2.73, 4.15, 0.32], [2.64, 4.39, 0.39]]","[790, 800, 787, 792, 768, 735, 799, 760, 750, 762, 753, 775, 766, 763, 784, 795, 675, 785, 781, 708, 794, 796, 793]",46.6
1455,1790252382591914065,307200,69411,27,21,179.1,"[30.2, 31.2, 31.9, 34.2, 36.0, 39.6, 40.8, 42.0, 81.2, 81.2, 84.5, 86.5, 87.0, 89.3, 95.2, 101.0, 106.8, 125.3, 137.4, 166.7, 179.1]","['INSIDE', 'OUTSIDE', 'NEAR', 'NEAR', 'NEAR', 'INSIDE', 'NEAR', 'NEAR', 'NEAR', 'RAIL', 'INSIDE', 'OUTSIDE', 'NEAR', 'INSIDE', 'INSIDE', 'OUTSIDE', 'INSIDE', 'INSIDE', 'INSIDE', 'INSIDE', 'INSIDE']","[[0.33, 2.4, 0.03], [2.23, 0.63, 1.86], [0.85, 0.09, 1.34], [2.22, 0.09, 1.95], [0.51, 0.11, 1.43], [0.14, 1.24, 0.01], [1.1, 0.06, 1.38], [0.65, 0.07, 1.48], [0.07, 0.71, 0.0], [1.0, 0.43, 0.56], [1.28, 4.47, 0.21], [0.97, 0.52, 0.55], [0.04, 1.36, 0.0], [2.97, 4.59, 2.17], [1.27, 4.51, 0.86], [1.5, 0.54, 0.61], [1.13, 5.27, 1.58], [8.01, 4.17, 0.84], [0.75, 3.91, 1.59], [0.32, 4.15, 0.33], [4.44, 4.37, 0.89]]","[783, 790, 791, 800, 787, 768, 735, 799, 742, 752, 760, 762, 750, 753, 775, 776, 675, 785, 708, 796, 793]",45.5
1456,1790252382688174614,307200,69416,32,23,178.6,"[29.6, 30.3, 33.2, 36.9, 40.5, 42.6, 70.0, 80.7, 80.7, 84.0, 84.2, 85.9, 88.1, 95.3, 99.8, 102.9, 105.6, 105.8, 124.8, 136.8, 148.1, 165.6, 178.6]","['RAIL', 'NEAR', 'NEAR', 'NEAR', 'NEAR', 'NEAR', 'INSIDE', 'RAIL', 'INSIDE', 'INSIDE', 'OUTSIDE', 'NEAR', 'INSIDE', 'INSIDE', 'INSIDE', 'OUTSIDE', 'RAIL', 'INSIDE', 'INSIDE', 'INSIDE', 'OUTSIDE', 'INSIDE', 'INSIDE']","[[1.17, 0.18, 0.08], [3.44, 0.12, 2.11], [1.45, 0.11, 1.41], [5.58, 0.11, 2.07], [0.41, 0.04, 1.16], [0.58, 0.05, 1.41], [0.1, 1.59, 0.0], [1.03, 0.43, 0.56], [0.07, 1.27, 0.0], [1.28, 4.25, 0.03], [2.09, 0.26, 0.41], [0.02, 1.35, 0.0], [4.23, 4.7, 2.16], [0.14, 4.16, 0.0], [3.12, 4.94, 1.93], [0.04, 0.28, 1.64], [0.13, 0.18, 0.68], [0.16, 4.5, 1.58], [7.95, 4.15, 0.83], [0.79, 3.91, 1.79], [3.9, 0.43, 0.58], [1.45, 3.83, 0.33], [4.42, 4.36, 0.88]]","[790, 791, 800, 792, 735, 799, 737, 752, 742, 760, 767, 750, 753, 775, 763, 784, 795, 675, 785, 708, 748, 796, 793]",40.9
1457,1790252382792665704,307200,69732,39,28,178.1,"[29.7, 33.1, 34.9, 36.9, 37.4, 39.4, 41.1, 69.5, 80.2, 80.2, 83.1, 83.5, 85.4, 87.3, 89.7, 94.2, 96.0, 99.3, 101.5, 102.4, 105.1, 105.3, 109.8, 124.3, 137.5, 147.6, 164.4, 178.1]","['NEAR', 'NEAR', 'NEAR', 'INSIDE', 'NEAR', 'NEAR', 'NEAR', 'INSIDE', 'INSIDE', 'RAIL', 'OUTSIDE', 'INSIDE', 'INSIDE', 'OUTSIDE', 'INSIDE', 'INSIDE', 'OUTSIDE', 'RAIL', 'INSIDE', 'OUTSIDE', 'RAIL', 'INSIDE', 'INSIDE', 'INSIDE', 'INSIDE', 'OUTSIDE', 'INSIDE', 'INSIDE']","[[3.19, 0.14, 2.17], [2.24, 0.11, 1.71], [0.28, 0.04, 1.23], [0.18, 2.21, 0.01], [2.33, 0.11, 1.85], [1.21, 0.13, 1.65], [0.45, 0.04, 1.64], [0.11, 2.55, 0.0], [0.04, 2.66, 0.0], [1.03, 0.44, 0.55], [2.94, 0.29, 0.7], [1.25, 4.23, 0.03], [0.05, 2.39, 0.0], [4.02, 0.63, 2.46], [2.13, 4.25, 0.05], [1.32, 4.63, 0.85], [0.35, 0.37, 0.79], [0.07, 0.23, 0.15], [3.11, 4.91, 1.92], [0.05, 0.36, 1.78], [0.11, 0.24, 0.68], [0.16, 4.48, 1.57], [0.07, 3.26, 0.0], [8.02, 4.13, 0.83], [3.2, 4.11, 1.78], [3.92, 0.43, 0.58], [2.87, 4.11, 0.33], [4.36, 4.35, 0.88]]","[791, 800, 787, 768, 792, 735, 799, 737, 742, 752, 767, 760, 750, 762, 753, 775, 766, 776, 763, 784, 795, 675, 777, 785, 708, 748, 796, 793]",42.2
1458,1790252382894208022,307200,69817,38,23,150.2,"[27.2, 28.3, 31.5, 32.4, 36.1, 39.2, 39.5, 40.6, 70.4, 74.3, 81.0, 85.6, 87.6, 91.2, 95.8, 98.3, 101.9, 104.6, 104.8, 104.9, 126.0, 136.4, 150.2]","['OUTSIDE', 'RAIL', 'INSIDE', 'NEAR', 'NEAR', 'NEAR', 'INSIDE', 'NEAR', 'INSIDE', 'INSIDE', 'INSIDE', 'INSIDE', 'OUTSIDE', 'INSIDE', 'OUTSIDE', 'INSIDE', 'OUTSIDE', 'RAIL', 'INSIDE', 'OUTSIDE', 'INSIDE', 'INSIDE', 'INSIDE']","[[0.99, 0.7, 0.52], [1.33, 0.18, 0.07], [0.15, 1.36, 0.01], [7.69, 0.15, 2.06], [1.57, 0.08, 1.44], [1.18, 0.07, 1.89], [0.17, 2.89, 0.01], [0.54, 0.07, 1.61], [0.08, 1.35, 0.0], [0.11, 2.08, 0.0], [0.09, 1.98, 0.0], [1.39, 4.71, 1.31], [1.56, 0.6, 2.1], [2.04, 4.3, 0.05], [0.7, 0.37, 1.05], [4.13, 5.11, 2.17], [0.08, 0.52, 1.78], [0.11, 0.26, 0.67], [0.18, 3.44, 0.19], [0.3, 1.15, 1.21], [9.34, 4.27, 0.91], [1.9, 3.87, 1.59], [4.91, 4.49, 1.01]]","[791, 790, 783, 800, 792, 735, 768, 799, 737, 742, 760, 750, 762, 753, 766, 763, 784, 795, 675, 777, 785, 708, 794]",41.4
1459,1790252382997413589,307200,69959,35,22,180.0,"[27.7, 28.7, 32.8, 33.6, 34.1, 34.9, 37.7, 38.1, 38.9, 69.9, 80.7, 85.2, 91.1, 95.1, 98.6, 104.1, 104.4, 125.5, 135.9, 151.7, 165.4, 180.0]","['RAIL', 'NEAR', 'OUTSIDE', 'INSIDE', 'INSIDE', 'NEAR', 'INSIDE', 'RAIL', 'INSIDE', 'INSIDE', 'OUTSIDE', 'INSIDE', 'INSIDE', 'OUTSIDE', 'INSIDE', 'RAIL', 'OUTSIDE', 'INSIDE', 'INSIDE', 'INSIDE', 'OUTSIDE', 'INSIDE']","[[1.13, 0.18, 0.07], [3.2, 0.13, 2.23], [1.47, 0.52, 0.25], [0.27, 2.56, 0.31], [0.25, 1.58, 0.02], [6.3, 0.13, 1.73], [0.09, 1.58, 0.01], [0.64, 0.1, 0.98], [0.14, 2.45, 0.01], [0.16, 2.44, 0.01], [2.02, 0.29, 1.1], [5.03, 4.86, 2.25], [1.52, 4.52, 2.2], [1.17, 0.36, 1.96], [5.69, 5.09, 2.16], [0.1, 0.18, 0.67], [0.31, 1.33, 1.66], [9.36, 3.74, 1.16], [1.95, 4.04, 1.58], [8.94, 4.42, 1.01], [1.15, 2.08, 0.34], [1.37, 0.28, 0.89]]","[790, 791, 783, 770, 787, 792, 768, 735, 799, 737, 752, 750, 753, 766, 763, 795, 777, 785, 708, 794, 796, 793]",41.8
1460,1790252383096347024,307200,69907,38,28,175.8,"[25.7, 27.2, 28.6, 29.7, 30.1, 33.6, 34.5, 35.6, 37.1, 37.8, 69.4, 73.4, 80.0, 80.5, 84.6, 87.3, 89.8, 94.6, 98.1, 100.0, 103.6, 103.8, 104.5, 123.5, 134.9, 146.1, 163.7, 175.8]","['INSIDE', 'RAIL', 'INSIDE', 'INSIDE', 'NEAR', 'NEAR', 'INSIDE', 'NEAR', 'INSIDE', 'NEAR', 'INSIDE', 'INSIDE', 'INSIDE', 'OUTSIDE', 'INSIDE', 'OUTSIDE', 'INSIDE', 'OUTSIDE', 'OUTSIDE', 'RAIL', 'RAIL', 'OUTSIDE', 'INSIDE', 'INSIDE', 'INSIDE', 'INSIDE', 'INSIDE', 'INSIDE']","[[0.29, 1.25, 0.03], [0.87, 0.18, 0.07], [0.17, 1.29, 0.02], [0.43, 1.48, 0.04], [6.24, 0.14, 2.05], [0.63, 0.09, 1.33], [0.2, 1.44, 0.01], [2.59, 0.1, 1.82], [0.24, 2.98, 0.01], [0.39, 0.04, 1.09], [0.18, 1.94, 0.01], [0.12, 2.18, 0.0], [0.1, 2.09, 0.0], [1.24, 0.3, 0.88], [1.41, 4.81, 1.3], [1.24, 0.61, 2.3], [1.16, 4.72, 0.44], [1.43, 1.34, 1.95], [2.19, 0.75, 0.83], [0.09, 0.23, 0.15], [0.06, 0.25, 0.67], [0.08, 0.18, 1.12], [1.47, 3.43, 0.44], [6.51, 4.2, 1.11], [0.79, 4.01, 1.56], [3.85, 4.08, 0.99], [1.42, 4.36, 0.33], [2.94, 3.09, 0.88]]","[791, 790, 789, 800, 783, 792, 787, 803, 768, 735, 737, 742, 760, 752, 750, 762, 753, 766, 763, 776, 795, 777, 675, 785, 708, 748, 796, 793]",35.0
1461,1790252383190043119,307200,70206,37,24,150.7,"[26.6, 27.6, 27.7, 31.5, 32.5, 32.6, 33.8, 35.3, 36.1, 37.7, 80.8, 85.2, 86.1, 89.9, 90.3, 94.4, 96.9, 100.4, 103.1, 103.3, 104.5, 126.4, 136.3, 150.7]","['RAIL', 'OUTSIDE', 'NEAR', 'INSIDE', 'INSIDE', 'NEAR', 'INSIDE', 'NEAR', 'NEAR', 'NEAR', 'INSIDE', 'INSIDE', 'INSIDE', 'OUTSIDE', 'INSIDE', 'OUTSIDE', 'INSIDE', 'OUTSIDE', 'RAIL', 'OUTSIDE', 'INSIDE', 'INSIDE', 'INSIDE', 'INSIDE']","[[1.02, 0.16, 0.07], [1.04, 0.65, 0.22], [3.18, 0.14, 2.04], [0.27, 0.99, 0.02], [0.2, 2.16, 0.02], [1.21, 0.87, 0.32], [0.12, 2.35, 0.01], [5.68, 0.13, 1.96], [0.68, 0.05, 1.43], [1.12, 0.11, 1.58], [0.07, 1.83, 0.0], [3.26, 4.82, 2.26], [0.08, 2.86, 0.0], [1.86, 0.27, 1.94], [1.11, 4.6, 0.03], [0.72, 0.31, 1.03], [4.2, 5.04, 2.14], [0.1, 0.46, 1.75], [0.1, 0.25, 0.66], [0.14, 1.32, 1.14], [0.59, 3.5, 0.2], [5.74, 4.06, 1.15], [4.64, 4.1, 1.6], [8.93, 4.08, 1.03]]","[790, 789, 783, 800, 770, 787, 768, 792, 803, 735, 760, 750, 762, 753, 775, 766, 763, 784, 795, 777, 675, 785, 708, 794]",41.8
1462,1790252383292496476,307200,70462,34,19,163.8,"[26.3, 26.5, 29.2, 34.7, 34.8, 36.7, 37.6, 67.0, 84.9, 91.4, 97.1, 97.7, 102.7, 102.9, 104.2, 125.9, 133.6, 149.4, 163.8]","['INSIDE', 'NEAR', 'NEAR', 'INSIDE', 'NEAR', 'RAIL', 'INSIDE', 'INSIDE', 'INSIDE', 'INSIDE', 'OUTSIDE', 'INSIDE', 'RAIL', 'OUTSIDE', 'INSIDE', 'INSIDE', 'OUTSIDE', 'INSIDE', 'OUTSIDE']","[[1.19, 1.69, 0.34], [0.95, 1.09, 0.5], [7.15, 0.15, 2.22], [0.38, 1.81, 0.03], [2.42, 0.12, 2.06], [0.36, 0.1, 1.12], [0.27, 2.89, 0.02], [0.2, 1.52, 0.01], [3.46, 4.72, 2.47], [2.15, 4.69, 1.82], [1.19, 0.39, 0.87], [6.97, 4.88, 2.13], [0.1, 0.19, 0.66], [0.13, 1.36, 1.79], [0.73, 3.31, 0.2], [5.76, 4.47, 1.15], [0.13, 0.25, 1.54], [7.25, 4.36, 0.74], [0.82, 0.34, 0.34]]","[791, 789, 783, 787, 803, 735, 799, 737, 750, 775, 763, 766, 795, 777, 675, 785, 708, 794, 796]",41.6
1463,1790252383389914208,307200,70854,40,25,163.4,"[25.4, 26.7, 29.7, 30.2, 30.3, 33.3, 33.4, 36.2, 39.0, 47.0, 79.8, 80.5, 84.2, 89.4, 89.4, 93.5, 95.9, 99.4, 102.2, 102.3, 103.6, 125.4, 134.0, 149.8, 163.4]","['RAIL', 'NEAR', 'INSIDE', 'NEAR', 'INSIDE', 'INSIDE', 'NEAR', 'NEAR', 'NEAR', 'NEAR', 'INSIDE', 'OUTSIDE', 'INSIDE', 'RAIL', 'INSIDE', 'OUTSIDE', 'INSIDE', 'OUTSIDE', 'RAIL', 'OUTSIDE', 'INSIDE', 'INSIDE', 'INSIDE', 'INSIDE', 'INSIDE']","[[1.45, 0.16, 0.07], [3.3, 0.12, 1.93], [0.39, 2.43, 0.26], [1.63, 0.11, 1.55], [0.2, 0.84, 0.02], [0.46, 2.91, 0.04], [4.54, 0.1, 2.05], [0.32, 0.04, 0.97], [0.65, 0.07, 1.45], [0.42, 0.04, 1.33], [0.09, 2.79, 0.0], [1.38, 0.13, 0.78], [3.21, 4.83, 2.45], [0.99, 0.19, 0.98], [1.03, 4.39, 0.02], [0.62, 0.36, 0.65], [4.16, 4.98, 2.12], [0.15, 0.45, 1.73], [0.11, 0.25, 0.66], [0.06, 0.27, 1.1], [0.62, 3.29, 0.2], [5.65, 4.01, 1.14], [1.93, 3.74, 1.56], [8.95, 4.38, 1.02], [1.33, 4.05, 0.33]]","[790, 789, 800, 783, 792, 770, 803, 735, 811, 804, 760, 752, 750, 753, 775, 763, 766, 784, 795, 777, 675, 785, 708, 794, 796]",39.8
1464,1790252383490502661,307200,71297,40,21,173.9,"[24.9, 29.8, 32.7, 33.5, 34.9, 36.3, 43.8, 44.5, 83.6, 87.2, 88.5, 90.2, 96.7, 101.7, 101.8, 103.1, 124.9, 133.5, 149.3, 162.3, 173.9]","['RAIL', 'INSIDE', 'INSIDE', 'NEAR', 'INSIDE', 'NEAR', 'RAIL', 'NEAR', 'INSIDE', 'OUTSIDE', 'RAIL', 'INSIDE', 'INSIDE', 'RAIL', 'OUTSIDE', 'INSIDE', 'INSIDE', 'INSIDE', 'INSIDE', 'INSIDE', 'OUTSIDE']","[[1.36, 0.17, 0.06], [0.11, 2.45, 0.57], [0.31, 1.64, 0.03], [10.26, 0.17, 2.19], [0.68, 2.52, 0.35], [1.2, 0.08, 1.76], [0.12, 0.15, 0.39], [0.08, 0.1, 1.27], [2.94, 4.82, 2.22], [0.75, 0.22, 1.13], [0.24, 0.2, 0.97], [1.79, 4.72, 1.37], [6.71, 5.12, 2.11], [0.13, 0.2, 0.66], [0.08, 0.4, 1.1], [0.54, 3.45, 0.2], [5.65, 4.33, 1.14], [1.94, 3.79, 1.56], [8.98, 4.37, 1.02], [0.32, 4.04, 0.32], [3.0, 1.83, 0.87]]","[790, 770, 787, 783, 768, 735, 801, 804, 750, 753, 775, 763, 766, 795, 777, 675, 785, 708, 794, 796, 793]",39.4
1465,1790252383591875023,307200,71341,38,23,169.8,"[27.4, 27.7, 31.3, 33.1, 35.0, 36.6, 37.2, 37.6, 38.2, 43.4, 76.3, 82.9, 87.1, 90.5, 95.9, 96.2, 101.2, 101.4, 102.8, 124.5, 148.0, 162.3, 169.8]","['NEAR', 'NEAR', 'NEAR', 'NEAR', 'NEAR', 'NEAR', 'NEAR', 'INSIDE', 'NEAR', 'RAIL', 'INSIDE', 'INSIDE', 'OUTSIDE', 'INSIDE', 'OUTSIDE', 'INSIDE', 'RAIL', 'OUTSIDE', 'INSIDE', 'INSIDE', 'INSIDE', 'OUTSIDE', 'INSIDE']","[[0.42, 0.98, 0.04], [6.36, 0.15, 1.93], [0.44, 0.1, 1.24], [2.48, 0.11, 2.02], [0.74, 0.08, 1.38], [1.57, 0.1, 1.52], [1.31, 0.73, 0.09], [1.12, 2.63, 0.08], [0.82, 0.07, 1.6], [0.14, 0.18, 0.47], [0.1, 1.6, 0.0], [3.92, 4.83, 2.22], [0.51, 0.2, 1.12], [1.09, 4.6, 0.03], [1.13, 0.37, 0.86], [7.28, 5.01, 2.05], [0.1, 0.35, 0.65], [0.12, 1.3, 1.33], [0.71, 3.44, 0.2], [5.76, 4.32, 0.57], [7.23, 4.32, 1.02], [0.71, 0.33, 0.34], [5.03, 3.7, 1.42]]","[789, 783, 803, 787, 735, 812, 799, 768, 811, 801, 742, 750, 753, 763, 766, 784, 795, 777, 675, 785, 794, 796, 809]",34.2
1466,1790252383687667121,307200,71464,39,22,169.3,"[24.2, 24.9, 30.2, 30.4, 31.7, 33.0, 38.1, 42.9, 43.5, 66.5, 82.9, 90.5, 92.8, 95.8, 100.8, 100.9, 102.3, 124.1, 134.6, 147.5, 161.9, 169.3]","['RAIL', 'NEAR', 'INSIDE', 'INSIDE', 'INSIDE', 'NEAR', 'NEAR', 'RAIL', 'RAIL', 'INSIDE', 'INSIDE', 'INSIDE', 'OUTSIDE', 'INSIDE', 'RAIL', 'OUTSIDE', 'INSIDE', 'INSIDE', 'INSIDE', 'INSIDE', 'OUTSIDE', 'INSIDE']","[[0.41, 0.11, 0.33], [0.25, 0.51, 0.24], [0.52, 2.59, 0.3], [0.18, 2.0, 0.28], [0.29, 2.3, 0.02], [13.42, 0.15, 2.25], [1.07, 0.09, 1.59], [0.09, 0.16, 0.47], [0.06, 0.1, 0.85], [0.1, 1.05, 0.0], [5.03, 4.8, 2.24], [0.12, 4.58, 0.0], [1.16, 0.37, 0.86], [12.37, 5.07, 2.27], [0.09, 0.35, 0.65], [0.05, 0.22, 1.32], [0.73, 3.25, 0.2], [5.75, 4.3, 0.89], [5.9, 3.79, 1.59], [7.25, 4.31, 1.01], [0.73, 0.33, 0.34], [5.04, 4.27, 1.41]]","[790, 789, 800, 770, 787, 803, 811, 801, 804, 737, 750, 763, 766, 784, 795, 777, 675, 785, 708, 794, 796, 809]",32.4
1467,1790252383793724955,307200,71651,46,30,172.5,"[23.4, 26.9, 27.0, 27.0, 32.5, 32.6, 33.4, 34.3, 35.1, 35.3, 36.8, 37.2, 43.2, 46.0, 75.3, 76.5, 82.0, 88.2, 91.3, 94.1, 94.6, 98.1, 100.3, 100.5, 101.8, 123.6, 133.4, 147.9, 160.9, 172.5]","['RAIL', 'INSIDE', 'NEAR', 'NEAR', 'INSIDE', 'INSIDE', 'NEAR', 'INSIDE', 'INSIDE', 'NEAR', 'INSIDE', 'NEAR', 'NEAR', 'NEAR', 'INSIDE', 'RAIL', 'INSIDE', 'INSIDE', 'INSIDE', 'OUTSIDE', 'INSIDE', 'OUTSIDE', 'RAIL', 'OUTSIDE', 'INSIDE', 'INSIDE', 'INSIDE', 'INSIDE', 'INSIDE', 'INSIDE']","[[1.06, 0.15, 0.16], [0.56, 1.86, 0.22], [0.67, 0.93, 0.23], [7.37, 0.14, 2.23], [0.39, 1.23, 0.03], [0.5, 2.45, 0.04], [3.17, 0.09, 1.99], [0.53, 1.18, 0.04], [0.14, 2.7, 0.01], [2.21, 0.08, 1.51], [0.52, 2.44, 0.04], [0.47, 0.07, 1.48], [0.37, 0.03, 1.15], [0.19, 0.1, 1.64], [0.08, 2.76, 0.0], [2.98, 0.57, 1.05], [3.75, 4.9, 2.41], [3.98, 4.73, 2.16], [1.45, 3.19, 1.25], [2.65, 1.7, 0.83], [4.18, 2.7, 2.08], [1.21, 0.6, 1.7], [0.08, 0.35, 0.65], [0.07, 0.22, 1.08], [0.64, 3.41, 0.2], [5.69, 4.07, 0.56], [4.58, 4.24, 1.77], [8.96, 4.33, 1.01], [0.29, 4.0, 0.32], [3.01, 4.23, 0.38]]","[790, 791, 783, 789, 787, 770, 803, 735, 768, 812, 799, 811, 804, 797, 742, 752, 750, 775, 763, 766, 784, 777, 776, 675, 795, 785, 708, 794, 796, 793]",39.9
1468,1790252383892434633,307200,71722,33,21,168.4,"[28.3, 30.5, 30.6, 32.0, 34.7, 34.8, 35.8, 37.4, 38.9, 42.8, 44.7, 82.3, 88.6, 94.8, 94.9, 99.9, 100.0, 123.0, 149.6, 160.9, 168.4]","['OUTSIDE', 'NEAR', 'INSIDE', 'NEAR', 'INSIDE', 'NEAR', 'NEAR', 'INSIDE', 'NEAR', 'NEAR', 'NEAR', 'INSIDE', 'INSIDE', 'OUTSIDE', 'INSIDE', 'RAIL', 'OUTSIDE', 'INSIDE', 'INSIDE', 'OUTSIDE', 'INSIDE']","[[1.11, 1.1, 0.35], [1.11, 0.9, 0.28], [0.11, 2.35, 0.01], [11.2, 0.15, 2.24], [0.1, 0.97, 0.01], [0.53, 0.06, 1.3], [0.49, 0.03, 1.5], [0.8, 1.82, 0.05], [2.6, 0.08, 2.01], [0.33, 0.03, 1.23], [0.28, 0.05, 0.98], [4.48, 4.94, 2.3], [2.11, 4.55, 1.41], [1.17, 0.38, 0.58], [7.65, 4.79, 2.21], [0.06, 0.25, 0.64], [0.12, 1.28, 1.31], [5.41, 4.27, 0.84], [4.83, 4.38, 0.67], [0.66, 0.33, 0.33], [5.05, 4.25, 1.41]]","[800, 792, 787, 789, 735, 812, 811, 799, 813, 804, 797, 750, 775, 766, 784, 776, 675, 785, 794, 796, 809]",39.5
1469,1790252383990669092,307200,71623,30,20,169.9,"[25.3, 27.5, 31.4, 31.7, 34.4, 36.4, 37.3, 38.7, 40.9, 77.1, 81.4, 85.6, 89.4, 94.5, 99.4, 99.5, 105.6, 125.3, 150.7, 169.9]","['INSIDE', 'NEAR', 'NEAR', 'NEAR', 'NEAR', 'NEAR', 'NEAR', 'NEAR', 'NEAR', 'INSIDE', 'INSIDE', 'INSIDE', 'OUTSIDE', 'INSIDE', 'OUTSIDE', 'INSIDE', 'INSIDE', 'INSIDE', 'OUTSIDE', 'OUTSIDE']","[[0.66, 0.77, 0.21], [0.17, 1.44, 0.01], [0.34, 1.09, 0.03], [10.47, 0.17, 2.19], [2.3, 0.1, 2.01], [0.55, 0.08, 1.83], [0.51, 0.03, 0.98], [1.66, 0.11, 1.65], [1.12, 0.08, 1.53], [0.07, 2.02, 0.0], [8.35, 4.87, 2.54], [1.16, 4.66, 0.03], [2.06, 0.3, 2.21], [4.83, 5.18, 2.24], [0.2, 0.3, 0.84], [0.2, 4.42, 2.18], [0.07, 3.5, 0.0], [10.23, 4.32, 1.77], [1.81, 0.36, 0.29], [1.27, 1.6, 0.69]]","[783, 800, 792, 789, 812, 811, 815, 813, 810, 742, 750, 762, 753, 784, 776, 675, 806, 785, 794, 809]",37.3
1470,1790252384091429233,307200,71818,37,30,167.5,"[22.1, 25.3, 25.5, 25.9, 29.9, 30.0, 31.0, 31.4, 31.7, 32.5, 33.4, 34.1, 34.4, 36.2, 36.8, 38.4, 40.8, 43.0, 44.7, 83.5, 84.2, 88.2, 93.1, 94.0, 99.2, 103.6, 128.9, 146.6, 160.1, 167.5]","['RAIL', 'INSIDE', 'NEAR', 'NEAR', 'INSIDE', 'NEAR', 'INSIDE', 'INSIDE', 'NEAR', 'NEAR', 'INSIDE', 'NEAR', 'INSIDE', 'NEAR', 'NEAR', 'NEAR', 'NEAR', 'NEAR', 'NEAR', 'INSIDE', 'OUTSIDE', 'OUTSIDE', 'OUTSIDE', 'INSIDE', 'OUTSIDE', 'INSIDE', 'INSIDE', 'INSIDE', 'OUTSIDE', 'INSIDE']","[[1.16, 0.12, 0.15], [0.2, 0.96, 0.23], [0.76, 1.03, 0.07], [7.83, 0.13, 2.27], [0.39, 2.32, 0.27], [0.54, 0.09, 1.33], [0.3, 1.3, 0.03], [0.17, 1.2, 0.01], [1.89, 0.09, 2.12], [1.03, 0.89, 0.08], [0.26, 1.4, 0.02], [2.58, 0.09, 2.01], [1.7, 2.28, 0.13], [1.02, 0.09, 1.51], [0.14, 0.05, 1.05], [1.46, 0.07, 1.59], [0.35, 0.08, 1.62], [0.45, 0.09, 1.71], [0.07, 0.07, 1.08], [1.1, 4.4, 0.03], [4.54, 0.59, 2.37], [1.61, 0.18, 1.97], [1.17, 0.54, 0.58], [6.45, 5.04, 2.19], [0.1, 1.31, 1.3], [0.06, 3.25, 0.0], [13.5, 4.26, 1.72], [9.02, 4.35, 0.71], [0.73, 0.33, 0.33], [5.01, 3.94, 1.4]]","[790, 783, 789, 791, 792, 803, 800, 787, 812, 735, 770, 811, 768, 815, 799, 813, 810, 804, 797, 762, 750, 753, 766, 784, 777, 795, 785, 794, 796, 809]",36.0
1471,1790252384191049348,307200,71914,27,20,146.8,"[21.7, 28.3, 33.5, 34.7, 36.1, 37.5, 38.5, 40.4, 42.7, 44.4, 68.1, 88.3, 93.1, 93.6, 98.5, 98.7, 100.3, 103.3, 127.9, 146.8]","['RAIL', 'INSIDE', 'INSIDE', 'NEAR', 'NEAR', 'NEAR', 'NEAR', 'NEAR', 'NEAR', 'NEAR', 'RAIL', 'INSIDE', 'OUTSIDE', 'INSIDE', 'RAIL', 'OUTSIDE', 'INSIDE', 'INSIDE', 'INSIDE', 'INSIDE']","[[1.1, 0.13, 0.15], [0.54, 2.91, 0.04], [0.08, 0.97, 0.01], [13.96, 0.15, 2.2], [1.31, 0.08, 1.41], [0.44, 0.03, 1.33], [0.46, 0.07, 1.45], [0.3, 0.04, 1.51], [0.29, 0.08, 1.15], [0.32, 0.08, 1.76], [0.38, 0.56, 0.75], [0.1, 4.32, 0.0], [1.16, 0.54, 0.84], [7.29, 5.02, 2.18], [0.06, 0.24, 0.63], [0.08, 1.24, 1.29], [0.38, 3.36, 0.19], [0.35, 3.76, 0.42], [12.38, 4.24, 1.7], [4.27, 4.39, 0.99]]","[790, 770, 768, 803, 815, 799, 813, 810, 804, 797, 737, 775, 766, 784, 776, 777, 675, 795, 785, 794]",40.3
1472,1790252384297956388,307200,71865,33,22,147.9,"[23.6, 27.7, 29.0, 31.4, 33.2, 35.9, 36.8, 37.5, 38.4, 39.0, 41.0, 44.0, 81.1, 86.7, 89.0, 93.5, 98.1, 98.2, 104.3, 122.1, 128.4, 147.9]","['INSIDE', 'INSIDE', 'NEAR', 'INSIDE', 'NEAR', 'NEAR', 'INSIDE', 'NEAR', 'INSIDE', 'NEAR', 'RAIL', 'NEAR', 'NEAR', 'OUTSIDE', 'OUTSIDE', 'INSIDE', 'OUTSIDE', 'INSIDE', 'INSIDE', 'INSIDE', 'INSIDE', 'INSIDE']","[[0.21, 0.77, 0.2], [0.96, 1.49, 0.22], [0.56, 0.76, 0.31], [0.65, 2.78, 0.05], [13.31, 0.16, 2.25], [0.85, 0.09, 1.51], [0.66, 1.4, 0.04], [1.22, 0.08, 1.86], [0.16, 2.01, 0.01], [0.32, 0.03, 1.55], [0.28, 0.09, 0.9], [0.46, 0.07, 1.66], [0.05, 1.13, 0.0], [1.54, 0.04, 1.13], [0.34, 0.33, 0.8], [5.46, 5.22, 2.21], [0.12, 0.28, 0.83], [0.42, 4.47, 2.16], [0.06, 3.46, 0.0], [1.6, 3.4, 0.02], [2.51, 3.58, 1.77], [4.64, 4.4, 1.01]]","[789, 792, 787, 770, 803, 815, 768, 799, 813, 810, 804, 797, 760, 753, 775, 784, 776, 777, 795, 785, 708, 794]",27.7
1473,1790252384391982920,307200,72143,35,25,166.2,"[21.1, 25.6, 26.0, 28.8, 31.6, 32.7, 33.7, 34.4, 34.6, 36.7, 38.1, 38.7, 40.6, 41.6, 43.4, 83.8, 86.9, 89.0, 92.8, 97.7, 97.7, 103.4, 124.8, 147.5, 166.2]","['RAIL', 'OUTSIDE', 'INSIDE', 'NEAR', 'INSIDE', 'NEAR', 'INSIDE', 'INSIDE', 'NEAR', 'NEAR', 'INSIDE', 'NEAR', 'NEAR', 'NEAR', 'NEAR', 'INSIDE', 'OUTSIDE', 'OUTSIDE', 'INSIDE', 'OUTSIDE', 'INSIDE', 'INSIDE', 'INSIDE', 'INSIDE', 'INSIDE']","[[0.56, 0.12, 0.23], [0.32, 0.53, 0.24], [0.16, 1.61, 0.01], [10.74, 0.15, 2.27], [0.21, 0.99, 0.02], [2.4, 0.09, 1.99], [0.57, 1.54, 0.04], [0.44, 1.2, 0.03], [1.52, 0.08, 1.44], [2.54, 0.1, 1.58], [0.09, 2.0, 0.01], [0.36, 0.04, 1.1], [0.3, 0.04, 1.52], [0.64, 0.11, 1.3], [0.18, 0.08, 1.62], [1.58, 4.73, 2.43], [1.32, 0.23, 1.31], [0.74, 1.28, 0.59], [6.84, 5.14, 2.2], [0.1, 0.28, 0.82], [0.4, 4.45, 1.72], [0.87, 3.77, 0.44], [7.82, 4.15, 1.73], [4.69, 4.08, 0.66], [5.07, 4.19, 1.41]]","[790, 783, 792, 791, 800, 812, 770, 811, 815, 799, 813, 810, 804, 816, 797, 762, 753, 775, 784, 776, 777, 795, 785, 794, 809]",44.0
1474,1790252384489203975,307200,72335,34,23,187.9,"[23.7, 27.6, 27.7, 28.3, 29.4, 33.6, 34.8, 35.7, 36.7, 40.3, 41.7, 43.0, 43.3, 83.3, 86.1, 92.0, 97.5, 101.9, 122.0, 128.2, 146.4, 165.8, 187.9]","['NEAR', 'INSIDE', 'INSIDE', 'INSIDE', 'INSIDE', 'INSIDE', 'NEAR', 'NEAR', 'NEAR', 'NEAR', 'NEAR', 'NEAR', 'RAIL', 'INSIDE', 'OUTSIDE', 'INSIDE', 'OUTSIDE', 'INSIDE', 'INSIDE', 'OUTSIDE', 'INSIDE', 'INSIDE', 'INSIDE']","[[0.59, 0.99, 0.25], [0.47, 1.45, 0.04], [1.31, 2.33, 0.33], [0.45, 1.22, 0.04], [1.11, 2.57, 0.09], [0.09, 0.99, 0.31], [14.91, 0.15, 2.24], [1.38, 0.07, 1.11], [1.3, 0.06, 1.56], [0.36, 0.05, 1.32], [1.39, 0.06, 1.64], [0.14, 0.09, 1.45], [0.49, 0.24, 0.95], [1.57, 4.7, 1.67], [0.81, 0.18, 0.52], [7.62, 5.12, 2.17], [0.13, 1.41, 1.28], [0.12, 3.38, 0.0], [3.03, 4.01, 0.5], [0.13, 0.24, 1.48], [5.97, 4.34, 0.98], [5.01, 3.9, 1.39], [2.24, 3.93, 0.53]]","[789, 792, 803, 787, 770, 811, 791, 799, 810, 804, 816, 797, 801, 762, 753, 784, 777, 795, 785, 708, 794, 809, 798]",37.2
1475,1790252384598946471,307200,72476,35,22,165.4,"[24.4, 25.0, 29.8, 30.1, 30.1, 31.5, 32.1, 34.4, 35.8, 36.8, 40.8, 41.8, 42.4, 42.8, 86.0, 93.3, 96.9, 104.5, 110.6, 124.2, 146.7, 165.4]","['OUTSIDE', 'NEAR', 'INSIDE', 'NEAR', 'NEAR', 'INSIDE', 'NEAR', 'NEAR', 'NEAR', 'NEAR', 'NEAR', 'NEAR', 'INSIDE', 'RAIL', 'INSIDE', 'OUTSIDE', 'INSIDE', 'INSIDE', 'INSIDE', 'INSIDE', 'INSIDE', 'INSIDE']","[[1.12, 0.57, 0.21], [9.32, 0.15, 2.27], [1.21, 2.68, 1.11], [0.66, 0.08, 1.32], [0.56, 0.94, 0.05], [0.44, 1.86, 0.04], [3.07, 0.1, 2.1], [1.44, 0.09, 1.44], [0.53, 0.07, 1.35], [0.55, 0.05, 1.84], [0.32, 0.09, 1.55], [0.4, 0.05, 1.1], [0.1, 2.96, 0.0], [0.24, 0.09, 0.94], [4.95, 4.61, 1.85], [0.1, 0.13, 0.82], [7.6, 5.28, 2.41], [0.06, 2.55, 0.0], [0.08, 3.48, 0.0], [8.36, 4.12, 1.75], [4.61, 4.06, 0.66], [5.01, 4.18, 1.39]]","[783, 789, 800, 787, 735, 812, 815, 799, 810, 768, 804, 816, 814, 797, 753, 776, 784, 806, 820, 785, 794, 809]",42.3
1476,1790252384691607662,307200,72459,31,24,166.9,"[23.2, 24.7, 24.9, 31.5, 31.7, 33.1, 34.2, 35.9, 37.3, 38.6, 40.0, 40.9, 42.3, 43.3, 83.0, 84.5, 92.1, 92.5, 96.5, 104.1, 110.2, 124.6, 146.3, 166.9]","['NEAR', 'NEAR', 'NEAR', 'OUTSIDE', 'NEAR', 'NEAR', 'NEAR', 'NEAR', 'NEAR', 'NEAR', 'RAIL', 'NEAR', 'NEAR', 'INSIDE', 'OUTSIDE', 'INSIDE', 'INSIDE', 'OUTSIDE', 'INSIDE', 'INSIDE', 'INSIDE', 'INSIDE', 'INSIDE', 'OUTSIDE']","[[0.99, 1.03, 0.22], [1.07, 0.64, 0.23], [11.09, 0.15, 2.29], [0.83, 1.71, 1.08], [2.21, 0.08, 2.09], [1.34, 0.08, 1.22], [0.96, 0.08, 1.44], [1.43, 0.07, 1.84], [0.32, 0.03, 1.32], [1.32, 0.06, 1.52], [0.22, 0.14, 0.09], [1.42, 0.13, 1.62], [0.56, 0.06, 1.48], [0.08, 1.21, 0.0], [0.9, 0.27, 1.3], [2.71, 4.77, 2.43], [0.02, 0.64, 0.0], [0.1, 0.24, 0.81], [10.22, 5.48, 2.4], [0.12, 3.45, 0.0], [0.12, 3.46, 0.0], [6.79, 4.11, 1.75], [4.63, 4.47, 0.66], [1.3, 1.28, 0.68]]","[783, 789, 791, 800, 815, 799, 810, 768, 818, 804, 801, 816, 797, 814, 750, 762, 763, 776, 784, 806, 820, 785, 794, 809]",44.7
1477,1790252384787485485,307200,71227,37,29,185.6,"[23.3, 25.7, 26.9, 28.6, 29.7, 31.1, 33.0, 33.2, 34.1, 34.9, 34.9, 35.4, 36.9, 37.8, 38.9, 40.5, 41.9, 42.8, 82.5, 84.6, 92.1, 96.1, 102.2, 103.7, 109.8, 123.9, 145.0, 162.7, 185.6]","['NEAR', 'INSIDE', 'OUTSIDE', 'INSIDE', 'INSIDE', 'NEAR', 'NEAR', 'INSIDE', 'NEAR', 'OUTSIDE', 'INSIDE', 'NEAR', 'NEAR', 'INSIDE', 'NEAR', 'NEAR', 'NEAR', 'INSIDE', 'RAIL', 'INSIDE', 'RAIL', 'INSIDE', 'INSIDE', 'INSIDE', 'INSIDE', 'INSIDE', 'INSIDE', 'INSIDE', 'INSIDE']","[[0.73, 0.98, 0.08], [1.24, 2.44, 0.24], [1.06, 1.47, 0.77], [0.89, 1.73, 0.07], [2.13, 2.58, 1.0], [13.63, 0.15, 2.2], [1.04, 0.07, 1.98], [0.68, 1.97, 0.05], [0.64, 0.06, 1.06], [0.15, 1.58, 0.01], [0.06, 1.71, 0.01], [1.19, 0.05, 1.43], [0.67, 0.06, 1.46], [0.11, 1.71, 0.01], [0.22, 0.08, 1.29], [1.3, 0.12, 2.02], [0.37, 0.06, 1.66], [0.18, 2.39, 0.01], [2.67, 0.29, 1.13], [1.8, 4.92, 1.83], [0.09, 0.17, 0.62], [10.22, 5.5, 2.39], [0.09, 3.57, 0.0], [0.06, 2.71, 0.0], [0.06, 1.92, 0.0], [6.29, 4.1, 1.72], [2.95, 4.28, 0.38], [1.23, 4.15, 1.38], [0.03, 2.91, 0.0]]","[783, 792, 803, 735, 800, 791, 799, 770, 810, 808, 811, 768, 818, 813, 804, 816, 797, 814, 750, 762, 776, 784, 795, 806, 820, 785, 794, 796, 798]",42.7
1478,1790252384893266675,307200,71442,35,24,164.9,"[20.4, 26.7, 27.5, 28.7, 31.4, 33.2, 33.6, 35.6, 36.6, 37.4, 38.5, 38.6, 39.7, 40.1, 43.3, 84.0, 91.3, 91.3, 95.7, 103.3, 109.4, 126.0, 143.8, 164.9]","['OUTSIDE', 'INSIDE', 'NEAR', 'INSIDE', 'INSIDE', 'INSIDE', 'NEAR', 'NEAR', 'NEAR', 'NEAR', 'INSIDE', 'NEAR', 'RAIL', 'NEAR', 'NEAR', 'INSIDE', 'INSIDE', 'OUTSIDE', 'INSIDE', 'INSIDE', 'INSIDE', 'INSIDE', 'INSIDE', 'INSIDE']","[[0.95, 0.74, 0.61], [0.05, 0.93, 0.01], [0.32, 0.95, 0.03], [1.12, 2.48, 0.3], [1.84, 2.39, 0.24], [0.47, 2.88, 0.04], [2.91, 0.09, 2.01], [0.52, 0.08, 1.5], [0.39, 0.05, 1.68], [0.63, 0.1, 1.56], [0.07, 1.34, 0.01], [0.35, 0.04, 1.05], [0.41, 0.07, 0.87], [1.26, 0.07, 1.92], [1.01, 0.08, 1.72], [2.0, 4.87, 2.4], [0.07, 0.8, 0.0], [0.17, 0.28, 0.81], [9.32, 5.28, 2.41], [0.07, 3.07, 0.0], [0.1, 3.25, 0.0], [2.45, 3.99, 1.74], [1.21, 0.5, 0.01], [3.74, 4.41, 0.32]]","[790, 792, 735, 803, 812, 770, 799, 768, 818, 804, 813, 816, 797, 814, 827, 762, 763, 776, 784, 806, 820, 785, 794, 796]",38.4
1479,1790252384989234022,307200,71719,28,20,145.1,"[25.6, 26.4, 28.6, 34.1, 36.1, 36.7, 37.1, 39.2, 40.2, 42.6, 81.5, 84.1, 89.7, 90.1, 90.9, 95.3, 96.2, 104.4, 124.1, 145.1]","['INSIDE', 'INSIDE', 'NEAR', 'NEAR', 'NEAR', 'INSIDE', 'NEAR', 'NEAR', 'NEAR', 'NEAR', 'OUTSIDE', 'INSIDE', 'OUTSIDE', 'INSIDE', 'INSIDE', 'OUTSIDE', 'INSIDE', 'INSIDE', 'INSIDE', 'INSIDE']","[[0.62, 2.51, 0.06], [0.37, 1.94, 0.25], [0.71, 0.77, 0.31], [2.71, 0.09, 1.69], [0.29, 0.03, 0.95], [0.29, 1.42, 0.02], [0.57, 0.04, 1.48], [0.55, 0.08, 1.56], [0.41, 0.05, 1.32], [1.04, 0.11, 1.52], [0.43, 0.29, 0.57], [2.12, 4.76, 1.86], [2.45, 0.36, 0.8], [0.05, 0.79, 0.0], [7.7, 5.18, 2.37], [0.19, 0.33, 0.8], [1.44, 5.25, 2.12], [0.3, 3.68, 0.2], [5.46, 4.25, 1.73], [4.61, 4.3, 0.99]]","[789, 792, 803, 810, 818, 811, 804, 816, 814, 827, 750, 762, 775, 763, 784, 776, 777, 806, 785, 794]",40.9
1480,1790252385089704678,307200,71859,32,26,184.8,"[23.2, 28.4, 34.6, 35.8, 36.3, 37.1, 39.0, 40.8, 42.5, 43.0, 70.7, 80.9, 83.6, 89.6, 93.5, 94.9, 95.0, 101.1, 102.5, 106.9, 108.6, 123.3, 131.1, 144.0, 163.3, 184.8]","['OUTSIDE', 'INSIDE', 'NEAR', 'NEAR', 'INSIDE', 'NEAR', 'NEAR', 'NEAR', 'NEAR', 'RAIL', 'NEAR', 'OUTSIDE', 'INSIDE', 'NEAR', 'INSIDE', 'RAIL', 'INSIDE', 'INSIDE', 'INSIDE', 'INSIDE', 'INSIDE', 'INSIDE', 'INSIDE', 'INSIDE', 'INSIDE', 'INSIDE']","[[1.0, 0.51, 0.2], [0.54, 2.61, 0.06], [0.9, 0.09, 1.44], [0.41, 0.07, 1.81], [0.24, 1.52, 0.01], [1.2, 0.05, 1.46], [0.63, 0.08, 1.89], [0.34, 0.02, 1.34], [0.69, 0.04, 1.6], [0.39, 0.58, 0.26], [1.11, 1.13, 0.04], [0.33, 0.3, 1.25], [2.06, 4.85, 1.8], [0.1, 1.14, 0.0], [7.38, 5.25, 2.36], [0.1, 0.33, 0.61], [0.4, 4.68, 2.08], [0.1, 3.53, 0.0], [0.06, 2.15, 0.0], [0.55, 2.73, 0.47], [0.07, 1.52, 0.0], [5.05, 4.06, 1.69], [1.48, 4.14, 0.02], [5.95, 4.27, 0.95], [4.63, 4.4, 1.37], [3.55, 3.56, 0.52]]","[783, 792, 810, 768, 811, 804, 816, 829, 827, 801, 737, 750, 762, 766, 784, 776, 777, 675, 795, 817, 820, 785, 708, 794, 796, 798]",32.5
1481,1790252385203753692,307200,71894,35,28,184.0,"[23.2, 23.8, 27.5, 30.4, 31.1, 31.3, 34.4, 35.6, 36.5, 37.4, 38.8, 40.4, 41.9, 42.6, 83.3, 88.9, 89.2, 90.1, 94.5, 95.0, 102.2, 103.6, 108.3, 111.2, 123.4, 143.5, 163.1, 184.0]","['INSIDE', 'NEAR', 'INSIDE', 'INSIDE', 'INSIDE', 'NEAR', 'INSIDE', 'NEAR', 'NEAR', 'NEAR', 'NEAR', 'NEAR', 'NEAR', 'RAIL', 'INSIDE', 'OUTSIDE', 'INSIDE', 'INSIDE', 'OUTSIDE', 'INSIDE', 'INSIDE', 'INSIDE', 'INSIDE', 'INSIDE', 'INSIDE', 'INSIDE', 'OUTSIDE', 'INSIDE']","[[0.29, 0.81, 0.24], [1.86, 1.2, 0.58], [1.68, 1.79, 0.41], [0.46, 1.38, 0.04], [0.47, 1.29, 0.04], [0.8, 0.08, 1.44], [9.48, 2.84, 3.11], [0.37, 0.03, 1.35], [0.59, 0.08, 1.82], [0.24, 0.02, 1.24], [0.89, 0.06, 1.47], [0.45, 0.05, 2.02], [1.09, 0.07, 1.66], [0.43, 0.5, 0.26], [2.18, 4.89, 0.76], [2.46, 0.51, 0.79], [0.02, 0.63, 0.0], [7.79, 5.24, 2.32], [0.1, 0.29, 0.8], [1.5, 5.48, 2.08], [0.09, 3.21, 0.0], [0.15, 3.65, 0.19], [0.08, 1.32, 0.0], [0.03, 1.16, 0.0], [5.55, 4.23, 1.72], [2.89, 4.13, 0.37], [5.1, 0.44, 1.37], [0.08, 1.28, 0.0]]","[783, 789, 735, 800, 812, 810, 815, 768, 818, 804, 816, 814, 827, 801, 762, 775, 763, 784, 776, 777, 795, 806, 817, 820, 785, 794, 796, 798]",37.4
1482,1790252385295101636,307200,71959,33,25,165.9,"[25.0, 25.1, 29.5, 34.4, 35.6, 36.4, 36.8, 37.1, 38.2, 38.5, 40.0, 40.9, 41.7, 43.6, 83.9, 88.9, 94.2, 94.2, 95.6, 104.3, 117.2, 126.6, 147.0, 160.2, 165.9]","['INSIDE', 'NEAR', 'NEAR', 'INSIDE', 'NEAR', 'INSIDE', 'NEAR', 'INSIDE', 'INSIDE', 'NEAR', 'NEAR', 'INSIDE', 'NEAR', 'NEAR', 'INSIDE', 'INSIDE', 'RAIL', 'OUTSIDE', 'INSIDE', 'INSIDE', 'INSIDE', 'INSIDE', 'INSIDE', 'RAIL', 'INSIDE']","[[0.11, 1.32, 0.01], [0.88, 0.94, 0.23], [1.11, 0.73, 0.25], [0.36, 1.55, 0.02], [1.13, 0.09, 1.8], [0.22, 1.53, 0.02], [0.43, 0.03, 1.26], [0.84, 1.82, 0.06], [0.29, 2.4, 0.02], [1.3, 0.1, 1.52], [0.49, 0.06, 1.22], [0.42, 1.28, 0.02], [1.15, 0.06, 0.72], [1.2, 0.1, 1.64], [0.1, 4.54, 0.0], [7.78, 5.22, 2.48], [0.18, 0.23, 0.61], [0.48, 1.5, 1.82], [0.57, 3.49, 0.27], [2.02, 3.68, 0.43], [0.1, 2.86, 0.0], [3.2, 4.12, 1.72], [4.94, 3.76, 0.72], [0.04, 0.37, 0.24], [1.42, 3.54, 0.34]]","[783, 789, 803, 770, 768, 808, 804, 811, 813, 816, 814, 829, 827, 801, 762, 784, 776, 777, 766, 806, 820, 785, 794, 796, 809]",35.3
1483,1790252385397317909,307200,72130,35,29,183.3,"[25.7, 28.6, 31.2, 33.2, 34.1, 35.5, 36.7, 37.7, 38.5, 39.7, 40.5, 41.2, 43.1, 82.9, 88.1, 88.3, 89.4, 93.8, 94.4, 101.5, 103.0, 107.4, 117.0, 122.9, 130.0, 140.5, 162.4, 173.9, 183.3]","['INSIDE', 'OUTSIDE', 'OUTSIDE', 'NEAR', 'INSIDE', 'NEAR', 'NEAR', 'INSIDE', 'NEAR', 'NEAR', 'INSIDE', 'NEAR', 'NEAR', 'INSIDE', 'OUTSIDE', 'INSIDE', 'INSIDE', 'OUTSIDE', 'INSIDE', 'INSIDE', 'INSIDE', 'INSIDE', 'INSIDE', 'INSIDE', 'INSIDE', 'INSIDE', 'INSIDE', 'OUTSIDE', 'INSIDE']","[[0.77, 2.51, 0.24], [0.54, 1.47, 0.76], [0.49, 0.23, 0.29], [1.37, 0.06, 1.99], [0.2, 0.95, 0.01], [1.01, 0.07, 1.78], [0.41, 0.04, 1.46], [0.49, 2.37, 0.03], [0.64, 0.04, 1.53], [0.38, 0.07, 1.48], [1.1, 1.67, 0.06], [1.41, 0.08, 1.64], [1.55, 0.14, 1.71], [1.31, 5.0, 1.83], [2.64, 1.31, 0.79], [0.02, 0.62, 0.0], [7.57, 5.13, 2.33], [0.1, 0.33, 0.79], [1.09, 5.49, 1.92], [0.15, 3.54, 0.0], [0.03, 3.23, 0.0], [0.41, 3.87, 0.47], [0.12, 3.83, 0.24], [3.8, 4.05, 1.69], [1.39, 3.88, 0.02], [7.24, 4.32, 0.98], [5.1, 4.38, 1.36], [2.46, 1.28, 0.35], [0.1, 3.84, 0.0]]","[783, 792, 812, 799, 770, 768, 818, 813, 816, 814, 829, 827, 801, 762, 775, 763, 784, 776, 766, 675, 795, 817, 820, 785, 708, 822, 796, 823, 798]",43.1
1484,1790252385493086178,307200,72430,32,28,183.4,"[11.0, 25.3, 28.1, 31.3, 33.2, 34.4, 35.8, 35.9, 36.0, 37.4, 38.3, 39.3, 40.3, 40.7, 43.0, 71.1, 87.5, 87.7, 89.0, 93.4, 93.6, 99.6, 107.2, 114.0, 122.9, 162.0, 173.5, 183.4]","['RAIL', 'NEAR', 'INSIDE', 'NEAR', 'NEAR', 'NEAR', 'NEAR', 'NEAR', 'INSIDE', 'NEAR', 'NEAR', 'NEAR', 'NEAR', 'NEAR', 'NEAR', 'INSIDE', 'OUTSIDE', 'INSIDE', 'RAIL', 'INSIDE', 'INSIDE', 'INSIDE', 'INSIDE', 'OUTSIDE', 'INSIDE', 'INSIDE', 'OUTSIDE', 'INSIDE']","[[0.33, 0.13, 0.07], [0.17, 0.88, 0.02], [1.17, 2.11, 0.12], [2.11, 0.07, 1.85], [0.87, 0.07, 1.98], [0.65, 0.07, 1.43], [0.64, 1.49, 0.04], [1.52, 0.09, 1.49], [0.66, 1.99, 0.04], [0.39, 0.09, 1.57], [0.39, 0.04, 1.02], [0.29, 0.08, 1.39], [0.67, 0.86, 0.04], [1.32, 0.12, 1.61], [1.58, 0.1, 1.71], [0.06, 1.74, 0.0], [2.66, 1.3, 0.78], [0.02, 0.78, 0.0], [0.09, 0.33, 0.6], [12.96, 5.34, 2.41], [0.3, 3.44, 0.42], [0.12, 3.3, 0.0], [0.09, 3.55, 0.0], [0.45, 0.22, 0.76], [4.14, 4.1, 1.89], [5.01, 4.09, 1.35], [2.37, 0.68, 0.85], [3.55, 2.89, 0.52]]","[821, 789, 792, 787, 799, 810, 808, 768, 811, 804, 816, 814, 829, 827, 801, 737, 775, 763, 776, 784, 766, 675, 817, 832, 785, 796, 823, 798]",44.5
1485,1790252385591018640,307200,72723,38,35,179.3,"[26.7, 27.6, 28.0, 29.9, 30.7, 30.9, 31.8, 32.5, 34.6, 34.9, 35.2, 37.5, 38.6, 38.9, 40.4, 40.5, 41.5, 42.4, 81.4, 88.6, 91.7, 93.1, 94.6, 103.5, 105.3, 109.8, 114.0, 116.2, 119.0, 124.9, 137.3, 148.9, 159.1, 165.2, 179.3]","['INSIDE', 'INSIDE', 'NEAR', 'NEAR', 'INSIDE', 'INSIDE', 'OUTSIDE', 'NEAR', 'INSIDE', 'RAIL', 'NEAR', 'NEAR', 'INSIDE', 'NEAR', 'NEAR', 'NEAR', 'INSIDE', 'NEAR', 'OUTSIDE', 'INSIDE', 'OUTSIDE', 'INSIDE', 'INSIDE', 'INSIDE', 'OUTSIDE', 'INSIDE', 'OUTSIDE', 'INSIDE', 'OUTSIDE', 'INSIDE', 'INSIDE', 'INSIDE', 'RAIL', 'INSIDE', 'INSIDE']","[[0.09, 1.78, 0.01], [0.59, 2.42, 0.05], [1.01, 0.93, 0.09], [0.64, 0.08, 2.09], [1.5, 1.65, 0.23], [0.88, 0.84, 0.07], [0.23, 1.55, 0.02], [1.54, 0.09, 1.38], [0.12, 1.69, 0.01], [0.39, 0.52, 0.53], [2.28, 0.08, 1.49], [1.38, 0.08, 1.85], [0.08, 0.94, 0.01], [0.27, 0.1, 1.54], [0.35, 0.98, 0.02], [1.31, 0.13, 1.93], [0.14, 2.32, 0.01], [0.8, 0.09, 1.7], [0.78, 0.16, 0.72], [0.13, 1.92, 0.0], [0.16, 0.43, 0.78], [9.69, 5.44, 2.49], [0.7, 3.62, 0.27], [0.74, 3.99, 0.44], [0.07, 1.1, 0.0], [0.07, 3.07, 0.0], [1.0, 0.19, 0.45], [0.24, 3.65, 0.26], [0.47, 1.46, 1.56], [4.34, 4.09, 1.72], [7.34, 4.35, 1.21], [9.67, 4.02, 1.67], [0.06, 0.37, 0.24], [2.94, 4.41, 0.69], [1.19, 0.93, 0.01]]","[792, 735, 803, 787, 812, 800, 815, 799, 770, 808, 810, 804, 813, 814, 829, 827, 801, 797, 750, 766, 776, 784, 777, 795, 806, 825, 832, 820, 785, 708, 822, 794, 796, 809, 798]",48.6
1486,1790252385696977610,307200,73132,29,25,182.3,"[10.4, 24.7, 30.4, 32.2, 34.2, 35.6, 37.0, 38.2, 38.7, 40.2, 41.2, 42.3, 82.4, 86.1, 86.9, 92.7, 93.6, 107.9, 109.3, 113.3, 116.8, 122.2, 133.4, 163.2, 182.3]","['RAIL', 'INSIDE', 'INSIDE', 'NEAR', 'NEAR', 'NEAR', 'NEAR', 'INSIDE', 'NEAR', 'NEAR', 'INSIDE', 'INSIDE', 'INSIDE', 'OUTSIDE', 'INSIDE', 'RAIL', 'INSIDE', 'INSIDE', 'INSIDE', 'OUTSIDE', 'OUTSIDE', 'INSIDE', 'INSIDE', 'OUTSIDE', 'INSIDE']","[[0.34, 0.14, 0.07], [0.86, 1.92, 0.24], [0.92, 1.26, 0.08], [1.46, 0.06, 1.38], [1.68, 0.08, 1.99], [0.29, 0.04, 1.49], [1.15, 0.08, 1.84], [0.08, 0.94, 0.01], [0.43, 0.04, 1.44], [1.22, 0.06, 1.4], [0.06, 2.3, 0.0], [0.88, 0.1, 1.68], [0.25, 4.89, 0.01], [2.78, 0.5, 0.78], [9.82, 5.12, 2.44], [0.12, 0.34, 0.6], [1.52, 5.39, 2.07], [0.48, 4.15, 0.48], [0.63, 4.2, 0.69], [0.43, 0.22, 0.76], [1.8, 0.42, 1.24], [4.12, 4.06, 1.69], [7.68, 4.51, 1.12], [1.3, 1.54, 0.66], [0.04, 0.95, 0.0]]","[821, 789, 800, 799, 810, 768, 818, 813, 814, 827, 801, 797, 762, 775, 784, 776, 777, 817, 825, 832, 820, 708, 822, 809, 798]",42.7
1487,1790252385787420214,307200,73650,29,27,182.3,"[10.0, 24.9, 28.1, 29.8, 35.1, 35.5, 35.8, 37.2, 38.3, 39.8, 39.8, 40.8, 42.1, 81.7, 82.3, 86.7, 88.0, 88.5, 92.4, 100.1, 106.1, 107.6, 112.9, 122.6, 160.7, 172.9, 182.3]","['RAIL', 'NEAR', 'OUTSIDE', 'INSIDE', 'OUTSIDE', 'INSIDE', 'NEAR', 'NEAR', 'NEAR', 'INSIDE', 'NEAR', 'INSIDE', 'INSIDE', 'INSIDE', 'RAIL', 'OUTSIDE', 'INSIDE', 'RAIL', 'INSIDE', 'INSIDE', 'INSIDE', 'INSIDE', 'OUTSIDE', 'INSIDE', 'INSIDE', 'OUTSIDE', 'INSIDE']","[[0.29, 0.14, 0.07], [0.87, 0.94, 0.34], [0.43, 0.49, 0.28], [0.95, 2.9, 0.08], [0.33, 0.86, 0.02], [0.49, 2.12, 0.03], [2.93, 0.08, 1.44], [0.59, 0.09, 1.56], [0.36, 0.05, 1.2], [0.72, 2.77, 0.04], [1.5, 0.08, 2.01], [0.13, 2.28, 0.01], [0.42, 0.11, 1.67], [1.08, 4.88, 0.03], [1.06, 0.09, 0.9], [2.54, 0.5, 0.72], [0.04, 0.61, 0.0], [0.08, 0.39, 0.59], [10.2, 5.52, 2.26], [0.13, 3.49, 0.0], [0.11, 3.7, 0.0], [0.13, 3.88, 0.47], [0.46, 0.22, 0.75], [2.53, 3.91, 1.87], [4.68, 4.34, 1.34], [1.42, 0.04, 0.49], [3.59, 3.19, 0.52]]","[821, 789, 803, 812, 770, 811, 768, 818, 816, 829, 827, 801, 797, 762, 750, 775, 763, 776, 784, 675, 806, 817, 832, 708, 796, 823, 798]",40.7
1488,1790252385891529340,307200,73845,33,28,184.1,"[9.6, 22.9, 25.3, 27.3, 31.5, 33.1, 33.9, 36.0, 37.0, 37.6, 39.5, 41.0, 41.9, 67.8, 80.6, 87.8, 90.6, 92.1, 93.5, 102.4, 108.7, 112.8, 115.1, 124.5, 134.6, 158.1, 174.8, 184.1]","['RAIL', 'NEAR', 'NEAR', 'INSIDE', 'NEAR', 'NEAR', 'NEAR', 'NEAR', 'NEAR', 'INSIDE', 'NEAR', 'NEAR', 'NEAR', 'INSIDE', 'OUTSIDE', 'INSIDE', 'OUTSIDE', 'INSIDE', 'INSIDE', 'INSIDE', 'INSIDE', 'OUTSIDE', 'INSIDE', 'INSIDE', 'INSIDE', 'RAIL', 'INSIDE', 'INSIDE']","[[0.12, 0.14, 0.07], [0.27, 1.07, 0.19], [0.15, 0.88, 0.01], [1.09, 1.7, 0.38], [1.53, 0.06, 1.85], [0.55, 0.04, 1.85], [0.62, 0.08, 1.43], [0.42, 0.08, 1.82], [0.58, 0.04, 1.46], [0.07, 1.97, 0.0], [1.63, 0.11, 2.0], [0.21, 0.04, 1.63], [0.44, 0.04, 1.48], [1.12, 1.44, 0.04], [0.45, 0.16, 0.71], [0.08, 1.9, 0.0], [0.15, 0.43, 0.78], [9.68, 5.5, 2.45], [0.64, 3.58, 0.26], [0.72, 3.95, 0.43], [0.22, 3.81, 0.25], [0.62, 0.25, 0.75], [0.13, 3.61, 0.0], [3.1, 4.05, 1.7], [4.13, 4.03, 0.91], [0.01, 0.28, 0.24], [2.96, 3.98, 0.38], [0.02, 0.96, 0.0]]","[821, 789, 783, 803, 787, 799, 810, 768, 818, 813, 827, 797, 801, 737, 750, 766, 776, 784, 777, 795, 825, 832, 820, 708, 822, 796, 823, 798]",37.4
1489,1790252385993074821,307200,74027,35,32,175.9,"[9.3, 23.7, 27.4, 29.4, 31.8, 33.0, 33.7, 35.8, 37.5, 37.5, 37.6, 39.3, 40.0, 40.7, 41.4, 41.4, 82.9, 87.9, 90.3, 91.7, 91.8, 93.2, 96.3, 103.9, 105.4, 112.4, 114.8, 124.1, 135.9, 157.7, 163.9, 175.9]","['RAIL', 'NEAR', 'NEAR', 'INSIDE', 'INSIDE', 'INSIDE', 'NEAR', 'NEAR', 'NEAR', 'RAIL', 'INSIDE', 'INSIDE', 'NEAR', 'NEAR', 'INSIDE', 'NEAR', 'OUTSIDE', 'INSIDE', 'OUTSIDE', 'INSIDE', 'INSIDE', 'INSIDE', 'INSIDE', 'INSIDE', 'INSIDE', 'OUTSIDE', 'INSIDE', 'INSIDE', 'INSIDE', 'RAIL', 'INSIDE', 'INSIDE']","[[0.15, 0.14, 0.05], [0.32, 0.91, 0.03], [1.91, 0.9, 0.21], [0.25, 0.73, 0.26], [0.36, 2.45, 0.03], [0.41, 1.4, 0.03], [2.18, 0.09, 1.99], [1.34, 0.07, 1.8], [0.36, 0.1, 1.88], [0.32, 0.39, 1.15], [0.13, 1.44, 0.01], [0.3, 1.67, 0.02], [1.5, 0.12, 1.12], [1.62, 0.94, 0.1], [0.4, 1.59, 0.02], [1.4, 0.09, 1.63], [0.87, 1.34, 1.82], [0.05, 1.89, 0.0], [0.19, 0.27, 0.77], [0.05, 2.08, 0.0], [0.74, 3.4, 0.26], [9.15, 5.53, 2.48], [0.06, 3.53, 0.0], [0.06, 2.54, 0.0], [0.05, 1.66, 0.0], [0.57, 0.23, 0.23], [0.15, 4.01, 0.73], [3.23, 4.04, 1.7], [7.34, 4.3, 0.91], [0.04, 0.36, 0.24], [2.94, 4.37, 0.69], [0.05, 3.07, 0.0]]","[821, 789, 803, 800, 815, 799, 810, 768, 804, 808, 813, 829, 827, 831, 801, 797, 762, 766, 776, 777, 763, 784, 675, 795, 806, 832, 820, 708, 822, 796, 809, 823]",47.8
1490,1790252386091994954,307200,74371,28,24,181.3,"[26.8, 27.7, 29.0, 31.5, 32.4, 32.6, 33.6, 34.2, 35.8, 37.3, 38.9, 40.8, 86.4, 86.4, 91.4, 101.2, 105.2, 106.6, 108.0, 111.9, 121.6, 159.7, 172.0, 181.3]","['INSIDE', 'INSIDE', 'INSIDE', 'INSIDE', 'OUTSIDE', 'INSIDE', 'INSIDE', 'NEAR', 'NEAR', 'NEAR', 'NEAR', 'NEAR', 'OUTSIDE', 'OUTSIDE', 'INSIDE', 'INSIDE', 'INSIDE', 'INSIDE', 'INSIDE', 'OUTSIDE', 'INSIDE', 'INSIDE', 'OUTSIDE', 'INSIDE']","[[1.07, 2.63, 0.85], [0.98, 2.71, 0.09], [0.13, 0.72, 0.26], [0.45, 2.32, 0.04], [0.65, 1.19, 0.33], [0.54, 1.38, 0.04], [0.14, 2.98, 0.01], [2.04, 0.07, 1.97], [1.16, 0.07, 1.79], [0.31, 0.04, 1.32], [1.03, 0.06, 1.97], [1.27, 0.11, 1.63], [1.19, 0.34, 0.77], [0.11, 0.39, 0.77], [13.17, 5.53, 2.41], [1.29, 3.92, 0.4], [0.09, 0.73, 0.0], [0.24, 4.14, 0.96], [0.11, 1.33, 0.25], [0.47, 0.22, 0.75], [2.51, 3.88, 1.86], [4.66, 4.32, 1.34], [1.4, 0.04, 0.49], [3.61, 3.49, 0.51]]","[792, 735, 800, 815, 799, 810, 811, 768, 818, 804, 814, 797, 775, 776, 784, 795, 806, 817, 825, 832, 708, 796, 823, 798]",46.6
1491,1790252386187424695,307200,74166,27,24,173.8,"[8.6, 23.2, 29.9, 31.2, 33.2, 33.8, 33.9, 34.5, 35.5, 37.0, 37.8, 38.5, 40.4, 82.7, 87.1, 89.7, 91.1, 92.6, 102.5, 107.8, 114.3, 123.5, 133.7, 173.8]","['RAIL', 'INSIDE', 'INSIDE', 'INSIDE', 'RAIL', 'OUTSIDE', 'INSIDE', 'RAIL', 'NEAR', 'NEAR', 'INSIDE', 'NEAR', 'NEAR', 'OUTSIDE', 'INSIDE', 'OUTSIDE', 'INSIDE', 'INSIDE', 'INSIDE', 'INSIDE', 'INSIDE', 'INSIDE', 'INSIDE', 'INSIDE']","[[0.23, 0.17, 0.06], [0.69, 2.51, 0.24], [0.58, 1.35, 0.05], [0.09, 1.09, 0.01], [0.5, 0.5, 0.5], [0.23, 1.29, 0.29], [0.36, 2.47, 0.02], [0.18, 0.12, 0.07], [1.3, 0.05, 1.5], [0.33, 0.07, 1.3], [0.11, 2.64, 0.01], [1.14, 0.06, 1.61], [1.15, 0.1, 1.62], [1.99, 1.34, 2.38], [0.12, 2.03, 0.0], [0.16, 0.37, 0.77], [8.76, 5.49, 2.46], [0.69, 3.38, 0.26], [2.2, 3.99, 1.29], [0.16, 4.01, 0.47], [0.52, 3.99, 0.72], [3.14, 4.03, 1.69], [4.2, 4.25, 0.91], [2.88, 3.96, 0.38]]","[821, 789, 812, 815, 799, 770, 811, 808, 818, 804, 813, 816, 797, 762, 766, 776, 784, 763, 795, 825, 820, 708, 822, 823]",44.0
1492,1790252386292432431,307200,74467,34,28,162.9,"[8.3, 21.7, 33.8, 34.7, 35.7, 37.6, 37.8, 38.8, 39.7, 40.6, 41.3, 43.9, 81.9, 86.9, 89.4, 90.8, 90.9, 92.6, 95.3, 102.4, 104.4, 114.1, 116.0, 123.2, 134.9, 147.2, 156.8, 162.9]","['RAIL', 'NEAR', 'INSIDE', 'NEAR', 'NEAR', 'INSIDE', 'NEAR', 'NEAR', 'RAIL', 'NEAR', 'INSIDE', 'INSIDE', 'OUTSIDE', 'INSIDE', 'OUTSIDE', 'INSIDE', 'INSIDE', 'INSIDE', 'INSIDE', 'INSIDE', 'INSIDE', 'INSIDE', 'INSIDE', 'INSIDE', 'INSIDE', 'INSIDE', 'RAIL', 'INSIDE']","[[0.25, 0.12, 0.04], [0.76, 1.15, 0.37], [0.19, 2.36, 0.01], [0.41, 0.04, 1.45], [0.66, 0.06, 1.33], [0.08, 0.92, 0.01], [0.69, 0.08, 1.59], [0.76, 0.07, 1.45], [0.18, 0.03, 0.96], [0.36, 0.1, 1.52], [0.79, 2.61, 0.05], [0.34, 2.46, 0.02], [1.01, 1.32, 1.8], [0.14, 2.03, 0.0], [0.18, 0.32, 0.76], [0.05, 2.7, 0.0], [8.83, 5.49, 2.45], [0.06, 1.62, 0.0], [0.2, 3.8, 0.43], [1.67, 3.84, 1.11], [0.06, 1.64, 0.0], [0.74, 3.97, 0.71], [1.19, 0.89, 0.49], [3.17, 4.02, 1.69], [7.33, 4.27, 0.89], [8.52, 3.95, 0.73], [0.02, 0.36, 0.24], [2.92, 4.35, 0.68]]","[821, 789, 811, 818, 804, 813, 816, 814, 827, 797, 801, 826, 762, 766, 776, 777, 784, 763, 675, 795, 806, 820, 785, 708, 822, 794, 796, 809]",42.1
1493,1790252386391918316,307200,74743,24,21,180.0,"[8.0, 27.4, 33.5, 34.9, 36.3, 39.0, 40.6, 43.6, 62.6, 85.8, 89.0, 90.5, 91.9, 101.0, 107.2, 111.2, 113.5, 121.7, 131.7, 159.0, 180.0]","['RAIL', 'INSIDE', 'INSIDE', 'NEAR', 'NEAR', 'NEAR', 'INSIDE', 'INSIDE', 'INSIDE', 'INSIDE', 'OUTSIDE', 'INSIDE', 'INSIDE', 'INSIDE', 'INSIDE', 'OUTSIDE', 'INSIDE', 'INSIDE', 'INSIDE', 'INSIDE', 'INSIDE']","[[0.15, 0.15, 0.06], [1.49, 0.99, 0.21], [0.16, 2.45, 0.01], [1.51, 0.09, 2.03], [0.39, 0.08, 1.43], [3.23, 0.13, 2.02], [0.63, 2.84, 0.04], [0.35, 2.43, 0.02], [0.1, 1.97, 0.0], [0.04, 2.02, 0.0], [0.11, 0.26, 0.76], [10.31, 5.46, 2.42], [0.62, 3.52, 0.26], [0.38, 3.53, 0.19], [0.12, 3.99, 0.47], [0.77, 0.41, 0.74], [0.08, 3.17, 0.0], [0.79, 3.98, 1.66], [6.4, 4.44, 1.13], [5.11, 4.57, 1.35], [0.12, 2.83, 0.0]]","[821, 803, 811, 818, 804, 814, 801, 826, 737, 766, 776, 784, 763, 795, 817, 832, 820, 708, 822, 796, 798]",49.8
1494,1790252386493735455,307200,75011,30,27,181.0,"[7.7, 19.6, 23.6, 27.0, 27.9, 30.7, 34.0, 36.1, 37.7, 38.3, 39.7, 43.4, 47.0, 77.0, 83.3, 88.8, 90.2, 91.6, 100.9, 106.9, 110.8, 113.2, 121.9, 131.9, 159.3, 171.1, 181.0]","['RAIL', 'INSIDE', 'NEAR', 'INSIDE', 'INSIDE', 'INSIDE', 'NEAR', 'NEAR', 'RAIL', 'NEAR', 'NEAR', 'INSIDE', 'INSIDE', 'RAIL', 'INSIDE', 'RAIL', 'INSIDE', 'INSIDE', 'INSIDE', 'INSIDE', 'OUTSIDE', 'INSIDE', 'INSIDE', 'INSIDE', 'INSIDE', 'INSIDE', 'INSIDE']","[[0.1, 0.12, 0.04], [0.63, 1.83, 0.2], [0.94, 0.94, 0.31], [1.13, 1.65, 0.36], [0.89, 0.86, 0.08], [0.07, 1.07, 0.01], [2.35, 0.09, 1.72], [0.38, 0.04, 1.43], [0.25, 0.48, 0.16], [1.03, 0.03, 1.88], [1.63, 0.11, 1.67], [0.16, 1.82, 0.01], [0.38, 0.99, 0.02], [1.72, 0.3, 1.05], [0.07, 1.86, 0.0], [0.13, 0.3, 0.58], [14.43, 5.43, 2.46], [0.67, 3.5, 0.26], [0.07, 3.52, 0.0], [0.12, 3.75, 0.24], [0.67, 0.41, 0.74], [0.08, 3.75, 0.0], [1.89, 3.97, 1.68], [5.49, 4.48, 1.16], [3.84, 4.56, 0.65], [4.25, 4.21, 0.37], [2.69, 3.8, 0.01]]","[821, 789, 783, 803, 735, 815, 768, 804, 828, 816, 827, 826, 830, 750, 766, 776, 762, 763, 795, 817, 832, 820, 708, 822, 796, 823, 798]",41.3
1495,1790252386588443855,307200,75130,29,27,162.1,"[25.1, 31.4, 33.8, 34.0, 34.8, 35.8, 36.0, 37.3, 37.7, 39.2, 43.9, 81.5, 85.5, 89.8, 89.9, 94.5, 100.3, 103.5, 105.1, 110.5, 114.6, 115.8, 123.0, 135.7, 145.7, 155.9, 162.1]","['OUTSIDE', 'INSIDE', 'NEAR', 'INSIDE', 'NEAR', 'RAIL', 'INSIDE', 'NEAR', 'INSIDE', 'NEAR', 'INSIDE', 'INSIDE', 'INSIDE', 'OUTSIDE', 'INSIDE', 'INSIDE', 'OUTSIDE', 'INSIDE', 'INSIDE', 'OUTSIDE', 'INSIDE', 'INSIDE', 'INSIDE', 'INSIDE', 'INSIDE', 'RAIL', 'INSIDE']","[[1.08, 0.53, 0.35], [0.11, 1.75, 0.01], [0.41, 0.07, 1.7], [0.11, 2.5, 0.01], [0.4, 0.04, 1.46], [0.4, 0.06, 0.94], [0.9, 2.9, 0.06], [1.38, 0.1, 1.87], [0.48, 1.83, 0.34], [1.21, 0.11, 1.65], [0.32, 2.14, 0.02], [0.02, 0.6, 0.0], [13.82, 5.3, 2.51], [0.16, 0.36, 0.76], [2.46, 5.23, 2.16], [0.06, 3.63, 0.0], [0.08, 0.51, 0.23], [0.07, 3.62, 0.0], [0.12, 2.61, 0.85], [0.48, 0.35, 0.23], [0.11, 1.2, 0.0], [0.52, 3.84, 1.52], [4.66, 3.8, 1.71], [10.62, 4.55, 0.92], [9.69, 3.93, 1.64], [0.07, 0.36, 0.23], [2.97, 4.32, 0.68]]","[783, 815, 768, 811, 818, 804, 813, 816, 814, 827, 826, 784, 762, 776, 777, 675, 795, 806, 817, 832, 785, 820, 708, 822, 794, 796, 809]",30.8
1496,1790252386691097705,307200,75618,26,24,170.6,"[24.5, 25.7, 33.8, 34.1, 35.4, 35.7, 37.2, 37.6, 37.7, 39.4, 43.5, 80.0, 85.6, 88.2, 89.6, 91.1, 94.2, 106.3, 110.3, 112.1, 122.0, 130.9, 158.1, 170.6]","['OUTSIDE', 'INSIDE', 'INSIDE', 'NEAR', 'NEAR', 'INSIDE', 'RAIL', 'NEAR', 'NEAR', 'NEAR', 'INSIDE', 'OUTSIDE', 'INSIDE', 'RAIL', 'INSIDE', 'INSIDE', 'INSIDE', 'INSIDE', 'OUTSIDE', 'INSIDE', 'INSIDE', 'INSIDE', 'INSIDE', 'INSIDE']","[[1.28, 0.54, 0.26], [0.9, 2.8, 0.09], [0.12, 2.48, 0.01], [1.53, 0.05, 1.71], [0.6, 0.08, 1.69], [0.99, 2.61, 0.07], [0.28, 0.42, 0.15], [1.55, 0.06, 1.87], [0.34, 0.7, 0.34], [0.78, 0.09, 1.65], [0.43, 2.38, 0.4], [1.34, 0.29, 2.13], [0.1, 2.16, 0.0], [0.18, 0.35, 0.98], [8.54, 5.42, 2.43], [0.74, 3.64, 0.26], [0.28, 3.76, 0.42], [0.08, 3.71, 0.0], [0.76, 0.41, 0.44], [1.06, 4.18, 0.5], [3.22, 3.97, 1.67], [6.14, 4.42, 0.88], [5.04, 4.54, 1.34], [4.34, 4.19, 0.37]]","[783, 803, 811, 768, 804, 813, 828, 816, 814, 827, 826, 762, 766, 776, 784, 763, 675, 817, 832, 785, 708, 822, 796, 823]",31.0
1497,1790252386793379959,307200,75887,30,26,172.1,"[23.2, 30.7, 32.3, 33.7, 35.2, 35.9, 37.5, 37.5, 39.3, 41.6, 43.5, 44.4, 65.3, 84.9, 85.7, 89.4, 94.1, 101.5, 103.5, 110.0, 112.4, 114.5, 122.5, 155.3, 160.9, 172.1]","['INSIDE', 'NEAR', 'NEAR', 'NEAR', 'NEAR', 'OUTSIDE', 'RAIL', 'NEAR', 'NEAR', 'INSIDE', 'INSIDE', 'RAIL', 'INSIDE', 'INSIDE', 'RAIL', 'INSIDE', 'INSIDE', 'INSIDE', 'INSIDE', 'OUTSIDE', 'INSIDE', 'INSIDE', 'INSIDE', 'RAIL', 'INSIDE', 'INSIDE']","[[1.96, 2.46, 0.3], [1.62, 0.08, 1.65], [0.52, 0.03, 1.36], [1.5, 0.07, 1.69], [0.42, 0.08, 1.47], [0.41, 1.22, 0.33], [0.31, 0.48, 0.3], [2.0, 0.07, 1.88], [0.78, 0.08, 1.63], [0.57, 2.48, 0.04], [0.27, 1.06, 0.02], [0.69, 0.45, 0.98], [0.79, 2.57, 0.17], [0.01, 0.59, 0.0], [0.25, 0.36, 0.98], [9.51, 5.38, 2.46], [0.41, 3.75, 0.42], [0.07, 2.66, 0.0], [1.13, 1.97, 0.41], [0.56, 0.38, 0.22], [0.31, 3.52, 0.26], [1.17, 0.87, 0.49], [4.61, 4.0, 1.7], [0.04, 0.36, 0.23], [1.81, 3.46, 0.67], [2.95, 4.22, 0.37]]","[783, 787, 768, 818, 804, 770, 828, 816, 827, 801, 826, 830, 737, 784, 776, 775, 675, 819, 806, 832, 785, 820, 708, 796, 809, 823]",35.6
1498,1790252386903969397,307200,76148,28,26,174.8,"[6.7, 23.3, 28.5, 32.5, 32.6, 33.4, 35.0, 36.9, 37.1, 38.6, 44.1, 83.3, 84.6, 89.1, 89.9, 93.7, 99.7, 102.7, 104.4, 112.3, 123.8, 134.0, 148.3, 155.1, 161.2, 174.8]","['RAIL', 'NEAR', 'NEAR', 'INSIDE', 'NEAR', 'NEAR', 'NEAR', 'RAIL', 'NEAR', 'NEAR', 'RAIL', 'OUTSIDE', 'INSIDE', 'RAIL', 'INSIDE', 'INSIDE', 'OUTSIDE', 'INSIDE', 'INSIDE', 'INSIDE', 'INSIDE', 'INSIDE', 'INSIDE', 'RAIL', 'INSIDE', 'OUTSIDE']","[[0.27, 0.15, 0.05], [0.46, 0.87, 0.05], [0.39, 0.78, 0.27], [0.74, 2.82, 0.05], [0.72, 0.91, 0.06], [1.27, 0.07, 1.41], [0.42, 0.05, 1.46], [0.05, 0.2, 0.15], [0.53, 0.06, 1.54], [1.21, 0.08, 1.61], [0.8, 0.45, 1.05], [2.61, 0.47, 0.74], [0.03, 0.59, 0.0], [0.3, 0.21, 0.98], [1.46, 3.8, 0.43], [0.09, 3.27, 0.0], [0.59, 0.52, 1.09], [0.14, 3.23, 0.0], [0.31, 4.02, 0.85], [0.28, 3.97, 0.49], [3.9, 4.21, 0.86], [8.77, 4.54, 1.19], [2.8, 4.02, 0.39], [0.04, 0.27, 0.23], [2.95, 4.58, 0.68], [0.06, 1.53, 0.0]]","[821, 783, 812, 815, 810, 818, 804, 828, 816, 827, 830, 784, 775, 776, 763, 675, 795, 806, 817, 785, 708, 822, 794, 796, 809, 823]",38.2
1499,1790252386994899449,307200,76448,31,25,180.9,"[22.2, 32.7, 33.7, 34.3, 34.7, 36.6, 36.9, 38.4, 84.4, 84.9, 85.1, 88.8, 93.4, 101.0, 101.0, 102.5, 109.7, 112.1, 113.5, 119.7, 131.3, 154.8, 160.3, 171.6, 180.9]","['NEAR', 'NEAR', 'NEAR', 'INSIDE', 'NEAR', 'NEAR', 'RAIL', 'NEAR', 'INSIDE', 'RAIL', 'RAIL', 'INSIDE', 'INSIDE', 'INSIDE', 'NEAR', 'INSIDE', 'OUTSIDE', 'INSIDE', 'INSIDE', 'OUTSIDE', 'INSIDE', 'RAIL', 'INSIDE', 'INSIDE', 'INSIDE']","[[0.99, 1.16, 0.28], [0.56, 0.07, 1.37], [0.56, 0.06, 1.41], [0.04, 2.03, 0.0], [0.36, 0.03, 1.29], [0.4, 0.04, 1.54], [0.24, 0.47, 0.15], [1.64, 0.11, 1.9], [0.02, 0.59, 0.0], [0.14, 0.15, 0.24], [0.14, 0.32, 0.97], [10.15, 5.38, 2.41], [0.05, 3.42, 0.0], [0.08, 2.47, 0.0], [0.76, 0.07, 0.97], [0.11, 3.78, 0.42], [0.99, 0.38, 0.43], [0.64, 3.85, 1.23], [0.08, 1.39, 0.0], [0.2, 0.42, 1.38], [4.07, 4.4, 0.89], [0.06, 0.36, 0.23], [1.73, 4.29, 0.66], [2.93, 4.21, 0.37], [0.06, 0.32, 0.0]]","[783, 768, 818, 811, 804, 816, 828, 827, 775, 784, 776, 766, 675, 819, 806, 817, 832, 785, 820, 708, 822, 796, 809, 823, 798]",42.4
1500,1790252387089326133,307200,76674,33,28,178.1,"[6.1, 27.1, 28.1, 30.0, 31.3, 31.4, 32.2, 32.2, 33.4, 35.5, 36.5, 36.7, 37.9, 83.3, 87.2, 88.6, 88.7, 90.8, 98.9, 100.7, 105.3, 109.2, 111.6, 119.5, 131.1, 159.0, 169.5, 178.1]","['RAIL', 'INSIDE', 'OUTSIDE', 'INSIDE', 'INSIDE', 'NEAR', 'NEAR', 'INSIDE', 'NEAR', 'NEAR', 'RAIL', 'NEAR', 'NEAR', 'NEAR', 'RAIL', 'INSIDE', 'INSIDE', 'INSIDE', 'INSIDE', 'INSIDE', 'INSIDE', 'OUTSIDE', 'INSIDE', 'OUTSIDE', 'INSIDE', 'INSIDE', 'INSIDE', 'INSIDE']","[[0.13, 0.09, 0.06], [0.72, 1.49, 0.07], [0.34, 0.19, 0.28], [0.87, 1.6, 0.08], [0.06, 1.42, 0.01], [0.45, 0.04, 1.32], [0.67, 0.87, 0.05], [0.57, 1.79, 0.05], [2.65, 0.06, 1.93], [0.38, 0.07, 1.49], [0.29, 0.53, 0.15], [0.43, 0.02, 1.04], [1.98, 0.11, 1.89], [0.07, 1.07, 0.0], [0.2, 0.36, 0.97], [0.18, 3.24, 0.41], [10.97, 5.44, 2.4], [2.28, 4.27, 0.99], [0.92, 4.18, 1.28], [0.09, 2.46, 0.0], [0.06, 1.84, 0.0], [0.64, 0.34, 0.22], [0.17, 3.89, 0.0], [0.18, 0.42, 1.38], [4.05, 4.39, 0.89], [1.34, 3.16, 0.64], [4.28, 3.01, 0.37], [0.05, 2.18, 0.0]]","[821, 812, 735, 787, 815, 768, 811, 810, 818, 804, 828, 816, 827, 776, 763, 777, 766, 675, 795, 819, 825, 832, 785, 708, 822, 809, 823, 798]",44.8
1501,1790252387188707338,307200,76835,27,21,174.6,"[23.5, 26.1, 31.0, 33.2, 33.8, 36.7, 37.0, 43.6, 43.8, 83.3, 84.1, 88.3, 89.2, 100.4, 104.2, 109.1, 111.5, 132.5, 147.6, 160.5, 174.6]","['NEAR', 'INSIDE', 'INSIDE', 'NEAR', 'NEAR', 'INSIDE', 'NEAR', 'INSIDE', 'RAIL', 'OUTSIDE', 'RAIL', 'INSIDE', 'INSIDE', 'NEAR', 'INSIDE', 'OUTSIDE', 'INSIDE', 'INSIDE', 'INSIDE', 'INSIDE', 'INSIDE']","[[1.07, 0.97, 0.35], [1.33, 2.49, 0.14], [0.24, 1.62, 0.02], [0.25, 0.93, 0.02], [2.58, 0.09, 1.92], [0.09, 1.67, 0.01], [3.48, 0.16, 1.59], [0.18, 1.22, 0.01], [1.24, 0.38, 0.97], [1.2, 0.48, 0.74], [0.2, 0.41, 0.97], [9.57, 5.28, 2.33], [1.5, 3.75, 0.44], [0.75, 0.07, 1.08], [1.51, 4.0, 0.87], [0.87, 0.11, 0.72], [0.08, 3.68, 0.26], [7.32, 4.44, 1.18], [2.85, 4.08, 0.39], [2.97, 4.56, 0.67], [1.17, 2.43, 0.01]]","[783, 803, 787, 810, 818, 813, 816, 826, 830, 775, 763, 766, 777, 806, 825, 832, 785, 822, 794, 809, 798]",47.8
1502,1790252387295750063,307200,77019,31,26,171.5,"[5.6, 22.9, 24.1, 25.7, 33.9, 35.7, 36.1, 36.1, 36.6, 82.5, 83.1, 83.6, 88.1, 88.3, 89.6, 98.5, 100.2, 101.7, 103.4, 108.6, 111.2, 119.0, 132.2, 144.4, 160.2, 171.5]","['RAIL', 'NEAR', 'INSIDE', 'INSIDE', 'NEAR', 'INSIDE', 'RAIL', 'INSIDE', 'NEAR', 'OUTSIDE', 'INSIDE', 'RAIL', 'INSIDE', 'INSIDE', 'INSIDE', 'OUTSIDE', 'NEAR', 'INSIDE', 'INSIDE', 'OUTSIDE', 'INSIDE', 'OUTSIDE', 'INSIDE', 'INSIDE', 'INSIDE', 'OUTSIDE']","[[0.25, 0.13, 0.05], [1.26, 1.08, 0.35], [1.1, 2.44, 0.19], [0.82, 1.33, 0.08], [0.38, 0.09, 1.42], [0.45, 0.69, 0.61], [0.04, 0.14, 0.15], [0.89, 2.15, 0.06], [3.72, 0.15, 1.78], [1.16, 0.51, 0.74], [0.04, 0.58, 0.0], [0.25, 0.41, 0.97], [0.32, 3.38, 0.41], [12.04, 5.33, 2.46], [0.04, 3.13, 0.0], [0.13, 0.51, 0.41], [0.82, 0.07, 1.36], [0.08, 1.78, 0.0], [0.36, 3.98, 0.84], [0.37, 0.38, 0.22], [0.11, 3.67, 0.25], [0.17, 0.23, 1.04], [7.28, 4.43, 1.18], [8.56, 3.89, 0.72], [2.92, 4.55, 0.67], [4.36, 1.19, 0.38]]","[821, 783, 803, 812, 818, 804, 828, 813, 816, 775, 766, 763, 777, 762, 675, 795, 806, 817, 825, 832, 785, 708, 822, 794, 809, 823]",45.7
1503,1790252387390353092,307200,77428,27,23,178.4,"[5.4, 30.5, 30.7, 33.8, 36.0, 36.0, 36.5, 43.1, 83.4, 87.9, 87.9, 91.0, 98.6, 100.0, 101.5, 108.9, 110.9, 119.1, 130.4, 143.3, 158.2, 168.8, 178.4]","['RAIL', 'INSIDE', 'NEAR', 'NEAR', 'RAIL', 'INSIDE', 'NEAR', 'INSIDE', 'INSIDE', 'RAIL', 'INSIDE', 'INSIDE', 'INSIDE', 'INSIDE', 'INSIDE', 'OUTSIDE', 'INSIDE', 'INSIDE', 'INSIDE', 'INSIDE', 'INSIDE', 'INSIDE', 'INSIDE']","[[0.19, 0.17, 0.06], [0.08, 1.5, 0.01], [0.49, 0.83, 0.04], [0.37, 0.05, 1.19], [0.28, 0.46, 0.15], [0.57, 2.01, 0.04], [3.37, 0.13, 1.88], [0.13, 1.2, 0.01], [0.09, 0.73, 0.0], [0.2, 0.36, 0.96], [0.17, 3.38, 0.0], [2.75, 1.61, 1.38], [0.08, 1.72, 0.0], [0.05, 2.79, 0.0], [0.05, 1.42, 0.0], [1.36, 0.4, 0.43], [0.17, 3.68, 0.0], [0.91, 4.1, 1.63], [4.06, 4.36, 0.88], [10.49, 4.4, 0.69], [1.35, 3.14, 0.64], [4.23, 2.99, 0.36], [2.28, 4.04, 0.5]]","[821, 815, 787, 818, 828, 813, 816, 826, 766, 763, 777, 675, 806, 819, 817, 832, 785, 708, 822, 794, 809, 823, 798]",43.2
1504,1790252387509125207,307200,77449,21,18,173.9,"[27.7, 32.0, 35.0, 35.7, 37.1, 67.9, 83.3, 87.6, 89.0, 98.3, 99.8, 102.8, 104.3, 110.8, 128.5, 146.9, 159.8, 173.9]","['OUTSIDE', 'NEAR', 'NEAR', 'RAIL', 'NEAR', 'INSIDE', 'RAIL', 'INSIDE', 'INSIDE', 'OUTSIDE', 'NEAR', 'INSIDE', 'INSIDE', 'INSIDE', 'INSIDE', 'INSIDE', 'INSIDE', 'OUTSIDE']","[[0.96, 1.26, 0.23], [1.55, 0.06, 1.9], [1.37, 0.07, 1.75], [0.04, 0.2, 0.15], [1.57, 0.1, 1.87], [0.09, 2.61, 0.0], [0.24, 0.25, 0.96], [9.67, 5.4, 2.51], [0.61, 3.59, 0.19], [0.54, 0.51, 0.22], [0.72, 0.07, 0.96], [0.11, 3.8, 0.84], [0.16, 1.43, 0.43], [0.08, 3.48, 0.25], [13.88, 4.42, 1.3], [2.78, 4.08, 0.38], [3.01, 4.54, 0.67], [1.2, 2.11, 0.01]]","[812, 768, 818, 828, 816, 737, 763, 762, 777, 795, 806, 825, 817, 785, 822, 794, 809, 798]",38.4
1505,1790252387590105061,307200,77757,25,21,173.7,"[28.9, 31.8, 32.2, 32.7, 33.3, 33.9, 34.8, 35.4, 37.0, 41.1, 41.9, 82.4, 83.1, 87.4, 88.8, 95.1, 104.2, 110.6, 146.6, 159.6, 173.7]","['INSIDE', 'INSIDE', 'NEAR', 'NEAR', 'NEAR', 'INSIDE', 'RAIL', 'NEAR', 'NEAR', 'NEAR', 'INSIDE', 'OUTSIDE', 'RAIL', 'INSIDE', 'INSIDE', 'INSIDE', 'INSIDE', 'INSIDE', 'INSIDE', 'INSIDE', 'INSIDE']","[[0.2, 2.12, 0.02], [0.87, 1.77, 0.06], [1.54, 0.06, 1.89], [0.73, 0.92, 0.06], [0.5, 0.05, 1.17], [0.61, 2.94, 0.05], [0.06, 0.2, 0.15], [1.28, 0.09, 1.74], [1.64, 0.11, 1.86], [0.71, 0.99, 0.04], [0.22, 0.88, 0.01], [1.17, 0.5, 0.73], [0.28, 0.41, 0.96], [9.43, 5.27, 2.5], [0.62, 3.58, 0.19], [0.21, 3.79, 0.43], [0.41, 3.96, 0.64], [0.07, 3.67, 0.25], [2.81, 4.07, 0.38], [2.98, 4.54, 0.67], [1.3, 3.94, 0.01]]","[735, 810, 768, 811, 818, 804, 828, 816, 827, 801, 826, 775, 763, 762, 777, 795, 817, 785, 794, 809, 798]",40.1
1506,1790252387695077400,307200,78046,27,21,179.3,"[28.7, 32.0, 33.7, 35.3, 36.6, 43.2, 82.1, 82.7, 82.8, 87.2, 88.0, 90.9, 100.8, 102.3, 108.0, 112.5, 118.1, 131.3, 158.3, 168.7, 179.3]","['INSIDE', 'INSIDE', 'INSIDE', 'RAIL', 'NEAR', 'INSIDE', 'OUTSIDE', 'INSIDE', 'RAIL', 'INSIDE', 'INSIDE', 'INSIDE', 'INSIDE', 'INSIDE', 'OUTSIDE', 'INSIDE', 'OUTSIDE', 'INSIDE', 'INSIDE', 'INSIDE', 'INSIDE']","[[0.19, 2.0, 0.02], [0.75, 1.77, 0.05], [0.57, 2.46, 0.04], [0.3, 0.52, 0.23], [1.93, 0.1, 1.85], [0.29, 0.91, 0.02], [1.21, 0.5, 0.73], [0.08, 0.72, 0.0], [0.23, 0.41, 0.96], [9.45, 5.28, 2.3], [1.43, 3.72, 0.42], [1.96, 3.87, 1.43], [0.1, 3.7, 0.0], [0.13, 3.79, 0.83], [1.06, 0.34, 0.42], [1.5, 4.21, 0.71], [0.23, 0.22, 1.37], [7.36, 4.39, 1.15], [2.51, 3.13, 0.66], [5.29, 3.87, 0.37], [0.05, 0.31, 0.0]]","[735, 810, 804, 828, 827, 826, 775, 766, 763, 762, 777, 675, 819, 825, 832, 820, 708, 822, 809, 823, 798]",40.3
1507,1790252387795721507,307200,78305,25,22,159.1,"[25.2, 28.6, 29.4, 29.5, 31.0, 32.6, 35.1, 35.2, 35.6, 35.8, 81.7, 81.9, 87.0, 87.1, 88.3, 94.5, 102.2, 103.6, 110.1, 131.2, 143.3, 159.1]","['INSIDE', 'INSIDE', 'NEAR', 'INSIDE', 'INSIDE', 'NEAR', 'RAIL', 'INSIDE', 'INSIDE', 'NEAR', 'OUTSIDE', 'INSIDE', 'RAIL', 'OUTSIDE', 'INSIDE', 'INSIDE', 'INSIDE', 'INSIDE', 'INSIDE', 'INSIDE', 'INSIDE', 'INSIDE']","[[0.76, 1.47, 0.08], [0.12, 1.49, 0.01], [0.39, 0.81, 0.03], [0.5, 1.67, 0.04], [0.15, 2.82, 0.01], [0.69, 0.09, 1.37], [0.27, 0.51, 0.23], [0.15, 1.6, 0.01], [1.4, 1.48, 0.1], [3.46, 0.11, 2.08], [1.19, 0.5, 0.73], [7.82, 5.32, 2.48], [0.24, 0.25, 0.95], [0.4, 0.36, 2.13], [0.64, 3.57, 0.19], [0.05, 2.81, 0.0], [0.09, 3.78, 0.83], [0.06, 1.81, 0.0], [0.06, 3.65, 0.25], [7.36, 4.4, 1.17], [8.53, 4.36, 0.72], [2.97, 4.24, 0.67]]","[803, 735, 812, 787, 815, 818, 828, 813, 827, 816, 775, 762, 763, 777, 776, 795, 825, 817, 785, 822, 794, 809]",37.6
1508,1790252387889673090,307200,78489,23,18,174.3,"[25.2, 25.4, 30.9, 31.7, 34.8, 35.5, 81.3, 85.3, 86.8, 86.8, 88.2, 94.3, 103.6, 107.6, 109.8, 146.1, 158.9, 174.3]","['INSIDE', 'NEAR', 'INSIDE', 'NEAR', 'RAIL', 'OUTSIDE', 'INSIDE', 'INSIDE', 'RAIL', 'OUTSIDE', 'INSIDE', 'INSIDE', 'INSIDE', 'OUTSIDE', 'INSIDE', 'INSIDE', 'INSIDE', 'INSIDE']","[[0.55, 1.92, 0.05], [0.39, 0.97, 0.04], [0.21, 2.91, 0.02], [2.53, 0.08, 1.6], [0.05, 0.18, 0.14], [3.36, 0.57, 2.69], [7.57, 5.34, 2.49], [0.03, 1.79, 0.0], [0.24, 0.4, 0.95], [0.52, 0.36, 2.13], [0.74, 3.56, 0.19], [0.32, 3.65, 0.84], [0.34, 3.92, 0.64], [0.92, 0.24, 0.94], [0.25, 3.86, 0.45], [2.8, 4.47, 0.38], [2.93, 4.52, 0.67], [1.22, 3.64, 0.01]]","[803, 735, 815, 768, 828, 816, 762, 784, 763, 777, 776, 795, 817, 832, 785, 794, 809, 798]",31.8
1509,1790252388000356701,307200,78906,30,26,169.3,"[5.6, 22.2, 25.2, 30.7, 31.0, 32.4, 32.5, 34.6, 35.7, 81.4, 81.5, 86.6, 86.6, 87.4, 91.6, 92.7, 100.3, 101.8, 103.3, 107.4, 109.7, 112.3, 117.5, 130.7, 158.1, 169.3]","['OUTSIDE', 'OUTSIDE', 'INSIDE', 'INSIDE', 'NEAR', 'RAIL', 'NEAR', 'RAIL', 'INSIDE', 'OUTSIDE', 'INSIDE', 'RAIL', 'OUTSIDE', 'INSIDE', 'NEAR', 'INSIDE', 'INSIDE', 'INSIDE', 'INSIDE', 'OUTSIDE', 'INSIDE', 'INSIDE', 'OUTSIDE', 'INSIDE', 'INSIDE', 'INSIDE']","[[8.0, 0.22, 2.8], [0.42, 0.54, 0.24], [0.49, 1.57, 0.05], [0.17, 2.15, 0.01], [1.48, 0.06, 1.32], [0.15, 0.34, 1.07], [0.42, 0.04, 1.08], [0.05, 0.19, 0.07], [1.44, 2.99, 0.1], [1.19, 0.49, 0.73], [7.82, 5.35, 2.46], [0.22, 0.4, 0.95], [0.43, 0.36, 2.12], [1.48, 3.66, 0.21], [0.98, 0.2, 1.42], [0.1, 3.69, 0.82], [0.18, 2.45, 0.0], [0.11, 3.77, 0.83], [0.2, 1.64, 0.64], [0.98, 0.34, 0.42], [0.11, 3.43, 0.25], [0.69, 4.19, 1.47], [0.18, 0.23, 1.36], [7.32, 4.37, 1.15], [1.8, 4.23, 0.66], [2.95, 3.86, 0.37]]","[821, 783, 803, 815, 768, 811, 818, 828, 827, 775, 762, 763, 777, 776, 675, 795, 819, 825, 817, 832, 785, 820, 708, 822, 809, 823]",32.7
1510,1790252388093379820,307200,79025,27,23,169.8,"[25.5, 26.5, 31.3, 33.2, 33.4, 33.7, 34.6, 35.6, 81.0, 81.4, 82.7, 86.4, 86.4, 87.7, 92.7, 101.3, 103.1, 107.4, 109.6, 117.2, 130.5, 158.5, 169.8]","['INSIDE', 'INSIDE', 'NEAR', 'INSIDE', 'INSIDE', 'NEAR', 'RAIL', 'NEAR', 'RAIL', 'OUTSIDE', 'INSIDE', 'RAIL', 'OUTSIDE', 'INSIDE', 'INSIDE', 'INSIDE', 'INSIDE', 'OUTSIDE', 'INSIDE', 'RAIL', 'INSIDE', 'INSIDE', 'INSIDE']","[[1.32, 1.77, 0.4], [0.1, 2.5, 0.01], [2.44, 0.07, 1.91], [0.25, 1.27, 0.02], [0.12, 1.16, 0.01], [1.35, 0.06, 1.43], [0.42, 0.52, 0.23], [1.68, 0.13, 1.77], [0.11, 0.15, 0.24], [1.22, 0.47, 0.72], [7.64, 5.29, 2.47], [0.22, 0.25, 0.95], [0.26, 0.36, 2.12], [0.65, 3.54, 0.19], [2.5, 4.08, 1.47], [0.54, 4.08, 0.83], [0.22, 1.76, 0.19], [0.71, 0.24, 0.93], [0.09, 3.44, 0.25], [0.1, 0.22, 0.33], [7.27, 4.38, 0.9], [2.95, 4.51, 0.66], [4.32, 2.97, 0.38]]","[803, 735, 768, 804, 810, 818, 828, 816, 775, 766, 762, 763, 777, 776, 795, 825, 817, 832, 785, 708, 822, 809, 823]",28.7
