frame,ts_ns,in_points,roi_points,raw_candidates,confirmed,max_dist,dist_list,zone_list,size_list,track_id_list,proc_ms
1,1788356943883772488,307200,101241,24,0,0.0,[],[],[],[],637.1
2,1788356944077048127,307200,101181,22,0,0.0,[],[],[],[],858.3
3,1788356944271841223,307200,101212,27,0,0.0,[],[],[],[],790.1
4,1788356944472306172,307200,101332,18,0,0.0,[],[],[],[],427.5
5,1788356944678282800,307200,101358,23,0,0.0,[],[],[],[],412.7
6,1788356944869797506,307200,101353,19,0,0.0,[],[],[],[],449.1
7,1788356945062640602,307200,101341,23,0,0.0,[],[],[],[],453.2
8,1788356945273002146,307200,101342,22,0,0.0,[],[],[],[],472.3
9,1788356945472217978,307200,101345,21,0,0.0,[],[],[],[],587.7
10,1788356945667878370,307200,101199,21,0,0.0,[],[],[],[],702.3
11,1788356945867933891,307200,101124,22,0,0.0,[],[],[],[],725.8
12,1788356946063950045,307200,101241,25,0,0.0,[],[],[],[],454.9
13,1788356946266555103,307200,101364,21,0,0.0,[],[],[],[],432.3
14,1788356946470017060,307200,101157,24,0,0.0,[],[],[],[],434.5
15,1788356946680664622,307200,101199,18,1,40.1,[40.1],['INSIDE'],"[[0.66, 1.53, 0.05]]",[6],436.8
16,1788356946867501928,307200,101808,22,1,40.0,[40.0],['INSIDE'],"[[0.44, 1.26, 0.03]]",[6],473.8
17,1788356947069126870,307200,102932,19,3,84.9,"[34.5, 41.7, 84.9]","['INSIDE', 'INSIDE', 'NEAR']","[[0.66, 0.73, 0.35], [0.68, 1.16, 0.05], [1.1, 1.38, 0.37]]","[25, 6, 9]",828.8
18,1788356947269744718,307200,101134,21,2,43.3,"[40.9, 43.3]","['RAIL', 'RAIL']","[[0.72, 0.78, 0.26], [0.34, 0.17, 0.45]]","[6, 29]",800.4
19,1788356947468788208,307200,101045,20,5,96.0,"[40.2, 47.0, 84.6, 87.6, 96.0]","['INSIDE', 'INSIDE', 'OUTSIDE', 'INSIDE', 'INSIDE']","[[1.02, 1.69, 0.07], [0.77, 0.82, 0.05], [2.07, 1.01, 2.75], [3.28, 1.67, 0.48], [0.75, 1.1, 0.61]]","[29, 7, 15, 9, 14]",441.6
20,1788356947667090219,307200,101131,24,6,94.5,"[34.2, 40.1, 48.0, 84.9, 87.2, 94.5]","['RAIL', 'INSIDE', 'INSIDE', 'INSIDE', 'INSIDE', 'INSIDE']","[[0.35, 0.24, 0.6], [0.21, 1.19, 0.02], [0.52, 0.84, 0.03], [0.73, 1.19, 0.58], [3.89, 2.34, 3.03], [0.18, 2.08, 0.2]]","[29, 25, 7, 9, 15, 14]",424.5
21,1788356947867815114,307200,101575,25,6,91.5,"[27.0, 41.5, 48.5, 81.6, 87.1, 91.5]","['RAIL', 'INSIDE', 'INSIDE', 'INSIDE', 'INSIDE', 'INSIDE']","[[0.12, 0.2, 0.43], [1.05, 1.94, 0.11], [0.48, 1.16, 0.03], [7.9, 3.24, 3.11], [2.02, 1.01, 0.56], [1.11, 1.58, 0.42]]","[7, 4, 6, 16, 9, 14]",450.5
22,1788356948079327141,307200,102527,28,11,116.9,"[28.4, 31.2, 33.7, 36.5, 41.6, 45.9, 79.1, 88.6, 89.8, 96.0, 116.9]","['RAIL', 'INSIDE', 'INSIDE', 'INSIDE', 'INSIDE', 'INSIDE', 'NEAR', 'INSIDE', 'RAIL', 'INSIDE', 'OUTSIDE']","[[0.23, 0.26, 0.5], [0.63, 0.72, 0.32], [0.08, 2.89, 0.64], [1.02, 1.38, 0.11], [0.51, 1.02, 0.04], [1.52, 1.71, 0.14], [6.64, 1.32, 3.04], [6.58, 2.88, 3.41], [0.52, 0.66, 0.62], [0.26, 2.11, 0.25], [2.25, 0.06, 0.48]]","[7, 25, 28, 4, 6, 5, 9, 14, 16, 27, 15]",440.8
23,1788356948288008651,307200,98780,19,5,90.3,"[31.6, 37.2, 41.6, 43.1, 90.3]","['RAIL', 'NEAR', 'INSIDE', 'INSIDE', 'OUTSIDE']","[[0.14, 0.25, 0.47], [0.56, 0.77, 0.86], [1.02, 1.58, 0.07], [0.31, 1.3, 0.02], [0.76, 0.48, 0.6]]","[7, 5, 6, 28, 16]",462.6
24,1788356948477657463,307200,101264,29,10,111.4,"[29.0, 30.2, 30.6, 36.5, 40.4, 40.9, 42.8, 87.5, 90.6, 111.4]","['RAIL', 'RAIL', 'INSIDE', 'INSIDE', 'INSIDE', 'INSIDE', 'INSIDE', 'OUTSIDE', 'NEAR', 'OUTSIDE']","[[0.43, 0.1, 0.56], [0.18, 0.23, 0.53], [0.33, 0.61, 0.27], [0.99, 0.57, 0.27], [1.12, 1.55, 0.08], [0.54, 1.4, 0.04], [0.42, 1.16, 0.04], [1.91, 0.24, 1.36], [0.26, 1.04, 0.24], [0.84, 0.46, 0.59]]","[29, 7, 4, 33, 6, 28, 5, 14, 27, 16]",471.2
25,1788356948679241258,307200,101819,28,11,113.5,"[24.7, 27.9, 30.3, 30.5, 32.5, 32.7, 35.7, 37.7, 41.7, 99.6, 113.5]","['RAIL', 'RAIL', 'OUTSIDE', 'INSIDE', 'INSIDE', 'INSIDE', 'NEAR', 'OUTSIDE', 'OUTSIDE', 'OUTSIDE', 'INSIDE']","[[0.21, 0.22, 0.49], [0.26, 0.08, 0.39], [0.68, 0.8, 0.87], [0.72, 1.21, 0.09], [0.5, 0.88, 0.03], [1.05, 1.48, 0.1], [1.67, 0.88, 0.51], [0.49, 0.81, 0.53], [2.15, 1.45, 1.12], [0.03, 0.4, 0.4], [0.06, 1.98, 0.0]]","[7, 28, 25, 3, 6, 5, 33, 4, 2, 11, 27]",878.6
26,1788356948871720676,307200,101991,20,8,103.4,"[28.0, 29.8, 32.9, 32.9, 35.0, 41.9, 94.9, 103.4]","['RAIL', 'RAIL', 'NEAR', 'INSIDE', 'INSIDE', 'NEAR', 'INSIDE', 'OUTSIDE']","[[0.26, 0.25, 0.53], [0.24, 0.13, 0.43], [0.39, 0.72, 0.5], [0.26, 1.17, 0.02], [2.44, 2.42, 0.68], [1.95, 0.9, 0.5], [5.97, 4.7, 2.82], [2.34, 0.57, 2.25]]","[28, 33, 37, 6, 5, 4, 17, 11]",632.5
27,1788356949077645610,307200,102917,27,15,115.5,"[28.2, 28.4, 29.1, 30.1, 30.2, 30.5, 32.3, 41.6, 86.7, 90.7, 92.6, 97.7, 103.2, 104.5, 115.5]","['RAIL', 'RAIL', 'OUTSIDE', 'OUTSIDE', 'INSIDE', 'INSIDE', 'INSIDE', 'OUTSIDE', 'OUTSIDE', 'NEAR', 'NEAR', 'OUTSIDE', 'OUTSIDE', 'OUTSIDE', 'INSIDE']","[[0.53, 0.23, 0.57], [0.19, 0.13, 0.53], [0.4, 0.67, 0.79], [0.42, 0.8, 0.81], [0.52, 1.57, 0.05], [1.22, 1.44, 0.08], [1.51, 2.4, 0.62], [0.7, 0.97, 0.7], [0.86, 0.24, 1.47], [3.72, 0.79, 2.96], [0.97, 0.98, 1.19], [0.19, 1.42, 0.68], [7.02, 1.46, 2.32], [1.04, 0.97, 1.94], [0.7, 3.49, 0.26]]","[33, 5, 37, 25, 2, 6, 4, 3, 15, 34, 14, 11, 17, 16, 27]",444.0
28,1788356949272584958,307200,95163,27,16,118.3,"[27.7, 28.2, 28.7, 29.6, 29.6, 30.7, 31.3, 34.2, 42.2, 74.9, 88.8, 91.1, 91.9, 94.7, 102.1, 118.3]","['RAIL', 'RAIL', 'OUTSIDE', 'OUTSIDE', 'NEAR', 'INSIDE', 'INSIDE', 'INSIDE', 'INSIDE', 'OUTSIDE', 'NEAR', 'NEAR', 'OUTSIDE', 'OUTSIDE', 'OUTSIDE', 'INSIDE']","[[0.67, 0.27, 0.72], [0.71, 0.12, 0.56], [1.05, 1.08, 1.23], [0.53, 0.81, 0.84], [0.19, 0.77, 0.5], [1.31, 1.85, 0.13], [1.22, 2.46, 0.35], [1.3, 1.75, 0.09], [0.51, 1.21, 0.05], [6.37, 0.43, 1.42], [3.23, 1.17, 3.31], [1.26, 0.74, 0.82], [1.02, 1.17, 2.48], [1.14, 0.71, 1.15], [1.04, 0.52, 1.0], [1.06, 1.31, 0.05]]","[5, 3, 37, 25, 2, 4, 41, 6, 33, 18, 34, 14, 17, 16, 22, 9]",435.7
29,1788356949468671920,307200,97885,26,17,186.3,"[24.9, 26.8, 26.9, 28.3, 29.9, 30.9, 31.2, 31.7, 34.3, 42.8, 49.6, 91.9, 94.6, 96.9, 99.1, 115.6, 186.3]","['RAIL', 'RAIL', 'RAIL', 'OUTSIDE', 'NEAR', 'NEAR', 'INSIDE', 'INSIDE', 'INSIDE', 'INSIDE', 'INSIDE', 'NEAR', 'NEAR', 'OUTSIDE', 'OUTSIDE', 'OUTSIDE', 'OUTSIDE']","[[1.14, 0.13, 0.28], [0.91, 0.35, 0.78], [0.49, 0.16, 0.6], [2.4, 1.86, 2.09], [0.88, 1.16, 1.02], [0.61, 0.75, 0.48], [1.12, 1.89, 0.1], [1.27, 1.76, 0.13], [0.29, 0.9, 0.02], [1.31, 1.52, 0.12], [0.39, 1.04, 0.02], [3.8, 1.07, 3.32], [4.14, 1.3, 2.45], [1.03, 0.69, 2.76], [1.92, 0.74, 0.93], [2.4, 0.88, 1.64], [2.06, 0.49, 2.86]]","[25, 3, 5, 33, 2, 37, 41, 4, 6, 28, 1, 15, 14, 27, 17, 18, 38]",439.6
30,1788356949663715730,307200,101465,23,15,183.8,"[22.3, 24.3, 28.6, 28.9, 29.1, 29.4, 34.7, 44.4, 51.8, 89.4, 92.0, 92.2, 98.1, 112.9, 183.8]","['RAIL', 'RAIL', 'OUTSIDE', 'RAIL', 'INSIDE', 'INSIDE', 'INSIDE', 'OUTSIDE', 'OUTSIDE', 'NEAR', 'OUTSIDE', 'NEAR', 'OUTSIDE', 'INSIDE', 'OUTSIDE']","[[1.2, 0.18, 0.32], [0.96, 0.32, 0.91], [0.39, 1.11, 1.26], [0.55, 0.14, 0.64], [1.28, 2.86, 0.82], [1.14, 1.91, 0.1], [0.51, 1.39, 0.04], [1.37, 1.46, 1.21], [1.39, 0.4, 1.95], [0.75, 0.72, 1.63], [0.43, 0.38, 1.33], [1.21, 1.12, 1.02], [0.88, 0.7, 1.26], [2.9, 1.61, 0.18], [2.23, 0.19, 2.32]]","[2, 5, 4, 3, 37, 41, 6, 33, 26, 14, 17, 18, 27, 1, 38]",428.8
31,1788356949863431520,307200,102027,26,14,117.4,"[21.6, 24.5, 26.8, 27.8, 31.1, 31.7, 34.7, 44.1, 77.2, 89.7, 93.7, 97.6, 115.3, 117.4]","['RAIL', 'OUTSIDE', 'RAIL', 'NEAR', 'NEAR', 'INSIDE', 'INSIDE', 'INSIDE', 'NEAR', 'NEAR', 'RAIL', 'OUTSIDE', 'OUTSIDE', 'OUTSIDE']","[[0.68, 0.15, 0.31], [0.79, 0.89, 0.93], [0.98, 0.39, 0.86], [0.44, 1.12, 0.94], [0.67, 0.79, 0.6], [0.55, 1.69, 0.05], [1.04, 1.67, 0.07], [1.13, 2.65, 0.62], [4.56, 1.27, 2.67], [3.91, 1.11, 3.36], [0.46, 0.84, 0.62], [0.18, 0.07, 1.08], [0.39, 0.78, 1.02], [0.63, 0.53, 1.11]]","[5, 37, 3, 4, 28, 41, 6, 33, 9, 14, 26, 17, 22, 27]",453.2
32,1788356950064513882,307200,102086,22,9,186.8,"[21.6, 29.1, 31.5, 34.4, 44.9, 91.5, 104.8, 114.8, 186.8]","['RAIL', 'NEAR', 'INSIDE', 'INSIDE', 'INSIDE', 'NEAR', 'INSIDE', 'OUTSIDE', 'ABOVE']","[[0.57, 0.2, 0.38], [0.22, 0.74, 0.52], [1.16, 1.31, 0.1], [0.83, 1.25, 0.06], [1.08, 1.95, 0.1], [3.28, 1.21, 3.27], [2.08, 3.57, 0.74], [0.03, 0.4, 0.76], [1.69, 0.06, 1.34]]","[3, 4, 41, 6, 33, 18, 11, 27, 38]",435.6
33,1788356950261055599,307200,100582,25,15,106.0,"[19.0, 29.4, 31.6, 31.8, 35.0, 35.7, 79.7, 84.3, 88.5, 90.0, 93.4, 97.4, 102.0, 105.1, 106.0]","['RAIL', 'INSIDE', 'INSIDE', 'NEAR', 'INSIDE', 'OUTSIDE', 'NEAR', 'NEAR', 'OUTSIDE', 'INSIDE', 'OUTSIDE', 'OUTSIDE', 'OUTSIDE', 'NEAR', 'INSIDE']","[[0.59, 0.23, 0.51], [0.76, 1.48, 0.07], [1.28, 0.75, 0.12], [1.29, 1.07, 0.56], [0.59, 1.1, 0.05], [0.41, 0.8, 0.49], [5.09, 1.29, 2.93], [3.94, 1.21, 3.08], [0.52, 0.38, 0.76], [2.12, 0.77, 3.34], [1.11, 0.65, 1.6], [1.02, 0.24, 1.27], [1.48, 0.48, 1.83], [1.21, 0.1, 1.21], [1.83, 0.48, 0.9]]","[3, 41, 33, 7, 28, 4, 9, 26, 13, 34, 10, 17, 16, 14, 30]",452.0
34,1788356950465295894,307200,98580,22,15,170.2,"[16.4, 29.0, 31.7, 31.7, 34.7, 47.0, 78.5, 81.0, 85.9, 88.7, 91.6, 98.6, 102.5, 147.1, 170.2]","['RAIL', 'OUTSIDE', 'RAIL', 'INSIDE', 'INSIDE', 'OUTSIDE', 'NEAR', 'NEAR', 'INSIDE', 'INSIDE', 'OUTSIDE', 'OUTSIDE', 'OUTSIDE', 'INSIDE', 'INSIDE']","[[0.35, 0.14, 0.52], [0.72, 1.0, 1.03], [0.6, 0.21, 0.53], [2.28, 2.02, 0.2], [0.71, 1.56, 0.07], [0.41, 0.65, 0.27], [9.05, 1.28, 3.1], [4.13, 1.23, 3.2], [0.43, 0.49, 1.25], [1.58, 0.23, 2.83], [4.9, 0.82, 1.77], [2.74, 0.6, 2.12], [0.94, 0.63, 0.87], [8.91, 3.9, 3.01], [0.92, 3.35, 2.19]]","[6, 37, 3, 41, 28, 4, 9, 8, 18, 15, 13, 16, 12, 20, 19]",446.4
35,1788356950660765352,307200,103587,20,14,185.2,"[13.8, 31.8, 35.8, 80.5, 83.3, 89.0, 91.0, 93.6, 96.4, 101.1, 105.2, 107.3, 118.9, 185.2]","['RAIL', 'INSIDE', 'INSIDE', 'NEAR', 'RAIL', 'INSIDE', 'INSIDE', 'INSIDE', 'OUTSIDE', 'INSIDE', 'OUTSIDE', 'INSIDE', 'INSIDE', 'OUTSIDE']","[[0.78, 0.59, 0.56], [1.03, 1.48, 0.09], [1.06, 1.65, 0.1], [4.23, 1.11, 3.22], [0.57, 0.61, 0.36], [2.51, 0.51, 2.97], [0.46, 0.61, 1.89], [1.8, 0.49, 1.46], [0.34, 0.58, 0.36], [1.92, 0.64, 1.05], [0.81, 0.48, 1.37], [0.21, 0.06, 1.51], [0.71, 0.84, 0.58], [0.02, 0.32, 0.0]]","[3, 41, 28, 8, 26, 15, 30, 18, 13, 14, 10, 34, 22, 38]",476.6
36,1788356950862771071,307200,107008,25,18,182.5,"[27.9, 28.8, 29.0, 29.3, 32.0, 36.4, 49.8, 82.6, 87.1, 93.9, 97.4, 98.2, 102.7, 103.6, 104.5, 104.6, 116.4, 182.5]","['OUTSIDE', 'RAIL', 'INSIDE', 'INSIDE', 'INSIDE', 'NEAR', 'OUTSIDE', 'INSIDE', 'INSIDE', 'INSIDE', 'OUTSIDE', 'OUTSIDE', 'OUTSIDE', 'OUTSIDE', 'OUTSIDE', 'INSIDE', 'INSIDE', 'OUTSIDE']","[[0.42, 0.94, 1.13], [0.4, 0.27, 0.42], [0.96, 0.38, 0.1], [1.07, 1.62, 0.11], [0.7, 0.9, 0.06], [0.26, 0.87, 0.5], [0.6, 0.74, 0.54], [3.92, 0.7, 3.13], [1.89, 0.2, 1.88], [0.95, 0.47, 2.3], [0.31, 0.23, 0.45], [0.95, 0.77, 2.78], [1.68, 0.46, 2.19], [0.03, 0.37, 0.48], [0.84, 0.47, 1.79], [1.61, 0.58, 1.58], [0.78, 0.62, 0.57], [0.2, 0.08, 1.13]]","[33, 6, 37, 28, 41, 4, 2, 26, 14, 11, 10, 17, 13, 12, 34, 15, 22, 38]",488.8
37,1788356951073363229,307200,98167,23,18,166.0,"[28.7, 30.0, 32.7, 36.7, 49.5, 49.5, 80.1, 82.4, 84.0, 87.0, 90.8, 95.1, 96.1, 100.4, 101.2, 102.1, 102.3, 166.0]","['RAIL', 'RAIL', 'NEAR', 'INSIDE', 'INSIDE', 'INSIDE', 'RAIL', 'NEAR', 'NEAR', 'INSIDE', 'OUTSIDE', 'OUTSIDE', 'OUTSIDE', 'OUTSIDE', 'OUTSIDE', 'OUTSIDE', 'INSIDE', 'OUTSIDE']","[[0.78, 0.2, 0.48], [0.7, 0.4, 0.87], [1.44, 0.94, 0.62], [1.44, 2.79, 0.82], [1.08, 1.39, 0.09], [1.0, 1.02, 0.09], [0.61, 0.62, 1.15], [2.44, 0.21, 3.05], [2.51, 0.22, 2.64], [0.47, 0.44, 1.8], [0.26, 0.23, 0.44], [0.98, 0.74, 2.72], [0.66, 0.14, 1.46], [1.15, 0.51, 2.48], [0.08, 0.41, 0.68], [0.44, 0.39, 1.31], [0.29, 0.06, 1.88], [2.43, 0.45, 2.87]]","[6, 1, 37, 28, 41, 33, 8, 26, 18, 11, 10, 17, 13, 9, 34, 15, 14, 21]",425.5
38,1788356951267637042,307200,90428,21,13,163.5,"[29.2, 29.9, 33.2, 36.3, 82.1, 88.8, 94.5, 97.7, 98.3, 99.7, 99.8, 111.5, 163.5]","['OUTSIDE', 'INSIDE', 'INSIDE', 'INSIDE', 'INSIDE', 'INSIDE', 'INSIDE', 'NEAR', 'OUTSIDE', 'OUTSIDE', 'OUTSIDE', 'RAIL', 'OUTSIDE']","[[0.8, 0.91, 1.02], [0.37, 1.46, 0.04], [0.95, 1.5, 0.08], [1.09, 1.49, 0.1], [3.73, 3.27, 3.81], [2.91, 0.63, 3.12], [0.5, 0.57, 1.55], [2.83, 0.26, 1.09], [0.91, 0.36, 0.91], [0.02, 0.35, 0.66], [0.73, 0.51, 0.82], [0.89, 0.82, 0.48], [2.47, 0.48, 2.83]]","[37, 28, 41, 33, 13, 26, 11, 14, 10, 15, 17, 40, 21]",387.3
39,1788356951466165263,307200,93457,21,17,182.9,"[25.2, 27.4, 27.8, 28.6, 29.8, 32.7, 32.8, 35.6, 46.6, 80.3, 85.3, 91.1, 95.3, 97.1, 109.0, 148.7, 182.9]","['RAIL', 'NEAR', 'OUTSIDE', 'NEAR', 'INSIDE', 'INSIDE', 'INSIDE', 'INSIDE', 'OUTSIDE', 'INSIDE', 'INSIDE', 'NEAR', 'INSIDE', 'INSIDE', 'RAIL', 'INSIDE', 'INSIDE']","[[0.3, 0.26, 0.91], [1.25, 1.4, 1.52], [0.7, 0.83, 0.96], [0.68, 0.81, 0.82], [1.21, 1.84, 0.1], [0.38, 1.24, 0.05], [1.1, 1.45, 0.11], [1.03, 1.69, 0.1], [0.74, 0.95, 0.7], [2.32, 3.19, 3.7], [5.02, 0.68, 3.26], [1.19, 0.09, 1.31], [0.9, 0.55, 1.88], [2.16, 0.59, 2.0], [0.92, 0.62, 0.47], [3.03, 4.01, 1.26], [9.31, 4.13, 3.94]]","[6, 37, 28, 33, 41, 4, 2, 7, 5, 13, 8, 14, 11, 18, 30, 38, 19]",376.0
40,1788356951676090812,307200,95912,29,24,180.5,"[25.7, 27.2, 29.9, 30.3, 31.1, 32.8, 32.9, 36.4, 43.1, 76.2, 78.6, 82.9, 86.9, 88.5, 92.4, 92.6, 94.7, 94.8, 105.2, 106.6, 146.3, 166.2, 172.8, 180.5]","['RAIL', 'INSIDE', 'OUTSIDE', 'NEAR', 'NEAR', 'INSIDE', 'INSIDE', 'INSIDE', 'INSIDE', 'NEAR', 'INSIDE', 'INSIDE', 'INSIDE', 'OUTSIDE', 'INSIDE', 'OUTSIDE', 'OUTSIDE', 'INSIDE', 'INSIDE', 'RAIL', 'INSIDE', 'INSIDE', 'OUTSIDE', 'INSIDE']","[[0.28, 0.15, 0.19], [0.63, 1.38, 0.94], [0.41, 0.58, 0.57], [0.35, 0.89, 0.87], [0.89, 0.68, 0.53], [0.93, 1.67, 0.09], [0.5, 0.9, 0.06], [1.01, 1.0, 0.09], [0.25, 1.26, 0.02], [1.41, 0.1, 2.24], [4.96, 0.54, 3.2], [0.9, 0.54, 2.09], [1.62, 0.64, 2.53], [2.76, 0.66, 2.51], [2.23, 0.16, 0.48], [1.79, 0.74, 1.4], [0.06, 0.33, 0.44], [1.81, 0.58, 2.33], [0.73, 0.05, 0.89], [0.93, 0.8, 0.46], [3.09, 3.95, 1.24], [9.24, 4.01, 3.92], [0.24, 0.3, 1.09], [2.81, 3.86, 3.68]]","[6, 37, 33, 7, 28, 2, 4, 41, 5, 13, 8, 14, 9, 16, 12, 18, 17, 26, 11, 30, 38, 19, 39, 21]",410.2
41,1788356951871265779,307200,102051,19,18,177.6,"[28.8, 30.0, 30.6, 32.7, 36.7, 40.7, 75.9, 80.3, 81.0, 85.5, 86.1, 92.3, 92.3, 103.1, 104.2, 118.4, 170.3, 177.6]","['NEAR', 'INSIDE', 'INSIDE', 'INSIDE', 'INSIDE', 'NEAR', 'INSIDE', 'INSIDE', 'INSIDE', 'INSIDE', 'INSIDE', 'OUTSIDE', 'OUTSIDE', 'OUTSIDE', 'RAIL', 'INSIDE', 'INSIDE', 'OUTSIDE']","[[0.28, 0.78, 0.54], [1.04, 1.85, 0.11], [0.6, 1.4, 0.05], [1.47, 1.8, 0.14], [0.76, 1.55, 0.06], [0.72, 0.98, 0.54], [4.8, 0.67, 3.57], [3.51, 0.49, 3.06], [2.11, 0.65, 2.11], [0.99, 0.54, 1.9], [0.98, 0.17, 0.45], [1.24, 0.69, 2.27], [0.1, 0.37, 0.61], [0.39, 0.48, 1.0], [0.89, 0.78, 0.45], [0.2, 3.61, 0.67], [4.09, 3.95, 2.64], [0.31, 0.33, 1.38]]","[33, 2, 41, 5, 50, 28, 9, 8, 26, 11, 12, 16, 18, 27, 30, 13, 38, 20]",449.6
42,1788356952070299310,307200,101524,20,18,175.7,"[28.1, 32.0, 32.2, 33.2, 36.5, 39.6, 72.6, 76.4, 79.0, 83.7, 87.0, 89.9, 90.0, 100.3, 101.4, 115.9, 168.0, 175.7]","['NEAR', 'NEAR', 'INSIDE', 'INSIDE', 'INSIDE', 'INSIDE', 'INSIDE', 'NEAR', 'INSIDE', 'INSIDE', 'RAIL', 'INSIDE', 'INSIDE', 'OUTSIDE', 'RAIL', 'RAIL', 'INSIDE', 'OUTSIDE']","[[0.68, 0.62, 0.55], [0.29, 0.91, 0.86], [0.82, 0.66, 0.28], [1.01, 1.51, 0.09], [1.1, 1.51, 0.08], [0.37, 0.87, 0.31], [3.91, 0.72, 3.39], [2.58, 0.38, 3.45], [0.91, 0.54, 1.98], [1.95, 0.23, 0.92], [1.31, 0.63, 0.84], [1.71, 0.55, 1.61], [2.37, 0.53, 0.98], [0.05, 0.31, 0.61], [0.42, 0.48, 0.75], [0.05, 0.19, 0.44], [3.03, 3.85, 1.21], [0.26, 0.29, 1.06]]","[7, 5, 37, 41, 50, 2, 9, 8, 11, 12, 13, 26, 16, 18, 27, 30, 38, 20]",463.2
43,1788356952277563001,307200,101443,17,14,173.4,"[27.9, 30.2, 33.2, 35.9, 40.2, 70.4, 74.3, 83.1, 87.7, 88.0, 99.2, 113.6, 115.5, 173.4]","['NEAR', 'INSIDE', 'INSIDE', 'INSIDE', 'INSIDE', 'INSIDE', 'INSIDE', 'INSIDE', 'INSIDE', 'OUTSIDE', 'RAIL', 'OUTSIDE', 'RAIL', 'INSIDE']","[[0.61, 1.09, 1.01], [1.1, 1.76, 0.11], [1.03, 1.61, 0.09], [0.92, 1.48, 0.09], [1.07, 1.66, 0.08], [3.71, 0.69, 2.69], [2.1, 0.61, 3.4], [1.85, 0.39, 1.93], [0.36, 0.2, 1.5], [0.99, 0.31, 0.31], [5.14, 0.63, 0.72], [0.09, 0.24, 0.59], [0.42, 0.47, 0.73], [3.04, 4.1, 1.2]]","[37, 33, 41, 2, 50, 9, 13, 16, 30, 27, 26, 18, 40, 39]",480.3
44,1788356952467297011,307200,101492,16,13,171.0,"[27.9, 28.0, 29.6, 32.4, 32.7, 35.3, 70.3, 79.2, 79.3, 85.3, 85.7, 113.2, 171.0]","['OUTSIDE', 'OUTSIDE', 'INSIDE', 'OUTSIDE', 'INSIDE', 'INSIDE', 'NEAR', 'INSIDE', 'RAIL', 'OUTSIDE', 'OUTSIDE', 'INSIDE', 'INSIDE']","[[1.92, 1.38, 1.47], [0.48, 0.94, 1.03], [1.01, 1.72, 0.11], [0.65, 0.93, 1.17], [1.99, 1.93, 0.17], [1.25, 1.8, 0.12], [1.65, 0.55, 2.45], [0.87, 0.52, 1.88], [0.5, 0.34, 0.18], [1.03, 0.3, 0.3], [1.06, 0.67, 0.82], [0.06, 2.21, 0.0], [2.96, 3.67, 0.82]]","[37, 33, 28, 7, 41, 2, 8, 26, 9, 40, 18, 13, 39]",466.8
45,1788356952669376523,307200,102010,15,11,168.2,"[30.2, 31.5, 32.2, 35.9, 41.0, 43.2, 76.1, 79.1, 86.6, 93.8, 168.2]","['RAIL', 'OUTSIDE', 'NEAR', 'INSIDE', 'INSIDE', 'INSIDE', 'NEAR', 'NEAR', 'NEAR', 'INSIDE', 'INSIDE']","[[0.23, 0.46, 0.26], [0.85, 1.14, 1.3], [0.32, 0.72, 0.56], [0.32, 1.01, 0.03], [1.82, 1.95, 0.17], [0.32, 1.29, 0.02], [5.1, 0.61, 1.68], [0.66, 0.17, 1.36], [0.91, 0.17, 0.86], [1.24, 2.61, 3.49], [4.11, 3.91, 2.9]]","[6, 33, 7, 41, 2, 50, 8, 26, 14, 13, 21]",434.4
46,1788356952877400494,307200,102641,18,14,92.4,"[27.9, 29.0, 31.6, 32.3, 36.5, 42.0, 75.2, 78.8, 80.7, 81.5, 84.0, 86.3, 91.1, 92.4]","['OUTSIDE', 'OUTSIDE', 'INSIDE', 'INSIDE', 'INSIDE', 'NEAR', 'NEAR', 'RAIL', 'NEAR', 'INSIDE', 'NEAR', 'NEAR', 'OUTSIDE', 'RAIL']","[[0.82, 1.25, 1.46], [0.5, 0.93, 1.12], [0.57, 1.03, 0.05], [1.13, 1.67, 0.11], [0.52, 1.17, 0.04], [0.43, 1.1, 0.53], [3.38, 0.69, 2.15], [1.98, 0.68, 0.94], [2.46, 0.28, 1.02], [2.43, 0.6, 1.98], [0.78, 0.1, 0.88], [0.14, 0.27, 0.19], [0.16, 0.36, 0.55], [0.59, 0.59, 0.14]]","[37, 7, 41, 2, 50, 28, 13, 26, 11, 48, 8, 16, 18, 14]",418.9
47,1788356953083383620,307200,101590,20,19,117.1,"[27.5, 28.7, 29.0, 29.5, 31.6, 32.0, 36.2, 40.5, 46.4, 69.6, 72.4, 75.6, 78.6, 84.5, 89.2, 90.1, 100.0, 104.4, 117.1]","['OUTSIDE', 'OUTSIDE', 'NEAR', 'INSIDE', 'INSIDE', 'INSIDE', 'INSIDE', 'INSIDE', 'OUTSIDE', 'NEAR', 'INSIDE', 'RAIL', 'RAIL', 'INSIDE', 'RAIL', 'NEAR', 'INSIDE', 'OUTSIDE', 'RAIL']","[[0.83, 0.91, 0.97], [0.21, 0.94, 1.09], [0.64, 0.89, 0.76], [1.12, 1.99, 0.25], [0.72, 1.15, 0.06], [0.49, 0.81, 0.03], [1.03, 1.55, 0.1], [0.73, 0.99, 0.06], [0.66, 0.83, 0.53], [0.35, 0.24, 1.24], [1.57, 0.67, 2.24], [1.27, 0.59, 1.15], [1.87, 0.49, 0.84], [0.43, 0.44, 1.73], [0.69, 0.51, 0.36], [2.0, 0.27, 1.79], [0.94, 1.28, 0.76], [0.29, 0.25, 0.25], [0.42, 0.56, 0.45]]","[37, 7, 33, 28, 41, 46, 2, 50, 4, 9, 13, 16, 8, 48, 14, 11, 27, 10, 15]",410.7
48,1788356953258946259,307200,101650,20,18,119.3,"[26.4, 27.2, 28.4, 29.0, 30.3, 36.8, 41.8, 49.0, 72.1, 76.3, 79.2, 80.6, 86.6, 88.2, 89.4, 102.1, 103.7, 119.3]","['NEAR', 'INSIDE', 'OUTSIDE', 'INSIDE', 'RAIL', 'INSIDE', 'INSIDE', 'INSIDE', 'INSIDE', 'NEAR', 'INSIDE', 'NEAR', 'RAIL', 'ABOVE', 'OUTSIDE', 'OUTSIDE', 'OUTSIDE', 'RAIL']","[[0.8, 1.1, 1.44], [0.47, 1.22, 0.7], [0.54, 0.7, 1.05], [0.38, 1.12, 0.75], [0.59, 0.77, 0.54], [1.65, 2.96, 0.78], [1.04, 1.4, 0.09], [1.07, 1.31, 0.08], [4.54, 0.65, 2.5], [1.64, 0.14, 1.57], [1.19, 0.55, 1.87], [2.32, 0.2, 0.97], [1.26, 0.5, 0.36], [0.57, 1.84, 0.79], [2.18, 0.25, 2.18], [0.18, 0.23, 0.21], [0.69, 0.29, 0.15], [0.39, 0.6, 0.44]]","[37, 28, 33, 4, 46, 2, 41, 50, 13, 48, 8, 26, 14, 27, 11, 15, 18, 10]",463.2
49,1788356953472272767,307200,101580,26,23,169.8,"[26.2, 26.8, 27.0, 28.3, 29.0, 29.0, 37.2, 42.2, 43.2, 47.0, 70.1, 73.3, 76.7, 80.1, 85.1, 85.4, 95.5, 99.9, 101.8, 113.5, 148.8, 159.7, 169.8]","['RAIL', 'NEAR', 'INSIDE', 'RAIL', 'INSIDE', 'INSIDE', 'INSIDE', 'NEAR', 'OUTSIDE', 'RAIL', 'INSIDE', 'RAIL', 'RAIL', 'INSIDE', 'INSIDE', 'OUTSIDE', 'OUTSIDE', 'NEAR', 'OUTSIDE', 'RAIL', 'INSIDE', 'INSIDE', 'INSIDE']","[[0.78, 0.45, 0.76], [0.6, 0.56, 0.46], [0.72, 1.6, 0.08], [0.62, 0.46, 1.0], [2.09, 2.99, 0.87], [1.12, 0.91, 0.1], [0.59, 0.98, 0.04], [0.43, 0.97, 0.49], [1.02, 0.82, 0.51], [1.74, 0.07, 0.02], [3.16, 0.5, 1.96], [0.53, 0.04, 0.63], [1.43, 0.62, 0.72], [1.26, 0.59, 3.21], [0.7, 3.02, 0.78], [0.29, 0.24, 1.5], [4.07, 0.31, 2.49], [1.25, 0.13, 0.86], [0.98, 0.44, 0.41], [0.38, 0.52, 0.43], [7.31, 3.28, 3.34], [3.03, 4.08, 1.1], [4.93, 3.82, 0.67]]","[6, 4, 28, 50, 2, 41, 46, 37, 33, 7, 13, 9, 48, 16, 40, 17, 11, 8, 10, 30, 19, 32, 21]",473.0
50,1788356953692220211,307200,101648,27,21,161.0,"[26.1, 28.0, 29.4, 31.1, 38.2, 40.1, 45.6, 46.1, 70.8, 74.8, 82.8, 83.6, 87.3, 93.3, 96.2, 97.6, 99.6, 107.0, 119.4, 146.4, 161.0]","['RAIL', 'NEAR', 'OUTSIDE', 'OUTSIDE', 'NEAR', 'INSIDE', 'INSIDE', 'INSIDE', 'NEAR', 'INSIDE', 'NEAR', 'INSIDE', 'INSIDE', 'OUTSIDE', 'OUTSIDE', 'INSIDE', 'OUTSIDE', 'OUTSIDE', 'INSIDE', 'INSIDE', 'INSIDE']","[[0.19, 0.11, 0.18], [0.74, 1.33, 0.91], [0.33, 0.79, 0.96], [0.34, 0.63, 0.81], [0.57, 0.8, 0.69], [1.1, 1.73, 0.11], [1.2, 0.8, 0.08], [0.63, 1.25, 0.05], [2.5, 0.27, 2.62], [2.76, 0.45, 1.76], [1.3, 0.15, 0.92], [0.38, 3.76, 0.23], [1.64, 0.24, 1.55], [0.15, 0.38, 1.26], [4.21, 0.17, 2.04], [1.23, 4.15, 0.83], [0.6, 0.6, 1.27], [0.98, 0.39, 0.4], [0.13, 2.52, 0.0], [7.18, 3.42, 3.23], [12.23, 4.18, 3.58]]","[6, 28, 4, 5, 41, 2, 46, 50, 13, 9, 16, 45, 26, 17, 11, 27, 30, 10, 12, 19, 32]",457.2
51,1788356953890701278,307200,101902,23,16,118.9,"[25.4, 26.8, 26.8, 27.6, 27.9, 28.9, 34.2, 42.0, 47.1, 69.7, 73.8, 76.4, 81.0, 95.6, 97.5, 118.9]","['NEAR', 'NEAR', 'NEAR', 'INSIDE', 'INSIDE', 'INSIDE', 'OUTSIDE', 'INSIDE', 'INSIDE', 'NEAR', 'NEAR', 'RAIL', 'RAIL', 'OUTSIDE', 'OUTSIDE', 'RAIL']","[[0.95, 1.47, 1.41], [0.75, 1.44, 1.53], [0.36, 0.69, 0.48], [0.47, 1.64, 0.05], [0.72, 1.43, 0.09], [0.95, 1.3, 0.06], [0.43, 1.19, 0.71], [1.01, 1.07, 0.1], [0.65, 1.16, 0.05], [1.76, 0.24, 2.14], [0.62, 0.52, 2.0], [0.06, 0.28, 0.21], [2.73, 0.71, 0.83], [0.15, 0.47, 1.14], [1.13, 0.47, 1.08], [0.42, 0.5, 0.42]]","[28, 4, 2, 33, 37, 46, 7, 5, 50, 13, 9, 48, 8, 27, 30, 17]",426.1
52,1788356954068215713,307200,101812,23,17,161.8,"[27.6, 28.7, 30.4, 33.5, 40.4, 45.9, 49.0, 77.6, 82.8, 82.9, 93.4, 94.9, 96.4, 105.7, 107.7, 116.8, 161.8]","['NEAR', 'NEAR', 'NEAR', 'NEAR', 'INSIDE', 'INSIDE', 'INSIDE', 'INSIDE', 'NEAR', 'INSIDE', 'OUTSIDE', 'INSIDE', 'OUTSIDE', 'OUTSIDE', 'OUTSIDE', 'RAIL', 'INSIDE']","[[1.33, 0.2, 1.75], [0.18, 0.89, 0.72], [0.62, 1.21, 1.18], [0.67, 0.96, 0.7], [1.64, 1.26, 0.17], [0.64, 1.27, 0.04], [1.79, 1.66, 0.14], [2.88, 2.35, 2.14], [1.57, 0.23, 1.48], [1.08, 3.56, 0.21], [0.1, 1.29, 0.0], [0.1, 2.69, 0.22], [2.36, 0.11, 1.72], [0.16, 0.69, 0.81], [0.16, 0.35, 0.2], [0.36, 0.37, 0.14], [5.64, 4.05, 3.61]]","[46, 2, 5, 4, 33, 6, 50, 8, 16, 45, 15, 12, 11, 27, 17, 30, 32]",449.2
53,1788356954263214592,307200,102763,35,18,117.2,"[27.9, 27.9, 29.5, 30.5, 30.7, 32.4, 41.2, 43.9, 45.2, 46.5, 71.4, 80.9, 91.2, 92.7, 104.8, 108.4, 111.8, 117.2]","['NEAR', 'OUTSIDE', 'INSIDE', 'INSIDE', 'INSIDE', 'INSIDE', 'INSIDE', 'INSIDE', 'INSIDE', 'OUTSIDE', 'NEAR', 'NEAR', 'INSIDE', 'INSIDE', 'INSIDE', 'OUTSIDE', 'OUTSIDE', 'RAIL']","[[0.59, 0.19, 1.47], [0.25, 0.17, 0.28], [1.97, 2.57, 1.36], [0.56, 1.15, 0.79], [1.65, 2.48, 1.41], [0.78, 1.59, 0.08], [0.48, 2.14, 0.03], [1.95, 1.88, 0.18], [0.3, 0.87, 0.02], [0.94, 1.09, 1.05], [0.97, 0.14, 1.42], [1.55, 0.22, 1.78], [1.0, 0.18, 1.16], [0.5, 3.74, 0.72], [0.29, 3.75, 0.25], [1.91, 0.57, 1.36], [0.98, 0.23, 0.5], [0.3, 0.53, 0.14]]","[46, 6, 2, 4, 7, 33, 50, 5, 41, 28, 9, 48, 15, 45, 27, 30, 40, 17]",423.9
54,1788356954479665153,307200,101897,25,16,162.4,"[26.6, 30.4, 32.1, 32.7, 40.8, 43.2, 44.8, 44.9, 78.8, 84.7, 90.3, 91.7, 99.8, 101.9, 110.1, 162.4]","['OUTSIDE', 'OUTSIDE', 'INSIDE', 'INSIDE', 'INSIDE', 'INSIDE', 'INSIDE', 'NEAR', 'NEAR', 'INSIDE', 'INSIDE', 'NEAR', 'OUTSIDE', 'OUTSIDE', 'OUTSIDE', 'INSIDE']","[[1.37, 0.2, 1.38], [0.29, 0.17, 1.32], [0.04, 2.81, 0.0], [0.66, 1.02, 0.08], [0.21, 1.27, 0.02], [1.14, 1.48, 0.11], [0.99, 1.27, 0.08], [1.72, 0.88, 0.49], [0.94, 0.08, 0.79], [0.98, 0.64, 0.89], [1.88, 3.71, 1.01], [1.66, 0.35, 2.08], [2.61, 0.63, 1.23], [1.87, 0.14, 0.92], [2.06, 0.31, 2.64], [7.57, 3.45, 0.82]]","[6, 50, 46, 37, 33, 5, 41, 28, 14, 15, 45, 8, 17, 10, 11, 32]",407.7
55,1788356954670681949,307200,102179,30,20,160.5,"[28.9, 29.7, 30.0, 33.0, 33.5, 39.5, 41.3, 44.4, 78.4, 82.5, 85.1, 87.1, 89.2, 90.2, 97.9, 99.9, 102.0, 106.3, 148.5, 160.5]","['NEAR', 'OUTSIDE', 'NEAR', 'NEAR', 'INSIDE', 'INSIDE', 'INSIDE', 'INSIDE', 'INSIDE', 'INSIDE', 'INSIDE', 'RAIL', 'OUTSIDE', 'OUTSIDE', 'OUTSIDE', 'OUTSIDE', 'OUTSIDE', 'INSIDE', 'INSIDE', 'INSIDE']","[[4.62, 0.28, 2.86], [0.52, 0.19, 0.93], [0.7, 0.91, 0.87], [1.02, 0.84, 0.59], [0.39, 1.15, 0.04], [1.73, 1.7, 0.16], [0.74, 1.92, 0.06], [1.4, 1.11, 0.54], [5.0, 0.59, 2.88], [0.97, 0.63, 0.87], [1.51, 3.72, 3.02], [0.37, 0.62, 0.35], [0.13, 0.32, 0.2], [3.19, 0.44, 2.52], [1.03, 0.15, 0.53], [0.16, 0.52, 0.46], [0.99, 0.38, 2.19], [0.2, 3.76, 0.01], [8.41, 4.37, 3.57], [1.54, 1.95, 0.03]]","[6, 50, 5, 4, 33, 28, 41, 7, 8, 15, 45, 51, 17, 30, 11, 10, 18, 12, 19, 32]",438.3
56,1788356954865932536,307200,101905,30,16,117.1,"[29.1, 29.7, 32.5, 42.7, 46.9, 69.9, 74.2, 80.6, 87.5, 88.2, 91.2, 93.7, 94.2, 102.0, 110.9, 117.1]","['NEAR', 'NEAR', 'INSIDE', 'INSIDE', 'INSIDE', 'INSIDE', 'NEAR', 'NEAR', 'INSIDE', 'NEAR', 'OUTSIDE', 'INSIDE', 'INSIDE', 'INSIDE', 'OUTSIDE', 'OUTSIDE']","[[5.54, 0.29, 2.09], [2.26, 1.34, 1.18], [2.07, 2.25, 0.67], [0.1, 2.62, 0.01], [1.32, 1.46, 0.12], [3.05, 2.82, 3.29], [2.14, 0.24, 2.71], [2.93, 0.21, 1.3], [0.07, 3.38, 0.0], [1.1, 0.12, 0.4], [0.08, 0.46, 0.0], [0.31, 3.49, 0.24], [0.14, 3.97, 0.61], [0.08, 3.48, 0.0], [3.18, 0.19, 1.38], [0.17, 0.23, 0.17]]","[50, 4, 33, 46, 28, 9, 13, 14, 10, 26, 17, 40, 12, 27, 30, 18]",425.7
57,1788356955070127386,307200,101927,34,18,119.1,"[28.0, 28.8, 30.3, 32.6, 38.6, 41.4, 72.2, 84.0, 85.6, 86.1, 91.6, 93.8, 95.7, 100.1, 101.4, 107.5, 115.1, 119.1]","['NEAR', 'INSIDE', 'INSIDE', 'INSIDE', 'NEAR', 'INSIDE', 'NEAR', 'NEAR', 'NEAR', 'INSIDE', 'INSIDE', 'OUTSIDE', 'OUTSIDE', 'OUTSIDE', 'INSIDE', 'OUTSIDE', 'INSIDE', 'INSIDE']","[[8.98, 0.31, 2.37], [0.37, 0.88, 0.04], [0.4, 1.37, 0.26], [0.03, 2.96, 0.0], [1.49, 1.43, 1.08], [1.09, 2.32, 0.65], [0.93, 0.13, 1.08], [2.95, 0.15, 0.92], [2.86, 0.1, 0.79], [0.09, 3.01, 0.0], [0.5, 3.64, 1.55], [1.31, 0.49, 1.32], [3.22, 0.67, 1.86], [0.18, 0.3, 0.19], [0.98, 0.77, 0.83], [0.08, 0.94, 0.0], [0.08, 2.61, 0.0], [0.15, 2.95, 0.0]]","[50, 2, 33, 41, 7, 28, 13, 26, 14, 10, 15, 27, 11, 17, 12, 45, 40, 30]",458.6
58,1788356955273001438,307200,102569,35,19,158.1,"[28.1, 32.4, 38.2, 42.9, 44.8, 71.5, 83.0, 84.6, 91.8, 91.8, 93.7, 96.4, 99.3, 101.0, 106.9, 113.1, 117.8, 150.3, 158.1]","['OUTSIDE', 'NEAR', 'NEAR', 'NEAR', 'INSIDE', 'INSIDE', 'NEAR', 'NEAR', 'INSIDE', 'INSIDE', 'INSIDE', 'INSIDE', 'OUTSIDE', 'OUTSIDE', 'OUTSIDE', 'INSIDE', 'INSIDE', 'INSIDE', 'OUTSIDE']","[[6.69, 0.31, 2.43], [1.89, 0.23, 1.73], [1.66, 0.37, 1.21], [0.53, 1.25, 1.24], [1.34, 1.67, 0.13], [3.74, 2.81, 2.82], [1.46, 0.2, 0.53], [5.45, 0.13, 1.37], [1.07, 1.41, 0.81], [0.07, 2.12, 0.0], [0.76, 3.79, 2.64], [0.34, 3.6, 0.23], [0.84, 0.48, 1.54], [1.03, 0.18, 1.12], [1.21, 0.5, 1.69], [0.11, 2.76, 0.0], [0.2, 2.56, 0.01], [5.9, 4.01, 0.92], [0.26, 1.99, 0.29]]","[41, 50, 6, 4, 28, 13, 16, 14, 30, 10, 15, 45, 27, 12, 11, 40, 51, 19, 32]",443.3
59,1788356955475038930,307200,93756,33,18,115.9,"[26.8, 31.0, 34.2, 37.8, 41.9, 71.3, 79.6, 81.6, 83.7, 87.6, 89.7, 92.0, 93.8, 102.1, 103.5, 105.0, 111.0, 115.9]","['OUTSIDE', 'OUTSIDE', 'NEAR', 'INSIDE', 'INSIDE', 'NEAR', 'NEAR', 'INSIDE', 'OUTSIDE', 'INSIDE', 'INSIDE', 'INSIDE', 'OUTSIDE', 'OUTSIDE', 'OUTSIDE', 'OUTSIDE', 'INSIDE', 'RAIL']","[[2.54, 0.22, 1.76], [3.67, 0.26, 1.9], [3.82, 0.38, 2.03], [0.8, 1.68, 0.72], [1.6, 2.23, 0.15], [4.91, 0.19, 2.91], [1.23, 0.12, 1.37], [1.76, 1.03, 2.63], [1.09, 0.3, 0.18], [0.24, 3.29, 0.21], [0.09, 2.02, 0.0], [0.1, 3.43, 0.0], [2.08, 0.21, 1.83], [0.24, 0.88, 0.46], [0.76, 0.4, 2.02], [1.79, 0.48, 1.25], [0.07, 3.68, 0.0], [2.34, 0.15, 0.45]]","[5, 41, 50, 37, 33, 8, 26, 14, 18, 51, 45, 10, 11, 15, 27, 12, 40, 13]",542.1
60,1788356955703849308,307200,101532,32,18,146.4,"[27.0, 27.2, 28.8, 29.5, 31.1, 36.2, 43.8, 44.7, 79.6, 83.7, 86.3, 89.6, 92.4, 96.5, 104.6, 106.0, 113.6, 146.4]","['NEAR', 'NEAR', 'NEAR', 'NEAR', 'INSIDE', 'OUTSIDE', 'INSIDE', 'OUTSIDE', 'NEAR', 'INSIDE', 'INSIDE', 'INSIDE', 'OUTSIDE', 'INSIDE', 'OUTSIDE', 'OUTSIDE', 'INSIDE', 'INSIDE']","[[10.72, 0.4, 2.02], [2.19, 0.38, 2.17], [0.94, 0.26, 0.88], [0.74, 0.66, 0.49], [0.73, 1.83, 0.07], [1.68, 1.38, 1.09], [0.15, 2.61, 0.02], [1.31, 1.15, 0.98], [2.35, 0.19, 2.29], [6.68, 4.32, 3.41], [1.33, 3.57, 1.98], [0.06, 3.65, 0.0], [0.85, 0.09, 0.76], [0.06, 2.41, 0.0], [1.02, 0.14, 1.53], [2.03, 0.21, 0.89], [0.04, 1.61, 0.0], [5.84, 3.91, 0.97]]","[41, 6, 50, 4, 2, 37, 33, 7, 8, 51, 27, 45, 17, 10, 12, 11, 30, 19]",406.5
61,1788356955870389173,307200,101800,36,17,156.3,"[33.5, 38.6, 45.1, 49.2, 75.2, 79.8, 80.3, 82.6, 84.7, 85.8, 87.4, 89.1, 102.6, 104.7, 109.7, 111.1, 156.3]","['OUTSIDE', 'NEAR', 'RAIL', 'RAIL', 'NEAR', 'NEAR', 'INSIDE', 'NEAR', 'NEAR', 'OUTSIDE', 'INSIDE', 'OUTSIDE', 'OUTSIDE', 'INSIDE', 'OUTSIDE', 'OUTSIDE', 'INSIDE']","[[9.2, 0.32, 2.21], [1.63, 0.37, 2.04], [0.42, 0.09, 0.4], [0.15, 0.36, 0.64], [0.76, 0.2, 1.39], [0.87, 0.15, 1.32], [3.97, 4.07, 1.97], [1.97, 0.15, 1.45], [1.16, 0.07, 1.86], [0.84, 0.37, 1.16], [0.12, 3.76, 0.0], [2.12, 0.3, 1.72], [2.91, 0.21, 1.22], [0.05, 1.36, 0.0], [0.07, 0.77, 0.0], [0.07, 1.07, 0.0], [1.18, 4.08, 0.7]]","[5, 41, 6, 46, 8, 16, 51, 13, 48, 10, 15, 17, 18, 40, 27, 11, 32]",392.2
62,1788356956072715958,307200,102127,33,14,109.7,"[44.0, 47.2, 70.2, 77.5, 80.2, 84.2, 84.4, 86.9, 88.3, 92.4, 96.5, 102.2, 102.8, 109.7]","['OUTSIDE', 'RAIL', 'NEAR', 'NEAR', 'NEAR', 'INSIDE', 'OUTSIDE', 'INSIDE', 'INSIDE', 'OUTSIDE', 'OUTSIDE', 'INSIDE', 'OUTSIDE', 'RAIL']","[[0.77, 0.24, 0.89], [0.26, 0.36, 0.61], [8.93, 0.21, 1.38], [3.16, 0.18, 2.87], [5.91, 0.28, 3.13], [4.7, 3.64, 3.03], [0.92, 0.21, 0.92], [0.57, 3.34, 0.22], [0.17, 3.77, 0.46], [1.08, 0.15, 0.38], [1.98, 0.2, 2.26], [1.3, 3.99, 1.69], [0.28, 0.16, 1.71], [0.04, 0.39, 0.62]]","[50, 46, 9, 13, 16, 14, 10, 51, 15, 17, 18, 27, 11, 12]",453.9
63,1788356956272567198,307200,102679,31,15,148.4,"[33.3, 42.0, 44.9, 45.0, 74.0, 81.8, 82.1, 86.2, 90.5, 91.2, 94.7, 95.8, 103.3, 110.2, 148.4]","['NEAR', 'OUTSIDE', 'RAIL', 'INSIDE', 'NEAR', 'NEAR', 'INSIDE', 'OUTSIDE', 'INSIDE', 'INSIDE', 'OUTSIDE', 'INSIDE', 'NEAR', 'INSIDE', 'OUTSIDE']","[[2.43, 0.49, 1.8], [0.38, 0.17, 0.62], [1.01, 0.38, 0.59], [0.42, 1.09, 0.28], [5.0, 0.22, 2.8], [6.22, 0.27, 3.16], [0.07, 3.18, 0.0], [2.19, 0.49, 2.71], [0.08, 3.61, 0.0], [1.63, 3.76, 3.02], [1.97, 0.26, 0.65], [0.34, 3.23, 1.04], [1.72, 0.15, 0.79], [0.07, 2.07, 0.0], [0.26, 2.38, 0.28]]","[6, 50, 46, 28, 13, 48, 12, 11, 15, 14, 18, 27, 30, 51, 19]",414.8
64,1788356956464447796,307200,102403,31,19,114.5,"[23.5, 25.8, 32.7, 34.2, 37.1, 40.4, 43.5, 45.4, 78.5, 80.1, 84.3, 86.0, 86.4, 87.8, 90.9, 93.9, 106.1, 107.6, 114.5]","['OUTSIDE', 'OUTSIDE', 'OUTSIDE', 'RAIL', 'OUTSIDE', 'INSIDE', 'INSIDE', 'INSIDE', 'NEAR', 'NEAR', 'INSIDE', 'INSIDE', 'INSIDE', 'OUTSIDE', 'OUTSIDE', 'INSIDE', 'INSIDE', 'INSIDE', 'INSIDE']","[[2.59, 0.44, 1.45], [1.11, 0.18, 1.24], [0.58, 0.15, 0.51], [0.32, 0.69, 0.56], [0.69, 0.22, 0.66], [0.05, 2.38, 0.01], [0.13, 2.99, 0.29], [0.52, 0.92, 0.05], [9.82, 0.32, 2.66], [1.39, 0.13, 1.35], [0.13, 2.62, 0.0], [3.76, 4.11, 3.27], [0.64, 4.06, 0.76], [2.05, 0.5, 2.78], [2.28, 0.29, 1.73], [1.45, 1.4, 0.28], [1.54, 2.94, 2.56], [0.09, 2.91, 0.0], [0.35, 3.75, 0.8]]","[41, 6, 62, 46, 4, 37, 28, 33, 8, 26, 12, 14, 11, 17, 18, 27, 45, 51, 40]",451.1
65,1788356956665853628,307200,102789,35,20,155.8,"[21.7, 33.7, 33.9, 35.7, 37.6, 40.1, 41.2, 45.0, 72.3, 78.1, 82.5, 87.1, 89.1, 90.2, 92.4, 96.2, 104.1, 106.4, 115.1, 155.8]","['NEAR', 'RAIL', 'NEAR', 'NEAR', 'INSIDE', 'RAIL', 'NEAR', 'INSIDE', 'NEAR', 'INSIDE', 'INSIDE', 'INSIDE', 'NEAR', 'OUTSIDE', 'OUTSIDE', 'OUTSIDE', 'INSIDE', 'OUTSIDE', 'OUTSIDE', 'INSIDE']","[[4.09, 0.49, 1.7], [0.48, 0.17, 0.41], [0.71, 0.25, 0.9], [0.07, 0.24, 1.34], [0.1, 2.65, 0.02], [0.9, 0.42, 0.54], [0.26, 1.4, 0.02], [0.07, 2.22, 0.32], [6.81, 0.22, 2.64], [3.11, 4.13, 1.01], [3.16, 0.43, 1.46], [2.39, 3.67, 0.41], [0.76, 0.13, 2.1], [2.13, 0.89, 1.86], [2.14, 0.43, 0.99], [1.02, 0.2, 1.73], [0.28, 3.49, 1.01], [1.18, 2.06, 0.51], [1.69, 0.62, 0.76], [2.15, 3.52, 0.38]]","[62, 41, 6, 5, 37, 46, 28, 33, 8, 51, 30, 12, 13, 10, 17, 11, 45, 40, 14, 32]",485.9
66,1788356956860479559,307200,101720,31,18,149.8,"[35.8, 39.0, 39.7, 74.3, 78.6, 80.5, 84.7, 85.8, 87.6, 87.8, 89.5, 91.7, 93.2, 94.3, 102.7, 104.6, 112.6, 149.8]","['RAIL', 'NEAR', 'RAIL', 'NEAR', 'NEAR', 'NEAR', 'INSIDE', 'INSIDE', 'RAIL', 'INSIDE', 'INSIDE', 'OUTSIDE', 'INSIDE', 'INSIDE', 'OUTSIDE', 'OUTSIDE', 'INSIDE', 'INSIDE']","[[0.55, 0.2, 0.39], [5.41, 0.5, 1.91], [0.49, 0.71, 0.6], [3.37, 0.19, 2.84], [2.21, 0.33, 3.0], [1.87, 0.14, 1.19], [0.05, 0.98, 0.0], [0.51, 3.72, 0.4], [1.05, 0.65, 0.98], [2.2, 4.06, 3.07], [0.26, 3.39, 0.2], [2.44, 0.41, 2.88], [3.2, 0.51, 1.63], [0.38, 3.61, 0.99], [2.17, 0.35, 2.42], [1.2, 1.8, 2.1], [0.76, 3.21, 0.47], [6.82, 4.29, 0.75]]","[41, 62, 46, 13, 8, 26, 12, 51, 14, 11, 16, 18, 30, 15, 17, 10, 40, 19]",487.9
67,1788356957072107912,307200,101674,32,20,155.5,"[30.0, 33.4, 34.6, 40.2, 74.5, 81.6, 84.1, 87.2, 87.4, 87.8, 91.5, 92.9, 93.0, 99.9, 100.9, 102.9, 106.1, 107.4, 111.1, 155.5]","['NEAR', 'OUTSIDE', 'INSIDE', 'NEAR', 'NEAR', 'INSIDE', 'INSIDE', 'INSIDE', 'RAIL', 'INSIDE', 'INSIDE', 'OUTSIDE', 'OUTSIDE', 'INSIDE', 'OUTSIDE', 'OUTSIDE', 'INSIDE', 'OUTSIDE', 'OUTSIDE', 'INSIDE']","[[8.79, 0.62, 2.23], [1.68, 0.12, 1.07], [0.59, 1.87, 0.05], [0.26, 1.38, 0.27], [6.91, 0.36, 2.7], [2.6, 3.98, 2.19], [1.6, 3.97, 0.77], [4.01, 0.48, 1.24], [0.49, 0.65, 0.35], [0.19, 3.75, 0.42], [0.09, 3.67, 0.0], [0.94, 0.31, 0.19], [3.18, 0.31, 2.79], [0.08, 2.09, 0.0], [0.94, 0.42, 1.53], [0.58, 0.52, 1.79], [0.08, 3.19, 0.0], [0.16, 1.3, 0.0], [0.49, 0.39, 0.29], [8.46, 4.18, 1.04]]","[5, 62, 2, 28, 13, 11, 18, 30, 14, 12, 51, 16, 17, 77, 10, 15, 27, 45, 40, 32]",497.7
68,1788356957264619977,307200,102216,31,20,159.3,"[30.8, 31.2, 35.2, 36.3, 37.9, 39.2, 45.5, 72.6, 83.5, 88.1, 88.9, 89.8, 91.8, 94.2, 101.1, 102.8, 104.2, 109.5, 111.6, 159.3]","['OUTSIDE', 'OUTSIDE', 'NEAR', 'RAIL', 'OUTSIDE', 'RAIL', 'OUTSIDE', 'NEAR', 'RAIL', 'NEAR', 'INSIDE', 'OUTSIDE', 'INSIDE', 'INSIDE', 'INSIDE', 'INSIDE', 'INSIDE', 'INSIDE', 'INSIDE', 'INSIDE']","[[4.77, 0.45, 1.81], [0.51, 0.13, 0.62], [2.93, 0.51, 1.75], [1.98, 0.14, 0.81], [0.95, 0.18, 1.91], [0.49, 0.03, 0.95], [0.22, 0.88, 0.3], [7.13, 0.31, 2.8], [3.46, 0.13, 1.15], [1.55, 0.14, 1.57], [0.2, 3.62, 0.19], [0.35, 0.44, 0.2], [1.92, 3.79, 0.23], [0.1, 0.72, 0.0], [0.05, 1.45, 0.0], [0.36, 2.78, 0.96], [1.14, 0.41, 0.78], [1.46, 3.54, 0.98], [0.1, 3.51, 0.0], [3.08, 4.23, 1.75]]","[2, 58, 5, 6, 41, 62, 33, 13, 48, 26, 51, 16, 12, 77, 45, 10, 30, 27, 40, 32]",461.0
69,1788356957479660740,307200,102371,35,18,112.9,"[26.8, 31.6, 37.9, 40.5, 45.2, 71.5, 80.5, 83.2, 83.2, 83.8, 85.0, 85.2, 89.3, 90.7, 95.1, 103.9, 105.5, 112.9]","['OUTSIDE', 'NEAR', 'NEAR', 'OUTSIDE', 'OUTSIDE', 'NEAR', 'NEAR', 'INSIDE', 'RAIL', 'INSIDE', 'OUTSIDE', 'INSIDE', 'OUTSIDE', 'INSIDE', 'OUTSIDE', 'INSIDE', 'INSIDE', 'INSIDE']","[[9.81, 0.67, 2.44], [2.49, 0.32, 2.08], [1.29, 0.25, 0.59], [0.42, 0.21, 0.32], [0.17, 1.7, 0.7], [6.02, 0.36, 2.61], [0.73, 0.18, 0.76], [4.0, 0.47, 1.35], [1.53, 0.22, 0.93], [2.43, 3.8, 0.38], [1.43, 0.73, 1.29], [0.52, 3.86, 1.22], [0.95, 0.25, 0.75], [3.35, 3.89, 3.08], [0.04, 0.5, 0.0], [0.07, 2.76, 0.0], [0.41, 1.76, 0.92], [0.1, 3.26, 0.0]]","[58, 6, 4, 41, 46, 13, 48, 26, 18, 11, 17, 51, 14, 8, 12, 40, 45, 77]",445.3
70,1788356957703432520,307200,103887,36,20,146.9,"[26.5, 29.1, 32.4, 34.4, 35.6, 40.4, 41.5, 46.5, 83.3, 84.0, 85.7, 86.3, 89.2, 90.4, 97.7, 102.2, 104.8, 109.8, 111.2, 146.9]","['OUTSIDE', 'OUTSIDE', 'RAIL', 'NEAR', 'INSIDE', 'INSIDE', 'INSIDE', 'OUTSIDE', 'INSIDE', 'INSIDE', 'INSIDE', 'OUTSIDE', 'OUTSIDE', 'RAIL', 'INSIDE', 'INSIDE', 'OUTSIDE', 'INSIDE', 'NEAR', 'INSIDE']","[[9.05, 0.68, 2.43], [0.94, 0.07, 1.21], [0.71, 0.13, 0.54], [0.13, 0.24, 0.64], [0.52, 1.84, 0.25], [0.07, 1.81, 0.01], [0.09, 0.81, 0.62], [0.44, 0.96, 0.35], [3.08, 0.37, 2.53], [1.57, 3.72, 0.37], [3.37, 3.91, 2.61], [0.69, 0.25, 1.07], [1.01, 0.15, 0.55], [2.02, 0.2, 0.72], [0.05, 2.72, 0.0], [0.13, 2.49, 0.0], [1.08, 0.11, 1.37], [2.39, 3.91, 0.87], [0.11, 1.43, 0.0], [2.14, 3.57, 0.33]]","[2, 5, 50, 6, 4, 58, 41, 46, 26, 11, 51, 63, 17, 18, 40, 27, 14, 77, 10, 19]",425.0
71,1788356957866351276,307200,104805,29,20,160.7,"[32.8, 41.1, 46.3, 80.7, 81.5, 84.6, 85.6, 87.3, 91.2, 92.9, 93.5, 96.1, 97.6, 99.0, 102.8, 104.5, 106.4, 112.6, 150.8, 160.7]","['NEAR', 'NEAR', 'INSIDE', 'INSIDE', 'NEAR', 'INSIDE', 'INSIDE', 'RAIL', 'INSIDE', 'OUTSIDE', 'INSIDE', 'INSIDE', 'OUTSIDE', 'INSIDE', 'INSIDE', 'INSIDE', 'OUTSIDE', 'INSIDE', 'INSIDE', 'INSIDE']","[[3.39, 0.42, 2.75], [0.8, 0.76, 0.81], [0.19, 2.75, 0.01], [1.23, 0.35, 1.2], [1.45, 0.22, 1.68], [5.25, 4.0, 2.71], [0.94, 2.53, 1.39], [0.92, 0.74, 1.11], [0.06, 1.46, 0.0], [0.97, 2.02, 1.29], [0.86, 3.84, 0.44], [0.08, 2.94, 0.0], [2.26, 0.59, 2.25], [0.1, 1.53, 0.0], [0.09, 3.54, 0.0], [0.07, 3.27, 0.0], [0.96, 0.32, 0.86], [0.03, 1.11, 0.0], [5.26, 4.1, 1.64], [1.61, 3.38, 0.02]]","[50, 58, 6, 18, 48, 11, 77, 8, 30, 74, 51, 79, 12, 63, 40, 17, 15, 45, 19, 32]",432.9
72,1788356958074798995,307200,93807,37,25,162.1,"[27.5, 28.1, 30.9, 32.3, 32.6, 33.6, 35.3, 38.7, 41.6, 46.0, 79.0, 82.2, 84.3, 86.6, 87.3, 93.3, 94.3, 100.4, 102.5, 106.9, 107.8, 110.2, 113.3, 152.2, 162.1]","['RAIL', 'RAIL', 'OUTSIDE', 'RAIL', 'INSIDE', 'NEAR', 'INSIDE', 'INSIDE', 'INSIDE', 'OUTSIDE', 'INSIDE', 'RAIL', 'INSIDE', 'OUTSIDE', 'OUTSIDE', 'INSIDE', 'OUTSIDE', 'RAIL', 'INSIDE', 'INSIDE', 'OUTSIDE', 'INSIDE', 'INSIDE', 'INSIDE', 'INSIDE']","[[0.36, 0.09, 0.25], [0.29, 0.07, 0.34], [0.93, 0.25, 0.68], [0.45, 0.12, 0.08], [0.19, 2.1, 0.81], [1.23, 0.32, 1.4], [0.02, 2.11, 0.01], [0.1, 1.44, 0.01], [0.27, 1.9, 0.28], [0.92, 0.99, 0.47], [4.03, 4.08, 2.95], [0.89, 0.73, 0.32], [0.06, 3.66, 0.0], [1.85, 0.34, 0.91], [0.45, 0.36, 0.69], [5.24, 3.84, 2.07], [2.47, 0.31, 2.26], [0.99, 0.13, 0.9], [0.07, 1.81, 0.0], [0.07, 3.39, 0.0], [1.1, 0.42, 0.9], [0.38, 3.77, 0.88], [1.67, 3.8, 0.53], [3.35, 4.07, 1.78], [1.57, 3.25, 0.44]]","[50, 5, 4, 46, 58, 41, 28, 6, 33, 2, 11, 8, 16, 75, 10, 30, 14, 17, 74, 45, 77, 79, 40, 19, 32]",412.6
73,1788356958282484485,307200,103775,36,24,170.8,"[26.6, 29.6, 32.3, 33.7, 36.9, 37.0, 39.7, 41.1, 41.5, 49.1, 81.6, 83.8, 93.6, 94.0, 97.0, 98.8, 100.5, 105.6, 106.4, 107.7, 113.9, 150.7, 160.4, 170.8]","['NEAR', 'RAIL', 'NEAR', 'RAIL', 'OUTSIDE', 'RAIL', 'INSIDE', 'RAIL', 'INSIDE', 'INSIDE', 'INSIDE', 'INSIDE', 'INSIDE', 'INSIDE', 'OUTSIDE', 'INSIDE', 'INSIDE', 'OUTSIDE', 'INSIDE', 'OUTSIDE', 'INSIDE', 'INSIDE', 'INSIDE', 'OUTSIDE']","[[5.22, 0.39, 2.61], [1.05, 0.24, 0.52], [0.35, 0.29, 1.35], [0.53, 0.16, 0.87], [0.44, 0.23, 0.88], [0.57, 0.21, 1.08], [1.82, 1.48, 0.69], [0.3, 0.12, 0.08], [0.46, 0.62, 0.26], [0.06, 2.15, 0.0], [6.06, 4.26, 2.94], [0.38, 0.37, 1.47], [3.32, 3.94, 2.06], [0.35, 3.71, 0.87], [1.07, 0.21, 1.55], [0.05, 1.13, 0.0], [0.62, 3.59, 0.68], [0.23, 0.3, 0.89], [0.92, 3.91, 0.87], [0.29, 0.31, 0.39], [0.14, 2.19, 0.0], [3.02, 4.2, 1.76], [1.49, 3.49, 0.43], [0.73, 0.4, 0.7]]","[5, 62, 50, 41, 4, 64, 58, 46, 28, 6, 17, 74, 30, 63, 12, 45, 73, 77, 79, 11, 40, 19, 32, 68]",529.1
74,1788356958466058957,307200,104583,35,28,144.8,"[26.9, 29.1, 29.1, 29.5, 32.0, 36.2, 39.9, 41.9, 44.5, 44.7, 46.9, 47.2, 70.2, 81.0, 84.4, 90.1, 93.6, 97.0, 97.3, 99.1, 103.1, 103.9, 104.5, 106.6, 108.7, 110.2, 110.7, 144.8]","['NEAR', 'NEAR', 'NEAR', 'NEAR', 'NEAR', 'RAIL', 'RAIL', 'INSIDE', 'OUTSIDE', 'INSIDE', 'INSIDE', 'OUTSIDE', 'NEAR', 'INSIDE', 'INSIDE', 'OUTSIDE', 'OUTSIDE', 'INSIDE', 'OUTSIDE', 'INSIDE', 'INSIDE', 'OUTSIDE', 'INSIDE', 'OUTSIDE', 'RAIL', 'INSIDE', 'INSIDE', 'INSIDE']","[[4.71, 0.39, 2.84], [0.75, 0.2, 1.34], [2.74, 0.47, 2.01], [0.43, 0.3, 0.44], [2.66, 0.24, 2.23], [0.96, 0.18, 0.27], [1.03, 0.28, 0.82], [0.88, 1.15, 0.94], [0.45, 0.22, 0.55], [0.47, 2.09, 0.47], [0.09, 2.53, 0.39], [0.48, 0.97, 0.77], [3.04, 0.2, 2.12], [4.28, 4.3, 2.88], [0.87, 3.81, 0.37], [0.83, 0.16, 1.14], [0.44, 0.37, 0.67], [1.79, 3.35, 0.47], [2.12, 0.24, 1.62], [0.06, 3.1, 0.0], [0.13, 2.7, 0.0], [0.08, 0.41, 0.21], [0.51, 3.82, 1.73], [0.22, 0.21, 0.19], [0.04, 0.25, 0.17], [0.09, 1.74, 0.0], [1.03, 3.24, 0.31], [6.72, 4.24, 1.28]]","[5, 41, 50, 62, 60, 70, 64, 4, 58, 2, 6, 33, 13, 17, 11, 77, 63, 51, 30, 73, 10, 15, 12, 79, 83, 27, 45, 19]",496.8
75,1788356958663561545,307200,106091,34,26,145.5,"[27.0, 30.2, 31.1, 36.8, 38.0, 39.7, 45.8, 47.6, 71.9, 80.5, 81.1, 82.5, 84.9, 87.1, 90.9, 95.4, 95.6, 97.2, 102.2, 102.8, 104.6, 105.6, 107.5, 108.5, 109.0, 145.5]","['OUTSIDE', 'RAIL', 'NEAR', 'NEAR', 'NEAR', 'NEAR', 'OUTSIDE', 'INSIDE', 'NEAR', 'INSIDE', 'INSIDE', 'INSIDE', 'INSIDE', 'INSIDE', 'OUTSIDE', 'INSIDE', 'INSIDE', 'INSIDE', 'OUTSIDE', 'INSIDE', 'OUTSIDE', 'OUTSIDE', 'RAIL', 'INSIDE', 'OUTSIDE', 'INSIDE']","[[0.88, 0.11, 1.61], [0.85, 0.2, 0.87], [2.03, 0.25, 1.5], [0.39, 0.24, 1.37], [0.08, 0.27, 0.92], [0.34, 0.16, 0.12], [1.89, 0.23, 1.35], [0.36, 1.72, 0.33], [4.75, 0.26, 2.61], [6.48, 4.26, 2.83], [0.62, 2.66, 0.33], [0.33, 3.77, 1.7], [0.37, 0.69, 0.91], [2.75, 3.96, 0.82], [1.48, 0.2, 1.39], [1.05, 3.97, 1.06], [0.13, 1.15, 0.0], [0.13, 1.14, 0.86], [1.71, 0.55, 1.96], [0.11, 3.59, 0.0], [0.06, 0.4, 0.2], [0.17, 0.21, 0.19], [0.03, 0.25, 0.16], [0.18, 3.64, 0.5], [0.09, 1.5, 0.29], [4.19, 4.2, 1.9]]","[41, 58, 70, 5, 62, 60, 4, 71, 13, 17, 11, 12, 73, 16, 77, 79, 48, 51, 14, 10, 15, 30, 83, 45, 75, 19]",463.3
76,1788356958865107661,307200,102738,42,32,176.0,"[25.7, 28.5, 29.6, 29.6, 32.7, 33.5, 35.5, 39.1, 39.3, 41.9, 42.2, 44.9, 46.7, 47.8, 49.8, 79.1, 86.5, 89.1, 93.5, 95.1, 95.8, 99.7, 100.5, 101.1, 104.0, 105.8, 106.9, 107.4, 109.9, 115.5, 143.2, 176.0]","['OUTSIDE', 'NEAR', 'OUTSIDE', 'OUTSIDE', 'NEAR', 'NEAR', 'NEAR', 'NEAR', 'RAIL', 'NEAR', 'INSIDE', 'RAIL', 'INSIDE', 'INSIDE', 'OUTSIDE', 'INSIDE', 'INSIDE', 'INSIDE', 'OUTSIDE', 'INSIDE', 'INSIDE', 'OUTSIDE', 'INSIDE', 'INSIDE', 'OUTSIDE', 'RAIL', 'RAIL', 'INSIDE', 'INSIDE', 'INSIDE', 'INSIDE', 'INSIDE']","[[4.61, 0.32, 2.81], [0.97, 0.22, 2.01], [0.52, 0.13, 1.23], [3.81, 0.47, 1.99], [0.48, 0.27, 0.86], [0.6, 0.19, 1.49], [0.35, 0.16, 1.27], [0.18, 0.17, 0.55], [0.19, 0.2, 1.05], [0.27, 0.07, 1.14], [0.62, 2.0, 1.54], [0.39, 0.14, 0.46], [0.58, 2.98, 1.03], [0.09, 2.47, 0.01], [0.41, 0.8, 0.03], [0.07, 2.38, 0.53], [0.81, 3.69, 1.85], [1.0, 3.87, 0.46], [0.55, 0.37, 0.64], [4.87, 4.02, 2.39], [0.14, 0.65, 0.84], [1.21, 0.21, 0.2], [0.05, 1.94, 0.0], [0.2, 3.31, 0.0], [0.07, 0.37, 0.41], [0.08, 0.25, 0.16], [0.04, 0.38, 0.16], [0.02, 0.66, 0.0], [0.06, 0.94, 0.0], [0.09, 3.51, 0.29], [14.38, 4.28, 1.85], [0.45, 3.42, 0.37]]","[28, 58, 41, 62, 5, 70, 60, 64, 6, 50, 4, 71, 2, 46, 33, 17, 74, 40, 30, 14, 26, 77, 10, 63, 15, 83, 45, 12, 75, 73, 19, 68]",424.8
77,1788356959077857362,307200,104105,34,27,174.3,"[25.2, 26.9, 30.7, 38.7, 41.8, 47.3, 49.7, 49.9, 69.1, 80.6, 87.4, 88.9, 90.2, 92.2, 92.8, 98.1, 98.9, 99.5, 101.2, 105.2, 105.7, 108.2, 113.9, 115.1, 141.6, 162.6, 174.3]","['NEAR', 'OUTSIDE', 'NEAR', 'NEAR', 'NEAR', 'NEAR', 'NEAR', 'RAIL', 'NEAR', 'INSIDE', 'INSIDE', 'INSIDE', 'NEAR', 'INSIDE', 'INSIDE', 'OUTSIDE', 'INSIDE', 'OUTSIDE', 'OUTSIDE', 'OUTSIDE', 'RAIL', 'OUTSIDE', 'INSIDE', 'INSIDE', 'INSIDE', 'INSIDE', 'INSIDE']","[[5.86, 0.41, 2.63], [0.89, 0.23, 1.21], [1.63, 0.2, 1.45], [3.34, 0.24, 1.78], [0.36, 0.12, 1.03], [0.53, 0.17, 0.55], [1.27, 0.19, 0.37], [0.19, 0.16, 0.78], [2.4, 0.29, 2.64], [3.16, 4.25, 1.86], [0.38, 0.67, 0.88], [0.3, 2.38, 0.47], [1.17, 0.23, 1.78], [0.55, 2.06, 1.78], [0.03, 2.17, 0.0], [0.94, 0.06, 0.79], [0.04, 3.47, 0.0], [0.07, 1.2, 0.0], [0.09, 0.37, 0.4], [0.18, 0.32, 0.18], [0.06, 0.24, 0.16], [0.1, 0.38, 0.91], [0.95, 3.43, 0.19], [0.08, 2.58, 0.0], [14.5, 4.33, 1.83], [0.41, 3.39, 0.36], [4.08, 3.51, 0.32]]","[41, 58, 62, 50, 6, 64, 4, 60, 13, 74, 10, 40, 11, 18, 26, 81, 63, 79, 15, 30, 83, 45, 27, 73, 19, 68, 32]",462.1
78,1788356959268419042,307200,103487,35,24,144.0,"[23.2, 28.6, 33.3, 35.5, 39.7, 48.5, 49.9, 54.8, 65.3, 85.9, 87.3, 89.8, 91.6, 96.5, 97.2, 97.8, 101.8, 103.5, 104.0, 106.7, 110.1, 111.8, 114.9, 144.0]","['OUTSIDE', 'NEAR', 'NEAR', 'NEAR', 'OUTSIDE', 'INSIDE', 'OUTSIDE', 'NEAR', 'NEAR', 'INSIDE', 'INSIDE', 'OUTSIDE', 'INSIDE', 'INSIDE', 'INSIDE', 'OUTSIDE', 'INSIDE', 'INSIDE', 'OUTSIDE', 'RAIL', 'INSIDE', 'RAIL', 'INSIDE', 'INSIDE']","[[5.03, 0.49, 2.29], [4.11, 0.22, 1.66], [0.5, 0.14, 0.67], [0.73, 0.19, 0.17], [0.23, 1.39, 0.01], [0.24, 2.42, 0.3], [0.42, 1.09, 0.03], [9.1, 0.33, 2.65], [8.1, 0.34, 2.59], [2.79, 4.19, 1.38], [0.18, 3.34, 0.69], [1.61, 0.35, 0.77], [0.05, 1.07, 0.0], [0.19, 1.83, 0.81], [1.49, 3.76, 0.92], [0.34, 1.4, 0.73], [0.1, 3.41, 0.0], [0.15, 2.69, 0.0], [0.14, 0.4, 0.4], [0.03, 0.36, 0.16], [0.21, 3.42, 0.21], [0.37, 0.44, 0.16], [0.03, 0.73, 0.0], [6.57, 4.28, 1.61]]","[5, 62, 72, 4, 64, 33, 2, 60, 13, 74, 27, 81, 18, 16, 10, 40, 79, 12, 15, 83, 75, 45, 73, 19]",437.9
79,1788356959471480508,307200,103150,29,21,176.2,"[28.4, 31.0, 31.5, 34.3, 46.6, 48.0, 66.6, 77.6, 80.6, 84.3, 85.6, 88.0, 90.9, 94.8, 95.5, 96.2, 99.3, 108.6, 113.2, 162.5, 176.2]","['OUTSIDE', 'NEAR', 'NEAR', 'NEAR', 'NEAR', 'INSIDE', 'NEAR', 'NEAR', 'INSIDE', 'INSIDE', 'INSIDE', 'INSIDE', 'INSIDE', 'INSIDE', 'INSIDE', 'INSIDE', 'INSIDE', 'OUTSIDE', 'INSIDE', 'OUTSIDE', 'INSIDE']","[[4.1, 0.48, 2.24], [0.3, 0.24, 0.7], [0.11, 0.13, 1.11], [1.68, 0.2, 1.83], [1.35, 0.34, 1.03], [0.79, 1.95, 0.54], [4.18, 0.38, 2.54], [2.08, 0.13, 1.18], [1.96, 4.01, 2.55], [9.18, 3.98, 2.64], [1.62, 4.18, 2.23], [5.07, 4.26, 2.06], [0.16, 1.91, 0.0], [0.06, 1.34, 0.0], [0.17, 3.75, 0.72], [0.06, 2.18, 0.0], [0.25, 3.64, 0.01], [0.05, 0.36, 0.2], [0.08, 3.22, 0.0], [4.15, 2.33, 0.81], [1.51, 1.22, 0.01]]","[5, 41, 6, 72, 58, 28, 13, 17, 14, 11, 74, 63, 16, 18, 27, 12, 79, 15, 75, 32, 68]",399.3
80,1788356959672754260,307200,102573,35,24,173.8,"[29.8, 32.6, 37.8, 42.1, 43.6, 45.1, 46.2, 47.2, 53.0, 79.8, 84.4, 86.5, 86.8, 87.0, 89.2, 93.9, 94.8, 96.7, 97.7, 99.7, 100.7, 106.9, 111.6, 173.8]","['OUTSIDE', 'NEAR', 'NEAR', 'NEAR', 'NEAR', 'NEAR', 'NEAR', 'INSIDE', 'INSIDE', 'INSIDE', 'NEAR', 'INSIDE', 'INSIDE', 'INSIDE', 'INSIDE', 'OUTSIDE', 'INSIDE', 'OUTSIDE', 'RAIL', 'INSIDE', 'INSIDE', 'NEAR', 'INSIDE', 'INSIDE']","[[4.14, 0.47, 1.58], [0.23, 0.26, 0.59], [7.13, 0.43, 2.48], [0.36, 0.17, 1.13], [0.5, 0.18, 1.58], [1.56, 0.21, 2.46], [1.2, 0.13, 1.65], [0.07, 2.79, 0.01], [6.03, 1.64, 2.95], [1.55, 4.15, 1.56], [0.9, 0.25, 1.53], [0.85, 2.35, 0.54], [0.71, 3.85, 0.82], [1.02, 4.03, 0.54], [1.3, 3.69, 2.03], [0.74, 0.27, 1.54], [0.16, 3.7, 0.71], [0.05, 0.51, 0.2], [1.64, 0.46, 0.56], [0.22, 2.12, 0.0], [0.07, 0.7, 0.0], [0.05, 0.51, 0.0], [0.09, 3.55, 0.0], [0.12, 3.34, 0.0]]","[41, 58, 62, 6, 70, 50, 72, 46, 60, 26, 18, 11, 79, 16, 63, 15, 27, 30, 14, 81, 10, 12, 75, 68]",433.3
81,1788356959886845733,307200,103407,25,18,172.1,"[33.9, 43.2, 46.4, 47.9, 82.5, 85.1, 86.7, 92.2, 93.1, 94.4, 95.8, 97.5, 99.0, 105.2, 106.7, 109.9, 147.0, 172.1]","['OUTSIDE', 'NEAR', 'RAIL', 'NEAR', 'INSIDE', 'INSIDE', 'NEAR', 'INSIDE', 'INSIDE', 'INSIDE', 'INSIDE', 'OUTSIDE', 'OUTSIDE', 'INSIDE', 'INSIDE', 'INSIDE', 'INSIDE', 'INSIDE']","[[11.73, 0.49, 2.42], [3.66, 0.21, 2.06], [0.06, 0.21, 0.81], [1.62, 0.21, 1.92], [2.66, 4.01, 1.87], [5.47, 4.16, 2.19], [0.94, 0.14, 1.5], [0.13, 3.83, 0.44], [0.23, 4.09, 0.7], [0.72, 4.09, 0.81], [0.05, 1.15, 0.0], [1.02, 0.06, 1.53], [0.03, 0.34, 0.19], [0.28, 3.43, 0.44], [0.04, 1.9, 0.0], [0.06, 2.79, 0.0], [1.61, 3.92, 0.29], [0.06, 3.3, 0.0]]","[5, 50, 6, 72, 48, 81, 18, 75, 27, 79, 30, 15, 74, 12, 63, 73, 19, 68]",435.3
82,1788356960072390499,307200,102662,26,20,146.1,"[25.4, 38.4, 42.3, 43.9, 44.6, 47.8, 82.4, 86.1, 88.4, 90.5, 91.2, 92.8, 94.2, 96.6, 98.8, 105.6, 108.2, 109.8, 115.2, 146.1]","['OUTSIDE', 'NEAR', 'NEAR', 'NEAR', 'NEAR', 'INSIDE', 'INSIDE', 'INSIDE', 'INSIDE', 'INSIDE', 'INSIDE', 'INSIDE', 'INSIDE', 'INSIDE', 'OUTSIDE', 'INSIDE', 'NEAR', 'INSIDE', 'RAIL', 'INSIDE']","[[0.76, 0.32, 2.3], [1.64, 0.21, 1.6], [0.32, 0.17, 0.84], [4.44, 0.26, 2.25], [0.37, 0.17, 0.98], [0.13, 2.06, 0.34], [3.16, 4.12, 2.27], [1.7, 4.24, 2.49], [0.41, 3.38, 1.82], [1.03, 3.88, 0.43], [1.51, 3.89, 0.24], [1.71, 3.88, 0.87], [0.35, 4.02, 0.7], [0.63, 3.52, 0.19], [0.26, 1.13, 0.69], [0.1, 2.63, 0.0], [0.05, 1.11, 0.0], [0.27, 0.83, 0.45], [0.04, 0.38, 0.58], [3.09, 3.38, 0.3]]","[4, 50, 70, 72, 6, 62, 48, 81, 79, 75, 40, 12, 27, 26, 45, 30, 74, 63, 51, 19]",440.6
83,1788356960268624480,307200,93454,31,23,164.2,"[42.1, 44.2, 46.5, 47.7, 49.6, 77.4, 80.8, 82.2, 83.9, 86.4, 89.0, 91.0, 92.5, 93.1, 95.6, 101.0, 103.9, 106.5, 108.0, 115.0, 143.0, 154.3, 164.2]","['OUTSIDE', 'NEAR', 'NEAR', 'RAIL', 'RAIL', 'INSIDE', 'INSIDE', 'INSIDE', 'INSIDE', 'INSIDE', 'INSIDE', 'INSIDE', 'OUTSIDE', 'INSIDE', 'INSIDE', 'INSIDE', 'INSIDE', 'INSIDE', 'OUTSIDE', 'INSIDE', 'INSIDE', 'INSIDE', 'INSIDE']","[[2.33, 0.2, 1.64], [1.18, 0.2, 2.64], [1.15, 0.18, 1.68], [0.2, 0.1, 0.4], [0.67, 0.2, 1.09], [1.78, 4.07, 0.85], [1.04, 4.22, 0.64], [0.24, 3.97, 0.68], [2.15, 3.73, 1.56], [1.98, 4.16, 1.12], [0.12, 1.47, 0.89], [0.33, 3.85, 0.66], [2.19, 1.93, 2.36], [3.29, 3.98, 1.96], [1.95, 1.0, 1.82], [0.07, 1.94, 0.0], [0.1, 2.7, 0.0], [0.26, 3.16, 0.67], [2.13, 1.64, 2.06], [0.07, 3.62, 0.0], [7.37, 4.34, 0.77], [3.03, 3.58, 0.29], [0.08, 3.15, 0.0]]","[70, 72, 6, 50, 64, 10, 75, 45, 40, 16, 17, 12, 51, 11, 48, 79, 74, 73, 30, 81, 78, 19, 32]",416.2
84,1788356960469807621,307200,112339,25,20,167.0,"[38.1, 42.4, 44.0, 45.5, 47.5, 82.4, 84.8, 85.8, 87.1, 89.4, 90.9, 93.4, 94.1, 95.5, 102.6, 106.4, 108.1, 114.0, 152.5, 167.0]","['OUTSIDE', 'NEAR', 'NEAR', 'RAIL', 'INSIDE', 'INSIDE', 'INSIDE', 'INSIDE', 'INSIDE', 'OUTSIDE', 'OUTSIDE', 'INSIDE', 'INSIDE', 'OUTSIDE', 'OUTSIDE', 'INSIDE', 'INSIDE', 'OUTSIDE', 'INSIDE', 'INSIDE']","[[2.2, 0.19, 1.68], [2.73, 0.23, 2.19], [0.41, 0.14, 1.12], [0.48, 0.16, 0.58], [0.28, 2.3, 0.35], [1.93, 4.12, 0.84], [0.43, 2.13, 0.47], [0.05, 1.19, 0.0], [1.15, 3.89, 1.15], [0.7, 0.07, 1.43], [0.55, 0.48, 0.72], [0.34, 3.71, 0.67], [0.24, 3.83, 0.42], [1.94, 0.38, 1.78], [0.06, 0.32, 0.18], [0.18, 3.55, 0.0], [0.2, 3.87, 0.44], [0.11, 1.15, 0.0], [7.35, 4.3, 0.99], [0.09, 3.21, 0.0]]","[50, 72, 6, 71, 62, 75, 45, 40, 81, 51, 16, 73, 74, 30, 14, 18, 12, 15, 78, 32]",465.4
85,1788356960673272228,307200,100521,28,19,150.8,"[21.4, 36.5, 38.6, 42.7, 46.6, 58.0, 66.2, 84.6, 85.4, 89.1, 90.7, 92.2, 93.3, 95.3, 100.9, 104.6, 106.4, 109.8, 150.8]","['OUTSIDE', 'NEAR', 'NEAR', 'NEAR', 'INSIDE', 'INSIDE', 'INSIDE', 'INSIDE', 'INSIDE', 'INSIDE', 'OUTSIDE', 'INSIDE', 'INSIDE', 'INSIDE', 'OUTSIDE', 'INSIDE', 'INSIDE', 'INSIDE', 'INSIDE']","[[0.44, 0.32, 0.95], [4.58, 0.26, 1.74], [0.51, 0.2, 1.93], [2.22, 0.23, 1.86], [0.64, 2.1, 0.36], [3.21, 4.11, 1.37], [1.99, 3.86, 0.82], [0.55, 1.92, 0.46], [2.19, 3.89, 1.51], [0.31, 3.65, 0.66], [0.71, 1.48, 1.0], [0.35, 3.81, 0.37], [0.06, 1.58, 0.0], [1.19, 3.56, 0.44], [0.06, 0.47, 0.18], [0.44, 1.38, 0.01], [0.07, 2.23, 0.0], [0.02, 0.67, 0.0], [7.39, 4.26, 0.98]]","[4, 50, 62, 6, 33, 26, 10, 73, 27, 77, 30, 18, 74, 79, 14, 13, 60, 12, 78]",443.9
86,1788356961873617755,307200,105112,33,25,143.2,"[27.4, 35.3, 39.3, 41.3, 43.2, 46.1, 61.6, 70.1, 80.0, 81.1, 83.4, 83.7, 84.6, 86.5, 87.8, 89.7, 93.1, 94.0, 97.2, 98.6, 99.2, 101.7, 103.1, 114.1, 143.2]","['NEAR', 'OUTSIDE', 'OUTSIDE', 'NEAR', 'INSIDE', 'OUTSIDE', 'NEAR', 'RAIL', 'NEAR', 'INSIDE', 'INSIDE', 'OUTSIDE', 'INSIDE', 'RAIL', 'INSIDE', 'INSIDE', 'INSIDE', 'INSIDE', 'INSIDE', 'INSIDE', 'INSIDE', 'INSIDE', 'INSIDE', 'INSIDE', 'INSIDE']","[[3.01, 0.23, 1.63], [3.22, 0.22, 1.78], [1.13, 0.18, 1.29], [1.57, 0.2, 1.85], [0.43, 1.54, 0.9], [0.42, 1.18, 1.21], [3.53, 0.25, 1.63], [0.1, 0.33, 0.33], [1.57, 0.24, 1.52], [0.03, 1.39, 0.0], [1.86, 2.55, 1.11], [2.2, 1.74, 1.11], [1.75, 3.77, 1.63], [0.9, 0.45, 0.34], [0.13, 2.12, 0.54], [0.67, 3.85, 1.82], [1.15, 3.95, 1.39], [0.09, 3.68, 0.0], [0.15, 0.96, 0.42], [0.06, 1.44, 0.0], [0.15, 3.19, 0.0], [0.1, 2.36, 0.0], [0.07, 2.41, 0.0], [0.13, 2.88, 0.0], [13.62, 3.82, 0.98]]","[86, 50, 62, 6, 5, 2, 60, 48, 81, 40, 13, 10, 79, 14, 11, 18, 26, 51, 12, 75, 77, 16, 63, 15, 19]",365.2
87,1788356962068049084,307200,105103,33,27,152.8,"[31.7, 36.6, 38.1, 39.2, 40.6, 42.5, 44.2, 44.9, 46.9, 47.1, 78.2, 79.2, 79.9, 81.6, 82.1, 84.5, 85.8, 85.9, 90.5, 92.1, 94.3, 99.5, 99.8, 108.0, 110.3, 114.3, 152.8]","['NEAR', 'NEAR', 'NEAR', 'OUTSIDE', 'NEAR', 'NEAR', 'NEAR', 'RAIL', 'RAIL', 'INSIDE', 'RAIL', 'INSIDE', 'INSIDE', 'INSIDE', 'INSIDE', 'INSIDE', 'INSIDE', 'RAIL', 'OUTSIDE', 'INSIDE', 'OUTSIDE', 'INSIDE', 'INSIDE', 'INSIDE', 'NEAR', 'INSIDE', 'INSIDE']","[[1.4, 0.21, 1.39], [0.56, 0.24, 1.91], [0.58, 0.19, 1.55], [1.57, 0.23, 2.06], [1.3, 0.16, 0.73], [0.27, 0.24, 1.78], [2.05, 0.2, 1.76], [0.58, 0.64, 0.49], [1.6, 0.2, 1.03], [0.11, 1.77, 0.01], [0.2, 0.4, 0.32], [3.45, 0.44, 1.96], [1.99, 3.93, 0.8], [5.22, 3.88, 1.57], [0.08, 3.46, 0.0], [0.79, 3.78, 0.44], [0.66, 3.67, 2.01], [0.54, 0.43, 0.74], [0.31, 0.21, 0.8], [0.1, 3.79, 0.0], [0.62, 1.47, 1.05], [0.09, 1.5, 0.0], [0.14, 3.76, 0.81], [0.31, 3.76, 0.41], [0.07, 0.88, 0.0], [0.06, 1.22, 0.0], [0.08, 3.47, 0.0]]","[5, 86, 62, 50, 46, 72, 6, 71, 64, 28, 48, 81, 79, 10, 27, 45, 18, 14, 30, 40, 11, 17, 26, 16, 51, 63, 78]",405.2
88,1788356962271324854,307200,104033,23,22,154.0,"[29.8, 33.2, 35.6, 37.1, 39.5, 42.2, 42.3, 43.2, 44.5, 80.6, 81.0, 86.1, 90.2, 93.5, 94.9, 96.3, 98.6, 102.0, 106.4, 108.4, 115.4, 154.0]","['NEAR', 'NEAR', 'OUTSIDE', 'NEAR', 'NEAR', 'NEAR', 'RAIL', 'INSIDE', 'INSIDE', 'INSIDE', 'INSIDE', 'OUTSIDE', 'OUTSIDE', 'INSIDE', 'INSIDE', 'INSIDE', 'OUTSIDE', 'RAIL', 'INSIDE', 'INSIDE', 'OUTSIDE', 'INSIDE']","[[3.06, 0.22, 1.48], [0.1, 0.16, 0.58], [3.7, 0.22, 2.07], [0.51, 0.18, 1.41], [1.37, 0.21, 1.68], [0.17, 0.21, 1.71], [0.86, 0.68, 0.93], [0.9, 2.53, 0.84], [0.11, 1.98, 0.01], [1.72, 3.72, 0.45], [0.2, 3.78, 0.0], [0.17, 1.3, 0.22], [0.38, 1.18, 0.23], [2.22, 4.38, 1.51], [0.21, 4.11, 0.98], [0.93, 4.07, 1.92], [3.03, 0.26, 1.14], [1.49, 0.55, 0.52], [0.07, 3.68, 0.0], [0.04, 3.64, 0.0], [0.07, 1.14, 0.0], [6.11, 3.53, 0.44]]","[5, 86, 62, 50, 70, 72, 71, 2, 28, 10, 45, 73, 15, 96, 26, 16, 77, 14, 18, 79, 30, 78]",1123.8
89,1788356962468328707,307200,104277,28,23,152.1,"[32.3, 34.9, 36.8, 38.6, 38.7, 41.2, 44.3, 46.9, 77.6, 81.1, 86.4, 89.9, 93.8, 94.4, 96.1, 98.0, 98.3, 104.6, 106.7, 108.8, 112.9, 114.4, 152.1]","['NEAR', 'OUTSIDE', 'NEAR', 'OUTSIDE', 'NEAR', 'NEAR', 'NEAR', 'INSIDE', 'INSIDE', 'INSIDE', 'INSIDE', 'INSIDE', 'OUTSIDE', 'INSIDE', 'NEAR', 'INSIDE', 'INSIDE', 'INSIDE', 'OUTSIDE', 'OUTSIDE', 'OUTSIDE', 'INSIDE', 'INSIDE']","[[0.4, 0.22, 1.14], [1.48, 0.25, 1.39], [1.35, 0.22, 1.74], [1.71, 0.21, 1.97], [2.59, 0.24, 2.41], [3.3, 0.23, 2.18], [1.49, 0.47, 1.35], [0.15, 1.49, 0.67], [6.27, 4.22, 2.11], [0.24, 1.95, 0.39], [0.72, 4.01, 0.43], [1.67, 3.76, 0.63], [0.5, 1.82, 1.61], [1.73, 4.03, 1.65], [0.54, 0.39, 1.47], [5.71, 4.26, 2.26], [2.9, 3.97, 1.02], [0.49, 1.91, 0.53], [0.08, 0.55, 0.0], [3.01, 0.26, 1.14], [0.07, 1.01, 0.0], [0.06, 1.1, 0.0], [6.06, 3.48, 0.43]]","[41, 86, 5, 62, 46, 70, 6, 33, 18, 12, 45, 10, 73, 30, 92, 16, 40, 17, 77, 15, 79, 74, 78]",436.9
90,1788356962672164702,307200,94582,21,17,147.1,"[38.5, 42.5, 45.4, 72.7, 81.9, 85.7, 87.8, 90.5, 92.4, 93.3, 95.4, 104.4, 106.6, 110.5, 112.0, 113.8, 147.1]","['NEAR', 'NEAR', 'INSIDE', 'INSIDE', 'INSIDE', 'INSIDE', 'INSIDE', 'INSIDE', 'OUTSIDE', 'INSIDE', 'INSIDE', 'INSIDE', 'INSIDE', 'INSIDE', 'INSIDE', 'INSIDE', 'INSIDE']","[[2.52, 0.21, 2.03], [2.27, 0.4, 1.76], [0.48, 0.8, 0.67], [0.04, 1.3, 0.0], [0.53, 3.84, 0.43], [0.72, 2.14, 0.64], [0.64, 4.0, 0.43], [1.22, 4.39, 1.45], [1.95, 2.29, 1.5], [0.07, 2.18, 0.0], [1.89, 3.93, 1.17], [3.28, 4.13, 1.65], [1.45, 3.11, 0.98], [0.32, 1.2, 0.96], [1.16, 3.78, 0.19], [0.32, 1.51, 1.0], [0.09, 3.6, 0.0]]","[50, 70, 33, 45, 77, 13, 12, 27, 30, 40, 16, 18, 92, 81, 26, 74, 19]",405.5
91,1788356962860122760,307200,108439,25,24,149.8,"[34.0, 36.6, 38.5, 41.4, 47.7, 80.6, 81.5, 82.6, 84.6, 86.0, 87.6, 89.2, 90.6, 93.3, 94.6, 96.8, 98.6, 100.7, 106.4, 109.1, 114.1, 118.1, 119.4, 149.8]","['NEAR', 'NEAR', 'NEAR', 'RAIL', 'OUTSIDE', 'INSIDE', 'INSIDE', 'INSIDE', 'OUTSIDE', 'INSIDE', 'INSIDE', 'RAIL', 'OUTSIDE', 'INSIDE', 'INSIDE', 'INSIDE', 'OUTSIDE', 'INSIDE', 'INSIDE', 'INSIDE', 'OUTSIDE', 'INSIDE', 'OUTSIDE', 'INSIDE']","[[7.38, 0.25, 2.44], [6.55, 0.49, 2.44], [1.67, 0.19, 1.53], [0.4, 0.14, 0.34], [0.25, 1.25, 0.31], [0.69, 3.91, 0.44], [0.21, 3.81, 0.44], [0.51, 0.38, 1.42], [1.67, 0.63, 1.52], [1.48, 3.82, 0.53], [0.3, 4.03, 0.92], [1.01, 0.23, 0.8], [1.21, 1.91, 2.2], [2.43, 3.38, 0.75], [0.12, 3.63, 0.32], [0.09, 3.5, 0.0], [0.55, 1.57, 0.56], [1.37, 3.94, 1.42], [0.37, 1.65, 0.71], [0.05, 2.2, 0.0], [0.16, 0.86, 0.0], [0.06, 3.52, 0.0], [0.24, 1.19, 0.24], [3.08, 3.67, 0.42]]","[5, 46, 6, 62, 28, 73, 63, 27, 30, 40, 51, 26, 18, 74, 91, 96, 81, 11, 48, 12, 15, 16, 14, 78]",413.7
92,1788356963078427551,307200,103663,27,23,144.0,"[34.7, 36.1, 36.6, 40.6, 43.7, 46.2, 46.5, 47.2, 80.6, 82.6, 83.5, 85.2, 90.3, 92.7, 92.7, 94.8, 101.7, 104.7, 107.2, 108.7, 114.5, 116.0, 144.0]","['NEAR', 'NEAR', 'NEAR', 'INSIDE', 'INSIDE', 'OUTSIDE', 'OUTSIDE', 'INSIDE', 'INSIDE', 'INSIDE', 'INSIDE', 'INSIDE', 'INSIDE', 'INSIDE', 'INSIDE', 'OUTSIDE', 'INSIDE', 'INSIDE', 'INSIDE', 'INSIDE', 'INSIDE', 'INSIDE', 'INSIDE']","[[0.62, 0.17, 1.38], [0.92, 0.19, 0.94], [0.49, 0.1, 0.23], [1.04, 1.14, 0.61], [0.41, 1.98, 0.02], [0.16, 1.64, 0.42], [0.4, 1.33, 0.34], [0.34, 2.73, 0.37], [1.78, 4.24, 1.26], [2.19, 3.93, 0.9], [0.05, 2.19, 0.0], [2.02, 4.24, 1.85], [1.69, 3.96, 0.6], [0.61, 0.38, 1.4], [2.84, 3.96, 0.97], [2.07, 0.19, 1.06], [0.12, 3.71, 0.54], [0.11, 3.6, 0.0], [0.1, 2.16, 0.0], [0.04, 1.99, 0.0], [1.1, 3.46, 1.33], [0.09, 2.05, 0.0], [1.62, 3.26, 0.01]]","[86, 72, 70, 5, 6, 64, 28, 71, 11, 63, 77, 51, 74, 45, 27, 30, 40, 92, 48, 12, 14, 81, 19]",425.9
93,1788356963266189353,307200,101733,24,23,148.1,"[37.0, 41.5, 42.6, 44.5, 46.6, 47.0, 47.3, 80.5, 80.6, 80.8, 86.7, 89.5, 92.8, 94.0, 98.7, 105.0, 106.3, 111.0, 112.5, 114.0, 117.2, 118.6, 148.1]","['NEAR', 'NEAR', 'NEAR', 'NEAR', 'NEAR', 'NEAR', 'INSIDE', 'INSIDE', 'INSIDE', 'INSIDE', 'OUTSIDE', 'INSIDE', 'INSIDE', 'INSIDE', 'OUTSIDE', 'INSIDE', 'INSIDE', 'INSIDE', 'INSIDE', 'INSIDE', 'INSIDE', 'INSIDE', 'INSIDE']","[[7.57, 0.48, 2.41], [0.3, 0.15, 0.38], [0.89, 0.1, 1.0], [0.33, 0.15, 0.28], [0.6, 0.13, 0.53], [0.28, 0.19, 0.41], [0.34, 2.29, 0.01], [5.87, 4.07, 2.27], [0.41, 0.45, 1.59], [4.46, 3.8, 1.63], [3.63, 0.19, 1.31], [0.17, 1.84, 0.53], [3.88, 4.23, 1.98], [0.05, 3.34, 0.0], [0.68, 0.27, 0.66], [0.08, 2.33, 0.0], [0.14, 3.73, 0.0], [0.28, 3.85, 0.79], [0.22, 2.25, 0.39], [0.16, 3.79, 0.0], [0.04, 0.7, 0.0], [0.1, 2.1, 0.0], [1.53, 3.59, 0.42]]","[86, 50, 72, 46, 70, 6, 64, 11, 45, 73, 30, 92, 81, 40, 18, 27, 96, 91, 16, 10, 48, 74, 78]",425.2
94,1788356963490996159,307200,101243,21,17,113.5,"[40.5, 42.0, 43.4, 45.2, 46.1, 49.2, 81.9, 84.7, 89.8, 94.8, 100.8, 103.1, 103.5, 106.2, 109.0, 112.2, 113.5]","['NEAR', 'NEAR', 'NEAR', 'RAIL', 'NEAR', 'NEAR', 'INSIDE', 'INSIDE', 'INSIDE', 'INSIDE', 'INSIDE', 'INSIDE', 'INSIDE', 'INSIDE', 'INSIDE', 'OUTSIDE', 'INSIDE']","[[1.41, 0.2, 1.01], [1.73, 0.2, 1.89], [1.25, 0.19, 1.98], [1.02, 0.11, 0.41], [0.35, 0.18, 1.04], [0.71, 0.2, 1.0], [0.77, 2.38, 1.56], [0.15, 3.88, 1.37], [0.24, 3.8, 0.41], [0.08, 0.57, 0.0], [2.64, 3.79, 1.4], [3.14, 3.89, 1.7], [4.12, 4.1, 1.69], [0.14, 3.76, 0.31], [0.15, 3.96, 0.76], [0.3, 0.18, 0.42], [0.15, 2.86, 0.0]]","[46, 72, 70, 6, 50, 33, 75, 63, 12, 27, 73, 14, 81, 40, 92, 77, 11]",418.7
95,1788356963675783129,307200,101768,24,22,144.1,"[37.4, 37.8, 40.4, 41.3, 43.3, 45.8, 48.6, 80.0, 81.2, 84.3, 88.5, 92.8, 94.7, 97.1, 101.0, 102.1, 108.4, 110.1, 113.2, 113.2, 114.6, 144.1]","['NEAR', 'NEAR', 'NEAR', 'NEAR', 'NEAR', 'NEAR', 'OUTSIDE', 'NEAR', 'INSIDE', 'INSIDE', 'INSIDE', 'INSIDE', 'INSIDE', 'INSIDE', 'INSIDE', 'INSIDE', 'RAIL', 'OUTSIDE', 'OUTSIDE', 'INSIDE', 'OUTSIDE', 'INSIDE']","[[0.66, 0.14, 1.09], [0.63, 0.16, 0.82], [1.82, 0.22, 1.66], [0.65, 0.2, 1.83], [0.16, 0.22, 1.29], [0.48, 0.16, 0.74], [0.26, 1.03, 0.02], [0.49, 0.57, 1.53], [4.07, 3.84, 1.42], [0.27, 3.91, 0.38], [1.02, 3.93, 1.42], [0.28, 3.7, 0.51], [1.81, 4.07, 0.87], [0.15, 3.4, 0.0], [0.06, 0.99, 0.0], [0.04, 1.99, 0.0], [2.61, 0.19, 0.57], [0.12, 0.83, 0.0], [0.24, 0.67, 0.46], [0.1, 2.21, 0.0], [2.77, 0.3, 0.33], [1.56, 3.76, 0.41]]","[86, 33, 50, 6, 70, 46, 28, 63, 75, 74, 27, 92, 79, 40, 91, 48, 26, 30, 96, 14, 18, 19]",474.7
96,1788356963871040947,307200,102682,22,21,112.6,"[34.5, 36.6, 38.5, 40.4, 42.0, 42.6, 43.4, 45.3, 46.6, 48.2, 80.7, 85.9, 90.8, 95.0, 98.9, 99.7, 103.5, 106.2, 108.1, 111.1, 112.6]","['OUTSIDE', 'OUTSIDE', 'OUTSIDE', 'NEAR', 'OUTSIDE', 'OUTSIDE', 'OUTSIDE', 'NEAR', 'OUTSIDE', 'INSIDE', 'NEAR', 'INSIDE', 'INSIDE', 'INSIDE', 'INSIDE', 'OUTSIDE', 'INSIDE', 'INSIDE', 'INSIDE', 'INSIDE', 'OUTSIDE']","[[0.57, 0.2, 0.69], [2.44, 0.2, 1.07], [1.34, 0.22, 1.65], [0.48, 0.22, 0.6], [0.38, 0.2, 2.08], [1.36, 0.19, 1.79], [1.29, 0.28, 2.32], [0.1, 0.19, 0.6], [0.74, 0.16, 0.83], [0.23, 0.55, 0.36], [0.59, 0.43, 1.5], [4.95, 3.85, 1.39], [0.27, 3.59, 1.12], [0.27, 3.98, 0.37], [0.27, 3.82, 0.94], [4.4, 0.36, 1.74], [0.61, 3.67, 1.39], [3.47, 4.22, 1.59], [0.17, 3.74, 0.0], [0.8, 4.15, 0.59], [0.26, 0.66, 0.45]]","[5, 86, 46, 62, 50, 6, 70, 100, 33, 72, 63, 10, 75, 81, 27, 26, 73, 48, 91, 12, 96]",995.9
97,1788356967269205963,307200,102028,27,25,117.2,"[35.6, 38.5, 39.9, 41.1, 42.8, 44.7, 45.6, 46.9, 48.0, 49.0, 78.4, 81.1, 81.7, 84.3, 87.0, 88.1, 90.1, 94.7, 99.2, 100.5, 103.9, 105.3, 114.9, 115.7, 117.2]","['NEAR', 'NEAR', 'NEAR', 'NEAR', 'NEAR', 'RAIL', 'NEAR', 'OUTSIDE', 'NEAR', 'NEAR', 'INSIDE', 'INSIDE', 'INSIDE', 'INSIDE', 'INSIDE', 'INSIDE', 'OUTSIDE', 'RAIL', 'INSIDE', 'INSIDE', 'OUTSIDE', 'OUTSIDE', 'INSIDE', 'INSIDE', 'INSIDE']","[[3.62, 0.29, 1.76], [1.63, 0.23, 2.28], [0.35, 0.16, 1.67], [2.11, 0.22, 2.02], [0.95, 0.19, 1.72], [0.71, 0.2, 1.05], [0.34, 0.19, 1.51], [0.36, 0.17, 1.16], [0.74, 0.19, 1.87], [0.72, 0.14, 0.4], [1.81, 1.16, 1.25], [2.91, 4.06, 1.77], [3.03, 3.88, 1.45], [0.76, 4.02, 0.88], [0.19, 3.85, 0.46], [2.43, 4.02, 1.86], [0.79, 0.19, 1.56], [2.0, 0.27, 0.32], [0.13, 3.68, 0.0], [0.51, 3.77, 0.39], [0.31, 0.49, 1.29], [0.18, 0.98, 0.28], [1.36, 1.76, 0.96], [0.09, 1.23, 0.0], [0.07, 0.81, 0.0]]","[5, 62, 33, 50, 6, 70, 100, 46, 64, 72, 48, 16, 12, 10, 15, 51, 18, 17, 73, 81, 26, 77, 40, 91, 96]",409.1
98,1788356967504302761,307200,105770,23,20,113.4,"[40.4, 43.3, 43.7, 45.6, 46.6, 71.2, 80.9, 84.7, 87.0, 87.5, 89.7, 94.3, 96.7, 99.2, 101.3, 104.5, 105.8, 110.1, 112.0, 113.4]","['NEAR', 'NEAR', 'NEAR', 'NEAR', 'INSIDE', 'RAIL', 'NEAR', 'INSIDE', 'INSIDE', 'INSIDE', 'INSIDE', 'RAIL', 'INSIDE', 'INSIDE', 'INSIDE', 'INSIDE', 'INSIDE', 'INSIDE', 'RAIL', 'OUTSIDE']","[[4.25, 0.24, 1.99], [0.96, 0.2, 1.74], [2.22, 0.2, 1.79], [0.33, 0.17, 1.12], [0.13, 2.74, 0.01], [3.92, 0.14, 0.77], [1.97, 0.24, 1.12], [1.71, 3.92, 0.41], [0.12, 2.01, 0.39], [2.31, 3.88, 1.44], [0.09, 3.71, 0.47], [1.23, 0.3, 0.35], [1.42, 3.99, 0.87], [0.53, 4.01, 1.26], [2.22, 3.85, 1.97], [0.08, 2.95, 0.0], [0.13, 3.68, 0.71], [3.04, 2.3, 0.97], [0.18, 0.27, 0.71], [0.13, 0.59, 0.0]]","[33, 50, 6, 64, 72, 13, 16, 81, 79, 12, 10, 26, 15, 51, 11, 73, 75, 40, 92, 96]",450.8
99,1788356967659604131,307200,100189,20,19,118.1,"[37.5, 41.0, 43.0, 82.1, 84.0, 84.9, 88.9, 92.9, 93.0, 94.3, 98.6, 100.4, 103.4, 104.9, 107.6, 110.0, 112.6, 113.8, 118.1]","['OUTSIDE', 'RAIL', 'NEAR', 'INSIDE', 'INSIDE', 'NEAR', 'INSIDE', 'NEAR', 'INSIDE', 'INSIDE', 'RAIL', 'OUTSIDE', 'INSIDE', 'INSIDE', 'OUTSIDE', 'RAIL', 'RAIL', 'INSIDE', 'INSIDE']","[[3.39, 0.23, 1.95], [0.35, 0.15, 0.37], [2.57, 0.21, 1.69], [5.06, 3.9, 1.86], [0.3, 4.03, 0.64], [0.06, 1.46, 0.0], [1.63, 3.9, 1.41], [0.08, 0.16, 0.62], [0.05, 1.75, 0.0], [2.64, 3.92, 1.29], [0.92, 0.41, 0.0], [0.31, 0.29, 0.72], [0.06, 2.38, 0.0], [0.17, 3.75, 0.7], [0.1, 0.45, 0.91], [1.31, 0.19, 0.48], [0.02, 0.21, 0.51], [0.27, 3.64, 0.79], [0.21, 3.15, 0.0]]","[86, 46, 50, 51, 12, 74, 81, 79, 10, 15, 18, 11, 75, 77, 27, 40, 91, 96, 92]",484.8
100,1788356967865732057,307200,97097,20,16,141.5,"[32.5, 35.7, 44.1, 82.1, 86.5, 90.4, 93.7, 95.1, 96.4, 97.4, 100.4, 105.4, 107.0, 115.7, 119.9, 141.5]","['RAIL', 'INSIDE', 'INSIDE', 'INSIDE', 'INSIDE', 'INSIDE', 'INSIDE', 'INSIDE', 'INSIDE', 'OUTSIDE', 'INSIDE', 'INSIDE', 'INSIDE', 'RAIL', 'RAIL', 'INSIDE']","[[0.43, 0.18, 0.97], [0.78, 1.43, 0.61], [0.19, 1.01, 0.62], [2.87, 4.15, 1.82], [0.49, 3.99, 0.65], [0.07, 2.82, 0.0], [2.08, 4.22, 2.02], [1.67, 4.06, 0.88], [1.41, 3.8, 0.37], [0.47, 0.21, 1.09], [0.59, 3.62, 1.19], [0.53, 3.8, 0.5], [0.1, 4.05, 0.83], [0.08, 0.28, 0.75], [0.05, 0.23, 0.15], [3.02, 2.98, 0.01]]","[72, 5, 86, 81, 12, 30, 48, 10, 51, 74, 73, 75, 91, 96, 15, 19]",413.0
101,1788356968057402397,307200,104963,23,19,117.4,"[31.5, 34.7, 34.8, 47.5, 84.3, 85.1, 88.0, 90.2, 93.9, 95.5, 98.5, 100.1, 102.8, 104.8, 106.1, 107.6, 110.5, 113.2, 117.4]","['OUTSIDE', 'RAIL', 'INSIDE', 'INSIDE', 'INSIDE', 'INSIDE', 'NEAR', 'INSIDE', 'INSIDE', 'INSIDE', 'INSIDE', 'INSIDE', 'INSIDE', 'INSIDE', 'INSIDE', 'RAIL', 'OUTSIDE', 'INSIDE', 'OUTSIDE']","[[9.38, 0.28, 1.89], [0.41, 0.24, 0.84], [0.72, 2.48, 0.58], [0.13, 1.14, 0.31], [0.08, 3.0, 0.0], [2.24, 4.02, 1.43], [2.64, 0.1, 1.13], [1.86, 4.23, 1.17], [0.26, 2.32, 0.46], [1.83, 3.73, 0.37], [0.08, 3.8, 0.86], [0.63, 3.9, 1.16], [0.08, 1.35, 0.73], [0.03, 1.85, 0.0], [0.16, 4.13, 0.99], [0.08, 0.28, 0.73], [0.22, 0.41, 0.2], [0.07, 2.77, 0.0], [0.57, 0.45, 0.77]]","[86, 72, 5, 28, 30, 74, 16, 81, 10, 14, 15, 75, 73, 27, 96, 92, 77, 51, 40]",388.8
102,1788356968281187164,307200,101004,21,17,140.3,"[29.5, 32.7, 85.6, 89.1, 92.0, 93.2, 94.5, 97.7, 99.7, 100.5, 102.5, 105.2, 106.9, 108.3, 110.7, 114.9, 140.3]","['NEAR', 'INSIDE', 'INSIDE', 'INSIDE', 'INSIDE', 'INSIDE', 'INSIDE', 'INSIDE', 'OUTSIDE', 'OUTSIDE', 'INSIDE', 'INSIDE', 'INSIDE', 'INSIDE', 'RAIL', 'OUTSIDE', 'INSIDE']","[[8.66, 0.27, 2.04], [0.67, 2.15, 1.01], [2.85, 4.21, 1.12], [2.4, 3.9, 1.79], [0.31, 4.14, 1.02], [0.09, 2.93, 0.0], [1.2, 4.23, 1.3], [0.03, 1.93, 0.0], [0.07, 1.66, 0.45], [0.96, 0.38, 1.2], [1.08, 3.98, 0.72], [0.22, 3.31, 0.0], [0.34, 4.02, 1.11], [1.5, 0.34, 0.86], [0.1, 0.26, 0.71], [0.76, 0.27, 0.44], [1.61, 3.45, 0.01]]","[86, 5, 14, 81, 74, 30, 10, 15, 12, 79, 27, 75, 92, 45, 40, 73, 19]",352.0
103,1788356968467456165,307200,102626,20,18,112.4,"[27.6, 30.1, 32.7, 44.6, 49.6, 80.6, 85.6, 87.5, 90.0, 91.1, 95.2, 96.7, 98.2, 100.2, 102.7, 104.3, 108.2, 112.4]","['OUTSIDE', 'NEAR', 'NEAR', 'RAIL', 'NEAR', 'INSIDE', 'INSIDE', 'INSIDE', 'INSIDE', 'INSIDE', 'INSIDE', 'OUTSIDE', 'INSIDE', 'OUTSIDE', 'INSIDE', 'INSIDE', 'OUTSIDE', 'RAIL']","[[3.37, 0.27, 1.53], [0.56, 0.22, 1.28], [3.63, 0.23, 2.21], [0.34, 0.19, 0.54], [0.11, 1.25, 0.01], [0.36, 3.9, 1.04], [0.2, 2.49, 0.0], [1.4, 3.82, 0.56], [0.93, 3.84, 0.91], [0.22, 3.23, 0.0], [0.21, 3.84, 0.36], [0.76, 0.15, 0.54], [4.66, 4.2, 1.88], [0.96, 0.41, 0.86], [1.57, 0.29, 1.12], [0.1, 3.97, 1.25], [0.06, 0.31, 0.91], [0.05, 0.31, 0.14]]","[5, 86, 28, 100, 6, 12, 74, 79, 75, 45, 51, 14, 48, 10, 63, 40, 73, 81]",386.9
104,1788356968673179921,307200,101352,16,15,118.5,"[30.6, 44.5, 45.9, 47.3, 49.1, 78.2, 83.5, 84.8, 88.0, 93.9, 95.5, 99.3, 105.7, 110.0, 118.5]","['OUTSIDE', 'RAIL', 'NEAR', 'NEAR', 'RAIL', 'NEAR', 'INSIDE', 'INSIDE', 'INSIDE', 'INSIDE', 'INSIDE', 'OUTSIDE', 'INSIDE', 'OUTSIDE', 'INSIDE']","[[3.09, 1.29, 2.53], [0.39, 0.15, 0.77], [0.69, 0.2, 1.61], [0.72, 0.37, 0.57], [0.21, 0.16, 0.39], [1.95, 0.19, 1.57], [3.07, 4.22, 1.85], [3.03, 4.03, 1.78], [2.73, 4.09, 1.43], [0.04, 1.0, 0.0], [4.52, 4.07, 1.18], [1.84, 1.55, 1.82], [0.22, 4.07, 1.22], [0.07, 0.41, 0.89], [0.08, 2.69, 0.0]]","[6, 100, 64, 86, 70, 48, 16, 51, 30, 74, 15, 18, 73, 27, 96]",418.2
105,1788356964065154478,307200,102781,19,15,111.2,"[29.9, 35.7, 37.5, 40.4, 41.9, 47.4, 47.5, 90.6, 92.5, 94.6, 96.9, 98.6, 104.4, 106.0, 111.2]","['OUTSIDE', 'NEAR', 'OUTSIDE', 'OUTSIDE', 'OUTSIDE', 'INSIDE', 'INSIDE', 'NEAR', 'INSIDE', 'INSIDE', 'INSIDE', 'INSIDE', 'INSIDE', 'INSIDE', 'INSIDE']","[[2.65, 0.21, 1.01], [4.56, 0.32, 1.95], [0.23, 0.18, 0.99], [0.68, 0.17, 0.24], [0.31, 0.21, 1.03], [0.07, 2.49, 0.0], [0.44, 2.87, 0.36], [0.58, 0.55, 1.47], [5.58, 3.87, 1.53], [0.34, 4.0, 0.92], [0.23, 3.52, 0.2], [1.46, 3.69, 0.02], [0.46, 3.98, 0.41], [0.19, 3.96, 0.0], [0.12, 3.48, 0.0]]","[62, 64, 33, 70, 86, 50, 46, 74, 15, 75, 45, 40, 79, 30, 81]",473.8
106,1788356964265979507,307200,101674,31,25,113.1,"[27.4, 28.4, 33.1, 33.8, 37.4, 41.0, 41.5, 42.6, 45.5, 45.5, 46.6, 49.5, 81.1, 82.6, 88.4, 90.2, 92.7, 95.3, 99.5, 101.2, 104.1, 105.4, 107.0, 111.5, 113.1]","['OUTSIDE', 'OUTSIDE', 'NEAR', 'NEAR', 'OUTSIDE', 'RAIL', 'RAIL', 'INSIDE', 'RAIL', 'NEAR', 'INSIDE', 'INSIDE', 'INSIDE', 'INSIDE', 'INSIDE', 'INSIDE', 'INSIDE', 'INSIDE', 'OUTSIDE', 'OUTSIDE', 'INSIDE', 'INSIDE', 'INSIDE', 'OUTSIDE', 'INSIDE']","[[3.62, 0.23, 1.52], [2.69, 0.24, 2.19], [0.72, 0.18, 1.42], [4.15, 0.31, 1.86], [1.06, 0.21, 2.25], [0.29, 0.14, 0.97], [0.14, 0.19, 0.65], [1.12, 2.49, 1.53], [0.42, 0.3, 0.21], [0.51, 0.23, 0.97], [0.11, 1.25, 0.73], [0.09, 1.3, 0.01], [2.84, 4.6, 1.65], [0.91, 3.85, 1.37], [0.08, 3.47, 0.0], [6.0, 4.22, 1.87], [0.25, 3.97, 0.49], [0.14, 2.55, 0.69], [0.35, 0.94, 0.37], [0.36, 1.34, 0.93], [0.16, 3.7, 0.0], [0.5, 3.91, 0.53], [1.13, 4.08, 1.35], [0.05, 1.13, 0.0], [0.06, 2.16, 0.0]]","[28, 33, 6, 64, 50, 100, 46, 72, 70, 5, 86, 62, 30, 63, 15, 11, 75, 45, 26, 27, 40, 92, 81, 79, 18]",1509.9
107,1788356964465033927,307200,101633,26,22,119.9,"[26.8, 33.3, 35.8, 40.4, 41.6, 42.6, 44.4, 45.4, 47.5, 49.3, 80.5, 82.3, 85.6, 88.4, 92.2, 98.5, 100.2, 103.3, 104.7, 109.5, 110.9, 119.9]","['NEAR', 'NEAR', 'NEAR', 'NEAR', 'NEAR', 'RAIL', 'NEAR', 'RAIL', 'NEAR', 'NEAR', 'INSIDE', 'INSIDE', 'INSIDE', 'INSIDE', 'INSIDE', 'INSIDE', 'INSIDE', 'OUTSIDE', 'INSIDE', 'INSIDE', 'INSIDE', 'INSIDE']","[[3.51, 0.26, 1.78], [0.8, 0.17, 1.59], [1.01, 0.18, 1.67], [0.56, 0.24, 1.61], [2.1, 0.28, 1.79], [0.5, 0.18, 0.99], [0.76, 0.22, 1.86], [0.1, 0.17, 0.4], [0.35, 0.19, 1.35], [0.91, 0.22, 0.74], [5.07, 4.44, 1.62], [0.69, 3.96, 0.4], [0.04, 0.88, 0.0], [0.08, 3.92, 0.48], [0.05, 3.47, 0.0], [0.13, 4.03, 0.37], [2.3, 4.07, 1.73], [0.47, 1.15, 0.57], [0.09, 3.55, 0.52], [0.34, 3.87, 1.05], [0.13, 3.56, 0.0], [0.09, 2.67, 0.0]]","[33, 28, 50, 6, 64, 46, 100, 72, 70, 5, 79, 15, 63, 45, 75, 51, 16, 11, 40, 73, 91, 18]",469.4
108,1788356964663928654,307200,101704,20,18,119.4,"[27.2, 29.3, 33.4, 36.9, 41.8, 44.2, 47.4, 83.9, 84.4, 88.0, 91.9, 97.7, 99.8, 103.5, 110.2, 112.2, 116.2, 119.4]","['NEAR', 'NEAR', 'NEAR', 'NEAR', 'NEAR', 'NEAR', 'NEAR', 'INSIDE', 'INSIDE', 'INSIDE', 'INSIDE', 'INSIDE', 'INSIDE', 'INSIDE', 'RAIL', 'INSIDE', 'INSIDE', 'INSIDE']","[[2.6, 0.22, 1.8], [0.12, 0.2, 0.3], [4.61, 0.24, 1.72], [1.24, 0.25, 1.87], [3.36, 0.47, 2.82], [0.32, 0.16, 1.57], [0.5, 0.2, 1.68], [4.12, 4.38, 1.63], [1.14, 3.94, 0.39], [0.27, 3.88, 0.87], [1.71, 3.94, 1.36], [3.26, 4.12, 1.81], [1.05, 3.62, 0.29], [0.09, 3.66, 0.0], [0.24, 0.22, 0.51], [0.15, 2.08, 0.0], [0.05, 1.77, 0.0], [0.75, 4.09, 0.96]]","[86, 5, 28, 33, 46, 64, 70, 79, 15, 63, 45, 16, 92, 40, 96, 91, 14, 51]",453.6
109,1788356964865968610,307200,102202,26,21,118.8,"[29.7, 32.1, 34.9, 36.3, 37.8, 40.2, 42.2, 43.0, 43.2, 44.3, 47.1, 48.3, 49.0, 80.3, 83.2, 90.3, 97.6, 102.2, 103.5, 110.4, 118.8]","['INSIDE', 'OUTSIDE', 'NEAR', 'NEAR', 'NEAR', 'NEAR', 'NEAR', 'NEAR', 'NEAR', 'RAIL', 'NEAR', 'RAIL', 'INSIDE', 'INSIDE', 'INSIDE', 'INSIDE', 'INSIDE', 'INSIDE', 'INSIDE', 'INSIDE', 'INSIDE']","[[7.35, 1.91, 2.94], [1.6, 0.25, 1.77], [1.3, 0.27, 2.28], [2.72, 0.28, 2.05], [0.33, 0.21, 1.51], [0.54, 0.16, 1.53], [0.38, 0.2, 1.41], [0.86, 0.12, 0.52], [0.36, 0.18, 0.11], [0.52, 0.19, 0.97], [0.21, 0.2, 1.01], [0.52, 0.15, 0.84], [0.27, 2.01, 0.01], [5.4, 4.47, 1.93], [0.37, 4.09, 1.48], [0.18, 3.75, 0.0], [0.03, 3.43, 0.0], [2.15, 4.08, 2.02], [1.68, 3.94, 1.07], [0.06, 1.68, 0.0], [0.43, 3.45, 0.48]]","[86, 28, 97, 50, 33, 6, 46, 70, 100, 64, 72, 98, 62, 81, 15, 45, 75, 16, 40, 18, 91]",392.2
110,1788356965067547111,307200,101109,19,18,118.2,"[33.0, 38.6, 41.2, 42.5, 44.7, 48.4, 81.2, 82.1, 87.2, 90.6, 95.6, 96.8, 99.3, 101.3, 108.8, 111.9, 116.6, 118.2]","['NEAR', 'NEAR', 'NEAR', 'NEAR', 'NEAR', 'NEAR', 'INSIDE', 'INSIDE', 'INSIDE', 'INSIDE', 'INSIDE', 'INSIDE', 'INSIDE', 'INSIDE', 'INSIDE', 'RAIL', 'INSIDE', 'INSIDE']","[[2.88, 0.3, 1.67], [3.65, 0.28, 1.93], [0.53, 0.19, 1.97], [1.39, 0.23, 1.69], [1.81, 0.21, 1.8], [1.47, 0.34, 1.91], [4.75, 4.44, 1.88], [0.04, 0.51, 0.0], [0.32, 3.88, 0.83], [1.67, 3.96, 0.47], [0.08, 3.54, 0.0], [6.13, 4.16, 2.09], [2.76, 4.01, 1.05], [0.51, 3.59, 0.48], [0.5, 3.75, 1.45], [0.09, 0.21, 0.49], [0.26, 3.59, 0.48], [0.05, 1.15, 0.0]]","[28, 97, 50, 46, 64, 100, 51, 74, 30, 63, 45, 18, 73, 91, 81, 92, 96, 16]",385.9
111,1788356965263236029,307200,99999,17,15,116.0,"[38.3, 40.8, 42.7, 48.2, 84.2, 84.8, 88.8, 91.0, 94.1, 95.9, 99.2, 100.6, 106.6, 109.9, 116.0]","['NEAR', 'NEAR', 'NEAR', 'NEAR', 'NEAR', 'INSIDE', 'INSIDE', 'INSIDE', 'INSIDE', 'INSIDE', 'INSIDE', 'OUTSIDE', 'INSIDE', 'RAIL', 'INSIDE']","[[1.46, 0.2, 1.93], [2.58, 0.21, 2.06], [0.89, 0.19, 1.71], [0.86, 0.21, 0.79], [1.05, 0.45, 1.84], [5.54, 3.96, 1.89], [1.37, 3.99, 0.83], [0.3, 3.87, 0.67], [0.13, 3.85, 0.46], [1.95, 3.72, 1.44], [0.54, 3.61, 0.29], [1.26, 0.45, 1.07], [0.43, 3.44, 0.23], [0.51, 0.21, 0.71], [0.11, 3.2, 0.98]]","[97, 50, 46, 100, 14, 51, 30, 45, 63, 81, 27, 12, 96, 92, 26]",365.7
112,1788356965465863769,307200,101526,27,23,119.8,"[29.7, 32.2, 38.0, 39.6, 40.6, 41.6, 42.7, 43.7, 45.0, 47.0, 49.6, 82.4, 84.9, 87.0, 90.1, 92.6, 96.3, 100.0, 104.0, 112.3, 113.9, 118.4, 119.8]","['NEAR', 'NEAR', 'NEAR', 'NEAR', 'NEAR', 'NEAR', 'NEAR', 'NEAR', 'INSIDE', 'INSIDE', 'INSIDE', 'INSIDE', 'INSIDE', 'INSIDE', 'INSIDE', 'INSIDE', 'RAIL', 'INSIDE', 'INSIDE', 'OUTSIDE', 'INSIDE', 'INSIDE', 'INSIDE']","[[9.65, 0.32, 2.45], [1.85, 0.24, 2.29], [0.6, 0.16, 1.65], [0.9, 0.17, 1.38], [1.05, 0.11, 0.83], [1.66, 0.21, 1.73], [1.01, 0.31, 1.08], [0.59, 0.2, 1.43], [0.66, 2.79, 1.07], [0.09, 1.99, 0.01], [0.13, 1.98, 0.0], [3.02, 4.48, 1.82], [0.21, 3.72, 0.0], [3.61, 3.92, 1.75], [4.65, 4.06, 1.42], [0.19, 1.03, 0.87], [0.55, 0.13, 0.81], [1.71, 4.02, 0.49], [0.14, 3.35, 0.0], [0.07, 1.65, 0.0], [0.5, 3.85, 0.46], [0.43, 3.98, 0.95], [0.1, 2.37, 0.0]]","[28, 97, 50, 46, 6, 70, 64, 72, 86, 98, 100, 18, 79, 26, 15, 45, 81, 75, 91, 96, 40, 92, 51]",1608.1
113,1788356968870269949,307200,103779,23,19,107.1,"[28.4, 41.1, 43.2, 45.3, 47.6, 48.6, 81.4, 82.2, 85.4, 86.9, 88.5, 90.2, 92.8, 94.6, 96.0, 100.4, 100.7, 103.1, 107.1]","['NEAR', 'NEAR', 'RAIL', 'RAIL', 'INSIDE', 'INSIDE', 'INSIDE', 'INSIDE', 'INSIDE', 'INSIDE', 'INSIDE', 'INSIDE', 'OUTSIDE', 'OUTSIDE', 'INSIDE', 'OUTSIDE', 'INSIDE', 'INSIDE', 'INSIDE']","[[1.36, 0.21, 2.21], [0.46, 0.17, 0.29], [0.41, 0.13, 1.06], [0.44, 0.14, 0.47], [0.43, 0.63, 0.27], [0.15, 2.87, 0.01], [3.15, 3.92, 1.33], [0.25, 2.66, 0.38], [0.77, 0.35, 1.16], [2.85, 3.9, 1.86], [0.6, 4.12, 1.4], [3.11, 3.99, 1.98], [0.16, 0.35, 0.2], [0.46, 0.48, 0.61], [0.55, 3.73, 0.39], [0.1, 0.4, 0.87], [0.16, 2.84, 0.8], [0.14, 0.97, 0.94], [0.02, 0.57, 0.0]]","[64, 70, 72, 6, 86, 98, 15, 30, 45, 51, 27, 18, 63, 79, 81, 75, 26, 14, 16]",411.7
114,1788356969065409259,307200,95080,22,16,117.3,"[42.1, 42.2, 46.5, 48.1, 81.2, 83.6, 86.7, 90.3, 92.3, 93.4, 97.6, 97.9, 100.6, 104.8, 115.4, 117.3]","['INSIDE', 'NEAR', 'NEAR', 'NEAR', 'INSIDE', 'INSIDE', 'INSIDE', 'INSIDE', 'NEAR', 'OUTSIDE', 'OUTSIDE', 'INSIDE', 'INSIDE', 'INSIDE', 'OUTSIDE', 'INSIDE']","[[0.75, 2.01, 1.17], [1.52, 0.2, 2.16], [0.48, 0.2, 1.14], [0.45, 0.19, 0.75], [1.78, 3.91, 2.03], [1.17, 0.06, 1.49], [2.72, 4.05, 1.23], [0.17, 4.2, 1.59], [0.82, 0.29, 1.45], [0.61, 0.5, 1.34], [0.43, 1.09, 1.58], [1.98, 3.95, 0.73], [0.08, 2.25, 0.0], [0.21, 3.22, 0.0], [0.19, 0.32, 1.12], [0.03, 1.14, 0.0]]","[98, 70, 72, 46, 51, 74, 79, 27, 16, 12, 81, 14, 96, 40, 63, 30]",452.8
115,1788356969277682636,307200,103151,19,15,117.6,"[39.4, 41.4, 46.2, 48.3, 83.4, 85.0, 86.5, 89.8, 93.9, 95.3, 98.0, 102.2, 110.8, 117.1, 117.6]","['RAIL', 'NEAR', 'NEAR', 'RAIL', 'INSIDE', 'NEAR', 'INSIDE', 'INSIDE', 'INSIDE', 'OUTSIDE', 'INSIDE', 'INSIDE', 'OUTSIDE', 'INSIDE', 'OUTSIDE']","[[0.37, 0.13, 0.27], [2.94, 0.2, 1.62], [2.07, 0.21, 1.86], [0.71, 0.19, 0.76], [0.65, 1.51, 0.52], [1.34, 0.24, 1.4], [1.24, 3.98, 0.82], [0.17, 4.17, 1.55], [2.77, 4.18, 0.97], [0.48, 0.39, 1.25], [0.12, 2.9, 0.0], [0.48, 3.77, 0.9], [0.1, 0.28, 1.09], [1.29, 0.61, 0.99], [0.64, 0.29, 0.48]]","[50, 46, 70, 72, 51, 26, 30, 75, 14, 15, 92, 11, 12, 96, 40]",420.7
116,1788356969469968552,307200,102839,23,18,119.7,"[39.1, 47.4, 49.9, 82.3, 83.6, 85.1, 87.3, 88.7, 90.4, 91.8, 93.0, 95.4, 99.6, 108.3, 110.1, 115.1, 118.1, 119.7]","['NEAR', 'NEAR', 'NEAR', 'INSIDE', 'INSIDE', 'INSIDE', 'OUTSIDE', 'INSIDE', 'INSIDE', 'OUTSIDE', 'OUTSIDE', 'INSIDE', 'OUTSIDE', 'OUTSIDE', 'INSIDE', 'INSIDE', 'INSIDE', 'INSIDE']","[[5.61, 0.23, 1.95], [1.3, 0.22, 1.47], [0.21, 0.21, 1.66], [1.51, 0.21, 1.75], [2.37, 0.33, 1.62], [0.14, 4.13, 1.74], [0.76, 0.35, 0.59], [1.48, 3.79, 0.39], [0.17, 3.27, 0.0], [1.03, 0.33, 1.57], [0.52, 0.45, 0.76], [0.39, 3.9, 0.56], [0.05, 0.76, 0.0], [0.12, 0.39, 1.25], [0.91, 0.4, 1.28], [0.19, 2.51, 0.0], [0.11, 3.09, 0.0], [1.1, 2.53, 1.29]]","[50, 72, 70, 14, 79, 63, 30, 81, 92, 26, 11, 18, 73, 15, 96, 91, 40, 51]",382.4
117,1788356969678101757,307200,102344,23,16,114.0,"[28.8, 35.6, 37.0, 38.7, 41.1, 47.0, 81.2, 82.1, 84.6, 88.6, 90.2, 92.8, 97.0, 105.6, 112.3, 114.0]","['NEAR', 'NEAR', 'NEAR', 'NEAR', 'INSIDE', 'INSIDE', 'NEAR', 'INSIDE', 'INSIDE', 'INSIDE', 'OUTSIDE', 'INSIDE', 'OUTSIDE', 'INSIDE', 'INSIDE', 'INSIDE']","[[3.39, 0.25, 1.83], [1.62, 0.2, 1.62], [0.68, 0.2, 1.55], [1.18, 0.2, 1.85], [0.21, 1.98, 0.34], [0.13, 2.51, 0.01], [0.48, 0.21, 1.98], [1.42, 0.31, 1.68], [0.24, 4.21, 1.69], [0.11, 2.95, 0.0], [0.11, 0.39, 1.41], [1.47, 4.21, 1.46], [0.49, 0.29, 0.4], [1.95, 4.04, 0.9], [0.15, 2.79, 0.0], [1.9, 3.74, 1.32]]","[33, 50, 46, 72, 97, 86, 16, 51, 12, 27, 30, 92, 26, 18, 96, 81]",395.2
118,1788356969859370629,307200,102419,23,18,128.7,"[38.0, 39.3, 42.0, 47.4, 81.7, 87.0, 87.6, 90.1, 94.4, 101.1, 102.9, 106.8, 109.2, 109.7, 114.8, 116.0, 117.5, 128.7]","['NEAR', 'OUTSIDE', 'NEAR', 'INSIDE', 'INSIDE', 'INSIDE', 'INSIDE', 'INSIDE', 'INSIDE', 'OUTSIDE', 'INSIDE', 'INSIDE', 'INSIDE', 'OUTSIDE', 'INSIDE', 'INSIDE', 'INSIDE', 'INSIDE']","[[1.63, 0.19, 2.25], [1.17, 0.21, 1.65], [2.32, 0.23, 1.86], [0.11, 2.7, 0.34], [5.79, 4.28, 1.99], [0.56, 0.31, 1.91], [0.27, 4.28, 1.82], [0.09, 1.8, 0.0], [0.11, 2.65, 0.0], [0.15, 0.26, 1.37], [1.35, 1.0, 1.43], [0.1, 3.17, 0.0], [2.42, 3.78, 1.69], [0.72, 0.29, 0.5], [0.1, 3.49, 0.0], [0.4, 0.64, 0.78], [0.15, 2.03, 0.0], [5.0, 3.9, 0.91]]","[50, 46, 72, 97, 18, 14, 15, 75, 63, 26, 73, 27, 81, 92, 40, 96, 91, 94]",383.6
119,1788356970082683260,307200,100858,26,19,127.3,"[34.3, 37.4, 46.4, 48.8, 79.3, 82.5, 85.0, 85.0, 87.8, 91.8, 100.3, 102.2, 106.6, 107.5, 108.7, 110.5, 111.9, 117.8, 127.3]","['OUTSIDE', 'OUTSIDE', 'NEAR', 'NEAR', 'NEAR', 'INSIDE', 'INSIDE', 'INSIDE', 'INSIDE', 'INSIDE', 'OUTSIDE', 'INSIDE', 'OUTSIDE', 'INSIDE', 'INSIDE', 'INSIDE', 'INSIDE', 'OUTSIDE', 'INSIDE']","[[3.25, 0.24, 2.38], [1.75, 0.19, 1.58], [1.57, 0.2, 1.63], [2.35, 0.21, 1.59], [1.71, 0.31, 1.95], [2.37, 0.65, 1.62], [0.55, 0.28, 1.87], [0.38, 1.27, 0.75], [0.7, 3.3, 0.44], [0.1, 2.47, 0.0], [0.75, 0.45, 1.45], [0.43, 4.51, 2.01], [1.24, 0.42, 1.75], [0.18, 4.11, 0.78], [1.63, 3.9, 0.91], [0.07, 2.14, 0.0], [0.14, 2.98, 0.0], [1.03, 0.47, 1.87], [12.96, 4.12, 1.58]]","[33, 50, 72, 70, 16, 27, 51, 73, 92, 75, 63, 79, 81, 40, 18, 45, 74, 11, 94]",407.2
120,1788356970269102777,307200,100398,25,17,126.2,"[33.6, 36.2, 42.3, 43.2, 46.4, 49.7, 80.9, 85.1, 89.1, 97.7, 99.5, 104.0, 104.3, 108.8, 110.7, 117.5, 126.2]","['OUTSIDE', 'OUTSIDE', 'RAIL', 'OUTSIDE', 'NEAR', 'INSIDE', 'INSIDE', 'INSIDE', 'NEAR', 'INSIDE', 'INSIDE', 'OUTSIDE', 'OUTSIDE', 'INSIDE', 'INSIDE', 'NEAR', 'INSIDE']","[[2.75, 0.19, 1.77], [2.56, 0.21, 1.8], [0.11, 0.18, 0.39], [2.4, 0.22, 1.78], [0.55, 0.21, 1.86], [0.04, 1.88, 0.0], [3.33, 4.1, 2.14], [0.37, 4.33, 2.18], [1.46, 0.59, 1.58], [1.23, 3.9, 1.49], [0.06, 3.28, 0.0], [0.63, 0.41, 0.41], [1.22, 0.4, 1.7], [1.65, 3.76, 0.24], [0.19, 3.3, 0.0], [0.1, 1.02, 0.0], [9.86, 3.92, 1.43]]","[50, 46, 6, 72, 70, 33, 18, 26, 45, 75, 92, 63, 11, 40, 74, 12, 94]",1334.2
121,1788356965669366419,307200,101843,19,17,116.0,"[40.6, 41.5, 42.4, 44.9, 47.5, 49.2, 85.8, 87.5, 91.4, 93.4, 98.6, 101.3, 104.0, 105.5, 113.0, 114.5, 116.0]","['RAIL', 'NEAR', 'NEAR', 'NEAR', 'NEAR', 'NEAR', 'INSIDE', 'INSIDE', 'INSIDE', 'INSIDE', 'INSIDE', 'INSIDE', 'INSIDE', 'OUTSIDE', 'INSIDE', 'INSIDE', 'INSIDE']","[[0.59, 0.23, 0.91], [0.64, 0.14, 0.37], [1.12, 0.33, 1.57], [3.27, 0.23, 1.64], [0.64, 0.19, 1.06], [0.25, 0.11, 1.52], [1.33, 3.81, 0.8], [0.22, 3.1, 0.0], [3.56, 4.2, 1.76], [1.48, 4.16, 0.87], [0.07, 3.63, 0.0], [0.39, 4.07, 1.17], [0.64, 3.9, 1.1], [1.23, 0.4, 0.68], [0.15, 3.92, 0.98], [0.06, 1.18, 0.0], [0.03, 2.0, 0.0]]","[46, 98, 6, 64, 72, 70, 79, 15, 26, 74, 63, 45, 11, 12, 91, 73, 96]",715.8
122,1788356965864431150,307200,103028,18,16,115.4,"[30.8, 36.3, 40.8, 40.9, 44.1, 48.7, 86.8, 88.0, 94.2, 95.8, 99.6, 101.6, 103.2, 106.4, 107.9, 115.4]","['NEAR', 'NEAR', 'NEAR', 'NEAR', 'INSIDE', 'INSIDE', 'INSIDE', 'NEAR', 'INSIDE', 'INSIDE', 'INSIDE', 'INSIDE', 'INSIDE', 'INSIDE', 'OUTSIDE', 'INSIDE']","[[9.63, 0.32, 2.85], [0.35, 0.21, 1.19], [5.74, 0.36, 2.12], [1.45, 0.27, 2.34], [0.08, 2.0, 0.0], [0.09, 1.54, 0.0], [0.11, 3.78, 0.0], [0.36, 0.38, 0.58], [0.52, 3.91, 1.45], [0.18, 3.78, 0.2], [1.39, 4.01, 0.88], [3.36, 3.88, 1.79], [0.37, 3.82, 0.5], [0.27, 3.58, 1.02], [0.32, 0.2, 0.51], [0.26, 3.55, 0.47]]","[86, 50, 98, 70, 97, 64, 15, 14, 74, 12, 63, 26, 75, 45, 27, 91]",382.0
123,1788356966064724253,307200,102157,21,17,111.5,"[31.1, 32.1, 35.9, 45.2, 46.5, 48.7, 75.7, 82.0, 85.2, 87.0, 89.6, 93.4, 95.7, 101.0, 102.5, 108.5, 111.5]","['NEAR', 'NEAR', 'NEAR', 'NEAR', 'INSIDE', 'NEAR', 'NEAR', 'INSIDE', 'INSIDE', 'INSIDE', 'INSIDE', 'OUTSIDE', 'INSIDE', 'OUTSIDE', 'NEAR', 'INSIDE', 'INSIDE']","[[8.4, 0.41, 2.31], [0.48, 0.23, 1.85], [2.18, 0.25, 1.96], [1.12, 0.2, 1.79], [0.6, 2.54, 0.57], [0.12, 1.3, 0.01], [1.9, 0.57, 1.85], [1.45, 3.94, 0.37], [1.65, 3.92, 1.1], [3.51, 4.08, 1.26], [2.5, 3.91, 1.78], [2.6, 0.62, 1.14], [0.39, 4.01, 1.12], [0.22, 1.91, 0.48], [0.09, 0.22, 0.38], [0.16, 2.21, 0.94], [0.06, 3.22, 0.0]]","[50, 72, 70, 6, 33, 86, 16, 26, 11, 74, 18, 81, 12, 27, 15, 73, 75]",408.6
124,1788356966277536363,307200,101471,21,19,117.0,"[34.8, 35.3, 40.2, 41.1, 44.3, 46.6, 48.7, 85.0, 88.9, 94.2, 98.7, 100.3, 101.6, 103.2, 106.3, 107.7, 109.3, 114.9, 117.0]","['NEAR', 'NEAR', 'NEAR', 'NEAR', 'NEAR', 'INSIDE', 'OUTSIDE', 'INSIDE', 'INSIDE', 'INSIDE', 'INSIDE', 'INSIDE', 'INSIDE', 'INSIDE', 'INSIDE', 'INSIDE', 'INSIDE', 'OUTSIDE', 'INSIDE']","[[1.51, 0.36, 1.46], [5.65, 0.26, 1.84], [1.77, 0.26, 2.53], [2.36, 0.24, 1.85], [1.62, 0.25, 1.93], [0.36, 0.68, 0.34], [0.18, 0.98, 0.32], [1.94, 4.17, 1.43], [2.82, 4.15, 1.3], [2.72, 3.92, 1.64], [0.08, 3.72, 0.0], [0.33, 3.83, 0.87], [2.14, 0.21, 1.15], [0.1, 0.68, 0.29], [0.11, 3.34, 0.0], [0.05, 2.26, 0.0], [1.11, 3.65, 0.24], [0.36, 0.21, 0.69], [0.37, 0.95, 0.48]]","[50, 98, 6, 72, 70, 97, 33, 26, 74, 11, 12, 63, 27, 75, 45, 92, 91, 30, 40]",391.7
125,1788356966461397411,307200,103509,24,20,117.6,"[31.1, 39.7, 44.3, 44.6, 47.3, 78.4, 82.8, 84.1, 85.9, 88.6, 92.5, 94.6, 96.3, 97.9, 99.3, 103.2, 110.1, 111.5, 114.8, 117.6]","['NEAR', 'INSIDE', 'NEAR', 'RAIL', 'OUTSIDE', 'INSIDE', 'INSIDE', 'INSIDE', 'NEAR', 'INSIDE', 'OUTSIDE', 'INSIDE', 'OUTSIDE', 'INSIDE', 'INSIDE', 'INSIDE', 'OUTSIDE', 'INSIDE', 'OUTSIDE', 'INSIDE']","[[5.4, 0.31, 2.09], [2.45, 0.89, 2.56], [0.41, 0.19, 1.48], [0.9, 0.22, 0.98], [0.65, 1.2, 0.28], [0.55, 3.79, 0.38], [1.75, 3.88, 0.39], [1.31, 3.98, 1.34], [1.48, 0.25, 1.09], [0.06, 3.64, 0.0], [0.38, 0.6, 1.8], [0.2, 3.84, 0.45], [2.37, 0.32, 1.38], [1.46, 3.66, 0.29], [0.27, 3.97, 0.93], [0.05, 2.67, 0.0], [0.05, 0.8, 0.0], [0.6, 1.76, 0.34], [0.26, 0.17, 0.81], [0.06, 3.5, 0.0]]","[98, 6, 72, 64, 86, 11, 79, 51, 15, 63, 18, 30, 81, 12, 73, 40, 96, 16, 74, 75]",1736.2
126,1788356966668620370,307200,102123,23,18,116.8,"[30.2, 38.9, 42.0, 42.1, 44.9, 46.9, 53.1, 80.5, 85.5, 91.8, 94.1, 95.2, 97.8, 103.3, 104.7, 110.9, 112.2, 116.8]","['NEAR', 'RAIL', 'NEAR', 'RAIL', 'RAIL', 'INSIDE', 'INSIDE', 'INSIDE', 'INSIDE', 'INSIDE', 'OUTSIDE', 'INSIDE', 'INSIDE', 'RAIL', 'INSIDE', 'INSIDE', 'OUTSIDE', 'INSIDE']","[[2.69, 0.28, 2.07], [0.19, 0.21, 0.16], [0.93, 0.22, 2.07], [0.1, 0.19, 1.03], [0.66, 0.2, 0.37], [0.68, 2.62, 0.78], [6.09, 2.13, 2.43], [3.88, 4.18, 1.72], [1.44, 3.95, 1.0], [1.51, 3.83, 0.47], [0.08, 0.42, 0.18], [0.06, 3.47, 0.0], [0.31, 3.19, 0.48], [1.23, 0.17, 0.47], [0.28, 3.94, 0.45], [0.08, 3.26, 0.0], [0.34, 0.22, 0.39], [0.04, 0.98, 0.0]]","[46, 98, 6, 72, 64, 86, 70, 11, 79, 30, 18, 12, 27, 15, 75, 40, 74, 73]",1255.3
127,1788356966864081091,307200,98065,20,17,126.1,"[40.0, 42.7, 44.0, 47.3, 49.4, 80.2, 85.6, 90.4, 94.4, 96.4, 98.0, 102.4, 103.8, 108.5, 117.0, 117.5, 126.1]","['NEAR', 'NEAR', 'NEAR', 'NEAR', 'NEAR', 'INSIDE', 'INSIDE', 'INSIDE', 'INSIDE', 'INSIDE', 'INSIDE', 'INSIDE', 'INSIDE', 'RAIL', 'INSIDE', 'INSIDE', 'INSIDE']","[[3.74, 0.28, 2.32], [0.56, 0.2, 1.62], [1.76, 0.24, 1.57], [0.75, 0.17, 1.78], [0.37, 0.17, 0.55], [1.72, 4.23, 1.95], [5.37, 4.22, 1.9], [3.34, 4.12, 1.2], [0.47, 3.78, 0.39], [0.38, 3.99, 0.84], [0.06, 1.99, 0.0], [0.16, 3.91, 0.89], [0.15, 3.6, 0.29], [1.77, 0.16, 0.6], [2.13, 3.74, 0.23], [0.02, 0.62, 0.0], [11.65, 3.94, 0.85]]","[98, 46, 110, 72, 70, 18, 11, 79, 30, 15, 12, 27, 92, 74, 40, 91, 94]",488.1
128,1788356967070295389,307200,101834,19,16,119.6,"[30.0, 44.3, 47.2, 49.2, 84.8, 90.0, 93.3, 95.5, 99.4, 103.2, 105.4, 110.7, 112.1, 114.8, 118.2, 119.6]","['NEAR', 'NEAR', 'NEAR', 'INSIDE', 'INSIDE', 'INSIDE', 'INSIDE', 'INSIDE', 'OUTSIDE', 'INSIDE', 'INSIDE', 'INSIDE', 'OUTSIDE', 'INSIDE', 'INSIDE', 'RAIL']","[[2.23, 0.25, 2.17], [0.38, 0.19, 1.25], [0.59, 0.21, 1.73], [0.05, 2.31, 0.01], [6.53, 4.25, 1.84], [0.57, 3.68, 0.38], [1.57, 3.99, 1.28], [1.94, 4.16, 0.87], [1.64, 0.26, 1.22], [1.7, 3.78, 0.49], [0.13, 3.6, 0.0], [0.17, 2.51, 0.0], [0.05, 1.86, 0.0], [0.33, 3.55, 0.93], [0.08, 1.76, 0.0], [0.06, 0.4, 0.33]]","[110, 72, 70, 86, 11, 15, 74, 63, 81, 45, 27, 91, 40, 75, 73, 96]",445.3
129,1788356970463732148,307200,99755,26,17,124.7,"[35.9, 42.1, 43.7, 47.3, 48.7, 85.9, 93.0, 94.8, 97.0, 98.8, 101.2, 101.6, 106.5, 107.9, 115.5, 117.0, 124.7]","['OUTSIDE', 'OUTSIDE', 'OUTSIDE', 'OUTSIDE', 'NEAR', 'INSIDE', 'NEAR', 'INSIDE', 'INSIDE', 'OUTSIDE', 'INSIDE', 'INSIDE', 'INSIDE', 'INSIDE', 'INSIDE', 'INSIDE', 'INSIDE']","[[1.32, 0.19, 1.58], [2.59, 0.23, 1.56], [1.92, 0.25, 1.81], [0.61, 0.16, 0.12], [0.47, 1.13, 0.29], [1.23, 4.41, 2.28], [1.42, 0.44, 1.53], [0.08, 3.39, 0.0], [1.96, 3.93, 1.15], [0.64, 0.41, 1.38], [0.13, 3.63, 0.0], [0.03, 1.43, 0.0], [0.14, 3.62, 0.0], [0.26, 3.21, 0.0], [0.2, 3.14, 0.0], [0.15, 2.6, 0.0], [9.09, 3.87, 1.43]]","[46, 110, 72, 70, 33, 11, 12, 92, 45, 63, 96, 40, 30, 15, 74, 79, 94]",1251.2
130,1788356970679049352,307200,96194,23,19,127.4,"[31.2, 32.8, 34.3, 39.3, 43.5, 46.3, 46.9, 48.9, 83.6, 90.3, 92.1, 98.8, 100.5, 104.6, 106.7, 115.7, 117.4, 119.0, 127.4]","['OUTSIDE', 'OUTSIDE', 'OUTSIDE', 'NEAR', 'NEAR', 'OUTSIDE', 'INSIDE', 'NEAR', 'INSIDE', 'INSIDE', 'INSIDE', 'INSIDE', 'OUTSIDE', 'NEAR', 'INSIDE', 'INSIDE', 'INSIDE', 'INSIDE', 'INSIDE']","[[5.29, 0.26, 1.74], [1.51, 0.19, 2.11], [0.32, 0.1, 0.42], [4.05, 0.33, 1.6], [0.76, 0.22, 1.29], [0.87, 0.25, 0.58], [0.26, 2.46, 0.58], [0.57, 1.37, 0.33], [0.21, 4.4, 2.4], [1.75, 4.21, 1.9], [0.73, 3.91, 1.02], [0.28, 2.89, 0.48], [0.57, 0.81, 0.25], [2.05, 0.3, 0.87], [0.11, 3.35, 0.0], [0.21, 3.05, 0.0], [0.15, 1.73, 0.0], [0.1, 2.63, 0.0], [4.06, 4.05, 1.69]]","[98, 110, 72, 6, 70, 86, 50, 33, 51, 30, 40, 91, 96, 45, 92, 79, 26, 63, 94]",448.4
131,1788356970874649335,307200,83042,20,14,122.8,"[28.9, 41.0, 43.2, 49.2, 80.8, 89.4, 95.8, 95.9, 97.8, 98.9, 103.9, 113.1, 116.1, 122.8]","['NEAR', 'NEAR', 'INSIDE', 'OUTSIDE', 'INSIDE', 'INSIDE', 'INSIDE', 'INSIDE', 'OUTSIDE', 'INSIDE', 'INSIDE', 'INSIDE', 'INSIDE', 'INSIDE']","[[6.49, 0.4, 2.64], [0.6, 0.21, 1.42], [0.27, 1.01, 0.02], [0.92, 1.19, 0.93], [0.27, 4.42, 2.52], [1.92, 0.72, 1.84], [0.1, 2.43, 0.0], [3.0, 3.98, 1.24], [0.72, 1.37, 0.39], [0.09, 0.2, 0.95], [0.08, 3.45, 0.0], [0.23, 3.12, 0.0], [0.15, 2.73, 0.0], [5.14, 3.89, 1.45]]","[110, 70, 97, 33, 18, 15, 40, 73, 74, 30, 27, 26, 63, 91]",349.9
132,1788356971058697494,307200,64449,21,17,120.6,"[35.4, 38.6, 40.3, 40.5, 42.6, 47.1, 86.7, 88.6, 93.4, 97.6, 100.7, 102.6, 107.3, 109.4, 111.7, 118.0, 120.6]","['NEAR', 'NEAR', 'NEAR', 'NEAR', 'NEAR', 'RAIL', 'INSIDE', 'NEAR', 'INSIDE', 'INSIDE', 'INSIDE', 'OUTSIDE', 'INSIDE', 'INSIDE', 'INSIDE', 'INSIDE', 'INSIDE']","[[2.92, 0.25, 2.06], [2.43, 0.22, 2.33], [0.09, 0.22, 0.36], [2.65, 0.29, 2.41], [1.42, 0.2, 1.26], [0.4, 0.13, 0.45], [1.78, 4.27, 2.04], [2.67, 0.4, 1.88], [0.07, 3.5, 0.0], [1.36, 3.79, 0.46], [0.08, 3.43, 0.42], [0.22, 0.19, 0.52], [0.1, 2.32, 0.0], [0.15, 3.18, 0.0], [1.1, 3.67, 0.2], [0.15, 3.19, 0.0], [0.81, 3.52, 0.26]]","[50, 98, 97, 110, 72, 46, 79, 30, 40, 75, 27, 73, 26, 11, 12, 92, 91]",303.9
133,1788356971266419969,307200,66795,23,18,112.0,"[38.0, 40.8, 44.0, 45.6, 47.7, 49.9, 82.0, 83.8, 87.8, 90.2, 90.5, 95.6, 96.9, 97.4, 104.5, 109.0, 110.6, 112.0]","['NEAR', 'NEAR', 'NEAR', 'NEAR', 'NEAR', 'NEAR', 'INSIDE', 'INSIDE', 'OUTSIDE', 'OUTSIDE', 'INSIDE', 'INSIDE', 'OUTSIDE', 'INSIDE', 'INSIDE', 'INSIDE', 'OUTSIDE', 'INSIDE']","[[4.43, 0.37, 1.98], [0.59, 0.19, 0.99], [2.79, 0.22, 1.73], [0.22, 0.11, 1.44], [2.77, 0.19, 1.85], [0.63, 0.16, 0.9], [1.73, 2.04, 2.15], [3.85, 4.17, 2.09], [0.25, 0.56, 0.69], [1.16, 0.16, 1.13], [0.11, 3.83, 0.0], [0.2, 0.98, 0.0], [0.69, 0.36, 1.39], [0.08, 3.48, 0.0], [0.16, 3.07, 0.0], [0.16, 1.0, 0.0], [0.03, 0.51, 0.0], [0.08, 3.65, 0.0]]","[98, 97, 110, 70, 111, 6, 26, 74, 75, 63, 11, 73, 81, 92, 51, 18, 15, 27]",223.8
134,1788356971468683660,307200,72505,23,19,128.8,"[41.2, 44.2, 45.1, 46.9, 48.7, 55.6, 81.2, 82.9, 87.7, 92.6, 94.1, 95.4, 100.2, 101.7, 106.2, 107.9, 109.3, 120.0, 128.8]","['NEAR', 'NEAR', 'NEAR', 'NEAR', 'NEAR', 'INSIDE', 'INSIDE', 'INSIDE', 'INSIDE', 'OUTSIDE', 'OUTSIDE', 'OUTSIDE', 'INSIDE', 'INSIDE', 'INSIDE', 'INSIDE', 'INSIDE', 'INSIDE', 'INSIDE']","[[2.66, 0.2, 1.64], [0.57, 0.19, 1.67], [1.45, 0.17, 1.16], [0.31, 0.18, 1.5], [2.54, 0.24, 2.23], [11.11, 2.59, 2.64], [1.84, 4.37, 2.32], [2.07, 4.2, 2.03], [0.05, 1.67, 0.0], [0.09, 1.25, 0.41], [0.3, 0.26, 0.96], [0.83, 0.17, 1.67], [0.05, 1.53, 0.0], [0.09, 3.39, 0.0], [0.16, 2.17, 0.0], [0.22, 3.26, 0.01], [0.09, 3.45, 0.0], [0.06, 3.19, 0.0], [14.66, 4.05, 1.89]]","[97, 110, 111, 6, 72, 70, 11, 79, 91, 12, 27, 63, 92, 75, 51, 18, 74, 45, 94]",305.7
135,1788356971669804810,307200,88045,25,19,127.0,"[38.3, 41.2, 41.9, 44.4, 45.1, 46.2, 48.4, 49.3, 82.2, 87.4, 93.7, 102.2, 104.9, 106.8, 108.0, 109.6, 111.5, 112.6, 127.0]","['OUTSIDE', 'NEAR', 'OUTSIDE', 'OUTSIDE', 'NEAR', 'NEAR', 'NEAR', 'RAIL', 'INSIDE', 'NEAR', 'INSIDE', 'INSIDE', 'INSIDE', 'OUTSIDE', 'INSIDE', 'RAIL', 'INSIDE', 'INSIDE', 'INSIDE']","[[4.35, 0.24, 1.65], [1.28, 0.19, 1.41], [0.39, 0.17, 0.9], [2.45, 0.19, 1.75], [0.91, 0.34, 1.94], [0.49, 0.25, 1.39], [0.91, 0.2, 1.14], [0.22, 0.17, 0.49], [6.48, 4.46, 2.36], [0.32, 0.24, 0.67], [2.68, 3.78, 1.33], [0.04, 2.36, 0.0], [0.03, 3.06, 0.0], [0.04, 1.13, 0.0], [0.15, 4.02, 0.0], [0.09, 0.26, 0.17], [1.25, 3.62, 0.03], [0.06, 2.56, 0.0], [13.62, 4.47, 1.87]]","[98, 97, 46, 110, 111, 72, 6, 64, 11, 75, 45, 73, 92, 27, 18, 96, 74, 12, 94]",450.0
136,1788356971862065245,307200,101549,31,21,125.9,"[28.4, 36.0, 40.0, 43.3, 43.9, 46.0, 48.3, 49.6, 53.0, 77.4, 82.5, 86.7, 91.5, 93.0, 98.6, 100.5, 106.7, 109.7, 115.3, 117.7, 125.9]","['OUTSIDE', 'OUTSIDE', 'OUTSIDE', 'NEAR', 'NEAR', 'NEAR', 'INSIDE', 'NEAR', 'NEAR', 'INSIDE', 'INSIDE', 'INSIDE', 'INSIDE', 'INSIDE', 'INSIDE', 'INSIDE', 'INSIDE', 'INSIDE', 'INSIDE', 'INSIDE', 'INSIDE']","[[3.46, 0.22, 2.08], [3.77, 0.21, 1.96], [3.08, 0.21, 2.11], [1.37, 0.35, 1.82], [0.91, 0.22, 1.6], [0.53, 0.27, 0.56], [0.18, 2.52, 0.38], [0.31, 1.48, 0.27], [2.72, 0.9, 2.54], [6.61, 4.22, 2.5], [0.08, 2.3, 0.0], [1.11, 3.64, 0.28], [3.86, 3.49, 1.07], [0.1, 3.77, 0.82], [5.87, 2.36, 2.34], [0.78, 4.11, 0.73], [0.09, 3.51, 0.0], [0.03, 0.53, 0.0], [0.05, 3.45, 0.0], [0.14, 2.42, 0.0], [10.09, 4.2, 1.98]]","[50, 46, 110, 6, 72, 111, 97, 33, 51, 11, 18, 40, 15, 74, 70, 91, 79, 45, 92, 27, 94]",390.3
137,1788356972078240176,307200,102552,27,20,123.1,"[29.8, 34.1, 39.6, 45.1, 48.3, 72.8, 82.2, 87.0, 88.7, 90.1, 96.2, 96.9, 97.7, 103.9, 105.9, 106.9, 111.4, 113.1, 118.0, 123.1]","['OUTSIDE', 'RAIL', 'OUTSIDE', 'RAIL', 'NEAR', 'NEAR', 'INSIDE', 'INSIDE', 'INSIDE', 'OUTSIDE', 'INSIDE', 'INSIDE', 'OUTSIDE', 'INSIDE', 'RAIL', 'RAIL', 'INSIDE', 'INSIDE', 'INSIDE', 'INSIDE']","[[5.4, 0.24, 2.06], [0.16, 0.08, 0.32], [4.81, 0.23, 1.66], [0.68, 0.22, 0.59], [1.73, 0.18, 1.71], [0.02, 0.19, 0.33], [0.2, 3.71, 0.26], [1.22, 1.88, 1.49], [2.95, 2.9, 1.0], [1.82, 0.21, 1.35], [0.22, 3.97, 0.98], [0.12, 1.91, 0.0], [0.22, 1.38, 0.71], [0.07, 3.41, 0.0], [0.06, 0.48, 0.18], [0.07, 0.24, 0.16], [0.03, 0.85, 0.0], [0.06, 3.36, 0.0], [0.13, 2.54, 0.0], [3.99, 4.31, 1.89]]","[50, 86, 46, 6, 72, 51, 73, 30, 63, 11, 26, 18, 96, 81, 91, 27, 15, 75, 12, 94]",519.9
138,1788356972283702414,307200,102249,28,21,123.5,"[35.2, 40.8, 42.4, 43.0, 44.0, 44.3, 45.7, 49.7, 52.8, 82.9, 84.6, 90.3, 94.5, 96.6, 100.0, 103.7, 105.6, 114.6, 115.6, 118.5, 123.5]","['NEAR', 'NEAR', 'NEAR', 'NEAR', 'RAIL', 'RAIL', 'RAIL', 'INSIDE', 'NEAR', 'OUTSIDE', 'INSIDE', 'OUTSIDE', 'OUTSIDE', 'INSIDE', 'INSIDE', 'INSIDE', 'OUTSIDE', 'RAIL', 'INSIDE', 'INSIDE', 'INSIDE']","[[11.63, 0.35, 2.43], [1.46, 0.2, 1.51], [0.68, 0.33, 1.74], [0.8, 0.15, 1.0], [0.47, 0.47, 0.67], [0.89, 0.17, 0.48], [0.1, 0.22, 0.24], [0.06, 2.6, 0.0], [4.72, 0.62, 2.52], [1.12, 0.38, 2.27], [0.22, 2.75, 0.01], [1.75, 0.32, 1.09], [0.86, 0.46, 1.12], [0.36, 3.83, 0.62], [0.3, 4.03, 0.47], [0.22, 3.96, 0.21], [2.09, 0.15, 0.22], [0.1, 0.48, 0.18], [0.19, 3.63, 0.0], [0.79, 3.78, 0.29], [6.94, 4.29, 0.8]]","[50, 110, 6, 72, 64, 97, 46, 111, 70, 63, 51, 11, 40, 30, 75, 96, 45, 91, 26, 12, 94]",455.2
139,1788356972459983068,307200,101966,30,20,126.5,"[31.9, 39.3, 43.3, 46.8, 48.5, 51.3, 85.9, 90.1, 90.9, 92.0, 96.6, 98.2, 100.1, 101.2, 103.9, 105.7, 112.5, 115.4, 117.4, 126.5]","['NEAR', 'NEAR', 'NEAR', 'NEAR', 'NEAR', 'NEAR', 'INSIDE', 'INSIDE', 'INSIDE', 'OUTSIDE', 'INSIDE', 'INSIDE', 'OUTSIDE', 'INSIDE', 'OUTSIDE', 'OUTSIDE', 'RAIL', 'INSIDE', 'INSIDE', 'INSIDE']","[[13.13, 0.39, 2.17], [1.73, 0.2, 0.78], [0.48, 0.09, 0.52], [0.8, 0.18, 0.86], [0.08, 0.25, 0.43], [1.7, 0.51, 2.4], [2.29, 4.58, 0.97], [1.36, 3.92, 1.37], [0.61, 3.63, 0.72], [0.46, 0.39, 0.98], [0.05, 2.1, 0.0], [0.05, 1.77, 0.0], [1.9, 0.28, 1.77], [0.1, 3.25, 0.0], [0.09, 0.67, 0.0], [0.1, 0.2, 0.21], [0.54, 0.41, 0.5], [0.07, 2.25, 0.0], [0.1, 1.66, 0.0], [8.31, 4.34, 0.85]]","[86, 98, 72, 6, 111, 70, 91, 26, 12, 73, 11, 15, 79, 30, 63, 45, 96, 74, 75, 94]",387.8
140,1788356972659673911,307200,103191,22,15,119.3,"[48.8, 83.6, 87.5, 88.7, 90.6, 92.3, 93.8, 95.3, 96.7, 101.3, 102.8, 109.6, 112.7, 114.1, 119.3]","['NEAR', 'NEAR', 'INSIDE', 'INSIDE', 'INSIDE', 'OUTSIDE', 'INSIDE', 'INSIDE', 'OUTSIDE', 'RAIL', 'OUTSIDE', 'OUTSIDE', 'INSIDE', 'INSIDE', 'INSIDE']","[[0.91, 0.53, 1.82], [0.72, 0.16, 1.62], [0.97, 3.96, 2.34], [1.32, 3.8, 2.59], [1.62, 4.17, 1.48], [0.46, 0.56, 1.27], [0.57, 3.53, 0.76], [0.08, 3.49, 0.0], [0.09, 1.31, 0.0], [0.09, 0.26, 0.17], [0.63, 1.87, 0.39], [1.12, 0.34, 0.2], [0.04, 0.95, 0.0], [0.09, 2.51, 0.0], [0.11, 3.71, 0.0]]","[113, 74, 81, 120, 73, 92, 91, 63, 79, 96, 11, 30, 26, 12, 15]",409.2
141,1788356972871908753,307200,102112,26,20,118.2,"[26.6, 31.8, 32.2, 34.7, 39.1, 43.2, 82.0, 85.3, 90.8, 92.3, 94.4, 98.4, 99.9, 101.4, 106.0, 106.7, 107.4, 109.8, 111.8, 118.2]","['NEAR', 'NEAR', 'NEAR', 'RAIL', 'OUTSIDE', 'INSIDE', 'INSIDE', 'OUTSIDE', 'INSIDE', 'OUTSIDE', 'INSIDE', 'INSIDE', 'INSIDE', 'OUTSIDE', 'RAIL', 'OUTSIDE', 'INSIDE', 'NEAR', 'INSIDE', 'INSIDE']","[[3.54, 0.3, 1.77], [4.45, 0.38, 2.36], [1.09, 0.33, 1.73], [0.4, 0.41, 0.42], [0.28, 0.2, 0.71], [0.57, 1.53, 1.13], [0.27, 4.1, 0.48], [1.28, 0.24, 1.02], [0.9, 3.57, 0.35], [0.52, 0.62, 1.16], [2.05, 4.06, 1.36], [0.1, 3.84, 0.0], [0.05, 1.72, 0.0], [0.03, 0.53, 0.0], [0.09, 0.39, 0.48], [0.05, 0.33, 0.2], [0.1, 3.54, 0.0], [0.06, 1.27, 0.0], [0.18, 3.38, 0.29], [0.09, 2.96, 0.0]]","[50, 98, 6, 86, 108, 33, 91, 92, 51, 27, 120, 15, 30, 45, 96, 79, 26, 81, 75, 12]",438.9
142,1788356973070786434,307200,102240,20,16,127.0,"[40.7, 42.6, 86.5, 86.9, 91.4, 92.4, 94.2, 98.5, 100.0, 103.8, 106.9, 107.9, 109.1, 118.2, 119.6, 127.0]","['OUTSIDE', 'NEAR', 'INSIDE', 'OUTSIDE', 'INSIDE', 'INSIDE', 'OUTSIDE', 'INSIDE', 'RAIL', 'OUTSIDE', 'INSIDE', 'INSIDE', 'INSIDE', 'INSIDE', 'INSIDE', 'INSIDE']","[[1.74, 0.57, 2.05], [0.44, 0.36, 1.62], [0.86, 4.34, 1.45], [0.44, 0.6, 1.12], [0.15, 4.0, 1.93], [4.45, 3.97, 1.74], [1.97, 0.21, 1.5], [0.04, 3.67, 0.0], [0.11, 0.25, 0.46], [0.07, 0.2, 0.18], [0.63, 4.0, 0.39], [0.08, 3.55, 0.0], [0.06, 1.33, 0.0], [0.11, 3.55, 0.0], [0.13, 1.86, 0.0], [13.47, 4.07, 2.02]]","[110, 98, 75, 45, 30, 11, 120, 15, 96, 81, 63, 26, 12, 91, 40, 94]",399.6
143,1788356973274419801,307200,101754,25,20,109.0,"[26.2, 31.5, 35.2, 36.9, 40.1, 51.0, 73.8, 82.7, 85.9, 86.5, 88.3, 88.6, 89.2, 94.0, 95.5, 100.6, 101.5, 103.9, 105.4, 109.0]","['NEAR', 'OUTSIDE', 'OUTSIDE', 'NEAR', 'INSIDE', 'NEAR', 'NEAR', 'INSIDE', 'RAIL', 'OUTSIDE', 'INSIDE', 'INSIDE', 'INSIDE', 'INSIDE', 'RAIL', 'INSIDE', 'OUTSIDE', 'INSIDE', 'INSIDE', 'INSIDE']","[[8.81, 0.36, 2.97], [1.01, 0.57, 2.0], [0.75, 0.14, 1.08], [0.24, 0.27, 0.65], [0.51, 2.9, 0.63], [2.13, 0.15, 2.3], [0.8, 0.19, 1.87], [1.52, 3.88, 0.41], [0.4, 0.47, 0.97], [0.12, 0.06, 0.67], [0.75, 3.84, 0.44], [0.66, 1.12, 0.82], [0.09, 2.42, 0.0], [0.24, 3.9, 0.21], [0.29, 0.38, 0.67], [0.09, 2.85, 0.0], [0.07, 0.24, 0.41], [0.07, 3.77, 0.0], [0.04, 2.33, 0.0], [0.48, 3.81, 0.3]]","[33, 98, 108, 50, 86, 18, 11, 51, 120, 27, 26, 74, 81, 15, 96, 70, 30, 63, 79, 75]",415.7
144,1788356973486788099,307200,102175,22,19,124.5,"[34.4, 35.9, 45.3, 71.2, 82.7, 85.1, 86.2, 90.6, 92.5, 97.2, 98.2, 98.6, 101.0, 102.5, 105.7, 112.0, 115.6, 116.8, 124.5]","['NEAR', 'RAIL', 'NEAR', 'NEAR', 'NEAR', 'OUTSIDE', 'INSIDE', 'OUTSIDE', 'INSIDE', 'INSIDE', 'INSIDE', 'OUTSIDE', 'INSIDE', 'RAIL', 'INSIDE', 'OUTSIDE', 'INSIDE', 'INSIDE', 'INSIDE']","[[1.05, 0.36, 1.46], [1.52, 0.13, 0.21], [0.54, 0.35, 0.94], [3.41, 0.18, 1.13], [1.45, 0.2, 2.35], [0.24, 0.07, 0.65], [0.83, 3.86, 0.43], [1.89, 0.24, 1.25], [0.07, 1.34, 0.0], [1.07, 3.93, 0.23], [0.21, 3.79, 0.2], [0.99, 0.36, 0.67], [0.18, 2.89, 0.0], [0.11, 0.36, 0.44], [0.71, 2.67, 0.2], [0.07, 0.97, 0.0], [2.06, 3.89, 0.29], [0.08, 2.45, 0.0], [7.21, 4.03, 2.0]]","[86, 97, 50, 18, 51, 45, 81, 92, 11, 26, 15, 30, 79, 96, 73, 63, 27, 40, 94]",372.3
145,1788356975296854342,307200,100736,18,14,114.8,"[34.9, 37.5, 40.1, 41.8, 43.9, 47.6, 48.7, 88.4, 95.1, 99.1, 100.7, 103.8, 107.7, 114.8]","['OUTSIDE', 'NEAR', 'NEAR', 'RAIL', 'NEAR', 'RAIL', 'NEAR', 'INSIDE', 'INSIDE', 'INSIDE', 'OUTSIDE', 'INSIDE', 'INSIDE', 'INSIDE']","[[3.23, 0.66, 2.21], [0.07, 0.23, 0.15], [3.27, 0.23, 1.54], [0.75, 0.19, 0.66], [2.75, 0.22, 1.77], [0.9, 0.16, 0.52], [1.35, 0.26, 1.73], [5.16, 3.63, 2.23], [5.17, 3.87, 2.31], [6.41, 4.0, 2.34], [4.42, 0.38, 2.3], [6.89, 4.53, 2.67], [0.03, 2.08, 0.0], [0.07, 1.99, 0.0]]","[112, 86, 98, 110, 6, 72, 113, 73, 75, 96, 79, 74, 15, 27]",454.4
146,1788356975476705541,307200,86690,18,15,117.4,"[34.1, 38.1, 39.5, 41.2, 42.6, 47.7, 77.8, 84.0, 92.8, 97.5, 100.8, 104.7, 108.4, 111.0, 117.4]","['OUTSIDE', 'OUTSIDE', 'OUTSIDE', 'OUTSIDE', 'NEAR', 'RAIL', 'INSIDE', 'INSIDE', 'INSIDE', 'INSIDE', 'OUTSIDE', 'INSIDE', 'INSIDE', 'INSIDE', 'INSIDE']","[[0.66, 0.17, 1.9], [0.96, 0.19, 1.57], [1.13, 0.22, 1.88], [1.2, 0.2, 1.71], [0.35, 0.42, 0.89], [0.41, 0.2, 0.6], [9.12, 4.42, 2.77], [3.21, 0.64, 1.76], [3.48, 0.41, 1.96], [5.08, 4.05, 2.19], [2.09, 0.13, 0.86], [3.95, 4.14, 2.38], [5.32, 4.25, 2.44], [0.07, 3.69, 0.0], [0.29, 2.87, 0.49]]","[112, 110, 72, 6, 86, 46, 11, 40, 92, 27, 51, 15, 63, 96, 12]",329.0
147,1788356975681922746,307200,88532,17,13,119.7,"[27.8, 38.8, 42.0, 44.3, 44.4, 45.3, 47.8, 52.5, 101.8, 107.7, 112.3, 117.9, 119.7]","['NEAR', 'RAIL', 'NEAR', 'RAIL', 'OUTSIDE', 'INSIDE', 'INSIDE', 'INSIDE', 'INSIDE', 'INSIDE', 'INSIDE', 'NEAR', 'INSIDE']","[[2.3, 0.27, 1.61], [0.29, 0.23, 0.71], [1.74, 0.23, 2.3], [0.45, 0.17, 0.39], [0.5, 0.23, 0.77], [0.15, 2.62, 0.01], [0.44, 1.13, 0.37], [0.86, 0.2, 1.54], [4.28, 0.75, 2.2], [5.2, 4.08, 2.26], [2.87, 3.39, 1.91], [0.76, 0.48, 0.89], [0.41, 0.47, 1.01]]","[6, 72, 111, 110, 97, 108, 112, 40, 92, 96, 75, 70, 91]",470.2
148,1788356975873566623,307200,91554,19,17,119.4,"[25.0, 37.2, 39.5, 40.0, 44.6, 45.4, 49.4, 68.1, 71.9, 81.6, 92.3, 93.2, 98.6, 103.9, 111.4, 117.0, 119.4]","['OUTSIDE', 'NEAR', 'OUTSIDE', 'RAIL', 'INSIDE', 'OUTSIDE', 'INSIDE', 'OUTSIDE', 'OUTSIDE', 'INSIDE', 'INSIDE', 'INSIDE', 'INSIDE', 'INSIDE', 'INSIDE', 'INSIDE', 'INSIDE']","[[3.41, 0.28, 1.98], [4.36, 0.27, 1.61], [0.33, 0.15, 0.89], [1.07, 0.43, 0.3], [0.1, 2.8, 0.01], [0.22, 0.18, 0.46], [0.13, 2.96, 0.01], [2.35, 0.21, 2.55], [2.0, 0.22, 2.06], [13.21, 4.5, 2.8], [0.76, 0.46, 2.04], [8.76, 3.6, 2.39], [4.21, 1.82, 2.46], [4.66, 4.33, 1.98], [5.4, 4.28, 2.48], [1.02, 0.18, 2.31], [0.1, 3.74, 0.0]]","[98, 72, 50, 113, 112, 108, 97, 18, 51, 11, 40, 92, 27, 15, 63, 91, 26]",347.0
149,1788356976067037818,307200,97542,12,11,118.0,"[21.8, 36.3, 38.7, 40.2, 40.6, 70.5, 84.2, 87.4, 88.0, 95.8, 118.0]","['OUTSIDE', 'OUTSIDE', 'OUTSIDE', 'INSIDE', 'OUTSIDE', 'OUTSIDE', 'INSIDE', 'INSIDE', 'INSIDE', 'INSIDE', 'INSIDE']","[[2.9, 0.21, 1.53], [6.25, 0.29, 1.93], [0.32, 0.23, 0.19], [0.06, 2.94, 0.0], [0.66, 1.34, 1.06], [2.77, 0.24, 1.26], [1.88, 0.4, 1.31], [0.07, 1.91, 0.0], [4.51, 4.17, 2.49], [5.05, 4.28, 2.77], [0.13, 2.14, 0.0]]","[50, 98, 108, 112, 46, 51, 40, 81, 79, 74, 120]",340.8
150,1788356976280819871,307200,89943,13,11,127.6,"[34.5, 35.6, 46.5, 47.9, 67.5, 92.1, 98.0, 101.2, 111.0, 119.3, 127.6]","['OUTSIDE', 'RAIL', 'INSIDE', 'OUTSIDE', 'OUTSIDE', 'INSIDE', 'INSIDE', 'INSIDE', 'INSIDE', 'INSIDE', 'OUTSIDE']","[[1.25, 0.21, 1.13], [0.18, 0.17, 0.94], [0.07, 2.61, 0.0], [0.16, 0.96, 0.01], [5.18, 0.26, 2.1], [14.07, 3.59, 2.39], [3.38, 3.92, 2.42], [7.12, 4.21, 2.45], [0.59, 0.22, 2.08], [1.32, 0.24, 2.35], [14.03, 2.17, 2.34]]","[72, 111, 86, 46, 18, 92, 96, 63, 91, 30, 94]",296.5
151,1788356976465639589,307200,86399,18,15,125.7,"[34.0, 40.5, 41.9, 43.4, 45.5, 47.1, 49.4, 81.6, 84.4, 86.0, 106.6, 107.2, 116.6, 119.2, 125.7]","['OUTSIDE', 'OUTSIDE', 'OUTSIDE', 'OUTSIDE', 'RAIL', 'OUTSIDE', 'RAIL', 'INSIDE', 'INSIDE', 'INSIDE', 'INSIDE', 'INSIDE', 'INSIDE', 'OUTSIDE', 'OUTSIDE']","[[9.65, 0.31, 1.9], [0.22, 0.2, 1.04], [1.79, 0.21, 1.12], [1.43, 0.25, 1.51], [1.08, 0.2, 0.63], [0.39, 0.19, 1.57], [1.26, 0.49, 0.45], [8.49, 4.31, 2.85], [1.17, 0.21, 0.96], [2.21, 0.42, 2.07], [4.24, 3.19, 2.54], [0.08, 3.75, 0.0], [0.07, 3.68, 0.0], [0.21, 1.87, 0.0], [11.19, 1.73, 2.39]]","[50, 6, 110, 72, 111, 97, 112, 11, 91, 40, 75, 120, 81, 12, 94]",281.0
152,1788356976671897155,307200,83708,19,18,124.5,"[24.4, 31.7, 32.6, 35.8, 36.7, 38.5, 41.6, 44.1, 45.1, 46.5, 48.2, 87.6, 96.5, 98.0, 103.7, 117.0, 118.8, 124.5]","['OUTSIDE', 'OUTSIDE', 'OUTSIDE', 'OUTSIDE', 'OUTSIDE', 'RAIL', 'OUTSIDE', 'OUTSIDE', 'OUTSIDE', 'INSIDE', 'INSIDE', 'NEAR', 'INSIDE', 'INSIDE', 'INSIDE', 'NEAR', 'OUTSIDE', 'OUTSIDE']","[[6.61, 0.29, 2.05], [1.9, 0.22, 1.45], [0.16, 0.22, 0.58], [3.15, 0.27, 1.52], [0.55, 0.22, 1.91], [1.1, 0.2, 1.02], [0.67, 0.19, 0.74], [0.34, 0.17, 1.21], [0.14, 0.1, 0.86], [0.2, 2.65, 0.32], [0.5, 2.97, 0.04], [1.64, 0.41, 1.5], [10.32, 3.66, 2.5], [0.51, 0.54, 0.66], [1.18, 0.09, 2.03], [0.05, 1.38, 0.0], [0.03, 0.84, 0.0], [8.18, 1.28, 2.37]]","[33, 98, 86, 6, 110, 97, 111, 72, 108, 46, 50, 91, 27, 30, 40, 120, 79, 94]",286.4
153,1788356973679254499,307200,103856,24,21,118.4,"[28.2, 31.7, 33.1, 34.1, 41.9, 67.8, 72.7, 82.1, 85.3, 86.6, 88.0, 92.4, 94.3, 98.0, 99.1, 101.8, 106.3, 107.8, 110.4, 114.0, 118.4]","['OUTSIDE', 'OUTSIDE', 'NEAR', 'RAIL', 'OUTSIDE', 'NEAR', 'INSIDE', 'INSIDE', 'OUTSIDE', 'INSIDE', 'INSIDE', 'OUTSIDE', 'INSIDE', 'INSIDE', 'OUTSIDE', 'RAIL', 'INSIDE', 'INSIDE', 'INSIDE', 'INSIDE', 'INSIDE']","[[1.33, 0.72, 2.87], [0.29, 0.25, 1.33], [0.26, 0.11, 0.16], [0.15, 0.16, 0.06], [0.4, 1.17, 0.03], [2.06, 0.19, 1.67], [3.38, 2.35, 2.76], [0.03, 0.43, 0.0], [1.89, 0.21, 1.66], [2.47, 4.23, 1.31], [0.06, 3.63, 0.0], [2.02, 0.39, 1.01], [0.11, 3.72, 0.0], [1.27, 4.21, 2.47], [1.26, 0.23, 1.99], [0.18, 0.34, 0.63], [0.16, 1.94, 0.47], [0.67, 4.12, 0.83], [0.11, 2.44, 0.0], [0.08, 2.6, 0.0], [0.12, 3.51, 0.0]]","[33, 50, 46, 112, 108, 18, 51, 11, 92, 30, 74, 73, 81, 26, 120, 15, 96, 63, 75, 12, 91]",506.5
154,1788356973881788653,307200,101889,23,20,118.7,"[28.2, 28.7, 30.1, 30.8, 35.4, 40.1, 73.1, 80.3, 85.4, 86.2, 89.0, 91.6, 94.7, 96.8, 103.4, 104.8, 107.3, 110.3, 112.4, 118.7]","['OUTSIDE', 'OUTSIDE', 'RAIL', 'NEAR', 'NEAR', 'INSIDE', 'INSIDE', 'OUTSIDE', 'INSIDE', 'INSIDE', 'OUTSIDE', 'INSIDE', 'OUTSIDE', 'INSIDE', 'INSIDE', 'OUTSIDE', 'NEAR', 'INSIDE', 'INSIDE', 'INSIDE']","[[1.77, 0.68, 1.84], [0.17, 0.26, 1.2], [0.8, 0.16, 0.24], [1.13, 0.21, 1.54], [0.57, 0.4, 0.82], [0.13, 1.76, 0.31], [0.8, 3.95, 0.37], [1.32, 0.19, 1.31], [0.75, 1.75, 0.16], [1.62, 3.31, 1.21], [1.82, 0.21, 1.62], [4.18, 4.39, 2.55], [1.14, 0.23, 2.45], [0.82, 3.77, 1.0], [1.53, 4.18, 0.62], [1.26, 0.59, 2.39], [0.89, 0.44, 0.8], [0.13, 3.61, 0.0], [0.05, 0.55, 0.0], [0.12, 2.17, 0.0]]","[50, 108, 112, 46, 33, 86, 11, 91, 81, 92, 12, 30, 120, 73, 74, 63, 26, 96, 27, 51]",426.7
155,1788356974065653500,307200,102492,21,18,119.0,"[27.1, 28.2, 48.1, 56.2, 66.9, 80.6, 86.1, 92.0, 93.2, 94.6, 98.8, 98.9, 100.3, 104.8, 109.2, 115.5, 117.1, 119.0]","['OUTSIDE', 'RAIL', 'NEAR', 'OUTSIDE', 'NEAR', 'OUTSIDE', 'INSIDE', 'INSIDE', 'INSIDE', 'OUTSIDE', 'RAIL', 'INSIDE', 'INSIDE', 'INSIDE', 'NEAR', 'INSIDE', 'INSIDE', 'INSIDE']","[[0.99, 0.69, 2.45], [0.89, 0.33, 0.75], [0.47, 0.35, 0.97], [12.34, 0.52, 2.61], [3.05, 0.2, 2.33], [1.85, 0.45, 1.8], [2.41, 4.1, 2.48], [5.72, 3.94, 1.87], [1.7, 4.1, 0.42], [2.48, 0.3, 1.37], [1.3, 0.55, 0.59], [0.1, 2.1, 0.0], [0.1, 3.97, 0.0], [0.98, 4.26, 1.4], [0.72, 0.76, 0.82], [0.21, 2.36, 0.29], [0.04, 1.84, 0.0], [0.11, 1.61, 0.0]]","[108, 111, 46, 70, 18, 91, 11, 92, 81, 30, 26, 96, 15, 63, 79, 27, 40, 73]",427.4
156,1788356974274256816,307200,102819,16,13,118.7,"[32.9, 33.9, 40.1, 49.9, 73.7, 86.8, 88.4, 94.3, 102.9, 106.5, 107.9, 115.3, 118.7]","['NEAR', 'RAIL', 'RAIL', 'INSIDE', 'RAIL', 'OUTSIDE', 'INSIDE', 'INSIDE', 'RAIL', 'INSIDE', 'INSIDE', 'INSIDE', 'INSIDE']","[[0.11, 0.28, 0.58], [0.58, 0.19, 0.2], [0.23, 0.12, 0.27], [0.22, 2.8, 0.02], [1.46, 0.58, 0.8], [4.31, 0.54, 2.19], [8.03, 4.26, 2.41], [7.99, 4.42, 2.48], [0.36, 0.26, 1.01], [5.05, 4.5, 2.47], [0.07, 2.64, 0.0], [0.14, 3.16, 0.0], [0.08, 3.11, 0.0]]","[111, 86, 50, 6, 74, 73, 27, 81, 51, 63, 75, 12, 40]",448.9
157,1788356974477188026,307200,104061,22,17,114.1,"[42.9, 48.9, 54.0, 77.7, 85.1, 85.6, 89.8, 91.3, 94.6, 95.8, 98.1, 102.0, 103.5, 106.6, 110.4, 112.8, 114.1]","['OUTSIDE', 'OUTSIDE', 'NEAR', 'RAIL', 'INSIDE', 'OUTSIDE', 'INSIDE', 'INSIDE', 'INSIDE', 'INSIDE', 'INSIDE', 'OUTSIDE', 'INSIDE', 'INSIDE', 'RAIL', 'RAIL', 'INSIDE']","[[6.03, 1.01, 2.88], [2.05, 0.53, 1.95], [7.94, 0.28, 2.69], [1.03, 0.41, 0.94], [0.1, 1.9, 0.0], [0.83, 0.42, 1.48], [6.73, 4.24, 2.45], [1.84, 3.87, 0.77], [0.09, 3.92, 0.0], [3.22, 3.55, 2.21], [0.53, 4.07, 1.42], [4.01, 0.35, 1.73], [1.95, 2.53, 2.29], [0.08, 3.61, 0.0], [1.03, 0.05, 0.59], [0.49, 0.53, 0.17], [0.08, 2.17, 0.0]]","[110, 111, 70, 81, 11, 73, 120, 92, 74, 12, 63, 30, 27, 96, 26, 91, 79]",541.6
158,1788356974676929963,307200,103725,15,13,117.7,"[36.1, 40.5, 43.9, 46.4, 48.8, 87.6, 94.2, 94.7, 99.5, 102.0, 108.1, 108.9, 117.7]","['OUTSIDE', 'OUTSIDE', 'NEAR', 'NEAR', 'INSIDE', 'INSIDE', 'INSIDE', 'INSIDE', 'INSIDE', 'INSIDE', 'INSIDE', 'INSIDE', 'INSIDE']","[[3.26, 0.8, 2.78], [3.03, 0.54, 2.23], [0.16, 0.25, 0.49], [0.25, 0.18, 0.57], [0.62, 2.84, 0.64], [4.97, 3.78, 2.34], [4.96, 4.03, 1.98], [2.72, 3.67, 2.11], [5.51, 4.36, 2.44], [1.51, 4.28, 0.45], [0.06, 1.25, 0.0], [0.74, 4.05, 0.82], [0.06, 2.07, 0.0]]","[98, 97, 110, 111, 6, 75, 15, 40, 63, 74, 96, 79, 12]",431.5
159,1788356974867352809,307200,101782,20,17,118.3,"[37.7, 40.8, 43.9, 47.1, 48.4, 49.7, 79.6, 85.5, 95.2, 97.6, 102.1, 104.6, 105.1, 107.4, 111.9, 115.2, 118.3]","['OUTSIDE', 'OUTSIDE', 'NEAR', 'NEAR', 'NEAR', 'NEAR', 'RAIL', 'INSIDE', 'NEAR', 'OUTSIDE', 'INSIDE', 'OUTSIDE', 'INSIDE', 'INSIDE', 'OUTSIDE', 'INSIDE', 'INSIDE']","[[4.16, 0.97, 2.9], [4.05, 0.55, 1.79], [0.27, 0.16, 0.83], [1.82, 0.27, 1.5], [0.53, 0.2, 1.76], [0.58, 0.29, 0.81], [1.11, 0.4, 0.88], [2.22, 3.71, 1.49], [3.93, 0.43, 2.04], [1.12, 0.22, 0.71], [2.11, 3.01, 2.34], [1.04, 0.4, 1.83], [9.44, 4.46, 2.44], [1.37, 4.36, 1.33], [1.71, 0.3, 0.98], [0.07, 3.24, 0.0], [0.12, 2.2, 0.0]]","[6, 110, 97, 111, 70, 98, 11, 40, 91, 73, 75, 27, 79, 120, 15, 30, 12]",464.6
160,1788356975072993119,307200,94699,18,14,118.8,"[37.9, 40.5, 42.2, 44.9, 46.0, 66.0, 89.2, 92.8, 94.5, 96.0, 96.0, 102.0, 110.8, 118.8]","['OUTSIDE', 'NEAR', 'RAIL', 'RAIL', 'NEAR', 'NEAR', 'INSIDE', 'INSIDE', 'INSIDE', 'INSIDE', 'OUTSIDE', 'OUTSIDE', 'INSIDE', 'INSIDE']","[[3.17, 0.6, 2.38], [1.87, 0.28, 1.65], [0.65, 0.23, 1.0], [0.26, 0.25, 0.61], [0.15, 0.28, 0.49], [3.53, 0.3, 2.53], [1.03, 0.24, 1.78], [5.26, 3.98, 1.94], [6.06, 4.1, 2.48], [4.42, 4.37, 2.8], [2.03, 0.25, 2.12], [1.41, 0.56, 2.45], [0.03, 1.84, 0.0], [0.1, 3.63, 0.0]]","[98, 110, 72, 97, 6, 18, 40, 92, 96, 74, 79, 26, 30, 63]",452.0
161,1788356976877792019,307200,72365,9,8,122.9,"[23.2, 28.8, 35.7, 37.2, 39.2, 49.3, 84.6, 122.9]","['OUTSIDE', 'OUTSIDE', 'OUTSIDE', 'RAIL', 'OUTSIDE', 'INSIDE', 'INSIDE', 'OUTSIDE']","[[1.7, 0.23, 1.35], [0.58, 0.21, 0.89], [2.35, 0.22, 1.56], [1.25, 0.24, 0.44], [0.58, 0.21, 0.57], [0.51, 2.6, 0.04], [7.46, 4.3, 2.78], [5.02, 0.9, 2.34]]","[6, 98, 110, 70, 46, 33, 120, 94]",302.4
162,1788356977079432153,307200,83466,12,12,121.6,"[29.0, 29.9, 32.5, 32.9, 34.3, 35.0, 35.8, 37.7, 42.8, 48.3, 96.8, 121.6]","['OUTSIDE', 'OUTSIDE', 'OUTSIDE', 'OUTSIDE', 'RAIL', 'NEAR', 'INSIDE', 'INSIDE', 'INSIDE', 'INSIDE', 'OUTSIDE', 'OUTSIDE']","[[2.08, 0.2, 1.34], [0.44, 0.21, 0.77], [7.33, 0.26, 2.25], [1.51, 0.21, 1.44], [0.68, 0.16, 0.53], [0.65, 0.25, 0.95], [0.2, 1.84, 0.02], [0.34, 1.77, 0.03], [0.48, 1.62, 0.04], [0.28, 2.32, 0.29], [0.05, 1.01, 0.0], [3.08, 0.48, 2.15]]","[6, 98, 110, 130, 111, 108, 50, 33, 86, 112, 30, 94]",302.7
163,1788356977277312602,307200,92749,13,11,117.4,"[28.0, 29.2, 30.1, 33.6, 36.1, 42.0, 45.3, 47.3, 47.5, 87.8, 117.4]","['OUTSIDE', 'OUTSIDE', 'OUTSIDE', 'OUTSIDE', 'RAIL', 'OUTSIDE', 'OUTSIDE', 'INSIDE', 'INSIDE', 'OUTSIDE', 'OUTSIDE']","[[9.71, 0.29, 1.89], [6.78, 0.56, 2.18], [0.52, 0.18, 0.93], [0.66, 0.16, 0.42], [0.58, 0.13, 1.04], [0.49, 0.25, 1.04], [0.27, 0.13, 0.73], [0.04, 1.83, 0.52], [0.12, 2.13, 0.31], [5.13, 0.97, 2.28], [0.04, 0.61, 0.0]]","[98, 130, 72, 97, 111, 108, 33, 50, 112, 40, 81]",376.3
164,1788356977464370026,307200,83866,4,4,80.3,"[25.7, 38.1, 50.9, 80.3]","['INSIDE', 'INSIDE', 'NEAR', 'OUTSIDE']","[[0.13, 1.35, 0.01], [0.09, 2.93, 0.01], [1.68, 0.67, 1.54], [0.04, 0.98, 0.0]]","[46, 112, 70, 11]",408.9
165,1788356977681475407,307200,105717,1,0,0.0,[],[],[],[],444.9
166,1788356977871236690,307200,101544,1,1,51.1,[51.1],['OUTSIDE'],"[[1.22, 0.86, 2.95]]",[70],492.7
167,1788356978075084375,307200,100710,3,3,46.6,"[26.1, 38.5, 46.6]","['RAIL', 'INSIDE', 'INSIDE']","[[0.14, 0.18, 0.51], [0.05, 0.91, 0.01], [0.34, 2.42, 0.33]]","[72, 46, 112]",430.3
168,1788356978272354630,307200,102176,4,4,49.9,"[27.2, 42.7, 47.9, 49.9]","['RAIL', 'RAIL', 'RAIL', 'INSIDE']","[[0.08, 0.14, 0.94], [0.54, 0.18, 0.84], [0.14, 0.19, 0.44], [0.86, 1.47, 1.24]]","[130, 72, 111, 46]",438.8
169,1788356978482712970,307200,102826,0,0,0.0,[],[],[],[],453.0
170,1788356978676394854,307200,103314,3,3,47.4,"[32.3, 38.1, 47.4]","['OUTSIDE', 'RAIL', 'OUTSIDE']","[[4.15, 0.6, 2.97], [0.56, 0.13, 0.37], [5.1, 0.48, 2.77]]","[6, 110, 111]",502.1
171,1788356978865760073,307200,102101,3,3,49.2,"[28.5, 47.4, 49.2]","['RAIL', 'NEAR', 'OUTSIDE']","[[0.07, 0.21, 0.97], [4.88, 0.88, 2.6], [0.59, 0.36, 1.26]]","[72, 111, 108]",493.3
172,1788356979076967640,307200,105063,2,1,49.4,[49.4],['NEAR'],"[[1.08, 0.27, 1.11]]",[111],474.7
173,1788356979279635085,307200,105446,1,1,47.2,[47.2],['INSIDE'],"[[5.4, 0.79, 2.33]]",[111],490.5
174,1788356979477099445,307200,105152,2,2,46.6,"[37.0, 46.6]","['INSIDE', 'OUTSIDE']","[[6.61, 0.78, 2.74], [1.03, 0.22, 0.69]]","[111, 112]",475.2
175,1788356979667766565,307200,105346,6,6,48.7,"[38.2, 39.2, 43.3, 46.6, 46.8, 48.7]","['INSIDE', 'INSIDE', 'INSIDE', 'RAIL', 'NEAR', 'INSIDE']","[[2.53, 0.43, 1.65], [5.99, 0.79, 2.22], [0.29, 0.33, 0.53], [0.45, 0.21, 0.73], [1.4, 0.3, 1.7], [0.48, 1.29, 0.34]]","[111, 130, 72, 70, 112, 110]",446.6
176,1788356979867408065,307200,105401,4,4,50.1,"[31.9, 44.4, 47.8, 50.1]","['INSIDE', 'INSIDE', 'INSIDE', 'OUTSIDE']","[[4.28, 0.61, 2.36], [1.54, 0.31, 1.73], [0.39, 0.97, 0.52], [0.1, 2.1, 0.0]]","[111, 130, 6, 72]",483.6
177,1788356980068532220,307200,105897,0,0,0.0,[],[],[],[],549.9
178,1788356980277021052,307200,94900,3,3,49.1,"[27.5, 34.5, 49.1]","['RAIL', 'INSIDE', 'INSIDE']","[[0.46, 0.11, 0.61], [0.08, 2.06, 0.0], [1.52, 1.19, 1.01]]","[6, 72, 108]",463.8
179,1788356980456841820,307200,105022,2,2,37.2,"[33.1, 37.2]","['INSIDE', 'INSIDE']","[[0.08, 2.08, 0.01], [0.52, 0.35, 0.26]]","[110, 6]",454.7
180,1788356980669896068,307200,105032,2,2,49.7,"[49.6, 49.7]","['INSIDE', 'INSIDE']","[[0.76, 0.27, 0.48], [0.29, 1.38, 0.01]]","[72, 111]",450.4
181,1788356980871166893,307200,104648,3,3,49.1,"[38.8, 44.9, 49.1]","['INSIDE', 'OUTSIDE', 'OUTSIDE']","[[1.57, 0.35, 1.98], [0.11, 2.31, 0.01], [0.18, 2.19, 0.01]]","[72, 110, 130]",461.3
182,1788356981070452998,307200,104889,3,3,44.3,"[30.3, 43.7, 44.3]","['RAIL', 'INSIDE', 'INSIDE']","[[1.47, 0.55, 0.79], [0.29, 2.8, 0.4], [0.66, 0.25, 1.09]]","[70, 130, 108]",440.9
183,1788356981259791465,307200,104992,4,4,44.6,"[34.7, 39.3, 43.9, 44.6]","['INSIDE', 'INSIDE', 'INSIDE', 'INSIDE']","[[10.65, 1.4, 2.31], [0.26, 2.71, 0.36], [0.3, 2.05, 0.4], [0.37, 2.19, 0.03]]","[70, 110, 130, 6]",447.5
184,1788356981474076814,307200,104973,5,4,39.4,"[26.9, 34.9, 38.1, 39.4]","['OUTSIDE', 'OUTSIDE', 'INSIDE', 'INSIDE']","[[0.52, 2.14, 0.04], [0.15, 2.48, 0.01], [0.3, 2.99, 0.63], [0.35, 0.79, 0.68]]","[108, 110, 6, 112]",466.9
185,1788356981664807603,307200,105505,5,4,44.2,"[29.1, 33.0, 38.2, 44.2]","['INSIDE', 'OUTSIDE', 'INSIDE', 'INSIDE']","[[0.25, 1.87, 0.02], [0.12, 2.32, 0.01], [0.7, 0.22, 0.88], [1.0, 0.23, 0.57]]","[112, 130, 6, 108]",600.0
186,1788356981863844651,307200,104690,4,3,44.5,"[27.5, 39.8, 44.5]","['OUTSIDE', 'OUTSIDE', 'INSIDE']","[[0.12, 2.6, 0.01], [0.15, 2.37, 0.01], [0.23, 1.61, 0.39]]","[108, 110, 130]",464.2
187,1788356982063050371,307200,105324,5,3,38.8,"[27.7, 31.5, 38.8]","['OUTSIDE', 'INSIDE', 'INSIDE']","[[0.13, 2.62, 0.01], [0.29, 1.35, 0.67], [0.87, 0.61, 0.53]]","[108, 112, 6]",460.9
188,1788356982258699365,307200,104188,4,3,44.8,"[34.7, 40.2, 44.8]","['OUTSIDE', 'NEAR', 'INSIDE']","[[0.18, 2.4, 0.02], [0.44, 1.15, 0.39], [0.32, 0.54, 0.9]]","[110, 130, 6]",467.4
189,1788356982483302909,307200,104223,5,3,45.1,"[31.6, 32.8, 45.1]","['OUTSIDE', 'INSIDE', 'OUTSIDE']","[[0.19, 2.65, 0.02], [0.72, 1.28, 0.55], [0.14, 1.42, 0.01]]","[6, 108, 130]",452.3
190,1788356982672016676,307200,97435,6,4,47.2,"[33.0, 38.9, 45.1, 47.2]","['NEAR', 'OUTSIDE', 'INSIDE', 'NEAR']","[[5.59, 1.01, 2.29], [0.15, 2.55, 0.02], [0.92, 1.38, 0.39], [0.25, 1.0, 0.4]]","[72, 6, 112, 130]",449.5
191,1788356982860931959,307200,103422,6,4,39.5,"[27.4, 32.0, 38.8, 39.5]","['INSIDE', 'INSIDE', 'INSIDE', 'INSIDE']","[[0.57, 2.51, 0.07], [0.25, 1.11, 0.02], [0.47, 1.63, 0.54], [0.24, 0.45, 0.68]]","[108, 112, 6, 110]",462.3
192,1788356983062579210,307200,103620,5,3,39.5,"[27.5, 32.1, 39.5]","['INSIDE', 'INSIDE', 'INSIDE']","[[0.43, 2.7, 0.05], [0.47, 2.02, 0.04], [0.08, 1.38, 0.01]]","[108, 6, 112]",473.5
193,1788356983265494200,307200,103699,7,5,45.7,"[31.1, 32.1, 35.2, 39.7, 45.7]","['INSIDE', 'INSIDE', 'NEAR', 'INSIDE', 'INSIDE']","[[0.13, 1.57, 0.01], [0.49, 1.11, 0.71], [0.09, 0.85, 0.4], [0.98, 0.6, 1.11], [0.29, 1.24, 0.02]]","[6, 112, 130, 108, 110]",455.0
194,1788356983461370863,307200,103936,6,4,39.9,"[29.3, 32.4, 35.3, 39.9]","['INSIDE', 'INSIDE', 'INSIDE', 'INSIDE']","[[0.26, 1.82, 0.02], [0.92, 0.99, 0.69], [0.26, 1.95, 0.03], [0.35, 1.36, 0.31]]","[6, 112, 108, 110]",446.8
195,1788356983665977949,307200,104305,5,3,35.5,"[29.6, 32.5, 35.5]","['INSIDE', 'INSIDE', 'INSIDE']","[[0.13, 1.93, 0.01], [0.32, 1.76, 0.03], [0.65, 1.38, 0.05]]","[6, 108, 110]",467.0
196,1788356983866469067,307200,102295,5,3,40.3,"[26.8, 35.8, 40.3]","['INSIDE', 'INSIDE', 'INSIDE']","[[0.36, 1.97, 0.04], [0.16, 1.13, 0.01], [0.27, 1.64, 0.02]]","[108, 112, 110]",486.9
197,1788356984068752541,307200,97195,4,2,40.5,"[33.2, 40.5]","['INSIDE', 'INSIDE']","[[0.58, 1.53, 0.05], [0.27, 1.14, 0.02]]","[6, 112]",558.5
198,1788356984266959703,307200,95700,8,6,45.2,"[25.7, 27.3, 31.7, 33.1, 38.7, 45.2]","['INSIDE', 'INSIDE', 'INSIDE', 'NEAR', 'INSIDE', 'INSIDE']","[[0.4, 1.99, 0.05], [0.1, 1.39, 0.01], [0.52, 2.01, 0.06], [0.37, 0.54, 0.41], [0.1, 0.89, 0.28], [0.15, 0.45, 0.68]]","[145, 6, 108, 130, 110, 112]",449.4
199,1788356984474411040,307200,103693,11,6,45.4,"[25.8, 27.5, 32.0, 36.4, 40.9, 45.4]","['INSIDE', 'OUTSIDE', 'INSIDE', 'NEAR', 'INSIDE', 'INSIDE']","[[0.27, 1.55, 0.03], [0.15, 1.0, 0.01], [0.48, 1.74, 0.05], [0.37, 0.69, 0.41], [0.28, 1.01, 0.03], [0.19, 1.4, 0.02]]","[145, 112, 108, 130, 110, 6]",472.9
200,1788356984666587714,307200,103687,9,5,41.0,"[24.5, 25.9, 32.0, 36.6, 41.0]","['OUTSIDE', 'INSIDE', 'OUTSIDE', 'INSIDE', 'NEAR']","[[0.65, 2.31, 0.21], [0.1, 1.54, 0.02], [0.08, 1.01, 0.01], [0.57, 1.41, 0.58], [0.27, 1.29, 0.02]]","[145, 108, 112, 110, 6]",488.9
201,1788356984880958955,307200,103560,7,3,39.8,"[26.3, 32.4, 39.8]","['INSIDE', 'INSIDE', 'INSIDE']","[[0.46, 1.85, 0.06], [0.46, 1.48, 0.04], [0.86, 0.97, 0.71]]","[108, 110, 112]",484.3
202,1788356985062139490,307200,103624,7,4,36.9,"[26.4, 29.5, 32.6, 36.9]","['OUTSIDE', 'INSIDE', 'OUTSIDE', 'INSIDE']","[[0.39, 1.69, 0.05], [0.48, 1.27, 0.04], [0.1, 1.29, 0.01], [0.29, 1.97, 0.03]]","[108, 110, 6, 146]",473.7
203,1788356985260249286,307200,103827,5,4,40.6,"[30.6, 32.7, 37.2, 40.6]","['INSIDE', 'INSIDE', 'NEAR', 'INSIDE']","[[0.25, 1.15, 0.02], [0.93, 0.98, 0.7], [0.2, 1.44, 0.02], [0.52, 0.09, 1.07]]","[110, 112, 6, 146]",478.9
204,1788356985474566842,307200,104042,7,4,46.5,"[25.6, 32.9, 40.6, 46.5]","['INSIDE', 'INSIDE', 'NEAR', 'OUTSIDE']","[[0.65, 1.81, 0.08], [0.23, 0.93, 0.02], [0.28, 1.14, 0.02], [0.06, 0.87, 0.41]]","[108, 110, 112, 130]",458.1
205,1788356985668735922,307200,103881,8,4,34.6,"[24.1, 25.7, 33.3, 34.6]","['RAIL', 'INSIDE', 'NEAR', 'INSIDE']","[[0.47, 0.08, 0.96], [0.53, 1.82, 0.06], [0.53, 1.42, 0.05], [0.76, 0.85, 0.36]]","[145, 108, 110, 6]",493.7
206,1788356985865868590,307200,104179,7,3,34.7,"[24.2, 33.3, 34.7]","['OUTSIDE', 'OUTSIDE', 'INSIDE']","[[0.28, 1.63, 0.04], [0.2, 0.94, 0.02], [0.92, 1.1, 0.36]]","[108, 110, 6]",656.1
207,1788356986064614290,307200,104407,6,3,48.6,"[33.5, 35.1, 48.6]","['OUTSIDE', 'INSIDE', 'INSIDE']","[[2.77, 0.63, 2.19], [0.35, 1.48, 0.33], [0.64, 0.37, 0.34]]","[130, 6, 110]",539.4
208,1788356986261962919,307200,103435,6,3,40.0,"[30.5, 35.4, 40.0]","['INSIDE', 'INSIDE', 'INSIDE']","[[0.21, 0.98, 0.02], [1.0, 1.02, 1.12], [0.39, 1.22, 0.34]]","[112, 146, 6]",505.4
209,1788356988062709795,307200,103487,10,6,49.4,"[24.0, 25.5, 29.1, 36.2, 40.8, 49.4]","['OUTSIDE', 'INSIDE', 'INSIDE', 'INSIDE', 'INSIDE', 'INSIDE']","[[1.01, 0.44, 2.37], [0.25, 1.61, 0.03], [0.44, 1.7, 0.06], [0.27, 1.57, 0.72], [0.08, 1.26, 0.01], [0.94, 0.3, 0.78]]","[130, 108, 145, 112, 6, 146]",509.8
210,1788356988259054131,307200,103533,4,1,25.7,[25.7],['INSIDE'],"[[0.29, 2.08, 0.04]]",[108],469.4
211,1788356988463550941,307200,103520,9,5,41.2,"[25.9, 29.0, 33.8, 40.0, 41.2]","['INSIDE', 'OUTSIDE', 'INSIDE', 'INSIDE', 'INSIDE']","[[0.12, 1.81, 0.02], [0.54, 1.8, 0.05], [0.09, 0.87, 0.01], [0.28, 0.33, 0.34], [1.05, 1.07, 1.33]]","[108, 110, 112, 6, 146]",449.6
212,1788356988660634164,307200,103513,6,2,49.8,"[32.5, 49.8]","['OUTSIDE', 'INSIDE']","[[0.28, 0.32, 1.1], [0.23, 1.77, 0.58]]","[130, 110]",491.1
213,1788356988865697366,307200,103643,7,4,38.9,"[25.3, 29.7, 32.9, 38.9]","['INSIDE', 'INSIDE', 'INSIDE', 'INSIDE']","[[0.54, 1.86, 0.06], [0.52, 1.39, 0.05], [0.23, 1.87, 0.02], [0.34, 0.41, 0.34]]","[108, 110, 146, 6]",553.3
214,1788356989059722027,307200,103762,5,3,32.9,"[25.5, 30.0, 32.9]","['INSIDE', 'INSIDE', 'INSIDE']","[[0.38, 1.97, 0.05], [0.13, 1.27, 0.01], [0.24, 1.37, 0.03]]","[108, 110, 146]",546.2
215,1788356989265930120,307200,96759,10,7,40.8,"[24.3, 25.6, 28.6, 30.2, 33.2, 39.2, 40.8]","['OUTSIDE', 'INSIDE', 'NEAR', 'OUTSIDE', 'INSIDE', 'INSIDE', 'INSIDE']","[[0.58, 2.26, 0.08], [0.13, 1.88, 0.02], [0.2, 1.4, 0.02], [0.19, 1.15, 0.02], [0.29, 1.28, 0.03], [0.66, 0.83, 0.72], [0.88, 1.29, 0.3]]","[145, 108, 110, 112, 146, 6, 150]",447.9
216,1788356989459435296,307200,103386,7,5,41.0,"[26.1, 26.4, 30.7, 33.5, 41.0]","['INSIDE', 'INSIDE', 'NEAR', 'INSIDE', 'INSIDE']","[[0.61, 2.13, 0.08], [0.28, 1.3, 0.03], [0.18, 1.44, 0.01], [1.27, 0.87, 0.9], [0.67, 0.51, 0.58]]","[108, 110, 112, 150, 146]",558.7
217,1788356986462597594,307200,103662,5,5,41.7,"[29.6, 31.2, 32.7, 40.3, 41.7]","['OUTSIDE', 'INSIDE', 'INSIDE', 'INSIDE', 'INSIDE']","[[0.23, 1.17, 0.02], [0.3, 1.04, 0.03], [0.28, 1.97, 0.03], [0.45, 0.43, 0.35], [0.42, 0.76, 0.3]]","[112, 110, 146, 6, 148]",557.9
218,1788356986662452782,307200,103593,10,8,40.4,"[25.2, 28.4, 29.8, 31.3, 32.8, 35.0, 35.9, 40.4]","['INSIDE', 'INSIDE', 'INSIDE', 'INSIDE', 'INSIDE', 'INSIDE', 'INSIDE', 'INSIDE']","[[0.17, 1.59, 0.02], [0.2, 1.27, 0.02], [0.33, 1.0, 0.02], [0.3, 1.16, 0.03], [0.99, 0.98, 0.34], [0.82, 0.27, 0.28], [0.25, 1.01, 0.02], [0.36, 0.89, 0.03]]","[108, 110, 6, 146, 148, 147, 112, 150]",470.7
219,1788356986863026473,307200,103590,10,8,40.7,"[25.6, 28.9, 29.9, 30.0, 31.4, 33.1, 36.1, 40.7]","['NEAR', 'NEAR', 'INSIDE', 'INSIDE', 'INSIDE', 'INSIDE', 'INSIDE', 'INSIDE']","[[0.47, 1.36, 0.06], [0.24, 1.16, 0.02], [0.23, 1.0, 0.02], [0.26, 1.79, 0.03], [1.06, 1.05, 0.86], [0.32, 1.14, 0.03], [1.02, 0.18, 0.76], [0.91, 0.21, 0.77]]","[108, 110, 6, 146, 148, 112, 150, 145]",474.9
220,1788356987064617374,307200,104143,9,6,49.3,"[24.2, 25.9, 30.3, 33.3, 36.3, 49.3]","['OUTSIDE', 'INSIDE', 'NEAR', 'INSIDE', 'NEAR', 'INSIDE']","[[1.41, 0.4, 1.97], [0.6, 1.75, 0.07], [0.24, 1.37, 0.03], [0.24, 1.17, 0.02], [0.3, 1.49, 0.03], [0.23, 1.28, 0.02]]","[130, 108, 149, 110, 146, 112]",614.5
221,1788356987265573500,307200,102534,8,6,39.8,"[30.5, 31.9, 33.5, 35.6, 36.6, 39.8]","['OUTSIDE', 'INSIDE', 'INSIDE', 'INSIDE', 'INSIDE', 'INSIDE']","[[0.24, 1.42, 0.03], [1.05, 1.4, 0.87], [0.38, 0.56, 0.34], [0.26, 1.4, 0.03], [0.29, 1.16, 0.02], [1.51, 0.62, 0.56]]","[110, 148, 6, 146, 112, 147]",703.3
222,1788356987457425804,307200,103362,10,8,46.0,"[27.6, 28.9, 32.5, 35.4, 36.7, 39.7, 41.3, 46.0]","['NEAR', 'INSIDE', 'OUTSIDE', 'NEAR', 'INSIDE', 'INSIDE', 'INSIDE', 'INSIDE']","[[0.11, 1.3, 0.01], [0.56, 1.15, 0.05], [0.23, 1.68, 0.02], [0.6, 0.71, 0.43], [0.48, 0.56, 0.34], [0.52, 0.99, 0.31], [1.17, 1.89, 0.58], [0.76, 0.29, 0.52]]","[6, 148, 112, 130, 147, 110, 145, 150]",570.0
223,1788356987658369754,307200,103342,11,9,41.7,"[26.2, 26.6, 29.1, 29.6, 29.9, 32.6, 35.5, 36.9, 41.7]","['OUTSIDE', 'NEAR', 'INSIDE', 'NEAR', 'INSIDE', 'INSIDE', 'INSIDE', 'INSIDE', 'INSIDE']","[[0.7, 2.28, 0.09], [0.1, 1.31, 0.0], [0.24, 1.48, 0.02], [0.07, 1.16, 0.01], [1.45, 1.37, 0.57], [0.29, 1.35, 0.03], [0.14, 0.87, 0.01], [1.3, 0.5, 1.13], [1.03, 0.21, 1.05]]","[108, 6, 148, 112, 150, 145, 110, 146, 149]",466.2
224,1788356987862859691,307200,103465,8,7,46.6,"[29.0, 29.8, 31.4, 32.7, 35.8, 37.3, 46.6]","['INSIDE', 'OUTSIDE', 'OUTSIDE', 'INSIDE', 'INSIDE', 'INSIDE', 'INSIDE']","[[0.1, 1.03, 0.01], [0.21, 0.71, 0.41], [0.27, 1.45, 0.02], [0.29, 1.67, 0.03], [0.84, 0.94, 1.09], [0.15, 0.88, 0.01], [0.97, 0.3, 0.78]]","[148, 130, 112, 145, 146, 110, 149]",547.7
225,1788356989661525062,307200,103585,9,7,36.7,"[26.4, 27.3, 29.3, 30.2, 30.7, 35.4, 36.7]","['OUTSIDE', 'OUTSIDE', 'OUTSIDE', 'INSIDE', 'INSIDE', 'INSIDE', 'INSIDE']","[[0.66, 1.89, 0.08], [0.33, 1.31, 0.04], [0.21, 1.29, 0.02], [0.25, 1.24, 0.02], [0.3, 1.23, 0.03], [0.95, 0.11, 0.98], [0.35, 0.22, 0.94]]","[108, 145, 112, 110, 149, 146, 150]",702.5
226,1788356989864688644,307200,102885,4,3,46.2,"[32.5, 35.6, 46.2]","['INSIDE', 'NEAR', 'INSIDE']","[[0.18, 1.48, 0.02], [0.19, 0.54, 0.41], [0.3, 1.25, 0.03]]","[148, 130, 110]",534.0
227,1788356990063353276,307200,103321,9,7,46.3,"[23.9, 25.5, 29.2, 29.8, 32.8, 36.0, 46.3]","['INSIDE', 'INSIDE', 'INSIDE', 'OUTSIDE', 'INSIDE', 'INSIDE', 'INSIDE']","[[0.68, 1.52, 0.08], [0.51, 1.52, 0.07], [0.24, 1.61, 0.02], [0.32, 0.71, 0.42], [0.3, 1.78, 0.03], [0.71, 1.44, 0.61], [1.67, 0.3, 1.13]]","[108, 150, 148, 130, 149, 110, 146]",555.4
228,1788356990265932592,307200,103362,9,8,40.7,"[25.6, 30.0, 31.7, 33.1, 34.3, 36.1, 39.3, 40.7]","['INSIDE', 'NEAR', 'NEAR', 'INSIDE', 'INSIDE', 'INSIDE', 'INSIDE', 'INSIDE']","[[0.43, 1.81, 0.05], [0.27, 1.28, 0.03], [0.35, 1.37, 0.35], [0.27, 1.69, 0.03], [0.34, 1.28, 0.57], [0.42, 0.41, 0.33], [0.2, 1.27, 0.02], [1.02, 0.72, 0.37]]","[108, 148, 6, 149, 145, 147, 110, 112]",551.1
229,1788356990461939098,307200,103162,6,5,39.5,"[25.9, 30.3, 31.9, 36.4, 39.5]","['OUTSIDE', 'OUTSIDE', 'INSIDE', 'INSIDE', 'NEAR']","[[0.57, 1.76, 0.07], [0.29, 1.39, 0.03], [0.24, 0.92, 0.36], [0.2, 1.12, 0.02], [0.28, 1.41, 0.02]]","[108, 149, 147, 145, 110]",545.2
230,1788356990668322559,307200,103715,6,5,41.1,"[26.2, 30.6, 36.7, 39.9, 41.1]","['OUTSIDE', 'NEAR', 'OUTSIDE', 'INSIDE', 'NEAR']","[[0.53, 1.41, 0.07], [0.07, 0.87, 0.01], [0.27, 1.51, 0.03], [1.03, 0.84, 0.33], [0.26, 1.42, 0.02]]","[108, 6, 149, 147, 110]",467.4
231,1788356990864319353,307200,103584,7,7,45.9,"[23.6, 29.5, 30.9, 32.5, 35.5, 39.8, 45.9]","['INSIDE', 'INSIDE', 'INSIDE', 'NEAR', 'INSIDE', 'INSIDE', 'INSIDE']","[[0.58, 1.66, 0.07], [0.25, 1.37, 0.02], [0.48, 0.85, 0.37], [0.7, 0.88, 0.44], [0.31, 1.55, 0.03], [0.74, 0.53, 0.32], [0.29, 1.25, 0.02]]","[150, 145, 147, 130, 146, 149, 110]",425.3
232,1788356991062595101,307200,103298,7,6,40.3,"[23.8, 29.7, 31.4, 32.7, 36.0, 40.3]","['INSIDE', 'INSIDE', 'INSIDE', 'INSIDE', 'INSIDE', 'INSIDE']","[[0.61, 1.69, 0.08], [0.28, 1.5, 0.03], [0.14, 1.27, 0.01], [0.99, 0.93, 0.85], [0.23, 1.46, 0.02], [0.68, 1.31, 0.6]]","[150, 148, 147, 149, 146, 110]",412.7
233,1788356991258150261,307200,103478,6,6,39.2,"[25.7, 30.0, 31.4, 33.0, 36.0, 39.2]","['INSIDE', 'INSIDE', 'INSIDE', 'INSIDE', 'INSIDE', 'INSIDE']","[[0.72, 2.0, 0.08], [0.29, 1.16, 0.03], [0.3, 1.37, 0.03], [0.8, 1.26, 0.84], [0.83, 0.41, 0.67], [0.66, 1.62, 0.96]]","[108, 148, 146, 149, 147, 110]",480.7
234,1788356991462377721,307200,103558,8,6,40.9,"[26.0, 30.3, 33.3, 34.8, 39.5, 40.9]","['INSIDE', 'OUTSIDE', 'INSIDE', 'INSIDE', 'INSIDE', 'INSIDE']","[[0.73, 1.76, 0.09], [0.3, 1.53, 0.03], [0.31, 1.3, 0.02], [0.29, 1.39, 0.03], [0.7, 0.47, 0.68], [0.43, 0.73, 0.33]]","[108, 148, 6, 146, 147, 112]",549.5
235,1788356991665070085,307200,103450,8,6,46.7,"[24.6, 26.0, 35.1, 36.7, 41.3, 46.7]","['NEAR', 'OUTSIDE', 'INSIDE', 'NEAR', 'NEAR', 'INSIDE']","[[0.23, 1.29, 0.03], [0.46, 1.76, 0.06], [0.31, 1.43, 0.72], [0.48, 0.53, 0.4], [0.14, 1.16, 0.01], [0.7, 1.05, 0.62]]","[108, 150, 6, 130, 110, 112]",479.8
236,1788356991857871849,307200,104117,7,6,40.0,"[30.9, 32.5, 34.3, 35.5, 37.0, 40.0]","['INSIDE', 'OUTSIDE', 'INSIDE', 'INSIDE', 'INSIDE', 'INSIDE']","[[0.24, 1.83, 0.02], [0.25, 1.56, 0.02], [0.51, 0.56, 0.34], [0.64, 0.81, 0.82], [0.71, 0.44, 0.63], [0.36, 1.0, 0.03]]","[145, 110, 147, 149, 112, 148]",443.8
237,1788356992064686624,307200,103465,11,8,49.7,"[25.3, 28.2, 28.2, 32.8, 35.7, 37.2, 40.7, 49.7]","['OUTSIDE', 'OUTSIDE', 'INSIDE', 'INSIDE', 'INSIDE', 'NEAR', 'INSIDE', 'INSIDE']","[[0.36, 0.4, 0.79], [0.31, 2.09, 0.04], [0.46, 1.86, 0.05], [0.88, 1.74, 0.74], [0.29, 1.38, 0.03], [0.09, 1.3, 0.01], [0.53, 0.88, 0.31], [0.69, 0.84, 0.76]]","[130, 152, 108, 6, 145, 110, 148, 149]",422.0
238,1788356992266826782,307200,103494,5,4,39.8,"[25.7, 30.1, 33.0, 39.8]","['INSIDE', 'INSIDE', 'INSIDE', 'INSIDE']","[[0.64, 2.18, 0.08], [0.09, 1.04, 0.01], [0.6, 0.85, 0.35], [0.31, 1.8, 0.03]]","[108, 145, 147, 146]",456.2
239,1788356992463495108,307200,103551,8,5,46.2,"[25.9, 27.6, 30.3, 33.3, 46.2]","['INSIDE', 'INSIDE', 'INSIDE', 'INSIDE', 'OUTSIDE']","[[0.41, 1.74, 0.05], [0.58, 1.65, 0.06], [0.07, 1.28, 0.01], [0.1, 1.17, 0.01], [0.19, 1.14, 0.01]]","[108, 149, 145, 146, 130]",404.3
240,1788356992659001883,307200,103585,7,6,46.5,"[27.6, 30.6, 36.0, 38.8, 40.4, 46.5]","['NEAR', 'INSIDE', 'OUTSIDE', 'INSIDE', 'INSIDE', 'INSIDE']","[[0.23, 1.14, 0.02], [0.1, 1.26, 0.01], [0.31, 1.2, 0.42], [0.65, 0.69, 0.36], [0.1, 1.5, 0.01], [0.26, 1.51, 0.02]]","[6, 149, 130, 147, 146, 148]",390.9
241,1788356992859280260,307200,103590,7,6,39.3,"[26.4, 27.9, 33.2, 34.5, 36.2, 39.3]","['OUTSIDE', 'OUTSIDE', 'INSIDE', 'INSIDE', 'NEAR', 'INSIDE']","[[0.13, 1.58, 0.02], [0.26, 1.41, 0.03], [0.13, 1.56, 0.02], [0.34, 1.19, 0.37], [0.27, 1.02, 0.02], [0.91, 0.97, 0.34]]","[108, 145, 149, 147, 148, 112]",468.6
242,1788356993058009745,307200,104050,7,5,41.1,"[29.1, 30.5, 35.1, 36.5, 41.1]","['OUTSIDE', 'OUTSIDE', 'OUTSIDE', 'INSIDE', 'INSIDE']","[[0.21, 1.02, 0.02], [0.31, 1.72, 0.03], [0.26, 1.42, 0.02], [0.28, 1.23, 0.02], [1.27, 1.57, 1.29]]","[6, 146, 148, 112, 149]",472.5
243,1788356993264256849,307200,104582,7,6,45.9,"[27.9, 29.4, 30.9, 35.4, 39.9, 45.9]","['INSIDE', 'OUTSIDE', 'INSIDE', 'INSIDE', 'INSIDE', 'INSIDE']","[[0.39, 1.35, 0.38], [0.12, 1.01, 0.4], [0.29, 1.03, 0.55], [0.33, 1.55, 0.03], [0.26, 1.24, 0.02], [0.33, 0.64, 0.5]]","[147, 130, 149, 146, 112, 152]",425.1
244,1788356993465015689,307200,92448,8,7,38.6,"[23.8, 25.2, 28.2, 28.7, 29.7, 35.8, 38.6]","['INSIDE', 'OUTSIDE', 'INSIDE', 'INSIDE', 'INSIDE', 'INSIDE', 'INSIDE']","[[0.33, 1.77, 0.04], [0.52, 1.42, 0.06], [0.63, 2.02, 0.08], [0.31, 1.67, 0.03], [0.68, 0.55, 0.37], [0.25, 1.25, 0.02], [1.27, 1.14, 1.18]]","[150, 146, 108, 149, 147, 112, 152]",412.8
245,1788356993667576853,307200,104465,7,6,40.5,"[25.3, 25.7, 27.2, 30.0, 36.1, 40.5]","['INSIDE', 'INSIDE', 'INSIDE', 'INSIDE', 'INSIDE', 'INSIDE']","[[0.67, 1.81, 0.08], [0.59, 1.62, 0.06], [0.08, 1.23, 0.36], [0.24, 1.69, 0.03], [0.25, 1.14, 0.02], [1.33, 0.76, 0.96]]","[150, 146, 6, 149, 112, 108]",466.9
246,1788356993864727183,307200,103977,8,7,36.3,"[25.8, 27.3, 28.9, 30.3, 30.7, 33.4, 36.3]","['OUTSIDE', 'INSIDE', 'OUTSIDE', 'NEAR', 'NEAR', 'INSIDE', 'INSIDE']","[[1.02, 2.18, 0.23], [0.29, 1.64, 0.03], [0.31, 1.07, 0.03], [0.32, 1.5, 0.03], [0.12, 1.15, 0.01], [0.34, 0.41, 0.81], [0.3, 1.21, 0.03]]","[150, 146, 145, 149, 148, 152, 108]",411.2
247,1788356994064447836,307200,103956,6,6,41.4,"[26.2, 27.7, 30.7, 33.6, 36.6, 41.4]","['OUTSIDE', 'OUTSIDE', 'INSIDE', 'INSIDE', 'NEAR', 'INSIDE']","[[0.49, 1.58, 0.06], [0.1, 1.3, 0.01], [0.34, 1.56, 0.04], [0.24, 0.97, 0.38], [0.34, 1.2, 0.04], [0.09, 1.28, 0.01]]","[150, 145, 146, 6, 149, 148]",395.8
248,1788356994262805823,307200,96364,9,7,40.1,"[23.6, 28.1, 29.4, 30.7, 35.3, 37.0, 40.1]","['NEAR', 'INSIDE', 'INSIDE', 'NEAR', 'INSIDE', 'INSIDE', 'INSIDE']","[[0.54, 1.21, 0.06], [0.5, 1.58, 0.06], [0.65, 0.71, 0.38], [0.08, 1.17, 0.01], [0.11, 1.34, 0.01], [0.73, 0.85, 0.06], [0.45, 1.09, 0.34]]","[146, 150, 6, 148, 108, 152, 112]",393.0
249,1788356994460850584,307200,104626,9,9,39.5,"[25.4, 26.8, 27.8, 28.3, 29.7, 31.3, 32.8, 36.0, 39.5]","['INSIDE', 'INSIDE', 'INSIDE', 'INSIDE', 'INSIDE', 'INSIDE', 'INSIDE', 'INSIDE', 'INSIDE']","[[0.46, 1.35, 0.05], [0.09, 1.38, 0.01], [0.09, 1.5, 0.01], [0.4, 0.41, 0.32], [1.09, 1.15, 1.09], [0.1, 1.56, 0.01], [0.46, 1.19, 0.63], [0.54, 0.15, 0.71], [0.12, 0.89, 0.01]]","[150, 153, 146, 6, 152, 108, 112, 149, 145]",463.5
250,1788356994663900460,307200,103599,8,8,40.8,"[25.2, 27.1, 28.7, 30.1, 33.2, 34.8, 39.4, 40.8]","['OUTSIDE', 'INSIDE', 'NEAR', 'INSIDE', 'INSIDE', 'INSIDE', 'INSIDE', 'INSIDE']","[[0.8, 2.67, 0.23], [0.23, 1.63, 0.02], [0.12, 1.0, 0.01], [0.12, 1.71, 0.01], [0.42, 0.7, 0.36], [0.11, 1.47, 0.01], [0.58, 0.37, 0.35], [1.53, 1.34, 1.24]]","[150, 153, 6, 146, 147, 108, 112, 145]",396.2
251,1788356994865688442,307200,103612,6,6,39.9,"[27.5, 28.8, 30.6, 31.8, 36.7, 39.9]","['INSIDE', 'INSIDE', 'INSIDE', 'INSIDE', 'NEAR', 'INSIDE']","[[0.13, 1.54, 0.01], [0.56, 0.85, 0.37], [0.31, 1.94, 0.03], [1.5, 1.29, 0.63], [0.22, 1.42, 0.02], [0.86, 0.96, 1.05]]","[146, 147, 108, 152, 148, 145]",399.2
252,1788356995064826388,307200,104053,8,8,46.3,"[26.4, 27.9, 29.7, 32.4, 34.2, 38.6, 40.3, 46.3]","['OUTSIDE', 'INSIDE', 'INSIDE', 'INSIDE', 'OUTSIDE', 'INSIDE', 'INSIDE', 'INSIDE']","[[0.31, 1.86, 0.04], [0.27, 2.06, 0.03], [0.08, 1.59, 0.01], [0.23, 1.13, 0.02], [0.24, 0.87, 0.42], [0.61, 0.68, 0.71], [0.19, 0.36, 0.31], [0.68, 1.81, 1.01]]","[150, 146, 153, 6, 130, 147, 112, 145]",419.7
253,1788356995258396054,307200,104081,5,4,40.5,"[32.8, 34.8, 36.1, 40.5]","['INSIDE', 'INSIDE', 'INSIDE', 'INSIDE']","[[0.1, 0.8, 0.01], [0.16, 1.0, 0.01], [0.15, 1.01, 0.01], [0.4, 0.49, 0.3]]","[153, 6, 148, 112]",437.9
254,1788356995465205014,307200,103251,9,9,46.0,"[25.7, 30.2, 32.1, 33.4, 35.1, 36.5, 39.7, 41.0, 46.0]","['INSIDE', 'OUTSIDE', 'NEAR', 'INSIDE', 'INSIDE', 'NEAR', 'NEAR', 'INSIDE', 'INSIDE']","[[0.44, 1.99, 0.05], [0.18, 1.41, 0.02], [0.23, 1.01, 0.02], [0.83, 1.64, 0.34], [0.19, 0.7, 0.35], [0.32, 1.17, 0.03], [0.32, 0.7, 0.4], [0.33, 1.16, 0.03], [0.3, 0.84, 0.33]]","[150, 153, 6, 152, 147, 108, 130, 148, 112]",400.9
255,1788356995666784255,307200,103593,7,7,41.3,"[27.7, 29.2, 30.7, 30.7, 32.4, 33.6, 41.3]","['INSIDE', 'NEAR', 'OUTSIDE', 'INSIDE', 'INSIDE', 'INSIDE', 'INSIDE']","[[0.53, 1.56, 0.06], [0.17, 0.87, 0.01], [0.21, 1.51, 0.02], [0.27, 1.14, 0.03], [0.68, 0.69, 0.58], [0.74, 1.74, 0.07], [0.38, 0.11, 0.89]]","[146, 6, 108, 152, 145, 149, 112]",395.6
256,1788356995861069427,307200,103489,8,8,40.6,"[26.5, 28.1, 29.7, 31.5, 32.7, 35.7, 37.1, 40.6]","['OUTSIDE', 'INSIDE', 'INSIDE', 'INSIDE', 'NEAR', 'INSIDE', 'INSIDE', 'INSIDE']","[[0.7, 2.18, 0.09], [0.16, 1.28, 0.02], [0.68, 1.01, 0.37], [0.17, 1.45, 0.28], [0.07, 1.43, 0.01], [0.49, 0.75, 0.32], [0.28, 1.25, 0.03], [1.73, 0.52, 1.17]]","[150, 146, 6, 152, 148, 112, 149, 145]",377.2
257,1788356996061587391,307200,103855,8,8,42.4,"[25.6, 27.1, 28.7, 30.0, 31.6, 33.1, 37.8, 42.4]","['INSIDE', 'NEAR', 'OUTSIDE', 'INSIDE', 'OUTSIDE', 'INSIDE', 'INSIDE', 'INSIDE']","[[0.43, 1.7, 0.05], [0.68, 1.44, 0.08], [3.17, 2.5, 0.23], [0.45, 1.05, 0.04], [0.74, 2.15, 0.06], [0.35, 1.42, 0.04], [0.25, 1.58, 0.03], [0.44, 0.61, 0.83]]","[150, 146, 6, 152, 148, 149, 108, 145]",440.8
258,1788356996262182285,307200,105095,8,8,43.1,"[24.3, 26.0, 30.3, 32.9, 33.4, 35.5, 36.9, 43.1]","['INSIDE', 'INSIDE', 'NEAR', 'INSIDE', 'INSIDE', 'INSIDE', 'INSIDE', 'INSIDE']","[[0.49, 1.55, 0.06], [0.3, 1.54, 0.04], [0.22, 1.45, 0.39], [0.26, 1.06, 0.02], [0.25, 1.38, 0.03], [0.07, 1.29, 0.01], [0.27, 0.5, 0.32], [0.55, 0.44, 0.57]]","[150, 149, 6, 152, 108, 148, 112, 145]",401.0
259,1788356996459515991,307200,105909,8,8,42.7,"[27.6, 27.8, 29.1, 30.2, 30.7, 32.5, 41.8, 42.7]","['INSIDE', 'INSIDE', 'INSIDE', 'INSIDE', 'INSIDE', 'INSIDE', 'INSIDE', 'INSIDE']","[[0.49, 1.47, 0.05], [0.41, 0.98, 0.39], [0.75, 1.77, 0.88], [0.32, 1.41, 0.03], [0.68, 0.31, 0.77], [0.24, 1.22, 0.02], [0.39, 0.3, 0.49], [0.93, 0.24, 0.68]]","[146, 6, 145, 108, 147, 150, 152, 149]",404.8
260,1788356996665887372,307200,97609,5,5,31.8,"[27.6, 28.2, 29.5, 29.9, 31.8]","['INSIDE', 'INSIDE', 'INSIDE', 'INSIDE', 'INSIDE']","[[0.47, 1.39, 0.05], [0.86, 1.99, 0.08], [0.63, 0.51, 0.8], [0.52, 0.21, 0.8], [0.49, 0.37, 0.68]]","[146, 150, 145, 152, 149]",380.3
261,1788356996858637840,307200,103710,4,4,42.5,"[29.2, 32.7, 38.1, 42.5]","['INSIDE', 'INSIDE', 'INSIDE', 'INSIDE']","[[0.56, 1.06, 0.04], [2.09, 1.56, 1.23], [0.23, 1.34, 0.02], [0.79, 0.87, 0.72]]","[6, 145, 148, 152]",373.3
262,1788356997071516276,307200,103678,5,5,43.0,"[26.2, 31.7, 34.0, 38.4, 43.0]","['INSIDE', 'NEAR', 'INSIDE', 'NEAR', 'INSIDE']","[[0.12, 1.65, 0.02], [0.2, 1.15, 0.37], [0.19, 1.73, 0.6], [0.22, 1.08, 0.02], [0.41, 0.09, 1.11]]","[146, 6, 153, 148, 145]",387.4
263,1788356997263277472,307200,104015,6,6,48.2,"[31.3, 34.3, 37.3, 38.8, 43.4, 48.2]","['NEAR', 'INSIDE', 'NEAR', 'OUTSIDE', 'INSIDE', 'INSIDE']","[[3.36, 0.8, 2.39], [0.26, 1.45, 0.02], [0.18, 1.01, 0.39], [0.23, 1.37, 0.02], [0.25, 1.43, 0.03], [0.54, 0.92, 0.04]]","[130, 153, 6, 148, 108, 112]",408.5
264,1788356997459260272,307200,104115,9,9,43.8,"[27.6, 28.7, 29.7, 33.1, 34.7, 36.7, 37.7, 39.1, 43.8]","['OUTSIDE', 'NEAR', 'INSIDE', 'OUTSIDE', 'OUTSIDE', 'INSIDE', 'INSIDE', 'INSIDE', 'INSIDE']","[[1.34, 2.21, 0.16], [0.25, 1.22, 0.02], [0.26, 1.71, 0.03], [0.16, 1.38, 0.01], [0.23, 1.38, 0.02], [0.92, 1.11, 1.17], [0.57, 0.47, 0.96], [0.32, 0.93, 0.03], [1.6, 1.3, 1.39]]","[146, 153, 150, 6, 148, 145, 112, 147, 152]",397.9
265,1788356997662989424,307200,104139,7,7,44.2,"[29.0, 30.3, 34.0, 35.0, 38.0, 42.6, 44.2]","['INSIDE', 'NEAR', 'NEAR', 'INSIDE', 'INSIDE', 'INSIDE', 'INSIDE']","[[0.24, 1.93, 0.03], [0.24, 1.23, 0.02], [0.3, 1.19, 0.4], [0.47, 0.46, 1.15], [0.94, 0.89, 1.14], [0.6, 1.07, 0.05], [1.37, 1.44, 0.63]]","[150, 153, 6, 148, 145, 147, 152]",411.0
266,1788356997860281203,307200,104214,8,8,44.5,"[25.0, 26.5, 27.6, 30.8, 35.4, 38.5, 42.9, 44.5]","['INSIDE', 'INSIDE', 'OUTSIDE', 'NEAR', 'INSIDE', 'INSIDE', 'INSIDE', 'INSIDE']","[[0.42, 1.86, 0.05], [0.52, 1.85, 0.07], [0.26, 1.37, 0.02], [0.14, 0.94, 0.01], [0.84, 0.62, 0.77], [1.44, 1.53, 0.99], [0.2, 1.21, 0.02], [2.32, 1.78, 1.38]]","[149, 146, 153, 6, 148, 150, 147, 152]",366.8
267,1788356998059837375,307200,104076,6,6,37.4,"[25.4, 26.8, 27.3, 29.8, 34.4, 37.4]","['INSIDE', 'INSIDE', 'OUTSIDE', 'INSIDE', 'INSIDE', 'INSIDE']","[[0.4, 1.79, 0.05], [0.62, 2.07, 0.08], [0.45, 1.7, 0.05], [0.27, 0.97, 0.02], [0.52, 0.53, 0.35], [0.61, 0.28, 0.69]]","[149, 146, 108, 145, 112, 150]",403.9
268,1788356998261267400,307200,103375,11,10,45.3,"[25.6, 27.3, 29.0, 30.6, 31.6, 33.2, 34.7, 39.3, 44.1, 45.3]","['INSIDE', 'OUTSIDE', 'NEAR', 'INSIDE', 'INSIDE', 'INSIDE', 'INSIDE', 'INSIDE', 'INSIDE', 'INSIDE']","[[0.64, 1.65, 0.08], [0.29, 1.72, 0.04], [0.13, 0.95, 0.01], [0.77, 1.74, 0.48], [0.45, 1.65, 1.24], [0.61, 0.16, 0.8], [0.44, 0.64, 0.59], [0.22, 0.83, 0.02], [0.48, 1.84, 0.59], [0.86, 0.6, 0.76]]","[149, 146, 6, 108, 145, 148, 152, 147, 153, 150]",405.5
269,1788356998460369135,307200,103611,11,10,46.9,"[27.6, 29.1, 30.6, 32.1, 33.5, 35.1, 38.2, 39.6, 45.7, 46.9]","['NEAR', 'OUTSIDE', 'INSIDE', 'INSIDE', 'NEAR', 'NEAR', 'INSIDE', 'INSIDE', 'INSIDE', 'INSIDE']","[[5.97, 1.44, 1.95], [0.44, 1.77, 0.06], [0.29, 1.63, 0.03], [0.23, 0.99, 0.02], [0.12, 1.07, 0.41], [0.28, 1.13, 0.03], [0.7, 1.01, 1.2], [0.96, 0.73, 0.98], [0.08, 0.97, 0.01], [0.42, 1.28, 0.04]]","[130, 149, 108, 145, 6, 153, 152, 112, 147, 150]",389.1
270,1788356998662562891,307200,103494,6,5,46.2,"[29.5, 32.5, 35.6, 40.1, 46.2]","['INSIDE', 'OUTSIDE', 'INSIDE', 'NEAR', 'NEAR']","[[0.32, 1.25, 0.04], [0.16, 1.24, 0.41], [0.26, 1.0, 0.02], [0.32, 1.26, 0.03], [0.15, 0.98, 0.01]]","[108, 6, 145, 153, 147]",349.5
271,1788356998861566133,307200,103280,11,10,43.6,"[24.0, 27.1, 30.0, 31.5, 34.5, 35.2, 35.9, 38.0, 40.5, 43.6]","['OUTSIDE', 'INSIDE', 'OUTSIDE', 'INSIDE', 'INSIDE', 'INSIDE', 'OUTSIDE', 'INSIDE', 'INSIDE', 'INSIDE']","[[0.58, 2.34, 0.09], [0.66, 1.53, 0.08], [0.54, 1.4, 0.06], [0.27, 1.64, 0.03], [0.37, 0.46, 0.39], [0.28, 0.84, 0.02], [0.28, 1.29, 0.02], [0.59, 0.43, 0.33], [0.34, 1.22, 0.03], [0.73, 0.16, 0.87]]","[146, 149, 108, 145, 148, 152, 147, 112, 150, 153]",354.1
272,1788356999062557517,307200,103455,11,9,45.4,"[27.4, 30.2, 31.9, 33.3, 34.2, 36.4, 40.9, 44.1, 45.4]","['INSIDE', 'OUTSIDE', 'NEAR', 'NEAR', 'OUTSIDE', 'INSIDE', 'INSIDE', 'OUTSIDE', 'INSIDE']","[[0.5, 1.55, 0.06], [0.18, 1.17, 0.02], [0.27, 1.03, 0.03], [0.15, 1.06, 0.4], [0.29, 1.76, 0.03], [1.57, 1.51, 1.29], [0.57, 0.31, 0.76], [0.15, 1.29, 0.01], [0.25, 0.89, 0.02]]","[149, 108, 145, 6, 152, 153, 148, 147, 150]",334.9
