frame,ts_ns,in_points,roi_points,raw_candidates,confirmed,max_dist,dist_list,zone_list,size_list,track_id_list,proc_ms
1,1788354623210133818,921600,95584,41,0,0.0,[],[],[],[],482.7
2,1788354623393736917,921600,95629,38,0,0.0,[],[],[],[],917.0
3,1788354623592582162,921600,95603,40,0,0.0,[],[],[],[],407.1
4,1788354623794177870,921600,95603,39,0,0.0,[],[],[],[],455.0
5,1788354624000304661,921600,95613,39,0,0.0,[],[],[],[],857.1
6,1788354624196840376,921600,95614,41,0,0.0,[],[],[],[],393.3
7,1788354624405331031,921600,95531,40,0,0.0,[],[],[],[],709.3
8,1788354624601901346,921600,95575,39,0,0.0,[],[],[],[],416.9
9,1788354624803121202,921600,95592,42,0,0.0,[],[],[],[],3216.8
10,1788354624996868725,921600,95581,38,0,0.0,[],[],[],[],422.6
11,1788354625198532267,921600,95644,38,0,0.0,[],[],[],[],446.8
12,1788354625400689306,921600,95504,41,0,0.0,[],[],[],[],390.9
13,1788354625595133098,921600,95560,39,0,0.0,[],[],[],[],379.5
14,1788354625796947029,921600,95518,35,0,0.0,[],[],[],[],408.4
15,1788354625996831513,921600,95561,39,23,119.7,"[0.5, 31.3, 34.3, 34.5, 40.1, 44.6, 46.8, 49.3, 85.6, 87.5, 89.1, 93.4, 94.3, 96.3, 98.1, 98.2, 99.9, 100.0, 101.7, 103.5, 105.4, 117.9, 119.7]","['INSIDE', 'INSIDE', 'INSIDE', 'NEAR', 'RAIL', 'RAIL', 'INSIDE', 'RAIL', 'OUTSIDE', 'INSIDE', 'INSIDE', 'NEAR', 'OUTSIDE', 'OUTSIDE', 'RAIL', 'RAIL', 'NEAR', 'OUTSIDE', 'INSIDE', 'INSIDE', 'RAIL', 'NEAR', 'RAIL']","[[1.15, 2.01, 2.39], [1.23, 0.61, 1.88], [0.2, 0.22, 0.3], [0.64, 1.16, 0.57], [1.6, 0.44, 0.69], [0.63, 0.39, 0.21], [1.8, 1.7, 0.09], [0.1, 0.16, 0.13], [0.16, 0.78, 0.0], [1.34, 1.45, 0.01], [0.07, 0.67, 0.0], [0.21, 1.2, 0.0], [0.17, 1.22, 0.0], [0.2, 1.19, 0.0], [0.03, 0.82, 0.0], [0.04, 1.04, 0.0], [0.41, 1.21, 0.0], [0.68, 0.48, 0.0], [0.09, 1.03, 0.0], [0.03, 0.52, 0.0], [0.34, 0.54, 0.29], [0.05, 1.08, 0.0], [0.07, 1.29, 0.0]]","[1, 2, 3, 4, 6, 7, 11, 13, 20, 32, 23, 24, 25, 19, 28, 26, 18, 33, 35, 38, 40, 41, 39]",436.3
16,1788354626196003597,921600,95695,38,25,119.7,"[0.5, 31.3, 34.3, 34.5, 40.3, 42.1, 43.5, 44.6, 46.9, 49.3, 85.7, 87.3, 89.1, 93.3, 94.3, 96.4, 98.1, 98.2, 99.9, 100.0, 101.6, 103.5, 103.6, 117.9, 119.7]","['INSIDE', 'INSIDE', 'INSIDE', 'NEAR', 'RAIL', 'RAIL', 'RAIL', 'INSIDE', 'INSIDE', 'RAIL', 'INSIDE', 'OUTSIDE', 'INSIDE', 'OUTSIDE', 'OUTSIDE', 'RAIL', 'OUTSIDE', 'RAIL', 'OUTSIDE', 'INSIDE', 'INSIDE', 'INSIDE', 'RAIL', 'OUTSIDE', 'RAIL']","[[1.14, 2.02, 2.38], [0.92, 0.61, 1.66], [0.22, 0.24, 0.4], [1.3, 1.17, 0.35], [0.22, 0.08, 0.25], [1.59, 0.44, 0.69], [0.59, 0.39, 0.21], [1.54, 1.71, 0.08], [1.5, 1.35, 0.06], [0.16, 0.16, 0.14], [0.45, 3.9, 0.84], [0.12, 0.78, 0.0], [1.35, 1.13, 0.01], [0.19, 1.2, 0.0], [0.12, 0.87, 0.0], [0.02, 1.03, 0.0], [0.2, 0.74, 0.0], [0.04, 0.84, 0.0], [0.66, 0.81, 0.0], [0.07, 1.01, 0.0], [0.06, 0.86, 0.0], [0.06, 1.05, 0.0], [0.25, 0.72, 0.29], [0.08, 1.09, 0.0], [0.07, 1.27, 0.0]]","[1, 2, 3, 4, 5, 6, 7, 11, 12, 13, 18, 20, 32, 24, 25, 28, 19, 26, 33, 34, 35, 38, 40, 41, 39]",479.3
17,1788354626393924846,921600,95595,43,27,117.9,"[0.4, 31.3, 34.5, 34.6, 40.3, 42.1, 43.1, 44.6, 46.9, 49.6, 85.5, 85.6, 87.3, 92.8, 93.5, 93.7, 96.4, 98.1, 98.2, 99.8, 100.0, 101.8, 101.8, 103.5, 103.6, 116.1, 117.9]","['INSIDE', 'INSIDE', 'INSIDE', 'INSIDE', 'RAIL', 'RAIL', 'RAIL', 'INSIDE', 'INSIDE', 'RAIL', 'OUTSIDE', 'OUTSIDE', 'INSIDE', 'OUTSIDE', 'OUTSIDE', 'RAIL', 'NEAR', 'RAIL', 'OUTSIDE', 'OUTSIDE', 'INSIDE', 'INSIDE', 'INSIDE', 'NEAR', 'RAIL', 'OUTSIDE', 'RAIL']","[[1.22, 2.14, 2.39], [0.97, 0.62, 1.75], [0.26, 0.24, 0.4], [0.75, 1.11, 0.67], [0.24, 0.08, 0.25], [1.28, 0.35, 0.69], [0.58, 0.39, 0.21], [1.4, 1.58, 0.07], [1.76, 1.34, 0.07], [0.19, 0.17, 0.15], [0.13, 2.19, 0.17], [0.11, 1.07, 0.0], [0.13, 0.81, 0.0], [0.05, 1.03, 0.0], [0.12, 0.53, 0.0], [0.03, 1.01, 0.0], [0.06, 1.05, 0.0], [0.07, 1.03, 0.0], [1.83, 1.43, 0.01], [1.86, 1.67, 0.01], [0.05, 1.01, 0.0], [0.04, 0.51, 0.0], [0.07, 0.52, 0.0], [0.19, 1.07, 0.0], [0.05, 1.07, 0.0], [0.06, 1.09, 0.0], [0.04, 1.27, 0.0]]","[1, 2, 3, 4, 5, 6, 7, 11, 12, 13, 18, 20, 32, 24, 25, 28, 19, 26, 33, 23, 34, 35, 38, 40, 37, 41, 39]",764.7
18,1788354626598062969,921600,95606,38,28,117.9,"[0.5, 31.2, 34.4, 34.7, 40.3, 42.8, 44.6, 46.9, 49.6, 82.8, 83.4, 85.5, 85.7, 87.3, 89.3, 90.9, 92.7, 93.2, 93.7, 96.4, 98.1, 100.0, 100.1, 101.6, 101.8, 103.5, 116.1, 117.9]","['INSIDE', 'INSIDE', 'INSIDE', 'INSIDE', 'RAIL', 'RAIL', 'INSIDE', 'INSIDE', 'RAIL', 'INSIDE', 'OUTSIDE', 'OUTSIDE', 'OUTSIDE', 'INSIDE', 'INSIDE', 'OUTSIDE', 'OUTSIDE', 'RAIL', 'NEAR', 'RAIL', 'OUTSIDE', 'OUTSIDE', 'INSIDE', 'INSIDE', 'RAIL', 'RAIL', 'RAIL', 'OUTSIDE']","[[1.35, 2.27, 2.4], [1.01, 0.65, 1.75], [0.25, 0.24, 0.4], [0.53, 0.86, 0.67], [1.38, 0.39, 0.62], [0.7, 0.38, 0.21], [1.66, 1.73, 0.09], [1.37, 0.88, 0.06], [0.13, 0.18, 0.14], [1.97, 3.99, 1.24], [0.18, 2.04, 0.17], [0.11, 0.93, 0.0], [0.16, 1.07, 0.0], [0.37, 3.13, 0.18], [0.11, 0.49, 0.0], [0.04, 1.03, 0.0], [0.65, 1.47, 0.01], [0.06, 1.22, 0.0], [0.19, 1.19, 0.0], [0.04, 0.62, 0.0], [1.78, 1.44, 0.01], [1.51, 1.5, 0.01], [0.16, 1.01, 0.0], [0.14, 0.87, 0.0], [0.05, 1.05, 0.0], [0.23, 1.43, 0.29], [0.04, 1.24, 0.0], [0.03, 0.72, 0.0]]","[1, 2, 3, 4, 6, 7, 11, 12, 13, 16, 18, 17, 20, 21, 32, 24, 19, 28, 15, 26, 33, 23, 34, 38, 37, 40, 39, 41]",509.9
19,1788354626799879030,921600,95679,36,29,117.9,"[0.5, 31.2, 34.4, 34.6, 40.4, 42.8, 44.6, 46.9, 49.6, 82.8, 83.6, 85.6, 85.6, 87.3, 89.0, 89.1, 91.0, 92.6, 93.6, 93.7, 96.4, 98.1, 100.0, 100.1, 101.7, 101.8, 103.5, 116.2, 117.9]","['INSIDE', 'INSIDE', 'INSIDE', 'INSIDE', 'RAIL', 'RAIL', 'INSIDE', 'INSIDE', 'RAIL', 'INSIDE', 'OUTSIDE', 'INSIDE', 'OUTSIDE', 'INSIDE', 'OUTSIDE', 'INSIDE', 'OUTSIDE', 'OUTSIDE', 'OUTSIDE', 'RAIL', 'NEAR', 'RAIL', 'OUTSIDE', 'INSIDE', 'INSIDE', 'RAIL', 'RAIL', 'RAIL', 'OUTSIDE']","[[1.18, 1.65, 2.39], [0.96, 0.59, 1.75], [0.27, 0.24, 0.41], [0.63, 0.86, 0.67], [1.38, 0.39, 0.62], [0.64, 0.38, 0.21], [1.7, 1.73, 0.09], [1.4, 0.88, 0.06], [0.12, 0.16, 0.14], [1.99, 3.99, 1.24], [0.25, 2.34, 0.17], [0.49, 3.08, 0.37], [0.15, 1.07, 0.0], [0.23, 3.13, 0.18], [0.05, 0.47, 0.0], [0.31, 0.65, 0.0], [1.98, 2.42, 0.19], [0.17, 1.2, 0.0], [0.94, 1.16, 0.01], [0.06, 1.01, 0.0], [0.15, 1.04, 0.0], [0.03, 0.82, 0.0], [1.89, 1.76, 0.01], [0.06, 1.01, 0.0], [0.07, 0.7, 0.0], [0.07, 1.05, 0.0], [0.25, 1.43, 0.29], [0.03, 1.07, 0.0], [0.02, 1.08, 0.0]]","[1, 2, 3, 4, 6, 7, 11, 12, 13, 16, 18, 17, 20, 21, 30, 32, 23, 24, 19, 28, 15, 26, 33, 34, 38, 37, 40, 39, 41]",772.4
20,1788354627001804449,921600,95631,38,28,117.9,"[0.5, 31.2, 34.3, 40.3, 42.7, 44.6, 46.9, 49.5, 82.8, 83.6, 85.5, 85.6, 87.3, 89.0, 89.1, 89.3, 91.0, 92.7, 93.2, 93.7, 96.4, 98.1, 100.0, 100.0, 101.8, 103.5, 116.1, 117.9]","['INSIDE', 'INSIDE', 'INSIDE', 'RAIL', 'RAIL', 'INSIDE', 'INSIDE', 'RAIL', 'INSIDE', 'OUTSIDE', 'OUTSIDE', 'OUTSIDE', 'INSIDE', 'OUTSIDE', 'INSIDE', 'OUTSIDE', 'OUTSIDE', 'RAIL', 'NEAR', 'RAIL', 'INSIDE', 'OUTSIDE', 'OUTSIDE', 'INSIDE', 'INSIDE', 'RAIL', 'RAIL', 'OUTSIDE']","[[1.04, 0.65, 1.88], [0.27, 0.24, 0.41], [0.51, 0.86, 0.67], [1.56, 0.44, 0.62], [0.67, 0.38, 0.21], [1.62, 1.73, 0.09], [1.37, 0.87, 0.06], [0.16, 0.16, 0.14], [1.96, 3.99, 1.24], [0.17, 1.89, 0.17], [0.11, 0.93, 0.0], [0.1, 1.22, 0.0], [0.35, 3.46, 0.18], [0.05, 0.47, 0.0], [0.13, 0.48, 0.0], [0.08, 1.03, 0.0], [1.23, 1.3, 0.01], [0.05, 1.01, 0.0], [0.15, 1.19, 0.0], [0.05, 0.62, 0.0], [0.14, 0.62, 0.0], [1.78, 1.44, 0.01], [1.39, 1.34, 0.01], [0.11, 1.01, 0.0], [0.14, 0.87, 0.0], [0.02, 0.7, 0.0], [0.02, 1.07, 0.0], [0.05, 0.9, 0.0]]","[2, 3, 4, 6, 7, 11, 12, 13, 16, 18, 17, 20, 21, 30, 32, 24, 19, 28, 15, 26, 23, 33, 34, 35, 38, 37, 39, 41]",872.9
21,1788354627192226664,921600,95601,36,28,117.9,"[0.5, 31.2, 34.4, 34.7, 40.4, 42.8, 44.6, 46.9, 49.6, 82.8, 83.5, 85.5, 85.6, 87.3, 89.2, 91.0, 92.7, 93.3, 93.7, 96.5, 98.0, 100.0, 100.0, 101.6, 101.8, 103.5, 116.2, 117.9]","['INSIDE', 'INSIDE', 'INSIDE', 'INSIDE', 'RAIL', 'RAIL', 'INSIDE', 'INSIDE', 'RAIL', 'INSIDE', 'OUTSIDE', 'INSIDE', 'OUTSIDE', 'INSIDE', 'INSIDE', 'OUTSIDE', 'OUTSIDE', 'RAIL', 'NEAR', 'RAIL', 'OUTSIDE', 'OUTSIDE', 'INSIDE', 'INSIDE', 'RAIL', 'RAIL', 'RAIL', 'OUTSIDE']","[[1.47, 2.27, 2.4], [0.96, 0.65, 1.66], [0.26, 0.24, 0.4], [0.62, 0.86, 0.67], [1.39, 0.39, 0.62], [0.65, 0.39, 0.21], [1.73, 1.73, 0.09], [1.4, 0.88, 0.06], [0.17, 0.16, 0.15], [1.99, 3.99, 1.24], [0.23, 2.04, 0.17], [0.27, 3.08, 0.18], [0.12, 1.07, 0.0], [0.19, 3.13, 0.18], [0.28, 0.65, 0.0], [0.2, 1.2, 0.0], [0.69, 1.18, 0.01], [0.06, 1.01, 0.0], [0.13, 1.04, 0.0], [0.03, 0.82, 0.0], [1.84, 1.76, 0.01], [1.38, 1.5, 0.01], [0.32, 1.18, 0.0], [0.06, 0.7, 0.0], [0.24, 1.43, 0.29], [0.08, 0.7, 0.0], [0.06, 1.24, 0.0], [0.05, 1.08, 0.0]]","[1, 2, 3, 4, 6, 7, 11, 12, 13, 16, 18, 17, 20, 21, 32, 24, 19, 28, 15, 26, 33, 34, 35, 38, 40, 37, 39, 41]",1118.4
22,1788354627396976830,921600,95591,37,31,117.9,"[0.5, 31.2, 34.4, 34.5, 40.2, 40.3, 43.1, 44.6, 46.9, 49.6, 82.8, 83.7, 85.5, 85.6, 87.3, 89.0, 89.2, 90.9, 92.7, 93.3, 93.8, 96.3, 96.4, 98.0, 100.0, 100.0, 101.8, 101.9, 103.5, 116.2, 117.9]","['INSIDE', 'INSIDE', 'INSIDE', 'INSIDE', 'INSIDE', 'RAIL', 'RAIL', 'INSIDE', 'INSIDE', 'RAIL', 'INSIDE', 'OUTSIDE', 'INSIDE', 'INSIDE', 'OUTSIDE', 'OUTSIDE', 'INSIDE', 'NEAR', 'OUTSIDE', 'OUTSIDE', 'RAIL', 'NEAR', 'RAIL', 'OUTSIDE', 'OUTSIDE', 'INSIDE', 'INSIDE', 'RAIL', 'NEAR', 'RAIL', 'OUTSIDE']","[[1.18, 2.14, 2.39], [0.98, 0.65, 1.88], [0.25, 0.12, 0.52], [0.24, 0.24, 0.4], [0.65, 0.86, 0.67], [1.37, 0.4, 0.62], [0.62, 0.38, 0.21], [1.34, 1.57, 0.07], [1.89, 1.33, 0.08], [0.12, 0.16, 0.14], [1.99, 3.99, 1.24], [0.15, 2.04, 0.17], [0.25, 3.08, 0.18], [0.33, 3.29, 0.18], [0.08, 0.61, 0.0], [0.06, 0.62, 0.0], [0.29, 0.65, 0.0], [0.05, 1.01, 0.0], [0.18, 1.03, 0.0], [1.1, 1.16, 0.01], [0.05, 1.01, 0.0], [0.13, 1.04, 0.0], [0.03, 0.82, 0.0], [1.91, 1.76, 0.01], [1.39, 1.5, 0.01], [0.07, 1.01, 0.0], [0.11, 0.7, 0.0], [0.07, 0.87, 0.0], [0.12, 1.07, 0.0], [0.04, 1.07, 0.0], [0.06, 1.08, 0.0]]","[1, 2, 9, 3, 4, 6, 7, 11, 12, 13, 16, 18, 17, 21, 20, 30, 32, 31, 24, 19, 28, 15, 26, 33, 34, 35, 38, 37, 40, 39, 41]",917.2
23,1788354627593591679,921600,95680,34,28,117.9,"[0.5, 31.2, 34.4, 34.7, 42.8, 44.6, 46.9, 49.6, 82.8, 83.7, 85.5, 85.6, 87.3, 89.1, 90.9, 92.8, 93.6, 93.8, 96.3, 96.5, 98.0, 100.0, 101.7, 101.8, 103.5, 103.6, 116.2, 117.9]","['INSIDE', 'INSIDE', 'INSIDE', 'INSIDE', 'RAIL', 'RAIL', 'INSIDE', 'RAIL', 'INSIDE', 'OUTSIDE', 'INSIDE', 'OUTSIDE', 'INSIDE', 'INSIDE', 'OUTSIDE', 'NEAR', 'OUTSIDE', 'OUTSIDE', 'RAIL', 'NEAR', 'RAIL', 'OUTSIDE', 'INSIDE', 'INSIDE', 'NEAR', 'RAIL', 'OUTSIDE', 'RAIL']","[[1.45, 2.26, 2.4], [0.95, 0.65, 1.66], [0.26, 0.24, 0.4], [0.63, 0.86, 0.67], [1.41, 0.39, 0.62], [0.64, 0.38, 0.21], [1.38, 0.88, 0.06], [0.11, 0.16, 0.13], [1.97, 3.99, 1.24], [0.22, 2.34, 0.17], [0.45, 3.08, 0.37], [0.14, 0.92, 0.0], [0.37, 3.45, 0.18], [0.06, 0.49, 0.0], [2.03, 2.42, 0.19], [0.04, 1.01, 0.0], [0.22, 1.2, 0.0], [0.92, 1.16, 0.01], [0.03, 1.01, 0.0], [0.11, 1.04, 0.0], [0.02, 0.82, 0.0], [1.85, 1.44, 0.01], [0.27, 1.18, 0.0], [0.11, 0.7, 0.0], [0.05, 1.07, 0.0], [0.04, 1.07, 0.0], [0.03, 1.09, 0.0], [0.11, 1.27, 0.0]]","[1, 2, 3, 4, 6, 7, 12, 13, 16, 18, 17, 20, 21, 32, 34, 31, 24, 19, 28, 15, 26, 33, 35, 38, 40, 39, 41, 45]",1035.1
24,1788354627792731455,921600,95464,37,33,117.9,"[0.5, 31.2, 34.3, 34.7, 40.3, 40.3, 42.7, 44.6, 46.9, 49.6, 82.2, 83.5, 85.6, 85.6, 87.3, 89.0, 89.2, 89.3, 90.9, 93.2, 93.7, 94.2, 96.3, 96.4, 98.1, 98.2, 100.0, 100.0, 101.7, 101.9, 103.5, 116.1, 117.9]","['INSIDE', 'INSIDE', 'INSIDE', 'INSIDE', 'INSIDE', 'RAIL', 'RAIL', 'INSIDE', 'INSIDE', 'RAIL', 'INSIDE', 'OUTSIDE', 'OUTSIDE', 'OUTSIDE', 'INSIDE', 'OUTSIDE', 'INSIDE', 'INSIDE', 'OUTSIDE', 'OUTSIDE', 'OUTSIDE', 'RAIL', 'NEAR', 'RAIL', 'INSIDE', 'OUTSIDE', 'INSIDE', 'INSIDE', 'INSIDE', 'RAIL', 'OUTSIDE', 'RAIL', 'OUTSIDE']","[[1.38, 2.26, 2.4], [0.99, 0.65, 1.75], [0.27, 0.12, 0.52], [0.28, 0.24, 0.41], [0.52, 0.86, 0.67], [1.54, 0.44, 0.62], [0.66, 0.38, 0.21], [1.64, 1.73, 0.09], [1.38, 0.88, 0.06], [0.14, 0.16, 0.14], [0.66, 3.85, 1.24], [0.28, 1.89, 0.17], [0.14, 0.93, 0.0], [0.16, 1.07, 0.0], [0.25, 3.3, 0.18], [0.09, 0.47, 0.0], [1.96, 2.25, 0.19], [0.67, 0.99, 0.0], [0.04, 1.01, 0.0], [0.07, 1.03, 0.0], [0.57, 1.03, 0.0], [0.05, 1.01, 0.0], [0.18, 1.19, 0.0], [0.03, 0.62, 0.0], [0.19, 0.62, 0.0], [1.42, 1.34, 0.01], [0.1, 1.01, 0.0], [0.12, 1.2, 0.0], [0.14, 0.87, 0.0], [0.06, 1.05, 0.0], [0.02, 0.89, 0.0], [0.05, 1.24, 0.0], [0.06, 0.72, 0.0]]","[1, 2, 9, 3, 4, 6, 7, 11, 12, 13, 16, 18, 17, 20, 21, 30, 33, 22, 31, 24, 19, 28, 15, 26, 23, 34, 35, 38, 25, 37, 40, 39, 41]",732.4
25,1788354627994041865,921600,95595,35,30,117.9,"[0.5, 31.2, 34.3, 40.2, 40.3, 42.8, 44.6, 47.0, 49.6, 82.8, 85.5, 85.6, 87.3, 89.0, 89.0, 89.2, 90.9, 92.7, 93.2, 93.7, 94.2, 96.3, 96.4, 98.1, 100.0, 100.0, 101.8, 103.5, 116.2, 117.9]","['INSIDE', 'INSIDE', 'INSIDE', 'INSIDE', 'RAIL', 'RAIL', 'INSIDE', 'INSIDE', 'RAIL', 'INSIDE', 'OUTSIDE', 'OUTSIDE', 'OUTSIDE', 'INSIDE', 'OUTSIDE', 'INSIDE', 'INSIDE', 'INSIDE', 'NEAR', 'OUTSIDE', 'RAIL', 'NEAR', 'RAIL', 'OUTSIDE', 'OUTSIDE', 'INSIDE', 'INSIDE', 'RAIL', 'RAIL', 'OUTSIDE']","[[1.1, 0.65, 1.67], [0.25, 0.12, 0.53], [0.29, 0.24, 0.41], [0.52, 0.86, 0.67], [1.54, 0.44, 0.62], [0.69, 0.38, 0.21], [1.63, 1.73, 0.09], [1.38, 0.88, 0.06], [0.15, 0.17, 0.14], [1.97, 3.99, 1.24], [0.13, 2.04, 0.17], [0.06, 0.93, 0.0], [0.08, 0.92, 0.0], [0.28, 3.29, 0.18], [0.04, 0.47, 0.0], [0.09, 0.49, 0.0], [0.37, 0.62, 0.37], [0.68, 0.99, 0.0], [0.01, 0.84, 0.0], [0.06, 1.03, 0.0], [0.05, 1.02, 0.0], [0.21, 1.19, 0.0], [0.01, 0.62, 0.0], [1.84, 1.76, 0.01], [1.4, 1.34, 0.01], [0.1, 1.01, 0.0], [0.1, 0.87, 0.0], [0.06, 1.05, 0.0], [0.04, 1.24, 0.0], [0.02, 0.9, 0.0]]","[2, 9, 3, 4, 6, 7, 11, 12, 13, 16, 18, 17, 20, 21, 30, 32, 23, 22, 31, 24, 28, 15, 26, 33, 34, 35, 25, 37, 39, 41]",934.2
26,1788354628192914799,921600,95681,38,33,117.9,"[0.5, 31.2, 34.4, 34.7, 40.3, 40.3, 42.8, 44.6, 46.9, 49.6, 82.2, 85.5, 85.7, 87.3, 89.0, 89.2, 89.3, 91.0, 92.8, 93.2, 93.7, 94.3, 96.3, 96.4, 98.1, 100.0, 100.0, 101.7, 101.8, 103.5, 103.6, 116.1, 117.9]","['INSIDE', 'INSIDE', 'INSIDE', 'INSIDE', 'INSIDE', 'RAIL', 'RAIL', 'INSIDE', 'INSIDE', 'RAIL', 'INSIDE', 'OUTSIDE', 'OUTSIDE', 'OUTSIDE', 'INSIDE', 'OUTSIDE', 'INSIDE', 'INSIDE', 'NEAR', 'OUTSIDE', 'RAIL', 'NEAR', 'RAIL', 'INSIDE', 'OUTSIDE', 'OUTSIDE', 'INSIDE', 'INSIDE', 'NEAR', 'RAIL', 'RAIL', 'OUTSIDE', 'RAIL']","[[1.43, 2.27, 2.4], [1.04, 0.65, 1.88], [0.25, 0.12, 0.52], [0.28, 0.24, 0.41], [0.61, 0.86, 0.67], [1.4, 0.39, 0.62], [0.64, 0.38, 0.21], [1.62, 1.73, 0.09], [1.38, 0.88, 0.06], [0.13, 0.17, 0.14], [0.64, 3.99, 1.24], [0.27, 2.04, 0.17], [0.11, 0.93, 0.0], [0.15, 0.77, 0.0], [0.27, 3.3, 0.18], [0.06, 0.47, 0.0], [0.07, 0.49, 0.0], [0.69, 0.99, 0.0], [0.05, 0.84, 0.0], [0.07, 1.03, 0.0], [0.03, 1.22, 0.0], [0.3, 1.19, 0.0], [0.05, 0.62, 0.0], [0.2, 0.62, 0.0], [1.8, 1.44, 0.01], [1.53, 1.5, 0.01], [0.18, 1.01, 0.0], [0.21, 0.88, 0.0], [0.03, 1.07, 0.0], [0.06, 0.7, 0.0], [0.05, 1.24, 0.0], [0.06, 0.72, 0.0], [0.07, 1.08, 0.0]]","[1, 2, 9, 3, 4, 6, 7, 11, 12, 13, 16, 18, 17, 20, 21, 30, 32, 22, 31, 24, 28, 15, 26, 23, 33, 34, 35, 25, 40, 37, 39, 41, 45]",616.1
27,1788354628398010925,921600,95633,33,29,117.9,"[0.5, 31.2, 34.3, 40.1, 40.2, 42.7, 44.6, 46.9, 49.6, 82.9, 83.4, 85.5, 85.6, 87.3, 89.1, 89.3, 91.0, 92.7, 93.6, 96.3, 96.4, 98.0, 100.0, 100.0, 101.7, 101.9, 103.5, 116.1, 117.9]","['INSIDE', 'INSIDE', 'INSIDE', 'INSIDE', 'RAIL', 'RAIL', 'INSIDE', 'INSIDE', 'RAIL', 'INSIDE', 'OUTSIDE', 'OUTSIDE', 'OUTSIDE', 'OUTSIDE', 'INSIDE', 'INSIDE', 'INSIDE', 'OUTSIDE', 'OUTSIDE', 'OUTSIDE', 'OUTSIDE', 'RAIL', 'RAIL', 'INSIDE', 'INSIDE', 'OUTSIDE', 'RAIL', 'RAIL', 'OUTSIDE']","[[0.22, 0.12, 0.52], [0.99, 0.65, 1.67], [0.25, 0.24, 0.4], [0.65, 0.85, 0.67], [1.55, 0.44, 0.62], [0.67, 0.38, 0.21], [1.78, 1.72, 0.09], [1.3, 0.87, 0.06], [0.14, 0.17, 0.15], [1.99, 3.88, 1.24], [0.24, 1.89, 0.17], [0.33, 2.06, 0.17], [0.08, 1.09, 0.0], [0.19, 1.07, 0.0], [0.22, 3.14, 0.18], [0.15, 0.48, 0.0], [0.42, 0.78, 0.37], [1.93, 2.42, 0.19], [0.07, 0.84, 0.0], [0.18, 1.03, 0.0], [0.84, 0.74, 0.01], [0.05, 1.01, 0.0], [0.04, 0.62, 0.0], [0.05, 0.84, 0.0], [0.04, 0.87, 0.0], [0.06, 1.06, 0.0], [0.05, 0.7, 0.0], [0.04, 1.24, 0.0], [0.04, 0.9, 0.0]]","[9, 2, 3, 4, 6, 7, 11, 12, 13, 16, 18, 15, 17, 20, 21, 32, 23, 34, 31, 24, 19, 28, 26, 35, 25, 40, 37, 39, 41]",1091.5
28,1788354628593664598,921600,95586,36,31,117.9,"[0.5, 31.2, 34.3, 34.7, 40.2, 40.3, 42.8, 44.6, 46.9, 49.6, 82.9, 85.6, 85.6, 87.3, 89.1, 90.9, 92.8, 93.2, 93.7, 94.3, 96.3, 96.4, 98.0, 99.9, 100.0, 101.6, 101.8, 103.5, 103.6, 116.2, 117.9]","['INSIDE', 'INSIDE', 'INSIDE', 'INSIDE', 'INSIDE', 'RAIL', 'RAIL', 'INSIDE', 'INSIDE', 'RAIL', 'INSIDE', 'OUTSIDE', 'INSIDE', 'OUTSIDE', 'INSIDE', 'INSIDE', 'INSIDE', 'NEAR', 'OUTSIDE', 'RAIL', 'NEAR', 'RAIL', 'OUTSIDE', 'OUTSIDE', 'INSIDE', 'INSIDE', 'RAIL', 'RAIL', 'RAIL', 'OUTSIDE', 'RAIL']","[[1.4, 2.26, 2.4], [0.93, 0.66, 1.65], [0.24, 0.12, 0.52], [0.25, 0.24, 0.4], [0.59, 0.86, 0.67], [1.57, 0.44, 0.62], [0.63, 0.38, 0.21], [1.66, 1.73, 0.09], [1.39, 0.88, 0.06], [0.17, 0.15, 0.15], [2.03, 3.99, 1.24], [0.26, 2.04, 0.17], [0.53, 3.23, 0.37], [0.14, 0.92, 0.0], [0.18, 3.13, 0.18], [0.07, 0.49, 0.0], [0.65, 0.99, 0.0], [0.02, 0.84, 0.0], [0.22, 1.2, 0.0], [0.07, 1.02, 0.0], [0.08, 1.04, 0.0], [0.04, 0.82, 0.0], [1.8, 1.76, 0.01], [1.5, 1.5, 0.01], [0.17, 1.01, 0.0], [0.05, 0.7, 0.0], [0.23, 1.43, 0.29], [0.04, 0.52, 0.0], [0.02, 1.24, 0.0], [0.04, 0.72, 0.0], [0.11, 1.27, 0.0]]","[1, 2, 9, 3, 4, 6, 7, 11, 12, 13, 16, 18, 17, 20, 21, 32, 22, 31, 24, 28, 15, 26, 33, 34, 35, 25, 40, 37, 39, 41, 45]",911.1
29,1788354628799061996,921600,95692,35,31,117.9,"[0.5, 31.2, 34.4, 34.6, 36.2, 40.4, 42.8, 44.6, 46.9, 49.6, 82.8, 83.7, 85.5, 85.6, 87.3, 89.2, 91.0, 92.6, 93.6, 93.8, 96.3, 96.5, 98.0, 100.0, 100.0, 101.6, 101.8, 103.5, 103.6, 116.2, 117.9]","['INSIDE', 'INSIDE', 'INSIDE', 'INSIDE', 'RAIL', 'RAIL', 'INSIDE', 'INSIDE', 'INSIDE', 'RAIL', 'INSIDE', 'OUTSIDE', 'INSIDE', 'OUTSIDE', 'INSIDE', 'INSIDE', 'OUTSIDE', 'NEAR', 'OUTSIDE', 'OUTSIDE', 'RAIL', 'NEAR', 'RAIL', 'OUTSIDE', 'INSIDE', 'INSIDE', 'RAIL', 'RAIL', 'RAIL', 'OUTSIDE', 'RAIL']","[[1.19, 1.65, 2.39], [0.95, 0.65, 1.66], [0.27, 0.24, 0.4], [0.63, 0.86, 0.67], [1.4, 0.39, 0.62], [0.64, 0.38, 0.21], [1.68, 1.73, 0.09], [1.38, 0.88, 0.06], [4.1, 2.8, 0.25], [0.16, 0.17, 0.14], [2.0, 3.99, 1.24], [0.11, 2.34, 0.17], [0.27, 3.08, 0.18], [0.12, 0.77, 0.0], [0.25, 3.3, 0.18], [0.32, 0.65, 0.0], [1.99, 2.42, 0.19], [0.03, 1.01, 0.0], [0.19, 1.2, 0.0], [1.03, 1.16, 0.01], [0.07, 1.01, 0.0], [0.09, 1.04, 0.0], [0.03, 0.82, 0.0], [1.81, 1.44, 0.01], [0.29, 1.18, 0.0], [0.04, 0.7, 0.0], [0.26, 1.43, 0.29], [0.09, 0.7, 0.0], [0.04, 1.07, 0.0], [0.04, 1.08, 0.0], [0.12, 1.27, 0.0]]","[1, 2, 3, 4, 6, 7, 11, 12, 9, 13, 16, 18, 17, 20, 21, 32, 34, 31, 24, 19, 28, 15, 26, 33, 35, 25, 40, 37, 39, 41, 45]",1038.4
30,1788354629002680323,921600,95497,35,32,117.9,"[0.5, 31.3, 34.4, 34.6, 34.8, 40.4, 42.8, 44.6, 46.9, 49.6, 82.8, 83.6, 85.5, 85.6, 87.3, 89.0, 89.2, 91.0, 92.7, 93.5, 93.7, 96.3, 96.5, 98.1, 100.0, 100.1, 101.6, 101.8, 103.5, 103.6, 116.2, 117.9]","['INSIDE', 'INSIDE', 'INSIDE', 'INSIDE', 'RAIL', 'RAIL', 'INSIDE', 'INSIDE', 'INSIDE', 'RAIL', 'INSIDE', 'OUTSIDE', 'INSIDE', 'INSIDE', 'OUTSIDE', 'OUTSIDE', 'INSIDE', 'OUTSIDE', 'NEAR', 'OUTSIDE', 'OUTSIDE', 'RAIL', 'NEAR', 'RAIL', 'OUTSIDE', 'INSIDE', 'INSIDE', 'RAIL', 'RAIL', 'RAIL', 'OUTSIDE', 'RAIL']","[[1.16, 1.65, 2.39], [0.95, 0.65, 1.66], [0.27, 0.24, 0.41], [0.66, 0.86, 0.67], [1.4, 0.39, 0.62], [0.61, 0.38, 0.21], [1.68, 1.73, 0.09], [1.41, 1.18, 0.06], [1.28, 0.49, 0.08], [0.14, 0.16, 0.15], [1.96, 3.99, 1.24], [0.15, 2.34, 0.17], [0.31, 3.08, 0.18], [0.24, 3.13, 0.18], [0.08, 0.61, 0.0], [0.05, 0.47, 0.0], [0.29, 0.65, 0.0], [1.97, 2.42, 0.19], [0.03, 1.01, 0.0], [0.13, 1.2, 0.0], [0.96, 1.16, 0.01], [0.09, 1.02, 0.0], [0.1, 1.04, 0.0], [0.03, 0.82, 0.0], [1.9, 1.76, 0.01], [0.32, 1.18, 0.0], [0.09, 0.7, 0.0], [0.14, 1.05, 0.0], [0.28, 1.43, 0.29], [0.03, 1.07, 0.0], [0.06, 1.09, 0.0], [0.07, 1.27, 0.0]]","[1, 2, 3, 4, 6, 7, 11, 12, 9, 13, 16, 18, 17, 21, 20, 30, 32, 34, 31, 24, 19, 28, 15, 26, 33, 35, 25, 37, 40, 39, 41, 45]",754.3
31,1788354629200948241,921600,95597,37,33,117.9,"[0.5, 31.2, 34.3, 40.3, 40.3, 42.8, 44.6, 46.9, 49.6, 82.8, 85.5, 85.7, 87.3, 89.0, 89.2, 89.3, 91.0, 92.8, 93.2, 93.7, 94.3, 96.3, 96.4, 98.1, 100.0, 100.1, 101.7, 101.8, 103.5, 103.6, 109.0, 116.2, 117.9]","['INSIDE', 'INSIDE', 'INSIDE', 'INSIDE', 'RAIL', 'RAIL', 'INSIDE', 'INSIDE', 'RAIL', 'INSIDE', 'OUTSIDE', 'OUTSIDE', 'OUTSIDE', 'INSIDE', 'OUTSIDE', 'INSIDE', 'INSIDE', 'NEAR', 'OUTSIDE', 'RAIL', 'NEAR', 'RAIL', 'INSIDE', 'OUTSIDE', 'OUTSIDE', 'INSIDE', 'INSIDE', 'RAIL', 'NEAR', 'RAIL', 'OUTSIDE', 'RAIL', 'RAIL']","[[0.95, 0.65, 1.75], [0.25, 0.12, 0.52], [0.26, 0.24, 0.4], [0.56, 0.86, 0.67], [1.57, 0.44, 0.62], [0.67, 0.38, 0.21], [1.66, 1.73, 0.09], [1.4, 0.88, 0.06], [0.11, 0.15, 0.14], [1.98, 3.99, 1.24], [0.24, 2.04, 0.17], [0.13, 0.93, 0.0], [0.09, 0.76, 0.0], [0.27, 3.3, 0.18], [0.06, 0.47, 0.0], [0.08, 0.49, 0.0], [0.69, 0.99, 0.0], [0.03, 0.84, 0.0], [0.04, 1.03, 0.0], [0.09, 1.02, 0.0], [0.26, 1.19, 0.0], [0.04, 0.62, 0.0], [0.13, 0.62, 0.0], [1.83, 1.76, 0.01], [1.48, 1.5, 0.01], [0.17, 1.01, 0.0], [0.07, 0.7, 0.0], [0.09, 1.05, 0.0], [0.03, 1.07, 0.0], [0.05, 1.24, 0.0], [0.04, 0.72, 0.0], [0.08, 1.27, 0.0], [0.07, 0.76, 0.0]]","[2, 11, 3, 4, 6, 7, 12, 51, 13, 16, 18, 17, 20, 21, 30, 32, 22, 31, 24, 28, 15, 26, 23, 33, 34, 35, 25, 37, 40, 39, 41, 45, 44]",988.6
32,1788354629398569181,921600,95665,37,34,117.9,"[0.5, 31.2, 34.3, 40.3, 42.8, 44.6, 46.9, 49.6, 82.2, 85.5, 85.6, 87.3, 88.9, 89.2, 89.3, 91.0, 92.8, 93.2, 93.7, 94.3, 96.3, 96.4, 98.1, 100.0, 100.0, 101.7, 101.9, 103.5, 103.6, 108.9, 109.0, 114.4, 116.1, 117.9]","['INSIDE', 'INSIDE', 'INSIDE', 'RAIL', 'RAIL', 'INSIDE', 'INSIDE', 'RAIL', 'INSIDE', 'OUTSIDE', 'OUTSIDE', 'OUTSIDE', 'INSIDE', 'OUTSIDE', 'INSIDE', 'INSIDE', 'OUTSIDE', 'OUTSIDE', 'RAIL', 'RAIL', 'RAIL', 'NEAR', 'RAIL', 'INSIDE', 'OUTSIDE', 'OUTSIDE', 'INSIDE', 'INSIDE', 'RAIL', 'NEAR', 'RAIL', 'OUTSIDE', 'RAIL', 'RAIL']","[[0.97, 0.65, 1.75], [0.26, 0.24, 0.4], [0.55, 0.86, 0.67], [1.57, 0.44, 0.62], [0.64, 0.38, 0.21], [1.65, 1.73, 0.09], [1.38, 0.88, 0.06], [0.16, 0.16, 0.16], [0.64, 3.99, 1.24], [0.18, 2.04, 0.17], [0.13, 0.93, 0.0], [0.09, 0.76, 0.0], [0.3, 3.3, 0.18], [0.33, 0.63, 0.0], [0.07, 0.49, 0.0], [0.64, 0.99, 0.0], [0.03, 1.01, 0.0], [0.06, 1.03, 0.0], [0.06, 0.95, 0.0], [0.03, 0.6, 0.0], [0.08, 1.02, 0.0], [0.06, 1.04, 0.0], [0.03, 0.62, 0.0], [0.18, 0.62, 0.0], [1.81, 1.44, 0.01], [1.39, 1.5, 0.01], [0.17, 1.01, 0.0], [0.05, 0.7, 0.0], [0.05, 1.05, 0.0], [0.02, 1.07, 0.0], [0.06, 1.24, 0.0], [0.08, 0.9, 0.0], [0.12, 1.27, 0.0], [0.05, 0.76, 0.0]]","[2, 3, 4, 6, 7, 12, 51, 13, 16, 18, 17, 20, 21, 30, 32, 22, 31, 24, 49, 48, 28, 15, 26, 23, 33, 34, 35, 25, 37, 40, 39, 41, 45, 44]",922.0
33,1788354629592190996,921600,95532,37,35,117.9,"[0.5, 31.2, 34.3, 40.2, 40.3, 42.7, 44.6, 46.9, 49.6, 82.8, 83.4, 85.5, 85.7, 87.3, 89.0, 89.2, 89.3, 91.0, 92.8, 93.2, 93.7, 94.3, 96.3, 96.4, 98.1, 98.2, 100.0, 100.1, 101.7, 101.8, 103.5, 103.7, 114.4, 116.1, 117.9]","['INSIDE', 'INSIDE', 'INSIDE', 'INSIDE', 'RAIL', 'RAIL', 'INSIDE', 'INSIDE', 'RAIL', 'INSIDE', 'OUTSIDE', 'OUTSIDE', 'OUTSIDE', 'INSIDE', 'OUTSIDE', 'INSIDE', 'INSIDE', 'NEAR', 'OUTSIDE', 'OUTSIDE', 'RAIL', 'RAIL', 'NEAR', 'RAIL', 'INSIDE', 'OUTSIDE', 'OUTSIDE', 'INSIDE', 'INSIDE', 'INSIDE', 'OUTSIDE', 'RAIL', 'RAIL', 'OUTSIDE', 'RAIL']","[[0.97, 0.65, 1.75], [0.27, 0.12, 0.52], [0.27, 0.24, 0.4], [0.53, 0.86, 0.67], [1.53, 0.44, 0.62], [0.7, 0.38, 0.21], [1.63, 1.73, 0.09], [1.38, 0.88, 0.06], [0.12, 0.17, 0.14], [1.97, 3.99, 1.24], [0.27, 2.04, 0.17], [0.13, 0.93, 0.0], [0.07, 0.92, 0.0], [0.27, 3.3, 0.18], [0.08, 0.47, 0.0], [0.08, 0.49, 0.0], [0.7, 0.99, 0.0], [0.03, 0.84, 0.0], [0.07, 1.03, 0.0], [0.7, 1.47, 0.01], [0.02, 0.6, 0.0], [0.04, 1.01, 0.0], [0.22, 1.19, 0.0], [0.03, 0.62, 0.0], [0.17, 0.62, 0.0], [1.83, 1.76, 0.01], [1.45, 1.5, 0.01], [0.15, 1.01, 0.0], [0.13, 1.2, 0.0], [0.17, 0.87, 0.0], [0.04, 0.89, 0.0], [0.04, 0.7, 0.0], [0.03, 1.24, 0.0], [0.02, 0.72, 0.0], [0.17, 1.27, 0.0]]","[2, 11, 3, 4, 6, 7, 12, 51, 13, 16, 18, 17, 20, 21, 30, 32, 22, 31, 24, 19, 48, 28, 15, 26, 23, 33, 34, 35, 38, 25, 40, 37, 39, 41, 45]",1060.7
34,1788354629798360526,921600,95521,38,37,117.9,"[0.5, 31.2, 34.4, 34.6, 36.2, 40.4, 42.8, 44.6, 46.9, 49.6, 82.8, 83.6, 85.5, 85.6, 87.3, 87.3, 89.1, 89.3, 91.0, 92.8, 93.3, 93.7, 94.3, 96.3, 96.5, 98.0, 100.0, 100.0, 101.7, 101.9, 103.5, 103.6, 108.9, 109.0, 114.4, 116.2, 117.9]","['INSIDE', 'INSIDE', 'INSIDE', 'INSIDE', 'RAIL', 'RAIL', 'INSIDE', 'INSIDE', 'INSIDE', 'RAIL', 'INSIDE', 'OUTSIDE', 'OUTSIDE', 'OUTSIDE', 'INSIDE', 'INSIDE', 'INSIDE', 'INSIDE', 'NEAR', 'OUTSIDE', 'RAIL', 'OUTSIDE', 'RAIL', 'RAIL', 'NEAR', 'RAIL', 'INSIDE', 'OUTSIDE', 'OUTSIDE', 'INSIDE', 'INSIDE', 'RAIL', 'NEAR', 'RAIL', 'OUTSIDE', 'RAIL', 'RAIL']","[[1.15, 1.65, 2.39], [0.98, 0.61, 1.75], [0.26, 0.24, 0.4], [0.57, 0.86, 0.67], [1.41, 0.39, 0.62], [0.65, 0.38, 0.21], [1.7, 1.73, 0.09], [1.4, 0.88, 0.06], [4.11, 2.8, 0.25], [0.13, 0.16, 0.13], [1.98, 3.99, 1.24], [0.29, 2.34, 0.17], [0.15, 1.09, 0.0], [0.12, 0.92, 0.0], [0.26, 2.98, 0.18], [0.08, 0.49, 0.0], [0.45, 0.62, 0.18], [0.66, 0.99, 0.0], [0.03, 0.84, 0.0], [0.18, 1.2, 0.0], [0.07, 1.14, 0.0], [0.94, 1.16, 0.01], [0.03, 0.6, 0.0], [0.09, 1.02, 0.0], [0.07, 1.04, 0.0], [0.04, 0.82, 0.0], [0.26, 1.42, 0.61], [1.84, 1.76, 0.01], [1.45, 1.5, 0.01], [0.26, 1.01, 0.0], [0.05, 0.7, 0.0], [0.06, 1.05, 0.0], [0.02, 1.07, 0.0], [0.15, 1.24, 0.0], [0.05, 0.72, 0.0], [0.08, 1.27, 0.0], [0.04, 0.76, 0.0]]","[1, 2, 3, 4, 6, 7, 12, 51, 9, 13, 16, 18, 17, 20, 21, 32, 23, 22, 31, 24, 49, 19, 48, 28, 15, 26, 53, 33, 34, 35, 25, 37, 40, 39, 41, 45, 44]",817.5
35,1788354629994818410,921600,95690,33,30,117.9,"[0.5, 31.2, 34.3, 40.3, 42.7, 44.6, 46.9, 49.6, 82.8, 83.7, 85.6, 85.6, 87.3, 89.1, 89.2, 90.9, 92.8, 93.3, 93.7, 94.3, 96.3, 96.4, 98.1, 100.0, 100.1, 101.9, 103.5, 114.4, 116.1, 117.9]","['INSIDE', 'INSIDE', 'INSIDE', 'RAIL', 'RAIL', 'INSIDE', 'INSIDE', 'RAIL', 'INSIDE', 'OUTSIDE', 'OUTSIDE', 'OUTSIDE', 'INSIDE', 'INSIDE', 'INSIDE', 'OUTSIDE', 'OUTSIDE', 'OUTSIDE', 'RAIL', 'RAIL', 'NEAR', 'RAIL', 'INSIDE', 'OUTSIDE', 'OUTSIDE', 'INSIDE', 'INSIDE', 'RAIL', 'RAIL', 'OUTSIDE']","[[0.99, 0.66, 1.76], [0.27, 0.24, 0.4], [0.54, 0.77, 0.67], [1.58, 0.44, 0.62], [0.7, 0.38, 0.21], [1.61, 1.73, 0.09], [1.36, 0.88, 0.06], [0.14, 0.16, 0.14], [1.98, 3.99, 1.24], [0.3, 2.04, 0.17], [0.09, 0.93, 0.0], [0.07, 0.92, 0.0], [0.3, 3.3, 0.18], [0.07, 0.49, 0.0], [0.67, 0.99, 0.0], [0.08, 1.01, 0.0], [0.07, 1.03, 0.0], [1.07, 1.3, 0.01], [0.01, 0.6, 0.0], [0.05, 0.81, 0.0], [0.2, 1.19, 0.0], [0.03, 0.62, 0.0], [0.14, 0.62, 0.0], [1.76, 1.44, 0.01], [1.24, 1.17, 0.01], [0.14, 1.01, 0.0], [0.12, 0.87, 0.0], [0.03, 0.7, 0.0], [0.06, 1.24, 0.0], [0.07, 0.91, 0.0]]","[2, 3, 4, 6, 7, 12, 51, 13, 16, 18, 17, 20, 21, 32, 22, 31, 24, 19, 48, 28, 15, 26, 23, 33, 34, 35, 25, 37, 39, 41]",995.7
36,1788354630194133820,921600,95531,39,35,117.9,"[0.5, 31.2, 34.4, 40.3, 42.8, 44.6, 46.9, 49.6, 82.8, 83.4, 85.6, 85.7, 87.3, 89.0, 89.2, 89.3, 91.0, 92.8, 93.2, 93.7, 94.3, 96.3, 96.4, 98.1, 99.9, 100.0, 101.7, 101.8, 103.5, 103.6, 109.0, 111.3, 114.4, 116.1, 117.9]","['INSIDE', 'INSIDE', 'INSIDE', 'RAIL', 'RAIL', 'INSIDE', 'INSIDE', 'RAIL', 'INSIDE', 'OUTSIDE', 'OUTSIDE', 'OUTSIDE', 'INSIDE', 'OUTSIDE', 'INSIDE', 'INSIDE', 'NEAR', 'OUTSIDE', 'RAIL', 'OUTSIDE', 'RAIL', 'OUTSIDE', 'RAIL', 'RAIL', 'NEAR', 'RAIL', 'INSIDE', 'OUTSIDE', 'OUTSIDE', 'INSIDE', 'RAIL', 'NEAR', 'RAIL', 'OUTSIDE', 'RAIL']","[[0.97, 0.65, 1.66], [0.26, 0.24, 0.4], [0.59, 0.86, 0.67], [1.39, 0.39, 0.62], [0.65, 0.38, 0.21], [1.61, 1.73, 0.09], [1.37, 1.18, 0.06], [0.1, 0.17, 0.14], [1.98, 3.99, 1.24], [0.35, 2.04, 0.17], [0.13, 0.93, 0.0], [0.12, 0.92, 0.0], [0.27, 3.3, 0.18], [0.06, 0.47, 0.0], [0.08, 0.49, 0.0], [0.7, 0.99, 0.0], [0.05, 0.84, 0.0], [0.04, 1.03, 0.0], [0.04, 0.95, 0.0], [0.44, 2.24, 0.21], [1.21, 0.97, 0.0], [0.74, 1.18, 0.01], [0.06, 0.6, 0.0], [0.04, 1.01, 0.0], [0.21, 1.19, 0.0], [0.02, 0.62, 0.0], [0.19, 0.62, 0.0], [1.84, 1.76, 0.01], [1.49, 1.5, 0.01], [0.18, 1.01, 0.0], [0.05, 1.05, 0.0], [0.02, 1.07, 0.0], [0.02, 1.24, 0.0], [0.04, 0.9, 0.0], [0.15, 1.27, 0.0]]","[2, 3, 4, 6, 7, 12, 51, 13, 16, 18, 17, 20, 21, 30, 32, 22, 31, 24, 49, 25, 44, 19, 48, 28, 15, 26, 23, 33, 34, 35, 37, 40, 39, 41, 45]",775.6
37,1788354630394940789,921600,95570,35,32,117.9,"[0.5, 31.3, 33.0, 34.4, 34.5, 38.1, 40.3, 42.1, 44.6, 47.0, 49.6, 82.2, 83.8, 85.5, 85.6, 87.3, 87.3, 89.0, 89.1, 91.0, 93.7, 96.4, 98.0, 99.9, 100.0, 101.8, 101.8, 103.5, 103.7, 109.0, 116.2, 117.9]","['INSIDE', 'INSIDE', 'INSIDE', 'INSIDE', 'RAIL', 'RAIL', 'RAIL', 'OUTSIDE', 'INSIDE', 'INSIDE', 'RAIL', 'INSIDE', 'INSIDE', 'OUTSIDE', 'INSIDE', 'OUTSIDE', 'INSIDE', 'OUTSIDE', 'INSIDE', 'INSIDE', 'OUTSIDE', 'RAIL', 'OUTSIDE', 'RAIL', 'OUTSIDE', 'RAIL', 'INSIDE', 'RAIL', 'NEAR', 'RAIL', 'OUTSIDE', 'RAIL']","[[1.17, 2.14, 2.39], [1.01, 0.62, 1.65], [0.24, 0.24, 0.4], [0.61, 0.77, 0.67], [0.24, 0.08, 0.25], [1.4, 0.39, 0.69], [0.58, 0.39, 0.21], [1.07, 1.68, 0.61], [1.02, 1.71, 0.05], [1.36, 1.58, 0.07], [0.15, 0.16, 0.14], [0.64, 4.28, 1.24], [0.51, 3.02, 0.39], [0.13, 2.49, 0.17], [0.45, 3.08, 0.37], [0.11, 1.07, 0.0], [0.3, 3.29, 0.18], [0.08, 0.62, 0.0], [2.01, 5.33, 0.39], [0.21, 3.17, 0.2], [0.21, 1.2, 0.0], [0.04, 0.95, 0.0], [0.36, 2.24, 0.21], [0.05, 1.01, 0.0], [0.05, 0.9, 0.0], [0.03, 0.82, 0.0], [0.26, 1.57, 0.61], [0.03, 0.87, 0.0], [0.13, 1.07, 0.0], [0.05, 1.07, 0.0], [0.1, 1.09, 0.0], [0.14, 1.27, 0.0]]","[1, 2, 3, 4, 12, 6, 7, 9, 11, 51, 13, 16, 29, 18, 17, 20, 21, 30, 22, 35, 24, 49, 25, 28, 15, 26, 53, 37, 40, 39, 41, 45]",900.6
38,1788354630591626858,921600,95667,39,34,117.9,"[0.5, 31.3, 33.0, 34.4, 34.6, 38.0, 38.0, 44.6, 46.1, 47.0, 49.6, 82.9, 85.5, 85.6, 87.3, 87.3, 89.0, 89.2, 91.0, 93.5, 93.7, 96.3, 96.4, 98.1, 98.2, 99.8, 100.0, 100.1, 101.8, 101.9, 103.6, 105.4, 116.2, 117.9]","['INSIDE', 'INSIDE', 'INSIDE', 'INSIDE', 'RAIL', 'RAIL', 'OUTSIDE', 'INSIDE', 'INSIDE', 'INSIDE', 'RAIL', 'INSIDE', 'OUTSIDE', 'INSIDE', 'OUTSIDE', 'INSIDE', 'OUTSIDE', 'INSIDE', 'INSIDE', 'OUTSIDE', 'OUTSIDE', 'RAIL', 'NEAR', 'RAIL', 'INSIDE', 'OUTSIDE', 'INSIDE', 'INSIDE', 'INSIDE', 'NEAR', 'RAIL', 'RAIL', 'RAIL', 'RAIL']","[[1.2, 2.14, 2.39], [0.99, 0.62, 1.65], [0.24, 0.24, 0.4], [0.65, 1.11, 0.67], [1.39, 0.39, 0.69], [0.58, 0.39, 0.21], [1.04, 1.69, 0.61], [1.08, 0.64, 0.06], [0.22, 0.93, 0.01], [0.76, 0.82, 0.03], [0.12, 0.16, 0.14], [2.17, 4.28, 1.24], [0.21, 2.19, 0.17], [0.37, 3.08, 0.18], [0.16, 1.07, 0.0], [0.26, 3.29, 0.18], [0.06, 0.47, 0.0], [2.01, 3.89, 0.2], [0.04, 1.01, 0.0], [0.18, 1.2, 0.0], [0.15, 0.53, 0.0], [0.07, 1.01, 0.0], [0.08, 1.04, 0.0], [0.07, 1.03, 0.0], [0.27, 1.72, 0.61], [1.88, 1.67, 0.01], [0.04, 1.01, 0.0], [0.05, 0.51, 0.0], [0.04, 0.52, 0.0], [0.09, 1.07, 0.0], [0.13, 0.87, 0.0], [0.03, 0.89, 0.0], [0.06, 1.27, 0.0], [0.03, 1.1, 0.0]]","[1, 2, 3, 4, 6, 7, 9, 11, 51, 12, 13, 16, 18, 17, 20, 21, 30, 32, 31, 24, 25, 28, 15, 26, 53, 34, 35, 38, 40, 41, 37, 39, 45, 49]",862.9
39,1788354630797650350,921600,95565,38,33,117.9,"[0.5, 31.3, 34.4, 34.7, 44.6, 45.9, 46.9, 49.6, 82.2, 83.5, 83.7, 85.5, 85.6, 87.3, 89.2, 91.0, 92.7, 93.2, 93.8, 94.3, 96.3, 96.5, 98.1, 100.0, 100.1, 101.8, 101.8, 103.7, 109.0, 109.0, 114.4, 116.2, 117.9]","['INSIDE', 'INSIDE', 'INSIDE', 'INSIDE', 'RAIL', 'RAIL', 'INSIDE', 'RAIL', 'INSIDE', 'INSIDE', 'OUTSIDE', 'INSIDE', 'OUTSIDE', 'INSIDE', 'INSIDE', 'INSIDE', 'NEAR', 'OUTSIDE', 'RAIL', 'OUTSIDE', 'RAIL', 'RAIL', 'NEAR', 'RAIL', 'OUTSIDE', 'OUTSIDE', 'INSIDE', 'INSIDE', 'NEAR', 'RAIL', 'RAIL', 'RAIL', 'RAIL']","[[1.47, 2.27, 2.4], [0.98, 0.59, 1.66], [0.26, 0.24, 0.4], [0.6, 0.86, 0.67], [1.38, 0.39, 0.62], [0.61, 0.38, 0.21], [0.63, 0.82, 0.03], [0.12, 0.17, 0.14], [0.64, 4.14, 1.24], [0.28, 3.17, 0.16], [0.13, 2.34, 0.17], [0.33, 3.23, 0.18], [0.14, 1.07, 0.0], [0.25, 3.3, 0.18], [0.27, 0.65, 0.0], [0.63, 0.83, 0.0], [0.03, 1.01, 0.0], [0.13, 1.2, 0.0], [0.04, 0.95, 0.0], [0.65, 1.04, 0.01], [0.08, 0.6, 0.0], [0.08, 1.01, 0.0], [0.09, 1.04, 0.0], [0.04, 0.62, 0.0], [1.85, 1.44, 0.01], [1.41, 1.5, 0.01], [0.23, 1.18, 0.0], [0.06, 0.7, 0.0], [0.09, 1.07, 0.0], [0.11, 0.7, 0.0], [0.03, 1.07, 0.0], [0.22, 1.45, 0.0], [0.06, 0.76, 0.0]]","[1, 2, 3, 4, 6, 7, 12, 13, 16, 29, 18, 17, 20, 21, 32, 22, 31, 24, 44, 19, 48, 28, 15, 26, 33, 34, 35, 40, 41, 37, 39, 45, 49]",756.4
40,1788354631000213390,921600,95568,37,34,117.9,"[0.5, 31.2, 34.4, 34.7, 44.6, 45.9, 46.9, 49.6, 82.8, 83.5, 85.5, 85.6, 87.2, 87.3, 89.0, 89.1, 90.9, 92.6, 93.2, 93.7, 94.2, 96.3, 96.5, 98.0, 100.0, 100.0, 101.6, 101.9, 103.7, 108.9, 109.0, 114.4, 116.2, 117.9]","['INSIDE', 'INSIDE', 'INSIDE', 'INSIDE', 'RAIL', 'RAIL', 'INSIDE', 'RAIL', 'INSIDE', 'OUTSIDE', 'OUTSIDE', 'INSIDE', 'OUTSIDE', 'INSIDE', 'OUTSIDE', 'INSIDE', 'INSIDE', 'OUTSIDE', 'OUTSIDE', 'RAIL', 'RAIL', 'RAIL', 'NEAR', 'RAIL', 'INSIDE', 'OUTSIDE', 'OUTSIDE', 'INSIDE', 'INSIDE', 'RAIL', 'RAIL', 'RAIL', 'RAIL', 'RAIL']","[[1.44, 2.27, 2.4], [1.0, 0.6, 1.88], [0.26, 0.24, 0.4], [0.6, 0.86, 0.34], [1.39, 0.39, 0.62], [0.62, 0.38, 0.21], [0.61, 0.81, 0.03], [0.15, 0.17, 0.15], [1.99, 3.99, 1.24], [0.34, 0.74, 0.0], [0.22, 2.34, 0.17], [0.43, 3.08, 0.37], [0.09, 0.76, 0.0], [0.21, 3.14, 0.18], [0.06, 0.47, 0.0], [0.33, 0.65, 0.0], [0.61, 0.83, 0.0], [0.1, 1.01, 0.0], [0.22, 1.2, 0.0], [0.09, 1.14, 0.0], [0.03, 0.6, 0.0], [0.07, 1.01, 0.0], [0.08, 1.04, 0.0], [0.03, 0.82, 0.0], [0.4, 1.57, 0.61], [1.86, 1.76, 0.01], [1.39, 1.5, 0.01], [0.22, 1.01, 0.0], [0.05, 0.7, 0.0], [0.21, 1.43, 0.29], [0.08, 0.7, 0.0], [0.06, 1.24, 0.0], [0.14, 1.27, 0.0], [0.06, 0.57, 0.0]]","[1, 2, 3, 4, 6, 7, 12, 13, 16, 29, 18, 17, 20, 21, 30, 32, 22, 31, 24, 44, 48, 28, 15, 26, 53, 33, 34, 35, 40, 41, 37, 39, 45, 49]",771.7
41,1788354631208720604,921600,95571,39,34,117.9,"[0.5, 31.3, 34.4, 34.7, 40.4, 44.6, 45.9, 46.9, 49.6, 82.9, 83.5, 85.5, 85.6, 87.2, 87.3, 89.2, 91.0, 92.8, 93.2, 93.7, 94.3, 96.3, 96.5, 98.1, 100.0, 100.1, 101.7, 101.9, 103.6, 109.0, 109.0, 114.4, 116.2, 117.9]","['INSIDE', 'INSIDE', 'INSIDE', 'INSIDE', 'RAIL', 'RAIL', 'INSIDE', 'INSIDE', 'RAIL', 'INSIDE', 'OUTSIDE', 'INSIDE', 'OUTSIDE', 'INSIDE', 'INSIDE', 'INSIDE', 'NEAR', 'OUTSIDE', 'RAIL', 'OUTSIDE', 'RAIL', 'RAIL', 'NEAR', 'RAIL', 'INSIDE', 'OUTSIDE', 'OUTSIDE', 'INSIDE', 'INSIDE', 'RAIL', 'NEAR', 'RAIL', 'RAIL', 'RAIL']","[[1.44, 2.26, 2.4], [0.97, 0.61, 1.75], [0.24, 0.24, 0.4], [0.6, 0.86, 0.67], [1.38, 0.39, 0.62], [0.56, 0.38, 0.21], [1.7, 1.73, 0.09], [0.66, 0.82, 0.03], [0.18, 0.17, 0.14], [1.98, 3.99, 1.24], [0.2, 2.34, 0.17], [0.28, 3.23, 0.18], [0.11, 1.07, 0.0], [0.3, 3.3, 0.18], [0.06, 0.49, 0.0], [0.63, 0.99, 0.0], [0.12, 1.18, 0.0], [0.15, 1.2, 0.0], [0.03, 0.95, 0.0], [0.68, 1.18, 0.01], [0.1, 0.6, 0.0], [0.06, 1.01, 0.0], [0.11, 1.04, 0.0], [0.04, 0.82, 0.0], [0.27, 1.42, 0.61], [1.78, 1.44, 0.01], [1.43, 1.5, 0.01], [0.27, 1.01, 0.0], [0.1, 0.7, 0.0], [0.08, 1.05, 0.0], [0.03, 1.07, 0.0], [0.09, 1.24, 0.0], [0.06, 1.27, 0.0], [0.03, 0.76, 0.0]]","[1, 2, 3, 4, 6, 7, 51, 12, 13, 16, 18, 17, 20, 21, 32, 22, 31, 24, 44, 19, 48, 28, 15, 26, 53, 33, 34, 35, 40, 37, 41, 39, 45, 49]",999.3
42,1788354631413160101,921600,95545,35,33,117.9,"[0.5, 31.3, 34.4, 34.7, 40.4, 44.6, 45.9, 46.9, 49.6, 82.2, 83.5, 85.5, 85.6, 87.2, 87.3, 89.1, 91.0, 92.8, 93.2, 93.8, 94.3, 96.3, 96.4, 98.0, 99.9, 100.0, 101.7, 101.9, 103.7, 108.9, 109.0, 116.2, 117.9]","['INSIDE', 'INSIDE', 'INSIDE', 'INSIDE', 'RAIL', 'RAIL', 'INSIDE', 'INSIDE', 'RAIL', 'INSIDE', 'OUTSIDE', 'INSIDE', 'OUTSIDE', 'INSIDE', 'INSIDE', 'INSIDE', 'NEAR', 'OUTSIDE', 'RAIL', 'OUTSIDE', 'RAIL', 'NEAR', 'RAIL', 'INSIDE', 'OUTSIDE', 'OUTSIDE', 'INSIDE', 'INSIDE', 'RAIL', 'NEAR', 'RAIL', 'RAIL', 'RAIL']","[[1.42, 2.26, 2.4], [1.02, 0.61, 1.88], [0.26, 0.24, 0.4], [0.59, 0.86, 0.67], [1.38, 0.39, 0.62], [0.6, 0.38, 0.21], [1.67, 1.73, 0.09], [0.65, 0.82, 0.03], [0.14, 0.17, 0.14], [0.63, 3.99, 1.24], [0.26, 2.34, 0.17], [0.52, 3.08, 0.37], [0.11, 0.92, 0.0], [0.31, 3.3, 0.18], [0.07, 0.49, 0.0], [0.62, 0.83, 0.0], [0.06, 1.01, 0.0], [0.2, 1.2, 0.0], [0.02, 0.95, 0.0], [0.67, 1.18, 0.01], [0.03, 1.01, 0.0], [0.07, 1.04, 0.0], [0.05, 0.82, 0.0], [0.28, 1.42, 0.61], [1.78, 1.44, 0.01], [1.49, 1.5, 0.01], [0.07, 0.84, 0.0], [0.05, 0.7, 0.0], [0.08, 1.05, 0.0], [0.04, 1.07, 0.0], [0.05, 1.24, 0.0], [0.15, 1.27, 0.0], [0.07, 0.76, 0.0]]","[1, 2, 3, 4, 6, 7, 51, 12, 13, 16, 18, 17, 20, 21, 32, 22, 31, 24, 44, 19, 28, 15, 26, 53, 33, 34, 35, 40, 37, 41, 39, 45, 49]",681.9
43,1788354631589843246,921600,95513,33,31,117.9,"[0.5, 31.2, 34.3, 34.7, 40.3, 44.6, 45.9, 46.9, 49.6, 81.9, 85.5, 85.7, 87.2, 87.3, 89.0, 89.2, 91.0, 92.8, 93.2, 93.7, 94.3, 96.3, 96.4, 98.1, 100.0, 100.0, 101.9, 103.6, 114.4, 116.2, 117.9]","['INSIDE', 'INSIDE', 'INSIDE', 'INSIDE', 'RAIL', 'RAIL', 'INSIDE', 'INSIDE', 'RAIL', 'INSIDE', 'OUTSIDE', 'INSIDE', 'OUTSIDE', 'INSIDE', 'OUTSIDE', 'INSIDE', 'INSIDE', 'OUTSIDE', 'OUTSIDE', 'RAIL', 'RAIL', 'NEAR', 'RAIL', 'INSIDE', 'OUTSIDE', 'OUTSIDE', 'INSIDE', 'INSIDE', 'RAIL', 'RAIL', 'RAIL']","[[1.39, 2.26, 2.4], [0.99, 0.66, 1.66], [0.26, 0.24, 0.4], [0.58, 0.86, 0.67], [1.54, 0.44, 0.62], [0.63, 0.38, 0.21], [1.64, 1.73, 0.09], [0.62, 0.82, 0.03], [0.18, 0.18, 0.15], [0.05, 0.43, 0.0], [0.26, 2.04, 0.17], [0.26, 3.23, 0.18], [0.1, 1.07, 0.0], [0.22, 3.3, 0.18], [0.07, 0.47, 0.0], [0.07, 0.49, 0.0], [0.67, 0.99, 0.0], [0.04, 1.01, 0.0], [0.06, 1.03, 0.0], [0.02, 0.6, 0.0], [0.07, 1.02, 0.0], [0.24, 1.19, 0.0], [0.02, 0.62, 0.0], [0.28, 1.42, 0.61], [1.84, 1.76, 0.01], [1.48, 1.5, 0.01], [0.17, 1.01, 0.0], [0.07, 0.7, 0.0], [0.08, 1.05, 0.0], [0.04, 1.24, 0.0], [0.1, 1.27, 0.0]]","[1, 2, 3, 4, 6, 7, 51, 12, 13, 16, 18, 17, 20, 21, 30, 32, 22, 31, 24, 48, 28, 15, 26, 53, 33, 34, 35, 40, 37, 39, 45]",893.5
44,1788354631793435594,921600,95575,34,32,117.9,"[0.5, 31.3, 34.4, 34.7, 44.6, 45.9, 46.9, 49.6, 82.8, 83.6, 85.5, 85.6, 87.3, 89.0, 89.1, 90.9, 93.3, 93.6, 94.2, 96.3, 96.5, 98.0, 100.0, 100.1, 101.7, 101.8, 103.6, 108.9, 109.0, 114.4, 116.2, 117.9]","['INSIDE', 'INSIDE', 'INSIDE', 'INSIDE', 'RAIL', 'RAIL', 'INSIDE', 'RAIL', 'INSIDE', 'OUTSIDE', 'INSIDE', 'OUTSIDE', 'INSIDE', 'OUTSIDE', 'INSIDE', 'INSIDE', 'NEAR', 'OUTSIDE', 'RAIL', 'OUTSIDE', 'RAIL', 'RAIL', 'NEAR', 'RAIL', 'OUTSIDE', 'INSIDE', 'INSIDE', 'NEAR', 'RAIL', 'RAIL', 'RAIL', 'RAIL']","[[1.45, 2.27, 2.4], [0.96, 0.59, 1.66], [0.26, 0.24, 0.4], [0.62, 0.86, 0.67], [1.38, 0.39, 0.62], [0.62, 0.39, 0.21], [0.67, 0.82, 0.03], [0.19, 0.16, 0.15], [1.98, 3.99, 1.24], [0.21, 2.04, 0.17], [0.47, 3.23, 0.37], [0.1, 1.07, 0.0], [0.25, 3.29, 0.18], [0.06, 0.62, 0.0], [2.16, 2.25, 0.19], [0.55, 0.83, 0.0], [0.05, 1.01, 0.0], [0.25, 1.2, 0.0], [0.02, 0.95, 0.0], [0.9, 1.16, 0.01], [0.06, 0.6, 0.0], [0.08, 1.02, 0.0], [0.08, 1.04, 0.0], [0.04, 0.82, 0.0], [1.35, 1.5, 0.01], [0.23, 1.01, 0.0], [0.05, 0.7, 0.0], [0.03, 1.07, 0.0], [0.09, 0.7, 0.0], [0.04, 1.07, 0.0], [0.09, 1.45, 0.0], [0.07, 0.76, 0.0]]","[1, 2, 3, 4, 6, 7, 12, 13, 29, 18, 17, 20, 21, 30, 33, 22, 31, 24, 44, 19, 48, 28, 15, 26, 34, 35, 40, 41, 37, 39, 45, 49]",916.6
45,1788354631996829041,921600,95567,40,34,117.9,"[0.5, 31.3, 34.4, 34.7, 42.1, 44.6, 46.0, 46.9, 49.6, 82.0, 82.9, 83.6, 85.5, 85.6, 87.3, 89.0, 89.1, 90.9, 92.7, 93.6, 93.8, 96.3, 96.5, 98.1, 100.0, 100.1, 101.7, 101.8, 103.6, 105.4, 109.0, 114.4, 116.2, 117.9]","['INSIDE', 'INSIDE', 'INSIDE', 'INSIDE', 'RAIL', 'RAIL', 'RAIL', 'INSIDE', 'RAIL', 'INSIDE', 'OUTSIDE', 'INSIDE', 'OUTSIDE', 'INSIDE', 'OUTSIDE', 'INSIDE', 'OUTSIDE', 'INSIDE', 'OUTSIDE', 'NEAR', 'OUTSIDE', 'RAIL', 'RAIL', 'RAIL', 'NEAR', 'RAIL', 'OUTSIDE', 'INSIDE', 'INSIDE', 'NEAR', 'RAIL', 'RAIL', 'RAIL', 'RAIL']","[[1.43, 2.27, 2.4], [0.97, 0.62, 1.66], [0.26, 0.24, 0.4], [0.65, 0.86, 0.67], [0.22, 0.08, 0.25], [1.41, 0.39, 0.62], [0.61, 0.38, 0.21], [0.66, 0.82, 0.03], [0.14, 0.17, 0.14], [1.99, 3.43, 1.24], [0.37, 0.74, 0.0], [0.06, 0.57, 0.0], [0.17, 2.34, 0.17], [0.45, 3.08, 0.18], [0.09, 0.92, 0.0], [0.25, 3.29, 0.18], [0.05, 0.62, 0.0], [0.24, 0.65, 0.0], [1.93, 2.42, 0.19], [0.03, 1.01, 0.0], [0.14, 1.2, 0.0], [0.04, 0.95, 0.0], [0.04, 0.6, 0.0], [0.05, 1.01, 0.0], [0.09, 1.04, 0.0], [0.02, 0.82, 0.0], [1.83, 1.44, 0.01], [0.29, 1.18, 0.0], [0.05, 0.7, 0.0], [0.04, 1.07, 0.0], [0.06, 0.52, 0.0], [0.02, 1.07, 0.0], [0.11, 1.27, 0.0], [0.03, 0.92, 0.0]]","[1, 2, 3, 4, 51, 6, 7, 12, 13, 29, 18, 16, 20, 17, 30, 21, 23, 32, 34, 31, 24, 44, 48, 28, 15, 26, 33, 35, 40, 41, 37, 39, 45, 49]",934.0
46,1788354632195572255,921600,95565,37,32,117.9,"[0.5, 31.3, 34.4, 34.5, 34.8, 44.6, 45.9, 46.9, 49.6, 83.0, 85.5, 85.6, 87.3, 87.4, 89.2, 89.3, 91.0, 92.8, 93.2, 93.7, 94.2, 96.4, 96.4, 98.1, 98.2, 99.9, 100.0, 101.9, 103.6, 109.0, 116.2, 117.9]","['INSIDE', 'INSIDE', 'INSIDE', 'INSIDE', 'RAIL', 'RAIL', 'INSIDE', 'INSIDE', 'RAIL', 'INSIDE', 'OUTSIDE', 'INSIDE', 'OUTSIDE', 'OUTSIDE', 'INSIDE', 'INSIDE', 'INSIDE', 'OUTSIDE', 'OUTSIDE', 'RAIL', 'OUTSIDE', 'RAIL', 'NEAR', 'RAIL', 'INSIDE', 'OUTSIDE', 'OUTSIDE', 'INSIDE', 'INSIDE', 'RAIL', 'RAIL', 'RAIL']","[[1.16, 1.65, 2.39], [0.97, 0.61, 1.75], [0.26, 0.24, 0.4], [0.57, 0.86, 0.67], [1.41, 0.39, 0.62], [0.62, 0.38, 0.21], [1.26, 0.49, 0.08], [0.61, 0.81, 0.03], [0.15, 0.17, 0.14], [2.32, 5.85, 1.24], [0.26, 2.34, 0.17], [0.52, 3.22, 0.61], [0.16, 1.09, 0.0], [0.1, 0.92, 0.0], [0.26, 3.3, 0.18], [0.05, 0.49, 0.0], [0.61, 0.83, 0.0], [0.1, 1.01, 0.0], [0.06, 1.03, 0.0], [0.02, 0.95, 0.0], [0.43, 2.24, 0.21], [0.05, 1.01, 0.0], [0.09, 1.04, 0.0], [0.02, 0.62, 0.0], [0.17, 0.62, 0.0], [1.86, 1.76, 0.01], [1.49, 1.5, 0.01], [0.15, 1.01, 0.0], [0.11, 1.2, 0.0], [0.04, 1.05, 0.0], [0.09, 1.24, 0.0], [0.08, 1.08, 0.0]]","[1, 2, 3, 4, 6, 7, 9, 12, 13, 29, 20, 53, 17, 30, 21, 32, 22, 31, 24, 44, 40, 28, 15, 26, 23, 33, 34, 35, 38, 37, 39, 45]",615.4
47,1788354632396441589,921600,95593,34,30,117.9,"[0.5, 31.3, 34.4, 44.6, 45.9, 46.9, 49.6, 82.8, 83.4, 85.5, 85.6, 87.3, 87.3, 89.1, 89.2, 90.9, 93.2, 94.3, 96.3, 96.5, 98.0, 100.0, 100.0, 101.6, 101.8, 103.6, 109.0, 114.4, 116.1, 117.9]","['INSIDE', 'INSIDE', 'INSIDE', 'RAIL', 'RAIL', 'INSIDE', 'RAIL', 'INSIDE', 'OUTSIDE', 'OUTSIDE', 'OUTSIDE', 'INSIDE', 'INSIDE', 'NEAR', 'OUTSIDE', 'RAIL', 'OUTSIDE', 'RAIL', 'RAIL', 'NEAR', 'RAIL', 'INSIDE', 'INSIDE', 'OUTSIDE', 'INSIDE', 'INSIDE', 'RAIL', 'RAIL', 'RAIL', 'RAIL']","[[0.99, 0.65, 1.66], [0.26, 0.24, 0.4], [0.57, 0.86, 0.67], [1.4, 0.39, 0.62], [0.62, 0.39, 0.21], [0.63, 0.82, 0.03], [0.14, 0.17, 0.14], [1.96, 3.99, 1.24], [0.2, 2.34, 0.17], [0.05, 0.93, 0.0], [0.16, 1.07, 0.0], [0.2, 3.14, 0.18], [0.61, 0.83, 0.0], [0.03, 1.01, 0.0], [0.17, 1.2, 0.0], [0.04, 0.95, 0.0], [0.71, 1.18, 0.01], [0.03, 0.6, 0.0], [0.07, 1.01, 0.0], [0.09, 1.04, 0.0], [0.03, 0.82, 0.0], [0.23, 1.42, 0.61], [0.41, 0.62, 0.37], [1.51, 1.5, 0.01], [0.23, 1.01, 0.0], [0.04, 0.7, 0.0], [0.09, 0.87, 0.0], [0.23, 1.43, 0.29], [0.04, 1.24, 0.0], [0.1, 1.27, 0.0]]","[2, 3, 4, 6, 7, 12, 13, 29, 20, 17, 30, 21, 22, 31, 24, 44, 19, 48, 28, 15, 26, 53, 23, 34, 35, 40, 37, 41, 39, 45]",548.5
48,1788354632592468237,921600,95605,38,33,117.9,"[0.5, 31.2, 34.3, 34.7, 44.6, 45.9, 46.9, 49.6, 82.8, 85.5, 85.7, 87.3, 87.4, 88.9, 89.1, 89.3, 91.0, 92.8, 93.2, 93.7, 94.3, 96.3, 96.4, 98.0, 99.9, 100.1, 101.6, 101.9, 103.6, 109.0, 114.4, 116.1, 117.9]","['INSIDE', 'INSIDE', 'INSIDE', 'INSIDE', 'RAIL', 'RAIL', 'INSIDE', 'RAIL', 'INSIDE', 'OUTSIDE', 'INSIDE', 'OUTSIDE', 'OUTSIDE', 'INSIDE', 'OUTSIDE', 'INSIDE', 'INSIDE', 'OUTSIDE', 'OUTSIDE', 'RAIL', 'OUTSIDE', 'RAIL', 'RAIL', 'NEAR', 'RAIL', 'INSIDE', 'OUTSIDE', 'OUTSIDE', 'INSIDE', 'RAIL', 'RAIL', 'RAIL', 'RAIL']","[[1.39, 2.27, 2.4], [0.98, 0.65, 1.66], [0.27, 0.24, 0.4], [0.59, 0.86, 0.67], [1.53, 0.44, 0.62], [0.64, 0.38, 0.21], [0.64, 0.82, 0.03], [0.14, 0.15, 0.14], [1.97, 3.99, 1.24], [0.24, 1.89, 0.17], [0.46, 3.22, 0.61], [0.13, 0.93, 0.0], [0.12, 0.92, 0.0], [0.29, 3.13, 0.18], [0.31, 0.63, 0.0], [0.07, 0.49, 0.0], [0.63, 0.99, 0.0], [0.07, 1.01, 0.0], [0.21, 1.2, 0.0], [0.02, 0.95, 0.0], [0.46, 2.24, 0.21], [0.02, 0.6, 0.0], [0.06, 1.22, 0.0], [0.2, 1.19, 0.0], [0.01, 0.62, 0.0], [0.39, 0.62, 0.37], [1.81, 1.44, 0.01], [1.53, 1.5, 0.01], [0.15, 1.01, 0.0], [0.25, 1.43, 0.29], [0.03, 0.7, 0.0], [0.06, 1.24, 0.0], [0.05, 1.27, 0.0]]","[1, 2, 3, 4, 6, 7, 12, 13, 29, 20, 53, 17, 30, 21, 23, 32, 22, 31, 24, 44, 40, 48, 28, 15, 26, 34, 33, 35, 38, 41, 37, 39, 45]",508.3
49,1788354632794511920,921600,95454,36,33,117.9,"[0.4, 31.3, 34.4, 34.7, 40.3, 44.6, 45.9, 46.9, 49.6, 82.2, 83.6, 85.5, 85.6, 87.3, 87.3, 89.1, 90.9, 92.8, 93.2, 93.7, 94.3, 96.3, 96.5, 98.1, 99.9, 100.0, 101.7, 101.9, 103.6, 109.0, 114.4, 116.2, 117.9]","['INSIDE', 'INSIDE', 'INSIDE', 'INSIDE', 'RAIL', 'RAIL', 'INSIDE', 'INSIDE', 'RAIL', 'INSIDE', 'INSIDE', 'OUTSIDE', 'INSIDE', 'INSIDE', 'OUTSIDE', 'INSIDE', 'INSIDE', 'NEAR', 'OUTSIDE', 'RAIL', 'RAIL', 'RAIL', 'NEAR', 'RAIL', 'INSIDE', 'OUTSIDE', 'OUTSIDE', 'INSIDE', 'INSIDE', 'RAIL', 'NEAR', 'RAIL', 'RAIL']","[[1.39, 2.27, 2.4], [0.99, 0.65, 1.75], [0.26, 0.24, 0.4], [0.56, 0.86, 0.67], [1.39, 0.39, 0.62], [0.62, 0.38, 0.21], [1.63, 1.73, 0.09], [0.61, 0.81, 0.03], [0.18, 0.17, 0.15], [0.64, 3.99, 1.24], [0.41, 3.17, 0.16], [0.26, 2.34, 0.17], [0.45, 3.23, 0.37], [0.32, 3.45, 0.18], [0.14, 0.77, 0.0], [0.07, 0.49, 0.0], [0.69, 0.99, 0.0], [0.02, 1.01, 0.0], [0.07, 1.03, 0.0], [0.04, 0.95, 0.0], [0.01, 0.6, 0.0], [0.06, 1.01, 0.0], [0.07, 1.04, 0.0], [0.02, 0.62, 0.0], [0.23, 1.42, 0.61], [1.87, 1.76, 0.01], [1.5, 1.5, 0.01], [0.25, 1.01, 0.0], [0.05, 0.7, 0.0], [0.06, 1.05, 0.0], [0.04, 1.07, 0.0], [0.08, 1.24, 0.0], [0.08, 1.08, 0.0]]","[1, 2, 3, 4, 6, 7, 54, 12, 13, 29, 18, 20, 17, 21, 30, 32, 22, 31, 24, 44, 48, 28, 15, 26, 53, 33, 35, 38, 40, 37, 41, 39, 45]",1362.5
50,1788354633005622029,921600,95612,38,35,117.9,"[0.5, 31.2, 34.3, 40.3, 42.8, 44.6, 45.9, 46.9, 49.6, 82.8, 85.5, 85.6, 87.3, 87.3, 89.0, 89.2, 89.3, 90.9, 92.8, 93.2, 93.7, 94.3, 96.3, 96.4, 98.0, 99.9, 100.0, 101.6, 101.8, 103.5, 103.6, 109.0, 114.4, 116.1, 117.9]","['INSIDE', 'INSIDE', 'INSIDE', 'INSIDE', 'RAIL', 'RAIL', 'INSIDE', 'INSIDE', 'RAIL', 'INSIDE', 'OUTSIDE', 'OUTSIDE', 'OUTSIDE', 'INSIDE', 'OUTSIDE', 'INSIDE', 'INSIDE', 'NEAR', 'OUTSIDE', 'RAIL', 'OUTSIDE', 'RAIL', 'RAIL', 'NEAR', 'RAIL', 'INSIDE', 'INSIDE', 'OUTSIDE', 'OUTSIDE', 'INSIDE', 'RAIL', 'RAIL', 'RAIL', 'OUTSIDE', 'RAIL']","[[0.97, 0.65, 1.66], [0.26, 0.12, 0.52], [0.27, 0.24, 0.41], [0.59, 0.86, 0.67], [1.56, 0.44, 0.62], [0.64, 0.38, 0.21], [1.38, 0.88, 0.06], [0.63, 0.81, 0.03], [0.1, 0.16, 0.13], [1.97, 3.99, 1.24], [0.23, 2.04, 0.17], [0.13, 0.93, 0.0], [0.1, 0.92, 0.0], [0.23, 3.14, 0.18], [0.09, 0.62, 0.0], [0.06, 0.49, 0.0], [0.69, 0.99, 0.0], [0.03, 0.84, 0.0], [0.2, 1.2, 0.0], [0.06, 0.95, 0.0], [0.46, 2.24, 0.21], [0.09, 0.6, 0.0], [0.04, 1.01, 0.0], [0.05, 1.05, 0.0], [0.02, 0.62, 0.0], [0.25, 1.42, 0.61], [0.22, 0.62, 0.0], [1.79, 1.44, 0.01], [1.48, 1.5, 0.01], [0.15, 1.01, 0.0], [0.09, 1.05, 0.0], [0.21, 1.43, 0.29], [0.03, 1.24, 0.0], [0.05, 0.72, 0.0], [0.13, 1.27, 0.0]]","[2, 54, 3, 4, 6, 7, 12, 51, 13, 29, 20, 17, 30, 21, 23, 32, 22, 31, 24, 44, 40, 48, 28, 15, 26, 53, 34, 33, 35, 38, 37, 41, 39, 57, 45]",920.6
51,1788354633200899337,921600,95539,36,35,116.1,"[0.5, 31.2, 34.4, 40.3, 40.3, 42.8, 44.6, 45.9, 46.9, 49.6, 82.8, 83.6, 85.5, 85.7, 87.2, 87.3, 89.1, 89.2, 90.9, 92.6, 93.2, 93.7, 94.3, 96.3, 96.4, 98.0, 99.9, 100.0, 101.7, 101.8, 103.5, 103.6, 109.0, 114.4, 116.1]","['INSIDE', 'INSIDE', 'INSIDE', 'INSIDE', 'RAIL', 'RAIL', 'INSIDE', 'INSIDE', 'INSIDE', 'RAIL', 'INSIDE', 'OUTSIDE', 'OUTSIDE', 'OUTSIDE', 'INSIDE', 'INSIDE', 'INSIDE', 'OUTSIDE', 'OUTSIDE', 'RAIL', 'OUTSIDE', 'OUTSIDE', 'RAIL', 'RAIL', 'NEAR', 'INSIDE', 'INSIDE', 'OUTSIDE', 'OUTSIDE', 'INSIDE', 'RAIL', 'OUTSIDE', 'RAIL', 'OUTSIDE', 'RAIL']","[[0.98, 0.59, 1.75], [0.23, 0.12, 0.52], [0.24, 0.24, 0.4], [0.58, 0.86, 0.67], [1.39, 0.39, 0.62], [0.62, 0.38, 0.21], [1.63, 1.73, 0.09], [1.38, 0.88, 0.06], [0.62, 0.81, 0.03], [0.16, 0.16, 0.14], [1.96, 3.99, 1.24], [0.27, 2.04, 0.17], [0.02, 0.78, 0.0], [0.14, 1.07, 0.0], [0.26, 3.3, 0.18], [0.38, 0.64, 0.0], [0.71, 0.83, 0.0], [0.05, 1.01, 0.0], [0.23, 1.2, 0.0], [0.04, 1.14, 0.0], [0.44, 2.24, 0.21], [0.93, 1.16, 0.01], [0.04, 0.6, 0.0], [0.04, 1.01, 0.0], [0.25, 1.19, 0.0], [0.25, 1.42, 0.61], [0.47, 0.62, 0.37], [1.82, 1.76, 0.01], [1.48, 1.5, 0.01], [0.21, 1.01, 0.0], [0.11, 1.05, 0.0], [0.04, 0.89, 0.0], [0.03, 1.07, 0.0], [0.03, 0.72, 0.0], [0.1, 1.27, 0.0]]","[2, 54, 3, 4, 6, 7, 58, 12, 51, 13, 29, 20, 17, 30, 21, 32, 22, 31, 24, 44, 40, 19, 48, 28, 15, 53, 34, 33, 35, 38, 37, 41, 39, 57, 45]",780.6
52,1788354633404356991,921600,95573,40,39,117.9,"[0.5, 31.3, 34.4, 34.5, 34.8, 40.3, 40.4, 42.8, 44.6, 45.9, 46.9, 49.6, 82.2, 83.6, 83.7, 85.5, 85.6, 87.2, 87.3, 89.0, 89.2, 91.0, 92.7, 93.2, 93.8, 94.3, 96.3, 96.5, 98.1, 100.0, 100.0, 101.7, 101.8, 103.5, 103.6, 109.0, 114.4, 116.2, 117.9]","['INSIDE', 'INSIDE', 'INSIDE', 'INSIDE', 'INSIDE', 'RAIL', 'RAIL', 'INSIDE', 'INSIDE', 'INSIDE', 'INSIDE', 'RAIL', 'INSIDE', 'INSIDE', 'OUTSIDE', 'INSIDE', 'OUTSIDE', 'INSIDE', 'OUTSIDE', 'INSIDE', 'INSIDE', 'NEAR', 'OUTSIDE', 'RAIL', 'OUTSIDE', 'RAIL', 'RAIL', 'NEAR', 'RAIL', 'INSIDE', 'OUTSIDE', 'OUTSIDE', 'INSIDE', 'INSIDE', 'RAIL', 'NEAR', 'RAIL', 'OUTSIDE', 'RAIL']","[[1.16, 1.65, 2.39], [0.99, 0.65, 1.66], [0.25, 0.12, 0.52], [0.24, 0.24, 0.4], [0.57, 0.86, 0.67], [1.4, 0.39, 0.62], [0.57, 0.38, 0.21], [1.67, 1.73, 0.09], [1.39, 0.88, 0.06], [1.28, 0.49, 0.08], [0.63, 0.82, 0.03], [0.11, 0.16, 0.14], [0.63, 3.99, 1.24], [0.33, 3.17, 0.39], [0.15, 2.34, 0.17], [0.36, 3.23, 0.18], [0.15, 1.07, 0.0], [0.31, 3.3, 0.18], [0.06, 0.47, 0.0], [0.3, 0.65, 0.0], [0.67, 0.99, 0.0], [0.04, 1.01, 0.0], [0.15, 1.2, 0.0], [0.04, 0.95, 0.0], [0.92, 1.16, 0.01], [0.01, 0.6, 0.0], [0.06, 1.01, 0.0], [0.1, 1.04, 0.0], [0.04, 0.82, 0.0], [0.28, 1.42, 0.61], [1.84, 1.44, 0.01], [1.41, 1.5, 0.01], [0.22, 1.01, 0.0], [0.07, 0.7, 0.0], [0.08, 1.05, 0.0], [0.02, 1.07, 0.0], [0.04, 1.07, 0.0], [0.04, 0.72, 0.0], [0.13, 1.45, 0.0]]","[1, 2, 54, 3, 4, 6, 7, 58, 12, 9, 51, 13, 29, 18, 20, 17, 30, 21, 23, 32, 22, 31, 24, 44, 19, 48, 28, 15, 26, 53, 33, 35, 38, 40, 37, 41, 39, 57, 45]",585.3
53,1788354633602082651,921600,95626,41,38,117.9,"[0.5, 30.0, 31.2, 34.3, 34.7, 40.3, 42.8, 44.6, 45.9, 46.9, 49.6, 82.8, 83.6, 85.5, 85.6, 87.3, 87.3, 88.9, 89.0, 89.3, 91.0, 92.8, 93.2, 93.7, 94.3, 96.4, 98.1, 98.2, 99.9, 100.1, 101.7, 101.8, 103.5, 103.6, 109.0, 114.4, 116.2, 117.9]","['INSIDE', 'INSIDE', 'INSIDE', 'INSIDE', 'RAIL', 'RAIL', 'RAIL', 'INSIDE', 'INSIDE', 'INSIDE', 'RAIL', 'INSIDE', 'OUTSIDE', 'OUTSIDE', 'OUTSIDE', 'INSIDE', 'OUTSIDE', 'INSIDE', 'INSIDE', 'INSIDE', 'OUTSIDE', 'RAIL', 'OUTSIDE', 'OUTSIDE', 'RAIL', 'RAIL', 'NEAR', 'RAIL', 'INSIDE', 'INSIDE', 'OUTSIDE', 'OUTSIDE', 'INSIDE', 'RAIL', 'OUTSIDE', 'RAIL', 'OUTSIDE', 'RAIL']","[[1.39, 2.27, 2.4], [1.01, 0.65, 1.88], [0.24, 0.24, 0.4], [0.57, 0.86, 0.67], [1.56, 0.44, 0.62], [0.64, 0.38, 0.21], [0.17, 0.25, 0.2], [1.63, 1.73, 0.09], [1.37, 0.88, 0.06], [0.65, 0.82, 0.03], [0.15, 0.16, 0.14], [1.96, 3.99, 1.24], [0.28, 2.34, 0.17], [0.14, 0.93, 0.0], [0.11, 0.92, 0.0], [0.36, 3.3, 0.18], [0.35, 0.63, 0.0], [0.07, 0.49, 0.0], [0.71, 0.99, 0.0], [0.23, 3.34, 0.2], [0.05, 1.03, 0.0], [0.11, 1.14, 0.0], [0.39, 2.24, 0.21], [0.98, 1.16, 0.01], [0.05, 0.6, 0.0], [0.1, 1.02, 0.0], [0.06, 1.04, 0.0], [0.03, 0.62, 0.0], [0.26, 1.42, 0.61], [0.36, 0.62, 0.37], [1.81, 1.76, 0.01], [1.51, 1.5, 0.01], [0.13, 1.2, 0.0], [0.07, 1.05, 0.0], [0.04, 0.89, 0.0], [0.03, 1.24, 0.0], [0.06, 0.9, 0.0], [0.15, 1.27, 0.0]]","[1, 2, 3, 4, 6, 7, 9, 58, 12, 51, 13, 29, 20, 17, 30, 21, 23, 32, 22, 31, 24, 44, 40, 19, 48, 28, 15, 26, 53, 34, 33, 35, 38, 37, 41, 39, 57, 45]",425.5
54,1788354633796711774,921600,95573,35,35,117.9,"[0.5, 31.2, 34.3, 40.3, 42.8, 44.6, 45.8, 46.9, 49.6, 82.9, 83.7, 85.5, 85.6, 87.3, 87.3, 89.1, 89.3, 90.9, 92.7, 93.3, 93.7, 94.2, 96.3, 96.4, 98.1, 98.2, 100.0, 100.0, 101.6, 101.9, 103.5, 103.6, 114.4, 116.2, 117.9]","['INSIDE', 'INSIDE', 'INSIDE', 'RAIL', 'RAIL', 'INSIDE', 'INSIDE', 'INSIDE', 'RAIL', 'INSIDE', 'OUTSIDE', 'INSIDE', 'OUTSIDE', 'OUTSIDE', 'INSIDE', 'INSIDE', 'INSIDE', 'OUTSIDE', 'OUTSIDE', 'OUTSIDE', 'RAIL', 'RAIL', 'NEAR', 'RAIL', 'INSIDE', 'OUTSIDE', 'OUTSIDE', 'INSIDE', 'INSIDE', 'INSIDE', 'RAIL', 'RAIL', 'RAIL', 'OUTSIDE', 'RAIL']","[[1.02, 0.65, 1.88], [0.25, 0.24, 0.4], [0.53, 0.86, 0.67], [1.57, 0.44, 0.62], [0.6, 0.38, 0.21], [1.62, 1.73, 0.09], [1.36, 0.88, 0.06], [0.61, 0.81, 0.03], [0.15, 0.17, 0.14], [2.22, 3.99, 1.24], [0.18, 2.04, 0.17], [0.47, 2.91, 0.61], [0.08, 0.93, 0.0], [0.13, 1.07, 0.0], [0.27, 3.3, 0.18], [0.07, 0.49, 0.0], [0.66, 0.99, 0.0], [0.05, 1.01, 0.0], [0.05, 1.03, 0.0], [1.11, 1.47, 0.01], [0.02, 0.6, 0.0], [0.06, 1.22, 0.0], [0.19, 1.19, 0.0], [0.04, 0.62, 0.0], [0.29, 0.62, 0.37], [1.79, 1.44, 0.01], [1.36, 1.34, 0.01], [0.1, 1.01, 0.0], [0.07, 1.2, 0.0], [0.12, 0.87, 0.0], [0.02, 1.05, 0.0], [0.24, 1.43, 0.29], [0.07, 1.24, 0.0], [0.07, 0.9, 0.0], [0.1, 1.27, 0.0]]","[2, 3, 4, 6, 7, 58, 12, 51, 13, 29, 20, 53, 17, 30, 21, 32, 22, 31, 24, 19, 48, 28, 15, 26, 34, 33, 35, 38, 40, 41, 37, 57, 39, 45, 49]",1309.2
55,1788354633993749966,921600,95541,37,35,117.9,"[0.5, 30.0, 31.2, 34.3, 40.3, 42.7, 44.6, 45.9, 46.9, 49.6, 82.8, 85.5, 85.6, 87.3, 87.3, 89.0, 89.0, 89.3, 91.0, 92.7, 93.2, 93.7, 94.3, 96.3, 96.4, 98.1, 100.0, 100.0, 101.7, 101.8, 103.5, 109.0, 114.4, 116.2, 117.9]","['INSIDE', 'INSIDE', 'INSIDE', 'RAIL', 'RAIL', 'RAIL', 'INSIDE', 'INSIDE', 'INSIDE', 'RAIL', 'INSIDE', 'OUTSIDE', 'INSIDE', 'OUTSIDE', 'OUTSIDE', 'INSIDE', 'OUTSIDE', 'INSIDE', 'INSIDE', 'OUTSIDE', 'OUTSIDE', 'RAIL', 'RAIL', 'RAIL', 'NEAR', 'RAIL', 'INSIDE', 'OUTSIDE', 'OUTSIDE', 'INSIDE', 'INSIDE', 'RAIL', 'OUTSIDE', 'RAIL', 'OUTSIDE']","[[0.98, 0.59, 1.66], [0.26, 0.24, 0.4], [0.53, 0.86, 0.67], [1.56, 0.44, 0.62], [0.66, 0.38, 0.21], [0.19, 0.25, 0.2], [1.63, 1.73, 0.09], [1.37, 0.88, 0.06], [0.62, 0.81, 0.03], [0.17, 0.16, 0.15], [2.01, 3.99, 1.24], [0.13, 2.04, 0.17], [0.47, 3.22, 0.61], [0.14, 0.93, 0.0], [0.12, 1.07, 0.0], [0.33, 3.29, 0.18], [0.05, 0.47, 0.0], [0.08, 0.49, 0.0], [0.67, 0.99, 0.0], [0.02, 1.01, 0.0], [0.1, 1.03, 0.0], [0.04, 0.95, 0.0], [0.03, 0.6, 0.0], [0.08, 1.02, 0.0], [0.21, 1.19, 0.0], [0.03, 0.62, 0.0], [0.37, 0.62, 0.37], [1.85, 1.76, 0.01], [1.36, 1.33, 0.01], [0.08, 1.01, 0.0], [0.1, 0.87, 0.0], [0.09, 1.05, 0.0], [0.03, 1.07, 0.0], [0.06, 1.24, 0.0], [0.06, 0.9, 0.0]]","[2, 3, 4, 6, 7, 9, 58, 12, 51, 13, 29, 20, 53, 17, 30, 21, 23, 32, 22, 31, 24, 44, 48, 28, 15, 26, 34, 33, 35, 38, 41, 37, 57, 39, 45]",410.1
56,1788354634193330157,921600,95588,38,38,117.9,"[0.5, 30.0, 31.2, 34.3, 34.5, 40.3, 42.8, 44.6, 45.9, 46.9, 49.6, 82.8, 83.9, 85.5, 85.6, 87.3, 87.4, 88.9, 89.1, 89.3, 91.0, 92.8, 93.2, 93.7, 94.3, 96.3, 96.4, 98.1, 98.2, 99.9, 100.0, 101.7, 101.8, 103.5, 103.6, 114.4, 116.2, 117.9]","['INSIDE', 'INSIDE', 'INSIDE', 'INSIDE', 'RAIL', 'RAIL', 'RAIL', 'INSIDE', 'INSIDE', 'INSIDE', 'RAIL', 'INSIDE', 'OUTSIDE', 'INSIDE', 'OUTSIDE', 'OUTSIDE', 'INSIDE', 'OUTSIDE', 'INSIDE', 'INSIDE', 'INSIDE', 'OUTSIDE', 'OUTSIDE', 'OUTSIDE', 'OUTSIDE', 'RAIL', 'RAIL', 'NEAR', 'RAIL', 'OUTSIDE', 'OUTSIDE', 'INSIDE', 'INSIDE', 'OUTSIDE', 'RAIL', 'RAIL', 'OUTSIDE', 'RAIL']","[[1.13, 2.14, 2.38], [0.99, 0.65, 1.75], [0.24, 0.24, 0.4], [0.54, 0.86, 0.67], [1.56, 0.44, 0.62], [0.67, 0.38, 0.21], [0.17, 0.25, 0.2], [1.58, 1.72, 0.08], [1.38, 0.88, 0.06], [0.63, 0.81, 0.03], [0.14, 0.16, 0.15], [1.99, 3.99, 1.24], [0.24, 2.04, 0.17], [0.49, 3.22, 0.61], [0.17, 0.93, 0.0], [0.11, 0.92, 0.0], [0.36, 3.3, 0.18], [0.3, 0.63, 0.0], [0.06, 0.49, 0.0], [0.38, 0.62, 0.18], [0.67, 0.99, 0.0], [0.05, 1.01, 0.0], [0.06, 1.03, 0.0], [0.37, 2.24, 0.21], [0.61, 1.31, 0.0], [0.02, 0.6, 0.0], [0.07, 1.02, 0.0], [0.21, 1.19, 0.0], [0.03, 0.62, 0.0], [1.82, 1.76, 0.01], [1.38, 1.34, 0.01], [0.11, 1.01, 0.0], [0.12, 1.2, 0.0], [0.05, 1.07, 0.0], [0.1, 0.7, 0.0], [0.02, 1.24, 0.0], [0.04, 0.9, 0.0], [0.11, 1.27, 0.0]]","[1, 2, 3, 4, 6, 7, 9, 58, 12, 51, 13, 29, 20, 53, 17, 30, 21, 23, 32, 34, 22, 31, 24, 41, 19, 48, 28, 15, 26, 33, 35, 38, 40, 57, 37, 39, 45, 49]",492.6
57,1788354634396724683,921600,95657,37,35,117.9,"[0.5, 30.0, 31.2, 34.3, 40.3, 42.7, 44.6, 45.8, 46.9, 49.5, 82.2, 83.7, 83.7, 85.5, 85.6, 87.3, 87.3, 89.0, 89.1, 89.3, 90.9, 92.7, 93.2, 93.8, 94.2, 96.3, 96.4, 98.1, 99.9, 100.0, 101.7, 101.9, 103.5, 116.2, 117.9]","['INSIDE', 'INSIDE', 'INSIDE', 'RAIL', 'RAIL', 'RAIL', 'INSIDE', 'INSIDE', 'INSIDE', 'RAIL', 'INSIDE', 'OUTSIDE', 'OUTSIDE', 'INSIDE', 'OUTSIDE', 'OUTSIDE', 'INSIDE', 'OUTSIDE', 'INSIDE', 'INSIDE', 'OUTSIDE', 'OUTSIDE', 'OUTSIDE', 'RAIL', 'NEAR', 'RAIL', 'INSIDE', 'OUTSIDE', 'OUTSIDE', 'INSIDE', 'INSIDE', 'OUTSIDE', 'RAIL', 'RAIL', 'OUTSIDE']","[[0.98, 0.65, 1.75], [0.26, 0.24, 0.4], [0.53, 0.86, 0.67], [1.55, 0.44, 0.62], [0.67, 0.38, 0.21], [0.2, 0.25, 0.2], [1.66, 1.73, 0.09], [1.35, 0.88, 0.06], [0.58, 0.81, 0.03], [0.19, 0.16, 0.15], [0.68, 3.99, 1.24], [0.36, 2.15, 0.16], [0.2, 2.04, 0.17], [0.51, 3.22, 0.61], [0.07, 0.93, 0.0], [0.15, 0.77, 0.0], [0.33, 3.3, 0.18], [0.05, 0.47, 0.0], [0.11, 0.49, 0.0], [0.69, 0.99, 0.0], [0.04, 1.01, 0.0], [0.07, 1.03, 0.0], [0.92, 1.3, 0.01], [0.04, 1.01, 0.0], [0.17, 1.19, 0.0], [0.01, 0.62, 0.0], [0.3, 0.62, 0.37], [1.94, 1.93, 0.01], [1.42, 1.34, 0.01], [0.06, 1.01, 0.0], [0.07, 0.87, 0.0], [0.06, 1.07, 0.0], [0.04, 0.7, 0.0], [0.1, 1.24, 0.0], [0.03, 0.9, 0.0]]","[2, 3, 4, 6, 7, 9, 58, 12, 51, 13, 29, 18, 20, 53, 17, 30, 21, 23, 32, 22, 31, 24, 19, 28, 15, 26, 34, 33, 35, 38, 41, 57, 37, 39, 45]",1051.7
58,1788354634593919922,921600,95535,39,37,117.9,"[0.5, 30.0, 31.2, 34.3, 40.3, 42.7, 44.6, 45.8, 46.9, 49.5, 82.2, 83.4, 83.7, 85.5, 85.6, 87.3, 87.4, 89.0, 89.1, 89.3, 91.0, 92.7, 93.2, 93.7, 94.2, 96.3, 96.4, 98.1, 100.0, 100.0, 101.7, 101.9, 103.5, 103.6, 114.4, 116.1, 117.9]","['INSIDE', 'INSIDE', 'INSIDE', 'RAIL', 'RAIL', 'RAIL', 'INSIDE', 'INSIDE', 'INSIDE', 'RAIL', 'INSIDE', 'OUTSIDE', 'OUTSIDE', 'INSIDE', 'OUTSIDE', 'OUTSIDE', 'INSIDE', 'OUTSIDE', 'INSIDE', 'INSIDE', 'OUTSIDE', 'OUTSIDE', 'OUTSIDE', 'RAIL', 'RAIL', 'NEAR', 'RAIL', 'INSIDE', 'OUTSIDE', 'OUTSIDE', 'INSIDE', 'INSIDE', 'OUTSIDE', 'RAIL', 'RAIL', 'OUTSIDE', 'RAIL']","[[0.99, 0.59, 1.75], [0.25, 0.24, 0.4], [0.5, 0.86, 0.67], [1.54, 0.44, 0.62], [0.67, 0.39, 0.21], [0.18, 0.25, 0.2], [1.63, 1.73, 0.09], [1.39, 0.88, 0.06], [0.6, 0.81, 0.03], [0.13, 0.16, 0.14], [0.66, 3.99, 1.24], [0.36, 2.15, 0.16], [0.14, 2.04, 0.17], [0.52, 3.22, 0.61], [0.09, 0.93, 0.0], [0.14, 1.07, 0.0], [0.37, 3.29, 0.18], [0.05, 0.47, 0.0], [0.08, 0.49, 0.0], [0.61, 0.83, 0.0], [0.09, 1.01, 0.0], [0.07, 1.03, 0.0], [0.7, 1.47, 0.01], [0.03, 0.6, 0.0], [0.03, 1.01, 0.0], [0.17, 1.19, 0.0], [0.02, 0.62, 0.0], [0.12, 0.62, 0.0], [1.81, 1.76, 0.01], [1.41, 1.34, 0.01], [0.06, 1.01, 0.0], [0.1, 0.87, 0.0], [0.06, 1.07, 0.0], [0.07, 0.7, 0.0], [0.06, 1.24, 0.0], [0.06, 0.9, 0.0], [0.09, 1.27, 0.0]]","[2, 3, 4, 6, 7, 9, 58, 12, 51, 13, 29, 18, 20, 53, 17, 30, 21, 23, 32, 22, 31, 24, 19, 48, 28, 15, 26, 34, 33, 35, 38, 41, 57, 37, 39, 45, 49]",617.3
59,1788354634793760356,921600,95552,35,34,117.9,"[0.5, 30.0, 31.2, 34.3, 40.3, 42.7, 44.6, 45.8, 46.9, 49.6, 82.2, 83.4, 83.7, 85.6, 85.6, 87.3, 89.0, 89.1, 89.2, 90.9, 92.7, 93.2, 93.8, 94.3, 96.3, 96.4, 98.1, 100.0, 100.0, 101.8, 103.5, 114.4, 116.2, 117.9]","['INSIDE', 'INSIDE', 'INSIDE', 'RAIL', 'RAIL', 'RAIL', 'INSIDE', 'INSIDE', 'INSIDE', 'RAIL', 'INSIDE', 'OUTSIDE', 'OUTSIDE', 'OUTSIDE', 'OUTSIDE', 'INSIDE', 'OUTSIDE', 'INSIDE', 'INSIDE', 'OUTSIDE', 'OUTSIDE', 'OUTSIDE', 'RAIL', 'RAIL', 'NEAR', 'RAIL', 'INSIDE', 'OUTSIDE', 'OUTSIDE', 'INSIDE', 'INSIDE', 'RAIL', 'RAIL', 'OUTSIDE']","[[0.99, 0.66, 1.75], [0.26, 0.24, 0.4], [0.53, 0.86, 0.67], [1.56, 0.44, 0.62], [0.67, 0.38, 0.21], [0.2, 0.25, 0.2], [1.61, 1.73, 0.09], [1.36, 0.88, 0.06], [0.59, 0.81, 0.03], [0.13, 0.16, 0.14], [0.64, 3.99, 1.24], [0.42, 2.15, 0.16], [0.27, 1.89, 0.17], [0.05, 0.93, 0.0], [0.08, 0.92, 0.0], [0.38, 3.46, 0.18], [0.04, 0.47, 0.0], [0.09, 0.49, 0.0], [0.73, 0.99, 0.0], [0.03, 1.01, 0.0], [0.06, 1.03, 0.0], [0.67, 1.47, 0.01], [0.05, 0.8, 0.0], [0.04, 1.01, 0.0], [0.19, 1.19, 0.0], [0.02, 0.62, 0.0], [0.15, 0.62, 0.0], [1.88, 1.93, 0.01], [1.4, 1.34, 0.01], [0.09, 1.01, 0.0], [0.11, 0.87, 0.0], [0.06, 1.05, 0.0], [0.02, 1.07, 0.0], [0.02, 0.9, 0.0]]","[2, 3, 4, 6, 7, 9, 58, 12, 51, 13, 29, 18, 20, 17, 30, 21, 23, 32, 22, 31, 24, 19, 48, 28, 15, 26, 34, 33, 35, 38, 41, 37, 39, 45]",498.5
60,1788354634991978229,921600,95566,35,31,117.9,"[0.5, 30.0, 31.2, 34.3, 40.2, 42.7, 44.6, 45.8, 46.9, 49.6, 82.8, 83.7, 85.5, 85.6, 87.3, 89.1, 89.2, 90.9, 92.7, 93.2, 94.2, 96.3, 96.4, 98.1, 99.9, 100.1, 101.7, 101.9, 103.5, 116.2, 117.9]","['INSIDE', 'INSIDE', 'INSIDE', 'RAIL', 'RAIL', 'RAIL', 'INSIDE', 'INSIDE', 'INSIDE', 'RAIL', 'INSIDE', 'OUTSIDE', 'OUTSIDE', 'OUTSIDE', 'INSIDE', 'INSIDE', 'INSIDE', 'OUTSIDE', 'OUTSIDE', 'OUTSIDE', 'RAIL', 'NEAR', 'RAIL', 'INSIDE', 'OUTSIDE', 'INSIDE', 'INSIDE', 'RAIL', 'OUTSIDE', 'RAIL', 'OUTSIDE']","[[0.99, 0.65, 1.67], [0.26, 0.24, 0.4], [0.7, 0.94, 0.68], [1.57, 0.44, 0.62], [0.66, 0.38, 0.21], [0.19, 0.19, 0.2], [1.63, 1.72, 0.09], [1.32, 0.88, 0.06], [0.57, 0.81, 0.03], [0.12, 0.16, 0.14], [2.0, 3.99, 1.24], [0.14, 1.89, 0.17], [0.09, 0.93, 0.0], [0.09, 1.22, 0.0], [0.47, 3.46, 0.18], [0.12, 0.49, 0.0], [0.69, 0.99, 0.0], [0.08, 1.01, 0.0], [0.07, 1.03, 0.0], [1.09, 1.47, 0.01], [0.05, 1.01, 0.0], [0.19, 1.19, 0.0], [0.03, 0.62, 0.0], [0.36, 0.78, 0.37], [1.38, 1.34, 0.01], [0.06, 1.01, 0.0], [0.05, 0.87, 0.0], [0.09, 1.22, 0.0], [0.05, 1.07, 0.0], [0.06, 1.07, 0.0], [0.06, 0.9, 0.0]]","[2, 3, 4, 6, 7, 9, 58, 12, 51, 13, 29, 20, 17, 30, 21, 32, 22, 31, 24, 19, 28, 15, 26, 34, 35, 38, 41, 37, 57, 39, 45]",715.1
61,1788354635194268456,921600,95621,33,33,117.9,"[0.5, 30.0, 31.2, 34.3, 40.3, 42.7, 44.6, 45.8, 46.9, 49.5, 83.0, 85.5, 85.6, 87.3, 87.4, 89.1, 89.3, 90.9, 92.8, 93.2, 93.7, 94.3, 96.3, 96.4, 98.1, 100.0, 100.1, 101.7, 101.9, 103.5, 114.4, 116.1, 117.9]","['INSIDE', 'INSIDE', 'INSIDE', 'RAIL', 'RAIL', 'RAIL', 'INSIDE', 'INSIDE', 'INSIDE', 'RAIL', 'INSIDE', 'OUTSIDE', 'INSIDE', 'OUTSIDE', 'OUTSIDE', 'INSIDE', 'INSIDE', 'INSIDE', 'OUTSIDE', 'OUTSIDE', 'RAIL', 'RAIL', 'NEAR', 'RAIL', 'INSIDE', 'OUTSIDE', 'OUTSIDE', 'INSIDE', 'INSIDE', 'OUTSIDE', 'RAIL', 'RAIL', 'OUTSIDE']","[[1.0, 0.65, 1.75], [0.26, 0.24, 0.41], [0.54, 0.86, 0.67], [1.55, 0.44, 0.62], [0.66, 0.38, 0.21], [0.17, 0.19, 0.2], [1.62, 1.73, 0.09], [1.38, 0.88, 0.06], [0.6, 0.81, 0.03], [0.1, 0.17, 0.13], [2.32, 5.85, 1.24], [0.17, 2.04, 0.17], [0.58, 3.22, 0.61], [0.09, 0.93, 0.0], [0.12, 0.92, 0.0], [0.26, 3.3, 0.18], [0.07, 0.49, 0.0], [0.72, 0.99, 0.0], [0.07, 1.01, 0.0], [0.07, 1.03, 0.0], [0.04, 0.8, 0.0], [0.06, 1.01, 0.0], [0.15, 1.19, 0.0], [0.02, 0.62, 0.0], [0.33, 0.62, 0.37], [1.81, 1.76, 0.01], [1.42, 1.34, 0.01], [0.1, 1.01, 0.0], [0.13, 0.87, 0.0], [0.08, 1.07, 0.0], [0.04, 0.7, 0.0], [0.08, 1.24, 0.0], [0.04, 0.9, 0.0]]","[2, 3, 4, 6, 7, 9, 58, 12, 51, 13, 29, 20, 53, 17, 30, 21, 32, 22, 31, 24, 48, 28, 15, 26, 34, 33, 35, 38, 41, 57, 37, 39, 45]",502.3
62,1788354635405205582,921600,95490,38,34,117.9,"[0.5, 31.2, 34.3, 40.3, 40.3, 42.8, 44.6, 46.9, 49.6, 85.5, 85.6, 87.2, 87.3, 88.9, 89.2, 89.3, 91.0, 92.8, 93.3, 93.7, 94.3, 96.3, 96.4, 98.1, 99.9, 100.0, 101.8, 101.9, 103.5, 103.6, 109.0, 114.4, 116.1, 117.9]","['INSIDE', 'INSIDE', 'INSIDE', 'INSIDE', 'RAIL', 'RAIL', 'INSIDE', 'INSIDE', 'RAIL', 'OUTSIDE', 'OUTSIDE', 'OUTSIDE', 'INSIDE', 'OUTSIDE', 'INSIDE', 'INSIDE', 'OUTSIDE', 'OUTSIDE', 'RAIL', 'OUTSIDE', 'RAIL', 'RAIL', 'NEAR', 'RAIL', 'INSIDE', 'INSIDE', 'OUTSIDE', 'OUTSIDE', 'INSIDE', 'OUTSIDE', 'RAIL', 'RAIL', 'OUTSIDE', 'RAIL']","[[1.0, 0.61, 1.65], [0.25, 0.12, 0.52], [0.28, 0.24, 0.4], [0.61, 0.86, 0.67], [1.55, 0.44, 0.62], [0.63, 0.38, 0.21], [1.63, 1.73, 0.09], [1.39, 0.88, 0.06], [0.14, 0.16, 0.14], [0.29, 2.04, 0.17], [0.13, 0.93, 0.0], [0.15, 1.07, 0.0], [0.32, 3.3, 0.18], [0.33, 0.63, 0.0], [0.09, 0.49, 0.0], [0.65, 0.99, 0.0], [0.09, 1.01, 0.0], [0.05, 1.03, 0.0], [0.05, 0.95, 0.0], [0.37, 2.24, 0.21], [0.03, 0.6, 0.0], [0.04, 1.01, 0.0], [0.22, 1.19, 0.0], [0.04, 0.62, 0.0], [0.31, 1.42, 0.61], [0.2, 0.62, 0.0], [1.81, 1.76, 0.01], [1.31, 1.33, 0.01], [0.17, 1.01, 0.0], [0.1, 1.07, 0.0], [0.02, 0.7, 0.0], [0.08, 1.24, 0.0], [0.06, 0.9, 0.0], [0.11, 1.27, 0.0]]","[2, 58, 3, 4, 6, 7, 12, 51, 13, 20, 17, 30, 21, 23, 32, 22, 31, 24, 44, 41, 48, 28, 15, 26, 53, 34, 33, 35, 38, 57, 37, 39, 45, 49]",936.1
63,1788354635606765321,921600,95577,36,33,117.9,"[0.5, 30.0, 31.2, 34.3, 40.3, 40.3, 42.7, 44.6, 46.9, 49.6, 82.8, 83.3, 85.5, 85.6, 87.2, 87.3, 89.0, 89.2, 89.3, 90.9, 92.7, 93.2, 93.7, 94.3, 96.3, 96.4, 98.1, 100.0, 100.0, 101.9, 103.5, 116.2, 117.9]","['INSIDE', 'INSIDE', 'INSIDE', 'INSIDE', 'RAIL', 'RAIL', 'RAIL', 'INSIDE', 'INSIDE', 'RAIL', 'INSIDE', 'OUTSIDE', 'OUTSIDE', 'OUTSIDE', 'INSIDE', 'OUTSIDE', 'INSIDE', 'INSIDE', 'OUTSIDE', 'OUTSIDE', 'OUTSIDE', 'RAIL', 'NEAR', 'RAIL', 'INSIDE', 'INSIDE', 'OUTSIDE', 'OUTSIDE', 'INSIDE', 'INSIDE', 'RAIL', 'RAIL', 'OUTSIDE']","[[0.97, 0.66, 1.75], [0.25, 0.12, 0.52], [0.26, 0.24, 0.4], [0.54, 0.86, 0.67], [1.58, 0.44, 0.62], [0.65, 0.39, 0.21], [0.19, 0.25, 0.2], [1.59, 1.73, 0.08], [1.36, 0.88, 0.06], [0.14, 0.16, 0.14], [1.95, 3.99, 1.24], [0.13, 2.04, 0.17], [0.1, 0.93, 0.0], [0.19, 1.07, 0.0], [0.32, 3.3, 0.18], [0.03, 0.47, 0.0], [0.08, 0.49, 0.0], [0.65, 0.99, 0.0], [0.05, 1.01, 0.0], [0.08, 1.03, 0.0], [0.67, 1.47, 0.01], [0.05, 1.01, 0.0], [0.18, 1.19, 0.0], [0.02, 0.62, 0.0], [0.28, 1.42, 0.61], [0.14, 0.62, 0.0], [1.83, 1.76, 0.01], [1.42, 1.34, 0.01], [0.1, 1.01, 0.0], [0.11, 0.87, 0.0], [0.06, 1.05, 0.0], [0.12, 1.24, 0.0], [0.04, 0.9, 0.0]]","[2, 58, 3, 4, 6, 7, 9, 12, 51, 13, 29, 20, 17, 30, 21, 23, 32, 22, 31, 24, 19, 28, 15, 26, 53, 34, 33, 35, 38, 41, 37, 39, 45]",554.8
64,1788354635805086583,921600,95588,34,32,116.1,"[0.5, 30.0, 31.2, 34.3, 34.5, 40.0, 42.1, 42.6, 44.6, 46.9, 49.6, 82.2, 83.4, 83.7, 85.5, 85.6, 87.3, 89.0, 89.2, 90.9, 93.1, 94.2, 96.3, 96.4, 98.1, 100.0, 100.0, 101.7, 101.8, 103.5, 114.4, 116.1]","['INSIDE', 'INSIDE', 'INSIDE', 'INSIDE', 'RAIL', 'RAIL', 'RAIL', 'RAIL', 'INSIDE', 'INSIDE', 'RAIL', 'INSIDE', 'OUTSIDE', 'OUTSIDE', 'OUTSIDE', 'OUTSIDE', 'INSIDE', 'INSIDE', 'INSIDE', 'OUTSIDE', 'OUTSIDE', 'RAIL', 'OUTSIDE', 'RAIL', 'INSIDE', 'OUTSIDE', 'INSIDE', 'INSIDE', 'RAIL', 'OUTSIDE', 'RAIL', 'OUTSIDE']","[[1.0, 1.53, 2.38], [1.03, 0.65, 1.75], [0.26, 0.24, 0.4], [0.83, 1.02, 0.68], [0.23, 0.08, 0.25], [1.55, 0.44, 0.62], [0.66, 0.38, 0.21], [0.18, 0.25, 0.2], [1.71, 1.72, 0.09], [1.26, 0.87, 0.05], [0.14, 0.16, 0.14], [0.65, 3.85, 1.24], [0.33, 2.3, 0.16], [0.19, 1.89, 0.17], [0.05, 1.09, 0.0], [0.1, 0.92, 0.0], [0.33, 3.14, 0.18], [0.37, 1.24, 0.37], [0.7, 1.16, 0.0], [0.04, 1.01, 0.0], [0.07, 0.86, 0.0], [0.06, 0.8, 0.0], [0.8, 0.74, 0.01], [0.05, 1.01, 0.0], [0.14, 1.19, 0.0], [1.36, 1.17, 0.01], [0.06, 0.84, 0.0], [0.09, 1.05, 0.0], [0.06, 0.87, 0.0], [0.03, 1.07, 0.0], [0.03, 1.07, 0.0], [0.03, 0.72, 0.0]]","[1, 2, 3, 4, 12, 6, 7, 9, 58, 51, 13, 29, 18, 20, 17, 30, 21, 34, 22, 31, 24, 48, 19, 28, 15, 35, 38, 41, 37, 57, 39, 45]",508.1
65,1788354635996726321,921600,95485,30,29,116.1,"[0.5, 30.0, 31.2, 34.3, 34.5, 40.2, 42.6, 44.6, 46.9, 49.6, 83.0, 83.4, 85.5, 85.6, 87.3, 89.1, 89.2, 90.9, 93.1, 94.2, 96.3, 96.4, 98.1, 100.0, 100.1, 101.7, 101.8, 103.5, 116.1]","['INSIDE', 'INSIDE', 'INSIDE', 'INSIDE', 'RAIL', 'RAIL', 'RAIL', 'INSIDE', 'INSIDE', 'RAIL', 'INSIDE', 'OUTSIDE', 'OUTSIDE', 'OUTSIDE', 'INSIDE', 'INSIDE', 'INSIDE', 'OUTSIDE', 'OUTSIDE', 'OUTSIDE', 'RAIL', 'INSIDE', 'OUTSIDE', 'INSIDE', 'INSIDE', 'RAIL', 'OUTSIDE', 'RAIL', 'OUTSIDE']","[[1.0, 1.53, 2.38], [1.04, 0.66, 1.67], [0.28, 0.24, 0.41], [0.77, 1.02, 0.68], [1.55, 0.44, 0.62], [0.67, 0.38, 0.21], [0.19, 0.24, 0.2], [1.26, 1.58, 0.07], [1.26, 0.87, 0.05], [0.14, 0.16, 0.16], [2.2, 3.85, 1.24], [0.18, 1.89, 0.17], [0.1, 1.09, 0.0], [0.08, 0.92, 0.0], [0.44, 3.46, 0.18], [0.41, 0.94, 0.37], [0.68, 0.99, 0.0], [0.04, 1.01, 0.0], [0.05, 0.86, 0.0], [0.78, 0.74, 0.01], [0.05, 1.01, 0.0], [0.14, 1.19, 0.0], [1.28, 1.17, 0.01], [0.05, 0.84, 0.0], [0.07, 1.05, 0.0], [0.13, 1.05, 0.0], [0.04, 1.06, 0.0], [0.04, 1.07, 0.0], [0.03, 0.72, 0.0]]","[1, 2, 3, 4, 6, 7, 9, 58, 51, 13, 29, 20, 17, 30, 21, 34, 22, 31, 24, 19, 28, 15, 35, 38, 41, 37, 57, 39, 45]",459.2
66,1788354636196438963,921600,95501,31,29,116.1,"[0.5, 34.3, 34.4, 38.0, 40.1, 40.3, 44.6, 46.9, 49.5, 82.8, 85.5, 85.6, 87.3, 89.0, 89.2, 90.8, 90.9, 93.2, 93.6, 96.3, 96.4, 98.1, 99.9, 100.0, 101.7, 101.9, 103.5, 114.3, 116.1]","['INSIDE', 'INSIDE', 'INSIDE', 'INSIDE', 'INSIDE', 'RAIL', 'INSIDE', 'INSIDE', 'RAIL', 'INSIDE', 'OUTSIDE', 'OUTSIDE', 'NEAR', 'OUTSIDE', 'OUTSIDE', 'INSIDE', 'INSIDE', 'OUTSIDE', 'OUTSIDE', 'OUTSIDE', 'RAIL', 'RAIL', 'NEAR', 'OUTSIDE', 'INSIDE', 'RAIL', 'OUTSIDE', 'RAIL', 'OUTSIDE']","[[0.87, 1.41, 2.37], [1.06, 0.65, 1.67], [0.34, 0.11, 0.53], [0.28, 0.24, 0.41], [0.64, 0.94, 0.67], [1.56, 0.44, 0.62], [0.35, 0.92, 0.02], [1.63, 1.6, 0.09], [0.14, 0.16, 0.14], [1.99, 4.85, 1.09], [0.31, 2.36, 0.17], [0.21, 0.6, 0.0], [0.06, 0.93, 0.0], [0.17, 0.92, 0.0], [0.87, 2.66, 0.19], [2.22, 4.23, 0.2], [0.34, 1.24, 0.37], [0.04, 1.01, 0.0], [0.07, 0.69, 0.0], [0.29, 2.07, 0.21], [0.04, 0.8, 0.0], [0.01, 0.81, 0.0], [0.32, 1.12, 0.0], [1.27, 1.01, 0.01], [0.03, 0.67, 0.0], [0.07, 1.05, 0.0], [0.07, 1.07, 0.0], [0.09, 1.24, 0.0], [0.03, 0.54, 0.0]]","[1, 2, 58, 3, 4, 6, 51, 12, 13, 29, 15, 20, 17, 30, 21, 32, 34, 31, 24, 41, 48, 28, 23, 35, 38, 37, 57, 39, 45]",778.2
67,1788354636393576067,921600,95610,33,29,116.1,"[0.4, 33.1, 34.3, 34.4, 38.1, 40.1, 42.1, 44.6, 46.9, 49.5, 80.1, 82.8, 85.5, 85.6, 87.2, 89.1, 89.2, 90.9, 93.5, 96.3, 96.4, 98.1, 100.0, 100.0, 101.7, 101.8, 107.2, 114.4, 116.1]","['INSIDE', 'INSIDE', 'INSIDE', 'INSIDE', 'INSIDE', 'RAIL', 'RAIL', 'INSIDE', 'INSIDE', 'RAIL', 'INSIDE', 'INSIDE', 'OUTSIDE', 'OUTSIDE', 'NEAR', 'OUTSIDE', 'INSIDE', 'INSIDE', 'OUTSIDE', 'OUTSIDE', 'RAIL', 'RAIL', 'RAIL', 'NEAR', 'INSIDE', 'NEAR', 'RAIL', 'OUTSIDE', 'RAIL']","[[0.88, 1.41, 2.36], [1.03, 0.66, 1.76], [0.36, 0.11, 0.6], [0.27, 0.24, 0.41], [0.85, 1.02, 0.68], [0.26, 0.1, 0.25], [1.55, 0.44, 0.62], [1.62, 2.71, 0.64], [0.67, 1.72, 0.03], [0.19, 0.16, 0.15], [1.95, 5.01, 1.09], [0.31, 0.69, 0.0], [0.21, 2.36, 0.17], [0.3, 0.9, 0.0], [0.08, 0.93, 0.0], [0.24, 1.07, 0.0], [2.12, 3.2, 0.19], [0.51, 1.24, 0.37], [0.03, 1.01, 0.0], [0.04, 0.69, 0.0], [0.04, 1.12, 0.0], [0.06, 0.8, 0.0], [0.02, 0.81, 0.0], [0.16, 1.11, 0.0], [0.06, 0.5, 0.0], [0.24, 1.23, 0.0], [0.08, 1.05, 0.0], [0.03, 1.07, 0.0], [0.03, 1.24, 0.0]]","[1, 2, 58, 3, 4, 12, 6, 7, 51, 13, 29, 19, 15, 20, 17, 30, 22, 34, 31, 24, 44, 48, 28, 23, 38, 41, 37, 57, 39]",483.9
68,1788354636602180431,921600,95637,32,29,116.1,"[0.5, 33.2, 34.3, 34.4, 38.1, 40.1, 42.1, 44.6, 46.9, 49.5, 82.8, 85.5, 85.6, 87.2, 87.3, 89.0, 89.2, 91.0, 93.5, 96.3, 96.4, 98.0, 100.0, 100.1, 101.7, 101.9, 107.2, 114.4, 116.1]","['INSIDE', 'INSIDE', 'INSIDE', 'INSIDE', 'INSIDE', 'RAIL', 'RAIL', 'INSIDE', 'INSIDE', 'RAIL', 'INSIDE', 'OUTSIDE', 'INSIDE', 'NEAR', 'OUTSIDE', 'INSIDE', 'INSIDE', 'OUTSIDE', 'OUTSIDE', 'RAIL', 'RAIL', 'RAIL', 'INSIDE', 'NEAR', 'INSIDE', 'NEAR', 'RAIL', 'OUTSIDE', 'RAIL']","[[0.87, 1.41, 2.36], [0.4, 0.11, 0.6], [1.06, 0.65, 1.67], [0.27, 0.2, 0.41], [0.84, 1.02, 0.68], [0.28, 0.1, 0.25], [1.57, 0.44, 0.62], [1.82, 2.71, 0.65], [0.67, 1.58, 0.03], [0.16, 0.16, 0.14], [1.96, 5.01, 1.09], [0.27, 1.74, 0.17], [0.44, 2.91, 0.61], [0.07, 0.93, 0.0], [0.12, 0.92, 0.0], [2.21, 5.28, 0.39], [0.35, 1.24, 0.18], [0.05, 0.84, 0.0], [0.12, 0.69, 0.0], [0.03, 1.12, 0.0], [0.07, 0.8, 0.0], [0.04, 0.81, 0.0], [0.19, 1.19, 0.0], [0.23, 1.12, 0.0], [0.07, 0.5, 0.0], [0.24, 1.23, 0.0], [0.16, 1.22, 0.0], [0.02, 1.07, 0.0], [0.07, 1.24, 0.0]]","[1, 58, 2, 3, 4, 12, 6, 7, 51, 13, 29, 20, 53, 17, 30, 32, 34, 31, 24, 44, 48, 28, 15, 23, 38, 41, 37, 57, 39]",443.9
69,1788354636802502406,921600,95652,35,31,116.1,"[0.4, 31.1, 34.3, 34.4, 38.1, 42.1, 44.6, 46.9, 49.5, 80.1, 82.8, 83.6, 85.5, 85.6, 87.2, 89.0, 89.2, 90.7, 90.8, 93.6, 96.3, 96.4, 98.1, 100.0, 100.0, 101.7, 101.8, 103.5, 107.2, 114.4, 116.1]","['INSIDE', 'INSIDE', 'INSIDE', 'INSIDE', 'RAIL', 'RAIL', 'RAIL', 'INSIDE', 'RAIL', 'INSIDE', 'INSIDE', 'OUTSIDE', 'OUTSIDE', 'NEAR', 'OUTSIDE', 'OUTSIDE', 'INSIDE', 'INSIDE', 'OUTSIDE', 'OUTSIDE', 'RAIL', 'RAIL', 'RAIL', 'INSIDE', 'NEAR', 'INSIDE', 'NEAR', 'RAIL', 'OUTSIDE', 'RAIL', 'OUTSIDE']","[[0.85, 1.41, 2.36], [1.06, 0.65, 1.76], [0.25, 0.2, 0.4], [1.06, 1.1, 0.68], [0.28, 0.1, 0.25], [1.6, 0.44, 0.62], [0.82, 0.38, 0.21], [0.64, 1.59, 0.03], [0.16, 0.16, 0.15], [1.95, 4.09, 1.07], [0.19, 0.56, 0.0], [0.33, 2.29, 0.16], [0.24, 1.74, 0.17], [0.06, 0.93, 0.0], [0.09, 0.76, 0.0], [0.87, 2.66, 0.19], [1.9, 3.04, 0.19], [0.31, 1.24, 0.37], [0.05, 1.01, 0.0], [0.07, 0.69, 0.0], [0.06, 1.12, 0.0], [0.04, 0.8, 0.0], [0.04, 0.81, 0.0], [0.19, 1.19, 0.0], [0.3, 1.11, 0.0], [0.06, 0.5, 0.0], [0.23, 1.23, 0.0], [0.16, 1.22, 0.0], [0.02, 1.07, 0.0], [0.05, 1.07, 0.0], [0.02, 0.54, 0.0]]","[1, 2, 3, 4, 12, 6, 9, 51, 13, 29, 19, 18, 20, 17, 30, 21, 22, 34, 31, 24, 44, 48, 28, 15, 23, 38, 41, 37, 57, 39, 45]",520.9
70,1788354637101902990,921600,95656,39,35,116.1,"[0.5, 30.0, 31.1, 33.2, 34.3, 34.4, 39.4, 42.1, 44.6, 45.8, 49.5, 72.9, 75.2, 80.0, 82.8, 83.4, 83.7, 85.5, 85.6, 87.2, 89.1, 90.8, 90.9, 93.2, 93.6, 96.3, 96.4, 98.0, 99.9, 100.0, 101.7, 101.8, 103.5, 114.4, 116.1]","['INSIDE', 'INSIDE', 'INSIDE', 'INSIDE', 'RAIL', 'RAIL', 'RAIL', 'RAIL', 'INSIDE', 'INSIDE', 'RAIL', 'NEAR', 'INSIDE', 'INSIDE', 'OUTSIDE', 'OUTSIDE', 'INSIDE', 'OUTSIDE', 'OUTSIDE', 'INSIDE', 'OUTSIDE', 'OUTSIDE', 'OUTSIDE', 'OUTSIDE', 'RAIL', 'RAIL', 'INSIDE', 'NEAR', 'OUTSIDE', 'INSIDE', 'INSIDE', 'RAIL', 'OUTSIDE', 'RAIL', 'OUTSIDE']","[[0.87, 1.41, 2.36], [1.8, 0.1, 0.6], [0.27, 0.2, 0.4], [0.94, 1.02, 0.68], [0.21, 0.1, 0.25], [1.57, 0.44, 0.62], [0.87, 0.38, 0.21], [0.2, 0.24, 0.2], [1.92, 2.71, 0.65], [1.0, 0.98, 0.04], [0.14, 0.16, 0.14], [1.55, 1.02, 0.02], [1.94, 2.96, 1.07], [0.32, 0.56, 0.0], [0.09, 0.44, 0.0], [0.22, 1.74, 0.17], [0.36, 3.07, 0.37], [0.13, 0.92, 0.0], [0.93, 2.66, 0.19], [2.0, 2.14, 0.01], [0.05, 0.84, 0.0], [0.09, 0.69, 0.0], [0.22, 1.76, 0.13], [0.82, 0.89, 0.01], [0.05, 0.6, 0.0], [0.03, 0.81, 0.0], [0.21, 1.19, 0.0], [0.29, 1.12, 0.0], [1.26, 1.01, 0.01], [0.07, 0.67, 0.0], [0.04, 0.87, 0.0], [0.09, 1.05, 0.0], [0.02, 1.07, 0.0], [0.04, 1.07, 0.0], [0.02, 0.54, 0.0]]","[1, 58, 3, 4, 12, 6, 9, 7, 51, 2, 13, 19, 29, 18, 20, 30, 17, 34, 21, 22, 31, 24, 55, 15, 48, 28, 53, 23, 35, 38, 41, 37, 57, 39, 45]",493.1
71,1788354637297634667,921600,95664,33,29,116.1,"[0.4, 31.1, 33.5, 34.3, 34.4, 39.8, 42.1, 44.6, 45.7, 49.4, 72.9, 80.1, 82.8, 85.5, 85.5, 87.2, 89.1, 90.9, 93.6, 96.3, 96.4, 98.1, 100.0, 100.0, 101.7, 101.9, 103.5, 114.4, 116.1]","['RAIL', 'INSIDE', 'INSIDE', 'INSIDE', 'INSIDE', 'RAIL', 'RAIL', 'RAIL', 'INSIDE', 'INSIDE', 'INSIDE', 'INSIDE', 'OUTSIDE', 'INSIDE', 'OUTSIDE', 'INSIDE', 'OUTSIDE', 'OUTSIDE', 'OUTSIDE', 'RAIL', 'RAIL', 'INSIDE', 'NEAR', 'INSIDE', 'NEAR', 'RAIL', 'OUTSIDE', 'RAIL', 'OUTSIDE']","[[0.18, 0.1, 0.08], [0.89, 1.41, 2.36], [1.03, 0.25, 0.6], [0.27, 0.2, 0.4], [0.89, 1.02, 0.68], [0.22, 0.1, 0.25], [1.55, 0.44, 0.62], [0.91, 0.38, 0.21], [1.32, 1.86, 0.65], [1.0, 0.98, 0.04], [2.02, 4.52, 1.07], [0.14, 0.56, 0.0], [0.1, 1.05, 0.0], [0.39, 3.38, 0.18], [0.11, 0.92, 0.0], [2.09, 2.88, 0.19], [0.05, 0.84, 0.0], [0.03, 0.51, 0.0], [0.42, 1.88, 0.14], [0.04, 0.8, 0.0], [0.04, 0.81, 0.0], [0.27, 1.04, 0.0], [0.09, 0.95, 0.0], [0.05, 0.5, 0.0], [0.11, 1.05, 0.0], [0.11, 1.05, 0.0], [0.12, 1.07, 0.0], [0.08, 1.24, 0.0], [0.02, 0.54, 0.0]]","[13, 1, 58, 3, 4, 12, 6, 9, 51, 2, 29, 18, 30, 17, 34, 22, 31, 24, 55, 48, 28, 53, 23, 38, 41, 37, 57, 39, 45]",523.5
72,1788354637501966194,921600,95702,39,34,116.1,"[0.6, 30.0, 31.1, 33.2, 34.3, 34.4, 39.4, 42.1, 44.6, 47.1, 49.5, 72.9, 82.2, 83.4, 83.7, 83.7, 85.4, 85.6, 87.2, 89.1, 90.9, 93.2, 93.6, 96.3, 96.4, 98.1, 98.3, 100.0, 100.0, 101.7, 101.9, 103.5, 114.4, 116.1]","['RAIL', 'INSIDE', 'OUTSIDE', 'INSIDE', 'INSIDE', 'INSIDE', 'RAIL', 'RAIL', 'RAIL', 'RAIL', 'INSIDE', 'INSIDE', 'OUTSIDE', 'OUTSIDE', 'INSIDE', 'INSIDE', 'OUTSIDE', 'INSIDE', 'OUTSIDE', 'OUTSIDE', 'OUTSIDE', 'OUTSIDE', 'RAIL', 'RAIL', 'INSIDE', 'NEAR', 'OUTSIDE', 'INSIDE', 'INSIDE', 'INSIDE', 'RAIL', 'OUTSIDE', 'RAIL', 'OUTSIDE']","[[0.19, 0.17, 0.09], [0.88, 1.41, 2.37], [1.36, 1.8, 1.89], [1.79, 0.1, 0.6], [0.27, 0.2, 0.41], [0.89, 1.02, 0.68], [0.25, 0.08, 0.25], [1.55, 0.44, 0.62], [0.86, 0.38, 0.21], [0.19, 0.25, 0.2], [1.94, 2.71, 0.66], [0.67, 2.25, 1.07], [0.11, 0.44, 0.0], [0.3, 1.74, 0.17], [0.11, 0.59, 0.0], [0.24, 3.54, 0.18], [0.14, 0.92, 0.0], [1.99, 2.14, 0.01], [0.03, 0.84, 0.0], [0.03, 0.51, 0.0], [0.22, 1.88, 0.14], [0.82, 0.89, 0.01], [0.09, 0.8, 0.0], [0.02, 0.81, 0.0], [0.15, 1.19, 0.0], [0.21, 1.11, 0.0], [1.27, 1.01, 0.01], [0.05, 0.67, 0.0], [0.27, 1.2, 0.0], [0.24, 1.23, 0.0], [0.04, 0.87, 0.0], [0.02, 1.07, 0.0], [0.07, 1.24, 0.0], [0.02, 0.72, 0.0]]","[13, 1, 4, 58, 3, 2, 12, 6, 9, 7, 51, 29, 20, 30, 15, 17, 34, 32, 31, 24, 55, 53, 48, 28, 21, 23, 35, 38, 41, 57, 37, 45, 39, 60]",486.1
73,1788354637717340992,921600,95835,41,35,116.1,"[0.8, 30.0, 31.1, 33.3, 34.3, 34.4, 39.4, 42.1, 44.6, 46.9, 49.4, 69.5, 71.1, 71.2, 79.1, 80.0, 82.8, 83.6, 83.7, 85.5, 85.7, 87.3, 89.1, 91.0, 91.0, 96.3, 96.4, 98.1, 99.9, 100.0, 101.7, 101.8, 103.5, 114.4, 116.1]","['RAIL', 'INSIDE', 'INSIDE', 'INSIDE', 'INSIDE', 'INSIDE', 'RAIL', 'RAIL', 'RAIL', 'RAIL', 'INSIDE', 'OUTSIDE', 'INSIDE', 'INSIDE', 'INSIDE', 'OUTSIDE', 'OUTSIDE', 'INSIDE', 'INSIDE', 'OUTSIDE', 'INSIDE', 'INSIDE', 'OUTSIDE', 'OUTSIDE', 'INSIDE', 'RAIL', 'RAIL', 'INSIDE', 'NEAR', 'INSIDE', 'INSIDE', 'RAIL', 'OUTSIDE', 'RAIL', 'OUTSIDE']","[[0.2, 0.11, 0.08], [0.89, 1.41, 2.37], [1.82, 0.1, 0.6], [1.03, 0.65, 1.76], [0.27, 0.2, 0.4], [1.14, 1.1, 0.68], [0.25, 0.08, 0.25], [1.56, 0.44, 0.62], [0.86, 0.38, 0.21], [0.19, 0.25, 0.2], [1.96, 2.71, 0.66], [0.18, 0.87, 0.0], [1.89, 2.97, 0.87], [1.96, 4.38, 1.07], [0.44, 0.56, 0.0], [0.13, 0.44, 0.0], [0.31, 1.74, 0.17], [0.1, 0.59, 0.0], [0.4, 3.54, 0.18], [0.09, 0.76, 0.0], [0.11, 0.79, 0.0], [0.68, 1.91, 0.89], [0.05, 0.84, 0.0], [0.06, 0.69, 0.0], [0.56, 2.09, 0.14], [0.08, 0.6, 0.0], [0.02, 0.81, 0.0], [0.28, 1.19, 0.0], [0.26, 1.12, 0.0], [0.07, 0.67, 0.0], [0.07, 1.05, 0.0], [0.08, 0.87, 0.0], [0.02, 1.07, 0.0], [0.04, 1.07, 0.0], [0.03, 0.72, 0.0]]","[13, 1, 58, 4, 3, 2, 12, 6, 9, 7, 51, 55, 18, 29, 53, 20, 30, 15, 17, 34, 23, 56, 31, 24, 19, 48, 28, 21, 35, 38, 57, 37, 45, 39, 60]",485.4
74,1788354637915034756,921600,95556,38,33,116.1,"[1.2, 30.7, 33.3, 34.3, 34.4, 40.1, 42.1, 44.6, 46.9, 49.4, 80.1, 82.2, 83.3, 83.7, 83.7, 85.5, 85.6, 87.2, 89.1, 91.0, 91.1, 93.6, 96.3, 96.4, 98.1, 98.3, 100.0, 100.1, 101.7, 101.8, 103.5, 114.4, 116.1]","['RAIL', 'INSIDE', 'INSIDE', 'INSIDE', 'INSIDE', 'INSIDE', 'RAIL', 'RAIL', 'RAIL', 'INSIDE', 'INSIDE', 'INSIDE', 'OUTSIDE', 'OUTSIDE', 'OUTSIDE', 'INSIDE', 'INSIDE', 'OUTSIDE', 'INSIDE', 'INSIDE', 'OUTSIDE', 'OUTSIDE', 'RAIL', 'NEAR', 'RAIL', 'NEAR', 'INSIDE', 'INSIDE', 'INSIDE', 'RAIL', 'OUTSIDE', 'RAIL', 'OUTSIDE']","[[0.23, 0.15, 0.08], [0.87, 1.41, 2.37], [0.54, 0.1, 0.6], [1.04, 0.65, 1.76], [0.28, 0.2, 0.41], [1.1, 1.1, 0.68], [0.24, 0.1, 0.25], [1.57, 0.44, 0.62], [1.7, 0.55, 0.21], [1.94, 2.71, 0.66], [0.66, 3.11, 1.07], [0.26, 0.56, 0.0], [0.09, 0.44, 0.0], [0.29, 1.74, 0.17], [0.33, 2.36, 0.17], [0.09, 0.59, 0.0], [0.21, 3.54, 0.18], [0.13, 0.92, 0.0], [0.37, 1.89, 0.19], [1.87, 3.04, 0.19], [0.11, 1.01, 0.0], [0.06, 0.69, 0.0], [0.1, 0.8, 0.0], [0.39, 0.73, 0.0], [0.05, 0.81, 0.0], [0.31, 1.12, 0.0], [0.05, 0.67, 0.0], [0.27, 1.2, 0.0], [0.25, 1.23, 0.0], [0.1, 1.05, 0.0], [0.03, 1.07, 0.0], [0.05, 1.07, 0.0], [0.02, 0.72, 0.0]]","[13, 1, 58, 4, 3, 2, 12, 6, 9, 51, 29, 53, 20, 30, 21, 15, 17, 34, 23, 22, 31, 24, 48, 18, 28, 35, 38, 41, 57, 37, 45, 39, 60]",480.0
75,1788354638093130492,921600,95956,38,32,116.1,"[1.5, 30.7, 33.3, 34.3, 34.4, 39.4, 42.1, 44.6, 46.9, 49.3, 80.0, 82.2, 83.4, 83.6, 83.7, 85.4, 85.6, 87.2, 89.1, 91.0, 91.0, 93.6, 96.3, 96.4, 98.1, 100.0, 100.1, 101.7, 101.8, 103.5, 114.3, 116.1]","['RAIL', 'INSIDE', 'INSIDE', 'INSIDE', 'INSIDE', 'INSIDE', 'RAIL', 'RAIL', 'RAIL', 'INSIDE', 'INSIDE', 'INSIDE', 'OUTSIDE', 'OUTSIDE', 'INSIDE', 'INSIDE', 'OUTSIDE', 'INSIDE', 'INSIDE', 'OUTSIDE', 'OUTSIDE', 'OUTSIDE', 'RAIL', 'RAIL', 'INSIDE', 'NEAR', 'INSIDE', 'INSIDE', 'RAIL', 'OUTSIDE', 'RAIL', 'OUTSIDE']","[[0.23, 0.16, 0.1], [0.89, 1.41, 2.37], [1.8, 0.1, 0.6], [1.06, 0.65, 1.76], [0.27, 0.2, 0.4], [0.91, 1.02, 0.67], [0.25, 0.08, 0.25], [1.55, 0.44, 0.62], [1.69, 0.55, 0.21], [1.94, 2.71, 0.66], [0.62, 3.11, 1.07], [0.33, 0.41, 0.0], [0.11, 0.44, 0.0], [0.21, 1.59, 0.17], [0.09, 0.59, 0.0], [0.46, 3.54, 0.37], [0.13, 0.92, 0.0], [0.12, 0.79, 0.0], [1.89, 3.04, 0.19], [0.06, 1.01, 0.0], [0.08, 0.69, 0.0], [0.79, 0.74, 0.01], [0.03, 0.6, 0.0], [0.04, 0.81, 0.0], [0.26, 1.19, 0.0], [0.28, 1.12, 0.0], [0.09, 0.67, 0.0], [0.09, 1.05, 0.0], [0.06, 0.87, 0.0], [0.02, 1.07, 0.0], [0.06, 1.07, 0.0], [0.05, 0.72, 0.0]]","[13, 1, 58, 4, 3, 2, 12, 6, 9, 51, 29, 53, 20, 30, 15, 17, 34, 23, 22, 31, 24, 18, 48, 28, 21, 35, 38, 57, 37, 45, 39, 60]",411.4
76,1788354638292303932,921600,96736,37,33,116.1,"[1.9, 30.7, 34.3, 34.4, 38.0, 40.1, 42.1, 44.6, 46.9, 49.5, 71.2, 80.0, 82.2, 83.4, 83.6, 83.7, 85.5, 85.6, 87.2, 89.1, 90.9, 93.1, 93.6, 96.3, 96.4, 98.1, 99.9, 100.0, 101.7, 101.8, 103.5, 114.3, 116.1]","['RAIL', 'INSIDE', 'INSIDE', 'INSIDE', 'INSIDE', 'INSIDE', 'RAIL', 'RAIL', 'RAIL', 'INSIDE', 'OUTSIDE', 'INSIDE', 'INSIDE', 'OUTSIDE', 'OUTSIDE', 'INSIDE', 'OUTSIDE', 'INSIDE', 'OUTSIDE', 'INSIDE', 'INSIDE', 'OUTSIDE', 'OUTSIDE', 'RAIL', 'OUTSIDE', 'RAIL', 'OUTSIDE', 'INSIDE', 'INSIDE', 'RAIL', 'OUTSIDE', 'RAIL', 'OUTSIDE']","[[0.26, 0.16, 0.09], [0.92, 1.41, 2.37], [1.03, 0.65, 1.67], [0.51, 0.1, 0.53], [0.28, 0.2, 0.41], [0.68, 0.94, 0.67], [0.26, 0.08, 0.25], [1.57, 0.44, 0.62], [1.69, 0.55, 0.21], [0.32, 0.92, 0.02], [0.25, 0.99, 0.0], [0.64, 2.97, 1.07], [0.41, 0.56, 0.0], [0.1, 0.44, 0.0], [0.17, 2.21, 0.17], [0.09, 0.59, 0.0], [0.32, 0.9, 0.0], [0.46, 3.54, 0.37], [0.27, 1.07, 0.0], [0.46, 3.3, 0.18], [1.82, 2.14, 0.01], [0.06, 1.01, 0.0], [0.05, 0.69, 0.0], [0.02, 0.8, 0.0], [0.72, 0.89, 0.01], [0.05, 1.01, 0.0], [1.44, 1.17, 0.01], [0.05, 0.84, 0.0], [0.08, 1.05, 0.0], [0.04, 0.87, 0.0], [0.03, 1.07, 0.0], [0.05, 1.07, 0.0], [0.05, 0.72, 0.0]]","[13, 1, 4, 58, 3, 2, 12, 6, 9, 62, 55, 29, 53, 20, 21, 15, 30, 17, 34, 35, 32, 31, 24, 48, 18, 28, 22, 38, 57, 37, 45, 39, 60]",452.0
77,1788354638500315949,921600,96951,37,32,116.1,"[2.2, 30.7, 34.3, 34.4, 38.0, 40.1, 42.1, 44.6, 46.9, 49.4, 79.1, 80.1, 82.2, 83.7, 83.7, 85.5, 85.6, 87.3, 89.0, 89.2, 90.9, 93.5, 96.3, 96.4, 98.1, 100.0, 100.0, 101.7, 101.8, 103.5, 114.4, 116.1]","['RAIL', 'INSIDE', 'INSIDE', 'INSIDE', 'INSIDE', 'INSIDE', 'RAIL', 'RAIL', 'RAIL', 'INSIDE', 'INSIDE', 'INSIDE', 'INSIDE', 'OUTSIDE', 'OUTSIDE', 'OUTSIDE', 'INSIDE', 'NEAR', 'OUTSIDE', 'INSIDE', 'INSIDE', 'INSIDE', 'OUTSIDE', 'OUTSIDE', 'RAIL', 'RAIL', 'INSIDE', 'INSIDE', 'RAIL', 'OUTSIDE', 'RAIL', 'OUTSIDE']","[[0.25, 0.23, 0.12], [0.94, 1.41, 2.37], [0.49, 0.1, 0.6], [1.05, 0.65, 1.88], [0.28, 0.2, 0.41], [0.93, 1.02, 0.67], [0.24, 0.08, 0.25], [1.56, 0.44, 0.62], [1.66, 0.55, 0.21], [0.32, 0.92, 0.02], [1.87, 2.97, 0.87], [0.62, 2.97, 1.07], [0.27, 0.42, 0.0], [0.1, 0.44, 0.0], [0.26, 1.74, 0.17], [0.19, 2.21, 0.17], [0.1, 0.59, 0.0], [0.1, 1.09, 0.0], [0.14, 0.92, 0.0], [0.37, 3.14, 0.18], [2.18, 3.23, 0.19], [0.36, 0.78, 0.37], [0.04, 1.01, 0.0], [0.05, 0.69, 0.0], [0.02, 0.8, 0.0], [0.04, 1.01, 0.0], [0.07, 0.84, 0.0], [0.18, 1.05, 0.0], [0.08, 0.87, 0.0], [0.07, 1.07, 0.0], [0.03, 1.24, 0.0], [0.03, 0.72, 0.0]]","[13, 1, 58, 4, 3, 2, 12, 6, 9, 62, 53, 29, 18, 20, 30, 21, 15, 17, 34, 35, 32, 23, 31, 24, 48, 28, 38, 57, 37, 45, 39, 60]",378.0
78,1788354638695472832,921600,96164,38,34,116.1,"[2.6, 30.0, 31.1, 34.3, 34.4, 38.1, 39.8, 42.1, 44.6, 47.1, 49.6, 71.2, 79.1, 80.1, 82.8, 83.7, 83.7, 85.5, 85.7, 87.3, 89.1, 90.9, 91.0, 93.6, 96.3, 96.4, 98.1, 100.0, 100.0, 101.7, 101.8, 103.5, 114.4, 116.1]","['RAIL', 'INSIDE', 'OUTSIDE', 'INSIDE', 'INSIDE', 'INSIDE', 'RAIL', 'RAIL', 'RAIL', 'RAIL', 'INSIDE', 'OUTSIDE', 'INSIDE', 'INSIDE', 'INSIDE', 'OUTSIDE', 'OUTSIDE', 'OUTSIDE', 'INSIDE', 'INSIDE', 'OUTSIDE', 'INSIDE', 'INSIDE', 'OUTSIDE', 'OUTSIDE', 'RAIL', 'RAIL', 'NEAR', 'INSIDE', 'INSIDE', 'RAIL', 'OUTSIDE', 'RAIL', 'OUTSIDE']","[[0.12, 0.17, 0.06], [0.89, 1.41, 2.37], [1.38, 1.81, 1.89], [1.05, 0.1, 0.6], [0.27, 0.2, 0.41], [0.89, 1.02, 0.68], [0.25, 0.1, 0.25], [1.58, 0.44, 0.62], [0.85, 0.38, 0.21], [0.18, 0.25, 0.2], [0.67, 1.58, 0.03], [0.17, 0.87, 0.0], [1.88, 2.97, 0.87], [1.96, 4.38, 1.07], [0.22, 0.56, 0.0], [0.07, 0.44, 0.0], [0.33, 1.89, 0.17], [0.28, 2.36, 0.17], [0.09, 0.59, 0.0], [0.4, 3.54, 0.37], [0.11, 0.76, 0.0], [0.11, 0.79, 0.0], [1.86, 3.04, 0.19], [0.06, 1.01, 0.0], [0.06, 0.69, 0.0], [0.05, 0.8, 0.0], [0.03, 0.81, 0.0], [0.23, 1.12, 0.0], [0.07, 0.67, 0.0], [0.09, 1.05, 0.0], [0.06, 0.87, 0.0], [0.03, 1.07, 0.0], [0.04, 1.07, 0.0], [0.04, 0.72, 0.0]]","[13, 1, 4, 58, 3, 2, 12, 6, 9, 7, 62, 55, 53, 29, 18, 20, 30, 21, 15, 23, 34, 35, 32, 31, 24, 48, 28, 22, 38, 57, 37, 45, 39, 60]",467.8
79,1788354638897009445,921600,96287,38,33,116.1,"[2.9, 30.7, 34.3, 34.4, 38.1, 40.1, 44.6, 46.9, 49.3, 71.2, 80.0, 82.2, 83.6, 83.7, 85.5, 85.7, 87.3, 89.1, 89.2, 90.9, 91.0, 93.1, 93.6, 96.3, 96.4, 98.1, 99.9, 100.0, 101.7, 101.8, 103.5, 114.3, 116.1]","['RAIL', 'INSIDE', 'INSIDE', 'INSIDE', 'INSIDE', 'INSIDE', 'RAIL', 'RAIL', 'INSIDE', 'OUTSIDE', 'INSIDE', 'INSIDE', 'OUTSIDE', 'OUTSIDE', 'OUTSIDE', 'INSIDE', 'NEAR', 'OUTSIDE', 'INSIDE', 'INSIDE', 'INSIDE', 'OUTSIDE', 'OUTSIDE', 'RAIL', 'RAIL', 'NEAR', 'OUTSIDE', 'INSIDE', 'INSIDE', 'RAIL', 'OUTSIDE', 'RAIL', 'OUTSIDE']","[[0.1, 0.23, 0.09], [0.9, 1.41, 2.37], [0.52, 0.1, 0.6], [1.02, 0.65, 1.76], [0.28, 0.24, 0.41], [0.88, 1.02, 0.67], [1.55, 0.44, 0.62], [1.68, 0.55, 0.21], [0.68, 1.45, 0.03], [0.25, 0.99, 0.0], [0.65, 3.11, 1.07], [0.37, 0.56, 0.0], [0.11, 0.44, 0.0], [0.27, 1.89, 0.17], [0.32, 2.36, 0.17], [0.09, 0.59, 0.0], [0.11, 1.09, 0.0], [0.16, 0.92, 0.0], [0.12, 0.79, 0.0], [1.81, 2.14, 0.01], [0.36, 1.24, 0.37], [0.07, 1.01, 0.0], [0.06, 0.69, 0.0], [0.04, 0.8, 0.0], [0.03, 1.01, 0.0], [0.18, 1.11, 0.0], [1.37, 1.17, 0.01], [0.07, 0.67, 0.0], [0.05, 1.05, 0.0], [0.04, 0.87, 0.0], [0.04, 1.07, 0.0], [0.05, 1.07, 0.0], [0.03, 0.72, 0.0]]","[13, 1, 58, 4, 3, 2, 6, 9, 62, 55, 29, 18, 20, 30, 21, 15, 17, 34, 35, 32, 23, 31, 24, 48, 28, 22, 38, 41, 57, 37, 45, 39, 60]",471.9
80,1788354639098437804,921600,96206,36,32,116.1,"[3.3, 30.7, 34.3, 34.5, 40.1, 40.2, 42.1, 44.6, 46.9, 49.4, 80.1, 82.2, 83.6, 83.8, 85.5, 85.6, 87.3, 89.0, 89.2, 90.9, 93.2, 93.6, 96.3, 96.4, 98.1, 100.0, 100.0, 101.8, 101.8, 103.3, 114.4, 116.1]","['RAIL', 'INSIDE', 'INSIDE', 'INSIDE', 'INSIDE', 'INSIDE', 'RAIL', 'RAIL', 'RAIL', 'INSIDE', 'INSIDE', 'INSIDE', 'OUTSIDE', 'OUTSIDE', 'INSIDE', 'OUTSIDE', 'NEAR', 'OUTSIDE', 'INSIDE', 'INSIDE', 'OUTSIDE', 'OUTSIDE', 'RAIL', 'RAIL', 'INSIDE', 'OUTSIDE', 'INSIDE', 'INSIDE', 'RAIL', 'OUTSIDE', 'RAIL', 'OUTSIDE']","[[0.1, 0.24, 0.08], [0.95, 1.53, 2.37], [0.48, 0.1, 0.6], [1.02, 0.65, 1.76], [0.28, 0.2, 0.41], [0.83, 1.02, 0.67], [0.26, 0.08, 0.25], [1.54, 0.44, 0.62], [1.68, 0.55, 0.21], [1.32, 1.58, 0.07], [0.63, 2.97, 1.07], [0.25, 0.42, 0.0], [0.08, 0.44, 0.0], [0.17, 2.21, 0.17], [0.11, 0.59, 0.0], [0.25, 0.9, 0.0], [0.06, 1.09, 0.0], [0.11, 0.92, 0.0], [0.29, 3.14, 0.18], [1.85, 1.97, 0.01], [0.04, 1.01, 0.0], [0.05, 0.69, 0.0], [0.04, 0.8, 0.0], [0.03, 1.01, 0.0], [0.35, 1.24, 0.37], [1.4, 1.17, 0.01], [0.08, 0.84, 0.0], [0.24, 1.05, 0.0], [0.05, 0.87, 0.0], [0.11, 1.07, 0.0], [0.02, 1.24, 0.0], [0.33, 0.91, 0.0]]","[13, 1, 58, 4, 3, 2, 12, 6, 9, 64, 29, 18, 20, 21, 15, 30, 17, 34, 35, 32, 31, 24, 48, 28, 23, 38, 41, 57, 37, 45, 39, 60]",475.0
81,1788354639301705724,921600,96041,35,31,116.1,"[3.8, 30.7, 34.4, 34.5, 40.1, 40.2, 42.1, 42.6, 44.6, 46.9, 49.5, 80.1, 82.2, 83.7, 85.5, 85.6, 87.3, 89.0, 89.2, 90.9, 93.6, 96.3, 96.4, 98.0, 98.2, 100.0, 100.0, 101.8, 101.8, 114.3, 116.1]","['RAIL', 'INSIDE', 'INSIDE', 'INSIDE', 'INSIDE', 'INSIDE', 'RAIL', 'RAIL', 'RAIL', 'INSIDE', 'INSIDE', 'INSIDE', 'INSIDE', 'OUTSIDE', 'OUTSIDE', 'NEAR', 'NEAR', 'OUTSIDE', 'INSIDE', 'INSIDE', 'INSIDE', 'OUTSIDE', 'OUTSIDE', 'RAIL', 'RAIL', 'INSIDE', 'INSIDE', 'INSIDE', 'RAIL', 'OUTSIDE', 'RAIL']","[[0.19, 0.21, 0.06], [0.97, 1.53, 2.37], [1.04, 0.65, 1.76], [0.45, 0.11, 0.53], [0.26, 0.2, 0.4], [0.7, 0.94, 0.67], [0.27, 0.08, 0.25], [1.4, 0.39, 0.62], [1.67, 0.55, 0.21], [1.32, 1.58, 0.07], [1.27, 0.87, 0.05], [0.63, 2.82, 1.07], [0.32, 0.56, 0.0], [0.2, 2.29, 0.16], [0.19, 2.21, 0.17], [0.2, 0.75, 0.0], [0.08, 1.09, 0.0], [0.15, 0.92, 0.0], [0.3, 3.14, 0.18], [2.15, 3.23, 0.19], [0.34, 0.78, 0.37], [0.04, 0.84, 0.0], [0.2, 0.86, 0.0], [0.01, 0.8, 0.0], [0.06, 1.01, 0.0], [0.05, 0.84, 0.0], [0.14, 1.2, 0.0], [0.18, 1.05, 0.0], [0.05, 0.87, 0.0], [0.12, 1.07, 0.0], [0.02, 1.24, 0.0]]","[13, 1, 4, 58, 3, 2, 12, 6, 9, 64, 65, 29, 18, 15, 21, 30, 17, 34, 35, 32, 23, 31, 24, 48, 28, 41, 57, 45, 37, 60, 39]",414.1
82,1788354639503939119,921600,95950,38,33,116.1,"[4.2, 30.7, 34.3, 34.4, 38.0, 40.0, 40.1, 42.1, 42.6, 44.6, 46.9, 49.4, 69.5, 71.1, 80.1, 82.2, 83.7, 85.5, 85.6, 87.2, 89.1, 89.2, 90.9, 93.2, 93.6, 96.3, 96.4, 98.1, 100.0, 100.0, 101.8, 114.4, 116.1]","['RAIL', 'INSIDE', 'INSIDE', 'INSIDE', 'INSIDE', 'INSIDE', 'RAIL', 'RAIL', 'RAIL', 'INSIDE', 'INSIDE', 'INSIDE', 'INSIDE', 'INSIDE', 'INSIDE', 'OUTSIDE', 'OUTSIDE', 'OUTSIDE', 'NEAR', 'OUTSIDE', 'INSIDE', 'INSIDE', 'INSIDE', 'OUTSIDE', 'OUTSIDE', 'INSIDE', 'RAIL', 'RAIL', 'OUTSIDE', 'INSIDE', 'INSIDE', 'RAIL', 'RAIL']","[[0.21, 0.14, 0.08], [0.94, 1.41, 2.37], [0.51, 0.1, 0.6], [1.05, 0.65, 1.88], [0.27, 0.2, 0.41], [0.87, 1.02, 0.67], [0.26, 0.08, 0.25], [1.56, 0.44, 0.62], [1.68, 0.55, 0.21], [0.33, 0.93, 0.02], [1.77, 1.72, 0.09], [1.23, 0.87, 0.05], [0.76, 2.03, 0.75], [0.64, 2.67, 1.07], [0.3, 0.42, 0.0], [0.19, 2.29, 0.16], [0.26, 1.89, 0.17], [0.18, 2.21, 0.17], [0.13, 1.09, 0.0], [0.25, 1.07, 0.0], [0.55, 3.3, 0.18], [1.84, 2.14, 0.01], [0.43, 0.94, 0.37], [0.04, 1.01, 0.0], [0.08, 0.69, 0.0], [0.5, 1.96, 0.13], [0.05, 0.8, 0.0], [0.04, 1.01, 0.0], [1.13, 1.01, 0.01], [0.08, 0.84, 0.0], [0.13, 1.05, 0.0], [0.04, 0.87, 0.0], [0.03, 1.24, 0.0]]","[13, 1, 58, 4, 3, 2, 12, 6, 9, 62, 64, 65, 56, 29, 18, 15, 30, 21, 17, 34, 35, 32, 23, 31, 24, 19, 48, 28, 38, 41, 45, 37, 39]",417.3
83,1788354640012489297,921600,95774,37,31,114.3,"[33.1, 34.3, 34.4, 38.1, 40.1, 40.2, 42.1, 42.5, 44.6, 46.9, 49.3, 80.1, 82.8, 83.7, 85.4, 85.5, 87.2, 89.1, 90.8, 90.9, 92.8, 93.6, 96.3, 96.4, 98.1, 100.0, 100.0, 101.7, 101.8, 109.0, 114.3]","['INSIDE', 'INSIDE', 'INSIDE', 'INSIDE', 'INSIDE', 'RAIL', 'RAIL', 'INSIDE', 'INSIDE', 'INSIDE', 'INSIDE', 'INSIDE', 'INSIDE', 'OUTSIDE', 'OUTSIDE', 'NEAR', 'INSIDE', 'OUTSIDE', 'OUTSIDE', 'INSIDE', 'OUTSIDE', 'OUTSIDE', 'RAIL', 'RAIL', 'NEAR', 'OUTSIDE', 'INSIDE', 'NEAR', 'RAIL', 'OUTSIDE', 'RAIL']","[[0.9, 1.41, 2.36], [1.03, 0.65, 1.67], [0.39, 0.11, 0.6], [0.26, 0.2, 0.4], [1.08, 1.1, 0.68], [0.27, 0.1, 0.25], [1.56, 0.44, 0.62], [1.62, 2.71, 0.64], [0.67, 1.72, 0.03], [1.51, 1.59, 0.08], [1.08, 0.87, 0.05], [1.95, 4.38, 1.07], [0.29, 0.56, 0.0], [0.09, 0.44, 0.0], [0.24, 2.36, 0.17], [0.22, 0.75, 0.0], [0.42, 3.54, 0.37], [0.13, 0.92, 0.0], [1.01, 2.66, 0.19], [1.96, 4.06, 0.2], [0.03, 1.01, 0.0], [0.41, 2.2, 0.21], [0.05, 0.76, 0.0], [0.03, 0.8, 0.0], [0.25, 1.12, 0.0], [0.28, 0.81, 0.0], [0.04, 0.5, 0.0], [0.15, 1.05, 0.0], [0.09, 1.05, 0.0], [0.02, 1.07, 0.0], [0.04, 1.24, 0.0]]","[1, 4, 58, 3, 2, 12, 6, 51, 62, 64, 65, 29, 18, 20, 21, 30, 23, 34, 17, 32, 31, 24, 48, 28, 22, 38, 41, 45, 37, 60, 39]",427.6
84,1788354640206198987,921600,95685,42,34,114.3,"[6.0, 31.1, 33.3, 34.3, 34.4, 38.1, 40.1, 40.2, 42.1, 42.5, 44.6, 46.9, 49.3, 82.2, 83.6, 83.7, 85.4, 85.5, 87.2, 89.0, 89.2, 90.8, 92.8, 93.7, 96.3, 96.4, 98.1, 98.2, 98.3, 100.0, 100.1, 101.7, 109.0, 114.3]","['RAIL', 'INSIDE', 'INSIDE', 'INSIDE', 'INSIDE', 'INSIDE', 'RAIL', 'RAIL', 'RAIL', 'INSIDE', 'INSIDE', 'INSIDE', 'INSIDE', 'INSIDE', 'OUTSIDE', 'INSIDE', 'OUTSIDE', 'NEAR', 'OUTSIDE', 'INSIDE', 'OUTSIDE', 'OUTSIDE', 'RAIL', 'RAIL', 'INSIDE', 'INSIDE', 'NEAR', 'OUTSIDE', 'INSIDE', 'INSIDE', 'RAIL', 'OUTSIDE', 'RAIL', 'OUTSIDE']","[[0.1, 0.19, 0.06], [0.88, 1.42, 2.36], [0.43, 0.1, 0.6], [1.05, 0.65, 1.67], [0.26, 0.2, 0.4], [1.03, 1.1, 0.67], [0.24, 0.1, 0.25], [1.58, 0.44, 0.62], [0.84, 0.38, 0.21], [1.06, 1.86, 0.63], [0.7, 1.72, 0.04], [1.47, 1.59, 0.08], [1.07, 0.87, 0.05], [0.64, 2.39, 1.07], [0.13, 0.44, 0.0], [0.09, 0.59, 0.0], [0.34, 0.9, 0.0], [0.08, 1.09, 0.0], [0.13, 0.92, 0.0], [1.84, 4.06, 0.2], [0.07, 1.01, 0.0], [0.04, 0.51, 0.0], [0.01, 0.76, 0.0], [0.04, 0.8, 0.0], [0.21, 1.04, 0.0], [0.28, 1.24, 0.37], [0.23, 1.11, 0.0], [0.37, 0.82, 0.0], [0.06, 0.5, 0.0], [0.06, 0.51, 0.0], [0.14, 0.68, 0.0], [0.25, 1.23, 0.0], [0.08, 1.05, 0.0], [0.03, 0.89, 0.0]]","[13, 1, 58, 4, 3, 2, 12, 6, 9, 51, 62, 64, 65, 29, 20, 15, 30, 23, 34, 32, 31, 24, 48, 28, 21, 35, 22, 38, 41, 57, 37, 45, 39, 60]",423.7
85,1788354640399745532,921600,95737,33,27,114.4,"[0.5, 31.1, 33.4, 34.4, 34.8, 38.0, 39.4, 40.2, 42.5, 44.6, 49.4, 80.0, 82.8, 85.5, 85.5, 87.2, 89.2, 90.7, 90.9, 93.5, 96.3, 98.2, 100.0, 100.1, 101.7, 109.0, 114.4]","['INSIDE', 'INSIDE', 'INSIDE', 'INSIDE', 'RAIL', 'RAIL', 'INSIDE', 'INSIDE', 'INSIDE', 'INSIDE', 'RAIL', 'INSIDE', 'INSIDE', 'INSIDE', 'OUTSIDE', 'OUTSIDE', 'OUTSIDE', 'INSIDE', 'OUTSIDE', 'OUTSIDE', 'RAIL', 'RAIL', 'INSIDE', 'OUTSIDE', 'OUTSIDE', 'RAIL', 'OUTSIDE']","[[0.9, 1.41, 2.35], [1.79, 0.25, 0.6], [0.27, 0.2, 0.4], [1.15, 1.1, 0.68], [0.59, 0.32, 0.62], [0.92, 0.38, 0.21], [1.06, 1.86, 0.64], [0.75, 1.71, 0.04], [1.43, 1.58, 0.08], [1.02, 0.87, 0.04], [0.16, 0.17, 0.14], [2.0, 4.38, 1.07], [0.38, 0.56, 0.0], [0.27, 3.39, 0.18], [0.11, 0.6, 0.0], [0.09, 0.76, 0.0], [0.79, 2.66, 0.19], [2.18, 5.13, 0.39], [0.05, 0.84, 0.0], [0.34, 2.2, 0.21], [0.05, 0.76, 0.0], [0.07, 0.8, 0.0], [0.09, 0.89, 0.0], [0.2, 1.12, 0.0], [0.18, 1.22, 0.0], [0.13, 1.22, 0.0], [0.02, 1.07, 0.0]]","[1, 58, 3, 2, 6, 9, 51, 62, 64, 65, 66, 29, 18, 35, 30, 34, 17, 32, 31, 57, 48, 28, 21, 22, 45, 39, 60]",493.7
86,1788354640597366947,921600,95669,33,30,114.3,"[0.5, 33.3, 34.3, 34.4, 37.7, 39.8, 42.4, 44.6, 46.4, 48.5, 49.4, 78.8, 80.1, 85.5, 85.5, 87.2, 87.3, 87.4, 89.1, 90.9, 92.6, 93.7, 96.3, 96.3, 98.1, 98.3, 99.9, 100.1, 101.7, 114.3]","['NEAR', 'INSIDE', 'INSIDE', 'INSIDE', 'INSIDE', 'RAIL', 'INSIDE', 'INSIDE', 'INSIDE', 'OUTSIDE', 'RAIL', 'INSIDE', 'INSIDE', 'OUTSIDE', 'OUTSIDE', 'INSIDE', 'OUTSIDE', 'INSIDE', 'OUTSIDE', 'OUTSIDE', 'RAIL', 'RAIL', 'INSIDE', 'OUTSIDE', 'OUTSIDE', 'INSIDE', 'RAIL', 'OUTSIDE', 'RAIL', 'OUTSIDE']","[[0.89, 1.34, 2.07], [1.09, 0.24, 0.6], [0.27, 0.2, 0.4], [0.89, 0.8, 0.68], [0.49, 0.39, 0.56], [1.58, 0.43, 0.62], [0.92, 1.86, 0.63], [1.18, 2.22, 0.06], [0.92, 0.87, 0.04], [2.54, 2.36, 0.11], [0.14, 0.16, 0.15], [1.18, 2.63, 0.85], [0.28, 0.42, 0.0], [0.1, 0.76, 0.0], [0.09, 0.75, 0.0], [0.34, 3.39, 0.37], [0.18, 0.77, 0.0], [1.85, 4.23, 0.2], [0.04, 0.84, 0.0], [0.43, 2.2, 0.21], [0.4, 0.51, 0.74], [0.04, 0.8, 0.0], [0.1, 0.75, 0.0], [0.26, 1.12, 0.0], [0.3, 0.65, 0.0], [0.12, 1.01, 0.0], [0.06, 0.69, 0.0], [0.13, 1.05, 0.0], [0.17, 1.22, 0.0], [0.03, 0.71, 0.0]]","[1, 58, 3, 2, 4, 6, 51, 62, 65, 67, 66, 53, 18, 23, 30, 35, 34, 32, 31, 57, 21, 28, 15, 22, 38, 41, 37, 45, 39, 60]",403.7
87,1788354640794260094,921600,95672,27,25,100.0,"[0.5, 31.3, 33.2, 34.4, 34.9, 36.3, 37.8, 42.4, 44.6, 47.5, 49.4, 80.1, 82.9, 85.5, 85.6, 87.3, 87.4, 89.1, 90.8, 93.5, 96.3, 98.1, 98.2, 99.9, 100.0]","['NEAR', 'NEAR', 'INSIDE', 'INSIDE', 'RAIL', 'RAIL', 'INSIDE', 'INSIDE', 'INSIDE', 'OUTSIDE', 'RAIL', 'INSIDE', 'INSIDE', 'OUTSIDE', 'NEAR', 'OUTSIDE', 'INSIDE', 'INSIDE', 'OUTSIDE', 'RAIL', 'INSIDE', 'NEAR', 'RAIL', 'OUTSIDE', 'RAIL']","[[0.87, 1.34, 2.07], [2.19, 1.47, 1.91], [0.27, 0.2, 0.4], [0.8, 0.97, 0.13], [0.45, 0.34, 0.62], [0.55, 0.38, 0.13], [0.77, 1.85, 0.62], [0.83, 1.97, 0.04], [1.25, 1.17, 0.05], [2.48, 2.58, 0.65], [0.15, 0.16, 0.15], [3.89, 5.24, 0.85], [1.94, 4.56, 1.09], [0.3, 2.36, 0.17], [0.09, 0.91, 0.0], [0.08, 0.75, 0.0], [0.43, 5.09, 0.37], [0.44, 5.18, 0.37], [0.15, 2.33, 0.2], [0.33, 0.97, 0.74], [1.4, 1.46, 0.0], [0.04, 0.86, 0.0], [0.1, 1.03, 0.0], [0.07, 1.05, 0.0], [0.09, 1.05, 0.0]]","[1, 4, 3, 2, 6, 9, 51, 62, 65, 64, 66, 18, 29, 15, 23, 30, 35, 22, 31, 21, 32, 57, 37, 45, 39]",523.1
88,1788354640992597501,921600,95738,30,26,107.1,"[0.5, 31.3, 33.2, 34.4, 34.9, 36.3, 37.8, 42.4, 44.6, 49.5, 83.1, 85.5, 85.6, 87.3, 87.4, 89.1, 90.7, 93.4, 93.5, 96.3, 96.3, 98.1, 98.2, 99.9, 100.0, 107.1]","['NEAR', 'INSIDE', 'INSIDE', 'RAIL', 'RAIL', 'INSIDE', 'INSIDE', 'INSIDE', 'OUTSIDE', 'RAIL', 'INSIDE', 'OUTSIDE', 'NEAR', 'OUTSIDE', 'INSIDE', 'INSIDE', 'INSIDE', 'OUTSIDE', 'RAIL', 'RAIL', 'INSIDE', 'INSIDE', 'RAIL', 'OUTSIDE', 'RAIL', 'RAIL']","[[0.87, 1.34, 2.07], [0.27, 0.2, 0.4], [0.81, 0.97, 0.13], [0.43, 0.34, 0.62], [0.55, 0.38, 0.13], [0.78, 1.85, 0.62], [0.83, 1.97, 0.04], [1.22, 1.17, 0.05], [2.48, 2.58, 0.65], [0.13, 0.15, 0.15], [2.37, 4.41, 0.97], [0.16, 2.36, 0.17], [0.09, 0.91, 0.0], [0.06, 0.6, 0.0], [0.29, 3.23, 0.37], [0.84, 5.8, 0.63], [1.42, 1.65, 0.01], [0.03, 0.51, 0.0], [0.27, 0.82, 0.74], [0.19, 1.33, 0.43], [1.4, 1.46, 0.0], [0.08, 0.5, 0.0], [0.03, 1.03, 0.0], [0.09, 1.05, 0.0], [0.13, 1.22, 0.0], [0.03, 1.12, 0.0]]","[1, 3, 2, 6, 9, 51, 62, 65, 64, 66, 29, 15, 23, 30, 35, 22, 38, 31, 21, 57, 32, 41, 37, 45, 39, 48]",386.6
89,1788354641198693492,921600,95692,37,31,114.4,"[0.5, 29.9, 31.2, 33.3, 34.3, 34.4, 40.2, 40.2, 42.6, 44.6, 45.9, 46.9, 49.5, 82.2, 83.7, 85.5, 85.6, 87.3, 89.1, 89.2, 90.9, 91.0, 93.4, 96.3, 96.4, 98.0, 100.0, 100.0, 101.7, 108.9, 114.4]","['INSIDE', 'INSIDE', 'INSIDE', 'INSIDE', 'INSIDE', 'RAIL', 'RAIL', 'RAIL', 'INSIDE', 'INSIDE', 'INSIDE', 'INSIDE', 'RAIL', 'INSIDE', 'OUTSIDE', 'OUTSIDE', 'NEAR', 'OUTSIDE', 'INSIDE', 'INSIDE', 'INSIDE', 'OUTSIDE', 'OUTSIDE', 'OUTSIDE', 'RAIL', 'INSIDE', 'NEAR', 'INSIDE', 'RAIL', 'OUTSIDE', 'RAIL']","[[0.96, 1.41, 2.37], [0.3, 0.11, 0.53], [1.02, 0.65, 1.67], [0.28, 0.24, 0.41], [0.75, 1.02, 0.67], [1.57, 0.44, 0.62], [0.8, 0.38, 0.21], [0.18, 0.25, 0.2], [1.92, 2.72, 0.66], [2.13, 1.88, 0.11], [1.22, 0.87, 0.05], [1.02, 0.99, 0.04], [0.15, 0.16, 0.15], [0.67, 3.71, 1.24], [0.28, 2.29, 0.16], [0.19, 1.74, 0.17], [0.04, 0.93, 0.0], [0.21, 0.92, 0.0], [0.1, 0.95, 0.0], [2.13, 3.2, 0.19], [0.22, 1.24, 0.18], [0.04, 1.01, 0.0], [0.19, 0.86, 0.0], [0.32, 2.24, 0.21], [0.04, 0.8, 0.0], [0.13, 1.19, 0.0], [0.21, 1.11, 0.0], [0.05, 0.67, 0.0], [0.12, 1.05, 0.0], [0.03, 1.07, 0.0], [0.06, 0.95, 0.0]]","[1, 58, 4, 3, 2, 6, 9, 51, 64, 65, 12, 67, 66, 29, 20, 30, 17, 34, 22, 38, 35, 31, 24, 45, 28, 15, 32, 41, 39, 60, 48]",431.9
90,1788354641399742591,921600,95496,35,31,114.3,"[0.5, 31.0, 34.3, 34.4, 38.0, 40.1, 40.3, 42.1, 42.6, 44.6, 46.9, 49.4, 80.1, 82.8, 83.7, 85.5, 85.6, 87.2, 89.0, 89.2, 90.9, 93.2, 93.6, 96.3, 96.4, 98.1, 98.2, 100.0, 100.0, 101.8, 114.3]","['INSIDE', 'INSIDE', 'INSIDE', 'INSIDE', 'INSIDE', 'RAIL', 'RAIL', 'RAIL', 'INSIDE', 'INSIDE', 'INSIDE', 'RAIL', 'INSIDE', 'INSIDE', 'OUTSIDE', 'OUTSIDE', 'NEAR', 'OUTSIDE', 'INSIDE', 'INSIDE', 'OUTSIDE', 'OUTSIDE', 'RAIL', 'INSIDE', 'NEAR', 'OUTSIDE', 'INSIDE', 'INSIDE', 'NEAR', 'RAIL', 'OUTSIDE']","[[0.88, 1.41, 2.37], [0.37, 0.11, 0.53], [1.03, 0.65, 1.67], [0.28, 0.2, 0.41], [0.71, 0.94, 0.67], [0.22, 0.1, 0.25], [1.57, 0.44, 0.62], [1.01, 0.38, 0.21], [0.35, 0.92, 0.02], [1.62, 1.6, 0.09], [1.17, 0.87, 0.05], [0.12, 0.16, 0.13], [1.97, 4.09, 1.07], [0.33, 0.69, 0.0], [0.23, 2.29, 0.16], [0.26, 1.74, 0.17], [0.05, 1.09, 0.0], [0.26, 1.07, 0.0], [1.8, 2.14, 0.01], [0.32, 0.93, 0.37], [0.05, 1.01, 0.0], [0.05, 0.69, 0.0], [0.02, 0.8, 0.0], [0.29, 1.34, 0.0], [0.31, 1.12, 0.0], [1.28, 1.01, 0.01], [0.07, 0.67, 0.0], [0.19, 1.2, 0.0], [0.17, 1.05, 0.0], [0.07, 1.05, 0.0], [0.08, 1.25, 0.0]]","[1, 58, 4, 3, 2, 65, 6, 9, 62, 12, 67, 66, 29, 18, 20, 30, 17, 34, 38, 35, 31, 24, 28, 15, 32, 22, 41, 57, 45, 39, 60]",455.9
91,1788354641605360896,921600,95548,38,31,114.3,"[0.5, 33.4, 34.3, 34.4, 38.1, 40.1, 40.2, 42.1, 42.5, 44.6, 46.9, 49.4, 82.2, 83.4, 83.6, 85.5, 85.5, 87.2, 89.1, 89.2, 90.9, 92.8, 93.6, 96.3, 96.4, 98.1, 98.2, 100.0, 100.1, 109.0, 114.3]","['INSIDE', 'INSIDE', 'INSIDE', 'INSIDE', 'INSIDE', 'RAIL', 'RAIL', 'INSIDE', 'INSIDE', 'INSIDE', 'INSIDE', 'RAIL', 'INSIDE', 'OUTSIDE', 'OUTSIDE', 'NEAR', 'OUTSIDE', 'INSIDE', 'INSIDE', 'OUTSIDE', 'OUTSIDE', 'RAIL', 'OUTSIDE', 'RAIL', 'INSIDE', 'NEAR', 'OUTSIDE', 'INSIDE', 'INSIDE', 'NEAR', 'RAIL']","[[0.87, 1.41, 2.36], [0.38, 0.11, 0.6], [1.05, 0.65, 1.67], [0.27, 0.24, 0.41], [1.04, 1.1, 0.68], [0.24, 0.1, 0.25], [1.56, 0.44, 0.62], [1.12, 1.98, 0.64], [0.67, 1.72, 0.03], [1.5, 1.59, 0.08], [1.09, 0.87, 0.05], [0.18, 0.15, 0.14], [0.62, 2.97, 1.07], [0.09, 0.44, 0.0], [0.34, 1.89, 0.17], [0.09, 1.09, 0.0], [0.15, 0.92, 0.0], [1.96, 4.23, 0.2], [0.4, 1.24, 0.37], [0.06, 0.84, 0.0], [0.04, 0.52, 0.0], [0.05, 0.76, 0.0], [0.84, 0.74, 0.01], [0.03, 0.8, 0.0], [0.22, 1.04, 0.0], [0.18, 1.11, 0.0], [0.3, 0.81, 0.0], [0.05, 0.5, 0.0], [0.14, 0.52, 0.0], [0.16, 1.22, 0.0], [0.09, 1.05, 0.0]]","[1, 58, 4, 3, 2, 65, 6, 64, 62, 12, 67, 66, 29, 20, 30, 17, 34, 38, 35, 31, 24, 48, 15, 28, 23, 32, 22, 41, 57, 45, 39]",565.0
92,1788354641834137859,921600,95499,33,28,114.4,"[0.5, 30.0, 31.2, 33.3, 34.3, 34.4, 40.4, 42.1, 42.6, 44.6, 46.9, 49.5, 82.8, 85.5, 85.6, 87.3, 89.0, 89.2, 90.9, 91.0, 93.4, 96.3, 96.4, 99.9, 100.1, 103.5, 109.0, 114.4]","['INSIDE', 'INSIDE', 'INSIDE', 'INSIDE', 'RAIL', 'RAIL', 'RAIL', 'RAIL', 'INSIDE', 'INSIDE', 'INSIDE', 'RAIL', 'INSIDE', 'OUTSIDE', 'NEAR', 'OUTSIDE', 'INSIDE', 'INSIDE', 'INSIDE', 'OUTSIDE', 'RAIL', 'RAIL', 'INSIDE', 'NEAR', 'INSIDE', 'INSIDE', 'RAIL', 'OUTSIDE']","[[0.94, 1.41, 2.37], [1.02, 0.65, 1.67], [0.28, 0.2, 0.41], [0.82, 1.02, 0.68], [0.23, 0.08, 0.25], [1.54, 0.44, 0.62], [0.73, 0.38, 0.21], [0.18, 0.25, 0.2], [1.93, 2.72, 0.66], [1.69, 1.74, 0.09], [1.22, 0.87, 0.05], [0.13, 0.16, 0.14], [1.96, 4.98, 1.24], [0.27, 1.74, 0.17], [0.05, 0.93, 0.0], [0.14, 1.07, 0.0], [0.26, 1.11, 0.0], [2.18, 3.38, 0.19], [0.22, 0.78, 0.18], [0.04, 0.84, 0.0], [0.01, 0.76, 0.0], [0.03, 0.8, 0.0], [0.13, 1.19, 0.0], [0.31, 1.12, 0.0], [0.04, 0.67, 0.0], [0.05, 0.87, 0.0], [0.13, 1.05, 0.0], [0.02, 0.54, 0.0]]","[1, 4, 3, 2, 65, 6, 9, 51, 64, 12, 67, 66, 29, 30, 17, 34, 32, 38, 35, 31, 48, 28, 23, 22, 41, 45, 39, 60]",436.1
93,1788354641995296444,921600,95586,36,30,114.3,"[0.5, 31.1, 34.3, 34.4, 38.0, 40.3, 42.1, 42.6, 44.6, 46.9, 49.4, 82.9, 85.5, 85.6, 87.3, 87.5, 89.1, 89.2, 90.8, 90.9, 93.2, 93.6, 96.3, 96.4, 98.1, 98.2, 100.0, 100.0, 101.7, 114.3]","['INSIDE', 'INSIDE', 'INSIDE', 'INSIDE', 'RAIL', 'RAIL', 'RAIL', 'INSIDE', 'INSIDE', 'INSIDE', 'RAIL', 'INSIDE', 'OUTSIDE', 'OUTSIDE', 'OUTSIDE', 'NEAR', 'OUTSIDE', 'OUTSIDE', 'INSIDE', 'INSIDE', 'OUTSIDE', 'OUTSIDE', 'RAIL', 'NEAR', 'OUTSIDE', 'INSIDE', 'INSIDE', 'NEAR', 'RAIL', 'OUTSIDE']","[[0.88, 1.41, 2.37], [1.01, 0.66, 1.67], [0.26, 0.24, 0.4], [0.77, 1.02, 0.67], [0.25, 0.1, 0.25], [1.58, 0.44, 0.62], [0.81, 0.38, 0.21], [0.34, 0.92, 0.02], [1.64, 1.6, 0.09], [1.18, 0.87, 0.05], [0.17, 0.16, 0.15], [2.09, 5.01, 1.24], [0.21, 1.89, 0.17], [0.25, 2.21, 0.17], [0.07, 0.76, 0.0], [0.05, 0.93, 0.0], [0.06, 0.76, 0.0], [0.87, 2.66, 0.19], [1.88, 2.14, 0.01], [0.31, 0.93, 0.37], [0.04, 1.01, 0.0], [0.05, 0.69, 0.0], [0.01, 0.8, 0.0], [0.25, 1.11, 0.0], [1.26, 1.01, 0.01], [0.06, 0.67, 0.0], [0.15, 1.2, 0.0], [0.13, 1.05, 0.0], [0.06, 1.05, 0.0], [0.05, 1.07, 0.0]]","[1, 4, 3, 2, 65, 6, 9, 62, 12, 67, 66, 29, 30, 23, 17, 32, 34, 35, 38, 21, 31, 24, 28, 22, 41, 57, 45, 39, 37, 60]",430.2
94,1788354642196401076,921600,95680,34,29,114.3,"[0.5, 34.3, 34.4, 38.0, 40.1, 40.2, 42.1, 42.5, 44.6, 46.9, 49.4, 80.1, 82.8, 83.7, 85.5, 85.6, 87.3, 89.0, 89.2, 90.8, 93.6, 96.3, 96.4, 98.1, 99.9, 100.1, 101.7, 107.2, 114.3]","['INSIDE', 'INSIDE', 'INSIDE', 'INSIDE', 'INSIDE', 'RAIL', 'RAIL', 'INSIDE', 'INSIDE', 'INSIDE', 'RAIL', 'INSIDE', 'INSIDE', 'OUTSIDE', 'OUTSIDE', 'OUTSIDE', 'NEAR', 'OUTSIDE', 'INSIDE', 'INSIDE', 'OUTSIDE', 'OUTSIDE', 'RAIL', 'RAIL', 'NEAR', 'INSIDE', 'NEAR', 'RAIL', 'OUTSIDE']","[[0.86, 1.42, 2.37], [1.02, 0.65, 1.75], [0.34, 0.11, 0.53], [0.26, 0.24, 0.41], [0.63, 0.94, 0.67], [0.21, 0.1, 0.25], [1.55, 0.44, 0.62], [0.34, 0.92, 0.02], [1.9, 1.73, 0.1], [1.15, 0.87, 0.05], [0.11, 0.16, 0.14], [1.99, 4.09, 1.07], [0.29, 0.69, 0.0], [0.23, 2.29, 0.16], [0.29, 1.74, 0.17], [0.19, 2.36, 0.17], [0.04, 0.93, 0.0], [0.09, 0.76, 0.0], [2.02, 3.23, 0.19], [0.36, 1.24, 0.37], [0.05, 1.01, 0.0], [0.07, 0.69, 0.0], [0.04, 1.12, 0.0], [0.03, 0.8, 0.0], [0.35, 1.12, 0.0], [0.05, 0.5, 0.0], [0.09, 1.05, 0.0], [0.11, 1.05, 0.0], [0.04, 1.07, 0.0]]","[1, 4, 58, 3, 2, 65, 6, 62, 12, 67, 66, 29, 18, 20, 30, 23, 32, 34, 38, 21, 31, 24, 48, 28, 22, 57, 39, 37, 60]",414.4
95,1788354642396856686,921600,95625,32,27,114.3,"[0.4, 34.3, 34.4, 38.1, 40.1, 40.3, 42.1, 42.5, 44.6, 46.9, 49.4, 80.1, 82.8, 83.6, 83.7, 85.4, 85.6, 89.2, 90.8, 93.2, 93.6, 96.3, 96.4, 98.1, 100.0, 100.0, 114.3]","['INSIDE', 'INSIDE', 'INSIDE', 'INSIDE', 'INSIDE', 'RAIL', 'RAIL', 'INSIDE', 'INSIDE', 'INSIDE', 'RAIL', 'INSIDE', 'INSIDE', 'OUTSIDE', 'OUTSIDE', 'INSIDE', 'NEAR', 'INSIDE', 'INSIDE', 'OUTSIDE', 'OUTSIDE', 'RAIL', 'NEAR', 'OUTSIDE', 'INSIDE', 'NEAR', 'RAIL']","[[0.87, 1.41, 2.37], [0.46, 0.11, 0.6], [1.03, 0.65, 1.76], [0.27, 0.2, 0.41], [1.12, 1.1, 0.68], [0.27, 0.1, 0.25], [1.57, 0.44, 0.62], [0.68, 1.58, 0.03], [1.61, 1.6, 0.09], [1.13, 0.87, 0.05], [0.2, 0.17, 0.15], [1.96, 4.38, 1.07], [0.25, 0.56, 0.0], [0.1, 0.44, 0.0], [0.18, 2.36, 0.17], [0.1, 0.59, 0.0], [0.23, 0.9, 0.0], [0.24, 3.54, 0.18], [1.84, 1.97, 0.01], [0.06, 0.84, 0.0], [0.03, 0.69, 0.0], [0.03, 0.8, 0.0], [0.34, 1.12, 0.0], [1.34, 1.01, 0.01], [0.05, 0.67, 0.0], [0.1, 1.05, 0.0], [0.07, 1.05, 0.0]]","[1, 58, 4, 3, 2, 65, 6, 62, 12, 67, 66, 29, 18, 20, 23, 30, 34, 21, 38, 31, 24, 28, 22, 41, 57, 39, 37]",429.7
96,1788354642598632156,921600,95579,29,24,114.4,"[0.5, 30.0, 31.2, 34.3, 40.0, 42.1, 42.6, 44.6, 46.9, 49.5, 82.8, 83.7, 85.5, 85.6, 89.1, 89.2, 90.9, 93.5, 96.3, 96.4, 98.1, 99.9, 100.0, 114.4]","['INSIDE', 'INSIDE', 'INSIDE', 'RAIL', 'RAIL', 'RAIL', 'RAIL', 'INSIDE', 'INSIDE', 'RAIL', 'INSIDE', 'OUTSIDE', 'OUTSIDE', 'OUTSIDE', 'INSIDE', 'INSIDE', 'OUTSIDE', 'OUTSIDE', 'OUTSIDE', 'RAIL', 'INSIDE', 'INSIDE', 'INSIDE', 'RAIL']","[[1.02, 0.65, 1.76], [0.26, 0.2, 0.4], [0.66, 0.94, 0.67], [0.23, 0.08, 0.25], [1.56, 0.44, 0.62], [0.67, 0.38, 0.21], [0.18, 0.25, 0.2], [1.77, 1.72, 0.09], [1.27, 0.87, 0.05], [0.14, 0.16, 0.15], [1.93, 4.98, 1.24], [0.32, 2.3, 0.16], [0.24, 1.89, 0.17], [0.06, 1.09, 0.0], [0.2, 3.3, 0.18], [0.32, 0.78, 0.37], [1.95, 2.42, 0.19], [0.03, 0.84, 0.0], [0.08, 0.86, 0.0], [0.04, 0.6, 0.0], [0.18, 1.19, 0.0], [0.09, 0.84, 0.0], [0.05, 0.87, 0.0], [0.06, 0.87, 0.0]]","[4, 3, 2, 65, 6, 9, 51, 12, 67, 66, 29, 30, 34, 32, 22, 21, 41, 31, 24, 28, 23, 57, 39, 37]",377.0
97,1788354642795528417,921600,95643,34,30,114.3,"[0.5, 30.7, 33.3, 34.3, 34.4, 38.1, 40.1, 40.4, 42.1, 42.6, 44.6, 46.9, 49.4, 80.1, 82.8, 83.6, 83.7, 85.5, 85.6, 87.3, 89.1, 91.0, 91.0, 93.4, 96.3, 96.4, 98.0, 99.9, 100.1, 114.3]","['INSIDE', 'INSIDE', 'INSIDE', 'INSIDE', 'INSIDE', 'RAIL', 'RAIL', 'RAIL', 'INSIDE', 'INSIDE', 'INSIDE', 'INSIDE', 'RAIL', 'INSIDE', 'INSIDE', 'OUTSIDE', 'OUTSIDE', 'OUTSIDE', 'INSIDE', 'INSIDE', 'OUTSIDE', 'INSIDE', 'INSIDE', 'OUTSIDE', 'OUTSIDE', 'OUTSIDE', 'RAIL', 'NEAR', 'INSIDE', 'RAIL']","[[0.89, 1.41, 2.37], [1.07, 0.65, 1.67], [0.24, 0.2, 0.4], [1.16, 1.1, 0.68], [0.49, 0.1, 0.6], [0.25, 0.08, 0.25], [1.53, 0.44, 0.62], [1.69, 0.55, 0.21], [1.93, 2.71, 0.66], [0.68, 1.58, 0.03], [1.72, 1.6, 0.09], [1.22, 0.87, 0.05], [0.15, 0.17, 0.14], [1.96, 4.52, 1.07], [0.24, 0.56, 0.0], [0.11, 0.44, 0.0], [0.26, 1.59, 0.17], [0.26, 2.36, 0.17], [0.11, 0.59, 0.0], [0.38, 3.23, 0.18], [0.13, 0.92, 0.0], [0.1, 0.79, 0.0], [2.15, 3.04, 0.19], [0.03, 1.01, 0.0], [0.09, 0.69, 0.0], [0.42, 2.24, 0.21], [0.03, 0.8, 0.0], [0.28, 1.12, 0.0], [0.06, 0.84, 0.0], [0.07, 0.7, 0.0]]","[1, 4, 3, 2, 58, 65, 6, 9, 64, 62, 12, 67, 66, 29, 18, 20, 34, 23, 30, 21, 69, 22, 41, 31, 24, 39, 28, 38, 57, 37]",423.0
98,1788354642995860694,921600,95619,36,28,114.4,"[0.4, 31.2, 34.4, 34.7, 40.3, 42.8, 44.6, 46.9, 49.6, 82.2, 83.7, 85.6, 85.6, 87.2, 87.3, 89.2, 90.9, 92.8, 93.2, 93.7, 94.3, 96.3, 96.4, 98.1, 100.0, 100.0, 109.0, 114.4]","['INSIDE', 'INSIDE', 'INSIDE', 'INSIDE', 'RAIL', 'RAIL', 'INSIDE', 'INSIDE', 'RAIL', 'INSIDE', 'OUTSIDE', 'OUTSIDE', 'INSIDE', 'OUTSIDE', 'INSIDE', 'INSIDE', 'INSIDE', 'NEAR', 'OUTSIDE', 'RAIL', 'RAIL', 'RAIL', 'NEAR', 'OUTSIDE', 'OUTSIDE', 'INSIDE', 'INSIDE', 'RAIL']","[[1.47, 2.27, 2.4], [0.97, 0.61, 1.66], [0.27, 0.2, 0.4], [0.63, 0.86, 0.67], [1.38, 0.39, 0.62], [0.62, 0.38, 0.21], [1.6, 1.73, 0.09], [1.38, 0.88, 0.06], [0.2, 0.16, 0.15], [0.67, 3.99, 1.24], [0.8, 2.15, 0.16], [0.31, 2.34, 0.17], [0.24, 3.08, 0.18], [0.1, 0.92, 0.0], [0.22, 3.14, 0.18], [0.08, 0.49, 0.0], [0.67, 0.99, 0.0], [0.02, 0.84, 0.0], [0.06, 1.03, 0.0], [0.02, 0.95, 0.0], [0.27, 1.47, 0.74], [0.02, 0.6, 0.0], [0.09, 1.04, 0.0], [1.81, 1.76, 0.01], [1.47, 1.5, 0.01], [0.19, 1.01, 0.0], [0.05, 0.7, 0.0], [0.09, 1.05, 0.0]]","[1, 4, 3, 2, 6, 9, 12, 67, 66, 29, 30, 34, 21, 69, 22, 41, 31, 24, 39, 48, 17, 28, 23, 57, 38, 45, 60, 37]",413.3
99,1788354643194303262,921600,95683,33,27,114.4,"[0.5, 31.2, 34.4, 40.3, 42.7, 44.6, 46.9, 49.6, 82.8, 85.5, 85.6, 87.2, 89.1, 89.3, 90.9, 92.7, 93.2, 93.7, 94.2, 96.3, 96.4, 98.0, 100.0, 100.1, 101.7, 109.0, 114.4]","['INSIDE', 'INSIDE', 'INSIDE', 'RAIL', 'RAIL', 'INSIDE', 'INSIDE', 'RAIL', 'INSIDE', 'OUTSIDE', 'OUTSIDE', 'OUTSIDE', 'INSIDE', 'INSIDE', 'INSIDE', 'OUTSIDE', 'OUTSIDE', 'RAIL', 'RAIL', 'NEAR', 'INSIDE', 'OUTSIDE', 'OUTSIDE', 'INSIDE', 'INSIDE', 'RAIL', 'OUTSIDE']","[[1.0, 0.65, 1.67], [0.26, 0.24, 0.41], [0.67, 0.94, 0.67], [1.38, 0.39, 0.62], [0.68, 0.38, 0.21], [1.39, 1.59, 0.07], [1.32, 0.87, 0.06], [0.15, 0.17, 0.15], [1.98, 5.01, 1.24], [0.23, 1.74, 0.17], [0.14, 1.09, 0.0], [0.14, 0.92, 0.0], [0.32, 3.14, 0.18], [0.19, 0.48, 0.0], [0.69, 0.99, 0.0], [0.05, 0.84, 0.0], [0.25, 1.03, 0.0], [0.03, 0.76, 0.0], [0.04, 0.8, 0.0], [0.16, 1.19, 0.0], [0.11, 0.62, 0.0], [1.8, 1.76, 0.01], [1.41, 1.34, 0.01], [0.11, 1.01, 0.0], [0.14, 0.87, 0.0], [0.08, 1.05, 0.0], [0.06, 0.89, 0.0]]","[4, 3, 2, 6, 9, 12, 67, 66, 29, 34, 32, 69, 22, 41, 31, 24, 39, 48, 28, 23, 21, 57, 38, 45, 60, 37, 74]",409.3
100,1788354643400819161,921600,95632,33,30,116.1,"[0.5, 30.0, 31.2, 34.3, 34.4, 40.0, 42.1, 42.6, 44.6, 46.9, 49.5, 82.8, 83.4, 85.5, 85.6, 87.2, 89.1, 89.2, 90.9, 93.1, 94.2, 96.3, 96.4, 98.1, 100.0, 100.0, 101.7, 101.8, 114.4, 116.1]","['INSIDE', 'INSIDE', 'INSIDE', 'INSIDE', 'RAIL', 'RAIL', 'RAIL', 'RAIL', 'INSIDE', 'INSIDE', 'RAIL', 'INSIDE', 'OUTSIDE', 'NEAR', 'OUTSIDE', 'INSIDE', 'INSIDE', 'OUTSIDE', 'OUTSIDE', 'OUTSIDE', 'RAIL', 'OUTSIDE', 'RAIL', 'INSIDE', 'INSIDE', 'OUTSIDE', 'INSIDE', 'RAIL', 'OUTSIDE', 'RAIL']","[[1.01, 1.53, 2.38], [1.0, 0.66, 1.76], [0.28, 0.24, 0.4], [0.79, 1.02, 0.68], [0.24, 0.08, 0.25], [1.58, 0.44, 0.62], [0.71, 0.38, 0.21], [0.19, 0.25, 0.2], [1.73, 1.72, 0.09], [1.26, 0.87, 0.05], [0.1, 0.17, 0.14], [1.99, 3.85, 1.24], [0.18, 1.74, 0.17], [0.05, 0.93, 0.0], [0.13, 1.22, 0.0], [0.38, 3.3, 0.18], [0.66, 1.16, 0.0], [0.06, 1.01, 0.0], [0.05, 0.86, 0.0], [0.39, 2.24, 0.21], [0.04, 0.8, 0.0], [0.79, 0.74, 0.01], [0.02, 1.01, 0.0], [0.11, 1.19, 0.0], [0.12, 0.78, 0.0], [1.34, 1.17, 0.01], [0.05, 0.84, 0.0], [0.11, 1.05, 0.0], [0.05, 1.07, 0.0], [0.02, 1.07, 0.0]]","[1, 4, 3, 2, 65, 6, 9, 51, 12, 67, 66, 29, 34, 32, 69, 22, 31, 24, 39, 60, 28, 15, 71, 23, 21, 38, 45, 37, 74, 72]",373.5
