zone,dist_m,size_x,size_y,size_z,n_sources,n_files
RAIL,27.5,0.32,0.27,0.62,65,39
RAIL,25.6,0.92,0.03,0.17,1,1
RAIL,27.8,0.37,0.47,0.23,69,21
RAIL,26.1,0.67,0.19,0.32,39,20
RAIL,28.3,1.41,0.46,0.45,23,9
RAIL,28.0,0.85,0.52,0.62,56,22
RAIL,26.1,0.13,0.11,0.12,197,33
RAIL,28.3,1.29,0.54,0.62,70,23
RAIL,27.0,0.38,0.33,0.08,6,5
RAIL,26.8,1.12,0.16,0.91,22,14
RAIL,25.8,1.18,0.12,0.16,1,1
RAIL,26.8,0.05,0.1,0.13,15,5
RAIL,27.5,0.53,0.06,0.95,25,10
RAIL,28.3,0.12,0.03,0.91,7,4
RAIL,26.2,1.08,0.06,1.03,6,4
RAIL,27.9,0.11,0.12,0.48,7,6
RAIL,27.4,1.98,0.59,0.51,7,6
RAIL,26.1,0.15,0.04,0.21,1,1
RAIL,26.4,0.23,0.65,0.09,2,2
RAIL,27.1,0.1,0.09,0.41,2,2
RAIL,27.1,2.71,0.67,1.08,4,3
RAIL,27.6,0.08,0.27,0.34,4,4
RAIL,26.3,0.19,0.19,0.36,1,1
RAIL,27.6,1.12,0.22,0.33,4,4
RAIL,26.6,0.21,0.16,0.06,1,1
RAIL,27.4,0.06,0.24,0.14,6,5
RAIL,28.1,0.15,0.62,0.85,4,4
RAIL,27.8,0.89,0.43,0.28,2,2
RAIL,27.6,0.11,0.54,0.16,1,1
RAIL,28.0,2.68,0.16,1.11,2,2
RAIL,27.9,0.19,0.6,0.38,1,1
RAIL,28.3,0.32,0.03,1.02,1,1
RAIL,28.3,0.08,0.19,0.91,1,1
RAIL,24.3,1.23,0.09,0.96,17,9
RAIL,24.0,0.3,0.27,0.31,41,23
RAIL,24.3,0.83,0.18,0.75,25,17
RAIL,24.3,0.15,0.06,0.21,219,18
RAIL,23.2,0.04,0.21,0.15,19,7
RAIL,24.5,1.03,0.5,0.96,18,12
RAIL,24.3,0.67,0.19,0.32,34,16
RAIL,24.3,0.37,0.07,0.92,12,7
RAIL,23.9,0.05,0.09,0.14,6,5
RAIL,24.3,0.18,0.11,0.88,3,3
RAIL,24.3,0.7,0.41,0.32,13,10
RAIL,23.3,0.26,0.61,0.15,51,7
RAIL,24.1,0.27,0.08,0.3,8,6
RAIL,24.5,2.37,0.67,1.08,6,5
RAIL,25.4,0.26,0.36,0.1,3,2
RAIL,23.9,0.89,0.03,0.17,13,6
RAIL,24.2,0.15,0.04,0.21,6,3
RAIL,24.8,0.12,0.19,0.71,7,5
RAIL,23.9,0.07,0.1,0.05,1,1
RAIL,24.6,1.92,0.55,0.41,2,1
RAIL,24.2,3.65,0.16,1.09,1,1
RAIL,24.3,1.73,0.11,0.95,5,3
RAIL,24.3,0.16,0.02,0.8,1,1
RAIL,25.1,0.44,0.48,0.98,2,2
RAIL,24.7,1.98,0.06,0.17,1,1
RAIL,24.8,0.21,0.04,0.22,1,1
RAIL,24.8,0.06,0.11,0.29,1,1
RAIL,24.9,0.58,0.24,0.11,1,1
RAIL,83.9,0.2,0.3,0.34,30,18
RAIL,83.9,0.71,0.46,0.76,43,27
RAIL,84.1,0.08,0.22,0.34,4,4
RAIL,83.9,0.2,0.26,0.78,27,14
RAIL,83.9,1.5,0.52,0.75,29,22
RAIL,83.5,0.12,0.06,0.78,10,8
RAIL,83.8,0.32,0.59,0.34,29,12
RAIL,84.3,1.68,0.97,1.03,5,3
RAIL,84.1,0.81,0.42,0.0,28,5
RAIL,84.2,0.13,0.95,0.75,2,2
RAIL,83.9,2.09,0.18,0.75,3,3
RAIL,83.8,0.65,0.41,0.28,4,4
RAIL,83.4,0.04,0.45,0.0,2,2
RAIL,83.7,0.26,0.56,0.97,4,3
RAIL,84.3,0.89,0.16,0.89,3,3
RAIL,83.3,0.49,0.43,0.0,1,1
RAIL,84.5,0.65,1.06,0.61,9,7
RAIL,84.8,0.09,0.36,0.36,3,3
RAIL,83.9,3.79,0.95,0.9,3,3
RAIL,83.5,1.97,0.04,0.21,1,1
RAIL,85.1,1.0,0.61,0.21,6,4
RAIL,84.1,0.68,1.0,0.21,1,1
RAIL,84.2,0.23,1.21,0.34,1,1
RAIL,84.7,2.0,0.17,0.22,1,1
OUTSIDE,86.8,0.43,0.57,1.52,145,55
OUTSIDE,87.2,0.05,0.98,0.0,44,21
OUTSIDE,86.5,0.23,1.75,0.01,18,14
OUTSIDE,87.1,1.16,1.09,0.04,3,3
OUTSIDE,87.1,2.16,0.8,1.79,339,85
OUTSIDE,87.1,1.27,0.3,1.38,135,55
OUTSIDE,87.2,0.14,0.29,1.52,49,27
OUTSIDE,87.0,0.1,1.32,0.0,54,27
OUTSIDE,87.2,0.2,1.34,0.52,28,17
OUTSIDE,87.2,0.83,2.15,0.23,39,24
OUTSIDE,86.9,0.95,1.18,0.02,10,7
OUTSIDE,86.8,1.03,0.41,0.24,30,24
OUTSIDE,87.2,0.34,0.34,0.25,15,13
OUTSIDE,87.0,2.0,0.19,0.59,21,16
OUTSIDE,87.1,0.13,0.2,1.52,19,12
OUTSIDE,87.5,0.15,0.08,0.89,10,7
OUTSIDE,87.0,1.04,1.21,0.7,61,41
OUTSIDE,87.0,1.03,2.3,0.64,22,14
OUTSIDE,87.0,0.88,0.26,0.79,35,24
OUTSIDE,87.0,1.01,1.38,1.91,81,42
OUTSIDE,87.3,6.21,1.73,2.57,28,20
OUTSIDE,86.6,0.87,1.98,1.1,19,14
OUTSIDE,87.1,4.14,0.36,1.56,23,13
OUTSIDE,86.1,2.05,0.12,1.2,5,4
OUTSIDE,86.5,0.04,0.5,0.0,17,11
OUTSIDE,85.8,1.61,0.04,0.75,2,2
OUTSIDE,87.4,8.04,0.72,1.66,12,10
OUTSIDE,87.3,2.51,1.96,1.95,35,23
OUTSIDE,87.2,0.04,0.29,0.21,10,8
OUTSIDE,88.0,0.52,0.89,0.21,4,4
OUTSIDE,86.0,0.01,0.72,0.0,1,1
OUTSIDE,86.7,0.76,1.96,0.02,3,3
OUTSIDE,87.1,0.11,0.57,0.0,3,3
OUTSIDE,87.3,0.42,0.26,0.8,8,8
OUTSIDE,87.3,0.52,0.05,1.3,4,4
OUTSIDE,86.1,0.26,2.04,0.22,2,2
OUTSIDE,87.3,0.12,0.46,0.44,8,6
OUTSIDE,86.8,0.06,0.19,1.32,9,6
OUTSIDE,86.6,0.83,1.98,0.53,4,3
OUTSIDE,87.5,0.05,0.58,1.18,4,2
OUTSIDE,86.4,0.27,1.06,0.0,1,1
OUTSIDE,87.5,0.94,0.15,0.64,6,5
OUTSIDE,86.7,0.28,0.15,0.63,3,2
OUTSIDE,87.4,4.39,2.13,0.76,7,4
OUTSIDE,86.5,0.66,2.58,2.48,1,1
OUTSIDE,87.4,3.17,0.39,0.82,7,7
OUTSIDE,87.3,0.15,1.71,1.3,3,3
OUTSIDE,86.8,0.1,0.09,1.48,2,2
OUTSIDE,86.7,0.11,0.19,0.87,1,1
OUTSIDE,87.1,0.26,0.12,1.23,2,2
OUTSIDE,87.7,0.5,0.16,1.48,4,4
OUTSIDE,87.3,2.09,0.22,0.21,4,4
OUTSIDE,87.5,2.15,2.21,0.76,2,2
OUTSIDE,87.4,1.54,1.07,0.23,2,2
OUTSIDE,87.2,0.81,0.06,0.57,1,1
OUTSIDE,87.8,0.16,0.9,0.01,2,2
OUTSIDE,88.2,0.42,0.15,0.38,3,3
OUTSIDE,87.7,2.01,0.5,0.18,1,1
OUTSIDE,87.8,0.18,0.58,2.82,1,1
OUTSIDE,87.8,0.92,0.61,2.61,1,1
OUTSIDE,88.1,0.2,0.57,0.19,1,1
OUTSIDE,88.2,0.06,0.5,0.15,1,1
OUTSIDE,90.3,0.11,0.25,1.3,58,22
OUTSIDE,89.8,2.09,1.2,2.08,314,90
OUTSIDE,90.1,0.41,0.78,1.72,85,40
OUTSIDE,89.7,0.09,0.1,1.05,21,15
OUTSIDE,90.1,0.81,0.94,2.23,52,33
OUTSIDE,90.0,0.93,0.32,1.61,185,70
OUTSIDE,90.5,5.58,0.99,2.45,49,29
OUTSIDE,90.1,0.06,0.95,0.0,107,43
OUTSIDE,89.8,1.15,1.78,0.76,192,60
OUTSIDE,90.0,0.42,0.41,0.38,41,25
OUTSIDE,89.8,1.79,0.54,0.85,101,46
OUTSIDE,90.6,0.21,0.32,0.72,19,15
OUTSIDE,90.1,4.41,0.51,1.6,46,27
OUTSIDE,90.5,2.54,0.35,1.75,44,30
OUTSIDE,89.9,0.32,0.29,1.43,37,20
OUTSIDE,89.7,0.17,1.66,0.19,4,3
OUTSIDE,90.0,1.54,0.36,0.22,6,4
OUTSIDE,89.9,0.15,0.59,0.0,7,5
OUTSIDE,89.9,1.75,0.19,0.71,47,28
OUTSIDE,90.5,2.42,1.52,0.73,27,24
OUTSIDE,90.2,0.18,0.29,1.57,23,11
OUTSIDE,89.3,0.29,0.79,0.01,6,4
OUTSIDE,89.0,2.02,2.59,2.56,4,4
OUTSIDE,90.0,2.83,0.44,1.18,34,27
OUTSIDE,89.8,0.16,1.76,0.01,9,5
OUTSIDE,90.2,1.11,0.97,0.03,13,10
OUTSIDE,89.4,3.09,0.17,1.0,11,9
OUTSIDE,90.3,0.02,0.46,0.0,26,13
OUTSIDE,89.7,0.88,1.21,0.01,2,2
OUTSIDE,89.5,1.18,0.08,1.6,7,5
OUTSIDE,90.0,0.35,0.41,0.18,5,4
OUTSIDE,90.4,0.05,0.2,0.18,11,8
OUTSIDE,89.7,0.87,1.89,0.21,22,15
OUTSIDE,90.3,3.79,1.22,1.3,14,6
OUTSIDE,90.2,0.08,0.41,0.21,10,8
OUTSIDE,90.2,0.15,0.89,0.83,22,16
OUTSIDE,90.3,2.59,0.56,1.85,10,9
OUTSIDE,89.9,0.23,0.07,0.96,6,4
OUTSIDE,90.4,0.11,2.14,0.0,18,11
OUTSIDE,89.7,1.77,0.9,0.22,5,5
OUTSIDE,90.1,0.31,2.12,0.6,8,6
OUTSIDE,90.0,0.04,0.4,0.27,12,9
OUTSIDE,90.9,0.03,0.2,0.57,4,4
OUTSIDE,89.3,0.44,0.19,0.83,7,6
OUTSIDE,89.5,0.9,0.93,0.23,4,4
OUTSIDE,89.7,0.07,0.09,0.62,4,3
OUTSIDE,89.6,10.53,2.15,2.72,6,5
OUTSIDE,89.1,0.0,0.53,0.0,1,1
OUTSIDE,89.8,0.03,1.19,0.83,2,2
OUTSIDE,89.6,0.41,2.07,0.18,3,3
OUTSIDE,89.2,6.57,0.34,0.48,1,1
OUTSIDE,89.2,0.45,2.33,2.98,1,1
OUTSIDE,90.7,0.42,0.4,0.86,6,4
OUTSIDE,89.6,5.3,2.04,0.72,2,2
OUTSIDE,89.5,4.49,0.22,1.65,1,1
OUTSIDE,89.9,0.7,0.04,1.11,2,2
OUTSIDE,89.7,0.58,0.18,0.39,1,1
OUTSIDE,89.9,0.35,0.08,2.84,1,1
OUTSIDE,90.7,0.02,1.2,0.0,3,3
OUTSIDE,90.4,0.07,0.45,0.6,3,3
OUTSIDE,90.2,0.04,2.29,0.0,2,2
OUTSIDE,90.5,0.05,1.16,0.38,2,2
OUTSIDE,90.8,0.19,1.0,0.39,2,1
OUTSIDE,90.2,0.32,0.9,0.18,1,1
OUTSIDE,90.5,0.84,2.53,0.02,3,3
OUTSIDE,90.3,2.75,0.08,0.82,1,1
OUTSIDE,90.6,0.36,1.71,0.01,2,2
OUTSIDE,90.4,0.01,0.19,0.17,1,1
OUTSIDE,90.7,0.32,1.75,0.0,2,1
OUTSIDE,91.0,0.12,0.57,1.82,2,2
OUTSIDE,90.7,0.1,2.28,0.71,3,3
OUTSIDE,91.2,0.38,0.65,0.01,1,1
OUTSIDE,91.2,0.01,0.4,0.21,1,1
OUTSIDE,91.5,0.13,1.26,2.82,1,1
INSIDE,87.2,1.36,4.7,0.73,329,89
INSIDE,87.2,2.13,4.59,2.49,373,91
INSIDE,87.0,4.4,4.69,2.55,250,88
INSIDE,87.0,2.1,1.24,1.3,61,35
INSIDE,86.5,0.2,0.6,2.52,20,16
INSIDE,86.9,0.11,3.81,0.0,34,22
INSIDE,86.6,0.1,0.21,1.75,26,10
INSIDE,87.2,0.21,3.12,0.01,20,17
INSIDE,86.9,0.7,1.22,0.21,26,15
INSIDE,87.1,0.95,2.81,0.23,78,49
INSIDE,87.1,0.34,5.39,0.21,84,34
INSIDE,87.3,0.49,4.49,1.27,43,27
INSIDE,86.5,0.39,0.63,2.57,55,25
INSIDE,86.8,0.94,0.69,2.67,56,30
INSIDE,87.2,0.08,0.08,1.41,25,12
INSIDE,87.0,2.22,0.66,2.63,100,42
INSIDE,87.7,4.99,0.87,2.7,31,19
INSIDE,87.1,1.4,2.15,2.62,45,32
INSIDE,86.9,8.53,3.65,2.74,124,61
INSIDE,86.5,0.91,0.12,0.54,15,9
INSIDE,87.4,1.91,1.51,0.4,25,22
INSIDE,87.4,1.75,0.2,0.59,45,22
INSIDE,87.1,3.0,4.7,0.82,102,53
INSIDE,86.4,1.38,4.09,0.04,14,8
INSIDE,87.6,0.92,0.24,1.43,65,27
INSIDE,86.8,0.52,3.38,0.01,24,15
INSIDE,87.8,1.81,0.2,2.12,24,14
INSIDE,87.3,1.2,5.57,0.22,29,19
INSIDE,86.8,0.23,1.67,0.42,28,20
INSIDE,87.2,0.21,1.45,0.19,6,5
INSIDE,87.0,0.04,4.41,0.0,7,2
INSIDE,87.1,0.5,1.71,0.01,29,20
INSIDE,87.5,0.96,1.5,0.97,20,15
INSIDE,86.6,0.45,3.98,0.55,15,13
INSIDE,87.0,7.5,1.39,3.06,6,4
INSIDE,87.2,0.22,1.54,0.01,12,9
INSIDE,86.5,0.13,4.39,0.9,3,3
INSIDE,85.8,2.77,0.18,0.25,3,3
INSIDE,87.1,0.67,0.8,0.75,13,12
INSIDE,87.6,0.34,0.2,1.75,11,6
INSIDE,87.4,3.23,2.06,2.56,18,16
INSIDE,88.0,3.93,0.32,1.0,3,3
INSIDE,87.1,3.79,5.62,0.38,10,7
INSIDE,87.3,0.09,0.25,0.42,11,9
INSIDE,85.8,0.32,0.55,0.17,1,1
INSIDE,87.2,0.22,0.58,0.01,7,7
INSIDE,87.4,0.51,1.71,1.6,8,7
INSIDE,87.0,0.42,0.2,0.51,10,10
INSIDE,87.1,0.47,4.58,2.86,33,14
INSIDE,87.9,0.06,1.08,0.0,24,12
INSIDE,87.8,0.11,1.27,0.0,16,13
INSIDE,86.7,0.16,4.1,0.22,5,5
INSIDE,86.8,0.19,1.41,2.47,2,2
INSIDE,86.5,0.14,4.66,2.52,3,3
INSIDE,87.8,0.17,0.08,1.48,12,9
INSIDE,86.1,1.6,0.42,0.38,1,1
INSIDE,87.1,0.2,4.45,0.66,3,2
INSIDE,86.6,1.99,1.28,0.17,2,2
INSIDE,86.8,0.33,2.21,0.0,2,2
INSIDE,87.9,1.51,0.97,0.04,9,8
INSIDE,87.0,0.2,0.3,0.72,7,5
INSIDE,86.6,0.03,0.55,0.0,4,4
INSIDE,87.0,0.31,5.39,0.0,3,3
INSIDE,87.3,6.25,5.83,0.85,6,5
INSIDE,88.0,0.79,0.1,1.08,3,3
INSIDE,88.0,4.5,0.25,1.63,6,3
INSIDE,87.0,4.04,2.58,0.38,3,3
INSIDE,86.7,0.01,0.51,0.0,1,1
INSIDE,86.8,0.04,0.21,0.24,1,1
INSIDE,86.8,0.8,5.74,2.7,1,1
INSIDE,87.3,0.96,3.63,0.03,4,4
INSIDE,87.5,0.08,0.87,0.18,1,1
INSIDE,87.7,0.09,0.09,2.93,1,1
INSIDE,87.7,3.57,2.05,1.05,1,1
INSIDE,87.8,0.02,4.39,0.0,1,1
INSIDE,87.9,0.04,1.23,0.63,2,2
INSIDE,88.0,1.06,0.1,1.44,8,5
INSIDE,88.1,0.85,0.41,0.02,2,2
INSIDE,88.0,0.45,0.1,1.46,4,3
INSIDE,88.0,0.5,0.22,1.11,1,1
INSIDE,88.2,0.1,0.56,0.0,2,2
INSIDE,88.1,0.06,0.2,0.91,2,2
INSIDE,20.5,11.53,1.6,2.66,2,2
INSIDE,21.2,0.53,1.59,0.05,5,3
INSIDE,21.2,2.12,2.15,0.15,3,2
INSIDE,20.5,0.23,1.37,0.04,1,1
INSIDE,20.9,2.51,2.88,3.17,8,1
INSIDE,22.0,0.64,0.58,3.05,5,4
INSIDE,22.3,0.41,2.0,0.38,4,3
INSIDE,21.1,2.7,1.23,2.49,2,2
INSIDE,20.7,0.08,2.9,0.2,1,1
INSIDE,21.1,0.92,1.79,2.25,2,2
INSIDE,21.6,2.93,0.31,2.05,4,3
INSIDE,21.4,0.66,0.13,0.59,3,3
INSIDE,21.8,0.95,1.88,0.47,3,3
INSIDE,21.3,0.52,0.79,0.22,1,1
INSIDE,22.1,0.23,0.11,0.59,1,1
INSIDE,22.3,0.06,2.73,0.01,1,1
INSIDE,22.4,0.17,0.16,0.21,1,1
RAIL,30.0,0.04,0.16,0.12,30,16
RAIL,30.1,0.59,0.2,0.74,127,58
RAIL,29.7,0.9,0.5,0.62,213,61
RAIL,29.4,1.04,0.06,0.86,12,8
RAIL,30.0,0.65,0.2,0.32,93,52
RAIL,29.9,0.27,0.17,0.23,67,38
RAIL,30.9,0.29,0.57,0.15,44,16
RAIL,29.7,1.49,0.07,0.12,4,4
RAIL,29.9,0.32,0.37,0.36,105,43
RAIL,29.4,2.08,0.22,0.4,4,3
RAIL,29.6,1.92,0.2,0.94,22,18
RAIL,29.1,0.12,0.26,0.64,6,6
RAIL,29.4,0.8,0.21,0.17,8,7
RAIL,30.1,0.09,0.16,0.31,10,9
RAIL,28.8,0.78,0.68,0.25,3,2
RAIL,29.1,0.15,0.06,0.21,21,13
RAIL,30.1,0.2,0.27,0.09,3,3
RAIL,29.1,0.12,0.11,0.12,36,12
RAIL,28.7,0.25,0.06,0.19,1,1
RAIL,29.1,1.86,0.68,0.81,18,13
RAIL,30.2,0.28,0.19,0.95,17,14
RAIL,29.0,0.36,0.04,0.88,7,5
RAIL,28.8,0.23,0.01,0.99,1,1
RAIL,30.8,0.19,0.61,0.16,9,5
RAIL,28.9,0.09,0.08,1.02,1,1
RAIL,29.8,3.27,0.15,0.91,4,2
RAIL,29.6,0.34,0.33,0.92,4,4
RAIL,29.7,0.34,0.69,0.54,4,3
RAIL,31.0,1.03,0.07,0.41,3,3
RAIL,30.4,0.04,0.11,0.21,2,2
RAIL,30.6,0.09,0.31,0.14,4,3
RAIL,30.3,0.9,0.1,0.07,1,1
RAIL,30.9,0.23,0.17,0.06,2,2
RAIL,30.5,0.15,0.03,0.82,1,1
RAIL,30.8,6.04,0.34,0.03,1,1
RAIL,31.0,0.13,0.56,0.48,1,1
RAIL,31.2,0.88,0.44,0.01,1,1
OUTSIDE,83.8,4.85,1.19,2.31,59,38
OUTSIDE,84.6,2.16,0.11,0.4,5,3
OUTSIDE,84.2,0.79,1.66,0.21,32,21
OUTSIDE,84.1,0.08,1.56,0.0,36,20
OUTSIDE,84.3,0.21,0.38,1.44,75,31
OUTSIDE,84.2,2.04,1.09,2.0,120,55
OUTSIDE,84.1,0.09,0.56,0.96,19,10
OUTSIDE,84.2,1.9,0.35,1.38,173,57
OUTSIDE,84.1,0.56,0.73,1.79,92,51
OUTSIDE,84.5,0.8,0.25,1.14,43,34
OUTSIDE,84.0,4.47,0.61,1.86,54,31
OUTSIDE,83.9,1.44,0.63,1.84,48,32
OUTSIDE,84.7,1.23,2.16,0.66,42,28
OUTSIDE,84.2,1.41,0.2,0.36,5,4
OUTSIDE,84.5,0.91,1.78,0.64,41,30
OUTSIDE,82.9,0.01,0.56,0.0,13,11
OUTSIDE,84.3,1.09,0.41,0.21,10,9
OUTSIDE,82.8,0.27,1.08,0.2,3,3
OUTSIDE,84.8,1.1,1.62,0.03,6,6
OUTSIDE,84.3,0.35,1.74,0.01,17,15
OUTSIDE,83.8,0.26,0.57,0.01,8,8
OUTSIDE,82.7,1.39,0.05,1.88,3,3
OUTSIDE,84.3,0.28,0.51,2.55,14,11
OUTSIDE,84.0,0.82,0.21,2.41,5,4
OUTSIDE,84.1,8.87,0.63,1.93,7,6
OUTSIDE,84.0,0.07,0.74,0.0,52,24
OUTSIDE,83.6,1.85,0.19,0.56,9,8
OUTSIDE,85.0,2.83,1.06,0.74,4,3
OUTSIDE,84.5,4.22,0.42,1.31,10,7
OUTSIDE,83.7,4.11,0.68,1.26,4,4
OUTSIDE,84.2,1.37,0.48,0.67,8,7
OUTSIDE,84.2,0.07,0.27,1.6,10,6
OUTSIDE,84.9,0.61,2.34,0.64,5,5
OUTSIDE,83.0,1.05,0.68,0.01,1,1
OUTSIDE,84.2,0.32,0.15,1.89,7,7
OUTSIDE,83.9,0.45,0.37,0.24,7,7
OUTSIDE,84.2,0.12,0.09,1.47,13,8
OUTSIDE,84.0,0.21,1.35,2.26,8,7
OUTSIDE,84.0,0.09,0.31,0.39,5,5
OUTSIDE,83.7,0.27,1.39,0.59,8,7
OUTSIDE,83.9,0.18,1.39,0.0,4,4
OUTSIDE,84.2,0.16,1.63,0.01,15,11
OUTSIDE,84.1,0.76,0.07,0.8,2,2
OUTSIDE,83.4,2.11,2.2,0.24,4,4
OUTSIDE,84.0,2.79,2.12,0.07,2,2
OUTSIDE,83.7,0.33,0.17,0.54,4,3
OUTSIDE,83.9,0.03,0.39,0.29,4,4
OUTSIDE,84.3,2.84,0.39,0.62,3,2
OUTSIDE,83.5,0.07,0.05,0.99,1,1
OUTSIDE,83.9,1.2,0.64,0.04,1,1
OUTSIDE,84.9,0.03,0.6,0.0,5,5
OUTSIDE,84.1,0.97,1.88,2.28,1,1
OUTSIDE,84.1,0.34,0.05,0.61,1,1
OUTSIDE,84.3,1.8,1.13,0.23,3,3
OUTSIDE,84.2,0.09,0.76,0.35,1,1
OUTSIDE,85.4,0.03,0.27,0.18,3,3
OUTSIDE,84.4,0.26,2.29,0.16,1,1
OUTSIDE,84.4,0.1,1.63,0.76,1,1
OUTSIDE,84.9,0.13,0.24,2.16,3,3
OUTSIDE,85.2,0.03,1.19,0.0,3,3
OUTSIDE,84.8,0.04,0.5,0.15,1,1
OUTSIDE,85.0,0.47,1.68,2.83,1,1
OUTSIDE,85.0,0.17,1.93,0.0,1,1
OUTSIDE,85.2,0.05,0.19,0.17,1,1
OUTSIDE,96.1,0.04,0.86,0.0,104,41
OUTSIDE,95.7,1.29,1.25,0.7,127,62
OUTSIDE,96.2,0.55,1.42,0.2,40,23
OUTSIDE,95.7,5.21,1.2,2.42,44,29
OUTSIDE,95.7,0.46,0.48,1.24,139,69
OUTSIDE,96.4,0.07,0.36,0.81,32,21
OUTSIDE,95.7,0.54,0.22,1.41,72,29
OUTSIDE,95.9,1.63,0.33,0.96,167,76
OUTSIDE,95.4,0.14,1.02,0.0,9,6
OUTSIDE,95.8,1.68,0.78,2.25,215,82
OUTSIDE,95.9,1.57,0.3,1.62,102,46
OUTSIDE,96.0,2.25,1.93,1.65,42,28
OUTSIDE,95.3,1.06,1.21,0.03,15,15
OUTSIDE,95.9,0.05,0.32,0.2,28,17
OUTSIDE,95.8,3.73,0.62,2.0,53,36
OUTSIDE,95.5,1.92,0.12,0.43,6,6
OUTSIDE,96.1,0.42,0.24,0.23,17,13
OUTSIDE,95.9,1.75,1.65,0.22,15,13
OUTSIDE,96.1,0.1,1.84,0.0,66,23
OUTSIDE,96.2,0.72,1.85,2.27,20,15
OUTSIDE,95.6,0.86,0.44,0.98,28,24
OUTSIDE,96.4,0.09,0.53,1.72,5,3
OUTSIDE,94.9,0.22,0.79,0.01,5,5
OUTSIDE,95.1,0.01,0.61,0.0,7,7
OUTSIDE,95.6,0.51,0.61,2.59,32,15
OUTSIDE,95.7,1.84,0.42,1.85,10,10
OUTSIDE,94.8,0.02,0.4,0.21,4,3
OUTSIDE,95.6,0.75,0.77,0.26,19,16
OUTSIDE,96.2,0.13,0.24,1.56,38,19
OUTSIDE,95.8,0.74,1.67,0.01,5,5
OUTSIDE,96.6,0.1,0.07,1.23,17,7
OUTSIDE,96.5,0.18,0.53,0.81,13,10
OUTSIDE,95.7,0.78,0.28,0.3,10,10
OUTSIDE,95.9,0.84,0.17,1.14,6,5
OUTSIDE,96.2,0.27,1.34,0.6,28,15
OUTSIDE,96.5,0.56,2.27,0.62,9,9
OUTSIDE,95.7,0.14,0.4,0.2,8,8
OUTSIDE,94.8,0.15,0.22,0.62,1,1
OUTSIDE,96.4,0.99,0.07,1.47,13,10
OUTSIDE,94.8,1.7,0.67,0.52,1,1
OUTSIDE,95.2,1.17,2.12,0.03,3,3
OUTSIDE,95.7,0.03,0.1,0.68,3,3
OUTSIDE,95.4,0.18,1.21,2.4,2,2
OUTSIDE,95.8,0.88,0.46,0.2,7,7
OUTSIDE,96.2,0.24,1.62,0.01,22,16
OUTSIDE,96.0,0.09,0.94,0.0,22,15
OUTSIDE,95.9,0.96,1.54,0.2,12,5
OUTSIDE,96.0,0.2,0.56,2.59,4,3
OUTSIDE,95.9,0.27,0.07,1.07,10,3
OUTSIDE,96.4,0.3,2.31,0.01,13,12
OUTSIDE,95.3,0.23,0.45,0.19,1,1
OUTSIDE,95.5,5.47,0.35,2.49,1,1
OUTSIDE,95.5,0.87,0.22,2.27,1,1
OUTSIDE,96.4,0.98,0.26,0.01,2,2
OUTSIDE,96.7,3.97,1.44,0.59,3,3
OUTSIDE,95.7,0.0,0.46,0.0,1,1
OUTSIDE,96.2,0.16,1.14,0.2,2,2
OUTSIDE,96.0,0.4,0.09,0.93,1,1
OUTSIDE,96.5,1.78,0.84,0.21,3,3
OUTSIDE,96.3,0.01,0.18,1.16,1,1
OUTSIDE,96.3,0.08,1.18,0.18,1,1
OUTSIDE,96.4,0.55,1.63,0.02,2,2
OUTSIDE,96.7,1.93,0.24,0.23,2,2
OUTSIDE,96.7,0.21,2.17,0.0,2,2
OUTSIDE,96.8,0.18,0.06,1.04,1,1
OUTSIDE,97.4,5.49,2.06,0.23,1,1
RAIL,19.7,2.37,0.23,1.12,34,12
RAIL,20.7,0.85,0.07,0.81,9,7
RAIL,20.6,0.08,0.15,0.65,2,2
RAIL,20.9,1.54,0.67,0.99,7,3
RAIL,20.5,0.25,0.17,0.31,21,14
RAIL,20.9,0.27,0.29,0.21,12,7
RAIL,20.6,0.44,0.47,0.58,26,10
RAIL,20.4,0.73,0.86,0.73,2,2
RAIL,21.0,0.1,0.12,0.13,12,4
RAIL,21.3,0.08,0.1,0.19,9,3
RAIL,20.7,0.97,0.31,1.02,5,4
RAIL,20.0,0.13,0.21,0.51,1,1
RAIL,20.3,0.09,0.11,0.04,2,2
RAIL,20.5,1.37,0.05,1.17,1,1
RAIL,20.9,0.7,0.3,0.21,4,4
RAIL,21.6,0.54,0.11,0.97,2,2
RAIL,21.7,0.24,0.1,0.19,3,2
RAIL,21.2,0.03,0.17,0.13,1,1
RAIL,21.8,1.01,0.36,0.44,1,1
RAIL,22.0,0.9,0.15,0.32,2,2
RAIL,22.0,0.18,0.1,0.19,2,1
RAIL,22.1,1.57,0.9,0.51,1,1
RAIL,22.1,1.84,0.17,0.48,1,1
INSIDE,84.2,0.23,5.3,0.0,16,9
INSIDE,83.9,0.28,5.53,0.19,53,23
INSIDE,84.2,2.25,4.7,2.52,399,93
INSIDE,84.0,5.36,4.43,2.65,541,104
INSIDE,84.1,10.89,3.75,2.85,84,47
INSIDE,83.7,2.53,5.35,0.82,162,63
INSIDE,84.8,0.96,0.04,1.37,3,3
INSIDE,83.9,1.72,5.35,0.73,422,86
INSIDE,84.1,2.71,0.8,2.69,126,37
INSIDE,84.2,1.37,1.28,0.64,68,33
INSIDE,83.7,0.1,2.25,0.0,40,19
INSIDE,84.0,0.48,1.64,0.01,31,24
INSIDE,84.1,0.09,0.07,1.5,37,10
INSIDE,84.2,0.21,0.49,2.51,52,22
INSIDE,83.9,0.45,4.24,0.57,35,24
INSIDE,83.9,1.03,0.24,1.75,88,26
INSIDE,84.5,0.98,0.66,2.66,103,47
INSIDE,83.7,4.29,1.75,2.91,35,26
INSIDE,84.0,0.59,5.08,1.81,42,28
INSIDE,84.1,1.15,4.35,0.22,69,38
INSIDE,84.2,3.35,4.72,0.45,16,15
INSIDE,83.9,0.14,4.36,1.3,7,5
INSIDE,83.7,0.43,3.62,0.01,34,23
INSIDE,84.3,0.97,0.17,0.51,29,15
INSIDE,83.9,0.34,1.52,0.19,10,9
INSIDE,84.5,0.18,1.75,0.01,25,17
INSIDE,84.6,1.29,1.67,0.22,25,23
INSIDE,83.8,0.24,0.27,0.43,4,4
INSIDE,83.7,9.71,5.89,0.91,4,3
INSIDE,84.8,0.81,0.26,0.18,6,6
INSIDE,84.3,0.1,0.19,1.37,15,9
INSIDE,84.3,0.78,1.79,2.59,16,14
INSIDE,84.2,2.33,1.1,0.25,18,12
INSIDE,84.6,0.05,1.36,0.0,9,9
INSIDE,84.4,0.03,0.07,1.22,6,4
INSIDE,84.7,2.59,0.23,1.69,10,8
INSIDE,84.3,1.69,1.88,2.44,36,25
INSIDE,82.7,1.8,0.01,0.24,1,1
INSIDE,84.7,0.56,5.39,0.21,7,5
INSIDE,82.9,0.03,0.39,0.51,3,2
INSIDE,83.0,0.34,0.19,1.51,5,5
INSIDE,84.5,1.38,4.21,0.04,16,10
INSIDE,84.2,0.38,1.45,0.55,19,18
INSIDE,84.2,1.2,0.06,0.49,6,5
INSIDE,83.8,1.79,0.39,0.67,13,9
INSIDE,84.5,2.65,0.2,0.47,24,10
INSIDE,83.7,1.16,0.1,1.7,3,1
INSIDE,84.3,0.04,0.59,0.0,8,6
INSIDE,84.0,0.3,4.74,2.73,15,9
INSIDE,84.6,2.81,1.6,0.99,8,7
INSIDE,84.6,0.17,4.27,0.01,17,10
INSIDE,83.4,1.06,1.64,0.03,5,5
INSIDE,84.1,0.07,0.35,0.19,4,4
INSIDE,83.3,0.13,0.08,2.6,8,5
INSIDE,83.3,0.11,0.78,0.76,3,3
INSIDE,83.2,1.06,0.61,0.03,4,4
INSIDE,84.3,0.59,5.39,2.79,19,13
INSIDE,84.3,0.38,0.68,2.37,18,11
INSIDE,84.1,1.09,2.39,2.68,6,4
INSIDE,85.0,0.58,0.44,0.68,6,6
INSIDE,84.3,0.11,3.28,0.2,3,3
INSIDE,84.2,5.3,0.3,0.53,9,7
INSIDE,85.0,2.62,4.23,0.04,4,1
INSIDE,83.8,0.37,2.05,1.33,2,2
INSIDE,85.1,3.3,2.05,0.6,6,6
INSIDE,83.6,0.11,1.87,0.51,1,1
INSIDE,85.2,0.1,5.19,0.0,4,3
INSIDE,83.8,2.81,2.0,0.26,1,1
INSIDE,84.2,0.47,0.95,0.2,2,2
INSIDE,83.8,0.09,0.91,0.0,1,1
INSIDE,84.1,0.4,0.53,0.01,2,2
INSIDE,83.9,0.55,0.88,0.7,1,1
INSIDE,84.2,0.37,0.14,0.72,1,1
INSIDE,84.4,12.26,5.82,0.71,3,3
INSIDE,84.5,0.13,3.77,0.45,1,1
INSIDE,84.6,1.06,0.29,3.62,1,1
INSIDE,84.6,0.1,0.41,1.07,1,1
INSIDE,85.0,0.14,0.96,2.74,1,1
INSIDE,85.2,8.93,0.53,0.61,1,1
INSIDE,85.3,1.71,1.82,0.06,1,1
INSIDE,85.3,0.25,2.06,0.0,1,1
INSIDE,85.3,0.07,0.27,2.69,1,1
INSIDE,85.5,0.2,0.45,0.0,1,1
RAIL,89.9,0.14,0.3,0.23,51,27
RAIL,90.1,0.35,0.36,0.36,39,25
RAIL,89.9,0.32,0.22,0.32,17,15
RAIL,89.8,0.37,0.29,0.73,20,19
RAIL,88.6,1.51,1.3,0.0,1,1
RAIL,89.1,3.64,0.7,1.15,5,3
RAIL,90.3,1.0,0.51,0.76,22,15
RAIL,89.8,0.12,0.18,0.52,8,5
RAIL,89.7,1.98,0.21,0.8,7,7
RAIL,88.9,1.02,0.5,0.36,3,3
RAIL,90.8,1.12,0.2,0.36,7,7
RAIL,89.8,0.27,0.52,0.8,5,4
RAIL,89.9,0.11,0.3,0.79,8,5
RAIL,89.4,0.06,0.47,0.0,3,3
RAIL,89.3,0.75,1.15,0.73,3,1
RAIL,90.6,0.04,0.31,0.23,3,3
RAIL,89.7,3.01,1.01,0.15,1,1
RAIL,90.1,0.1,0.06,0.7,2,2
RAIL,90.2,0.1,0.63,1.16,1,1
RAIL,90.9,2.93,0.29,0.36,1,1
INSIDE,95.7,0.06,4.43,0.0,120,22
INSIDE,95.9,3.21,4.61,2.5,252,75
INSIDE,95.8,1.4,4.59,1.73,258,77
INSIDE,95.4,0.09,0.11,1.39,13,8
INSIDE,95.7,10.8,3.1,2.83,20,17
INSIDE,95.9,1.5,4.66,0.65,215,65
INSIDE,95.9,1.26,3.76,0.24,151,64
INSIDE,96.0,0.84,1.38,1.27,42,28
INSIDE,96.1,0.34,2.2,0.01,66,33
INSIDE,96.2,1.37,1.4,0.23,30,23
INSIDE,95.6,1.4,1.19,0.04,30,17
INSIDE,95.8,0.4,0.69,0.41,18,14
INSIDE,95.8,1.06,0.37,2.15,35,21
INSIDE,96.6,0.12,0.25,3.17,9,3
INSIDE,95.6,0.32,2.08,0.66,19,14
INSIDE,95.8,0.15,3.49,0.0,62,34
INSIDE,95.9,0.09,0.97,0.0,35,18
INSIDE,95.0,0.21,0.47,2.88,7,5
INSIDE,95.5,3.67,4.77,0.93,45,31
INSIDE,95.7,0.57,4.65,0.64,67,44
INSIDE,95.9,0.28,5.47,0.21,90,33
INSIDE,95.8,0.04,0.87,0.0,11,10
INSIDE,96.1,2.53,1.08,2.55,69,33
INSIDE,96.4,1.08,0.36,1.06,31,16
INSIDE,96.1,1.83,1.45,0.68,43,31
INSIDE,96.0,0.26,5.53,0.01,13,10
INSIDE,95.8,4.97,1.11,2.83,31,14
INSIDE,95.9,0.06,1.64,0.0,19,15
INSIDE,95.9,0.58,3.34,0.24,27,20
INSIDE,95.3,0.54,0.1,1.4,7,4
INSIDE,95.6,0.2,1.03,0.01,10,8
INSIDE,96.1,1.1,0.16,0.88,25,13
INSIDE,96.1,0.43,4.56,2.5,24,13
INSIDE,96.1,3.39,4.37,1.31,5,5
INSIDE,96.1,0.32,5.42,0.0,14,7
INSIDE,95.8,1.19,3.4,0.03,28,20
INSIDE,95.7,0.55,5.83,0.2,17,8
INSIDE,97.4,1.31,0.48,0.22,31,7
INSIDE,96.3,0.13,1.57,0.0,11,10
INSIDE,95.6,0.26,1.65,0.23,16,15
INSIDE,96.8,1.07,0.23,1.34,19,12
INSIDE,96.6,0.11,0.88,0.24,9,7
INSIDE,95.2,0.07,0.3,0.18,5,4
INSIDE,96.5,0.23,4.96,0.92,10,9
INSIDE,96.0,1.75,2.37,2.51,8,8
INSIDE,96.5,0.24,0.26,1.13,13,11
INSIDE,95.8,0.4,0.68,2.68,16,10
INSIDE,96.4,1.0,0.08,1.48,12,9
INSIDE,95.7,0.15,3.25,0.01,2,2
INSIDE,96.2,0.11,3.58,0.61,5,4
INSIDE,95.8,2.7,0.17,0.39,3,3
INSIDE,95.0,0.02,0.94,0.73,1,1
INSIDE,96.2,0.77,1.19,0.02,8,7
INSIDE,95.3,10.02,1.12,3.12,5,4
INSIDE,96.7,2.99,0.41,2.34,6,6
INSIDE,97.2,2.49,0.41,1.38,8,5
INSIDE,95.2,0.08,3.32,0.21,5,5
INSIDE,96.1,1.56,0.06,0.56,2,2
INSIDE,95.7,0.94,2.19,2.82,3,3
INSIDE,96.7,0.03,0.36,0.21,3,2
INSIDE,95.8,1.04,0.42,0.49,3,3
INSIDE,96.1,9.44,4.1,1.11,5,3
INSIDE,97.0,0.1,0.34,0.93,5,5
INSIDE,96.0,0.14,4.71,2.63,2,1
INSIDE,96.1,0.14,3.82,0.52,2,2
INSIDE,95.4,1.32,0.33,0.04,1,1
INSIDE,95.4,0.23,0.66,0.19,1,1
INSIDE,95.9,0.05,0.07,1.66,3,3
INSIDE,95.5,0.77,0.65,3.47,1,1
INSIDE,95.7,0.44,0.83,0.0,1,1
INSIDE,97.2,0.48,0.68,0.01,3,3
INSIDE,96.9,2.98,0.16,1.17,5,2
INSIDE,96.4,3.61,1.4,0.26,3,3
INSIDE,96.3,1.25,4.17,0.01,2,2
INSIDE,96.2,3.01,4.0,0.27,1,1
INSIDE,96.4,1.02,0.04,1.47,1,1
INSIDE,96.5,0.61,1.38,0.53,2,2
INSIDE,96.5,0.17,0.11,0.64,1,1
INSIDE,96.6,0.13,0.07,1.42,1,1
INSIDE,97.5,3.59,1.19,1.0,3,3
INSIDE,97.4,0.61,1.15,0.2,1,1
INSIDE,116.1,1.09,1.04,0.03,4,4
INSIDE,117.5,6.35,2.83,2.61,3,3
INSIDE,116.5,1.64,2.4,0.25,21,16
INSIDE,117.3,0.1,0.26,3.18,8,4
INSIDE,117.0,0.4,4.8,0.24,43,25
INSIDE,117.3,1.74,5.1,0.04,11,8
INSIDE,117.0,0.08,1.38,0.0,74,39
INSIDE,115.6,1.05,0.36,0.02,1,1
INSIDE,117.0,0.27,2.29,0.01,69,34
INSIDE,116.3,0.98,0.36,0.93,33,17
INSIDE,116.2,0.67,3.92,0.73,60,38
INSIDE,116.7,0.29,0.6,0.0,2,2
INSIDE,116.8,0.08,4.17,0.0,164,42
INSIDE,116.1,0.45,3.99,0.01,83,22
INSIDE,116.9,0.16,3.3,0.0,71,32
INSIDE,116.6,1.95,5.33,0.41,39,25
INSIDE,117.0,0.18,4.04,0.23,13,12
INSIDE,116.6,2.33,4.47,1.57,30,19
INSIDE,116.9,1.8,0.29,0.39,3,3
INSIDE,116.6,3.87,1.41,1.68,5,3
INSIDE,116.8,0.04,0.59,0.0,4,2
INSIDE,116.7,0.09,0.12,2.93,10,4
INSIDE,115.8,0.62,4.42,1.85,6,3
INSIDE,116.6,0.73,5.7,0.73,6,6
INSIDE,116.9,0.99,2.43,0.03,45,21
INSIDE,117.0,0.18,1.46,0.0,16,11
INSIDE,116.7,1.47,0.95,1.0,19,13
INSIDE,116.6,0.18,4.37,0.49,112,9
INSIDE,116.5,1.71,1.9,1.06,6,4
INSIDE,116.8,0.26,0.65,0.28,2,2
INSIDE,116.8,1.66,0.93,0.6,8,7
INSIDE,117.5,4.7,0.95,2.54,4,4
INSIDE,116.9,0.03,4.11,0.0,5,4
INSIDE,115.9,0.12,3.78,0.39,1,1
INSIDE,116.3,4.33,5.77,0.38,2,2
INSIDE,116.8,2.42,0.38,0.68,4,4
INSIDE,116.6,0.23,3.71,0.01,17,6
INSIDE,116.7,0.81,0.07,0.44,3,2
INSIDE,116.0,0.92,1.01,0.0,1,1
INSIDE,117.7,1.89,5.36,0.2,5,5
INSIDE,117.3,1.1,0.12,1.52,3,3
INSIDE,116.8,2.04,1.4,0.09,12,9
INSIDE,116.5,1.05,3.88,0.04,2,2
INSIDE,116.1,0.03,0.42,0.99,1,1
INSIDE,117.0,0.17,0.45,1.01,4,4
INSIDE,116.8,0.43,2.48,0.23,6,1
INSIDE,116.5,0.35,0.64,0.01,2,2
INSIDE,117.2,0.8,0.77,0.25,2,2
INSIDE,116.4,0.1,0.09,1.47,2,2
INSIDE,116.6,0.04,0.23,0.23,3,3
INSIDE,116.5,0.28,0.5,2.49,1,1
INSIDE,116.6,0.11,1.05,0.01,1,1
INSIDE,118.1,0.84,4.34,2.8,3,2
INSIDE,117.0,0.49,1.02,0.88,4,4
INSIDE,117.1,0.34,0.15,1.04,3,2
INSIDE,116.9,5.44,1.2,3.93,1,1
INSIDE,117.5,0.01,1.31,0.0,2,2
INSIDE,117.3,1.02,0.31,1.88,1,1
INSIDE,117.4,2.57,5.51,0.93,1,1
INSIDE,117.5,0.07,0.33,0.96,1,1
INSIDE,117.7,0.26,0.06,0.8,1,1
INSIDE,117.9,0.57,1.09,0.01,1,1
INSIDE,118.3,1.87,0.51,0.19,1,1
RAIL,16.6,0.08,0.04,0.87,1,1
RAIL,19.4,2.17,0.26,1.11,40,13
RAIL,18.3,0.48,0.24,0.47,27,13
RAIL,18.4,0.47,0.54,1.04,15,5
RAIL,18.1,0.07,0.1,0.18,9,1
RAIL,18.4,0.15,0.06,0.21,130,9
RAIL,17.8,3.83,0.62,1.05,2,2
RAIL,18.7,0.55,0.34,0.2,9,7
RAIL,18.4,0.43,0.44,0.84,5,2
RAIL,18.5,0.19,0.16,0.57,6,5
RAIL,18.0,0.99,0.05,1.0,7,4
RAIL,17.4,0.56,0.39,0.39,1,1
RAIL,17.5,1.42,0.04,1.18,1,1
RAIL,18.5,0.2,0.04,0.2,5,4
RAIL,18.6,0.98,0.04,0.27,2,2
RAIL,18.8,0.18,0.06,0.89,1,1
RAIL,19.4,2.21,0.18,1.1,18,3
RAIL,19.3,0.86,0.1,0.2,1,1
RAIL,19.4,0.05,0.12,0.07,1,1
RAIL,80.9,0.38,0.26,0.72,35,21
RAIL,81.4,0.32,0.29,0.32,33,16
RAIL,81.2,0.59,0.47,0.89,12,8
RAIL,81.2,1.38,0.76,0.81,14,8
RAIL,81.9,0.17,0.3,0.33,10,7
RAIL,81.1,0.12,0.21,0.84,17,10
RAIL,80.8,1.14,0.29,0.89,17,15
RAIL,81.0,0.84,0.04,0.75,4,3
RAIL,80.8,2.44,0.22,1.11,6,6
RAIL,80.9,0.1,0.06,0.8,9,8
RAIL,81.4,0.95,0.7,0.22,9,7
RAIL,81.4,0.81,0.42,0.0,18,4
RAIL,81.9,0.39,0.86,0.33,7,3
RAIL,81.0,1.86,0.31,0.33,3,2
RAIL,81.7,0.07,0.34,0.32,7,4
RAIL,81.0,0.08,0.18,0.34,2,2
RAIL,80.4,0.36,0.59,0.0,1,1
RAIL,81.5,2.02,0.36,1.06,3,3
RAIL,80.6,1.71,0.77,0.01,1,1
RAIL,81.1,0.12,0.43,0.84,2,2
RAIL,81.8,0.51,1.03,0.85,4,3
RAIL,81.2,1.4,0.12,0.6,3,3
RAIL,81.6,0.2,0.15,0.33,1,1
RAIL,81.9,0.02,0.45,0.0,2,1
RAIL,81.8,6.07,0.18,1.09,1,1
RAIL,82.0,4.0,0.85,1.12,1,1
INSIDE,113.5,1.14,0.13,0.91,19,8
INSIDE,113.7,2.06,4.78,0.77,111,48
INSIDE,113.6,0.55,4.3,0.52,149,55
INSIDE,114.2,1.54,1.62,0.96,13,10
INSIDE,113.7,0.27,3.71,0.01,110,34
INSIDE,113.8,0.12,1.39,0.0,69,33
INSIDE,113.7,0.92,0.35,0.93,35,21
INSIDE,113.7,1.13,1.03,0.95,31,18
INSIDE,114.0,0.16,3.74,0.0,100,40
INSIDE,114.3,2.46,4.57,2.2,28,18
INSIDE,113.9,1.38,4.17,0.24,32,23
INSIDE,113.7,0.06,4.26,0.0,90,21
INSIDE,114.0,0.42,2.86,0.21,18,15
INSIDE,114.1,1.19,3.26,0.03,39,18
INSIDE,113.9,0.25,2.16,0.01,39,27
INSIDE,113.7,0.08,0.26,2.26,2,2
INSIDE,113.7,0.41,1.35,0.51,4,4
INSIDE,114.1,2.5,1.1,2.44,17,9
INSIDE,113.8,1.74,1.34,0.08,26,13
INSIDE,114.3,0.06,2.09,0.0,17,11
INSIDE,113.2,0.25,0.61,0.01,7,6
INSIDE,114.2,0.15,4.33,0.49,14,9
INSIDE,113.8,0.82,4.31,1.0,26,19
INSIDE,113.5,2.12,2.22,0.25,7,7
INSIDE,113.2,0.24,5.57,0.2,12,9
INSIDE,114.2,10.94,2.26,2.7,5,4
INSIDE,114.4,0.06,0.97,0.0,25,16
INSIDE,114.5,0.12,0.12,3.29,8,3
INSIDE,114.1,0.76,2.06,0.02,27,17
INSIDE,113.1,0.88,1.06,0.24,5,4
INSIDE,113.6,0.18,4.41,1.06,5,5
INSIDE,113.0,0.08,0.06,1.02,2,2
INSIDE,112.8,0.9,4.36,2.69,7,6
INSIDE,114.5,0.83,0.99,0.03,13,7
INSIDE,114.2,0.98,0.4,2.08,8,8
INSIDE,113.3,2.0,0.72,0.27,2,2
INSIDE,113.3,7.79,1.87,1.91,2,2
INSIDE,113.2,9.31,1.03,3.42,2,2
INSIDE,113.2,0.81,0.07,0.51,6,4
INSIDE,114.3,2.08,5.68,0.25,11,8
INSIDE,114.0,2.33,0.35,1.74,6,6
INSIDE,114.2,1.03,0.47,0.03,5,4
INSIDE,113.9,0.85,0.21,1.99,3,2
INSIDE,114.6,0.07,3.9,0.2,4,3
INSIDE,114.0,0.86,0.33,0.21,3,3
INSIDE,113.3,0.03,0.23,0.4,3,2
INSIDE,113.7,0.48,0.66,0.24,3,3
INSIDE,113.2,0.91,1.18,0.0,1,1
INSIDE,113.3,0.19,1.34,0.2,1,1
INSIDE,113.3,0.05,0.56,1.01,1,1
INSIDE,113.3,0.1,3.71,1.06,1,1
INSIDE,113.5,0.13,0.25,3.49,1,1
INSIDE,113.6,0.16,1.37,1.25,1,1
INSIDE,113.8,0.12,5.52,0.01,2,2
INSIDE,114.9,0.02,1.11,0.0,4,2
INSIDE,114.3,5.43,4.23,2.63,5,4
INSIDE,114.6,0.59,0.81,0.01,2,1
INSIDE,114.2,1.8,0.17,0.43,3,3
INSIDE,114.7,0.34,0.29,0.93,2,2
INSIDE,114.1,0.4,0.6,0.0,1,1
INSIDE,114.6,2.38,0.36,0.97,2,2
INSIDE,114.6,0.15,4.13,0.18,1,1
INSIDE,114.7,0.4,0.3,0.34,2,2
INSIDE,114.7,1.08,1.96,0.21,1,1
INSIDE,114.9,0.71,4.9,0.02,2,2
INSIDE,114.8,4.1,5.55,0.77,1,1
INSIDE,114.9,0.62,1.31,0.03,2,2
INSIDE,114.9,0.06,0.06,0.56,1,1
INSIDE,115.1,0.46,5.94,0.0,1,1
INSIDE,115.4,3.83,0.5,0.99,1,1
RAIL,73.6,1.0,0.05,0.33,1,1
RAIL,75.6,0.11,0.2,1.06,7,5
RAIL,75.2,1.91,0.33,0.81,11,7
RAIL,75.5,0.16,0.17,0.3,6,6
RAIL,74.3,0.75,0.16,0.79,4,4
RAIL,75.8,1.38,0.62,0.76,4,4
RAIL,74.8,0.18,0.4,0.29,2,1
RAIL,74.6,0.2,0.38,1.01,5,4
RAIL,75.3,0.08,0.18,0.33,2,2
RAIL,75.1,0.46,0.69,0.7,2,2
RAIL,74.6,0.82,0.42,0.0,1,1
RAIL,75.5,0.56,0.38,0.4,4,4
RAIL,75.2,0.65,0.31,0.2,2,2
RAIL,75.8,0.51,0.34,1.09,1,1
INSIDE,81.3,3.58,3.0,2.65,236,72
INSIDE,81.0,0.11,0.19,1.88,39,12
INSIDE,81.1,1.2,3.74,2.65,95,54
INSIDE,81.7,4.15,4.84,2.85,325,74
INSIDE,81.1,0.7,0.3,0.59,17,11
INSIDE,81.4,1.09,0.31,1.69,54,25
INSIDE,81.2,8.02,4.76,2.79,292,85
INSIDE,81.2,0.73,5.4,0.91,58,36
INSIDE,81.4,5.8,0.92,3.03,31,13
INSIDE,81.1,0.93,2.12,0.38,57,35
INSIDE,80.8,2.54,1.54,0.3,10,10
INSIDE,81.4,0.89,0.65,2.74,71,36
INSIDE,81.1,2.05,5.35,0.75,274,67
INSIDE,81.0,2.43,0.67,2.7,41,22
INSIDE,81.7,0.95,0.12,0.54,24,15
INSIDE,81.3,0.25,5.28,0.01,7,6
INSIDE,80.6,0.07,0.07,1.65,3,3
INSIDE,80.9,1.86,0.36,3.02,18,8
INSIDE,81.3,0.1,1.8,0.0,25,16
INSIDE,81.4,0.87,5.4,0.41,69,36
INSIDE,81.3,0.21,0.26,0.34,7,6
INSIDE,80.7,2.55,0.24,2.58,12,7
INSIDE,80.9,0.26,1.28,2.21,10,8
INSIDE,80.8,0.99,0.66,0.03,4,4
INSIDE,81.9,2.42,0.4,2.28,11,8
INSIDE,82.3,0.43,2.93,0.21,5,4
INSIDE,81.1,0.28,1.75,0.48,11,11
INSIDE,81.9,8.44,5.88,0.78,7,5
INSIDE,81.2,1.47,5.36,0.36,39,22
INSIDE,80.9,1.49,4.37,0.03,5,5
INSIDE,81.2,0.08,4.41,0.0,16,11
INSIDE,81.1,0.26,5.59,0.19,43,24
INSIDE,80.8,1.56,0.18,0.49,12,8
INSIDE,81.2,0.26,1.82,0.01,18,14
INSIDE,81.3,0.7,2.99,0.02,12,8
INSIDE,81.1,0.28,0.26,1.69,22,10
INSIDE,80.9,0.43,4.88,3.05,11,8
INSIDE,80.6,0.32,0.63,0.01,3,3
INSIDE,80.5,0.34,0.63,2.68,15,9
INSIDE,81.7,1.27,1.25,0.9,12,10
INSIDE,81.4,3.82,5.46,0.33,3,3
INSIDE,81.3,3.27,0.2,0.47,17,9
INSIDE,81.0,0.71,5.56,0.18,11,10
INSIDE,81.5,1.26,3.58,1.09,15,14
INSIDE,80.9,0.77,5.92,2.82,3,2
INSIDE,80.6,0.51,0.21,1.78,5,4
INSIDE,82.1,0.09,0.05,1.45,9,4
INSIDE,80.6,0.21,4.17,0.0,4,3
INSIDE,80.6,1.07,1.87,0.03,5,5
INSIDE,80.9,0.61,1.48,1.14,3,3
INSIDE,80.6,0.09,0.23,0.48,2,2
INSIDE,81.1,2.6,0.25,1.21,3,3
INSIDE,80.5,3.65,5.61,0.11,1,1
INSIDE,80.5,0.45,0.54,1.17,1,1
INSIDE,81.1,0.29,3.8,0.57,11,7
INSIDE,81.5,1.14,0.43,0.21,6,4
INSIDE,80.8,7.6,0.46,2.88,2,2
INSIDE,80.7,1.74,0.01,0.24,1,1
INSIDE,80.8,0.14,0.87,0.18,1,1
INSIDE,80.8,5.85,0.35,0.54,2,2
INSIDE,80.8,2.12,1.3,0.07,1,1
INSIDE,81.1,0.07,3.82,0.75,1,1
INSIDE,81.6,0.03,0.58,0.0,3,3
INSIDE,81.6,0.17,0.92,0.85,2,2
INSIDE,81.7,6.29,1.14,0.92,2,2
INSIDE,81.5,0.04,1.43,0.0,1,1
INSIDE,81.9,3.07,1.08,0.89,3,3
INSIDE,81.9,2.06,0.48,0.07,2,2
INSIDE,81.6,1.01,0.07,1.52,1,1
INSIDE,81.8,0.13,0.08,2.81,2,1
INSIDE,81.8,3.32,1.94,0.62,1,1
INSIDE,82.2,0.59,0.04,1.49,2,2
INSIDE,82.2,0.04,0.35,0.29,2,2
INSIDE,82.2,1.52,1.32,2.19,1,1
INSIDE,82.3,0.12,0.38,3.29,1,1
INSIDE,82.3,0.07,0.27,0.16,1,1
INSIDE,82.3,0.29,2.29,0.0,1,1
INSIDE,82.4,0.51,0.23,0.15,1,1
INSIDE,105.2,2.23,4.45,1.02,268,66
INSIDE,105.4,0.47,4.21,0.23,97,46
INSIDE,104.8,5.42,4.66,2.54,50,30
INSIDE,105.2,0.79,4.46,0.73,130,46
INSIDE,104.9,0.95,4.54,2.15,45,21
INSIDE,105.1,0.06,4.14,0.0,53,24
INSIDE,104.5,0.08,0.12,2.33,16,7
INSIDE,104.9,1.03,4.24,0.02,7,5
INSIDE,105.3,0.16,3.58,0.0,56,38
INSIDE,104.8,1.37,1.18,0.06,21,14
INSIDE,105.1,0.4,2.12,0.01,29,21
INSIDE,104.6,0.27,4.75,0.01,24,17
INSIDE,104.9,0.29,4.39,0.72,32,22
INSIDE,105.8,2.91,1.29,1.19,10,6
INSIDE,104.7,1.75,3.99,0.25,54,34
INSIDE,105.7,0.53,3.99,0.01,32,12
INSIDE,104.4,0.95,0.68,1.81,18,13
INSIDE,105.0,0.12,1.27,0.0,50,28
INSIDE,105.0,1.03,0.82,0.84,35,24
INSIDE,104.4,0.05,0.1,1.65,9,6
INSIDE,105.6,0.78,1.14,0.23,27,18
INSIDE,104.6,0.03,0.26,0.22,5,4
INSIDE,105.2,0.26,1.25,0.24,14,12
INSIDE,104.5,0.12,0.1,1.23,3,3
INSIDE,105.4,2.21,1.39,2.42,28,16
INSIDE,104.5,2.4,4.43,2.48,18,15
INSIDE,104.7,0.44,3.6,2.41,2,2
INSIDE,105.2,0.65,1.79,0.71,25,20
INSIDE,104.9,1.33,3.7,0.04,13,10
INSIDE,104.0,13.4,4.48,2.67,2,2
INSIDE,104.6,0.34,0.3,0.93,11,9
INSIDE,104.8,1.09,0.1,0.81,5,5
INSIDE,104.5,4.98,0.83,2.88,21,12
INSIDE,105.0,0.2,1.35,0.01,10,8
INSIDE,105.4,1.11,0.21,1.58,22,14
INSIDE,104.6,2.83,0.35,1.44,13,7
INSIDE,104.6,0.12,0.29,3.47,5,2
INSIDE,104.7,1.66,1.63,0.35,17,14
INSIDE,104.1,3.34,4.51,0.27,5,4
INSIDE,104.6,1.05,0.24,0.49,6,4
INSIDE,105.2,0.08,0.84,0.26,7,4
INSIDE,105.0,0.37,1.85,1.46,9,8
INSIDE,105.0,0.93,0.55,0.02,5,4
INSIDE,104.8,0.05,1.11,0.0,24,19
INSIDE,105.1,0.13,0.34,0.6,5,4
INSIDE,105.3,0.18,2.65,0.42,9,9
INSIDE,104.3,1.12,0.1,1.86,6,2
INSIDE,104.9,0.05,4.16,0.25,2,1
INSIDE,104.9,3.62,0.51,0.44,3,2
INSIDE,104.9,0.07,0.24,0.21,3,3
INSIDE,105.6,1.81,1.46,0.71,5,5
INSIDE,105.1,0.2,5.65,0.23,20,10
INSIDE,104.2,5.65,5.84,1.17,1,1
INSIDE,105.4,2.08,0.1,1.62,4,3
INSIDE,105.0,0.34,0.37,0.23,2,2
INSIDE,104.3,0.15,4.16,1.66,4,4
INSIDE,104.8,2.31,0.33,0.68,5,4
INSIDE,105.5,1.9,0.55,1.2,4,4
INSIDE,104.3,6.47,0.67,0.96,1,1
INSIDE,105.8,0.17,0.72,1.02,3,3
INSIDE,104.8,2.53,1.58,0.11,3,3
INSIDE,105.0,0.12,0.51,0.0,2,2
INSIDE,104.8,0.03,0.84,0.26,1,1
INSIDE,104.9,0.34,1.44,2.64,3,2
INSIDE,104.8,0.11,4.52,0.61,1,1
INSIDE,104.8,0.29,0.51,0.0,1,1
INSIDE,105.0,0.01,0.25,0.21,1,1
INSIDE,105.4,2.86,4.51,0.48,1,1
INSIDE,105.7,0.01,0.6,0.0,1,1
INSIDE,106.0,0.21,2.73,0.01,1,1
INSIDE,106.2,0.97,0.44,0.32,2,2
INSIDE,106.1,0.87,2.62,2.76,1,1
INSIDE,106.3,0.06,0.25,1.69,1,1
INSIDE,106.4,1.39,0.55,2.39,1,1
INSIDE,106.4,0.41,0.56,0.01,1,1
OUTSIDE,113.6,1.56,0.46,0.86,38,26
OUTSIDE,113.6,0.91,0.36,1.08,61,40
OUTSIDE,114.0,1.31,0.83,0.26,22,19
OUTSIDE,113.9,0.11,1.35,0.0,84,29
OUTSIDE,113.9,0.83,1.25,0.02,28,13
OUTSIDE,113.3,1.24,1.29,1.73,13,11
OUTSIDE,113.2,0.8,0.59,0.22,7,6
OUTSIDE,113.8,0.18,1.54,0.01,23,19
OUTSIDE,113.6,1.06,0.75,0.03,21,14
OUTSIDE,114.1,2.23,0.68,2.53,21,14
OUTSIDE,113.8,0.05,0.78,0.0,64,32
OUTSIDE,113.9,0.76,1.11,0.24,14,11
OUTSIDE,113.2,1.0,0.06,0.54,2,2
OUTSIDE,113.7,0.14,0.32,1.23,22,10
OUTSIDE,114.2,0.11,0.13,1.29,9,6
OUTSIDE,114.0,0.06,0.26,0.23,22,13
OUTSIDE,114.7,0.41,0.52,0.22,15,10
OUTSIDE,113.7,0.3,0.52,0.8,26,20
OUTSIDE,113.0,0.15,1.96,0.22,4,3
OUTSIDE,113.7,1.78,1.0,0.82,19,16
OUTSIDE,112.7,6.33,0.5,2.5,3,3
OUTSIDE,114.5,0.1,0.44,0.0,5,4
OUTSIDE,114.1,0.02,0.5,0.0,10,9
OUTSIDE,113.2,0.32,0.57,2.63,3,3
OUTSIDE,114.1,0.09,2.3,0.0,9,9
OUTSIDE,113.8,0.27,1.44,0.23,10,8
OUTSIDE,113.8,0.58,1.21,0.71,12,11
OUTSIDE,113.7,0.27,0.31,0.62,13,12
OUTSIDE,115.0,0.15,0.21,0.19,3,3
OUTSIDE,114.0,5.18,1.08,1.99,15,7
OUTSIDE,113.6,0.68,0.19,0.62,5,5
OUTSIDE,114.0,2.69,0.31,1.71,7,5
OUTSIDE,113.1,13.27,2.17,2.58,2,2
OUTSIDE,114.0,0.11,0.08,0.99,2,2
OUTSIDE,113.7,0.12,0.73,0.53,4,4
OUTSIDE,113.1,1.73,0.72,0.07,1,1
OUTSIDE,113.3,0.5,0.61,0.01,12,4
OUTSIDE,113.2,0.04,2.07,0.0,1,1
OUTSIDE,113.4,3.35,1.21,0.54,2,2
OUTSIDE,114.4,1.79,0.12,1.41,3,3
OUTSIDE,113.2,0.23,2.47,0.0,1,1
OUTSIDE,113.2,0.12,1.74,0.54,1,1
OUTSIDE,113.2,0.66,0.13,1.44,1,1
OUTSIDE,114.1,0.09,0.59,0.22,2,2
OUTSIDE,113.5,0.24,0.08,0.65,1,1
OUTSIDE,115.1,0.05,0.34,0.59,4,3
OUTSIDE,113.9,0.52,2.05,0.0,1,1
OUTSIDE,114.0,0.29,2.41,0.23,1,1
OUTSIDE,114.2,0.09,0.05,0.68,1,1
OUTSIDE,114.2,1.35,1.85,0.06,1,1
OUTSIDE,114.4,1.28,1.96,0.56,1,1
OUTSIDE,114.9,0.04,0.6,0.79,2,2
OUTSIDE,114.6,1.78,0.2,0.02,1,1
OUTSIDE,114.9,0.01,0.23,0.24,1,1
OUTSIDE,114.9,2.47,1.38,2.1,1,1
OUTSIDE,115.1,0.23,0.59,0.01,1,1
OUTSIDE,115.1,0.9,0.38,0.45,1,1
OUTSIDE,115.1,2.97,0.63,2.67,1,1
OUTSIDE,81.2,0.44,0.45,1.67,64,34
OUTSIDE,81.7,0.81,1.48,1.7,15,14
OUTSIDE,81.0,1.67,0.27,1.69,60,32
OUTSIDE,81.0,0.88,1.24,0.2,19,14
OUTSIDE,81.3,1.72,0.45,1.25,78,34
OUTSIDE,81.3,3.0,0.92,1.97,113,55
OUTSIDE,81.1,4.1,0.39,1.75,66,27
OUTSIDE,81.0,5.58,2.23,2.38,19,13
OUTSIDE,81.5,0.03,0.56,0.0,28,16
OUTSIDE,81.5,0.05,1.12,0.0,20,12
OUTSIDE,81.5,9.12,0.89,2.37,24,14
OUTSIDE,81.3,0.09,0.81,0.0,29,19
OUTSIDE,81.2,1.57,0.15,0.73,12,11
OUTSIDE,80.9,0.4,0.17,1.28,10,8
OUTSIDE,81.1,0.6,0.29,0.69,10,8
OUTSIDE,80.9,0.1,0.18,0.71,9,7
OUTSIDE,81.3,1.15,1.21,0.04,5,5
OUTSIDE,81.3,1.84,0.2,0.41,18,14
OUTSIDE,81.7,1.26,1.1,0.73,19,13
OUTSIDE,81.4,0.06,0.53,0.54,15,3
OUTSIDE,80.8,0.18,1.51,0.01,17,13
OUTSIDE,81.3,1.99,0.08,0.46,2,2
OUTSIDE,81.4,0.17,0.43,1.6,27,18
OUTSIDE,81.4,0.33,1.4,0.76,10,8
OUTSIDE,80.2,2.58,0.46,2.56,1,1
OUTSIDE,81.4,1.77,1.9,0.75,17,17
OUTSIDE,81.2,0.14,0.19,2.46,6,5
OUTSIDE,81.8,0.22,1.4,1.26,3,3
OUTSIDE,81.0,0.04,0.36,0.21,2,2
OUTSIDE,80.8,4.92,1.77,0.78,4,3
OUTSIDE,80.8,0.1,0.52,0.82,2,1
OUTSIDE,81.4,3.92,0.26,1.02,4,4
OUTSIDE,82.3,0.14,0.19,1.58,3,3
OUTSIDE,80.4,0.2,0.47,0.01,1,1
OUTSIDE,81.3,0.64,2.06,0.2,8,6
OUTSIDE,81.0,0.29,2.18,0.18,9,8
OUTSIDE,81.6,0.07,0.3,1.28,4,4
OUTSIDE,81.6,0.31,1.55,0.01,3,3
OUTSIDE,81.0,0.67,0.04,0.93,4,4
OUTSIDE,81.1,0.15,1.35,0.0,5,4
OUTSIDE,82.3,1.04,0.44,0.34,3,3
OUTSIDE,80.7,3.5,0.13,0.37,1,1
OUTSIDE,81.2,1.05,0.55,0.03,4,2
OUTSIDE,81.6,1.46,2.25,2.3,6,6
OUTSIDE,81.6,1.16,0.06,1.34,5,5
OUTSIDE,81.3,0.16,0.08,1.81,2,2
OUTSIDE,81.4,0.3,0.45,0.26,2,2
OUTSIDE,80.9,1.01,0.92,0.01,1,1
OUTSIDE,81.7,3.19,0.32,0.75,4,4
OUTSIDE,81.2,0.25,1.07,2.53,1,1
OUTSIDE,81.2,0.23,0.25,0.47,1,1
OUTSIDE,81.3,0.08,0.21,2.86,1,1
OUTSIDE,81.3,1.06,0.48,2.52,1,1
OUTSIDE,81.4,0.67,2.26,0.02,1,1
OUTSIDE,81.6,1.48,0.95,0.3,2,2
OUTSIDE,81.8,0.52,0.16,0.27,2,2
OUTSIDE,81.9,1.88,1.92,0.21,1,1
OUTSIDE,81.9,0.21,0.63,0.62,1,1
OUTSIDE,82.0,2.17,2.57,0.05,1,1
OUTSIDE,82.0,0.02,0.42,0.22,1,1
OUTSIDE,82.2,0.14,2.42,0.0,1,1
OUTSIDE,82.2,8.94,2.06,0.8,1,1
OUTSIDE,82.2,0.77,1.85,0.7,1,1
RAIL,116.7,1.14,0.21,0.47,4,4
RAIL,116.1,0.29,0.19,0.47,11,10
RAIL,117.0,0.15,0.28,0.48,18,10
RAIL,116.8,0.12,0.33,0.15,20,12
RAIL,117.3,2.4,0.9,0.17,3,3
RAIL,117.7,0.79,0.98,0.73,9,8
RAIL,116.6,0.78,0.81,0.16,11,8
RAIL,115.9,0.2,0.64,0.77,1,1
RAIL,116.8,2.23,0.74,0.74,8,6
RAIL,116.3,2.45,0.49,0.54,7,6
RAIL,117.5,0.97,1.03,0.0,3,2
RAIL,116.2,0.03,0.64,0.0,1,1
RAIL,116.9,0.05,0.27,0.24,10,7
RAIL,117.0,0.1,0.91,0.0,4,2
RAIL,117.2,1.06,0.38,0.44,7,6
RAIL,117.1,2.0,0.04,0.32,2,2
RAIL,117.0,0.1,0.07,0.66,3,3
RAIL,117.2,0.29,0.9,0.15,4,4
RAIL,116.8,0.15,0.15,0.26,2,2
RAIL,116.8,1.11,0.38,0.72,2,2
RAIL,117.8,0.02,0.24,0.15,3,2
RAIL,117.6,0.32,0.08,0.76,2,2
RAIL,117.0,0.02,0.19,0.48,1,1
RAIL,117.1,0.06,0.51,0.68,1,1
RAIL,117.6,2.68,0.2,0.7,1,1
RAIL,117.6,1.41,0.2,0.14,1,1
RAIL,117.8,0.26,0.27,0.18,1,1
RAIL,118.2,0.99,0.17,0.73,1,1
RAIL,15.4,0.23,0.11,0.21,8,4
RAIL,14.7,0.82,0.38,1.01,9,7
RAIL,15.6,0.31,0.25,0.62,10,6
RAIL,15.8,0.49,0.75,1.13,4,2
RAIL,14.3,0.06,0.06,0.18,1,1
RAIL,14.6,0.92,0.28,0.03,1,1
RAIL,16.2,2.67,0.64,1.05,5,4
RAIL,15.2,0.81,0.3,0.09,1,1
RAIL,15.3,2.87,0.08,0.53,1,1
RAIL,15.7,0.97,0.45,0.26,1,1
RAIL,15.7,0.15,0.03,0.15,1,1
RAIL,16.1,0.54,0.15,0.22,2,2
INSIDE,101.9,1.93,4.5,0.99,277,70
INSIDE,102.0,3.92,4.46,2.53,115,54
INSIDE,102.0,0.37,5.03,0.23,77,39
INSIDE,101.7,0.71,4.48,0.63,116,46
INSIDE,102.0,1.88,4.36,0.3,55,33
INSIDE,102.2,1.69,0.66,0.8,29,22
INSIDE,101.8,0.3,1.99,0.01,43,32
INSIDE,101.9,0.91,3.03,0.03,37,22
INSIDE,101.3,1.12,0.27,1.65,48,22
INSIDE,101.0,2.57,0.22,1.29,26,13
INSIDE,101.2,2.54,0.66,2.66,26,14
INSIDE,100.6,1.08,0.1,1.32,19,6
INSIDE,100.9,0.87,0.12,0.59,9,9
INSIDE,102.2,0.11,0.29,0.99,14,8
INSIDE,100.5,0.83,0.1,1.55,1,1
INSIDE,103.0,4.59,4.33,0.36,6,5
INSIDE,101.7,0.43,4.21,0.01,25,13
INSIDE,100.8,0.15,0.85,1.21,2,2
INSIDE,101.5,0.1,0.1,1.21,7,2
INSIDE,101.5,1.19,0.96,0.04,17,11
INSIDE,101.8,2.21,1.35,2.2,29,14
INSIDE,101.2,1.04,0.24,0.63,7,5
INSIDE,102.0,0.47,0.6,0.78,16,13
INSIDE,102.0,0.1,4.13,0.0,86,40
INSIDE,102.2,6.0,4.42,1.25,17,10
INSIDE,102.4,0.19,5.32,0.23,25,15
INSIDE,102.1,0.05,0.97,0.0,30,16
INSIDE,101.9,1.07,4.28,2.23,49,32
INSIDE,101.9,0.12,1.47,0.0,51,32
INSIDE,102.1,0.1,0.24,3.38,12,4
INSIDE,102.1,0.63,2.03,0.23,41,29
INSIDE,102.0,0.28,0.51,2.35,6,4
INSIDE,101.9,0.44,4.5,1.54,29,21
INSIDE,103.0,0.04,4.33,0.0,5,4
INSIDE,102.5,0.06,2.33,0.0,9,8
INSIDE,102.7,1.86,4.52,0.22,23,16
INSIDE,102.3,1.02,2.35,0.5,31,20
INSIDE,100.6,1.33,0.49,0.04,1,1
INSIDE,102.5,0.66,5.8,1.2,7,6
INSIDE,101.4,0.23,4.27,0.01,8,7
INSIDE,101.4,0.09,0.09,1.8,5,3
INSIDE,101.6,0.03,0.07,1.28,4,4
INSIDE,102.3,0.22,3.57,0.0,15,9
INSIDE,101.5,2.02,1.21,0.09,10,6
INSIDE,101.4,0.06,0.84,0.26,12,6
INSIDE,102.5,0.66,4.65,2.64,3,3
INSIDE,102.5,0.39,0.2,0.67,4,4
INSIDE,101.8,0.21,1.65,0.24,12,10
INSIDE,102.2,1.02,0.46,2.74,6,6
INSIDE,102.6,1.36,1.04,0.24,15,10
INSIDE,102.4,3.0,1.84,0.97,9,7
INSIDE,102.3,0.84,0.76,2.09,15,12
INSIDE,102.7,0.24,4.48,0.7,11,8
INSIDE,101.5,0.17,0.4,0.19,2,2
INSIDE,101.5,0.22,1.73,0.52,6,6
INSIDE,101.8,1.24,4.54,0.01,2,2
INSIDE,101.9,0.32,5.45,0.0,9,6
INSIDE,101.7,9.53,3.99,2.77,5,5
INSIDE,102.1,1.73,5.18,0.04,6,5
INSIDE,101.9,0.61,1.2,0.71,7,6
INSIDE,101.7,0.38,1.43,0.0,2,2
INSIDE,101.2,0.25,1.37,1.57,1,1
INSIDE,101.8,1.0,5.37,0.2,3,3
INSIDE,102.0,1.21,2.12,0.21,3,3
INSIDE,101.5,0.01,0.62,0.0,2,2
INSIDE,102.0,0.36,0.6,0.01,3,3
INSIDE,102.2,0.54,0.82,0.21,4,2
INSIDE,101.5,0.32,0.77,0.0,1,1
INSIDE,102.4,0.1,4.37,0.01,2,2
INSIDE,102.4,3.4,0.3,0.42,2,2
INSIDE,102.0,0.08,0.2,0.18,3,3
INSIDE,102.2,0.08,4.12,0.56,2,2
INSIDE,101.9,2.74,1.94,0.22,1,1
INSIDE,102.1,0.11,1.3,0.21,2,2
INSIDE,102.0,0.21,4.18,1.05,1,1
INSIDE,102.1,0.68,2.01,2.3,1,1
INSIDE,102.5,0.44,0.27,2.12,2,2
INSIDE,102.4,0.03,2.59,0.46,1,1
INSIDE,103.2,6.39,1.08,3.13,4,3
INSIDE,102.8,1.5,0.44,0.21,1,1
INSIDE,103.1,0.12,1.78,0.01,1,1
INSIDE,103.4,0.19,0.15,0.4,1,1
INSIDE,103.4,2.94,0.08,0.42,1,1
NEAR,103.7,2.23,0.33,1.56,4,4
NEAR,104.6,0.83,0.27,2.59,15,8
NEAR,105.0,0.06,0.12,2.08,17,8
NEAR,105.2,1.13,0.07,0.97,17,9
NEAR,105.5,0.61,0.27,0.74,11,9
NEAR,105.6,1.6,0.22,0.6,15,7
NEAR,105.6,0.86,0.92,0.21,3,3
NEAR,104.0,0.3,0.89,0.2,4,4
NEAR,104.6,1.35,0.99,1.55,12,9
NEAR,105.4,0.1,0.12,2.44,4,4
NEAR,105.3,0.17,1.21,0.0,4,4
NEAR,104.2,1.01,0.43,1.21,2,2
NEAR,105.3,3.92,1.24,2.64,3,3
NEAR,104.6,1.08,0.65,0.51,2,2
NEAR,104.2,0.34,1.31,0.01,2,2
NEAR,105.2,0.27,0.2,2.55,9,7
NEAR,105.2,0.04,0.1,0.65,2,1
NEAR,104.5,1.05,1.46,0.01,1,1
NEAR,104.8,0.06,0.55,0.0,2,2
NEAR,105.0,2.84,1.3,2.19,3,2
NEAR,104.7,4.19,0.2,0.53,1,1
NEAR,104.7,0.39,0.12,2.82,1,1
NEAR,105.0,0.09,1.38,0.0,3,3
NEAR,105.0,1.81,1.24,0.08,1,1
NEAR,105.4,0.99,0.12,2.34,2,2
NEAR,105.5,0.59,1.21,0.46,2,2
NEAR,105.2,0.02,0.62,0.0,1,1
NEAR,105.3,0.16,0.22,0.21,1,1
NEAR,105.7,1.52,0.05,0.47,2,2
NEAR,105.8,0.06,0.2,0.36,1,1
NEAR,105.8,0.13,0.11,1.7,1,1
NEAR,105.9,0.14,1.28,0.45,1,1
NEAR,106.2,0.02,1.48,0.0,1,1
NEAR,106.3,0.22,0.05,1.36,1,1
NEAR,106.4,1.07,1.23,0.03,1,1
RAIL,78.1,0.38,0.31,0.35,11,10
RAIL,78.0,0.2,0.3,0.77,12,7
RAIL,78.0,1.06,0.27,0.24,4,4
RAIL,77.9,2.71,0.25,1.07,5,4
RAIL,78.5,1.22,0.91,0.69,3,3
RAIL,77.5,0.95,0.46,0.77,8,7
RAIL,77.2,0.85,0.42,0.0,5,2
RAIL,78.0,0.16,0.18,0.32,13,8
RAIL,77.9,0.98,0.21,1.02,2,2
RAIL,77.3,0.06,0.18,0.32,3,3
RAIL,77.7,2.9,0.06,0.53,3,1
RAIL,78.8,0.11,0.21,0.87,7,6
RAIL,77.6,2.34,0.15,0.65,1,1
RAIL,78.4,0.06,0.61,0.26,2,2
RAIL,77.8,1.42,0.58,0.2,1,1
RAIL,77.9,1.21,1.25,0.32,1,1
RAIL,78.2,0.23,0.19,0.7,1,1
RAIL,78.4,0.44,0.54,0.86,1,1
INSIDE,77.4,0.45,0.33,0.49,5,4
INSIDE,77.8,1.75,1.27,2.71,40,24
INSIDE,78.2,0.28,0.2,2.2,9,6
INSIDE,77.8,2.9,4.88,2.65,64,44
INSIDE,78.8,1.01,0.14,2.25,3,3
INSIDE,78.0,8.99,5.48,3.02,29,25
INSIDE,78.3,5.97,3.46,2.92,14,14
INSIDE,78.2,2.7,0.39,1.52,8,6
INSIDE,77.8,1.17,0.23,2.1,38,13
INSIDE,77.3,1.71,4.53,0.78,20,17
INSIDE,79.1,0.12,0.32,0.49,3,3
INSIDE,77.2,1.48,1.12,0.69,7,7
INSIDE,78.3,0.16,1.91,0.01,5,5
INSIDE,77.9,0.11,0.09,1.65,11,5
INSIDE,77.3,0.6,0.64,2.9,15,10
INSIDE,76.7,0.47,0.15,0.38,1,1
INSIDE,78.4,5.42,1.35,2.84,36,20
INSIDE,77.6,2.09,1.65,0.2,3,3
INSIDE,78.3,0.5,2.96,0.02,11,8
INSIDE,77.6,2.06,2.88,0.38,9,7
INSIDE,77.8,2.88,0.25,2.19,5,5
INSIDE,78.1,0.62,5.69,3.01,10,8
INSIDE,78.6,1.03,4.54,2.84,11,11
INSIDE,77.8,3.21,4.1,1.15,14,11
INSIDE,78.4,1.87,0.19,0.41,7,6
INSIDE,77.1,2.27,0.19,2.75,5,2
INSIDE,76.8,0.89,0.06,0.5,1,1
INSIDE,78.0,0.24,0.71,2.6,6,6
INSIDE,77.2,0.1,0.26,1.11,2,2
INSIDE,77.9,0.22,1.84,0.2,6,5
INSIDE,77.5,0.59,3.2,0.34,7,7
INSIDE,77.6,0.06,4.12,0.0,5,4
INSIDE,77.9,2.87,5.74,0.52,9,6
INSIDE,77.2,0.05,0.42,0.17,1,1
INSIDE,77.2,0.82,0.92,0.03,1,1
INSIDE,78.7,0.11,0.21,2.42,6,4
INSIDE,78.1,0.68,3.03,1.69,2,2
INSIDE,78.2,2.43,0.66,2.76,7,6
INSIDE,77.3,0.13,3.76,0.18,1,1
INSIDE,77.3,0.28,0.66,1.04,2,2
INSIDE,77.5,0.28,5.56,1.3,3,3
INSIDE,78.2,0.99,0.31,0.8,2,2
INSIDE,77.5,0.37,0.07,1.84,1,1
INSIDE,77.8,0.27,2.42,0.01,5,3
INSIDE,78.2,0.07,0.95,0.0,2,2
INSIDE,78.0,1.18,5.45,0.23,6,5
INSIDE,77.7,0.79,2.71,0.86,1,1
INSIDE,77.7,0.22,0.12,0.28,1,1
INSIDE,78.1,4.56,0.29,2.57,2,2
INSIDE,77.9,3.46,0.75,0.36,1,1
INSIDE,78.0,2.17,3.34,1.12,1,1
INSIDE,78.1,0.38,5.24,0.18,3,3
INSIDE,78.2,0.2,1.25,0.01,2,2
INSIDE,78.3,1.31,0.19,0.36,1,1
INSIDE,78.8,1.04,3.44,0.16,2,2
INSIDE,78.4,2.59,4.22,0.04,1,1
INSIDE,78.7,0.14,3.79,0.0,1,1
INSIDE,79.2,12.09,1.41,3.04,3,3
INSIDE,79.1,0.6,1.34,2.62,1,1
INSIDE,79.3,1.83,0.78,0.06,1,1
INSIDE,79.5,8.89,5.84,0.71,1,1
INSIDE,110.5,0.75,4.37,1.27,57,31
INSIDE,111.0,0.08,1.57,0.0,100,41
INSIDE,110.0,8.65,4.95,2.41,8,6
INSIDE,111.0,0.14,1.33,0.0,89,30
INSIDE,110.4,0.58,4.37,0.73,75,34
INSIDE,110.7,0.31,3.32,0.01,95,47
INSIDE,110.4,1.4,4.45,0.73,146,51
INSIDE,110.7,1.26,3.97,0.23,53,31
INSIDE,110.5,0.72,4.33,0.01,12,10
INSIDE,111.2,0.14,4.08,0.0,103,40
INSIDE,110.7,1.64,0.47,1.24,45,24
INSIDE,110.9,1.4,1.11,0.06,19,12
INSIDE,111.2,0.33,1.14,0.01,16,16
INSIDE,111.0,0.31,4.72,0.22,69,35
INSIDE,110.7,0.76,1.13,0.71,41,19
INSIDE,110.8,0.79,1.13,0.23,19,14
INSIDE,110.8,3.12,4.32,2.11,28,16
INSIDE,111.2,3.02,1.27,2.37,15,12
INSIDE,110.7,1.93,1.3,0.74,13,9
INSIDE,110.8,1.13,0.2,0.91,26,10
INSIDE,109.9,0.57,0.88,0.04,2,2
INSIDE,111.2,1.25,0.11,1.35,12,5
INSIDE,110.7,0.29,0.6,0.35,10,9
INSIDE,111.0,0.05,4.22,0.0,16,7
INSIDE,111.1,0.11,0.24,3.26,8,3
INSIDE,110.0,0.31,1.49,0.22,5,5
INSIDE,110.9,0.34,0.36,1.25,9,6
INSIDE,110.1,0.57,5.32,0.28,2,2
INSIDE,111.2,0.04,0.73,0.0,17,12
INSIDE,109.7,0.41,0.41,0.66,1,1
INSIDE,109.7,2.49,0.45,0.61,1,1
INSIDE,109.9,0.11,3.4,0.22,3,3
INSIDE,109.7,0.31,0.06,0.84,1,1
INSIDE,110.6,3.62,5.67,1.0,11,9
INSIDE,110.6,0.09,0.2,0.93,7,6
INSIDE,111.6,1.09,1.11,2.3,7,5
INSIDE,110.8,1.53,4.3,1.23,16,12
INSIDE,111.3,0.18,1.26,0.01,5,4
INSIDE,111.2,0.09,0.77,0.22,3,3
INSIDE,111.7,1.29,2.58,0.03,19,14
INSIDE,110.1,0.59,0.26,0.21,1,1
INSIDE,111.6,2.5,1.61,0.11,3,2
INSIDE,111.5,0.12,1.35,0.64,5,4
INSIDE,110.1,0.13,2.38,0.01,1,1
INSIDE,110.2,0.15,0.7,0.77,1,1
INSIDE,111.6,0.89,0.07,0.45,3,2
INSIDE,110.7,0.32,5.3,0.0,6,5
INSIDE,111.3,3.01,0.24,1.71,2,2
INSIDE,110.8,8.32,1.58,2.79,2,2
INSIDE,111.5,0.08,0.56,0.0,6,3
INSIDE,110.6,0.16,2.67,3.06,1,1
INSIDE,110.7,1.54,4.24,3.25,2,2
INSIDE,110.9,0.13,4.96,1.02,2,2
INSIDE,110.6,1.2,4.98,0.03,2,1
INSIDE,110.6,0.03,0.14,1.57,1,1
INSIDE,110.6,0.39,0.5,0.01,1,1
INSIDE,111.3,4.03,1.25,1.15,2,1
INSIDE,110.8,4.52,5.81,2.17,1,1
INSIDE,111.1,0.1,0.29,3.24,3,2
INSIDE,110.9,0.19,0.57,0.0,1,1
INSIDE,111.3,0.03,0.28,0.4,2,2
INSIDE,111.5,3.43,5.46,0.36,2,1
INSIDE,111.5,2.56,0.19,0.61,3,3
INSIDE,111.7,1.4,0.88,0.02,4,3
INSIDE,111.2,2.86,0.07,1.43,1,1
INSIDE,111.2,0.07,0.38,0.22,1,1
INSIDE,111.5,0.2,0.31,1.21,2,2
INSIDE,111.5,1.04,1.34,2.99,1,1
INSIDE,111.6,1.3,0.39,0.2,1,1
INSIDE,111.7,1.2,1.25,1.47,1,1
INSIDE,111.7,0.04,0.05,1.44,1,1
INSIDE,111.8,1.61,0.94,0.28,1,1
INSIDE,112.2,0.04,0.98,0.52,1,1
INSIDE,49.8,0.21,2.75,0.01,41,21
INSIDE,49.7,0.69,1.08,0.04,109,41
INSIDE,49.7,1.66,1.61,0.12,42,26
INSIDE,49.7,0.74,2.74,0.05,3,3
INSIDE,49.6,0.03,2.66,0.42,1,1
INSIDE,49.7,1.96,1.84,0.37,15,12
INSIDE,49.7,0.26,1.04,0.01,21,12
INSIDE,49.7,0.46,0.43,0.88,9,8
INSIDE,50.0,0.61,2.18,0.56,5,5
INSIDE,50.8,0.09,2.51,0.0,6,5
INSIDE,49.6,0.03,2.6,0.0,1,1
INSIDE,49.6,0.48,2.83,0.03,3,3
INSIDE,50.2,2.58,0.38,1.69,4,3
INSIDE,49.7,0.5,0.55,2.34,11,10
INSIDE,49.7,0.56,0.29,1.05,8,6
INSIDE,50.8,2.92,2.97,1.23,9,7
INSIDE,49.9,0.18,0.27,1.3,4,4
INSIDE,49.7,0.28,0.15,0.66,2,2
INSIDE,50.2,0.46,4.26,0.33,4,4
INSIDE,50.3,1.08,1.05,1.02,4,4
INSIDE,49.8,1.22,0.51,0.11,3,3
INSIDE,49.8,0.21,0.32,0.28,1,1
INSIDE,49.8,0.11,0.96,0.01,2,2
INSIDE,49.9,0.09,2.81,0.01,5,4
INSIDE,50.6,0.2,0.39,2.9,2,2
INSIDE,49.9,0.18,0.85,0.28,1,1
INSIDE,50.0,0.21,2.71,0.27,3,3
INSIDE,52.0,9.39,5.9,2.94,31,10
INSIDE,51.0,2.01,5.91,0.74,5,4
INSIDE,50.1,0.2,0.16,1.89,1,1
INSIDE,50.2,0.3,3.96,2.91,2,2
INSIDE,50.1,0.09,0.18,1.33,1,1
INSIDE,50.1,2.75,0.19,0.38,1,1
INSIDE,50.6,0.57,0.15,1.85,2,2
INSIDE,52.3,1.99,5.91,1.51,24,6
INSIDE,50.3,0.06,5.89,0.0,1,1
INSIDE,51.6,1.25,5.21,2.95,9,7
INSIDE,52.1,3.97,1.61,3.02,8,5
INSIDE,51.0,0.64,0.08,1.24,1,1
INSIDE,51.6,2.5,1.99,2.96,6,5
INSIDE,51.3,7.23,5.95,0.78,1,1
INSIDE,51.8,2.67,5.84,3.01,2,2
INSIDE,51.8,0.98,1.59,2.96,2,2
INSIDE,51.5,3.02,1.07,2.88,1,1
INSIDE,52.2,1.67,5.67,0.59,4,2
INSIDE,52.4,0.54,5.94,0.17,1,1
RAIL,110.8,0.14,0.25,0.15,33,21
RAIL,110.3,0.66,0.24,0.67,13,11
RAIL,110.9,1.12,0.46,0.15,7,7
RAIL,111.1,0.05,0.08,0.71,5,4
RAIL,111.0,1.0,0.74,0.65,16,12
RAIL,111.2,0.05,0.24,0.16,20,15
RAIL,110.8,0.47,0.96,0.16,3,2
RAIL,111.4,0.12,0.33,0.68,31,18
RAIL,110.0,2.14,0.34,0.62,7,7
RAIL,111.1,0.04,0.76,0.0,2,2
RAIL,110.7,0.44,0.45,0.48,11,11
RAIL,111.8,0.24,0.47,0.22,6,6
RAIL,110.5,0.08,0.8,0.0,2,1
RAIL,110.1,0.2,0.81,0.0,1,1
RAIL,110.2,0.25,0.2,0.51,1,1
RAIL,111.3,0.14,0.08,0.71,4,4
RAIL,110.3,0.98,1.03,0.0,1,1
RAIL,110.4,0.18,1.18,0.58,3,2
RAIL,110.8,3.08,0.94,0.73,6,5
RAIL,111.0,0.41,0.37,0.14,5,4
RAIL,110.8,0.59,0.08,0.71,2,2
RAIL,110.5,0.01,0.28,0.15,2,2
RAIL,111.4,2.29,0.18,0.57,2,2
RAIL,111.0,0.02,0.27,0.4,3,3
RAIL,110.9,1.95,0.03,0.46,1,1
RAIL,111.7,0.05,0.35,0.14,3,3
RAIL,111.1,0.08,0.83,0.72,1,1
RAIL,111.3,0.25,0.44,0.64,2,2
RAIL,111.8,0.05,0.21,0.62,1,1
OUTSIDE,71.8,0.16,0.21,1.73,9,6
OUTSIDE,70.6,0.03,0.62,0.2,1,1
OUTSIDE,70.6,0.28,0.03,1.18,1,1
OUTSIDE,71.3,0.1,0.33,0.27,2,2
OUTSIDE,72.3,6.07,0.41,2.65,17,6
OUTSIDE,71.4,0.04,0.75,0.0,6,5
OUTSIDE,71.9,1.85,0.93,1.58,20,14
OUTSIDE,72.0,1.39,0.21,1.52,16,9
OUTSIDE,71.5,0.34,2.18,0.18,10,6
OUTSIDE,72.0,6.1,0.97,2.71,14,11
OUTSIDE,70.7,0.01,0.54,0.0,1,1
OUTSIDE,71.8,1.75,1.74,0.2,7,6
OUTSIDE,71.7,1.15,1.65,2.69,7,3
OUTSIDE,70.9,6.0,1.41,0.16,1,1
OUTSIDE,71.8,0.21,1.51,0.7,2,2
OUTSIDE,71.8,0.12,0.41,0.74,2,2
OUTSIDE,71.6,2.55,1.67,2.68,3,2
OUTSIDE,71.2,0.28,2.16,0.01,11,3
OUTSIDE,72.4,0.49,0.51,2.24,7,5
OUTSIDE,71.2,0.81,0.38,0.51,2,2
OUTSIDE,72.4,0.2,1.33,0.01,2,2
OUTSIDE,72.2,1.38,0.21,2.77,3,3
OUTSIDE,71.5,0.78,2.17,0.03,1,1
OUTSIDE,71.5,5.92,1.23,1.31,1,1
OUTSIDE,71.5,0.05,0.04,0.63,1,1
OUTSIDE,72.3,1.04,0.17,2.73,2,2
OUTSIDE,72.4,1.79,1.98,0.69,4,4
OUTSIDE,71.6,0.15,0.15,0.64,1,1
OUTSIDE,71.9,0.66,1.2,0.85,5,5
OUTSIDE,72.5,0.99,0.52,0.03,2,1
OUTSIDE,71.9,1.96,1.24,0.06,1,1
OUTSIDE,72.0,0.06,0.09,1.83,2,2
OUTSIDE,72.8,2.03,0.14,0.49,5,3
OUTSIDE,72.6,0.06,1.6,0.37,1,1
OUTSIDE,72.7,10.39,0.41,2.64,9,1
OUTSIDE,72.9,0.66,2.46,0.2,1,1
OUTSIDE,72.9,0.83,0.13,0.63,1,1
OUTSIDE,72.9,1.02,0.54,0.17,1,1
OUTSIDE,73.2,0.2,0.64,1.81,3,3
OUTSIDE,73.0,0.62,2.67,1.18,1,1
OUTSIDE,73.1,0.1,1.59,0.0,1,1
OUTSIDE,73.2,0.5,1.18,2.41,2,2
OUTSIDE,101.5,1.12,1.31,1.52,52,34
OUTSIDE,101.8,2.27,0.64,1.79,176,71
OUTSIDE,102.6,1.12,0.24,0.26,16,15
OUTSIDE,101.7,0.36,0.99,0.61,52,32
OUTSIDE,102.0,1.36,1.17,0.62,86,40
OUTSIDE,102.3,1.51,0.45,0.57,30,25
OUTSIDE,102.0,0.97,0.34,1.14,165,65
OUTSIDE,101.6,1.13,0.85,1.85,47,28
OUTSIDE,101.9,0.25,0.41,1.1,50,30
OUTSIDE,102.0,0.09,0.44,0.83,49,26
OUTSIDE,101.5,0.04,0.63,0.0,77,39
OUTSIDE,101.9,0.03,1.19,0.0,13,9
OUTSIDE,101.1,0.48,1.61,0.01,31,21
OUTSIDE,102.0,0.22,1.32,0.01,26,18
OUTSIDE,102.1,3.39,0.26,1.19,13,12
OUTSIDE,101.3,5.1,1.48,2.03,25,17
OUTSIDE,100.6,12.67,2.69,2.73,6,4
OUTSIDE,101.8,0.83,0.89,0.21,21,17
OUTSIDE,102.0,0.74,0.99,0.62,9,8
OUTSIDE,101.7,0.07,1.59,0.0,39,20
OUTSIDE,101.8,0.11,0.38,0.23,9,9
OUTSIDE,101.5,0.05,0.37,0.21,16,13
OUTSIDE,101.3,2.35,0.73,0.91,6,5
OUTSIDE,101.5,0.13,1.65,0.0,53,20
OUTSIDE,102.0,0.29,2.17,0.22,13,11
OUTSIDE,101.8,0.89,0.34,2.15,16,12
OUTSIDE,102.0,0.6,2.12,0.51,7,7
OUTSIDE,101.8,0.11,0.81,0.0,24,20
OUTSIDE,101.3,0.47,0.25,0.23,4,3
OUTSIDE,101.9,0.16,1.69,0.01,2,2
OUTSIDE,101.7,0.25,0.55,1.86,15,13
OUTSIDE,102.3,0.81,2.13,0.21,7,4
OUTSIDE,101.3,0.58,0.2,1.9,38,19
OUTSIDE,102.1,2.46,1.49,1.87,11,9
OUTSIDE,101.8,0.44,0.42,2.0,14,13
OUTSIDE,102.6,1.94,0.17,0.76,10,10
OUTSIDE,101.8,1.05,0.17,1.17,10,6
OUTSIDE,102.1,0.6,0.06,1.06,5,3
OUTSIDE,102.6,0.1,0.16,0.87,9,6
OUTSIDE,101.9,0.1,0.11,1.4,19,9
OUTSIDE,101.3,1.15,0.56,0.03,6,6
OUTSIDE,102.3,0.09,1.15,0.0,15,11
OUTSIDE,102.1,0.17,1.49,0.79,7,7
OUTSIDE,102.2,0.33,0.21,0.19,3,3
OUTSIDE,101.9,0.35,2.49,0.52,2,2
OUTSIDE,101.2,0.01,0.46,0.0,10,4
OUTSIDE,101.2,0.55,0.3,2.08,3,2
OUTSIDE,101.6,0.14,2.57,0.01,2,1
OUTSIDE,101.2,0.0,0.46,0.0,1,1
OUTSIDE,101.9,0.11,0.2,0.21,3,2
OUTSIDE,102.8,0.03,0.34,0.49,5,5
OUTSIDE,102.8,0.29,0.8,0.21,5,5
OUTSIDE,101.4,3.63,0.93,0.27,1,1
OUTSIDE,102.2,1.19,1.69,0.04,4,4
OUTSIDE,102.5,0.93,0.18,0.51,2,2
OUTSIDE,101.7,7.31,2.18,1.23,1,1
OUTSIDE,102.7,0.43,0.19,0.53,2,2
OUTSIDE,101.8,2.14,1.79,0.96,1,1
OUTSIDE,101.9,0.04,0.15,1.43,2,1
OUTSIDE,102.0,6.52,0.65,2.84,1,1
OUTSIDE,102.1,0.38,2.42,2.68,1,1
OUTSIDE,102.2,0.34,0.42,0.01,1,1
OUTSIDE,102.6,0.13,1.06,0.19,1,1
OUTSIDE,102.8,0.96,0.04,0.92,1,1
OUTSIDE,103.0,0.25,0.08,2.96,1,1
OUTSIDE,103.0,1.4,0.32,0.01,1,1
OUTSIDE,103.2,0.02,0.4,0.21,1,1
OUTSIDE,107.8,0.3,0.81,0.24,14,14
OUTSIDE,107.9,0.31,0.3,1.02,55,34
OUTSIDE,107.8,1.1,0.52,1.28,125,55
OUTSIDE,108.1,0.08,1.11,0.0,86,37
OUTSIDE,107.8,4.14,0.75,2.16,23,19
OUTSIDE,107.6,2.62,0.3,1.68,14,12
OUTSIDE,107.3,2.16,1.25,2.09,12,9
OUTSIDE,108.0,0.09,0.23,1.19,16,9
OUTSIDE,107.5,0.78,0.66,0.23,26,20
OUTSIDE,107.8,0.04,1.51,0.0,24,18
OUTSIDE,108.9,1.92,0.9,0.71,26,18
OUTSIDE,107.9,0.03,0.55,0.0,23,15
OUTSIDE,107.5,0.3,0.58,1.31,24,18
OUTSIDE,108.2,0.92,0.21,1.15,26,20
OUTSIDE,108.0,0.74,1.11,0.62,37,24
OUTSIDE,107.5,0.32,0.17,2.24,6,4
OUTSIDE,108.3,0.09,0.08,0.76,12,5
OUTSIDE,107.8,0.04,0.38,0.21,19,14
OUTSIDE,108.3,0.1,0.62,0.18,3,3
OUTSIDE,108.1,0.12,2.07,0.0,11,9
OUTSIDE,108.4,0.45,0.37,2.1,3,2
OUTSIDE,108.4,0.28,2.16,0.01,19,15
OUTSIDE,108.5,0.13,2.52,0.01,5,2
OUTSIDE,108.0,1.06,1.64,0.25,22,15
OUTSIDE,107.7,0.88,0.41,0.57,10,9
OUTSIDE,108.9,1.22,0.59,0.03,11,10
OUTSIDE,108.4,1.82,0.26,0.45,11,10
OUTSIDE,107.8,0.23,0.61,0.01,4,3
OUTSIDE,107.8,0.78,1.73,1.63,9,7
OUTSIDE,108.4,7.56,1.9,1.8,7,4
OUTSIDE,106.7,0.53,0.61,0.01,1,1
OUTSIDE,109.4,0.1,0.54,1.07,6,5
OUTSIDE,108.2,1.27,0.08,0.93,9,6
OUTSIDE,107.8,1.08,1.2,0.03,15,11
OUTSIDE,108.8,0.29,0.83,0.62,16,5
OUTSIDE,108.1,2.09,2.09,0.61,9,9
OUTSIDE,107.3,0.17,0.21,0.23,5,3
OUTSIDE,107.3,4.78,1.89,0.75,2,2
OUTSIDE,108.2,0.11,0.22,0.49,5,5
OUTSIDE,107.1,0.21,1.77,1.2,1,1
OUTSIDE,108.2,2.12,0.23,1.23,4,4
OUTSIDE,107.8,0.36,1.93,0.21,7,6
OUTSIDE,107.4,0.9,0.03,0.7,1,1
OUTSIDE,108.1,0.31,0.22,0.21,3,3
OUTSIDE,108.2,0.28,1.62,0.0,5,4
OUTSIDE,108.4,0.81,2.48,0.62,5,2
OUTSIDE,107.5,0.18,0.93,0.01,3,3
OUTSIDE,107.7,0.04,0.41,0.46,3,2
OUTSIDE,108.0,0.79,0.18,0.4,2,2
OUTSIDE,108.5,1.89,0.75,0.3,7,7
OUTSIDE,107.7,0.22,0.27,2.2,1,1
OUTSIDE,107.9,2.06,2.44,1.2,1,1
OUTSIDE,107.9,0.01,0.42,0.22,1,1
OUTSIDE,108.1,0.01,0.69,0.0,2,2
OUTSIDE,107.9,0.1,0.09,1.88,1,1
OUTSIDE,108.1,0.93,0.81,2.85,1,1
OUTSIDE,108.4,0.32,0.07,1.0,3,1
OUTSIDE,108.7,0.34,0.2,0.39,1,1
OUTSIDE,108.7,2.33,0.33,0.22,1,1
OUTSIDE,108.8,0.47,0.17,0.16,1,1
OUTSIDE,108.9,0.13,1.74,0.21,1,1
OUTSIDE,109.0,1.83,0.09,0.55,1,1
OUTSIDE,109.4,0.08,0.21,2.63,1,1
OUTSIDE,109.4,1.83,0.03,0.79,1,1
OUTSIDE,109.4,0.08,0.44,0.0,1,1
INSIDE,75.1,0.32,5.5,0.2,6,5
INSIDE,75.1,7.73,4.97,2.84,48,33
INSIDE,73.6,0.2,3.83,0.0,1,1
INSIDE,74.7,1.11,0.45,2.79,26,18
INSIDE,74.5,0.1,1.16,0.0,10,5
INSIDE,74.9,3.44,5.52,2.51,35,22
INSIDE,74.8,1.97,0.99,2.71,34,18
INSIDE,75.3,3.7,0.28,2.81,12,5
INSIDE,74.7,2.66,0.15,0.45,9,7
INSIDE,73.7,0.05,0.57,0.0,1,1
INSIDE,74.1,0.41,4.2,0.57,6,4
INSIDE,75.2,1.35,3.95,2.78,34,25
INSIDE,74.4,2.36,5.62,0.26,9,8
INSIDE,73.7,0.36,5.78,1.31,1,1
INSIDE,74.8,5.95,0.39,2.77,12,5
INSIDE,74.5,3.65,5.02,0.87,13,13
INSIDE,76.0,3.36,0.48,1.68,4,4
INSIDE,74.9,5.41,1.6,2.86,15,11
INSIDE,75.4,1.07,0.43,0.64,6,3
INSIDE,74.8,1.75,3.7,0.91,12,11
INSIDE,75.8,2.54,1.27,0.35,3,2
INSIDE,74.6,0.16,1.25,0.01,10,6
INSIDE,74.2,0.29,4.56,0.01,8,6
INSIDE,75.3,0.26,0.2,2.56,8,4
INSIDE,74.9,0.29,0.31,0.49,5,2
INSIDE,75.0,8.79,0.95,3.29,2,2
INSIDE,75.0,0.91,5.51,0.57,7,7
INSIDE,75.3,1.04,0.71,0.21,2,2
INSIDE,75.0,0.7,2.15,0.02,4,2
INSIDE,74.9,1.64,2.66,0.14,5,4
INSIDE,75.2,0.14,0.08,1.8,4,2
INSIDE,74.4,0.09,0.08,1.48,1,1
INSIDE,75.0,4.17,0.29,0.49,4,3
INSIDE,74.8,0.33,2.83,2.81,3,3
INSIDE,75.0,2.29,0.29,1.25,2,2
INSIDE,74.9,0.53,0.8,2.68,5,3
INSIDE,75.4,0.14,0.33,0.9,4,4
INSIDE,75.2,0.77,2.8,1.24,3,3
INSIDE,75.8,0.1,0.19,2.18,5,4
INSIDE,74.8,4.82,0.96,3.09,1,1
INSIDE,74.9,1.7,2.08,0.42,1,1
INSIDE,75.0,8.0,5.23,0.67,1,1
INSIDE,75.5,1.04,0.11,0.99,2,1
INSIDE,75.1,0.61,1.71,0.37,1,1
INSIDE,75.4,0.69,5.74,0.21,2,2
INSIDE,75.6,0.14,2.0,0.17,1,1
INSIDE,76.0,0.08,2.83,0.0,2,2
INSIDE,76.3,0.11,4.43,1.11,1,1
INSIDE,76.3,0.31,0.8,2.88,1,1
INSIDE,107.5,0.06,4.26,0.0,181,38
INSIDE,107.9,0.53,4.1,0.23,93,44
INSIDE,107.8,3.19,4.69,2.22,56,30
INSIDE,108.1,0.11,1.07,0.0,53,16
INSIDE,107.2,0.08,0.07,1.75,7,6
INSIDE,107.2,1.15,0.08,1.58,6,3
INSIDE,108.3,0.82,0.07,0.46,3,2
INSIDE,107.5,1.67,4.3,1.72,66,40
INSIDE,108.0,0.1,0.23,3.31,6,3
INSIDE,107.8,0.41,3.21,0.01,28,19
INSIDE,107.9,1.7,4.47,0.28,54,30
INSIDE,107.8,0.77,1.33,0.71,60,31
INSIDE,108.5,0.07,1.33,0.0,52,23
INSIDE,107.8,0.21,3.88,0.72,18,13
INSIDE,107.7,0.23,2.49,0.01,46,29
INSIDE,107.2,1.42,0.12,1.36,8,6
INSIDE,107.7,1.73,1.32,0.07,15,9
INSIDE,107.7,1.22,1.45,0.24,33,21
INSIDE,107.8,4.28,1.33,1.21,16,10
INSIDE,107.7,1.74,0.32,0.86,30,16
INSIDE,107.5,0.21,3.75,0.0,26,13
INSIDE,107.5,2.34,4.44,1.02,71,24
INSIDE,107.7,11.11,1.66,2.77,3,3
INSIDE,108.4,0.55,0.9,0.01,14,10
INSIDE,107.4,1.42,4.13,0.71,44,20
INSIDE,107.5,0.05,0.84,0.26,5,4
INSIDE,107.9,0.4,4.41,1.07,10,9
INSIDE,107.3,0.94,0.17,0.81,15,10
INSIDE,107.9,0.15,1.95,0.0,54,31
INSIDE,107.9,0.73,4.43,0.7,80,38
INSIDE,106.6,1.62,0.03,0.78,1,1
INSIDE,108.0,0.2,0.51,0.73,8,6
INSIDE,108.0,0.16,5.4,0.0,7,6
INSIDE,108.0,0.23,1.5,0.23,12,10
INSIDE,108.4,0.9,0.36,1.61,18,13
INSIDE,108.7,0.23,5.53,0.22,30,18
INSIDE,106.7,0.51,0.74,0.0,1,1
INSIDE,108.6,1.32,3.34,0.04,11,9
INSIDE,107.6,1.49,0.89,0.64,5,5
INSIDE,107.4,2.27,1.23,2.62,10,6
INSIDE,108.1,0.06,0.56,0.0,12,8
INSIDE,108.0,2.05,0.15,0.49,3,3
INSIDE,108.0,0.21,0.93,0.01,5,3
INSIDE,106.9,1.06,0.25,3.51,1,1
INSIDE,108.2,0.06,0.25,0.59,4,4
INSIDE,107.6,0.63,0.54,1.14,5,4
INSIDE,106.9,0.14,0.25,1.6,1,1
INSIDE,108.0,1.74,5.78,0.74,11,9
INSIDE,107.7,0.08,0.9,0.25,4,3
INSIDE,107.7,0.08,4.12,0.26,5,2
INSIDE,108.0,0.11,1.53,0.01,2,2
INSIDE,108.3,0.46,0.52,1.77,4,4
INSIDE,107.8,1.91,0.58,2.27,10,8
INSIDE,107.0,0.46,0.56,0.21,2,2
INSIDE,107.3,0.03,4.18,0.0,2,1
INSIDE,108.2,1.26,1.1,0.02,2,2
INSIDE,108.6,3.6,5.41,0.44,3,3
INSIDE,107.7,0.42,1.34,0.29,4,4
INSIDE,107.2,0.05,0.03,1.37,1,1
INSIDE,107.3,0.33,5.66,0.67,3,3
INSIDE,108.7,0.77,4.49,2.09,3,3
INSIDE,108.2,0.83,0.83,1.96,2,2
INSIDE,108.0,9.27,4.58,3.2,2,2
INSIDE,107.5,0.06,0.23,3.31,1,1
INSIDE,107.5,0.19,0.05,0.59,1,1
INSIDE,107.8,3.76,1.17,0.2,2,2
INSIDE,107.6,0.75,1.99,1.77,1,1
INSIDE,107.8,1.01,0.38,0.03,1,1
INSIDE,107.8,0.05,0.12,1.41,1,1
INSIDE,108.0,2.15,3.2,0.04,2,2
INSIDE,108.2,4.82,2.37,3.03,1,1
INSIDE,108.4,0.06,0.29,0.21,3,2
INSIDE,108.7,3.38,0.34,1.71,2,2
INSIDE,108.4,0.28,5.32,0.01,2,2
INSIDE,108.9,0.27,1.16,0.72,2,2
INSIDE,108.8,1.95,0.44,0.3,1,1
INSIDE,108.8,0.15,0.43,0.01,1,1
INSIDE,109.2,0.11,2.84,3.02,1,1
INSIDE,109.2,0.11,1.17,0.0,1,1
OUTSIDE,104.8,0.09,1.4,0.0,146,41
OUTSIDE,104.6,0.04,0.99,0.0,31,19
OUTSIDE,104.9,1.08,0.31,0.57,50,38
OUTSIDE,105.1,1.14,1.13,0.24,45,28
OUTSIDE,104.6,0.04,0.34,0.22,17,10
OUTSIDE,104.9,0.83,0.36,1.52,129,51
OUTSIDE,104.3,0.26,0.08,1.19,12,7
OUTSIDE,104.8,0.22,1.73,0.01,20,16
OUTSIDE,105.0,1.83,1.09,1.61,81,53
OUTSIDE,104.7,2.37,0.36,1.42,56,37
OUTSIDE,104.4,0.26,1.51,1.06,7,7
OUTSIDE,104.7,0.59,0.35,0.81,44,29
OUTSIDE,105.5,0.17,0.34,0.97,45,29
OUTSIDE,104.8,0.68,1.26,0.8,35,27
OUTSIDE,105.0,4.68,1.29,2.14,26,19
OUTSIDE,104.7,0.42,0.87,0.22,20,18
OUTSIDE,104.2,0.63,0.34,0.2,4,4
OUTSIDE,105.0,0.07,0.1,1.42,4,2
OUTSIDE,105.0,1.04,0.86,0.63,22,14
OUTSIDE,104.9,1.43,1.23,0.04,10,5
OUTSIDE,104.8,1.86,1.19,0.65,28,25
OUTSIDE,104.3,1.36,0.13,0.78,5,4
OUTSIDE,105.2,0.08,0.39,1.03,25,14
OUTSIDE,105.1,0.83,0.13,1.37,13,10
OUTSIDE,105.1,0.23,1.28,0.49,8,8
OUTSIDE,104.1,0.26,1.64,0.0,5,4
OUTSIDE,104.6,0.99,0.98,0.02,13,11
OUTSIDE,105.8,0.07,0.33,0.49,8,8
OUTSIDE,105.8,2.06,2.4,0.67,3,3
OUTSIDE,105.7,0.08,0.35,0.23,10,9
OUTSIDE,105.7,0.01,0.46,0.0,27,6
OUTSIDE,104.8,0.31,0.45,2.29,6,5
OUTSIDE,105.7,0.3,0.69,0.01,4,3
OUTSIDE,104.9,0.25,0.75,0.62,11,8
OUTSIDE,105.0,0.09,0.12,0.95,6,5
OUTSIDE,105.3,0.05,0.5,0.0,20,14
OUTSIDE,104.3,3.88,0.67,2.63,2,2
OUTSIDE,105.5,0.31,2.0,0.21,8,7
OUTSIDE,104.4,0.27,0.08,2.99,1,1
OUTSIDE,104.4,0.06,1.04,0.4,1,1
OUTSIDE,105.4,0.44,1.96,0.03,2,2
OUTSIDE,105.2,0.21,0.59,2.18,6,3
OUTSIDE,104.5,1.21,0.58,0.2,2,2
OUTSIDE,105.3,0.75,0.84,1.79,6,6
OUTSIDE,104.6,1.76,0.03,1.12,1,1
OUTSIDE,105.5,1.88,0.16,1.29,2,2
OUTSIDE,104.7,2.03,0.28,0.18,1,1
OUTSIDE,104.8,0.04,2.38,0.0,1,1
OUTSIDE,105.5,2.46,1.89,0.24,2,2
OUTSIDE,105.8,0.26,0.35,0.32,4,4
OUTSIDE,105.1,0.04,0.15,0.56,1,1
OUTSIDE,105.5,0.16,0.53,0.0,3,3
OUTSIDE,105.5,0.93,0.04,2.47,1,1
OUTSIDE,105.8,1.18,2.08,0.01,2,2
OUTSIDE,105.7,0.47,2.38,0.01,2,2
OUTSIDE,106.1,12.91,1.84,2.08,2,2
OUTSIDE,106.4,3.56,1.01,0.63,1,1
INSIDE,48.0,1.64,1.69,0.12,231,65
INSIDE,48.4,0.85,1.03,0.05,372,60
INSIDE,47.6,0.26,2.54,0.02,236,43
INSIDE,47.5,0.11,2.36,0.01,31,17
INSIDE,48.0,2.79,0.64,1.96,32,19
INSIDE,48.1,2.63,2.12,0.26,82,37
INSIDE,48.5,0.06,2.43,0.0,14,9
INSIDE,48.0,0.48,0.4,0.69,110,31
INSIDE,48.2,1.01,0.4,1.7,59,24
INSIDE,47.8,0.69,1.0,0.93,19,14
INSIDE,48.1,1.2,1.34,0.09,151,36
INSIDE,48.2,0.98,1.53,0.41,56,37
INSIDE,47.9,0.55,0.52,3.04,54,13
INSIDE,48.4,0.38,0.42,0.29,16,12
INSIDE,48.8,0.17,0.17,2.09,4,2
INSIDE,48.2,0.58,0.19,0.76,19,11
INSIDE,47.3,0.4,1.27,0.03,54,24
INSIDE,48.8,0.63,2.83,0.04,13,10
INSIDE,47.1,5.22,1.96,3.03,8,6
INSIDE,48.3,1.68,1.41,0.35,11,10
INSIDE,48.2,0.46,2.53,0.27,15,11
INSIDE,49.2,1.49,0.47,0.14,5,5
INSIDE,48.6,1.74,2.86,1.04,5,5
INSIDE,46.8,0.25,0.12,0.88,1,1
INSIDE,49.0,1.27,0.4,0.81,10,6
INSIDE,47.4,0.34,0.37,1.5,3,3
INSIDE,47.0,0.86,0.14,1.7,2,1
INSIDE,49.1,1.4,2.87,2.18,3,3
INSIDE,47.8,0.74,2.71,1.49,2,2
INSIDE,47.8,0.29,1.64,0.42,3,3
INSIDE,47.0,0.04,2.95,0.41,1,1
INSIDE,48.9,0.18,0.93,0.01,19,13
INSIDE,47.8,0.12,0.35,0.22,5,4
INSIDE,49.0,0.04,2.0,0.01,5,4
INSIDE,47.4,0.13,1.05,0.39,1,1
INSIDE,47.9,0.13,0.4,0.93,3,2
INSIDE,48.6,0.18,2.61,0.41,4,3
INSIDE,47.6,0.42,2.86,3.55,1,1
INSIDE,47.7,1.57,0.1,0.41,1,1
INSIDE,48.2,0.22,2.81,0.19,2,2
INSIDE,49.0,0.98,0.4,0.32,2,2
INSIDE,48.6,0.13,2.33,0.03,1,1
INSIDE,48.7,0.35,2.96,0.72,1,1
INSIDE,48.8,0.24,1.01,1.3,1,1
RAIL,114.2,1.13,0.39,0.52,25,19
RAIL,113.6,0.95,0.94,0.15,5,4
RAIL,113.2,0.07,0.59,0.0,3,2
RAIL,114.7,0.4,0.2,0.59,15,12
RAIL,114.2,0.05,0.26,0.16,31,18
RAIL,113.3,0.29,0.46,0.6,18,14
RAIL,114.0,0.13,0.27,0.16,24,17
RAIL,114.0,1.1,0.56,0.16,8,7
RAIL,113.5,0.28,0.38,0.15,18,9
RAIL,113.0,1.11,0.81,0.46,11,9
RAIL,114.0,0.14,0.8,0.0,6,2
RAIL,113.2,2.36,0.47,0.73,3,3
RAIL,113.5,0.15,0.8,0.17,3,3
RAIL,114.3,0.17,0.07,0.68,2,2
RAIL,114.4,0.1,0.32,0.73,6,6
RAIL,113.6,0.05,0.06,0.59,3,1
RAIL,113.5,0.77,0.06,0.68,1,1
RAIL,113.6,0.45,1.15,0.49,1,1
RAIL,113.6,0.95,1.46,0.73,1,1
RAIL,114.5,1.04,0.03,0.29,2,2
RAIL,113.9,0.04,0.29,0.46,2,2
RAIL,114.6,0.96,0.99,0.0,2,2
RAIL,114.5,2.72,1.06,0.61,2,2
RAIL,114.8,0.02,0.6,0.5,1,1
RAIL,115.2,0.99,0.18,0.15,1,1
RAIL,115.3,0.19,0.19,0.12,1,1
RAIL,115.5,0.03,0.64,0.14,1,1
INSIDE,70.5,0.78,1.77,0.16,1,1
INSIDE,71.5,1.24,0.43,0.47,3,3
INSIDE,71.5,0.79,0.6,2.62,21,16
INSIDE,71.4,2.6,5.89,1.07,37,19
INSIDE,72.8,0.19,1.15,0.01,10,3
INSIDE,71.9,5.41,5.46,2.74,62,34
INSIDE,71.7,1.32,5.6,2.42,35,19
INSIDE,71.3,11.36,5.89,2.96,28,11
INSIDE,71.8,1.71,5.79,0.38,10,9
INSIDE,71.8,0.08,1.15,0.0,12,4
INSIDE,71.8,4.1,1.6,2.7,17,11
INSIDE,71.3,0.39,4.84,1.62,9,8
INSIDE,71.8,1.15,1.25,0.71,6,6
INSIDE,70.7,0.19,1.78,0.46,3,2
INSIDE,71.6,2.0,0.68,2.57,19,11
INSIDE,72.4,1.04,0.21,2.56,11,7
INSIDE,72.2,0.71,3.95,0.57,11,9
INSIDE,71.8,3.83,0.86,2.72,8,5
INSIDE,71.9,0.23,0.17,2.5,3,1
INSIDE,72.1,0.29,0.6,2.1,3,3
INSIDE,70.7,0.09,0.42,0.32,1,1
INSIDE,71.8,0.13,0.07,1.7,3,2
INSIDE,70.8,1.0,0.19,0.96,1,1
INSIDE,72.5,2.36,1.99,0.31,3,3
INSIDE,72.3,3.89,0.28,2.74,11,4
INSIDE,71.8,1.16,2.68,0.06,2,1
INSIDE,71.1,0.23,2.98,0.01,3,3
INSIDE,72.2,0.35,5.76,0.01,4,3
INSIDE,72.7,0.14,1.15,0.0,4,3
INSIDE,71.6,0.07,3.5,0.0,2,2
INSIDE,71.6,0.23,0.18,0.56,3,3
INSIDE,73.1,1.75,0.56,0.56,3,3
INSIDE,73.2,1.73,5.73,0.79,6,6
INSIDE,71.6,1.81,0.49,0.06,1,1
INSIDE,72.9,3.68,0.31,0.53,5,3
INSIDE,71.7,0.24,0.42,0.31,1,1
INSIDE,71.9,0.98,0.44,1.07,1,1
INSIDE,72.3,2.95,1.08,1.13,1,1
INSIDE,72.3,0.33,5.25,0.41,1,1
INSIDE,72.9,9.61,2.79,2.93,2,2
INSIDE,72.6,0.53,2.42,0.02,1,1
INSIDE,72.8,1.01,0.05,2.68,1,1
INSIDE,72.9,0.93,5.88,0.03,1,1
INSIDE,72.9,0.45,0.15,0.44,1,1
INSIDE,73.1,0.9,2.19,3.36,2,1
INSIDE,73.0,0.99,0.15,0.32,1,1
INSIDE,73.2,0.85,4.44,0.84,1,1
INSIDE,73.2,0.12,4.39,1.12,1,1
INSIDE,73.3,0.37,5.26,0.18,1,1
INSIDE,73.3,9.09,0.46,2.85,1,1
INSIDE,73.5,0.57,0.75,0.02,1,1
INSIDE,119.0,0.76,2.42,0.25,25,17
INSIDE,119.2,0.09,3.75,0.0,130,38
INSIDE,119.3,0.1,1.09,0.0,19,16
INSIDE,118.9,1.25,1.15,0.04,14,10
INSIDE,119.0,0.29,2.35,0.01,24,17
INSIDE,119.2,0.3,5.45,0.26,12,10
INSIDE,118.7,1.26,0.78,0.89,5,4
INSIDE,119.3,1.01,0.24,1.06,9,8
INSIDE,119.2,0.79,2.05,0.62,14,13
INSIDE,119.0,1.35,3.76,0.03,18,10
INSIDE,119.9,2.25,4.43,0.42,20,16
INSIDE,119.3,0.04,4.27,0.0,7,4
INSIDE,119.3,0.21,3.66,0.0,16,11
INSIDE,119.1,0.87,4.47,0.68,16,12
INSIDE,119.0,0.4,4.81,0.01,9,9
INSIDE,119.0,1.65,3.81,0.26,9,9
INSIDE,119.1,1.33,0.82,2.08,10,8
INSIDE,119.1,0.67,1.11,0.02,6,4
INSIDE,119.7,0.09,0.12,2.68,5,4
INSIDE,119.3,0.1,0.28,3.37,7,1
INSIDE,119.5,0.16,4.32,0.77,7,3
INSIDE,118.7,0.23,1.5,0.3,2,2
INSIDE,119.4,0.91,0.45,2.83,4,4
INSIDE,119.3,0.1,0.32,0.96,3,2
INSIDE,118.8,0.71,0.8,0.3,2,2
INSIDE,118.7,0.29,0.8,0.01,1,1
INSIDE,119.2,0.04,0.73,0.0,7,6
INSIDE,119.7,0.03,0.31,0.44,2,2
INSIDE,119.0,1.61,1.46,0.19,1,1
INSIDE,120.2,3.75,3.62,2.41,4,4
INSIDE,119.9,0.69,4.09,1.94,4,4
INSIDE,119.5,4.59,1.36,2.71,4,4
INSIDE,119.1,0.1,0.5,0.0,1,1
INSIDE,120.3,2.66,2.85,0.94,2,2
INSIDE,119.3,0.56,2.77,0.03,1,1
INSIDE,119.5,0.68,4.75,0.25,4,4
INSIDE,119.8,0.36,0.69,1.01,1,1
INSIDE,120.5,1.6,3.89,2.2,2,2
INSIDE,120.0,1.02,0.14,3.14,1,1
INSIDE,120.6,0.04,0.32,0.22,2,2
INSIDE,120.7,10.53,4.57,2.9,3,3
INSIDE,120.6,6.06,0.17,3.17,1,1
INSIDE,120.7,1.61,1.39,3.19,1,1
INSIDE,120.9,5.49,5.62,0.08,1,1
INSIDE,121.3,0.2,4.5,2.33,1,1
INSIDE,121.4,7.85,4.26,0.74,1,1
OUTSIDE,75.4,3.31,0.85,2.12,29,19
OUTSIDE,73.6,2.52,0.04,0.47,1,1
OUTSIDE,74.7,2.65,2.29,2.33,2,2
OUTSIDE,74.4,0.09,1.52,0.0,7,4
OUTSIDE,75.7,1.27,0.62,1.34,13,10
OUTSIDE,74.5,8.28,0.5,2.56,5,5
OUTSIDE,74.7,0.21,0.21,2.62,4,2
OUTSIDE,74.9,0.13,0.58,0.77,4,3
OUTSIDE,74.8,0.72,2.16,0.57,4,3
OUTSIDE,73.9,0.16,0.18,1.01,1,1
OUTSIDE,73.9,2.61,2.21,0.21,1,1
OUTSIDE,74.6,0.36,2.09,0.18,3,3
OUTSIDE,75.0,0.16,2.01,0.01,4,3
OUTSIDE,75.2,0.39,0.51,2.29,8,8
OUTSIDE,75.0,1.45,0.71,2.45,3,3
OUTSIDE,75.6,10.37,1.18,2.59,7,5
OUTSIDE,75.0,1.19,0.2,1.97,12,5
OUTSIDE,75.1,0.99,1.84,2.9,3,3
OUTSIDE,74.3,0.93,0.92,0.03,2,2
OUTSIDE,75.1,0.3,1.06,0.46,3,3
OUTSIDE,74.7,0.43,0.2,2.82,1,1
OUTSIDE,75.4,0.57,0.17,0.51,3,2
OUTSIDE,75.5,3.44,0.46,1.18,2,2
OUTSIDE,75.5,0.68,1.92,0.03,2,2
OUTSIDE,75.5,2.33,0.23,1.82,6,3
OUTSIDE,75.0,1.83,1.74,1.14,1,1
OUTSIDE,75.2,0.89,0.74,0.21,1,1
OUTSIDE,75.7,6.34,0.17,2.85,1,1
OUTSIDE,75.8,0.73,0.05,1.35,1,1
OUTSIDE,75.9,0.1,0.19,2.87,1,1
OUTSIDE,76.1,0.76,0.56,2.71,1,1
OUTSIDE,76.3,1.27,0.15,0.35,1,1
INSIDE,44.5,1.28,1.37,0.09,684,65
INSIDE,44.3,0.4,1.27,0.03,80,33
INSIDE,44.9,0.52,0.36,0.85,71,25
INSIDE,44.8,2.78,0.35,1.76,27,14
INSIDE,44.8,0.92,0.2,1.62,12,5
INSIDE,45.1,0.22,2.84,0.02,159,29
INSIDE,45.3,0.56,0.56,2.98,82,26
INSIDE,44.5,2.01,1.8,0.35,87,39
INSIDE,44.8,0.2,0.37,0.67,9,8
INSIDE,44.5,2.92,2.23,0.25,51,29
INSIDE,44.5,0.74,0.76,0.93,49,25
INSIDE,44.8,0.23,0.47,0.35,8,6
INSIDE,45.2,0.36,2.65,0.31,32,13
INSIDE,45.4,0.99,0.37,0.34,14,12
INSIDE,44.8,0.39,0.1,0.39,4,3
INSIDE,44.7,0.32,0.47,2.88,3,1
INSIDE,45.1,1.72,0.27,1.61,9,7
INSIDE,44.7,0.62,1.49,0.44,8,7
INSIDE,45.3,0.92,2.53,1.18,7,7
INSIDE,44.7,1.05,0.03,0.02,2,2
INSIDE,45.8,8.9,1.25,2.71,4,4
INSIDE,44.5,0.1,1.19,0.01,14,10
INSIDE,45.2,0.06,2.21,0.0,8,5
INSIDE,45.3,0.44,2.51,0.03,25,18
INSIDE,44.0,2.04,0.11,1.78,1,1
INSIDE,44.9,0.81,1.1,0.04,7,6
INSIDE,45.4,1.67,0.56,0.15,11,10
INSIDE,45.3,3.22,0.86,2.19,4,3
INSIDE,45.0,0.04,2.54,0.01,2,2
INSIDE,44.5,0.22,0.68,0.37,7,6
INSIDE,45.0,1.04,0.57,0.09,4,4
INSIDE,45.8,0.11,2.79,0.32,4,2
INSIDE,44.3,0.43,0.04,0.87,1,1
INSIDE,44.3,8.08,0.41,2.44,1,1
INSIDE,44.4,0.34,0.99,1.27,1,1
INSIDE,45.3,0.09,2.53,0.01,5,4
INSIDE,45.1,0.08,0.27,0.24,2,2
INSIDE,44.6,0.17,0.2,2.55,1,1
INSIDE,45.5,0.45,0.63,0.27,4,3
INSIDE,45.1,0.8,0.09,0.52,1,1
INSIDE,45.1,0.03,0.91,0.36,1,1
INSIDE,45.7,2.31,2.5,1.09,2,2
INSIDE,45.2,0.2,2.88,0.9,1,1
INSIDE,45.3,0.05,0.83,0.01,1,1
INSIDE,45.5,1.17,2.82,0.66,1,1
INSIDE,46.4,0.26,0.17,0.12,1,1
NEAR,110.9,0.06,0.12,2.35,16,7
NEAR,110.8,0.9,0.4,1.69,5,3
NEAR,110.7,0.22,0.48,0.93,4,4
NEAR,111.3,0.08,1.07,0.0,9,8
NEAR,110.2,0.79,0.36,0.99,12,10
NEAR,110.3,1.87,0.8,0.3,2,2
NEAR,110.7,1.04,1.04,0.71,6,6
NEAR,110.3,0.36,0.1,1.84,3,3
NEAR,110.2,0.05,0.23,0.35,3,3
NEAR,110.4,3.75,0.81,1.91,3,3
NEAR,110.3,0.05,0.06,0.68,3,2
NEAR,112.2,1.96,0.4,1.32,3,3
NEAR,110.2,1.0,0.2,0.21,1,1
NEAR,111.3,1.09,0.12,0.9,5,4
NEAR,110.4,1.12,0.22,0.44,1,1
NEAR,110.7,2.06,0.03,0.55,2,2
NEAR,111.8,1.5,1.23,1.54,4,4
NEAR,111.8,0.1,0.54,0.0,4,2
NEAR,111.7,0.07,0.2,0.92,3,2
NEAR,110.7,0.75,0.03,0.54,1,1
NEAR,110.8,0.21,0.23,0.26,1,1
NEAR,110.8,2.39,1.04,0.86,1,1
NEAR,111.4,0.35,1.1,1.34,2,2
NEAR,111.0,0.14,0.11,0.82,1,1
NEAR,111.5,0.14,0.23,2.39,2,2
NEAR,111.1,0.02,0.15,0.33,1,1
NEAR,111.6,0.26,0.44,0.01,1,1
NEAR,112.1,0.21,0.62,0.17,1,1
NEAR,112.3,0.03,1.16,0.0,1,1
INSIDE,89.7,0.04,4.51,0.0,57,16
INSIDE,89.7,0.22,4.53,0.22,128,38
INSIDE,90.2,0.23,4.42,0.73,18,14
INSIDE,89.8,0.32,5.39,0.0,33,11
INSIDE,89.7,0.78,4.23,0.77,210,57
INSIDE,89.7,0.11,3.96,0.0,11,11
INSIDE,90.1,1.71,4.52,1.27,412,95
INSIDE,89.8,3.75,4.55,2.58,398,105
INSIDE,89.9,3.21,5.28,0.77,117,50
INSIDE,89.7,1.37,4.67,0.26,147,46
INSIDE,90.2,1.33,0.69,2.6,126,51
INSIDE,90.0,0.31,4.11,0.01,25,16
INSIDE,89.9,0.84,2.04,0.02,38,28
INSIDE,90.0,0.86,0.19,0.93,72,23
INSIDE,90.4,2.7,0.16,0.45,7,7
INSIDE,90.0,9.48,4.25,2.65,68,41
INSIDE,89.2,0.06,0.34,0.19,4,3
INSIDE,89.7,0.37,4.64,2.72,34,12
INSIDE,89.9,3.29,1.08,2.46,91,46
INSIDE,90.1,1.35,4.54,2.73,96,45
INSIDE,89.3,2.11,4.09,0.04,13,8
INSIDE,90.1,1.77,1.18,0.08,14,9
INSIDE,90.0,1.0,0.28,1.76,54,27
INSIDE,89.3,0.88,0.07,1.56,11,8
INSIDE,90.0,0.09,0.1,1.78,36,8
INSIDE,89.7,0.1,0.34,0.48,5,4
INSIDE,89.8,2.73,0.28,1.52,26,9
INSIDE,90.3,0.33,0.64,2.59,50,32
INSIDE,89.9,1.0,0.06,0.35,6,5
INSIDE,89.6,0.32,2.14,0.01,22,17
INSIDE,89.8,1.3,1.78,0.36,52,30
INSIDE,89.0,0.83,0.51,3.04,6,5
INSIDE,89.8,1.0,1.25,0.79,30,21
INSIDE,89.6,1.23,1.02,0.2,14,9
INSIDE,89.8,0.18,2.05,0.01,16,12
INSIDE,88.8,0.6,5.39,0.21,68,21
INSIDE,89.8,0.11,1.58,0.0,40,22
INSIDE,91.4,1.03,4.35,0.01,3,2
INSIDE,89.7,2.2,2.1,1.94,9,9
INSIDE,89.8,4.75,3.41,1.54,16,12
INSIDE,89.5,3.19,3.86,0.3,9,6
INSIDE,89.9,0.15,4.63,2.62,4,2
INSIDE,90.1,2.0,0.92,0.72,12,11
INSIDE,89.1,1.35,4.89,0.17,6,4
INSIDE,89.4,3.07,0.48,2.42,2,2
INSIDE,90.3,0.33,0.8,0.01,11,10
INSIDE,88.7,1.79,0.01,0.24,1,1
INSIDE,90.1,0.04,0.95,0.0,18,12
INSIDE,90.5,0.29,1.47,0.79,7,7
INSIDE,89.8,0.57,0.38,0.43,12,10
INSIDE,89.6,0.39,2.03,2.55,6,5
INSIDE,89.8,0.3,0.42,0.94,6,5
INSIDE,89.7,0.08,0.6,0.0,9,9
INSIDE,89.4,0.08,4.42,0.95,3,2
INSIDE,89.7,0.45,0.11,1.48,8,6
INSIDE,89.2,0.1,1.44,0.51,4,3
INSIDE,89.9,0.12,0.25,2.21,15,10
INSIDE,90.7,0.16,0.78,0.0,3,3
INSIDE,90.1,1.22,0.33,0.47,10,8
INSIDE,90.0,2.46,0.16,0.97,10,6
INSIDE,89.6,0.38,1.45,0.2,11,11
INSIDE,89.8,1.53,0.52,0.23,5,5
INSIDE,90.1,7.17,0.97,2.8,5,5
INSIDE,89.1,0.2,0.52,0.19,1,1
INSIDE,90.1,0.1,0.21,1.07,7,6
INSIDE,89.7,0.34,0.24,1.09,7,7
INSIDE,89.6,0.87,0.61,0.02,4,4
INSIDE,89.1,0.03,0.62,0.0,1,1
INSIDE,89.7,0.45,0.04,0.82,3,3
INSIDE,89.3,0.0,0.57,0.0,1,1
INSIDE,90.9,1.15,5.61,0.03,5,4
INSIDE,89.4,0.14,5.78,0.01,1,1
INSIDE,89.8,8.23,5.87,0.74,3,2
INSIDE,89.9,4.63,2.14,3.47,1,1
INSIDE,90.0,0.07,0.37,1.3,1,1
INSIDE,90.7,4.1,0.34,1.03,2,2
INSIDE,90.8,1.35,0.42,0.64,3,3
INSIDE,90.8,0.11,0.06,0.58,4,3
INSIDE,90.3,2.05,1.15,0.02,1,1
INSIDE,90.4,1.9,1.96,0.94,1,1
INSIDE,90.5,0.34,1.54,0.0,2,1
INSIDE,90.6,0.08,2.65,0.21,2,1
INSIDE,90.8,0.5,0.57,0.18,1,1
INSIDE,90.9,0.12,0.14,2.89,1,1
INSIDE,91.3,0.31,0.18,0.32,1,1
INSIDE,91.3,0.35,1.61,0.41,1,1
INSIDE,91.4,0.17,1.23,0.19,1,1
INSIDE,91.5,0.04,0.48,0.51,1,1
INSIDE,91.5,0.1,4.38,0.6,1,1
RAIL,108.2,0.06,0.25,0.16,17,16
RAIL,108.5,0.18,0.25,0.51,26,17
RAIL,108.7,2.26,0.46,0.69,9,8
RAIL,107.2,1.21,0.84,0.0,4,3
RAIL,107.9,1.08,0.34,0.57,25,20
RAIL,107.7,0.06,0.29,0.46,16,11
RAIL,107.6,0.65,0.87,0.63,13,10
RAIL,107.9,2.23,0.41,0.15,3,3
RAIL,108.7,0.44,0.41,0.15,14,8
RAIL,108.1,0.8,0.84,0.16,3,2
RAIL,108.8,0.14,0.25,0.16,9,5
RAIL,108.0,0.94,0.45,0.93,2,2
RAIL,108.2,1.52,0.95,0.52,2,2
RAIL,107.1,0.98,0.03,0.26,1,1
RAIL,109.0,0.43,0.24,0.48,4,4
RAIL,107.2,0.23,1.31,0.57,1,1
RAIL,107.9,1.54,0.1,0.55,2,2
RAIL,108.1,0.09,0.07,0.68,9,6
RAIL,108.3,0.39,0.59,0.47,2,2
RAIL,108.7,0.34,0.07,0.6,3,2
RAIL,108.6,0.29,0.45,0.15,4,3
RAIL,108.6,0.03,0.38,0.47,2,1
RAIL,109.2,0.05,0.17,0.4,4,2
RAIL,108.7,0.44,0.59,1.14,1,1
RAIL,109.3,0.25,0.95,0.0,1,1
NEAR,112.6,0.07,0.12,2.31,5,4
NEAR,112.5,0.06,0.17,0.41,1,1
NEAR,114.0,1.76,0.58,1.01,3,3
NEAR,114.1,0.84,1.0,0.24,4,4
NEAR,114.7,0.12,1.37,0.0,6,5
NEAR,114.0,1.11,0.93,0.97,7,6
NEAR,114.0,0.17,0.72,1.34,2,2
NEAR,113.5,0.4,0.81,0.01,3,3
NEAR,114.3,1.04,1.22,0.03,3,3
NEAR,113.8,2.5,1.12,2.6,2,2
NEAR,113.1,0.04,0.59,0.0,1,1
NEAR,115.3,0.23,0.45,0.01,6,3
NEAR,113.5,0.82,0.12,0.94,5,4
NEAR,114.4,1.19,0.58,1.86,2,2
NEAR,113.5,0.29,0.09,1.36,1,1
NEAR,113.8,0.6,0.33,0.97,4,3
NEAR,114.2,0.06,0.07,1.27,1,1
NEAR,114.9,6.92,1.15,2.55,2,2
NEAR,114.9,1.02,0.34,0.03,1,1
NEAR,115.3,0.05,1.21,0.0,1,1
NEAR,115.3,1.25,0.06,1.71,1,1
NEAR,115.4,1.4,0.29,0.98,1,1
INSIDE,42.2,0.4,0.42,0.4,47,26
INSIDE,41.7,2.8,0.61,1.94,31,16
INSIDE,41.5,0.44,0.17,0.38,6,5
INSIDE,41.8,0.24,2.37,0.02,124,39
INSIDE,42.5,1.37,1.45,0.1,440,59
INSIDE,41.5,0.08,2.38,0.01,8,6
INSIDE,41.9,0.55,1.08,0.04,61,34
INSIDE,41.9,0.68,0.34,0.93,86,29
INSIDE,42.5,2.63,2.09,0.26,127,39
INSIDE,41.7,0.89,1.08,2.75,20,13
INSIDE,41.1,0.57,0.54,3.06,61,23
INSIDE,42.3,1.42,0.52,1.02,14,10
INSIDE,41.5,0.39,0.13,1.64,7,4
INSIDE,42.0,0.54,2.58,0.04,28,18
INSIDE,42.2,0.36,2.52,0.35,21,11
INSIDE,42.5,2.34,0.25,1.67,9,3
INSIDE,41.9,0.8,2.3,1.14,7,5
INSIDE,41.8,1.19,1.48,0.39,30,20
INSIDE,41.8,0.79,0.77,0.93,29,11
INSIDE,42.4,0.11,0.89,0.01,7,6
INSIDE,42.7,0.19,0.32,0.85,6,4
INSIDE,41.0,1.29,0.46,0.12,5,5
INSIDE,41.4,7.79,0.59,2.24,2,2
INSIDE,40.8,0.05,0.14,0.19,1,1
INSIDE,41.4,1.0,0.46,0.32,6,6
INSIDE,40.9,1.61,0.17,0.29,1,1
INSIDE,41.5,1.02,0.06,1.69,2,1
INSIDE,41.4,0.12,0.4,0.38,2,2
INSIDE,41.8,0.35,2.96,0.76,2,2
INSIDE,41.6,6.96,1.4,2.96,7,6
INSIDE,41.3,0.09,2.07,0.24,5,5
INSIDE,42.4,1.9,2.91,0.12,4,3
INSIDE,41.6,0.4,0.91,0.77,4,3
INSIDE,42.1,0.34,1.03,0.02,7,5
INSIDE,42.4,0.26,0.84,1.12,3,3
INSIDE,42.6,0.51,1.36,0.35,5,4
INSIDE,42.4,12.46,2.29,3.12,2,2
INSIDE,42.1,2.65,2.72,0.71,1,1
INSIDE,42.1,0.1,2.5,0.0,1,1
INSIDE,42.3,0.09,0.05,0.99,1,1
INSIDE,42.3,0.25,1.29,0.17,1,1
INSIDE,42.7,0.2,0.19,2.81,1,1
INSIDE,43.0,0.32,2.66,0.14,1,1
INSIDE,43.5,0.08,0.96,0.0,1,1
INSIDE,69.0,0.17,0.24,1.95,8,4
INSIDE,69.5,2.23,3.07,2.61,33,20
INSIDE,68.8,6.31,4.32,2.73,80,38
INSIDE,68.3,0.35,4.18,0.18,4,3
INSIDE,69.1,2.04,5.67,3.07,19,11
INSIDE,68.1,0.06,0.29,0.3,2,1
INSIDE,69.0,4.01,1.24,2.62,11,10
INSIDE,69.1,1.77,5.74,0.75,59,22
INSIDE,67.9,0.25,1.46,0.45,89,7
INSIDE,68.5,1.9,1.76,0.11,9,7
INSIDE,69.0,2.69,0.81,2.68,5,5
INSIDE,68.5,2.72,0.29,0.31,3,3
INSIDE,68.8,0.89,1.9,0.35,2,2
INSIDE,69.2,1.86,0.66,2.64,15,14
INSIDE,67.9,0.25,1.46,0.16,21,6
INSIDE,70.0,0.2,1.16,0.01,9,3
INSIDE,69.2,13.27,4.57,2.87,12,10
INSIDE,68.9,1.42,0.9,1.1,5,4
INSIDE,69.4,1.47,0.23,1.77,8,7
INSIDE,69.9,2.84,5.89,1.52,5,5
INSIDE,69.2,0.36,5.02,2.4,2,2
INSIDE,68.2,3.79,0.23,2.87,1,1
INSIDE,69.4,0.43,4.64,0.63,9,6
INSIDE,69.1,0.76,0.64,2.82,5,3
INSIDE,68.9,1.42,5.86,0.05,3,3
INSIDE,68.3,0.58,2.33,1.89,2,2
INSIDE,68.7,0.18,0.37,2.68,2,2
INSIDE,69.4,1.17,0.1,0.43,2,2
INSIDE,69.5,1.34,0.17,0.32,3,3
INSIDE,69.2,1.79,2.46,0.73,2,2
INSIDE,69.2,0.05,5.77,0.0,3,2
INSIDE,69.7,0.11,1.15,0.0,10,3
INSIDE,69.4,1.51,5.26,0.33,3,3
INSIDE,69.0,0.77,0.84,0.02,1,1
INSIDE,69.2,0.54,0.18,2.3,1,1
INSIDE,69.2,13.28,1.91,2.84,1,1
INSIDE,69.2,11.85,5.87,0.83,1,1
INSIDE,69.2,0.08,4.41,0.88,1,1
INSIDE,69.3,2.67,5.14,0.32,3,3
INSIDE,69.5,11.68,0.6,2.96,2,2
INSIDE,69.3,0.15,0.07,1.75,1,1
INSIDE,69.6,0.14,5.89,0.01,1,1
INSIDE,70.1,0.65,5.82,1.02,4,3
INSIDE,69.8,4.27,5.86,0.85,2,2
INSIDE,70.0,1.68,0.63,0.47,1,1
INSIDE,70.1,1.69,2.06,0.32,1,1
INSIDE,70.1,0.24,0.2,2.64,1,1
INSIDE,70.2,4.17,0.65,0.39,1,1
INSIDE,70.3,0.29,1.37,2.79,1,1
INSIDE,70.4,0.19,3.91,0.0,1,1
INSIDE,99.1,1.41,5.15,0.24,71,43
INSIDE,99.0,0.08,4.43,0.0,76,32
INSIDE,98.6,0.1,0.23,3.27,20,7
INSIDE,99.1,1.53,1.46,1.09,69,35
INSIDE,99.1,0.23,4.25,0.22,71,32
INSIDE,99.0,1.75,4.64,0.7,260,63
INSIDE,97.7,1.87,0.48,0.63,51,16
INSIDE,98.6,2.03,1.26,0.09,17,13
INSIDE,99.4,0.21,2.58,0.0,40,23
INSIDE,99.1,0.53,0.89,1.75,20,17
INSIDE,99.2,0.69,4.3,0.67,156,65
INSIDE,98.8,2.92,4.53,2.39,169,66
INSIDE,98.6,1.05,1.16,0.03,21,15
INSIDE,98.8,0.25,2.15,0.01,34,25
INSIDE,99.0,1.27,4.44,2.48,73,38
INSIDE,98.6,0.05,0.71,0.0,23,16
INSIDE,99.2,0.71,1.15,0.66,29,18
INSIDE,99.1,0.07,1.48,0.0,23,17
INSIDE,98.6,8.42,1.62,3.49,9,6
INSIDE,98.8,0.95,0.17,0.91,25,16
INSIDE,98.9,1.34,0.8,2.27,11,11
INSIDE,99.7,9.17,4.6,2.54,9,7
INSIDE,98.8,0.81,2.28,0.25,67,25
INSIDE,99.4,1.71,0.44,2.03,31,24
INSIDE,99.0,0.85,2.98,0.02,35,20
INSIDE,99.0,0.1,1.22,0.0,20,18
INSIDE,98.8,4.87,4.82,0.85,16,11
INSIDE,98.8,2.66,1.07,2.77,16,9
INSIDE,99.5,5.16,0.67,2.28,15,11
INSIDE,99.3,1.3,0.1,1.55,18,9
INSIDE,99.0,0.41,4.56,2.44,21,11
INSIDE,98.7,2.24,2.54,0.24,9,9
INSIDE,98.3,0.08,0.54,1.94,2,2
INSIDE,99.0,0.54,5.83,0.2,28,13
INSIDE,99.0,0.19,4.57,0.69,7,3
INSIDE,98.0,1.87,3.67,0.04,8,8
INSIDE,98.9,0.15,4.5,0.47,2,2
INSIDE,99.3,0.32,1.19,0.24,13,12
INSIDE,99.2,0.99,0.26,1.76,13,7
INSIDE,98.0,2.1,0.16,0.52,4,3
INSIDE,98.9,0.01,0.54,0.0,5,3
INSIDE,99.0,0.11,0.32,0.92,10,4
INSIDE,98.9,0.07,0.67,0.86,3,3
INSIDE,98.1,0.39,0.06,1.52,3,3
INSIDE,98.5,0.04,0.07,1.5,3,2
INSIDE,98.9,5.23,1.58,2.6,10,7
INSIDE,98.1,1.83,0.53,2.89,4,4
INSIDE,98.8,0.03,0.86,0.27,3,2
INSIDE,99.3,2.95,1.68,0.43,5,4
INSIDE,98.0,2.83,5.18,0.21,1,1
INSIDE,98.3,0.1,1.45,0.24,5,5
INSIDE,98.9,1.08,5.95,2.15,42,11
INSIDE,99.2,0.47,1.08,0.01,4,3
INSIDE,98.8,0.42,5.74,0.0,3,2
INSIDE,98.1,0.2,0.76,0.01,1,1
INSIDE,98.2,1.08,0.35,0.02,1,1
INSIDE,100.2,2.79,0.15,1.2,6,3
INSIDE,98.9,0.27,4.47,0.01,10,8
INSIDE,98.6,0.04,5.83,0.0,11,6
INSIDE,98.4,0.68,0.44,0.56,6,6
INSIDE,99.3,0.22,0.28,1.23,9,7
INSIDE,99.3,0.11,0.07,1.58,6,3
INSIDE,99.7,0.11,0.7,0.0,3,3
INSIDE,99.1,0.81,0.68,0.23,6,6
INSIDE,98.8,7.33,1.48,1.19,1,1
INSIDE,99.3,1.1,0.23,3.1,4,2
INSIDE,98.9,0.26,0.06,1.22,1,1
INSIDE,99.7,0.13,0.24,3.4,2,2
INSIDE,99.1,0.41,2.3,0.51,1,1
INSIDE,99.3,0.84,2.78,2.34,1,1
INSIDE,99.6,1.22,0.97,0.01,1,1
INSIDE,99.7,0.02,0.25,0.18,1,1
INSIDE,99.7,0.39,0.37,0.2,1,1
INSIDE,99.8,1.66,0.05,0.76,1,1
INSIDE,99.9,0.03,0.27,0.5,1,1
INSIDE,100.0,2.64,1.17,0.04,1,1
INSIDE,100.4,0.16,1.42,0.81,1,1
INSIDE,39.1,0.2,2.22,0.02,52,23
INSIDE,38.9,0.62,0.47,0.93,145,36
INSIDE,37.8,0.14,2.49,0.28,8,3
INSIDE,39.0,1.71,1.65,0.13,524,59
INSIDE,39.3,1.08,0.32,0.94,23,13
INSIDE,38.8,1.4,2.53,0.83,16,13
INSIDE,38.8,0.78,1.27,0.06,186,66
INSIDE,38.6,0.93,1.79,0.35,68,28
INSIDE,38.2,0.56,0.53,3.07,170,26
INSIDE,38.7,0.05,2.66,0.0,4,4
INSIDE,38.8,0.08,2.71,0.01,4,4
INSIDE,38.8,0.35,2.61,0.02,22,14
INSIDE,38.3,0.67,2.52,0.76,8,6
INSIDE,38.7,1.41,0.1,1.44,5,3
INSIDE,38.8,9.57,1.8,2.55,8,6
INSIDE,38.8,1.38,0.55,1.12,33,17
INSIDE,38.8,0.4,0.87,0.82,11,8
INSIDE,38.8,0.68,0.93,0.04,35,24
INSIDE,39.0,0.52,0.45,0.33,30,20
INSIDE,39.0,1.71,0.51,0.14,10,8
INSIDE,39.5,1.1,0.52,0.37,6,5
INSIDE,39.1,3.49,0.42,1.86,15,9
INSIDE,38.6,3.96,0.95,2.06,6,4
INSIDE,39.2,0.44,1.83,0.3,6,4
INSIDE,39.3,0.24,0.17,1.12,3,3
INSIDE,37.9,1.43,0.67,2.64,3,3
INSIDE,39.4,1.0,1.7,2.96,6,5
INSIDE,37.9,4.1,2.78,3.6,1,1
INSIDE,38.8,0.35,1.23,0.02,9,7
INSIDE,39.3,0.15,2.99,0.01,3,2
INSIDE,38.0,0.93,1.1,0.73,1,1
INSIDE,39.5,2.61,2.04,0.35,21,15
INSIDE,39.6,0.18,0.41,0.55,7,3
INSIDE,38.2,0.05,2.92,0.63,1,1
INSIDE,39.0,0.68,0.14,0.15,2,1
INSIDE,38.5,0.24,2.98,0.01,2,1
INSIDE,38.7,0.21,0.28,2.4,3,2
INSIDE,38.6,3.87,2.95,1.09,1,1
INSIDE,39.5,0.32,2.69,0.32,9,7
INSIDE,39.5,0.48,0.33,0.56,4,3
INSIDE,39.2,0.24,0.73,0.48,2,2
INSIDE,39.0,0.21,0.58,0.27,2,2
INSIDE,39.3,1.22,2.89,2.79,2,1
INSIDE,39.4,0.26,0.05,1.18,1,1
INSIDE,39.5,5.16,1.12,3.22,1,1
INSIDE,39.8,0.52,0.08,0.71,2,2
INSIDE,39.7,0.1,2.91,0.0,1,1
INSIDE,39.8,0.06,0.34,1.06,1,1
INSIDE,40.0,0.18,0.31,0.1,1,1
INSIDE,66.9,1.92,1.4,0.09,5,5
INSIDE,66.0,2.12,4.71,2.94,28,20
INSIDE,66.4,1.71,0.65,0.86,5,5
INSIDE,65.3,0.08,1.15,0.0,6,3
INSIDE,66.1,0.67,0.66,2.59,16,10
INSIDE,65.7,5.12,0.2,0.46,2,2
INSIDE,66.6,8.49,3.46,2.94,15,10
INSIDE,66.2,5.25,2.1,2.95,18,11
INSIDE,64.7,0.1,1.49,0.55,1,1
INSIDE,66.1,2.47,0.95,2.9,12,10
INSIDE,66.0,2.01,0.26,1.9,5,4
INSIDE,65.7,0.31,5.62,0.18,6,6
INSIDE,64.8,0.85,0.08,2.2,1,1
INSIDE,66.4,0.56,2.26,0.56,8,6
INSIDE,65.8,1.35,3.09,0.41,10,9
INSIDE,66.5,0.77,5.81,0.74,7,6
INSIDE,65.7,0.2,1.85,0.01,7,7
INSIDE,66.0,4.28,5.54,2.17,10,10
INSIDE,65.1,0.54,1.66,3.02,1,1
INSIDE,65.2,0.12,5.01,0.74,1,1
INSIDE,66.2,0.18,0.56,2.3,4,3
INSIDE,65.8,0.28,0.17,2.54,2,2
INSIDE,66.2,1.74,0.11,0.51,2,2
INSIDE,65.3,0.17,5.27,0.01,1,1
INSIDE,66.3,6.58,4.28,2.87,4,4
INSIDE,66.7,0.17,0.94,0.01,3,3
INSIDE,65.6,0.42,0.4,0.54,1,1
INSIDE,66.8,1.58,0.48,0.28,3,2
INSIDE,66.6,1.61,2.77,0.79,3,3
INSIDE,66.8,1.89,5.83,0.74,6,4
INSIDE,66.3,0.74,5.54,3.09,3,3
INSIDE,65.8,0.08,5.88,0.0,2,1
INSIDE,66.0,0.28,5.57,3.04,1,1
INSIDE,66.4,5.47,5.79,0.79,1,1
INSIDE,66.8,6.96,0.86,2.99,2,2
INSIDE,67.0,1.35,1.37,0.22,1,1
INSIDE,67.3,0.21,1.45,0.16,5,1
INSIDE,67.0,1.04,1.58,1.2,1,1
INSIDE,67.2,0.75,5.7,0.18,2,2
INSIDE,67.5,0.57,0.29,2.25,1,1
INSIDE,67.5,2.14,2.22,2.99,1,1
OUTSIDE,99.1,1.88,0.67,1.26,226,82
OUTSIDE,99.7,1.48,0.74,2.61,117,47
OUTSIDE,98.5,0.63,0.36,0.21,18,12
OUTSIDE,99.1,0.06,0.67,0.0,47,27
OUTSIDE,98.8,0.05,0.26,0.21,16,11
OUTSIDE,98.8,3.84,1.3,2.15,37,24
OUTSIDE,98.8,0.74,1.53,0.61,29,21
OUTSIDE,99.0,0.07,0.41,0.41,24,15
OUTSIDE,99.0,1.27,0.3,1.35,107,60
OUTSIDE,99.0,0.19,0.36,1.38,64,25
OUTSIDE,99.1,0.1,1.2,0.0,67,30
OUTSIDE,99.0,0.63,0.65,0.64,64,36
OUTSIDE,99.1,0.46,0.62,1.88,69,35
OUTSIDE,98.2,0.88,0.22,0.78,26,19
OUTSIDE,98.7,0.03,1.27,0.0,23,14
OUTSIDE,99.1,0.27,1.28,0.23,24,17
OUTSIDE,99.1,1.6,1.09,0.39,34,22
OUTSIDE,98.3,0.76,0.06,0.53,2,2
OUTSIDE,99.6,4.08,0.32,1.1,11,9
OUTSIDE,99.0,1.1,1.36,1.04,48,28
OUTSIDE,98.6,0.09,0.1,1.48,11,7
OUTSIDE,98.6,0.15,0.76,0.83,27,16
OUTSIDE,98.8,0.15,0.19,0.21,10,8
OUTSIDE,98.8,0.1,0.19,0.57,7,5
OUTSIDE,99.3,0.12,2.08,0.0,13,8
OUTSIDE,99.3,0.02,0.46,0.0,31,11
OUTSIDE,98.9,1.25,1.42,0.04,4,4
OUTSIDE,99.3,0.72,0.36,1.42,42,32
OUTSIDE,99.8,3.49,0.64,2.56,36,18
OUTSIDE,99.3,0.64,0.22,1.47,35,19
OUTSIDE,98.7,2.0,0.27,0.28,11,10
OUTSIDE,99.0,0.51,1.68,0.01,25,15
OUTSIDE,98.6,0.08,0.45,1.16,16,11
OUTSIDE,99.0,0.23,1.3,0.62,18,11
OUTSIDE,98.8,1.34,1.65,0.21,2,2
OUTSIDE,99.6,9.34,1.07,1.95,12,7
OUTSIDE,98.5,0.38,0.08,1.29,9,6
OUTSIDE,98.7,2.12,0.12,0.5,5,5
OUTSIDE,99.4,0.73,1.49,1.1,5,5
OUTSIDE,98.9,0.21,0.66,0.01,6,5
OUTSIDE,98.8,2.38,0.08,1.02,2,2
OUTSIDE,98.5,0.33,1.6,0.0,4,4
OUTSIDE,98.1,7.93,0.59,2.57,1,1
OUTSIDE,100.1,4.88,1.83,0.83,3,3
OUTSIDE,99.0,1.13,0.99,0.03,7,6
OUTSIDE,98.7,0.27,0.22,0.5,3,3
OUTSIDE,99.3,0.14,2.1,0.01,7,7
OUTSIDE,98.8,0.58,0.55,0.01,2,2
OUTSIDE,98.4,0.08,0.1,3.0,1,1
OUTSIDE,98.4,0.02,0.34,0.49,1,1
OUTSIDE,98.4,3.62,0.14,0.18,1,1
OUTSIDE,98.5,0.21,0.19,0.54,1,1
OUTSIDE,99.3,0.69,0.89,0.22,13,6
OUTSIDE,99.1,0.64,1.01,0.62,11,4
OUTSIDE,98.6,0.02,0.37,0.21,3,2
OUTSIDE,99.0,0.24,0.56,0.2,3,3
OUTSIDE,98.9,1.34,2.55,0.03,1,1
OUTSIDE,99.1,1.06,0.36,0.66,5,4
OUTSIDE,99.4,0.23,0.06,1.2,3,3
OUTSIDE,99.2,0.15,0.47,0.0,1,1
OUTSIDE,99.5,0.43,0.43,1.08,1,1
OUTSIDE,99.5,0.04,0.83,1.42,1,1
OUTSIDE,99.6,0.3,0.04,2.27,1,1
OUTSIDE,100.0,0.22,1.59,1.51,1,1
OUTSIDE,100.3,0.28,2.24,0.01,1,1
OUTSIDE,93.0,0.87,0.94,1.1,142,69
OUTSIDE,92.9,0.07,1.1,0.0,86,32
OUTSIDE,93.0,2.25,0.47,1.61,240,79
OUTSIDE,92.4,0.05,0.49,0.37,7,6
OUTSIDE,92.8,1.92,1.0,0.81,53,36
OUTSIDE,93.1,1.89,1.1,2.12,130,57
OUTSIDE,92.6,0.27,0.06,0.97,8,3
OUTSIDE,92.8,0.9,0.31,1.02,110,56
OUTSIDE,93.0,0.2,0.32,1.33,95,42
OUTSIDE,93.3,1.98,0.21,0.79,19,17
OUTSIDE,93.1,4.46,0.89,1.88,38,29
OUTSIDE,93.2,0.94,0.91,0.22,32,24
OUTSIDE,92.6,0.14,0.81,0.0,14,12
OUTSIDE,92.8,1.75,2.11,0.59,7,6
OUTSIDE,92.8,0.34,1.43,0.19,18,15
OUTSIDE,93.0,3.78,1.31,2.1,58,32
OUTSIDE,93.0,2.25,0.21,0.89,18,16
OUTSIDE,93.2,0.04,0.21,0.18,6,6
OUTSIDE,93.3,0.1,0.11,1.07,14,8
OUTSIDE,92.8,0.16,1.62,0.0,16,14
OUTSIDE,93.3,1.06,2.4,2.58,9,8
OUTSIDE,93.1,0.33,1.08,1.02,22,19
OUTSIDE,93.8,0.33,0.52,0.21,8,7
OUTSIDE,91.8,0.1,1.3,2.46,2,2
OUTSIDE,92.9,0.3,0.34,0.4,19,15
OUTSIDE,93.2,1.82,0.22,0.25,3,2
OUTSIDE,93.7,0.98,0.35,2.03,29,23
OUTSIDE,91.8,2.3,0.19,0.07,1,1
OUTSIDE,93.3,0.46,0.62,2.58,24,13
OUTSIDE,93.0,0.1,1.01,0.95,6,4
OUTSIDE,92.7,11.67,1.0,2.56,3,3
OUTSIDE,92.8,0.19,1.63,0.01,14,10
OUTSIDE,93.5,0.48,2.02,0.44,6,5
OUTSIDE,92.8,0.6,1.66,0.02,17,16
OUTSIDE,92.4,0.08,0.29,1.54,6,6
OUTSIDE,93.0,0.02,0.49,0.0,11,10
OUTSIDE,92.0,0.84,0.08,1.33,4,4
OUTSIDE,93.4,1.91,0.29,0.32,4,3
OUTSIDE,93.7,1.58,2.24,0.22,3,3
OUTSIDE,91.9,0.18,1.13,0.01,1,1
OUTSIDE,93.7,0.08,0.34,0.42,11,11
OUTSIDE,92.7,0.4,1.13,0.48,9,7
OUTSIDE,92.0,0.13,0.63,0.79,3,3
OUTSIDE,92.0,1.85,0.43,0.85,1,1
OUTSIDE,92.0,0.06,2.55,0.0,1,1
OUTSIDE,92.5,3.26,0.85,2.9,5,5
OUTSIDE,93.1,0.24,0.6,2.51,10,7
OUTSIDE,92.8,0.18,0.09,1.96,2,1
OUTSIDE,92.4,0.09,0.05,0.89,2,1
OUTSIDE,92.6,1.65,1.58,0.05,4,4
OUTSIDE,92.3,11.62,2.69,2.72,1,1
OUTSIDE,93.4,1.14,0.52,0.03,5,4
OUTSIDE,93.0,0.71,0.31,0.21,11,11
OUTSIDE,93.6,0.48,0.35,2.03,12,10
OUTSIDE,92.6,0.27,2.33,1.08,1,1
OUTSIDE,93.0,0.17,1.28,0.42,4,3
OUTSIDE,93.9,0.6,0.12,1.52,4,4
OUTSIDE,93.0,0.82,0.83,0.41,1,1
OUTSIDE,93.2,0.15,0.28,0.17,2,2
OUTSIDE,93.4,0.7,0.46,0.01,1,1
OUTSIDE,93.5,0.82,2.29,0.94,1,1
OUTSIDE,93.5,3.58,0.75,0.05,1,1
OUTSIDE,93.8,1.98,2.32,2.65,1,1
OUTSIDE,93.9,0.01,0.39,0.21,1,1
OUTSIDE,93.9,3.14,0.05,0.24,1,1
OUTSIDE,93.9,0.17,0.28,2.56,1,1
OUTSIDE,94.1,0.07,0.3,0.18,1,1
OUTSIDE,94.3,0.29,0.68,2.38,1,1
OUTSIDE,94.4,2.09,0.05,0.61,1,1
OUTSIDE,94.4,0.01,1.6,0.0,1,1
OUTSIDE,116.6,1.31,0.87,0.22,21,17
OUTSIDE,116.6,0.24,0.34,0.81,26,17
OUTSIDE,116.7,1.43,1.03,0.61,29,20
OUTSIDE,116.6,0.04,0.25,0.2,8,6
OUTSIDE,117.2,1.33,0.41,0.95,40,27
OUTSIDE,117.1,0.11,1.56,0.0,115,35
OUTSIDE,116.9,0.06,0.82,0.0,82,34
OUTSIDE,116.4,0.23,0.68,1.2,10,8
OUTSIDE,116.3,0.03,0.49,0.0,21,13
OUTSIDE,116.8,0.46,0.79,2.72,4,4
OUTSIDE,117.0,1.85,0.63,2.33,13,10
OUTSIDE,117.0,0.71,0.32,0.8,11,11
OUTSIDE,116.7,0.55,1.22,0.01,35,22
OUTSIDE,115.8,0.53,0.61,0.01,21,9
OUTSIDE,117.4,0.32,1.55,0.2,5,4
OUTSIDE,116.1,0.08,0.28,0.22,10,9
OUTSIDE,116.6,0.83,0.98,1.15,10,10
OUTSIDE,116.0,1.94,0.14,1.65,2,2
OUTSIDE,116.2,0.06,0.41,0.76,7,5
OUTSIDE,115.8,0.22,0.45,0.01,3,2
OUTSIDE,115.8,0.02,0.38,0.23,1,1
OUTSIDE,116.7,0.28,1.0,0.45,8,5
OUTSIDE,116.0,0.65,0.3,2.08,2,1
OUTSIDE,117.2,0.11,0.32,0.96,8,6
OUTSIDE,116.7,0.01,0.46,0.0,2,2
OUTSIDE,117.1,0.06,2.36,0.0,4,4
OUTSIDE,116.8,0.27,0.1,0.79,3,3
OUTSIDE,116.8,2.25,1.12,1.54,12,10
OUTSIDE,117.2,1.38,0.83,0.03,11,9
OUTSIDE,116.8,0.2,1.86,0.01,12,10
OUTSIDE,116.3,0.31,1.43,0.0,1,1
OUTSIDE,116.6,0.6,0.32,0.23,3,3
OUTSIDE,117.2,1.49,1.4,0.05,5,2
OUTSIDE,116.3,2.02,0.54,0.09,1,1
OUTSIDE,117.4,4.27,0.46,0.85,3,3
OUTSIDE,116.5,0.1,0.06,1.61,1,1
OUTSIDE,117.2,0.02,1.41,0.0,2,2
OUTSIDE,116.7,0.27,2.04,0.53,3,1
OUTSIDE,116.9,4.44,0.42,1.76,1,1
OUTSIDE,117.1,5.06,1.12,2.45,2,2
OUTSIDE,117.6,0.11,0.53,0.0,3,3
OUTSIDE,117.7,0.74,0.16,0.29,2,2
OUTSIDE,117.7,1.21,2.12,0.03,2,2
OUTSIDE,117.4,1.79,0.3,0.29,2,2
OUTSIDE,118.1,0.06,0.56,0.23,2,2
OUTSIDE,117.7,1.28,2.47,0.46,1,1
OUTSIDE,117.7,0.05,0.26,0.24,1,1
INSIDE,35.4,2.46,2.03,0.22,633,60
INSIDE,35.5,0.45,0.78,1.09,105,38
INSIDE,36.2,0.84,1.73,0.35,34,25
INSIDE,36.7,0.69,1.27,0.06,133,51
INSIDE,36.5,0.58,0.55,3.04,139,27
INSIDE,36.2,0.08,2.47,0.01,4,3
INSIDE,36.5,0.23,2.5,0.02,28,16
INSIDE,35.2,2.0,2.63,0.76,20,10
INSIDE,35.5,0.33,0.22,0.52,5,5
INSIDE,36.2,0.44,0.37,0.66,74,25
INSIDE,36.1,1.11,0.57,1.03,91,36
INSIDE,36.5,0.21,0.58,0.3,14,7
INSIDE,35.7,3.52,0.85,2.4,22,15
INSIDE,36.0,1.41,1.51,0.11,95,34
INSIDE,35.5,1.29,1.76,3.29,11,8
INSIDE,35.9,0.22,1.91,0.33,11,9
INSIDE,34.5,0.47,0.03,1.24,1,1
INSIDE,35.5,0.73,0.38,0.68,35,20
INSIDE,36.8,3.88,2.81,1.32,7,5
INSIDE,36.7,0.76,0.82,0.93,33,15
INSIDE,35.5,0.94,0.08,1.33,2,2
INSIDE,35.6,0.67,0.49,0.34,8,7
INSIDE,35.5,0.49,0.22,1.74,9,7
INSIDE,35.5,0.08,1.07,0.0,2,1
INSIDE,36.9,0.21,0.18,2.58,8,2
INSIDE,36.0,1.62,0.54,0.15,20,13
INSIDE,34.6,0.86,0.18,0.66,1,1
INSIDE,34.7,0.06,2.83,0.0,1,1
INSIDE,36.1,3.72,0.32,2.0,6,4
INSIDE,35.7,0.2,0.86,0.01,2,2
INSIDE,35.5,0.13,0.84,1.11,2,2
INSIDE,36.1,0.71,2.83,0.94,5,3
INSIDE,35.6,9.56,1.28,2.58,17,13
INSIDE,35.0,1.04,0.51,0.09,3,3
INSIDE,35.0,3.38,2.66,0.57,1,1
INSIDE,35.0,7.34,0.53,2.1,1,1
INSIDE,35.2,0.37,2.95,0.02,3,3
INSIDE,35.3,0.28,0.36,0.11,1,1
INSIDE,36.7,1.36,0.57,2.98,2,2
INSIDE,37.1,0.65,2.95,0.05,3,3
INSIDE,36.7,1.45,0.2,1.52,1,1
INSIDE,36.8,0.26,1.42,0.05,1,1
INSIDE,37.1,0.05,0.17,0.2,2,2
INSIDE,37.1,1.34,0.04,0.02,1,1
INSIDE,37.2,0.14,2.49,0.28,1,1
INSIDE,37.3,0.1,0.95,0.01,1,1
INSIDE,93.7,0.06,4.43,0.0,147,13
INSIDE,92.9,3.53,4.64,1.98,276,81
INSIDE,93.0,1.64,4.66,0.51,213,66
INSIDE,92.6,9.01,4.57,2.85,25,17
INSIDE,93.2,0.09,1.31,0.0,54,30
INSIDE,92.8,0.22,4.53,0.22,86,33
INSIDE,93.6,0.11,4.18,0.0,31,21
INSIDE,93.0,0.13,0.38,1.95,19,13
INSIDE,93.2,0.66,4.37,0.68,105,51
INSIDE,93.0,0.98,0.97,0.03,27,21
INSIDE,92.9,0.69,2.7,0.02,46,26
INSIDE,93.0,1.34,4.3,1.75,157,52
INSIDE,93.2,1.49,0.64,2.39,65,32
INSIDE,92.9,1.31,1.64,0.24,54,28
INSIDE,93.0,0.23,2.02,0.01,32,21
INSIDE,92.7,0.25,5.68,0.01,6,4
INSIDE,93.2,0.58,3.23,0.2,28,21
INSIDE,94.0,0.52,5.83,0.2,37,9
INSIDE,92.9,1.37,4.6,2.7,113,50
INSIDE,93.2,1.91,5.72,1.17,49,26
INSIDE,92.7,0.42,0.67,0.21,13,11
INSIDE,92.8,2.44,0.21,1.05,39,18
INSIDE,92.0,0.09,2.73,0.22,2,2
INSIDE,92.5,0.94,0.07,0.6,14,10
INSIDE,93.4,0.48,1.43,0.62,17,13
INSIDE,93.0,1.17,0.73,0.21,4,4
INSIDE,92.9,6.09,1.2,2.96,22,11
INSIDE,93.2,0.49,4.52,2.77,21,15
INSIDE,92.8,3.56,4.52,3.05,37,24
INSIDE,93.1,0.09,0.09,1.62,24,9
INSIDE,92.7,0.57,0.46,2.05,52,27
INSIDE,92.7,2.22,1.32,2.63,15,13
INSIDE,92.7,3.8,1.53,2.59,13,13
INSIDE,92.6,2.37,2.14,0.57,10,9
INSIDE,92.8,0.2,4.42,0.65,12,12
INSIDE,93.2,0.18,1.44,0.41,6,6
INSIDE,92.9,9.51,2.42,2.77,4,4
INSIDE,92.5,0.34,0.51,1.64,4,3
INSIDE,93.4,0.15,4.69,2.58,3,1
INSIDE,92.5,4.34,0.66,2.04,7,5
INSIDE,93.1,1.07,0.38,0.86,15,13
INSIDE,92.3,0.75,0.22,1.25,20,13
INSIDE,92.0,0.19,1.28,0.0,5,5
INSIDE,92.9,1.83,4.49,0.19,4,4
INSIDE,92.5,0.72,1.43,1.21,5,5
INSIDE,93.3,0.31,5.47,0.0,6,5
INSIDE,93.3,2.31,0.93,1.05,7,5
INSIDE,92.8,0.1,0.45,0.0,4,3
INSIDE,93.0,1.93,1.39,0.08,9,6
INSIDE,93.3,0.03,0.74,0.0,6,5
INSIDE,93.1,0.4,0.68,0.01,8,7
INSIDE,93.2,0.07,0.27,0.21,6,5
INSIDE,92.9,0.33,1.33,0.22,2,2
INSIDE,92.3,0.38,0.07,0.73,3,3
INSIDE,93.8,0.93,0.75,0.01,3,2
INSIDE,92.2,0.14,0.53,0.19,1,1
INSIDE,92.8,3.81,5.64,0.6,5,5
INSIDE,92.4,0.83,0.19,0.75,5,4
INSIDE,92.6,0.81,0.06,1.56,9,4
INSIDE,92.9,0.11,0.23,1.02,8,6
INSIDE,92.8,0.28,1.31,2.45,2,1
INSIDE,92.7,0.98,0.22,0.22,3,3
INSIDE,93.2,0.77,5.6,1.38,4,3
INSIDE,93.2,2.06,3.84,0.06,4,4
INSIDE,92.7,1.23,0.21,2.36,2,2
INSIDE,92.5,2.49,0.05,1.62,1,1
INSIDE,93.2,0.46,0.45,0.71,9,6
INSIDE,92.6,0.39,0.25,0.5,3,3
INSIDE,92.6,0.51,1.48,2.72,1,1
INSIDE,93.2,0.09,0.06,0.54,3,1
INSIDE,93.3,2.71,0.16,0.34,3,3
INSIDE,93.0,0.03,0.08,1.69,2,2
INSIDE,93.1,0.05,0.47,0.0,1,1
INSIDE,93.6,5.84,1.36,1.23,3,1
INSIDE,93.2,0.37,0.03,0.75,1,1
INSIDE,93.5,5.52,0.33,0.52,1,1
INSIDE,93.7,0.05,0.97,0.37,1,1
INSIDE,93.7,0.11,0.23,2.02,1,1
INSIDE,93.7,0.36,1.87,0.0,1,1
INSIDE,93.8,0.09,0.83,0.86,1,1
INSIDE,94.2,1.54,5.79,0.02,1,1
INSIDE,94.4,5.08,0.36,1.24,1,1
INSIDE,94.4,0.3,0.07,1.64,1,1
OUTSIDE,119.1,0.11,1.55,0.0,59,23
OUTSIDE,119.3,0.11,0.42,0.79,10,9
OUTSIDE,118.5,1.96,0.34,0.37,2,2
OUTSIDE,118.7,0.08,0.63,0.0,35,14
OUTSIDE,119.1,2.15,0.57,1.89,19,17
OUTSIDE,118.8,0.1,0.21,0.53,2,2
OUTSIDE,118.5,3.63,1.25,0.75,1,1
OUTSIDE,119.3,0.37,0.8,0.73,6,4
OUTSIDE,118.8,0.53,0.82,0.2,5,5
OUTSIDE,118.7,0.15,2.34,0.01,2,2
OUTSIDE,118.6,3.1,1.57,1.96,2,2
OUTSIDE,119.1,0.47,0.27,0.67,4,3
OUTSIDE,119.0,0.05,0.69,0.77,3,2
OUTSIDE,119.2,0.3,1.02,0.01,6,4
OUTSIDE,119.0,1.21,0.9,0.28,6,5
OUTSIDE,119.3,1.27,0.94,0.04,12,7
OUTSIDE,118.8,0.48,0.79,1.38,4,4
OUTSIDE,119.4,1.86,0.23,1.43,4,4
OUTSIDE,119.7,0.04,1.23,0.0,4,3
OUTSIDE,119.0,0.03,0.63,0.0,14,10
OUTSIDE,118.8,0.29,2.04,0.01,2,2
OUTSIDE,119.3,0.88,0.43,1.65,12,9
OUTSIDE,118.8,0.02,0.23,0.25,1,1
OUTSIDE,118.8,0.72,1.98,0.02,1,1
OUTSIDE,119.2,1.08,0.32,0.52,2,2
OUTSIDE,118.9,0.44,0.21,1.76,1,1
OUTSIDE,119.1,0.92,1.12,1.52,7,7
OUTSIDE,119.1,0.49,0.09,1.53,1,1
OUTSIDE,120.0,1.99,2.12,0.04,2,2
OUTSIDE,119.4,0.77,2.23,0.71,2,2
OUTSIDE,119.3,0.38,1.84,0.45,2,2
OUTSIDE,119.4,0.15,1.26,0.32,1,1
OUTSIDE,119.5,0.23,1.66,0.0,2,2
OUTSIDE,119.7,0.06,1.77,1.05,1,1
OUTSIDE,119.8,0.1,0.32,0.17,1,1
OUTSIDE,120.1,0.23,1.44,2.46,1,1
OUTSIDE,121.3,1.07,1.77,2.96,1,1
OUTSIDE,121.5,2.14,0.03,0.23,1,1
INSIDE,32.9,0.66,0.85,1.08,213,48
INSIDE,32.8,0.64,0.58,2.96,46,27
INSIDE,33.2,0.36,0.86,1.12,90,26
INSIDE,32.8,1.71,1.21,1.96,25,15
INSIDE,33.1,11.29,1.35,2.67,16,12
INSIDE,33.1,0.53,0.4,0.55,53,22
INSIDE,33.4,0.65,0.36,0.84,48,16
INSIDE,33.0,0.32,0.23,0.99,20,16
INSIDE,33.5,2.79,2.17,0.26,277,46
INSIDE,32.8,0.18,2.33,0.01,18,13
INSIDE,32.7,3.52,0.67,2.13,33,16
INSIDE,33.3,1.71,0.57,0.15,16,12
INSIDE,32.2,3.49,2.86,1.12,11,11
INSIDE,32.8,0.17,0.21,2.77,4,2
INSIDE,33.4,1.4,1.52,0.11,114,37
INSIDE,33.4,1.71,1.88,0.32,64,35
INSIDE,32.0,0.08,0.11,0.97,2,2
INSIDE,33.1,1.94,1.85,0.17,30,20
INSIDE,33.8,0.46,1.9,0.04,19,12
INSIDE,33.2,1.44,0.49,1.93,26,18
INSIDE,33.3,0.2,2.14,0.28,5,5
INSIDE,32.9,0.44,2.54,0.76,5,3
INSIDE,32.0,1.06,2.81,3.84,1,1
INSIDE,33.5,0.05,2.66,0.0,4,3
INSIDE,32.0,0.26,0.14,0.31,1,1
INSIDE,32.0,2.89,2.73,2.03,1,1
INSIDE,33.5,0.45,1.54,0.31,8,5
INSIDE,32.1,0.56,2.76,0.28,1,1
INSIDE,33.4,0.24,0.38,0.31,9,7
INSIDE,32.2,0.07,1.13,0.01,1,1
INSIDE,33.0,0.79,0.17,0.49,4,3
INSIDE,32.4,0.54,0.22,3.01,1,1
INSIDE,32.8,0.22,0.43,0.69,3,3
INSIDE,33.1,1.59,1.66,0.74,2,2
INSIDE,32.9,0.1,0.36,1.05,2,2
INSIDE,32.8,2.59,0.23,0.34,1,1
INSIDE,33.1,0.27,1.15,0.03,3,2
INSIDE,33.5,0.06,2.3,0.01,1,1
INSIDE,34.3,2.82,0.96,0.28,4,3
INSIDE,33.7,1.28,0.2,1.72,1,1
INSIDE,33.8,0.25,0.45,1.16,1,1
INSIDE,34.0,0.84,0.04,1.3,1,1
INSIDE,34.2,0.11,0.4,0.2,1,1
INSIDE,34.2,0.16,2.01,0.87,1,1
INSIDE,34.3,1.11,2.95,1.58,1,1
NEAR,93.6,0.78,0.19,2.24,9,7
NEAR,92.7,0.09,1.09,0.0,6,4
NEAR,93.4,1.2,0.29,2.38,31,16
NEAR,92.4,1.13,0.66,2.23,11,11
NEAR,93.0,0.46,0.8,0.2,3,3
NEAR,93.3,0.09,0.1,1.74,41,18
NEAR,92.0,2.08,0.29,1.27,8,8
NEAR,92.6,0.54,1.23,0.59,7,5
NEAR,93.3,1.87,0.57,0.72,14,10
NEAR,92.5,1.12,0.08,1.13,11,8
NEAR,92.5,0.2,0.27,2.67,10,8
NEAR,92.9,0.33,0.22,0.7,9,8
NEAR,93.4,0.04,0.06,1.39,11,9
NEAR,93.1,0.1,0.39,0.78,4,4
NEAR,93.2,0.83,0.22,1.33,18,11
NEAR,93.0,2.92,1.28,1.92,15,10
NEAR,91.9,7.04,0.93,2.48,3,3
NEAR,92.1,1.09,1.1,0.04,2,2
NEAR,91.9,1.78,0.56,0.22,1,1
NEAR,92.6,1.83,0.21,0.53,4,4
NEAR,92.4,0.06,0.16,0.86,2,2
NEAR,92.5,0.08,0.58,0.0,2,2
NEAR,93.1,2.41,1.23,0.48,3,3
NEAR,93.0,0.77,0.47,0.42,2,2
NEAR,92.1,1.07,0.05,0.17,1,1
NEAR,92.4,0.05,0.28,0.37,3,3
NEAR,92.7,0.38,0.95,1.72,2,2
NEAR,92.9,0.11,0.2,3.56,2,1
NEAR,92.3,0.23,0.13,2.82,1,1
NEAR,93.6,0.66,0.39,1.41,6,6
NEAR,93.5,0.26,1.15,0.01,4,4
NEAR,93.3,0.05,0.06,2.29,2,2
NEAR,93.6,2.69,0.14,1.38,2,2
NEAR,92.7,0.05,0.52,1.47,1,1
NEAR,93.2,0.39,0.26,0.16,1,1
NEAR,93.3,0.25,0.13,1.4,1,1
NEAR,93.7,1.52,0.11,2.95,2,2
NEAR,93.5,0.16,0.96,0.43,1,1
NEAR,93.6,0.05,1.3,0.0,1,1
NEAR,93.7,0.88,0.17,0.4,1,1
NEAR,93.9,1.02,0.36,0.04,1,1
NEAR,94.1,0.1,0.24,0.17,1,1
NEAR,94.1,0.48,0.05,1.36,1,1
NEAR,94.3,0.93,0.79,1.24,1,1
NEAR,94.4,1.09,0.16,0.19,1,1
NEAR,119.0,0.31,1.39,0.01,3,3
NEAR,119.1,0.11,1.23,0.0,10,8
NEAR,118.7,0.05,0.11,2.35,1,1
NEAR,118.7,0.21,0.31,0.2,1,1
NEAR,119.1,1.55,1.44,0.03,1,1
NEAR,119.1,0.21,1.45,0.0,1,1
NEAR,119.2,0.81,0.81,0.39,1,1
NEAR,119.3,0.87,0.27,1.32,1,1
NEAR,119.3,0.07,0.07,0.78,1,1
NEAR,119.8,0.04,1.05,0.0,1,1
INSIDE,122.4,1.6,3.79,0.78,9,7
INSIDE,123.4,3.09,0.35,2.12,5,3
INSIDE,122.2,1.02,0.29,2.65,4,2
INSIDE,123.9,4.07,4.5,2.98,73,20
INSIDE,123.8,0.07,0.08,2.91,3,3
INSIDE,123.2,7.1,4.57,2.29,46,22
INSIDE,122.5,1.94,5.23,0.04,4,2
INSIDE,121.7,0.12,5.1,0.0,1,1
INSIDE,122.5,2.89,4.14,0.28,5,5
INSIDE,122.8,14.53,4.44,2.12,4,4
INSIDE,122.4,9.33,3.97,0.71,6,3
INSIDE,122.4,0.15,4.52,2.42,4,1
INSIDE,122.1,0.67,4.49,1.85,1,1
INSIDE,123.7,5.65,4.41,0.96,41,15
INSIDE,122.9,0.96,3.87,0.29,2,2
INSIDE,122.5,0.07,3.8,0.41,1,1
INSIDE,123.0,3.51,0.19,1.22,4,2
INSIDE,123.5,4.42,1.38,2.75,2,2
INSIDE,123.0,7.02,0.33,3.23,1,1
INSIDE,123.0,0.11,0.32,3.22,1,1
INSIDE,123.0,0.35,3.43,0.0,1,1
INSIDE,123.1,0.15,0.07,2.52,1,1
INSIDE,123.3,0.05,0.29,0.35,1,1
INSIDE,123.4,0.17,0.75,2.95,1,1
INSIDE,123.5,0.02,0.24,0.2,1,1
INSIDE,123.5,6.94,1.76,0.48,1,1
INSIDE,123.7,6.98,0.33,1.33,1,1
INSIDE,124.1,0.27,3.29,0.31,3,1
INSIDE,124.1,4.66,0.05,1.63,1,1
OUTSIDE,66.5,3.63,0.46,2.34,25,14
OUTSIDE,67.5,1.06,0.38,0.2,16,8
OUTSIDE,64.5,0.42,1.34,0.17,1,1
OUTSIDE,67.0,1.26,0.81,1.72,12,11
OUTSIDE,66.9,0.19,2.17,0.01,4,4
OUTSIDE,65.3,0.12,0.16,2.47,4,2
OUTSIDE,65.3,1.21,0.2,2.45,7,5
OUTSIDE,66.8,0.35,0.42,2.02,8,6
OUTSIDE,66.6,9.03,1.1,2.54,11,9
OUTSIDE,67.1,1.5,0.5,0.18,44,4
OUTSIDE,64.8,0.74,2.57,0.67,1,1
OUTSIDE,65.2,0.22,1.75,0.78,2,2
OUTSIDE,65.7,7.84,0.24,2.56,2,1
OUTSIDE,67.5,1.01,0.45,0.18,25,6
OUTSIDE,66.1,0.09,1.17,0.0,4,4
OUTSIDE,65.9,1.75,0.27,2.35,7,4
OUTSIDE,66.2,0.06,0.85,0.0,2,2
OUTSIDE,66.6,1.89,0.22,0.99,5,5
OUTSIDE,65.7,0.16,0.07,2.05,1,1
OUTSIDE,66.4,1.5,0.37,1.38,2,1
OUTSIDE,66.2,0.06,0.5,0.15,3,1
OUTSIDE,67.2,3.66,1.3,2.46,10,10
OUTSIDE,66.6,0.69,0.38,0.81,2,2
OUTSIDE,66.4,4.39,2.44,2.5,1,1
OUTSIDE,66.8,1.97,0.48,0.72,2,2
OUTSIDE,66.5,2.29,1.85,0.55,1,1
OUTSIDE,66.7,5.23,0.4,1.11,3,3
OUTSIDE,67.0,0.03,0.21,0.19,1,1
OUTSIDE,67.0,0.07,0.52,1.29,2,2
OUTSIDE,67.0,0.41,2.1,0.02,1,1
OUTSIDE,67.3,1.87,1.93,0.08,2,2
OUTSIDE,67.2,0.18,0.85,0.01,1,1
OUTSIDE,67.3,0.21,0.36,1.14,1,1
OUTSIDE,67.5,0.12,0.09,0.79,1,1
NEAR,100.6,0.32,0.89,0.01,4,4
NEAR,101.2,2.06,0.33,2.56,19,7
NEAR,101.4,1.13,0.08,0.96,62,14
NEAR,100.5,0.15,0.32,0.45,1,1
NEAR,102.1,0.84,1.07,0.43,7,7
NEAR,102.2,2.13,1.07,1.68,8,6
NEAR,102.0,1.79,0.21,0.6,14,5
NEAR,100.7,0.15,1.49,0.01,1,1
NEAR,102.4,0.69,0.39,1.35,12,10
NEAR,102.2,0.11,0.24,3.25,10,5
NEAR,101.8,0.07,0.09,1.12,12,9
NEAR,101.8,0.09,1.08,0.0,4,3
NEAR,101.7,0.06,0.1,2.43,13,6
NEAR,101.2,2.83,0.55,1.19,3,2
NEAR,101.1,0.35,0.16,0.6,4,3
NEAR,102.3,0.99,0.26,3.18,3,3
NEAR,101.1,2.73,0.76,0.22,1,1
NEAR,101.2,1.12,0.05,0.96,3,3
NEAR,101.3,1.93,0.8,0.07,1,1
NEAR,101.5,0.32,0.48,3.34,2,2
NEAR,101.8,0.48,0.08,2.44,2,1
NEAR,103.0,1.04,0.94,0.03,4,3
NEAR,101.9,0.23,0.21,2.04,1,1
NEAR,101.9,0.63,1.46,2.02,1,1
NEAR,102.7,0.24,0.06,1.33,2,2
NEAR,102.0,1.06,0.33,0.21,1,1
NEAR,102.1,0.03,0.53,0.0,1,1
NEAR,102.8,4.56,0.59,0.9,1,1
NEAR,103.1,0.03,0.1,2.07,1,1
NEAR,103.2,0.04,0.15,0.45,1,1
NEAR,103.2,4.14,1.11,3.49,2,2
INSIDE,129.2,1.56,3.85,1.48,8,6
INSIDE,128.6,11.45,4.4,2.4,46,14
INSIDE,129.2,4.21,4.45,1.95,16,9
INSIDE,128.3,10.73,4.31,0.96,20,12
INSIDE,128.3,0.08,0.11,1.87,2,1
INSIDE,128.3,5.47,4.58,0.07,2,2
INSIDE,128.2,11.89,1.21,2.72,2,1
INSIDE,128.5,0.38,3.94,1.18,3,1
INSIDE,129.6,2.86,1.4,2.04,4,3
INSIDE,128.8,4.03,5.38,0.87,1,1
INSIDE,128.8,6.36,2.74,0.35,1,1
INSIDE,129.4,1.01,0.28,2.95,1,1
INSIDE,129.9,9.15,0.38,2.0,1,1
INSIDE,129.9,0.16,3.19,0.28,1,1
INSIDE,129.9,5.37,0.54,0.21,1,1
INSIDE,130.1,0.04,0.23,0.24,1,1
NEAR,99.0,0.08,0.1,1.65,26,10
NEAR,98.9,0.7,0.11,2.17,17,8
NEAR,100.0,1.47,0.21,0.6,41,17
NEAR,98.2,0.11,0.2,3.04,8,5
NEAR,99.2,1.62,0.63,0.63,11,10
NEAR,98.3,0.12,0.19,0.97,9,7
NEAR,99.3,0.98,0.82,0.03,5,2
NEAR,98.8,0.8,0.61,2.65,6,6
NEAR,99.8,0.38,0.25,1.75,4,3
NEAR,98.6,1.84,0.31,2.64,7,5
NEAR,98.7,4.98,1.24,2.94,7,5
NEAR,97.8,0.29,0.96,0.01,1,1
NEAR,98.4,1.99,0.06,1.11,3,2
NEAR,99.2,2.48,0.99,1.88,6,5
NEAR,100.1,0.15,1.11,0.0,5,5
NEAR,97.9,0.05,0.61,0.0,1,1
NEAR,98.9,0.03,0.12,1.2,2,2
NEAR,98.7,0.38,1.21,0.3,4,4
NEAR,99.4,0.11,0.09,2.57,6,5
NEAR,98.8,1.59,1.06,0.26,4,4
NEAR,98.6,0.06,0.21,0.23,4,3
NEAR,99.7,0.32,0.31,0.61,13,6
NEAR,98.4,0.44,0.5,0.45,1,1
NEAR,98.5,1.08,0.47,0.03,1,1
NEAR,99.2,2.14,0.68,0.1,2,2
NEAR,99.0,0.81,0.41,1.27,6,4
NEAR,99.5,0.43,0.2,1.14,3,2
NEAR,98.9,0.17,0.61,0.21,1,1
NEAR,99.2,0.28,0.6,3.2,1,1
NEAR,99.4,0.62,1.12,1.33,2,2
NEAR,99.5,0.05,0.16,0.78,1,1
NEAR,99.5,1.33,1.22,3.21,1,1
NEAR,99.6,2.07,1.29,0.73,1,1
NEAR,100.0,0.15,0.38,0.44,1,1
NEAR,100.2,0.71,1.34,0.42,1,1
NEAR,100.3,1.76,0.22,0.44,1,1
RAIL,36.9,0.04,0.2,0.13,37,13
RAIL,36.1,0.14,0.13,0.43,37,27
RAIL,36.0,0.48,0.34,0.46,401,91
RAIL,36.2,1.2,0.52,0.73,146,36
RAIL,35.8,0.96,0.27,0.81,280,69
RAIL,36.0,0.7,0.11,0.59,77,33
RAIL,36.2,0.18,0.2,0.12,109,22
RAIL,36.0,0.74,0.15,0.21,37,28
RAIL,35.6,2.61,0.21,0.3,5,5
RAIL,35.6,0.06,0.07,0.15,2,2
RAIL,36.3,1.97,0.58,0.48,30,13
RAIL,35.5,0.16,0.3,0.55,39,26
RAIL,35.6,0.37,0.35,0.83,14,9
RAIL,35.9,0.94,0.33,0.28,11,10
RAIL,36.7,0.33,0.04,1.0,16,9
RAIL,35.4,0.39,0.45,0.14,19,15
RAIL,37.0,2.16,0.16,0.81,9,6
RAIL,34.7,1.26,0.48,0.01,1,1
RAIL,36.0,0.12,0.22,0.07,15,11
RAIL,34.9,0.89,0.04,0.49,3,2
RAIL,36.9,3.35,0.77,1.06,6,6
RAIL,35.5,0.45,0.72,1.0,3,2
RAIL,37.3,0.34,0.1,0.46,12,6
RAIL,36.2,0.16,0.31,0.15,4,4
RAIL,35.8,1.04,0.05,0.93,3,2
RAIL,36.0,0.43,0.24,0.08,3,2
RAIL,35.9,0.91,0.09,0.07,3,2
RAIL,35.9,1.02,0.03,0.17,3,3
RAIL,36.4,0.07,0.23,0.24,4,2
RAIL,36.1,1.27,0.24,0.15,2,2
RAIL,36.2,0.06,0.29,0.34,1,1
RAIL,36.3,1.22,0.08,0.0,1,1
RAIL,36.5,0.1,0.12,0.07,1,1
RAIL,37.0,1.61,0.62,1.01,4,3
RAIL,36.9,0.99,0.67,0.09,1,1
RAIL,37.0,0.72,0.24,0.16,1,1
INSIDE,181.7,14.68,3.95,1.98,77,13
INSIDE,183.8,5.33,4.43,2.05,11,9
INSIDE,181.8,0.02,0.04,0.38,1,1
INSIDE,181.8,0.37,0.42,1.36,1,1
INSIDE,182.1,2.88,3.76,0.99,2,2
INSIDE,183.2,6.35,5.63,1.1,5,2
INSIDE,182.8,0.14,0.56,0.73,2,1
INSIDE,182.9,6.97,5.28,0.05,2,2
INSIDE,182.4,3.08,0.31,1.55,1,1
INSIDE,182.8,0.05,0.38,1.58,2,2
INSIDE,183.3,0.11,4.04,2.21,2,1
INSIDE,182.7,0.04,0.1,0.86,1,1
INSIDE,184.3,0.06,3.69,0.0,3,2
INSIDE,182.8,5.06,1.15,1.64,2,2
INSIDE,182.9,4.63,2.9,0.05,3,3
INSIDE,182.9,8.28,5.77,0.35,1,1
INSIDE,183.4,4.05,0.07,1.41,1,1
INSIDE,183.4,1.23,2.34,2.04,1,1
INSIDE,183.9,0.9,0.12,2.4,1,1
INSIDE,184.2,4.7,1.27,0.06,1,1
INSIDE,197.3,4.78,5.55,0.06,3,2
INSIDE,199.0,2.63,3.09,2.2,52,9
INSIDE,197.9,1.75,0.49,1.66,6,1
INSIDE,197.2,6.12,2.71,0.06,1,1
INSIDE,199.2,0.06,0.32,1.68,3,2
INSIDE,197.6,5.98,3.97,2.2,99,6
INSIDE,198.3,2.06,4.87,0.01,4,2
INSIDE,198.0,0.07,0.04,2.14,1,1
INSIDE,198.8,3.71,2.99,0.83,1,1
INSIDE,199.1,0.08,4.17,0.0,1,1
INSIDE,199.2,4.68,0.34,0.05,1,1
NEAR,95.9,0.09,0.09,1.54,41,18
NEAR,97.2,0.06,0.25,0.18,3,3
NEAR,95.8,0.81,0.41,1.46,16,13
NEAR,96.1,0.81,0.16,1.51,29,15
NEAR,95.3,1.29,0.21,0.6,18,12
NEAR,95.7,1.82,0.31,1.58,34,13
NEAR,95.2,0.34,0.21,0.79,16,11
NEAR,96.6,5.29,1.39,3.35,5,5
NEAR,95.5,0.11,0.24,3.16,11,5
NEAR,96.4,0.28,0.31,2.79,3,2
NEAR,95.5,0.23,0.08,1.85,8,6
NEAR,95.2,0.09,0.48,1.5,3,3
NEAR,95.9,0.39,0.26,2.52,2,2
NEAR,94.7,0.69,0.05,1.23,1,1
NEAR,95.7,2.09,0.31,2.64,35,11
NEAR,95.7,3.11,0.12,1.08,3,3
NEAR,95.3,5.97,0.45,2.08,3,3
NEAR,95.8,0.04,0.97,0.0,2,1
NEAR,96.1,1.98,0.43,0.2,4,4
NEAR,96.4,1.2,0.98,0.22,5,5
NEAR,95.0,0.07,0.57,0.0,5,3
NEAR,95.5,0.29,0.61,0.6,2,2
NEAR,95.2,0.04,0.2,0.79,2,2
NEAR,96.0,1.59,1.25,0.7,6,6
NEAR,95.2,0.99,0.2,0.21,1,1
NEAR,95.7,2.52,0.18,0.93,10,6
NEAR,95.4,1.92,1.18,1.93,2,2
NEAR,96.0,0.08,0.28,0.42,2,2
NEAR,97.3,0.1,1.31,0.0,3,3
NEAR,96.2,0.06,0.17,2.3,6,5
NEAR,96.2,1.06,0.07,0.49,2,2
NEAR,96.8,0.27,1.05,0.23,3,3
NEAR,96.4,0.02,0.07,1.53,3,3
NEAR,96.3,0.28,0.21,0.44,1,1
NEAR,96.4,5.18,1.3,1.2,1,1
NEAR,96.5,0.14,0.22,1.65,1,1
NEAR,96.5,0.6,1.4,0.71,2,2
NEAR,96.5,0.14,1.45,0.24,1,1
NEAR,96.6,0.45,0.5,0.61,1,1
NEAR,96.9,0.31,0.94,0.01,1,1
NEAR,97.0,0.74,0.47,0.02,1,1
NEAR,97.1,2.5,0.68,3.44,1,1
NEAR,97.2,1.93,0.47,0.73,2,2
NEAR,97.2,0.06,0.1,2.84,1,1
NEAR,97.5,0.74,0.26,1.33,1,1
INSIDE,178.5,0.06,0.31,0.0,1,1
INSIDE,179.9,0.12,0.31,2.36,5,2
INSIDE,178.9,9.02,3.94,1.98,88,15
INSIDE,180.7,0.06,3.74,0.0,4,3
INSIDE,180.0,6.11,5.58,1.06,5,3
INSIDE,179.7,0.1,4.07,2.0,3,2
INSIDE,179.4,13.62,2.2,1.76,1,1
INSIDE,179.4,2.35,4.0,0.37,1,1
INSIDE,179.5,3.08,0.27,2.38,1,1
INSIDE,180.2,2.94,3.82,2.36,5,4
INSIDE,179.6,0.29,2.51,0.0,1,1
INSIDE,179.7,0.56,3.29,0.33,1,1
INSIDE,180.3,0.23,0.39,2.0,3,2
INSIDE,179.8,0.1,0.78,1.56,1,1
INSIDE,180.2,7.57,5.52,0.09,2,1
INSIDE,180.6,4.43,1.36,2.33,3,3
INSIDE,180.8,0.93,3.82,3.94,1,1
INSIDE,180.9,0.94,0.12,2.36,1,1
INSIDE,180.9,0.06,1.44,0.37,1,1
RAIL,41.2,0.74,0.29,0.51,325,68
RAIL,42.6,0.79,0.11,0.67,110,37
RAIL,41.9,0.35,0.27,0.29,118,65
RAIL,41.8,0.17,0.24,0.55,31,24
RAIL,40.8,1.96,0.58,0.48,95,24
RAIL,42.3,0.53,0.68,0.76,22,17
RAIL,41.7,0.91,0.26,0.25,3,3
RAIL,42.4,1.16,0.03,0.14,35,13
RAIL,42.2,0.18,0.14,0.39,74,42
RAIL,40.5,1.07,0.8,0.2,1,1
RAIL,41.2,0.18,0.2,0.12,55,24
RAIL,42.5,0.32,0.25,0.6,39,30
RAIL,41.6,0.37,0.03,0.93,21,11
RAIL,41.9,0.35,0.09,0.46,31,15
RAIL,41.9,1.81,0.27,0.91,6,6
RAIL,41.5,0.15,0.06,0.21,8,5
RAIL,42.2,0.09,0.33,0.12,12,9
RAIL,41.8,6.03,0.17,0.21,6,2
RAIL,41.5,1.03,0.14,0.27,8,8
RAIL,41.4,0.06,0.13,0.18,5,5
RAIL,41.8,0.98,0.15,0.08,6,6
RAIL,40.9,2.26,0.14,0.17,1,1
RAIL,41.4,0.07,0.07,0.33,2,2
RAIL,42.4,1.92,0.68,1.05,9,8
RAIL,41.3,0.07,0.15,0.06,6,2
RAIL,41.9,2.25,0.04,0.15,2,1
RAIL,41.5,0.26,0.62,0.3,4,4
RAIL,42.5,0.16,0.31,0.38,5,4
RAIL,41.4,1.06,0.6,0.07,1,1
RAIL,41.4,0.12,0.02,0.98,1,1
RAIL,42.3,0.03,0.16,0.09,2,2
RAIL,41.7,1.01,0.04,0.06,1,1
RAIL,43.0,0.41,0.12,0.13,3,3
RAIL,41.7,0.46,0.06,0.92,4,3
RAIL,42.2,0.44,0.1,0.15,1,1
RAIL,42.2,0.25,0.82,0.72,1,1
RAIL,42.3,1.81,0.07,0.97,1,1
RAIL,43.1,0.81,0.74,0.0,2,2
RAIL,43.1,0.07,0.25,0.41,1,1
RAIL,43.2,0.89,0.02,0.17,1,1
RAIL,45.3,1.0,0.36,0.6,200,77
RAIL,44.8,0.11,0.17,0.22,38,25
RAIL,45.3,0.5,0.16,0.42,118,54
RAIL,44.7,0.25,0.29,0.09,15,13
RAIL,44.8,0.34,0.26,0.64,121,67
RAIL,45.3,0.27,0.36,0.28,26,20
RAIL,44.8,0.55,0.04,0.96,30,14
RAIL,45.1,0.28,0.16,0.32,95,47
RAIL,44.8,0.65,0.89,0.85,11,7
RAIL,45.1,1.07,0.02,0.12,3,2
RAIL,45.1,1.69,0.03,0.14,30,10
RAIL,45.3,2.0,0.21,0.69,8,8
RAIL,45.5,1.88,0.84,0.89,8,7
RAIL,45.2,0.14,0.05,0.86,6,4
RAIL,44.5,1.15,0.16,0.01,3,1
RAIL,44.5,1.06,0.72,0.28,7,6
RAIL,44.9,0.27,0.03,0.95,5,4
RAIL,44.8,0.08,0.16,0.08,16,9
RAIL,44.9,0.91,0.11,0.83,19,11
RAIL,43.9,0.22,0.09,0.05,1,1
RAIL,44.8,0.95,0.03,0.15,2,2
RAIL,45.2,0.16,0.19,0.65,14,13
RAIL,45.2,0.32,0.1,0.58,4,4
RAIL,44.9,0.49,0.41,0.26,16,15
RAIL,44.3,1.05,0.12,0.08,1,1
RAIL,44.4,0.06,0.07,0.14,1,1
RAIL,45.6,0.17,0.39,0.63,3,3
RAIL,45.3,5.39,0.15,0.2,4,3
RAIL,44.7,0.51,1.08,0.6,1,1
RAIL,44.7,1.87,0.23,0.29,1,1
RAIL,45.4,0.08,0.19,0.41,3,2
RAIL,44.8,1.22,0.79,1.01,1,1
RAIL,45.5,1.14,0.62,0.19,2,2
RAIL,45.2,2.89,0.1,0.06,1,1
RAIL,45.5,0.28,0.06,0.16,1,1
RAIL,45.7,0.09,0.31,0.05,1,1
RAIL,46.0,1.82,0.11,0.2,1,1
RAIL,46.1,0.05,0.34,0.91,1,1
RAIL,46.1,1.31,0.05,1.09,1,1
RAIL,46.2,0.51,0.38,0.09,1,1
RAIL,46.2,0.03,0.17,0.1,2,2
OUTSIDE,60.9,1.07,1.19,2.3,9,6
OUTSIDE,58.5,0.12,2.44,0.0,1,1
OUTSIDE,59.5,1.57,0.27,2.25,8,4
OUTSIDE,59.1,2.81,0.12,0.35,3,1
OUTSIDE,61.5,0.12,0.16,2.03,5,3
OUTSIDE,60.0,0.56,2.33,0.18,2,2
OUTSIDE,59.3,1.47,1.15,0.89,2,2
OUTSIDE,59.6,2.39,1.69,2.73,9,4
OUTSIDE,60.0,0.35,0.33,2.17,8,5
OUTSIDE,59.3,0.04,0.31,0.18,1,1
OUTSIDE,59.4,0.25,1.56,0.0,1,1
OUTSIDE,59.8,0.1,0.99,0.0,3,2
OUTSIDE,59.9,0.17,1.15,2.98,1,1
OUTSIDE,60.4,0.39,0.22,0.85,2,1
OUTSIDE,60.1,0.11,0.5,0.0,1,1
OUTSIDE,60.4,3.69,0.63,2.29,2,2
OUTSIDE,60.7,0.96,0.22,0.92,5,2
OUTSIDE,60.7,1.91,0.51,0.18,3,2
OUTSIDE,61.0,0.31,0.49,2.65,2,2
OUTSIDE,60.8,0.2,0.08,0.73,1,1
OUTSIDE,60.9,0.5,0.34,0.38,1,1
OUTSIDE,61.0,0.04,1.12,0.0,2,2
OUTSIDE,61.1,8.38,1.08,2.37,2,2
RAIL,33.0,0.21,0.16,0.24,68,34
RAIL,32.9,0.32,0.3,0.42,97,48
RAIL,32.9,0.6,0.45,0.27,98,40
RAIL,32.6,0.47,0.25,0.55,157,59
RAIL,32.2,0.06,0.17,0.13,47,19
RAIL,32.2,0.45,0.5,0.54,147,38
RAIL,33.5,0.6,0.65,0.75,21,14
RAIL,33.3,1.27,0.5,0.58,59,30
RAIL,32.8,1.31,0.18,0.81,40,28
RAIL,33.0,0.27,0.28,0.08,14,12
RAIL,33.4,0.16,0.11,0.63,14,11
RAIL,32.9,0.08,0.26,0.12,4,3
RAIL,33.2,2.02,0.65,1.03,15,9
RAIL,32.7,0.73,0.14,0.19,11,11
RAIL,33.1,0.15,0.41,0.53,8,7
RAIL,32.8,0.7,0.09,0.91,12,9
RAIL,32.6,1.35,0.15,0.15,10,9
RAIL,33.4,0.45,0.1,0.46,4,4
RAIL,32.2,0.04,0.17,0.1,68,8
RAIL,32.8,0.28,0.63,0.35,2,2
RAIL,33.5,0.43,0.29,0.08,5,5
RAIL,32.8,0.09,0.17,0.43,3,3
RAIL,33.3,0.96,0.04,0.25,4,4
RAIL,32.1,1.9,0.03,0.07,1,1
RAIL,33.3,0.08,0.24,0.07,2,2
RAIL,32.6,0.86,0.44,1.14,1,1
RAIL,33.0,0.32,0.56,0.17,2,2
RAIL,32.6,4.26,0.2,1.06,1,1
RAIL,33.2,0.92,0.04,0.55,2,2
RAIL,33.3,1.02,0.13,0.4,2,2
RAIL,33.1,0.18,0.49,0.09,1,1
RAIL,33.9,1.46,0.34,0.21,3,2
RAIL,33.3,0.04,0.07,0.14,1,1
RAIL,33.4,0.77,0.97,0.47,1,1
RAIL,33.8,0.18,0.03,0.83,1,1
RAIL,34.2,2.61,0.09,0.6,1,1
OUTSIDE,36.3,0.53,0.16,1.96,79,26
OUTSIDE,35.5,0.79,0.05,1.67,76,11
OUTSIDE,35.5,0.43,0.49,1.52,133,21
OUTSIDE,35.0,0.28,0.04,1.63,33,11
OUTSIDE,34.6,2.35,0.16,2.02,4,4
OUTSIDE,35.0,1.23,0.66,1.52,36,26
OUTSIDE,36.5,1.83,0.26,2.06,99,28
OUTSIDE,35.5,1.13,0.16,2.05,53,16
OUTSIDE,35.8,1.84,2.27,0.16,85,29
OUTSIDE,35.5,2.38,2.31,0.5,21,15
OUTSIDE,35.5,0.55,0.95,1.06,22,14
OUTSIDE,35.5,3.67,0.8,2.2,21,13
OUTSIDE,36.0,0.27,0.32,0.3,22,11
OUTSIDE,36.3,1.01,0.94,0.31,32,8
OUTSIDE,35.9,0.08,1.32,0.01,5,4
OUTSIDE,36.8,3.45,0.27,2.0,26,7
OUTSIDE,34.7,0.34,0.05,1.63,45,8
OUTSIDE,36.0,0.48,0.35,0.6,11,7
OUTSIDE,34.8,1.31,0.01,1.25,1,1
OUTSIDE,36.2,0.15,0.2,1.9,6,6
OUTSIDE,35.9,0.23,0.84,1.16,4,4
OUTSIDE,35.8,0.61,0.16,0.79,7,5
OUTSIDE,36.2,1.41,0.4,0.68,2,2
OUTSIDE,35.7,0.52,0.36,0.36,5,5
OUTSIDE,36.0,0.83,1.86,0.07,10,9
OUTSIDE,35.8,1.24,2.51,0.61,4,4
OUTSIDE,35.7,2.25,2.25,1.19,2,2
OUTSIDE,36.0,0.17,0.17,0.84,4,3
OUTSIDE,35.5,1.15,0.97,2.97,1,1
OUTSIDE,36.4,0.07,0.11,0.3,2,2
OUTSIDE,36.1,3.45,2.44,2.53,1,1
OUTSIDE,37.0,1.74,0.74,0.15,4,3
OUTSIDE,36.5,0.34,1.32,0.02,3,3
OUTSIDE,36.5,0.32,0.13,0.97,7,3
OUTSIDE,36.6,0.07,1.33,0.0,2,2
OUTSIDE,36.9,0.29,1.91,0.26,2,2
OUTSIDE,37.0,0.06,0.26,1.5,2,2
OUTSIDE,37.4,0.9,0.22,0.16,1,1
NEAR,89.7,0.91,0.33,1.47,47,32
NEAR,89.6,2.13,0.31,2.17,27,18
NEAR,89.8,0.49,0.04,1.41,2,2
NEAR,89.6,1.23,1.14,1.58,15,14
NEAR,89.3,0.53,1.17,0.01,2,2
NEAR,89.8,1.08,0.14,1.25,23,14
NEAR,89.0,0.06,0.78,0.79,2,1
NEAR,89.9,0.1,0.14,2.22,45,18
NEAR,89.8,0.09,0.08,1.7,34,11
NEAR,90.1,1.39,1.02,0.59,9,6
NEAR,89.2,0.29,0.6,2.52,18,12
NEAR,90.7,0.07,0.59,0.0,7,6
NEAR,89.2,0.17,0.08,2.03,4,4
NEAR,89.6,2.06,0.18,0.47,4,4
NEAR,89.1,0.16,0.13,0.71,4,3
NEAR,89.1,1.21,0.39,0.76,4,4
NEAR,89.2,0.45,0.2,2.33,9,8
NEAR,89.9,2.96,0.23,0.81,7,5
NEAR,89.4,5.21,1.3,2.41,11,10
NEAR,88.8,1.02,0.05,0.56,3,2
NEAR,89.4,0.1,0.24,3.38,6,3
NEAR,89.7,2.31,0.56,0.99,4,4
NEAR,89.7,0.32,0.27,1.57,11,11
NEAR,89.0,0.33,0.98,0.81,2,2
NEAR,89.4,0.37,0.36,0.18,2,2
NEAR,89.8,1.17,0.05,1.52,2,2
NEAR,90.8,0.34,0.38,0.79,4,4
NEAR,89.1,0.11,1.15,2.61,1,1
NEAR,90.5,0.06,0.25,0.18,3,2
NEAR,89.3,1.3,0.14,0.72,1,1
NEAR,89.4,0.01,0.06,0.68,1,1
NEAR,89.9,0.04,0.19,0.76,3,3
NEAR,89.8,0.06,0.35,0.41,2,2
NEAR,89.9,1.31,0.74,0.21,6,5
NEAR,89.5,0.02,0.61,0.0,1,1
NEAR,89.6,2.75,1.25,1.83,2,2
NEAR,90.4,0.17,1.09,0.01,3,3
NEAR,90.1,0.09,0.37,0.74,3,3
NEAR,90.0,0.53,1.07,0.2,1,1
NEAR,90.9,0.73,0.02,1.48,1,1
NEAR,91.1,0.44,1.3,1.82,1,1
NEAR,91.2,0.03,0.05,0.79,1,1
NEAR,91.3,6.18,0.16,1.28,1,1
OUTSIDE,41.6,0.96,0.05,1.7,29,9
OUTSIDE,41.9,0.14,0.14,1.73,14,9
OUTSIDE,41.5,0.53,1.21,0.38,15,7
OUTSIDE,42.0,0.7,0.21,1.9,90,27
OUTSIDE,41.0,1.62,1.59,0.12,74,21
OUTSIDE,41.9,0.78,0.81,0.88,19,15
OUTSIDE,41.9,1.44,0.29,1.23,38,15
OUTSIDE,41.0,0.52,0.13,0.62,6,5
OUTSIDE,41.1,0.13,1.29,0.01,16,8
OUTSIDE,41.9,0.34,0.05,1.5,5,5
OUTSIDE,42.8,0.27,0.32,0.3,24,6
OUTSIDE,41.4,1.88,2.15,0.56,26,15
OUTSIDE,41.2,0.78,1.15,0.06,12,9
OUTSIDE,40.7,0.34,1.18,0.02,3,3
OUTSIDE,41.4,2.14,0.23,2.06,37,13
OUTSIDE,40.6,1.01,0.94,0.31,17,6
OUTSIDE,41.8,1.55,1.56,1.35,12,7
OUTSIDE,41.5,0.49,0.15,1.68,16,8
OUTSIDE,41.2,0.08,0.3,0.94,8,5
OUTSIDE,41.1,0.07,1.26,0.0,2,2
OUTSIDE,41.7,2.92,0.43,2.09,18,11
OUTSIDE,42.5,0.26,0.27,1.31,15,12
OUTSIDE,42.0,0.41,0.34,0.64,5,3
OUTSIDE,42.5,9.09,0.57,2.37,4,3
OUTSIDE,41.9,0.62,0.76,2.34,3,3
OUTSIDE,41.0,0.18,0.03,1.37,1,1
OUTSIDE,41.0,0.07,0.05,1.62,1,1
OUTSIDE,42.0,0.23,1.02,1.08,2,2
OUTSIDE,43.2,0.06,1.3,0.01,3,1
OUTSIDE,41.7,0.58,1.57,0.78,2,1
OUTSIDE,41.2,0.03,0.13,0.99,3,2
OUTSIDE,42.0,4.72,1.04,2.16,4,3
OUTSIDE,41.6,0.23,0.38,2.56,2,1
OUTSIDE,42.8,0.38,0.36,0.31,3,2
OUTSIDE,42.5,0.89,0.03,1.08,2,2
OUTSIDE,41.7,0.5,0.31,1.31,1,1
OUTSIDE,41.8,0.4,0.16,0.62,1,1
OUTSIDE,42.8,2.3,0.68,1.9,2,2
OUTSIDE,42.9,0.86,0.33,0.35,2,2
OUTSIDE,42.7,0.12,0.08,0.28,1,1
OUTSIDE,43.5,0.29,0.26,0.11,1,1
OUTSIDE,56.5,1.17,0.54,0.15,9,2
OUTSIDE,55.8,1.94,0.06,1.94,1,1
OUTSIDE,55.9,0.86,2.1,0.2,1,1
OUTSIDE,57.2,1.79,1.05,1.47,5,4
OUTSIDE,56.5,0.09,0.12,2.61,2,1
OUTSIDE,57.2,0.19,0.23,2.62,4,3
OUTSIDE,57.1,0.46,0.61,1.95,7,4
OUTSIDE,57.2,3.83,1.71,2.82,5,3
OUTSIDE,56.4,0.57,1.3,1.86,2,1
OUTSIDE,57.3,0.08,0.67,1.39,2,1
OUTSIDE,57.1,0.18,1.46,0.01,2,2
OUTSIDE,57.5,0.11,0.7,0.0,2,2
OUTSIDE,57.2,2.09,2.06,0.11,1,1
OUTSIDE,57.8,0.27,0.13,0.75,3,1
OUTSIDE,57.6,0.97,0.35,1.87,1,1
OUTSIDE,58.2,1.83,1.73,2.73,3,2
OUTSIDE,58.1,3.14,0.2,2.24,1,1
OUTSIDE,58.3,1.2,2.02,0.04,1,1
OUTSIDE,44.7,0.47,0.28,1.03,71,25
OUTSIDE,44.3,0.54,0.24,2.33,22,11
OUTSIDE,45.2,7.29,0.79,2.23,7,6
OUTSIDE,45.1,1.96,0.44,1.75,40,17
OUTSIDE,44.6,1.43,0.22,1.9,19,12
OUTSIDE,44.8,0.12,0.18,1.43,12,6
OUTSIDE,43.6,4.16,0.29,2.23,1,1
OUTSIDE,44.2,1.62,2.03,0.11,34,16
OUTSIDE,44.9,0.08,1.3,0.01,11,4
OUTSIDE,44.3,0.64,1.02,1.03,18,15
OUTSIDE,44.8,0.93,1.22,0.06,17,15
OUTSIDE,45.5,1.14,0.39,0.71,11,4
OUTSIDE,44.8,1.96,2.28,0.5,11,6
OUTSIDE,44.7,0.1,1.44,0.36,4,2
OUTSIDE,44.3,0.87,0.05,1.79,7,5
OUTSIDE,44.8,0.66,0.03,1.42,2,2
OUTSIDE,44.9,0.27,1.03,0.31,5,3
OUTSIDE,44.8,0.18,0.35,2.26,4,4
OUTSIDE,44.6,0.8,0.58,2.52,7,7
OUTSIDE,45.5,0.27,0.32,0.3,101,10
OUTSIDE,44.0,2.12,0.87,0.19,1,1
OUTSIDE,44.9,0.28,0.05,1.77,2,1
OUTSIDE,45.4,0.26,1.3,0.02,16,9
OUTSIDE,45.6,0.04,0.21,0.98,3,3
OUTSIDE,45.0,0.11,0.21,0.37,4,4
OUTSIDE,45.3,0.43,1.09,0.03,3,3
OUTSIDE,44.4,0.31,0.02,1.47,1,1
OUTSIDE,45.1,0.48,0.15,0.42,6,4
OUTSIDE,44.6,0.93,0.52,0.09,1,1
OUTSIDE,45.0,1.57,1.55,1.42,3,3
OUTSIDE,45.4,0.99,1.29,0.36,5,5
OUTSIDE,45.0,0.51,0.79,2.96,1,1
OUTSIDE,45.7,0.56,0.33,0.21,2,2
OUTSIDE,45.4,0.21,0.21,2.98,1,1
OUTSIDE,45.8,0.08,1.23,0.0,2,2
OUTSIDE,45.5,8.78,2.06,2.9,1,1
OUTSIDE,45.9,0.23,0.22,0.2,1,1
OUTSIDE,45.9,0.45,0.45,0.91,1,1
OUTSIDE,46.2,0.08,0.34,0.29,2,1
OUTSIDE,46.2,0.09,0.21,2.3,1,1
OUTSIDE,46.2,0.12,0.32,0.59,1,1
RAIL,39.0,1.02,0.16,0.27,29,20
RAIL,38.9,0.44,0.18,0.66,143,73
RAIL,39.2,0.21,0.18,0.42,127,58
RAIL,39.5,0.91,0.29,0.42,184,57
RAIL,39.3,0.46,0.21,0.28,56,38
RAIL,37.6,0.27,0.61,0.15,36,11
RAIL,38.9,0.18,0.15,0.12,24,16
RAIL,39.8,0.34,0.04,0.97,20,8
RAIL,38.9,1.12,0.54,0.65,59,34
RAIL,39.1,0.12,0.11,0.12,37,13
RAIL,38.3,2.25,0.3,1.04,12,8
RAIL,38.0,0.97,0.09,0.08,2,2
RAIL,37.7,1.22,0.08,0.0,2,1
RAIL,38.9,0.5,0.43,0.39,26,23
RAIL,39.4,0.08,0.39,0.08,4,3
RAIL,39.6,1.21,0.03,0.14,11,6
RAIL,38.5,0.14,0.39,0.56,6,4
RAIL,39.0,0.17,0.06,0.21,16,8
RAIL,38.8,0.38,0.39,0.72,28,20
RAIL,39.5,0.95,0.09,0.53,5,5
RAIL,38.0,3.6,0.15,0.18,3,1
RAIL,38.8,1.68,0.65,1.04,8,8
RAIL,38.4,1.44,0.37,0.14,3,3
RAIL,39.2,0.55,0.45,0.87,12,9
RAIL,39.3,1.17,0.08,0.96,14,7
RAIL,38.1,1.17,0.02,0.06,1,1
RAIL,38.1,1.01,0.97,0.63,1,1
RAIL,38.3,0.03,0.16,0.09,3,3
RAIL,39.1,0.08,0.16,0.07,2,2
RAIL,39.1,0.1,0.15,0.95,4,3
RAIL,38.7,0.13,0.04,0.97,1,1
RAIL,38.8,1.73,0.09,0.01,1,1
RAIL,39.2,0.52,0.27,0.43,5,3
RAIL,39.0,1.19,0.38,0.0,1,1
RAIL,39.0,0.07,0.19,0.43,1,1
RAIL,39.1,1.53,0.21,0.01,1,1
RAIL,39.4,0.35,0.02,1.01,3,3
RAIL,39.2,2.51,0.68,0.27,1,1
RAIL,39.3,0.43,1.02,0.78,1,1
RAIL,39.8,1.47,0.02,0.26,1,1
RAIL,47.8,0.59,0.23,0.77,97,52
RAIL,47.9,1.31,0.45,0.8,82,38
RAIL,47.3,0.06,0.17,0.08,26,16
RAIL,48.1,0.84,0.12,0.12,7,5
RAIL,47.8,1.27,0.03,0.14,40,11
RAIL,47.9,0.45,0.28,0.41,253,74
RAIL,47.6,0.98,0.36,0.37,53,34
RAIL,47.8,0.55,0.03,0.94,28,10
RAIL,48.3,0.14,0.22,0.47,34,28
RAIL,48.0,0.46,0.37,0.1,12,11
RAIL,48.2,0.33,0.47,0.55,22,15
RAIL,48.2,0.28,0.15,0.19,25,19
RAIL,47.3,0.16,0.03,0.94,7,4
RAIL,48.2,0.11,0.24,0.26,28,21
RAIL,47.1,0.35,0.09,0.36,7,5
RAIL,48.0,0.7,0.53,0.65,31,18
RAIL,48.5,0.28,0.49,0.27,19,15
RAIL,47.4,1.21,0.04,0.74,2,2
RAIL,47.9,1.49,0.16,0.71,19,10
RAIL,47.8,0.09,0.1,0.29,9,8
RAIL,47.3,1.22,0.08,0.37,50,13
RAIL,47.2,1.08,0.93,0.14,3,3
RAIL,47.6,4.27,0.16,0.19,3,2
RAIL,47.5,2.05,0.98,0.97,2,2
RAIL,49.0,0.15,0.23,0.07,5,5
RAIL,47.4,0.17,0.06,0.21,1,1
RAIL,47.8,1.48,0.16,1.15,2,1
RAIL,48.5,3.33,0.05,0.18,2,2
RAIL,48.7,6.25,0.41,0.03,5,1
RAIL,48.8,0.18,0.36,0.1,4,4
RAIL,48.4,3.54,0.02,0.02,1,1
RAIL,48.5,1.0,0.16,0.01,2,2
RAIL,48.7,0.15,0.06,0.08,2,1
RAIL,49.0,1.29,0.15,0.17,1,1
RAIL,49.0,1.07,0.32,0.11,1,1
RAIL,49.3,0.09,0.43,0.08,1,1
RAIL,49.4,0.89,0.2,0.44,1,1
NEAR,87.0,0.11,0.22,2.43,49,20
NEAR,86.8,1.97,0.08,1.44,15,7
NEAR,87.7,0.94,0.34,0.78,16,14
NEAR,86.4,4.62,1.06,3.21,16,11
NEAR,87.4,2.04,0.95,1.64,32,27
NEAR,86.8,0.86,0.9,0.25,15,11
NEAR,86.7,0.1,0.09,2.33,61,12
NEAR,87.0,3.54,0.34,1.81,14,6
NEAR,86.6,2.04,0.22,0.84,15,13
NEAR,86.8,1.48,0.46,1.72,61,19
NEAR,86.5,0.89,0.59,1.93,25,18
NEAR,86.8,1.1,0.22,2.96,41,14
NEAR,86.0,0.3,0.61,2.56,17,13
NEAR,87.3,0.45,0.21,2.16,39,20
NEAR,87.0,1.73,1.16,0.54,6,5
NEAR,86.5,0.68,0.06,1.04,8,6
NEAR,85.9,0.14,0.97,0.0,1,1
NEAR,86.8,0.39,0.88,0.6,8,7
NEAR,86.2,0.3,0.72,0.18,4,4
NEAR,86.7,0.53,0.57,2.66,7,7
NEAR,87.2,0.08,0.03,1.38,2,2
NEAR,86.4,1.56,0.17,1.91,7,3
NEAR,86.2,0.84,0.11,0.65,1,1
NEAR,86.2,0.29,1.03,0.0,1,1
NEAR,87.8,0.23,0.38,0.44,3,3
NEAR,86.7,2.5,0.08,0.45,2,2
NEAR,87.9,0.07,0.34,0.47,4,3
NEAR,86.8,4.37,0.18,2.96,2,2
NEAR,87.3,0.18,0.08,2.2,2,2
NEAR,86.6,14.83,1.36,2.66,1,1
NEAR,86.6,0.91,0.08,2.87,1,1
NEAR,87.2,0.13,0.22,0.77,4,4
NEAR,86.8,0.3,1.49,2.22,1,1
NEAR,87.0,0.16,0.32,0.39,1,1
NEAR,87.3,0.03,0.63,0.0,2,2
NEAR,87.2,4.72,1.2,0.28,1,1
NEAR,87.2,0.06,1.05,1.48,1,1
NEAR,87.6,1.1,0.05,1.04,2,1
NEAR,87.4,0.04,0.14,3.12,1,1
NEAR,87.5,1.86,0.39,0.47,1,1
NEAR,87.5,0.07,0.07,0.54,1,1
NEAR,87.5,0.02,0.07,1.41,1,1
NEAR,87.7,0.06,1.03,0.0,1,1
NEAR,88.4,0.19,1.02,0.01,1,1
NEAR,88.4,1.23,0.32,0.2,1,1
OUTSIDE,32.5,2.53,0.22,2.06,51,23
OUTSIDE,33.4,1.08,0.17,2.07,101,17
OUTSIDE,32.0,3.9,0.07,1.99,3,1
OUTSIDE,33.6,0.7,0.04,1.6,72,17
OUTSIDE,32.8,0.57,0.97,1.1,70,26
OUTSIDE,33.2,0.47,0.39,0.44,9,8
OUTSIDE,32.9,1.74,0.57,1.97,21,15
OUTSIDE,33.2,2.21,2.27,0.22,96,36
OUTSIDE,33.8,0.55,2.41,0.54,3,3
OUTSIDE,33.4,0.52,0.37,2.7,11,9
OUTSIDE,33.1,2.81,2.33,0.44,39,13
OUTSIDE,33.0,0.36,0.26,0.7,10,10
OUTSIDE,33.7,1.3,1.6,0.43,5,5
OUTSIDE,32.7,1.84,2.31,0.48,7,5
OUTSIDE,33.2,0.47,0.16,2.01,46,21
OUTSIDE,32.5,0.66,2.12,0.06,6,5
OUTSIDE,33.0,0.95,0.61,0.06,4,3
OUTSIDE,33.5,0.3,0.04,1.61,16,10
OUTSIDE,33.3,1.21,0.32,1.85,16,14
OUTSIDE,32.7,3.84,2.29,2.59,4,3
OUTSIDE,31.9,0.2,2.46,0.03,1,1
OUTSIDE,32.3,0.28,0.92,1.12,5,5
OUTSIDE,33.7,6.15,0.66,2.2,7,5
OUTSIDE,32.7,0.35,0.12,0.44,2,2
OUTSIDE,32.9,1.32,0.62,0.35,7,6
OUTSIDE,33.5,0.09,1.32,0.01,3,3
OUTSIDE,32.3,0.08,0.34,0.28,1,1
OUTSIDE,32.9,0.83,0.34,0.85,4,4
OUTSIDE,32.7,0.17,0.12,1.81,2,2
OUTSIDE,33.6,1.79,0.04,1.65,2,2
OUTSIDE,33.6,0.24,0.19,0.17,1,1
OUTSIDE,33.7,10.59,0.28,2.22,1,1
OUTSIDE,34.0,0.22,1.12,0.29,2,1
OUTSIDE,34.4,0.34,1.19,0.02,1,1
RAIL,87.2,0.25,0.27,0.6,57,32
RAIL,86.8,0.29,0.66,0.33,17,9
RAIL,86.4,2.84,0.82,0.79,11,9
RAIL,86.6,0.41,0.29,0.28,9,9
RAIL,85.7,0.77,0.42,0.0,2,2
RAIL,85.6,0.02,0.45,0.0,1,1
RAIL,87.3,1.07,0.31,0.61,25,20
RAIL,87.2,0.11,0.29,0.29,20,15
RAIL,87.5,0.13,0.4,0.8,7,5
RAIL,86.6,1.27,0.5,0.22,11,10
RAIL,87.6,0.38,0.42,0.94,8,6
RAIL,86.5,0.08,0.15,0.66,6,6
RAIL,87.5,1.4,0.55,0.83,11,10
RAIL,87.1,0.92,0.96,0.22,3,2
RAIL,88.0,1.08,1.25,0.78,3,2
RAIL,87.7,0.38,0.87,0.8,5,4
RAIL,87.1,2.03,0.24,1.09,3,3
RAIL,87.3,0.73,0.94,0.21,2,2
RAIL,87.1,0.81,0.15,0.96,2,2
RAIL,86.8,0.06,0.45,0.0,1,1
RAIL,88.1,0.08,0.05,0.79,4,2
RAIL,88.2,0.06,0.29,0.22,5,5
RAIL,87.5,0.03,0.28,0.53,1,1
RAIL,87.7,0.59,0.08,0.79,1,1
RAIL,87.7,0.03,0.05,0.6,1,1
RAIL,88.0,2.18,0.12,0.96,2,2
OUTSIDE,30.3,2.71,2.26,0.35,73,24
OUTSIDE,30.2,0.53,0.93,1.07,119,30
OUTSIDE,29.5,0.54,0.52,2.69,11,8
OUTSIDE,30.6,1.33,0.39,2.18,28,19
OUTSIDE,30.1,0.25,0.94,1.02,9,7
OUTSIDE,29.6,2.5,0.21,1.96,50,14
OUTSIDE,30.9,0.76,0.33,0.84,11,10
OUTSIDE,30.8,4.95,0.65,2.48,11,10
OUTSIDE,30.2,1.84,1.58,1.35,7,6
OUTSIDE,30.0,1.02,0.18,2.01,78,18
OUTSIDE,30.2,0.7,0.04,1.53,16,4
OUTSIDE,30.7,1.83,2.2,0.16,34,19
OUTSIDE,29.9,0.89,0.05,1.83,23,7
OUTSIDE,31.1,0.68,1.15,0.05,3,3
OUTSIDE,31.2,4.94,0.09,2.08,3,2
OUTSIDE,28.9,1.08,2.48,0.61,1,1
OUTSIDE,29.6,0.44,0.15,2.32,8,5
OUTSIDE,28.9,0.22,0.01,0.87,1,1
OUTSIDE,30.8,0.64,0.16,0.99,8,6
OUTSIDE,30.4,0.27,0.07,1.51,3,3
OUTSIDE,30.6,1.32,1.04,1.14,11,7
OUTSIDE,30.2,0.29,0.34,0.49,7,7
OUTSIDE,30.2,1.32,0.56,0.34,5,4
OUTSIDE,29.5,1.63,0.33,1.3,1,1
OUTSIDE,29.8,0.23,0.15,0.68,2,2
OUTSIDE,29.8,0.19,0.2,0.27,1,1
OUTSIDE,29.9,0.25,1.05,0.04,2,1
OUTSIDE,30.4,0.41,0.05,1.48,5,4
OUTSIDE,30.0,0.11,0.85,0.01,1,1
OUTSIDE,31.2,0.09,0.35,0.27,1,1
OUTSIDE,31.3,0.07,2.1,0.01,1,1
OUTSIDE,31.4,7.3,0.27,1.95,1,1
NEAR,29.9,1.15,0.58,2.91,28,14
NEAR,29.9,0.86,0.05,1.73,78,13
NEAR,30.0,0.57,0.56,2.82,25,14
NEAR,30.4,0.49,0.94,1.02,88,26
NEAR,29.5,0.37,0.24,2.86,7,5
NEAR,30.2,0.87,0.16,1.77,42,15
NEAR,30.4,2.46,0.28,2.83,30,11
NEAR,30.2,1.23,1.36,0.12,6,5
NEAR,28.6,0.25,0.81,0.03,4,3
NEAR,29.9,0.63,0.32,0.78,24,13
NEAR,29.2,0.49,0.71,0.32,5,3
NEAR,29.9,1.45,1.21,1.08,15,12
NEAR,29.6,1.85,0.4,2.74,8,6
NEAR,30.3,0.61,0.18,0.65,6,4
NEAR,29.9,0.41,0.04,1.5,14,8
NEAR,29.0,0.09,0.19,0.44,1,1
NEAR,29.2,0.69,0.84,0.04,4,3
NEAR,30.7,0.23,0.38,0.99,9,8
NEAR,29.1,0.42,0.14,0.19,1,1
NEAR,31.2,0.21,0.36,0.27,4,3
NEAR,30.3,4.51,0.55,2.82,9,7
NEAR,30.2,0.8,0.33,0.3,5,4
NEAR,29.3,0.17,0.58,2.86,1,1
NEAR,29.3,0.08,0.4,0.24,1,1
NEAR,30.7,12.55,1.07,2.66,3,1
NEAR,29.6,0.22,0.94,1.02,2,2
NEAR,29.7,0.19,0.07,1.76,2,2
NEAR,30.1,2.89,0.98,0.25,1,1
NEAR,30.1,5.51,0.4,4.73,1,1
NEAR,30.4,1.56,0.37,3.04,1,1
NEAR,30.8,0.99,0.93,0.35,2,2
NEAR,32.6,2.06,0.48,2.22,43,25
NEAR,33.2,0.78,0.08,1.74,155,23
NEAR,33.6,0.7,0.04,1.54,133,15
NEAR,33.3,0.72,0.53,2.84,47,24
NEAR,32.5,0.45,0.95,1.07,68,26
NEAR,32.8,1.15,1.32,0.09,9,8
NEAR,32.7,5.4,1.17,2.19,9,7
NEAR,33.5,1.92,0.22,1.98,54,15
NEAR,32.6,0.35,0.27,3.08,7,5
NEAR,32.7,1.5,0.05,1.67,19,10
NEAR,33.8,0.6,0.35,0.8,10,6
NEAR,33.3,0.27,0.17,1.44,3,3
NEAR,32.2,0.94,1.02,0.87,12,9
NEAR,33.1,0.21,0.04,1.55,16,8
NEAR,32.2,4.43,0.23,2.04,14,7
NEAR,32.2,0.23,0.13,0.69,2,2
NEAR,33.0,1.93,0.81,1.06,2,2
NEAR,33.6,0.47,0.41,0.33,8,8
NEAR,34.0,0.87,0.17,2.84,11,5
NEAR,32.4,5.69,0.32,5.0,1,1
NEAR,33.3,1.89,1.41,0.18,7,7
NEAR,33.2,0.12,0.04,1.18,2,2
NEAR,33.1,0.29,0.22,0.52,2,2
NEAR,33.4,0.6,0.88,0.33,2,2
NEAR,32.7,0.6,1.12,0.05,1,1
NEAR,32.7,0.35,0.01,0.89,1,1
NEAR,32.7,0.81,0.14,0.45,1,1
NEAR,32.8,1.11,0.42,0.34,1,1
NEAR,34.1,0.16,0.87,0.89,3,3
NEAR,33.5,4.42,0.22,2.01,2,2
NEAR,33.8,0.09,0.12,1.2,1,1
NEAR,33.8,1.52,0.13,0.97,1,1
NEAR,34.2,0.38,0.13,2.71,3,2
NEAR,34.2,0.17,0.35,0.23,1,1
NEAR,34.2,0.08,0.92,0.01,1,1
NEAR,34.4,0.35,0.3,1.41,1,1
NEAR,36.0,0.78,0.05,1.65,281,16
NEAR,35.7,0.27,0.04,1.54,35,11
NEAR,36.5,0.6,0.18,0.83,15,9
NEAR,35.8,0.91,0.2,1.99,114,28
NEAR,34.9,0.41,0.9,0.99,33,19
NEAR,35.7,0.39,0.04,1.44,6,6
NEAR,36.4,0.41,0.43,0.84,17,13
NEAR,35.3,2.84,0.23,1.96,77,22
NEAR,35.3,5.65,0.89,2.37,9,9
NEAR,35.8,1.95,0.11,1.9,22,10
NEAR,36.0,0.61,0.55,3.0,33,16
NEAR,36.3,3.25,0.96,2.04,12,9
NEAR,35.0,0.24,0.66,3.15,2,1
NEAR,36.2,1.77,0.18,2.88,4,4
NEAR,34.7,0.06,0.88,0.9,1,1
NEAR,36.4,1.07,0.86,1.01,19,11
NEAR,36.7,0.57,0.9,0.35,13,8
NEAR,35.1,0.39,0.37,0.3,3,3
NEAR,35.4,1.44,0.62,2.63,4,4
NEAR,36.1,1.22,0.44,0.36,3,3
NEAR,36.1,1.47,1.38,0.13,17,10
NEAR,35.6,0.27,0.12,0.75,2,2
NEAR,36.1,0.39,0.13,2.69,13,4
NEAR,36.2,0.71,0.11,1.95,2,2
NEAR,37.2,0.73,1.06,0.07,7,4
NEAR,37.2,0.34,1.01,0.03,4,3
NEAR,35.6,0.53,0.99,0.04,5,2
NEAR,36.2,0.7,0.01,1.08,4,3
NEAR,36.0,1.94,0.2,0.78,1,1
NEAR,36.1,3.17,1.27,0.28,1,1
NEAR,36.4,0.97,0.05,0.91,1,1
NEAR,36.7,0.08,1.28,0.01,1,1
NEAR,36.8,0.18,0.4,0.66,1,1
NEAR,36.8,0.18,0.31,4.76,1,1
NEAR,37.5,0.17,0.68,0.16,1,1
OUTSIDE,40.2,0.73,0.94,0.06,7,5
OUTSIDE,38.7,0.53,0.52,0.62,9,9
OUTSIDE,39.1,1.75,0.21,1.94,78,17
OUTSIDE,37.8,0.43,1.04,0.03,5,4
OUTSIDE,39.3,0.26,0.15,1.99,25,12
OUTSIDE,38.6,0.9,0.05,1.72,37,12
OUTSIDE,39.0,0.52,0.18,2.05,45,19
OUTSIDE,39.1,0.6,0.19,0.54,9,7
OUTSIDE,38.5,0.37,0.93,1.08,20,12
OUTSIDE,39.1,1.06,0.21,1.58,27,11
OUTSIDE,39.7,1.79,2.1,0.14,58,22
OUTSIDE,39.2,2.04,2.28,0.52,12,8
OUTSIDE,39.0,1.4,0.42,1.93,20,14
OUTSIDE,38.8,0.94,1.52,1.01,15,7
OUTSIDE,38.7,0.91,0.17,2.3,27,14
OUTSIDE,38.6,0.81,1.52,0.54,3,2
OUTSIDE,38.8,0.33,1.52,0.24,2,2
OUTSIDE,39.7,3.13,0.59,2.16,20,14
OUTSIDE,38.5,0.52,0.3,0.96,11,9
OUTSIDE,38.7,0.12,0.17,1.14,3,2
OUTSIDE,38.9,2.96,0.3,2.47,6,5
OUTSIDE,38.6,0.65,0.53,2.93,3,3
OUTSIDE,39.5,0.73,0.05,0.99,3,3
OUTSIDE,38.1,0.07,0.36,1.24,1,1
OUTSIDE,38.2,1.3,0.08,0.14,1,1
OUTSIDE,38.2,1.99,0.45,0.15,1,1
OUTSIDE,39.5,0.36,0.11,1.59,15,8
OUTSIDE,38.3,2.44,2.14,0.31,3,3
OUTSIDE,38.8,11.06,1.05,2.66,2,2
OUTSIDE,40.2,0.94,2.28,0.08,3,3
OUTSIDE,38.6,0.06,0.21,2.67,1,1
OUTSIDE,38.8,6.24,1.11,2.55,2,2
OUTSIDE,38.7,0.07,0.15,0.25,1,1
OUTSIDE,38.9,0.59,0.16,0.11,1,1
OUTSIDE,39.0,0.05,1.77,0.01,1,1
OUTSIDE,39.5,0.19,0.15,0.43,3,3
OUTSIDE,39.2,0.12,0.48,0.24,1,1
OUTSIDE,39.3,0.13,2.41,0.01,1,1
OUTSIDE,39.5,0.17,0.14,0.13,1,1
OUTSIDE,39.8,0.18,0.05,1.67,5,3
OUTSIDE,39.7,0.28,0.32,0.3,3,2
OUTSIDE,40.0,0.07,1.14,0.0,1,1
OUTSIDE,40.1,0.27,2.25,0.02,1,1
OUTSIDE,40.1,0.08,0.05,1.61,1,1
OUTSIDE,40.2,0.02,0.12,0.9,1,1
OUTSIDE,40.3,0.76,0.02,1.3,1,1
OUTSIDE,40.3,0.11,0.99,0.01,1,1
INSIDE,30.9,0.91,2.28,0.34,39,12
INSIDE,30.1,0.59,2.79,0.05,24,10
INSIDE,29.9,0.64,1.08,0.06,10,8
INSIDE,29.7,0.34,0.19,2.35,5,1
INSIDE,30.4,0.6,0.38,0.9,73,23
INSIDE,30.2,3.01,0.49,1.87,27,13
INSIDE,30.8,0.23,1.86,0.4,4,4
INSIDE,30.4,1.35,1.13,1.77,44,27
INSIDE,29.9,0.65,0.58,3.1,44,22
INSIDE,30.2,0.15,1.8,0.01,15,10
INSIDE,30.5,1.4,2.3,0.49,33,24
INSIDE,30.2,1.59,0.35,1.31,15,10
INSIDE,30.1,0.29,0.42,0.29,7,4
INSIDE,30.5,1.98,1.79,0.19,68,35
INSIDE,30.1,7.6,1.31,2.84,27,14
INSIDE,29.4,1.77,2.81,2.43,8,8
INSIDE,28.8,0.09,1.12,0.75,1,1
INSIDE,30.6,0.79,0.71,0.83,40,22
INSIDE,30.7,0.43,0.88,1.1,41,22
INSIDE,30.6,0.26,0.42,0.73,12,9
INSIDE,29.0,0.11,0.2,0.51,1,1
INSIDE,30.0,3.96,2.48,2.85,4,4
INSIDE,30.2,1.96,0.53,2.12,2,2
INSIDE,29.9,0.52,2.73,0.86,2,2
INSIDE,29.3,0.04,2.15,0.0,1,1
INSIDE,29.5,0.85,0.16,0.47,2,2
INSIDE,30.5,0.73,0.44,0.27,3,3
INSIDE,29.5,0.05,2.67,0.01,1,1
INSIDE,29.9,0.74,1.29,3.07,2,1
INSIDE,30.2,0.53,0.31,0.52,3,2
INSIDE,30.3,0.26,0.73,0.29,2,2
INSIDE,30.9,1.22,1.5,0.09,9,8
INSIDE,30.6,0.21,0.2,0.83,2,2
INSIDE,31.1,3.21,2.82,0.64,6,5
INSIDE,30.5,1.18,1.11,0.85,1,1
INSIDE,30.9,3.88,2.75,1.33,2,2
INSIDE,31.0,1.02,2.66,0.26,3,3
INSIDE,30.6,3.41,0.45,2.67,1,1
INSIDE,30.8,0.26,0.96,0.8,3,3
INSIDE,30.7,0.77,0.23,3.17,1,1
INSIDE,30.9,1.29,2.86,3.57,1,1
INSIDE,31.5,2.07,0.61,0.18,1,1
RAIL,49.7,0.44,0.26,0.49,42,28
RAIL,49.6,0.77,0.36,0.3,11,8
RAIL,49.8,1.31,0.52,0.74,19,5
RAIL,49.8,0.23,0.33,0.34,22,15
RAIL,49.8,0.63,0.39,1.09,13,8
RAIL,49.8,0.29,0.6,0.54,7,7
RAIL,49.8,0.07,0.27,0.12,11,9
RAIL,49.6,1.33,0.4,0.09,1,1
RAIL,51.0,1.75,0.15,0.67,5,3
RAIL,49.6,0.11,0.08,0.07,1,1
RAIL,50.1,0.86,0.13,1.0,4,4
RAIL,49.7,1.22,0.08,0.37,5,4
RAIL,50.2,0.33,0.03,0.91,4,4
RAIL,49.8,0.12,0.1,0.4,7,7
RAIL,49.9,1.43,0.03,0.14,5,5
RAIL,49.7,2.54,0.02,0.01,1,1
RAIL,49.8,0.34,0.54,0.13,3,2
RAIL,49.8,2.67,0.1,0.01,1,1
RAIL,50.3,0.35,0.17,0.07,2,2
RAIL,49.9,0.1,0.27,0.3,2,2
RAIL,49.9,0.22,0.07,0.19,1,1
RAIL,51.5,0.15,0.22,0.9,7,5
RAIL,49.9,3.34,0.17,1.16,1,1
RAIL,50.5,1.27,0.07,0.01,1,1
RAIL,51.2,0.95,0.09,0.0,1,1
RAIL,51.6,0.81,0.4,0.0,53,3
RAIL,51.7,1.83,0.37,1.15,1,1
NEAR,39.2,0.67,0.18,2.09,196,27
NEAR,39.1,2.55,0.26,1.99,27,17
NEAR,39.0,0.34,0.04,1.56,80,15
NEAR,38.9,0.94,0.06,1.68,123,16
NEAR,39.0,0.81,0.04,1.63,52,14
NEAR,39.4,1.82,0.13,2.13,22,11
NEAR,39.1,0.68,0.55,3.02,39,29
NEAR,38.7,0.63,0.9,0.87,23,19
NEAR,39.1,0.28,0.17,0.8,19,12
NEAR,38.5,0.15,0.45,0.44,4,3
NEAR,38.7,1.44,0.22,1.89,35,15
NEAR,39.0,0.38,0.91,0.03,9,5
NEAR,39.7,0.74,1.14,0.07,23,6
NEAR,39.2,1.0,0.12,0.59,5,5
NEAR,39.0,1.44,1.04,1.56,6,3
NEAR,39.9,9.36,1.29,2.22,3,1
NEAR,38.9,1.6,0.09,1.71,10,5
NEAR,39.9,1.37,1.41,0.1,7,5
NEAR,39.8,0.12,0.12,1.69,11,6
NEAR,39.5,0.62,0.59,0.29,11,7
NEAR,39.0,0.11,0.11,0.41,3,3
NEAR,38.8,0.15,0.31,1.2,1,1
NEAR,38.8,0.26,0.82,0.3,1,1
NEAR,38.8,1.52,0.33,0.55,1,1
NEAR,39.7,0.43,0.16,0.23,2,2
NEAR,39.2,0.17,0.27,0.09,2,1
NEAR,39.2,0.68,0.38,0.9,3,3
NEAR,39.5,0.18,0.96,0.01,3,3
NEAR,39.1,0.84,0.56,1.32,1,1
NEAR,39.3,1.56,1.22,0.34,4,3
NEAR,40.0,0.1,0.03,1.06,2,2
NEAR,39.5,4.64,0.96,2.11,2,2
NEAR,39.6,2.91,1.04,4.11,1,1
NEAR,39.8,0.26,0.36,3.81,1,1
NEAR,39.9,0.2,0.16,2.83,1,1
NEAR,41.9,0.8,0.06,1.67,224,19
NEAR,41.9,0.47,0.17,1.71,88,27
NEAR,41.9,0.51,0.19,2.75,81,22
NEAR,42.5,0.55,0.86,0.83,11,9
NEAR,42.3,0.29,0.04,1.43,48,14
NEAR,42.1,2.26,0.27,1.93,53,20
NEAR,41.6,0.14,1.02,0.01,3,3
NEAR,41.7,1.27,0.2,1.84,52,18
NEAR,41.9,0.29,0.53,0.31,10,7
NEAR,41.5,0.59,0.57,2.9,26,14
NEAR,41.6,0.65,0.32,0.54,7,7
NEAR,42.0,0.18,0.12,1.07,10,7
NEAR,41.8,2.02,0.96,2.06,13,8
NEAR,42.0,0.59,1.04,0.04,14,7
NEAR,42.1,1.42,0.51,0.81,6,4
NEAR,42.8,1.17,1.33,0.11,20,6
NEAR,42.0,0.92,1.13,0.28,6,2
NEAR,42.7,1.55,0.05,1.66,4,3
NEAR,42.2,0.17,0.17,2.67,17,7
NEAR,40.9,0.53,0.45,0.23,1,1
NEAR,41.8,6.15,1.04,2.23,6,4
NEAR,43.0,0.1,0.05,1.77,6,4
NEAR,41.0,0.05,1.44,0.01,1,1
NEAR,42.0,0.72,1.09,0.07,8,1
NEAR,41.1,0.07,0.83,0.36,1,1
NEAR,42.6,0.83,0.02,1.13,3,1
NEAR,41.5,0.91,0.11,0.46,4,4
NEAR,41.4,0.88,0.04,0.79,1,1
NEAR,43.0,0.33,0.18,0.45,3,3
NEAR,42.0,0.38,0.13,2.63,4,4
NEAR,42.5,0.24,0.6,2.89,2,2
NEAR,42.1,2.38,1.25,0.3,2,1
NEAR,41.7,1.41,0.44,1.56,1,1
NEAR,42.0,0.05,0.09,0.97,2,2
NEAR,42.2,1.97,1.26,0.8,1,1
NEAR,43.0,0.1,0.09,0.21,1,1
NEAR,43.4,0.06,0.19,1.4,1,1
OUTSIDE,110.4,1.66,1.23,2.0,31,21
OUTSIDE,111.0,0.11,1.61,0.0,94,33
OUTSIDE,110.8,1.21,1.04,0.04,26,19
OUTSIDE,110.8,0.47,1.27,0.22,23,14
OUTSIDE,110.1,9.3,1.54,2.1,6,5
OUTSIDE,111.0,0.05,0.71,0.0,78,33
OUTSIDE,110.8,0.09,0.09,0.9,20,11
OUTSIDE,111.9,0.24,0.08,0.81,8,8
OUTSIDE,111.0,0.68,0.3,1.27,68,37
OUTSIDE,111.2,1.25,0.41,0.96,58,37
OUTSIDE,110.9,1.11,0.67,2.35,15,12
OUTSIDE,111.0,0.1,0.81,0.69,11,11
OUTSIDE,110.8,1.66,0.33,0.01,2,2
OUTSIDE,111.0,1.06,1.06,0.71,48,32
OUTSIDE,110.5,1.26,0.46,0.28,9,8
OUTSIDE,111.2,0.34,1.96,0.01,15,13
OUTSIDE,110.8,0.13,0.54,0.0,11,10
OUTSIDE,110.7,0.19,0.33,0.8,27,17
OUTSIDE,111.7,0.17,2.42,0.23,3,2
OUTSIDE,110.5,0.26,0.82,1.5,6,5
OUTSIDE,110.6,0.15,2.34,0.01,10,8
OUTSIDE,111.1,3.13,1.13,1.4,15,12
OUTSIDE,111.0,3.21,0.35,1.64,16,15
OUTSIDE,110.8,0.27,1.03,0.63,13,8
OUTSIDE,110.3,0.05,0.45,0.0,10,5
OUTSIDE,111.0,0.52,0.83,1.22,4,4
OUTSIDE,110.3,0.97,0.08,0.64,6,6
OUTSIDE,111.0,1.19,0.98,0.24,21,16
OUTSIDE,110.8,3.03,0.71,2.57,8,8
OUTSIDE,111.0,0.45,2.1,0.71,3,3
OUTSIDE,110.9,0.52,0.33,0.38,8,8
OUTSIDE,110.6,0.1,0.33,1.68,7,5
OUTSIDE,109.9,2.8,0.1,1.33,1,1
OUTSIDE,111.6,0.07,0.4,0.23,27,15
OUTSIDE,111.0,0.43,0.18,0.24,2,2
OUTSIDE,111.8,1.53,0.3,1.95,3,3
OUTSIDE,110.8,1.38,0.18,0.96,3,3
OUTSIDE,110.1,2.13,2.41,0.08,1,1
OUTSIDE,110.4,0.85,1.17,0.01,9,4
OUTSIDE,110.6,0.28,0.81,0.0,2,2
OUTSIDE,110.4,0.02,0.46,0.0,12,5
OUTSIDE,110.4,0.01,0.46,0.0,12,5
OUTSIDE,110.9,0.1,0.17,0.18,2,2
OUTSIDE,111.3,0.1,0.34,0.79,8,7
OUTSIDE,111.3,0.02,0.26,0.22,7,6
OUTSIDE,110.7,0.37,0.08,1.07,1,1
OUTSIDE,111.7,0.32,0.56,0.01,6,6
OUTSIDE,110.7,0.56,0.17,0.62,1,1
OUTSIDE,110.7,0.04,0.44,0.52,1,1
OUTSIDE,110.8,0.15,0.16,0.39,1,1
OUTSIDE,110.8,0.19,0.97,0.01,3,3
OUTSIDE,110.9,0.5,0.3,2.73,1,1
OUTSIDE,110.9,2.82,1.08,0.08,1,1
OUTSIDE,111.1,0.15,0.51,1.81,1,1
OUTSIDE,111.3,1.95,1.57,0.23,2,2
OUTSIDE,111.3,0.05,1.94,0.0,1,1
OUTSIDE,111.4,0.04,1.09,0.4,1,1
OUTSIDE,111.5,0.56,0.55,0.17,1,1
OUTSIDE,111.6,3.98,1.65,2.45,1,1
OUTSIDE,111.9,0.57,2.3,2.23,1,1
OUTSIDE,112.0,0.97,2.37,0.04,2,2
OUTSIDE,112.3,3.94,0.3,2.45,1,1
OUTSIDE,112.3,0.49,0.63,2.67,1,1
RAIL,1.7,0.34,0.06,0.94,22,9
RAIL,1.6,0.1,0.03,0.88,1,1
RAIL,1.9,0.81,0.05,1.04,33,10
RAIL,2.2,1.29,0.05,1.15,10,4
RAIL,2.3,0.73,0.45,1.15,6,5
RAIL,2.1,0.09,0.05,0.17,1,1
RAIL,2.9,1.38,0.49,0.49,3,1
RAIL,2.8,0.68,0.29,0.26,1,1
NEAR,116.3,0.36,0.7,0.24,4,3
NEAR,116.8,2.1,0.68,1.1,4,3
NEAR,116.4,1.02,0.15,0.91,2,2
NEAR,116.8,0.12,0.12,0.62,2,2
NEAR,115.7,0.22,0.45,0.01,3,1
NEAR,115.8,0.1,0.36,0.18,2,2
NEAR,116.0,1.0,0.41,0.02,2,2
NEAR,116.2,1.04,0.99,0.04,3,2
NEAR,116.0,1.7,0.3,0.91,1,1
NEAR,116.4,0.1,1.02,0.0,27,10
NEAR,116.5,0.77,0.96,0.01,2,2
NEAR,117.0,0.78,0.34,0.99,3,3
NEAR,116.3,0.29,0.35,1.12,1,1
NEAR,116.5,0.87,0.97,0.93,2,2
NEAR,116.8,0.23,1.14,0.0,2,2
NEAR,117.7,0.03,0.8,0.0,2,2
NEAR,117.3,0.21,1.22,0.01,1,1
NEAR,117.6,2.88,0.93,3.43,1,1
NEAR,117.8,0.15,0.29,3.49,1,1
NEAR,118.0,0.38,1.46,1.38,1,1
NEAR,118.1,1.38,0.53,0.2,1,1
OUTSIDE,48.0,6.8,1.03,2.37,9,5
OUTSIDE,47.9,0.41,0.11,1.15,15,6
OUTSIDE,47.7,0.46,0.33,1.09,99,26
OUTSIDE,49.0,1.07,1.5,0.07,23,17
OUTSIDE,48.6,0.55,1.11,0.72,57,20
OUTSIDE,47.1,4.39,0.39,2.04,5,5
OUTSIDE,48.4,0.13,0.22,0.92,31,12
OUTSIDE,47.5,0.21,0.23,2.18,21,8
OUTSIDE,47.9,1.9,2.28,0.14,16,9
OUTSIDE,47.8,1.4,0.43,1.76,37,15
OUTSIDE,47.2,0.36,0.13,0.42,7,7
OUTSIDE,48.5,0.29,1.1,0.02,32,20
OUTSIDE,47.0,2.97,0.74,2.15,5,4
OUTSIDE,48.0,0.27,1.53,0.34,13,6
OUTSIDE,48.2,0.43,0.34,2.31,6,5
OUTSIDE,46.8,1.68,0.04,1.72,1,1
OUTSIDE,47.1,0.48,0.28,0.1,3,3
OUTSIDE,47.6,0.51,0.19,2.67,5,4
OUTSIDE,47.9,1.97,2.38,0.48,4,2
OUTSIDE,47.8,0.11,1.19,0.01,10,7
OUTSIDE,48.3,1.02,0.4,0.32,9,9
OUTSIDE,48.1,0.04,1.39,0.01,2,2
OUTSIDE,47.8,0.32,0.29,0.32,10,6
OUTSIDE,48.2,0.63,0.03,0.85,2,2
OUTSIDE,49.2,0.87,1.96,0.26,3,2
OUTSIDE,47.6,0.08,0.09,1.02,7,6
OUTSIDE,48.0,0.97,0.11,0.56,2,1
OUTSIDE,48.8,1.17,0.31,2.54,4,3
OUTSIDE,48.0,0.07,1.25,0.0,4,4
OUTSIDE,48.4,0.07,0.25,2.28,3,1
OUTSIDE,48.4,0.26,0.4,0.77,4,2
OUTSIDE,48.2,0.11,0.17,0.16,2,2
OUTSIDE,48.3,1.64,1.57,1.02,4,4
OUTSIDE,48.8,0.09,0.29,0.35,3,3
OUTSIDE,48.5,0.11,1.25,0.32,2,2
OUTSIDE,48.6,0.35,2.21,0.03,4,2
OUTSIDE,49.0,0.29,1.0,1.08,2,1
OUTSIDE,49.2,0.03,0.12,0.91,2,2
OUTSIDE,2.5,1.95,0.05,1.3,31,9
OUTSIDE,3.0,3.01,0.15,1.56,4,3
OUTSIDE,3.8,0.85,0.46,1.42,9,6
OUTSIDE,3.4,3.73,0.06,1.72,3,3
RAIL,101.7,0.34,0.34,0.41,34,24
RAIL,100.5,0.99,1.0,0.0,1,1
RAIL,101.7,0.07,0.23,0.5,19,15
RAIL,101.6,0.05,0.24,0.15,11,10
RAIL,101.4,0.13,0.17,0.65,9,8
RAIL,102.1,1.4,0.89,0.64,15,11
RAIL,101.8,1.02,0.36,0.66,15,14
RAIL,101.5,1.02,0.58,0.14,3,3
RAIL,102.0,0.14,0.29,0.23,20,13
RAIL,101.6,0.16,0.64,0.65,9,8
RAIL,101.0,0.07,0.52,0.0,1,1
RAIL,101.5,0.42,0.55,0.15,4,3
RAIL,102.2,1.88,0.06,0.54,2,2
RAIL,101.2,0.39,0.21,0.13,1,1
RAIL,101.2,0.06,0.09,0.7,1,1
RAIL,101.3,0.57,0.83,0.53,2,2
RAIL,101.3,0.41,0.23,0.91,1,1
RAIL,101.3,2.06,0.04,0.96,1,1
RAIL,102.0,2.0,0.28,0.17,2,2
RAIL,101.5,0.11,0.53,0.15,1,1
RAIL,102.3,2.54,0.47,0.81,4,4
RAIL,101.8,0.06,0.76,0.64,1,1
RAIL,102.5,1.29,0.16,0.53,4,4
RAIL,102.5,0.03,0.54,0.0,1,1
RAIL,103.1,0.24,0.17,0.29,1,1
RAIL,103.2,0.09,0.04,0.73,1,1
RAIL,103.2,0.37,0.08,0.69,2,2
RAIL,103.3,2.35,0.93,1.01,2,2
NEAR,27.0,0.73,0.05,1.55,45,11
NEAR,25.6,11.74,1.05,1.97,2,2
NEAR,27.4,0.42,0.67,0.22,5,3
NEAR,26.8,0.18,0.21,0.46,2,1
NEAR,27.1,2.05,0.69,2.95,27,14
NEAR,27.5,0.77,0.36,2.64,33,17
NEAR,25.9,0.22,0.98,0.03,1,1
NEAR,26.9,0.8,0.55,0.79,6,6
NEAR,27.5,0.86,0.11,1.91,9,7
NEAR,26.2,0.11,1.31,0.23,1,1
NEAR,27.9,2.25,0.23,1.89,59,13
NEAR,27.3,0.51,0.2,0.48,5,4
NEAR,26.4,0.7,1.16,0.07,1,1
NEAR,26.5,0.23,1.03,0.01,1,1
NEAR,26.8,0.07,0.17,0.14,2,1
NEAR,27.6,0.41,0.05,1.94,7,5
NEAR,27.0,1.84,0.09,2.29,2,2
NEAR,27.2,4.71,0.84,2.1,4,3
NEAR,27.0,1.39,0.15,0.59,1,1
NEAR,27.2,3.86,0.1,1.98,1,1
NEAR,27.2,6.25,0.75,5.04,2,1
NEAR,27.2,6.83,0.32,4.94,1,1
NEAR,27.7,0.36,0.3,3.14,3,1
NEAR,27.6,0.53,0.35,0.26,2,1
NEAR,27.5,2.3,0.48,1.22,1,1
NEAR,27.9,0.24,0.53,1.71,2,2
NEAR,27.9,6.71,0.24,2.04,3,2
NEAR,27.9,0.88,0.82,3.16,1,1
NEAR,28.4,1.68,1.34,1.3,1,1
INSIDE,27.9,1.32,1.8,0.28,22,16
INSIDE,27.6,9.39,1.29,2.27,10,5
INSIDE,27.6,0.79,0.57,2.99,43,25
INSIDE,27.2,0.69,0.44,0.36,5,4
INSIDE,26.4,2.23,1.2,3.07,12,5
INSIDE,27.3,0.8,0.31,1.1,14,9
INSIDE,27.5,0.11,2.77,0.01,5,4
INSIDE,27.2,2.19,2.85,3.14,7,3
INSIDE,28.2,0.59,2.45,0.06,6,5
INSIDE,26.3,0.57,1.93,0.68,7,6
INSIDE,27.0,1.38,2.57,1.02,6,3
INSIDE,26.6,0.28,0.18,0.91,3,3
INSIDE,26.1,0.1,0.34,0.91,1,1
INSIDE,27.2,0.24,0.18,0.22,2,2
INSIDE,27.9,0.21,1.09,0.25,3,3
INSIDE,26.8,1.98,0.26,1.76,3,3
INSIDE,26.8,0.34,0.24,2.4,3,2
INSIDE,26.9,1.08,0.22,0.78,2,2
INSIDE,27.2,6.22,0.5,1.99,2,2
INSIDE,27.1,1.0,0.73,0.09,2,2
INSIDE,26.7,4.6,2.87,3.25,1,1
INSIDE,26.8,0.9,0.04,1.32,1,1
INSIDE,27.6,0.15,1.03,0.01,5,3
INSIDE,26.8,0.59,2.0,3.07,1,1
INSIDE,27.2,0.4,2.27,0.24,2,2
INSIDE,27.9,0.3,2.33,0.02,7,3
INSIDE,27.4,0.83,0.51,0.22,1,1
INSIDE,28.0,0.88,2.13,0.12,2,2
INSIDE,27.9,2.64,2.62,0.47,1,1
INSIDE,28.0,2.17,0.71,1.22,1,1
INSIDE,28.1,0.27,2.82,0.03,2,2
INSIDE,28.0,0.17,0.56,2.85,1,1
INSIDE,28.1,0.79,0.41,0.93,1,1
INSIDE,28.3,1.9,1.6,0.13,1,1
OUTSIDE,49.8,1.25,1.0,0.08,10,8
OUTSIDE,49.8,0.08,0.19,1.23,4,4
OUTSIDE,51.2,3.64,1.06,1.26,5,5
OUTSIDE,49.6,2.1,2.29,0.16,3,3
OUTSIDE,49.8,0.54,1.56,0.72,82,8
OUTSIDE,50.7,0.14,0.21,1.9,3,3
OUTSIDE,49.7,0.33,0.19,0.81,11,8
OUTSIDE,50.8,0.69,0.48,1.96,6,6
OUTSIDE,49.7,0.69,0.6,0.77,2,2
OUTSIDE,49.8,0.25,0.95,0.01,9,7
OUTSIDE,49.8,1.48,0.95,0.41,20,3
OUTSIDE,49.7,0.8,0.85,0.05,2,1
OUTSIDE,49.8,0.51,1.52,0.19,4,4
OUTSIDE,49.7,0.33,0.44,0.34,3,3
OUTSIDE,49.7,0.16,0.41,0.77,1,1
OUTSIDE,50.9,0.67,0.21,1.75,7,6
OUTSIDE,49.7,2.95,2.29,0.33,1,1
OUTSIDE,51.6,3.0,0.38,2.3,7,6
OUTSIDE,51.9,0.06,1.48,0.0,3,2
OUTSIDE,49.8,0.14,0.17,0.9,2,2
OUTSIDE,50.7,0.27,2.38,0.01,2,2
OUTSIDE,50.3,6.18,2.38,1.38,1,1
OUTSIDE,50.7,1.11,0.05,2.01,7,2
OUTSIDE,50.8,1.9,0.36,1.7,11,9
OUTSIDE,50.6,6.32,1.41,2.84,1,1
OUTSIDE,51.0,1.64,1.76,2.94,1,1
OUTSIDE,51.6,10.9,0.69,2.69,1,1
OUTSIDE,51.8,3.67,0.21,2.87,1,1
OUTSIDE,52.2,0.63,0.12,0.54,1,1
NEAR,48.1,0.64,0.28,1.32,66,32
NEAR,47.7,0.55,0.04,1.56,56,13
NEAR,47.8,1.07,0.07,1.67,15,7
NEAR,48.3,0.44,0.75,0.42,23,12
NEAR,47.5,3.34,0.83,1.94,26,11
NEAR,47.6,1.58,0.36,1.95,18,10
NEAR,47.9,0.74,0.12,2.17,24,14
NEAR,48.1,0.2,0.05,1.4,14,8
NEAR,47.0,0.57,0.55,2.71,11,9
NEAR,48.4,1.06,1.22,0.08,17,10
NEAR,47.8,1.03,1.04,1.02,12,10
NEAR,47.5,0.27,0.16,2.28,25,12
NEAR,48.4,0.16,0.38,0.3,4,4
NEAR,48.6,0.71,0.38,0.33,21,11
NEAR,47.6,0.37,0.66,3.08,3,3
NEAR,47.0,3.36,0.26,1.84,2,2
NEAR,47.2,0.24,0.89,1.0,5,5
NEAR,48.1,0.53,0.98,0.04,10,6
NEAR,47.2,1.69,0.41,0.85,1,1
NEAR,48.3,0.28,1.0,0.02,12,10
NEAR,48.4,0.09,0.32,0.28,3,3
NEAR,48.2,0.24,0.39,0.89,3,3
NEAR,49.0,0.11,1.1,0.01,5,5
NEAR,48.1,0.83,0.03,0.69,2,2
NEAR,48.6,1.16,1.08,0.34,2,2
NEAR,48.5,0.6,0.27,3.82,2,1
NEAR,48.9,0.29,0.12,0.6,8,6
NEAR,48.2,0.33,0.38,0.47,4,4
NEAR,48.4,0.1,0.11,2.34,2,2
NEAR,48.5,0.75,0.1,0.76,2,2
NEAR,48.4,0.1,0.03,1.32,1,1
NEAR,48.7,0.12,0.15,0.77,2,2
NEAR,49.1,1.53,0.38,0.13,1,1
OUTSIDE,27.1,1.29,0.17,2.0,72,19
OUTSIDE,27.9,0.65,0.04,1.63,52,13
OUTSIDE,27.2,2.93,0.28,2.01,22,16
OUTSIDE,25.6,0.21,1.63,0.25,1,1
OUTSIDE,26.2,0.44,0.17,2.7,7,4
OUTSIDE,27.9,0.32,0.05,1.63,27,6
OUTSIDE,27.1,3.23,0.06,1.75,6,3
OUTSIDE,26.7,4.85,1.05,2.58,3,3
OUTSIDE,27.9,0.11,0.22,1.94,4,3
OUTSIDE,27.7,0.43,0.23,1.03,7,6
OUTSIDE,27.9,0.46,0.77,1.11,11,7
OUTSIDE,26.4,0.07,0.11,1.17,1,1
OUTSIDE,27.2,1.99,0.06,1.62,4,2
OUTSIDE,27.3,0.4,0.25,0.39,3,3
OUTSIDE,28.3,0.21,0.9,0.97,3,3
OUTSIDE,26.7,0.15,2.35,0.03,1,1
OUTSIDE,27.1,0.35,0.02,1.31,2,1
OUTSIDE,26.8,0.68,0.02,2.24,1,1
OUTSIDE,27.6,1.16,2.56,0.83,3,3
OUTSIDE,27.1,1.26,2.35,0.15,5,4
OUTSIDE,27.8,1.39,0.33,1.67,3,2
OUTSIDE,27.2,0.44,1.41,0.5,1,1
OUTSIDE,27.6,1.88,2.41,1.52,3,3
OUTSIDE,28.0,2.73,2.19,0.24,9,7
OUTSIDE,28.0,2.08,2.32,0.51,5,4
OUTSIDE,28.3,0.64,0.52,2.86,3,2
OUTSIDE,28.1,1.34,2.44,0.18,1,1
OUTSIDE,28.2,0.19,0.3,0.26,1,1
OUTSIDE,28.3,0.12,1.28,0.01,1,1
OUTSIDE,28.4,0.42,1.25,0.06,1,1
OUTSIDE,78.3,1.57,0.31,1.67,15,11
OUTSIDE,77.7,0.27,0.54,1.05,10,9
OUTSIDE,76.9,0.11,0.19,2.88,5,3
OUTSIDE,77.9,4.08,0.87,2.43,33,19
OUTSIDE,77.9,0.39,1.52,0.21,6,6
OUTSIDE,77.4,1.36,1.08,2.72,7,6
OUTSIDE,77.3,0.96,0.35,1.21,18,10
OUTSIDE,78.2,9.88,1.04,2.55,10,8
OUTSIDE,77.4,1.77,0.31,0.57,13,11
OUTSIDE,77.6,0.23,0.18,1.65,6,6
OUTSIDE,76.6,0.42,1.37,0.01,1,1
OUTSIDE,78.9,0.08,0.9,0.0,16,10
OUTSIDE,77.3,0.11,0.08,2.79,2,2
OUTSIDE,77.2,1.86,1.64,0.53,5,5
OUTSIDE,77.5,2.8,1.96,0.62,5,5
OUTSIDE,77.2,0.04,0.49,0.29,2,2
OUTSIDE,78.6,0.83,2.35,0.2,5,5
OUTSIDE,78.0,0.65,1.02,0.65,4,4
OUTSIDE,78.9,0.48,0.61,2.21,6,6
OUTSIDE,77.4,1.66,0.78,1.37,11,8
OUTSIDE,78.4,0.08,0.45,0.52,5,3
OUTSIDE,79.1,0.18,0.57,2.83,4,2
OUTSIDE,77.6,1.56,0.03,1.94,1,1
OUTSIDE,77.9,0.69,0.07,2.08,4,4
OUTSIDE,77.8,1.02,0.89,0.17,2,2
OUTSIDE,78.6,10.68,0.43,1.81,3,3
OUTSIDE,77.8,1.0,0.55,0.03,1,1
OUTSIDE,78.6,3.67,2.5,1.96,4,3
OUTSIDE,78.7,5.16,2.41,2.76,2,2
OUTSIDE,78.7,0.07,0.23,1.29,2,1
OUTSIDE,78.3,0.05,0.07,0.8,1,1
OUTSIDE,79.2,0.03,0.6,0.0,2,2
OUTSIDE,79.1,0.1,0.67,2.87,1,1
OUTSIDE,79.1,0.77,1.91,0.77,1,1
OUTSIDE,79.2,0.87,0.14,0.34,1,1
NEAR,106.5,0.26,0.05,0.81,1,1
NEAR,107.1,0.07,0.08,0.7,5,3
NEAR,108.1,2.22,0.6,1.54,7,7
NEAR,108.1,0.83,0.23,1.02,18,9
NEAR,108.2,0.08,0.11,2.27,20,9
NEAR,107.6,0.95,1.33,1.98,4,3
NEAR,106.7,1.21,0.13,2.1,1,1
NEAR,108.3,1.52,0.88,0.52,4,4
NEAR,108.6,0.42,0.37,0.92,7,7
NEAR,108.8,0.82,1.18,0.03,5,5
NEAR,106.8,0.31,0.26,1.73,2,2
NEAR,108.7,0.1,1.36,0.0,6,6
NEAR,107.3,0.05,0.16,0.38,3,2
NEAR,107.1,0.97,0.3,2.93,2,2
NEAR,107.0,2.05,1.0,0.89,1,1
NEAR,107.1,1.14,0.08,0.96,9,5
NEAR,107.8,0.53,1.07,0.01,2,2
NEAR,107.3,0.65,0.81,0.23,4,4
NEAR,108.2,0.06,1.31,0.0,4,3
NEAR,107.5,0.02,0.24,0.2,3,3
NEAR,108.3,2.61,0.37,0.9,7,6
NEAR,108.2,1.17,0.36,0.46,6,4
NEAR,108.5,0.29,1.33,0.27,3,3
NEAR,107.5,0.04,0.05,1.91,1,1
NEAR,108.0,0.76,0.75,1.24,3,3
NEAR,108.1,0.1,0.28,1.89,3,2
NEAR,108.5,0.12,0.22,0.42,3,3
NEAR,108.6,1.4,0.77,0.0,1,1
NEAR,108.8,0.61,1.01,0.87,1,1
NEAR,109.2,0.06,0.57,0.0,1,1
NEAR,109.4,0.92,0.38,0.03,1,1
NEAR,109.4,0.22,0.45,0.01,1,1
NEAR,81.0,0.11,0.2,2.84,62,17
NEAR,80.9,0.46,0.21,2.82,27,8
NEAR,80.9,1.1,0.2,2.73,69,15
NEAR,80.8,3.13,1.01,2.74,26,17
NEAR,81.0,0.19,0.13,0.73,7,4
NEAR,80.9,0.12,0.09,2.53,81,13
NEAR,81.6,2.18,0.13,0.41,6,6
NEAR,81.1,0.33,0.61,2.8,32,16
NEAR,80.8,3.1,0.21,2.24,14,7
NEAR,81.1,1.1,0.22,1.05,26,15
NEAR,81.2,0.9,0.58,2.89,43,21
NEAR,81.0,1.33,0.72,0.61,8,6
NEAR,81.4,3.76,0.51,2.11,18,11
NEAR,81.7,0.07,0.09,2.55,12,10
NEAR,80.1,0.34,0.96,0.01,1,1
NEAR,80.6,0.6,0.26,0.52,8,7
NEAR,80.1,0.07,0.18,0.32,1,1
NEAR,81.1,1.14,0.06,1.19,5,4
NEAR,80.8,1.19,0.94,1.23,4,4
NEAR,81.0,0.1,0.14,1.11,8,6
NEAR,80.4,0.03,0.18,0.32,1,1
NEAR,81.7,0.39,0.17,1.09,4,3
NEAR,81.2,0.5,1.44,1.84,2,2
NEAR,80.7,0.34,0.06,1.07,3,3
NEAR,81.5,0.47,0.08,2.98,4,4
NEAR,82.0,1.6,0.73,0.31,4,3
NEAR,81.1,4.08,0.22,1.34,4,4
NEAR,80.9,0.11,1.48,0.0,1,1
NEAR,81.8,1.23,0.22,0.69,4,4
NEAR,81.5,0.4,0.83,0.17,2,2
NEAR,81.6,0.07,0.55,0.0,2,1
NEAR,81.4,3.49,0.48,0.77,2,2
NEAR,81.8,0.95,0.04,0.89,5,5
NEAR,81.4,0.05,0.21,1.35,1,1
NEAR,81.5,0.11,0.98,0.18,1,1
NEAR,81.8,7.72,1.19,2.59,2,2
NEAR,81.6,0.11,0.31,1.04,1,1
NEAR,81.7,5.32,0.1,0.42,1,1
NEAR,82.1,0.99,0.94,0.03,2,1
NEAR,81.9,1.71,1.29,0.22,2,2
NEAR,82.0,0.12,0.04,1.4,2,2
NEAR,81.9,0.02,0.06,0.53,1,1
NEAR,82.0,0.03,0.76,0.17,1,1
NEAR,82.3,0.26,0.45,0.36,1,1
INSIDE,62.0,2.54,5.66,0.33,2,2
INSIDE,62.5,1.75,1.83,2.9,16,8
INSIDE,62.5,0.08,1.15,0.0,6,2
INSIDE,62.8,1.71,0.2,1.82,2,2
INSIDE,63.1,1.85,0.71,2.88,7,6
INSIDE,62.8,0.59,0.84,2.85,3,3
INSIDE,63.4,1.96,5.48,2.81,15,10
INSIDE,63.3,5.29,2.51,2.69,7,5
INSIDE,63.2,10.46,5.62,3.0,8,8
INSIDE,63.0,2.83,5.11,0.72,4,3
INSIDE,63.3,4.94,0.98,2.98,7,3
INSIDE,63.0,0.65,0.18,1.94,5,2
INSIDE,63.8,0.49,5.24,0.57,7,5
INSIDE,62.8,0.56,3.79,3.29,2,2
INSIDE,62.3,0.38,3.81,0.01,2,2
INSIDE,63.4,1.23,3.74,0.53,4,4
INSIDE,63.5,1.83,0.21,0.6,5,4
INSIDE,62.6,0.24,0.25,2.67,5,1
INSIDE,62.2,1.05,0.41,0.2,1,1
INSIDE,62.9,0.32,5.44,0.18,2,1
INSIDE,62.4,0.97,5.05,0.77,5,5
INSIDE,62.3,10.97,2.15,3.58,1,1
INSIDE,62.6,0.11,0.07,1.44,2,1
INSIDE,63.6,0.18,1.15,0.01,8,6
INSIDE,62.9,0.14,1.15,0.0,4,2
INSIDE,63.5,1.79,2.95,0.04,2,2
INSIDE,62.7,0.54,0.54,2.88,1,1
INSIDE,63.5,5.14,5.85,2.45,2,1
INSIDE,62.9,0.88,1.41,0.63,1,1
INSIDE,62.9,4.55,1.73,0.24,1,1
INSIDE,63.4,2.18,5.64,3.64,2,1
INSIDE,63.7,4.42,0.3,0.4,1,1
INSIDE,63.9,0.1,3.45,0.0,1,1
RAIL,95.8,0.34,0.47,0.66,20,15
RAIL,95.9,0.2,0.28,0.34,47,27
RAIL,94.5,0.16,1.27,0.62,1,1
RAIL,95.7,0.78,0.47,0.39,19,14
RAIL,96.2,1.04,0.49,0.84,16,16
RAIL,95.5,0.1,0.29,0.34,21,17
RAIL,96.4,0.09,0.07,0.63,5,3
RAIL,95.0,2.64,0.07,0.43,2,2
RAIL,95.9,0.45,0.29,0.14,2,2
RAIL,95.4,2.1,0.03,0.43,2,2
RAIL,95.3,1.98,0.33,0.28,4,4
RAIL,96.7,0.1,0.26,0.15,6,4
RAIL,94.9,2.93,1.05,1.03,1,1
RAIL,94.9,1.05,0.56,0.15,1,1
RAIL,96.5,0.04,0.39,0.59,9,7
RAIL,97.2,1.11,0.17,0.71,4,4
RAIL,96.9,0.03,0.22,0.14,3,2
RAIL,96.7,0.82,1.09,0.6,3,2
RAIL,95.4,0.38,0.26,0.74,2,2
RAIL,96.1,0.16,0.37,0.8,3,3
RAIL,95.7,0.05,0.49,0.0,1,1
RAIL,96.0,1.64,0.17,1.07,3,3
RAIL,96.0,0.26,0.07,0.62,3,2
RAIL,96.0,2.79,0.5,1.15,1,1
RAIL,96.5,0.15,0.8,0.0,1,1
RAIL,96.7,0.26,0.4,0.31,1,1
RAIL,96.8,0.12,0.15,0.57,2,2
RAIL,96.8,0.96,0.07,0.39,1,1
RAIL,97.0,3.17,0.18,0.8,1,1
RAIL,97.2,2.28,0.46,0.49,1,1
RAIL,97.4,0.17,0.3,0.14,2,2
NEAR,66.0,5.41,0.7,3.03,6,5
NEAR,65.5,0.37,0.48,2.49,12,6
NEAR,66.0,0.12,0.17,2.5,105,14
NEAR,65.6,0.19,0.08,2.47,12,4
NEAR,66.1,0.41,0.18,2.51,11,6
NEAR,65.0,0.11,0.1,0.58,2,1
NEAR,66.2,1.19,0.23,2.47,57,15
NEAR,66.0,1.28,0.06,1.99,11,5
NEAR,65.5,0.6,0.04,1.38,2,1
NEAR,65.8,0.11,0.08,2.48,20,8
NEAR,65.0,0.93,0.2,3.8,2,2
NEAR,66.0,1.12,0.45,2.96,17,10
NEAR,66.0,9.32,0.23,2.24,2,2
NEAR,65.3,1.81,0.12,0.46,4,3
NEAR,65.0,0.12,0.39,3.86,1,1
NEAR,65.4,0.88,0.51,3.0,5,4
NEAR,66.1,0.7,0.28,0.53,4,4
NEAR,66.5,1.78,0.75,0.89,4,4
NEAR,66.2,3.62,1.35,2.77,5,5
NEAR,66.5,0.07,0.17,2.53,4,3
NEAR,66.9,4.91,0.22,2.51,3,3
NEAR,66.1,0.27,0.93,0.01,1,1
NEAR,66.3,0.15,0.05,0.6,1,1
NEAR,66.4,0.92,1.18,0.04,1,1
NEAR,66.5,0.48,1.4,0.63,2,1
NEAR,67.0,0.76,0.17,1.34,1,1
NEAR,60.4,1.16,0.29,2.76,54,16
NEAR,60.0,0.13,0.16,2.35,82,14
NEAR,60.3,0.38,0.14,2.29,26,9
NEAR,60.0,1.46,0.15,2.23,28,9
NEAR,59.6,0.45,0.64,2.75,18,7
NEAR,59.3,0.15,0.29,4.8,8,2
NEAR,59.6,3.99,0.56,2.69,7,3
NEAR,59.7,0.1,0.07,2.26,8,4
NEAR,59.2,0.26,0.15,0.85,2,2
NEAR,60.7,0.92,0.16,2.5,6,5
NEAR,59.5,5.39,0.22,2.38,4,2
NEAR,59.3,0.08,0.28,4.82,1,1
NEAR,59.3,6.0,1.23,2.49,2,1
NEAR,60.3,1.45,1.12,2.92,4,3
NEAR,60.2,0.83,0.15,0.38,3,2
NEAR,60.5,1.87,0.41,1.81,3,2
NEAR,60.1,1.94,0.91,0.19,1,1
NEAR,60.4,0.44,0.07,1.07,2,2
NEAR,60.5,0.81,0.97,1.05,1,1
NEAR,61.0,0.17,0.33,0.96,2,1
NEAR,61.1,1.57,0.04,1.74,3,2
NEAR,61.3,2.25,0.2,2.5,1,1
NEAR,61.3,1.21,0.15,0.89,1,1
NEAR,84.0,2.28,0.52,1.88,52,29
NEAR,84.1,1.98,0.2,2.31,33,13
NEAR,83.9,0.1,0.1,2.52,80,12
NEAR,83.7,1.0,0.07,1.08,14,10
NEAR,82.8,1.0,0.04,0.45,2,2
NEAR,83.6,1.05,0.29,2.49,60,21
NEAR,83.9,0.12,0.25,3.2,25,6
NEAR,83.6,7.39,1.34,2.74,11,9
NEAR,84.5,1.22,0.22,0.97,45,18
NEAR,84.5,0.05,0.08,1.21,9,8
NEAR,84.0,2.28,1.25,2.2,22,16
NEAR,84.5,0.95,0.64,2.81,17,14
NEAR,83.5,0.31,0.6,2.74,33,16
NEAR,83.3,0.45,0.21,2.44,9,5
NEAR,83.1,0.15,0.22,0.89,5,4
NEAR,83.6,2.44,1.13,0.53,4,4
NEAR,84.0,0.97,0.4,1.21,12,11
NEAR,84.1,0.95,1.08,1.43,11,9
NEAR,82.8,0.32,1.19,0.01,1,1
NEAR,83.0,0.41,0.08,1.89,2,2
NEAR,84.5,1.14,0.16,0.36,7,5
NEAR,84.8,1.54,1.13,0.2,3,3
NEAR,84.5,3.08,0.21,0.97,8,4
NEAR,84.1,0.58,1.29,0.55,4,4
NEAR,83.1,0.05,0.1,2.58,5,5
NEAR,83.7,1.15,0.5,0.35,7,6
NEAR,84.0,0.05,0.25,0.34,2,2
NEAR,84.9,3.9,0.14,0.4,4,4
NEAR,83.7,0.21,0.85,0.15,2,1
NEAR,83.6,0.79,0.1,2.91,3,3
NEAR,84.2,2.37,0.46,0.81,4,2
NEAR,83.5,0.42,0.84,0.8,2,2
NEAR,83.3,0.45,0.67,0.51,1,1
NEAR,84.1,0.28,0.21,0.98,6,4
NEAR,84.6,0.23,0.07,0.7,6,6
NEAR,84.5,0.59,0.64,2.77,4,3
NEAR,84.4,0.13,0.72,2.69,3,2
NEAR,84.2,2.76,0.06,0.38,1,1
NEAR,84.4,0.37,1.4,2.97,1,1
NEAR,84.4,0.35,0.11,0.7,1,1
NEAR,85.0,0.28,0.03,1.19,2,2
NEAR,84.8,0.6,0.75,0.19,1,1
NEAR,85.1,1.06,1.32,0.03,3,3
NEAR,84.9,2.0,0.43,0.06,1,1
NEAR,85.1,0.05,1.31,0.0,1,1
NEAR,85.1,0.01,0.28,0.46,1,1
NEAR,85.1,0.15,0.39,0.21,1,1
NEAR,85.4,0.49,0.22,0.22,1,1
RAIL,104.2,0.39,0.4,0.15,6,4
RAIL,105.0,0.6,0.28,0.54,25,16
RAIL,104.8,0.65,0.56,0.7,8,6
RAIL,105.1,0.81,0.89,0.15,4,3
RAIL,104.6,0.14,0.33,0.59,18,13
RAIL,103.6,0.12,0.96,0.47,1,1
RAIL,105.4,1.24,0.66,0.73,15,15
RAIL,104.2,0.35,0.1,0.47,2,2
RAIL,104.0,0.06,0.32,0.48,4,4
RAIL,105.0,0.06,0.25,0.17,14,11
RAIL,104.6,1.3,0.26,0.67,7,6
RAIL,104.7,0.18,0.68,0.17,2,2
RAIL,105.0,2.09,0.66,0.64,10,10
RAIL,105.0,0.12,0.17,0.4,9,7
RAIL,105.2,0.16,0.33,0.15,7,3
RAIL,105.2,2.51,0.33,0.87,2,2
RAIL,104.4,0.31,0.39,0.73,1,1
RAIL,104.7,0.04,0.9,0.14,1,1
RAIL,105.1,0.09,0.07,0.66,3,2
RAIL,105.2,1.83,1.21,0.0,1,1
RAIL,105.2,0.83,0.73,0.3,1,1
RAIL,106.0,2.64,0.33,0.16,2,1
RAIL,105.7,0.45,0.16,1.07,1,1
RAIL,105.8,1.66,0.07,0.67,1,1
RAIL,106.4,0.09,0.82,0.0,1,1
RAIL,98.4,0.38,0.36,0.6,37,27
RAIL,98.0,1.63,0.66,0.83,7,7
RAIL,99.0,0.9,0.91,0.64,33,14
RAIL,98.8,1.35,0.21,0.55,4,4
RAIL,99.1,0.1,0.28,0.22,27,18
RAIL,99.2,0.16,0.18,0.65,21,14
RAIL,98.8,0.04,0.32,0.15,8,6
RAIL,97.8,0.71,0.05,0.7,1,1
RAIL,99.3,2.12,0.03,0.43,3,1
RAIL,99.2,0.22,0.39,0.15,6,6
RAIL,98.0,0.55,0.4,0.17,3,3
RAIL,98.6,0.07,0.76,0.64,13,7
RAIL,98.0,0.24,0.95,0.56,3,3
RAIL,99.3,0.08,0.14,0.3,5,5
RAIL,98.5,1.56,0.26,0.89,2,2
RAIL,98.7,2.6,0.32,0.16,2,2
RAIL,98.5,1.48,0.69,0.49,1,1
RAIL,99.1,1.51,1.25,0.0,2,2
RAIL,99.7,0.22,0.37,0.86,7,3
RAIL,98.9,2.1,0.11,0.76,1,1
RAIL,99.3,0.07,0.07,0.67,1,1
RAIL,99.6,0.14,1.04,0.0,2,2
RAIL,99.5,0.08,0.17,0.63,1,1
RAIL,99.9,0.63,0.13,0.53,1,1
RAIL,99.9,1.16,0.35,0.14,1,1
RAIL,100.4,0.14,1.0,0.5,1,1
RAIL,92.5,0.34,0.36,0.36,57,24
RAIL,93.2,1.2,0.5,0.54,23,18
RAIL,92.9,0.17,0.28,0.21,18,14
RAIL,93.0,0.15,0.19,0.43,20,17
RAIL,93.5,1.17,0.74,0.8,10,10
RAIL,92.2,1.29,0.08,0.69,4,3
RAIL,92.8,0.79,0.19,0.7,12,10
RAIL,92.6,0.04,0.24,0.15,6,5
RAIL,93.4,1.04,0.33,0.93,9,8
RAIL,92.8,0.23,0.99,0.49,4,3
RAIL,92.6,1.81,1.28,0.13,1,1
RAIL,93.3,0.1,0.43,0.7,5,5
RAIL,92.9,0.1,0.28,0.2,4,3
RAIL,92.7,0.87,0.7,0.21,1,1
RAIL,94.3,0.06,0.07,0.61,3,3
RAIL,92.8,1.75,0.13,0.32,1,1
RAIL,93.0,2.97,0.97,0.68,1,1
RAIL,93.3,0.08,0.05,0.73,3,3
RAIL,94.2,1.11,1.12,0.0,3,2
RAIL,94.0,2.26,0.03,0.4,1,1
RAIL,94.1,0.04,0.42,0.0,1,1
NEAR,77.9,1.08,0.23,2.88,90,16
NEAR,78.3,4.19,0.95,2.78,23,16
NEAR,78.0,0.11,0.21,2.9,56,15
NEAR,77.7,2.44,0.23,1.26,9,7
NEAR,77.5,0.1,0.12,1.83,18,10
NEAR,77.7,10.29,1.34,2.91,6,5
NEAR,78.1,3.27,0.23,2.87,23,12
NEAR,78.0,0.11,0.09,2.54,66,10
NEAR,77.9,0.33,0.19,2.81,13,8
NEAR,78.7,1.18,0.68,2.97,11,8
NEAR,77.6,1.62,0.09,1.42,9,7
NEAR,77.3,1.77,1.05,1.03,2,2
NEAR,78.1,0.66,0.21,1.38,9,5
NEAR,77.9,0.84,0.09,2.91,3,1
NEAR,77.6,0.33,0.75,2.58,3,3
NEAR,77.6,1.04,0.03,0.88,1,1
NEAR,78.4,1.14,0.24,1.2,4,4
NEAR,77.8,0.83,0.25,0.34,1,1
NEAR,77.9,0.8,1.25,1.02,1,1
NEAR,78.7,0.24,0.28,0.64,2,2
NEAR,78.4,3.17,1.04,0.46,1,1
NEAR,78.7,0.05,0.15,2.79,1,1
NEAR,78.9,1.17,1.4,2.13,1,1
NEAR,79.2,0.25,0.07,1.57,2,2
NEAR,79.4,1.47,1.13,0.43,2,2
NEAR,79.4,0.04,0.08,0.93,1,1
INSIDE,60.2,3.62,5.36,2.94,23,12
INSIDE,59.2,2.12,5.49,0.59,18,11
INSIDE,60.1,0.17,2.25,0.01,6,3
INSIDE,60.8,1.7,0.21,1.89,13,1
INSIDE,60.1,5.17,1.98,2.91,11,6
INSIDE,59.6,1.14,0.37,0.73,5,5
INSIDE,60.2,2.26,0.93,0.81,4,4
INSIDE,60.3,1.37,2.93,2.94,7,5
INSIDE,59.1,0.23,3.95,0.0,1,1
INSIDE,59.5,4.42,0.98,3.03,2,2
INSIDE,60.3,0.52,0.68,2.79,4,2
INSIDE,59.2,0.46,4.53,0.02,1,1
INSIDE,60.2,1.29,2.58,0.77,3,3
INSIDE,60.1,10.21,5.6,2.88,2,2
INSIDE,59.7,0.33,0.17,1.96,5,2
INSIDE,59.9,0.24,5.55,0.2,2,2
INSIDE,60.5,0.71,2.71,2.79,4,3
INSIDE,59.6,0.39,0.07,1.86,1,1
INSIDE,59.7,2.32,1.88,0.12,1,1
INSIDE,59.7,0.16,0.05,1.71,1,1
INSIDE,59.8,1.26,3.26,0.02,1,1
INSIDE,60.5,1.69,0.97,2.71,2,2
INSIDE,59.9,0.37,1.39,0.61,1,1
INSIDE,60.7,0.3,0.59,2.83,3,3
INSIDE,60.8,3.09,0.26,2.14,2,1
INSIDE,60.5,0.08,4.67,0.0,2,2
INSIDE,60.8,0.72,5.41,0.38,3,3
INSIDE,61.4,0.12,1.16,0.0,3,2
INSIDE,61.0,0.67,0.21,2.37,2,2
INSIDE,60.8,0.08,0.19,2.79,1,1
INSIDE,61.3,8.12,5.49,1.33,1,1
NEAR,72.0,2.33,0.22,2.62,24,11
NEAR,71.8,1.06,0.27,2.69,58,17
NEAR,71.4,1.56,0.19,2.19,9,7
NEAR,72.1,0.11,0.19,2.69,69,12
NEAR,71.8,0.1,0.08,2.26,14,7
NEAR,72.9,4.01,0.99,2.77,13,8
NEAR,71.2,0.11,0.08,2.67,28,7
NEAR,71.0,0.2,0.3,0.86,2,1
NEAR,72.4,5.17,1.06,2.79,8,5
NEAR,71.7,2.1,0.61,2.68,7,6
NEAR,72.1,1.19,0.22,0.78,3,3
NEAR,70.6,0.63,0.4,0.15,3,1
NEAR,71.1,0.74,0.7,2.78,5,4
NEAR,70.6,13.53,0.25,2.46,1,1
NEAR,72.0,0.27,0.43,2.71,10,5
NEAR,70.8,0.11,0.17,0.4,2,2
NEAR,70.9,0.44,0.16,1.02,1,1
NEAR,72.4,0.26,0.15,2.54,8,3
NEAR,71.0,0.96,0.05,0.49,1,1
NEAR,71.0,7.23,1.06,0.56,1,1
NEAR,71.1,0.55,1.0,0.01,1,1
NEAR,71.6,0.5,1.23,0.82,1,1
NEAR,73.2,1.11,0.06,1.96,4,4
NEAR,72.7,2.29,1.14,0.32,2,2
NEAR,72.3,1.48,0.56,0.83,3,3
NEAR,72.8,1.4,0.99,0.16,4,2
NEAR,72.6,1.03,0.1,2.38,2,2
NEAR,72.4,4.33,0.54,2.48,1,1
NEAR,72.6,2.33,0.2,0.75,1,1
NEAR,72.7,0.97,0.51,0.03,1,1
NEAR,73.2,0.27,0.06,2.1,3,3
NEAR,73.0,0.11,0.89,0.0,1,1
RAIL,66.3,1.4,0.7,0.92,6,6
RAIL,65.6,0.82,0.41,0.0,5,2
RAIL,66.4,0.44,0.18,0.72,7,5
RAIL,64.9,0.18,0.05,1.01,1,1
RAIL,65.8,3.04,0.11,0.36,2,2
RAIL,65.5,1.25,0.24,0.27,2,1
RAIL,65.2,0.39,0.42,0.0,2,1
RAIL,66.8,0.48,0.46,0.54,4,4
RAIL,65.7,0.29,0.49,1.03,1,1
RAIL,67.1,0.13,0.22,0.59,3,3
RAIL,66.1,0.16,0.19,0.9,3,3
RAIL,66.0,2.02,0.41,0.73,1,1
RAIL,66.4,0.09,0.11,0.46,1,1
RAIL,67.2,0.13,0.16,0.21,1,1
RAIL,67.5,0.03,0.12,0.88,1,1
RAIL,71.9,0.3,0.42,0.86,14,7
RAIL,71.7,0.13,0.17,0.29,7,6
RAIL,72.5,1.23,0.4,0.88,9,7
RAIL,71.2,0.83,0.42,0.0,7,4
RAIL,72.0,1.88,0.21,0.73,2,2
RAIL,71.7,0.28,0.24,0.79,6,5
RAIL,71.8,0.11,0.08,0.8,4,3
RAIL,73.1,0.5,0.3,0.3,5,4
RAIL,72.4,0.28,0.11,0.79,2,2
RAIL,72.2,0.1,0.2,0.79,5,1
RAIL,72.1,0.65,0.15,0.7,3,3
RAIL,72.7,0.64,0.93,0.28,2,1
RAIL,62.3,2.08,0.36,0.7,3,3
RAIL,61.7,0.92,0.95,0.36,1,1
RAIL,63.8,0.2,0.17,0.7,7,4
RAIL,62.5,0.77,0.36,0.97,3,3
RAIL,63.0,0.1,0.15,0.25,5,3
RAIL,63.0,0.11,0.14,0.56,2,1
RAIL,62.3,0.97,0.4,0.21,1,1
RAIL,62.7,4.36,0.12,0.79,1,1
RAIL,62.9,0.08,0.04,0.56,1,1
RAIL,63.4,1.41,0.14,0.91,1,1
RAIL,64.3,1.43,0.86,0.92,2,2
RAIL,64.3,0.21,0.05,0.58,1,1
RAIL,55.8,0.51,0.42,0.97,2,1
RAIL,57.6,0.11,0.19,0.79,3,3
RAIL,57.3,0.45,0.2,0.63,7,6
RAIL,57.7,0.14,0.13,0.52,3,2
RAIL,56.5,1.32,0.7,0.89,2,2
RAIL,56.3,0.06,0.06,0.88,1,1
RAIL,57.3,1.26,0.17,0.96,2,2
RAIL,58.0,0.14,0.15,0.91,2,1
RAIL,57.9,1.14,0.05,0.59,1,1
NEAR,44.4,0.47,0.87,0.85,17,13
NEAR,44.6,0.36,0.27,0.77,28,16
NEAR,45.0,0.35,0.04,1.42,55,15
NEAR,44.7,0.55,0.18,1.92,151,25
NEAR,44.7,1.07,1.25,0.08,26,13
NEAR,44.9,0.58,1.06,0.04,14,8
NEAR,44.5,1.44,0.18,1.88,48,18
NEAR,44.5,0.11,0.26,1.25,8,5
NEAR,45.0,1.48,0.46,1.56,22,16
NEAR,45.0,0.85,0.05,1.59,57,13
NEAR,44.4,0.15,1.0,0.01,5,5
NEAR,44.4,1.21,1.27,0.38,4,3
NEAR,44.8,0.78,0.57,2.95,10,8
NEAR,44.7,0.55,0.56,2.91,13,10
NEAR,44.5,10.16,1.08,2.18,6,6
NEAR,43.7,0.85,1.41,2.9,1,1
NEAR,45.4,4.13,0.94,2.19,13,6
NEAR,44.8,0.17,0.16,2.3,25,8
NEAR,43.7,0.23,0.89,0.89,1,1
NEAR,45.3,0.82,0.09,1.4,8,4
NEAR,43.8,4.86,0.28,2.21,1,1
NEAR,44.5,0.86,0.43,0.34,6,6
NEAR,44.2,0.31,0.75,0.27,3,1
NEAR,43.9,3.91,1.25,0.38,2,1
NEAR,44.5,0.66,0.15,0.55,2,2
NEAR,44.2,0.08,0.11,1.02,2,1
NEAR,45.0,0.05,0.17,2.45,2,2
NEAR,45.0,0.3,0.47,1.93,6,4
NEAR,44.6,1.6,0.95,0.96,3,3
NEAR,44.5,0.37,0.09,1.45,1,1
NEAR,44.6,0.08,0.24,0.29,1,1
NEAR,45.7,0.24,0.27,3.81,3,3
NEAR,45.2,0.1,0.06,1.84,2,1
NEAR,45.3,0.07,0.1,0.37,2,1
NEAR,45.6,0.41,0.12,0.44,1,1
NEAR,45.7,0.92,1.09,0.05,1,1
NEAR,45.8,0.68,0.03,0.84,2,2
NEAR,46.4,0.07,0.85,0.01,1,1
OUTSIDE,20.3,0.68,0.05,1.98,7,4
OUTSIDE,19.6,6.34,0.08,2.35,1,1
OUTSIDE,19.6,0.11,0.19,0.14,1,1
OUTSIDE,19.7,8.02,1.67,2.58,1,1
OUTSIDE,20.6,0.94,0.05,1.66,10,2
OUTSIDE,21.1,0.77,0.19,1.59,19,6
OUTSIDE,21.4,1.82,0.06,1.68,4,2
OUTSIDE,19.7,0.09,1.18,0.02,1,1
OUTSIDE,20.8,0.55,0.11,0.7,6,4
OUTSIDE,20.5,6.56,0.24,2.29,3,2
OUTSIDE,21.1,2.38,0.2,2.12,14,3
OUTSIDE,20.8,0.06,0.18,1.48,2,1
OUTSIDE,20.9,1.08,1.77,0.65,2,2
OUTSIDE,20.8,0.1,0.32,0.35,1,1
OUTSIDE,20.8,3.54,2.3,0.34,1,1
OUTSIDE,21.1,0.19,0.11,0.56,1,1
OUTSIDE,21.7,1.7,0.53,1.36,2,2
OUTSIDE,21.5,0.75,0.53,2.67,1,1
OUTSIDE,22.1,0.13,1.47,0.18,1,1
OUTSIDE,22.2,0.25,0.29,0.12,1,1
ABOVE,17.6,0.03,0.05,1.02,20,2
ABOVE,18.3,0.54,1.22,1.06,11,2
ABOVE,18.0,0.54,0.18,1.19,6,1
ABOVE,17.4,0.29,0.46,0.8,11,3
ABOVE,18.2,3.06,0.43,1.0,20,3
ABOVE,17.6,6.39,1.16,1.4,4,2
ABOVE,17.8,5.03,0.08,1.35,7,1
ABOVE,17.4,0.24,0.11,1.33,2,1
ABOVE,17.3,0.05,0.22,1.1,3,1
ABOVE,18.0,0.52,0.04,1.11,2,1
ABOVE,17.3,0.88,1.02,0.5,1,1
ABOVE,17.3,0.07,0.25,1.19,1,1
ABOVE,18.2,3.51,0.03,0.93,4,1
ABOVE,18.4,0.22,1.02,0.32,2,2
ABOVE,17.6,1.34,0.48,0.75,1,1
ABOVE,18.2,7.14,0.54,1.33,4,1
ABOVE,18.6,1.88,0.01,0.48,2,1
ABOVE,19.3,0.99,0.08,0.42,2,1
ABOVE,19.2,0.26,0.05,0.3,1,1
ABOVE,15.6,1.73,0.31,1.0,11,1
ABOVE,15.6,0.4,0.42,1.15,18,1
ABOVE,14.1,0.46,0.35,0.34,1,1
ABOVE,14.6,2.66,0.05,0.71,15,1
ABOVE,14.6,1.4,0.52,0.41,8,2
ABOVE,15.1,7.71,0.93,1.35,3,2
ABOVE,14.6,2.05,0.01,0.52,1,1
ABOVE,15.5,2.11,1.58,0.77,2,2
ABOVE,16.4,0.13,0.51,0.55,3,1
ABOVE,15.0,0.07,0.11,0.4,1,1
ABOVE,15.0,0.09,1.07,0.41,1,1
ABOVE,15.8,0.31,0.07,0.36,2,1
ABOVE,15.5,0.02,0.04,1.15,1,1
ABOVE,16.0,0.22,1.43,0.3,2,2
ABOVE,16.1,5.02,0.09,1.35,6,1
ABOVE,15.8,0.52,1.18,0.58,3,2
ABOVE,16.2,3.91,0.42,1.15,2,1
ABOVE,16.2,0.56,1.59,0.94,2,2
NEAR,179.3,0.12,0.39,2.07,1,1
NEAR,180.2,0.07,0.35,1.02,2,1
NEAR,181.0,0.25,0.75,0.79,1,1
NEAR,181.5,3.66,0.62,2.18,1,1
NEAR,177.1,0.39,0.66,1.23,2,1
NEAR,177.7,0.09,0.44,2.56,2,2
NEAR,178.3,0.12,0.43,0.73,1,1
OUTSIDE,172.8,2.91,0.9,0.31,3,2
OUTSIDE,172.5,2.0,0.53,0.79,82,4
OUTSIDE,174.0,3.89,0.36,0.04,3,2
OUTSIDE,173.4,6.28,0.52,1.15,2,2
OUTSIDE,173.0,3.45,1.25,2.17,2,2
OUTSIDE,173.8,0.24,1.08,2.01,2,1
OUTSIDE,174.5,0.13,0.36,1.34,4,3
OUTSIDE,174.6,6.08,2.37,2.29,4,2
OUTSIDE,174.6,1.38,0.6,1.94,2,1
OUTSIDE,174.7,0.39,0.19,1.46,3,2
OUTSIDE,174.3,0.09,0.42,2.64,2,1
OUTSIDE,174.3,6.19,0.45,0.38,1,1
OUTSIDE,174.6,0.05,0.38,0.35,1,1
OUTSIDE,175.3,1.57,0.82,0.38,1,1
NEAR,171.0,0.13,0.49,1.16,3,3
NEAR,171.7,0.03,0.11,0.7,1,1
NEAR,75.2,0.12,0.12,2.64,115,15
NEAR,74.8,0.1,0.33,3.39,9,4
NEAR,75.0,0.08,0.16,0.3,2,1
NEAR,75.4,1.08,0.24,2.8,69,19
NEAR,74.3,0.41,0.17,2.67,12,5
NEAR,74.3,4.27,0.81,2.85,21,11
NEAR,74.7,0.12,0.15,0.82,7,5
NEAR,75.5,0.37,0.61,2.8,7,4
NEAR,73.9,0.02,0.07,1.48,1,1
NEAR,75.9,0.23,0.06,1.95,3,3
NEAR,74.2,8.86,1.42,2.74,3,2
NEAR,75.4,1.36,0.4,0.95,9,7
NEAR,75.1,0.27,0.14,0.78,3,2
NEAR,75.2,1.11,0.14,1.48,4,2
NEAR,74.8,1.3,0.74,2.86,7,5
NEAR,75.2,3.85,1.29,2.81,6,5
NEAR,75.4,0.07,0.06,2.69,5,5
NEAR,74.3,1.05,0.39,0.03,1,1
NEAR,74.3,0.97,0.8,0.2,1,1
NEAR,74.7,4.72,0.21,2.97,3,2
NEAR,76.0,0.94,0.1,2.82,5,4
NEAR,75.3,3.23,0.15,1.03,6,4
NEAR,74.8,0.29,0.99,1.02,1,1
NEAR,75.4,1.17,0.05,1.22,5,4
NEAR,75.4,0.15,0.41,0.49,1,1
NEAR,76.2,6.06,1.39,4.09,1,1
NEAR,76.3,0.07,0.15,1.36,1,1
NEAR,168.9,0.12,0.58,1.12,4,3
NEAR,168.4,0.11,0.11,0.69,1,1
NEAR,169.1,3.25,0.23,0.67,1,1
OUTSIDE,165.4,1.96,0.35,0.71,4,4
OUTSIDE,165.1,2.76,0.61,1.87,5,1
OUTSIDE,164.0,0.01,0.35,0.33,1,1
OUTSIDE,165.5,0.11,0.43,1.64,2,2
OUTSIDE,164.8,4.08,0.52,0.05,1,1
OUTSIDE,164.9,6.74,0.78,0.83,1,1
OUTSIDE,165.5,0.54,1.37,0.77,1,1
OUTSIDE,165.5,0.39,0.87,0.32,1,1
OUTSIDE,165.6,0.05,0.46,2.88,1,1
OUTSIDE,165.6,10.45,1.98,1.2,1,1
OUTSIDE,166.1,5.08,2.49,2.52,2,1
OUTSIDE,166.4,0.96,0.3,1.85,1,1
OUTSIDE,23.8,0.61,0.21,1.75,18,11
OUTSIDE,23.0,0.19,0.41,0.22,3,3
OUTSIDE,24.2,1.61,0.05,1.85,19,8
OUTSIDE,22.6,2.53,1.58,2.51,1,1
OUTSIDE,24.1,0.67,0.15,1.6,24,8
OUTSIDE,24.7,0.72,0.04,1.53,7,4
OUTSIDE,23.5,0.56,0.28,0.19,2,2
OUTSIDE,24.5,0.06,1.05,0.01,3,3
OUTSIDE,24.0,4.89,0.07,1.98,4,2
OUTSIDE,24.1,3.83,0.28,2.3,10,4
OUTSIDE,24.9,1.88,0.2,2.0,10,6
OUTSIDE,23.4,1.72,2.27,0.14,3,3
OUTSIDE,23.5,0.17,0.47,1.71,2,2
OUTSIDE,23.5,0.76,0.93,0.26,3,3
OUTSIDE,23.5,0.22,1.28,0.04,1,1
OUTSIDE,23.6,0.1,0.04,1.02,1,1
OUTSIDE,24.0,0.23,0.05,1.63,3,2
OUTSIDE,24.3,0.93,2.0,0.07,2,2
OUTSIDE,24.4,0.82,0.17,0.56,2,2
OUTSIDE,24.3,0.31,0.13,0.97,5,3
OUTSIDE,24.3,1.21,1.51,2.19,1,1
OUTSIDE,24.9,0.26,0.27,0.55,2,2
OUTSIDE,24.9,1.33,2.4,0.74,2,2
NEAR,162.0,3.83,0.62,2.23,3,1
NEAR,160.9,13.25,1.21,1.15,1,1
NEAR,162.6,0.15,0.44,2.46,1,1
OUTSIDE,157.7,1.0,1.97,1.31,1,1
OUTSIDE,157.7,9.72,0.67,0.77,1,1
OUTSIDE,158.0,3.0,2.14,1.96,1,1
OUTSIDE,158.1,0.02,0.29,0.45,1,1
OUTSIDE,158.4,0.16,0.48,2.16,1,1
OUTSIDE,158.8,2.27,0.73,0.76,2,1
OUTSIDE,158.6,1.19,0.64,1.73,2,2
OUTSIDE,159.0,2.02,0.35,1.25,1,1
OUTSIDE,159.2,0.19,1.39,1.3,1,1
OUTSIDE,159.7,8.13,0.51,2.58,1,1
OUTSIDE,160.0,0.08,0.84,0.46,1,1
OUTSIDE,160.2,0.96,0.04,0.43,1,1
OUTSIDE,154.7,0.14,2.53,0.01,1,1
OUTSIDE,155.6,0.06,0.81,0.62,2,1
OUTSIDE,156.4,3.05,1.49,1.92,3,3
OUTSIDE,156.0,0.18,0.48,2.03,3,3
OUTSIDE,156.1,3.01,0.65,2.08,2,2
OUTSIDE,156.8,2.05,0.38,1.54,4,3
OUTSIDE,156.3,0.07,0.31,0.77,1,1
OUTSIDE,156.3,1.02,0.37,1.08,1,1
OUTSIDE,156.5,0.1,0.1,1.57,1,1
OUTSIDE,156.5,6.92,0.7,0.76,1,1
OUTSIDE,156.5,0.84,2.15,1.29,1,1
OUTSIDE,157.3,10.01,1.61,1.0,1,1
OUTSIDE,157.3,0.04,0.55,0.0,1,1
INSIDE,164.3,2.4,3.94,2.49,9,8
INSIDE,164.9,7.13,4.4,2.51,27,16
INSIDE,164.1,1.64,4.1,0.47,4,3
INSIDE,164.8,11.91,5.83,2.61,3,2
INSIDE,164.9,1.64,1.46,3.38,3,1
INSIDE,165.6,3.71,4.04,0.72,8,4
INSIDE,165.3,7.64,5.25,1.05,8,5
INSIDE,164.8,0.7,3.95,2.18,3,3
INSIDE,165.4,5.5,4.71,2.15,2,2
INSIDE,165.1,2.07,5.64,0.01,4,2
INSIDE,164.8,0.15,0.16,2.23,2,2
INSIDE,166.2,0.37,0.67,2.2,4,2
INSIDE,165.2,4.94,3.88,1.38,2,1
INSIDE,165.2,0.15,0.72,1.66,2,2
INSIDE,164.6,7.21,5.75,0.09,1,1
INSIDE,164.8,0.07,0.27,0.88,1,1
INSIDE,165.0,0.07,2.46,0.0,1,1
INSIDE,165.1,0.04,0.33,0.32,1,1
INSIDE,165.1,0.07,3.24,0.34,1,1
INSIDE,165.5,0.15,5.81,2.88,1,1
INSIDE,165.6,1.62,0.38,2.87,1,1
INSIDE,165.6,0.39,2.98,0.26,1,1
INSIDE,165.6,4.24,1.26,1.41,1,1
INSIDE,165.7,0.26,0.36,0.35,1,1
INSIDE,166.3,0.01,0.29,0.35,1,1
INSIDE,166.3,0.28,2.61,0.0,1,1
INSIDE,154.6,1.35,4.29,0.33,3,3
INSIDE,155.8,7.06,4.71,2.29,41,19
INSIDE,155.8,2.96,4.33,2.57,3,2
INSIDE,156.2,3.7,3.31,0.06,3,2
INSIDE,155.2,0.77,3.95,2.12,5,4
INSIDE,156.0,0.1,0.31,2.7,3,2
INSIDE,155.7,9.27,5.58,1.0,7,2
INSIDE,156.2,3.84,1.42,3.25,2,1
INSIDE,156.4,4.29,0.51,2.3,2,2
INSIDE,156.0,5.11,4.87,0.78,12,7
INSIDE,155.5,0.19,0.64,1.49,1,1
INSIDE,156.2,0.12,3.63,0.77,2,1
INSIDE,156.4,5.36,4.39,0.34,4,2
INSIDE,155.7,0.56,0.09,1.73,1,1
INSIDE,155.7,0.09,0.03,0.93,1,1
INSIDE,155.9,4.06,2.69,0.78,1,1
INSIDE,156.0,0.1,0.14,2.48,1,1
INSIDE,156.1,0.07,0.26,0.89,1,1
INSIDE,156.6,0.16,5.25,2.28,2,2
INSIDE,156.9,0.63,5.47,0.8,1,1
INSIDE,157.4,0.04,3.3,0.0,1,1
INSIDE,176.1,12.62,4.56,1.94,24,9
INSIDE,177.5,2.29,4.23,0.37,3,2
INSIDE,176.6,5.06,4.11,2.33,14,10
INSIDE,175.6,0.9,0.63,2.3,1,1
INSIDE,176.9,0.07,0.14,2.92,2,1
INSIDE,175.9,6.12,4.03,0.03,2,1
INSIDE,177.1,0.11,3.04,0.55,2,2
INSIDE,176.3,1.07,0.44,1.14,1,1
INSIDE,176.5,1.67,3.05,0.87,1,1
INSIDE,177.2,8.08,5.8,0.8,3,3
INSIDE,177.2,2.32,5.65,2.31,3,2
INSIDE,176.7,0.59,4.04,2.96,1,1
INSIDE,176.8,0.03,2.75,2.31,1,1
INSIDE,176.8,0.09,2.8,0.36,1,1
INSIDE,177.6,0.18,0.34,1.98,4,2
INSIDE,177.0,7.52,5.33,0.09,1,1
INSIDE,177.2,6.95,2.48,0.07,1,1
INSIDE,177.2,0.11,0.41,0.71,1,1
INSIDE,177.7,0.32,0.78,2.32,1,1
NEAR,49.6,0.37,0.45,0.52,3,3
NEAR,50.6,0.42,0.19,2.43,35,15
NEAR,49.7,0.51,0.33,0.84,6,6
NEAR,49.6,0.99,1.23,0.07,1,1
NEAR,49.7,0.45,0.86,0.03,7,6
NEAR,50.7,0.82,0.08,1.64,21,12
NEAR,49.6,0.34,0.95,1.02,5,4
NEAR,51.0,3.46,0.68,2.25,5,4
NEAR,50.2,0.18,0.17,2.46,20,9
NEAR,50.8,1.03,0.51,2.81,21,15
NEAR,50.0,0.42,0.04,1.54,8,7
NEAR,49.8,0.27,0.4,0.93,4,4
NEAR,49.8,0.22,1.27,0.01,6,5
NEAR,49.7,0.46,0.6,0.27,1,1
NEAR,49.8,0.49,1.39,0.46,1,1
NEAR,49.9,0.04,0.17,1.33,1,1
NEAR,51.1,0.14,0.26,1.58,4,3
NEAR,51.2,0.12,0.3,4.04,4,2
NEAR,50.6,0.17,0.04,1.19,4,3
NEAR,50.7,0.05,0.07,1.02,2,2
NEAR,50.2,1.06,0.82,0.2,1,1
NEAR,51.2,1.72,0.16,2.37,36,11
NEAR,51.6,3.63,0.23,2.44,7,6
NEAR,50.6,0.33,0.65,2.88,9,4
NEAR,51.4,2.09,1.21,3.04,4,4
NEAR,51.1,1.57,0.33,4.7,9,3
NEAR,51.5,1.69,0.06,1.95,10,6
NEAR,51.3,2.04,0.52,2.58,2,2
NEAR,51.8,0.11,0.11,1.95,1,1
INSIDE,167.8,6.65,4.42,2.27,27,13
INSIDE,166.6,1.7,0.01,0.02,1,1
INSIDE,167.7,2.5,3.79,2.21,8,7
INSIDE,167.1,0.24,3.61,0.32,2,1
INSIDE,167.2,7.99,4.3,1.06,10,4
INSIDE,167.7,1.98,5.53,0.01,3,2
INSIDE,166.9,0.16,5.94,2.53,1,1
INSIDE,167.5,1.5,4.24,0.94,4,4
INSIDE,167.0,0.09,3.74,0.26,1,1
INSIDE,167.1,1.15,1.28,1.46,1,1
INSIDE,167.2,4.07,2.59,0.83,1,1
INSIDE,167.9,0.14,0.3,2.35,2,2
INSIDE,167.4,0.07,3.21,0.0,1,1
INSIDE,168.1,1.15,4.02,3.27,2,1
INSIDE,167.6,0.04,1.17,0.0,1,1
INSIDE,167.8,0.19,2.53,1.55,1,1
INSIDE,167.8,0.49,4.14,2.98,1,1
INSIDE,168.0,0.22,0.37,2.21,3,1
INSIDE,168.0,0.45,3.5,0.48,1,1
INSIDE,168.2,1.69,1.21,3.1,2,1
INSIDE,168.7,0.21,2.65,0.0,1,1
INSIDE,168.9,0.05,0.1,0.9,1,1
INSIDE,169.2,0.04,3.02,0.31,1,1
INSIDE,161.8,0.06,3.33,0.0,6,3
INSIDE,161.8,9.22,5.18,2.75,29,13
INSIDE,161.6,4.3,4.12,1.36,20,12
INSIDE,160.6,0.06,4.74,2.19,1,1
INSIDE,162.1,2.45,3.98,0.34,6,5
INSIDE,161.1,3.91,4.08,3.52,5,5
INSIDE,160.7,0.3,5.05,0.0,1,1
INSIDE,160.7,0.07,0.28,0.44,1,1
INSIDE,160.7,0.04,0.14,1.73,1,1
INSIDE,161.1,0.68,4.86,2.14,2,2
INSIDE,161.1,1.61,1.09,3.06,2,1
INSIDE,161.9,0.2,5.94,2.58,2,1
INSIDE,162.2,9.39,4.45,1.03,13,7
INSIDE,161.2,3.73,2.03,0.32,1,1
INSIDE,162.7,1.99,4.16,0.02,5,2
INSIDE,161.4,5.87,1.79,2.92,1,1
INSIDE,161.8,0.67,3.1,0.01,1,1
INSIDE,162.2,0.08,0.1,0.66,1,1
INSIDE,162.4,1.96,4.56,2.48,4,4
INSIDE,162.4,9.72,3.23,0.14,1,1
INSIDE,162.5,1.43,4.61,0.8,1,1
INSIDE,162.6,0.09,4.05,0.66,1,1
INSIDE,162.8,4.39,4.52,0.04,2,2
INSIDE,163.4,0.03,0.35,0.33,1,1
INSIDE,163.5,0.12,0.21,1.38,1,1
INSIDE,153.0,7.44,4.6,2.18,25,18
INSIDE,152.2,0.09,3.85,0.0,2,2
INSIDE,153.4,2.8,4.15,2.31,7,7
INSIDE,152.9,4.25,4.03,0.07,3,2
INSIDE,153.3,2.46,4.64,0.01,4,2
INSIDE,153.4,0.79,4.07,0.72,4,2
INSIDE,153.4,0.07,0.33,2.42,3,1
INSIDE,153.1,0.15,4.87,2.5,4,2
INSIDE,152.0,0.57,4.93,3.63,1,1
INSIDE,152.6,2.35,3.79,0.98,9,7
INSIDE,152.3,1.34,4.3,0.32,1,1
INSIDE,153.7,9.3,5.85,0.97,4,2
INSIDE,152.7,0.16,3.77,0.92,1,1
INSIDE,152.7,3.84,1.45,3.4,1,1
INSIDE,153.2,0.1,0.15,2.5,2,1
INSIDE,153.3,4.6,4.01,2.26,5,5
INSIDE,153.7,1.66,0.81,3.03,1,1
INSIDE,154.1,4.0,3.61,0.34,2,2
INSIDE,154.4,0.24,3.57,0.32,1,1
INSIDE,149.2,0.14,3.65,0.35,2,1
INSIDE,150.1,8.6,4.59,2.26,27,19
INSIDE,149.8,4.17,4.39,2.37,14,8
INSIDE,149.9,5.12,4.06,0.76,18,8
INSIDE,149.0,0.1,0.3,2.3,2,1
INSIDE,150.3,4.28,3.72,2.0,2,2
INSIDE,150.7,1.95,3.75,0.68,6,2
INSIDE,149.2,4.83,0.13,1.63,1,1
INSIDE,149.9,1.59,4.47,0.31,3,1
INSIDE,149.4,1.66,0.4,2.95,1,1
INSIDE,149.8,0.05,0.1,0.92,1,1
INSIDE,149.8,0.07,3.92,0.0,1,1
INSIDE,150.8,1.43,4.42,3.24,4,4
INSIDE,150.8,0.14,3.42,1.03,1,1
INSIDE,151.3,0.09,0.09,3.17,1,1
INSIDE,151.3,0.03,3.17,0.0,1,1
INSIDE,151.3,0.06,3.22,0.38,1,1
INSIDE,147.2,4.62,4.41,0.77,24,13
INSIDE,146.9,11.31,4.94,2.27,12,9
INSIDE,145.6,2.38,2.32,0.18,1,1
INSIDE,147.2,4.98,4.24,2.25,15,10
INSIDE,146.4,2.68,4.14,2.08,4,4
INSIDE,146.8,12.94,4.36,0.95,2,2
INSIDE,146.2,4.59,0.52,2.23,3,2
INSIDE,147.0,0.1,0.32,2.35,3,1
INSIDE,146.1,1.59,4.34,0.01,1,1
INSIDE,146.1,0.31,3.4,0.32,1,1
INSIDE,146.6,0.04,0.26,0.42,1,1
INSIDE,147.2,2.05,3.73,0.72,2,2
INSIDE,147.3,0.09,0.12,2.69,2,2
INSIDE,147.1,1.03,0.27,2.87,1,1
INSIDE,148.3,0.08,3.88,0.0,1,1
INSIDE,173.8,0.23,0.44,2.26,4,2
INSIDE,174.6,7.37,4.25,2.31,19,10
INSIDE,173.9,14.43,4.55,1.88,13,3
INSIDE,172.8,0.07,3.62,0.0,2,2
INSIDE,173.1,3.96,1.21,1.31,2,2
INSIDE,173.4,4.88,3.96,0.34,6,3
INSIDE,174.1,1.65,1.4,3.24,2,1
INSIDE,173.4,2.84,4.04,2.1,10,7
INSIDE,173.4,1.14,4.08,1.25,4,3
INSIDE,173.3,0.63,4.16,0.35,1,1
INSIDE,173.5,0.97,0.21,2.2,1,1
INSIDE,173.8,0.01,0.3,0.0,1,1
INSIDE,173.8,0.46,2.73,1.15,1,1
INSIDE,173.8,13.65,2.34,0.37,1,1
INSIDE,174.0,0.27,3.85,0.34,1,1
INSIDE,174.1,0.08,3.43,0.85,1,1
INSIDE,174.4,13.56,2.44,1.2,1,1
INSIDE,174.6,4.88,0.35,1.48,1,1
INSIDE,175.1,1.39,4.04,2.88,2,2
INSIDE,175.3,8.08,5.81,0.84,1,1
INSIDE,175.4,0.04,0.07,0.35,1,1
INSIDE,175.4,0.35,3.67,0.0,1,1
INSIDE,175.5,0.26,0.61,0.81,1,1
INSIDE,175.5,0.02,1.23,0.0,1,1
INSIDE,138.2,7.34,4.2,2.41,25,15
INSIDE,138.6,1.98,4.12,0.01,4,3
INSIDE,138.6,5.65,3.96,1.21,11,6
INSIDE,137.9,0.12,2.79,0.26,2,1
INSIDE,137.7,0.09,0.17,2.84,4,2
INSIDE,136.8,0.7,3.59,0.56,2,2
INSIDE,137.4,0.06,0.32,0.32,2,1
INSIDE,138.1,1.31,3.71,1.84,2,2
INSIDE,137.5,3.02,4.21,1.93,8,7
INSIDE,138.1,5.92,0.41,1.91,2,2
INSIDE,137.4,2.82,4.38,3.97,1,1
INSIDE,137.4,0.1,3.46,0.0,1,1
INSIDE,138.4,0.1,4.0,0.83,2,1
INSIDE,138.0,1.64,0.74,2.83,2,1
INSIDE,138.7,2.04,3.6,0.63,2,1
INSIDE,138.2,0.43,5.79,0.0,1,1
INSIDE,138.4,13.0,0.37,2.96,1,1
INSIDE,138.6,6.28,4.18,0.57,1,1
INSIDE,139.2,0.64,0.32,1.82,1,1
INSIDE,139.3,0.53,3.2,0.26,1,1
NEAR,21.4,0.59,0.59,2.61,7,5
NEAR,21.2,0.97,0.21,1.71,4,1
NEAR,21.6,5.96,1.21,3.08,4,1
NEAR,20.6,1.6,0.22,1.57,3,2
NEAR,20.9,0.47,0.12,0.67,2,2
NEAR,20.9,6.63,0.47,3.15,2,2
NEAR,21.9,1.04,0.06,1.59,7,4
NEAR,22.0,2.18,0.79,3.08,3,3
NEAR,20.5,3.89,0.12,2.0,1,1
NEAR,20.5,0.16,0.5,0.19,1,1
NEAR,21.2,0.28,0.21,1.77,1,1
NEAR,21.4,0.97,0.96,0.28,1,1
NEAR,21.8,0.44,0.42,0.66,2,2
NEAR,21.8,0.25,0.04,1.42,1,1
NEAR,22.1,0.09,1.07,0.01,1,1
NEAR,22.2,0.98,0.48,0.83,1,1
NEAR,24.0,0.76,0.05,1.62,34,9
NEAR,22.8,0.28,0.11,0.58,6,5
NEAR,22.9,0.32,1.1,0.03,2,2
NEAR,23.0,0.66,0.14,0.61,7,5
NEAR,22.8,0.06,0.17,0.17,2,2
NEAR,24.6,1.87,0.36,2.12,22,11
NEAR,24.4,0.97,0.18,1.57,8,6
NEAR,23.6,0.55,0.55,2.83,13,7
NEAR,22.8,0.48,1.16,0.06,1,1
NEAR,23.2,6.73,0.43,3.15,3,3
NEAR,23.8,0.97,1.19,0.26,2,1
NEAR,23.2,0.47,0.32,0.2,5,3
NEAR,24.1,2.12,0.9,3.03,13,5
NEAR,23.3,0.97,0.06,0.56,1,1
NEAR,24.4,3.85,0.23,2.13,3,3
NEAR,25.0,0.28,0.04,1.44,3,2
NEAR,23.8,0.14,0.59,0.23,1,1
NEAR,23.8,0.31,0.79,0.18,1,1
NEAR,24.2,0.71,0.42,1.06,2,2
NEAR,24.4,1.24,1.45,0.61,1,1
NEAR,25.0,0.27,0.55,2.81,2,2
NEAR,24.7,6.44,1.32,2.9,1,1
NEAR,25.0,0.06,0.25,0.32,1,1
ABOVE,63.4,0.9,0.3,1.01,1,1
OUTSIDE,62.2,1.76,1.14,1.81,12,5
OUTSIDE,63.8,0.69,0.18,2.33,5,3
OUTSIDE,61.6,0.08,0.31,0.18,1,1
OUTSIDE,63.5,1.09,0.27,2.2,5,5
OUTSIDE,64.0,0.34,0.35,0.93,3,3
OUTSIDE,63.1,0.13,0.18,2.4,5,3
OUTSIDE,62.7,5.62,1.02,1.86,8,5
OUTSIDE,62.4,0.06,0.08,1.06,3,2
OUTSIDE,61.9,0.35,0.53,1.91,3,3
OUTSIDE,61.9,1.17,1.84,0.02,1,1
OUTSIDE,62.9,2.78,0.34,2.48,4,2
OUTSIDE,62.3,0.31,0.07,0.94,1,1
OUTSIDE,63.2,0.07,0.77,0.0,2,2
OUTSIDE,62.6,3.34,0.34,1.24,2,2
OUTSIDE,62.5,0.98,0.71,0.21,1,1
OUTSIDE,63.3,2.02,0.49,0.15,2,1
OUTSIDE,63.4,1.61,0.19,0.66,1,1
OUTSIDE,63.5,3.11,0.09,0.68,1,1
OUTSIDE,63.6,0.72,0.32,0.36,1,1
OUTSIDE,63.7,1.63,0.44,0.88,1,1
OUTSIDE,63.7,0.09,1.14,0.0,1,1
OUTSIDE,63.8,4.64,2.34,2.4,1,1
OUTSIDE,64.0,9.38,0.33,2.52,2,2
OUTSIDE,63.9,1.19,0.92,2.95,1,1
INSIDE,56.7,3.89,2.09,1.08,2,2
INSIDE,57.3,1.09,0.22,1.98,11,4
INSIDE,57.4,1.6,1.39,2.85,5,5
INSIDE,57.1,0.74,5.06,0.71,4,4
INSIDE,56.6,0.51,0.28,2.29,4,4
INSIDE,56.2,2.34,0.64,2.57,5,5
INSIDE,55.9,0.55,1.75,0.03,1,1
INSIDE,57.5,4.15,3.52,2.67,10,7
INSIDE,56.9,2.22,1.67,0.15,2,2
INSIDE,56.2,3.34,0.38,2.07,1,1
INSIDE,56.5,2.1,5.74,3.19,3,2
INSIDE,57.7,0.58,0.67,2.68,5,3
INSIDE,57.0,6.6,5.69,2.75,4,4
INSIDE,56.9,2.72,5.89,3.17,3,1
INSIDE,57.5,0.17,0.15,2.38,2,2
INSIDE,56.8,1.03,0.29,0.2,1,1
INSIDE,57.1,0.1,3.92,0.0,4,3
INSIDE,58.0,1.97,5.91,0.85,3,3
INSIDE,56.9,0.87,1.81,1.15,1,1
INSIDE,56.9,0.04,0.43,0.0,1,1
INSIDE,57.1,0.63,2.72,2.68,3,3
INSIDE,57.2,0.18,1.42,0.9,1,1
INSIDE,57.8,7.12,1.51,3.34,4,3
INSIDE,57.6,2.44,5.59,0.5,1,1
INSIDE,58.0,0.15,0.61,2.08,1,1
INSIDE,58.0,13.46,5.78,2.88,2,2
INSIDE,58.1,0.18,2.42,0.01,1,1
INSIDE,58.4,1.04,1.03,0.37,1,1
RAIL,60.1,0.53,0.22,0.8,7,5
RAIL,61.0,1.4,0.49,0.84,5,4
RAIL,59.9,0.18,0.14,0.54,6,4
RAIL,59.8,0.21,0.43,0.93,2,2
RAIL,59.0,0.97,0.37,0.24,1,1
RAIL,59.4,0.08,0.15,0.26,1,1
RAIL,59.5,0.26,0.24,0.53,1,1
RAIL,59.5,0.02,0.05,1.05,1,1
RAIL,59.8,1.03,0.56,0.0,1,1
RAIL,60.1,0.04,0.15,1.06,2,1
RAIL,60.1,0.24,0.15,0.21,1,1
RAIL,60.1,1.81,0.14,0.95,1,1
RAIL,60.9,0.45,1.39,0.0,1,1
INSIDE,53.1,4.21,1.26,3.06,7,5
INSIDE,52.8,9.47,5.88,2.43,3,3
INSIDE,53.8,0.73,3.96,1.17,4,4
INSIDE,52.7,1.11,0.18,0.57,2,2
INSIDE,52.9,1.42,5.65,0.53,3,3
INSIDE,52.7,0.78,0.91,3.0,3,3
INSIDE,53.5,2.22,4.97,0.75,3,2
INSIDE,53.7,0.67,5.44,0.56,5,4
INSIDE,53.2,2.74,2.3,3.02,5,3
INSIDE,53.2,0.16,0.25,2.2,3,2
INSIDE,53.4,1.3,0.88,0.52,2,2
INSIDE,54.8,7.69,2.4,3.04,6,4
INSIDE,53.6,2.66,5.85,2.06,3,3
INSIDE,53.6,0.32,5.47,0.37,1,1
INSIDE,53.7,1.1,2.78,3.53,1,1
INSIDE,53.7,12.43,2.2,1.94,1,1
INSIDE,53.8,0.04,1.85,0.0,1,1
INSIDE,54.0,1.93,0.17,1.93,1,1
INSIDE,54.8,9.64,0.69,2.72,2,2
INSIDE,54.1,0.33,0.14,2.04,1,1
INSIDE,54.2,0.08,4.32,0.0,1,1
INSIDE,54.3,1.31,2.22,0.02,1,1
INSIDE,54.7,2.91,2.14,0.15,1,1
INSIDE,55.1,1.3,1.85,0.22,1,1
ABOVE,114.6,1.34,0.84,0.49,3,2
ABOVE,115.1,0.02,0.32,1.04,3,1
ABOVE,115.2,0.74,0.95,0.78,2,2
INSIDE,24.1,0.86,0.7,2.79,8,7
INSIDE,23.2,0.9,2.28,0.34,3,3
INSIDE,23.9,0.63,0.59,3.13,16,8
INSIDE,23.9,2.48,2.69,3.13,21,4
INSIDE,22.9,0.15,0.98,0.01,1,1
INSIDE,23.6,0.72,0.79,0.2,2,2
INSIDE,23.3,0.54,2.22,0.06,39,9
INSIDE,23.6,1.6,1.02,3.17,2,2
INSIDE,23.4,0.21,0.21,0.22,2,2
INSIDE,23.3,0.79,0.35,1.86,1,1
INSIDE,23.8,0.8,0.14,0.67,6,6
INSIDE,25.2,2.6,0.37,1.92,3,3
INSIDE,24.6,0.83,1.82,0.4,9,6
INSIDE,23.9,0.4,0.89,0.98,1,1
INSIDE,24.3,0.55,0.41,0.66,2,2
INSIDE,24.2,0.12,1.06,0.84,1,1
INSIDE,24.3,3.43,2.85,1.5,1,1
INSIDE,24.7,1.97,1.82,0.24,3,3
INSIDE,24.3,0.21,0.76,0.23,1,1
INSIDE,24.8,0.58,2.53,1.11,1,1
INSIDE,24.9,0.45,0.87,0.05,1,1
INSIDE,25.1,0.27,0.28,1.05,2,2
INSIDE,25.0,12.04,2.11,3.16,1,1
INSIDE,25.1,0.04,0.2,0.22,1,1
INSIDE,25.2,0.07,1.45,0.01,1,1
ABOVE,119.1,0.3,1.14,0.54,1,1
ABOVE,119.8,0.08,1.35,1.08,1,1
ABOVE,119.9,1.14,0.77,0.75,1,1
ABOVE,117.3,1.53,0.83,0.75,5,3
ABOVE,117.3,0.46,1.21,0.84,2,2
ABOVE,116.8,0.11,1.08,0.64,2,2
ABOVE,117.3,0.45,0.52,1.05,1,1
ABOVE,117.6,0.04,1.58,1.64,1,1
RAIL,53.5,0.59,0.41,0.76,4,3
RAIL,54.2,1.46,0.11,0.55,2,1
RAIL,54.3,0.12,0.11,0.47,5,4
RAIL,54.7,1.73,0.54,0.93,7,5
RAIL,53.6,0.81,0.03,0.17,1,1
RAIL,53.9,0.88,1.34,0.1,1,1
RAIL,53.9,0.16,0.12,0.22,1,1
RAIL,54.5,0.36,0.08,0.49,1,1
RAIL,55.3,0.5,0.58,1.01,1,1
ABOVE,99.2,0.75,1.02,1.16,2,2
ABOVE,99.2,0.1,0.27,0.93,1,1
ABOVE,99.8,0.03,1.58,1.12,2,1
OUTSIDE,54.3,0.14,0.22,2.15,5,3
OUTSIDE,53.5,0.33,0.51,1.41,3,2
OUTSIDE,52.7,2.44,0.26,2.92,1,1
OUTSIDE,53.0,2.31,0.07,1.59,2,1
OUTSIDE,53.8,0.04,1.23,0.0,3,3
OUTSIDE,54.3,1.92,1.28,1.72,3,2
OUTSIDE,53.0,0.05,0.13,2.1,1,1
OUTSIDE,53.1,5.82,0.36,2.65,2,2
OUTSIDE,53.5,0.21,0.38,0.19,1,1
OUTSIDE,54.5,1.0,0.06,2.08,2,1
OUTSIDE,53.9,1.47,0.15,0.56,1,1
OUTSIDE,53.9,0.46,0.24,2.6,1,1
OUTSIDE,54.2,0.44,0.16,0.56,1,1
OUTSIDE,54.5,0.09,0.65,0.38,1,1
OUTSIDE,55.1,1.14,0.5,0.18,3,1
OUTSIDE,55.1,0.97,0.55,0.18,1,1
OUTSIDE,55.4,1.13,0.24,1.49,1,1
INSIDE,200.4,4.28,3.74,2.22,23,5
INSIDE,199.9,1.79,3.83,1.68,2,1
INSIDE,199.7,0.04,0.05,0.42,1,1
INSIDE,200.8,1.76,0.5,1.69,7,1
INSIDE,200.0,0.5,4.06,0.78,1,1
INSIDE,200.9,12.05,4.39,2.06,8,3
INSIDE,200.5,12.7,1.76,1.99,2,1
INSIDE,200.5,8.78,2.79,0.09,1,1
INSIDE,200.8,5.42,5.67,0.07,2,2
INSIDE,200.7,2.13,4.94,0.01,3,1
INSIDE,201.1,4.54,0.34,0.05,2,1
INSIDE,201.4,0.14,0.26,1.7,1,1
INSIDE,201.7,0.36,0.4,1.3,1,1
INSIDE,202.3,0.17,2.3,1.04,1,1
INSIDE,125.5,8.15,5.4,1.04,69,22
INSIDE,126.2,8.5,4.53,2.41,61,24
INSIDE,125.2,1.14,0.26,2.73,2,1
INSIDE,124.5,0.11,0.27,3.26,1,1
INSIDE,126.0,0.1,0.13,2.93,5,2
INSIDE,125.1,4.06,0.28,2.97,3,3
INSIDE,125.5,0.61,3.12,0.33,7,3
INSIDE,124.7,0.03,0.09,2.98,1,1
INSIDE,125.5,4.83,3.82,0.99,38,11
INSIDE,125.9,9.98,1.18,2.42,5,1
INSIDE,125.4,1.86,3.71,2.29,5,3
INSIDE,125.5,0.16,3.03,0.31,6,4
INSIDE,125.0,0.04,0.24,0.2,1,1
INSIDE,125.8,1.85,3.45,1.04,2,2
INSIDE,125.3,0.32,3.88,1.16,1,1
INSIDE,125.5,0.24,3.45,0.31,2,2
INSIDE,125.7,14.97,3.69,2.2,1,1
INSIDE,126.7,5.08,0.26,1.1,2,1
INSIDE,126.0,0.15,4.49,2.43,1,1
INSIDE,127.1,2.34,1.44,2.73,4,2
INSIDE,126.6,4.87,5.7,0.08,2,2
INSIDE,127.4,1.63,2.87,0.26,1,1
INSIDE,203.8,8.01,4.39,2.31,5,3
INSIDE,204.0,2.03,4.32,0.01,5,2
INSIDE,203.9,4.63,4.25,2.29,4,4
INSIDE,203.1,4.57,4.74,0.74,2,2
INSIDE,202.9,0.01,0.35,0.0,2,2
INSIDE,203.4,2.66,4.67,1.07,3,3
INSIDE,203.3,11.58,1.76,0.12,1,1
INSIDE,203.9,0.1,0.48,1.86,2,2
INSIDE,204.9,4.25,3.24,0.05,5,3
INSIDE,205.0,3.79,5.02,0.01,3,2
INSIDE,194.6,2.59,5.06,0.01,4,2
INSIDE,194.0,0.84,3.34,0.41,1,1
INSIDE,195.0,4.31,4.47,1.66,13,6
INSIDE,195.8,1.68,0.39,1.65,3,2
INSIDE,194.4,1.9,5.71,2.17,1,1
INSIDE,194.7,0.03,0.3,0.41,1,1
INSIDE,194.9,4.24,0.03,0.03,1,1
INSIDE,195.1,7.76,3.42,0.08,1,1
INSIDE,195.9,0.04,0.33,1.89,2,2
INSIDE,195.6,0.2,0.48,1.26,1,1
INSIDE,195.6,2.48,3.43,0.03,1,1
INSIDE,196.1,11.07,3.9,1.77,2,1
RAIL,122.9,0.08,0.22,0.8,2,1
RAIL,122.1,4.02,0.03,0.52,1,1
RAIL,122.2,2.33,0.07,0.79,1,1
RAIL,122.4,0.53,1.07,0.0,1,1
RAIL,123.5,3.75,0.65,0.19,1,1
INSIDE,190.7,2.53,5.65,0.53,3,3
INSIDE,191.3,0.11,4.36,2.13,2,1
INSIDE,190.6,1.26,0.55,1.61,1,1
INSIDE,192.2,5.78,4.96,1.66,11,6
INSIDE,191.4,2.33,4.7,1.98,4,4
INSIDE,191.0,0.53,0.66,0.0,1,1
INSIDE,191.4,5.97,5.14,0.04,2,2
INSIDE,191.2,0.11,0.13,1.18,1,1
INSIDE,191.3,0.03,3.93,0.0,1,1
INSIDE,191.5,0.0,0.33,0.0,1,1
INSIDE,192.4,5.71,4.69,0.83,2,2
INSIDE,192.6,0.34,3.02,0.29,2,2
INSIDE,193.4,0.09,0.44,1.63,3,3
INSIDE,193.1,0.01,0.34,0.0,1,1
INSIDE,193.2,4.37,0.03,0.03,1,1
INSIDE,193.4,2.05,5.4,0.01,1,1
INSIDE,188.8,4.21,4.14,2.1,18,13
INSIDE,189.1,0.33,4.63,2.09,3,1
INSIDE,189.1,2.55,5.25,0.01,9,3
INSIDE,189.2,11.96,4.99,2.16,7,5
INSIDE,188.3,7.8,3.63,0.08,1,1
INSIDE,189.2,0.11,0.42,1.59,3,3
INSIDE,188.4,0.01,0.3,0.0,1,1
INSIDE,188.9,7.38,1.2,2.13,2,1
INSIDE,188.5,0.06,4.07,0.0,1,1
INSIDE,188.9,2.93,5.71,0.43,2,2
INSIDE,188.8,3.71,3.25,0.06,1,1
INSIDE,189.2,1.4,4.15,1.64,2,2
INSIDE,189.0,14.91,2.38,0.42,1,1
INSIDE,189.0,0.2,0.33,0.0,1,1
INSIDE,189.0,0.12,4.37,2.1,1,1
INSIDE,189.5,1.25,4.31,0.01,1,1
INSIDE,189.6,0.1,3.5,0.51,1,1
INSIDE,189.8,0.04,0.29,0.4,1,1
INSIDE,189.8,1.63,1.12,3.01,1,1
INSIDE,186.5,3.71,3.25,0.06,5,2
INSIDE,184.5,1.06,0.43,1.11,1,1
INSIDE,186.0,4.13,4.47,2.07,21,12
INSIDE,185.6,1.19,1.41,2.42,3,3
INSIDE,185.6,11.88,5.1,2.03,23,11
INSIDE,184.8,5.17,4.02,3.22,1,1
INSIDE,185.0,0.07,0.04,0.39,1,1
INSIDE,185.0,0.27,5.06,0.0,1,1
INSIDE,185.7,0.08,0.35,1.94,2,2
INSIDE,186.4,5.79,5.74,0.09,2,2
INSIDE,185.7,0.32,3.3,0.38,1,1
INSIDE,186.5,0.13,4.36,2.08,3,2
INSIDE,186.2,1.92,4.44,0.04,2,2
INSIDE,186.0,0.33,0.39,1.28,1,1
INSIDE,186.1,5.46,5.6,0.39,1,1
INSIDE,186.1,5.63,0.96,2.1,1,1
INSIDE,186.5,0.72,3.77,2.08,1,1
INSIDE,186.6,0.03,0.04,0.39,1,1
INSIDE,186.7,4.84,5.57,0.03,1,1
INSIDE,187.0,0.66,3.37,0.57,1,1
INSIDE,187.2,1.8,3.85,2.69,1,1
INSIDE,187.4,13.64,2.33,0.36,1,1
INSIDE,135.1,0.11,0.26,3.05,5,2
INSIDE,134.5,2.71,4.39,1.7,3,3
INSIDE,135.9,10.52,0.95,2.35,3,1
INSIDE,133.7,0.05,0.32,0.32,1,1
INSIDE,135.3,5.7,4.42,2.08,23,12
INSIDE,134.6,1.67,1.15,3.13,4,1
INSIDE,133.7,1.66,0.57,2.9,1,1
INSIDE,134.4,2.0,3.17,0.83,2,2
INSIDE,134.9,7.76,3.96,0.72,2,2
INSIDE,135.4,14.04,4.46,2.27,5,4
INSIDE,134.8,0.29,4.15,1.85,2,2
INSIDE,135.1,2.89,4.64,1.86,1,1
INSIDE,135.1,0.08,3.97,0.39,1,1
INSIDE,135.1,0.09,0.13,2.61,1,1
INSIDE,135.9,0.29,3.23,0.43,2,1
INSIDE,135.3,0.05,1.9,0.0,1,1
INSIDE,135.6,1.05,0.22,2.06,1,1
INSIDE,136.2,6.96,3.72,0.26,2,1
INSIDE,136.1,2.61,3.74,0.23,2,2
INSIDE,136.1,0.02,0.29,0.27,1,1
INSIDE,136.2,0.02,0.06,2.38,1,1
INSIDE,170.9,0.05,0.28,0.3,2,2
INSIDE,171.1,3.31,3.83,2.34,21,13
INSIDE,170.9,7.91,4.27,2.58,18,11
INSIDE,170.1,0.78,3.82,1.18,2,2
INSIDE,170.0,0.58,3.85,0.32,1,1
INSIDE,170.3,0.04,0.3,0.0,2,2
INSIDE,170.4,0.11,3.87,0.0,2,1
INSIDE,170.5,0.08,0.15,2.58,1,1
INSIDE,171.3,0.18,3.76,0.37,3,3
INSIDE,170.8,1.76,2.95,1.1,3,3
INSIDE,170.9,3.4,0.55,0.84,1,1
INSIDE,171.5,0.21,0.48,2.21,2,2
INSIDE,171.7,6.02,4.39,0.86,3,3
INSIDE,171.0,0.19,3.8,1.37,1,1
INSIDE,171.1,0.03,3.88,0.0,1,1
INSIDE,171.8,4.69,3.96,0.34,2,2
INSIDE,171.2,3.08,3.92,0.04,1,1
INSIDE,171.4,3.16,0.49,2.22,1,1
INSIDE,171.4,12.73,5.76,1.2,1,1
INSIDE,172.0,0.52,3.9,3.0,1,1
INSIDE,172.1,0.25,0.93,0.0,1,1
INSIDE,172.3,11.76,2.14,1.21,1,1
INSIDE,172.4,4.46,1.01,2.23,1,1
NEAR,63.2,1.1,0.21,2.77,66,15
NEAR,62.9,0.13,0.17,2.42,88,14
NEAR,62.8,1.88,0.57,2.5,8,7
NEAR,62.7,1.4,0.06,1.77,4,3
NEAR,63.0,0.29,0.17,2.41,13,9
NEAR,62.6,0.37,0.06,2.07,7,4
NEAR,62.0,0.36,0.1,0.42,1,1
NEAR,62.9,0.11,0.07,2.38,4,2
NEAR,62.9,6.37,1.12,2.96,4,3
NEAR,63.7,1.09,0.36,5.02,5,4
NEAR,63.7,5.21,0.21,2.05,10,4
NEAR,62.2,4.58,0.52,3.39,2,1
NEAR,63.2,0.38,0.76,2.9,5,4
NEAR,62.3,3.6,1.34,3.15,1,1
NEAR,62.5,0.08,1.13,0.0,1,1
NEAR,62.7,2.55,0.24,2.41,1,1
NEAR,62.7,0.22,0.6,2.89,1,1
NEAR,63.7,0.09,0.06,0.57,3,2
NEAR,63.0,4.07,0.08,1.61,2,2
NEAR,63.6,0.36,0.14,2.33,6,5
NEAR,63.4,0.39,0.21,0.8,2,2
NEAR,63.1,0.49,0.51,0.97,3,2
NEAR,63.4,0.06,0.15,2.62,2,2
NEAR,63.7,1.5,0.22,1.01,2,2
NEAR,63.9,0.06,0.15,0.28,1,1
NEAR,64.2,0.13,0.29,0.87,2,2
NEAR,64.2,1.53,0.25,0.25,1,1
INSIDE,131.7,10.96,4.37,2.25,28,15
INSIDE,130.7,0.11,0.23,3.05,2,2
INSIDE,131.9,5.25,4.12,2.32,16,10
INSIDE,131.8,3.53,4.25,1.33,6,6
INSIDE,130.8,4.67,0.35,2.29,1,1
INSIDE,130.8,1.04,0.28,3.27,1,1
INSIDE,131.9,5.49,5.75,0.08,2,1
INSIDE,132.1,10.63,1.15,2.3,5,1
INSIDE,131.4,1.84,3.77,2.57,5,3
INSIDE,130.9,0.05,4.06,0.39,1,1
INSIDE,132.0,0.16,4.47,2.42,2,1
INSIDE,131.5,3.26,2.33,0.28,2,2
INSIDE,132.1,3.12,1.43,2.2,2,1
INSIDE,131.9,0.42,3.81,1.04,2,2
INSIDE,132.0,0.09,0.13,2.7,3,2
INSIDE,132.3,0.05,0.3,0.3,1,1
INSIDE,132.3,0.17,2.21,0.28,1,1
INSIDE,132.3,7.98,0.98,0.35,1,1
INSIDE,132.5,8.96,4.05,0.98,3,2
INSIDE,132.5,0.35,3.44,0.28,1,1
INSIDE,132.6,0.95,0.29,1.14,1,1
INSIDE,132.6,0.12,3.9,0.87,1,1
NEAR,57.2,0.13,0.18,2.65,72,13
NEAR,57.0,1.4,0.17,2.63,49,10
NEAR,56.6,1.2,0.52,2.62,194,16
NEAR,56.5,1.15,0.61,2.67,44,16
NEAR,56.9,0.41,0.16,2.65,37,12
NEAR,57.6,1.09,0.05,1.8,9,5
NEAR,57.5,4.38,0.26,2.62,4,4
NEAR,57.2,0.28,0.1,2.31,18,9
NEAR,57.6,0.49,0.6,2.68,15,6
NEAR,57.5,0.12,0.05,1.74,3,3
NEAR,57.5,0.21,0.18,2.67,8,5
NEAR,57.1,0.22,0.36,2.68,5,4
NEAR,56.0,0.35,0.93,2.7,1,1
NEAR,56.0,1.6,0.43,0.87,1,1
NEAR,56.1,0.51,0.03,1.05,1,1
NEAR,56.2,0.12,0.39,2.0,1,1
NEAR,57.5,4.2,0.98,2.93,8,4
NEAR,56.7,5.35,0.6,3.02,3,3
NEAR,56.4,1.22,0.12,0.77,1,1
NEAR,56.6,2.01,0.89,0.14,1,1
NEAR,56.9,2.63,1.09,0.32,1,1
NEAR,57.2,0.16,0.02,1.8,1,1
NEAR,57.3,0.18,0.25,0.86,1,1
NEAR,57.5,3.43,0.11,0.8,1,1
NEAR,58.1,0.07,0.13,0.67,1,1
NEAR,54.0,1.56,0.2,2.57,81,15
NEAR,54.1,0.53,0.59,2.62,18,6
NEAR,54.1,0.15,0.16,2.5,45,9
NEAR,54.2,0.36,0.16,2.59,53,15
NEAR,54.1,0.73,0.05,1.84,20,9
NEAR,54.0,1.14,0.39,1.1,2,2
NEAR,53.4,4.94,0.2,2.65,6,4
NEAR,53.4,0.11,0.3,4.17,5,2
NEAR,53.8,7.42,1.11,3.5,2,2
NEAR,54.2,0.96,0.58,2.69,5,4
NEAR,53.0,0.52,0.93,0.95,1,1
NEAR,53.1,0.03,0.22,1.43,1,1
NEAR,53.1,0.81,0.17,2.12,1,1
NEAR,54.5,6.54,0.28,2.62,5,4
NEAR,53.9,0.08,0.06,2.01,3,2
NEAR,54.7,1.91,0.07,1.9,11,6
NEAR,53.8,2.29,0.61,2.91,2,1
NEAR,54.4,0.18,0.04,1.89,3,3
NEAR,54.1,1.24,0.1,0.28,1,1
NEAR,54.8,0.27,0.1,2.52,2,1
NEAR,54.6,0.03,0.1,1.07,1,1
NEAR,67.9,10.41,0.23,2.3,4,2
NEAR,69.0,0.16,0.16,2.58,80,14
NEAR,68.8,1.1,0.22,2.59,50,13
NEAR,68.7,3.83,1.35,2.49,13,6
NEAR,68.8,1.08,0.49,2.7,18,13
NEAR,69.0,0.1,0.19,2.65,38,11
NEAR,68.8,1.33,0.07,1.33,4,2
NEAR,68.9,0.1,0.08,2.58,15,6
NEAR,68.8,2.01,1.06,0.16,8,4
NEAR,68.8,0.45,0.21,1.01,4,3
NEAR,68.6,0.38,0.57,2.59,12,6
NEAR,68.4,1.56,0.28,0.61,4,4
NEAR,68.1,0.04,0.07,0.77,1,1
NEAR,68.7,4.1,0.6,2.71,7,4
NEAR,68.8,1.33,1.37,2.47,3,2
NEAR,68.2,0.88,0.4,0.99,1,1
NEAR,68.6,0.17,0.22,0.98,2,2
NEAR,69.4,4.23,0.22,2.49,9,4
NEAR,68.9,1.04,1.07,0.16,5,3
NEAR,69.9,0.25,0.07,2.48,3,2
NEAR,69.5,5.61,0.77,0.4,2,1
NEAR,68.9,0.51,0.21,2.79,1,1
NEAR,69.0,3.06,0.55,2.04,1,1
NEAR,69.1,1.04,0.88,0.03,2,1
NEAR,69.4,0.12,0.95,0.17,1,1
NEAR,69.5,1.03,0.5,0.36,1,1
NEAR,69.5,13.35,1.03,3.17,1,1
NEAR,69.6,6.86,0.19,2.02,1,1
NEAR,70.0,0.14,1.5,0.0,1,1
NEAR,70.2,0.23,0.21,0.31,1,1
OUTSIDE,167.6,2.77,0.42,1.94,3,2
OUTSIDE,167.6,0.06,0.46,2.92,2,1
OUTSIDE,167.1,1.57,0.29,0.02,1,1
OUTSIDE,168.2,3.97,0.28,2.35,2,1
OUTSIDE,168.6,0.54,1.74,0.92,2,2
OUTSIDE,168.4,0.3,0.17,1.01,3,1
OUTSIDE,168.3,0.82,0.3,1.88,1,1
OUTSIDE,168.7,10.92,0.4,2.52,1,1
OUTSIDE,168.9,6.09,0.8,0.64,2,2
OUTSIDE,169.3,0.04,0.32,0.0,1,1
OUTSIDE,169.5,0.11,0.37,1.28,1,1
OUTSIDE,18.8,0.73,0.05,1.67,17,3
OUTSIDE,17.9,1.23,0.64,2.17,4,3
OUTSIDE,17.6,2.04,0.16,2.02,16,6
OUTSIDE,16.9,3.3,1.39,2.35,1,1
OUTSIDE,16.9,0.28,0.04,1.63,4,2
OUTSIDE,18.1,0.1,0.99,0.01,2,2
OUTSIDE,18.4,4.2,0.06,1.96,3,2
OUTSIDE,18.1,1.93,0.06,1.83,2,2
OUTSIDE,18.5,0.77,0.19,1.59,4,3
OUTSIDE,18.2,0.39,0.11,0.29,2,2
OUTSIDE,18.3,6.25,0.22,2.21,2,2
OUTSIDE,18.5,0.31,0.13,0.97,1,1
OUTSIDE,18.9,3.02,2.41,0.21,2,1
OUTSIDE,19.2,1.44,0.18,0.89,1,1
OUTSIDE,19.2,0.13,0.2,0.17,1,1
OUTSIDE,19.5,0.65,0.95,0.43,1,1
ABOVE,48.0,0.03,0.67,1.15,10,4
ABOVE,47.9,0.07,1.77,1.23,5,3
ABOVE,47.6,0.6,0.38,1.58,2,2
ABOVE,48.8,0.38,1.18,1.62,5,2
ABOVE,48.3,0.16,1.1,1.68,4,3
ABOVE,47.8,1.1,1.67,0.45,5,2
ABOVE,47.9,0.04,0.05,1.29,9,1
ABOVE,48.1,0.22,0.48,0.62,5,1
ABOVE,47.2,0.0,0.34,0.33,1,1
ABOVE,47.4,0.3,1.77,0.31,1,1
ABOVE,48.0,0.23,0.11,1.6,4,1
ABOVE,47.6,0.04,0.23,2.73,1,1
ABOVE,48.0,0.05,0.76,1.52,2,2
ABOVE,47.8,0.57,0.07,1.85,1,1
ABOVE,48.4,0.64,1.11,0.68,1,1
ABOVE,48.7,1.0,0.02,1.11,1,1
RAIL,68.2,1.23,0.68,0.75,8,6
RAIL,68.4,0.12,0.21,0.91,8,7
RAIL,69.7,0.29,0.32,0.76,12,8
RAIL,69.9,0.8,0.41,0.0,23,3
RAIL,67.9,0.62,0.15,0.93,1,1
RAIL,68.0,1.4,0.16,0.28,1,1
RAIL,68.2,0.83,0.4,0.21,5,3
RAIL,68.5,0.68,0.31,0.56,1,1
RAIL,68.5,0.32,0.54,0.94,1,1
RAIL,69.0,2.47,0.17,0.68,2,2
RAIL,68.9,0.63,0.93,0.35,1,1
RAIL,69.3,1.4,0.14,0.9,2,2
RAIL,69.5,0.07,0.16,0.39,2,2
RAIL,69.6,0.07,0.42,0.21,1,1
RAIL,70.0,2.16,0.35,0.74,2,2
NEAR,16.8,2.15,0.67,3.13,1,1
NEAR,16.9,4.86,0.23,2.03,35,5
NEAR,16.9,1.85,0.23,1.79,15,4
NEAR,17.5,0.58,0.58,2.83,4,4
NEAR,17.3,1.15,0.21,1.48,3,2
NEAR,17.5,7.14,0.51,3.23,3,2
NEAR,17.3,0.26,0.52,2.84,1,1
NEAR,18.5,0.54,0.76,0.64,2,1
NEAR,19.0,0.63,0.19,0.44,1,1
ABOVE,44.8,0.1,1.95,1.16,7,3
ABOVE,44.6,0.1,0.73,1.38,2,2
ABOVE,43.9,2.49,1.71,0.53,3,2
ABOVE,45.5,1.96,1.56,2.39,6,1
ABOVE,45.9,0.18,0.23,2.51,3,2
ABOVE,44.5,0.03,0.04,1.25,2,1
ABOVE,45.3,0.66,0.44,1.77,4,2
ABOVE,45.2,0.07,0.08,1.53,2,2
ABOVE,45.2,0.23,0.49,0.57,3,1
ABOVE,45.0,1.2,1.77,0.73,3,1
ABOVE,45.2,0.33,0.12,1.09,2,2
ABOVE,45.5,0.18,0.06,1.96,1,1
ABOVE,45.5,0.39,1.11,1.69,2,2
ABOVE,46.0,0.06,0.05,1.05,1,1
ABOVE,46.0,0.04,1.98,1.2,1,1
ABOVE,46.2,0.98,0.96,0.36,2,2
ABOVE,2.2,7.54,1.02,1.36,16,2
ABOVE,2.1,0.04,0.05,1.18,9,2
ABOVE,2.5,0.16,0.55,0.79,15,2
ABOVE,1.9,3.14,1.64,0.38,1,1
ABOVE,2.0,14.08,1.48,1.35,1,1
ABOVE,2.2,0.03,0.59,0.97,2,1
ABOVE,2.1,0.09,1.71,0.52,1,1
ABOVE,2.7,0.54,0.89,0.92,2,2
ABOVE,2.7,1.59,0.12,0.53,1,1
ABOVE,4.0,1.96,1.59,1.37,1,1
ABOVE,4.2,0.13,1.99,1.33,1,1
NEAR,125.4,8.52,1.21,2.67,3,2
NEAR,125.3,4.04,0.57,2.38,1,1
NEAR,126.1,4.38,0.76,0.85,1,1
RAIL,1.5,0.06,0.05,0.86,5,4
RAIL,1.5,0.35,0.09,0.85,1,1
RAIL,1.5,0.1,0.12,0.86,1,1
NEAR,138.3,6.21,0.59,2.35,2,1
ABOVE,49.6,0.07,0.08,1.05,1,1
ABOVE,49.7,0.23,0.49,0.69,4,2
ABOVE,49.7,0.02,0.03,1.04,1,1
ABOVE,50.8,0.06,0.39,1.69,2,1
ABOVE,49.8,0.22,0.45,0.46,1,1
ABOVE,49.9,0.68,0.61,0.36,1,1
ABOVE,27.7,0.02,0.04,1.11,4,1
ABOVE,25.8,0.05,0.03,1.12,1,1
ABOVE,26.1,0.2,0.37,0.48,97,10
ABOVE,27.1,0.48,1.23,1.03,7,2
ABOVE,26.1,0.16,0.2,0.46,6,3
ABOVE,27.8,0.15,0.04,1.11,3,2
ABOVE,25.9,0.12,1.59,0.35,1,1
ABOVE,27.3,0.95,0.32,0.97,6,3
ABOVE,26.8,0.43,0.38,1.31,2,2
ABOVE,27.3,0.79,0.02,1.09,11,1
ABOVE,27.0,2.32,1.35,1.31,4,2
ABOVE,26.1,0.43,0.05,1.12,1,1
ABOVE,26.5,0.05,0.47,1.09,2,2
ABOVE,26.4,2.49,1.71,0.55,1,1
ABOVE,26.9,0.07,0.18,1.22,1,1
ABOVE,26.9,0.03,0.15,0.98,2,1
ABOVE,27.3,0.5,0.41,0.52,2,1
ABOVE,27.1,0.04,1.98,1.2,1,1
ABOVE,27.5,0.41,0.11,1.22,1,1
ABOVE,27.8,4.46,0.88,1.27,1,1
NEAR,164.8,3.75,0.66,2.26,5,1
NEAR,164.0,3.52,1.48,1.44,1,1
NEAR,165.0,0.1,0.47,1.83,1,1
NEAR,166.0,0.21,0.45,1.1,1,1
NEAR,185.3,3.25,0.64,1.76,2,2
NEAR,185.1,0.1,0.34,0.96,1,1
NEAR,185.2,6.01,0.7,2.31,1,1
NEAR,186.4,0.07,0.14,1.26,1,1
NEAR,183.2,3.45,0.62,2.14,2,1
NEAR,183.7,0.07,0.51,1.49,1,1
OUTSIDE,68.7,2.35,0.6,1.94,30,18
OUTSIDE,68.5,0.12,0.21,2.0,14,7
OUTSIDE,67.6,0.82,0.14,0.31,1,1
OUTSIDE,68.2,7.35,0.66,2.59,15,7
OUTSIDE,68.0,0.18,1.81,0.22,2,1
OUTSIDE,67.6,0.12,1.16,0.0,1,1
OUTSIDE,68.8,1.02,0.47,0.27,2,1
OUTSIDE,68.5,1.6,0.24,1.4,19,9
OUTSIDE,67.8,0.04,0.15,1.27,2,2
OUTSIDE,67.7,0.35,0.89,0.17,1,1
OUTSIDE,68.5,1.71,2.13,0.92,6,6
OUTSIDE,68.9,0.8,0.63,1.56,7,7
OUTSIDE,67.8,0.03,0.43,0.32,1,1
OUTSIDE,68.3,0.31,0.42,1.07,4,3
OUTSIDE,69.1,0.99,0.28,1.06,4,4
OUTSIDE,67.9,5.14,0.42,0.6,1,1
OUTSIDE,68.8,0.28,0.48,2.25,5,3
OUTSIDE,68.2,11.31,1.6,1.97,5,3
OUTSIDE,68.9,1.79,1.23,0.2,16,5
OUTSIDE,69.2,0.92,2.41,0.28,6,4
OUTSIDE,68.2,3.17,0.98,0.66,1,1
OUTSIDE,68.2,0.06,0.48,0.15,1,1
OUTSIDE,68.6,0.77,0.91,0.18,2,1
OUTSIDE,69.2,0.25,0.87,0.01,5,5
OUTSIDE,69.3,0.22,0.86,1.86,2,2
OUTSIDE,69.5,0.51,1.51,0.02,3,3
OUTSIDE,69.4,3.0,1.56,2.87,4,3
OUTSIDE,68.5,0.11,0.2,1.11,1,1
OUTSIDE,68.6,1.09,0.08,1.19,1,1
OUTSIDE,69.0,2.1,0.16,0.38,2,2
OUTSIDE,68.6,0.24,0.13,0.62,1,1
OUTSIDE,68.7,0.35,1.1,0.63,1,1
OUTSIDE,69.5,0.54,0.21,2.11,2,2
OUTSIDE,69.6,0.22,2.04,0.01,4,3
OUTSIDE,69.2,6.23,0.23,2.62,1,1
OUTSIDE,69.3,0.47,2.65,1.31,1,1
OUTSIDE,69.3,0.37,2.5,0.18,1,1
OUTSIDE,69.5,1.9,0.08,0.31,1,1
OUTSIDE,69.8,0.03,0.89,0.0,5,5
OUTSIDE,69.6,0.14,0.47,0.58,1,1
OUTSIDE,69.8,0.99,0.51,0.03,1,1
OUTSIDE,70.0,0.05,0.04,1.3,1,1
OUTSIDE,70.1,2.06,0.81,0.07,1,1
NEAR,131.7,3.05,0.66,2.02,1,1
NEAR,132.5,11.71,0.92,1.14,1,1
NEAR,128.4,4.48,0.71,2.23,2,1
NEAR,129.4,0.07,0.04,1.14,1,1
INSIDE,206.9,5.57,5.82,1.38,2,2
INSIDE,205.9,1.99,4.33,0.01,1,1
INSIDE,206.7,3.69,5.09,0.03,3,2
INSIDE,206.4,5.46,2.56,0.07,1,1
INSIDE,206.9,0.65,2.99,0.28,1,1
INSIDE,207.1,1.9,5.79,0.03,1,1
INSIDE,208.4,2.55,3.92,0.81,1,1
ABOVE,41.5,1.75,0.31,1.51,5,2
ABOVE,42.0,0.41,0.42,1.6,12,4
ABOVE,42.5,0.1,0.91,1.14,4,2
ABOVE,40.9,0.05,0.04,1.05,5,3
ABOVE,40.7,0.52,0.02,1.56,3,1
ABOVE,40.6,1.52,0.03,2.59,1,1
ABOVE,41.5,0.48,0.65,0.46,3,3
ABOVE,40.8,0.44,1.5,0.5,1,1
ABOVE,41.0,0.62,0.1,1.57,4,3
ABOVE,41.1,0.24,0.07,1.57,3,1
ABOVE,41.2,0.67,0.03,1.59,1,1
ABOVE,41.5,1.47,1.1,0.45,2,2
ABOVE,41.3,0.21,0.49,0.55,1,1
ABOVE,41.9,1.39,0.16,1.56,1,1
ABOVE,42.3,0.08,1.98,1.2,4,1
ABOVE,42.0,0.08,0.43,2.12,1,1
ABOVE,42.4,2.92,1.99,0.31,1,1
ABOVE,42.7,6.75,1.54,2.22,1,1
ABOVE,43.2,0.02,0.03,1.06,1,1
NEAR,158.0,12.96,1.2,1.83,1,1
NEAR,159.6,6.27,0.58,2.36,1,1
NEAR,159.8,3.08,0.58,1.87,1,1
ABOVE,38.4,0.11,0.93,1.15,2,1
ABOVE,37.9,0.03,0.04,1.18,5,1
ABOVE,39.0,0.55,0.43,1.83,10,4
ABOVE,39.5,0.46,0.09,1.52,4,2
ABOVE,38.1,0.06,0.52,0.99,2,2
ABOVE,38.0,1.35,0.09,1.79,1,1
ABOVE,38.0,0.03,0.22,1.05,1,1
ABOVE,38.1,2.31,1.59,0.51,3,1
ABOVE,39.0,1.56,0.3,1.46,4,2
ABOVE,38.9,0.12,0.1,1.39,2,2
ABOVE,39.7,0.23,0.37,0.49,2,1
ABOVE,39.2,0.09,1.95,1.05,2,1
ABOVE,39.6,0.09,0.44,1.6,1,1
ABOVE,40.3,0.87,0.02,2.0,1,1
ABOVE,28.6,0.15,1.8,1.22,1,1
ABOVE,29.3,0.44,0.27,1.19,5,2
ABOVE,29.4,1.66,0.31,1.2,5,1
ABOVE,29.4,0.39,0.02,1.11,5,1
ABOVE,30.1,0.46,1.25,1.27,6,2
ABOVE,29.2,0.06,0.2,1.14,4,2
ABOVE,29.1,0.06,1.81,1.0,2,2
ABOVE,29.1,4.87,0.95,1.33,2,2
ABOVE,29.0,0.55,0.26,0.44,2,2
ABOVE,29.4,0.15,0.42,0.67,3,2
ABOVE,29.1,0.02,0.03,0.95,1,1
ABOVE,29.1,0.17,1.64,0.45,1,1
ABOVE,29.1,0.71,0.3,0.97,1,1
ABOVE,29.3,7.78,0.96,1.53,5,1
ABOVE,30.1,0.06,0.56,0.96,1,1
ABOVE,30.2,1.78,1.48,1.36,1,1
ABOVE,30.5,0.1,0.1,0.98,1,1
ABOVE,30.8,1.24,1.91,0.48,1,1
ABOVE,31.5,0.71,0.64,0.61,1,1
RAIL,119.2,0.27,0.49,0.14,7,3
RAIL,118.7,1.22,0.62,0.17,3,3
RAIL,118.8,0.97,0.41,0.52,11,11
RAIL,119.9,1.84,0.34,0.77,4,4
RAIL,119.3,0.08,0.23,0.42,6,6
RAIL,119.0,0.28,0.54,0.48,3,3
RAIL,119.2,0.09,0.25,0.17,7,5
RAIL,119.7,0.03,0.28,0.24,4,3
RAIL,118.9,1.63,1.41,0.18,1,1
RAIL,119.0,0.04,0.32,0.14,1,1
RAIL,119.1,0.01,0.25,0.17,1,1
RAIL,119.3,1.13,1.19,0.77,1,1
RAIL,119.3,1.0,0.19,0.14,1,1
RAIL,119.9,3.1,0.5,0.3,1,1
RAIL,120.8,0.07,0.08,0.66,2,1
INSIDE,158.9,5.46,4.33,2.4,19,15
INSIDE,158.3,0.22,3.72,0.31,2,1
INSIDE,159.2,3.01,4.18,0.35,14,3
INSIDE,158.3,1.67,1.11,3.11,3,2
INSIDE,159.2,13.4,4.59,2.52,9,7
INSIDE,158.9,8.78,4.66,0.32,2,2
INSIDE,158.9,0.55,4.45,1.77,3,1
INSIDE,158.9,8.26,4.95,1.02,15,7
INSIDE,158.2,0.09,0.33,1.4,2,1
INSIDE,158.8,0.08,3.01,0.0,2,2
INSIDE,159.8,4.11,4.17,0.76,11,6
INSIDE,158.1,0.33,3.31,0.0,1,1
INSIDE,158.1,2.51,0.32,2.15,1,1
INSIDE,159.4,2.29,4.99,3.31,4,3
INSIDE,158.3,1.29,4.24,2.92,1,1
INSIDE,158.8,0.15,5.31,2.38,2,2
INSIDE,158.7,0.27,4.02,0.57,1,1
INSIDE,159.6,5.51,1.62,3.09,2,2
INSIDE,159.2,0.02,0.07,1.72,1,1
INSIDE,159.8,2.1,5.75,0.01,2,1
INSIDE,160.2,0.1,0.08,2.74,2,1
INSIDE,160.1,0.85,5.9,0.02,1,1
OUTSIDE,205.6,4.1,0.06,0.02,1,1
OUTSIDE,206.2,3.0,1.05,0.77,1,1
OUTSIDE,206.6,1.79,0.73,0.02,1,1
INSIDE,144.0,0.11,0.13,3.32,3,1
INSIDE,143.8,7.17,4.28,2.19,30,16
INSIDE,143.9,4.21,4.33,0.85,14,9
INSIDE,142.6,3.1,0.16,2.72,1,1
INSIDE,143.0,2.9,4.41,2.21,3,3
INSIDE,144.1,0.46,3.54,0.33,2,1
INSIDE,143.6,2.22,4.38,0.62,5,5
INSIDE,143.8,5.34,4.34,0.34,3,1
INSIDE,144.0,2.03,4.16,0.24,2,1
INSIDE,142.8,0.55,4.2,0.77,1,1
INSIDE,143.8,0.17,4.38,2.18,2,1
INSIDE,143.0,0.08,3.28,0.82,1,1
INSIDE,143.2,0.69,4.11,1.91,1,1
INSIDE,144.2,1.59,1.08,2.99,2,2
INSIDE,143.5,10.84,4.37,1.02,1,1
INSIDE,143.7,2.18,1.66,1.27,1,1
INSIDE,143.9,0.05,3.52,0.0,1,1
INSIDE,144.0,9.01,0.35,3.3,1,1
INSIDE,144.4,0.1,2.12,0.27,1,1
INSIDE,144.5,3.64,3.44,0.04,1,1
INSIDE,144.5,7.8,0.79,2.54,1,1
INSIDE,145.5,0.09,0.25,3.74,1,1
INSIDE,145.5,0.25,3.37,0.25,1,1
ABOVE,20.6,0.04,0.04,0.99,4,1
ABOVE,20.9,0.55,1.24,1.23,7,2
ABOVE,21.1,5.08,0.47,1.32,11,3
ABOVE,20.1,0.81,0.07,0.32,1,1
ABOVE,20.1,0.36,0.43,1.34,2,1
ABOVE,21.4,10.55,1.58,1.35,2,2
ABOVE,21.2,0.44,1.11,0.42,4,2
ABOVE,21.1,0.06,0.61,0.92,2,1
ABOVE,20.9,2.24,0.43,1.19,1,1
ABOVE,21.1,0.04,0.17,1.26,1,1
ABOVE,21.4,0.14,0.39,1.25,1,1
ABOVE,21.8,0.9,0.4,0.65,2,1
ABOVE,21.6,1.17,1.93,1.27,1,1
ABOVE,21.8,1.52,0.19,1.29,1,1
ABOVE,21.9,0.37,0.19,0.39,1,1
ABOVE,22.1,0.46,0.02,1.08,3,1
ABOVE,23.8,0.04,0.19,1.22,5,2
ABOVE,22.8,5.12,0.53,1.35,2,1
ABOVE,23.6,0.46,1.25,1.19,9,2
ABOVE,24.6,0.04,0.05,1.07,3,1
ABOVE,23.8,0.52,0.38,0.59,10,3
ABOVE,24.0,0.07,1.1,1.24,3,2
ABOVE,24.8,0.93,0.02,1.09,9,2
ABOVE,23.3,9.99,1.71,1.37,1,1
ABOVE,23.3,0.3,0.02,1.1,1,1
ABOVE,24.3,0.16,0.37,0.48,27,6
ABOVE,23.6,0.04,1.72,1.33,1,1
ABOVE,24.5,0.13,0.23,1.04,5,4
ABOVE,24.7,0.47,0.09,0.4,2,1
OUTSIDE,175.9,0.02,0.32,0.0,2,2
OUTSIDE,177.2,0.88,0.47,1.97,3,3
OUTSIDE,176.4,6.11,0.92,0.68,2,2
OUTSIDE,176.2,0.07,0.34,1.92,4,3
OUTSIDE,176.3,5.95,1.97,2.32,3,3
OUTSIDE,176.6,0.19,0.29,0.78,2,2
OUTSIDE,177.7,1.77,1.07,2.53,2,2
OUTSIDE,178.3,4.68,0.44,1.52,3,1
OUTSIDE,177.8,14.11,1.86,0.91,1,1
OUTSIDE,171.3,0.09,0.45,2.61,5,2
OUTSIDE,170.2,5.96,0.59,0.77,4,2
OUTSIDE,170.7,0.23,0.77,2.09,2,2
OUTSIDE,170.4,1.07,1.81,1.72,2,1
OUTSIDE,170.6,4.0,1.15,1.97,3,3
OUTSIDE,170.4,0.69,1.16,0.86,3,2
OUTSIDE,170.7,10.81,0.59,1.16,3,2
OUTSIDE,170.7,2.83,0.34,2.38,4,3
OUTSIDE,170.5,0.46,0.23,1.16,1,1
OUTSIDE,170.6,0.25,0.23,0.24,1,1
OUTSIDE,170.7,5.4,1.38,0.79,1,1
OUTSIDE,171.0,1.53,0.19,0.47,1,1
OUTSIDE,171.2,0.11,0.31,1.07,1,1
OUTSIDE,171.4,0.06,0.3,0.34,1,1
OUTSIDE,172.4,2.0,0.53,0.79,6,3
OUTSIDE,122.1,3.7,0.63,2.13,7,5
OUTSIDE,121.7,1.05,0.68,0.81,1,1
OUTSIDE,123.5,6.42,0.95,2.12,11,6
OUTSIDE,123.2,4.96,0.7,0.96,16,8
OUTSIDE,123.2,4.46,0.34,0.91,3,3
OUTSIDE,121.9,0.36,0.28,0.24,1,1
OUTSIDE,121.9,0.04,0.28,0.26,1,1
OUTSIDE,122.1,0.29,0.21,2.17,1,1
OUTSIDE,123.0,9.16,1.53,1.92,3,3
OUTSIDE,123.0,2.97,1.96,1.24,5,5
OUTSIDE,122.2,3.99,0.21,0.19,1,1
OUTSIDE,122.2,1.2,0.22,1.36,1,1
OUTSIDE,122.6,4.75,0.83,2.52,2,1
OUTSIDE,123.1,2.93,0.31,2.61,1,1
OUTSIDE,123.1,0.87,0.07,1.36,1,1
OUTSIDE,123.2,5.3,0.22,0.04,1,1
OUTSIDE,123.8,0.24,2.0,2.41,2,1
OUTSIDE,123.7,3.04,2.12,2.44,2,1
INSIDE,17.9,0.76,0.59,3.03,11,6
INSIDE,16.6,0.12,0.93,0.02,1,1
INSIDE,17.4,1.58,2.34,0.14,2,2
INSIDE,17.1,1.63,1.01,0.1,1,1
INSIDE,17.2,0.75,0.21,0.21,1,1
INSIDE,19.0,0.58,1.01,0.05,3,2
INSIDE,18.5,0.58,2.46,0.26,2,2
INSIDE,18.1,0.93,1.14,0.68,1,1
INSIDE,18.1,0.88,0.13,1.67,1,1
INSIDE,18.9,1.97,2.43,0.85,2,2
INSIDE,18.9,0.21,2.42,0.31,1,1
INSIDE,19.3,5.09,0.68,2.28,1,1
INSIDE,19.4,0.26,0.51,0.51,1,1
INSIDE,19.5,1.99,1.32,3.16,1,1
NEAR,15.1,0.61,0.55,2.52,4,3
NEAR,15.2,7.22,1.12,2.39,2,2
NEAR,15.9,0.27,0.32,0.31,1,1
NEAR,15.9,1.86,0.56,3.12,1,1
OUTSIDE,178.9,0.17,0.94,2.71,1,1
OUTSIDE,179.1,0.07,0.39,2.71,1,1
OUTSIDE,180.0,3.28,0.45,1.53,3,2
OUTSIDE,179.2,0.09,0.16,2.78,1,1
OUTSIDE,180.8,1.35,0.35,1.03,3,2
OUTSIDE,180.0,5.85,2.21,2.69,2,1
OUTSIDE,179.5,0.26,0.34,0.66,1,1
OUTSIDE,180.2,0.12,0.08,0.36,2,1
OUTSIDE,181.4,0.06,0.06,0.31,1,1
RAIL,181.9,2.44,0.1,0.27,1,1
RAIL,182.3,0.02,0.74,0.27,1,1
RAIL,182.5,2.55,0.42,0.27,1,1
RAIL,183.4,0.1,0.57,0.27,2,2
RAIL,182.8,0.03,0.1,0.27,1,1
RAIL,184.2,0.13,0.47,0.9,1,1
RAIL,179.5,0.06,0.94,0.78,2,1
RAIL,178.8,0.03,0.07,0.57,1,1
RAIL,179.0,0.15,0.1,0.27,1,1
RAIL,179.5,0.06,0.27,0.78,2,2
RAIL,181.1,0.03,0.1,0.27,1,1
RAIL,176.3,0.01,0.1,0.27,2,1
RAIL,176.7,0.09,0.93,0.77,1,1
RAIL,176.9,0.05,0.35,0.66,2,2
RAIL,178.4,0.11,0.41,0.27,1,1
RAIL,173.1,0.03,0.27,0.77,2,2
RAIL,172.9,0.04,0.91,0.75,1,1
RAIL,172.9,1.77,0.07,0.75,1,1
RAIL,173.7,0.04,0.09,0.72,1,1
RAIL,174.1,0.08,0.35,0.26,2,2
RAIL,174.8,0.1,0.92,0.76,1,1
RAIL,175.3,2.47,0.28,0.76,1,1
RAIL,169.6,0.07,0.37,0.71,1,1
RAIL,170.6,0.09,0.36,0.23,2,1
RAIL,171.4,0.04,0.09,0.71,2,1
RAIL,171.0,0.02,0.3,0.26,1,1
RAIL,171.1,0.05,0.9,0.74,1,1
RAIL,172.2,4.79,0.36,0.23,1,1
RAIL,172.3,0.02,0.1,0.26,1,1
RAIL,168.3,0.06,0.58,0.73,3,2
RAIL,168.6,2.12,0.28,0.73,2,2
RAIL,168.3,0.05,0.29,0.25,1,1
RAIL,168.4,0.13,0.36,0.23,1,1
RAIL,164.7,0.07,0.38,0.71,2,2
RAIL,165.4,0.14,0.38,0.25,2,1
RAIL,164.9,0.03,0.29,0.25,1,1
RAIL,165.5,0.06,0.96,0.72,1,1
RAIL,165.8,2.04,0.38,0.67,1,1
OUTSIDE,160.9,3.01,0.64,1.91,4,4
OUTSIDE,161.1,4.33,0.41,0.05,2,2
OUTSIDE,161.3,0.97,2.22,0.99,1,1
OUTSIDE,161.8,0.05,0.85,0.8,1,1
OUTSIDE,162.0,4.25,2.38,2.14,1,1
OUTSIDE,162.2,1.83,0.95,2.18,2,2
OUTSIDE,162.3,0.26,0.32,0.67,1,1
OUTSIDE,162.4,12.55,1.66,2.04,1,1
OUTSIDE,162.9,2.66,0.34,1.8,1,1
OUTSIDE,163.3,9.77,0.68,2.54,1,1
RAIL,155.8,0.04,0.27,0.65,3,2
RAIL,154.7,0.04,0.36,0.23,1,1
OUTSIDE,152.7,0.12,0.82,2.0,2,1
OUTSIDE,152.4,0.06,0.34,1.12,2,2
OUTSIDE,153.6,2.48,0.56,1.9,2,1
OUTSIDE,153.5,0.08,0.35,0.49,1,1
OUTSIDE,154.1,6.96,1.13,1.72,3,3
OUTSIDE,154.0,0.7,0.7,1.26,1,1
OUTSIDE,150.4,2.5,0.64,1.9,4,2
OUTSIDE,148.6,1.49,1.44,0.99,1,1
OUTSIDE,149.8,2.6,1.95,2.52,4,2
OUTSIDE,148.8,0.07,0.33,1.1,2,2
OUTSIDE,149.1,3.17,1.46,1.03,1,1
OUTSIDE,149.8,0.15,0.81,2.75,2,1
OUTSIDE,150.0,5.17,0.62,0.79,52,4
OUTSIDE,149.8,10.97,2.58,2.79,4,2
OUTSIDE,149.9,1.91,0.55,0.88,2,2
OUTSIDE,151.1,2.31,0.82,0.04,2,2
OUTSIDE,143.6,0.82,0.65,1.85,2,2
OUTSIDE,142.5,0.03,0.85,0.79,1,1
OUTSIDE,143.6,1.8,0.33,0.88,10,3
OUTSIDE,143.3,4.42,0.71,0.96,5,3
OUTSIDE,142.6,10.81,0.74,1.96,1,1
OUTSIDE,142.7,0.03,0.31,0.3,1,1
OUTSIDE,143.4,3.76,0.18,0.61,2,1
OUTSIDE,144.1,1.97,0.47,2.74,3,2
OUTSIDE,143.9,0.16,0.33,1.08,2,2
OUTSIDE,143.3,3.18,0.34,0.24,1,1
OUTSIDE,143.5,1.2,0.24,0.47,1,1
OUTSIDE,143.8,2.26,2.14,1.26,1,1
OUTSIDE,144.3,0.39,0.21,0.24,1,1
OUTSIDE,145.4,0.08,0.54,0.72,1,1
OUTSIDE,140.5,4.8,0.38,0.93,8,3
OUTSIDE,140.0,0.13,0.76,0.87,1,1
OUTSIDE,140.9,3.66,1.2,0.99,4,3
OUTSIDE,141.2,1.94,0.83,2.21,4,3
OUTSIDE,140.4,0.09,0.24,0.27,1,1
OUTSIDE,141.1,1.79,0.28,0.7,2,1
OUTSIDE,140.6,3.61,2.36,2.51,1,1
OUTSIDE,140.8,0.56,0.47,2.13,1,1
OUTSIDE,141.1,1.95,0.31,1.54,1,1
OUTSIDE,141.6,0.16,2.1,2.52,1,1
OUTSIDE,141.9,8.31,1.46,2.41,1,1
OUTSIDE,137.5,1.91,0.8,1.52,3,3
OUTSIDE,139.1,0.28,2.18,2.48,3,1
OUTSIDE,137.2,0.9,0.37,0.91,3,1
OUTSIDE,137.1,0.51,1.43,0.87,1,1
OUTSIDE,138.1,2.83,0.31,1.98,2,1
OUTSIDE,138.1,2.21,0.49,0.67,2,2
OUTSIDE,138.0,0.33,0.27,1.49,1,1
OUTSIDE,138.5,5.75,0.43,1.09,2,2
OUTSIDE,138.1,0.15,0.48,0.0,1,1
OUTSIDE,138.4,0.1,0.64,0.91,2,2
OUTSIDE,139.3,0.04,0.21,0.22,1,1
OUTSIDE,139.5,1.8,1.37,2.31,1,1
RAIL,195.2,0.03,0.08,0.63,1,1
RAIL,190.9,0.05,0.35,0.83,1,1
RAIL,192.2,0.07,0.1,0.46,2,2
RAIL,191.2,0.03,0.11,0.29,3,1
RAIL,191.7,0.01,0.11,0.29,4,1
RAIL,191.4,0.03,0.33,0.0,1,1
RAIL,191.6,0.0,0.11,0.29,1,1
RAIL,187.8,0.05,0.09,0.71,2,2
RAIL,187.8,0.04,0.33,0.0,1,1
RAIL,190.3,0.1,0.34,0.8,1,1
OUTSIDE,185.4,1.82,0.36,1.06,3,1
OUTSIDE,186.0,11.16,0.92,2.07,3,1
OUTSIDE,185.1,0.95,2.16,0.85,1,1
OUTSIDE,185.8,2.48,0.37,0.38,3,2
OUTSIDE,185.3,3.3,0.99,1.63,1,1
OUTSIDE,185.7,0.18,1.0,2.06,1,1
OUTSIDE,185.8,0.38,0.3,1.43,1,1
OUTSIDE,186.1,0.0,0.32,0.0,1,1
OUTSIDE,186.4,0.21,2.14,2.43,1,1
OUTSIDE,186.8,0.92,0.17,1.41,2,1
OUTSIDE,187.3,7.48,1.2,0.74,1,1
OUTSIDE,187.3,0.65,0.36,0.35,1,1
OUTSIDE,187.3,0.02,0.33,0.0,1,1
RAIL,186.4,0.04,0.32,0.28,5,4
RAIL,186.2,0.22,0.43,0.28,1,1
RAIL,186.6,0.03,0.07,0.58,1,1
OUTSIDE,131.7,1.83,0.92,0.03,7,2
OUTSIDE,130.7,0.39,0.91,1.95,12,2
OUTSIDE,131.5,2.26,0.72,1.97,11,3
OUTSIDE,130.8,0.04,0.23,0.65,1,1
OUTSIDE,130.8,0.4,1.99,2.39,1,1
OUTSIDE,131.1,0.09,0.91,0.0,10,3
OUTSIDE,130.8,0.04,0.91,0.0,1,1
OUTSIDE,132.3,3.04,1.15,0.87,2,2
OUTSIDE,131.8,4.87,0.58,1.88,2,1
OUTSIDE,131.8,0.43,0.31,0.54,1,1
OUTSIDE,131.8,3.96,0.24,0.34,1,1
OUTSIDE,132.0,0.1,0.9,0.9,1,1
OUTSIDE,132.3,0.76,2.13,1.07,1,1
OUTSIDE,132.4,0.0,0.3,0.0,1,1
OUTSIDE,132.4,0.07,0.09,0.85,1,1
OUTSIDE,133.3,3.07,2.1,1.84,2,2
OUTSIDE,133.3,0.06,0.68,0.3,1,1
OUTSIDE,133.3,8.79,2.03,0.48,1,1
OUTSIDE,133.4,0.46,0.31,1.13,1,1
OUTSIDE,128.6,0.4,2.04,2.73,2,1
OUTSIDE,129.8,1.9,0.98,1.36,7,4
OUTSIDE,128.4,0.05,0.33,0.87,1,1
OUTSIDE,129.8,1.92,0.94,1.7,15,4
OUTSIDE,129.8,1.9,0.94,0.03,17,2
OUTSIDE,129.7,0.07,0.68,0.0,2,2
OUTSIDE,129.6,1.89,0.94,0.81,1,1
OUTSIDE,130.0,0.45,0.69,1.8,2,2
OUTSIDE,129.9,0.97,1.98,2.75,1,1
OUTSIDE,129.9,0.95,0.3,0.25,1,1
RAIL,146.7,0.03,0.34,0.22,2,1
RAIL,148.3,0.02,0.07,0.56,1,1
OUTSIDE,146.9,0.24,0.41,0.47,2,1
OUTSIDE,146.2,3.23,2.21,2.54,3,2
OUTSIDE,146.0,2.34,0.51,0.27,1,1
OUTSIDE,147.6,4.33,0.62,0.77,13,4
OUTSIDE,146.4,0.08,0.68,0.82,1,1
OUTSIDE,146.7,1.49,1.42,0.98,1,1
OUTSIDE,147.3,9.86,2.12,2.41,2,2
OUTSIDE,147.1,2.53,0.67,1.98,2,1
OUTSIDE,147.7,0.09,1.57,1.05,1,1
OUTSIDE,148.4,0.61,0.62,2.18,1,1
OUTSIDE,7.9,0.67,0.48,2.44,3,3
OUTSIDE,9.5,2.05,0.54,2.88,1,1
OUTSIDE,10.2,1.54,0.14,0.44,1,1
OUTSIDE,10.3,1.7,2.27,0.11,1,1
OUTSIDE,191.7,5.12,0.73,0.05,3,1
OUTSIDE,190.8,1.48,0.31,1.52,2,2
OUTSIDE,192.0,1.8,0.33,0.89,2,1
OUTSIDE,191.1,2.49,0.38,0.4,1,1
OUTSIDE,191.1,2.91,0.66,2.04,1,1
OUTSIDE,191.5,7.58,0.88,0.62,2,2
OUTSIDE,191.8,12.95,1.3,0.49,1,1
OUTSIDE,191.8,0.02,0.33,0.0,1,1
OUTSIDE,192.0,0.45,0.31,1.5,1,1
OUTSIDE,192.2,0.51,0.07,0.36,1,1
OUTSIDE,192.5,0.0,0.33,0.0,2,2
OUTSIDE,192.4,1.08,0.13,1.55,1,1
OUTSIDE,192.7,9.3,0.94,2.15,1,1
OUTSIDE,10.6,1.85,0.05,1.27,1,1
OUTSIDE,11.5,3.6,0.23,0.94,1,1
OUTSIDE,11.9,2.18,2.4,0.18,3,2
OUTSIDE,12.1,1.9,0.2,1.98,1,1
INSIDE,11.9,0.3,0.17,0.07,2,1
INSIDE,11.6,4.4,2.07,1.03,1,1
INSIDE,13.3,0.31,2.31,0.66,1,1
OUTSIDE,182.9,4.66,0.91,1.06,4,3
OUTSIDE,181.8,0.14,0.63,2.75,1,1
OUTSIDE,183.2,1.76,0.35,1.05,3,2
OUTSIDE,183.3,3.83,0.45,2.02,2,1
OUTSIDE,183.4,6.91,0.84,0.37,1,1
OUTSIDE,183.7,2.47,0.69,0.38,1,1
OUTSIDE,183.9,0.0,0.3,0.0,1,1
OUTSIDE,184.4,2.51,0.0,0.4,1,1
ABOVE,34.8,7.82,0.92,1.52,2,1
ABOVE,35.5,0.1,1.17,1.06,10,2
ABOVE,35.1,0.83,0.02,1.66,5,1
ABOVE,34.9,0.36,0.06,1.42,1,1
ABOVE,35.3,0.33,0.36,1.67,2,2
ABOVE,35.1,0.4,0.01,0.99,1,1
ABOVE,35.9,0.72,0.4,0.77,3,3
ABOVE,35.2,0.38,0.16,1.45,1,1
ABOVE,36.1,0.93,1.33,0.39,2,2
ABOVE,36.4,0.04,0.22,1.17,6,4
ABOVE,35.3,0.43,1.34,0.95,1,1
ABOVE,36.5,0.12,0.32,0.4,4,3
ABOVE,35.6,0.07,0.06,1.46,1,1
ABOVE,35.7,0.79,0.41,2.03,1,1
ABOVE,36.2,0.03,0.05,1.21,2,2
ABOVE,35.9,1.15,0.17,1.77,1,1
ABOVE,36.5,2.61,1.69,0.33,2,2
ABOVE,36.4,0.21,1.67,1.11,1,1
ABOVE,36.5,0.2,0.38,0.48,5,3
ABOVE,37.2,0.77,0.02,2.33,1,1
ABOVE,37.4,0.06,1.97,1.18,1,1
ABOVE,1.5,0.03,0.04,1.18,1,1
ABOVE,32.2,0.53,0.03,1.68,5,2
ABOVE,32.3,0.43,1.24,1.13,3,1
ABOVE,33.1,0.09,0.13,1.24,5,3
ABOVE,33.0,0.62,0.27,1.31,8,2
ABOVE,32.6,0.21,0.18,1.24,4,2
ABOVE,32.9,0.03,0.41,0.92,6,2
ABOVE,32.2,0.36,0.01,1.03,5,1
ABOVE,33.6,2.58,1.52,0.36,6,4
ABOVE,34.0,0.09,1.24,0.82,7,4
ABOVE,33.2,0.03,0.04,1.25,2,2
ABOVE,32.6,0.11,1.27,1.2,5,3
ABOVE,33.3,0.67,0.02,1.69,2,1
ABOVE,32.5,0.61,0.15,1.28,1,1
ABOVE,33.5,0.29,0.44,1.98,1,1
ABOVE,34.1,0.34,0.25,0.33,1,1
ABOVE,34.3,0.05,1.82,1.19,1,1
ABOVE,34.4,0.05,0.05,1.18,1,1
ABOVE,10.1,0.07,0.06,0.89,1,1
RAIL,5.1,1.11,0.36,0.43,1,1
RAIL,5.4,0.3,0.05,0.93,1,1
OUTSIDE,5.0,7.16,0.08,2.3,2,2
OUTSIDE,5.6,0.86,0.46,1.85,10,6
OUTSIDE,5.7,8.2,0.23,2.71,2,1
ABOVE,4.7,0.29,0.67,1.01,1,1
ABOVE,5.1,0.07,1.96,1.31,1,1
ABOVE,5.4,6.59,1.19,1.33,3,1
ABOVE,110.7,1.77,0.81,0.81,2,1
ABOVE,109.9,0.03,1.82,1.01,1,1
ABOVE,107.7,2.92,0.73,0.74,2,1
ABOVE,108.6,0.04,1.85,1.22,2,1
ABOVE,108.3,0.2,0.38,0.47,1,1
ABOVE,109.3,0.07,1.79,1.26,1,1
ABOVE,109.3,0.1,1.79,0.49,1,1
ABOVE,105.4,0.04,1.68,1.61,3,2
ABOVE,106.0,0.03,1.87,1.42,1,1
ABOVE,89.7,0.1,0.35,0.34,1,1
ABOVE,90.5,2.08,1.15,0.8,2,2
ABOVE,90.7,0.07,1.62,1.13,2,1
ABOVE,90.5,0.36,1.86,2.4,1,1
RAIL,149.2,0.04,0.3,0.22,2,2
RAIL,149.1,0.97,0.48,0.61,1,1
RAIL,149.3,4.8,0.37,0.73,1,1
RAIL,149.8,0.08,0.34,0.23,2,2
RAIL,151.5,0.38,0.76,0.11,1,1
RAIL,162.5,0.07,0.09,0.7,3,2
RAIL,162.0,0.04,0.28,0.24,1,1
RAIL,163.5,0.01,0.38,0.25,1,1
OUTSIDE,125.1,5.17,0.64,0.79,56,4
OUTSIDE,124.7,0.08,0.31,0.8,1,1
OUTSIDE,124.9,3.02,2.09,2.13,4,2
OUTSIDE,125.1,2.51,1.98,0.98,3,2
OUTSIDE,126.4,9.56,1.92,2.31,4,3
OUTSIDE,126.2,0.29,2.09,2.56,2,1
OUTSIDE,125.7,0.62,1.71,0.94,2,2
OUTSIDE,127.0,2.69,0.3,1.92,1,1
ABOVE,156.1,3.93,0.26,2.04,1,1
ABOVE,86.2,2.02,1.43,0.77,2,2
ABOVE,86.7,0.04,1.42,0.74,2,1
ABOVE,87.6,0.08,0.33,0.49,2,1
ABOVE,87.2,0.34,0.11,1.05,1,1
RAIL,151.8,0.03,0.31,0.23,3,2
RAIL,151.7,0.04,0.08,0.63,1,1
RAIL,154.4,0.08,0.27,0.64,1,1
ABOVE,172.9,0.1,1.3,2.02,1,1
ABOVE,173.9,1.64,0.81,2.71,1,1
ABOVE,66.9,0.14,0.34,0.34,1,1
NEAR,145.5,1.63,1.09,3.54,1,1
INSIDE,140.2,0.12,0.13,3.31,3,1
INSIDE,140.6,0.27,3.35,0.3,2,1
INSIDE,140.4,2.51,4.06,0.96,11,9
INSIDE,140.7,5.5,4.29,2.37,19,11
INSIDE,141.3,10.73,4.53,2.21,8,5
INSIDE,140.6,6.12,4.26,0.58,8,5
INSIDE,140.0,0.99,0.3,3.06,1,1
INSIDE,141.6,1.58,4.61,3.22,3,3
INSIDE,140.3,1.96,4.18,0.02,1,1
INSIDE,141.6,11.29,3.97,1.4,4,3
INSIDE,141.5,0.13,3.49,0.79,4,1
INSIDE,141.0,3.08,0.25,3.23,1,1
INSIDE,142.0,2.33,3.16,0.29,2,2
ABOVE,80.7,0.04,1.52,1.27,4,1
ABOVE,80.3,0.08,0.31,0.69,2,1
ABOVE,82.1,0.16,0.28,0.36,1,1
ABOVE,82.2,2.35,1.18,0.32,1,1
RAIL,138.1,0.08,0.46,0.43,1,1
RAIL,139.3,0.03,0.32,0.21,1,1
RAIL,158.1,0.83,0.59,0.53,1,1
RAIL,158.5,0.07,0.28,0.66,1,1
ABOVE,77.8,1.46,1.0,0.52,2,2
ABOVE,78.2,0.15,0.35,1.05,1,1
OUTSIDE,133.7,8.33,0.69,0.17,1,1
OUTSIDE,135.5,3.47,1.71,2.18,5,5
OUTSIDE,133.9,0.91,1.77,0.97,2,2
OUTSIDE,134.0,1.79,0.7,0.03,1,1
OUTSIDE,134.7,0.06,0.71,0.31,1,1
OUTSIDE,135.2,1.87,0.33,1.21,2,2
OUTSIDE,135.5,2.76,0.31,1.95,1,1
OUTSIDE,135.9,0.14,0.73,0.92,1,1
OUTSIDE,135.9,0.45,2.15,2.45,1,1
ABOVE,95.8,0.06,1.65,1.7,2,1
ABOVE,95.6,0.59,0.19,0.73,1,1
ABOVE,97.2,0.27,1.31,1.28,2,2
RAIL,140.7,0.03,0.25,0.21,1,1
RAIL,136.4,0.04,0.24,0.2,1,1
OUTSIDE,15.2,1.77,0.21,2.84,3,2
OUTSIDE,14.4,1.96,2.28,0.14,1,1
OUTSIDE,15.7,0.23,1.15,0.24,1,1
OUTSIDE,16.2,0.35,0.12,0.77,2,2
OUTSIDE,16.3,3.14,0.06,1.57,1,1
INSIDE,13.8,0.55,0.1,0.6,1,1
INSIDE,14.3,0.72,1.43,0.05,2,2
INSIDE,15.1,0.7,2.86,0.35,2,1
INSIDE,15.6,0.79,0.64,2.83,5,4
INSIDE,15.4,1.19,1.65,0.75,1,1
INSIDE,15.9,2.05,2.03,3.17,3,2
OUTSIDE,188.1,2.44,0.38,0.39,1,1
OUTSIDE,189.6,1.83,0.38,1.17,4,3
OUTSIDE,189.1,0.21,2.17,2.47,1,1
OUTSIDE,189.2,8.23,1.01,1.83,1,1
OUTSIDE,189.3,5.88,0.54,0.9,1,1
OUTSIDE,190.1,0.46,0.59,1.83,1,1
RAIL,126.2,2.44,0.27,0.27,1,1
ABOVE,180.9,0.12,1.37,2.38,1,1
ABOVE,170.2,0.07,1.04,1.98,2,1
NEAR,121.9,0.53,0.48,1.03,1,1
NEAR,123.3,4.38,0.59,1.02,3,3
NEAR,123.0,1.15,0.05,1.58,1,1
ABOVE,164.6,0.08,1.15,1.85,1,1
ABOVE,168.1,0.14,1.14,2.18,1,1
ABOVE,161.6,0.06,1.28,2.15,1,1
RAIL,204.6,3.46,0.49,0.31,1,1
OUTSIDE,193.7,0.77,0.69,0.0,1,1
OUTSIDE,193.9,5.99,1.47,0.03,1,1
OUTSIDE,194.2,5.52,0.42,0.78,2,2
OUTSIDE,195.2,1.8,0.49,0.01,2,2
OUTSIDE,194.7,0.02,0.34,0.0,1,1
OUTSIDE,195.7,6.05,0.81,0.77,1,1
RAIL,12.3,0.93,0.46,0.52,12,3
RAIL,11.8,2.88,0.65,1.17,2,1
RAIL,11.7,0.38,0.63,1.16,2,1
RAIL,11.2,1.63,0.34,0.21,1,1
RAIL,11.3,0.91,0.06,0.16,1,1
RAIL,12.3,0.16,0.07,0.11,3,3
RAIL,12.6,0.11,0.1,1.11,2,1
RAIL,12.1,0.34,0.29,0.62,3,3
RAIL,13.3,0.69,0.22,0.12,1,1
RAIL,13.3,0.18,0.05,0.3,1,1
RAIL,13.4,0.29,0.21,0.15,1,1
RAIL,9.6,0.92,0.43,0.58,4,1
RAIL,9.6,0.27,0.11,0.2,1,1
RAIL,9.7,1.14,0.11,0.44,1,1
RAIL,9.9,0.36,0.1,1.15,1,1
RAIL,10.0,0.34,0.24,0.62,1,1
RAIL,10.2,0.1,0.31,0.38,1,1
NEAR,151.1,0.01,0.3,0.0,1,1
NEAR,151.3,1.6,1.4,0.3,1,1
ABOVE,101.9,0.06,1.67,1.17,3,1
ABOVE,101.6,0.02,1.55,1.15,1,1
ABOVE,101.7,0.27,1.95,1.0,1,1
ABOVE,93.8,0.04,1.7,1.56,3,1
ABOVE,92.8,1.74,1.94,0.56,1,1
ABOVE,94.0,1.15,1.51,1.52,1,1
ABOVE,94.1,0.1,0.19,0.47,1,1
ABOVE,83.5,0.04,1.55,1.31,5,1
ABOVE,82.7,0.59,0.23,0.77,2,1
ABOVE,84.1,1.44,1.42,0.88,4,3
ABOVE,84.1,1.85,0.14,0.79,1,1
ABOVE,85.2,0.27,0.11,1.03,1,1
ABOVE,85.5,0.05,0.9,0.5,1,1
ABOVE,76.0,0.04,1.59,1.35,1,1
ABOVE,53.1,0.07,0.48,0.53,1,1
ABOVE,54.7,0.29,1.03,0.49,1,1
NEAR,173.0,0.05,0.5,1.46,1,1
NEAR,174.1,0.19,0.43,0.92,2,2
INSIDE,8.4,2.21,0.64,1.75,1,1
INSIDE,10.1,0.71,1.02,0.05,1,1
NEAR,11.6,0.32,0.19,0.16,1,1
NEAR,206.0,4.68,0.32,0.05,1,1
NEAR,207.5,0.38,0.45,0.85,1,1
NEAR,204.6,0.39,0.58,1.21,2,1
NEAR,204.5,5.84,0.38,2.29,1,1
OUTSIDE,204.1,4.04,0.68,2.29,2,1
OUTSIDE,203.1,0.29,0.71,0.0,1,1
OUTSIDE,204.6,1.86,1.8,0.02,1,1
OUTSIDE,200.6,3.82,0.66,2.04,2,2
OUTSIDE,200.6,6.2,0.46,0.39,1,1
OUTSIDE,201.2,0.25,0.38,0.99,1,1
ABOVE,177.1,0.09,0.02,0.47,1,1
RAIL,196.9,0.02,0.34,0.0,1,1
NEAR,200.5,0.37,0.43,1.69,1,1
NEAR,200.9,0.04,0.05,1.03,1,1
NEAR,201.5,3.11,0.53,2.01,1,1
NEAR,199.2,0.08,0.14,1.28,1,1
OUTSIDE,197.0,0.47,0.07,0.36,1,1
OUTSIDE,198.0,0.03,0.33,0.0,1,1
OUTSIDE,198.2,6.52,0.43,0.8,1,1
NEAR,193.4,0.39,0.67,0.41,1,1
NEAR,188.1,0.06,0.46,1.21,1,1
NEAR,154.9,4.27,0.65,2.01,2,1
NEAR,152.0,3.01,0.51,2.0,1,1
RAIL,128.5,3.81,1.14,0.56,1,1
