frame,ts_ns,in_points,roi_points,raw_candidates,confirmed,max_dist,dist_list,zone_list,size_list,track_id_list,proc_ms
1,1788358443342122534,307200,103462,19,0,0.0,[],[],[],[],76.6
2,1788358443446432821,307200,94680,18,0,0.0,[],[],[],[],65.4
3,1788358443543440109,307200,103388,17,0,0.0,[],[],[],[],54.4
4,1788358443646502500,307200,101861,15,0,0.0,[],[],[],[],49.0
5,1788358443746778287,307200,98474,17,0,0.0,[],[],[],[],42.2
6,1788358443838386269,307200,101921,18,0,0.0,[],[],[],[],34.0
7,1788358443938807313,307200,108855,18,0,0.0,[],[],[],[],26.3
8,1788358444035498044,307200,100711,19,0,0.0,[],[],[],[],18.5
9,1788358444140845757,307200,103378,15,0,0.0,[],[],[],[],18.9
10,1788358444242669018,307200,107308,16,0,0.0,[],[],[],[],18.5
11,1788358444340774411,307200,94980,16,0,0.0,[],[],[],[],17.0
12,1788358444439482080,307200,105949,15,0,0.0,[],[],[],[],18.2
13,1788358444537205756,307200,102044,16,0,0.0,[],[],[],[],17.0
14,1788358444640460522,307200,109213,15,0,0.0,[],[],[],[],18.7
15,1788358444735582675,307200,93627,20,0,0.0,[],[],[],[],24.3
16,1788358444840670222,307200,100795,15,1,107.7,[107.7],['INSIDE'],"[[1.0, 0.06, 0.75]]",[19],17.0
17,1788358444944312696,307200,102521,16,3,105.4,"[42.4, 89.6, 105.4]","['OUTSIDE', 'INSIDE', 'INSIDE']","[[3.26, 0.25, 1.68], [1.33, 4.22, 2.38], [3.06, 0.1, 0.74]]","[23, 16, 19]",16.5
18,1788358445036492277,307200,108454,13,2,88.5,"[42.1, 88.5]","['NEAR', 'INSIDE']","[[0.47, 0.15, 0.84], [1.37, 4.21, 2.55]]","[23, 16]",17.6
19,1788358445135409797,307200,98905,15,3,102.9,"[43.9, 87.2, 102.9]","['OUTSIDE', 'INSIDE', 'INSIDE']","[[4.55, 0.34, 2.05], [9.84, 4.58, 2.48], [3.08, 0.09, 0.73]]","[23, 16, 19]",17.9
20,1788358445238329575,307200,103237,16,4,102.1,"[42.9, 85.8, 94.2, 102.1]","['OUTSIDE', 'INSIDE', 'NEAR', 'NEAR']","[[5.17, 0.37, 2.16], [1.21, 4.17, 2.48], [1.63, 0.7, 1.04], [2.04, 0.77, 0.72]]","[23, 16, 21, 19]",17.8
21,1788358445339582138,307200,102365,21,3,101.7,"[84.3, 93.0, 101.7]","['INSIDE', 'NEAR', 'OUTSIDE']","[[1.76, 4.32, 2.65], [1.62, 0.69, 1.03], [3.77, 0.48, 1.84]]","[16, 21, 19]",18.1
22,1788358445437267996,307200,94486,15,4,100.7,"[43.9, 91.7, 99.0, 100.7]","['NEAR', 'NEAR', 'INSIDE', 'OUTSIDE']","[[1.47, 0.2, 1.54], [1.68, 0.72, 0.78], [3.02, 0.15, 1.1], [3.24, 0.3, 1.4]]","[23, 18, 19, 17]",15.5
23,1788358445538974683,307200,101760,17,5,97.7,"[42.5, 89.7, 93.7, 96.2, 97.7]","['NEAR', 'OUTSIDE', 'INSIDE', 'INSIDE', 'INSIDE']","[[0.78, 0.24, 1.69], [0.27, 0.16, 1.0], [0.96, 0.06, 0.65], [3.19, 3.92, 2.3], [3.03, 0.18, 1.27]]","[23, 18, 21, 19, 17]",17.5
24,1788358445640537415,307200,99814,13,3,96.3,"[36.8, 40.7, 96.3]","['OUTSIDE', 'NEAR', 'INSIDE']","[[2.74, 0.34, 1.85], [4.79, 0.25, 2.04], [3.28, 3.86, 2.27]]","[9, 23, 19]",17.5
25,1788358445742078850,307200,98355,16,5,98.9,"[37.7, 43.3, 84.8, 95.1, 98.9]","['OUTSIDE', 'RAIL', 'OUTSIDE', 'INSIDE', 'INSIDE']","[[8.32, 0.47, 2.29], [1.56, 0.2, 0.86], [1.47, 0.55, 0.97], [3.05, 0.19, 1.26], [1.23, 2.08, 0.22]]","[9, 8, 16, 21, 17]",16.9
26,1788358445839575205,307200,102248,16,5,101.5,"[40.2, 41.1, 42.0, 86.4, 101.5]","['NEAR', 'NEAR', 'RAIL', 'INSIDE', 'OUTSIDE']","[[0.82, 0.25, 0.81], [0.75, 0.34, 1.32], [3.84, 0.57, 0.97], [1.52, 4.4, 2.28], [0.78, 1.57, 2.24]]","[23, 25, 8, 24, 31]",21.4
27,1788358445937296263,307200,102571,16,6,100.8,"[40.0, 41.6, 41.7, 48.2, 85.2, 100.8]","['RAIL', 'INSIDE', 'NEAR', 'NEAR', 'NEAR', 'OUTSIDE']","[[1.63, 0.54, 0.9], [0.57, 0.87, 0.04], [6.32, 0.32, 2.43], [1.62, 0.22, 1.91], [1.65, 0.64, 1.69], [1.46, 0.76, 2.43]]","[8, 25, 23, 32, 24, 31]",17.0
28,1788358446044454293,307200,102730,9,5,99.5,"[47.3, 90.3, 92.1, 94.7, 99.5]","['NEAR', 'INSIDE', 'OUTSIDE', 'INSIDE', 'OUTSIDE']","[[0.43, 0.2, 1.15], [1.07, 0.09, 1.24], [4.85, 0.43, 2.36], [1.86, 3.84, 2.47], [1.35, 0.44, 2.37]]","[32, 18, 29, 19, 31]",18.0
29,1788358446138624768,307200,103031,14,6,98.2,"[40.9, 42.7, 46.1, 91.8, 97.4, 98.2]","['RAIL', 'NEAR', 'NEAR', 'INSIDE', 'INSIDE', 'OUTSIDE']","[[1.48, 0.17, 0.72], [3.05, 0.33, 1.72], [0.45, 0.19, 0.82], [4.63, 4.03, 2.62], [0.22, 0.53, 0.19], [1.4, 0.73, 2.36]]","[8, 25, 32, 29, 17, 31]",17.1
30,1788358446237309353,307200,103203,15,7,89.1,"[37.1, 38.5, 41.5, 45.9, 83.2, 88.2, 89.1]","['INSIDE', 'NEAR', 'NEAR', 'NEAR', 'INSIDE', 'INSIDE', 'INSIDE']","[[0.48, 1.03, 0.03], [1.19, 0.29, 2.32], [3.4, 0.32, 2.09], [0.32, 0.21, 1.61], [3.24, 3.99, 2.76], [2.02, 0.15, 1.54], [7.94, 4.01, 2.71]]","[9, 20, 25, 32, 10, 18, 15]",18.6
31,1788358446340259676,307200,101982,10,3,87.3,"[45.8, 80.1, 87.3]","['NEAR', 'NEAR', 'OUTSIDE']","[[1.09, 0.19, 1.6], [1.56, 0.55, 1.19], [5.45, 1.52, 2.68]]","[32, 14, 15]",18.0
32,1788358446447142435,307200,104559,13,7,95.0,"[37.2, 37.7, 39.2, 42.4, 46.3, 94.1, 95.0]","['INSIDE', 'INSIDE', 'NEAR', 'NEAR', 'NEAR', 'INSIDE', 'INSIDE']","[[0.5, 0.91, 0.03], [0.47, 0.7, 0.34], [4.25, 0.37, 1.71], [0.41, 0.22, 1.12], [6.26, 0.34, 2.37], [1.76, 4.16, 2.45], [1.22, 0.2, 2.08]]","[9, 20, 23, 25, 32, 19, 21]",19.5
33,1788358446538115242,307200,98844,17,8,93.6,"[39.1, 41.1, 44.5, 82.8, 87.8, 88.7, 92.8, 93.6]","['NEAR', 'NEAR', 'NEAR', 'INSIDE', 'INSIDE', 'INSIDE', 'OUTSIDE', 'INSIDE']","[[0.47, 0.18, 0.87], [2.37, 0.27, 1.64], [0.99, 0.23, 0.88], [7.83, 4.06, 2.77], [0.56, 4.13, 2.51], [0.66, 0.06, 1.35], [1.86, 0.41, 2.22], [2.7, 1.93, 2.31]]","[23, 25, 32, 10, 15, 18, 29, 19]",21.8
34,1788358446636376707,307200,100960,17,6,92.0,"[40.3, 44.2, 82.7, 87.1, 91.6, 92.0]","['NEAR', 'RAIL', 'INSIDE', 'INSIDE', 'OUTSIDE', 'INSIDE']","[[1.51, 0.2, 1.43], [1.0, 0.18, 0.58], [5.49, 4.02, 2.73], [1.39, 4.13, 2.74], [1.59, 0.53, 2.4], [2.08, 1.4, 2.28]]","[25, 32, 10, 15, 29, 19]",18.9
35,1788358446742571474,307200,103351,18,11,91.0,"[27.4, 36.4, 38.4, 41.4, 43.0, 44.4, 82.5, 87.7, 87.8, 90.3, 91.0]","['INSIDE', 'NEAR', 'NEAR', 'NEAR', 'RAIL', 'NEAR', 'INSIDE', 'OUTSIDE', 'INSIDE', 'OUTSIDE', 'NEAR']","[[0.35, 0.95, 0.03], [0.81, 0.23, 1.28], [2.19, 0.26, 1.96], [2.02, 0.28, 1.82], [1.24, 0.29, 1.02], [2.34, 0.35, 2.92], [7.88, 4.32, 2.72], [0.32, 1.58, 0.98], [2.89, 0.09, 1.38], [1.31, 0.53, 2.36], [2.67, 0.48, 2.35]]","[28, 20, 23, 25, 35, 32, 10, 15, 18, 29, 19]",18.7
36,1788358446836295357,307200,103465,9,5,88.7,"[32.6, 41.1, 77.2, 85.6, 88.7]","['INSIDE', 'NEAR', 'INSIDE', 'INSIDE', 'INSIDE']","[[0.68, 1.06, 0.26], [10.65, 0.37, 2.5], [1.31, 2.59, 0.21], [2.95, 1.01, 1.71], [3.34, 4.27, 2.75]]","[1, 25, 14, 24, 15]",21.6
37,1788358446937129009,307200,102204,5,2,88.2,"[85.2, 88.2]","['RAIL', 'INSIDE']","[[0.45, 0.08, 0.94], [3.11, 4.39, 2.71]]","[24, 15]",21.5
38,1788358447035694884,307200,102345,14,7,86.6,"[28.9, 31.4, 34.5, 38.5, 43.5, 44.8, 86.6]","['OUTSIDE', 'NEAR', 'NEAR', 'NEAR', 'RAIL', 'RAIL', 'INSIDE']","[[0.67, 1.09, 0.49], [1.22, 1.48, 0.34], [0.45, 0.16, 0.44], [10.58, 0.41, 2.11], [1.83, 0.21, 1.03], [1.33, 0.24, 1.06], [3.61, 4.42, 2.67]]","[28, 1, 20, 23, 8, 32, 13]",17.1
39,1788358447141241758,307200,101770,14,8,85.1,"[36.1, 41.6, 43.0, 43.2, 77.9, 82.6, 84.6, 85.1]","['NEAR', 'NEAR', 'NEAR', 'NEAR', 'INSIDE', 'OUTSIDE', 'OUTSIDE', 'INSIDE']","[[8.83, 0.33, 2.06], [1.17, 0.34, 1.55], [0.54, 0.45, 0.96], [1.26, 0.46, 1.13], [3.06, 0.21, 1.56], [0.53, 1.87, 1.11], [2.33, 0.52, 2.65], [2.77, 0.48, 2.44]]","[20, 25, 35, 32, 14, 10, 13, 24]",17.4
40,1788358447241177153,307200,100936,10,4,83.3,"[40.6, 41.2, 46.9, 83.3]","['RAIL', 'RAIL', 'NEAR', 'INSIDE']","[[0.53, 0.25, 0.56], [0.7, 0.24, 0.91], [1.3, 0.44, 1.87], [3.82, 4.28, 2.77]]","[25, 8, 38, 10]",17.6
41,1788358447346417978,307200,106779,15,8,83.7,"[37.4, 38.8, 38.9, 40.8, 45.5, 79.8, 82.2, 83.7]","['INSIDE', 'INSIDE', 'NEAR', 'OUTSIDE', 'NEAR', 'INSIDE', 'INSIDE', 'NEAR']","[[0.94, 1.05, 0.07], [0.5, 0.73, 0.35], [1.5, 0.33, 1.65], [1.4, 0.48, 2.03], [0.74, 0.34, 1.82], [1.06, 1.1, 0.9], [2.04, 4.3, 2.72], [1.39, 0.51, 2.43]]","[9, 23, 25, 35, 38, 14, 10, 24]",16.4
42,1788358447441676587,307200,102192,12,6,81.5,"[29.6, 35.1, 44.0, 44.1, 80.3, 81.5]","['NEAR', 'INSIDE', 'INSIDE', 'NEAR', 'OUTSIDE', 'INSIDE']","[[0.56, 0.37, 0.48], [0.39, 0.99, 0.03], [0.5, 0.37, 0.41], [0.94, 0.44, 2.14], [3.13, 1.42, 2.8], [2.13, 2.13, 2.72]]","[28, 20, 32, 38, 10, 14]",16.6
43,1788358447541512350,307200,100990,10,4,80.2,"[22.9, 43.2, 78.2, 80.2]","['NEAR', 'NEAR', 'INSIDE', 'INSIDE']","[[0.76, 0.25, 0.59], [1.89, 0.39, 2.07], [1.28, 0.05, 1.5], [2.09, 0.61, 2.51]]","[5, 38, 14, 10]",19.0
44,1788358447639642241,307200,98616,13,4,78.2,"[33.6, 42.9, 74.1, 78.2]","['INSIDE', 'NEAR', 'INSIDE', 'INSIDE']","[[0.68, 1.06, 0.05], [0.71, 0.05, 1.61], [0.58, 0.17, 0.96], [3.4, 0.66, 2.4]]","[20, 38, 14, 10]",19.6
45,1788358447735056906,307200,91574,12,5,43.7,"[22.9, 30.4, 38.8, 40.6, 43.7]","['NEAR', 'NEAR', 'INSIDE', 'NEAR', 'NEAR']","[[0.48, 0.26, 0.58], [1.08, 0.46, 0.57], [0.28, 0.68, 0.36], [2.35, 0.75, 2.73], [0.41, 0.07, 1.73]]","[5, 28, 23, 35, 38]",15.3
46,1788358447842724883,307200,88819,15,5,75.7,"[31.4, 38.8, 41.8, 43.8, 75.7]","['INSIDE', 'NEAR', 'NEAR', 'NEAR', 'INSIDE']","[[2.15, 1.89, 0.28], [1.51, 0.43, 1.96], [1.35, 0.07, 1.45], [0.98, 0.09, 1.27], [3.02, 0.65, 2.68]]","[4, 25, 35, 38, 14]",15.9
47,1788358447940516005,307200,95880,16,10,156.7,"[37.6, 39.1, 41.0, 42.0, 42.9, 44.8, 45.1, 74.7, 143.9, 156.7]","['NEAR', 'NEAR', 'NEAR', 'NEAR', 'NEAR', 'RAIL', 'INSIDE', 'INSIDE', 'RAIL', 'NEAR']","[[1.3, 0.42, 1.89], [1.18, 0.07, 1.64], [0.59, 0.06, 1.62], [0.44, 0.08, 1.2], [0.22, 0.1, 1.61], [0.89, 0.18, 0.88], [0.28, 0.04, 1.19], [3.68, 2.23, 2.68], [0.14, 0.33, 0.63], [2.5, 0.82, 2.03]]","[25, 23, 35, 38, 32, 8, 41, 14, 47, 48]",17.2
48,1788358448040691840,307200,98867,12,7,143.2,"[27.2, 29.5, 31.0, 36.6, 41.2, 43.2, 143.2]","['INSIDE', 'INSIDE', 'NEAR', 'NEAR', 'NEAR', 'INSIDE', 'OUTSIDE']","[[2.43, 2.16, 1.41], [1.38, 2.2, 0.55], [0.53, 0.19, 0.79], [2.3, 0.47, 2.17], [1.4, 0.12, 1.56], [1.36, 0.1, 1.31], [1.95, 0.53, 2.18]]","[28, 4, 20, 25, 35, 32, 47]",16.6
49,1788358448141071911,307200,96495,19,12,157.6,"[29.8, 35.0, 37.3, 39.3, 40.2, 41.8, 42.4, 44.4, 44.4, 46.4, 142.1, 157.6]","['OUTSIDE', 'NEAR', 'INSIDE', 'NEAR', 'INSIDE', 'INSIDE', 'INSIDE', 'INSIDE', 'RAIL', 'INSIDE', 'OUTSIDE', 'OUTSIDE']","[[2.83, 0.54, 1.54], [1.97, 0.47, 2.08], [0.43, 0.08, 1.47], [0.42, 0.11, 1.81], [0.49, 0.04, 1.33], [0.63, 1.01, 0.04], [0.41, 0.05, 1.21], [0.6, 0.06, 1.75], [0.45, 0.17, 0.27], [0.45, 0.05, 1.11], [1.62, 0.32, 2.16], [7.92, 1.21, 2.08]]","[20, 25, 23, 35, 38, 32, 46, 41, 8, 37, 47, 48]",16.6
50,1788358448237277673,307200,102416,21,12,158.3,"[31.8, 32.8, 34.1, 36.9, 37.9, 38.9, 40.3, 40.9, 42.0, 49.8, 71.3, 158.3]","['NEAR', 'INSIDE', 'NEAR', 'RAIL', 'NEAR', 'INSIDE', 'RAIL', 'INSIDE', 'INSIDE', 'INSIDE', 'INSIDE', 'OUTSIDE']","[[0.52, 0.46, 0.55], [0.42, 0.91, 0.03], [2.31, 0.49, 2.06], [0.65, 0.06, 1.06], [0.24, 0.07, 0.91], [0.42, 0.12, 1.88], [0.29, 0.18, 0.8], [0.71, 0.09, 1.43], [0.67, 0.04, 1.12], [0.5, 0.13, 1.53], [3.08, 2.45, 2.51], [11.97, 1.13, 2.0]]","[4, 25, 23, 35, 9, 38, 8, 46, 32, 37, 14, 48]",16.4
51,1788358448336005975,307200,102954,15,8,154.7,"[32.7, 36.1, 37.6, 39.7, 45.0, 49.6, 69.9, 154.7]","['NEAR', 'NEAR', 'NEAR', 'NEAR', 'INSIDE', 'INSIDE', 'INSIDE', 'OUTSIDE']","[[2.66, 0.49, 2.22], [1.24, 0.08, 1.53], [0.33, 0.09, 1.41], [0.71, 0.09, 1.41], [1.09, 0.11, 1.4], [0.39, 0.06, 1.09], [2.71, 0.98, 2.63], [8.94, 1.59, 1.97]]","[23, 35, 9, 38, 41, 37, 14, 48]",16.4
52,1788358448443059089,307200,102341,14,10,137.4,"[25.4, 32.8, 36.4, 38.1, 39.3, 41.1, 42.9, 44.2, 68.5, 137.4]","['OUTSIDE', 'NEAR', 'NEAR', 'NEAR', 'NEAR', 'NEAR', 'NEAR', 'INSIDE', 'INSIDE', 'RAIL']","[[0.72, 0.56, 0.47], [5.43, 0.67, 2.7], [1.04, 0.1, 2.15], [1.34, 0.11, 1.62], [0.47, 0.05, 1.31], [1.01, 0.05, 1.55], [1.41, 0.05, 1.63], [0.36, 0.06, 1.07], [2.69, 0.79, 2.41], [0.2, 0.32, 0.6]]","[28, 23, 35, 9, 38, 46, 32, 41, 14, 47]",18.1
53,1788358448535004847,307200,101954,20,12,150.3,"[24.4, 25.7, 31.0, 35.3, 38.0, 40.0, 41.2, 42.4, 44.8, 65.2, 136.1, 150.3]","['NEAR', 'INSIDE', 'OUTSIDE', 'OUTSIDE', 'NEAR', 'NEAR', 'NEAR', 'NEAR', 'NEAR', 'NEAR', 'OUTSIDE', 'OUTSIDE']","[[0.79, 0.29, 1.1], [0.53, 0.98, 0.05], [4.66, 0.56, 2.36], [3.56, 0.93, 2.14], [0.73, 0.05, 1.5], [1.09, 0.11, 2.0], [0.33, 0.04, 1.37], [1.41, 0.07, 1.49], [1.01, 0.79, 1.12], [6.56, 0.67, 2.51], [0.3, 0.25, 0.88], [4.05, 1.38, 2.25]]","[28, 5, 20, 35, 9, 38, 46, 32, 41, 14, 47, 48]",16.1
54,1788358448637407625,307200,102270,23,13,146.5,"[24.6, 30.6, 33.3, 35.5, 36.7, 37.0, 38.2, 40.2, 41.7, 45.7, 65.3, 134.7, 146.5]","['NEAR', 'NEAR', 'NEAR', 'NEAR', 'NEAR', 'INSIDE', 'NEAR', 'NEAR', 'NEAR', 'NEAR', 'NEAR', 'OUTSIDE', 'OUTSIDE']","[[0.71, 0.21, 0.5], [6.5, 0.72, 2.73], [0.45, 0.91, 0.03], [0.68, 0.09, 1.5], [0.49, 0.04, 1.29], [0.84, 1.0, 0.06], [1.61, 0.1, 1.63], [1.22, 0.07, 1.94], [0.65, 0.09, 1.46], [0.55, 0.1, 1.09], [2.3, 0.55, 2.3], [0.36, 0.45, 0.87], [8.89, 1.2, 2.23]]","[28, 20, 25, 35, 9, 38, 46, 32, 41, 37, 14, 47, 48]",18.6
55,1788358448736964163,307200,102453,17,9,183.1,"[21.7, 29.2, 31.2, 38.4, 40.2, 41.7, 43.5, 133.6, 183.1]","['OUTSIDE', 'OUTSIDE', 'INSIDE', 'NEAR', 'NEAR', 'NEAR', 'RAIL', 'OUTSIDE', 'RAIL']","[[0.81, 0.67, 1.12], [0.64, 0.67, 0.26], [6.54, 2.15, 3.09], [0.49, 0.1, 1.52], [0.39, 0.1, 1.92], [1.17, 0.05, 1.1], [0.41, 0.19, 0.68], [0.43, 0.64, 2.02], [0.08, 0.32, 0.27]]","[28, 4, 20, 46, 32, 41, 8, 47, 51]",18.3
56,1788358448836814258,307200,103358,17,10,182.9,"[27.2, 35.3, 37.3, 37.3, 38.8, 39.8, 40.9, 44.8, 132.1, 182.9]","['INSIDE', 'NEAR', 'INSIDE', 'NEAR', 'NEAR', 'NEAR', 'NEAR', 'NEAR', 'OUTSIDE', 'OUTSIDE']","[[0.72, 1.05, 0.2], [1.27, 0.09, 1.5], [0.8, 1.01, 0.05], [1.4, 0.08, 1.57], [0.27, 0.09, 1.69], [0.59, 0.04, 1.23], [0.39, 0.36, 0.74], [0.22, 0.1, 1.22], [0.27, 0.3, 0.85], [2.55, 0.87, 2.05]]","[5, 35, 38, 9, 46, 32, 41, 37, 47, 51]",19.0
57,1788358448942725797,307200,103228,15,9,181.6,"[20.0, 32.4, 35.7, 38.4, 39.6, 40.7, 64.7, 174.8, 181.6]","['OUTSIDE', 'NEAR', 'NEAR', 'NEAR', 'OUTSIDE', 'NEAR', 'RAIL', 'OUTSIDE', 'OUTSIDE']","[[0.26, 0.17, 0.17], [1.11, 0.97, 0.29], [0.7, 0.08, 1.41], [0.69, 0.09, 1.53], [0.51, 0.46, 0.37], [0.81, 0.09, 1.55], [0.9, 0.05, 1.0], [0.06, 0.11, 0.71], [2.46, 0.87, 2.03]]","[28, 25, 35, 46, 41, 32, 14, 50, 51]",18.1
58,1788358449042145793,307200,97689,12,8,180.2,"[31.5, 34.1, 35.3, 36.8, 38.2, 39.3, 44.3, 180.2]","['OUTSIDE', 'NEAR', 'NEAR', 'INSIDE', 'OUTSIDE', 'NEAR', 'NEAR', 'OUTSIDE']","[[0.86, 0.23, 0.33], [0.52, 0.08, 1.44], [0.67, 0.08, 1.49], [0.83, 1.27, 0.06], [0.46, 0.41, 0.36], [2.82, 0.14, 1.7], [1.4, 0.12, 1.67], [2.48, 0.86, 1.53]]","[4, 23, 35, 38, 41, 46, 37, 51]",19.0
59,1788358449137244540,307200,102423,6,2,40.1,"[36.6, 40.1]","['INSIDE', 'NEAR']","[[1.46, 0.95, 2.84], [1.07, 0.11, 1.68]]","[9, 32]",19.6
60,1788358449241601312,307200,92237,14,7,43.6,"[28.8, 33.3, 35.5, 35.5, 37.9, 39.5, 43.6]","['OUTSIDE', 'INSIDE', 'NEAR', 'NEAR', 'NEAR', 'INSIDE', 'NEAR']","[[0.98, 0.3, 0.33], [0.84, 1.02, 0.3], [0.5, 0.08, 1.48], [0.48, 0.33, 0.34], [1.2, 0.11, 1.6], [0.45, 0.12, 1.57], [0.73, 0.09, 1.26]]","[20, 25, 35, 38, 9, 46, 37]",17.8
61,1788358449338924834,307200,102006,15,9,176.1,"[27.3, 29.2, 34.0, 34.2, 35.2, 36.2, 40.4, 43.1, 176.1]","['NEAR', 'OUTSIDE', 'NEAR', 'NEAR', 'NEAR', 'NEAR', 'NEAR', 'NEAR', 'OUTSIDE']","[[0.37, 0.94, 0.04], [0.94, 0.29, 0.29], [0.82, 0.08, 1.43], [0.75, 0.61, 0.94], [0.65, 0.06, 1.33], [0.52, 0.05, 1.44], [1.05, 0.07, 1.6], [0.49, 0.08, 1.22], [2.47, 0.84, 1.97]]","[5, 20, 23, 25, 35, 9, 32, 37, 50]",17.2
62,1788358449438657155,307200,101112,17,8,182.6,"[17.3, 27.7, 30.3, 36.7, 38.4, 39.8, 174.8, 182.6]","['INSIDE', 'NEAR', 'NEAR', 'NEAR', 'NEAR', 'RAIL', 'OUTSIDE', 'OUTSIDE']","[[0.16, 0.36, 0.31], [0.39, 0.95, 0.03], [0.59, 0.83, 0.26], [0.58, 0.11, 1.37], [1.07, 0.1, 1.62], [0.57, 0.1, 1.14], [2.6, 0.83, 1.96], [2.69, 1.19, 1.55]]","[28, 5, 20, 9, 46, 32, 50, 51]",14.7
63,1788358449539004404,307200,102029,11,6,177.3,"[27.6, 32.8, 34.3, 38.3, 42.7, 177.3]","['NEAR', 'INSIDE', 'NEAR', 'NEAR', 'NEAR', 'OUTSIDE']","[[0.48, 0.95, 0.04], [0.37, 0.81, 0.3], [0.58, 0.1, 1.44], [0.52, 0.15, 1.44], [1.02, 0.06, 1.49], [10.48, 1.02, 1.95]]","[5, 4, 23, 46, 37, 50]",15.9
64,1788358449642984085,307200,102399,15,7,181.9,"[15.6, 33.6, 35.0, 36.4, 39.7, 42.9, 181.9]","['INSIDE', 'NEAR', 'NEAR', 'NEAR', 'NEAR', 'NEAR', 'OUTSIDE']","[[0.3, 0.27, 0.05], [1.43, 0.11, 2.01], [0.58, 0.07, 1.38], [1.52, 0.08, 1.82], [1.26, 0.11, 1.66], [0.52, 0.11, 1.52], [6.54, 0.86, 1.53]]","[28, 23, 35, 9, 32, 37, 51]",19.0
65,1788358449742011808,307200,103404,17,7,180.5,"[29.1, 34.7, 35.7, 38.1, 39.6, 111.9, 180.5]","['NEAR', 'NEAR', 'NEAR', 'NEAR', 'NEAR', 'OUTSIDE', 'OUTSIDE']","[[1.48, 1.05, 0.56], [0.78, 0.08, 1.38], [0.54, 0.09, 1.33], [1.52, 0.1, 1.49], [0.33, 0.09, 1.98], [0.21, 0.26, 2.16], [6.55, 0.85, 1.51]]","[20, 35, 9, 46, 32, 55, 51]",18.9
66,1788358449845341524,307200,102259,17,9,186.4,"[27.2, 32.7, 34.3, 37.0, 39.0, 110.5, 173.9, 177.1, 186.4]","['NEAR', 'NEAR', 'NEAR', 'NEAR', 'NEAR', 'OUTSIDE', 'OUTSIDE', 'OUTSIDE', 'OUTSIDE']","[[0.86, 0.99, 0.77], [1.66, 0.11, 1.68], [0.45, 0.08, 1.28], [1.87, 0.13, 1.86], [0.78, 0.1, 1.65], [0.09, 0.29, 2.13], [2.81, 0.28, 1.16], [2.63, 0.85, 1.5], [7.92, 1.19, 1.61]]","[5, 23, 35, 46, 32, 55, 50, 51, 54]",19.7
67,1788358449940894564,307200,99445,21,9,179.7,"[27.5, 31.3, 32.8, 35.2, 37.2, 38.8, 41.8, 105.1, 179.7]","['NEAR', 'NEAR', 'NEAR', 'NEAR', 'NEAR', 'NEAR', 'NEAR', 'OUTSIDE', 'OUTSIDE']","[[0.53, 0.87, 0.26], [1.46, 0.06, 2.04], [0.62, 0.11, 1.3], [2.48, 0.14, 2.15], [0.87, 0.11, 1.56], [0.68, 0.15, 1.63], [0.34, 0.04, 1.01], [0.1, 0.26, 2.02], [10.77, 1.44, 2.15]]","[5, 23, 35, 9, 46, 32, 37, 55, 51]",17.7
68,1788358450045218018,307200,105035,20,10,181.6,"[30.4, 32.9, 33.7, 35.5, 36.8, 38.2, 39.4, 40.4, 99.6, 181.6]","['NEAR', 'INSIDE', 'NEAR', 'NEAR', 'NEAR', 'NEAR', 'NEAR', 'NEAR', 'OUTSIDE', 'OUTSIDE']","[[2.65, 0.12, 1.9], [0.53, 0.9, 0.04], [2.78, 0.12, 2.0], [0.38, 0.09, 1.49], [1.35, 0.12, 2.16], [0.84, 0.11, 1.61], [0.39, 0.04, 1.31], [0.29, 0.08, 0.97], [0.41, 1.02, 0.19], [4.14, 1.74, 0.88]]","[23, 4, 35, 9, 46, 32, 49, 37, 55, 51]",18.3
69,1788358450139942915,307200,104897,20,10,180.3,"[34.0, 35.0, 36.6, 38.1, 38.8, 40.2, 45.8, 98.3, 172.9, 180.3]","['NEAR', 'NEAR', 'NEAR', 'NEAR', 'OUTSIDE', 'NEAR', 'INSIDE', 'OUTSIDE', 'OUTSIDE', 'OUTSIDE']","[[0.6, 0.11, 1.43], [0.59, 0.12, 1.39], [1.77, 0.12, 2.14], [0.48, 0.09, 1.42], [0.6, 1.33, 0.71], [0.67, 0.17, 2.01], [0.22, 0.1, 1.72], [0.09, 0.37, 1.26], [2.67, 1.13, 1.47], [4.05, 1.47, 0.88]]","[35, 9, 46, 32, 49, 37, 57, 55, 53, 51]",18.9
70,1788358450241176607,307200,99530,11,5,175.5,"[27.0, 27.8, 39.9, 96.9, 175.5]","['NEAR', 'INSIDE', 'NEAR', 'OUTSIDE', 'OUTSIDE']","[[0.98, 1.04, 0.42], [0.91, 1.37, 0.09], [3.89, 0.13, 1.73], [0.18, 0.19, 1.7], [10.79, 1.09, 2.0]]","[5, 20, 37, 55, 53]",16.9
71,1788358450336004106,307200,100398,18,8,174.2,"[32.9, 35.2, 36.1, 37.3, 39.7, 42.6, 91.1, 174.2]","['NEAR', 'NEAR', 'NEAR', 'NEAR', 'INSIDE', 'INSIDE', 'OUTSIDE', 'OUTSIDE']","[[3.27, 0.11, 1.98], [0.42, 0.1, 1.78], [0.5, 0.05, 1.04], [1.61, 0.12, 1.56], [1.09, 0.11, 1.67], [1.08, 0.11, 2.06], [0.87, 1.43, 0.79], [10.73, 1.39, 1.99]]","[35, 9, 46, 32, 37, 61, 55, 53]",22.5
72,1788358450441520347,307200,105111,13,5,172.8,"[26.7, 34.9, 36.0, 38.6, 172.8]","['INSIDE', 'NEAR', 'NEAR', 'NEAR', 'OUTSIDE']","[[0.77, 1.37, 0.07], [0.25, 0.04, 1.24], [1.43, 0.11, 1.82], [2.48, 0.11, 1.94], [10.58, 1.12, 1.97]]","[5, 9, 46, 37, 53]",18.6
73,1788358450538062037,307200,94716,20,9,182.6,"[19.2, 29.8, 33.5, 34.8, 37.3, 37.5, 92.6, 171.4, 182.6]","['INSIDE', 'INSIDE', 'NEAR', 'NEAR', 'OUTSIDE', 'NEAR', 'OUTSIDE', 'OUTSIDE', 'OUTSIDE']","[[0.34, 0.8, 0.2], [0.58, 1.13, 0.05], [0.28, 0.1, 1.33], [1.12, 0.13, 1.47], [0.69, 1.16, 0.33], [3.63, 0.11, 1.62], [0.39, 2.45, 1.83], [10.66, 1.07, 2.31], [4.07, 1.1, 1.28]]","[28, 23, 35, 9, 49, 32, 55, 53, 51]",18.0
74,1788358450639538845,307200,89114,17,5,175.2,"[21.5, 36.0, 38.7, 87.3, 175.2]","['NEAR', 'NEAR', 'INSIDE', 'OUTSIDE', 'OUTSIDE']","[[0.92, 1.08, 0.37], [3.39, 0.1, 2.12], [0.9, 0.15, 1.63], [0.05, 0.22, 1.15], [7.94, 1.42, 1.51]]","[28, 46, 37, 55, 53]",17.1
75,1788358450748366744,307200,90235,16,4,183.9,"[37.1, 85.9, 171.8, 183.9]","['INSIDE', 'OUTSIDE', 'OUTSIDE', 'OUTSIDE']","[[0.85, 0.22, 1.49], [0.06, 0.21, 0.95], [4.04, 1.41, 1.17], [3.93, 0.13, 0.39]]","[32, 55, 53, 51]",19.7
76,1788358450848830553,307200,88592,17,6,176.7,"[25.0, 26.1, 28.0, 33.1, 35.5, 176.7]","['INSIDE', 'OUTSIDE', 'OUTSIDE', 'INSIDE', 'INSIDE', 'RAIL']","[[1.26, 1.21, 0.24], [0.84, 0.19, 0.23], [0.75, 1.27, 1.44], [0.73, 1.37, 0.05], [1.43, 0.16, 1.78], [0.47, 0.84, 0.77]]","[5, 20, 23, 4, 46, 53]",17.1
77,1788358450941534779,307200,88608,17,3,174.9,"[19.3, 87.1, 174.9]","['NEAR', 'OUTSIDE', 'OUTSIDE']","[[0.64, 1.0, 0.21], [0.18, 0.28, 2.29], [8.08, 1.08, 2.23]]","[28, 55, 53]",17.6
78,1788358451039478335,307200,88874,13,3,101.5,"[19.1, 31.4, 101.5]","['INSIDE', 'NEAR', 'OUTSIDE']","[[0.41, 1.14, 0.34], [0.77, 0.65, 0.25], [0.39, 0.83, 2.23]]","[28, 4, 68]",16.0
79,1788358451147682809,307200,87650,12,4,186.9,"[31.2, 99.9, 172.1, 186.9]","['OUTSIDE', 'OUTSIDE', 'OUTSIDE', 'INSIDE']","[[0.56, 0.32, 0.55], [0.97, 0.94, 2.4], [8.07, 1.16, 2.2], [5.46, 5.35, 2.11]]","[4, 68, 53, 58]",16.5
80,1788358451238853546,307200,87424,14,4,184.2,"[27.3, 28.7, 98.8, 184.2]","['INSIDE', 'NEAR', 'OUTSIDE', 'INSIDE']","[[0.42, 0.94, 0.04], [0.72, 0.67, 0.28], [0.47, 0.92, 2.37], [10.83, 5.36, 2.11]]","[20, 4, 68, 51]",14.8
81,1788358451340381537,307200,87293,9,2,97.9,"[26.5, 97.9]","['INSIDE', 'OUTSIDE']","[[1.24, 1.94, 0.45], [1.61, 0.92, 2.36]]","[20, 68]",19.2
82,1788358451437312468,307200,87688,12,3,182.9,"[84.6, 99.1, 182.9]","['INSIDE', 'OUTSIDE', 'INSIDE']","[[1.39, 4.8, 2.66], [1.68, 1.94, 1.09], [6.11, 5.45, 2.06]]","[55, 68, 51]",14.5
83,1788358451537928733,307200,87468,12,3,179.9,"[24.2, 86.3, 179.9]","['NEAR', 'OUTSIDE', 'INSIDE']","[[0.78, 0.67, 0.4], [0.96, 2.26, 2.48], [10.81, 5.41, 2.06]]","[5, 55, 51]",18.5
84,1788358451637206656,307200,87423,12,3,100.6,"[19.4, 85.7, 100.6]","['INSIDE', 'INSIDE', 'OUTSIDE']","[[0.52, 0.95, 0.23], [1.2, 5.12, 2.69], [1.05, 2.42, 2.41]]","[28, 55, 68]",20.8
85,1788358451739585175,307200,88144,13,3,178.5,"[84.2, 99.2, 178.5]","['INSIDE', 'OUTSIDE', 'INSIDE']","[[1.16, 5.23, 2.64], [1.09, 1.24, 2.39], [5.65, 5.41, 2.01]]","[55, 68, 51]",17.5
86,1788358451836718481,307200,87262,8,2,97.9,"[82.4, 97.9]","['OUTSIDE', 'OUTSIDE']","[[0.36, 0.2, 2.74], [0.86, 1.03, 2.35]]","[55, 68]",15.7
87,1788358451936686259,307200,87470,7,1,88.8,[88.8],['OUTSIDE'],"[[0.55, 0.83, 2.77]]",[74],19.9
88,1788358452042025656,307200,87449,12,3,108.0,"[82.4, 94.9, 108.0]","['INSIDE', 'OUTSIDE', 'OUTSIDE']","[[2.25, 5.4, 2.76], [1.24, 0.88, 2.5], [1.2, 0.36, 0.76]]","[55, 71, 73]",19.5
89,1788358452137454929,307200,86144,12,4,173.6,"[81.4, 92.9, 106.1, 173.6]","['INSIDE', 'INSIDE', 'OUTSIDE', 'INSIDE']","[[1.47, 5.23, 2.71], [0.39, 2.73, 2.44], [0.17, 0.19, 0.48], [7.2, 5.58, 2.27]]","[55, 71, 75, 51]",15.8
90,1788358452237689309,307200,87777,10,5,116.6,"[80.3, 91.2, 92.6, 96.5, 116.6]","['INSIDE', 'OUTSIDE', 'OUTSIDE', 'OUTSIDE', 'OUTSIDE']","[[0.83, 5.05, 2.68], [0.41, 1.67, 2.4], [0.06, 0.24, 1.4], [0.46, 0.21, 2.31], [0.07, 0.27, 0.72]]","[55, 71, 74, 68, 81]",16.2
91,1788358452338603373,307200,88369,12,7,170.7,"[89.7, 91.7, 95.0, 103.3, 107.3, 115.2, 170.7]","['OUTSIDE', 'OUTSIDE', 'OUTSIDE', 'OUTSIDE', 'OUTSIDE', 'OUTSIDE', 'INSIDE']","[[0.26, 0.46, 1.58], [1.13, 1.23, 2.02], [0.46, 0.35, 2.5], [0.15, 0.37, 0.47], [1.74, 1.15, 0.5], [0.06, 0.27, 0.71], [7.11, 5.49, 2.25]]","[71, 74, 68, 75, 73, 81, 51]",19.4
92,1788358452440683505,307200,90074,15,8,169.3,"[81.5, 93.2, 95.3, 97.8, 101.8, 106.3, 119.1, 169.3]","['INSIDE', 'OUTSIDE', 'OUTSIDE', 'OUTSIDE', 'OUTSIDE', 'OUTSIDE', 'OUTSIDE', 'INSIDE']","[[1.14, 5.22, 2.71], [1.34, 2.58, 2.46], [0.24, 0.38, 1.06], [0.09, 0.23, 1.06], [0.16, 0.2, 0.9], [1.16, 0.54, 0.5], [0.2, 0.29, 0.83], [7.14, 5.44, 2.24]]","[55, 74, 68, 78, 75, 73, 81, 51]",15.6
93,1788358452538754862,307200,81484,11,5,116.5,"[80.8, 93.9, 96.4, 100.2, 116.5]","['INSIDE', 'OUTSIDE', 'OUTSIDE', 'OUTSIDE', 'OUTSIDE']","[[1.43, 5.22, 2.71], [0.25, 0.5, 1.04], [0.09, 0.21, 0.85], [1.29, 1.22, 0.66], [0.16, 0.27, 0.51]]","[55, 74, 78, 75, 81]",13.9
94,1788358452642910920,307200,89513,10,4,115.0,"[90.8, 92.5, 99.6, 115.0]","['OUTSIDE', 'OUTSIDE', 'OUTSIDE', 'OUTSIDE']","[[0.44, 0.28, 2.39], [0.31, 0.46, 1.03], [1.24, 1.19, 0.67], [0.19, 0.26, 0.71]]","[71, 74, 75, 81]",17.2
95,1788358452737649199,307200,89252,11,2,114.9,"[91.0, 114.9]","['OUTSIDE', 'OUTSIDE']","[[0.32, 0.41, 1.01], [0.22, 0.47, 1.11]]","[71, 81]",15.1
96,1788358452838804409,307200,81891,13,8,113.5,"[81.1, 88.0, 89.7, 92.2, 96.2, 99.8, 104.1, 113.5]","['INSIDE', 'OUTSIDE', 'OUTSIDE', 'OUTSIDE', 'OUTSIDE', 'OUTSIDE', 'RAIL', 'OUTSIDE']","[[1.84, 5.2, 2.71], [0.46, 0.28, 2.75], [0.39, 0.39, 1.22], [1.32, 2.21, 1.04], [0.21, 0.19, 0.63], [0.68, 1.23, 0.47], [0.07, 0.24, 0.16], [0.19, 0.21, 0.79]]","[55, 71, 74, 68, 78, 75, 73, 81]",17.7
97,1788358452939978734,307200,87184,15,8,112.1,"[81.2, 86.6, 88.2, 94.5, 102.3, 102.7, 106.7, 112.1]","['OUTSIDE', 'OUTSIDE', 'OUTSIDE', 'OUTSIDE', 'RAIL', 'OUTSIDE', 'OUTSIDE', 'OUTSIDE']","[[0.29, 0.17, 0.66], [0.44, 0.19, 2.71], [0.29, 0.32, 1.2], [0.99, 1.17, 0.66], [0.06, 0.24, 0.45], [0.94, 1.45, 0.67], [0.05, 0.2, 0.73], [0.37, 0.27, 1.25]]","[55, 71, 74, 78, 73, 75, 80, 81]",19.0
98,1788358453041406782,307200,87188,17,7,110.7,"[49.1, 85.2, 86.9, 93.7, 101.4, 105.3, 110.7]","['RAIL', 'OUTSIDE', 'OUTSIDE', 'OUTSIDE', 'OUTSIDE', 'OUTSIDE', 'OUTSIDE']","[[0.94, 0.06, 0.97], [0.43, 0.29, 2.45], [0.44, 0.47, 1.35], [0.75, 0.28, 0.42], [0.06, 0.23, 0.66], [0.05, 0.21, 0.93], [0.33, 0.26, 1.23]]","[67, 71, 74, 78, 75, 80, 81]",15.5
99,1788358453136104654,307200,82277,12,7,109.2,"[48.9, 85.4, 92.3, 96.0, 99.5, 107.6, 109.2]","['RAIL', 'OUTSIDE', 'OUTSIDE', 'OUTSIDE', 'OUTSIDE', 'OUTSIDE', 'OUTSIDE']","[[1.01, 0.05, 0.54], [0.37, 0.48, 1.33], [0.68, 0.6, 0.66], [0.04, 0.19, 0.43], [1.07, 0.55, 0.88], [0.9, 1.36, 1.15], [0.18, 0.26, 1.05]]","[67, 71, 68, 78, 75, 80, 81]",10.5
100,1788358453235839366,307200,71583,11,7,107.9,"[77.3, 77.9, 84.0, 90.6, 94.5, 102.1, 107.9]","['OUTSIDE', 'OUTSIDE', 'OUTSIDE', 'OUTSIDE', 'OUTSIDE', 'OUTSIDE', 'OUTSIDE']","[[0.56, 1.49, 1.39], [1.44, 2.37, 2.76], [0.26, 0.55, 1.31], [0.11, 0.16, 0.63], [0.13, 0.05, 0.66], [0.88, 0.73, 0.9], [0.29, 0.44, 1.2]]","[82, 79, 71, 68, 78, 73, 80]",10.0
101,1788358453339927888,307200,68022,9,4,109.3,"[82.7, 104.7, 106.5, 109.3]","['OUTSIDE', 'OUTSIDE', 'OUTSIDE', 'OUTSIDE']","[[0.39, 0.47, 1.46], [1.11, 1.12, 1.13], [0.11, 0.25, 1.02], [0.26, 0.59, 2.1]]","[71, 73, 80, 81]",9.5
102,1788358453442189143,307200,67493,11,5,107.4,"[81.3, 99.4, 103.8, 105.1, 107.4]","['OUTSIDE', 'OUTSIDE', 'OUTSIDE', 'OUTSIDE', 'OUTSIDE']","[[0.27, 0.56, 1.27], [0.71, 1.06, 0.88], [0.11, 0.19, 1.12], [0.25, 0.43, 1.01], [0.98, 1.36, 2.36]]","[71, 75, 73, 80, 81]",10.8
103,1788358453536700116,307200,67159,13,6,110.0,"[45.6, 98.4, 102.4, 103.8, 107.0, 110.0]","['RAIL', 'OUTSIDE', 'OUTSIDE', 'OUTSIDE', 'OUTSIDE', 'OUTSIDE']","[[0.87, 0.05, 0.8], [0.09, 0.17, 0.64], [0.12, 0.21, 0.91], [0.26, 0.42, 1.15], [1.14, 0.69, 2.36], [0.9, 0.28, 0.91]]","[67, 75, 73, 80, 81, 85]",10.0
104,1788358453643479392,307200,66956,10,5,109.0,"[88.6, 101.1, 102.4, 105.1, 109.0]","['INSIDE', 'OUTSIDE', 'OUTSIDE', 'OUTSIDE', 'OUTSIDE']","[[0.98, 5.0, 2.78], [0.16, 0.34, 0.69], [0.28, 0.56, 2.45], [0.25, 0.73, 2.51], [0.11, 0.23, 0.97]]","[74, 73, 80, 81, 85]",9.2
105,1788358453738457688,307200,66695,10,7,175.1,"[84.5, 85.8, 99.3, 101.0, 103.7, 107.2, 175.1]","['INSIDE', 'OUTSIDE', 'OUTSIDE', 'OUTSIDE', 'OUTSIDE', 'OUTSIDE', 'OUTSIDE']","[[1.72, 4.79, 2.66], [0.5, 0.31, 0.18], [0.88, 1.56, 0.86], [0.21, 0.17, 1.12], [0.22, 0.61, 2.0], [0.95, 1.55, 1.17], [0.09, 0.4, 1.13]]","[71, 74, 75, 73, 80, 85, 93]",8.9
106,1788358453840663479,307200,66811,11,5,172.7,"[90.6, 99.6, 102.3, 105.8, 172.7]","['INSIDE', 'OUTSIDE', 'OUTSIDE', 'OUTSIDE', 'OUTSIDE']","[[0.64, 4.35, 2.38], [0.3, 0.41, 1.11], [0.18, 0.53, 2.24], [0.98, 1.53, 2.33], [2.15, 0.32, 1.12]]","[68, 73, 80, 81, 93]",13.0
107,1788358453935879591,307200,67334,11,8,173.7,"[80.9, 93.2, 97.0, 98.2, 101.4, 104.9, 108.4, 173.7]","['OUTSIDE', 'OUTSIDE', 'OUTSIDE', 'OUTSIDE', 'OUTSIDE', 'OUTSIDE', 'OUTSIDE', 'OUTSIDE']","[[1.19, 0.07, 1.26], [0.72, 0.56, 0.84], [0.17, 0.19, 0.86], [0.3, 0.38, 1.28], [0.99, 1.04, 2.44], [0.13, 0.19, 0.48], [0.98, 1.35, 0.73], [2.65, 0.32, 1.94]]","[82, 78, 75, 73, 80, 81, 85, 93]",9.4
108,1788358454037079244,307200,68156,13,9,170.9,"[82.8, 87.3, 91.5, 95.6, 96.9, 99.6, 103.1, 107.5, 170.9]","['INSIDE', 'OUTSIDE', 'OUTSIDE', 'OUTSIDE', 'OUTSIDE', 'OUTSIDE', 'OUTSIDE', 'OUTSIDE', 'OUTSIDE']","[[1.54, 5.26, 2.76], [0.72, 2.19, 2.73], [0.09, 0.23, 0.81], [0.2, 0.21, 1.04], [0.19, 0.36, 1.27], [0.21, 0.5, 2.18], [1.26, 1.28, 0.91], [0.04, 0.23, 0.2], [0.16, 0.34, 1.1]]","[71, 68, 78, 75, 73, 80, 81, 85, 93]",12.0
109,1788358454137280050,307200,68126,14,11,169.0,"[49.4, 81.4, 85.8, 90.2, 94.3, 95.6, 98.2, 102.2, 106.1, 114.2, 169.0]","['RAIL', 'INSIDE', 'INSIDE', 'OUTSIDE', 'OUTSIDE', 'OUTSIDE', 'OUTSIDE', 'OUTSIDE', 'OUTSIDE', 'OUTSIDE', 'INSIDE']","[[0.96, 0.05, 0.97], [1.76, 3.67, 2.71], [0.85, 5.13, 2.69], [0.07, 0.19, 1.0], [0.22, 0.37, 1.03], [0.36, 0.47, 1.06], [0.27, 0.69, 2.35], [0.08, 0.18, 0.7], [0.1, 0.21, 0.44], [0.07, 0.26, 0.72], [3.92, 3.19, 1.9]]","[67, 71, 68, 78, 75, 73, 80, 81, 85, 94, 93]",10.1
110,1788358454239892889,307200,69332,13,9,164.1,"[80.9, 84.8, 92.9, 94.2, 96.9, 100.5, 104.8, 112.8, 164.1]","['OUTSIDE', 'OUTSIDE', 'OUTSIDE', 'OUTSIDE', 'OUTSIDE', 'OUTSIDE', 'OUTSIDE', 'OUTSIDE', 'INSIDE']","[[0.08, 0.32, 2.49], [0.08, 0.18, 0.75], [0.22, 0.32, 1.01], [0.26, 0.49, 1.23], [0.26, 0.66, 2.54], [0.79, 0.23, 1.11], [0.12, 0.2, 0.71], [0.06, 0.2, 0.71], [8.32, 4.1, 2.11]]","[71, 68, 75, 73, 80, 81, 85, 94, 93]",10.6
111,1788358454340238819,307200,67892,12,7,166.9,"[91.5, 92.8, 95.5, 99.2, 111.4, 160.5, 166.9]","['OUTSIDE', 'OUTSIDE', 'OUTSIDE', 'OUTSIDE', 'OUTSIDE', 'INSIDE', 'OUTSIDE']","[[0.14, 0.19, 1.2], [0.36, 0.52, 1.03], [0.26, 0.69, 2.5], [0.82, 0.21, 1.09], [0.07, 0.24, 0.91], [3.73, 3.83, 0.28], [0.08, 0.37, 1.08]]","[78, 75, 80, 81, 94, 59, 93]",11.2
112,1788358454443198851,307200,68118,11,8,165.2,"[90.1, 91.5, 92.7, 94.2, 97.8, 103.7, 105.7, 165.2]","['OUTSIDE', 'OUTSIDE', 'OUTSIDE', 'OUTSIDE', 'OUTSIDE', 'OUTSIDE', 'OUTSIDE', 'OUTSIDE']","[[0.07, 0.23, 1.78], [0.37, 0.53, 1.2], [0.57, 0.87, 1.23], [0.19, 0.56, 2.25], [0.81, 0.2, 1.08], [0.24, 0.53, 0.88], [0.97, 0.46, 2.33], [6.22, 0.43, 1.87]]","[78, 75, 73, 80, 81, 92, 85, 93]",11.2
113,1788358454540739171,307200,67384,11,8,160.1,"[84.8, 89.6, 91.7, 96.3, 102.4, 104.3, 112.8, 160.1]","['OUTSIDE', 'OUTSIDE', 'OUTSIDE', 'OUTSIDE', 'OUTSIDE', 'OUTSIDE', 'OUTSIDE', 'INSIDE']","[[0.14, 0.33, 1.15], [1.63, 0.63, 2.33], [1.62, 1.03, 1.24], [1.01, 0.08, 2.32], [0.25, 0.41, 1.14], [0.99, 0.26, 2.3], [0.1, 0.25, 1.22], [8.36, 4.0, 2.1]]","[68, 78, 73, 81, 92, 85, 94, 59]",9.8
114,1788358454638420517,307200,67884,13,8,161.3,"[87.7, 88.8, 89.8, 91.5, 101.1, 103.0, 108.8, 161.3]","['INSIDE', 'OUTSIDE', 'OUTSIDE', 'OUTSIDE', 'OUTSIDE', 'OUTSIDE', 'OUTSIDE', 'INSIDE']","[[0.48, 3.6, 1.95], [0.28, 0.5, 1.57], [0.34, 0.06, 0.8], [0.31, 0.74, 2.19], [0.23, 0.42, 1.12], [1.01, 1.59, 2.48], [0.56, 0.57, 0.92], [13.2, 4.45, 2.14]]","[78, 75, 73, 80, 92, 85, 94, 59]",10.1
115,1788358454740084309,307200,67986,10,6,157.5,"[86.4, 90.2, 99.7, 101.6, 107.5, 157.5]","['INSIDE', 'OUTSIDE', 'OUTSIDE', 'OUTSIDE', 'OUTSIDE', 'INSIDE']","[[2.35, 5.2, 2.67], [0.33, 0.76, 2.36], [0.21, 0.28, 1.11], [1.01, 0.27, 2.44], [0.57, 0.49, 0.91], [8.07, 4.21, 2.06]]","[78, 80, 92, 85, 94, 59]",10.9
116,1788358454838277197,307200,68610,10,8,157.2,"[47.6, 86.2, 88.9, 92.4, 98.4, 100.3, 106.1, 157.2]","['RAIL', 'OUTSIDE', 'OUTSIDE', 'OUTSIDE', 'OUTSIDE', 'OUTSIDE', 'OUTSIDE', 'INSIDE']","[[0.78, 0.05, 1.04], [0.35, 0.38, 1.31], [0.39, 0.68, 2.77], [0.92, 0.19, 2.43], [0.25, 0.41, 1.09], [1.1, 0.39, 2.21], [0.62, 0.42, 1.18], [8.81, 3.45, 2.33]]","[67, 68, 75, 80, 92, 85, 94, 59]",9.7
117,1788358454938153768,307200,66585,12,8,155.8,"[84.9, 86.7, 91.0, 97.0, 99.0, 104.8, 108.0, 155.8]","['OUTSIDE', 'INSIDE', 'OUTSIDE', 'OUTSIDE', 'OUTSIDE', 'OUTSIDE', 'OUTSIDE', 'INSIDE']","[[0.3, 0.49, 1.5], [2.01, 5.21, 2.71], [1.03, 0.22, 2.4], [0.17, 0.51, 1.08], [1.07, 0.4, 2.38], [0.63, 0.55, 0.89], [1.28, 2.09, 0.98], [8.92, 3.14, 2.09]]","[68, 78, 80, 81, 92, 94, 95, 59]",9.5
118,1788358455045564875,307200,66272,13,9,158.3,"[81.9, 83.5, 86.3, 89.7, 95.7, 97.7, 103.5, 106.7, 158.3]","['INSIDE', 'OUTSIDE', 'INSIDE', 'OUTSIDE', 'OUTSIDE', 'OUTSIDE', 'OUTSIDE', 'OUTSIDE', 'INSIDE']","[[1.16, 5.32, 2.73], [0.33, 0.44, 1.3], [0.53, 5.04, 2.7], [1.11, 0.35, 2.37], [0.17, 0.5, 0.81], [1.06, 0.42, 2.35], [0.61, 0.52, 0.87], [1.26, 1.12, 0.97], [8.33, 3.13, 2.07]]","[71, 68, 78, 75, 81, 92, 94, 95, 59]",9.3
119,1788358455141345121,307200,66536,11,7,153.1,"[82.2, 85.4, 88.4, 94.4, 96.4, 102.2, 153.1]","['OUTSIDE', 'INSIDE', 'OUTSIDE', 'OUTSIDE', 'OUTSIDE', 'OUTSIDE', 'INSIDE']","[[0.29, 0.46, 1.25], [1.2, 4.95, 2.68], [1.18, 0.39, 2.56], [0.26, 0.55, 1.05], [1.01, 0.26, 2.32], [0.63, 0.53, 0.86], [8.94, 4.14, 2.06]]","[68, 78, 75, 81, 92, 94, 59]",9.5
120,1788358455237482185,307200,67244,17,10,158.3,"[46.4, 80.9, 82.8, 87.3, 93.1, 94.9, 100.4, 100.8, 103.5, 158.3]","['RAIL', 'OUTSIDE', 'INSIDE', 'INSIDE', 'OUTSIDE', 'OUTSIDE', 'OUTSIDE', 'OUTSIDE', 'OUTSIDE', 'OUTSIDE']","[[0.83, 0.04, 0.91], [0.34, 0.56, 1.62], [2.19, 5.27, 2.78], [1.65, 4.91, 2.52], [0.23, 0.54, 1.22], [1.35, 1.35, 2.5], [0.05, 0.23, 0.19], [0.63, 0.54, 1.12], [0.06, 0.24, 0.91], [10.92, 1.08, 2.07]]","[67, 68, 71, 78, 81, 92, 94, 85, 95, 59]",12.4
121,1788358455340022385,307200,67743,14,6,102.1,"[82.3, 85.7, 91.8, 93.7, 99.5, 102.1]","['OUTSIDE', 'INSIDE', 'OUTSIDE', 'OUTSIDE', 'OUTSIDE', 'OUTSIDE']","[[0.39, 0.84, 2.53], [1.05, 4.8, 2.69], [0.25, 0.53, 1.02], [1.09, 0.42, 2.26], [0.62, 0.67, 1.11], [0.08, 0.24, 1.11]]","[68, 78, 80, 81, 85, 95]",9.0
122,1788358455442123970,307200,68515,16,9,100.8,"[46.4, 81.0, 84.4, 88.1, 88.4, 90.4, 92.4, 98.2, 100.8]","['RAIL', 'OUTSIDE', 'OUTSIDE', 'INSIDE', 'OUTSIDE', 'OUTSIDE', 'OUTSIDE', 'OUTSIDE', 'OUTSIDE']","[[0.84, 0.03, 0.51], [0.37, 0.84, 2.69], [1.06, 0.25, 2.82], [0.55, 2.29, 1.2], [0.85, 1.63, 0.98], [0.19, 0.37, 1.18], [0.96, 0.39, 2.43], [0.59, 0.58, 1.1], [0.07, 0.21, 0.89]]","[67, 68, 78, 73, 75, 80, 81, 85, 95]",9.6
123,1788358455535756981,307200,69190,11,4,97.0,"[82.7, 89.2, 91.1, 97.0]","['RAIL', 'OUTSIDE', 'OUTSIDE', 'OUTSIDE']","[[0.32, 0.16, 0.74], [0.24, 0.44, 1.39], [1.09, 0.34, 2.19], [0.53, 0.5, 1.08]]","[78, 80, 81, 85]",10.9
124,1788358455638202611,307200,69919,15,8,101.5,"[48.2, 81.7, 86.3, 87.9, 89.8, 95.6, 98.2, 101.5]","['RAIL', 'INSIDE', 'OUTSIDE', 'OUTSIDE', 'OUTSIDE', 'OUTSIDE', 'OUTSIDE', 'OUTSIDE']","[[0.97, 0.06, 1.05], [1.35, 5.31, 2.73], [0.61, 0.6, 2.48], [0.3, 0.51, 1.37], [1.01, 0.38, 2.37], [0.6, 0.6, 1.07], [0.08, 0.21, 0.86], [1.55, 2.13, 0.88]]","[67, 71, 75, 80, 81, 92, 85, 95]",8.8
125,1788358455743355231,307200,68837,11,7,96.9,"[46.1, 86.5, 88.5, 93.0, 93.9, 94.3, 96.9]","['RAIL', 'OUTSIDE', 'OUTSIDE', 'OUTSIDE', 'OUTSIDE', 'OUTSIDE', 'OUTSIDE']","[[0.92, 0.05, 0.91], [0.24, 0.51, 1.35], [1.05, 0.4, 2.78], [0.18, 0.27, 0.82], [0.06, 0.37, 0.2], [0.6, 0.56, 1.05], [0.05, 0.21, 0.85]]","[67, 75, 80, 92, 73, 85, 95]",10.7
126,1788358455840308504,307200,67913,13,4,92.6,"[85.3, 87.6, 92.5, 92.6]","['OUTSIDE', 'INSIDE', 'OUTSIDE', 'OUTSIDE']","[[0.22, 0.42, 1.51], [1.82, 4.51, 2.76], [0.09, 0.36, 0.19], [1.67, 0.87, 1.04]]","[75, 80, 73, 92]",10.3
127,1788358455938562461,307200,67614,16,7,106.7,"[48.2, 84.0, 86.4, 91.8, 94.0, 101.9, 106.7]","['RAIL', 'OUTSIDE', 'INSIDE', 'OUTSIDE', 'OUTSIDE', 'OUTSIDE', 'OUTSIDE']","[[0.84, 0.04, 0.62], [0.19, 0.46, 1.31], [1.83, 4.84, 2.72], [0.65, 0.51, 1.02], [0.72, 1.29, 1.05], [1.24, 1.62, 1.59], [0.79, 1.1, 2.05]]","[67, 75, 80, 92, 85, 105, 106]",11.0
128,1788358456038147086,307200,67857,15,7,105.4,"[82.7, 84.6, 85.6, 90.5, 97.1, 100.7, 105.4]","['OUTSIDE', 'RAIL', 'OUTSIDE', 'OUTSIDE', 'OUTSIDE', 'OUTSIDE', 'OUTSIDE']","[[0.22, 0.48, 1.46], [0.92, 0.36, 0.54], [1.08, 1.96, 0.98], [0.64, 0.51, 1.01], [0.08, 0.2, 1.06], [1.01, 1.42, 1.57], [0.8, 1.16, 2.02]]","[78, 75, 80, 81, 95, 105, 106]",16.5
129,1788358456140078666,307200,67578,17,7,160.2,"[81.4, 83.4, 88.3, 89.2, 100.2, 104.2, 160.2]","['OUTSIDE', 'OUTSIDE', 'OUTSIDE', 'OUTSIDE', 'OUTSIDE', 'OUTSIDE', 'OUTSIDE']","[[0.27, 0.57, 1.44], [1.0, 0.37, 2.79], [0.99, 0.19, 0.96], [0.64, 0.57, 1.22], [2.0, 1.55, 1.99], [0.78, 1.09, 2.28], [1.51, 0.09, 0.33]]","[68, 78, 73, 81, 105, 106, 59]",8.8
130,1788358456244587707,307200,67164,14,7,158.9,"[80.2, 82.1, 87.4, 98.3, 102.8, 106.6, 158.9]","['OUTSIDE', 'INSIDE', 'OUTSIDE', 'OUTSIDE', 'OUTSIDE', 'OUTSIDE', 'OUTSIDE']","[[0.26, 0.33, 1.42], [1.29, 5.11, 2.74], [1.69, 0.88, 1.38], [0.74, 0.89, 2.36], [0.65, 0.96, 2.45], [0.11, 0.05, 0.95], [1.48, 0.09, 0.32]]","[68, 71, 81, 95, 106, 107, 59]",8.6
131,1788358456338939026,307200,66045,15,6,157.7,"[81.0, 86.7, 93.8, 97.0, 101.3, 157.7]","['INSIDE', 'OUTSIDE', 'OUTSIDE', 'OUTSIDE', 'OUTSIDE', 'OUTSIDE']","[[1.37, 5.1, 2.72], [0.69, 0.6, 1.36], [1.09, 1.21, 0.85], [0.85, 0.71, 2.33], [1.57, 2.11, 2.41], [1.46, 0.09, 0.32]]","[71, 81, 85, 95, 105, 59]",9.0
132,1788358456442785751,307200,66781,12,4,104.1,"[84.9, 94.7, 100.4, 104.1]","['OUTSIDE', 'OUTSIDE', 'OUTSIDE', 'OUTSIDE']","[[1.77, 0.98, 1.34], [3.0, 2.2, 2.52], [0.79, 1.09, 2.2], [0.09, 0.19, 0.71]]","[75, 85, 105, 106]",10.5
133,1788358456540318254,307200,67088,14,5,106.5,"[83.7, 94.5, 99.3, 102.8, 106.5]","['OUTSIDE', 'OUTSIDE', 'OUTSIDE', 'OUTSIDE', 'OUTSIDE']","[[1.71, 0.93, 1.32], [0.85, 0.85, 2.27], [1.01, 1.54, 2.39], [0.07, 0.21, 0.91], [0.72, 0.42, 0.95]]","[78, 85, 105, 106, 107]",9.7
134,1788358456642369813,307200,67051,13,4,101.2,"[82.4, 93.5, 97.8, 101.2]","['OUTSIDE', 'INSIDE', 'OUTSIDE', 'OUTSIDE']","[[1.71, 0.95, 1.09], [1.65, 3.72, 2.47], [0.57, 1.01, 2.34], [0.7, 1.23, 0.89]]","[78, 85, 95, 106]",8.8
135,1788358456739101613,307200,67114,14,6,108.0,"[81.2, 92.3, 96.5, 100.0, 104.3, 108.0]","['OUTSIDE', 'INSIDE', 'OUTSIDE', 'OUTSIDE', 'OUTSIDE', 'OUTSIDE']","[[1.79, 0.97, 1.28], [1.7, 4.33, 2.44], [0.5, 0.9, 2.31], [1.23, 2.24, 0.89], [0.04, 0.17, 0.71], [0.83, 0.96, 0.74]]","[68, 85, 95, 105, 107, 111]",10.8
136,1788358456843438683,307200,66788,10,7,170.3,"[92.0, 95.3, 99.1, 103.1, 107.7, 113.0, 170.3]","['OUTSIDE', 'OUTSIDE', 'OUTSIDE', 'OUTSIDE', 'OUTSIDE', 'INSIDE', 'OUTSIDE']","[[3.07, 2.29, 2.45], [0.54, 1.0, 2.28], [0.05, 0.16, 0.87], [0.07, 0.23, 0.91], [1.3, 1.72, 2.37], [4.81, 5.04, 2.22], [1.86, 1.41, 0.78]]","[92, 95, 105, 107, 111, 112, 115]",8.6
137,1788358456941572877,307200,66699,11,6,171.2,"[89.6, 93.6, 97.7, 101.2, 106.5, 171.2]","['OUTSIDE', 'INSIDE', 'OUTSIDE', 'OUTSIDE', 'OUTSIDE', 'OUTSIDE']","[[0.85, 0.81, 2.59], [1.49, 3.41, 2.44], [0.39, 0.49, 2.34], [1.43, 1.25, 0.88], [1.32, 1.7, 2.34], [2.38, 0.48, 0.8]]","[92, 85, 105, 106, 111, 115]",12.2
138,1788358457645975493,307200,67962,13,8,173.8,"[81.6, 85.8, 89.3, 97.6, 98.1, 103.3, 116.5, 173.8]","['INSIDE', 'OUTSIDE', 'OUTSIDE', 'OUTSIDE', 'OUTSIDE', 'INSIDE', 'INSIDE', 'INSIDE']","[[1.88, 5.09, 2.74], [0.75, 1.09, 2.67], [0.52, 0.53, 2.57], [0.1, 0.44, 1.71], [1.35, 1.75, 2.36], [4.81, 5.24, 2.49], [1.47, 1.58, 0.23], [4.24, 3.98, 1.48]]","[71, 81, 92, 105, 95, 107, 112, 115]",13.7
139,1788358457739009733,307200,68683,10,7,172.4,"[80.6, 84.7, 88.1, 96.4, 96.9, 101.8, 172.4]","['INSIDE', 'OUTSIDE', 'OUTSIDE', 'OUTSIDE', 'OUTSIDE', 'INSIDE', 'INSIDE']","[[1.94, 5.22, 2.71], [0.89, 1.09, 2.63], [0.49, 0.62, 2.54], [0.08, 0.56, 1.69], [1.33, 1.9, 2.33], [3.94, 5.14, 2.47], [3.45, 3.99, 1.47]]","[71, 75, 92, 105, 95, 107, 115]",11.5
140,1788358457845190971,307200,68067,12,7,114.4,"[83.0, 86.9, 95.2, 95.2, 96.3, 100.5, 114.4]","['INSIDE', 'OUTSIDE', 'OUTSIDE', 'OUTSIDE', 'OUTSIDE', 'INSIDE', 'INSIDE']","[[1.86, 5.2, 2.75], [0.53, 1.59, 2.72], [0.06, 0.43, 0.83], [0.19, 0.22, 0.66], [0.25, 1.57, 2.3], [3.88, 5.06, 2.44], [1.07, 1.35, 0.23]]","[78, 81, 105, 95, 85, 107, 112]",9.9
141,1788358457943009340,307200,68714,10,6,171.2,"[82.4, 85.8, 94.1, 94.7, 99.4, 171.2]","['INSIDE', 'OUTSIDE', 'OUTSIDE', 'OUTSIDE', 'INSIDE', 'INSIDE']","[[0.79, 5.13, 2.75], [0.5, 0.61, 2.47], [0.06, 0.29, 0.82], [1.38, 1.91, 2.49], [4.02, 5.01, 2.43], [2.57, 3.82, 1.89]]","[78, 75, 105, 95, 107, 115]",10.2
142,1788358458042613359,307200,69211,12,8,176.7,"[81.9, 84.6, 92.9, 93.5, 98.5, 136.1, 170.3, 176.7]","['INSIDE', 'OUTSIDE', 'OUTSIDE', 'OUTSIDE', 'INSIDE', 'INSIDE', 'INSIDE', 'OUTSIDE']","[[2.16, 5.26, 2.73], [0.51, 0.65, 2.65], [0.07, 0.44, 0.81], [1.35, 2.26, 2.46], [4.44, 5.12, 2.4], [3.7, 4.09, 0.3], [2.89, 3.95, 1.88], [1.28, 0.08, 1.23]]","[78, 75, 105, 95, 107, 113, 115, 108]",8.9
143,1788358458145568515,307200,69874,12,7,166.4,"[80.8, 83.5, 91.8, 92.3, 97.2, 134.4, 166.4]","['INSIDE', 'OUTSIDE', 'OUTSIDE', 'OUTSIDE', 'INSIDE', 'INSIDE', 'INSIDE']","[[2.16, 5.22, 2.7], [0.44, 0.65, 2.2], [0.09, 0.57, 0.8], [1.3, 1.81, 2.43], [4.05, 4.89, 2.37], [4.91, 4.06, 0.3], [7.52, 3.84, 1.81]]","[71, 75, 105, 95, 107, 113, 115]",10.3
144,1788358458238621848,307200,68994,11,7,174.4,"[82.3, 90.6, 91.2, 95.8, 114.8, 168.0, 174.4]","['INSIDE', 'OUTSIDE', 'OUTSIDE', 'INSIDE', 'OUTSIDE', 'INSIDE', 'OUTSIDE']","[[0.63, 4.91, 2.75], [0.09, 0.41, 1.79], [1.36, 1.81, 2.4], [3.65, 5.0, 2.48], [1.18, 1.23, 0.23], [2.92, 4.11, 1.88], [1.22, 0.08, 1.21]]","[78, 105, 95, 107, 112, 115, 108]",12.8
145,1788358458343674360,307200,69138,8,5,164.8,"[81.2, 89.5, 89.5, 94.9, 164.8]","['OUTSIDE', 'OUTSIDE', 'OUTSIDE', 'INSIDE', 'INSIDE']","[[0.51, 0.61, 2.71], [0.07, 0.46, 0.98], [2.54, 2.5, 2.57], [4.08, 5.41, 2.52], [2.14, 4.01, 1.84]]","[75, 105, 92, 107, 115]",9.3
146,1788358458437035718,307200,69218,11,8,164.3,"[80.1, 88.4, 88.4, 93.7, 113.7, 116.3, 135.9, 164.3]","['OUTSIDE', 'OUTSIDE', 'INSIDE', 'INSIDE', 'OUTSIDE', 'OUTSIDE', 'INSIDE', 'INSIDE']","[[0.48, 0.62, 2.47], [0.08, 0.39, 0.77], [2.45, 5.23, 2.78], [4.03, 4.85, 2.49], [0.17, 0.25, 0.96], [1.18, 0.48, 1.53], [11.65, 3.92, 0.53], [7.56, 4.15, 1.86]]","[75, 105, 92, 107, 112, 120, 113, 115]",8.8
147,1788358458537052421,307200,69550,7,4,164.2,"[92.7, 115.9, 134.8, 164.2]","['INSIDE', 'OUTSIDE', 'INSIDE', 'INSIDE']","[[4.04, 5.44, 2.46], [2.7, 0.68, 2.26], [11.65, 3.65, 1.84], [3.89, 4.04, 1.84]]","[107, 120, 113, 115]",9.8
148,1788358458637752958,307200,69315,10,7,163.1,"[86.2, 86.7, 90.9, 113.5, 113.6, 133.8, 163.1]","['OUTSIDE', 'OUTSIDE', 'OUTSIDE', 'OUTSIDE', 'INSIDE', 'INSIDE', 'INSIDE']","[[0.1, 0.5, 0.95], [1.33, 1.97, 2.73], [2.73, 1.91, 2.4], [0.12, 0.48, 2.19], [0.12, 0.99, 0.92], [11.57, 3.69, 2.08], [5.43, 3.94, 1.84]]","[105, 81, 95, 112, 120, 113, 115]",10.5
149,1788358458740431881,307200,68043,13,8,162.0,"[81.0, 85.1, 85.6, 90.3, 109.9, 113.1, 134.8, 162.0]","['OUTSIDE', 'OUTSIDE', 'OUTSIDE', 'INSIDE', 'OUTSIDE', 'OUTSIDE', 'INSIDE', 'INSIDE']","[[0.05, 0.16, 0.55], [0.21, 0.33, 1.85], [1.3, 1.96, 2.83], [4.64, 5.48, 2.77], [1.08, 0.26, 0.93], [1.46, 1.01, 2.19], [12.4, 3.69, 2.07], [5.51, 4.2, 1.81]]","[75, 105, 81, 95, 112, 120, 113, 115]",18.0
150,1788358458841130408,307200,68449,11,7,160.9,"[83.3, 84.0, 89.2, 108.1, 112.0, 133.8, 160.9]","['OUTSIDE', 'INSIDE', 'INSIDE', 'OUTSIDE', 'INSIDE', 'INSIDE', 'INSIDE']","[[0.11, 0.48, 1.08], [4.01, 5.08, 2.8], [4.14, 4.93, 2.75], [1.09, 0.78, 0.31], [1.47, 3.71, 2.17], [12.51, 3.89, 1.66], [5.45, 4.02, 1.78]]","[105, 78, 92, 112, 120, 113, 115]",13.0
151,1788358458937582599,307200,68920,6,3,159.8,"[88.7, 110.8, 159.8]","['INSIDE', 'OUTSIDE', 'INSIDE']","[[4.95, 5.09, 2.79], [1.16, 0.61, 1.45], [5.41, 4.13, 1.79]]","[92, 120, 115]",10.9
152,1788358459040831189,307200,69111,8,4,157.1,"[87.7, 105.3, 109.7, 157.1]","['INSIDE', 'INSIDE', 'OUTSIDE', 'INSIDE']","[[4.99, 5.79, 2.76], [2.31, 3.52, 0.3], [1.2, 0.58, 1.44], [2.17, 4.1, 1.75]]","[92, 112, 120, 115]",8.7
153,1788358459138945744,307200,69399,13,6,156.0,"[80.8, 86.3, 102.7, 106.4, 134.0, 156.0]","['OUTSIDE', 'INSIDE', 'OUTSIDE', 'OUTSIDE', 'INSIDE', 'INSIDE']","[[0.09, 0.28, 0.66], [4.3, 4.99, 2.82], [3.96, 0.91, 0.45], [0.77, 0.35, 2.34], [4.97, 4.06, 1.49], [8.8, 3.98, 1.99]]","[105, 92, 112, 120, 113, 115]",10.7
154,1788358459237641800,307200,69416,10,5,134.2,"[80.3, 85.2, 103.1, 104.0, 134.2]","['OUTSIDE', 'INSIDE', 'OUTSIDE', 'INSIDE', 'INSIDE']","[[1.33, 1.84, 2.68], [4.24, 5.25, 2.78], [2.64, 1.06, 0.44], [0.77, 1.3, 1.14], [7.46, 3.32, 1.89]]","[75, 92, 112, 120, 113]",12.5
155,1788358459338611811,307200,69419,11,4,158.0,"[84.0, 101.7, 131.2, 158.0]","['INSIDE', 'OUTSIDE', 'INSIDE', 'INSIDE']","[[5.69, 5.19, 2.75], [1.83, 1.25, 0.44], [3.59, 3.89, 1.45], [10.15, 4.2, 1.74]]","[78, 112, 113, 115]",11.7
156,1788358459446879016,307200,69438,10,5,153.9,"[83.4, 92.7, 105.4, 127.2, 153.9]","['INSIDE', 'NEAR', 'INSIDE', 'INSIDE', 'INSIDE']","[[4.9, 5.77, 2.8], [2.05, 0.61, 1.22], [5.03, 4.24, 2.33], [12.1, 4.08, 1.99], [6.75, 4.16, 2.03]]","[78, 107, 120, 113, 115]",10.0
157,1788358459542045567,307200,70072,8,4,151.8,"[82.0, 104.3, 127.5, 151.8]","['INSIDE', 'INSIDE', 'INSIDE', 'INSIDE']","[[5.56, 5.69, 2.77], [5.05, 4.2, 2.34], [14.89, 4.32, 1.97], [8.84, 3.96, 1.96]]","[78, 120, 113, 115]",11.6
158,1788358459646491762,307200,70556,12,6,153.5,"[81.3, 89.0, 95.7, 99.0, 103.3, 153.5]","['INSIDE', 'OUTSIDE', 'INSIDE', 'INSIDE', 'INSIDE', 'INSIDE']","[[4.92, 5.76, 2.73], [0.07, 0.19, 0.18], [1.86, 3.53, 0.4], [0.99, 0.18, 2.37], [5.05, 4.03, 2.29], [14.25, 4.27, 1.94]]","[78, 95, 107, 112, 120, 115]",12.8
159,1788358459738005078,307200,70946,9,5,152.5,"[80.3, 97.0, 101.4, 125.3, 152.5]","['INSIDE', 'OUTSIDE', 'INSIDE', 'INSIDE', 'INSIDE']","[[4.98, 5.15, 2.72], [0.27, 1.05, 0.19], [3.2, 3.94, 2.24], [9.72, 4.1, 1.94], [14.2, 3.84, 1.93]]","[78, 107, 120, 113, 115]",10.4
160,1788358459838700345,307200,70981,9,7,137.2,"[87.0, 96.7, 98.3, 102.1, 109.7, 125.8, 137.2]","['OUTSIDE', 'INSIDE', 'OUTSIDE', 'INSIDE', 'OUTSIDE', 'INSIDE', 'INSIDE']","[[0.06, 0.19, 0.36], [1.39, 0.39, 2.3], [1.13, 0.32, 0.83], [2.64, 4.11, 2.42], [0.03, 0.38, 0.23], [9.45, 4.18, 2.11], [5.49, 4.01, 1.19]]","[95, 112, 107, 120, 129, 113, 121]",10.1
161,1788358459941069554,307200,69119,13,7,137.5,"[85.5, 95.4, 99.7, 103.7, 108.7, 127.0, 137.5]","['RAIL', 'INSIDE', 'INSIDE', 'NEAR', 'OUTSIDE', 'INSIDE', 'OUTSIDE']","[[0.94, 0.28, 0.72], [2.01, 3.34, 1.2], [5.93, 3.92, 2.39], [0.8, 0.76, 2.12], [0.03, 0.4, 0.23], [7.6, 4.26, 1.97], [2.88, 0.53, 1.61]]","[95, 112, 107, 120, 129, 113, 121]",9.3
162,1788358460043597558,307200,68849,8,7,135.8,"[83.0, 85.0, 94.9, 100.3, 107.7, 124.4, 135.8]","['OUTSIDE', 'INSIDE', 'INSIDE', 'INSIDE', 'OUTSIDE', 'OUTSIDE', 'INSIDE']","[[0.03, 0.3, 0.17], [2.78, 3.71, 0.2], [2.77, 3.93, 0.4], [3.04, 3.91, 2.37], [0.05, 0.56, 0.23], [5.62, 0.43, 1.89], [4.47, 4.33, 1.88]]","[95, 92, 112, 107, 129, 113, 121]",13.5
163,1788358460137266813,307200,68814,11,8,147.5,"[82.5, 84.0, 92.9, 98.4, 106.7, 123.5, 134.8, 147.5]","['INSIDE', 'OUTSIDE', 'INSIDE', 'INSIDE', 'OUTSIDE', 'OUTSIDE', 'INSIDE', 'INSIDE']","[[1.82, 3.47, 0.16], [0.05, 0.15, 0.34], [2.94, 0.38, 2.23], [1.48, 4.0, 2.37], [0.04, 0.37, 0.22], [5.73, 0.43, 0.85], [4.36, 4.31, 2.05], [5.25, 4.35, 1.95]]","[92, 95, 112, 107, 129, 113, 121, 127]",9.2
164,1788358460247373653,307200,68411,10,6,145.7,"[82.9, 83.6, 97.3, 122.8, 133.8, 145.7]","['RAIL', 'NEAR', 'INSIDE', 'OUTSIDE', 'INSIDE', 'INSIDE']","[[0.32, 0.18, 0.91], [4.15, 0.73, 1.7], [1.19, 3.96, 2.32], [5.11, 0.28, 0.84], [4.4, 4.27, 1.83], [6.68, 4.38, 1.92]]","[95, 92, 107, 113, 121, 127]",8.6
165,1788358460343292911,307200,68443,12,8,145.5,"[82.0, 84.0, 88.8, 92.5, 104.7, 123.7, 133.9, 145.5]","['RAIL', 'NEAR', 'INSIDE', 'OUTSIDE', 'OUTSIDE', 'OUTSIDE', 'INSIDE', 'INSIDE']","[[0.05, 0.22, 0.9], [1.2, 0.73, 2.43], [1.53, 2.53, 0.4], [2.71, 0.88, 2.42], [0.11, 0.34, 0.22], [3.67, 0.45, 0.75], [3.78, 4.24, 1.84], [5.23, 4.29, 1.92]]","[95, 92, 112, 107, 129, 113, 121, 127]",11.0
166,1788358460437374673,307200,68013,13,10,144.5,"[80.9, 83.0, 83.6, 87.9, 91.7, 98.5, 103.7, 122.5, 132.7, 144.5]","['OUTSIDE', 'RAIL', 'INSIDE', 'OUTSIDE', 'INSIDE', 'NEAR', 'OUTSIDE', 'INSIDE', 'INSIDE', 'INSIDE']","[[1.75, 0.39, 2.72], [0.1, 0.71, 0.7], [0.15, 0.97, 0.17], [0.93, 1.38, 0.44], [3.67, 4.26, 2.45], [1.38, 0.76, 1.48], [0.1, 0.23, 0.42], [4.05, 4.25, 0.78], [3.14, 4.25, 2.03], [5.33, 4.25, 1.91]]","[95, 92, 78, 112, 107, 120, 129, 113, 121, 127]",10.3
167,1788358460540677189,307200,67845,11,6,143.6,"[80.0, 83.0, 85.0, 89.0, 131.3, 143.6]","['RAIL', 'OUTSIDE', 'NEAR', 'NEAR', 'INSIDE', 'INSIDE']","[[0.11, 0.21, 0.88], [1.67, 0.44, 1.3], [0.54, 0.52, 0.2], [1.03, 0.37, 2.14], [5.17, 4.41, 2.01], [5.27, 4.3, 1.9]]","[95, 78, 92, 107, 121, 127]",10.3
168,1788358460637661171,307200,67541,11,7,142.5,"[78.1, 84.7, 88.9, 101.8, 120.9, 132.4, 142.5]","['INSIDE', 'INSIDE', 'INSIDE', 'OUTSIDE', 'OUTSIDE', 'INSIDE', 'INSIDE']","[[2.99, 2.46, 2.79], [2.27, 4.2, 0.53], [2.53, 4.48, 2.51], [0.08, 0.4, 0.42], [0.81, 0.2, 0.77], [6.28, 3.98, 2.05], [5.35, 4.26, 1.86]]","[95, 92, 107, 129, 113, 121, 127]",9.8
169,1788358460741229171,307200,67180,11,6,120.8,"[79.5, 87.7, 88.1, 90.4, 100.8, 120.8]","['NEAR', 'NEAR', 'INSIDE', 'OUTSIDE', 'OUTSIDE', 'OUTSIDE']","[[3.92, 0.73, 2.7], [4.0, 0.38, 2.51], [2.7, 3.95, 0.98], [0.95, 0.48, 2.38], [0.04, 0.22, 0.2], [1.47, 1.61, 0.54]]","[95, 107, 112, 132, 129, 113]",11.4
170,1788358460839994636,307200,67285,12,6,140.6,"[78.3, 86.7, 87.0, 91.0, 128.9, 140.6]","['NEAR', 'OUTSIDE', 'INSIDE', 'INSIDE', 'INSIDE', 'INSIDE']","[[3.11, 0.75, 1.24], [2.61, 1.36, 0.43], [4.0, 1.66, 2.32], [6.04, 4.07, 2.39], [3.16, 4.11, 1.78], [5.18, 4.32, 1.86]]","[95, 112, 107, 132, 121, 127]",10.3
171,1788358460940965353,307200,67752,10,6,95.6,"[74.2, 82.3, 87.1, 91.5, 94.5, 95.6]","['NEAR', 'INSIDE', 'INSIDE', 'INSIDE', 'OUTSIDE', 'RAIL']","[[1.0, 0.69, 0.98], [3.07, 4.1, 0.37], [3.59, 4.15, 2.7], [3.14, 4.06, 2.37], [0.77, 0.5, 0.21], [0.11, 0.07, 0.62]]","[95, 92, 107, 132, 136, 120]",12.8
172,1788358461039255381,307200,68164,12,6,140.8,"[85.6, 90.5, 94.4, 98.0, 125.6, 140.8]","['OUTSIDE', 'INSIDE', 'INSIDE', 'OUTSIDE', 'INSIDE', 'INSIDE']","[[4.57, 0.55, 2.73], [2.74, 4.17, 2.41], [2.79, 4.4, 2.44], [0.06, 0.38, 0.19], [5.64, 4.37, 2.19], [12.14, 4.45, 2.11]]","[112, 132, 136, 129, 121, 127]",12.6
173,1788358461137586698,307200,68199,9,6,115.3,"[74.4, 84.2, 86.0, 90.2, 96.8, 115.3]","['INSIDE', 'OUTSIDE', 'INSIDE', 'INSIDE', 'OUTSIDE', 'INSIDE']","[[5.19, 2.12, 2.52], [1.37, 0.33, 0.79], [1.92, 3.82, 2.28], [4.18, 4.34, 2.38], [0.59, 0.51, 1.23], [2.09, 3.98, 0.3]]","[95, 112, 107, 132, 129, 113]",12.5
174,1788358461239808459,307200,68551,13,6,96.2,"[73.2, 81.0, 85.6, 87.9, 89.9, 96.2]","['RAIL', 'INSIDE', 'OUTSIDE', 'INSIDE', 'OUTSIDE', 'OUTSIDE']","[[1.15, 0.47, 1.0], [6.14, 4.24, 2.72], [0.73, 0.5, 2.46], [2.07, 4.7, 2.52], [0.24, 0.37, 1.0], [0.06, 0.21, 0.19]]","[95, 92, 112, 107, 132, 129]",10.6
175,1788358461337196008,307200,68610,12,5,95.2,"[79.7, 80.4, 86.6, 91.0, 95.2]","['RAIL', 'INSIDE', 'INSIDE', 'OUTSIDE', 'OUTSIDE']","[[2.14, 0.14, 0.55], [6.91, 4.6, 2.78], [6.63, 3.99, 2.7], [0.57, 0.34, 0.21], [0.22, 0.56, 0.39]]","[92, 78, 107, 132, 129]",10.6
176,1788358461450796917,307200,68497,18,10,123.3,"[70.5, 76.8, 80.1, 83.2, 86.3, 90.2, 94.4, 104.9, 112.5, 123.3]","['INSIDE', 'NEAR', 'NEAR', 'OUTSIDE', 'INSIDE', 'OUTSIDE', 'OUTSIDE', 'OUTSIDE', 'INSIDE', 'INSIDE']","[[1.29, 1.04, 0.15], [1.21, 0.7, 1.17], [2.04, 0.46, 2.32], [1.68, 0.49, 1.46], [1.65, 0.05, 1.52], [0.4, 0.3, 0.21], [0.25, 0.49, 0.19], [1.02, 0.23, 0.48], [2.07, 3.76, 0.24], [3.0, 4.07, 2.17]]","[95, 78, 92, 112, 107, 132, 129, 131, 113, 121]",11.7
177,1788358461537317954,307200,68618,9,4,135.6,"[83.3, 89.3, 122.3, 135.6]","['INSIDE', 'OUTSIDE', 'INSIDE', 'INSIDE']","[[10.24, 4.68, 2.74], [0.96, 0.19, 0.22], [3.02, 4.44, 2.11], [13.33, 4.43, 2.04]]","[112, 132, 121, 127]",11.7
178,1788358461636603213,307200,69298,9,4,121.5,"[84.5, 85.4, 92.5, 121.5]","['INSIDE', 'INSIDE', 'OUTSIDE', 'INSIDE']","[[1.67, 0.08, 1.48], [7.6, 4.4, 2.76], [0.06, 0.36, 0.18], [3.02, 4.21, 2.13]]","[107, 112, 129, 121]",10.6
179,1788358461739246819,307200,69535,18,8,134.2,"[76.9, 83.7, 84.0, 91.7, 96.2, 103.8, 119.3, 134.2]","['RAIL', 'RAIL', 'INSIDE', 'OUTSIDE', 'INSIDE', 'OUTSIDE', 'OUTSIDE', 'INSIDE']","[[2.66, 0.18, 0.7], [1.05, 0.06, 0.92], [4.22, 3.99, 2.55], [0.04, 0.36, 0.18], [2.46, 3.89, 0.2], [0.66, 1.1, 0.48], [0.36, 0.44, 0.48], [8.89, 4.44, 2.04]]","[78, 107, 112, 129, 136, 131, 121, 127]",11.1
180,1788358461841950037,307200,69566,11,4,134.9,"[67.8, 84.2, 120.9, 134.9]","['RAIL', 'INSIDE', 'OUTSIDE', 'INSIDE']","[[1.56, 0.44, 1.05], [4.77, 4.39, 2.64], [0.48, 0.49, 1.58], [14.87, 4.34, 2.0]]","[95, 112, 121, 127]",9.6
181,1788358461940586472,307200,69774,9,3,134.8,"[99.5, 119.7, 134.8]","['INSIDE', 'OUTSIDE', 'INSIDE']","[[4.35, 3.81, 1.24], [0.3, 0.24, 0.83], [13.56, 4.4, 2.01]]","[137, 121, 127]",12.9
182,1788358462039948630,307200,69846,15,7,133.3,"[83.0, 83.8, 89.1, 97.8, 100.0, 119.3, 133.3]","['INSIDE', 'INSIDE', 'OUTSIDE', 'OUTSIDE', 'INSIDE', 'OUTSIDE', 'INSIDE']","[[0.14, 0.08, 0.9], [5.64, 4.37, 2.71], [0.17, 0.47, 0.42], [0.03, 0.37, 0.19], [0.89, 2.64, 2.2], [0.3, 0.34, 2.08], [12.43, 4.56, 2.06]]","[107, 112, 132, 137, 131, 121, 127]",10.7
183,1788358462139376633,307200,70636,7,2,117.3,"[88.1, 117.3]","['OUTSIDE', 'INSIDE']","[[0.21, 0.51, 0.36], [3.11, 4.49, 2.07]]","[132, 121]",12.6
184,1788358462238061942,307200,70688,10,6,117.1,"[82.5, 82.9, 87.5, 97.1, 101.0, 117.1]","['OUTSIDE', 'NEAR', 'OUTSIDE', 'INSIDE', 'OUTSIDE', 'INSIDE']","[[1.22, 1.05, 1.12], [1.07, 0.5, 2.37], [0.33, 0.56, 0.96], [2.2, 3.74, 1.23], [2.13, 0.27, 1.54], [1.15, 3.91, 2.05]]","[112, 107, 132, 136, 131, 121]",10.3
185,1788358462338704792,307200,70898,10,5,116.3,"[78.4, 82.9, 94.6, 100.8, 116.3]","['INSIDE', 'INSIDE', 'INSIDE', 'OUTSIDE', 'OUTSIDE']","[[1.96, 0.08, 1.38], [0.59, 0.13, 0.92], [5.72, 4.07, 1.18], [0.73, 0.42, 1.76], [1.15, 0.3, 2.04]]","[92, 107, 136, 131, 121]",10.8
186,1788358462437431615,307200,70810,11,5,115.3,"[78.0, 91.2, 94.2, 99.4, 115.3]","['INSIDE', 'OUTSIDE', 'INSIDE', 'INSIDE', 'OUTSIDE']","[[1.01, 0.09, 1.19], [0.31, 0.94, 0.22], [2.51, 3.96, 0.42], [2.02, 4.36, 2.18], [1.58, 0.41, 1.76]]","[92, 129, 136, 131, 121]",11.1
187,1788358462540821672,307200,70609,15,6,114.4,"[81.2, 90.4, 92.9, 98.7, 101.8, 114.4]","['INSIDE', 'OUTSIDE', 'INSIDE', 'OUTSIDE', 'OUTSIDE', 'OUTSIDE']","[[0.81, 0.15, 1.42], [0.33, 0.93, 0.22], [3.5, 4.09, 2.43], [1.78, 0.37, 1.92], [1.26, 0.2, 0.28], [1.61, 0.4, 2.01]]","[107, 129, 136, 137, 141, 121]",10.3
188,1788358462636758694,307200,70656,13,5,114.0,"[84.1, 92.6, 97.7, 101.4, 114.0]","['OUTSIDE', 'INSIDE', 'INSIDE', 'OUTSIDE', 'OUTSIDE']","[[0.47, 0.5, 1.26], [5.14, 4.4, 1.82], [2.53, 4.29, 2.31], [0.55, 0.4, 0.46], [0.82, 0.42, 1.82]]","[112, 136, 131, 141, 121]",10.0
189,1788358462739307554,307200,71026,11,4,113.3,"[87.7, 93.8, 97.8, 113.3]","['INSIDE', 'INSIDE', 'INSIDE', 'OUTSIDE']","[[2.26, 4.01, 0.23], [3.76, 4.03, 2.41], [1.27, 3.59, 2.16], [0.43, 0.21, 2.18]]","[132, 136, 131, 121]",10.2
190,1788358462838161202,307200,71406,14,4,111.3,"[82.5, 92.3, 96.9, 111.3]","['OUTSIDE', 'INSIDE', 'INSIDE', 'INSIDE']","[[0.12, 0.43, 0.16], [2.54, 4.39, 1.17], [1.44, 4.24, 2.14], [3.11, 4.36, 2.14]]","[112, 136, 131, 121]",14.3
191,1788358462942983786,307200,69964,13,4,111.7,"[77.3, 91.7, 96.1, 111.7]","['NEAR', 'INSIDE', 'OUTSIDE', 'OUTSIDE']","[[2.11, 0.48, 2.6], [2.76, 4.38, 0.81], [1.52, 1.33, 2.28], [0.47, 1.59, 2.15]]","[92, 136, 131, 121]",11.7
192,1788358463034599122,307200,70411,15,4,109.7,"[76.6, 89.7, 95.4, 109.7]","['NEAR', 'OUTSIDE', 'INSIDE', 'INSIDE']","[[2.06, 0.48, 2.57], [1.4, 0.16, 0.99], [1.26, 3.66, 2.11], [2.93, 4.35, 2.11]]","[92, 129, 131, 121]",11.8
193,1788358463140964247,307200,70405,14,6,101.6,"[42.3, 81.2, 89.2, 94.9, 98.2, 101.6]","['RAIL', 'INSIDE', 'OUTSIDE', 'OUTSIDE', 'INSIDE', 'OUTSIDE']","[[0.66, 0.23, 0.17], [2.37, 4.25, 1.11], [0.96, 0.49, 0.77], [1.91, 0.34, 1.84], [2.09, 3.56, 0.3], [1.75, 0.25, 0.45]]","[150, 107, 129, 131, 137, 141]",12.8
194,1788358463241554007,307200,70339,14,7,100.4,"[41.5, 75.7, 80.7, 85.7, 89.3, 93.1, 100.4]","['RAIL', 'INSIDE', 'INSIDE', 'INSIDE', 'OUTSIDE', 'OUTSIDE', 'OUTSIDE']","[[0.64, 0.23, 0.17], [0.67, 0.08, 1.46], [2.64, 4.05, 0.24], [2.16, 4.0, 0.38], [2.72, 2.05, 2.31], [1.72, 0.34, 2.03], [3.33, 0.4, 0.93]]","[150, 92, 107, 132, 129, 131, 141]",12.4
195,1788358463335915818,307200,70565,15,9,109.0,"[43.8, 46.7, 67.2, 84.0, 85.8, 88.1, 92.8, 97.1, 109.0]","['INSIDE', 'NEAR', 'INSIDE', 'OUTSIDE', 'INSIDE', 'OUTSIDE', 'OUTSIDE', 'INSIDE', 'INSIDE']","[[1.07, 0.23, 1.16], [1.83, 0.78, 1.79], [8.06, 0.46, 2.48], [0.38, 1.04, 0.21], [3.01, 4.22, 0.37], [2.11, 1.45, 2.54], [0.9, 0.31, 2.05], [4.47, 4.16, 1.47], [2.2, 4.4, 2.12]]","[144, 150, 145, 112, 132, 129, 131, 137, 121]",10.6
196,1788358463436285200,307200,70672,14,7,135.5,"[40.0, 86.2, 87.9, 92.9, 99.0, 106.8, 135.5]","['RAIL', 'RAIL', 'OUTSIDE', 'OUTSIDE', 'OUTSIDE', 'INSIDE', 'INSIDE']","[[0.68, 0.22, 0.16], [1.49, 0.22, 0.77], [2.96, 1.74, 2.3], [2.54, 1.34, 2.25], [1.36, 0.37, 1.76], [3.09, 4.63, 2.09], [5.99, 3.99, 0.33]]","[144, 129, 132, 131, 141, 121, 147]",10.0
197,1788358463542325782,307200,70949,13,6,137.6,"[42.0, 73.4, 85.9, 91.0, 104.7, 137.6]","['INSIDE', 'NEAR', 'INSIDE', 'INSIDE', 'OUTSIDE', 'INSIDE']","[[0.5, 0.16, 1.12], [0.77, 0.54, 2.61], [5.87, 4.37, 2.45], [3.12, 4.07, 2.18], [0.37, 0.36, 0.45], [6.31, 3.88, 0.34]]","[144, 92, 129, 136, 121, 147]",9.8
198,1788358463637981308,307200,71344,17,9,141.2,"[38.5, 43.6, 80.8, 85.8, 89.8, 95.8, 103.9, 126.3, 141.2]","['RAIL', 'RAIL', 'INSIDE', 'INSIDE', 'INSIDE', 'OUTSIDE', 'OUTSIDE', 'INSIDE', 'INSIDE']","[[0.68, 0.44, 0.27], [0.79, 0.05, 0.95], [2.34, 4.07, 0.38], [1.99, 4.32, 2.43], [4.71, 4.1, 2.19], [0.28, 0.06, 0.86], [0.38, 0.49, 0.45], [6.26, 3.6, 1.95], [5.58, 3.93, 0.62]]","[144, 150, 107, 129, 136, 137, 121, 156, 147]",11.0
199,1788358463739776544,307200,72033,17,7,135.3,"[37.8, 41.9, 84.4, 89.6, 93.9, 103.6, 135.3]","['RAIL', 'RAIL', 'INSIDE', 'INSIDE', 'INSIDE', 'OUTSIDE', 'INSIDE']","[[0.78, 0.38, 0.26], [0.86, 0.06, 0.92], [5.64, 4.46, 2.62], [3.53, 4.36, 2.31], [2.76, 4.01, 0.99], [1.3, 0.49, 1.12], [4.82, 3.82, 0.32]]","[144, 150, 129, 136, 131, 121, 147]",12.2
200,1788358463837547680,307200,72377,16,9,135.3,"[37.0, 40.2, 41.8, 80.2, 84.5, 87.5, 102.7, 124.1, 135.3]","['RAIL', 'RAIL', 'RAIL', 'INSIDE', 'INSIDE', 'INSIDE', 'OUTSIDE', 'INSIDE', 'INSIDE']","[[0.61, 0.42, 0.26], [0.78, 0.05, 0.97], [0.83, 0.05, 0.91], [4.15, 4.45, 0.37], [2.67, 4.46, 2.61], [5.03, 4.35, 2.29], [0.84, 0.49, 0.64], [4.69, 4.07, 1.91], [6.3, 4.01, 0.94]]","[144, 157, 150, 107, 129, 132, 121, 156, 147]",14.2
201,1788358463938606328,307200,72837,14,7,92.0,"[36.3, 38.5, 40.1, 81.0, 84.1, 88.3, 92.0]","['RAIL', 'RAIL', 'RAIL', 'INSIDE', 'INSIDE', 'OUTSIDE', 'INSIDE']","[[0.63, 0.34, 0.25], [0.68, 0.04, 1.0], [0.76, 0.05, 1.04], [3.74, 4.3, 0.19], [2.7, 4.45, 2.61], [1.09, 0.33, 2.35], [3.68, 4.34, 1.02]]","[144, 157, 150, 107, 129, 132, 131]",11.8
202,1788358464045311339,307200,73071,17,9,133.9,"[35.6, 38.4, 39.9, 80.8, 83.4, 87.8, 101.0, 122.7, 133.9]","['RAIL', 'RAIL', 'RAIL', 'INSIDE', 'INSIDE', 'OUTSIDE', 'OUTSIDE', 'INSIDE', 'INSIDE']","[[0.6, 0.24, 0.25], [0.64, 0.05, 1.0], [0.78, 0.05, 1.04], [4.75, 4.4, 0.19], [2.77, 4.41, 2.56], [1.53, 1.25, 2.28], [0.46, 0.52, 0.62], [4.7, 3.95, 1.89], [6.32, 3.76, 0.93]]","[144, 157, 150, 107, 129, 132, 121, 156, 147]",11.5
203,1788358464140325196,307200,71377,18,9,133.2,"[34.9, 38.3, 64.5, 80.5, 87.1, 92.4, 101.5, 122.9, 133.2]","['RAIL', 'RAIL', 'INSIDE', 'INSIDE', 'INSIDE', 'OUTSIDE', 'OUTSIDE', 'INSIDE', 'INSIDE']","[[0.66, 0.32, 0.14], [0.69, 0.04, 1.0], [2.21, 0.13, 1.69], [5.62, 4.49, 2.63], [1.48, 3.37, 2.1], [1.46, 0.54, 1.8], [2.88, 0.59, 1.98], [5.73, 4.08, 0.87], [6.34, 3.97, 0.93]]","[144, 157, 145, 107, 132, 131, 121, 156, 147]",11.5
204,1788358464243296688,307200,71326,19,15,131.8,"[34.2, 36.9, 38.2, 63.2, 67.6, 80.6, 81.5, 82.5, 86.3, 89.3, 91.9, 100.0, 102.1, 119.0, 131.8]","['RAIL', 'RAIL', 'RAIL', 'INSIDE', 'NEAR', 'OUTSIDE', 'RAIL', 'INSIDE', 'INSIDE', 'OUTSIDE', 'OUTSIDE', 'OUTSIDE', 'INSIDE', 'RAIL', 'INSIDE']","[[0.62, 0.31, 0.22], [0.7, 0.05, 1.06], [0.76, 0.05, 1.1], [2.99, 0.13, 1.82], [2.18, 0.56, 2.59], [0.17, 0.42, 0.55], [2.06, 0.23, 0.88], [3.65, 4.29, 0.7], [1.65, 4.15, 2.28], [0.77, 0.34, 1.01], [1.19, 0.26, 0.98], [1.2, 0.55, 1.07], [0.77, 4.31, 2.25], [0.14, 0.29, 0.77], [4.86, 3.95, 0.93]]","[144, 157, 150, 145, 92, 107, 129, 112, 132, 136, 131, 141, 121, 156, 147]",11.5
205,1788358464339657399,307200,70777,19,5,118.2,"[33.5, 36.8, 37.6, 88.1, 118.2]","['RAIL', 'RAIL', 'NEAR', 'INSIDE', 'RAIL']","[[0.64, 0.25, 0.3], [0.71, 0.04, 1.06], [0.82, 0.1, 0.58], [7.88, 4.33, 2.33], [0.09, 0.21, 0.76]]","[144, 157, 150, 132, 156]",10.4
206,1788358464438693602,307200,70624,14,6,99.4,"[32.8, 35.5, 67.0, 84.2, 87.5, 99.4]","['RAIL', 'RAIL', 'INSIDE', 'INSIDE', 'OUTSIDE', 'INSIDE']","[[0.65, 0.27, 0.3], [0.65, 0.04, 1.02], [0.49, 0.07, 1.34], [2.04, 4.49, 2.43], [1.4, 0.34, 1.74], [4.42, 4.32, 2.2]]","[144, 157, 92, 112, 136, 141]",10.1
207,1788358464540584908,307200,70999,24,13,140.1,"[32.1, 34.3, 36.4, 41.4, 84.3, 87.3, 89.4, 93.5, 98.8, 111.0, 116.8, 127.6, 140.1]","['RAIL', 'RAIL', 'INSIDE', 'NEAR', 'INSIDE', 'OUTSIDE', 'OUTSIDE', 'INSIDE', 'INSIDE', 'INSIDE', 'RAIL', 'INSIDE', 'INSIDE']","[[0.64, 0.31, 0.29], [0.59, 0.04, 0.99], [1.79, 0.17, 1.26], [1.71, 0.11, 1.63], [1.58, 4.19, 2.23], [0.63, 0.49, 0.38], [0.29, 0.18, 1.75], [2.01, 2.61, 2.09], [4.62, 4.49, 2.2], [2.99, 4.73, 2.14], [0.14, 0.26, 0.75], [3.08, 3.59, 0.29], [5.67, 4.15, 0.94]]","[144, 157, 150, 161, 112, 136, 132, 131, 141, 160, 156, 147, 155]",12.0
208,1788358464639839943,307200,71445,19,11,139.5,"[31.4, 34.3, 41.2, 65.1, 83.6, 88.5, 98.1, 107.3, 116.2, 125.4, 139.5]","['RAIL', 'RAIL', 'NEAR', 'NEAR', 'INSIDE', 'OUTSIDE', 'INSIDE', 'OUTSIDE', 'RAIL', 'INSIDE', 'INSIDE']","[[0.63, 0.33, 0.34], [0.63, 0.04, 0.99], [2.02, 0.08, 1.62], [3.6, 0.45, 2.51], [1.6, 4.13, 2.42], [0.68, 0.51, 1.93], [4.56, 4.67, 2.19], [0.17, 0.36, 0.47], [0.13, 0.38, 0.75], [3.17, 3.79, 0.3], [5.7, 4.03, 0.7]]","[144, 157, 161, 145, 112, 132, 141, 160, 156, 147, 155]",10.1
209,1788358464741090243,307200,71788,19,10,148.7,"[30.8, 33.3, 39.8, 82.1, 85.9, 98.8, 107.7, 123.8, 134.3, 148.7]","['RAIL', 'RAIL', 'NEAR', 'INSIDE', 'OUTSIDE', 'OUTSIDE', 'INSIDE', 'INSIDE', 'INSIDE', 'INSIDE']","[[0.69, 0.32, 0.34], [0.58, 0.04, 0.96], [1.08, 0.1, 1.83], [3.52, 4.24, 2.53], [0.63, 0.33, 1.31], [0.27, 0.6, 1.72], [5.74, 4.57, 2.03], [4.27, 3.7, 0.49], [4.05, 3.95, 0.58], [4.66, 3.8, 1.68]]","[144, 157, 161, 112, 136, 141, 160, 147, 155, 143]",11.4
210,1788358464841247012,307200,72171,20,13,139.5,"[30.1, 32.3, 32.8, 34.5, 39.5, 62.6, 64.3, 87.8, 97.9, 108.9, 114.9, 127.0, 139.5]","['RAIL', 'RAIL', 'NEAR', 'RAIL', 'NEAR', 'NEAR', 'INSIDE', 'INSIDE', 'OUTSIDE', 'INSIDE', 'RAIL', 'INSIDE', 'INSIDE']","[[0.61, 0.34, 0.25], [0.52, 0.04, 0.99], [2.11, 0.24, 1.31], [0.65, 0.04, 1.06], [2.43, 0.1, 1.89], [0.51, 0.33, 2.21], [0.49, 0.09, 0.98], [1.46, 2.65, 1.35], [1.65, 0.5, 2.15], [2.72, 1.88, 2.1], [0.11, 0.2, 0.74], [8.96, 3.97, 1.43], [2.97, 3.87, 0.63]]","[144, 157, 164, 150, 161, 145, 92, 132, 141, 160, 156, 147, 155]",13.0
211,1788358464939228808,307200,72838,22,13,145.1,"[29.5, 32.4, 39.0, 81.4, 84.1, 87.0, 96.1, 99.1, 108.0, 114.2, 125.6, 138.8, 145.1]","['RAIL', 'RAIL', 'NEAR', 'OUTSIDE', 'RAIL', 'INSIDE', 'OUTSIDE', 'INSIDE', 'INSIDE', 'RAIL', 'INSIDE', 'INSIDE', 'OUTSIDE']","[[0.7, 0.27, 0.41], [0.57, 0.04, 0.99], [2.05, 0.12, 1.97], [1.4, 0.35, 2.53], [0.51, 0.54, 0.75], [1.19, 2.63, 1.53], [2.99, 0.53, 2.14], [2.73, 4.37, 1.76], [4.38, 3.22, 2.09], [0.09, 0.2, 0.74], [7.68, 3.93, 0.85], [2.95, 4.08, 0.61], [0.18, 0.25, 1.4]]","[144, 157, 161, 129, 136, 132, 141, 121, 160, 156, 147, 155, 143]",20.3
212,1788358465043518554,307200,73704,16,10,144.5,"[28.8, 38.2, 80.4, 86.3, 93.9, 107.6, 113.5, 123.4, 136.8, 144.5]","['RAIL', 'NEAR', 'OUTSIDE', 'OUTSIDE', 'OUTSIDE', 'INSIDE', 'RAIL', 'INSIDE', 'INSIDE', 'OUTSIDE']","[[0.71, 0.35, 0.4], [3.11, 0.14, 1.61], [2.65, 1.48, 2.51], [0.93, 0.38, 1.52], [1.11, 0.53, 0.59], [2.71, 4.77, 2.08], [0.12, 0.22, 0.73], [4.18, 3.65, 0.26], [5.74, 4.06, 0.95], [0.14, 0.33, 1.61]]","[144, 161, 129, 132, 131, 160, 156, 147, 155, 143]",13.8
213,1788358465137983355,307200,74035,25,15,143.8,"[28.2, 30.7, 30.9, 33.4, 37.6, 62.4, 84.5, 92.1, 93.9, 97.3, 107.0, 112.9, 124.4, 136.2, 143.8]","['RAIL', 'RAIL', 'NEAR', 'RAIL', 'NEAR', 'INSIDE', 'INSIDE', 'OUTSIDE', 'OUTSIDE', 'INSIDE', 'INSIDE', 'RAIL', 'INSIDE', 'INSIDE', 'OUTSIDE']","[[0.76, 0.39, 0.45], [0.55, 0.04, 1.02], [0.5, 0.2, 1.22], [0.71, 0.12, 0.5], [1.87, 0.11, 1.55], [0.55, 0.14, 1.66], [3.76, 4.34, 2.44], [1.55, 0.29, 0.64], [1.05, 0.52, 1.0], [3.2, 4.57, 2.16], [2.91, 4.51, 2.06], [0.11, 0.22, 0.73], [7.49, 4.14, 1.37], [5.68, 4.04, 0.91], [0.12, 0.27, 1.6]]","[144, 157, 164, 150, 161, 145, 136, 131, 141, 121, 160, 156, 147, 155, 143]",21.5
214,1788358465236100517,307200,73968,22,11,128.7,"[27.6, 30.3, 31.2, 34.5, 37.3, 60.3, 86.5, 94.2, 106.4, 112.3, 128.7]","['RAIL', 'INSIDE', 'RAIL', 'OUTSIDE', 'NEAR', 'NEAR', 'RAIL', 'INSIDE', 'INSIDE', 'RAIL', 'INSIDE']","[[0.76, 0.37, 0.43], [2.32, 0.19, 1.34], [1.46, 0.05, 1.05], [0.4, 0.41, 0.59], [2.06, 0.11, 1.59], [3.42, 0.51, 2.72], [0.92, 0.26, 1.18], [3.11, 4.72, 2.28], [2.93, 4.49, 2.05], [0.16, 0.28, 0.72], [9.15, 4.22, 0.9]]","[144, 164, 157, 150, 161, 145, 132, 141, 160, 156, 147]",15.7
215,1788358465345780508,307200,71070,23,11,135.2,"[27.0, 30.7, 36.2, 60.1, 84.4, 93.6, 98.7, 104.6, 111.7, 124.5, 135.2]","['RAIL', 'RAIL', 'NEAR', 'INSIDE', 'OUTSIDE', 'INSIDE', 'INSIDE', 'INSIDE', 'RAIL', 'INSIDE', 'INSIDE']","[[0.73, 0.36, 0.42], [0.5, 0.04, 1.02], [1.82, 0.12, 2.13], [2.64, 0.21, 1.85], [1.49, 0.19, 1.72], [3.24, 4.74, 2.24], [2.93, 4.36, 1.55], [3.86, 4.79, 2.04], [0.12, 0.27, 0.72], [4.86, 4.1, 1.36], [5.36, 4.22, 0.94]]","[144, 157, 161, 145, 136, 141, 121, 160, 156, 147, 155]",12.1
216,1788358465439938496,307200,69885,23,11,134.6,"[26.3, 35.8, 58.5, 60.6, 81.8, 83.4, 95.1, 105.2, 111.1, 123.9, 134.6]","['RAIL', 'NEAR', 'INSIDE', 'INSIDE', 'OUTSIDE', 'INSIDE', 'OUTSIDE', 'INSIDE', 'RAIL', 'INSIDE', 'INSIDE']","[[0.76, 0.36, 0.47], [1.74, 0.12, 2.12], [0.69, 0.06, 1.6], [0.42, 0.07, 1.33], [0.59, 0.19, 1.25], [2.97, 4.32, 0.4], [1.9, 0.51, 2.07], [6.23, 4.81, 2.03], [0.08, 0.27, 0.72], [4.83, 4.08, 1.37], [5.26, 4.27, 0.9]]","[144, 161, 145, 92, 136, 112, 141, 160, 156, 147, 155]",10.6
217,1788358465544491471,307200,69985,17,9,126.1,"[25.7, 35.2, 38.2, 82.6, 92.5, 101.4, 104.6, 110.5, 126.1]","['RAIL', 'NEAR', 'NEAR', 'OUTSIDE', 'INSIDE', 'OUTSIDE', 'INSIDE', 'RAIL', 'INSIDE']","[[0.75, 0.37, 0.4], [2.91, 0.12, 2.11], [0.91, 0.07, 1.53], [5.07, 0.57, 2.58], [3.42, 4.56, 2.25], [0.39, 0.39, 0.83], [2.92, 4.75, 2.01], [0.11, 0.27, 0.71], [10.67, 4.16, 0.89]]","[144, 161, 167, 136, 131, 121, 160, 156, 147]",10.5
218,1788358465637319184,307200,69886,20,10,132.6,"[25.1, 28.5, 35.0, 37.2, 88.0, 93.0, 103.0, 109.8, 122.7, 132.6]","['RAIL', 'NEAR', 'NEAR', 'INSIDE', 'OUTSIDE', 'OUTSIDE', 'INSIDE', 'RAIL', 'INSIDE', 'INSIDE']","[[0.75, 0.32, 0.45], [3.92, 0.25, 1.86], [2.82, 0.14, 2.11], [0.94, 1.15, 0.06], [2.98, 0.25, 1.36], [2.11, 1.97, 2.22], [4.35, 4.64, 1.98], [0.1, 0.27, 0.71], [4.85, 4.11, 0.87], [3.83, 3.92, 0.91]]","[144, 164, 161, 167, 132, 131, 160, 156, 147, 155]",12.4
219,1788358465740852425,307200,70108,22,12,146.6,"[24.5, 33.6, 34.9, 48.7, 57.6, 91.5, 96.9, 102.4, 109.2, 123.0, 132.7, 146.6]","['RAIL', 'NEAR', 'NEAR', 'INSIDE', 'INSIDE', 'OUTSIDE', 'INSIDE', 'INSIDE', 'RAIL', 'INSIDE', 'INSIDE', 'INSIDE']","[[0.78, 0.31, 0.44], [1.47, 0.1, 1.98], [0.99, 0.09, 1.47], [1.41, 0.13, 1.84], [2.78, 2.8, 2.65], [5.29, 0.64, 1.78], [2.15, 4.25, 0.85], [4.3, 4.64, 1.95], [0.09, 0.24, 0.7], [5.62, 4.02, 0.83], [5.37, 4.26, 0.91], [14.19, 4.2, 1.82]]","[144, 161, 150, 170, 145, 131, 141, 160, 156, 147, 155, 143]",10.2
220,1788358465840356399,307200,70196,23,13,126.7,"[23.9, 30.8, 32.8, 33.3, 48.5, 58.1, 89.6, 91.7, 93.3, 100.0, 102.5, 108.7, 126.7]","['RAIL', 'INSIDE', 'OUTSIDE', 'NEAR', 'INSIDE', 'INSIDE', 'OUTSIDE', 'OUTSIDE', 'INSIDE', 'OUTSIDE', 'INSIDE', 'RAIL', 'INSIDE']","[[0.75, 0.34, 0.43], [0.4, 0.96, 0.03], [0.42, 0.8, 0.31], [3.21, 0.11, 1.97], [0.27, 0.11, 1.49], [0.61, 0.14, 1.54], [1.08, 0.35, 1.96], [1.19, 0.43, 2.2], [2.26, 4.24, 1.65], [0.76, 1.23, 0.69], [3.77, 2.21, 2.23], [0.11, 0.27, 0.7], [5.52, 4.05, 0.85]]","[144, 157, 161, 150, 170, 145, 132, 131, 141, 121, 160, 156, 147]",10.3
221,1788358465941133033,307200,70668,18,12,122.5,"[23.4, 30.5, 32.9, 35.7, 36.7, 36.7, 49.8, 81.0, 90.4, 101.1, 108.1, 122.5]","['RAIL', 'OUTSIDE', 'NEAR', 'NEAR', 'INSIDE', 'NEAR', 'INSIDE', 'OUTSIDE', 'INSIDE', 'INSIDE', 'RAIL', 'INSIDE']","[[0.74, 0.36, 0.47], [1.86, 0.54, 0.51], [2.67, 0.11, 1.96], [1.28, 0.09, 1.48], [0.48, 1.02, 0.03], [1.04, 0.09, 1.82], [0.14, 0.07, 1.33], [1.5, 0.55, 1.78], [3.86, 4.67, 2.18], [5.52, 4.98, 1.94], [0.1, 0.24, 0.7], [4.43, 3.98, 0.83]]","[144, 157, 150, 169, 167, 172, 170, 129, 132, 160, 156, 147]",12.3
222,1788358466038035174,307200,71172,23,15,131.0,"[22.8, 30.2, 31.8, 33.6, 35.4, 39.9, 48.6, 80.4, 90.0, 96.2, 98.6, 102.5, 107.5, 122.8, 131.0]","['RAIL', 'OUTSIDE', 'NEAR', 'NEAR', 'NEAR', 'NEAR', 'NEAR', 'OUTSIDE', 'INSIDE', 'INSIDE', 'OUTSIDE', 'INSIDE', 'RAIL', 'INSIDE', 'INSIDE']","[[0.7, 0.35, 0.46], [1.38, 0.6, 0.51], [2.46, 0.12, 2.11], [0.51, 0.09, 1.33], [0.66, 0.1, 1.48], [1.45, 0.09, 1.9], [0.42, 0.05, 1.08], [1.56, 0.42, 1.77], [4.12, 4.65, 2.18], [2.17, 4.24, 0.87], [0.16, 0.54, 0.41], [4.64, 4.85, 1.96], [0.11, 0.38, 0.69], [3.1, 3.97, 0.84], [5.25, 4.09, 0.9]]","[144, 157, 150, 169, 172, 167, 170, 129, 132, 141, 121, 160, 156, 147, 155]",10.7
223,1788358466140897767,307200,71391,18,10,128.3,"[22.2, 31.8, 34.8, 84.1, 90.0, 98.0, 100.7, 104.2, 106.9, 128.3]","['RAIL', 'NEAR', 'NEAR', 'OUTSIDE', 'OUTSIDE', 'OUTSIDE', 'INSIDE', 'OUTSIDE', 'RAIL', 'INSIDE']","[[0.71, 0.33, 0.43], [2.41, 0.11, 2.1], [1.86, 0.12, 1.49], [3.05, 0.29, 1.26], [0.94, 0.51, 2.16], [0.16, 0.37, 0.4], [4.1, 2.52, 2.2], [0.13, 0.47, 1.82], [0.14, 0.36, 0.69], [9.37, 4.29, 0.59]]","[144, 150, 172, 136, 131, 121, 160, 168, 156, 155]",11.4
224,1788358466239582329,307200,71573,19,13,126.2,"[21.7, 30.7, 33.4, 35.4, 41.7, 48.3, 84.0, 89.5, 93.6, 99.7, 103.5, 106.4, 126.2]","['RAIL', 'NEAR', 'NEAR', 'NEAR', 'NEAR', 'NEAR', 'OUTSIDE', 'OUTSIDE', 'OUTSIDE', 'INSIDE', 'OUTSIDE', 'RAIL', 'INSIDE']","[[0.73, 0.32, 0.38], [2.64, 0.11, 2.09], [2.39, 0.11, 1.43], [0.52, 0.09, 1.49], [1.06, 0.05, 1.37], [0.43, 0.06, 1.51], [3.69, 0.29, 1.99], [0.51, 0.5, 2.15], [0.98, 0.15, 0.65], [4.81, 4.9, 2.17], [0.32, 0.48, 1.81], [0.11, 0.37, 0.69], [6.52, 4.24, 0.54]]","[144, 150, 169, 172, 167, 170, 136, 131, 141, 160, 168, 156, 155]",12.8
225,1788358466339629809,307200,71833,16,10,105.8,"[30.4, 33.3, 33.9, 35.6, 47.7, 83.0, 89.7, 96.9, 100.8, 105.8]","['NEAR', 'RAIL', 'NEAR', 'NEAR', 'INSIDE', 'INSIDE', 'INSIDE', 'OUTSIDE', 'INSIDE', 'RAIL']","[[3.22, 0.11, 1.75], [1.02, 0.06, 0.72], [2.25, 0.11, 2.0], [0.59, 0.1, 1.49], [0.37, 0.04, 1.26], [2.84, 4.59, 2.19], [4.65, 4.88, 2.37], [0.16, 0.49, 0.22], [4.63, 4.95, 1.93], [0.14, 0.35, 0.68]]","[150, 169, 172, 173, 170, 112, 132, 121, 160, 165]",10.9
226,1788358466437231990,307200,72225,24,13,129.2,"[20.6, 30.1, 33.8, 38.0, 40.4, 44.5, 52.8, 81.4, 87.0, 99.5, 102.4, 105.3, 129.2]","['RAIL', 'NEAR', 'NEAR', 'NEAR', 'NEAR', 'NEAR', 'INSIDE', 'OUTSIDE', 'INSIDE', 'INSIDE', 'OUTSIDE', 'RAIL', 'INSIDE']","[[0.69, 0.31, 0.4], [3.69, 0.12, 2.14], [3.5, 0.12, 2.01], [0.67, 0.04, 1.44], [2.04, 0.12, 1.57], [1.11, 0.09, 1.67], [0.79, 0.11, 1.99], [3.07, 0.35, 1.44], [3.2, 4.9, 2.28], [3.11, 5.14, 2.18], [0.38, 0.46, 1.63], [0.12, 0.35, 0.68], [7.12, 4.33, 1.13]]","[162, 150, 172, 173, 167, 170, 145, 129, 132, 160, 168, 165, 155]",11.2
227,1788358466537968055,307200,72706,22,14,126.9,"[20.0, 29.2, 29.3, 38.8, 39.6, 43.9, 52.5, 86.7, 90.5, 94.9, 98.9, 101.9, 104.7, 126.9]","['RAIL', 'INSIDE', 'NEAR', 'NEAR', 'NEAR', 'NEAR', 'NEAR', 'INSIDE', 'OUTSIDE', 'OUTSIDE', 'INSIDE', 'OUTSIDE', 'RAIL', 'INSIDE']","[[0.75, 0.3, 0.39], [1.93, 2.27, 0.31], [3.19, 0.14, 2.14], [0.38, 0.09, 1.37], [0.57, 0.05, 1.05], [0.25, 0.05, 1.07], [4.19, 0.42, 2.56], [3.12, 4.87, 2.27], [0.32, 0.22, 1.16], [1.9, 0.35, 1.85], [3.09, 2.24, 2.17], [0.22, 0.41, 1.78], [0.11, 0.29, 0.67], [10.79, 4.31, 1.13]]","[162, 157, 150, 173, 167, 170, 145, 132, 131, 141, 160, 168, 165, 155]",11.3
228,1788358466641322686,307200,72933,18,12,146.7,"[19.5, 36.9, 39.0, 40.2, 52.1, 81.9, 86.1, 98.7, 99.0, 104.4, 125.3, 146.7]","['RAIL', 'NEAR', 'RAIL', 'NEAR', 'NEAR', 'OUTSIDE', 'INSIDE', 'OUTSIDE', 'INSIDE', 'OUTSIDE', 'INSIDE', 'INSIDE']","[[0.72, 0.34, 0.35], [1.3, 0.08, 1.83], [0.41, 0.09, 0.85], [0.48, 0.04, 1.25], [4.21, 0.41, 2.55], [1.94, 0.22, 0.8], [3.27, 4.73, 2.25], [1.56, 1.08, 0.85], [5.68, 3.63, 2.14], [0.04, 0.23, 0.91], [9.28, 4.2, 0.56], [3.88, 3.92, 1.0]]","[162, 175, 173, 167, 145, 129, 132, 121, 160, 168, 155, 143]",14.3
229,1788358466743276184,307200,73249,20,12,127.6,"[18.9, 25.9, 28.3, 32.6, 36.0, 40.1, 52.1, 84.5, 91.0, 98.8, 103.9, 127.6]","['RAIL', 'INSIDE', 'NEAR', 'NEAR', 'NEAR', 'NEAR', 'NEAR', 'INSIDE', 'OUTSIDE', 'INSIDE', 'OUTSIDE', 'INSIDE']","[[0.72, 0.34, 0.37], [0.54, 0.9, 0.06], [3.12, 0.13, 2.02], [4.43, 0.13, 2.11], [1.83, 0.09, 2.13], [1.41, 0.11, 1.58], [3.01, 0.38, 2.49], [5.29, 4.78, 2.24], [0.95, 0.12, 0.77], [4.84, 5.11, 2.15], [0.12, 1.19, 1.36], [7.15, 4.27, 1.12]]","[162, 157, 150, 169, 175, 167, 145, 112, 131, 160, 168, 155]",12.5
230,1788358466837475294,307200,73756,21,14,126.4,"[18.4, 29.8, 33.1, 35.1, 38.2, 40.7, 45.4, 51.6, 79.3, 84.8, 97.4, 98.2, 103.2, 126.4]","['RAIL', 'NEAR', 'NEAR', 'NEAR', 'NEAR', 'NEAR', 'RAIL', 'NEAR', 'RAIL', 'INSIDE', 'OUTSIDE', 'INSIDE', 'RAIL', 'INSIDE']","[[0.76, 0.31, 0.36], [0.93, 1.01, 0.08], [0.72, 0.1, 1.39], [2.13, 0.09, 2.13], [2.3, 0.09, 1.57], [0.87, 0.09, 1.62], [0.07, 0.16, 0.2], [2.96, 0.37, 2.46], [3.0, 0.57, 1.09], [3.99, 4.82, 2.27], [1.2, 0.4, 0.67], [6.34, 4.76, 2.14], [0.17, 0.26, 0.66], [5.8, 3.93, 0.91]]","[162, 150, 169, 175, 173, 167, 179, 145, 129, 112, 121, 160, 165, 155]",11.9
231,1788358466937897544,307200,74232,25,18,126.7,"[17.9, 27.0, 27.2, 29.9, 30.4, 33.2, 35.8, 37.2, 44.1, 51.3, 84.7, 89.8, 93.6, 96.4, 99.9, 102.7, 103.0, 126.7]","['RAIL', 'OUTSIDE', 'NEAR', 'INSIDE', 'NEAR', 'NEAR', 'NEAR', 'NEAR', 'NEAR', 'NEAR', 'INSIDE', 'INSIDE', 'INSIDE', 'INSIDE', 'OUTSIDE', 'RAIL', 'OUTSIDE', 'INSIDE']","[[0.76, 0.32, 0.39], [0.54, 0.77, 0.26], [3.23, 0.11, 2.01], [0.6, 0.83, 0.05], [2.15, 0.11, 1.93], [3.18, 0.1, 1.71], [1.29, 0.08, 1.48], [1.13, 0.08, 1.48], [0.69, 0.1, 1.67], [2.45, 0.35, 2.42], [3.25, 4.72, 2.25], [2.63, 4.64, 2.39], [1.47, 2.12, 1.29], [4.2, 5.13, 2.13], [0.17, 0.63, 1.59], [0.06, 0.29, 0.66], [0.29, 1.18, 1.64], [7.13, 4.24, 1.11]]","[162, 157, 150, 169, 172, 175, 173, 167, 170, 145, 112, 131, 141, 160, 168, 165, 166, 155]",12.6
232,1788358467040037778,307200,73470,19,12,126.1,"[17.4, 24.7, 37.1, 40.2, 44.1, 44.3, 83.8, 91.0, 99.4, 102.2, 102.3, 126.1]","['RAIL', 'OUTSIDE', 'NEAR', 'NEAR', 'NEAR', 'RAIL', 'INSIDE', 'INSIDE', 'OUTSIDE', 'RAIL', 'OUTSIDE', 'INSIDE']","[[0.73, 0.29, 0.39], [0.6, 0.69, 0.84], [2.62, 0.08, 1.56], [0.49, 0.04, 1.05], [0.4, 0.05, 1.55], [0.1, 0.15, 0.48], [4.01, 4.85, 2.24], [2.44, 4.62, 1.56], [0.18, 0.45, 1.73], [0.06, 0.18, 0.66], [0.11, 0.13, 1.34], [7.15, 4.22, 1.11]]","[162, 157, 167, 182, 170, 179, 112, 131, 168, 165, 166, 155]",13.2
233,1788358467138037714,307200,73147,24,18,125.0,"[16.9, 27.5, 29.7, 30.2, 33.3, 36.0, 37.1, 38.9, 41.6, 43.8, 47.4, 51.0, 83.8, 96.3, 96.7, 101.7, 102.0, 125.0]","['RAIL', 'NEAR', 'OUTSIDE', 'INSIDE', 'NEAR', 'NEAR', 'NEAR', 'NEAR', 'NEAR', 'RAIL', 'NEAR', 'NEAR', 'INSIDE', 'OUTSIDE', 'INSIDE', 'OUTSIDE', 'OUTSIDE', 'INSIDE']","[[0.75, 0.32, 0.38], [1.14, 1.17, 0.81], [0.9, 0.47, 0.28], [6.01, 2.96, 3.13], [3.21, 0.1, 2.02], [0.97, 0.1, 1.49], [1.31, 0.08, 1.45], [1.22, 0.1, 1.53], [0.45, 0.07, 0.94], [0.15, 0.15, 0.48], [0.11, 0.1, 0.95], [0.97, 0.33, 2.47], [4.96, 4.89, 2.26], [1.21, 0.56, 0.6], [7.4, 5.01, 2.08], [0.16, 0.36, 0.86], [0.44, 1.35, 1.78], [5.78, 3.45, 0.9]]","[162, 150, 169, 172, 175, 173, 167, 182, 170, 179, 183, 145, 112, 121, 160, 165, 166, 155]",10.8
234,1788358467237117626,307200,73374,21,15,124.4,"[16.5, 25.8, 27.6, 33.0, 35.6, 37.0, 40.0, 42.2, 49.1, 50.6, 83.1, 95.8, 96.2, 101.3, 124.4]","['RAIL', 'OUTSIDE', 'NEAR', 'NEAR', 'NEAR', 'NEAR', 'NEAR', 'NEAR', 'NEAR', 'NEAR', 'INSIDE', 'OUTSIDE', 'INSIDE', 'OUTSIDE', 'INSIDE']","[[0.73, 0.3, 0.37], [1.09, 0.98, 0.22], [0.51, 0.98, 0.05], [2.64, 0.11, 2.0], [1.4, 0.09, 1.81], [0.44, 0.04, 1.15], [0.54, 0.06, 1.5], [0.26, 0.05, 1.21], [0.37, 0.11, 1.62], [1.06, 0.33, 2.46], [3.9, 4.78, 2.22], [1.17, 0.55, 0.86], [7.44, 5.06, 2.04], [0.05, 0.22, 1.11], [5.74, 3.79, 0.89]]","[162, 157, 150, 175, 173, 167, 182, 170, 183, 145, 112, 121, 160, 166, 155]",11.6
235,1788358467343184978,307200,73959,25,17,101.0,"[16.0, 25.1, 29.9, 30.9, 31.4, 32.8, 34.4, 36.2, 38.7, 41.7, 44.7, 45.6, 82.9, 95.3, 95.7, 100.7, 101.0]","['RAIL', 'OUTSIDE', 'NEAR', 'NEAR', 'OUTSIDE', 'NEAR', 'RAIL', 'NEAR', 'NEAR', 'NEAR', 'NEAR', 'NEAR', 'INSIDE', 'OUTSIDE', 'INSIDE', 'RAIL', 'OUTSIDE']","[[0.72, 0.32, 0.35], [0.85, 0.66, 0.22], [0.83, 0.61, 0.07], [0.71, 0.09, 1.56], [0.57, 0.3, 0.27], [2.37, 0.1, 1.98], [0.58, 0.04, 0.82], [2.14, 0.07, 1.72], [0.42, 0.03, 0.94], [0.35, 0.05, 1.39], [0.45, 0.11, 0.91], [0.46, 0.07, 1.11], [3.42, 4.7, 2.21], [1.23, 0.55, 0.65], [7.39, 4.99, 2.09], [0.06, 0.18, 0.65], [0.31, 1.33, 1.61]]","[162, 150, 169, 175, 172, 173, 167, 182, 170, 179, 183, 145, 112, 121, 160, 165, 166]",10.8
236,1788358467436411400,307200,74496,19,13,123.7,"[15.5, 33.2, 34.3, 35.6, 37.1, 39.1, 45.1, 83.0, 88.6, 94.8, 95.2, 100.3, 123.7]","['RAIL', 'INSIDE', 'NEAR', 'NEAR', 'NEAR', 'NEAR', 'NEAR', 'INSIDE', 'INSIDE', 'OUTSIDE', 'INSIDE', 'RAIL', 'INSIDE']","[[0.72, 0.32, 0.35], [0.51, 1.03, 0.04], [0.37, 0.04, 1.29], [1.64, 0.07, 1.4], [0.37, 0.1, 1.56], [0.61, 0.1, 1.98], [2.33, 0.13, 1.82], [6.2, 4.89, 2.53], [2.91, 3.94, 1.76], [1.24, 0.55, 0.65], [7.27, 5.11, 2.22], [0.09, 0.25, 0.65], [5.43, 3.5, 0.89]]","[162, 173, 167, 182, 170, 179, 145, 112, 131, 121, 160, 165, 155]",12.3
237,1788358467541968180,307200,74978,20,14,121.8,"[15.0, 27.8, 28.0, 34.9, 36.7, 37.5, 39.2, 43.7, 44.6, 80.1, 94.4, 99.8, 100.0, 121.8]","['RAIL', 'INSIDE', 'OUTSIDE', 'NEAR', 'NEAR', 'RAIL', 'NEAR', 'NEAR', 'RAIL', 'INSIDE', 'INSIDE', 'OUTSIDE', 'OUTSIDE', 'INSIDE']","[[0.73, 0.32, 0.36], [0.3, 0.87, 0.23], [0.82, 0.42, 0.08], [2.4, 0.1, 1.48], [0.51, 0.04, 1.06], [0.81, 0.09, 0.66], [1.52, 0.13, 1.99], [0.52, 0.06, 1.36], [0.22, 0.09, 0.87], [7.3, 4.85, 2.51], [7.17, 5.05, 2.21], [0.11, 0.29, 0.84], [0.11, 1.32, 1.31], [2.46, 3.82, 0.84]]","[162, 169, 150, 167, 170, 186, 179, 183, 145, 129, 160, 165, 168, 155]",10.6
238,1788358467637637937,307200,75439,25,18,121.3,"[14.6, 25.6, 31.4, 31.5, 33.2, 34.8, 37.2, 40.3, 43.7, 45.0, 80.3, 85.4, 88.6, 93.8, 94.3, 99.3, 99.4, 121.3]","['RAIL', 'INSIDE', 'NEAR', 'NEAR', 'RAIL', 'NEAR', 'NEAR', 'NEAR', 'NEAR', 'NEAR', 'INSIDE', 'INSIDE', 'OUTSIDE', 'OUTSIDE', 'INSIDE', 'OUTSIDE', 'OUTSIDE', 'INSIDE']","[[0.72, 0.31, 0.35], [0.49, 0.71, 0.25], [0.1, 0.99, 0.28], [2.47, 0.11, 2.11], [0.82, 0.07, 0.72], [2.53, 0.09, 1.48], [0.42, 0.09, 1.31], [0.55, 0.08, 1.6], [1.28, 0.1, 1.65], [0.13, 0.09, 1.79], [4.74, 4.88, 2.29], [3.12, 4.64, 2.45], [1.74, 0.32, 1.91], [1.19, 0.38, 0.38], [7.2, 4.92, 2.22], [0.12, 0.24, 0.84], [0.08, 0.24, 1.73], [2.45, 4.02, 1.08]]","[162, 169, 172, 175, 167, 182, 186, 179, 183, 145, 129, 112, 131, 121, 160, 165, 168, 155]",12.5
239,1788358467736809674,307200,76027,20,13,129.8,"[14.1, 22.4, 33.5, 38.3, 40.8, 43.2, 44.6, 93.5, 93.9, 98.9, 99.0, 124.2, 129.8]","['RAIL', 'RAIL', 'NEAR', 'NEAR', 'NEAR', 'NEAR', 'NEAR', 'OUTSIDE', 'INSIDE', 'RAIL', 'OUTSIDE', 'INSIDE', 'OUTSIDE']","[[0.7, 0.29, 0.41], [0.48, 0.13, 0.31], [1.71, 0.09, 1.96], [1.31, 0.08, 1.63], [0.45, 0.06, 1.36], [1.24, 0.12, 1.71], [0.14, 0.09, 1.68], [1.17, 0.38, 0.38], [7.28, 4.96, 2.19], [0.09, 0.34, 0.64], [0.14, 1.44, 1.3], [4.37, 4.13, 0.45], [0.13, 0.24, 1.5]]","[162, 169, 167, 186, 179, 183, 145, 121, 160, 165, 168, 155, 184]",11.7
240,1788358467840895202,307200,76608,21,13,125.5,"[13.7, 30.6, 33.4, 35.5, 37.7, 39.9, 41.3, 42.8, 85.6, 91.8, 96.3, 98.4, 125.5]","['RAIL', 'NEAR', 'NEAR', 'NEAR', 'NEAR', 'NEAR', 'NEAR', 'NEAR', 'INSIDE', 'INSIDE', 'OUTSIDE', 'OUTSIDE', 'INSIDE']","[[0.7, 0.3, 0.36], [3.03, 0.1, 2.14], [2.4, 0.1, 1.96], [2.04, 0.09, 2.09], [1.67, 0.11, 1.61], [1.16, 0.11, 1.68], [0.47, 0.06, 1.03], [1.38, 0.06, 1.69], [4.12, 4.59, 1.72], [4.88, 5.04, 2.22], [1.52, 0.68, 1.85], [0.12, 0.24, 0.83], [7.85, 4.11, 1.75]]","[162, 175, 167, 182, 186, 179, 183, 145, 112, 160, 168, 165, 155]",10.7
241,1788358467941121006,307200,77035,20,12,127.9,"[13.3, 23.9, 28.9, 37.2, 39.8, 42.4, 80.6, 87.1, 92.8, 98.0, 98.2, 127.9]","['RAIL', 'NEAR', 'NEAR', 'NEAR', 'NEAR', 'NEAR', 'INSIDE', 'OUTSIDE', 'INSIDE', 'OUTSIDE', 'INSIDE', 'INSIDE']","[[0.83, 0.31, 0.39], [1.14, 0.98, 0.49], [0.61, 0.74, 0.22], [1.86, 0.07, 1.55], [0.43, 0.09, 1.59], [1.31, 0.11, 1.68], [6.85, 4.91, 2.28], [1.47, 0.17, 1.53], [7.67, 5.13, 2.21], [0.16, 0.27, 0.83], [0.41, 2.98, 2.15], [1.83, 3.11, 1.73]]","[162, 169, 150, 170, 179, 145, 129, 131, 160, 165, 168, 184]",12.7
242,1788358468039377251,307200,77561,20,13,178.6,"[12.9, 35.0, 36.9, 38.5, 39.5, 41.5, 42.5, 85.4, 91.0, 96.4, 97.5, 124.6, 178.6]","['RAIL', 'INSIDE', 'NEAR', 'NEAR', 'NEAR', 'NEAR', 'RAIL', 'INSIDE', 'INSIDE', 'OUTSIDE', 'INSIDE', 'INSIDE', 'OUTSIDE']","[[0.81, 0.31, 0.38], [0.93, 1.48, 0.33], [1.48, 0.06, 1.46], [0.4, 0.07, 1.63], [0.52, 0.05, 1.56], [0.5, 0.1, 1.65], [0.47, 0.08, 0.83], [4.27, 4.68, 2.46], [4.94, 5.16, 2.2], [0.14, 0.34, 0.82], [3.38, 4.46, 2.14], [7.77, 4.15, 1.74], [4.22, 1.0, 0.38]]","[162, 173, 170, 186, 179, 183, 145, 112, 160, 165, 168, 155, 185]",12.5
243,1788358468139428543,307200,78366,19,14,179.9,"[12.4, 30.4, 33.6, 35.2, 36.4, 38.1, 39.0, 41.3, 85.6, 92.3, 97.1, 121.7, 129.3, 179.9]","['RAIL', 'INSIDE', 'NEAR', 'NEAR', 'NEAR', 'NEAR', 'NEAR', 'NEAR', 'INSIDE', 'INSIDE', 'OUTSIDE', 'OUTSIDE', 'INSIDE', 'INSIDE']","[[0.75, 0.3, 0.37], [0.62, 1.17, 0.05], [1.25, 0.08, 1.42], [0.67, 0.08, 1.47], [1.78, 0.08, 2.12], [0.57, 0.08, 1.93], [0.29, 0.04, 0.96], [1.06, 0.08, 1.56], [1.81, 4.84, 2.45], [6.93, 5.34, 2.42], [0.18, 0.34, 0.82], [2.9, 0.5, 0.45], [3.55, 3.98, 1.76], [3.01, 4.1, 0.39]]","[162, 172, 167, 182, 170, 186, 179, 183, 112, 160, 165, 155, 184, 185]",13.6
244,1788358468244250718,307200,77669,21,15,177.7,"[12.0, 29.1, 31.5, 32.0, 34.1, 36.5, 38.4, 41.1, 42.5, 89.7, 96.7, 96.8, 117.3, 124.2, 177.7]","['RAIL', 'NEAR', 'NEAR', 'NEAR', 'NEAR', 'NEAR', 'NEAR', 'NEAR', 'RAIL', 'INSIDE', 'OUTSIDE', 'OUTSIDE', 'OUTSIDE', 'INSIDE', 'OUTSIDE']","[[0.77, 0.3, 0.38], [0.49, 0.7, 0.24], [0.15, 0.76, 0.28], [2.06, 0.08, 1.94], [1.63, 0.08, 1.41], [0.92, 0.09, 1.53], [1.62, 0.07, 1.94], [1.28, 0.12, 1.55], [0.04, 0.07, 1.01], [10.78, 5.32, 2.45], [0.13, 0.34, 0.82], [0.81, 1.36, 1.86], [0.44, 0.23, 0.78], [7.97, 4.19, 1.75], [4.23, 1.9, 0.38]]","[162, 150, 172, 175, 167, 170, 186, 183, 145, 160, 165, 168, 155, 184, 185]",14.4
245,1788358468340365604,307200,76694,16,13,124.1,"[11.6, 21.9, 24.7, 33.8, 35.6, 40.2, 41.1, 84.8, 87.2, 91.3, 96.3, 116.9, 124.1]","['RAIL', 'NEAR', 'OUTSIDE', 'NEAR', 'NEAR', 'RAIL', 'NEAR', 'INSIDE', 'OUTSIDE', 'INSIDE', 'OUTSIDE', 'OUTSIDE', 'INSIDE']","[[0.86, 0.31, 0.35], [0.48, 0.99, 0.36], [0.74, 0.47, 0.22], [1.2, 0.09, 1.42], [1.89, 0.08, 1.81], [0.32, 0.09, 0.96], [0.33, 0.04, 1.44], [1.83, 4.5, 2.42], [0.38, 0.33, 0.78], [6.7, 5.2, 2.39], [0.11, 0.32, 0.81], [0.45, 0.23, 0.78], [6.3, 3.92, 1.73]]","[162, 169, 150, 167, 182, 183, 145, 112, 131, 160, 165, 155, 184]",11.8
246,1788358468439879346,307200,76898,22,19,176.9,"[11.2, 21.9, 22.3, 27.7, 30.3, 31.2, 32.5, 33.6, 35.9, 37.6, 38.7, 39.6, 90.4, 90.9, 95.9, 96.1, 116.6, 124.6, 176.9]","['RAIL', 'INSIDE', 'INSIDE', 'NEAR', 'INSIDE', 'INSIDE', 'NEAR', 'NEAR', 'NEAR', 'NEAR', 'RAIL', 'NEAR', 'OUTSIDE', 'INSIDE', 'OUTSIDE', 'OUTSIDE', 'OUTSIDE', 'INSIDE', 'OUTSIDE']","[[0.88, 0.22, 0.33], [0.97, 0.8, 0.3], [0.69, 0.77, 0.24], [0.36, 0.89, 0.03], [0.62, 1.05, 0.05], [1.62, 1.61, 0.14], [1.28, 0.07, 1.94], [0.87, 0.08, 1.41], [2.67, 0.08, 2.13], [0.77, 0.07, 1.48], [0.56, 0.08, 1.0], [0.92, 0.12, 1.91], [1.22, 0.52, 0.81], [7.77, 5.15, 2.38], [0.17, 0.22, 0.81], [0.07, 0.22, 1.85], [0.6, 0.23, 0.78], [5.83, 4.15, 1.74], [4.22, 2.2, 0.38]]","[162, 169, 150, 172, 175, 167, 182, 173, 170, 186, 179, 183, 160, 131, 165, 168, 155, 184, 185]",12.5
247,1788358468541706913,307200,75849,18,14,116.2,"[10.9, 22.0, 27.6, 28.9, 35.5, 37.8, 41.4, 81.2, 87.9, 90.5, 93.2, 95.5, 95.6, 116.2]","['RAIL', 'NEAR', 'NEAR', 'INSIDE', 'NEAR', 'NEAR', 'NEAR', 'OUTSIDE', 'OUTSIDE', 'INSIDE', 'OUTSIDE', 'OUTSIDE', 'OUTSIDE', 'OUTSIDE']","[[0.8, 0.25, 0.34], [0.55, 0.98, 0.37], [0.7, 0.95, 0.07], [0.93, 1.25, 0.31], [2.02, 0.1, 1.8], [1.22, 0.06, 1.49], [0.38, 0.04, 1.36], [0.98, 0.2, 1.43], [1.23, 0.52, 0.8], [6.95, 5.01, 2.37], [1.25, 0.7, 1.79], [0.15, 0.22, 0.81], [0.12, 0.37, 1.84], [0.63, 0.23, 0.46]]","[162, 169, 172, 175, 170, 186, 145, 129, 160, 131, 168, 165, 121, 155]",10.8
248,1788358468639840474,307200,75020,17,14,141.8,"[10.4, 33.1, 36.5, 38.1, 39.4, 41.0, 81.2, 86.0, 90.2, 95.1, 95.1, 115.7, 124.3, 141.8]","['RAIL', 'NEAR', 'NEAR', 'NEAR', 'NEAR', 'NEAR', 'OUTSIDE', 'OUTSIDE', 'INSIDE', 'RAIL', 'OUTSIDE', 'OUTSIDE', 'INSIDE', 'INSIDE']","[[0.85, 0.25, 0.31], [2.3, 0.09, 1.97], [1.56, 0.07, 1.8], [0.43, 0.1, 1.5], [1.13, 0.07, 1.98], [0.38, 0.06, 1.62], [1.56, 0.17, 1.99], [0.29, 0.32, 0.77], [6.95, 5.14, 2.36], [0.1, 0.23, 0.61], [0.44, 0.39, 1.68], [0.38, 0.28, 0.53], [3.31, 4.01, 1.88], [7.26, 4.45, 0.98]]","[162, 173, 170, 186, 183, 145, 129, 112, 131, 165, 121, 155, 184, 180]",11.1
249,1788358468742679914,307200,75095,19,14,177.5,"[10.1, 27.0, 30.6, 33.7, 37.7, 38.9, 40.6, 88.9, 89.6, 94.7, 94.8, 115.4, 127.2, 177.5]","['RAIL', 'NEAR', 'INSIDE', 'NEAR', 'NEAR', 'RAIL', 'RAIL', 'OUTSIDE', 'INSIDE', 'OUTSIDE', 'OUTSIDE', 'OUTSIDE', 'INSIDE', 'OUTSIDE']","[[0.87, 0.25, 0.32], [1.44, 0.95, 0.41], [0.52, 1.17, 0.04], [2.5, 0.12, 1.97], [0.4, 0.04, 1.34], [0.72, 0.07, 0.85], [0.65, 0.09, 1.15], [2.6, 0.41, 0.74], [7.73, 5.19, 2.32], [0.15, 0.28, 0.8], [0.45, 0.44, 1.83], [0.54, 0.22, 0.46], [3.12, 3.91, 1.72], [2.95, 0.93, 0.39]]","[162, 172, 167, 173, 186, 179, 145, 160, 131, 165, 121, 155, 184, 185]",12.3
250,1788358468842864210,307200,75372,17,14,126.8,"[9.7, 27.5, 29.9, 33.2, 34.1, 35.3, 38.4, 39.3, 40.3, 89.4, 89.9, 94.4, 115.0, 126.8]","['RAIL', 'NEAR', 'INSIDE', 'INSIDE', 'NEAR', 'NEAR', 'NEAR', 'NEAR', 'NEAR', 'OUTSIDE', 'OUTSIDE', 'INSIDE', 'OUTSIDE', 'INSIDE']","[[0.89, 0.25, 0.33], [0.3, 0.88, 0.03], [1.45, 2.42, 0.22], [0.93, 1.48, 0.07], [1.08, 0.07, 1.34], [0.43, 0.06, 2.01], [0.44, 0.08, 1.86], [0.39, 0.05, 1.56], [0.32, 0.09, 1.6], [1.17, 0.35, 0.79], [0.16, 0.27, 0.8], [9.29, 5.28, 2.49], [0.56, 0.23, 1.24], [3.22, 3.96, 1.72]]","[162, 172, 175, 173, 182, 170, 186, 183, 145, 160, 165, 131, 155, 184]",13.6
251,1788358468944713653,307200,74987,22,16,174.1,"[9.4, 24.8, 29.2, 32.9, 33.9, 36.4, 38.0, 39.9, 80.5, 88.3, 88.4, 94.0, 114.6, 123.7, 140.8, 174.1]","['RAIL', 'NEAR', 'INSIDE', 'INSIDE', 'NEAR', 'NEAR', 'NEAR', 'NEAR', 'OUTSIDE', 'OUTSIDE', 'OUTSIDE', 'INSIDE', 'OUTSIDE', 'INSIDE', 'INSIDE', 'OUTSIDE']","[[0.94, 0.26, 0.3], [0.88, 0.88, 0.21], [1.11, 1.32, 0.25], [0.91, 1.47, 0.07], [0.6, 1.07, 0.34], [1.33, 0.08, 1.43], [0.65, 0.07, 1.84], [0.35, 0.1, 1.58], [1.96, 0.32, 1.96], [2.63, 1.17, 0.79], [0.1, 0.27, 0.79], [13.51, 5.34, 2.43], [0.41, 0.22, 0.76], [3.6, 3.83, 1.71], [7.27, 4.36, 0.7], [2.42, 1.89, 0.35]]","[162, 172, 175, 173, 182, 170, 186, 145, 129, 160, 165, 131, 155, 184, 180, 185]",14.7
252,1788358469047012518,307200,73909,18,14,176.5,"[9.0, 22.9, 32.6, 36.5, 38.0, 39.6, 80.2, 88.6, 89.3, 93.7, 114.3, 126.1, 141.9, 176.5]","['RAIL', 'OUTSIDE', 'NEAR', 'NEAR', 'NEAR', 'NEAR', 'OUTSIDE', 'OUTSIDE', 'OUTSIDE', 'INSIDE', 'OUTSIDE', 'INSIDE', 'NEAR', 'OUTSIDE']","[[0.94, 0.24, 0.26], [0.53, 0.3, 0.25], [2.63, 0.1, 1.66], [0.3, 0.08, 1.29], [1.2, 0.11, 1.91], [0.39, 0.05, 1.47], [0.78, 0.16, 0.55], [1.2, 0.35, 0.79], [0.14, 0.27, 0.79], [9.18, 5.24, 2.47], [0.52, 0.22, 1.23], [3.18, 3.88, 1.72], [0.87, 0.13, 0.67], [2.96, 0.3, 0.38]]","[162, 169, 173, 170, 186, 183, 129, 160, 165, 131, 155, 184, 180, 185]",11.7
253,1788358469140555992,307200,74211,17,13,125.8,"[8.6, 24.1, 26.7, 27.8, 28.9, 30.2, 32.8, 34.7, 82.1, 89.0, 93.4, 113.9, 125.8]","['RAIL', 'INSIDE', 'OUTSIDE', 'NEAR', 'INSIDE', 'INSIDE', 'NEAR', 'NEAR', 'OUTSIDE', 'OUTSIDE', 'INSIDE', 'OUTSIDE', 'INSIDE']","[[0.81, 0.22, 0.27], [0.36, 1.1, 0.25], [0.18, 0.28, 0.24], [0.46, 0.89, 0.04], [1.37, 2.19, 0.13], [1.35, 2.56, 0.22], [1.5, 0.11, 1.97], [1.29, 0.12, 2.08], [1.35, 0.26, 0.67], [0.18, 0.23, 0.79], [9.35, 5.46, 2.53], [0.51, 0.36, 1.23], [3.27, 3.89, 1.72]]","[162, 150, 172, 175, 167, 173, 182, 170, 129, 165, 131, 155, 184]",11.9
254,1788358469241440353,307200,74889,22,17,161.5,"[8.3, 26.4, 27.4, 29.4, 32.1, 32.7, 36.0, 36.8, 38.8, 87.7, 88.3, 93.0, 93.0, 113.6, 122.6, 140.6, 161.5]","['RAIL', 'NEAR', 'NEAR', 'INSIDE', 'NEAR', 'OUTSIDE', 'NEAR', 'NEAR', 'NEAR', 'OUTSIDE', 'INSIDE', 'OUTSIDE', 'OUTSIDE', 'OUTSIDE', 'INSIDE', 'INSIDE', 'INSIDE']","[[0.82, 0.21, 0.36], [0.87, 1.12, 0.29], [0.47, 0.87, 0.04], [0.77, 1.2, 0.06], [0.67, 0.9, 0.24], [0.91, 1.4, 0.88], [0.47, 0.05, 1.58], [0.36, 0.08, 1.54], [0.38, 0.05, 1.46], [0.5, 0.18, 0.78], [7.45, 5.08, 2.26], [0.09, 0.27, 0.78], [0.66, 0.51, 1.39], [0.54, 0.22, 0.76], [3.45, 3.78, 1.7], [8.98, 4.52, 0.69], [5.01, 4.36, 1.35]]","[162, 172, 175, 173, 182, 170, 186, 179, 183, 160, 131, 165, 168, 155, 184, 180, 190]",11.8
255,1788358469340044351,307200,75261,14,11,173.6,"[8.0, 20.6, 24.9, 34.4, 37.0, 39.9, 88.3, 92.7, 113.3, 143.9, 173.6]","['RAIL', 'INSIDE', 'NEAR', 'NEAR', 'NEAR', 'NEAR', 'OUTSIDE', 'INSIDE', 'OUTSIDE', 'OUTSIDE', 'INSIDE']","[[0.73, 0.26, 0.32], [0.14, 0.79, 0.19], [0.75, 1.18, 0.25], [2.01, 0.08, 1.46], [1.57, 0.07, 1.74], [1.28, 0.11, 1.69], [0.13, 0.21, 0.78], [9.5, 5.44, 2.45], [0.63, 0.22, 1.22], [1.78, 0.35, 0.27], [4.28, 3.97, 0.37]]","[162, 169, 172, 186, 179, 145, 165, 131, 155, 180, 185]",10.8
256,1788358469441044090,307200,75592,18,14,136.5,"[7.6, 23.2, 25.5, 31.8, 33.7, 36.7, 39.8, 41.8, 81.2, 88.1, 92.3, 112.9, 118.4, 136.5]","['RAIL', 'NEAR', 'NEAR', 'NEAR', 'NEAR', 'NEAR', 'NEAR', 'NEAR', 'OUTSIDE', 'OUTSIDE', 'INSIDE', 'OUTSIDE', 'OUTSIDE', 'INSIDE']","[[0.77, 0.23, 0.29], [0.92, 0.94, 0.24], [0.54, 0.97, 0.26], [1.63, 0.1, 1.36], [1.43, 0.1, 1.97], [3.33, 0.11, 1.83], [1.33, 0.13, 1.27], [1.15, 0.09, 1.66], [1.22, 0.27, 0.88], [0.17, 0.22, 0.78], [9.58, 5.45, 2.48], [0.45, 0.35, 1.22], [0.2, 1.45, 0.74], [7.35, 4.57, 0.89]]","[162, 172, 175, 182, 186, 179, 145, 197, 129, 165, 131, 155, 184, 195]",15.9
257,1788358469539224357,307200,75949,17,15,161.8,"[7.3, 23.2, 26.5, 32.6, 32.7, 36.5, 38.0, 41.4, 87.0, 87.6, 92.0, 112.7, 133.3, 140.0, 161.8]","['RAIL', 'NEAR', 'INSIDE', 'OUTSIDE', 'NEAR', 'NEAR', 'NEAR', 'NEAR', 'OUTSIDE', 'OUTSIDE', 'INSIDE', 'OUTSIDE', 'INSIDE', 'NEAR', 'INSIDE']","[[0.79, 0.22, 0.3], [1.03, 1.14, 0.22], [1.15, 1.63, 0.3], [0.41, 1.12, 0.3], [3.08, 0.09, 1.96], [1.3, 0.08, 1.81], [0.36, 0.05, 1.58], [1.03, 0.11, 1.65], [1.22, 0.34, 0.77], [0.08, 0.16, 0.78], [9.34, 5.41, 2.44], [0.7, 0.22, 0.97], [6.5, 4.22, 0.89], [1.08, 0.09, 0.66], [2.56, 3.78, 0.66]]","[162, 172, 175, 170, 182, 179, 183, 197, 112, 165, 131, 155, 195, 180, 190]",12.9
258,1788358469643028027,307200,76348,18,15,171.8,"[7.0, 27.0, 28.2, 33.7, 35.9, 37.6, 39.3, 39.8, 41.1, 87.4, 91.7, 112.4, 132.4, 160.3, 171.8]","['RAIL', 'OUTSIDE', 'INSIDE', 'NEAR', 'NEAR', 'NEAR', 'RAIL', 'NEAR', 'NEAR', 'OUTSIDE', 'INSIDE', 'OUTSIDE', 'INSIDE', 'INSIDE', 'OUTSIDE']","[[0.83, 0.25, 0.36], [1.01, 0.55, 0.38], [0.77, 1.18, 0.07], [0.68, 0.06, 1.41], [1.49, 0.07, 1.81], [0.34, 0.07, 1.32], [0.23, 0.49, 0.16], [1.2, 0.06, 1.54], [1.44, 0.15, 1.72], [0.11, 0.26, 0.77], [9.44, 5.39, 2.42], [0.72, 0.22, 0.75], [7.68, 4.39, 0.86], [5.04, 4.32, 1.34], [2.45, 2.16, 0.35]]","[162, 175, 173, 186, 179, 183, 193, 145, 197, 165, 131, 155, 195, 190, 185]",11.6
259,1788358469739768752,307200,76337,18,14,174.2,"[6.7, 24.9, 26.7, 30.9, 33.2, 37.3, 38.9, 39.6, 41.3, 87.0, 91.4, 112.0, 133.9, 174.2]","['RAIL', 'INSIDE', 'NEAR', 'NEAR', 'NEAR', 'NEAR', 'RAIL', 'NEAR', 'INSIDE', 'OUTSIDE', 'INSIDE', 'OUTSIDE', 'INSIDE', 'INSIDE']","[[0.82, 0.19, 0.27], [0.82, 1.47, 0.27], [1.12, 1.09, 0.23], [1.52, 0.06, 1.54], [2.14, 0.07, 1.96], [0.46, 0.07, 1.4], [0.28, 0.43, 0.16], [1.19, 0.06, 1.54], [0.47, 0.1, 1.45], [0.16, 0.27, 0.77], [9.27, 5.39, 2.47], [0.51, 0.35, 1.21], [4.05, 4.43, 0.91], [2.95, 3.97, 0.38]]","[162, 172, 175, 182, 186, 183, 193, 145, 197, 165, 131, 155, 195, 185]",14.1
260,1788358469842218175,307200,76515,17,14,172.6,"[6.4, 30.7, 35.5, 37.0, 38.7, 39.5, 40.7, 80.0, 86.6, 91.1, 111.8, 132.5, 162.2, 172.6]","['RAIL', 'OUTSIDE', 'NEAR', 'NEAR', 'NEAR', 'RAIL', 'NEAR', 'OUTSIDE', 'OUTSIDE', 'INSIDE', 'OUTSIDE', 'INSIDE', 'INSIDE', 'INSIDE']","[[0.81, 0.18, 0.33], [1.44, 1.45, 0.25], [1.47, 0.08, 1.78], [0.36, 0.1, 1.6], [1.63, 0.12, 1.96], [0.74, 0.51, 0.32], [1.42, 0.09, 1.59], [1.02, 0.22, 1.07], [0.13, 0.32, 0.77], [9.32, 5.37, 2.45], [0.6, 0.22, 1.2], [6.2, 4.17, 0.89], [2.53, 3.77, 0.67], [5.34, 3.66, 0.38]]","[162, 170, 179, 183, 145, 193, 197, 129, 165, 131, 155, 195, 190, 185]",12.3
261,1788358469942667418,307200,75827,18,17,169.0,"[6.1, 23.3, 25.3, 31.7, 35.1, 36.7, 39.0, 40.4, 85.8, 86.5, 90.8, 92.7, 111.5, 132.1, 140.6, 159.4, 169.0]","['RAIL', 'INSIDE', 'NEAR', 'NEAR', 'NEAR', 'NEAR', 'RAIL', 'NEAR', 'OUTSIDE', 'OUTSIDE', 'INSIDE', 'INSIDE', 'OUTSIDE', 'INSIDE', 'INSIDE', 'INSIDE', 'INSIDE']","[[0.88, 0.23, 0.32], [0.45, 0.66, 0.15], [0.35, 0.89, 0.04], [0.59, 0.06, 1.33], [1.24, 0.1, 1.76], [0.4, 0.08, 1.84], [0.33, 0.43, 0.16], [1.63, 0.11, 1.69], [1.11, 0.34, 0.57], [0.1, 0.26, 0.77], [9.56, 5.35, 2.41], [3.25, 3.9, 0.83], [0.68, 0.22, 1.2], [6.59, 4.39, 0.84], [4.59, 4.46, 1.36], [5.03, 4.3, 1.35], [6.15, 4.47, 0.84]]","[162, 150, 172, 182, 179, 183, 193, 197, 112, 165, 131, 168, 155, 195, 180, 190, 185]",12.3
262,1788358470042834795,307200,75006,15,13,173.3,"[5.9, 23.9, 34.9, 36.4, 38.0, 40.1, 86.2, 90.5, 93.3, 111.2, 133.1, 161.6, 173.3]","['RAIL', 'INSIDE', 'NEAR', 'NEAR', 'NEAR', 'NEAR', 'OUTSIDE', 'INSIDE', 'INSIDE', 'OUTSIDE', 'INSIDE', 'INSIDE', 'INSIDE']","[[0.94, 0.25, 0.3], [1.08, 1.73, 0.2], [1.41, 0.06, 1.48], [0.34, 0.05, 1.75], [1.26, 0.06, 1.58], [1.55, 0.12, 1.48], [0.15, 0.32, 0.76], [9.59, 5.41, 2.45], [3.37, 4.21, 1.44], [0.44, 0.35, 1.2], [4.01, 4.43, 0.9], [2.48, 3.76, 0.67], [2.94, 3.95, 0.38]]","[162, 172, 179, 183, 145, 197, 165, 131, 168, 155, 195, 190, 185]",12.8
263,1788358470145604776,307200,75275,16,13,161.8,"[5.6, 26.6, 27.3, 32.4, 35.5, 37.4, 40.2, 86.0, 90.3, 93.3, 110.9, 132.8, 161.8]","['RAIL', 'INSIDE', 'OUTSIDE', 'NEAR', 'NEAR', 'NEAR', 'NEAR', 'OUTSIDE', 'INSIDE', 'NEAR', 'OUTSIDE', 'INSIDE', 'INSIDE']","[[0.7, 0.23, 0.34], [0.5, 1.11, 0.2], [1.55, 1.26, 1.07], [2.0, 0.07, 1.38], [1.14, 0.07, 1.39], [1.04, 0.08, 1.57], [0.88, 0.1, 1.67], [0.15, 0.21, 0.76], [9.67, 5.4, 2.44], [0.59, 0.51, 1.01], [0.48, 0.35, 1.19], [4.03, 4.43, 0.9], [1.71, 2.91, 0.67]]","[162, 175, 173, 182, 179, 145, 197, 165, 131, 168, 155, 195, 190]",12.5
264,1788358470238801913,307200,75537,20,17,170.0,"[5.3, 19.3, 24.9, 25.9, 29.3, 32.2, 32.6, 34.4, 38.4, 81.0, 86.1, 89.9, 110.7, 131.2, 139.7, 158.5, 170.0]","['RAIL', 'NEAR', 'INSIDE', 'INSIDE', 'INSIDE', 'NEAR', 'INSIDE', 'NEAR', 'NEAR', 'OUTSIDE', 'OUTSIDE', 'INSIDE', 'OUTSIDE', 'INSIDE', 'INSIDE', 'INSIDE', 'OUTSIDE']","[[0.71, 0.21, 0.33], [1.06, 0.98, 0.22], [0.18, 0.98, 0.23], [1.4, 2.62, 0.19], [0.82, 1.24, 0.43], [1.79, 0.07, 1.38], [1.0, 1.69, 0.08], [1.48, 0.08, 2.0], [3.2, 0.18, 1.98], [0.2, 0.44, 0.38], [0.14, 0.21, 0.76], [8.89, 5.37, 2.4], [0.63, 0.22, 1.19], [6.37, 4.59, 0.88], [4.79, 4.58, 0.65], [5.07, 4.29, 1.34], [2.46, 2.44, 0.35]]","[162, 169, 172, 175, 170, 182, 186, 179, 145, 129, 165, 131, 155, 195, 180, 190, 185]",12.6
265,1788358470336214965,307200,75715,13,8,131.4,"[5.1, 25.0, 35.7, 39.3, 85.5, 89.8, 110.4, 131.4]","['RAIL', 'NEAR', 'NEAR', 'NEAR', 'RAIL', 'INSIDE', 'OUTSIDE', 'INSIDE']","[[0.91, 0.2, 0.36], [1.09, 0.93, 0.34], [0.46, 0.04, 1.41], [1.53, 0.08, 1.97], [0.22, 0.24, 0.98], [9.88, 5.39, 2.43], [0.51, 0.35, 1.19], [5.67, 4.58, 0.91]]","[162, 172, 183, 145, 165, 131, 155, 195]",13.8
266,1788358470439258704,307200,76002,18,13,172.2,"[4.8, 22.8, 24.5, 31.4, 33.8, 39.1, 40.5, 80.7, 85.6, 89.5, 110.1, 132.1, 172.2]","['RAIL', 'NEAR', 'OUTSIDE', 'NEAR', 'NEAR', 'NEAR', 'INSIDE', 'OUTSIDE', 'RAIL', 'INSIDE', 'OUTSIDE', 'INSIDE', 'INSIDE']","[[0.88, 0.21, 0.35], [0.78, 0.92, 0.25], [1.03, 0.56, 0.22], [2.36, 0.08, 1.85], [1.38, 0.08, 2.01], [1.63, 0.1, 1.97], [0.92, 1.42, 0.06], [0.7, 0.45, 1.23], [0.22, 0.27, 0.98], [8.89, 5.39, 2.43], [0.46, 0.35, 1.18], [4.15, 4.18, 0.9], [2.99, 4.22, 0.37]]","[162, 172, 175, 182, 179, 145, 193, 129, 165, 131, 155, 195, 185]",14.6
267,1788358470542071825,307200,76286,12,10,130.9,"[4.5, 34.1, 36.6, 37.2, 38.7, 80.4, 85.1, 89.2, 109.8, 130.9]","['RAIL', 'NEAR', 'NEAR', 'INSIDE', 'NEAR', 'OUTSIDE', 'OUTSIDE', 'INSIDE', 'OUTSIDE', 'INSIDE']","[[0.72, 0.18, 0.31], [0.65, 0.06, 1.44], [1.39, 0.06, 1.84], [0.35, 1.04, 0.35], [1.66, 0.11, 1.59], [0.71, 0.45, 0.57], [0.12, 0.31, 0.75], [8.66, 5.36, 2.42], [0.51, 0.24, 1.18], [5.61, 4.57, 0.9]]","[162, 179, 183, 145, 197, 129, 165, 131, 155, 195]",11.9
268,1788358470639421261,307200,76584,19,13,171.7,"[4.3, 26.9, 28.0, 33.3, 34.7, 36.9, 38.8, 85.0, 89.0, 109.6, 131.5, 158.1, 171.7]","['RAIL', 'INSIDE', 'INSIDE', 'NEAR', 'NEAR', 'NEAR', 'NEAR', 'RAIL', 'INSIDE', 'OUTSIDE', 'INSIDE', 'INSIDE', 'INSIDE']","[[0.77, 0.26, 0.31], [1.13, 1.56, 0.1], [1.1, 1.66, 0.11], [1.27, 0.08, 1.67], [0.64, 0.08, 1.73], [2.46, 0.11, 1.85], [1.01, 0.09, 1.53], [0.24, 0.24, 0.98], [8.73, 5.42, 2.41], [0.42, 0.19, 1.18], [4.09, 4.15, 0.89], [6.41, 3.72, 1.35], [2.95, 4.21, 0.37]]","[162, 170, 173, 179, 183, 145, 197, 165, 131, 155, 195, 190, 185]",13.5
269,1788358470735691258,307200,76829,13,9,171.5,"[4.0, 37.2, 83.0, 84.3, 88.7, 109.3, 131.3, 159.8, 171.5]","['RAIL', 'NEAR', 'INSIDE', 'RAIL', 'INSIDE', 'OUTSIDE', 'INSIDE', 'INSIDE', 'INSIDE']","[[0.78, 0.24, 0.34], [3.71, 0.16, 1.85], [2.56, 2.13, 0.71], [0.22, 0.4, 0.97], [9.51, 5.35, 2.4], [0.44, 0.24, 1.18], [4.26, 4.16, 0.89], [2.6, 4.01, 0.66], [2.92, 3.91, 0.37]]","[162, 145, 129, 165, 131, 155, 195, 190, 185]",14.8
270,1788358470837612689,307200,77048,18,11,171.2,"[3.8, 32.2, 32.3, 33.1, 34.4, 36.1, 37.9, 88.5, 109.1, 131.0, 171.2]","['RAIL', 'NEAR', 'NEAR', 'NEAR', 'NEAR', 'NEAR', 'NEAR', 'RAIL', 'OUTSIDE', 'INSIDE', 'INSIDE']","[[0.76, 0.23, 0.29], [1.01, 0.07, 1.34], [0.59, 0.87, 0.04], [0.82, 0.04, 1.39], [0.57, 0.06, 2.03], [0.99, 0.06, 1.84], [1.4, 0.07, 1.58], [0.19, 0.4, 0.97], [0.4, 0.19, 1.17], [4.06, 4.59, 0.89], [2.87, 4.2, 0.37]]","[162, 182, 186, 179, 183, 145, 197, 165, 155, 195, 185]",12.2
271,1788358470939450733,307200,77174,15,12,171.0,"[3.6, 23.1, 23.8, 32.7, 35.6, 37.8, 82.5, 83.1, 88.3, 108.9, 131.5, 171.0]","['RAIL', 'NEAR', 'OUTSIDE', 'NEAR', 'NEAR', 'NEAR', 'OUTSIDE', 'RAIL', 'INSIDE', 'OUTSIDE', 'INSIDE', 'INSIDE']","[[0.77, 0.16, 0.3], [0.43, 1.05, 0.21], [0.29, 0.49, 0.24], [1.5, 0.07, 1.39], [1.38, 0.05, 1.51], [1.62, 0.1, 1.58], [2.61, 1.37, 0.74], [0.19, 0.39, 0.97], [10.7, 5.35, 2.39], [0.44, 0.34, 1.17], [5.53, 4.6, 0.91], [2.95, 3.9, 0.37]]","[162, 172, 175, 182, 145, 197, 129, 165, 131, 155, 195, 185]",14.0
272,1788358471041204184,307200,77322,14,12,170.8,"[3.3, 25.8, 35.5, 37.6, 82.4, 83.1, 88.1, 108.6, 118.9, 132.2, 160.1, 170.8]","['RAIL', 'INSIDE', 'NEAR', 'NEAR', 'OUTSIDE', 'RAIL', 'INSIDE', 'OUTSIDE', 'OUTSIDE', 'INSIDE', 'INSIDE', 'INSIDE']","[[0.8, 0.2, 0.32], [0.75, 1.35, 0.08], [1.54, 0.08, 1.5], [1.58, 0.11, 1.86], [2.51, 0.48, 0.74], [0.22, 0.39, 0.97], [10.18, 5.3, 2.32], [0.42, 0.24, 1.17], [0.17, 0.05, 1.62], [7.32, 4.42, 0.91], [2.9, 4.24, 0.67], [2.96, 3.6, 0.37]]","[162, 170, 145, 197, 129, 165, 131, 155, 202, 195, 190, 185]",16.4
273,1788358471142017664,307200,77776,17,12,170.6,"[3.1, 32.2, 33.7, 35.4, 37.3, 80.6, 82.1, 87.8, 108.4, 118.7, 131.9, 170.6]","['RAIL', 'NEAR', 'NEAR', 'NEAR', 'NEAR', 'OUTSIDE', 'INSIDE', 'RAIL', 'OUTSIDE', 'OUTSIDE', 'INSIDE', 'INSIDE']","[[0.77, 0.22, 0.31], [1.59, 0.07, 1.88], [0.49, 0.07, 1.7], [1.34, 0.06, 1.47], [1.7, 0.12, 1.86], [2.53, 0.45, 0.73], [11.78, 5.28, 2.45], [0.21, 0.39, 0.96], [0.42, 0.23, 1.17], [0.16, 0.23, 1.37], [7.19, 4.7, 0.9], [2.96, 4.19, 0.37]]","[162, 182, 179, 145, 197, 129, 131, 165, 155, 202, 195, 185]",13.0
274,1788358471236912958,307200,77887,16,12,170.3,"[2.9, 32.3, 33.4, 36.3, 82.6, 83.8, 87.6, 108.2, 118.5, 131.7, 143.6, 170.3]","['RAIL', 'INSIDE', 'NEAR', 'NEAR', 'OUTSIDE', 'RAIL', 'INSIDE', 'OUTSIDE', 'OUTSIDE', 'INSIDE', 'INSIDE', 'INSIDE']","[[0.76, 0.23, 0.33], [0.94, 1.45, 0.07], [0.45, 0.07, 1.4], [3.46, 0.12, 1.85], [1.13, 0.45, 0.73], [0.14, 0.39, 0.96], [10.67, 5.44, 2.37], [0.38, 0.23, 1.16], [0.16, 0.23, 1.37], [7.14, 4.68, 0.9], [11.53, 4.41, 0.99], [2.93, 4.18, 0.37]]","[162, 182, 179, 145, 129, 165, 131, 155, 202, 195, 204, 185]",13.3
275,1788358471339899956,307200,77963,15,12,170.1,"[2.7, 33.3, 35.7, 35.9, 82.6, 87.4, 108.0, 118.3, 131.6, 143.7, 159.7, 170.1]","['RAIL', 'NEAR', 'RAIL', 'NEAR', 'OUTSIDE', 'RAIL', 'OUTSIDE', 'OUTSIDE', 'INSIDE', 'INSIDE', 'INSIDE', 'OUTSIDE']","[[0.68, 0.24, 0.21], [0.39, 0.1, 1.4], [0.62, 0.42, 0.23], [3.64, 0.12, 1.85], [0.66, 0.15, 0.37], [0.15, 0.29, 0.96], [0.42, 0.34, 1.16], [0.1, 0.19, 1.61], [7.4, 4.69, 0.91], [8.51, 4.36, 1.4], [2.62, 4.5, 0.34], [2.88, 0.89, 0.37]]","[162, 179, 192, 145, 129, 165, 155, 202, 195, 204, 190, 185]",14.3
276,1788358471438965871,307200,78212,15,14,170.6,"[2.7, 30.9, 31.6, 36.4, 40.6, 82.1, 87.2, 87.4, 107.8, 118.1, 128.2, 143.5, 159.3, 170.6]","['RAIL', 'INSIDE', 'NEAR', 'NEAR', 'NEAR', 'OUTSIDE', 'RAIL', 'OUTSIDE', 'OUTSIDE', 'OUTSIDE', 'INSIDE', 'INSIDE', 'INSIDE', 'OUTSIDE']","[[0.16, 0.2, 0.23], [0.87, 1.51, 0.08], [1.58, 0.06, 1.87], [1.48, 0.08, 1.84], [0.53, 0.98, 0.03], [1.21, 0.62, 0.73], [0.21, 0.39, 0.96], [0.99, 1.41, 2.14], [0.47, 0.34, 1.16], [0.13, 0.05, 1.61], [13.82, 4.62, 1.03], [8.53, 4.36, 0.71], [2.98, 4.22, 0.67], [4.37, 0.89, 0.38]]","[162, 186, 179, 145, 197, 129, 165, 131, 155, 202, 195, 204, 190, 185]",12.5
277,1788358471536612281,307200,78358,14,13,169.8,"[2.5, 24.7, 31.4, 32.9, 34.4, 36.4, 82.2, 87.0, 107.6, 117.9, 131.2, 143.4, 169.8]","['RAIL', 'INSIDE', 'NEAR', 'NEAR', 'NEAR', 'NEAR', 'OUTSIDE', 'RAIL', 'OUTSIDE', 'OUTSIDE', 'INSIDE', 'INSIDE', 'INSIDE']","[[0.17, 0.24, 0.26], [1.04, 1.68, 0.1], [1.58, 0.06, 1.85], [0.49, 0.06, 1.23], [1.47, 0.06, 1.65], [1.33, 0.08, 1.54], [0.71, 0.29, 0.72], [0.16, 0.39, 0.95], [0.41, 0.34, 1.16], [0.15, 0.05, 1.61], [7.4, 4.67, 0.88], [8.56, 4.1, 0.71], [2.99, 4.16, 0.37]]","[162, 175, 179, 183, 145, 192, 129, 165, 155, 202, 195, 204, 185]",13.9
278,1788358471639416563,307200,78172,10,9,169.5,"[35.2, 36.4, 81.7, 86.8, 107.4, 117.7, 131.0, 143.2, 169.5]","['INSIDE', 'NEAR', 'OUTSIDE', 'RAIL', 'OUTSIDE', 'OUTSIDE', 'INSIDE', 'INSIDE', 'INSIDE']","[[0.52, 0.86, 0.04], [1.6, 0.1, 1.52], [1.22, 0.61, 0.72], [0.22, 0.39, 0.95], [0.36, 0.23, 1.16], [0.14, 0.22, 1.61], [7.4, 4.61, 0.9], [8.54, 4.09, 0.71], [2.92, 4.16, 0.37]]","[145, 192, 129, 165, 155, 202, 195, 204, 185]",14.3
279,1788358471743568691,307200,78368,13,12,158.7,"[25.2, 30.9, 32.3, 34.0, 34.9, 36.1, 81.6, 86.6, 107.3, 127.6, 145.9, 158.7]","['INSIDE', 'OUTSIDE', 'NEAR', 'NEAR', 'RAIL', 'NEAR', 'OUTSIDE', 'RAIL', 'OUTSIDE', 'INSIDE', 'INSIDE', 'INSIDE']","[[0.74, 1.47, 0.07], [0.81, 1.5, 0.49], [0.61, 0.07, 1.35], [1.62, 0.07, 2.01], [0.55, 0.52, 0.23], [1.72, 0.09, 1.83], [1.15, 0.47, 0.51], [0.25, 0.39, 0.95], [0.59, 0.23, 0.94], [13.86, 4.66, 1.03], [2.77, 4.26, 1.4], [2.99, 4.76, 0.67]]","[175, 186, 183, 145, 192, 182, 129, 165, 155, 195, 204, 190]",15.1
280,1788358471838621635,307200,78500,12,10,158.6,"[25.2, 32.3, 34.8, 35.0, 81.4, 86.5, 107.0, 116.7, 142.8, 158.6]","['INSIDE', 'NEAR', 'RAIL', 'NEAR', 'OUTSIDE', 'RAIL', 'OUTSIDE', 'OUTSIDE', 'INSIDE', 'INSIDE']","[[0.8, 1.47, 0.28], [0.35, 0.08, 1.28], [0.7, 0.59, 0.15], [3.64, 0.13, 2.03], [1.15, 0.45, 0.51], [0.22, 0.35, 0.95], [0.36, 0.37, 0.93], [1.18, 0.43, 1.12], [8.57, 4.09, 0.72], [2.96, 4.75, 0.66]]","[175, 183, 192, 145, 129, 165, 155, 202, 204, 190]",12.2
281,1788358471942378150,307200,78735,15,13,169.0,"[24.4, 24.5, 30.6, 32.1, 34.3, 81.2, 86.3, 89.9, 106.9, 117.1, 131.5, 142.6, 169.0]","['OUTSIDE', 'INSIDE', 'NEAR', 'NEAR', 'RAIL', 'OUTSIDE', 'RAIL', 'NEAR', 'OUTSIDE', 'OUTSIDE', 'INSIDE', 'INSIDE', 'INSIDE']","[[0.57, 1.18, 0.06], [2.02, 2.3, 0.23], [1.46, 0.05, 1.57], [0.56, 0.05, 1.29], [0.14, 0.18, 0.14], [1.12, 0.47, 0.72], [0.23, 0.39, 0.95], [1.79, 0.21, 0.58], [0.4, 0.33, 1.15], [0.12, 0.19, 1.6], [11.72, 4.65, 0.9], [8.57, 4.37, 0.98], [2.98, 4.14, 0.37]]","[170, 175, 179, 183, 192, 129, 165, 131, 155, 202, 195, 204, 185]",13.1
282,1788358472040003563,307200,78989,12,10,168.8,"[26.9, 27.6, 32.0, 34.6, 81.1, 86.1, 86.3, 142.5, 158.2, 168.8]","['NEAR', 'INSIDE', 'NEAR', 'NEAR', 'OUTSIDE', 'RAIL', 'OUTSIDE', 'INSIDE', 'INSIDE', 'INSIDE']","[[0.6, 0.86, 0.06], [1.06, 1.57, 0.1], [0.4, 0.03, 1.14], [3.7, 0.11, 2.02], [1.15, 0.47, 0.51], [0.26, 0.39, 0.94], [0.71, 1.49, 2.11], [8.54, 4.32, 1.39], [2.98, 4.5, 0.66], [2.99, 3.85, 0.37]]","[170, 175, 183, 145, 129, 165, 131, 204, 190, 185]",14.4
283,1788358472145455189,307200,79385,15,9,158.1,"[29.5, 34.2, 34.4, 36.3, 85.9, 86.0, 106.5, 142.3, 158.1]","['NEAR', 'RAIL', 'NEAR', 'INSIDE', 'RAIL', 'OUTSIDE', 'OUTSIDE', 'INSIDE', 'INSIDE']","[[0.46, 1.01, 0.04], [0.58, 0.45, 0.22], [3.9, 0.12, 2.02], [0.59, 0.9, 0.04], [0.24, 0.35, 0.94], [0.89, 1.74, 2.47], [0.51, 0.32, 1.39], [8.59, 4.33, 1.4], [2.93, 4.73, 0.66]]","[186, 192, 145, 182, 165, 131, 155, 204, 190]",13.7
284,1788358472237541495,307200,79888,15,10,168.5,"[34.2, 34.3, 36.1, 36.3, 85.8, 85.8, 106.4, 142.1, 157.9, 168.5]","['RAIL', 'NEAR', 'INSIDE', 'INSIDE', 'RAIL', 'OUTSIDE', 'OUTSIDE', 'INSIDE', 'INSIDE', 'OUTSIDE']","[[0.82, 0.59, 0.22], [3.72, 0.14, 1.73], [0.52, 0.9, 0.04], [0.69, 1.28, 0.05], [0.25, 0.38, 0.94], [0.2, 0.42, 2.1], [0.54, 0.08, 1.15], [8.55, 4.31, 1.38], [2.94, 4.73, 0.66], [2.93, 0.88, 0.37]]","[192, 145, 182, 197, 165, 131, 155, 204, 190, 185]",12.3
285,1788358472337530789,307200,80258,17,12,168.4,"[31.4, 33.1, 33.8, 35.1, 36.0, 80.6, 85.6, 106.2, 116.5, 130.4, 142.6, 168.4]","['NEAR', 'RAIL', 'NEAR', 'NEAR', 'INSIDE', 'OUTSIDE', 'RAIL', 'OUTSIDE', 'OUTSIDE', 'INSIDE', 'INSIDE', 'INSIDE']","[[0.54, 0.06, 1.87], [0.36, 0.51, 0.27], [1.41, 0.05, 1.41], [1.66, 0.13, 1.73], [0.57, 0.9, 0.04], [1.11, 0.45, 0.58], [0.24, 0.38, 0.94], [0.35, 0.33, 1.14], [0.16, 0.05, 1.59], [8.68, 4.64, 0.9], [9.68, 4.31, 0.96], [2.93, 4.13, 0.37]]","[183, 192, 145, 182, 197, 129, 165, 155, 202, 195, 204, 185]",13.1
286,1788358472436387748,307200,80327,12,11,157.6,"[29.8, 33.5, 33.6, 34.0, 85.5, 85.5, 97.6, 106.1, 127.1, 144.8, 157.6]","['NEAR', 'RAIL', 'INSIDE', 'NEAR', 'RAIL', 'OUTSIDE', 'NEAR', 'OUTSIDE', 'INSIDE', 'INSIDE', 'INSIDE']","[[1.48, 0.07, 2.06], [0.35, 0.55, 0.15], [0.16, 1.17, 0.3], [3.64, 0.12, 2.03], [0.22, 0.4, 0.94], [0.2, 0.28, 2.1], [0.73, 0.07, 1.33], [0.69, 0.32, 0.95], [12.33, 4.56, 1.02], [2.79, 4.18, 0.38], [2.97, 4.48, 0.66]]","[179, 192, 145, 182, 165, 131, 205, 155, 195, 204, 190]",14.6
287,1788358472542600366,307200,80608,17,13,157.5,"[25.2, 25.4, 29.7, 33.2, 33.5, 85.3, 85.5, 97.5, 106.0, 115.5, 126.9, 144.6, 157.5]","['OUTSIDE', 'INSIDE', 'NEAR', 'NEAR', 'RAIL', 'RAIL', 'OUTSIDE', 'NEAR', 'OUTSIDE', 'OUTSIDE', 'INSIDE', 'INSIDE', 'INSIDE']","[[0.95, 1.28, 0.23], [1.81, 2.99, 0.36], [1.52, 0.06, 2.0], [0.33, 0.7, 0.31], [0.24, 0.54, 0.22], [0.22, 0.38, 0.94], [0.22, 1.5, 2.09], [0.73, 0.07, 0.93], [0.79, 0.32, 1.38], [1.24, 0.43, 1.11], [12.44, 4.56, 1.02], [2.85, 4.23, 1.39], [2.97, 4.72, 0.66]]","[170, 175, 179, 145, 192, 165, 131, 205, 155, 202, 195, 204, 190]",13.4
288,1788358472643646247,307200,80875,10,9,167.9,"[25.1, 29.6, 33.2, 85.2, 85.3, 127.5, 141.5, 157.3, 167.9]","['INSIDE', 'NEAR', 'RAIL', 'RAIL', 'OUTSIDE', 'INSIDE', 'INSIDE', 'INSIDE', 'INSIDE']","[[1.69, 2.89, 0.37], [1.51, 0.06, 2.08], [0.1, 0.53, 0.22], [0.26, 0.35, 0.93], [0.13, 0.35, 2.09], [13.77, 4.63, 1.02], [8.56, 4.29, 1.38], [2.98, 4.74, 0.66], [3.0, 3.54, 0.37]]","[175, 179, 192, 165, 131, 195, 204, 190, 185]",13.8
289,1788358472744231188,307200,80956,12,9,168.5,"[33.1, 85.0, 85.2, 97.2, 100.2, 127.4, 144.3, 157.2, 168.5]","['RAIL', 'RAIL', 'OUTSIDE', 'NEAR', 'OUTSIDE', 'INSIDE', 'INSIDE', 'INSIDE', 'OUTSIDE']","[[0.17, 0.53, 0.22], [0.26, 0.38, 0.93], [0.12, 1.5, 2.09], [0.73, 0.07, 0.93], [0.16, 1.43, 0.82], [13.91, 4.62, 1.02], [2.82, 4.22, 1.39], [3.02, 4.71, 0.66], [4.35, 0.29, 0.37]]","[192, 165, 131, 205, 155, 195, 204, 190, 185]",14.0
290,1788358472844204911,307200,81379,12,7,157.1,"[28.3, 33.3, 33.4, 84.9, 127.3, 144.2, 157.1]","['RAIL', 'RAIL', 'NEAR', 'RAIL', 'INSIDE', 'INSIDE', 'INSIDE']","[[0.1, 0.17, 0.13], [0.79, 0.52, 0.36], [3.83, 0.12, 2.01], [0.2, 0.4, 0.93], [13.87, 4.62, 1.03], [2.72, 4.0, 1.39], [3.0, 4.46, 0.66]]","[186, 192, 182, 165, 195, 204, 190]",14.0
291,1788358472936693953,307200,81822,11,8,167.5,"[32.9, 33.3, 84.8, 85.4, 126.4, 141.1, 156.9, 167.5]","['RAIL', 'NEAR', 'RAIL', 'OUTSIDE', 'INSIDE', 'INSIDE', 'INSIDE', 'INSIDE']","[[0.37, 0.52, 0.15], [3.79, 0.14, 1.93], [0.24, 0.3, 0.93], [1.22, 1.77, 2.44], [12.4, 4.51, 1.27], [8.56, 4.29, 0.71], [2.96, 4.73, 0.66], [2.91, 3.53, 0.36]]","[192, 182, 165, 131, 195, 204, 190, 185]",13.9
292,1788358473041291523,307200,82218,14,11,167.4,"[27.0, 29.2, 32.2, 32.9, 34.2, 84.7, 85.3, 99.7, 126.2, 141.0, 167.4]","['NEAR', 'INSIDE', 'RAIL', 'NEAR', 'NEAR', 'RAIL', 'OUTSIDE', 'OUTSIDE', 'INSIDE', 'INSIDE', 'INSIDE']","[[0.53, 1.05, 0.05], [0.67, 1.1, 0.06], [0.4, 0.52, 0.22], [1.48, 0.06, 1.91], [1.7, 0.13, 1.71], [0.2, 0.38, 0.93], [1.22, 1.76, 2.22], [0.29, 0.54, 0.81], [12.41, 4.53, 1.01], [8.55, 4.29, 0.71], [2.97, 2.64, 0.36]]","[170, 179, 192, 183, 182, 165, 131, 155, 195, 204, 185]",14.5
293,1788358473137252060,307200,82470,13,10,156.7,"[23.4, 27.2, 32.1, 33.1, 84.5, 84.6, 97.2, 126.5, 140.9, 156.7]","['INSIDE', 'OUTSIDE', 'INSIDE', 'NEAR', 'RAIL', 'INSIDE', 'NEAR', 'INSIDE', 'INSIDE', 'INSIDE']","[[0.43, 0.66, 0.23], [1.03, 0.55, 0.1], [0.98, 1.59, 0.29], [3.57, 0.12, 2.02], [0.2, 0.34, 0.71], [0.22, 3.5, 2.43], [1.79, 0.07, 0.93], [12.96, 4.53, 1.03], [8.54, 4.04, 0.71], [2.97, 4.45, 0.66]]","[175, 179, 145, 183, 165, 131, 205, 195, 204, 190]",14.9
294,1788358473240189731,307200,82403,15,11,156.6,"[29.3, 31.5, 31.9, 32.5, 33.8, 84.4, 89.7, 114.7, 127.0, 140.8, 156.6]","['NEAR', 'OUTSIDE', 'NEAR', 'RAIL', 'NEAR', 'RAIL', 'NEAR', 'OUTSIDE', 'INSIDE', 'INSIDE', 'INSIDE']","[[2.43, 0.07, 1.54], [1.22, 1.37, 0.36], [1.27, 0.06, 1.9], [0.18, 0.51, 0.22], [1.3, 0.09, 2.02], [0.22, 0.23, 0.93], [1.67, 0.24, 1.8], [1.21, 0.42, 1.1], [11.73, 4.53, 1.03], [8.55, 4.28, 0.71], [3.02, 4.45, 0.66]]","[179, 192, 183, 182, 145, 165, 207, 202, 195, 204, 190]",14.8
295,1788358473341965960,307200,82283,15,13,156.6,"[23.7, 29.8, 31.4, 31.9, 32.5, 40.7, 84.3, 84.8, 89.7, 93.3, 126.5, 143.5, 156.6]","['OUTSIDE', 'INSIDE', 'OUTSIDE', 'NEAR', 'RAIL', 'INSIDE', 'RAIL', 'OUTSIDE', 'NEAR', 'INSIDE', 'INSIDE', 'INSIDE', 'INSIDE']","[[1.01, 0.52, 0.27], [1.3, 2.26, 0.11], [1.25, 1.37, 0.36], [0.51, 0.36, 0.3], [0.44, 0.54, 0.21], [0.92, 1.83, 0.05], [0.21, 0.34, 0.92], [1.59, 2.47, 2.43], [0.81, 0.1, 0.99], [2.8, 3.94, 0.43], [11.17, 4.52, 1.01], [2.81, 4.22, 1.38], [2.59, 4.69, 0.33]]","[175, 192, 182, 183, 145, 201, 165, 131, 207, 205, 195, 204, 190]",15.1
296,1788358473436178245,307200,82464,8,6,156.3,"[32.3, 84.2, 84.3, 94.6, 114.5, 156.3]","['INSIDE', 'RAIL', 'INSIDE', 'OUTSIDE', 'RAIL', 'INSIDE']","[[0.7, 1.13, 0.06], [0.18, 0.34, 0.71], [0.81, 3.66, 2.42], [0.21, 0.37, 0.77], [1.1, 0.21, 0.33], [3.05, 4.68, 0.66]]","[183, 165, 131, 205, 202, 190]",13.6
297,1788358473541636503,307200,82792,11,9,156.2,"[28.2, 29.7, 32.4, 45.9, 84.1, 84.5, 89.4, 114.3, 156.2]","['NEAR', 'OUTSIDE', 'RAIL', 'NEAR', 'RAIL', 'OUTSIDE', 'NEAR', 'OUTSIDE', 'INSIDE']","[[0.24, 0.79, 0.26], [0.82, 0.54, 0.07], [0.79, 0.56, 0.35], [0.62, 1.12, 0.03], [0.22, 0.29, 0.92], [1.61, 1.51, 1.62], [1.66, 0.09, 0.82], [1.24, 0.42, 1.09], [2.95, 4.68, 0.65]]","[179, 192, 145, 201, 165, 131, 207, 202, 190]",15.2
298,1788358473640698981,307200,83137,11,10,166.7,"[28.1, 32.1, 84.0, 89.5, 96.1, 99.8, 126.2, 140.3, 156.1, 166.7]","['NEAR', 'RAIL', 'RAIL', 'NEAR', 'NEAR', 'INSIDE', 'INSIDE', 'INSIDE', 'INSIDE', 'OUTSIDE']","[[0.21, 0.7, 0.25], [0.35, 0.56, 0.21], [0.24, 0.31, 0.92], [0.83, 0.1, 0.99], [0.75, 0.17, 0.44], [2.13, 4.22, 1.79], [11.13, 4.48, 1.26], [8.56, 4.26, 0.7], [2.95, 4.68, 0.65], [2.94, 2.34, 0.36]]","[179, 145, 165, 207, 205, 155, 195, 204, 190, 185]",16.6
299,1788358473736599222,307200,83235,9,6,156.0,"[25.0, 32.0, 83.9, 126.1, 140.2, 156.0]","['NEAR', 'RAIL', 'RAIL', 'INSIDE', 'INSIDE', 'INSIDE']","[[0.26, 0.8, 0.03], [0.32, 0.56, 0.21], [0.23, 0.38, 0.92], [11.1, 4.51, 1.01], [8.57, 4.27, 0.71], [3.0, 4.68, 0.65]]","[170, 145, 165, 195, 204, 190]",13.8
300,1788358473836776716,307200,83453,11,8,155.9,"[31.8, 45.8, 83.8, 96.5, 114.0, 127.5, 140.1, 155.9]","['RAIL', 'INSIDE', 'RAIL', 'NEAR', 'OUTSIDE', 'INSIDE', 'INSIDE', 'INSIDE']","[[0.16, 0.55, 0.13], [1.02, 0.67, 0.05], [0.23, 0.38, 0.92], [1.58, 0.07, 0.92], [1.26, 0.42, 1.09], [14.03, 4.52, 1.64], [8.63, 4.26, 1.37], [2.99, 4.67, 0.65]]","[145, 201, 165, 205, 202, 195, 204, 190]",15.4
301,1788358473937667012,307200,83341,13,11,167.1,"[25.0, 31.9, 32.2, 45.8, 83.6, 83.6, 95.9, 127.4, 140.0, 155.8, 167.1]","['NEAR', 'RAIL', 'NEAR', 'NEAR', 'RAIL', 'INSIDE', 'NEAR', 'INSIDE', 'INSIDE', 'INSIDE', 'INSIDE']","[[0.3, 0.89, 0.04], [0.46, 0.52, 0.28], [3.76, 0.12, 1.4], [1.23, 0.84, 0.07], [0.16, 0.39, 0.71], [0.61, 3.67, 2.41], [0.63, 0.1, 0.92], [14.15, 4.5, 1.01], [8.55, 4.26, 0.71], [2.99, 4.16, 0.65], [4.4, 3.83, 0.37]]","[170, 145, 183, 201, 165, 131, 205, 195, 204, 190, 185]",14.7
302,1788358474040873219,307200,83115,9,8,166.3,"[23.1, 24.8, 31.7, 32.2, 83.6, 125.9, 139.9, 166.3]","['OUTSIDE', 'NEAR', 'RAIL', 'NEAR', 'RAIL', 'INSIDE', 'INSIDE', 'INSIDE']","[[0.35, 0.56, 0.2], [0.75, 0.81, 0.08], [0.36, 0.55, 0.13], [3.6, 0.11, 1.62], [0.17, 0.33, 0.7], [11.07, 4.46, 1.0], [8.54, 4.24, 0.7], [3.0, 4.08, 0.36]]","[175, 170, 145, 183, 165, 195, 204, 185]",15.7
303,1788358474139491049,307200,83032,11,9,155.6,"[26.5, 31.6, 32.1, 46.4, 83.5, 91.5, 100.5, 113.7, 155.6]","['OUTSIDE', 'RAIL', 'NEAR', 'INSIDE', 'RAIL', 'NEAR', 'INSIDE', 'RAIL', 'INSIDE']","[[0.91, 1.33, 0.2], [0.31, 0.55, 0.35], [3.47, 0.13, 1.66], [0.75, 0.81, 0.04], [0.24, 0.34, 0.92], [1.22, 0.17, 1.62], [0.66, 2.61, 1.78], [1.15, 0.21, 0.33], [2.99, 4.67, 0.65]]","[170, 145, 183, 201, 165, 207, 155, 202, 190]",13.7
304,1788358474246253194,307200,83395,12,9,155.5,"[23.3, 31.5, 32.0, 46.2, 93.3, 113.7, 127.2, 139.8, 155.5]","['INSIDE', 'RAIL', 'NEAR', 'INSIDE', 'INSIDE', 'RAIL', 'INSIDE', 'INSIDE', 'INSIDE']","[[1.63, 3.0, 0.34], [0.33, 0.54, 0.35], [3.43, 0.12, 1.66], [1.22, 0.83, 0.06], [2.22, 4.12, 1.46], [1.15, 0.21, 0.33], [14.01, 4.58, 1.65], [8.56, 4.5, 0.71], [3.04, 4.66, 0.65]]","[175, 145, 183, 201, 207, 202, 195, 204, 190]",15.3
305,1788358474336246637,307200,83935,8,8,166.0,"[32.0, 83.3, 89.9, 95.4, 125.6, 139.7, 155.4, 166.0]","['NEAR', 'RAIL', 'INSIDE', 'NEAR', 'INSIDE', 'INSIDE', 'INSIDE', 'INSIDE']","[[3.39, 0.13, 1.91], [0.22, 0.37, 0.91], [2.28, 3.48, 1.42], [0.75, 0.16, 0.44], [11.15, 4.36, 1.26], [8.54, 4.48, 0.69], [2.98, 4.69, 0.65], [2.95, 4.36, 0.36]]","[183, 165, 207, 205, 195, 204, 190, 185]",14.6
306,1788358474437895314,307200,84379,6,6,165.9,"[31.3, 83.2, 93.9, 125.5, 139.6, 165.9]","['RAIL', 'RAIL', 'OUTSIDE', 'INSIDE', 'INSIDE', 'INSIDE']","[[0.18, 0.55, 0.14], [0.19, 0.34, 0.7], [0.69, 0.36, 1.2], [11.01, 4.48, 0.98], [8.54, 3.99, 0.7], [2.94, 3.2, 0.36]]","[145, 165, 205, 195, 204, 185]",13.6
307,1788358474537396945,307200,84890,8,7,155.9,"[30.7, 31.8, 83.1, 89.7, 93.0, 149.1, 155.9]","['RAIL', 'OUTSIDE', 'RAIL', 'NEAR', 'INSIDE', 'RAIL', 'INSIDE']","[[1.34, 0.55, 0.34], [1.08, 1.25, 0.27], [0.23, 0.37, 0.91], [2.17, 0.22, 1.6], [2.19, 4.11, 1.45], [0.04, 0.34, 0.22], [4.25, 4.65, 0.66]]","[145, 183, 165, 207, 205, 211, 190]",14.5
308,1788358474640454112,307200,85384,10,10,166.5,"[31.0, 31.7, 31.7, 83.0, 104.0, 126.6, 139.4, 149.0, 155.2, 166.5]","['RAIL', 'OUTSIDE', 'INSIDE', 'RAIL', 'OUTSIDE', 'INSIDE', 'INSIDE', 'RAIL', 'INSIDE', 'INSIDE']","[[0.14, 0.55, 0.21], [1.05, 1.24, 0.27], [1.69, 1.72, 0.38], [0.16, 0.29, 0.7], [1.23, 0.22, 1.8], [8.48, 4.48, 0.88], [8.55, 4.24, 0.7], [0.04, 0.34, 0.22], [2.95, 4.68, 0.65], [4.35, 4.08, 0.37]]","[145, 183, 170, 165, 216, 195, 204, 211, 190, 185]",16.9
309,1788358474742721084,307200,85754,12,12,166.9,"[21.5, 26.7, 31.0, 31.9, 82.9, 89.9, 92.8, 103.9, 127.3, 139.3, 155.1, 166.9]","['INSIDE', 'INSIDE', 'RAIL', 'OUTSIDE', 'RAIL', 'NEAR', 'INSIDE', 'OUTSIDE', 'INSIDE', 'INSIDE', 'INSIDE', 'INSIDE']","[[1.03, 1.68, 0.11], [0.89, 1.74, 0.08], [0.38, 0.43, 0.34], [1.2, 1.23, 0.3], [0.19, 0.34, 0.7], [1.14, 0.23, 1.35], [2.27, 4.1, 1.42], [1.29, 0.22, 1.8], [12.8, 4.49, 1.64], [8.53, 4.48, 1.37], [2.94, 4.68, 0.65], [5.55, 4.11, 0.38]]","[175, 170, 145, 183, 165, 207, 205, 216, 195, 204, 190, 185]",12.9
310,1788358474841811950,307200,85655,9,8,155.0,"[29.2, 30.9, 82.9, 99.5, 103.8, 127.9, 142.2, 155.0]","['NEAR', 'RAIL', 'RAIL', 'OUTSIDE', 'OUTSIDE', 'INSIDE', 'INSIDE', 'INSIDE']","[[0.4, 0.81, 0.03], [0.15, 0.5, 0.34], [0.22, 0.23, 0.91], [0.48, 0.71, 1.28], [1.31, 0.36, 1.8], [14.12, 4.69, 1.27], [2.65, 4.44, 0.38], [3.07, 4.65, 0.65]]","[183, 145, 165, 155, 216, 195, 204, 190]",13.3
311,1788358474935877213,307200,85568,9,6,148.8,"[29.3, 30.8, 82.8, 91.9, 103.5, 148.8]","['NEAR', 'RAIL', 'RAIL', 'INSIDE', 'OUTSIDE', 'RAIL']","[[0.4, 0.81, 0.03], [0.2, 0.54, 0.34], [0.18, 0.29, 0.7], [3.21, 4.1, 1.91], [0.79, 0.36, 0.92], [0.07, 0.34, 0.22]]","[183, 145, 165, 205, 216, 211]",14.6
312,1788358475040692629,307200,85702,11,10,154.9,"[23.1, 29.2, 30.8, 82.7, 89.9, 103.6, 127.7, 141.9, 148.7, 154.9]","['INSIDE', 'NEAR', 'RAIL', 'RAIL', 'NEAR', 'OUTSIDE', 'INSIDE', 'INSIDE', 'RAIL', 'INSIDE']","[[0.52, 1.1, 0.15], [0.39, 0.81, 0.03], [0.22, 0.52, 0.34], [0.24, 0.39, 0.91], [0.93, 0.22, 1.22], [1.24, 0.31, 1.8], [14.16, 4.68, 1.0], [2.83, 4.34, 0.37], [0.04, 0.34, 0.22], [3.0, 4.64, 0.65]]","[175, 183, 145, 165, 207, 216, 195, 204, 211, 190]",13.8
313,1788358475139940832,307200,85733,13,10,155.4,"[25.1, 25.3, 30.8, 82.6, 91.2, 98.9, 103.6, 123.8, 148.6, 155.4]","['INSIDE', 'INSIDE', 'RAIL', 'OUTSIDE', 'NEAR', 'OUTSIDE', 'OUTSIDE', 'INSIDE', 'RAIL', 'INSIDE']","[[1.09, 2.1, 0.11], [1.13, 1.71, 0.11], [0.47, 0.54, 0.34], [0.24, 0.34, 0.92], [2.15, 0.21, 1.6], [2.11, 0.21, 1.56], [1.23, 0.36, 1.79], [6.24, 4.29, 0.81], [0.05, 0.34, 0.22], [4.28, 4.65, 0.34]]","[170, 175, 145, 165, 207, 155, 216, 195, 211, 190]",15.2
314,1788358475239621310,307200,85782,11,7,148.6,"[28.5, 30.0, 82.6, 92.4, 103.2, 123.1, 148.6]","['NEAR', 'NEAR', 'RAIL', 'INSIDE', 'OUTSIDE', 'INSIDE', 'RAIL']","[[0.61, 0.05, 1.19], [1.36, 0.06, 2.02], [0.26, 0.52, 1.13], [4.66, 4.13, 1.94], [0.68, 0.37, 0.92], [5.05, 4.54, 0.86], [0.05, 0.34, 0.22]]","[183, 145, 165, 205, 216, 195, 211]",15.9
315,1788358475336643214,307200,85997,9,6,155.4,"[82.5, 91.1, 95.0, 103.5, 127.5, 155.4]","['RAIL', 'NEAR', 'OUTSIDE', 'OUTSIDE', 'INSIDE', 'INSIDE']","[[0.24, 0.37, 1.13], [2.14, 0.21, 1.6], [0.85, 0.86, 1.46], [1.21, 0.36, 1.79], [14.11, 4.69, 1.87], [4.35, 4.64, 0.34]]","[165, 207, 205, 216, 195, 190]",14.7
316,1788358475440426687,307200,85961,12,9,170.5,"[25.0, 28.4, 30.7, 82.5, 91.6, 103.1, 123.7, 148.5, 170.5]","['INSIDE', 'NEAR', 'RAIL', 'RAIL', 'INSIDE', 'OUTSIDE', 'INSIDE', 'RAIL', 'INSIDE']","[[1.08, 1.79, 0.11], [0.51, 0.06, 1.27], [0.63, 0.53, 0.34], [0.24, 0.39, 0.69], [3.23, 4.24, 1.91], [0.65, 0.31, 0.92], [6.25, 4.62, 1.09], [0.06, 0.34, 0.22], [2.2, 4.21, 0.84]]","[175, 183, 145, 165, 207, 216, 195, 211, 185]",15.4
317,1788358475544488151,307200,85802,10,7,153.2,"[30.4, 82.4, 90.4, 92.3, 103.4, 149.0, 153.2]","['RAIL', 'RAIL', 'INSIDE', 'OUTSIDE', 'OUTSIDE', 'INSIDE', 'OUTSIDE']","[[0.12, 0.54, 0.25], [0.25, 0.51, 1.13], [0.92, 3.97, 2.38], [0.94, 0.49, 0.19], [1.21, 0.53, 1.79], [1.09, 2.61, 1.66], [0.34, 0.33, 0.31]]","[145, 165, 207, 205, 216, 211, 190]",15.1
318,1788358475645070326,307200,85703,13,7,148.4,"[25.4, 81.5, 90.4, 92.4, 103.4, 123.5, 148.4]","['INSIDE', 'RAIL', 'NEAR', 'OUTSIDE', 'OUTSIDE', 'INSIDE', 'RAIL']","[[1.22, 1.74, 0.2], [2.04, 0.37, 0.9], [0.97, 0.09, 0.87], [0.86, 0.5, 0.18], [1.23, 0.36, 1.79], [4.62, 4.54, 0.88], [0.07, 0.34, 0.22]]","[175, 165, 207, 205, 216, 195, 211]",14.8
319,1788358475737934920,307200,85631,14,9,153.2,"[25.4, 30.4, 81.5, 90.4, 92.4, 103.1, 123.5, 148.4, 153.2]","['INSIDE', 'RAIL', 'RAIL', 'NEAR', 'OUTSIDE', 'OUTSIDE', 'INSIDE', 'RAIL', 'OUTSIDE']","[[1.2, 1.74, 0.21], [0.14, 0.52, 0.33], [1.99, 0.37, 1.12], [0.97, 0.09, 1.23], [0.75, 0.5, 0.18], [0.62, 0.19, 0.92], [4.63, 4.54, 0.88], [0.03, 0.34, 0.22], [0.36, 0.33, 0.31]]","[175, 145, 165, 207, 205, 216, 195, 211, 190]",15.9
320,1788358475839075947,307200,85672,15,9,155.2,"[30.5, 82.4, 90.8, 98.6, 103.1, 122.9, 141.7, 148.4, 155.2]","['RAIL', 'RAIL', 'INSIDE', 'OUTSIDE', 'OUTSIDE', 'INSIDE', 'INSIDE', 'RAIL', 'INSIDE']","[[0.3, 0.54, 0.34], [0.22, 0.23, 1.12], [1.84, 1.14, 1.01], [1.83, 0.19, 1.56], [0.81, 0.36, 0.92], [5.1, 4.28, 0.81], [2.7, 4.43, 0.38], [0.07, 0.34, 0.22], [4.33, 4.14, 0.66]]","[145, 165, 207, 155, 216, 195, 204, 211, 190]",15.4
321,1788358475941797178,307200,85892,13,6,154.6,"[30.5, 82.4, 90.7, 98.9, 99.4, 154.6]","['RAIL', 'RAIL', 'INSIDE', 'OUTSIDE', 'NEAR', 'INSIDE']","[[0.37, 0.53, 0.34], [0.24, 0.37, 0.9], [1.93, 1.8, 1.88], [0.47, 0.21, 1.35], [0.32, 0.23, 1.58], [3.06, 4.37, 0.33]]","[145, 165, 207, 155, 216, 190]",15.8
322,1788358476042376586,307200,86134,11,6,148.4,"[28.2, 82.4, 89.8, 127.4, 137.5, 148.4]","['NEAR', 'RAIL', 'INSIDE', 'INSIDE', 'INSIDE', 'RAIL']","[[0.53, 0.06, 1.26], [0.2, 0.24, 0.9], [2.31, 2.58, 1.58], [11.36, 4.55, 0.88], [5.92, 4.21, 0.69], [0.07, 0.26, 0.22]]","[183, 165, 207, 195, 204, 211]",15.8
323,1788358476139146766,307200,86012,9,5,154.5,"[30.4, 82.4, 90.4, 99.2, 154.5]","['RAIL', 'RAIL', 'NEAR', 'OUTSIDE', 'INSIDE']","[[0.13, 0.53, 0.33], [0.22, 0.23, 0.9], [0.89, 0.19, 1.84], [0.37, 0.89, 1.76], [3.0, 4.66, 0.65]]","[145, 165, 207, 155, 190]",14.4
324,1788358476242005505,307200,86041,7,4,154.6,"[82.4, 89.8, 148.4, 154.6]","['RAIL', 'NEAR', 'RAIL', 'INSIDE']","[[0.23, 0.23, 0.9], [0.53, 0.22, 1.4], [0.05, 0.34, 0.22], [2.95, 4.63, 0.65]]","[165, 207, 211, 190]",14.5
325,1788358476340625516,307200,86107,13,6,154.5,"[30.5, 82.4, 90.9, 126.0, 137.4, 154.5]","['RAIL', 'RAIL', 'NEAR', 'INSIDE', 'INSIDE', 'INSIDE']","[[0.18, 0.58, 0.33], [0.25, 0.24, 0.9], [4.06, 0.23, 2.2], [8.43, 4.45, 0.86], [5.92, 4.21, 0.69], [3.0, 4.66, 0.65]]","[145, 165, 207, 195, 204, 190]",17.1
326,1788358476439106684,307200,86103,12,7,154.5,"[30.5, 82.4, 89.9, 92.2, 125.3, 138.8, 154.5]","['RAIL', 'RAIL', 'NEAR', 'INSIDE', 'INSIDE', 'INSIDE', 'INSIDE']","[[0.15, 0.53, 0.33], [0.27, 0.51, 0.9], [2.18, 0.23, 1.59], [2.48, 3.84, 1.41], [9.8, 4.61, 0.99], [8.54, 4.21, 0.7], [2.94, 4.66, 0.65]]","[145, 165, 207, 205, 195, 204, 190]",14.5
327,1788358476539614293,307200,86032,9,4,154.5,"[28.2, 82.4, 91.7, 154.5]","['NEAR', 'RAIL', 'INSIDE', 'INSIDE']","[[0.56, 0.05, 1.26], [0.2, 0.23, 0.9], [3.51, 4.21, 1.46], [2.99, 4.63, 0.65]]","[183, 165, 205, 190]",17.0
328,1788358476642821092,307200,86050,13,8,154.6,"[28.2, 30.9, 82.4, 90.3, 126.7, 138.8, 148.4, 154.6]","['NEAR', 'NEAR', 'RAIL', 'NEAR', 'INSIDE', 'INSIDE', 'RAIL', 'INSIDE']","[[0.57, 0.05, 1.26], [3.8, 0.12, 2.09], [0.22, 0.37, 0.9], [0.96, 0.22, 2.2], [12.78, 4.47, 1.63], [8.59, 4.22, 0.7], [0.03, 0.26, 0.22], [2.77, 4.63, 0.33]]","[183, 223, 165, 207, 195, 204, 211, 190]",16.2
329,1788358476736197574,307200,86146,13,9,154.5,"[28.2, 29.9, 82.4, 90.4, 92.1, 128.1, 138.8, 148.4, 154.5]","['NEAR', 'NEAR', 'RAIL', 'NEAR', 'INSIDE', 'INSIDE', 'INSIDE', 'RAIL', 'INSIDE']","[[0.55, 0.05, 1.26], [1.18, 0.06, 1.85], [0.23, 0.51, 0.9], [1.06, 0.22, 2.2], [2.45, 3.84, 1.41], [10.4, 4.55, 1.13], [8.57, 4.21, 0.7], [0.05, 0.26, 0.22], [2.96, 4.66, 0.65]]","[183, 223, 165, 207, 205, 195, 204, 211, 190]",17.8
330,1788358476843128566,307200,86034,9,6,154.5,"[28.2, 30.4, 30.7, 82.4, 91.7, 154.5]","['NEAR', 'RAIL', 'INSIDE', 'RAIL', 'INSIDE', 'INSIDE']","[[0.58, 0.05, 1.26], [0.1, 0.53, 0.33], [0.7, 1.23, 0.49], [0.2, 0.24, 0.9], [3.49, 4.11, 2.27], [3.0, 4.39, 0.65]]","[183, 145, 223, 165, 205, 190]",13.5
331,1788358476937585886,307200,86087,12,8,154.5,"[28.2, 30.4, 31.9, 82.4, 91.6, 125.6, 138.8, 154.5]","['NEAR', 'RAIL', 'NEAR', 'RAIL', 'INSIDE', 'INSIDE', 'INSIDE', 'INSIDE']","[[0.56, 0.05, 1.26], [0.13, 0.57, 0.33], [1.86, 0.12, 1.88], [0.2, 0.23, 0.9], [3.49, 4.21, 1.9], [10.5, 4.45, 1.26], [8.57, 4.33, 0.7], [2.99, 4.66, 0.65]]","[183, 145, 223, 165, 205, 195, 204, 190]",15.7
332,1788358477042605601,307200,86169,12,9,154.5,"[28.2, 30.4, 30.9, 31.1, 82.4, 90.4, 126.0, 138.8, 154.5]","['NEAR', 'RAIL', 'INSIDE', 'NEAR', 'RAIL', 'NEAR', 'INSIDE', 'INSIDE', 'INSIDE']","[[0.53, 0.05, 1.26], [0.14, 0.58, 0.12], [0.97, 1.21, 0.25], [3.45, 0.3, 2.39], [0.25, 0.23, 0.9], [1.14, 0.22, 2.21], [8.5, 4.43, 1.13], [8.55, 4.21, 0.69], [2.95, 4.66, 0.65]]","[183, 145, 223, 226, 165, 207, 195, 204, 190]",14.0
333,1788358477143136974,307200,86088,14,8,154.5,"[30.7, 30.9, 82.4, 90.9, 126.7, 138.8, 148.4, 154.5]","['INSIDE', 'NEAR', 'RAIL', 'INSIDE', 'INSIDE', 'INSIDE', 'RAIL', 'INSIDE']","[[0.68, 1.22, 0.49], [3.8, 0.12, 1.94], [0.21, 0.24, 0.9], [4.98, 4.2, 2.27], [12.8, 4.47, 1.63], [8.61, 4.57, 1.36], [0.03, 0.26, 0.22], [2.99, 4.66, 0.65]]","[223, 226, 165, 205, 195, 204, 211, 190]",15.4
334,1788358477242685830,307200,86111,9,7,155.2,"[30.4, 30.9, 82.4, 91.7, 103.4, 148.4, 155.2]","['RAIL', 'NEAR', 'RAIL', 'INSIDE', 'OUTSIDE', 'RAIL', 'INSIDE']","[[0.14, 0.53, 0.33], [3.83, 0.11, 2.09], [0.2, 0.23, 0.9], [3.5, 4.19, 1.9], [1.27, 0.22, 1.79], [0.06, 0.34, 0.22], [4.2, 4.66, 0.66]]","[145, 226, 165, 205, 222, 211, 190]",15.8
335,1788358477342661030,307200,86219,12,10,154.5,"[28.2, 30.4, 30.9, 30.9, 82.4, 91.1, 103.2, 126.8, 138.8, 154.5]","['NEAR', 'RAIL', 'INSIDE', 'NEAR', 'RAIL', 'INSIDE', 'OUTSIDE', 'INSIDE', 'INSIDE', 'INSIDE']","[[0.5, 0.05, 1.26], [0.21, 0.53, 0.27], [1.0, 1.22, 0.49], [3.76, 0.13, 1.94], [0.24, 0.37, 0.9], [4.59, 4.2, 2.27], [0.87, 0.2, 0.92], [12.96, 4.56, 1.26], [8.65, 4.21, 0.7], [3.0, 4.66, 0.65]]","[183, 145, 223, 226, 165, 205, 222, 195, 204, 190]",15.4
336,1788358477444998035,307200,86149,13,10,154.5,"[25.9, 28.2, 30.4, 30.9, 82.4, 90.5, 103.2, 126.6, 138.8, 154.5]","['RAIL', 'NEAR', 'RAIL', 'INSIDE', 'RAIL', 'NEAR', 'OUTSIDE', 'INSIDE', 'INSIDE', 'INSIDE']","[[0.27, 0.21, 0.12], [0.51, 0.05, 1.26], [0.16, 0.53, 0.2], [1.02, 1.22, 0.49], [0.22, 0.51, 0.9], [1.05, 0.22, 1.58], [0.88, 0.31, 0.92], [7.31, 4.45, 0.86], [8.56, 4.45, 0.7], [2.93, 4.66, 0.65]]","[183, 226, 145, 223, 165, 207, 222, 195, 204, 190]",19.1
337,1788358477540238073,307200,86102,13,8,154.5,"[28.2, 30.4, 30.7, 82.4, 91.3, 103.4, 148.4, 154.5]","['NEAR', 'RAIL', 'INSIDE', 'RAIL', 'INSIDE', 'OUTSIDE', 'RAIL', 'INSIDE']","[[0.54, 0.05, 1.26], [0.14, 0.57, 0.33], [0.64, 1.22, 0.49], [0.23, 0.34, 0.9], [4.19, 4.2, 2.27], [1.26, 0.36, 1.79], [0.03, 0.26, 0.22], [3.01, 4.66, 0.65]]","[226, 145, 223, 165, 205, 222, 211, 190]",14.0
338,1788358477644366041,307200,86146,12,8,154.5,"[28.2, 30.9, 82.4, 89.9, 103.2, 126.8, 138.8, 154.5]","['NEAR', 'INSIDE', 'RAIL', 'NEAR', 'OUTSIDE', 'INSIDE', 'INSIDE', 'INSIDE']","[[0.54, 0.05, 1.26], [0.98, 1.22, 0.49], [0.18, 0.24, 0.9], [2.07, 0.22, 2.2], [0.87, 0.36, 0.92], [12.94, 4.6, 1.26], [8.59, 4.47, 0.7], [2.99, 4.66, 0.65]]","[226, 223, 165, 207, 222, 195, 204, 190]",15.8
339,1788358477738980461,307200,86184,14,9,154.5,"[28.3, 30.4, 30.9, 82.4, 91.1, 103.2, 126.0, 138.8, 154.5]","['NEAR', 'RAIL', 'INSIDE', 'RAIL', 'INSIDE', 'OUTSIDE', 'INSIDE', 'INSIDE', 'INSIDE']","[[0.65, 0.05, 1.26], [0.11, 0.57, 0.12], [1.0, 1.22, 0.24], [0.27, 0.39, 0.9], [4.55, 4.19, 1.62], [0.92, 0.2, 0.92], [8.58, 4.46, 1.13], [8.57, 4.21, 0.69], [2.96, 4.66, 0.65]]","[226, 145, 223, 165, 205, 222, 195, 204, 190]",13.1
340,1788358477844118316,307200,86120,11,7,154.5,"[30.4, 30.7, 82.4, 90.0, 92.2, 103.2, 154.5]","['RAIL', 'INSIDE', 'RAIL', 'NEAR', 'INSIDE', 'OUTSIDE', 'INSIDE']","[[0.19, 0.52, 0.33], [0.68, 1.22, 0.49], [0.21, 0.23, 0.9], [1.85, 0.22, 1.59], [2.44, 3.84, 1.44], [0.92, 0.2, 0.92], [3.01, 4.66, 0.65]]","[145, 223, 165, 207, 205, 222, 190]",13.1
341,1788358477942331185,307200,86162,13,9,154.5,"[28.2, 30.4, 30.7, 82.4, 90.4, 103.2, 126.8, 138.8, 154.5]","['NEAR', 'RAIL', 'INSIDE', 'RAIL', 'NEAR', 'OUTSIDE', 'INSIDE', 'INSIDE', 'INSIDE']","[[0.54, 0.05, 1.26], [0.13, 0.58, 0.33], [0.66, 1.22, 0.49], [0.26, 0.37, 0.9], [1.12, 0.22, 1.58], [0.89, 0.36, 0.92], [12.91, 4.67, 1.27], [8.53, 4.58, 0.7], [3.0, 4.66, 0.65]]","[226, 145, 223, 165, 207, 222, 195, 204, 190]",14.4
342,1788358478043611733,307200,86204,9,7,165.1,"[82.4, 90.4, 103.2, 126.8, 138.7, 154.5, 165.1]","['RAIL', 'RAIL', 'OUTSIDE', 'INSIDE', 'INSIDE', 'INSIDE', 'INSIDE']","[[0.19, 0.38, 0.9], [1.08, 0.08, 0.99], [0.91, 0.36, 0.92], [12.93, 4.55, 0.99], [8.51, 4.33, 0.7], [2.96, 4.66, 0.65], [2.93, 4.06, 0.36]]","[165, 207, 222, 195, 204, 190, 228]",15.7
343,1788358478144859113,307200,86163,10,8,165.8,"[28.2, 30.9, 82.4, 90.7, 94.4, 103.2, 154.5, 165.8]","['NEAR', 'INSIDE', 'RAIL', 'INSIDE', 'NEAR', 'OUTSIDE', 'INSIDE', 'INSIDE']","[[0.56, 0.05, 1.26], [0.97, 1.22, 0.25], [0.19, 0.24, 0.9], [1.67, 3.87, 2.24], [0.54, 0.22, 0.43], [0.88, 0.36, 0.92], [3.02, 4.66, 0.65], [4.33, 4.06, 0.37]]","[226, 223, 165, 205, 207, 222, 190, 228]",14.1
344,1788358478245075873,307200,86100,12,9,154.5,"[28.2, 30.4, 30.7, 82.4, 91.2, 103.2, 126.8, 138.8, 154.5]","['NEAR', 'RAIL', 'INSIDE', 'RAIL', 'INSIDE', 'OUTSIDE', 'INSIDE', 'INSIDE', 'INSIDE']","[[0.55, 0.05, 1.26], [0.16, 0.53, 0.33], [0.68, 1.22, 0.49], [0.22, 0.51, 0.9], [4.38, 4.09, 2.27], [0.89, 0.31, 0.92], [12.87, 4.55, 0.99], [8.58, 4.33, 0.7], [2.97, 4.66, 0.65]]","[226, 145, 223, 165, 205, 222, 195, 204, 190]",14.9
345,1788358478339298966,307200,86107,11,10,165.1,"[28.2, 30.4, 30.9, 82.4, 91.6, 103.2, 126.7, 138.8, 154.5, 165.1]","['NEAR', 'RAIL', 'INSIDE', 'RAIL', 'INSIDE', 'OUTSIDE', 'INSIDE', 'INSIDE', 'INSIDE', 'INSIDE']","[[0.57, 0.06, 1.26], [0.17, 0.52, 0.33], [0.93, 1.22, 0.49], [0.2, 0.24, 0.9], [3.43, 4.2, 1.65], [0.89, 0.36, 0.92], [12.9, 4.55, 1.01], [8.59, 4.33, 0.7], [2.95, 4.66, 0.65], [2.96, 3.77, 0.36]]","[226, 145, 223, 165, 205, 222, 195, 204, 190, 228]",15.4
346,1788358478464738749,307200,86134,17,12,165.1,"[28.2, 30.5, 30.9, 82.4, 90.5, 92.2, 103.2, 130.8, 141.7, 148.4, 154.5, 165.1]","['NEAR', 'RAIL', 'INSIDE', 'RAIL', 'NEAR', 'INSIDE', 'OUTSIDE', 'INSIDE', 'INSIDE', 'RAIL', 'INSIDE', 'INSIDE']","[[0.55, 0.05, 1.26], [0.12, 0.53, 0.33], [0.95, 1.22, 0.49], [0.21, 0.22, 0.9], [1.08, 0.22, 1.84], [2.48, 3.84, 1.41], [0.87, 0.31, 0.92], [4.8, 4.4, 1.13], [2.87, 4.17, 1.36], [0.04, 0.26, 0.22], [2.99, 4.66, 0.65], [2.96, 3.77, 0.36]]","[226, 145, 223, 165, 205, 207, 222, 195, 204, 211, 190, 228]",15.8
347,1788358478553931882,307200,86145,12,10,165.1,"[28.2, 30.7, 82.4, 89.9, 93.1, 103.2, 126.9, 138.8, 154.5, 165.1]","['NEAR', 'INSIDE', 'RAIL', 'NEAR', 'OUTSIDE', 'OUTSIDE', 'INSIDE', 'INSIDE', 'INSIDE', 'INSIDE']","[[0.55, 0.05, 1.26], [0.66, 1.22, 0.49], [0.21, 0.23, 0.9], [2.17, 0.23, 1.58], [0.59, 1.48, 1.44], [0.89, 0.36, 0.92], [12.82, 4.67, 1.27], [8.58, 4.33, 0.7], [3.01, 4.66, 0.65], [2.93, 3.77, 0.36]]","[226, 223, 165, 205, 207, 222, 195, 204, 190, 228]",15.4
348,1788358478651086696,307200,86119,7,6,154.5,"[30.4, 82.4, 82.7, 91.1, 103.2, 154.5]","['RAIL', 'RAIL', 'INSIDE', 'INSIDE', 'OUTSIDE', 'INSIDE']","[[0.1, 0.53, 0.33], [0.27, 0.37, 0.9], [0.68, 4.73, 2.37], [4.49, 4.2, 2.27], [0.9, 0.36, 0.92], [2.98, 4.39, 0.65]]","[145, 165, 232, 207, 222, 190]",14.6
349,1788358478757524914,307200,86123,13,12,165.8,"[28.2, 30.5, 47.1, 82.4, 82.7, 90.0, 103.2, 127.5, 138.8, 148.4, 154.5, 165.8]","['NEAR', 'RAIL', 'RAIL', 'RAIL', 'INSIDE', 'NEAR', 'OUTSIDE', 'INSIDE', 'INSIDE', 'RAIL', 'INSIDE', 'INSIDE']","[[0.56, 0.06, 1.26], [0.11, 0.53, 0.33], [0.82, 0.07, 0.28], [0.25, 0.37, 0.9], [0.87, 4.44, 2.37], [1.93, 0.18, 2.21], [0.86, 0.2, 0.92], [11.51, 4.55, 1.13], [8.62, 4.33, 0.7], [0.05, 0.26, 0.22], [3.0, 4.66, 0.65], [4.31, 4.35, 0.37]]","[226, 145, 219, 165, 232, 205, 222, 195, 204, 211, 190, 228]",14.3
350,1788358478844694610,307200,86157,10,10,165.1,"[30.9, 82.4, 83.1, 90.2, 94.6, 103.4, 125.2, 138.8, 154.5, 165.1]","['INSIDE', 'RAIL', 'INSIDE', 'INSIDE', 'NEAR', 'OUTSIDE', 'INSIDE', 'INSIDE', 'INSIDE', 'INSIDE']","[[0.95, 1.21, 0.49], [0.23, 0.38, 0.9], [1.51, 4.53, 2.37], [2.69, 4.16, 2.24], [0.69, 0.17, 0.44], [1.37, 0.22, 1.79], [9.79, 4.44, 1.26], [8.55, 4.22, 0.7], [2.98, 4.66, 0.65], [2.92, 4.35, 0.36]]","[223, 165, 232, 207, 205, 222, 195, 204, 190, 228]",15.6
351,1788358478947207891,307200,86103,12,10,165.9,"[30.5, 30.8, 47.1, 82.4, 83.1, 91.1, 103.2, 148.4, 154.5, 165.9]","['RAIL', 'INSIDE', 'RAIL', 'RAIL', 'INSIDE', 'INSIDE', 'OUTSIDE', 'RAIL', 'INSIDE', 'INSIDE']","[[0.14, 0.52, 0.33], [0.91, 1.22, 0.49], [0.82, 0.1, 0.28], [0.19, 0.37, 0.9], [1.48, 4.57, 2.37], [4.5, 4.17, 1.65], [0.88, 0.36, 0.92], [0.04, 0.26, 0.22], [2.99, 4.66, 0.65], [4.39, 4.35, 0.37]]","[145, 223, 219, 165, 232, 207, 222, 211, 190, 228]",14.2
352,1788358479048175885,307200,86143,12,9,154.6,"[28.2, 30.7, 82.4, 91.2, 103.2, 126.8, 138.8, 148.4, 154.6]","['NEAR', 'INSIDE', 'RAIL', 'INSIDE', 'OUTSIDE', 'INSIDE', 'INSIDE', 'RAIL', 'INSIDE']","[[0.56, 0.05, 1.26], [0.71, 1.22, 0.49], [0.21, 0.24, 0.9], [4.35, 4.19, 2.27], [0.85, 0.36, 0.92], [12.91, 4.55, 0.99], [8.59, 4.33, 0.7], [0.03, 0.34, 0.22], [3.01, 4.66, 0.65]]","[226, 223, 165, 207, 222, 195, 204, 211, 190]",17.6
353,1788358479148767106,307200,86187,15,14,165.2,"[28.2, 30.5, 30.9, 31.8, 45.6, 82.4, 82.7, 89.9, 92.5, 103.2, 126.0, 138.7, 154.5, 165.2]","['NEAR', 'RAIL', 'INSIDE', 'NEAR', 'RAIL', 'RAIL', 'INSIDE', 'NEAR', 'INSIDE', 'OUTSIDE', 'INSIDE', 'INSIDE', 'INSIDE', 'INSIDE']","[[0.57, 0.05, 1.26], [0.12, 0.53, 0.33], [1.02, 1.22, 0.49], [1.86, 0.12, 1.88], [0.51, 0.19, 0.4], [0.24, 0.24, 0.9], [0.75, 4.67, 2.37], [2.13, 0.23, 1.59], [1.87, 3.73, 1.41], [0.88, 0.2, 0.92], [8.4, 4.45, 0.86], [8.5, 4.22, 1.36], [2.95, 4.66, 0.65], [2.94, 4.35, 0.36]]","[226, 145, 223, 235, 219, 165, 232, 207, 205, 222, 195, 204, 190, 228]",17.0
354,1788358479246510987,307200,86167,12,12,165.9,"[30.8, 31.8, 47.1, 82.4, 83.1, 91.1, 103.4, 125.3, 141.7, 148.4, 154.5, 165.9]","['INSIDE', 'NEAR', 'RAIL', 'RAIL', 'INSIDE', 'INSIDE', 'OUTSIDE', 'INSIDE', 'INSIDE', 'RAIL', 'INSIDE', 'INSIDE']","[[0.88, 1.22, 0.49], [1.83, 0.11, 1.88], [0.84, 0.07, 0.28], [0.22, 0.23, 0.9], [1.53, 4.53, 2.37], [4.45, 4.19, 2.24], [1.35, 0.22, 1.79], [9.86, 4.44, 1.26], [2.85, 4.09, 0.37], [0.03, 0.26, 0.22], [3.0, 4.66, 0.65], [4.37, 4.06, 0.37]]","[223, 235, 219, 165, 232, 205, 222, 195, 204, 211, 190, 228]",13.5
355,1788358479345811296,307200,86083,15,11,154.5,"[28.2, 30.4, 30.7, 31.0, 82.4, 83.1, 91.7, 103.2, 126.9, 138.8, 154.5]","['NEAR', 'RAIL', 'INSIDE', 'NEAR', 'RAIL', 'INSIDE', 'INSIDE', 'OUTSIDE', 'INSIDE', 'INSIDE', 'INSIDE']","[[0.57, 0.05, 1.26], [0.15, 0.53, 0.33], [0.68, 1.22, 0.49], [3.58, 0.13, 2.09], [0.23, 0.37, 0.9], [1.43, 4.73, 2.37], [3.49, 4.21, 1.46], [0.91, 0.36, 0.92], [12.95, 4.55, 0.99], [8.57, 4.47, 0.7], [2.98, 4.66, 0.65]]","[226, 145, 223, 235, 165, 232, 205, 222, 195, 204, 190]",13.0
356,1788358479444185204,307200,86176,13,12,165.1,"[28.2, 30.5, 30.9, 31.9, 82.4, 83.1, 91.6, 94.6, 103.4, 126.6, 154.6, 165.1]","['NEAR', 'RAIL', 'INSIDE', 'NEAR', 'RAIL', 'INSIDE', 'INSIDE', 'NEAR', 'OUTSIDE', 'INSIDE', 'INSIDE', 'INSIDE']","[[0.58, 0.05, 1.26], [0.11, 0.53, 0.33], [0.97, 1.22, 0.49], [1.83, 0.11, 1.88], [0.24, 0.23, 0.9], [1.47, 4.59, 2.37], [3.49, 4.2, 2.27], [0.66, 0.17, 0.44], [1.28, 0.22, 1.79], [7.3, 4.45, 0.88], [3.03, 4.66, 0.65], [2.9, 4.06, 0.36]]","[226, 145, 223, 235, 165, 232, 205, 207, 222, 195, 190, 228]",12.8
357,1788358479545469038,307200,86190,14,13,165.2,"[25.2, 30.4, 30.9, 30.9, 82.4, 82.8, 90.2, 94.5, 103.2, 126.5, 138.7, 154.5, 165.2]","['INSIDE', 'RAIL', 'INSIDE', 'NEAR', 'RAIL', 'INSIDE', 'INSIDE', 'NEAR', 'OUTSIDE', 'INSIDE', 'INSIDE', 'INSIDE', 'INSIDE']","[[0.75, 1.07, 0.08], [0.13, 0.58, 0.12], [1.02, 1.22, 0.49], [3.79, 0.12, 1.94], [0.21, 0.23, 0.9], [0.69, 4.44, 2.37], [2.77, 3.87, 2.24], [0.77, 0.21, 0.62], [0.92, 0.2, 0.92], [7.38, 4.45, 0.86], [8.53, 4.21, 0.7], [2.99, 4.39, 0.65], [2.94, 4.35, 0.36]]","[226, 145, 223, 235, 165, 232, 205, 207, 222, 195, 204, 190, 228]",15.4
358,1788358479639962963,307200,86187,16,14,165.8,"[28.2, 29.8, 30.4, 30.7, 47.1, 82.4, 82.8, 91.1, 103.4, 126.8, 138.8, 148.4, 154.5, 165.8]","['NEAR', 'RAIL', 'NEAR', 'INSIDE', 'RAIL', 'RAIL', 'INSIDE', 'INSIDE', 'OUTSIDE', 'INSIDE', 'INSIDE', 'RAIL', 'INSIDE', 'INSIDE']","[[0.54, 0.05, 1.26], [0.14, 0.58, 0.6], [1.59, 0.06, 1.85], [0.66, 1.22, 0.49], [0.82, 0.1, 0.28], [0.26, 0.22, 0.9], [0.69, 4.59, 2.37], [4.56, 4.19, 1.65], [1.32, 0.36, 1.79], [12.99, 4.55, 1.01], [8.55, 4.22, 1.36], [0.03, 0.26, 0.22], [3.01, 4.66, 0.65], [4.34, 3.77, 0.37]]","[231, 145, 235, 223, 219, 165, 232, 205, 222, 195, 204, 211, 190, 228]",17.4
359,1788358479739050946,307200,86163,12,11,165.9,"[28.2, 30.4, 30.8, 82.4, 82.7, 90.9, 103.2, 125.3, 138.8, 154.5, 165.9]","['NEAR', 'RAIL', 'INSIDE', 'RAIL', 'INSIDE', 'INSIDE', 'OUTSIDE', 'INSIDE', 'INSIDE', 'INSIDE', 'OUTSIDE']","[[0.55, 0.05, 1.26], [0.16, 0.53, 0.33], [0.89, 1.22, 0.25], [0.24, 0.37, 0.9], [0.71, 4.73, 2.37], [4.18, 4.19, 2.27], [0.89, 0.2, 0.92], [9.87, 4.47, 1.01], [8.56, 4.33, 0.7], [2.99, 4.66, 0.65], [4.45, 1.43, 0.37]]","[231, 145, 223, 165, 232, 205, 222, 195, 204, 190, 228]",13.9
360,1788358479853939880,307200,86248,16,14,165.1,"[25.9, 28.3, 29.8, 30.4, 82.4, 83.1, 89.9, 92.2, 103.2, 126.9, 138.8, 148.4, 154.5, 165.1]","['RAIL', 'NEAR', 'NEAR', 'RAIL', 'RAIL', 'INSIDE', 'NEAR', 'INSIDE', 'OUTSIDE', 'INSIDE', 'INSIDE', 'RAIL', 'INSIDE', 'INSIDE']","[[0.29, 0.21, 0.12], [0.57, 0.05, 1.26], [1.52, 0.06, 1.85], [0.21, 0.52, 0.33], [0.19, 0.23, 0.9], [1.55, 4.53, 2.37], [2.16, 0.23, 1.58], [2.39, 3.84, 1.44], [0.92, 0.36, 0.92], [12.86, 4.59, 1.63], [8.54, 4.22, 0.7], [0.06, 0.34, 0.22], [2.95, 4.39, 0.65], [2.93, 3.77, 0.36]]","[226, 231, 235, 145, 165, 232, 205, 207, 222, 195, 204, 211, 190, 228]",14.5
361,1788358479955242939,307200,86078,13,12,165.9,"[30.4, 30.9, 82.4, 82.7, 89.9, 92.2, 103.2, 126.8, 138.8, 148.4, 154.5, 165.9]","['RAIL', 'INSIDE', 'RAIL', 'INSIDE', 'NEAR', 'INSIDE', 'OUTSIDE', 'INSIDE', 'INSIDE', 'RAIL', 'INSIDE', 'INSIDE']","[[0.21, 0.53, 0.34], [0.98, 1.22, 0.49], [0.26, 0.38, 0.9], [0.73, 4.53, 2.37], [2.2, 0.23, 1.4], [2.4, 3.84, 1.44], [0.88, 0.36, 0.92], [12.97, 4.55, 1.27], [8.64, 4.45, 0.7], [0.03, 0.26, 0.22], [3.01, 4.66, 0.65], [4.35, 4.35, 0.37]]","[145, 223, 165, 232, 205, 207, 222, 195, 204, 211, 190, 228]",15.0
362,1788358480053403546,307200,86158,12,9,165.2,"[28.2, 30.7, 82.4, 82.8, 91.2, 103.2, 148.4, 154.5, 165.2]","['NEAR', 'INSIDE', 'RAIL', 'INSIDE', 'INSIDE', 'OUTSIDE', 'RAIL', 'INSIDE', 'INSIDE']","[[0.58, 0.05, 1.26], [0.7, 1.22, 0.49], [0.19, 0.24, 0.9], [0.68, 4.73, 2.37], [4.52, 4.09, 2.27], [0.89, 0.36, 0.92], [0.04, 0.26, 0.22], [2.95, 4.66, 0.65], [3.01, 4.35, 0.36]]","[231, 223, 165, 232, 207, 222, 211, 190, 228]",19.8
363,1788358480150013768,307200,86159,13,12,165.2,"[28.2, 30.4, 47.1, 82.4, 83.1, 90.0, 92.2, 103.2, 128.1, 138.8, 154.5, 165.2]","['NEAR', 'RAIL', 'RAIL', 'RAIL', 'INSIDE', 'NEAR', 'INSIDE', 'OUTSIDE', 'INSIDE', 'INSIDE', 'INSIDE', 'INSIDE']","[[0.56, 0.05, 1.26], [0.13, 0.53, 0.33], [0.81, 0.07, 0.28], [0.26, 0.51, 0.9], [1.48, 4.59, 2.37], [2.0, 0.21, 1.34], [2.44, 3.84, 1.44], [0.91, 0.2, 0.92], [10.44, 4.55, 1.13], [8.57, 4.22, 0.7], [2.97, 4.66, 0.65], [2.96, 4.35, 0.36]]","[231, 145, 219, 165, 232, 205, 207, 222, 195, 204, 190, 228]",14.3
364,1788358480235703383,307200,86142,15,13,165.8,"[28.2, 29.8, 30.5, 30.9, 82.4, 82.8, 89.9, 93.1, 103.2, 127.5, 138.7, 154.5, 165.8]","['NEAR', 'NEAR', 'RAIL', 'INSIDE', 'RAIL', 'INSIDE', 'NEAR', 'OUTSIDE', 'OUTSIDE', 'INSIDE', 'INSIDE', 'INSIDE', 'INSIDE']","[[0.58, 0.05, 1.26], [1.57, 0.06, 1.85], [0.14, 0.53, 0.33], [0.98, 1.22, 0.49], [0.22, 0.37, 0.9], [0.67, 4.43, 2.37], [2.14, 0.23, 1.58], [0.59, 0.32, 1.44], [0.93, 0.2, 0.92], [11.38, 4.55, 1.13], [8.52, 3.96, 0.7], [2.99, 4.66, 0.65], [4.32, 3.77, 0.37]]","[231, 235, 145, 223, 165, 232, 205, 207, 222, 195, 204, 190, 228]",16.7
365,1788358480350739028,307200,86132,12,10,165.8,"[28.2, 30.4, 82.4, 91.1, 103.2, 125.3, 138.1, 148.4, 154.5, 165.8]","['NEAR', 'RAIL', 'RAIL', 'INSIDE', 'OUTSIDE', 'INSIDE', 'INSIDE', 'RAIL', 'INSIDE', 'INSIDE']","[[0.57, 0.05, 1.26], [0.16, 0.57, 0.33], [0.2, 0.37, 0.9], [4.55, 4.19, 2.27], [0.87, 0.31, 0.92], [9.83, 4.45, 1.01], [7.16, 4.33, 0.7], [0.03, 0.26, 0.22], [2.99, 4.66, 0.65], [4.28, 3.77, 0.37]]","[231, 145, 165, 205, 222, 195, 204, 211, 190, 228]",19.1
366,1788358480443186960,307200,86189,12,11,165.1,"[28.2, 29.8, 30.4, 82.4, 91.2, 103.1, 126.8, 138.8, 148.4, 154.5, 165.1]","['NEAR', 'RAIL', 'NEAR', 'RAIL', 'INSIDE', 'OUTSIDE', 'INSIDE', 'INSIDE', 'RAIL', 'INSIDE', 'INSIDE']","[[0.58, 0.05, 1.26], [0.15, 0.58, 0.33], [1.55, 0.07, 1.85], [0.22, 0.23, 0.9], [4.45, 4.17, 1.64], [0.84, 0.2, 0.92], [12.91, 4.55, 1.26], [8.55, 4.22, 0.7], [0.03, 0.26, 0.22], [2.98, 4.66, 0.65], [2.95, 4.06, 0.36]]","[231, 145, 235, 165, 205, 222, 195, 204, 211, 190, 228]",14.5
367,1788358480546166772,307200,86150,12,11,165.8,"[28.2, 30.4, 30.9, 82.4, 82.8, 91.6, 103.2, 127.5, 138.8, 154.5, 165.8]","['NEAR', 'RAIL', 'INSIDE', 'RAIL', 'INSIDE', 'INSIDE', 'OUTSIDE', 'INSIDE', 'INSIDE', 'INSIDE', 'INSIDE']","[[0.55, 0.05, 1.26], [0.2, 0.53, 0.66], [0.96, 1.22, 0.49], [0.26, 0.23, 0.9], [0.67, 4.48, 2.37], [3.51, 4.17, 1.65], [0.86, 0.31, 0.92], [11.55, 4.55, 0.86], [8.6, 4.22, 1.36], [2.96, 4.66, 0.65], [4.29, 4.06, 0.37]]","[231, 145, 223, 165, 232, 205, 222, 195, 204, 190, 228]",14.1
368,1788358480647662555,307200,86192,14,12,165.1,"[28.2, 29.8, 30.4, 30.8, 82.4, 89.9, 92.2, 103.4, 126.8, 138.8, 154.5, 165.1]","['NEAR', 'RAIL', 'NEAR', 'INSIDE', 'RAIL', 'NEAR', 'INSIDE', 'OUTSIDE', 'INSIDE', 'INSIDE', 'INSIDE', 'INSIDE']","[[0.54, 0.05, 1.26], [0.16, 0.58, 0.33], [1.54, 0.07, 1.85], [0.87, 1.22, 0.49], [0.26, 0.37, 0.9], [2.13, 0.23, 1.58], [2.39, 3.84, 1.44], [1.33, 0.22, 1.79], [12.83, 4.59, 1.27], [8.56, 3.96, 0.7], [2.99, 4.66, 0.65], [3.0, 4.62, 0.82]]","[231, 145, 235, 223, 165, 205, 207, 222, 195, 204, 190, 228]",18.6
369,1788358480741605041,307200,86160,12,11,154.5,"[28.2, 29.8, 30.4, 30.8, 82.4, 91.1, 103.2, 125.3, 138.8, 148.4, 154.5]","['NEAR', 'NEAR', 'RAIL', 'INSIDE', 'RAIL', 'INSIDE', 'OUTSIDE', 'INSIDE', 'INSIDE', 'RAIL', 'INSIDE']","[[0.58, 0.05, 1.26], [1.63, 0.06, 1.85], [0.18, 0.52, 0.33], [0.88, 1.22, 0.49], [0.24, 0.38, 0.9], [4.61, 4.2, 1.9], [0.88, 0.36, 0.92], [9.87, 4.45, 1.27], [8.53, 4.21, 0.7], [0.06, 0.26, 0.22], [3.0, 4.66, 0.65]]","[231, 235, 145, 223, 165, 207, 222, 195, 204, 211, 190]",13.2
370,1788358480849710734,307200,86204,13,11,165.1,"[28.2, 30.4, 30.9, 82.4, 84.1, 91.1, 103.2, 126.8, 138.8, 154.5, 165.1]","['NEAR', 'RAIL', 'INSIDE', 'RAIL', 'INSIDE', 'INSIDE', 'OUTSIDE', 'INSIDE', 'INSIDE', 'INSIDE', 'INSIDE']","[[0.55, 0.05, 1.26], [0.19, 0.52, 0.34], [0.96, 1.22, 0.49], [0.25, 0.23, 0.9], [3.49, 4.59, 2.37], [4.51, 4.2, 1.65], [0.88, 0.36, 0.92], [12.86, 4.55, 0.99], [8.57, 4.56, 0.7], [2.99, 4.66, 0.65], [2.97, 4.35, 0.36]]","[231, 145, 223, 165, 232, 207, 222, 195, 204, 190, 228]",13.6
371,1788358480942063602,307200,86115,9,9,165.1,"[30.4, 82.4, 82.7, 91.4, 103.2, 126.6, 138.7, 154.5, 165.1]","['RAIL', 'RAIL', 'INSIDE', 'INSIDE', 'OUTSIDE', 'INSIDE', 'INSIDE', 'INSIDE', 'INSIDE']","[[0.17, 0.58, 0.33], [0.18, 0.23, 0.9], [0.73, 4.53, 2.37], [3.12, 4.2, 2.27], [0.86, 0.31, 0.92], [7.26, 4.45, 0.86], [8.52, 3.97, 0.7], [2.99, 4.63, 0.65], [2.95, 4.35, 0.36]]","[145, 165, 232, 207, 222, 195, 204, 190, 228]",13.5
372,1788358481043241148,307200,86161,13,12,165.8,"[25.2, 28.2, 30.4, 30.7, 31.0, 82.4, 91.6, 103.2, 126.7, 138.8, 154.6, 165.8]","['INSIDE', 'NEAR', 'RAIL', 'INSIDE', 'NEAR', 'RAIL', 'INSIDE', 'OUTSIDE', 'INSIDE', 'INSIDE', 'INSIDE', 'INSIDE']","[[0.9, 1.73, 0.09], [0.54, 0.05, 1.26], [0.19, 0.53, 0.33], [0.66, 1.22, 0.49], [3.43, 0.13, 1.94], [0.22, 0.24, 0.9], [3.49, 4.2, 2.27], [0.88, 0.2, 0.92], [12.89, 4.55, 1.26], [8.59, 4.22, 0.7], [3.0, 4.66, 0.65], [4.37, 4.34, 0.37]]","[231, 235, 145, 223, 242, 165, 207, 222, 195, 204, 190, 228]",15.0
373,1788358481150468111,307200,86171,17,14,165.8,"[28.2, 29.8, 30.4, 30.9, 82.4, 82.7, 90.0, 92.2, 103.2, 126.6, 138.8, 148.4, 154.5, 165.8]","['NEAR', 'RAIL', 'NEAR', 'INSIDE', 'RAIL', 'INSIDE', 'NEAR', 'INSIDE', 'OUTSIDE', 'INSIDE', 'INSIDE', 'RAIL', 'INSIDE', 'INSIDE']","[[0.55, 0.06, 1.26], [0.19, 0.53, 0.27], [1.59, 0.06, 1.85], [0.94, 1.22, 0.49], [0.23, 0.37, 0.9], [0.78, 4.53, 2.37], [2.16, 0.23, 1.59], [2.42, 3.84, 1.44], [0.9, 0.36, 0.92], [7.27, 4.45, 1.13], [8.56, 4.21, 0.7], [0.04, 0.26, 0.22], [2.99, 4.66, 0.65], [4.33, 4.35, 0.37]]","[235, 145, 242, 223, 165, 232, 205, 207, 222, 195, 204, 211, 190, 228]",16.6
374,1788358481243205808,307200,86180,16,11,165.1,"[28.2, 30.4, 30.9, 82.4, 82.7, 91.1, 98.2, 126.8, 138.8, 154.5, 165.1]","['NEAR', 'RAIL', 'INSIDE', 'RAIL', 'INSIDE', 'INSIDE', 'INSIDE', 'INSIDE', 'INSIDE', 'INSIDE', 'INSIDE']","[[0.58, 0.06, 1.26], [0.2, 0.52, 0.33], [0.95, 1.22, 0.49], [0.2, 0.23, 0.9], [0.7, 4.59, 2.37], [4.56, 4.19, 2.27], [2.28, 4.13, 1.76], [12.85, 4.55, 1.26], [8.57, 4.22, 0.7], [3.02, 4.66, 0.65], [2.96, 3.77, 0.36]]","[235, 145, 223, 165, 232, 207, 222, 195, 204, 190, 228]",15.2
375,1788358481340356727,307200,86194,10,8,165.1,"[30.5, 82.4, 82.7, 90.0, 126.8, 138.8, 154.5, 165.1]","['RAIL', 'RAIL', 'INSIDE', 'NEAR', 'INSIDE', 'INSIDE', 'INSIDE', 'INSIDE']","[[0.14, 0.53, 0.33], [0.19, 0.23, 0.9], [0.68, 4.59, 2.37], [2.08, 0.23, 2.2], [12.9, 4.55, 0.99], [8.63, 4.33, 0.7], [2.97, 4.66, 0.65], [2.91, 4.06, 0.36]]","[145, 165, 232, 205, 195, 204, 190, 228]",13.4
376,1788358481446567637,307200,86137,13,9,165.2,"[28.2, 30.4, 30.8, 82.4, 92.3, 125.3, 138.8, 154.5, 165.2]","['NEAR', 'RAIL', 'INSIDE', 'RAIL', 'INSIDE', 'INSIDE', 'INSIDE', 'INSIDE', 'INSIDE']","[[0.54, 0.05, 1.26], [0.18, 0.52, 0.33], [0.87, 1.22, 0.49], [0.2, 0.23, 0.9], [2.24, 4.17, 1.44], [9.84, 4.45, 1.26], [8.55, 4.33, 1.36], [2.97, 4.66, 0.65], [2.99, 4.35, 0.36]]","[235, 145, 223, 165, 207, 195, 204, 190, 228]",14.0
377,1788358481554560165,307200,86164,10,8,165.2,"[30.4, 82.4, 82.7, 91.6, 126.8, 138.8, 154.5, 165.2]","['RAIL', 'RAIL', 'INSIDE', 'INSIDE', 'INSIDE', 'INSIDE', 'INSIDE', 'INSIDE']","[[0.2, 0.53, 0.33], [0.2, 0.24, 0.9], [0.69, 4.59, 2.37], [3.51, 4.2, 1.46], [12.96, 4.55, 1.01], [8.54, 4.45, 0.7], [3.01, 4.66, 0.65], [2.9, 4.35, 0.36]]","[145, 165, 232, 207, 195, 204, 190, 228]",13.3
378,1788358481639096708,307200,86163,15,11,165.8,"[28.2, 30.4, 30.9, 82.4, 82.7, 91.6, 126.8, 138.8, 148.4, 154.5, 165.8]","['NEAR', 'RAIL', 'INSIDE', 'RAIL', 'INSIDE', 'INSIDE', 'INSIDE', 'INSIDE', 'RAIL', 'INSIDE', 'INSIDE']","[[0.55, 0.05, 1.26], [0.2, 0.53, 0.33], [0.97, 1.22, 0.49], [0.23, 0.23, 0.9], [0.77, 4.53, 2.37], [3.45, 4.2, 2.27], [12.95, 4.55, 1.01], [8.56, 4.22, 0.7], [0.05, 0.26, 0.22], [3.03, 4.66, 0.65], [4.31, 4.06, 0.37]]","[235, 145, 223, 165, 232, 207, 195, 204, 211, 190, 228]",13.1
379,1788358481760808002,307200,86240,13,11,165.8,"[28.2, 30.4, 30.8, 82.4, 83.1, 91.1, 126.8, 138.8, 148.4, 154.5, 165.8]","['NEAR', 'RAIL', 'INSIDE', 'RAIL', 'INSIDE', 'INSIDE', 'INSIDE', 'INSIDE', 'RAIL', 'INSIDE', 'INSIDE']","[[0.56, 0.06, 1.26], [0.17, 0.58, 0.33], [0.91, 1.22, 0.49], [0.21, 0.23, 0.9], [1.58, 4.53, 2.37], [4.36, 4.19, 2.27], [12.97, 4.55, 1.26], [8.6, 4.21, 0.7], [0.03, 0.26, 0.22], [2.99, 4.66, 0.65], [4.27, 4.06, 0.37]]","[235, 145, 223, 165, 232, 207, 195, 204, 211, 190, 228]",13.3
380,1788358481841998503,307200,86208,13,11,154.6,"[28.2, 30.4, 30.9, 82.4, 82.7, 89.9, 92.2, 103.2, 126.8, 138.8, 154.6]","['NEAR', 'RAIL', 'INSIDE', 'RAIL', 'INSIDE', 'NEAR', 'INSIDE', 'OUTSIDE', 'INSIDE', 'INSIDE', 'INSIDE']","[[0.57, 0.05, 1.26], [0.2, 0.53, 0.27], [0.95, 1.22, 0.49], [0.21, 0.37, 0.9], [0.67, 4.44, 2.37], [2.16, 0.23, 2.2], [2.42, 3.84, 1.44], [0.89, 0.31, 0.92], [12.98, 4.55, 1.26], [8.56, 4.47, 0.7], [3.05, 4.66, 0.65]]","[235, 145, 223, 165, 232, 205, 207, 233, 195, 204, 190]",13.6
381,1788358481942145250,307200,86142,12,12,165.9,"[30.4, 30.8, 82.4, 82.7, 90.2, 93.1, 103.2, 126.8, 138.8, 148.4, 154.5, 165.9]","['RAIL', 'INSIDE', 'RAIL', 'INSIDE', 'INSIDE', 'OUTSIDE', 'OUTSIDE', 'INSIDE', 'INSIDE', 'RAIL', 'INSIDE', 'INSIDE']","[[0.17, 0.58, 0.33], [0.94, 1.22, 0.49], [0.23, 0.23, 0.9], [0.76, 4.67, 2.37], [2.67, 4.2, 2.24], [0.64, 1.32, 1.44], [0.93, 0.36, 0.92], [12.95, 4.55, 1.27], [8.53, 4.33, 0.7], [0.04, 0.26, 0.22], [3.04, 4.66, 0.65], [4.35, 4.06, 0.37]]","[145, 223, 165, 232, 205, 207, 233, 195, 204, 211, 190, 228]",13.8
382,1788358482038814989,307200,86249,12,10,165.2,"[30.4, 30.8, 82.4, 83.1, 89.9, 103.2, 125.3, 138.8, 154.5, 165.2]","['RAIL', 'INSIDE', 'RAIL', 'INSIDE', 'NEAR', 'OUTSIDE', 'INSIDE', 'INSIDE', 'INSIDE', 'INSIDE']","[[0.21, 0.53, 0.33], [0.92, 1.22, 0.49], [0.22, 0.38, 0.9], [1.6, 4.53, 2.37], [2.08, 0.22, 1.58], [0.88, 0.36, 0.92], [9.88, 4.45, 1.01], [8.53, 3.97, 0.7], [3.0, 4.66, 0.65], [2.97, 4.35, 0.36]]","[145, 223, 165, 232, 205, 233, 195, 204, 190, 228]",12.4
383,1788358482149949394,307200,86185,11,10,154.5,"[28.2, 30.4, 30.9, 82.4, 82.7, 91.2, 103.2, 126.8, 138.8, 154.5]","['NEAR', 'RAIL', 'INSIDE', 'RAIL', 'INSIDE', 'INSIDE', 'OUTSIDE', 'INSIDE', 'INSIDE', 'INSIDE']","[[0.56, 0.06, 1.26], [0.18, 0.58, 0.33], [1.04, 1.22, 0.49], [0.25, 0.24, 0.9], [0.68, 4.71, 2.37], [4.34, 4.2, 2.27], [0.86, 0.36, 0.92], [13.0, 4.55, 1.26], [8.57, 4.22, 0.7], [3.0, 4.66, 0.65]]","[235, 145, 223, 165, 232, 207, 233, 195, 204, 190]",12.8
384,1788358482243923449,307200,86181,14,11,165.2,"[28.2, 30.4, 30.9, 82.4, 91.1, 103.2, 126.8, 138.8, 148.4, 154.5, 165.2]","['NEAR', 'RAIL', 'INSIDE', 'RAIL', 'INSIDE', 'OUTSIDE', 'INSIDE', 'INSIDE', 'RAIL', 'INSIDE', 'INSIDE']","[[0.56, 0.05, 1.26], [0.18, 0.53, 0.33], [1.0, 1.22, 0.49], [0.21, 0.24, 0.9], [4.53, 4.22, 1.9], [0.89, 0.36, 0.92], [13.02, 4.56, 1.26], [8.57, 4.21, 0.7], [0.04, 0.26, 0.22], [3.0, 4.66, 0.65], [2.96, 4.35, 0.36]]","[235, 145, 223, 165, 207, 233, 195, 204, 211, 190, 228]",13.6
385,1788358482349103354,307200,86186,14,12,165.2,"[28.2, 30.4, 30.9, 82.4, 83.1, 89.9, 92.2, 103.2, 126.5, 138.7, 154.5, 165.2]","['NEAR', 'RAIL', 'INSIDE', 'RAIL', 'INSIDE', 'NEAR', 'INSIDE', 'OUTSIDE', 'INSIDE', 'INSIDE', 'INSIDE', 'INSIDE']","[[0.52, 0.05, 1.26], [0.21, 0.53, 0.33], [0.95, 1.22, 0.49], [0.21, 0.37, 0.9], [1.56, 4.53, 2.37], [2.09, 0.23, 2.2], [2.51, 3.84, 1.44], [0.88, 0.2, 0.92], [7.27, 4.45, 0.86], [8.52, 4.21, 0.7], [2.97, 4.39, 0.65], [2.96, 3.19, 0.36]]","[235, 145, 223, 165, 232, 205, 207, 233, 195, 204, 190, 228]",14.8
386,1788358482453001780,307200,86199,14,12,165.1,"[28.2, 30.5, 30.8, 82.4, 82.8, 91.6, 103.4, 126.8, 138.8, 148.4, 154.5, 165.1]","['NEAR', 'RAIL', 'INSIDE', 'RAIL', 'INSIDE', 'INSIDE', 'OUTSIDE', 'INSIDE', 'INSIDE', 'RAIL', 'INSIDE', 'INSIDE']","[[0.56, 0.05, 1.26], [0.13, 0.53, 0.33], [0.84, 1.22, 0.49], [0.2, 0.23, 0.9], [0.68, 4.59, 2.37], [3.5, 4.2, 2.27], [1.21, 0.22, 1.79], [12.96, 4.55, 1.26], [8.58, 4.33, 1.36], [0.04, 0.26, 0.22], [3.01, 4.66, 0.65], [2.95, 4.35, 0.36]]","[235, 145, 223, 165, 232, 207, 233, 195, 204, 211, 190, 228]",14.5
387,1788358482561159749,307200,86171,12,10,154.5,"[28.3, 30.9, 82.4, 83.0, 90.4, 92.2, 103.2, 126.8, 138.8, 154.5]","['NEAR', 'INSIDE', 'RAIL', 'INSIDE', 'NEAR', 'INSIDE', 'OUTSIDE', 'INSIDE', 'INSIDE', 'INSIDE']","[[0.58, 0.05, 1.26], [0.94, 1.22, 0.49], [0.22, 0.38, 0.9], [1.37, 4.52, 2.37], [1.07, 0.18, 1.59], [2.43, 3.84, 1.44], [0.9, 0.31, 0.92], [12.77, 4.55, 1.27], [8.56, 4.47, 0.7], [3.01, 4.66, 0.65]]","[235, 223, 165, 232, 205, 207, 233, 195, 204, 190]",14.9
388,1788358482644320536,307200,86309,11,9,165.8,"[30.4, 30.9, 82.4, 90.8, 103.2, 128.1, 138.8, 154.5, 165.8]","['RAIL', 'INSIDE', 'RAIL', 'INSIDE', 'OUTSIDE', 'INSIDE', 'INSIDE', 'INSIDE', 'INSIDE']","[[0.12, 0.53, 0.33], [0.94, 1.22, 0.49], [0.22, 0.24, 0.9], [5.16, 4.09, 1.9], [0.86, 0.2, 0.92], [10.31, 4.59, 1.5], [8.56, 3.96, 0.7], [2.96, 4.66, 0.65], [4.28, 4.35, 0.37]]","[145, 223, 165, 207, 233, 195, 204, 190, 228]",13.9
389,1788358482748389320,307200,86216,15,11,165.1,"[25.9, 30.4, 82.4, 82.8, 89.9, 92.2, 103.4, 126.0, 138.8, 154.5, 165.1]","['RAIL', 'RAIL', 'RAIL', 'INSIDE', 'NEAR', 'INSIDE', 'OUTSIDE', 'INSIDE', 'INSIDE', 'INSIDE', 'INSIDE']","[[0.26, 0.19, 0.12], [0.21, 0.53, 0.33], [0.2, 0.24, 0.9], [0.65, 4.44, 2.37], [2.15, 0.23, 1.59], [2.45, 3.84, 1.44], [1.37, 0.31, 1.79], [8.44, 4.45, 0.86], [8.55, 4.22, 0.7], [2.97, 4.66, 0.65], [2.95, 4.35, 0.36]]","[235, 145, 165, 232, 205, 207, 233, 195, 204, 190, 228]",13.3
390,1788358482856200132,307200,86249,12,10,165.8,"[30.4, 30.9, 82.4, 82.7, 91.1, 103.2, 125.3, 138.8, 154.5, 165.8]","['RAIL', 'INSIDE', 'RAIL', 'INSIDE', 'INSIDE', 'OUTSIDE', 'INSIDE', 'INSIDE', 'INSIDE', 'INSIDE']","[[0.18, 0.52, 0.33], [0.96, 1.22, 0.49], [0.24, 0.38, 0.9], [0.88, 4.67, 2.37], [4.57, 4.2, 1.9], [0.88, 0.2, 0.92], [9.8, 4.44, 1.26], [8.61, 4.22, 0.7], [3.0, 4.66, 0.65], [4.35, 4.35, 0.37]]","[145, 223, 165, 232, 207, 233, 195, 204, 190, 228]",14.0
391,1788358482945803008,307200,86197,11,9,165.8,"[30.9, 82.4, 82.8, 91.2, 103.2, 126.8, 148.4, 154.5, 165.8]","['INSIDE', 'RAIL', 'INSIDE', 'INSIDE', 'OUTSIDE', 'INSIDE', 'RAIL', 'INSIDE', 'INSIDE']","[[0.97, 1.22, 0.49], [0.19, 0.14, 0.9], [0.65, 4.41, 2.37], [4.4, 4.09, 2.27], [0.92, 0.31, 0.92], [12.97, 4.55, 1.26], [0.04, 0.26, 0.22], [2.99, 4.66, 0.65], [4.36, 3.77, 0.37]]","[223, 165, 232, 207, 233, 195, 211, 190, 228]",14.9
392,1788358483047759942,307200,86148,15,13,165.2,"[28.2, 30.4, 30.8, 82.4, 83.1, 89.9, 92.2, 103.2, 127.5, 138.8, 148.4, 154.5, 165.2]","['NEAR', 'RAIL', 'INSIDE', 'RAIL', 'INSIDE', 'NEAR', 'INSIDE', 'OUTSIDE', 'INSIDE', 'INSIDE', 'RAIL', 'INSIDE', 'INSIDE']","[[0.52, 0.05, 1.26], [0.2, 0.53, 0.33], [0.82, 1.22, 0.49], [0.21, 0.38, 0.9], [1.46, 4.43, 2.37], [2.03, 0.18, 2.2], [2.45, 3.84, 1.44], [0.89, 0.2, 0.92], [11.46, 4.67, 0.86], [8.65, 4.45, 1.36], [0.05, 0.26, 0.22], [2.95, 4.66, 0.65], [2.96, 4.35, 0.36]]","[244, 145, 223, 165, 232, 205, 207, 233, 195, 204, 211, 190, 228]",14.3
393,1788358483150707130,307200,86202,11,10,165.9,"[30.4, 30.9, 82.4, 82.7, 90.7, 103.4, 127.5, 138.8, 154.5, 165.9]","['RAIL', 'INSIDE', 'RAIL', 'INSIDE', 'INSIDE', 'OUTSIDE', 'INSIDE', 'INSIDE', 'INSIDE', 'INSIDE']","[[0.17, 0.57, 0.33], [0.99, 1.22, 0.49], [0.23, 0.24, 0.9], [0.74, 4.67, 2.37], [1.72, 3.88, 2.24], [1.33, 0.22, 1.79], [11.44, 4.55, 1.13], [8.55, 4.32, 1.36], [3.01, 4.66, 0.65], [4.4, 3.77, 0.37]]","[145, 223, 165, 232, 207, 233, 195, 204, 190, 228]",14.0
394,1788358483244515724,307200,86149,13,11,165.1,"[28.2, 30.5, 30.9, 82.4, 82.7, 91.2, 103.2, 126.9, 138.8, 154.5, 165.1]","['NEAR', 'RAIL', 'INSIDE', 'RAIL', 'INSIDE', 'INSIDE', 'OUTSIDE', 'INSIDE', 'INSIDE', 'INSIDE', 'INSIDE']","[[0.57, 0.05, 1.26], [0.12, 0.52, 0.33], [0.96, 1.22, 0.49], [0.25, 0.37, 0.9], [0.78, 4.73, 2.37], [4.55, 4.19, 1.9], [0.92, 0.2, 0.92], [12.8, 4.55, 1.27], [8.61, 4.22, 0.7], [2.95, 4.66, 0.65], [2.97, 4.35, 0.36]]","[244, 145, 223, 165, 232, 207, 233, 195, 204, 190, 228]",13.9
395,1788358483350513337,307200,86222,13,11,165.8,"[28.7, 30.4, 30.8, 82.4, 90.9, 103.2, 127.5, 138.8, 148.4, 154.5, 165.8]","['NEAR', 'RAIL', 'INSIDE', 'RAIL', 'INSIDE', 'OUTSIDE', 'INSIDE', 'INSIDE', 'RAIL', 'INSIDE', 'INSIDE']","[[1.4, 0.05, 1.27], [0.16, 0.57, 0.33], [0.91, 1.22, 0.49], [0.24, 0.51, 0.9], [4.21, 4.09, 1.65], [0.9, 0.31, 0.92], [11.46, 4.55, 1.13], [8.54, 4.32, 0.7], [0.03, 0.26, 0.22], [2.95, 4.66, 0.65], [4.34, 3.77, 0.37]]","[244, 145, 223, 165, 207, 233, 195, 204, 211, 190, 228]",11.9
396,1788358483442630824,307200,86253,18,13,165.8,"[28.7, 30.4, 30.9, 82.4, 82.7, 89.9, 94.5, 103.2, 126.0, 138.8, 148.4, 154.5, 165.8]","['NEAR', 'RAIL', 'INSIDE', 'RAIL', 'INSIDE', 'NEAR', 'NEAR', 'OUTSIDE', 'INSIDE', 'INSIDE', 'RAIL', 'INSIDE', 'INSIDE']","[[1.44, 0.05, 1.27], [0.17, 0.58, 0.33], [1.0, 1.22, 0.49], [0.22, 0.24, 0.9], [0.65, 4.45, 2.37], [2.02, 0.23, 2.21], [0.8, 0.22, 0.62], [0.88, 0.2, 0.92], [8.41, 4.45, 0.86], [8.53, 4.47, 0.7], [0.03, 0.26, 0.22], [3.0, 4.66, 0.65], [4.33, 4.06, 0.37]]","[244, 145, 223, 165, 232, 205, 207, 233, 195, 204, 211, 190, 228]",13.3
397,1788358483554292737,307200,86252,13,11,165.8,"[30.4, 30.9, 82.4, 82.8, 94.5, 103.4, 126.8, 138.8, 148.4, 154.5, 165.8]","['RAIL', 'INSIDE', 'RAIL', 'INSIDE', 'NEAR', 'OUTSIDE', 'INSIDE', 'INSIDE', 'RAIL', 'INSIDE', 'INSIDE']","[[0.19, 0.53, 0.33], [0.96, 1.22, 0.49], [0.27, 0.39, 0.9], [0.67, 4.44, 2.37], [0.79, 0.15, 0.62], [1.25, 0.22, 1.79], [12.98, 4.55, 1.63], [8.56, 4.22, 0.7], [0.03, 0.26, 0.22], [2.98, 4.66, 0.65], [4.28, 4.06, 0.37]]","[145, 223, 165, 232, 207, 233, 195, 204, 211, 190, 228]",13.0
398,1788358483652030170,307200,86283,13,11,165.8,"[28.2, 30.9, 82.4, 90.4, 92.1, 103.2, 126.8, 138.8, 148.4, 154.5, 165.8]","['NEAR', 'INSIDE', 'RAIL', 'NEAR', 'INSIDE', 'OUTSIDE', 'INSIDE', 'INSIDE', 'RAIL', 'INSIDE', 'INSIDE']","[[0.54, 0.05, 1.26], [0.93, 1.22, 0.49], [0.23, 0.24, 0.9], [1.04, 0.22, 1.58], [2.54, 3.84, 1.44], [0.91, 0.2, 0.92], [12.97, 4.55, 1.01], [8.56, 4.33, 1.36], [0.05, 0.26, 0.22], [2.97, 4.66, 0.65], [4.35, 4.35, 0.37]]","[244, 223, 165, 205, 243, 233, 195, 204, 211, 190, 228]",13.0
399,1788358483742493750,307200,86235,13,11,165.8,"[30.4, 30.9, 82.4, 82.7, 91.1, 103.2, 127.5, 138.8, 148.4, 154.5, 165.8]","['RAIL', 'INSIDE', 'RAIL', 'INSIDE', 'INSIDE', 'OUTSIDE', 'INSIDE', 'INSIDE', 'RAIL', 'INSIDE', 'INSIDE']","[[0.17, 0.58, 0.33], [0.96, 1.22, 0.49], [0.26, 0.37, 0.9], [0.72, 4.59, 2.37], [4.48, 4.19, 1.64], [0.89, 0.31, 0.92], [11.39, 4.55, 1.13], [8.57, 4.45, 1.36], [0.04, 0.26, 0.22], [2.99, 4.66, 0.65], [4.33, 4.06, 0.37]]","[145, 223, 165, 232, 243, 233, 195, 204, 211, 190, 228]",12.2
400,1788358483840653981,307200,86175,13,11,165.8,"[28.2, 30.4, 30.9, 82.4, 83.1, 90.2, 103.2, 128.0, 138.7, 154.5, 165.8]","['NEAR', 'RAIL', 'INSIDE', 'RAIL', 'INSIDE', 'INSIDE', 'OUTSIDE', 'INSIDE', 'INSIDE', 'INSIDE', 'INSIDE']","[[0.54, 0.05, 1.26], [0.17, 0.58, 0.27], [0.94, 1.22, 0.49], [0.23, 0.37, 0.9], [1.54, 4.53, 2.37], [2.74, 4.2, 2.24], [0.91, 0.36, 0.92], [10.03, 4.47, 1.5], [8.51, 4.45, 0.7], [3.02, 4.66, 0.65], [4.35, 4.35, 0.37]]","[244, 145, 223, 165, 232, 243, 233, 195, 204, 190, 228]",12.4
401,1788358483943260933,307200,86192,14,12,165.9,"[28.3, 30.5, 30.8, 82.4, 82.7, 91.2, 103.4, 127.4, 141.7, 148.4, 154.5, 165.9]","['NEAR', 'RAIL', 'INSIDE', 'RAIL', 'INSIDE', 'INSIDE', 'OUTSIDE', 'INSIDE', 'INSIDE', 'RAIL', 'INSIDE', 'INSIDE']","[[0.58, 0.05, 1.26], [0.12, 0.53, 0.33], [0.88, 1.22, 0.49], [0.24, 0.38, 0.9], [0.78, 4.67, 2.37], [4.31, 4.2, 1.9], [1.33, 0.31, 1.79], [14.12, 4.42, 1.26], [2.82, 4.18, 0.37], [0.04, 0.26, 0.22], [3.02, 4.66, 0.65], [4.35, 4.06, 0.37]]","[244, 145, 223, 165, 232, 243, 233, 195, 204, 211, 190, 228]",12.1
402,1788358484037223569,307200,86261,9,9,165.1,"[30.9, 82.4, 83.1, 91.7, 103.2, 125.3, 138.8, 154.5, 165.1]","['INSIDE', 'RAIL', 'INSIDE', 'INSIDE', 'OUTSIDE', 'INSIDE', 'INSIDE', 'INSIDE', 'INSIDE']","[[0.92, 1.22, 0.49], [0.25, 0.38, 0.9], [1.52, 4.53, 2.37], [3.47, 4.2, 1.64], [0.87, 0.36, 0.92], [9.83, 4.44, 1.26], [8.57, 4.47, 0.7], [2.94, 4.66, 0.65], [2.97, 4.06, 0.36]]","[223, 165, 232, 243, 233, 195, 204, 190, 228]",13.5
403,1788358484148892913,307200,86219,9,9,165.2,"[30.4, 30.9, 82.4, 82.7, 91.1, 103.2, 141.6, 154.5, 165.2]","['RAIL', 'INSIDE', 'RAIL', 'INSIDE', 'INSIDE', 'OUTSIDE', 'INSIDE', 'INSIDE', 'INSIDE']","[[0.2, 0.52, 0.33], [0.98, 1.17, 0.49], [0.25, 0.37, 0.9], [0.75, 4.53, 2.37], [4.56, 4.2, 2.24], [0.85, 0.2, 0.92], [2.76, 4.18, 1.36], [2.99, 4.66, 0.65], [2.94, 4.06, 0.36]]","[145, 223, 165, 232, 243, 233, 204, 190, 228]",13.0
404,1788358484241725819,307200,86255,10,10,165.2,"[30.9, 82.4, 82.7, 89.9, 94.5, 103.2, 126.8, 138.8, 154.5, 165.2]","['INSIDE', 'RAIL', 'INSIDE', 'NEAR', 'NEAR', 'OUTSIDE', 'INSIDE', 'INSIDE', 'INSIDE', 'INSIDE']","[[1.0, 1.21, 0.49], [0.22, 0.37, 0.9], [0.74, 4.53, 2.37], [2.12, 0.23, 1.58], [0.7, 0.17, 0.44], [0.92, 0.31, 0.92], [12.89, 4.55, 1.26], [8.55, 4.45, 0.7], [2.96, 4.66, 0.65], [3.0, 4.35, 0.36]]","[223, 165, 232, 205, 207, 233, 195, 204, 190, 228]",13.4
405,1788358484341113019,307200,86214,11,10,165.9,"[30.5, 30.9, 82.4, 82.7, 91.2, 103.2, 126.8, 138.8, 154.5, 165.9]","['RAIL', 'INSIDE', 'RAIL', 'INSIDE', 'INSIDE', 'OUTSIDE', 'INSIDE', 'INSIDE', 'INSIDE', 'INSIDE']","[[0.12, 0.52, 0.33], [1.03, 1.22, 0.49], [0.21, 0.38, 0.9], [0.7, 4.44, 2.37], [4.48, 4.19, 1.64], [0.9, 0.36, 0.92], [12.79, 4.55, 1.26], [8.57, 4.47, 0.7], [2.98, 4.66, 0.65], [4.35, 4.34, 0.37]]","[145, 223, 165, 232, 243, 233, 195, 204, 190, 228]",13.5
406,1788358484449670195,307200,86232,15,11,165.9,"[28.2, 30.4, 30.9, 82.4, 82.7, 91.2, 103.2, 126.8, 141.7, 154.5, 165.9]","['NEAR', 'RAIL', 'INSIDE', 'RAIL', 'INSIDE', 'INSIDE', 'OUTSIDE', 'INSIDE', 'INSIDE', 'INSIDE', 'INSIDE']","[[0.51, 0.05, 1.26], [0.18, 0.57, 0.33], [0.92, 1.22, 0.49], [0.2, 0.37, 0.9], [0.68, 4.73, 2.37], [4.39, 4.19, 1.64], [0.87, 0.2, 0.92], [12.89, 4.61, 0.99], [2.83, 4.33, 0.37], [3.03, 4.66, 0.65], [4.36, 4.34, 0.37]]","[244, 145, 223, 165, 232, 243, 233, 195, 204, 190, 228]",11.7
407,1788358484541043420,307200,86289,13,11,165.8,"[28.2, 30.5, 30.8, 82.4, 82.7, 91.6, 103.2, 126.7, 138.8, 154.5, 165.8]","['NEAR', 'RAIL', 'INSIDE', 'RAIL', 'INSIDE', 'INSIDE', 'OUTSIDE', 'INSIDE', 'INSIDE', 'INSIDE', 'INSIDE']","[[0.62, 0.05, 1.26], [0.12, 0.53, 0.33], [0.91, 1.22, 0.49], [0.19, 0.24, 0.9], [0.67, 4.43, 2.37], [3.52, 4.19, 1.46], [0.88, 0.36, 0.92], [12.91, 4.55, 1.01], [8.57, 4.33, 0.7], [3.0, 4.66, 0.65], [4.35, 4.06, 0.37]]","[244, 145, 223, 165, 232, 243, 233, 195, 204, 190, 228]",13.1
408,1788358484639004748,307200,86163,15,12,165.2,"[28.2, 30.5, 30.9, 82.4, 83.2, 91.1, 103.2, 125.3, 138.8, 148.4, 154.5, 165.2]","['NEAR', 'RAIL', 'INSIDE', 'RAIL', 'INSIDE', 'INSIDE', 'OUTSIDE', 'INSIDE', 'INSIDE', 'RAIL', 'INSIDE', 'INSIDE']","[[0.55, 0.06, 1.26], [0.14, 0.53, 0.33], [0.9, 1.22, 0.49], [0.23, 0.46, 0.9], [1.51, 4.44, 2.37], [4.55, 4.2, 1.65], [0.87, 0.2, 0.92], [9.88, 4.61, 0.99], [8.58, 4.22, 0.7], [0.03, 0.26, 0.22], [2.99, 4.66, 0.65], [2.97, 4.06, 0.36]]","[244, 145, 223, 165, 232, 243, 233, 195, 204, 211, 190, 228]",12.6
409,1788358484751209322,307200,86232,11,10,165.9,"[28.2, 30.4, 82.4, 83.1, 91.2, 103.2, 126.8, 138.8, 154.5, 165.9]","['NEAR', 'RAIL', 'RAIL', 'INSIDE', 'INSIDE', 'OUTSIDE', 'INSIDE', 'INSIDE', 'INSIDE', 'INSIDE']","[[0.55, 0.05, 1.26], [0.2, 0.53, 0.33], [0.25, 0.38, 0.9], [1.63, 4.53, 2.37], [4.17, 4.2, 1.65], [0.89, 0.36, 0.92], [12.84, 4.55, 1.26], [8.61, 4.21, 0.7], [2.99, 4.66, 0.65], [4.38, 4.35, 0.37]]","[244, 145, 165, 232, 243, 233, 195, 204, 190, 228]",13.5
410,1788358484839247177,307200,86208,14,13,165.1,"[28.2, 29.8, 30.4, 30.9, 82.4, 82.7, 91.1, 94.6, 103.2, 126.8, 141.6, 154.5, 165.1]","['NEAR', 'RAIL', 'NEAR', 'INSIDE', 'RAIL', 'INSIDE', 'INSIDE', 'NEAR', 'OUTSIDE', 'INSIDE', 'INSIDE', 'INSIDE', 'INSIDE']","[[0.54, 0.05, 1.26], [0.17, 0.58, 0.33], [1.5, 0.06, 1.85], [0.96, 1.22, 0.49], [0.19, 0.37, 0.9], [0.76, 4.53, 2.37], [4.53, 4.18, 2.27], [0.7, 0.17, 0.44], [0.87, 0.36, 0.92], [12.93, 4.55, 1.26], [2.76, 4.14, 1.36], [2.97, 4.66, 0.65], [2.96, 3.19, 0.36]]","[244, 145, 249, 223, 165, 232, 243, 207, 233, 195, 204, 190, 228]",12.3
411,1788358484937401499,307200,86168,14,13,165.2,"[28.2, 30.4, 30.9, 82.4, 82.7, 90.0, 92.2, 103.4, 125.3, 138.8, 148.4, 154.5, 165.2]","['NEAR', 'RAIL', 'INSIDE', 'RAIL', 'INSIDE', 'NEAR', 'INSIDE', 'OUTSIDE', 'INSIDE', 'INSIDE', 'RAIL', 'INSIDE', 'INSIDE']","[[0.56, 0.05, 1.26], [0.17, 0.53, 0.27], [0.99, 1.22, 0.49], [0.24, 0.23, 0.9], [0.75, 4.53, 2.37], [2.01, 0.18, 1.58], [2.51, 3.84, 1.44], [1.3, 0.22, 1.79], [9.91, 4.44, 1.26], [8.57, 4.47, 0.7], [0.04, 0.26, 0.22], [2.96, 4.66, 0.65], [2.95, 4.35, 0.36]]","[244, 145, 223, 165, 232, 205, 243, 233, 195, 204, 211, 190, 228]",11.8
412,1788358485041749437,307200,86216,12,12,165.8,"[28.2, 30.4, 30.9, 82.4, 82.7, 91.6, 103.2, 126.0, 138.0, 148.4, 154.5, 165.8]","['NEAR', 'RAIL', 'NEAR', 'RAIL', 'INSIDE', 'INSIDE', 'OUTSIDE', 'INSIDE', 'INSIDE', 'RAIL', 'INSIDE', 'INSIDE']","[[0.55, 0.05, 1.26], [0.19, 0.58, 0.27], [3.74, 0.13, 1.94], [0.18, 0.24, 0.9], [0.74, 4.67, 2.37], [3.54, 4.09, 2.27], [0.87, 0.36, 0.92], [8.41, 4.45, 0.88], [7.12, 4.22, 1.36], [0.03, 0.26, 0.22], [2.97, 4.66, 0.65], [4.31, 4.06, 0.37]]","[244, 145, 251, 165, 232, 243, 233, 195, 204, 211, 190, 228]",12.9
413,1788358485142648648,307200,86200,13,12,165.2,"[28.2, 29.8, 31.8, 82.4, 82.7, 90.5, 103.2, 128.1, 138.8, 148.4, 154.5, 165.2]","['NEAR', 'NEAR', 'NEAR', 'RAIL', 'INSIDE', 'NEAR', 'OUTSIDE', 'INSIDE', 'INSIDE', 'RAIL', 'INSIDE', 'INSIDE']","[[0.53, 0.05, 1.26], [1.49, 0.05, 1.85], [1.87, 0.12, 1.88], [0.23, 0.24, 0.9], [0.77, 4.53, 2.37], [1.1, 0.22, 1.4], [0.9, 0.31, 0.92], [10.3, 4.55, 1.13], [8.55, 4.22, 0.7], [0.03, 0.26, 0.22], [3.03, 4.66, 0.65], [2.97, 4.06, 0.36]]","[244, 249, 251, 165, 232, 205, 233, 195, 204, 211, 190, 228]",12.0
414,1788358485245855102,307200,86252,13,13,165.8,"[28.2, 30.4, 30.9, 30.9, 82.4, 82.8, 91.2, 103.2, 126.8, 138.8, 148.4, 154.5, 165.8]","['NEAR', 'RAIL', 'INSIDE', 'NEAR', 'RAIL', 'INSIDE', 'INSIDE', 'OUTSIDE', 'INSIDE', 'INSIDE', 'RAIL', 'INSIDE', 'INSIDE']","[[0.57, 0.05, 1.26], [0.19, 0.53, 0.27], [0.96, 1.22, 0.49], [3.81, 0.12, 1.94], [0.22, 0.38, 0.9], [0.67, 4.44, 2.37], [4.5, 4.18, 1.64], [0.91, 0.2, 0.92], [12.96, 4.55, 1.26], [8.6, 4.21, 0.7], [0.07, 0.34, 0.22], [2.96, 4.66, 0.65], [4.31, 4.35, 0.37]]","[244, 145, 223, 251, 165, 232, 243, 233, 195, 204, 211, 190, 228]",11.8
415,1788358485341639803,307200,86214,10,9,165.9,"[30.8, 31.8, 82.4, 91.7, 103.2, 125.3, 138.8, 154.5, 165.9]","['INSIDE', 'NEAR', 'RAIL', 'INSIDE', 'OUTSIDE', 'INSIDE', 'INSIDE', 'INSIDE', 'INSIDE']","[[0.87, 1.22, 0.49], [1.87, 0.11, 1.88], [0.22, 0.37, 0.9], [3.51, 4.19, 2.27], [0.87, 0.36, 0.92], [9.87, 4.45, 1.01], [8.61, 4.33, 0.7], [2.99, 4.66, 0.65], [4.39, 3.77, 0.37]]","[223, 251, 165, 243, 233, 195, 204, 190, 228]",13.3
416,1788358485447365390,307200,86240,11,11,165.2,"[30.4, 30.9, 31.8, 82.4, 90.5, 92.2, 103.2, 126.7, 138.8, 154.6, 165.2]","['RAIL', 'INSIDE', 'NEAR', 'RAIL', 'NEAR', 'INSIDE', 'OUTSIDE', 'INSIDE', 'INSIDE', 'INSIDE', 'INSIDE']","[[0.2, 0.53, 0.33], [0.94, 1.22, 0.49], [1.83, 0.12, 1.88], [0.22, 0.23, 0.9], [1.13, 0.24, 2.2], [2.33, 3.84, 1.44], [0.89, 0.31, 0.92], [12.77, 4.47, 1.63], [8.54, 4.22, 0.7], [3.06, 4.66, 0.65], [2.98, 4.35, 0.36]]","[145, 223, 251, 165, 205, 243, 233, 195, 204, 190, 228]",14.9
417,1788358485545256018,307200,86202,12,11,165.8,"[28.2, 30.4, 30.9, 30.9, 82.4, 82.7, 91.1, 94.5, 103.2, 154.5, 165.8]","['NEAR', 'RAIL', 'INSIDE', 'NEAR', 'RAIL', 'INSIDE', 'INSIDE', 'NEAR', 'OUTSIDE', 'INSIDE', 'INSIDE']","[[0.55, 0.05, 1.26], [0.22, 0.53, 0.27], [1.03, 1.22, 0.25], [3.79, 0.12, 1.94], [0.2, 0.24, 0.9], [0.81, 4.53, 2.37], [4.51, 4.16, 1.61], [0.75, 0.22, 0.62], [0.89, 0.2, 0.92], [2.96, 4.66, 0.65], [4.3, 4.35, 0.37]]","[244, 145, 223, 251, 165, 232, 243, 207, 233, 190, 228]",13.1
418,1788358485653348616,307200,86278,14,12,165.8,"[28.7, 29.9, 30.4, 31.9, 82.4, 83.1, 89.9, 103.2, 126.8, 138.8, 154.5, 165.8]","['NEAR', 'RAIL', 'NEAR', 'NEAR', 'RAIL', 'INSIDE', 'NEAR', 'OUTSIDE', 'INSIDE', 'INSIDE', 'INSIDE', 'INSIDE']","[[1.42, 0.05, 1.27], [0.2, 0.53, 0.33], [1.19, 0.06, 1.85], [1.85, 0.12, 1.88], [0.24, 0.38, 0.9], [1.46, 4.44, 2.37], [1.99, 0.22, 1.84], [0.89, 0.36, 0.92], [12.91, 4.55, 1.27], [8.57, 4.33, 0.7], [2.93, 4.66, 0.65], [4.32, 4.34, 0.37]]","[244, 145, 249, 251, 165, 232, 205, 233, 195, 204, 190, 228]",11.9
419,1788358485742039434,307200,86209,10,10,165.2,"[30.9, 31.9, 82.4, 82.7, 91.2, 103.4, 125.3, 141.7, 154.5, 165.2]","['INSIDE', 'NEAR', 'RAIL', 'INSIDE', 'INSIDE', 'OUTSIDE', 'INSIDE', 'INSIDE', 'INSIDE', 'INSIDE']","[[0.94, 1.22, 0.49], [1.87, 0.12, 1.89], [0.24, 0.24, 0.9], [0.76, 4.53, 2.37], [4.38, 4.19, 1.64], [1.3, 0.31, 1.79], [9.88, 4.61, 1.26], [2.77, 4.41, 0.37], [2.99, 4.66, 0.65], [2.98, 4.06, 0.36]]","[223, 251, 165, 232, 243, 233, 195, 204, 190, 228]",12.2
420,1788358485846901589,307200,86287,11,11,165.1,"[30.5, 30.9, 31.8, 82.4, 82.7, 89.9, 103.1, 126.8, 138.8, 154.5, 165.1]","['RAIL', 'INSIDE', 'NEAR', 'RAIL', 'INSIDE', 'NEAR', 'OUTSIDE', 'INSIDE', 'INSIDE', 'INSIDE', 'INSIDE']","[[0.17, 0.58, 0.33], [1.02, 1.22, 0.49], [1.84, 0.12, 1.88], [0.21, 0.23, 0.9], [0.75, 4.53, 2.37], [2.14, 0.23, 1.84], [0.78, 0.36, 0.64], [12.91, 4.56, 1.26], [8.56, 4.22, 0.7], [3.0, 4.66, 0.65], [2.97, 4.35, 0.36]]","[145, 223, 251, 165, 232, 205, 233, 195, 204, 190, 228]",13.7
421,1788358485946923949,307200,86176,17,15,165.2,"[25.2, 28.2, 30.4, 30.9, 30.9, 82.4, 82.8, 90.0, 93.1, 103.2, 126.8, 138.8, 148.4, 154.5, 165.2]","['INSIDE', 'NEAR', 'RAIL', 'INSIDE', 'NEAR', 'RAIL', 'INSIDE', 'NEAR', 'OUTSIDE', 'OUTSIDE', 'INSIDE', 'INSIDE', 'RAIL', 'INSIDE', 'INSIDE']","[[0.79, 1.07, 0.08], [0.53, 0.05, 1.26], [0.2, 0.52, 0.33], [1.02, 1.22, 0.49], [3.76, 0.13, 1.94], [0.2, 0.23, 0.9], [0.69, 4.59, 2.37], [2.01, 0.22, 2.2], [0.62, 1.32, 1.44], [0.9, 0.36, 0.92], [12.91, 4.55, 1.26], [8.59, 4.22, 0.7], [0.05, 0.26, 0.22], [2.98, 4.39, 0.65], [2.99, 4.06, 0.36]]","[244, 249, 145, 223, 251, 165, 232, 205, 243, 233, 195, 204, 211, 190, 228]",12.1
422,1788358486050761844,307200,86147,14,13,165.8,"[25.9, 28.2, 30.4, 30.7, 30.9, 82.4, 82.7, 91.6, 103.2, 126.8, 138.8, 154.5, 165.8]","['RAIL', 'NEAR', 'RAIL', 'INSIDE', 'NEAR', 'RAIL', 'INSIDE', 'INSIDE', 'OUTSIDE', 'INSIDE', 'INSIDE', 'INSIDE', 'INSIDE']","[[0.27, 0.19, 0.12], [0.56, 0.05, 1.26], [0.21, 0.53, 0.33], [0.66, 1.22, 0.49], [3.8, 0.13, 1.94], [0.2, 0.24, 0.9], [0.68, 4.73, 2.37], [3.49, 4.2, 2.27], [0.9, 0.2, 0.92], [12.89, 4.55, 0.99], [8.63, 4.45, 0.7], [2.98, 4.66, 0.65], [4.39, 4.35, 0.37]]","[244, 249, 145, 223, 251, 165, 232, 243, 233, 195, 204, 190, 228]",12.4
423,1788358486150684197,307200,86199,15,13,165.1,"[28.2, 29.8, 30.5, 30.9, 82.4, 83.1, 90.4, 92.2, 103.2, 125.3, 138.8, 154.5, 165.1]","['NEAR', 'NEAR', 'RAIL', 'INSIDE', 'RAIL', 'INSIDE', 'NEAR', 'INSIDE', 'OUTSIDE', 'INSIDE', 'INSIDE', 'INSIDE', 'INSIDE']","[[0.52, 0.05, 1.26], [1.53, 0.07, 1.85], [0.12, 0.53, 0.33], [0.95, 1.22, 0.49], [0.24, 0.38, 0.9], [1.5, 4.53, 2.37], [1.1, 0.18, 1.59], [2.46, 3.84, 1.44], [0.83, 0.2, 0.92], [9.73, 4.44, 1.26], [8.58, 4.22, 0.7], [2.97, 4.66, 0.65], [2.96, 4.06, 0.36]]","[249, 251, 145, 223, 165, 232, 205, 243, 233, 195, 204, 190, 228]",11.9
424,1788358486251350775,307200,86190,16,13,165.2,"[28.2, 30.4, 30.9, 82.4, 82.7, 89.9, 92.2, 98.2, 103.2, 127.6, 138.8, 154.5, 165.2]","['NEAR', 'RAIL', 'INSIDE', 'RAIL', 'INSIDE', 'NEAR', 'INSIDE', 'INSIDE', 'OUTSIDE', 'INSIDE', 'INSIDE', 'INSIDE', 'INSIDE']","[[0.59, 0.05, 1.26], [0.19, 0.53, 0.33], [0.92, 1.22, 0.49], [0.19, 0.24, 0.9], [0.66, 4.43, 2.37], [2.22, 0.21, 1.84], [2.45, 3.84, 1.41], [2.32, 4.15, 1.48], [0.9, 0.31, 0.92], [11.44, 4.55, 1.13], [8.59, 4.22, 1.36], [2.97, 4.66, 0.65], [3.03, 3.77, 0.36]]","[249, 145, 223, 165, 232, 205, 243, 207, 233, 195, 204, 190, 228]",17.4
425,1788358486349006830,307200,86248,14,12,165.9,"[30.4, 30.8, 82.4, 82.7, 89.8, 92.2, 103.2, 126.8, 138.8, 148.4, 154.5, 165.9]","['RAIL', 'INSIDE', 'RAIL', 'INSIDE', 'NEAR', 'INSIDE', 'OUTSIDE', 'INSIDE', 'INSIDE', 'RAIL', 'INSIDE', 'INSIDE']","[[0.18, 0.53, 0.33], [0.91, 1.22, 0.49], [0.22, 0.24, 0.9], [0.75, 4.53, 2.37], [1.51, 0.22, 2.2], [2.46, 3.84, 1.44], [0.92, 0.2, 0.92], [12.92, 4.55, 1.26], [8.62, 4.22, 0.7], [0.03, 0.26, 0.22], [2.99, 4.66, 0.65], [4.43, 4.35, 0.37]]","[145, 223, 165, 232, 205, 243, 233, 195, 204, 211, 190, 228]",12.6
426,1788358486457182636,307200,86256,15,12,165.2,"[28.2, 30.4, 30.9, 82.4, 82.7, 90.4, 92.2, 103.2, 126.0, 138.8, 154.5, 165.2]","['NEAR', 'RAIL', 'INSIDE', 'RAIL', 'INSIDE', 'NEAR', 'INSIDE', 'OUTSIDE', 'INSIDE', 'INSIDE', 'INSIDE', 'INSIDE']","[[0.55, 0.05, 1.26], [0.18, 0.53, 0.27], [0.95, 1.22, 0.49], [0.2, 0.24, 0.9], [0.77, 4.53, 2.37], [1.09, 0.22, 2.2], [2.38, 3.84, 1.44], [0.89, 0.2, 0.92], [8.38, 4.44, 1.13], [8.61, 4.33, 0.7], [2.97, 4.66, 0.65], [3.0, 4.06, 0.36]]","[249, 145, 223, 165, 232, 205, 243, 233, 195, 204, 190, 228]",21.4
427,1788358486550630489,307200,86189,17,14,165.8,"[28.2, 29.8, 30.5, 30.7, 82.4, 82.7, 90.4, 94.5, 103.2, 125.3, 138.7, 148.4, 154.5, 165.8]","['NEAR', 'NEAR', 'RAIL', 'INSIDE', 'RAIL', 'INSIDE', 'NEAR', 'NEAR', 'OUTSIDE', 'INSIDE', 'INSIDE', 'RAIL', 'INSIDE', 'INSIDE']","[[0.53, 0.05, 1.26], [1.55, 0.05, 1.85], [0.12, 0.53, 0.33], [0.7, 1.22, 0.49], [0.24, 0.38, 0.9], [0.73, 4.53, 2.37], [1.1, 0.22, 1.59], [0.82, 0.22, 0.62], [0.9, 0.2, 0.92], [9.9, 4.44, 1.26], [8.51, 4.33, 0.7], [0.04, 0.26, 0.22], [3.05, 4.66, 0.65], [4.34, 3.48, 0.37]]","[249, 251, 145, 223, 165, 232, 205, 243, 233, 195, 204, 211, 190, 228]",22.5
428,1788358486635471769,307200,86199,15,12,165.9,"[28.2, 30.4, 30.9, 82.4, 83.1, 91.1, 103.2, 125.2, 138.8, 148.4, 154.5, 165.9]","['NEAR', 'RAIL', 'INSIDE', 'RAIL', 'INSIDE', 'INSIDE', 'OUTSIDE', 'INSIDE', 'INSIDE', 'RAIL', 'INSIDE', 'INSIDE']","[[0.56, 0.05, 1.26], [0.21, 0.53, 0.33], [0.91, 1.22, 0.49], [0.24, 0.38, 0.9], [1.52, 4.67, 2.37], [4.58, 4.19, 2.27], [0.89, 0.31, 0.92], [9.85, 4.44, 1.26], [8.56, 4.33, 0.7], [0.03, 0.26, 0.22], [3.01, 4.66, 0.65], [4.36, 4.06, 0.37]]","[249, 145, 223, 165, 232, 205, 233, 195, 204, 211, 190, 228]",15.6
429,1788358486751507460,307200,86190,13,11,165.1,"[25.9, 28.2, 30.9, 82.4, 83.1, 91.6, 103.3, 125.2, 138.8, 154.5, 165.1]","['RAIL', 'NEAR', 'INSIDE', 'RAIL', 'INSIDE', 'INSIDE', 'OUTSIDE', 'INSIDE', 'INSIDE', 'INSIDE', 'INSIDE']","[[0.29, 0.21, 0.12], [0.54, 0.05, 1.26], [0.99, 1.22, 0.49], [0.23, 0.38, 0.9], [1.56, 4.53, 2.37], [3.51, 4.17, 2.27], [1.2, 0.22, 1.79], [9.81, 4.45, 1.26], [8.59, 4.21, 0.7], [3.01, 4.66, 0.65], [2.94, 4.06, 0.36]]","[244, 249, 223, 165, 232, 205, 233, 195, 204, 190, 228]",14.3
430,1788358486844202231,307200,86190,13,12,165.8,"[28.2, 30.4, 30.9, 82.4, 82.7, 91.1, 98.3, 103.2, 126.8, 138.8, 154.5, 165.8]","['NEAR', 'RAIL', 'INSIDE', 'RAIL', 'INSIDE', 'INSIDE', 'NEAR', 'OUTSIDE', 'INSIDE', 'INSIDE', 'INSIDE', 'INSIDE']","[[0.54, 0.05, 1.26], [0.17, 0.58, 0.27], [0.98, 1.22, 0.49], [0.24, 0.37, 0.9], [0.66, 4.44, 2.37], [4.51, 4.19, 1.46], [1.38, 0.05, 1.33], [0.88, 0.36, 0.92], [12.81, 4.55, 1.26], [8.56, 4.22, 0.7], [3.0, 4.66, 0.65], [4.33, 4.06, 0.37]]","[249, 145, 223, 165, 232, 205, 207, 233, 195, 204, 190, 228]",18.5
431,1788358486943669308,307200,86211,14,13,165.8,"[28.2, 30.4, 30.9, 82.4, 83.1, 89.9, 93.1, 94.6, 103.2, 125.3, 138.8, 154.5, 165.8]","['NEAR', 'RAIL', 'INSIDE', 'RAIL', 'INSIDE', 'NEAR', 'OUTSIDE', 'NEAR', 'OUTSIDE', 'INSIDE', 'INSIDE', 'INSIDE', 'INSIDE']","[[0.54, 0.05, 1.26], [0.2, 0.53, 0.27], [0.97, 1.22, 0.49], [0.2, 0.24, 0.9], [1.52, 4.53, 2.37], [2.01, 0.22, 2.21], [0.56, 1.16, 1.44], [0.69, 0.17, 0.44], [0.85, 0.2, 0.92], [9.77, 4.45, 1.26], [8.57, 4.47, 0.7], [2.98, 4.66, 0.65], [4.38, 4.06, 0.37]]","[249, 145, 223, 165, 232, 205, 243, 207, 233, 195, 204, 190, 228]",21.6
432,1788358487050903348,307200,86161,14,13,165.8,"[28.2, 30.4, 30.9, 82.4, 82.7, 92.2, 98.2, 103.2, 126.8, 141.6, 148.4, 154.5, 165.8]","['NEAR', 'RAIL', 'INSIDE', 'RAIL', 'INSIDE', 'INSIDE', 'INSIDE', 'OUTSIDE', 'INSIDE', 'INSIDE', 'RAIL', 'INSIDE', 'INSIDE']","[[0.61, 0.05, 1.26], [0.17, 0.58, 0.33], [0.93, 1.22, 0.49], [0.22, 0.24, 0.9], [0.63, 4.59, 2.37], [2.43, 3.84, 1.44], [2.31, 4.13, 1.76], [0.89, 0.2, 0.92], [12.9, 4.55, 1.26], [2.81, 3.92, 0.37], [0.06, 0.26, 0.22], [2.98, 4.66, 0.65], [4.3, 3.48, 0.37]]","[249, 145, 223, 165, 232, 243, 207, 233, 195, 204, 211, 190, 228]",16.3
433,1788358487146020577,307200,86146,13,11,165.8,"[28.2, 30.4, 30.9, 82.4, 82.7, 90.0, 103.2, 126.0, 138.8, 154.5, 165.8]","['NEAR', 'RAIL', 'INSIDE', 'RAIL', 'INSIDE', 'NEAR', 'OUTSIDE', 'INSIDE', 'INSIDE', 'INSIDE', 'INSIDE']","[[0.58, 0.05, 1.26], [0.18, 0.58, 0.33], [0.97, 1.22, 0.25], [0.2, 0.24, 0.9], [0.68, 4.42, 2.37], [2.04, 0.22, 2.21], [0.87, 0.2, 0.92], [8.32, 4.46, 1.13], [8.57, 4.33, 0.7], [3.01, 4.66, 0.65], [4.33, 4.35, 0.37]]","[249, 145, 223, 165, 232, 205, 233, 195, 204, 190, 228]",15.2
434,1788358487247808252,307200,86168,13,12,165.1,"[28.2, 29.8, 30.8, 82.4, 82.7, 91.1, 94.6, 103.2, 126.6, 138.8, 154.5, 165.1]","['NEAR', 'NEAR', 'INSIDE', 'RAIL', 'INSIDE', 'INSIDE', 'NEAR', 'OUTSIDE', 'INSIDE', 'INSIDE', 'INSIDE', 'INSIDE']","[[0.52, 0.05, 1.26], [1.53, 0.06, 1.85], [0.9, 1.22, 0.49], [0.24, 0.38, 0.9], [0.76, 4.67, 2.37], [4.51, 4.2, 2.27], [0.7, 0.17, 0.44], [0.89, 0.2, 0.92], [7.27, 4.44, 1.13], [8.58, 4.22, 0.7], [2.98, 4.66, 0.65], [2.94, 4.06, 0.36]]","[249, 251, 223, 165, 232, 243, 207, 233, 195, 204, 190, 228]",16.5
435,1788358487356681574,307200,86227,11,10,165.8,"[28.2, 30.9, 82.4, 83.2, 91.2, 103.2, 126.6, 138.8, 154.5, 165.8]","['NEAR', 'INSIDE', 'RAIL', 'INSIDE', 'INSIDE', 'OUTSIDE', 'INSIDE', 'INSIDE', 'INSIDE', 'INSIDE']","[[0.6, 0.05, 1.26], [0.98, 1.22, 0.49], [0.23, 0.37, 0.9], [1.47, 4.45, 2.37], [4.45, 4.09, 2.27], [0.91, 0.2, 0.92], [7.33, 4.44, 1.13], [8.61, 4.21, 0.7], [3.04, 4.66, 0.65], [4.32, 4.35, 0.37]]","[249, 223, 165, 232, 243, 233, 195, 204, 190, 228]",15.6
436,1788358487450066094,307200,86155,14,12,165.9,"[28.2, 29.9, 30.5, 82.4, 82.7, 90.4, 92.1, 103.4, 126.8, 138.8, 154.5, 165.9]","['NEAR', 'NEAR', 'RAIL', 'RAIL', 'OUTSIDE', 'NEAR', 'INSIDE', 'OUTSIDE', 'INSIDE', 'INSIDE', 'INSIDE', 'INSIDE']","[[0.57, 0.06, 1.26], [1.3, 0.06, 1.85], [0.14, 0.53, 0.33], [0.18, 0.24, 0.9], [0.79, 1.41, 2.02], [1.06, 0.22, 1.59], [2.43, 3.84, 1.44], [1.27, 0.31, 1.79], [12.91, 4.55, 1.26], [8.58, 4.21, 0.7], [3.02, 4.66, 0.65], [4.4, 3.77, 0.37]]","[249, 251, 145, 165, 232, 205, 243, 233, 195, 204, 190, 228]",15.4
437,1788358487542489204,307200,86193,11,10,165.2,"[28.2, 30.4, 82.4, 82.7, 91.1, 103.2, 125.3, 138.8, 154.5, 165.2]","['NEAR', 'RAIL', 'RAIL', 'INSIDE', 'INSIDE', 'OUTSIDE', 'INSIDE', 'INSIDE', 'INSIDE', 'INSIDE']","[[0.56, 0.05, 1.26], [0.18, 0.58, 0.33], [0.19, 0.23, 0.9], [0.75, 4.53, 2.37], [4.51, 4.15, 1.87], [0.89, 0.2, 0.92], [9.82, 4.44, 1.26], [8.58, 4.45, 0.7], [2.95, 4.66, 0.65], [2.95, 4.06, 0.36]]","[249, 145, 165, 232, 243, 233, 195, 204, 190, 228]",14.7
438,1788358487653072244,307200,86142,15,15,165.1,"[25.9, 28.2, 30.4, 30.9, 30.9, 82.4, 82.7, 90.0, 92.2, 94.6, 103.2, 125.2, 138.8, 154.5, 165.1]","['RAIL', 'NEAR', 'RAIL', 'INSIDE', 'NEAR', 'RAIL', 'INSIDE', 'NEAR', 'INSIDE', 'NEAR', 'OUTSIDE', 'INSIDE', 'INSIDE', 'INSIDE', 'INSIDE']","[[0.28, 0.21, 0.12], [0.57, 0.05, 1.26], [0.2, 0.52, 0.34], [0.99, 1.21, 0.25], [3.82, 0.13, 1.94], [0.24, 0.38, 0.9], [0.75, 4.53, 2.37], [2.0, 0.22, 2.21], [2.5, 3.84, 1.41], [0.81, 0.15, 0.62], [0.87, 0.2, 0.92], [9.91, 4.45, 0.99], [8.57, 4.22, 1.36], [2.97, 4.66, 0.65], [2.94, 3.77, 0.36]]","[244, 249, 145, 223, 258, 165, 232, 205, 243, 207, 233, 195, 204, 190, 228]",14.0
439,1788358487758100650,307200,86181,17,15,165.9,"[25.2, 28.2, 29.8, 30.5, 30.9, 82.4, 90.3, 93.1, 94.6, 103.2, 126.8, 138.8, 148.4, 154.5, 165.9]","['INSIDE', 'NEAR', 'NEAR', 'RAIL', 'INSIDE', 'RAIL', 'INSIDE', 'OUTSIDE', 'NEAR', 'OUTSIDE', 'INSIDE', 'INSIDE', 'RAIL', 'INSIDE', 'OUTSIDE']","[[0.78, 1.07, 0.08], [0.57, 0.05, 1.26], [1.52, 0.06, 1.85], [0.13, 0.53, 0.33], [0.95, 1.22, 0.49], [0.22, 0.24, 0.9], [2.64, 4.2, 1.87], [0.6, 0.16, 1.44], [0.69, 0.16, 0.44], [0.88, 0.36, 0.92], [12.93, 4.55, 1.26], [8.55, 4.47, 1.36], [0.03, 0.26, 0.22], [2.99, 4.66, 0.65], [4.34, 2.31, 0.37]]","[249, 251, 258, 145, 223, 165, 243, 207, 205, 233, 195, 204, 211, 190, 228]",12.7
440,1788358487843728319,307200,86304,14,12,165.1,"[28.2, 30.4, 30.8, 82.4, 83.1, 90.0, 103.2, 125.3, 138.8, 148.4, 154.5, 165.1]","['NEAR', 'RAIL', 'INSIDE', 'RAIL', 'INSIDE', 'NEAR', 'OUTSIDE', 'INSIDE', 'INSIDE', 'RAIL', 'INSIDE', 'INSIDE']","[[0.56, 0.05, 1.26], [0.2, 0.52, 0.33], [0.9, 1.22, 0.49], [0.22, 0.37, 0.9], [1.53, 4.53, 2.37], [2.09, 0.22, 2.21], [0.89, 0.2, 0.92], [10.01, 4.44, 1.26], [8.57, 4.22, 0.7], [0.05, 0.26, 0.22], [3.02, 4.66, 0.65], [2.99, 4.35, 0.36]]","[251, 145, 223, 165, 232, 243, 233, 195, 204, 211, 190, 228]",14.3
441,1788358487952617640,307200,86173,14,12,165.2,"[28.2, 30.4, 30.9, 82.4, 83.1, 91.1, 98.2, 103.2, 126.8, 138.7, 154.5, 165.2]","['NEAR', 'RAIL', 'INSIDE', 'RAIL', 'INSIDE', 'INSIDE', 'INSIDE', 'OUTSIDE', 'INSIDE', 'INSIDE', 'INSIDE', 'INSIDE']","[[0.54, 0.05, 1.26], [0.18, 0.58, 0.33], [0.95, 1.22, 0.49], [0.2, 0.24, 0.9], [1.52, 4.53, 2.37], [4.56, 4.09, 1.64], [2.27, 4.15, 1.48], [0.9, 0.36, 0.92], [13.01, 4.55, 0.99], [8.51, 4.21, 1.36], [2.98, 4.66, 0.65], [2.96, 4.06, 0.36]]","[251, 145, 223, 165, 232, 243, 205, 233, 195, 204, 190, 228]",14.1
442,1788358488044352286,307200,86164,8,8,165.8,"[30.4, 30.9, 82.4, 82.8, 91.6, 103.2, 154.5, 165.8]","['RAIL', 'INSIDE', 'RAIL', 'INSIDE', 'INSIDE', 'OUTSIDE', 'INSIDE', 'INSIDE']","[[0.18, 0.53, 0.27], [0.99, 1.22, 0.49], [0.2, 0.24, 0.9], [0.7, 4.63, 2.37], [3.45, 4.21, 1.46], [0.91, 0.2, 0.92], [2.96, 4.66, 0.65], [4.33, 3.77, 0.37]]","[145, 223, 165, 232, 243, 233, 190, 228]",13.7
443,1788358488150266722,307200,86201,11,9,165.8,"[28.2, 30.4, 82.4, 82.7, 91.6, 103.2, 148.4, 154.5, 165.8]","['NEAR', 'RAIL', 'RAIL', 'INSIDE', 'INSIDE', 'OUTSIDE', 'RAIL', 'INSIDE', 'INSIDE']","[[0.56, 0.05, 1.26], [0.17, 0.58, 0.27], [0.22, 0.38, 0.9], [0.73, 4.53, 2.37], [3.45, 4.19, 1.9], [0.9, 0.31, 0.92], [0.03, 0.26, 0.22], [2.99, 4.66, 0.65], [4.37, 4.06, 0.37]]","[251, 145, 165, 232, 243, 233, 211, 190, 228]",14.2
444,1788358488239827421,307200,86239,13,12,165.9,"[28.2, 29.7, 30.4, 82.4, 83.1, 91.6, 103.2, 125.2, 138.8, 148.4, 154.5, 165.9]","['NEAR', 'NEAR', 'RAIL', 'RAIL', 'INSIDE', 'INSIDE', 'OUTSIDE', 'INSIDE', 'INSIDE', 'RAIL', 'INSIDE', 'INSIDE']","[[0.54, 0.05, 1.26], [1.51, 0.06, 1.85], [0.22, 0.53, 0.33], [0.21, 0.24, 0.9], [1.56, 4.44, 2.37], [3.47, 4.2, 2.24], [0.92, 0.36, 0.92], [9.83, 4.44, 1.26], [8.57, 4.22, 1.36], [0.03, 0.26, 0.22], [2.96, 4.66, 0.65], [4.39, 4.35, 0.37]]","[251, 258, 145, 165, 232, 243, 233, 195, 204, 211, 190, 228]",15.3
445,1788358488349580935,307200,86225,15,14,165.9,"[28.2, 29.8, 30.4, 30.8, 82.4, 82.7, 90.0, 92.1, 94.6, 103.2, 127.6, 138.7, 154.5, 165.9]","['NEAR', 'RAIL', 'NEAR', 'INSIDE', 'RAIL', 'INSIDE', 'NEAR', 'INSIDE', 'NEAR', 'OUTSIDE', 'INSIDE', 'INSIDE', 'INSIDE', 'INSIDE']","[[0.58, 0.05, 1.26], [0.21, 0.53, 0.27], [1.53, 0.06, 1.85], [0.92, 1.22, 0.49], [0.23, 0.37, 0.9], [0.69, 4.67, 2.37], [2.17, 0.21, 1.4], [2.54, 3.84, 1.44], [0.68, 0.17, 1.03], [0.9, 0.31, 0.92], [11.5, 4.55, 1.13], [8.53, 4.22, 0.7], [2.98, 4.66, 0.65], [4.39, 4.35, 0.37]]","[251, 145, 258, 223, 165, 232, 243, 207, 205, 233, 195, 204, 190, 228]",13.7
446,1788358488448464101,307200,86200,15,13,165.1,"[28.2, 30.4, 30.8, 45.6, 82.4, 82.7, 91.2, 103.3, 126.8, 138.8, 148.4, 154.5, 165.1]","['NEAR', 'RAIL', 'INSIDE', 'RAIL', 'RAIL', 'INSIDE', 'INSIDE', 'OUTSIDE', 'INSIDE', 'INSIDE', 'RAIL', 'INSIDE', 'INSIDE']","[[0.57, 0.05, 1.26], [0.19, 0.58, 0.33], [0.86, 1.22, 0.49], [0.5, 0.19, 0.4], [0.24, 0.38, 0.9], [0.73, 4.53, 2.37], [4.46, 4.2, 1.65], [1.16, 0.22, 1.79], [12.93, 4.55, 1.26], [8.57, 4.22, 1.36], [0.06, 0.26, 0.22], [2.98, 4.66, 0.65], [2.97, 3.77, 0.36]]","[251, 145, 223, 255, 165, 232, 207, 233, 195, 204, 211, 190, 228]",14.1
447,1788358488535789536,307200,86206,14,14,165.8,"[25.2, 30.4, 30.9, 82.4, 82.7, 90.4, 92.2, 94.5, 103.2, 125.3, 138.8, 148.4, 154.5, 165.8]","['INSIDE', 'RAIL', 'INSIDE', 'RAIL', 'INSIDE', 'NEAR', 'INSIDE', 'NEAR', 'OUTSIDE', 'INSIDE', 'INSIDE', 'RAIL', 'INSIDE', 'INSIDE']","[[0.87, 1.73, 0.08], [0.15, 0.58, 0.33], [0.96, 1.22, 0.49], [0.23, 0.24, 0.9], [0.74, 4.53, 2.37], [0.98, 0.19, 1.84], [2.39, 3.84, 1.44], [0.57, 0.22, 0.43], [0.86, 0.2, 0.92], [9.84, 4.45, 1.01], [8.56, 4.22, 0.7], [0.04, 0.26, 0.22], [2.95, 4.66, 0.65], [4.35, 4.35, 0.37]]","[249, 145, 223, 165, 232, 243, 207, 205, 233, 195, 204, 211, 190, 228]",13.7
448,1788358488642650612,307200,86179,12,11,165.9,"[30.7, 82.4, 82.7, 90.5, 92.2, 103.2, 128.1, 138.8, 148.4, 154.5, 165.9]","['INSIDE', 'RAIL', 'INSIDE', 'NEAR', 'INSIDE', 'OUTSIDE', 'INSIDE', 'INSIDE', 'RAIL', 'INSIDE', 'INSIDE']","[[0.64, 1.22, 0.49], [0.22, 0.38, 0.9], [0.67, 4.45, 2.37], [1.17, 0.11, 0.61], [2.36, 3.84, 1.44], [0.87, 0.31, 0.92], [10.36, 4.55, 1.13], [8.66, 4.22, 0.7], [0.03, 0.26, 0.22], [3.03, 4.66, 0.65], [4.42, 3.77, 0.37]]","[223, 165, 232, 243, 207, 233, 195, 204, 211, 190, 228]",13.7
449,1788358488745100747,307200,86136,15,13,165.2,"[28.2, 29.8, 30.4, 30.9, 82.4, 82.7, 89.5, 103.2, 127.5, 138.8, 148.4, 154.5, 165.2]","['NEAR', 'RAIL', 'NEAR', 'INSIDE', 'RAIL', 'INSIDE', 'NEAR', 'OUTSIDE', 'INSIDE', 'INSIDE', 'RAIL', 'INSIDE', 'INSIDE']","[[0.54, 0.06, 1.26], [0.16, 0.58, 0.33], [1.55, 0.06, 1.85], [0.97, 1.22, 0.49], [0.24, 0.37, 0.9], [0.67, 4.44, 2.37], [1.1, 0.22, 2.2], [0.88, 0.31, 0.92], [11.45, 4.55, 1.13], [8.55, 3.97, 0.7], [0.04, 0.26, 0.22], [2.96, 4.66, 0.65], [2.96, 4.35, 0.36]]","[251, 145, 258, 223, 165, 232, 243, 233, 195, 204, 211, 190, 228]",12.5
450,1788358488866480566,307200,86235,11,10,165.9,"[30.4, 30.9, 82.4, 82.7, 91.1, 103.2, 126.0, 138.8, 154.5, 165.9]","['RAIL', 'INSIDE', 'RAIL', 'INSIDE', 'INSIDE', 'OUTSIDE', 'INSIDE', 'INSIDE', 'INSIDE', 'INSIDE']","[[0.21, 0.53, 0.33], [0.96, 1.22, 0.49], [0.24, 0.38, 0.9], [0.75, 4.53, 2.37], [4.5, 4.09, 1.9], [0.91, 0.2, 0.92], [8.43, 4.44, 1.13], [8.53, 3.97, 1.36], [2.97, 4.66, 0.65], [4.35, 4.06, 0.37]]","[145, 223, 165, 232, 207, 233, 195, 204, 190, 228]",13.4
451,1788358488940691627,307200,86249,13,11,165.2,"[30.4, 30.9, 82.4, 82.6, 89.9, 103.4, 125.2, 138.8, 148.4, 154.5, 165.2]","['RAIL', 'INSIDE', 'RAIL', 'INSIDE', 'NEAR', 'OUTSIDE', 'INSIDE', 'INSIDE', 'RAIL', 'INSIDE', 'INSIDE']","[[0.2, 0.52, 0.33], [0.95, 1.21, 0.49], [0.24, 0.24, 0.9], [0.9, 4.44, 2.37], [2.18, 0.2, 1.84], [1.41, 0.36, 1.79], [9.9, 4.44, 1.26], [8.57, 4.22, 0.7], [0.04, 0.26, 0.22], [2.96, 4.66, 0.65], [3.0, 4.35, 0.36]]","[145, 223, 165, 232, 243, 233, 195, 204, 211, 190, 228]",13.4
452,1788358489035302005,307200,86254,14,12,165.1,"[30.4, 30.9, 45.6, 82.4, 82.7, 90.4, 103.2, 127.5, 138.8, 148.4, 154.5, 165.1]","['RAIL', 'INSIDE', 'RAIL', 'RAIL', 'INSIDE', 'NEAR', 'OUTSIDE', 'INSIDE', 'INSIDE', 'RAIL', 'INSIDE', 'INSIDE']","[[0.2, 0.53, 0.33], [0.98, 1.22, 0.49], [0.52, 0.19, 0.4], [0.18, 0.23, 0.9], [0.72, 4.53, 2.37], [1.05, 0.22, 2.21], [0.88, 0.37, 0.92], [11.42, 4.55, 1.5], [8.54, 4.56, 0.7], [0.04, 0.26, 0.22], [3.0, 4.66, 0.65], [2.99, 4.35, 0.36]]","[145, 223, 255, 165, 232, 243, 233, 195, 204, 211, 190, 228]",13.5
453,1788358489139735567,307200,86194,13,12,165.1,"[28.2, 30.4, 30.9, 82.4, 82.7, 91.5, 103.4, 125.9, 138.8, 148.4, 154.5, 165.1]","['NEAR', 'RAIL', 'INSIDE', 'RAIL', 'INSIDE', 'INSIDE', 'OUTSIDE', 'INSIDE', 'INSIDE', 'RAIL', 'INSIDE', 'INSIDE']","[[0.54, 0.05, 1.26], [0.18, 0.57, 0.33], [0.98, 1.22, 0.49], [0.25, 0.23, 0.9], [0.79, 4.67, 2.37], [3.1, 4.2, 1.9], [1.36, 0.22, 1.79], [8.43, 4.44, 1.13], [8.57, 4.33, 0.7], [0.03, 0.26, 0.22], [3.0, 4.66, 0.65], [2.95, 4.35, 0.36]]","[251, 145, 223, 165, 232, 207, 233, 195, 204, 211, 190, 228]",14.1
454,1788358489236969579,307200,86253,14,11,165.2,"[28.7, 29.9, 30.4, 30.9, 82.4, 89.4, 103.2, 126.8, 138.7, 154.5, 165.2]","['NEAR', 'NEAR', 'RAIL', 'INSIDE', 'RAIL', 'NEAR', 'OUTSIDE', 'INSIDE', 'INSIDE', 'INSIDE', 'INSIDE']","[[1.43, 0.05, 1.27], [1.17, 0.06, 1.85], [0.18, 0.53, 0.33], [0.98, 1.22, 0.49], [0.18, 0.22, 0.9], [1.32, 0.2, 1.4], [0.91, 0.31, 0.92], [12.91, 4.55, 1.27], [8.53, 4.22, 0.7], [2.99, 4.66, 0.65], [3.07, 4.35, 0.36]]","[251, 258, 145, 223, 165, 243, 233, 195, 204, 190, 228]",12.3
455,1788358489340432145,307200,86215,14,13,165.9,"[28.2, 29.7, 30.9, 31.8, 82.4, 83.1, 91.2, 103.4, 126.8, 138.0, 148.4, 154.5, 165.9]","['NEAR', 'NEAR', 'INSIDE', 'NEAR', 'RAIL', 'INSIDE', 'INSIDE', 'OUTSIDE', 'INSIDE', 'INSIDE', 'RAIL', 'INSIDE', 'OUTSIDE']","[[0.56, 0.05, 1.26], [1.54, 0.06, 1.85], [1.0, 1.22, 0.49], [1.88, 0.12, 1.89], [0.21, 0.23, 0.9], [1.5, 4.44, 2.37], [4.34, 4.2, 1.65], [1.35, 0.22, 1.79], [12.91, 4.67, 0.99], [7.1, 4.33, 0.7], [0.06, 0.34, 0.22], [3.03, 4.12, 0.65], [4.4, 2.31, 0.37]]","[251, 258, 223, 261, 165, 232, 207, 233, 195, 204, 211, 190, 228]",13.4
456,1788358489439347785,307200,86166,12,12,165.1,"[28.2, 30.8, 30.9, 82.4, 82.7, 91.1, 103.2, 126.8, 138.8, 148.4, 154.5, 165.1]","['NEAR', 'INSIDE', 'NEAR', 'RAIL', 'INSIDE', 'INSIDE', 'OUTSIDE', 'INSIDE', 'INSIDE', 'RAIL', 'INSIDE', 'INSIDE']","[[0.6, 0.05, 1.26], [0.9, 1.21, 0.25], [3.78, 0.13, 1.94], [0.24, 0.37, 0.9], [0.76, 4.67, 2.37], [4.55, 4.22, 2.27], [0.94, 0.2, 0.92], [12.93, 4.55, 0.99], [8.54, 3.96, 0.7], [0.07, 0.34, 0.22], [2.99, 4.66, 0.65], [2.93, 4.06, 0.36]]","[251, 223, 261, 165, 232, 207, 233, 195, 204, 211, 190, 228]",13.2
457,1788358489547666397,307200,86181,12,10,165.9,"[30.4, 30.9, 82.4, 82.7, 91.1, 103.2, 126.8, 141.6, 154.5, 165.9]","['RAIL', 'INSIDE', 'RAIL', 'INSIDE', 'INSIDE', 'OUTSIDE', 'INSIDE', 'INSIDE', 'INSIDE', 'INSIDE']","[[0.21, 0.53, 0.33], [0.96, 1.22, 0.49], [0.21, 0.38, 0.9], [0.76, 4.53, 2.37], [4.5, 4.15, 1.9], [0.91, 0.2, 0.92], [12.9, 4.56, 1.63], [2.75, 4.18, 0.37], [3.01, 4.66, 0.65], [4.42, 3.77, 0.37]]","[145, 223, 165, 232, 207, 233, 195, 204, 190, 228]",13.3
458,1788358489641209457,307200,86178,14,13,165.2,"[25.9, 30.4, 30.9, 31.8, 82.4, 82.7, 89.9, 92.2, 103.2, 126.8, 138.8, 154.5, 165.2]","['RAIL', 'RAIL', 'INSIDE', 'NEAR', 'RAIL', 'INSIDE', 'NEAR', 'INSIDE', 'OUTSIDE', 'INSIDE', 'INSIDE', 'INSIDE', 'INSIDE']","[[0.27, 0.21, 0.12], [0.2, 0.53, 0.33], [0.96, 1.22, 0.49], [1.85, 0.12, 1.88], [0.21, 0.14, 0.9], [0.69, 4.53, 2.37], [2.1, 0.23, 2.21], [2.42, 3.84, 1.44], [0.9, 0.31, 0.92], [12.94, 4.55, 1.26], [8.58, 4.22, 0.7], [2.99, 4.66, 0.65], [2.95, 4.35, 0.36]]","[251, 145, 223, 261, 165, 232, 243, 207, 233, 195, 204, 190, 228]",14.0
459,1788358489749055885,307200,86215,14,13,165.8,"[28.2, 29.7, 30.5, 30.8, 82.4, 82.6, 89.9, 92.2, 103.2, 125.3, 138.8, 154.5, 165.8]","['NEAR', 'NEAR', 'RAIL', 'INSIDE', 'RAIL', 'INSIDE', 'NEAR', 'INSIDE', 'OUTSIDE', 'INSIDE', 'INSIDE', 'INSIDE', 'INSIDE']","[[0.59, 0.06, 1.26], [1.51, 0.05, 1.85], [0.12, 0.52, 0.33], [0.92, 1.22, 0.49], [0.24, 0.38, 0.9], [0.92, 4.59, 2.37], [2.15, 0.23, 2.21], [2.51, 3.84, 1.44], [0.85, 0.2, 0.92], [9.86, 4.44, 1.26], [8.6, 4.56, 0.7], [3.0, 4.66, 0.65], [4.38, 4.06, 0.37]]","[258, 223, 145, 261, 165, 232, 243, 207, 233, 195, 204, 190, 228]",14.2
460,1788358489849897549,307200,86237,15,12,165.1,"[28.2, 30.4, 30.9, 82.4, 89.4, 92.1, 98.2, 125.3, 138.8, 148.4, 154.5, 165.1]","['NEAR', 'RAIL', 'INSIDE', 'RAIL', 'RAIL', 'INSIDE', 'INSIDE', 'INSIDE', 'INSIDE', 'RAIL', 'INSIDE', 'INSIDE']","[[0.57, 0.05, 1.26], [0.17, 0.58, 0.33], [0.96, 1.22, 0.49], [0.22, 0.37, 0.9], [1.05, 0.08, 0.99], [2.48, 4.18, 1.44], [2.3, 4.13, 1.76], [9.9, 4.45, 0.99], [8.58, 4.45, 1.36], [0.03, 0.26, 0.22], [3.01, 4.66, 0.65], [2.95, 3.48, 0.36]]","[258, 145, 261, 165, 243, 207, 233, 195, 204, 211, 190, 228]",14.7
461,1788358489979583243,307200,86156,11,8,154.5,"[30.8, 82.4, 82.7, 89.6, 92.2, 125.3, 138.8, 154.5]","['INSIDE', 'RAIL', 'INSIDE', 'NEAR', 'INSIDE', 'INSIDE', 'INSIDE', 'INSIDE']","[[0.93, 1.22, 0.25], [0.22, 0.22, 0.9], [0.73, 4.53, 2.37], [1.11, 0.22, 2.21], [2.39, 3.84, 1.44], [9.88, 4.44, 1.26], [8.57, 4.45, 0.7], [2.99, 4.66, 0.65]]","[261, 165, 232, 243, 207, 195, 204, 190]",13.3
462,1788358490051630582,307200,86186,13,10,165.8,"[29.9, 30.4, 30.9, 82.4, 83.1, 91.7, 126.8, 138.8, 154.6, 165.8]","['RAIL', 'NEAR', 'INSIDE', 'RAIL', 'INSIDE', 'INSIDE', 'INSIDE', 'INSIDE', 'INSIDE', 'INSIDE']","[[0.21, 0.52, 0.33], [1.19, 0.06, 1.85], [0.94, 1.22, 0.49], [0.22, 0.24, 0.9], [1.55, 4.53, 2.37], [3.46, 4.2, 1.46], [12.9, 4.55, 1.63], [8.58, 4.22, 0.7], [3.06, 4.66, 0.65], [4.27, 4.35, 0.37]]","[145, 223, 261, 165, 232, 207, 195, 204, 190, 228]",13.5
463,1788358490142657818,307200,86144,12,8,165.9,"[28.7, 30.4, 82.4, 91.7, 125.3, 138.8, 154.5, 165.9]","['NEAR', 'RAIL', 'RAIL', 'INSIDE', 'INSIDE', 'INSIDE', 'INSIDE', 'INSIDE']","[[1.52, 0.05, 1.27], [0.18, 0.58, 0.27], [0.23, 0.23, 0.9], [3.5, 4.2, 2.27], [9.84, 4.42, 1.26], [8.55, 4.22, 0.7], [3.01, 4.66, 0.65], [4.42, 4.35, 0.37]]","[258, 145, 165, 207, 195, 204, 190, 228]",14.4
464,1788358490245913416,307200,86306,9,8,165.1,"[30.4, 82.4, 82.7, 91.1, 126.9, 138.8, 154.5, 165.1]","['RAIL', 'RAIL', 'INSIDE', 'INSIDE', 'INSIDE', 'INSIDE', 'INSIDE', 'INSIDE']","[[0.2, 0.58, 0.33], [0.2, 0.23, 0.9], [0.69, 4.53, 2.37], [4.53, 4.19, 2.24], [12.88, 4.55, 1.26], [8.55, 4.21, 0.7], [3.01, 4.66, 0.65], [2.91, 4.06, 0.36]]","[145, 165, 232, 207, 195, 204, 190, 228]",13.5
465,1788358490356246997,307200,86206,11,10,165.2,"[30.4, 30.9, 82.4, 82.7, 91.6, 125.2, 138.8, 148.4, 154.5, 165.2]","['RAIL', 'INSIDE', 'RAIL', 'INSIDE', 'INSIDE', 'INSIDE', 'INSIDE', 'RAIL', 'INSIDE', 'INSIDE']","[[0.15, 0.58, 0.12], [0.94, 1.22, 0.49], [0.26, 0.23, 0.9], [0.71, 4.53, 2.37], [3.53, 4.17, 2.27], [9.85, 4.44, 1.26], [8.55, 3.96, 1.36], [0.03, 0.26, 0.22], [2.96, 4.66, 0.65], [3.01, 4.35, 0.36]]","[145, 261, 165, 232, 207, 195, 204, 211, 190, 228]",12.9
466,1788358490446049148,307200,86243,15,11,165.8,"[25.2, 28.2, 30.4, 82.4, 82.7, 90.4, 92.2, 126.8, 138.8, 154.5, 165.8]","['INSIDE', 'NEAR', 'RAIL', 'RAIL', 'INSIDE', 'NEAR', 'INSIDE', 'INSIDE', 'INSIDE', 'INSIDE', 'INSIDE']","[[0.77, 1.07, 0.08], [0.56, 0.06, 1.26], [0.21, 0.53, 0.33], [0.2, 0.24, 0.9], [0.74, 4.53, 2.37], [1.04, 0.18, 1.59], [2.42, 3.84, 1.44], [12.86, 4.55, 1.26], [8.56, 4.22, 0.7], [2.99, 4.66, 0.65], [4.31, 4.34, 0.37]]","[251, 258, 145, 165, 232, 243, 207, 195, 204, 190, 228]",14.0
467,1788358490545441660,307200,86254,14,10,165.8,"[30.5, 30.8, 82.4, 82.7, 91.6, 125.3, 138.8, 148.4, 154.5, 165.8]","['RAIL', 'INSIDE', 'RAIL', 'INSIDE', 'INSIDE', 'INSIDE', 'INSIDE', 'RAIL', 'INSIDE', 'INSIDE']","[[0.14, 0.53, 0.33], [0.93, 1.22, 0.49], [0.2, 0.37, 0.9], [0.72, 4.53, 2.37], [3.49, 4.2, 2.27], [9.85, 4.45, 1.01], [8.56, 4.33, 1.36], [0.04, 0.26, 0.22], [2.99, 4.12, 0.65], [4.29, 4.06, 0.37]]","[145, 261, 165, 232, 207, 195, 204, 211, 190, 228]",14.6
468,1788358490655322387,307200,86226,13,11,165.8,"[28.2, 30.4, 30.9, 82.4, 83.1, 90.4, 92.1, 127.5, 138.8, 154.5, 165.8]","['NEAR', 'RAIL', 'INSIDE', 'RAIL', 'INSIDE', 'NEAR', 'INSIDE', 'INSIDE', 'INSIDE', 'INSIDE', 'INSIDE']","[[0.57, 0.06, 1.26], [0.18, 0.58, 0.33], [1.0, 1.22, 0.49], [0.23, 0.24, 0.9], [1.47, 4.44, 2.37], [1.03, 0.22, 1.58], [2.42, 3.86, 0.82], [11.25, 4.47, 1.5], [8.61, 4.21, 1.36], [3.01, 4.66, 0.65], [4.3, 4.34, 0.37]]","[258, 145, 261, 165, 232, 243, 207, 195, 204, 190, 228]",13.4
469,1788358490772398711,307200,86166,10,9,165.1,"[28.7, 30.5, 82.4, 82.7, 91.2, 126.8, 141.6, 154.5, 165.1]","['NEAR', 'RAIL', 'RAIL', 'INSIDE', 'INSIDE', 'INSIDE', 'INSIDE', 'INSIDE', 'INSIDE']","[[1.44, 0.06, 1.27], [0.13, 0.53, 0.33], [0.2, 0.23, 0.9], [0.72, 4.53, 2.37], [4.51, 4.18, 1.87], [12.95, 4.55, 1.26], [2.83, 4.09, 0.37], [2.95, 4.66, 0.65], [2.98, 4.35, 0.36]]","[258, 145, 165, 232, 207, 195, 204, 190, 228]",13.1
470,1788358490852605011,307200,86223,12,10,165.8,"[28.2, 30.5, 30.9, 82.4, 89.9, 92.2, 125.3, 138.0, 154.5, 165.8]","['NEAR', 'RAIL', 'INSIDE', 'RAIL', 'NEAR', 'INSIDE', 'INSIDE', 'INSIDE', 'INSIDE', 'INSIDE']","[[0.55, 0.05, 1.26], [0.12, 0.53, 0.27], [0.96, 1.22, 0.49], [0.22, 0.24, 0.9], [1.96, 0.22, 2.21], [2.49, 3.84, 1.44], [9.78, 4.44, 1.26], [7.12, 4.22, 0.7], [2.97, 4.66, 0.65], [4.29, 3.19, 0.37]]","[258, 145, 261, 165, 243, 207, 195, 204, 190, 228]",11.9
471,1788358490952072878,307200,86243,15,11,165.8,"[24.8, 30.4, 30.9, 82.4, 82.7, 89.9, 92.1, 127.5, 138.0, 154.5, 165.8]","['NEAR', 'RAIL', 'INSIDE', 'RAIL', 'INSIDE', 'NEAR', 'INSIDE', 'INSIDE', 'INSIDE', 'INSIDE', 'INSIDE']","[[0.43, 0.89, 0.05], [0.2, 0.53, 0.33], [0.96, 1.22, 0.49], [0.22, 0.37, 0.9], [0.76, 4.53, 2.37], [2.19, 0.23, 2.2], [2.56, 3.84, 1.44], [11.51, 4.55, 1.13], [7.1, 4.45, 0.7], [2.95, 4.66, 0.65], [4.38, 4.35, 0.37]]","[251, 145, 261, 165, 232, 243, 207, 195, 204, 190, 228]",12.8
472,1788358491045252083,307200,86255,16,13,165.8,"[24.8, 25.8, 28.2, 30.4, 82.4, 82.7, 90.7, 93.1, 126.8, 138.8, 148.4, 154.5, 165.8]","['NEAR', 'RAIL', 'NEAR', 'RAIL', 'RAIL', 'INSIDE', 'INSIDE', 'OUTSIDE', 'INSIDE', 'INSIDE', 'RAIL', 'INSIDE', 'INSIDE']","[[0.44, 0.89, 0.05], [0.4, 0.52, 0.12], [0.57, 0.05, 1.26], [0.18, 0.57, 0.33], [0.25, 0.38, 0.9], [0.75, 4.53, 2.37], [1.69, 4.2, 2.24], [0.6, 1.16, 1.44], [12.92, 4.55, 1.26], [8.55, 4.21, 0.7], [0.05, 0.26, 0.22], [2.99, 4.66, 0.65], [4.27, 4.34, 0.37]]","[251, 258, 261, 145, 165, 232, 207, 243, 195, 204, 211, 190, 228]",13.0
473,1788358491146195261,307200,86244,15,11,165.2,"[28.2, 30.5, 82.4, 83.1, 90.2, 93.1, 103.4, 126.6, 138.8, 154.5, 165.2]","['NEAR', 'RAIL', 'RAIL', 'INSIDE', 'INSIDE', 'OUTSIDE', 'OUTSIDE', 'INSIDE', 'INSIDE', 'INSIDE', 'INSIDE']","[[0.56, 0.05, 1.26], [0.12, 0.52, 0.33], [0.23, 0.23, 0.9], [1.48, 4.53, 2.37], [2.69, 3.87, 1.87], [0.6, 0.18, 1.44], [1.3, 0.36, 1.79], [7.26, 4.45, 0.86], [8.61, 4.21, 0.7], [2.95, 4.66, 0.65], [2.96, 4.06, 0.36]]","[261, 145, 165, 232, 207, 243, 265, 195, 204, 190, 228]",13.9
474,1788358491254748976,307200,86137,12,11,165.2,"[28.2, 30.4, 82.4, 83.1, 91.2, 94.6, 103.2, 127.5, 138.8, 154.5, 165.2]","['NEAR', 'RAIL', 'RAIL', 'INSIDE', 'INSIDE', 'NEAR', 'OUTSIDE', 'INSIDE', 'INSIDE', 'INSIDE', 'INSIDE']","[[0.53, 0.05, 1.26], [0.16, 0.58, 0.33], [0.24, 0.24, 0.9], [1.54, 4.53, 2.37], [4.33, 4.2, 2.24], [0.65, 0.17, 0.44], [0.87, 0.2, 0.92], [11.48, 4.55, 1.13], [8.55, 4.56, 0.7], [2.97, 4.66, 0.65], [2.93, 3.48, 0.36]]","[261, 145, 165, 232, 207, 243, 265, 195, 204, 190, 228]",13.9
475,1788358491346589535,307200,86194,14,11,165.8,"[28.2, 30.4, 82.4, 82.7, 89.5, 92.3, 103.2, 126.5, 138.8, 154.5, 165.8]","['NEAR', 'RAIL', 'RAIL', 'INSIDE', 'NEAR', 'INSIDE', 'OUTSIDE', 'INSIDE', 'INSIDE', 'INSIDE', 'INSIDE']","[[0.54, 0.05, 1.26], [0.18, 0.57, 0.34], [0.2, 0.24, 0.9], [0.69, 4.44, 2.37], [1.23, 0.18, 1.4], [2.23, 4.17, 1.44], [0.88, 0.36, 0.92], [7.28, 4.44, 1.13], [8.55, 4.22, 0.7], [2.96, 4.66, 0.65], [4.35, 3.77, 0.37]]","[261, 145, 165, 232, 207, 243, 265, 195, 204, 190, 228]",12.7
476,1788358491441774012,307200,86205,11,10,165.2,"[30.9, 82.4, 82.7, 89.9, 93.1, 103.2, 126.6, 138.8, 154.5, 165.2]","['INSIDE', 'RAIL', 'INSIDE', 'NEAR', 'OUTSIDE', 'OUTSIDE', 'INSIDE', 'INSIDE', 'INSIDE', 'INSIDE']","[[0.96, 1.22, 0.49], [0.25, 0.24, 0.9], [0.71, 4.53, 2.37], [2.11, 0.23, 1.96], [0.66, 1.32, 1.44], [0.88, 0.36, 0.92], [7.29, 4.45, 0.86], [8.56, 4.22, 0.7], [2.99, 4.66, 0.65], [2.98, 4.35, 0.36]]","[266, 165, 232, 207, 243, 265, 195, 204, 190, 228]",13.3
477,1788358491544177664,307200,86180,15,12,165.9,"[28.2, 30.4, 30.9, 82.4, 82.8, 91.1, 94.6, 103.2, 126.8, 138.1, 154.5, 165.9]","['NEAR', 'RAIL', 'INSIDE', 'RAIL', 'INSIDE', 'INSIDE', 'NEAR', 'OUTSIDE', 'INSIDE', 'INSIDE', 'INSIDE', 'INSIDE']","[[0.55, 0.05, 1.26], [0.2, 0.53, 0.33], [1.0, 1.22, 0.49], [0.26, 0.38, 0.9], [0.69, 4.44, 2.37], [4.48, 4.19, 1.65], [0.63, 0.16, 0.44], [0.91, 0.2, 0.92], [12.95, 4.55, 1.26], [7.13, 4.21, 0.7], [2.98, 4.66, 0.65], [4.39, 3.77, 0.37]]","[261, 145, 266, 165, 232, 207, 243, 265, 195, 204, 190, 228]",12.8
478,1788358491661212010,307200,86233,13,12,165.8,"[30.4, 30.9, 82.4, 82.7, 90.2, 93.1, 103.2, 126.9, 138.8, 148.4, 154.5, 165.8]","['RAIL', 'INSIDE', 'RAIL', 'INSIDE', 'INSIDE', 'OUTSIDE', 'OUTSIDE', 'INSIDE', 'INSIDE', 'RAIL', 'INSIDE', 'INSIDE']","[[0.23, 0.54, 0.33], [1.01, 1.22, 0.25], [0.21, 0.37, 0.9], [0.77, 4.53, 2.37], [2.71, 3.87, 2.24], [0.59, 0.32, 1.44], [0.87, 0.36, 0.92], [13.05, 4.55, 1.26], [8.59, 4.22, 0.7], [0.04, 0.26, 0.22], [2.98, 4.66, 0.65], [4.33, 3.77, 0.37]]","[145, 266, 165, 232, 207, 243, 265, 195, 204, 211, 190, 228]",14.8
479,1788358491747273170,307200,86247,12,11,165.2,"[30.4, 30.9, 82.4, 82.7, 91.2, 94.6, 103.1, 125.3, 138.7, 154.5, 165.2]","['RAIL', 'INSIDE', 'RAIL', 'INSIDE', 'INSIDE', 'NEAR', 'OUTSIDE', 'INSIDE', 'INSIDE', 'INSIDE', 'INSIDE']","[[0.19, 0.53, 0.33], [0.99, 1.22, 0.49], [0.21, 0.24, 0.9], [0.68, 4.57, 2.37], [4.42, 4.17, 2.27], [0.72, 0.17, 0.44], [0.78, 0.36, 0.64], [9.84, 4.44, 1.26], [8.51, 4.22, 0.7], [3.0, 4.66, 0.65], [3.0, 4.35, 0.36]]","[145, 266, 165, 232, 207, 243, 265, 195, 204, 190, 228]",15.7
480,1788358491858015738,307200,86239,12,11,165.8,"[30.4, 30.9, 82.4, 82.7, 93.1, 103.2, 126.0, 138.8, 148.4, 154.5, 165.8]","['RAIL', 'INSIDE', 'RAIL', 'INSIDE', 'OUTSIDE', 'OUTSIDE', 'INSIDE', 'INSIDE', 'RAIL', 'INSIDE', 'OUTSIDE']","[[0.18, 0.53, 0.33], [0.98, 1.21, 0.49], [0.15, 0.14, 0.69], [0.72, 4.53, 2.37], [0.62, 0.18, 1.44], [0.9, 0.2, 0.92], [8.5, 4.45, 1.13], [8.54, 4.22, 0.7], [0.03, 0.26, 0.22], [2.97, 4.66, 0.65], [4.27, 2.31, 0.37]]","[145, 266, 165, 232, 207, 265, 195, 204, 211, 190, 228]",13.2
481,1788358491953655887,307200,86205,14,12,165.2,"[28.2, 30.5, 30.9, 82.4, 82.7, 90.2, 103.2, 126.6, 138.1, 148.4, 154.5, 165.2]","['NEAR', 'RAIL', 'INSIDE', 'RAIL', 'INSIDE', 'INSIDE', 'OUTSIDE', 'INSIDE', 'INSIDE', 'RAIL', 'INSIDE', 'INSIDE']","[[0.56, 0.05, 1.26], [0.12, 0.52, 0.33], [1.02, 1.22, 0.49], [0.25, 0.23, 0.9], [0.72, 4.53, 2.37], [2.67, 4.2, 2.24], [0.89, 0.2, 0.92], [7.28, 4.44, 1.13], [7.14, 4.22, 0.7], [0.03, 0.26, 0.22], [2.96, 4.66, 0.65], [2.99, 4.06, 0.36]]","[261, 145, 266, 165, 232, 207, 265, 195, 204, 211, 190, 228]",13.8
482,1788358492052480969,307200,86214,11,8,165.8,"[30.4, 82.4, 83.3, 91.7, 103.2, 126.5, 138.7, 165.8]","['RAIL', 'RAIL', 'INSIDE', 'INSIDE', 'OUTSIDE', 'INSIDE', 'INSIDE', 'INSIDE']","[[0.18, 0.58, 0.33], [0.2, 0.23, 0.9], [1.78, 4.42, 2.37], [3.44, 4.2, 1.64], [0.87, 0.2, 0.92], [7.26, 4.45, 0.86], [8.53, 4.33, 0.7], [4.39, 3.48, 0.37]]","[145, 165, 232, 207, 265, 195, 204, 228]",13.9
483,1788358492155764774,307200,86231,11,11,165.8,"[30.4, 82.4, 82.7, 91.1, 94.6, 103.2, 125.3, 138.8, 148.4, 154.5, 165.8]","['RAIL', 'RAIL', 'INSIDE', 'INSIDE', 'NEAR', 'OUTSIDE', 'INSIDE', 'INSIDE', 'RAIL', 'INSIDE', 'INSIDE']","[[0.21, 0.53, 0.33], [0.25, 0.23, 0.9], [0.74, 4.53, 2.37], [4.48, 4.17, 2.27], [0.73, 0.16, 0.44], [0.9, 0.31, 0.92], [9.71, 4.44, 1.27], [8.55, 4.45, 0.7], [0.04, 0.26, 0.22], [3.01, 4.66, 0.65], [4.31, 4.06, 0.37]]","[145, 165, 232, 207, 243, 265, 195, 204, 211, 190, 228]",18.4
484,1788358492243040079,307200,86253,14,12,165.9,"[25.9, 30.4, 30.8, 82.4, 82.7, 91.1, 103.2, 125.3, 138.8, 148.4, 154.5, 165.9]","['RAIL', 'RAIL', 'INSIDE', 'RAIL', 'INSIDE', 'INSIDE', 'OUTSIDE', 'INSIDE', 'INSIDE', 'RAIL', 'INSIDE', 'INSIDE']","[[0.25, 0.19, 0.12], [0.19, 0.58, 0.33], [0.89, 1.22, 0.49], [0.22, 0.37, 0.9], [0.78, 4.52, 2.37], [4.6, 4.2, 2.27], [0.9, 0.2, 0.92], [9.76, 4.45, 0.99], [8.58, 4.22, 1.36], [0.03, 0.26, 0.22], [2.98, 4.66, 0.65], [4.35, 4.06, 0.37]]","[261, 145, 266, 165, 232, 207, 265, 195, 204, 211, 190, 228]",14.3
485,1788358492349849642,307200,86256,12,11,165.8,"[30.4, 30.9, 82.4, 82.7, 91.1, 103.4, 125.2, 138.8, 148.4, 154.5, 165.8]","['RAIL', 'INSIDE', 'RAIL', 'INSIDE', 'INSIDE', 'OUTSIDE', 'INSIDE', 'INSIDE', 'RAIL', 'INSIDE', 'OUTSIDE']","[[0.19, 0.53, 0.33], [0.92, 1.22, 0.49], [0.26, 0.37, 0.9], [0.8, 4.67, 2.37], [4.53, 4.19, 1.65], [1.31, 0.22, 1.79], [9.85, 4.44, 1.26], [8.57, 4.21, 1.36], [0.03, 0.26, 0.22], [2.99, 4.66, 0.65], [4.34, 2.02, 0.37]]","[145, 266, 165, 232, 207, 265, 195, 204, 211, 190, 228]",16.1
486,1788358492454021350,307200,86244,11,11,165.2,"[25.2, 30.5, 82.4, 83.3, 91.1, 94.6, 103.2, 127.5, 138.7, 154.5, 165.2]","['INSIDE', 'RAIL', 'RAIL', 'INSIDE', 'INSIDE', 'NEAR', 'OUTSIDE', 'INSIDE', 'INSIDE', 'INSIDE', 'INSIDE']","[[0.8, 1.07, 0.08], [0.12, 0.53, 0.33], [0.24, 0.38, 0.9], [1.94, 4.53, 2.37], [4.48, 4.19, 2.27], [0.71, 0.16, 0.44], [0.88, 0.31, 0.92], [11.36, 4.47, 1.5], [8.54, 4.22, 0.7], [2.97, 4.66, 0.65], [2.96, 3.77, 0.36]]","[261, 145, 165, 232, 207, 243, 265, 195, 204, 190, 228]",16.0
487,1788358492549677326,307200,86214,13,10,165.8,"[30.5, 30.9, 82.4, 82.7, 91.2, 103.2, 126.0, 138.7, 154.5, 165.8]","['RAIL', 'INSIDE', 'RAIL', 'INSIDE', 'INSIDE', 'OUTSIDE', 'INSIDE', 'INSIDE', 'INSIDE', 'INSIDE']","[[0.11, 0.53, 0.33], [0.97, 1.22, 0.49], [0.23, 0.38, 0.9], [0.71, 4.43, 2.37], [4.45, 4.19, 2.27], [0.91, 0.31, 0.92], [8.4, 4.43, 1.13], [8.52, 4.32, 0.7], [2.96, 4.66, 0.65], [4.3, 4.35, 0.37]]","[145, 266, 165, 232, 207, 265, 195, 204, 190, 228]",13.7
488,1788358492654849497,307200,86193,14,11,165.8,"[30.4, 30.8, 82.4, 83.1, 90.5, 92.2, 103.2, 125.3, 138.8, 154.6, 165.8]","['RAIL', 'INSIDE', 'RAIL', 'INSIDE', 'NEAR', 'INSIDE', 'OUTSIDE', 'INSIDE', 'INSIDE', 'INSIDE', 'INSIDE']","[[0.2, 0.53, 0.33], [0.9, 1.22, 0.49], [0.22, 0.23, 0.9], [1.47, 4.71, 2.37], [1.14, 0.22, 2.2], [2.42, 3.84, 1.44], [0.93, 0.2, 0.92], [9.86, 4.45, 1.26], [8.63, 3.96, 0.7], [3.01, 4.63, 0.65], [4.34, 3.48, 0.37]]","[145, 266, 165, 232, 207, 243, 265, 195, 204, 190, 228]",13.6
489,1788358492764146176,307200,86232,11,10,165.9,"[30.4, 30.9, 82.4, 89.9, 92.0, 103.2, 127.5, 138.8, 154.5, 165.9]","['RAIL', 'INSIDE', 'RAIL', 'NEAR', 'INSIDE', 'OUTSIDE', 'INSIDE', 'INSIDE', 'INSIDE', 'INSIDE']","[[0.22, 0.53, 0.33], [0.98, 1.22, 0.49], [0.25, 0.32, 0.9], [2.12, 0.23, 1.84], [2.0, 3.84, 0.83], [0.9, 0.2, 0.92], [11.42, 4.56, 1.13], [8.55, 4.33, 0.7], [3.03, 4.66, 0.65], [4.37, 4.35, 0.37]]","[145, 266, 165, 207, 243, 265, 195, 204, 190, 228]",18.6
490,1788358492851948195,307200,86239,15,12,165.2,"[30.5, 30.9, 82.4, 82.7, 89.9, 92.2, 103.2, 128.1, 138.8, 148.4, 154.5, 165.2]","['RAIL', 'INSIDE', 'RAIL', 'INSIDE', 'NEAR', 'INSIDE', 'OUTSIDE', 'INSIDE', 'INSIDE', 'RAIL', 'INSIDE', 'INSIDE']","[[0.13, 0.53, 0.33], [0.98, 1.21, 0.49], [0.25, 0.38, 0.9], [0.7, 4.44, 2.37], [2.11, 0.23, 1.59], [2.54, 3.84, 1.44], [0.86, 0.2, 0.92], [10.27, 4.55, 1.13], [8.53, 4.22, 0.7], [0.05, 0.26, 0.22], [2.97, 4.66, 0.65], [2.95, 4.06, 0.36]]","[145, 266, 165, 232, 207, 243, 265, 195, 204, 211, 190, 228]",18.2
491,1788358492940095937,307200,86193,13,9,165.9,"[30.4, 82.4, 82.7, 90.7, 103.2, 126.7, 138.8, 154.5, 165.9]","['RAIL', 'RAIL', 'INSIDE', 'INSIDE', 'OUTSIDE', 'INSIDE', 'INSIDE', 'INSIDE', 'INSIDE']","[[0.21, 0.53, 0.33], [0.21, 0.23, 0.9], [0.76, 4.53, 2.37], [1.68, 4.2, 2.24], [0.91, 0.2, 0.92], [12.84, 4.55, 1.26], [8.56, 4.33, 0.7], [3.04, 4.66, 0.65], [4.37, 4.35, 0.37]]","[145, 165, 232, 243, 265, 195, 204, 190, 228]",14.7
492,1788358493047679740,307200,86249,14,12,165.8,"[30.5, 30.9, 82.4, 82.7, 90.4, 92.2, 103.2, 126.9, 138.8, 148.4, 154.5, 165.8]","['RAIL', 'INSIDE', 'RAIL', 'INSIDE', 'NEAR', 'INSIDE', 'OUTSIDE', 'INSIDE', 'INSIDE', 'RAIL', 'INSIDE', 'INSIDE']","[[0.12, 0.53, 0.33], [0.96, 1.22, 0.49], [0.2, 0.37, 0.9], [0.65, 4.45, 2.37], [1.08, 0.18, 2.2], [2.44, 3.84, 1.44], [0.85, 0.36, 0.92], [12.93, 4.55, 1.26], [8.6, 4.22, 0.7], [0.05, 0.26, 0.22], [2.97, 4.66, 0.65], [4.27, 4.35, 0.37]]","[145, 266, 165, 232, 207, 243, 265, 195, 204, 211, 190, 228]",13.1
493,1788358493141027327,307200,86225,13,10,165.8,"[30.5, 30.9, 82.4, 82.7, 91.2, 103.2, 126.0, 138.8, 154.5, 165.8]","['RAIL', 'INSIDE', 'RAIL', 'INSIDE', 'INSIDE', 'OUTSIDE', 'INSIDE', 'INSIDE', 'INSIDE', 'INSIDE']","[[0.1, 0.53, 0.33], [0.96, 1.22, 0.49], [0.26, 0.51, 0.9], [0.77, 4.53, 2.37], [4.47, 4.2, 2.04], [0.89, 0.2, 0.92], [8.42, 4.47, 0.87], [8.57, 4.22, 1.36], [2.95, 4.66, 0.65], [4.34, 4.35, 0.37]]","[145, 266, 165, 232, 243, 265, 195, 204, 190, 228]",14.1
494,1788358493247251713,307200,86252,12,11,165.1,"[30.5, 30.9, 82.4, 82.7, 89.9, 103.3, 125.3, 138.7, 148.4, 154.6, 165.1]","['RAIL', 'INSIDE', 'RAIL', 'INSIDE', 'NEAR', 'OUTSIDE', 'INSIDE', 'INSIDE', 'RAIL', 'INSIDE', 'INSIDE']","[[0.13, 0.52, 0.33], [0.99, 1.22, 0.49], [0.2, 0.24, 0.9], [0.75, 4.67, 2.37], [2.1, 0.19, 1.58], [1.15, 0.36, 1.79], [9.88, 4.44, 1.26], [8.52, 4.45, 0.7], [0.03, 0.26, 0.22], [3.01, 4.66, 0.65], [2.94, 4.06, 0.36]]","[145, 266, 165, 232, 207, 265, 195, 204, 211, 190, 228]",14.5
495,1788358493351854234,307200,86208,13,10,165.1,"[30.5, 30.9, 82.4, 82.7, 90.7, 93.8, 103.2, 148.4, 154.5, 165.1]","['RAIL', 'INSIDE', 'RAIL', 'INSIDE', 'INSIDE', 'NEAR', 'OUTSIDE', 'RAIL', 'INSIDE', 'INSIDE']","[[0.13, 0.52, 0.33], [0.99, 1.22, 0.49], [0.24, 0.38, 0.9], [0.75, 4.67, 2.37], [1.69, 3.87, 2.24], [1.91, 0.11, 1.23], [0.88, 0.36, 0.92], [0.04, 0.26, 0.22], [3.0, 4.66, 0.65], [2.95, 4.06, 0.36]]","[145, 266, 165, 232, 243, 207, 265, 211, 190, 228]",13.7
496,1788358493457059715,307200,86340,10,10,165.9,"[30.5, 30.9, 82.4, 82.8, 91.1, 103.4, 126.8, 138.8, 154.5, 165.9]","['RAIL', 'INSIDE', 'RAIL', 'INSIDE', 'INSIDE', 'OUTSIDE', 'INSIDE', 'INSIDE', 'INSIDE', 'INSIDE']","[[0.14, 0.52, 0.33], [1.01, 1.22, 0.49], [0.22, 0.37, 0.9], [0.69, 4.59, 2.37], [4.47, 4.2, 1.9], [1.33, 0.22, 1.79], [12.95, 4.55, 1.26], [8.53, 4.22, 0.7], [2.99, 4.66, 0.65], [4.37, 4.35, 0.37]]","[145, 266, 165, 232, 243, 265, 195, 204, 190, 228]",13.6
497,1788358493548002139,307200,86283,12,10,165.2,"[30.5, 30.9, 82.4, 83.1, 91.1, 103.2, 125.2, 138.8, 154.5, 165.2]","['RAIL', 'INSIDE', 'RAIL', 'INSIDE', 'INSIDE', 'OUTSIDE', 'INSIDE', 'INSIDE', 'INSIDE', 'INSIDE']","[[0.13, 0.53, 0.33], [1.0, 1.22, 0.49], [0.18, 0.19, 0.9], [1.55, 4.53, 2.37], [4.51, 4.19, 2.24], [0.9, 0.2, 0.92], [9.9, 4.45, 1.26], [8.57, 4.33, 0.7], [2.99, 4.66, 0.65], [3.0, 4.06, 0.36]]","[145, 266, 165, 232, 243, 265, 195, 204, 190, 228]",14.1
498,1788358493640859708,307200,86243,16,11,165.9,"[30.5, 82.4, 83.1, 91.6, 94.6, 103.2, 127.6, 138.8, 148.4, 154.5, 165.9]","['RAIL', 'RAIL', 'INSIDE', 'INSIDE', 'NEAR', 'OUTSIDE', 'INSIDE', 'INSIDE', 'RAIL', 'INSIDE', 'INSIDE']","[[0.12, 0.53, 0.33], [0.26, 0.38, 0.9], [1.46, 4.48, 2.37], [3.44, 4.2, 2.24], [0.71, 0.16, 1.03], [0.88, 0.2, 0.92], [11.53, 4.55, 1.5], [8.57, 4.56, 1.36], [0.05, 0.26, 0.22], [3.0, 4.66, 0.65], [4.36, 4.34, 0.37]]","[145, 165, 232, 243, 207, 265, 195, 204, 211, 190, 228]",13.5
499,1788358493746352751,307200,86211,15,11,165.8,"[30.5, 30.9, 82.4, 82.7, 91.6, 103.1, 127.5, 138.8, 148.4, 154.5, 165.8]","['RAIL', 'INSIDE', 'RAIL', 'INSIDE', 'INSIDE', 'OUTSIDE', 'INSIDE', 'INSIDE', 'RAIL', 'INSIDE', 'INSIDE']","[[0.12, 0.52, 0.33], [1.0, 1.22, 0.49], [0.27, 0.37, 0.9], [0.64, 4.43, 2.37], [3.5, 4.2, 2.27], [0.86, 0.31, 0.92], [11.44, 4.55, 1.13], [8.55, 4.47, 0.7], [0.03, 0.26, 0.22], [2.99, 4.66, 0.65], [4.29, 3.77, 0.37]]","[145, 266, 165, 232, 243, 265, 195, 204, 211, 190, 228]",13.6
500,1788358493849866063,307200,86224,10,9,165.1,"[30.4, 30.9, 82.4, 82.7, 89.9, 92.1, 103.2, 154.5, 165.1]","['RAIL', 'INSIDE', 'RAIL', 'INSIDE', 'NEAR', 'INSIDE', 'OUTSIDE', 'INSIDE', 'INSIDE']","[[0.2, 0.53, 0.27], [0.95, 1.22, 0.49], [0.23, 0.51, 0.9], [0.66, 4.44, 2.37], [2.03, 0.22, 2.2], [2.45, 3.84, 1.44], [0.92, 0.36, 0.92], [3.0, 4.66, 0.65], [2.99, 3.77, 0.36]]","[145, 266, 165, 232, 243, 207, 265, 190, 228]",13.2
501,1788358493937171460,307200,86234,13,11,165.1,"[30.5, 30.9, 82.4, 82.7, 90.2, 92.2, 103.4, 125.2, 138.8, 154.5, 165.1]","['RAIL', 'INSIDE', 'RAIL', 'INSIDE', 'NEAR', 'INSIDE', 'OUTSIDE', 'INSIDE', 'INSIDE', 'INSIDE', 'INSIDE']","[[0.14, 0.53, 0.27], [0.96, 1.22, 0.49], [0.22, 0.23, 0.9], [0.68, 4.59, 2.37], [0.62, 0.22, 2.21], [2.44, 3.84, 1.44], [1.44, 0.36, 1.79], [9.84, 4.44, 1.26], [8.6, 4.22, 0.7], [3.03, 4.66, 0.65], [2.96, 3.19, 0.36]]","[145, 266, 165, 232, 243, 207, 265, 195, 204, 190, 228]",13.0
502,1788358494047209707,307200,86249,12,10,165.2,"[30.4, 30.9, 82.4, 82.7, 91.2, 103.2, 126.8, 138.8, 154.5, 165.2]","['RAIL', 'INSIDE', 'RAIL', 'INSIDE', 'INSIDE', 'OUTSIDE', 'INSIDE', 'INSIDE', 'INSIDE', 'INSIDE']","[[0.21, 0.53, 0.33], [1.0, 1.22, 0.49], [0.2, 0.37, 0.9], [0.77, 4.44, 2.37], [4.37, 4.19, 1.46], [0.89, 0.36, 0.92], [12.83, 4.55, 1.26], [8.6, 4.22, 0.7], [2.98, 4.66, 0.65], [2.99, 4.34, 0.36]]","[145, 266, 165, 232, 207, 265, 195, 204, 190, 228]",13.6
503,1788358494146380061,307200,86274,10,10,165.9,"[30.4, 30.8, 82.4, 82.7, 91.6, 103.2, 127.5, 138.8, 154.5, 165.9]","['RAIL', 'INSIDE', 'RAIL', 'INSIDE', 'INSIDE', 'OUTSIDE', 'INSIDE', 'INSIDE', 'INSIDE', 'INSIDE']","[[0.16, 0.58, 0.33], [0.95, 1.22, 0.24], [0.24, 0.37, 0.9], [0.74, 4.53, 2.37], [3.5, 4.2, 2.27], [0.87, 0.2, 0.92], [11.45, 4.56, 1.13], [8.55, 4.21, 0.7], [3.03, 4.66, 0.65], [4.4, 3.48, 0.37]]","[145, 266, 165, 232, 207, 265, 195, 204, 190, 228]",14.8
504,1788358494253049498,307200,86226,13,10,165.1,"[28.2, 30.4, 82.4, 82.7, 90.5, 103.2, 127.5, 138.8, 154.5, 165.1]","['NEAR', 'RAIL', 'RAIL', 'INSIDE', 'NEAR', 'OUTSIDE', 'INSIDE', 'INSIDE', 'INSIDE', 'INSIDE']","[[0.55, 0.05, 1.26], [0.18, 0.58, 0.33], [0.22, 0.51, 0.9], [0.68, 4.62, 2.37], [1.17, 0.22, 2.21], [0.87, 0.2, 0.92], [11.32, 4.55, 1.13], [8.61, 4.22, 0.7], [3.02, 4.66, 0.65], [2.95, 4.34, 0.36]]","[270, 145, 165, 232, 243, 265, 195, 204, 190, 228]",14.1
505,1788358494342615030,307200,86224,14,13,165.1,"[28.2, 30.4, 30.9, 82.4, 82.8, 89.9, 92.1, 103.2, 128.1, 138.8, 148.4, 154.5, 165.1]","['NEAR', 'RAIL', 'INSIDE', 'RAIL', 'INSIDE', 'RAIL', 'INSIDE', 'OUTSIDE', 'INSIDE', 'INSIDE', 'RAIL', 'INSIDE', 'INSIDE']","[[0.55, 0.05, 1.26], [0.12, 0.57, 0.12], [0.98, 1.21, 0.49], [0.25, 0.38, 0.9], [0.68, 4.48, 2.37], [2.07, 0.08, 0.99], [2.54, 3.84, 1.41], [0.9, 0.2, 0.92], [10.33, 4.49, 1.5], [8.58, 4.22, 0.7], [0.04, 0.26, 0.22], [2.98, 4.66, 0.65], [2.93, 4.05, 0.36]]","[270, 145, 266, 165, 232, 243, 207, 265, 195, 204, 211, 190, 228]",12.1
506,1788358494449072968,307200,86226,12,10,165.8,"[30.4, 30.9, 82.4, 83.1, 91.1, 103.4, 127.5, 138.8, 154.5, 165.8]","['RAIL', 'INSIDE', 'RAIL', 'INSIDE', 'INSIDE', 'OUTSIDE', 'INSIDE', 'INSIDE', 'INSIDE', 'INSIDE']","[[0.16, 0.58, 0.27], [1.0, 1.22, 0.49], [0.24, 0.37, 0.9], [1.48, 4.48, 2.37], [4.5, 4.19, 2.24], [1.27, 0.22, 1.79], [11.52, 4.55, 1.13], [8.55, 4.33, 0.7], [2.95, 4.66, 0.65], [4.31, 4.35, 0.37]]","[145, 266, 165, 232, 207, 265, 195, 204, 190, 228]",13.9
507,1788358494559845456,307200,86260,14,12,165.2,"[30.5, 30.9, 82.4, 83.1, 90.7, 94.6, 103.2, 126.0, 138.8, 148.4, 154.5, 165.2]","['RAIL', 'INSIDE', 'RAIL', 'INSIDE', 'INSIDE', 'NEAR', 'OUTSIDE', 'INSIDE', 'INSIDE', 'RAIL', 'INSIDE', 'INSIDE']","[[0.11, 0.53, 0.33], [1.0, 1.22, 0.49], [0.18, 0.24, 0.9], [1.5, 4.44, 2.37], [1.67, 4.2, 2.24], [0.6, 0.16, 0.44], [0.9, 0.2, 0.92], [8.42, 4.45, 1.13], [8.55, 4.22, 0.7], [0.05, 0.26, 0.22], [3.0, 4.66, 0.65], [3.0, 4.35, 0.36]]","[145, 266, 165, 232, 207, 243, 265, 195, 204, 211, 190, 228]",12.0
508,1788358494658152694,307200,86194,14,11,165.8,"[28.2, 30.4, 82.4, 82.7, 89.8, 103.3, 126.6, 138.8, 148.4, 154.5, 165.8]","['NEAR', 'RAIL', 'RAIL', 'INSIDE', 'NEAR', 'OUTSIDE', 'INSIDE', 'INSIDE', 'RAIL', 'INSIDE', 'INSIDE']","[[0.56, 0.05, 1.26], [0.2, 0.53, 0.33], [0.25, 0.24, 0.9], [0.64, 4.57, 2.37], [2.02, 0.23, 1.84], [1.19, 0.36, 1.79], [7.26, 4.44, 1.13], [8.61, 3.97, 0.7], [0.03, 0.26, 0.22], [3.01, 4.66, 0.65], [4.28, 4.35, 0.37]]","[270, 145, 165, 232, 207, 265, 195, 204, 211, 190, 228]",13.8
509,1788358494754605757,307200,86184,13,11,165.8,"[28.2, 30.4, 30.9, 82.4, 83.1, 94.6, 103.2, 126.6, 138.8, 154.5, 165.8]","['NEAR', 'RAIL', 'INSIDE', 'RAIL', 'INSIDE', 'NEAR', 'OUTSIDE', 'INSIDE', 'INSIDE', 'INSIDE', 'INSIDE']","[[0.52, 0.05, 1.26], [0.16, 0.58, 0.33], [0.92, 1.22, 0.49], [0.2, 0.23, 0.9], [1.53, 4.67, 2.37], [0.82, 0.15, 0.62], [0.91, 0.2, 0.92], [7.29, 4.45, 1.13], [8.55, 4.33, 0.7], [2.98, 4.66, 0.65], [4.33, 4.35, 0.37]]","[270, 145, 266, 165, 232, 243, 265, 195, 204, 190, 228]",14.1
510,1788358494837357346,307200,86256,16,13,165.8,"[25.9, 28.2, 29.8, 30.4, 82.4, 82.7, 89.9, 94.6, 103.2, 128.1, 138.7, 154.5, 165.8]","['RAIL', 'NEAR', 'RAIL', 'NEAR', 'RAIL', 'INSIDE', 'NEAR', 'NEAR', 'OUTSIDE', 'INSIDE', 'INSIDE', 'INSIDE', 'INSIDE']","[[0.28, 0.21, 0.12], [0.62, 0.05, 1.26], [0.17, 0.58, 0.27], [1.54, 0.05, 1.85], [0.23, 0.23, 0.9], [0.65, 4.48, 2.37], [2.09, 0.23, 2.21], [0.67, 0.17, 0.44], [0.87, 0.2, 0.92], [10.35, 4.56, 1.13], [8.52, 4.21, 0.7], [2.97, 4.66, 0.65], [4.35, 4.35, 0.37]]","[270, 272, 145, 266, 165, 232, 207, 243, 265, 195, 204, 190, 228]",14.0
511,1788358494967623055,307200,86234,14,10,165.2,"[28.2, 29.8, 82.4, 83.2, 89.9, 103.2, 125.3, 138.8, 154.5, 165.2]","['NEAR', 'NEAR', 'RAIL', 'INSIDE', 'NEAR', 'OUTSIDE', 'INSIDE', 'INSIDE', 'INSIDE', 'INSIDE']","[[0.52, 0.05, 1.26], [1.51, 0.06, 1.85], [0.24, 0.38, 0.9], [1.8, 4.53, 2.37], [2.15, 0.23, 2.21], [0.89, 0.2, 0.92], [9.77, 4.44, 1.26], [8.55, 4.22, 0.7], [2.95, 4.66, 0.65], [3.01, 4.35, 0.36]]","[272, 266, 165, 232, 207, 265, 195, 204, 190, 228]",15.0
512,1788358495054597496,307200,86193,11,10,165.9,"[25.2, 28.2, 82.4, 89.9, 92.1, 103.2, 126.8, 138.8, 154.5, 165.9]","['INSIDE', 'NEAR', 'RAIL', 'NEAR', 'INSIDE', 'OUTSIDE', 'INSIDE', 'INSIDE', 'INSIDE', 'INSIDE']","[[0.88, 1.73, 0.08], [0.54, 0.06, 1.26], [0.2, 0.23, 0.9], [2.21, 0.23, 2.2], [2.5, 3.84, 1.44], [0.92, 0.2, 0.92], [12.81, 4.55, 1.26], [8.54, 4.22, 0.7], [3.0, 4.66, 0.65], [4.41, 3.77, 0.37]]","[272, 266, 165, 207, 273, 265, 195, 204, 190, 228]",13.8
513,1788358495148164279,307200,86250,13,11,154.5,"[28.2, 30.4, 82.4, 82.8, 89.5, 92.2, 98.2, 103.2, 125.2, 138.8, 154.5]","['NEAR', 'RAIL', 'RAIL', 'INSIDE', 'NEAR', 'INSIDE', 'INSIDE', 'OUTSIDE', 'INSIDE', 'INSIDE', 'INSIDE']","[[0.52, 0.05, 1.26], [0.17, 0.57, 0.33], [0.24, 0.51, 0.9], [0.69, 4.59, 2.37], [1.25, 0.23, 2.21], [2.4, 3.86, 1.44], [2.38, 4.15, 1.76], [0.92, 0.2, 0.92], [9.9, 4.44, 1.26], [8.55, 4.56, 0.7], [2.99, 4.66, 0.65]]","[266, 145, 165, 232, 207, 273, 243, 265, 195, 204, 190]",13.2
514,1788358495250139760,307200,86230,13,11,165.8,"[30.4, 45.6, 82.4, 82.7, 90.3, 92.1, 103.2, 128.1, 138.0, 154.5, 165.8]","['RAIL', 'RAIL', 'RAIL', 'INSIDE', 'NEAR', 'INSIDE', 'OUTSIDE', 'INSIDE', 'INSIDE', 'INSIDE', 'INSIDE']","[[0.21, 0.53, 0.33], [0.49, 0.19, 0.4], [0.26, 0.39, 0.9], [0.7, 4.53, 2.37], [0.88, 0.22, 2.2], [2.48, 3.84, 1.44], [0.89, 0.31, 0.92], [10.4, 4.55, 1.13], [7.09, 4.22, 0.7], [3.01, 4.66, 0.65], [4.34, 4.35, 0.37]]","[145, 269, 165, 232, 207, 273, 265, 195, 204, 190, 228]",16.2
515,1788358495349810469,307200,86282,12,10,165.9,"[25.9, 82.4, 82.7, 91.7, 103.1, 125.2, 138.8, 148.4, 154.5, 165.9]","['RAIL', 'RAIL', 'INSIDE', 'INSIDE', 'OUTSIDE', 'INSIDE', 'INSIDE', 'RAIL', 'INSIDE', 'INSIDE']","[[0.25, 0.19, 0.12], [0.2, 0.23, 0.9], [0.75, 4.53, 2.37], [3.49, 4.2, 2.27], [0.88, 0.36, 0.92], [9.83, 4.45, 1.26], [8.55, 4.21, 0.7], [0.07, 0.26, 0.22], [2.95, 4.66, 0.65], [4.41, 4.35, 0.37]]","[270, 165, 232, 273, 265, 195, 204, 211, 190, 228]",13.1
516,1788358495451574911,307200,86254,14,11,165.8,"[30.4, 82.4, 82.7, 89.9, 92.5, 103.2, 125.2, 138.8, 148.4, 154.5, 165.8]","['RAIL', 'RAIL', 'INSIDE', 'NEAR', 'INSIDE', 'OUTSIDE', 'INSIDE', 'INSIDE', 'RAIL', 'INSIDE', 'INSIDE']","[[0.17, 0.58, 0.33], [0.25, 0.38, 0.9], [0.74, 4.53, 2.37], [2.06, 0.23, 1.84], [1.88, 3.73, 1.44], [0.88, 0.36, 0.92], [9.84, 4.45, 1.26], [8.57, 4.08, 0.7], [0.06, 0.26, 0.22], [3.01, 4.66, 0.65], [4.32, 3.77, 0.37]]","[145, 165, 232, 207, 273, 265, 195, 204, 211, 190, 228]",14.6
517,1788358495540597114,307200,86252,14,10,165.2,"[30.5, 82.4, 82.7, 89.9, 92.1, 103.2, 128.1, 138.8, 154.5, 165.2]","['RAIL', 'RAIL', 'INSIDE', 'NEAR', 'INSIDE', 'OUTSIDE', 'INSIDE', 'INSIDE', 'INSIDE', 'INSIDE']","[[0.13, 0.53, 0.33], [0.2, 0.24, 0.9], [0.78, 4.67, 2.37], [2.16, 0.23, 2.2], [2.44, 3.84, 1.41], [0.9, 0.36, 0.92], [10.3, 4.55, 1.13], [8.63, 4.21, 0.7], [3.0, 4.39, 0.65], [2.97, 4.35, 0.36]]","[145, 165, 232, 207, 273, 265, 195, 204, 190, 228]",14.9
518,1788358495660941513,307200,86297,13,10,165.2,"[30.4, 82.4, 82.7, 90.0, 92.2, 103.2, 126.6, 138.7, 154.5, 165.2]","['RAIL', 'RAIL', 'INSIDE', 'NEAR', 'INSIDE', 'OUTSIDE', 'INSIDE', 'INSIDE', 'INSIDE', 'INSIDE']","[[0.12, 0.58, 0.12], [0.2, 0.38, 0.9], [0.73, 4.53, 2.37], [2.1, 0.22, 2.21], [2.52, 3.84, 1.44], [0.91, 0.31, 0.92], [7.29, 4.45, 0.86], [8.52, 4.33, 1.36], [2.96, 4.66, 0.65], [3.0, 4.34, 0.36]]","[145, 165, 232, 207, 273, 265, 195, 204, 190, 228]",17.3
519,1788358495762694423,307200,86233,16,13,165.9,"[28.2, 30.4, 82.4, 82.7, 89.9, 92.1, 98.2, 103.2, 125.3, 138.8, 148.4, 154.5, 165.9]","['NEAR', 'RAIL', 'RAIL', 'INSIDE', 'NEAR', 'INSIDE', 'INSIDE', 'OUTSIDE', 'INSIDE', 'INSIDE', 'RAIL', 'INSIDE', 'INSIDE']","[[0.57, 0.05, 1.26], [0.2, 0.53, 0.33], [0.24, 0.38, 0.9], [0.73, 4.53, 2.37], [2.08, 0.23, 2.21], [2.59, 3.84, 1.44], [2.31, 4.16, 1.48], [0.91, 0.2, 0.92], [9.87, 4.44, 1.26], [8.57, 4.21, 0.7], [0.04, 0.26, 0.22], [2.99, 4.66, 0.65], [4.37, 4.35, 0.37]]","[266, 145, 165, 232, 207, 273, 243, 265, 195, 204, 211, 190, 228]",14.5
520,1788358495846465739,307200,86281,12,11,165.8,"[30.5, 82.4, 82.7, 89.9, 92.1, 103.2, 128.1, 138.8, 148.4, 154.5, 165.8]","['RAIL', 'RAIL', 'INSIDE', 'NEAR', 'INSIDE', 'OUTSIDE', 'INSIDE', 'INSIDE', 'RAIL', 'INSIDE', 'INSIDE']","[[0.13, 0.53, 0.27], [0.2, 0.37, 0.9], [0.71, 4.53, 2.37], [2.07, 0.23, 1.84], [2.51, 3.84, 1.44], [0.89, 0.31, 0.92], [10.4, 4.55, 1.13], [8.58, 4.22, 0.7], [0.06, 0.26, 0.22], [2.98, 4.66, 0.65], [4.25, 4.35, 0.37]]","[145, 165, 232, 207, 273, 265, 195, 204, 211, 190, 228]",15.6
521,1788358495952909565,307200,86266,12,10,165.2,"[82.4, 82.7, 89.9, 92.2, 94.5, 103.2, 126.0, 138.8, 154.5, 165.2]","['RAIL', 'INSIDE', 'NEAR', 'INSIDE', 'NEAR', 'OUTSIDE', 'INSIDE', 'INSIDE', 'INSIDE', 'INSIDE']","[[0.22, 0.23, 0.9], [0.63, 4.43, 2.37], [1.94, 0.23, 1.84], [2.5, 3.84, 1.41], [0.69, 0.16, 0.44], [0.91, 0.31, 0.92], [8.45, 4.44, 1.13], [8.54, 4.21, 0.7], [2.95, 4.66, 0.65], [3.0, 3.77, 0.36]]","[165, 232, 207, 273, 243, 265, 195, 204, 190, 228]",15.0
522,1788358496051072817,307200,86177,13,10,165.9,"[28.2, 30.4, 82.4, 82.7, 91.7, 103.2, 125.2, 138.8, 154.5, 165.9]","['NEAR', 'RAIL', 'RAIL', 'INSIDE', 'INSIDE', 'OUTSIDE', 'INSIDE', 'INSIDE', 'INSIDE', 'INSIDE']","[[0.52, 0.05, 1.26], [0.2, 0.53, 0.33], [0.22, 0.24, 0.9], [0.67, 4.59, 2.37], [3.53, 4.07, 2.27], [0.93, 0.2, 0.92], [9.86, 4.46, 1.26], [8.62, 4.22, 1.36], [2.97, 4.66, 0.65], [4.42, 4.06, 0.37]]","[266, 145, 165, 232, 273, 265, 195, 204, 190, 228]",13.9
523,1788358496146655941,307200,86197,15,12,165.1,"[28.2, 30.4, 82.4, 83.1, 91.1, 98.2, 103.2, 127.5, 138.8, 148.4, 154.5, 165.1]","['NEAR', 'RAIL', 'RAIL', 'INSIDE', 'INSIDE', 'INSIDE', 'OUTSIDE', 'INSIDE', 'INSIDE', 'RAIL', 'INSIDE', 'INSIDE']","[[0.58, 0.05, 1.26], [0.2, 0.53, 0.33], [0.18, 0.24, 0.9], [1.57, 4.53, 2.37], [4.43, 4.16, 1.64], [2.36, 4.14, 1.76], [0.87, 0.31, 0.92], [11.46, 4.55, 1.13], [8.62, 4.21, 1.36], [0.03, 0.26, 0.22], [2.97, 4.66, 0.65], [2.95, 4.35, 0.36]]","[266, 145, 165, 232, 273, 243, 265, 195, 204, 211, 190, 228]",13.7
524,1788358496251029992,307200,86289,14,10,165.8,"[30.5, 82.4, 82.7, 91.2, 94.6, 125.3, 138.8, 148.4, 154.5, 165.8]","['RAIL', 'RAIL', 'INSIDE', 'INSIDE', 'NEAR', 'INSIDE', 'INSIDE', 'RAIL', 'INSIDE', 'INSIDE']","[[0.13, 0.53, 0.33], [0.21, 0.23, 0.9], [0.66, 4.44, 2.37], [4.48, 4.2, 1.61], [0.69, 0.17, 0.44], [9.85, 4.44, 1.26], [8.55, 4.22, 0.7], [0.03, 0.26, 0.22], [2.97, 4.66, 0.65], [4.32, 4.35, 0.37]]","[145, 165, 232, 273, 243, 195, 204, 211, 190, 228]",12.6
525,1788358496349420005,307200,86267,12,11,165.2,"[28.7, 82.4, 83.1, 90.0, 92.3, 94.6, 103.2, 126.5, 138.7, 154.5, 165.2]","['NEAR', 'RAIL', 'INSIDE', 'NEAR', 'INSIDE', 'NEAR', 'OUTSIDE', 'INSIDE', 'INSIDE', 'INSIDE', 'INSIDE']","[[1.4, 0.05, 1.27], [0.24, 0.24, 0.9], [1.54, 4.53, 2.37], [0.25, 0.22, 1.4], [2.18, 4.17, 1.41], [0.77, 0.16, 0.44], [0.87, 0.36, 0.92], [7.25, 4.44, 1.13], [8.53, 4.22, 0.7], [2.91, 4.66, 0.65], [2.98, 4.06, 0.36]]","[266, 165, 232, 207, 273, 243, 265, 195, 204, 190, 228]",12.6
526,1788358496442617285,307200,86223,11,10,165.9,"[28.2, 30.9, 82.4, 82.7, 91.2, 103.2, 126.8, 138.8, 154.5, 165.9]","['NEAR', 'INSIDE', 'RAIL', 'INSIDE', 'INSIDE', 'OUTSIDE', 'INSIDE', 'INSIDE', 'INSIDE', 'INSIDE']","[[0.55, 0.05, 1.26], [1.0, 1.22, 0.49], [0.18, 0.14, 0.9], [0.75, 4.53, 2.37], [4.46, 4.2, 1.64], [0.87, 0.36, 0.92], [12.78, 4.55, 1.27], [8.56, 4.32, 0.7], [2.97, 4.66, 0.65], [4.35, 4.35, 0.37]]","[266, 279, 165, 232, 273, 265, 195, 204, 190, 228]",14.0
527,1788358496549989877,307200,86269,16,11,165.1,"[25.2, 30.4, 30.9, 82.4, 90.4, 103.4, 126.8, 138.8, 148.4, 154.5, 165.1]","['INSIDE', 'RAIL', 'INSIDE', 'RAIL', 'NEAR', 'OUTSIDE', 'INSIDE', 'INSIDE', 'RAIL', 'INSIDE', 'INSIDE']","[[0.89, 1.73, 0.09], [0.16, 0.58, 0.27], [1.02, 1.22, 0.25], [0.21, 0.24, 0.9], [1.08, 0.22, 2.2], [1.32, 0.31, 1.79], [12.91, 4.55, 1.26], [8.6, 4.22, 0.7], [0.04, 0.34, 0.22], [2.99, 4.66, 0.65], [2.97, 4.35, 0.36]]","[266, 145, 279, 165, 207, 265, 195, 204, 211, 190, 228]",12.1
528,1788358496647330030,307200,86226,11,10,165.1,"[30.4, 30.9, 82.4, 82.7, 90.4, 103.2, 126.0, 138.8, 154.5, 165.1]","['RAIL', 'INSIDE', 'RAIL', 'INSIDE', 'NEAR', 'OUTSIDE', 'INSIDE', 'INSIDE', 'INSIDE', 'INSIDE']","[[0.15, 0.58, 0.33], [0.97, 1.21, 0.49], [0.25, 0.38, 0.9], [0.65, 4.53, 2.37], [1.08, 0.22, 1.58], [0.88, 0.2, 0.92], [8.34, 4.45, 1.13], [8.56, 4.56, 0.7], [2.97, 4.66, 0.65], [2.96, 3.77, 0.36]]","[145, 279, 165, 232, 207, 265, 195, 204, 190, 228]",11.9
529,1788358496774796121,307200,86273,8,8,165.9,"[82.4, 83.1, 91.2, 103.2, 126.8, 138.8, 154.5, 165.9]","['RAIL', 'INSIDE', 'INSIDE', 'OUTSIDE', 'INSIDE', 'INSIDE', 'INSIDE', 'INSIDE']","[[0.21, 0.38, 0.9], [1.45, 4.63, 2.37], [4.28, 4.09, 2.27], [0.89, 0.31, 0.92], [12.96, 4.67, 1.26], [8.54, 4.33, 1.36], [2.99, 4.66, 0.65], [4.38, 4.35, 0.37]]","[165, 232, 273, 265, 195, 204, 190, 228]",13.3
530,1788358496851156780,307200,86223,13,11,165.9,"[30.4, 30.9, 82.4, 82.7, 91.1, 103.2, 126.9, 138.8, 148.4, 154.5, 165.9]","['RAIL', 'INSIDE', 'RAIL', 'INSIDE', 'INSIDE', 'OUTSIDE', 'INSIDE', 'INSIDE', 'RAIL', 'INSIDE', 'INSIDE']","[[0.22, 0.53, 0.33], [1.01, 1.22, 0.49], [0.24, 0.38, 0.9], [0.76, 4.53, 2.37], [4.41, 4.2, 2.27], [0.88, 0.36, 0.92], [13.07, 4.59, 1.27], [8.57, 4.47, 0.7], [0.03, 0.26, 0.22], [2.99, 4.66, 0.65], [4.39, 4.06, 0.37]]","[145, 279, 165, 232, 273, 265, 195, 204, 211, 190, 228]",12.1
531,1788358496944316545,307200,86277,12,10,165.8,"[30.5, 30.9, 82.4, 83.1, 91.2, 103.2, 126.7, 138.8, 154.5, 165.8]","['RAIL', 'INSIDE', 'RAIL', 'INSIDE', 'INSIDE', 'OUTSIDE', 'INSIDE', 'INSIDE', 'INSIDE', 'INSIDE']","[[0.12, 0.53, 0.33], [0.95, 1.22, 0.49], [0.24, 0.23, 0.9], [1.56, 4.53, 2.37], [4.37, 4.2, 2.24], [0.87, 0.2, 0.92], [12.75, 4.47, 1.63], [8.57, 4.56, 0.7], [2.97, 4.66, 0.65], [4.34, 4.35, 0.37]]","[145, 279, 165, 232, 273, 265, 195, 204, 190, 228]",14.9
532,1788358497045829885,307200,86239,16,13,165.2,"[30.5, 30.9, 82.4, 82.7, 90.2, 93.1, 94.6, 103.2, 127.5, 138.8, 148.4, 154.5, 165.2]","['RAIL', 'INSIDE', 'RAIL', 'INSIDE', 'INSIDE', 'OUTSIDE', 'NEAR', 'OUTSIDE', 'INSIDE', 'INSIDE', 'RAIL', 'INSIDE', 'INSIDE']","[[0.18, 0.58, 0.27], [1.02, 1.22, 0.49], [0.25, 0.38, 0.9], [0.72, 4.53, 2.37], [2.71, 4.18, 2.24], [0.6, 0.18, 1.44], [0.73, 0.17, 0.44], [0.93, 0.2, 0.92], [11.36, 4.55, 0.86], [8.54, 4.22, 1.36], [0.05, 0.26, 0.22], [3.0, 4.66, 0.65], [3.06, 3.19, 0.36]]","[145, 279, 165, 232, 273, 243, 207, 265, 195, 204, 211, 190, 228]",13.4
533,1788358497146989559,307200,86311,13,12,165.8,"[28.7, 30.9, 82.4, 83.1, 91.1, 98.2, 103.2, 126.8, 138.8, 148.4, 154.5, 165.8]","['NEAR', 'INSIDE', 'RAIL', 'INSIDE', 'INSIDE', 'INSIDE', 'OUTSIDE', 'INSIDE', 'INSIDE', 'RAIL', 'INSIDE', 'INSIDE']","[[1.43, 0.05, 1.27], [0.96, 1.22, 0.49], [0.21, 0.37, 0.9], [1.43, 4.45, 2.37], [4.55, 4.2, 2.27], [2.33, 4.13, 1.76], [0.92, 0.2, 0.92], [12.92, 4.59, 1.27], [8.56, 4.56, 0.7], [0.05, 0.26, 0.22], [3.05, 4.66, 0.65], [4.23, 4.08, 0.37]]","[280, 279, 165, 232, 273, 207, 265, 195, 204, 211, 190, 228]",19.5
534,1788358497261727108,307200,86242,13,10,165.8,"[28.2, 30.9, 82.4, 82.7, 89.9, 103.2, 125.3, 138.7, 154.5, 165.8]","['NEAR', 'INSIDE', 'RAIL', 'INSIDE', 'NEAR', 'OUTSIDE', 'INSIDE', 'INSIDE', 'INSIDE', 'INSIDE']","[[0.55, 0.06, 1.26], [0.98, 1.22, 0.49], [0.25, 0.38, 0.9], [0.72, 4.53, 2.37], [2.15, 0.23, 1.58], [0.91, 0.2, 0.92], [9.81, 4.44, 1.26], [8.52, 4.21, 0.7], [3.01, 4.66, 0.65], [4.32, 4.35, 0.37]]","[280, 279, 165, 232, 273, 265, 195, 204, 190, 228]",14.4
535,1788358497349829538,307200,86241,14,12,165.1,"[28.2, 30.5, 30.9, 82.4, 82.7, 91.1, 98.3, 103.2, 126.7, 138.8, 154.5, 165.1]","['NEAR', 'RAIL', 'INSIDE', 'RAIL', 'INSIDE', 'INSIDE', 'NEAR', 'OUTSIDE', 'INSIDE', 'INSIDE', 'INSIDE', 'INSIDE']","[[0.56, 0.05, 1.26], [0.13, 0.53, 0.33], [0.96, 1.21, 0.49], [0.21, 0.34, 0.9], [0.69, 4.53, 2.37], [4.51, 4.19, 1.61], [1.33, 0.05, 1.33], [0.9, 0.31, 0.92], [12.84, 4.47, 1.63], [8.61, 4.22, 1.36], [2.95, 4.66, 0.65], [2.91, 4.35, 0.36]]","[280, 145, 279, 165, 232, 273, 207, 265, 195, 204, 190, 228]",14.0
536,1788358497453374573,307200,86229,12,10,165.1,"[28.2, 30.4, 82.4, 83.1, 89.9, 103.2, 125.3, 138.8, 154.5, 165.1]","['NEAR', 'RAIL', 'RAIL', 'INSIDE', 'NEAR', 'OUTSIDE', 'INSIDE', 'INSIDE', 'INSIDE', 'OUTSIDE']","[[0.56, 0.05, 1.26], [0.16, 0.58, 0.33], [0.2, 0.24, 0.9], [1.54, 4.53, 2.37], [2.08, 0.22, 1.84], [0.9, 0.31, 0.92], [9.78, 4.44, 1.26], [8.57, 4.33, 0.7], [3.01, 4.66, 0.65], [2.94, 2.31, 0.36]]","[280, 145, 165, 232, 273, 265, 195, 204, 190, 228]",22.1
537,1788358497543889897,307200,86194,13,12,165.8,"[28.2, 30.4, 30.9, 82.4, 83.1, 89.9, 92.2, 103.4, 126.8, 138.8, 154.6, 165.8]","['NEAR', 'RAIL', 'INSIDE', 'RAIL', 'INSIDE', 'NEAR', 'INSIDE', 'OUTSIDE', 'INSIDE', 'INSIDE', 'INSIDE', 'INSIDE']","[[0.53, 0.05, 1.26], [0.17, 0.58, 0.33], [0.96, 1.22, 0.49], [0.24, 0.32, 0.9], [1.6, 4.52, 2.37], [2.13, 0.23, 2.2], [2.44, 3.84, 1.44], [1.22, 0.36, 1.79], [12.95, 4.56, 1.26], [8.61, 4.22, 1.36], [3.02, 4.66, 0.65], [4.35, 4.06, 0.37]]","[280, 145, 279, 165, 232, 273, 243, 265, 195, 204, 190, 228]",15.4
538,1788358497660782482,307200,86230,13,12,165.8,"[28.3, 30.4, 30.9, 82.4, 82.7, 90.4, 92.5, 103.2, 127.6, 138.8, 154.5, 165.8]","['NEAR', 'RAIL', 'INSIDE', 'RAIL', 'INSIDE', 'NEAR', 'INSIDE', 'OUTSIDE', 'INSIDE', 'INSIDE', 'INSIDE', 'INSIDE']","[[0.63, 0.05, 1.26], [0.17, 0.58, 0.33], [0.98, 1.22, 0.49], [0.2, 0.24, 0.9], [0.67, 4.48, 2.37], [1.12, 0.22, 2.2], [1.87, 3.73, 1.41], [0.9, 0.31, 0.92], [11.42, 4.55, 1.13], [8.56, 4.22, 0.7], [3.01, 4.39, 0.65], [4.24, 4.35, 0.37]]","[280, 145, 279, 165, 232, 273, 243, 265, 195, 204, 190, 228]",15.7
539,1788358497753227615,307200,86265,13,11,165.8,"[28.6, 30.4, 30.9, 82.4, 82.7, 90.4, 103.2, 128.1, 138.8, 154.5, 165.8]","['NEAR', 'RAIL', 'INSIDE', 'RAIL', 'INSIDE', 'NEAR', 'OUTSIDE', 'INSIDE', 'INSIDE', 'INSIDE', 'INSIDE']","[[1.38, 0.06, 1.27], [0.22, 0.53, 0.33], [0.98, 1.22, 0.49], [0.21, 0.23, 0.9], [0.73, 4.53, 2.37], [1.1, 0.22, 1.84], [0.88, 0.31, 0.92], [10.37, 4.55, 1.13], [8.57, 4.33, 0.7], [3.0, 4.66, 0.65], [4.31, 4.05, 0.37]]","[280, 145, 279, 165, 232, 273, 265, 195, 204, 190, 228]",15.6
540,1788358497873461964,307200,86236,14,11,165.8,"[30.4, 30.9, 82.4, 82.7, 91.1, 94.6, 103.2, 127.6, 138.0, 154.5, 165.8]","['RAIL', 'INSIDE', 'RAIL', 'INSIDE', 'INSIDE', 'NEAR', 'OUTSIDE', 'INSIDE', 'INSIDE', 'INSIDE', 'INSIDE']","[[0.16, 0.58, 0.33], [0.96, 1.22, 0.49], [0.2, 0.23, 0.9], [0.67, 4.44, 2.37], [4.5, 4.2, 2.27], [0.69, 0.16, 0.44], [0.89, 0.31, 0.92], [11.52, 4.55, 1.13], [7.09, 4.33, 0.7], [2.99, 4.12, 0.65], [4.39, 3.48, 0.37]]","[145, 279, 165, 232, 243, 207, 265, 195, 204, 190, 228]",14.0
541,1788358497952817104,307200,86356,11,10,165.1,"[30.4, 30.9, 82.4, 89.9, 92.2, 103.2, 126.6, 138.8, 154.5, 165.1]","['RAIL', 'INSIDE', 'RAIL', 'NEAR', 'INSIDE', 'OUTSIDE', 'INSIDE', 'INSIDE', 'INSIDE', 'INSIDE']","[[0.19, 0.53, 0.33], [0.97, 1.22, 0.49], [0.22, 0.24, 0.9], [2.08, 0.23, 2.21], [2.5, 3.84, 1.44], [0.87, 0.31, 0.92], [7.26, 4.45, 1.13], [8.59, 4.33, 0.7], [2.98, 4.66, 0.65], [2.97, 4.06, 0.36]]","[145, 279, 165, 273, 243, 265, 195, 204, 190, 228]",22.5
542,1788358498053060525,307200,86313,11,10,165.2,"[28.2, 30.5, 82.4, 82.7, 91.1, 103.2, 127.5, 138.8, 154.5, 165.2]","['NEAR', 'RAIL', 'RAIL', 'INSIDE', 'INSIDE', 'OUTSIDE', 'INSIDE', 'INSIDE', 'INSIDE', 'INSIDE']","[[0.56, 0.05, 1.26], [0.12, 0.53, 0.33], [0.19, 0.24, 0.9], [0.75, 4.53, 2.37], [4.55, 4.19, 1.62], [0.94, 0.2, 0.92], [11.42, 4.55, 1.13], [8.55, 4.21, 0.7], [2.97, 4.66, 0.65], [3.0, 4.35, 0.36]]","[280, 145, 165, 232, 243, 265, 195, 204, 190, 228]",15.4
543,1788358498152082161,307200,86242,11,10,165.9,"[30.4, 30.9, 82.4, 91.2, 98.2, 103.2, 126.5, 138.7, 154.5, 165.9]","['RAIL', 'INSIDE', 'RAIL', 'INSIDE', 'INSIDE', 'OUTSIDE', 'INSIDE', 'INSIDE', 'INSIDE', 'INSIDE']","[[0.18, 0.57, 0.33], [1.0, 1.22, 0.49], [0.2, 0.23, 0.9], [4.35, 4.2, 1.87], [2.29, 4.14, 1.76], [0.91, 0.2, 0.92], [7.22, 4.45, 1.13], [8.53, 4.33, 0.7], [2.99, 4.39, 0.65], [4.34, 3.19, 0.37]]","[145, 279, 165, 243, 207, 265, 195, 204, 190, 228]",14.8
544,1788358498245926124,307200,86212,13,12,165.8,"[25.9, 30.4, 30.9, 31.0, 82.4, 82.7, 90.0, 103.1, 125.3, 138.1, 154.5, 165.8]","['RAIL', 'RAIL', 'INSIDE', 'NEAR', 'RAIL', 'INSIDE', 'NEAR', 'OUTSIDE', 'INSIDE', 'INSIDE', 'INSIDE', 'INSIDE']","[[0.27, 0.21, 0.12], [0.19, 0.52, 0.33], [0.98, 1.22, 0.25], [3.5, 0.12, 1.94], [0.22, 0.37, 0.9], [0.83, 4.41, 2.37], [2.03, 0.22, 1.58], [0.88, 0.36, 0.92], [9.81, 4.44, 1.26], [7.13, 4.32, 0.7], [2.96, 4.66, 0.65], [4.37, 4.35, 0.37]]","[280, 145, 279, 284, 165, 232, 273, 265, 195, 204, 190, 228]",14.7
545,1788358498342717521,307200,86324,14,12,165.8,"[25.9, 29.8, 30.4, 30.9, 82.4, 82.7, 91.1, 103.4, 127.5, 138.8, 154.5, 165.8]","['RAIL', 'RAIL', 'NEAR', 'INSIDE', 'RAIL', 'INSIDE', 'INSIDE', 'OUTSIDE', 'INSIDE', 'INSIDE', 'INSIDE', 'INSIDE']","[[0.29, 0.2, 0.12], [0.16, 0.58, 0.33], [1.53, 0.06, 1.85], [0.99, 1.22, 0.49], [0.24, 0.23, 0.9], [0.67, 4.48, 2.37], [4.49, 4.19, 1.87], [1.34, 0.31, 1.79], [11.44, 4.55, 1.13], [8.55, 4.33, 1.36], [3.0, 4.66, 0.65], [4.22, 4.05, 0.37]]","[280, 145, 284, 279, 165, 232, 243, 265, 195, 204, 190, 228]",15.5
546,1788358498445795986,307200,86206,13,11,165.8,"[29.9, 30.4, 30.9, 82.4, 82.7, 91.1, 103.2, 126.5, 138.7, 154.5, 165.8]","['NEAR', 'RAIL', 'INSIDE', 'RAIL', 'INSIDE', 'INSIDE', 'OUTSIDE', 'INSIDE', 'INSIDE', 'INSIDE', 'INSIDE']","[[1.2, 0.06, 1.85], [0.21, 0.53, 0.33], [0.98, 1.21, 0.49], [0.2, 0.23, 0.9], [0.72, 4.53, 2.37], [4.57, 4.2, 2.24], [0.88, 0.2, 0.92], [7.21, 4.44, 1.13], [8.54, 4.32, 1.36], [2.99, 4.66, 0.65], [4.23, 3.19, 0.37]]","[284, 145, 279, 165, 232, 243, 265, 195, 204, 190, 228]",15.6
547,1788358498557550290,307200,86175,12,10,165.2,"[28.2, 29.8, 82.4, 82.8, 91.2, 103.2, 126.5, 138.8, 154.5, 165.2]","['NEAR', 'NEAR', 'RAIL', 'INSIDE', 'INSIDE', 'OUTSIDE', 'INSIDE', 'INSIDE', 'INSIDE', 'INSIDE']","[[0.56, 0.05, 1.26], [1.6, 0.06, 1.85], [0.23, 0.37, 0.9], [0.68, 4.59, 2.37], [4.55, 4.07, 2.27], [0.88, 0.31, 0.92], [7.26, 4.44, 1.13], [8.55, 4.21, 0.7], [3.01, 4.66, 0.65], [2.99, 3.77, 0.36]]","[283, 284, 165, 232, 243, 265, 195, 204, 190, 228]",15.8
548,1788358498646537579,307200,86186,11,10,154.5,"[29.7, 30.5, 30.9, 82.4, 90.0, 92.2, 103.2, 126.8, 138.8, 154.5]","['NEAR', 'RAIL', 'INSIDE', 'RAIL', 'NEAR', 'INSIDE', 'OUTSIDE', 'INSIDE', 'INSIDE', 'INSIDE']","[[1.55, 0.06, 1.85], [0.12, 0.53, 0.27], [0.93, 1.22, 0.49], [0.2, 0.23, 0.9], [1.95, 0.22, 2.21], [2.47, 3.84, 1.44], [0.88, 0.36, 0.92], [12.96, 4.55, 1.26], [8.57, 4.22, 0.7], [3.01, 4.66, 0.65]]","[284, 145, 279, 165, 273, 243, 265, 195, 204, 190]",15.0
549,1788358498749332342,307200,86216,15,12,165.1,"[25.1, 30.4, 30.9, 82.4, 82.7, 90.4, 92.5, 103.2, 128.1, 138.8, 154.5, 165.1]","['INSIDE', 'RAIL', 'INSIDE', 'RAIL', 'INSIDE', 'NEAR', 'INSIDE', 'OUTSIDE', 'INSIDE', 'INSIDE', 'INSIDE', 'INSIDE']","[[0.89, 1.72, 0.09], [0.18, 0.57, 0.33], [1.02, 1.22, 0.49], [0.18, 0.22, 0.9], [0.68, 4.48, 2.37], [1.05, 0.22, 1.58], [1.87, 3.73, 1.44], [0.88, 0.2, 0.92], [10.41, 4.55, 1.13], [8.56, 4.33, 0.7], [3.0, 4.66, 0.65], [2.97, 4.35, 0.36]]","[283, 145, 279, 165, 232, 273, 243, 265, 195, 204, 190, 228]",21.3
550,1788358498850516864,307200,86251,13,9,154.5,"[30.4, 30.9, 82.4, 82.7, 91.2, 103.2, 128.1, 138.7, 154.5]","['RAIL', 'INSIDE', 'RAIL', 'INSIDE', 'INSIDE', 'OUTSIDE', 'INSIDE', 'INSIDE', 'INSIDE']","[[0.13, 0.58, 0.12], [1.0, 1.22, 0.49], [0.2, 0.22, 0.9], [0.65, 4.45, 2.37], [4.53, 4.2, 1.87], [0.91, 0.37, 0.92], [10.36, 4.55, 1.13], [8.54, 4.22, 0.7], [3.03, 4.66, 0.65]]","[145, 279, 165, 232, 243, 265, 195, 204, 190]",21.3
551,1788358498949902398,307200,86355,12,9,165.8,"[24.8, 30.5, 30.9, 82.4, 83.1, 90.8, 103.4, 154.5, 165.8]","['NEAR', 'RAIL', 'INSIDE', 'RAIL', 'INSIDE', 'INSIDE', 'OUTSIDE', 'INSIDE', 'INSIDE']","[[0.42, 0.89, 0.05], [0.15, 0.53, 0.27], [1.0, 1.22, 0.49], [0.23, 0.24, 0.9], [1.58, 4.53, 2.37], [3.91, 4.09, 2.24], [1.25, 0.36, 1.79], [2.98, 4.66, 0.65], [4.36, 3.77, 0.37]]","[283, 145, 279, 165, 232, 243, 265, 190, 228]",22.6
552,1788358499053615832,307200,86212,12,9,165.8,"[28.3, 29.8, 30.4, 82.4, 82.8, 89.9, 103.2, 154.5, 165.8]","['NEAR', 'RAIL', 'NEAR', 'RAIL', 'INSIDE', 'NEAR', 'OUTSIDE', 'INSIDE', 'INSIDE']","[[0.62, 0.06, 1.26], [0.16, 0.58, 0.33], [1.56, 0.06, 1.85], [0.18, 0.24, 0.9], [0.66, 4.44, 2.37], [2.14, 0.23, 1.59], [0.93, 0.2, 0.92], [2.99, 4.66, 0.65], [4.27, 4.06, 0.37]]","[284, 145, 279, 165, 232, 273, 265, 190, 228]",15.5
553,1788358499143200190,307200,86289,15,13,165.2,"[25.9, 28.2, 29.8, 30.4, 45.6, 82.4, 82.7, 90.9, 103.2, 128.1, 138.8, 154.5, 165.2]","['RAIL', 'NEAR', 'RAIL', 'NEAR', 'RAIL', 'RAIL', 'INSIDE', 'INSIDE', 'OUTSIDE', 'INSIDE', 'INSIDE', 'INSIDE', 'INSIDE']","[[0.27, 0.19, 0.12], [0.57, 0.05, 1.26], [0.22, 0.53, 0.33], [1.55, 0.06, 1.85], [0.5, 0.19, 0.4], [0.24, 0.51, 0.9], [0.66, 4.43, 2.37], [4.13, 4.2, 1.9], [0.89, 0.2, 0.92], [10.34, 4.55, 1.13], [8.57, 4.21, 0.7], [3.01, 4.66, 0.65], [3.01, 4.35, 0.36]]","[280, 284, 145, 279, 277, 165, 232, 243, 265, 195, 204, 190, 228]",14.2
554,1788358499239693018,307200,86195,12,10,165.2,"[28.2, 30.5, 82.4, 82.7, 91.2, 103.2, 126.8, 138.8, 154.5, 165.2]","['NEAR', 'RAIL', 'RAIL', 'INSIDE', 'INSIDE', 'OUTSIDE', 'INSIDE', 'INSIDE', 'INSIDE', 'INSIDE']","[[0.56, 0.05, 1.26], [0.12, 0.53, 0.33], [0.26, 0.37, 0.9], [0.73, 4.67, 2.37], [4.43, 4.2, 2.27], [0.87, 0.36, 0.92], [12.79, 4.55, 1.63], [8.56, 4.22, 0.7], [3.01, 4.66, 0.65], [3.01, 4.06, 0.36]]","[284, 145, 165, 232, 243, 265, 195, 204, 190, 228]",21.0
555,1788358499346730526,307200,86241,12,9,165.9,"[28.2, 30.4, 82.4, 91.7, 103.2, 125.3, 138.8, 154.6, 165.9]","['NEAR', 'RAIL', 'RAIL', 'INSIDE', 'OUTSIDE', 'INSIDE', 'INSIDE', 'INSIDE', 'INSIDE']","[[0.56, 0.05, 1.26], [0.15, 0.58, 0.33], [0.24, 0.37, 0.9], [3.48, 4.19, 1.64], [0.92, 0.31, 0.92], [9.86, 4.45, 1.26], [8.55, 4.22, 0.7], [3.07, 4.66, 0.65], [4.36, 4.06, 0.37]]","[284, 145, 165, 243, 265, 195, 204, 190, 228]",14.9
556,1788358499445938380,307200,86287,12,11,165.8,"[28.2, 29.8, 30.4, 82.4, 82.7, 91.1, 103.2, 128.1, 138.8, 154.5, 165.8]","['NEAR', 'RAIL', 'NEAR', 'RAIL', 'INSIDE', 'INSIDE', 'OUTSIDE', 'INSIDE', 'INSIDE', 'INSIDE', 'INSIDE']","[[0.55, 0.05, 1.26], [0.18, 0.58, 0.33], [1.55, 0.07, 1.85], [0.19, 0.24, 0.9], [0.66, 4.43, 2.37], [4.53, 4.2, 2.27], [0.9, 0.31, 0.92], [10.32, 4.55, 1.13], [8.54, 4.22, 0.7], [3.02, 4.66, 0.65], [4.27, 4.35, 0.37]]","[284, 145, 279, 165, 232, 243, 265, 195, 204, 190, 228]",22.1
557,1788358499541329148,307200,86260,13,12,165.8,"[28.2, 29.8, 30.4, 45.6, 82.4, 82.7, 91.6, 103.2, 128.1, 138.8, 154.5, 165.8]","['NEAR', 'NEAR', 'RAIL', 'RAIL', 'RAIL', 'INSIDE', 'INSIDE', 'OUTSIDE', 'INSIDE', 'INSIDE', 'INSIDE', 'INSIDE']","[[0.54, 0.05, 1.26], [1.53, 0.06, 1.85], [0.21, 0.53, 0.33], [0.48, 0.19, 0.4], [0.2, 0.37, 0.9], [0.66, 4.44, 2.37], [3.53, 4.17, 1.87], [0.86, 0.2, 0.92], [10.4, 4.55, 1.13], [8.55, 4.33, 0.7], [2.96, 4.66, 0.65], [4.34, 4.35, 0.37]]","[284, 279, 145, 277, 165, 232, 243, 265, 195, 204, 190, 228]",15.2
558,1788358499656904547,307200,86321,11,10,165.9,"[28.2, 82.4, 83.1, 91.1, 94.6, 103.2, 126.7, 138.8, 154.5, 165.9]","['NEAR', 'RAIL', 'INSIDE', 'INSIDE', 'NEAR', 'OUTSIDE', 'INSIDE', 'INSIDE', 'INSIDE', 'INSIDE']","[[0.55, 0.05, 1.26], [0.24, 0.37, 0.9], [1.47, 4.73, 2.37], [4.59, 4.2, 2.27], [0.74, 0.22, 0.62], [0.86, 0.31, 0.92], [12.82, 4.47, 1.63], [8.54, 4.22, 0.7], [3.0, 4.66, 0.65], [4.37, 4.06, 0.37]]","[284, 165, 232, 243, 273, 265, 195, 204, 190, 228]",16.3
559,1788358499760363332,307200,86266,13,10,165.8,"[28.7, 82.4, 82.8, 89.9, 92.2, 98.2, 125.3, 138.8, 154.5, 165.8]","['NEAR', 'RAIL', 'INSIDE', 'NEAR', 'INSIDE', 'INSIDE', 'INSIDE', 'INSIDE', 'INSIDE', 'INSIDE']","[[1.4, 0.05, 1.27], [0.19, 0.37, 0.9], [0.68, 4.45, 2.37], [2.17, 0.23, 1.59], [2.45, 3.84, 1.44], [2.31, 4.16, 1.76], [9.88, 4.45, 1.01], [8.57, 4.22, 1.36], [3.01, 4.66, 0.65], [4.36, 3.77, 0.37]]","[284, 165, 232, 243, 273, 265, 195, 204, 190, 228]",14.7
560,1788358499868896533,307200,86201,12,9,165.1,"[25.9, 30.4, 82.4, 83.2, 91.1, 127.5, 138.8, 154.5, 165.1]","['RAIL', 'RAIL', 'RAIL', 'INSIDE', 'INSIDE', 'INSIDE', 'INSIDE', 'INSIDE', 'INSIDE']","[[0.24, 0.19, 0.12], [0.21, 0.53, 0.33], [0.19, 0.37, 0.9], [1.49, 4.44, 2.37], [4.53, 4.17, 2.27], [11.42, 4.55, 1.13], [8.56, 4.22, 0.7], [3.0, 4.66, 0.65], [2.94, 4.35, 0.36]]","[280, 145, 165, 232, 273, 195, 204, 190, 228]",14.7
561,1788358499958160714,307200,86253,11,8,165.8,"[30.4, 82.4, 82.7, 89.9, 127.5, 138.8, 154.5, 165.8]","['RAIL', 'RAIL', 'INSIDE', 'NEAR', 'INSIDE', 'INSIDE', 'INSIDE', 'INSIDE']","[[0.17, 0.57, 0.33], [0.2, 0.24, 0.9], [0.64, 4.44, 2.37], [2.12, 0.23, 1.58], [11.43, 4.56, 1.13], [8.58, 4.22, 0.7], [3.01, 4.66, 0.65], [4.38, 3.77, 0.37]]","[145, 165, 232, 243, 195, 204, 190, 228]",16.5
562,1788358500054599148,307200,86270,13,10,165.2,"[28.6, 47.1, 82.4, 82.7, 89.9, 92.2, 126.8, 138.8, 154.5, 165.2]","['NEAR', 'RAIL', 'RAIL', 'INSIDE', 'NEAR', 'INSIDE', 'INSIDE', 'INSIDE', 'INSIDE', 'INSIDE']","[[1.42, 0.06, 1.27], [0.82, 0.07, 0.28], [0.22, 0.38, 0.9], [0.76, 4.53, 2.37], [2.16, 0.23, 2.21], [2.42, 3.84, 1.44], [12.79, 4.55, 1.26], [8.55, 4.22, 0.7], [2.98, 4.66, 0.65], [3.05, 4.35, 0.36]]","[284, 277, 165, 232, 243, 273, 195, 204, 190, 228]",16.6
563,1788358500155495261,307200,86336,11,9,165.1,"[30.4, 47.1, 82.4, 83.1, 90.0, 125.3, 138.8, 154.5, 165.1]","['RAIL', 'RAIL', 'RAIL', 'INSIDE', 'NEAR', 'INSIDE', 'INSIDE', 'INSIDE', 'INSIDE']","[[0.18, 0.58, 0.33], [0.82, 0.1, 0.28], [0.2, 0.24, 0.9], [1.49, 4.59, 2.37], [2.12, 0.23, 2.21], [9.86, 4.45, 1.26], [8.59, 4.22, 0.7], [3.0, 4.66, 0.65], [2.89, 3.77, 0.36]]","[145, 277, 165, 232, 243, 195, 204, 190, 228]",16.1
564,1788358500250572931,307200,86233,14,10,165.2,"[29.8, 30.4, 82.4, 83.1, 91.2, 98.2, 128.1, 138.8, 154.5, 165.2]","['NEAR', 'RAIL', 'RAIL', 'INSIDE', 'INSIDE', 'INSIDE', 'INSIDE', 'INSIDE', 'INSIDE', 'INSIDE']","[[1.51, 0.05, 1.85], [0.21, 0.53, 0.33], [0.19, 0.23, 0.9], [1.48, 4.44, 2.37], [4.46, 4.19, 1.62], [2.33, 4.13, 1.76], [10.37, 4.55, 1.13], [8.57, 4.58, 0.7], [2.99, 4.66, 0.65], [3.06, 4.06, 0.36]]","[279, 145, 165, 232, 273, 265, 195, 204, 190, 228]",17.5
565,1788358500347674837,307200,86277,17,12,165.2,"[25.9, 28.7, 30.4, 47.1, 82.4, 83.1, 90.0, 92.2, 126.7, 138.8, 154.5, 165.2]","['RAIL', 'NEAR', 'RAIL', 'RAIL', 'RAIL', 'INSIDE', 'NEAR', 'INSIDE', 'INSIDE', 'INSIDE', 'INSIDE', 'INSIDE']","[[0.28, 0.21, 0.12], [1.4, 0.05, 1.27], [0.2, 0.53, 0.33], [0.83, 0.07, 0.28], [0.22, 0.51, 0.9], [1.58, 4.44, 2.37], [2.13, 0.23, 1.96], [2.39, 3.84, 1.44], [12.9, 4.55, 1.27], [8.57, 4.22, 0.7], [3.02, 4.66, 0.65], [2.98, 4.06, 0.36]]","[280, 284, 145, 277, 165, 232, 243, 273, 195, 204, 190, 228]",15.1
566,1788358500446281709,307200,86262,15,11,165.9,"[28.2, 30.4, 47.1, 82.4, 82.7, 89.9, 92.2, 127.5, 138.8, 154.5, 165.9]","['NEAR', 'RAIL', 'RAIL', 'RAIL', 'INSIDE', 'NEAR', 'INSIDE', 'INSIDE', 'INSIDE', 'INSIDE', 'INSIDE']","[[0.59, 0.06, 1.26], [0.19, 0.53, 0.6], [0.81, 0.07, 0.28], [0.24, 0.23, 0.9], [0.75, 4.53, 2.37], [2.1, 0.23, 1.59], [2.47, 3.84, 1.44], [11.42, 4.55, 1.13], [8.55, 4.21, 0.7], [3.02, 4.66, 0.65], [4.38, 4.35, 0.37]]","[284, 145, 277, 165, 232, 243, 273, 195, 204, 190, 228]",20.6
567,1788358500552007146,307200,86271,13,10,165.2,"[30.4, 31.9, 47.1, 82.4, 82.7, 89.9, 128.1, 138.7, 154.5, 165.2]","['RAIL', 'NEAR', 'RAIL', 'RAIL', 'INSIDE', 'NEAR', 'INSIDE', 'INSIDE', 'INSIDE', 'INSIDE']","[[0.2, 0.53, 0.27], [1.87, 0.12, 1.89], [0.82, 0.1, 0.28], [0.22, 0.37, 0.9], [0.75, 4.53, 2.37], [2.14, 0.23, 2.2], [10.29, 4.55, 1.13], [8.52, 4.21, 0.7], [2.98, 4.39, 0.65], [2.99, 4.06, 0.36]]","[145, 292, 277, 165, 232, 243, 195, 204, 190, 228]",17.1
568,1788358500640443247,307200,86355,13,11,165.2,"[25.9, 30.4, 30.9, 82.4, 82.7, 89.7, 92.1, 127.5, 138.7, 154.5, 165.2]","['RAIL', 'RAIL', 'INSIDE', 'RAIL', 'OUTSIDE', 'NEAR', 'INSIDE', 'INSIDE', 'INSIDE', 'INSIDE', 'INSIDE']","[[0.29, 0.21, 0.12], [0.2, 0.53, 0.33], [0.98, 1.22, 0.49], [0.27, 0.37, 0.9], [0.71, 1.41, 2.02], [2.6, 0.25, 1.58], [2.56, 3.84, 1.44], [11.34, 4.55, 1.13], [8.54, 4.22, 0.7], [2.95, 4.66, 0.65], [2.98, 3.77, 0.36]]","[280, 145, 288, 165, 232, 243, 273, 195, 204, 190, 228]",15.0
569,1788358500759237083,307200,86242,12,11,165.9,"[30.4, 30.8, 31.8, 82.4, 90.0, 92.2, 103.2, 126.8, 138.8, 154.5, 165.9]","['RAIL', 'INSIDE', 'NEAR', 'RAIL', 'NEAR', 'INSIDE', 'OUTSIDE', 'INSIDE', 'INSIDE', 'INSIDE', 'INSIDE']","[[0.16, 0.58, 0.27], [0.94, 1.22, 0.49], [1.88, 0.12, 1.88], [0.21, 0.24, 0.9], [2.18, 0.24, 2.21], [2.45, 3.84, 1.44], [0.89, 0.36, 0.92], [12.94, 4.55, 1.26], [8.55, 3.96, 0.7], [2.99, 4.66, 0.65], [4.4, 3.77, 0.37]]","[145, 288, 292, 165, 243, 273, 287, 195, 204, 190, 228]",16.9
570,1788358500855086919,307200,86332,13,13,165.1,"[28.2, 30.4, 30.9, 31.0, 82.4, 82.7, 89.9, 92.2, 103.4, 128.1, 138.8, 154.5, 165.1]","['NEAR', 'RAIL', 'INSIDE', 'NEAR', 'RAIL', 'INSIDE', 'NEAR', 'INSIDE', 'OUTSIDE', 'INSIDE', 'INSIDE', 'INSIDE', 'INSIDE']","[[0.55, 0.06, 1.26], [0.16, 0.58, 0.33], [0.97, 1.22, 0.49], [3.48, 0.12, 1.94], [0.24, 0.38, 0.9], [0.76, 4.67, 2.37], [2.13, 0.23, 2.21], [2.5, 3.84, 1.44], [1.3, 0.22, 1.79], [10.27, 4.55, 0.86], [8.64, 4.47, 1.36], [3.01, 4.66, 0.65], [2.93, 4.06, 0.36]]","[284, 145, 288, 292, 165, 232, 243, 273, 287, 195, 204, 190, 228]",18.2
571,1788358500937579134,307200,86313,15,15,165.9,"[28.2, 29.8, 30.4, 30.9, 31.8, 45.6, 82.4, 82.7, 89.9, 93.1, 103.2, 126.8, 138.8, 154.5, 165.9]","['NEAR', 'RAIL', 'NEAR', 'INSIDE', 'NEAR', 'RAIL', 'RAIL', 'INSIDE', 'NEAR', 'OUTSIDE', 'OUTSIDE', 'INSIDE', 'INSIDE', 'INSIDE', 'INSIDE']","[[0.53, 0.06, 1.26], [0.18, 0.58, 0.27], [1.52, 0.07, 1.85], [0.97, 1.22, 0.49], [1.88, 0.12, 1.88], [0.54, 0.19, 0.4], [0.2, 0.37, 0.9], [0.68, 4.48, 2.37], [2.11, 0.23, 1.58], [0.67, 0.45, 1.02], [0.9, 0.37, 0.92], [13.0, 4.55, 1.26], [8.56, 3.96, 0.7], [2.97, 4.66, 0.65], [4.38, 3.77, 0.37]]","[284, 145, 279, 288, 292, 277, 165, 232, 243, 273, 287, 195, 204, 190, 228]",16.8
572,1788358501058603323,307200,86255,14,13,165.1,"[30.5, 30.9, 30.9, 82.4, 83.1, 89.9, 93.1, 98.1, 103.2, 126.8, 138.8, 154.5, 165.1]","['RAIL', 'INSIDE', 'NEAR', 'RAIL', 'INSIDE', 'NEAR', 'OUTSIDE', 'INSIDE', 'OUTSIDE', 'INSIDE', 'INSIDE', 'INSIDE', 'INSIDE']","[[0.2, 0.58, 0.33], [1.0, 1.22, 0.49], [3.83, 0.12, 1.94], [0.24, 0.24, 0.9], [1.59, 4.53, 2.37], [2.13, 0.23, 1.84], [0.61, 0.33, 1.44], [2.27, 4.14, 1.76], [0.87, 0.2, 0.92], [13.03, 4.55, 0.99], [8.55, 3.97, 1.36], [2.93, 4.66, 0.65], [2.97, 4.06, 0.36]]","[145, 288, 292, 165, 232, 243, 273, 265, 287, 195, 204, 190, 228]",14.2
573,1788358501149666287,307200,86241,13,12,165.8,"[30.5, 30.9, 30.9, 82.4, 82.7, 89.9, 92.2, 103.2, 125.3, 138.7, 154.5, 165.8]","['RAIL', 'INSIDE', 'NEAR', 'RAIL', 'INSIDE', 'NEAR', 'INSIDE', 'OUTSIDE', 'INSIDE', 'INSIDE', 'INSIDE', 'INSIDE']","[[0.14, 0.53, 0.33], [1.01, 1.22, 0.49], [3.83, 0.12, 1.94], [0.26, 0.39, 0.9], [0.67, 4.57, 2.37], [2.11, 0.23, 1.84], [2.38, 3.85, 1.41], [0.9, 0.31, 0.92], [9.74, 4.45, 0.99], [8.52, 4.58, 0.7], [3.01, 4.66, 0.65], [4.33, 4.35, 0.37]]","[145, 288, 292, 165, 232, 243, 273, 287, 195, 204, 190, 228]",20.2
574,1788358501262878619,307200,86225,11,11,165.1,"[30.4, 30.9, 82.4, 82.8, 90.4, 92.2, 103.2, 128.1, 138.8, 154.5, 165.1]","['RAIL', 'INSIDE', 'RAIL', 'INSIDE', 'NEAR', 'INSIDE', 'OUTSIDE', 'INSIDE', 'INSIDE', 'INSIDE', 'INSIDE']","[[0.17, 0.58, 0.27], [1.04, 1.22, 0.49], [0.25, 0.24, 0.9], [0.67, 4.44, 2.37], [1.03, 0.22, 2.2], [2.4, 3.84, 1.44], [0.91, 0.31, 0.92], [10.35, 4.55, 1.13], [8.55, 4.56, 0.7], [2.97, 4.66, 0.65], [2.98, 4.35, 0.36]]","[145, 288, 165, 232, 243, 273, 287, 195, 204, 190, 228]",15.4
575,1788358501345555392,307200,86239,12,12,165.8,"[25.9, 30.4, 30.8, 82.4, 82.7, 89.9, 92.2, 103.2, 128.0, 138.8, 154.5, 165.8]","['RAIL', 'RAIL', 'INSIDE', 'RAIL', 'INSIDE', 'NEAR', 'INSIDE', 'OUTSIDE', 'INSIDE', 'INSIDE', 'INSIDE', 'INSIDE']","[[0.26, 0.19, 0.12], [0.2, 0.53, 0.33], [0.92, 1.22, 0.49], [0.25, 0.38, 0.9], [0.68, 4.44, 2.37], [2.07, 0.23, 2.21], [2.43, 3.84, 1.44], [0.92, 0.36, 0.92], [10.11, 4.49, 1.5], [8.59, 4.21, 0.7], [2.99, 4.66, 0.65], [4.34, 3.19, 0.37]]","[280, 145, 288, 165, 232, 243, 273, 287, 195, 204, 190, 228]",15.3
576,1788358501437362604,307200,86285,11,10,165.1,"[30.4, 30.8, 31.8, 82.4, 91.1, 103.4, 127.4, 141.7, 154.5, 165.1]","['RAIL', 'INSIDE', 'NEAR', 'RAIL', 'INSIDE', 'OUTSIDE', 'INSIDE', 'INSIDE', 'INSIDE', 'INSIDE']","[[0.18, 0.58, 0.33], [0.94, 1.21, 0.49], [1.89, 0.12, 1.89], [0.18, 0.24, 0.9], [4.51, 4.2, 2.27], [1.35, 0.36, 1.79], [14.13, 4.44, 1.26], [2.85, 4.09, 0.37], [2.99, 4.66, 0.65], [2.93, 4.35, 0.36]]","[145, 288, 292, 165, 273, 287, 195, 204, 190, 228]",21.7
577,1788358501536222548,307200,86234,12,11,165.8,"[30.5, 30.9, 31.0, 82.4, 82.7, 91.2, 103.4, 126.7, 138.8, 154.5, 165.8]","['RAIL', 'INSIDE', 'NEAR', 'RAIL', 'INSIDE', 'INSIDE', 'OUTSIDE', 'INSIDE', 'INSIDE', 'INSIDE', 'INSIDE']","[[0.13, 0.53, 0.33], [0.94, 1.22, 0.49], [3.49, 0.12, 1.94], [0.19, 0.19, 0.9], [0.65, 4.62, 2.37], [4.48, 4.2, 1.64], [1.31, 0.22, 1.79], [12.85, 4.55, 1.63], [8.57, 4.22, 0.7], [2.99, 4.66, 0.65], [4.3, 4.06, 0.37]]","[145, 288, 292, 165, 232, 273, 287, 195, 204, 190, 228]",16.0
578,1788358501654181106,307200,86285,12,12,165.9,"[28.2, 30.5, 30.9, 30.9, 82.4, 83.1, 89.9, 93.1, 103.2, 125.3, 138.8, 165.9]","['NEAR', 'RAIL', 'INSIDE', 'NEAR', 'RAIL', 'INSIDE', 'NEAR', 'OUTSIDE', 'OUTSIDE', 'INSIDE', 'INSIDE', 'INSIDE']","[[0.55, 0.05, 1.26], [0.12, 0.53, 0.33], [0.92, 1.22, 0.49], [3.82, 0.12, 1.94], [0.24, 0.24, 0.9], [1.55, 4.53, 2.37], [2.05, 0.22, 1.59], [0.61, 0.33, 1.44], [0.89, 0.31, 0.92], [9.89, 4.44, 1.26], [8.57, 4.22, 0.7], [4.39, 4.35, 0.37]]","[284, 145, 288, 292, 165, 232, 243, 273, 287, 195, 204, 228]",21.2
579,1788358501742117317,307200,86254,16,13,165.8,"[28.2, 30.5, 30.9, 30.9, 45.6, 82.4, 82.7, 90.4, 103.2, 121.6, 138.8, 154.5, 165.8]","['NEAR', 'RAIL', 'INSIDE', 'NEAR', 'RAIL', 'RAIL', 'INSIDE', 'NEAR', 'OUTSIDE', 'OUTSIDE', 'INSIDE', 'INSIDE', 'INSIDE']","[[0.56, 0.05, 1.26], [0.12, 0.53, 0.33], [1.02, 1.21, 0.49], [3.78, 0.13, 1.94], [0.55, 0.19, 0.4], [0.2, 0.37, 0.9], [0.69, 4.53, 2.37], [1.07, 0.22, 1.84], [0.89, 0.36, 0.92], [2.62, 1.97, 0.46], [8.55, 3.96, 0.7], [2.99, 4.66, 0.65], [4.33, 4.35, 0.37]]","[284, 145, 288, 292, 277, 165, 232, 243, 287, 195, 204, 190, 228]",21.6
580,1788358501857572449,307200,86263,14,12,165.1,"[24.8, 30.4, 30.9, 31.9, 47.1, 82.4, 82.7, 90.0, 103.2, 138.7, 154.5, 165.1]","['NEAR', 'RAIL', 'INSIDE', 'NEAR', 'RAIL', 'RAIL', 'INSIDE', 'NEAR', 'OUTSIDE', 'INSIDE', 'INSIDE', 'INSIDE']","[[0.43, 0.89, 0.05], [0.18, 0.58, 0.33], [0.98, 1.22, 0.25], [1.9, 0.12, 1.88], [0.81, 0.1, 0.28], [0.24, 0.38, 0.9], [0.68, 4.45, 2.37], [2.19, 0.23, 2.2], [0.86, 0.31, 0.92], [8.54, 4.21, 0.7], [2.99, 4.66, 0.65], [2.92, 3.19, 0.36]]","[280, 145, 288, 292, 277, 165, 232, 243, 287, 204, 190, 228]",22.0
581,1788358501956796838,307200,86241,14,13,165.8,"[28.2, 30.4, 30.9, 30.9, 47.1, 82.4, 82.7, 90.0, 93.1, 103.2, 138.8, 154.5, 165.8]","['NEAR', 'RAIL', 'INSIDE', 'NEAR', 'RAIL', 'RAIL', 'INSIDE', 'NEAR', 'OUTSIDE', 'OUTSIDE', 'INSIDE', 'INSIDE', 'INSIDE']","[[0.56, 0.05, 1.26], [0.17, 0.58, 0.33], [1.04, 1.22, 0.49], [3.77, 0.13, 1.94], [0.8, 0.07, 0.28], [0.2, 0.24, 0.9], [0.63, 4.44, 2.37], [0.22, 0.18, 1.96], [0.63, 1.48, 1.44], [0.87, 0.36, 0.92], [8.55, 4.32, 0.7], [3.0, 4.66, 0.65], [4.36, 3.77, 0.37]]","[284, 145, 288, 292, 277, 165, 232, 243, 273, 287, 204, 190, 228]",24.1
582,1788358502043182837,307200,86227,15,12,165.9,"[25.2, 28.3, 29.8, 30.4, 30.9, 82.4, 83.1, 91.1, 103.2, 138.8, 154.5, 165.9]","['INSIDE', 'NEAR', 'RAIL', 'NEAR', 'INSIDE', 'RAIL', 'INSIDE', 'INSIDE', 'OUTSIDE', 'INSIDE', 'INSIDE', 'INSIDE']","[[0.78, 0.98, 0.08], [0.56, 0.05, 1.26], [0.2, 0.53, 0.33], [1.57, 0.06, 1.85], [0.96, 1.22, 0.49], [0.28, 0.37, 0.9], [1.49, 4.73, 2.37], [4.49, 4.09, 2.27], [0.91, 0.2, 0.92], [8.56, 4.22, 0.7], [3.01, 4.66, 0.65], [4.36, 4.35, 0.37]]","[280, 284, 145, 292, 288, 165, 232, 243, 287, 204, 190, 228]",16.5
583,1788358502156110444,307200,86262,11,10,165.8,"[30.4, 30.9, 82.4, 83.1, 91.1, 94.6, 103.2, 138.8, 154.5, 165.8]","['RAIL', 'INSIDE', 'RAIL', 'INSIDE', 'INSIDE', 'NEAR', 'OUTSIDE', 'INSIDE', 'INSIDE', 'INSIDE']","[[0.2, 0.53, 0.33], [0.99, 1.22, 0.49], [0.25, 0.37, 0.9], [1.53, 4.53, 2.37], [4.54, 4.09, 1.65], [0.61, 0.16, 0.44], [0.9, 0.2, 0.92], [8.59, 4.45, 0.7], [2.98, 4.66, 0.65], [4.34, 4.35, 0.37]]","[145, 288, 165, 232, 243, 273, 287, 204, 190, 228]",14.2
584,1788358502247260307,307200,86203,14,11,165.8,"[30.4, 30.8, 47.1, 82.4, 82.7, 90.0, 92.1, 103.2, 138.0, 154.5, 165.8]","['RAIL', 'INSIDE', 'RAIL', 'RAIL', 'INSIDE', 'NEAR', 'INSIDE', 'OUTSIDE', 'INSIDE', 'INSIDE', 'INSIDE']","[[0.2, 0.53, 0.33], [0.89, 1.22, 0.49], [0.81, 0.1, 0.28], [0.2, 0.23, 0.9], [0.72, 4.53, 2.37], [1.99, 0.22, 2.2], [2.52, 3.84, 1.44], [0.87, 0.2, 0.92], [7.13, 4.22, 0.7], [3.0, 4.66, 0.65], [4.31, 4.35, 0.37]]","[145, 288, 277, 165, 232, 243, 273, 287, 204, 190, 228]",13.6
585,1788358502361091159,307200,86276,15,12,165.1,"[28.2, 29.9, 30.5, 30.9, 47.1, 82.4, 82.7, 93.1, 103.2, 138.8, 154.5, 165.1]","['NEAR', 'RAIL', 'NEAR', 'INSIDE', 'RAIL', 'RAIL', 'INSIDE', 'OUTSIDE', 'OUTSIDE', 'INSIDE', 'INSIDE', 'INSIDE']","[[0.52, 0.05, 1.26], [0.14, 0.53, 0.27], [1.22, 0.06, 1.85], [0.99, 1.22, 0.49], [0.84, 0.1, 0.28], [0.21, 0.37, 0.9], [0.64, 4.59, 2.37], [0.66, 1.16, 1.44], [0.87, 0.2, 0.92], [8.56, 4.22, 0.7], [3.0, 4.66, 0.65], [2.97, 3.77, 0.36]]","[284, 145, 292, 288, 277, 165, 232, 273, 287, 204, 190, 228]",13.1
586,1788358502470808719,307200,86222,12,10,165.2,"[30.4, 30.9, 82.4, 82.7, 89.5, 92.5, 103.2, 138.8, 154.5, 165.2]","['RAIL', 'INSIDE', 'RAIL', 'INSIDE', 'NEAR', 'INSIDE', 'OUTSIDE', 'INSIDE', 'INSIDE', 'INSIDE']","[[0.17, 0.58, 0.33], [1.0, 1.22, 0.49], [0.22, 0.24, 0.9], [0.7, 4.53, 2.37], [1.3, 0.23, 2.21], [1.87, 3.73, 1.44], [0.94, 0.36, 0.92], [8.6, 4.45, 0.7], [2.99, 4.66, 0.65], [2.94, 4.35, 0.36]]","[145, 288, 165, 232, 243, 273, 287, 204, 190, 228]",16.0
587,1788358502549051560,307200,86312,13,12,165.8,"[28.2, 30.5, 30.9, 30.9, 45.7, 82.4, 83.1, 90.9, 103.2, 138.8, 154.5, 165.8]","['NEAR', 'RAIL', 'INSIDE', 'NEAR', 'RAIL', 'RAIL', 'INSIDE', 'INSIDE', 'OUTSIDE', 'INSIDE', 'INSIDE', 'INSIDE']","[[0.55, 0.05, 1.26], [0.11, 0.53, 0.33], [0.96, 1.21, 0.49], [3.8, 0.12, 1.94], [0.51, 0.19, 0.4], [0.25, 0.37, 0.9], [1.52, 4.53, 2.37], [4.16, 4.19, 1.65], [0.87, 0.2, 0.92], [8.65, 4.21, 0.7], [2.98, 4.66, 0.65], [4.34, 4.34, 0.37]]","[284, 145, 288, 292, 277, 165, 232, 273, 287, 204, 190, 228]",13.1
588,1788358502638258441,307200,86259,16,12,165.1,"[28.2, 29.8, 30.4, 30.8, 45.6, 82.4, 82.7, 91.2, 103.2, 138.8, 154.5, 165.1]","['NEAR', 'NEAR', 'RAIL', 'INSIDE', 'RAIL', 'RAIL', 'INSIDE', 'INSIDE', 'OUTSIDE', 'INSIDE', 'INSIDE', 'INSIDE']","[[0.56, 0.05, 1.26], [1.53, 0.05, 1.85], [0.21, 0.53, 0.33], [0.93, 1.22, 0.24], [0.5, 0.19, 0.4], [0.23, 0.24, 0.9], [0.75, 4.53, 2.37], [4.47, 4.16, 1.64], [0.91, 0.31, 0.92], [8.59, 4.21, 1.36], [2.95, 4.66, 0.65], [2.93, 4.06, 0.36]]","[284, 292, 145, 288, 277, 165, 232, 273, 287, 204, 190, 228]",14.9
589,1788358502751348890,307200,86279,14,10,165.8,"[30.5, 30.9, 82.4, 82.7, 90.4, 91.9, 103.2, 138.8, 154.5, 165.8]","['RAIL', 'INSIDE', 'RAIL', 'INSIDE', 'NEAR', 'INSIDE', 'OUTSIDE', 'INSIDE', 'INSIDE', 'INSIDE']","[[0.11, 0.53, 0.33], [1.0, 1.22, 0.49], [0.21, 0.23, 0.9], [0.8, 4.59, 2.37], [1.16, 0.22, 2.21], [2.12, 3.84, 0.46], [0.9, 0.2, 0.92], [8.56, 4.21, 0.7], [2.97, 4.66, 0.65], [4.32, 4.06, 0.37]]","[145, 288, 165, 232, 243, 273, 287, 204, 190, 228]",16.9
590,1788358502861247463,307200,86254,12,9,154.5,"[25.9, 30.4, 47.1, 82.4, 82.7, 91.1, 103.2, 138.8, 154.5]","['RAIL', 'RAIL', 'RAIL', 'RAIL', 'INSIDE', 'INSIDE', 'OUTSIDE', 'INSIDE', 'INSIDE']","[[0.25, 0.18, 0.12], [0.2, 0.53, 0.33], [0.82, 0.1, 0.28], [0.2, 0.24, 0.9], [0.69, 4.53, 2.37], [4.57, 4.2, 2.24], [0.87, 0.31, 0.92], [8.54, 4.21, 0.7], [3.02, 4.66, 0.65]]","[280, 145, 277, 165, 232, 273, 287, 204, 190]",16.4
591,1788358502944299809,307200,86314,13,8,165.8,"[30.8, 82.4, 82.7, 90.5, 103.4, 138.8, 154.5, 165.8]","['INSIDE', 'RAIL', 'INSIDE', 'NEAR', 'OUTSIDE', 'INSIDE', 'INSIDE', 'INSIDE']","[[0.88, 1.22, 0.49], [0.19, 0.23, 0.9], [0.72, 4.59, 2.37], [1.11, 0.2, 1.84], [1.26, 0.36, 1.79], [8.57, 4.45, 0.7], [3.01, 4.66, 0.65], [4.32, 4.06, 0.37]]","[288, 165, 232, 243, 287, 204, 190, 228]",15.5
592,1788358503053374153,307200,86238,11,9,165.1,"[30.5, 30.9, 82.4, 83.1, 91.1, 103.2, 138.7, 154.5, 165.1]","['RAIL', 'INSIDE', 'RAIL', 'INSIDE', 'INSIDE', 'OUTSIDE', 'INSIDE', 'INSIDE', 'INSIDE']","[[0.11, 0.53, 0.33], [1.01, 1.22, 0.49], [0.21, 0.37, 0.9], [1.52, 4.53, 2.37], [4.53, 4.19, 2.27], [0.9, 0.36, 0.92], [8.53, 4.21, 0.7], [2.95, 4.66, 0.65], [3.0, 4.35, 0.36]]","[145, 288, 165, 232, 273, 287, 204, 190, 228]",16.0
593,1788358503145848706,307200,86266,13,11,165.1,"[30.4, 30.9, 82.4, 82.7, 89.5, 93.1, 103.2, 126.8, 138.8, 154.5, 165.1]","['RAIL', 'INSIDE', 'RAIL', 'INSIDE', 'NEAR', 'OUTSIDE', 'OUTSIDE', 'INSIDE', 'INSIDE', 'INSIDE', 'INSIDE']","[[0.21, 0.53, 0.33], [0.97, 1.22, 0.25], [0.23, 0.24, 0.9], [0.73, 4.53, 2.37], [1.22, 0.19, 2.2], [0.65, 0.18, 1.44], [0.9, 0.36, 0.92], [12.91, 4.55, 1.26], [8.57, 3.97, 0.7], [2.99, 4.66, 0.65], [3.0, 4.35, 0.36]]","[145, 288, 165, 232, 243, 273, 287, 299, 204, 190, 228]",16.1
594,1788358503243043129,307200,86274,14,12,165.8,"[28.2, 30.4, 30.9, 82.4, 82.7, 89.9, 92.2, 103.2, 125.2, 138.8, 154.5, 165.8]","['NEAR', 'RAIL', 'INSIDE', 'RAIL', 'INSIDE', 'NEAR', 'INSIDE', 'OUTSIDE', 'INSIDE', 'INSIDE', 'INSIDE', 'INSIDE']","[[0.57, 0.06, 1.26], [0.21, 0.52, 0.33], [0.94, 1.22, 0.49], [0.24, 0.37, 0.9], [0.7, 4.67, 2.37], [2.09, 0.23, 2.21], [2.51, 3.84, 1.44], [0.91, 0.2, 0.92], [9.91, 4.44, 1.26], [8.54, 3.96, 0.7], [2.95, 4.66, 0.65], [4.3, 4.35, 0.37]]","[284, 145, 288, 165, 232, 243, 273, 287, 299, 204, 190, 228]",17.7
595,1788358503350686746,307200,86325,11,10,165.2,"[28.6, 30.5, 82.4, 82.8, 91.2, 103.2, 126.0, 138.8, 154.5, 165.2]","['NEAR', 'RAIL', 'RAIL', 'INSIDE', 'INSIDE', 'OUTSIDE', 'INSIDE', 'INSIDE', 'INSIDE', 'INSIDE']","[[1.38, 0.06, 1.27], [0.13, 0.53, 0.33], [0.2, 0.22, 0.9], [0.69, 4.59, 2.37], [4.53, 4.2, 1.64], [0.87, 0.36, 0.92], [8.38, 4.45, 0.86], [8.57, 4.22, 0.7], [2.98, 4.66, 0.65], [3.0, 4.06, 0.36]]","[284, 145, 165, 232, 273, 287, 299, 204, 190, 228]",18.1
596,1788358503446632982,307200,86254,11,11,165.8,"[30.4, 30.9, 82.4, 82.7, 91.2, 94.6, 103.2, 126.0, 138.8, 154.5, 165.8]","['RAIL', 'INSIDE', 'RAIL', 'INSIDE', 'INSIDE', 'NEAR', 'OUTSIDE', 'INSIDE', 'INSIDE', 'INSIDE', 'INSIDE']","[[0.19, 0.53, 0.27], [0.97, 1.21, 0.49], [0.24, 0.24, 0.9], [0.75, 4.53, 2.37], [4.5, 4.2, 2.27], [0.67, 0.17, 0.44], [0.91, 0.31, 0.92], [8.37, 4.44, 1.13], [8.61, 4.22, 0.7], [2.93, 4.66, 0.65], [4.25, 4.35, 0.37]]","[145, 288, 165, 232, 273, 295, 287, 299, 204, 190, 228]",15.1
597,1788358503546436682,307200,86279,14,12,165.2,"[28.2, 29.8, 30.9, 47.1, 82.4, 82.7, 91.1, 103.2, 126.5, 138.8, 154.5, 165.2]","['NEAR', 'NEAR', 'INSIDE', 'RAIL', 'RAIL', 'INSIDE', 'INSIDE', 'OUTSIDE', 'INSIDE', 'INSIDE', 'INSIDE', 'INSIDE']","[[0.56, 0.05, 1.26], [1.58, 0.06, 1.85], [0.99, 1.21, 0.49], [0.82, 0.1, 0.28], [0.19, 0.24, 0.9], [0.69, 4.53, 2.37], [4.49, 4.17, 2.27], [0.91, 0.2, 0.92], [7.22, 4.45, 1.13], [8.54, 4.57, 0.7], [2.99, 4.66, 0.65], [2.97, 4.35, 0.36]]","[284, 292, 288, 277, 165, 232, 273, 287, 299, 204, 190, 228]",22.7
598,1788358503642905460,307200,86230,11,10,165.1,"[25.2, 30.4, 82.4, 82.7, 91.7, 103.2, 126.0, 138.8, 154.5, 165.1]","['INSIDE', 'RAIL', 'RAIL', 'INSIDE', 'INSIDE', 'OUTSIDE', 'INSIDE', 'INSIDE', 'INSIDE', 'INSIDE']","[[0.88, 1.73, 0.09], [0.18, 0.58, 0.33], [0.19, 0.37, 0.9], [0.73, 4.53, 2.37], [3.5, 4.09, 2.24], [0.91, 0.2, 0.92], [8.44, 4.45, 1.13], [8.57, 4.56, 0.7], [2.97, 4.66, 0.65], [2.96, 4.06, 0.36]]","[284, 145, 165, 232, 273, 287, 299, 204, 190, 228]",15.9
599,1788358503742311321,307200,86246,11,11,165.9,"[30.4, 30.8, 82.4, 82.7, 93.1, 94.6, 103.2, 126.5, 138.8, 154.5, 165.9]","['RAIL', 'INSIDE', 'RAIL', 'INSIDE', 'OUTSIDE', 'NEAR', 'OUTSIDE', 'INSIDE', 'INSIDE', 'INSIDE', 'INSIDE']","[[0.21, 0.53, 0.33], [0.92, 1.22, 0.49], [0.19, 0.37, 0.9], [0.66, 4.48, 2.37], [0.62, 0.29, 1.02], [0.67, 0.17, 0.44], [0.9, 0.31, 0.92], [7.26, 4.45, 1.13], [8.56, 4.22, 0.7], [2.99, 4.66, 0.65], [4.36, 4.06, 0.37]]","[145, 288, 165, 232, 273, 295, 287, 299, 204, 190, 228]",12.5
600,1788358503839146021,307200,86239,13,12,165.1,"[25.9, 28.7, 30.4, 30.9, 82.4, 82.8, 91.7, 103.2, 126.8, 138.8, 148.4, 165.1]","['RAIL', 'NEAR', 'RAIL', 'INSIDE', 'RAIL', 'INSIDE', 'INSIDE', 'OUTSIDE', 'INSIDE', 'INSIDE', 'RAIL', 'INSIDE']","[[0.25, 0.19, 0.12], [1.42, 0.05, 1.27], [0.21, 0.53, 0.33], [0.98, 1.22, 0.49], [0.21, 0.38, 0.9], [0.63, 4.48, 2.37], [3.49, 4.19, 2.27], [0.89, 0.36, 0.92], [12.75, 4.55, 1.26], [8.56, 4.22, 0.7], [0.03, 0.26, 0.22], [2.94, 4.35, 0.36]]","[284, 292, 145, 288, 165, 232, 273, 287, 299, 204, 289, 228]",18.1
601,1788358503940184518,307200,86334,15,13,165.8,"[25.8, 28.2, 30.4, 30.9, 47.1, 82.4, 82.7, 91.6, 103.2, 127.4, 138.8, 154.5, 165.8]","['RAIL', 'NEAR', 'RAIL', 'INSIDE', 'RAIL', 'RAIL', 'INSIDE', 'INSIDE', 'OUTSIDE', 'INSIDE', 'INSIDE', 'INSIDE', 'INSIDE']","[[0.25, 0.19, 0.12], [0.56, 0.05, 1.26], [0.17, 0.58, 0.33], [0.95, 1.22, 0.49], [0.81, 0.07, 0.28], [0.22, 0.51, 0.9], [0.75, 4.53, 2.37], [3.48, 4.2, 2.27], [0.87, 0.31, 0.92], [11.26, 4.47, 1.5], [8.55, 4.22, 0.7], [3.01, 4.66, 0.65], [4.34, 4.35, 0.37]]","[284, 292, 145, 288, 277, 165, 232, 273, 287, 299, 204, 190, 228]",15.7
602,1788358504043821665,307200,86306,14,11,165.2,"[29.9, 30.4, 30.9, 82.4, 82.7, 91.6, 103.2, 127.5, 138.8, 154.5, 165.2]","['NEAR', 'RAIL', 'INSIDE', 'RAIL', 'INSIDE', 'INSIDE', 'OUTSIDE', 'INSIDE', 'INSIDE', 'INSIDE', 'INSIDE']","[[1.19, 0.06, 1.85], [0.21, 0.53, 0.33], [1.06, 1.22, 0.25], [0.21, 0.22, 0.9], [0.66, 4.43, 2.37], [3.5, 4.2, 2.27], [0.91, 0.31, 0.92], [11.5, 4.55, 1.13], [8.57, 4.22, 0.7], [2.99, 4.66, 0.65], [2.94, 4.06, 0.36]]","[300, 145, 288, 165, 232, 273, 287, 299, 204, 190, 228]",15.9
603,1788358504145445553,307200,86241,13,12,165.1,"[30.4, 30.9, 45.7, 82.4, 82.7, 89.9, 92.2, 103.2, 126.8, 138.0, 154.6, 165.1]","['RAIL', 'INSIDE', 'RAIL', 'RAIL', 'INSIDE', 'NEAR', 'INSIDE', 'OUTSIDE', 'INSIDE', 'INSIDE', 'INSIDE', 'INSIDE']","[[0.22, 0.53, 0.33], [0.98, 1.22, 0.49], [0.5, 0.19, 0.4], [0.23, 0.37, 0.9], [0.75, 4.53, 2.37], [2.16, 0.23, 2.2], [2.47, 3.84, 1.44], [0.87, 0.36, 0.92], [13.03, 4.55, 1.63], [7.12, 4.58, 0.7], [3.08, 4.66, 0.65], [2.94, 3.19, 0.36]]","[145, 288, 277, 165, 232, 243, 273, 287, 299, 204, 190, 228]",13.2
604,1788358504239422179,307200,86246,12,11,165.8,"[24.8, 30.5, 82.4, 82.7, 90.0, 94.6, 103.2, 126.8, 141.6, 154.5, 165.8]","['NEAR', 'RAIL', 'RAIL', 'INSIDE', 'NEAR', 'NEAR', 'OUTSIDE', 'INSIDE', 'INSIDE', 'INSIDE', 'INSIDE']","[[0.44, 0.9, 0.05], [0.2, 0.58, 0.33], [0.19, 0.24, 0.9], [0.78, 4.53, 2.37], [2.07, 0.24, 1.84], [0.61, 0.16, 0.44], [0.87, 0.36, 0.92], [12.96, 4.55, 1.63], [2.77, 3.93, 0.37], [3.01, 4.66, 0.65], [4.35, 3.77, 0.37]]","[284, 145, 165, 232, 243, 295, 287, 299, 204, 190, 228]",15.7
605,1788358504343127554,307200,86241,14,13,165.8,"[28.2, 30.4, 30.8, 82.4, 82.7, 89.9, 94.6, 103.2, 125.2, 138.8, 148.4, 154.5, 165.8]","['NEAR', 'RAIL', 'INSIDE', 'RAIL', 'INSIDE', 'NEAR', 'NEAR', 'OUTSIDE', 'INSIDE', 'INSIDE', 'RAIL', 'INSIDE', 'INSIDE']","[[0.55, 0.06, 1.26], [0.18, 0.52, 0.33], [0.89, 1.22, 0.49], [0.26, 0.24, 0.9], [0.68, 4.57, 2.37], [2.12, 0.23, 1.59], [0.65, 0.17, 0.44], [0.85, 0.31, 0.92], [9.92, 4.45, 0.99], [8.6, 4.22, 0.7], [0.03, 0.26, 0.22], [2.96, 4.66, 0.65], [4.35, 4.35, 0.37]]","[292, 145, 288, 165, 232, 243, 295, 287, 299, 204, 289, 190, 228]",13.3
606,1788358504449445395,307200,86228,13,11,165.8,"[28.2, 30.4, 30.9, 82.4, 82.7, 90.2, 103.2, 126.8, 138.8, 154.5, 165.8]","['NEAR', 'RAIL', 'INSIDE', 'RAIL', 'INSIDE', 'INSIDE', 'OUTSIDE', 'INSIDE', 'INSIDE', 'INSIDE', 'INSIDE']","[[0.57, 0.06, 1.26], [0.19, 0.53, 0.33], [1.0, 1.21, 0.49], [0.21, 0.24, 0.9], [0.67, 4.53, 2.37], [2.78, 4.2, 2.24], [0.87, 0.2, 0.92], [12.97, 4.55, 1.63], [8.56, 4.21, 1.36], [2.99, 4.12, 0.65], [4.31, 4.35, 0.37]]","[292, 145, 288, 165, 232, 243, 287, 299, 204, 190, 228]",13.8
607,1788358504542739069,307200,86332,15,12,165.8,"[28.2, 30.4, 82.4, 82.7, 91.1, 94.5, 103.2, 126.8, 138.8, 148.4, 154.5, 165.8]","['NEAR', 'RAIL', 'RAIL', 'INSIDE', 'INSIDE', 'NEAR', 'OUTSIDE', 'INSIDE', 'INSIDE', 'RAIL', 'INSIDE', 'INSIDE']","[[0.56, 0.05, 1.26], [0.22, 0.53, 0.33], [0.22, 0.37, 0.9], [0.78, 4.53, 2.37], [4.51, 4.2, 2.27], [0.76, 0.22, 0.62], [0.91, 0.31, 0.92], [12.91, 4.55, 1.63], [8.58, 4.21, 0.7], [0.05, 0.26, 0.22], [3.01, 4.66, 0.65], [4.26, 4.06, 0.37]]","[292, 145, 165, 232, 243, 295, 287, 299, 204, 289, 190, 228]",14.0
608,1788358504640012496,307200,86258,9,8,165.8,"[28.2, 30.4, 82.4, 82.7, 91.6, 103.2, 154.5, 165.8]","['NEAR', 'RAIL', 'RAIL', 'INSIDE', 'INSIDE', 'OUTSIDE', 'INSIDE', 'INSIDE']","[[0.55, 0.06, 1.26], [0.18, 0.53, 0.33], [0.18, 0.37, 0.9], [0.7, 4.59, 2.37], [3.5, 4.2, 2.27], [0.9, 0.2, 0.92], [2.97, 4.66, 0.65], [4.34, 4.35, 0.37]]","[292, 145, 165, 232, 243, 287, 190, 228]",15.2
609,1788358504745485823,307200,86270,13,11,165.8,"[30.4, 30.9, 82.4, 82.7, 91.2, 103.2, 126.8, 138.8, 148.4, 154.5, 165.8]","['RAIL', 'INSIDE', 'RAIL', 'INSIDE', 'INSIDE', 'OUTSIDE', 'INSIDE', 'INSIDE', 'RAIL', 'INSIDE', 'INSIDE']","[[0.18, 0.57, 0.33], [1.0, 1.22, 0.49], [0.23, 0.24, 0.9], [0.65, 4.45, 2.37], [4.49, 4.19, 2.27], [0.87, 0.31, 0.92], [12.9, 4.55, 1.63], [8.55, 4.33, 0.7], [0.06, 0.26, 0.22], [2.99, 4.39, 0.65], [4.29, 4.35, 0.37]]","[145, 288, 165, 232, 243, 287, 299, 204, 289, 190, 228]",15.2
610,1788358504845175062,307200,86300,13,11,165.1,"[28.2, 29.8, 30.9, 82.4, 82.7, 91.2, 103.2, 126.8, 138.0, 154.5, 165.1]","['NEAR', 'NEAR', 'INSIDE', 'RAIL', 'INSIDE', 'INSIDE', 'OUTSIDE', 'INSIDE', 'INSIDE', 'INSIDE', 'INSIDE']","[[0.56, 0.05, 1.26], [1.57, 0.06, 1.85], [0.96, 1.22, 0.49], [0.18, 0.22, 0.9], [0.67, 4.44, 2.37], [4.48, 4.19, 1.65], [0.92, 0.36, 0.92], [12.97, 4.55, 1.27], [7.12, 4.57, 0.7], [2.96, 4.66, 0.65], [2.9, 4.06, 0.36]]","[292, 300, 288, 165, 232, 243, 287, 299, 204, 190, 228]",21.4
611,1788358504938248570,307200,86228,14,12,165.2,"[28.2, 30.4, 30.9, 82.4, 82.8, 89.9, 92.2, 103.4, 126.8, 138.8, 154.5, 165.2]","['NEAR', 'RAIL', 'INSIDE', 'RAIL', 'INSIDE', 'NEAR', 'INSIDE', 'OUTSIDE', 'INSIDE', 'INSIDE', 'INSIDE', 'INSIDE']","[[0.57, 0.05, 1.26], [0.18, 0.58, 0.33], [0.94, 1.22, 0.49], [0.21, 0.37, 0.9], [0.68, 4.59, 2.37], [2.05, 0.19, 2.21], [2.46, 3.84, 1.44], [1.3, 0.36, 1.79], [12.95, 4.55, 1.27], [8.6, 4.33, 0.7], [2.96, 4.66, 0.65], [2.97, 3.19, 0.36]]","[292, 145, 288, 165, 232, 243, 273, 287, 299, 204, 190, 228]",16.7
612,1788358505042618554,307200,86255,12,11,165.8,"[30.4, 82.4, 82.7, 90.0, 92.1, 103.2, 126.0, 138.8, 148.4, 154.5, 165.8]","['RAIL', 'RAIL', 'INSIDE', 'NEAR', 'INSIDE', 'OUTSIDE', 'INSIDE', 'INSIDE', 'RAIL', 'INSIDE', 'INSIDE']","[[0.18, 0.58, 0.33], [0.26, 0.38, 0.9], [0.66, 4.48, 2.37], [2.01, 0.22, 1.58], [2.46, 3.84, 1.41], [0.9, 0.2, 0.92], [8.36, 4.47, 0.88], [8.59, 4.33, 0.7], [0.03, 0.26, 0.22], [2.99, 4.66, 0.65], [4.31, 4.35, 0.37]]","[145, 165, 232, 243, 273, 287, 299, 204, 289, 190, 228]",14.0
613,1788358505141589841,307200,86185,13,12,165.1,"[28.2, 30.5, 30.9, 82.4, 82.7, 89.9, 92.1, 103.2, 126.6, 138.0, 154.5, 165.1]","['NEAR', 'RAIL', 'INSIDE', 'RAIL', 'INSIDE', 'NEAR', 'INSIDE', 'OUTSIDE', 'INSIDE', 'INSIDE', 'INSIDE', 'INSIDE']","[[0.58, 0.06, 1.26], [0.13, 0.53, 0.33], [0.98, 1.22, 0.24], [0.24, 0.37, 0.9], [0.73, 4.44, 2.37], [2.07, 0.23, 1.59], [2.48, 3.84, 1.41], [0.89, 0.2, 0.92], [7.29, 4.45, 0.86], [7.11, 4.22, 0.7], [2.98, 4.66, 0.65], [2.91, 3.77, 0.36]]","[292, 145, 288, 165, 232, 243, 273, 287, 299, 204, 190, 228]",14.8
614,1788358505235684280,307200,86220,12,10,165.9,"[30.4, 82.4, 82.7, 89.9, 93.0, 103.2, 126.8, 138.8, 154.6, 165.9]","['RAIL', 'RAIL', 'INSIDE', 'NEAR', 'OUTSIDE', 'OUTSIDE', 'INSIDE', 'INSIDE', 'INSIDE', 'INSIDE']","[[0.17, 0.58, 0.27], [0.2, 0.37, 0.9], [0.76, 4.53, 2.37], [2.03, 0.22, 1.59], [0.64, 1.16, 1.44], [0.88, 0.36, 0.92], [12.96, 4.55, 1.26], [8.55, 4.33, 0.7], [3.01, 4.66, 0.65], [4.38, 4.35, 0.37]]","[145, 165, 232, 243, 273, 287, 299, 204, 190, 228]",18.3
615,1788358505340290830,307200,86268,13,12,165.2,"[28.2, 30.4, 30.9, 82.4, 83.1, 90.4, 93.1, 103.2, 126.5, 138.8, 154.5, 165.2]","['NEAR', 'RAIL', 'INSIDE', 'RAIL', 'INSIDE', 'NEAR', 'OUTSIDE', 'OUTSIDE', 'INSIDE', 'INSIDE', 'INSIDE', 'INSIDE']","[[0.58, 0.05, 1.26], [0.17, 0.58, 0.27], [0.95, 1.22, 0.49], [0.25, 0.37, 0.9], [1.48, 4.57, 2.37], [1.15, 0.22, 1.59], [0.67, 1.32, 1.44], [0.85, 0.2, 0.92], [7.25, 4.44, 1.13], [8.56, 4.22, 0.7], [3.04, 4.66, 0.65], [3.02, 4.06, 0.36]]","[292, 145, 288, 165, 232, 243, 273, 287, 299, 204, 190, 228]",15.9
616,1788358505443603371,307200,86286,16,13,165.9,"[29.7, 30.5, 30.9, 82.4, 82.7, 89.9, 92.2, 103.2, 126.8, 138.8, 148.4, 154.5, 165.9]","['NEAR', 'RAIL', 'INSIDE', 'RAIL', 'INSIDE', 'NEAR', 'INSIDE', 'OUTSIDE', 'INSIDE', 'INSIDE', 'RAIL', 'INSIDE', 'INSIDE']","[[1.51, 0.07, 1.85], [0.14, 0.53, 0.33], [1.04, 1.22, 0.49], [0.23, 0.22, 0.9], [0.68, 4.43, 2.37], [2.11, 0.22, 1.58], [2.44, 3.84, 1.41], [0.91, 0.2, 0.92], [13.01, 4.55, 1.26], [8.61, 4.22, 0.7], [0.04, 0.26, 0.22], [2.99, 4.66, 0.65], [4.37, 4.06, 0.37]]","[300, 145, 288, 165, 232, 243, 273, 287, 299, 204, 289, 190, 228]",17.7
617,1788358505548563960,307200,86271,14,14,165.8,"[28.2, 30.4, 30.9, 30.9, 82.4, 82.7, 90.4, 92.2, 103.4, 126.8, 138.8, 148.4, 154.5, 165.8]","['NEAR', 'RAIL', 'INSIDE', 'NEAR', 'RAIL', 'INSIDE', 'NEAR', 'INSIDE', 'OUTSIDE', 'INSIDE', 'INSIDE', 'RAIL', 'INSIDE', 'INSIDE']","[[0.56, 0.05, 1.26], [0.18, 0.52, 0.33], [0.94, 1.22, 0.49], [3.78, 0.12, 1.94], [0.26, 0.24, 0.9], [0.68, 4.44, 2.37], [1.11, 0.22, 1.58], [2.41, 3.84, 1.44], [1.24, 0.22, 1.79], [12.97, 4.55, 1.26], [8.55, 4.22, 0.7], [0.04, 0.26, 0.22], [2.99, 4.66, 0.65], [4.27, 4.35, 0.37]]","[292, 145, 288, 304, 165, 232, 243, 273, 287, 299, 204, 289, 190, 228]",14.2
618,1788358505646847168,307200,86258,13,13,165.1,"[28.2, 29.8, 30.9, 31.9, 82.4, 83.1, 90.0, 93.1, 103.4, 125.9, 138.8, 154.5, 165.1]","['NEAR', 'NEAR', 'INSIDE', 'NEAR', 'RAIL', 'INSIDE', 'NEAR', 'OUTSIDE', 'OUTSIDE', 'INSIDE', 'INSIDE', 'INSIDE', 'INSIDE']","[[0.55, 0.05, 1.26], [1.52, 0.06, 1.85], [0.96, 1.22, 0.49], [1.83, 0.12, 1.88], [0.22, 0.51, 0.9], [1.5, 4.53, 2.37], [2.0, 0.2, 2.2], [0.63, 0.18, 1.44], [1.38, 0.31, 1.79], [8.38, 4.45, 1.13], [8.58, 4.21, 0.7], [3.0, 4.63, 0.65], [2.97, 4.06, 0.36]]","[292, 300, 288, 304, 165, 232, 243, 273, 287, 299, 204, 190, 228]",19.2
619,1788358505742017963,307200,86310,13,13,165.8,"[30.4, 30.9, 30.9, 82.4, 83.1, 91.1, 94.5, 103.2, 128.1, 138.8, 148.4, 154.5, 165.8]","['RAIL', 'INSIDE', 'NEAR', 'RAIL', 'INSIDE', 'INSIDE', 'NEAR', 'OUTSIDE', 'INSIDE', 'INSIDE', 'RAIL', 'INSIDE', 'INSIDE']","[[0.18, 0.58, 0.33], [0.97, 1.22, 0.25], [3.8, 0.12, 1.94], [0.21, 0.19, 0.9], [1.46, 4.48, 2.37], [4.53, 4.2, 2.27], [0.85, 0.21, 0.62], [0.87, 0.36, 0.92], [10.33, 4.55, 1.13], [8.55, 4.21, 0.7], [0.03, 0.26, 0.22], [2.97, 4.66, 0.65], [4.22, 4.06, 0.37]]","[145, 288, 304, 165, 232, 243, 273, 287, 299, 204, 289, 190, 228]",14.8
620,1788358505844549308,307200,86287,12,11,165.9,"[30.5, 31.9, 82.4, 83.1, 91.1, 103.2, 128.0, 138.8, 148.4, 154.5, 165.9]","['RAIL', 'NEAR', 'RAIL', 'INSIDE', 'INSIDE', 'OUTSIDE', 'INSIDE', 'INSIDE', 'RAIL', 'INSIDE', 'INSIDE']","[[0.11, 0.53, 0.33], [1.84, 0.12, 1.89], [0.18, 0.22, 0.9], [1.52, 4.53, 2.37], [4.55, 4.19, 1.65], [0.89, 0.36, 0.92], [10.26, 4.55, 0.88], [8.56, 4.21, 0.7], [0.05, 0.26, 0.22], [3.0, 4.66, 0.65], [4.39, 3.77, 0.37]]","[145, 304, 165, 232, 243, 287, 299, 204, 289, 190, 228]",14.8
621,1788358505950950482,307200,86320,14,14,165.2,"[28.2, 29.8, 30.4, 30.9, 31.9, 82.4, 83.1, 90.4, 103.2, 126.5, 138.8, 148.4, 154.5, 165.2]","['NEAR', 'RAIL', 'NEAR', 'INSIDE', 'NEAR', 'RAIL', 'INSIDE', 'NEAR', 'OUTSIDE', 'INSIDE', 'INSIDE', 'RAIL', 'INSIDE', 'INSIDE']","[[0.58, 0.05, 1.26], [0.18, 0.58, 0.33], [1.58, 0.06, 1.85], [1.01, 1.22, 0.49], [1.87, 0.12, 1.88], [0.26, 0.23, 0.9], [1.48, 4.59, 2.37], [1.1, 0.22, 2.21], [0.89, 0.2, 0.92], [7.24, 4.44, 1.13], [8.59, 4.47, 0.7], [0.03, 0.26, 0.22], [2.99, 4.66, 0.65], [2.98, 4.06, 0.36]]","[292, 145, 300, 288, 304, 165, 232, 243, 287, 299, 204, 289, 190, 228]",12.9
622,1788358506057088065,307200,86250,16,15,165.8,"[28.6, 29.9, 30.4, 30.9, 31.9, 82.4, 82.7, 91.1, 94.5, 103.2, 126.8, 138.8, 148.4, 154.5, 165.8]","['NEAR', 'NEAR', 'RAIL', 'INSIDE', 'NEAR', 'RAIL', 'INSIDE', 'INSIDE', 'NEAR', 'OUTSIDE', 'INSIDE', 'INSIDE', 'RAIL', 'INSIDE', 'INSIDE']","[[1.41, 0.06, 1.27], [1.17, 0.06, 1.85], [0.21, 0.53, 0.33], [0.95, 1.22, 0.25], [1.87, 0.12, 1.89], [0.25, 0.37, 0.9], [0.75, 4.24, 2.37], [4.56, 4.19, 2.27], [0.68, 0.17, 0.44], [0.9, 0.2, 0.92], [12.93, 4.55, 1.26], [8.55, 4.33, 0.7], [0.04, 0.26, 0.22], [3.04, 4.66, 0.65], [4.29, 3.77, 0.37]]","[292, 300, 145, 288, 304, 165, 232, 243, 273, 287, 299, 204, 289, 190, 228]",13.0
623,1788358506159030504,307200,86258,10,10,165.9,"[29.8, 30.4, 31.8, 82.4, 82.7, 91.7, 103.2, 148.4, 154.5, 165.9]","['RAIL', 'NEAR', 'NEAR', 'RAIL', 'INSIDE', 'INSIDE', 'OUTSIDE', 'RAIL', 'INSIDE', 'INSIDE']","[[0.19, 0.58, 0.33], [1.59, 0.07, 1.85], [1.82, 0.12, 1.89], [0.25, 0.37, 0.9], [0.77, 4.53, 2.37], [3.51, 4.2, 1.65], [0.92, 0.31, 0.92], [0.04, 0.26, 0.22], [3.01, 4.66, 0.65], [4.34, 4.06, 0.37]]","[145, 300, 304, 165, 232, 243, 287, 289, 190, 228]",15.0
624,1788358506258449456,307200,86296,11,11,165.2,"[25.9, 28.2, 30.9, 31.9, 82.4, 83.1, 90.5, 103.2, 148.4, 154.5, 165.2]","['RAIL', 'NEAR', 'INSIDE', 'NEAR', 'RAIL', 'INSIDE', 'NEAR', 'OUTSIDE', 'RAIL', 'INSIDE', 'INSIDE']","[[0.26, 0.19, 0.12], [0.56, 0.05, 1.26], [0.95, 1.22, 0.25], [1.91, 0.12, 1.88], [0.2, 0.23, 0.9], [1.47, 4.44, 2.37], [1.17, 0.22, 1.84], [0.85, 0.36, 0.92], [0.06, 0.26, 0.22], [2.99, 4.66, 0.65], [2.97, 3.77, 0.36]]","[292, 300, 288, 304, 165, 232, 243, 287, 289, 190, 228]",13.7
625,1788358506339825697,307200,86304,12,12,165.9,"[28.2, 30.9, 30.9, 82.4, 82.7, 90.9, 94.6, 103.2, 126.7, 138.8, 154.5, 165.9]","['NEAR', 'INSIDE', 'NEAR', 'RAIL', 'INSIDE', 'INSIDE', 'NEAR', 'OUTSIDE', 'INSIDE', 'INSIDE', 'INSIDE', 'INSIDE']","[[0.57, 0.05, 1.26], [0.98, 1.22, 0.49], [3.84, 0.13, 1.94], [0.23, 0.24, 0.9], [0.74, 4.53, 2.37], [4.2, 4.2, 1.9], [0.63, 0.1, 1.05], [0.91, 0.2, 0.92], [12.75, 4.47, 1.63], [8.57, 4.22, 0.7], [2.98, 4.66, 0.65], [4.36, 4.34, 0.37]]","[300, 288, 304, 165, 232, 243, 273, 287, 299, 204, 190, 228]",15.4
626,1788358506446116047,307200,86252,16,12,165.8,"[25.2, 28.2, 29.9, 30.5, 82.4, 83.1, 90.7, 103.2, 125.2, 138.8, 154.5, 165.8]","['INSIDE', 'NEAR', 'NEAR', 'RAIL', 'RAIL', 'INSIDE', 'INSIDE', 'OUTSIDE', 'INSIDE', 'INSIDE', 'INSIDE', 'INSIDE']","[[0.86, 1.73, 0.09], [0.55, 0.05, 1.26], [1.21, 0.06, 1.85], [0.11, 0.53, 0.27], [0.2, 0.38, 0.9], [1.48, 4.44, 2.37], [1.73, 4.18, 2.24], [0.86, 0.2, 0.92], [9.85, 4.44, 1.26], [8.55, 4.22, 0.7], [2.98, 4.66, 0.65], [4.26, 3.77, 0.37]]","[300, 304, 288, 145, 165, 232, 243, 287, 299, 204, 190, 228]",16.1
627,1788358506546161524,307200,86272,15,12,165.8,"[28.2, 29.7, 30.4, 82.4, 82.7, 91.1, 103.2, 125.2, 138.8, 148.4, 154.5, 165.8]","['NEAR', 'RAIL', 'NEAR', 'RAIL', 'INSIDE', 'INSIDE', 'OUTSIDE', 'INSIDE', 'INSIDE', 'RAIL', 'INSIDE', 'INSIDE']","[[0.55, 0.05, 1.26], [0.2, 0.53, 0.33], [1.51, 0.05, 1.85], [0.21, 0.24, 0.9], [0.73, 4.53, 2.37], [4.51, 4.09, 2.27], [0.9, 0.31, 0.92], [9.84, 4.45, 1.26], [8.63, 4.32, 0.7], [0.04, 0.26, 0.22], [2.97, 4.66, 0.65], [4.27, 4.06, 0.37]]","[304, 145, 288, 165, 232, 243, 287, 299, 204, 289, 190, 228]",14.3
628,1788358506643174988,307200,86288,13,11,165.8,"[28.2, 30.5, 82.4, 82.7, 91.2, 94.6, 103.4, 121.7, 141.7, 154.5, 165.8]","['NEAR', 'RAIL', 'RAIL', 'INSIDE', 'INSIDE', 'NEAR', 'OUTSIDE', 'OUTSIDE', 'INSIDE', 'INSIDE', 'INSIDE']","[[0.56, 0.05, 1.26], [0.13, 0.53, 0.33], [0.25, 0.37, 0.9], [0.71, 4.53, 2.37], [4.47, 4.2, 1.64], [0.59, 0.17, 0.44], [1.26, 0.22, 1.79], [2.61, 1.97, 0.46], [2.8, 4.09, 0.37], [2.98, 4.63, 0.65], [4.33, 4.35, 0.37]]","[304, 145, 165, 232, 243, 273, 287, 299, 204, 190, 228]",12.8
629,1788358506745522788,307200,86218,15,12,165.1,"[28.2, 29.8, 82.4, 82.7, 90.0, 92.0, 103.2, 125.3, 138.7, 148.4, 154.5, 165.1]","['NEAR', 'NEAR', 'RAIL', 'INSIDE', 'NEAR', 'INSIDE', 'OUTSIDE', 'INSIDE', 'INSIDE', 'RAIL', 'INSIDE', 'INSIDE']","[[0.54, 0.06, 1.26], [1.54, 0.06, 1.85], [0.2, 0.23, 0.9], [0.73, 4.53, 2.37], [2.04, 0.22, 1.84], [1.97, 3.85, 0.83], [0.87, 0.36, 0.92], [9.89, 4.44, 1.26], [8.52, 4.21, 0.7], [0.04, 0.26, 0.22], [3.01, 4.66, 0.65], [2.95, 4.06, 0.36]]","[304, 288, 165, 232, 243, 273, 287, 299, 204, 289, 190, 228]",13.1
630,1788358506853694850,307200,86293,10,8,165.9,"[82.4, 82.8, 91.1, 98.2, 126.9, 138.8, 154.5, 165.9]","['RAIL', 'INSIDE', 'INSIDE', 'INSIDE', 'INSIDE', 'INSIDE', 'INSIDE', 'INSIDE']","[[0.22, 0.22, 0.9], [0.68, 4.45, 2.37], [4.57, 4.18, 2.27], [2.31, 4.13, 1.48], [12.9, 4.55, 1.26], [8.56, 4.22, 0.7], [3.0, 4.66, 0.65], [4.37, 4.35, 0.37]]","[165, 232, 273, 287, 299, 204, 190, 228]",13.7
631,1788358506953718564,307200,86281,13,9,165.8,"[28.2, 30.4, 82.4, 82.7, 94.6, 126.8, 138.8, 154.5, 165.8]","['NEAR', 'RAIL', 'RAIL', 'INSIDE', 'NEAR', 'INSIDE', 'INSIDE', 'INSIDE', 'INSIDE']","[[0.53, 0.05, 1.26], [0.21, 0.58, 0.27], [0.2, 0.23, 0.9], [0.72, 4.67, 2.37], [0.69, 0.22, 0.62], [12.99, 4.55, 1.26], [8.57, 4.22, 0.7], [2.99, 4.66, 0.65], [4.39, 4.35, 0.37]]","[304, 145, 165, 232, 273, 299, 204, 190, 228]",15.1
632,1788358507049578866,307200,86227,12,9,165.1,"[30.5, 82.4, 82.8, 91.1, 125.3, 138.8, 148.4, 154.5, 165.1]","['RAIL', 'RAIL', 'INSIDE', 'INSIDE', 'INSIDE', 'INSIDE', 'RAIL', 'INSIDE', 'INSIDE']","[[0.13, 0.53, 0.33], [0.21, 0.24, 0.9], [0.67, 4.43, 2.37], [4.5, 4.2, 1.62], [9.83, 4.42, 1.26], [8.62, 4.45, 1.36], [0.04, 0.26, 0.22], [2.99, 4.66, 0.65], [2.94, 4.34, 0.36]]","[145, 165, 232, 243, 299, 204, 289, 190, 228]",13.7
633,1788358507152502710,307200,86233,13,10,165.8,"[28.2, 30.5, 82.4, 83.1, 91.1, 94.5, 125.2, 141.6, 154.5, 165.8]","['NEAR', 'RAIL', 'RAIL', 'INSIDE', 'INSIDE', 'NEAR', 'INSIDE', 'INSIDE', 'INSIDE', 'INSIDE']","[[0.56, 0.06, 1.26], [0.12, 0.53, 0.33], [0.2, 0.24, 0.9], [1.49, 4.53, 2.37], [4.48, 4.19, 2.27], [0.72, 0.17, 0.44], [9.79, 4.46, 1.26], [2.79, 4.09, 0.37], [3.01, 4.63, 0.65], [4.29, 3.77, 0.37]]","[304, 145, 165, 232, 243, 273, 299, 204, 190, 228]",16.1
634,1788358507254979291,307200,86253,12,9,165.9,"[25.9, 30.4, 82.4, 82.7, 89.9, 138.8, 148.4, 154.5, 165.9]","['RAIL', 'RAIL', 'RAIL', 'INSIDE', 'NEAR', 'INSIDE', 'RAIL', 'INSIDE', 'INSIDE']","[[0.26, 0.21, 0.12], [0.2, 0.52, 0.33], [0.21, 0.37, 0.9], [0.7, 4.53, 2.37], [2.06, 0.22, 1.58], [8.59, 4.32, 0.7], [0.04, 0.26, 0.22], [2.97, 4.66, 0.65], [4.4, 4.06, 0.37]]","[304, 145, 165, 232, 243, 204, 289, 190, 228]",14.4
635,1788358507344645404,307200,86257,13,9,165.2,"[28.3, 30.5, 82.4, 83.1, 91.1, 126.0, 138.8, 154.5, 165.2]","['NEAR', 'RAIL', 'RAIL', 'INSIDE', 'INSIDE', 'INSIDE', 'INSIDE', 'INSIDE', 'INSIDE']","[[0.6, 0.05, 1.26], [0.13, 0.53, 0.33], [0.23, 0.19, 0.9], [1.46, 4.45, 2.37], [4.53, 4.19, 2.27], [8.4, 4.46, 1.13], [8.61, 4.21, 0.7], [2.99, 4.66, 0.65], [2.98, 4.34, 0.36]]","[288, 145, 165, 232, 243, 299, 204, 190, 228]",15.2
636,1788358507447638933,307200,86230,15,11,165.9,"[28.2, 31.8, 82.4, 82.7, 90.0, 92.1, 126.7, 138.8, 148.4, 154.5, 165.9]","['NEAR', 'NEAR', 'RAIL', 'INSIDE', 'NEAR', 'INSIDE', 'INSIDE', 'INSIDE', 'RAIL', 'INSIDE', 'INSIDE']","[[0.54, 0.06, 1.26], [1.87, 0.11, 1.88], [0.23, 0.23, 0.9], [0.68, 4.44, 2.37], [2.0, 0.06, 0.37], [2.49, 3.84, 1.44], [12.73, 4.47, 1.63], [8.6, 4.22, 0.7], [0.05, 0.26, 0.22], [2.99, 4.66, 0.65], [4.39, 4.35, 0.37]]","[288, 145, 165, 232, 243, 273, 299, 204, 289, 190, 228]",13.4
637,1788358507543355860,307200,86325,13,10,165.8,"[28.2, 30.9, 82.4, 83.1, 90.0, 92.2, 125.3, 138.0, 154.5, 165.8]","['NEAR', 'NEAR', 'RAIL', 'INSIDE', 'NEAR', 'INSIDE', 'INSIDE', 'INSIDE', 'INSIDE', 'INSIDE']","[[0.55, 0.05, 1.26], [3.83, 0.13, 1.94], [0.21, 0.51, 0.9], [1.57, 4.53, 2.37], [1.98, 0.22, 1.58], [2.46, 3.84, 1.44], [9.74, 4.44, 1.26], [7.06, 4.21, 1.36], [2.99, 4.66, 0.65], [4.33, 4.35, 0.37]]","[288, 145, 165, 232, 243, 273, 299, 204, 190, 228]",13.3
638,1788358507653692495,307200,86290,13,9,165.2,"[25.2, 28.2, 82.4, 82.7, 91.1, 125.2, 138.8, 154.5, 165.2]","['INSIDE', 'NEAR', 'RAIL', 'INSIDE', 'INSIDE', 'INSIDE', 'INSIDE', 'INSIDE', 'INSIDE']","[[0.76, 1.07, 0.08], [0.56, 0.05, 1.26], [0.25, 0.24, 0.9], [0.72, 4.53, 2.37], [4.49, 4.2, 2.24], [9.85, 4.44, 1.26], [8.55, 4.22, 0.7], [2.97, 4.39, 0.65], [2.99, 4.06, 0.36]]","[288, 145, 165, 232, 273, 299, 204, 190, 228]",15.2
639,1788358507766298350,307200,86285,13,7,165.1,"[28.2, 82.4, 83.2, 91.6, 138.8, 154.5, 165.1]","['NEAR', 'RAIL', 'INSIDE', 'INSIDE', 'INSIDE', 'INSIDE', 'INSIDE']","[[0.57, 0.05, 1.26], [0.21, 0.24, 0.9], [1.5, 4.43, 2.37], [3.56, 4.2, 2.27], [8.56, 4.47, 0.7], [3.01, 4.66, 0.65], [2.95, 4.35, 0.36]]","[145, 165, 232, 273, 204, 190, 228]",14.7
640,1788358507846353328,307200,86280,12,8,165.1,"[82.4, 82.7, 91.2, 126.0, 138.8, 148.4, 154.5, 165.1]","['RAIL', 'INSIDE', 'INSIDE', 'INSIDE', 'INSIDE', 'RAIL', 'INSIDE', 'INSIDE']","[[0.23, 0.51, 0.9], [0.68, 4.44, 2.37], [4.47, 4.2, 2.27], [8.42, 4.47, 0.88], [8.55, 4.32, 1.36], [0.05, 0.26, 0.22], [2.98, 4.66, 0.65], [2.9, 4.06, 0.36]]","[165, 232, 273, 299, 204, 289, 190, 228]",13.9
641,1788358507942587646,307200,86241,15,8,165.8,"[82.4, 83.0, 89.9, 93.1, 138.7, 148.4, 154.5, 165.8]","['RAIL', 'INSIDE', 'NEAR', 'OUTSIDE', 'INSIDE', 'RAIL', 'INSIDE', 'INSIDE']","[[0.2, 0.23, 0.9], [1.29, 4.44, 2.37], [2.04, 0.22, 2.2], [0.59, 0.18, 1.44], [8.53, 4.22, 0.7], [0.03, 0.34, 0.22], [3.01, 4.66, 0.65], [4.23, 4.06, 0.37]]","[165, 232, 243, 273, 204, 289, 190, 228]",13.9
642,1788358508050559500,307200,86309,15,8,165.2,"[29.8, 82.4, 82.7, 91.6, 138.8, 148.4, 154.5, 165.2]","['NEAR', 'RAIL', 'INSIDE', 'INSIDE', 'INSIDE', 'RAIL', 'INSIDE', 'INSIDE']","[[1.53, 0.07, 1.85], [0.22, 0.51, 0.9], [0.68, 4.59, 2.37], [3.51, 4.09, 2.27], [8.63, 4.33, 0.7], [0.05, 0.26, 0.22], [2.97, 4.66, 0.65], [2.95, 4.35, 0.36]]","[145, 165, 232, 273, 204, 289, 190, 228]",15.0
643,1788358508144451903,307200,86253,13,9,165.1,"[30.9, 82.4, 83.1, 89.9, 92.2, 103.2, 138.8, 154.5, 165.1]","['INSIDE', 'RAIL', 'INSIDE', 'NEAR', 'INSIDE', 'OUTSIDE', 'INSIDE', 'INSIDE', 'INSIDE']","[[0.99, 1.22, 0.49], [0.18, 0.24, 0.9], [1.48, 4.43, 2.37], [2.15, 0.19, 2.21], [2.41, 3.84, 1.44], [0.95, 0.2, 0.92], [8.57, 4.21, 0.7], [2.98, 4.66, 0.65], [2.98, 4.06, 0.36]]","[310, 165, 232, 243, 273, 312, 204, 190, 228]",14.4
644,1788358508256160566,307200,86301,12,9,165.9,"[30.4, 30.9, 82.4, 82.8, 91.2, 103.2, 148.4, 154.5, 165.9]","['RAIL', 'INSIDE', 'RAIL', 'INSIDE', 'INSIDE', 'OUTSIDE', 'RAIL', 'INSIDE', 'INSIDE']","[[0.17, 0.53, 0.33], [0.95, 1.22, 0.49], [0.2, 0.23, 0.9], [0.67, 4.45, 2.37], [4.3, 4.2, 2.27], [0.87, 0.31, 0.92], [0.03, 0.26, 0.22], [2.97, 4.66, 0.65], [4.4, 4.06, 0.37]]","[313, 310, 165, 232, 273, 312, 289, 190, 228]",20.0
645,1788358508349460255,307200,86246,13,11,165.2,"[28.2, 30.4, 30.9, 82.4, 83.1, 91.1, 103.2, 138.8, 148.4, 154.5, 165.2]","['NEAR', 'RAIL', 'INSIDE', 'RAIL', 'INSIDE', 'INSIDE', 'OUTSIDE', 'INSIDE', 'RAIL', 'INSIDE', 'INSIDE']","[[0.57, 0.05, 1.26], [0.19, 0.58, 0.27], [1.0, 1.22, 0.24], [0.21, 0.23, 0.9], [1.51, 4.53, 2.37], [4.59, 4.22, 2.24], [0.86, 0.2, 0.92], [8.55, 4.22, 0.7], [0.03, 0.26, 0.22], [3.0, 4.66, 0.65], [2.98, 3.77, 0.36]]","[145, 313, 310, 165, 232, 273, 312, 204, 289, 190, 228]",15.9
646,1788358508441024531,307200,86228,13,10,165.1,"[28.7, 30.4, 30.9, 82.4, 82.7, 89.9, 103.2, 138.8, 154.5, 165.1]","['NEAR', 'RAIL', 'INSIDE', 'RAIL', 'INSIDE', 'NEAR', 'OUTSIDE', 'INSIDE', 'INSIDE', 'INSIDE']","[[1.4, 0.05, 1.27], [0.22, 0.53, 0.33], [0.96, 1.22, 0.49], [0.2, 0.24, 0.9], [0.72, 4.53, 2.37], [2.06, 0.18, 1.59], [0.88, 0.2, 0.92], [8.57, 4.21, 0.7], [3.0, 4.39, 0.65], [2.93, 4.35, 0.36]]","[145, 313, 310, 165, 232, 243, 312, 204, 190, 228]",18.3
647,1788358508544586219,307200,86236,11,10,165.1,"[30.4, 82.4, 83.1, 90.4, 103.4, 126.8, 138.0, 148.4, 154.5, 165.1]","['RAIL', 'RAIL', 'INSIDE', 'NEAR', 'OUTSIDE', 'INSIDE', 'INSIDE', 'RAIL', 'INSIDE', 'INSIDE']","[[0.2, 0.52, 0.33], [0.24, 0.37, 0.9], [1.52, 4.24, 2.37], [1.09, 0.22, 2.2], [1.25, 0.22, 1.79], [12.77, 4.56, 1.26], [7.09, 4.22, 0.7], [0.03, 0.26, 0.22], [3.0, 4.66, 0.65], [2.91, 4.35, 0.36]]","[313, 165, 232, 243, 312, 299, 204, 289, 190, 228]",15.5
648,1788358508653587771,307200,86275,9,8,165.8,"[30.9, 82.4, 82.7, 91.6, 103.2, 148.4, 154.5, 165.8]","['INSIDE', 'RAIL', 'INSIDE', 'INSIDE', 'OUTSIDE', 'RAIL', 'INSIDE', 'INSIDE']","[[0.96, 1.22, 0.49], [0.21, 0.38, 0.9], [0.71, 4.53, 2.37], [3.47, 4.2, 1.65], [0.87, 0.36, 0.92], [0.03, 0.26, 0.22], [2.98, 4.66, 0.65], [4.31, 4.35, 0.37]]","[310, 165, 232, 273, 312, 289, 190, 228]",15.5
649,1788358508750141560,307200,86257,10,9,165.9,"[82.4, 82.5, 90.0, 103.2, 126.7, 138.8, 148.4, 154.5, 165.9]","['RAIL', 'INSIDE', 'NEAR', 'OUTSIDE', 'INSIDE', 'INSIDE', 'RAIL', 'INSIDE', 'INSIDE']","[[0.23, 0.38, 0.9], [0.18, 4.43, 2.37], [2.02, 0.22, 2.2], [0.88, 0.36, 0.92], [12.73, 4.47, 1.63], [8.55, 4.22, 0.7], [0.03, 0.26, 0.22], [2.95, 4.66, 0.65], [4.35, 4.35, 0.37]]","[165, 232, 243, 312, 299, 204, 289, 190, 228]",14.7
650,1788358508849396019,307200,86261,9,9,165.8,"[30.9, 82.4, 82.8, 91.2, 103.2, 126.8, 138.8, 154.5, 165.8]","['INSIDE', 'RAIL', 'INSIDE', 'INSIDE', 'OUTSIDE', 'INSIDE', 'INSIDE', 'INSIDE', 'INSIDE']","[[0.95, 1.22, 0.49], [0.23, 0.23, 0.9], [0.67, 4.44, 2.37], [4.42, 4.22, 2.27], [0.89, 0.36, 0.92], [13.01, 4.55, 1.26], [8.58, 4.33, 0.7], [2.99, 4.66, 0.65], [4.34, 3.77, 0.37]]","[310, 165, 232, 273, 312, 299, 204, 190, 228]",16.7
651,1788358508945202312,307200,86266,10,10,165.9,"[30.9, 82.4, 82.7, 90.0, 94.6, 103.2, 126.6, 138.8, 154.5, 165.9]","['INSIDE', 'RAIL', 'INSIDE', 'NEAR', 'NEAR', 'OUTSIDE', 'INSIDE', 'INSIDE', 'INSIDE', 'INSIDE']","[[0.95, 1.22, 0.49], [0.24, 0.24, 0.9], [0.75, 4.53, 2.37], [2.07, 0.22, 2.2], [0.73, 0.17, 0.44], [0.89, 0.2, 0.92], [7.18, 4.44, 1.13], [8.57, 4.21, 0.7], [2.99, 4.66, 0.65], [4.4, 4.06, 0.37]]","[310, 165, 232, 243, 273, 312, 299, 204, 190, 228]",14.5
652,1788358509070837597,307200,86225,12,11,165.8,"[30.4, 30.9, 82.4, 82.8, 90.2, 93.1, 103.2, 126.8, 138.8, 154.5, 165.8]","['RAIL', 'INSIDE', 'RAIL', 'INSIDE', 'INSIDE', 'OUTSIDE', 'OUTSIDE', 'INSIDE', 'INSIDE', 'INSIDE', 'INSIDE']","[[0.19, 0.53, 0.33], [1.0, 1.22, 0.49], [0.2, 0.23, 0.9], [0.71, 4.44, 2.37], [2.72, 4.2, 1.61], [0.64, 0.18, 1.44], [0.9, 0.31, 0.92], [12.85, 4.55, 1.26], [8.59, 4.22, 0.7], [2.99, 4.66, 0.65], [4.34, 4.35, 0.37]]","[313, 310, 165, 232, 243, 273, 312, 299, 204, 190, 228]",15.2
653,1788358509147549291,307200,86249,12,11,165.8,"[30.4, 30.9, 82.4, 82.7, 89.9, 94.6, 103.2, 126.0, 138.8, 154.5, 165.8]","['RAIL', 'INSIDE', 'RAIL', 'INSIDE', 'NEAR', 'NEAR', 'OUTSIDE', 'INSIDE', 'INSIDE', 'INSIDE', 'INSIDE']","[[0.16, 0.58, 0.33], [0.97, 1.22, 0.49], [0.2, 0.24, 0.9], [0.67, 4.44, 2.37], [2.17, 0.23, 1.84], [0.67, 0.17, 0.44], [0.91, 0.36, 0.92], [8.41, 4.46, 1.13], [8.55, 4.33, 0.7], [2.99, 4.66, 0.65], [4.25, 4.35, 0.37]]","[313, 310, 165, 232, 243, 273, 312, 299, 204, 190, 228]",13.4
654,1788358509238608642,307200,86333,11,10,165.2,"[30.4, 30.9, 82.4, 82.7, 89.9, 94.6, 103.2, 138.7, 154.5, 165.2]","['RAIL', 'INSIDE', 'RAIL', 'INSIDE', 'NEAR', 'NEAR', 'OUTSIDE', 'INSIDE', 'INSIDE', 'INSIDE']","[[0.17, 0.57, 0.33], [1.01, 1.22, 0.24], [0.2, 0.24, 0.9], [0.7, 4.44, 2.37], [2.14, 0.2, 1.84], [0.71, 0.16, 0.44], [0.94, 0.36, 0.92], [8.53, 4.22, 0.7], [3.01, 4.66, 0.65], [2.99, 3.48, 0.36]]","[313, 310, 165, 232, 243, 273, 312, 204, 190, 228]",13.3
655,1788358509359951144,307200,86264,11,10,165.8,"[30.4, 30.9, 82.4, 83.1, 89.7, 103.2, 125.2, 138.8, 154.5, 165.8]","['RAIL', 'INSIDE', 'RAIL', 'INSIDE', 'NEAR', 'OUTSIDE', 'INSIDE', 'INSIDE', 'INSIDE', 'INSIDE']","[[0.17, 0.58, 0.27], [1.03, 1.22, 0.49], [0.23, 0.24, 0.9], [1.6, 4.52, 2.37], [1.75, 0.23, 1.59], [0.9, 0.2, 0.92], [9.88, 4.45, 1.26], [8.56, 4.22, 0.7], [2.96, 4.66, 0.65], [4.31, 3.48, 0.37]]","[313, 310, 165, 232, 243, 312, 299, 204, 190, 228]",14.3
656,1788358509466346552,307200,86221,10,6,165.1,"[82.4, 82.6, 92.2, 98.2, 154.5, 165.1]","['RAIL', 'INSIDE', 'INSIDE', 'INSIDE', 'INSIDE', 'INSIDE']","[[0.2, 0.38, 0.9], [0.85, 4.53, 2.37], [2.46, 4.18, 1.44], [2.27, 4.18, 1.76], [3.0, 4.66, 0.65], [2.92, 3.77, 0.36]]","[165, 232, 273, 312, 190, 228]",15.7
657,1788358509551843693,307200,86288,12,10,165.8,"[30.4, 30.9, 82.4, 82.7, 89.5, 92.1, 125.2, 138.8, 154.5, 165.8]","['RAIL', 'INSIDE', 'RAIL', 'INSIDE', 'NEAR', 'INSIDE', 'INSIDE', 'INSIDE', 'INSIDE', 'INSIDE']","[[0.22, 0.53, 0.33], [0.97, 1.22, 0.49], [0.23, 0.24, 0.9], [0.79, 4.53, 2.37], [1.4, 0.23, 2.21], [2.5, 4.18, 1.44], [9.87, 4.46, 1.26], [8.56, 3.97, 0.7], [3.0, 4.66, 0.65], [4.34, 4.06, 0.37]]","[313, 310, 165, 232, 243, 273, 299, 204, 190, 228]",13.2
658,1788358509653714792,307200,86222,15,9,165.8,"[29.8, 30.9, 82.4, 83.1, 89.9, 138.0, 148.4, 154.5, 165.8]","['NEAR', 'INSIDE', 'RAIL', 'INSIDE', 'NEAR', 'INSIDE', 'RAIL', 'INSIDE', 'INSIDE']","[[1.59, 0.06, 1.85], [1.01, 1.22, 0.49], [0.26, 0.19, 0.9], [1.59, 4.53, 2.37], [2.03, 0.18, 2.2], [7.13, 4.22, 0.7], [0.04, 0.26, 0.22], [3.0, 4.66, 0.65], [4.36, 3.77, 0.37]]","[310, 313, 165, 232, 243, 204, 289, 190, 228]",12.5
659,1788358509753072366,307200,86266,15,10,165.9,"[29.7, 30.4, 82.4, 82.7, 90.2, 93.1, 94.6, 141.7, 154.5, 165.9]","['RAIL', 'NEAR', 'RAIL', 'INSIDE', 'INSIDE', 'OUTSIDE', 'NEAR', 'INSIDE', 'INSIDE', 'INSIDE']","[[0.17, 0.57, 0.33], [1.5, 0.06, 1.85], [0.18, 0.37, 0.9], [0.69, 4.44, 2.37], [2.73, 3.88, 2.24], [0.63, 0.18, 1.44], [0.71, 0.17, 0.44], [2.78, 4.33, 0.37], [3.02, 4.66, 0.65], [4.37, 4.06, 0.37]]","[310, 313, 165, 232, 243, 273, 312, 204, 190, 228]",14.9
660,1788358509852927217,307200,86290,13,10,165.9,"[29.8, 31.9, 82.4, 83.1, 90.4, 125.2, 138.7, 148.4, 154.5, 165.9]","['NEAR', 'NEAR', 'RAIL', 'INSIDE', 'NEAR', 'INSIDE', 'INSIDE', 'RAIL', 'INSIDE', 'INSIDE']","[[1.62, 0.06, 1.85], [1.87, 0.12, 1.88], [0.18, 0.24, 0.9], [1.47, 4.44, 2.37], [1.07, 0.22, 2.2], [9.88, 4.45, 1.26], [8.5, 4.22, 0.7], [0.03, 0.26, 0.22], [2.97, 4.66, 0.65], [4.39, 3.19, 0.37]]","[313, 310, 165, 232, 243, 299, 204, 289, 190, 228]",13.2
661,1788358509946706410,307200,86281,15,10,165.1,"[29.8, 30.4, 82.4, 82.7, 91.2, 94.6, 138.8, 148.4, 154.5, 165.1]","['NEAR', 'RAIL', 'RAIL', 'INSIDE', 'INSIDE', 'NEAR', 'INSIDE', 'RAIL', 'INSIDE', 'INSIDE']","[[1.61, 0.07, 1.85], [0.19, 0.53, 0.27], [0.2, 0.23, 0.9], [0.75, 4.59, 2.37], [4.45, 4.09, 2.27], [0.71, 0.17, 0.44], [8.56, 4.45, 0.7], [0.03, 0.26, 0.22], [2.99, 4.66, 0.65], [2.92, 3.19, 0.36]]","[313, 310, 165, 232, 243, 312, 204, 289, 190, 228]",17.8
662,1788358510042792889,307200,86283,11,9,165.2,"[30.4, 82.4, 82.7, 89.9, 93.1, 126.0, 138.8, 154.5, 165.2]","['RAIL', 'RAIL', 'INSIDE', 'NEAR', 'OUTSIDE', 'INSIDE', 'INSIDE', 'INSIDE', 'INSIDE']","[[0.2, 0.53, 0.27], [0.23, 0.37, 0.9], [0.65, 4.44, 2.37], [2.11, 0.23, 2.21], [0.61, 0.32, 1.44], [8.27, 4.44, 1.13], [8.57, 4.45, 0.69], [2.99, 4.66, 0.65], [3.02, 4.35, 0.36]]","[310, 165, 232, 243, 273, 299, 204, 190, 228]",16.4
663,1788358510141329074,307200,86260,13,10,165.1,"[30.5, 82.4, 82.7, 91.2, 94.6, 125.3, 138.8, 148.4, 154.5, 165.1]","['RAIL', 'RAIL', 'INSIDE', 'INSIDE', 'NEAR', 'INSIDE', 'INSIDE', 'RAIL', 'INSIDE', 'INSIDE']","[[0.12, 0.53, 0.33], [0.24, 0.38, 0.9], [0.73, 4.53, 2.37], [4.32, 4.09, 1.65], [0.64, 0.17, 0.44], [9.88, 4.44, 1.26], [8.56, 4.22, 0.7], [0.04, 0.34, 0.22], [2.99, 4.66, 0.65], [2.96, 4.35, 0.36]]","[310, 165, 232, 243, 312, 299, 204, 289, 190, 228]",15.9
664,1788358510242358529,307200,86364,13,8,165.8,"[30.4, 82.4, 82.7, 89.9, 92.2, 138.8, 154.5, 165.8]","['RAIL', 'RAIL', 'INSIDE', 'NEAR', 'INSIDE', 'INSIDE', 'INSIDE', 'INSIDE']","[[0.17, 0.58, 0.33], [0.2, 0.51, 0.9], [0.66, 4.57, 2.37], [2.1, 0.23, 1.58], [2.48, 3.84, 1.44], [8.57, 4.47, 0.7], [3.03, 4.66, 0.65], [4.31, 3.48, 0.37]]","[310, 165, 232, 243, 273, 204, 190, 228]",17.8
665,1788358510342385896,307200,86348,13,9,165.1,"[29.8, 30.4, 82.4, 83.1, 90.3, 94.6, 138.7, 154.5, 165.1]","['RAIL', 'NEAR', 'RAIL', 'INSIDE', 'INSIDE', 'NEAR', 'INSIDE', 'INSIDE', 'INSIDE']","[[0.12, 0.58, 0.12], [1.52, 0.06, 1.85], [0.2, 0.37, 0.9], [1.54, 4.24, 2.37], [2.67, 3.87, 1.62], [0.66, 0.17, 1.03], [8.52, 4.21, 0.7], [2.99, 4.66, 0.65], [2.99, 4.34, 0.36]]","[310, 313, 165, 232, 243, 312, 204, 190, 228]",15.0
666,1788358510462917061,307200,86366,11,6,165.2,"[30.4, 82.4, 82.7, 91.0, 154.5, 165.2]","['RAIL', 'RAIL', 'INSIDE', 'INSIDE', 'INSIDE', 'INSIDE']","[[0.14, 0.58, 0.12], [0.2, 0.24, 0.9], [0.71, 4.53, 2.37], [4.79, 4.19, 1.62], [2.97, 4.66, 0.65], [2.93, 4.35, 0.36]]","[310, 165, 232, 243, 190, 228]",14.8
667,1788358510560593024,307200,86334,12,9,165.9,"[30.4, 82.4, 83.1, 91.1, 125.2, 138.8, 148.4, 154.6, 165.9]","['RAIL', 'RAIL', 'INSIDE', 'INSIDE', 'INSIDE', 'INSIDE', 'RAIL', 'INSIDE', 'INSIDE']","[[0.16, 0.53, 0.14], [0.24, 0.38, 0.9], [1.56, 4.53, 2.37], [4.57, 4.19, 1.87], [9.77, 4.42, 1.27], [8.55, 4.32, 0.7], [0.03, 0.26, 0.22], [3.04, 4.66, 0.65], [4.33, 4.06, 0.37]]","[310, 165, 232, 243, 299, 204, 289, 190, 228]",16.4
668,1788358510656350690,307200,86437,12,7,165.2,"[29.7, 82.4, 82.7, 127.5, 138.8, 154.5, 165.2]","['NEAR', 'RAIL', 'INSIDE', 'INSIDE', 'INSIDE', 'INSIDE', 'INSIDE']","[[1.48, 0.07, 2.13], [0.24, 0.38, 0.9], [0.66, 4.3, 2.37], [11.47, 4.55, 1.13], [8.53, 4.21, 0.69], [2.99, 4.66, 0.65], [2.97, 4.35, 0.36]]","[313, 165, 232, 314, 204, 190, 228]",16.7
669,1788358510751281959,307200,86429,12,8,165.1,"[29.1, 82.4, 82.7, 91.6, 94.6, 126.0, 138.8, 165.1]","['NEAR', 'RAIL', 'INSIDE', 'INSIDE', 'NEAR', 'INSIDE', 'INSIDE', 'INSIDE']","[[0.51, 0.83, 0.05], [0.22, 0.37, 0.9], [0.69, 4.38, 2.37], [3.55, 4.19, 1.43], [0.79, 0.16, 0.44], [8.44, 4.45, 0.88], [8.53, 4.21, 0.69], [2.95, 4.35, 0.36]]","[310, 165, 232, 243, 312, 299, 204, 228]",21.4
670,1788358510870794933,307200,86474,13,10,165.1,"[25.4, 28.2, 30.9, 82.4, 82.6, 91.6, 94.6, 126.5, 138.7, 165.1]","['INSIDE', 'NEAR', 'NEAR', 'RAIL', 'INSIDE', 'INSIDE', 'NEAR', 'INSIDE', 'INSIDE', 'INSIDE']","[[0.6, 1.14, 0.06], [0.55, 0.06, 1.26], [3.78, 0.14, 2.11], [0.12, 0.19, 0.69], [0.94, 4.3, 2.37], [3.53, 4.09, 1.62], [0.73, 0.16, 0.44], [7.24, 4.42, 1.13], [8.51, 4.22, 0.7], [2.99, 3.77, 0.36]]","[310, 322, 313, 165, 232, 243, 312, 299, 204, 228]",15.0
671,1788358510947210746,307200,86473,11,8,165.2,"[28.2, 29.8, 82.4, 82.7, 90.4, 126.0, 137.4, 165.2]","['NEAR', 'NEAR', 'RAIL', 'INSIDE', 'INSIDE', 'INSIDE', 'INSIDE', 'INSIDE']","[[0.53, 0.06, 1.26], [1.6, 0.07, 2.11], [0.14, 0.24, 0.69], [0.68, 4.26, 2.37], [1.22, 2.26, 2.21], [8.45, 4.45, 0.88], [5.89, 4.21, 0.69], [2.94, 4.34, 0.36]]","[322, 313, 165, 232, 243, 299, 204, 228]",16.1
672,1788358511069572853,307200,86400,12,5,158.8,"[30.4, 82.4, 83.0, 94.5, 158.8]","['RAIL', 'RAIL', 'INSIDE', 'NEAR', 'INSIDE']","[[0.16, 0.58, 0.2], [0.14, 0.22, 0.9], [1.63, 3.29, 2.37], [0.81, 0.17, 0.44], [13.32, 4.57, 1.07]]","[313, 165, 232, 312, 190]",17.8
673,1788358511138437717,307200,86286,13,8,163.9,"[28.2, 30.4, 82.3, 89.7, 94.5, 126.5, 138.7, 163.9]","['NEAR', 'RAIL', 'RAIL', 'INSIDE', 'NEAR', 'INSIDE', 'INSIDE', 'INSIDE']","[[0.48, 0.06, 1.26], [0.16, 0.53, 0.2], [0.17, 0.22, 0.9], [2.28, 4.13, 2.2], [0.81, 0.16, 0.44], [7.34, 4.45, 0.88], [8.5, 4.21, 0.69], [5.33, 4.3, 0.36]]","[322, 313, 165, 243, 312, 299, 204, 228]",15.9
674,1788358511238240269,307200,86091,12,9,165.1,"[28.2, 29.0, 30.3, 82.4, 90.2, 126.4, 138.7, 148.3, 165.1]","['NEAR', 'NEAR', 'RAIL', 'RAIL', 'NEAR', 'INSIDE', 'INSIDE', 'RAIL', 'INSIDE']","[[0.5, 0.05, 1.26], [0.46, 0.83, 0.04], [0.25, 0.58, 0.2], [0.19, 0.22, 0.9], [0.96, 0.05, 0.62], [7.24, 4.43, 1.13], [8.53, 4.21, 0.69], [0.04, 0.26, 0.22], [2.96, 4.34, 0.36]]","[322, 325, 313, 165, 243, 299, 204, 289, 228]",15.3
675,1788358511347351477,307200,86214,12,11,163.9,"[28.8, 30.3, 82.3, 82.6, 90.2, 92.9, 94.4, 126.5, 138.7, 148.3, 163.9]","['NEAR', 'RAIL', 'RAIL', 'INSIDE', 'RAIL', 'OUTSIDE', 'NEAR', 'INSIDE', 'INSIDE', 'RAIL', 'INSIDE']","[[0.69, 0.87, 0.06], [0.14, 0.53, 0.2], [0.12, 0.38, 0.69], [0.79, 3.58, 2.37], [0.97, 0.08, 0.98], [1.05, 0.26, 0.59], [0.75, 0.16, 0.44], [7.39, 4.45, 0.88], [8.52, 4.4, 0.69], [0.05, 0.26, 0.22], [5.42, 4.05, 0.36]]","[325, 313, 165, 232, 243, 312, 323, 299, 204, 289, 228]",14.9
676,1788358511449986720,307200,86115,13,8,162.3,"[29.0, 30.5, 82.2, 98.9, 125.5, 135.0, 152.0, 162.3]","['OUTSIDE', 'RAIL', 'RAIL', 'INSIDE', 'INSIDE', 'INSIDE', 'INSIDE', 'INSIDE']","[[1.58, 1.36, 0.36], [0.57, 0.59, 0.12], [0.12, 0.32, 0.69], [0.34, 2.27, 1.91], [5.37, 4.39, 0.86], [4.89, 4.49, 0.66], [2.73, 4.61, 0.62], [2.44, 3.17, 0.33]]","[325, 313, 165, 323, 299, 204, 289, 228]",14.1
677,1788358511544587334,307200,85946,9,7,161.4,"[30.2, 82.2, 92.8, 125.5, 135.0, 150.8, 161.4]","['RAIL', 'RAIL', 'OUTSIDE', 'INSIDE', 'INSIDE', 'INSIDE', 'INSIDE']","[[0.14, 0.48, 0.14], [0.1, 0.29, 0.69], [0.91, 0.33, 0.41], [5.46, 4.41, 0.86], [4.88, 4.49, 0.66], [5.07, 4.09, 1.28], [7.89, 4.52, 0.82]]","[313, 165, 312, 299, 204, 289, 228]",13.4
678,1788358511644519742,307200,85885,9,5,163.2,"[82.2, 125.5, 136.3, 153.9, 163.2]","['RAIL', 'INSIDE', 'INSIDE', 'INSIDE', 'INSIDE']","[[0.1, 0.19, 0.69], [5.67, 4.39, 0.87], [7.57, 4.49, 0.69], [6.84, 4.61, 1.07], [4.23, 4.04, 0.35]]","[165, 299, 204, 289, 228]",20.6
679,1788358511743091843,307200,85708,6,4,163.1,"[28.7, 82.1, 154.6, 163.1]","['NEAR', 'RAIL', 'INSIDE', 'INSIDE']","[[0.59, 0.87, 0.05], [0.16, 0.22, 0.9], [5.4, 4.59, 1.07], [4.24, 4.04, 0.35]]","[325, 165, 289, 228]",14.3
680,1788358511838912686,307200,85490,14,8,161.2,"[24.5, 30.1, 81.1, 97.1, 125.3, 134.8, 150.6, 161.2]","['NEAR', 'RAIL', 'RAIL', 'INSIDE', 'INSIDE', 'INSIDE', 'INSIDE', 'INSIDE']","[[0.36, 0.84, 0.03], [0.38, 0.57, 0.12], [1.98, 0.28, 0.69], [0.51, 3.09, 1.73], [5.36, 4.4, 0.86], [4.89, 4.39, 1.32], [5.08, 4.58, 1.29], [7.88, 4.51, 0.82]]","[325, 313, 165, 323, 299, 204, 289, 228]",15.5
681,1788358511946201554,307200,85184,12,8,163.0,"[24.6, 28.6, 82.0, 89.7, 94.2, 97.3, 154.5, 163.0]","['NEAR', 'OUTSIDE', 'RAIL', 'INSIDE', 'NEAR', 'OUTSIDE', 'INSIDE', 'INSIDE']","[[0.53, 0.83, 0.05], [0.7, 1.36, 0.29], [0.1, 0.19, 0.69], [0.79, 3.78, 1.97], [0.79, 0.16, 0.43], [0.05, 1.22, 0.79], [5.42, 4.59, 1.07], [4.14, 3.46, 0.35]]","[325, 313, 165, 243, 323, 312, 289, 228]",14.4
682,1788358512049308362,307200,85384,14,9,163.5,"[26.3, 81.9, 82.3, 90.0, 94.1, 97.9, 127.5, 138.3, 163.5]","['INSIDE', 'RAIL', 'INSIDE', 'INSIDE', 'NEAR', 'INSIDE', 'INSIDE', 'INSIDE', 'INSIDE']","[[1.34, 1.72, 0.25], [0.12, 0.24, 0.69], [0.75, 4.37, 2.36], [1.11, 2.41, 2.19], [0.76, 0.16, 0.43], [2.09, 3.95, 1.75], [10.24, 4.46, 1.49], [8.51, 4.43, 0.69], [5.39, 4.04, 0.36]]","[322, 165, 232, 243, 323, 312, 299, 204, 228]",22.1
683,1788358512144444926,307200,85053,11,8,163.5,"[32.0, 81.9, 94.0, 112.8, 125.7, 136.2, 154.4, 163.5]","['INSIDE', 'RAIL', 'NEAR', 'OUTSIDE', 'INSIDE', 'INSIDE', 'INSIDE', 'INSIDE']","[[0.95, 1.44, 0.07], [0.15, 0.22, 0.9], [0.77, 0.22, 0.62], [0.16, 0.21, 1.54], [6.72, 4.39, 0.88], [7.3, 4.64, 1.35], [5.46, 4.59, 1.07], [5.37, 4.04, 0.36]]","[313, 165, 323, 329, 299, 204, 289, 228]",16.5
684,1788358512252651964,307200,84831,13,8,158.3,"[23.1, 23.4, 32.0, 81.8, 82.1, 89.4, 112.7, 158.3]","['NEAR', 'INSIDE', 'INSIDE', 'RAIL', 'INSIDE', 'RAIL', 'OUTSIDE', 'INSIDE']","[[0.53, 0.86, 0.05], [1.04, 1.67, 0.12], [0.85, 1.44, 0.06], [0.16, 0.22, 0.9], [0.71, 3.65, 2.36], [2.19, 0.1, 0.98], [0.16, 0.21, 1.54], [13.36, 4.56, 1.07]]","[325, 322, 313, 165, 232, 243, 329, 289]",24.8
685,1788358512337076765,307200,84178,9,8,163.3,"[23.3, 32.2, 81.7, 82.0, 89.0, 112.6, 154.6, 163.3]","['INSIDE', 'INSIDE', 'RAIL', 'INSIDE', 'INSIDE', 'RAIL', 'INSIDE', 'INSIDE']","[[0.88, 1.67, 0.1], [1.58, 1.27, 0.12], [0.12, 0.24, 0.69], [0.87, 4.38, 2.35], [1.69, 3.18, 1.58], [0.04, 0.21, 0.32], [4.55, 4.64, 1.07], [5.34, 3.46, 0.36]]","[322, 328, 165, 232, 243, 329, 289, 228]",17.4
686,1788358512443324479,307200,83833,10,9,163.2,"[32.4, 81.6, 82.0, 89.7, 97.4, 112.5, 125.8, 138.0, 163.2]","['INSIDE', 'RAIL', 'INSIDE', 'NEAR', 'INSIDE', 'RAIL', 'INSIDE', 'INSIDE', 'INSIDE']","[[1.02, 1.71, 0.35], [0.17, 0.28, 0.69], [0.8, 4.52, 2.35], [1.12, 0.22, 2.19], [2.31, 4.13, 1.75], [0.04, 0.21, 0.32], [7.35, 4.43, 0.88], [8.53, 4.42, 0.69], [5.36, 4.03, 0.36]]","[328, 165, 232, 243, 312, 329, 299, 204, 228]",21.6
687,1788358512548370356,307200,83777,7,5,157.3,"[32.0, 81.6, 89.6, 112.5, 157.3]","['INSIDE', 'RAIL', 'INSIDE', 'OUTSIDE', 'INSIDE']","[[1.6, 1.93, 0.37], [0.14, 0.24, 0.89], [1.19, 3.78, 2.18], [0.16, 0.21, 1.53], [14.73, 4.64, 1.06]]","[328, 165, 243, 329, 289]",14.7
688,1788358512649559217,307200,84101,9,6,112.8,"[27.4, 27.7, 81.4, 89.5, 96.5, 112.8]","['NEAR', 'NEAR', 'RAIL', 'INSIDE', 'OUTSIDE', 'OUTSIDE']","[[0.42, 0.06, 1.94], [0.77, 0.85, 0.21], [0.1, 0.28, 0.69], [1.14, 3.77, 2.19], [0.46, 0.88, 1.72], [1.07, 0.37, 1.53]]","[322, 328, 165, 243, 312, 329]",17.0
689,1788358512749222438,307200,84511,10,7,162.9,"[27.0, 81.4, 81.7, 84.0, 89.4, 112.2, 162.9]","['INSIDE', 'RAIL', 'INSIDE', 'NEAR', 'NEAR', 'RAIL', 'INSIDE']","[[1.27, 1.71, 0.12], [0.19, 0.28, 0.89], [0.67, 4.51, 2.34], [1.76, 0.34, 1.31], [1.14, 0.22, 1.57], [0.04, 0.21, 0.32], [5.35, 3.74, 0.36]]","[328, 165, 232, 243, 323, 329, 228]",16.8
690,1788358512866061280,307200,84527,10,8,158.7,"[27.1, 81.3, 85.0, 88.8, 112.1, 125.5, 136.3, 158.7]","['INSIDE', 'RAIL', 'NEAR', 'NEAR', 'RAIL', 'INSIDE', 'INSIDE', 'INSIDE']","[[1.16, 1.76, 0.21], [0.09, 0.19, 0.69], [1.66, 0.34, 1.47], [2.15, 0.22, 2.18], [0.04, 0.21, 0.32], [7.36, 4.41, 0.87], [5.88, 4.41, 0.68], [13.61, 4.57, 1.06]]","[328, 165, 243, 323, 329, 299, 204, 289]",20.6
691,1788358512944328119,307200,84112,9,6,158.2,"[26.7, 28.4, 81.2, 89.2, 112.1, 158.2]","['NEAR', 'INSIDE', 'RAIL', 'INSIDE', 'OUTSIDE', 'INSIDE']","[[0.62, 0.83, 0.06], [1.5, 1.74, 0.23], [0.16, 0.28, 0.89], [1.21, 3.32, 2.18], [0.13, 0.21, 1.53], [14.44, 4.63, 1.06]]","[328, 322, 165, 323, 329, 289]",22.0
692,1788358513037356237,307200,83474,13,10,162.7,"[27.8, 29.1, 29.2, 75.7, 81.5, 90.3, 111.9, 125.3, 136.1, 162.7]","['OUTSIDE', 'RAIL', 'INSIDE', 'OUTSIDE', 'INSIDE', 'INSIDE', 'RAIL', 'INSIDE', 'INSIDE', 'INSIDE']","[[1.81, 1.37, 0.98], [0.14, 0.56, 0.39], [1.32, 1.66, 0.35], [3.42, 1.31, 2.05], [0.68, 4.49, 2.34], [3.55, 4.16, 1.85], [0.04, 0.21, 0.32], [7.34, 4.41, 0.87], [5.91, 4.4, 0.68], [5.34, 3.73, 0.36]]","[328, 332, 322, 165, 232, 323, 329, 299, 204, 228]",23.6
693,1788358513155581443,307200,83826,11,9,162.6,"[27.8, 29.0, 75.2, 89.0, 91.7, 111.8, 125.1, 136.0, 162.6]","['OUTSIDE', 'RAIL', 'OUTSIDE', 'NEAR', 'OUTSIDE', 'RAIL', 'INSIDE', 'INSIDE', 'INSIDE']","[[1.71, 1.49, 0.99], [0.11, 0.56, 0.32], [2.61, 1.09, 0.86], [1.09, 0.18, 2.17], [0.62, 0.44, 0.39], [0.07, 0.21, 0.32], [7.28, 4.4, 0.87], [5.9, 4.15, 0.68], [5.3, 4.02, 0.36]]","[328, 332, 165, 323, 312, 329, 299, 204, 228]",16.9
694,1788358513245960721,307200,83991,12,9,161.9,"[28.4, 28.9, 75.1, 88.7, 92.9, 111.7, 125.0, 135.9, 161.9]","['RAIL', 'NEAR', 'OUTSIDE', 'NEAR', 'NEAR', 'RAIL', 'INSIDE', 'INSIDE', 'INSIDE']","[[0.2, 0.56, 0.32], [0.55, 0.86, 0.04], [2.62, 1.18, 0.69], [1.55, 0.18, 1.95], [0.43, 0.21, 0.43], [0.07, 0.21, 0.32], [7.32, 4.39, 0.87], [5.9, 4.39, 0.68], [4.22, 4.01, 0.35]]","[332, 328, 165, 323, 312, 329, 299, 204, 228]",15.5
695,1788358513346851316,307200,84184,11,8,163.5,"[24.5, 28.8, 89.4, 90.8, 111.6, 124.9, 135.8, 163.5]","['NEAR', 'RAIL', 'NEAR', 'INSIDE', 'RAIL', 'INSIDE', 'INSIDE', 'INSIDE']","[[0.34, 0.84, 0.03], [0.42, 0.6, 0.26], [2.2, 0.23, 1.93], [1.9, 3.79, 0.81], [0.05, 0.21, 0.32], [7.29, 4.4, 0.87], [5.93, 4.39, 0.68], [2.99, 4.01, 0.36]]","[328, 332, 323, 312, 329, 299, 204, 228]",17.8
696,1788358513446242007,307200,84251,12,8,163.4,"[24.6, 28.7, 29.1, 90.9, 111.5, 124.8, 136.3, 163.4]","['NEAR', 'RAIL', 'NEAR', 'INSIDE', 'RAIL', 'INSIDE', 'INSIDE', 'INSIDE']","[[0.36, 0.84, 0.04], [0.36, 0.57, 0.39], [3.8, 0.12, 1.98], [5.51, 4.18, 2.23], [0.05, 0.21, 0.32], [7.32, 4.41, 1.11], [7.11, 4.4, 0.69], [2.96, 4.3, 0.36]]","[328, 332, 322, 312, 329, 299, 204, 228]",19.6
697,1788358513542783037,307200,83266,13,8,163.3,"[28.5, 83.2, 84.2, 89.7, 92.6, 126.1, 135.5, 163.3]","['RAIL', 'OUTSIDE', 'NEAR', 'INSIDE', 'NEAR', 'INSIDE', 'INSIDE', 'INSIDE']","[[0.1, 0.56, 0.31], [0.45, 0.3, 0.91], [1.64, 0.15, 0.38], [3.46, 4.14, 2.22], [0.67, 0.21, 0.61], [10.17, 4.4, 1.47], [5.9, 4.38, 0.68], [2.96, 4.29, 0.36]]","[332, 243, 232, 312, 323, 299, 204, 228]",16.9
698,1788358513671036954,307200,83294,13,8,163.1,"[25.8, 28.4, 88.4, 92.5, 111.2, 126.0, 135.4, 163.1]","['OUTSIDE', 'RAIL', 'NEAR', 'NEAR', 'RAIL', 'INSIDE', 'INSIDE', 'INSIDE']","[[0.23, 0.61, 0.24], [0.13, 0.57, 0.38], [1.29, 0.22, 2.16], [0.76, 0.21, 0.61], [0.05, 0.21, 0.32], [10.32, 4.46, 0.87], [5.95, 4.38, 0.68], [2.92, 4.29, 0.36]]","[328, 332, 312, 323, 329, 299, 204, 228]",14.4
699,1788358513740739075,307200,83692,9,5,163.0,"[28.3, 89.2, 125.9, 136.6, 163.0]","['RAIL', 'NEAR', 'INSIDE', 'INSIDE', 'INSIDE']","[[0.31, 0.6, 0.38], [3.11, 0.23, 1.92], [10.3, 4.52, 1.11], [8.54, 4.61, 0.69], [2.98, 3.72, 0.35]]","[332, 312, 299, 204, 228]",15.0
700,1788358513859384332,307200,83026,12,9,162.9,"[21.4, 27.2, 28.2, 80.1, 88.2, 110.9, 125.7, 135.1, 162.9]","['NEAR', 'INSIDE', 'RAIL', 'RAIL', 'NEAR', 'RAIL', 'INSIDE', 'INSIDE', 'INSIDE']","[[0.36, 0.84, 0.04], [0.71, 1.15, 0.07], [0.37, 0.61, 0.38], [0.15, 0.33, 0.68], [1.14, 0.23, 1.91], [0.03, 0.2, 0.32], [10.22, 4.48, 1.11], [5.92, 4.37, 0.68], [3.0, 3.44, 0.35]]","[328, 322, 332, 331, 312, 329, 299, 204, 228]",14.6
701,1788358513951800219,307200,82463,10,7,162.7,"[26.6, 80.0, 82.6, 88.0, 125.6, 135.0, 162.7]","['NEAR', 'RAIL', 'NEAR', 'NEAR', 'INSIDE', 'INSIDE', 'INSIDE']","[[0.69, 0.82, 0.06], [0.14, 0.25, 0.67], [1.6, 0.23, 0.56], [1.24, 0.23, 1.91], [10.32, 4.45, 1.11], [5.92, 4.36, 0.68], [2.98, 4.0, 0.35]]","[322, 331, 232, 312, 299, 204, 228]",14.8
702,1788358514048229043,307200,82070,10,6,162.6,"[27.8, 79.8, 84.3, 87.9, 110.4, 162.6]","['RAIL', 'RAIL', 'INSIDE', 'NEAR', 'OUTSIDE', 'INSIDE']","[[0.29, 0.62, 0.38], [0.17, 0.32, 0.88], [3.37, 3.89, 1.35], [1.18, 0.23, 1.91], [0.72, 0.22, 1.75], [2.98, 4.29, 0.35]]","[332, 331, 243, 312, 329, 228]",15.5
703,1788358514148147440,307200,82311,12,8,162.4,"[27.7, 79.7, 82.8, 88.2, 110.6, 124.2, 136.0, 162.4]","['RAIL', 'RAIL', 'NEAR', 'NEAR', 'OUTSIDE', 'INSIDE', 'INSIDE', 'INSIDE']","[[0.24, 0.6, 0.38], [0.2, 0.32, 0.67], [0.75, 0.23, 0.55], [2.07, 0.23, 1.91], [0.1, 0.22, 1.51], [7.94, 4.44, 1.12], [8.58, 4.37, 0.69], [2.95, 3.98, 0.35]]","[332, 331, 232, 312, 329, 299, 204, 228]",15.8
704,1788358514248421519,307200,82420,18,11,162.3,"[22.8, 26.4, 27.5, 79.5, 82.1, 87.9, 91.7, 110.4, 125.2, 134.6, 162.3]","['INSIDE', 'NEAR', 'RAIL', 'RAIL', 'NEAR', 'INSIDE', 'NEAR', 'OUTSIDE', 'INSIDE', 'INSIDE', 'INSIDE']","[[1.68, 1.6, 0.22], [0.43, 0.84, 0.04], [0.2, 0.6, 0.37], [0.13, 0.29, 0.67], [1.69, 0.23, 0.55], [1.88, 1.14, 2.17], [0.66, 0.21, 1.0], [0.08, 0.22, 1.51], [10.29, 4.65, 1.1], [5.98, 4.35, 0.68], [3.01, 4.26, 0.35]]","[328, 322, 332, 331, 232, 312, 323, 329, 299, 204, 228]",19.3
705,1788358514364720200,307200,82402,15,8,162.2,"[24.8, 27.3, 27.4, 79.4, 87.5, 95.8, 110.3, 162.2]","['INSIDE', 'RAIL', 'OUTSIDE', 'RAIL', 'NEAR', 'NEAR', 'OUTSIDE', 'INSIDE']","[[1.34, 2.3, 0.13], [0.24, 0.61, 0.37], [0.31, 0.24, 0.49], [0.18, 0.36, 0.87], [1.1, 0.18, 1.9], [0.5, 0.21, 1.53], [0.09, 0.22, 1.5], [2.96, 4.26, 0.35]]","[322, 332, 328, 331, 312, 323, 329, 228]",22.0
706,1788358514449555492,307200,82578,13,8,162.0,"[24.5, 27.2, 79.2, 88.2, 91.4, 95.2, 109.8, 162.0]","['NEAR', 'RAIL', 'RAIL', 'NEAR', 'NEAR', 'OUTSIDE', 'OUTSIDE', 'INSIDE']","[[0.57, 0.83, 0.05], [0.25, 0.59, 0.43], [0.12, 0.32, 0.67], [2.94, 0.23, 1.9], [0.62, 0.15, 1.19], [1.9, 0.23, 1.51], [0.72, 0.22, 1.74], [2.95, 3.69, 0.35]]","[322, 332, 331, 312, 323, 335, 329, 228]",15.5
707,1788358514548344015,307200,82627,10,7,161.8,"[79.1, 82.2, 87.7, 95.1, 95.2, 109.6, 161.8]","['RAIL', 'NEAR', 'NEAR', 'OUTSIDE', 'NEAR', 'OUTSIDE', 'INSIDE']","[[0.19, 0.35, 0.87], [0.76, 0.23, 1.45], [2.13, 0.19, 1.9], [1.71, 0.16, 1.52], [1.06, 0.21, 1.52], [0.76, 0.22, 1.74], [2.94, 3.69, 0.35]]","[331, 232, 312, 335, 323, 329, 228]",14.9
708,1788358514646341432,307200,83790,17,11,161.7,"[27.4, 29.1, 78.8, 82.7, 83.3, 87.0, 95.0, 95.0, 124.9, 135.2, 161.7]","['INSIDE', 'NEAR', 'RAIL', 'OUTSIDE', 'INSIDE', 'NEAR', 'OUTSIDE', 'NEAR', 'INSIDE', 'INSIDE', 'INSIDE']","[[0.79, 1.5, 0.06], [3.75, 0.11, 2.13], [0.16, 0.32, 0.66], [0.8, 0.17, 1.46], [3.42, 3.84, 2.25], [1.22, 0.23, 1.89], [1.81, 0.2, 1.65], [1.09, 0.21, 1.52], [3.47, 4.5, 1.1], [8.5, 4.33, 0.67], [3.01, 3.98, 0.35]]","[332, 328, 331, 243, 232, 312, 335, 323, 299, 204, 228]",16.5
709,1788358514747027416,307200,87260,15,10,162.2,"[26.4, 29.2, 78.7, 86.8, 95.2, 108.7, 126.3, 138.0, 150.8, 162.2]","['NEAR', 'NEAR', 'RAIL', 'INSIDE', 'NEAR', 'INSIDE', 'INSIDE', 'INSIDE', 'INSIDE', 'INSIDE']","[[1.76, 1.18, 0.35], [0.87, 1.31, 0.29], [0.16, 0.27, 0.66], [1.1, 3.78, 2.29], [0.54, 0.21, 1.7], [1.97, 3.79, 1.73], [8.96, 4.51, 1.66], [2.75, 4.31, 0.36], [2.93, 4.55, 0.63], [4.33, 3.97, 0.36]]","[328, 332, 331, 312, 323, 329, 299, 204, 337, 228]",16.0
710,1788358514848525906,307200,89798,13,9,160.1,"[24.4, 86.6, 90.7, 94.6, 109.1, 126.0, 134.9, 150.6, 160.1]","['RAIL', 'NEAR', 'NEAR', 'OUTSIDE', 'OUTSIDE', 'INSIDE', 'INSIDE', 'INSIDE', 'INSIDE']","[[0.38, 0.45, 1.14], [1.19, 0.22, 1.53], [0.51, 0.21, 0.81], [1.75, 0.17, 1.5], [0.78, 0.19, 1.73], [6.36, 4.59, 0.85], [8.57, 4.33, 0.68], [2.96, 4.54, 0.63], [5.32, 4.24, 0.35]]","[322, 312, 323, 335, 329, 299, 204, 337, 228]",19.2
711,1788358514957250174,307200,89732,11,9,161.1,"[27.4, 31.7, 81.5, 85.7, 89.9, 94.4, 94.9, 150.5, 161.1]","['OUTSIDE', 'INSIDE', 'NEAR', 'INSIDE', 'INSIDE', 'OUTSIDE', 'NEAR', 'INSIDE', 'INSIDE']","[[1.46, 0.21, 0.44], [0.83, 1.44, 0.06], [0.77, 0.23, 1.27], [2.68, 4.1, 2.28], [2.01, 3.78, 2.21], [1.69, 0.19, 1.49], [0.26, 0.21, 1.66], [2.91, 4.54, 0.63], [2.98, 3.96, 0.35]]","[328, 332, 232, 312, 323, 335, 338, 337, 228]",17.3
712,1788358515047443266,307200,89383,8,7,160.9,"[33.7, 86.7, 94.1, 94.7, 125.7, 137.9, 160.9]","['INSIDE', 'NEAR', 'OUTSIDE', 'NEAR', 'INSIDE', 'INSIDE', 'INSIDE']","[[0.56, 0.95, 0.05], [2.05, 0.22, 1.73], [2.0, 0.24, 1.63], [0.28, 0.21, 1.51], [6.46, 4.57, 1.46], [3.89, 3.84, 0.92], [2.91, 3.66, 0.35]]","[332, 312, 335, 338, 299, 204, 228]",19.3
713,1788358515140763912,307200,89231,13,11,160.7,"[24.5, 35.5, 35.6, 81.1, 87.0, 90.2, 94.6, 126.2, 137.6, 150.1, 160.7]","['OUTSIDE', 'NEAR', 'INSIDE', 'NEAR', 'NEAR', 'NEAR', 'NEAR', 'INSIDE', 'INSIDE', 'INSIDE', 'INSIDE']","[[0.82, 1.36, 1.53], [0.45, 0.99, 0.03], [0.73, 0.87, 0.05], [0.72, 0.23, 0.54], [2.95, 0.1, 1.73], [0.51, 0.21, 1.57], [0.22, 0.22, 1.51], [7.75, 4.71, 1.11], [3.76, 4.22, 0.36], [2.95, 4.53, 0.63], [3.0, 3.94, 0.35]]","[322, 332, 333, 232, 312, 323, 338, 299, 204, 337, 228]",21.4
714,1788358515245276159,307200,88972,15,10,161.2,"[24.5, 80.9, 82.6, 85.9, 89.5, 94.4, 107.9, 125.3, 149.9, 161.2]","['OUTSIDE', 'NEAR', 'NEAR', 'INSIDE', 'INSIDE', 'NEAR', 'INSIDE', 'INSIDE', 'INSIDE', 'INSIDE']","[[1.02, 1.42, 1.1], [0.79, 0.22, 0.9], [1.11, 0.13, 1.64], [1.32, 3.79, 2.26], [3.66, 4.22, 1.97], [0.23, 0.18, 1.68], [2.82, 4.16, 1.74], [9.09, 4.71, 1.12], [3.03, 4.52, 0.63], [4.33, 4.23, 0.36]]","[322, 232, 243, 312, 323, 338, 329, 299, 337, 228]",14.8
715,1788358515349068267,307200,88904,16,11,161.0,"[24.1, 24.3, 80.7, 85.1, 87.6, 89.6, 93.7, 125.8, 137.3, 149.7, 161.0]","['NEAR', 'NEAR', 'NEAR', 'INSIDE', 'OUTSIDE', 'RAIL', 'NEAR', 'INSIDE', 'INSIDE', 'INSIDE', 'INSIDE']","[[0.31, 0.84, 0.03], [1.25, 0.93, 0.24], [0.77, 0.22, 0.9], [2.63, 4.26, 1.91], [0.57, 0.48, 0.72], [3.03, 0.17, 0.36], [1.23, 0.18, 1.68], [7.76, 4.7, 1.1], [3.87, 4.3, 0.92], [2.97, 4.51, 0.63], [4.29, 4.22, 0.36]]","[322, 328, 232, 312, 323, 338, 335, 299, 204, 337, 228]",13.7
716,1788358515447763437,307200,88838,15,10,160.1,"[23.4, 25.4, 77.3, 80.1, 94.0, 94.1, 107.6, 125.6, 149.5, 160.1]","['RAIL', 'OUTSIDE', 'RAIL', 'INSIDE', 'OUTSIDE', 'NEAR', 'INSIDE', 'INSIDE', 'INSIDE', 'INSIDE']","[[0.48, 0.31, 1.1], [0.18, 0.19, 0.43], [0.14, 0.23, 0.65], [3.35, 4.04, 2.32], [0.61, 0.2, 1.28], [0.14, 0.22, 1.5], [2.47, 3.96, 1.73], [7.77, 4.67, 1.45], [2.96, 4.51, 0.63], [2.94, 2.81, 0.35]]","[322, 328, 331, 232, 335, 338, 329, 299, 337, 228]",17.7
717,1788358515572117064,307200,88728,10,7,160.6,"[39.7, 77.1, 80.4, 93.8, 107.3, 149.3, 160.6]","['OUTSIDE', 'RAIL', 'INSIDE', 'NEAR', 'INSIDE', 'INSIDE', 'INSIDE']","[[1.01, 0.74, 0.06], [0.2, 0.35, 1.05], [4.4, 4.03, 2.31], [0.26, 0.2, 1.5], [2.83, 4.14, 1.73], [3.01, 4.5, 0.63], [4.4, 4.23, 0.36]]","[333, 331, 232, 338, 329, 337, 228]",18.3
718,1788358515653629159,307200,89039,13,9,160.4,"[36.5, 76.9, 80.0, 81.3, 87.4, 93.6, 128.7, 149.0, 160.4]","['OUTSIDE', 'RAIL', 'NEAR', 'RAIL', 'INSIDE', 'NEAR', 'INSIDE', 'INSIDE', 'INSIDE']","[[0.19, 0.08, 1.84], [0.19, 0.27, 1.05], [0.73, 0.22, 0.89], [0.13, 0.08, 1.11], [6.12, 4.27, 2.25], [0.27, 0.22, 1.23], [14.92, 4.66, 1.1], [3.0, 4.49, 0.63], [4.37, 4.2, 0.36]]","[333, 331, 232, 243, 323, 338, 299, 337, 228]",19.3
719,1788358515759959172,307200,89798,9,6,159.4,"[20.9, 81.3, 85.7, 93.4, 148.8, 159.4]","['INSIDE', 'INSIDE', 'INSIDE', 'OUTSIDE', 'INSIDE', 'INSIDE']","[[1.35, 1.69, 0.23], [3.63, 2.32, 2.3], [2.88, 3.89, 2.24], [0.77, 0.24, 1.22], [2.92, 4.49, 0.62], [2.94, 3.92, 0.35]]","[328, 243, 312, 335, 337, 228]",23.0
720,1788358515842415929,307200,90119,8,6,159.2,"[36.0, 80.9, 86.4, 93.2, 148.6, 159.2]","['OUTSIDE', 'NEAR', 'INSIDE', 'OUTSIDE', 'INSIDE', 'INSIDE']","[[0.25, 0.05, 1.5], [3.34, 0.29, 2.29], [5.18, 4.26, 2.27], [0.66, 0.23, 1.22], [2.94, 4.48, 0.62], [2.96, 4.19, 0.35]]","[333, 243, 312, 335, 337, 228]",15.8
721,1788358515958154662,307200,90389,10,7,159.7,"[33.0, 76.2, 80.8, 88.6, 96.9, 148.3, 159.7]","['OUTSIDE', 'RAIL', 'NEAR', 'INSIDE', 'OUTSIDE', 'INSIDE', 'INSIDE']","[[1.32, 0.4, 0.33], [0.18, 0.34, 1.04], [3.74, 0.34, 1.96], [5.51, 4.23, 2.22], [0.73, 0.51, 1.26], [3.02, 4.47, 0.62], [4.31, 4.22, 0.35]]","[333, 331, 243, 323, 343, 337, 228]",15.2
722,1788358516048243095,307200,90564,10,7,159.4,"[75.9, 82.5, 87.6, 88.5, 96.7, 148.1, 159.4]","['RAIL', 'INSIDE', 'OUTSIDE', 'NEAR', 'OUTSIDE', 'INSIDE', 'INSIDE']","[[0.15, 0.34, 1.04], [4.2, 3.21, 2.21], [2.63, 0.5, 1.1], [2.04, 0.14, 1.39], [0.8, 0.5, 1.26], [3.09, 4.46, 0.62], [4.44, 3.9, 0.35]]","[331, 243, 323, 312, 343, 337, 228]",21.0
723,1788358516144163994,307200,90468,11,10,159.1,"[22.5, 31.7, 74.6, 81.2, 84.0, 87.9, 89.4, 96.4, 147.8, 159.1]","['NEAR', 'NEAR', 'INSIDE', 'RAIL', 'INSIDE', 'NEAR', 'INSIDE', 'OUTSIDE', 'INSIDE', 'INSIDE']","[[0.69, 0.84, 0.24], [0.54, 0.98, 0.04], [2.29, 2.8, 2.13], [1.99, 0.12, 0.89], [4.54, 4.3, 2.25], [0.56, 0.05, 1.33], [6.68, 4.26, 1.99], [0.65, 0.5, 1.26], [2.99, 4.46, 0.62], [4.29, 3.89, 0.35]]","[322, 333, 331, 232, 243, 312, 323, 343, 337, 228]",20.0
724,1788358516247629849,307200,90598,7,6,147.6,"[22.4, 82.9, 88.2, 96.2, 129.0, 147.6]","['RAIL', 'INSIDE', 'INSIDE', 'OUTSIDE', 'INSIDE', 'INSIDE']","[[0.3, 0.05, 0.25], [6.08, 2.32, 2.21], [4.84, 4.15, 1.85], [0.84, 0.5, 1.25], [14.23, 4.71, 1.44], [2.98, 4.45, 0.62]]","[322, 243, 323, 343, 299, 337]",20.3
725,1788358516348582321,307200,90269,13,9,157.9,"[30.3, 43.8, 81.2, 87.8, 88.9, 96.4, 129.2, 147.3, 157.9]","['INSIDE', 'RAIL', 'RAIL', 'NEAR', 'INSIDE', 'OUTSIDE', 'INSIDE', 'INSIDE', 'INSIDE']","[[1.0, 0.43, 0.09], [0.38, 0.33, 0.78], [2.97, 0.18, 0.89], [1.98, 0.13, 1.73], [2.81, 4.14, 1.42], [1.82, 0.5, 1.25], [13.41, 4.6, 0.82], [2.99, 4.44, 0.62], [2.96, 4.16, 0.34]]","[333, 342, 232, 312, 323, 343, 299, 337, 228]",22.8
726,1788358516444455061,307200,90258,12,11,157.7,"[21.7, 22.1, 29.0, 81.7, 85.5, 87.0, 89.5, 95.6, 129.4, 147.8, 157.7]","['RAIL', 'OUTSIDE', 'INSIDE', 'INSIDE', 'OUTSIDE', 'NEAR', 'INSIDE', 'OUTSIDE', 'INSIDE', 'INSIDE', 'INSIDE']","[[0.41, 0.13, 0.63], [1.7, 1.33, 0.43], [2.1, 2.76, 0.22], [4.74, 4.28, 2.29], [0.59, 0.35, 0.69], [0.91, 0.05, 1.73], [4.93, 4.04, 2.2], [0.64, 0.38, 1.25], [14.59, 4.69, 1.43], [4.5, 4.43, 1.03], [2.98, 4.41, 0.34]]","[328, 322, 333, 243, 323, 312, 335, 343, 299, 337, 228]",24.0
727,1788358516547040363,307200,90170,9,9,157.4,"[49.3, 74.7, 80.4, 84.6, 86.8, 95.3, 129.2, 147.6, 157.4]","['RAIL', 'RAIL', 'INSIDE', 'INSIDE', 'NEAR', 'OUTSIDE', 'INSIDE', 'INSIDE', 'INSIDE']","[[0.24, 0.26, 0.22], [0.24, 0.34, 1.02], [5.86, 3.91, 2.28], [2.12, 4.0, 0.55], [0.74, 0.06, 1.38], [0.53, 0.33, 1.24], [14.48, 4.54, 1.03], [4.52, 4.65, 1.03], [3.04, 4.41, 0.34]]","[342, 331, 243, 323, 312, 343, 299, 337, 228]",17.1
728,1788358516651441812,307200,89976,9,8,157.8,"[31.7, 49.2, 81.6, 87.0, 94.5, 128.4, 146.5, 157.8]","['INSIDE', 'RAIL', 'NEAR', 'NEAR', 'OUTSIDE', 'INSIDE', 'INSIDE', 'INSIDE']","[[0.95, 1.86, 0.07], [0.71, 0.44, 0.44], [2.76, 0.21, 2.17], [1.82, 0.18, 1.5], [1.48, 0.5, 1.65], [13.34, 4.67, 1.43], [2.99, 4.64, 0.62], [4.34, 4.15, 0.35]]","[333, 342, 232, 312, 343, 299, 337, 228]",15.3
729,1788358516761811685,307200,89673,8,7,156.8,"[81.1, 86.8, 87.1, 94.8, 128.6, 147.0, 156.8]","['NEAR', 'NEAR', 'INSIDE', 'OUTSIDE', 'INSIDE', 'INSIDE', 'INSIDE']","[[3.18, 0.22, 2.17], [1.8, 0.13, 1.37], [1.44, 3.82, 2.15], [0.61, 0.33, 1.24], [14.58, 4.67, 1.02], [4.51, 4.63, 1.01], [3.01, 4.39, 0.34]]","[232, 312, 335, 343, 299, 337, 228]",14.9
730,1788358516845284735,307200,89798,9,7,156.6,"[28.7, 80.8, 89.3, 94.0, 128.4, 146.7, 156.6]","['INSIDE', 'NEAR', 'INSIDE', 'OUTSIDE', 'INSIDE', 'INSIDE', 'INSIDE']","[[0.82, 0.35, 0.21], [3.19, 0.22, 2.16], [2.97, 3.94, 2.18], [1.58, 0.25, 1.5], [14.62, 4.65, 1.02], [4.45, 4.63, 1.02], [3.0, 4.38, 0.34]]","[333, 232, 335, 343, 299, 337, 228]",14.3
731,1788358516964436974,307200,89752,10,8,156.3,"[81.0, 83.1, 86.2, 89.1, 93.7, 127.5, 145.6, 156.3]","['NEAR', 'INSIDE', 'NEAR', 'INSIDE', 'OUTSIDE', 'INSIDE', 'INSIDE', 'INSIDE']","[[2.07, 0.21, 1.43], [2.13, 3.96, 0.93], [1.81, 0.08, 0.98], [3.06, 3.93, 2.17], [1.5, 0.33, 1.64], [13.34, 4.7, 0.83], [3.03, 4.39, 0.61], [2.99, 4.38, 0.34]]","[232, 323, 312, 335, 343, 299, 337, 228]",14.4
732,1788358517047863619,307200,89498,11,9,156.0,"[19.9, 29.8, 47.9, 81.5, 89.0, 93.3, 127.2, 145.3, 156.0]","['RAIL', 'OUTSIDE', 'RAIL', 'INSIDE', 'INSIDE', 'OUTSIDE', 'INSIDE', 'INSIDE', 'INSIDE']","[[0.57, 0.06, 0.81], [1.17, 0.34, 0.29], [0.49, 0.49, 0.62], [4.75, 4.21, 2.21], [2.52, 4.24, 2.2], [1.64, 0.25, 1.63], [13.29, 4.64, 0.81], [2.96, 4.61, 0.61], [3.0, 4.37, 0.34]]","[322, 333, 342, 243, 335, 343, 299, 337, 228]",18.3
733,1788358517160897402,307200,89353,8,8,154.4,"[23.7, 31.9, 80.2, 88.8, 93.6, 127.5, 147.6, 154.4]","['OUTSIDE', 'OUTSIDE', 'NEAR', 'INSIDE', 'OUTSIDE', 'INSIDE', 'INSIDE', 'INSIDE']","[[0.84, 0.46, 0.28], [1.4, 0.61, 0.11], [2.7, 0.22, 1.89], [2.56, 4.26, 2.19], [0.56, 0.33, 0.4], [14.57, 4.7, 1.03], [8.25, 4.63, 1.01], [5.35, 4.36, 0.34]]","[341, 333, 232, 335, 343, 299, 337, 228]",17.6
734,1788358517239101476,307200,89134,14,10,156.0,"[26.1, 28.5, 47.2, 80.7, 85.4, 88.2, 93.0, 126.7, 144.7, 156.0]","['INSIDE', 'INSIDE', 'RAIL', 'NEAR', 'OUTSIDE', 'INSIDE', 'OUTSIDE', 'INSIDE', 'INSIDE', 'INSIDE']","[[1.59, 2.25, 0.29], [1.19, 0.3, 0.21], [0.21, 0.17, 0.21], [1.17, 0.2, 1.96], [1.11, 0.18, 0.95], [2.0, 4.13, 2.15], [0.91, 0.24, 1.62], [13.12, 4.69, 0.82], [3.0, 4.61, 0.61], [4.41, 4.36, 0.35]]","[341, 333, 342, 232, 323, 335, 343, 299, 337, 228]",15.1
735,1788358517361053851,307200,88719,11,8,155.0,"[25.2, 46.9, 84.9, 88.1, 92.4, 126.5, 144.4, 155.0]","['OUTSIDE', 'RAIL', 'OUTSIDE', 'INSIDE', 'OUTSIDE', 'INSIDE', 'INSIDE', 'INSIDE']","[[0.46, 0.27, 0.24], [0.37, 0.25, 0.21], [1.48, 0.07, 1.7], [2.37, 4.22, 2.18], [1.65, 0.32, 1.61], [12.94, 4.76, 0.82], [3.04, 4.6, 0.61], [2.98, 4.35, 0.34]]","[341, 342, 323, 335, 343, 299, 337, 228]",16.7
736,1788358517454260034,307200,88747,10,7,154.7,"[46.6, 87.7, 87.9, 92.1, 126.5, 144.0, 154.7]","['RAIL', 'INSIDE', 'RAIL', 'OUTSIDE', 'INSIDE', 'INSIDE', 'INSIDE']","[[0.38, 0.23, 0.21], [2.37, 4.2, 2.17], [1.99, 0.16, 0.36], [1.6, 0.32, 1.47], [12.2, 4.71, 1.6], [2.94, 4.59, 0.6], [3.0, 3.79, 0.34]]","[342, 335, 323, 343, 299, 337, 228]",13.6
737,1788358517544352284,307200,89024,15,9,158.9,"[26.4, 29.4, 80.7, 86.8, 87.4, 92.1, 126.1, 143.7, 158.9]","['INSIDE', 'OUTSIDE', 'INSIDE', 'OUTSIDE', 'INSIDE', 'OUTSIDE', 'INSIDE', 'INSIDE', 'INSIDE']","[[0.56, 0.46, 0.21], [1.62, 0.52, 0.32], [6.09, 4.24, 2.25], [0.14, 1.18, 0.77], [2.42, 4.2, 2.16], [0.9, 0.37, 1.77], [12.21, 4.7, 1.63], [3.01, 4.58, 0.6], [12.15, 4.33, 1.02]]","[341, 333, 243, 335, 323, 343, 299, 337, 228]",14.6
738,1788358517661562423,307200,88878,16,10,158.6,"[26.5, 29.3, 46.1, 80.3, 87.0, 87.7, 91.9, 123.2, 143.4, 158.6]","['INSIDE', 'OUTSIDE', 'RAIL', 'INSIDE', 'RAIL', 'INSIDE', 'OUTSIDE', 'INSIDE', 'INSIDE', 'INSIDE']","[[0.32, 0.83, 0.03], [1.76, 0.61, 0.15], [0.6, 0.47, 0.81], [9.1, 4.25, 2.23], [0.99, 0.2, 0.79], [2.0, 4.14, 2.15], [0.77, 0.36, 1.37], [3.92, 4.64, 1.62], [2.99, 4.57, 0.6], [12.17, 4.32, 1.01]]","[341, 333, 342, 243, 335, 323, 343, 299, 337, 228]",15.2
739,1788358517746075561,307200,89194,12,8,153.7,"[21.5, 83.7, 87.0, 87.5, 91.6, 126.2, 143.0, 153.7]","['INSIDE', 'OUTSIDE', 'OUTSIDE', 'INSIDE', 'OUTSIDE', 'INSIDE', 'INSIDE', 'INSIDE']","[[1.12, 1.29, 0.29], [1.69, 0.09, 1.68], [1.85, 1.02, 2.12], [0.59, 4.0, 2.14], [0.79, 0.35, 1.17], [10.73, 4.62, 1.59], [3.0, 4.56, 0.6], [3.06, 4.31, 0.34]]","[322, 243, 335, 323, 343, 299, 337, 228]",16.3
740,1788358517845184463,307200,89369,13,9,154.0,"[21.3, 45.4, 81.1, 86.7, 87.1, 91.3, 122.9, 142.7, 154.0]","['NEAR', 'RAIL', 'INSIDE', 'INSIDE', 'RAIL', 'OUTSIDE', 'INSIDE', 'INSIDE', 'INSIDE']","[[0.89, 0.93, 0.35], [0.59, 0.3, 0.21], [3.88, 4.14, 1.98], [1.1, 3.99, 2.13], [1.01, 0.23, 0.6], [0.78, 0.35, 0.73], [4.76, 4.63, 1.62], [3.0, 4.55, 0.6], [4.37, 4.3, 0.34]]","[322, 342, 232, 323, 335, 343, 299, 337, 228]",15.0
741,1788358517941855594,307200,89962,11,7,157.6,"[45.0, 82.9, 86.9, 91.2, 123.1, 143.1, 157.6]","['RAIL', 'INSIDE', 'INSIDE', 'OUTSIDE', 'INSIDE', 'INSIDE', 'INSIDE']","[[0.67, 0.68, 1.07], [1.97, 4.29, 2.22], [0.16, 3.97, 2.13], [1.37, 1.1, 1.25], [5.85, 4.66, 1.63], [4.4, 4.55, 0.61], [3.51, 3.17, 1.01]]","[342, 232, 323, 343, 299, 337, 228]",15.3
742,1788358518043457932,307200,88365,10,8,156.6,"[28.9, 81.7, 83.4, 86.0, 90.8, 125.3, 142.0, 156.6]","['OUTSIDE', 'INSIDE', 'INSIDE', 'INSIDE', 'OUTSIDE', 'INSIDE', 'INSIDE', 'INSIDE']","[[1.56, 0.64, 0.13], [3.42, 4.05, 1.96], [1.12, 3.97, 2.21], [1.14, 3.95, 2.12], [1.37, 2.06, 1.24], [10.5, 4.6, 1.61], [3.06, 4.54, 0.6], [10.93, 4.01, 1.01]]","[333, 232, 243, 323, 343, 299, 337, 228]",16.2
743,1788358518147925779,307200,82146,13,10,152.3,"[24.3, 27.5, 82.2, 84.5, 85.1, 86.1, 90.1, 125.9, 141.6, 152.3]","['NEAR', 'RAIL', 'INSIDE', 'OUTSIDE', 'RAIL', 'RAIL', 'OUTSIDE', 'INSIDE', 'INSIDE', 'INSIDE']","[[0.52, 0.66, 0.22], [0.05, 0.07, 0.85], [1.97, 4.21, 2.2], [0.47, 0.32, 0.37], [2.07, 0.13, 0.77], [1.0, 0.18, 0.56], [0.97, 0.5, 1.59], [8.55, 4.49, 1.05], [2.99, 4.51, 0.6], [3.01, 4.53, 0.33]]","[341, 333, 232, 243, 323, 335, 343, 299, 337, 228]",15.8
744,1788358518257105310,307200,81224,13,7,158.0,"[22.4, 23.0, 24.2, 85.8, 126.2, 141.9, 158.0]","['INSIDE', 'NEAR', 'INSIDE', 'NEAR', 'INSIDE', 'INSIDE', 'INSIDE']","[[1.0, 0.48, 0.11], [1.51, 0.98, 0.36], [1.05, 2.8, 1.48], [0.22, 0.21, 2.1], [9.9, 4.49, 1.63], [4.42, 4.53, 0.6], [9.22, 4.51, 1.01]]","[341, 322, 333, 323, 299, 337, 228]",18.2
745,1788358518346368802,307200,84865,11,4,144.7,"[80.8, 83.4, 89.7, 144.7]","['OUTSIDE', 'NEAR', 'OUTSIDE', 'INSIDE']","[[1.86, 0.15, 1.24], [4.4, 0.41, 2.25], [1.23, 0.5, 1.72], [10.58, 4.5, 0.33]]","[232, 323, 343, 337]",15.7
746,1788358518449945094,307200,88841,8,5,141.2,"[77.4, 81.8, 89.1, 125.1, 141.2]","['RAIL', 'INSIDE', 'INSIDE', 'INSIDE', 'INSIDE']","[[3.08, 0.23, 1.05], [3.47, 4.24, 2.2], [2.05, 2.97, 1.84], [10.29, 4.54, 1.62], [4.37, 4.51, 0.6]]","[232, 323, 343, 299, 337]",20.0
747,1788358518540129040,307200,89297,14,8,155.3,"[22.7, 74.0, 79.5, 83.6, 84.9, 88.5, 122.9, 155.3]","['NEAR', 'NEAR', 'NEAR', 'OUTSIDE', 'INSIDE', 'OUTSIDE', 'INSIDE', 'INSIDE']","[[0.36, 0.69, 0.2], [5.24, 0.24, 1.86], [2.09, 0.1, 1.74], [0.3, 0.18, 1.69], [2.16, 4.27, 2.03], [1.27, 0.49, 1.7], [5.73, 4.63, 0.86], [1.7, 3.27, 0.33]]","[322, 232, 323, 243, 335, 343, 299, 228]",18.8
748,1788358518649923843,307200,89921,12,7,146.4,"[21.5, 21.7, 22.6, 75.6, 81.8, 88.3, 146.4]","['INSIDE', 'RAIL', 'INSIDE', 'NEAR', 'INSIDE', 'OUTSIDE', 'INSIDE']","[[1.1, 0.54, 0.13], [1.26, 0.11, 0.88], [0.71, 0.96, 0.21], [1.21, 0.18, 1.18], [4.86, 3.83, 2.22], [0.68, 0.49, 1.92], [4.77, 3.91, 0.28]]","[341, 322, 333, 232, 335, 343, 337]",15.6
749,1788358518771377039,307200,90602,8,3,87.8,"[21.2, 83.0, 87.8]","['NEAR', 'INSIDE', 'OUTSIDE']","[[0.86, 1.04, 0.43], [2.47, 4.3, 2.22], [0.81, 0.49, 1.91]]","[341, 335, 343]",15.8
750,1788358518841532827,307200,90342,9,2,87.2,"[81.5, 87.2]","['INSIDE', 'OUTSIDE']","[[4.48, 4.28, 2.21], [1.24, 0.49, 1.9]]","[335, 343]",15.8
751,1788358518940700591,307200,90276,11,6,154.2,"[21.5, 81.0, 88.1, 91.6, 147.3, 154.2]","['RAIL', 'OUTSIDE', 'INSIDE', 'OUTSIDE', 'INSIDE', 'INSIDE']","[[0.73, 0.03, 0.81], [1.07, 0.35, 0.69], [2.82, 4.34, 1.58], [2.56, 0.3, 1.35], [4.23, 4.16, 0.31], [3.2, 4.4, 1.0]]","[322, 335, 343, 348, 337, 228]",16.7
752,1788358519056082297,307200,90356,10,6,146.9,"[76.4, 82.1, 87.8, 91.8, 123.3, 146.9]","['RAIL', 'NEAR', 'INSIDE', 'OUTSIDE', 'INSIDE', 'INSIDE']","[[1.12, 0.25, 0.84], [1.35, 0.21, 2.19], [3.14, 4.46, 1.57], [3.71, 0.3, 1.47], [3.65, 4.29, 0.84], [4.2, 4.14, 0.31]]","[232, 323, 343, 348, 299, 337]",16.8
753,1788358519145534218,307200,90672,11,7,145.0,"[80.4, 81.8, 87.0, 90.7, 97.2, 123.9, 145.0]","['OUTSIDE', 'NEAR', 'INSIDE', 'OUTSIDE', 'INSIDE', 'INSIDE', 'INSIDE']","[[0.8, 0.23, 1.56], [1.07, 0.21, 1.97], [2.36, 4.45, 2.31], [2.48, 0.3, 1.2], [2.47, 3.9, 1.75], [5.82, 4.62, 0.81], [3.59, 4.13, 0.27]]","[335, 323, 343, 348, 357, 299, 337]",16.0
754,1788358519256380678,307200,90679,13,8,151.9,"[81.2, 81.6, 87.0, 91.6, 96.7, 123.5, 144.1, 151.9]","['OUTSIDE', 'NEAR', 'INSIDE', 'OUTSIDE', 'INSIDE', 'INSIDE', 'INSIDE', 'INSIDE']","[[2.27, 0.91, 1.96], [0.51, 0.21, 2.17], [3.18, 4.43, 2.33], [3.75, 0.29, 1.66], [2.48, 3.75, 1.88], [5.76, 4.6, 0.81], [4.5, 4.29, 0.3], [5.23, 4.53, 0.77]]","[335, 323, 343, 348, 357, 299, 337, 228]",19.8
755,1788358519349530993,307200,90555,15,8,155.3,"[80.3, 81.5, 85.4, 86.3, 96.1, 125.2, 146.7, 155.3]","['INSIDE', 'OUTSIDE', 'OUTSIDE', 'NEAR', 'OUTSIDE', 'INSIDE', 'INSIDE', 'INSIDE']","[[2.28, 1.01, 2.34], [0.38, 0.23, 1.77], [0.9, 0.33, 1.32], [2.13, 0.15, 0.76], [1.22, 0.37, 1.05], [2.71, 4.59, 0.84], [4.48, 4.42, 0.62], [2.95, 4.32, 0.78]]","[323, 335, 243, 343, 357, 299, 337, 228]",17.7
756,1788358519442752476,307200,91222,9,7,145.2,"[76.6, 80.8, 81.1, 85.5, 95.7, 123.2, 145.2]","['INSIDE', 'OUTSIDE', 'NEAR', 'OUTSIDE', 'OUTSIDE', 'INSIDE', 'INSIDE']","[[2.83, 2.88, 2.24], [0.42, 0.23, 1.56], [0.35, 0.2, 2.14], [1.96, 0.33, 2.08], [1.27, 0.4, 1.83], [4.82, 4.57, 0.82], [4.28, 4.1, 0.3]]","[232, 335, 323, 243, 357, 299, 337]",20.1
757,1788358519547365859,307200,91019,13,6,145.3,"[80.3, 85.7, 91.1, 94.1, 124.2, 145.3]","['INSIDE', 'OUTSIDE', 'OUTSIDE', 'RAIL', 'INSIDE', 'INSIDE']","[[0.59, 1.98, 2.31], [4.16, 0.32, 1.85], [0.94, 0.26, 1.46], [1.04, 0.44, 0.46], [2.5, 4.56, 0.82], [5.38, 4.39, 0.62]]","[323, 243, 348, 357, 299, 337]",19.8
758,1788358519646441981,307200,91388,5,2,83.9,"[79.3, 83.9]","['RAIL', 'OUTSIDE']","[[2.25, 0.34, 0.87], [0.78, 0.34, 1.46]]","[335, 243]",16.0
759,1788358519751282929,307200,91559,7,4,93.5,"[23.3, 84.2, 90.4, 93.5]","['RAIL', 'INSIDE', 'NEAR', 'INSIDE']","[[0.18, 0.07, 0.32], [2.37, 4.43, 2.43], [0.1, 0.16, 0.79], [2.37, 4.3, 1.93]]","[322, 243, 354, 357]",18.4
760,1788358519856130793,307200,91832,12,5,148.4,"[82.9, 84.7, 92.7, 123.1, 148.4]","['OUTSIDE', 'INSIDE', 'RAIL', 'INSIDE', 'INSIDE']","[[1.01, 0.32, 1.69], [3.5, 4.14, 2.07], [1.11, 0.51, 0.46], [2.44, 4.51, 1.44], [12.33, 4.37, 1.02]]","[243, 343, 348, 299, 337]",15.5
761,1788358519944247476,307200,90955,12,6,159.1,"[24.6, 78.5, 83.3, 87.4, 88.0, 159.1]","['OUTSIDE', 'NEAR', 'INSIDE', 'OUTSIDE', 'INSIDE', 'INSIDE']","[[1.0, 0.5, 0.19], [0.36, 0.16, 1.72], [3.95, 4.43, 2.44], [1.16, 0.27, 1.53], [2.98, 1.72, 2.3], [10.95, 4.36, 1.01]]","[322, 323, 343, 243, 354, 228]",21.9
762,1788358520055111727,307200,92035,8,6,153.0,"[74.8, 82.5, 83.8, 86.4, 87.2, 153.0]","['NEAR', 'OUTSIDE', 'INSIDE', 'INSIDE', 'OUTSIDE', 'INSIDE']","[[6.88, 0.21, 2.23], [2.31, 0.48, 2.17], [2.75, 4.31, 2.42], [1.14, 1.63, 0.94], [1.03, 0.26, 0.96], [10.52, 4.6, 1.04]]","[232, 343, 243, 354, 348, 337]",17.3
763,1788358520144973564,307200,90643,9,4,152.4,"[82.8, 86.2, 91.3, 152.4]","['INSIDE', 'INSIDE', 'INSIDE', 'INSIDE']","[[3.81, 4.39, 2.41], [1.64, 1.69, 2.46], [5.02, 4.13, 2.28], [10.48, 4.59, 1.26]]","[243, 354, 357, 337]",17.4
764,1788358520256999390,307200,89534,6,3,88.6,"[81.8, 83.2, 88.6]","['OUTSIDE', 'INSIDE', 'INSIDE']","[[1.95, 0.36, 2.15], [3.78, 4.29, 2.44], [5.51, 4.24, 2.49]]","[343, 243, 348]",17.8
765,1788358520338441185,307200,92745,12,5,90.1,"[20.7, 80.6, 82.0, 86.0, 90.1]","['RAIL', 'OUTSIDE', 'INSIDE', 'INSIDE', 'INSIDE']","[[0.87, 0.06, 0.6], [1.07, 0.34, 1.58], [2.95, 4.22, 2.55], [2.11, 2.77, 2.12], [2.9, 4.27, 2.41]]","[322, 343, 243, 354, 357]",21.2
766,1788358520446913098,307200,93243,13,5,150.0,"[80.0, 80.5, 89.3, 107.8, 150.0]","['OUTSIDE', 'INSIDE', 'OUTSIDE', 'NEAR', 'INSIDE']","[[1.21, 0.46, 1.79], [3.14, 3.21, 1.97], [2.1, 0.44, 0.76], [0.91, 0.43, 0.69], [2.27, 4.48, 0.3]]","[343, 243, 348, 356, 337]",18.1
767,1788358520546362072,307200,94279,9,5,156.3,"[80.0, 84.3, 89.7, 110.1, 156.3]","['INSIDE', 'OUTSIDE', 'INSIDE', 'NEAR', 'INSIDE']","[[3.08, 4.39, 2.51], [1.48, 0.21, 1.87], [2.02, 4.09, 2.39], [1.14, 0.04, 0.55], [2.72, 4.37, 0.78]]","[243, 354, 357, 356, 228]",20.4
768,1788358520647322221,307200,89130,10,5,158.1,"[81.9, 88.7, 89.7, 150.5, 158.1]","['INSIDE', 'OUTSIDE', 'OUTSIDE', 'INSIDE', 'INSIDE']","[[8.14, 4.39, 2.6], [1.13, 0.38, 1.21], [0.72, 0.51, 0.39], [2.53, 4.51, 0.31], [5.93, 4.31, 1.02]]","[243, 348, 357, 337, 228]",21.7
769,1788358520741758876,307200,90598,12,5,148.7,"[79.2, 82.6, 89.2, 105.0, 148.7]","['NEAR', 'INSIDE', 'INSIDE', 'INSIDE', 'INSIDE']","[[1.39, 0.15, 1.89], [3.82, 4.35, 2.32], [3.07, 4.29, 2.4], [3.21, 4.44, 1.87], [2.68, 4.23, 0.3]]","[323, 243, 348, 356, 337]",17.7
770,1788358520847389020,307200,90076,8,4,105.1,"[78.5, 84.5, 88.2, 105.1]","['NEAR', 'INSIDE', 'OUTSIDE', 'NEAR']","[[1.02, 0.37, 2.09], [6.33, 4.49, 2.6], [2.08, 0.54, 2.33], [0.69, 0.58, 1.56]]","[323, 243, 357, 356]",18.4
771,1788358520945542034,307200,88377,15,6,148.3,"[77.4, 81.4, 82.7, 105.9, 129.7, 148.3]","['NEAR', 'OUTSIDE', 'NEAR', 'INSIDE', 'INSIDE', 'INSIDE']","[[2.07, 0.16, 1.24], [0.81, 0.22, 1.08], [1.31, 0.16, 2.38], [2.27, 0.98, 1.17], [13.76, 4.51, 1.72], [11.75, 4.02, 1.61]]","[323, 343, 243, 356, 365, 337]",17.6
772,1788358521050653945,307200,90027,16,5,157.7,"[82.4, 105.4, 124.8, 146.7, 157.7]","['NEAR', 'INSIDE', 'INSIDE', 'INSIDE', 'INSIDE']","[[3.06, 0.18, 1.67], [2.25, 1.53, 1.59], [4.94, 4.55, 1.37], [12.49, 4.48, 1.6], [2.76, 4.18, 0.34]]","[243, 356, 365, 337, 228]",16.2
773,1788358521152650523,307200,85506,9,4,145.1,"[85.0, 93.8, 125.0, 145.1]","['INSIDE', 'INSIDE', 'INSIDE', 'INSIDE']","[[5.08, 3.85, 2.65], [2.5, 4.45, 1.01], [6.45, 4.66, 1.93], [4.75, 4.49, 0.97]]","[355, 348, 365, 337]",14.5
774,1788358521246428483,307200,88103,13,4,124.5,"[82.8, 96.0, 101.2, 124.5]","['INSIDE', 'OUTSIDE', 'INSIDE', 'INSIDE']","[[11.04, 4.27, 2.72], [0.57, 0.36, 0.27], [2.38, 4.55, 0.5], [6.47, 4.62, 1.74]]","[355, 348, 356, 365]",15.5
775,1788358521366452439,307200,88668,10,5,126.8,"[83.2, 94.5, 102.1, 105.5, 126.8]","['INSIDE', 'INSIDE', 'OUTSIDE', 'RAIL', 'INSIDE']","[[10.87, 4.45, 2.7], [3.46, 4.59, 1.06], [1.0, 0.22, 1.55], [0.27, 0.36, 0.3], [2.95, 4.44, 0.88]]","[355, 348, 356, 364, 365]",15.9
776,1788358521448874208,307200,88018,12,5,151.9,"[85.3, 92.7, 105.0, 126.3, 151.9]","['INSIDE', 'OUTSIDE', 'RAIL', 'INSIDE', 'INSIDE']","[[8.8, 4.43, 2.64], [0.65, 0.17, 1.22], [0.14, 0.36, 0.3], [3.02, 4.42, 0.88], [2.17, 4.32, 1.06]]","[355, 348, 364, 365, 228]",16.1
777,1788358521546269582,307200,84311,13,7,150.3,"[79.5, 92.4, 94.9, 104.2, 123.9, 144.1, 150.3]","['NEAR', 'OUTSIDE', 'INSIDE', 'OUTSIDE', 'INSIDE', 'INSIDE', 'INSIDE']","[[3.1, 0.55, 2.4], [1.01, 0.18, 1.38], [4.1, 4.5, 0.87], [0.67, 0.58, 1.65], [6.65, 4.53, 1.06], [2.19, 4.24, 0.37], [6.37, 4.68, 1.07]]","[323, 348, 369, 364, 365, 337, 228]",16.2
778,1788358521644090267,307200,85243,12,7,124.1,"[76.1, 80.4, 80.6, 87.6, 94.9, 104.1, 124.1]","['INSIDE', 'NEAR', 'INSIDE', 'OUTSIDE', 'INSIDE', 'OUTSIDE', 'INSIDE']","[[5.17, 2.08, 2.75], [0.2, 0.13, 1.92], [8.68, 4.12, 2.73], [3.23, 0.23, 2.28], [3.15, 4.58, 1.5], [1.85, 0.57, 1.83], [8.07, 4.5, 1.3]]","[323, 243, 343, 357, 369, 364, 365]",15.8
779,1788358521739318621,307200,84352,7,3,107.3,"[82.9, 95.5, 107.3]","['INSIDE', 'OUTSIDE', 'OUTSIDE']","[[9.32, 4.25, 2.81], [0.47, 0.54, 1.49], [2.14, 0.28, 2.08]]","[343, 369, 364]",16.3
780,1788358521847958115,307200,84754,15,6,154.7,"[80.4, 86.8, 94.2, 122.9, 147.0, 154.7]","['INSIDE', 'INSIDE', 'INSIDE', 'INSIDE', 'INSIDE', 'INSIDE']","[[5.7, 4.25, 2.77], [3.82, 4.22, 2.72], [4.03, 4.66, 1.37], [2.72, 4.63, 2.16], [3.34, 4.42, 0.99], [2.33, 4.11, 0.32]]","[243, 355, 369, 365, 337, 228]",16.7
781,1788358521938548817,307200,89763,12,7,153.5,"[81.1, 86.2, 94.3, 94.4, 102.4, 106.5, 153.5]","['INSIDE', 'OUTSIDE', 'OUTSIDE', 'OUTSIDE', 'NEAR', 'OUTSIDE', 'INSIDE']","[[5.92, 4.36, 2.68], [1.98, 0.16, 0.93], [0.41, 0.2, 0.83], [0.82, 0.11, 1.22], [1.07, 0.11, 0.48], [1.41, 0.28, 0.94], [11.32, 4.52, 1.06]]","[243, 357, 369, 348, 356, 364, 228]",17.0
782,1788358522042683470,307200,96206,8,3,101.8,"[85.9, 94.3, 101.8]","['OUTSIDE', 'OUTSIDE', 'OUTSIDE']","[[2.92, 0.33, 1.87], [1.79, 0.22, 1.04], [1.14, 0.15, 1.14]]","[357, 369, 356]",16.1
783,1788358522146880185,307200,95746,15,7,156.9,"[85.9, 92.4, 93.3, 101.5, 107.8, 145.1, 156.9]","['RAIL', 'OUTSIDE', 'INSIDE', 'NEAR', 'OUTSIDE', 'INSIDE', 'INSIDE']","[[1.98, 0.17, 0.77], [2.7, 0.31, 2.26], [6.31, 4.62, 2.45], [1.77, 0.15, 1.13], [2.68, 0.24, 1.62], [3.25, 4.28, 1.39], [10.35, 4.32, 1.07]]","[357, 369, 348, 356, 364, 337, 228]",18.2
784,1788358522242389300,307200,95066,17,9,156.3,"[70.9, 85.2, 87.6, 91.9, 94.1, 100.8, 108.8, 144.9, 156.3]","['NEAR', 'OUTSIDE', 'OUTSIDE', 'INSIDE', 'OUTSIDE', 'OUTSIDE', 'OUTSIDE', 'INSIDE', 'INSIDE']","[[3.27, 0.24, 2.72], [4.05, 0.39, 1.7], [1.96, 0.23, 2.16], [4.03, 4.6, 1.4], [1.9, 0.09, 1.06], [2.54, 0.2, 1.58], [4.28, 0.28, 1.01], [3.84, 4.38, 1.41], [10.37, 4.32, 1.06]]","[323, 357, 355, 348, 370, 356, 364, 337, 228]",15.1
785,1788358522348901552,307200,94283,14,9,155.6,"[25.6, 70.2, 91.7, 95.1, 99.8, 119.7, 132.9, 144.7, 155.6]","['RAIL', 'NEAR', 'INSIDE', 'INSIDE', 'OUTSIDE', 'OUTSIDE', 'INSIDE', 'INSIDE', 'INSIDE']","[[0.64, 0.17, 0.28], [2.29, 0.25, 2.14], [1.22, 4.57, 2.42], [5.56, 4.33, 2.33], [1.11, 0.18, 0.96], [0.62, 0.48, 0.76], [10.67, 4.63, 2.0], [2.83, 3.96, 1.41], [10.33, 4.56, 1.06]]","[375, 323, 348, 370, 356, 365, 374, 337, 228]",15.7
786,1788358522438429769,307200,93679,19,9,148.2,"[25.0, 75.2, 80.1, 85.9, 92.3, 101.3, 119.0, 133.4, 148.2]","['RAIL', 'NEAR', 'INSIDE', 'RAIL', 'INSIDE', 'OUTSIDE', 'OUTSIDE', 'INSIDE', 'INSIDE']","[[0.51, 0.13, 0.32], [1.0, 0.11, 1.98], [14.79, 4.64, 2.83], [4.43, 0.13, 0.73], [2.04, 4.59, 2.44], [2.17, 0.78, 0.89], [0.48, 0.41, 0.48], [8.56, 4.61, 2.0], [10.54, 4.3, 0.98]]","[375, 323, 243, 357, 348, 356, 365, 374, 337]",17.8
787,1788358522543457053,307200,92513,20,11,151.7,"[24.2, 44.2, 73.5, 86.2, 92.7, 96.4, 98.7, 118.4, 132.8, 143.7, 151.7]","['RAIL', 'NEAR', 'NEAR', 'INSIDE', 'INSIDE', 'OUTSIDE', 'INSIDE', 'OUTSIDE', 'INSIDE', 'INSIDE', 'INSIDE']","[[0.77, 0.19, 0.31], [0.52, 0.19, 0.72], [3.11, 0.49, 2.72], [3.45, 4.27, 2.46], [2.63, 4.59, 2.28], [1.83, 0.33, 1.51], [2.91, 4.53, 0.89], [0.44, 0.46, 0.48], [8.51, 4.5, 1.99], [2.56, 4.28, 0.68], [4.92, 4.26, 0.33]]","[375, 373, 323, 357, 348, 370, 356, 365, 374, 337, 228]",20.0
788,1788358522649576942,307200,88536,16,5,117.7,"[23.6, 42.0, 86.1, 93.1, 117.7]","['RAIL', 'NEAR', 'INSIDE', 'OUTSIDE', 'OUTSIDE']","[[0.76, 0.18, 0.3], [1.4, 0.23, 1.34], [3.07, 4.43, 2.14], [0.68, 0.16, 1.03], [0.36, 0.26, 0.25]]","[375, 373, 357, 369, 365]",14.3
789,1788358522742349539,307200,88973,22,8,106.5,"[23.0, 41.6, 81.3, 85.8, 90.7, 92.7, 93.4, 106.5]","['RAIL', 'NEAR', 'INSIDE', 'INSIDE', 'OUTSIDE', 'OUTSIDE', 'INSIDE', 'INSIDE']","[[0.74, 0.21, 0.25], [0.85, 0.17, 1.56], [3.34, 4.31, 2.75], [2.44, 4.53, 2.36], [0.38, 0.03, 0.62], [0.92, 0.14, 1.04], [4.18, 4.56, 2.45], [2.34, 4.49, 0.71]]","[375, 373, 243, 357, 369, 348, 370, 364]",19.3
790,1788358522842509590,307200,87056,19,8,116.3,"[69.2, 81.4, 84.9, 86.3, 90.1, 90.1, 93.0, 116.3]","['NEAR', 'INSIDE', 'OUTSIDE', 'INSIDE', 'OUTSIDE', 'OUTSIDE', 'INSIDE', 'INSIDE']","[[8.03, 0.25, 2.75], [4.01, 4.39, 2.53], [2.12, 0.23, 1.66], [2.87, 4.63, 0.29], [0.33, 0.19, 1.19], [2.08, 0.15, 0.99], [1.07, 4.54, 2.44], [3.11, 4.09, 0.98]]","[323, 243, 357, 355, 369, 370, 348, 371]",15.3
791,1788358522939580659,307200,85340,22,9,106.0,"[21.7, 40.4, 68.5, 79.6, 81.1, 84.1, 92.1, 95.9, 106.0]","['RAIL', 'NEAR', 'NEAR', 'OUTSIDE', 'OUTSIDE', 'INSIDE', 'INSIDE', 'OUTSIDE', 'OUTSIDE']","[[0.8, 0.15, 0.34], [0.9, 0.16, 0.81], [7.95, 0.25, 2.56], [1.16, 0.19, 1.25], [1.43, 0.26, 0.91], [4.53, 4.59, 2.78], [7.32, 4.68, 2.45], [1.57, 0.08, 1.95], [0.87, 0.96, 0.71]]","[375, 373, 323, 243, 357, 355, 348, 381, 364]",21.3
792,1788358523052447771,307200,85389,25,11,155.6,"[21.0, 39.5, 67.9, 79.1, 83.4, 88.8, 92.7, 95.2, 101.6, 105.1, 155.6]","['RAIL', 'NEAR', 'NEAR', 'OUTSIDE', 'INSIDE', 'OUTSIDE', 'INSIDE', 'OUTSIDE', 'INSIDE', 'INSIDE', 'INSIDE']","[[0.7, 0.19, 0.37], [1.26, 0.17, 1.89], [7.88, 0.25, 2.55], [1.51, 0.22, 2.09], [4.45, 4.04, 2.75], [2.07, 0.1, 0.98], [3.71, 4.7, 2.44], [1.76, 0.11, 1.95], [1.24, 2.14, 0.91], [2.39, 4.29, 1.65], [10.44, 4.55, 0.62]]","[375, 373, 323, 243, 355, 370, 348, 381, 356, 364, 228]",14.5
793,1788358523146271354,307200,83263,20,10,154.3,"[20.3, 37.9, 40.1, 67.1, 80.8, 87.5, 89.0, 93.6, 95.2, 154.3]","['RAIL', 'RAIL', 'NEAR', 'NEAR', 'RAIL', 'RAIL', 'INSIDE', 'OUTSIDE', 'OUTSIDE', 'INSIDE']","[[0.78, 0.22, 0.36], [0.26, 0.2, 0.31], [0.2, 0.15, 0.55], [8.13, 0.29, 2.39], [2.59, 0.18, 0.53], [0.28, 0.58, 0.6], [8.05, 4.73, 2.74], [2.04, 1.38, 2.05], [1.8, 0.1, 1.09], [9.14, 4.27, 0.61]]","[375, 379, 373, 323, 357, 376, 370, 348, 381, 228]",13.6
794,1788358523238170949,307200,80312,20,11,113.8,"[19.6, 37.3, 40.0, 69.0, 82.1, 86.8, 90.7, 95.2, 100.0, 104.5, 113.8]","['RAIL', 'RAIL', 'OUTSIDE', 'NEAR', 'INSIDE', 'INSIDE', 'OUTSIDE', 'INSIDE', 'INSIDE', 'OUTSIDE', 'OUTSIDE']","[[0.85, 0.2, 0.35], [0.45, 0.22, 0.3], [1.3, 0.17, 0.86], [3.05, 0.27, 2.42], [3.11, 4.63, 2.57], [1.92, 4.56, 2.73], [0.41, 0.9, 0.85], [9.63, 4.65, 2.69], [4.25, 4.45, 2.44], [2.98, 0.92, 1.18], [0.44, 0.57, 0.5]]","[375, 379, 373, 323, 355, 370, 348, 369, 356, 364, 371]",14.0
795,1788358523357068403,307200,77487,20,12,152.9,"[36.6, 38.7, 67.3, 81.4, 87.3, 92.7, 93.9, 93.9, 98.8, 104.1, 113.1, 152.9]","['RAIL', 'RAIL', 'NEAR', 'INSIDE', 'INSIDE', 'INSIDE', 'OUTSIDE', 'OUTSIDE', 'INSIDE', 'INSIDE', 'OUTSIDE', 'INSIDE']","[[0.26, 0.14, 0.3], [0.56, 0.19, 0.34], [4.95, 0.2, 2.34], [3.0, 4.62, 1.99], [8.21, 4.74, 2.72], [1.04, 4.25, 2.42], [0.8, 1.08, 0.81], [2.11, 0.18, 0.9], [3.04, 4.58, 2.4], [2.39, 4.39, 0.74], [0.45, 0.4, 0.5], [9.18, 4.23, 0.61]]","[379, 373, 323, 355, 370, 369, 348, 381, 356, 364, 371, 228]",15.9
796,1788358523441771310,307200,72711,17,9,152.3,"[18.3, 35.9, 38.4, 65.1, 80.9, 88.4, 92.7, 98.9, 152.3]","['RAIL', 'RAIL', 'RAIL', 'INSIDE', 'INSIDE', 'OUTSIDE', 'INSIDE', 'INSIDE', 'INSIDE']","[[0.8, 0.22, 0.33], [0.94, 0.26, 1.03], [0.91, 0.23, 0.58], [8.06, 1.51, 2.87], [3.25, 4.58, 2.41], [1.09, 0.14, 1.03], [11.79, 4.72, 2.7], [3.7, 4.55, 0.69], [9.03, 4.48, 0.6]]","[375, 379, 373, 323, 355, 381, 370, 356, 228]",17.0
797,1788358523541291091,307200,65624,24,10,111.7,"[17.6, 35.2, 75.8, 80.2, 84.8, 85.2, 88.5, 92.9, 102.2, 111.7]","['RAIL', 'RAIL', 'OUTSIDE', 'OUTSIDE', 'OUTSIDE', 'OUTSIDE', 'INSIDE', 'INSIDE', 'OUTSIDE', 'OUTSIDE']","[[0.81, 0.24, 0.4], [0.25, 0.19, 0.29], [1.61, 0.18, 2.39], [2.06, 0.17, 1.79], [0.72, 0.19, 0.94], [1.53, 0.31, 1.56], [9.44, 4.69, 2.78], [4.89, 4.65, 2.48], [1.28, 0.26, 1.96], [0.41, 0.39, 0.49]]","[375, 379, 243, 355, 376, 370, 357, 369, 364, 371]",12.5
798,1788358523641450029,307200,59464,26,14,150.9,"[16.9, 34.6, 37.7, 75.4, 82.1, 84.6, 84.7, 85.8, 88.5, 89.3, 93.2, 105.3, 111.0, 150.9]","['RAIL', 'RAIL', 'OUTSIDE', 'OUTSIDE', 'INSIDE', 'OUTSIDE', 'OUTSIDE', 'OUTSIDE', 'OUTSIDE', 'INSIDE', 'INSIDE', 'RAIL', 'OUTSIDE', 'INSIDE']","[[0.86, 0.23, 0.39], [0.55, 0.22, 0.28], [2.28, 0.25, 1.62], [0.9, 0.18, 2.18], [3.01, 4.61, 0.59], [0.31, 0.16, 0.56], [0.88, 0.15, 1.0], [2.11, 0.18, 0.93], [0.9, 0.33, 1.38], [5.32, 4.63, 2.73], [4.27, 4.33, 2.5], [0.05, 0.24, 0.16], [0.39, 0.27, 0.69], [2.87, 4.31, 0.61]]","[375, 379, 373, 243, 357, 376, 370, 355, 369, 381, 348, 364, 371, 228]",10.8
799,1788358523743051730,307200,59712,20,9,154.6,"[16.2, 33.9, 36.6, 83.6, 86.4, 90.7, 90.8, 110.3, 154.6]","['RAIL', 'RAIL', 'OUTSIDE', 'INSIDE', 'INSIDE', 'OUTSIDE', 'OUTSIDE', 'OUTSIDE', 'INSIDE']","[[0.85, 0.21, 0.4], [0.45, 0.24, 1.04], [1.51, 0.35, 1.46], [9.67, 4.69, 2.78], [3.34, 4.6, 2.71], [1.49, 0.22, 2.38], [1.83, 0.38, 1.2], [0.42, 0.22, 0.49], [14.23, 4.37, 1.27]]","[375, 379, 373, 357, 370, 381, 369, 371, 228]",13.7
800,1788358523842748123,307200,60487,26,13,149.1,"[15.5, 33.3, 35.7, 38.9, 73.7, 82.1, 84.3, 85.8, 92.0, 99.7, 104.9, 109.6, 149.1]","['RAIL', 'RAIL', 'INSIDE', 'OUTSIDE', 'OUTSIDE', 'OUTSIDE', 'OUTSIDE', 'INSIDE', 'INSIDE', 'OUTSIDE', 'OUTSIDE', 'OUTSIDE', 'INSIDE']","[[0.77, 0.27, 0.41], [0.71, 0.22, 0.27], [0.33, 1.14, 0.33], [3.57, 0.33, 2.04], [1.67, 0.16, 1.96], [2.79, 0.43, 2.21], [1.74, 0.19, 0.6], [12.53, 4.62, 2.73], [3.6, 4.67, 2.43], [0.62, 0.39, 1.07], [1.6, 0.46, 1.36], [0.42, 0.38, 0.7], [7.41, 4.53, 0.59]]","[375, 379, 373, 387, 243, 357, 376, 370, 348, 356, 364, 371, 228]",11.6
801,1788358523940895496,307200,62016,19,10,150.3,"[32.4, 38.0, 40.2, 81.2, 88.7, 89.6, 91.6, 98.7, 108.9, 150.3]","['RAIL', 'OUTSIDE', 'OUTSIDE', 'INSIDE', 'OUTSIDE', 'OUTSIDE', 'INSIDE', 'INSIDE', 'OUTSIDE', 'INSIDE']","[[0.92, 0.25, 0.85], [1.97, 0.34, 1.61], [1.39, 0.2, 2.3], [11.11, 4.68, 2.78], [0.73, 0.48, 1.54], [1.87, 0.2, 2.34], [0.5, 0.93, 0.82], [2.67, 4.38, 1.72], [0.43, 0.24, 0.69], [8.67, 4.51, 0.59]]","[379, 387, 378, 357, 369, 381, 348, 356, 371, 228]",9.8
802,1788358524065375202,307200,64076,21,12,153.1,"[31.8, 34.4, 37.3, 71.6, 76.1, 83.4, 85.8, 92.0, 102.4, 103.8, 107.0, 153.1]","['RAIL', 'OUTSIDE', 'OUTSIDE', 'OUTSIDE', 'OUTSIDE', 'RAIL', 'INSIDE', 'OUTSIDE', 'RAIL', 'OUTSIDE', 'INSIDE', 'INSIDE']","[[0.75, 0.28, 0.35], [1.47, 0.39, 1.45], [3.33, 0.25, 1.92], [2.56, 0.18, 2.42], [3.12, 0.21, 1.67], [1.86, 0.15, 0.7], [10.04, 4.68, 2.72], [2.64, 0.47, 2.43], [0.04, 0.24, 0.15], [1.08, 0.49, 0.71], [2.67, 4.52, 1.66], [12.77, 4.53, 1.26]]","[379, 386, 387, 243, 357, 376, 370, 369, 356, 364, 371, 228]",10.3
803,1788358524149402072,307200,55973,25,14,148.2,"[32.4, 38.2, 40.6, 71.0, 75.9, 81.6, 84.6, 87.1, 87.1, 92.7, 101.7, 102.5, 106.4, 148.2]","['INSIDE', 'OUTSIDE', 'OUTSIDE', 'OUTSIDE', 'OUTSIDE', 'OUTSIDE', 'OUTSIDE', 'INSIDE', 'INSIDE', 'INSIDE', 'RAIL', 'OUTSIDE', 'INSIDE', 'INSIDE']","[[0.49, 1.16, 0.28], [0.29, 0.21, 0.49], [3.05, 0.26, 2.39], [2.68, 0.18, 2.39], [4.15, 0.18, 2.37], [4.19, 0.66, 2.15], [0.98, 0.51, 0.61], [3.18, 4.42, 1.4], [9.23, 4.63, 2.81], [6.05, 4.53, 2.11], [0.05, 0.23, 0.15], [2.18, 0.49, 1.17], [2.62, 4.5, 1.68], [4.76, 4.37, 0.59]]","[386, 387, 378, 243, 357, 376, 370, 381, 355, 369, 356, 364, 371, 228]",10.7
804,1788358524248213947,307200,57754,22,13,155.9,"[32.8, 34.1, 35.9, 36.0, 40.0, 81.6, 83.8, 86.4, 92.7, 100.9, 102.4, 105.6, 155.9]","['OUTSIDE', 'OUTSIDE', 'INSIDE', 'OUTSIDE', 'OUTSIDE', 'OUTSIDE', 'INSIDE', 'INSIDE', 'INSIDE', 'RAIL', 'OUTSIDE', 'INSIDE', 'INSIDE']","[[1.76, 0.34, 1.39], [0.8, 0.18, 1.45], [0.86, 1.33, 0.93], [1.77, 0.35, 1.78], [3.55, 0.24, 2.04], [0.74, 0.28, 1.27], [4.06, 4.54, 2.16], [9.13, 4.62, 2.77], [4.58, 4.44, 2.49], [0.19, 0.35, 0.15], [1.08, 0.38, 0.7], [2.7, 4.63, 1.67], [4.21, 4.22, 1.0]]","[386, 373, 387, 378, 388, 376, 381, 355, 369, 356, 364, 371, 377]",11.5
805,1788358524345987309,307200,58353,25,17,155.2,"[32.2, 33.5, 35.3, 37.9, 45.3, 69.4, 76.0, 80.9, 81.0, 86.0, 90.4, 94.3, 100.2, 101.4, 105.7, 145.8, 155.2]","['OUTSIDE', 'OUTSIDE', 'OUTSIDE', 'RAIL', 'OUTSIDE', 'OUTSIDE', 'OUTSIDE', 'OUTSIDE', 'OUTSIDE', 'INSIDE', 'INSIDE', 'OUTSIDE', 'RAIL', 'OUTSIDE', 'INSIDE', 'INSIDE', 'INSIDE']","[[1.47, 0.31, 1.63], [0.2, 0.17, 1.33], [2.54, 0.33, 1.75], [0.33, 0.47, 0.5], [1.09, 0.17, 1.7], [2.56, 0.25, 2.17], [1.14, 0.2, 1.34], [0.69, 0.3, 0.9], [0.14, 0.55, 1.12], [13.38, 4.7, 2.8], [7.81, 4.51, 2.52], [1.19, 0.2, 0.65], [0.11, 0.23, 0.15], [0.57, 0.43, 0.68], [3.13, 4.45, 1.68], [2.5, 4.15, 0.28], [4.34, 4.2, 1.0]]","[386, 373, 378, 388, 393, 243, 357, 376, 370, 355, 369, 348, 356, 364, 371, 228, 377]",10.1
806,1788358524446586795,307200,59114,24,13,149.7,"[34.7, 34.8, 36.7, 36.9, 38.9, 41.9, 69.0, 81.9, 85.9, 89.0, 95.4, 100.7, 149.7]","['OUTSIDE', 'OUTSIDE', 'RAIL', 'RAIL', 'OUTSIDE', 'OUTSIDE', 'OUTSIDE', 'INSIDE', 'OUTSIDE', 'INSIDE', 'OUTSIDE', 'OUTSIDE', 'INSIDE']","[[0.56, 0.26, 0.61], [2.87, 0.35, 1.81], [1.0, 0.25, 0.3], [0.33, 0.15, 0.73], [0.72, 0.23, 1.63], [1.0, 0.18, 1.46], [3.2, 0.22, 2.0], [2.1, 4.68, 2.76], [2.01, 0.22, 2.67], [9.26, 4.62, 2.53], [0.8, 0.21, 1.23], [0.78, 0.44, 0.68], [13.5, 4.64, 1.23]]","[387, 378, 385, 373, 388, 393, 243, 355, 381, 369, 391, 364, 228]",12.5
807,1788358524547271550,307200,57045,20,11,153.6,"[31.2, 33.7, 35.2, 36.0, 80.9, 81.9, 88.7, 99.4, 104.2, 144.1, 153.6]","['OUTSIDE', 'OUTSIDE', 'OUTSIDE', 'RAIL', 'RAIL', 'INSIDE', 'INSIDE', 'OUTSIDE', 'INSIDE', 'INSIDE', 'INSIDE']","[[2.55, 0.35, 1.94], [1.68, 0.42, 1.7], [0.46, 0.16, 1.4], [1.07, 0.44, 0.47], [1.0, 0.04, 0.74], [10.5, 4.66, 2.81], [8.6, 4.61, 2.51], [1.53, 0.32, 1.14], [3.28, 4.57, 2.32], [2.65, 4.34, 0.28], [4.18, 4.42, 0.99]]","[386, 378, 387, 385, 376, 355, 369, 364, 371, 228, 377]",11.2
808,1788358524649398316,307200,57407,19,12,152.1,"[27.6, 29.7, 32.8, 37.3, 80.1, 85.2, 86.3, 90.4, 94.1, 98.7, 103.5, 152.1]","['INSIDE', 'INSIDE', 'OUTSIDE', 'OUTSIDE', 'OUTSIDE', 'RAIL', 'INSIDE', 'INSIDE', 'OUTSIDE', 'OUTSIDE', 'INSIDE', 'INSIDE']","[[2.76, 2.98, 1.34], [0.23, 1.04, 0.28], [3.4, 0.36, 2.56], [4.63, 0.25, 1.86], [3.11, 0.34, 1.4], [1.08, 0.21, 0.95], [4.2, 4.62, 2.12], [3.32, 4.5, 1.82], [1.4, 0.21, 2.26], [1.59, 0.42, 1.13], [3.12, 4.55, 2.3], [5.67, 4.41, 0.97]]","[386, 378, 387, 394, 376, 370, 381, 369, 391, 364, 371, 377]",10.2
809,1788358524757624220,307200,45878,17,8,152.0,"[38.7, 42.3, 82.2, 88.2, 92.5, 103.5, 144.3, 152.0]","['OUTSIDE', 'OUTSIDE', 'INSIDE', 'INSIDE', 'INSIDE', 'OUTSIDE', 'INSIDE', 'INSIDE']","[[0.46, 0.22, 1.53], [1.33, 0.22, 1.69], [7.26, 4.65, 2.74], [6.45, 4.58, 2.5], [2.37, 4.25, 1.2], [1.74, 0.39, 1.83], [3.55, 4.56, 0.57], [4.2, 4.39, 0.98]]","[388, 393, 355, 369, 391, 371, 228, 377]",9.4
810,1788358524848602017,307200,51273,14,7,151.3,"[29.5, 86.7, 93.0, 96.2, 102.3, 142.9, 151.3]","['RAIL', 'INSIDE', 'INSIDE', 'RAIL', 'OUTSIDE', 'INSIDE', 'INSIDE']","[[0.76, 0.19, 0.73], [3.02, 4.6, 2.48], [2.63, 4.54, 1.36], [0.27, 0.33, 0.14], [0.68, 0.37, 1.31], [4.73, 4.54, 0.58], [4.32, 4.36, 0.97]]","[378, 369, 391, 348, 371, 228, 377]",18.7
811,1788358524946374549,307200,58634,23,16,146.2,"[25.5, 26.5, 30.5, 31.0, 32.5, 35.9, 40.5, 42.2, 70.2, 81.3, 85.5, 90.1, 92.8, 96.9, 101.5, 146.2]","['INSIDE', 'OUTSIDE', 'OUTSIDE', 'OUTSIDE', 'RAIL', 'OUTSIDE', 'OUTSIDE', 'OUTSIDE', 'OUTSIDE', 'RAIL', 'INSIDE', 'INSIDE', 'OUTSIDE', 'OUTSIDE', 'INSIDE', 'INSIDE']","[[2.67, 2.87, 1.41], [0.29, 0.27, 0.23], [0.77, 0.36, 0.82], [3.96, 0.41, 1.93], [0.32, 0.41, 0.26], [6.43, 0.28, 2.13], [0.98, 0.18, 1.68], [0.63, 0.19, 1.68], [5.22, 0.26, 2.62], [0.12, 0.5, 0.89], [3.86, 4.63, 2.45], [3.52, 4.58, 2.61], [1.27, 0.26, 1.04], [1.02, 0.4, 0.45], [2.58, 4.81, 1.61], [12.98, 4.63, 1.2]]","[386, 378, 387, 379, 385, 373, 396, 393, 243, 376, 381, 391, 348, 364, 371, 228]",15.3
812,1788358525056892068,307200,59491,21,10,146.1,"[28.2, 29.9, 32.2, 37.5, 41.4, 41.9, 88.8, 91.2, 94.6, 146.1]","['OUTSIDE', 'OUTSIDE', 'OUTSIDE', 'OUTSIDE', 'RAIL', 'OUTSIDE', 'OUTSIDE', 'INSIDE', 'RAIL', 'INSIDE']","[[0.46, 0.16, 1.26], [0.12, 0.22, 0.53], [6.73, 0.41, 1.96], [3.01, 0.22, 2.87], [0.36, 0.14, 0.64], [1.49, 0.17, 2.0], [1.11, 0.21, 1.99], [3.18, 4.54, 2.29], [0.37, 0.38, 0.14], [11.66, 4.6, 1.2]]","[379, 387, 373, 394, 396, 393, 391, 348, 364, 228]",14.3
813,1788358525162164575,307200,58589,20,13,145.9,"[25.9, 33.3, 36.9, 38.9, 41.1, 42.5, 67.6, 87.3, 90.1, 93.7, 99.9, 103.7, 145.9]","['INSIDE', 'OUTSIDE', 'OUTSIDE', 'OUTSIDE', 'OUTSIDE', 'OUTSIDE', 'OUTSIDE', 'INSIDE', 'OUTSIDE', 'RAIL', 'INSIDE', 'RAIL', 'INSIDE']","[[7.57, 2.8, 3.11], [4.59, 0.27, 2.19], [1.28, 0.2, 1.84], [1.43, 0.22, 1.54], [1.45, 0.21, 2.32], [0.56, 0.21, 1.7], [3.14, 0.27, 2.5], [2.48, 4.62, 2.52], [1.32, 0.38, 2.37], [0.39, 0.38, 0.14], [2.38, 4.57, 0.91], [1.57, 0.17, 0.67], [10.83, 4.56, 1.21]]","[386, 373, 394, 388, 396, 393, 243, 369, 348, 364, 371, 356, 228]",17.6
814,1788358525245320723,307200,59000,21,14,144.3,"[28.3, 29.6, 37.8, 38.2, 40.8, 43.6, 49.1, 84.7, 86.4, 87.4, 93.0, 98.7, 101.2, 144.3]","['OUTSIDE', 'INSIDE', 'OUTSIDE', 'OUTSIDE', 'OUTSIDE', 'OUTSIDE', 'OUTSIDE', 'INSIDE', 'OUTSIDE', 'OUTSIDE', 'RAIL', 'OUTSIDE', 'OUTSIDE', 'INSIDE']","[[0.23, 0.32, 0.5], [0.24, 1.2, 0.77], [0.37, 0.16, 0.51], [1.31, 0.19, 1.44], [2.57, 0.23, 2.0], [2.05, 0.23, 1.75], [1.29, 0.21, 1.94], [2.5, 4.46, 2.46], [0.96, 0.09, 0.94], [1.55, 0.09, 1.74], [0.21, 0.37, 0.14], [0.54, 0.2, 0.41], [2.56, 0.26, 0.49], [11.61, 4.55, 1.18]]","[387, 379, 394, 388, 396, 400, 399, 381, 370, 391, 364, 371, 356, 228]",10.9
815,1788358525339943108,307200,47193,13,6,147.3,"[30.0, 36.0, 37.3, 39.9, 47.7, 147.3]","['OUTSIDE', 'OUTSIDE', 'OUTSIDE', 'OUTSIDE', 'OUTSIDE', 'INSIDE']","[[0.84, 0.15, 1.0], [0.49, 0.22, 1.5], [1.04, 0.22, 1.85], [2.58, 0.23, 2.38], [2.21, 0.21, 1.91], [7.57, 4.42, 0.95]]","[379, 394, 388, 397, 399, 228]",11.7
816,1788358525452449418,307200,53812,14,11,97.1,"[29.5, 36.5, 38.5, 40.0, 41.8, 47.6, 81.0, 85.6, 89.8, 91.2, 97.1]","['OUTSIDE', 'OUTSIDE', 'OUTSIDE', 'OUTSIDE', 'OUTSIDE', 'OUTSIDE', 'OUTSIDE', 'INSIDE', 'OUTSIDE', 'RAIL', 'OUTSIDE']","[[0.84, 0.29, 1.29], [1.18, 0.19, 1.75], [1.3, 0.21, 1.94], [0.4, 0.18, 1.67], [2.63, 0.23, 2.46], [3.47, 0.27, 2.35], [1.44, 0.25, 2.39], [5.07, 4.63, 2.46], [1.07, 0.26, 2.35], [0.41, 0.42, 0.14], [0.36, 0.36, 0.67]]","[379, 394, 388, 397, 393, 399, 376, 381, 348, 364, 371]",15.1
817,1788358525538002468,307200,49183,18,9,145.9,"[39.2, 42.0, 46.9, 83.7, 86.8, 87.1, 90.0, 97.4, 145.9]","['OUTSIDE', 'OUTSIDE', 'OUTSIDE', 'OUTSIDE', 'OUTSIDE', 'INSIDE', 'RAIL', 'OUTSIDE', 'INSIDE']","[[4.53, 0.23, 2.38], [0.33, 0.22, 1.48], [0.41, 0.19, 1.75], [1.56, 0.19, 1.32], [0.18, 0.17, 1.95], [5.41, 4.61, 2.68], [1.22, 0.26, 0.36], [1.18, 0.17, 0.48], [4.19, 4.35, 0.95]]","[388, 393, 399, 355, 391, 369, 364, 371, 228]",14.5
818,1788358525647037138,307200,49623,22,15,143.8,"[25.6, 26.7, 35.8, 38.3, 39.8, 41.2, 47.4, 81.3, 84.9, 87.2, 89.7, 90.4, 96.9, 104.5, 143.8]","['OUTSIDE', 'OUTSIDE', 'OUTSIDE', 'OUTSIDE', 'OUTSIDE', 'OUTSIDE', 'OUTSIDE', 'INSIDE', 'INSIDE', 'OUTSIDE', 'RAIL', 'INSIDE', 'OUTSIDE', 'OUTSIDE', 'INSIDE']","[[0.16, 0.15, 1.11], [0.32, 0.15, 1.16], [3.18, 0.24, 1.84], [0.47, 0.18, 1.52], [1.3, 0.21, 1.66], [0.34, 0.17, 1.64], [0.61, 0.16, 0.82], [0.47, 3.11, 1.6], [2.86, 4.54, 1.73], [1.2, 0.32, 2.52], [0.11, 0.34, 0.36], [2.48, 3.97, 1.58], [3.07, 0.19, 1.56], [2.72, 0.32, 1.54], [5.86, 4.34, 0.93]]","[378, 387, 394, 388, 397, 396, 399, 376, 381, 370, 364, 348, 371, 356, 228]",15.2
819,1788358525742259452,307200,57947,21,9,144.2,"[19.9, 36.3, 38.6, 39.9, 44.0, 84.6, 88.7, 90.4, 144.2]","['OUTSIDE', 'OUTSIDE', 'OUTSIDE', 'OUTSIDE', 'OUTSIDE', 'INSIDE', 'RAIL', 'INSIDE', 'INSIDE']","[[0.28, 0.26, 0.22], [2.79, 0.23, 1.82], [0.45, 0.17, 1.44], [1.04, 0.21, 2.37], [1.46, 0.24, 1.75], [2.57, 4.58, 2.67], [0.52, 0.49, 0.36], [3.52, 4.51, 1.83], [3.95, 4.28, 0.93]]","[378, 394, 388, 397, 400, 381, 364, 348, 228]",14.5
820,1788358525845525460,307200,58870,20,12,102.7,"[28.1, 33.1, 36.6, 39.5, 42.6, 45.0, 47.5, 80.6, 82.8, 87.8, 95.7, 102.7]","['OUTSIDE', 'OUTSIDE', 'OUTSIDE', 'OUTSIDE', 'OUTSIDE', 'OUTSIDE', 'OUTSIDE', 'OUTSIDE', 'INSIDE', 'RAIL', 'OUTSIDE', 'OUTSIDE']","[[0.9, 0.23, 0.76], [1.36, 0.26, 1.96], [4.46, 0.24, 1.62], [0.14, 0.18, 1.48], [2.32, 0.25, 2.44], [1.81, 0.23, 1.7], [2.11, 0.22, 1.49], [3.53, 0.43, 1.96], [2.77, 4.57, 2.59], [0.45, 0.43, 0.35], [2.07, 0.15, 1.27], [4.31, 0.37, 1.37]]","[387, 373, 394, 397, 393, 400, 399, 376, 381, 364, 371, 356]",11.4
821,1788358525954890745,307200,59313,13,7,101.8,"[42.6, 44.5, 78.6, 83.3, 87.7, 89.3, 101.8]","['OUTSIDE', 'OUTSIDE', 'OUTSIDE', 'RAIL', 'OUTSIDE', 'INSIDE', 'OUTSIDE']","[[2.03, 0.22, 1.71], [0.66, 0.19, 1.66], [0.62, 0.16, 1.22], [1.05, 0.07, 1.14], [1.51, 0.41, 0.85], [2.82, 3.76, 2.2], [1.66, 0.23, 1.5]]","[393, 400, 376, 381, 370, 348, 356]",11.0
822,1788358526043247919,307200,59826,18,11,101.5,"[20.4, 36.3, 41.8, 44.8, 46.6, 77.8, 82.7, 86.1, 86.1, 89.4, 101.5]","['OUTSIDE', 'OUTSIDE', 'OUTSIDE', 'RAIL', 'RAIL', 'INSIDE', 'OUTSIDE', 'RAIL', 'OUTSIDE', 'INSIDE', 'OUTSIDE']","[[0.3, 0.34, 0.22], [3.21, 0.24, 2.08], [2.35, 0.26, 2.03], [0.31, 0.17, 0.98], [0.24, 0.17, 1.02], [0.22, 1.68, 0.88], [2.38, 0.15, 1.8], [0.43, 0.34, 0.13], [4.11, 0.5, 1.53], [3.06, 2.2, 2.32], [3.6, 0.25, 1.97]]","[378, 394, 396, 400, 399, 376, 381, 391, 370, 348, 356]",12.7
823,1788358526142337671,307200,60540,19,13,143.3,"[16.8, 27.7, 32.4, 34.4, 37.9, 40.5, 42.6, 44.3, 80.5, 84.8, 86.1, 100.2, 143.3]","['RAIL', 'OUTSIDE', 'NEAR', 'OUTSIDE', 'OUTSIDE', 'OUTSIDE', 'OUTSIDE', 'OUTSIDE', 'INSIDE', 'RAIL', 'INSIDE', 'OUTSIDE', 'INSIDE']","[[0.77, 0.36, 0.83], [0.38, 0.23, 0.97], [0.41, 0.76, 1.12], [5.2, 0.26, 1.81], [0.06, 0.09, 0.91], [1.5, 0.21, 2.0], [1.47, 0.21, 1.62], [1.13, 0.18, 1.57], [3.31, 4.57, 2.73], [1.35, 0.32, 1.15], [4.75, 4.59, 2.73], [4.68, 0.25, 1.55], [10.18, 4.45, 1.18]]","[378, 387, 373, 394, 388, 397, 393, 400, 381, 391, 369, 356, 228]",13.1
824,1788358526245218023,307200,61115,12,8,90.5,"[15.8, 41.5, 45.9, 46.8, 75.8, 85.9, 87.9, 90.5]","['RAIL', 'OUTSIDE', 'OUTSIDE', 'OUTSIDE', 'OUTSIDE', 'RAIL', 'OUTSIDE', 'INSIDE']","[[1.1, 0.35, 0.77], [5.33, 0.25, 2.32], [0.64, 0.2, 1.61], [0.33, 0.24, 2.26], [1.0, 0.15, 2.04], [1.12, 0.41, 1.17], [0.79, 0.2, 1.41], [4.62, 4.69, 2.42]]","[378, 396, 399, 408, 376, 370, 364, 348]",13.0
825,1788358526368966028,307200,58024,17,11,109.1,"[15.3, 39.0, 41.2, 42.5, 43.1, 45.3, 74.9, 83.5, 85.0, 98.5, 109.1]","['RAIL', 'OUTSIDE', 'OUTSIDE', 'RAIL', 'OUTSIDE', 'OUTSIDE', 'OUTSIDE', 'RAIL', 'OUTSIDE', 'INSIDE', 'INSIDE']","[[0.74, 0.18, 0.79], [3.03, 0.27, 1.99], [0.32, 0.18, 1.64], [1.17, 0.48, 0.26], [2.23, 0.19, 1.72], [1.34, 0.25, 1.78], [0.95, 0.13, 1.33], [0.26, 0.32, 0.34], [1.04, 0.34, 0.91], [2.44, 4.32, 0.45], [2.51, 4.61, 0.44]]","[378, 388, 396, 393, 400, 399, 376, 391, 370, 356, 404]",13.1
826,1788358526445688457,307200,57709,24,16,114.7,"[14.3, 31.6, 32.4, 37.9, 39.8, 40.3, 41.7, 43.7, 45.1, 73.9, 78.8, 82.5, 83.0, 85.8, 87.6, 114.7]","['RAIL', 'NEAR', 'OUTSIDE', 'OUTSIDE', 'RAIL', 'OUTSIDE', 'OUTSIDE', 'OUTSIDE', 'OUTSIDE', 'INSIDE', 'NEAR', 'RAIL', 'OUTSIDE', 'OUTSIDE', 'OUTSIDE', 'INSIDE']","[[0.44, 0.16, 0.35], [0.43, 0.53, 0.87], [5.23, 0.28, 2.85], [3.5, 0.26, 1.6], [0.25, 0.11, 0.87], [0.51, 0.15, 1.59], [1.6, 0.19, 1.66], [1.46, 0.2, 2.86], [0.17, 0.19, 1.6], [0.68, 2.81, 1.99], [1.6, 0.98, 1.78], [0.45, 0.41, 0.33], [3.16, 0.38, 1.1], [1.03, 0.17, 1.18], [1.95, 0.48, 2.17], [3.26, 4.59, 0.49]]","[378, 373, 394, 388, 393, 397, 396, 400, 399, 376, 381, 391, 355, 364, 369, 404]",12.9
827,1788358526544492762,307200,60478,15,12,112.8,"[13.3, 28.1, 34.3, 36.4, 39.3, 42.3, 43.7, 82.0, 82.5, 90.4, 102.4, 112.8]","['RAIL', 'OUTSIDE', 'OUTSIDE', 'OUTSIDE', 'OUTSIDE', 'OUTSIDE', 'INSIDE', 'RAIL', 'INSIDE', 'INSIDE', 'INSIDE', 'INSIDE']","[[0.22, 0.07, 0.19], [0.25, 0.25, 0.74], [0.36, 0.08, 0.91], [2.36, 0.22, 1.81], [2.52, 0.23, 2.29], [0.88, 0.18, 1.43], [1.05, 2.94, 2.91], [0.63, 0.47, 0.33], [5.88, 4.69, 2.4], [2.68, 4.46, 1.62], [2.26, 4.52, 1.99], [2.52, 4.49, 1.23]]","[378, 387, 373, 388, 397, 396, 400, 391, 355, 348, 401, 404]",13.1
828,1788358526649259984,307200,61355,15,12,111.4,"[36.0, 38.7, 40.1, 41.3, 72.1, 75.7, 80.9, 82.2, 84.3, 87.6, 100.3, 111.4]","['OUTSIDE', 'OUTSIDE', 'OUTSIDE', 'OUTSIDE', 'OUTSIDE', 'OUTSIDE', 'RAIL', 'OUTSIDE', 'INSIDE', 'INSIDE', 'RAIL', 'RAIL']","[[3.3, 0.26, 1.87], [0.96, 0.17, 1.61], [0.68, 0.19, 1.68], [0.68, 0.13, 1.63], [1.08, 0.17, 2.54], [3.54, 0.26, 2.21], [0.96, 0.32, 0.56], [1.1, 0.33, 0.71], [4.54, 4.7, 2.22], [3.35, 4.54, 2.52], [2.11, 0.26, 0.44], [1.47, 0.36, 0.17]]","[388, 397, 396, 400, 376, 381, 391, 355, 370, 369, 401, 404]",12.8
829,1788358526746733852,307200,63435,18,13,110.0,"[29.6, 32.5, 35.1, 37.5, 38.9, 39.2, 41.7, 71.0, 80.0, 85.5, 94.7, 100.6, 110.0]","['NEAR', 'OUTSIDE', 'OUTSIDE', 'OUTSIDE', 'RAIL', 'OUTSIDE', 'OUTSIDE', 'OUTSIDE', 'RAIL', 'INSIDE', 'OUTSIDE', 'INSIDE', 'INSIDE']","[[0.64, 0.67, 0.8], [0.27, 0.07, 0.86], [3.32, 0.27, 1.8], [0.6, 0.19, 1.88], [1.09, 0.43, 0.32], [2.13, 0.26, 1.98], [1.31, 0.23, 1.63], [1.26, 0.19, 1.91], [0.89, 0.45, 0.55], [6.23, 4.71, 2.1], [2.59, 1.83, 0.66], [2.26, 4.43, 2.23], [3.43, 4.7, 1.93]]","[387, 394, 373, 397, 393, 396, 400, 376, 391, 370, 371, 401, 404]",12.4
830,1788358526845863636,307200,66053,9,7,102.5,"[37.1, 49.6, 79.1, 82.7, 85.3, 94.5, 102.5]","['OUTSIDE', 'RAIL', 'RAIL', 'OUTSIDE', 'INSIDE', 'INSIDE', 'INSIDE']","[[9.27, 0.27, 2.06], [0.48, 0.21, 0.88], [0.94, 0.47, 0.71], [2.43, 0.19, 1.07], [9.95, 4.68, 2.58], [4.32, 4.1, 1.72], [7.95, 4.59, 1.96]]","[397, 403, 391, 364, 370, 371, 401]",13.9
831,1788358526942710727,307200,67986,15,11,145.1,"[30.6, 37.0, 39.5, 39.6, 40.3, 77.8, 81.3, 89.9, 97.0, 109.5, 145.1]","['OUTSIDE', 'OUTSIDE', 'RAIL', 'OUTSIDE', 'OUTSIDE', 'RAIL', 'INSIDE', 'OUTSIDE', 'RAIL', 'INSIDE', 'INSIDE']","[[0.31, 0.13, 0.54], [3.2, 0.22, 2.18], [0.36, 0.16, 0.51], [0.47, 0.2, 0.98], [0.47, 0.17, 1.6], [0.36, 0.43, 0.31], [5.06, 4.68, 2.63], [2.73, 0.32, 1.39], [1.12, 0.37, 0.42], [2.65, 4.66, 1.92], [8.34, 2.26, 0.42]]","[394, 397, 396, 400, 407, 391, 355, 348, 356, 404, 228]",14.7
832,1788358527046143636,307200,71856,10,7,123.6,"[35.0, 36.0, 85.8, 90.4, 95.3, 108.1, 123.6]","['RAIL', 'OUTSIDE', 'OUTSIDE', 'INSIDE', 'OUTSIDE', 'INSIDE', 'INSIDE']","[[1.51, 0.5, 0.3], [9.03, 0.28, 2.34], [0.33, 0.07, 1.33], [4.19, 4.58, 1.98], [2.62, 0.25, 1.05], [2.4, 4.35, 1.9], [4.56, 4.59, 0.58]]","[393, 373, 370, 348, 356, 404, 405]",15.6
833,1788358527161460304,307200,73189,17,12,122.6,"[28.6, 32.7, 36.6, 38.1, 49.0, 75.7, 80.4, 90.7, 95.6, 99.0, 107.7, 122.6]","['OUTSIDE', 'OUTSIDE', 'OUTSIDE', 'OUTSIDE', 'RAIL', 'RAIL', 'INSIDE', 'INSIDE', 'RAIL', 'INSIDE', 'OUTSIDE', 'INSIDE']","[[0.57, 0.17, 0.63], [6.34, 0.26, 2.63], [0.51, 0.17, 1.28], [1.28, 0.21, 1.81], [1.62, 0.2, 0.97], [0.83, 0.39, 0.52], [5.85, 4.69, 2.44], [2.28, 4.5, 0.64], [0.12, 0.34, 0.42], [2.68, 4.55, 1.78], [0.23, 0.11, 0.73], [4.92, 4.62, 0.81]]","[394, 373, 397, 396, 408, 381, 355, 348, 356, 401, 404, 405]",14.6
834,1788358527262109661,307200,86920,14,10,143.3,"[32.0, 34.1, 37.0, 47.4, 75.2, 89.0, 97.7, 107.0, 126.5, 143.3]","['RAIL', 'OUTSIDE', 'OUTSIDE', 'RAIL', 'RAIL', 'INSIDE', 'INSIDE', 'OUTSIDE', 'INSIDE', 'INSIDE']","[[1.32, 0.48, 0.28], [7.72, 0.28, 2.99], [1.63, 0.24, 1.57], [0.61, 0.2, 0.83], [1.07, 0.42, 0.68], [5.08, 4.65, 2.62], [4.18, 4.66, 2.32], [1.34, 0.39, 1.87], [12.08, 4.72, 1.58], [11.98, 3.23, 0.91]]","[393, 373, 397, 408, 381, 369, 401, 404, 405, 228]",14.7
835,1788358527354180735,307200,92958,11,10,95.9,"[29.2, 31.3, 32.9, 33.8, 35.6, 36.2, 80.7, 87.1, 92.3, 95.9]","['OUTSIDE', 'RAIL', 'NEAR', 'OUTSIDE', 'OUTSIDE', 'OUTSIDE', 'INSIDE', 'INSIDE', 'INSIDE', 'INSIDE']","[[1.14, 0.26, 1.34], [1.5, 0.49, 0.27], [0.75, 0.32, 0.54], [7.42, 0.29, 1.98], [0.4, 0.21, 0.8], [1.37, 0.18, 1.53], [5.41, 4.67, 2.54], [6.04, 4.61, 2.49], [3.1, 4.56, 0.99], [4.53, 4.19, 2.1]]","[387, 393, 373, 394, 388, 397, 355, 369, 348, 371]",16.1
836,1788358527450555178,307200,98360,12,10,127.1,"[46.8, 49.5, 72.4, 83.1, 87.5, 93.0, 100.3, 102.8, 104.7, 127.1]","['RAIL', 'RAIL', 'OUTSIDE', 'INSIDE', 'OUTSIDE', 'INSIDE', 'INSIDE', 'OUTSIDE', 'OUTSIDE', 'INSIDE']","[[0.7, 0.21, 0.61], [0.11, 0.22, 0.54], [1.37, 0.25, 1.12], [3.0, 4.57, 2.18], [1.92, 1.14, 2.3], [3.62, 4.83, 1.44], [2.72, 4.73, 1.77], [0.55, 0.1, 0.89], [0.05, 0.23, 0.43], [5.94, 4.47, 0.82]]","[403, 408, 376, 355, 369, 348, 401, 413, 404, 405]",18.6
837,1788358527550448934,307200,95193,11,9,103.5,"[24.7, 31.0, 46.4, 49.4, 72.3, 80.6, 90.6, 92.7, 103.5]","['OUTSIDE', 'RAIL', 'RAIL', 'RAIL', 'RAIL', 'INSIDE', 'OUTSIDE', 'INSIDE', 'OUTSIDE']","[[0.49, 0.19, 1.58], [1.8, 0.52, 0.35], [0.56, 0.23, 0.6], [1.23, 0.23, 0.86], [0.95, 0.43, 0.65], [6.66, 4.62, 2.78], [1.21, 0.13, 0.8], [2.56, 4.15, 2.29], [3.09, 0.57, 1.79]]","[387, 393, 408, 403, 376, 355, 348, 411, 413]",18.7
838,1788358527668373850,307200,96756,11,9,103.4,"[23.7, 83.7, 85.6, 86.5, 89.7, 90.6, 93.8, 101.4, 103.4]","['RAIL', 'INSIDE', 'OUTSIDE', 'OUTSIDE', 'OUTSIDE', 'RAIL', 'INSIDE', 'INSIDE', 'NEAR']","[[0.46, 0.15, 1.1], [2.42, 4.62, 2.44], [1.49, 0.06, 1.52], [1.4, 0.16, 0.95], [1.48, 0.65, 1.38], [0.08, 0.26, 0.39], [3.02, 4.29, 1.46], [3.93, 4.63, 1.8], [0.29, 0.74, 1.12]]","[387, 364, 370, 369, 348, 410, 411, 401, 413]",19.3
839,1788358527743694163,307200,100519,3,2,101.5,"[27.3, 101.5]","['OUTSIDE', 'OUTSIDE']","[[0.49, 0.25, 0.67], [1.01, 1.43, 1.32]]","[387, 401]",17.0
840,1788358527839277342,307200,94405,8,6,100.5,"[27.3, 44.1, 83.9, 91.8, 96.1, 100.5]","['INSIDE', 'RAIL', 'INSIDE', 'INSIDE', 'INSIDE', 'INSIDE']","[[0.73, 2.05, 1.37], [0.5, 0.2, 0.97], [9.59, 4.69, 2.69], [6.07, 4.49, 2.35], [2.4, 4.53, 0.87], [4.36, 4.55, 1.97]]","[387, 408, 364, 411, 371, 401]",16.8
841,1788358527940567272,307200,100162,7,5,104.3,"[29.1, 48.4, 95.3, 98.9, 104.3]","['INSIDE', 'RAIL', 'OUTSIDE', 'INSIDE', 'INSIDE']","[[1.09, 1.54, 0.84], [0.34, 0.17, 0.53], [1.44, 0.34, 0.58], [5.56, 4.62, 1.88], [2.61, 4.65, 0.9]]","[387, 403, 356, 401, 413]",18.1
842,1788358528044689830,307200,107170,5,5,106.6,"[81.9, 86.6, 89.5, 96.7, 106.6]","['INSIDE', 'RAIL', 'INSIDE', 'INSIDE', 'INSIDE']","[[8.83, 4.64, 2.49], [0.06, 0.35, 0.38], [3.66, 4.57, 1.74], [7.79, 4.64, 1.86], [6.31, 4.73, 1.12]]","[355, 369, 348, 371, 413]",18.0
843,1788358528144950692,307200,102093,8,5,102.1,"[48.1, 89.0, 92.8, 96.0, 102.1]","['OUTSIDE', 'INSIDE', 'INSIDE', 'INSIDE', 'INSIDE']","[[1.77, 0.29, 2.34], [2.98, 4.67, 2.59], [2.81, 4.58, 2.25], [4.42, 4.61, 2.15], [2.6, 4.5, 0.39]]","[403, 348, 411, 371, 401]",18.4
844,1788358528260479855,307200,100977,8,7,106.3,"[80.2, 83.7, 84.2, 88.6, 92.0, 97.6, 106.3]","['INSIDE', 'OUTSIDE', 'INSIDE', 'INSIDE', 'INSIDE', 'INSIDE', 'OUTSIDE']","[[5.0, 4.65, 2.25], [4.93, 0.8, 2.45], [4.96, 3.22, 1.58], [2.51, 4.68, 1.39], [2.52, 4.35, 2.05], [4.78, 4.66, 1.9], [1.28, 0.21, 1.02]]","[355, 364, 412, 348, 411, 371, 404]",18.2
845,1788358528362308131,307200,97942,7,5,105.2,"[81.6, 86.2, 93.9, 97.5, 105.2]","['OUTSIDE', 'INSIDE', 'INSIDE', 'INSIDE', 'OUTSIDE']","[[0.7, 0.18, 0.91], [9.26, 4.77, 2.21], [4.41, 4.44, 1.85], [2.57, 4.51, 0.44], [1.32, 0.16, 1.17]]","[364, 412, 411, 371, 404]",16.8
846,1788358528448652753,307200,103664,7,6,100.5,"[81.8, 84.3, 85.9, 89.9, 93.5, 100.5]","['OUTSIDE', 'INSIDE', 'OUTSIDE', 'INSIDE', 'INSIDE', 'INSIDE']","[[3.2, 0.47, 2.23], [2.39, 4.51, 1.48], [3.6, 0.2, 1.27], [2.71, 4.51, 2.05], [3.08, 4.58, 2.09], [2.96, 4.62, 1.91]]","[364, 412, 370, 348, 411, 401]",19.0
847,1788358528559590918,307200,103066,6,5,91.5,"[48.7, 81.2, 83.5, 86.1, 91.5]","['OUTSIDE', 'INSIDE', 'OUTSIDE', 'INSIDE', 'INSIDE']","[[1.14, 0.27, 2.22], [5.21, 4.7, 2.53], [1.68, 0.18, 1.3], [2.78, 4.39, 1.85], [4.11, 4.66, 2.26]]","[403, 355, 370, 412, 348]",18.3
848,1788358528655760991,307200,103284,5,4,106.3,"[87.0, 94.1, 100.0, 106.3]","['INSIDE', 'INSIDE', 'OUTSIDE', 'INSIDE']","[[11.03, 4.78, 2.3], [2.6, 4.53, 1.22], [1.75, 0.34, 1.38], [2.71, 4.41, 0.7]]","[412, 411, 401, 413]",20.9
849,1788358528773062319,307200,103158,7,5,105.1,"[47.9, 80.9, 86.6, 93.8, 105.1]","['OUTSIDE', 'OUTSIDE', 'INSIDE', 'RAIL', 'INSIDE']","[[0.37, 0.15, 1.27], [1.06, 0.06, 1.22], [10.79, 4.78, 2.57], [0.98, 0.19, 0.47], [4.3, 4.55, 1.58]]","[403, 355, 412, 356, 413]",17.4
850,1788358528845712713,307200,102691,6,2,96.8,"[44.9, 96.8]","['OUTSIDE', 'INSIDE']","[[2.31, 0.3, 2.06], [4.68, 4.51, 1.43]]","[403, 371]",22.3
851,1788358528944306635,307200,103368,10,5,104.6,"[43.7, 94.6, 97.7, 100.5, 104.6]","['NEAR', 'OUTSIDE', 'INSIDE', 'OUTSIDE', 'INSIDE']","[[0.78, 0.59, 0.41], [2.06, 0.13, 1.42], [7.62, 4.52, 1.53], [0.75, 0.75, 0.4], [3.19, 4.62, 1.36]]","[403, 411, 371, 401, 413]",19.5
852,1788358529051263435,307200,103029,12,4,104.6,"[86.3, 94.0, 96.6, 104.6]","['INSIDE', 'INSIDE', 'INSIDE', 'OUTSIDE']","[[9.61, 4.85, 2.41], [2.3, 4.46, 1.22], [4.91, 4.38, 1.31], [1.07, 0.15, 0.89]]","[412, 356, 371, 404]",18.4
853,1788358529151843338,307200,104727,7,6,100.8,"[38.9, 84.8, 85.2, 92.8, 95.0, 100.8]","['NEAR', 'OUTSIDE', 'INSIDE', 'INSIDE', 'INSIDE', 'INSIDE']","[[0.66, 0.93, 0.04], [0.79, 0.26, 0.93], [4.53, 4.68, 2.31], [2.3, 4.38, 0.42], [4.12, 4.63, 1.54], [3.08, 4.4, 1.52]]","[403, 412, 370, 356, 371, 401]",24.7
854,1788358529246557203,307200,104552,4,4,93.5,"[83.0, 84.6, 87.1, 93.5]","['OUTSIDE', 'INSIDE', 'OUTSIDE', 'INSIDE']","[[0.82, 0.94, 1.74], [9.59, 4.74, 2.32], [2.0, 0.19, 1.74], [9.37, 4.71, 1.61]]","[370, 364, 348, 356]",20.4
855,1788358529342966183,307200,104766,5,5,101.0,"[39.4, 81.0, 86.8, 92.7, 101.0]","['NEAR', 'RAIL', 'OUTSIDE', 'INSIDE', 'INSIDE']","[[0.97, 1.07, 0.06], [0.18, 0.08, 0.89], [1.85, 0.16, 1.35], [7.78, 4.71, 1.63], [6.73, 4.55, 1.51]]","[403, 355, 412, 356, 401]",26.1
856,1788358529457587052,307200,104678,7,5,107.1,"[81.8, 87.6, 92.4, 100.0, 107.1]","['INSIDE', 'INSIDE', 'INSIDE', 'INSIDE', 'INSIDE']","[[6.25, 4.78, 2.35], [3.49, 4.67, 2.15], [3.27, 4.51, 1.37], [6.95, 4.64, 1.5], [4.49, 4.48, 1.21]]","[364, 348, 356, 401, 413]",22.5
857,1788358529548255954,307200,104238,3,2,97.6,"[88.3, 97.6]","['INSIDE', 'INSIDE']","[[7.71, 4.64, 1.93], [9.12, 4.67, 1.31]]","[348, 401]",19.6
858,1788358529647734273,307200,104625,7,4,109.3,"[84.3, 88.4, 92.7, 109.3]","['OUTSIDE', 'INSIDE', 'INSIDE', 'INSIDE']","[[0.48, 0.74, 0.58], [2.45, 4.66, 1.95], [3.77, 4.63, 1.63], [6.25, 4.48, 1.18]]","[370, 348, 356, 413]",21.1
859,1788358529756187224,307200,107382,6,2,110.6,"[97.2, 110.6]","['INSIDE', 'INSIDE']","[[2.13, 4.07, 1.47], [1.18, 1.22, 0.77]]","[401, 413]",21.2
860,1788358529861808303,307200,107016,6,4,109.8,"[86.9, 93.5, 101.3, 109.8]","['INSIDE', 'INSIDE', 'INSIDE', 'RAIL']","[[7.37, 4.68, 1.46], [5.44, 4.4, 1.41], [2.25, 4.42, 0.99], [0.72, 1.41, 0.71]]","[348, 356, 401, 413]",20.2
861,1788358529941708676,307200,104829,6,5,114.1,"[87.4, 99.9, 106.3, 110.5, 114.1]","['INSIDE', 'INSIDE', 'INSIDE', 'INSIDE', 'INSIDE']","[[5.45, 4.62, 1.88], [3.13, 4.38, 1.29], [1.4, 1.17, 0.74], [4.6, 3.36, 0.93], [1.45, 1.63, 0.24]]","[348, 401, 404, 413, 419]",21.2
862,1788358530056008747,307200,106390,5,5,106.5,"[81.8, 88.6, 93.3, 99.0, 106.5]","['INSIDE', 'INSIDE', 'INSIDE', 'INSIDE', 'INSIDE']","[[5.76, 4.66, 2.16], [3.74, 4.54, 1.94], [3.52, 4.55, 1.44], [2.28, 4.46, 0.68], [2.58, 1.59, 0.91]]","[364, 348, 356, 401, 404]",20.8
863,1788358530153601354,307200,105459,7,6,105.3,"[78.0, 81.1, 83.5, 88.1, 91.4, 105.3]","['RAIL', 'INSIDE', 'INSIDE', 'INSIDE', 'INSIDE', 'INSIDE']","[[2.84, 0.31, 0.86], [5.65, 4.69, 2.1], [5.77, 4.56, 1.88], [2.46, 4.5, 1.53], [2.51, 4.57, 1.38], [10.0, 4.5, 1.12]]","[364, 355, 370, 348, 356, 404]",19.7
864,1788358530242073314,307200,97533,6,6,113.9,"[80.1, 86.9, 102.0, 104.7, 108.0, 113.9]","['INSIDE', 'INSIDE', 'INSIDE', 'INSIDE', 'INSIDE', 'RAIL']","[[6.12, 4.7, 2.1], [5.7, 4.54, 1.86], [1.66, 1.13, 0.71], [1.4, 1.29, 0.72], [4.02, 3.95, 0.91], [1.39, 0.85, 0.5]]","[355, 348, 401, 404, 413, 419]",17.1
865,1788358530351565464,307200,103014,6,5,109.6,"[87.9, 98.0, 103.8, 106.4, 109.6]","['INSIDE', 'INSIDE', 'INSIDE', 'INSIDE', 'INSIDE']","[[6.8, 4.65, 1.89], [4.31, 4.48, 1.28], [0.77, 1.56, 0.88], [1.68, 1.23, 0.9], [1.56, 2.22, 0.93]]","[348, 401, 404, 413, 419]",18.3
866,1788358530453385493,307200,105001,4,4,111.2,"[86.2, 90.4, 105.6, 111.2]","['INSIDE', 'INSIDE', 'INSIDE', 'RAIL']","[[4.93, 4.51, 1.71], [2.69, 2.52, 1.37], [2.08, 3.03, 0.9], [1.32, 0.96, 0.32]]","[348, 356, 413, 419]",17.2
867,1788358530542470721,307200,105667,5,3,100.1,"[85.6, 93.9, 100.1]","['INSIDE', 'INSIDE', 'INSIDE']","[[3.01, 4.5, 1.49], [4.81, 4.65, 1.39], [3.34, 1.53, 0.86]]","[348, 356, 401]",18.0
868,1788358530638973726,307200,105672,5,4,102.6,"[84.7, 88.4, 97.7, 102.6]","['INSIDE', 'OUTSIDE', 'INSIDE', 'INSIDE']","[[3.75, 4.71, 1.82], [0.37, 0.15, 1.21], [1.79, 0.96, 0.83], [2.85, 1.35, 0.87]]","[348, 370, 401, 404]",22.3
869,1788358530745903604,307200,106173,4,4,102.9,"[90.5, 97.2, 100.7, 102.9]","['INSIDE', 'INSIDE', 'OUTSIDE', 'INSIDE']","[[6.42, 4.72, 1.35], [4.1, 1.57, 0.42], [1.64, 1.14, 0.7], [5.58, 3.44, 0.87]]","[370, 401, 404, 413]",18.7
870,1788358530844692360,307200,106302,6,5,113.7,"[89.8, 91.8, 98.8, 104.6, 113.7]","['INSIDE', 'INSIDE', 'INSIDE', 'INSIDE', 'RAIL']","[[1.76, 2.85, 1.41], [3.89, 4.57, 1.2], [5.43, 1.65, 0.85], [6.05, 3.26, 0.87], [2.37, 0.46, 0.17]]","[370, 356, 401, 413, 419]",19.8
871,1788358530954520900,307200,105945,6,4,102.4,"[93.4, 96.2, 98.9, 102.4]","['INSIDE', 'INSIDE', 'INSIDE', 'INSIDE']","[[5.57, 4.46, 1.19], [1.19, 0.34, 0.26], [2.8, 2.75, 1.1], [1.84, 2.89, 0.72]]","[356, 401, 404, 413]",21.1
872,1788358531049958752,307200,105715,7,6,113.4,"[85.6, 92.4, 95.2, 97.8, 100.9, 113.4]","['INSIDE', 'INSIDE', 'INSIDE', 'INSIDE', 'INSIDE', 'RAIL']","[[4.41, 4.76, 1.53], [1.57, 0.76, 0.78], [0.81, 1.67, 1.05], [2.07, 0.97, 0.82], [2.09, 2.9, 0.85], [0.58, 0.86, 0.17]]","[348, 356, 401, 404, 413, 419]",20.5
873,1788358531147097434,307200,105142,3,2,111.5,"[102.4, 111.5]","['RAIL', 'RAIL']","[[2.23, 1.29, 0.66], [3.1, 1.04, 0.17]]","[413, 419]",24.5
874,1788358531245177572,307200,104947,5,4,98.7,"[90.0, 95.2, 97.2, 98.7]","['INSIDE', 'INSIDE', 'OUTSIDE', 'INSIDE']","[[6.2, 4.65, 1.37], [1.88, 2.45, 0.92], [1.09, 1.1, 0.82], [1.97, 3.02, 0.84]]","[370, 401, 404, 413]",34.3
875,1788358531372538717,307200,104754,6,6,110.2,"[83.1, 88.7, 94.3, 97.2, 100.0, 110.2]","['INSIDE', 'INSIDE', 'INSIDE', 'INSIDE', 'RAIL', 'RAIL']","[[2.97, 4.54, 1.49], [6.24, 4.56, 1.35], [1.66, 2.48, 1.05], [1.54, 2.66, 0.83], [2.05, 1.44, 0.65], [1.37, 0.83, 0.17]]","[348, 370, 401, 413, 404, 419]",49.9
876,1788358531442260753,307200,104706,4,4,94.6,"[83.9, 88.4, 94.2, 94.6]","['INSIDE', 'INSIDE', 'OUTSIDE', 'INSIDE']","[[2.85, 4.74, 1.49], [4.31, 1.7, 1.23], [1.0, 0.8, 0.65], [5.59, 2.91, 1.04]]","[348, 370, 401, 356]",45.5
877,1788358531550098466,307200,104639,6,4,97.6,"[84.2, 92.9, 92.9, 97.6]","['INSIDE', 'OUTSIDE', 'INSIDE', 'INSIDE']","[[10.23, 4.69, 1.64], [2.02, 2.45, 1.04], [5.95, 3.83, 1.19], [1.62, 2.97, 0.83]]","[348, 401, 356, 413]",59.4
