frame,ts_ns,in_points,roi_points,raw_candidates,confirmed,max_dist,dist_list,zone_list,size_list,track_id_list,proc_ms
1,1790252237242259240,307187,92630,16,0,0.0,[],[],[],[],615.0
2,1790252237339417695,307174,92452,18,0,0.0,[],[],[],[],604.2
3,1790252237439301165,307200,92716,15,0,0.0,[],[],[],[],596.3
4,1790252237541173760,307191,93374,14,0,0.0,[],[],[],[],590.3
5,1790252237636313319,307181,94647,12,0,0.0,[],[],[],[],581.9
6,1790252237744804456,307188,95475,13,0,0.0,[],[],[],[],557.4
7,1790252237849933930,307185,95564,13,0,0.0,[],[],[],[],31.7
8,1790252237941471307,307197,95000,15,0,0.0,[],[],[],[],38.5
9,1790252238052758526,307187,93825,16,0,0.0,[],[],[],[],34.9
10,1790252238126427188,307194,93306,16,0,0.0,[],[],[],[],44.1
11,1790252238231880819,307198,93317,17,0,0.0,[],[],[],[],43.4
12,1790252238328132652,307192,93829,20,0,0.0,[],[],[],[],33.6
13,1790252238433031392,307188,95339,20,0,0.0,[],[],[],[],43.2
14,1790252238545062653,307186,95807,20,0,0.0,[],[],[],[],37.4
15,1790252238632936520,307186,95759,15,1,47.3,[47.3],['OUTSIDE'],"[[1.49, 0.46, 1.79]]",[9],41.4
16,1790252238730892051,307193,96194,20,3,47.3,"[35.2, 43.6, 47.3]","['OUTSIDE', 'NEAR', 'OUTSIDE']","[[1.39, 0.43, 1.78], [0.78, 0.35, 2.5], [1.3, 0.18, 1.32]]","[9, 8, 1]",40.2
17,1790252238840807419,307181,96079,12,3,48.0,"[36.0, 38.4, 48.0]","['NEAR', 'RAIL', 'OUTSIDE']","[[3.26, 0.32, 2.28], [1.03, 0.28, 0.85], [3.22, 0.57, 1.95]]","[1, 5, 9]",32.8
18,1790252238938816325,307187,95097,21,6,46.4,"[33.2, 36.4, 40.5, 43.6, 45.2, 46.4]","['OUTSIDE', 'NEAR', 'NEAR', 'OUTSIDE', 'NEAR', 'RAIL']","[[4.17, 0.39, 2.51], [1.86, 0.28, 1.99], [1.38, 0.64, 2.3], [0.31, 0.42, 1.23], [0.77, 0.64, 2.43], [0.79, 0.2, 1.0]]","[1, 2, 5, 6, 8, 9]",36.2
19,1790252239029969872,307171,94117,19,7,94.6,"[34.7, 37.0, 39.0, 43.7, 45.2, 45.8, 94.6]","['OUTSIDE', 'OUTSIDE', 'OUTSIDE', 'OUTSIDE', 'NEAR', 'NEAR', 'INSIDE']","[[1.15, 0.2, 0.72], [2.58, 0.34, 1.58], [0.28, 0.15, 1.36], [1.48, 0.57, 2.2], [1.62, 0.65, 2.42], [0.3, 0.2, 0.5], [3.18, 3.57, 1.19]]","[2, 1, 5, 6, 8, 9, 19]",37.9
20,1790252239128402823,307185,94007,12,6,95.1,"[34.4, 36.5, 37.8, 39.0, 48.9, 95.1]","['OUTSIDE', 'OUTSIDE', 'NEAR', 'OUTSIDE', 'NEAR', 'INSIDE']","[[1.52, 0.21, 1.55], [0.58, 0.24, 1.44], [1.71, 0.33, 2.5], [0.17, 0.15, 1.38], [0.51, 0.17, 0.99], [4.41, 3.52, 1.19]]","[2, 1, 3, 5, 6, 19]",34.6
21,1790252239246599995,307169,94165,18,7,96.4,"[33.9, 36.1, 36.9, 38.8, 43.1, 45.7, 96.4]","['OUTSIDE', 'OUTSIDE', 'OUTSIDE', 'OUTSIDE', 'OUTSIDE', 'OUTSIDE', 'INSIDE']","[[0.32, 0.14, 0.81], [2.69, 0.59, 2.48], [1.23, 0.21, 1.49], [0.31, 0.18, 0.57], [0.07, 0.15, 0.95], [0.62, 0.45, 1.81], [9.09, 3.65, 1.19]]","[2, 8, 3, 1, 5, 9, 19]",35.9
22,1790252239327459301,307173,92916,16,9,95.0,"[33.8, 36.0, 37.3, 41.5, 42.0, 43.2, 43.2, 48.6, 95.0]","['OUTSIDE', 'OUTSIDE', 'OUTSIDE', 'OUTSIDE', 'NEAR', 'OUTSIDE', 'INSIDE', 'INSIDE', 'INSIDE']","[[0.37, 0.19, 0.98], [1.48, 0.25, 1.49], [1.33, 0.21, 1.79], [1.68, 0.44, 1.57], [0.21, 0.15, 0.65], [1.05, 0.18, 1.52], [0.41, 2.76, 0.02], [0.09, 2.72, 0.0], [1.09, 3.22, 1.19]]","[2, 1, 3, 8, 6, 7, 13, 9, 19]",35.6
23,1790252239426423168,307171,92298,25,13,96.1,"[23.7, 32.6, 33.6, 36.5, 37.6, 38.4, 39.5, 41.5, 42.4, 43.4, 43.8, 48.4, 96.1]","['OUTSIDE', 'OUTSIDE', 'OUTSIDE', 'OUTSIDE', 'NEAR', 'OUTSIDE', 'RAIL', 'NEAR', 'OUTSIDE', 'RAIL', 'RAIL', 'NEAR', 'INSIDE']","[[0.39, 0.19, 0.98], [2.1, 0.29, 1.59], [2.65, 0.25, 1.52], [0.36, 0.25, 0.59], [0.88, 0.72, 2.25], [0.74, 0.4, 1.56], [0.73, 0.18, 0.74], [0.55, 0.22, 2.01], [0.05, 0.23, 0.86], [0.26, 0.19, 0.43], [0.9, 0.59, 0.68], [0.45, 0.14, 0.62], [3.54, 3.51, 1.19]]","[2, 12, 3, 1, 26, 8, 7, 9, 5, 6, 13, 11, 19]",34.5
24,1790252239539418123,307167,88996,18,11,94.6,"[26.0, 32.3, 33.4, 39.7, 41.9, 43.5, 43.7, 44.5, 45.3, 48.4, 94.6]","['OUTSIDE', 'OUTSIDE', 'OUTSIDE', 'NEAR', 'OUTSIDE', 'OUTSIDE', 'NEAR', 'NEAR', 'RAIL', 'INSIDE', 'INSIDE']","[[0.24, 0.18, 0.66], [1.94, 0.28, 1.35], [1.63, 0.45, 1.58], [1.61, 0.54, 2.24], [0.94, 0.54, 2.2], [0.48, 0.16, 1.17], [0.33, 0.23, 0.62], [0.59, 0.16, 1.06], [1.17, 0.61, 0.68], [0.43, 0.94, 0.93], [1.23, 1.76, 1.19]]","[2, 12, 8, 26, 4, 9, 6, 7, 13, 11, 19]",34.3
25,1790252239639743161,307175,88847,15,8,94.7,"[37.5, 39.6, 41.7, 43.5, 45.2, 48.3, 49.5, 94.7]","['OUTSIDE', 'OUTSIDE', 'NEAR', 'OUTSIDE', 'OUTSIDE', 'NEAR', 'NEAR', 'INSIDE']","[[1.46, 0.44, 1.57], [1.26, 0.3, 1.7], [1.77, 0.53, 2.32], [1.04, 0.48, 1.8], [0.86, 0.43, 1.07], [1.67, 0.21, 1.63], [0.48, 0.24, 1.37], [4.96, 3.54, 1.19]]","[8, 1, 26, 4, 24, 7, 6, 19]",32.6
26,1790252239736847819,307161,90974,12,9,95.7,"[32.2, 33.9, 36.2, 37.8, 43.2, 44.0, 48.7, 49.4, 95.7]","['OUTSIDE', 'OUTSIDE', 'OUTSIDE', 'OUTSIDE', 'OUTSIDE', 'OUTSIDE', 'OUTSIDE', 'RAIL', 'INSIDE']","[[2.26, 0.32, 1.6], [0.46, 0.18, 1.57], [0.65, 0.17, 1.26], [2.82, 0.48, 1.8], [1.06, 0.43, 1.2], [0.86, 0.38, 0.22], [0.39, 0.14, 0.63], [1.55, 0.56, 0.67], [3.57, 3.1, 1.18]]","[12, 2, 1, 7, 24, 6, 3, 13, 19]",44.3
27,1790252239832174173,307167,93175,17,10,94.3,"[27.1, 31.0, 33.8, 36.8, 37.0, 37.9, 45.2, 48.9, 48.9, 94.3]","['OUTSIDE', 'RAIL', 'OUTSIDE', 'RAIL', 'OUTSIDE', 'OUTSIDE', 'RAIL', 'OUTSIDE', 'INSIDE', 'INSIDE']","[[4.66, 0.26, 2.02], [0.3, 0.17, 0.82], [0.37, 0.22, 0.9], [0.19, 0.13, 0.25], [1.2, 0.47, 1.8], [0.31, 0.16, 1.18], [0.22, 0.29, 0.87], [0.46, 0.37, 0.23], [0.21, 2.18, 0.02], [1.22, 2.64, 1.19]]","[2, 12, 3, 1, 4, 5, 24, 6, 11, 19]",45.3
28,1790252239927417426,307173,94419,18,10,92.0,"[33.3, 37.8, 43.5, 45.0, 45.7, 46.8, 48.5, 48.9, 89.5, 92.0]","['OUTSIDE', 'OUTSIDE', 'OUTSIDE', 'NEAR', 'OUTSIDE', 'OUTSIDE', 'NEAR', 'NEAR', 'INSIDE', 'INSIDE']","[[5.27, 0.27, 1.89], [0.43, 0.16, 1.25], [0.99, 0.42, 1.8], [0.87, 0.23, 2.09], [0.4, 0.36, 0.23], [0.6, 0.41, 1.15], [0.71, 0.33, 1.56], [0.38, 0.17, 0.8], [2.32, 1.51, 0.2], [1.48, 1.31, 0.89]]","[2, 5, 4, 7, 6, 24, 25, 9, 16, 19]",47.1
29,1790252240039614952,307147,95865,24,15,91.4,"[30.8, 31.9, 32.5, 36.7, 38.5, 38.5, 42.5, 42.6, 43.0, 44.6, 45.6, 46.7, 48.0, 48.7, 91.4]","['OUTSIDE', 'RAIL', 'OUTSIDE', 'NEAR', 'RAIL', 'OUTSIDE', 'OUTSIDE', 'OUTSIDE', 'NEAR', 'NEAR', 'OUTSIDE', 'NEAR', 'RAIL', 'INSIDE', 'OUTSIDE']","[[1.61, 0.2, 1.45], [0.74, 0.23, 0.88], [0.49, 0.25, 1.77], [2.33, 0.44, 2.27], [0.18, 0.17, 0.58], [1.58, 0.44, 1.8], [0.65, 0.44, 0.24], [1.24, 0.37, 1.26], [0.68, 0.3, 0.94], [0.38, 0.17, 1.29], [0.18, 0.12, 0.36], [1.26, 0.23, 1.6], [0.89, 0.57, 0.67], [1.26, 1.37, 0.08], [1.22, 1.43, 1.02]]","[12, 2, 3, 5, 8, 4, 6, 24, 25, 9, 1, 7, 13, 26, 23]",46.0
30,1790252240157736578,307171,96382,17,9,48.6,"[30.7, 31.8, 35.3, 38.0, 42.3, 44.6, 46.4, 47.7, 48.6]","['OUTSIDE', 'RAIL', 'INSIDE', 'OUTSIDE', 'OUTSIDE', 'OUTSIDE', 'OUTSIDE', 'OUTSIDE', 'NEAR']","[[1.52, 0.21, 1.45], [0.47, 0.2, 0.27], [3.54, 2.78, 2.65], [0.11, 0.2, 0.63], [1.57, 0.48, 1.77], [0.64, 0.35, 0.24], [1.56, 0.44, 1.8], [0.19, 0.18, 0.74], [0.39, 0.24, 0.91]]","[12, 2, 5, 3, 24, 6, 4, 8, 25]",44.6
31,1790252240234892068,307149,96805,12,7,49.2,"[30.1, 30.2, 44.6, 45.3, 46.2, 48.2, 49.2]","['OUTSIDE', 'OUTSIDE', 'OUTSIDE', 'NEAR', 'NEAR', 'NEAR', 'INSIDE']","[[0.28, 0.11, 0.34], [1.32, 0.43, 1.79], [0.35, 0.39, 1.71], [0.37, 0.2, 0.79], [0.59, 0.26, 1.54], [0.2, 0.25, 0.57], [0.42, 2.93, 0.5]]","[2, 4, 24, 9, 25, 6, 11]",34.2
32,1790252240337211330,307163,96982,12,8,122.0,"[27.3, 36.0, 46.3, 47.9, 49.4, 90.9, 91.2, 122.0]","['OUTSIDE', 'OUTSIDE', 'NEAR', 'NEAR', 'INSIDE', 'OUTSIDE', 'INSIDE', 'RAIL']","[[0.17, 0.27, 0.64], [0.56, 0.45, 1.91], [1.24, 0.32, 1.66], [1.12, 0.28, 0.99], [0.71, 2.47, 0.26], [1.17, 1.42, 1.02], [5.57, 2.3, 1.31], [3.64, 0.38, 0.0]]","[3, 24, 25, 6, 11, 23, 19, 21]",33.4
33,1790252240439827663,307177,95977,14,8,121.9,"[30.7, 35.9, 41.3, 45.3, 47.9, 49.3, 90.8, 121.9]","['OUTSIDE', 'OUTSIDE', 'OUTSIDE', 'OUTSIDE', 'OUTSIDE', 'NEAR', 'INSIDE', 'RAIL']","[[2.22, 0.25, 1.51], [0.33, 0.27, 0.57], [3.2, 0.54, 1.75], [1.82, 0.22, 1.56], [0.75, 0.43, 1.17], [1.02, 0.32, 0.99], [1.75, 3.57, 1.18], [3.67, 0.38, 0.0]]","[2, 3, 9, 8, 24, 6, 19, 21]",46.5
34,1790252240542256868,307169,95725,10,7,49.2,"[30.6, 36.7, 41.7, 42.7, 44.0, 47.7, 49.2]","['OUTSIDE', 'OUTSIDE', 'OUTSIDE', 'NEAR', 'OUTSIDE', 'OUTSIDE', 'NEAR']","[[2.3, 0.3, 1.65], [0.25, 0.15, 1.3], [1.6, 0.46, 1.78], [0.59, 0.18, 1.38], [0.32, 0.46, 1.04], [0.35, 0.15, 1.13], [1.55, 0.33, 1.39]]","[2, 3, 4, 8, 24, 7, 6]",44.8
35,1790252240648472324,307159,95973,11,7,90.1,"[31.6, 36.6, 43.1, 45.3, 46.9, 49.5, 90.1]","['OUTSIDE', 'OUTSIDE', 'OUTSIDE', 'OUTSIDE', 'NEAR', 'NEAR', 'INSIDE']","[[4.49, 0.31, 2.27], [0.27, 0.13, 1.3], [3.51, 0.51, 2.08], [1.74, 0.54, 1.79], [0.42, 0.23, 0.61], [0.8, 0.32, 0.44], [9.26, 4.15, 1.44]]","[12, 3, 7, 25, 9, 6, 19]",44.8
36,1790252240737630789,307177,96428,12,7,49.3,"[30.3, 36.4, 41.4, 45.7, 46.4, 47.4, 49.3]","['OUTSIDE', 'OUTSIDE', 'OUTSIDE', 'OUTSIDE', 'NEAR', 'NEAR', 'NEAR']","[[2.6, 0.31, 1.92], [0.38, 0.17, 1.21], [0.3, 0.23, 1.36], [0.27, 0.46, 1.26], [0.8, 0.21, 1.03], [1.33, 0.34, 1.5], [0.81, 0.31, 0.45]]","[2, 3, 8, 24, 25, 9, 6]",44.0
37,1790252240830254709,307175,97508,11,7,49.0,"[26.5, 31.7, 41.3, 42.1, 43.9, 47.2, 49.0]","['OUTSIDE', 'OUTSIDE', 'OUTSIDE', 'OUTSIDE', 'NEAR', 'OUTSIDE', 'INSIDE']","[[5.59, 0.29, 2.59], [2.72, 0.59, 2.07], [0.4, 0.16, 1.55], [0.24, 0.38, 1.77], [1.92, 0.36, 1.84], [0.31, 0.19, 0.75], [0.11, 0.93, 0.01]]","[12, 4, 8, 24, 6, 7, 11]",39.0
38,1790252240929469062,307183,99448,10,8,119.1,"[30.5, 42.9, 44.6, 46.0, 47.1, 48.7, 91.7, 119.1]","['OUTSIDE', 'OUTSIDE', 'OUTSIDE', 'NEAR', 'NEAR', 'OUTSIDE', 'INSIDE', 'RAIL']","[[3.19, 0.28, 2.64], [0.53, 0.51, 2.07], [0.26, 0.37, 1.34], [1.51, 0.33, 1.69], [1.56, 0.36, 1.39], [0.4, 0.21, 1.1], [7.2, 3.58, 1.31], [1.07, 0.68, 0.18]]","[2, 7, 24, 4, 6, 9, 23, 21]",40.8
39,1790252241060317945,307181,100098,16,14,93.2,"[25.2, 29.6, 30.8, 31.6, 33.1, 33.3, 35.3, 44.3, 45.8, 46.9, 48.6, 84.7, 89.1, 93.2]","['OUTSIDE', 'OUTSIDE', 'OUTSIDE', 'OUTSIDE', 'OUTSIDE', 'OUTSIDE', 'NEAR', 'NEAR', 'NEAR', 'NEAR', 'INSIDE', 'INSIDE', 'INSIDE', 'INSIDE']","[[0.25, 0.12, 0.27], [0.28, 0.15, 1.11], [1.72, 0.26, 2.64], [1.72, 0.21, 1.36], [1.02, 0.2, 1.35], [0.32, 0.41, 0.94], [1.39, 0.33, 1.77], [1.57, 0.35, 1.3], [0.41, 0.25, 1.2], [0.15, 0.22, 0.29], [0.69, 1.04, 0.07], [3.46, 3.89, 1.18], [2.46, 4.06, 1.4], [3.18, 3.43, 1.16]]","[2, 12, 11, 3, 5, 24, 4, 6, 9, 32, 10, 15, 19, 27]",54.2
40,1790252241139692796,307164,100642,18,13,94.4,"[29.5, 32.7, 32.7, 35.6, 36.6, 41.2, 42.8, 44.2, 45.6, 46.8, 48.7, 92.1, 94.4]","['OUTSIDE', 'OUTSIDE', 'OUTSIDE', 'OUTSIDE', 'RAIL', 'OUTSIDE', 'NEAR', 'RAIL', 'OUTSIDE', 'NEAR', 'INSIDE', 'INSIDE', 'INSIDE']","[[2.53, 0.28, 2.56], [2.66, 0.22, 1.87], [0.47, 0.5, 2.06], [0.17, 0.16, 1.34], [0.42, 0.42, 1.03], [1.68, 0.21, 1.54], [1.43, 0.35, 1.69], [1.06, 0.35, 0.75], [0.43, 0.19, 1.0], [0.73, 0.24, 0.61], [1.05, 2.89, 0.37], [1.68, 3.3, 1.16], [1.13, 3.4, 1.04]]","[11, 3, 7, 5, 24, 8, 4, 6, 9, 32, 12, 23, 27]",50.6
41,1790252241241422871,307172,100821,18,14,92.5,"[29.5, 32.5, 32.7, 34.8, 36.8, 40.5, 42.4, 44.6, 45.6, 46.9, 48.4, 84.8, 88.8, 92.5]","['OUTSIDE', 'OUTSIDE', 'OUTSIDE', 'OUTSIDE', 'OUTSIDE', 'OUTSIDE', 'NEAR', 'NEAR', 'NEAR', 'INSIDE', 'NEAR', 'INSIDE', 'INSIDE', 'INSIDE']","[[2.52, 0.3, 2.63], [2.74, 0.23, 1.87], [1.67, 0.41, 2.22], [2.34, 0.5, 2.06], [1.08, 0.49, 1.23], [0.29, 0.14, 1.6], [0.72, 0.34, 1.69], [0.41, 0.25, 1.19], [0.73, 0.25, 0.22], [3.26, 2.77, 2.53], [0.59, 0.25, 0.6], [3.36, 2.81, 1.52], [2.2, 2.3, 0.2], [2.76, 3.64, 1.17]]","[11, 3, 5, 7, 24, 8, 4, 9, 6, 12, 32, 15, 19, 23]",41.7
42,1790252241337346188,307170,101285,16,10,48.1,"[29.1, 33.6, 35.4, 37.3, 37.5, 41.4, 44.4, 45.3, 46.8, 48.1]","['OUTSIDE', 'NEAR', 'OUTSIDE', 'OUTSIDE', 'NEAR', 'NEAR', 'NEAR', 'RAIL', 'INSIDE', 'OUTSIDE']","[[2.0, 0.29, 2.08], [6.4, 1.08, 2.45], [1.25, 0.46, 1.84], [0.31, 0.16, 1.54], [0.6, 0.31, 1.69], [0.36, 0.28, 0.32], [0.85, 0.15, 1.0], [1.78, 0.15, 0.26], [0.95, 1.58, 0.06], [0.07, 0.95, 0.3]]","[11, 5, 24, 8, 4, 6, 9, 12, 32, 3]",54.2
43,1790252241435777593,307166,100843,13,10,104.4,"[28.3, 31.1, 32.7, 36.0, 36.8, 41.2, 45.1, 47.3, 92.2, 104.4]","['OUTSIDE', 'RAIL', 'NEAR', 'OUTSIDE', 'OUTSIDE', 'OUTSIDE', 'RAIL', 'NEAR', 'INSIDE', 'RAIL']","[[4.59, 0.24, 2.03], [0.39, 0.22, 0.45], [0.69, 0.92, 2.32], [2.49, 0.56, 1.03], [0.36, 0.14, 1.36], [2.28, 0.45, 1.74], [0.7, 0.14, 0.3], [0.49, 0.26, 0.3], [2.69, 3.97, 1.17], [2.97, 1.17, 0.67]]","[2, 11, 32, 24, 8, 9, 12, 5, 23, 28]",45.1
44,1790252241540910160,307183,99519,8,6,90.1,"[30.5, 34.0, 46.1, 49.4, 49.9, 90.1]","['OUTSIDE', 'OUTSIDE', 'INSIDE', 'RAIL', 'RAIL', 'INSIDE']","[[5.68, 0.35, 2.57], [4.64, 0.58, 1.83], [0.53, 2.37, 0.03], [0.12, 0.14, 0.42], [0.64, 0.45, 0.41], [6.6, 4.14, 1.3]]","[2, 25, 5, 6, 24, 19]",43.3
45,1790252241641737419,307163,98991,12,10,102.6,"[26.4, 28.8, 32.0, 34.8, 39.9, 47.2, 84.5, 90.3, 93.1, 102.6]","['OUTSIDE', 'OUTSIDE', 'OUTSIDE', 'OUTSIDE', 'NEAR', 'INSIDE', 'RAIL', 'INSIDE', 'INSIDE', 'NEAR']","[[2.49, 0.27, 1.28], [4.56, 0.27, 2.86], [0.57, 0.23, 1.61], [0.46, 0.16, 1.4], [1.16, 0.3, 1.03], [0.38, 1.39, 0.26], [2.9, 0.29, 0.58], [6.45, 4.35, 1.4], [0.14, 0.98, 0.0], [2.18, 1.26, 0.51]]","[11, 2, 32, 8, 25, 10, 15, 19, 23, 28]",51.3
46,1790252241727428470,307168,98593,5,4,90.4,"[32.3, 32.8, 37.9, 90.4]","['OUTSIDE', 'RAIL', 'NEAR', 'INSIDE']","[[5.31, 0.32, 2.86], [1.52, 0.09, 0.68], [0.43, 0.26, 0.59], [5.32, 3.94, 1.31]]","[2, 12, 5, 19]",68.7
47,1790252241824729985,307156,99485,9,9,102.7,"[32.7, 39.0, 40.4, 44.5, 49.5, 88.4, 91.1, 92.8, 102.7]","['OUTSIDE', 'OUTSIDE', 'OUTSIDE', 'OUTSIDE', 'NEAR', 'RAIL', 'INSIDE', 'INSIDE', 'NEAR']","[[6.63, 0.6, 2.06], [1.42, 0.2, 1.96], [0.84, 0.18, 1.33], [0.94, 0.47, 1.29], [0.59, 0.25, 0.6], [1.25, 0.49, 0.79], [0.74, 2.27, 1.14], [0.07, 0.97, 0.0], [1.31, 1.26, 0.51]]","[4, 30, 8, 29, 5, 19, 23, 27, 28]",58.5
48,1790252241928652901,307160,100537,12,12,91.6,"[29.4, 32.6, 33.4, 34.2, 36.4, 40.4, 42.4, 43.2, 45.8, 49.4, 88.5, 91.6]","['OUTSIDE', 'OUTSIDE', 'OUTSIDE', 'OUTSIDE', 'OUTSIDE', 'OUTSIDE', 'RAIL', 'OUTSIDE', 'RAIL', 'NEAR', 'INSIDE', 'INSIDE']","[[0.55, 0.31, 1.54], [0.74, 0.23, 1.87], [2.42, 0.55, 2.39], [3.23, 0.58, 1.8], [0.74, 0.2, 1.51], [0.98, 0.47, 1.43], [0.48, 0.17, 0.38], [0.36, 0.17, 0.44], [1.66, 0.13, 0.54], [0.71, 0.25, 0.6], [1.04, 2.81, 1.38], [2.95, 4.17, 1.3]]","[2, 32, 7, 9, 8, 29, 4, 11, 12, 5, 19, 23]",55.7
49,1790252242032489949,307162,100770,14,13,94.1,"[24.4, 30.7, 36.4, 37.0, 39.7, 41.3, 42.2, 43.1, 46.6, 49.4, 86.7, 91.1, 94.1]","['OUTSIDE', 'OUTSIDE', 'RAIL', 'NEAR', 'RAIL', 'OUTSIDE', 'OUTSIDE', 'INSIDE', 'RAIL', 'INSIDE', 'INSIDE', 'INSIDE', 'INSIDE']","[[7.25, 0.39, 2.56], [0.5, 0.57, 2.38], [0.29, 0.12, 0.57], [1.37, 0.33, 1.12], [0.52, 0.17, 0.26], [1.21, 0.46, 1.43], [1.29, 0.17, 1.97], [0.79, 1.62, 0.22], [1.84, 0.12, 0.4], [0.5, 2.34, 0.03], [3.93, 4.25, 1.15], [2.65, 2.99, 1.3], [0.26, 0.66, 0.0]]","[11, 8, 7, 25, 4, 29, 30, 10, 12, 3, 19, 23, 27]",57.3
50,1790252242129653583,307150,100972,14,13,91.3,"[32.7, 34.0, 36.0, 36.8, 38.2, 38.8, 41.0, 41.9, 42.5, 44.4, 46.6, 49.1, 91.3]","['OUTSIDE', 'OUTSIDE', 'OUTSIDE', 'OUTSIDE', 'OUTSIDE', 'OUTSIDE', 'OUTSIDE', 'NEAR', 'NEAR', 'OUTSIDE', 'RAIL', 'RAIL', 'INSIDE']","[[1.53, 0.27, 1.24], [2.35, 0.45, 2.15], [0.65, 0.18, 1.87], [2.93, 0.22, 1.97], [1.36, 0.54, 1.65], [2.47, 0.57, 2.38], [1.62, 0.49, 1.77], [1.7, 0.33, 1.63], [1.66, 0.3, 1.03], [6.62, 1.65, 2.48], [0.58, 0.16, 0.53], [0.57, 0.1, 0.33], [3.03, 3.81, 1.3]]","[2, 32, 5, 30, 9, 8, 29, 25, 7, 33, 12, 3, 23]",52.6
51,1790252242234344645,307178,100867,7,7,88.3,"[27.6, 35.5, 44.6, 46.4, 48.9, 49.7, 88.3]","['OUTSIDE', 'OUTSIDE', 'OUTSIDE', 'NEAR', 'NEAR', 'RAIL', 'INSIDE']","[[2.79, 0.3, 2.66], [0.76, 0.46, 1.1], [0.73, 0.45, 1.54], [1.41, 0.37, 1.02], [0.29, 0.24, 1.09], [0.46, 0.12, 0.29], [10.03, 4.41, 1.51]]","[11, 9, 29, 25, 6, 3, 19]",43.4
52,1790252242333636988,307156,98086,12,12,91.9,"[27.8, 34.9, 37.2, 38.7, 39.6, 44.6, 46.3, 48.7, 49.6, 49.6, 87.7, 91.9]","['OUTSIDE', 'OUTSIDE', 'INSIDE', 'OUTSIDE', 'OUTSIDE', 'OUTSIDE', 'NEAR', 'NEAR', 'OUTSIDE', 'OUTSIDE', 'OUTSIDE', 'INSIDE']","[[2.45, 0.27, 2.76], [1.61, 0.46, 1.87], [2.03, 2.94, 2.67], [0.68, 0.2, 1.96], [0.43, 0.38, 1.29], [0.7, 0.26, 0.35], [1.53, 0.36, 0.7], [0.47, 0.24, 0.68], [0.46, 0.44, 1.18], [0.53, 0.21, 1.65], [1.65, 1.46, 1.14], [5.1, 3.89, 1.3]]","[11, 32, 5, 30, 29, 6, 25, 24, 9, 8, 19, 23]",47.3
53,1790252242443045535,307156,97656,13,12,98.0,"[28.7, 34.5, 36.8, 38.0, 40.5, 41.5, 44.5, 49.1, 49.6, 87.8, 91.5, 98.0]","['OUTSIDE', 'OUTSIDE', 'NEAR', 'OUTSIDE', 'OUTSIDE', 'RAIL', 'RAIL', 'OUTSIDE', 'RAIL', 'RAIL', 'INSIDE', 'OUTSIDE']","[[5.74, 0.29, 1.83], [3.48, 0.6, 2.28], [2.52, 0.63, 2.33], [0.45, 0.46, 1.61], [1.46, 0.51, 1.77], [0.37, 0.23, 0.83], [0.61, 0.18, 0.88], [0.29, 0.44, 1.18], [0.97, 0.06, 0.4], [0.33, 0.5, 0.79], [7.92, 4.03, 1.3], [2.3, 1.44, 0.83]]","[11, 30, 5, 8, 29, 7, 24, 9, 3, 19, 23, 27]",47.3
54,1790252242533209557,307165,95385,9,8,88.9,"[34.9, 38.9, 46.3, 48.7, 49.5, 84.1, 87.6, 88.9]","['OUTSIDE', 'OUTSIDE', 'NEAR', 'OUTSIDE', 'RAIL', 'OUTSIDE', 'OUTSIDE', 'INSIDE']","[[3.61, 0.48, 2.04], [1.11, 0.51, 1.39], [2.43, 0.35, 1.33], [0.98, 0.17, 0.35], [0.64, 0.11, 0.28], [3.21, 0.95, 0.95], [1.19, 1.58, 1.36], [5.57, 4.0, 1.39]]","[30, 29, 25, 6, 3, 19, 23, 15]",46.2
55,1790252242621508664,307158,93919,14,12,96.8,"[29.0, 30.6, 31.9, 35.2, 45.0, 46.9, 47.2, 49.4, 85.7, 87.0, 93.7, 96.8]","['OUTSIDE', 'OUTSIDE', 'NEAR', 'NEAR', 'RAIL', 'INSIDE', 'RAIL', 'INSIDE', 'INSIDE', 'RAIL', 'INSIDE', 'OUTSIDE']","[[0.59, 0.17, 0.78], [2.26, 0.53, 1.75], [0.55, 0.38, 1.15], [0.92, 0.17, 0.35], [1.62, 0.2, 0.53], [0.45, 2.15, 0.56], [0.38, 0.49, 0.4], [0.48, 2.3, 0.52], [2.96, 2.84, 0.93], [1.24, 0.51, 0.79], [0.92, 0.98, 0.01], [1.43, 1.15, 0.81]]","[11, 9, 25, 6, 3, 2, 29, 5, 23, 15, 27, 28]",47.2
56,1790252242745782803,307158,94710,10,10,49.2,"[24.8, 31.5, 36.0, 36.6, 38.0, 38.1, 44.9, 46.7, 48.1, 49.2]","['OUTSIDE', 'OUTSIDE', 'OUTSIDE', 'OUTSIDE', 'NEAR', 'NEAR', 'INSIDE', 'OUTSIDE', 'RAIL', 'INSIDE']","[[1.54, 0.46, 2.14], [0.36, 0.2, 1.43], [2.32, 0.53, 1.75], [0.63, 0.49, 1.28], [0.46, 0.28, 1.14], [1.23, 0.23, 0.62], [1.05, 2.21, 0.25], [4.51, 1.61, 2.66], [0.3, 0.08, 0.4], [0.05, 2.86, 0.0]]","[32, 30, 9, 25, 24, 6, 10, 12, 3, 5]",44.6
57,1790252242836955442,307164,96339,11,9,49.3,"[21.2, 36.4, 37.9, 39.9, 41.8, 43.8, 45.2, 46.7, 49.3]","['OUTSIDE', 'OUTSIDE', 'OUTSIDE', 'OUTSIDE', 'NEAR', 'NEAR', 'NEAR', 'RAIL', 'INSIDE']","[[1.6, 0.46, 2.13], [2.54, 0.43, 2.03], [0.44, 0.14, 1.5], [0.5, 0.43, 1.75], [0.86, 0.35, 1.15], [1.3, 0.24, 1.94], [1.46, 0.25, 1.18], [0.61, 0.17, 0.45], [0.29, 2.37, 0.04]]","[32, 8, 30, 4, 24, 6, 9, 7, 10]",35.4
58,1790252242943608340,307170,96523,12,11,93.4,"[22.5, 26.2, 29.9, 40.2, 41.4, 44.0, 45.5, 46.4, 46.4, 49.3, 93.4]","['OUTSIDE', 'OUTSIDE', 'OUTSIDE', 'NEAR', 'NEAR', 'NEAR', 'NEAR', 'INSIDE', 'OUTSIDE', 'RAIL', 'INSIDE']","[[2.58, 0.28, 1.41], [1.4, 0.45, 2.03], [1.25, 0.43, 1.34], [0.59, 0.21, 0.65], [0.86, 0.16, 0.34], [0.85, 0.3, 0.62], [0.59, 0.35, 1.23], [1.18, 1.93, 0.2], [0.95, 0.2, 0.5], [0.73, 0.45, 0.52], [1.17, 2.06, 0.44]]","[11, 8, 4, 7, 6, 9, 24, 10, 2, 29, 27]",29.9
59,1790252243037603723,307164,97148,9,8,46.9,"[23.5, 26.3, 29.8, 36.2, 40.0, 41.5, 42.4, 46.9]","['OUTSIDE', 'INSIDE', 'INSIDE', 'NEAR', 'NEAR', 'RAIL', 'OUTSIDE', 'OUTSIDE']","[[1.31, 0.46, 1.65], [3.89, 2.15, 2.29], [1.0, 0.87, 2.32], [0.77, 0.29, 1.64], [0.73, 0.7, 0.27], [0.81, 0.2, 0.8], [0.53, 0.12, 0.9], [0.72, 0.21, 0.49]]","[8, 24, 7, 4, 10, 3, 11, 2]",49.2
60,1790252243136491513,307160,97404,8,8,86.5,"[29.5, 40.3, 42.6, 44.7, 47.0, 49.5, 83.0, 86.5]","['OUTSIDE', 'OUTSIDE', 'OUTSIDE', 'OUTSIDE', 'NEAR', 'NEAR', 'RAIL', 'INSIDE']","[[3.23, 0.61, 2.04], [0.64, 0.18, 1.06], [2.44, 0.53, 1.55], [0.66, 0.25, 0.33], [1.03, 0.3, 1.18], [0.15, 0.22, 0.27], [1.02, 0.16, 0.34], [9.28, 3.75, 1.53]]","[7, 8, 24, 6, 9, 2, 23, 15]",49.3
61,1790252243236082622,307150,95725,5,5,86.4,"[40.1, 43.2, 44.6, 49.4, 86.4]","['OUTSIDE', 'OUTSIDE', 'OUTSIDE', 'NEAR', 'INSIDE']","[[0.38, 0.4, 1.24], [0.53, 0.22, 1.26], [0.7, 0.25, 0.78], [1.14, 0.27, 0.97], [8.08, 4.41, 1.51]]","[7, 8, 6, 9, 15]",44.9
62,1790252243327665294,307152,94338,14,12,90.8,"[31.0, 31.0, 33.0, 37.0, 39.5, 40.9, 43.9, 47.9, 49.7, 83.0, 84.3, 90.8]","['INSIDE', 'OUTSIDE', 'OUTSIDE', 'OUTSIDE', 'NEAR', 'RAIL', 'NEAR', 'INSIDE', 'INSIDE', 'INSIDE', 'INSIDE', 'INSIDE']","[[8.63, 2.01, 2.79], [1.43, 0.46, 1.95], [2.62, 0.21, 1.86], [2.38, 0.58, 1.37], [0.41, 0.3, 1.62], [0.47, 0.26, 0.65], [0.49, 0.31, 0.54], [0.95, 2.86, 0.62], [0.35, 1.08, 0.03], [1.53, 1.59, 1.47], [4.22, 3.12, 1.3], [6.17, 3.96, 1.28]]","[2, 8, 32, 9, 4, 25, 6, 5, 11, 23, 19, 27]",44.4
63,1790252243422211476,307162,89628,9,8,93.1,"[25.5, 29.7, 39.8, 40.8, 45.5, 46.8, 49.6, 93.1]","['OUTSIDE', 'OUTSIDE', 'NEAR', 'OUTSIDE', 'OUTSIDE', 'RAIL', 'NEAR', 'INSIDE']","[[2.77, 0.3, 2.75], [4.63, 0.43, 2.68], [0.42, 0.3, 1.61], [2.36, 0.58, 1.47], [0.6, 0.19, 0.87], [0.49, 0.17, 0.4], [0.52, 0.31, 0.43], [1.15, 0.97, 0.01]]","[10, 2, 4, 24, 8, 9, 6, 27]",52.8
64,1790252243533547902,307157,90470,9,7,96.5,"[33.0, 39.5, 41.7, 49.5, 82.7, 92.9, 96.5]","['OUTSIDE', 'RAIL', 'NEAR', 'INSIDE', 'OUTSIDE', 'INSIDE', 'OUTSIDE']","[[4.11, 0.56, 1.95], [0.48, 0.18, 0.65], [0.62, 0.3, 0.67], [0.72, 1.38, 0.05], [0.93, 1.47, 1.46], [1.16, 1.13, 0.01], [3.93, 1.47, 0.83]]","[8, 4, 6, 5, 19, 27, 28]",41.7
65,1790252243631054222,307161,94663,11,10,93.4,"[33.2, 37.5, 37.7, 37.8, 40.4, 43.4, 44.2, 49.4, 83.1, 93.4]","['OUTSIDE', 'OUTSIDE', 'NEAR', 'OUTSIDE', 'NEAR', 'INSIDE', 'INSIDE', 'INSIDE', 'RAIL', 'INSIDE']","[[4.38, 0.6, 1.95], [0.43, 0.17, 1.4], [0.76, 0.29, 1.08], [0.46, 0.16, 1.44], [0.62, 0.2, 0.67], [0.96, 0.73, 0.38], [0.91, 1.53, 0.06], [0.38, 2.84, 0.67], [1.19, 0.18, 0.34], [2.2, 2.1, 0.63]]","[8, 30, 7, 4, 6, 32, 5, 12, 23, 27]",35.0
66,1790252243731324945,307153,97949,11,9,92.1,"[37.4, 39.2, 43.8, 46.5, 47.3, 49.3, 49.5, 89.5, 92.1]","['OUTSIDE', 'OUTSIDE', 'NEAR', 'NEAR', 'RAIL', 'RAIL', 'NEAR', 'INSIDE', 'INSIDE']","[[6.69, 0.6, 1.95], [1.43, 0.57, 1.41], [1.53, 0.28, 1.25], [0.48, 0.3, 1.3], [0.73, 0.16, 0.42], [0.86, 0.18, 0.88], [0.92, 0.24, 0.68], [0.28, 1.72, 0.17], [3.4, 2.7, 1.04]]","[8, 24, 4, 6, 29, 25, 32, 15, 27]",54.4
67,1790252243836344831,307159,94677,10,8,92.2,"[32.4, 36.0, 41.2, 46.3, 49.0, 49.5, 82.8, 92.2]","['NEAR', 'OUTSIDE', 'OUTSIDE', 'OUTSIDE', 'NEAR', 'RAIL', 'OUTSIDE', 'INSIDE']","[[5.84, 1.06, 2.48], [7.68, 0.63, 1.96], [0.62, 0.17, 1.51], [1.37, 0.57, 1.53], [0.21, 0.22, 0.85], [0.83, 0.18, 0.88], [1.1, 1.61, 1.47], [2.84, 2.23, 0.44]]","[5, 8, 30, 24, 6, 25, 19, 27]",59.0
68,1790252243928567515,307151,91053,14,11,92.9,"[39.5, 41.8, 43.0, 44.6, 45.7, 46.8, 47.3, 48.8, 49.9, 89.7, 92.9]","['OUTSIDE', 'OUTSIDE', 'OUTSIDE', 'RAIL', 'OUTSIDE', 'NEAR', 'NEAR', 'NEAR', 'NEAR', 'RAIL', 'INSIDE']","[[3.45, 0.58, 1.95], [2.41, 0.62, 2.04], [0.79, 0.51, 1.52], [0.44, 0.24, 0.7], [0.23, 0.46, 1.32], [1.49, 0.32, 0.55], [0.33, 0.26, 0.94], [0.2, 0.35, 1.5], [0.06, 1.17, 0.0], [1.29, 0.16, 0.23], [2.12, 2.55, 0.9]]","[8, 4, 24, 7, 6, 9, 29, 25, 12, 15, 27]",52.3
69,1790252244036246618,307149,92045,12,10,91.7,"[30.6, 37.7, 40.2, 40.8, 46.6, 48.7, 49.8, 82.4, 83.7, 91.7]","['OUTSIDE', 'OUTSIDE', 'OUTSIDE', 'NEAR', 'OUTSIDE', 'NEAR', 'NEAR', 'RAIL', 'INSIDE', 'NEAR']","[[0.03, 0.22, 1.34], [0.32, 0.44, 1.42], [3.88, 0.55, 2.1], [0.42, 0.27, 0.36], [0.36, 0.44, 1.66], [0.25, 0.29, 0.93], [0.33, 0.34, 1.5], [1.08, 0.4, 0.74], [3.56, 4.26, 1.5], [0.7, 1.06, 0.43]]","[2, 32, 8, 4, 6, 29, 25, 23, 19, 27]",40.7
70,1790252244128186384,307149,94397,15,12,95.0,"[28.1, 29.1, 29.5, 33.2, 37.0, 45.5, 46.5, 47.4, 48.4, 49.6, 91.9, 95.0]","['INSIDE', 'OUTSIDE', 'OUTSIDE', 'NEAR', 'OUTSIDE', 'NEAR', 'NEAR', 'OUTSIDE', 'OUTSIDE', 'INSIDE', 'INSIDE', 'OUTSIDE']","[[4.68, 2.01, 2.71], [1.99, 0.48, 1.86], [0.91, 0.51, 1.71], [0.27, 0.32, 0.93], [0.38, 0.4, 1.65], [1.39, 0.32, 0.87], [0.16, 0.28, 1.49], [0.63, 0.25, 1.31], [1.07, 0.37, 0.72], [0.5, 2.07, 0.28], [3.29, 2.02, 0.59], [3.07, 1.24, 0.81]]","[5, 32, 24, 29, 6, 9, 25, 2, 11, 10, 27, 28]",40.5
71,1790252244236950319,307144,96934,21,15,92.0,"[25.4, 27.9, 29.4, 34.1, 35.0, 38.9, 39.4, 41.0, 43.4, 45.2, 46.2, 47.2, 49.4, 49.6, 92.0]","['OUTSIDE', 'INSIDE', 'OUTSIDE', 'NEAR', 'OUTSIDE', 'NEAR', 'RAIL', 'OUTSIDE', 'NEAR', 'NEAR', 'RAIL', 'OUTSIDE', 'INSIDE', 'INSIDE', 'INSIDE']","[[1.21, 0.13, 1.87], [7.21, 2.0, 2.74], [1.37, 0.56, 1.52], [1.65, 0.31, 1.78], [0.82, 0.5, 1.7], [2.25, 0.38, 1.45], [0.55, 0.45, 0.87], [0.61, 0.25, 0.69], [1.43, 0.31, 0.55], [0.44, 0.26, 0.92], [0.37, 0.17, 0.43], [0.39, 0.31, 0.52], [0.49, 1.09, 0.28], [0.07, 2.68, 0.01], [1.84, 1.47, 0.63]]","[10, 5, 4, 8, 24, 7, 6, 25, 9, 29, 32, 11, 2, 30, 27]",36.2
72,1790252244335987781,307158,95055,15,13,96.8,"[27.6, 39.2, 40.2, 41.1, 45.6, 47.3, 47.4, 49.4, 82.2, 85.7, 89.1, 91.7, 96.8]","['OUTSIDE', 'OUTSIDE', 'NEAR', 'OUTSIDE', 'RAIL', 'NEAR', 'RAIL', 'NEAR', 'INSIDE', 'INSIDE', 'RAIL', 'INSIDE', 'OUTSIDE']","[[0.9, 0.45, 1.99], [1.57, 0.58, 1.61], [0.3, 0.3, 1.06], [1.11, 0.53, 1.64], [0.31, 0.17, 0.43], [1.04, 0.31, 0.87], [0.62, 0.24, 0.93], [0.17, 0.41, 0.25], [1.84, 1.44, 1.45], [6.91, 4.54, 1.52], [1.58, 0.16, 0.36], [2.7, 1.85, 0.45], [1.25, 0.91, 0.4]]","[4, 24, 32, 6, 8, 9, 29, 2, 23, 19, 15, 27, 28]",41.7
73,1790252244425051270,307150,94630,6,5,91.3,"[36.5, 41.9, 45.5, 49.4, 91.3]","['OUTSIDE', 'OUTSIDE', 'OUTSIDE', 'OUTSIDE', 'INSIDE']","[[1.51, 0.59, 2.5], [4.48, 0.58, 1.52], [1.65, 0.57, 1.61], [0.96, 0.44, 1.86], [5.28, 3.87, 1.17]]","[5, 4, 24, 6, 27]",38.4
74,1790252244531628018,307146,94417,10,8,92.7,"[29.2, 31.2, 38.5, 41.3, 44.8, 46.6, 49.2, 92.7]","['OUTSIDE', 'OUTSIDE', 'OUTSIDE', 'NEAR', 'OUTSIDE', 'OUTSIDE', 'RAIL', 'INSIDE']","[[1.44, 0.39, 2.36], [1.95, 0.19, 1.53], [3.25, 0.57, 1.5], [1.54, 0.32, 1.86], [2.34, 0.53, 1.69], [0.92, 0.45, 1.86], [0.42, 0.11, 0.32], [2.09, 0.95, 0.02]]","[11, 2, 4, 8, 24, 6, 9, 27]",39.6
75,1790252244626887450,307153,95871,15,9,86.1,"[20.9, 31.0, 34.2, 34.2, 37.6, 41.1, 48.6, 49.5, 86.1]","['OUTSIDE', 'OUTSIDE', 'OUTSIDE', 'RAIL', 'OUTSIDE', 'INSIDE', 'INSIDE', 'INSIDE', 'INSIDE']","[[1.7, 0.19, 1.33], [2.47, 0.6, 2.49], [3.3, 0.62, 1.61], [0.49, 0.11, 0.64], [1.0, 0.45, 1.72], [0.36, 0.43, 0.24], [0.11, 1.0, 0.31], [0.07, 1.43, 0.01], [3.72, 3.53, 1.41]]","[2, 8, 4, 6, 25, 10, 30, 5, 19]",42.3
76,1790252244728134116,307195,97531,9,6,98.4,"[32.6, 39.0, 43.5, 46.7, 49.0, 98.4]","['OUTSIDE', 'NEAR', 'OUTSIDE', 'RAIL', 'RAIL', 'INSIDE']","[[3.39, 0.57, 1.95], [4.91, 0.57, 1.61], [1.45, 0.44, 1.16], [0.3, 0.16, 0.92], [0.63, 0.17, 0.37], [2.12, 1.02, 0.02]]","[32, 7, 25, 29, 5, 28]",40.2
77,1790252244834923184,307167,97849,10,8,97.3,"[37.2, 38.1, 41.5, 43.1, 44.8, 47.1, 91.8, 97.3]","['OUTSIDE', 'OUTSIDE', 'NEAR', 'NEAR', 'INSIDE', 'INSIDE', 'INSIDE', 'INSIDE']","[[8.71, 0.66, 2.05], [2.16, 0.57, 1.81], [0.59, 0.29, 0.94], [0.47, 0.28, 0.08], [2.77, 2.53, 2.45], [0.16, 1.96, 0.01], [0.78, 1.85, 0.25], [0.56, 2.27, 0.4]]","[8, 24, 9, 7, 12, 30, 27, 28]",37.8
78,1790252244933106062,307189,98160,15,13,98.3,"[28.2, 32.5, 35.7, 38.6, 40.1, 41.5, 42.7, 43.0, 44.3, 45.3, 47.0, 92.1, 98.3]","['OUTSIDE', 'OUTSIDE', 'OUTSIDE', 'OUTSIDE', 'NEAR', 'NEAR', 'NEAR', 'NEAR', 'INSIDE', 'INSIDE', 'OUTSIDE', 'INSIDE', 'INSIDE']","[[1.83, 0.54, 1.92], [5.02, 0.59, 2.5], [0.41, 0.46, 2.02], [1.5, 0.52, 1.47], [1.41, 0.33, 1.85], [1.12, 0.15, 0.43], [0.58, 0.28, 0.61], [0.46, 0.26, 0.2], [0.48, 1.87, 0.04], [0.36, 2.62, 0.02], [0.04, 1.36, 0.39], [1.87, 1.5, 0.26], [1.81, 1.07, 0.2]]","[2, 40, 4, 24, 32, 9, 25, 7, 11, 12, 29, 27, 28]",38.2
79,1790252245042343798,307171,98455,14,12,96.1,"[24.6, 34.4, 38.4, 40.9, 44.5, 45.8, 46.9, 49.8, 83.1, 89.4, 91.9, 96.1]","['OUTSIDE', 'OUTSIDE', 'OUTSIDE', 'NEAR', 'NEAR', 'NEAR', 'OUTSIDE', 'OUTSIDE', 'OUTSIDE', 'INSIDE', 'INSIDE', 'INSIDE']","[[5.72, 0.65, 2.48], [2.57, 0.66, 2.01], [2.18, 0.56, 1.8], [1.29, 0.33, 1.93], [0.63, 0.32, 0.94], [0.14, 0.12, 0.91], [0.26, 0.13, 1.18], [0.36, 0.08, 0.88], [1.94, 1.4, 1.25], [1.37, 1.86, 0.77], [2.58, 2.7, 1.03], [2.37, 3.01, 0.68]]","[40, 4, 24, 32, 25, 9, 6, 11, 23, 15, 27, 28]",40.7
80,1790252245152998787,307177,98707,11,9,89.8,"[31.3, 37.6, 40.2, 43.2, 45.4, 49.3, 82.6, 84.9, 89.8]","['OUTSIDE', 'NEAR', 'OUTSIDE', 'NEAR', 'NEAR', 'INSIDE', 'INSIDE', 'INSIDE', 'INSIDE']","[[1.22, 0.45, 1.58], [2.35, 0.33, 1.85], [3.99, 0.57, 1.73], [1.29, 0.38, 1.21], [0.8, 0.22, 0.79], [1.19, 1.61, 0.33], [1.08, 1.59, 1.47], [6.24, 4.48, 1.51], [1.56, 3.15, 0.6]]","[4, 8, 7, 6, 24, 2, 23, 19, 15]",39.4
81,1790252245237464021,307146,98439,14,11,96.9,"[31.2, 36.4, 42.3, 43.9, 45.5, 45.6, 46.5, 47.5, 49.6, 89.5, 96.9]","['OUTSIDE', 'OUTSIDE', 'OUTSIDE', 'RAIL', 'NEAR', 'NEAR', 'NEAR', 'RAIL', 'INSIDE', 'INSIDE', 'INSIDE']","[[10.39, 0.66, 2.51], [1.62, 0.55, 1.75], [0.46, 0.45, 1.89], [0.1, 0.16, 0.31], [0.59, 0.32, 1.41], [0.29, 0.28, 0.81], [0.45, 0.47, 0.8], [0.27, 0.17, 0.9], [1.11, 1.39, 0.34], [4.33, 3.56, 0.88], [1.49, 1.72, 0.2]]","[8, 7, 25, 9, 4, 24, 6, 29, 2, 15, 28]",44.8
82,1790252245349786238,307160,98520,18,14,97.7,"[23.3, 31.1, 31.8, 34.4, 36.4, 39.2, 42.3, 43.8, 45.0, 45.6, 46.3, 46.6, 91.2, 97.7]","['OUTSIDE', 'OUTSIDE', 'OUTSIDE', 'OUTSIDE', 'OUTSIDE', 'NEAR', 'NEAR', 'NEAR', 'RAIL', 'OUTSIDE', 'INSIDE', 'INSIDE', 'INSIDE', 'INSIDE']","[[1.91, 0.56, 1.9], [2.59, 0.47, 2.27], [4.64, 0.62, 1.98], [0.49, 0.22, 1.58], [1.43, 0.53, 1.64], [0.74, 0.29, 1.6], [0.74, 0.3, 1.19], [0.29, 0.27, 1.53], [0.41, 0.18, 0.9], [0.19, 0.17, 0.62], [0.86, 1.72, 0.33], [0.17, 1.3, 0.01], [2.65, 3.25, 1.03], [2.15, 2.49, 0.82]]","[2, 40, 32, 8, 7, 4, 9, 24, 29, 11, 5, 25, 27, 28]",43.7
83,1790252245429081388,307156,96225,9,8,91.8,"[23.2, 37.1, 43.1, 46.0, 47.4, 49.3, 88.5, 91.8]","['OUTSIDE', 'RAIL', 'OUTSIDE', 'NEAR', 'NEAR', 'OUTSIDE', 'INSIDE', 'INSIDE']","[[0.96, 0.47, 1.73], [0.46, 0.21, 0.48], [1.49, 0.54, 1.88], [1.31, 0.45, 0.47], [0.32, 0.24, 1.72], [1.02, 0.2, 1.68], [1.96, 3.07, 1.17], [1.99, 1.61, 1.02]]","[7, 8, 24, 6, 9, 11, 15, 27]",37.4
84,1790252245532591906,307160,95131,15,14,97.5,"[25.2, 26.3, 30.7, 33.6, 36.8, 39.0, 40.9, 43.2, 45.4, 47.3, 49.2, 88.2, 92.4, 97.5]","['OUTSIDE', 'OUTSIDE', 'NEAR', 'RAIL', 'OUTSIDE', 'NEAR', 'NEAR', 'OUTSIDE', 'OUTSIDE', 'NEAR', 'INSIDE', 'INSIDE', 'INSIDE', 'INSIDE']","[[1.52, 0.2, 2.27], [0.57, 0.45, 1.55], [2.53, 0.37, 1.58], [0.61, 0.22, 0.65], [1.4, 0.57, 1.72], [1.68, 0.25, 1.41], [1.52, 0.55, 0.57], [0.95, 0.54, 1.87], [1.28, 0.41, 1.12], [0.05, 0.19, 0.22], [0.8, 0.31, 0.33], [1.64, 3.82, 1.39], [1.16, 0.65, 0.01], [3.02, 1.17, 0.02]]","[40, 32, 4, 8, 7, 9, 6, 24, 11, 10, 5, 15, 27, 28]",34.9
85,1790252245638692704,307162,95187,13,10,94.9,"[36.6, 41.8, 43.0, 44.5, 44.9, 45.2, 47.0, 88.3, 91.1, 94.9]","['OUTSIDE', 'OUTSIDE', 'NEAR', 'RAIL', 'RAIL', 'NEAR', 'RAIL', 'INSIDE', 'INSIDE', 'INSIDE']","[[1.24, 0.59, 1.71], [1.04, 0.45, 1.12], [1.46, 0.26, 1.48], [0.36, 0.11, 0.4], [0.22, 0.15, 0.3], [0.44, 0.23, 0.83], [0.32, 0.15, 0.79], [1.54, 2.27, 1.37], [2.46, 2.21, 0.26], [2.14, 1.17, 0.02]]","[7, 24, 9, 25, 8, 4, 29, 15, 27, 28]",35.2
86,1790252245726777235,307169,98008,9,7,96.1,"[22.4, 30.3, 35.5, 37.4, 41.5, 47.0, 96.1]","['OUTSIDE', 'OUTSIDE', 'OUTSIDE', 'OUTSIDE', 'NEAR', 'OUTSIDE', 'INSIDE']","[[2.6, 0.54, 2.51], [4.23, 0.6, 1.72], [0.46, 0.2, 1.17], [1.1, 0.49, 1.85], [0.79, 0.4, 0.32], [0.28, 0.15, 0.79], [0.81, 2.05, 0.19]]","[8, 4, 40, 24, 5, 10, 28]",38.7
87,1790252245828157171,307171,97829,13,10,91.9,"[22.1, 29.8, 32.8, 37.6, 42.5, 45.0, 46.6, 88.6, 89.8, 91.9]","['OUTSIDE', 'OUTSIDE', 'OUTSIDE', 'OUTSIDE', 'NEAR', 'OUTSIDE', 'INSIDE', 'INSIDE', 'RAIL', 'INSIDE']","[[7.29, 0.69, 2.02], [1.6, 0.24, 2.27], [1.99, 0.54, 2.02], [1.3, 0.5, 1.84], [0.61, 0.27, 1.61], [0.51, 0.16, 1.73], [1.16, 2.78, 0.09], [1.33, 1.19, 0.18], [0.42, 0.18, 0.36], [3.27, 2.76, 0.9]]","[8, 2, 7, 24, 9, 10, 5, 15, 27, 28]",47.4
88,1790252245927547749,307153,96584,12,8,90.2,"[25.2, 29.5, 40.0, 42.9, 46.4, 87.6, 89.6, 90.2]","['OUTSIDE', 'NEAR', 'OUTSIDE', 'RAIL', 'INSIDE', 'INSIDE', 'RAIL', 'INSIDE']","[[0.95, 0.49, 1.83], [0.18, 0.25, 0.46], [0.69, 0.28, 0.85], [0.75, 0.5, 1.15], [0.94, 2.77, 0.07], [1.19, 3.96, 1.37], [0.42, 0.3, 0.23], [1.59, 2.54, 0.62]]","[24, 7, 11, 32, 5, 15, 27, 28]",45.9
89,1790252246033732187,307163,98993,10,4,89.1,"[43.4, 44.6, 45.8, 89.1]","['OUTSIDE', 'NEAR', 'RAIL', 'INSIDE']","[[0.39, 0.5, 1.82], [0.62, 0.15, 1.63], [0.36, 0.19, 1.06], [2.99, 3.94, 1.39]]","[24, 7, 25, 28]",44.7
90,1790252246125645532,307169,98989,9,6,45.5,"[17.5, 21.9, 30.7, 36.5, 43.0, 45.5]","['OUTSIDE', 'OUTSIDE', 'OUTSIDE', 'NEAR', 'RAIL', 'OUTSIDE']","[[2.65, 0.55, 1.96], [8.54, 0.67, 2.31], [0.54, 0.53, 1.71], [1.1, 0.15, 0.58], [0.96, 0.32, 0.08], [0.14, 0.07, 0.95]]","[2, 40, 24, 7, 43, 10]",53.8
91,1790252246235206976,307181,99145,9,5,48.8,"[17.3, 37.4, 43.7, 45.4, 48.8]","['OUTSIDE', 'OUTSIDE', 'NEAR', 'NEAR', 'RAIL']","[[6.44, 0.58, 1.8], [0.3, 0.41, 1.61], [1.32, 0.19, 1.73], [1.14, 0.43, 0.33], [0.85, 0.31, 0.09]]","[8, 24, 7, 6, 43]",60.0
92,1790252246326603704,307173,99079,13,9,87.0,"[17.0, 27.4, 31.1, 36.0, 41.5, 43.6, 45.4, 48.2, 87.0]","['OUTSIDE', 'OUTSIDE', 'OUTSIDE', 'OUTSIDE', 'NEAR', 'INSIDE', 'RAIL', 'INSIDE', 'INSIDE']","[[8.45, 0.65, 2.31], [0.56, 0.16, 1.5], [1.43, 0.59, 2.01], [0.98, 0.36, 1.71], [1.21, 0.27, 1.54], [3.45, 0.96, 2.0], [0.96, 0.33, 0.09], [0.42, 1.53, 0.04], [2.42, 1.86, 0.74]]","[40, 2, 4, 24, 7, 6, 43, 5, 15]",55.4
93,1790252246438872318,307187,96024,12,8,88.1,"[28.5, 36.7, 40.7, 43.7, 45.3, 47.4, 86.4, 88.1]","['OUTSIDE', 'OUTSIDE', 'OUTSIDE', 'NEAR', 'NEAR', 'INSIDE', 'INSIDE', 'INSIDE']","[[4.41, 0.6, 1.76], [2.99, 0.59, 2.08], [0.99, 0.4, 1.71], [0.66, 0.24, 1.74], [2.04, 1.06, 2.19], [0.89, 0.8, 0.32], [1.55, 2.42, 1.52], [4.14, 3.23, 1.4]]","[8, 4, 24, 7, 6, 5, 15, 28]",51.7
94,1790252246526526785,307161,96477,14,11,86.5,"[20.4, 24.6, 28.2, 30.4, 35.5, 40.0, 42.4, 43.4, 45.1, 47.1, 86.5]","['OUTSIDE', 'OUTSIDE', 'OUTSIDE', 'RAIL', 'NEAR', 'OUTSIDE', 'NEAR', 'OUTSIDE', 'NEAR', 'INSIDE', 'INSIDE']","[[6.63, 0.61, 2.28], [2.44, 0.51, 1.74], [3.52, 0.62, 2.41], [0.13, 0.16, 0.55], [0.42, 0.24, 1.64], [1.2, 0.39, 1.77], [2.08, 1.06, 1.99], [0.59, 0.14, 1.75], [0.74, 0.16, 0.49], [0.76, 0.4, 0.3], [0.32, 0.91, 0.57]]","[2, 40, 4, 7, 25, 9, 6, 10, 11, 5, 15]",49.6
95,1790252246619913900,307171,99152,19,12,88.7,"[16.0, 28.0, 30.3, 33.3, 37.2, 43.4, 45.1, 46.3, 47.4, 47.5, 87.0, 88.7]","['OUTSIDE', 'OUTSIDE', 'OUTSIDE', 'NEAR', 'NEAR', 'RAIL', 'OUTSIDE', 'NEAR', 'INSIDE', 'INSIDE', 'RAIL', 'INSIDE']","[[6.83, 0.64, 2.02], [0.35, 0.16, 0.88], [1.8, 0.47, 1.69], [0.67, 0.16, 1.35], [1.3, 0.77, 1.01], [0.95, 0.33, 0.11], [1.46, 0.32, 0.55], [0.62, 0.23, 0.28], [1.04, 0.36, 0.33], [0.77, 2.15, 0.03], [3.17, 0.45, 0.61], [2.06, 2.0, 0.19]]","[8, 40, 9, 25, 6, 43, 24, 2, 5, 7, 28, 27]",47.9
96,1790252246741664949,307191,100483,14,11,94.3,"[15.7, 27.6, 28.4, 30.5, 39.0, 40.2, 43.4, 45.0, 46.2, 46.5, 94.3]","['OUTSIDE', 'OUTSIDE', 'RAIL', 'NEAR', 'RAIL', 'OUTSIDE', 'RAIL', 'OUTSIDE', 'NEAR', 'INSIDE', 'INSIDE']","[[0.81, 0.53, 1.68], [1.81, 0.5, 1.75], [0.36, 0.32, 0.93], [0.55, 0.77, 0.7], [1.42, 0.14, 0.81], [0.39, 0.12, 0.21], [0.91, 0.33, 0.03], [0.59, 0.31, 0.56], [0.58, 0.75, 0.27], [0.84, 1.4, 0.07], [2.98, 3.22, 0.92]]","[4, 25, 8, 6, 24, 9, 43, 2, 5, 11, 45]",27.8
97,1790252246839018180,307169,101197,14,12,92.0,"[15.4, 27.4, 30.2, 34.7, 39.6, 44.2, 46.4, 46.5, 47.2, 85.5, 87.7, 92.0]","['OUTSIDE', 'OUTSIDE', 'OUTSIDE', 'NEAR', 'RAIL', 'OUTSIDE', 'NEAR', 'NEAR', 'INSIDE', 'INSIDE', 'INSIDE', 'INSIDE']","[[8.49, 0.76, 2.81], [2.95, 0.58, 1.69], [1.41, 0.5, 1.75], [1.87, 0.77, 0.78], [0.96, 0.33, 0.12], [1.11, 0.16, 0.31], [0.58, 0.3, 0.29], [0.53, 0.36, 0.28], [0.23, 1.15, 0.01], [2.69, 2.95, 1.17], [3.57, 3.94, 1.39], [2.69, 2.11, 0.64]]","[40, 4, 9, 6, 43, 24, 2, 5, 7, 15, 27, 45]",29.6
98,1790252246933712984,307156,102518,17,14,91.9,"[15.1, 33.9, 39.4, 41.5, 41.5, 42.4, 44.0, 45.8, 46.7, 48.9, 85.1, 87.0, 88.8, 91.9]","['OUTSIDE', 'OUTSIDE', 'OUTSIDE', 'RAIL', 'INSIDE', 'RAIL', 'NEAR', 'OUTSIDE', 'INSIDE', 'INSIDE', 'RAIL', 'INSIDE', 'INSIDE', 'INSIDE']","[[9.43, 0.68, 2.2], [2.0, 0.56, 2.02], [1.87, 0.49, 1.74], [0.4, 0.22, 1.01], [0.48, 0.75, 0.7], [0.9, 0.36, 0.11], [1.62, 0.55, 0.55], [0.34, 0.2, 1.47], [0.33, 1.29, 0.37], [0.64, 0.8, 0.03], [0.66, 0.42, 0.22], [2.57, 1.94, 1.16], [0.83, 0.62, 0.01], [3.27, 2.1, 0.64]]","[40, 4, 9, 25, 6, 43, 44, 8, 24, 7, 28, 15, 27, 45]",29.4
99,1790252247036600568,307170,102252,12,9,91.7,"[14.8, 29.8, 36.2, 42.1, 43.3, 45.8, 48.2, 86.7, 91.7]","['OUTSIDE', 'OUTSIDE', 'OUTSIDE', 'NEAR', 'NEAR', 'RAIL', 'NEAR', 'RAIL', 'INSIDE']","[[1.57, 0.22, 1.71], [8.41, 0.63, 2.24], [1.45, 0.52, 1.75], [1.82, 0.82, 1.68], [1.2, 0.46, 0.45], [0.97, 0.36, 0.14], [0.73, 0.27, 2.01], [1.55, 0.44, 0.78], [6.98, 3.86, 1.41]]","[2, 40, 9, 6, 44, 43, 25, 15, 45]",29.1
100,1790252247140182360,307164,101831,9,8,92.4,"[14.3, 28.7, 40.7, 43.2, 45.5, 48.0, 89.4, 92.4]","['RAIL', 'OUTSIDE', 'NEAR', 'NEAR', 'NEAR', 'RAIL', 'INSIDE', 'INSIDE']","[[0.81, 0.42, 0.1], [1.11, 0.44, 1.74], [1.95, 0.83, 1.77], [1.11, 0.46, 0.44], [0.33, 0.78, 0.75], [0.16, 0.1, 0.28], [0.86, 1.9, 0.42], [0.62, 1.29, 0.25]]","[43, 9, 6, 44, 5, 8, 27, 45]",29.7
101,1790252247235176389,307166,99497,13,12,92.5,"[13.9, 26.3, 26.7, 37.1, 40.6, 42.7, 45.4, 47.8, 84.8, 86.1, 89.0, 92.5]","['OUTSIDE', 'RAIL', 'OUTSIDE', 'NEAR', 'NEAR', 'INSIDE', 'RAIL', 'INSIDE', 'INSIDE', 'RAIL', 'INSIDE', 'INSIDE']","[[5.71, 0.65, 2.0], [1.07, 0.37, 0.1], [0.62, 0.45, 1.61], [2.01, 0.83, 1.76], [1.25, 0.45, 0.64], [0.84, 0.82, 0.3], [0.28, 0.13, 0.34], [0.14, 1.03, 0.22], [1.41, 1.95, 0.92], [0.62, 0.49, 0.77], [0.84, 1.35, 0.17], [3.73, 1.71, 0.27]]","[40, 43, 9, 6, 44, 5, 8, 11, 15, 28, 27, 45]",29.5
102,1790252247329471599,307168,99208,15,13,90.6,"[13.5, 27.4, 40.3, 41.6, 42.8, 45.0, 45.2, 47.3, 48.9, 83.6, 85.0, 85.9, 90.6]","['RAIL', 'OUTSIDE', 'NEAR', 'RAIL', 'NEAR', 'NEAR', 'OUTSIDE', 'NEAR', 'INSIDE', 'OUTSIDE', 'RAIL', 'INSIDE', 'INSIDE']","[[1.38, 0.41, 0.17], [1.71, 0.48, 1.73], [1.51, 0.65, 0.66], [0.23, 0.15, 0.55], [0.95, 0.27, 0.29], [0.63, 0.48, 0.53], [1.56, 0.26, 0.39], [0.57, 0.19, 0.27], [0.13, 2.03, 0.01], [0.62, 1.46, 1.47], [0.43, 0.29, 0.13], [4.77, 3.08, 1.31], [2.93, 3.93, 1.19]]","[43, 9, 6, 8, 44, 47, 25, 5, 24, 28, 15, 27, 45]",27.7
103,1790252247432400150,307176,99611,16,13,89.7,"[13.1, 25.4, 26.3, 27.4, 34.1, 38.5, 40.8, 42.1, 44.8, 47.2, 48.9, 84.8, 89.7]","['RAIL', 'OUTSIDE', 'OUTSIDE', 'OUTSIDE', 'OUTSIDE', 'NEAR', 'NEAR', 'NEAR', 'INSIDE', 'NEAR', 'INSIDE', 'INSIDE', 'INSIDE']","[[1.45, 0.41, 0.17], [6.65, 0.63, 1.93], [1.34, 0.59, 1.62], [1.37, 0.48, 1.48], [1.49, 0.2, 0.49], [1.05, 0.32, 0.33], [0.64, 0.48, 0.53], [0.52, 0.21, 1.16], [1.03, 0.78, 0.27], [0.71, 0.18, 0.27], [0.68, 2.65, 0.06], [4.54, 4.65, 1.51], [4.05, 3.34, 0.79]]","[43, 40, 4, 9, 25, 44, 47, 8, 5, 2, 11, 27, 45]",26.0
104,1790252247529958617,307184,99832,20,15,90.1,"[12.8, 25.1, 27.2, 30.7, 33.8, 39.6, 40.7, 42.4, 44.5, 47.4, 48.6, 49.5, 82.7, 85.2, 90.1]","['RAIL', 'OUTSIDE', 'NEAR', 'OUTSIDE', 'NEAR', 'NEAR', 'NEAR', 'RAIL', 'INSIDE', 'NEAR', 'INSIDE', 'INSIDE', 'RAIL', 'INSIDE', 'INSIDE']","[[1.49, 0.36, 0.13], [2.13, 0.51, 1.72], [0.48, 0.22, 1.15], [1.44, 0.41, 1.69], [0.99, 0.39, 0.42], [0.65, 0.48, 0.53], [0.82, 0.62, 0.87], [0.14, 0.16, 0.52], [1.37, 2.2, 0.39], [1.04, 0.25, 0.54], [0.44, 2.94, 0.3], [0.57, 2.98, 0.04], [1.33, 0.27, 0.33], [3.83, 4.37, 1.51], [3.42, 3.99, 1.17]]","[43, 9, 8, 25, 44, 47, 7, 4, 5, 2, 40, 11, 27, 15, 45]",26.3
105,1790252247648322319,307143,99441,8,7,88.9,"[27.5, 37.8, 39.4, 41.9, 44.4, 47.0, 88.9]","['OUTSIDE', 'NEAR', 'RAIL', 'NEAR', 'OUTSIDE', 'OUTSIDE', 'INSIDE']","[[1.9, 0.63, 1.91], [4.13, 0.77, 2.1], [0.39, 0.15, 0.7], [2.03, 0.45, 0.56], [1.02, 0.29, 0.21], [0.69, 0.3, 0.53], [13.37, 4.66, 1.67]]","[4, 9, 8, 44, 25, 2, 45]",20.7
106,1790252247727577125,307166,96033,10,7,88.7,"[10.6, 39.1, 39.9, 41.4, 44.2, 84.7, 88.7]","['OUTSIDE', 'OUTSIDE', 'NEAR', 'RAIL', 'NEAR', 'INSIDE', 'INSIDE']","[[0.4, 0.08, 0.1], [1.41, 0.41, 1.36], [0.61, 0.21, 1.92], [0.35, 0.17, 0.53], [1.24, 0.16, 0.3], [3.35, 4.6, 1.52], [3.13, 1.91, 0.61]]","[43, 9, 8, 4, 25, 15, 45]",20.5
107,1790252247833157108,307186,96823,14,11,88.2,"[26.9, 30.0, 37.0, 38.8, 41.8, 46.4, 47.5, 49.1, 82.2, 83.2, 88.2]","['INSIDE', 'OUTSIDE', 'RAIL', 'NEAR', 'NEAR', 'NEAR', 'NEAR', 'INSIDE', 'INSIDE', 'INSIDE', 'INSIDE']","[[2.33, 2.57, 2.76], [4.86, 0.64, 2.13], [0.33, 0.16, 0.69], [1.62, 0.64, 0.98], [0.95, 0.38, 0.53], [0.27, 0.45, 0.75], [1.39, 0.79, 0.64], [0.28, 2.19, 0.02], [2.11, 1.59, 1.47], [6.56, 3.83, 1.3], [3.39, 1.9, 0.6]]","[11, 9, 4, 7, 44, 47, 2, 40, 27, 28, 45]",18.9
108,1790252247933083366,307160,100100,16,11,86.9,"[24.5, 30.7, 32.6, 34.0, 38.4, 40.2, 47.0, 48.2, 49.0, 84.3, 86.9]","['OUTSIDE', 'OUTSIDE', 'OUTSIDE', 'NEAR', 'NEAR', 'NEAR', 'OUTSIDE', 'INSIDE', 'INSIDE', 'OUTSIDE', 'INSIDE']","[[13.61, 0.81, 2.52], [2.03, 0.51, 2.02], [0.31, 0.2, 1.77], [0.43, 0.38, 0.42], [0.94, 0.47, 0.76], [0.4, 0.48, 0.54], [0.47, 0.49, 0.29], [0.51, 1.71, 0.29], [0.21, 2.39, 0.01], [1.38, 1.59, 1.5], [11.42, 3.45, 0.85]]","[11, 8, 4, 44, 47, 7, 49, 40, 5, 15, 45]",25.9
109,1790252248033863532,307166,99901,13,12,87.8,"[32.4, 36.4, 38.0, 38.0, 45.8, 46.8, 47.8, 49.0, 81.7, 83.9, 84.4, 87.8]","['OUTSIDE', 'RAIL', 'NEAR', 'NEAR', 'NEAR', 'NEAR', 'NEAR', 'OUTSIDE', 'INSIDE', 'OUTSIDE', 'INSIDE', 'INSIDE']","[[1.48, 0.62, 2.09], [0.21, 0.19, 0.83], [0.52, 0.28, 0.52], [0.48, 0.37, 0.42], [0.49, 0.46, 0.76], [0.54, 0.53, 0.77], [0.73, 0.15, 0.68], [0.67, 0.48, 0.3], [1.63, 2.13, 0.52], [1.23, 1.2, 1.3], [1.3, 1.01, 0.35], [3.62, 2.72, 1.54]]","[4, 8, 6, 44, 47, 7, 9, 49, 27, 15, 28, 45]",19.1
110,1790252248128702870,307164,100557,13,11,100.2,"[27.0, 33.6, 37.7, 38.5, 40.1, 44.3, 47.8, 48.9, 83.8, 88.3, 100.2]","['OUTSIDE', 'OUTSIDE', 'NEAR', 'NEAR', 'NEAR', 'NEAR', 'NEAR', 'OUTSIDE', 'OUTSIDE', 'INSIDE', 'INSIDE']","[[6.32, 0.69, 2.2], [1.31, 0.51, 1.58], [0.5, 0.2, 1.49], [0.69, 0.19, 0.2], [0.51, 0.35, 0.65], [0.8, 0.66, 1.3], [0.81, 0.16, 0.75], [1.24, 0.48, 0.79], [1.75, 1.58, 1.48], [4.87, 4.06, 1.54], [1.45, 1.22, 0.01]]","[49, 8, 9, 25, 47, 7, 4, 2, 15, 45, 50]",18.1
111,1790252248238012654,307184,96378,15,13,100.0,"[22.4, 27.3, 37.1, 38.9, 42.1, 42.7, 44.9, 45.8, 46.9, 47.9, 83.5, 89.6, 100.0]","['OUTSIDE', 'OUTSIDE', 'NEAR', 'NEAR', 'NEAR', 'NEAR', 'NEAR', 'INSIDE', 'OUTSIDE', 'INSIDE', 'INSIDE', 'INSIDE', 'INSIDE']","[[3.28, 0.48, 1.99], [2.18, 0.33, 1.55], [1.19, 0.37, 0.52], [0.17, 0.28, 0.4], [0.67, 0.31, 0.31], [0.41, 0.45, 0.52], [0.58, 0.46, 0.76], [0.78, 1.71, 0.09], [0.63, 0.58, 0.52], [0.42, 1.94, 0.02], [7.46, 4.53, 1.64], [2.15, 3.18, 0.59], [1.38, 1.97, 0.42]]","[4, 8, 25, 6, 44, 47, 7, 5, 2, 9, 15, 45, 50]",19.8
112,1790252248330610543,307177,95987,11,8,96.0,"[23.1, 35.3, 37.1, 40.8, 42.2, 47.7, 87.3, 96.0]","['OUTSIDE', 'NEAR', 'RAIL', 'NEAR', 'INSIDE', 'INSIDE', 'INSIDE', 'INSIDE']","[[1.84, 0.61, 1.77], [2.02, 0.53, 0.77], [0.32, 0.19, 0.73], [1.21, 0.75, 2.44], [0.11, 0.66, 0.2], [0.69, 2.2, 0.03], [2.89, 3.09, 0.95], [1.36, 1.59, 0.26]]","[49, 7, 4, 8, 5, 25, 45, 50]",18.8
113,1790252248436261526,307166,100065,16,12,87.4,"[22.2, 24.6, 36.6, 38.4, 43.4, 44.9, 46.5, 47.5, 81.3, 82.9, 85.4, 87.4]","['OUTSIDE', 'RAIL', 'NEAR', 'NEAR', 'NEAR', 'NEAR', 'INSIDE', 'NEAR', 'OUTSIDE', 'INSIDE', 'INSIDE', 'INSIDE']","[[2.86, 0.49, 1.95], [0.21, 0.17, 0.8], [0.62, 0.19, 0.19], [1.44, 0.32, 0.61], [0.37, 0.44, 0.52], [0.67, 0.51, 0.76], [1.17, 1.22, 0.28], [0.79, 0.24, 0.92], [1.74, 1.3, 1.25], [4.29, 4.24, 1.62], [1.75, 3.23, 1.51], [2.57, 2.58, 0.78]]","[4, 49, 6, 44, 47, 7, 5, 2, 15, 27, 28, 45]",20.2
114,1790252248529397102,307174,99638,18,11,95.1,"[23.9, 24.7, 36.0, 38.2, 40.9, 41.1, 44.6, 47.0, 49.4, 86.7, 95.1]","['OUTSIDE', 'NEAR', 'OUTSIDE', 'OUTSIDE', 'NEAR', 'NEAR', 'OUTSIDE', 'INSIDE', 'OUTSIDE', 'INSIDE', 'INSIDE']","[[2.68, 0.52, 1.95], [1.39, 0.83, 0.77], [1.39, 0.2, 0.42], [0.98, 0.3, 0.43], [0.35, 0.44, 0.53], [0.7, 0.48, 0.54], [0.47, 0.15, 1.2], [0.23, 1.59, 0.43], [0.77, 0.47, 0.65], [4.54, 4.09, 1.54], [1.39, 0.83, 0.01]]","[4, 8, 6, 44, 7, 47, 49, 2, 5, 45, 50]",19.3
115,1790252248631249490,307174,99881,16,10,88.7,"[23.6, 35.9, 38.6, 40.4, 41.3, 44.6, 46.0, 47.0, 81.3, 88.7]","['OUTSIDE', 'OUTSIDE', 'OUTSIDE', 'NEAR', 'OUTSIDE', 'NEAR', 'INSIDE', 'INSIDE', 'INSIDE', 'INSIDE']","[[1.47, 0.47, 1.96], [0.39, 0.2, 1.5], [1.83, 0.33, 1.33], [1.0, 0.24, 0.3], [0.54, 0.35, 0.62], [0.84, 0.43, 0.76], [0.4, 0.52, 0.39], [0.58, 0.85, 0.03], [4.58, 4.55, 1.54], [8.18, 4.41, 1.55]]","[4, 49, 6, 44, 7, 47, 2, 25, 27, 45]",18.8
116,1790252248755428270,307170,95595,18,11,94.5,"[22.7, 23.6, 34.0, 35.6, 38.2, 44.5, 46.9, 49.4, 87.4, 87.7, 94.5]","['OUTSIDE', 'OUTSIDE', 'OUTSIDE', 'OUTSIDE', 'NEAR', 'OUTSIDE', 'NEAR', 'OUTSIDE', 'RAIL', 'INSIDE', 'INSIDE']","[[1.69, 0.63, 1.98], [5.66, 0.61, 2.24], [2.95, 0.4, 0.63], [0.6, 0.5, 0.75], [0.97, 0.54, 0.57], [0.32, 0.17, 0.68], [1.01, 0.91, 0.68], [1.36, 0.07, 0.45], [3.16, 0.54, 0.79], [7.47, 3.85, 0.94], [1.65, 1.94, 0.45]]","[40, 4, 44, 47, 7, 49, 2, 5, 45, 28, 50]",21.9
117,1790252248837376475,307161,96423,11,7,94.2,"[32.1, 38.0, 39.5, 43.0, 45.4, 47.2, 94.2]","['OUTSIDE', 'OUTSIDE', 'OUTSIDE', 'OUTSIDE', 'NEAR', 'NEAR', 'INSIDE']","[[6.2, 0.68, 2.03], [5.76, 0.57, 2.51], [2.31, 0.23, 0.32], [1.41, 0.41, 0.74], [0.71, 0.44, 0.53], [0.35, 0.66, 0.37], [2.03, 2.01, 0.92]]","[11, 4, 44, 47, 7, 6, 50]",21.7
118,1790252248943031988,307158,99644,20,11,90.2,"[31.3, 37.9, 39.5, 44.7, 45.8, 46.1, 47.4, 47.4, 85.7, 87.0, 90.2]","['OUTSIDE', 'OUTSIDE', 'OUTSIDE', 'OUTSIDE', 'OUTSIDE', 'OUTSIDE', 'RAIL', 'INSIDE', 'OUTSIDE', 'INSIDE', 'INSIDE']","[[11.66, 0.68, 2.52], [0.91, 0.15, 1.58], [1.87, 0.21, 0.94], [1.5, 0.34, 0.54], [0.51, 0.42, 0.74], [0.39, 0.44, 0.54], [1.17, 0.16, 0.83], [0.86, 0.79, 0.04], [1.8, 0.76, 0.94], [3.99, 3.4, 1.2], [1.47, 1.94, 0.42]]","[11, 4, 6, 47, 7, 48, 44, 25, 28, 45, 50]",23.4
119,1790252249043384604,307188,100552,18,12,90.1,"[27.1, 33.7, 36.8, 39.5, 42.9, 45.4, 45.4, 46.5, 47.7, 84.6, 85.6, 90.1]","['NEAR', 'NEAR', 'OUTSIDE', 'OUTSIDE', 'OUTSIDE', 'OUTSIDE', 'OUTSIDE', 'RAIL', 'INSIDE', 'INSIDE', 'RAIL', 'INSIDE']","[[3.56, 1.05, 2.53], [1.56, 0.29, 1.97], [1.01, 0.26, 0.51], [2.5, 0.3, 0.52], [2.34, 0.68, 1.7], [1.52, 0.48, 1.12], [0.99, 0.46, 0.53], [0.14, 0.19, 0.39], [0.84, 1.1, 0.04], [5.07, 3.87, 0.95], [2.06, 0.54, 0.94], [2.56, 4.24, 1.19]]","[4, 40, 6, 47, 48, 7, 5, 44, 25, 28, 51, 50]",22.3
120,1790252249126942239,307182,101781,14,7,47.3,"[27.2, 32.6, 42.0, 43.6, 45.0, 46.1, 47.3]","['INSIDE', 'NEAR', 'OUTSIDE', 'OUTSIDE', 'OUTSIDE', 'OUTSIDE', 'OUTSIDE']","[[1.6, 2.36, 2.75], [0.64, 0.47, 0.64], [0.77, 0.63, 1.6], [1.44, 0.31, 0.52], [0.69, 0.42, 0.6], [0.47, 0.5, 0.75], [0.87, 0.46, 0.53]]","[40, 47, 48, 7, 44, 25, 5]",22.1
121,1790252249233887648,307176,101921,11,9,88.8,"[32.6, 36.7, 37.4, 42.3, 43.4, 45.9, 46.4, 47.7, 88.8]","['OUTSIDE', 'OUTSIDE', 'RAIL', 'OUTSIDE', 'OUTSIDE', 'OUTSIDE', 'RAIL', 'INSIDE', 'RAIL']","[[2.41, 0.67, 1.99], [5.01, 0.53, 1.84], [0.75, 0.32, 1.05], [0.94, 0.16, 0.4], [1.45, 0.61, 1.64], [0.36, 0.25, 0.58], [0.58, 0.22, 0.56], [0.93, 0.95, 0.05], [1.86, 0.41, 0.57]]","[40, 4, 48, 47, 25, 7, 49, 44, 45]",22.5
122,1790252249334405396,307192,98697,21,12,91.7,"[27.3, 32.2, 34.3, 35.6, 40.7, 42.5, 44.7, 46.5, 48.5, 84.8, 87.3, 91.7]","['OUTSIDE', 'OUTSIDE', 'OUTSIDE', 'OUTSIDE', 'OUTSIDE', 'OUTSIDE', 'OUTSIDE', 'NEAR', 'RAIL', 'INSIDE', 'INSIDE', 'INSIDE']","[[6.52, 0.73, 2.06], [2.48, 0.61, 1.98], [1.49, 0.58, 1.82], [0.66, 0.25, 1.43], [2.46, 0.76, 1.89], [1.93, 0.34, 0.49], [1.58, 0.34, 0.42], [0.67, 0.39, 0.53], [0.48, 0.4, 0.85], [0.71, 2.63, 0.74], [3.93, 4.5, 1.55], [0.3, 1.92, 0.18]]","[5, 40, 4, 11, 25, 47, 7, 8, 44, 28, 45, 50]",21.4
123,1790252249433369768,307170,98451,16,9,92.3,"[35.8, 37.1, 37.9, 42.6, 45.4, 47.1, 47.5, 86.8, 92.3]","['OUTSIDE', 'OUTSIDE', 'OUTSIDE', 'OUTSIDE', 'NEAR', 'INSIDE', 'RAIL', 'INSIDE', 'INSIDE']","[[6.53, 0.52, 2.03], [4.47, 0.53, 1.22], [3.93, 0.81, 1.94], [0.55, 0.34, 0.42], [0.47, 0.86, 0.66], [0.6, 2.24, 0.04], [0.36, 0.17, 0.3], [9.87, 4.58, 1.69], [1.33, 1.51, 0.18]]","[4, 47, 48, 7, 49, 6, 44, 45, 50]",21.2
124,1790252249528999894,307174,101659,20,12,91.8,"[27.3, 34.9, 34.9, 37.1, 40.5, 41.9, 43.8, 45.4, 47.1, 86.1, 88.8, 91.8]","['OUTSIDE', 'OUTSIDE', 'OUTSIDE', 'OUTSIDE', 'OUTSIDE', 'OUTSIDE', 'NEAR', 'INSIDE', 'INSIDE', 'OUTSIDE', 'OUTSIDE', 'INSIDE']","[[2.34, 0.52, 2.02], [2.09, 0.37, 1.28], [3.93, 0.86, 1.93], [1.84, 0.51, 1.51], [0.65, 0.17, 0.39], [0.7, 0.34, 0.43], [0.65, 0.51, 0.74], [0.03, 2.81, 0.01], [1.22, 0.71, 0.07], [1.29, 0.99, 1.12], [1.18, 0.86, 0.86], [3.41, 2.99, 1.21]]","[11, 4, 48, 47, 8, 7, 5, 6, 49, 28, 45, 50]",21.3
125,1790252249630568677,307181,102399,18,12,90.7,"[19.6, 24.8, 32.5, 36.4, 36.6, 37.1, 40.1, 41.4, 43.5, 45.3, 47.8, 90.7]","['OUTSIDE', 'OUTSIDE', 'OUTSIDE', 'OUTSIDE', 'OUTSIDE', 'NEAR', 'INSIDE', 'OUTSIDE', 'NEAR', 'INSIDE', 'INSIDE', 'INSIDE']","[[5.53, 0.67, 2.07], [1.99, 0.43, 1.27], [2.64, 0.7, 1.84], [1.83, 0.43, 1.01], [1.32, 0.71, 1.36], [1.27, 0.44, 0.7], [0.27, 0.29, 0.18], [0.56, 0.42, 0.48], [0.56, 0.71, 0.63], [1.14, 0.98, 0.07], [0.76, 1.54, 0.04], [1.95, 2.2, 0.2]]","[40, 4, 7, 47, 48, 8, 2, 5, 11, 49, 6, 50]",22.6
126,1790252249730564956,307193,102653,18,11,134.8,"[27.1, 31.6, 34.4, 39.6, 44.4, 45.6, 47.7, 47.8, 87.7, 92.0, 134.8]","['NEAR', 'OUTSIDE', 'OUTSIDE', 'RAIL', 'RAIL', 'NEAR', 'INSIDE', 'RAIL', 'INSIDE', 'OUTSIDE', 'RAIL']","[[5.36, 0.97, 2.45], [1.22, 0.32, 0.58], [6.83, 0.8, 2.0], [0.43, 0.19, 0.9], [0.24, 0.17, 0.62], [1.28, 0.25, 0.8], [1.25, 1.26, 0.06], [0.48, 0.2, 0.33], [2.7, 4.48, 1.57], [3.74, 1.73, 1.2], [0.35, 1.01, 0.2]]","[40, 8, 7, 4, 48, 5, 55, 44, 45, 50, 54]",20.5
127,1790252249829224323,307191,102248,15,10,134.4,"[27.3, 35.1, 41.0, 44.4, 46.1, 48.4, 82.2, 87.9, 91.6, 134.4]","['OUTSIDE', 'OUTSIDE', 'RAIL', 'RAIL', 'NEAR', 'INSIDE', 'INSIDE', 'INSIDE', 'OUTSIDE', 'RAIL']","[[4.52, 0.58, 1.39], [2.09, 0.51, 1.16], [0.31, 0.36, 1.06], [0.65, 0.46, 0.7], [0.87, 0.19, 0.54], [1.02, 0.79, 0.05], [7.15, 4.83, 1.77], [3.12, 4.3, 1.57], [0.56, 0.92, 0.88], [0.22, 1.01, 0.2]]","[40, 8, 44, 55, 5, 25, 51, 45, 50, 54]",28.0
128,1790252249934201285,307193,91554,12,8,134.0,"[24.8, 30.7, 32.9, 40.6, 42.1, 45.9, 47.7, 134.0]","['OUTSIDE', 'OUTSIDE', 'RAIL', 'OUTSIDE', 'OUTSIDE', 'INSIDE', 'INSIDE', 'RAIL']","[[3.92, 0.69, 1.91], [0.42, 0.46, 0.53], [0.3, 0.22, 1.01], [0.74, 0.33, 0.49], [0.42, 0.5, 0.57], [0.98, 0.79, 0.05], [1.43, 0.99, 0.09], [0.23, 1.01, 0.2]]","[8, 48, 4, 5, 40, 25, 49, 54]",25.5
129,1790252250030789146,307187,96302,14,9,133.6,"[40.5, 42.0, 43.3, 44.5, 45.9, 46.6, 48.8, 86.2, 133.6]","['OUTSIDE', 'RAIL', 'OUTSIDE', 'OUTSIDE', 'RAIL', 'INSIDE', 'INSIDE', 'INSIDE', 'RAIL']","[[5.39, 0.76, 1.9], [0.48, 0.3, 0.78], [2.32, 0.88, 1.96], [0.48, 0.53, 1.35], [0.57, 0.38, 0.68], [0.62, 0.96, 0.03], [1.73, 1.25, 0.1], [3.54, 4.5, 1.55], [0.28, 1.01, 0.2]]","[8, 7, 56, 48, 55, 25, 49, 28, 54]",24.1
130,1790252250128199304,307165,102053,14,9,133.1,"[40.8, 43.1, 44.2, 46.0, 47.5, 49.4, 88.5, 91.9, 133.1]","['OUTSIDE', 'OUTSIDE', 'RAIL', 'RAIL', 'INSIDE', 'INSIDE', 'OUTSIDE', 'NEAR', 'RAIL']","[[1.58, 0.77, 1.91], [1.2, 0.87, 1.97], [0.5, 0.35, 0.69], [0.29, 0.38, 1.03], [1.16, 1.27, 0.06], [1.37, 0.98, 0.08], [1.0, 0.81, 0.98], [3.75, 1.39, 0.45], [0.34, 1.0, 0.58]]","[48, 56, 55, 49, 25, 8, 45, 50, 54]",27.1
131,1790252250226527965,307167,104553,16,12,132.6,"[32.6, 38.4, 40.8, 41.4, 43.4, 43.7, 46.0, 47.8, 49.2, 87.9, 92.2, 132.6]","['OUTSIDE', 'RAIL', 'OUTSIDE', 'OUTSIDE', 'OUTSIDE', 'OUTSIDE', 'RAIL', 'INSIDE', 'INSIDE', 'OUTSIDE', 'INSIDE', 'RAIL']","[[4.84, 0.6, 1.59], [0.36, 0.2, 0.29], [3.01, 0.27, 0.75], [4.65, 0.78, 1.74], [1.32, 0.77, 1.11], [0.36, 0.45, 0.54], [0.43, 0.18, 0.56], [0.95, 1.11, 0.05], [1.52, 1.4, 0.09], [1.11, 1.16, 1.14], [2.04, 3.02, 0.81], [0.32, 1.0, 0.58]]","[40, 47, 11, 7, 56, 48, 25, 59, 8, 45, 50, 54]",26.9
132,1790252250324603466,307169,106661,17,12,132.2,"[25.0, 38.0, 39.2, 40.4, 42.6, 45.6, 47.1, 47.6, 48.8, 49.3, 91.6, 132.2]","['OUTSIDE', 'OUTSIDE', 'RAIL', 'OUTSIDE', 'OUTSIDE', 'RAIL', 'NEAR', 'RAIL', 'INSIDE', 'INSIDE', 'INSIDE', 'RAIL']","[[1.23, 0.43, 0.97], [4.56, 0.77, 1.99], [0.5, 0.18, 0.64], [1.38, 0.76, 1.1], [0.32, 0.44, 0.54], [0.38, 0.28, 1.03], [0.91, 0.34, 0.93], [1.07, 0.1, 0.06], [0.95, 1.1, 0.05], [1.44, 1.39, 0.09], [2.0, 1.44, 0.19], [0.22, 1.0, 0.2]]","[11, 25, 56, 48, 59, 7, 5, 47, 55, 8, 50, 54]",28.5
133,1790252250434794325,307175,107346,13,9,131.7,"[33.1, 36.4, 41.1, 46.0, 49.3, 81.2, 82.6, 88.8, 131.7]","['OUTSIDE', 'INSIDE', 'INSIDE', 'INSIDE', 'INSIDE', 'RAIL', 'INSIDE', 'INSIDE', 'RAIL']","[[1.44, 0.93, 1.96], [1.92, 1.15, 0.69], [1.28, 1.02, 0.09], [0.89, 1.11, 0.05], [0.94, 1.13, 0.06], [4.05, 0.65, 1.14], [7.38, 4.64, 1.56], [7.33, 4.14, 1.36], [0.33, 0.99, 0.57]]","[48, 40, 6, 55, 8, 51, 28, 45, 54]",33.8
134,1790252250533219082,307167,103308,10,8,131.3,"[33.2, 36.4, 40.9, 43.3, 48.9, 84.2, 88.6, 131.3]","['OUTSIDE', 'RAIL', 'INSIDE', 'INSIDE', 'INSIDE', 'RAIL', 'INSIDE', 'RAIL']","[[11.57, 0.89, 2.08], [1.41, 0.32, 1.08], [0.77, 0.6, 0.34], [1.68, 1.14, 0.12], [1.38, 1.41, 0.08], [1.69, 0.44, 0.7], [1.69, 1.71, 1.56], [0.32, 0.98, 0.57]]","[25, 56, 40, 6, 8, 51, 61, 54]",29.0
135,1790252250632514991,307134,92042,14,10,130.8,"[32.9, 35.7, 36.7, 40.5, 41.7, 48.6, 48.8, 86.6, 88.2, 130.8]","['OUTSIDE', 'OUTSIDE', 'RAIL', 'RAIL', 'INSIDE', 'INSIDE', 'INSIDE', 'OUTSIDE', 'RAIL', 'RAIL']","[[2.54, 0.47, 1.24], [2.56, 0.89, 1.95], [0.33, 0.21, 0.54], [0.27, 0.15, 0.82], [0.79, 0.93, 0.88], [2.17, 1.24, 0.15], [1.37, 1.39, 0.08], [3.3, 1.97, 1.32], [1.05, 0.18, 0.36], [0.39, 0.98, 0.57]]","[47, 56, 48, 49, 40, 6, 8, 45, 61, 54]",27.1
136,1790252250732626221,307150,96569,15,12,130.3,"[36.7, 36.9, 41.0, 42.7, 46.0, 46.3, 47.6, 49.3, 85.7, 88.2, 91.3, 130.3]","['OUTSIDE', 'OUTSIDE', 'OUTSIDE', 'NEAR', 'RAIL', 'INSIDE', 'INSIDE', 'INSIDE', 'OUTSIDE', 'INSIDE', 'INSIDE', 'RAIL']","[[1.13, 0.27, 0.51], [1.65, 0.77, 1.69], [0.34, 0.27, 0.53], [0.42, 0.39, 0.44], [1.29, 0.44, 1.0], [1.87, 1.5, 0.13], [1.4, 1.43, 0.07], [1.54, 1.15, 0.09], [3.19, 1.32, 1.52], [1.99, 1.02, 1.16], [4.63, 3.4, 1.39], [0.31, 0.97, 0.57]]","[47, 59, 7, 56, 49, 6, 55, 8, 45, 61, 50, 54]",24.6
137,1790252250830702275,307158,103603,14,11,129.7,"[37.1, 41.1, 43.0, 45.9, 46.5, 46.9, 47.9, 48.8, 49.2, 90.1, 129.7]","['RAIL', 'RAIL', 'OUTSIDE', 'OUTSIDE', 'OUTSIDE', 'RAIL', 'INSIDE', 'INSIDE', 'INSIDE', 'INSIDE', 'RAIL']","[[0.64, 0.16, 0.26], [0.56, 0.16, 0.42], [1.15, 0.82, 1.94], [1.33, 0.5, 0.84], [0.54, 0.78, 1.91], [0.39, 0.38, 0.64], [0.96, 0.52, 0.07], [1.43, 1.27, 0.07], [1.54, 1.41, 0.09], [3.69, 3.23, 1.38], [0.45, 0.97, 0.56]]","[25, 59, 48, 7, 56, 55, 6, 49, 8, 50, 54]",26.3
138,1790252250933836562,307138,105435,17,15,129.3,"[25.4, 29.5, 35.2, 36.1, 40.7, 42.3, 45.2, 47.4, 48.3, 48.7, 49.2, 49.4, 88.7, 91.7, 129.3]","['RAIL', 'OUTSIDE', 'RAIL', 'OUTSIDE', 'RAIL', 'RAIL', 'NEAR', 'NEAR', 'RAIL', 'INSIDE', 'INSIDE', 'INSIDE', 'INSIDE', 'INSIDE', 'RAIL']","[[0.25, 0.31, 0.93], [0.78, 0.78, 1.88], [0.36, 0.18, 0.54], [1.14, 0.71, 1.32], [0.59, 0.35, 0.86], [0.26, 0.18, 0.43], [0.56, 0.2, 0.86], [0.54, 0.26, 0.49], [1.24, 0.12, 0.16], [1.84, 0.75, 0.13], [1.25, 1.25, 0.06], [1.05, 1.26, 0.06], [1.71, 2.22, 0.34], [2.48, 3.04, 1.21], [0.22, 0.96, 0.56]]","[25, 56, 48, 59, 55, 49, 5, 40, 47, 6, 7, 8, 50, 58, 54]",25.5
139,1790252251029740868,307140,92681,15,14,128.9,"[21.2, 35.1, 36.6, 41.2, 46.0, 48.1, 48.8, 49.2, 78.4, 88.0, 89.1, 94.5, 96.3, 128.9]","['OUTSIDE', 'OUTSIDE', 'OUTSIDE', 'RAIL', 'RAIL', 'INSIDE', 'INSIDE', 'INSIDE', 'INSIDE', 'INSIDE', 'INSIDE', 'INSIDE', 'RAIL', 'RAIL']","[[1.49, 0.88, 1.97], [0.37, 0.46, 0.54], [0.12, 0.26, 0.36], [0.44, 0.2, 0.23], [0.72, 0.46, 0.64], [1.6, 1.63, 0.11], [0.88, 1.11, 0.05], [1.02, 1.28, 0.06], [3.39, 1.74, 1.72], [0.86, 1.1, 0.2], [8.97, 4.42, 1.71], [1.85, 1.97, 0.19], [1.28, 0.54, 0.62], [0.29, 0.74, 0.56]]","[59, 56, 5, 47, 55, 6, 7, 8, 28, 50, 61, 52, 58, 54]",22.7
140,1790252251131852432,307169,94248,15,11,128.3,"[33.1, 35.0, 36.0, 36.9, 41.4, 46.1, 49.3, 49.5, 94.8, 96.7, 128.3]","['RAIL', 'OUTSIDE', 'OUTSIDE', 'RAIL', 'INSIDE', 'INSIDE', 'INSIDE', 'INSIDE', 'RAIL', 'INSIDE', 'OUTSIDE']","[[0.39, 0.17, 0.79], [0.92, 0.43, 1.05], [0.83, 0.78, 1.95], [0.4, 0.3, 0.77], [1.55, 1.64, 0.11], [0.87, 1.13, 0.05], [1.66, 1.43, 0.36], [1.71, 1.69, 0.13], [1.55, 0.32, 0.41], [3.25, 2.19, 0.22], [0.11, 0.91, 0.83]]","[47, 6, 59, 55, 11, 7, 8, 40, 58, 52, 54]",26.1
141,1790252251232462327,307163,99614,15,13,127.8,"[32.4, 36.5, 40.9, 41.9, 45.3, 47.6, 48.9, 48.9, 85.1, 88.4, 91.1, 93.0, 127.8]","['OUTSIDE', 'OUTSIDE', 'RAIL', 'RAIL', 'INSIDE', 'INSIDE', 'INSIDE', 'INSIDE', 'RAIL', 'INSIDE', 'OUTSIDE', 'INSIDE', 'RAIL']","[[0.83, 0.77, 1.89], [0.89, 0.86, 1.86], [0.45, 0.44, 1.07], [0.59, 0.38, 1.0], [1.56, 1.15, 0.11], [1.13, 1.41, 0.06], [1.63, 1.41, 0.35], [2.6, 1.97, 0.2], [1.43, 0.75, 1.16], [3.33, 3.19, 1.35], [1.02, 1.12, 0.6], [1.32, 2.1, 0.19], [0.38, 0.66, 0.56]]","[56, 59, 55, 8, 11, 7, 25, 40, 61, 50, 58, 52, 54]",26.4
142,1790252251327470082,307157,99072,17,14,127.3,"[22.8, 32.2, 34.8, 36.3, 40.8, 45.3, 46.4, 47.4, 48.8, 84.5, 87.2, 89.8, 99.8, 127.3]","['OUTSIDE', 'RAIL', 'OUTSIDE', 'OUTSIDE', 'RAIL', 'INSIDE', 'INSIDE', 'INSIDE', 'INSIDE', 'NEAR', 'INSIDE', 'INSIDE', 'INSIDE', 'RAIL']","[[1.35, 0.91, 1.75], [0.54, 0.23, 0.52], [2.1, 0.87, 1.95], [0.52, 0.24, 0.97], [0.4, 0.16, 0.51], [2.06, 1.61, 0.14], [1.29, 1.41, 0.07], [1.37, 1.4, 0.37], [2.0, 0.65, 0.16], [0.77, 0.73, 0.94], [2.1, 2.12, 0.37], [2.49, 4.34, 1.23], [0.55, 2.4, 0.96], [0.36, 0.66, 0.55]]","[6, 56, 59, 5, 49, 11, 7, 25, 40, 61, 50, 58, 57, 54]",21.5
143,1790252251424478019,307161,99497,13,11,126.7,"[26.3, 37.2, 41.6, 46.2, 48.2, 49.3, 86.8, 90.1, 90.8, 94.2, 126.7]","['OUTSIDE', 'NEAR', 'INSIDE', 'INSIDE', 'INSIDE', 'INSIDE', 'INSIDE', 'OUTSIDE', 'INSIDE', 'OUTSIDE', 'RAIL']","[[3.16, 0.77, 1.92], [0.46, 0.39, 0.44], [0.31, 2.87, 0.22], [1.15, 1.41, 0.08], [0.92, 1.12, 0.05], [0.94, 1.01, 0.06], [0.99, 1.51, 0.2], [0.54, 0.98, 0.78], [2.14, 1.09, 0.37], [1.17, 0.97, 1.05], [0.08, 0.65, 0.36]]","[59, 48, 5, 11, 7, 25, 50, 58, 52, 57, 54]",19.4
144,1790252251534763941,307146,98632,15,11,126.1,"[36.3, 38.5, 41.0, 45.3, 45.6, 46.8, 49.0, 85.5, 92.3, 94.2, 126.1]","['OUTSIDE', 'RAIL', 'OUTSIDE', 'OUTSIDE', 'INSIDE', 'INSIDE', 'INSIDE', 'INSIDE', 'OUTSIDE', 'INSIDE', 'RAIL']","[[13.12, 1.25, 2.57], [0.71, 0.31, 0.99], [2.48, 0.78, 1.89], [1.84, 0.82, 1.83], [2.01, 1.74, 0.14], [0.64, 0.95, 0.03], [0.86, 0.99, 0.05], [1.26, 1.0, 1.32], [1.81, 1.02, 1.02], [1.1, 0.77, 0.17], [0.23, 0.65, 0.55]]","[47, 56, 59, 48, 11, 7, 25, 61, 57, 52, 54]",18.2
145,1790252251634435484,307126,94057,20,14,125.8,"[28.8, 31.5, 36.3, 37.8, 40.6, 45.3, 47.8, 48.7, 49.7, 49.7, 85.1, 88.6, 92.4, 125.8]","['RAIL', 'OUTSIDE', 'OUTSIDE', 'OUTSIDE', 'RAIL', 'RAIL', 'RAIL', 'INSIDE', 'INSIDE', 'RAIL', 'INSIDE', 'INSIDE', 'OUTSIDE', 'OUTSIDE']","[[1.02, 0.21, 0.34], [14.72, 1.03, 2.37], [0.53, 0.96, 1.88], [0.69, 0.81, 1.92], [0.45, 0.35, 1.05], [0.41, 0.12, 0.23], [0.17, 0.35, 0.88], [1.93, 1.74, 0.13], [1.05, 1.26, 0.05], [0.29, 0.21, 0.08], [2.03, 1.82, 0.37], [2.45, 3.57, 1.36], [0.72, 1.52, 1.21], [0.32, 0.89, 0.81]]","[40, 47, 48, 59, 56, 6, 55, 11, 7, 5, 61, 58, 57, 54]",19.8
146,1790252251730237724,307120,94351,14,10,125.1,"[28.3, 36.8, 40.9, 45.8, 49.1, 81.7, 85.5, 87.0, 89.6, 125.1]","['OUTSIDE', 'RAIL', 'INSIDE', 'INSIDE', 'INSIDE', 'OUTSIDE', 'INSIDE', 'OUTSIDE', 'OUTSIDE', 'RAIL']","[[0.82, 0.81, 1.94], [0.27, 0.36, 0.13], [1.54, 1.64, 0.11], [0.81, 1.11, 0.04], [1.37, 1.55, 0.08], [1.28, 0.53, 0.79], [3.44, 3.92, 0.96], [1.98, 0.67, 1.2], [2.04, 0.65, 0.34], [0.08, 0.71, 0.54]]","[59, 5, 11, 7, 25, 61, 50, 58, 57, 54]",20.2
147,1790252251831279716,307142,96550,17,14,124.4,"[24.2, 27.8, 30.2, 32.3, 33.3, 36.5, 40.5, 45.3, 47.0, 49.3, 86.6, 89.6, 91.2, 124.4]","['OUTSIDE', 'OUTSIDE', 'OUTSIDE', 'INSIDE', 'NEAR', 'RAIL', 'INSIDE', 'INSIDE', 'INSIDE', 'INSIDE', 'OUTSIDE', 'INSIDE', 'RAIL', 'OUTSIDE']","[[5.21, 1.17, 2.49], [1.66, 0.79, 1.89], [1.35, 0.87, 1.86], [0.65, 2.36, 0.46], [0.44, 0.86, 1.05], [0.31, 0.31, 0.13], [2.0, 1.75, 0.14], [1.29, 1.4, 0.07], [1.56, 1.7, 0.12], [1.85, 1.67, 0.11], [2.25, 1.62, 1.54], [0.96, 2.18, 0.2], [1.35, 0.41, 0.58], [0.38, 1.67, 1.05]]","[40, 56, 59, 63, 62, 5, 11, 7, 6, 25, 58, 57, 52, 54]",21.0
148,1790252251935941645,307146,87609,16,14,124.0,"[27.2, 32.7, 33.2, 36.5, 40.4, 45.0, 47.4, 48.3, 49.3, 49.5, 88.0, 88.7, 91.0, 124.0]","['OUTSIDE', 'RAIL', 'OUTSIDE', 'OUTSIDE', 'NEAR', 'INSIDE', 'INSIDE', 'RAIL', 'INSIDE', 'INSIDE', 'OUTSIDE', 'INSIDE', 'RAIL', 'RAIL']","[[4.46, 1.04, 2.36], [0.96, 0.28, 0.78], [0.48, 0.34, 0.42], [0.69, 0.77, 1.91], [0.65, 0.54, 0.65], [1.62, 1.5, 0.11], [1.19, 1.24, 0.06], [0.36, 0.3, 0.07], [2.56, 1.99, 0.2], [1.86, 1.52, 0.11], [0.23, 1.01, 0.59], [1.3, 0.8, 0.19], [0.55, 0.36, 0.14], [0.06, 0.71, 0.54]]","[40, 59, 56, 48, 55, 11, 7, 5, 6, 25, 57, 50, 52, 54]",19.3
149,1790252252032292178,307157,83216,14,11,123.6,"[26.6, 27.3, 33.3, 36.6, 41.0, 45.8, 47.8, 49.0, 84.1, 90.6, 123.6]","['OUTSIDE', 'OUTSIDE', 'RAIL', 'INSIDE', 'INSIDE', 'INSIDE', 'INSIDE', 'INSIDE', 'INSIDE', 'RAIL', 'OUTSIDE']","[[1.31, 0.82, 1.93], [0.4, 0.46, 0.53], [0.14, 0.2, 0.12], [1.98, 1.4, 0.34], [0.64, 0.96, 0.03], [1.58, 1.49, 0.12], [1.0, 0.57, 0.06], [1.24, 0.34, 0.12], [8.28, 4.71, 1.79], [0.4, 0.36, 0.14], [0.3, 0.86, 0.61]]","[48, 56, 5, 11, 7, 6, 25, 63, 58, 52, 54]",17.6
150,1790252252141234938,307133,79879,16,13,122.9,"[26.0, 29.9, 33.3, 36.8, 40.6, 41.9, 45.7, 48.7, 80.6, 85.0, 89.4, 90.5, 122.9]","['OUTSIDE', 'RAIL', 'INSIDE', 'RAIL', 'INSIDE', 'INSIDE', 'INSIDE', 'INSIDE', 'INSIDE', 'INSIDE', 'OUTSIDE', 'RAIL', 'OUTSIDE']","[[2.53, 0.86, 1.86], [0.38, 0.38, 1.0], [3.13, 2.83, 0.98], [0.18, 0.31, 0.12], [1.5, 1.64, 0.1], [0.79, 1.11, 0.04], [1.92, 1.81, 0.15], [1.19, 1.54, 0.07], [1.91, 1.29, 1.59], [7.09, 4.71, 1.82], [1.19, 0.54, 0.77], [2.77, 0.16, 0.23], [0.54, 0.85, 0.61]]","[48, 8, 62, 5, 11, 7, 6, 25, 58, 50, 52, 57, 54]",16.9
151,1790252252244405267,307131,69796,16,13,122.4,"[25.6, 32.7, 33.2, 36.3, 40.1, 42.2, 45.1, 46.4, 47.4, 48.8, 89.4, 89.4, 122.4]","['OUTSIDE', 'OUTSIDE', 'OUTSIDE', 'OUTSIDE', 'OUTSIDE', 'RAIL', 'INSIDE', 'INSIDE', 'INSIDE', 'INSIDE', 'RAIL', 'INSIDE', 'RAIL']","[[11.04, 1.2, 2.59], [6.84, 0.8, 2.01], [0.64, 0.78, 1.87], [1.65, 0.86, 1.85], [0.73, 0.73, 1.84], [0.36, 0.41, 0.12], [2.0, 1.74, 0.14], [1.34, 1.4, 0.07], [2.35, 1.9, 0.18], [1.51, 1.65, 0.09], [0.1, 0.34, 0.36], [2.87, 2.01, 0.37], [0.17, 0.73, 0.79]]","[40, 47, 56, 48, 7, 5, 11, 49, 6, 25, 52, 57, 54]",16.6
152,1790252252335976443,307143,71078,24,18,121.8,"[24.9, 25.3, 30.5, 31.0, 33.0, 36.6, 40.9, 45.4, 46.6, 47.4, 47.9, 49.1, 49.6, 82.7, 83.8, 86.6, 87.9, 121.8]","['OUTSIDE', 'OUTSIDE', 'RAIL', 'OUTSIDE', 'NEAR', 'INSIDE', 'RAIL', 'INSIDE', 'INSIDE', 'INSIDE', 'INSIDE', 'INSIDE', 'OUTSIDE', 'OUTSIDE', 'RAIL', 'RAIL', 'INSIDE', 'OUTSIDE']","[[1.22, 0.64, 1.75], [1.65, 0.82, 1.92], [0.34, 0.3, 1.05], [0.36, 0.45, 0.53], [0.79, 0.55, 0.57], [1.09, 1.29, 1.11], [0.36, 0.43, 0.22], [1.57, 1.76, 0.13], [0.79, 1.1, 0.04], [1.36, 1.13, 0.09], [2.5, 2.01, 0.19], [0.76, 0.86, 0.05], [1.25, 0.85, 0.62], [0.98, 0.72, 0.95], [2.04, 0.14, 0.34], [1.99, 0.31, 0.79], [6.17, 4.52, 1.72], [0.05, 0.66, 0.6]]","[7, 48, 56, 55, 59, 63, 5, 62, 49, 11, 6, 25, 40, 61, 50, 52, 57, 54]",17.7
153,1790252252453387503,307168,72754,18,15,116.5,"[22.2, 24.3, 33.4, 36.6, 40.8, 45.4, 46.0, 46.3, 46.5, 47.4, 48.9, 49.6, 84.8, 88.9, 116.5]","['RAIL', 'OUTSIDE', 'OUTSIDE', 'OUTSIDE', 'NEAR', 'RAIL', 'RAIL', 'RAIL', 'INSIDE', 'INSIDE', 'INSIDE', 'INSIDE', 'RAIL', 'INSIDE', 'INSIDE']","[[0.07, 0.06, 0.84], [0.42, 0.57, 1.12], [1.64, 0.81, 1.83], [0.82, 0.76, 1.89], [0.59, 0.48, 0.54], [0.63, 0.17, 0.4], [0.17, 0.17, 0.32], [0.43, 0.56, 0.21], [1.88, 1.75, 0.13], [1.34, 1.41, 0.07], [1.57, 1.6, 0.12], [1.17, 1.41, 0.07], [1.53, 0.54, 0.98], [8.72, 4.5, 1.83], [1.54, 0.8, 0.02]]","[63, 7, 48, 56, 59, 55, 49, 5, 11, 47, 6, 25, 52, 57, 54]",16.1
154,1790252252533815072,307134,74905,20,14,113.7,"[23.6, 29.1, 33.3, 36.3, 40.4, 42.2, 43.0, 45.3, 48.5, 49.6, 83.3, 87.2, 87.9, 113.7]","['OUTSIDE', 'RAIL', 'OUTSIDE', 'RAIL', 'RAIL', 'INSIDE', 'INSIDE', 'INSIDE', 'INSIDE', 'OUTSIDE', 'INSIDE', 'INSIDE', 'OUTSIDE', 'INSIDE']","[[9.19, 0.81, 2.06], [0.32, 0.16, 0.56], [2.91, 0.98, 1.96], [0.44, 0.2, 0.97], [0.6, 0.48, 0.21], [1.78, 1.74, 0.12], [0.89, 1.1, 0.05], [1.6, 1.71, 0.12], [1.48, 1.53, 0.09], [0.98, 1.23, 1.06], [5.3, 3.77, 1.46], [0.77, 0.74, 0.97], [1.11, 0.73, 0.97], [3.96, 1.41, 0.04]]","[25, 55, 48, 59, 5, 11, 47, 6, 8, 40, 57, 50, 52, 54]",18.0
155,1790252252655557124,307138,77361,16,11,115.0,"[23.1, 32.7, 36.2, 37.9, 40.5, 43.2, 45.2, 45.3, 47.3, 87.9, 115.0]","['OUTSIDE', 'RAIL', 'OUTSIDE', 'OUTSIDE', 'RAIL', 'INSIDE', 'INSIDE', 'INSIDE', 'INSIDE', 'OUTSIDE', 'INSIDE']","[[9.96, 1.02, 2.39], [0.42, 0.2, 0.56], [4.52, 0.89, 1.95], [0.48, 0.48, 0.92], [0.6, 0.53, 0.2], [2.29, 1.86, 0.16], [1.31, 1.25, 0.07], [2.86, 1.88, 0.3], [1.16, 1.4, 0.07], [3.1, 0.85, 1.2], [2.12, 1.19, 0.02]]","[11, 55, 56, 7, 5, 6, 47, 62, 8, 52, 54]",15.8
156,1790252252734213421,307140,80817,18,12,86.3,"[22.4, 32.9, 36.5, 40.6, 45.4, 47.7, 49.6, 80.4, 80.8, 84.9, 85.4, 86.3]","['OUTSIDE', 'NEAR', 'RAIL', 'INSIDE', 'INSIDE', 'INSIDE', 'INSIDE', 'RAIL', 'INSIDE', 'INSIDE', 'NEAR', 'OUTSIDE']","[[2.74, 0.87, 1.83], [0.81, 0.64, 0.98], [0.64, 0.53, 0.2], [1.96, 1.86, 0.14], [1.26, 1.41, 0.06], [2.9, 2.02, 0.37], [1.46, 1.54, 0.09], [1.41, 0.55, 1.1], [8.89, 4.77, 1.93], [0.46, 0.94, 0.37], [1.79, 0.72, 1.17], [0.45, 0.36, 0.6]]","[56, 59, 5, 6, 47, 62, 8, 58, 57, 50, 52, 61]",17.2
157,1790252252828749062,307128,80374,13,7,86.3,"[21.9, 33.6, 36.5, 40.6, 45.5, 48.6, 86.3]","['OUTSIDE', 'OUTSIDE', 'RAIL', 'INSIDE', 'INSIDE', 'INSIDE', 'OUTSIDE']","[[2.68, 0.86, 1.96], [0.45, 0.34, 0.42], [0.71, 0.49, 0.25], [1.17, 1.63, 0.08], [1.47, 1.27, 0.09], [1.59, 1.26, 0.12], [1.22, 0.32, 0.6]]","[48, 7, 5, 6, 8, 62, 61]",18.3
158,1790252252942727554,307090,68287,18,11,86.1,"[21.3, 29.6, 33.2, 36.1, 40.3, 45.1, 46.8, 49.0, 79.8, 85.9, 86.1]","['OUTSIDE', 'OUTSIDE', 'RAIL', 'INSIDE', 'INSIDE', 'INSIDE', 'INSIDE', 'INSIDE', 'INSIDE', 'OUTSIDE', 'INSIDE']","[[1.46, 0.76, 1.87], [2.08, 0.95, 1.98], [0.68, 0.51, 0.24], [2.36, 1.96, 0.16], [1.27, 0.79, 0.07], [3.31, 2.51, 1.19], [1.78, 1.92, 0.14], [1.46, 1.4, 0.09], [3.04, 1.26, 1.6], [1.55, 0.52, 0.84], [3.92, 2.56, 1.16]]","[56, 48, 5, 6, 47, 40, 62, 8, 58, 61, 50]",17.6
159,1790252253031049459,307093,73601,12,7,84.3,"[33.1, 37.0, 40.5, 44.3, 48.2, 49.6, 84.3]","['OUTSIDE', 'OUTSIDE', 'OUTSIDE', 'INSIDE', 'INSIDE', 'INSIDE', 'RAIL']","[[6.39, 0.81, 2.01], [1.52, 0.83, 1.92], [0.65, 0.85, 1.96], [0.64, 1.15, 0.04], [2.17, 2.12, 0.17], [1.47, 1.54, 0.09], [1.08, 0.33, 0.54]]","[7, 48, 59, 6, 62, 8, 61]",18.6
160,1790252253129384565,307072,76405,15,12,85.1,"[20.1, 32.9, 36.7, 40.7, 43.1, 47.1, 47.2, 49.1, 49.5, 81.4, 82.0, 85.1]","['OUTSIDE', 'OUTSIDE', 'RAIL', 'RAIL', 'INSIDE', 'RAIL', 'INSIDE', 'RAIL', 'INSIDE', 'OUTSIDE', 'INSIDE', 'INSIDE']","[[2.62, 0.79, 1.89], [0.95, 0.85, 1.96], [0.22, 0.38, 0.86], [0.39, 0.17, 0.47], [1.5, 1.63, 0.1], [0.61, 0.5, 0.3], [2.65, 2.21, 0.2], [0.5, 0.16, 0.3], [1.2, 1.4, 0.07], [0.43, 0.98, 0.51], [1.62, 1.32, 0.88], [4.04, 2.49, 1.63]]","[56, 59, 49, 47, 6, 5, 62, 48, 8, 57, 58, 50]",18.7
161,1790252253225866973,307094,70079,14,10,83.8,"[32.7, 36.5, 40.3, 47.4, 48.4, 48.5, 49.5, 81.6, 83.4, 83.8]","['OUTSIDE', 'NEAR', 'NEAR', 'RAIL', 'INSIDE', 'INSIDE', 'INSIDE', 'OUTSIDE', 'RAIL', 'INSIDE']","[[2.77, 0.8, 1.89], [0.63, 0.63, 0.98], [0.57, 0.39, 0.43], [0.72, 0.37, 0.85], [1.27, 1.63, 0.09], [2.62, 2.21, 0.2], [1.64, 1.66, 0.1], [0.84, 0.99, 0.5], [1.92, 0.36, 0.71], [2.55, 2.17, 1.62]]","[56, 59, 7, 49, 6, 62, 8, 57, 61, 50]",17.6
162,1790252253333311738,307082,79574,15,10,109.7,"[26.3, 32.4, 36.3, 40.6, 45.9, 46.4, 48.1, 49.0, 83.3, 109.7]","['OUTSIDE', 'OUTSIDE', 'RAIL', 'RAIL', 'INSIDE', 'INSIDE', 'INSIDE', 'INSIDE', 'INSIDE', 'INSIDE']","[[1.47, 0.73, 1.84], [1.84, 0.83, 1.95], [0.48, 0.19, 1.05], [0.3, 0.32, 1.01], [1.08, 1.62, 0.11], [1.94, 1.74, 0.13], [3.05, 2.29, 0.23], [1.39, 1.39, 0.08], [6.32, 4.09, 1.84], [3.69, 2.05, 0.24]]","[56, 59, 7, 48, 40, 6, 62, 8, 50, 54]",21.1
163,1790252253430422429,307096,82791,14,11,108.8,"[33.2, 36.3, 36.8, 40.7, 44.5, 45.8, 48.4, 48.5, 49.5, 85.9, 108.8]","['OUTSIDE', 'OUTSIDE', 'RAIL', 'OUTSIDE', 'NEAR', 'INSIDE', 'INSIDE', 'INSIDE', 'INSIDE', 'INSIDE', 'NEAR']","[[9.78, 1.02, 2.39], [6.36, 0.78, 2.01], [0.49, 0.33, 0.76], [0.65, 0.83, 1.32], [0.4, 0.46, 0.54], [1.96, 1.86, 0.14], [0.92, 1.11, 0.05], [1.17, 1.4, 0.36], [1.98, 1.27, 0.15], [4.26, 4.53, 1.65], [1.88, 0.9, 0.43]]","[11, 55, 7, 59, 56, 6, 48, 8, 62, 67, 54]",21.1
164,1790252253554531090,307112,67455,14,13,99.7,"[32.9, 36.1, 40.3, 42.7, 45.7, 47.1, 47.7, 48.4, 49.6, 80.1, 82.4, 85.9, 99.7]","['OUTSIDE', 'OUTSIDE', 'OUTSIDE', 'OUTSIDE', 'RAIL', 'INSIDE', 'INSIDE', 'INSIDE', 'INSIDE', 'INSIDE', 'INSIDE', 'INSIDE', 'INSIDE']","[[6.47, 0.9, 2.12], [1.48, 0.74, 1.87], [0.58, 0.75, 1.62], [0.88, 0.82, 1.95], [0.39, 0.17, 0.52], [2.12, 1.96, 0.15], [0.93, 0.95, 0.05], [2.36, 1.59, 0.18], [1.56, 1.66, 0.09], [1.76, 2.13, 1.22], [2.06, 1.0, 0.64], [2.98, 3.95, 1.66], [3.52, 2.07, 0.42]]","[55, 7, 56, 59, 48, 6, 47, 62, 8, 58, 50, 67, 66]",17.3
165,1790252253630801689,307064,71401,19,16,108.6,"[28.5, 33.3, 36.7, 40.4, 40.9, 46.0, 46.4, 47.3, 47.9, 49.2, 80.5, 81.8, 83.6, 86.3, 98.1, 108.6]","['OUTSIDE', 'OUTSIDE', 'NEAR', 'INSIDE', 'RAIL', 'INSIDE', 'INSIDE', 'INSIDE', 'INSIDE', 'INSIDE', 'RAIL', 'OUTSIDE', 'INSIDE', 'INSIDE', 'INSIDE', 'INSIDE']","[[0.76, 0.49, 0.94], [0.78, 0.76, 1.67], [1.66, 0.52, 0.58], [1.11, 1.64, 1.24], [0.66, 0.28, 0.75], [1.52, 1.63, 0.11], [0.95, 0.96, 0.05], [1.5, 1.61, 0.12], [1.12, 0.86, 0.07], [1.01, 0.56, 0.06], [1.18, 0.31, 0.72], [1.71, 1.16, 1.68], [6.4, 1.76, 1.82], [1.02, 4.51, 1.88], [1.51, 2.38, 0.8], [0.74, 0.76, 0.23]]","[7, 48, 59, 40, 49, 6, 47, 62, 8, 55, 57, 61, 50, 67, 66, 54]",16.7
166,1790252253753146204,307056,65892,15,11,97.5,"[33.3, 36.4, 40.9, 45.4, 46.1, 46.4, 47.4, 48.4, 49.7, 84.7, 97.5]","['OUTSIDE', 'OUTSIDE', 'RAIL', 'OUTSIDE', 'NEAR', 'INSIDE', 'INSIDE', 'INSIDE', 'INSIDE', 'INSIDE', 'INSIDE']","[[0.66, 0.66, 1.85], [2.25, 0.79, 1.64], [0.52, 0.18, 0.42], [0.83, 0.6, 1.23], [0.5, 0.48, 0.65], [1.98, 1.86, 0.14], [0.92, 1.12, 0.05], [1.93, 1.82, 0.15], [1.29, 1.41, 0.08], [2.99, 4.59, 1.87], [1.59, 2.37, 0.81]]","[7, 56, 48, 47, 59, 6, 49, 62, 8, 67, 66]",23.4
167,1790252253838062840,307066,78124,14,12,107.1,"[32.9, 36.6, 41.0, 44.8, 45.9, 46.0, 47.8, 48.3, 49.8, 83.6, 97.6, 107.1]","['RAIL', 'OUTSIDE', 'OUTSIDE', 'OUTSIDE', 'RAIL', 'INSIDE', 'INSIDE', 'INSIDE', 'INSIDE', 'INSIDE', 'INSIDE', 'NEAR']","[[0.3, 0.25, 0.7], [2.55, 0.7, 1.85], [1.62, 0.82, 1.93], [0.39, 0.9, 1.75], [0.51, 0.19, 0.43], [1.88, 1.75, 0.13], [1.36, 1.27, 0.07], [2.52, 2.22, 0.19], [1.29, 1.27, 0.08], [3.82, 4.7, 1.86], [3.26, 3.47, 0.64], [0.08, 0.37, 0.22]]","[47, 7, 56, 59, 49, 6, 48, 62, 8, 67, 66, 54]",25.4
168,1790252253941549483,307078,67982,14,11,106.5,"[33.0, 36.0, 40.9, 45.6, 46.2, 48.2, 48.8, 49.8, 49.9, 79.2, 106.5]","['OUTSIDE', 'OUTSIDE', 'NEAR', 'NEAR', 'RAIL', 'INSIDE', 'INSIDE', 'INSIDE', 'INSIDE', 'RAIL', 'NEAR']","[[2.5, 0.73, 1.8], [2.17, 0.71, 1.85], [0.41, 0.46, 0.77], [0.35, 0.48, 0.55], [0.16, 0.14, 0.65], [2.91, 2.07, 0.2], [0.89, 0.97, 0.05], [2.17, 1.37, 0.17], [1.41, 1.41, 0.08], [1.79, 0.49, 0.87], [0.07, 0.79, 0.22]]","[56, 7, 59, 48, 47, 6, 49, 62, 8, 57, 54]",23.9
169,1790252254033337265,307096,74286,13,9,95.4,"[28.3, 33.3, 36.5, 41.1, 46.7, 47.5, 48.4, 49.5, 95.4]","['OUTSIDE', 'RAIL', 'RAIL', 'NEAR', 'INSIDE', 'INSIDE', 'INSIDE', 'INSIDE', 'INSIDE']","[[2.36, 0.87, 1.96], [0.53, 0.33, 0.87], [0.38, 0.16, 0.42], [1.26, 1.03, 1.01], [1.78, 1.62, 0.33], [0.42, 0.81, 0.02], [1.98, 1.82, 0.15], [1.4, 0.72, 0.08], [1.59, 1.3, 0.78]]","[56, 48, 49, 40, 6, 7, 62, 8, 66]",18.5
170,1790252254129799257,307080,75395,13,11,101.8,"[30.4, 33.1, 36.6, 40.8, 45.8, 46.6, 47.7, 83.3, 94.4, 97.2, 101.8]","['OUTSIDE', 'RAIL', 'INSIDE', 'INSIDE', 'INSIDE', 'INSIDE', 'INSIDE', 'INSIDE', 'INSIDE', 'INSIDE', 'INSIDE']","[[6.66, 0.81, 1.94], [0.46, 0.23, 1.05], [2.35, 1.97, 0.2], [1.93, 1.75, 0.13], [0.91, 0.97, 0.05], [2.19, 1.38, 0.17], [1.86, 1.54, 0.11], [2.08, 4.56, 2.04], [0.81, 0.67, 0.59], [0.31, 0.85, 0.61], [0.67, 1.07, 0.63]]","[56, 49, 69, 6, 7, 62, 8, 67, 66, 74, 54]",18.3
171,1790252254235362961,307076,69702,17,13,102.6,"[30.0, 33.2, 36.4, 41.5, 46.6, 47.6, 48.1, 48.6, 49.5, 50.0, 82.0, 94.1, 102.6]","['RAIL', 'OUTSIDE', 'RAIL', 'RAIL', 'INSIDE', 'INSIDE', 'INSIDE', 'INSIDE', 'INSIDE', 'RAIL', 'INSIDE', 'INSIDE', 'INSIDE']","[[1.35, 0.27, 0.84], [1.86, 0.72, 1.66], [0.53, 0.43, 0.85], [1.02, 0.42, 0.78], [1.12, 0.4, 0.1], [2.23, 1.86, 0.15], [0.85, 0.65, 0.04], [2.39, 2.12, 0.19], [0.93, 1.15, 0.06], [0.01, 1.44, 0.65], [3.33, 4.7, 2.02], [1.37, 2.28, 1.01], [2.96, 0.7, 0.43]]","[59, 47, 49, 48, 69, 6, 7, 62, 8, 56, 67, 66, 54]",19.2
172,1790252254329945338,307021,65227,18,15,100.0,"[28.7, 30.6, 33.3, 36.5, 41.2, 44.4, 46.6, 48.3, 49.1, 49.2, 49.4, 78.6, 80.8, 93.3, 100.0]","['RAIL', 'OUTSIDE', 'RAIL', 'NEAR', 'RAIL', 'NEAR', 'RAIL', 'INSIDE', 'INSIDE', 'INSIDE', 'INSIDE', 'INSIDE', 'INSIDE', 'INSIDE', 'INSIDE']","[[0.11, 0.18, 0.53], [0.42, 0.55, 0.78], [0.33, 0.25, 0.64], [1.21, 1.04, 1.01], [0.27, 0.38, 0.64], [0.46, 0.87, 0.82], [0.35, 0.11, 0.39], [2.16, 1.87, 0.15], [0.94, 0.65, 0.05], [2.0, 1.82, 0.16], [1.29, 1.42, 0.08], [2.8, 2.68, 1.03], [3.33, 4.76, 2.01], [1.88, 2.46, 0.84], [2.59, 1.94, 0.66]]","[59, 47, 56, 40, 48, 69, 49, 6, 7, 62, 8, 58, 67, 66, 54]",17.7
173,1790252254433471404,307060,76005,12,10,94.1,"[31.4, 33.0, 36.9, 41.3, 46.6, 48.5, 49.8, 77.4, 80.2, 94.1]","['OUTSIDE', 'RAIL', 'INSIDE', 'INSIDE', 'INSIDE', 'INSIDE', 'INSIDE', 'INSIDE', 'INSIDE', 'INSIDE']","[[1.87, 0.74, 1.95], [0.39, 0.19, 1.09], [0.66, 0.92, 0.79], [1.65, 1.53, 0.11], [0.57, 0.98, 0.03], [2.96, 2.21, 0.28], [1.33, 1.29, 0.08], [0.57, 1.36, 0.84], [2.75, 4.78, 2.15], [1.38, 2.97, 0.44]]","[59, 56, 69, 6, 7, 62, 8, 58, 67, 66]",17.5
174,1790252254534255259,307015,79342,18,13,101.4,"[28.5, 31.3, 33.1, 36.8, 41.6, 42.0, 45.0, 45.8, 47.5, 49.4, 49.7, 93.3, 101.4]","['OUTSIDE', 'RAIL', 'RAIL', 'RAIL', 'OUTSIDE', 'OUTSIDE', 'INSIDE', 'INSIDE', 'INSIDE', 'INSIDE', 'INSIDE', 'INSIDE', 'INSIDE']","[[2.5, 0.77, 2.0], [0.45, 0.33, 0.99], [0.23, 0.18, 0.72], [0.54, 0.18, 0.44], [1.48, 0.76, 1.91], [1.19, 0.7, 1.95], [0.84, 0.93, 0.79], [1.69, 1.28, 0.12], [2.49, 1.37, 0.33], [1.07, 1.47, 0.1], [0.81, 1.15, 0.05], [4.55, 3.94, 0.66], [2.03, 2.88, 0.63]]","[8, 59, 7, 56, 47, 48, 69, 6, 62, 40, 55, 66, 54]",19.8
175,1790252254633190887,307011,84100,12,9,100.5,"[27.0, 33.5, 37.0, 41.5, 47.0, 49.5, 49.6, 94.3, 100.5]","['RAIL', 'OUTSIDE', 'INSIDE', 'INSIDE', 'INSIDE', 'INSIDE', 'INSIDE', 'INSIDE', 'INSIDE']","[[0.5, 0.18, 0.44], [0.7, 0.6, 0.89], [1.51, 1.37, 1.23], [1.54, 1.64, 0.11], [0.97, 1.14, 0.05], [1.53, 1.61, 0.12], [1.35, 1.15, 0.08], [7.52, 3.92, 0.99], [2.0, 1.42, 0.64]]","[56, 48, 40, 6, 47, 62, 55, 66, 54]",19.6
176,1790252254730712514,307036,75349,14,10,101.2,"[30.7, 32.8, 36.6, 41.5, 47.9, 48.2, 49.7, 90.2, 93.0, 101.2]","['OUTSIDE', 'OUTSIDE', 'RAIL', 'INSIDE', 'INSIDE', 'INSIDE', 'INSIDE', 'INSIDE', 'INSIDE', 'INSIDE']","[[1.31, 0.71, 1.83], [0.46, 0.54, 0.87], [1.17, 0.34, 1.05], [1.57, 1.68, 0.13], [2.04, 1.63, 0.14], [2.69, 2.21, 0.21], [1.27, 1.29, 0.08], [0.6, 0.81, 0.19], [3.09, 1.84, 0.84], [2.57, 2.35, 0.66]]","[48, 56, 47, 69, 6, 62, 55, 66, 74, 54]",19.8
177,1790252254824294849,306968,76729,10,9,110.7,"[37.1, 41.6, 45.5, 47.1, 49.3, 91.1, 95.2, 98.5, 110.7]","['OUTSIDE', 'OUTSIDE', 'INSIDE', 'INSIDE', 'INSIDE', 'INSIDE', 'INSIDE', 'INSIDE', 'INSIDE']","[[1.39, 0.79, 1.98], [0.96, 0.22, 0.32], [1.65, 1.16, 0.11], [0.93, 1.14, 0.05], [1.4, 1.43, 0.08], [4.77, 4.37, 1.03], [0.34, 2.69, 0.85], [2.53, 0.73, 0.45], [0.94, 0.98, 0.01]]","[56, 59, 6, 48, 55, 66, 74, 54, 72]",20.0
178,1790252254925056318,306998,81109,13,10,104.8,"[33.6, 37.1, 41.7, 45.2, 47.2, 48.8, 92.3, 96.7, 99.6, 104.8]","['OUTSIDE', 'RAIL', 'INSIDE', 'INSIDE', 'INSIDE', 'INSIDE', 'INSIDE', 'INSIDE', 'INSIDE', 'INSIDE']","[[1.3, 0.73, 1.94], [0.3, 0.37, 0.99], [1.62, 1.65, 0.11], [0.84, 0.98, 0.04], [2.0, 1.82, 0.16], [1.05, 0.73, 0.06], [2.83, 3.86, 0.8], [0.84, 1.85, 0.67], [0.09, 0.31, 0.18], [1.38, 3.62, 1.12]]","[56, 49, 6, 48, 62, 55, 66, 74, 54, 72]",20.9
179,1790252255043301311,307007,85662,11,9,104.0,"[33.1, 36.8, 41.4, 47.0, 90.2, 93.1, 94.6, 98.2, 104.0]","['INSIDE', 'INSIDE', 'INSIDE', 'INSIDE', 'INSIDE', 'OUTSIDE', 'INSIDE', 'INSIDE', 'INSIDE']","[[2.02, 1.76, 0.14], [1.06, 1.14, 0.05], [2.59, 2.11, 0.2], [1.66, 1.43, 0.1], [2.48, 2.22, 0.45], [1.23, 1.59, 0.86], [4.48, 1.62, 0.86], [1.41, 1.04, 0.62], [1.64, 3.52, 1.12]]","[6, 48, 62, 55, 66, 76, 74, 54, 72]",22.1
180,1790252255133996198,306979,92808,12,11,103.5,"[33.6, 37.3, 41.4, 47.3, 47.7, 49.1, 49.7, 92.0, 92.2, 97.9, 103.5]","['RAIL', 'OUTSIDE', 'RAIL', 'INSIDE', 'INSIDE', 'INSIDE', 'INSIDE', 'INSIDE', 'NEAR', 'INSIDE', 'INSIDE']","[[0.37, 0.39, 1.09], [0.36, 0.39, 0.44], [0.27, 0.34, 1.04], [1.66, 1.54, 0.12], [1.13, 0.81, 0.06], [1.93, 1.28, 0.15], [0.86, 1.43, 0.05], [0.66, 0.96, 0.02], [0.45, 1.35, 0.26], [11.33, 3.37, 1.19], [1.11, 3.8, 1.12]]","[56, 48, 47, 6, 59, 62, 55, 66, 54, 74, 72]",24.0
181,1790252255240014907,306911,99085,10,9,102.6,"[33.3, 37.3, 42.3, 47.5, 49.0, 92.2, 93.0, 98.1, 102.6]","['RAIL', 'INSIDE', 'INSIDE', 'INSIDE', 'INSIDE', 'OUTSIDE', 'INSIDE', 'INSIDE', 'INSIDE']","[[0.4, 0.57, 1.07], [1.74, 1.65, 0.12], [0.97, 0.99, 0.05], [2.37, 1.93, 0.18], [0.53, 0.88, 0.03], [0.83, 1.1, 0.83], [3.78, 1.9, 0.82], [1.56, 0.67, 0.29], [1.54, 3.6, 1.11]]","[47, 6, 59, 62, 55, 66, 74, 54, 72]",24.2
182,1790252255347463383,306978,91741,10,8,102.3,"[33.5, 37.8, 42.1, 43.3, 47.3, 48.0, 93.0, 102.3]","['RAIL', 'RAIL', 'INSIDE', 'INSIDE', 'INSIDE', 'INSIDE', 'INSIDE', 'INSIDE']","[[0.36, 0.34, 1.04], [0.22, 0.16, 0.21], [1.28, 1.43, 0.35], [0.83, 1.0, 0.04], [2.43, 1.84, 0.19], [1.6, 1.3, 0.1], [9.51, 3.21, 0.99], [0.51, 3.4, 0.83]]","[7, 8, 6, 59, 62, 55, 74, 72]",27.4
183,1790252255438100001,306879,102673,19,15,101.5,"[30.5, 33.0, 37.2, 41.7, 46.5, 46.6, 47.4, 49.0, 49.7, 49.8, 87.0, 89.0, 92.5, 96.0, 101.5]","['RAIL', 'RAIL', 'OUTSIDE', 'OUTSIDE', 'INSIDE', 'INSIDE', 'INSIDE', 'INSIDE', 'INSIDE', 'RAIL', 'INSIDE', 'INSIDE', 'INSIDE', 'INSIDE', 'INSIDE']","[[0.42, 0.24, 0.42], [0.54, 0.27, 0.77], [0.38, 0.38, 0.44], [0.36, 0.34, 0.55], [2.09, 2.06, 0.18], [1.45, 1.54, 0.36], [0.89, 0.99, 0.05], [2.9, 2.03, 0.23], [1.54, 1.57, 0.09], [0.27, 0.18, 0.39], [2.41, 2.74, 0.39], [1.68, 1.06, 0.77], [2.72, 0.61, 0.42], [0.7, 1.34, 0.27], [0.76, 3.55, 1.1]]","[7, 56, 48, 59, 69, 6, 47, 62, 55, 49, 66, 74, 76, 54, 72]",31.1
184,1790252255532557131,306924,103669,11,9,101.1,"[33.4, 37.5, 42.2, 48.0, 87.7, 90.2, 92.5, 96.0, 101.1]","['INSIDE', 'INSIDE', 'INSIDE', 'INSIDE', 'INSIDE', 'INSIDE', 'INSIDE', 'INSIDE', 'INSIDE']","[[1.62, 1.67, 0.11], [0.44, 0.83, 0.02], [2.58, 2.03, 0.2], [1.04, 1.31, 0.06], [2.42, 2.55, 1.0], [0.34, 1.07, 0.79], [1.41, 1.26, 0.82], [2.96, 2.47, 0.86], [2.15, 3.6, 1.35]]","[6, 47, 62, 55, 66, 74, 76, 54, 72]",29.7
185,1790252255642761416,306935,102473,15,12,95.0,"[33.7, 34.1, 37.5, 42.5, 47.1, 47.2, 48.2, 48.9, 85.6, 86.1, 89.4, 95.0]","['RAIL', 'RAIL', 'RAIL', 'INSIDE', 'INSIDE', 'INSIDE', 'INSIDE', 'INSIDE', 'OUTSIDE', 'INSIDE', 'INSIDE', 'INSIDE']","[[0.42, 0.24, 0.92], [0.16, 0.18, 0.44], [0.32, 0.16, 0.42], [1.26, 1.67, 0.09], [0.57, 0.84, 0.03], [1.55, 0.57, 0.12], [1.03, 1.17, 0.06], [1.73, 1.04, 0.13], [1.64, 0.92, 0.39], [1.05, 1.29, 0.96], [0.78, 1.09, 0.02], [1.99, 2.12, 0.46]]","[7, 49, 47, 6, 48, 62, 55, 69, 66, 74, 76, 54]",34.6
186,1790252255743598388,306834,102433,9,6,91.5,"[33.7, 42.4, 47.9, 48.3, 49.4, 91.5]","['RAIL', 'RAIL', 'INSIDE', 'INSIDE', 'INSIDE', 'INSIDE']","[[0.78, 0.24, 0.97], [0.65, 0.32, 0.66], [1.02, 0.67, 0.05], [2.95, 1.94, 0.28], [1.09, 1.17, 0.07], [9.41, 4.18, 1.05]]","[56, 49, 48, 62, 55, 76]",33.7
187,1790252255832942092,306835,99327,9,6,90.7,"[33.6, 42.3, 46.3, 46.5, 48.7, 90.7]","['RAIL', 'RAIL', 'RAIL', 'INSIDE', 'INSIDE', 'INSIDE']","[[0.46, 0.17, 0.33], [0.15, 0.26, 0.52], [0.47, 0.42, 1.02], [2.54, 1.84, 0.34], [1.29, 1.31, 0.08], [11.61, 3.47, 1.08]]","[56, 7, 47, 62, 55, 76]",36.9
188,1790252255931264133,306803,100988,10,7,91.3,"[33.7, 37.9, 42.8, 45.8, 48.3, 88.9, 91.3]","['RAIL', 'INSIDE', 'INSIDE', 'INSIDE', 'INSIDE', 'INSIDE', 'INSIDE']","[[0.48, 0.19, 0.41], [1.57, 1.68, 0.11], [0.87, 1.01, 0.05], [2.7, 2.05, 0.21], [1.09, 1.03, 0.07], [1.25, 0.75, 0.76], [1.62, 1.02, 0.39]]","[47, 6, 48, 62, 55, 76, 54]",55.5
189,1790252256027861460,306808,101771,12,10,96.6,"[33.9, 37.7, 42.6, 44.7, 48.3, 49.3, 84.2, 90.2, 92.1, 96.6]","['OUTSIDE', 'RAIL', 'INSIDE', 'INSIDE', 'INSIDE', 'INSIDE', 'OUTSIDE', 'INSIDE', 'INSIDE', 'INSIDE']","[[1.25, 0.68, 1.86], [0.54, 0.16, 0.49], [1.55, 1.68, 0.11], [0.61, 0.84, 0.03], [2.04, 1.95, 0.16], [1.08, 1.18, 0.07], [2.18, 0.61, 0.57], [2.21, 1.25, 0.39], [2.95, 1.23, 0.84], [1.39, 3.88, 1.05]]","[59, 47, 6, 48, 62, 55, 66, 54, 76, 78]",37.4
190,1790252256126996513,306734,102534,13,11,95.7,"[25.0, 33.2, 33.7, 37.3, 42.5, 46.0, 47.8, 47.9, 49.5, 90.3, 95.7]","['OUTSIDE', 'RAIL', 'RAIL', 'INSIDE', 'INSIDE', 'INSIDE', 'INSIDE', 'INSIDE', 'INSIDE', 'INSIDE', 'INSIDE']","[[3.31, 0.71, 1.94], [0.86, 0.15, 0.41], [0.96, 0.19, 0.54], [0.97, 1.12, 0.11], [2.21, 1.9, 0.15], [1.06, 0.67, 0.05], [2.11, 0.91, 0.16], [0.91, 1.18, 0.05], [1.06, 0.44, 0.08], [1.76, 2.49, 1.02], [1.56, 3.87, 1.23]]","[56, 47, 49, 68, 6, 48, 62, 55, 69, 54, 78]",36.6
191,1790252256237023775,306741,102273,15,11,95.0,"[31.2, 33.2, 38.0, 42.9, 48.0, 48.4, 48.8, 49.4, 85.0, 91.6, 95.0]","['RAIL', 'RAIL', 'OUTSIDE', 'NEAR', 'INSIDE', 'INSIDE', 'INSIDE', 'INSIDE', 'OUTSIDE', 'INSIDE', 'INSIDE']","[[0.42, 0.31, 1.08], [0.19, 0.24, 0.95], [0.56, 0.27, 0.55], [0.7, 0.69, 0.6], [1.58, 1.81, 0.33], [1.58, 1.56, 0.11], [0.71, 0.85, 0.04], [0.9, 1.19, 0.05], [1.17, 1.44, 0.82], [2.03, 2.67, 1.04], [1.3, 3.83, 1.03]]","[59, 56, 7, 62, 69, 6, 48, 55, 66, 76, 78]",38.9
192,1790252256336567507,306620,102233,13,10,93.2,"[30.8, 32.5, 37.7, 42.6, 42.6, 48.7, 80.3, 86.0, 89.2, 93.2]","['RAIL', 'INSIDE', 'INSIDE', 'INSIDE', 'INSIDE', 'INSIDE', 'INSIDE', 'INSIDE', 'INSIDE', 'INSIDE']","[[0.19, 0.17, 0.55], [0.45, 1.05, 0.85], [2.38, 2.0, 0.21], [2.13, 1.8, 0.15], [0.71, 0.85, 0.04], [1.47, 1.33, 0.09], [7.72, 4.52, 1.42], [1.95, 2.42, 1.19], [3.24, 2.47, 0.99], [3.4, 3.78, 1.22]]","[47, 62, 69, 6, 48, 55, 81, 74, 54, 78]",45.9
193,1790252256433158996,306674,102709,15,12,92.5,"[31.5, 40.9, 41.8, 42.7, 44.8, 48.4, 48.8, 80.9, 83.2, 87.9, 89.2, 92.5]","['OUTSIDE', 'RAIL', 'RAIL', 'NEAR', 'RAIL', 'INSIDE', 'INSIDE', 'INSIDE', 'INSIDE', 'OUTSIDE', 'INSIDE', 'INSIDE']","[[0.72, 0.71, 1.65], [0.2, 0.24, 0.2], [0.56, 0.22, 0.64], [0.66, 0.81, 0.79], [0.55, 0.17, 0.54], [0.87, 1.0, 0.04], [1.06, 0.75, 0.06], [0.73, 0.68, 0.74], [11.3, 4.76, 1.5], [0.74, 1.66, 0.59], [1.44, 1.35, 0.98], [3.27, 4.03, 1.21]]","[56, 47, 55, 62, 6, 48, 7, 74, 81, 54, 76, 78]",50.9
194,1790252256544228548,306600,103496,12,9,115.1,"[29.7, 30.0, 34.2, 41.0, 43.0, 47.4, 80.1, 89.3, 115.1]","['OUTSIDE', 'OUTSIDE', 'INSIDE', 'INSIDE', 'OUTSIDE', 'INSIDE', 'INSIDE', 'INSIDE', 'OUTSIDE']","[[10.58, 1.05, 2.5], [1.92, 0.62, 1.82], [2.73, 1.61, 1.21], [1.93, 1.75, 0.15], [2.42, 1.54, 1.17], [0.95, 0.6, 0.06], [10.96, 4.79, 1.51], [7.97, 4.37, 1.34], [0.07, 0.8, 0.0]]","[7, 56, 69, 62, 68, 6, 81, 76, 82]",48.6
195,1790252256633706553,306623,103564,13,9,114.3,"[30.1, 33.9, 43.0, 43.3, 48.8, 83.6, 87.3, 92.1, 114.3]","['OUTSIDE', 'INSIDE', 'INSIDE', 'INSIDE', 'INSIDE', 'INSIDE', 'INSIDE', 'INSIDE', 'OUTSIDE']","[[12.58, 0.86, 2.17], [0.27, 1.13, 0.8], [0.89, 1.01, 0.05], [2.61, 1.97, 0.2], [0.95, 0.6, 0.06], [4.3, 4.41, 1.34], [1.6, 1.21, 0.25], [4.01, 4.02, 1.21], [0.07, 1.0, 0.0]]","[7, 69, 48, 62, 6, 74, 54, 78, 82]",60.2
196,1790252256740111661,306509,103239,16,11,91.0,"[34.0, 39.3, 42.4, 43.0, 44.1, 47.9, 48.8, 49.0, 81.0, 87.0, 91.0]","['OUTSIDE', 'OUTSIDE', 'OUTSIDE', 'RAIL', 'RAIL', 'INSIDE', 'INSIDE', 'INSIDE', 'OUTSIDE', 'INSIDE', 'INSIDE']","[[1.54, 0.79, 2.11], [1.93, 0.64, 1.85], [1.52, 0.67, 1.68], [0.36, 0.22, 0.55], [0.67, 0.15, 0.7], [0.71, 0.86, 0.04], [2.5, 1.96, 0.19], [1.07, 0.6, 0.07], [1.75, 1.11, 0.58], [2.54, 0.89, 0.28], [1.41, 3.7, 1.01]]","[7, 59, 56, 55, 6, 48, 62, 47, 81, 54, 78]",54.7
197,1790252256837209628,306464,103508,16,14,108.8,"[28.3, 29.6, 34.6, 38.5, 43.5, 44.3, 47.2, 47.4, 47.5, 48.9, 49.5, 86.5, 89.6, 108.8]","['OUTSIDE', 'RAIL', 'OUTSIDE', 'RAIL', 'OUTSIDE', 'RAIL', 'INSIDE', 'INSIDE', 'INSIDE', 'INSIDE', 'INSIDE', 'INSIDE', 'INSIDE', 'OUTSIDE']","[[3.9, 0.81, 2.12], [1.59, 0.63, 1.04], [1.57, 0.52, 1.74], [0.37, 0.22, 0.64], [1.03, 0.3, 0.52], [0.19, 0.16, 0.52], [0.81, 1.56, 1.25], [1.6, 1.59, 0.11], [1.91, 1.77, 0.15], [0.77, 1.12, 0.07], [1.14, 1.06, 0.07], [3.18, 3.46, 1.13], [2.52, 3.95, 1.02], [0.18, 1.14, 0.0]]","[7, 56, 59, 48, 47, 49, 69, 6, 62, 68, 55, 54, 76, 82]",53.9
198,1790252256934686749,306413,103508,9,8,107.3,"[29.5, 34.2, 38.5, 43.4, 47.1, 49.3, 88.2, 107.3]","['OUTSIDE', 'INSIDE', 'INSIDE', 'INSIDE', 'INSIDE', 'INSIDE', 'INSIDE', 'OUTSIDE']","[[3.14, 0.65, 1.91], [1.27, 1.13, 1.11], [1.12, 0.81, 0.08], [0.75, 0.86, 0.04], [2.29, 1.87, 0.18], [0.66, 0.9, 0.04], [3.45, 3.94, 1.0], [1.21, 0.96, 0.02]]","[56, 69, 6, 59, 62, 55, 76, 82]",77.2
199,1790252257061002909,306386,103253,12,8,106.6,"[25.3, 34.6, 38.0, 38.2, 43.4, 49.2, 83.6, 106.6]","['OUTSIDE', 'INSIDE', 'INSIDE', 'INSIDE', 'INSIDE', 'INSIDE', 'INSIDE', 'OUTSIDE']","[[1.28, 0.66, 1.75], [0.97, 0.88, 0.11], [2.06, 0.93, 0.14], [1.59, 0.49, 0.11], [1.53, 1.66, 0.12], [1.01, 1.2, 0.06], [11.2, 4.54, 1.32], [1.52, 1.51, 0.03]]","[48, 68, 6, 62, 69, 55, 74, 82]",63.7
200,1790252257128652449,306266,103026,7,6,93.3,"[27.3, 34.7, 38.8, 43.8, 87.1, 93.3]","['INSIDE', 'INSIDE', 'INSIDE', 'INSIDE', 'INSIDE', 'INSIDE']","[[1.16, 1.59, 0.12], [1.47, 0.81, 0.1], [2.48, 1.89, 0.29], [1.08, 1.07, 0.07], [4.73, 3.97, 1.04], [2.01, 2.29, 0.43]]","[68, 6, 69, 55, 54, 78]",62.3
201,1790252257232476120,306192,103017,8,5,80.3,"[35.1, 37.1, 39.0, 44.5, 80.3]","['RAIL', 'INSIDE', 'INSIDE', 'INSIDE', 'INSIDE']","[[0.2, 0.23, 0.66], [1.46, 1.6, 0.1], [1.99, 1.79, 0.15], [0.62, 0.92, 0.04], [14.2, 4.71, 1.39]]","[62, 6, 69, 55, 81]",58.2
202,1790252257341000225,306136,103497,10,7,104.5,"[38.5, 43.9, 44.4, 53.5, 85.7, 91.1, 104.5]","['RAIL', 'INSIDE', 'INSIDE', 'INSIDE', 'INSIDE', 'INSIDE', 'OUTSIDE']","[[0.33, 0.2, 0.19], [2.15, 1.57, 0.15], [1.04, 1.07, 0.06], [6.64, 1.61, 2.09], [1.73, 3.91, 0.99], [0.99, 2.88, 0.43], [0.07, 1.28, 0.0]]","[7, 6, 55, 48, 54, 78, 82]",64.8
203,1790252257445804777,306029,103846,12,7,107.1,"[29.5, 32.1, 35.2, 39.1, 44.7, 85.9, 107.1]","['RAIL', 'INSIDE', 'INSIDE', 'INSIDE', 'INSIDE', 'INSIDE', 'OUTSIDE']","[[0.26, 0.15, 0.06], [2.49, 1.95, 0.25], [1.62, 1.47, 0.11], [1.64, 1.68, 0.13], [0.58, 0.93, 0.03], [3.89, 4.15, 1.19], [0.95, 1.1, 0.02]]","[68, 69, 6, 62, 55, 54, 82]",65.4
204,1790252257533680915,305909,104394,7,6,84.0,"[35.5, 39.5, 42.7, 44.9, 52.6, 84.0]","['RAIL', 'INSIDE', 'INSIDE', 'INSIDE', 'NEAR', 'INSIDE']","[[0.24, 0.21, 0.28], [1.56, 1.24, 0.11], [1.92, 1.69, 0.15], [1.14, 0.79, 0.07], [4.7, 1.25, 1.48], [1.76, 4.1, 0.95]]","[7, 6, 62, 55, 48, 74]",57.6
205,1790252257625710077,305800,96355,9,7,91.9,"[27.8, 35.3, 39.3, 52.3, 83.2, 86.0, 91.9]","['RAIL', 'INSIDE', 'INSIDE', 'NEAR', 'INSIDE', 'INSIDE', 'INSIDE']","[[0.3, 0.24, 0.19], [1.57, 1.23, 0.11], [1.65, 1.69, 0.13], [4.5, 1.18, 1.23], [1.46, 4.08, 0.94], [1.03, 0.71, 0.38], [2.15, 1.44, 0.21]]","[68, 6, 62, 48, 74, 54, 78]",54.4
206,1790252257734813930,305681,102971,11,7,89.6,"[35.1, 35.8, 39.7, 45.0, 46.8, 80.1, 89.6]","['OUTSIDE', 'RAIL', 'INSIDE', 'INSIDE', 'INSIDE', 'OUTSIDE', 'INSIDE']","[[8.55, 1.18, 2.77], [0.2, 0.18, 0.51], [1.6, 1.5, 0.11], [2.57, 1.92, 0.2], [0.9, 0.63, 0.05], [1.07, 1.29, 0.75], [4.64, 3.07, 0.42]]","[62, 49, 6, 69, 55, 81, 76]",63.3
207,1790252257834619095,305582,102946,11,6,90.5,"[35.7, 40.3, 47.1, 49.4, 81.3, 90.5]","['OUTSIDE', 'RAIL', 'INSIDE', 'INSIDE', 'INSIDE', 'INSIDE']","[[1.06, 0.31, 0.67], [0.39, 0.25, 0.61], [0.84, 1.11, 0.06], [1.72, 1.47, 0.13], [1.86, 4.14, 1.09], [0.96, 0.45, 0.2]]","[56, 49, 6, 69, 81, 76]",62.3
208,1790252257932895843,305351,102220,6,5,88.9,"[35.8, 40.0, 44.9, 80.7, 88.9]","['INSIDE', 'INSIDE', 'INSIDE', 'INSIDE', 'INSIDE']","[[1.84, 1.25, 0.34], [1.52, 1.25, 0.12], [1.37, 0.78, 0.08], [1.34, 4.06, 0.93], [2.36, 2.45, 0.21]]","[6, 69, 55, 81, 76]",53.0
209,1790252258049348533,305262,101758,13,8,89.3,"[35.8, 40.1, 45.5, 46.9, 49.1, 82.3, 85.7, 89.3]","['OUTSIDE', 'OUTSIDE', 'INSIDE', 'INSIDE', 'INSIDE', 'INSIDE', 'INSIDE', 'INSIDE']","[[1.54, 0.57, 0.9], [1.42, 0.29, 0.56], [1.7, 1.39, 0.12], [1.68, 1.47, 0.13], [0.75, 0.95, 0.04], [1.13, 0.91, 0.41], [1.67, 2.98, 0.41], [5.22, 2.82, 0.28]]","[56, 48, 6, 69, 55, 74, 54, 76]",64.9
210,1790252258153921597,304943,101603,10,6,91.2,"[36.2, 40.5, 45.8, 48.0, 84.5, 91.2]","['OUTSIDE', 'INSIDE', 'INSIDE', 'INSIDE', 'INSIDE', 'NEAR']","[[1.99, 0.27, 0.46], [0.99, 1.13, 0.07], [1.61, 1.26, 0.13], [0.65, 0.95, 0.04], [2.34, 2.51, 0.36], [0.66, 0.63, 0.02]]","[48, 6, 69, 55, 54, 78]",57.3
211,1790252258248182216,304794,101423,11,8,84.6,"[36.2, 40.7, 45.7, 46.2, 50.4, 51.1, 80.7, 84.6]","['OUTSIDE', 'INSIDE', 'INSIDE', 'INSIDE', 'OUTSIDE', 'INSIDE', 'INSIDE', 'INSIDE']","[[2.45, 0.43, 0.8], [0.99, 0.71, 0.07], [2.02, 1.73, 0.16], [0.78, 0.96, 0.05], [1.79, 2.26, 2.81], [0.85, 1.47, 1.35], [1.15, 0.86, 0.39], [4.03, 2.04, 0.18]]","[56, 6, 69, 55, 49, 48, 81, 54]",65.9
212,1790252258328564997,304557,101291,7,4,84.8,"[36.5, 40.4, 49.7, 84.8]","['OUTSIDE', 'INSIDE', 'INSIDE', 'INSIDE']","[[0.57, 0.2, 0.34], [1.24, 0.85, 0.09], [1.68, 1.27, 0.32], [5.49, 2.16, 0.18]]","[48, 6, 69, 54]",60.6
213,1790252258429495399,304068,101108,11,7,81.8,"[30.5, 32.9, 35.9, 40.5, 43.1, 46.5, 81.8]","['OUTSIDE', 'RAIL', 'NEAR', 'INSIDE', 'INSIDE', 'INSIDE', 'INSIDE']","[[0.45, 0.33, 0.57], [0.19, 0.2, 0.24], [1.09, 0.64, 0.82], [1.98, 1.79, 0.17], [1.31, 1.27, 0.09], [0.82, 0.97, 0.05], [1.99, 1.7, 0.16]]","[7, 69, 84, 62, 6, 55, 74]",53.7
214,1790252258546211559,303792,101258,9,6,47.7,"[29.9, 30.5, 36.3, 40.8, 43.2, 47.7]","['OUTSIDE', 'NEAR', 'NEAR', 'INSIDE', 'INSIDE', 'INSIDE']","[[1.04, 0.33, 0.57], [0.81, 0.45, 0.62], [1.05, 0.92, 1.02], [2.7, 2.89, 0.96], [0.62, 0.99, 0.04], [1.5, 1.27, 0.12]]","[7, 48, 84, 62, 6, 69]",51.9
215,1790252258636716830,303411,101121,9,7,79.5,"[30.8, 36.4, 39.3, 41.0, 44.7, 46.8, 79.5]","['OUTSIDE', 'OUTSIDE', 'NEAR', 'INSIDE', 'INSIDE', 'INSIDE', 'INSIDE']","[[1.36, 0.53, 0.82], [0.38, 0.35, 0.49], [0.61, 0.65, 0.83], [0.95, 1.13, 0.07], [1.79, 1.74, 0.14], [0.54, 0.98, 0.03], [0.85, 1.26, 0.03]]","[6, 56, 84, 7, 69, 55, 81]",41.7
216,1790252258744723877,302796,100841,6,3,40.6,"[32.8, 36.1, 40.6]","['INSIDE', 'INSIDE', 'INSIDE']","[[1.74, 1.27, 0.12], [2.4, 1.08, 0.33], [1.23, 0.47, 0.09]]","[7, 62, 69]",43.4
217,1790252258825323055,302255,100565,7,4,41.2,"[33.1, 36.4, 39.9, 41.2]","['RAIL', 'INSIDE', 'INSIDE', 'INSIDE']","[[0.66, 0.09, 1.03], [2.01, 1.9, 0.17], [1.01, 1.14, 0.07], [1.42, 1.27, 0.11]]","[7, 62, 6, 69]",50.4
218,1790252258950832778,301604,100651,5,3,41.7,"[33.0, 36.7, 41.7]","['INSIDE', 'INSIDE', 'INSIDE']","[[2.34, 1.9, 0.2], [0.95, 1.01, 0.07], [1.69, 1.28, 0.13]]","[62, 6, 69]",46.1
219,1790252259025541304,300849,100744,7,4,42.3,"[31.5, 33.2, 37.2, 42.3]","['NEAR', 'INSIDE', 'INSIDE', 'INSIDE']","[[0.54, 0.68, 1.09], [1.9, 1.04, 0.16], [0.87, 0.88, 0.35], [0.78, 1.16, 0.06]]","[84, 62, 6, 69]",50.5
220,1790252259127706247,300169,100981,7,4,41.8,"[29.8, 31.1, 36.6, 41.8]","['INSIDE', 'OUTSIDE', 'INSIDE', 'INSIDE']","[[2.01, 1.76, 1.43], [0.64, 0.42, 0.84], [0.88, 1.02, 0.06], [1.58, 1.63, 0.12]]","[84, 62, 6, 69]",50.0
221,1790252259241087086,299309,101037,6,3,47.3,"[31.1, 36.9, 47.3]","['INSIDE', 'INSIDE', 'OUTSIDE']","[[0.17, 0.83, 0.01], [1.91, 1.64, 0.15], [0.86, 0.88, 0.6]]","[55, 69, 84]",42.1
222,1790252259325999370,298557,101328,7,4,47.0,"[28.4, 30.1, 37.3, 47.0]","['NEAR', 'INSIDE', 'INSIDE', 'INSIDE']","[[1.05, 0.84, 0.74], [2.57, 2.38, 0.45], [1.45, 1.46, 0.1], [1.14, 1.28, 0.09]]","[62, 84, 55, 69]",33.0
223,1790252259431990481,297269,101589,6,4,46.6,"[28.3, 32.9, 36.9, 46.6]","['INSIDE', 'INSIDE', 'INSIDE', 'INSIDE']","[[2.04, 1.29, 1.13], [2.02, 1.89, 0.17], [0.73, 1.14, 0.05], [1.4, 1.52, 0.11]]","[62, 84, 55, 69]",35.1
224,1790252259550231119,295897,100638,3,3,47.1,"[33.1, 37.4, 47.1]","['INSIDE', 'INSIDE', 'INSIDE']","[[2.51, 2.11, 0.22], [0.93, 1.3, 0.06], [1.78, 1.4, 0.36]]","[84, 55, 69]",32.4
225,1790252259643795813,293993,100473,5,3,37.1,"[31.2, 33.2, 37.1]","['INSIDE', 'INSIDE', 'OUTSIDE']","[[2.33, 1.91, 0.2], [0.81, 1.42, 0.06], [0.92, 0.57, 0.34]]","[84, 69, 62]",24.9
226,1790252259738722799,291551,100798,4,2,33.1,"[30.1, 33.1]","['INSIDE', 'INSIDE']","[[1.92, 2.37, 0.41], [2.48, 2.0, 0.21]]","[62, 84]",24.3
227,1790252259828335197,287860,100089,0,0,0.0,[],[],[],[],21.0
228,1790252259936979149,282193,100404,0,0,0.0,[],[],[],[],24.4
229,1790252260030056404,271816,101060,0,0,0.0,[],[],[],[],20.6
230,1790252260121398297,252296,89186,1,0,0.0,[],[],[],[],12.2
231,1790252260234907338,213988,78995,1,0,0.0,[],[],[],[],5.2
232,1790252260330728777,280724,0,0,0,0.0,[],[],[],[],0.0
233,1790252260462580780,307200,100345,9,4,47.0,"[33.5, 34.4, 37.3, 47.0]","['RAIL', 'INSIDE', 'INSIDE', 'INSIDE']","[[1.16, 0.06, 0.23], [2.42, 2.05, 0.21], [1.15, 1.13, 0.08], [1.52, 1.55, 0.14]]","[84, 69, 55, 62]",24.8
234,1790252260537825590,307200,100422,11,3,49.2,"[34.0, 37.5, 49.2]","['RAIL', 'INSIDE', 'INSIDE']","[[0.17, 0.13, 0.54], [2.99, 2.97, 0.56], [2.85, 2.16, 0.31]]","[55, 62, 69]",30.0
235,1790252260632739988,307200,100849,6,3,37.1,"[31.9, 32.2, 37.1]","['OUTSIDE', 'INSIDE', 'INSIDE']","[[0.47, 0.86, 0.87], [1.05, 1.86, 0.11], [2.49, 2.04, 0.37]]","[95, 62, 69]",32.2
236,1790252260732135642,307200,101228,10,4,37.2,"[29.1, 32.1, 33.2, 37.2]","['RAIL', 'OUTSIDE', 'INSIDE', 'INSIDE']","[[0.51, 0.13, 0.4], [0.45, 0.77, 0.84], [2.29, 2.03, 0.2], [3.33, 2.46, 0.31]]","[95, 62, 69, 84]",32.1
237,1790252260829370392,307201,101445,9,4,49.4,"[29.6, 31.2, 37.4, 49.4]","['OUTSIDE', 'OUTSIDE', 'INSIDE', 'INSIDE']","[[1.1, 0.21, 0.98], [0.92, 1.08, 1.33], [1.43, 1.91, 0.16], [2.13, 2.05, 0.18]]","[55, 62, 84, 69]",30.5
238,1790252260924558563,307201,100902,10,5,48.9,"[26.6, 27.8, 29.5, 37.4, 48.9]","['OUTSIDE', 'INSIDE', 'RAIL', 'INSIDE', 'INSIDE']","[[2.21, 0.49, 2.31], [1.44, 1.72, 0.16], [0.89, 0.09, 0.42], [0.86, 1.45, 0.1], [2.2, 2.03, 0.19]]","[55, 84, 95, 62, 69]",32.3
239,1790252261035908160,307202,99936,8,2,37.2,"[33.9, 37.2]","['INSIDE', 'INSIDE']","[[2.18, 2.04, 0.19], [2.47, 2.29, 0.23]]","[69, 84]",33.4
240,1790252261126103537,307200,100069,8,1,37.5,[37.5],['INSIDE'],"[[2.74, 2.06, 0.24]]",[69],29.6
241,1790252261219867331,307200,99965,7,4,49.8,"[22.3, 34.7, 37.9, 49.8]","['NEAR', 'INSIDE', 'INSIDE', 'RAIL']","[[0.41, 0.46, 1.97], [0.51, 1.05, 0.94], [2.06, 1.81, 0.18], [0.56, 0.13, 0.24]]","[55, 84, 69, 95]",27.9
242,1790252261319869103,307202,100390,7,3,37.2,"[26.9, 30.7, 37.2]","['RAIL', 'INSIDE', 'OUTSIDE']","[[1.49, 0.12, 0.49], [3.21, 2.27, 0.28], [4.12, 2.61, 1.91]]","[62, 69, 84]",34.7
243,1790252261431312785,307202,98831,9,3,48.9,"[20.2, 37.9, 48.9]","['RAIL', 'INSIDE', 'RAIL']","[[0.36, 0.21, 0.63], [1.51, 1.69, 0.13], [0.63, 0.16, 0.26]]","[55, 69, 95]",32.8
244,1790252261529840964,307202,99776,7,0,0.0,[],[],[],[],33.2
245,1790252261625896462,307200,98735,11,3,47.8,"[33.8, 37.8, 47.8]","['INSIDE', 'INSIDE', 'INSIDE']","[[1.59, 1.82, 0.14], [3.27, 2.15, 0.31], [0.12, 1.0, 0.01]]","[69, 84, 55]",43.2
246,1790252261730212893,307200,94106,6,3,46.9,"[31.3, 37.6, 46.9]","['INSIDE', 'INSIDE', 'INSIDE']","[[1.52, 1.8, 0.13], [2.91, 1.89, 0.26], [0.64, 1.3, 0.04]]","[69, 84, 55]",36.8
247,1790252261828470980,307200,99039,7,3,47.8,"[34.9, 37.8, 47.8]","['RAIL', 'INSIDE', 'INSIDE']","[[0.09, 0.16, 0.29], [2.85, 2.09, 0.25], [2.53, 1.88, 0.35]]","[55, 69, 84]",45.1
248,1790252261934534899,307200,98661,12,4,46.6,"[25.4, 34.2, 37.9, 46.6]","['RAIL', 'INSIDE', 'RAIL', 'INSIDE']","[[0.08, 0.25, 0.28], [2.3, 1.93, 0.2], [0.36, 0.09, 0.52], [2.73, 2.19, 0.4]]","[55, 69, 62, 84]",38.7
249,1790252262040277530,307200,98710,5,2,37.6,"[33.7, 37.6]","['INSIDE', 'INSIDE']","[[1.52, 1.67, 0.13], [2.49, 2.38, 0.24]]","[69, 84]",37.9
250,1790252262130062200,307200,98564,6,2,44.3,"[34.5, 44.3]","['RAIL', 'INSIDE']","[[0.06, 0.18, 0.27], [2.47, 1.33, 0.24]]","[55, 84]",46.3
251,1790252262234906592,307200,98454,8,3,43.2,"[34.4, 41.4, 43.2]","['RAIL', 'INSIDE', 'INSIDE']","[[0.08, 0.32, 0.26], [1.04, 1.42, 0.07], [2.56, 2.09, 0.24]]","[55, 99, 84]",31.0
252,1790252262323392946,307200,98469,7,3,45.2,"[40.4, 42.0, 45.2]","['RAIL', 'INSIDE', 'INSIDE']","[[0.09, 0.31, 0.25], [0.83, 1.53, 0.06], [0.94, 1.24, 0.06]]","[55, 99, 107]",30.7
253,1790252262424502024,307202,98436,6,4,45.8,"[37.7, 40.5, 40.8, 45.8]","['RAIL', 'INSIDE', 'INSIDE', 'INSIDE']","[[0.08, 0.31, 0.25], [0.37, 1.41, 0.03], [1.66, 1.32, 0.13], [1.05, 1.46, 0.06]]","[55, 99, 69, 107]",35.1
254,1790252262523463970,307200,98524,10,5,49.3,"[23.1, 37.7, 39.6, 40.8, 49.3]","['INSIDE', 'RAIL', 'RAIL', 'INSIDE', 'INSIDE']","[[1.18, 0.38, 1.96], [0.08, 0.29, 0.24], [1.32, 0.09, 0.41], [0.98, 1.11, 0.07], [0.75, 0.93, 0.06]]","[107, 55, 62, 99, 69]",32.5
255,1790252262632416370,307202,97398,7,3,40.2,"[36.7, 38.4, 40.2]","['RAIL', 'INSIDE', 'INSIDE']","[[0.08, 0.34, 0.31], [0.75, 1.53, 0.05], [1.04, 1.64, 0.08]]","[55, 99, 69]",31.0
256,1790252262736306563,307200,94885,8,5,49.7,"[34.1, 37.2, 39.3, 40.3, 49.7]","['RAIL', 'RAIL', 'INSIDE', 'INSIDE', 'NEAR']","[[0.44, 0.21, 1.09], [0.09, 0.34, 0.3], [1.21, 0.56, 0.08], [1.35, 1.3, 0.12], [0.94, 1.09, 0.06]]","[107, 55, 99, 84, 69]",30.3
257,1790252262848243303,307201,92981,5,3,40.6,"[34.0, 36.7, 40.6]","['INSIDE', 'INSIDE', 'INSIDE']","[[1.96, 1.98, 0.14], [1.46, 1.62, 0.12], [0.42, 1.4, 0.03]]","[69, 84, 99]",32.1
258,1790252262929978328,307201,90950,10,5,49.1,"[32.9, 34.8, 36.4, 40.4, 49.1]","['INSIDE', 'RAIL', 'INSIDE', 'INSIDE', 'INSIDE']","[[1.68, 0.35, 1.86], [0.16, 0.33, 0.28], [1.45, 1.91, 0.13], [0.43, 1.27, 0.03], [0.21, 1.14, 0.02]]","[107, 55, 84, 69, 99]",26.6
259,1790252263044397062,307201,90498,9,5,48.8,"[32.2, 33.6, 36.3, 40.2, 48.8]","['RAIL', 'RAIL', 'INSIDE', 'INSIDE', 'INSIDE']","[[0.24, 0.1, 0.43], [0.18, 0.38, 0.37], [1.35, 0.94, 1.12], [1.64, 1.3, 0.11], [0.39, 1.39, 0.03]]","[107, 55, 84, 69, 99]",29.7
260,1790252263136172298,307202,90305,6,4,41.3,"[31.1, 32.4, 36.6, 41.3]","['RAIL', 'INSIDE', 'INSIDE', 'INSIDE']","[[0.17, 0.42, 0.43], [0.65, 1.06, 0.84], [1.04, 1.42, 0.07], [1.38, 1.67, 0.11]]","[55, 84, 69, 99]",25.6
261,1790252263261387553,307202,90558,7,5,47.7,"[26.6, 31.2, 36.7, 41.6, 47.7]","['INSIDE', 'RAIL', 'INSIDE', 'INSIDE', 'INSIDE']","[[4.53, 0.48, 1.93], [0.21, 0.47, 0.41], [1.49, 1.24, 0.17], [0.78, 1.17, 0.06], [0.52, 1.53, 0.04]]","[107, 55, 108, 69, 99]",25.8
262,1790252263331263496,307201,90672,7,4,46.6,"[30.0, 36.0, 41.4, 46.6]","['INSIDE', 'RAIL', 'INSIDE', 'INSIDE']","[[6.42, 0.53, 1.94], [0.25, 0.44, 0.47], [0.41, 1.44, 0.03], [1.52, 1.71, 0.11]]","[107, 55, 69, 99]",25.9
263,1790252263439221891,307201,90927,8,5,41.6,"[28.4, 28.7, 29.5, 36.5, 41.6]","['RAIL', 'INSIDE', 'INSIDE', 'INSIDE', 'INSIDE']","[[0.22, 0.48, 0.51], [0.71, 0.88, 1.02], [0.47, 1.18, 1.01], [1.06, 1.33, 0.08], [1.56, 1.48, 0.12]]","[55, 84, 108, 69, 99]",24.4
264,1790252263539382592,307200,91341,7,4,41.7,"[27.5, 29.4, 37.3, 41.7]","['RAIL', 'INSIDE', 'NEAR', 'INSIDE']","[[0.32, 0.56, 0.48], [1.67, 1.89, 1.39], [0.62, 1.44, 0.04], [1.06, 1.42, 0.08]]","[55, 84, 69, 99]",26.6
265,1790252263630980953,307201,91451,8,5,37.3,"[25.8, 26.5, 30.4, 32.6, 37.3]","['RAIL', 'INSIDE', 'INSIDE', 'INSIDE', 'INSIDE']","[[0.83, 0.6, 0.47], [1.42, 1.13, 0.87], [0.42, 0.61, 0.26], [1.99, 2.13, 0.17], [0.98, 1.27, 0.07]]","[55, 84, 108, 111, 99]",25.1
266,1790252263748347120,307201,91385,9,6,40.6,"[25.3, 27.7, 28.4, 31.5, 36.4, 40.6]","['NEAR', 'INSIDE', 'RAIL', 'INSIDE', 'INSIDE', 'INSIDE']","[[0.7, 0.44, 0.71], [0.38, 0.69, 0.82], [0.95, 0.65, 0.52], [1.37, 2.11, 0.1], [1.3, 1.5, 0.13], [1.82, 1.98, 0.14]]","[84, 111, 55, 69, 108, 99]",24.9
267,1790252263832657223,307201,91177,8,5,44.3,"[23.7, 32.2, 34.4, 41.5, 44.3]","['INSIDE', 'RAIL', 'INSIDE', 'INSIDE', 'INSIDE']","[[6.79, 0.72, 2.22], [0.35, 0.62, 0.58], [0.5, 0.62, 0.57], [1.24, 1.77, 0.09], [0.89, 1.42, 0.08]]","[103, 55, 111, 69, 99]",25.5
268,1790252263931885135,307201,90650,6,3,47.4,"[30.2, 33.8, 47.4]","['INSIDE', 'INSIDE', 'INSIDE']","[[4.98, 0.58, 2.3], [0.35, 1.41, 0.03], [1.17, 1.86, 0.11]]","[107, 99, 108]",24.6
269,1790252264056581121,307201,90401,5,2,33.1,"[30.8, 33.1]","['INSIDE', 'INSIDE']","[[1.87, 2.06, 0.16], [1.14, 1.59, 0.11]]","[99, 108]",24.6
270,1790252264130888935,307201,90539,10,6,49.5,"[28.2, 30.8, 33.6, 37.3, 42.4, 49.5]","['INSIDE', 'INSIDE', 'INSIDE', 'NEAR', 'INSIDE', 'INSIDE']","[[0.73, 0.27, 1.95], [1.15, 1.85, 0.1], [0.6, 1.38, 0.06], [1.26, 1.48, 0.09], [1.06, 1.58, 0.1], [0.68, 1.55, 0.05]]","[107, 99, 84, 69, 108, 111]",22.6
271,1790252264227042067,307201,90849,11,7,49.0,"[28.2, 31.5, 33.4, 37.1, 41.7, 47.2, 49.0]","['INSIDE', 'INSIDE', 'INSIDE', 'INSIDE', 'INSIDE', 'INSIDE', 'INSIDE']","[[1.91, 0.5, 1.98], [0.41, 0.21, 0.42], [1.25, 0.68, 0.36], [1.35, 1.6, 0.14], [1.21, 1.88, 0.11], [2.16, 1.52, 0.15], [1.14, 1.8, 0.09]]","[107, 103, 108, 84, 99, 69, 111]",22.9
272,1790252264339037933,307201,91214,6,5,41.7,"[29.8, 33.0, 33.0, 36.7, 41.7]","['INSIDE', 'INSIDE', 'INSIDE', 'OUTSIDE', 'INSIDE']","[[0.49, 0.67, 0.54], [1.04, 1.26, 0.09], [1.25, 0.91, 0.09], [1.03, 0.64, 0.09], [0.71, 1.65, 0.05]]","[108, 99, 69, 113, 111]",24.5
273,1790252264427227916,307202,91992,7,6,47.2,"[28.4, 30.7, 33.5, 38.1, 43.6, 47.2]","['INSIDE', 'INSIDE', 'INSIDE', 'NEAR', 'INSIDE', 'INSIDE']","[[5.44, 0.63, 2.3], [0.68, 1.05, 1.22], [1.32, 1.95, 0.11], [1.04, 1.4, 0.07], [1.34, 2.11, 0.26], [0.17, 1.06, 0.01]]","[103, 108, 99, 69, 84, 111]",22.7
274,1790252264531661796,307201,93560,3,2,37.8,"[33.3, 37.8]","['INSIDE', 'NEAR']","[[1.07, 1.95, 0.1], [0.44, 1.31, 0.03]]","[99, 111]",22.1
275,1790252264648844446,307201,94201,5,4,33.0,"[23.6, 29.7, 30.6, 33.0]","['RAIL', 'INSIDE', 'INSIDE', 'INSIDE']","[[1.52, 0.45, 0.48], [0.77, 0.66, 0.53], [0.55, 1.05, 0.82], [1.14, 1.94, 0.1]]","[55, 108, 84, 99]",21.2
276,1790252264730891334,307202,95500,6,5,43.4,"[22.1, 30.0, 33.9, 39.3, 43.4]","['RAIL', 'INSIDE', 'OUTSIDE', 'INSIDE', 'NEAR']","[[1.95, 0.52, 0.51], [1.51, 1.79, 0.13], [0.89, 1.5, 0.06], [2.21, 2.3, 0.21], [0.6, 1.09, 0.05]]","[55, 99, 69, 108, 111]",25.7
277,1790252264841257812,307201,97103,5,5,49.8,"[22.6, 33.4, 39.1, 42.7, 49.8]","['INSIDE', 'INSIDE', 'OUTSIDE', 'NEAR', 'RAIL']","[[0.3, 0.19, 0.56], [1.6, 2.0, 0.14], [0.58, 1.49, 0.04], [1.02, 1.35, 0.08], [0.2, 0.12, 0.03]]","[107, 99, 69, 111, 55]",22.8
278,1790252264926266135,307201,98772,8,4,45.4,"[30.8, 34.0, 43.5, 45.4]","['INSIDE', 'INSIDE', 'OUTSIDE', 'INSIDE']","[[1.94, 0.42, 1.8], [1.04, 0.97, 0.09], [0.45, 1.21, 0.03], [1.47, 2.0, 0.13]]","[103, 99, 69, 108]",22.8
279,1790252265032772963,307201,100368,5,3,43.4,"[20.0, 38.1, 43.4]","['OUTSIDE', 'INSIDE', 'RAIL']","[[1.06, 1.4, 0.08], [2.14, 2.13, 0.17], [0.34, 0.2, 0.42]]","[69, 111, 55]",22.0
280,1790252265137891008,307202,101663,6,4,32.3,"[30.8, 31.2, 32.1, 32.3]","['INSIDE', 'INSIDE', 'INSIDE', 'NEAR']","[[0.55, 0.83, 0.84], [1.54, 0.61, 0.84], [0.99, 1.0, 0.1], [1.36, 0.73, 0.27]]","[84, 99, 108, 113]",21.3
281,1790252265230926652,307201,102239,6,5,38.3,"[30.1, 31.0, 32.3, 36.8, 38.3]","['INSIDE', 'INSIDE', 'INSIDE', 'OUTSIDE', 'OUTSIDE']","[[1.35, 1.32, 0.85], [1.85, 0.67, 0.15], [0.34, 1.01, 0.03], [1.76, 1.42, 0.13], [1.23, 0.81, 0.11]]","[84, 111, 113, 69, 108]",21.6
282,1790252265336655555,307201,103193,6,4,32.1,"[20.0, 29.3, 32.1, 32.1]","['INSIDE', 'NEAR', 'INSIDE', 'RAIL']","[[0.31, 0.99, 0.84], [1.3, 0.77, 0.24], [1.43, 1.75, 0.13], [1.98, 0.27, 0.76]]","[99, 108, 113, 55]",19.8
283,1790252265419648196,307201,103642,11,8,45.1,"[19.5, 26.7, 28.2, 29.8, 31.5, 31.7, 39.1, 45.1]","['INSIDE', 'INSIDE', 'INSIDE', 'INSIDE', 'OUTSIDE', 'INSIDE', 'RAIL', 'NEAR']","[[0.59, 1.11, 1.18], [1.56, 1.04, 1.27], [0.98, 1.09, 0.87], [0.86, 1.54, 0.09], [1.4, 1.45, 0.1], [2.38, 2.02, 0.23], [2.55, 0.28, 0.75], [1.46, 1.4, 0.12]]","[116, 84, 99, 108, 103, 113, 55, 69]",24.8
284,1790252265537023374,307202,102964,7,5,39.4,"[29.3, 31.0, 32.3, 35.3, 39.4]","['INSIDE', 'INSIDE', 'NEAR', 'INSIDE', 'OUTSIDE']","[[0.47, 1.02, 1.24], [0.5, 1.0, 0.83], [1.33, 1.47, 0.12], [2.61, 2.28, 0.25], [1.14, 1.34, 0.09]]","[84, 99, 111, 113, 69]",22.6
285,1790252265636932332,307202,102219,4,3,40.1,"[31.7, 34.6, 40.1]","['INSIDE', 'INSIDE', 'INSIDE']","[[1.98, 2.03, 0.17], [0.31, 1.32, 0.03], [0.97, 0.73, 0.08]]","[111, 113, 69]",21.8
286,1790252265745779679,307201,101592,2,2,35.6,"[30.8, 35.6]","['INSIDE', 'NEAR']","[[1.2, 1.01, 1.12], [1.1, 1.47, 0.09]]","[99, 111]",22.5
287,1790252265825574055,307201,101654,5,4,49.7,"[29.2, 31.7, 40.3, 49.7]","['INSIDE', 'INSIDE', 'INSIDE', 'NEAR']","[[0.48, 0.18, 0.76], [1.07, 1.71, 0.11], [2.06, 2.09, 0.2], [1.17, 1.28, 0.09]]","[103, 108, 113, 69]",24.2
288,1790252265923665475,307202,101762,9,7,48.5,"[29.2, 30.0, 31.9, 32.4, 36.2, 40.2, 48.5]","['INSIDE', 'INSIDE', 'RAIL', 'INSIDE', 'NEAR', 'INSIDE', 'NEAR']","[[0.64, 0.31, 1.26], [1.54, 1.4, 0.9], [0.28, 0.1, 0.49], [0.45, 1.53, 0.29], [0.68, 1.14, 0.06], [1.13, 1.48, 0.11], [0.72, 1.27, 0.06]]","[103, 84, 113, 108, 111, 99, 69]",26.2
289,1790252266028106143,307202,101959,7,6,49.0,"[28.1, 30.6, 31.0, 32.1, 36.0, 49.0]","['INSIDE', 'RAIL', 'INSIDE', 'NEAR', 'INSIDE', 'INSIDE']","[[1.59, 0.31, 1.47], [0.29, 0.19, 0.55], [0.83, 0.95, 1.23], [0.43, 1.38, 0.03], [1.31, 0.43, 0.12], [0.4, 1.34, 0.04]]","[103, 113, 116, 111, 84, 99]",24.0
290,1790252266129493021,307200,102332,10,7,46.6,"[25.7, 28.8, 29.1, 29.5, 30.0, 35.6, 46.6]","['RAIL', 'INSIDE', 'INSIDE', 'INSIDE', 'RAIL', 'INSIDE', 'OUTSIDE']","[[0.27, 0.27, 0.6], [0.29, 1.21, 0.9], [0.55, 1.06, 1.25], [1.04, 0.9, 0.75], [0.42, 0.11, 0.2], [2.28, 1.9, 0.2], [1.94, 2.55, 1.13]]","[113, 116, 84, 108, 114, 111, 99]",24.9
291,1790252266227888619,307201,95711,6,4,48.0,"[26.6, 41.3, 45.4, 48.0]","['INSIDE', 'INSIDE', 'RAIL', 'OUTSIDE']","[[3.79, 0.69, 1.95], [0.22, 0.19, 0.73], [0.32, 0.18, 0.59], [1.08, 1.28, 0.08]]","[103, 114, 113, 69]",24.0
292,1790252266346717609,307202,101000,9,6,45.7,"[26.6, 28.3, 30.1, 35.6, 40.9, 45.7]","['INSIDE', 'RAIL', 'INSIDE', 'INSIDE', 'INSIDE', 'OUTSIDE']","[[8.39, 1.0, 2.39], [0.31, 0.34, 0.6], [1.95, 1.56, 1.49], [0.98, 1.29, 0.1], [2.16, 1.79, 0.19], [1.32, 1.55, 0.1]]","[114, 113, 84, 99, 111, 69]",21.1
293,1790252266430369511,307201,100588,7,5,35.9,"[23.7, 27.1, 28.2, 30.1, 35.9]","['INSIDE', 'INSIDE', 'RAIL', 'INSIDE', 'NEAR']","[[0.41, 1.0, 0.93], [0.79, 0.86, 1.03], [0.35, 0.33, 0.58], [0.67, 1.57, 0.07], [0.82, 1.48, 0.07]]","[84, 108, 113, 99, 111]",21.7
294,1790252266529514973,307202,100434,9,7,45.9,"[23.7, 28.1, 29.9, 30.7, 36.6, 41.1, 45.9]","['RAIL', 'INSIDE', 'INSIDE', 'INSIDE', 'NEAR', 'OUTSIDE', 'OUTSIDE']","[[0.33, 0.32, 0.58], [0.59, 1.1, 1.28], [0.63, 1.17, 1.05], [1.05, 1.44, 0.12], [0.73, 1.26, 0.06], [1.05, 0.84, 0.07], [1.26, 1.32, 0.1]]","[113, 108, 117, 99, 111, 114, 69]",21.3
295,1790252266616391045,307200,100517,8,6,41.3,"[21.1, 26.0, 28.2, 30.2, 32.2, 41.3]","['INSIDE', 'INSIDE', 'RAIL', 'INSIDE', 'INSIDE', 'OUTSIDE']","[[0.47, 1.23, 0.99], [0.61, 0.72, 0.55], [1.23, 0.44, 0.61], [0.3, 1.19, 0.04], [0.48, 1.46, 0.05], [0.63, 1.29, 0.05]]","[84, 117, 113, 116, 99, 69]",24.6
296,1790252266734529094,307200,100631,12,8,46.1,"[20.8, 24.2, 31.6, 32.6, 33.0, 35.1, 40.8, 46.1]","['INSIDE', 'INSIDE', 'RAIL', 'INSIDE', 'INSIDE', 'INSIDE', 'NEAR', 'OUTSIDE']","[[2.57, 0.49, 1.83], [1.01, 2.98, 1.74], [0.34, 0.69, 0.55], [0.68, 1.07, 1.18], [0.73, 0.87, 0.82], [1.35, 0.51, 0.12], [1.13, 1.34, 0.1], [1.36, 1.54, 0.1]]","[103, 116, 113, 117, 108, 111, 99, 69]",24.0
297,1790252266823239273,307198,100435,3,2,41.3,"[33.0, 41.3]","['INSIDE', 'OUTSIDE']","[[2.04, 1.94, 0.2], [0.82, 1.28, 0.06]]","[99, 69]",23.9
298,1790252266925743306,307201,100412,6,5,46.3,"[30.4, 33.4, 36.8, 41.5, 46.3]","['INSIDE', 'INSIDE', 'INSIDE', 'INSIDE', 'OUTSIDE']","[[11.11, 1.24, 3.13], [7.4, 0.88, 2.21], [0.99, 1.35, 0.1], [1.88, 1.93, 0.18], [1.07, 1.32, 0.09]]","[111, 103, 108, 99, 69]",27.1
299,1790252267027254197,307202,100396,6,3,49.4,"[32.3, 33.4, 49.4]","['RAIL', 'INSIDE', 'INSIDE']","[[0.7, 0.2, 0.44], [0.72, 0.87, 1.1], [1.42, 1.62, 0.14]]","[103, 117, 99]",24.2
300,1790252267133360541,307198,100470,6,4,40.6,"[20.5, 27.9, 32.6, 40.6]","['INSIDE', 'INSIDE', 'NEAR', 'RAIL']","[[1.34, 1.81, 0.15], [2.29, 1.87, 0.22], [1.01, 0.74, 0.08], [4.06, 0.22, 0.1]]","[84, 99, 69, 113]",25.4
301,1790252267232411263,307201,100813,5,4,33.1,"[29.0, 30.5, 31.1, 33.1]","['INSIDE', 'INSIDE', 'INSIDE', 'INSIDE']","[[0.67, 0.81, 1.0], [1.02, 0.73, 1.04], [1.11, 1.67, 0.12], [0.56, 1.49, 0.06]]","[84, 117, 108, 99]",23.7
302,1790252267326098898,307199,100706,7,5,33.5,"[28.2, 29.8, 31.0, 32.5, 33.5]","['INSIDE', 'INSIDE', 'INSIDE', 'OUTSIDE', 'INSIDE']","[[0.74, 0.79, 0.75], [1.38, 1.38, 1.18], [0.71, 0.89, 0.84], [1.61, 2.64, 0.99], [0.29, 1.28, 0.03]]","[84, 117, 99, 108, 111]",22.7
303,1790252267425145926,307201,100483,5,3,41.3,"[32.4, 35.9, 41.3]","['INSIDE', 'INSIDE', 'OUTSIDE']","[[2.08, 1.67, 0.18], [1.27, 1.93, 0.33], [1.0, 1.32, 0.08]]","[111, 99, 69]",20.8
304,1790252267553268630,307202,101693,7,5,49.3,"[29.7, 32.9, 37.4, 41.1, 49.3]","['INSIDE', 'INSIDE', 'NEAR', 'OUTSIDE', 'NEAR']","[[1.42, 0.31, 1.62], [0.68, 0.84, 0.98], [0.25, 1.04, 0.02], [2.34, 1.65, 0.19], [1.37, 1.44, 0.13]]","[103, 84, 111, 69, 99]",22.0
305,1790252267646040017,307197,102216,4,4,37.1,"[29.7, 32.0, 33.2, 37.1]","['INSIDE', 'INSIDE', 'NEAR', 'INSIDE']","[[0.62, 0.94, 1.02], [0.61, 0.88, 0.84], [1.24, 1.34, 0.11], [1.23, 1.32, 0.12]]","[84, 117, 111, 99]",26.0
306,1790252267750503321,307198,102776,4,3,32.6,"[27.4, 29.4, 32.6]","['INSIDE', 'INSIDE', 'INSIDE']","[[0.43, 0.88, 0.75], [0.58, 1.61, 0.06], [1.17, 1.58, 0.11]]","[84, 108, 99]",23.1
307,1790252267855106486,307200,102192,6,4,43.2,"[28.0, 33.0, 40.7, 43.2]","['INSIDE', 'RAIL', 'INSIDE', 'OUTSIDE']","[[0.56, 0.32, 1.63], [0.9, 0.17, 0.63], [1.3, 1.6, 0.13], [1.0, 1.29, 0.08]]","[69, 108, 99, 111]",25.6
308,1790252267933213064,307198,102767,5,4,37.1,"[26.6, 29.8, 33.1, 37.1]","['RAIL', 'INSIDE', 'INSIDE', 'OUTSIDE']","[[0.7, 0.21, 0.72], [1.28, 1.14, 1.09], [0.31, 1.1, 1.15], [0.38, 1.03, 0.03]]","[108, 84, 117, 111]",22.7
309,1790252268038875047,307200,101525,3,3,30.0,"[28.8, 29.5, 30.0]","['INSIDE', 'INSIDE', 'INSIDE']","[[0.42, 0.76, 0.75], [0.32, 0.92, 1.04], [1.02, 1.6, 0.11]]","[84, 122, 99]",21.5
310,1790252268127101114,307201,101749,8,7,48.4,"[27.9, 28.9, 30.0, 30.3, 31.6, 32.1, 48.4]","['RAIL', 'INSIDE', 'INSIDE', 'INSIDE', 'OUTSIDE', 'INSIDE', 'INSIDE']","[[0.48, 0.3, 0.66], [0.21, 0.8, 1.0], [1.04, 0.91, 0.77], [0.88, 0.88, 0.82], [0.31, 2.51, 0.73], [1.19, 1.67, 0.13], [1.51, 0.68, 0.14]]","[103, 84, 122, 117, 99, 108, 111]",20.1
311,1790252268245474856,307200,101768,5,4,49.3,"[28.1, 29.8, 40.5, 49.3]","['INSIDE', 'INSIDE', 'INSIDE', 'OUTSIDE']","[[1.41, 0.45, 2.36], [0.34, 0.89, 0.04], [1.22, 1.6, 0.13], [1.23, 1.55, 0.1]]","[103, 99, 108, 69]",19.7
312,1790252268346294108,307202,101956,7,6,48.8,"[25.7, 29.8, 30.2, 33.1, 41.1, 48.8]","['INSIDE', 'INSIDE', 'INSIDE', 'INSIDE', 'NEAR', 'OUTSIDE']","[[2.37, 0.52, 1.96], [0.43, 1.04, 0.89], [0.72, 1.03, 1.02], [1.09, 1.4, 0.12], [1.09, 1.48, 0.11], [0.96, 1.04, 0.08]]","[103, 99, 122, 108, 111, 69]",23.4
313,1790252268441582837,307202,102227,4,4,40.9,"[30.1, 32.1, 33.4, 40.9]","['INSIDE', 'INSIDE', 'INSIDE', 'OUTSIDE']","[[0.6, 0.7, 0.83], [0.63, 0.95, 1.14], [1.09, 1.09, 0.11], [0.64, 1.28, 0.05]]","[122, 117, 111, 69]",24.9
314,1790252268546243426,307200,103500,9,6,32.4,"[27.7, 29.7, 30.3, 30.6, 31.6, 32.4]","['INSIDE', 'INSIDE', 'INSIDE', 'OUTSIDE', 'INSIDE', 'INSIDE']","[[0.3, 0.96, 1.13], [0.75, 0.94, 0.99], [0.58, 0.92, 0.78], [1.66, 2.63, 0.74], [0.37, 0.86, 0.85], [0.21, 1.06, 0.02]]","[117, 122, 108, 84, 111, 99]",46.8
315,1790252268651090361,307204,94532,7,4,48.9,"[30.3, 32.6, 41.0, 48.9]","['INSIDE', 'INSIDE', 'INSIDE', 'OUTSIDE']","[[2.09, 0.47, 1.81], [1.17, 1.66, 0.12], [2.43, 1.95, 0.23], [0.87, 1.42, 0.07]]","[103, 99, 117, 69]",55.2
316,1790252268744162723,307199,102193,6,3,45.4,"[28.1, 32.3, 45.4]","['INSIDE', 'OUTSIDE', 'NEAR']","[[0.23, 1.08, 0.02], [0.54, 0.82, 0.04], [1.84, 1.5, 0.17]]","[84, 69, 117]",49.7
317,1790252268849439158,307206,102128,5,3,39.7,"[25.6, 32.3, 39.7]","['INSIDE', 'INSIDE', 'OUTSIDE']","[[0.12, 1.16, 0.02], [1.55, 0.94, 0.15], [0.47, 1.38, 0.03]]","[84, 117, 121]",28.5
318,1790252268936567896,307201,102011,4,3,39.4,"[31.2, 32.0, 39.4]","['INSIDE', 'NEAR', 'NEAR']","[[0.86, 0.69, 0.6], [1.97, 1.37, 0.18], [1.01, 1.12, 0.08]]","[111, 117, 121]",35.2
319,1790252269065014673,307204,102244,8,7,49.2,"[28.9, 29.6, 29.8, 30.4, 31.5, 39.5, 49.2]","['INSIDE', 'INSIDE', 'INSIDE', 'INSIDE', 'INSIDE', 'OUTSIDE', 'NEAR']","[[1.56, 0.36, 1.98], [0.82, 1.1, 1.27], [0.66, 1.17, 1.06], [0.72, 0.61, 0.54], [0.77, 1.17, 0.08], [1.31, 0.43, 0.13], [0.65, 1.23, 0.05]]","[103, 122, 108, 111, 99, 117, 121]",28.8
320,1790252269144176883,307202,102279,10,7,48.4,"[27.7, 29.0, 29.7, 29.9, 32.7, 38.8, 48.4]","['INSIDE', 'RAIL', 'INSIDE', 'INSIDE', 'INSIDE', 'INSIDE', 'INSIDE']","[[3.08, 0.53, 1.95], [0.96, 0.21, 0.2], [0.49, 1.21, 0.99], [0.46, 0.77, 0.74], [0.52, 0.77, 0.53], [0.51, 1.13, 0.05], [0.58, 0.97, 0.05]]","[103, 117, 122, 108, 99, 111, 121]",29.9
321,1790252269245434810,307204,102352,9,6,35.2,"[27.7, 28.0, 30.0, 31.9, 33.4, 35.2]","['RAIL', 'INSIDE', 'INSIDE', 'INSIDE', 'INSIDE', 'INSIDE']","[[0.82, 0.3, 0.19], [1.79, 1.5, 1.33], [0.59, 0.77, 1.06], [0.44, 0.65, 0.59], [0.31, 1.1, 0.03], [2.5, 2.45, 0.33]]","[117, 122, 99, 111, 121, 108]",27.3
322,1790252269337471665,307203,102669,9,6,47.2,"[26.5, 29.7, 30.6, 35.4, 43.3, 47.2]","['INSIDE', 'RAIL', 'INSIDE', 'INSIDE', 'OUTSIDE', 'NEAR']","[[5.38, 0.69, 2.2], [0.93, 0.27, 0.18], [0.48, 1.29, 1.07], [0.67, 1.54, 0.07], [2.08, 1.85, 0.15], [0.18, 0.86, 0.01]]","[103, 117, 99, 108, 69, 121]",36.6
323,1790252269442403476,307199,103369,8,6,34.4,"[24.9, 26.1, 27.0, 27.3, 32.1, 34.4]","['INSIDE', 'INSIDE', 'RAIL', 'INSIDE', 'INSIDE', 'INSIDE']","[[0.64, 1.34, 1.15], [0.53, 1.01, 1.16], [1.03, 0.42, 0.21], [1.06, 1.36, 0.12], [0.69, 0.59, 0.82], [1.3, 1.58, 0.12]]","[122, 84, 117, 108, 111, 121]",32.6
324,1790252269551929068,307199,102317,6,3,46.1,"[28.2, 32.9, 46.1]","['INSIDE', 'INSIDE', 'INSIDE']","[[4.07, 0.73, 2.28], [2.15, 2.82, 1.14], [1.35, 0.47, 0.12]]","[103, 108, 111]",34.8
325,1790252269640501658,307195,102572,5,1,33.0,[33.0],['INSIDE'],"[[1.11, 1.25, 0.91]]",[111],35.4
326,1790252269750755833,307199,103065,3,1,47.5,[47.5],['INSIDE'],"[[4.91, 0.9, 2.39]]",[103],33.9
327,1790252269844830301,307197,103345,5,4,43.5,"[25.3, 30.4, 34.5, 43.5]","['INSIDE', 'INSIDE', 'INSIDE', 'OUTSIDE']","[[0.44, 0.58, 0.53], [0.24, 1.23, 0.03], [1.54, 1.61, 0.14], [0.92, 1.1, 0.07]]","[99, 122, 121, 69]",32.5
328,1790252269959730770,307200,103289,4,3,47.8,"[30.8, 43.9, 47.8]","['INSIDE', 'INSIDE', 'OUTSIDE']","[[4.26, 0.57, 2.26], [0.46, 0.83, 0.83], [0.97, 0.81, 0.07]]","[103, 99, 69]",31.9
329,1790252270068727434,307196,103613,6,4,34.9,"[28.7, 29.3, 31.0, 34.9]","['INSIDE', 'INSIDE', 'NEAR', 'OUTSIDE']","[[0.7, 0.69, 0.57], [1.15, 1.36, 0.12], [0.42, 1.21, 0.03], [0.98, 0.34, 0.1]]","[99, 108, 121, 124]",42.4
330,1790252270155319855,307194,103712,3,2,42.6,"[35.2, 42.6]","['NEAR', 'OUTSIDE']","[[0.27, 0.98, 0.02], [0.94, 1.08, 0.07]]","[121, 69]",38.4
331,1790252270249379587,307198,103661,3,2,42.1,"[29.9, 42.1]","['OUTSIDE', 'INSIDE']","[[1.27, 1.77, 0.09], [1.11, 0.53, 0.11]]","[69, 108]",39.0
332,1790252270337925123,307196,103598,10,7,41.8,"[27.1, 28.2, 29.0, 32.3, 33.5, 33.9, 41.8]","['INSIDE', 'INSIDE', 'INSIDE', 'INSIDE', 'INSIDE', 'OUTSIDE', 'INSIDE']","[[0.6, 0.8, 0.95], [0.51, 0.87, 0.74], [0.48, 0.97, 0.74], [0.41, 0.85, 0.91], [1.41, 0.86, 0.39], [1.55, 1.88, 0.11], [1.08, 1.44, 0.1]]","[84, 108, 122, 111, 121, 69, 99]",38.1
333,1790252270439743224,307194,103485,7,5,40.7,"[28.3, 28.9, 31.5, 33.6, 40.7]","['INSIDE', 'INSIDE', 'INSIDE', 'OUTSIDE', 'NEAR']","[[0.94, 2.08, 1.26], [0.92, 0.96, 0.92], [1.37, 0.89, 0.1], [1.52, 2.43, 0.79], [1.54, 1.37, 0.14]]","[84, 111, 69, 124, 99]",48.2
334,1790252270546689019,307194,103581,5,2,49.0,"[31.3, 49.0]","['RAIL', 'INSIDE']","[[0.48, 0.16, 0.76], [1.83, 1.79, 0.17]]","[103, 99]",43.0
335,1790252270640361062,307192,103669,4,0,0.0,[],[],[],[],41.0
336,1790252270763449390,307194,104563,9,5,31.2,"[29.5, 30.1, 30.6, 31.2, 31.2]","['RAIL', 'INSIDE', 'INSIDE', 'INSIDE', 'INSIDE']","[[0.13, 0.09, 0.48], [0.58, 0.88, 1.07], [0.53, 0.99, 0.77], [0.52, 0.86, 0.78], [0.76, 1.63, 0.08]]","[124, 108, 84, 99, 121]",40.1
337,1790252270845070264,307194,96320,11,8,46.9,"[27.6, 28.6, 28.9, 29.7, 31.5, 32.0, 42.4, 46.9]","['INSIDE', 'INSIDE', 'INSIDE', 'INSIDE', 'INSIDE', 'RAIL', 'NEAR', 'INSIDE']","[[4.17, 0.75, 2.33], [0.44, 1.29, 0.99], [1.03, 0.94, 0.79], [0.5, 1.33, 1.06], [1.11, 1.18, 1.1], [0.52, 0.17, 0.59], [1.01, 0.78, 0.07], [0.35, 1.31, 0.03]]","[103, 122, 84, 108, 99, 124, 69, 121]",36.9
338,1790252270940503080,307190,102061,8,4,34.2,"[26.9, 28.5, 30.5, 34.2]","['RAIL', 'OUTSIDE', 'INSIDE', 'INSIDE']","[[0.73, 0.25, 0.61], [1.3, 2.48, 0.78], [1.05, 1.11, 0.09], [1.52, 2.03, 0.15]]","[124, 84, 127, 121]",36.5
339,1790252271045749793,307192,100618,6,5,34.1,"[25.2, 28.5, 30.2, 31.4, 34.1]","['RAIL', 'INSIDE', 'INSIDE', 'INSIDE', 'INSIDE']","[[1.37, 0.35, 0.57], [0.5, 1.03, 0.81], [0.45, 0.61, 0.56], [0.94, 1.67, 0.1], [2.03, 1.37, 0.18]]","[124, 108, 99, 84, 127]",29.9
340,1790252271147224936,307195,102032,6,2,34.5,"[26.4, 34.5]","['INSIDE', 'NEAR']","[[0.72, 1.64, 0.08], [0.76, 1.43, 0.06]]","[122, 127]",35.1
341,1790252271250980168,307191,103393,7,4,47.0,"[30.1, 31.2, 33.7, 47.0]","['RAIL', 'INSIDE', 'INSIDE', 'INSIDE']","[[0.75, 0.2, 0.6], [0.72, 0.92, 1.04], [2.06, 1.71, 0.18], [1.18, 1.34, 0.11]]","[103, 108, 127, 121]",34.6
342,1790252271340422660,307186,103719,6,4,46.0,"[26.2, 31.0, 31.4, 46.0]","['INSIDE', 'INSIDE', 'INSIDE', 'INSIDE']","[[7.83, 0.86, 2.3], [0.34, 1.37, 0.04], [0.75, 1.05, 1.09], [1.99, 2.05, 0.19]]","[103, 122, 99, 121]",30.5
343,1790252271437968725,307191,103843,8,5,47.5,"[31.8, 34.5, 34.8, 44.6, 47.5]","['INSIDE', 'INSIDE', 'NEAR', 'NEAR', 'RAIL']","[[8.46, 0.84, 2.55], [0.3, 0.99, 0.89], [1.01, 1.12, 0.09], [1.2, 1.31, 0.27], [0.07, 0.25, 0.21]]","[103, 127, 121, 99, 69]",40.8
344,1790252271549999992,307185,104022,7,3,49.8,"[34.3, 46.3, 49.8]","['INSIDE', 'RAIL', 'NEAR']","[[5.77, 0.68, 2.11], [0.28, 0.11, 0.34], [1.25, 1.27, 0.11]]","[103, 69, 121]",36.0
345,1790252271641655249,307179,104002,7,3,35.1,"[31.0, 31.5, 35.1]","['INSIDE', 'NEAR', 'INSIDE']","[[0.37, 0.95, 0.81], [0.56, 1.21, 0.05], [0.94, 1.23, 0.09]]","[108, 121, 99]",36.3
346,1790252271750937253,307182,103688,7,4,34.9,"[29.8, 30.2, 32.1, 34.9]","['INSIDE', 'RAIL', 'NEAR', 'INSIDE']","[[1.32, 1.45, 1.11], [0.16, 0.12, 0.18], [1.47, 1.41, 0.12], [0.45, 1.0, 0.04]]","[108, 99, 121, 127]",41.7
347,1790252271848466639,307184,103078,5,2,32.0,"[28.6, 32.0]","['RAIL', 'INSIDE']","[[0.31, 0.18, 0.43], [1.14, 1.54, 0.11]]","[99, 127]",38.4
348,1790252271952876435,307197,102051,11,7,44.5,"[27.0, 28.6, 29.2, 29.9, 31.2, 35.5, 44.5]","['INSIDE', 'INSIDE', 'INSIDE', 'RAIL', 'INSIDE', 'INSIDE', 'INSIDE']","[[10.85, 1.15, 2.49], [0.31, 0.93, 1.06], [1.4, 1.01, 0.98], [0.3, 0.25, 0.48], [0.57, 0.88, 0.55], [1.21, 1.5, 0.12], [1.37, 1.39, 0.12]]","[103, 108, 84, 99, 127, 122, 121]",41.3
349,1790252272044964463,307196,101697,10,5,39.2,"[29.2, 31.2, 33.3, 35.6, 39.2]","['RAIL', 'INSIDE', 'INSIDE', 'INSIDE', 'NEAR']","[[0.25, 0.16, 0.51], [0.5, 0.72, 0.86], [0.9, 0.69, 0.58], [1.65, 1.4, 0.15], [0.59, 1.22, 0.04]]","[99, 108, 127, 121, 129]",42.0
350,1790252272149759435,307182,101789,12,7,38.8,"[24.7, 27.5, 29.1, 30.5, 31.2, 33.5, 38.8]","['RAIL', 'INSIDE', 'INSIDE', 'INSIDE', 'RAIL', 'OUTSIDE', 'NEAR']","[[0.16, 0.32, 0.78], [0.67, 0.83, 0.92], [1.32, 1.54, 1.12], [1.21, 0.76, 0.52], [0.3, 0.07, 0.4], [1.56, 2.54, 0.94], [1.26, 1.46, 0.1]]","[99, 108, 127, 84, 122, 126, 129]",39.3
351,1790252272241482317,307169,101822,13,7,38.3,"[27.1, 28.8, 29.7, 30.0, 34.3, 35.0, 38.3]","['RAIL', 'INSIDE', 'INSIDE', 'INSIDE', 'OUTSIDE', 'NEAR', 'NEAR']","[[0.31, 0.12, 0.45], [0.75, 1.2, 1.32], [0.73, 1.41, 0.08], [0.52, 0.98, 0.93], [0.74, 2.43, 0.82], [0.79, 1.45, 0.07], [1.03, 1.23, 0.08]]","[99, 84, 126, 108, 127, 121, 129]",41.4
352,1790252272355499141,307170,102241,9,5,38.9,"[24.2, 27.1, 30.2, 34.6, 38.9]","['RAIL', 'RAIL', 'INSIDE', 'OUTSIDE', 'INSIDE']","[[0.35, 0.41, 0.8], [0.31, 0.17, 0.48], [0.64, 1.32, 1.35], [1.58, 1.88, 0.37], [1.89, 1.02, 0.15]]","[125, 99, 84, 121, 129]",42.9
353,1790252272439097961,307160,95559,12,7,45.1,"[25.4, 29.7, 30.8, 32.9, 34.8, 43.6, 45.1]","['INSIDE', 'INSIDE', 'RAIL', 'INSIDE', 'INSIDE', 'OUTSIDE', 'NEAR']","[[3.73, 0.42, 2.13], [1.7, 1.77, 1.46], [0.32, 0.17, 0.52], [1.35, 1.36, 0.94], [1.3, 1.62, 0.13], [1.39, 1.53, 0.1], [1.03, 1.17, 0.09]]","[103, 84, 125, 108, 127, 129, 121]",40.7
354,1790252272547957525,307164,101726,11,6,45.8,"[23.7, 29.0, 29.3, 35.1, 43.0, 45.8]","['INSIDE', 'RAIL', 'OUTSIDE', 'INSIDE', 'OUTSIDE', 'RAIL']","[[8.22, 0.8, 2.25], [0.26, 0.37, 0.53], [1.43, 2.43, 0.8], [0.98, 1.09, 0.09], [1.16, 1.38, 0.08], [0.17, 0.23, 0.25]]","[103, 125, 127, 121, 129, 122]",41.5
355,1790252272643779215,307166,102269,10,5,35.4,"[22.0, 29.0, 29.1, 30.2, 35.4]","['INSIDE', 'INSIDE', 'RAIL', 'OUTSIDE', 'RAIL']","[[0.82, 0.88, 1.07], [0.81, 1.12, 1.02], [0.27, 0.49, 0.44], [1.04, 0.57, 0.09], [0.19, 0.23, 0.25]]","[84, 127, 125, 121, 122]",34.7
356,1790252272746285613,307171,102194,11,5,42.0,"[25.7, 29.9, 32.5, 35.5, 42.0]","['INSIDE', 'INSIDE', 'INSIDE', 'NEAR', 'RAIL']","[[1.22, 1.12, 1.25], [0.65, 0.74, 0.54], [1.64, 1.08, 0.12], [1.27, 1.46, 0.11], [0.27, 0.33, 0.28]]","[84, 108, 129, 121, 99]",41.8
357,1790252272846354658,307158,102651,10,3,46.7,"[23.9, 42.2, 46.7]","['INSIDE', 'NEAR', 'RAIL']","[[6.5, 0.62, 2.2], [1.53, 0.79, 0.11], [0.05, 0.25, 0.26]]","[103, 129, 99]",36.2
358,1790252272940636037,307167,103827,15,8,44.7,"[22.2, 29.0, 29.2, 31.0, 34.5, 34.5, 43.0, 44.7]","['INSIDE', 'INSIDE', 'INSIDE', 'INSIDE', 'INSIDE', 'INSIDE', 'OUTSIDE', 'RAIL']","[[7.24, 0.62, 2.1], [0.76, 1.08, 1.24], [0.76, 0.85, 0.81], [0.21, 0.99, 0.91], [1.51, 1.89, 0.13], [1.13, 1.5, 0.11], [0.71, 1.19, 0.05], [0.22, 0.29, 0.29]]","[103, 127, 84, 108, 121, 126, 129, 99]",33.5
359,1790252273048248998,307114,103849,15,9,43.5,"[20.5, 22.6, 28.4, 29.0, 31.2, 31.5, 31.8, 34.9, 43.5]","['INSIDE', 'INSIDE', 'INSIDE', 'NEAR', 'OUTSIDE', 'INSIDE', 'NEAR', 'RAIL', 'RAIL']","[[0.72, 0.91, 0.96], [0.81, 0.77, 0.78], [2.51, 1.77, 0.26], [0.66, 1.2, 0.05], [0.89, 0.93, 0.06], [1.01, 0.44, 0.1], [1.74, 1.38, 0.16], [1.05, 0.11, 0.69], [0.05, 0.27, 0.27]]","[127, 84, 126, 121, 129, 108, 122, 125, 99]",34.5
360,1790252273139887751,307129,103881,14,5,42.7,"[18.9, 30.6, 31.8, 33.9, 42.7]","['INSIDE', 'INSIDE', 'OUTSIDE', 'INSIDE', 'RAIL']","[[0.51, 1.29, 1.05], [1.24, 1.67, 0.11], [1.03, 1.32, 0.07], [1.05, 1.64, 0.1], [0.3, 0.29, 0.29]]","[84, 121, 129, 122, 99]",34.5
361,1790252273240376571,307131,104383,14,7,43.5,"[17.1, 29.7, 31.0, 31.1, 33.6, 42.2, 43.5]","['INSIDE', 'INSIDE', 'INSIDE', 'INSIDE', 'INSIDE', 'INSIDE', 'RAIL']","[[0.34, 0.19, 1.32], [2.03, 0.38, 1.96], [0.85, 1.4, 1.35], [0.64, 0.85, 0.79], [1.98, 1.95, 0.17], [1.27, 1.7, 0.12], [0.21, 0.31, 0.26]]","[103, 129, 84, 108, 121, 122, 99]",38.3
362,1790252273357568146,307106,103487,9,4,33.4,"[15.5, 29.0, 31.0, 33.4]","['INSIDE', 'INSIDE', 'INSIDE', 'RAIL']","[[0.88, 1.01, 0.98], [0.7, 0.8, 0.57], [1.06, 1.27, 0.09], [0.29, 0.32, 0.27]]","[127, 108, 121, 99]",39.3
363,1790252273446883295,307069,102084,12,5,84.9,"[13.7, 30.5, 34.6, 43.7, 84.9]","['INSIDE', 'INSIDE', 'INSIDE', 'RAIL', 'OUTSIDE']","[[10.44, 0.87, 2.39], [1.21, 1.55, 0.11], [2.27, 2.89, 0.57], [0.23, 0.32, 0.27], [6.46, 1.68, 1.34]]","[129, 121, 122, 99, 130]",45.3
364,1790252273535035475,307053,102805,12,4,47.9,"[13.7, 30.8, 33.4, 47.9]","['INSIDE', 'INSIDE', 'OUTSIDE', 'RAIL']","[[0.52, 1.02, 1.04], [2.55, 1.68, 0.22], [1.07, 1.35, 0.07], [0.24, 0.29, 0.27]]","[108, 121, 128, 99]",47.7
365,1790252273643767766,306968,100997,14,9,86.1,"[10.3, 28.9, 29.9, 30.1, 34.3, 42.4, 44.6, 48.0, 86.1]","['INSIDE', 'INSIDE', 'RAIL', 'INSIDE', 'INSIDE', 'INSIDE', 'NEAR', 'RAIL', 'OUTSIDE']","[[1.64, 0.45, 2.13], [2.38, 0.43, 1.78], [0.54, 0.24, 0.6], [0.3, 0.96, 0.77], [0.85, 1.25, 1.05], [1.15, 1.45, 0.1], [0.92, 1.35, 0.06], [0.23, 0.32, 0.29], [5.06, 1.37, 0.78]]","[129, 128, 122, 127, 84, 121, 131, 99, 130]",47.7
366,1790252273740400606,306873,104080,16,10,86.0,"[8.6, 22.3, 28.1, 31.5, 33.7, 34.2, 42.4, 49.6, 80.9, 86.0]","['RAIL', 'RAIL', 'INSIDE', 'NEAR', 'OUTSIDE', 'INSIDE', 'RAIL', 'RAIL', 'OUTSIDE', 'OUTSIDE']","[[0.79, 0.29, 0.63], [0.5, 0.12, 0.42], [1.83, 1.35, 0.16], [1.05, 1.46, 0.07], [1.25, 0.4, 0.11], [0.99, 1.52, 0.09], [1.79, 0.03, 0.02], [0.29, 0.32, 0.29], [4.4, 1.8, 0.98], [1.91, 1.53, 0.8]]","[122, 128, 121, 131, 108, 84, 125, 99, 130, 132]",53.5
367,1790252273853847091,306895,92881,14,9,84.7,"[8.6, 26.4, 30.8, 33.5, 34.0, 41.4, 45.7, 49.5, 84.7]","['RAIL', 'INSIDE', 'RAIL', 'INSIDE', 'INSIDE', 'INSIDE', 'INSIDE', 'RAIL', 'OUTSIDE']","[[0.42, 0.31, 0.71], [0.62, 0.17, 0.34], [1.38, 0.38, 0.6], [0.53, 0.85, 0.87], [0.79, 0.79, 0.58], [1.94, 1.62, 0.14], [1.38, 1.51, 0.12], [0.29, 0.34, 0.3], [0.93, 0.99, 0.35]]","[129, 128, 122, 134, 127, 131, 121, 99, 132]",43.4
368,1790252273947290235,306386,102309,10,7,53.0,"[5.2, 24.4, 28.8, 34.1, 41.2, 42.0, 53.0]","['INSIDE', 'RAIL', 'INSIDE', 'INSIDE', 'OUTSIDE', 'RAIL', 'INSIDE']","[[0.95, 1.15, 1.27], [2.0, 0.46, 0.66], [1.04, 0.97, 0.09], [1.23, 0.89, 0.09], [1.09, 0.69, 0.07], [0.28, 0.34, 0.26], [4.77, 2.85, 1.14]]","[126, 122, 121, 131, 103, 99, 128]",45.2
369,1790252274035087342,305461,102887,5,3,30.9,"[3.4, 30.3, 30.9]","['INSIDE', 'INSIDE', 'RAIL']","[[0.95, 0.82, 0.79], [2.16, 1.65, 0.21], [0.26, 0.34, 0.3]]","[127, 84, 99]",51.0
370,1790252274158413788,299147,105306,3,3,30.8,"[1.7, 27.2, 30.8]","['INSIDE', 'INSIDE', 'RAIL']","[[0.45, 0.56, 0.26], [1.21, 1.9, 0.12], [0.27, 0.35, 0.31]]","[126, 84, 99]",36.3
371,1790252274265083019,307201,102485,8,5,40.4,"[29.4, 30.7, 32.5, 33.1, 40.4]","['INSIDE', 'INSIDE', 'INSIDE', 'INSIDE', 'INSIDE']","[[2.56, 1.19, 1.23], [1.15, 0.91, 0.87], [0.5, 1.27, 0.04], [0.53, 1.26, 0.04], [1.04, 2.3, 0.59]]","[127, 134, 121, 131, 84]",41.0
372,1790252274344960923,307200,102804,12,8,49.7,"[25.9, 30.7, 31.1, 32.8, 40.9, 42.1, 47.2, 49.7]","['RAIL', 'INSIDE', 'RAIL', 'INSIDE', 'INSIDE', 'INSIDE', 'INSIDE', 'INSIDE']","[[0.26, 0.23, 0.37], [0.55, 0.29, 0.79], [0.18, 0.17, 0.13], [0.54, 1.32, 0.9], [2.62, 2.15, 0.23], [1.64, 1.32, 0.11], [0.49, 1.49, 0.04], [1.13, 1.18, 0.07]]","[129, 128, 84, 126, 121, 131, 127, 103]",41.1
373,1790252274446417310,307200,103047,12,6,54.8,"[28.2, 28.4, 29.4, 31.1, 33.3, 54.8]","['INSIDE', 'RAIL', 'INSIDE', 'INSIDE', 'INSIDE', 'OUTSIDE']","[[0.53, 1.06, 1.22], [0.17, 0.1, 0.12], [0.47, 0.67, 0.83], [1.07, 1.65, 0.11], [1.33, 1.94, 0.12], [1.93, 1.29, 0.1]]","[126, 84, 134, 127, 121, 128]",39.0
374,1790252274540881323,307200,101370,10,6,46.7,"[27.7, 30.1, 30.2, 32.2, 41.0, 46.7]","['RAIL', 'INSIDE', 'INSIDE', 'INSIDE', 'INSIDE', 'INSIDE']","[[0.17, 0.06, 0.11], [0.67, 1.0, 1.04], [2.12, 2.12, 0.18], [0.31, 1.0, 0.02], [1.76, 1.73, 0.16], [1.16, 1.16, 0.07]]","[84, 134, 121, 131, 127, 103]",36.9
375,1790252274643550915,307200,102195,19,9,84.9,"[30.4, 30.6, 32.8, 41.3, 42.0, 44.7, 48.8, 81.3, 84.9]","['RAIL', 'INSIDE', 'INSIDE', 'INSIDE', 'INSIDE', 'INSIDE', 'INSIDE', 'INSIDE', 'INSIDE']","[[0.45, 0.16, 0.74], [4.29, 0.45, 1.82], [0.97, 0.34, 1.5], [2.35, 1.18, 0.69], [0.98, 1.69, 0.08], [0.37, 0.87, 0.03], [0.41, 1.37, 0.04], [2.17, 2.48, 2.59], [2.55, 3.12, 2.24]]","[129, 137, 103, 134, 121, 131, 127, 130, 132]",41.0
376,1790252274736876010,307201,103510,12,5,41.2,"[28.4, 30.2, 32.7, 33.0, 41.2]","['INSIDE', 'INSIDE', 'INSIDE', 'INSIDE', 'INSIDE']","[[1.8, 1.45, 1.29], [0.66, 0.92, 0.89], [1.25, 1.81, 0.11], [1.29, 1.4, 0.09], [1.23, 1.76, 0.11]]","[126, 121, 127, 131, 134]",36.3
377,1790252274839747037,307202,104174,12,7,94.6,"[29.1, 31.4, 32.1, 33.1, 36.4, 48.4, 94.6]","['NEAR', 'INSIDE', 'INSIDE', 'INSIDE', 'INSIDE', 'INSIDE', 'INSIDE']","[[0.81, 0.32, 1.91], [0.69, 0.8, 0.75], [0.74, 0.71, 0.59], [1.68, 0.53, 0.14], [0.58, 1.38, 0.05], [1.13, 1.37, 0.09], [0.9, 0.61, 0.41]]","[103, 126, 121, 134, 127, 141, 136]",42.8
378,1790252274938491720,307201,103686,14,9,98.5,"[26.9, 27.0, 29.7, 31.9, 33.3, 36.5, 45.7, 83.9, 98.5]","['INSIDE', 'INSIDE', 'RAIL', 'INSIDE', 'INSIDE', 'INSIDE', 'INSIDE', 'INSIDE', 'INSIDE']","[[1.51, 1.15, 1.26], [1.72, 1.09, 0.87], [0.39, 0.1, 0.2], [2.23, 2.14, 0.23], [1.4, 0.55, 0.12], [0.34, 1.16, 0.03], [1.35, 1.41, 0.11], [2.06, 3.32, 2.49], [2.03, 0.4, 0.63]]","[126, 134, 137, 84, 121, 127, 141, 132, 136]",42.7
379,1790252275039908320,307200,104695,21,9,95.7,"[27.1, 29.8, 29.9, 31.7, 31.9, 36.3, 41.7, 48.8, 95.7]","['NEAR', 'INSIDE', 'INSIDE', 'RAIL', 'INSIDE', 'INSIDE', 'INSIDE', 'INSIDE', 'INSIDE']","[[2.29, 0.41, 1.85], [0.82, 1.07, 1.08], [0.58, 0.71, 0.8], [0.98, 0.06, 0.42], [1.44, 1.86, 0.15], [0.61, 1.3, 0.04], [1.36, 1.94, 0.13], [2.01, 1.77, 0.16], [0.08, 1.09, 0.84]]","[103, 134, 121, 127, 84, 131, 126, 141, 136]",41.3
380,1790252275143152890,307201,104596,17,8,94.4,"[27.2, 30.0, 33.0, 36.8, 40.4, 48.7, 85.6, 94.4]","['NEAR', 'INSIDE', 'INSIDE', 'INSIDE', 'INSIDE', 'INSIDE', 'OUTSIDE', 'INSIDE']","[[1.48, 0.33, 0.8], [0.51, 0.97, 0.83], [1.37, 1.58, 0.14], [1.48, 1.7, 0.1], [1.2, 1.65, 0.11], [1.09, 1.26, 0.08], [2.65, 1.89, 0.26], [1.14, 0.85, 1.92]]","[103, 121, 84, 131, 126, 141, 132, 136]",37.5
381,1790252275243565493,307201,104546,17,6,86.4,"[29.5, 36.5, 40.8, 42.9, 45.3, 86.4]","['NEAR', 'OUTSIDE', 'INSIDE', 'INSIDE', 'INSIDE', 'INSIDE']","[[1.54, 0.53, 2.08], [2.68, 0.34, 1.8], [0.59, 1.13, 0.04], [1.05, 1.29, 0.08], [1.35, 1.51, 0.13], [3.39, 2.22, 0.69]]","[129, 137, 131, 141, 126, 132]",42.9
382,1790252275341950674,307206,104076,17,6,84.2,"[25.6, 30.2, 36.5, 40.5, 49.7, 84.2]","['NEAR', 'INSIDE', 'NEAR', 'INSIDE', 'INSIDE', 'INSIDE']","[[0.49, 0.33, 1.87], [1.42, 1.81, 0.1], [1.91, 1.28, 0.62], [0.63, 1.46, 0.06], [1.41, 1.76, 0.11], [5.74, 3.01, 0.87]]","[103, 131, 84, 126, 141, 132]",43.6
383,1790252275457036079,307203,104259,18,10,92.0,"[27.6, 29.5, 29.9, 36.9, 40.7, 49.8, 80.7, 84.5, 88.6, 92.0]","['RAIL', 'INSIDE', 'INSIDE', 'INSIDE', 'INSIDE', 'INSIDE', 'INSIDE', 'OUTSIDE', 'INSIDE', 'INSIDE']","[[0.1, 0.29, 0.3], [0.32, 0.9, 0.79], [0.42, 0.49, 0.26], [1.36, 1.55, 0.1], [1.51, 1.53, 0.14], [1.07, 1.53, 0.08], [2.13, 1.7, 0.21], [1.96, 1.77, 0.23], [0.09, 0.95, 0.59], [6.42, 2.26, 2.85]]","[103, 134, 126, 131, 121, 141, 130, 132, 133, 136]",42.5
384,1790252275569557828,307204,104196,24,9,89.3,"[24.8, 30.2, 36.0, 40.7, 48.1, 78.7, 82.5, 88.2, 89.3]","['RAIL', 'INSIDE', 'INSIDE', 'INSIDE', 'INSIDE', 'OUTSIDE', 'INSIDE', 'OUTSIDE', 'INSIDE']","[[0.1, 0.35, 0.29], [0.72, 0.95, 0.47], [0.36, 1.13, 0.02], [1.1, 1.66, 0.1], [1.47, 1.85, 0.11], [2.57, 1.35, 0.25], [2.64, 3.48, 0.62], [0.95, 0.55, 0.24], [5.06, 3.05, 2.85]]","[103, 84, 131, 121, 141, 130, 132, 133, 136]",42.2
385,1790252275652644912,307198,104140,20,9,91.0,"[28.2, 30.0, 36.4, 40.6, 45.8, 46.3, 80.8, 85.6, 91.0]","['OUTSIDE', 'RAIL', 'INSIDE', 'INSIDE', 'INSIDE', 'INSIDE', 'INSIDE', 'INSIDE', 'INSIDE']","[[8.14, 0.6, 2.18], [0.13, 0.33, 0.28], [0.65, 1.01, 0.81], [1.37, 1.56, 0.1], [0.64, 1.27, 0.06], [1.25, 1.41, 0.1], [5.72, 3.46, 0.57], [3.05, 4.12, 2.89], [3.92, 3.27, 0.71]]","[137, 103, 134, 131, 126, 141, 132, 133, 136]",42.4
386,1790252275765181627,307198,102921,18,8,88.4,"[27.6, 29.5, 36.5, 40.6, 44.6, 84.2, 84.8, 88.4]","['RAIL', 'INSIDE', 'INSIDE', 'INSIDE', 'INSIDE', 'OUTSIDE', 'INSIDE', 'INSIDE']","[[0.08, 0.19, 0.27], [0.46, 0.66, 0.53], [1.43, 1.64, 0.15], [1.18, 1.14, 0.08], [1.23, 1.51, 0.09], [2.56, 2.66, 0.61], [2.91, 0.74, 2.22], [3.84, 4.31, 2.81]]","[103, 134, 126, 131, 141, 133, 132, 136]",42.7
387,1790252275864718333,307196,102290,25,10,90.5,"[29.1, 30.0, 30.1, 32.1, 36.2, 40.7, 43.0, 83.8, 84.6, 90.5]","['RAIL', 'NEAR', 'INSIDE', 'INSIDE', 'INSIDE', 'INSIDE', 'OUTSIDE', 'OUTSIDE', 'INSIDE', 'OUTSIDE']","[[0.96, 0.64, 0.38], [1.51, 1.29, 1.22], [0.79, 1.41, 0.06], [1.47, 1.78, 0.14], [1.5, 0.5, 0.13], [2.23, 1.72, 0.17], [1.38, 0.67, 0.35], [0.75, 0.67, 0.41], [7.96, 4.27, 2.9], [3.92, 1.14, 1.01]]","[103, 134, 131, 121, 127, 141, 126, 133, 132, 136]",43.0
388,1790252275947558389,307193,101961,22,7,87.4,"[30.2, 35.7, 40.3, 76.7, 79.8, 82.5, 87.4]","['INSIDE', 'INSIDE', 'INSIDE', 'NEAR', 'INSIDE', 'INSIDE', 'INSIDE']","[[1.56, 1.55, 0.11], [2.19, 2.1, 0.17], [1.1, 1.86, 0.1], [2.82, 0.38, 1.49], [1.99, 2.52, 2.66], [1.29, 1.61, 2.17], [5.18, 1.05, 2.49]]","[131, 141, 121, 130, 132, 133, 136]",40.1
389,1790252276036687877,307200,101618,18,7,86.3,"[36.3, 40.5, 41.9, 46.6, 49.4, 84.8, 86.3]","['OUTSIDE', 'OUTSIDE', 'RAIL', 'INSIDE', 'INSIDE', 'INSIDE', 'RAIL']","[[11.64, 0.95, 2.61], [0.39, 0.28, 0.44], [0.42, 0.18, 0.3], [1.07, 1.28, 0.07], [1.11, 1.62, 0.09], [0.6, 0.67, 0.76], [2.21, 0.14, 0.78]]","[129, 143, 137, 131, 141, 133, 136]",44.4
390,1790252276137008215,307199,100944,18,6,74.4,"[30.3, 35.7, 40.1, 45.5, 45.7, 74.4]","['RAIL', 'INSIDE', 'INSIDE', 'INSIDE', 'INSIDE', 'NEAR']","[[0.35, 0.29, 0.59], [0.72, 1.53, 0.05], [0.35, 1.37, 0.03], [1.3, 1.6, 0.1], [1.07, 1.12, 0.07], [0.47, 0.23, 1.43]]","[137, 131, 121, 141, 147, 130]",42.3
391,1790252276240407931,307198,100969,19,8,85.8,"[25.6, 28.7, 29.9, 36.1, 40.5, 45.6, 48.9, 85.8]","['NEAR', 'NEAR', 'INSIDE', 'INSIDE', 'RAIL', 'INSIDE', 'INSIDE', 'INSIDE']","[[0.59, 1.06, 1.12], [0.59, 1.36, 1.26], [0.99, 0.86, 0.58], [0.84, 1.41, 0.06], [0.29, 0.2, 0.41], [1.86, 1.73, 0.14], [1.12, 1.58, 0.07], [3.98, 2.1, 2.69]]","[84, 134, 121, 131, 143, 141, 147, 133]",39.3
392,1790252276343551003,307197,101004,14,7,46.0,"[28.7, 30.1, 31.0, 36.1, 40.0, 45.2, 46.0]","['OUTSIDE', 'NEAR', 'NEAR', 'INSIDE', 'INSIDE', 'INSIDE', 'INSIDE']","[[4.07, 0.78, 2.22], [0.78, 1.45, 1.29], [0.66, 0.6, 0.55], [1.27, 1.66, 0.09], [1.17, 1.65, 0.11], [0.96, 1.39, 0.07], [1.05, 1.25, 0.06]]","[137, 134, 121, 131, 126, 141, 147]",40.7
393,1790252276454764852,307205,100849,14,6,85.8,"[27.0, 32.5, 35.3, 40.0, 44.8, 85.8]","['NEAR', 'INSIDE', 'INSIDE', 'INSIDE', 'INSIDE', 'INSIDE']","[[0.66, 0.89, 0.74], [1.26, 1.58, 0.11], [0.72, 1.25, 0.05], [1.26, 1.71, 0.1], [0.49, 1.25, 0.03], [1.68, 3.73, 0.77]]","[84, 152, 131, 141, 147, 133]",41.9
394,1790252276543623780,307199,100915,22,10,94.3,"[30.1, 30.1, 32.0, 32.5, 36.0, 39.5, 45.3, 84.6, 88.5, 94.3]","['INSIDE', 'INSIDE', 'INSIDE', 'INSIDE', 'INSIDE', 'OUTSIDE', 'OUTSIDE', 'INSIDE', 'OUTSIDE', 'INSIDE']","[[1.24, 1.68, 0.11], [1.59, 1.63, 0.11], [0.25, 1.16, 0.02], [0.96, 1.42, 0.06], [0.42, 1.25, 0.03], [0.65, 0.86, 0.51], [0.51, 0.82, 0.51], [1.79, 3.05, 0.61], [1.96, 0.13, 1.16], [2.18, 3.51, 0.86]]","[152, 131, 126, 147, 141, 127, 134, 133, 136, 140]",42.1
395,1790252276655947440,307201,101063,18,8,94.5,"[29.7, 32.0, 35.9, 39.3, 40.0, 45.4, 47.6, 94.5]","['OUTSIDE', 'INSIDE', 'INSIDE', 'INSIDE', 'RAIL', 'INSIDE', 'OUTSIDE', 'INSIDE']","[[3.04, 0.87, 2.63], [1.68, 2.64, 0.34], [2.22, 1.61, 0.15], [1.08, 1.38, 0.08], [0.64, 0.17, 0.4], [0.82, 1.42, 0.05], [1.59, 0.81, 0.52], [3.97, 3.96, 1.12]]","[129, 152, 131, 141, 143, 147, 134, 140]",42.4
396,1790252276755238138,307208,101236,17,9,87.8,"[27.7, 30.5, 32.1, 35.6, 39.1, 45.4, 48.9, 83.9, 87.8]","['NEAR', 'OUTSIDE', 'INSIDE', 'INSIDE', 'RAIL', 'INSIDE', 'INSIDE', 'OUTSIDE', 'INSIDE']","[[0.6, 1.0, 0.77], [0.48, 0.66, 0.81], [1.14, 1.68, 0.1], [1.21, 1.62, 0.08], [0.24, 0.24, 0.41], [0.65, 1.49, 0.05], [0.46, 0.95, 0.03], [2.6, 0.68, 1.5], [4.14, 3.78, 0.67]]","[84, 121, 152, 131, 143, 141, 147, 133, 149]",38.0
397,1790252276848024928,307194,101107,20,12,93.3,"[27.1, 27.9, 29.3, 32.2, 35.2, 40.0, 46.1, 47.0, 49.1, 86.0, 87.6, 93.3]","['OUTSIDE', 'INSIDE', 'INSIDE', 'INSIDE', 'INSIDE', 'INSIDE', 'RAIL', 'INSIDE', 'OUTSIDE', 'OUTSIDE', 'INSIDE', 'INSIDE']","[[1.14, 0.48, 0.64], [1.48, 2.97, 0.79], [1.33, 1.46, 0.11], [0.63, 1.39, 0.04], [1.13, 2.01, 0.11], [1.63, 2.05, 0.13], [0.22, 0.21, 0.4], [0.65, 1.12, 0.04], [0.44, 1.01, 0.74], [2.04, 0.72, 2.04], [1.51, 1.24, 0.95], [1.74, 3.49, 0.83]]","[146, 84, 152, 131, 126, 141, 143, 147, 134, 133, 149, 140]",43.4
398,1790252276939862893,307185,101054,20,11,152.5,"[29.5, 30.5, 32.5, 35.6, 40.4, 45.3, 45.8, 46.9, 47.8, 132.8, 152.5]","['OUTSIDE', 'OUTSIDE', 'NEAR', 'INSIDE', 'INSIDE', 'INSIDE', 'RAIL', 'INSIDE', 'INSIDE', 'OUTSIDE', 'INSIDE']","[[0.35, 0.42, 0.52], [0.13, 0.57, 1.11], [0.14, 0.56, 1.03], [1.6, 0.37, 0.14], [1.22, 1.9, 0.1], [0.73, 1.4, 0.05], [0.17, 0.18, 0.31], [1.21, 1.73, 0.11], [1.12, 1.6, 0.09], [1.18, 1.87, 0.82], [0.17, 1.75, 0.48]]","[137, 147, 146, 121, 152, 131, 143, 126, 141, 144, 155]",41.5
399,1790252277053976498,307194,101314,20,11,94.7,"[28.9, 29.7, 30.5, 31.0, 31.8, 35.7, 43.5, 46.8, 48.9, 92.0, 94.7]","['RAIL', 'RAIL', 'OUTSIDE', 'OUTSIDE', 'INSIDE', 'INSIDE', 'INSIDE', 'INSIDE', 'RAIL', 'OUTSIDE', 'OUTSIDE']","[[0.58, 0.18, 0.6], [1.7, 0.73, 0.77], [1.56, 0.82, 0.96], [0.46, 0.49, 0.54], [1.42, 0.39, 0.12], [2.06, 1.96, 0.18], [1.2, 1.84, 0.11], [1.46, 1.49, 0.11], [0.17, 0.15, 0.3], [1.05, 0.19, 0.81], [0.44, 0.51, 1.65]]","[137, 143, 121, 126, 152, 127, 134, 141, 131, 140, 148]",35.3
400,1790252277154496693,307193,101391,23,16,176.8,"[26.3, 28.6, 30.0, 30.5, 31.5, 35.4, 40.1, 40.5, 41.6, 44.4, 47.0, 91.1, 91.1, 93.1, 125.0, 176.8]","['OUTSIDE', 'RAIL', 'OUTSIDE', 'OUTSIDE', 'OUTSIDE', 'NEAR', 'INSIDE', 'INSIDE', 'INSIDE', 'RAIL', 'INSIDE', 'OUTSIDE', 'OUTSIDE', 'RAIL', 'INSIDE', 'INSIDE']","[[3.76, 1.08, 2.16], [2.08, 0.68, 0.83], [1.21, 0.84, 1.0], [0.37, 0.63, 0.52], [0.58, 0.68, 0.8], [0.96, 0.86, 0.57], [1.22, 1.67, 0.08], [2.11, 1.84, 0.18], [1.76, 1.82, 0.14], [0.38, 0.15, 0.35], [0.25, 1.08, 0.01], [1.04, 0.32, 0.97], [0.84, 0.5, 1.8], [3.5, 0.22, 0.82], [9.83, 4.69, 1.31], [0.03, 0.31, 0.0]]","[129, 143, 84, 121, 126, 152, 141, 127, 134, 131, 147, 140, 148, 136, 151, 156]",43.7
401,1790252277248164139,307195,101428,25,17,175.0,"[27.9, 30.0, 30.2, 30.6, 32.4, 39.7, 40.3, 45.9, 48.1, 88.9, 91.1, 92.4, 99.4, 101.8, 124.1, 153.1, 175.0]","['RAIL', 'RAIL', 'OUTSIDE', 'OUTSIDE', 'NEAR', 'INSIDE', 'INSIDE', 'INSIDE', 'INSIDE', 'INSIDE', 'OUTSIDE', 'NEAR', 'INSIDE', 'OUTSIDE', 'INSIDE', 'INSIDE', 'INSIDE']","[[0.24, 0.18, 0.22], [0.15, 0.17, 0.21], [0.45, 0.66, 0.83], [0.55, 0.44, 0.56], [0.51, 0.8, 0.52], [1.61, 0.36, 0.14], [1.13, 0.65, 0.74], [1.28, 1.57, 0.11], [0.52, 1.79, 0.04], [2.07, 1.56, 0.06], [3.0, 0.79, 1.45], [12.22, 1.47, 2.63], [3.06, 3.81, 2.21], [1.96, 0.16, 0.22], [4.54, 4.09, 0.96], [4.43, 4.39, 2.31], [0.03, 0.61, 0.0]]","[143, 147, 126, 152, 121, 127, 129, 134, 141, 149, 148, 136, 153, 145, 151, 155, 156]",49.7
402,1790252277348011085,307188,101409,20,11,173.2,"[32.5, 32.9, 45.6, 46.1, 47.2, 87.8, 95.4, 100.2, 124.0, 151.3, 173.2]","['RAIL', 'RAIL', 'INSIDE', 'INSIDE', 'OUTSIDE', 'OUTSIDE', 'NEAR', 'OUTSIDE', 'INSIDE', 'INSIDE', 'INSIDE']","[[1.46, 0.3, 0.59], [0.65, 0.12, 0.43], [1.12, 1.78, 0.1], [0.38, 1.28, 0.02], [0.29, 0.87, 0.57], [3.95, 0.34, 1.76], [1.95, 0.98, 2.28], [1.91, 0.36, 1.09], [7.52, 4.24, 1.02], [0.51, 4.11, 1.01], [0.02, 0.3, 0.0]]","[137, 143, 134, 146, 127, 149, 136, 145, 151, 155, 156]",46.4
403,1790252277443821832,307180,101429,18,12,171.5,"[31.9, 36.3, 39.1, 42.4, 43.9, 44.5, 45.8, 47.5, 96.6, 99.4, 149.5, 171.5]","['RAIL', 'RAIL', 'RAIL', 'RAIL', 'RAIL', 'INSIDE', 'INSIDE', 'INSIDE', 'OUTSIDE', 'INSIDE', 'INSIDE', 'INSIDE']","[[1.52, 0.28, 0.57], [0.19, 0.25, 0.2], [0.22, 0.66, 0.38], [0.14, 0.2, 0.31], [0.45, 0.22, 0.42], [1.48, 0.53, 0.13], [0.37, 1.23, 0.03], [1.08, 1.12, 0.07], [2.63, 1.4, 1.27], [0.09, 0.87, 0.0], [0.44, 4.06, 1.0], [0.03, 0.6, 0.0]]","[137, 147, 131, 146, 127, 134, 141, 143, 153, 145, 155, 156]",41.2
404,1790252277565877779,307179,101311,25,15,98.9,"[29.0, 31.7, 33.0, 34.4, 34.7, 36.1, 40.5, 41.9, 42.7, 46.8, 47.6, 92.3, 92.4, 92.4, 98.9]","['RAIL', 'RAIL', 'RAIL', 'RAIL', 'RAIL', 'OUTSIDE', 'NEAR', 'INSIDE', 'INSIDE', 'INSIDE', 'INSIDE', 'OUTSIDE', 'OUTSIDE', 'INSIDE', 'OUTSIDE']","[[0.59, 0.32, 0.73], [0.11, 0.15, 0.26], [0.3, 0.7, 0.24], [0.26, 0.2, 0.84], [0.29, 0.23, 0.54], [1.21, 0.89, 0.79], [0.71, 0.6, 0.58], [0.19, 0.89, 0.63], [0.69, 0.85, 0.35], [1.33, 1.38, 0.11], [0.49, 0.97, 0.03], [2.48, 1.38, 1.35], [3.0, 0.08, 1.02], [7.66, 2.65, 2.24], [3.09, 2.58, 2.48]]","[137, 131, 141, 147, 127, 152, 126, 129, 134, 121, 143, 148, 159, 136, 145]",42.2
405,1790252277648892137,307183,101422,18,10,174.0,"[30.2, 30.2, 30.8, 32.9, 34.4, 35.6, 41.0, 46.0, 86.4, 174.0]","['RAIL', 'RAIL', 'OUTSIDE', 'NEAR', 'INSIDE', 'INSIDE', 'INSIDE', 'INSIDE', 'OUTSIDE', 'INSIDE']","[[0.19, 0.22, 0.25], [0.24, 0.17, 0.52], [0.53, 0.64, 0.84], [0.98, 1.01, 0.84], [0.8, 0.48, 0.62], [1.08, 1.35, 0.1], [0.42, 0.99, 0.03], [0.69, 0.81, 0.04], [0.97, 1.81, 0.98], [1.75, 2.43, 1.17]]","[141, 127, 126, 152, 134, 121, 129, 143, 133, 156]",36.9
406,1790252277736662175,307174,101359,18,9,99.4,"[35.0, 37.0, 46.4, 88.4, 90.6, 91.1, 92.5, 97.6, 99.4]","['RAIL', 'RAIL', 'INSIDE', 'OUTSIDE', 'INSIDE', 'OUTSIDE', 'INSIDE', 'OUTSIDE', 'INSIDE']","[[0.34, 0.2, 1.02], [0.17, 0.41, 0.3], [0.79, 1.7, 0.06], [2.23, 0.69, 2.16], [3.07, 1.57, 0.09], [1.73, 0.35, 0.99], [9.06, 4.05, 1.94], [1.04, 0.3, 0.67], [1.0, 1.01, 0.86]]","[146, 141, 129, 149, 136, 159, 148, 145, 153]",33.9
407,1790252277857720778,307169,101454,20,15,170.7,"[25.2, 28.5, 29.4, 31.4, 32.1, 36.6, 46.5, 85.0, 85.7, 87.8, 89.3, 90.4, 90.7, 98.3, 170.7]","['OUTSIDE', 'RAIL', 'INSIDE', 'INSIDE', 'INSIDE', 'INSIDE', 'INSIDE', 'INSIDE', 'OUTSIDE', 'RAIL', 'INSIDE', 'OUTSIDE', 'OUTSIDE', 'INSIDE', 'INSIDE']","[[4.03, 1.4, 2.97], [0.41, 0.09, 0.27], [1.34, 0.99, 0.46], [1.04, 0.78, 0.78], [0.47, 1.47, 0.04], [1.04, 1.52, 0.08], [0.65, 1.14, 0.04], [0.55, 1.17, 1.12], [3.09, 1.39, 1.53], [1.46, 0.23, 0.95], [2.17, 1.23, 0.06], [2.9, 0.91, 0.98], [2.09, 0.37, 1.16], [2.32, 1.71, 2.45], [1.19, 1.99, 0.34]]","[152, 84, 121, 126, 134, 129, 143, 133, 149, 159, 136, 140, 148, 153, 156]",30.0
408,1790252277943038470,307167,101648,16,12,178.0,"[30.1, 31.0, 33.6, 35.9, 46.3, 87.0, 88.5, 90.9, 100.0, 126.3, 148.6, 178.0]","['RAIL', 'NEAR', 'INSIDE', 'INSIDE', 'INSIDE', 'INSIDE', 'RAIL', 'OUTSIDE', 'OUTSIDE', 'INSIDE', 'INSIDE', 'INSIDE']","[[0.53, 0.68, 0.27], [0.43, 0.44, 0.78], [0.52, 1.36, 0.54], [1.19, 1.49, 0.09], [0.08, 0.81, 0.01], [5.24, 4.34, 2.34], [0.71, 0.63, 0.14], [8.08, 2.16, 2.64], [0.99, 0.69, 0.9], [6.42, 4.54, 1.93], [2.05, 2.73, 0.97], [2.37, 4.03, 2.32]]","[127, 121, 134, 129, 143, 133, 148, 136, 153, 151, 155, 157]",38.1
409,1790252278050473284,307170,102243,17,12,124.4,"[27.6, 28.6, 29.6, 32.5, 33.8, 35.9, 45.3, 49.8, 87.1, 88.7, 101.9, 124.4]","['RAIL', 'RAIL', 'INSIDE', 'INSIDE', 'INSIDE', 'INSIDE', 'INSIDE', 'INSIDE', 'RAIL', 'INSIDE', 'OUTSIDE', 'INSIDE']","[[0.37, 0.2, 0.55], [0.18, 0.19, 0.27], [0.73, 1.53, 1.29], [1.32, 1.69, 0.11], [0.75, 1.07, 0.08], [1.38, 1.73, 0.11], [0.67, 1.14, 0.06], [1.14, 1.42, 0.07], [1.68, 0.72, 0.36], [12.67, 5.08, 2.92], [1.66, 0.35, 0.88], [6.56, 4.88, 1.91]]","[147, 127, 152, 126, 121, 129, 134, 143, 159, 133, 153, 151]",38.8
410,1790252278136609976,307167,103374,17,12,174.5,"[27.7, 30.4, 30.6, 32.0, 36.2, 45.3, 45.4, 85.6, 87.1, 98.5, 99.0, 174.5]","['RAIL', 'NEAR', 'INSIDE', 'INSIDE', 'INSIDE', 'INSIDE', 'INSIDE', 'RAIL', 'INSIDE', 'OUTSIDE', 'INSIDE', 'INSIDE']","[[0.35, 0.23, 0.71], [1.1, 0.77, 0.87], [1.15, 0.64, 0.34], [0.69, 0.79, 0.28], [1.24, 1.14, 0.1], [0.77, 0.96, 0.07], [1.3, 1.72, 0.08], [1.32, 0.59, 0.35], [13.04, 5.16, 2.97], [0.45, 0.48, 1.58], [3.08, 1.41, 0.2], [2.29, 4.25, 2.27]]","[146, 126, 134, 121, 129, 152, 143, 159, 133, 153, 145, 157]",39.4
411,1790252278237785155,307151,101582,18,10,173.0,"[29.4, 31.6, 32.0, 35.9, 46.0, 90.1, 96.8, 97.6, 125.6, 173.0]","['OUTSIDE', 'NEAR', 'INSIDE', 'INSIDE', 'INSIDE', 'OUTSIDE', 'OUTSIDE', 'INSIDE', 'INSIDE', 'INSIDE']","[[1.85, 0.86, 0.88], [0.83, 0.59, 0.47], [2.19, 1.89, 0.19], [1.97, 1.72, 0.15], [0.56, 1.12, 0.03], [0.16, 0.26, 0.6], [1.35, 1.19, 1.06], [1.15, 2.68, 1.09], [11.04, 4.59, 2.49], [1.75, 4.11, 2.25]]","[126, 134, 152, 129, 143, 140, 153, 145, 151, 157]",40.7
412,1790252278335305171,307170,101860,20,16,170.2,"[23.0, 27.1, 27.9, 28.6, 29.3, 32.3, 32.6, 35.8, 48.6, 49.5, 88.4, 88.9, 95.6, 95.7, 127.4, 170.2]","['OUTSIDE', 'RAIL', 'NEAR', 'RAIL', 'INSIDE', 'INSIDE', 'INSIDE', 'INSIDE', 'INSIDE', 'NEAR', 'INSIDE', 'OUTSIDE', 'OUTSIDE', 'INSIDE', 'INSIDE', 'INSIDE']","[[0.14, 0.54, 1.0], [0.45, 0.1, 0.31], [0.89, 0.75, 0.78], [0.76, 0.34, 0.3], [1.58, 0.96, 0.59], [1.72, 2.73, 0.54], [1.34, 1.25, 0.12], [2.14, 1.99, 0.25], [1.15, 1.72, 0.09], [0.8, 1.18, 0.58], [1.22, 2.04, 1.2], [5.97, 1.67, 2.73], [0.39, 0.33, 0.42], [3.05, 2.65, 0.65], [11.96, 4.78, 2.36], [1.12, 4.16, 1.13]]","[84, 146, 134, 147, 121, 152, 126, 127, 129, 141, 136, 140, 153, 145, 151, 156]",43.5
413,1790252278440695061,307154,102280,19,15,168.5,"[27.3, 28.6, 29.1, 29.9, 32.3, 35.9, 44.0, 45.8, 86.1, 89.6, 95.1, 97.2, 127.2, 148.5, 168.5]","['RAIL', 'NEAR', 'NEAR', 'INSIDE', 'INSIDE', 'INSIDE', 'INSIDE', 'INSIDE', 'INSIDE', 'OUTSIDE', 'INSIDE', 'INSIDE', 'INSIDE', 'INSIDE', 'INSIDE']","[[0.54, 0.17, 0.57], [0.76, 0.92, 0.73], [1.02, 0.74, 0.78], [2.13, 2.18, 0.18], [1.67, 0.68, 0.16], [1.21, 1.85, 0.09], [1.4, 1.27, 0.08], [1.25, 2.43, 0.85], [4.85, 5.07, 2.53], [2.09, 1.72, 1.61], [1.07, 3.48, 1.27], [1.29, 2.81, 1.07], [13.4, 4.59, 2.42], [2.93, 4.14, 1.02], [1.1, 4.12, 1.12]]","[137, 121, 134, 126, 127, 129, 143, 141, 133, 140, 145, 153, 151, 155, 156]",37.1
414,1790252278569154685,307151,102953,14,9,166.7,"[32.3, 35.8, 47.0, 88.4, 94.3, 99.2, 126.6, 144.6, 166.7]","['RAIL', 'INSIDE', 'INSIDE', 'INSIDE', 'INSIDE', 'OUTSIDE', 'INSIDE', 'OUTSIDE', 'INSIDE']","[[0.76, 0.18, 0.61], [1.4, 1.78, 0.12], [1.1, 1.72, 0.08], [3.43, 4.96, 1.84], [5.09, 4.67, 1.34], [0.9, 0.52, 0.61], [10.92, 4.81, 2.39], [1.39, 1.16, 0.95], [1.06, 4.08, 1.11]]","[146, 126, 129, 136, 145, 153, 151, 155, 156]",36.1
415,1790252278649945825,307135,104828,19,13,176.0,"[29.9, 32.3, 36.2, 45.3, 46.8, 49.3, 85.9, 87.4, 90.6, 97.2, 125.3, 166.7, 176.0]","['RAIL', 'RAIL', 'INSIDE', 'INSIDE', 'INSIDE', 'INSIDE', 'OUTSIDE', 'INSIDE', 'NEAR', 'INSIDE', 'INSIDE', 'INSIDE', 'INSIDE']","[[0.21, 0.21, 0.32], [0.1, 0.25, 0.27], [1.53, 1.68, 0.13], [0.97, 2.84, 0.84], [0.94, 1.62, 0.07], [0.26, 0.98, 0.02], [1.95, 0.78, 0.96], [9.07, 4.96, 2.92], [2.94, 0.94, 1.8], [2.76, 3.93, 1.09], [6.23, 4.26, 2.27], [2.7, 3.86, 2.19], [0.05, 0.31, 0.0]]","[146, 143, 126, 141, 129, 147, 149, 136, 148, 153, 151, 156, 157]",37.1
416,1790252278734645439,307133,97788,20,13,164.7,"[30.6, 31.2, 32.5, 35.4, 45.6, 46.6, 87.9, 89.2, 89.7, 95.7, 126.8, 142.9, 164.7]","['RAIL', 'NEAR', 'INSIDE', 'INSIDE', 'INSIDE', 'OUTSIDE', 'RAIL', 'INSIDE', 'INSIDE', 'INSIDE', 'INSIDE', 'OUTSIDE', 'OUTSIDE']","[[2.14, 0.28, 0.92], [1.46, 1.33, 1.12], [1.04, 1.79, 0.09], [1.52, 1.94, 0.12], [1.06, 1.42, 0.06], [0.53, 0.92, 0.56], [2.95, 0.12, 0.96], [0.95, 1.09, 0.24], [2.28, 1.63, 1.35], [1.26, 2.98, 0.44], [12.8, 4.46, 2.43], [2.64, 1.58, 0.99], [2.98, 2.0, 1.11]]","[137, 127, 126, 129, 147, 141, 159, 140, 148, 145, 151, 155, 156]",32.3
417,1790252278847424295,307107,100172,22,12,172.4,"[26.3, 29.3, 32.1, 36.3, 45.4, 90.8, 94.1, 95.8, 123.6, 152.5, 163.0, 172.4]","['NEAR', 'INSIDE', 'INSIDE', 'INSIDE', 'INSIDE', 'NEAR', 'INSIDE', 'OUTSIDE', 'INSIDE', 'INSIDE', 'OUTSIDE', 'INSIDE']","[[0.88, 0.74, 0.75], [1.84, 1.99, 0.16], [2.07, 2.0, 0.19], [0.78, 1.42, 0.05], [0.13, 1.14, 0.01], [0.92, 0.8, 0.98], [1.67, 3.12, 0.67], [0.87, 1.01, 1.5], [2.54, 4.8, 2.39], [1.8, 2.8, 1.04], [2.72, 1.67, 1.1], [0.06, 0.3, 0.0]]","[121, 126, 134, 147, 129, 148, 145, 153, 151, 164, 156, 157]",30.0
418,1790252278942495781,307087,97479,20,12,170.6,"[30.7, 31.7, 32.3, 35.8, 45.8, 46.0, 84.7, 92.1, 95.3, 121.8, 161.1, 170.6]","['RAIL', 'OUTSIDE', 'NEAR', 'INSIDE', 'INSIDE', 'INSIDE', 'INSIDE', 'INSIDE', 'OUTSIDE', 'INSIDE', 'INSIDE', 'INSIDE']","[[0.38, 0.25, 0.81], [0.41, 0.68, 0.8], [0.5, 0.78, 0.85], [1.7, 2.44, 0.36], [1.52, 1.6, 0.12], [1.37, 1.11, 0.08], [10.18, 4.6, 1.58], [1.02, 0.62, 0.42], [3.03, 0.35, 0.4], [2.44, 4.5, 2.18], [2.99, 3.74, 2.42], [0.0, 0.3, 0.0]]","[137, 127, 126, 141, 129, 147, 133, 148, 145, 151, 156, 157]",21.5
419,1790252279040269130,307056,100553,16,10,149.0,"[36.1, 40.2, 46.0, 84.4, 87.8, 95.7, 97.5, 121.0, 135.5, 149.0]","['INSIDE', 'INSIDE', 'INSIDE', 'OUTSIDE', 'INSIDE', 'OUTSIDE', 'NEAR', 'INSIDE', 'INSIDE', 'INSIDE']","[[1.24, 1.39, 0.08], [1.62, 1.74, 0.13], [0.79, 1.43, 0.05], [0.84, 0.21, 0.73], [9.83, 4.67, 2.65], [2.06, 0.53, 1.28], [1.79, 1.08, 0.42], [0.49, 4.0, 0.76], [7.19, 4.0, 1.27], [1.76, 2.99, 1.02]]","[174, 129, 147, 133, 136, 153, 145, 151, 165, 164]",19.7
420,1790252279165068326,307012,99387,24,14,156.3,"[32.3, 32.4, 36.4, 38.2, 39.8, 45.7, 82.8, 84.7, 87.7, 94.3, 95.5, 118.7, 137.6, 156.3]","['RAIL', 'INSIDE', 'INSIDE', 'INSIDE', 'INSIDE', 'NEAR', 'RAIL', 'INSIDE', 'INSIDE', 'OUTSIDE', 'INSIDE', 'NEAR', 'INSIDE', 'OUTSIDE']","[[1.0, 0.23, 0.75], [1.6, 1.99, 0.14], [1.93, 1.38, 0.13], [1.17, 1.39, 0.09], [0.46, 1.11, 0.03], [1.04, 0.75, 0.34], [2.07, 0.87, 0.58], [4.37, 3.96, 1.65], [3.24, 3.06, 0.61], [2.92, 2.01, 1.7], [0.71, 1.68, 1.71], [1.42, 0.63, 0.74], [6.91, 4.62, 2.25], [0.39, 1.78, 1.04]]","[129, 141, 174, 126, 147, 134, 149, 133, 136, 153, 148, 151, 165, 156]",18.1
421,1790252279257871873,306986,96191,20,12,154.7,"[28.9, 30.2, 30.3, 32.3, 36.5, 40.6, 45.6, 46.0, 89.3, 97.6, 138.0, 154.7]","['RAIL', 'NEAR', 'INSIDE', 'INSIDE', 'INSIDE', 'INSIDE', 'INSIDE', 'INSIDE', 'INSIDE', 'OUTSIDE', 'INSIDE', 'INSIDE']","[[0.34, 0.2, 0.9], [0.45, 0.7, 0.51], [2.4, 2.08, 0.21], [1.21, 1.26, 0.08], [0.92, 1.64, 0.07], [0.36, 1.37, 0.03], [0.26, 1.12, 0.02], [1.17, 0.36, 0.11], [10.22, 5.13, 2.83], [1.02, 0.87, 1.05], [3.51, 1.45, 0.31], [2.39, 4.31, 2.34]]","[137, 127, 141, 174, 126, 134, 147, 152, 140, 145, 165, 156]",19.4
422,1790252279354204652,306898,87717,16,10,114.8,"[32.8, 35.2, 40.2, 44.7, 45.8, 85.4, 87.9, 95.8, 96.8, 114.8]","['RAIL', 'INSIDE', 'INSIDE', 'INSIDE', 'INSIDE', 'INSIDE', 'OUTSIDE', 'OUTSIDE', 'INSIDE', 'INSIDE']","[[0.68, 0.21, 0.5], [1.07, 1.26, 0.09], [0.66, 1.26, 0.05], [2.2, 2.44, 0.41], [1.4, 1.85, 0.08], [1.95, 1.36, 0.6], [3.75, 0.49, 1.41], [0.92, 0.85, 1.68], [3.19, 4.11, 1.96], [1.02, 0.41, 0.28]]","[137, 141, 174, 126, 147, 133, 159, 153, 148, 151]",17.9
423,1790252279445749406,306988,73061,16,12,151.5,"[26.7, 29.1, 32.3, 36.0, 39.9, 85.3, 92.1, 94.0, 97.0, 102.2, 143.7, 151.5]","['OUTSIDE', 'INSIDE', 'INSIDE', 'INSIDE', 'OUTSIDE', 'OUTSIDE', 'OUTSIDE', 'OUTSIDE', 'INSIDE', 'INSIDE', 'INSIDE', 'INSIDE']","[[0.41, 0.78, 0.72], [1.87, 2.67, 0.62], [1.23, 1.65, 0.09], [1.05, 1.61, 0.08], [1.44, 1.26, 0.97], [1.12, 0.64, 1.16], [0.94, 0.37, 0.8], [0.93, 0.84, 1.03], [3.33, 3.34, 1.13], [2.66, 5.06, 2.48], [5.54, 4.16, 0.97], [1.8, 4.38, 2.28]]","[121, 141, 174, 126, 152, 133, 140, 153, 148, 160, 155, 164]",17.6
424,1790252279539273336,307150,101115,23,16,150.0,"[27.8, 30.2, 31.2, 31.6, 35.3, 36.2, 40.2, 44.6, 84.2, 88.5, 91.8, 91.9, 94.7, 95.9, 100.1, 150.0]","['OUTSIDE', 'INSIDE', 'INSIDE', 'INSIDE', 'INSIDE', 'INSIDE', 'NEAR', 'OUTSIDE', 'OUTSIDE', 'INSIDE', 'INSIDE', 'OUTSIDE', 'INSIDE', 'OUTSIDE', 'OUTSIDE', 'INSIDE']","[[1.18, 0.75, 0.86], [2.39, 2.37, 0.2], [1.0, 1.66, 0.07], [1.78, 1.85, 0.24], [0.59, 1.55, 0.04], [1.07, 1.38, 0.08], [1.11, 0.96, 0.57], [0.81, 0.65, 0.45], [2.91, 0.29, 0.69], [3.13, 1.84, 2.79], [1.75, 2.06, 0.44], [4.07, 0.4, 1.58], [1.96, 1.44, 2.07], [0.53, 1.26, 0.83], [1.2, 0.74, 1.94], [3.65, 4.42, 1.05]]","[127, 141, 174, 134, 147, 126, 129, 152, 133, 159, 140, 153, 148, 145, 160, 164]",20.4
425,1790252279646113403,307089,102045,15,10,158.0,"[28.0, 32.4, 39.5, 46.1, 49.0, 82.3, 94.4, 98.7, 138.6, 158.0]","['RAIL', 'RAIL', 'NEAR', 'INSIDE', 'INSIDE', 'OUTSIDE', 'OUTSIDE', 'OUTSIDE', 'OUTSIDE', 'INSIDE']","[[0.14, 0.26, 1.08], [0.37, 0.19, 0.63], [0.36, 0.85, 0.72], [1.77, 1.99, 0.15], [1.32, 1.79, 0.09], [2.24, 0.4, 0.69], [2.93, 0.6, 2.06], [2.25, 1.77, 2.42], [0.85, 1.36, 0.62], [0.17, 2.19, 0.64]]","[147, 137, 121, 141, 174, 133, 145, 160, 165, 156]",19.6
426,1790252279761497096,307049,101742,17,11,97.4,"[27.3, 32.2, 36.2, 39.6, 45.1, 83.2, 90.7, 94.3, 94.4, 96.4, 97.4]","['NEAR', 'INSIDE', 'INSIDE', 'INSIDE', 'INSIDE', 'INSIDE', 'INSIDE', 'OUTSIDE', 'INSIDE', 'OUTSIDE', 'INSIDE']","[[0.87, 0.93, 0.98], [1.13, 1.52, 0.08], [2.22, 1.99, 0.4], [0.54, 1.51, 0.04], [0.55, 1.41, 0.03], [4.27, 1.72, 2.23], [5.16, 3.25, 2.64], [0.24, 1.33, 1.25], [1.95, 1.47, 2.06], [1.3, 1.26, 2.29], [0.6, 2.16, 0.43]]","[121, 174, 141, 126, 137, 133, 140, 145, 148, 160, 175]",21.9
427,1790252279865954840,307067,101479,16,11,154.4,"[27.6, 28.4, 31.8, 35.7, 39.6, 45.4, 88.4, 92.4, 95.1, 96.3, 154.4]","['NEAR', 'NEAR', 'INSIDE', 'INSIDE', 'INSIDE', 'INSIDE', 'INSIDE', 'INSIDE', 'OUTSIDE', 'INSIDE', 'INSIDE']","[[1.0, 0.97, 0.94], [0.44, 1.05, 0.75], [3.01, 2.18, 0.26], [0.74, 1.64, 0.05], [1.28, 1.96, 0.1], [0.82, 1.42, 0.05], [8.02, 5.05, 2.94], [0.23, 1.27, 1.22], [1.81, 1.2, 2.3], [1.99, 1.48, 0.46], [0.11, 2.14, 0.62]]","[121, 134, 141, 174, 126, 137, 136, 140, 145, 175, 156]",21.9
428,1790252279948802142,307207,102618,19,12,142.4,"[29.2, 30.0, 33.0, 36.0, 40.5, 47.4, 48.8, 84.9, 90.6, 93.0, 113.5, 142.4]","['RAIL', 'NEAR', 'INSIDE', 'INSIDE', 'INSIDE', 'INSIDE', 'INSIDE', 'OUTSIDE', 'OUTSIDE', 'INSIDE', 'NEAR', 'INSIDE']","[[0.5, 0.26, 0.95], [1.18, 0.61, 0.57], [1.01, 1.7, 0.09], [0.3, 1.13, 0.02], [1.2, 1.95, 0.11], [1.07, 1.63, 0.08], [0.54, 1.16, 0.03], [3.45, 0.77, 2.19], [0.35, 1.57, 2.6], [1.47, 4.24, 2.55], [1.57, 0.24, 0.44], [1.75, 4.39, 2.47]]","[147, 134, 141, 174, 127, 126, 137, 163, 153, 140, 151, 155]",22.1
429,1790252280038345501,307209,105102,18,13,141.5,"[25.8, 26.8, 28.0, 29.8, 30.3, 32.4, 35.5, 41.2, 48.1, 91.7, 92.5, 95.7, 141.5]","['NEAR', 'NEAR', 'OUTSIDE', 'INSIDE', 'INSIDE', 'INSIDE', 'INSIDE', 'INSIDE', 'INSIDE', 'INSIDE', 'OUTSIDE', 'INSIDE', 'INSIDE']","[[1.37, 1.29, 1.31], [0.38, 0.82, 0.69], [0.82, 0.79, 0.79], [0.62, 1.07, 0.69], [2.14, 2.12, 0.18], [1.1, 1.29, 0.08], [1.24, 1.69, 0.12], [2.3, 1.82, 0.18], [1.07, 1.18, 0.06], [2.3, 4.03, 2.69], [2.86, 0.23, 1.39], [2.6, 2.55, 1.54], [4.66, 4.59, 2.69]]","[121, 134, 127, 152, 141, 174, 129, 126, 137, 140, 148, 175, 155]",20.5
430,1790252280153555366,307207,101020,16,11,179.9,"[25.9, 30.5, 32.5, 35.3, 40.4, 47.4, 83.9, 86.0, 89.3, 139.2, 179.9]","['NEAR', 'INSIDE', 'INSIDE', 'INSIDE', 'INSIDE', 'INSIDE', 'INSIDE', 'OUTSIDE', 'INSIDE', 'INSIDE', 'INSIDE']","[[0.66, 1.15, 1.15], [2.16, 2.57, 0.31], [1.2, 1.69, 0.08], [1.75, 2.18, 0.14], [3.16, 2.99, 0.79], [1.03, 1.16, 0.06], [6.03, 5.09, 3.0], [2.29, 1.71, 0.77], [6.95, 5.01, 2.98], [3.65, 4.43, 2.25], [0.0, 3.45, 0.0]]","[134, 141, 174, 126, 129, 137, 133, 163, 136, 165, 179]",21.1
431,1790252280235157512,307206,101157,21,11,178.0,"[29.1, 30.7, 32.2, 36.0, 41.5, 47.2, 93.6, 94.1, 111.1, 137.7, 178.0]","['OUTSIDE', 'INSIDE', 'INSIDE', 'INSIDE', 'INSIDE', 'INSIDE', 'OUTSIDE', 'INSIDE', 'OUTSIDE', 'INSIDE', 'INSIDE']","[[0.49, 0.64, 0.52], [1.64, 0.83, 0.38], [1.68, 1.87, 0.14], [0.83, 0.87, 0.06], [0.72, 1.38, 0.06], [1.08, 1.31, 0.07], [0.11, 0.83, 2.11], [3.14, 2.32, 0.47], [2.0, 0.39, 0.95], [3.06, 4.46, 2.22], [0.03, 3.42, 0.0]]","[127, 129, 141, 174, 126, 137, 145, 175, 151, 165, 179]",21.1
432,1790252280343004901,307205,101209,18,12,135.6,"[28.3, 29.8, 31.8, 32.8, 36.5, 42.2, 47.5, 87.2, 93.2, 96.2, 97.8, 135.6]","['NEAR', 'NEAR', 'INSIDE', 'INSIDE', 'INSIDE', 'INSIDE', 'INSIDE', 'INSIDE', 'INSIDE', 'INSIDE', 'OUTSIDE', 'INSIDE']","[[0.76, 1.24, 1.04], [1.63, 1.02, 0.63], [1.07, 1.37, 0.09], [0.53, 1.18, 0.04], [0.94, 1.76, 0.07], [1.34, 0.51, 0.11], [0.81, 1.48, 0.05], [4.52, 5.03, 2.85], [4.0, 3.4, 1.41], [3.62, 1.63, 2.57], [4.99, 1.08, 1.7], [3.62, 4.46, 2.38]]","[121, 127, 141, 174, 126, 129, 137, 163, 175, 177, 160, 165]",19.6
433,1790252280439973073,307207,101490,17,13,156.7,"[27.4, 28.4, 29.4, 32.4, 37.0, 41.9, 47.4, 48.4, 94.2, 96.9, 133.1, 144.8, 156.7]","['RAIL', 'OUTSIDE', 'OUTSIDE', 'OUTSIDE', 'INSIDE', 'INSIDE', 'INSIDE', 'INSIDE', 'NEAR', 'OUTSIDE', 'INSIDE', 'OUTSIDE', 'INSIDE']","[[1.24, 0.32, 0.84], [0.52, 0.92, 0.73], [0.7, 0.74, 0.78], [0.44, 0.82, 0.76], [2.1, 2.1, 0.18], [1.04, 1.59, 0.07], [1.34, 1.53, 0.1], [0.74, 1.32, 0.04], [3.44, 0.99, 2.28], [5.02, 0.3, 0.88], [2.23, 4.25, 2.35], [3.44, 1.74, 0.96], [4.03, 3.78, 1.05]]","[137, 152, 121, 127, 141, 174, 126, 147, 148, 160, 165, 155, 156]",22.1
434,1790252280537453861,307207,101473,21,13,131.9,"[27.3, 30.9, 33.6, 36.9, 41.6, 46.4, 49.0, 84.9, 88.4, 90.2, 94.5, 109.0, 131.9]","['RAIL', 'RAIL', 'OUTSIDE', 'OUTSIDE', 'OUTSIDE', 'INSIDE', 'INSIDE', 'NEAR', 'RAIL', 'INSIDE', 'OUTSIDE', 'OUTSIDE', 'INSIDE']","[[1.29, 0.32, 0.81], [0.37, 0.21, 0.96], [1.4, 1.26, 1.26], [0.83, 0.48, 0.59], [0.54, 0.58, 0.56], [0.7, 1.3, 0.05], [1.27, 1.27, 0.1], [2.01, 1.26, 2.64], [1.13, 1.06, 0.96], [7.69, 4.92, 2.33], [3.8, 0.73, 1.42], [0.48, 0.43, 0.44], [3.61, 4.43, 2.32]]","[137, 147, 152, 141, 127, 174, 126, 133, 136, 140, 145, 151, 165]",21.2
435,1790252280643708156,307207,101458,20,14,153.2,"[27.0, 29.1, 31.4, 33.7, 37.1, 41.8, 83.7, 88.2, 91.3, 91.3, 97.3, 107.3, 107.4, 153.2]","['OUTSIDE', 'OUTSIDE', 'INSIDE', 'INSIDE', 'INSIDE', 'INSIDE', 'OUTSIDE', 'INSIDE', 'OUTSIDE', 'INSIDE', 'OUTSIDE', 'OUTSIDE', 'INSIDE', 'INSIDE']","[[0.39, 0.81, 0.7], [0.84, 0.71, 0.74], [1.29, 0.4, 0.11], [0.45, 1.29, 0.04], [0.49, 1.31, 0.03], [1.52, 1.55, 0.12], [0.87, 0.32, 1.82], [5.34, 5.08, 2.84], [1.05, 0.95, 0.59], [2.79, 2.72, 2.65], [5.01, 1.43, 1.74], [0.76, 0.37, 0.23], [1.08, 0.75, 0.73], [4.4, 4.07, 1.02]]","[152, 121, 127, 129, 174, 126, 133, 163, 153, 140, 160, 151, 180, 156]",21.6
436,1790252280741548086,307209,101464,15,9,151.4,"[27.8, 29.0, 33.4, 36.8, 41.2, 46.1, 81.8, 105.4, 151.4]","['OUTSIDE', 'NEAR', 'INSIDE', 'INSIDE', 'INSIDE', 'INSIDE', 'RAIL', 'OUTSIDE', 'INSIDE']","[[0.89, 0.79, 0.78], [0.37, 0.82, 0.48], [1.46, 1.15, 0.1], [1.13, 1.38, 0.1], [1.95, 1.78, 0.15], [1.17, 1.6, 0.07], [1.0, 0.14, 0.53], [0.8, 0.36, 0.23], [4.34, 4.28, 1.01]]","[121, 152, 174, 129, 126, 137, 133, 151, 156]",20.1
437,1790252280858047764,307207,101738,16,10,103.6,"[26.4, 27.2, 29.0, 33.1, 36.5, 40.7, 46.3, 87.1, 96.2, 103.6]","['OUTSIDE', 'OUTSIDE', 'NEAR', 'INSIDE', 'INSIDE', 'INSIDE', 'INSIDE', 'OUTSIDE', 'NEAR', 'OUTSIDE']","[[0.54, 0.73, 0.91], [1.26, 0.76, 0.81], [0.65, 0.7, 0.49], [2.23, 1.93, 0.19], [1.04, 1.41, 0.07], [1.66, 1.5, 0.13], [0.26, 1.13, 0.01], [2.4, 0.87, 0.93], [3.56, 0.7, 0.84], [0.64, 0.41, 0.42]]","[134, 121, 152, 129, 174, 126, 137, 163, 177, 151]",19.3
438,1790252280955046064,307210,102511,16,10,174.7,"[26.3, 29.0, 32.6, 33.0, 36.7, 42.1, 46.5, 88.7, 149.2, 174.7]","['RAIL', 'NEAR', 'NEAR', 'INSIDE', 'INSIDE', 'INSIDE', 'NEAR', 'RAIL', 'INSIDE', 'RAIL']","[[1.03, 0.08, 0.73], [1.65, 1.37, 1.1], [0.56, 0.64, 0.56], [2.13, 2.13, 0.18], [1.2, 1.77, 0.09], [0.29, 1.13, 0.02], [0.35, 0.81, 0.48], [1.81, 0.25, 0.98], [1.46, 4.44, 0.99], [0.07, 0.1, 0.26]]","[174, 121, 141, 129, 126, 137, 152, 136, 156, 179]",23.4
439,1790252281066910852,307207,98331,23,13,172.9,"[28.4, 29.4, 32.0, 33.9, 37.0, 46.7, 48.4, 89.5, 92.6, 96.1, 98.3, 132.9, 172.9]","['RAIL', 'NEAR', 'NEAR', 'OUTSIDE', 'INSIDE', 'INSIDE', 'INSIDE', 'OUTSIDE', 'INSIDE', 'OUTSIDE', 'NEAR', 'INSIDE', 'INSIDE']","[[1.07, 0.22, 1.07], [0.57, 1.06, 1.01], [0.75, 0.63, 0.55], [0.88, 0.76, 0.89], [1.24, 1.52, 0.11], [0.99, 1.66, 0.08], [0.29, 1.3, 0.02], [3.97, 2.28, 2.37], [2.21, 2.55, 0.45], [3.05, 0.67, 1.48], [1.61, 1.5, 2.56], [5.44, 4.1, 1.1], [0.09, 3.85, 1.66]]","[147, 121, 127, 141, 129, 126, 137, 153, 175, 160, 177, 165, 179]",22.5
440,1790252281148053330,307215,101366,15,10,171.1,"[25.9, 26.9, 33.0, 36.3, 45.8, 91.3, 93.3, 98.3, 143.9, 171.1]","['NEAR', 'INSIDE', 'INSIDE', 'INSIDE', 'OUTSIDE', 'OUTSIDE', 'INSIDE', 'INSIDE', 'INSIDE', 'OUTSIDE']","[[0.46, 1.15, 1.15], [1.42, 1.92, 0.12], [1.42, 2.39, 0.35], [0.33, 1.28, 0.02], [0.81, 1.32, 1.18], [1.23, 0.82, 1.02], [5.27, 3.64, 2.63], [3.17, 2.96, 2.16], [4.05, 3.98, 0.96], [0.15, 0.12, 1.1]]","[134, 129, 126, 137, 152, 145, 140, 177, 155, 179]",23.2
441,1790252281241622034,307215,101184,22,15,170.3,"[28.4, 33.1, 36.0, 46.1, 87.7, 89.5, 91.1, 92.4, 94.5, 96.3, 97.5, 129.2, 139.0, 159.9, 170.3]","['NEAR', 'INSIDE', 'INSIDE', 'INSIDE', 'OUTSIDE', 'INSIDE', 'OUTSIDE', 'INSIDE', 'OUTSIDE', 'OUTSIDE', 'INSIDE', 'INSIDE', 'INSIDE', 'INSIDE', 'INSIDE']","[[1.29, 1.1, 0.83], [1.06, 1.71, 0.09], [1.81, 1.97, 0.14], [0.41, 0.8, 0.02], [1.38, 0.74, 2.11], [5.41, 3.74, 2.32], [1.93, 0.41, 1.17], [1.11, 1.12, 0.03], [1.23, 1.44, 1.7], [0.69, 1.16, 1.06], [3.04, 2.17, 0.47], [5.46, 3.99, 1.07], [2.39, 3.7, 0.9], [0.03, 3.63, 0.0], [2.02, 0.41, 0.78]]","[121, 129, 126, 137, 136, 153, 140, 175, 145, 160, 177, 165, 155, 181, 179]",22.6
442,1790252281344574143,307209,101236,27,20,167.7,"[27.9, 29.0, 33.5, 36.4, 43.1, 48.6, 49.7, 83.8, 88.6, 89.6, 90.3, 91.1, 93.9, 94.0, 95.2, 95.3, 127.6, 141.7, 160.6, 167.7]","['RAIL', 'RAIL', 'RAIL', 'OUTSIDE', 'NEAR', 'INSIDE', 'INSIDE', 'INSIDE', 'INSIDE', 'OUTSIDE', 'OUTSIDE', 'RAIL', 'OUTSIDE', 'OUTSIDE', 'INSIDE', 'INSIDE', 'OUTSIDE', 'OUTSIDE', 'INSIDE', 'INSIDE']","[[1.3, 0.27, 0.95], [0.49, 0.1, 0.98], [0.54, 0.27, 0.66], [0.97, 1.09, 1.25], [0.69, 1.06, 0.79], [1.16, 1.73, 0.1], [1.42, 1.87, 0.11], [6.62, 5.18, 2.98], [1.19, 1.97, 1.4], [1.12, 0.2, 0.39], [2.05, 0.97, 0.56], [1.94, 0.21, 0.81], [1.48, 0.47, 1.65], [1.14, 0.11, 1.05], [0.33, 1.0, 0.01], [4.4, 1.1, 0.86], [5.07, 1.72, 0.85], [1.14, 1.85, 1.26], [5.11, 3.95, 1.11], [0.67, 3.73, 1.62]]","[174, 147, 137, 121, 127, 129, 126, 133, 136, 153, 175, 140, 145, 148, 160, 177, 165, 155, 181, 179]",21.5
443,1790252281452953382,307215,101308,19,15,165.9,"[29.3, 29.6, 30.7, 32.3, 36.7, 83.7, 86.6, 88.5, 88.7, 92.4, 93.5, 95.1, 106.9, 139.9, 165.9]","['OUTSIDE', 'NEAR', 'OUTSIDE', 'INSIDE', 'INSIDE', 'INSIDE', 'INSIDE', 'RAIL', 'OUTSIDE', 'INSIDE', 'OUTSIDE', 'INSIDE', 'OUTSIDE', 'OUTSIDE', 'INSIDE']","[[0.79, 0.87, 1.03], [1.4, 1.19, 1.15], [0.75, 0.83, 1.12], [1.0, 1.4, 0.08], [1.54, 0.56, 0.14], [2.62, 1.6, 2.8], [0.83, 1.47, 1.14], [1.94, 0.2, 0.79], [8.67, 2.63, 2.58], [1.9, 1.17, 0.57], [1.96, 0.2, 0.89], [0.95, 1.08, 0.85], [2.16, 2.12, 1.35], [1.14, 2.31, 1.25], [0.71, 3.97, 1.6]]","[127, 141, 129, 126, 152, 133, 136, 140, 153, 148, 177, 160, 180, 155, 179]",21.9
444,1790252281555852907,307216,101387,20,13,163.8,"[29.0, 45.9, 47.9, 86.5, 86.9, 91.4, 96.8, 97.0, 108.6, 124.8, 138.0, 148.2, 163.8]","['RAIL', 'RAIL', 'NEAR', 'OUTSIDE', 'INSIDE', 'INSIDE', 'INSIDE', 'INSIDE', 'INSIDE', 'OUTSIDE', 'OUTSIDE', 'INSIDE', 'INSIDE']","[[0.55, 0.21, 1.05], [0.32, 0.19, 0.41], [1.59, 1.04, 0.77], [1.62, 0.69, 0.74], [1.04, 1.06, 0.03], [6.18, 5.1, 2.55], [1.22, 1.39, 0.23], [7.26, 2.18, 2.63], [0.07, 0.57, 0.0], [3.28, 1.77, 1.04], [1.14, 1.8, 1.23], [0.82, 2.97, 1.0], [0.04, 3.93, 1.58]]","[137, 174, 127, 163, 136, 175, 160, 177, 180, 165, 155, 156, 179]",20.6
445,1790252281660882336,307206,101467,15,9,162.3,"[36.0, 84.9, 89.7, 94.4, 95.4, 110.4, 124.7, 134.8, 162.3]","['INSIDE', 'RAIL', 'OUTSIDE', 'OUTSIDE', 'INSIDE', 'OUTSIDE', 'INSIDE', 'OUTSIDE', 'INSIDE']","[[1.21, 1.62, 0.09], [1.85, 0.19, 0.93], [2.1, 0.64, 1.94], [1.77, 0.65, 0.23], [13.52, 3.35, 2.74], [1.58, 0.54, 0.97], [6.92, 4.57, 1.33], [4.24, 1.68, 0.84], [0.63, 3.89, 1.56]]","[126, 133, 153, 160, 148, 184, 165, 155, 179]",20.8
446,1790252281738638616,307209,101327,18,12,160.4,"[28.7, 30.6, 36.4, 84.5, 87.1, 88.1, 89.4, 90.9, 97.3, 109.4, 135.8, 160.4]","['OUTSIDE', 'INSIDE', 'OUTSIDE', 'OUTSIDE', 'OUTSIDE', 'RAIL', 'NEAR', 'INSIDE', 'NEAR', 'OUTSIDE', 'INSIDE', 'INSIDE']","[[0.53, 0.62, 0.54], [0.79, 1.28, 0.06], [0.2, 0.9, 0.54], [1.07, 0.85, 2.22], [0.6, 0.64, 0.94], [3.99, 0.15, 0.56], [1.91, 1.25, 0.43], [9.32, 4.95, 2.72], [1.27, 1.18, 2.34], [1.2, 0.62, 0.71], [9.8, 3.76, 0.94], [0.61, 3.84, 1.55]]","[127, 126, 152, 133, 163, 140, 175, 153, 177, 184, 155, 181]",19.4
447,1790252281842897284,307213,101280,22,15,158.6,"[27.3, 35.9, 48.3, 49.4, 80.9, 82.8, 84.8, 87.4, 90.8, 92.0, 94.9, 107.4, 107.6, 132.1, 158.6]","['RAIL', 'RAIL', 'INSIDE', 'INSIDE', 'RAIL', 'OUTSIDE', 'OUTSIDE', 'INSIDE', 'OUTSIDE', 'INSIDE', 'INSIDE', 'OUTSIDE', 'INSIDE', 'INSIDE', 'INSIDE']","[[0.2, 0.26, 0.53], [0.46, 0.21, 0.44], [1.41, 2.14, 0.14], [2.03, 1.97, 0.16], [0.72, 0.2, 0.73], [5.78, 1.66, 2.81], [1.09, 1.12, 1.92], [10.24, 3.14, 2.96], [2.4, 1.81, 2.02], [0.19, 0.64, 0.01], [2.03, 1.23, 0.88], [1.5, 0.49, 0.98], [1.01, 0.75, 0.02], [5.87, 3.48, 0.87], [0.68, 4.08, 1.53]]","[137, 147, 121, 126, 133, 163, 136, 140, 175, 148, 177, 184, 180, 155, 181]",22.1
448,1790252281941866105,307209,101324,17,12,147.1,"[26.2, 27.5, 32.5, 35.9, 89.9, 92.3, 93.2, 97.6, 106.1, 109.0, 123.4, 147.1]","['INSIDE', 'INSIDE', 'NEAR', 'OUTSIDE', 'OUTSIDE', 'OUTSIDE', 'INSIDE', 'OUTSIDE', 'OUTSIDE', 'INSIDE', 'OUTSIDE', 'INSIDE']","[[1.63, 2.24, 0.17], [1.99, 1.97, 0.15], [1.27, 0.65, 0.27], [0.7, 0.83, 0.44], [2.94, 0.35, 1.59], [2.22, 0.14, 1.38], [2.24, 3.41, 0.66], [3.02, 1.75, 2.45], [1.91, 0.35, 0.48], [0.44, 1.91, 1.91], [3.11, 0.39, 1.32], [0.03, 3.59, 0.0]]","[121, 126, 152, 134, 153, 145, 148, 160, 184, 180, 165, 156]",20.9
449,1790252282034403638,307208,101510,16,11,145.8,"[29.5, 36.2, 48.5, 85.5, 85.8, 88.2, 88.9, 92.3, 96.9, 104.0, 145.8]","['RAIL', 'INSIDE', 'INSIDE', 'INSIDE', 'OUTSIDE', 'OUTSIDE', 'OUTSIDE', 'OUTSIDE', 'OUTSIDE', 'OUTSIDE', 'INSIDE']","[[0.55, 0.26, 0.43], [1.55, 2.48, 0.3], [0.29, 1.39, 0.02], [2.08, 1.64, 0.06], [3.13, 0.24, 1.51], [1.9, 0.6, 0.24], [4.84, 0.87, 2.38], [3.91, 0.42, 1.64], [2.6, 0.54, 1.52], [2.62, 0.44, 1.14], [1.14, 3.8, 0.27]]","[137, 191, 126, 140, 136, 175, 153, 145, 160, 184, 156]",21.1
450,1790252282133218447,307208,101767,19,14,143.4,"[28.5, 29.4, 30.3, 31.8, 35.2, 46.7, 86.1, 86.2, 93.5, 94.9, 97.4, 102.9, 106.4, 143.4]","['RAIL', 'OUTSIDE', 'OUTSIDE', 'NEAR', 'INSIDE', 'INSIDE', 'OUTSIDE', 'OUTSIDE', 'INSIDE', 'INSIDE', 'OUTSIDE', 'OUTSIDE', 'OUTSIDE', 'INSIDE']","[[0.26, 0.27, 0.51], [0.55, 0.63, 0.82], [0.74, 0.61, 0.53], [0.88, 0.65, 0.52], [2.32, 2.27, 0.18], [2.06, 2.11, 0.19], [1.66, 0.18, 1.13], [3.11, 0.15, 0.74], [1.87, 1.0, 0.24], [0.94, 1.12, 0.66], [1.9, 0.72, 1.86], [2.9, 0.73, 1.34], [1.93, 0.15, 0.51], [0.04, 3.25, 0.28]]","[174, 141, 127, 129, 126, 191, 136, 153, 148, 177, 160, 184, 180, 156]",24.2
451,1790252282241079003,307214,101773,17,12,136.3,"[28.7, 29.5, 33.1, 36.7, 41.2, 46.9, 83.7, 88.1, 90.4, 94.2, 125.4, 136.3]","['RAIL', 'OUTSIDE', 'INSIDE', 'INSIDE', 'INSIDE', 'NEAR', 'OUTSIDE', 'INSIDE', 'NEAR', 'INSIDE', 'INSIDE', 'OUTSIDE']","[[0.28, 0.18, 0.61], [0.99, 0.69, 0.74], [1.31, 1.43, 0.09], [2.21, 2.22, 0.21], [1.07, 1.52, 0.08], [0.97, 0.43, 0.07], [4.04, 2.49, 2.83], [4.99, 4.97, 2.34], [0.84, 0.78, 1.59], [6.77, 4.04, 1.91], [1.66, 4.18, 1.0], [1.17, 1.78, 1.21]]","[174, 127, 198, 191, 126, 152, 163, 175, 153, 148, 165, 155]",22.7
452,1790252282346147009,307209,101863,17,9,134.1,"[29.8, 37.1, 41.9, 91.3, 100.9, 102.1, 110.8, 124.7, 134.1]","['NEAR', 'INSIDE', 'INSIDE', 'INSIDE', 'INSIDE', 'INSIDE', 'OUTSIDE', 'INSIDE', 'INSIDE']","[[0.21, 0.68, 0.51], [1.0, 1.45, 0.07], [0.8, 1.03, 0.06], [0.85, 0.59, 0.41], [1.03, 0.74, 0.24], [1.06, 1.22, 0.26], [1.96, 0.39, 0.7], [4.09, 3.88, 0.83], [1.99, 4.22, 0.85]]","[141, 198, 126, 153, 182, 184, 180, 165, 155]",79.2
453,1790252282454603358,307209,101909,21,16,131.4,"[26.9, 28.0, 28.1, 32.3, 35.9, 41.1, 43.2, 46.3, 49.2, 96.4, 96.6, 104.9, 105.2, 112.4, 122.3, 131.4]","['RAIL', 'RAIL', 'RAIL', 'NEAR', 'NEAR', 'INSIDE', 'INSIDE', 'NEAR', 'OUTSIDE', 'OUTSIDE', 'NEAR', 'NEAR', 'OUTSIDE', 'OUTSIDE', 'INSIDE', 'INSIDE']","[[0.35, 0.26, 0.81], [0.2, 0.3, 0.77], [0.27, 0.1, 1.02], [0.4, 0.88, 0.73], [0.36, 1.03, 0.74], [0.72, 1.42, 0.05], [2.19, 1.75, 0.17], [1.12, 0.65, 0.27], [0.52, 1.04, 0.71], [3.09, 1.6, 1.86], [2.29, 0.77, 2.11], [0.99, 0.44, 1.15], [3.79, 1.44, 1.79], [0.95, 1.6, 1.23], [2.7, 4.35, 1.3], [3.53, 3.48, 0.82]]","[174, 147, 198, 127, 141, 126, 152, 129, 121, 160, 177, 184, 182, 180, 165, 155]",78.7
454,1790252282543244829,307214,101847,16,12,165.2,"[28.3, 37.4, 41.3, 46.4, 48.3, 90.0, 94.1, 98.1, 121.2, 128.9, 143.9, 165.2]","['RAIL', 'NEAR', 'INSIDE', 'INSIDE', 'INSIDE', 'OUTSIDE', 'OUTSIDE', 'NEAR', 'OUTSIDE', 'INSIDE', 'INSIDE', 'INSIDE']","[[0.81, 0.29, 0.95], [0.88, 0.97, 0.69], [1.34, 1.56, 0.09], [1.32, 1.54, 0.1], [1.08, 1.61, 0.07], [2.11, 0.77, 1.37], [1.95, 0.85, 1.49], [0.43, 0.86, 1.06], [1.62, 0.53, 0.55], [2.4, 2.67, 1.07], [7.11, 4.42, 2.24], [0.31, 3.46, 0.66]]","[137, 141, 126, 152, 174, 145, 148, 177, 165, 155, 156, 189]",22.1
455,1790252282639038257,307199,102092,17,15,163.4,"[27.8, 29.3, 30.6, 37.4, 41.2, 44.8, 46.7, 81.2, 87.9, 88.6, 92.8, 101.5, 102.1, 127.4, 163.4]","['RAIL', 'OUTSIDE', 'NEAR', 'INSIDE', 'INSIDE', 'INSIDE', 'INSIDE', 'OUTSIDE', 'OUTSIDE', 'INSIDE', 'INSIDE', 'NEAR', 'INSIDE', 'INSIDE', 'INSIDE']","[[0.61, 0.25, 0.49], [0.45, 0.86, 1.03], [1.31, 1.15, 1.02], [0.87, 1.57, 0.06], [1.06, 1.55, 0.08], [1.17, 1.48, 0.11], [1.01, 1.14, 0.06], [2.12, 1.53, 2.52], [2.68, 1.36, 2.72], [0.93, 3.49, 0.8], [2.64, 4.84, 2.67], [0.58, 0.79, 1.36], [2.39, 1.97, 0.29], [4.23, 3.97, 0.78], [0.2, 1.98, 0.65]]","[198, 141, 127, 126, 152, 191, 174, 163, 136, 175, 153, 187, 182, 155, 189]",21.9
456,1790252282742987555,307200,102584,25,22,161.5,"[25.6, 27.5, 33.2, 36.7, 41.0, 46.3, 47.9, 47.9, 82.0, 86.7, 86.8, 90.1, 92.4, 97.3, 99.8, 103.9, 106.9, 111.6, 117.3, 125.0, 142.7, 161.5]","['RAIL', 'INSIDE', 'NEAR', 'INSIDE', 'INSIDE', 'INSIDE', 'INSIDE', 'RAIL', 'INSIDE', 'INSIDE', 'OUTSIDE', 'OUTSIDE', 'INSIDE', 'OUTSIDE', 'INSIDE', 'OUTSIDE', 'INSIDE', 'NEAR', 'OUTSIDE', 'INSIDE', 'INSIDE', 'INSIDE']","[[0.47, 0.18, 0.53], [1.66, 1.92, 0.18], [0.46, 0.61, 0.47], [1.68, 2.17, 0.37], [0.78, 1.15, 0.05], [1.42, 1.77, 0.11], [0.41, 0.97, 0.02], [0.06, 0.25, 0.21], [7.51, 5.17, 2.92], [0.63, 1.31, 0.19], [2.31, 1.11, 2.5], [1.35, 0.66, 1.57], [6.11, 3.87, 2.64], [0.57, 0.9, 0.42], [0.9, 1.04, 0.02], [1.01, 0.38, 0.91], [1.09, 1.84, 0.24], [2.0, 0.76, 0.73], [1.95, 0.68, 1.08], [5.29, 4.21, 1.04], [1.99, 4.56, 1.65], [0.32, 3.38, 0.0]]","[137, 134, 127, 129, 126, 152, 174, 147, 163, 140, 136, 175, 153, 160, 182, 184, 187, 180, 165, 155, 156, 189]",23.0
457,1790252282847936357,307204,103763,23,20,159.7,"[30.9, 33.2, 36.9, 40.9, 46.1, 46.7, 80.2, 86.9, 87.0, 88.7, 90.6, 92.5, 94.6, 97.4, 99.1, 105.4, 114.8, 123.7, 140.3, 159.7]","['INSIDE', 'INSIDE', 'INSIDE', 'INSIDE', 'OUTSIDE', 'RAIL', 'OUTSIDE', 'OUTSIDE', 'OUTSIDE', 'INSIDE', 'OUTSIDE', 'INSIDE', 'OUTSIDE', 'NEAR', 'INSIDE', 'OUTSIDE', 'OUTSIDE', 'INSIDE', 'INSIDE', 'INSIDE']","[[1.49, 2.04, 0.13], [1.15, 1.69, 0.08], [1.19, 1.65, 0.09], [0.38, 1.3, 0.02], [0.62, 0.96, 0.85], [0.18, 0.25, 0.2], [3.15, 0.27, 1.41], [1.69, 0.2, 0.94], [2.2, 0.75, 1.57], [5.06, 2.69, 0.73], [0.64, 0.74, 1.19], [1.89, 2.41, 0.26], [4.06, 0.3, 0.61], [2.04, 1.06, 0.46], [1.08, 1.39, 0.03], [1.67, 0.49, 1.39], [0.51, 0.45, 0.46], [4.37, 4.29, 1.02], [0.64, 3.99, 1.62], [0.34, 3.34, 0.64]]","[129, 126, 152, 174, 191, 147, 163, 140, 145, 136, 175, 153, 148, 160, 182, 184, 165, 155, 156, 189]",28.1
458,1790252282938318041,307207,101732,20,17,157.8,"[28.5, 28.7, 30.6, 33.3, 36.5, 40.8, 44.3, 46.8, 88.5, 90.2, 95.0, 95.3, 99.2, 104.1, 113.2, 122.2, 157.8]","['NEAR', 'INSIDE', 'INSIDE', 'INSIDE', 'INSIDE', 'INSIDE', 'INSIDE', 'RAIL', 'OUTSIDE', 'NEAR', 'OUTSIDE', 'INSIDE', 'OUTSIDE', 'OUTSIDE', 'OUTSIDE', 'INSIDE', 'INSIDE']","[[0.97, 1.11, 0.98], [1.23, 1.62, 0.11], [1.77, 2.99, 1.46], [0.97, 1.56, 0.07], [1.81, 2.12, 0.14], [1.78, 1.89, 0.17], [0.51, 1.46, 0.03], [0.11, 0.23, 0.29], [0.27, 0.61, 1.21], [0.95, 1.12, 1.79], [1.06, 0.31, 0.45], [3.39, 4.02, 2.14], [0.95, 0.16, 0.4], [1.06, 0.52, 1.33], [0.91, 0.43, 0.51], [3.55, 3.83, 0.79], [0.47, 3.92, 1.06]]","[141, 129, 121, 126, 152, 191, 174, 198, 140, 175, 148, 153, 160, 184, 165, 155, 189]",31.3
459,1790252283043258989,307202,101738,21,18,155.0,"[28.3, 28.7, 31.5, 33.2, 36.8, 41.2, 42.5, 46.8, 47.8, 84.7, 88.6, 92.6, 94.2, 94.4, 98.3, 111.0, 136.2, 155.0]","['RAIL', 'NEAR', 'INSIDE', 'INSIDE', 'INSIDE', 'INSIDE', 'INSIDE', 'OUTSIDE', 'RAIL', 'INSIDE', 'OUTSIDE', 'INSIDE', 'OUTSIDE', 'INSIDE', 'OUTSIDE', 'OUTSIDE', 'INSIDE', 'INSIDE']","[[1.35, 0.25, 0.95], [1.3, 1.0, 0.62], [1.12, 1.94, 0.12], [1.28, 1.94, 0.11], [1.38, 1.3, 0.1], [0.76, 1.65, 0.06], [0.14, 1.14, 0.01], [0.83, 1.13, 1.0], [0.25, 0.34, 0.19], [8.22, 3.33, 2.97], [0.57, 0.91, 1.76], [1.65, 1.31, 1.0], [2.61, 0.39, 1.06], [3.18, 2.04, 0.31], [0.93, 0.69, 2.0], [0.44, 0.44, 0.45], [0.58, 3.97, 0.63], [2.24, 3.88, 1.04]]","[137, 191, 121, 129, 126, 152, 174, 141, 198, 136, 140, 175, 148, 153, 160, 165, 156, 189]",39.2
460,1790252283154360166,307196,101612,16,14,153.2,"[28.1, 28.2, 29.0, 30.5, 32.9, 36.4, 41.3, 46.1, 47.2, 86.9, 97.0, 100.0, 109.5, 153.2]","['OUTSIDE', 'NEAR', 'RAIL', 'INSIDE', 'INSIDE', 'INSIDE', 'INSIDE', 'INSIDE', 'INSIDE', 'INSIDE', 'OUTSIDE', 'INSIDE', 'OUTSIDE', 'INSIDE']","[[0.63, 1.04, 1.02], [0.74, 1.14, 0.81], [0.44, 0.22, 0.62], [2.01, 2.23, 0.17], [1.39, 1.74, 0.14], [0.64, 1.43, 0.04], [1.22, 1.88, 0.26], [1.09, 1.75, 0.08], [0.72, 1.6, 0.04], [2.29, 3.36, 0.62], [1.89, 0.36, 0.83], [4.14, 2.99, 2.03], [0.96, 0.43, 0.7], [2.21, 3.5, 0.32]]","[127, 121, 196, 129, 141, 126, 191, 152, 174, 136, 160, 182, 165, 189]",37.4
461,1790252283271634160,307182,101587,20,18,152.3,"[29.9, 30.6, 33.4, 37.1, 38.7, 41.2, 46.3, 46.8, 49.1, 49.5, 81.2, 85.9, 87.7, 90.8, 97.7, 107.5, 122.1, 152.3]","['RAIL', 'RAIL', 'RAIL', 'INSIDE', 'INSIDE', 'INSIDE', 'INSIDE', 'INSIDE', 'INSIDE', 'RAIL', 'INSIDE', 'INSIDE', 'OUTSIDE', 'OUTSIDE', 'OUTSIDE', 'OUTSIDE', 'INSIDE', 'INSIDE']","[[0.97, 0.22, 0.6], [0.31, 0.21, 0.65], [0.38, 0.21, 0.54], [0.72, 1.73, 0.06], [0.84, 1.0, 0.06], [1.05, 1.27, 0.1], [0.34, 1.29, 0.03], [0.82, 1.14, 0.05], [1.15, 0.59, 0.11], [0.05, 0.2, 0.17], [4.98, 1.95, 2.73], [1.12, 1.52, 1.02], [6.24, 1.72, 2.94], [1.21, 0.67, 1.42], [3.09, 0.28, 0.84], [0.78, 0.38, 0.69], [2.02, 4.24, 0.8], [0.34, 3.45, 0.0]]","[147, 137, 196, 129, 126, 191, 152, 174, 141, 198, 163, 140, 136, 175, 160, 165, 155, 189]",38.1
462,1790252283357129256,307209,101875,13,13,150.3,"[28.4, 32.1, 36.7, 36.9, 87.8, 92.3, 93.7, 96.8, 99.9, 106.8, 126.1, 137.0, 150.3]","['NEAR', 'INSIDE', 'INSIDE', 'RAIL', 'INSIDE', 'OUTSIDE', 'INSIDE', 'OUTSIDE', 'INSIDE', 'OUTSIDE', 'INSIDE', 'INSIDE', 'OUTSIDE']","[[0.8, 1.11, 0.98], [2.45, 2.2, 0.21], [1.1, 1.64, 0.08], [0.21, 0.29, 0.24], [5.14, 4.03, 2.35], [1.93, 0.65, 1.89], [1.18, 1.7, 0.26], [0.99, 1.19, 1.05], [1.08, 1.55, 0.24], [3.0, 0.5, 1.17], [9.64, 4.41, 2.24], [0.65, 2.02, 2.58], [0.17, 1.51, 0.31]]","[127, 129, 152, 198, 145, 148, 153, 160, 182, 165, 155, 156, 189]",35.4
463,1790252283445795897,307193,102473,17,17,148.6,"[30.3, 32.0, 32.8, 35.0, 36.5, 40.4, 42.8, 46.0, 46.6, 47.6, 92.2, 94.8, 95.8, 97.9, 98.0, 124.8, 148.6]","['RAIL', 'RAIL', 'RAIL', 'INSIDE', 'INSIDE', 'INSIDE', 'INSIDE', 'INSIDE', 'OUTSIDE', 'RAIL', 'INSIDE', 'OUTSIDE', 'INSIDE', 'OUTSIDE', 'NEAR', 'INSIDE', 'INSIDE']","[[0.63, 0.12, 0.47], [0.45, 0.27, 0.52], [0.27, 0.2, 0.73], [1.26, 1.37, 0.11], [0.57, 1.4, 0.04], [0.35, 1.4, 0.03], [1.41, 0.51, 0.12], [0.92, 1.28, 0.06], [0.76, 0.81, 0.52], [0.07, 0.27, 0.23], [2.51, 4.15, 2.51], [1.29, 1.04, 0.63], [1.11, 0.62, 0.84], [2.96, 0.23, 0.47], [0.84, 0.88, 0.88], [8.58, 4.63, 2.21], [0.17, 2.06, 0.6]]","[147, 137, 196, 129, 126, 152, 191, 174, 141, 198, 148, 160, 177, 182, 153, 155, 189]",38.7
464,1790252283547050261,307189,103424,13,10,146.7,"[33.4, 36.4, 40.8, 47.3, 96.7, 100.5, 101.3, 107.1, 127.8, 146.7]","['INSIDE', 'INSIDE', 'INSIDE', 'INSIDE', 'INSIDE', 'OUTSIDE', 'INSIDE', 'OUTSIDE', 'INSIDE', 'INSIDE']","[[0.46, 1.71, 0.32], [0.93, 1.55, 0.06], [1.86, 1.39, 0.14], [0.52, 0.99, 0.03], [2.18, 1.21, 0.6], [1.38, 0.36, 0.64], [1.55, 2.47, 0.25], [2.94, 0.4, 0.68], [11.81, 4.63, 1.77], [0.28, 3.33, 0.64]]","[129, 126, 152, 174, 177, 184, 153, 165, 155, 189]",33.9
465,1790252283653623456,307185,100775,18,14,144.9,"[28.7, 30.8, 33.2, 36.1, 41.7, 47.2, 81.1, 86.0, 92.2, 92.9, 97.1, 99.0, 124.5, 144.9]","['OUTSIDE', 'NEAR', 'INSIDE', 'INSIDE', 'INSIDE', 'INSIDE', 'INSIDE', 'INSIDE', 'OUTSIDE', 'INSIDE', 'OUTSIDE', 'INSIDE', 'INSIDE', 'INSIDE']","[[0.74, 0.67, 0.77], [0.45, 1.04, 0.82], [1.11, 1.94, 0.09], [0.25, 0.87, 0.02], [1.64, 2.97, 0.66], [1.07, 1.3, 0.06], [0.7, 1.02, 0.55], [8.88, 5.12, 2.98], [3.22, 0.29, 0.98], [4.2, 2.87, 1.93], [1.78, 0.41, 1.08], [0.65, 2.09, 0.24], [5.32, 4.57, 1.36], [0.3, 3.03, 0.63]]","[127, 121, 129, 126, 152, 174, 163, 136, 148, 175, 177, 153, 155, 189]",34.0
466,1790252283746128745,307177,101566,19,14,142.1,"[27.5, 28.9, 29.5, 30.4, 32.0, 35.7, 40.5, 45.9, 97.1, 98.9, 103.4, 104.4, 123.0, 142.1]","['OUTSIDE', 'INSIDE', 'INSIDE', 'INSIDE', 'INSIDE', 'OUTSIDE', 'OUTSIDE', 'RAIL', 'INSIDE', 'OUTSIDE', 'OUTSIDE', 'INSIDE', 'INSIDE', 'INSIDE']","[[0.61, 0.63, 0.55], [1.27, 1.54, 0.09], [1.16, 1.77, 0.25], [1.66, 1.85, 0.13], [1.03, 1.43, 0.06], [1.82, 1.39, 0.93], [0.64, 0.95, 0.53], [0.09, 0.31, 0.19], [0.77, 2.69, 0.43], [2.06, 0.18, 0.85], [2.99, 1.68, 2.31], [3.09, 1.62, 0.25], [1.98, 4.03, 1.69], [2.32, 3.81, 0.93]]","[121, 126, 141, 152, 174, 127, 191, 129, 153, 182, 184, 165, 155, 189]",36.0
467,1790252283846416204,307174,101459,22,17,140.2,"[27.4, 27.6, 29.2, 30.4, 30.8, 36.4, 41.3, 84.3, 89.9, 92.8, 93.0, 95.1, 95.5, 99.0, 107.5, 121.8, 140.2]","['NEAR', 'OUTSIDE', 'INSIDE', 'INSIDE', 'INSIDE', 'OUTSIDE', 'RAIL', 'OUTSIDE', 'INSIDE', 'OUTSIDE', 'INSIDE', 'INSIDE', 'OUTSIDE', 'INSIDE', 'OUTSIDE', 'INSIDE', 'INSIDE']","[[0.72, 1.44, 1.16], [0.59, 0.72, 0.74], [1.35, 1.57, 0.09], [0.98, 1.88, 0.09], [1.53, 1.52, 0.12], [0.65, 0.88, 0.58], [0.1, 0.29, 0.24], [4.16, 0.86, 1.86], [4.33, 1.6, 2.0], [0.96, 0.26, 0.26], [1.93, 2.29, 0.25], [0.32, 1.31, 1.25], [2.95, 1.01, 1.53], [1.94, 0.67, 0.23], [1.02, 0.19, 0.23], [3.33, 4.47, 1.57], [2.19, 3.2, 0.62]]","[129, 141, 126, 191, 152, 127, 121, 136, 140, 175, 160, 177, 153, 182, 184, 155, 189]",34.2
468,1790252283943964070,307174,101520,22,16,137.4,"[25.7, 26.3, 27.5, 31.1, 33.2, 36.8, 41.3, 45.3, 47.3, 47.5, 89.0, 93.1, 96.7, 101.1, 119.5, 137.4]","['RAIL', 'RAIL', 'OUTSIDE', 'OUTSIDE', 'NEAR', 'INSIDE', 'INSIDE', 'INSIDE', 'INSIDE', 'RAIL', 'INSIDE', 'INSIDE', 'OUTSIDE', 'INSIDE', 'OUTSIDE', 'INSIDE']","[[0.14, 0.17, 0.31], [0.26, 0.15, 0.52], [0.38, 0.8, 0.94], [0.86, 0.87, 0.94], [2.7, 1.5, 1.23], [0.44, 1.5, 0.04], [0.99, 1.43, 0.07], [1.39, 1.65, 0.11], [0.64, 1.32, 0.04], [0.07, 0.27, 0.22], [3.6, 4.55, 1.75], [2.01, 3.65, 1.67], [4.99, 1.79, 1.68], [2.03, 2.4, 0.48], [0.46, 0.26, 1.04], [4.14, 3.4, 0.37]]","[196, 174, 129, 141, 191, 199, 126, 152, 137, 121, 145, 160, 153, 182, 155, 156]",43.6
469,1790252284042573812,307164,101623,18,13,137.6,"[23.9, 30.0, 32.9, 36.7, 41.8, 46.8, 84.2, 89.3, 92.8, 94.1, 108.3, 117.8, 137.6]","['RAIL', 'NEAR', 'INSIDE', 'INSIDE', 'INSIDE', 'RAIL', 'INSIDE', 'INSIDE', 'OUTSIDE', 'NEAR', 'OUTSIDE', 'OUTSIDE', 'INSIDE']","[[0.52, 0.2, 0.46], [1.46, 1.21, 1.1], [1.33, 1.6, 0.11], [0.95, 1.65, 0.07], [1.04, 1.15, 0.06], [0.05, 0.25, 0.26], [2.63, 1.62, 1.9], [5.98, 4.87, 1.96], [0.99, 0.64, 1.01], [2.36, 1.0, 1.49], [0.12, 0.73, 1.39], [0.39, 0.43, 1.03], [7.3, 3.86, 1.21]]","[147, 191, 199, 152, 137, 121, 136, 145, 148, 177, 184, 155, 156]",39.8
470,1790252284148943385,307151,101687,22,19,133.6,"[22.1, 29.8, 33.0, 36.8, 41.5, 42.7, 46.8, 48.5, 91.5, 91.9, 93.5, 94.5, 96.7, 97.5, 106.2, 109.0, 116.0, 122.3, 133.6]","['RAIL', 'RAIL', 'INSIDE', 'INSIDE', 'INSIDE', 'INSIDE', 'INSIDE', 'RAIL', 'OUTSIDE', 'OUTSIDE', 'INSIDE', 'OUTSIDE', 'INSIDE', 'OUTSIDE', 'INSIDE', 'INSIDE', 'OUTSIDE', 'INSIDE', 'INSIDE']","[[0.49, 0.74, 0.26], [0.61, 0.26, 1.06], [1.72, 2.03, 0.15], [0.94, 1.43, 0.07], [1.36, 2.14, 0.13], [1.09, 1.29, 0.08], [0.82, 1.46, 0.05], [0.26, 0.3, 0.29], [2.2, 1.72, 1.88], [1.61, 0.36, 1.19], [2.07, 0.66, 0.06], [2.16, 0.53, 1.27], [0.47, 1.33, 1.27], [1.86, 1.08, 0.44], [3.07, 1.1, 1.17], [0.91, 1.15, 0.02], [0.95, 0.58, 1.53], [0.72, 3.7, 2.53], [4.33, 3.31, 0.48]]","[196, 174, 199, 126, 191, 152, 137, 121, 148, 175, 160, 153, 177, 182, 165, 184, 155, 201, 156]",38.3
471,1790252284239109419,307142,101773,22,18,133.8,"[20.2, 28.2, 30.6, 30.7, 33.0, 36.9, 41.7, 46.8, 49.5, 83.8, 88.9, 90.4, 93.6, 94.6, 98.7, 105.6, 114.1, 133.8]","['RAIL', 'NEAR', 'NEAR', 'INSIDE', 'INSIDE', 'INSIDE', 'INSIDE', 'INSIDE', 'RAIL', 'INSIDE', 'OUTSIDE', 'INSIDE', 'INSIDE', 'OUTSIDE', 'OUTSIDE', 'INSIDE', 'OUTSIDE', 'INSIDE']","[[0.41, 0.21, 0.97], [0.33, 0.94, 0.81], [1.29, 0.88, 0.58], [1.81, 2.5, 0.34], [0.52, 1.45, 0.04], [1.25, 0.89, 0.1], [0.51, 1.49, 0.05], [0.88, 0.98, 0.05], [0.25, 0.33, 0.22], [8.87, 4.72, 2.64], [0.71, 0.47, 0.79], [1.6, 0.83, 0.19], [2.01, 0.82, 0.06], [2.06, 0.15, 0.64], [3.82, 0.3, 1.02], [2.16, 1.24, 0.96], [0.93, 0.57, 1.5], [0.35, 3.5, 0.55]]","[174, 191, 141, 199, 126, 152, 127, 137, 121, 136, 145, 148, 160, 153, 182, 165, 155, 156]",34.6
472,1790252284341951240,307141,101826,22,19,130.2,"[18.3, 26.8, 27.6, 27.6, 31.1, 32.6, 37.0, 41.2, 46.8, 47.1, 48.0, 85.7, 88.2, 91.3, 95.8, 96.2, 104.7, 112.3, 130.2]","['RAIL', 'RAIL', 'RAIL', 'OUTSIDE', 'NEAR', 'OUTSIDE', 'INSIDE', 'INSIDE', 'INSIDE', 'INSIDE', 'RAIL', 'INSIDE', 'OUTSIDE', 'INSIDE', 'OUTSIDE', 'INSIDE', 'INSIDE', 'OUTSIDE', 'INSIDE']","[[0.61, 0.19, 0.84], [0.6, 0.26, 0.85], [0.88, 0.17, 0.64], [0.75, 0.73, 0.68], [0.68, 1.06, 0.97], [1.29, 0.71, 0.89], [2.21, 1.99, 0.23], [2.23, 2.31, 0.19], [1.01, 1.15, 0.07], [0.81, 1.41, 0.06], [0.17, 0.3, 0.28], [2.01, 1.88, 0.21], [2.95, 2.3, 2.94], [3.11, 1.66, 0.3], [1.8, 0.56, 0.18], [0.56, 1.12, 1.24], [4.05, 1.25, 1.32], [0.94, 0.56, 1.48], [3.73, 3.86, 1.1]]","[137, 174, 196, 129, 141, 191, 127, 199, 126, 152, 121, 136, 145, 148, 153, 177, 165, 155, 156]",39.5
473,1790252284447774964,307101,101795,16,13,130.1,"[16.5, 26.4, 32.8, 37.2, 41.0, 46.9, 48.3, 88.9, 94.6, 101.6, 111.9, 122.9, 130.1]","['RAIL', 'OUTSIDE', 'INSIDE', 'INSIDE', 'INSIDE', 'INSIDE', 'RAIL', 'OUTSIDE', 'OUTSIDE', 'INSIDE', 'OUTSIDE', 'INSIDE', 'INSIDE']","[[0.83, 0.28, 1.06], [1.91, 1.14, 1.14], [2.16, 1.7, 0.19], [1.1, 1.7, 0.08], [1.31, 1.66, 0.1], [1.05, 1.3, 0.06], [0.21, 0.31, 0.25], [2.06, 0.68, 1.53], [3.02, 0.09, 1.04], [1.5, 1.88, 0.9], [3.96, 0.46, 1.47], [4.15, 4.21, 0.82], [0.58, 4.07, 1.05]]","[137, 129, 199, 126, 152, 196, 121, 145, 177, 165, 155, 201, 156]",42.5
474,1790252284539169400,307066,101811,26,21,145.5,"[14.6, 28.9, 33.0, 36.6, 41.1, 47.3, 48.5, 81.2, 82.1, 84.3, 86.3, 86.5, 88.5, 91.3, 91.6, 96.7, 97.7, 100.9, 107.9, 127.2, 145.5]","['RAIL', 'NEAR', 'INSIDE', 'INSIDE', 'INSIDE', 'INSIDE', 'RAIL', 'OUTSIDE', 'OUTSIDE', 'INSIDE', 'RAIL', 'INSIDE', 'OUTSIDE', 'OUTSIDE', 'INSIDE', 'OUTSIDE', 'OUTSIDE', 'INSIDE', 'OUTSIDE', 'INSIDE', 'INSIDE']","[[0.52, 0.28, 0.63], [0.74, 1.13, 0.81], [2.13, 2.04, 0.18], [0.74, 1.29, 0.05], [1.67, 1.78, 0.13], [1.13, 0.83, 0.07], [0.07, 0.31, 0.25], [2.01, 0.22, 1.21], [7.59, 2.2, 2.65], [2.0, 1.7, 2.84], [1.67, 0.65, 0.22], [1.01, 1.75, 1.71], [3.06, 2.46, 2.74], [2.67, 0.3, 1.39], [1.2, 1.48, 0.46], [1.14, 0.53, 1.44], [4.79, 0.79, 1.35], [1.73, 1.24, 0.04], [2.22, 0.59, 2.1], [2.4, 3.35, 0.53], [6.6, 2.78, 2.48]]","[137, 141, 199, 126, 152, 196, 121, 163, 136, 140, 145, 148, 175, 160, 177, 165, 153, 182, 184, 156, 189]",40.7
475,1790252284643977894,307001,102147,19,14,145.8,"[12.8, 33.4, 36.2, 40.6, 47.0, 81.6, 89.1, 92.5, 95.4, 96.7, 99.9, 105.4, 125.7, 145.8]","['INSIDE', 'INSIDE', 'INSIDE', 'INSIDE', 'RAIL', 'OUTSIDE', 'OUTSIDE', 'NEAR', 'OUTSIDE', 'OUTSIDE', 'OUTSIDE', 'OUTSIDE', 'INSIDE', 'INSIDE']","[[1.19, 1.61, 0.1], [1.04, 1.26, 0.07], [1.16, 1.75, 0.09], [0.55, 0.98, 0.03], [0.21, 0.32, 0.28], [6.9, 2.49, 2.93], [7.88, 1.81, 2.56], [0.41, 1.01, 1.43], [2.02, 0.15, 1.23], [3.07, 1.49, 1.33], [2.99, 0.41, 1.07], [2.6, 1.38, 2.04], [9.93, 4.55, 1.35], [2.34, 2.66, 2.21]]","[199, 126, 152, 196, 121, 136, 175, 177, 165, 153, 182, 184, 156, 189]",40.0
476,1790252284745932863,306957,102538,25,18,143.9,"[10.9, 27.3, 28.1, 28.8, 30.4, 32.7, 35.7, 40.7, 46.5, 89.5, 90.8, 93.9, 94.3, 97.3, 102.1, 113.3, 122.8, 143.9]","['NEAR', 'INSIDE', 'INSIDE', 'INSIDE', 'INSIDE', 'INSIDE', 'INSIDE', 'OUTSIDE', 'RAIL', 'OUTSIDE', 'RAIL', 'OUTSIDE', 'OUTSIDE', 'OUTSIDE', 'OUTSIDE', 'INSIDE', 'INSIDE', 'INSIDE']","[[0.35, 1.02, 1.05], [3.99, 2.79, 0.96], [2.04, 2.04, 0.21], [1.33, 2.02, 0.11], [0.98, 1.41, 0.07], [1.77, 1.86, 0.14], [0.5, 0.81, 0.03], [0.53, 0.85, 0.7], [0.25, 0.34, 0.26], [1.04, 0.46, 1.17], [3.99, 0.13, 0.99], [1.06, 0.22, 1.04], [4.02, 1.38, 1.25], [1.56, 0.38, 1.06], [1.99, 0.43, 0.89], [0.65, 2.21, 1.0], [3.71, 4.07, 1.04], [2.31, 3.81, 2.19]]","[191, 141, 127, 199, 126, 152, 196, 129, 121, 160, 177, 165, 153, 182, 184, 155, 201, 189]",40.3
477,1790252284850842694,306804,101698,18,14,130.8,"[9.0, 28.0, 29.7, 32.8, 36.5, 41.5, 45.8, 47.3, 82.2, 88.2, 91.6, 99.9, 123.7, 130.8]","['RAIL', 'NEAR', 'INSIDE', 'INSIDE', 'INSIDE', 'INSIDE', 'INSIDE', 'RAIL', 'RAIL', 'INSIDE', 'INSIDE', 'OUTSIDE', 'INSIDE', 'INSIDE']","[[0.45, 0.24, 0.5], [1.48, 1.14, 1.02], [0.7, 1.12, 0.75], [1.71, 2.49, 0.33], [0.81, 1.15, 0.06], [1.12, 1.64, 0.09], [0.17, 0.83, 0.01], [0.22, 0.31, 0.26], [1.02, 0.15, 0.53], [13.48, 4.83, 2.97], [10.07, 1.88, 2.86], [1.07, 1.05, 1.1], [6.65, 4.35, 0.95], [3.13, 4.46, 1.44]]","[137, 141, 191, 199, 126, 152, 196, 121, 163, 175, 177, 184, 201, 156]",39.1
478,1790252284946202091,306607,97020,18,16,140.9,"[7.1, 32.8, 37.0, 41.6, 44.0, 47.5, 49.6, 85.9, 86.0, 87.1, 92.5, 92.6, 100.2, 122.7, 128.8, 140.9]","['RAIL', 'RAIL', 'RAIL', 'NEAR', 'INSIDE', 'INSIDE', 'RAIL', 'INSIDE', 'INSIDE', 'OUTSIDE', 'OUTSIDE', 'INSIDE', 'OUTSIDE', 'INSIDE', 'INSIDE', 'INSIDE']","[[0.34, 0.16, 0.78], [0.64, 0.31, 0.64], [0.14, 0.17, 0.65], [0.75, 0.66, 0.54], [0.88, 1.3, 0.06], [1.05, 1.53, 0.08], [0.14, 0.32, 0.3], [0.92, 0.46, 0.03], [1.15, 1.2, 0.74], [6.01, 0.98, 2.46], [2.09, 0.95, 1.41], [4.27, 2.47, 2.68], [1.87, 0.41, 1.49], [4.49, 4.31, 1.3], [3.24, 2.67, 1.07], [0.76, 2.45, 2.45]]","[137, 196, 174, 199, 126, 152, 121, 148, 175, 140, 153, 177, 184, 201, 156, 189]",36.1
479,1790252285042111063,306107,100846,16,13,139.1,"[5.3, 30.5, 30.7, 36.4, 41.6, 46.5, 89.8, 91.3, 98.0, 99.2, 122.0, 129.1, 139.1]","['NEAR', 'INSIDE', 'INSIDE', 'INSIDE', 'OUTSIDE', 'RAIL', 'OUTSIDE', 'INSIDE', 'OUTSIDE', 'INSIDE', 'INSIDE', 'INSIDE', 'INSIDE']","[[0.29, 0.79, 0.55], [0.28, 1.01, 0.02], [1.69, 1.77, 0.13], [0.63, 1.29, 0.04], [0.43, 0.82, 0.53], [0.24, 0.33, 0.28], [4.19, 1.06, 1.57], [3.21, 3.42, 2.52], [0.94, 0.67, 1.76], [6.73, 1.88, 0.32], [2.72, 3.63, 0.75], [2.97, 4.4, 1.36], [0.75, 4.11, 2.42]]","[191, 126, 152, 174, 129, 121, 160, 177, 184, 182, 201, 156, 189]",36.8
480,1790252285145520640,304958,99693,18,12,136.6,"[3.4, 27.9, 28.9, 30.2, 37.2, 41.6, 48.9, 53.6, 92.4, 100.7, 121.1, 136.6]","['NEAR', 'RAIL', 'NEAR', 'INSIDE', 'INSIDE', 'INSIDE', 'RAIL', 'INSIDE', 'OUTSIDE', 'INSIDE', 'OUTSIDE', 'INSIDE']","[[0.9, 1.2, 1.02], [0.4, 0.21, 1.07], [0.47, 0.72, 0.5], [0.38, 1.16, 0.03], [1.12, 1.97, 0.1], [1.12, 1.3, 0.09], [0.05, 0.22, 0.25], [3.04, 1.49, 0.16], [3.06, 0.32, 0.99], [0.54, 1.78, 0.24], [0.63, 0.48, 0.24], [2.02, 2.62, 2.38]]","[141, 174, 127, 126, 129, 152, 121, 196, 153, 184, 201, 189]",42.5
481,1790252285258379121,299364,95157,21,12,134.6,"[1.6, 29.3, 30.8, 30.9, 37.2, 41.4, 47.8, 47.9, 97.3, 102.4, 110.4, 134.6]","['RAIL', 'NEAR', 'INSIDE', 'INSIDE', 'INSIDE', 'INSIDE', 'NEAR', 'RAIL', 'OUTSIDE', 'INSIDE', 'INSIDE', 'NEAR']","[[1.02, 0.27, 0.22], [0.58, 0.79, 0.57], [1.38, 1.3, 0.1], [1.44, 1.3, 0.11], [0.39, 1.29, 0.04], [0.75, 1.0, 0.05], [1.57, 1.28, 0.8], [0.35, 0.23, 0.27], [1.24, 0.24, 0.45], [3.18, 2.44, 0.91], [1.15, 1.89, 0.25], [2.3, 0.46, 1.49]]","[137, 191, 126, 152, 129, 174, 141, 121, 182, 184, 155, 189]",41.0
482,1790252285322697314,307223,101529,15,10,132.7,"[36.7, 41.5, 46.2, 46.9, 86.9, 91.0, 93.1, 100.5, 125.0, 132.7]","['RAIL', 'INSIDE', 'INSIDE', 'INSIDE', 'OUTSIDE', 'INSIDE', 'OUTSIDE', 'INSIDE', 'OUTSIDE', 'INSIDE']","[[1.0, 0.23, 0.28], [1.15, 1.43, 0.08], [1.51, 1.64, 0.12], [0.55, 1.31, 0.03], [1.87, 1.33, 1.79], [6.81, 5.1, 3.03], [1.81, 0.81, 1.65], [3.08, 1.51, 0.74], [5.83, 2.05, 1.8], [2.26, 2.54, 2.32]]","[137, 126, 152, 174, 160, 175, 153, 184, 201, 189]",40.0
483,1790252285440676329,307233,101428,20,14,132.2,"[29.3, 30.2, 31.3, 33.9, 37.6, 41.9, 48.3, 86.7, 92.1, 97.0, 111.6, 120.6, 125.7, 132.2]","['INSIDE', 'OUTSIDE', 'NEAR', 'INSIDE', 'INSIDE', 'INSIDE', 'INSIDE', 'OUTSIDE', 'INSIDE', 'OUTSIDE', 'NEAR', 'INSIDE', 'INSIDE', 'INSIDE']","[[2.42, 1.57, 1.17], [0.96, 0.91, 1.04], [0.41, 0.99, 0.87], [1.53, 1.45, 0.11], [1.13, 1.42, 0.09], [0.42, 1.3, 0.04], [0.35, 1.01, 0.02], [1.03, 0.44, 1.55], [7.93, 5.11, 2.7], [3.15, 0.89, 1.73], [0.28, 0.74, 0.9], [0.94, 4.02, 1.31], [0.81, 3.91, 1.65], [2.03, 4.0, 2.53]]","[127, 191, 199, 126, 152, 129, 174, 145, 177, 165, 155, 201, 156, 189]",39.7
484,1790252285544410476,307227,101645,15,6,129.6,"[32.2, 36.7, 41.8, 47.5, 95.6, 129.6]","['INSIDE', 'INSIDE', 'INSIDE', 'INSIDE', 'NEAR', 'INSIDE']","[[0.22, 0.96, 0.55], [1.08, 1.44, 0.07], [1.71, 1.89, 0.13], [0.66, 1.16, 0.04], [1.76, 0.71, 0.86], [3.44, 4.31, 2.49]]","[129, 126, 152, 174, 165, 189]",37.0
485,1790252285644187182,307225,101714,22,13,127.1,"[28.6, 29.8, 30.7, 33.0, 37.3, 41.7, 47.2, 81.4, 89.1, 91.1, 93.9, 97.3, 127.1]","['NEAR', 'INSIDE', 'INSIDE', 'INSIDE', 'INSIDE', 'INSIDE', 'OUTSIDE', 'OUTSIDE', 'RAIL', 'OUTSIDE', 'RAIL', 'INSIDE', 'INSIDE']","[[0.92, 1.07, 1.02], [1.92, 2.48, 0.36], [1.36, 1.02, 0.09], [0.87, 1.48, 0.08], [0.65, 0.99, 0.04], [0.61, 1.16, 0.05], [1.55, 0.78, 0.55], [0.09, 1.41, 1.62], [1.25, 0.19, 0.61], [1.33, 0.32, 1.38], [0.06, 0.25, 0.2], [1.97, 0.64, 0.27], [2.24, 4.14, 2.45]]","[127, 209, 126, 129, 174, 152, 141, 163, 140, 160, 153, 165, 156]",34.7
486,1790252285742730688,307234,101777,17,11,125.4,"[30.1, 30.5, 33.2, 37.6, 42.4, 48.3, 49.2, 87.0, 98.5, 100.6, 125.4]","['RAIL', 'NEAR', 'INSIDE', 'INSIDE', 'INSIDE', 'INSIDE', 'INSIDE', 'INSIDE', 'OUTSIDE', 'INSIDE', 'INSIDE']","[[1.06, 0.12, 0.67], [0.72, 0.77, 0.57], [2.37, 2.14, 0.2], [0.23, 0.89, 0.02], [1.98, 2.94, 0.92], [0.85, 1.3, 0.07], [0.28, 0.84, 0.02], [7.06, 4.44, 3.06], [1.99, 0.15, 0.42], [1.95, 3.11, 2.66], [1.86, 3.93, 2.42]]","[137, 191, 209, 126, 129, 152, 174, 175, 182, 184, 156]",40.9
487,1790252285844861389,307230,101721,14,11,124.0,"[28.7, 33.2, 34.0, 34.1, 37.1, 41.8, 47.8, 91.0, 100.3, 123.4, 124.0]","['INSIDE', 'INSIDE', 'INSIDE', 'INSIDE', 'INSIDE', 'INSIDE', 'OUTSIDE', 'NEAR', 'INSIDE', 'OUTSIDE', 'NEAR']","[[1.14, 1.15, 0.8], [1.28, 0.92, 0.11], [0.77, 1.45, 0.05], [0.91, 0.58, 0.08], [1.46, 1.78, 0.11], [0.98, 0.99, 0.06], [1.09, 0.66, 0.36], [1.13, 1.13, 1.61], [3.19, 3.04, 1.57], [1.66, 0.64, 0.77], [0.94, 0.44, 1.37]]","[127, 209, 126, 199, 152, 174, 129, 177, 184, 156, 201]",39.1
488,1790252285943244903,307224,101625,20,14,127.0,"[27.5, 28.8, 29.8, 30.7, 32.7, 37.2, 41.2, 47.0, 82.3, 87.7, 96.9, 100.7, 101.6, 127.0]","['NEAR', 'NEAR', 'OUTSIDE', 'NEAR', 'INSIDE', 'INSIDE', 'INSIDE', 'INSIDE', 'OUTSIDE', 'OUTSIDE', 'INSIDE', 'OUTSIDE', 'NEAR', 'INSIDE']","[[0.68, 1.02, 1.0], [0.67, 1.08, 0.74], [0.3, 0.91, 0.79], [0.46, 1.05, 0.81], [2.32, 2.12, 0.2], [1.04, 1.15, 0.07], [1.07, 1.17, 0.08], [1.37, 1.15, 0.08], [2.77, 1.51, 2.73], [4.02, 0.81, 2.08], [3.91, 2.87, 1.3], [1.97, 2.02, 1.26], [1.17, 0.7, 1.52], [13.44, 4.73, 2.35]]","[127, 191, 141, 209, 199, 126, 152, 174, 163, 145, 165, 184, 182, 189]",36.2
489,1790252286039404997,307228,101715,22,14,130.3,"[26.0, 27.5, 33.3, 34.1, 37.8, 42.2, 47.3, 81.7, 86.5, 93.3, 97.5, 98.3, 120.5, 130.3]","['NEAR', 'INSIDE', 'INSIDE', 'INSIDE', 'INSIDE', 'OUTSIDE', 'INSIDE', 'INSIDE', 'INSIDE', 'OUTSIDE', 'OUTSIDE', 'NEAR', 'RAIL', 'OUTSIDE']","[[0.45, 0.92, 0.7], [1.28, 1.17, 0.09], [0.51, 0.83, 0.04], [1.09, 1.32, 0.07], [0.56, 1.18, 0.04], [1.43, 1.75, 1.5], [1.09, 0.57, 0.27], [2.87, 1.66, 2.88], [7.16, 4.29, 3.03], [0.97, 0.47, 1.19], [2.97, 0.63, 0.91], [6.81, 1.28, 2.38], [0.31, 0.28, 0.18], [3.06, 1.85, 1.95]]","[127, 126, 199, 174, 152, 191, 129, 163, 175, 153, 184, 165, 201, 189]",35.1
490,1790252286136456279,307223,102022,28,17,128.7,"[28.0, 28.5, 28.7, 30.0, 31.0, 36.8, 39.5, 42.4, 48.0, 48.3, 81.7, 90.6, 90.9, 95.7, 97.9, 118.8, 128.7]","['RAIL', 'RAIL', 'RAIL', 'OUTSIDE', 'OUTSIDE', 'NEAR', 'NEAR', 'INSIDE', 'INSIDE', 'INSIDE', 'INSIDE', 'OUTSIDE', 'OUTSIDE', 'OUTSIDE', 'INSIDE', 'RAIL', 'OUTSIDE']","[[0.48, 0.19, 0.71], [0.83, 0.12, 0.08], [0.86, 0.15, 0.53], [0.2, 0.87, 0.98], [0.78, 0.89, 1.05], [0.53, 0.98, 0.73], [0.47, 1.14, 1.08], [1.03, 1.39, 0.11], [1.14, 1.18, 0.08], [0.15, 1.0, 0.01], [14.07, 5.17, 3.05], [1.14, 0.45, 1.17], [2.62, 0.42, 1.56], [2.03, 1.06, 0.71], [5.54, 3.21, 2.71], [0.13, 0.27, 0.18], [2.65, 0.66, 1.67]]","[152, 199, 174, 141, 209, 127, 129, 191, 126, 137, 163, 160, 177, 184, 165, 201, 189]",37.1
491,1790252286250025126,307223,102738,31,15,126.8,"[28.0, 30.8, 34.6, 36.7, 43.1, 45.3, 47.6, 86.6, 87.5, 90.1, 91.3, 95.7, 97.0, 110.3, 126.8]","['RAIL', 'RAIL', 'RAIL', 'NEAR', 'RAIL', 'OUTSIDE', 'INSIDE', 'INSIDE', 'NEAR', 'OUTSIDE', 'OUTSIDE', 'INSIDE', 'OUTSIDE', 'INSIDE', 'OUTSIDE']","[[0.81, 0.11, 0.45], [0.39, 0.17, 0.21], [0.68, 0.15, 0.56], [0.79, 0.92, 0.77], [0.32, 0.18, 0.71], [1.83, 0.96, 0.66], [1.46, 0.48, 0.11], [1.05, 1.54, 0.42], [3.51, 1.26, 2.65], [1.98, 0.33, 0.72], [0.29, 0.36, 1.59], [2.84, 1.61, 2.13], [2.12, 1.56, 1.74], [0.51, 2.29, 0.51], [2.65, 0.21, 1.08]]","[199, 137, 126, 141, 174, 191, 152, 175, 140, 160, 177, 165, 184, 155, 189]",37.5
492,1790252286340638711,307220,93803,21,7,184.4,"[28.2, 33.6, 34.4, 88.1, 96.6, 125.9, 184.4]","['RAIL', 'NEAR', 'NEAR', 'INSIDE', 'OUTSIDE', 'OUTSIDE', 'INSIDE']","[[0.64, 0.18, 0.52], [0.44, 0.92, 0.77], [1.21, 0.65, 0.37], [9.24, 5.03, 2.75], [6.9, 2.4, 2.56], [4.68, 0.86, 1.62], [0.19, 3.22, 0.0]]","[199, 141, 191, 175, 184, 189, 214]",36.5
493,1790252286447177212,307221,101688,24,9,122.8,"[28.7, 29.1, 31.6, 34.4, 87.9, 96.8, 101.8, 113.1, 122.8]","['RAIL', 'OUTSIDE', 'OUTSIDE', 'INSIDE', 'INSIDE', 'OUTSIDE', 'INSIDE', 'RAIL', 'OUTSIDE']","[[0.24, 0.07, 0.13], [0.89, 0.61, 0.57], [0.39, 0.6, 0.8], [0.23, 0.96, 0.02], [3.05, 4.03, 2.94], [1.13, 1.01, 2.16], [0.99, 0.53, 0.25], [0.13, 0.26, 0.17], [3.02, 0.49, 1.06]]","[141, 127, 129, 191, 175, 184, 182, 155, 156]",50.8
494,1790252286535391790,307228,101778,19,12,180.6,"[27.1, 28.6, 30.5, 32.0, 33.3, 36.8, 48.3, 90.4, 94.2, 100.0, 121.4, 180.6]","['RAIL', 'RAIL', 'NEAR', 'OUTSIDE', 'OUTSIDE', 'INSIDE', 'INSIDE', 'OUTSIDE', 'OUTSIDE', 'INSIDE', 'OUTSIDE', 'OUTSIDE']","[[0.74, 0.15, 0.29], [1.17, 0.79, 0.43], [0.52, 0.95, 0.77], [0.54, 0.89, 1.06], [1.24, 0.77, 0.89], [2.16, 2.14, 0.19], [1.4, 1.52, 0.11], [0.19, 2.22, 2.59], [1.54, 0.29, 0.86], [1.12, 1.54, 0.23], [1.98, 0.63, 1.57], [0.01, 0.32, 0.0]]","[141, 174, 127, 209, 129, 191, 152, 160, 153, 182, 156, 214]",48.0
495,1790252286637797266,307223,101783,20,10,178.9,"[25.0, 30.6, 33.4, 47.9, 48.1, 82.0, 86.0, 98.4, 123.0, 178.9]","['RAIL', 'RAIL', 'RAIL', 'INSIDE', 'OUTSIDE', 'OUTSIDE', 'INSIDE', 'NEAR', 'OUTSIDE', 'INSIDE']","[[0.54, 0.16, 0.39], [0.4, 0.19, 0.84], [1.8, 0.26, 1.06], [2.19, 1.94, 0.19], [0.57, 0.61, 0.51], [1.05, 0.34, 1.79], [8.95, 5.06, 2.99], [1.36, 1.23, 1.55], [5.0, 0.61, 1.66], [0.12, 0.39, 0.37]]","[141, 137, 174, 191, 209, 163, 175, 182, 156, 214]",47.5
496,1790252286745731145,307223,101749,28,15,117.3,"[27.3, 27.8, 28.1, 30.6, 32.9, 36.8, 81.1, 82.8, 86.9, 87.1, 91.4, 95.0, 100.4, 107.4, 117.3]","['NEAR', 'INSIDE', 'INSIDE', 'INSIDE', 'OUTSIDE', 'OUTSIDE', 'INSIDE', 'INSIDE', 'INSIDE', 'INSIDE', 'OUTSIDE', 'NEAR', 'INSIDE', 'RAIL', 'OUTSIDE']","[[0.62, 0.81, 0.75], [1.41, 1.92, 0.14], [1.45, 1.59, 0.12], [0.4, 1.4, 0.03], [2.03, 1.36, 1.34], [0.28, 0.8, 0.54], [1.48, 1.58, 0.95], [7.26, 5.14, 2.9], [2.18, 1.88, 2.52], [4.76, 4.27, 2.54], [1.61, 0.91, 1.44], [3.05, 1.15, 1.83], [1.56, 1.35, 0.42], [0.09, 0.25, 0.16], [2.58, 0.82, 1.86]]","[127, 209, 191, 152, 141, 129, 175, 163, 140, 145, 160, 210, 182, 155, 201]",45.3
497,1790252286859841060,307237,101806,23,12,115.4,"[26.7, 33.8, 36.9, 41.6, 81.2, 84.1, 88.2, 94.2, 94.5, 96.2, 104.0, 115.4]","['INSIDE', 'INSIDE', 'INSIDE', 'INSIDE', 'OUTSIDE', 'OUTSIDE', 'OUTSIDE', 'INSIDE', 'OUTSIDE', 'OUTSIDE', 'NEAR', 'OUTSIDE']","[[0.4, 1.21, 0.04], [0.11, 0.94, 0.01], [0.26, 0.87, 0.02], [0.54, 1.28, 0.04], [1.0, 0.36, 1.26], [2.77, 1.49, 1.51], [2.69, 1.4, 2.34], [0.99, 0.82, 0.25], [1.04, 0.63, 1.29], [3.05, 0.88, 2.08], [1.4, 0.25, 0.46], [2.62, 0.64, 1.71]]","[209, 191, 126, 152, 163, 175, 145, 210, 184, 165, 155, 201]",42.6
498,1790252286949478768,307230,101808,19,7,124.3,"[33.4, 41.9, 49.4, 88.8, 103.4, 114.9, 124.3]","['RAIL', 'INSIDE', 'INSIDE', 'INSIDE', 'OUTSIDE', 'OUTSIDE', 'INSIDE']","[[0.47, 0.22, 0.45], [1.44, 2.06, 0.12], [0.67, 1.31, 0.05], [2.01, 0.96, 0.38], [2.78, 0.75, 1.37], [0.06, 0.23, 0.24], [1.15, 2.35, 0.58]]","[137, 191, 126, 217, 155, 201, 156]",49.7
499,1790252287045827492,307221,101786,19,10,113.0,"[28.6, 30.4, 41.5, 49.4, 86.7, 90.6, 94.9, 94.9, 101.7, 113.0]","['RAIL', 'NEAR', 'INSIDE', 'OUTSIDE', 'OUTSIDE', 'NEAR', 'OUTSIDE', 'INSIDE', 'RAIL', 'OUTSIDE']","[[0.39, 0.14, 0.54], [1.5, 1.14, 1.08], [0.85, 1.16, 0.06], [1.02, 0.81, 0.55], [1.02, 0.12, 1.13], [1.21, 1.09, 2.25], [1.92, 0.2, 1.29], [1.82, 3.09, 0.68], [0.2, 0.23, 0.15], [0.05, 0.22, 0.24]]","[137, 127, 126, 129, 140, 177, 153, 210, 155, 201]",55.3
500,1790252287142614716,307231,101926,20,14,177.6,"[33.3, 36.9, 40.5, 47.4, 85.7, 86.4, 88.7, 92.6, 92.9, 96.9, 97.0, 100.0, 108.8, 177.6]","['RAIL', 'INSIDE', 'INSIDE', 'INSIDE', 'OUTSIDE', 'INSIDE', 'INSIDE', 'INSIDE', 'OUTSIDE', 'OUTSIDE', 'OUTSIDE', 'INSIDE', 'OUTSIDE', 'INSIDE']","[[0.71, 0.27, 0.61], [1.22, 1.61, 0.11], [1.17, 1.81, 0.08], [0.57, 1.28, 0.04], [3.1, 0.18, 1.32], [5.32, 4.12, 2.9], [1.25, 1.54, 1.57], [1.43, 2.0, 0.43], [4.97, 1.08, 1.87], [2.23, 0.28, 1.34], [1.33, 0.53, 1.69], [1.93, 1.87, 0.74], [1.68, 0.43, 0.67], [5.14, 3.71, 1.19]]","[137, 191, 126, 152, 140, 145, 217, 210, 160, 184, 165, 182, 201, 214]",57.8
501,1790252287251374688,307234,97913,21,12,178.2,"[33.4, 37.2, 47.6, 49.4, 80.5, 84.1, 85.7, 90.5, 95.1, 97.4, 108.1, 178.2]","['RAIL', 'RAIL', 'INSIDE', 'INSIDE', 'INSIDE', 'INSIDE', 'INSIDE', 'INSIDE', 'NEAR', 'NEAR', 'OUTSIDE', 'OUTSIDE']","[[0.48, 0.18, 0.93], [0.5, 0.2, 0.77], [1.45, 1.84, 0.12], [0.72, 1.78, 0.37], [1.25, 1.52, 1.44], [0.68, 1.06, 0.38], [8.01, 2.2, 2.96], [4.73, 4.47, 1.43], [1.17, 0.98, 1.68], [1.13, 0.72, 2.13], [2.09, 0.9, 1.88], [0.0, 1.31, 0.33]]","[137, 174, 191, 152, 163, 175, 140, 177, 165, 182, 201, 214]",56.2
502,1790252287348103242,307236,102011,23,15,176.2,"[29.9, 32.7, 33.2, 36.7, 41.5, 83.6, 86.7, 89.4, 93.2, 94.7, 96.2, 96.4, 102.7, 121.8, 176.2]","['RAIL', 'INSIDE', 'INSIDE', 'INSIDE', 'INSIDE', 'RAIL', 'OUTSIDE', 'INSIDE', 'OUTSIDE', 'OUTSIDE', 'OUTSIDE', 'INSIDE', 'INSIDE', 'OUTSIDE', 'OUTSIDE']","[[0.2, 0.3, 0.27], [1.59, 1.5, 0.87], [2.06, 2.13, 0.18], [0.56, 1.44, 0.04], [1.15, 1.89, 0.09], [1.89, 0.18, 0.75], [3.09, 1.59, 2.3], [2.28, 4.24, 1.4], [2.02, 1.44, 1.24], [2.74, 0.66, 1.8], [1.72, 0.67, 1.71], [2.01, 1.0, 0.06], [3.12, 0.35, 0.08], [1.68, 0.21, 1.08], [0.06, 1.6, 0.32]]","[129, 127, 191, 126, 152, 140, 145, 177, 160, 165, 184, 182, 155, 156, 214]",54.8
503,1790252287453414585,307233,102502,18,11,182.2,"[36.7, 85.9, 91.9, 94.0, 94.4, 97.3, 99.3, 110.0, 159.1, 174.4, 182.2]","['INSIDE', 'INSIDE', 'OUTSIDE', 'INSIDE', 'OUTSIDE', 'OUTSIDE', 'INSIDE', 'OUTSIDE', 'OUTSIDE', 'INSIDE', 'INSIDE']","[[1.21, 1.52, 0.09], [12.82, 5.13, 2.98], [3.18, 1.05, 1.02], [1.26, 1.14, 0.04], [2.09, 0.75, 1.41], [2.02, 0.2, 0.45], [3.98, 1.87, 1.13], [3.22, 0.43, 0.69], [0.71, 2.09, 0.35], [0.13, 3.07, 0.72], [4.83, 4.15, 2.79]]","[152, 145, 160, 210, 165, 184, 182, 201, 227, 214, 219]",50.6
504,1790252287543803792,307221,103431,19,11,157.0,"[30.6, 32.7, 32.9, 41.7, 45.8, 86.7, 89.5, 90.6, 96.5, 125.7, 157.0]","['RAIL', 'INSIDE', 'INSIDE', 'OUTSIDE', 'OUTSIDE', 'OUTSIDE', 'INSIDE', 'NEAR', 'OUTSIDE', 'INSIDE', 'OUTSIDE']","[[0.58, 0.26, 0.9], [1.4, 1.48, 0.12], [0.72, 0.87, 0.05], [0.49, 0.71, 0.52], [1.05, 0.63, 0.35], [2.59, 1.54, 2.84], [7.96, 4.22, 1.69], [4.27, 1.26, 2.59], [4.03, 0.3, 1.29], [2.43, 4.25, 1.09], [0.32, 1.65, 0.69]]","[137, 191, 126, 127, 129, 145, 177, 217, 184, 156, 227]",44.3
505,1790252287635413048,307224,101415,27,17,155.1,"[26.4, 32.7, 33.0, 33.7, 34.1, 41.9, 49.1, 75.8, 81.5, 86.1, 88.8, 90.6, 91.3, 95.3, 98.6, 123.5, 155.1]","['RAIL', 'NEAR', 'OUTSIDE', 'OUTSIDE', 'INSIDE', 'INSIDE', 'NEAR', 'OUTSIDE', 'INSIDE', 'OUTSIDE', 'OUTSIDE', 'OUTSIDE', 'INSIDE', 'INSIDE', 'OUTSIDE', 'NEAR', 'OUTSIDE']","[[0.36, 0.21, 0.44], [0.34, 0.96, 0.67], [0.48, 0.85, 0.83], [1.21, 0.56, 0.64], [1.07, 1.59, 0.07], [0.86, 1.17, 0.07], [1.15, 1.07, 0.6], [2.04, 1.06, 2.54], [8.14, 5.16, 3.02], [0.88, 0.94, 2.14], [4.07, 0.75, 1.77], [1.89, 1.95, 1.39], [2.26, 1.44, 0.45], [2.38, 1.76, 0.29], [6.02, 0.64, 1.74], [3.63, 0.33, 0.49], [0.3, 1.62, 0.68]]","[137, 209, 191, 152, 126, 129, 127, 163, 175, 145, 217, 160, 177, 210, 184, 156, 227]",65.1
506,1790252287730771131,307228,101844,21,10,153.1,"[27.7, 32.4, 33.1, 33.9, 40.7, 94.0, 98.4, 104.9, 123.0, 153.1]","['NEAR', 'NEAR', 'INSIDE', 'INSIDE', 'INSIDE', 'INSIDE', 'OUTSIDE', 'OUTSIDE', 'OUTSIDE', 'OUTSIDE']","[[0.22, 0.83, 0.73], [0.24, 0.82, 0.85], [2.13, 1.69, 0.15], [0.6, 0.82, 0.05], [0.94, 1.03, 0.31], [1.34, 2.81, 0.47], [2.68, 0.66, 1.28], [1.94, 0.98, 1.41], [0.58, 0.36, 0.26], [0.38, 1.6, 0.67]]","[209, 191, 126, 129, 127, 210, 184, 155, 156, 227]",52.9
507,1790252287852573589,307233,101926,22,13,151.2,"[30.6, 33.1, 34.0, 34.4, 41.4, 47.5, 48.7, 88.3, 92.9, 95.7, 97.2, 121.0, 151.2]","['RAIL', 'NEAR', 'NEAR', 'INSIDE', 'INSIDE', 'INSIDE', 'INSIDE', 'INSIDE', 'NEAR', 'OUTSIDE', 'OUTSIDE', 'OUTSIDE', 'OUTSIDE']","[[1.61, 0.23, 0.95], [0.24, 0.79, 0.54], [0.43, 0.98, 0.91], [0.93, 1.29, 0.08], [1.55, 1.44, 0.11], [1.11, 0.69, 0.27], [0.36, 1.0, 0.02], [5.5, 3.14, 3.01], [0.53, 0.9, 0.81], [1.45, 0.47, 0.38], [1.07, 0.38, 0.82], [0.44, 0.21, 0.26], [0.39, 1.58, 0.66]]","[137, 191, 152, 129, 126, 127, 234, 217, 177, 153, 184, 156, 227]",55.5
508,1790252287937118561,307243,101748,20,12,149.4,"[30.2, 31.1, 33.7, 42.2, 46.9, 47.1, 48.0, 87.2, 88.7, 94.3, 102.9, 149.4]","['RAIL', 'RAIL', 'NEAR', 'INSIDE', 'INSIDE', 'INSIDE', 'OUTSIDE', 'INSIDE', 'RAIL', 'OUTSIDE', 'OUTSIDE', 'OUTSIDE']","[[0.46, 0.22, 0.85], [0.76, 0.15, 0.52], [1.04, 0.74, 0.59], [1.9, 2.18, 0.41], [1.06, 0.89, 0.07], [1.33, 1.3, 0.08], [1.36, 0.88, 0.62], [1.21, 0.96, 0.81], [1.3, 0.18, 0.79], [3.1, 0.96, 1.84], [5.93, 0.17, 0.66], [0.39, 1.95, 0.65]]","[174, 234, 191, 129, 126, 137, 127, 217, 177, 153, 218, 227]",71.5
509,1790252288043753511,307240,101686,24,17,172.9,"[27.7, 30.1, 31.3, 33.0, 34.1, 42.4, 48.0, 48.0, 48.4, 76.2, 88.6, 93.1, 98.5, 100.2, 117.2, 147.5, 172.9]","['RAIL', 'OUTSIDE', 'NEAR', 'INSIDE', 'INSIDE', 'INSIDE', 'NEAR', 'INSIDE', 'RAIL', 'INSIDE', 'INSIDE', 'OUTSIDE', 'OUTSIDE', 'OUTSIDE', 'OUTSIDE', 'OUTSIDE', 'INSIDE']","[[1.87, 0.26, 0.95], [0.68, 0.83, 1.0], [0.56, 0.61, 0.5], [0.66, 1.54, 0.06], [0.97, 1.04, 0.07], [1.01, 1.62, 0.1], [1.1, 0.56, 0.27], [0.21, 1.0, 0.01], [0.06, 0.26, 0.11], [0.5, 1.14, 0.69], [1.3, 1.38, 1.02], [2.15, 0.56, 2.02], [1.0, 0.75, 0.88], [2.0, 0.26, 0.87], [0.34, 0.39, 0.52], [0.44, 1.93, 0.64], [0.45, 0.1, 2.27]]","[174, 191, 209, 129, 126, 228, 127, 137, 234, 163, 217, 165, 184, 182, 156, 227, 214]",70.0
510,1790252288140721267,307227,101728,19,14,145.5,"[26.0, 27.3, 29.0, 29.1, 30.8, 30.9, 42.2, 46.5, 47.4, 85.4, 93.0, 97.7, 104.2, 145.5]","['RAIL', 'INSIDE', 'NEAR', 'INSIDE', 'NEAR', 'INSIDE', 'INSIDE', 'INSIDE', 'RAIL', 'INSIDE', 'INSIDE', 'OUTSIDE', 'NEAR', 'OUTSIDE']","[[0.34, 0.2, 0.84], [0.5, 1.48, 0.94], [0.59, 1.08, 1.05], [1.67, 1.29, 0.85], [0.48, 0.68, 0.55], [0.49, 1.41, 0.05], [1.01, 1.46, 0.07], [2.07, 2.9, 0.95], [0.16, 0.24, 0.2], [5.2, 3.95, 2.13], [5.97, 4.52, 2.21], [0.99, 0.36, 0.62], [2.7, 0.77, 1.09], [0.46, 1.9, 0.95]]","[137, 209, 230, 191, 228, 127, 126, 129, 234, 145, 210, 184, 155, 227]",64.4
511,1790252288237306187,307244,101762,19,13,159.1,"[27.0, 28.5, 30.9, 33.1, 42.0, 44.6, 47.2, 49.6, 88.0, 94.6, 94.7, 143.6, 159.1]","['RAIL', 'NEAR', 'INSIDE', 'NEAR', 'INSIDE', 'INSIDE', 'OUTSIDE', 'RAIL', 'INSIDE', 'NEAR', 'OUTSIDE', 'OUTSIDE', 'INSIDE']","[[0.48, 0.19, 0.54], [1.68, 1.09, 1.03], [0.09, 1.13, 0.01], [0.98, 0.72, 0.63], [0.56, 1.17, 0.04], [0.8, 1.47, 0.05], [0.43, 0.83, 0.55], [0.22, 0.35, 0.2], [1.94, 1.2, 0.79], [0.6, 0.96, 1.26], [3.21, 0.92, 1.07], [0.37, 1.5, 0.94], [0.12, 3.33, 0.43]]","[137, 230, 191, 152, 126, 234, 129, 174, 217, 165, 153, 227, 233]",67.4
512,1790252288343185504,307234,101668,19,19,163.1,"[31.2, 34.4, 37.6, 42.1, 42.6, 47.4, 81.0, 85.7, 86.0, 90.2, 92.3, 93.7, 95.1, 99.0, 129.4, 137.2, 141.9, 157.1, 163.1]","['INSIDE', 'INSIDE', 'INSIDE', 'INSIDE', 'INSIDE', 'RAIL', 'OUTSIDE', 'OUTSIDE', 'INSIDE', 'OUTSIDE', 'OUTSIDE', 'OUTSIDE', 'INSIDE', 'INSIDE', 'INSIDE', 'OUTSIDE', 'OUTSIDE', 'INSIDE', 'OUTSIDE']","[[0.7, 0.84, 0.06], [0.25, 1.03, 0.02], [1.02, 1.55, 0.08], [0.26, 1.19, 0.02], [0.54, 0.99, 0.03], [0.06, 0.23, 0.19], [1.07, 0.17, 1.05], [1.62, 0.55, 0.73], [3.16, 3.2, 2.11], [3.99, 1.8, 2.26], [1.62, 0.48, 1.19], [3.05, 0.43, 0.99], [3.5, 2.68, 0.44], [0.23, 1.23, 0.66], [3.77, 4.08, 0.9], [1.92, 0.51, 2.07], [0.82, 1.87, 0.93], [0.09, 3.29, 0.42], [0.81, 0.32, 2.46]]","[152, 126, 231, 129, 234, 174, 175, 145, 217, 160, 165, 153, 210, 182, 223, 239, 227, 233, 238]",64.3
513,1790252288448846758,307230,101573,22,20,161.6,"[29.8, 30.5, 31.4, 31.5, 33.1, 33.9, 37.3, 40.7, 42.1, 46.7, 48.2, 68.8, 92.1, 92.7, 95.3, 97.6, 109.1, 126.3, 135.3, 161.6]","['RAIL', 'NEAR', 'NEAR', 'INSIDE', 'INSIDE', 'INSIDE', 'INSIDE', 'INSIDE', 'INSIDE', 'INSIDE', 'RAIL', 'NEAR', 'OUTSIDE', 'INSIDE', 'INSIDE', 'RAIL', 'OUTSIDE', 'INSIDE', 'OUTSIDE', 'RAIL']","[[0.41, 0.28, 0.92], [0.55, 0.99, 0.78], [0.61, 0.73, 0.62], [1.58, 1.63, 0.13], [0.53, 1.03, 0.04], [1.47, 0.49, 0.14], [1.24, 1.55, 0.1], [0.83, 0.77, 0.08], [0.46, 0.84, 0.03], [1.52, 0.49, 0.14], [0.09, 0.21, 0.18], [1.01, 0.6, 0.46], [2.27, 1.77, 2.24], [0.94, 0.83, 0.42], [2.21, 1.96, 0.46], [0.06, 0.34, 0.15], [1.52, 0.25, 0.47], [6.05, 4.33, 1.22], [1.76, 0.51, 2.35], [0.09, 0.58, 0.7]]","[137, 228, 152, 129, 126, 127, 231, 230, 234, 191, 174, 203, 153, 165, 210, 184, 205, 223, 239, 238]",72.5
514,1790252288542607296,307233,101743,23,20,161.0,"[31.0, 33.4, 37.6, 38.8, 41.4, 47.6, 47.8, 80.5, 82.4, 83.0, 87.3, 89.4, 92.2, 94.9, 95.7, 96.7, 107.2, 124.5, 133.9, 161.0]","['RAIL', 'INSIDE', 'INSIDE', 'INSIDE', 'INSIDE', 'INSIDE', 'RAIL', 'INSIDE', 'OUTSIDE', 'OUTSIDE', 'OUTSIDE', 'INSIDE', 'INSIDE', 'RAIL', 'INSIDE', 'OUTSIDE', 'OUTSIDE', 'INSIDE', 'OUTSIDE', 'INSIDE']","[[0.47, 0.09, 0.33], [2.18, 2.42, 0.33], [1.11, 1.58, 0.08], [1.0, 1.43, 0.08], [1.75, 2.69, 1.17], [1.2, 1.48, 0.07], [0.05, 0.2, 0.25], [2.72, 2.85, 2.36], [4.06, 1.15, 2.17], [2.9, 0.94, 2.37], [2.03, 0.32, 1.28], [2.06, 3.19, 0.65], [2.16, 1.42, 1.44], [0.04, 0.22, 0.14], [1.06, 0.99, 0.23], [2.12, 0.4, 1.25], [1.66, 0.54, 0.46], [5.95, 4.48, 1.4], [2.89, 0.52, 2.32], [5.05, 4.31, 3.52]]","[137, 129, 126, 231, 191, 234, 174, 175, 145, 217, 160, 153, 165, 184, 210, 182, 205, 223, 239, 238]",70.0
515,1790252288643634736,307235,101835,21,19,159.2,"[28.8, 29.3, 30.5, 30.8, 30.9, 33.7, 36.9, 36.9, 41.1, 44.7, 46.8, 75.8, 88.9, 94.1, 105.4, 112.8, 123.5, 131.9, 159.2]","['RAIL', 'INSIDE', 'NEAR', 'INSIDE', 'INSIDE', 'INSIDE', 'INSIDE', 'INSIDE', 'INSIDE', 'NEAR', 'RAIL', 'INSIDE', 'INSIDE', 'OUTSIDE', 'OUTSIDE', 'OUTSIDE', 'INSIDE', 'OUTSIDE', 'INSIDE']","[[0.52, 0.23, 1.06], [0.77, 1.08, 0.79], [0.64, 0.67, 0.55], [1.18, 1.48, 0.12], [1.21, 1.62, 0.1], [1.59, 1.41, 0.11], [1.19, 1.8, 0.11], [1.52, 1.89, 0.12], [0.95, 1.46, 0.06], [1.05, 0.58, 0.34], [0.15, 0.29, 0.24], [5.3, 1.93, 2.95], [3.3, 3.75, 1.95], [0.78, 0.39, 1.22], [1.58, 0.53, 0.87], [0.74, 0.65, 1.7], [4.02, 3.9, 1.05], [3.11, 0.6, 2.28], [4.68, 4.28, 3.48]]","[234, 127, 228, 191, 129, 126, 230, 231, 137, 152, 174, 163, 153, 184, 205, 156, 223, 239, 238]",66.9
516,1790252288737642652,307215,102302,21,18,157.7,"[26.5, 30.8, 30.9, 34.3, 35.0, 37.4, 42.0, 46.7, 72.3, 89.2, 91.7, 93.5, 94.4, 95.5, 109.4, 112.0, 130.2, 157.7]","['NEAR', 'NEAR', 'INSIDE', 'INSIDE', 'INSIDE', 'INSIDE', 'INSIDE', 'RAIL', 'INSIDE', 'INSIDE', 'OUTSIDE', 'OUTSIDE', 'INSIDE', 'INSIDE', 'OUTSIDE', 'INSIDE', 'OUTSIDE', 'INSIDE']","[[0.26, 1.05, 0.92], [0.82, 0.77, 0.59], [1.2, 1.17, 0.08], [0.22, 0.96, 0.02], [1.06, 1.7, 0.1], [0.61, 1.3, 0.05], [0.84, 1.46, 0.05], [0.06, 0.27, 0.23], [2.14, 0.74, 0.53], [3.37, 4.25, 2.19], [0.25, 0.51, 1.02], [0.33, 0.28, 1.05], [1.94, 1.57, 1.5], [1.29, 2.21, 2.34], [1.11, 0.4, 1.65], [1.04, 0.7, 0.27], [2.7, 0.58, 2.25], [3.87, 4.02, 3.43]]","[209, 228, 126, 129, 230, 231, 137, 174, 203, 153, 184, 210, 165, 182, 155, 156, 239, 238]",59.0
517,1790252288839864155,307227,102821,22,17,153.3,"[29.4, 33.5, 36.1, 37.5, 41.6, 46.7, 81.0, 84.9, 87.1, 88.6, 89.2, 94.3, 101.9, 107.4, 127.7, 132.3, 153.3]","['NEAR', 'INSIDE', 'INSIDE', 'INSIDE', 'INSIDE', 'INSIDE', 'INSIDE', 'INSIDE', 'OUTSIDE', 'RAIL', 'INSIDE', 'OUTSIDE', 'OUTSIDE', 'OUTSIDE', 'OUTSIDE', 'INSIDE', 'OUTSIDE']","[[1.24, 1.28, 1.1], [1.63, 1.16, 0.14], [1.12, 1.45, 0.08], [0.89, 1.46, 0.05], [0.4, 1.04, 0.03], [1.34, 0.46, 0.1], [0.83, 0.77, 0.35], [0.72, 1.28, 0.36], [1.05, 0.79, 0.95], [1.35, 0.73, 0.57], [2.38, 2.48, 0.66], [1.28, 0.22, 1.02], [0.53, 0.54, 0.43], [1.08, 0.3, 0.92], [1.54, 0.45, 2.22], [0.75, 3.77, 3.36], [1.05, 0.31, 2.43]]","[127, 129, 126, 137, 231, 174, 175, 145, 160, 184, 153, 182, 218, 155, 239, 226, 233]",63.3
518,1790252288954344865,307203,97436,20,17,175.2,"[31.2, 33.5, 33.7, 37.2, 41.1, 46.9, 80.7, 85.5, 87.9, 89.7, 90.4, 95.4, 107.4, 126.2, 151.5, 155.9, 175.2]","['NEAR', 'INSIDE', 'INSIDE', 'INSIDE', 'INSIDE', 'RAIL', 'INSIDE', 'INSIDE', 'RAIL', 'OUTSIDE', 'INSIDE', 'OUTSIDE', 'RAIL', 'OUTSIDE', 'OUTSIDE', 'INSIDE', 'OUTSIDE']","[[0.24, 0.97, 0.87], [0.73, 2.06, 0.34], [1.06, 1.56, 0.07], [1.17, 1.53, 0.09], [0.84, 0.82, 0.05], [0.29, 0.24, 0.2], [0.19, 0.93, 0.58], [12.1, 5.19, 3.13], [0.39, 0.62, 0.36], [0.62, 0.27, 1.01], [4.51, 2.54, 2.8], [1.05, 0.37, 1.29], [0.09, 0.25, 0.16], [2.81, 0.5, 2.18], [1.07, 0.27, 2.63], [7.76, 0.25, 0.35], [0.59, 0.34, 0.73]]","[129, 230, 126, 231, 137, 152, 145, 175, 184, 160, 153, 182, 205, 239, 233, 238, 214]",57.2
519,1790252289060110047,307195,101668,14,12,151.8,"[29.3, 37.2, 40.9, 44.2, 46.9, 86.4, 87.4, 89.5, 94.4, 124.3, 149.6, 151.8]","['RAIL', 'INSIDE', 'INSIDE', 'INSIDE', 'RAIL', 'OUTSIDE', 'INSIDE', 'OUTSIDE', 'NEAR', 'OUTSIDE', 'OUTSIDE', 'INSIDE']","[[0.51, 0.25, 1.05], [0.72, 1.28, 0.05], [1.18, 1.3, 0.09], [1.25, 1.29, 0.07], [0.25, 0.3, 0.19], [0.73, 0.63, 1.18], [4.63, 4.13, 2.2], [1.21, 0.33, 1.58], [3.13, 1.41, 2.57], [2.81, 0.49, 2.15], [1.03, 0.35, 2.6], [3.44, 0.45, 1.95]]","[137, 126, 231, 234, 152, 184, 145, 153, 165, 239, 233, 238]",59.2
520,1790252289156556168,307198,101646,23,18,149.5,"[27.3, 27.6, 32.3, 33.9, 36.5, 41.1, 43.3, 49.2, 82.8, 84.4, 88.5, 94.7, 95.1, 103.6, 112.2, 124.0, 131.0, 149.5]","['RAIL', 'RAIL', 'INSIDE', 'INSIDE', 'INSIDE', 'INSIDE', 'INSIDE', 'RAIL', 'RAIL', 'INSIDE', 'OUTSIDE', 'OUTSIDE', 'OUTSIDE', 'RAIL', 'INSIDE', 'INSIDE', 'INSIDE', 'INSIDE']","[[0.27, 0.2, 0.87], [0.75, 0.19, 0.97], [1.24, 1.42, 0.91], [2.31, 2.85, 1.36], [1.12, 1.4, 0.1], [0.99, 1.28, 0.07], [1.61, 2.0, 0.13], [0.24, 0.21, 0.24], [1.01, 0.74, 1.16], [14.2, 5.21, 2.95], [1.26, 0.24, 1.55], [2.47, 1.07, 1.93], [1.06, 0.11, 0.8], [0.09, 0.42, 0.16], [0.38, 1.46, 0.28], [5.86, 5.95, 2.53], [0.23, 3.2, 0.26], [4.3, 4.31, 3.34]]","[137, 234, 129, 191, 230, 126, 231, 152, 184, 175, 153, 210, 182, 218, 156, 223, 226, 233]",63.1
521,1790252289253356255,307183,101727,26,21,146.1,"[25.4, 28.0, 30.3, 33.4, 33.4, 36.9, 40.3, 40.7, 47.3, 69.4, 80.9, 83.3, 88.4, 89.0, 90.1, 90.4, 94.2, 94.4, 121.3, 129.1, 146.1]","['RAIL', 'NEAR', 'INSIDE', 'INSIDE', 'INSIDE', 'INSIDE', 'INSIDE', 'INSIDE', 'RAIL', 'OUTSIDE', 'OUTSIDE', 'INSIDE', 'RAIL', 'INSIDE', 'OUTSIDE', 'NEAR', 'OUTSIDE', 'OUTSIDE', 'RAIL', 'INSIDE', 'INSIDE']","[[0.4, 0.16, 0.53], [0.43, 1.06, 0.99], [1.58, 2.68, 0.9], [1.29, 1.51, 0.11], [2.04, 1.53, 0.14], [0.92, 0.66, 0.29], [0.31, 1.16, 0.02], [0.88, 0.83, 0.05], [0.25, 0.32, 0.22], [3.01, 1.17, 2.49], [2.89, 0.79, 1.64], [13.78, 5.22, 3.15], [1.13, 0.17, 0.74], [1.86, 0.62, 0.06], [1.81, 0.92, 1.99], [2.68, 1.33, 2.63], [2.07, 0.25, 1.3], [4.85, 2.11, 2.86], [1.19, 0.52, 0.53], [0.2, 3.15, 0.26], [1.54, 4.07, 3.51]]","[137, 127, 228, 230, 126, 174, 231, 234, 152, 203, 184, 175, 160, 145, 153, 165, 182, 210, 239, 226, 233]",63.2
522,1790252289369691219,307192,101931,20,14,143.8,"[23.4, 30.2, 33.2, 33.4, 36.7, 41.1, 45.3, 87.7, 91.2, 95.4, 104.1, 122.5, 127.2, 143.8]","['RAIL', 'NEAR', 'NEAR', 'INSIDE', 'INSIDE', 'INSIDE', 'RAIL', 'OUTSIDE', 'INSIDE', 'OUTSIDE', 'INSIDE', 'OUTSIDE', 'INSIDE', 'OUTSIDE']","[[0.08, 0.18, 0.27], [0.75, 0.66, 0.55], [1.01, 0.96, 0.65], [1.72, 2.29, 0.34], [1.27, 0.71, 0.09], [1.23, 1.66, 0.1], [0.12, 0.31, 0.26], [2.62, 1.27, 2.68], [9.17, 1.86, 3.21], [3.12, 0.75, 1.91], [1.74, 1.74, 1.43], [0.39, 1.92, 1.34], [0.2, 3.33, 0.0], [1.11, 0.3, 2.54]]","[234, 228, 129, 230, 126, 231, 152, 153, 145, 210, 155, 223, 226, 233]",59.2
523,1790252289453593927,307191,101734,29,22,141.2,"[21.6, 28.1, 30.4, 33.4, 37.4, 42.2, 43.3, 73.9, 78.2, 80.9, 81.9, 86.8, 89.9, 91.3, 95.1, 96.3, 106.6, 115.3, 117.5, 120.7, 136.2, 141.2]","['RAIL', 'NEAR', 'INSIDE', 'INSIDE', 'INSIDE', 'INSIDE', 'RAIL', 'OUTSIDE', 'RAIL', 'OUTSIDE', 'INSIDE', 'OUTSIDE', 'OUTSIDE', 'OUTSIDE', 'OUTSIDE', 'OUTSIDE', 'INSIDE', 'OUTSIDE', 'RAIL', 'INSIDE', 'INSIDE', 'OUTSIDE']","[[0.45, 0.32, 0.26], [0.31, 0.97, 0.99], [1.14, 1.5, 0.1], [0.48, 1.02, 0.03], [1.83, 2.38, 0.63], [0.97, 1.29, 0.07], [0.26, 0.21, 0.23], [5.0, 1.2, 2.86], [0.5, 0.55, 0.54], [2.37, 1.5, 2.85], [8.14, 2.07, 3.02], [3.03, 0.47, 2.13], [1.61, 0.97, 2.16], [4.09, 0.18, 0.78], [2.0, 0.28, 0.37], [2.19, 0.45, 1.66], [1.09, 2.7, 0.51], [0.64, 0.66, 2.23], [1.1, 0.63, 0.75], [0.78, 3.72, 3.34], [0.38, 3.79, 0.94], [2.44, 0.53, 2.72]]","[234, 127, 230, 126, 228, 231, 152, 163, 175, 184, 217, 145, 153, 165, 210, 182, 155, 236, 239, 223, 241, 233]",46.3
524,1790252289550662087,307135,101636,24,18,141.9,"[19.6, 28.1, 30.5, 33.0, 37.5, 41.1, 42.4, 86.0, 87.8, 88.3, 91.6, 94.4, 104.7, 105.2, 113.4, 118.6, 122.8, 141.9]","['RAIL', 'NEAR', 'INSIDE', 'INSIDE', 'INSIDE', 'INSIDE', 'RAIL', 'INSIDE', 'OUTSIDE', 'RAIL', 'OUTSIDE', 'OUTSIDE', 'OUTSIDE', 'INSIDE', 'OUTSIDE', 'OUTSIDE', 'INSIDE', 'INSIDE']","[[0.9, 0.39, 0.25], [0.45, 1.06, 1.01], [2.09, 2.03, 0.18], [0.88, 1.17, 0.06], [0.96, 0.92, 0.08], [1.26, 1.36, 0.12], [0.27, 0.35, 0.17], [1.89, 1.4, 0.23], [1.54, 1.07, 1.19], [2.33, 0.26, 0.98], [3.1, 0.35, 1.18], [2.18, 0.44, 1.63], [1.01, 0.84, 0.92], [1.95, 1.03, 0.27], [0.56, 0.9, 2.97], [0.45, 1.86, 1.3], [1.24, 4.71, 3.53], [4.71, 4.17, 3.49]]","[234, 127, 230, 126, 231, 228, 152, 145, 160, 165, 153, 182, 218, 155, 236, 223, 226, 233]",56.5
525,1790252289649061455,307131,101490,27,19,121.3,"[17.7, 29.8, 30.6, 33.7, 37.4, 39.1, 42.6, 79.0, 85.9, 86.0, 88.1, 89.5, 92.2, 94.7, 102.8, 111.5, 113.1, 116.7, 121.3]","['RAIL', 'INSIDE', 'INSIDE', 'INSIDE', 'INSIDE', 'INSIDE', 'RAIL', 'NEAR', 'OUTSIDE', 'INSIDE', 'OUTSIDE', 'OUTSIDE', 'OUTSIDE', 'INSIDE', 'INSIDE', 'OUTSIDE', 'RAIL', 'OUTSIDE', 'NEAR']","[[1.12, 0.42, 0.43], [1.25, 1.4, 0.11], [1.82, 1.33, 0.13], [1.41, 0.49, 0.13], [1.52, 1.67, 0.12], [1.35, 1.36, 0.13], [0.18, 0.32, 0.23], [11.02, 1.36, 3.03], [1.54, 1.22, 1.33], [1.45, 1.57, 3.0], [2.26, 0.3, 0.99], [4.03, 0.53, 1.59], [2.02, 0.78, 1.64], [1.37, 1.84, 0.44], [0.98, 1.39, 0.44], [0.69, 0.56, 2.45], [0.08, 0.39, 0.73], [0.45, 1.83, 1.28], [0.03, 1.39, 0.29]]","[234, 230, 126, 228, 231, 174, 152, 217, 160, 145, 153, 165, 210, 182, 155, 236, 156, 223, 226]",61.2
526,1790252289742738993,307080,101560,22,15,135.9,"[15.7, 28.0, 31.0, 33.0, 33.2, 37.6, 42.2, 69.4, 91.5, 91.6, 100.9, 109.5, 111.2, 114.7, 135.9]","['NEAR', 'NEAR', 'INSIDE', 'INSIDE', 'INSIDE', 'INSIDE', 'RAIL', 'INSIDE', 'OUTSIDE', 'OUTSIDE', 'INSIDE', 'OUTSIDE', 'OUTSIDE', 'OUTSIDE', 'INSIDE']","[[1.88, 0.94, 1.02], [0.53, 0.83, 0.88], [2.35, 2.05, 0.2], [1.45, 1.65, 0.15], [0.86, 0.59, 0.06], [1.06, 1.55, 0.08], [0.2, 0.28, 0.21], [1.65, 1.2, 0.07], [0.82, 0.66, 1.59], [1.9, 0.16, 1.01], [0.91, 0.71, 0.03], [0.64, 0.55, 1.43], [0.06, 0.41, 0.55], [0.56, 1.8, 1.25], [2.65, 3.76, 3.6]]","[228, 129, 230, 191, 126, 231, 152, 203, 210, 165, 155, 236, 156, 223, 241]",52.8
527,1790252289841800327,307083,101615,21,17,113.0,"[13.9, 31.6, 33.6, 36.9, 41.9, 72.9, 80.6, 84.3, 87.2, 88.2, 91.4, 93.6, 94.5, 98.7, 107.6, 109.8, 113.0]","['NEAR', 'INSIDE', 'INSIDE', 'INSIDE', 'RAIL', 'NEAR', 'NEAR', 'OUTSIDE', 'OUTSIDE', 'OUTSIDE', 'INSIDE', 'OUTSIDE', 'INSIDE', 'INSIDE', 'OUTSIDE', 'RAIL', 'OUTSIDE']","[[0.99, 0.61, 0.57], [1.24, 1.62, 0.11], [1.23, 1.44, 0.08], [1.65, 1.55, 0.13], [0.29, 0.31, 0.21], [6.68, 1.29, 2.86], [6.06, 1.48, 3.02], [0.14, 0.23, 1.85], [3.18, 0.42, 1.68], [3.69, 0.7, 1.91], [4.29, 4.0, 1.2], [2.0, 0.23, 1.24], [1.85, 1.18, 0.69], [0.61, 2.98, 0.44], [0.65, 0.62, 2.36], [1.08, 0.62, 0.7], [0.76, 2.08, 1.24]]","[228, 230, 126, 231, 152, 163, 217, 160, 145, 153, 210, 165, 182, 155, 205, 236, 223]",57.2
528,1790252289941887133,307022,101975,30,23,134.6,"[11.9, 27.6, 28.5, 28.9, 30.3, 31.4, 33.8, 38.0, 42.3, 71.7, 78.1, 81.2, 85.4, 86.1, 88.0, 88.1, 91.8, 92.6, 96.9, 107.8, 110.9, 111.5, 134.6]","['NEAR', 'NEAR', 'NEAR', 'OUTSIDE', 'INSIDE', 'INSIDE', 'INSIDE', 'INSIDE', 'RAIL', 'OUTSIDE', 'NEAR', 'OUTSIDE', 'NEAR', 'RAIL', 'OUTSIDE', 'RAIL', 'INSIDE', 'OUTSIDE', 'OUTSIDE', 'OUTSIDE', 'OUTSIDE', 'INSIDE', 'NEAR']","[[0.83, 0.76, 0.68], [0.46, 1.02, 1.05], [1.63, 1.36, 1.1], [0.38, 0.69, 0.83], [0.54, 1.28, 0.05], [1.14, 1.4, 0.1], [0.62, 1.03, 0.04], [1.4, 1.32, 0.11], [0.26, 0.36, 0.29], [9.48, 1.09, 2.81], [1.21, 1.29, 2.41], [3.13, 0.28, 1.64], [1.39, 1.18, 1.87], [0.05, 0.26, 0.38], [6.05, 1.46, 2.72], [1.17, 0.21, 0.36], [3.05, 1.69, 0.88], [4.15, 0.26, 1.66], [2.9, 0.95, 0.71], [1.08, 0.61, 0.53], [0.43, 2.04, 1.21], [0.28, 1.17, 0.01], [4.0, 1.16, 3.27]]","[127, 228, 191, 129, 174, 230, 126, 231, 152, 163, 217, 184, 145, 153, 160, 210, 182, 165, 155, 205, 223, 156, 241]",53.5
529,1790252290040628270,306843,102464,26,18,132.2,"[10.0, 28.3, 29.7, 33.0, 34.6, 37.8, 42.8, 81.4, 83.7, 89.3, 89.3, 92.2, 94.9, 103.9, 105.0, 109.0, 122.6, 132.2]","['NEAR', 'NEAR', 'INSIDE', 'INSIDE', 'INSIDE', 'INSIDE', 'RAIL', 'OUTSIDE', 'OUTSIDE', 'INSIDE', 'OUTSIDE', 'OUTSIDE', 'INSIDE', 'OUTSIDE', 'OUTSIDE', 'OUTSIDE', 'INSIDE', 'INSIDE']","[[0.49, 0.95, 0.73], [1.02, 1.31, 1.06], [1.55, 0.54, 0.13], [1.01, 1.33, 0.07], [1.08, 0.97, 0.09], [1.42, 1.82, 0.11], [0.25, 0.35, 0.29], [2.16, 1.1, 2.55], [3.92, 0.39, 1.83], [2.0, 0.8, 0.58], [2.99, 0.31, 1.58], [1.08, 0.32, 1.42], [1.07, 3.14, 0.45], [1.11, 0.71, 2.48], [2.49, 0.57, 2.51], [0.37, 1.71, 1.19], [4.22, 4.16, 3.83], [5.03, 4.59, 3.77]]","[191, 228, 230, 126, 231, 234, 152, 175, 184, 182, 210, 165, 155, 218, 205, 223, 226, 241]",48.4
530,1790252290141806597,306595,99043,27,18,137.2,"[8.0, 28.0, 29.5, 34.3, 37.2, 42.7, 69.6, 79.8, 82.8, 87.2, 88.4, 90.0, 92.6, 101.6, 102.8, 106.5, 121.8, 137.2]","['NEAR', 'INSIDE', 'INSIDE', 'INSIDE', 'INSIDE', 'RAIL', 'INSIDE', 'RAIL', 'OUTSIDE', 'OUTSIDE', 'OUTSIDE', 'OUTSIDE', 'INSIDE', 'OUTSIDE', 'INSIDE', 'OUTSIDE', 'INSIDE', 'INSIDE']","[[1.15, 1.19, 1.05], [1.73, 2.98, 0.81], [1.67, 1.65, 0.14], [0.72, 1.33, 0.05], [2.45, 1.77, 0.19], [0.26, 0.34, 0.27], [2.03, 0.97, 0.09], [2.12, 0.22, 0.55], [3.98, 0.99, 2.71], [1.27, 0.63, 0.75], [4.9, 0.33, 1.77], [1.08, 1.53, 2.01], [2.15, 3.28, 0.64], [1.94, 0.91, 2.91], [0.61, 2.17, 0.92], [1.45, 1.67, 1.4], [2.05, 4.26, 3.58], [1.87, 3.72, 1.78]]","[228, 174, 231, 126, 234, 152, 203, 217, 184, 160, 210, 153, 155, 218, 205, 223, 226, 233]",40.3
531,1790252290245175067,306190,98429,23,15,120.7,"[6.1, 28.1, 30.0, 34.0, 34.0, 37.9, 42.8, 82.0, 88.9, 89.6, 91.6, 99.5, 102.0, 105.1, 120.7]","['OUTSIDE', 'INSIDE', 'INSIDE', 'INSIDE', 'INSIDE', 'OUTSIDE', 'RAIL', 'INSIDE', 'OUTSIDE', 'OUTSIDE', 'INSIDE', 'INSIDE', 'RAIL', 'OUTSIDE', 'INSIDE']","[[1.25, 1.22, 1.27], [1.54, 1.73, 1.37], [1.13, 1.75, 0.1], [1.47, 1.05, 0.1], [1.16, 1.44, 0.09], [1.03, 0.66, 0.36], [0.25, 0.31, 0.27], [0.77, 0.48, 0.39], [2.0, 0.09, 1.21], [2.05, 0.38, 1.23], [2.0, 0.84, 0.26], [3.29, 1.95, 2.89], [1.07, 0.55, 0.44], [0.4, 1.64, 1.38], [0.33, 3.86, 1.06]]","[191, 228, 231, 126, 234, 230, 152, 184, 210, 153, 155, 205, 218, 223, 226]",43.5
532,1790252290335965894,305008,99390,17,11,131.7,"[4.2, 28.6, 34.1, 38.4, 43.1, 83.5, 93.3, 94.2, 98.0, 103.2, 131.7]","['INSIDE', 'INSIDE', 'INSIDE', 'INSIDE', 'RAIL', 'INSIDE', 'OUTSIDE', 'INSIDE', 'OUTSIDE', 'OUTSIDE', 'RAIL']","[[2.05, 1.65, 0.21], [1.05, 1.2, 0.07], [1.27, 1.41, 0.11], [0.6, 0.81, 0.05], [0.26, 0.31, 0.28], [1.45, 0.49, 0.39], [1.09, 0.23, 1.21], [0.93, 1.01, 0.64], [2.19, 0.43, 2.17], [0.47, 1.9, 1.35], [2.23, 0.22, 0.2]]","[174, 126, 231, 234, 152, 184, 165, 155, 205, 223, 241]",39.3
533,1790252290444420547,305010,99326,20,14,130.9,"[4.1, 29.8, 34.0, 37.9, 42.7, 80.0, 88.4, 90.3, 95.2, 96.9, 101.7, 103.2, 122.2, 130.9]","['NEAR', 'INSIDE', 'INSIDE', 'INSIDE', 'RAIL', 'OUTSIDE', 'INSIDE', 'OUTSIDE', 'OUTSIDE', 'INSIDE', 'INSIDE', 'OUTSIDE', 'INSIDE', 'INSIDE']","[[1.47, 0.95, 0.88], [1.44, 1.42, 0.12], [0.58, 1.18, 0.04], [1.52, 1.32, 0.12], [0.27, 0.31, 0.27], [13.93, 1.04, 2.89], [0.53, 1.16, 0.81], [0.9, 2.02, 1.2], [0.98, 1.13, 0.65], [5.65, 2.63, 3.4], [1.87, 1.59, 0.06], [0.47, 1.9, 1.35], [3.19, 4.9, 3.36], [3.38, 4.35, 2.87]]","[228, 231, 126, 234, 152, 217, 182, 153, 155, 205, 218, 223, 226, 241]",46.2
534,1790252290548297344,314668,104705,12,9,201.8,"[34.2, 38.0, 42.6, 84.9, 93.7, 95.0, 98.7, 122.7, 201.8]","['INSIDE', 'INSIDE', 'INSIDE', 'INSIDE', 'OUTSIDE', 'INSIDE', 'OUTSIDE', 'INSIDE', 'OUTSIDE']","[[1.2, 1.43, 0.1], [0.95, 1.33, 0.07], [1.51, 1.32, 0.12], [0.48, 0.66, 0.39], [2.97, 0.65, 2.66], [0.46, 1.26, 0.84], [1.53, 1.81, 2.29], [4.55, 4.59, 3.56], [1.41, 1.04, 0.88]]","[231, 126, 234, 184, 165, 205, 223, 226, 249]",45.9
535,1790252290670551786,307265,101575,30,20,200.4,"[28.6, 28.8, 32.4, 34.0, 34.7, 38.8, 42.5, 80.3, 86.5, 87.0, 88.3, 91.1, 92.8, 95.4, 97.3, 102.2, 119.2, 131.9, 141.3, 200.4]","['RAIL', 'NEAR', 'INSIDE', 'INSIDE', 'INSIDE', 'INSIDE', 'OUTSIDE', 'OUTSIDE', 'OUTSIDE', 'OUTSIDE', 'OUTSIDE', 'NEAR', 'OUTSIDE', 'OUTSIDE', 'OUTSIDE', 'NEAR', 'OUTSIDE', 'ABOVE', 'ABOVE', 'INSIDE']","[[0.95, 0.13, 0.19], [0.82, 1.04, 0.97], [1.4, 0.93, 0.64], [2.06, 1.67, 0.18], [1.3, 0.58, 0.28], [0.59, 1.21, 0.05], [0.8, 0.77, 0.73], [7.08, 1.13, 2.91], [1.82, 0.57, 0.75], [3.11, 0.25, 1.29], [2.89, 0.39, 1.14], [2.02, 1.31, 3.2], [2.44, 0.78, 2.69], [1.26, 0.08, 0.65], [0.44, 1.78, 1.28], [0.27, 0.84, 1.6], [0.15, 0.28, 0.83], [2.3, 0.21, 0.34], [2.61, 1.7, 0.99], [2.4, 3.91, 1.14]]","[126, 191, 129, 231, 230, 234, 174, 175, 160, 145, 153, 210, 155, 165, 223, 218, 226, 241, 233, 249]",43.0
536,1790252290765537140,307283,101495,23,16,140.2,"[25.9, 26.9, 28.9, 33.3, 34.7, 38.2, 40.4, 44.2, 83.3, 83.5, 85.0, 89.7, 110.9, 117.2, 124.8, 140.2]","['RAIL', 'NEAR', 'NEAR', 'OUTSIDE', 'INSIDE', 'INSIDE', 'INSIDE', 'INSIDE', 'RAIL', 'OUTSIDE', 'OUTSIDE', 'NEAR', 'ABOVE', 'OUTSIDE', 'OUTSIDE', 'ABOVE']","[[0.81, 0.11, 0.18], [0.76, 1.42, 1.15], [0.5, 0.96, 0.71], [0.4, 0.72, 0.88], [2.19, 1.97, 0.24], [2.03, 2.0, 0.17], [1.34, 1.08, 0.09], [1.88, 1.59, 0.15], [1.0, 0.13, 0.53], [6.98, 1.0, 2.75], [2.26, 0.25, 2.04], [3.15, 1.22, 3.2], [0.08, 1.46, 0.49], [0.14, 0.23, 0.58], [3.98, 0.42, 1.89], [0.8, 1.68, 0.93]]","[126, 127, 191, 129, 174, 231, 234, 230, 175, 160, 145, 210, 156, 226, 245, 233]",41.5
537,1790252290844651967,307275,101538,21,15,137.4,"[25.9, 26.9, 28.9, 31.4, 31.9, 33.8, 38.4, 38.9, 44.4, 82.1, 92.9, 98.5, 115.3, 121.9, 137.4]","['RAIL', 'NEAR', 'NEAR', 'OUTSIDE', 'NEAR', 'INSIDE', 'INSIDE', 'INSIDE', 'INSIDE', 'OUTSIDE', 'OUTSIDE', 'INSIDE', 'OUTSIDE', 'OUTSIDE', 'OUTSIDE']","[[0.9, 0.21, 0.26], [0.45, 0.81, 0.71], [0.56, 0.86, 0.74], [0.32, 0.58, 0.84], [0.56, 0.96, 0.72], [2.42, 2.56, 0.34], [1.12, 1.09, 0.08], [1.5, 1.63, 0.14], [1.18, 1.34, 0.09], [2.07, 0.62, 0.79], [1.49, 1.96, 1.35], [0.54, 0.72, 0.67], [0.16, 0.43, 0.8], [2.2, 0.39, 1.86], [2.63, 1.88, 1.3]]","[126, 127, 228, 129, 191, 231, 234, 174, 230, 160, 165, 223, 226, 245, 233]",42.4
538,1790252290946996623,307264,101377,19,11,113.4,"[28.1, 29.7, 31.1, 31.5, 34.6, 39.4, 44.8, 81.7, 91.5, 96.6, 113.4]","['OUTSIDE', 'OUTSIDE', 'INSIDE', 'INSIDE', 'INSIDE', 'INSIDE', 'OUTSIDE', 'OUTSIDE', 'OUTSIDE', 'NEAR', 'OUTSIDE']","[[0.73, 0.75, 0.73], [0.93, 0.84, 0.81], [0.71, 1.24, 0.05], [1.39, 1.9, 0.35], [1.45, 1.94, 0.14], [1.08, 1.23, 0.08], [0.75, 0.67, 0.52], [2.82, 0.63, 2.14], [0.44, 1.91, 1.2], [0.89, 0.98, 1.72], [0.25, 0.44, 0.95]]","[228, 129, 234, 231, 174, 230, 191, 160, 165, 205, 226]",42.5
539,1790252291049967345,307261,101511,19,12,203.7,"[28.2, 28.8, 31.0, 31.1, 35.9, 40.4, 45.1, 83.6, 89.0, 97.2, 111.3, 203.7]","['NEAR', 'OUTSIDE', 'INSIDE', 'INSIDE', 'INSIDE', 'INSIDE', 'OUTSIDE', 'NEAR', 'OUTSIDE', 'OUTSIDE', 'OUTSIDE', 'INSIDE']","[[0.86, 1.45, 1.46], [0.49, 0.82, 0.84], [0.97, 1.41, 0.07], [0.48, 1.12, 0.04], [2.84, 2.49, 0.37], [1.07, 0.99, 0.08], [0.7, 0.65, 0.53], [5.19, 1.29, 3.21], [1.57, 1.87, 1.28], [1.93, 0.23, 0.19], [0.16, 0.44, 0.75], [1.96, 3.82, 0.39]]","[228, 129, 234, 231, 174, 230, 191, 145, 210, 205, 226, 249]",49.9
540,1790252291140133646,307273,101467,16,11,131.6,"[27.2, 29.9, 30.0, 35.3, 40.0, 44.3, 87.1, 95.0, 108.4, 109.4, 131.6]","['RAIL', 'NEAR', 'OUTSIDE', 'INSIDE', 'INSIDE', 'INSIDE', 'OUTSIDE', 'OUTSIDE', 'OUTSIDE', 'OUTSIDE', 'INSIDE']","[[1.19, 0.14, 0.33], [0.85, 1.23, 1.17], [0.4, 0.79, 1.04], [1.3, 1.7, 0.11], [1.24, 1.53, 0.09], [0.38, 1.11, 0.03], [2.1, 0.81, 2.31], [1.87, 1.1, 1.05], [0.33, 0.22, 0.25], [0.04, 0.26, 0.45], [2.62, 3.77, 1.16]]","[129, 228, 174, 231, 234, 230, 153, 155, 156, 226, 241]",52.9
541,1790252291237970797,307250,101592,22,13,199.7,"[30.7, 30.9, 31.7, 35.3, 39.2, 85.6, 89.3, 90.6, 91.9, 102.0, 107.2, 131.1, 199.7]","['INSIDE', 'INSIDE', 'INSIDE', 'INSIDE', 'NEAR', 'OUTSIDE', 'OUTSIDE', 'OUTSIDE', 'NEAR', 'OUTSIDE', 'OUTSIDE', 'INSIDE', 'INSIDE']","[[0.98, 1.46, 0.08], [1.35, 0.5, 0.13], [1.11, 1.49, 0.09], [1.03, 1.22, 0.1], [0.27, 1.04, 0.53], [0.39, 1.79, 1.12], [0.24, 0.37, 1.22], [0.95, 0.56, 0.4], [4.46, 1.15, 2.03], [1.65, 1.28, 1.61], [0.8, 0.4, 0.53], [1.78, 4.01, 1.14], [1.82, 3.78, 0.41]]","[231, 174, 230, 191, 129, 145, 153, 182, 165, 218, 226, 241, 249]",46.1
542,1790252291342478248,307261,101687,16,11,126.2,"[28.4, 29.1, 31.7, 36.2, 39.6, 44.6, 83.1, 87.4, 99.7, 105.8, 126.2]","['OUTSIDE', 'INSIDE', 'INSIDE', 'INSIDE', 'INSIDE', 'INSIDE', 'OUTSIDE', 'OUTSIDE', 'OUTSIDE', 'OUTSIDE', 'INSIDE']","[[0.56, 0.76, 0.73], [1.97, 1.79, 0.2], [0.24, 1.13, 0.02], [1.07, 1.24, 0.07], [2.17, 2.9, 0.68], [1.0, 1.5, 0.08], [0.31, 0.33, 1.06], [2.03, 0.83, 1.93], [1.03, 0.73, 0.42], [0.69, 0.5, 0.89], [4.42, 3.55, 3.93]]","[228, 174, 231, 234, 191, 230, 175, 210, 218, 226, 245]",42.9
543,1790252291452178008,307264,102116,18,13,203.3,"[26.6, 29.0, 31.8, 32.5, 35.6, 44.7, 79.3, 80.3, 84.8, 84.9, 103.6, 124.3, 203.3]","['INSIDE', 'INSIDE', 'INSIDE', 'INSIDE', 'INSIDE', 'INSIDE', 'INSIDE', 'OUTSIDE', 'OUTSIDE', 'OUTSIDE', 'OUTSIDE', 'INSIDE', 'OUTSIDE']","[[1.47, 2.0, 0.24], [2.32, 2.78, 0.69], [1.1, 1.59, 0.09], [0.79, 0.93, 0.05], [1.39, 1.24, 0.13], [1.49, 0.88, 0.35], [2.01, 1.11, 0.09], [3.16, 1.7, 2.48], [2.81, 0.31, 1.31], [1.01, 0.16, 0.77], [0.29, 0.62, 0.87], [4.36, 3.75, 3.69], [3.8, 0.46, 2.16]]","[127, 174, 231, 234, 191, 129, 160, 184, 175, 145, 226, 245, 249]",38.8
544,1790252291547818317,307242,103431,22,15,202.2,"[23.4, 28.6, 31.8, 32.7, 34.4, 39.2, 43.5, 44.5, 78.3, 88.9, 101.0, 101.1, 122.8, 136.3, 202.2]","['RAIL', 'OUTSIDE', 'INSIDE', 'NEAR', 'INSIDE', 'INSIDE', 'INSIDE', 'INSIDE', 'INSIDE', 'NEAR', 'OUTSIDE', 'OUTSIDE', 'INSIDE', 'INSIDE', 'ABOVE']","[[0.66, 0.26, 0.56], [0.94, 1.08, 1.23], [0.44, 1.38, 0.05], [1.35, 0.91, 0.67], [2.32, 2.12, 0.2], [1.23, 0.77, 0.08], [1.67, 2.1, 0.36], [0.62, 1.36, 0.05], [2.15, 1.36, 0.09], [2.89, 0.95, 1.77], [1.46, 0.54, 0.7], [1.21, 0.46, 1.14], [3.51, 3.28, 1.09], [2.36, 4.02, 3.67], [2.02, 1.78, 2.16]]","[234, 228, 127, 191, 231, 230, 129, 126, 160, 210, 226, 223, 245, 233, 249]",40.2
545,1790252291638400827,307228,101555,20,13,200.3,"[32.4, 33.2, 35.4, 39.2, 45.5, 78.0, 82.5, 93.8, 98.6, 99.7, 105.1, 123.3, 200.3]","['OUTSIDE', 'NEAR', 'INSIDE', 'INSIDE', 'INSIDE', 'INSIDE', 'OUTSIDE', 'OUTSIDE', 'OUTSIDE', 'OUTSIDE', 'OUTSIDE', 'INSIDE', 'ABOVE']","[[0.45, 0.9, 0.83], [0.28, 0.86, 0.58], [0.54, 0.86, 0.05], [0.93, 1.1, 0.06], [0.66, 1.23, 0.05], [1.21, 1.08, 0.05], [4.13, 0.63, 1.55], [1.04, 0.53, 0.6], [0.57, 0.34, 0.43], [0.34, 0.63, 1.74], [0.33, 0.84, 0.47], [6.04, 4.54, 3.76], [2.02, 1.76, 2.14]]","[191, 231, 129, 230, 126, 160, 184, 155, 218, 226, 156, 245, 249]",46.2
546,1790252291743499797,307250,101590,19,13,122.6,"[28.5, 29.1, 34.9, 39.8, 46.5, 47.6, 80.8, 82.9, 85.9, 92.3, 96.1, 97.8, 122.6]","['RAIL', 'NEAR', 'INSIDE', 'INSIDE', 'INSIDE', 'INSIDE', 'OUTSIDE', 'OUTSIDE', 'OUTSIDE', 'OUTSIDE', 'OUTSIDE', 'OUTSIDE', 'INSIDE']","[[2.45, 0.41, 0.85], [1.12, 1.38, 1.25], [2.45, 2.97, 1.16], [1.83, 2.5, 0.37], [0.51, 0.97, 0.04], [1.11, 1.51, 0.09], [2.45, 0.71, 1.66], [2.99, 0.73, 2.37], [4.8, 0.86, 1.8], [2.0, 0.95, 2.01], [1.45, 0.35, 0.48], [0.21, 0.54, 0.82], [4.16, 4.26, 1.34]]","[230, 228, 174, 129, 234, 126, 184, 175, 145, 155, 248, 226, 245]",44.6
547,1790252291861842655,307248,101539,21,16,200.0,"[28.5, 29.2, 33.4, 34.3, 39.6, 45.8, 82.2, 87.2, 87.4, 89.0, 91.7, 92.8, 96.5, 101.3, 128.8, 200.0]","['OUTSIDE', 'OUTSIDE', 'OUTSIDE', 'INSIDE', 'INSIDE', 'INSIDE', 'OUTSIDE', 'OUTSIDE', 'NEAR', 'RAIL', 'OUTSIDE', 'OUTSIDE', 'OUTSIDE', 'OUTSIDE', 'INSIDE', 'INSIDE']","[[0.98, 1.16, 1.33], [0.71, 0.87, 1.01], [0.41, 0.73, 0.88], [2.09, 1.53, 0.41], [0.95, 0.8, 0.07], [0.49, 1.1, 0.04], [6.58, 0.68, 1.56], [1.96, 0.52, 1.52], [1.1, 0.91, 1.56], [1.28, 0.27, 0.36], [1.08, 0.43, 1.63], [6.41, 1.03, 1.07], [1.65, 0.72, 1.69], [0.1, 1.04, 0.66], [7.28, 4.38, 3.7], [0.09, 0.2, 0.94]]","[228, 174, 231, 129, 234, 126, 184, 153, 145, 182, 155, 165, 226, 218, 241, 249]",46.6
548,1790252291942185831,307262,101509,19,13,198.0,"[28.8, 34.9, 39.8, 46.3, 76.8, 82.1, 83.4, 86.9, 91.4, 92.2, 93.8, 127.9, 198.0]","['OUTSIDE', 'INSIDE', 'INSIDE', 'INSIDE', 'OUTSIDE', 'OUTSIDE', 'OUTSIDE', 'NEAR', 'OUTSIDE', 'OUTSIDE', 'OUTSIDE', 'INSIDE', 'INSIDE']","[[1.14, 1.16, 1.29], [1.05, 1.21, 0.09], [0.39, 0.81, 0.03], [1.14, 0.97, 0.09], [1.8, 0.56, 1.39], [1.02, 0.37, 0.59], [2.06, 0.31, 0.95], [2.97, 0.48, 0.47], [0.08, 0.31, 1.19], [1.55, 0.76, 1.0], [0.22, 0.65, 1.64], [3.45, 4.33, 3.46], [0.05, 0.2, 0.93]]","[174, 129, 234, 126, 160, 184, 175, 145, 155, 165, 226, 241, 249]",40.4
549,1790252292037908805,307256,101720,16,10,171.7,"[29.9, 31.1, 31.8, 35.7, 40.6, 46.9, 80.0, 89.8, 92.0, 171.7]","['OUTSIDE', 'OUTSIDE', 'INSIDE', 'INSIDE', 'INSIDE', 'INSIDE', 'OUTSIDE', 'OUTSIDE', 'OUTSIDE', 'INSIDE']","[[1.05, 0.76, 1.08], [0.46, 0.83, 0.84], [1.42, 1.47, 0.12], [0.97, 0.99, 0.07], [1.35, 1.44, 0.13], [1.11, 0.85, 0.09], [2.86, 0.69, 1.67], [4.18, 0.72, 1.67], [2.85, 0.84, 1.4], [5.02, 4.09, 3.19]]","[228, 191, 129, 234, 231, 126, 184, 210, 155, 257]",38.2
550,1790252292133684419,307223,102219,21,15,194.1,"[31.4, 31.6, 35.6, 40.5, 46.3, 72.7, 77.4, 88.3, 90.0, 92.5, 93.1, 98.4, 125.3, 126.0, 194.1]","['NEAR', 'INSIDE', 'INSIDE', 'INSIDE', 'INSIDE', 'NEAR', 'OUTSIDE', 'OUTSIDE', 'OUTSIDE', 'OUTSIDE', 'NEAR', 'OUTSIDE', 'OUTSIDE', 'NEAR', 'INSIDE']","[[0.43, 0.88, 0.8], [1.04, 1.35, 0.09], [0.36, 0.81, 0.03], [2.08, 1.93, 0.2], [0.78, 1.12, 0.06], [4.0, 1.44, 1.89], [2.53, 0.68, 1.36], [1.48, 0.38, 0.62], [0.4, 0.63, 1.57], [1.24, 0.59, 0.44], [2.41, 1.05, 1.04], [2.08, 0.33, 1.55], [4.01, 0.1, 2.0], [0.74, 0.22, 2.76], [0.14, 0.42, 0.91]]","[191, 129, 234, 231, 126, 160, 184, 153, 182, 165, 210, 248, 241, 245, 249]",40.7
551,1790252292246937416,307230,94745,21,16,192.1,"[29.0, 29.6, 31.3, 33.5, 35.9, 40.7, 45.3, 45.6, 70.8, 76.6, 88.1, 90.6, 92.5, 122.6, 137.1, 192.1]","['RAIL', 'NEAR', 'NEAR', 'NEAR', 'INSIDE', 'INSIDE', 'INSIDE', 'INSIDE', 'NEAR', 'OUTSIDE', 'OUTSIDE', 'OUTSIDE', 'OUTSIDE', 'INSIDE', 'OUTSIDE', 'INSIDE']","[[1.19, 0.22, 1.07], [0.78, 0.99, 0.78], [0.43, 0.87, 0.81], [0.34, 1.15, 0.88], [1.06, 1.4, 0.11], [1.38, 1.0, 0.12], [0.85, 1.26, 0.06], [1.08, 1.13, 0.08], [3.47, 1.5, 1.94], [1.8, 0.66, 1.41], [1.02, 0.76, 1.76], [2.31, 0.43, 0.19], [2.17, 0.95, 2.94], [2.36, 4.31, 3.73], [1.31, 0.54, 1.75], [0.17, 0.42, 0.78]]","[234, 228, 191, 129, 174, 231, 230, 126, 160, 184, 153, 165, 155, 241, 233, 249]",37.2
552,1790252292346025119,307249,101134,16,12,190.2,"[27.6, 32.0, 32.7, 36.7, 41.4, 41.5, 80.2, 86.7, 91.9, 132.7, 163.9, 190.2]","['RAIL', 'NEAR', 'INSIDE', 'INSIDE', 'INSIDE', 'OUTSIDE', 'OUTSIDE', 'OUTSIDE', 'OUTSIDE', 'INSIDE', 'OUTSIDE', 'INSIDE']","[[0.42, 0.7, 0.54], [0.37, 1.0, 0.87], [0.56, 1.15, 0.05], [0.49, 1.01, 0.04], [1.21, 1.12, 0.32], [0.56, 0.75, 0.49], [1.06, 0.85, 1.44], [1.65, 0.71, 1.53], [2.82, 1.1, 2.01], [6.19, 4.41, 3.4], [5.33, 1.15, 0.93], [0.09, 0.44, 0.89]]","[126, 129, 231, 230, 191, 174, 184, 153, 155, 233, 254, 249]",42.8
553,1790252292434404221,307243,101099,12,9,188.2,"[36.3, 40.9, 46.1, 66.5, 91.5, 106.6, 129.7, 163.1, 188.2]","['INSIDE', 'INSIDE', 'INSIDE', 'OUTSIDE', 'NEAR', 'OUTSIDE', 'INSIDE', 'OUTSIDE', 'INSIDE']","[[2.04, 1.85, 0.4], [1.0, 0.8, 0.07], [0.63, 1.27, 0.05], [2.56, 1.07, 1.79], [0.34, 1.17, 1.45], [0.23, 1.87, 1.18], [8.48, 4.51, 3.68], [3.32, 0.91, 1.05], [0.14, 0.41, 0.88]]","[231, 234, 230, 160, 210, 156, 233, 254, 249]",45.9
554,1790252292540371699,307237,100974,22,17,161.3,"[29.9, 30.0, 32.6, 36.6, 40.1, 43.0, 45.7, 82.4, 85.3, 89.1, 89.2, 92.7, 93.6, 101.1, 104.2, 130.0, 161.3]","['RAIL', 'NEAR', 'INSIDE', 'INSIDE', 'INSIDE', 'INSIDE', 'INSIDE', 'OUTSIDE', 'NEAR', 'INSIDE', 'OUTSIDE', 'OUTSIDE', 'INSIDE', 'OUTSIDE', 'OUTSIDE', 'OUTSIDE', 'OUTSIDE']","[[0.43, 0.13, 0.47], [1.13, 1.06, 0.99], [0.71, 0.94, 0.07], [0.84, 1.27, 0.07], [0.13, 0.96, 0.01], [2.09, 2.51, 0.73], [1.04, 1.25, 0.08], [2.72, 0.77, 1.46], [1.41, 0.68, 0.75], [0.94, 0.8, 0.58], [3.07, 1.2, 2.6], [1.52, 0.66, 1.66], [3.69, 1.28, 1.62], [1.0, 0.26, 0.24], [1.35, 1.84, 1.15], [3.75, 0.44, 2.32], [3.01, 1.27, 0.71]]","[126, 228, 191, 231, 234, 256, 230, 175, 145, 210, 182, 226, 155, 218, 156, 233, 254]",45.9
555,1790252292643132681,307235,101122,20,16,159.2,"[29.3, 29.6, 32.6, 33.6, 36.6, 40.5, 45.2, 64.4, 80.3, 86.1, 86.6, 92.1, 98.1, 125.6, 134.7, 159.2]","['NEAR', 'INSIDE', 'INSIDE', 'INSIDE', 'INSIDE', 'INSIDE', 'INSIDE', 'OUTSIDE', 'OUTSIDE', 'OUTSIDE', 'OUTSIDE', 'NEAR', 'OUTSIDE', 'INSIDE', 'INSIDE', 'RAIL']","[[0.64, 1.06, 1.31], [2.02, 2.42, 0.69], [1.02, 1.26, 0.07], [0.55, 1.14, 0.05], [0.22, 0.94, 0.02], [0.38, 0.99, 0.03], [0.93, 0.86, 0.36], [5.31, 0.93, 1.54], [1.37, 0.52, 0.69], [2.02, 0.65, 1.71], [2.99, 0.33, 0.29], [1.37, 1.05, 1.04], [0.98, 0.64, 1.29], [8.5, 3.87, 3.8], [7.93, 4.04, 3.83], [3.31, 1.25, 0.83]]","[228, 191, 234, 231, 256, 230, 129, 160, 184, 153, 182, 155, 248, 245, 253, 254]",42.7
556,1790252292755818856,307217,101074,28,22,158.2,"[28.5, 29.7, 30.6, 33.0, 33.1, 35.8, 40.0, 45.0, 49.7, 64.2, 78.3, 81.8, 84.9, 88.2, 89.1, 95.6, 98.6, 98.6, 100.6, 125.7, 132.6, 158.2]","['RAIL', 'NEAR', 'NEAR', 'OUTSIDE', 'NEAR', 'INSIDE', 'INSIDE', 'INSIDE', 'INSIDE', 'OUTSIDE', 'NEAR', 'OUTSIDE', 'NEAR', 'NEAR', 'OUTSIDE', 'OUTSIDE', 'OUTSIDE', 'INSIDE', 'NEAR', 'OUTSIDE', 'INSIDE', 'INSIDE']","[[0.3, 0.18, 1.09], [0.48, 1.25, 0.99], [0.35, 1.02, 1.05], [0.56, 0.72, 0.82], [1.15, 0.82, 0.65], [1.2, 2.56, 0.68], [0.57, 1.25, 0.04], [1.09, 2.47, 0.64], [1.49, 1.51, 0.12], [7.57, 1.12, 1.73], [3.31, 0.2, 0.44], [1.76, 0.78, 1.29], [2.37, 0.92, 1.14], [1.02, 0.63, 0.82], [2.86, 1.03, 0.98], [3.95, 1.52, 2.21], [1.95, 0.3, 0.89], [2.05, 0.95, 0.43], [2.03, 1.47, 0.51], [4.41, 0.67, 2.44], [2.11, 3.78, 3.77], [4.56, 4.48, 2.64]]","[234, 228, 255, 191, 256, 231, 126, 129, 230, 160, 184, 145, 182, 210, 165, 226, 248, 218, 156, 245, 253, 254]",36.1
557,1790252292861380863,307223,100978,19,13,130.3,"[30.9, 32.8, 33.6, 35.4, 44.9, 45.0, 83.8, 88.8, 93.6, 94.2, 97.2, 103.2, 130.3]","['RAIL', 'OUTSIDE', 'INSIDE', 'INSIDE', 'INSIDE', 'INSIDE', 'NEAR', 'OUTSIDE', 'OUTSIDE', 'INSIDE', 'OUTSIDE', 'NEAR', 'INSIDE']","[[0.46, 0.21, 0.98], [1.17, 0.69, 0.85], [0.63, 0.87, 0.6], [1.61, 1.59, 0.14], [0.33, 1.09, 0.02], [0.66, 1.36, 0.06], [3.92, 0.65, 0.77], [2.25, 0.86, 0.98], [3.89, 1.51, 2.76], [4.72, 1.51, 1.19], [0.99, 0.49, 2.12], [0.95, 0.72, 0.91], [2.87, 3.89, 3.72]]","[126, 191, 256, 231, 230, 129, 182, 165, 226, 155, 248, 156, 253]",35.3
558,1790252292943511983,307162,100959,20,14,129.0,"[27.7, 30.8, 32.3, 35.4, 35.9, 51.2, 81.7, 85.2, 85.7, 93.2, 95.1, 101.2, 122.1, 129.0]","['OUTSIDE', 'NEAR', 'NEAR', 'INSIDE', 'INSIDE', 'OUTSIDE', 'NEAR', 'OUTSIDE', 'OUTSIDE', 'OUTSIDE', 'INSIDE', 'INSIDE', 'OUTSIDE', 'INSIDE']","[[0.47, 0.72, 0.83], [0.31, 0.88, 0.74], [0.61, 0.99, 0.96], [0.47, 1.25, 0.04], [1.17, 1.88, 0.11], [2.48, 1.77, 2.06], [3.95, 0.84, 1.17], [1.97, 0.87, 0.59], [4.96, 0.24, 2.1], [1.03, 0.94, 0.64], [1.06, 0.75, 0.42], [1.02, 1.07, 0.93], [3.69, 0.3, 2.37], [2.61, 2.92, 3.66]]","[191, 228, 231, 256, 129, 234, 145, 153, 175, 226, 155, 156, 241, 253]",44.1
559,1790252293035530125,307159,100914,21,12,124.8,"[29.1, 31.7, 32.1, 35.9, 44.8, 77.0, 82.7, 86.7, 90.6, 90.7, 93.7, 124.8]","['NEAR', 'OUTSIDE', 'INSIDE', 'INSIDE', 'INSIDE', 'OUTSIDE', 'NEAR', 'OUTSIDE', 'OUTSIDE', 'INSIDE', 'OUTSIDE', 'INSIDE']","[[1.28, 1.06, 1.1], [0.41, 1.04, 1.12], [0.34, 1.25, 0.03], [0.9, 1.24, 0.06], [1.45, 2.3, 0.63], [1.91, 0.74, 0.83], [4.07, 0.85, 1.17], [5.86, 1.27, 1.98], [2.07, 0.47, 1.85], [2.31, 0.88, 0.78], [3.99, 1.94, 1.26], [8.14, 4.98, 3.6]]","[255, 191, 256, 230, 129, 184, 182, 153, 165, 210, 226, 245]",45.0
560,1790252293145126520,307150,101105,25,17,189.6,"[28.8, 31.8, 35.2, 37.8, 44.1, 52.8, 77.8, 82.5, 86.2, 87.7, 88.3, 91.8, 99.4, 120.0, 120.1, 126.1, 189.6]","['INSIDE', 'INSIDE', 'INSIDE', 'INSIDE', 'OUTSIDE', 'OUTSIDE', 'NEAR', 'OUTSIDE', 'NEAR', 'RAIL', 'OUTSIDE', 'OUTSIDE', 'INSIDE', 'RAIL', 'RAIL', 'INSIDE', 'INSIDE']","[[1.24, 1.7, 0.11], [1.23, 1.38, 0.08], [2.1, 1.54, 0.2], [0.19, 1.19, 0.01], [0.37, 0.74, 0.76], [5.53, 1.15, 1.6], [7.97, 0.9, 1.05], [3.61, 0.94, 2.52], [1.48, 0.99, 0.93], [0.72, 0.2, 0.36], [4.03, 1.2, 2.08], [3.92, 2.21, 2.52], [4.25, 1.36, 1.17], [0.04, 0.22, 0.77], [0.1, 0.35, 0.77], [5.17, 4.77, 3.01], [0.13, 3.57, 0.35]]","[256, 230, 129, 231, 174, 234, 184, 175, 182, 153, 165, 226, 218, 241, 245, 253, 249]",42.1
561,1790252293239418404,307106,101385,17,12,187.7,"[31.0, 31.1, 32.2, 35.3, 75.4, 76.3, 81.2, 84.0, 90.8, 118.0, 123.3, 187.7]","['OUTSIDE', 'INSIDE', 'INSIDE', 'NEAR', 'INSIDE', 'OUTSIDE', 'NEAR', 'OUTSIDE', 'INSIDE', 'RAIL', 'INSIDE', 'INSIDE']","[[0.3, 0.92, 1.08], [1.12, 1.58, 0.1], [0.62, 1.56, 0.06], [0.43, 0.92, 0.56], [1.12, 1.06, 0.05], [2.9, 0.61, 0.74], [2.69, 0.38, 0.34], [2.35, 1.09, 1.9], [9.83, 4.73, 3.58], [0.37, 0.61, 0.76], [3.37, 3.85, 2.96], [0.08, 3.53, 0.34]]","[191, 256, 129, 174, 184, 145, 175, 165, 226, 241, 253, 249]",42.9
562,1790252293339151194,307138,101971,23,17,185.7,"[28.0, 29.2, 31.3, 32.2, 44.3, 61.9, 80.8, 81.2, 84.3, 86.3, 91.8, 94.2, 95.2, 100.7, 116.0, 119.8, 185.7]","['NEAR', 'INSIDE', 'INSIDE', 'INSIDE', 'NEAR', 'INSIDE', 'OUTSIDE', 'NEAR', 'RAIL', 'OUTSIDE', 'OUTSIDE', 'INSIDE', 'OUTSIDE', 'INSIDE', 'RAIL', 'NEAR', 'INSIDE']","[[0.89, 0.87, 0.82], [0.63, 0.56, 0.3], [1.11, 1.53, 0.08], [0.6, 1.56, 0.06], [1.59, 1.27, 0.79], [2.23, 1.29, 0.12], [4.15, 0.93, 2.47], [4.8, 0.77, 0.79], [0.79, 0.15, 0.34], [6.83, 1.2, 2.35], [1.95, 0.81, 0.57], [3.0, 0.72, 0.22], [2.92, 1.79, 1.3], [2.52, 0.89, 0.68], [0.22, 0.61, 0.75], [0.13, 1.37, 0.29], [0.1, 3.5, 0.34]]","[191, 228, 230, 129, 174, 160, 165, 175, 153, 182, 226, 155, 248, 156, 241, 245, 249]",42.3
563,1790252293441329754,307096,100906,25,15,183.7,"[28.6, 29.8, 34.0, 35.3, 60.4, 73.7, 79.3, 88.2, 88.3, 98.9, 113.4, 117.8, 118.3, 129.9, 183.7]","['NEAR', 'OUTSIDE', 'INSIDE', 'INSIDE', 'INSIDE', 'NEAR', 'NEAR', 'INSIDE', 'OUTSIDE', 'INSIDE', 'OUTSIDE', 'INSIDE', 'INSIDE', 'INSIDE', 'INSIDE']","[[0.9, 1.24, 1.06], [0.22, 0.86, 0.89], [1.26, 1.05, 0.69], [1.2, 1.58, 0.1], [2.83, 1.65, 0.15], [2.72, 0.57, 0.69], [4.89, 0.67, 0.61], [1.23, 0.45, 0.34], [6.88, 2.07, 1.92], [2.17, 0.85, 0.87], [1.09, 1.37, 1.55], [0.18, 0.59, 0.5], [1.09, 1.79, 0.58], [5.7, 4.28, 3.35], [0.07, 3.53, 0.0]]","[255, 256, 228, 231, 160, 145, 175, 210, 182, 218, 241, 245, 253, 233, 249]",34.9
564,1790252293534991074,307071,100785,27,21,181.7,"[29.0, 29.2, 30.5, 31.4, 32.3, 34.0, 35.1, 44.0, 51.2, 70.1, 79.5, 82.8, 90.8, 95.6, 99.8, 100.0, 111.0, 116.8, 131.4, 166.5, 181.7]","['NEAR', 'OUTSIDE', 'INSIDE', 'INSIDE', 'INSIDE', 'INSIDE', 'OUTSIDE', 'OUTSIDE', 'INSIDE', 'INSIDE', 'NEAR', 'INSIDE', 'INSIDE', 'NEAR', 'RAIL', 'INSIDE', 'OUTSIDE', 'INSIDE', 'INSIDE', 'INSIDE', 'INSIDE']","[[1.98, 1.22, 1.21], [0.27, 0.85, 0.9], [0.75, 1.61, 0.08], [1.11, 1.57, 0.1], [0.53, 0.92, 0.04], [1.42, 1.12, 0.14], [2.33, 1.46, 1.18], [1.11, 0.59, 0.36], [1.4, 1.24, 0.08], [3.02, 1.24, 1.13], [2.04, 0.6, 0.75], [2.15, 0.65, 0.37], [3.84, 4.0, 2.06], [0.42, 0.83, 0.64], [2.16, 0.11, 0.65], [5.94, 3.26, 0.61], [0.21, 0.45, 0.98], [1.66, 1.51, 0.26], [11.05, 4.3, 3.3], [0.13, 0.38, 1.07], [0.03, 3.49, 0.0]]","[255, 256, 174, 231, 230, 129, 228, 191, 234, 145, 175, 165, 226, 155, 156, 218, 241, 245, 233, 266, 249]",46.0
565,1790252293635037291,307031,100778,32,18,179.4,"[25.1, 27.1, 27.4, 29.0, 29.4, 31.2, 34.7, 44.9, 49.1, 68.8, 73.5, 86.8, 89.3, 98.6, 108.8, 113.9, 164.5, 179.4]","['RAIL', 'OUTSIDE', 'NEAR', 'NEAR', 'INSIDE', 'INSIDE', 'INSIDE', 'INSIDE', 'INSIDE', 'NEAR', 'INSIDE', 'OUTSIDE', 'INSIDE', 'INSIDE', 'OUTSIDE', 'INSIDE', 'INSIDE', 'INSIDE']","[[0.48, 0.14, 0.29], [0.45, 1.3, 1.33], [2.89, 1.22, 1.3], [0.7, 0.84, 0.8], [1.25, 1.0, 0.59], [0.29, 1.5, 0.03], [1.1, 1.44, 0.11], [1.59, 1.55, 0.14], [0.43, 1.1, 0.03], [2.11, 1.24, 1.07], [1.28, 1.03, 0.06], [2.04, 0.33, 2.14], [4.97, 4.84, 3.45], [2.03, 1.07, 0.67], [0.66, 0.66, 0.96], [0.12, 1.1, 0.28], [0.06, 0.3, 1.06], [0.84, 4.04, 0.42]]","[126, 174, 255, 228, 191, 129, 256, 231, 230, 145, 184, 182, 226, 218, 241, 245, 266, 249]",47.9
566,1790252293751919187,306964,100646,24,15,177.4,"[29.2, 29.3, 30.7, 35.0, 50.2, 78.8, 82.0, 85.4, 88.7, 94.3, 99.4, 107.4, 113.0, 162.6, 177.4]","['OUTSIDE', 'NEAR', 'INSIDE', 'INSIDE', 'OUTSIDE', 'OUTSIDE', 'NEAR', 'NEAR', 'INSIDE', 'OUTSIDE', 'INSIDE', 'INSIDE', 'INSIDE', 'INSIDE', 'OUTSIDE']","[[1.56, 0.94, 1.07], [0.55, 0.67, 0.49], [1.57, 2.72, 0.83], [0.95, 1.33, 0.08], [0.28, 0.83, 1.1], [1.69, 0.67, 1.25], [2.42, 1.0, 1.46], [1.1, 1.4, 3.23], [2.11, 1.59, 1.21], [1.44, 1.12, 2.88], [1.08, 1.94, 0.7], [3.0, 2.87, 1.48], [2.42, 3.67, 1.11], [0.03, 0.32, 1.05], [0.75, 1.89, 0.74]]","[255, 228, 256, 231, 234, 175, 165, 210, 226, 155, 218, 241, 245, 266, 249]",48.0
567,1790252293837488874,306886,100766,28,18,175.7,"[26.7, 28.3, 30.1, 31.8, 34.9, 44.2, 51.0, 52.9, 74.5, 78.4, 92.4, 92.5, 94.2, 97.6, 106.2, 109.9, 160.6, 175.7]","['NEAR', 'INSIDE', 'OUTSIDE', 'INSIDE', 'INSIDE', 'INSIDE', 'INSIDE', 'NEAR', 'NEAR', 'OUTSIDE', 'OUTSIDE', 'OUTSIDE', 'INSIDE', 'INSIDE', 'INSIDE', 'INSIDE', 'NEAR', 'OUTSIDE']","[[0.91, 1.47, 1.23], [2.26, 1.38, 0.92], [1.53, 0.92, 1.3], [1.89, 2.64, 0.85], [0.14, 1.1, 0.01], [1.11, 1.37, 0.08], [1.91, 1.42, 0.12], [3.23, 0.98, 1.14], [2.85, 0.47, 0.68], [1.4, 0.68, 1.18], [1.31, 0.31, 1.9], [1.1, 0.2, 1.27], [2.91, 2.14, 0.61], [1.39, 1.39, 0.23], [3.47, 3.26, 3.32], [0.17, 1.26, 0.27], [0.07, 0.2, 1.03], [0.23, 1.29, 0.32]]","[191, 228, 255, 129, 231, 230, 262, 234, 184, 175, 248, 155, 218, 156, 241, 245, 266, 249]",52.6
568,1790252293949277808,306831,100888,26,17,173.7,"[27.2, 30.1, 34.8, 44.4, 54.0, 71.4, 74.0, 77.5, 82.1, 84.7, 85.6, 89.9, 91.1, 99.1, 105.3, 158.6, 173.7]","['INSIDE', 'INSIDE', 'INSIDE', 'INSIDE', 'NEAR', 'INSIDE', 'OUTSIDE', 'OUTSIDE', 'NEAR', 'INSIDE', 'RAIL', 'NEAR', 'INSIDE', 'OUTSIDE', 'INSIDE', 'INSIDE', 'OUTSIDE']","[[0.37, 1.42, 0.04], [0.5, 0.88, 0.52], [0.85, 0.93, 0.06], [0.42, 0.85, 0.04], [1.93, 1.08, 1.03], [1.11, 1.71, 1.27], [3.33, 0.88, 1.55], [2.89, 0.64, 2.57], [2.01, 1.22, 2.51], [2.1, 0.62, 0.25], [1.07, 0.2, 0.77], [0.17, 1.17, 0.8], [6.05, 1.88, 3.02], [2.09, 0.81, 1.52], [3.09, 1.29, 0.56], [0.13, 0.28, 1.02], [0.19, 1.28, 0.31]]","[129, 228, 230, 231, 234, 145, 184, 175, 165, 210, 226, 248, 155, 156, 241, 266, 249]",50.2
569,1790252294039404795,306754,101027,23,15,171.7,"[30.5, 35.5, 51.0, 79.5, 88.2, 89.4, 90.0, 91.0, 94.6, 96.5, 102.2, 104.4, 118.8, 156.6, 171.7]","['OUTSIDE', 'INSIDE', 'INSIDE', 'NEAR', 'RAIL', 'OUTSIDE', 'OUTSIDE', 'INSIDE', 'INSIDE', 'OUTSIDE', 'OUTSIDE', 'INSIDE', 'OUTSIDE', 'INSIDE', 'OUTSIDE']","[[1.23, 0.82, 0.83], [0.98, 1.34, 0.08], [2.01, 2.78, 0.95], [4.74, 1.3, 3.07], [1.11, 0.3, 0.36], [1.8, 0.39, 0.95], [0.27, 1.37, 1.02], [11.09, 2.66, 3.49], [1.04, 1.18, 0.21], [3.09, 0.06, 0.93], [1.83, 0.2, 1.09], [8.99, 4.68, 3.26], [1.49, 0.28, 0.94], [0.1, 0.31, 1.01], [0.26, 1.56, 0.31]]","[228, 231, 262, 175, 182, 248, 155, 226, 218, 156, 265, 241, 253, 266, 249]",45.0
570,1790252294153361902,306657,101189,33,20,154.6,"[27.3, 28.2, 29.0, 29.1, 30.3, 36.4, 45.1, 49.3, 62.1, 75.4, 82.5, 84.9, 86.6, 89.5, 91.9, 92.8, 100.4, 103.9, 114.0, 154.6]","['RAIL', 'NEAR', 'NEAR', 'OUTSIDE', 'OUTSIDE', 'INSIDE', 'INSIDE', 'INSIDE', 'NEAR', 'NEAR', 'OUTSIDE', 'INSIDE', 'RAIL', 'INSIDE', 'OUTSIDE', 'INSIDE', 'INSIDE', 'INSIDE', 'NEAR', 'INSIDE']","[[1.4, 0.45, 0.86], [1.08, 1.16, 1.4], [0.39, 0.88, 0.75], [0.71, 0.74, 0.77], [0.73, 0.64, 0.94], [0.52, 0.66, 0.29], [0.2, 1.42, 0.25], [0.24, 0.94, 0.02], [1.78, 0.85, 1.26], [8.97, 1.27, 3.0], [3.14, 0.27, 1.28], [2.79, 1.0, 0.87], [1.14, 0.18, 0.96], [3.44, 1.75, 0.63], [1.94, 0.61, 0.26], [1.88, 1.01, 0.62], [3.13, 1.68, 2.0], [2.06, 4.34, 2.78], [0.06, 1.22, 0.54], [0.09, 0.36, 1.0]]","[126, 191, 228, 255, 231, 129, 256, 230, 160, 184, 165, 210, 226, 155, 248, 156, 265, 241, 245, 266]",36.9
571,1790252294244945263,306672,101764,28,16,152.6,"[28.2, 28.8, 28.9, 30.9, 32.0, 32.2, 35.3, 51.9, 61.9, 71.4, 73.1, 83.5, 90.4, 96.5, 102.9, 152.6]","['NEAR', 'OUTSIDE', 'NEAR', 'INSIDE', 'INSIDE', 'INSIDE', 'NEAR', 'RAIL', 'NEAR', 'INSIDE', 'NEAR', 'NEAR', 'INSIDE', 'OUTSIDE', 'INSIDE', 'RAIL']","[[0.63, 0.79, 0.74], [0.82, 1.02, 1.36], [0.19, 0.87, 0.84], [1.38, 1.46, 0.12], [0.47, 1.21, 0.05], [0.37, 1.34, 0.03], [0.51, 1.34, 0.76], [0.09, 0.11, 0.91], [3.94, 1.07, 1.26], [1.04, 1.49, 0.04], [8.08, 1.04, 2.85], [5.15, 1.48, 3.16], [8.92, 4.55, 3.39], [1.31, 0.61, 1.46], [4.0, 4.12, 3.01], [0.02, 0.19, 0.66]]","[228, 255, 256, 271, 129, 231, 191, 262, 160, 145, 184, 165, 155, 218, 241, 266]",52.7
572,1790252294345119177,306485,94809,25,15,150.7,"[26.5, 26.9, 29.5, 29.5, 32.3, 35.2, 35.5, 44.9, 49.6, 50.8, 87.9, 101.0, 102.7, 118.3, 150.7]","['RAIL', 'INSIDE', 'NEAR', 'INSIDE', 'INSIDE', 'INSIDE', 'INSIDE', 'INSIDE', 'OUTSIDE', 'INSIDE', 'OUTSIDE', 'INSIDE', 'OUTSIDE', 'RAIL', 'INSIDE']","[[0.69, 0.28, 0.98], [1.21, 1.58, 1.11], [0.98, 1.23, 1.27], [0.27, 1.04, 0.03], [1.02, 1.62, 0.1], [0.67, 1.24, 0.05], [1.11, 1.23, 0.09], [1.3, 1.56, 0.12], [1.01, 0.69, 0.35], [1.55, 1.42, 0.09], [1.44, 0.13, 0.85], [2.21, 3.18, 1.82], [1.09, 0.3, 1.64], [0.08, 0.27, 0.18], [0.06, 0.11, 0.97]]","[262, 174, 228, 129, 191, 230, 271, 231, 256, 234, 226, 265, 241, 253, 266]",49.0
573,1790252294449072226,306362,100413,28,16,148.6,"[27.2, 29.1, 30.3, 31.9, 32.0, 33.0, 35.9, 44.9, 47.1, 47.4, 91.5, 94.2, 97.5, 116.3, 118.4, 148.6]","['RAIL', 'RAIL', 'OUTSIDE', 'OUTSIDE', 'INSIDE', 'NEAR', 'INSIDE', 'INSIDE', 'INSIDE', 'OUTSIDE', 'RAIL', 'INSIDE', 'INSIDE', 'RAIL', 'OUTSIDE', 'RAIL']","[[1.21, 0.34, 0.94], [0.17, 0.17, 0.52], [0.44, 0.79, 1.07], [0.55, 0.63, 0.83], [0.31, 1.42, 0.03], [0.24, 0.87, 0.85], [2.03, 2.66, 1.36], [0.25, 0.88, 0.02], [0.35, 0.94, 0.02], [0.4, 0.85, 0.55], [0.06, 0.16, 0.41], [5.15, 2.48, 0.76], [10.96, 4.31, 1.4], [0.1, 0.27, 0.17], [0.88, 0.61, 1.61], [0.12, 0.27, 0.65]]","[262, 126, 255, 231, 129, 228, 191, 271, 230, 256, 218, 156, 265, 253, 245, 266]",46.7
574,1790252294541169613,306122,100243,20,10,146.7,"[27.2, 29.2, 30.2, 35.1, 45.3, 72.8, 76.5, 100.1, 115.9, 146.7]","['RAIL', 'INSIDE', 'NEAR', 'INSIDE', 'NEAR', 'NEAR', 'NEAR', 'OUTSIDE', 'OUTSIDE', 'RAIL']","[[1.4, 0.41, 0.8], [0.19, 1.32, 0.02], [0.29, 0.66, 0.5], [0.53, 1.34, 0.05], [0.41, 0.89, 0.54], [1.76, 0.39, 0.22], [2.47, 0.76, 0.65], [2.12, 0.28, 1.11], [1.99, 0.79, 1.58], [0.02, 0.08, 0.64]]","[262, 129, 255, 271, 191, 184, 175, 241, 253, 266]",46.5
575,1790252294636521674,305812,99933,26,16,144.5,"[26.0, 27.0, 28.0, 28.1, 35.1, 43.1, 43.3, 49.3, 81.8, 88.9, 90.2, 92.0, 93.0, 99.4, 114.1, 144.5]","['RAIL', 'INSIDE', 'INSIDE', 'INSIDE', 'INSIDE', 'INSIDE', 'OUTSIDE', 'INSIDE', 'OUTSIDE', 'RAIL', 'NEAR', 'OUTSIDE', 'INSIDE', 'OUTSIDE', 'OUTSIDE', 'RAIL']","[[1.74, 0.45, 0.86], [0.91, 1.2, 0.72], [2.27, 2.97, 1.38], [0.28, 1.32, 0.03], [0.43, 1.34, 0.04], [0.65, 1.35, 0.04], [0.97, 1.66, 1.53], [0.78, 0.85, 0.05], [2.23, 1.09, 0.59], [0.04, 0.21, 0.14], [2.58, 1.3, 2.32], [2.03, 0.2, 0.27], [12.08, 5.11, 3.26], [1.82, 0.14, 0.95], [0.52, 0.52, 1.23], [0.3, 0.33, 0.63]]","[262, 174, 255, 129, 271, 230, 191, 234, 165, 182, 226, 218, 155, 241, 253, 266]",45.3
576,1790252294740283927,305460,99764,26,15,142.6,"[26.2, 27.0, 27.6, 29.2, 30.1, 35.3, 43.5, 49.3, 85.3, 88.2, 88.2, 99.0, 112.1, 118.2, 142.6]","['NEAR', 'INSIDE', 'NEAR', 'INSIDE', 'INSIDE', 'INSIDE', 'INSIDE', 'INSIDE', 'OUTSIDE', 'RAIL', 'INSIDE', 'INSIDE', 'OUTSIDE', 'OUTSIDE', 'RAIL']","[[1.12, 1.08, 0.95], [0.53, 1.2, 0.71], [0.38, 0.58, 0.52], [0.23, 1.23, 0.03], [0.28, 1.32, 0.03], [0.96, 1.35, 0.07], [0.44, 1.1, 0.04], [0.53, 1.2, 0.03], [2.31, 0.35, 1.72], [0.31, 0.62, 0.36], [2.13, 1.77, 2.93], [2.06, 2.33, 0.29], [1.63, 0.88, 1.53], [2.4, 1.23, 1.71], [0.2, 0.26, 0.62]]","[255, 174, 228, 129, 191, 230, 271, 234, 210, 182, 226, 265, 253, 245, 266]",46.3
577,1790252294845573944,304925,99515,24,13,140.6,"[26.8, 29.3, 35.2, 43.2, 49.1, 88.6, 92.5, 95.8, 97.0, 101.2, 110.1, 116.9, 140.6]","['INSIDE', 'INSIDE', 'INSIDE', 'INSIDE', 'INSIDE', 'OUTSIDE', 'INSIDE', 'OUTSIDE', 'OUTSIDE', 'OUTSIDE', 'OUTSIDE', 'OUTSIDE', 'RAIL']","[[3.76, 1.37, 1.05], [0.41, 1.22, 0.04], [0.32, 1.22, 0.03], [0.64, 0.9, 0.04], [0.14, 0.86, 0.01], [3.05, 0.23, 0.75], [1.0, 0.48, 0.03], [1.17, 0.24, 1.68], [4.13, 0.98, 2.49], [0.06, 0.11, 0.85], [0.59, 0.69, 1.48], [1.13, 1.21, 1.69], [0.02, 0.25, 0.21]]","[174, 191, 271, 230, 234, 226, 248, 241, 265, 272, 253, 245, 266]",59.0
578,1790252294940101882,304143,99190,32,16,138.6,"[26.5, 27.0, 28.1, 28.7, 30.9, 31.1, 34.2, 42.5, 49.4, 94.3, 94.3, 96.6, 98.3, 109.2, 114.5, 138.6]","['NEAR', 'INSIDE', 'NEAR', 'RAIL', 'INSIDE', 'INSIDE', 'INSIDE', 'INSIDE', 'NEAR', 'OUTSIDE', 'OUTSIDE', 'INSIDE', 'OUTSIDE', 'OUTSIDE', 'RAIL', 'RAIL']","[[0.7, 0.65, 0.72], [1.69, 1.37, 0.88], [0.53, 0.82, 0.84], [1.03, 0.15, 0.44], [0.17, 0.95, 0.02], [1.31, 1.69, 0.13], [2.05, 1.42, 0.29], [1.04, 1.18, 0.07], [0.78, 1.43, 0.86], [3.22, 1.55, 1.93], [2.12, 0.18, 1.06], [3.13, 3.23, 1.33], [1.9, 0.74, 2.15], [3.43, 2.05, 1.93], [0.15, 0.9, 1.0], [0.24, 0.32, 0.21]]","[255, 174, 228, 126, 129, 191, 271, 230, 256, 218, 241, 265, 272, 253, 245, 266]",52.5
579,1790252295056597925,302994,98825,25,16,142.0,"[27.1, 28.2, 29.2, 29.5, 31.0, 34.3, 42.5, 48.9, 77.5, 90.5, 101.0, 106.5, 112.0, 126.6, 136.6, 142.0]","['NEAR', 'NEAR', 'OUTSIDE', 'NEAR', 'INSIDE', 'INSIDE', 'INSIDE', 'INSIDE', 'NEAR', 'OUTSIDE', 'INSIDE', 'OUTSIDE', 'OUTSIDE', 'INSIDE', 'RAIL', 'OUTSIDE']","[[0.43, 1.07, 0.97], [1.16, 1.22, 1.25], [0.67, 0.91, 0.96], [0.82, 0.82, 0.84], [0.7, 1.54, 0.06], [0.28, 1.32, 0.03], [0.98, 1.32, 0.07], [0.34, 0.86, 0.02], [1.0, 1.46, 0.54], [0.95, 0.67, 1.0], [6.04, 1.64, 1.24], [0.95, 0.7, 1.66], [3.99, 1.46, 2.11], [11.46, 4.61, 2.73], [0.23, 0.31, 0.21], [0.1, 2.26, 0.59]]","[174, 279, 255, 228, 271, 191, 230, 234, 175, 155, 272, 253, 245, 269, 266, 270]",55.0
580,1790252295141138415,301214,98836,25,15,134.7,"[27.1, 28.6, 29.6, 31.4, 34.5, 42.5, 47.2, 49.2, 93.7, 94.9, 97.0, 97.7, 111.2, 125.4, 134.7]","['RAIL', 'INSIDE', 'NEAR', 'INSIDE', 'INSIDE', 'INSIDE', 'INSIDE', 'INSIDE', 'INSIDE', 'OUTSIDE', 'INSIDE', 'NEAR', 'OUTSIDE', 'INSIDE', 'RAIL']","[[0.52, 0.24, 1.04], [1.47, 2.81, 1.11], [1.06, 1.11, 1.29], [0.42, 1.32, 0.05], [0.98, 1.47, 0.07], [1.08, 1.07, 0.09], [1.17, 1.73, 0.11], [0.3, 1.2, 0.02], [0.8, 0.77, 0.66], [3.36, 2.38, 2.09], [1.96, 1.39, 0.51], [6.94, 1.02, 2.4], [1.7, 1.43, 1.6], [9.83, 4.59, 2.85], [0.13, 0.31, 0.2]]","[126, 191, 279, 129, 230, 271, 256, 234, 241, 218, 265, 272, 245, 269, 266]",60.7
581,1790252295240703860,298322,94327,27,16,126.4,"[27.2, 29.0, 30.7, 31.4, 34.2, 46.0, 47.0, 49.0, 49.4, 92.5, 95.4, 95.5, 96.6, 106.0, 109.3, 126.4]","['RAIL', 'RAIL', 'RAIL', 'RAIL', 'NEAR', 'NEAR', 'INSIDE', 'INSIDE', 'INSIDE', 'NEAR', 'OUTSIDE', 'INSIDE', 'OUTSIDE', 'NEAR', 'RAIL', 'INSIDE']","[[0.87, 0.27, 0.83], [0.33, 0.19, 0.97], [0.28, 0.24, 0.54], [0.69, 0.21, 1.01], [0.88, 1.05, 0.76], [1.92, 1.1, 0.95], [0.39, 1.12, 0.24], [0.26, 1.31, 0.02], [1.25, 1.71, 0.12], [0.99, 1.31, 0.61], [2.96, 0.46, 1.39], [2.74, 2.22, 0.45], [1.13, 0.2, 0.63], [0.21, 1.5, 0.5], [1.76, 1.4, 0.96], [12.63, 4.6, 2.7]]","[262, 234, 126, 230, 174, 228, 191, 271, 256, 248, 218, 265, 272, 253, 245, 269]",57.1
582,1790252295357338797,293884,94503,25,15,145.6,"[27.6, 28.2, 28.7, 30.3, 31.1, 34.0, 89.7, 93.0, 94.8, 98.9, 100.6, 103.8, 104.8, 136.0, 145.6]","['OUTSIDE', 'OUTSIDE', 'INSIDE', 'INSIDE', 'INSIDE', 'INSIDE', 'INSIDE', 'OUTSIDE', 'INSIDE', 'OUTSIDE', 'INSIDE', 'OUTSIDE', 'INSIDE', 'OUTSIDE', 'INSIDE']","[[0.83, 0.82, 1.04], [0.62, 0.93, 1.01], [0.59, 2.57, 0.79], [0.88, 1.08, 0.09], [0.24, 1.07, 0.02], [1.2, 1.59, 0.81], [0.72, 1.28, 0.86], [0.47, 0.37, 1.29], [5.91, 4.89, 2.77], [0.46, 0.38, 1.35], [0.86, 0.68, 0.67], [0.51, 1.87, 1.33], [1.84, 0.88, 0.23], [0.07, 2.17, 0.56], [0.91, 4.4, 0.93]]","[255, 279, 256, 191, 271, 129, 156, 218, 248, 272, 265, 253, 245, 266, 270]",48.5
583,1790252295451262121,282291,86455,24,10,145.6,"[28.1, 31.0, 31.2, 33.6, 46.7, 49.4, 92.6, 105.3, 122.5, 145.6]","['RAIL', 'RAIL', 'NEAR', 'NEAR', 'NEAR', 'INSIDE', 'INSIDE', 'OUTSIDE', 'INSIDE', 'OUTSIDE']","[[1.31, 0.28, 0.82], [0.44, 0.24, 0.67], [2.24, 1.26, 1.28], [1.04, 1.17, 0.94], [0.52, 0.84, 0.52], [0.16, 1.19, 0.02], [5.18, 4.92, 2.71], [1.74, 1.35, 1.52], [3.76, 3.81, 1.12], [5.03, 1.99, 0.93]]","[262, 234, 255, 271, 228, 256, 248, 253, 269, 270]",40.8
584,1790252295542112535,313710,109752,17,10,200.5,"[30.4, 35.3, 92.0, 95.6, 96.4, 104.1, 121.3, 132.4, 141.6, 200.5]","['OUTSIDE', 'INSIDE', 'INSIDE', 'OUTSIDE', 'INSIDE', 'INSIDE', 'INSIDE', 'INSIDE', 'INSIDE', 'INSIDE']","[[0.65, 0.59, 0.65], [1.48, 2.28, 0.61], [2.12, 3.35, 0.65], [0.96, 0.16, 0.81], [5.05, 4.9, 1.97], [3.87, 2.54, 1.2], [2.03, 3.75, 1.11], [0.87, 4.24, 1.07], [0.93, 4.28, 0.9], [4.93, 4.29, 3.67]]","[271, 256, 248, 241, 273, 245, 269, 266, 270, 286]",58.1
585,1790252295646005918,307233,100955,23,13,198.5,"[27.6, 28.4, 29.6, 30.1, 32.3, 37.5, 41.8, 97.1, 100.4, 103.0, 120.2, 139.6, 198.5]","['OUTSIDE', 'NEAR', 'INSIDE', 'INSIDE', 'INSIDE', 'INSIDE', 'INSIDE', 'INSIDE', 'NEAR', 'NEAR', 'INSIDE', 'OUTSIDE', 'INSIDE']","[[0.63, 0.81, 0.83], [1.1, 1.14, 1.01], [0.98, 1.02, 0.67], [0.56, 1.57, 0.06], [0.4, 0.87, 0.03], [1.05, 1.55, 0.08], [2.06, 2.32, 0.69], [2.34, 3.56, 1.32], [2.6, 1.24, 2.23], [2.01, 0.58, 0.21], [0.29, 2.29, 0.81], [0.89, 1.69, 0.89], [4.89, 4.21, 3.65]]","[228, 279, 174, 191, 285, 287, 256, 273, 265, 245, 269, 270, 286]",62.0
586,1790252295742801874,307235,100979,28,19,160.2,"[27.1, 30.3, 30.5, 32.2, 32.9, 34.4, 41.4, 42.5, 48.1, 89.3, 89.6, 94.5, 98.0, 101.5, 111.6, 112.3, 127.8, 138.4, 160.2]","['RAIL', 'OUTSIDE', 'OUTSIDE', 'OUTSIDE', 'RAIL', 'NEAR', 'INSIDE', 'INSIDE', 'NEAR', 'OUTSIDE', 'INSIDE', 'INSIDE', 'OUTSIDE', 'INSIDE', 'OUTSIDE', 'INSIDE', 'INSIDE', 'INSIDE', 'INSIDE']","[[0.57, 0.2, 0.83], [0.12, 0.76, 0.94], [0.38, 0.8, 0.86], [0.95, 0.44, 0.57], [0.32, 0.24, 0.75], [0.72, 0.89, 0.86], [1.05, 1.43, 0.07], [1.21, 1.78, 0.11], [1.62, 0.9, 0.5], [1.5, 1.22, 0.85], [8.71, 2.81, 2.88], [5.5, 4.19, 2.4], [3.68, 1.1, 2.19], [1.16, 0.7, 0.48], [2.05, 1.43, 1.21], [6.7, 3.2, 2.53], [1.63, 4.05, 1.04], [1.18, 1.43, 0.33], [4.47, 3.86, 1.04]]","[285, 174, 228, 279, 126, 271, 287, 256, 191, 155, 156, 218, 272, 265, 282, 276, 266, 270, 284]",58.4
587,1790252295843119942,307232,100954,20,15,158.2,"[29.2, 30.6, 32.1, 41.4, 77.9, 87.2, 89.6, 94.3, 96.0, 96.8, 109.6, 113.1, 124.0, 138.2, 158.2]","['OUTSIDE', 'NEAR', 'INSIDE', 'INSIDE', 'INSIDE', 'OUTSIDE', 'INSIDE', 'OUTSIDE', 'OUTSIDE', 'NEAR', 'INSIDE', 'INSIDE', 'OUTSIDE', 'INSIDE', 'INSIDE']","[[0.42, 0.79, 0.86], [0.65, 1.29, 1.06], [0.78, 0.87, 0.05], [1.03, 1.39, 0.1], [0.4, 0.98, 0.53], [0.17, 0.13, 1.14], [5.08, 5.05, 2.03], [2.18, 0.11, 0.79], [4.14, 1.5, 1.56], [2.17, 1.09, 1.47], [4.33, 4.78, 2.6], [1.08, 1.19, 0.02], [4.01, 1.57, 0.52], [4.99, 3.89, 1.72], [4.54, 4.02, 1.03]]","[228, 279, 287, 256, 175, 156, 155, 241, 218, 272, 282, 276, 266, 270, 284]",56.0
588,1790252295935110641,307217,101086,21,13,193.4,"[28.0, 29.3, 29.7, 30.9, 31.4, 41.1, 44.3, 49.4, 94.9, 108.0, 134.4, 156.2, 193.4]","['RAIL', 'RAIL', 'OUTSIDE', 'NEAR', 'INSIDE', 'INSIDE', 'INSIDE', 'NEAR', 'OUTSIDE', 'INSIDE', 'INSIDE', 'INSIDE', 'INSIDE']","[[0.3, 0.17, 0.31], [0.6, 0.2, 1.08], [0.49, 0.71, 0.75], [0.76, 0.42, 0.33], [0.23, 1.37, 0.02], [0.28, 1.29, 0.02], [0.31, 1.08, 0.03], [1.32, 1.4, 0.8], [1.1, 1.48, 1.03], [8.79, 4.69, 2.55], [1.31, 2.37, 0.55], [4.54, 4.1, 1.02], [3.01, 2.27, 3.94]]","[285, 234, 279, 228, 129, 287, 256, 191, 218, 282, 270, 284, 286]",54.3
589,1790252296039222301,307242,101240,18,13,191.7,"[27.2, 28.0, 29.1, 30.9, 37.2, 41.0, 87.4, 92.5, 93.2, 106.4, 110.0, 133.6, 191.7]","['NEAR', 'NEAR', 'NEAR', 'INSIDE', 'INSIDE', 'INSIDE', 'INSIDE', 'OUTSIDE', 'INSIDE', 'INSIDE', 'OUTSIDE', 'INSIDE', 'INSIDE']","[[2.06, 1.32, 1.3], [0.54, 1.4, 1.19], [0.53, 0.63, 0.47], [0.57, 1.28, 0.04], [0.46, 1.4, 0.04], [0.45, 1.29, 0.03], [7.15, 4.26, 2.87], [1.61, 1.44, 2.38], [6.97, 3.67, 1.55], [4.62, 4.81, 2.6], [0.81, 1.37, 0.96], [5.03, 4.07, 1.03], [2.67, 2.74, 3.9]]","[279, 174, 255, 287, 256, 281, 155, 218, 248, 282, 276, 270, 286]",43.7
590,1790252296142143098,307238,101337,23,16,188.1,"[28.0, 28.5, 30.0, 30.4, 31.0, 36.9, 40.9, 72.0, 88.8, 92.3, 93.0, 100.5, 104.4, 120.1, 129.9, 188.1]","['NEAR', 'INSIDE', 'NEAR', 'INSIDE', 'INSIDE', 'INSIDE', 'INSIDE', 'INSIDE', 'RAIL', 'NEAR', 'NEAR', 'RAIL', 'INSIDE', 'OUTSIDE', 'INSIDE', 'INSIDE']","[[0.41, 0.99, 1.06], [0.24, 0.8, 0.55], [0.33, 0.62, 0.49], [1.01, 1.66, 0.1], [0.18, 0.86, 0.01], [1.31, 1.59, 0.12], [0.57, 1.28, 0.04], [0.23, 0.64, 0.46], [1.15, 0.1, 0.98], [2.04, 0.99, 1.16], [1.9, 0.53, 0.24], [1.14, 0.14, 0.65], [6.51, 4.03, 1.38], [0.24, 2.27, 1.06], [8.67, 4.5, 1.1], [5.75, 3.94, 3.45]]","[279, 228, 255, 129, 287, 256, 281, 175, 156, 248, 218, 265, 245, 269, 270, 286]",46.5
591,1790252296247943985,307251,101668,18,14,186.1,"[28.9, 30.4, 33.3, 36.4, 40.4, 49.5, 86.2, 88.7, 91.5, 92.5, 97.5, 102.3, 130.2, 186.1]","['RAIL', 'NEAR', 'INSIDE', 'INSIDE', 'INSIDE', 'INSIDE', 'RAIL', 'INSIDE', 'INSIDE', 'INSIDE', 'OUTSIDE', 'INSIDE', 'INSIDE', 'INSIDE']","[[0.52, 0.1, 1.09], [0.54, 1.22, 1.01], [0.73, 1.05, 0.06], [1.11, 1.53, 0.08], [1.46, 2.97, 1.1], [0.93, 1.27, 0.07], [2.05, 0.24, 0.6], [2.09, 1.01, 1.0], [1.13, 1.56, 1.23], [3.15, 2.46, 0.45], [0.92, 0.52, 1.26], [6.76, 4.88, 2.09], [4.98, 3.91, 1.62], [5.77, 3.97, 3.41]]","[234, 255, 288, 287, 256, 281, 156, 155, 248, 218, 272, 245, 270, 286]",61.5
592,1790252296336682287,307236,101826,19,15,185.4,"[27.1, 28.0, 30.5, 32.5, 33.3, 36.4, 42.1, 87.1, 95.5, 97.4, 100.2, 101.2, 103.1, 125.6, 185.4]","['NEAR', 'INSIDE', 'INSIDE', 'INSIDE', 'INSIDE', 'INSIDE', 'NEAR', 'INSIDE', 'OUTSIDE', 'INSIDE', 'INSIDE', 'OUTSIDE', 'INSIDE', 'OUTSIDE', 'INSIDE']","[[0.37, 0.85, 0.72], [0.84, 1.09, 0.69], [0.74, 1.61, 0.06], [0.2, 1.03, 0.01], [1.03, 1.49, 0.1], [1.18, 1.63, 0.09], [1.13, 0.94, 0.58], [5.79, 3.08, 2.79], [1.28, 2.08, 1.26], [2.97, 3.15, 2.59], [0.96, 1.56, 2.41], [6.51, 1.55, 1.33], [1.51, 1.64, 1.79], [0.78, 0.79, 0.56], [2.99, 2.47, 3.77]]","[174, 255, 288, 287, 256, 281, 191, 155, 273, 272, 265, 245, 282, 266, 286]",50.3
593,1790252296462455565,307236,102298,25,19,182.1,"[27.0, 28.5, 28.6, 31.1, 33.0, 33.5, 37.4, 42.5, 82.6, 83.2, 87.8, 93.5, 97.0, 101.1, 102.0, 108.6, 125.9, 154.6, 182.1]","['NEAR', 'NEAR', 'INSIDE', 'INSIDE', 'INSIDE', 'INSIDE', 'NEAR', 'INSIDE', 'OUTSIDE', 'OUTSIDE', 'INSIDE', 'OUTSIDE', 'INSIDE', 'INSIDE', 'OUTSIDE', 'RAIL', 'INSIDE', 'INSIDE', 'INSIDE']","[[1.36, 1.32, 1.3], [0.88, 1.14, 0.98], [1.21, 1.75, 0.12], [1.03, 1.4, 0.09], [1.01, 1.19, 0.07], [0.24, 1.4, 0.02], [0.78, 1.41, 0.87], [1.01, 1.04, 0.08], [1.39, 0.69, 2.36], [2.04, 0.31, 1.67], [8.46, 4.77, 2.93], [0.92, 1.97, 1.27], [5.32, 4.93, 2.81], [1.08, 2.58, 1.14], [0.83, 0.53, 0.62], [0.32, 0.25, 0.16], [4.37, 3.96, 1.05], [1.62, 4.14, 1.68], [5.79, 4.21, 3.75]]","[174, 255, 129, 288, 287, 256, 191, 281, 155, 156, 248, 218, 272, 265, 245, 276, 266, 284, 286]",57.9
594,1790252296539106341,307226,103946,20,16,181.5,"[27.8, 30.0, 31.1, 32.8, 32.9, 33.4, 37.5, 42.0, 48.6, 91.4, 96.1, 106.5, 121.5, 126.6, 176.2, 181.5]","['RAIL', 'NEAR', 'INSIDE', 'INSIDE', 'INSIDE', 'INSIDE', 'NEAR', 'NEAR', 'OUTSIDE', 'OUTSIDE', 'INSIDE', 'RAIL', 'OUTSIDE', 'INSIDE', 'OUTSIDE', 'INSIDE']","[[0.79, 0.28, 0.85], [1.01, 0.97, 0.64], [0.6, 1.49, 0.05], [0.12, 0.88, 0.01], [2.01, 2.87, 0.87], [1.0, 1.18, 0.08], [1.61, 1.26, 1.11], [0.46, 0.81, 0.54], [0.42, 1.0, 0.88], [1.06, 1.92, 1.23], [7.06, 4.86, 2.61], [0.44, 0.37, 0.16], [0.79, 0.76, 0.76], [3.02, 4.64, 1.46], [2.06, 0.26, 2.29], [3.0, 2.72, 3.7]]","[234, 271, 288, 287, 256, 281, 129, 191, 228, 218, 272, 276, 269, 266, 292, 286]",54.0
595,1790252296647089871,307230,102194,18,14,178.4,"[29.2, 29.6, 33.1, 33.4, 35.1, 37.3, 41.0, 85.4, 90.3, 93.3, 97.2, 104.5, 126.5, 178.4]","['ABOVE', 'OUTSIDE', 'OUTSIDE', 'INSIDE', 'INSIDE', 'INSIDE', 'INSIDE', 'INSIDE', 'OUTSIDE', 'OUTSIDE', 'INSIDE', 'OUTSIDE', 'RAIL', 'INSIDE']","[[0.34, 1.4, 0.39], [0.99, 0.73, 0.73], [0.34, 0.61, 0.62], [0.26, 1.26, 0.02], [0.84, 1.42, 0.06], [1.04, 0.44, 0.08], [1.27, 1.74, 0.12], [0.79, 1.04, 0.06], [1.09, 0.77, 0.62], [1.23, 0.69, 0.79], [8.69, 4.27, 2.47], [0.86, 0.33, 0.84], [0.35, 0.3, 0.16], [10.95, 3.14, 2.35]]","[286, 174, 271, 288, 287, 228, 256, 281, 155, 218, 241, 272, 276, 266]",51.7
596,1790252296749209189,307233,103065,20,16,172.7,"[27.7, 28.0, 28.1, 28.6, 29.1, 29.8, 30.4, 34.3, 38.0, 42.1, 42.2, 49.4, 86.7, 102.1, 103.0, 172.7]","['RAIL', 'NEAR', 'NEAR', 'OUTSIDE', 'RAIL', 'INSIDE', 'INSIDE', 'INSIDE', 'INSIDE', 'INSIDE', 'OUTSIDE', 'NEAR', 'OUTSIDE', 'RAIL', 'INSIDE', 'OUTSIDE']","[[0.42, 0.27, 0.86], [0.95, 1.31, 1.31], [0.54, 0.86, 0.71], [0.32, 0.81, 0.79], [0.59, 0.16, 0.74], [0.4, 1.66, 0.04], [1.41, 1.19, 0.12], [0.18, 1.03, 0.01], [1.08, 2.38, 0.61], [0.12, 1.06, 0.01], [1.74, 1.5, 1.4], [0.41, 0.86, 0.52], [1.24, 0.31, 0.57], [1.29, 0.46, 0.15], [1.89, 2.49, 1.39], [0.97, 0.19, 1.45]]","[234, 174, 255, 279, 287, 256, 288, 285, 191, 281, 129, 228, 248, 282, 265, 292]",45.7
597,1790252296839364166,307224,100579,21,17,173.6,"[27.4, 27.6, 29.0, 30.0, 31.3, 34.4, 37.4, 37.5, 48.0, 48.2, 49.5, 85.4, 89.2, 93.1, 100.7, 101.9, 173.6]","['RAIL', 'RAIL', 'OUTSIDE', 'OUTSIDE', 'INSIDE', 'INSIDE', 'INSIDE', 'INSIDE', 'INSIDE', 'OUTSIDE', 'OUTSIDE', 'NEAR', 'OUTSIDE', 'INSIDE', 'RAIL', 'INSIDE', 'INSIDE']","[[0.61, 0.19, 0.97], [0.65, 0.13, 0.53], [1.15, 1.02, 1.02], [0.96, 0.79, 0.8], [1.24, 1.72, 0.13], [0.8, 1.42, 0.07], [0.61, 0.87, 0.06], [1.02, 1.17, 0.08], [0.32, 0.84, 0.02], [1.15, 0.71, 0.4], [0.67, 1.15, 0.98], [1.07, 1.32, 0.41], [0.9, 0.26, 1.22], [10.53, 4.97, 2.95], [0.34, 0.54, 0.65], [0.17, 1.83, 0.44], [6.71, 4.25, 3.98]]","[234, 294, 255, 279, 256, 288, 191, 281, 285, 271, 228, 155, 241, 218, 282, 245, 292]",62.0
598,1790252296935028848,307250,101234,19,15,171.1,"[28.2, 29.0, 31.0, 32.1, 32.9, 33.8, 36.5, 46.9, 49.0, 83.5, 87.3, 98.5, 98.9, 103.6, 171.1]","['RAIL', 'NEAR', 'INSIDE', 'INSIDE', 'INSIDE', 'NEAR', 'INSIDE', 'INSIDE', 'OUTSIDE', 'OUTSIDE', 'INSIDE', 'RAIL', 'INSIDE', 'OUTSIDE', 'INSIDE']","[[0.24, 0.2, 0.54], [2.04, 1.45, 1.14], [0.62, 1.46, 0.29], [0.38, 1.18, 0.03], [0.59, 1.4, 0.05], [0.67, 1.3, 0.86], [1.06, 1.39, 0.08], [0.29, 0.98, 0.02], [0.38, 1.2, 1.09], [2.73, 1.93, 1.16], [10.72, 5.0, 2.96], [0.48, 0.39, 0.15], [1.98, 0.7, 0.05], [1.36, 0.76, 0.68], [7.78, 4.28, 3.94]]","[285, 174, 256, 288, 191, 228, 281, 294, 279, 155, 218, 272, 245, 265, 292]",60.0
599,1790252297030895246,307243,101185,17,16,169.6,"[28.8, 29.0, 31.1, 31.4, 33.4, 33.9, 37.5, 42.0, 47.1, 49.2, 80.9, 85.1, 96.2, 97.0, 132.0, 169.6]","['RAIL', 'NEAR', 'NEAR', 'INSIDE', 'INSIDE', 'INSIDE', 'INSIDE', 'INSIDE', 'INSIDE', 'NEAR', 'OUTSIDE', 'INSIDE', 'RAIL', 'NEAR', 'INSIDE', 'INSIDE']","[[0.46, 0.14, 0.67], [1.11, 1.08, 1.04], [0.57, 1.04, 0.98], [0.47, 1.3, 0.05], [0.1, 1.18, 0.01], [0.75, 1.31, 0.05], [0.7, 1.51, 0.07], [0.96, 1.05, 0.07], [0.33, 1.15, 0.02], [1.04, 0.76, 0.36], [4.01, 1.98, 1.35], [10.33, 4.92, 3.06], [1.07, 0.5, 0.15], [2.22, 1.17, 2.09], [0.33, 3.69, 0.59], [6.78, 4.34, 3.89]]","[285, 191, 174, 256, 288, 287, 279, 281, 294, 228, 155, 218, 272, 245, 270, 292]",63.5
600,1790252297141683079,307227,101223,22,18,158.9,"[27.0, 27.6, 28.3, 28.8, 30.1, 30.5, 34.1, 38.2, 42.2, 47.2, 92.2, 93.6, 95.9, 99.0, 101.4, 121.7, 132.1, 158.9]","['NEAR', 'NEAR', 'INSIDE', 'INSIDE', 'INSIDE', 'INSIDE', 'INSIDE', 'OUTSIDE', 'INSIDE', 'INSIDE', 'OUTSIDE', 'OUTSIDE', 'INSIDE', 'NEAR', 'OUTSIDE', 'INSIDE', 'INSIDE', 'INSIDE']","[[0.33, 0.95, 0.77], [0.79, 1.28, 1.02], [1.73, 2.55, 0.88], [0.23, 1.31, 0.03], [0.61, 1.32, 0.04], [0.22, 1.07, 0.02], [1.81, 2.59, 0.65], [1.66, 1.63, 1.56], [0.45, 1.19, 0.03], [0.6, 0.82, 0.04], [1.37, 0.93, 0.44], [2.68, 0.7, 0.8], [3.97, 2.85, 0.97], [1.76, 0.84, 1.11], [5.05, 1.11, 0.95], [3.05, 2.99, 1.1], [4.52, 3.9, 0.94], [0.27, 3.5, 1.72]]","[174, 191, 256, 255, 287, 288, 279, 129, 281, 294, 273, 241, 245, 282, 265, 269, 270, 284]",60.1
601,1790252297244529166,307234,101258,19,14,156.9,"[28.9, 30.3, 30.3, 30.8, 32.1, 33.5, 33.6, 37.4, 41.2, 81.6, 98.4, 105.1, 128.0, 156.9]","['NEAR', 'NEAR', 'INSIDE', 'NEAR', 'INSIDE', 'INSIDE', 'INSIDE', 'INSIDE', 'OUTSIDE', 'INSIDE', 'INSIDE', 'INSIDE', 'INSIDE', 'INSIDE']","[[0.36, 1.14, 1.07], [1.03, 1.22, 1.03], [0.49, 1.05, 0.58], [0.58, 0.88, 0.62], [0.97, 1.05, 0.08], [0.52, 1.29, 0.04], [1.26, 1.78, 0.12], [0.99, 1.42, 0.08], [0.76, 0.77, 0.57], [11.23, 4.95, 2.88], [3.09, 3.5, 0.9], [1.68, 1.58, 2.53], [0.27, 3.8, 0.58], [0.22, 3.74, 1.73]]","[191, 174, 279, 288, 228, 287, 256, 281, 129, 155, 282, 276, 266, 284]",59.7
602,1790252297346252364,307249,101326,20,14,154.9,"[30.7, 34.2, 37.4, 41.1, 46.6, 48.3, 49.2, 88.6, 93.9, 94.6, 95.6, 100.9, 128.1, 154.9]","['RAIL', 'RAIL', 'INSIDE', 'INSIDE', 'INSIDE', 'INSIDE', 'INSIDE', 'INSIDE', 'OUTSIDE', 'OUTSIDE', 'INSIDE', 'INSIDE', 'INSIDE', 'INSIDE']","[[0.27, 0.26, 0.66], [0.41, 0.2, 0.77], [0.97, 1.42, 0.07], [0.53, 1.19, 0.05], [0.66, 2.33, 0.54], [1.12, 1.17, 0.09], [0.56, 0.98, 0.03], [7.11, 3.16, 1.56], [2.32, 0.16, 1.09], [1.32, 0.59, 0.6], [3.12, 2.47, 0.9], [1.99, 2.14, 0.26], [4.48, 3.78, 0.92], [0.23, 3.69, 1.7]]","[234, 294, 287, 228, 256, 281, 285, 248, 241, 245, 272, 265, 266, 284]",48.3
603,1790252297435293190,307230,101412,21,19,152.9,"[27.9, 28.7, 31.0, 31.4, 34.4, 37.9, 47.4, 48.1, 49.4, 81.7, 86.6, 86.7, 92.2, 93.5, 94.4, 97.9, 123.9, 134.2, 152.9]","['RAIL', 'RAIL', 'INSIDE', 'INSIDE', 'INSIDE', 'NEAR', 'INSIDE', 'INSIDE', 'OUTSIDE', 'OUTSIDE', 'OUTSIDE', 'INSIDE', 'INSIDE', 'OUTSIDE', 'NEAR', 'INSIDE', 'INSIDE', 'NEAR', 'INSIDE']","[[1.07, 0.2, 0.65], [0.46, 0.17, 0.85], [1.07, 1.66, 0.09], [0.64, 1.21, 0.24], [1.2, 1.31, 0.11], [0.8, 1.06, 0.52], [0.19, 1.06, 0.01], [1.04, 1.16, 0.06], [0.77, 0.95, 0.52], [2.84, 0.23, 1.43], [4.71, 0.78, 1.55], [7.29, 2.87, 1.16], [1.22, 1.08, 0.17], [1.22, 1.13, 0.86], [0.99, 0.47, 0.43], [2.05, 1.99, 0.27], [0.3, 3.68, 0.01], [2.29, 0.62, 1.19], [0.33, 4.4, 1.66]]","[285, 234, 228, 174, 256, 255, 281, 294, 129, 155, 218, 248, 273, 245, 272, 282, 269, 270, 284]",58.4
604,1790252297542987666,307224,101295,23,19,150.9,"[27.3, 28.4, 30.0, 31.0, 31.9, 32.2, 33.9, 36.2, 41.0, 46.1, 49.7, 84.8, 85.9, 93.3, 98.1, 111.0, 124.0, 134.0, 150.9]","['RAIL', 'OUTSIDE', 'OUTSIDE', 'INSIDE', 'INSIDE', 'INSIDE', 'INSIDE', 'INSIDE', 'INSIDE', 'INSIDE', 'NEAR', 'RAIL', 'INSIDE', 'INSIDE', 'INSIDE', 'OUTSIDE', 'INSIDE', 'OUTSIDE', 'INSIDE']","[[0.52, 0.24, 0.44], [1.37, 1.09, 1.02], [0.64, 0.71, 0.83], [0.88, 1.47, 1.07], [1.3, 1.28, 0.13], [0.25, 1.07, 0.02], [0.28, 1.0, 0.02], [1.58, 1.74, 0.12], [0.65, 1.4, 0.06], [0.46, 1.28, 0.03], [0.49, 0.94, 0.59], [1.74, 0.76, 0.59], [7.42, 4.71, 2.33], [7.17, 4.64, 2.55], [3.69, 3.92, 0.94], [1.91, 0.59, 1.47], [4.58, 3.87, 0.89], [1.27, 0.23, 0.9], [0.37, 4.41, 1.93]]","[285, 174, 279, 191, 255, 228, 287, 281, 256, 294, 129, 218, 248, 273, 282, 276, 269, 270, 284]",57.2
605,1790252297634579662,307229,101285,18,15,146.9,"[28.9, 30.2, 30.2, 30.6, 33.2, 35.1, 35.9, 36.7, 40.8, 46.1, 85.9, 90.2, 93.8, 122.2, 146.9]","['OUTSIDE', 'NEAR', 'INSIDE', 'INSIDE', 'INSIDE', 'INSIDE', 'INSIDE', 'INSIDE', 'OUTSIDE', 'INSIDE', 'INSIDE', 'OUTSIDE', 'INSIDE', 'INSIDE', 'INSIDE']","[[0.7, 0.72, 0.78], [1.36, 0.68, 0.69], [1.44, 1.82, 0.12], [0.2, 1.11, 0.02], [0.76, 1.28, 0.05], [1.34, 1.7, 0.13], [0.55, 1.15, 0.04], [0.57, 1.28, 0.03], [0.59, 0.59, 0.51], [0.81, 0.61, 0.06], [10.01, 4.47, 2.99], [0.78, 0.39, 0.57], [3.93, 3.86, 1.08], [4.34, 2.55, 0.88], [4.1, 3.8, 1.61]]","[191, 288, 228, 255, 287, 256, 281, 294, 129, 271, 248, 245, 273, 269, 290]",59.4
606,1790252297738169339,307210,101198,23,19,180.8,"[26.9, 30.5, 31.0, 31.0, 32.9, 33.3, 37.1, 41.3, 78.9, 81.6, 87.2, 87.9, 92.8, 94.9, 101.4, 107.6, 145.5, 173.4, 180.8]","['NEAR', 'NEAR', 'INSIDE', 'INSIDE', 'INSIDE', 'INSIDE', 'INSIDE', 'NEAR', 'INSIDE', 'INSIDE', 'OUTSIDE', 'OUTSIDE', 'OUTSIDE', 'INSIDE', 'NEAR', 'OUTSIDE', 'INSIDE', 'RAIL', 'INSIDE']","[[0.75, 0.78, 0.59], [0.77, 0.74, 0.84], [0.25, 1.22, 0.03], [1.35, 1.83, 0.12], [0.98, 1.43, 0.07], [0.33, 1.29, 0.03], [0.48, 1.29, 0.04], [1.32, 1.16, 0.72], [3.98, 2.43, 0.69], [6.64, 4.42, 3.01], [2.38, 0.58, 2.32], [2.05, 1.26, 0.98], [3.92, 1.09, 0.64], [1.95, 2.08, 0.26], [2.49, 0.88, 1.13], [0.99, 0.24, 0.94], [3.27, 4.23, 1.59], [0.19, 0.09, 0.26], [0.37, 3.54, 1.23]]","[191, 279, 255, 228, 287, 256, 281, 129, 155, 248, 218, 245, 273, 272, 265, 276, 290, 292, 298]",53.3
607,1790252297837590004,307218,101297,21,18,178.4,"[26.8, 27.0, 29.0, 29.2, 30.3, 31.9, 33.2, 36.7, 37.2, 40.9, 46.7, 47.8, 92.7, 98.1, 105.3, 121.7, 143.4, 178.4]","['RAIL', 'NEAR', 'NEAR', 'OUTSIDE', 'INSIDE', 'INSIDE', 'INSIDE', 'INSIDE', 'OUTSIDE', 'INSIDE', 'NEAR', 'OUTSIDE', 'OUTSIDE', 'OUTSIDE', 'INSIDE', 'INSIDE', 'INSIDE', 'INSIDE']","[[1.9, 0.73, 0.62], [0.63, 1.3, 1.18], [0.3, 1.1, 1.02], [0.39, 0.72, 0.82], [1.44, 2.26, 0.39], [0.19, 1.28, 0.01], [1.25, 1.57, 0.12], [0.64, 1.28, 0.05], [1.34, 0.71, 0.39], [0.68, 1.14, 0.04], [0.34, 1.0, 0.71], [0.65, 1.06, 0.97], [2.41, 0.41, 1.19], [1.96, 0.23, 1.34], [0.97, 2.12, 0.94], [2.63, 2.57, 1.28], [3.26, 4.23, 1.86], [1.2, 4.04, 2.32]]","[234, 174, 191, 279, 228, 287, 256, 281, 271, 294, 255, 129, 241, 282, 276, 269, 290, 298]",54.7
608,1790252297942764258,307206,101188,18,15,176.4,"[24.0, 26.8, 27.9, 33.3, 36.9, 40.5, 46.5, 48.1, 49.7, 95.0, 98.6, 102.0, 142.8, 151.5, 176.4]","['RAIL', 'RAIL', 'RAIL', 'OUTSIDE', 'INSIDE', 'INSIDE', 'NEAR', 'INSIDE', 'OUTSIDE', 'INSIDE', 'OUTSIDE', 'INSIDE', 'INSIDE', 'INSIDE', 'INSIDE']","[[0.81, 0.19, 0.95], [0.58, 0.45, 0.45], [1.39, 0.69, 0.6], [0.82, 0.66, 1.15], [1.12, 1.6, 0.1], [1.24, 1.54, 0.09], [0.67, 1.31, 0.84], [0.14, 1.16, 0.01], [1.94, 1.35, 1.11], [3.88, 4.27, 2.34], [1.04, 0.41, 1.08], [1.69, 1.5, 1.57], [0.24, 3.71, 1.83], [6.79, 4.73, 3.79], [1.25, 4.06, 2.29]]","[294, 285, 234, 174, 228, 287, 255, 281, 129, 272, 282, 265, 290, 284, 298]",49.7
609,1790252298039934564,307200,101123,18,16,174.4,"[28.8, 30.0, 30.8, 32.9, 33.3, 36.9, 41.4, 44.0, 47.5, 88.2, 91.8, 100.4, 123.6, 141.2, 149.0, 174.4]","['RAIL', 'RAIL', 'NEAR', 'NEAR', 'OUTSIDE', 'INSIDE', 'INSIDE', 'INSIDE', 'INSIDE', 'OUTSIDE', 'INSIDE', 'INSIDE', 'INSIDE', 'INSIDE', 'INSIDE', 'INSIDE']","[[0.87, 0.17, 0.61], [2.52, 0.71, 0.57], [0.99, 1.19, 1.05], [0.31, 0.83, 0.78], [0.7, 0.8, 0.9], [1.07, 1.51, 0.09], [1.19, 1.01, 0.08], [0.32, 1.29, 0.03], [0.32, 1.41, 0.02], [1.53, 0.18, 0.54], [6.07, 4.36, 2.45], [1.15, 0.53, 0.03], [5.28, 4.84, 2.71], [1.18, 4.77, 3.09], [7.84, 4.83, 3.73], [1.26, 4.13, 2.27]]","[294, 234, 191, 279, 228, 288, 287, 256, 281, 218, 283, 265, 269, 290, 284, 298]",40.3
610,1790252298155212161,307194,100991,19,16,172.3,"[28.1, 28.8, 29.0, 30.2, 32.0, 33.1, 36.1, 49.2, 93.7, 94.8, 96.6, 97.9, 122.6, 137.2, 147.5, 172.3]","['RAIL', 'NEAR', 'NEAR', 'OUTSIDE', 'INSIDE', 'INSIDE', 'INSIDE', 'NEAR', 'INSIDE', 'OUTSIDE', 'OUTSIDE', 'INSIDE', 'OUTSIDE', 'OUTSIDE', 'INSIDE', 'INSIDE']","[[0.48, 0.21, 0.86], [0.44, 0.94, 0.74], [0.2, 1.2, 1.01], [0.83, 0.74, 0.8], [0.73, 1.6, 0.06], [1.3, 1.86, 0.12], [1.41, 1.26, 0.11], [0.53, 0.86, 0.5], [1.69, 1.33, 1.03], [1.89, 1.42, 0.93], [1.02, 0.21, 0.85], [1.98, 0.49, 0.25], [3.21, 0.68, 2.16], [2.98, 0.3, 0.88], [6.74, 4.73, 3.54], [1.2, 3.97, 2.24]]","[294, 191, 279, 228, 288, 256, 281, 129, 241, 273, 282, 265, 269, 290, 284, 298]",39.6
611,1790252298237208465,307214,101116,21,18,170.3,"[27.1, 28.9, 29.7, 30.1, 32.1, 33.0, 36.9, 37.1, 40.8, 49.4, 73.9, 80.5, 94.3, 95.4, 121.3, 135.3, 145.5, 170.3]","['RAIL', 'NEAR', 'OUTSIDE', 'NEAR', 'OUTSIDE', 'INSIDE', 'INSIDE', 'INSIDE', 'INSIDE', 'OUTSIDE', 'OUTSIDE', 'OUTSIDE', 'OUTSIDE', 'INSIDE', 'INSIDE', 'INSIDE', 'INSIDE', 'INSIDE']","[[0.66, 0.23, 0.86], [1.47, 1.48, 1.19], [0.26, 0.69, 0.76], [0.3, 0.68, 0.51], [0.68, 0.71, 0.83], [0.42, 1.6, 0.04], [0.16, 1.14, 0.01], [1.39, 1.86, 0.13], [0.28, 1.03, 0.02], [0.76, 1.0, 0.68], [1.01, 0.89, 0.48], [1.06, 0.2, 1.04], [1.14, 0.92, 0.47], [2.98, 0.91, 0.25], [1.51, 4.46, 1.57], [2.97, 3.77, 2.12], [6.65, 4.74, 3.64], [1.24, 3.86, 2.22]]","[294, 174, 279, 191, 228, 288, 287, 256, 281, 271, 155, 248, 273, 272, 269, 290, 284, 298]",41.4
612,1790252298340786916,307164,101060,25,19,167.9,"[27.7, 29.2, 30.6, 30.7, 32.5, 33.0, 33.8, 37.3, 40.4, 42.7, 51.9, 83.4, 91.9, 93.9, 106.3, 117.0, 135.2, 143.5, 167.9]","['RAIL', 'NEAR', 'NEAR', 'NEAR', 'INSIDE', 'INSIDE', 'INSIDE', 'INSIDE', 'INSIDE', 'NEAR', 'INSIDE', 'OUTSIDE', 'OUTSIDE', 'INSIDE', 'INSIDE', 'RAIL', 'INSIDE', 'INSIDE', 'INSIDE']","[[0.88, 0.2, 0.47], [0.26, 0.84, 0.71], [1.93, 1.17, 1.29], [0.6, 0.66, 0.55], [1.42, 2.03, 0.12], [1.44, 1.68, 0.1], [0.28, 1.06, 0.02], [0.28, 1.29, 0.03], [1.01, 1.17, 0.08], [0.41, 0.63, 0.26], [2.01, 1.96, 0.1], [1.21, 0.06, 0.72], [3.84, 1.4, 1.15], [4.19, 2.67, 1.67], [0.94, 0.92, 0.03], [0.05, 0.27, 0.18], [1.18, 4.7, 2.96], [6.78, 4.66, 3.59], [2.11, 3.73, 1.88]]","[287, 174, 279, 228, 288, 281, 256, 191, 271, 129, 285, 248, 283, 241, 276, 269, 290, 284, 298]",41.8
613,1790252298439594092,307203,101056,23,16,166.7,"[30.0, 30.4, 30.8, 31.9, 33.3, 36.9, 40.8, 85.5, 90.7, 91.8, 92.4, 109.8, 115.0, 132.7, 142.4, 166.7]","['NEAR', 'NEAR', 'NEAR', 'INSIDE', 'INSIDE', 'INSIDE', 'INSIDE', 'OUTSIDE', 'OUTSIDE', 'INSIDE', 'OUTSIDE', 'OUTSIDE', 'RAIL', 'INSIDE', 'INSIDE', 'INSIDE']","[[0.34, 0.83, 0.77], [0.3, 0.8, 0.54], [0.56, 0.62, 0.57], [1.07, 1.5, 0.09], [0.47, 1.13, 0.03], [1.14, 1.48, 0.26], [0.26, 1.28, 0.02], [2.94, 0.37, 1.34], [1.99, 0.94, 0.61], [3.96, 1.71, 0.28], [4.98, 0.92, 1.67], [1.92, 0.81, 1.18], [0.05, 0.27, 0.17], [0.24, 3.74, 1.8], [8.72, 4.59, 3.85], [0.4, 3.85, 1.45]]","[279, 191, 228, 256, 281, 129, 271, 248, 283, 241, 272, 276, 269, 290, 284, 298]",41.8
614,1790252298539695626,307129,100974,22,17,139.8,"[27.0, 27.8, 30.2, 30.9, 32.4, 33.2, 36.1, 40.2, 71.3, 82.1, 88.7, 88.9, 96.7, 108.2, 112.9, 130.3, 139.8]","['NEAR', 'OUTSIDE', 'INSIDE', 'INSIDE', 'INSIDE', 'INSIDE', 'INSIDE', 'INSIDE', 'NEAR', 'INSIDE', 'OUTSIDE', 'INSIDE', 'OUTSIDE', 'OUTSIDE', 'RAIL', 'INSIDE', 'INSIDE']","[[0.24, 0.92, 0.74], [0.35, 0.67, 0.81], [0.46, 1.17, 0.71], [1.12, 1.39, 0.1], [0.95, 1.12, 0.07], [1.26, 1.58, 0.12], [1.29, 1.74, 0.1], [1.3, 0.41, 0.33], [2.88, 1.19, 2.71], [7.28, 2.34, 2.44], [2.05, 0.95, 0.61], [5.78, 2.61, 2.13], [1.38, 0.21, 1.68], [1.05, 0.82, 1.66], [0.05, 0.39, 0.17], [1.03, 4.01, 2.3], [10.18, 4.71, 3.79]]","[174, 191, 279, 256, 281, 129, 271, 288, 155, 248, 245, 218, 282, 276, 269, 290, 284]",41.2
615,1790252298652156359,307159,100975,17,13,136.7,"[26.8, 28.1, 29.8, 30.2, 33.1, 36.2, 40.2, 85.2, 88.8, 90.7, 98.8, 128.8, 136.7]","['NEAR', 'OUTSIDE', 'INSIDE', 'INSIDE', 'INSIDE', 'INSIDE', 'INSIDE', 'OUTSIDE', 'INSIDE', 'OUTSIDE', 'INSIDE', 'INSIDE', 'INSIDE']","[[0.9, 1.31, 1.0], [0.6, 0.71, 0.77], [0.7, 0.98, 0.07], [1.03, 1.71, 0.09], [1.02, 1.27, 0.07], [1.13, 1.26, 0.09], [1.29, 1.56, 0.12], [5.05, 1.48, 1.75], [2.07, 0.62, 0.16], [0.08, 0.25, 0.24], [1.95, 2.1, 0.48], [0.37, 4.36, 2.29], [8.19, 4.67, 3.74]]","[279, 191, 174, 256, 281, 271, 129, 245, 218, 283, 265, 290, 284]",43.5
616,1790252298740367443,307141,101095,21,17,134.9,"[26.8, 28.0, 30.1, 31.7, 32.3, 32.4, 36.2, 40.0, 88.3, 88.5, 89.8, 93.7, 94.2, 97.2, 108.7, 126.8, 134.9]","['OUTSIDE', 'INSIDE', 'INSIDE', 'INSIDE', 'INSIDE', 'INSIDE', 'NEAR', 'OUTSIDE', 'OUTSIDE', 'NEAR', 'INSIDE', 'OUTSIDE', 'OUTSIDE', 'INSIDE', 'INSIDE', 'INSIDE', 'INSIDE']","[[0.57, 0.69, 0.84], [1.38, 1.8, 0.12], [1.4, 1.73, 0.14], [0.66, 1.52, 0.04], [1.33, 1.95, 0.13], [1.01, 1.62, 0.08], [1.17, 0.89, 0.5], [0.37, 0.99, 0.7], [0.48, 0.22, 0.59], [0.15, 1.15, 0.19], [5.01, 2.79, 2.89], [1.91, 0.99, 1.25], [1.4, 0.16, 0.61], [3.09, 2.21, 0.69], [1.88, 2.31, 1.04], [0.39, 4.3, 1.97], [7.86, 4.9, 3.68]]","[228, 256, 174, 281, 129, 271, 288, 255, 283, 218, 241, 273, 272, 265, 276, 297, 284]",54.1
617,1790252298842494397,307109,101509,22,17,170.3,"[27.9, 30.7, 32.2, 32.9, 35.7, 39.3, 51.3, 83.2, 83.9, 85.3, 86.4, 90.4, 92.7, 95.8, 106.6, 130.7, 170.3]","['INSIDE', 'INSIDE', 'INSIDE', 'INSIDE', 'INSIDE', 'OUTSIDE', 'OUTSIDE', 'OUTSIDE', 'OUTSIDE', 'INSIDE', 'OUTSIDE', 'OUTSIDE', 'OUTSIDE', 'INSIDE', 'RAIL', 'INSIDE', 'RAIL']","[[3.03, 1.64, 1.27], [0.54, 2.99, 1.24], [0.41, 1.26, 0.03], [1.61, 1.63, 0.11], [2.0, 1.36, 0.16], [1.07, 0.62, 0.35], [2.35, 1.55, 1.28], [0.96, 1.47, 1.3], [2.15, 0.37, 1.81], [1.04, 1.35, 0.22], [1.01, 0.17, 1.65], [2.93, 0.25, 1.42], [1.88, 0.4, 0.83], [5.95, 2.42, 0.73], [0.66, 0.36, 0.16], [12.22, 4.93, 3.63], [0.74, 0.69, 0.26]]","[191, 174, 256, 281, 271, 288, 285, 245, 248, 241, 283, 272, 273, 265, 276, 290, 298]",46.4
618,1790252298940958309,307169,102033,21,15,152.9,"[29.6, 31.8, 32.9, 35.8, 55.9, 82.9, 84.5, 84.6, 85.7, 89.2, 92.7, 96.2, 104.8, 128.2, 152.9]","['NEAR', 'INSIDE', 'INSIDE', 'INSIDE', 'RAIL', 'INSIDE', 'OUTSIDE', 'NEAR', 'NEAR', 'OUTSIDE', 'INSIDE', 'NEAR', 'RAIL', 'INSIDE', 'INSIDE']","[[0.56, 0.63, 0.55], [2.12, 2.45, 0.43], [0.46, 0.92, 0.04], [1.13, 1.73, 0.09], [1.26, 0.14, 0.72], [0.51, 1.01, 0.02], [0.23, 0.3, 0.34], [0.21, 1.18, 0.19], [6.93, 1.5, 3.0], [0.96, 1.06, 0.6], [3.97, 2.74, 1.35], [1.02, 1.07, 0.2], [0.15, 0.36, 0.46], [13.17, 4.86, 3.78], [7.94, 3.91, 3.65]]","[228, 129, 256, 271, 285, 245, 241, 283, 248, 218, 265, 273, 276, 297, 299]",46.5
619,1790252299044521290,307121,96166,29,21,147.4,"[26.3, 27.2, 27.3, 29.9, 29.9, 31.9, 32.2, 33.7, 35.2, 41.7, 53.8, 73.7, 80.9, 87.2, 87.6, 90.7, 93.7, 96.9, 102.7, 129.6, 147.4]","['NEAR', 'OUTSIDE', 'NEAR', 'NEAR', 'INSIDE', 'INSIDE', 'INSIDE', 'INSIDE', 'INSIDE', 'NEAR', 'RAIL', 'NEAR', 'INSIDE', 'OUTSIDE', 'OUTSIDE', 'INSIDE', 'OUTSIDE', 'OUTSIDE', 'RAIL', 'INSIDE', 'RAIL']","[[1.59, 1.49, 1.39], [0.96, 0.75, 0.78], [0.62, 0.86, 0.56], [0.5, 0.89, 0.59], [1.2, 1.57, 0.1], [1.15, 1.69, 0.12], [0.62, 1.3, 0.04], [0.41, 1.45, 0.04], [1.24, 1.7, 0.1], [1.45, 0.86, 0.54], [1.36, 0.16, 0.7], [4.06, 1.35, 1.86], [10.62, 3.33, 3.07], [3.04, 1.57, 1.36], [0.65, 0.24, 0.94], [3.97, 2.73, 0.85], [2.0, 0.5, 1.44], [1.82, 0.27, 1.54], [0.36, 0.35, 0.15], [9.89, 4.82, 3.83], [0.61, 0.34, 0.64]]","[279, 228, 191, 256, 288, 174, 281, 129, 271, 255, 285, 155, 245, 283, 272, 265, 273, 282, 276, 290, 299]",44.5
620,1790252299141959817,307116,100842,31,18,127.8,"[25.7, 28.9, 29.8, 32.2, 35.9, 42.5, 49.0, 52.4, 81.1, 82.9, 86.7, 88.3, 89.2, 92.2, 94.7, 95.4, 100.9, 127.8]","['ABOVE', 'RAIL', 'OUTSIDE', 'INSIDE', 'INSIDE', 'INSIDE', 'INSIDE', 'OUTSIDE', 'RAIL', 'OUTSIDE', 'INSIDE', 'OUTSIDE', 'OUTSIDE', 'INSIDE', 'INSIDE', 'OUTSIDE', 'INSIDE', 'RAIL']","[[0.35, 1.7, 0.35], [0.54, 0.24, 1.07], [1.13, 0.66, 0.76], [0.33, 1.34, 0.04], [1.03, 1.46, 0.09], [0.53, 1.45, 0.05], [0.59, 1.37, 0.05], [0.39, 0.64, 0.39], [4.34, 0.37, 0.93], [1.27, 1.19, 1.79], [2.05, 1.72, 2.94], [4.05, 0.24, 1.87], [1.03, 0.92, 0.57], [3.13, 2.24, 3.08], [1.12, 1.9, 0.24], [1.07, 0.08, 0.91], [2.02, 1.98, 0.91], [0.05, 0.36, 0.44]]","[297, 294, 191, 174, 288, 129, 271, 281, 285, 245, 248, 283, 218, 272, 265, 282, 273, 276]",46.1
621,1790252299234069956,307113,100804,25,17,146.9,"[27.5, 28.8, 29.3, 32.6, 37.5, 41.5, 51.3, 81.1, 82.6, 86.1, 90.5, 95.4, 98.8, 124.4, 125.8, 139.6, 146.9]","['ABOVE', 'INSIDE', 'INSIDE', 'INSIDE', 'INSIDE', 'INSIDE', 'OUTSIDE', 'RAIL', 'OUTSIDE', 'OUTSIDE', 'INSIDE', 'OUTSIDE', 'OUTSIDE', 'RAIL', 'INSIDE', 'INSIDE', 'INSIDE']","[[0.4, 1.67, 0.35], [0.48, 1.35, 0.05], [0.11, 1.25, 0.01], [0.33, 1.31, 0.02], [1.3, 1.73, 0.12], [0.48, 1.18, 0.04], [0.49, 1.46, 1.25], [2.5, 0.36, 0.89], [1.06, 0.15, 1.25], [1.96, 0.79, 0.4], [4.97, 2.38, 0.78], [2.72, 0.17, 0.77], [3.08, 0.3, 1.68], [0.11, 0.69, 0.43], [8.73, 5.07, 3.98], [2.76, 3.04, 3.63], [7.94, 3.98, 3.51]]","[297, 255, 288, 281, 129, 271, 191, 285, 245, 241, 272, 265, 282, 276, 290, 284, 299]",43.7
622,1790252299332006507,307174,100752,32,21,148.9,"[25.7, 27.5, 28.6, 29.8, 33.8, 38.5, 38.6, 41.3, 49.9, 82.9, 85.6, 86.7, 89.3, 91.0, 91.6, 91.8, 96.2, 114.6, 125.1, 141.4, 148.9]","['RAIL', 'OUTSIDE', 'INSIDE', 'INSIDE', 'INSIDE', 'OUTSIDE', 'INSIDE', 'OUTSIDE', 'OUTSIDE', 'OUTSIDE', 'INSIDE', 'INSIDE', 'OUTSIDE', 'INSIDE', 'OUTSIDE', 'OUTSIDE', 'NEAR', 'OUTSIDE', 'INSIDE', 'OUTSIDE', 'INSIDE']","[[0.12, 0.51, 0.55], [0.64, 0.75, 0.79], [0.36, 1.43, 0.04], [0.13, 1.15, 0.01], [0.47, 1.06, 0.04], [2.03, 1.61, 1.42], [0.85, 1.07, 0.07], [0.6, 0.96, 0.65], [0.99, 0.92, 0.83], [6.58, 0.99, 2.94], [4.08, 2.02, 0.66], [4.1, 1.06, 0.59], [0.85, 0.29, 1.22], [0.05, 1.35, 0.41], [2.88, 0.96, 2.81], [2.0, 0.2, 0.64], [1.13, 1.02, 0.45], [0.05, 0.4, 0.22], [10.17, 5.01, 3.92], [1.02, 0.33, 0.91], [2.88, 4.18, 3.24]]","[294, 129, 174, 281, 288, 191, 271, 256, 255, 241, 272, 248, 265, 273, 218, 282, 276, 269, 290, 284, 299]",42.9
623,1790252299434688592,307126,100808,22,14,146.6,"[29.6, 33.2, 33.5, 38.5, 40.4, 77.6, 82.4, 83.5, 86.6, 88.7, 89.5, 112.5, 123.5, 146.6]","['INSIDE', 'INSIDE', 'INSIDE', 'INSIDE', 'OUTSIDE', 'OUTSIDE', 'OUTSIDE', 'OUTSIDE', 'INSIDE', 'OUTSIDE', 'OUTSIDE', 'OUTSIDE', 'INSIDE', 'INSIDE']","[[0.27, 0.86, 0.34], [0.6, 1.29, 0.05], [0.25, 1.55, 0.02], [1.31, 0.91, 0.27], [0.57, 0.87, 0.55], [11.98, 2.17, 2.69], [1.04, 0.18, 0.92], [2.04, 0.17, 0.36], [7.8, 4.1, 0.92], [1.8, 0.25, 1.13], [7.89, 1.07, 2.89], [0.06, 0.39, 0.3], [6.62, 4.9, 3.58], [0.41, 3.64, 1.28]]","[271, 288, 281, 228, 255, 245, 248, 283, 241, 218, 265, 269, 290, 299]",48.1
624,1790252299545039613,307121,101095,28,17,170.4,"[27.1, 27.9, 30.7, 34.2, 34.2, 34.6, 41.5, 43.4, 83.2, 87.2, 89.8, 95.8, 110.5, 119.7, 122.6, 140.9, 170.4]","['RAIL', 'NEAR', 'NEAR', 'INSIDE', 'INSIDE', 'INSIDE', 'OUTSIDE', 'NEAR', 'RAIL', 'INSIDE', 'INSIDE', 'OUTSIDE', 'OUTSIDE', 'INSIDE', 'INSIDE', 'INSIDE', 'OUTSIDE']","[[2.57, 0.54, 0.87], [0.63, 1.07, 0.95], [0.62, 1.14, 0.9], [1.07, 1.86, 0.11], [1.25, 1.64, 0.11], [0.5, 1.16, 0.03], [0.9, 1.25, 1.34], [0.66, 0.71, 0.31], [1.17, 0.06, 0.57], [0.99, 0.98, 0.42], [9.84, 2.01, 3.31], [0.64, 0.34, 0.46], [0.06, 0.39, 0.7], [0.47, 2.86, 1.57], [4.58, 4.99, 3.56], [7.75, 4.12, 3.36], [0.11, 0.3, 0.84]]","[281, 129, 288, 174, 228, 271, 255, 256, 248, 272, 265, 276, 269, 290, 297, 284, 298]",48.5
625,1790252299639367851,307133,101643,26,19,168.4,"[26.9, 27.9, 28.0, 29.9, 30.8, 31.1, 34.4, 34.5, 41.4, 78.5, 83.3, 89.6, 93.4, 108.5, 118.6, 122.2, 142.1, 150.1, 168.4]","['OUTSIDE', 'INSIDE', 'INSIDE', 'INSIDE', 'INSIDE', 'OUTSIDE', 'NEAR', 'OUTSIDE', 'OUTSIDE', 'NEAR', 'OUTSIDE', 'INSIDE', 'OUTSIDE', 'OUTSIDE', 'INSIDE', 'OUTSIDE', 'INSIDE', 'OUTSIDE', 'OUTSIDE']","[[0.54, 0.89, 0.94], [0.23, 0.9, 0.6], [1.41, 1.36, 0.24], [0.54, 1.02, 0.04], [1.01, 1.19, 0.1], [1.31, 1.49, 1.43], [0.68, 1.18, 0.79], [0.68, 0.78, 0.81], [0.36, 0.79, 0.58], [5.9, 1.15, 2.8], [5.19, 0.41, 2.4], [3.93, 2.64, 3.41], [1.47, 0.49, 0.64], [0.03, 0.38, 0.88], [2.18, 3.71, 3.2], [3.43, 1.22, 2.77], [1.33, 4.26, 2.49], [5.89, 1.32, 1.78], [0.11, 0.29, 0.83]]","[129, 288, 174, 271, 304, 191, 255, 256, 228, 245, 248, 265, 276, 269, 290, 297, 284, 299, 298]",49.1
626,1790252299749037744,307189,103943,30,20,166.6,"[25.1, 27.8, 28.7, 31.0, 34.3, 37.2, 41.7, 44.6, 47.7, 78.5, 78.8, 84.3, 89.0, 89.0, 91.8, 112.3, 115.7, 118.6, 150.9, 166.6]","['ABOVE', 'RAIL', 'RAIL', 'INSIDE', 'NEAR', 'INSIDE', 'INSIDE', 'OUTSIDE', 'INSIDE', 'INSIDE', 'RAIL', 'NEAR', 'OUTSIDE', 'RAIL', 'OUTSIDE', 'INSIDE', 'RAIL', 'OUTSIDE', 'RAIL', 'OUTSIDE']","[[0.45, 1.82, 0.32], [0.23, 0.25, 0.49], [0.25, 0.09, 0.25], [0.47, 1.28, 0.75], [0.13, 0.61, 0.6], [0.18, 1.2, 0.02], [0.24, 1.02, 0.02], [2.0, 1.53, 1.31], [0.94, 1.3, 0.07], [0.14, 1.16, 0.01], [1.09, 0.18, 1.08], [4.62, 1.04, 1.05], [6.85, 0.34, 2.07], [0.93, 0.64, 0.98], [0.7, 0.48, 0.44], [5.05, 3.11, 3.41], [1.14, 0.26, 0.72], [0.19, 0.26, 1.03], [1.83, 0.62, 0.66], [0.42, 2.01, 0.82]]","[290, 281, 256, 129, 288, 174, 271, 191, 228, 305, 245, 248, 241, 218, 276, 265, 269, 297, 299, 298]",50.4
627,1790252299836123347,307188,100818,27,16,116.6,"[24.4, 29.0, 29.9, 30.4, 31.2, 31.4, 32.4, 33.5, 41.1, 42.6, 47.5, 85.5, 86.3, 87.3, 89.0, 116.6]","['RAIL', 'RAIL', 'INSIDE', 'OUTSIDE', 'INSIDE', 'INSIDE', 'INSIDE', 'NEAR', 'INSIDE', 'NEAR', 'OUTSIDE', 'OUTSIDE', 'RAIL', 'INSIDE', 'INSIDE', 'OUTSIDE']","[[0.15, 0.23, 0.47], [0.25, 0.2, 0.24], [0.65, 2.84, 1.35], [0.3, 0.79, 1.09], [0.51, 1.12, 0.21], [0.46, 1.17, 0.04], [1.03, 1.28, 0.07], [0.43, 1.4, 0.81], [0.61, 1.32, 0.04], [0.14, 0.93, 0.54], [1.49, 1.0, 0.85], [0.11, 0.68, 0.38], [1.42, 0.34, 0.6], [1.13, 0.92, 0.2], [7.31, 1.99, 3.3], [0.12, 0.28, 0.79]]","[281, 256, 304, 288, 191, 228, 271, 255, 305, 174, 129, 283, 218, 265, 272, 297]",37.8
628,1790252299948621153,307184,100653,26,14,162.5,"[27.0, 27.9, 30.3, 31.2, 31.5, 33.3, 40.6, 48.0, 84.7, 87.7, 90.7, 108.7, 114.7, 162.5]","['RAIL', 'RAIL', 'INSIDE', 'INSIDE', 'INSIDE', 'INSIDE', 'INSIDE', 'NEAR', 'RAIL', 'OUTSIDE', 'RAIL', 'OUTSIDE', 'OUTSIDE', 'OUTSIDE']","[[0.34, 0.28, 0.36], [0.23, 0.24, 0.44], [0.31, 1.04, 0.54], [1.35, 1.85, 0.12], [1.65, 2.64, 1.09], [0.77, 1.38, 0.07], [0.92, 1.49, 0.06], [0.47, 0.93, 0.58], [0.33, 0.62, 0.58], [0.46, 2.1, 1.16], [7.98, 0.33, 1.01], [1.91, 0.61, 2.4], [0.27, 0.2, 1.47], [0.29, 2.0, 0.8]]","[256, 281, 288, 228, 129, 304, 305, 174, 218, 265, 282, 269, 297, 298]",39.2
629,1790252300033720462,307061,100872,25,13,106.7,"[25.0, 28.4, 28.5, 28.5, 30.6, 32.6, 38.6, 41.6, 46.8, 82.7, 85.2, 89.7, 106.7]","['RAIL', 'RAIL', 'INSIDE', 'INSIDE', 'INSIDE', 'INSIDE', 'INSIDE', 'INSIDE', 'OUTSIDE', 'RAIL', 'OUTSIDE', 'OUTSIDE', 'OUTSIDE']","[[0.16, 0.27, 0.42], [0.35, 0.44, 0.27], [0.5, 0.62, 0.29], [2.06, 2.73, 0.71], [0.62, 1.0, 0.06], [0.12, 1.02, 0.01], [0.54, 1.49, 0.29], [0.57, 1.14, 0.03], [0.34, 1.14, 0.75], [2.44, 0.71, 0.91], [2.0, 1.92, 1.71], [4.11, 0.31, 0.76], [2.8, 0.7, 1.38]]","[281, 256, 129, 255, 304, 271, 174, 305, 288, 218, 283, 282, 269]",48.1
630,1790252300152881733,306691,99106,30,18,144.1,"[25.4, 26.4, 26.7, 27.2, 27.5, 28.3, 29.7, 33.4, 36.6, 41.6, 47.0, 48.4, 81.3, 89.3, 94.4, 109.0, 117.5, 144.1]","['RAIL', 'RAIL', 'NEAR', 'NEAR', 'INSIDE', 'INSIDE', 'INSIDE', 'INSIDE', 'INSIDE', 'INSIDE', 'INSIDE', 'OUTSIDE', 'RAIL', 'OUTSIDE', 'OUTSIDE', 'INSIDE', 'OUTSIDE', 'RAIL']","[[1.06, 0.21, 0.43], [0.33, 0.19, 0.48], [0.42, 0.31, 0.42], [0.96, 0.69, 0.79], [1.93, 1.13, 0.62], [0.67, 1.03, 0.08], [0.52, 0.75, 0.28], [0.75, 1.01, 0.24], [0.63, 1.45, 0.04], [0.38, 1.05, 0.03], [0.98, 0.98, 0.06], [1.0, 1.43, 1.15], [2.44, 0.65, 0.56], [2.87, 0.17, 0.19], [3.91, 2.04, 1.32], [3.24, 3.93, 3.7], [0.94, 0.15, 0.99], [0.77, 0.58, 0.22]]","[294, 281, 191, 129, 304, 288, 174, 255, 271, 228, 305, 256, 218, 282, 276, 269, 297, 284]",43.3
631,1790252300258261095,306045,100654,26,13,141.1,"[28.5, 30.6, 32.7, 36.9, 41.9, 47.7, 79.1, 82.4, 84.9, 85.4, 90.3, 93.6, 141.1]","['NEAR', 'OUTSIDE', 'INSIDE', 'INSIDE', 'INSIDE', 'OUTSIDE', 'RAIL', 'OUTSIDE', 'OUTSIDE', 'NEAR', 'INSIDE', 'INSIDE', 'RAIL']","[[0.89, 1.08, 1.0], [0.47, 0.73, 0.83], [1.4, 1.73, 0.1], [0.65, 1.39, 0.06], [0.61, 1.33, 0.04], [0.73, 0.83, 0.36], [1.07, 0.69, 0.87], [2.13, 0.89, 2.86], [2.14, 0.9, 0.92], [10.99, 1.18, 3.06], [4.84, 0.76, 0.91], [10.01, 4.8, 3.43], [2.42, 0.58, 0.62]]","[129, 228, 271, 255, 305, 281, 218, 283, 265, 241, 273, 276, 284]",48.4
632,1790252300378677122,304299,100176,28,14,140.1,"[27.4, 28.5, 29.8, 30.5, 30.5, 30.8, 42.0, 48.3, 49.8, 74.0, 76.2, 84.8, 112.2, 140.1]","['RAIL', 'RAIL', 'OUTSIDE', 'OUTSIDE', 'INSIDE', 'INSIDE', 'INSIDE', 'INSIDE', 'OUTSIDE', 'INSIDE', 'RAIL', 'OUTSIDE', 'INSIDE', 'RAIL']","[[0.2, 0.18, 0.68], [0.3, 0.11, 0.4], [0.49, 1.01, 1.09], [0.93, 0.73, 0.77], [0.25, 1.39, 0.03], [1.11, 1.01, 0.08], [2.04, 2.73, 0.62], [0.63, 1.02, 0.04], [1.16, 0.9, 0.61], [3.12, 1.52, 0.13], [1.5, 0.74, 0.69], [10.23, 0.47, 1.64], [1.53, 0.28, 1.45], [0.76, 0.47, 0.4]]","[294, 255, 228, 129, 174, 271, 304, 305, 256, 248, 218, 241, 269, 284]",46.1
633,1790252300456028373,298333,99818,32,19,138.2,"[28.1, 28.5, 28.6, 29.1, 30.3, 30.5, 30.9, 37.6, 45.0, 48.0, 73.9, 81.4, 83.7, 85.9, 87.5, 92.0, 98.4, 119.2, 138.2]","['RAIL', 'RAIL', 'RAIL', 'RAIL', 'NEAR', 'NEAR', 'INSIDE', 'INSIDE', 'INSIDE', 'OUTSIDE', 'INSIDE', 'OUTSIDE', 'OUTSIDE', 'NEAR', 'OUTSIDE', 'OUTSIDE', 'OUTSIDE', 'RAIL', 'RAIL']","[[0.39, 0.22, 0.59], [0.57, 0.24, 0.63], [0.57, 0.26, 0.6], [0.49, 0.12, 0.51], [1.76, 1.43, 1.39], [0.77, 0.79, 0.83], [1.03, 1.56, 0.1], [1.22, 1.7, 0.12], [1.03, 1.69, 0.08], [0.57, 0.85, 0.5], [0.93, 1.03, 0.04], [2.12, 0.79, 2.71], [2.04, 0.33, 1.09], [3.99, 0.98, 3.23], [5.99, 0.96, 2.14], [1.04, 0.58, 0.4], [3.5, 0.66, 2.35], [0.89, 0.48, 0.77], [0.88, 0.72, 0.39]]","[294, 305, 255, 256, 129, 228, 174, 304, 281, 288, 248, 283, 241, 272, 265, 276, 307, 297, 284]",42.2
634,1790252300552398395,292737,90327,32,20,174.8,"[26.7, 28.6, 30.1, 30.2, 31.5, 37.5, 42.7, 75.0, 76.0, 82.1, 83.8, 87.7, 89.4, 90.1, 96.6, 113.5, 117.3, 133.9, 150.3, 174.8]","['RAIL', 'RAIL', 'NEAR', 'INSIDE', 'INSIDE', 'INSIDE', 'INSIDE', 'INSIDE', 'OUTSIDE', 'OUTSIDE', 'OUTSIDE', 'OUTSIDE', 'NEAR', 'OUTSIDE', 'OUTSIDE', 'RAIL', 'OUTSIDE', 'RAIL', 'INSIDE', 'OUTSIDE']","[[0.64, 0.29, 0.76], [0.7, 0.15, 0.6], [1.25, 1.09, 0.97], [0.58, 1.48, 0.04], [2.1, 2.06, 0.16], [0.21, 1.43, 0.02], [1.29, 0.48, 0.12], [3.13, 1.3, 0.13], [3.12, 0.71, 2.82], [2.47, 0.7, 2.41], [6.78, 0.51, 1.98], [2.06, 0.67, 1.73], [1.33, 0.72, 0.81], [3.97, 0.92, 2.0], [3.08, 0.93, 1.67], [1.71, 0.06, 0.73], [1.06, 0.72, 0.99], [4.95, 0.7, 0.39], [2.85, 3.52, 0.73], [2.43, 0.7, 2.68]]","[256, 288, 228, 271, 281, 304, 174, 248, 245, 283, 241, 272, 273, 265, 307, 269, 297, 284, 299, 310]",38.6
635,1790252300666122157,352977,115936,27,15,172.6,"[24.6, 26.6, 28.6, 28.6, 29.8, 30.6, 32.0, 39.5, 45.3, 86.3, 89.4, 115.3, 133.2, 150.1, 172.6]","['RAIL', 'RAIL', 'OUTSIDE', 'NEAR', 'INSIDE', 'INSIDE', 'INSIDE', 'INSIDE', 'OUTSIDE', 'OUTSIDE', 'NEAR', 'OUTSIDE', 'INSIDE', 'INSIDE', 'OUTSIDE']","[[0.65, 0.32, 0.88], [0.47, 0.14, 0.71], [2.4, 1.1, 1.07], [0.48, 1.26, 1.31], [0.66, 1.65, 0.07], [0.4, 1.11, 0.03], [1.4, 1.78, 0.13], [0.29, 1.38, 0.02], [0.65, 1.51, 1.75], [7.71, 2.1, 2.73], [5.67, 1.19, 3.15], [1.12, 0.41, 1.29], [2.5, 0.55, 0.55], [3.97, 3.48, 3.7], [2.0, 0.67, 1.14]]","[288, 256, 129, 228, 174, 271, 304, 281, 255, 283, 282, 297, 284, 299, 310]",53.8
636,1790252300758325192,307235,101416,26,14,114.6,"[23.0, 24.6, 27.3, 28.6, 29.4, 29.9, 31.4, 38.6, 44.0, 82.0, 86.1, 98.2, 113.2, 114.6]","['RAIL', 'RAIL', 'NEAR', 'OUTSIDE', 'RAIL', 'NEAR', 'INSIDE', 'INSIDE', 'INSIDE', 'OUTSIDE', 'NEAR', 'OUTSIDE', 'OUTSIDE', 'RAIL']","[[1.27, 0.18, 0.38], [0.83, 0.32, 0.87], [2.07, 1.29, 1.18], [0.65, 1.2, 1.3], [1.3, 0.17, 0.71], [0.85, 0.65, 0.5], [1.2, 1.37, 0.08], [1.83, 2.05, 0.17], [0.44, 1.48, 0.03], [8.99, 0.75, 2.81], [13.1, 1.26, 3.47], [1.08, 0.4, 2.2], [0.86, 0.5, 0.96], [0.88, 0.47, 0.74]]","[129, 256, 191, 228, 288, 174, 271, 304, 281, 283, 272, 307, 297, 269]",44.6
637,1790252300838713499,307236,101791,30,16,145.2,"[21.7, 25.6, 27.6, 29.7, 30.6, 30.9, 37.7, 43.6, 74.5, 86.1, 90.2, 90.6, 96.4, 118.3, 130.1, 145.2]","['RAIL', 'RAIL', 'NEAR', 'OUTSIDE', 'INSIDE', 'INSIDE', 'OUTSIDE', 'INSIDE', 'OUTSIDE', 'NEAR', 'NEAR', 'OUTSIDE', 'OUTSIDE', 'INSIDE', 'RAIL', 'INSIDE']","[[0.26, 0.09, 0.17], [2.75, 0.37, 0.81], [0.22, 0.89, 0.76], [0.53, 0.82, 0.82], [1.03, 1.36, 0.07], [1.49, 1.61, 0.14], [0.85, 1.46, 1.96], [1.01, 0.9, 0.08], [12.15, 1.23, 2.93], [4.7, 1.24, 3.19], [0.62, 0.56, 0.82], [2.59, 0.67, 2.59], [0.62, 0.71, 2.37], [0.86, 0.5, 2.07], [0.69, 0.67, 0.37], [4.47, 3.41, 3.3]]","[191, 288, 228, 174, 271, 304, 255, 281, 245, 272, 273, 265, 307, 269, 284, 299]",49.5
638,1790252300940008159,307255,102075,24,11,143.5,"[19.8, 27.8, 28.6, 29.0, 31.8, 39.7, 84.1, 87.4, 90.8, 116.4, 143.5]","['INSIDE', 'RAIL', 'NEAR', 'OUTSIDE', 'INSIDE', 'OUTSIDE', 'NEAR', 'OUTSIDE', 'INSIDE', 'INSIDE', 'INSIDE']","[[1.23, 2.92, 1.33], [2.81, 0.33, 0.91], [0.29, 0.99, 0.73], [0.32, 0.87, 0.83], [0.42, 1.38, 0.03], [0.8, 1.84, 1.52], [10.88, 1.26, 3.13], [5.72, 0.8, 1.38], [7.83, 4.81, 3.31], [0.9, 0.41, 2.07], [5.23, 3.62, 3.86]]","[228, 288, 174, 304, 281, 255, 272, 265, 273, 269, 299]",50.4
639,1790252301036383772,307240,102094,26,13,141.2,"[21.3, 29.1, 29.5, 29.9, 39.5, 75.5, 84.1, 86.4, 91.0, 107.3, 114.4, 114.4, 141.2]","['OUTSIDE', 'NEAR', 'INSIDE', 'RAIL', 'INSIDE', 'NEAR', 'OUTSIDE', 'NEAR', 'INSIDE', 'OUTSIDE', 'OUTSIDE', 'INSIDE', 'INSIDE']","[[1.96, 1.06, 1.21], [0.51, 0.78, 0.51], [0.99, 0.69, 0.1], [0.62, 0.28, 0.52], [0.45, 1.24, 0.03], [2.69, 1.17, 1.63], [3.79, 0.96, 1.87], [8.8, 1.32, 3.09], [3.58, 4.33, 3.87], [0.88, 0.66, 0.91], [0.05, 0.4, 0.22], [0.99, 0.73, 2.21], [4.49, 3.42, 3.8]]","[228, 304, 174, 288, 281, 245, 265, 272, 273, 309, 297, 269, 299]",49.2
640,1790252301134171466,307242,101026,23,10,139.2,"[19.2, 29.3, 30.8, 38.9, 83.3, 88.3, 105.3, 110.5, 112.5, 139.2]","['OUTSIDE', 'NEAR', 'RAIL', 'INSIDE', 'NEAR', 'INSIDE', 'OUTSIDE', 'OUTSIDE', 'OUTSIDE', 'INSIDE']","[[0.33, 0.61, 0.51], [1.28, 0.67, 0.37], [0.61, 0.16, 0.51], [0.63, 1.62, 0.05], [3.36, 1.22, 2.95], [4.92, 3.24, 3.78], [0.98, 0.77, 0.89], [0.67, 0.5, 1.23], [0.1, 0.75, 0.98], [4.28, 3.38, 1.21]]","[304, 228, 288, 281, 272, 282, 309, 297, 269, 299]",45.1
641,1790252301253275444,307232,95317,22,13,136.1,"[17.3, 27.7, 28.7, 28.9, 32.2, 40.2, 46.6, 48.5, 53.5, 88.0, 103.4, 108.6, 136.1]","['RAIL', 'OUTSIDE', 'OUTSIDE', 'RAIL', 'INSIDE', 'INSIDE', 'INSIDE', 'INSIDE', 'INSIDE', 'OUTSIDE', 'OUTSIDE', 'OUTSIDE', 'INSIDE']","[[1.41, 0.29, 1.06], [0.93, 1.43, 1.48], [0.7, 0.92, 1.01], [0.62, 0.16, 0.55], [2.07, 2.94, 0.68], [0.65, 1.14, 0.04], [1.03, 1.45, 0.1], [1.08, 1.25, 0.08], [2.42, 1.66, 0.15], [2.74, 0.52, 2.37], [1.15, 0.59, 2.95], [0.73, 0.44, 1.42], [6.93, 3.61, 3.71]]","[305, 228, 174, 288, 255, 271, 304, 281, 302, 265, 309, 297, 299]",40.7
642,1790252301350656422,307270,102881,30,16,172.2,"[15.4, 27.2, 27.3, 27.9, 28.9, 29.8, 46.7, 80.8, 83.4, 86.9, 90.5, 101.6, 106.6, 129.1, 135.2, 172.2]","['NEAR', 'OUTSIDE', 'INSIDE', 'RAIL', 'INSIDE', 'INSIDE', 'OUTSIDE', 'OUTSIDE', 'OUTSIDE', 'INSIDE', 'INSIDE', 'OUTSIDE', 'OUTSIDE', 'INSIDE', 'OUTSIDE', 'OUTSIDE']","[[0.8, 1.03, 0.96], [0.6, 0.9, 1.02], [1.04, 1.87, 0.33], [0.65, 0.49, 0.55], [0.15, 1.56, 0.02], [0.76, 1.46, 0.05], [1.19, 0.89, 0.57], [0.83, 0.19, 0.37], [0.52, 0.46, 1.52], [7.17, 3.83, 3.87], [0.5, 0.62, 1.18], [1.29, 0.62, 1.78], [2.47, 1.75, 1.38], [2.95, 3.23, 3.65], [1.67, 2.17, 1.47], [2.26, 0.26, 2.98]]","[228, 174, 255, 288, 304, 271, 256, 241, 265, 272, 273, 309, 297, 284, 299, 310]",56.3
643,1790252301467005211,307231,103888,21,9,123.9,"[13.4, 28.6, 41.0, 45.7, 82.6, 84.6, 89.6, 106.6, 123.9]","['OUTSIDE', 'RAIL', 'INSIDE', 'INSIDE', 'OUTSIDE', 'INSIDE', 'INSIDE', 'OUTSIDE', 'INSIDE']","[[0.47, 0.9, 1.0], [0.76, 0.63, 0.54], [0.28, 1.28, 0.02], [1.41, 1.27, 0.11], [1.13, 0.4, 2.86], [4.71, 3.61, 3.87], [2.44, 0.61, 3.19], [0.09, 0.37, 0.49], [3.29, 3.71, 3.32]]","[174, 288, 271, 281, 265, 272, 273, 297, 284]",53.6
644,1790252301545802622,307266,107098,24,14,168.3,"[11.4, 27.9, 29.2, 29.3, 32.5, 41.1, 46.7, 82.5, 88.8, 97.6, 103.7, 104.7, 134.1, 168.3]","['RAIL', 'NEAR', 'INSIDE', 'RAIL', 'INSIDE', 'INSIDE', 'OUTSIDE', 'OUTSIDE', 'INSIDE', 'OUTSIDE', 'OUTSIDE', 'OUTSIDE', 'INSIDE', 'OUTSIDE']","[[0.74, 0.38, 0.51], [0.32, 0.79, 0.47], [1.07, 1.63, 0.11], [1.53, 0.76, 0.54], [0.78, 1.56, 0.06], [0.74, 1.03, 0.07], [0.81, 0.83, 0.57], [5.32, 0.57, 2.49], [0.99, 0.54, 2.34], [1.04, 0.6, 1.09], [0.41, 0.23, 0.95], [0.04, 0.37, 0.2], [7.16, 3.57, 1.15], [2.49, 0.42, 2.9]]","[271, 228, 304, 288, 281, 324, 256, 283, 273, 307, 309, 297, 299, 310]",49.8
645,1790252301647653529,307260,106093,28,15,173.4,"[26.1, 27.2, 29.4, 32.2, 40.8, 46.7, 80.7, 82.9, 84.3, 89.2, 101.8, 102.7, 138.2, 158.9, 173.4]","['INSIDE', 'OUTSIDE', 'INSIDE', 'INSIDE', 'OUTSIDE', 'INSIDE', 'OUTSIDE', 'OUTSIDE', 'INSIDE', 'INSIDE', 'OUTSIDE', 'OUTSIDE', 'INSIDE', 'INSIDE', 'OUTSIDE']","[[1.48, 2.63, 0.56], [0.54, 0.77, 0.83], [0.99, 1.72, 0.1], [0.63, 1.14, 0.04], [0.75, 1.02, 0.64], [0.09, 1.28, 0.01], [1.68, 0.41, 2.37], [0.48, 0.28, 0.73], [1.25, 0.67, 1.67], [1.25, 0.61, 0.86], [0.46, 0.23, 0.93], [0.19, 0.73, 0.9], [4.93, 3.43, 0.02], [0.2, 0.37, 0.69], [1.09, 0.36, 2.24]]","[255, 324, 304, 271, 256, 281, 283, 265, 272, 273, 309, 297, 299, 330, 310]",51.0
646,1790252301749730360,307221,103051,18,10,157.0,"[29.2, 32.4, 32.8, 40.2, 81.0, 83.9, 89.7, 99.0, 127.6, 157.0]","['OUTSIDE', 'INSIDE', 'INSIDE', 'OUTSIDE', 'OUTSIDE', 'INSIDE', 'INSIDE', 'OUTSIDE', 'INSIDE', 'INSIDE']","[[0.77, 0.92, 0.99], [0.58, 1.27, 0.06], [0.6, 1.53, 0.05], [1.05, 0.62, 0.34], [0.44, 0.03, 0.53], [5.07, 0.52, 3.17], [3.46, 0.51, 2.0], [0.67, 0.51, 1.72], [4.51, 3.53, 3.8], [0.06, 0.27, 0.99]]","[174, 323, 281, 324, 283, 272, 273, 307, 284, 330]",49.1
647,1790252301832782565,307235,97184,25,20,176.9,"[25.9, 27.7, 29.2, 30.3, 33.5, 35.2, 41.4, 46.4, 47.3, 52.0, 80.5, 83.4, 86.0, 88.1, 92.6, 97.0, 124.9, 135.2, 155.1, 176.9]","['RAIL', 'NEAR', 'OUTSIDE', 'INSIDE', 'INSIDE', 'OUTSIDE', 'INSIDE', 'OUTSIDE', 'INSIDE', 'INSIDE', 'INSIDE', 'INSIDE', 'RAIL', 'NEAR', 'INSIDE', 'OUTSIDE', 'INSIDE', 'INSIDE', 'INSIDE', 'OUTSIDE']","[[0.42, 0.18, 0.43], [1.4, 1.11, 1.0], [0.37, 0.83, 0.99], [0.58, 1.47, 0.06], [1.1, 1.45, 0.08], [0.54, 1.06, 0.69], [0.97, 0.57, 0.08], [0.42, 1.03, 0.64], [1.02, 1.04, 0.1], [3.89, 0.73, 0.24], [1.19, 0.6, 1.6], [2.58, 0.47, 3.11], [0.28, 0.46, 1.17], [1.33, 0.2, 1.33], [1.82, 0.55, 1.9], [0.83, 0.45, 1.69], [2.96, 3.36, 0.85], [3.4, 3.58, 0.01], [0.09, 0.36, 0.98], [0.38, 0.1, 1.43]]","[305, 228, 174, 304, 271, 256, 281, 324, 323, 302, 241, 272, 282, 273, 311, 307, 284, 299, 330, 316]",46.0
648,1790252301937644655,307241,100142,25,18,181.3,"[25.1, 28.2, 29.2, 30.2, 31.6, 32.0, 33.4, 40.6, 45.6, 78.5, 82.1, 84.2, 91.0, 94.7, 124.7, 153.1, 174.9, 181.3]","['NEAR', 'OUTSIDE', 'OUTSIDE', 'OUTSIDE', 'NEAR', 'INSIDE', 'INSIDE', 'INSIDE', 'INSIDE', 'INSIDE', 'OUTSIDE', 'INSIDE', 'INSIDE', 'OUTSIDE', 'INSIDE', 'INSIDE', 'OUTSIDE', 'INSIDE']","[[0.53, 1.11, 0.99], [0.19, 0.83, 1.0], [0.87, 0.92, 1.17], [0.57, 0.96, 1.03], [0.48, 0.91, 0.89], [1.49, 1.1, 0.66], [0.74, 1.74, 0.09], [1.01, 1.42, 0.07], [1.01, 0.7, 0.08], [1.27, 0.59, 1.56], [0.97, 0.31, 1.96], [7.94, 0.72, 3.25], [1.22, 0.64, 1.37], [1.92, 0.71, 1.43], [3.98, 3.47, 3.69], [0.1, 0.35, 0.96], [0.34, 0.4, 1.42], [0.01, 0.61, 0.73]]","[228, 174, 304, 255, 323, 324, 256, 271, 281, 241, 283, 272, 311, 307, 284, 330, 310, 334]",54.9
649,1790252302037348936,307224,92987,21,17,179.4,"[25.6, 28.4, 29.4, 30.7, 31.4, 40.6, 45.6, 77.9, 80.4, 83.1, 88.9, 92.0, 95.1, 122.8, 151.2, 173.1, 179.4]","['OUTSIDE', 'NEAR', 'OUTSIDE', 'NEAR', 'INSIDE', 'INSIDE', 'INSIDE', 'INSIDE', 'OUTSIDE', 'INSIDE', 'INSIDE', 'INSIDE', 'OUTSIDE', 'INSIDE', 'INSIDE', 'OUTSIDE', 'INSIDE']","[[0.92, 0.74, 0.82], [0.99, 1.25, 1.13], [0.34, 0.59, 0.56], [0.47, 0.92, 0.73], [0.82, 0.97, 0.1], [1.04, 1.26, 0.07], [1.09, 1.41, 0.08], [3.53, 0.55, 2.96], [0.63, 0.2, 1.41], [4.24, 0.62, 3.17], [1.89, 0.62, 1.94], [2.04, 0.52, 0.63], [0.06, 0.11, 0.63], [3.95, 3.39, 3.82], [0.22, 0.41, 1.01], [0.28, 0.4, 1.55], [0.05, 0.53, 1.2]]","[174, 255, 324, 228, 256, 271, 281, 241, 283, 272, 273, 311, 307, 284, 330, 310, 334]",43.7
650,1790252302145704080,307242,101792,25,15,177.5,"[28.4, 29.7, 40.7, 46.3, 76.9, 79.7, 81.1, 82.4, 87.1, 90.3, 91.7, 119.1, 132.3, 171.1, 177.5]","['OUTSIDE', 'NEAR', 'INSIDE', 'INSIDE', 'INSIDE', 'OUTSIDE', 'INSIDE', 'NEAR', 'INSIDE', 'INSIDE', 'OUTSIDE', 'OUTSIDE', 'OUTSIDE', 'OUTSIDE', 'INSIDE']","[[1.41, 0.99, 1.29], [0.44, 1.02, 1.0], [0.75, 0.8, 0.05], [1.08, 1.82, 0.08], [1.41, 0.54, 1.69], [0.17, 1.1, 0.68], [2.14, 0.67, 2.78], [1.1, 0.31, 1.32], [1.66, 0.62, 2.31], [2.3, 0.51, 1.06], [1.39, 0.32, 0.24], [0.41, 0.48, 0.83], [3.41, 0.23, 1.6], [0.31, 0.1, 1.39], [0.04, 0.6, 0.71]]","[174, 228, 271, 281, 241, 265, 272, 282, 273, 311, 307, 284, 299, 310, 334]",49.2
651,1790252302231032727,307239,101780,22,15,178.5,"[29.5, 40.5, 44.9, 46.8, 73.5, 80.4, 85.3, 88.4, 89.2, 90.3, 91.2, 117.2, 169.2, 175.5, 178.5]","['RAIL', 'RAIL', 'OUTSIDE', 'INSIDE', 'INSIDE', 'INSIDE', 'NEAR', 'OUTSIDE', 'INSIDE', 'OUTSIDE', 'INSIDE', 'OUTSIDE', 'OUTSIDE', 'INSIDE', 'OUTSIDE']","[[0.54, 0.26, 1.06], [0.88, 0.26, 1.03], [0.95, 0.75, 0.79], [0.96, 1.68, 0.07], [4.53, 0.65, 2.82], [3.04, 0.61, 3.04], [1.16, 0.24, 2.23], [1.18, 0.72, 1.42], [2.29, 0.5, 1.39], [0.28, 0.2, 0.41], [0.99, 0.4, 1.87], [0.41, 0.42, 0.99], [0.34, 0.39, 1.83], [0.09, 0.69, 0.71], [0.04, 0.31, 0.0]]","[305, 271, 174, 281, 241, 272, 273, 317, 311, 307, 325, 284, 310, 334, 316]",49.6
652,1790252302342615624,307219,101378,18,15,173.6,"[28.9, 29.6, 35.8, 39.6, 72.8, 78.5, 83.8, 86.9, 87.3, 89.3, 89.5, 115.3, 128.9, 167.4, 173.6]","['OUTSIDE', 'INSIDE', 'INSIDE', 'INSIDE', 'INSIDE', 'INSIDE', 'INSIDE', 'OUTSIDE', 'INSIDE', 'OUTSIDE', 'INSIDE', 'RAIL', 'INSIDE', 'OUTSIDE', 'INSIDE']","[[1.4, 0.87, 0.94], [0.65, 1.65, 0.07], [1.67, 1.6, 0.14], [1.05, 1.65, 0.08], [5.38, 0.64, 2.52], [2.42, 0.59, 2.77], [3.27, 0.59, 2.19], [1.69, 0.69, 1.52], [0.63, 0.08, 0.84], [0.1, 0.37, 0.61], [0.48, 0.49, 1.83], [0.39, 0.48, 0.74], [5.1, 3.83, 3.18], [0.29, 0.29, 1.5], [0.07, 0.68, 0.8]]","[228, 174, 335, 281, 241, 272, 282, 317, 311, 315, 325, 284, 299, 310, 334]",52.9
653,1790252302441241467,307193,101413,24,16,174.8,"[28.5, 30.4, 32.0, 33.5, 36.0, 40.5, 47.9, 48.8, 73.1, 81.2, 84.6, 87.4, 113.5, 165.5, 171.7, 174.8]","['RAIL', 'OUTSIDE', 'NEAR', 'INSIDE', 'INSIDE', 'INSIDE', 'INSIDE', 'INSIDE', 'INSIDE', 'INSIDE', 'INSIDE', 'INSIDE', 'OUTSIDE', 'OUTSIDE', 'INSIDE', 'OUTSIDE']","[[0.32, 0.3, 0.76], [0.49, 0.63, 0.78], [0.27, 0.91, 0.89], [0.46, 0.96, 0.05], [1.11, 1.49, 0.09], [1.37, 1.16, 0.09], [0.42, 1.27, 0.03], [1.0, 0.57, 0.26], [9.17, 0.68, 2.89], [1.78, 0.51, 2.13], [2.43, 0.52, 1.12], [0.91, 0.33, 2.15], [0.5, 0.52, 0.96], [0.24, 0.09, 1.04], [0.08, 0.75, 1.15], [0.0, 0.31, 0.0]]","[271, 228, 323, 174, 335, 302, 281, 324, 241, 282, 273, 311, 284, 310, 334, 316]",52.3
654,1790252302544678306,307219,101482,19,11,172.9,"[28.7, 29.8, 32.4, 36.1, 71.4, 80.2, 85.5, 85.6, 110.1, 169.9, 172.9]","['OUTSIDE', 'OUTSIDE', 'INSIDE', 'NEAR', 'INSIDE', 'INSIDE', 'OUTSIDE', 'INSIDE', 'RAIL', 'INSIDE', 'OUTSIDE']","[[0.35, 0.64, 0.77], [0.25, 0.94, 1.03], [1.04, 1.49, 0.09], [1.73, 0.57, 0.26], [9.6, 0.73, 2.82], [3.63, 0.64, 2.09], [0.04, 0.2, 0.17], [0.91, 0.48, 2.06], [0.09, 0.38, 0.48], [0.08, 0.69, 1.14], [0.05, 0.3, 0.0]]","[228, 255, 335, 324, 241, 282, 317, 273, 284, 334, 316]",50.1
655,1790252302633596975,307194,101375,22,17,170.9,"[29.6, 31.7, 32.0, 33.0, 35.3, 44.1, 48.3, 78.1, 81.7, 83.7, 83.7, 90.5, 91.2, 109.7, 128.1, 167.9, 170.9]","['RAIL', 'NEAR', 'OUTSIDE', 'INSIDE', 'INSIDE', 'INSIDE', 'INSIDE', 'INSIDE', 'NEAR', 'OUTSIDE', 'INSIDE', 'RAIL', 'OUTSIDE', 'RAIL', 'INSIDE', 'INSIDE', 'OUTSIDE']","[[0.52, 0.17, 0.88], [0.51, 1.2, 1.16], [0.44, 0.77, 0.82], [2.27, 1.82, 0.23], [1.2, 1.71, 0.1], [0.98, 1.01, 0.07], [2.05, 2.46, 0.7], [3.11, 0.64, 1.55], [0.72, 0.07, 0.91], [0.11, 0.23, 0.57], [0.86, 0.5, 1.84], [0.78, 0.62, 0.14], [0.73, 0.41, 0.62], [0.5, 0.4, 0.71], [14.71, 4.02, 3.88], [0.11, 0.46, 1.11], [0.04, 0.3, 0.0]]","[305, 323, 304, 174, 335, 302, 324, 272, 282, 313, 273, 325, 307, 327, 299, 334, 316]",54.3
656,1790252302736911182,307176,101659,18,15,166.1,"[27.9, 29.9, 30.5, 35.6, 41.4, 48.1, 67.0, 75.9, 78.9, 81.8, 84.6, 107.8, 110.0, 153.3, 166.1]","['INSIDE', 'INSIDE', 'INSIDE', 'INSIDE', 'INSIDE', 'INSIDE', 'NEAR', 'NEAR', 'RAIL', 'INSIDE', 'NEAR', 'RAIL', 'OUTSIDE', 'INSIDE', 'INSIDE']","[[0.32, 1.46, 0.04], [1.32, 1.06, 0.63], [2.35, 2.18, 0.2], [0.43, 1.56, 0.04], [0.37, 1.17, 0.03], [1.14, 1.29, 0.09], [10.25, 0.76, 3.28], [1.19, 0.35, 2.52], [2.0, 0.45, 0.67], [0.93, 0.53, 1.97], [1.45, 0.17, 0.36], [0.46, 0.56, 0.7], [1.47, 0.29, 1.22], [2.82, 3.82, 3.83], [0.08, 0.45, 0.77]]","[174, 255, 335, 324, 302, 281, 241, 272, 282, 273, 311, 327, 284, 330, 334]",56.5
657,1790252302838609830,307186,102085,17,15,164.2,"[25.9, 29.5, 31.5, 35.3, 36.8, 73.6, 77.1, 79.9, 80.3, 90.5, 106.0, 108.1, 128.5, 154.7, 164.2]","['OUTSIDE', 'RAIL', 'INSIDE', 'INSIDE', 'INSIDE', 'NEAR', 'RAIL', 'INSIDE', 'OUTSIDE', 'NEAR', 'RAIL', 'OUTSIDE', 'INSIDE', 'INSIDE', 'INSIDE']","[[1.08, 0.91, 1.4], [2.0, 0.07, 0.09], [1.05, 1.92, 0.11], [0.31, 1.36, 0.04], [0.87, 1.29, 0.08], [1.45, 0.61, 1.61], [2.1, 0.46, 1.06], [0.91, 0.38, 1.92], [0.97, 0.55, 0.77], [2.45, 0.3, 1.58], [0.58, 0.44, 0.68], [1.47, 0.25, 1.4], [6.12, 4.06, 3.85], [7.05, 3.95, 3.47], [0.11, 0.45, 0.76]]","[304, 335, 324, 256, 323, 272, 282, 273, 283, 325, 327, 284, 299, 330, 334]",53.9
658,1790252302936249666,307205,101615,19,14,106.0,"[28.3, 29.5, 36.4, 42.5, 46.6, 67.0, 71.8, 76.3, 81.3, 84.7, 88.5, 90.7, 104.0, 106.0]","['NEAR', 'INSIDE', 'INSIDE', 'INSIDE', 'INSIDE', 'RAIL', 'NEAR', 'INSIDE', 'OUTSIDE', 'NEAR', 'NEAR', 'OUTSIDE', 'RAIL', 'OUTSIDE']","[[0.85, 1.3, 1.02], [1.16, 1.72, 0.12], [1.07, 1.63, 0.09], [0.96, 0.97, 0.07], [0.73, 1.03, 0.06], [0.42, 0.13, 0.92], [2.09, 0.63, 2.07], [4.38, 0.67, 1.92], [3.01, 0.26, 1.06], [1.22, 0.58, 0.94], [2.43, 0.28, 0.99], [1.08, 0.23, 1.21], [0.43, 0.6, 0.45], [1.02, 0.25, 0.49]]","[228, 324, 323, 302, 281, 241, 272, 282, 283, 311, 325, 307, 327, 284]",47.5
659,1790252303035289088,307171,101563,21,18,154.3,"[28.5, 29.2, 29.4, 29.5, 36.6, 41.8, 47.9, 48.5, 70.5, 74.2, 76.2, 82.9, 86.7, 88.8, 102.2, 104.1, 128.2, 154.3]","['RAIL', 'NEAR', 'INSIDE', 'INSIDE', 'INSIDE', 'INSIDE', 'INSIDE', 'OUTSIDE', 'NEAR', 'NEAR', 'INSIDE', 'RAIL', 'NEAR', 'OUTSIDE', 'RAIL', 'OUTSIDE', 'INSIDE', 'OUTSIDE']","[[0.78, 0.38, 0.63], [0.35, 0.87, 0.78], [0.43, 1.13, 0.74], [0.65, 1.74, 0.07], [1.39, 2.12, 0.42], [1.08, 1.0, 0.07], [1.0, 1.17, 0.08], [0.53, 0.91, 0.49], [3.4, 0.62, 2.19], [1.53, 0.56, 1.32], [0.86, 0.45, 1.87], [0.89, 0.56, 0.33], [2.27, 0.28, 0.96], [1.16, 0.27, 1.77], [0.44, 0.54, 0.44], [0.96, 0.25, 0.48], [14.04, 4.18, 3.99], [0.26, 0.4, 1.66]]","[271, 255, 228, 324, 323, 302, 281, 174, 272, 282, 273, 311, 325, 315, 327, 284, 299, 330]",43.2
660,1790252303131541641,307213,101711,19,15,152.4,"[27.0, 27.4, 28.7, 29.9, 36.6, 37.9, 41.0, 48.1, 68.6, 72.5, 85.3, 87.5, 100.3, 102.4, 152.4]","['NEAR', 'INSIDE', 'NEAR', 'OUTSIDE', 'INSIDE', 'INSIDE', 'INSIDE', 'INSIDE', 'RAIL', 'INSIDE', 'INSIDE', 'OUTSIDE', 'RAIL', 'OUTSIDE', 'OUTSIDE']","[[0.84, 1.05, 1.01], [1.03, 1.69, 0.11], [0.56, 0.57, 0.46], [0.41, 0.8, 0.97], [1.06, 1.74, 0.11], [1.03, 0.92, 0.09], [1.09, 2.53, 1.73], [1.19, 1.56, 0.09], [1.12, 0.49, 0.94], [4.52, 0.64, 1.98], [3.02, 0.18, 1.0], [2.05, 0.25, 2.11], [0.46, 0.41, 0.44], [1.28, 0.49, 1.79], [0.15, 0.27, 1.02]]","[228, 256, 255, 323, 324, 281, 302, 305, 241, 282, 325, 315, 327, 284, 330]",44.3
661,1790252303232999073,307199,101736,29,20,153.6,"[26.7, 26.9, 29.1, 29.9, 32.3, 37.2, 38.7, 42.9, 45.4, 47.7, 66.7, 72.4, 76.0, 78.6, 80.2, 83.5, 84.7, 98.5, 126.7, 153.6]","['RAIL', 'RAIL', 'NEAR', 'OUTSIDE', 'INSIDE', 'NEAR', 'INSIDE', 'INSIDE', 'INSIDE', 'OUTSIDE', 'NEAR', 'INSIDE', 'NEAR', 'INSIDE', 'OUTSIDE', 'OUTSIDE', 'NEAR', 'RAIL', 'INSIDE', 'INSIDE']","[[1.03, 0.8, 0.81], [0.57, 0.39, 0.47], [1.36, 1.21, 1.22], [0.92, 0.83, 0.98], [1.84, 1.74, 0.38], [0.82, 0.79, 0.72], [1.32, 1.85, 0.14], [1.21, 1.43, 0.1], [0.2, 0.24, 1.68], [1.36, 1.3, 1.06], [0.81, 0.29, 2.08], [4.34, 0.54, 1.79], [0.66, 0.17, 0.85], [2.4, 0.66, 1.55], [2.73, 0.26, 1.84], [1.71, 0.21, 1.7], [3.27, 0.28, 3.21], [0.44, 0.34, 0.43], [9.89, 4.06, 3.69], [6.37, 3.86, 3.38]]","[302, 305, 228, 255, 256, 281, 324, 323, 271, 174, 241, 282, 273, 311, 283, 317, 325, 327, 299, 330]",43.4
662,1790252303334205456,307204,101644,25,15,154.4,"[29.3, 32.0, 36.6, 45.1, 66.1, 70.7, 73.5, 77.2, 81.1, 84.0, 86.4, 96.6, 98.5, 125.3, 154.4]","['OUTSIDE', 'INSIDE', 'INSIDE', 'INSIDE', 'NEAR', 'INSIDE', 'NEAR', 'INSIDE', 'NEAR', 'OUTSIDE', 'INSIDE', 'RAIL', 'OUTSIDE', 'INSIDE', 'INSIDE']","[[0.42, 0.77, 0.84], [1.59, 1.91, 0.16], [0.61, 1.15, 0.05], [0.19, 0.0, 1.59], [5.68, 0.34, 2.46], [0.87, 0.39, 1.69], [2.0, 0.14, 1.62], [1.45, 0.59, 1.53], [2.29, 0.25, 1.29], [3.82, 0.2, 2.05], [1.91, 0.23, 1.56], [0.3, 0.56, 0.15], [0.96, 0.39, 0.4], [8.74, 4.27, 3.73], [1.14, 3.88, 2.7]]","[304, 324, 323, 271, 241, 272, 282, 311, 325, 317, 315, 327, 284, 299, 330]",43.1
663,1790252303430759013,307208,101733,34,20,122.6,"[26.9, 27.9, 28.7, 30.0, 30.7, 31.1, 33.5, 36.2, 41.7, 49.7, 65.0, 68.9, 69.1, 79.8, 82.1, 84.4, 89.8, 94.7, 96.7, 122.6]","['RAIL', 'NEAR', 'OUTSIDE', 'NEAR', 'NEAR', 'INSIDE', 'NEAR', 'INSIDE', 'INSIDE', 'INSIDE', 'RAIL', 'RAIL', 'INSIDE', 'INSIDE', 'OUTSIDE', 'INSIDE', 'OUTSIDE', 'RAIL', 'OUTSIDE', 'INSIDE']","[[0.64, 0.73, 0.57], [1.43, 1.49, 1.6], [0.23, 0.89, 0.8], [0.52, 0.77, 0.51], [0.39, 0.94, 0.81], [2.17, 2.65, 0.67], [0.42, 0.1, 0.23], [0.62, 1.08, 0.26], [1.29, 1.49, 0.11], [1.22, 1.52, 0.12], [0.5, 0.12, 0.58], [0.89, 0.66, 0.76], [4.24, 0.43, 2.14], [2.28, 0.57, 3.01], [0.69, 0.23, 1.99], [1.62, 0.15, 1.5], [1.04, 0.2, 0.39], [0.33, 0.55, 0.41], [0.95, 0.38, 0.39], [4.93, 4.17, 3.76]]","[305, 255, 304, 228, 324, 256, 271, 174, 323, 335, 241, 272, 282, 325, 283, 315, 307, 327, 284, 299]",44.1
664,1790252303536384085,307181,101798,23,14,167.6,"[29.2, 30.8, 33.2, 36.2, 61.6, 66.7, 71.9, 77.8, 82.7, 83.5, 88.5, 94.1, 126.4, 167.6]","['NEAR', 'OUTSIDE', 'INSIDE', 'INSIDE', 'NEAR', 'NEAR', 'NEAR', 'INSIDE', 'INSIDE', 'OUTSIDE', 'OUTSIDE', 'OUTSIDE', 'INSIDE', 'INSIDE']","[[0.76, 1.39, 1.3], [1.56, 0.93, 1.29], [0.69, 1.26, 0.06], [0.33, 1.27, 0.03], [3.96, 0.38, 2.31], [3.73, 0.53, 1.65], [3.35, 0.18, 2.67], [2.64, 0.52, 2.94], [1.87, 0.12, 1.84], [1.53, 0.16, 1.45], [2.05, 0.32, 1.57], [2.63, 0.6, 1.82], [10.58, 4.14, 3.7], [4.71, 3.77, 0.79]]","[255, 324, 323, 335, 241, 282, 273, 311, 315, 317, 307, 327, 299, 316]",42.6
665,1790252303631830300,307215,101893,24,14,162.3,"[28.5, 30.3, 31.4, 32.1, 36.7, 48.9, 63.4, 81.7, 87.2, 93.2, 97.2, 98.8, 125.4, 162.3]","['NEAR', 'NEAR', 'NEAR', 'INSIDE', 'INSIDE', 'NEAR', 'NEAR', 'INSIDE', 'OUTSIDE', 'OUTSIDE', 'INSIDE', 'INSIDE', 'INSIDE', 'INSIDE']","[[2.07, 0.25, 1.82], [0.82, 1.18, 1.22], [0.13, 0.91, 0.79], [1.02, 1.15, 0.09], [2.16, 1.98, 0.2], [0.46, 1.12, 0.85], [11.25, 0.53, 3.14], [3.54, 0.65, 2.9], [2.93, 0.34, 1.37], [1.15, 0.41, 1.23], [0.05, 1.53, 0.0], [0.07, 2.24, 0.0], [8.95, 4.11, 3.64], [3.28, 3.41, 0.8]]","[271, 228, 304, 323, 335, 174, 241, 315, 307, 327, 326, 318, 299, 334]",39.8
666,1790252303734815638,307201,101926,30,14,165.6,"[28.7, 30.5, 32.2, 32.9, 46.7, 65.5, 78.4, 84.3, 86.4, 91.1, 94.1, 98.4, 144.5, 165.6]","['NEAR', 'NEAR', 'OUTSIDE', 'INSIDE', 'INSIDE', 'NEAR', 'NEAR', 'OUTSIDE', 'OUTSIDE', 'OUTSIDE', 'OUTSIDE', 'INSIDE', 'INSIDE', 'OUTSIDE']","[[3.13, 0.24, 2.24], [0.88, 1.36, 1.5], [0.55, 0.93, 1.15], [0.18, 1.27, 0.02], [1.15, 1.38, 0.11], [8.89, 0.51, 2.55], [2.64, 0.25, 2.69], [1.02, 0.3, 0.33], [2.93, 0.28, 1.66], [1.03, 0.37, 1.01], [2.11, 0.1, 1.23], [0.91, 0.58, 1.1], [6.42, 4.12, 3.18], [1.23, 1.73, 0.42]]","[271, 228, 344, 335, 174, 282, 311, 317, 307, 327, 284, 318, 340, 316]",45.3
667,1790252303841044629,307204,102023,30,19,162.1,"[28.7, 29.7, 29.9, 33.1, 33.8, 33.9, 35.6, 46.0, 58.8, 66.5, 72.7, 73.8, 75.4, 76.3, 77.1, 82.7, 96.7, 142.6, 162.1]","['NEAR', 'OUTSIDE', 'NEAR', 'NEAR', 'INSIDE', 'INSIDE', 'INSIDE', 'NEAR', 'NEAR', 'NEAR', 'INSIDE', 'NEAR', 'INSIDE', 'NEAR', 'OUTSIDE', 'OUTSIDE', 'NEAR', 'INSIDE', 'INSIDE']","[[7.87, 0.31, 2.16], [0.38, 0.91, 1.06], [0.15, 1.03, 0.74], [0.69, 0.93, 0.88], [2.16, 2.64, 2.01], [1.34, 2.85, 0.87], [0.6, 1.4, 0.06], [1.18, 0.63, 0.37], [9.43, 0.63, 3.01], [3.22, 0.31, 2.5], [0.07, 1.55, 0.0], [2.7, 0.26, 2.75], [0.14, 1.58, 0.01], [1.68, 0.21, 2.69], [5.36, 1.83, 2.72], [1.42, 0.28, 2.03], [2.2, 0.26, 1.1], [6.43, 4.07, 3.12], [4.67, 3.93, 0.8]]","[271, 255, 228, 344, 323, 335, 174, 324, 241, 282, 273, 272, 311, 325, 283, 317, 318, 340, 334]",54.9
668,1790252303943682038,307195,101748,36,14,142.9,"[27.1, 28.0, 30.1, 32.0, 48.1, 54.1, 64.9, 76.2, 81.7, 94.7, 95.9, 96.5, 122.7, 142.9]","['NEAR', 'NEAR', 'OUTSIDE', 'INSIDE', 'INSIDE', 'NEAR', 'NEAR', 'INSIDE', 'OUTSIDE', 'INSIDE', 'OUTSIDE', 'INSIDE', 'INSIDE', 'OUTSIDE']","[[3.2, 0.35, 1.83], [0.71, 1.35, 1.46], [0.41, 0.76, 0.85], [1.43, 2.73, 1.29], [1.08, 1.45, 0.11], [3.51, 0.35, 2.14], [1.34, 0.18, 2.42], [3.45, 1.56, 2.93], [2.97, 0.37, 2.39], [0.98, 3.92, 0.87], [1.15, 0.12, 1.91], [0.06, 0.75, 0.43], [4.75, 3.81, 3.49], [0.03, 0.29, 0.29]]","[271, 228, 304, 256, 335, 241, 282, 325, 317, 326, 284, 318, 299, 340]",51.1
669,1790252304042316603,307213,101869,33,17,142.2,"[27.1, 28.2, 29.8, 46.2, 47.7, 52.5, 60.6, 67.8, 74.9, 80.9, 83.9, 89.0, 94.1, 94.7, 97.1, 121.8, 142.2]","['NEAR', 'RAIL', 'OUTSIDE', 'NEAR', 'NEAR', 'NEAR', 'NEAR', 'NEAR', 'INSIDE', 'OUTSIDE', 'OUTSIDE', 'OUTSIDE', 'OUTSIDE', 'OUTSIDE', 'INSIDE', 'INSIDE', 'INSIDE']","[[1.19, 0.34, 1.19], [0.3, 0.18, 0.28], [0.46, 1.26, 1.43], [0.29, 0.65, 0.49], [0.73, 0.87, 0.44], [4.54, 0.38, 2.02], [1.59, 0.18, 1.32], [3.79, 0.32, 1.39], [4.44, 0.51, 3.39], [3.15, 0.26, 0.97], [1.0, 0.71, 1.84], [1.13, 0.15, 0.97], [1.15, 0.2, 1.0], [0.26, 1.43, 0.22], [1.78, 3.46, 1.91], [2.93, 3.78, 3.52], [0.08, 0.25, 0.99]]","[271, 302, 228, 256, 335, 241, 282, 272, 325, 317, 307, 327, 284, 326, 318, 299, 340]",52.3
670,1790252304137716777,307184,102117,26,11,155.5,"[28.3, 37.3, 44.6, 51.5, 67.3, 72.2, 96.8, 97.5, 123.8, 140.4, 155.5]","['OUTSIDE', 'RAIL', 'INSIDE', 'NEAR', 'NEAR', 'NEAR', 'INSIDE', 'INSIDE', 'INSIDE', 'INSIDE', 'INSIDE']","[[2.57, 0.21, 1.92], [0.61, 0.23, 0.98], [0.51, 1.37, 0.06], [2.96, 0.31, 2.43], [2.97, 0.25, 2.53], [2.68, 0.35, 2.02], [2.55, 4.07, 1.92], [0.08, 1.87, 0.0], [5.9, 3.71, 3.55], [0.09, 0.34, 0.97], [1.65, 2.43, 0.03]]","[281, 302, 228, 241, 272, 325, 318, 326, 299, 340, 330]",52.4
671,1790252304239027013,307191,103139,34,13,168.7,"[29.5, 37.0, 45.5, 72.6, 79.5, 82.8, 87.3, 89.5, 93.4, 95.5, 125.1, 156.8, 168.7]","['OUTSIDE', 'NEAR', 'OUTSIDE', 'RAIL', 'NEAR', 'NEAR', 'OUTSIDE', 'OUTSIDE', 'INSIDE', 'INSIDE', 'INSIDE', 'INSIDE', 'INSIDE']","[[5.49, 0.28, 1.8], [0.39, 0.26, 0.91], [0.18, 0.68, 0.51], [2.53, 0.16, 0.46], [2.1, 0.2, 1.37], [1.24, 0.18, 1.46], [2.56, 0.27, 1.76], [0.99, 0.26, 1.18], [1.88, 0.23, 1.65], [0.53, 2.81, 0.23], [5.38, 4.04, 2.74], [1.55, 2.18, 0.03], [1.81, 3.2, 0.41]]","[281, 271, 335, 325, 315, 307, 327, 284, 318, 326, 299, 330, 316]",50.8
672,1790252304330543013,307205,101386,27,12,167.8,"[27.6, 49.3, 55.7, 63.8, 68.5, 81.0, 88.2, 98.5, 123.3, 141.6, 153.5, 167.8]","['INSIDE', 'OUTSIDE', 'NEAR', 'NEAR', 'INSIDE', 'OUTSIDE', 'OUTSIDE', 'INSIDE', 'INSIDE', 'INSIDE', 'INSIDE', 'INSIDE']","[[0.1, 2.06, 0.01], [0.91, 0.42, 0.32], [2.97, 0.77, 3.15], [2.82, 0.26, 2.24], [2.58, 1.41, 2.92], [2.19, 0.48, 2.87], [0.13, 0.31, 1.15], [0.06, 1.38, 0.0], [5.3, 3.98, 2.7], [3.7, 3.38, 2.25], [1.51, 3.23, 0.03], [0.1, 3.22, 0.0]]","[241, 335, 282, 272, 325, 317, 327, 326, 299, 340, 330, 316]",39.1
673,1790252304431406058,307185,101417,33,14,171.1,"[25.8, 35.8, 59.5, 62.1, 66.6, 71.0, 78.1, 82.6, 85.3, 87.4, 100.0, 138.6, 153.9, 171.1]","['NEAR', 'INSIDE', 'INSIDE', 'NEAR', 'NEAR', 'NEAR', 'NEAR', 'OUTSIDE', 'NEAR', 'OUTSIDE', 'INSIDE', 'OUTSIDE', 'OUTSIDE', 'INSIDE']","[[10.86, 0.4, 2.72], [0.48, 1.14, 0.03], [0.25, 2.7, 0.01], [2.79, 0.26, 2.86], [2.33, 0.37, 1.59], [3.39, 0.22, 1.44], [3.18, 0.15, 1.36], [4.3, 0.41, 1.45], [2.96, 0.18, 2.65], [1.97, 0.31, 0.77], [0.46, 1.25, 0.21], [1.2, 0.41, 1.54], [0.2, 1.13, 0.29], [6.18, 3.94, 0.71]]","[281, 343, 282, 272, 325, 273, 315, 317, 307, 327, 326, 340, 330, 316]",49.5
674,1790252304535508250,307194,101693,38,18,171.6,"[24.1, 31.9, 39.4, 42.4, 44.9, 49.0, 65.8, 77.4, 80.3, 82.7, 83.2, 89.5, 90.1, 94.0, 96.2, 124.2, 134.8, 171.6]","['OUTSIDE', 'NEAR', 'RAIL', 'RAIL', 'OUTSIDE', 'OUTSIDE', 'NEAR', 'NEAR', 'OUTSIDE', 'OUTSIDE', 'NEAR', 'OUTSIDE', 'OUTSIDE', 'OUTSIDE', 'OUTSIDE', 'INSIDE', 'INSIDE', 'INSIDE']","[[2.28, 0.41, 2.03], [0.39, 0.23, 0.79], [0.78, 0.17, 0.79], [0.34, 0.69, 0.63], [0.78, 0.16, 0.8], [0.74, 0.49, 0.42], [6.17, 0.32, 2.98], [1.3, 0.19, 1.36], [1.56, 0.2, 1.78], [1.08, 0.07, 0.72], [1.12, 0.15, 0.55], [1.41, 0.34, 1.23], [0.42, 0.51, 0.38], [1.88, 0.05, 1.02], [1.26, 0.22, 0.83], [7.84, 3.73, 3.15], [5.29, 4.17, 3.27], [1.8, 3.98, 0.38]]","[348, 281, 271, 241, 304, 343, 325, 315, 317, 327, 307, 284, 318, 345, 326, 299, 340, 316]",54.9
675,1790252304637262089,307187,102007,44,19,169.0,"[24.3, 36.9, 38.0, 41.2, 44.1, 44.9, 47.3, 63.9, 69.9, 74.7, 75.3, 82.9, 83.9, 88.9, 96.2, 118.3, 132.9, 154.4, 169.0]","['OUTSIDE', 'RAIL', 'RAIL', 'RAIL', 'INSIDE', 'INSIDE', 'INSIDE', 'NEAR', 'NEAR', 'NEAR', 'NEAR', 'NEAR', 'OUTSIDE', 'INSIDE', 'INSIDE', 'INSIDE', 'INSIDE', 'INSIDE', 'INSIDE']","[[0.16, 0.16, 1.26], [0.15, 0.34, 0.61], [0.52, 0.2, 0.27], [0.85, 0.09, 0.22], [0.54, 1.23, 0.95], [0.22, 2.31, 0.02], [0.03, 2.78, 0.01], [5.95, 0.39, 2.39], [3.11, 0.2, 1.68], [3.11, 0.18, 1.47], [1.8, 0.16, 0.5], [1.18, 0.28, 3.1], [2.22, 0.23, 1.12], [0.66, 3.64, 0.39], [1.18, 3.03, 0.88], [0.38, 3.66, 1.78], [10.45, 3.9, 3.09], [1.16, 4.03, 0.69], [0.2, 3.85, 0.68]]","[271, 241, 302, 343, 323, 348, 281, 272, 273, 315, 311, 307, 327, 318, 326, 299, 340, 330, 316]",53.5
676,1790252304732347657,307201,102415,39,16,164.9,"[22.4, 33.5, 36.6, 41.5, 42.2, 47.0, 65.5, 68.5, 74.2, 80.1, 81.0, 90.4, 92.6, 96.0, 130.7, 164.9]","['NEAR', 'NEAR', 'RAIL', 'RAIL', 'INSIDE', 'INSIDE', 'INSIDE', 'NEAR', 'NEAR', 'NEAR', 'OUTSIDE', 'INSIDE', 'OUTSIDE', 'INSIDE', 'INSIDE', 'INSIDE']","[[0.5, 0.26, 0.51], [0.28, 0.23, 1.21], [0.49, 0.1, 0.45], [1.04, 0.13, 0.2], [0.48, 1.56, 0.27], [0.1, 2.79, 0.01], [0.79, 0.55, 1.14], [2.21, 0.12, 1.21], [4.91, 0.18, 1.09], [3.02, 0.25, 2.73], [3.9, 0.17, 2.54], [2.05, 3.75, 3.17], [1.44, 0.25, 0.61], [0.08, 2.18, 0.0], [4.14, 3.91, 3.15], [4.46, 3.85, 1.79]]","[323, 271, 348, 343, 174, 241, 325, 273, 315, 307, 317, 318, 345, 326, 340, 334]",52.4
677,1790252304833233059,307154,102769,38,18,165.0,"[25.5, 27.5, 31.3, 33.1, 36.4, 38.1, 40.4, 42.1, 43.5, 47.3, 65.9, 72.6, 76.3, 91.9, 95.6, 126.4, 140.6, 165.0]","['OUTSIDE', 'NEAR', 'NEAR', 'NEAR', 'RAIL', 'OUTSIDE', 'OUTSIDE', 'INSIDE', 'INSIDE', 'NEAR', 'NEAR', 'INSIDE', 'NEAR', 'INSIDE', 'INSIDE', 'INSIDE', 'INSIDE', 'INSIDE']","[[1.11, 0.44, 1.46], [1.13, 0.31, 2.26], [0.45, 0.26, 0.82], [0.41, 0.26, 0.64], [0.74, 0.33, 0.57], [1.72, 0.15, 0.97], [1.16, 0.16, 0.77], [0.42, 1.26, 0.52], [0.49, 1.9, 0.28], [0.07, 1.18, 0.01], [2.15, 0.18, 1.76], [0.12, 1.27, 0.0], [14.9, 0.37, 2.94], [2.01, 4.01, 0.83], [0.37, 3.51, 0.22], [11.42, 4.19, 3.21], [2.85, 3.96, 0.98], [4.24, 3.78, 0.67]]","[323, 351, 348, 241, 302, 256, 228, 304, 174, 271, 325, 311, 315, 352, 326, 347, 342, 334]",48.5
678,1790252304944655904,307097,102059,30,18,166.5,"[36.0, 39.5, 41.7, 62.7, 64.5, 67.8, 73.9, 80.8, 82.9, 88.1, 89.3, 91.2, 93.1, 94.0, 123.1, 136.4, 155.3, 166.5]","['OUTSIDE', 'NEAR', 'OUTSIDE', 'INSIDE', 'NEAR', 'NEAR', 'NEAR', 'INSIDE', 'OUTSIDE', 'INSIDE', 'NEAR', 'RAIL', 'INSIDE', 'INSIDE', 'INSIDE', 'INSIDE', 'OUTSIDE', 'INSIDE']","[[3.61, 0.44, 2.14], [1.95, 0.48, 1.64], [2.46, 0.22, 1.66], [1.06, 0.42, 1.55], [2.65, 0.2, 1.57], [1.38, 0.19, 1.8], [8.27, 0.25, 2.31], [1.78, 0.34, 3.05], [2.36, 0.38, 2.37], [3.42, 3.8, 3.26], [1.02, 0.08, 0.86], [0.07, 0.69, 0.4], [1.24, 3.46, 0.37], [0.05, 0.66, 0.0], [6.23, 4.14, 3.0], [14.33, 3.69, 2.08], [0.27, 1.34, 0.35], [5.79, 3.93, 1.18]]","[323, 348, 351, 272, 325, 273, 315, 307, 327, 318, 352, 284, 345, 326, 347, 342, 330, 334]",43.9
679,1790252305035306969,306867,101495,28,13,171.5,"[34.9, 42.1, 60.5, 70.6, 79.4, 89.5, 93.8, 118.2, 124.3, 134.1, 154.4, 162.2, 171.5]","['OUTSIDE', 'OUTSIDE', 'NEAR', 'INSIDE', 'NEAR', 'RAIL', 'INSIDE', 'OUTSIDE', 'INSIDE', 'INSIDE', 'INSIDE', 'INSIDE', 'INSIDE']","[[5.12, 0.39, 2.08], [0.49, 0.16, 1.28], [0.63, 0.09, 1.57], [0.13, 1.05, 0.76], [1.6, 0.4, 3.02], [0.19, 0.67, 0.39], [0.13, 3.78, 0.2], [0.19, 0.26, 1.31], [6.49, 4.24, 3.03], [3.16, 4.22, 0.89], [2.07, 3.74, 0.38], [0.75, 4.16, 0.65], [4.52, 2.35, 0.32]]","[323, 348, 282, 311, 307, 284, 345, 299, 347, 342, 330, 334, 316]",87.4
680,1790252305144832367,306656,101103,32,16,162.2,"[30.8, 33.7, 35.2, 38.8, 40.3, 41.9, 48.4, 48.7, 82.8, 87.7, 92.0, 101.5, 116.4, 121.5, 133.9, 162.2]","['NEAR', 'NEAR', 'OUTSIDE', 'NEAR', 'NEAR', 'RAIL', 'INSIDE', 'INSIDE', 'INSIDE', 'RAIL', 'INSIDE', 'OUTSIDE', 'OUTSIDE', 'INSIDE', 'INSIDE', 'INSIDE']","[[8.96, 0.64, 1.98], [1.26, 0.29, 0.86], [0.63, 0.13, 0.81], [0.98, 0.1, 0.47], [0.83, 0.16, 0.1], [1.0, 0.69, 0.58], [0.61, 1.58, 0.27], [0.12, 2.04, 0.01], [9.23, 4.27, 3.29], [0.08, 0.44, 0.6], [0.03, 1.12, 0.0], [1.17, 1.02, 0.7], [0.19, 0.42, 1.29], [2.58, 4.2, 2.91], [12.52, 4.21, 0.94], [4.63, 4.29, 1.46]]","[323, 348, 351, 241, 353, 281, 174, 304, 327, 284, 326, 360, 299, 347, 342, 334]",93.3
681,1790252305233885340,306632,101366,36,24,182.9,"[27.9, 30.3, 31.5, 36.8, 40.3, 42.5, 45.7, 47.1, 62.9, 74.3, 80.3, 83.6, 87.2, 87.3, 91.7, 91.8, 93.3, 99.1, 114.7, 123.1, 132.0, 154.6, 168.0, 182.9]","['OUTSIDE', 'OUTSIDE', 'NEAR', 'OUTSIDE', 'NEAR', 'RAIL', 'INSIDE', 'INSIDE', 'INSIDE', 'NEAR', 'OUTSIDE', 'INSIDE', 'INSIDE', 'OUTSIDE', 'INSIDE', 'INSIDE', 'INSIDE', 'INSIDE', 'OUTSIDE', 'INSIDE', 'INSIDE', 'INSIDE', 'INSIDE', 'INSIDE']","[[5.16, 0.46, 2.06], [0.83, 0.29, 2.4], [4.64, 0.52, 1.85], [0.59, 0.29, 0.1], [0.26, 0.13, 0.51], [0.18, 0.17, 0.09], [0.06, 1.63, 0.0], [0.53, 1.68, 0.05], [11.78, 1.46, 3.1], [8.68, 0.27, 2.84], [4.71, 0.25, 2.69], [1.85, 3.65, 0.91], [0.1, 3.66, 0.0], [2.53, 0.65, 2.75], [0.06, 2.56, 0.0], [1.22, 3.63, 2.26], [4.03, 0.47, 1.22], [1.88, 3.49, 1.72], [0.21, 0.33, 1.27], [4.26, 4.14, 2.73], [3.71, 3.77, 0.85], [8.99, 4.16, 2.36], [4.64, 3.35, 0.29], [6.61, 3.73, 2.01]]","[304, 228, 323, 351, 353, 302, 271, 174, 272, 315, 317, 327, 318, 284, 326, 345, 352, 360, 299, 347, 340, 330, 316, 356]",92.3
682,1790252305341230523,306711,101749,35,19,181.6,"[27.1, 27.4, 28.9, 32.4, 42.2, 45.2, 71.5, 81.4, 82.8, 86.3, 89.9, 90.0, 91.0, 97.6, 113.0, 119.7, 153.4, 163.2, 181.6]","['NEAR', 'OUTSIDE', 'INSIDE', 'INSIDE', 'NEAR', 'INSIDE', 'NEAR', 'INSIDE', 'INSIDE', 'INSIDE', 'OUTSIDE', 'INSIDE', 'INSIDE', 'INSIDE', 'OUTSIDE', 'INSIDE', 'INSIDE', 'INSIDE', 'OUTSIDE']","[[10.32, 0.65, 1.82], [0.84, 0.1, 0.42], [0.47, 1.88, 0.05], [0.08, 1.33, 0.01], [0.19, 0.25, 0.47], [0.34, 1.91, 0.03], [6.93, 0.27, 2.69], [3.01, 3.67, 2.73], [2.18, 1.55, 2.9], [1.55, 3.82, 0.38], [0.07, 0.94, 0.0], [1.17, 4.17, 0.82], [4.1, 0.48, 1.35], [1.64, 3.03, 1.95], [0.23, 0.44, 0.95], [0.08, 1.88, 0.0], [10.01, 4.1, 2.1], [1.52, 3.69, 0.02], [5.81, 0.44, 1.51]]","[304, 353, 228, 271, 256, 174, 311, 317, 327, 318, 326, 345, 352, 360, 299, 347, 330, 334, 356]",90.3
683,1790252305434554539,306971,103179,37,21,179.4,"[26.5, 29.9, 35.4, 43.5, 45.6, 46.9, 48.9, 63.2, 73.7, 82.0, 82.7, 88.2, 88.4, 92.0, 100.1, 106.1, 111.3, 133.5, 154.5, 165.3, 179.4]","['OUTSIDE', 'OUTSIDE', 'NEAR', 'NEAR', 'OUTSIDE', 'INSIDE', 'INSIDE', 'NEAR', 'NEAR', 'RAIL', 'NEAR', 'INSIDE', 'INSIDE', 'INSIDE', 'INSIDE', 'INSIDE', 'OUTSIDE', 'INSIDE', 'INSIDE', 'INSIDE', 'INSIDE']","[[8.73, 0.67, 2.29], [1.72, 0.05, 1.24], [3.54, 0.32, 2.07], [2.03, 0.39, 1.69], [0.74, 0.19, 0.72], [0.51, 1.97, 0.03], [0.05, 2.07, 0.0], [12.32, 0.26, 2.59], [6.85, 0.29, 2.75], [0.46, 0.62, 0.57], [6.24, 0.24, 2.84], [4.06, 4.05, 2.73], [3.93, 0.39, 1.23], [1.35, 3.44, 1.6], [4.37, 2.75, 1.98], [0.88, 3.43, 0.92], [0.26, 0.39, 1.24], [13.8, 4.16, 0.99], [4.12, 4.22, 1.06], [3.05, 3.57, 0.29], [6.6, 3.35, 1.98]]","[174, 323, 348, 241, 256, 353, 302, 272, 315, 355, 327, 284, 352, 345, 360, 361, 299, 342, 330, 334, 356]",88.6
684,1790252305540219278,307196,104621,30,19,184.8,"[39.7, 48.0, 74.6, 75.1, 80.3, 81.6, 84.3, 85.2, 88.7, 97.2, 101.5, 102.6, 104.0, 109.5, 117.9, 131.8, 155.4, 165.9, 184.8]","['OUTSIDE', 'NEAR', 'RAIL', 'OUTSIDE', 'INSIDE', 'INSIDE', 'OUTSIDE', 'INSIDE', 'INSIDE', 'OUTSIDE', 'OUTSIDE', 'INSIDE', 'INSIDE', 'OUTSIDE', 'INSIDE', 'INSIDE', 'INSIDE', 'INSIDE', 'INSIDE']","[[1.59, 0.12, 1.88], [3.64, 0.47, 1.85], [2.18, 0.2, 0.83], [8.2, 2.04, 2.97], [2.64, 3.77, 3.04], [4.41, 3.93, 2.97], [1.01, 0.14, 0.17], [0.4, 3.56, 0.93], [3.08, 4.0, 2.98], [1.89, 0.04, 1.1], [2.56, 0.24, 0.47], [0.06, 3.4, 0.0], [0.01, 1.09, 0.0], [0.28, 0.43, 0.92], [0.22, 3.47, 0.53], [13.71, 4.01, 1.05], [4.51, 4.28, 2.05], [1.66, 3.66, 0.79], [0.11, 2.9, 0.0]]","[351, 241, 315, 311, 317, 327, 355, 318, 284, 357, 360, 365, 361, 299, 347, 340, 330, 334, 356]",91.3
685,1790252305630877314,307201,103496,32,22,183.2,"[25.1, 27.4, 33.3, 37.8, 37.8, 43.7, 47.3, 76.3, 83.5, 84.8, 86.0, 90.7, 94.7, 102.3, 102.9, 107.8, 109.9, 114.1, 128.1, 154.3, 164.2, 183.2]","['OUTSIDE', 'RAIL', 'NEAR', 'NEAR', 'OUTSIDE', 'INSIDE', 'NEAR', 'NEAR', 'OUTSIDE', 'INSIDE', 'OUTSIDE', 'INSIDE', 'INSIDE', 'OUTSIDE', 'INSIDE', 'OUTSIDE', 'INSIDE', 'RAIL', 'INSIDE', 'INSIDE', 'INSIDE', 'INSIDE']","[[10.5, 0.7, 2.0], [0.23, 0.09, 0.52], [0.67, 0.17, 1.35], [0.23, 0.33, 0.59], [0.64, 0.11, 0.24], [0.03, 2.19, 0.01], [0.85, 0.25, 1.16], [1.48, 0.27, 2.51], [1.06, 0.19, 1.46], [0.05, 1.48, 0.0], [0.27, 0.31, 0.41], [5.57, 3.94, 2.71], [1.6, 4.15, 2.11], [0.43, 0.39, 0.47], [0.04, 1.61, 0.0], [0.2, 0.31, 0.91], [0.07, 1.54, 0.0], [0.05, 0.26, 0.5], [11.05, 4.09, 0.78], [5.94, 4.24, 0.77], [1.7, 3.62, 0.78], [0.5, 3.6, 0.36]]","[256, 351, 241, 348, 323, 228, 304, 315, 355, 318, 284, 345, 359, 360, 365, 299, 361, 347, 340, 330, 334, 356]",39.8
686,1790252305739662278,307202,103748,35,24,181.5,"[19.4, 25.6, 28.2, 34.1, 37.9, 38.8, 40.1, 40.8, 44.1, 46.7, 71.6, 79.6, 83.9, 88.8, 90.9, 93.4, 103.6, 106.1, 109.8, 112.4, 123.4, 132.5, 155.6, 181.5]","['OUTSIDE', 'NEAR', 'RAIL', 'NEAR', 'RAIL', 'NEAR', 'RAIL', 'INSIDE', 'NEAR', 'INSIDE', 'NEAR', 'INSIDE', 'INSIDE', 'NEAR', 'INSIDE', 'OUTSIDE', 'INSIDE', 'OUTSIDE', 'INSIDE', 'RAIL', 'INSIDE', 'INSIDE', 'INSIDE', 'OUTSIDE']","[[10.3, 0.72, 2.38], [4.38, 0.39, 2.64], [0.92, 0.25, 0.53], [2.7, 0.47, 2.47], [1.43, 0.19, 0.6], [0.11, 0.29, 0.36], [0.27, 0.08, 0.33], [0.92, 0.13, 0.1], [1.23, 0.55, 0.9], [0.09, 1.76, 0.01], [3.08, 0.19, 1.28], [2.69, 3.74, 3.01], [9.38, 0.62, 2.93], [0.07, 1.24, 0.0], [1.55, 3.87, 2.18], [0.96, 0.5, 1.25], [0.07, 2.71, 0.0], [0.21, 0.29, 0.89], [0.06, 3.26, 0.0], [0.05, 0.26, 0.49], [3.8, 3.74, 0.8], [5.42, 4.24, 0.79], [0.06, 3.53, 0.0], [0.45, 2.3, 0.36]]","[256, 323, 351, 348, 241, 271, 304, 228, 174, 281, 273, 355, 307, 326, 345, 359, 365, 299, 361, 347, 340, 342, 330, 356]",32.4
687,1790252305832080839,307205,104822,37,24,179.8,"[27.8, 27.9, 33.2, 36.4, 38.5, 40.2, 44.7, 47.3, 53.0, 69.6, 75.4, 80.8, 81.9, 85.2, 89.2, 91.8, 101.9, 104.4, 109.6, 110.7, 127.7, 150.9, 162.3, 179.8]","['NEAR', 'NEAR', 'RAIL', 'NEAR', 'RAIL', 'NEAR', 'NEAR', 'INSIDE', 'INSIDE', 'NEAR', 'NEAR', 'INSIDE', 'INSIDE', 'OUTSIDE', 'INSIDE', 'OUTSIDE', 'INSIDE', 'OUTSIDE', 'INSIDE', 'RAIL', 'INSIDE', 'INSIDE', 'OUTSIDE', 'INSIDE']","[[3.95, 0.36, 2.88], [0.8, 0.14, 0.96], [1.22, 0.27, 0.5], [3.22, 0.21, 1.86], [0.81, 0.19, 0.58], [0.07, 0.29, 0.28], [0.88, 0.35, 0.68], [0.4, 2.83, 0.46], [5.77, 2.56, 3.08], [3.54, 0.23, 1.38], [4.28, 0.32, 2.86], [5.54, 3.9, 2.94], [5.17, 1.48, 3.02], [1.14, 0.16, 2.1], [1.58, 3.8, 2.14], [1.47, 0.21, 1.16], [0.08, 3.56, 0.0], [0.22, 0.29, 0.88], [0.08, 1.91, 0.0], [0.07, 0.25, 0.48], [11.72, 4.19, 1.03], [5.95, 4.14, 2.0], [1.38, 1.15, 0.01], [0.41, 3.53, 0.36]]","[323, 304, 351, 241, 348, 271, 174, 256, 363, 273, 315, 327, 317, 284, 326, 359, 365, 366, 361, 347, 340, 330, 334, 356]",40.1
688,1790252305926678391,307202,106842,27,18,169.4,"[34.4, 36.5, 38.5, 43.7, 46.0, 70.7, 80.3, 81.5, 85.6, 89.5, 91.7, 96.2, 102.6, 103.3, 109.5, 127.1, 156.0, 169.4]","['NEAR', 'NEAR', 'NEAR', 'NEAR', 'INSIDE', 'NEAR', 'INSIDE', 'INSIDE', 'INSIDE', 'INSIDE', 'OUTSIDE', 'OUTSIDE', 'OUTSIDE', 'INSIDE', 'INSIDE', 'INSIDE', 'INSIDE', 'INSIDE']","[[6.03, 0.38, 2.64], [0.13, 0.27, 0.43], [1.41, 0.22, 1.76], [2.5, 0.23, 1.77], [0.28, 0.91, 0.34], [8.1, 0.17, 2.46], [3.35, 3.83, 2.51], [0.68, 1.4, 0.33], [5.49, 4.13, 2.5], [1.03, 3.96, 1.99], [1.12, 0.24, 1.81], [0.52, 0.4, 0.67], [0.06, 0.22, 0.2], [0.06, 3.42, 0.0], [0.06, 2.87, 0.0], [13.95, 4.01, 0.84], [4.62, 3.84, 0.43], [1.95, 3.3, 0.35]]","[304, 351, 348, 241, 323, 273, 327, 317, 355, 326, 359, 357, 360, 365, 361, 340, 330, 316]",40.3
689,1790252306028427165,307200,102440,34,25,155.8,"[27.2, 32.2, 32.7, 32.9, 35.7, 38.4, 38.6, 42.0, 44.0, 46.8, 49.4, 65.9, 80.3, 82.6, 85.5, 89.2, 91.9, 99.3, 100.8, 105.4, 107.3, 109.3, 123.2, 137.4, 155.8]","['NEAR', 'NEAR', 'OUTSIDE', 'RAIL', 'NEAR', 'NEAR', 'RAIL', 'OUTSIDE', 'INSIDE', 'INSIDE', 'INSIDE', 'NEAR', 'INSIDE', 'INSIDE', 'INSIDE', 'OUTSIDE', 'INSIDE', 'INSIDE', 'OUTSIDE', 'INSIDE', 'RAIL', 'INSIDE', 'INSIDE', 'INSIDE', 'INSIDE']","[[5.91, 0.39, 2.2], [0.12, 0.27, 0.63], [3.72, 0.41, 1.96], [1.53, 0.2, 0.54], [2.92, 0.23, 1.76], [1.4, 0.2, 1.63], [0.46, 0.17, 0.87], [1.26, 0.15, 1.09], [0.84, 1.32, 0.88], [0.66, 2.68, 0.05], [0.46, 2.16, 0.65], [2.06, 0.12, 0.87], [4.19, 3.99, 2.87], [1.06, 0.2, 1.3], [2.22, 4.1, 2.11], [3.0, 0.66, 1.91], [1.8, 3.39, 1.0], [1.75, 3.42, 0.39], [0.72, 0.28, 0.85], [1.61, 3.71, 0.46], [0.07, 0.37, 0.16], [0.11, 3.05, 0.0], [6.02, 3.86, 0.97], [2.33, 3.76, 0.93], [1.56, 3.66, 0.42]]","[304, 323, 351, 348, 241, 353, 363, 174, 354, 256, 281, 272, 327, 317, 355, 326, 345, 373, 360, 365, 347, 361, 340, 342, 330]",37.5
690,1790252306117895885,307200,104342,28,21,153.4,"[27.1, 31.2, 32.5, 35.1, 36.4, 38.0, 41.8, 45.6, 47.6, 64.3, 81.1, 84.5, 88.4, 89.9, 99.0, 102.5, 105.6, 107.6, 109.5, 123.0, 153.4]","['NEAR', 'OUTSIDE', 'NEAR', 'NEAR', 'NEAR', 'NEAR', 'NEAR', 'INSIDE', 'INSIDE', 'NEAR', 'NEAR', 'INSIDE', 'OUTSIDE', 'INSIDE', 'OUTSIDE', 'INSIDE', 'RAIL', 'OUTSIDE', 'INSIDE', 'INSIDE', 'INSIDE']","[[5.83, 0.39, 2.61], [1.32, 0.14, 1.92], [4.13, 0.44, 2.21], [4.15, 0.23, 2.38], [0.7, 0.18, 1.51], [0.56, 0.19, 1.89], [0.37, 0.17, 0.86], [0.17, 2.58, 0.01], [0.08, 1.14, 0.0], [2.08, 0.19, 2.42], [1.35, 0.15, 1.24], [3.59, 4.16, 2.11], [1.16, 0.24, 0.41], [0.96, 3.9, 1.56], [0.5, 0.27, 0.84], [1.44, 3.79, 2.31], [0.04, 0.37, 0.16], [0.05, 0.94, 0.0], [0.64, 3.79, 0.96], [2.86, 3.92, 0.52], [3.03, 3.45, 0.39]]","[304, 174, 351, 348, 353, 363, 354, 256, 281, 272, 307, 355, 326, 345, 360, 366, 347, 375, 361, 340, 330]",33.3
691,1790252306218562088,307202,103241,35,24,172.3,"[28.1, 32.2, 33.6, 34.9, 35.9, 38.5, 40.6, 43.8, 44.8, 48.4, 80.4, 83.1, 86.1, 87.1, 87.8, 90.9, 98.2, 100.0, 101.5, 104.4, 118.4, 135.0, 159.2, 172.3]","['OUTSIDE', 'OUTSIDE', 'NEAR', 'NEAR', 'NEAR', 'NEAR', 'NEAR', 'NEAR', 'INSIDE', 'OUTSIDE', 'OUTSIDE', 'INSIDE', 'INSIDE', 'OUTSIDE', 'INSIDE', 'OUTSIDE', 'INSIDE', 'INSIDE', 'OUTSIDE', 'INSIDE', 'INSIDE', 'INSIDE', 'OUTSIDE', 'INSIDE']","[[7.29, 0.36, 2.57], [3.25, 0.42, 1.85], [0.71, 0.3, 1.36], [0.42, 0.33, 1.32], [4.77, 0.23, 1.77], [0.67, 0.19, 1.68], [1.29, 0.23, 1.93], [0.29, 0.15, 0.51], [0.48, 2.58, 0.63], [0.52, 1.02, 0.35], [0.03, 1.26, 0.0], [3.12, 3.91, 2.39], [0.49, 4.21, 0.81], [0.44, 0.28, 0.76], [0.66, 3.94, 0.99], [0.11, 0.2, 0.18], [0.04, 3.6, 0.0], [0.42, 1.36, 0.87], [2.69, 1.45, 1.14], [0.79, 3.68, 1.13], [0.05, 2.89, 0.0], [3.89, 3.59, 0.31], [0.1, 1.67, 0.0], [1.89, 3.67, 0.36]]","[174, 323, 304, 354, 271, 353, 363, 241, 256, 281, 327, 355, 318, 326, 345, 359, 373, 366, 360, 365, 340, 342, 334, 316]",28.8
692,1790252306320357915,307205,103311,32,25,168.9,"[21.3, 26.7, 30.8, 31.6, 33.2, 42.7, 43.9, 45.7, 46.5, 49.0, 78.0, 81.9, 85.9, 88.4, 89.2, 90.9, 98.3, 101.7, 102.2, 102.8, 105.2, 108.9, 133.3, 153.8, 168.9]","['OUTSIDE', 'NEAR', 'NEAR', 'NEAR', 'NEAR', 'NEAR', 'NEAR', 'NEAR', 'INSIDE', 'INSIDE', 'NEAR', 'INSIDE', 'INSIDE', 'OUTSIDE', 'NEAR', 'INSIDE', 'INSIDE', 'INSIDE', 'INSIDE', 'RAIL', 'RAIL', 'INSIDE', 'INSIDE', 'INSIDE', 'INSIDE']","[[7.6, 0.38, 2.12], [2.24, 0.17, 0.96], [0.21, 0.28, 0.54], [1.62, 0.23, 1.68], [3.06, 0.21, 1.51], [0.84, 0.15, 0.2], [0.94, 0.15, 1.23], [0.57, 0.17, 0.44], [0.35, 1.32, 0.54], [0.12, 1.63, 0.01], [1.83, 0.19, 1.73], [0.86, 1.75, 1.81], [0.28, 3.64, 0.41], [1.04, 0.33, 0.75], [1.57, 0.22, 1.56], [1.0, 4.13, 1.36], [0.43, 1.68, 0.86], [1.24, 2.84, 0.69], [0.09, 2.15, 0.0], [0.02, 0.24, 0.15], [0.05, 0.24, 0.16], [0.12, 1.9, 0.0], [3.86, 3.74, 0.3], [4.42, 2.44, 0.34], [1.48, 2.05, 0.01]]","[174, 228, 304, 348, 353, 358, 241, 363, 354, 256, 315, 317, 318, 359, 352, 345, 373, 360, 365, 366, 299, 361, 342, 330, 316]",37.9
693,1790252306419149243,307203,103140,35,26,180.2,"[20.9, 30.2, 34.5, 35.9, 39.2, 41.7, 43.1, 44.9, 46.5, 47.5, 76.9, 83.3, 84.4, 86.6, 89.2, 93.7, 97.9, 99.5, 100.6, 100.9, 102.6, 103.5, 119.5, 131.7, 166.6, 180.2]","['OUTSIDE', 'NEAR', 'NEAR', 'NEAR', 'NEAR', 'NEAR', 'NEAR', 'NEAR', 'INSIDE', 'INSIDE', 'NEAR', 'OUTSIDE', 'INSIDE', 'OUTSIDE', 'INSIDE', 'OUTSIDE', 'INSIDE', 'OUTSIDE', 'RAIL', 'INSIDE', 'INSIDE', 'RAIL', 'OUTSIDE', 'INSIDE', 'INSIDE', 'INSIDE']","[[5.05, 0.4, 1.43], [10.06, 0.6, 2.5], [0.4, 0.3, 1.19], [0.51, 0.19, 1.65], [1.17, 0.19, 2.49], [1.55, 0.26, 1.81], [0.5, 0.19, 1.46], [0.91, 0.09, 0.65], [0.35, 1.74, 0.62], [0.08, 2.33, 0.01], [2.75, 0.14, 1.31], [2.18, 0.21, 1.97], [0.08, 2.51, 0.0], [2.06, 0.46, 1.72], [2.24, 4.19, 1.37], [1.01, 0.21, 0.38], [0.09, 2.91, 0.0], [0.05, 0.52, 0.27], [0.06, 0.35, 0.15], [0.47, 3.88, 0.7], [0.05, 1.79, 0.0], [0.05, 0.24, 0.16], [0.38, 1.05, 0.25], [3.91, 3.95, 0.3], [6.53, 3.75, 0.83], [0.01, 0.63, 0.0]]","[228, 323, 304, 348, 241, 353, 358, 363, 256, 281, 315, 355, 318, 326, 345, 357, 373, 360, 366, 365, 347, 299, 340, 342, 316, 356]",44.7
694,1790252306523022570,307201,101747,31,21,172.4,"[31.2, 33.3, 35.0, 40.2, 43.6, 44.2, 45.8, 48.0, 80.8, 82.8, 84.1, 84.4, 87.8, 94.1, 97.5, 99.4, 105.6, 107.1, 128.9, 159.5, 172.4]","['OUTSIDE', 'NEAR', 'NEAR', 'NEAR', 'RAIL', 'RAIL', 'INSIDE', 'NEAR', 'OUTSIDE', 'INSIDE', 'OUTSIDE', 'INSIDE', 'INSIDE', 'INSIDE', 'INSIDE', 'INSIDE', 'INSIDE', 'INSIDE', 'INSIDE', 'INSIDE', 'INSIDE']","[[9.8, 0.49, 1.92], [3.56, 0.24, 1.7], [3.57, 0.22, 1.78], [2.49, 0.23, 1.93], [0.45, 0.16, 0.8], [0.15, 0.13, 0.37], [0.48, 2.88, 0.57], [0.11, 0.49, 0.61], [2.84, 0.35, 1.78], [0.18, 3.72, 0.39], [0.66, 0.29, 1.32], [0.06, 1.62, 0.0], [1.75, 4.19, 2.55], [1.9, 4.01, 1.18], [0.84, 4.02, 0.88], [0.08, 1.91, 0.0], [0.07, 2.95, 0.0], [0.19, 2.64, 0.66], [2.1, 3.66, 0.27], [4.16, 3.4, 0.79], [0.06, 3.31, 0.0]]","[256, 271, 353, 363, 358, 241, 354, 323, 327, 317, 284, 318, 345, 357, 373, 365, 375, 361, 342, 334, 316]",42.9
695,1790252306618505074,307201,103653,34,26,161.6,"[26.5, 29.2, 31.0, 35.8, 41.2, 43.3, 44.6, 45.5, 47.6, 49.7, 81.0, 81.3, 82.6, 83.8, 84.5, 86.1, 87.8, 90.0, 90.3, 99.3, 100.7, 107.0, 116.2, 117.8, 128.3, 161.6]","['OUTSIDE', 'OUTSIDE', 'NEAR', 'NEAR', 'NEAR', 'NEAR', 'NEAR', 'RAIL', 'INSIDE', 'INSIDE', 'OUTSIDE', 'NEAR', 'INSIDE', 'RAIL', 'OUTSIDE', 'INSIDE', 'INSIDE', 'OUTSIDE', 'INSIDE', 'INSIDE', 'INSIDE', 'INSIDE', 'OUTSIDE', 'INSIDE', 'INSIDE', 'INSIDE']","[[5.12, 0.47, 1.88], [8.97, 0.25, 1.98], [2.22, 0.22, 1.64], [0.53, 0.13, 2.23], [1.21, 0.13, 1.47], [1.34, 0.2, 1.08], [3.26, 0.23, 2.28], [0.21, 0.12, 0.65], [0.06, 1.66, 0.01], [0.66, 1.99, 0.57], [1.51, 0.14, 0.72], [0.11, 1.44, 0.0], [1.01, 1.85, 1.97], [2.02, 0.48, 0.92], [0.36, 0.33, 0.4], [2.12, 3.74, 1.87], [1.64, 3.93, 1.01], [1.21, 0.5, 0.37], [0.14, 1.1, 0.0], [0.18, 3.29, 0.0], [0.08, 1.58, 0.0], [1.23, 3.56, 0.43], [0.36, 0.81, 0.25], [0.08, 2.47, 0.0], [3.93, 3.85, 0.29], [3.22, 3.67, 0.81]]","[304, 323, 348, 353, 241, 358, 363, 364, 174, 354, 327, 317, 307, 284, 326, 318, 345, 359, 370, 365, 347, 361, 378, 340, 342, 334]",44.7
696,1790252306718980063,307203,94401,23,19,173.8,"[26.4, 37.4, 38.6, 44.7, 44.9, 47.1, 48.4, 81.0, 84.7, 89.1, 89.8, 93.1, 99.1, 100.5, 105.0, 106.4, 120.7, 131.8, 173.8]","['NEAR', 'NEAR', 'NEAR', 'INSIDE', 'INSIDE', 'INSIDE', 'INSIDE', 'INSIDE', 'INSIDE', 'INSIDE', 'OUTSIDE', 'NEAR', 'INSIDE', 'NEAR', 'OUTSIDE', 'INSIDE', 'INSIDE', 'INSIDE', 'RAIL']","[[2.5, 0.21, 1.8], [1.45, 0.27, 1.89], [0.33, 0.17, 1.52], [0.12, 0.83, 0.01], [0.34, 2.35, 0.34], [0.17, 2.82, 0.33], [0.06, 1.1, 0.0], [3.21, 3.64, 1.96], [1.83, 4.16, 1.3], [1.61, 3.81, 0.41], [1.34, 0.75, 1.8], [0.12, 0.81, 0.0], [0.06, 3.46, 0.0], [0.51, 0.23, 1.11], [0.62, 0.58, 0.2], [1.06, 3.9, 0.87], [0.08, 0.63, 0.0], [14.09, 4.27, 1.71], [2.84, 0.36, 0.26]]","[241, 363, 358, 174, 281, 351, 353, 307, 318, 345, 359, 357, 365, 366, 375, 361, 340, 342, 316]",42.7
697,1790252306824563748,307206,110064,25,19,173.6,"[38.6, 43.0, 45.8, 46.8, 48.7, 81.8, 86.8, 88.3, 92.1, 92.9, 97.8, 99.1, 105.3, 106.8, 116.3, 125.0, 134.1, 158.2, 173.6]","['OUTSIDE', 'NEAR', 'RAIL', 'NEAR', 'INSIDE', 'INSIDE', 'INSIDE', 'INSIDE', 'INSIDE', 'OUTSIDE', 'INSIDE', 'INSIDE', 'INSIDE', 'INSIDE', 'INSIDE', 'INSIDE', 'INSIDE', 'INSIDE', 'RAIL']","[[2.39, 0.22, 1.71], [2.26, 0.27, 1.75], [0.34, 0.11, 0.28], [2.04, 0.23, 1.96], [0.15, 2.47, 0.34], [3.44, 4.21, 1.84], [0.33, 3.76, 0.21], [1.0, 4.22, 1.17], [0.09, 3.58, 0.44], [3.62, 1.49, 2.19], [0.67, 3.73, 0.86], [0.45, 2.28, 0.88], [0.41, 3.87, 0.86], [0.06, 0.75, 0.0], [0.85, 2.94, 0.77], [3.89, 3.76, 0.29], [6.03, 4.22, 1.52], [3.18, 3.58, 0.79], [0.01, 0.3, 0.0]]","[241, 363, 358, 364, 281, 307, 326, 345, 357, 359, 373, 365, 361, 375, 378, 340, 342, 334, 316]",33.3
698,1790252306922101790,307206,101203,25,19,153.3,"[26.3, 34.2, 38.4, 38.6, 41.2, 44.1, 47.1, 50.0, 85.8, 85.9, 90.2, 91.2, 96.1, 101.5, 106.7, 112.9, 122.4, 130.9, 153.3]","['OUTSIDE', 'OUTSIDE', 'OUTSIDE', 'NEAR', 'NEAR', 'RAIL', 'INSIDE', 'INSIDE', 'OUTSIDE', 'INSIDE', 'INSIDE', 'INSIDE', 'INSIDE', 'INSIDE', 'INSIDE', 'INSIDE', 'INSIDE', 'INSIDE', 'INSIDE']","[[6.43, 0.28, 1.97], [1.65, 0.18, 1.96], [2.24, 0.22, 2.07], [2.5, 0.26, 1.75], [1.98, 0.24, 2.31], [0.05, 0.18, 0.88], [0.52, 0.99, 0.5], [0.25, 1.61, 0.02], [1.68, 0.31, 1.89], [1.55, 3.86, 1.14], [4.15, 3.76, 2.15], [0.06, 1.75, 0.0], [0.71, 3.33, 0.84], [1.48, 4.07, 1.31], [0.17, 3.6, 0.46], [0.11, 2.56, 0.0], [2.3, 4.09, 0.81], [3.44, 4.39, 1.47], [3.37, 3.79, 0.75]]","[256, 271, 348, 241, 358, 364, 174, 281, 284, 318, 370, 357, 373, 347, 375, 378, 340, 342, 330]",35.9
699,1790252307019881449,307206,101648,28,20,154.9,"[39.6, 42.6, 45.5, 48.1, 49.4, 80.1, 80.6, 85.6, 87.9, 89.0, 90.6, 92.0, 92.6, 95.6, 101.8, 103.5, 105.6, 112.2, 128.0, 154.9]","['OUTSIDE', 'NEAR', 'NEAR', 'NEAR', 'NEAR', 'NEAR', 'INSIDE', 'INSIDE', 'INSIDE', 'OUTSIDE', 'RAIL', 'INSIDE', 'INSIDE', 'INSIDE', 'INSIDE', 'INSIDE', 'INSIDE', 'INSIDE', 'INSIDE', 'INSIDE']","[[2.36, 0.24, 1.58], [2.5, 0.23, 2.06], [2.13, 0.24, 1.84], [0.56, 0.21, 1.19], [0.37, 0.18, 1.41], [0.76, 0.09, 1.59], [2.6, 3.91, 1.14], [3.53, 3.84, 2.48], [0.05, 0.92, 0.0], [1.18, 1.42, 2.01], [0.09, 0.37, 0.14], [0.13, 1.24, 0.61], [3.16, 3.86, 2.18], [0.33, 4.22, 0.85], [0.83, 4.02, 1.1], [0.05, 2.35, 0.0], [2.07, 3.88, 0.69], [1.31, 3.12, 1.22], [12.63, 4.25, 1.64], [3.19, 2.97, 0.78]]","[271, 348, 363, 358, 364, 307, 327, 318, 352, 345, 370, 357, 359, 373, 347, 361, 375, 378, 342, 330]",44.8
700,1790252307129919929,307208,101306,27,21,125.4,"[39.2, 44.5, 44.6, 46.7, 47.7, 49.7, 82.3, 86.6, 89.0, 91.0, 92.5, 94.5, 95.6, 97.6, 101.9, 103.4, 105.1, 107.4, 112.5, 117.7, 125.4]","['NEAR', 'NEAR', 'RAIL', 'NEAR', 'NEAR', 'INSIDE', 'INSIDE', 'INSIDE', 'RAIL', 'INSIDE', 'INSIDE', 'INSIDE', 'NEAR', 'INSIDE', 'INSIDE', 'INSIDE', 'OUTSIDE', 'INSIDE', 'OUTSIDE', 'INSIDE', 'INSIDE']","[[9.25, 0.29, 1.86], [0.58, 0.18, 2.14], [0.27, 0.13, 0.65], [0.77, 0.2, 1.55], [0.28, 0.18, 1.23], [0.13, 0.47, 0.38], [4.94, 4.17, 2.56], [2.37, 3.7, 2.48], [0.08, 0.19, 0.36], [0.42, 3.94, 0.59], [0.07, 2.74, 0.0], [0.07, 3.49, 0.26], [1.02, 0.05, 0.59], [1.06, 3.61, 0.42], [0.47, 4.02, 0.83], [0.79, 2.12, 0.84], [0.06, 0.73, 0.0], [1.95, 3.75, 0.45], [0.07, 1.57, 0.0], [0.89, 3.91, 0.48], [3.21, 4.47, 1.64]]","[271, 241, 358, 363, 364, 353, 317, 318, 370, 359, 357, 373, 374, 365, 347, 361, 375, 387, 378, 340, 342]",47.4
701,1790252307219989543,307202,105823,27,21,154.2,"[28.8, 31.7, 42.1, 44.7, 47.5, 48.5, 49.7, 80.7, 84.7, 87.3, 90.4, 92.1, 96.4, 98.6, 101.6, 103.2, 104.8, 106.6, 116.3, 124.9, 154.2]","['NEAR', 'NEAR', 'RAIL', 'NEAR', 'NEAR', 'INSIDE', 'INSIDE', 'RAIL', 'RAIL', 'INSIDE', 'RAIL', 'INSIDE', 'INSIDE', 'OUTSIDE', 'INSIDE', 'INSIDE', 'OUTSIDE', 'INSIDE', 'INSIDE', 'INSIDE', 'INSIDE']","[[2.13, 0.33, 2.8], [1.28, 0.23, 1.19], [0.36, 0.18, 0.87], [0.94, 0.1, 0.85], [0.99, 0.22, 0.87], [0.73, 1.78, 0.75], [0.61, 0.86, 1.14], [0.49, 0.31, 0.89], [0.11, 0.29, 0.35], [6.21, 4.0, 2.34], [0.4, 0.21, 0.58], [2.45, 4.25, 1.81], [1.86, 3.89, 1.32], [0.89, 0.17, 0.86], [0.7, 3.86, 0.84], [0.07, 1.62, 0.0], [0.07, 2.01, 0.0], [1.0, 3.67, 1.17], [0.19, 3.65, 0.24], [5.13, 4.19, 1.66], [4.61, 3.8, 0.77]]","[348, 241, 364, 358, 363, 304, 354, 327, 370, 318, 345, 357, 373, 360, 347, 361, 375, 387, 340, 342, 330]",46.0
702,1790252307322246500,307207,83024,30,24,152.5,"[28.8, 35.7, 40.5, 42.9, 44.3, 45.6, 46.9, 48.3, 49.2, 80.9, 83.0, 84.6, 85.4, 88.9, 90.8, 95.8, 97.6, 100.0, 100.6, 104.4, 106.2, 114.7, 124.2, 152.5]","['NEAR', 'INSIDE', 'NEAR', 'NEAR', 'NEAR', 'RAIL', 'NEAR', 'NEAR', 'INSIDE', 'INSIDE', 'INSIDE', 'INSIDE', 'INSIDE', 'RAIL', 'INSIDE', 'INSIDE', 'OUTSIDE', 'OUTSIDE', 'INSIDE', 'INSIDE', 'INSIDE', 'OUTSIDE', 'INSIDE', 'INSIDE']","[[6.59, 0.28, 1.83], [2.33, 0.97, 2.97], [1.27, 0.24, 1.69], [0.29, 0.15, 0.87], [1.18, 0.1, 0.44], [0.35, 0.23, 0.87], [0.61, 0.22, 1.92], [0.66, 0.18, 1.2], [0.94, 1.87, 0.74], [5.25, 4.19, 2.55], [0.04, 0.87, 0.0], [0.11, 2.28, 1.28], [2.21, 4.04, 2.26], [1.27, 0.53, 0.58], [0.58, 3.81, 1.78], [2.26, 3.78, 1.33], [2.11, 0.26, 1.3], [0.11, 1.57, 0.0], [1.94, 3.84, 0.85], [2.33, 3.3, 1.15], [0.07, 1.48, 0.0], [0.16, 0.6, 0.24], [3.47, 4.33, 1.64], [4.71, 4.03, 0.77]]","[323, 271, 348, 241, 358, 364, 363, 353, 304, 317, 318, 284, 326, 345, 359, 373, 360, 347, 366, 375, 387, 340, 342, 330]",44.4
703,1790252307422265186,307201,103658,27,21,150.7,"[34.8, 41.7, 44.2, 45.2, 46.7, 47.6, 49.7, 80.1, 83.7, 86.1, 87.5, 88.9, 90.7, 93.3, 95.5, 99.0, 104.5, 113.0, 115.1, 127.1, 150.7]","['NEAR', 'NEAR', 'RAIL', 'NEAR', 'NEAR', 'NEAR', 'NEAR', 'INSIDE', 'INSIDE', 'INSIDE', 'OUTSIDE', 'INSIDE', 'INSIDE', 'INSIDE', 'INSIDE', 'INSIDE', 'INSIDE', 'OUTSIDE', 'INSIDE', 'INSIDE', 'INSIDE']","[[10.04, 0.33, 1.99], [2.06, 0.23, 2.02], [1.13, 0.16, 0.99], [1.36, 0.19, 1.67], [0.59, 0.21, 1.74], [0.63, 0.2, 1.78], [0.15, 0.22, 1.22], [9.66, 3.76, 2.58], [1.75, 3.78, 0.4], [0.22, 1.91, 0.36], [1.53, 0.52, 1.69], [1.27, 3.89, 1.39], [0.06, 2.85, 0.0], [1.24, 2.94, 1.03], [0.66, 3.63, 1.67], [1.96, 3.78, 0.83], [0.07, 1.82, 0.0], [0.18, 0.94, 0.23], [0.32, 3.92, 0.77], [12.33, 4.27, 1.62], [4.32, 3.68, 0.76]]","[256, 348, 353, 241, 358, 363, 364, 317, 284, 326, 345, 352, 359, 357, 373, 365, 375, 378, 340, 342, 330]",49.7
704,1790252307527902342,307190,104496,33,26,170.6,"[31.6, 39.6, 41.1, 45.2, 46.1, 47.0, 49.2, 77.1, 80.5, 80.6, 82.3, 82.7, 84.4, 86.0, 87.4, 89.0, 90.5, 93.8, 98.4, 99.7, 103.4, 113.3, 119.6, 121.3, 149.3, 170.6]","['NEAR', 'NEAR', 'NEAR', 'NEAR', 'NEAR', 'NEAR', 'INSIDE', 'NEAR', 'INSIDE', 'OUTSIDE', 'RAIL', 'OUTSIDE', 'INSIDE', 'OUTSIDE', 'NEAR', 'INSIDE', 'INSIDE', 'INSIDE', 'INSIDE', 'INSIDE', 'INSIDE', 'INSIDE', 'INSIDE', 'INSIDE', 'INSIDE', 'RAIL']","[[1.3, 0.19, 1.42], [0.62, 0.19, 1.4], [0.22, 0.17, 1.0], [0.34, 0.13, 1.74], [0.97, 0.11, 1.45], [0.21, 0.19, 1.3], [0.12, 2.79, 0.28], [5.89, 0.2, 2.25], [1.57, 3.76, 0.34], [1.04, 0.14, 0.89], [0.17, 0.33, 0.33], [0.42, 1.48, 0.36], [0.13, 3.54, 0.0], [1.41, 0.37, 1.66], [0.53, 0.18, 0.96], [0.14, 3.78, 0.58], [0.06, 1.74, 0.0], [0.63, 3.6, 1.65], [0.18, 3.26, 0.0], [0.09, 2.09, 0.0], [2.02, 3.94, 1.16], [0.17, 3.76, 0.0], [0.26, 0.56, 1.56], [2.65, 4.01, 1.42], [4.73, 3.9, 0.75], [0.04, 0.3, 0.0]]","[271, 353, 348, 358, 363, 364, 354, 307, 317, 327, 369, 284, 326, 345, 370, 352, 359, 357, 365, 366, 361, 378, 340, 342, 330, 316]",46.4
705,1790252307625428775,307195,105614,31,25,149.0,"[26.7, 40.5, 42.7, 43.8, 44.4, 45.5, 49.4, 77.0, 80.7, 82.6, 82.8, 84.2, 84.6, 86.2, 89.2, 92.1, 93.5, 96.7, 97.6, 100.3, 102.7, 111.8, 113.7, 118.0, 149.0]","['NEAR', 'NEAR', 'NEAR', 'NEAR', 'INSIDE', 'INSIDE', 'OUTSIDE', 'INSIDE', 'RAIL', 'INSIDE', 'NEAR', 'INSIDE', 'OUTSIDE', 'NEAR', 'INSIDE', 'INSIDE', 'INSIDE', 'OUTSIDE', 'INSIDE', 'INSIDE', 'INSIDE', 'INSIDE', 'INSIDE', 'NEAR', 'INSIDE']","[[0.3, 0.17, 0.63], [2.47, 0.19, 2.11], [0.23, 0.1, 0.6], [1.04, 0.19, 1.98], [0.36, 0.95, 1.18], [0.3, 2.14, 0.02], [0.08, 1.39, 0.37], [1.0, 2.02, 1.34], [0.14, 0.42, 0.33], [0.1, 1.88, 0.0], [0.66, 0.19, 1.64], [0.05, 3.67, 0.0], [1.96, 0.52, 1.51], [1.77, 0.3, 1.54], [1.11, 4.03, 1.14], [0.7, 4.01, 1.62], [0.13, 2.62, 0.25], [0.08, 0.84, 0.0], [1.15, 3.72, 0.2], [1.78, 2.99, 1.11], [0.11, 2.16, 0.24], [0.21, 3.81, 0.75], [0.06, 2.58, 0.0], [0.2, 0.41, 1.36], [1.94, 3.65, 0.31]]","[348, 241, 353, 364, 174, 358, 271, 307, 369, 284, 318, 326, 345, 370, 352, 357, 374, 360, 365, 347, 361, 378, 386, 340, 330]",59.3
706,1790252307722747815,307193,104901,29,21,158.6,"[25.4, 36.9, 39.1, 40.8, 43.7, 43.9, 44.8, 49.6, 81.4, 83.6, 85.8, 88.2, 92.4, 97.9, 101.9, 112.0, 114.0, 116.3, 118.8, 146.0, 158.6]","['NEAR', 'OUTSIDE', 'NEAR', 'OUTSIDE', 'NEAR', 'NEAR', 'INSIDE', 'INSIDE', 'NEAR', 'INSIDE', 'OUTSIDE', 'INSIDE', 'INSIDE', 'INSIDE', 'INSIDE', 'INSIDE', 'INSIDE', 'NEAR', 'INSIDE', 'INSIDE', 'INSIDE']","[[2.53, 0.26, 1.53], [4.54, 0.25, 2.05], [0.6, 0.18, 1.28], [0.41, 0.17, 1.55], [0.68, 0.19, 0.79], [0.63, 0.67, 1.07], [0.06, 1.78, 0.01], [0.06, 1.83, 0.0], [0.76, 0.21, 1.61], [1.9, 4.12, 1.84], [0.59, 0.34, 1.33], [1.93, 4.0, 0.78], [2.02, 4.22, 0.85], [0.22, 3.61, 0.41], [1.69, 3.9, 0.66], [0.06, 3.91, 0.0], [0.08, 1.59, 0.0], [0.42, 0.28, 1.52], [1.31, 3.79, 1.38], [4.73, 3.85, 0.73], [0.13, 3.6, 0.45]]","[323, 348, 241, 353, 364, 174, 281, 358, 318, 326, 345, 352, 357, 365, 361, 378, 386, 340, 342, 381, 334]",67.0
707,1790252307821468468,307197,104655,37,29,155.5,"[25.5, 37.5, 39.1, 40.7, 42.3, 43.1, 44.1, 45.2, 46.1, 47.2, 76.8, 80.0, 81.3, 82.6, 84.3, 85.6, 86.8, 88.7, 88.8, 90.3, 91.8, 96.1, 100.2, 110.4, 112.3, 115.4, 117.1, 144.3, 155.5]","['NEAR', 'OUTSIDE', 'OUTSIDE', 'OUTSIDE', 'OUTSIDE', 'NEAR', 'OUTSIDE', 'OUTSIDE', 'INSIDE', 'INSIDE', 'NEAR', 'RAIL', 'OUTSIDE', 'INSIDE', 'OUTSIDE', 'NEAR', 'INSIDE', 'OUTSIDE', 'INSIDE', 'INSIDE', 'INSIDE', 'INSIDE', 'INSIDE', 'INSIDE', 'INSIDE', 'NEAR', 'INSIDE', 'INSIDE', 'INSIDE']","[[3.0, 0.37, 2.81], [1.92, 0.24, 2.47], [0.37, 0.17, 1.68], [0.58, 0.16, 2.08], [0.82, 0.2, 1.54], [0.34, 0.21, 2.18], [0.35, 0.17, 1.56], [0.07, 0.12, 0.87], [0.66, 1.67, 0.82], [0.09, 2.37, 0.34], [1.31, 0.3, 2.54], [0.78, 0.43, 0.32], [0.43, 0.79, 0.71], [1.15, 3.74, 1.64], [1.96, 0.34, 0.56], [0.91, 0.35, 1.17], [1.33, 3.94, 0.41], [0.72, 0.19, 1.32], [0.52, 0.3, 1.74], [0.32, 3.32, 0.81], [0.25, 2.06, 0.41], [0.51, 3.95, 1.04], [1.67, 4.01, 0.65], [0.09, 3.66, 0.0], [0.09, 3.14, 0.0], [1.65, 0.4, 1.5], [1.29, 3.48, 1.36], [4.7, 3.81, 0.73], [3.12, 3.27, 0.45]]","[323, 348, 353, 241, 363, 364, 358, 271, 174, 281, 307, 327, 284, 326, 345, 370, 352, 359, 357, 377, 374, 373, 347, 378, 386, 340, 342, 381, 334]",68.0
708,1790252307924308269,307187,104666,33,25,156.1,"[31.6, 34.6, 37.0, 37.8, 39.4, 41.5, 42.6, 44.1, 45.4, 46.6, 47.1, 82.3, 88.5, 93.9, 96.2, 99.2, 100.8, 102.4, 104.4, 110.7, 113.1, 117.5, 133.3, 144.8, 156.1]","['NEAR', 'OUTSIDE', 'OUTSIDE', 'OUTSIDE', 'NEAR', 'OUTSIDE', 'OUTSIDE', 'NEAR', 'NEAR', 'RAIL', 'INSIDE', 'INSIDE', 'INSIDE', 'INSIDE', 'INSIDE', 'OUTSIDE', 'INSIDE', 'OUTSIDE', 'INSIDE', 'INSIDE', 'NEAR', 'INSIDE', 'INSIDE', 'INSIDE', 'INSIDE']","[[0.64, 0.2, 1.59], [2.59, 0.25, 1.75], [2.18, 0.2, 1.51], [2.75, 0.23, 2.0], [0.71, 0.17, 1.48], [0.28, 0.18, 1.69], [1.43, 0.16, 1.77], [0.7, 0.21, 1.69], [0.42, 0.11, 0.3], [1.23, 0.43, 1.03], [0.44, 0.8, 0.03], [0.22, 3.78, 0.36], [3.4, 4.23, 1.7], [2.34, 2.97, 1.42], [0.05, 1.34, 0.0], [0.07, 1.39, 0.23], [0.07, 1.76, 0.0], [0.61, 0.46, 0.46], [0.94, 3.58, 0.47], [0.08, 3.67, 0.0], [0.31, 0.34, 1.48], [0.04, 3.49, 0.0], [4.45, 3.97, 0.94], [0.39, 3.57, 0.3], [1.53, 3.54, 0.45]]","[354, 256, 323, 348, 353, 271, 358, 241, 364, 363, 281, 326, 377, 373, 365, 347, 366, 361, 375, 378, 340, 342, 382, 381, 334]",67.7
709,1790252308025079877,307188,98996,27,21,154.4,"[34.2, 38.3, 42.5, 74.5, 79.2, 81.3, 82.6, 85.2, 87.0, 87.8, 88.2, 93.8, 99.1, 103.2, 108.5, 111.3, 111.6, 115.9, 135.3, 143.2, 154.4]","['NEAR', 'OUTSIDE', 'NEAR', 'INSIDE', 'INSIDE', 'NEAR', 'INSIDE', 'INSIDE', 'INSIDE', 'INSIDE', 'NEAR', 'INSIDE', 'INSIDE', 'INSIDE', 'INSIDE', 'INSIDE', 'OUTSIDE', 'INSIDE', 'INSIDE', 'INSIDE', 'INSIDE']","[[3.2, 0.24, 1.73], [3.89, 0.22, 1.95], [3.22, 0.22, 1.69], [0.27, 2.34, 0.01], [1.2, 2.72, 1.77], [2.96, 0.16, 1.23], [1.07, 4.05, 1.47], [0.64, 4.2, 0.94], [0.07, 2.28, 0.0], [3.6, 3.86, 1.59], [2.21, 0.1, 0.77], [2.01, 3.95, 1.22], [0.08, 2.08, 0.0], [0.34, 3.91, 0.45], [1.28, 4.0, 0.45], [0.48, 2.12, 1.68], [1.01, 0.26, 1.24], [0.13, 3.87, 1.01], [3.7, 3.95, 1.13], [0.36, 3.53, 0.3], [1.53, 3.23, 0.44]]","[256, 348, 271, 307, 284, 369, 326, 352, 377, 359, 357, 373, 366, 375, 378, 386, 392, 342, 382, 381, 334]",57.4
710,1790252308116806459,307206,99632,26,21,150.5,"[39.4, 41.3, 44.1, 47.2, 71.7, 84.1, 86.7, 90.6, 92.9, 95.9, 97.5, 98.9, 101.5, 104.4, 107.3, 109.8, 111.4, 114.2, 132.2, 140.7, 150.5]","['RAIL', 'NEAR', 'NEAR', 'NEAR', 'NEAR', 'INSIDE', 'INSIDE', 'OUTSIDE', 'INSIDE', 'OUTSIDE', 'INSIDE', 'OUTSIDE', 'INSIDE', 'OUTSIDE', 'INSIDE', 'INSIDE', 'INSIDE', 'INSIDE', 'INSIDE', 'INSIDE', 'INSIDE']","[[0.33, 0.16, 0.87], [2.47, 0.23, 1.65], [2.39, 0.4, 1.78], [0.56, 0.16, 1.14], [2.98, 0.39, 2.38], [2.83, 4.26, 2.22], [3.25, 4.04, 1.33], [2.43, 2.07, 1.18], [0.16, 2.59, 0.0], [0.08, 1.34, 0.22], [0.05, 2.21, 0.0], [0.99, 0.27, 1.58], [0.18, 3.66, 0.44], [1.97, 0.16, 0.88], [0.44, 3.94, 0.44], [0.31, 0.51, 1.43], [2.97, 3.86, 1.3], [0.07, 3.39, 0.0], [5.9, 3.96, 1.12], [1.94, 3.77, 0.91], [3.08, 3.16, 0.43]]","[348, 353, 358, 364, 307, 352, 377, 374, 373, 360, 365, 347, 361, 375, 378, 386, 392, 342, 382, 381, 330]",50.8
711,1790252308222520748,307196,104141,25,19,151.2,"[29.1, 37.7, 40.6, 43.5, 46.1, 72.8, 82.0, 86.9, 87.1, 88.8, 93.1, 99.4, 101.7, 108.0, 108.7, 114.8, 132.3, 142.2, 151.2]","['NEAR', 'NEAR', 'NEAR', 'NEAR', 'INSIDE', 'INSIDE', 'INSIDE', 'OUTSIDE', 'RAIL', 'INSIDE', 'INSIDE', 'OUTSIDE', 'INSIDE', 'INSIDE', 'INSIDE', 'INSIDE', 'INSIDE', 'INSIDE', 'INSIDE']","[[4.56, 0.39, 2.66], [0.47, 0.17, 1.88], [2.04, 0.2, 1.12], [0.19, 0.15, 0.77], [0.61, 1.8, 0.77], [0.29, 2.54, 0.5], [6.52, 4.29, 1.64], [0.06, 0.76, 0.0], [2.94, 0.3, 0.95], [1.83, 3.82, 0.44], [2.62, 3.98, 1.82], [1.14, 1.03, 1.31], [0.21, 3.73, 0.0], [0.38, 0.47, 1.64], [4.88, 3.76, 1.68], [1.53, 3.87, 0.23], [6.21, 4.05, 1.13], [4.22, 3.93, 0.93], [1.56, 3.16, 0.01]]","[353, 323, 241, 358, 304, 307, 326, 377, 359, 374, 373, 347, 361, 386, 378, 342, 382, 381, 330]",55.2
712,1790252308331422530,307202,103424,23,18,150.3,"[29.0, 33.9, 40.1, 45.0, 47.8, 81.8, 82.0, 85.1, 88.5, 92.4, 94.1, 98.1, 100.1, 102.1, 106.5, 108.7, 113.9, 150.3]","['NEAR', 'NEAR', 'NEAR', 'NEAR', 'INSIDE', 'INSIDE', 'INSIDE', 'INSIDE', 'INSIDE', 'OUTSIDE', 'INSIDE', 'INSIDE', 'INSIDE', 'INSIDE', 'INSIDE', 'INSIDE', 'INSIDE', 'INSIDE']","[[4.88, 0.27, 2.8], [6.47, 0.45, 2.43], [2.4, 0.19, 0.91], [0.2, 0.09, 0.52], [0.73, 1.58, 0.78], [0.08, 1.14, 0.0], [4.28, 4.24, 2.32], [0.11, 3.73, 0.4], [3.76, 3.85, 2.16], [1.63, 0.48, 1.19], [0.09, 2.3, 0.0], [0.3, 3.97, 0.4], [0.18, 3.67, 0.0], [0.05, 2.67, 0.0], [0.24, 0.37, 1.61], [1.73, 3.63, 0.44], [0.4, 3.81, 0.99], [0.1, 3.41, 0.0]]","[256, 353, 241, 391, 304, 326, 284, 352, 374, 373, 360, 365, 366, 361, 386, 378, 342, 330]",41.4
713,1790252308419525001,307199,101678,27,24,147.1,"[25.2, 29.2, 41.2, 42.4, 43.3, 44.7, 48.3, 82.0, 82.8, 83.4, 86.7, 87.6, 90.4, 92.5, 93.6, 98.4, 101.0, 105.5, 107.7, 110.7, 112.3, 127.7, 137.3, 147.1]","['NEAR', 'NEAR', 'NEAR', 'NEAR', 'NEAR', 'NEAR', 'INSIDE', 'INSIDE', 'OUTSIDE', 'INSIDE', 'INSIDE', 'OUTSIDE', 'INSIDE', 'INSIDE', 'OUTSIDE', 'INSIDE', 'OUTSIDE', 'INSIDE', 'INSIDE', 'INSIDE', 'INSIDE', 'INSIDE', 'INSIDE', 'INSIDE']","[[0.4, 0.15, 0.75], [0.24, 0.16, 0.95], [1.02, 0.18, 0.9], [0.5, 0.19, 0.64], [0.57, 0.15, 1.0], [0.34, 0.15, 0.88], [0.07, 2.04, 0.01], [0.3, 3.72, 0.01], [1.08, 0.23, 0.34], [0.06, 1.75, 0.0], [0.85, 2.3, 1.34], [0.67, 0.21, 0.77], [1.63, 3.77, 0.75], [0.06, 1.94, 0.0], [3.78, 0.2, 1.07], [0.2, 3.89, 0.43], [1.74, 0.22, 1.33], [2.27, 4.44, 1.61], [0.08, 0.94, 0.0], [0.08, 3.48, 0.0], [0.16, 3.68, 0.52], [8.99, 4.01, 1.09], [4.24, 3.64, 0.89], [3.02, 3.59, 0.42]]","[271, 358, 241, 391, 353, 174, 304, 284, 345, 326, 370, 359, 374, 360, 373, 365, 347, 386, 378, 392, 342, 382, 381, 330]",44.4
714,1790252308530925680,307182,101257,26,23,146.3,"[28.1, 29.1, 31.6, 35.8, 39.7, 42.0, 45.5, 46.7, 47.7, 49.3, 80.8, 83.4, 85.2, 88.1, 88.6, 90.9, 94.9, 98.5, 103.2, 104.3, 107.6, 112.2, 146.3]","['NEAR', 'NEAR', 'NEAR', 'NEAR', 'NEAR', 'NEAR', 'NEAR', 'NEAR', 'NEAR', 'INSIDE', 'INSIDE', 'INSIDE', 'INSIDE', 'OUTSIDE', 'INSIDE', 'OUTSIDE', 'INSIDE', 'INSIDE', 'NEAR', 'INSIDE', 'INSIDE', 'INSIDE', 'INSIDE']","[[0.73, 0.21, 1.19], [6.42, 0.44, 1.84], [0.35, 0.16, 0.7], [2.82, 0.23, 1.24], [0.31, 0.12, 0.67], [0.74, 0.21, 2.08], [1.05, 0.22, 1.75], [0.2, 0.18, 0.82], [1.01, 0.2, 0.66], [0.92, 2.04, 1.0], [2.52, 3.88, 2.31], [0.29, 1.86, 2.21], [3.11, 4.16, 0.94], [0.4, 0.2, 1.56], [2.29, 0.19, 1.18], [2.02, 0.2, 1.37], [0.27, 4.0, 0.39], [0.71, 4.06, 0.89], [0.58, 0.43, 1.56], [4.28, 3.92, 1.61], [0.07, 3.38, 0.0], [0.08, 3.72, 0.0], [1.53, 3.05, 0.42]]","[354, 323, 348, 271, 241, 364, 391, 363, 304, 174, 284, 326, 352, 359, 357, 374, 373, 365, 361, 386, 378, 342, 330]",41.3
715,1790252308620633435,307192,101020,33,27,147.6,"[28.5, 29.2, 38.0, 41.5, 44.8, 44.8, 48.0, 48.1, 49.2, 80.1, 82.5, 83.2, 84.7, 86.3, 88.6, 95.3, 97.0, 99.2, 101.4, 103.0, 106.1, 107.4, 112.0, 113.4, 127.0, 139.4, 147.6]","['NEAR', 'NEAR', 'NEAR', 'RAIL', 'NEAR', 'RAIL', 'NEAR', 'NEAR', 'INSIDE', 'INSIDE', 'RAIL', 'INSIDE', 'OUTSIDE', 'INSIDE', 'OUTSIDE', 'INSIDE', 'OUTSIDE', 'INSIDE', 'INSIDE', 'OUTSIDE', 'INSIDE', 'INSIDE', 'INSIDE', 'INSIDE', 'INSIDE', 'INSIDE', 'INSIDE']","[[0.65, 0.2, 0.68], [1.2, 0.17, 0.84], [1.82, 0.23, 1.4], [0.47, 0.1, 0.27], [0.76, 0.17, 0.44], [0.74, 0.22, 0.86], [0.33, 0.22, 1.63], [0.57, 0.17, 0.96], [0.49, 2.71, 0.73], [0.08, 0.84, 0.0], [2.37, 0.06, 0.73], [0.04, 1.89, 0.0], [0.04, 1.04, 0.0], [0.38, 3.75, 0.76], [3.21, 0.19, 1.57], [0.46, 4.03, 0.77], [0.55, 0.15, 1.54], [1.61, 3.98, 0.42], [0.49, 2.18, 1.76], [2.73, 0.45, 0.92], [0.14, 2.78, 0.0], [0.05, 3.56, 0.0], [0.12, 3.52, 0.0], [0.05, 3.37, 0.22], [12.06, 3.93, 1.16], [3.18, 3.78, 0.9], [1.49, 3.37, 0.01]]","[348, 353, 241, 358, 364, 391, 363, 304, 174, 369, 326, 318, 352, 370, 359, 373, 365, 366, 361, 375, 378, 386, 342, 340, 382, 381, 330]",44.8
716,1790252308721316384,307183,102458,19,18,150.9,"[27.5, 36.4, 38.0, 39.8, 42.9, 47.7, 49.2, 83.1, 91.4, 93.2, 99.5, 99.9, 104.0, 109.0, 110.3, 114.8, 116.5, 150.9]","['NEAR', 'NEAR', 'NEAR', 'NEAR', 'NEAR', 'NEAR', 'NEAR', 'INSIDE', 'OUTSIDE', 'INSIDE', 'NEAR', 'INSIDE', 'INSIDE', 'INSIDE', 'INSIDE', 'INSIDE', 'INSIDE', 'RAIL']","[[0.47, 0.12, 1.03], [1.45, 0.2, 1.08], [1.12, 0.14, 0.82], [3.04, 0.23, 1.69], [1.59, 0.28, 2.13], [0.51, 0.19, 1.59], [0.62, 0.23, 0.95], [0.03, 1.6, 0.0], [0.77, 1.12, 0.38], [1.23, 3.96, 1.66], [0.79, 0.55, 1.51], [4.27, 4.07, 1.7], [2.27, 3.94, 0.91], [0.17, 3.81, 0.72], [0.25, 4.05, 0.51], [0.07, 3.21, 0.0], [0.18, 4.0, 0.54], [0.11, 0.35, 0.23]]","[323, 348, 353, 271, 363, 391, 304, 318, 374, 360, 361, 366, 378, 386, 392, 340, 395, 330]",42.0
717,1790252308818248261,307182,103052,22,20,136.1,"[34.9, 36.2, 37.7, 41.4, 44.5, 47.2, 47.9, 49.3, 83.7, 91.5, 93.9, 95.7, 99.0, 104.2, 105.7, 108.8, 110.2, 116.3, 125.3, 136.1]","['OUTSIDE', 'NEAR', 'OUTSIDE', 'OUTSIDE', 'NEAR', 'NEAR', 'OUTSIDE', 'RAIL', 'INSIDE', 'INSIDE', 'INSIDE', 'INSIDE', 'INSIDE', 'INSIDE', 'INSIDE', 'INSIDE', 'INSIDE', 'INSIDE', 'INSIDE', 'INSIDE']","[[0.67, 0.18, 0.91], [0.69, 0.2, 0.61], [3.61, 0.22, 1.61], [1.32, 0.22, 2.55], [1.69, 0.32, 1.65], [0.56, 0.15, 0.31], [1.2, 0.22, 0.97], [1.1, 0.19, 0.78], [4.54, 4.15, 2.16], [1.22, 4.05, 1.63], [0.04, 1.47, 0.0], [0.75, 2.94, 0.43], [2.23, 4.46, 1.71], [0.33, 3.65, 1.42], [0.03, 1.48, 0.0], [0.19, 3.75, 0.5], [0.02, 3.46, 0.0], [0.08, 3.72, 0.79], [9.98, 4.13, 1.08], [3.3, 4.05, 0.88]]","[256, 348, 271, 241, 391, 364, 323, 363, 318, 374, 360, 373, 366, 378, 386, 392, 342, 395, 382, 381]",34.4
718,1790252308928761743,307188,103476,27,23,136.1,"[33.1, 35.2, 38.3, 40.2, 41.1, 42.6, 47.3, 48.3, 77.3, 78.5, 82.0, 82.8, 84.1, 87.3, 92.3, 96.5, 96.9, 102.3, 105.8, 108.7, 110.2, 127.8, 136.1]","['OUTSIDE', 'OUTSIDE', 'OUTSIDE', 'OUTSIDE', 'NEAR', 'OUTSIDE', 'OUTSIDE', 'OUTSIDE', 'INSIDE', 'RAIL', 'INSIDE', 'OUTSIDE', 'INSIDE', 'INSIDE', 'INSIDE', 'NEAR', 'INSIDE', 'INSIDE', 'INSIDE', 'INSIDE', 'INSIDE', 'INSIDE', 'INSIDE']","[[2.32, 0.2, 1.25], [2.57, 0.24, 1.61], [0.68, 0.23, 2.04], [1.63, 0.19, 2.05], [2.29, 0.76, 2.8], [0.64, 0.2, 0.59], [0.23, 0.23, 1.21], [0.24, 0.17, 0.53], [5.73, 2.69, 2.11], [2.87, 0.11, 1.08], [1.47, 2.57, 1.59], [2.99, 0.27, 1.59], [0.57, 1.8, 1.72], [2.21, 3.88, 0.42], [0.09, 3.54, 0.0], [0.52, 0.39, 1.68], [5.88, 4.11, 1.4], [3.8, 4.1, 1.57], [0.52, 3.92, 0.92], [0.09, 1.52, 0.0], [0.17, 3.79, 0.51], [1.69, 3.98, 0.89], [0.49, 3.89, 0.88]]","[256, 348, 353, 271, 364, 354, 241, 391, 369, 284, 326, 345, 318, 370, 374, 373, 366, 378, 386, 392, 342, 382, 381]",40.6
719,1790252309032735024,307182,101894,24,21,133.6,"[27.7, 32.9, 34.8, 38.0, 41.2, 42.6, 47.4, 47.4, 48.3, 76.9, 86.6, 91.6, 95.6, 95.9, 102.1, 104.0, 107.0, 108.5, 116.7, 126.1, 133.6]","['OUTSIDE', 'OUTSIDE', 'OUTSIDE', 'OUTSIDE', 'OUTSIDE', 'OUTSIDE', 'NEAR', 'RAIL', 'OUTSIDE', 'INSIDE', 'INSIDE', 'INSIDE', 'NEAR', 'INSIDE', 'INSIDE', 'INSIDE', 'INSIDE', 'INSIDE', 'INSIDE', 'INSIDE', 'INSIDE']","[[1.51, 0.23, 0.84], [1.43, 0.2, 1.5], [4.03, 0.28, 2.58], [1.42, 0.24, 1.65], [0.25, 0.19, 1.52], [0.45, 0.1, 0.32], [0.31, 0.13, 1.19], [0.61, 0.21, 1.04], [0.41, 0.16, 0.94], [2.41, 2.32, 2.01], [0.35, 3.96, 0.39], [1.94, 4.15, 1.65], [1.84, 0.43, 1.66], [4.08, 3.87, 1.56], [1.37, 3.94, 1.4], [0.29, 3.86, 0.9], [0.12, 2.43, 0.0], [0.17, 3.6, 0.0], [1.48, 3.67, 0.32], [1.73, 3.88, 0.52], [1.78, 3.85, 0.87]]","[354, 256, 348, 241, 271, 391, 364, 363, 304, 369, 370, 374, 373, 366, 378, 386, 392, 342, 395, 382, 381]",37.0
720,1790252309120276264,307172,102131,27,21,131.9,"[27.4, 29.9, 30.9, 34.9, 39.5, 42.5, 44.9, 47.8, 49.0, 85.0, 88.0, 93.4, 93.4, 100.0, 102.5, 105.4, 106.9, 112.9, 115.2, 122.8, 131.9]","['OUTSIDE', 'OUTSIDE', 'OUTSIDE', 'NEAR', 'NEAR', 'RAIL', 'NEAR', 'OUTSIDE', 'NEAR', 'INSIDE', 'OUTSIDE', 'NEAR', 'INSIDE', 'INSIDE', 'INSIDE', 'INSIDE', 'INSIDE', 'INSIDE', 'INSIDE', 'INSIDE', 'INSIDE']","[[0.35, 0.18, 0.75], [6.71, 0.24, 2.2], [1.39, 0.23, 1.56], [2.07, 0.25, 2.2], [1.27, 0.3, 1.31], [0.41, 0.18, 0.63], [0.66, 0.16, 0.83], [0.36, 0.18, 0.48], [0.75, 0.24, 0.95], [0.26, 3.88, 0.38], [2.07, 0.2, 1.68], [0.78, 0.38, 1.63], [5.99, 4.24, 1.75], [1.69, 4.02, 1.38], [0.47, 3.98, 0.89], [0.13, 2.02, 0.0], [0.16, 3.73, 0.0], [0.1, 2.76, 0.0], [1.61, 3.97, 0.53], [4.25, 4.07, 0.87], [1.8, 3.79, 0.85]]","[354, 256, 353, 358, 271, 364, 391, 174, 304, 352, 359, 360, 374, 361, 378, 386, 392, 340, 395, 382, 381]",38.1
721,1790252309224541632,307178,101813,40,32,132.6,"[28.3, 29.6, 31.7, 34.3, 36.3, 38.0, 39.5, 40.5, 43.0, 43.3, 47.1, 48.0, 49.2, 73.2, 75.0, 77.7, 79.5, 81.1, 83.0, 83.4, 85.8, 89.5, 92.4, 96.3, 99.7, 100.9, 102.0, 106.7, 108.2, 113.6, 124.2, 132.6]","['NEAR', 'NEAR', 'NEAR', 'NEAR', 'NEAR', 'NEAR', 'NEAR', 'INSIDE', 'NEAR', 'NEAR', 'NEAR', 'NEAR', 'NEAR', 'OUTSIDE', 'INSIDE', 'OUTSIDE', 'INSIDE', 'OUTSIDE', 'OUTSIDE', 'INSIDE', 'INSIDE', 'RAIL', 'INSIDE', 'INSIDE', 'OUTSIDE', 'INSIDE', 'INSIDE', 'INSIDE', 'INSIDE', 'INSIDE', 'INSIDE', 'INSIDE']","[[0.19, 0.18, 0.31], [1.31, 0.19, 1.61], [2.54, 0.23, 1.78], [0.4, 0.25, 1.29], [1.4, 0.26, 1.92], [0.58, 0.18, 1.66], [0.48, 0.22, 1.26], [1.02, 0.9, 1.59], [2.12, 0.22, 1.75], [0.97, 0.22, 1.68], [0.38, 0.2, 0.96], [1.42, 0.2, 2.52], [0.14, 0.13, 0.23], [3.64, 1.98, 2.12], [0.27, 2.88, 0.01], [2.99, 1.81, 1.87], [0.08, 2.87, 0.52], [0.54, 0.74, 0.54], [1.12, 0.44, 1.08], [0.06, 2.18, 0.0], [2.52, 4.08, 1.75], [2.08, 0.21, 0.39], [2.41, 4.38, 1.76], [0.38, 3.65, 0.42], [1.64, 0.23, 1.14], [0.05, 3.86, 0.41], [0.3, 3.65, 0.69], [0.09, 3.72, 0.0], [1.04, 3.92, 1.41], [1.39, 3.72, 0.78], [7.34, 3.91, 0.89], [2.93, 3.77, 0.86]]","[304, 354, 256, 323, 348, 353, 241, 271, 358, 391, 363, 174, 364, 369, 284, 326, 345, 318, 352, 370, 359, 357, 374, 366, 347, 361, 378, 392, 342, 340, 382, 381]",37.0
722,1790252309319299821,307163,101350,25,21,125.1,"[26.7, 32.8, 39.3, 43.7, 47.0, 47.1, 48.7, 49.6, 77.8, 82.8, 86.3, 89.5, 91.9, 94.4, 99.2, 100.5, 102.6, 105.0, 106.6, 112.5, 125.1]","['NEAR', 'NEAR', 'NEAR', 'NEAR', 'NEAR', 'NEAR', 'RAIL', 'INSIDE', 'INSIDE', 'INSIDE', 'OUTSIDE', 'INSIDE', 'OUTSIDE', 'INSIDE', 'INSIDE', 'INSIDE', 'OUTSIDE', 'INSIDE', 'INSIDE', 'INSIDE', 'INSIDE']","[[10.47, 0.28, 2.46], [1.3, 0.28, 1.66], [0.76, 0.11, 1.29], [1.23, 0.2, 1.87], [0.67, 0.19, 1.86], [0.35, 0.18, 0.33], [0.09, 0.15, 1.09], [0.12, 2.79, 0.01], [0.09, 2.95, 1.36], [2.07, 4.09, 0.7], [0.99, 0.21, 1.35], [1.43, 4.44, 1.96], [2.66, 1.38, 1.04], [0.64, 3.74, 1.65], [0.13, 3.86, 0.86], [0.13, 3.51, 0.21], [2.41, 0.52, 0.98], [0.05, 3.48, 0.0], [0.13, 3.72, 0.0], [0.7, 4.13, 0.53], [9.33, 4.04, 1.04]]","[354, 353, 358, 363, 304, 364, 391, 271, 345, 370, 359, 357, 374, 366, 361, 378, 375, 386, 392, 340, 382]",35.0
723,1790252309424329380,307169,102066,24,22,129.2,"[25.5, 29.3, 33.3, 34.7, 39.5, 40.0, 44.1, 45.9, 46.9, 49.5, 73.3, 80.1, 86.6, 93.5, 98.7, 100.5, 104.8, 106.5, 110.8, 112.7, 121.8, 129.2]","['NEAR', 'NEAR', 'NEAR', 'NEAR', 'NEAR', 'NEAR', 'NEAR', 'NEAR', 'NEAR', 'RAIL', 'INSIDE', 'INSIDE', 'INSIDE', 'INSIDE', 'INSIDE', 'INSIDE', 'INSIDE', 'INSIDE', 'INSIDE', 'INSIDE', 'INSIDE', 'INSIDE']","[[1.34, 0.18, 0.32], [6.21, 0.28, 2.58], [1.6, 0.22, 1.78], [7.96, 0.29, 1.92], [0.82, 0.19, 1.66], [0.23, 0.25, 1.63], [0.9, 0.19, 2.03], [1.0, 0.2, 0.98], [0.44, 0.1, 0.59], [0.78, 0.42, 0.62], [3.16, 0.23, 1.3], [0.17, 3.65, 0.37], [9.28, 4.51, 2.07], [1.67, 3.92, 1.64], [0.48, 3.7, 0.67], [0.3, 3.12, 0.87], [0.69, 3.99, 1.37], [0.16, 2.83, 0.93], [0.6, 3.82, 0.52], [0.39, 3.65, 0.3], [3.33, 3.9, 0.5], [3.0, 3.67, 0.84]]","[304, 174, 256, 241, 354, 363, 364, 391, 358, 353, 284, 318, 359, 366, 361, 378, 386, 392, 340, 395, 382, 381]",36.3
724,1790252309535143331,307161,101001,30,24,125.3,"[23.4, 29.9, 33.6, 38.5, 45.4, 47.3, 47.4, 49.0, 81.7, 84.4, 86.8, 87.7, 89.7, 92.8, 94.3, 94.9, 97.5, 98.9, 104.9, 106.3, 110.9, 112.4, 119.9, 125.3]","['OUTSIDE', 'NEAR', 'NEAR', 'NEAR', 'NEAR', 'RAIL', 'NEAR', 'RAIL', 'INSIDE', 'INSIDE', 'NEAR', 'INSIDE', 'OUTSIDE', 'INSIDE', 'INSIDE', 'OUTSIDE', 'INSIDE', 'INSIDE', 'INSIDE', 'INSIDE', 'INSIDE', 'INSIDE', 'INSIDE', 'INSIDE']","[[0.44, 0.19, 0.22], [3.51, 0.25, 1.89], [2.56, 0.23, 2.02], [2.23, 0.25, 1.96], [1.6, 0.35, 1.51], [0.3, 0.12, 0.74], [0.31, 0.16, 0.79], [0.67, 0.21, 0.52], [3.63, 4.22, 1.81], [0.04, 1.47, 0.0], [0.96, 0.47, 1.89], [4.25, 3.86, 1.73], [2.04, 0.19, 0.76], [0.2, 3.67, 0.4], [0.21, 0.88, 0.41], [1.45, 0.2, 1.29], [0.07, 1.02, 0.0], [0.27, 4.09, 0.86], [0.11, 4.14, 0.91], [0.02, 1.11, 0.0], [0.07, 3.74, 0.52], [0.43, 3.88, 1.08], [0.03, 0.63, 0.0], [7.76, 3.65, 1.04]]","[304, 174, 354, 348, 391, 364, 363, 271, 370, 359, 357, 374, 366, 360, 373, 365, 361, 378, 386, 392, 340, 395, 382, 381]",39.7
725,1790252309620608388,307136,99694,22,19,119.8,"[31.9, 37.4, 42.7, 43.7, 44.8, 46.6, 47.9, 48.2, 83.9, 85.9, 89.5, 92.8, 97.3, 98.7, 102.8, 104.7, 109.4, 110.8, 119.8]","['OUTSIDE', 'NEAR', 'NEAR', 'NEAR', 'RAIL', 'NEAR', 'NEAR', 'RAIL', 'NEAR', 'INSIDE', 'INSIDE', 'INSIDE', 'INSIDE', 'INSIDE', 'INSIDE', 'INSIDE', 'INSIDE', 'INSIDE', 'INSIDE']","[[2.39, 0.25, 1.64], [7.59, 0.32, 2.18], [0.45, 0.16, 1.13], [0.78, 0.19, 1.53], [1.12, 0.33, 1.06], [0.29, 0.1, 1.58], [0.45, 0.16, 0.31], [0.56, 0.17, 0.75], [2.25, 0.48, 1.86], [10.4, 4.14, 2.12], [0.06, 1.41, 0.0], [2.52, 4.1, 1.47], [0.27, 3.87, 0.84], [0.12, 3.45, 0.0], [1.07, 4.15, 0.9], [0.15, 3.47, 1.21], [0.08, 3.25, 0.0], [0.43, 3.83, 1.07], [0.09, 3.35, 0.0]]","[354, 348, 358, 363, 364, 396, 391, 271, 357, 359, 374, 360, 361, 378, 375, 386, 342, 340, 382]",39.5
726,1790252309721003732,307128,100447,25,20,129.9,"[27.2, 33.8, 39.3, 41.2, 42.0, 43.1, 45.6, 47.0, 47.3, 83.0, 87.0, 87.9, 91.2, 92.6, 96.4, 103.1, 104.7, 109.2, 119.8, 129.9]","['NEAR', 'NEAR', 'NEAR', 'NEAR', 'NEAR', 'NEAR', 'NEAR', 'RAIL', 'INSIDE', 'INSIDE', 'OUTSIDE', 'INSIDE', 'INSIDE', 'INSIDE', 'INSIDE', 'INSIDE', 'INSIDE', 'INSIDE', 'INSIDE', 'INSIDE']","[[9.38, 0.31, 2.17], [0.61, 0.22, 2.27], [0.53, 0.15, 0.36], [0.23, 0.15, 1.23], [0.28, 0.2, 2.21], [0.64, 0.2, 1.16], [1.46, 0.35, 1.29], [0.48, 0.19, 0.65], [0.37, 2.93, 0.03], [4.9, 4.59, 2.04], [0.94, 0.1, 1.53], [1.44, 3.84, 0.38], [0.49, 4.03, 1.45], [0.29, 3.81, 0.83], [1.61, 3.87, 0.41], [0.11, 3.6, 0.0], [0.29, 4.09, 0.91], [0.35, 3.96, 1.05], [0.06, 4.19, 0.83], [13.77, 4.18, 0.83]]","[256, 241, 358, 363, 396, 391, 364, 271, 174, 359, 366, 374, 360, 373, 361, 375, 386, 342, 382, 381]",37.9
727,1790252309831951129,307133,101755,25,20,127.4,"[37.9, 38.7, 42.2, 43.5, 46.1, 47.1, 73.6, 80.3, 82.3, 87.9, 91.7, 94.1, 95.4, 99.3, 102.2, 104.3, 106.2, 107.5, 113.8, 127.4]","['NEAR', 'NEAR', 'OUTSIDE', 'NEAR', 'NEAR', 'OUTSIDE', 'INSIDE', 'NEAR', 'INSIDE', 'INSIDE', 'NEAR', 'INSIDE', 'OUTSIDE', 'INSIDE', 'INSIDE', 'INSIDE', 'INSIDE', 'RAIL', 'INSIDE', 'INSIDE']","[[5.55, 0.23, 1.97], [1.46, 0.21, 1.2], [0.62, 0.19, 1.44], [0.71, 0.23, 1.65], [1.33, 0.18, 0.59], [0.85, 1.36, 0.38], [0.13, 2.44, 0.0], [1.58, 0.47, 1.79], [9.56, 4.32, 2.01], [4.56, 4.15, 1.78], [1.3, 0.2, 0.44], [0.26, 3.74, 0.82], [0.03, 1.0, 0.0], [1.53, 3.94, 0.87], [1.56, 0.42, 0.46], [0.7, 3.53, 0.29], [0.39, 3.77, 0.5], [0.35, 0.18, 0.69], [0.32, 3.43, 0.22], [2.9, 3.57, 0.01]]","[348, 396, 363, 391, 364, 353, 284, 359, 318, 374, 373, 365, 361, 378, 375, 386, 392, 342, 395, 381]",37.7
728,1790252309921475815,307091,101377,22,19,118.1,"[28.8, 38.8, 42.0, 45.0, 48.1, 80.3, 80.7, 86.7, 87.0, 89.5, 90.7, 91.8, 96.9, 98.4, 102.3, 104.3, 109.0, 110.5, 118.1]","['RAIL', 'NEAR', 'NEAR', 'RAIL', 'INSIDE', 'NEAR', 'INSIDE', 'RAIL', 'INSIDE', 'INSIDE', 'INSIDE', 'OUTSIDE', 'INSIDE', 'INSIDE', 'INSIDE', 'INSIDE', 'INSIDE', 'INSIDE', 'INSIDE']","[[0.1, 0.2, 1.11], [2.31, 0.43, 1.66], [1.83, 0.26, 1.8], [0.7, 0.2, 0.99], [1.31, 2.0, 0.65], [0.93, 0.57, 1.97], [3.06, 4.17, 2.0], [1.02, 0.27, 0.22], [1.87, 3.8, 0.51], [0.09, 3.84, 0.8], [0.1, 3.79, 0.21], [1.16, 0.33, 1.07], [0.12, 3.88, 0.39], [0.23, 3.48, 0.85], [1.31, 3.76, 1.34], [0.15, 3.7, 0.2], [0.08, 3.43, 0.0], [0.11, 3.58, 0.3], [0.21, 3.63, 0.48]]","[241, 396, 397, 271, 174, 359, 318, 366, 374, 360, 373, 365, 361, 378, 375, 386, 340, 395, 382]",35.9
729,1790252310024855752,307034,102691,23,19,117.9,"[28.1, 33.4, 36.4, 38.8, 42.3, 47.2, 47.6, 49.6, 85.5, 89.1, 91.1, 95.3, 97.0, 100.7, 102.8, 107.4, 108.9, 116.5, 117.9]","['NEAR', 'NEAR', 'NEAR', 'NEAR', 'OUTSIDE', 'RAIL', 'OUTSIDE', 'INSIDE', 'INSIDE', 'INSIDE', 'OUTSIDE', 'INSIDE', 'INSIDE', 'INSIDE', 'INSIDE', 'INSIDE', 'INSIDE', 'INSIDE', 'INSIDE']","[[2.77, 0.22, 1.69], [2.5, 0.23, 1.49], [2.35, 0.25, 2.16], [0.58, 0.19, 1.75], [1.24, 0.19, 1.61], [0.38, 0.18, 0.93], [0.46, 0.16, 0.37], [1.54, 2.02, 1.47], [1.97, 4.12, 1.88], [0.15, 3.72, 0.21], [1.14, 1.85, 1.44], [0.13, 3.99, 0.38], [0.64, 3.96, 0.84], [1.34, 3.88, 0.89], [0.29, 3.63, 0.47], [0.1, 3.75, 0.0], [0.31, 3.6, 1.21], [0.22, 3.79, 0.48], [0.04, 1.24, 0.0]]","[256, 323, 391, 397, 241, 271, 396, 174, 374, 360, 365, 361, 378, 375, 386, 392, 340, 398, 382]",29.2
730,1790252310122433820,307027,104228,20,16,119.5,"[32.8, 48.2, 49.7, 49.9, 72.7, 77.0, 83.7, 87.5, 93.7, 95.1, 99.1, 102.8, 105.7, 113.3, 114.8, 119.5]","['NEAR', 'NEAR', 'NEAR', 'RAIL', 'INSIDE', 'INSIDE', 'INSIDE', 'INSIDE', 'INSIDE', 'INSIDE', 'INSIDE', 'OUTSIDE', 'INSIDE', 'INSIDE', 'INSIDE', 'INSIDE']","[[4.54, 0.32, 2.62], [0.76, 0.19, 1.91], [0.14, 0.23, 1.08], [0.41, 0.17, 0.87], [0.07, 2.79, 0.0], [0.95, 2.96, 2.03], [5.25, 4.19, 1.84], [0.17, 3.8, 0.2], [0.12, 3.91, 0.38], [0.16, 1.21, 0.83], [1.41, 4.03, 0.87], [0.53, 0.23, 0.71], [0.02, 3.51, 0.0], [0.13, 3.89, 0.79], [0.13, 1.93, 0.47], [0.23, 3.57, 0.25]]","[256, 391, 397, 364, 284, 345, 374, 360, 361, 378, 375, 386, 392, 395, 398, 382]",32.9
731,1790252310221302146,307000,102947,23,20,116.3,"[32.7, 34.0, 37.1, 38.1, 43.5, 45.0, 48.9, 81.3, 82.4, 85.8, 86.1, 88.3, 91.4, 94.8, 97.5, 101.1, 102.7, 107.3, 114.8, 116.3]","['NEAR', 'NEAR', 'NEAR', 'NEAR', 'NEAR', 'NEAR', 'INSIDE', 'INSIDE', 'OUTSIDE', 'INSIDE', 'INSIDE', 'INSIDE', 'NEAR', 'INSIDE', 'INSIDE', 'INSIDE', 'INSIDE', 'INSIDE', 'INSIDE', 'INSIDE']","[[1.64, 0.25, 1.66], [0.4, 0.21, 1.07], [6.83, 0.33, 2.0], [1.75, 0.21, 1.5], [2.22, 0.25, 1.95], [0.52, 0.11, 1.39], [0.07, 0.91, 0.01], [0.05, 2.13, 0.0], [1.69, 0.25, 1.43], [0.07, 1.95, 0.0], [3.24, 3.88, 1.07], [1.52, 3.82, 0.39], [2.04, 0.31, 1.4], [1.53, 4.21, 0.83], [1.94, 4.04, 1.46], [0.38, 3.72, 0.88], [0.29, 4.06, 0.89], [0.39, 3.55, 0.29], [0.5, 3.48, 0.8], [0.07, 3.45, 0.0]]","[256, 354, 348, 363, 391, 396, 323, 370, 374, 357, 360, 373, 365, 361, 375, 386, 392, 340, 398, 395]",33.3
732,1790252310320820031,306996,88727,24,20,131.3,"[37.1, 39.4, 41.4, 43.2, 46.3, 47.2, 48.1, 49.6, 85.8, 88.5, 90.3, 95.8, 99.4, 101.1, 102.4, 107.1, 110.1, 116.1, 117.6, 131.3]","['NEAR', 'NEAR', 'NEAR', 'NEAR', 'NEAR', 'RAIL', 'INSIDE', 'INSIDE', 'INSIDE', 'INSIDE', 'INSIDE', 'INSIDE', 'OUTSIDE', 'INSIDE', 'INSIDE', 'INSIDE', 'INSIDE', 'INSIDE', 'INSIDE', 'INSIDE']","[[0.77, 0.2, 1.56], [2.65, 0.21, 2.03], [0.71, 0.19, 1.29], [0.39, 0.19, 0.53], [0.78, 0.09, 1.32], [0.99, 0.24, 1.04], [0.19, 0.83, 0.32], [0.11, 2.41, 0.42], [2.71, 4.15, 1.09], [2.68, 4.21, 1.41], [0.07, 3.21, 0.39], [1.62, 4.09, 1.04], [0.35, 0.35, 0.69], [0.34, 3.86, 0.88], [0.08, 3.75, 0.0], [0.07, 3.36, 0.0], [0.04, 0.77, 0.0], [0.4, 3.6, 0.23], [0.04, 1.23, 0.0], [0.05, 3.67, 0.0]]","[241, 358, 364, 391, 363, 271, 323, 396, 360, 373, 365, 361, 386, 392, 340, 342, 398, 395, 382, 381]",31.2
733,1790252310425309861,306942,102502,17,16,113.3,"[43.0, 45.2, 47.8, 48.9, 48.9, 82.2, 84.3, 88.0, 90.7, 94.2, 97.9, 99.5, 100.9, 105.5, 106.9, 113.3]","['NEAR', 'NEAR', 'RAIL', 'RAIL', 'RAIL', 'INSIDE', 'INSIDE', 'INSIDE', 'NEAR', 'INSIDE', 'OUTSIDE', 'INSIDE', 'INSIDE', 'INSIDE', 'INSIDE', 'INSIDE']","[[1.37, 0.22, 1.96], [0.66, 0.21, 0.8], [0.51, 0.13, 1.07], [0.46, 0.16, 0.84], [0.93, 0.25, 0.86], [1.39, 0.59, 0.69], [0.34, 4.09, 0.91], [1.58, 4.06, 1.41], [1.03, 0.11, 1.01], [1.57, 3.93, 1.03], [0.33, 0.2, 0.68], [0.27, 3.8, 0.87], [0.26, 3.92, 0.47], [0.06, 3.13, 0.0], [0.02, 2.43, 0.0], [3.26, 3.99, 0.8]]","[363, 396, 364, 391, 271, 370, 360, 373, 365, 361, 386, 392, 340, 342, 398, 395]",33.1
734,1790252310517980200,306875,102865,22,19,114.6,"[29.4, 33.3, 39.2, 41.6, 44.1, 47.5, 48.1, 49.1, 71.8, 83.6, 86.2, 88.8, 90.4, 92.8, 96.2, 102.3, 107.0, 108.4, 114.6]","['NEAR', 'NEAR', 'NEAR', 'NEAR', 'NEAR', 'NEAR', 'RAIL', 'INSIDE', 'INSIDE', 'INSIDE', 'NEAR', 'INSIDE', 'INSIDE', 'OUTSIDE', 'INSIDE', 'INSIDE', 'INSIDE', 'INSIDE', 'INSIDE']","[[8.62, 0.32, 1.9], [2.54, 0.22, 2.0], [1.14, 0.26, 2.39], [2.42, 0.26, 2.13], [0.36, 0.18, 1.75], [1.18, 0.31, 2.21], [0.08, 0.2, 0.84], [1.05, 2.51, 1.08], [3.54, 2.9, 2.2], [2.01, 4.18, 1.84], [1.12, 0.18, 1.34], [0.13, 4.07, 0.8], [0.64, 3.94, 1.43], [1.64, 0.24, 0.62], [0.25, 3.84, 1.31], [0.07, 3.57, 0.0], [0.1, 3.55, 0.0], [0.22, 3.7, 0.29], [0.11, 3.4, 0.0]]","[256, 241, 358, 363, 364, 391, 397, 174, 284, 360, 357, 373, 365, 361, 375, 340, 398, 342, 395]",32.3
735,1790252310624380657,306852,102331,26,20,125.3,"[33.7, 39.4, 40.8, 42.8, 43.2, 45.2, 47.6, 49.6, 85.8, 90.1, 90.2, 92.7, 94.7, 97.7, 101.8, 105.2, 108.5, 109.8, 115.9, 125.3]","['NEAR', 'NEAR', 'NEAR', 'NEAR', 'NEAR', 'RAIL', 'RAIL', 'RAIL', 'INSIDE', 'INSIDE', 'INSIDE', 'NEAR', 'OUTSIDE', 'INSIDE', 'INSIDE', 'INSIDE', 'INSIDE', 'INSIDE', 'INSIDE', 'INSIDE']","[[8.74, 0.38, 1.87], [2.23, 0.24, 2.01], [3.44, 0.24, 1.67], [1.45, 0.17, 1.75], [0.44, 0.19, 0.99], [0.43, 0.19, 0.74], [0.49, 0.31, 1.01], [0.54, 0.2, 0.45], [2.75, 4.15, 1.13], [0.08, 2.41, 0.39], [2.82, 3.92, 1.46], [1.23, 0.24, 1.01], [0.38, 0.33, 0.64], [0.06, 3.75, 0.0], [1.44, 3.72, 0.21], [0.05, 1.63, 0.92], [0.39, 3.94, 0.73], [0.03, 1.72, 0.0], [0.16, 3.91, 0.8], [10.57, 4.21, 0.82]]","[354, 241, 363, 396, 364, 397, 358, 353, 357, 365, 373, 378, 361, 375, 340, 398, 342, 395, 382, 381]",27.7
736,1790252310720631469,306761,97771,20,15,112.9,"[37.2, 42.6, 45.0, 48.8, 52.8, 83.2, 86.1, 89.4, 94.6, 96.1, 100.6, 102.1, 105.3, 107.0, 112.9]","['NEAR', 'NEAR', 'NEAR', 'RAIL', 'INSIDE', 'NEAR', 'INSIDE', 'INSIDE', 'INSIDE', 'INSIDE', 'INSIDE', 'INSIDE', 'INSIDE', 'INSIDE', 'OUTSIDE']","[[2.25, 0.23, 2.05], [0.46, 0.19, 1.08], [1.95, 0.25, 1.94], [0.58, 0.14, 0.3], [4.87, 2.77, 2.46], [1.67, 0.26, 0.73], [1.52, 3.93, 1.52], [1.58, 3.85, 1.43], [0.29, 3.35, 0.82], [1.01, 3.92, 1.45], [0.07, 3.51, 0.0], [0.02, 2.49, 0.0], [0.19, 2.21, 0.0], [0.47, 3.86, 0.5], [0.03, 1.18, 0.0]]","[363, 396, 364, 353, 271, 370, 357, 373, 361, 375, 340, 392, 398, 342, 382]",31.9
737,1790252310824041718,306651,101963,24,17,123.8,"[28.7, 39.3, 42.2, 44.3, 48.3, 49.2, 70.9, 74.4, 81.7, 85.4, 90.3, 96.8, 101.4, 104.4, 107.7, 115.8, 123.8]","['NEAR', 'NEAR', 'NEAR', 'NEAR', 'RAIL', 'INSIDE', 'NEAR', 'NEAR', 'INSIDE', 'INSIDE', 'INSIDE', 'INSIDE', 'INSIDE', 'INSIDE', 'INSIDE', 'INSIDE', 'INSIDE']","[[2.61, 0.28, 2.34], [2.7, 0.2, 1.95], [0.27, 0.19, 1.1], [0.44, 0.12, 1.48], [0.31, 0.19, 0.78], [1.34, 2.54, 0.84], [2.49, 0.2, 1.89], [1.31, 0.15, 1.63], [2.15, 1.16, 1.77], [5.11, 4.2, 1.89], [3.0, 4.12, 1.46], [2.17, 3.9, 1.48], [1.54, 4.24, 0.89], [1.73, 4.09, 0.9], [1.07, 3.65, 0.3], [0.17, 3.16, 0.47], [7.34, 3.92, 0.81]]","[241, 363, 364, 397, 396, 174, 284, 345, 359, 357, 373, 375, 340, 398, 342, 382, 381]",31.3
738,1790252310916639018,306556,101382,25,19,125.8,"[33.5, 38.2, 40.8, 42.6, 44.4, 47.5, 48.6, 78.4, 83.8, 86.2, 89.9, 90.9, 93.0, 99.2, 103.4, 105.0, 109.7, 115.3, 125.8]","['NEAR', 'NEAR', 'NEAR', 'NEAR', 'NEAR', 'NEAR', 'NEAR', 'NEAR', 'INSIDE', 'INSIDE', 'OUTSIDE', 'NEAR', 'INSIDE', 'INSIDE', 'INSIDE', 'INSIDE', 'INSIDE', 'RAIL', 'RAIL']","[[3.71, 0.26, 1.95], [0.47, 0.18, 1.63], [0.1, 0.16, 1.13], [0.46, 0.2, 1.4], [1.45, 0.2, 1.56], [0.42, 0.23, 1.25], [0.21, 0.52, 0.6], [1.88, 0.23, 1.4], [3.33, 4.0, 2.02], [4.04, 3.94, 1.91], [0.39, 0.31, 0.79], [1.42, 0.16, 0.78], [0.39, 4.06, 1.02], [2.66, 3.9, 0.87], [0.68, 3.92, 0.9], [0.07, 3.9, 0.49], [0.06, 3.64, 0.0], [0.11, 0.48, 0.74], [0.03, 0.07, 0.55]]","[348, 399, 363, 397, 396, 391, 256, 359, 360, 357, 373, 365, 361, 340, 398, 342, 395, 382, 381]",33.7
739,1790252311022613019,306338,102498,29,22,113.8,"[33.4, 40.6, 43.3, 44.2, 45.0, 46.0, 47.4, 49.2, 85.1, 86.6, 88.2, 88.3, 91.6, 93.8, 95.9, 96.0, 97.3, 98.8, 102.0, 103.4, 106.6, 113.8]","['NEAR', 'NEAR', 'NEAR', 'NEAR', 'NEAR', 'RAIL', 'INSIDE', 'INSIDE', 'OUTSIDE', 'INSIDE', 'OUTSIDE', 'NEAR', 'INSIDE', 'RAIL', 'OUTSIDE', 'INSIDE', 'INSIDE', 'INSIDE', 'INSIDE', 'INSIDE', 'INSIDE', 'OUTSIDE']","[[1.29, 0.23, 1.69], [2.35, 0.21, 2.43], [0.5, 0.19, 1.01], [0.83, 0.08, 1.58], [1.8, 0.27, 1.15], [0.67, 0.2, 0.3], [0.31, 1.1, 0.6], [0.18, 2.16, 0.01], [3.17, 0.5, 1.7], [0.18, 3.48, 0.16], [0.39, 0.31, 0.59], [3.21, 0.15, 1.37], [0.81, 3.99, 1.0], [1.96, 0.16, 0.6], [0.25, 1.36, 0.38], [0.44, 1.22, 0.19], [0.11, 2.97, 0.65], [0.1, 3.63, 0.4], [0.17, 3.94, 0.89], [0.02, 2.16, 0.0], [0.08, 3.72, 0.0], [0.35, 0.43, 0.56]]","[399, 363, 410, 396, 391, 364, 256, 358, 357, 360, 373, 365, 361, 375, 386, 378, 340, 392, 398, 342, 395, 382]",31.1
740,1790252311122560988,306330,103729,25,19,112.2,"[33.5, 36.5, 42.0, 44.4, 45.2, 45.7, 47.7, 82.1, 86.6, 89.1, 91.1, 93.6, 95.8, 97.2, 100.4, 101.8, 105.0, 106.4, 112.2]","['NEAR', 'NEAR', 'NEAR', 'NEAR', 'NEAR', 'INSIDE', 'INSIDE', 'INSIDE', 'INSIDE', 'INSIDE', 'INSIDE', 'OUTSIDE', 'OUTSIDE', 'INSIDE', 'INSIDE', 'INSIDE', 'INSIDE', 'INSIDE', 'OUTSIDE']","[[2.91, 0.23, 1.62], [1.73, 0.22, 1.93], [0.39, 0.16, 1.06], [2.2, 0.21, 1.88], [0.63, 0.19, 0.49], [0.15, 0.68, 0.33], [0.09, 1.4, 0.01], [6.18, 4.2, 1.97], [0.41, 3.62, 1.29], [1.98, 3.98, 1.18], [0.07, 3.34, 0.0], [1.18, 0.26, 1.22], [0.23, 1.52, 0.38], [0.08, 3.39, 0.0], [0.14, 3.88, 0.88], [0.04, 3.38, 0.0], [0.08, 2.57, 0.0], [0.28, 3.7, 1.18], [0.3, 0.42, 0.55]]","[363, 410, 396, 391, 358, 323, 256, 374, 360, 365, 361, 375, 386, 340, 398, 342, 395, 403, 382]",33.4
741,1790252311219808375,307098,105610,25,19,121.0,"[39.2, 40.0, 41.8, 42.8, 44.7, 45.6, 47.1, 71.4, 81.4, 85.1, 88.2, 91.3, 92.5, 93.0, 98.4, 104.0, 106.3, 109.3, 121.0]","['NEAR', 'NEAR', 'NEAR', 'NEAR', 'RAIL', 'NEAR', 'INSIDE', 'RAIL', 'INSIDE', 'OUTSIDE', 'INSIDE', 'INSIDE', 'INSIDE', 'OUTSIDE', 'INSIDE', 'INSIDE', 'OUTSIDE', 'INSIDE', 'RAIL']","[[2.34, 0.24, 2.0], [0.24, 0.18, 1.31], [0.73, 0.15, 1.19], [1.29, 0.19, 1.79], [0.11, 0.17, 0.39], [0.22, 0.12, 1.16], [0.68, 2.83, 0.38], [3.89, 0.16, 0.65], [4.01, 4.2, 2.01], [0.62, 0.29, 1.11], [3.14, 4.14, 1.7], [0.31, 3.5, 0.21], [0.04, 0.81, 0.0], [2.94, 0.86, 1.47], [2.57, 4.05, 1.49], [1.59, 3.79, 1.19], [0.34, 1.81, 0.72], [0.06, 1.34, 0.0], [0.03, 0.07, 0.53]]","[399, 363, 241, 410, 396, 391, 348, 284, 374, 357, 365, 361, 375, 386, 392, 395, 403, 382, 381]",31.5
742,1790252311324117095,307083,97589,22,16,106.2,"[38.1, 39.3, 42.5, 44.4, 45.5, 83.6, 86.6, 90.2, 91.8, 94.1, 95.6, 97.3, 99.7, 101.7, 104.6, 106.2]","['INSIDE', 'NEAR', 'NEAR', 'NEAR', 'INSIDE', 'OUTSIDE', 'INSIDE', 'INSIDE', 'OUTSIDE', 'OUTSIDE', 'INSIDE', 'OUTSIDE', 'INSIDE', 'INSIDE', 'INSIDE', 'INSIDE']","[[4.14, 1.42, 2.68], [1.25, 0.19, 2.02], [0.91, 0.19, 1.36], [0.17, 0.16, 1.2], [0.31, 2.52, 0.01], [0.71, 0.21, 1.09], [3.1, 4.1, 1.89], [1.41, 3.79, 0.41], [1.63, 0.25, 0.89], [0.2, 1.43, 0.82], [0.22, 3.67, 0.0], [1.55, 0.26, 1.09], [1.22, 3.92, 0.47], [0.22, 2.71, 0.47], [0.33, 3.8, 0.71], [0.17, 3.65, 0.5]]","[399, 363, 396, 358, 348, 357, 360, 361, 386, 375, 378, 340, 398, 342, 395, 403]",33.5
743,1790252311419696993,307000,99567,20,17,109.7,"[31.7, 37.8, 41.3, 42.9, 56.6, 81.9, 85.2, 89.5, 90.8, 94.0, 95.6, 98.2, 100.2, 102.1, 104.7, 106.9, 109.7]","['INSIDE', 'NEAR', 'NEAR', 'NEAR', 'OUTSIDE', 'OUTSIDE', 'INSIDE', 'INSIDE', 'INSIDE', 'NEAR', 'INSIDE', 'INSIDE', 'INSIDE', 'INSIDE', 'NEAR', 'INSIDE', 'INSIDE']","[[6.34, 1.98, 2.92], [4.29, 0.37, 2.59], [1.91, 0.24, 2.41], [0.92, 0.21, 1.54], [2.83, 0.84, 2.23], [0.55, 0.33, 1.24], [4.58, 4.1, 1.66], [0.27, 3.87, 0.39], [1.09, 3.62, 1.45], [0.41, 0.16, 0.82], [0.34, 4.12, 1.45], [2.55, 3.86, 1.47], [0.07, 3.5, 0.0], [1.2, 3.7, 0.88], [0.07, 1.28, 0.0], [1.5, 4.13, 1.02], [1.4, 0.3, 0.93]]","[354, 399, 241, 363, 271, 357, 360, 361, 386, 378, 375, 392, 398, 342, 395, 403, 382]",37.9
744,1790252311518858648,306838,101580,27,20,106.1,"[28.5, 35.2, 36.4, 37.1, 38.0, 39.5, 41.0, 42.2, 80.3, 81.9, 82.6, 84.5, 89.8, 94.2, 95.3, 97.4, 99.4, 101.5, 104.6, 106.1]","['OUTSIDE', 'OUTSIDE', 'NEAR', 'NEAR', 'OUTSIDE', 'NEAR', 'INSIDE', 'INSIDE', 'OUTSIDE', 'INSIDE', 'RAIL', 'INSIDE', 'INSIDE', 'INSIDE', 'INSIDE', 'OUTSIDE', 'INSIDE', 'INSIDE', 'INSIDE', 'INSIDE']","[[2.37, 0.23, 1.8], [0.47, 0.18, 1.47], [0.46, 0.17, 0.84], [1.36, 0.21, 2.01], [0.15, 0.17, 1.58], [1.11, 0.16, 1.2], [0.24, 0.76, 0.75], [0.38, 1.04, 0.61], [0.59, 0.74, 0.37], [3.31, 4.26, 2.12], [0.4, 0.32, 0.74], [2.48, 4.23, 2.08], [1.97, 4.14, 1.75], [0.55, 3.84, 0.85], [0.04, 2.66, 0.0], [1.09, 0.37, 1.27], [1.45, 4.09, 1.08], [0.03, 2.3, 0.0], [0.06, 1.83, 0.0], [0.94, 3.9, 0.93]]","[323, 399, 348, 241, 363, 396, 401, 256, 357, 374, 360, 370, 361, 375, 378, 340, 398, 342, 395, 403]",33.0
745,1790252311621028835,306183,103527,22,14,103.5,"[34.4, 38.5, 45.1, 57.3, 80.6, 83.6, 85.5, 88.6, 92.0, 96.3, 97.0, 98.4, 101.4, 103.5]","['OUTSIDE', 'OUTSIDE', 'INSIDE', 'NEAR', 'RAIL', 'INSIDE', 'OUTSIDE', 'INSIDE', 'INSIDE', 'RAIL', 'INSIDE', 'INSIDE', 'INSIDE', 'INSIDE']","[[4.34, 0.25, 1.78], [2.91, 0.22, 2.25], [0.07, 0.94, 0.0], [3.11, 0.25, 2.31], [1.08, 0.35, 0.88], [1.16, 4.14, 1.82], [1.95, 1.2, 1.3], [1.49, 3.92, 0.73], [0.98, 4.01, 0.83], [0.05, 0.34, 0.14], [0.09, 3.72, 0.0], [0.12, 1.42, 0.85], [0.14, 2.83, 0.0], [2.96, 4.21, 0.89]]","[323, 348, 410, 271, 374, 370, 373, 365, 386, 340, 392, 398, 342, 395]",34.7
746,1790252311717509782,307200,103106,18,14,105.7,"[33.3, 34.5, 35.0, 78.1, 81.6, 81.9, 85.3, 87.5, 90.3, 95.3, 98.4, 99.8, 102.5, 105.7]","['OUTSIDE', 'INSIDE', 'OUTSIDE', 'NEAR', 'OUTSIDE', 'INSIDE', 'INSIDE', 'INSIDE', 'INSIDE', 'INSIDE', 'INSIDE', 'INSIDE', 'OUTSIDE', 'INSIDE']","[[8.36, 0.27, 2.28], [0.21, 2.65, 0.01], [0.26, 1.04, 0.01], [2.77, 0.11, 0.88], [0.66, 0.18, 1.42], [1.25, 1.91, 1.26], [1.45, 3.89, 0.71], [0.16, 1.89, 0.95], [2.62, 4.14, 1.42], [0.13, 3.66, 0.0], [0.2, 2.88, 0.86], [0.08, 3.66, 0.0], [0.12, 0.4, 0.2], [3.18, 3.92, 1.03]]","[323, 256, 354, 359, 374, 370, 373, 365, 361, 378, 392, 342, 395, 403]",34.7
747,1790252311803647275,307200,103044,14,8,105.7,"[30.0, 33.4, 88.5, 89.0, 93.0, 98.4, 103.2, 105.7]","['OUTSIDE', 'NEAR', 'INSIDE', 'INSIDE', 'INSIDE', 'INSIDE', 'INSIDE', 'INSIDE']","[[8.33, 0.27, 1.82], [0.66, 0.17, 0.78], [0.08, 2.02, 0.0], [3.22, 4.11, 1.92], [4.42, 4.12, 1.22], [0.5, 3.8, 0.39], [2.46, 3.85, 1.36], [0.04, 2.03, 0.0]]","[323, 401, 365, 361, 386, 392, 395, 403]",27.2
748,1790252311906555661,307200,101666,24,15,103.7,"[30.7, 35.1, 76.3, 82.2, 83.9, 87.8, 88.2, 90.6, 91.5, 92.7, 93.6, 96.7, 98.7, 101.3, 103.7]","['NEAR', 'NEAR', 'RAIL', 'NEAR', 'INSIDE', 'OUTSIDE', 'INSIDE', 'INSIDE', 'RAIL', 'INSIDE', 'INSIDE', 'INSIDE', 'INSIDE', 'INSIDE', 'INSIDE']","[[6.2, 0.28, 1.81], [1.78, 0.2, 1.76], [2.24, 0.32, 0.69], [1.67, 0.33, 2.02], [5.23, 4.18, 1.49], [1.03, 0.28, 1.75], [1.59, 3.54, 0.38], [0.63, 3.94, 0.74], [0.04, 0.17, 0.26], [1.15, 4.05, 1.01], [0.13, 0.75, 0.84], [0.21, 3.05, 0.39], [1.14, 3.89, 0.85], [0.55, 0.29, 1.13], [1.3, 3.46, 0.22]]","[401, 323, 359, 370, 373, 361, 365, 386, 375, 378, 340, 392, 342, 395, 403]",28.1
749,1790252312007587993,307200,102653,14,10,122.0,"[36.1, 82.1, 87.1, 89.4, 89.9, 95.2, 97.7, 99.6, 101.0, 122.0]","['INSIDE', 'INSIDE', 'RAIL', 'INSIDE', 'INSIDE', 'INSIDE', 'OUTSIDE', 'OUTSIDE', 'INSIDE', 'INSIDE']","[[0.4, 2.59, 0.34], [1.77, 4.07, 1.46], [0.04, 0.31, 0.13], [4.04, 4.24, 1.9], [2.04, 3.92, 1.44], [0.5, 3.67, 0.38], [0.2, 0.42, 0.26], [0.18, 1.05, 0.0], [2.97, 3.9, 1.34], [1.97, 3.0, 0.02]]","[256, 357, 375, 365, 386, 392, 342, 398, 395, 381]",28.3
750,1790252312116118500,307203,95957,19,13,103.8,"[49.2, 81.1, 82.7, 84.7, 87.3, 88.7, 88.7, 90.4, 91.8, 94.5, 98.8, 100.9, 103.8]","['NEAR', 'INSIDE', 'INSIDE', 'OUTSIDE', 'INSIDE', 'INSIDE', 'OUTSIDE', 'OUTSIDE', 'INSIDE', 'INSIDE', 'INSIDE', 'INSIDE', 'OUTSIDE']","[[1.59, 0.2, 1.86], [0.07, 2.12, 0.0], [0.39, 3.95, 1.12], [1.39, 0.32, 1.84], [1.99, 4.15, 1.91], [0.03, 2.63, 0.0], [0.88, 0.44, 1.39], [0.33, 1.36, 1.0], [0.17, 3.75, 0.83], [1.42, 0.08, 1.24], [1.94, 4.05, 1.51], [0.03, 1.59, 0.0], [0.6, 0.3, 0.49]]","[391, 357, 373, 360, 365, 386, 361, 375, 378, 340, 398, 395, 403]",34.1
751,1790252312209638747,307200,102226,19,12,105.0,"[29.1, 44.8, 47.7, 48.0, 84.4, 88.2, 90.1, 94.0, 96.3, 99.5, 100.7, 105.0]","['NEAR', 'NEAR', 'RAIL', 'NEAR', 'INSIDE', 'INSIDE', 'INSIDE', 'INSIDE', 'INSIDE', 'INSIDE', 'INSIDE', 'OUTSIDE']","[[1.09, 0.19, 1.16], [1.13, 0.22, 1.12], [0.73, 0.17, 0.89], [0.29, 0.18, 0.75], [5.18, 4.04, 2.07], [1.41, 4.17, 1.93], [0.04, 1.73, 0.0], [1.5, 3.94, 1.02], [1.2, 0.23, 0.84], [0.18, 3.3, 0.0], [0.32, 3.7, 0.88], [0.07, 0.3, 1.17]]","[391, 358, 410, 401, 373, 365, 386, 392, 340, 398, 395, 403]",32.3
752,1790252312308869210,307200,103539,19,15,123.5,"[24.9, 45.9, 48.8, 76.4, 80.9, 83.4, 84.9, 88.8, 90.9, 93.0, 95.5, 97.7, 100.8, 103.4, 123.5]","['NEAR', 'RAIL', 'INSIDE', 'NEAR', 'INSIDE', 'INSIDE', 'INSIDE', 'INSIDE', 'INSIDE', 'OUTSIDE', 'INSIDE', 'INSIDE', 'OUTSIDE', 'OUTSIDE', 'INSIDE']","[[1.43, 0.21, 1.03], [0.29, 0.18, 0.53], [0.16, 1.82, 0.01], [2.99, 0.12, 1.33], [2.48, 3.96, 1.99], [2.02, 0.14, 0.36], [1.61, 3.87, 1.87], [0.66, 3.71, 0.8], [1.7, 2.21, 1.57], [0.45, 0.39, 0.61], [1.98, 3.89, 1.32], [0.05, 1.58, 0.85], [0.75, 0.47, 0.47], [0.07, 0.3, 0.87], [6.9, 3.93, 0.51]]","[410, 358, 401, 359, 357, 370, 373, 365, 386, 392, 340, 398, 395, 403, 381]",33.4
753,1790252312406369768,307199,104013,23,17,124.8,"[41.5, 43.7, 46.1, 48.0, 49.2, 80.0, 81.8, 84.6, 86.9, 89.0, 90.3, 93.2, 98.2, 99.1, 101.7, 114.6, 124.8]","['RAIL', 'NEAR', 'NEAR', 'RAIL', 'INSIDE', 'INSIDE', 'INSIDE', 'NEAR', 'INSIDE', 'NEAR', 'INSIDE', 'NEAR', 'OUTSIDE', 'INSIDE', 'OUTSIDE', 'INSIDE', 'INSIDE']","[[1.35, 0.13, 0.48], [0.52, 0.2, 1.73], [0.84, 0.18, 1.8], [0.28, 0.2, 0.87], [0.09, 1.82, 0.74], [3.31, 4.12, 2.1], [1.53, 3.74, 0.37], [2.39, 0.31, 1.31], [0.93, 3.94, 1.67], [0.44, 0.22, 1.35], [2.55, 4.18, 1.01], [0.85, 0.2, 0.82], [0.49, 0.29, 0.67], [2.27, 3.96, 0.87], [0.11, 0.29, 1.13], [0.08, 2.6, 0.0], [8.51, 4.13, 0.55]]","[363, 410, 391, 358, 396, 357, 374, 370, 365, 386, 375, 378, 342, 398, 395, 412, 381]",29.7
754,1790252312520017738,307196,94290,26,15,119.5,"[40.1, 41.6, 42.4, 43.4, 45.5, 48.4, 81.6, 82.1, 85.3, 89.3, 92.1, 95.3, 100.1, 113.0, 119.5]","['NEAR', 'OUTSIDE', 'RAIL', 'NEAR', 'NEAR', 'NEAR', 'INSIDE', 'INSIDE', 'INSIDE', 'INSIDE', 'INSIDE', 'INSIDE', 'OUTSIDE', 'INSIDE', 'INSIDE']","[[0.54, 0.18, 1.37], [1.1, 0.12, 1.11], [0.72, 0.17, 0.79], [0.36, 0.18, 2.0], [0.45, 0.16, 1.2], [0.13, 0.05, 0.99], [0.58, 1.9, 1.28], [7.66, 4.26, 2.15], [0.05, 2.83, 0.0], [1.61, 3.9, 1.73], [2.04, 1.78, 1.17], [1.39, 3.74, 0.87], [0.13, 0.28, 1.31], [0.05, 2.76, 0.0], [0.58, 0.53, 1.33]]","[396, 363, 348, 410, 391, 358, 374, 357, 373, 375, 378, 340, 342, 412, 381]",27.5
755,1790252312610087268,307197,103595,24,17,117.6,"[38.9, 40.0, 40.6, 41.9, 46.0, 77.1, 80.2, 80.7, 83.8, 86.9, 88.2, 91.1, 95.7, 96.0, 98.5, 113.4, 117.6]","['NEAR', 'NEAR', 'RAIL', 'NEAR', 'NEAR', 'INSIDE', 'RAIL', 'INSIDE', 'OUTSIDE', 'OUTSIDE', 'INSIDE', 'INSIDE', 'OUTSIDE', 'INSIDE', 'OUTSIDE', 'INSIDE', 'OUTSIDE']","[[0.63, 0.18, 1.41], [0.51, 0.16, 0.45], [0.44, 0.17, 0.69], [2.5, 0.19, 1.59], [0.29, 0.19, 1.09], [1.89, 2.54, 2.06], [0.92, 0.19, 0.72], [4.58, 4.26, 1.9], [0.93, 0.28, 0.93], [0.41, 0.42, 1.33], [2.75, 4.02, 1.57], [3.63, 2.81, 1.48], [1.22, 0.43, 1.46], [0.9, 0.38, 0.21], [0.11, 0.28, 1.1], [0.19, 2.77, 0.0], [0.74, 0.48, 0.23]]","[348, 396, 363, 410, 391, 359, 357, 374, 360, 361, 365, 378, 340, 398, 342, 412, 381]",29.4
756,1790252312706183917,307200,102817,22,12,113.7,"[37.8, 39.7, 42.0, 46.2, 48.2, 85.3, 86.6, 89.8, 90.2, 94.5, 97.0, 113.7]","['NEAR', 'NEAR', 'NEAR', 'NEAR', 'RAIL', 'OUTSIDE', 'INSIDE', 'OUTSIDE', 'INSIDE', 'OUTSIDE', 'OUTSIDE', 'INSIDE']","[[1.69, 0.24, 2.35], [1.72, 0.19, 1.64], [1.63, 0.27, 1.4], [2.05, 0.17, 1.79], [0.15, 0.19, 0.72], [0.4, 0.3, 0.75], [2.7, 4.01, 1.88], [0.06, 1.41, 0.0], [4.79, 4.25, 1.82], [1.0, 0.39, 1.43], [0.24, 0.4, 1.08], [0.1, 3.37, 0.0]]","[348, 410, 363, 358, 391, 361, 373, 375, 378, 392, 340, 412]",32.0
757,1790252312805615828,307200,103099,23,14,112.0,"[36.7, 38.4, 41.1, 42.8, 43.7, 49.3, 82.3, 83.3, 84.9, 88.1, 90.6, 92.7, 95.3, 112.0]","['RAIL', 'NEAR', 'NEAR', 'NEAR', 'NEAR', 'NEAR', 'OUTSIDE', 'INSIDE', 'OUTSIDE', 'INSIDE', 'INSIDE', 'OUTSIDE', 'OUTSIDE', 'INSIDE']","[[0.24, 0.14, 0.8], [3.32, 0.24, 1.97], [1.77, 0.19, 1.64], [0.6, 0.2, 1.7], [1.27, 0.19, 1.88], [0.3, 0.16, 0.78], [0.28, 0.99, 0.73], [1.4, 3.86, 1.13], [0.31, 0.44, 0.53], [3.52, 3.89, 1.95], [0.96, 3.85, 1.36], [0.46, 0.3, 0.41], [0.13, 0.29, 1.44], [0.09, 3.32, 0.0]]","[363, 348, 396, 410, 358, 391, 360, 373, 361, 365, 378, 392, 340, 412]",32.7
758,1790252312909526708,307201,102524,21,13,135.3,"[39.7, 43.3, 47.2, 48.6, 73.2, 76.5, 80.6, 83.5, 85.6, 90.3, 93.7, 110.4, 135.3]","['NEAR', 'NEAR', 'NEAR', 'NEAR', 'NEAR', 'NEAR', 'INSIDE', 'INSIDE', 'INSIDE', 'INSIDE', 'OUTSIDE', 'INSIDE', 'INSIDE']","[[1.31, 0.21, 1.65], [4.64, 0.22, 1.71], [0.65, 0.19, 1.67], [1.2, 0.17, 1.83], [1.78, 0.15, 1.46], [2.19, 0.24, 1.85], [0.33, 1.38, 1.58], [1.03, 4.09, 0.57], [2.32, 0.31, 1.53], [2.53, 3.94, 1.62], [0.11, 0.25, 1.42], [0.09, 3.28, 0.0], [11.07, 3.82, 0.98]]","[348, 410, 411, 358, 359, 374, 373, 360, 370, 378, 392, 412, 415]",33.1
759,1790252313015364785,307202,101802,28,18,119.5,"[35.1, 38.0, 39.5, 42.8, 44.1, 46.5, 49.0, 74.5, 77.6, 81.8, 83.9, 85.4, 87.9, 89.6, 92.1, 103.1, 108.8, 119.5]","['NEAR', 'NEAR', 'NEAR', 'NEAR', 'NEAR', 'NEAR', 'NEAR', 'NEAR', 'INSIDE', 'INSIDE', 'OUTSIDE', 'INSIDE', 'INSIDE', 'OUTSIDE', 'OUTSIDE', 'INSIDE', 'INSIDE', 'INSIDE']","[[3.82, 0.26, 1.75], [0.88, 0.18, 1.64], [1.21, 0.23, 2.07], [1.24, 0.18, 1.57], [1.49, 0.2, 1.86], [1.15, 0.19, 0.87], [1.19, 0.18, 1.59], [3.61, 0.27, 1.15], [0.51, 3.0, 1.74], [0.6, 4.01, 0.89], [1.34, 0.15, 1.5], [1.38, 0.32, 1.84], [0.14, 3.86, 0.72], [0.79, 0.32, 1.14], [0.12, 0.41, 1.39], [0.1, 2.16, 0.0], [0.11, 3.23, 0.0], [0.07, 3.34, 0.0]]","[363, 348, 410, 391, 411, 358, 396, 359, 374, 360, 361, 370, 365, 375, 392, 403, 412, 381]",31.6
760,1790252313104691762,307201,102412,29,16,139.5,"[35.9, 37.9, 39.5, 40.9, 42.2, 44.7, 78.6, 81.8, 83.3, 83.9, 87.7, 88.2, 90.5, 107.2, 114.9, 139.5]","['NEAR', 'NEAR', 'NEAR', 'NEAR', 'NEAR', 'NEAR', 'NEAR', 'RAIL', 'OUTSIDE', 'INSIDE', 'OUTSIDE', 'INSIDE', 'OUTSIDE', 'INSIDE', 'INSIDE', 'INSIDE']","[[2.49, 0.21, 1.5], [0.52, 0.23, 1.33], [1.41, 0.2, 1.66], [0.68, 0.19, 1.63], [1.49, 0.21, 1.32], [2.61, 0.22, 1.79], [2.79, 0.16, 2.08], [0.98, 0.14, 1.12], [0.04, 1.16, 0.0], [4.41, 4.12, 1.86], [1.24, 0.47, 1.92], [0.85, 0.17, 1.56], [0.12, 0.3, 1.37], [0.16, 3.55, 0.0], [0.13, 1.0, 0.0], [5.21, 3.92, 0.31]]","[363, 396, 348, 410, 391, 411, 373, 357, 360, 370, 375, 386, 392, 412, 381, 415]",28.8
761,1790252313210136350,307200,99863,24,13,140.2,"[26.9, 34.7, 36.7, 40.9, 43.4, 44.3, 84.5, 86.2, 89.3, 93.1, 103.8, 112.9, 140.2]","['OUTSIDE', 'NEAR', 'NEAR', 'RAIL', 'NEAR', 'INSIDE', 'OUTSIDE', 'INSIDE', 'OUTSIDE', 'INSIDE', 'NEAR', 'INSIDE', 'INSIDE']","[[1.41, 0.16, 1.47], [1.69, 0.21, 1.83], [3.58, 0.24, 2.05], [0.68, 0.18, 0.69], [0.42, 0.18, 1.53], [0.13, 1.59, 0.01], [0.24, 0.46, 0.54], [2.3, 3.82, 1.32], [1.06, 0.48, 1.57], [0.25, 4.39, 1.79], [0.12, 1.27, 0.0], [1.0, 1.19, 0.75], [9.85, 3.63, 0.33]]","[363, 396, 410, 411, 391, 401, 361, 370, 375, 417, 403, 381, 415]",27.9
762,1790252313311628128,307200,100879,24,14,138.6,"[35.6, 42.8, 43.7, 45.0, 48.6, 75.2, 83.2, 84.5, 88.1, 91.5, 98.2, 104.0, 106.8, 138.6]","['OUTSIDE', 'RAIL', 'NEAR', 'NEAR', 'NEAR', 'INSIDE', 'OUTSIDE', 'INSIDE', 'OUTSIDE', 'INSIDE', 'INSIDE', 'INSIDE', 'INSIDE', 'INSIDE']","[[2.84, 0.2, 1.82], [0.36, 0.14, 0.47], [1.02, 0.19, 1.39], [1.11, 0.14, 1.39], [0.45, 0.18, 2.11], [2.48, 2.22, 2.17], [0.4, 0.41, 1.09], [3.4, 3.95, 2.16], [1.85, 0.53, 1.75], [0.17, 4.36, 2.01], [0.1, 2.74, 0.0], [0.1, 2.9, 0.0], [1.44, 4.2, 1.61], [9.86, 3.59, 0.33]]","[363, 391, 411, 358, 410, 359, 360, 370, 375, 378, 342, 403, 412, 415]",25.8
763,1790252313421106241,307194,100477,25,17,105.2,"[27.0, 34.7, 39.1, 42.1, 43.4, 45.2, 77.5, 80.6, 81.0, 83.1, 83.4, 85.6, 89.8, 98.6, 100.4, 104.9, 105.2]","['OUTSIDE', 'OUTSIDE', 'OUTSIDE', 'OUTSIDE', 'NEAR', 'INSIDE', 'INSIDE', 'NEAR', 'INSIDE', 'INSIDE', 'OUTSIDE', 'OUTSIDE', 'INSIDE', 'INSIDE', 'INSIDE', 'OUTSIDE', 'NEAR']","[[3.62, 0.22, 2.0], [4.48, 0.24, 1.88], [1.41, 0.2, 1.71], [0.7, 0.17, 1.49], [0.55, 0.18, 1.6], [0.14, 0.56, 0.22], [1.9, 2.12, 2.21], [1.09, 0.14, 1.05], [1.0, 3.87, 0.89], [0.38, 0.4, 1.83], [1.32, 0.45, 2.04], [0.21, 0.36, 1.71], [0.21, 4.27, 2.2], [0.15, 1.38, 0.0], [0.16, 3.15, 0.0], [0.5, 0.41, 0.42], [1.37, 0.46, 1.59]]","[363, 348, 410, 391, 411, 401, 373, 370, 357, 360, 361, 375, 378, 342, 403, 416, 412]",30.0
764,1790252313503804476,307199,101297,23,13,111.5,"[36.5, 43.6, 49.1, 76.4, 81.2, 81.6, 84.0, 88.3, 96.8, 100.7, 103.3, 103.5, 111.5]","['OUTSIDE', 'OUTSIDE', 'OUTSIDE', 'INSIDE', 'OUTSIDE', 'NEAR', 'OUTSIDE', 'INSIDE', 'INSIDE', 'INSIDE', 'OUTSIDE', 'INSIDE', 'INSIDE']","[[6.25, 0.24, 2.69], [4.61, 0.26, 2.04], [1.66, 0.18, 1.95], [4.15, 2.89, 2.24], [1.44, 1.44, 1.61], [1.39, 0.55, 2.16], [0.14, 0.35, 1.83], [0.22, 4.36, 2.34], [0.11, 2.87, 0.0], [0.12, 3.52, 0.0], [0.46, 0.36, 0.21], [1.59, 0.65, 1.8], [0.18, 3.5, 0.0]]","[396, 410, 358, 373, 357, 370, 361, 365, 398, 403, 416, 412, 381]",30.1
765,1790252313604738265,307206,100272,24,14,102.0,"[26.8, 35.9, 36.9, 42.1, 46.3, 48.9, 79.5, 80.1, 82.4, 86.6, 95.2, 99.1, 101.7, 102.0]","['OUTSIDE', 'OUTSIDE', 'RAIL', 'OUTSIDE', 'OUTSIDE', 'INSIDE', 'NEAR', 'RAIL', 'OUTSIDE', 'INSIDE', 'INSIDE', 'INSIDE', 'OUTSIDE', 'INSIDE']","[[2.66, 0.22, 2.17], [6.61, 0.25, 1.9], [0.36, 0.19, 0.72], [1.3, 0.21, 1.82], [0.71, 0.2, 0.96], [0.2, 2.96, 0.32], [1.51, 0.41, 1.91], [1.29, 0.18, 0.72], [0.15, 0.38, 1.8], [0.22, 4.42, 2.29], [0.11, 2.99, 0.0], [0.13, 3.63, 0.0], [0.46, 0.39, 0.4], [1.43, 0.94, 1.77]]","[396, 391, 411, 358, 401, 363, 370, 357, 361, 365, 398, 342, 416, 412]",29.1
766,1790252313714668785,307206,98444,23,14,111.1,"[24.3, 40.5, 42.2, 43.4, 45.7, 48.4, 78.5, 81.1, 85.1, 93.7, 95.5, 100.3, 102.0, 111.1]","['OUTSIDE', 'OUTSIDE', 'OUTSIDE', 'OUTSIDE', 'NEAR', 'OUTSIDE', 'RAIL', 'OUTSIDE', 'INSIDE', 'NEAR', 'INSIDE', 'INSIDE', 'INSIDE', 'INSIDE']","[[0.55, 0.11, 1.54], [2.1, 0.21, 1.69], [0.28, 0.13, 0.59], [1.54, 0.25, 2.17], [2.58, 0.35, 1.7], [0.69, 0.14, 0.86], [0.92, 0.3, 0.32], [1.2, 0.51, 1.61], [0.31, 4.46, 2.25], [0.14, 0.98, 0.0], [0.18, 3.17, 0.0], [1.61, 4.28, 1.75], [0.08, 2.85, 0.0], [0.3, 3.69, 0.23]]","[348, 391, 410, 411, 358, 401, 370, 357, 365, 417, 398, 403, 412, 381]",23.1
767,1790252313805419751,307197,95862,22,11,141.2,"[25.2, 31.0, 44.2, 46.8, 83.5, 90.1, 91.9, 98.5, 100.4, 103.7, 141.2]","['OUTSIDE', 'NEAR', 'INSIDE', 'INSIDE', 'INSIDE', 'INSIDE', 'INSIDE', 'INSIDE', 'INSIDE', 'RAIL', 'INSIDE']","[[0.77, 0.18, 0.89], [2.54, 0.32, 1.75], [1.05, 2.04, 1.28], [0.02, 2.38, 0.01], [0.29, 4.36, 2.4], [0.07, 1.26, 0.0], [0.11, 2.89, 0.0], [1.95, 0.74, 1.89], [0.07, 2.63, 0.0], [0.75, 0.17, 0.45], [8.6, 4.14, 1.59]]","[410, 411, 401, 363, 365, 378, 417, 342, 403, 412, 415]",22.1
768,1790252313909855942,307191,90163,20,11,139.9,"[42.2, 44.2, 45.9, 81.9, 90.4, 92.3, 96.7, 96.9, 100.8, 102.1, 139.9]","['NEAR', 'NEAR', 'OUTSIDE', 'INSIDE', 'NEAR', 'INSIDE', 'OUTSIDE', 'NEAR', 'INSIDE', 'RAIL', 'INSIDE']","[[2.48, 0.22, 2.37], [2.56, 0.33, 2.23], [0.6, 0.19, 1.45], [0.44, 4.4, 2.55], [0.06, 0.63, 0.0], [0.12, 3.38, 0.0], [0.69, 0.22, 1.44], [1.75, 0.56, 1.86], [1.87, 3.91, 1.12], [0.78, 0.17, 0.44], [8.14, 4.13, 1.57]]","[391, 411, 410, 365, 378, 417, 398, 342, 403, 412, 415]",15.2
769,1790252314021577964,307198,75393,23,14,138.9,"[24.8, 40.4, 47.2, 73.6, 80.2, 86.9, 90.6, 95.1, 95.2, 98.8, 100.8, 106.2, 106.3, 138.9]","['NEAR', 'NEAR', 'OUTSIDE', 'RAIL', 'INSIDE', 'INSIDE', 'INSIDE', 'OUTSIDE', 'NEAR', 'INSIDE', 'INSIDE', 'OUTSIDE', 'INSIDE', 'INSIDE']","[[10.34, 0.41, 2.55], [1.34, 0.16, 0.86], [0.77, 0.2, 1.02], [0.9, 0.25, 0.47], [0.3, 4.5, 2.5], [0.15, 2.88, 0.0], [0.18, 3.16, 0.0], [0.73, 0.37, 1.41], [1.99, 0.55, 1.83], [0.99, 3.8, 1.27], [1.49, 2.92, 1.93], [0.37, 0.91, 0.47], [0.04, 1.11, 0.0], [9.46, 4.05, 1.55]]","[348, 358, 401, 359, 365, 386, 378, 398, 342, 403, 412, 419, 381, 415]",13.6
770,1790252314107929000,307196,64345,25,16,140.8,"[38.0, 40.1, 44.1, 46.0, 47.2, 69.6, 87.3, 89.0, 91.0, 93.8, 97.4, 99.0, 101.6, 107.8, 109.3, 140.8]","['NEAR', 'NEAR', 'NEAR', 'NEAR', 'NEAR', 'RAIL', 'INSIDE', 'INSIDE', 'INSIDE', 'INSIDE', 'OUTSIDE', 'INSIDE', 'INSIDE', 'INSIDE', 'INSIDE', 'INSIDE']","[[2.21, 0.24, 2.01], [1.06, 0.12, 0.41], [2.25, 0.2, 1.03], [0.54, 0.15, 0.51], [0.4, 1.18, 0.03], [0.11, 0.14, 0.62], [0.25, 3.2, 0.01], [0.05, 1.86, 0.0], [0.09, 2.7, 0.0], [1.59, 4.3, 2.05], [0.88, 0.21, 1.26], [1.02, 0.28, 0.69], [0.12, 3.37, 0.0], [0.12, 3.58, 0.0], [0.04, 2.29, 0.0], [6.97, 4.33, 0.71]]","[348, 358, 411, 410, 396, 359, 386, 378, 417, 342, 398, 403, 412, 381, 419, 415]",22.6
771,1790252314214286376,307199,65205,25,17,139.1,"[29.3, 41.4, 44.1, 45.4, 46.5, 48.6, 70.3, 85.6, 87.4, 92.2, 93.9, 97.4, 100.1, 101.1, 106.3, 107.7, 139.1]","['NEAR', 'NEAR', 'NEAR', 'NEAR', 'NEAR', 'OUTSIDE', 'RAIL', 'NEAR', 'INSIDE', 'INSIDE', 'INSIDE', 'INSIDE', 'INSIDE', 'INSIDE', 'OUTSIDE', 'INSIDE', 'INSIDE']","[[2.64, 0.31, 2.02], [1.66, 0.18, 1.07], [0.55, 0.21, 1.52], [0.72, 0.22, 1.23], [0.23, 0.18, 0.8], [0.46, 0.14, 1.05], [0.82, 0.33, 0.63], [0.03, 1.05, 0.0], [0.21, 3.51, 0.0], [1.66, 4.27, 2.02], [0.1, 2.78, 0.0], [1.16, 0.27, 1.27], [0.33, 2.62, 0.01], [1.08, 3.92, 0.84], [0.05, 0.93, 0.0], [0.05, 3.57, 0.0], [7.01, 4.31, 0.99]]","[391, 410, 426, 411, 358, 363, 359, 375, 386, 342, 417, 403, 412, 416, 381, 419, 415]",29.2
772,1790252314313848582,307197,66713,24,16,137.4,"[29.0, 41.8, 42.8, 44.5, 46.8, 47.9, 68.7, 82.0, 85.9, 90.1, 91.2, 95.7, 100.6, 106.0, 108.9, 137.4]","['NEAR', 'NEAR', 'NEAR', 'NEAR', 'NEAR', 'INSIDE', 'RAIL', 'INSIDE', 'INSIDE', 'OUTSIDE', 'INSIDE', 'NEAR', 'INSIDE', 'INSIDE', 'OUTSIDE', 'INSIDE']","[[0.32, 0.17, 0.92], [0.36, 0.17, 1.21], [1.9, 0.21, 1.75], [0.54, 0.17, 0.53], [0.24, 0.22, 0.54], [0.06, 1.52, 0.0], [0.87, 0.24, 0.61], [0.1, 2.86, 0.0], [0.24, 3.45, 0.01], [0.79, 0.98, 1.59], [2.23, 3.69, 2.02], [0.75, 0.32, 1.25], [1.56, 3.74, 0.81], [0.04, 3.15, 0.0], [0.18, 0.19, 0.51], [6.93, 4.26, 0.98]]","[391, 410, 358, 426, 411, 363, 359, 365, 375, 342, 378, 403, 416, 381, 419, 415]",25.5
773,1790252314411344563,307196,69593,26,16,147.8,"[41.2, 42.6, 46.2, 48.3, 49.5, 82.4, 84.1, 90.1, 93.1, 94.5, 96.7, 102.4, 107.3, 110.5, 134.3, 147.8]","['NEAR', 'NEAR', 'RAIL', 'NEAR', 'NEAR', 'INSIDE', 'INSIDE', 'INSIDE', 'OUTSIDE', 'INSIDE', 'INSIDE', 'INSIDE', 'OUTSIDE', 'INSIDE', 'INSIDE', 'INSIDE']","[[0.3, 0.16, 0.73], [1.72, 0.19, 1.72], [0.91, 0.18, 0.87], [0.15, 0.2, 1.35], [0.47, 0.2, 1.7], [0.16, 3.02, 0.0], [0.18, 3.52, 0.0], [4.13, 4.24, 2.39], [0.54, 0.37, 2.04], [1.6, 3.98, 1.95], [0.07, 2.7, 0.0], [1.51, 3.08, 1.33], [0.31, 0.37, 0.5], [0.09, 3.47, 0.0], [3.89, 3.75, 1.2], [7.45, 3.73, 0.75]]","[391, 410, 426, 411, 358, 365, 375, 378, 417, 403, 398, 416, 419, 381, 415, 421]",24.1
774,1790252314503628349,307194,73982,19,12,108.9,"[40.3, 42.6, 42.7, 46.6, 47.9, 49.7, 80.6, 84.5, 87.3, 92.1, 98.0, 108.9]","['NEAR', 'RAIL', 'NEAR', 'RAIL', 'NEAR', 'INSIDE', 'INSIDE', 'INSIDE', 'INSIDE', 'INSIDE', 'INSIDE', 'INSIDE']","[[3.66, 0.28, 1.94], [0.35, 0.24, 0.82], [1.56, 0.22, 1.28], [0.49, 0.19, 0.68], [0.42, 0.16, 0.77], [0.27, 2.74, 0.36], [0.17, 3.1, 0.0], [0.15, 3.84, 0.0], [1.68, 4.24, 2.49], [1.95, 4.01, 2.21], [0.29, 3.62, 0.87], [0.36, 3.06, 0.88]]","[348, 411, 358, 426, 410, 391, 365, 375, 386, 378, 398, 381]",23.0
775,1790252314606447328,307192,82296,27,19,144.0,"[27.0, 30.4, 41.0, 42.4, 47.8, 48.0, 48.9, 77.2, 81.0, 82.9, 85.3, 87.4, 90.5, 93.6, 94.9, 105.7, 108.8, 127.0, 144.0]","['OUTSIDE', 'OUTSIDE', 'NEAR', 'RAIL', 'NEAR', 'INSIDE', 'INSIDE', 'INSIDE', 'OUTSIDE', 'INSIDE', 'OUTSIDE', 'INSIDE', 'NEAR', 'INSIDE', 'INSIDE', 'INSIDE', 'OUTSIDE', 'INSIDE', 'INSIDE']","[[0.35, 0.16, 0.72], [1.19, 0.17, 1.6], [0.8, 0.26, 1.41], [0.33, 0.17, 0.62], [0.5, 0.19, 0.54], [0.73, 1.68, 0.06], [0.04, 2.36, 0.01], [0.13, 2.96, 0.0], [0.14, 0.56, 0.0], [0.15, 3.9, 0.0], [0.73, 0.47, 1.49], [4.96, 4.33, 2.36], [1.34, 0.34, 1.38], [0.23, 2.61, 0.01], [0.25, 3.83, 1.67], [0.27, 2.19, 0.43], [0.02, 0.95, 0.0], [12.16, 4.3, 1.86], [8.57, 4.12, 0.74]]","[348, 410, 426, 358, 411, 363, 401, 370, 365, 375, 386, 342, 378, 403, 417, 381, 428, 420, 421]",25.4
776,1790252314706551757,307200,97452,23,15,143.9,"[39.1, 40.7, 42.7, 47.2, 74.5, 79.3, 81.3, 83.7, 88.4, 89.7, 90.4, 93.5, 94.9, 108.6, 143.9]","['OUTSIDE', 'OUTSIDE', 'NEAR', 'INSIDE', 'INSIDE', 'INSIDE', 'INSIDE', 'INSIDE', 'INSIDE', 'RAIL', 'INSIDE', 'INSIDE', 'INSIDE', 'OUTSIDE', 'INSIDE']","[[1.66, 0.2, 1.63], [1.93, 0.19, 1.71], [2.56, 0.33, 1.64], [0.07, 0.87, 0.34], [2.04, 2.59, 0.06], [0.09, 2.21, 0.0], [0.12, 2.98, 0.0], [2.33, 4.28, 2.4], [1.14, 3.83, 1.38], [1.86, 0.29, 0.99], [0.05, 3.31, 0.0], [0.34, 3.94, 0.42], [0.09, 3.78, 0.84], [0.03, 0.95, 0.0], [5.61, 3.92, 0.72]]","[348, 410, 411, 396, 370, 365, 375, 386, 342, 378, 403, 417, 398, 428, 421]",24.8
777,1790252314811408731,307201,100735,26,18,142.2,"[28.9, 37.8, 38.9, 40.8, 44.9, 46.3, 48.3, 75.9, 82.1, 86.2, 88.7, 93.2, 99.2, 100.8, 109.0, 111.5, 124.9, 142.2]","['OUTSIDE', 'OUTSIDE', 'NEAR', 'OUTSIDE', 'INSIDE', 'INSIDE', 'INSIDE', 'NEAR', 'INSIDE', 'INSIDE', 'INSIDE', 'INSIDE', 'OUTSIDE', 'INSIDE', 'RAIL', 'INSIDE', 'NEAR', 'INSIDE']","[[6.34, 0.25, 1.8], [0.57, 0.16, 1.37], [1.48, 0.33, 1.61], [1.29, 0.19, 1.28], [0.2, 2.04, 0.01], [0.05, 1.85, 0.01], [0.44, 1.82, 0.23], [0.12, 1.19, 0.0], [2.42, 4.37, 2.35], [5.13, 4.38, 2.51], [0.08, 3.25, 0.0], [0.28, 4.08, 0.82], [0.57, 1.48, 1.35], [0.25, 4.06, 1.56], [0.06, 0.2, 0.31], [0.15, 3.7, 0.0], [0.93, 0.53, 1.64], [5.57, 3.89, 0.71]]","[348, 424, 411, 358, 396, 391, 401, 370, 375, 342, 403, 417, 412, 416, 428, 434, 420, 421]",28.5
778,1790252314904558864,307203,101980,22,15,139.1,"[42.2, 48.1, 49.1, 80.6, 84.2, 86.0, 87.1, 88.6, 91.6, 93.2, 94.7, 100.9, 110.0, 121.6, 139.1]","['RAIL', 'OUTSIDE', 'INSIDE', 'INSIDE', 'OUTSIDE', 'INSIDE', 'INSIDE', 'INSIDE', 'INSIDE', 'INSIDE', 'INSIDE', 'INSIDE', 'INSIDE', 'INSIDE', 'INSIDE']","[[0.48, 0.2, 0.43], [0.5, 0.16, 1.62], [0.27, 2.84, 0.38], [2.21, 4.33, 2.3], [1.7, 0.33, 2.22], [0.09, 3.35, 0.0], [2.38, 1.03, 2.47], [0.05, 3.4, 0.0], [0.16, 1.76, 0.19], [0.12, 2.93, 0.0], [0.06, 1.16, 0.0], [0.36, 3.49, 0.45], [0.12, 3.45, 0.0], [2.48, 0.22, 1.82], [8.55, 4.26, 1.66]]","[358, 426, 410, 375, 386, 342, 403, 378, 417, 398, 412, 416, 434, 420, 421]",27.8
779,1790252315006213298,307200,102593,26,14,138.0,"[40.5, 45.3, 46.9, 70.7, 81.6, 82.0, 85.0, 91.9, 93.0, 97.8, 108.3, 114.4, 117.4, 138.0]","['NEAR', 'NEAR', 'RAIL', 'INSIDE', 'NEAR', 'OUTSIDE', 'INSIDE', 'INSIDE', 'INSIDE', 'INSIDE', 'INSIDE', 'INSIDE', 'OUTSIDE', 'INSIDE']","[[7.13, 0.4, 2.03], [1.75, 0.31, 1.75], [1.4, 0.47, 0.59], [0.1, 1.6, 0.0], [0.07, 0.23, 0.9], [2.89, 0.44, 2.38], [3.86, 4.33, 2.5], [1.15, 3.89, 1.79], [0.06, 3.41, 0.0], [1.91, 3.08, 1.99], [0.1, 3.78, 0.0], [0.06, 1.2, 0.0], [0.06, 1.57, 0.51], [7.39, 4.0, 0.71]]","[348, 411, 424, 359, 375, 386, 403, 417, 398, 416, 434, 435, 420, 421]",29.7
780,1790252315111334650,307198,102622,27,18,134.9,"[35.9, 43.1, 43.2, 43.3, 45.9, 46.2, 49.0, 82.7, 83.9, 85.2, 88.3, 89.7, 96.0, 101.1, 102.1, 105.1, 114.2, 134.9]","['NEAR', 'NEAR', 'NEAR', 'RAIL', 'RAIL', 'INSIDE', 'INSIDE', 'INSIDE', 'INSIDE', 'INSIDE', 'INSIDE', 'INSIDE', 'INSIDE', 'OUTSIDE', 'INSIDE', 'INSIDE', 'INSIDE', 'INSIDE']","[[1.26, 0.19, 1.73], [1.36, 0.19, 1.76], [1.82, 0.3, 2.38], [0.52, 0.19, 0.8], [1.52, 0.61, 1.04], [0.57, 1.84, 0.59], [0.22, 2.21, 0.38], [0.12, 3.22, 0.0], [2.28, 1.08, 2.58], [2.99, 3.6, 2.66], [0.3, 3.92, 0.78], [0.27, 3.91, 0.39], [0.38, 3.06, 1.49], [2.01, 0.71, 1.56], [0.17, 3.38, 0.0], [0.06, 2.2, 0.0], [0.09, 1.99, 0.0], [7.19, 4.01, 0.62]]","[348, 411, 426, 358, 424, 391, 410, 403, 375, 342, 378, 417, 416, 381, 419, 434, 435, 415]",34.8
781,1790252315205649210,307200,93657,29,21,134.2,"[27.2, 40.3, 40.9, 41.9, 43.2, 43.3, 44.0, 47.2, 49.3, 71.1, 75.4, 81.3, 83.4, 89.8, 93.9, 96.7, 103.4, 104.9, 114.1, 119.4, 134.2]","['OUTSIDE', 'NEAR', 'NEAR', 'NEAR', 'NEAR', 'RAIL', 'RAIL', 'INSIDE', 'INSIDE', 'INSIDE', 'NEAR', 'NEAR', 'INSIDE', 'INSIDE', 'OUTSIDE', 'INSIDE', 'INSIDE', 'INSIDE', 'INSIDE', 'OUTSIDE', 'INSIDE']","[[0.53, 0.18, 0.38], [0.62, 0.3, 1.72], [1.06, 0.15, 1.41], [4.44, 0.36, 2.31], [0.37, 0.15, 0.71], [0.37, 0.17, 0.3], [0.1, 0.21, 0.33], [0.14, 1.61, 0.37], [0.27, 2.75, 0.44], [0.1, 2.48, 0.0], [2.44, 0.69, 2.52], [1.59, 0.48, 1.44], [0.79, 3.77, 1.14], [0.08, 3.6, 0.0], [0.99, 0.54, 1.04], [1.63, 3.82, 0.84], [0.05, 3.61, 0.0], [0.04, 2.2, 0.0], [0.11, 4.21, 0.47], [0.32, 0.21, 0.79], [2.44, 3.76, 0.31]]","[363, 348, 410, 411, 396, 424, 391, 358, 426, 359, 370, 375, 403, 417, 398, 416, 419, 434, 435, 420, 415]",30.4
782,1790252315311529219,307201,102364,28,19,169.7,"[27.8, 37.4, 38.7, 40.1, 41.2, 42.8, 47.3, 49.2, 82.1, 83.5, 88.2, 89.6, 92.3, 94.3, 95.8, 101.5, 103.3, 131.8, 169.7]","['NEAR', 'NEAR', 'NEAR', 'NEAR', 'NEAR', 'INSIDE', 'INSIDE', 'INSIDE', 'INSIDE', 'NEAR', 'INSIDE', 'INSIDE', 'OUTSIDE', 'INSIDE', 'INSIDE', 'INSIDE', 'INSIDE', 'INSIDE', 'INSIDE']","[[0.71, 0.27, 1.61], [1.31, 0.16, 0.28], [3.36, 0.27, 1.76], [0.06, 0.19, 0.87], [0.28, 0.2, 1.14], [0.08, 2.03, 0.25], [0.33, 0.84, 0.39], [0.35, 2.7, 0.3], [0.16, 3.44, 0.0], [0.04, 1.46, 0.0], [0.14, 3.69, 0.0], [0.02, 1.25, 0.0], [1.05, 0.26, 1.79], [0.11, 2.47, 0.0], [0.24, 2.12, 0.62], [0.75, 2.99, 0.29], [0.09, 3.43, 0.0], [7.05, 4.1, 1.85], [3.35, 0.49, 1.44]]","[396, 410, 348, 426, 411, 401, 358, 391, 403, 342, 378, 417, 398, 412, 416, 381, 419, 415, 430]",30.9
783,1790252315411677740,307199,102485,23,15,162.3,"[26.1, 37.1, 37.7, 40.0, 47.6, 80.4, 86.5, 90.6, 93.8, 99.8, 101.7, 106.2, 107.7, 128.5, 162.3]","['NEAR', 'NEAR', 'NEAR', 'RAIL', 'NEAR', 'INSIDE', 'INSIDE', 'OUTSIDE', 'INSIDE', 'INSIDE', 'INSIDE', 'INSIDE', 'INSIDE', 'INSIDE', 'INSIDE']","[[0.49, 0.21, 0.26], [4.37, 0.28, 1.94], [0.55, 0.21, 0.76], [0.41, 0.33, 0.3], [0.42, 0.19, 0.92], [0.43, 3.92, 0.38], [0.16, 3.77, 0.0], [1.13, 2.11, 2.39], [2.63, 4.09, 1.64], [0.85, 3.16, 0.22], [0.09, 3.91, 0.0], [0.23, 3.55, 0.48], [0.06, 3.2, 0.0], [4.63, 3.98, 1.69], [11.78, 2.94, 2.11]]","[396, 410, 411, 391, 363, 365, 378, 398, 412, 381, 419, 434, 428, 415, 422]",35.4
784,1790252315513333220,307199,103141,29,24,166.9,"[35.3, 38.7, 42.3, 44.0, 44.3, 46.9, 49.1, 77.4, 81.7, 81.9, 83.3, 87.8, 89.4, 94.0, 95.5, 101.6, 103.1, 107.7, 109.6, 110.6, 129.7, 138.8, 157.4, 166.9]","['NEAR', 'NEAR', 'NEAR', 'NEAR', 'NEAR', 'RAIL', 'INSIDE', 'INSIDE', 'INSIDE', 'INSIDE', 'NEAR', 'INSIDE', 'INSIDE', 'INSIDE', 'INSIDE', 'INSIDE', 'INSIDE', 'OUTSIDE', 'INSIDE', 'INSIDE', 'INSIDE', 'OUTSIDE', 'INSIDE', 'INSIDE']","[[2.44, 0.27, 1.89], [1.96, 0.3, 2.46], [1.02, 0.49, 1.94], [0.6, 0.31, 1.65], [0.03, 0.22, 0.86], [0.11, 0.37, 0.21], [0.1, 2.94, 0.01], [0.23, 2.57, 0.01], [0.23, 3.85, 0.94], [0.29, 3.68, 2.03], [1.96, 0.18, 1.28], [3.46, 4.19, 2.52], [0.12, 0.78, 0.0], [0.12, 2.3, 0.0], [0.12, 2.67, 0.0], [0.08, 3.37, 0.0], [0.06, 2.7, 0.0], [0.06, 0.59, 0.44], [1.02, 4.04, 1.92], [0.06, 1.35, 0.0], [7.56, 4.0, 1.77], [2.83, 0.28, 1.22], [4.78, 2.47, 0.06], [4.3, 0.6, 1.87]]","[396, 348, 426, 411, 427, 391, 358, 365, 403, 342, 375, 378, 417, 412, 416, 419, 434, 428, 439, 435, 415, 421, 422, 430]",32.7
785,1790252315609596419,307198,102885,29,22,163.8,"[25.3, 37.4, 37.6, 40.6, 44.1, 47.5, 75.7, 81.8, 85.5, 86.7, 88.1, 90.8, 92.4, 93.4, 98.6, 99.9, 106.0, 107.4, 109.1, 140.8, 155.7, 163.8]","['NEAR', 'RAIL', 'NEAR', 'NEAR', 'OUTSIDE', 'INSIDE', 'INSIDE', 'INSIDE', 'INSIDE', 'INSIDE', 'OUTSIDE', 'INSIDE', 'INSIDE', 'OUTSIDE', 'INSIDE', 'INSIDE', 'INSIDE', 'INSIDE', 'OUTSIDE', 'INSIDE', 'INSIDE', 'INSIDE']","[[1.4, 0.3, 1.23], [0.49, 0.13, 0.89], [4.26, 0.36, 2.45], [0.96, 0.5, 1.87], [0.83, 0.23, 0.62], [0.09, 2.92, 0.0], [0.11, 2.78, 0.0], [3.81, 4.01, 2.39], [1.47, 3.69, 0.37], [1.01, 0.95, 1.35], [1.48, 0.11, 2.15], [0.1, 2.85, 0.0], [0.09, 1.13, 0.0], [1.26, 0.22, 2.05], [0.12, 2.58, 0.0], [0.08, 3.84, 0.0], [0.13, 2.59, 0.29], [0.42, 4.32, 0.49], [2.09, 0.43, 0.97], [9.69, 3.87, 0.64], [5.41, 2.94, 1.04], [1.44, 0.26, 1.83]]","[396, 410, 348, 411, 363, 358, 365, 403, 342, 378, 398, 417, 412, 416, 381, 419, 428, 439, 435, 421, 422, 430]",33.3
786,1790252315709568009,307201,102528,26,17,160.6,"[42.8, 44.0, 45.9, 67.1, 81.6, 83.1, 84.6, 87.8, 92.2, 94.9, 99.8, 101.4, 107.3, 119.4, 135.3, 145.8, 160.6]","['OUTSIDE', 'NEAR', 'NEAR', 'OUTSIDE', 'INSIDE', 'INSIDE', 'NEAR', 'INSIDE', 'INSIDE', 'INSIDE', 'INSIDE', 'INSIDE', 'INSIDE', 'INSIDE', 'OUTSIDE', 'INSIDE', 'INSIDE']","[[1.02, 0.42, 1.61], [1.31, 0.3, 1.76], [0.41, 0.23, 0.3], [2.72, 0.56, 2.54], [0.12, 3.56, 0.0], [0.04, 0.73, 0.0], [0.28, 0.18, 0.53], [0.4, 3.26, 0.41], [0.13, 2.74, 0.0], [0.75, 3.86, 0.42], [0.07, 3.14, 0.0], [0.29, 3.78, 0.66], [1.89, 4.12, 1.89], [0.05, 1.88, 0.0], [2.64, 0.49, 1.47], [9.59, 3.43, 2.23], [8.36, 2.55, 2.14]]","[411, 427, 348, 359, 403, 375, 378, 342, 417, 416, 419, 434, 439, 420, 421, 436, 430]",31.1
787,1790252315813935109,307202,102498,22,18,156.3,"[44.2, 48.5, 68.5, 82.1, 84.0, 86.1, 87.8, 89.1, 90.2, 92.7, 96.6, 98.1, 104.3, 105.7, 109.5, 133.1, 141.9, 156.3]","['OUTSIDE', 'RAIL', 'OUTSIDE', 'NEAR', 'INSIDE', 'INSIDE', 'NEAR', 'INSIDE', 'INSIDE', 'OUTSIDE', 'INSIDE', 'INSIDE', 'INSIDE', 'INSIDE', 'OUTSIDE', 'INSIDE', 'NEAR', 'INSIDE']","[[1.07, 0.53, 1.74], [0.33, 0.09, 0.29], [8.9, 0.64, 2.58], [2.14, 0.2, 1.13], [1.08, 3.74, 1.67], [0.35, 2.42, 0.38], [1.29, 0.2, 1.15], [0.1, 2.18, 0.0], [0.74, 3.92, 1.6], [0.23, 0.2, 0.78], [0.07, 3.71, 0.0], [0.06, 2.4, 0.0], [0.1, 3.82, 0.0], [0.04, 2.4, 0.0], [0.04, 0.06, 0.69], [6.49, 4.09, 2.37], [2.5, 0.41, 0.58], [13.35, 2.68, 2.35]]","[427, 426, 359, 375, 378, 342, 398, 417, 412, 416, 381, 419, 428, 439, 435, 421, 436, 422]",33.5
788,1790252315906390539,307201,102324,25,17,107.7,"[29.5, 41.3, 42.5, 48.2, 63.8, 80.9, 81.2, 83.2, 85.8, 85.9, 85.9, 87.5, 90.9, 94.3, 102.6, 103.3, 107.7]","['OUTSIDE', 'NEAR', 'RAIL', 'OUTSIDE', 'OUTSIDE', 'INSIDE', 'NEAR', 'INSIDE', 'INSIDE', 'NEAR', 'OUTSIDE', 'INSIDE', 'OUTSIDE', 'INSIDE', 'INSIDE', 'OUTSIDE', 'OUTSIDE']","[[0.97, 0.58, 1.6], [0.1, 0.22, 0.46], [0.77, 0.16, 0.29], [0.67, 0.16, 0.75], [3.14, 0.6, 2.41], [0.62, 2.96, 0.38], [3.0, 0.26, 1.44], [1.44, 4.11, 2.18], [0.07, 2.25, 0.0], [1.2, 0.18, 2.1], [1.78, 0.18, 0.96], [0.1, 1.68, 0.0], [0.07, 0.36, 0.18], [1.42, 4.3, 0.85], [0.06, 3.58, 0.0], [0.46, 0.46, 1.12], [0.54, 0.23, 0.68]]","[348, 427, 426, 401, 359, 403, 375, 378, 342, 398, 417, 412, 416, 381, 434, 428, 435]",33.3
789,1790252316005884730,307200,101387,25,20,144.0,"[27.8, 37.6, 38.0, 40.5, 74.3, 78.0, 79.6, 80.7, 82.6, 83.8, 85.7, 85.8, 87.3, 89.4, 93.1, 100.2, 100.9, 107.3, 118.6, 144.0]","['OUTSIDE', 'NEAR', 'OUTSIDE', 'OUTSIDE', 'NEAR', 'INSIDE', 'INSIDE', 'NEAR', 'INSIDE', 'NEAR', 'INSIDE', 'OUTSIDE', 'INSIDE', 'RAIL', 'INSIDE', 'OUTSIDE', 'INSIDE', 'INSIDE', 'INSIDE', 'INSIDE']","[[1.72, 0.56, 1.95], [0.09, 0.2, 0.34], [0.75, 0.18, 0.91], [0.42, 1.44, 0.68], [1.76, 0.16, 2.48], [0.38, 2.21, 1.22], [2.89, 3.59, 2.71], [2.18, 0.16, 1.4], [0.27, 3.79, 0.18], [1.96, 0.2, 2.42], [0.15, 2.69, 0.0], [3.04, 0.24, 1.11], [0.1, 2.59, 0.0], [0.37, 0.31, 0.98], [2.33, 4.16, 1.23], [2.55, 0.41, 2.18], [0.1, 4.05, 0.0], [2.35, 4.47, 0.99], [2.18, 3.57, 1.28], [13.5, 3.71, 2.22]]","[427, 396, 401, 391, 370, 365, 403, 375, 378, 398, 342, 417, 412, 416, 381, 428, 434, 439, 420, 436]",33.4
790,1790252316114030033,307201,102694,21,17,122.0,"[33.0, 35.8, 36.0, 38.1, 39.2, 71.5, 79.5, 82.2, 84.1, 85.3, 88.3, 90.9, 95.3, 99.8, 104.2, 105.3, 122.0]","['OUTSIDE', 'NEAR', 'NEAR', 'NEAR', 'INSIDE', 'RAIL', 'INSIDE', 'INSIDE', 'INSIDE', 'OUTSIDE', 'INSIDE', 'INSIDE', 'INSIDE', 'OUTSIDE', 'INSIDE', 'INSIDE', 'INSIDE']","[[1.03, 0.55, 1.46], [0.09, 0.2, 0.16], [0.37, 0.11, 0.17], [0.44, 0.15, 1.14], [0.09, 0.87, 0.01], [0.94, 0.18, 0.79], [0.1, 2.64, 0.0], [2.08, 4.01, 2.75], [0.11, 1.03, 0.0], [5.08, 0.47, 2.47], [0.88, 3.32, 0.24], [1.53, 4.12, 1.4], [3.21, 4.37, 1.3], [0.03, 0.22, 0.2], [0.8, 3.34, 1.33], [0.07, 1.65, 0.0], [2.96, 3.86, 1.03]]","[427, 396, 410, 432, 391, 370, 365, 378, 398, 417, 412, 381, 419, 428, 439, 435, 420]",33.8
791,1790252316203913009,307201,102928,22,18,117.2,"[29.1, 31.8, 34.8, 37.5, 46.3, 64.5, 70.5, 77.8, 82.4, 86.1, 86.6, 88.5, 93.1, 94.9, 99.1, 101.2, 102.6, 117.2]","['OUTSIDE', 'NEAR', 'RAIL', 'OUTSIDE', 'NEAR', 'NEAR', 'NEAR', 'INSIDE', 'INSIDE', 'RAIL', 'INSIDE', 'INSIDE', 'INSIDE', 'INSIDE', 'OUTSIDE', 'RAIL', 'INSIDE', 'OUTSIDE']","[[1.19, 0.64, 1.87], [1.48, 0.33, 2.32], [0.6, 0.21, 0.28], [0.73, 0.17, 0.74], [0.38, 0.2, 0.53], [4.56, 0.47, 2.49], [2.12, 0.15, 2.23], [0.06, 2.58, 0.0], [0.08, 1.15, 0.0], [0.36, 0.3, 0.94], [0.88, 3.71, 0.23], [0.17, 3.98, 0.41], [0.1, 0.81, 0.0], [0.74, 4.06, 0.82], [4.04, 0.62, 1.07], [0.62, 0.42, 0.65], [0.94, 4.18, 1.11], [1.44, 0.4, 1.52]]","[410, 396, 426, 401, 432, 359, 370, 365, 398, 417, 342, 412, 381, 419, 428, 446, 439, 420]",37.4
792,1790252316306418678,307202,103212,16,15,118.6,"[33.5, 35.6, 44.6, 80.8, 82.3, 84.4, 87.7, 91.4, 93.6, 94.4, 96.4, 99.5, 101.2, 106.2, 118.6]","['OUTSIDE', 'NEAR', 'RAIL', 'INSIDE', 'INSIDE', 'RAIL', 'INSIDE', 'OUTSIDE', 'OUTSIDE', 'INSIDE', 'OUTSIDE', 'RAIL', 'INSIDE', 'INSIDE', 'INSIDE']","[[1.62, 0.52, 1.47], [0.33, 0.32, 2.29], [0.53, 0.18, 0.2], [0.16, 2.82, 0.0], [0.04, 2.59, 0.0], [0.35, 0.3, 0.93], [1.68, 4.13, 0.79], [0.1, 0.06, 1.59], [0.13, 0.71, 0.4], [1.5, 3.99, 0.84], [0.02, 0.26, 0.65], [0.59, 0.41, 0.64], [1.57, 4.13, 1.31], [0.7, 3.71, 0.74], [0.09, 3.52, 0.0]]","[396, 432, 426, 403, 398, 417, 412, 416, 419, 381, 428, 446, 434, 435, 420]",36.8
793,1790252316412170139,307201,103862,21,18,104.8,"[31.9, 34.1, 42.4, 45.1, 69.4, 79.8, 82.3, 83.3, 85.2, 88.2, 90.0, 94.3, 95.3, 97.3, 98.0, 99.5, 103.3, 104.8]","['NEAR', 'NEAR', 'RAIL', 'INSIDE', 'NEAR', 'INSIDE', 'RAIL', 'INSIDE', 'INSIDE', 'INSIDE', 'INSIDE', 'INSIDE', 'INSIDE', 'OUTSIDE', 'RAIL', 'OUTSIDE', 'INSIDE', 'INSIDE']","[[1.37, 0.82, 2.93], [0.36, 0.23, 1.34], [1.52, 0.13, 0.25], [0.11, 2.99, 0.01], [5.14, 0.26, 2.38], [1.35, 2.11, 2.81], [1.05, 0.34, 0.91], [0.84, 3.18, 0.4], [0.07, 3.87, 0.0], [0.08, 3.85, 0.0], [0.58, 3.86, 0.2], [0.13, 2.63, 0.0], [0.99, 4.21, 1.9], [1.04, 0.07, 0.66], [0.31, 0.34, 0.63], [0.14, 0.04, 0.81], [1.02, 4.01, 1.33], [0.05, 1.1, 0.0]]","[432, 401, 426, 358, 370, 375, 417, 398, 342, 412, 416, 381, 419, 428, 446, 434, 439, 435]",36.1
794,1790252316509801723,307201,97458,24,20,116.9,"[27.3, 30.2, 31.4, 32.6, 40.1, 65.0, 77.4, 78.2, 81.6, 83.4, 86.5, 91.0, 92.6, 93.3, 94.0, 96.4, 98.0, 100.7, 101.7, 116.9]","['OUTSIDE', 'NEAR', 'RAIL', 'RAIL', 'NEAR', 'NEAR', 'INSIDE', 'NEAR', 'INSIDE', 'INSIDE', 'INSIDE', 'OUTSIDE', 'OUTSIDE', 'INSIDE', 'INSIDE', 'RAIL', 'OUTSIDE', 'INSIDE', 'INSIDE', 'INSIDE']","[[1.09, 0.5, 1.62], [0.43, 0.27, 1.8], [0.18, 0.09, 0.16], [0.98, 0.13, 0.3], [0.41, 0.23, 0.85], [3.24, 0.31, 2.5], [0.13, 1.23, 0.17], [1.31, 0.18, 2.14], [0.85, 3.72, 0.39], [0.27, 2.04, 0.01], [0.06, 3.93, 0.0], [0.24, 0.52, 0.99], [0.41, 0.43, 1.03], [0.07, 3.88, 0.0], [0.07, 1.62, 0.22], [0.23, 0.33, 0.62], [0.16, 0.16, 0.61], [0.94, 2.85, 0.18], [0.02, 2.48, 0.0], [0.08, 2.24, 0.0]]","[401, 432, 427, 363, 396, 359, 365, 375, 403, 398, 342, 416, 381, 433, 419, 446, 428, 434, 439, 420]",42.2
795,1790252316617125911,307200,93374,17,14,117.9,"[28.4, 31.0, 35.1, 50.1, 79.5, 82.7, 85.5, 86.5, 88.7, 92.5, 93.6, 95.8, 100.5, 117.9]","['OUTSIDE', 'OUTSIDE', 'INSIDE', 'INSIDE', 'RAIL', 'INSIDE', 'OUTSIDE', 'INSIDE', 'INSIDE', 'INSIDE', 'NEAR', 'INSIDE', 'INSIDE', 'INSIDE']","[[1.1, 0.62, 1.83], [0.13, 0.21, 1.19], [0.1, 2.12, 0.31], [0.19, 1.05, 0.01], [0.35, 0.28, 0.87], [1.43, 4.17, 0.41], [1.71, 0.2, 2.23], [0.17, 3.58, 0.41], [1.6, 4.39, 0.96], [2.18, 2.89, 2.43], [2.51, 0.55, 0.78], [0.84, 4.22, 1.7], [2.11, 4.29, 2.43], [0.67, 2.7, 1.77]]","[432, 363, 391, 411, 417, 403, 342, 412, 416, 381, 419, 446, 434, 420]",35.7
796,1790252316708655574,307199,101184,23,17,118.9,"[25.9, 26.8, 37.5, 63.5, 77.8, 80.4, 81.7, 83.3, 87.3, 89.2, 89.8, 92.4, 92.8, 94.5, 101.4, 102.8, 118.9]","['OUTSIDE', 'RAIL', 'NEAR', 'NEAR', 'RAIL', 'INSIDE', 'INSIDE', 'INSIDE', 'INSIDE', 'OUTSIDE', 'INSIDE', 'OUTSIDE', 'RAIL', 'INSIDE', 'INSIDE', 'INSIDE', 'INSIDE']","[[0.19, 0.22, 1.35], [1.33, 0.17, 0.23], [0.17, 0.28, 0.89], [3.07, 0.19, 2.39], [0.33, 0.22, 1.06], [0.43, 0.88, 0.53], [0.13, 3.85, 0.0], [1.08, 4.18, 1.31], [1.0, 3.93, 1.95], [0.07, 0.35, 0.18], [0.07, 3.58, 0.0], [0.83, 0.24, 1.63], [0.68, 0.42, 0.6], [1.62, 4.3, 1.45], [0.15, 3.72, 0.0], [0.14, 1.8, 1.12], [2.17, 3.78, 1.78]]","[363, 410, 432, 359, 417, 375, 403, 398, 412, 416, 433, 381, 419, 446, 439, 435, 420]",41.4
797,1790252316802526769,307203,103039,19,13,116.0,"[23.8, 25.7, 27.5, 35.9, 73.3, 76.1, 81.7, 88.0, 90.1, 93.7, 99.7, 100.7, 116.0]","['OUTSIDE', 'RAIL', 'NEAR', 'INSIDE', 'NEAR', 'RAIL', 'INSIDE', 'INSIDE', 'RAIL', 'INSIDE', 'INSIDE', 'INSIDE', 'OUTSIDE']","[[1.39, 0.73, 2.83], [1.18, 0.14, 0.22], [1.12, 0.3, 1.21], [0.86, 1.9, 1.4], [1.02, 0.16, 1.3], [0.37, 0.27, 1.04], [0.41, 4.09, 0.16], [4.94, 4.42, 2.13], [2.75, 0.44, 0.81], [5.14, 4.35, 2.1], [0.1, 2.26, 0.0], [1.05, 3.18, 0.22], [0.92, 0.4, 2.03]]","[363, 410, 432, 396, 370, 417, 403, 412, 419, 446, 434, 439, 420]",41.8
798,1790252316914354938,307202,103153,16,12,116.2,"[30.1, 33.4, 34.6, 46.1, 72.0, 74.4, 81.6, 88.3, 89.6, 94.3, 102.0, 116.2]","['OUTSIDE', 'RAIL', 'RAIL', 'INSIDE', 'NEAR', 'RAIL', 'INSIDE', 'RAIL', 'INSIDE', 'INSIDE', 'INSIDE', 'OUTSIDE']","[[5.09, 0.87, 2.73], [0.55, 0.14, 0.21], [0.54, 0.13, 0.27], [0.29, 2.62, 0.54], [0.48, 0.19, 1.27], [0.36, 0.27, 1.02], [2.62, 4.17, 2.55], [0.5, 0.29, 0.81], [5.85, 4.34, 2.51], [3.37, 4.34, 1.45], [3.3, 4.12, 2.42], [3.81, 0.56, 2.0]]","[358, 410, 401, 363, 370, 417, 378, 419, 412, 446, 439, 420]",36.0
799,1790252317007339223,307200,103220,18,14,103.2,"[20.8, 47.0, 48.9, 73.3, 80.1, 83.1, 84.6, 86.8, 88.1, 90.3, 94.7, 96.4, 100.9, 103.2]","['OUTSIDE', 'RAIL', 'OUTSIDE', 'INSIDE', 'NEAR', 'OUTSIDE', 'INSIDE', 'OUTSIDE', 'RAIL', 'INSIDE', 'INSIDE', 'INSIDE', 'OUTSIDE', 'INSIDE']","[[0.24, 0.19, 0.33], [0.59, 0.22, 0.73], [0.37, 0.19, 0.2], [0.76, 2.36, 0.35], [1.64, 0.25, 2.67], [0.46, 0.38, 0.94], [2.34, 4.35, 1.67], [0.44, 0.23, 2.14], [1.05, 0.47, 0.97], [3.22, 4.43, 1.42], [0.4, 4.2, 0.84], [0.29, 1.63, 0.41], [0.72, 0.24, 1.09], [1.73, 4.02, 1.79]]","[411, 358, 432, 417, 375, 342, 398, 412, 419, 433, 446, 434, 439, 435]",40.5
800,1790252317118543541,307195,103602,16,12,101.8,"[20.1, 31.8, 47.2, 48.9, 64.1, 81.4, 85.7, 86.3, 92.9, 94.9, 97.8, 101.8]","['OUTSIDE', 'OUTSIDE', 'NEAR', 'INSIDE', 'INSIDE', 'OUTSIDE', 'NEAR', 'INSIDE', 'INSIDE', 'INSIDE', 'OUTSIDE', 'INSIDE']","[[0.34, 0.29, 1.47], [2.24, 0.52, 1.96], [0.08, 0.18, 0.43], [0.17, 2.88, 0.01], [9.37, 2.53, 2.85], [2.37, 0.11, 1.76], [1.55, 0.43, 0.95], [7.92, 4.56, 2.54], [0.65, 3.8, 1.04], [0.63, 3.78, 0.2], [1.07, 0.17, 1.73], [4.73, 4.1, 2.01]]","[432, 411, 358, 363, 359, 375, 419, 412, 446, 434, 428, 435]",41.3
801,1790252317210816149,307195,104519,15,12,106.4,"[41.1, 44.4, 48.0, 81.0, 82.0, 87.3, 93.7, 97.5, 99.9, 102.1, 104.7, 106.4]","['OUTSIDE', 'OUTSIDE', 'NEAR', 'INSIDE', 'INSIDE', 'INSIDE', 'INSIDE', 'OUTSIDE', 'INSIDE', 'INSIDE', 'INSIDE', 'OUTSIDE']","[[5.26, 0.93, 2.8], [2.77, 0.57, 1.91], [0.77, 0.23, 0.59], [0.15, 3.68, 0.0], [5.61, 4.46, 2.75], [2.82, 4.42, 1.41], [1.52, 4.04, 0.43], [1.89, 0.21, 2.14], [1.76, 4.08, 1.76], [0.05, 1.25, 0.0], [1.14, 2.54, 0.3], [0.42, 0.22, 0.87]]","[427, 411, 358, 403, 378, 412, 446, 428, 435, 439, 449, 447]",40.6
802,1790252317303255324,307187,103390,23,18,105.6,"[38.4, 39.4, 44.0, 46.3, 64.7, 71.6, 72.3, 78.6, 81.8, 83.1, 84.5, 89.2, 89.8, 95.2, 98.8, 101.9, 103.5, 105.6]","['OUTSIDE', 'OUTSIDE', 'NEAR', 'INSIDE', 'NEAR', 'OUTSIDE', 'INSIDE', 'OUTSIDE', 'OUTSIDE', 'NEAR', 'INSIDE', 'INSIDE', 'INSIDE', 'INSIDE', 'OUTSIDE', 'INSIDE', 'INSIDE', 'OUTSIDE']","[[5.26, 0.72, 2.77], [2.92, 0.56, 2.23], [0.37, 0.19, 0.76], [0.22, 2.68, 0.01], [1.31, 0.16, 2.32], [1.38, 0.12, 0.95], [3.11, 2.8, 0.41], [5.83, 0.13, 0.9], [1.03, 0.17, 2.15], [1.11, 0.61, 1.65], [1.66, 4.33, 2.62], [0.09, 2.98, 0.0], [2.91, 4.21, 2.76], [3.55, 4.2, 2.51], [2.51, 0.35, 2.15], [0.63, 2.54, 1.31], [0.07, 3.61, 0.0], [5.0, 0.64, 2.08]]","[427, 411, 358, 391, 359, 370, 417, 365, 378, 375, 398, 433, 416, 434, 428, 435, 449, 447]",39.7
803,1790252317407865611,307184,101058,19,13,115.8,"[44.8, 46.9, 65.6, 71.5, 80.2, 82.9, 85.7, 88.1, 95.6, 98.0, 100.3, 101.8, 115.8]","['OUTSIDE', 'NEAR', 'RAIL', 'NEAR', 'RAIL', 'INSIDE', 'OUTSIDE', 'INSIDE', 'INSIDE', 'INSIDE', 'INSIDE', 'INSIDE', 'NEAR']","[[2.58, 0.58, 2.13], [0.86, 0.11, 0.82], [0.99, 0.23, 1.03], [1.02, 0.15, 1.6], [3.65, 0.54, 1.12], [1.68, 4.37, 1.32], [1.04, 0.2, 0.98], [2.92, 4.33, 2.75], [0.04, 1.0, 0.0], [0.08, 3.5, 0.0], [0.09, 3.38, 0.0], [11.47, 4.16, 2.48], [2.92, 0.57, 1.86]]","[358, 411, 359, 370, 365, 398, 342, 412, 434, 435, 439, 428, 420]",40.5
804,1790252317506804998,307187,96248,25,17,114.2,"[37.0, 39.4, 45.3, 46.8, 64.2, 77.8, 81.1, 84.7, 85.8, 86.4, 87.7, 91.8, 96.0, 98.6, 101.3, 104.7, 114.2]","['OUTSIDE', 'NEAR', 'NEAR', 'NEAR', 'RAIL', 'NEAR', 'INSIDE', 'INSIDE', 'RAIL', 'INSIDE', 'OUTSIDE', 'INSIDE', 'INSIDE', 'INSIDE', 'OUTSIDE', 'INSIDE', 'NEAR']","[[3.52, 1.0, 2.88], [0.04, 0.22, 0.17], [0.68, 0.22, 1.29], [0.84, 0.16, 1.11], [0.62, 0.43, 1.0], [5.0, 0.55, 2.42], [1.67, 4.15, 2.52], [2.28, 4.37, 2.65], [0.98, 0.03, 0.25], [0.05, 0.75, 0.0], [0.4, 0.22, 2.3], [1.58, 4.32, 2.29], [2.75, 2.87, 2.33], [0.06, 3.44, 0.0], [1.26, 0.2, 2.23], [0.05, 2.01, 0.0], [3.24, 0.56, 1.83]]","[427, 391, 358, 411, 359, 365, 403, 398, 419, 412, 342, 446, 428, 435, 439, 449, 420]",38.8
805,1790252317610054781,307200,102131,20,12,112.7,"[36.6, 37.7, 38.6, 46.0, 62.2, 81.8, 86.2, 89.2, 93.2, 96.9, 102.3, 112.7]","['NEAR', 'NEAR', 'NEAR', 'NEAR', 'RAIL', 'INSIDE', 'INSIDE', 'OUTSIDE', 'INSIDE', 'OUTSIDE', 'INSIDE', 'NEAR']","[[0.53, 0.27, 0.28], [2.19, 0.19, 1.86], [0.08, 0.28, 0.48], [0.84, 0.3, 0.92], [1.13, 0.4, 0.98], [2.93, 4.26, 1.49], [3.2, 4.35, 1.96], [3.44, 0.41, 2.03], [2.1, 4.15, 2.46], [2.06, 0.17, 1.67], [7.87, 4.05, 2.4], [2.46, 0.55, 1.8]]","[391, 358, 427, 410, 359, 403, 398, 342, 446, 428, 439, 420]",39.3
806,1790252317704289482,307200,103292,17,11,114.7,"[35.9, 46.5, 86.1, 87.4, 91.8, 94.4, 97.5, 100.6, 101.3, 104.1, 114.7]","['NEAR', 'INSIDE', 'INSIDE', 'INSIDE', 'OUTSIDE', 'INSIDE', 'OUTSIDE', 'INSIDE', 'INSIDE', 'OUTSIDE', 'NEAR']","[[3.56, 0.23, 1.79], [0.06, 2.0, 0.0], [0.12, 3.61, 0.0], [4.48, 4.44, 2.74], [1.11, 0.53, 2.05], [1.37, 4.01, 1.23], [3.6, 0.26, 2.15], [1.64, 3.73, 1.77], [0.02, 1.41, 0.0], [2.92, 0.68, 1.98], [1.26, 0.15, 1.83]]","[411, 410, 398, 416, 446, 434, 428, 439, 435, 447, 420]",42.7
807,1790252317807603985,307200,99349,24,12,112.3,"[44.5, 45.7, 58.8, 73.0, 81.4, 82.2, 84.4, 86.9, 91.9, 95.2, 104.2, 112.3]","['NEAR', 'NEAR', 'INSIDE', 'INSIDE', 'INSIDE', 'OUTSIDE', 'INSIDE', 'OUTSIDE', 'INSIDE', 'INSIDE', 'INSIDE', 'NEAR']","[[0.72, 0.19, 1.78], [1.27, 0.16, 1.51], [0.23, 2.66, 0.01], [10.96, 2.19, 2.53], [4.0, 4.23, 2.66], [1.64, 0.15, 0.59], [0.04, 3.24, 0.0], [3.02, 0.31, 2.51], [0.02, 1.44, 0.0], [13.02, 4.16, 2.38], [0.09, 3.46, 0.0], [0.77, 0.09, 1.53]]","[358, 411, 359, 370, 403, 375, 398, 416, 433, 434, 449, 420]",36.6
808,1790252317907941055,307200,96292,24,15,99.3,"[32.5, 33.5, 34.6, 39.1, 43.5, 45.9, 57.6, 68.9, 81.2, 83.6, 86.8, 91.6, 91.8, 95.1, 99.3]","['OUTSIDE', 'OUTSIDE', 'OUTSIDE', 'NEAR', 'INSIDE', 'INSIDE', 'RAIL', 'OUTSIDE', 'INSIDE', 'OUTSIDE', 'INSIDE', 'INSIDE', 'INSIDE', 'OUTSIDE', 'INSIDE']","[[8.19, 0.63, 2.16], [0.87, 0.16, 0.44], [0.48, 0.28, 1.04], [0.8, 0.22, 0.9], [0.14, 2.61, 0.01], [0.38, 2.74, 0.03], [0.42, 0.4, 0.9], [9.16, 0.47, 2.61], [0.14, 3.87, 0.17], [1.82, 0.86, 1.71], [2.91, 4.05, 2.46], [0.07, 3.53, 0.0], [2.4, 3.56, 2.24], [0.7, 0.21, 0.45], [5.2, 4.15, 2.38]]","[391, 411, 363, 410, 427, 445, 359, 417, 403, 378, 412, 433, 446, 434, 439]",38.8
809,1790252317990103538,307200,87430,20,13,113.8,"[32.1, 44.2, 45.3, 56.3, 79.9, 85.9, 92.7, 94.7, 95.7, 98.4, 104.8, 109.9, 113.8]","['OUTSIDE', 'NEAR', 'OUTSIDE', 'OUTSIDE', 'INSIDE', 'INSIDE', 'INSIDE', 'INSIDE', 'OUTSIDE', 'NEAR', 'INSIDE', 'INSIDE', 'INSIDE']","[[0.53, 0.23, 0.91], [1.96, 0.27, 1.61], [0.99, 0.17, 0.6], [0.99, 0.12, 1.77], [1.83, 2.28, 2.27], [10.18, 4.36, 2.81], [1.18, 3.96, 2.45], [0.04, 3.64, 0.0], [1.09, 0.54, 2.3], [2.23, 0.71, 2.34], [5.12, 4.0, 2.3], [0.05, 1.53, 0.0], [7.2, 0.75, 2.02]]","[363, 411, 358, 359, 403, 412, 446, 434, 428, 439, 449, 448, 420]",30.5
810,1790252318087203686,307200,78484,22,14,113.8,"[30.4, 39.6, 43.0, 44.2, 82.5, 88.8, 91.4, 91.9, 94.0, 97.2, 97.6, 103.1, 109.2, 113.8]","['OUTSIDE', 'OUTSIDE', 'NEAR', 'INSIDE', 'INSIDE', 'INSIDE', 'INSIDE', 'OUTSIDE', 'OUTSIDE', 'INSIDE', 'NEAR', 'INSIDE', 'INSIDE', 'INSIDE']","[[0.33, 0.25, 0.32], [4.48, 0.26, 1.97], [0.7, 0.22, 1.49], [0.1, 2.25, 0.0], [7.25, 4.27, 2.7], [2.81, 4.14, 2.59], [0.08, 1.76, 0.0], [1.15, 0.23, 1.61], [1.01, 0.34, 2.25], [0.07, 3.75, 0.0], [2.72, 0.63, 1.86], [4.66, 3.98, 2.31], [0.93, 0.23, 1.26], [4.89, 3.43, 2.24]]","[363, 391, 358, 445, 378, 342, 433, 446, 428, 439, 434, 449, 448, 420]",36.4
811,1790252318192672893,307200,89589,17,9,114.2,"[42.9, 44.0, 45.8, 70.6, 92.1, 100.5, 103.7, 111.2, 114.2]","['OUTSIDE', 'INSIDE', 'OUTSIDE', 'OUTSIDE', 'INSIDE', 'OUTSIDE', 'INSIDE', 'INSIDE', 'INSIDE']","[[4.18, 0.27, 1.89], [0.4, 2.61, 0.02], [0.07, 1.05, 0.0], [2.03, 0.2, 2.02], [10.86, 4.4, 2.58], [3.42, 0.35, 2.06], [2.78, 3.8, 0.75], [2.97, 0.56, 1.96], [0.9, 2.23, 1.47]]","[411, 445, 358, 417, 433, 435, 449, 448, 420]",36.4
812,1790252318287648622,307200,95453,14,10,100.4,"[29.1, 29.3, 37.6, 40.2, 42.3, 44.3, 68.4, 95.7, 97.4, 100.4]","['OUTSIDE', 'OUTSIDE', 'OUTSIDE', 'OUTSIDE', 'INSIDE', 'NEAR', 'OUTSIDE', 'INSIDE', 'OUTSIDE', 'INSIDE']","[[1.88, 0.22, 1.88], [2.39, 0.28, 2.01], [4.49, 0.27, 1.83], [0.39, 0.31, 0.37], [0.18, 1.73, 0.02], [0.38, 1.43, 0.03], [2.78, 0.27, 2.1], [0.09, 3.67, 0.0], [0.55, 0.19, 1.72], [2.76, 3.92, 2.44]]","[391, 454, 411, 445, 363, 427, 417, 439, 434, 435]",32.6
813,1790252318386138440,307200,103917,20,13,99.1,"[24.0, 28.8, 36.3, 38.4, 40.6, 42.5, 46.1, 81.9, 84.9, 89.5, 93.9, 95.9, 99.1]","['OUTSIDE', 'RAIL', 'OUTSIDE', 'RAIL', 'NEAR', 'INSIDE', 'INSIDE', 'INSIDE', 'INSIDE', 'INSIDE', 'INSIDE', 'OUTSIDE', 'INSIDE']","[[2.52, 0.27, 1.89], [0.24, 0.15, 0.55], [4.38, 0.25, 1.47], [0.42, 0.14, 0.53], [1.36, 0.15, 0.91], [0.22, 2.94, 0.03], [0.39, 1.5, 0.03], [0.04, 3.71, 0.0], [0.3, 3.64, 0.21], [8.09, 4.42, 2.7], [0.11, 3.61, 0.0], [0.57, 0.22, 1.68], [3.26, 3.86, 2.25]]","[391, 410, 445, 454, 411, 363, 427, 378, 398, 342, 439, 434, 435]",36.1
814,1790252318489835278,307200,97491,15,12,111.8,"[39.2, 39.9, 40.9, 43.7, 44.9, 69.4, 74.3, 87.5, 91.0, 96.9, 104.3, 111.8]","['OUTSIDE', 'RAIL', 'NEAR', 'OUTSIDE', 'OUTSIDE', 'OUTSIDE', 'NEAR', 'OUTSIDE', 'INSIDE', 'INSIDE', 'INSIDE', 'INSIDE']","[[1.19, 0.22, 1.19], [0.41, 0.14, 0.27], [0.72, 0.17, 1.73], [0.93, 0.23, 1.37], [0.43, 0.17, 1.58], [2.19, 0.19, 1.39], [0.74, 1.1, 0.82], [0.77, 0.53, 2.3], [3.95, 4.19, 2.65], [6.35, 3.97, 2.32], [6.6, 3.89, 2.36], [5.77, 0.81, 2.21]]","[391, 454, 445, 358, 411, 417, 370, 416, 433, 434, 449, 448]",32.9
815,1790252318596610000,307200,97145,14,8,97.8,"[21.8, 40.4, 41.6, 43.2, 43.3, 69.3, 89.0, 97.8]","['NEAR', 'RAIL', 'OUTSIDE', 'RAIL', 'NEAR', 'OUTSIDE', 'INSIDE', 'NEAR']","[[0.22, 0.22, 0.29], [0.45, 0.17, 0.67], [0.79, 0.25, 0.74], [0.28, 0.17, 0.45], [0.2, 0.72, 0.7], [1.04, 0.15, 1.7], [0.04, 1.4, 0.0], [1.42, 0.11, 1.75]]","[445, 411, 363, 358, 391, 417, 342, 434]",34.3
816,1790252318690673545,307200,90006,19,11,102.6,"[37.4, 40.9, 42.8, 43.5, 45.7, 66.9, 84.3, 93.3, 94.0, 101.0, 102.6]","['OUTSIDE', 'NEAR', 'OUTSIDE', 'RAIL', 'RAIL', 'OUTSIDE', 'INSIDE', 'OUTSIDE', 'INSIDE', 'OUTSIDE', 'INSIDE']","[[4.59, 0.27, 2.58], [1.35, 0.18, 1.55], [0.57, 0.15, 0.47], [1.2, 0.42, 0.26], [0.46, 0.19, 1.01], [4.33, 0.3, 2.45], [6.59, 4.39, 2.73], [0.05, 1.47, 0.0], [7.45, 4.05, 2.42], [0.06, 1.06, 0.0], [9.16, 3.87, 2.39]]","[410, 454, 445, 358, 411, 417, 398, 439, 428, 435, 449]",30.5
817,1790252318790483841,307200,84902,18,9,112.3,"[40.0, 42.4, 46.2, 66.2, 69.3, 85.6, 92.0, 103.7, 112.3]","['RAIL', 'RAIL', 'INSIDE', 'OUTSIDE', 'OUTSIDE', 'INSIDE', 'INSIDE', 'INSIDE', 'INSIDE']","[[0.43, 0.13, 0.64], [0.43, 0.17, 0.72], [0.12, 0.84, 0.7], [1.93, 0.28, 1.78], [1.71, 0.17, 1.12], [7.73, 4.25, 2.67], [3.3, 3.9, 2.44], [12.3, 4.02, 2.39], [1.53, 0.43, 1.44]]","[445, 411, 391, 417, 370, 412, 433, 449, 448]",30.5
818,1790252318887667822,307200,88134,12,6,113.4,"[26.2, 41.2, 45.9, 85.5, 99.3, 113.4]","['OUTSIDE', 'INSIDE', 'INSIDE', 'INSIDE', 'INSIDE', 'INSIDE']","[[1.39, 0.2, 1.04], [0.13, 2.57, 0.46], [0.06, 2.4, 0.0], [0.04, 3.73, 0.0], [12.75, 4.29, 2.57], [13.14, 3.17, 2.48]]","[454, 427, 358, 412, 435, 420]",37.9
819,1790252318990010244,307200,88904,12,9,90.8,"[24.5, 39.3, 41.5, 45.9, 46.8, 49.3, 84.8, 88.3, 90.8]","['OUTSIDE', 'OUTSIDE', 'OUTSIDE', 'OUTSIDE', 'OUTSIDE', 'INSIDE', 'INSIDE', 'INSIDE', 'INSIDE']","[[1.25, 0.21, 1.06], [1.52, 0.2, 1.4], [1.23, 0.22, 2.25], [0.3, 0.19, 0.91], [0.4, 0.21, 1.65], [0.05, 2.31, 0.01], [2.9, 4.11, 2.49], [0.11, 2.0, 0.0], [7.03, 4.19, 2.8]]","[454, 445, 463, 411, 358, 427, 398, 342, 433]",35.1
820,1790252319088863163,307200,76987,13,10,103.6,"[37.5, 41.7, 45.7, 47.1, 80.5, 82.0, 85.3, 94.1, 94.8, 103.6]","['OUTSIDE', 'OUTSIDE', 'OUTSIDE', 'OUTSIDE', 'INSIDE', 'INSIDE', 'INSIDE', 'OUTSIDE', 'INSIDE', 'INSIDE']","[[1.31, 0.22, 1.08], [5.23, 0.25, 1.71], [1.54, 0.23, 1.59], [0.32, 0.11, 0.84], [0.1, 3.52, 0.0], [0.16, 3.87, 0.0], [6.14, 4.29, 2.7], [0.12, 1.15, 0.0], [9.69, 4.08, 2.44], [5.32, 0.64, 2.32]]","[410, 445, 411, 358, 378, 398, 412, 439, 428, 449]",37.5
821,1790252319186066420,307200,71795,11,8,96.3,"[23.4, 24.1, 41.5, 42.4, 49.4, 62.3, 86.4, 96.3]","['OUTSIDE', 'OUTSIDE', 'OUTSIDE', 'OUTSIDE', 'INSIDE', 'INSIDE', 'NEAR', 'INSIDE']","[[0.65, 0.2, 1.39], [0.23, 0.17, 1.49], [1.01, 0.18, 1.94], [0.52, 0.21, 0.58], [0.04, 1.6, 0.01], [0.79, 2.37, 0.77], [0.06, 1.36, 0.0], [7.66, 3.84, 2.47]]","[445, 454, 463, 363, 427, 417, 342, 428]",36.6
822,1790252319289277307,307200,76716,9,4,89.2,"[28.0, 38.3, 41.7, 89.2]","['OUTSIDE', 'OUTSIDE', 'OUTSIDE', 'OUTSIDE']","[[5.26, 0.23, 1.58], [2.47, 0.21, 1.95], [1.12, 1.49, 0.8], [0.08, 0.93, 0.0]]","[410, 445, 427, 433]",31.1
823,1790252319385623887,307200,84776,15,10,91.6,"[32.9, 34.7, 40.4, 40.9, 44.8, 45.2, 80.8, 84.7, 87.5, 91.6]","['OUTSIDE', 'OUTSIDE', 'INSIDE', 'INSIDE', 'INSIDE', 'INSIDE', 'INSIDE', 'INSIDE', 'OUTSIDE', 'INSIDE']","[[2.53, 0.21, 1.94], [4.48, 0.61, 1.84], [0.18, 2.35, 0.56], [0.05, 2.96, 0.0], [0.21, 2.92, 0.4], [0.3, 2.3, 0.29], [5.05, 4.26, 2.76], [0.77, 1.04, 2.43], [0.07, 1.37, 0.0], [11.3, 4.05, 2.48]]","[445, 411, 427, 391, 358, 410, 378, 412, 342, 439]",30.4
824,1790252319485206762,307200,94221,5,4,94.9,"[40.2, 41.4, 81.3, 94.9]","['OUTSIDE', 'INSIDE', 'INSIDE', 'OUTSIDE']","[[0.37, 0.19, 1.39], [0.06, 1.64, 0.35], [0.13, 1.99, 0.0], [0.08, 0.99, 0.0]]","[445, 391, 398, 428]",35.9
825,1790252319599335976,307200,83154,7,3,88.7,"[44.8, 85.9, 88.7]","['OUTSIDE', 'OUTSIDE', 'INSIDE']","[[0.39, 0.18, 1.67], [0.09, 1.24, 0.0], [9.46, 4.18, 2.77]]","[411, 433, 412]",32.1
826,1790252319692349594,307200,80034,2,1,42.0,[42.0],['OUTSIDE'],"[[2.88, 0.56, 2.01]]",[454],35.9
827,1790252319792045585,307200,94470,6,4,43.4,"[26.6, 31.3, 34.4, 43.4]","['OUTSIDE', 'NEAR', 'RAIL', 'INSIDE']","[[14.47, 0.56, 2.77], [0.94, 0.58, 0.78], [0.77, 0.13, 0.68], [0.44, 2.59, 0.04]]","[465, 427, 467, 363]",36.0
828,1790252319886573377,307200,106141,3,2,85.3,"[26.5, 85.3]","['INSIDE', 'OUTSIDE']","[[2.23, 2.7, 1.37], [0.32, 2.08, 0.01]]","[363, 412]",35.1
829,1790252319987800026,307200,102566,3,2,87.9,"[30.3, 87.9]","['INSIDE', 'OUTSIDE']","[[0.85, 2.31, 0.76], [0.14, 1.69, 0.0]]","[427, 342]",34.4
830,1790252320091949599,307200,102247,2,1,36.0,[36.0],['INSIDE'],"[[0.3, 2.51, 0.02]]",[410],37.3
831,1790252320188880522,307200,101647,5,5,81.5,"[29.6, 35.1, 49.4, 49.9, 81.5]","['RAIL', 'OUTSIDE', 'INSIDE', 'INSIDE', 'OUTSIDE']","[[0.11, 0.22, 1.08], [1.47, 1.16, 1.69], [0.64, 1.36, 0.56], [0.18, 2.44, 0.01], [0.07, 1.0, 0.0]]","[466, 410, 427, 358, 398]",37.4
832,1790252320303358323,307200,101749,5,5,49.6,"[32.8, 34.4, 35.4, 44.7, 49.6]","['RAIL', 'INSIDE', 'INSIDE', 'INSIDE', 'INSIDE']","[[0.22, 0.15, 1.06], [0.63, 1.61, 0.83], [0.69, 2.28, 0.94], [0.1, 2.77, 0.0], [0.31, 2.25, 0.32]]","[411, 465, 410, 358, 427]",36.8
833,1790252320398120769,307200,102535,1,1,40.1,[40.1],['RAIL'],"[[0.08, 0.02, 0.88]]",[445],40.0
834,1790252320490944151,307200,102176,3,2,49.2,"[43.6, 49.2]","['RAIL', 'INSIDE']","[[0.33, 0.15, 0.48], [0.23, 2.58, 0.01]]","[411, 358]",39.2
835,1790252320591941666,307200,102744,0,0,0.0,[],[],[],[],34.6
836,1790252320690465929,307200,103491,2,1,39.1,[39.1],['RAIL'],"[[0.29, 0.12, 0.51]]",[445],31.5
837,1790252320793569927,307200,102697,4,4,47.1,"[37.3, 38.3, 42.8, 47.1]","['RAIL', 'OUTSIDE', 'INSIDE', 'NEAR']","[[0.1, 0.17, 0.58], [5.81, 0.66, 2.35], [0.52, 2.27, 0.67], [0.25, 1.05, 0.02]]","[445, 358, 410, 411]",41.6
838,1790252320889774083,307200,101974,0,0,0.0,[],[],[],[],35.5
839,1790252320988086523,307200,100712,3,0,0.0,[],[],[],[],34.0
840,1790252321092469176,307200,104837,1,1,48.4,[48.4],['INSIDE'],"[[0.2, 2.71, 0.01]]",[466],40.6
841,1790252321198594967,307200,100406,3,3,48.1,"[46.7, 46.7, 48.1]","['RAIL', 'NEAR', 'NEAR']","[[0.53, 0.15, 0.51], [3.77, 0.45, 2.34], [0.84, 0.33, 0.53]]","[466, 358, 411]",40.4
842,1790252321294980777,307200,105382,4,3,47.9,"[44.2, 45.0, 47.9]","['RAIL', 'INSIDE', 'NEAR']","[[0.3, 0.1, 0.49], [3.93, 0.8, 2.32], [0.73, 0.25, 1.4]]","[466, 358, 411]",41.7
843,1790252321398757894,307200,105409,2,2,47.0,"[37.8, 47.0]","['RAIL', 'INSIDE']","[[1.04, 0.14, 0.5], [5.62, 0.8, 2.59]]","[445, 358]",42.8
844,1790252321487409475,307200,105261,2,2,39.8,"[37.7, 39.8]","['RAIL', 'RAIL']","[[0.35, 0.2, 1.14], [0.37, 0.2, 1.07]]","[445, 410]",43.2
845,1790252321595036590,307200,105334,3,2,49.2,"[39.7, 49.2]","['NEAR', 'INSIDE']","[[1.09, 0.32, 1.23], [0.67, 2.39, 0.03]]","[445, 358]",43.5
846,1790252321690255419,307200,105167,1,1,44.6,[44.6],['INSIDE'],"[[10.82, 0.9, 2.4]]",[411],44.2
847,1790252321789686051,307200,105431,0,0,0.0,[],[],[],[],43.9
848,1790252321891177110,307200,105544,1,1,42.5,[42.5],['INSIDE'],"[[0.57, 0.93, 0.39]]",[411],33.6
849,1790252321992398453,307200,106241,3,1,48.7,[48.7],['INSIDE'],"[[0.31, 0.85, 0.02]]",[358],34.1
850,1790252322086846259,307200,95719,2,1,43.4,[43.4],['OUTSIDE'],"[[0.19, 2.57, 0.01]]",[411],38.3
851,1790252322202407799,307200,104505,4,2,49.6,"[37.4, 49.6]","['INSIDE', 'INSIDE']","[[0.13, 2.94, 0.0], [0.22, 2.17, 0.34]]","[358, 445]",40.1
852,1790252322287856779,307200,104999,5,3,49.4,"[37.4, 38.5, 49.4]","['OUTSIDE', 'INSIDE', 'INSIDE']","[[0.16, 2.42, 0.0], [0.07, 2.42, 0.01], [0.23, 1.83, 0.65]]","[445, 358, 410]",36.7
853,1790252322392215902,307200,105062,1,0,0.0,[],[],[],[],36.3
854,1790252322490228609,307200,104976,4,2,49.7,"[34.0, 49.7]","['RAIL', 'INSIDE']","[[0.38, 0.17, 0.54], [0.4, 2.72, 0.29]]","[358, 410]",35.4
855,1790252322588329246,307200,104880,2,1,43.2,[43.2],['INSIDE'],"[[0.28, 0.65, 0.37]]",[411],29.9
856,1790252322690325383,307200,104594,6,2,38.0,"[31.7, 38.0]","['OUTSIDE', 'INSIDE']","[[0.24, 2.54, 0.01], [0.53, 2.4, 0.34]]","[410, 445]",38.8
857,1790252322800244912,307200,104827,4,1,38.0,[38.0],['INSIDE'],"[[0.45, 1.28, 0.36]]",[445],39.0
858,1790252322889328690,307200,104865,4,2,43.9,"[38.1, 43.9]","['INSIDE', 'INSIDE']","[[0.34, 2.51, 0.4], [0.15, 0.79, 0.66]]","[411, 445]",44.1
859,1790252322990832725,307200,104982,2,1,38.7,[38.7],['INSIDE'],"[[1.36, 2.47, 1.09]]",[445],42.1
860,1790252323088874715,307200,104974,5,2,44.3,"[39.0, 44.3]","['INSIDE', 'INSIDE']","[[11.29, 1.49, 2.42], [0.73, 2.87, 0.67]]","[411, 445]",41.3
861,1790252323188515782,307200,104954,3,2,38.6,"[31.4, 38.6]","['INSIDE', 'INSIDE']","[[0.87, 2.99, 0.7], [0.51, 2.58, 0.57]]","[445, 410]",33.2
862,1790252323292568107,307200,105279,5,2,43.8,"[38.4, 43.8]","['INSIDE', 'INSIDE']","[[0.87, 2.29, 0.72], [0.2, 0.5, 0.38]]","[445, 411]",31.7
863,1790252323389298098,307200,105950,3,2,38.6,"[31.2, 38.6]","['INSIDE', 'INSIDE']","[[0.45, 1.62, 0.03], [0.56, 1.03, 0.85]]","[445, 410]",33.6
864,1790252323494816040,307200,104521,1,0,0.0,[],[],[],[],35.9
865,1790252323590137700,307200,104646,4,2,39.7,"[31.1, 39.7]","['OUTSIDE', 'INSIDE']","[[0.13, 2.37, 0.01], [0.82, 0.51, 1.12]]","[445, 410]",45.2
866,1790252323693219923,307200,98231,5,2,39.6,"[30.2, 39.6]","['INSIDE', 'INSIDE']","[[0.31, 2.35, 0.7], [0.61, 0.23, 1.07]]","[445, 410]",41.5
867,1790252323788294854,307200,92639,5,2,38.0,"[32.0, 38.0]","['INSIDE', 'INSIDE']","[[0.46, 2.24, 0.04], [0.3, 0.44, 0.67]]","[410, 445]",40.0
868,1790252323889714549,307200,104052,4,1,39.2,[39.2],['INSIDE'],"[[0.66, 1.65, 0.72]]",[445],34.9
869,1790252324003848296,307200,104137,3,2,39.3,"[31.6, 39.3]","['INSIDE', 'INSIDE']","[[0.24, 1.52, 0.02], [0.95, 1.83, 0.86]]","[445, 410]",35.6
870,1790252324094434167,307200,103262,4,3,45.1,"[30.8, 38.7, 45.1]","['INSIDE', 'INSIDE', 'OUTSIDE']","[[1.08, 1.65, 0.39], [2.54, 1.8, 1.1], [0.14, 1.27, 0.01]]","[445, 410, 411]",30.0
871,1790252324190932040,307200,101251,5,2,39.0,"[29.8, 39.0]","['INSIDE', 'INSIDE']","[[0.28, 2.83, 0.03], [0.44, 0.95, 0.7]]","[410, 445]",37.0
872,1790252324294504242,307200,103521,4,2,38.8,"[29.7, 38.8]","['INSIDE', 'INSIDE']","[[0.33, 2.29, 0.04], [0.49, 0.68, 0.7]]","[410, 445]",36.2
873,1790252324388694711,307200,103524,5,3,44.7,"[30.8, 38.8, 44.7]","['INSIDE', 'NEAR', 'INSIDE']","[[0.25, 1.09, 0.02], [0.73, 1.11, 0.38], [1.02, 1.45, 0.61]]","[445, 411, 410]",36.4
874,1790252324494271561,307200,103577,6,2,39.9,"[30.7, 39.9]","['NEAR', 'INSIDE']","[[0.1, 1.4, 0.01], [0.82, 0.7, 1.12]]","[445, 410]",36.3
875,1790252324590515249,307200,103538,3,3,45.9,"[32.4, 39.8, 45.9]","['INSIDE', 'INSIDE', 'OUTSIDE']","[[0.55, 2.17, 0.05], [0.1, 1.39, 0.01], [0.26, 1.02, 0.41]]","[479, 445, 411]",42.1
876,1790252324699393614,307200,103706,3,1,33.3,[33.3],['INSIDE'],"[[0.64, 0.31, 0.83]]",[479],38.6
877,1790252324788259386,307200,103771,4,3,40.9,"[35.3, 39.5, 40.9]","['OUTSIDE', 'INSIDE', 'INSIDE']","[[0.67, 2.14, 0.7], [0.69, 0.98, 0.39], [0.82, 1.16, 0.57]]","[445, 482, 479]",37.7
878,1790252324897343497,307200,103635,6,4,46.8,"[31.8, 34.9, 41.0, 46.8]","['OUTSIDE', 'INSIDE', 'OUTSIDE', 'INSIDE']","[[0.21, 1.3, 0.02], [0.97, 1.47, 0.9], [0.77, 1.06, 0.45], [0.17, 0.49, 0.31]]","[445, 410, 411, 479]",49.8
879,1790252324989168188,307200,104104,5,3,40.7,"[31.7, 35.2, 40.7]","['OUTSIDE', 'INSIDE', 'INSIDE']","[[0.1, 1.42, 0.0], [0.12, 1.52, 0.28], [0.85, 0.67, 0.58]]","[445, 410, 479]",48.8
880,1790252325092336664,307200,104669,5,5,45.2,"[27.1, 28.7, 34.7, 36.0, 45.2]","['INSIDE', 'OUTSIDE', 'INSIDE', 'OUTSIDE', 'INSIDE']","[[0.52, 2.11, 0.06], [0.1, 1.51, 0.01], [0.52, 2.1, 0.05], [0.15, 0.95, 0.01], [0.33, 1.09, 0.03]]","[480, 479, 410, 411, 482]",54.4
881,1790252325188733740,307200,101824,5,4,40.5,"[26.9, 29.8, 36.0, 40.5]","['INSIDE', 'INSIDE', 'INSIDE', 'INSIDE']","[[0.27, 1.7, 0.03], [0.21, 1.09, 0.37], [0.24, 1.99, 0.03], [0.25, 1.52, 0.02]]","[480, 445, 410, 479]",54.9
882,1790252325287143915,307200,104033,9,6,44.9,"[29.8, 31.2, 32.7, 35.7, 40.2, 44.9]","['INSIDE', 'INSIDE', 'INSIDE', 'NEAR', 'INSIDE', 'INSIDE']","[[0.11, 1.6, 0.01], [0.66, 1.56, 0.74], [0.28, 2.09, 0.03], [0.4, 0.69, 0.41], [1.13, 1.15, 0.87], [0.16, 1.35, 0.33]]","[482, 445, 410, 411, 480, 479]",49.0
883,1790252325400468874,307200,97099,6,3,40.2,"[29.6, 32.7, 40.2]","['INSIDE', 'INSIDE', 'INSIDE']","[[0.26, 1.38, 0.03], [0.17, 1.13, 0.01], [0.27, 1.97, 0.03]]","[482, 445, 410]",54.0
884,1790252325489522200,307200,104139,4,4,45.9,"[30.4, 31.6, 39.7, 45.9]","['INSIDE', 'OUTSIDE', 'INSIDE', 'INSIDE']","[[0.89, 1.13, 0.4], [0.57, 1.04, 0.43], [0.83, 0.36, 0.31], [0.61, 0.23, 1.06]]","[445, 411, 480, 410]",72.3
885,1790252325590577480,307200,103564,6,5,39.9,"[29.5, 30.7, 32.3, 35.3, 39.9]","['INSIDE', 'INSIDE', 'INSIDE', 'INSIDE', 'INSIDE']","[[0.3, 1.49, 0.37], [0.11, 1.58, 0.01], [0.54, 1.66, 0.05], [0.64, 1.12, 0.34], [0.48, 0.48, 0.57]]","[445, 482, 410, 479, 480]",68.8
886,1790252325692551893,307200,103658,6,6,44.4,"[29.2, 30.6, 32.3, 35.1, 38.4, 44.4]","['INSIDE', 'NEAR', 'INSIDE', 'INSIDE', 'INSIDE', 'INSIDE']","[[0.65, 1.76, 0.61], [0.3, 0.51, 0.38], [0.3, 0.54, 0.36], [0.58, 1.36, 0.32], [0.14, 1.73, 0.01], [1.09, 0.51, 1.12]]","[482, 411, 445, 479, 410, 480]",64.8
887,1790252325788181028,307200,103632,5,3,45.7,"[36.5, 39.7, 45.7]","['INSIDE', 'OUTSIDE', 'NEAR']","[[0.16, 0.83, 0.01], [0.23, 1.42, 0.02], [0.27, 0.52, 0.38]]","[445, 479, 411]",61.5
888,1790252325891320890,307200,103573,10,5,39.4,"[30.4, 31.8, 33.3, 36.4, 39.4]","['NEAR', 'INSIDE', 'INSIDE', 'INSIDE', 'NEAR']","[[0.08, 1.17, 0.01], [0.3, 2.03, 0.03], [0.59, 0.7, 0.37], [1.06, 1.33, 0.36], [0.28, 1.16, 0.02]]","[482, 410, 445, 480, 479]",67.2
889,1790252325992701167,307200,103513,7,4,39.3,"[30.2, 31.3, 36.5, 39.3]","['INSIDE', 'INSIDE', 'INSIDE', 'INSIDE']","[[0.33, 0.56, 0.36], [0.22, 1.91, 0.02], [2.0, 1.16, 0.65], [0.55, 1.71, 0.62]]","[445, 410, 480, 479]",63.6
890,1790252326091864886,307200,103462,6,4,39.4,"[30.1, 31.7, 33.1, 39.4]","['NEAR', 'INSIDE', 'INSIDE', 'INSIDE']","[[0.23, 1.17, 0.02], [0.35, 1.5, 0.84], [0.29, 1.59, 0.03], [0.6, 0.55, 0.7]]","[482, 480, 410, 445]",69.5
891,1790252326190944879,307200,103604,6,3,40.5,"[29.9, 35.9, 40.5]","['INSIDE', 'INSIDE', 'INSIDE']","[[0.13, 1.14, 0.01], [0.21, 1.78, 0.02], [0.12, 1.13, 0.01]]","[445, 410, 479]",74.1
892,1790252326288659109,307200,103564,6,5,40.5,"[28.4, 29.7, 32.9, 35.9, 40.5]","['OUTSIDE', 'INSIDE', 'INSIDE', 'INSIDE', 'INSIDE']","[[0.53, 2.02, 0.06], [0.41, 1.96, 0.04], [0.25, 1.14, 0.02], [0.21, 1.13, 0.02], [0.4, 0.18, 0.53]]","[410, 482, 445, 479, 480]",74.5
893,1790252326387351162,307200,103737,7,5,40.1,"[28.2, 31.6, 32.7, 37.1, 40.1]","['OUTSIDE', 'INSIDE', 'INSIDE', 'OUTSIDE', 'INSIDE']","[[0.45, 1.89, 0.05], [0.2, 1.26, 0.02], [0.81, 1.14, 0.38], [0.17, 1.57, 0.02], [0.83, 0.25, 0.84]]","[410, 482, 445, 479, 480]",73.4
894,1790252326495144644,307200,103834,6,5,44.7,"[28.1, 29.6, 32.5, 40.2, 44.7]","['OUTSIDE', 'INSIDE', 'INSIDE', 'NEAR', 'INSIDE']","[[0.61, 1.71, 0.07], [0.16, 1.25, 0.02], [0.2, 0.85, 0.01], [0.53, 0.53, 0.42], [0.26, 1.97, 0.03]]","[410, 482, 445, 411, 480]",64.0
895,1790252326592739143,307200,103996,2,2,32.4,"[29.4, 32.4]","['INSIDE', 'INSIDE']","[[0.18, 1.36, 0.02], [0.3, 1.35, 0.03]]","[482, 480]",55.7
896,1790252326689559645,307200,103750,9,5,46.0,"[27.8, 30.7, 31.8, 36.8, 46.0]","['INSIDE', 'INSIDE', 'OUTSIDE', 'NEAR', 'OUTSIDE']","[[0.51, 1.77, 0.06], [1.79, 1.79, 0.89], [0.23, 1.3, 0.02], [0.18, 0.53, 0.4], [0.24, 1.3, 0.02]]","[410, 482, 480, 411, 479]",40.1
897,1790252326786605990,307200,103952,8,4,45.7,"[27.5, 30.5, 38.1, 45.7]","['INSIDE', 'OUTSIDE', 'OUTSIDE', 'INSIDE']","[[0.17, 1.74, 0.02], [0.18, 1.72, 0.02], [0.22, 0.85, 0.41], [0.58, 0.45, 0.69]]","[410, 480, 411, 479]",57.3
898,1790252326889209513,307200,104041,6,4,39.7,"[27.6, 32.3, 38.0, 39.7]","['NEAR', 'INSIDE', 'NEAR', 'INSIDE']","[[0.46, 1.36, 0.05], [0.59, 1.6, 0.05], [0.21, 0.98, 0.02], [0.78, 0.94, 0.38]]","[410, 482, 445, 479]",55.9
899,1790252326991308017,307200,104308,8,6,41.0,"[25.9, 27.5, 30.3, 32.1, 34.2, 41.0]","['NEAR', 'OUTSIDE', 'INSIDE', 'OUTSIDE', 'INSIDE', 'INSIDE']","[[0.45, 1.38, 0.05], [0.16, 1.29, 0.01], [0.52, 1.65, 0.06], [0.28, 1.61, 0.03], [0.52, 1.24, 0.05], [0.38, 0.18, 0.89]]","[410, 445, 483, 480, 482, 479]",49.2
900,1790252327088253367,307200,104003,7,5,39.2,"[24.3, 25.8, 30.2, 31.4, 39.2]","['OUTSIDE', 'INSIDE', 'INSIDE', 'NEAR', 'INSIDE']","[[0.65, 2.2, 0.21], [0.56, 1.92, 0.07], [1.82, 1.73, 1.18], [0.26, 1.28, 0.03], [0.62, 0.56, 0.38]]","[410, 483, 482, 480, 445]",51.9
901,1790252327195570667,307200,95897,6,3,30.1,"[24.1, 25.6, 30.1]","['OUTSIDE', 'INSIDE', 'OUTSIDE']","[[0.63, 2.27, 0.2], [0.4, 2.08, 0.05], [0.32, 1.91, 0.04]]","[410, 483, 480]",47.3
902,1790252327290718752,307200,103657,5,3,30.1,"[25.4, 29.9, 30.1]","['INSIDE', 'INSIDE', 'OUTSIDE']","[[0.26, 1.7, 0.03], [3.13, 2.2, 1.25], [0.11, 1.47, 0.01]]","[483, 482, 480]",39.4
903,1790252327395617561,307200,103706,7,5,41.9,"[25.6, 29.9, 31.6, 33.0, 41.9]","['INSIDE', 'OUTSIDE', 'NEAR', 'INSIDE', 'INSIDE']","[[0.64, 1.89, 0.08], [0.21, 1.33, 0.02], [0.28, 1.05, 0.03], [0.27, 2.1, 0.03], [0.32, 0.88, 0.03]]","[483, 445, 479, 480, 482]",36.4
904,1790252327495842714,307200,103591,7,6,40.4,"[25.4, 29.8, 31.0, 32.9, 34.8, 40.4]","['INSIDE', 'NEAR', 'INSIDE', 'NEAR', 'INSIDE', 'INSIDE']","[[0.67, 2.07, 0.08], [0.48, 1.4, 0.04], [0.22, 0.99, 0.02], [0.27, 1.36, 0.03], [1.33, 1.26, 0.88], [0.88, 0.42, 0.58]]","[483, 479, 445, 480, 482, 486]",38.4
905,1790252327592347163,307200,103479,7,7,40.3,"[25.0, 26.8, 29.7, 31.3, 32.7, 35.7, 40.3]","['INSIDE', 'INSIDE', 'INSIDE', 'INSIDE', 'INSIDE', 'INSIDE', 'INSIDE']","[[0.1, 1.58, 0.01], [0.32, 1.83, 0.03], [0.54, 1.98, 0.06], [0.24, 1.13, 0.02], [0.3, 1.57, 0.03], [0.65, 0.87, 0.06], [0.27, 1.36, 0.32]]","[483, 479, 484, 445, 480, 482, 486]",43.3
906,1790252327690450599,307200,103399,7,6,41.6,"[28.4, 29.4, 32.7, 37.1, 40.2, 41.6]","['NEAR', 'INSIDE', 'INSIDE', 'NEAR', 'INSIDE', 'INSIDE']","[[0.17, 1.4, 0.37], [0.37, 1.71, 0.03], [0.12, 0.51, 0.36], [0.29, 1.31, 0.03], [0.56, 1.79, 0.81], [0.36, 0.26, 0.49]]","[445, 479, 486, 482, 480, 484]",45.3
907,1790252327798704463,307200,103527,7,6,45.7,"[25.0, 28.9, 31.1, 32.5, 40.1, 45.7]","['INSIDE', 'INSIDE', 'INSIDE', 'NEAR', 'INSIDE', 'INSIDE']","[[0.46, 1.5, 0.05], [0.37, 1.25, 0.03], [0.91, 0.85, 0.35], [0.36, 0.7, 0.41], [1.84, 2.18, 1.33], [0.95, 0.59, 0.85]]","[483, 479, 486, 445, 480, 484]",45.8
908,1790252327892170768,307200,103882,11,8,45.6,"[23.3, 24.8, 29.3, 32.4, 33.7, 35.4, 39.8, 45.6]","['INSIDE', 'INSIDE', 'INSIDE', 'INSIDE', 'OUTSIDE', 'INSIDE', 'INSIDE', 'INSIDE']","[[0.38, 1.74, 0.04], [0.48, 1.57, 0.06], [0.54, 1.37, 0.05], [0.37, 1.12, 0.03], [0.34, 0.85, 0.4], [0.27, 1.85, 0.03], [0.26, 1.24, 0.02], [0.92, 0.24, 0.84]]","[483, 410, 479, 486, 445, 480, 482, 484]",41.2
909,1790252327987358056,307200,104591,6,4,36.7,"[30.6, 32.0, 35.3, 36.7]","['INSIDE', 'INSIDE', 'INSIDE', 'INSIDE']","[[0.24, 1.29, 0.03], [1.29, 0.9, 0.38], [0.22, 1.73, 0.65], [0.25, 0.6, 0.33]]","[480, 479, 482, 484]",46.4
910,1790252328105653876,307200,103249,7,5,39.6,"[26.0, 30.5, 31.8, 36.6, 39.6]","['INSIDE', 'INSIDE', 'INSIDE', 'INSIDE', 'INSIDE']","[[0.44, 2.48, 0.06], [0.31, 1.93, 0.03], [0.52, 0.42, 0.36], [0.83, 0.78, 0.34], [0.33, 1.47, 0.64]]","[483, 480, 486, 479, 482]",40.7
911,1790252328191015184,307200,103237,8,6,45.5,"[25.9, 28.9, 31.4, 34.6, 40.8, 45.5]","['OUTSIDE', 'OUTSIDE', 'INSIDE', 'NEAR', 'INSIDE', 'INSIDE']","[[0.54, 1.67, 0.07], [0.1, 1.28, 0.0], [1.24, 1.66, 0.57], [0.29, 0.54, 0.41], [1.1, 0.98, 0.38], [0.26, 1.01, 0.03]]","[483, 486, 479, 445, 484, 480]",40.3
912,1790252328297739300,307200,103297,8,8,45.4,"[25.8, 27.4, 28.4, 31.3, 33.2, 34.9, 40.8, 45.4]","['INSIDE', 'OUTSIDE', 'NEAR', 'INSIDE', 'INSIDE', 'NEAR', 'INSIDE', 'INSIDE']","[[0.48, 1.99, 0.06], [0.27, 1.41, 0.03], [0.13, 1.29, 0.01], [0.6, 2.03, 0.28], [1.52, 1.48, 0.66], [0.64, 0.55, 0.43], [0.35, 0.73, 0.31], [1.16, 1.25, 0.56]]","[483, 484, 486, 487, 479, 445, 482, 480]",43.1
913,1790252328390046099,307200,103313,9,8,46.7,"[25.8, 27.6, 28.8, 30.1, 33.1, 36.4, 40.7, 46.7]","['INSIDE', 'INSIDE', 'INSIDE', 'INSIDE', 'OUTSIDE', 'INSIDE', 'INSIDE', 'INSIDE']","[[0.67, 2.18, 0.08], [0.26, 1.63, 0.03], [1.19, 1.81, 0.52], [0.55, 0.87, 0.37], [0.68, 0.89, 0.44], [0.26, 1.27, 0.03], [0.68, 1.32, 0.59], [0.22, 0.86, 0.5]]","[483, 484, 487, 486, 445, 479, 482, 480]",39.6
914,1790252328491247563,307200,103368,7,7,40.7,"[22.5, 27.0, 28.0, 30.0, 34.4, 36.2, 40.7]","['INSIDE', 'INSIDE', 'NEAR', 'INSIDE', 'INSIDE', 'INSIDE', 'INSIDE']","[[0.46, 2.06, 0.07], [0.28, 1.99, 0.03], [0.11, 1.28, 0.01], [0.31, 1.9, 0.03], [0.53, 1.6, 0.93], [0.71, 0.6, 0.35], [1.57, 1.23, 1.32]]","[410, 487, 486, 479, 482, 484, 480]",39.6
915,1790252328591476099,307200,103306,6,5,46.5,"[25.5, 28.4, 32.8, 40.6, 46.5]","['INSIDE', 'OUTSIDE', 'NEAR', 'INSIDE', 'OUTSIDE']","[[0.63, 1.98, 0.08], [0.45, 2.1, 0.05], [0.11, 1.03, 0.01], [0.22, 1.23, 0.36], [0.62, 0.72, 0.44]]","[483, 479, 484, 486, 445]",35.8
916,1790252328689360816,307200,103014,7,5,46.4,"[28.3, 35.9, 37.3, 40.4, 46.4]","['OUTSIDE', 'INSIDE', 'OUTSIDE', 'OUTSIDE', 'INSIDE']","[[0.49, 1.91, 0.06], [0.63, 1.15, 0.37], [0.11, 1.7, 0.01], [0.48, 0.72, 0.43], [0.48, 0.88, 0.04]]","[479, 486, 482, 445, 484]",45.9
917,1790252328787439144,307200,103487,11,8,48.9,"[23.8, 25.3, 28.1, 28.8, 35.8, 39.1, 40.4, 48.9]","['OUTSIDE', 'INSIDE', 'INSIDE', 'NEAR', 'INSIDE', 'INSIDE', 'INSIDE', 'INSIDE']","[[0.82, 0.38, 1.95], [0.62, 1.96, 0.07], [0.66, 2.1, 0.09], [0.2, 1.28, 0.02], [0.1, 0.41, 0.35], [0.1, 1.25, 0.01], [0.55, 1.04, 1.0], [0.47, 0.3, 0.73]]","[445, 483, 410, 486, 482, 484, 480, 487]",43.9
918,1790252328891532460,307200,103515,5,3,27.8,"[25.8, 26.6, 27.8]","['OUTSIDE', 'INSIDE', 'INSIDE']","[[0.13, 1.67, 0.02], [0.47, 1.95, 0.5], [0.42, 0.24, 0.65]]","[479, 483, 480]",44.2
919,1790252328988191027,307200,103484,6,4,40.2,"[27.7, 29.4, 35.6, 40.2]","['INSIDE', 'INSIDE', 'INSIDE', 'INSIDE']","[[0.11, 1.56, 0.02], [0.5, 0.85, 0.35], [0.39, 1.43, 0.63], [0.14, 1.33, 0.01]]","[479, 486, 484, 487]",41.8
920,1790252329087312953,307200,103504,5,4,39.7,"[27.7, 29.1, 35.6, 39.7]","['INSIDE', 'INSIDE', 'INSIDE', 'INSIDE']","[[0.18, 1.94, 0.02], [0.85, 0.99, 0.39], [0.24, 1.22, 0.32], [1.21, 1.7, 0.8]]","[479, 486, 484, 487]",41.2
921,1790252329194652356,307200,103164,5,4,41.4,"[26.1, 28.5, 36.9, 41.4]","['INSIDE', 'INSIDE', 'NEAR', 'INSIDE']","[[0.26, 1.65, 0.03], [1.87, 2.25, 0.92], [0.22, 1.31, 0.02], [0.2, 1.29, 0.02]]","[483, 487, 486, 484]",32.7
922,1790252329291516878,307200,103328,5,3,41.2,"[25.5, 36.9, 41.2]","['OUTSIDE', 'INSIDE', 'INSIDE']","[[0.22, 1.31, 0.02], [0.56, 2.12, 0.63], [0.72, 0.2, 1.11]]","[486, 484, 480]",38.3
923,1790252329392460158,307200,103537,6,3,39.6,"[30.4, 36.5, 39.6]","['INSIDE', 'OUTSIDE', 'INSIDE']","[[0.44, 1.53, 0.72], [0.12, 1.28, 0.01], [1.12, 0.59, 0.83]]","[482, 484, 487]",42.8
924,1790252329488723754,307200,103571,7,4,41.0,"[24.4, 27.5, 39.4, 41.0]","['OUTSIDE', 'INSIDE', 'NEAR', 'INSIDE']","[[0.81, 2.62, 0.21], [0.46, 2.31, 0.05], [0.22, 1.15, 0.02], [0.57, 0.7, 0.35]]","[410, 479, 486, 482]",38.1
925,1790252329587115900,307200,103576,8,5,36.3,"[28.6, 29.6, 30.3, 35.1, 36.3]","['INSIDE', 'INSIDE', 'INSIDE', 'INSIDE', 'INSIDE']","[[0.29, 1.92, 0.03], [0.23, 1.79, 0.02], [0.1, 0.37, 0.31], [0.57, 0.3, 0.79], [1.02, 1.16, 0.55]]","[487, 484, 482, 479, 483]",40.1
926,1790252329694572722,307200,104004,7,5,36.2,"[25.8, 27.2, 30.2, 34.7, 36.2]","['INSIDE', 'INSIDE', 'INSIDE', 'INSIDE', 'INSIDE']","[[0.44, 2.26, 0.06], [0.09, 1.42, 0.01], [0.28, 1.8, 0.03], [0.76, 0.73, 0.36], [0.2, 0.89, 0.02]]","[410, 483, 487, 482, 484]",43.2
927,1790252329792854601,307200,99375,4,4,39.2,"[25.5, 30.0, 36.2, 39.2]","['INSIDE', 'INSIDE', 'INSIDE', 'INSIDE']","[[0.13, 2.05, 0.02], [0.26, 1.38, 0.03], [0.79, 0.69, 0.68], [0.3, 1.02, 0.02]]","[410, 487, 486, 484]",37.7
928,1790252329893741477,307200,103244,7,5,40.6,"[23.8, 30.0, 35.8, 39.0, 40.6]","['INSIDE', 'NEAR', 'INSIDE', 'INSIDE', 'INSIDE']","[[0.13, 2.17, 0.02], [0.2, 1.14, 0.02], [0.46, 0.55, 0.37], [0.28, 2.0, 0.03], [0.67, 1.75, 0.36]]","[410, 486, 484, 487, 482]",37.3
929,1790252329990936460,307200,103065,7,6,40.4,"[24.0, 28.4, 29.8, 32.9, 36.0, 40.4]","['OUTSIDE', 'INSIDE', 'NEAR', 'INSIDE', 'INSIDE', 'INSIDE']","[[0.57, 2.12, 0.07], [0.58, 2.75, 0.65], [0.16, 1.13, 0.01], [0.28, 1.39, 0.03], [0.27, 1.89, 0.03], [0.41, 1.99, 0.95]]","[483, 410, 486, 488, 487, 482]",35.0
930,1790252330095666323,307200,103609,6,5,40.4,"[29.1, 29.8, 32.7, 34.2, 40.4]","['INSIDE', 'INSIDE', 'INSIDE', 'INSIDE', 'INSIDE']","[[0.23, 1.72, 0.02], [0.24, 0.85, 0.02], [0.33, 1.57, 0.03], [0.75, 0.54, 0.62], [0.87, 0.22, 1.06]]","[488, 486, 487, 482, 479]",41.4
931,1790252330192246354,307200,97033,9,8,40.0,"[23.7, 28.1, 29.7, 31.8, 32.6, 34.3, 35.6, 40.0]","['OUTSIDE', 'INSIDE', 'INSIDE', 'INSIDE', 'INSIDE', 'INSIDE', 'INSIDE', 'INSIDE']","[[0.31, 1.29, 0.04], [0.42, 1.99, 0.05], [0.19, 1.72, 0.02], [0.5, 1.22, 0.38], [0.36, 1.23, 0.34], [1.29, 0.72, 1.06], [0.32, 1.35, 0.03], [0.89, 0.48, 0.34]]","[483, 410, 488, 486, 482, 489, 487, 484]",41.4
932,1790252330289707443,307200,102989,5,4,35.7,"[28.1, 31.2, 32.5, 35.7]","['INSIDE', 'INSIDE', 'INSIDE', 'INSIDE']","[[0.5, 1.79, 0.06], [0.25, 1.49, 0.02], [1.14, 0.82, 0.82], [0.47, 1.43, 0.61]]","[483, 488, 489, 482]",37.4
933,1790252330391216544,307200,103225,5,5,40.1,"[28.0, 32.5, 35.7, 36.9, 40.1]","['INSIDE', 'INSIDE', 'INSIDE', 'OUTSIDE', 'INSIDE']","[[0.55, 2.47, 0.06], [0.26, 1.37, 0.02], [0.32, 0.84, 0.7], [0.28, 1.43, 0.02], [0.53, 0.93, 0.61]]","[483, 488, 486, 482, 484]",40.2
934,1790252330492407448,307200,103066,8,8,41.3,"[24.8, 27.8, 32.3, 33.8, 35.1, 36.7, 39.9, 41.3]","['OUTSIDE', 'OUTSIDE', 'INSIDE', 'OUTSIDE', 'INSIDE', 'INSIDE', 'NEAR', 'INSIDE']","[[0.46, 1.86, 0.07], [0.3, 1.44, 0.03], [0.26, 2.05, 0.03], [0.17, 1.3, 0.01], [0.21, 1.36, 0.02], [0.25, 0.42, 0.35], [0.11, 1.16, 0.01], [0.9, 0.86, 0.3]]","[410, 488, 483, 486, 489, 482, 484, 487]",42.3
935,1790252330587898559,307200,103271,6,5,39.5,"[29.2, 32.3, 35.4, 36.7, 39.5]","['INSIDE', 'INSIDE', 'OUTSIDE', 'INSIDE', 'INSIDE']","[[0.49, 1.14, 0.04], [0.63, 1.07, 0.39], [0.24, 1.68, 0.02], [0.28, 1.44, 0.03], [0.61, 1.17, 0.59]]","[489, 482, 484, 483, 487]",39.1
936,1790252330696870043,307200,103122,7,7,39.4,"[26.1, 27.5, 30.5, 31.1, 32.0, 35.1, 39.4]","['OUTSIDE', 'INSIDE', 'OUTSIDE', 'INSIDE', 'INSIDE', 'INSIDE', 'INSIDE']","[[0.46, 1.77, 0.06], [0.27, 1.55, 0.03], [0.31, 1.4, 0.03], [0.46, 1.7, 0.87], [0.72, 0.7, 0.39], [0.48, 0.42, 0.52], [0.5, 0.86, 0.04]]","[410, 483, 489, 488, 482, 479, 487]",43.1
937,1790252330796732386,307200,103123,4,4,39.6,"[27.5, 30.4, 36.4, 39.6]","['INSIDE', 'OUTSIDE', 'INSIDE', 'NEAR']","[[0.47, 2.02, 0.05], [0.28, 1.61, 0.03], [0.45, 0.84, 0.34], [0.27, 1.41, 0.02]]","[483, 489, 482, 484]",43.1
938,1790252330887597694,307200,103510,7,6,39.4,"[25.8, 27.5, 30.3, 34.6, 36.8, 39.4]","['OUTSIDE', 'INSIDE', 'OUTSIDE', 'INSIDE', 'INSIDE', 'INSIDE']","[[0.41, 2.0, 0.05], [0.54, 1.37, 0.06], [0.3, 1.5, 0.03], [0.25, 1.11, 0.02], [0.88, 0.21, 0.62], [1.07, 0.97, 0.35]]","[410, 483, 489, 482, 484, 487]",47.0
939,1790252330991716932,307200,103312,4,4,40.7,"[25.8, 27.3, 36.2, 40.7]","['INSIDE', 'INSIDE', 'OUTSIDE', 'NEAR']","[[0.49, 1.56, 0.06], [0.52, 1.73, 0.06], [0.19, 1.28, 0.01], [0.25, 1.15, 0.02]]","[410, 483, 486, 484]",43.9
940,1790252331088190445,307200,103496,10,8,40.5,"[24.2, 25.7, 30.1, 31.6, 33.1, 33.2, 36.3, 40.5]","['INSIDE', 'INSIDE', 'INSIDE', 'INSIDE', 'INSIDE', 'INSIDE', 'INSIDE', 'INSIDE']","[[0.45, 1.81, 0.05], [0.58, 1.72, 0.08], [0.28, 1.4, 0.03], [0.38, 0.72, 0.36], [0.28, 1.48, 0.03], [0.41, 1.27, 0.31], [0.72, 0.66, 0.28], [0.76, 0.21, 0.91]]","[410, 483, 488, 486, 489, 484, 479, 487]",37.0
941,1790252331187781706,307200,103337,9,8,39.2,"[22.5, 25.7, 31.5, 32.9, 34.6, 35.9, 37.9, 39.2]","['INSIDE', 'INSIDE', 'OUTSIDE', 'INSIDE', 'INSIDE', 'NEAR', 'INSIDE', 'INSIDE']","[[0.48, 1.84, 0.07], [0.68, 1.64, 0.08], [0.16, 1.16, 0.02], [1.43, 1.49, 0.82], [0.38, 0.41, 0.32], [0.08, 1.01, 0.01], [0.9, 0.18, 0.69], [0.28, 0.85, 0.02]]","[483, 410, 488, 479, 482, 484, 486, 487]",43.8
942,1790252331293852985,307200,103284,8,6,35.8,"[27.1, 29.9, 30.2, 32.9, 34.6, 35.8]","['NEAR', 'INSIDE', 'INSIDE', 'INSIDE', 'INSIDE', 'INSIDE']","[[0.31, 1.16, 0.03], [0.59, 1.81, 0.06], [0.28, 1.89, 0.03], [0.46, 1.44, 0.64], [0.81, 0.54, 0.88], [0.74, 0.19, 0.56]]","[488, 410, 489, 484, 487, 479]",39.5
943,1790252331391353371,307200,103301,8,6,40.3,"[25.5, 28.2, 31.4, 32.7, 35.6, 40.3]","['INSIDE', 'OUTSIDE', 'INSIDE', 'INSIDE', 'INSIDE', 'INSIDE']","[[0.59, 1.97, 0.07], [0.22, 1.59, 0.03], [0.08, 1.03, 0.01], [0.58, 1.28, 0.35], [0.5, 0.77, 0.26], [0.95, 1.26, 0.36]]","[410, 489, 488, 482, 479, 484]",44.6
944,1790252331497148294,307200,103366,7,5,40.4,"[28.0, 31.4, 32.7, 35.8, 40.4]","['OUTSIDE', 'INSIDE', 'INSIDE', 'INSIDE', 'INSIDE']","[[0.15, 1.38, 0.02], [0.25, 1.38, 0.02], [0.19, 1.13, 0.01], [0.55, 0.82, 0.79], [0.31, 1.44, 0.63]]","[489, 488, 482, 479, 484]",40.9
945,1790252331587745622,307200,103583,6,4,40.4,"[28.2, 31.3, 32.6, 40.4]","['OUTSIDE', 'INSIDE', 'INSIDE', 'INSIDE']","[[0.62, 1.71, 0.07], [0.3, 1.48, 0.03], [0.86, 0.98, 0.69], [0.77, 0.35, 0.24]]","[489, 488, 482, 479]",39.5
946,1790252331690945979,307200,103413,4,4,37.1,"[27.9, 30.5, 35.4, 37.1]","['NEAR', 'OUTSIDE', 'INSIDE', 'INSIDE']","[[0.19, 1.28, 0.02], [0.22, 1.57, 0.02], [0.63, 1.12, 0.34], [0.95, 0.19, 1.03]]","[489, 484, 487, 479]",35.6
947,1790252331794272025,307200,103475,6,4,40.2,"[27.9, 32.4, 35.6, 40.2]","['INSIDE', 'INSIDE', 'INSIDE', 'INSIDE']","[[0.49, 1.48, 0.05], [0.29, 1.81, 0.03], [0.38, 0.84, 0.69], [0.23, 1.22, 0.31]]","[489, 488, 482, 487]",33.6
948,1790252331889530844,307200,103622,7,6,39.7,"[26.3, 27.9, 31.9, 35.5, 36.9, 39.7]","['OUTSIDE', 'INSIDE', 'INSIDE', 'OUTSIDE', 'INSIDE', 'INSIDE']","[[0.46, 1.86, 0.06], [0.55, 2.07, 0.06], [1.11, 2.31, 0.9], [0.24, 1.56, 0.02], [0.6, 0.57, 0.36], [0.36, 1.1, 0.32]]","[410, 489, 488, 484, 482, 487]",38.1
949,1790252331991248538,307200,99978,5,5,46.5,"[24.7, 27.8, 30.4, 36.8, 46.5]","['OUTSIDE', 'INSIDE', 'OUTSIDE', 'INSIDE', 'INSIDE']","[[0.56, 2.03, 0.08], [0.5, 1.86, 0.06], [0.22, 0.87, 0.42], [0.27, 1.68, 0.02], [1.29, 0.48, 0.57]]","[410, 489, 490, 484, 479]",40.2
950,1790252332092952525,307200,103393,5,5,41.2,"[26.2, 27.5, 30.6, 36.6, 41.2]","['OUTSIDE', 'INSIDE', 'OUTSIDE', 'INSIDE', 'INSIDE']","[[0.62, 2.15, 0.08], [0.27, 1.84, 0.03], [1.06, 2.35, 0.75], [0.05, 1.28, 0.01], [0.74, 0.37, 1.11]]","[410, 489, 482, 484, 479]",36.1
951,1790252332189589211,307200,103437,10,7,49.4,"[27.5, 30.5, 32.1, 34.9, 36.6, 40.3, 49.4]","['OUTSIDE', 'INSIDE', 'OUTSIDE', 'INSIDE', 'INSIDE', 'INSIDE', 'INSIDE']","[[1.08, 0.51, 1.1], [0.33, 2.03, 0.04], [0.28, 1.62, 0.03], [0.74, 1.28, 0.36], [0.28, 1.13, 0.03], [0.2, 1.38, 0.31], [0.67, 0.49, 0.31]]","[490, 489, 488, 482, 479, 484, 487]",38.3
952,1790252332288518200,307200,103453,8,5,46.2,"[27.6, 30.4, 33.3, 40.3, 46.2]","['INSIDE', 'NEAR', 'INSIDE', 'INSIDE', 'OUTSIDE']","[[0.6, 2.14, 0.07], [0.06, 0.93, 0.01], [0.3, 0.99, 0.02], [0.31, 1.93, 0.03], [0.22, 1.02, 0.4]]","[489, 479, 482, 488, 490]",36.9
953,1790252332400356285,307200,103498,8,6,46.1,"[24.2, 25.9, 30.3, 33.3, 40.2, 46.1]","['INSIDE', 'OUTSIDE', 'INSIDE', 'INSIDE', 'INSIDE', 'OUTSIDE']","[[0.44, 2.2, 0.06], [0.28, 2.31, 0.05], [0.07, 1.16, 0.01], [0.25, 0.99, 0.02], [0.32, 2.03, 0.03], [0.18, 1.02, 0.41]]","[410, 489, 479, 482, 488, 490]",32.6
954,1790252332497920825,307200,103480,10,7,46.0,"[24.3, 25.8, 29.0, 30.1, 35.5, 40.0, 46.0]","['OUTSIDE', 'INSIDE', 'INSIDE', 'OUTSIDE', 'INSIDE', 'INSIDE', 'INSIDE']","[[0.56, 2.26, 0.08], [0.43, 1.56, 0.05], [0.28, 1.22, 0.36], [0.31, 1.35, 0.42], [0.12, 1.48, 0.01], [0.39, 1.12, 0.03], [0.39, 0.21, 0.78]]","[489, 410, 482, 490, 488, 487, 479]",37.4
955,1790252332589623949,307200,103454,9,7,39.9,"[24.3, 25.7, 28.8, 30.1, 35.2, 36.8, 39.9]","['INSIDE', 'INSIDE', 'INSIDE', 'OUTSIDE', 'INSIDE', 'INSIDE', 'INSIDE']","[[0.49, 1.98, 0.06], [0.61, 2.16, 0.08], [0.2, 0.98, 0.02], [0.25, 1.56, 0.02], [0.13, 1.68, 0.01], [0.72, 0.99, 0.06], [0.5, 0.47, 0.49]]","[410, 489, 482, 484, 488, 487, 479]",40.0
956,1790252332692056304,307200,103436,6,6,45.9,"[22.6, 25.7, 35.3, 36.8, 39.8, 45.9]","['INSIDE', 'INSIDE', 'INSIDE', 'OUTSIDE', 'NEAR', 'INSIDE']","[[0.5, 2.15, 0.07], [0.66, 2.09, 0.08], [0.23, 1.21, 0.35], [0.3, 1.3, 0.03], [0.25, 0.86, 0.41], [0.32, 0.99, 0.03]]","[489, 410, 482, 484, 490, 487]",37.9
957,1790252332790635601,307200,103334,7,5,45.8,"[25.4, 35.1, 38.4, 39.7, 45.8]","['INSIDE', 'INSIDE', 'INSIDE', 'OUTSIDE', 'INSIDE']","[[0.19, 1.51, 0.02], [0.3, 1.48, 0.37], [0.47, 0.54, 0.33], [0.16, 0.81, 0.01], [0.6, 1.33, 0.35]]","[410, 482, 484, 490, 487]",37.2
958,1790252332890356056,307200,103632,7,6,45.6,"[23.8, 30.5, 35.2, 36.6, 39.6, 45.6]","['INSIDE', 'OUTSIDE', 'INSIDE', 'NEAR', 'NEAR', 'INSIDE']","[[0.23, 1.92, 0.03], [0.3, 1.83, 0.03], [0.23, 1.2, 0.36], [0.22, 0.7, 0.41], [0.25, 1.42, 0.02], [0.29, 0.99, 0.02]]","[489, 488, 482, 490, 487, 484]",35.6
959,1790252332986548593,307200,104036,8,7,45.4,"[23.2, 29.1, 30.4, 35.1, 38.3, 39.5, 45.4]","['RAIL', 'OUTSIDE', 'INSIDE', 'NEAR', 'INSIDE', 'INSIDE', 'INSIDE']","[[0.83, 0.16, 1.09], [0.29, 1.82, 0.03], [0.22, 1.05, 0.33], [0.3, 1.01, 0.41], [0.3, 0.4, 0.32], [0.38, 1.53, 0.62], [1.17, 1.68, 0.72]]","[489, 488, 482, 490, 487, 484, 479]",36.3
960,1790252333091093573,307200,104264,7,4,45.5,"[30.3, 30.7, 39.5, 45.5]","['OUTSIDE', 'INSIDE', 'NEAR', 'INSIDE']","[[0.32, 1.71, 0.03], [0.26, 1.06, 0.36], [0.17, 0.84, 0.39], [0.9, 0.58, 0.84]]","[488, 482, 490, 479]",34.5
961,1790252333191516524,307200,104433,10,8,45.3,"[25.8, 28.6, 33.2, 34.9, 36.2, 39.3, 40.8, 45.3]","['INSIDE', 'OUTSIDE', 'OUTSIDE', 'INSIDE', 'NEAR', 'NEAR', 'INSIDE', 'INSIDE']","[[0.45, 1.82, 0.05], [0.31, 1.65, 0.03], [0.23, 1.15, 0.02], [0.54, 0.83, 0.37], [0.15, 0.53, 0.39], [0.09, 0.89, 0.01], [0.25, 0.98, 0.02], [0.78, 1.4, 0.07]]","[410, 491, 482, 487, 490, 484, 479, 488]",32.4
962,1790252333285546770,307200,100548,7,6,46.7,"[25.6, 30.2, 33.1, 36.2, 39.1, 46.7]","['INSIDE', 'OUTSIDE', 'INSIDE', 'OUTSIDE', 'INSIDE', 'INSIDE']","[[0.3, 1.8, 0.04], [0.17, 1.4, 0.02], [0.33, 1.81, 0.04], [0.19, 0.71, 0.41], [0.63, 0.56, 0.36], [0.22, 1.14, 0.02]]","[410, 491, 488, 490, 487, 484]",42.6
963,1790252333392430783,307200,104048,7,4,46.5,"[25.7, 36.2, 38.9, 46.5]","['INSIDE', 'INSIDE', 'OUTSIDE', 'INSIDE']","[[0.52, 1.99, 0.06], [0.48, 1.09, 0.71], [0.42, 0.72, 0.43], [0.28, 1.53, 0.02]]","[410, 487, 490, 484]",39.7
964,1790252333494546840,307200,104427,8,7,46.7,"[25.6, 29.9, 33.0, 36.1, 39.0, 40.5, 46.7]","['INSIDE', 'INSIDE', 'INSIDE', 'NEAR', 'NEAR', 'INSIDE', 'INSIDE']","[[0.53, 1.72, 0.06], [0.3, 1.51, 0.03], [0.07, 1.13, 0.0], [0.21, 1.48, 0.02], [0.4, 0.4, 0.84], [0.29, 0.41, 0.35], [0.27, 0.89, 0.02]]","[410, 491, 482, 488, 490, 487, 484]",43.6
965,1790252333605773432,307200,100795,7,5,40.4,"[25.5, 29.9, 33.0, 35.7, 40.4]","['INSIDE', 'INSIDE', 'INSIDE', 'INSIDE', 'INSIDE']","[[0.48, 1.88, 0.06], [0.26, 1.39, 0.03], [0.18, 0.85, 0.01], [0.3, 1.16, 0.03], [0.27, 1.11, 0.33]]","[410, 491, 482, 488, 484]",41.7
966,1790252333687751217,307200,103913,6,6,46.4,"[25.4, 29.9, 32.8, 35.8, 40.3, 46.4]","['INSIDE', 'INSIDE', 'INSIDE', 'OUTSIDE', 'INSIDE', 'INSIDE']","[[0.5, 2.05, 0.06], [0.25, 1.04, 0.02], [0.21, 0.99, 0.02], [0.58, 0.88, 0.43], [0.34, 1.68, 0.04], [0.08, 1.13, 0.01]]","[410, 491, 482, 490, 488, 484]",35.5
967,1790252333786338661,307200,103926,9,8,41.9,"[25.2, 26.7, 28.2, 30.8, 31.5, 35.8, 40.4, 41.9]","['INSIDE', 'OUTSIDE', 'OUTSIDE', 'INSIDE', 'INSIDE', 'INSIDE', 'INSIDE', 'INSIDE']","[[0.22, 1.77, 0.03], [0.35, 1.6, 0.04], [0.31, 1.71, 0.36], [0.22, 1.21, 0.02], [0.49, 0.43, 0.34], [0.61, 0.94, 0.57], [0.52, 1.43, 0.61], [0.58, 0.17, 0.78]]","[410, 492, 482, 488, 487, 491, 484, 479]",39.6
968,1790252333904130123,307200,104258,7,6,41.7,"[25.2, 29.9, 30.9, 32.6, 37.1, 41.7]","['INSIDE', 'INSIDE', 'INSIDE', 'NEAR', 'INSIDE', 'INSIDE']","[[0.45, 1.42, 0.05], [0.39, 1.46, 0.75], [0.12, 1.26, 0.01], [0.08, 1.17, 0.01], [0.6, 0.92, 0.56], [0.67, 0.23, 1.05]]","[410, 482, 491, 484, 479, 492]",40.8
969,1790252333990636714,307200,96285,7,6,40.2,"[23.6, 28.0, 32.5, 35.6, 37.1, 40.2]","['NEAR', 'INSIDE', 'INSIDE', 'INSIDE', 'NEAR', 'INSIDE']","[[0.16, 1.09, 0.02], [0.53, 1.99, 0.07], [0.09, 1.59, 0.01], [0.53, 0.71, 0.39], [0.08, 1.3, 0.01], [0.12, 0.97, 0.31]]","[488, 410, 491, 487, 484, 479]",39.6
970,1790252334089565296,307200,104522,5,4,39.9,"[27.8, 32.4, 35.5, 39.9]","['OUTSIDE', 'INSIDE', 'INSIDE', 'INSIDE']","[[0.12, 1.37, 0.02], [0.08, 1.7, 0.01], [1.0, 1.28, 0.41], [0.24, 0.93, 0.62]]","[488, 491, 487, 479]",37.8
971,1790252334193667472,307200,104646,10,8,46.2,"[25.0, 27.8, 32.4, 33.8, 35.6, 36.8, 39.9, 46.2]","['INSIDE', 'INSIDE', 'NEAR', 'INSIDE', 'INSIDE', 'OUTSIDE', 'INSIDE', 'INSIDE']","[[0.13, 1.56, 0.02], [0.48, 1.49, 0.05], [0.09, 1.42, 0.01], [0.46, 0.71, 0.36], [0.08, 1.32, 0.28], [0.42, 0.71, 0.42], [0.85, 2.01, 0.68], [0.41, 0.56, 0.63]]","[488, 410, 491, 487, 492, 490, 484, 479]",40.3
972,1790252334290426006,307200,105475,5,5,46.2,"[27.7, 32.5, 35.5, 40.1, 46.2]","['INSIDE', 'INSIDE', 'INSIDE', 'OUTSIDE', 'INSIDE']","[[0.25, 1.85, 0.03], [0.21, 0.93, 0.35], [0.96, 1.41, 1.12], [0.34, 0.87, 0.42], [0.87, 0.68, 0.6]]","[488, 487, 492, 490, 479]",38.5
973,1790252334387356428,307200,101038,4,4,46.1,"[27.6, 33.7, 36.7, 46.1]","['INSIDE', 'OUTSIDE', 'OUTSIDE', 'NEAR']","[[0.1, 1.94, 0.01], [0.19, 1.66, 0.02], [0.07, 1.54, 0.01], [0.18, 0.54, 0.41]]","[488, 491, 484, 490]",30.6
974,1790252334489573935,307200,103753,6,4,32.2,"[27.6, 29.0, 29.6, 32.2]","['INSIDE', 'INSIDE', 'INSIDE', 'INSIDE']","[[0.16, 1.64, 0.02], [1.03, 1.19, 0.61], [1.27, 0.17, 1.07], [0.61, 0.87, 0.54]]","[488, 492, 410, 491]",36.9
975,1790252334587371239,307200,103891,8,6,39.7,"[26.0, 27.5, 30.2, 32.2, 36.7, 39.7]","['INSIDE', 'INSIDE', 'INSIDE', 'INSIDE', 'OUTSIDE', 'INSIDE']","[[0.21, 1.64, 0.02], [0.14, 1.74, 0.02], [0.37, 1.58, 0.03], [0.63, 1.08, 0.39], [0.26, 0.91, 0.02], [0.58, 0.41, 0.74]]","[488, 491, 492, 487, 484, 410]",35.4
976,1790252334691341900,307200,104008,4,4,39.9,"[24.5, 25.9, 35.2, 39.9]","['INSIDE', 'OUTSIDE', 'INSIDE', 'INSIDE']","[[0.21, 1.91, 0.03], [0.45, 1.99, 0.06], [0.23, 0.84, 0.02], [0.27, 0.8, 0.93]]","[488, 491, 487, 479]",41.0
977,1790252334789825111,307200,103962,5,4,36.7,"[32.0, 33.5, 35.2, 36.7]","['OUTSIDE', 'INSIDE', 'OUTSIDE', 'INSIDE']","[[0.25, 1.42, 0.03], [0.59, 1.3, 0.55], [0.15, 1.16, 0.01], [0.64, 0.99, 0.32]]","[492, 410, 484, 479]",38.7
978,1790252334890153384,307200,104253,4,4,41.3,"[26.0, 30.8, 36.7, 41.3]","['INSIDE', 'OUTSIDE', 'NEAR', 'INSIDE']","[[0.67, 2.21, 0.08], [0.16, 1.59, 0.01], [0.27, 1.29, 0.02], [0.72, 0.19, 0.81]]","[488, 487, 484, 410]",41.5
979,1790252335002069885,307200,103157,6,4,41.2,"[27.2, 32.2, 36.6, 41.2]","['NEAR', 'INSIDE', 'INSIDE', 'INSIDE']","[[0.27, 1.16, 0.02], [0.09, 1.53, 0.01], [0.7, 1.44, 0.32], [0.52, 1.86, 0.66]]","[487, 488, 410, 484]",40.0
980,1790252335090095761,307200,103357,9,7,41.0,"[25.6, 29.3, 32.1, 33.5, 36.0, 36.5, 41.0]","['INSIDE', 'INSIDE', 'NEAR', 'NEAR', 'INSIDE', 'INSIDE', 'INSIDE']","[[0.59, 0.33, 0.74], [0.13, 1.8, 0.02], [0.23, 1.3, 0.02], [0.07, 1.0, 0.01], [0.25, 1.41, 0.57], [0.23, 1.66, 0.34], [0.38, 0.2, 0.77]]","[479, 491, 492, 487, 410, 484, 488]",34.1
981,1790252335188839260,307200,103534,3,2,36.5,"[33.6, 36.5]","['NEAR', 'INSIDE']","[[0.52, 1.18, 0.05], [0.23, 1.85, 0.65]]","[492, 484]",34.1
982,1790252335293917098,307200,103610,5,4,36.4,"[25.7, 28.6, 33.4, 36.4]","['INSIDE', 'INSIDE', 'INSIDE', 'INSIDE']","[[0.45, 1.54, 0.05], [0.29, 1.99, 0.03], [0.32, 1.03, 0.03], [1.02, 1.19, 0.31]]","[491, 492, 484, 488]",36.1
983,1790252335390770013,307200,103637,7,5,36.3,"[24.1, 25.8, 30.3, 33.3, 36.3]","['INSIDE', 'INSIDE', 'INSIDE', 'INSIDE', 'INSIDE']","[[0.82, 2.81, 0.51], [0.5, 1.87, 0.06], [0.24, 1.99, 0.03], [0.38, 1.49, 0.04], [0.1, 1.27, 0.01]]","[491, 488, 492, 410, 484]",40.3
984,1790252335488318701,307200,103821,9,8,42.7,"[25.8, 29.8, 30.3, 31.1, 32.0, 33.3, 38.0, 42.7]","['INSIDE', 'OUTSIDE', 'INSIDE', 'OUTSIDE', 'INSIDE', 'INSIDE', 'INSIDE', 'INSIDE']","[[0.44, 1.9, 0.05], [2.98, 2.36, 0.21], [0.34, 1.29, 0.03], [0.72, 2.29, 0.06], [0.45, 2.06, 0.79], [0.54, 0.62, 0.82], [0.36, 0.23, 1.07], [0.75, 0.31, 0.76]]","[491, 487, 492, 484, 410, 495, 479, 488]",38.8
985,1790252335592503971,307200,104254,4,4,42.2,"[25.6, 33.0, 36.4, 42.2]","['INSIDE', 'INSIDE', 'INSIDE', 'INSIDE']","[[0.29, 1.44, 0.03], [0.35, 1.87, 0.89], [1.63, 1.22, 0.46], [1.0, 1.48, 1.31]]","[491, 492, 487, 484]",36.9
986,1790252335693569585,307200,105319,9,8,41.4,"[25.8, 28.6, 30.2, 32.8, 33.1, 35.2, 36.6, 41.4]","['OUTSIDE', 'INSIDE', 'INSIDE', 'INSIDE', 'INSIDE', 'INSIDE', 'INSIDE', 'INSIDE']","[[0.51, 2.34, 0.06], [0.74, 1.64, 0.09], [0.29, 1.28, 0.03], [0.8, 0.44, 0.35], [0.49, 2.16, 0.78], [0.07, 1.02, 0.01], [0.39, 0.55, 0.93], [0.84, 0.43, 0.54]]","[410, 491, 492, 487, 488, 484, 495, 479]",34.0
987,1790252335797046073,307200,101589,9,7,42.7,"[28.4, 28.5, 29.9, 30.6, 33.3, 35.6, 42.7]","['OUTSIDE', 'INSIDE', 'NEAR', 'INSIDE', 'INSIDE', 'INSIDE', 'INSIDE']","[[0.46, 1.32, 0.05], [0.76, 2.11, 0.35], [0.17, 1.05, 0.01], [0.1, 1.36, 0.01], [0.75, 0.32, 1.21], [0.48, 0.41, 0.49], [0.88, 0.55, 0.77]]","[410, 492, 487, 488, 495, 479, 491]",33.5
988,1790252335889286957,307200,103983,6,6,42.5,"[27.1, 28.3, 30.0, 31.5, 33.4, 42.5]","['INSIDE', 'OUTSIDE', 'INSIDE', 'INSIDE', 'INSIDE', 'INSIDE']","[[0.1, 1.69, 0.02], [0.55, 2.35, 0.06], [0.09, 1.17, 0.01], [0.45, 0.7, 0.4], [0.66, 1.15, 0.49], [0.34, 1.15, 0.03]]","[410, 492, 495, 487, 491, 488]",26.6
989,1790252335987444111,307200,97792,6,5,31.9,"[26.7, 28.3, 30.0, 30.2, 31.9]","['OUTSIDE', 'INSIDE', 'INSIDE', 'INSIDE', 'INSIDE']","[[0.11, 1.97, 0.02], [0.34, 1.5, 0.04], [0.84, 2.12, 0.08], [1.28, 0.61, 1.1], [0.33, 0.22, 0.8]]","[410, 491, 488, 479, 492]",36.1
990,1790252336091239130,307200,102292,5,5,42.3,"[23.9, 30.2, 36.5, 37.9, 42.3]","['INSIDE', 'INSIDE', 'INSIDE', 'INSIDE', 'INSIDE']","[[0.5, 1.92, 0.06], [0.63, 1.05, 0.38], [0.44, 0.46, 0.97], [0.17, 1.2, 0.01], [0.09, 1.37, 0.01]]","[410, 487, 484, 495, 488]",34.1
991,1790252336193284258,307200,103709,4,2,42.4,"[37.9, 42.4]","['NEAR', 'INSIDE']","[[0.22, 1.19, 0.02], [0.26, 1.33, 0.02]]","[487, 495]",36.6
992,1790252336300922606,307200,103663,4,4,43.7,"[28.9, 33.1, 37.7, 43.7]","['OUTSIDE', 'OUTSIDE', 'INSIDE', 'INSIDE']","[[0.98, 2.59, 0.11], [0.11, 1.23, 0.01], [0.85, 1.23, 0.89], [0.31, 1.33, 0.34]]","[491, 487, 479, 495]",33.5
993,1790252336387407334,307200,103716,8,8,43.7,"[25.5, 27.1, 31.2, 31.6, 34.6, 35.9, 37.5, 43.7]","['OUTSIDE', 'INSIDE', 'NEAR', 'INSIDE', 'INSIDE', 'INSIDE', 'INSIDE', 'INSIDE']","[[0.49, 2.12, 0.06], [0.13, 1.52, 0.02], [0.2, 1.17, 0.39], [0.17, 0.97, 0.02], [0.28, 1.89, 0.03], [0.92, 1.25, 1.01], [0.25, 0.25, 0.62], [1.81, 0.32, 1.18]]","[491, 410, 487, 479, 488, 495, 484, 492]",34.9
994,1790252336489865828,307200,103925,4,3,43.6,"[31.5, 34.5, 43.6]","['INSIDE', 'OUTSIDE', 'INSIDE']","[[0.24, 1.82, 0.02], [0.15, 1.07, 0.01], [0.17, 1.66, 0.02]]","[479, 487, 488]",33.1
995,1790252336597260850,307200,103880,5,4,34.6,"[29.8, 31.5, 32.8, 34.6]","['INSIDE', 'INSIDE', 'INSIDE', 'INSIDE']","[[0.42, 1.46, 0.04], [0.3, 1.77, 0.03], [0.79, 0.69, 0.35], [0.75, 1.04, 0.07]]","[479, 488, 492, 491]",34.0
996,1790252336687545251,307200,104041,9,9,43.5,"[27.0, 30.2, 31.1, 31.4, 33.3, 34.5, 37.2, 38.9, 43.5]","['INSIDE', 'INSIDE', 'NEAR', 'INSIDE', 'NEAR', 'INSIDE', 'INSIDE', 'INSIDE', 'INSIDE']","[[0.57, 1.91, 0.07], [0.27, 1.45, 0.03], [0.14, 0.92, 0.01], [0.26, 1.87, 0.03], [0.26, 1.37, 0.02], [0.37, 0.43, 0.28], [0.79, 0.66, 0.38], [0.77, 0.63, 0.28], [0.7, 0.32, 1.07]]","[497, 479, 487, 488, 495, 492, 484, 491, 410]",33.6
997,1790252336790966179,307200,103704,6,6,43.5,"[26.9, 28.5, 29.7, 31.4, 38.9, 43.5]","['INSIDE', 'INSIDE', 'INSIDE', 'INSIDE', 'INSIDE', 'INSIDE']","[[0.43, 2.08, 0.05], [0.19, 1.01, 0.39], [0.49, 1.9, 0.53], [0.24, 1.64, 0.02], [0.28, 1.43, 0.03], [0.99, 0.71, 0.52]]","[497, 487, 491, 495, 488, 410]",36.1
998,1790252336900952294,307200,104162,9,8,43.6,"[26.9, 28.4, 29.6, 31.3, 33.4, 34.5, 38.9, 43.6]","['INSIDE', 'OUTSIDE', 'INSIDE', 'INSIDE', 'INSIDE', 'INSIDE', 'INSIDE', 'INSIDE']","[[0.49, 1.8, 0.06], [0.23, 1.67, 0.03], [0.46, 1.79, 0.05], [0.84, 1.51, 1.21], [0.54, 0.75, 0.74], [0.32, 1.87, 0.03], [0.23, 1.09, 0.02], [0.53, 0.45, 0.87]]","[497, 488, 491, 479, 487, 410, 495, 492]",36.6
999,1790252336988208514,307200,104034,9,8,44.8,"[26.9, 28.4, 30.3, 31.7, 33.2, 38.8, 43.2, 44.8]","['INSIDE', 'OUTSIDE', 'INSIDE', 'INSIDE', 'INSIDE', 'INSIDE', 'INSIDE', 'INSIDE']","[[0.62, 2.27, 0.07], [0.14, 1.36, 0.4], [0.55, 0.62, 0.39], [0.45, 1.59, 0.51], [0.22, 1.5, 0.02], [1.46, 1.92, 1.38], [0.58, 0.18, 1.19], [0.59, 0.38, 1.01]]","[497, 487, 495, 491, 484, 410, 492, 488]",37.1
1000,1790252337091046861,307200,104317,9,9,44.8,"[26.6, 29.7, 31.2, 32.1, 34.4, 37.3, 38.7, 43.2, 44.8]","['INSIDE', 'OUTSIDE', 'NEAR', 'INSIDE', 'INSIDE', 'INSIDE', 'INSIDE', 'INSIDE', 'INSIDE']","[[0.74, 2.67, 0.76], [0.48, 1.79, 0.05], [0.22, 1.2, 0.39], [0.6, 1.26, 0.87], [0.44, 0.46, 0.39], [0.3, 0.39, 0.32], [0.24, 1.22, 0.02], [0.74, 1.7, 0.82], [0.54, 0.23, 0.85]]","[497, 491, 487, 479, 495, 484, 492, 410, 488]",35.6
1001,1790252337189026596,307200,103905,7,6,44.7,"[26.6, 29.5, 33.8, 35.6, 38.9, 44.7]","['INSIDE', 'OUTSIDE', 'OUTSIDE', 'NEAR', 'INSIDE', 'INSIDE']","[[0.29, 1.77, 0.04], [0.3, 1.57, 0.03], [0.23, 1.75, 0.02], [0.22, 0.72, 0.38], [1.17, 1.13, 0.93], [0.71, 1.42, 0.99]]","[497, 491, 479, 487, 488, 492]",30.4
1002,1790252337289141363,307200,95073,4,4,38.6,"[31.1, 34.2, 35.5, 38.6]","['NEAR', 'INSIDE', 'INSIDE', 'INSIDE']","[[0.25, 1.38, 0.03], [0.16, 1.08, 0.01], [0.35, 0.95, 0.03], [0.35, 1.48, 0.57]]","[479, 488, 492, 410]",31.5
1003,1790252337392411624,307200,103634,6,5,40.0,"[29.5, 32.4, 33.9, 35.6, 40.0]","['INSIDE', 'INSIDE', 'INSIDE', 'INSIDE', 'NEAR']","[[0.34, 1.97, 0.04], [0.62, 2.05, 1.22], [0.25, 2.16, 0.03], [0.9, 1.02, 1.2], [0.22, 1.27, 0.02]]","[491, 479, 410, 488, 492]",35.0
1004,1790252337494261025,307200,103582,6,5,38.2,"[29.5, 30.5, 32.4, 35.4, 38.2]","['INSIDE', 'NEAR', 'NEAR', 'INSIDE', 'INSIDE']","[[0.55, 1.37, 0.06], [0.23, 1.0, 0.02], [0.26, 1.37, 0.03], [0.85, 0.87, 1.03], [1.24, 1.58, 1.41]]","[491, 479, 410, 484, 488]",41.1
1005,1790252337587910781,307200,103458,10,9,48.3,"[27.9, 28.0, 29.3, 32.3, 34.0, 35.4, 40.0, 46.1, 48.3]","['OUTSIDE', 'OUTSIDE', 'INSIDE', 'INSIDE', 'NEAR', 'NEAR', 'INSIDE', 'INSIDE', 'INSIDE']","[[3.06, 0.84, 1.67], [0.66, 1.9, 0.08], [0.79, 2.63, 0.83], [0.26, 1.0, 0.02], [0.16, 0.81, 0.01], [0.31, 1.26, 0.03], [0.68, 0.78, 1.2], [0.24, 1.26, 0.02], [0.91, 0.37, 1.25]]","[487, 491, 488, 479, 495, 410, 484, 492, 497]",41.9
1006,1790252337695188354,307200,103392,7,7,46.0,"[27.8, 29.3, 32.3, 34.1, 35.4, 39.9, 46.0]","['INSIDE', 'NEAR', 'INSIDE', 'INSIDE', 'INSIDE', 'INSIDE', 'INSIDE']","[[0.44, 2.35, 0.06], [0.16, 0.97, 0.01], [0.24, 1.23, 0.03], [0.35, 1.55, 0.92], [0.35, 1.7, 0.04], [0.16, 1.37, 0.36], [0.54, 0.34, 0.59]]","[491, 495, 488, 479, 410, 492, 484]",38.0
1007,1790252337796886306,307200,103314,13,9,49.7,"[27.8, 29.3, 29.6, 32.3, 33.7, 35.6, 44.4, 45.9, 49.7]","['RAIL', 'OUTSIDE', 'INSIDE', 'OUTSIDE', 'INSIDE', 'INSIDE', 'NEAR', 'INSIDE', 'INSIDE']","[[0.63, 0.24, 0.44], [0.56, 1.78, 0.07], [0.55, 1.56, 0.06], [0.19, 0.97, 0.01], [0.39, 0.63, 0.41], [0.88, 1.3, 1.19], [0.32, 1.25, 0.03], [0.72, 0.65, 0.62], [0.66, 0.48, 0.81]]","[487, 491, 488, 495, 492, 479, 410, 484, 497]",34.8
1008,1790252337907326956,307200,103311,6,3,35.2,"[29.3, 32.2, 35.2]","['INSIDE', 'INSIDE', 'INSIDE']","[[0.65, 1.56, 0.07], [0.31, 1.48, 0.31], [0.3, 1.25, 0.03]]","[488, 479, 410]",37.9
1009,1790252337989151123,307200,103377,8,7,47.7,"[27.6, 28.0, 29.3, 33.9, 35.1, 36.7, 47.7]","['NEAR', 'INSIDE', 'OUTSIDE', 'INSIDE', 'INSIDE', 'INSIDE', 'INSIDE']","[[4.31, 1.02, 2.35], [0.44, 1.76, 0.05], [0.29, 1.17, 0.03], [0.57, 1.65, 0.06], [0.29, 1.32, 0.33], [1.23, 0.86, 1.19], [0.82, 0.23, 1.12]]","[487, 491, 479, 488, 484, 497, 410]",28.5
1010,1790252338085146196,307200,103533,10,7,45.6,"[27.6, 29.1, 30.5, 34.5, 35.3, 36.6, 45.6]","['INSIDE', 'OUTSIDE', 'NEAR', 'NEAR', 'INSIDE', 'INSIDE', 'INSIDE']","[[0.5, 1.76, 0.06], [0.28, 1.08, 0.03], [0.24, 1.29, 0.02], [0.28, 0.97, 0.02], [0.3, 1.43, 0.03], [0.27, 0.99, 0.02], [1.29, 0.39, 0.84]]","[491, 488, 479, 495, 497, 484, 410]",30.3
1011,1790252338198843625,307200,103549,8,5,45.7,"[27.7, 32.0, 34.9, 36.6, 45.7]","['INSIDE', 'NEAR', 'NEAR', 'INSIDE', 'INSIDE']","[[0.69, 1.58, 0.08], [0.28, 1.42, 0.03], [0.27, 0.81, 0.02], [0.86, 1.05, 1.27], [0.18, 1.78, 0.3]]","[491, 479, 495, 410, 488]",33.1
1012,1790252338290448420,307200,103712,11,7,45.7,"[27.5, 30.4, 32.0, 32.1, 35.1, 36.5, 45.7]","['INSIDE', 'OUTSIDE', 'OUTSIDE', 'NEAR', 'INSIDE', 'INSIDE', 'INSIDE']","[[0.44, 1.55, 0.05], [0.32, 1.51, 0.04], [0.24, 1.41, 0.02], [0.83, 1.13, 0.78], [0.31, 1.17, 0.93], [0.26, 1.24, 0.03], [0.78, 0.16, 0.79]]","[491, 497, 479, 495, 410, 488, 484]",33.7
1013,1790252338386821782,307200,103848,10,7,45.6,"[27.5, 32.0, 33.4, 34.9, 36.4, 44.7, 45.6]","['INSIDE', 'NEAR', 'NEAR', 'OUTSIDE', 'INSIDE', 'INSIDE', 'INSIDE']","[[0.61, 2.04, 0.07], [0.25, 1.28, 0.03], [0.14, 1.06, 0.4], [0.31, 1.89, 0.03], [0.51, 1.22, 0.05], [0.77, 0.18, 0.77], [0.3, 1.46, 0.03]]","[491, 479, 495, 488, 410, 492, 484]",37.7
1014,1790252338494202137,307200,103978,10,6,45.6,"[27.3, 30.4, 32.0, 34.8, 39.5, 45.6]","['INSIDE', 'INSIDE', 'NEAR', 'INSIDE', 'INSIDE', 'INSIDE']","[[0.3, 1.54, 0.04], [0.47, 1.82, 0.05], [0.17, 0.8, 0.01], [0.57, 1.04, 0.95], [0.21, 0.97, 0.02], [0.45, 1.52, 0.84]]","[491, 497, 495, 410, 479, 484]",35.1
1015,1790252338588735029,307200,103781,10,7,48.4,"[27.4, 30.3, 33.3, 34.9, 36.3, 39.3, 48.4]","['INSIDE', 'INSIDE', 'OUTSIDE', 'OUTSIDE', 'NEAR', 'INSIDE', 'INSIDE']","[[0.48, 1.54, 0.06], [0.29, 1.92, 0.03], [0.27, 1.28, 0.03], [0.34, 1.41, 0.04], [0.4, 0.2, 0.87], [0.31, 1.41, 0.92], [0.64, 1.17, 1.04]]","[491, 497, 410, 488, 487, 484, 479]",29.4
1016,1790252338690005272,307200,103553,9,7,46.9,"[27.4, 29.0, 33.7, 34.9, 36.3, 45.4, 46.9]","['INSIDE', 'NEAR', 'INSIDE', 'INSIDE', 'INSIDE', 'INSIDE', 'INSIDE']","[[0.46, 1.64, 0.05], [0.31, 1.21, 0.39], [0.33, 1.53, 0.91], [0.26, 0.19, 0.84], [0.56, 1.52, 0.06], [0.37, 0.25, 0.94], [0.54, 0.3, 0.86]]","[491, 495, 484, 487, 497, 410, 488]",30.1
1017,1790252338790063742,307200,103758,8,6,45.4,"[27.4, 30.2, 36.8, 39.4, 44.0, 45.4]","['INSIDE', 'NEAR', 'OUTSIDE', 'INSIDE', 'INSIDE', 'INSIDE']","[[0.6, 1.83, 0.07], [0.36, 1.07, 0.04], [0.26, 1.28, 0.02], [0.45, 0.47, 0.38], [0.24, 1.1, 0.02], [0.55, 0.13, 0.95]]","[491, 497, 495, 492, 479, 410]",26.7
1018,1790252338890764358,307200,103841,11,6,39.3,"[27.2, 31.7, 35.1, 36.2, 36.6, 39.3]","['INSIDE', 'OUTSIDE', 'INSIDE', 'INSIDE', 'INSIDE', 'INSIDE']","[[0.32, 1.72, 0.04], [0.28, 1.66, 0.03], [1.43, 1.28, 1.17], [0.3, 1.78, 0.03], [0.2, 0.97, 0.02], [0.75, 0.13, 0.93]]","[491, 484, 488, 497, 479, 410]",31.6
1019,1790252338992316957,307200,104036,8,6,44.3,"[27.1, 30.0, 32.4, 36.1, 39.2, 44.3]","['OUTSIDE', 'INSIDE', 'OUTSIDE', 'INSIDE', 'INSIDE', 'INSIDE']","[[0.32, 1.81, 0.04], [0.22, 1.33, 0.03], [0.19, 1.27, 0.02], [0.3, 0.47, 0.39], [0.31, 1.3, 1.04], [0.91, 0.13, 0.53]]","[497, 491, 484, 492, 479, 488]",32.7
1020,1790252339098220656,307200,104059,9,5,49.7,"[33.7, 36.0, 39.4, 44.2, 49.7]","['OUTSIDE', 'OUTSIDE', 'INSIDE', 'INSIDE', 'INSIDE']","[[0.45, 0.28, 0.45], [0.23, 1.53, 0.03], [0.16, 0.87, 0.38], [0.74, 1.57, 1.0], [0.78, 0.41, 0.85]]","[487, 484, 492, 479, 488]",32.1
1021,1790252339192372384,307200,104203,6,5,49.0,"[27.2, 34.7, 35.9, 45.5, 49.0]","['OUTSIDE', 'INSIDE', 'INSIDE', 'NEAR', 'INSIDE']","[[2.01, 0.45, 1.97], [0.65, 1.82, 0.08], [0.05, 1.26, 0.0], [0.17, 0.8, 0.01], [0.86, 1.16, 0.88]]","[487, 491, 484, 495, 488]",37.0
1022,1790252339313200152,307200,104229,10,6,45.5,"[27.1, 30.0, 34.6, 35.9, 39.6, 45.5]","['INSIDE', 'INSIDE', 'NEAR', 'NEAR', 'INSIDE', 'INSIDE']","[[0.56, 1.99, 0.07], [0.51, 1.91, 0.06], [0.21, 1.01, 0.02], [0.32, 0.81, 0.02], [0.29, 0.85, 0.03], [0.34, 1.36, 0.34]]","[491, 497, 484, 495, 488, 479]",39.1
1023,1790252339391236936,307200,104178,8,5,39.3,"[26.9, 31.5, 34.8, 35.9, 39.3]","['INSIDE', 'INSIDE', 'NEAR', 'INSIDE', 'INSIDE']","[[0.47, 2.18, 0.06], [0.88, 1.64, 0.9], [0.12, 1.37, 0.01], [0.29, 1.44, 0.03], [0.43, 0.25, 0.61]]","[491, 488, 479, 497, 410]",38.0
1024,1790252339494489664,307200,104263,10,7,49.2,"[27.0, 27.4, 28.4, 29.8, 34.5, 34.6, 49.2]","['OUTSIDE', 'INSIDE', 'OUTSIDE', 'INSIDE', 'INSIDE', 'INSIDE', 'INSIDE']","[[1.63, 0.48, 2.35], [0.58, 1.9, 0.07], [0.22, 1.47, 0.03], [0.66, 1.59, 0.06], [0.3, 1.59, 0.03], [0.64, 0.24, 0.9], [1.76, 0.36, 1.21]]","[487, 491, 497, 488, 502, 410, 499]",34.0
1025,1790252339588871337,307200,104281,4,3,45.1,"[27.0, 34.9, 45.1]","['INSIDE', 'NEAR', 'INSIDE']","[[0.57, 1.71, 0.07], [0.32, 0.96, 0.02], [0.28, 1.35, 0.32]]","[491, 495, 488]",35.3
1026,1790252339689421456,307200,104022,4,3,35.8,"[26.9, 29.8, 35.8]","['INSIDE', 'INSIDE', 'INSIDE']","[[0.55, 1.61, 0.06], [0.48, 1.58, 0.05], [0.73, 0.13, 0.91]]","[491, 497, 410]",32.6
1027,1790252339790886723,307200,104129,6,5,45.1,"[25.3, 26.7, 34.6, 39.0, 45.1]","['INSIDE', 'INSIDE', 'OUTSIDE', 'INSIDE', 'INSIDE']","[[0.24, 1.78, 0.03], [0.59, 2.15, 0.08], [0.08, 1.42, 0.01], [0.12, 1.45, 0.3], [0.41, 1.16, 1.03]]","[491, 503, 495, 488, 479]",31.3
1028,1790252339889323368,307200,104392,6,5,39.2,"[25.0, 26.7, 34.9, 36.0, 39.2]","['INSIDE', 'OUTSIDE', 'INSIDE', 'INSIDE', 'INSIDE']","[[0.45, 1.5, 0.05], [0.24, 1.65, 0.02], [0.15, 1.84, 0.02], [1.32, 1.63, 1.16], [0.26, 1.24, 0.02]]","[491, 484, 503, 488, 479]",33.3
1029,1790252339991426334,307200,104509,7,6,44.0,"[26.8, 28.7, 34.3, 36.0, 39.3, 44.0]","['INSIDE', 'OUTSIDE', 'NEAR', 'INSIDE', 'INSIDE', 'INSIDE']","[[0.65, 1.99, 0.08], [0.21, 1.77, 0.02], [0.69, 0.94, 0.05], [0.54, 1.71, 0.06], [0.79, 1.39, 0.93], [0.51, 1.29, 1.0]]","[491, 484, 492, 502, 488, 479]",34.3
1030,1790252340091439852,307200,105385,5,5,44.2,"[27.1, 28.4, 34.5, 35.9, 44.2]","['INSIDE', 'OUTSIDE', 'INSIDE', 'INSIDE', 'INSIDE']","[[0.54, 2.11, 0.07], [0.26, 2.02, 0.03], [0.47, 1.09, 0.8], [0.12, 1.59, 0.01], [1.39, 1.27, 1.18]]","[491, 484, 492, 502, 488]",38.0
1031,1790252340187129273,307200,106655,5,3,34.5,"[25.5, 26.8, 34.5]","['OUTSIDE', 'INSIDE', 'INSIDE']","[[0.6, 2.44, 0.26], [0.14, 1.97, 0.02], [0.29, 1.21, 0.31]]","[503, 491, 488]",35.7
1032,1790252340292699865,307200,104325,7,5,37.6,"[25.3, 26.8, 29.9, 34.3, 37.6]","['OUTSIDE', 'INSIDE', 'OUTSIDE', 'INSIDE', 'INSIDE']","[[0.43, 2.43, 0.06], [0.21, 1.97, 0.02], [0.44, 2.21, 0.05], [0.34, 1.51, 0.61], [0.19, 0.32, 0.66]]","[503, 491, 497, 488, 479]",36.3
1033,1790252340390284243,307200,104989,6,5,49.1,"[26.8, 28.5, 34.4, 42.6, 49.1]","['OUTSIDE', 'INSIDE', 'INSIDE', 'INSIDE', 'INSIDE']","[[1.66, 0.45, 1.97], [0.24, 2.24, 0.02], [0.42, 1.06, 0.03], [0.27, 1.33, 0.32], [0.52, 1.6, 0.06]]","[487, 491, 492, 488, 502]",32.8
1034,1790252340488656650,307200,100732,8,7,42.6,"[26.9, 28.2, 29.7, 33.2, 34.2, 38.1, 42.6]","['INSIDE', 'OUTSIDE', 'INSIDE', 'NEAR', 'INSIDE', 'INSIDE', 'INSIDE']","[[0.59, 2.18, 0.07], [0.25, 2.3, 0.03], [0.43, 1.98, 0.62], [0.1, 0.89, 0.01], [0.08, 1.38, 0.01], [0.23, 1.2, 0.02], [0.93, 0.15, 1.1]]","[491, 497, 488, 492, 502, 479, 410]",37.2
1035,1790252340597168552,307200,93839,8,7,47.4,"[25.3, 28.3, 32.8, 34.3, 42.6, 44.0, 47.4]","['OUTSIDE', 'INSIDE', 'INSIDE', 'INSIDE', 'INSIDE', 'INSIDE', 'INSIDE']","[[5.17, 1.38, 2.34], [1.48, 0.5, 1.74], [0.47, 2.58, 0.06], [1.75, 2.26, 0.69], [0.3, 0.9, 0.02], [0.91, 1.57, 0.99], [0.43, 0.1, 1.15]]","[487, 492, 503, 488, 495, 502, 410]",36.6
1036,1790252340689545132,307200,103054,8,7,40.9,"[26.8, 28.3, 29.5, 31.1, 33.2, 34.8, 40.9]","['INSIDE', 'OUTSIDE', 'NEAR', 'INSIDE', 'INSIDE', 'INSIDE', 'INSIDE']","[[0.51, 2.62, 0.06], [0.15, 2.08, 0.02], [0.12, 1.47, 0.01], [0.36, 1.48, 0.04], [0.91, 1.23, 0.62], [0.22, 2.07, 0.02], [0.48, 0.16, 1.07]]","[491, 497, 488, 502, 410, 504, 495]",36.6
1037,1790252340790659713,307200,103368,5,5,40.9,"[26.7, 31.4, 33.5, 37.9, 40.9]","['INSIDE', 'INSIDE', 'INSIDE', 'INSIDE', 'OUTSIDE']","[[0.49, 2.34, 0.06], [0.93, 2.67, 0.1], [0.09, 0.81, 0.36], [0.29, 0.94, 0.03], [0.25, 1.2, 0.02]]","[491, 504, 495, 410, 479]",34.8
1038,1790252340896071729,307200,103568,8,7,47.0,"[24.9, 26.6, 31.7, 33.4, 37.8, 40.9, 47.0]","['INSIDE', 'OUTSIDE', 'INSIDE', 'OUTSIDE', 'INSIDE', 'NEAR', 'INSIDE']","[[0.46, 2.63, 0.06], [0.25, 2.38, 0.04], [0.25, 1.76, 0.02], [0.09, 1.67, 0.01], [0.37, 1.1, 0.38], [0.13, 0.54, 0.4], [0.34, 0.27, 0.66]]","[491, 503, 410, 504, 495, 487, 479]",42.3
1039,1790252340988302634,307200,103678,7,6,40.4,"[26.4, 28.9, 31.0, 33.3, 36.3, 40.4]","['INSIDE', 'INSIDE', 'INSIDE', 'INSIDE', 'INSIDE', 'INSIDE']","[[0.15, 2.68, 0.02], [0.28, 1.29, 0.03], [0.29, 0.47, 1.06], [0.48, 1.4, 0.04], [0.56, 0.09, 1.09], [0.38, 0.08, 1.25]]","[491, 410, 495, 484, 504, 502]",37.5
1040,1790252341099463154,307200,103434,9,8,42.3,"[28.4, 28.7, 30.3, 34.6, 36.1, 37.7, 40.7, 42.3]","['OUTSIDE', 'INSIDE', 'OUTSIDE', 'INSIDE', 'INSIDE', 'INSIDE', 'INSIDE', 'INSIDE']","[[0.18, 2.08, 0.02], [0.22, 1.71, 0.03], [0.29, 1.6, 0.03], [0.42, 0.43, 0.38], [0.35, 1.7, 0.04], [0.48, 1.37, 0.35], [0.1, 0.12, 0.9], [0.56, 0.47, 0.97]]","[495, 497, 479, 492, 504, 484, 488, 502]",31.1
1041,1790252341193861295,307200,103431,7,6,40.8,"[28.8, 28.8, 30.0, 30.2, 36.3, 40.8]","['INSIDE', 'INSIDE', 'INSIDE', 'INSIDE', 'INSIDE', 'INSIDE']","[[0.56, 2.34, 0.06], [0.51, 1.01, 0.39], [0.31, 1.7, 0.03], [0.44, 1.27, 0.04], [0.53, 0.22, 1.06], [1.45, 0.55, 1.3]]","[497, 492, 504, 484, 502, 491]",33.4
1042,1790252341288372545,307200,103469,7,6,37.1,"[27.2, 28.6, 30.1, 33.1, 33.5, 37.1]","['OUTSIDE', 'INSIDE', 'INSIDE', 'INSIDE', 'INSIDE', 'INSIDE']","[[0.3, 2.02, 0.04], [0.09, 1.62, 0.01], [0.29, 1.33, 0.03], [0.47, 2.27, 1.33], [0.95, 0.21, 0.67], [0.27, 0.3, 1.16]]","[497, 410, 491, 504, 484, 488]",35.9
1043,1790252341389382546,307200,103527,8,7,46.8,"[24.1, 28.2, 32.1, 33.1, 36.3, 40.7, 46.8]","['INSIDE', 'INSIDE', 'INSIDE', 'OUTSIDE', 'INSIDE', 'INSIDE', 'INSIDE']","[[0.29, 1.86, 0.03], [0.29, 1.77, 0.04], [0.18, 0.86, 0.01], [0.26, 1.04, 0.42], [0.76, 1.08, 0.62], [0.83, 0.28, 0.55], [0.28, 0.07, 0.97]]","[410, 503, 492, 487, 484, 488, 491]",34.7
1044,1790252341490069317,307200,103513,7,6,46.7,"[25.8, 30.0, 33.1, 36.3, 40.6, 46.7]","['INSIDE', 'INSIDE', 'INSIDE', 'OUTSIDE', 'INSIDE', 'INSIDE']","[[0.7, 2.09, 0.08], [0.25, 1.63, 0.02], [0.46, 1.29, 0.03], [0.28, 0.88, 0.42], [0.13, 1.99, 0.01], [0.62, 1.71, 0.62]]","[503, 410, 492, 487, 504, 484]",34.6
1045,1790252341588607950,307200,103260,4,4,33.2,"[28.4, 28.5, 31.8, 33.2]","['OUTSIDE', 'INSIDE', 'INSIDE', 'INSIDE']","[[0.19, 2.1, 0.03], [0.57, 1.64, 0.05], [1.88, 0.61, 0.88], [0.31, 0.59, 0.26]]","[497, 410, 505, 491]",33.3
1046,1790252341695260902,307200,103306,4,4,46.8,"[27.6, 30.0, 40.6, 46.8]","['INSIDE', 'INSIDE', 'NEAR', 'INSIDE']","[[0.56, 0.86, 0.04], [1.59, 1.87, 1.35], [0.15, 0.55, 0.41], [0.3, 1.9, 0.03]]","[492, 491, 487, 504]",36.6
1047,1790252341787472876,307200,103482,5,5,46.6,"[32.1, 32.9, 36.2, 40.6, 46.6]","['INSIDE', 'INSIDE', 'OUTSIDE', 'INSIDE', 'INSIDE']","[[0.2, 1.73, 0.02], [0.25, 1.28, 0.02], [0.34, 0.87, 0.42], [0.91, 0.73, 0.82], [0.47, 1.58, 0.62]]","[410, 492, 487, 505, 484]",33.4
1048,1790252341895076582,307200,103632,4,4,41.9,"[28.5, 30.0, 40.5, 41.9]","['OUTSIDE', 'OUTSIDE', 'INSIDE', 'INSIDE']","[[0.53, 2.2, 0.06], [0.1, 1.03, 0.01], [0.45, 0.95, 0.38], [0.97, 2.37, 0.76]]","[497, 495, 492, 504]",33.6
1049,1790252341996254322,307200,103693,6,6,46.4,"[27.1, 29.9, 31.7, 36.1, 40.5, 46.4]","['OUTSIDE', 'INSIDE', 'INSIDE', 'INSIDE', 'INSIDE', 'INSIDE']","[[0.32, 0.7, 0.41], [0.17, 0.66, 0.37], [0.64, 1.13, 0.07], [0.23, 1.68, 0.02], [0.45, 0.39, 0.81], [0.27, 1.14, 0.02]]","[487, 492, 491, 504, 505, 484]",36.7
1050,1790252342091007293,307200,103551,3,3,40.5,"[32.9, 35.8, 40.5]","['INSIDE', 'INSIDE', 'INSIDE']","[[0.23, 1.04, 0.02], [0.36, 1.38, 0.38], [0.54, 1.76, 0.05]]","[410, 492, 484]",43.1
1051,1790252342194300231,307200,103602,6,6,46.5,"[28.3, 29.9, 32.9, 35.9, 40.4, 46.5]","['OUTSIDE', 'INSIDE', 'INSIDE', 'OUTSIDE', 'INSIDE', 'INSIDE']","[[0.5, 2.02, 0.06], [0.69, 2.37, 0.88], [0.31, 1.51, 0.38], [0.22, 0.86, 0.4], [0.28, 2.1, 0.03], [0.27, 1.26, 0.02]]","[497, 410, 492, 487, 504, 484]",41.3
1052,1790252342291052352,307200,103578,5,5,38.7,"[28.3, 29.9, 30.9, 32.8, 38.7]","['OUTSIDE', 'INSIDE', 'INSIDE', 'INSIDE', 'INSIDE']","[[0.49, 2.21, 0.06], [0.31, 2.36, 0.59], [1.02, 0.18, 1.02], [0.36, 1.82, 0.77], [0.9, 0.11, 1.01]]","[497, 410, 492, 504, 505]",35.3
1053,1790252342392209910,307200,103729,6,6,46.5,"[28.3, 29.7, 31.8, 35.9, 40.3, 46.5]","['OUTSIDE', 'INSIDE', 'NEAR', 'INSIDE', 'INSIDE', 'INSIDE']","[[0.54, 1.62, 0.06], [0.3, 0.85, 0.02], [0.4, 0.55, 0.42], [0.69, 2.24, 0.78], [0.67, 0.62, 0.8], [0.33, 1.13, 0.03]]","[497, 492, 487, 504, 505, 484]",37.1
1054,1790252342494693162,307200,103763,8,8,46.3,"[23.8, 28.5, 29.6, 32.8, 35.8, 37.3, 40.3, 46.3]","['INSIDE', 'INSIDE', 'INSIDE', 'OUTSIDE', 'INSIDE', 'INSIDE', 'INSIDE', 'INSIDE']","[[0.63, 2.18, 0.08], [0.31, 1.38, 0.03], [0.44, 1.37, 0.38], [0.31, 0.7, 0.4], [0.82, 2.55, 1.34], [0.64, 0.17, 0.67], [0.19, 1.35, 0.32], [0.19, 0.36, 0.49]]","[491, 410, 492, 487, 504, 484, 505, 497]",41.1
1055,1790252342588756627,307200,103918,4,4,46.4,"[29.9, 31.7, 40.3, 46.4]","['INSIDE', 'NEAR', 'INSIDE', 'INSIDE']","[[0.09, 0.85, 0.01], [0.43, 0.55, 0.42], [0.6, 2.24, 0.76], [0.47, 0.43, 1.1]]","[492, 487, 504, 410]",32.9
1056,1790252342692033105,307200,103986,4,4,40.3,"[28.6, 32.7, 35.7, 40.3]","['INSIDE', 'INSIDE', 'INSIDE', 'INSIDE']","[[0.29, 1.61, 0.03], [0.29, 0.99, 0.02], [0.28, 1.1, 0.33], [0.35, 0.26, 0.48]]","[410, 492, 505, 497]",43.2
1057,1790252342793974788,307200,103807,5,5,46.3,"[28.2, 32.7, 39.2, 40.3, 46.3]","['OUTSIDE', 'INSIDE', 'NEAR', 'NEAR', 'INSIDE']","[[0.53, 1.59, 0.06], [0.33, 1.38, 0.03], [0.22, 0.99, 0.02], [0.36, 0.53, 0.4], [0.37, 0.41, 0.32]]","[504, 410, 492, 487, 484]",42.0
1058,1790252342891263019,307200,103760,5,5,35.8,"[28.1, 29.6, 31.3, 32.7, 35.8]","['INSIDE', 'INSIDE', 'INSIDE', 'INSIDE', 'INSIDE']","[[0.45, 2.37, 0.05], [0.18, 1.15, 0.02], [0.33, 2.27, 0.53], [1.5, 0.92, 1.12], [0.3, 1.44, 0.63]]","[504, 410, 497, 505, 484]",38.7
1059,1790252342993688057,307200,104058,3,3,37.2,"[28.0, 32.7, 37.2]","['INSIDE', 'INSIDE', 'NEAR']","[[0.31, 2.17, 0.04], [0.6, 2.0, 0.86], [0.26, 0.92, 0.02]]","[504, 410, 484]",37.1
1060,1790252343095972030,307200,104548,6,6,41.7,"[28.0, 29.7, 31.7, 32.6, 38.4, 41.7]","['INSIDE', 'NEAR', 'INSIDE', 'INSIDE', 'INSIDE', 'INSIDE']","[[0.32, 1.78, 0.04], [0.1, 1.16, 0.0], [0.2, 1.03, 0.02], [0.83, 0.39, 0.69], [0.85, 0.61, 1.07], [0.31, 1.35, 0.03]]","[504, 492, 410, 484, 505, 497]",34.3
1061,1790252343193109067,307200,103550,7,7,41.7,"[28.0, 28.3, 29.8, 30.9, 35.9, 37.1, 41.7]","['NEAR', 'OUTSIDE', 'OUTSIDE', 'INSIDE', 'INSIDE', 'INSIDE', 'INSIDE']","[[0.38, 1.49, 0.04], [0.23, 1.46, 0.02], [0.24, 1.31, 0.02], [0.65, 2.34, 0.75], [0.57, 1.06, 0.6], [0.63, 0.48, 0.84], [0.53, 0.39, 0.23]]","[504, 492, 484, 497, 410, 505, 491]",34.1
1062,1790252343289146864,307200,103637,8,7,41.7,"[26.3, 26.4, 29.7, 32.6, 33.9, 40.2, 41.7]","['OUTSIDE', 'OUTSIDE', 'NEAR', 'INSIDE', 'INSIDE', 'INSIDE', 'INSIDE']","[[0.2, 1.4, 0.03], [0.1, 0.84, 0.01], [0.19, 1.32, 0.01], [0.3, 1.15, 0.03], [0.53, 0.43, 0.38], [1.0, 1.09, 0.1], [0.52, 1.81, 0.76]]","[504, 410, 492, 505, 484, 491, 497]",40.0
1063,1790252343385249425,307200,103635,7,5,33.1,"[25.2, 28.1, 31.0, 32.5, 33.1]","['INSIDE', 'INSIDE', 'NEAR', 'INSIDE', 'INSIDE']","[[0.58, 1.79, 0.06], [0.53, 1.66, 0.46], [0.31, 1.42, 0.03], [0.42, 1.31, 0.6], [0.47, 0.51, 0.61]]","[504, 491, 505, 410, 497]",40.0
1064,1790252343499974792,307200,103791,7,5,46.8,"[23.6, 28.0, 32.5, 40.7, 46.8]","['INSIDE', 'INSIDE', 'INSIDE', 'INSIDE', 'NEAR']","[[0.53, 2.08, 0.06], [0.54, 1.99, 0.07], [0.81, 1.02, 0.4], [0.47, 1.54, 0.6], [0.62, 0.56, 0.44]]","[504, 491, 484, 410, 487]",41.0
1065,1790252343594779088,307200,103893,7,5,34.0,"[26.4, 28.4, 30.9, 32.6, 34.0]","['OUTSIDE', 'NEAR', 'OUTSIDE', 'INSIDE', 'INSIDE']","[[0.4, 1.78, 0.05], [0.27, 1.2, 0.03], [0.27, 1.31, 0.03], [0.49, 1.2, 0.6], [0.4, 0.25, 1.01]]","[504, 410, 505, 497, 491]",41.1
1066,1790252343693903161,307200,92491,3,1,26.3,[26.3],['NEAR'],"[[0.28, 1.31, 0.04]]",[504],39.7
1067,1790252343789366845,307200,103655,5,4,46.8,"[29.5, 33.9, 40.9, 46.8]","['OUTSIDE', 'INSIDE', 'NEAR', 'INSIDE']","[[0.3, 1.67, 0.03], [0.21, 0.81, 0.37], [0.64, 0.56, 0.44], [0.28, 1.13, 0.03]]","[410, 484, 487, 491]",35.6
1068,1790252343891770979,307200,103613,5,3,40.8,"[23.6, 24.9, 40.8]","['OUTSIDE', 'INSIDE', 'INSIDE']","[[0.6, 1.87, 0.08], [0.88, 0.87, 0.72], [0.68, 1.65, 0.08]]","[504, 484, 491]",38.3
1069,1790252343988169500,307200,103401,8,6,48.9,"[24.7, 28.0, 30.8, 36.3, 40.8, 48.9]","['OUTSIDE', 'OUTSIDE', 'INSIDE', 'INSIDE', 'INSIDE', 'INSIDE']","[[2.13, 0.58, 1.98], [0.4, 2.25, 0.21], [0.6, 1.77, 0.06], [0.5, 1.01, 0.38], [0.31, 1.85, 0.03], [0.93, 0.95, 0.61]]","[487, 504, 505, 484, 497, 410]",47.5
1070,1790252344093507346,307200,103520,11,7,48.0,"[24.8, 31.1, 32.3, 33.3, 40.8, 47.0, 48.0]","['OUTSIDE', 'OUTSIDE', 'OUTSIDE', 'INSIDE', 'INSIDE', 'OUTSIDE', 'INSIDE']","[[3.85, 0.75, 2.74], [0.45, 1.68, 0.06], [0.85, 2.44, 0.09], [0.28, 1.75, 0.03], [0.4, 1.1, 0.38], [0.26, 0.89, 0.84], [0.68, 0.43, 0.53]]","[487, 504, 497, 410, 484, 492, 505]",42.8
1071,1790252344187249567,307200,103403,4,2,40.9,"[33.2, 40.9]","['INSIDE', 'INSIDE']","[[0.22, 1.63, 0.02], [0.26, 1.24, 0.37]]","[410, 484]",38.7
1072,1790252344289749623,307200,103458,5,4,40.9,"[24.8, 30.2, 33.2, 40.9]","['OUTSIDE', 'INSIDE', 'INSIDE', 'INSIDE']","[[0.56, 2.12, 0.22], [0.66, 2.27, 0.63], [0.24, 1.01, 0.02], [0.33, 1.91, 0.03]]","[504, 410, 484, 497]",40.1
1073,1790252344392263211,307200,103588,5,4,46.8,"[30.2, 33.2, 40.6, 46.8]","['INSIDE', 'INSIDE', 'OUTSIDE', 'INSIDE']","[[0.43, 1.92, 0.61], [0.38, 0.72, 0.36], [0.52, 1.05, 0.44], [0.29, 1.91, 0.03]]","[410, 484, 492, 497]",37.4
1074,1790252344496023637,307200,103588,8,5,46.9,"[30.0, 32.1, 33.2, 40.8, 46.9]","['INSIDE', 'INSIDE', 'OUTSIDE', 'INSIDE', 'INSIDE']","[[0.36, 1.83, 0.32], [0.4, 1.01, 0.36], [0.13, 0.38, 0.41], [0.79, 2.06, 0.8], [0.39, 0.22, 1.12]]","[410, 484, 492, 497, 505]",34.0
1075,1790252344590422732,307200,103238,8,6,49.8,"[25.7, 29.0, 31.8, 33.2, 40.8, 49.8]","['RAIL', 'INSIDE', 'INSIDE', 'INSIDE', 'INSIDE', 'INSIDE']","[[0.42, 0.32, 0.68], [0.5, 1.98, 0.06], [0.25, 1.86, 0.02], [0.26, 1.1, 0.37], [0.21, 0.44, 0.29], [0.55, 0.26, 0.53]]","[487, 504, 410, 484, 505, 497]",44.2
1076,1790252344691375716,307200,103151,7,4,48.6,"[31.7, 33.2, 48.0, 48.6]","['RAIL', 'NEAR', 'INSIDE', 'INSIDE']","[[1.08, 0.34, 0.96], [1.51, 0.4, 1.66], [0.26, 1.4, 0.03], [0.57, 0.77, 0.31]]","[487, 492, 410, 505]",42.0
1077,1790252344793599069,307200,103126,8,5,49.0,"[28.8, 33.2, 40.9, 48.7, 49.0]","['RAIL', 'OUTSIDE', 'INSIDE', 'INSIDE', 'INSIDE']","[[0.93, 0.58, 0.95], [2.38, 0.68, 1.0], [0.35, 1.38, 0.35], [0.28, 1.4, 0.03], [0.21, 0.6, 0.26]]","[487, 492, 484, 410, 497]",41.3
1078,1790252344891494906,307200,103138,4,3,46.8,"[29.1, 40.8, 46.8]","['INSIDE', 'NEAR', 'INSIDE']","[[0.2, 0.95, 0.37], [0.5, 0.56, 0.43], [2.48, 2.23, 0.78]]","[484, 492, 497]",39.5
1079,1790252344994325849,307200,103316,8,4,48.1,"[28.6, 40.8, 43.9, 48.1]","['NEAR', 'RAIL', 'INSIDE', 'INSIDE']","[[3.73, 0.82, 1.52], [0.81, 0.3, 0.69], [0.16, 1.24, 0.37], [0.93, 0.31, 1.17]]","[487, 492, 484, 497]",39.9
1080,1790252345090340209,307200,103347,6,3,46.9,"[40.8, 42.4, 46.9]","['NEAR', 'RAIL', 'INSIDE']","[[6.06, 1.04, 3.0], [0.84, 0.32, 0.67], [0.19, 0.8, 0.35]]","[487, 492, 484]",31.7
1081,1790252345189638789,307200,103221,5,4,42.4,"[33.1, 36.2, 40.9, 42.4]","['INSIDE', 'RAIL', 'INSIDE', 'INSIDE']","[[1.98, 0.95, 2.06], [1.08, 0.32, 0.64], [0.08, 1.5, 0.01], [0.26, 0.76, 0.34]]","[492, 484, 410, 506]",37.6
1082,1790252345287366613,307200,103309,6,5,41.0,"[24.1, 33.1, 36.2, 39.2, 41.0]","['INSIDE', 'RAIL', 'INSIDE', 'INSIDE', 'INSIDE']","[[1.76, 0.98, 3.06], [1.14, 0.37, 0.7], [0.45, 2.03, 0.06], [0.25, 1.86, 0.02], [0.27, 1.4, 0.02]]","[484, 492, 504, 410, 506]",36.6
1083,1790252345394785119,307200,103459,6,4,40.4,"[31.6, 33.3, 36.0, 40.4]","['INSIDE', 'INSIDE', 'INSIDE', 'INSIDE']","[[0.56, 1.3, 0.05], [0.97, 1.3, 0.41], [0.53, 1.06, 0.84], [0.3, 1.32, 0.64]]","[410, 484, 505, 506]",34.4
1084,1790252345492047568,307200,103658,6,4,40.6,"[21.8, 24.1, 38.4, 40.6]","['RAIL', 'RAIL', 'INSIDE', 'NEAR']","[[0.51, 0.07, 0.83], [0.99, 0.43, 0.92], [0.54, 2.12, 0.07], [0.12, 1.14, 0.01]]","[504, 492, 507, 484]",36.2
1085,1790252345586382671,307200,103679,9,6,40.7,"[25.7, 30.1, 33.1, 33.8, 36.2, 40.7]","['INSIDE', 'INSIDE', 'INSIDE', 'INSIDE', 'INSIDE', 'INSIDE']","[[0.71, 2.08, 0.08], [0.29, 1.4, 0.03], [0.24, 0.94, 0.36], [0.31, 1.17, 0.03], [0.3, 1.33, 0.64], [0.54, 0.17, 0.88]]","[507, 410, 484, 505, 506, 492]",35.3
1086,1790252345693364680,307200,103887,6,4,36.2,"[30.1, 31.4, 33.1, 36.2]","['INSIDE', 'INSIDE', 'INSIDE', 'INSIDE']","[[0.27, 1.63, 0.03], [0.27, 2.31, 0.53], [0.58, 0.72, 0.83], [0.26, 1.45, 0.63]]","[410, 505, 492, 506]",29.0
1087,1790252345793559551,307200,103981,7,7,40.8,"[24.0, 28.7, 30.6, 31.8, 33.1, 35.9, 40.8]","['INSIDE', 'INSIDE', 'OUTSIDE', 'INSIDE', 'INSIDE', 'INSIDE', 'INSIDE']","[[0.26, 2.11, 0.04], [0.3, 1.28, 0.03], [1.45, 2.43, 0.14], [0.45, 1.37, 0.34], [0.59, 0.84, 0.86], [0.49, 1.83, 0.64], [0.26, 1.0, 0.02]]","[507, 410, 505, 484, 492, 506, 497]",30.3
1088,1790252345890331519,307200,104063,7,6,40.7,"[25.6, 29.3, 30.1, 33.1, 36.1, 40.7]","['INSIDE', 'INSIDE', 'INSIDE', 'INSIDE', 'INSIDE', 'INSIDE']","[[0.42, 1.71, 0.05], [0.26, 1.51, 0.02], [0.17, 0.86, 0.01], [0.31, 1.69, 0.03], [0.23, 1.14, 0.02], [0.87, 0.3, 1.01]]","[507, 410, 484, 505, 506, 497]",39.2
1089,1790252345991701724,307200,103318,11,7,40.6,"[24.1, 28.8, 30.1, 30.8, 33.1, 37.5, 40.6]","['INSIDE', 'RAIL', 'INSIDE', 'INSIDE', 'INSIDE', 'OUTSIDE', 'INSIDE']","[[1.08, 0.82, 1.29], [1.24, 0.31, 0.91], [0.48, 1.7, 0.06], [0.26, 1.51, 0.02], [0.55, 0.86, 0.36], [0.22, 1.58, 0.02], [0.31, 1.69, 0.03]]","[492, 497, 507, 410, 484, 506, 505]",38.8
1090,1790252346093070209,307200,103550,6,3,40.7,"[22.6, 33.0, 40.7]","['INSIDE', 'INSIDE', 'INSIDE']","[[0.45, 1.9, 0.06], [0.22, 1.28, 0.02], [0.33, 1.23, 0.35]]","[507, 410, 484]",31.9
1091,1790252346193404005,307200,103320,11,7,40.6,"[24.2, 28.3, 28.4, 30.3, 33.0, 34.7, 40.6]","['OUTSIDE', 'INSIDE', 'INSIDE', 'NEAR', 'INSIDE', 'INSIDE', 'INSIDE']","[[0.29, 2.11, 0.04], [0.67, 1.8, 0.09], [0.15, 1.16, 0.01], [0.13, 1.0, 0.01], [0.36, 0.36, 0.31], [0.33, 0.17, 0.79], [1.01, 0.94, 0.78]]","[505, 507, 410, 484, 506, 492, 497]",35.5
1092,1790252346290693933,307200,103187,5,3,40.5,"[22.6, 33.1, 40.5]","['INSIDE', 'INSIDE', 'INSIDE']","[[0.77, 1.92, 0.11], [0.3, 1.28, 0.03], [0.59, 0.86, 0.04]]","[507, 410, 484]",33.6
1093,1790252346395133358,307200,103277,7,5,40.6,"[24.1, 28.4, 31.9, 33.1, 40.6]","['OUTSIDE', 'INSIDE', 'INSIDE', 'INSIDE', 'INSIDE']","[[0.26, 1.11, 0.03], [0.44, 1.69, 0.06], [0.23, 1.04, 0.02], [0.44, 0.86, 0.03], [1.15, 0.66, 0.33]]","[505, 507, 410, 484, 492]",27.1
1094,1790252346491025184,307200,103409,7,4,40.6,"[27.2, 28.4, 33.2, 40.6]","['OUTSIDE', 'INSIDE', 'INSIDE', 'INSIDE']","[[0.2, 1.6, 0.03], [0.49, 1.52, 0.05], [0.15, 1.0, 0.01], [0.57, 1.33, 0.06]]","[505, 410, 484, 497]",32.2
1095,1790252346589354088,307200,103341,6,3,40.6,"[28.5, 33.2, 40.6]","['INSIDE', 'INSIDE', 'INSIDE']","[[0.52, 1.41, 0.05], [0.58, 1.01, 0.04], [0.61, 0.79, 0.28]]","[410, 484, 497]",33.2
1096,1790252346688684513,307200,103517,8,5,42.6,"[24.1, 27.2, 28.9, 33.1, 42.6]","['OUTSIDE', 'INSIDE', 'INSIDE', 'INSIDE', 'INSIDE']","[[0.27, 1.88, 0.38], [0.49, 1.86, 0.06], [0.42, 1.8, 0.58], [0.6, 1.33, 0.06], [0.61, 0.25, 0.53]]","[484, 507, 410, 497, 505]",37.3
1097,1790252346792472261,307200,97109,8,4,36.1,"[22.6, 31.4, 33.1, 36.1]","['INSIDE', 'INSIDE', 'INSIDE', 'INSIDE']","[[0.57, 1.83, 0.08], [0.26, 1.04, 0.02], [0.85, 0.77, 0.34], [0.22, 1.01, 0.02]]","[507, 410, 492, 506]",34.3
1098,1790252346901873847,307200,99959,6,4,36.2,"[25.6, 30.0, 33.2, 36.2]","['INSIDE', 'INSIDE', 'INSIDE', 'INSIDE']","[[0.41, 1.52, 0.05], [0.5, 1.29, 0.05], [0.25, 1.37, 0.03], [0.8, 1.33, 0.67]]","[509, 410, 492, 506]",32.7
1099,1790252346997348248,307200,86437,6,5,36.7,"[24.1, 28.8, 30.1, 33.0, 36.7]","['INSIDE', 'INSIDE', 'INSIDE', 'INSIDE', 'INSIDE']","[[0.46, 1.86, 0.06], [0.26, 1.16, 0.02], [0.35, 1.34, 0.64], [0.3, 1.47, 0.03], [0.58, 0.47, 0.49]]","[507, 410, 506, 492, 505]",26.4
1100,1790252347088530635,307200,85634,6,4,40.9,"[30.0, 31.3, 36.8, 40.9]","['INSIDE', 'INSIDE', 'INSIDE', 'INSIDE']","[[0.82, 0.88, 0.41], [0.66, 1.34, 0.62], [0.75, 1.95, 0.77], [0.77, 0.38, 1.1]]","[508, 506, 492, 410]",28.3
1101,1790252347189300350,307200,88117,9,7,40.9,"[25.5, 27.2, 28.8, 30.0, 33.2, 35.3, 40.9]","['INSIDE', 'INSIDE', 'INSIDE', 'INSIDE', 'INSIDE', 'INSIDE', 'INSIDE']","[[0.2, 1.87, 0.03], [0.8, 1.26, 0.41], [0.62, 1.43, 0.07], [0.26, 1.58, 0.03], [0.14, 0.37, 0.32], [0.53, 0.12, 0.86], [1.23, 0.85, 0.7]]","[509, 508, 497, 492, 506, 410, 505]",29.9
1102,1790252347292026000,307200,104694,9,7,40.8,"[23.9, 25.6, 30.3, 31.3, 33.6, 34.2, 40.8]","['INSIDE', 'INSIDE', 'INSIDE', 'INSIDE', 'INSIDE', 'INSIDE', 'INSIDE']","[[0.44, 1.52, 0.05], [0.18, 1.68, 0.03], [0.28, 1.65, 0.03], [0.97, 1.02, 0.4], [0.75, 2.07, 0.81], [1.1, 0.2, 0.93], [0.61, 0.11, 1.05]]","[509, 507, 410, 508, 492, 506, 505]",36.2
1103,1790252347398198551,307200,106426,6,4,41.2,"[27.0, 30.6, 33.5, 41.2]","['INSIDE', 'INSIDE', 'INSIDE', 'INSIDE']","[[0.31, 1.3, 0.03], [0.3, 1.16, 0.02], [0.8, 1.67, 0.75], [0.46, 2.45, 0.52]]","[410, 508, 497, 492]",37.0
1104,1790252347493813334,307200,103112,7,5,41.1,"[25.7, 30.7, 32.3, 35.4, 41.1]","['INSIDE', 'OUTSIDE', 'INSIDE', 'INSIDE', 'INSIDE']","[[0.67, 1.82, 0.08], [0.34, 1.54, 0.38], [0.55, 1.02, 0.05], [0.43, 0.55, 0.6], [0.15, 0.51, 0.54]]","[509, 508, 505, 506, 492]",36.4
1105,1790252347588720440,307200,98615,6,5,41.2,"[24.1, 25.7, 29.2, 30.5, 41.2]","['INSIDE', 'INSIDE', 'OUTSIDE', 'INSIDE', 'INSIDE']","[[0.67, 2.07, 0.08], [0.54, 1.87, 0.07], [0.23, 1.02, 0.02], [0.33, 1.4, 0.03], [1.11, 1.08, 0.73]]","[509, 507, 508, 492, 513]",30.4
1106,1790252347689537502,307200,99846,4,3,33.7,"[24.2, 30.7, 33.7]","['INSIDE', 'INSIDE', 'INSIDE']","[[0.64, 2.3, 0.08], [0.47, 1.54, 0.04], [0.5, 2.03, 0.52]]","[507, 410, 492]",29.5
1107,1790252347789758321,307200,95216,10,8,41.2,"[26.1, 27.7, 30.6, 32.2, 35.3, 36.6, 39.5, 41.2]","['INSIDE', 'INSIDE', 'NEAR', 'INSIDE', 'INSIDE', 'INSIDE', 'INSIDE', 'INSIDE']","[[0.54, 2.13, 0.07], [0.5, 1.84, 0.05], [0.19, 1.01, 0.01], [0.29, 2.26, 0.03], [0.58, 0.7, 0.37], [0.87, 1.19, 1.15], [0.45, 2.16, 0.99], [0.16, 0.62, 0.31]]","[509, 497, 508, 492, 512, 505, 506, 410]",28.5
1108,1790252347890014117,307200,90989,8,7,41.2,"[24.6, 26.0, 27.7, 30.6, 35.2, 36.7, 41.2]","['OUTSIDE', 'INSIDE', 'INSIDE', 'INSIDE', 'INSIDE', 'INSIDE', 'INSIDE']","[[0.64, 2.4, 0.21], [0.32, 1.74, 0.04], [0.29, 1.4, 0.38], [0.56, 1.75, 0.06], [0.28, 1.93, 0.03], [0.26, 1.42, 0.02], [0.48, 0.74, 0.34]]","[507, 509, 508, 497, 492, 506, 410]",29.8
1109,1790252347993527691,307200,104365,10,8,38.1,"[26.2, 30.3, 30.7, 31.3, 32.2, 33.7, 36.8, 38.1]","['INSIDE', 'INSIDE', 'OUTSIDE', 'INSIDE', 'INSIDE', 'INSIDE', 'INSIDE', 'INSIDE']","[[0.5, 1.93, 0.06], [0.21, 1.42, 0.02], [0.24, 1.21, 0.02], [0.3, 1.83, 0.03], [0.44, 0.79, 0.31], [0.41, 1.21, 0.63], [0.37, 0.21, 1.09], [0.61, 0.23, 1.04]]","[509, 410, 506, 492, 505, 512, 513, 497]",34.0
1110,1790252348093837378,307200,104705,8,6,42.6,"[26.3, 30.6, 35.5, 36.8, 41.2, 42.6]","['INSIDE', 'INSIDE', 'INSIDE', 'INSIDE', 'INSIDE', 'INSIDE']","[[3.11, 0.64, 2.08], [0.64, 2.5, 0.08], [0.35, 1.31, 0.03], [0.27, 2.04, 0.03], [0.47, 1.48, 0.64], [0.7, 0.43, 0.59]]","[508, 509, 506, 492, 512, 410]",36.4
1111,1790252348189419836,307200,105096,9,9,47.1,"[26.2, 27.8, 29.1, 32.3, 33.6, 35.6, 36.8, 41.1, 47.1]","['INSIDE', 'INSIDE', 'OUTSIDE', 'INSIDE', 'NEAR', 'INSIDE', 'INSIDE', 'INSIDE', 'INSIDE']","[[5.39, 0.91, 2.25], [0.45, 2.11, 0.23], [0.25, 1.07, 0.02], [0.47, 1.76, 0.05], [0.07, 1.01, 0.01], [0.27, 1.13, 0.02], [0.45, 1.99, 0.64], [0.79, 0.55, 0.59], [0.71, 1.32, 0.3]]","[511, 509, 505, 497, 506, 513, 512, 410, 492]",35.9
1112,1790252348287137115,307200,106266,9,9,46.5,"[26.3, 30.7, 31.1, 32.2, 33.7, 36.5, 38.1, 42.4, 46.5]","['INSIDE', 'INSIDE', 'INSIDE', 'INSIDE', 'OUTSIDE', 'INSIDE', 'INSIDE', 'INSIDE', 'INSIDE']","[[6.59, 1.32, 3.15], [0.58, 0.19, 1.01], [0.49, 2.12, 0.06], [0.23, 1.18, 0.02], [0.22, 1.61, 0.02], [0.3, 1.62, 0.03], [0.47, 0.62, 1.15], [0.36, 1.03, 0.03], [0.42, 0.09, 1.08]]","[511, 508, 509, 505, 512, 513, 492, 410, 497]",34.6
1113,1790252348389713470,307200,104575,6,5,41.6,"[29.0, 30.7, 33.7, 38.2, 41.6]","['INSIDE', 'INSIDE', 'INSIDE', 'INSIDE', 'INSIDE']","[[3.42, 1.48, 3.18], [0.29, 1.78, 0.03], [0.35, 1.61, 0.03], [0.31, 1.62, 0.03], [0.9, 1.01, 0.08]]","[512, 505, 506, 513, 497]",30.7
1114,1790252348494997316,307200,103241,9,9,44.8,"[26.4, 27.8, 29.2, 30.7, 32.3, 33.6, 36.7, 40.2, 44.8]","['INSIDE', 'OUTSIDE', 'INSIDE', 'INSIDE', 'INSIDE', 'INSIDE', 'INSIDE', 'INSIDE', 'INSIDE']","[[9.79, 1.33, 2.94], [0.22, 1.3, 0.02], [0.42, 1.85, 0.05], [0.24, 0.99, 0.02], [0.29, 1.24, 0.03], [0.29, 1.51, 0.03], [0.17, 1.98, 0.64], [0.78, 0.93, 0.47], [0.72, 1.38, 0.76]]","[511, 505, 509, 506, 492, 513, 410, 497, 507]",28.4
1115,1790252348596614962,307200,93361,10,9,47.6,"[26.2, 30.4, 30.7, 31.9, 33.7, 37.0, 41.6, 42.4, 47.6]","['INSIDE', 'INSIDE', 'INSIDE', 'INSIDE', 'INSIDE', 'NEAR', 'INSIDE', 'INSIDE', 'INSIDE']","[[7.65, 1.13, 3.06], [0.27, 1.57, 0.03], [0.24, 1.66, 0.02], [0.21, 1.46, 0.02], [0.3, 2.05, 0.03], [0.73, 1.24, 0.46], [0.9, 0.95, 1.16], [0.63, 1.7, 0.05], [0.42, 0.09, 1.05]]","[508, 509, 505, 506, 513, 511, 492, 410, 507]",29.6
1116,1790252348696960586,307200,103094,10,8,47.7,"[24.5, 26.3, 27.9, 29.2, 30.7, 33.6, 41.6, 47.7]","['INSIDE', 'INSIDE', 'OUTSIDE', 'INSIDE', 'INSIDE', 'INSIDE', 'INSIDE', 'INSIDE']","[[1.62, 0.47, 1.89], [10.65, 1.27, 2.65], [0.91, 2.38, 0.46], [0.41, 1.49, 0.05], [0.06, 1.53, 0.01], [0.46, 1.75, 0.05], [0.21, 1.72, 0.02], [0.62, 1.09, 0.53]]","[511, 508, 509, 497, 505, 507, 513, 492]",35.5
1117,1790252348788241017,307200,103195,12,10,41.7,"[24.8, 26.3, 27.8, 29.0, 30.7, 32.2, 35.6, 37.2, 40.2, 41.7]","['INSIDE', 'INSIDE', 'OUTSIDE', 'INSIDE', 'INSIDE', 'INSIDE', 'OUTSIDE', 'INSIDE', 'INSIDE', 'INSIDE']","[[12.69, 1.64, 2.76], [0.43, 1.49, 0.05], [0.55, 1.78, 0.07], [0.7, 2.55, 0.55], [0.26, 1.13, 0.02], [0.3, 1.95, 0.03], [0.29, 1.31, 0.03], [0.19, 1.3, 0.57], [0.56, 1.25, 0.04], [1.31, 1.27, 1.26]]","[508, 497, 509, 507, 506, 513, 410, 505, 512, 492]",28.2
1118,1790252348890449439,307200,103372,11,9,48.4,"[26.4, 27.8, 29.2, 30.7, 32.0, 37.2, 38.5, 41.7, 48.4]","['INSIDE', 'INSIDE', 'INSIDE', 'INSIDE', 'INSIDE', 'INSIDE', 'INSIDE', 'INSIDE', 'INSIDE']","[[2.59, 0.61, 1.96], [10.42, 1.26, 3.1], [0.64, 2.06, 0.08], [0.22, 1.7, 0.38], [0.24, 1.56, 0.03], [0.11, 1.29, 0.01], [1.77, 1.29, 0.66], [0.29, 1.7, 0.02], [0.77, 1.29, 0.54]]","[511, 506, 497, 508, 507, 513, 505, 410, 492]",29.9
1119,1790252348991325790,307200,103368,10,9,41.8,"[26.3, 27.8, 29.4, 30.9, 32.9, 34.2, 35.9, 37.2, 41.8]","['INSIDE', 'OUTSIDE', 'INSIDE', 'INSIDE', 'INSIDE', 'INSIDE', 'INSIDE', 'INSIDE', 'INSIDE']","[[0.34, 1.85, 0.04], [0.28, 1.33, 0.03], [0.45, 1.62, 0.03], [0.76, 2.14, 0.55], [0.77, 2.87, 0.86], [0.43, 1.55, 0.58], [0.27, 1.83, 0.02], [0.55, 0.69, 0.62], [1.11, 0.77, 1.0]]","[497, 512, 508, 507, 513, 505, 410, 506, 492]",34.5
1120,1790252349091698677,307200,102166,12,10,47.2,"[26.4, 27.8, 29.1, 31.2, 31.2, 35.6, 37.1, 37.5, 41.9, 47.2]","['INSIDE', 'INSIDE', 'INSIDE', 'OUTSIDE', 'OUTSIDE', 'INSIDE', 'NEAR', 'INSIDE', 'INSIDE', 'INSIDE']","[[3.95, 0.67, 2.32], [14.46, 2.0, 3.15], [0.61, 2.06, 0.07], [0.26, 1.62, 0.02], [0.3, 2.2, 0.04], [0.12, 1.36, 0.01], [0.08, 1.43, 0.01], [0.63, 1.25, 0.32], [0.64, 0.43, 0.32], [1.54, 1.48, 0.85]]","[511, 410, 497, 508, 513, 507, 506, 512, 492, 505]",29.3
1121,1790252349193854428,307200,103443,13,8,49.2,"[26.2, 30.1, 32.7, 34.7, 40.5, 41.4, 43.3, 49.2]","['INSIDE', 'INSIDE', 'INSIDE', 'INSIDE', 'INSIDE', 'INSIDE', 'INSIDE', 'INSIDE']","[[1.3, 0.39, 2.28], [1.52, 0.47, 1.74], [1.53, 0.53, 1.66], [11.04, 1.52, 3.1], [0.17, 1.57, 0.02], [0.47, 1.89, 0.6], [0.26, 1.23, 0.37], [0.88, 1.94, 1.29]]","[511, 508, 410, 512, 497, 492, 506, 505]",29.2
1122,1790252349285735365,307200,103305,14,9,49.2,"[26.8, 29.1, 31.8, 32.8, 34.0, 35.4, 41.4, 41.7, 49.2]","['RAIL', 'INSIDE', 'RAIL', 'INSIDE', 'INSIDE', 'INSIDE', 'INSIDE', 'INSIDE', 'INSIDE']","[[0.77, 0.33, 0.73], [13.44, 1.47, 2.95], [0.3, 0.25, 0.86], [0.61, 0.44, 1.18], [0.3, 1.61, 0.03], [0.75, 0.83, 0.08], [1.1, 0.87, 1.0], [2.21, 2.07, 1.34], [0.71, 0.28, 0.81]]","[410, 512, 511, 506, 492, 507, 513, 505, 497]",33.5
1123,1790252349395517209,307200,103302,9,6,42.4,"[28.4, 31.6, 32.8, 36.0, 38.9, 42.4]","['INSIDE', 'INSIDE', 'INSIDE', 'INSIDE', 'INSIDE', 'INSIDE']","[[5.41, 0.69, 2.96], [0.59, 2.11, 0.07], [0.34, 1.78, 0.59], [0.55, 0.68, 0.37], [0.77, 0.62, 0.51], [0.34, 1.01, 0.03]]","[506, 505, 492, 513, 497, 512]",33.5
1124,1790252349489152561,307200,103571,8,3,36.0,"[30.3, 32.9, 36.0]","['INSIDE', 'INSIDE', 'INSIDE']","[[0.31, 1.5, 0.03], [1.17, 2.36, 0.76], [0.39, 1.82, 0.64]]","[492, 497, 512]",32.4
1125,1790252349591803864,307200,103738,15,8,48.4,"[26.9, 28.4, 30.2, 31.4, 34.4, 37.5, 39.4, 48.4]","['OUTSIDE', 'INSIDE', 'OUTSIDE', 'OUTSIDE', 'OUTSIDE', 'OUTSIDE', 'INSIDE', 'INSIDE']","[[0.49, 2.39, 0.07], [0.5, 2.5, 0.06], [0.29, 2.06, 0.03], [0.34, 2.11, 0.04], [0.24, 1.45, 0.02], [0.2, 1.36, 0.01], [0.31, 0.32, 0.33], [0.84, 1.74, 1.29]]","[505, 497, 492, 512, 513, 511, 506, 507]",31.3
1126,1790252349692629134,307200,104075,15,10,47.0,"[28.4, 28.8, 30.0, 31.5, 32.1, 36.1, 37.4, 40.6, 41.8, 47.0]","['INSIDE', 'INSIDE', 'INSIDE', 'OUTSIDE', 'INSIDE', 'INSIDE', 'INSIDE', 'INSIDE', 'INSIDE', 'INSIDE']","[[7.64, 1.03, 3.02], [0.19, 0.35, 0.17], [0.31, 1.9, 0.04], [0.35, 2.0, 0.04], [0.19, 1.42, 0.01], [0.21, 1.48, 0.01], [0.25, 1.26, 0.02], [0.36, 1.78, 0.04], [0.74, 0.52, 0.53], [0.78, 0.2, 0.53]]","[410, 506, 497, 512, 513, 514, 492, 507, 505, 509]",30.1
1127,1790252349787725408,307200,104795,15,8,47.0,"[30.0, 31.6, 36.1, 40.5, 42.7, 44.9, 45.4, 47.0]","['INSIDE', 'RAIL', 'INSIDE', 'INSIDE', 'INSIDE', 'INSIDE', 'INSIDE', 'INSIDE']","[[2.21, 0.75, 2.07], [0.41, 0.18, 0.27], [0.09, 1.65, 0.36], [0.21, 1.48, 0.01], [0.85, 1.07, 0.55], [0.31, 1.27, 0.03], [0.58, 2.25, 0.81], [0.41, 0.85, 0.42]]","[508, 410, 513, 514, 505, 492, 507, 511]",29.2
1128,1790252349892457515,307200,104204,16,8,47.0,"[28.6, 28.7, 30.1, 31.9, 37.5, 40.8, 45.6, 47.0]","['INSIDE', 'OUTSIDE', 'INSIDE', 'INSIDE', 'INSIDE', 'NEAR', 'INSIDE', 'INSIDE']","[[0.54, 2.23, 0.06], [0.27, 2.11, 0.03], [0.31, 1.71, 0.02], [0.36, 2.43, 0.04], [0.89, 1.38, 1.07], [0.22, 0.99, 0.01], [0.2, 0.96, 0.01], [0.43, 0.49, 0.29]]","[497, 492, 513, 507, 505, 514, 511, 509]",31.7
1129,1790252349991597423,307200,104352,16,7,47.0,"[24.2, 27.2, 28.7, 29.2, 30.1, 41.2, 47.0]","['OUTSIDE', 'INSIDE', 'INSIDE', 'INSIDE', 'INSIDE', 'NEAR', 'INSIDE']","[[0.49, 2.29, 0.06], [0.72, 2.38, 0.09], [0.54, 1.73, 0.04], [0.34, 2.01, 0.04], [0.86, 1.71, 0.54], [0.23, 1.16, 0.02], [0.83, 0.14, 0.98]]","[497, 509, 513, 507, 505, 514, 512]",35.3
1130,1790252350086294796,307200,104378,18,9,47.0,"[22.7, 25.6, 28.5, 30.1, 31.8, 39.6, 41.1, 45.6, 47.0]","['INSIDE', 'INSIDE', 'INSIDE', 'INSIDE', 'OUTSIDE', 'INSIDE', 'INSIDE', 'INSIDE', 'INSIDE']","[[0.61, 2.4, 0.09], [1.2, 2.68, 0.56], [0.28, 1.73, 0.02], [0.3, 2.12, 0.03], [0.25, 1.82, 0.02], [0.82, 1.6, 0.61], [0.41, 0.97, 0.03], [0.18, 1.11, 0.01], [1.93, 1.52, 0.79]]","[509, 505, 513, 507, 514, 512, 506, 511, 497]",33.9
1131,1790252350198643614,307200,104310,18,7,47.0,"[28.6, 30.2, 30.9, 39.4, 41.1, 45.6, 47.0]","['INSIDE', 'INSIDE', 'OUTSIDE', 'INSIDE', 'INSIDE', 'INSIDE', 'INSIDE']","[[0.21, 1.73, 0.02], [0.34, 1.8, 0.04], [0.1, 1.32, 0.01], [0.85, 1.09, 0.38], [0.22, 1.28, 0.01], [0.7, 0.42, 1.06], [1.3, 1.45, 0.98]]","[513, 507, 514, 506, 511, 512, 497]",38.3
1132,1790252350292782611,307200,104223,23,8,47.0,"[28.8, 30.2, 31.8, 39.5, 41.4, 44.9, 45.6, 47.0]","['INSIDE', 'INSIDE', 'INSIDE', 'INSIDE', 'INSIDE', 'OUTSIDE', 'INSIDE', 'INSIDE']","[[1.83, 0.35, 1.79], [4.43, 0.63, 2.35], [0.63, 1.38, 0.04], [0.34, 1.62, 0.57], [0.24, 1.59, 0.03], [0.12, 1.32, 0.01], [0.21, 1.44, 0.01], [0.77, 1.57, 1.28]]","[410, 508, 506, 512, 507, 514, 511, 497]",37.0
1133,1790252350386803839,307200,98593,18,7,47.1,"[28.5, 30.2, 31.8, 39.6, 43.6, 46.1, 47.1]","['INSIDE', 'INSIDE', 'INSIDE', 'INSIDE', 'OUTSIDE', 'INSIDE', 'INSIDE']","[[3.56, 0.48, 2.58], [0.98, 0.24, 0.19], [0.29, 2.76, 0.03], [0.52, 1.61, 0.38], [0.18, 1.16, 0.01], [0.11, 1.33, 0.01], [1.56, 1.34, 1.01]]","[410, 511, 507, 506, 514, 512, 497]",37.3
1134,1790252350489718168,307200,105064,29,10,46.8,"[26.0, 28.6, 30.2, 32.0, 39.7, 40.6, 44.2, 44.8, 46.5, 46.8]","['RAIL', 'INSIDE', 'INSIDE', 'INSIDE', 'INSIDE', 'INSIDE', 'INSIDE', 'INSIDE', 'INSIDE', 'INSIDE']","[[0.95, 0.18, 0.82], [6.74, 0.63, 2.26], [0.94, 0.31, 0.94], [0.86, 0.25, 1.49], [0.73, 2.67, 0.09], [0.09, 2.22, 0.01], [0.4, 1.97, 0.56], [0.28, 1.25, 0.02], [0.34, 0.82, 0.4], [0.81, 1.64, 0.78]]","[515, 508, 511, 410, 505, 507, 512, 506, 513, 497]",30.3
1135,1790252350592552706,307200,105235,25,7,44.1,"[25.9, 28.8, 32.3, 34.2, 38.9, 39.7, 44.1]","['INSIDE', 'INSIDE', 'INSIDE', 'INSIDE', 'INSIDE', 'INSIDE', 'INSIDE']","[[6.51, 0.6, 2.21], [0.5, 2.18, 0.06], [0.28, 2.17, 0.36], [0.7, 2.3, 0.61], [0.56, 0.97, 0.41], [0.69, 0.44, 0.6], [0.14, 1.41, 0.01]]","[508, 505, 506, 512, 513, 492, 497]",40.5
1136,1790252350703060410,307200,105413,31,9,45.6,"[24.2, 27.3, 29.1, 30.8, 32.2, 40.3, 41.4, 43.8, 45.6]","['INSIDE', 'INSIDE', 'INSIDE', 'INSIDE', 'INSIDE', 'OUTSIDE', 'INSIDE', 'INSIDE', 'INSIDE']","[[1.91, 0.81, 2.17], [4.48, 0.55, 2.3], [1.32, 0.31, 1.54], [0.14, 2.13, 0.03], [0.31, 2.07, 0.25], [0.6, 1.91, 0.05], [0.09, 2.29, 0.01], [0.43, 2.16, 1.15], [0.47, 1.97, 0.79]]","[410, 508, 513, 509, 507, 506, 505, 512, 497]",38.0
1137,1790252350793381991,307200,105566,24,6,44.3,"[26.1, 32.3, 39.8, 41.2, 43.6, 44.3]","['INSIDE', 'INSIDE', 'NEAR', 'INSIDE', 'INSIDE', 'INSIDE']","[[3.65, 0.72, 2.11], [1.12, 2.78, 1.11], [0.19, 1.3, 0.01], [0.29, 2.03, 0.03], [0.23, 1.81, 0.02], [0.37, 1.23, 0.02]]","[513, 505, 506, 512, 508, 410]",39.7
1138,1790252350891787828,307200,105560,30,9,47.4,"[21.2, 29.5, 30.7, 32.3, 35.4, 38.3, 39.8, 46.5, 47.4]","['INSIDE', 'INSIDE', 'INSIDE', 'INSIDE', 'INSIDE', 'INSIDE', 'INSIDE', 'INSIDE', 'INSIDE']","[[0.28, 2.06, 0.03], [0.27, 0.26, 0.85], [0.3, 0.21, 0.83], [0.07, 1.83, 0.01], [0.25, 1.8, 0.02], [0.28, 1.25, 0.02], [0.36, 2.22, 0.03], [0.4, 0.75, 0.36], [0.63, 2.3, 0.78]]","[509, 511, 515, 507, 512, 508, 492, 506, 497]",40.8
1139,1790252350991978695,307200,105518,41,11,47.1,"[27.5, 29.3, 31.0, 32.4, 35.4, 39.8, 40.9, 41.2, 43.3, 45.9, 47.1]","['INSIDE', 'INSIDE', 'INSIDE', 'INSIDE', 'INSIDE', 'OUTSIDE', 'INSIDE', 'INSIDE', 'INSIDE', 'INSIDE', 'INSIDE']","[[0.54, 0.19, 1.55], [0.24, 0.26, 1.63], [3.76, 0.66, 1.75], [0.37, 0.26, 1.99], [1.05, 2.25, 0.12], [0.06, 1.44, 0.0], [0.43, 2.16, 0.04], [0.08, 1.67, 0.01], [0.42, 2.96, 0.53], [0.27, 2.1, 0.02], [0.36, 0.86, 0.26]]","[511, 515, 513, 508, 505, 410, 512, 506, 497, 492, 507]",39.5
1140,1790252351087957383,307200,105610,34,12,48.9,"[28.1, 29.2, 32.5, 35.4, 37.5, 39.9, 41.3, 41.4, 43.2, 44.4, 46.1, 48.9]","['INSIDE', 'INSIDE', 'INSIDE', 'NEAR', 'INSIDE', 'NEAR', 'INSIDE', 'INSIDE', 'INSIDE', 'INSIDE', 'INSIDE', 'INSIDE']","[[1.11, 0.26, 1.31], [1.61, 0.35, 1.58], [6.22, 0.78, 2.3], [0.57, 0.32, 1.56], [0.79, 2.62, 0.51], [0.25, 1.46, 0.02], [0.58, 2.5, 0.05], [0.29, 2.37, 0.02], [0.83, 2.79, 0.82], [0.32, 2.21, 0.3], [0.24, 1.55, 0.01], [0.15, 0.5, 0.37]]","[518, 515, 508, 519, 505, 410, 512, 506, 497, 492, 517, 513]",38.1
1141,1790252351188886645,307200,105809,40,13,49.9,"[26.2, 30.5, 31.1, 32.4, 37.5, 38.5, 39.9, 40.6, 41.9, 44.4, 47.0, 49.7, 49.9]","['RAIL', 'INSIDE', 'INSIDE', 'INSIDE', 'NEAR', 'NEAR', 'INSIDE', 'NEAR', 'INSIDE', 'NEAR', 'INSIDE', 'INSIDE', 'INSIDE']","[[0.14, 0.18, 0.78], [3.55, 0.75, 1.92], [0.59, 0.22, 0.97], [0.25, 0.25, 0.82], [1.8, 0.37, 1.99], [0.99, 1.44, 0.51], [0.26, 2.38, 0.02], [0.53, 1.36, 0.05], [0.19, 1.26, 0.01], [0.39, 0.18, 1.0], [0.34, 1.07, 0.02], [0.73, 0.95, 0.29], [0.06, 1.55, 0.0]]","[518, 519, 511, 515, 508, 505, 512, 497, 506, 513, 492, 507, 517]",34.8
1142,1790252351295918016,307200,105919,53,14,48.6,"[26.0, 31.4, 32.5, 34.0, 35.4, 37.0, 39.4, 40.0, 41.7, 44.5, 44.6, 47.5, 48.1, 48.6]","['NEAR', 'RAIL', 'INSIDE', 'NEAR', 'NEAR', 'OUTSIDE', 'INSIDE', 'NEAR', 'INSIDE', 'INSIDE', 'INSIDE', 'INSIDE', 'INSIDE', 'INSIDE']","[[4.49, 0.41, 1.71], [0.4, 0.2, 0.96], [0.14, 0.27, 1.25], [1.6, 0.68, 1.85], [3.01, 0.41, 2.62], [0.66, 0.7, 0.51], [0.63, 0.3, 0.82], [0.39, 0.32, 1.47], [0.28, 2.39, 0.03], [0.27, 2.38, 0.02], [1.62, 1.89, 1.34], [0.12, 1.73, 0.01], [0.23, 1.87, 0.01], [0.54, 1.05, 0.33]]","[517, 518, 515, 519, 508, 505, 511, 513, 512, 506, 507, 492, 514, 497]",40.0
1143,1790252351392371076,307200,106079,43,14,47.7,"[25.9, 32.6, 34.0, 35.5, 38.4, 40.0, 41.7, 42.1, 44.1, 44.6, 45.1, 46.0, 46.2, 47.7]","['RAIL', 'NEAR', 'NEAR', 'NEAR', 'NEAR', 'NEAR', 'NEAR', 'OUTSIDE', 'INSIDE', 'INSIDE', 'NEAR', 'INSIDE', 'INSIDE', 'INSIDE']","[[0.29, 0.15, 0.54], [1.37, 0.27, 1.91], [0.73, 0.24, 1.71], [0.44, 0.26, 1.43], [0.62, 0.32, 0.7], [3.14, 0.43, 1.84], [1.63, 1.19, 1.38], [0.45, 0.91, 0.58], [0.29, 2.11, 0.02], [0.54, 2.29, 0.05], [0.15, 1.45, 0.01], [0.73, 1.86, 0.05], [0.31, 2.61, 0.03], [0.27, 2.02, 0.02]]","[410, 515, 517, 511, 513, 508, 505, 512, 506, 507, 514, 519, 492, 518]",37.9
1144,1790252351490621721,307200,106179,47,18,79.8,"[28.5, 30.7, 32.5, 33.7, 33.8, 35.6, 38.6, 40.0, 40.7, 43.1, 44.6, 44.7, 45.2, 45.8, 46.7, 47.7, 49.6, 79.8]","['RAIL', 'RAIL', 'RAIL', 'RAIL', 'NEAR', 'NEAR', 'NEAR', 'NEAR', 'NEAR', 'NEAR', 'INSIDE', 'INSIDE', 'INSIDE', 'INSIDE', 'INSIDE', 'INSIDE', 'OUTSIDE', 'INSIDE']","[[0.23, 0.09, 0.44], [0.84, 0.2, 0.49], [0.13, 0.2, 0.97], [0.35, 0.17, 0.84], [1.33, 0.26, 1.49], [0.43, 0.31, 1.35], [1.38, 0.27, 1.53], [2.48, 0.36, 2.02], [0.9, 1.2, 0.56], [0.39, 1.4, 0.03], [0.32, 2.18, 0.41], [0.05, 1.95, 0.0], [0.1, 2.49, 0.01], [0.37, 1.56, 0.36], [0.27, 1.61, 0.02], [0.25, 1.92, 0.39], [1.23, 0.53, 1.22], [6.38, 2.16, 2.86]]","[512, 410, 516, 515, 517, 511, 513, 508, 507, 492, 514, 506, 497, 519, 520, 518, 505, 524]",41.7
1145,1790252351594600658,307200,106319,49,15,81.1,"[30.1, 30.7, 31.1, 32.7, 34.0, 38.5, 40.1, 43.2, 44.5, 44.6, 46.0, 46.2, 47.5, 49.4, 81.1]","['NEAR', 'NEAR', 'NEAR', 'NEAR', 'NEAR', 'OUTSIDE', 'OUTSIDE', 'INSIDE', 'INSIDE', 'NEAR', 'INSIDE', 'INSIDE', 'NEAR', 'INSIDE', 'INSIDE']","[[0.76, 0.23, 1.96], [1.23, 0.24, 1.88], [0.49, 0.31, 1.32], [1.64, 0.31, 1.79], [0.53, 0.29, 1.44], [0.71, 0.3, 1.34], [0.47, 0.88, 0.57], [0.56, 2.87, 0.05], [0.24, 2.25, 0.02], [0.08, 1.12, 0.0], [0.06, 1.75, 0.0], [0.06, 2.33, 0.0], [0.54, 1.05, 0.53], [0.74, 0.95, 0.28], [2.94, 0.73, 2.69]]","[516, 515, 511, 517, 513, 505, 507, 497, 506, 514, 519, 518, 492, 520, 524]",41.5
1146,1790252351687195060,307200,106257,47,15,78.4,"[28.1, 31.1, 32.6, 35.6, 37.3, 40.2, 43.0, 43.6, 44.7, 44.7, 45.7, 46.7, 49.1, 49.9, 78.4]","['NEAR', 'NEAR', 'OUTSIDE', 'NEAR', 'OUTSIDE', 'OUTSIDE', 'NEAR', 'INSIDE', 'INSIDE', 'INSIDE', 'INSIDE', 'INSIDE', 'OUTSIDE', 'NEAR', 'INSIDE']","[[0.42, 0.27, 2.37], [0.25, 0.28, 1.68], [0.47, 0.31, 1.28], [0.35, 0.33, 1.62], [0.49, 0.3, 1.74], [1.38, 0.35, 1.6], [0.11, 0.24, 1.34], [0.24, 2.39, 0.03], [0.27, 2.25, 0.02], [0.91, 2.03, 0.56], [0.27, 2.19, 0.02], [0.71, 1.39, 0.4], [0.35, 0.39, 0.65], [0.56, 0.88, 0.29], [1.63, 1.92, 1.68]]","[516, 515, 517, 511, 513, 508, 518, 497, 520, 492, 514, 506, 519, 526, 524]",41.7
1147,1790252351790712205,307200,106279,43,17,95.6,"[26.5, 32.6, 34.1, 37.2, 37.8, 38.7, 40.2, 44.2, 44.7, 48.0, 78.1, 79.1, 83.2, 84.5, 85.1, 87.7, 95.6]","['OUTSIDE', 'OUTSIDE', 'OUTSIDE', 'INSIDE', 'OUTSIDE', 'INSIDE', 'INSIDE', 'INSIDE', 'INSIDE', 'INSIDE', 'INSIDE', 'INSIDE', 'INSIDE', 'INSIDE', 'OUTSIDE', 'INSIDE', 'INSIDE']","[[1.51, 0.33, 2.33], [3.78, 0.37, 1.57], [0.37, 0.25, 1.36], [0.19, 2.85, 0.02], [0.39, 0.74, 0.62], [0.21, 1.69, 0.02], [1.23, 2.23, 0.51], [0.27, 1.75, 0.02], [0.25, 2.5, 0.02], [0.68, 1.65, 0.31], [2.97, 1.1, 2.75], [0.11, 1.8, 0.0], [3.12, 2.54, 2.04], [0.06, 1.63, 0.0], [1.71, 0.14, 1.7], [2.21, 1.52, 1.54], [0.04, 1.17, 0.0]]","[516, 519, 513, 497, 520, 506, 526, 508, 514, 492, 524, 529, 522, 527, 530, 531, 532]",35.1
1148,1790252351894238083,307200,106411,41,18,95.4,"[26.7, 28.1, 31.1, 32.5, 34.2, 38.8, 43.3, 44.7, 47.8, 49.5, 76.2, 77.7, 83.3, 83.6, 84.3, 85.2, 88.2, 95.4]","['OUTSIDE', 'OUTSIDE', 'INSIDE', 'INSIDE', 'INSIDE', 'INSIDE', 'INSIDE', 'INSIDE', 'INSIDE', 'NEAR', 'INSIDE', 'INSIDE', 'INSIDE', 'OUTSIDE', 'OUTSIDE', 'INSIDE', 'INSIDE', 'INSIDE']","[[0.99, 0.2, 1.87], [0.56, 0.26, 1.26], [0.15, 1.93, 0.01], [0.29, 2.39, 0.35], [1.09, 2.35, 0.58], [0.23, 1.86, 0.02], [0.16, 2.97, 0.01], [0.12, 1.31, 0.01], [0.18, 0.9, 0.01], [1.22, 1.37, 1.3], [1.98, 0.92, 2.7], [0.08, 1.9, 0.0], [0.04, 1.75, 0.0], [1.14, 0.16, 1.14], [0.36, 1.36, 0.38], [6.07, 2.23, 2.0], [0.12, 1.85, 0.0], [0.32, 2.47, 0.23]]","[515, 516, 497, 508, 505, 526, 514, 492, 513, 507, 524, 529, 527, 530, 525, 522, 531, 532]",35.4
1149,1790252351997108680,307200,106753,37,10,85.0,"[28.3, 38.7, 40.2, 43.5, 44.7, 48.6, 75.0, 78.7, 84.6, 85.0]","['RAIL', 'OUTSIDE', 'NEAR', 'INSIDE', 'INSIDE', 'INSIDE', 'INSIDE', 'INSIDE', 'INSIDE', 'OUTSIDE']","[[0.77, 0.14, 0.48], [0.6, 0.24, 0.53], [0.09, 0.84, 0.01], [0.07, 2.7, 0.01], [0.23, 1.71, 0.01], [0.49, 1.7, 0.77], [2.5, 2.48, 2.7], [0.99, 1.21, 1.25], [2.72, 1.93, 1.9], [1.26, 0.21, 1.5]]","[410, 515, 506, 508, 514, 507, 524, 529, 522, 530]",35.1
1150,1790252352092304057,307200,106234,34,10,94.5,"[28.3, 31.3, 32.9, 38.9, 39.6, 40.2, 43.5, 44.9, 45.8, 94.5]","['RAIL', 'RAIL', 'INSIDE', 'INSIDE', 'NEAR', 'INSIDE', 'INSIDE', 'INSIDE', 'INSIDE', 'INSIDE']","[[0.36, 0.21, 0.44], [0.74, 0.17, 0.5], [1.88, 2.17, 2.86], [0.6, 2.14, 0.57], [0.21, 0.83, 0.01], [0.34, 2.85, 0.69], [0.26, 2.19, 0.29], [0.38, 2.2, 0.02], [0.6, 2.04, 0.51], [0.8, 1.81, 0.39]]","[506, 410, 517, 497, 508, 519, 505, 514, 507, 532]",44.2
1151,1790252352185463595,307200,106404,38,14,94.1,"[28.2, 31.4, 32.6, 34.3, 38.9, 40.3, 43.4, 44.9, 83.4, 85.3, 86.7, 88.3, 90.1, 94.1]","['INSIDE', 'INSIDE', 'INSIDE', 'INSIDE', 'INSIDE', 'INSIDE', 'INSIDE', 'INSIDE', 'INSIDE', 'NEAR', 'OUTSIDE', 'INSIDE', 'NEAR', 'INSIDE']","[[0.59, 1.32, 0.56], [0.05, 1.41, 0.0], [0.31, 2.58, 0.02], [0.9, 2.58, 0.59], [0.25, 2.67, 0.02], [1.23, 2.06, 1.25], [0.57, 1.78, 0.31], [0.3, 1.36, 0.02], [1.0, 2.92, 0.4], [0.01, 0.74, 0.0], [2.37, 0.18, 0.74], [0.09, 2.0, 0.0], [0.62, 0.87, 0.2], [1.31, 1.91, 0.83]]","[497, 508, 519, 505, 514, 507, 492, 513, 527, 525, 522, 531, 534, 532]",42.8
1152,1790252352294960190,307200,106756,37,14,89.1,"[23.9, 28.2, 34.5, 43.5, 43.6, 44.8, 45.0, 45.3, 77.3, 77.3, 83.7, 84.4, 86.9, 89.1]","['RAIL', 'RAIL', 'INSIDE', 'RAIL', 'INSIDE', 'INSIDE', 'INSIDE', 'INSIDE', 'INSIDE', 'INSIDE', 'NEAR', 'NEAR', 'INSIDE', 'INSIDE']","[[1.21, 0.17, 0.48], [0.21, 0.23, 0.9], [0.8, 2.79, 1.41], [0.34, 0.15, 0.4], [0.18, 1.87, 0.01], [0.32, 2.58, 0.02], [0.33, 2.4, 0.29], [1.27, 2.19, 0.8], [1.95, 2.84, 2.4], [8.1, 2.63, 2.84], [0.34, 0.83, 0.4], [1.17, 1.01, 2.79], [0.2, 2.49, 0.21], [8.06, 4.25, 2.65]]","[410, 514, 526, 511, 513, 517, 492, 507, 529, 524, 527, 530, 531, 535]",38.1
1153,1790252352391983286,307200,107176,35,16,96.9,"[28.7, 34.4, 37.6, 39.0, 43.5, 47.9, 73.3, 75.6, 82.3, 83.6, 86.6, 86.9, 87.6, 91.0, 92.9, 96.9]","['RAIL', 'INSIDE', 'INSIDE', 'INSIDE', 'INSIDE', 'NEAR', 'INSIDE', 'INSIDE', 'INSIDE', 'OUTSIDE', 'INSIDE', 'RAIL', 'INSIDE', 'INSIDE', 'INSIDE', 'OUTSIDE']","[[0.56, 0.15, 0.62], [0.36, 2.73, 0.03], [0.71, 2.85, 0.35], [0.9, 2.82, 0.77], [0.29, 2.94, 0.38], [0.15, 1.05, 0.01], [0.45, 2.45, 0.47], [3.45, 2.79, 2.19], [0.13, 2.29, 0.56], [1.32, 0.35, 1.72], [3.81, 2.51, 2.45], [1.44, 0.16, 0.13], [1.57, 1.97, 1.02], [1.06, 3.15, 0.23], [0.25, 1.89, 1.03], [0.04, 0.19, 0.2]]","[516, 519, 492, 507, 517, 520, 524, 529, 530, 522, 527, 531, 535, 534, 532, 538]",40.5
1154,1790252352487170081,307200,108269,31,17,98.9,"[28.5, 34.5, 37.5, 39.1, 40.0, 43.4, 44.3, 44.9, 47.5, 49.4, 81.6, 82.9, 86.4, 91.3, 93.6, 95.4, 98.9]","['RAIL', 'RAIL', 'OUTSIDE', 'RAIL', 'INSIDE', 'INSIDE', 'INSIDE', 'INSIDE', 'OUTSIDE', 'INSIDE', 'RAIL', 'INSIDE', 'INSIDE', 'INSIDE', 'INSIDE', 'OUTSIDE', 'INSIDE']","[[0.48, 0.14, 0.24], [0.58, 0.14, 0.69], [0.96, 0.18, 0.99], [0.44, 0.19, 0.74], [0.34, 2.73, 0.02], [0.05, 1.72, 0.0], [0.27, 2.88, 0.01], [0.49, 2.5, 0.33], [0.49, 0.72, 0.36], [0.49, 2.07, 0.04], [1.06, 0.15, 1.12], [2.11, 3.93, 1.67], [4.0, 4.16, 2.7], [0.49, 2.46, 0.81], [1.5, 2.1, 0.23], [0.04, 0.23, 0.39], [0.13, 3.43, 0.19]]","[506, 410, 528, 516, 519, 513, 517, 492, 520, 507, 530, 527, 522, 534, 532, 538, 552]",40.2
1155,1790252352595775124,307200,98903,30,14,99.8,"[28.6, 43.5, 44.8, 45.1, 46.3, 48.3, 48.7, 48.9, 81.5, 82.3, 87.3, 91.5, 92.7, 99.8]","['RAIL', 'OUTSIDE', 'OUTSIDE', 'RAIL', 'OUTSIDE', 'RAIL', 'INSIDE', 'INSIDE', 'INSIDE', 'NEAR', 'INSIDE', 'INSIDE', 'INSIDE', 'INSIDE']","[[0.72, 0.22, 0.86], [1.53, 0.23, 2.25], [1.82, 0.2, 1.58], [0.78, 0.2, 1.07], [1.66, 0.2, 0.67], [0.26, 0.17, 0.76], [0.29, 1.72, 0.02], [0.43, 2.48, 0.03], [0.58, 2.82, 0.19], [4.78, 0.74, 2.58], [0.86, 2.73, 0.98], [0.1, 1.92, 0.0], [0.85, 2.88, 0.39], [4.78, 3.72, 1.73]]","[410, 514, 513, 528, 515, 516, 517, 507, 527, 530, 535, 534, 532, 552]",36.5
1156,1790252352697202739,307200,103354,33,14,97.8,"[25.7, 30.0, 32.7, 37.5, 45.2, 46.2, 47.5, 48.4, 49.3, 82.5, 85.4, 87.0, 90.7, 97.8]","['OUTSIDE', 'OUTSIDE', 'OUTSIDE', 'OUTSIDE', 'INSIDE', 'OUTSIDE', 'OUTSIDE', 'INSIDE', 'NEAR', 'INSIDE', 'INSIDE', 'RAIL', 'INSIDE', 'INSIDE']","[[0.63, 0.18, 1.22], [1.36, 0.21, 1.78], [0.34, 0.18, 0.12], [0.32, 0.22, 1.66], [0.39, 1.83, 0.18], [0.11, 0.19, 0.41], [0.95, 0.23, 0.31], [0.1, 0.95, 0.01], [0.3, 1.43, 0.02], [4.72, 4.26, 2.74], [0.15, 2.24, 0.0], [0.92, 0.12, 0.96], [1.51, 3.45, 0.22], [1.81, 1.74, 1.51]]","[513, 515, 528, 514, 526, 517, 497, 507, 520, 527, 525, 531, 534, 552]",45.4
1157,1790252352797555116,307200,103715,31,15,173.6,"[23.9, 28.5, 39.1, 42.9, 43.6, 45.4, 47.9, 82.6, 85.7, 87.1, 88.4, 91.5, 91.6, 97.8, 173.6]","['OUTSIDE', 'OUTSIDE', 'OUTSIDE', 'INSIDE', 'INSIDE', 'INSIDE', 'INSIDE', 'INSIDE', 'INSIDE', 'INSIDE', 'NEAR', 'OUTSIDE', 'INSIDE', 'INSIDE', 'OUTSIDE']","[[4.45, 0.25, 2.45], [0.98, 0.23, 0.63], [2.66, 0.21, 1.89], [0.34, 0.9, 0.04], [0.05, 2.73, 0.0], [0.85, 2.96, 0.53], [0.1, 2.74, 0.01], [3.44, 4.12, 2.54], [1.84, 4.02, 0.96], [0.12, 2.65, 0.21], [2.4, 0.23, 1.38], [1.05, 0.54, 0.37], [0.16, 3.51, 0.0], [3.18, 2.01, 1.29], [0.28, 1.25, 0.36]]","[410, 513, 515, 526, 519, 507, 511, 527, 525, 535, 531, 534, 532, 552, 545]",40.6
1158,1790252352895429136,307200,104258,30,14,172.1,"[41.0, 44.3, 46.3, 46.4, 48.5, 49.6, 81.2, 83.4, 85.6, 86.9, 89.6, 90.1, 96.1, 172.1]","['OUTSIDE', 'OUTSIDE', 'RAIL', 'RAIL', 'OUTSIDE', 'OUTSIDE', 'INSIDE', 'NEAR', 'INSIDE', 'NEAR', 'OUTSIDE', 'NEAR', 'INSIDE', 'OUTSIDE']","[[3.81, 0.27, 2.42], [2.36, 0.22, 2.51], [0.85, 0.09, 0.28], [0.86, 0.19, 0.95], [0.28, 0.18, 0.89], [0.24, 0.19, 1.02], [1.75, 3.95, 0.92], [2.09, 0.21, 1.68], [0.05, 3.59, 0.0], [2.4, 0.23, 1.36], [0.03, 0.35, 0.18], [0.04, 1.26, 0.0], [3.12, 3.0, 1.73], [0.3, 0.94, 0.36]]","[506, 513, 517, 515, 514, 528, 527, 530, 525, 531, 536, 532, 552, 545]",41.8
1159,1790252352987209591,307200,104151,30,13,182.6,"[25.2, 37.9, 41.0, 44.1, 45.4, 48.2, 49.5, 74.1, 88.7, 90.2, 94.6, 96.8, 182.6]","['OUTSIDE', 'OUTSIDE', 'RAIL', 'OUTSIDE', 'OUTSIDE', 'INSIDE', 'INSIDE', 'INSIDE', 'OUTSIDE', 'INSIDE', 'OUTSIDE', 'INSIDE', 'RAIL']","[[4.46, 0.23, 2.45], [2.31, 0.23, 2.22], [1.14, 0.17, 0.85], [0.93, 0.22, 1.09], [0.62, 0.19, 0.68], [0.95, 1.44, 0.68], [0.13, 1.85, 0.01], [1.0, 1.19, 0.45], [1.05, 0.53, 0.18], [0.21, 3.67, 0.38], [0.03, 0.83, 0.0], [7.35, 3.65, 1.91], [3.67, 1.35, 0.8]]","[506, 528, 515, 514, 513, 526, 520, 524, 536, 532, 538, 552, 550]",41.6
1160,1790252353102594180,307200,103846,29,20,179.3,"[30.1, 30.4, 37.9, 38.9, 42.7, 43.1, 43.6, 45.2, 45.9, 49.7, 82.7, 87.1, 87.2, 88.8, 90.1, 97.5, 99.1, 100.7, 170.3, 179.3]","['OUTSIDE', 'OUTSIDE', 'RAIL', 'RAIL', 'OUTSIDE', 'NEAR', 'INSIDE', 'INSIDE', 'NEAR', 'INSIDE', 'INSIDE', 'INSIDE', 'RAIL', 'NEAR', 'INSIDE', 'OUTSIDE', 'INSIDE', 'OUTSIDE', 'OUTSIDE', 'RAIL']","[[3.67, 0.23, 2.04], [1.58, 0.23, 1.74], [0.27, 0.19, 0.55], [0.44, 0.19, 0.94], [0.42, 0.14, 0.76], [0.36, 0.55, 0.5], [0.51, 2.76, 0.37], [0.06, 2.36, 0.0], [0.13, 1.19, 0.01], [0.34, 2.58, 0.02], [6.13, 4.11, 2.75], [0.04, 1.06, 0.0], [0.94, 0.43, 0.95], [0.45, 0.17, 1.95], [0.1, 3.15, 0.0], [0.93, 0.52, 0.61], [2.83, 3.95, 1.7], [0.3, 1.79, 0.45], [2.46, 0.04, 0.48], [0.06, 0.1, 0.27]]","[410, 528, 514, 511, 554, 497, 519, 513, 520, 508, 540, 535, 536, 531, 532, 561, 552, 571, 545, 550]",38.1
1161,1790252353187922090,307200,104353,20,11,101.4,"[25.8, 43.8, 43.9, 46.6, 53.1, 81.3, 82.5, 86.6, 90.7, 96.1, 101.4]","['OUTSIDE', 'OUTSIDE', 'INSIDE', 'OUTSIDE', 'NEAR', 'INSIDE', 'NEAR', 'INSIDE', 'INSIDE', 'INSIDE', 'OUTSIDE']","[[3.91, 0.23, 2.09], [1.06, 0.22, 1.26], [0.04, 1.35, 0.01], [0.2, 1.08, 0.01], [6.17, 0.64, 3.02], [0.09, 3.69, 0.0], [1.73, 0.2, 1.07], [1.84, 3.79, 2.72], [1.16, 3.71, 1.6], [6.96, 2.77, 1.82], [1.56, 1.93, 1.12]]","[410, 528, 526, 508, 514, 527, 530, 522, 532, 552, 571]",36.4
1162,1790252353286729139,307200,105178,26,12,176.1,"[44.0, 45.1, 73.7, 81.9, 83.5, 84.3, 85.8, 89.8, 90.3, 95.3, 98.7, 176.1]","['OUTSIDE', 'INSIDE', 'INSIDE', 'INSIDE', 'RAIL', 'INSIDE', 'INSIDE', 'INSIDE', 'INSIDE', 'INSIDE', 'OUTSIDE', 'OUTSIDE']","[[5.02, 0.27, 2.5], [0.16, 1.85, 0.01], [0.06, 2.57, 0.0], [3.15, 3.77, 2.38], [1.24, 0.52, 0.92], [0.11, 2.14, 0.21], [0.37, 3.89, 2.46], [0.08, 2.68, 0.0], [4.98, 2.51, 1.84], [2.04, 3.34, 1.05], [1.19, 0.51, 1.08], [0.42, 0.3, 0.5]]","[410, 508, 524, 540, 525, 522, 535, 532, 531, 538, 561, 550]",47.0
1163,1790252353388470260,307200,101780,28,18,173.1,"[26.0, 41.4, 42.2, 44.4, 45.3, 46.6, 48.2, 80.9, 82.8, 84.7, 88.8, 90.1, 94.2, 96.4, 97.7, 99.2, 107.0, 173.1]","['OUTSIDE', 'OUTSIDE', 'NEAR', 'NEAR', 'INSIDE', 'NEAR', 'INSIDE', 'INSIDE', 'RAIL', 'INSIDE', 'OUTSIDE', 'INSIDE', 'INSIDE', 'INSIDE', 'OUTSIDE', 'OUTSIDE', 'OUTSIDE', 'OUTSIDE']","[[2.08, 0.25, 1.5], [2.46, 0.19, 1.73], [1.51, 0.24, 1.87], [0.84, 0.19, 1.81], [0.11, 1.18, 0.01], [0.59, 0.27, 0.76], [0.05, 2.06, 0.0], [2.69, 3.98, 0.53], [0.96, 0.41, 0.9], [1.04, 3.84, 1.14], [0.05, 1.24, 0.0], [8.8, 3.56, 2.46], [2.67, 3.92, 1.86], [0.28, 1.52, 0.19], [0.2, 0.34, 0.39], [0.18, 1.55, 0.27], [0.5, 1.15, 0.43], [7.69, 1.43, 1.1]]","[506, 410, 528, 515, 526, 519, 513, 527, 525, 522, 532, 531, 538, 552, 561, 571, 572, 545]",46.8
1164,1790252353487173323,307200,102761,25,14,106.8,"[41.8, 44.3, 45.2, 45.6, 48.1, 81.0, 82.2, 84.3, 86.6, 88.9, 94.2, 94.9, 99.3, 106.8]","['NEAR', 'OUTSIDE', 'NEAR', 'NEAR', 'NEAR', 'RAIL', 'INSIDE', 'INSIDE', 'INSIDE', 'NEAR', 'OUTSIDE', 'INSIDE', 'OUTSIDE', 'OUTSIDE']","[[2.41, 0.24, 1.69], [1.19, 0.2, 2.46], [0.75, 0.19, 1.72], [1.33, 0.18, 1.36], [0.19, 1.47, 0.4], [0.32, 0.64, 0.89], [1.64, 3.7, 0.35], [0.32, 3.84, 1.15], [2.1, 2.9, 1.73], [0.07, 1.4, 0.0], [2.82, 0.86, 2.1], [0.22, 1.79, 0.19], [0.1, 1.76, 0.45], [0.08, 1.12, 0.0]]","[506, 410, 528, 515, 508, 525, 540, 522, 535, 532, 538, 552, 571, 572]",46.2
1165,1790252353587408736,307200,102955,29,20,149.0,"[25.6, 41.3, 43.3, 45.3, 46.4, 47.5, 48.4, 49.4, 78.5, 80.6, 81.0, 83.0, 85.5, 90.2, 95.0, 96.5, 97.3, 98.6, 108.2, 149.0]","['NEAR', 'NEAR', 'NEAR', 'RAIL', 'RAIL', 'NEAR', 'NEAR', 'OUTSIDE', 'NEAR', 'INSIDE', 'RAIL', 'INSIDE', 'INSIDE', 'INSIDE', 'INSIDE', 'INSIDE', 'OUTSIDE', 'OUTSIDE', 'INSIDE', 'INSIDE']","[[2.58, 0.24, 1.74], [0.56, 0.18, 1.71], [0.79, 0.18, 1.24], [0.45, 0.17, 0.42], [0.91, 0.2, 0.77], [0.29, 0.15, 1.01], [0.26, 0.21, 0.86], [1.03, 0.24, 0.88], [1.85, 0.22, 1.27], [1.44, 3.73, 0.2], [0.77, 0.29, 0.56], [0.29, 2.24, 0.2], [2.68, 3.89, 1.71], [6.31, 4.25, 2.37], [0.31, 1.66, 0.19], [0.26, 0.87, 0.19], [2.39, 0.14, 0.39], [1.39, 1.7, 0.29], [0.91, 1.7, 0.02], [10.9, 3.95, 1.3]]","[410, 528, 517, 515, 569, 506, 513, 526, 543, 527, 530, 540, 535, 531, 552, 565, 561, 571, 576, 542]",45.9
1166,1790252353693983531,307200,102874,30,19,147.5,"[31.1, 37.9, 41.8, 44.5, 46.4, 47.9, 48.8, 49.2, 77.5, 79.6, 83.1, 87.5, 89.3, 93.2, 95.0, 97.9, 102.6, 105.3, 147.5]","['OUTSIDE', 'NEAR', 'NEAR', 'NEAR', 'NEAR', 'NEAR', 'RAIL', 'OUTSIDE', 'RAIL', 'RAIL', 'INSIDE', 'OUTSIDE', 'INSIDE', 'INSIDE', 'INSIDE', 'OUTSIDE', 'INSIDE', 'OUTSIDE', 'INSIDE']","[[2.94, 0.24, 2.25], [4.33, 0.25, 1.77], [1.25, 0.17, 0.95], [1.81, 0.21, 2.26], [0.74, 0.2, 1.63], [0.64, 0.21, 0.84], [0.53, 0.23, 0.77], [0.5, 0.23, 0.56], [1.01, 0.55, 1.07], [0.95, 0.3, 0.87], [2.62, 3.94, 1.85], [0.3, 1.53, 0.01], [3.08, 4.18, 2.56], [0.83, 2.82, 2.24], [0.24, 1.52, 0.19], [0.05, 1.37, 0.0], [0.04, 1.08, 0.0], [0.16, 1.86, 0.65], [10.89, 3.94, 0.65]]","[506, 410, 528, 517, 513, 515, 569, 554, 548, 543, 540, 532, 531, 538, 552, 571, 566, 572, 542]",41.5
1167,1790252353788160128,307200,102034,26,19,166.7,"[40.1, 42.5, 43.4, 44.0, 45.2, 45.5, 46.8, 47.7, 76.6, 78.5, 82.9, 89.4, 95.0, 95.2, 98.7, 102.0, 105.5, 144.3, 166.7]","['NEAR', 'RAIL', 'NEAR', 'RAIL', 'NEAR', 'NEAR', 'RAIL', 'INSIDE', 'RAIL', 'INSIDE', 'INSIDE', 'INSIDE', 'INSIDE', 'OUTSIDE', 'OUTSIDE', 'INSIDE', 'OUTSIDE', 'INSIDE', 'OUTSIDE']","[[3.5, 0.28, 2.82], [0.69, 0.17, 0.68], [1.58, 0.19, 1.28], [0.72, 0.25, 1.0], [1.28, 0.24, 1.88], [0.57, 0.17, 0.56], [0.36, 0.13, 0.53], [0.06, 2.06, 0.0], [0.23, 0.4, 1.05], [0.58, 0.3, 1.39], [5.81, 4.17, 1.92], [5.51, 4.3, 2.33], [0.05, 1.49, 0.0], [3.37, 0.25, 0.85], [1.5, 1.77, 0.45], [1.13, 1.78, 0.02], [0.06, 1.29, 0.0], [2.43, 3.87, 1.01], [3.88, 1.14, 0.83]]","[519, 528, 410, 517, 515, 511, 569, 508, 548, 543, 540, 531, 552, 561, 571, 566, 572, 542, 555]",40.5
1168,1790252353897364306,307200,104668,35,23,165.6,"[40.4, 43.0, 44.8, 45.0, 45.7, 47.8, 70.9, 80.9, 81.2, 83.1, 85.7, 86.6, 87.3, 90.8, 92.2, 93.6, 95.9, 97.7, 100.2, 102.6, 105.7, 144.9, 165.6]","['NEAR', 'NEAR', 'NEAR', 'RAIL', 'NEAR', 'RAIL', 'INSIDE', 'RAIL', 'INSIDE', 'OUTSIDE', 'RAIL', 'OUTSIDE', 'INSIDE', 'INSIDE', 'OUTSIDE', 'OUTSIDE', 'INSIDE', 'OUTSIDE', 'INSIDE', 'INSIDE', 'OUTSIDE', 'INSIDE', 'OUTSIDE']","[[1.92, 0.19, 1.99], [2.88, 0.23, 1.67], [0.82, 0.23, 1.31], [0.99, 0.22, 0.52], [0.17, 0.25, 1.2], [0.73, 0.15, 0.58], [0.61, 2.54, 0.33], [0.94, 0.26, 0.56], [3.38, 4.09, 1.79], [0.13, 1.89, 0.93], [1.97, 0.34, 0.94], [0.69, 1.58, 0.98], [5.51, 4.26, 1.7], [0.04, 1.27, 0.0], [0.16, 1.82, 0.44], [6.69, 0.26, 1.58], [1.78, 2.14, 0.19], [0.43, 0.19, 0.27], [2.82, 0.23, 1.5], [1.66, 1.78, 0.03], [0.43, 1.88, 0.43], [5.22, 3.83, 0.62], [4.53, 1.42, 0.83]]","[519, 528, 517, 513, 410, 569, 524, 525, 527, 540, 536, 532, 535, 531, 538, 558, 565, 571, 560, 566, 572, 542, 555]",42.8
1169,1790252353993445773,307200,104737,29,19,171.9,"[31.1, 32.0, 38.6, 42.8, 44.0, 45.6, 46.1, 48.1, 49.2, 73.7, 87.8, 89.2, 91.4, 94.2, 95.6, 98.9, 102.6, 106.5, 171.9]","['OUTSIDE', 'NEAR', 'NEAR', 'NEAR', 'NEAR', 'RAIL', 'RAIL', 'INSIDE', 'NEAR', 'RAIL', 'INSIDE', 'OUTSIDE', 'INSIDE', 'OUTSIDE', 'INSIDE', 'INSIDE', 'INSIDE', 'OUTSIDE', 'OUTSIDE']","[[7.06, 0.24, 2.04], [1.58, 0.22, 2.09], [0.38, 0.15, 0.87], [1.68, 0.18, 1.92], [1.21, 0.23, 1.32], [0.99, 0.56, 0.22], [0.17, 0.18, 0.6], [0.22, 2.38, 0.29], [0.85, 1.25, 0.31], [1.96, 0.54, 1.01], [0.25, 1.95, 0.57], [0.49, 0.21, 1.17], [1.71, 3.84, 1.41], [1.21, 1.55, 0.41], [1.93, 0.13, 1.23], [1.38, 1.89, 0.03], [0.79, 3.54, 0.19], [2.28, 2.32, 1.86], [3.97, 1.19, 0.01]]","[506, 528, 511, 513, 517, 569, 508, 554, 497, 548, 535, 532, 531, 561, 552, 560, 566, 572, 545]",43.0
1170,1790252354091117293,307200,104805,29,21,145.9,"[38.0, 40.1, 42.5, 42.6, 45.1, 47.1, 48.8, 75.6, 81.3, 86.9, 88.4, 90.7, 92.2, 94.9, 95.5, 97.0, 99.2, 104.4, 105.5, 111.9, 145.9]","['OUTSIDE', 'OUTSIDE', 'NEAR', 'NEAR', 'NEAR', 'NEAR', 'RAIL', 'RAIL', 'INSIDE', 'OUTSIDE', 'INSIDE', 'OUTSIDE', 'INSIDE', 'OUTSIDE', 'OUTSIDE', 'INSIDE', 'INSIDE', 'INSIDE', 'OUTSIDE', 'INSIDE', 'OUTSIDE']","[[2.79, 0.24, 2.05], [0.31, 0.21, 1.66], [1.49, 0.21, 1.95], [0.61, 0.2, 1.1], [0.34, 0.23, 0.83], [2.22, 0.2, 1.46], [0.4, 0.15, 0.65], [0.7, 0.18, 0.68], [10.32, 4.26, 2.42], [2.0, 0.05, 1.54], [1.31, 1.9, 1.53], [0.08, 1.76, 0.42], [0.31, 2.23, 0.18], [0.43, 1.33, 0.26], [0.99, 1.74, 1.04], [3.76, 0.42, 2.06], [0.95, 1.9, 0.2], [0.09, 1.64, 0.0], [0.27, 0.53, 0.46], [0.07, 1.76, 0.0], [2.58, 1.81, 0.31]]","[519, 506, 511, 410, 515, 513, 508, 548, 527, 536, 535, 531, 538, 561, 571, 552, 560, 566, 572, 573, 542]",41.2
1171,1790252354191787796,307200,105087,27,18,111.9,"[32.6, 35.3, 39.8, 43.3, 44.8, 47.7, 49.0, 82.3, 86.5, 87.7, 90.9, 94.7, 95.9, 99.5, 102.3, 104.2, 109.6, 111.9]","['OUTSIDE', 'OUTSIDE', 'OUTSIDE', 'OUTSIDE', 'OUTSIDE', 'NEAR', 'OUTSIDE', 'INSIDE', 'OUTSIDE', 'INSIDE', 'OUTSIDE', 'OUTSIDE', 'INSIDE', 'INSIDE', 'OUTSIDE', 'INSIDE', 'OUTSIDE', 'INSIDE']","[[0.43, 0.2, 1.36], [3.61, 0.25, 1.84], [4.5, 0.27, 1.97], [1.56, 0.22, 2.1], [1.9, 0.26, 1.75], [0.46, 0.18, 1.37], [0.47, 0.19, 1.57], [3.72, 4.22, 2.38], [2.09, 2.0, 2.48], [0.36, 2.27, 0.2], [0.53, 1.12, 1.78], [1.46, 1.53, 1.05], [5.14, 3.95, 2.21], [0.88, 1.74, 0.02], [0.62, 1.8, 0.43], [0.62, 3.44, 0.43], [1.98, 1.94, 1.92], [0.06, 1.56, 0.0]]","[554, 506, 519, 511, 513, 515, 410, 527, 536, 535, 531, 561, 565, 560, 567, 566, 578, 573]",41.8
1172,1790252354294389325,307200,105278,28,23,153.0,"[39.3, 41.0, 42.8, 43.4, 44.7, 46.1, 48.4, 49.3, 82.6, 86.3, 87.9, 89.7, 90.8, 93.9, 94.4, 98.0, 101.3, 103.8, 106.2, 107.1, 108.7, 108.9, 153.0]","['OUTSIDE', 'OUTSIDE', 'OUTSIDE', 'OUTSIDE', 'OUTSIDE', 'OUTSIDE', 'RAIL', 'RAIL', 'INSIDE', 'INSIDE', 'OUTSIDE', 'INSIDE', 'INSIDE', 'NEAR', 'OUTSIDE', 'INSIDE', 'INSIDE', 'OUTSIDE', 'OUTSIDE', 'INSIDE', 'OUTSIDE', 'INSIDE', 'INSIDE']","[[2.47, 0.23, 1.57], [2.01, 0.21, 2.1], [1.49, 0.19, 1.59], [0.76, 0.18, 0.73], [1.51, 0.2, 1.74], [1.13, 0.16, 1.61], [0.27, 0.21, 0.87], [0.57, 0.18, 1.03], [7.22, 4.31, 2.55], [0.37, 2.24, 0.19], [1.07, 2.04, 2.14], [3.82, 0.63, 2.32], [0.41, 3.14, 0.18], [1.61, 0.2, 0.64], [1.42, 1.67, 1.03], [0.94, 1.37, 0.02], [0.38, 2.44, 0.18], [2.96, 0.51, 1.55], [1.03, 1.8, 0.94], [0.04, 0.93, 0.0], [0.56, 0.3, 1.21], [0.12, 1.9, 0.0], [9.37, 4.01, 1.02]]","[519, 511, 410, 517, 513, 528, 569, 508, 527, 535, 532, 557, 538, 552, 565, 560, 567, 572, 568, 576, 578, 570, 575]",43.8
1173,1790252354390414746,307200,104911,26,20,150.2,"[42.2, 46.4, 47.6, 49.1, 83.1, 86.3, 86.6, 88.0, 90.1, 92.6, 93.3, 93.3, 95.2, 97.2, 97.5, 103.2, 103.9, 107.2, 110.2, 150.2]","['OUTSIDE', 'OUTSIDE', 'NEAR', 'RAIL', 'OUTSIDE', 'INSIDE', 'OUTSIDE', 'INSIDE', 'INSIDE', 'INSIDE', 'OUTSIDE', 'INSIDE', 'OUTSIDE', 'RAIL', 'INSIDE', 'INSIDE', 'OUTSIDE', 'OUTSIDE', 'INSIDE', 'INSIDE']","[[5.74, 0.23, 2.04], [1.42, 0.23, 1.87], [0.64, 0.16, 0.75], [0.51, 0.25, 0.24], [0.86, 0.17, 1.82], [0.23, 1.33, 0.19], [2.15, 0.28, 0.35], [0.6, 1.81, 0.77], [1.78, 2.98, 0.99], [1.4, 0.2, 0.78], [1.24, 0.21, 1.48], [1.75, 1.31, 0.39], [0.14, 1.52, 0.43], [1.88, 0.09, 0.63], [2.0, 1.67, 0.43], [0.29, 1.62, 0.0], [2.04, 0.15, 0.72], [3.09, 1.88, 1.87], [0.34, 1.34, 0.0], [9.06, 3.75, 1.03]]","[511, 517, 515, 569, 540, 535, 536, 557, 532, 552, 558, 565, 561, 560, 571, 566, 572, 576, 570, 575]",43.2
1174,1790252354491278245,307200,105433,25,19,147.8,"[40.0, 42.4, 45.4, 47.3, 48.7, 72.9, 82.1, 86.3, 91.2, 92.1, 95.2, 95.9, 98.5, 101.2, 103.6, 107.3, 111.0, 112.2, 147.8]","['OUTSIDE', 'OUTSIDE', 'OUTSIDE', 'NEAR', 'NEAR', 'RAIL', 'INSIDE', 'INSIDE', 'INSIDE', 'INSIDE', 'OUTSIDE', 'INSIDE', 'INSIDE', 'OUTSIDE', 'INSIDE', 'OUTSIDE', 'OUTSIDE', 'INSIDE', 'INSIDE']","[[3.57, 0.26, 2.76], [0.41, 0.18, 1.41], [2.49, 0.22, 1.77], [1.36, 0.25, 1.92], [0.13, 0.15, 0.63], [1.36, 0.24, 0.29], [4.19, 4.03, 2.55], [3.61, 2.01, 2.32], [1.33, 0.18, 0.63], [1.68, 2.38, 0.59], [0.06, 1.5, 0.0], [1.63, 0.07, 0.67], [0.07, 1.72, 0.0], [0.05, 1.59, 0.0], [1.88, 3.57, 0.44], [2.68, 1.84, 1.18], [0.45, 0.25, 1.2], [0.85, 1.37, 0.01], [4.88, 3.68, 0.29]]","[519, 511, 410, 513, 515, 548, 527, 535, 552, 538, 561, 560, 571, 567, 566, 576, 578, 573, 542]",40.3
1175,1790252354596600364,307200,105060,37,30,150.1,"[31.3, 32.1, 37.6, 39.6, 39.9, 40.8, 41.1, 41.8, 43.9, 47.3, 80.8, 82.2, 83.3, 83.8, 84.9, 86.4, 87.3, 89.5, 90.6, 94.2, 94.3, 97.0, 98.2, 101.5, 105.6, 107.0, 108.8, 110.3, 111.8, 150.1]","['OUTSIDE', 'OUTSIDE', 'OUTSIDE', 'NEAR', 'NEAR', 'RAIL', 'OUTSIDE', 'OUTSIDE', 'INSIDE', 'NEAR', 'INSIDE', 'INSIDE', 'OUTSIDE', 'INSIDE', 'RAIL', 'INSIDE', 'OUTSIDE', 'INSIDE', 'INSIDE', 'OUTSIDE', 'RAIL', 'INSIDE', 'OUTSIDE', 'INSIDE', 'OUTSIDE', 'INSIDE', 'INSIDE', 'INSIDE', 'OUTSIDE', 'INSIDE']","[[1.92, 0.24, 2.52], [1.64, 0.2, 1.68], [0.9, 0.18, 1.63], [2.45, 0.27, 2.12], [3.13, 0.27, 1.89], [0.39, 0.21, 0.7], [0.63, 0.17, 0.75], [0.73, 0.22, 0.81], [0.19, 1.1, 0.02], [0.64, 0.25, 0.74], [1.88, 3.77, 2.51], [0.94, 1.01, 1.46], [0.41, 1.5, 0.93], [0.3, 2.2, 0.19], [1.46, 0.2, 0.58], [2.1, 1.98, 0.93], [0.91, 0.29, 1.54], [1.32, 0.08, 0.75], [1.72, 1.89, 0.4], [0.83, 1.85, 1.01], [1.78, 0.09, 0.61], [0.17, 1.69, 0.0], [0.39, 0.2, 0.19], [3.56, 4.13, 1.83], [3.22, 2.36, 1.69], [0.9, 1.72, 0.23], [0.02, 1.33, 0.0], [0.08, 1.54, 0.0], [0.25, 0.6, 0.45], [14.62, 3.82, 1.01]]","[506, 519, 528, 410, 515, 511, 508, 554, 497, 517, 527, 540, 525, 535, 557, 536, 532, 552, 538, 561, 560, 571, 567, 566, 568, 576, 570, 573, 578, 575]",41.1
1176,1790252354686474887,307200,105307,29,26,113.3,"[32.0, 34.0, 36.1, 38.5, 40.3, 42.2, 44.4, 45.9, 48.1, 49.4, 78.7, 82.3, 82.6, 87.1, 89.0, 93.1, 95.6, 96.4, 98.4, 100.7, 101.8, 104.3, 108.3, 109.0, 111.8, 113.3]","['OUTSIDE', 'OUTSIDE', 'OUTSIDE', 'OUTSIDE', 'NEAR', 'NEAR', 'RAIL', 'OUTSIDE', 'INSIDE', 'RAIL', 'OUTSIDE', 'OUTSIDE', 'RAIL', 'INSIDE', 'INSIDE', 'INSIDE', 'INSIDE', 'OUTSIDE', 'OUTSIDE', 'INSIDE', 'OUTSIDE', 'OUTSIDE', 'OUTSIDE', 'INSIDE', 'OUTSIDE', 'OUTSIDE']","[[1.64, 0.26, 2.35], [1.67, 0.2, 1.82], [2.41, 0.25, 1.92], [0.65, 0.22, 1.14], [2.83, 0.5, 2.83], [1.59, 0.29, 1.6], [0.53, 0.18, 1.06], [0.31, 0.19, 1.36], [1.11, 1.47, 1.13], [0.6, 0.19, 0.22], [3.02, 1.91, 2.46], [2.48, 1.82, 2.39], [1.41, 0.2, 1.13], [5.71, 2.78, 2.46], [2.04, 3.92, 2.01], [1.52, 4.09, 2.06], [0.15, 1.67, 0.0], [1.87, 0.51, 0.42], [0.25, 1.55, 0.01], [1.89, 3.47, 0.43], [2.49, 1.08, 1.64], [0.03, 1.64, 0.0], [0.56, 0.26, 1.64], [0.36, 1.33, 0.01], [0.08, 0.98, 0.0], [0.17, 1.8, 0.45]]","[554, 506, 519, 511, 508, 515, 513, 410, 497, 569, 527, 525, 540, 536, 538, 565, 571, 567, 566, 572, 568, 576, 570, 573, 578, 577]",37.2
1177,1790252354794298320,307200,104911,23,17,113.7,"[35.9, 40.4, 43.9, 46.1, 47.7, 85.3, 88.0, 91.4, 92.4, 93.8, 95.7, 99.3, 104.3, 106.8, 108.3, 111.8, 113.7]","['OUTSIDE', 'NEAR', 'NEAR', 'NEAR', 'NEAR', 'OUTSIDE', 'INSIDE', 'INSIDE', 'NEAR', 'NEAR', 'INSIDE', 'INSIDE', 'OUTSIDE', 'OUTSIDE', 'INSIDE', 'OUTSIDE', 'OUTSIDE']","[[4.22, 0.24, 1.83], [3.54, 0.24, 2.04], [2.61, 0.3, 1.64], [0.84, 0.17, 0.41], [0.86, 0.18, 1.05], [0.04, 1.23, 0.0], [10.85, 4.11, 2.23], [1.91, 0.13, 0.78], [0.03, 1.29, 0.0], [0.02, 1.15, 0.0], [0.1, 1.5, 0.0], [4.58, 4.09, 1.95], [0.09, 1.64, 0.24], [0.2, 0.18, 0.72], [1.81, 1.7, 0.03], [0.06, 1.37, 0.0], [0.99, 1.62, 0.45]]","[506, 511, 410, 515, 513, 532, 535, 552, 565, 561, 571, 572, 576, 570, 573, 578, 577]",44.9
1178,1790252354892713110,307200,104525,21,16,145.8,"[42.9, 44.8, 46.5, 48.5, 90.1, 91.0, 93.1, 94.2, 97.2, 98.2, 102.4, 105.1, 106.5, 110.5, 117.9, 145.8]","['NEAR', 'NEAR', 'NEAR', 'RAIL', 'OUTSIDE', 'INSIDE', 'OUTSIDE', 'INSIDE', 'OUTSIDE', 'INSIDE', 'OUTSIDE', 'OUTSIDE', 'INSIDE', 'OUTSIDE', 'INSIDE', 'INSIDE']","[[2.49, 0.3, 2.86], [0.81, 0.17, 1.19], [1.76, 0.26, 2.27], [1.74, 0.48, 0.53], [0.05, 1.59, 0.0], [1.88, 0.19, 1.81], [1.57, 1.83, 0.61], [0.12, 1.64, 0.0], [1.05, 1.37, 1.72], [1.06, 3.75, 0.42], [1.85, 1.75, 1.14], [0.65, 0.28, 1.6], [0.65, 0.93, 0.01], [0.39, 1.72, 1.19], [0.36, 3.09, 0.78], [14.56, 3.84, 0.98]]","[508, 410, 515, 569, 531, 552, 561, 571, 567, 566, 568, 576, 573, 578, 582, 542]",42.5
1179,1790252355000489361,307200,104077,26,22,146.3,"[38.5, 41.3, 44.7, 47.5, 49.6, 79.0, 80.6, 81.7, 84.2, 84.4, 84.7, 88.8, 91.6, 95.7, 99.1, 100.7, 103.7, 107.5, 109.2, 111.5, 119.1, 146.3]","['NEAR', 'NEAR', 'NEAR', 'NEAR', 'RAIL', 'INSIDE', 'OUTSIDE', 'INSIDE', 'OUTSIDE', 'INSIDE', 'RAIL', 'INSIDE', 'INSIDE', 'INSIDE', 'INSIDE', 'OUTSIDE', 'OUTSIDE', 'INSIDE', 'INSIDE', 'OUTSIDE', 'OUTSIDE', 'INSIDE']","[[3.89, 0.27, 2.22], [2.23, 0.28, 1.65], [1.31, 0.28, 2.49], [3.59, 0.26, 1.66], [0.58, 0.16, 0.98], [0.49, 2.36, 0.38], [0.33, 0.47, 0.72], [2.16, 2.03, 0.92], [1.58, 1.99, 2.19], [1.53, 1.91, 0.22], [2.65, 0.34, 1.14], [1.48, 3.8, 1.15], [1.79, 3.52, 0.45], [0.13, 1.67, 0.0], [2.37, 4.07, 1.1], [1.43, 0.35, 0.89], [1.55, 1.81, 1.82], [0.03, 0.94, 0.0], [0.1, 0.76, 0.0], [0.65, 1.5, 0.24], [0.23, 1.66, 0.79], [9.78, 3.88, 1.22]]","[519, 528, 410, 513, 563, 527, 525, 540, 535, 557, 536, 538, 531, 571, 572, 568, 576, 573, 578, 577, 582, 542]",42.0
1180,1790252355092867325,307200,105062,33,27,119.4,"[28.4, 37.2, 38.9, 39.8, 41.4, 43.1, 44.9, 46.7, 48.4, 49.1, 49.5, 81.3, 83.6, 85.2, 87.5, 89.8, 90.8, 92.5, 93.9, 95.3, 98.5, 104.0, 104.4, 108.0, 110.1, 112.0, 119.4]","['NEAR', 'NEAR', 'NEAR', 'NEAR', 'NEAR', 'NEAR', 'NEAR', 'NEAR', 'RAIL', 'OUTSIDE', 'INSIDE', 'INSIDE', 'OUTSIDE', 'INSIDE', 'INSIDE', 'INSIDE', 'OUTSIDE', 'OUTSIDE', 'INSIDE', 'INSIDE', 'INSIDE', 'OUTSIDE', 'OUTSIDE', 'INSIDE', 'OUTSIDE', 'OUTSIDE', 'OUTSIDE']","[[3.51, 0.24, 1.86], [1.74, 0.26, 1.97], [1.0, 0.18, 2.0], [1.88, 0.2, 2.09], [1.9, 0.28, 1.33], [1.47, 0.2, 1.88], [0.69, 0.21, 1.76], [0.71, 0.18, 0.74], [0.8, 0.33, 0.22], [0.61, 0.18, 0.73], [0.46, 1.55, 0.32], [4.73, 2.35, 2.52], [2.93, 2.09, 2.16], [2.28, 2.79, 0.73], [2.51, 4.17, 2.33], [0.07, 1.1, 0.0], [0.33, 0.49, 2.0], [0.1, 1.61, 0.0], [0.05, 0.66, 0.0], [0.99, 1.83, 0.02], [3.19, 4.04, 1.78], [0.05, 1.46, 0.0], [3.45, 0.16, 1.63], [1.97, 1.87, 0.03], [0.65, 1.32, 1.19], [0.07, 1.37, 0.0], [0.38, 1.74, 0.23]]","[506, 511, 508, 410, 528, 515, 563, 513, 569, 497, 519, 540, 535, 557, 538, 552, 531, 565, 561, 571, 572, 576, 570, 573, 577, 584, 582]",50.7
1181,1790252355185854526,307200,104743,30,23,118.5,"[32.8, 39.4, 47.9, 49.3, 49.4, 80.8, 84.9, 85.7, 85.7, 86.7, 89.0, 91.1, 93.7, 95.8, 98.2, 100.0, 103.0, 103.9, 107.5, 108.7, 110.6, 111.9, 118.5]","['NEAR', 'NEAR', 'NEAR', 'NEAR', 'INSIDE', 'OUTSIDE', 'INSIDE', 'RAIL', 'OUTSIDE', 'INSIDE', 'INSIDE', 'OUTSIDE', 'INSIDE', 'INSIDE', 'INSIDE', 'INSIDE', 'OUTSIDE', 'OUTSIDE', 'INSIDE', 'OUTSIDE', 'OUTSIDE', 'OUTSIDE', 'OUTSIDE']","[[2.8, 0.25, 1.61], [2.69, 0.21, 2.28], [0.57, 0.15, 0.55], [1.15, 0.27, 0.84], [0.14, 2.76, 0.01], [1.33, 0.36, 1.97], [0.89, 1.59, 0.56], [3.02, 0.11, 0.25], [0.15, 1.83, 0.41], [2.03, 0.17, 0.83], [2.01, 3.77, 2.34], [0.06, 1.11, 0.0], [1.24, 2.16, 0.83], [0.18, 1.99, 0.39], [0.89, 3.92, 0.42], [0.05, 1.4, 0.0], [0.12, 1.26, 0.0], [1.15, 1.7, 1.66], [0.08, 1.31, 0.0], [0.65, 1.23, 0.73], [0.21, 1.37, 0.44], [0.05, 1.56, 0.0], [1.56, 1.72, 0.79]]","[511, 513, 563, 554, 569, 525, 557, 535, 532, 536, 538, 531, 561, 571, 566, 572, 576, 570, 573, 577, 584, 578, 582]",54.1
1182,1790252355292344270,307200,104442,33,29,150.5,"[37.3, 39.5, 41.5, 41.8, 43.4, 45.7, 46.4, 48.2, 48.9, 49.7, 78.4, 80.3, 82.0, 83.7, 86.2, 88.2, 88.3, 90.4, 93.0, 93.8, 96.9, 98.6, 102.3, 105.1, 107.2, 109.1, 110.4, 117.1, 150.5]","['NEAR', 'NEAR', 'NEAR', 'NEAR', 'NEAR', 'NEAR', 'NEAR', 'NEAR', 'NEAR', 'RAIL', 'INSIDE', 'OUTSIDE', 'INSIDE', 'INSIDE', 'INSIDE', 'OUTSIDE', 'INSIDE', 'OUTSIDE', 'OUTSIDE', 'INSIDE', 'INSIDE', 'INSIDE', 'OUTSIDE', 'INSIDE', 'OUTSIDE', 'OUTSIDE', 'OUTSIDE', 'OUTSIDE', 'INSIDE']","[[1.57, 0.3, 2.18], [2.53, 0.22, 1.52], [1.34, 0.25, 1.68], [2.56, 0.21, 1.64], [1.57, 0.2, 2.27], [1.26, 0.19, 1.84], [0.68, 0.22, 1.16], [0.26, 0.24, 1.67], [0.56, 0.18, 0.41], [0.72, 0.17, 0.46], [5.32, 0.18, 2.25], [0.21, 1.89, 0.58], [2.56, 2.84, 0.48], [0.52, 2.59, 0.58], [1.41, 2.98, 0.43], [1.06, 0.52, 1.92], [0.33, 0.77, 0.17], [1.44, 1.91, 0.99], [1.02, 0.19, 1.02], [2.74, 2.0, 1.26], [0.9, 4.07, 0.41], [0.07, 1.72, 0.0], [1.49, 1.61, 1.64], [2.04, 2.01, 0.03], [0.66, 1.1, 1.16], [0.19, 1.72, 0.0], [0.03, 1.54, 0.0], [1.54, 1.7, 0.24], [3.61, 3.83, 0.98]]","[506, 511, 528, 508, 515, 513, 563, 569, 410, 517, 527, 525, 540, 557, 532, 538, 552, 531, 558, 561, 566, 572, 576, 570, 577, 584, 578, 582, 575]",48.9
1183,1790252355394138415,307200,104462,27,20,145.3,"[32.6, 41.9, 44.4, 45.2, 46.9, 48.4, 82.3, 82.5, 82.9, 85.9, 88.3, 90.8, 92.6, 95.6, 98.7, 103.2, 105.6, 106.3, 115.5, 145.3]","['NEAR', 'NEAR', 'NEAR', 'NEAR', 'RAIL', 'OUTSIDE', 'OUTSIDE', 'RAIL', 'INSIDE', 'INSIDE', 'INSIDE', 'OUTSIDE', 'OUTSIDE', 'INSIDE', 'INSIDE', 'OUTSIDE', 'OUTSIDE', 'INSIDE', 'OUTSIDE', 'INSIDE']","[[4.85, 0.26, 2.49], [0.9, 0.18, 1.5], [1.95, 0.24, 1.85], [2.3, 0.33, 1.96], [0.67, 0.46, 0.2], [0.19, 0.9, 0.02], [0.6, 1.8, 0.9], [2.44, 0.13, 0.91], [2.24, 3.94, 0.62], [5.08, 3.07, 2.07], [0.76, 1.86, 0.23], [0.7, 1.92, 1.42], [0.71, 0.21, 1.65], [2.69, 2.19, 1.68], [3.37, 3.38, 1.9], [0.5, 1.53, 0.92], [0.41, 0.59, 1.14], [2.42, 2.21, 0.46], [0.52, 0.55, 0.54], [7.84, 3.77, 1.2]]","[528, 410, 515, 513, 517, 554, 525, 557, 540, 532, 552, 531, 558, 571, 572, 576, 577, 573, 582, 542]",46.1
1184,1790252355495467463,307200,104933,30,24,141.9,"[29.7, 42.1, 43.1, 44.5, 44.8, 47.4, 47.8, 49.5, 76.8, 80.8, 81.8, 82.4, 83.9, 85.7, 88.3, 88.9, 91.1, 91.8, 94.0, 99.1, 104.6, 110.1, 112.9, 141.9]","['RAIL', 'NEAR', 'RAIL', 'NEAR', 'RAIL', 'INSIDE', 'INSIDE', 'INSIDE', 'OUTSIDE', 'RAIL', 'OUTSIDE', 'INSIDE', 'INSIDE', 'OUTSIDE', 'INSIDE', 'OUTSIDE', 'NEAR', 'OUTSIDE', 'INSIDE', 'INSIDE', 'INSIDE', 'OUTSIDE', 'INSIDE', 'INSIDE']","[[1.04, 0.25, 1.01], [3.41, 0.25, 1.82], [1.12, 0.25, 0.52], [0.25, 0.18, 0.72], [1.4, 0.5, 0.26], [0.07, 1.38, 0.0], [0.03, 2.8, 0.01], [0.41, 2.32, 0.02], [1.98, 1.82, 1.74], [1.12, 0.05, 0.73], [1.87, 0.25, 1.44], [0.58, 3.49, 0.34], [0.32, 1.46, 0.01], [2.88, 2.14, 2.29], [0.85, 2.22, 2.33], [1.18, 0.2, 1.36], [2.23, 0.34, 0.76], [2.0, 1.93, 1.87], [0.4, 2.11, 0.39], [2.15, 3.76, 0.41], [3.13, 4.17, 1.37], [0.84, 1.73, 0.97], [4.23, 1.96, 0.44], [12.54, 4.0, 1.21]]","[528, 410, 515, 513, 517, 569, 497, 508, 527, 557, 525, 540, 536, 532, 552, 538, 561, 531, 560, 572, 570, 578, 582, 542]",44.1
1185,1790252355590512751,307200,105010,28,21,117.3,"[28.7, 34.6, 41.4, 42.2, 42.4, 44.0, 44.1, 45.4, 46.3, 47.3, 81.7, 87.1, 90.5, 92.5, 93.2, 99.9, 100.4, 103.1, 108.4, 110.8, 117.3]","['RAIL', 'NEAR', 'NEAR', 'NEAR', 'RAIL', 'NEAR', 'OUTSIDE', 'RAIL', 'INSIDE', 'INSIDE', 'INSIDE', 'INSIDE', 'OUTSIDE', 'INSIDE', 'RAIL', 'OUTSIDE', 'INSIDE', 'INSIDE', 'OUTSIDE', 'INSIDE', 'OUTSIDE']","[[0.64, 0.21, 0.55], [1.89, 0.21, 1.74], [0.81, 0.17, 1.32], [1.25, 0.26, 0.61], [0.38, 0.24, 0.28], [0.47, 0.24, 0.66], [0.53, 0.16, 0.5], [0.77, 0.48, 0.25], [0.28, 1.1, 0.02], [0.1, 1.82, 0.01], [1.8, 3.54, 0.18], [1.13, 4.16, 1.35], [1.7, 2.06, 1.86], [0.48, 1.94, 0.01], [1.84, 0.09, 0.6], [0.31, 0.21, 1.16], [6.21, 4.09, 0.77], [3.06, 3.4, 1.35], [1.42, 1.71, 1.65], [3.2, 1.93, 0.22], [1.33, 2.01, 1.03]]","[528, 410, 515, 513, 563, 511, 508, 517, 497, 554, 540, 552, 531, 560, 561, 568, 572, 576, 584, 582, 574]",44.5
1186,1790252355687307467,307200,104991,30,24,142.7,"[40.2, 40.3, 43.5, 48.2, 80.8, 82.4, 86.2, 88.2, 90.4, 92.4, 93.5, 95.1, 97.2, 98.9, 99.2, 101.4, 103.2, 104.7, 106.2, 109.1, 111.3, 111.7, 116.0, 142.7]","['OUTSIDE', 'NEAR', 'NEAR', 'RAIL', 'OUTSIDE', 'INSIDE', 'OUTSIDE', 'INSIDE', 'OUTSIDE', 'INSIDE', 'OUTSIDE', 'INSIDE', 'INSIDE', 'OUTSIDE', 'INSIDE', 'OUTSIDE', 'INSIDE', 'INSIDE', 'INSIDE', 'NEAR', 'OUTSIDE', 'INSIDE', 'OUTSIDE', 'INSIDE']","[[2.0, 0.21, 2.04], [3.37, 0.3, 1.79], [0.61, 0.26, 0.96], [1.25, 0.53, 0.52], [4.29, 1.87, 2.32], [0.42, 2.15, 0.18], [0.58, 1.09, 1.81], [3.07, 4.16, 1.35], [1.44, 1.79, 1.24], [0.77, 2.11, 0.58], [0.63, 0.16, 0.9], [1.92, 1.14, 0.38], [0.2, 2.51, 0.18], [0.56, 0.16, 1.29], [0.24, 0.88, 0.23], [0.61, 1.91, 1.33], [0.31, 2.36, 0.23], [0.07, 1.46, 0.0], [0.14, 1.85, 0.0], [0.06, 0.76, 0.0], [1.5, 1.77, 0.46], [2.49, 1.77, 0.03], [1.28, 1.77, 1.35], [5.14, 3.79, 0.97]]","[528, 508, 513, 517, 525, 540, 538, 552, 531, 560, 558, 571, 566, 568, 572, 576, 570, 573, 577, 584, 585, 582, 574, 542]",50.6
1187,1790252355790501521,307200,104980,25,20,152.4,"[35.7, 38.8, 43.2, 80.3, 83.8, 85.9, 89.0, 90.4, 92.7, 95.7, 97.6, 99.9, 101.7, 103.2, 104.7, 107.6, 109.5, 109.8, 114.5, 152.4]","['NEAR', 'RAIL', 'NEAR', 'INSIDE', 'OUTSIDE', 'INSIDE', 'OUTSIDE', 'INSIDE', 'INSIDE', 'INSIDE', 'INSIDE', 'INSIDE', 'INSIDE', 'INSIDE', 'INSIDE', 'OUTSIDE', 'OUTSIDE', 'INSIDE', 'OUTSIDE', 'OUTSIDE']","[[7.84, 0.34, 1.82], [1.32, 0.51, 0.31], [0.22, 1.22, 0.33], [6.54, 4.25, 2.33], [0.07, 1.03, 0.0], [2.45, 4.37, 2.26], [1.42, 1.76, 1.22], [2.17, 1.93, 0.78], [0.07, 0.81, 0.0], [0.22, 2.47, 0.17], [0.08, 1.02, 0.0], [0.69, 2.93, 1.31], [0.33, 2.5, 0.23], [0.05, 1.62, 0.0], [0.09, 1.1, 0.0], [0.08, 1.69, 0.0], [0.85, 1.75, 0.43], [1.78, 1.91, 0.02], [1.2, 1.95, 1.33], [4.04, 0.44, 0.97]]","[508, 517, 554, 525, 536, 552, 538, 560, 561, 566, 572, 576, 570, 573, 577, 584, 578, 582, 574, 575]",31.8
1188,1790252355893080168,307200,104875,29,25,159.4,"[26.9, 37.4, 38.3, 42.0, 44.1, 44.2, 46.1, 47.8, 48.0, 81.0, 81.8, 86.0, 88.3, 90.9, 92.5, 95.7, 97.0, 100.1, 101.7, 103.0, 107.3, 108.7, 113.1, 151.1, 159.4]","['OUTSIDE', 'OUTSIDE', 'NEAR', 'OUTSIDE', 'NEAR', 'RAIL', 'OUTSIDE', 'RAIL', 'RAIL', 'INSIDE', 'OUTSIDE', 'INSIDE', 'NEAR', 'OUTSIDE', 'INSIDE', 'INSIDE', 'OUTSIDE', 'OUTSIDE', 'INSIDE', 'INSIDE', 'INSIDE', 'INSIDE', 'OUTSIDE', 'OUTSIDE', 'RAIL']","[[7.65, 0.34, 2.52], [0.73, 0.16, 1.28], [2.97, 0.28, 1.67], [0.45, 0.15, 1.11], [2.43, 0.29, 2.3], [0.35, 0.19, 0.69], [0.94, 0.23, 0.96], [1.28, 0.49, 0.5], [0.72, 0.15, 0.41], [0.53, 2.48, 0.71], [1.58, 0.27, 1.62], [5.18, 4.3, 2.26], [2.91, 0.23, 1.95], [0.62, 0.2, 1.75], [2.46, 2.12, 0.56], [0.84, 3.68, 0.18], [3.69, 1.85, 1.72], [0.21, 1.74, 0.0], [0.04, 1.6, 0.0], [0.51, 2.14, 0.42], [1.58, 0.51, 0.22], [2.71, 3.86, 0.45], [1.37, 1.92, 1.32], [3.76, 0.43, 0.98], [2.64, 0.28, 0.24]]","[506, 511, 410, 515, 513, 508, 497, 517, 569, 525, 536, 552, 560, 531, 561, 566, 572, 576, 570, 573, 582, 578, 574, 575, 581]",45.9
1189,1790252355995049575,307200,105039,30,25,153.5,"[28.9, 35.2, 35.9, 37.7, 38.7, 38.9, 40.4, 42.5, 44.2, 46.2, 48.9, 49.6, 73.5, 76.4, 83.6, 87.7, 88.8, 95.4, 99.1, 101.7, 107.7, 111.0, 111.7, 114.3, 153.5]","['OUTSIDE', 'NEAR', 'NEAR', 'NEAR', 'NEAR', 'NEAR', 'RAIL', 'OUTSIDE', 'OUTSIDE', 'INSIDE', 'RAIL', 'INSIDE', 'NEAR', 'INSIDE', 'INSIDE', 'OUTSIDE', 'INSIDE', 'INSIDE', 'OUTSIDE', 'INSIDE', 'INSIDE', 'INSIDE', 'OUTSIDE', 'OUTSIDE', 'OUTSIDE']","[[5.84, 0.32, 1.91], [1.13, 0.24, 1.23], [1.39, 0.21, 1.73], [1.43, 0.33, 2.25], [0.58, 0.21, 0.77], [0.55, 0.23, 0.97], [1.44, 0.51, 0.4], [0.38, 0.18, 0.76], [0.41, 0.17, 0.61], [0.11, 1.85, 0.01], [0.74, 0.19, 0.45], [0.12, 2.26, 0.35], [2.53, 0.23, 1.16], [0.6, 2.34, 1.55], [1.28, 4.25, 0.91], [4.48, 1.84, 2.17], [5.66, 2.02, 1.97], [4.03, 4.23, 1.85], [0.71, 1.81, 0.88], [0.29, 1.77, 0.0], [3.48, 4.05, 0.94], [0.06, 0.97, 0.0], [0.07, 0.39, 0.46], [1.52, 1.67, 0.23], [11.51, 0.49, 0.97]]","[506, 511, 410, 515, 513, 563, 517, 497, 554, 519, 508, 528, 527, 525, 540, 538, 560, 566, 568, 570, 578, 585, 574, 588, 575]",41.6
1190,1790252356091989393,307200,105072,24,20,149.4,"[34.5, 37.8, 38.9, 40.7, 47.9, 48.0, 49.6, 72.4, 76.6, 80.3, 83.0, 91.3, 93.7, 95.2, 98.5, 102.1, 105.3, 108.6, 115.2, 149.4]","['NEAR', 'NEAR', 'RAIL', 'RAIL', 'INSIDE', 'INSIDE', 'INSIDE', 'RAIL', 'INSIDE', 'INSIDE', 'INSIDE', 'INSIDE', 'OUTSIDE', 'INSIDE', 'OUTSIDE', 'INSIDE', 'OUTSIDE', 'INSIDE', 'OUTSIDE', 'OUTSIDE']","[[4.62, 0.36, 2.42], [3.99, 0.36, 1.42], [0.86, 0.43, 1.09], [1.46, 0.46, 0.29], [0.24, 0.8, 0.02], [0.09, 1.68, 0.01], [0.09, 2.94, 0.34], [2.18, 0.19, 0.66], [0.32, 1.47, 0.18], [4.5, 4.34, 1.76], [4.23, 4.3, 2.22], [3.18, 2.28, 0.77], [1.13, 0.2, 0.9], [1.9, 3.64, 0.4], [0.46, 1.78, 0.89], [2.75, 2.29, 0.9], [1.86, 1.8, 1.61], [1.86, 3.68, 0.44], [0.39, 1.68, 0.22], [6.34, 0.44, 0.95]]","[511, 563, 569, 517, 519, 513, 528, 527, 525, 557, 540, 561, 558, 566, 568, 570, 577, 578, 588, 575]",45.4
1191,1790252356187124630,307200,104729,27,24,153.6,"[25.8, 31.9, 33.0, 39.5, 43.1, 43.9, 47.0, 49.1, 76.5, 82.3, 88.0, 88.0, 88.3, 91.7, 92.0, 94.5, 98.8, 100.2, 101.5, 103.4, 109.3, 114.5, 143.5, 153.6]","['NEAR', 'NEAR', 'NEAR', 'NEAR', 'RAIL', 'OUTSIDE', 'RAIL', 'OUTSIDE', 'INSIDE', 'INSIDE', 'OUTSIDE', 'OUTSIDE', 'INSIDE', 'OUTSIDE', 'INSIDE', 'INSIDE', 'OUTSIDE', 'NEAR', 'OUTSIDE', 'INSIDE', 'INSIDE', 'OUTSIDE', 'OUTSIDE', 'OUTSIDE']","[[4.92, 0.32, 1.89], [1.52, 0.38, 1.7], [0.57, 0.14, 1.14], [2.86, 0.27, 1.01], [1.3, 0.46, 0.5], [0.88, 0.21, 0.74], [0.44, 0.27, 1.08], [1.2, 0.24, 0.87], [0.51, 1.97, 0.54], [4.03, 4.19, 2.22], [0.56, 1.7, 0.41], [3.56, 0.18, 1.73], [1.69, 0.39, 1.71], [0.21, 0.16, 1.46], [3.17, 1.61, 0.58], [2.69, 3.61, 0.22], [0.06, 1.03, 0.0], [0.05, 1.4, 0.0], [1.56, 0.44, 0.68], [4.27, 2.1, 0.9], [2.87, 3.82, 1.18], [1.14, 1.78, 0.77], [2.74, 1.04, 0.72], [5.31, 0.42, 0.98]]","[506, 410, 515, 563, 517, 497, 569, 554, 525, 540, 538, 532, 560, 531, 561, 566, 568, 576, 577, 570, 578, 588, 542, 575]",42.8
1192,1790252356300032502,307200,104124,22,19,154.5,"[31.2, 34.8, 38.1, 39.1, 42.3, 43.2, 43.5, 46.0, 49.5, 84.9, 87.3, 90.7, 93.3, 98.1, 99.2, 102.5, 106.8, 113.1, 154.5]","['NEAR', 'NEAR', 'OUTSIDE', 'RAIL', 'INSIDE', 'INSIDE', 'INSIDE', 'INSIDE', 'INSIDE', 'OUTSIDE', 'OUTSIDE', 'INSIDE', 'INSIDE', 'OUTSIDE', 'INSIDE', 'OUTSIDE', 'INSIDE', 'OUTSIDE', 'RAIL']","[[0.45, 0.16, 0.78], [3.32, 0.3, 1.4], [0.62, 0.15, 0.58], [1.4, 0.2, 0.61], [0.45, 0.93, 0.03], [0.08, 1.02, 0.45], [0.18, 2.72, 0.68], [0.12, 1.33, 0.01], [0.06, 2.43, 0.0], [0.76, 0.31, 1.85], [0.99, 1.72, 0.93], [2.86, 2.25, 0.56], [2.2, 3.85, 1.81], [1.46, 1.86, 1.57], [2.71, 2.23, 0.89], [0.9, 0.38, 0.89], [2.71, 3.59, 1.63], [1.12, 1.63, 0.23], [0.66, 0.35, 0.67]]","[410, 563, 554, 517, 519, 513, 528, 515, 508, 552, 538, 561, 566, 572, 568, 577, 584, 588, 575]",34.4
1193,1790252356393702070,307200,104641,23,19,146.3,"[37.2, 40.3, 43.5, 43.9, 44.5, 44.9, 46.2, 46.4, 55.1, 87.0, 89.6, 91.1, 92.9, 98.6, 101.0, 106.2, 111.6, 113.6, 146.3]","['NEAR', 'NEAR', 'NEAR', 'NEAR', 'RAIL', 'RAIL', 'RAIL', 'INSIDE', 'INSIDE', 'OUTSIDE', 'OUTSIDE', 'INSIDE', 'INSIDE', 'INSIDE', 'OUTSIDE', 'INSIDE', 'OUTSIDE', 'OUTSIDE', 'INSIDE']","[[3.42, 0.31, 1.85], [1.9, 0.36, 2.7], [2.16, 0.27, 1.16], [1.58, 0.15, 0.39], [1.01, 0.1, 0.57], [1.01, 0.36, 1.08], [0.42, 0.21, 1.02], [0.07, 1.98, 0.0], [10.21, 2.24, 2.54], [0.31, 1.7, 0.39], [0.62, 1.09, 1.17], [3.7, 2.22, 1.16], [0.29, 3.69, 0.17], [4.37, 4.05, 0.88], [1.13, 0.4, 0.66], [3.3, 3.85, 1.61], [1.08, 1.41, 0.23], [0.19, 1.78, 0.75], [14.12, 3.94, 0.95]]","[519, 511, 410, 563, 515, 508, 569, 528, 513, 538, 531, 561, 566, 568, 576, 584, 574, 588, 542]",45.9
1194,1790252356496646553,307200,104388,22,18,112.2,"[26.1, 30.8, 35.6, 39.4, 42.1, 46.7, 49.2, 57.1, 76.4, 81.8, 87.8, 89.6, 92.9, 94.7, 97.6, 98.9, 104.9, 112.2]","['NEAR', 'NEAR', 'NEAR', 'NEAR', 'OUTSIDE', 'NEAR', 'NEAR', 'INSIDE', 'OUTSIDE', 'INSIDE', 'OUTSIDE', 'INSIDE', 'INSIDE', 'OUTSIDE', 'OUTSIDE', 'INSIDE', 'INSIDE', 'OUTSIDE']","[[2.87, 0.35, 2.35], [2.54, 0.3, 0.81], [1.26, 0.41, 1.36], [1.35, 0.31, 1.29], [0.56, 0.18, 0.95], [0.43, 0.25, 0.54], [0.81, 0.19, 0.63], [13.78, 2.34, 2.73], [0.92, 1.94, 0.85], [7.58, 4.22, 2.26], [0.64, 1.11, 1.96], [2.59, 4.23, 1.78], [0.04, 1.78, 0.0], [2.59, 1.55, 1.53], [3.31, 1.6, 1.7], [5.59, 2.22, 0.71], [2.79, 3.99, 1.13], [0.1, 1.76, 0.0]]","[506, 410, 563, 515, 497, 554, 519, 513, 525, 540, 531, 538, 566, 558, 572, 568, 584, 574]",43.6
1195,1790252356606498398,307200,104752,23,18,143.4,"[41.0, 41.6, 46.5, 49.2, 82.2, 88.5, 88.5, 93.3, 95.7, 97.8, 98.1, 100.1, 103.1, 104.8, 106.3, 110.8, 113.7, 143.4]","['NEAR', 'NEAR', 'RAIL', 'RAIL', 'INSIDE', 'INSIDE', 'INSIDE', 'OUTSIDE', 'OUTSIDE', 'OUTSIDE', 'INSIDE', 'OUTSIDE', 'OUTSIDE', 'INSIDE', 'INSIDE', 'NEAR', 'INSIDE', 'INSIDE']","[[2.73, 0.28, 1.12], [3.78, 0.42, 1.86], [0.22, 0.43, 0.63], [0.92, 0.09, 0.45], [3.88, 4.23, 2.18], [3.95, 2.19, 1.32], [6.21, 3.91, 1.88], [0.78, 0.22, 1.22], [0.31, 1.57, 0.86], [1.17, 0.37, 0.65], [1.77, 1.93, 0.87], [2.04, 0.22, 1.12], [1.87, 1.52, 1.41], [0.19, 2.79, 0.22], [0.06, 1.3, 0.0], [0.04, 1.16, 0.0], [0.14, 1.13, 0.22], [14.2, 3.92, 0.94]]","[511, 563, 515, 410, 540, 560, 538, 558, 571, 572, 568, 576, 577, 584, 582, 574, 588, 542]",43.6
1196,1790252356693934501,307200,104178,25,20,112.2,"[26.0, 40.3, 45.3, 47.7, 48.1, 49.2, 49.7, 84.3, 87.5, 87.7, 91.4, 95.6, 98.3, 101.4, 103.3, 104.8, 106.7, 106.7, 110.0, 112.2]","['NEAR', 'RAIL', 'NEAR', 'RAIL', 'INSIDE', 'INSIDE', 'INSIDE', 'OUTSIDE', 'OUTSIDE', 'INSIDE', 'INSIDE', 'OUTSIDE', 'INSIDE', 'OUTSIDE', 'OUTSIDE', 'INSIDE', 'OUTSIDE', 'INSIDE', 'OUTSIDE', 'OUTSIDE']","[[1.95, 0.29, 2.44], [0.13, 0.41, 0.52], [0.42, 0.38, 1.43], [0.6, 0.2, 0.44], [0.66, 2.53, 0.88], [0.07, 1.74, 0.0], [0.08, 1.85, 0.0], [0.73, 1.65, 0.9], [2.2, 0.57, 1.73], [2.87, 2.17, 1.91], [2.22, 4.08, 1.76], [2.4, 1.62, 0.86], [1.66, 1.95, 0.2], [1.47, 1.01, 1.54], [0.03, 1.44, 0.0], [0.11, 1.88, 0.22], [0.09, 0.37, 0.5], [0.16, 1.49, 0.0], [1.73, 1.89, 0.74], [0.04, 1.37, 0.0]]","[511, 563, 515, 569, 497, 528, 508, 552, 532, 560, 566, 571, 568, 576, 577, 584, 582, 578, 574, 588]",46.1
1197,1790252356791643704,307200,104193,20,17,112.3,"[38.4, 38.6, 45.3, 48.2, 49.5, 85.4, 87.6, 95.2, 96.8, 98.8, 99.3, 101.9, 103.4, 105.0, 110.0, 112.1, 112.3]","['NEAR', 'RAIL', 'NEAR', 'OUTSIDE', 'INSIDE', 'OUTSIDE', 'INSIDE', 'OUTSIDE', 'INSIDE', 'INSIDE', 'OUTSIDE', 'OUTSIDE', 'INSIDE', 'INSIDE', 'OUTSIDE', 'INSIDE', 'INSIDE']","[[3.1, 0.32, 1.39], [0.92, 0.11, 0.68], [0.76, 0.26, 1.41], [0.23, 0.33, 0.42], [0.17, 1.88, 0.42], [5.11, 1.92, 1.85], [6.41, 4.14, 2.08], [1.49, 1.8, 1.26], [1.55, 2.01, 0.41], [0.04, 1.21, 0.0], [3.31, 0.21, 1.12], [0.06, 1.42, 0.0], [0.15, 3.29, 0.21], [0.48, 2.06, 0.49], [1.48, 1.88, 0.52], [0.12, 0.72, 0.22], [0.59, 0.64, 0.52]]","[506, 511, 515, 563, 528, 552, 538, 571, 568, 570, 572, 576, 577, 584, 574, 588, 585]",39.2
1198,1790252356894756358,307200,104099,24,20,112.4,"[30.6, 37.3, 41.4, 42.1, 45.8, 47.9, 48.2, 49.3, 49.5, 60.1, 88.0, 93.1, 94.4, 98.3, 98.7, 101.5, 104.5, 109.2, 110.8, 112.4]","['NEAR', 'NEAR', 'NEAR', 'NEAR', 'NEAR', 'RAIL', 'RAIL', 'INSIDE', 'INSIDE', 'INSIDE', 'INSIDE', 'OUTSIDE', 'INSIDE', 'OUTSIDE', 'INSIDE', 'OUTSIDE', 'INSIDE', 'OUTSIDE', 'NEAR', 'INSIDE']","[[3.72, 0.33, 2.42], [2.18, 0.37, 1.61], [0.34, 0.23, 0.81], [1.14, 0.25, 1.26], [0.93, 0.1, 0.89], [0.52, 0.19, 0.44], [0.48, 0.16, 0.29], [0.22, 0.77, 0.28], [0.13, 1.18, 0.01], [0.89, 2.14, 0.56], [4.94, 4.18, 1.95], [2.87, 1.61, 1.24], [2.18, 0.86, 0.42], [0.27, 0.16, 1.1], [1.06, 2.22, 0.38], [0.85, 1.54, 0.22], [3.06, 4.22, 0.9], [0.12, 1.72, 0.0], [0.04, 1.35, 0.0], [0.04, 1.57, 0.0]]","[506, 410, 528, 563, 515, 508, 511, 554, 569, 513, 538, 558, 568, 572, 570, 576, 584, 574, 588, 585]",35.5
1199,1790252356991320794,307200,104660,26,21,137.5,"[36.5, 37.8, 39.1, 41.4, 43.3, 46.0, 47.8, 49.1, 80.6, 83.0, 88.1, 91.9, 94.3, 96.3, 97.2, 99.7, 102.3, 106.4, 109.2, 111.4, 137.5]","['NEAR', 'NEAR', 'RAIL', 'NEAR', 'OUTSIDE', 'NEAR', 'INSIDE', 'OUTSIDE', 'RAIL', 'INSIDE', 'INSIDE', 'INSIDE', 'INSIDE', 'INSIDE', 'OUTSIDE', 'INSIDE', 'INSIDE', 'NEAR', 'INSIDE', 'INSIDE', 'INSIDE']","[[0.69, 0.43, 2.32], [3.37, 0.35, 2.06], [0.77, 0.39, 0.86], [0.51, 0.18, 1.89], [1.74, 0.44, 1.4], [1.31, 0.27, 1.45], [0.05, 2.37, 0.0], [0.26, 1.14, 0.01], [1.13, 0.14, 0.68], [3.58, 4.25, 1.45], [4.16, 4.22, 1.93], [3.35, 4.05, 1.62], [0.66, 2.02, 0.2], [0.11, 1.01, 0.0], [0.41, 0.27, 0.66], [1.62, 3.79, 0.88], [0.08, 1.61, 0.0], [0.08, 1.3, 0.0], [0.58, 2.22, 0.22], [1.08, 1.85, 0.3], [14.2, 4.1, 0.89]]","[506, 410, 528, 563, 569, 515, 519, 517, 557, 540, 538, 566, 568, 570, 572, 576, 577, 582, 574, 585, 580]",45.5
1200,1790252357096010788,307200,104616,30,21,143.9,"[38.3, 39.2, 40.9, 44.4, 45.0, 46.2, 46.3, 46.9, 47.9, 81.9, 85.5, 85.6, 87.2, 89.7, 94.6, 96.8, 102.2, 105.0, 112.4, 132.0, 143.9]","['NEAR', 'NEAR', 'NEAR', 'NEAR', 'RAIL', 'NEAR', 'RAIL', 'INSIDE', 'INSIDE', 'INSIDE', 'INSIDE', 'OUTSIDE', 'INSIDE', 'INSIDE', 'OUTSIDE', 'INSIDE', 'INSIDE', 'INSIDE', 'INSIDE', 'INSIDE', 'INSIDE']","[[2.09, 0.44, 1.61], [2.34, 0.41, 1.94], [0.8, 0.23, 1.19], [0.22, 0.12, 1.31], [0.41, 0.18, 0.41], [1.85, 0.39, 1.51], [0.29, 0.3, 0.2], [0.49, 1.77, 0.36], [0.18, 0.98, 0.01], [4.69, 4.27, 2.12], [0.37, 1.94, 0.01], [2.01, 0.21, 1.73], [1.12, 0.4, 1.15], [2.64, 4.16, 1.73], [2.58, 1.68, 1.65], [1.73, 2.37, 0.21], [2.81, 4.13, 0.91], [0.15, 1.47, 0.0], [0.08, 1.57, 0.0], [6.72, 2.98, 0.9], [7.68, 4.08, 0.91]]","[506, 410, 569, 563, 515, 508, 511, 519, 528, 540, 552, 532, 560, 561, 571, 570, 577, 584, 585, 580, 542]",43.0
1201,1790252357192519761,307200,97600,25,18,134.3,"[32.4, 38.2, 39.4, 42.1, 45.7, 46.2, 46.8, 48.2, 85.2, 89.1, 94.7, 100.7, 103.5, 107.9, 109.3, 110.9, 112.4, 134.3]","['NEAR', 'OUTSIDE', 'OUTSIDE', 'NEAR', 'NEAR', 'INSIDE', 'INSIDE', 'OUTSIDE', 'OUTSIDE', 'INSIDE', 'INSIDE', 'INSIDE', 'INSIDE', 'OUTSIDE', 'INSIDE', 'INSIDE', 'INSIDE', 'INSIDE']","[[2.81, 0.31, 2.0], [4.81, 0.43, 2.5], [1.88, 0.48, 1.31], [3.12, 0.26, 2.19], [0.68, 0.13, 0.98], [0.12, 2.01, 0.7], [0.06, 2.78, 0.0], [0.24, 1.14, 0.41], [1.95, 0.2, 1.37], [3.06, 4.14, 1.73], [2.92, 3.81, 1.65], [2.74, 4.02, 0.9], [0.12, 1.63, 0.0], [0.06, 1.69, 0.0], [0.44, 2.82, 0.95], [0.05, 1.16, 0.0], [0.13, 1.68, 0.3], [14.46, 4.03, 1.1]]","[554, 506, 410, 563, 508, 519, 528, 511, 532, 561, 571, 576, 584, 582, 574, 585, 594, 580]",41.0
1202,1790252357288303486,307200,104287,24,17,112.9,"[32.8, 36.7, 39.5, 41.1, 45.5, 48.2, 70.8, 82.1, 83.6, 87.2, 92.3, 98.4, 100.2, 102.0, 107.5, 109.4, 112.9]","['INSIDE', 'NEAR', 'OUTSIDE', 'NEAR', 'NEAR', 'NEAR', 'INSIDE', 'INSIDE', 'INSIDE', 'INSIDE', 'INSIDE', 'OUTSIDE', 'INSIDE', 'INSIDE', 'INSIDE', 'INSIDE', 'RAIL']","[[4.76, 2.34, 2.65], [1.36, 0.37, 1.66], [0.59, 0.43, 1.09], [2.99, 0.37, 1.57], [0.3, 0.1, 0.43], [0.72, 0.25, 0.86], [0.14, 2.52, 0.17], [3.15, 3.91, 1.99], [2.32, 2.78, 0.88], [2.74, 4.03, 1.14], [4.86, 3.76, 1.62], [1.2, 1.65, 0.87], [0.64, 3.63, 0.87], [0.1, 1.6, 0.0], [1.04, 3.91, 0.94], [0.1, 0.96, 0.0], [1.55, 0.2, 0.73]]","[506, 519, 410, 569, 508, 554, 525, 540, 552, 538, 566, 572, 576, 577, 582, 585, 594]",39.8
1203,1790252357390245101,307200,104738,25,18,136.5,"[34.8, 38.4, 39.7, 45.5, 46.0, 48.1, 80.4, 84.6, 90.3, 93.8, 96.4, 98.6, 101.1, 106.5, 108.0, 109.4, 111.7, 136.5]","['INSIDE', 'OUTSIDE', 'NEAR', 'NEAR', 'RAIL', 'INSIDE', 'OUTSIDE', 'INSIDE', 'OUTSIDE', 'INSIDE', 'OUTSIDE', 'OUTSIDE', 'INSIDE', 'OUTSIDE', 'INSIDE', 'INSIDE', 'INSIDE', 'INSIDE']","[[3.88, 2.34, 2.69], [4.89, 0.47, 1.92], [3.31, 0.32, 1.9], [0.96, 0.25, 1.94], [0.32, 0.34, 0.6], [0.39, 1.33, 0.02], [3.8, 1.9, 1.99], [7.29, 4.19, 1.99], [2.62, 1.69, 1.6], [1.71, 2.01, 0.21], [0.15, 0.5, 0.64], [0.95, 1.68, 1.07], [2.02, 3.98, 0.7], [0.26, 1.88, 0.93], [0.08, 1.7, 0.0], [0.04, 0.95, 0.0], [1.07, 0.21, 0.94], [6.15, 4.05, 0.88]]","[506, 519, 508, 569, 511, 517, 557, 552, 531, 568, 572, 576, 577, 582, 578, 585, 594, 580]",43.5
1204,1790252357487825226,307200,104253,32,23,138.0,"[28.0, 34.9, 35.0, 39.2, 39.8, 40.5, 45.3, 47.6, 48.4, 76.0, 82.4, 87.2, 89.0, 91.8, 92.0, 94.9, 100.2, 102.0, 103.5, 106.4, 107.7, 110.6, 138.0]","['OUTSIDE', 'NEAR', 'RAIL', 'NEAR', 'NEAR', 'RAIL', 'NEAR', 'INSIDE', 'INSIDE', 'INSIDE', 'INSIDE', 'INSIDE', 'OUTSIDE', 'OUTSIDE', 'OUTSIDE', 'INSIDE', 'OUTSIDE', 'INSIDE', 'INSIDE', 'NEAR', 'INSIDE', 'INSIDE', 'OUTSIDE']","[[7.25, 0.47, 2.63], [1.76, 0.25, 1.12], [0.53, 0.22, 0.52], [3.14, 0.33, 1.65], [0.39, 0.15, 0.8], [0.29, 0.18, 1.06], [0.86, 0.31, 0.77], [0.28, 1.87, 0.32], [0.5, 1.88, 0.34], [1.81, 1.5, 1.33], [4.74, 2.2, 1.25], [0.18, 2.1, 0.16], [2.24, 0.43, 1.4], [2.04, 1.78, 1.6], [0.14, 0.29, 0.64], [6.38, 4.06, 1.14], [0.64, 1.52, 0.88], [0.87, 4.1, 0.88], [0.09, 1.81, 0.0], [0.07, 1.3, 0.0], [0.55, 3.59, 0.94], [2.2, 2.02, 1.23], [2.85, 0.47, 0.89]]","[506, 519, 410, 508, 569, 511, 497, 554, 517, 557, 540, 538, 531, 566, 572, 558, 577, 584, 582, 578, 574, 585, 580]",39.7
1205,1790252357586184532,307200,103901,27,20,110.0,"[27.3, 31.6, 35.1, 37.3, 39.2, 39.9, 42.1, 44.2, 45.5, 83.4, 88.0, 90.0, 91.1, 93.2, 95.0, 98.8, 100.7, 101.1, 106.2, 110.0]","['OUTSIDE', 'OUTSIDE', 'RAIL', 'OUTSIDE', 'NEAR', 'NEAR', 'OUTSIDE', 'INSIDE', 'INSIDE', 'OUTSIDE', 'INSIDE', 'INSIDE', 'OUTSIDE', 'INSIDE', 'INSIDE', 'OUTSIDE', 'OUTSIDE', 'INSIDE', 'OUTSIDE', 'INSIDE']","[[1.36, 0.36, 2.09], [1.86, 0.42, 1.05], [0.95, 0.21, 0.59], [2.29, 0.39, 1.55], [1.16, 0.32, 1.31], [4.53, 0.38, 1.79], [0.32, 0.28, 1.36], [1.08, 0.46, 0.63], [0.14, 0.93, 0.01], [2.09, 0.41, 1.6], [3.12, 4.19, 1.93], [1.17, 0.29, 0.61], [1.05, 1.56, 0.22], [0.78, 3.87, 1.62], [0.19, 1.66, 0.0], [0.52, 1.67, 1.35], [0.37, 1.58, 0.87], [2.1, 2.18, 0.47], [0.57, 1.87, 0.93], [4.35, 4.06, 1.41]]","[506, 519, 410, 517, 592, 563, 497, 554, 569, 532, 561, 558, 566, 568, 571, 576, 577, 584, 578, 585]",40.0
1206,1790252357691852372,307200,104885,27,20,118.1,"[26.9, 31.2, 32.6, 34.5, 38.4, 40.9, 40.9, 44.2, 45.0, 45.6, 48.3, 89.8, 91.7, 94.0, 98.9, 100.5, 105.0, 107.1, 107.8, 118.1]","['OUTSIDE', 'OUTSIDE', 'NEAR', 'NEAR', 'NEAR', 'INSIDE', 'NEAR', 'INSIDE', 'INSIDE', 'INSIDE', 'INSIDE', 'OUTSIDE', 'INSIDE', 'INSIDE', 'OUTSIDE', 'INSIDE', 'OUTSIDE', 'OUTSIDE', 'INSIDE', 'NEAR']","[[1.12, 0.03, 0.31], [8.16, 0.49, 2.56], [2.31, 0.48, 2.59], [4.06, 0.39, 2.1], [0.62, 0.29, 0.8], [0.46, 2.42, 1.16], [0.14, 0.23, 0.62], [3.58, 2.39, 2.6], [0.67, 2.08, 0.86], [0.58, 1.7, 0.04], [0.24, 0.96, 0.01], [0.98, 1.69, 0.22], [0.77, 4.08, 0.82], [1.19, 2.02, 0.2], [1.06, 1.69, 0.86], [0.13, 3.03, 0.21], [0.04, 1.47, 0.0], [1.46, 1.9, 0.93], [2.72, 1.99, 1.39], [1.19, 1.02, 0.01]]","[497, 589, 519, 563, 517, 592, 508, 569, 554, 506, 528, 566, 568, 571, 576, 577, 578, 574, 585, 595]",44.3
1207,1790252357793368213,307200,105056,27,18,105.8,"[30.6, 30.7, 34.2, 37.1, 38.3, 40.8, 41.1, 44.1, 44.7, 45.4, 83.9, 85.0, 91.7, 96.2, 97.5, 99.8, 103.3, 105.8]","['NEAR', 'NEAR', 'NEAR', 'NEAR', 'RAIL', 'RAIL', 'INSIDE', 'INSIDE', 'INSIDE', 'INSIDE', 'RAIL', 'INSIDE', 'INSIDE', 'INSIDE', 'OUTSIDE', 'INSIDE', 'OUTSIDE', 'INSIDE']","[[7.35, 0.8, 2.82], [5.16, 0.39, 2.06], [6.23, 0.42, 1.69], [0.5, 0.11, 0.6], [0.28, 0.23, 1.05], [0.3, 0.18, 0.53], [1.39, 1.89, 0.57], [0.34, 2.71, 0.53], [0.41, 0.79, 0.41], [0.26, 2.01, 0.02], [0.99, 0.18, 0.34], [3.13, 3.82, 1.87], [3.16, 4.03, 0.81], [1.94, 0.37, 1.27], [0.98, 1.5, 0.85], [1.6, 3.52, 0.21], [0.76, 1.45, 0.91], [1.73, 4.12, 1.37]]","[554, 519, 563, 517, 569, 592, 506, 589, 528, 410, 540, 552, 568, 570, 576, 577, 578, 574]",44.0
1208,1790252357891184247,307200,105543,27,20,112.7,"[30.7, 34.6, 36.5, 39.4, 41.5, 45.2, 45.5, 47.2, 48.8, 49.3, 79.6, 82.7, 90.3, 93.0, 97.6, 98.7, 100.6, 103.7, 105.2, 112.7]","['OUTSIDE', 'NEAR', 'RAIL', 'RAIL', 'NEAR', 'INSIDE', 'INSIDE', 'INSIDE', 'RAIL', 'INSIDE', 'INSIDE', 'INSIDE', 'OUTSIDE', 'INSIDE', 'NEAR', 'INSIDE', 'INSIDE', 'OUTSIDE', 'INSIDE', 'INSIDE']","[[7.36, 0.59, 2.45], [4.19, 0.39, 1.64], [1.98, 0.4, 0.91], [1.13, 0.11, 0.29], [0.7, 0.3, 0.22], [0.46, 2.42, 0.78], [0.05, 1.53, 0.01], [0.22, 1.98, 0.41], [1.0, 0.18, 0.5], [0.56, 2.1, 0.37], [3.43, 2.2, 1.95], [1.61, 0.92, 1.81], [2.67, 1.83, 1.6], [3.63, 2.25, 1.03], [0.02, 1.02, 0.0], [1.25, 3.96, 1.35], [0.02, 0.88, 0.0], [0.16, 1.45, 0.0], [3.38, 2.06, 1.19], [0.61, 0.32, 0.95]]","[506, 517, 563, 508, 515, 589, 410, 511, 569, 592, 557, 540, 566, 571, 576, 577, 584, 578, 574, 594]",43.7
1209,1790252357992930086,307200,106543,28,20,118.3,"[26.7, 30.5, 30.8, 36.5, 38.0, 39.5, 45.8, 48.9, 79.1, 81.0, 87.2, 89.7, 90.4, 92.5, 97.7, 99.2, 103.7, 109.4, 111.3, 118.3]","['OUTSIDE', 'NEAR', 'NEAR', 'INSIDE', 'NEAR', 'INSIDE', 'INSIDE', 'INSIDE', 'INSIDE', 'INSIDE', 'OUTSIDE', 'OUTSIDE', 'INSIDE', 'INSIDE', 'INSIDE', 'INSIDE', 'INSIDE', 'NEAR', 'INSIDE', 'INSIDE']","[[12.95, 0.58, 2.41], [4.42, 0.46, 2.5], [0.71, 0.25, 0.63], [0.41, 2.23, 1.28], [0.48, 0.3, 0.72], [0.63, 1.97, 1.06], [0.25, 2.3, 0.02], [0.65, 1.6, 0.04], [1.72, 0.57, 0.33], [1.25, 2.23, 1.78], [0.99, 0.53, 0.77], [1.62, 1.76, 0.81], [1.48, 0.35, 1.59], [1.61, 2.13, 1.22], [0.26, 2.89, 0.85], [0.03, 1.38, 0.0], [3.52, 2.77, 1.37], [1.24, 1.33, 0.01], [0.57, 0.33, 0.94], [0.28, 3.15, 0.24]]","[554, 517, 563, 511, 497, 589, 410, 519, 557, 540, 538, 566, 558, 571, 576, 577, 582, 585, 594, 595]",41.2
1210,1790252358090416009,307200,104592,25,19,116.7,"[30.8, 37.8, 38.6, 45.7, 46.3, 48.6, 79.9, 83.6, 85.8, 88.5, 90.0, 93.2, 97.7, 102.0, 102.3, 106.1, 107.9, 109.8, 116.7]","['NEAR', 'RAIL', 'OUTSIDE', 'INSIDE', 'INSIDE', 'INSIDE', 'INSIDE', 'INSIDE', 'INSIDE', 'OUTSIDE', 'INSIDE', 'INSIDE', 'INSIDE', 'OUTSIDE', 'INSIDE', 'OUTSIDE', 'NEAR', 'RAIL', 'INSIDE']","[[4.48, 0.37, 1.56], [1.1, 0.14, 0.28], [0.23, 0.1, 0.81], [1.0, 1.71, 0.75], [0.29, 1.85, 0.27], [0.48, 0.92, 0.03], [0.49, 2.8, 0.22], [5.08, 4.16, 1.62], [0.26, 2.45, 0.93], [0.49, 1.64, 0.8], [3.8, 4.1, 1.82], [0.18, 1.14, 0.0], [0.09, 1.53, 0.0], [0.16, 1.8, 0.89], [3.43, 3.64, 1.35], [0.92, 0.25, 0.73], [1.58, 1.32, 0.02], [0.49, 0.26, 0.71], [0.02, 0.81, 0.0]]","[517, 563, 528, 511, 589, 519, 557, 552, 561, 531, 566, 571, 577, 578, 582, 598, 585, 594, 595]",40.6
1211,1790252358195653180,307200,101324,36,28,135.6,"[28.9, 34.8, 37.2, 37.4, 37.5, 42.2, 45.3, 46.2, 47.9, 48.0, 77.5, 77.8, 81.8, 86.7, 87.4, 90.1, 93.3, 94.7, 96.2, 97.4, 99.2, 100.6, 102.1, 104.3, 108.6, 109.0, 116.1, 135.6]","['NEAR', 'NEAR', 'RAIL', 'NEAR', 'NEAR', 'INSIDE', 'INSIDE', 'INSIDE', 'INSIDE', 'INSIDE', 'OUTSIDE', 'NEAR', 'INSIDE', 'OUTSIDE', 'NEAR', 'INSIDE', 'INSIDE', 'OUTSIDE', 'OUTSIDE', 'INSIDE', 'INSIDE', 'INSIDE', 'NEAR', 'INSIDE', 'OUTSIDE', 'INSIDE', 'INSIDE', 'INSIDE']","[[3.44, 0.37, 1.55], [0.28, 0.18, 0.91], [0.5, 0.19, 0.42], [0.16, 0.11, 1.22], [0.43, 0.24, 0.89], [0.95, 0.36, 0.34], [0.48, 1.62, 0.02], [0.39, 2.01, 0.26], [0.54, 1.17, 0.03], [0.91, 1.0, 0.04], [1.28, 1.76, 0.86], [1.54, 0.28, 1.67], [6.38, 4.06, 1.63], [0.75, 0.25, 1.51], [1.09, 0.21, 1.37], [3.42, 3.99, 1.57], [0.11, 1.71, 0.63], [0.36, 0.32, 0.63], [0.06, 1.17, 0.0], [0.57, 3.56, 0.85], [0.04, 1.04, 0.0], [2.41, 0.26, 1.13], [0.03, 1.43, 0.0], [1.69, 4.01, 0.9], [0.04, 0.95, 0.0], [1.88, 0.42, 1.22], [1.88, 3.54, 0.81], [0.27, 3.79, 0.0]]","[517, 528, 508, 563, 506, 519, 592, 589, 410, 511, 557, 540, 552, 538, 561, 566, 571, 572, 576, 577, 584, 582, 578, 574, 585, 594, 595, 580]",42.0
1212,1790252358292033370,307200,97846,28,21,115.1,"[27.8, 29.8, 35.8, 39.7, 45.5, 47.5, 47.8, 47.9, 83.3, 85.3, 87.1, 91.8, 92.9, 94.7, 96.1, 98.1, 100.6, 100.7, 107.0, 108.4, 115.1]","['NEAR', 'NEAR', 'NEAR', 'RAIL', 'NEAR', 'INSIDE', 'INSIDE', 'INSIDE', 'INSIDE', 'OUTSIDE', 'OUTSIDE', 'INSIDE', 'OUTSIDE', 'OUTSIDE', 'INSIDE', 'OUTSIDE', 'NEAR', 'INSIDE', 'INSIDE', 'OUTSIDE', 'INSIDE']","[[3.91, 0.42, 1.75], [1.57, 0.18, 1.32], [2.98, 0.26, 1.95], [0.12, 0.17, 1.05], [0.81, 0.19, 0.51], [0.61, 2.43, 0.23], [0.25, 2.49, 0.33], [0.13, 1.82, 0.01], [1.81, 4.1, 0.92], [0.73, 0.25, 1.11], [0.6, 0.59, 0.56], [0.05, 1.6, 0.0], [1.1, 0.3, 1.08], [0.07, 1.32, 0.0], [0.22, 3.6, 0.65], [1.79, 0.15, 1.1], [0.04, 1.4, 0.0], [6.01, 4.18, 1.35], [0.76, 0.23, 1.19], [0.04, 1.51, 0.0], [0.13, 2.95, 0.8]]","[517, 528, 515, 569, 554, 497, 410, 511, 552, 538, 531, 568, 572, 576, 577, 584, 578, 582, 594, 585, 595]",41.0
1213,1790252358389830672,307200,104573,29,20,106.9,"[27.7, 30.3, 30.4, 34.5, 36.7, 41.4, 42.6, 45.8, 47.8, 76.1, 79.0, 84.2, 87.6, 88.7, 90.4, 94.5, 97.0, 100.3, 106.0, 106.9]","['NEAR', 'NEAR', 'NEAR', 'INSIDE', 'INSIDE', 'INSIDE', 'INSIDE', 'INSIDE', 'INSIDE', 'NEAR', 'INSIDE', 'INSIDE', 'NEAR', 'INSIDE', 'INSIDE', 'OUTSIDE', 'OUTSIDE', 'INSIDE', 'OUTSIDE', 'INSIDE']","[[3.64, 0.38, 1.69], [1.05, 0.33, 1.21], [1.85, 0.23, 1.64], [1.23, 2.2, 2.29], [0.23, 2.64, 0.49], [1.02, 2.12, 0.32], [0.27, 1.88, 0.01], [0.37, 2.22, 0.02], [0.25, 1.79, 0.01], [3.1, 0.31, 1.67], [1.59, 2.1, 1.0], [6.36, 4.13, 1.83], [0.07, 1.24, 0.0], [1.92, 0.33, 1.34], [0.22, 2.09, 0.79], [0.58, 1.6, 0.83], [1.09, 0.16, 0.66], [8.65, 4.23, 1.46], [0.04, 1.49, 0.0], [1.92, 0.4, 1.19]]","[506, 554, 563, 515, 497, 589, 592, 410, 519, 540, 557, 552, 531, 561, 566, 576, 584, 582, 598, 594]",43.6
1214,1790252358489981217,307200,104215,30,19,136.4,"[25.8, 28.9, 30.3, 34.4, 39.7, 40.1, 41.5, 42.9, 45.0, 47.5, 77.8, 81.7, 84.0, 91.7, 96.4, 100.8, 104.3, 116.4, 136.4]","['NEAR', 'NEAR', 'RAIL', 'OUTSIDE', 'NEAR', 'NEAR', 'NEAR', 'INSIDE', 'INSIDE', 'OUTSIDE', 'OUTSIDE', 'INSIDE', 'INSIDE', 'INSIDE', 'INSIDE', 'OUTSIDE', 'INSIDE', 'INSIDE', 'INSIDE']","[[5.91, 0.46, 2.17], [3.52, 0.25, 1.82], [0.81, 0.07, 0.32], [0.29, 0.2, 0.36], [0.34, 0.12, 0.69], [0.61, 0.32, 0.77], [0.66, 0.43, 1.11], [0.07, 1.74, 0.0], [0.12, 1.82, 0.01], [0.12, 1.2, 0.0], [1.1, 1.63, 0.37], [4.74, 2.42, 1.96], [3.8, 3.8, 1.65], [0.2, 1.76, 0.0], [3.36, 4.06, 1.46], [1.65, 1.92, 0.68], [1.18, 3.86, 1.36], [0.07, 2.71, 0.98], [10.37, 4.07, 0.86]]","[506, 528, 592, 519, 497, 589, 554, 410, 511, 563, 557, 552, 532, 568, 577, 578, 574, 595, 580]",40.6
1215,1790252358590207544,307200,104331,30,21,134.9,"[25.2, 25.6, 30.3, 33.3, 37.1, 40.9, 45.3, 48.4, 80.8, 83.7, 85.8, 88.9, 91.6, 93.1, 94.3, 96.4, 98.4, 102.5, 104.8, 115.6, 134.9]","['NEAR', 'INSIDE', 'NEAR', 'INSIDE', 'INSIDE', 'INSIDE', 'INSIDE', 'INSIDE', 'INSIDE', 'INSIDE', 'INSIDE', 'OUTSIDE', 'INSIDE', 'OUTSIDE', 'INSIDE', 'INSIDE', 'INSIDE', 'INSIDE', 'INSIDE', 'INSIDE', 'INSIDE']","[[0.97, 0.32, 0.99], [1.3, 2.16, 1.23], [2.19, 0.17, 1.47], [2.79, 2.21, 2.28], [0.63, 0.98, 0.86], [0.27, 1.04, 0.02], [0.62, 1.71, 0.06], [0.26, 1.06, 0.02], [1.6, 2.14, 1.75], [1.67, 2.7, 1.26], [0.87, 3.81, 0.92], [0.31, 1.66, 0.39], [0.46, 2.23, 0.58], [3.53, 1.58, 1.3], [2.49, 0.59, 1.41], [0.38, 3.4, 0.2], [1.47, 3.63, 1.05], [0.58, 3.8, 1.34], [1.11, 1.64, 0.01], [1.38, 3.45, 0.81], [10.33, 4.03, 0.85]]","[517, 410, 528, 515, 597, 506, 497, 554, 552, 532, 538, 531, 568, 572, 571, 577, 582, 574, 598, 595, 580]",42.4
1216,1790252358698331871,307200,99113,28,20,107.9,"[26.1, 30.5, 35.6, 36.9, 41.9, 42.9, 45.7, 46.2, 47.1, 47.6, 47.8, 80.5, 85.6, 87.2, 90.7, 92.3, 97.7, 100.9, 104.7, 107.9]","['NEAR', 'INSIDE', 'NEAR', 'NEAR', 'RAIL', 'INSIDE', 'INSIDE', 'INSIDE', 'RAIL', 'INSIDE', 'OUTSIDE', 'INSIDE', 'INSIDE', 'OUTSIDE', 'OUTSIDE', 'INSIDE', 'INSIDE', 'INSIDE', 'INSIDE', 'INSIDE']","[[1.05, 0.28, 1.34], [4.46, 2.17, 2.49], [1.24, 0.23, 1.83], [0.25, 0.29, 1.15], [0.53, 0.15, 0.28], [1.13, 1.98, 0.46], [0.41, 1.81, 0.03], [0.55, 1.97, 0.02], [0.75, 0.14, 0.31], [0.57, 0.95, 0.05], [0.09, 0.9, 0.0], [6.72, 4.06, 1.96], [1.06, 3.97, 1.28], [0.74, 0.26, 1.32], [2.02, 1.77, 1.57], [2.17, 2.33, 1.6], [3.01, 3.91, 1.48], [0.19, 0.39, 1.12], [1.71, 3.62, 0.92], [0.08, 1.69, 0.0]]","[517, 602, 528, 508, 569, 497, 519, 511, 515, 554, 563, 552, 538, 531, 566, 568, 582, 574, 598, 585]",41.1
1217,1790252358794691510,307200,103690,32,25,115.5,"[25.4, 29.7, 30.0, 34.1, 34.5, 35.6, 40.2, 41.4, 45.6, 48.6, 48.9, 49.4, 80.4, 81.3, 84.3, 86.6, 88.6, 88.8, 91.0, 91.4, 93.6, 97.0, 99.6, 107.6, 115.5]","['INSIDE', 'NEAR', 'RAIL', 'NEAR', 'OUTSIDE', 'NEAR', 'NEAR', 'NEAR', 'INSIDE', 'NEAR', 'INSIDE', 'INSIDE', 'OUTSIDE', 'NEAR', 'INSIDE', 'INSIDE', 'OUTSIDE', 'INSIDE', 'OUTSIDE', 'INSIDE', 'INSIDE', 'OUTSIDE', 'INSIDE', 'INSIDE', 'OUTSIDE']","[[7.39, 2.35, 2.95], [0.72, 0.26, 0.6], [0.91, 0.19, 0.38], [0.85, 0.31, 1.2], [4.95, 0.22, 2.03], [3.26, 0.24, 1.77], [1.64, 0.24, 1.91], [0.72, 0.29, 0.46], [1.06, 2.03, 0.45], [0.73, 0.32, 0.3], [0.65, 2.02, 0.39], [0.21, 1.7, 0.01], [1.13, 0.2, 0.55], [0.04, 1.42, 0.0], [1.58, 1.51, 1.5], [1.55, 3.76, 0.95], [0.76, 0.32, 1.77], [0.15, 2.01, 0.16], [1.62, 1.82, 0.83], [2.49, 0.24, 1.37], [0.08, 1.47, 0.0], [2.9, 1.67, 1.07], [0.47, 3.87, 1.51], [2.89, 3.47, 0.92], [0.23, 0.33, 0.54]]","[589, 517, 506, 519, 592, 528, 601, 508, 497, 554, 410, 511, 552, 532, 538, 531, 566, 558, 572, 568, 571, 584, 578, 585, 595]",41.0
1218,1790252358892590087,307200,104025,32,22,105.5,"[24.6, 29.4, 33.0, 35.0, 35.1, 39.0, 42.0, 42.9, 44.5, 45.1, 46.9, 47.9, 49.2, 79.6, 82.9, 83.7, 87.1, 90.2, 90.6, 93.8, 96.9, 105.5]","['INSIDE', 'NEAR', 'RAIL', 'OUTSIDE', 'NEAR', 'NEAR', 'RAIL', 'NEAR', 'RAIL', 'NEAR', 'INSIDE', 'NEAR', 'INSIDE', 'OUTSIDE', 'INSIDE', 'OUTSIDE', 'INSIDE', 'OUTSIDE', 'INSIDE', 'OUTSIDE', 'INSIDE', 'INSIDE']","[[7.84, 2.38, 2.66], [0.5, 0.28, 1.28], [0.86, 0.12, 0.36], [2.26, 0.25, 1.41], [4.54, 0.23, 2.01], [2.97, 0.28, 1.78], [1.14, 0.24, 0.4], [1.31, 0.29, 0.87], [0.61, 0.27, 0.84], [0.45, 0.16, 1.57], [1.2, 2.12, 1.73], [0.91, 0.31, 1.09], [0.11, 3.0, 0.0], [0.47, 1.68, 1.41], [1.38, 2.07, 1.06], [3.72, 0.38, 1.47], [2.75, 3.82, 1.91], [0.09, 1.58, 0.81], [3.18, 2.19, 1.4], [1.28, 0.35, 0.82], [2.95, 3.8, 1.49], [1.57, 3.61, 0.69]]","[589, 519, 517, 506, 592, 528, 602, 508, 601, 511, 410, 597, 563, 552, 538, 532, 531, 572, 568, 576, 577, 598]",39.0
1219,1790252358991850199,307200,103906,31,23,114.8,"[25.4, 28.0, 30.3, 32.9, 33.6, 35.2, 40.5, 41.6, 41.6, 43.6, 45.2, 46.4, 47.3, 48.3, 81.7, 86.8, 92.4, 94.0, 96.6, 100.3, 103.7, 108.8, 114.8]","['OUTSIDE', 'NEAR', 'OUTSIDE', 'NEAR', 'NEAR', 'NEAR', 'RAIL', 'NEAR', 'INSIDE', 'INSIDE', 'INSIDE', 'INSIDE', 'INSIDE', 'INSIDE', 'INSIDE', 'INSIDE', 'OUTSIDE', 'INSIDE', 'INSIDE', 'INSIDE', 'OUTSIDE', 'INSIDE', 'OUTSIDE']","[[0.53, 0.16, 0.44], [1.38, 0.2, 2.03], [0.7, 0.15, 0.63], [1.82, 0.26, 1.76], [0.62, 0.22, 1.65], [0.51, 0.18, 1.88], [0.28, 0.18, 0.53], [0.09, 0.12, 1.08], [1.52, 1.48, 0.54], [0.96, 1.83, 0.49], [1.14, 1.85, 0.27], [0.37, 2.08, 0.02], [0.12, 1.74, 0.01], [0.6, 1.7, 0.05], [2.34, 2.16, 1.24], [7.46, 4.12, 1.9], [1.73, 1.8, 1.2], [1.54, 3.44, 0.39], [0.54, 0.51, 1.26], [1.68, 3.53, 0.88], [1.85, 0.34, 0.47], [0.5, 3.78, 1.26], [0.86, 0.31, 1.1]]","[517, 410, 592, 528, 511, 601, 508, 602, 497, 589, 519, 506, 563, 554, 538, 531, 576, 571, 577, 578, 598, 585, 595]",39.5
1220,1790252359091465438,307200,101062,32,25,104.6,"[25.6, 29.6, 30.9, 32.4, 32.7, 33.4, 41.4, 41.6, 43.6, 44.3, 45.0, 45.8, 46.0, 46.9, 47.8, 48.9, 82.2, 83.3, 84.3, 84.9, 89.6, 95.1, 96.9, 103.4, 104.6]","['OUTSIDE', 'NEAR', 'NEAR', 'NEAR', 'NEAR', 'RAIL', 'NEAR', 'NEAR', 'NEAR', 'RAIL', 'INSIDE', 'OUTSIDE', 'INSIDE', 'INSIDE', 'INSIDE', 'INSIDE', 'OUTSIDE', 'INSIDE', 'INSIDE', 'OUTSIDE', 'INSIDE', 'INSIDE', 'INSIDE', 'INSIDE', 'INSIDE']","[[1.63, 0.23, 2.17], [4.92, 0.28, 2.12], [0.35, 0.15, 0.88], [0.63, 0.1, 1.44], [0.49, 0.18, 1.24], [0.84, 0.25, 0.66], [0.66, 0.3, 0.91], [0.54, 0.17, 0.79], [0.37, 0.2, 1.41], [0.28, 0.25, 0.81], [1.04, 1.97, 0.61], [0.28, 0.15, 0.81], [0.8, 1.87, 0.4], [0.42, 1.28, 0.03], [0.1, 2.6, 0.01], [0.19, 2.01, 0.01], [1.36, 1.59, 0.39], [1.07, 0.35, 1.6], [0.16, 1.17, 0.22], [4.65, 0.46, 1.51], [8.54, 4.11, 1.96], [0.69, 3.71, 1.66], [0.07, 2.03, 0.0], [0.18, 3.25, 0.68], [0.09, 2.01, 0.0]]","[517, 410, 528, 511, 601, 508, 554, 602, 515, 569, 497, 519, 563, 506, 603, 592, 532, 538, 531, 566, 572, 571, 584, 598, 594]",40.1
1221,1790252359196926686,307200,103656,28,21,104.4,"[26.8, 28.1, 28.7, 32.2, 32.6, 33.6, 39.7, 39.8, 44.4, 45.5, 46.5, 47.3, 49.2, 85.4, 90.2, 93.6, 94.4, 95.8, 98.1, 103.1, 104.4]","['NEAR', 'INSIDE', 'NEAR', 'NEAR', 'NEAR', 'RAIL', 'NEAR', 'RAIL', 'NEAR', 'INSIDE', 'INSIDE', 'INSIDE', 'OUTSIDE', 'INSIDE', 'INSIDE', 'INSIDE', 'OUTSIDE', 'INSIDE', 'INSIDE', 'INSIDE', 'INSIDE']","[[0.47, 0.27, 0.8], [9.21, 2.22, 2.67], [4.17, 0.42, 2.46], [0.56, 0.19, 1.53], [0.75, 0.21, 1.51], [0.53, 0.19, 0.52], [0.36, 0.17, 1.5], [0.68, 0.19, 0.52], [0.36, 0.22, 0.77], [0.5, 2.41, 0.84], [0.78, 1.93, 0.28], [0.5, 2.6, 0.04], [0.13, 0.87, 0.35], [3.22, 2.74, 2.07], [3.0, 3.89, 1.35], [0.73, 0.57, 1.42], [1.31, 1.57, 0.86], [1.53, 3.34, 0.21], [0.02, 2.23, 0.0], [0.12, 3.1, 0.21], [0.23, 3.83, 0.69]]","[554, 517, 410, 601, 515, 511, 602, 508, 589, 603, 506, 497, 563, 531, 572, 571, 576, 584, 582, 598, 594]",39.7
1222,1790252359291297984,307200,102680,34,26,108.1,"[26.7, 27.8, 30.4, 32.3, 33.5, 37.2, 38.0, 42.4, 42.6, 45.2, 47.1, 48.6, 49.1, 75.4, 77.1, 80.1, 82.8, 83.6, 86.4, 89.0, 92.2, 92.6, 96.0, 97.6, 99.4, 108.1]","['NEAR', 'NEAR', 'NEAR', 'NEAR', 'NEAR', 'INSIDE', 'INSIDE', 'INSIDE', 'INSIDE', 'INSIDE', 'INSIDE', 'INSIDE', 'INSIDE', 'OUTSIDE', 'INSIDE', 'INSIDE', 'OUTSIDE', 'INSIDE', 'INSIDE', 'INSIDE', 'OUTSIDE', 'INSIDE', 'OUTSIDE', 'INSIDE', 'INSIDE', 'INSIDE']","[[4.14, 0.31, 1.96], [2.42, 0.26, 1.61], [1.41, 0.19, 1.94], [1.5, 0.21, 1.7], [0.6, 0.2, 1.15], [0.38, 2.17, 0.55], [0.27, 1.48, 0.01], [0.3, 0.97, 0.03], [0.64, 0.82, 0.06], [0.2, 0.82, 0.01], [0.34, 1.0, 0.02], [0.12, 1.82, 0.01], [0.13, 1.71, 0.01], [2.81, 1.91, 2.17], [1.77, 2.19, 2.04], [4.79, 3.77, 2.11], [1.37, 1.79, 0.91], [2.98, 0.34, 2.16], [1.84, 1.93, 1.53], [3.81, 3.76, 1.97], [0.03, 1.45, 0.0], [1.7, 0.41, 1.39], [0.66, 0.33, 1.06], [0.04, 1.19, 0.0], [2.09, 3.45, 0.22], [6.16, 4.28, 1.46]]","[410, 528, 515, 511, 601, 519, 592, 497, 554, 506, 603, 608, 508, 557, 540, 552, 532, 538, 531, 558, 576, 571, 584, 582, 578, 585]",38.6
1223,1790252359392380166,307200,102054,28,19,106.2,"[25.1, 25.8, 28.1, 29.7, 38.0, 42.9, 44.6, 46.5, 47.4, 48.5, 75.0, 82.0, 82.2, 87.3, 92.0, 97.6, 101.6, 103.9, 106.2]","['NEAR', 'RAIL', 'NEAR', 'INSIDE', 'INSIDE', 'INSIDE', 'INSIDE', 'INSIDE', 'INSIDE', 'NEAR', 'INSIDE', 'INSIDE', 'INSIDE', 'INSIDE', 'INSIDE', 'OUTSIDE', 'INSIDE', 'INSIDE', 'INSIDE']","[[0.52, 0.26, 1.39], [0.59, 0.19, 0.83], [0.31, 0.19, 0.6], [0.46, 1.24, 0.75], [0.09, 0.97, 0.01], [0.43, 2.16, 0.25], [0.16, 1.8, 0.01], [0.7, 1.73, 0.04], [0.16, 0.99, 0.02], [0.15, 1.4, 0.01], [1.98, 1.51, 1.46], [2.01, 2.18, 1.63], [4.23, 2.92, 1.95], [3.76, 3.89, 1.92], [3.18, 3.98, 1.8], [0.52, 0.51, 0.62], [0.1, 2.31, 0.0], [1.44, 3.95, 0.21], [0.36, 0.79, 0.93]]","[515, 601, 511, 519, 597, 497, 592, 608, 554, 569, 540, 538, 532, 531, 576, 584, 574, 594, 585]",43.1
1224,1790252359494172319,307200,108786,23,18,116.9,"[27.8, 37.6, 42.5, 43.9, 46.8, 48.8, 53.4, 77.6, 85.7, 89.1, 91.2, 96.7, 98.7, 99.9, 105.3, 106.0, 107.4, 116.9]","['NEAR', 'NEAR', 'INSIDE', 'INSIDE', 'INSIDE', 'INSIDE', 'NEAR', 'INSIDE', 'INSIDE', 'INSIDE', 'INSIDE', 'RAIL', 'INSIDE', 'INSIDE', 'OUTSIDE', 'INSIDE', 'INSIDE', 'OUTSIDE']","[[4.57, 0.52, 2.48], [0.26, 0.22, 0.83], [0.3, 1.35, 0.27], [0.44, 1.04, 0.02], [0.78, 1.57, 0.05], [0.06, 1.71, 0.0], [5.58, 0.37, 2.17], [1.43, 1.22, 2.21], [3.61, 3.87, 2.1], [0.77, 0.62, 1.78], [1.88, 3.66, 0.77], [1.69, 0.05, 0.42], [0.2, 3.46, 0.23], [0.49, 3.79, 0.87], [0.27, 1.15, 0.92], [2.93, 1.69, 1.22], [0.77, 3.15, 1.15], [1.01, 0.41, 0.79]]","[602, 511, 497, 592, 608, 508, 515, 540, 531, 568, 576, 577, 578, 574, 594, 585, 599, 595]",45.0
1225,1790252359592778565,307200,100357,33,26,115.8,"[25.8, 28.3, 29.7, 32.4, 33.8, 33.9, 37.3, 38.0, 40.1, 41.4, 43.0, 43.0, 44.8, 47.5, 49.1, 73.9, 80.8, 88.0, 89.5, 93.9, 98.7, 101.1, 103.3, 106.1, 110.3, 115.8]","['NEAR', 'NEAR', 'NEAR', 'NEAR', 'RAIL', 'RAIL', 'NEAR', 'NEAR', 'INSIDE', 'INSIDE', 'INSIDE', 'INSIDE', 'INSIDE', 'INSIDE', 'INSIDE', 'INSIDE', 'INSIDE', 'INSIDE', 'INSIDE', 'INSIDE', 'OUTSIDE', 'INSIDE', 'INSIDE', 'OUTSIDE', 'INSIDE', 'OUTSIDE']","[[2.89, 0.28, 1.61], [0.62, 0.18, 1.4], [1.28, 0.22, 1.62], [1.33, 0.23, 1.79], [1.09, 0.27, 0.65], [0.53, 0.2, 0.87], [0.57, 0.84, 0.72], [0.72, 0.33, 0.73], [0.83, 2.4, 0.26], [0.61, 0.58, 0.28], [0.39, 2.08, 0.35], [0.41, 1.8, 0.02], [0.66, 1.06, 0.05], [0.1, 1.02, 0.01], [0.08, 0.84, 0.0], [0.33, 2.47, 0.5], [11.37, 4.33, 2.27], [1.42, 3.95, 2.15], [0.13, 1.41, 0.0], [1.8, 3.45, 0.59], [2.19, 0.27, 1.74], [0.06, 0.88, 0.0], [2.39, 4.43, 0.91], [1.0, 0.45, 1.15], [1.39, 3.27, 0.73], [1.67, 0.4, 1.5]]","[410, 528, 602, 511, 601, 508, 597, 519, 497, 506, 608, 592, 603, 517, 563, 557, 552, 558, 572, 571, 584, 574, 598, 594, 605, 595]",42.9
1226,1790252359689355033,307200,103840,25,20,115.6,"[25.0, 34.1, 35.9, 38.4, 42.4, 43.3, 44.9, 47.5, 47.6, 74.1, 83.6, 86.2, 86.8, 92.0, 99.0, 102.3, 102.6, 105.6, 108.2, 115.6]","['OUTSIDE', 'NEAR', 'NEAR', 'RAIL', 'NEAR', 'INSIDE', 'INSIDE', 'INSIDE', 'NEAR', 'NEAR', 'INSIDE', 'INSIDE', 'OUTSIDE', 'INSIDE', 'INSIDE', 'OUTSIDE', 'INSIDE', 'INSIDE', 'OUTSIDE', 'INSIDE']","[[3.02, 0.23, 1.69], [2.44, 0.33, 2.17], [1.46, 0.28, 1.89], [0.51, 0.17, 0.94], [0.92, 0.35, 0.94], [1.21, 2.18, 0.57], [0.21, 2.11, 0.33], [0.22, 1.36, 0.01], [0.55, 1.49, 0.03], [0.1, 1.42, 0.0], [2.86, 3.66, 2.25], [0.65, 0.35, 1.88], [1.0, 0.31, 1.01], [2.75, 3.93, 1.87], [1.31, 3.81, 1.92], [0.2, 0.35, 0.65], [2.08, 0.88, 1.57], [2.77, 3.87, 1.68], [0.49, 1.65, 0.23], [2.11, 3.8, 1.74]]","[602, 511, 601, 569, 597, 506, 608, 592, 603, 557, 532, 531, 566, 576, 578, 598, 574, 585, 599, 600]",42.1
1227,1790252359793966810,307200,110038,28,23,115.1,"[26.0, 28.2, 30.6, 32.1, 34.1, 35.5, 36.9, 38.3, 40.1, 43.1, 46.8, 48.3, 84.5, 90.2, 91.9, 92.2, 97.5, 98.9, 100.8, 101.5, 104.9, 112.8, 115.1]","['NEAR', 'NEAR', 'NEAR', 'INSIDE', 'INSIDE', 'INSIDE', 'INSIDE', 'INSIDE', 'INSIDE', 'NEAR', 'INSIDE', 'INSIDE', 'INSIDE', 'INSIDE', 'INSIDE', 'RAIL', 'INSIDE', 'INSIDE', 'OUTSIDE', 'INSIDE', 'INSIDE', 'INSIDE', 'OUTSIDE']","[[1.22, 0.3, 2.23], [0.51, 0.27, 1.91], [0.74, 0.39, 0.52], [0.65, 2.56, 0.24], [0.3, 1.79, 0.02], [0.05, 1.54, 0.0], [0.41, 1.9, 0.04], [0.27, 0.9, 0.01], [0.24, 0.84, 0.01], [0.28, 1.48, 0.02], [0.89, 0.94, 0.05], [0.61, 2.22, 0.04], [4.07, 4.16, 2.25], [0.03, 0.94, 0.0], [2.76, 3.75, 1.65], [1.65, 0.01, 0.45], [1.33, 4.08, 0.2], [1.01, 1.86, 0.2], [0.19, 0.34, 0.63], [3.01, 1.04, 1.39], [4.26, 3.83, 1.65], [1.87, 4.17, 1.72], [0.4, 1.21, 0.76]]","[601, 508, 519, 497, 506, 608, 554, 592, 563, 603, 410, 517, 532, 572, 576, 571, 582, 578, 598, 574, 585, 605, 595]",39.6
1228,1790252359893479854,307200,101865,25,20,115.2,"[26.0, 27.0, 28.1, 35.6, 38.4, 43.0, 43.1, 45.0, 48.1, 49.3, 84.5, 90.9, 91.7, 93.2, 98.6, 103.6, 104.9, 107.8, 112.2, 115.2]","['NEAR', 'OUTSIDE', 'INSIDE', 'NEAR', 'NEAR', 'INSIDE', 'INSIDE', 'INSIDE', 'INSIDE', 'INSIDE', 'INSIDE', 'OUTSIDE', 'INSIDE', 'INSIDE', 'INSIDE', 'NEAR', 'INSIDE', 'INSIDE', 'RAIL', 'INSIDE']","[[0.28, 0.38, 2.26], [0.93, 0.25, 0.97], [3.1, 1.18, 2.62], [0.51, 0.22, 1.64], [1.14, 0.29, 0.71], [0.35, 2.07, 0.25], [0.16, 2.11, 0.33], [0.48, 1.81, 0.05], [0.29, 0.9, 0.01], [0.36, 2.1, 0.02], [3.14, 3.96, 2.27], [1.13, 0.96, 0.26], [2.14, 3.5, 0.78], [1.1, 0.05, 0.65], [1.41, 4.37, 1.27], [1.5, 0.58, 0.88], [6.16, 3.82, 1.78], [0.04, 1.69, 0.0], [0.02, 0.26, 0.17], [0.44, 3.86, 0.24]]","[602, 508, 511, 601, 554, 497, 410, 597, 592, 603, 532, 576, 572, 571, 578, 585, 574, 599, 605, 600]",39.9
1229,1790252359993859855,307200,99991,28,23,111.5,"[25.2, 26.2, 30.7, 32.5, 33.3, 38.8, 43.9, 44.4, 45.8, 46.2, 47.8, 54.6, 82.2, 83.6, 84.4, 90.5, 92.7, 95.3, 97.7, 101.0, 103.2, 109.8, 111.5]","['OUTSIDE', 'NEAR', 'INSIDE', 'NEAR', 'INSIDE', 'INSIDE', 'INSIDE', 'INSIDE', 'INSIDE', 'INSIDE', 'INSIDE', 'INSIDE', 'INSIDE', 'INSIDE', 'OUTSIDE', 'INSIDE', 'INSIDE', 'INSIDE', 'INSIDE', 'INSIDE', 'RAIL', 'OUTSIDE', 'INSIDE']","[[3.07, 0.28, 1.7], [2.1, 0.25, 1.78], [0.33, 1.14, 0.46], [0.81, 0.34, 0.51], [1.14, 1.07, 0.66], [0.41, 0.95, 0.44], [0.06, 1.71, 0.0], [0.49, 1.73, 0.05], [0.54, 2.11, 0.03], [0.21, 1.76, 0.01], [0.77, 2.24, 0.31], [0.1, 2.1, 0.0], [0.08, 1.61, 0.0], [1.83, 3.97, 2.15], [1.79, 0.25, 1.51], [5.84, 4.03, 2.01], [1.05, 0.09, 0.78], [0.42, 1.13, 1.84], [1.71, 4.47, 1.23], [2.6, 3.66, 1.1], [1.74, 0.65, 0.66], [1.82, 0.57, 1.49], [1.58, 3.82, 0.75]]","[602, 508, 597, 519, 506, 511, 592, 554, 569, 410, 517, 515, 532, 538, 566, 572, 571, 577, 582, 598, 585, 599, 605]",43.6
1230,1790252360101326653,307200,109048,27,23,110.6,"[24.9, 26.1, 32.3, 33.8, 34.5, 36.0, 38.6, 40.1, 41.1, 42.2, 44.3, 49.3, 81.2, 81.3, 84.7, 88.3, 92.2, 92.7, 95.9, 98.7, 100.2, 109.9, 110.6]","['OUTSIDE', 'OUTSIDE', 'RAIL', 'OUTSIDE', 'NEAR', 'OUTSIDE', 'INSIDE', 'INSIDE', 'INSIDE', 'INSIDE', 'INSIDE', 'NEAR', 'INSIDE', 'INSIDE', 'RAIL', 'INSIDE', 'OUTSIDE', 'INSIDE', 'INSIDE', 'OUTSIDE', 'INSIDE', 'INSIDE', 'INSIDE']","[[0.5, 0.18, 1.27], [0.75, 0.17, 1.48], [0.83, 0.32, 1.09], [0.78, 0.27, 0.9], [0.46, 0.35, 0.59], [0.35, 0.18, 0.71], [0.51, 2.1, 0.29], [0.06, 1.7, 0.0], [0.71, 1.82, 0.07], [0.48, 2.02, 0.03], [0.59, 2.7, 0.29], [0.5, 1.12, 0.31], [2.85, 0.74, 2.32], [1.68, 3.91, 0.34], [1.96, 0.04, 0.58], [2.68, 4.06, 1.73], [2.91, 0.37, 1.65], [2.93, 0.09, 1.04], [1.09, 4.25, 0.79], [1.49, 0.42, 1.28], [1.78, 3.86, 0.63], [1.98, 3.56, 0.96], [0.18, 0.24, 1.51]]","[528, 602, 569, 597, 506, 563, 603, 592, 554, 410, 517, 608, 552, 538, 531, 558, 576, 571, 577, 584, 598, 605, 599]",43.6
1231,1790252360188212534,307200,97144,27,25,115.6,"[26.2, 31.0, 34.9, 36.9, 38.5, 42.4, 43.9, 47.7, 48.2, 49.0, 79.4, 80.3, 80.4, 82.0, 83.2, 83.3, 87.1, 90.7, 92.5, 96.0, 99.2, 101.0, 106.2, 110.8, 115.6]","['OUTSIDE', 'OUTSIDE', 'NEAR', 'RAIL', 'INSIDE', 'INSIDE', 'INSIDE', 'INSIDE', 'INSIDE', 'INSIDE', 'INSIDE', 'INSIDE', 'RAIL', 'OUTSIDE', 'INSIDE', 'INSIDE', 'INSIDE', 'INSIDE', 'OUTSIDE', 'INSIDE', 'OUTSIDE', 'INSIDE', 'OUTSIDE', 'INSIDE', 'OUTSIDE']","[[1.1, 0.29, 1.59], [2.08, 0.23, 1.68], [0.42, 0.23, 1.63], [0.28, 0.14, 0.53], [0.25, 1.96, 0.29], [0.07, 2.32, 0.01], [0.85, 1.1, 0.06], [0.24, 1.68, 0.01], [0.05, 1.88, 0.0], [0.16, 1.01, 0.02], [1.67, 0.56, 2.09], [0.04, 0.84, 0.0], [1.67, 0.28, 1.09], [0.8, 1.91, 0.89], [0.06, 2.03, 0.0], [2.07, 0.08, 0.59], [5.2, 3.58, 1.73], [3.07, 0.15, 1.22], [2.06, 0.2, 1.41], [3.54, 4.45, 1.86], [0.83, 0.19, 0.96], [2.67, 4.4, 1.96], [0.2, 0.38, 0.24], [0.51, 3.88, 0.45], [0.62, 0.48, 1.51]]","[508, 602, 601, 569, 612, 410, 603, 592, 528, 554, 552, 538, 532, 566, 531, 558, 568, 571, 576, 577, 584, 598, 594, 605, 595]",40.5
1232,1790252360291523695,307200,100478,26,24,114.3,"[31.1, 35.2, 37.6, 39.8, 43.1, 44.6, 46.9, 47.4, 47.5, 49.5, 81.6, 81.7, 84.6, 90.3, 90.8, 93.4, 93.8, 96.1, 98.9, 99.4, 105.4, 109.2, 113.9, 114.3]","['NEAR', 'NEAR', 'OUTSIDE', 'OUTSIDE', 'NEAR', 'NEAR', 'INSIDE', 'INSIDE', 'INSIDE', 'INSIDE', 'INSIDE', 'RAIL', 'INSIDE', 'RAIL', 'INSIDE', 'OUTSIDE', 'NEAR', 'OUTSIDE', 'INSIDE', 'NEAR', 'INSIDE', 'OUTSIDE', 'OUTSIDE', 'INSIDE']","[[2.35, 0.23, 2.36], [2.99, 0.39, 2.47], [1.28, 0.22, 1.56], [3.45, 0.36, 2.24], [0.16, 0.22, 0.21], [0.7, 0.22, 1.74], [1.71, 2.46, 0.82], [0.6, 1.85, 0.04], [0.4, 1.71, 0.02], [0.11, 2.16, 0.0], [1.99, 0.06, 0.57], [3.14, 0.31, 0.74], [5.03, 3.98, 2.24], [0.1, 0.06, 0.58], [1.7, 3.94, 0.99], [0.42, 0.36, 0.42], [2.28, 0.63, 2.08], [1.66, 0.54, 1.69], [0.46, 3.15, 0.18], [1.62, 0.72, 1.71], [1.81, 3.68, 1.86], [2.69, 0.2, 0.46], [1.72, 0.84, 1.98], [2.3, 0.66, 0.78]]","[563, 602, 528, 508, 601, 511, 612, 603, 592, 569, 558, 532, 531, 571, 572, 576, 577, 582, 578, 598, 574, 605, 595, 600]",40.2
1233,1790252360391944286,307200,102647,29,25,114.3,"[23.7, 24.4, 28.9, 31.9, 35.4, 41.0, 46.1, 47.3, 47.6, 47.9, 48.7, 81.7, 83.1, 83.4, 85.8, 86.5, 88.7, 88.9, 93.1, 97.4, 101.9, 104.7, 108.2, 112.5, 114.3]","['OUTSIDE', 'NEAR', 'NEAR', 'NEAR', 'NEAR', 'INSIDE', 'INSIDE', 'INSIDE', 'INSIDE', 'INSIDE', 'INSIDE', 'INSIDE', 'OUTSIDE', 'INSIDE', 'OUTSIDE', 'INSIDE', 'INSIDE', 'RAIL', 'INSIDE', 'NEAR', 'INSIDE', 'OUTSIDE', 'INSIDE', 'OUTSIDE', 'INSIDE']","[[1.98, 0.27, 1.66], [2.91, 0.23, 1.83], [0.49, 0.18, 0.32], [0.75, 0.65, 0.68], [0.7, 0.26, 0.41], [0.22, 2.15, 0.31], [0.09, 1.02, 0.0], [0.29, 1.29, 0.02], [0.25, 1.01, 0.02], [0.21, 2.16, 0.01], [0.21, 1.23, 0.02], [0.06, 2.85, 0.0], [1.28, 0.63, 0.59], [1.66, 0.05, 1.08], [1.9, 1.55, 2.27], [0.54, 0.9, 0.95], [1.16, 2.86, 0.76], [3.03, 0.11, 0.97], [3.4, 4.44, 1.8], [1.61, 0.77, 0.82], [0.61, 3.37, 0.82], [3.48, 0.57, 1.53], [1.41, 4.12, 0.69], [0.44, 0.42, 1.7], [1.49, 0.42, 0.47]]","[563, 601, 508, 597, 554, 603, 511, 592, 497, 569, 612, 566, 532, 558, 568, 531, 572, 571, 576, 598, 578, 594, 605, 595, 600]",42.3
1234,1790252360492553718,307200,109095,31,26,112.4,"[23.0, 29.2, 30.4, 31.4, 31.9, 33.8, 33.8, 35.4, 36.8, 40.1, 46.1, 48.8, 49.7, 54.4, 76.8, 84.1, 89.5, 90.4, 90.4, 94.5, 96.0, 101.1, 103.2, 109.1, 111.3, 112.4]","['NEAR', 'NEAR', 'NEAR', 'NEAR', 'INSIDE', 'INSIDE', 'INSIDE', 'INSIDE', 'INSIDE', 'INSIDE', 'INSIDE', 'INSIDE', 'INSIDE', 'OUTSIDE', 'RAIL', 'INSIDE', 'INSIDE', 'OUTSIDE', 'NEAR', 'INSIDE', 'NEAR', 'INSIDE', 'INSIDE', 'INSIDE', 'INSIDE', 'INSIDE']","[[2.53, 0.19, 1.49], [3.31, 0.37, 2.41], [0.75, 0.21, 2.26], [0.36, 0.14, 0.55], [0.24, 0.96, 0.03], [1.23, 1.34, 0.74], [0.38, 2.15, 0.31], [0.15, 1.77, 0.01], [0.43, 1.01, 0.04], [0.35, 1.05, 0.03], [1.19, 2.29, 0.57], [0.21, 1.0, 0.02], [0.4, 2.21, 0.32], [8.19, 1.79, 2.75], [1.26, 0.18, 0.69], [9.87, 4.21, 2.57], [0.05, 0.94, 0.0], [0.56, 0.19, 0.62], [1.31, 0.7, 1.97], [4.34, 3.63, 1.83], [1.68, 0.7, 0.8], [0.82, 0.37, 0.83], [0.18, 2.7, 0.0], [0.04, 0.95, 0.0], [1.6, 4.06, 2.13], [0.72, 0.33, 1.7]]","[528, 563, 601, 511, 597, 519, 603, 592, 497, 506, 517, 612, 608, 515, 557, 558, 572, 576, 571, 582, 598, 578, 594, 605, 599, 600]",41.4
1235,1790252360593986917,307200,102703,28,26,110.3,"[29.4, 32.3, 33.8, 33.9, 37.5, 42.9, 47.1, 47.2, 48.8, 78.2, 80.4, 82.1, 83.3, 85.3, 86.5, 86.7, 89.2, 92.0, 94.5, 95.6, 100.6, 101.2, 105.3, 106.0, 110.0, 110.3]","['NEAR', 'NEAR', 'RAIL', 'INSIDE', 'RAIL', 'INSIDE', 'INSIDE', 'INSIDE', 'INSIDE', 'RAIL', 'INSIDE', 'OUTSIDE', 'INSIDE', 'INSIDE', 'OUTSIDE', 'RAIL', 'INSIDE', 'INSIDE', 'NEAR', 'INSIDE', 'OUTSIDE', 'INSIDE', 'OUTSIDE', 'INSIDE', 'OUTSIDE', 'INSIDE']","[[4.86, 0.39, 2.69], [1.85, 0.24, 1.95], [0.52, 0.24, 0.93], [0.42, 2.06, 0.29], [0.81, 0.15, 0.46], [0.27, 0.92, 0.02], [0.11, 1.06, 0.01], [0.41, 1.06, 0.03], [0.18, 2.22, 0.31], [1.08, 0.13, 0.66], [1.68, 0.08, 1.41], [3.31, 1.68, 2.61], [2.13, 1.41, 2.2], [0.07, 1.04, 0.0], [2.01, 0.24, 0.69], [0.99, 0.1, 0.73], [1.9, 4.5, 2.56], [3.97, 3.16, 2.18], [1.6, 0.69, 1.04], [1.49, 3.88, 0.84], [2.49, 0.57, 2.05], [0.04, 0.16, 1.13], [1.68, 1.71, 0.41], [0.03, 1.67, 0.0], [1.31, 0.48, 1.91], [2.03, 0.42, 2.11]]","[602, 601, 508, 612, 569, 497, 506, 410, 608, 557, 552, 532, 558, 531, 568, 571, 572, 576, 577, 582, 584, 578, 574, 594, 599, 605]",44.4
1236,1790252360690134345,307200,102447,28,26,108.4,"[23.3, 27.1, 29.4, 32.1, 33.8, 33.9, 33.9, 36.2, 38.6, 40.8, 42.0, 46.8, 47.3, 48.6, 49.1, 49.6, 80.4, 84.3, 84.8, 88.1, 89.1, 95.9, 97.2, 99.6, 100.8, 108.4]","['OUTSIDE', 'OUTSIDE', 'NEAR', 'NEAR', 'NEAR', 'NEAR', 'RAIL', 'INSIDE', 'NEAR', 'INSIDE', 'NEAR', 'INSIDE', 'INSIDE', 'INSIDE', 'INSIDE', 'INSIDE', 'INSIDE', 'RAIL', 'INSIDE', 'INSIDE', 'INSIDE', 'INSIDE', 'INSIDE', 'OUTSIDE', 'INSIDE', 'INSIDE']","[[3.06, 0.27, 1.87], [6.04, 0.37, 1.77], [0.81, 0.17, 0.78], [3.49, 0.24, 1.83], [0.71, 0.28, 1.66], [0.52, 0.14, 0.99], [1.79, 0.43, 0.78], [0.47, 1.41, 0.26], [0.41, 0.41, 0.49], [0.97, 2.21, 0.58], [0.61, 0.27, 0.32], [0.3, 1.65, 0.03], [0.15, 1.8, 0.01], [0.19, 1.06, 0.01], [0.69, 1.0, 0.04], [0.14, 2.13, 0.01], [3.11, 0.09, 1.62], [0.09, 0.09, 0.71], [1.78, 4.34, 0.92], [3.46, 1.14, 2.36], [5.87, 3.97, 2.6], [0.08, 1.81, 0.19], [0.12, 3.7, 0.19], [1.96, 0.49, 2.02], [2.1, 0.16, 1.32], [1.67, 4.15, 2.08]]","[528, 602, 563, 508, 511, 601, 569, 597, 497, 612, 506, 517, 592, 603, 614, 608, 552, 558, 531, 571, 572, 582, 598, 584, 578, 599]",43.8
1237,1790252360790137004,307200,94612,27,22,108.0,"[21.7, 27.6, 30.9, 31.0, 32.1, 35.8, 38.1, 40.8, 41.5, 46.1, 47.1, 47.8, 48.8, 49.6, 86.0, 91.3, 95.7, 97.1, 101.7, 106.2, 107.0, 108.0]","['OUTSIDE', 'NEAR', 'NEAR', 'RAIL', 'INSIDE', 'NEAR', 'INSIDE', 'INSIDE', 'INSIDE', 'INSIDE', 'RAIL', 'INSIDE', 'INSIDE', 'INSIDE', 'INSIDE', 'INSIDE', 'INSIDE', 'INSIDE', 'OUTSIDE', 'OUTSIDE', 'INSIDE', 'INSIDE']","[[7.71, 0.45, 2.42], [1.99, 0.28, 2.28], [0.84, 0.3, 1.32], [1.75, 0.54, 0.76], [0.87, 2.23, 0.25], [0.4, 0.31, 0.74], [1.0, 2.18, 0.9], [0.18, 1.07, 0.02], [0.09, 1.75, 0.01], [0.39, 1.93, 0.02], [0.57, 0.15, 0.55], [1.01, 2.27, 0.49], [0.46, 1.98, 0.03], [0.44, 1.57, 0.03], [9.05, 4.59, 2.62], [1.14, 3.98, 2.2], [0.1, 1.84, 0.0], [0.24, 3.56, 0.01], [2.5, 0.44, 0.95], [1.43, 0.48, 2.05], [0.26, 2.37, 0.19], [0.72, 0.26, 1.63]]","[602, 508, 601, 569, 597, 497, 612, 519, 603, 592, 511, 517, 410, 614, 531, 576, 582, 598, 584, 574, 594, 599]",40.8
1238,1790252360893857850,307200,101828,33,27,106.5,"[27.3, 29.3, 30.5, 32.0, 34.3, 38.6, 41.2, 42.4, 43.8, 46.4, 46.5, 48.6, 48.8, 49.3, 81.8, 87.1, 90.0, 92.9, 94.3, 95.7, 97.8, 98.8, 100.1, 100.2, 102.3, 105.6, 106.5]","['NEAR', 'NEAR', 'NEAR', 'NEAR', 'NEAR', 'RAIL', 'RAIL', 'INSIDE', 'NEAR', 'INSIDE', 'INSIDE', 'INSIDE', 'INSIDE', 'INSIDE', 'INSIDE', 'INSIDE', 'NEAR', 'OUTSIDE', 'INSIDE', 'OUTSIDE', 'OUTSIDE', 'OUTSIDE', 'INSIDE', 'INSIDE', 'INSIDE', 'OUTSIDE', 'INSIDE']","[[0.78, 0.22, 1.07], [1.27, 0.2, 1.41], [2.35, 0.32, 1.88], [1.32, 0.33, 1.87], [0.14, 0.2, 0.43], [1.29, 0.56, 0.82], [2.11, 0.21, 0.88], [1.35, 2.21, 1.3], [0.98, 0.26, 0.59], [0.25, 1.92, 0.25], [1.49, 2.16, 0.48], [0.71, 2.1, 0.75], [0.08, 2.56, 0.0], [0.6, 2.31, 0.64], [6.09, 4.53, 2.77], [5.78, 3.93, 2.73], [1.71, 0.67, 2.37], [1.15, 0.2, 0.9], [0.08, 3.46, 0.0], [0.22, 1.34, 0.19], [0.86, 0.43, 0.66], [0.11, 1.54, 0.2], [1.92, 0.05, 1.35], [0.35, 0.73, 0.2], [1.58, 2.7, 1.08], [1.46, 0.46, 2.03], [0.83, 0.38, 2.04]]","[616, 602, 508, 601, 592, 569, 511, 519, 612, 497, 517, 614, 410, 608, 566, 531, 571, 576, 582, 598, 584, 578, 577, 585, 594, 574, 599]",42.0
1239,1790252360989456543,307200,98626,25,20,105.0,"[26.6, 27.4, 27.6, 37.1, 41.1, 41.6, 43.9, 45.2, 48.9, 87.1, 88.5, 89.0, 94.2, 95.0, 95.9, 96.8, 98.3, 99.6, 103.5, 105.0]","['NEAR', 'NEAR', 'NEAR', 'NEAR', 'NEAR', 'NEAR', 'INSIDE', 'INSIDE', 'INSIDE', 'OUTSIDE', 'INSIDE', 'NEAR', 'INSIDE', 'OUTSIDE', 'INSIDE', 'INSIDE', 'OUTSIDE', 'INSIDE', 'INSIDE', 'INSIDE']","[[4.26, 0.3, 2.51], [2.02, 0.28, 2.22], [1.55, 0.23, 1.16], [1.96, 0.28, 1.91], [0.58, 0.41, 1.16], [0.39, 0.54, 0.45], [0.32, 1.81, 0.02], [0.3, 1.05, 0.03], [0.31, 1.45, 0.02], [4.64, 0.35, 2.66], [0.5, 3.75, 0.2], [1.7, 0.74, 1.37], [0.11, 0.96, 0.22], [1.88, 1.36, 2.47], [0.09, 2.84, 0.0], [2.94, 0.06, 0.39], [1.57, 0.23, 1.73], [1.33, 2.27, 0.88], [0.8, 4.02, 2.27], [0.77, 0.41, 2.01]]","[602, 508, 616, 601, 497, 519, 603, 554, 614, 568, 572, 571, 582, 598, 584, 577, 578, 585, 594, 599]",38.4
1240,1790252361091568454,307200,102622,27,22,103.0,"[28.6, 29.6, 31.4, 35.4, 36.9, 37.7, 38.4, 38.7, 39.7, 41.7, 42.6, 43.5, 45.1, 45.6, 46.7, 49.0, 87.0, 91.8, 93.0, 96.7, 98.4, 103.0]","['NEAR', 'NEAR', 'NEAR', 'NEAR', 'NEAR', 'NEAR', 'RAIL', 'RAIL', 'NEAR', 'INSIDE', 'INSIDE', 'INSIDE', 'INSIDE', 'INSIDE', 'INSIDE', 'INSIDE', 'INSIDE', 'INSIDE', 'INSIDE', 'OUTSIDE', 'INSIDE', 'INSIDE']","[[2.71, 0.23, 1.7], [2.71, 0.23, 1.73], [1.31, 0.26, 1.2], [0.14, 0.17, 0.32], [0.31, 0.2, 0.82], [1.37, 0.28, 0.97], [1.67, 0.56, 0.87], [1.37, 0.17, 0.71], [0.56, 0.24, 0.45], [0.17, 1.87, 0.25], [0.38, 1.08, 0.33], [0.1, 2.12, 0.74], [0.24, 1.03, 0.02], [0.72, 2.38, 0.77], [0.38, 2.14, 0.02], [0.11, 2.97, 0.01], [1.68, 4.42, 2.73], [1.84, 2.34, 2.43], [2.82, 3.81, 2.02], [2.02, 0.94, 2.15], [1.03, 0.11, 1.5], [3.01, 4.34, 2.25]]","[563, 616, 508, 592, 528, 601, 569, 511, 519, 612, 603, 614, 410, 517, 608, 506, 531, 582, 576, 598, 577, 594]",41.3
1241,1790252361190136847,307200,102753,25,20,101.3,"[23.4, 27.6, 29.5, 33.5, 37.5, 38.5, 41.8, 42.2, 44.8, 46.6, 48.6, 85.5, 86.1, 87.8, 91.8, 91.9, 93.7, 95.7, 101.1, 101.3]","['OUTSIDE', 'NEAR', 'NEAR', 'NEAR', 'RAIL', 'INSIDE', 'INSIDE', 'INSIDE', 'INSIDE', 'INSIDE', 'INSIDE', 'NEAR', 'OUTSIDE', 'INSIDE', 'OUTSIDE', 'OUTSIDE', 'INSIDE', 'INSIDE', 'OUTSIDE', 'INSIDE']","[[11.78, 0.5, 2.13], [1.66, 0.34, 1.76], [0.87, 0.09, 0.51], [1.08, 0.19, 1.08], [1.93, 0.55, 0.83], [0.4, 2.65, 0.25], [1.26, 2.16, 1.24], [0.85, 2.09, 0.45], [0.25, 2.04, 0.36], [0.51, 1.17, 0.04], [0.27, 2.01, 0.02], [1.74, 0.79, 1.52], [2.83, 0.26, 2.5], [1.43, 3.9, 0.25], [1.4, 0.45, 0.36], [1.56, 0.39, 2.06], [5.04, 0.34, 2.65], [0.06, 3.51, 0.0], [1.39, 0.77, 2.43], [2.25, 0.55, 2.4]]","[528, 508, 592, 601, 569, 597, 612, 554, 614, 506, 608, 558, 568, 572, 576, 598, 582, 584, 594, 585]",33.8
1242,1790252361294424823,307200,103175,20,15,99.8,"[31.6, 32.4, 33.3, 35.3, 37.6, 40.9, 42.6, 46.8, 47.7, 88.3, 90.4, 91.3, 94.9, 99.6, 99.8]","['NEAR', 'NEAR', 'NEAR', 'NEAR', 'INSIDE', 'INSIDE', 'INSIDE', 'INSIDE', 'INSIDE', 'INSIDE', 'INSIDE', 'INSIDE', 'INSIDE', 'OUTSIDE', 'INSIDE']","[[0.69, 0.22, 1.49], [4.1, 0.28, 2.11], [0.64, 0.19, 1.51], [0.5, 0.17, 1.37], [0.05, 1.25, 0.01], [0.18, 2.84, 0.01], [0.46, 1.99, 0.04], [0.9, 1.75, 0.07], [0.78, 1.95, 0.05], [0.23, 3.92, 0.21], [3.4, 3.03, 1.96], [5.06, 0.12, 1.82], [1.69, 4.18, 0.66], [1.42, 0.43, 2.37], [2.15, 0.51, 2.22]]","[528, 602, 592, 601, 506, 410, 517, 612, 614, 572, 576, 582, 584, 578, 585]",31.8
1243,1790252361391544892,307200,103486,21,18,98.4,"[29.0, 29.6, 32.0, 32.9, 34.4, 36.9, 38.8, 39.1, 42.4, 42.5, 44.8, 46.2, 48.1, 86.2, 88.9, 91.2, 98.1, 98.4]","['NEAR', 'NEAR', 'NEAR', 'RAIL', 'RAIL', 'NEAR', 'NEAR', 'INSIDE', 'INSIDE', 'INSIDE', 'INSIDE', 'INSIDE', 'NEAR', 'INSIDE', 'INSIDE', 'INSIDE', 'OUTSIDE', 'INSIDE']","[[0.63, 0.18, 1.49], [1.29, 0.24, 0.98], [0.59, 0.17, 1.59], [1.71, 0.58, 0.95], [0.12, 0.16, 0.55], [0.2, 0.26, 0.76], [0.83, 0.3, 1.05], [0.93, 2.1, 0.52], [0.28, 2.09, 0.5], [0.31, 1.04, 0.02], [0.26, 2.57, 0.02], [0.86, 1.79, 0.05], [0.6, 1.43, 0.31], [1.37, 4.0, 0.21], [5.02, 0.09, 1.61], [6.14, 4.01, 2.43], [1.41, 0.47, 2.34], [2.1, 0.53, 2.33]]","[592, 508, 601, 608, 569, 519, 506, 612, 554, 410, 603, 614, 517, 531, 571, 576, 578, 577]",41.8
1244,1790252361490552039,307200,103851,28,21,96.8,"[26.4, 27.2, 27.8, 32.6, 33.0, 37.5, 39.7, 40.8, 41.7, 42.8, 43.4, 44.4, 44.6, 45.7, 48.3, 81.8, 87.0, 90.2, 91.6, 92.6, 96.8]","['NEAR', 'NEAR', 'NEAR', 'NEAR', 'OUTSIDE', 'OUTSIDE', 'INSIDE', 'OUTSIDE', 'INSIDE', 'INSIDE', 'INSIDE', 'INSIDE', 'INSIDE', 'INSIDE', 'INSIDE', 'INSIDE', 'INSIDE', 'OUTSIDE', 'INSIDE', 'INSIDE', 'INSIDE']","[[2.44, 0.32, 1.57], [0.79, 0.13, 0.87], [1.27, 0.24, 1.04], [0.66, 0.18, 1.38], [0.34, 0.17, 1.02], [0.18, 0.1, 1.01], [0.46, 0.86, 1.15], [0.44, 0.24, 0.72], [0.37, 2.0, 0.27], [0.7, 0.84, 0.57], [0.19, 2.08, 0.7], [0.77, 2.15, 0.31], [0.69, 1.73, 0.06], [0.21, 1.8, 0.01], [0.2, 2.63, 0.01], [2.75, 4.57, 2.75], [6.21, 4.0, 2.71], [0.11, 0.14, 1.76], [0.06, 1.94, 0.0], [4.62, 0.1, 1.36], [2.32, 4.07, 2.31]]","[602, 616, 601, 508, 592, 614, 497, 519, 554, 612, 603, 410, 506, 569, 511, 566, 531, 576, 584, 582, 578]",42.5
1245,1790252361591205983,307200,102562,26,19,101.9,"[27.6, 31.5, 37.1, 39.7, 39.8, 42.8, 42.9, 43.8, 46.5, 48.6, 80.4, 82.6, 86.1, 86.2, 89.9, 91.1, 94.3, 95.2, 101.9]","['NEAR', 'NEAR', 'NEAR', 'NEAR', 'NEAR', 'INSIDE', 'INSIDE', 'INSIDE', 'INSIDE', 'NEAR', 'RAIL', 'INSIDE', 'OUTSIDE', 'INSIDE', 'INSIDE', 'INSIDE', 'OUTSIDE', 'INSIDE', 'INSIDE']","[[3.4, 0.31, 2.35], [0.66, 0.18, 1.27], [1.46, 0.2, 0.93], [2.86, 0.32, 2.32], [1.23, 0.22, 1.1], [0.26, 1.69, 0.02], [0.49, 2.99, 0.37], [0.1, 1.8, 0.01], [0.26, 1.06, 0.02], [0.44, 1.2, 0.28], [0.08, 0.08, 0.88], [0.09, 1.3, 0.0], [1.88, 0.6, 2.66], [0.52, 3.82, 0.37], [7.6, 3.99, 2.58], [0.4, 0.1, 1.38], [1.44, 0.37, 2.27], [2.43, 1.64, 2.36], [0.57, 2.13, 0.01]]","[563, 616, 614, 601, 592, 410, 603, 569, 554, 506, 552, 566, 568, 572, 531, 582, 598, 578, 594]",41.0
1246,1790252361694365557,307200,105753,21,16,100.7,"[31.5, 32.7, 35.2, 37.2, 40.0, 42.7, 44.5, 45.2, 46.3, 48.1, 85.4, 86.8, 90.4, 93.4, 94.1, 100.7]","['RAIL', 'NEAR', 'NEAR', 'INSIDE', 'INSIDE', 'INSIDE', 'INSIDE', 'NEAR', 'INSIDE', 'INSIDE', 'INSIDE', 'INSIDE', 'INSIDE', 'OUTSIDE', 'INSIDE', 'INSIDE']","[[1.36, 0.18, 0.6], [3.6, 0.36, 1.93], [1.06, 0.26, 1.0], [0.71, 2.22, 0.54], [0.41, 1.04, 0.33], [0.49, 1.43, 0.03], [0.31, 1.79, 0.02], [0.34, 1.31, 0.02], [0.36, 2.17, 0.02], [0.46, 2.07, 0.03], [0.24, 2.57, 0.01], [6.9, 4.35, 2.79], [1.81, 0.08, 1.61], [1.58, 0.56, 2.23], [2.89, 1.78, 2.47], [2.22, 3.22, 0.18]]","[592, 601, 508, 612, 603, 410, 569, 506, 511, 517, 531, 568, 582, 598, 578, 594]",42.2
1247,1790252361834780127,307200,103535,23,17,92.5,"[27.7, 35.2, 35.4, 37.9, 38.4, 39.3, 39.9, 40.8, 42.8, 43.2, 44.5, 44.7, 49.0, 87.6, 89.7, 92.2, 92.5]","['NEAR', 'RAIL', 'NEAR', 'NEAR', 'NEAR', 'OUTSIDE', 'NEAR', 'INSIDE', 'INSIDE', 'INSIDE', 'INSIDE', 'INSIDE', 'INSIDE', 'INSIDE', 'OUTSIDE', 'OUTSIDE', 'NEAR']","[[1.46, 0.17, 1.73], [1.02, 0.18, 0.58], [0.43, 0.26, 0.78], [2.18, 0.29, 1.55], [0.7, 0.28, 0.88], [0.52, 0.13, 0.28], [0.86, 0.43, 0.36], [0.4, 0.93, 0.03], [0.05, 0.99, 0.01], [0.11, 1.65, 0.01], [0.55, 1.06, 0.05], [0.45, 2.07, 0.03], [0.18, 2.02, 0.01], [1.32, 4.06, 0.44], [0.15, 1.48, 0.79], [1.34, 0.56, 2.2], [2.07, 0.63, 2.4]]","[602, 508, 563, 614, 601, 603, 410, 528, 517, 569, 554, 612, 511, 531, 572, 576, 578]",29.9
1248,1790252361887780811,271872,96018,24,21,180.2,"[26.7, 27.6, 31.0, 33.9, 35.3, 35.6, 37.9, 38.2, 42.8, 44.5, 44.9, 48.6, 81.0, 81.4, 85.4, 86.2, 88.4, 88.6, 90.5, 91.4, 180.2]","['NEAR', 'NEAR', 'NEAR', 'NEAR', 'NEAR', 'INSIDE', 'INSIDE', 'INSIDE', 'INSIDE', 'INSIDE', 'INSIDE', 'INSIDE', 'OUTSIDE', 'INSIDE', 'OUTSIDE', 'INSIDE', 'OUTSIDE', 'INSIDE', 'INSIDE', 'INSIDE', 'OUTSIDE']","[[3.33, 0.26, 1.58], [9.16, 0.4, 2.97], [0.13, 0.2, 0.22], [0.87, 0.28, 0.71], [0.54, 0.22, 0.84], [0.89, 2.19, 0.6], [0.45, 1.06, 0.03], [0.22, 1.0, 0.02], [0.24, 1.8, 0.02], [0.34, 1.06, 0.03], [0.36, 2.08, 0.02], [0.12, 1.55, 0.0], [3.08, 0.64, 2.7], [6.12, 4.09, 2.78], [0.5, 0.21, 2.25], [1.09, 1.11, 0.24], [0.04, 0.62, 0.0], [0.8, 1.42, 2.54], [1.71, 4.29, 2.37], [1.2, 0.3, 2.18], [0.03, 0.33, 0.51]]","[563, 616, 601, 497, 519, 517, 528, 612, 569, 554, 506, 511, 566, 552, 568, 558, 572, 571, 582, 578, 619]",36.9
1249,1790252361997481366,307200,102784,18,15,180.5,"[26.2, 27.5, 30.4, 33.9, 37.7, 42.2, 42.6, 44.3, 45.6, 47.5, 87.8, 88.6, 90.3, 94.1, 180.5]","['NEAR', 'NEAR', 'NEAR', 'NEAR', 'INSIDE', 'INSIDE', 'INSIDE', 'INSIDE', 'INSIDE', 'INSIDE', 'INSIDE', 'INSIDE', 'NEAR', 'INSIDE', 'RAIL']","[[4.58, 0.36, 2.52], [1.31, 0.27, 1.87], [1.23, 0.28, 0.53], [0.74, 0.22, 0.73], [2.03, 2.11, 1.04], [0.68, 2.19, 0.6], [0.11, 1.45, 0.01], [0.5, 1.93, 0.03], [0.28, 0.96, 0.03], [0.15, 1.86, 0.01], [0.67, 0.08, 1.55], [2.3, 4.24, 2.53], [1.76, 0.68, 2.18], [0.24, 2.13, 0.01], [3.78, 0.59, 0.78]]","[614, 592, 616, 497, 519, 517, 528, 569, 554, 511, 571, 531, 578, 584, 619]",38.1
1250,1790252362093029626,307200,101964,20,16,179.0,"[26.8, 27.6, 30.2, 33.6, 37.2, 39.8, 41.7, 42.4, 42.5, 44.1, 44.3, 44.5, 45.8, 82.6, 87.6, 179.0]","['NEAR', 'NEAR', 'RAIL', 'RAIL', 'INSIDE', 'INSIDE', 'INSIDE', 'INSIDE', 'INSIDE', 'INSIDE', 'INSIDE', 'INSIDE', 'INSIDE', 'INSIDE', 'INSIDE', 'RAIL']","[[2.6, 0.31, 1.98], [2.22, 0.43, 2.4], [1.2, 0.3, 1.09], [0.46, 0.18, 0.19], [0.54, 1.3, 0.46], [0.57, 2.15, 0.57], [0.93, 2.18, 0.61], [0.67, 1.82, 0.05], [0.39, 0.77, 0.4], [0.52, 1.83, 0.05], [0.09, 2.08, 0.0], [0.82, 1.04, 0.05], [0.07, 2.16, 0.0], [2.25, 4.24, 2.53], [2.75, 4.21, 2.71], [3.82, 0.58, 0.77]]","[614, 508, 616, 608, 497, 519, 517, 528, 569, 554, 410, 511, 592, 552, 531, 619]",38.4
1251,1790252362189294070,307200,102151,20,15,175.7,"[27.8, 30.7, 33.6, 35.2, 37.7, 38.3, 42.7, 43.6, 44.3, 49.1, 81.4, 82.0, 85.9, 86.5, 175.7]","['RAIL', 'NEAR', 'NEAR', 'INSIDE', 'INSIDE', 'INSIDE', 'INSIDE', 'INSIDE', 'INSIDE', 'INSIDE', 'RAIL', 'INSIDE', 'OUTSIDE', 'INSIDE', 'OUTSIDE']","[[0.94, 0.17, 0.42], [1.28, 0.34, 1.06], [0.92, 0.44, 2.35], [0.72, 2.18, 0.6], [0.56, 2.06, 0.29], [0.89, 0.93, 0.38], [0.25, 0.92, 0.02], [0.31, 1.07, 0.03], [0.17, 2.94, 0.01], [0.7, 2.34, 0.29], [0.34, 0.14, 0.33], [1.75, 4.11, 2.53], [1.94, 0.5, 2.47], [2.07, 2.16, 2.49], [0.03, 0.32, 0.5]]","[563, 614, 601, 517, 519, 569, 528, 554, 592, 506, 552, 566, 568, 558, 619]",38.3
1252,1790252362290217563,307200,101638,23,18,174.2,"[26.8, 28.0, 29.2, 31.0, 32.2, 33.5, 35.2, 37.1, 41.2, 43.0, 47.7, 80.4, 82.0, 84.4, 85.5, 94.1, 102.0, 174.2]","['NEAR', 'NEAR', 'RAIL', 'INSIDE', 'INSIDE', 'INSIDE', 'INSIDE', 'INSIDE', 'INSIDE', 'INSIDE', 'INSIDE', 'INSIDE', 'INSIDE', 'INSIDE', 'INSIDE', 'INSIDE', 'INSIDE', 'OUTSIDE']","[[13.09, 0.45, 2.34], [1.01, 0.41, 1.9], [0.45, 0.17, 0.82], [0.34, 1.88, 0.47], [0.99, 2.18, 0.9], [0.62, 2.07, 0.29], [0.36, 2.91, 0.29], [0.32, 1.8, 0.02], [0.24, 1.49, 0.02], [0.53, 2.2, 0.04], [0.38, 2.11, 0.51], [0.21, 0.07, 1.42], [1.18, 1.78, 2.54], [1.7, 4.27, 2.79], [1.12, 0.35, 2.45], [0.68, 1.8, 0.02], [0.56, 1.6, 0.01], [0.04, 0.3, 0.5]]","[563, 601, 608, 554, 517, 519, 506, 511, 611, 612, 497, 552, 566, 558, 571, 584, 594, 619]",38.8
1253,1790252362391073791,307200,106154,19,15,174.1,"[22.5, 29.2, 30.4, 33.0, 33.6, 37.8, 38.9, 39.2, 39.8, 44.0, 46.3, 49.6, 83.1, 92.3, 174.1]","['NEAR', 'NEAR', 'NEAR', 'NEAR', 'OUTSIDE', 'INSIDE', 'INSIDE', 'INSIDE', 'INSIDE', 'OUTSIDE', 'INSIDE', 'INSIDE', 'INSIDE', 'INSIDE', 'RAIL']","[[6.4, 0.31, 1.77], [5.82, 0.63, 3.06], [0.88, 0.43, 1.84], [0.4, 0.05, 1.54], [0.56, 0.24, 0.83], [1.06, 2.17, 0.58], [0.63, 2.02, 0.36], [0.71, 1.88, 0.06], [0.07, 1.39, 0.0], [0.46, 1.22, 0.03], [0.55, 2.76, 0.03], [0.51, 2.31, 0.51], [2.86, 4.27, 2.57], [0.25, 2.09, 0.01], [2.76, 0.64, 0.75]]","[517, 603, 616, 601, 611, 519, 528, 506, 410, 608, 592, 497, 558, 584, 619]",32.8
1254,1790252362499918316,307200,107482,20,14,171.3,"[25.9, 29.8, 30.8, 33.9, 35.4, 37.7, 44.5, 44.7, 44.7, 48.0, 81.2, 81.5, 87.7, 171.3]","['NEAR', 'INSIDE', 'INSIDE', 'INSIDE', 'INSIDE', 'INSIDE', 'INSIDE', 'INSIDE', 'INSIDE', 'OUTSIDE', 'OUTSIDE', 'INSIDE', 'INSIDE', 'OUTSIDE']","[[1.17, 0.44, 2.16], [0.1, 0.11, 1.48], [0.39, 2.19, 0.8], [0.07, 2.15, 0.3], [0.52, 0.99, 0.49], [0.19, 1.58, 0.01], [0.51, 1.09, 0.41], [0.3, 0.99, 0.03], [0.15, 1.6, 0.01], [0.11, 1.4, 0.01], [1.88, 0.46, 2.72], [3.73, 0.48, 2.69], [0.31, 3.06, 0.01], [5.11, 0.63, 2.2]]","[508, 601, 519, 506, 554, 528, 569, 497, 612, 592, 558, 552, 531, 619]",30.6
1255,1790252362590716232,307200,101529,25,19,171.0,"[18.4, 26.0, 30.5, 34.0, 35.3, 37.2, 37.3, 38.6, 43.2, 44.7, 45.9, 46.6, 48.0, 79.6, 80.5, 82.6, 87.2, 93.9, 171.0]","['NEAR', 'RAIL', 'NEAR', 'NEAR', 'NEAR', 'RAIL', 'INSIDE', 'INSIDE', 'INSIDE', 'INSIDE', 'INSIDE', 'INSIDE', 'INSIDE', 'OUTSIDE', 'NEAR', 'INSIDE', 'INSIDE', 'INSIDE', 'OUTSIDE']","[[1.82, 0.34, 1.25], [0.37, 0.22, 0.56], [1.31, 0.5, 2.46], [0.49, 0.03, 0.9], [1.0, 0.13, 1.46], [0.28, 0.11, 0.82], [0.2, 1.02, 0.03], [0.86, 2.1, 0.54], [1.28, 2.2, 0.59], [0.25, 1.82, 0.02], [0.37, 1.0, 0.04], [0.05, 2.56, 0.0], [0.06, 1.85, 0.01], [2.75, 1.78, 2.61], [2.08, 0.69, 2.65], [0.23, 1.58, 0.01], [2.33, 2.89, 0.19], [0.22, 2.79, 0.01], [2.69, 0.82, 1.89]]","[603, 563, 614, 508, 601, 616, 611, 519, 506, 528, 497, 592, 612, 558, 552, 566, 531, 584, 619]",38.7
1256,1790252362690778302,307200,98995,17,11,170.3,"[25.9, 30.5, 33.6, 34.9, 35.2, 37.0, 44.9, 76.4, 81.0, 85.4, 170.3]","['RAIL', 'INSIDE', 'INSIDE', 'INSIDE', 'INSIDE', 'INSIDE', 'INSIDE', 'INSIDE', 'INSIDE', 'INSIDE', 'OUTSIDE']","[[0.73, 0.05, 1.07], [0.8, 0.75, 0.36], [0.7, 2.06, 1.01], [0.44, 0.99, 0.05], [0.48, 1.07, 0.04], [0.38, 1.06, 0.03], [0.24, 2.08, 0.01], [0.34, 2.25, 1.53], [0.25, 2.12, 0.01], [0.59, 2.98, 0.02], [4.22, 1.04, 2.2]]","[508, 506, 528, 497, 519, 612, 608, 558, 566, 531, 619]",39.1
1257,1790252362799730501,307200,91747,22,16,168.8,"[24.7, 25.9, 27.7, 29.1, 32.1, 35.1, 38.2, 39.9, 40.3, 43.3, 45.1, 47.7, 81.8, 86.4, 103.4, 168.8]","['NEAR', 'NEAR', 'NEAR', 'NEAR', 'NEAR', 'INSIDE', 'NEAR', 'NEAR', 'INSIDE', 'INSIDE', 'INSIDE', 'INSIDE', 'INSIDE', 'INSIDE', 'OUTSIDE', 'OUTSIDE']","[[1.43, 0.47, 2.03], [1.31, 0.07, 1.53], [1.38, 0.09, 1.57], [0.45, 0.04, 1.15], [1.74, 0.3, 1.18], [1.12, 2.1, 1.24], [0.15, 0.26, 0.56], [0.29, 0.43, 0.64], [0.54, 0.55, 0.37], [0.59, 1.47, 0.04], [0.57, 0.99, 0.06], [0.49, 2.21, 0.51], [0.39, 2.72, 0.01], [0.34, 3.32, 0.01], [0.79, 0.24, 1.11], [4.29, 1.03, 1.86]]","[603, 614, 508, 601, 497, 554, 517, 506, 410, 528, 519, 612, 566, 531, 594, 619]",38.2
1258,1790252362889378454,307200,89392,24,17,167.3,"[25.8, 26.6, 31.2, 31.8, 36.6, 37.7, 38.7, 39.0, 40.2, 42.2, 42.5, 43.7, 47.0, 81.9, 86.9, 93.7, 167.3]","['NEAR', 'NEAR', 'NEAR', 'NEAR', 'NEAR', 'NEAR', 'NEAR', 'INSIDE', 'INSIDE', 'INSIDE', 'INSIDE', 'INSIDE', 'NEAR', 'INSIDE', 'INSIDE', 'INSIDE', 'OUTSIDE']","[[0.77, 0.46, 1.94], [0.39, 0.04, 1.34], [0.34, 0.08, 1.59], [1.36, 0.09, 1.53], [0.51, 0.07, 1.76], [0.5, 0.42, 0.65], [0.22, 0.25, 0.55], [1.8, 1.98, 0.28], [0.32, 1.77, 0.02], [0.43, 0.43, 0.32], [0.14, 0.9, 0.01], [0.47, 2.24, 0.03], [0.89, 1.01, 0.05], [0.32, 3.0, 0.01], [0.25, 1.51, 0.01], [0.12, 1.47, 0.0], [4.32, 1.02, 2.16]]","[563, 603, 614, 508, 616, 554, 517, 612, 528, 506, 519, 608, 511, 566, 531, 584, 619]",42.3
1259,1790252362992411084,307200,98593,23,17,165.8,"[24.5, 25.6, 27.4, 30.3, 32.0, 37.0, 37.2, 37.7, 40.7, 41.5, 42.5, 45.2, 45.2, 80.1, 84.7, 100.7, 165.8]","['NEAR', 'NEAR', 'NEAR', 'INSIDE', 'NEAR', 'INSIDE', 'INSIDE', 'INSIDE', 'INSIDE', 'NEAR', 'INSIDE', 'INSIDE', 'INSIDE', 'INSIDE', 'INSIDE', 'OUTSIDE', 'OUTSIDE']","[[2.22, 0.46, 1.86], [0.48, 0.13, 1.53], [0.11, 0.39, 0.62], [0.17, 0.1, 1.41], [1.21, 0.08, 0.88], [1.2, 0.94, 1.17], [0.3, 2.14, 0.46], [1.68, 2.2, 1.71], [1.28, 2.16, 0.76], [0.37, 0.25, 0.31], [0.67, 0.75, 0.35], [0.38, 1.17, 0.03], [0.07, 2.84, 0.0], [1.17, 3.08, 0.39], [0.35, 3.4, 0.01], [1.3, 0.23, 1.34], [4.21, 1.01, 1.83]]","[563, 603, 614, 508, 616, 497, 519, 554, 612, 517, 506, 608, 592, 566, 571, 594, 619]",40.4
1260,1790252363089476729,307200,89395,31,23,194.5,"[25.7, 27.0, 28.3, 30.5, 33.7, 35.4, 35.5, 36.2, 37.2, 38.8, 39.5, 40.3, 43.3, 45.0, 46.2, 48.8, 81.1, 85.8, 85.8, 92.1, 99.4, 163.1, 194.5]","['NEAR', 'NEAR', 'NEAR', 'NEAR', 'INSIDE', 'INSIDE', 'INSIDE', 'RAIL', 'INSIDE', 'INSIDE', 'INSIDE', 'INSIDE', 'INSIDE', 'INSIDE', 'INSIDE', 'INSIDE', 'INSIDE', 'INSIDE', 'OUTSIDE', 'INSIDE', 'OUTSIDE', 'OUTSIDE', 'OUTSIDE']","[[2.47, 0.48, 1.82], [1.46, 0.08, 1.43], [0.48, 0.07, 1.77], [2.11, 0.08, 1.59], [1.61, 0.18, 1.63], [1.19, 0.13, 1.82], [1.18, 2.13, 0.66], [0.27, 0.18, 0.46], [0.63, 1.97, 0.78], [0.5, 0.86, 0.05], [0.53, 0.61, 0.64], [0.42, 2.86, 0.03], [0.31, 0.99, 0.03], [0.53, 1.93, 0.04], [0.42, 1.65, 0.03], [0.14, 2.99, 0.01], [0.9, 3.67, 0.19], [0.32, 3.0, 0.01], [1.66, 0.09, 1.51], [0.16, 1.61, 0.0], [0.29, 0.23, 1.28], [6.66, 1.0, 2.12], [0.01, 0.08, 0.39]]","[563, 603, 614, 508, 616, 625, 554, 608, 612, 519, 506, 528, 497, 410, 517, 592, 566, 571, 568, 584, 594, 619, 627]",37.8
1261,1790252363188087348,307200,98132,22,16,193.0,"[32.4, 34.5, 36.6, 38.6, 39.5, 39.7, 40.9, 41.9, 43.8, 44.8, 47.6, 81.4, 86.3, 97.4, 162.8, 193.0]","['NEAR', 'INSIDE', 'NEAR', 'RAIL', 'NEAR', 'NEAR', 'INSIDE', 'INSIDE', 'INSIDE', 'NEAR', 'INSIDE', 'INSIDE', 'INSIDE', 'OUTSIDE', 'OUTSIDE', 'OUTSIDE']","[[1.87, 0.45, 2.05], [0.49, 0.08, 1.45], [0.5, 0.08, 1.37], [0.5, 0.1, 1.03], [0.65, 0.07, 1.44], [1.72, 0.06, 1.69], [0.36, 0.07, 0.3], [0.41, 0.05, 1.54], [0.35, 0.1, 1.79], [0.36, 0.47, 0.56], [0.2, 2.9, 0.01], [0.36, 3.55, 0.01], [0.3, 3.62, 0.01], [0.76, 0.23, 1.24], [4.26, 1.0, 2.15], [0.07, 0.19, 0.9]]","[506, 563, 603, 614, 508, 569, 616, 592, 601, 517, 410, 566, 571, 594, 619, 627]",46.2
1262,1790252363289626478,307200,106841,23,16,191.5,"[25.6, 27.8, 30.7, 33.2, 35.2, 37.7, 40.2, 42.3, 45.3, 49.0, 76.1, 80.6, 86.0, 96.0, 161.0, 191.5]","['NEAR', 'NEAR', 'NEAR', 'INSIDE', 'INSIDE', 'RAIL', 'INSIDE', 'NEAR', 'INSIDE', 'INSIDE', 'INSIDE', 'INSIDE', 'INSIDE', 'OUTSIDE', 'OUTSIDE', 'OUTSIDE']","[[2.7, 0.49, 2.26], [0.44, 0.04, 1.32], [1.41, 0.08, 1.56], [0.4, 0.11, 1.42], [0.45, 0.08, 1.39], [0.04, 0.08, 0.87], [0.55, 0.09, 1.59], [1.01, 0.63, 1.27], [0.61, 1.39, 0.05], [0.28, 0.98, 0.03], [0.41, 2.65, 0.01], [0.99, 3.7, 2.12], [1.03, 2.26, 0.03], [0.73, 0.21, 1.03], [4.87, 0.99, 2.08], [0.01, 0.08, 0.38]]","[506, 563, 603, 614, 569, 625, 616, 554, 612, 497, 558, 566, 571, 594, 619, 627]",44.4
1263,1790252363393131369,307200,101740,24,16,190.0,"[31.7, 34.2, 36.2, 38.3, 39.3, 39.7, 40.6, 42.0, 44.0, 45.1, 45.5, 48.4, 81.1, 86.0, 94.5, 190.0]","['NEAR', 'RAIL', 'NEAR', 'NEAR', 'NEAR', 'NEAR', 'NEAR', 'NEAR', 'INSIDE', 'INSIDE', 'INSIDE', 'NEAR', 'INSIDE', 'INSIDE', 'OUTSIDE', 'OUTSIDE']","[[2.51, 0.77, 2.96], [0.11, 0.1, 0.49], [1.52, 0.11, 1.74], [1.59, 0.09, 1.85], [1.3, 0.11, 1.44], [0.6, 0.05, 1.57], [1.07, 0.05, 1.49], [0.28, 0.1, 0.99], [0.97, 0.06, 1.45], [0.04, 0.02, 0.91], [0.16, 2.34, 0.01], [0.26, 1.18, 0.01], [0.92, 3.39, 0.03], [0.25, 3.75, 0.01], [0.75, 0.32, 1.2], [0.06, 0.08, 0.38]]","[517, 616, 563, 603, 614, 508, 569, 410, 592, 601, 528, 625, 566, 571, 594, 627]",40.9
1264,1790252363498007178,307200,101717,27,16,94.6,"[24.7, 25.9, 30.5, 33.8, 37.4, 40.3, 42.1, 42.2, 42.5, 44.4, 45.2, 49.4, 82.7, 87.4, 93.3, 94.6]","['NEAR', 'NEAR', 'NEAR', 'NEAR', 'NEAR', 'INSIDE', 'RAIL', 'NEAR', 'NEAR', 'RAIL', 'INSIDE', 'INSIDE', 'INSIDE', 'INSIDE', 'OUTSIDE', 'INSIDE']","[[3.3, 0.55, 2.38], [2.41, 0.09, 1.45], [3.76, 0.15, 1.85], [0.37, 0.04, 1.05], [0.45, 0.04, 1.59], [0.41, 0.09, 1.2], [0.75, 0.16, 0.34], [0.78, 0.29, 1.12], [0.78, 0.19, 0.7], [0.51, 0.1, 0.39], [0.73, 1.34, 0.04], [0.05, 1.62, 0.0], [0.85, 2.75, 0.03], [0.24, 2.14, 0.01], [0.08, 0.2, 0.37], [1.7, 2.65, 0.04]]","[517, 563, 614, 410, 569, 601, 625, 497, 519, 511, 592, 528, 566, 531, 594, 584]",47.3
1265,1790252363603408138,307200,102141,25,17,91.8,"[24.7, 29.7, 33.2, 34.8, 35.4, 35.9, 36.3, 37.7, 38.7, 40.2, 41.0, 42.1, 42.4, 44.8, 81.9, 86.5, 91.8]","['OUTSIDE', 'NEAR', 'NEAR', 'NEAR', 'NEAR', 'NEAR', 'INSIDE', 'NEAR', 'NEAR', 'INSIDE', 'INSIDE', 'INSIDE', 'OUTSIDE', 'NEAR', 'INSIDE', 'INSIDE', 'OUTSIDE']","[[4.74, 0.59, 2.06], [1.46, 0.09, 1.7], [0.58, 0.1, 1.37], [0.64, 0.11, 1.51], [0.41, 0.09, 1.58], [0.58, 0.04, 1.36], [2.63, 0.13, 1.55], [0.54, 0.03, 1.68], [0.69, 0.28, 1.33], [0.05, 1.97, 0.0], [0.89, 2.19, 0.05], [0.06, 1.65, 0.0], [0.75, 1.47, 0.34], [0.87, 1.01, 0.05], [0.71, 3.63, 0.17], [0.21, 3.63, 0.01], [0.04, 0.36, 0.37]]","[517, 506, 563, 603, 614, 508, 410, 601, 497, 528, 592, 608, 612, 511, 566, 571, 594]",42.6
1266,1790252363688071510,307200,102364,31,19,192.0,"[23.1, 29.2, 34.3, 35.3, 35.9, 37.4, 39.3, 40.3, 42.2, 42.8, 44.4, 46.2, 48.2, 49.0, 81.8, 86.3, 90.3, 159.4, 192.0]","['INSIDE', 'NEAR', 'NEAR', 'NEAR', 'NEAR', 'NEAR', 'NEAR', 'RAIL', 'NEAR', 'RAIL', 'RAIL', 'INSIDE', 'NEAR', 'OUTSIDE', 'INSIDE', 'INSIDE', 'OUTSIDE', 'OUTSIDE', 'RAIL']","[[6.78, 1.25, 3.08], [2.28, 0.12, 1.7], [0.64, 0.1, 1.51], [1.06, 0.1, 1.87], [0.43, 0.04, 1.51], [0.61, 0.1, 1.65], [1.44, 0.07, 1.17], [0.33, 0.04, 0.83], [0.31, 0.04, 1.3], [0.46, 0.1, 0.91], [0.39, 0.09, 1.05], [0.08, 0.05, 1.17], [0.84, 0.24, 0.62], [0.35, 0.25, 0.32], [0.55, 3.99, 0.02], [1.03, 3.62, 0.03], [0.07, 0.36, 0.36], [12.3, 1.42, 2.16], [0.01, 0.11, 0.29]]","[517, 563, 603, 614, 410, 508, 569, 592, 601, 616, 623, 625, 497, 608, 566, 571, 594, 619, 627]",40.0
1267,1790252363798739704,307200,103270,15,8,95.2,"[37.4, 38.8, 44.3, 44.7, 47.6, 83.0, 88.0, 95.2]","['NEAR', 'NEAR', 'NEAR', 'INSIDE', 'INSIDE', 'INSIDE', 'INSIDE', 'INSIDE']","[[1.24, 0.1, 1.58], [0.44, 0.16, 1.62], [0.3, 0.04, 1.28], [0.11, 0.13, 1.13], [0.1, 2.94, 0.01], [0.17, 3.48, 0.0], [1.7, 4.02, 1.38], [0.09, 2.0, 0.0]]","[614, 508, 601, 623, 511, 566, 531, 584]",38.1
1268,1790252363897816874,307200,100719,21,13,189.1,"[27.9, 36.1, 37.3, 39.1, 39.3, 40.3, 42.7, 45.0, 45.4, 46.2, 81.7, 86.8, 189.1]","['NEAR', 'NEAR', 'NEAR', 'NEAR', 'NEAR', 'NEAR', 'RAIL', 'OUTSIDE', 'NEAR', 'INSIDE', 'INSIDE', 'INSIDE', 'RAIL']","[[0.39, 0.1, 1.39], [0.84, 0.1, 1.47], [0.43, 0.04, 1.34], [1.47, 0.09, 1.6], [0.58, 0.02, 1.38], [0.21, 0.02, 1.27], [0.44, 0.2, 0.28], [0.58, 0.33, 0.72], [0.32, 0.89, 0.03], [0.17, 2.06, 0.01], [0.13, 3.57, 0.0], [0.12, 1.67, 0.0], [0.08, 0.1, 0.28]]","[614, 508, 410, 569, 601, 603, 511, 528, 554, 616, 566, 571, 627]",38.0
1269,1790252363987724942,307200,102342,23,17,186.3,"[33.4, 35.6, 35.8, 37.6, 39.1, 40.6, 42.8, 43.2, 43.8, 44.7, 45.3, 46.6, 47.7, 80.9, 85.6, 159.1, 186.3]","['NEAR', 'NEAR', 'NEAR', 'RAIL', 'NEAR', 'NEAR', 'NEAR', 'NEAR', 'RAIL', 'NEAR', 'RAIL', 'OUTSIDE', 'INSIDE', 'INSIDE', 'INSIDE', 'OUTSIDE', 'OUTSIDE']","[[3.08, 0.11, 2.05], [0.7, 0.05, 1.34], [0.96, 0.11, 1.45], [0.71, 0.07, 0.89], [0.7, 0.07, 1.53], [0.84, 0.04, 0.38], [0.61, 0.09, 0.94], [0.21, 0.04, 1.18], [0.45, 0.1, 0.86], [0.44, 0.05, 1.59], [0.94, 0.09, 0.82], [0.64, 0.22, 0.31], [0.07, 2.05, 0.0], [0.42, 3.68, 0.01], [0.61, 3.74, 0.02], [4.0, 1.32, 2.1], [2.58, 0.5, 1.56]]","[506, 603, 508, 614, 410, 569, 592, 601, 623, 625, 616, 608, 511, 566, 571, 619, 627]",36.3
1270,1790252364098169822,307200,102498,23,15,157.6,"[33.7, 35.5, 37.1, 38.8, 41.9, 43.0, 45.1, 45.3, 47.2, 48.1, 49.2, 82.5, 87.2, 93.8, 157.6]","['NEAR', 'RAIL', 'NEAR', 'NEAR', 'NEAR', 'NEAR', 'RAIL', 'NEAR', 'NEAR', 'INSIDE', 'INSIDE', 'INSIDE', 'INSIDE', 'INSIDE', 'OUTSIDE']","[[1.62, 0.11, 2.03], [1.02, 0.11, 0.77], [0.82, 0.06, 1.71], [1.4, 0.04, 0.9], [1.39, 0.06, 1.29], [0.45, 0.07, 1.51], [0.35, 0.09, 0.94], [0.73, 0.11, 1.67], [0.45, 0.09, 1.51], [0.32, 1.34, 0.02], [0.06, 1.58, 0.0], [0.78, 3.6, 0.02], [0.31, 2.89, 0.01], [0.26, 1.97, 0.01], [4.02, 1.49, 2.08]]","[506, 603, 614, 508, 592, 601, 623, 625, 616, 511, 569, 566, 531, 584, 619]",42.7
1271,1790252364191835143,307200,99987,23,17,192.0,"[20.7, 25.7, 33.7, 34.8, 35.8, 36.9, 37.6, 39.0, 40.9, 44.2, 47.5, 48.7, 82.4, 87.2, 152.0, 184.5, 192.0]","['NEAR', 'NEAR', 'NEAR', 'NEAR', 'NEAR', 'NEAR', 'NEAR', 'INSIDE', 'NEAR', 'INSIDE', 'NEAR', 'NEAR', 'INSIDE', 'INSIDE', 'OUTSIDE', 'RAIL', 'OUTSIDE']","[[2.45, 0.1, 1.46], [0.88, 0.09, 1.51], [0.39, 0.1, 1.58], [0.4, 0.02, 1.23], [0.74, 0.1, 1.54], [0.43, 0.04, 1.54], [1.39, 0.1, 1.77], [0.73, 0.11, 1.57], [0.16, 0.11, 0.32], [0.28, 1.09, 0.21], [0.53, 1.0, 0.21], [0.45, 0.75, 0.63], [0.98, 4.22, 1.27], [0.14, 4.11, 0.0], [12.33, 1.43, 2.33], [0.06, 0.32, 0.0], [4.0, 1.56, 1.31]]","[506, 603, 614, 508, 410, 592, 601, 625, 616, 497, 519, 608, 566, 531, 619, 627, 629]",39.4
1272,1790252364287831483,307200,102549,24,14,192.5,"[33.3, 36.3, 37.3, 38.3, 39.6, 39.7, 42.0, 43.0, 45.3, 81.4, 86.2, 176.6, 183.8, 192.5]","['NEAR', 'NEAR', 'NEAR', 'NEAR', 'NEAR', 'NEAR', 'NEAR', 'NEAR', 'INSIDE', 'INSIDE', 'INSIDE', 'OUTSIDE', 'OUTSIDE', 'OUTSIDE']","[[0.61, 0.1, 1.48], [1.0, 0.08, 1.58], [0.41, 0.07, 1.35], [0.87, 0.09, 0.94], [0.73, 0.05, 1.54], [0.53, 0.05, 1.62], [0.25, 0.04, 1.28], [0.5, 0.74, 0.59], [0.09, 2.07, 0.0], [0.49, 4.03, 1.6], [0.44, 3.61, 0.01], [0.07, 0.31, 0.0], [1.41, 0.22, 1.55], [0.09, 0.34, 1.27]]","[614, 410, 508, 592, 623, 601, 603, 608, 528, 566, 571, 632, 627, 629]",37.9
1273,1790252364391006137,307200,101980,34,23,189.1,"[27.1, 27.9, 31.9, 33.0, 35.0, 35.9, 36.9, 37.2, 38.3, 39.5, 40.1, 40.9, 43.3, 43.8, 44.8, 46.9, 47.7, 48.2, 82.9, 87.8, 87.9, 181.8, 189.1]","['NEAR', 'NEAR', 'RAIL', 'NEAR', 'NEAR', 'NEAR', 'NEAR', 'NEAR', 'NEAR', 'NEAR', 'NEAR', 'NEAR', 'NEAR', 'INSIDE', 'INSIDE', 'INSIDE', 'INSIDE', 'NEAR', 'INSIDE', 'INSIDE', 'NEAR', 'RAIL', 'OUTSIDE']","[[2.61, 0.13, 2.03], [1.0, 0.12, 1.46], [0.54, 0.08, 0.87], [1.28, 0.11, 1.5], [2.44, 0.1, 1.74], [0.98, 0.04, 1.51], [0.22, 0.02, 0.95], [0.4, 0.03, 1.09], [0.23, 0.03, 0.92], [0.5, 0.12, 1.75], [0.51, 0.04, 1.62], [0.95, 0.03, 1.08], [0.69, 0.78, 1.71], [0.41, 1.35, 0.33], [0.11, 2.27, 0.01], [0.14, 2.07, 0.01], [0.36, 0.84, 0.02], [0.33, 1.06, 0.03], [1.12, 4.19, 0.03], [0.28, 1.53, 0.01], [0.2, 1.23, 0.01], [0.37, 0.1, 0.27], [3.99, 1.54, 1.26]]","[506, 563, 603, 508, 410, 623, 601, 625, 616, 511, 614, 592, 608, 528, 554, 612, 569, 517, 566, 531, 571, 627, 629]",33.2
1274,1790252364487756481,307200,102326,26,19,187.6,"[24.1, 28.0, 33.7, 34.9, 36.7, 38.4, 39.3, 40.0, 41.3, 43.4, 45.4, 46.2, 77.2, 82.1, 86.9, 92.9, 173.7, 180.2, 187.6]","['NEAR', 'NEAR', 'NEAR', 'NEAR', 'NEAR', 'NEAR', 'NEAR', 'NEAR', 'NEAR', 'INSIDE', 'INSIDE', 'INSIDE', 'INSIDE', 'INSIDE', 'INSIDE', 'OUTSIDE', 'OUTSIDE', 'RAIL', 'OUTSIDE']","[[1.21, 0.12, 2.03], [1.6, 0.15, 1.48], [0.93, 0.07, 1.36], [0.52, 0.09, 1.53], [0.97, 0.11, 1.69], [0.64, 0.05, 1.56], [0.51, 0.04, 1.11], [0.11, 0.1, 1.42], [0.43, 0.04, 1.25], [0.44, 1.7, 0.22], [0.45, 1.44, 0.25], [0.08, 2.61, 0.01], [0.31, 2.83, 0.01], [0.75, 3.3, 0.02], [0.16, 3.64, 0.0], [0.27, 0.26, 1.21], [0.04, 0.1, 0.34], [0.18, 0.1, 0.27], [4.03, 1.67, 1.28]]","[506, 563, 614, 508, 592, 410, 625, 511, 623, 517, 519, 612, 566, 531, 571, 584, 632, 627, 629]",44.9
1275,1790252364593548510,307200,103349,22,16,186.1,"[29.3, 34.9, 38.3, 39.8, 40.6, 41.8, 42.9, 43.8, 46.4, 48.5, 81.1, 85.9, 89.2, 91.4, 178.7, 186.1]","['NEAR', 'NEAR', 'RAIL', 'NEAR', 'NEAR', 'NEAR', 'NEAR', 'NEAR', 'NEAR', 'NEAR', 'INSIDE', 'INSIDE', 'OUTSIDE', 'OUTSIDE', 'RAIL', 'OUTSIDE']","[[2.25, 0.08, 1.65], [0.99, 0.1, 1.62], [0.64, 0.08, 0.89], [0.32, 0.04, 1.37], [0.55, 0.05, 1.42], [0.87, 0.1, 1.65], [0.21, 0.1, 1.54], [1.04, 0.11, 1.93], [0.74, 0.05, 1.59], [1.31, 1.07, 0.56], [0.71, 3.54, 0.02], [0.31, 4.2, 0.01], [0.55, 0.2, 0.96], [0.25, 0.21, 1.02], [0.0, 0.1, 0.27], [4.03, 1.52, 1.27]]","[563, 508, 592, 410, 623, 511, 601, 616, 612, 517, 531, 571, 594, 584, 627, 629]",41.4
1276,1790252364690596600,307200,102590,22,12,186.7,"[20.0, 33.5, 35.5, 38.4, 41.5, 44.7, 47.2, 49.7, 82.3, 87.5, 90.0, 186.7]","['NEAR', 'NEAR', 'NEAR', 'NEAR', 'NEAR', 'NEAR', 'INSIDE', 'NEAR', 'INSIDE', 'INSIDE', 'OUTSIDE', 'OUTSIDE']","[[2.41, 0.13, 1.72], [4.27, 0.12, 1.89], [0.27, 0.03, 1.47], [0.98, 0.16, 1.57], [1.43, 0.05, 1.07], [0.58, 0.04, 1.31], [1.63, 1.73, 0.46], [0.27, 0.08, 1.41], [0.27, 4.17, 0.01], [0.27, 4.27, 0.01], [0.35, 0.21, 1.17], [8.06, 1.55, 1.61]]","[506, 508, 410, 625, 511, 616, 497, 603, 531, 571, 584, 629]",38.5
1277,1790252364786205691,307200,99343,22,17,185.1,"[29.5, 32.0, 35.0, 36.9, 38.0, 38.9, 39.0, 39.8, 40.9, 43.3, 45.4, 46.5, 48.5, 82.8, 88.1, 88.5, 185.1]","['NEAR', 'NEAR', 'NEAR', 'NEAR', 'NEAR', 'NEAR', 'INSIDE', 'NEAR', 'INSIDE', 'NEAR', 'NEAR', 'INSIDE', 'INSIDE', 'INSIDE', 'INSIDE', 'OUTSIDE', 'OUTSIDE']","[[2.76, 0.12, 2.16], [2.49, 0.12, 1.72], [0.72, 0.12, 1.59], [0.91, 0.14, 1.55], [0.41, 0.05, 1.36], [1.17, 0.13, 1.62], [0.94, 0.12, 1.62], [0.6, 0.07, 1.75], [0.74, 0.18, 1.72], [0.46, 0.06, 2.12], [0.2, 0.04, 1.35], [0.09, 2.18, 0.01], [0.05, 2.57, 0.0], [0.28, 4.34, 0.01], [0.36, 4.61, 0.01], [0.4, 0.65, 1.38], [8.1, 0.4, 2.06]]","[608, 563, 508, 612, 592, 623, 625, 511, 616, 614, 410, 528, 517, 531, 571, 584, 629]",37.3
1278,1790252364895222684,307200,105178,26,19,185.7,"[30.2, 32.0, 33.2, 34.8, 36.3, 37.5, 39.4, 40.4, 41.6, 42.6, 44.1, 45.6, 46.9, 82.3, 85.1, 87.0, 87.1, 98.4, 185.7]","['NEAR', 'NEAR', 'NEAR', 'NEAR', 'NEAR', 'NEAR', 'NEAR', 'RAIL', 'NEAR', 'INSIDE', 'INSIDE', 'INSIDE', 'NEAR', 'INSIDE', 'OUTSIDE', 'OUTSIDE', 'INSIDE', 'OUTSIDE', 'OUTSIDE']","[[2.4, 0.12, 2.04], [1.07, 0.1, 1.37], [1.34, 0.09, 2.19], [0.71, 0.03, 1.17], [0.29, 0.11, 1.65], [0.33, 0.08, 0.98], [1.14, 0.05, 1.01], [1.11, 0.12, 0.54], [1.9, 0.08, 1.68], [0.98, 0.18, 1.77], [0.8, 1.06, 0.3], [0.1, 2.6, 0.28], [1.06, 0.65, 0.38], [1.03, 4.31, 0.03], [0.7, 0.12, 0.92], [0.44, 0.49, 1.54], [0.23, 3.49, 0.01], [0.28, 0.38, 1.29], [11.99, 1.61, 2.4]]","[506, 563, 614, 508, 612, 592, 623, 410, 601, 511, 517, 608, 625, 531, 571, 584, 594, 644, 629]",36.9
1279,1790252364989645225,307200,105500,28,18,184.2,"[27.8, 32.4, 35.0, 37.0, 39.0, 40.6, 42.6, 43.8, 45.1, 45.7, 46.7, 49.1, 82.6, 85.5, 87.7, 97.0, 178.2, 184.2]","['NEAR', 'NEAR', 'NEAR', 'NEAR', 'NEAR', 'NEAR', 'INSIDE', 'INSIDE', 'RAIL', 'RAIL', 'INSIDE', 'INSIDE', 'INSIDE', 'OUTSIDE', 'INSIDE', 'OUTSIDE', 'RAIL', 'OUTSIDE']","[[3.21, 0.12, 2.15], [0.67, 0.08, 1.39], [2.55, 0.11, 2.17], [0.4, 0.1, 1.54], [1.39, 0.12, 1.59], [1.21, 0.05, 1.71], [0.29, 0.04, 1.15], [0.39, 0.19, 2.19], [1.19, 0.05, 0.76], [0.49, 0.24, 1.03], [0.24, 1.75, 0.02], [0.05, 1.73, 0.01], [0.57, 3.6, 0.02], [0.43, 0.48, 1.51], [0.63, 4.58, 0.2], [0.32, 0.61, 1.27], [0.03, 0.31, 0.0], [4.06, 0.32, 1.57]]","[506, 563, 508, 612, 592, 623, 601, 511, 616, 569, 554, 625, 531, 584, 594, 644, 627, 629]",29.8
1280,1790252365093746509,307200,98781,29,18,182.8,"[23.6, 29.1, 30.1, 30.9, 34.0, 35.9, 37.5, 38.9, 41.3, 43.8, 44.0, 49.5, 81.7, 84.1, 86.6, 93.5, 156.8, 182.8]","['NEAR', 'NEAR', 'NEAR', 'NEAR', 'NEAR', 'NEAR', 'INSIDE', 'RAIL', 'INSIDE', 'INSIDE', 'INSIDE', 'INSIDE', 'INSIDE', 'OUTSIDE', 'INSIDE', 'OUTSIDE', 'OUTSIDE', 'OUTSIDE']","[[3.62, 0.12, 2.2], [1.4, 0.11, 2.02], [1.32, 0.11, 1.52], [0.33, 0.1, 1.48], [1.17, 0.11, 1.65], [2.28, 0.08, 1.65], [1.29, 0.12, 2.12], [0.85, 0.05, 0.77], [0.72, 0.9, 0.25], [0.46, 0.85, 0.04], [0.1, 0.81, 0.01], [0.17, 1.23, 0.01], [0.51, 4.62, 1.28], [0.38, 0.58, 1.48], [0.3, 4.68, 0.01], [0.2, 1.64, 0.01], [0.08, 0.27, 0.3], [4.06, 0.31, 1.56]]","[506, 563, 603, 508, 612, 410, 601, 616, 519, 517, 554, 625, 531, 584, 594, 644, 619, 629]",41.7
1281,1790252365190165074,307200,104134,26,16,181.3,"[31.1, 32.5, 34.0, 35.5, 37.1, 37.4, 39.2, 39.8, 41.8, 42.8, 80.1, 82.6, 84.9, 91.3, 151.3, 181.3]","['NEAR', 'NEAR', 'NEAR', 'NEAR', 'NEAR', 'NEAR', 'INSIDE', 'RAIL', 'RAIL', 'INSIDE', 'INSIDE', 'OUTSIDE', 'INSIDE', 'OUTSIDE', 'OUTSIDE', 'OUTSIDE']","[[0.51, 0.03, 1.24], [1.62, 0.1, 1.39], [1.39, 0.12, 1.51], [0.92, 0.11, 1.86], [2.46, 0.11, 1.64], [0.51, 0.03, 1.49], [0.4, 0.07, 2.05], [0.51, 0.12, 0.67], [0.19, 0.13, 0.15], [0.09, 2.73, 0.35], [0.67, 4.48, 0.02], [0.37, 0.5, 1.46], [0.2, 4.74, 0.01], [1.19, 0.81, 2.01], [8.02, 0.39, 0.75], [11.98, 1.58, 1.21]]","[506, 563, 603, 508, 592, 410, 623, 614, 612, 528, 531, 584, 594, 644, 619, 629]",40.0
1282,1790252365285974189,307200,102837,26,16,181.4,"[25.2, 29.5, 33.3, 34.5, 36.0, 37.7, 39.7, 39.9, 41.4, 80.6, 81.1, 85.4, 90.0, 149.9, 169.1, 181.4]","['NEAR', 'NEAR', 'NEAR', 'NEAR', 'INSIDE', 'INSIDE', 'NEAR', 'INSIDE', 'NEAR', 'OUTSIDE', 'INSIDE', 'INSIDE', 'OUTSIDE', 'OUTSIDE', 'RAIL', 'OUTSIDE']","[[6.52, 0.15, 2.18], [1.08, 0.07, 1.86], [1.17, 0.12, 1.83], [2.07, 0.11, 1.6], [1.35, 0.13, 2.0], [0.35, 0.1, 1.64], [0.36, 0.1, 1.45], [0.53, 0.98, 0.2], [0.85, 0.53, 0.05], [0.38, 0.49, 1.43], [0.32, 4.5, 0.01], [0.19, 4.48, 0.01], [0.49, 0.25, 2.58], [8.01, 0.33, 0.74], [1.4, 0.31, 0.25], [8.75, 1.56, 1.55]]","[506, 563, 603, 508, 592, 410, 614, 519, 528, 584, 531, 594, 644, 619, 640, 629]",40.1
1283,1790252365388437215,307200,90172,17,10,180.3,"[25.5, 31.6, 35.0, 36.9, 39.6, 47.8, 81.7, 88.6, 167.6, 180.3]","['NEAR', 'INSIDE', 'RAIL', 'INSIDE', 'INSIDE', 'INSIDE', 'INSIDE', 'OUTSIDE', 'OUTSIDE', 'OUTSIDE']","[[6.41, 0.16, 2.16], [1.12, 0.14, 1.59], [0.9, 0.04, 0.84], [1.24, 2.95, 0.34], [0.3, 0.91, 0.02], [0.05, 2.21, 0.0], [0.92, 4.91, 0.16], [0.47, 0.29, 2.76], [1.5, 0.24, 1.87], [7.97, 0.34, 1.52]]","[614, 592, 569, 519, 603, 608, 531, 644, 640, 629]",39.8
1284,1790252365498535627,307200,88747,23,15,178.4,"[25.2, 26.3, 30.7, 31.7, 33.0, 34.7, 36.3, 38.0, 80.3, 80.3, 84.5, 89.6, 155.0, 166.1, 178.4]","['NEAR', 'NEAR', 'NEAR', 'NEAR', 'INSIDE', 'INSIDE', 'OUTSIDE', 'INSIDE', 'INSIDE', 'OUTSIDE', 'INSIDE', 'OUTSIDE', 'OUTSIDE', 'RAIL', 'OUTSIDE']","[[0.59, 0.1, 1.28], [0.76, 0.1, 1.86], [1.47, 0.13, 2.0], [1.6, 0.13, 1.48], [0.81, 0.09, 1.81], [1.13, 0.09, 1.61], [0.65, 0.26, 0.25], [0.27, 2.28, 0.02], [0.79, 2.72, 0.16], [0.1, 0.84, 0.0], [0.65, 4.88, 0.02], [0.32, 0.41, 1.4], [8.15, 0.33, 0.8], [1.41, 0.31, 0.25], [8.85, 1.53, 1.52]]","[506, 563, 614, 508, 603, 592, 637, 519, 531, 584, 594, 644, 619, 640, 627]",38.7
1285,1790252365590537522,307200,88404,20,10,177.4,"[25.1, 25.2, 28.8, 35.2, 36.5, 81.2, 85.9, 87.3, 88.1, 177.4]","['INSIDE', 'INSIDE', 'INSIDE', 'NEAR', 'INSIDE', 'INSIDE', 'INSIDE', 'RAIL', 'OUTSIDE', 'OUTSIDE']","[[1.29, 0.16, 1.82], [0.72, 2.08, 0.2], [0.25, 0.96, 0.02], [0.93, 0.61, 0.29], [0.15, 1.71, 0.01], [0.69, 5.15, 2.71], [0.91, 4.84, 2.69], [0.2, 0.08, 0.96], [0.5, 0.6, 1.56], [8.04, 0.4, 1.51]]","[603, 519, 637, 508, 554, 531, 594, 571, 644, 627]",36.6
1286,1790252365695171765,307200,88843,20,9,181.9,"[24.7, 25.4, 80.9, 84.0, 85.7, 86.7, 170.0, 175.9, 181.9]","['INSIDE', 'OUTSIDE', 'INSIDE', 'OUTSIDE', 'INSIDE', 'OUTSIDE', 'OUTSIDE', 'OUTSIDE', 'OUTSIDE']","[[0.78, 2.06, 0.3], [2.05, 1.23, 1.46], [0.76, 4.82, 0.02], [0.09, 0.29, 2.8], [0.53, 4.5, 2.68], [0.42, 0.49, 1.53], [4.12, 0.39, 2.24], [0.04, 0.04, 0.37], [3.96, 0.13, 0.39]]","[637, 519, 531, 594, 571, 644, 640, 627, 629]",42.9
1287,1790252365789881497,307200,88005,13,5,180.5,"[82.0, 85.2, 86.6, 168.5, 180.5]","['INSIDE', 'OUTSIDE', 'INSIDE', 'OUTSIDE', 'OUTSIDE']","[[1.27, 5.17, 2.75], [0.29, 0.3, 1.51], [0.26, 4.71, 0.98], [4.08, 1.58, 2.22], [4.02, 0.18, 0.88]]","[531, 594, 571, 640, 629]",45.9
1288,1790252365896949817,307200,88563,20,9,179.0,"[24.5, 25.2, 28.9, 80.6, 83.8, 85.3, 153.1, 169.1, 179.0]","['INSIDE', 'INSIDE', 'INSIDE', 'INSIDE', 'OUTSIDE', 'INSIDE', 'OUTSIDE', 'OUTSIDE', 'OUTSIDE']","[[0.24, 0.98, 0.03], [1.27, 2.87, 1.05], [0.06, 1.01, 0.01], [0.97, 4.94, 2.7], [0.46, 0.49, 1.48], [0.53, 4.66, 0.97], [0.01, 0.27, 0.3], [0.2, 0.39, 1.47], [4.02, 0.07, 0.35]]","[637, 519, 554, 531, 594, 571, 619, 640, 629]",46.0
1289,1790252366005582520,307200,87249,20,10,179.6,"[22.9, 24.9, 29.1, 47.5, 81.6, 82.4, 83.7, 86.6, 96.0, 179.6]","['NEAR', 'NEAR', 'RAIL', 'NEAR', 'OUTSIDE', 'INSIDE', 'OUTSIDE', 'INSIDE', 'OUTSIDE', 'OUTSIDE']","[[1.43, 1.04, 0.29], [1.28, 1.18, 0.26], [1.05, 0.06, 1.04], [0.76, 1.03, 0.28], [0.38, 0.46, 1.45], [0.86, 4.99, 0.03], [0.18, 0.31, 1.11], [0.28, 1.81, 0.01], [0.73, 0.5, 1.87], [0.03, 0.07, 0.36]]","[637, 519, 569, 554, 594, 531, 571, 644, 647, 629]",44.5
1290,1790252366088180663,307200,87097,19,9,167.7,"[18.5, 25.3, 28.8, 49.4, 80.9, 82.8, 94.6, 154.1, 167.7]","['RAIL', 'INSIDE', 'NEAR', 'INSIDE', 'OUTSIDE', 'INSIDE', 'OUTSIDE', 'OUTSIDE', 'OUTSIDE']","[[0.96, 0.05, 0.87], [0.49, 0.95, 0.05], [0.65, 0.51, 0.5], [0.36, 0.9, 0.05], [0.37, 0.47, 1.41], [1.28, 5.22, 0.98], [0.86, 0.43, 2.34], [8.1, 0.81, 2.32], [4.88, 1.46, 1.79]]","[569, 519, 554, 637, 594, 531, 647, 619, 640]",45.4
1291,1790252366197233580,307200,87577,18,8,166.6,"[18.5, 25.1, 26.4, 81.5, 86.4, 93.4, 96.9, 166.6]","['INSIDE', 'INSIDE', 'NEAR', 'INSIDE', 'INSIDE', 'OUTSIDE', 'OUTSIDE', 'OUTSIDE']","[[1.05, 1.07, 0.18], [0.25, 0.52, 0.21], [0.77, 0.74, 0.27], [0.66, 3.99, 0.02], [1.02, 4.99, 0.03], [0.37, 0.14, 0.79], [0.55, 0.65, 2.54], [12.01, 1.37, 1.45]]","[519, 637, 554, 531, 644, 647, 655, 640]",40.3
1292,1790252366303459900,307200,87080,15,6,180.2,"[23.0, 80.6, 85.7, 95.5, 165.2, 180.2]","['INSIDE', 'INSIDE', 'INSIDE', 'OUTSIDE', 'OUTSIDE', 'INSIDE']","[[0.47, 1.89, 0.19], [0.38, 4.36, 0.01], [0.72, 5.08, 0.02], [0.52, 0.67, 2.29], [12.06, 1.38, 1.44], [10.05, 5.28, 2.04]]","[519, 531, 644, 655, 640, 629]",41.0
1293,1790252366391884815,307200,86987,12,4,180.5,"[24.4, 78.5, 83.5, 180.5]","['NEAR', 'INSIDE', 'INSIDE', 'INSIDE']","[[0.84, 0.68, 0.19], [0.59, 1.93, 0.02], [0.76, 4.95, 0.02], [5.44, 5.52, 2.37]]","[519, 531, 644, 629]",43.1
1294,1790252366491797514,307200,87854,17,6,179.8,"[49.2, 81.0, 85.4, 88.8, 168.3, 179.8]","['RAIL', 'INSIDE', 'INSIDE', 'OUTSIDE', 'OUTSIDE', 'INSIDE']","[[1.1, 0.05, 0.88], [1.24, 5.17, 1.99], [2.21, 5.24, 2.69], [0.88, 0.51, 2.54], [8.03, 0.19, 0.85], [6.92, 5.48, 2.75]]","[569, 594, 644, 649, 640, 629]",41.1
1295,1790252366588752644,307200,86844,17,6,178.3,"[21.9, 80.9, 86.5, 97.5, 166.9, 178.3]","['INSIDE', 'INSIDE', 'INSIDE', 'OUTSIDE', 'OUTSIDE', 'INSIDE']","[[0.81, 1.81, 0.58], [0.7, 4.94, 0.02], [2.57, 4.14, 2.69], [0.09, 0.23, 0.39], [7.98, 0.19, 0.84], [6.88, 5.44, 2.02]]","[519, 594, 644, 655, 640, 629]",40.5
1296,1790252366689527859,307200,87392,18,7,177.0,"[22.8, 82.2, 85.9, 87.2, 101.2, 159.4, 177.0]","['RAIL', 'INSIDE', 'OUTSIDE', 'INSIDE', 'OUTSIDE', 'OUTSIDE', 'INSIDE']","[[1.89, 0.04, 0.17], [1.42, 5.23, 2.75], [0.96, 0.48, 2.67], [0.54, 4.87, 0.02], [0.6, 1.03, 0.89], [12.03, 0.78, 2.14], [7.05, 5.49, 2.34]]","[519, 594, 644, 649, 657, 645, 629]",41.5
1297,1790252366793051883,307200,87214,16,6,173.8,"[23.9, 25.3, 49.5, 84.2, 100.1, 173.8]","['RAIL', 'RAIL', 'RAIL', 'INSIDE', 'OUTSIDE', 'INSIDE']","[[0.89, 0.03, 0.21], [1.0, 0.04, 0.21], [0.86, 0.05, 0.98], [1.65, 5.13, 2.81], [0.07, 0.23, 1.09], [11.5, 5.44, 2.3]]","[519, 554, 569, 594, 657, 629]",40.0
1298,1790252366891138028,307200,87165,16,6,184.2,"[49.3, 83.2, 95.3, 98.6, 174.4, 184.2]","['RAIL', 'INSIDE', 'OUTSIDE', 'OUTSIDE', 'INSIDE', 'RAIL']","[[0.87, 0.04, 0.86], [1.06, 4.92, 2.57], [1.49, 0.45, 1.25], [0.14, 0.22, 1.09], [7.51, 5.4, 2.3], [0.06, 0.1, 0.28]]","[569, 594, 647, 657, 629, 651]",48.8
1299,1790252366986362262,307200,86906,15,5,172.8,"[50.1, 81.2, 85.4, 93.9, 172.8]","['OUTSIDE', 'INSIDE', 'INSIDE', 'OUTSIDE', 'INSIDE']","[[0.11, 2.1, 0.01], [1.97, 4.94, 2.69], [0.95, 5.09, 2.68], [1.4, 0.34, 1.23], [7.16, 5.35, 2.21]]","[569, 594, 649, 647, 629]",46.8
1300,1790252367097095450,307200,88222,15,5,103.5,"[80.3, 83.4, 92.4, 99.8, 103.5]","['OUTSIDE', 'INSIDE', 'OUTSIDE', 'OUTSIDE', 'OUTSIDE']","[[0.99, 0.37, 2.66], [1.73, 5.09, 2.56], [1.36, 0.44, 2.41], [0.06, 0.2, 0.68], [1.34, 0.97, 2.48]]","[594, 649, 647, 657, 660]",44.3
1301,1790252367189298902,307200,89150,18,9,179.9,"[78.5, 83.2, 91.1, 94.4, 96.3, 98.4, 102.5, 170.6, 179.9]","['OUTSIDE', 'INSIDE', 'OUTSIDE', 'OUTSIDE', 'INSIDE', 'OUTSIDE', 'OUTSIDE', 'INSIDE', 'RAIL']","[[1.53, 2.61, 2.57], [1.64, 5.29, 2.78], [1.47, 0.39, 1.39], [0.09, 0.19, 1.05], [0.7, 1.19, 0.02], [0.09, 0.2, 0.64], [0.32, 0.88, 2.45], [8.38, 5.32, 2.26], [0.01, 0.1, 0.27]]","[594, 649, 647, 659, 655, 657, 660, 629, 651]",44.4
1302,1790252367292884349,307200,87775,15,7,168.6,"[80.7, 84.9, 89.0, 89.6, 91.7, 97.0, 168.6]","['INSIDE', 'OUTSIDE', 'OUTSIDE', 'OUTSIDE', 'INSIDE', 'OUTSIDE', 'INSIDE']","[[1.38, 4.95, 2.7], [0.13, 0.96, 1.32], [0.06, 0.21, 0.99], [1.4, 0.32, 1.18], [0.33, 4.8, 0.01], [0.08, 0.04, 0.85], [7.18, 5.22, 2.16]]","[649, 644, 647, 659, 658, 657, 629]",42.6
1303,1790252367396032950,307200,91273,14,7,176.7,"[83.8, 88.3, 89.3, 91.6, 96.1, 103.7, 176.7]","['INSIDE', 'INSIDE', 'OUTSIDE', 'OUTSIDE', 'OUTSIDE', 'OUTSIDE', 'INSIDE']","[[0.49, 5.23, 1.32], [0.46, 3.12, 0.01], [1.5, 0.43, 2.74], [0.06, 0.26, 1.24], [1.12, 0.28, 0.87], [2.16, 1.19, 2.51], [0.85, 2.8, 2.04]]","[656, 658, 647, 659, 657, 661, 651]",42.2
1304,1790252367492529094,307200,91355,17,8,163.5,"[82.0, 82.2, 86.9, 87.7, 90.2, 94.5, 101.9, 163.5]","['INSIDE', 'OUTSIDE', 'OUTSIDE', 'INSIDE', 'OUTSIDE', 'INSIDE', 'OUTSIDE', 'INSIDE']","[[0.26, 1.01, 0.01], [0.48, 1.86, 1.28], [1.49, 1.71, 2.72], [0.32, 2.3, 0.01], [0.03, 0.23, 1.01], [0.43, 2.64, 0.01], [1.32, 0.6, 2.24], [10.76, 5.26, 2.2]]","[656, 649, 647, 658, 659, 655, 660, 640]",38.2
1305,1790252367591198291,307200,88338,16,10,162.2,"[81.3, 83.3, 85.4, 86.5, 88.8, 96.9, 100.9, 104.8, 160.8, 162.2]","['INSIDE', 'OUTSIDE', 'OUTSIDE', 'INSIDE', 'OUTSIDE', 'OUTSIDE', 'OUTSIDE', 'OUTSIDE', 'OUTSIDE', 'INSIDE']","[[1.2, 5.12, 1.29], [0.06, 0.16, 0.19], [1.46, 0.33, 2.44], [1.1, 4.39, 0.03], [0.08, 0.15, 1.2], [0.28, 0.89, 2.32], [2.05, 1.8, 2.44], [0.1, 0.23, 1.13], [0.09, 0.04, 0.79], [10.82, 5.08, 2.19]]","[656, 649, 644, 658, 659, 657, 660, 661, 640, 645]",37.9
1306,1790252367693467946,307200,87654,15,9,185.1,"[82.2, 82.9, 84.1, 87.0, 95.5, 101.3, 103.4, 172.9, 185.1]","['INSIDE', 'OUTSIDE', 'OUTSIDE', 'INSIDE', 'OUTSIDE', 'INSIDE', 'OUTSIDE', 'RAIL', 'OUTSIDE']","[[1.07, 2.48, 1.3], [1.1, 1.31, 1.08], [1.5, 0.29, 1.5], [0.7, 5.09, 0.98], [0.36, 0.88, 2.29], [1.41, 2.67, 0.03], [0.1, 0.21, 2.47], [0.04, 0.3, 0.0], [3.47, 0.17, 1.55]]","[656, 644, 647, 658, 657, 660, 661, 651, 670]",35.0
1307,1790252367791411108,307200,86433,14,8,185.4,"[74.1, 82.6, 85.2, 89.6, 94.1, 102.0, 160.8, 185.4]","['RAIL', 'OUTSIDE', 'INSIDE', 'INSIDE', 'OUTSIDE', 'OUTSIDE', 'INSIDE', 'OUTSIDE']","[[2.35, 0.05, 0.63], [1.42, 0.44, 2.7], [1.67, 5.26, 1.15], [0.88, 4.93, 1.21], [0.3, 0.86, 2.47], [0.1, 0.06, 0.9], [5.57, 5.55, 2.47], [0.04, 0.13, 1.19]]","[594, 644, 658, 659, 657, 661, 645, 670]",34.1
1308,1790252367890860470,307200,86529,13,10,184.7,"[50.4, 81.3, 83.8, 88.4, 92.7, 96.1, 100.6, 104.2, 160.1, 184.7]","['RAIL', 'OUTSIDE', 'INSIDE', 'INSIDE', 'OUTSIDE', 'INSIDE', 'OUTSIDE', 'OUTSIDE', 'INSIDE', 'OUTSIDE']","[[0.61, 0.06, 0.9], [1.47, 0.4, 2.69], [1.82, 5.18, 1.13], [0.72, 5.14, 1.0], [0.3, 0.98, 2.43], [0.51, 2.18, 0.01], [0.06, 0.23, 2.21], [0.84, 1.47, 1.14], [7.12, 5.41, 2.14], [1.46, 2.14, 2.06]]","[569, 644, 658, 659, 657, 655, 661, 663, 645, 670]",32.8
1309,1790252367988159908,307200,75723,11,8,180.9,"[80.5, 85.1, 91.4, 94.9, 98.8, 103.2, 106.5, 180.9]","['INSIDE', 'INSIDE', 'INSIDE', 'OUTSIDE', 'OUTSIDE', 'OUTSIDE', 'OUTSIDE', 'OUTSIDE']","[[0.41, 4.78, 0.01], [0.43, 4.6, 0.01], [0.47, 3.33, 2.4], [0.81, 0.58, 2.09], [0.94, 1.23, 2.38], [0.07, 0.22, 0.92], [1.61, 2.23, 0.47], [3.47, 0.16, 1.51]]","[656, 658, 657, 667, 661, 663, 668, 670]",26.4
1310,1790252368091216945,307200,71969,15,10,181.3,"[80.1, 81.9, 85.2, 90.1, 93.5, 97.2, 100.2, 101.8, 105.6, 181.3]","['INSIDE', 'OUTSIDE', 'INSIDE', 'OUTSIDE', 'OUTSIDE', 'OUTSIDE', 'OUTSIDE', 'OUTSIDE', 'OUTSIDE', 'OUTSIDE']","[[0.76, 5.18, 1.25], [0.11, 0.28, 1.09], [1.33, 5.06, 1.32], [0.64, 1.65, 2.82], [0.73, 0.5, 2.25], [1.42, 2.4, 1.29], [0.33, 0.57, 1.11], [0.03, 0.23, 0.9], [0.93, 1.64, 0.69], [0.06, 0.36, 1.17]]","[656, 644, 658, 657, 667, 661, 673, 663, 668, 670]",18.1
1311,1790252368191407281,307200,70345,12,9,182.0,"[46.9, 80.5, 82.2, 88.2, 88.6, 92.3, 98.8, 104.1, 182.0]","['RAIL', 'OUTSIDE', 'INSIDE', 'OUTSIDE', 'OUTSIDE', 'OUTSIDE', 'OUTSIDE', 'OUTSIDE', 'INSIDE']","[[0.93, 0.06, 1.02], [0.1, 0.13, 0.93], [0.36, 4.16, 0.01], [1.3, 1.71, 2.76], [0.93, 0.18, 0.36], [0.49, 0.47, 2.21], [0.34, 0.53, 1.1], [0.92, 1.27, 0.9], [4.4, 4.43, 2.01]]","[569, 644, 656, 657, 659, 667, 673, 668, 670]",30.1
1312,1790252368298237279,307200,67067,15,10,187.3,"[80.2, 85.6, 87.2, 90.9, 91.9, 97.4, 99.1, 106.7, 174.6, 187.3]","['INSIDE', 'INSIDE', 'OUTSIDE', 'OUTSIDE', 'INSIDE', 'OUTSIDE', 'OUTSIDE', 'OUTSIDE', 'OUTSIDE', 'RAIL']","[[0.83, 4.64, 0.03], [1.66, 4.86, 0.18], [0.35, 0.8, 2.72], [0.55, 0.5, 2.18], [0.2, 1.77, 0.01], [0.26, 0.61, 1.08], [1.23, 2.07, 1.09], [0.77, 1.48, 0.48], [7.99, 1.26, 1.95], [0.05, 0.11, 0.28]]","[656, 658, 657, 667, 655, 673, 661, 668, 651, 670]",29.6
1313,1790252368391269685,307200,66506,15,10,186.0,"[81.4, 86.1, 89.5, 92.3, 96.5, 101.0, 109.7, 162.9, 177.8, 186.0]","['INSIDE', 'INSIDE', 'OUTSIDE', 'OUTSIDE', 'OUTSIDE', 'OUTSIDE', 'OUTSIDE', 'INSIDE', 'OUTSIDE', 'RAIL']","[[0.79, 4.86, 1.27], [0.85, 5.19, 2.7], [0.64, 0.42, 2.2], [0.35, 1.94, 0.01], [1.24, 0.85, 1.07], [1.58, 1.77, 0.64], [0.11, 0.06, 0.97], [0.81, 2.96, 2.12], [1.49, 2.49, 1.98], [0.02, 0.1, 0.28]]","[656, 658, 667, 655, 673, 660, 669, 640, 651, 670]",28.0
1314,1790252368488282512,307200,66417,18,11,174.1,"[49.1, 84.2, 88.5, 89.6, 89.6, 94.7, 96.1, 96.7, 100.5, 108.3, 174.1]","['RAIL', 'INSIDE', 'OUTSIDE', 'INSIDE', 'OUTSIDE', 'OUTSIDE', 'INSIDE', 'OUTSIDE', 'OUTSIDE', 'RAIL', 'OUTSIDE']","[[0.93, 0.05, 0.88], [0.98, 5.13, 2.82], [0.85, 0.46, 2.54], [0.29, 2.03, 0.01], [0.13, 1.1, 0.0], [0.31, 0.61, 1.24], [0.33, 2.54, 0.01], [0.67, 1.0, 0.67], [0.19, 0.17, 0.66], [0.03, 0.2, 0.47], [3.47, 0.43, 1.92]]","[569, 658, 667, 659, 655, 673, 661, 660, 663, 669, 651]",30.7
1315,1790252368593238567,307200,65868,16,12,175.1,"[49.1, 80.6, 83.2, 85.8, 86.9, 93.0, 93.4, 95.0, 99.7, 107.0, 159.4, 175.1]","['RAIL', 'INSIDE', 'OUTSIDE', 'INSIDE', 'OUTSIDE', 'OUTSIDE', 'INSIDE', 'OUTSIDE', 'INSIDE', 'OUTSIDE', 'INSIDE', 'OUTSIDE']","[[0.94, 0.04, 0.54], [0.54, 4.93, 0.02], [0.47, 0.87, 2.59], [0.5, 4.34, 0.01], [0.43, 0.49, 2.5], [0.29, 0.55, 1.04], [1.18, 4.41, 0.03], [0.1, 0.23, 1.05], [1.47, 4.15, 0.68], [0.11, 0.23, 2.35], [2.39, 2.91, 2.09], [1.46, 2.45, 1.95]]","[569, 656, 647, 658, 657, 673, 659, 660, 663, 668, 645, 651]",26.4
1316,1790252368689902811,307200,65535,13,9,181.9,"[81.8, 84.9, 90.3, 92.0, 93.7, 105.2, 165.9, 173.1, 181.9]","['OUTSIDE', 'INSIDE', 'OUTSIDE', 'OUTSIDE', 'OUTSIDE', 'OUTSIDE', 'INSIDE', 'OUTSIDE', 'RAIL']","[[0.33, 0.89, 2.72], [1.58, 5.12, 2.65], [1.33, 1.38, 2.61], [0.34, 0.47, 1.02], [0.09, 0.18, 0.83], [0.92, 1.34, 0.94], [1.87, 1.73, 0.02], [0.1, 0.42, 1.12], [0.05, 0.1, 0.27]]","[647, 658, 655, 673, 660, 668, 640, 651, 670]",24.0
1317,1790252368796389165,307200,66436,9,7,180.5,"[84.1, 91.2, 96.3, 104.3, 108.3, 167.7, 180.5]","['INSIDE', 'OUTSIDE', 'OUTSIDE', 'OUTSIDE', 'OUTSIDE', 'INSIDE', 'RAIL']","[[0.64, 4.79, 2.8], [1.39, 0.88, 1.18], [0.89, 2.31, 0.68], [1.18, 0.75, 2.51], [0.07, 0.12, 2.09], [8.3, 4.18, 2.17], [0.04, 0.31, 0.0]]","[658, 673, 661, 668, 669, 640, 670]",27.2
1318,1790252368896809952,307200,66667,15,9,166.3,"[82.8, 83.9, 89.8, 95.1, 96.7, 96.7, 103.0, 107.0, 166.3]","['OUTSIDE', 'INSIDE', 'OUTSIDE', 'OUTSIDE', 'OUTSIDE', 'INSIDE', 'OUTSIDE', 'OUTSIDE', 'OUTSIDE']","[[0.73, 0.49, 2.39], [0.67, 3.09, 0.02], [1.43, 0.87, 1.39], [0.16, 0.19, 0.66], [0.55, 1.01, 0.01], [1.03, 1.35, 0.03], [0.09, 0.32, 2.47], [0.08, 0.2, 2.35], [8.33, 2.22, 2.18]]","[647, 658, 655, 660, 661, 663, 668, 669, 640]",31.7
1319,1790252368987849322,307200,66375,13,10,177.9,"[81.4, 85.0, 88.5, 89.7, 97.6, 101.7, 105.3, 109.7, 171.3, 177.9]","['OUTSIDE', 'INSIDE', 'OUTSIDE', 'OUTSIDE', 'OUTSIDE', 'OUTSIDE', 'OUTSIDE', 'OUTSIDE', 'INSIDE', 'RAIL']","[[0.65, 0.48, 2.55], [1.49, 5.09, 2.46], [1.37, 1.1, 1.2], [0.1, 0.23, 0.79], [0.09, 0.68, 0.86], [0.16, 0.19, 2.23], [0.91, 0.96, 2.3], [0.13, 0.25, 2.41], [4.43, 4.25, 1.89], [0.03, 0.21, 0.27]]","[644, 658, 667, 655, 661, 668, 669, 671, 651, 670]",33.0
1320,1790252369090534149,307200,66956,19,15,172.4,"[80.4, 83.7, 86.8, 88.1, 92.4, 93.9, 94.1, 96.3, 100.3, 102.9, 104.3, 116.3, 160.5, 167.8, 172.4]","['OUTSIDE', 'INSIDE', 'OUTSIDE', 'NEAR', 'OUTSIDE', 'OUTSIDE', 'INSIDE', 'OUTSIDE', 'OUTSIDE', 'INSIDE', 'OUTSIDE', 'OUTSIDE', 'INSIDE', 'OUTSIDE', 'INSIDE']","[[1.1, 0.46, 2.68], [1.45, 5.3, 2.81], [0.58, 0.61, 1.35], [0.23, 1.38, 0.01], [0.2, 0.17, 0.64], [1.26, 0.06, 1.22], [0.38, 3.11, 0.01], [0.03, 0.22, 0.41], [0.14, 0.24, 2.4], [0.6, 1.62, 0.01], [0.09, 0.23, 2.29], [0.11, 0.24, 1.73], [1.74, 1.11, 0.02], [0.03, 0.12, 1.08], [0.6, 3.67, 1.17]]","[644, 658, 657, 667, 673, 659, 660, 661, 668, 669, 671, 675, 645, 640, 651]",34.9
1321,1790252369194170807,307200,66966,15,12,167.3,"[83.1, 84.1, 85.8, 87.0, 89.6, 95.0, 97.1, 99.0, 103.0, 104.4, 115.0, 167.3]","['OUTSIDE', 'INSIDE', 'OUTSIDE', 'OUTSIDE', 'INSIDE', 'OUTSIDE', 'INSIDE', 'OUTSIDE', 'OUTSIDE', 'OUTSIDE', 'OUTSIDE', 'INSIDE']","[[0.12, 0.31, 2.77], [0.59, 4.71, 0.02], [1.47, 0.93, 1.51], [0.14, 0.22, 0.98], [0.46, 4.38, 0.01], [0.08, 0.07, 0.84], [1.44, 0.86, 0.04], [0.13, 0.24, 2.6], [0.08, 0.28, 2.26], [0.17, 0.91, 0.0], [0.14, 0.25, 1.71], [6.93, 4.39, 2.19]]","[647, 658, 657, 655, 667, 661, 663, 668, 671, 669, 675, 640]",33.1
1322,1790252369287646471,307200,66819,17,10,164.6,"[80.3, 84.6, 85.3, 89.8, 91.7, 97.7, 99.0, 101.7, 113.7, 164.6]","['INSIDE', 'OUTSIDE', 'INSIDE', 'OUTSIDE', 'OUTSIDE', 'OUTSIDE', 'OUTSIDE', 'OUTSIDE', 'OUTSIDE', 'INSIDE']","[[0.37, 4.35, 0.01], [1.35, 0.87, 1.31], [0.81, 5.14, 0.96], [0.22, 0.29, 0.63], [1.14, 0.64, 0.03], [0.13, 0.23, 2.34], [0.07, 0.87, 0.0], [0.08, 0.27, 2.23], [0.1, 0.07, 1.7], [1.25, 3.36, 1.82]]","[656, 657, 658, 667, 673, 668, 663, 671, 675, 640]",30.9
1323,1790252369389931189,307200,66919,14,11,172.7,"[48.1, 80.1, 83.7, 88.5, 92.4, 96.4, 100.4, 104.4, 112.4, 165.2, 172.7]","['RAIL', 'INSIDE', 'INSIDE', 'OUTSIDE', 'OUTSIDE', 'OUTSIDE', 'OUTSIDE', 'OUTSIDE', 'OUTSIDE', 'OUTSIDE', 'RAIL']","[[0.94, 0.06, 0.86], [0.83, 5.19, 2.48], [2.4, 4.94, 2.64], [0.2, 0.15, 0.62], [0.05, 0.21, 0.4], [0.07, 0.16, 2.31], [0.09, 0.22, 2.2], [0.11, 0.29, 2.29], [0.13, 0.26, 1.68], [2.68, 0.32, 1.85], [0.03, 0.1, 0.26]]","[569, 656, 658, 667, 673, 668, 671, 669, 675, 640, 651]",23.2
1324,1790252369489786185,307200,67388,16,10,158.6,"[80.0, 82.2, 86.4, 90.8, 95.1, 97.9, 99.1, 103.1, 111.1, 158.6]","['INSIDE', 'OUTSIDE', 'INSIDE', 'INSIDE', 'OUTSIDE', 'INSIDE', 'OUTSIDE', 'OUTSIDE', 'OUTSIDE', 'INSIDE']","[[1.39, 4.92, 0.04], [1.93, 1.39, 2.95], [1.66, 3.29, 0.75], [0.86, 3.21, 0.86], [0.11, 0.26, 2.5], [0.37, 2.56, 0.01], [0.09, 0.26, 2.37], [0.19, 0.33, 2.27], [0.12, 0.23, 2.18], [8.05, 4.24, 2.41]]","[656, 647, 655, 673, 661, 663, 671, 669, 675, 645]",26.5
1325,1790252369592673985,307200,67230,14,9,179.3,"[80.7, 82.0, 88.2, 93.8, 94.9, 101.7, 110.4, 158.2, 179.3]","['OUTSIDE', 'INSIDE', 'INSIDE', 'OUTSIDE', 'INSIDE', 'OUTSIDE', 'OUTSIDE', 'INSIDE', 'OUTSIDE']","[[1.46, 0.93, 1.42], [0.62, 5.16, 0.74], [2.0, 4.77, 1.52], [0.14, 0.18, 2.46], [0.46, 2.82, 0.01], [1.1, 0.55, 2.45], [1.31, 1.36, 1.96], [9.01, 3.68, 2.12], [0.86, 0.22, 0.83]]","[644, 658, 655, 661, 660, 669, 675, 645, 670]",30.1
1326,1790252369691063330,307200,67282,11,7,155.9,"[48.8, 80.5, 84.9, 99.2, 100.5, 116.1, 155.9]","['RAIL', 'INSIDE', 'INSIDE', 'INSIDE', 'OUTSIDE', 'OUTSIDE', 'INSIDE']","[[0.99, 0.04, 0.96], [1.02, 4.78, 0.72], [0.67, 4.63, 0.59], [0.63, 1.91, 0.01], [0.11, 0.26, 2.21], [0.98, 1.43, 0.48], [8.27, 3.44, 2.04]]","[569, 656, 657, 663, 669, 675, 645]",30.5
1327,1790252369792520235,307200,67324,13,7,174.6,"[83.2, 94.8, 99.3, 102.9, 115.3, 163.5, 174.6]","['INSIDE', 'OUTSIDE', 'OUTSIDE', 'OUTSIDE', 'OUTSIDE', 'NEAR', 'OUTSIDE']","[[0.75, 5.24, 0.38], [1.05, 1.37, 2.48], [0.17, 0.2, 1.95], [0.81, 0.74, 1.79], [0.19, 0.36, 0.52], [0.87, 0.28, 1.43], [3.23, 0.35, 0.03]]","[658, 661, 671, 669, 675, 640, 651]",29.5
1328,1790252369887271859,307200,66543,15,10,173.4,"[84.3, 89.7, 94.0, 97.7, 102.0, 104.6, 119.2, 156.7, 162.1, 173.4]","['INSIDE', 'OUTSIDE', 'OUTSIDE', 'OUTSIDE', 'OUTSIDE', 'OUTSIDE', 'OUTSIDE', 'OUTSIDE', 'NEAR', 'OUTSIDE']","[[1.4, 4.89, 1.88], [0.93, 1.98, 2.58], [0.1, 0.24, 2.46], [0.89, 0.46, 2.57], [0.07, 0.18, 1.58], [0.15, 0.18, 0.43], [0.31, 0.36, 1.01], [14.47, 1.23, 2.33], [0.58, 0.28, 1.88], [3.39, 0.66, 0.04]]","[657, 673, 661, 668, 669, 681, 675, 645, 640, 651]",30.2
1329,1790252369990444677,307200,66711,14,9,173.0,"[80.7, 85.3, 92.3, 92.5, 96.8, 100.2, 103.4, 117.9, 173.0]","['INSIDE', 'INSIDE', 'INSIDE', 'OUTSIDE', 'OUTSIDE', 'OUTSIDE', 'RAIL', 'OUTSIDE', 'OUTSIDE']","[[0.9, 5.15, 0.38], [1.27, 5.12, 0.98], [0.56, 1.62, 0.01], [0.89, 1.56, 2.41], [0.17, 0.37, 2.17], [1.19, 1.4, 1.95], [0.12, 0.19, 0.45], [0.36, 0.39, 0.99], [1.37, 0.19, 0.48]]","[656, 657, 659, 661, 668, 671, 681, 675, 651]",23.2
1330,1790252370089308659,307200,67595,15,9,180.9,"[82.7, 87.5, 87.6, 95.5, 99.5, 102.1, 116.7, 159.7, 180.9]","['INSIDE', 'INSIDE', 'OUTSIDE', 'OUTSIDE', 'OUTSIDE', 'OUTSIDE', 'OUTSIDE', 'NEAR', 'OUTSIDE']","[[1.76, 5.22, 2.78], [0.23, 2.91, 0.01], [1.05, 0.5, 2.52], [0.21, 0.37, 1.89], [0.07, 0.23, 1.54], [0.11, 0.35, 0.71], [0.33, 0.45, 0.98], [0.88, 0.27, 1.4], [0.0, 0.32, 0.0]]","[658, 655, 667, 668, 671, 669, 675, 640, 670]",21.8
1331,1790252370190159899,307200,67838,15,9,170.5,"[49.5, 80.3, 85.9, 90.2, 94.2, 97.8, 100.9, 114.2, 170.5]","['RAIL', 'INSIDE', 'OUTSIDE', 'OUTSIDE', 'OUTSIDE', 'OUTSIDE', 'OUTSIDE', 'OUTSIDE', 'OUTSIDE']","[[0.89, 0.05, 0.64], [1.88, 5.04, 1.43], [0.95, 0.77, 2.86], [1.23, 2.11, 2.6], [0.07, 0.26, 2.47], [0.89, 1.19, 2.56], [0.1, 0.24, 0.41], [0.07, 0.22, 0.78], [1.31, 0.07, 0.35]]","[569, 656, 667, 673, 668, 671, 669, 675, 651]",34.5
1332,1790252370294516012,307200,68009,17,11,157.2,"[49.4, 81.8, 85.1, 86.6, 87.3, 89.0, 93.5, 97.0, 99.6, 113.0, 157.2]","['RAIL', 'INSIDE', 'OUTSIDE', 'INSIDE', 'OUTSIDE', 'OUTSIDE', 'OUTSIDE', 'OUTSIDE', 'OUTSIDE', 'OUTSIDE', 'NEAR']","[[0.82, 0.03, 0.64], [1.56, 4.99, 2.74], [0.24, 0.19, 2.66], [0.4, 2.29, 0.01], [0.08, 1.21, 0.0], [0.13, 0.22, 2.56], [1.19, 0.31, 2.06], [0.07, 0.21, 1.5], [0.09, 0.24, 0.84], [0.04, 0.25, 0.7], [0.83, 0.27, 1.82]]","[569, 658, 667, 655, 657, 673, 668, 671, 669, 675, 640]",32.1
1333,1790252370390516788,307200,68532,15,7,158.8,"[83.2, 87.8, 91.8, 94.6, 98.5, 111.8, 158.8]","['INSIDE', 'OUTSIDE', 'OUTSIDE', 'INSIDE', 'OUTSIDE', 'OUTSIDE', 'OUTSIDE']","[[1.54, 5.19, 2.58], [0.76, 2.48, 2.53], [0.06, 0.36, 2.01], [0.84, 4.62, 0.02], [0.15, 0.32, 0.68], [0.04, 0.24, 0.49], [2.38, 0.3, 1.51]]","[658, 673, 661, 660, 669, 675, 645]",27.0
1334,1790252370493564417,307200,69413,15,7,186.3,"[49.3, 83.3, 90.6, 97.3, 98.5, 110.6, 186.3]","['RAIL', 'INSIDE', 'OUTSIDE', 'OUTSIDE', 'OUTSIDE', 'OUTSIDE', 'OUTSIDE']","[[1.18, 0.05, 0.97], [1.54, 5.22, 2.58], [0.12, 0.33, 2.6], [0.24, 0.3, 0.94], [0.05, 0.23, 0.42], [0.1, 0.06, 0.98], [0.01, 0.33, 0.0]]","[569, 658, 661, 671, 669, 675, 670]",29.3
1335,1790252370592197143,307200,69449,15,6,185.1,"[81.4, 83.0, 83.5, 96.1, 96.1, 185.1]","['OUTSIDE', 'INSIDE', 'OUTSIDE', 'INSIDE', 'OUTSIDE', 'OUTSIDE']","[[0.16, 0.17, 2.71], [0.61, 2.81, 1.13], [0.07, 1.02, 0.0], [0.55, 1.67, 0.01], [0.3, 0.23, 0.93], [0.06, 0.32, 0.0]]","[656, 658, 667, 660, 671, 670]",29.3
1336,1790252370690181974,307200,69985,15,9,184.1,"[49.3, 83.6, 88.1, 88.5, 92.1, 94.9, 95.7, 97.2, 184.1]","['RAIL', 'INSIDE', 'INSIDE', 'OUTSIDE', 'OUTSIDE', 'OUTSIDE', 'OUTSIDE', 'OUTSIDE', 'OUTSIDE']","[[0.91, 0.04, 0.54], [1.27, 5.26, 2.56], [0.22, 1.54, 0.01], [1.29, 1.85, 2.77], [0.03, 0.05, 1.61], [0.25, 0.2, 1.06], [0.84, 0.65, 0.67], [0.2, 0.34, 0.85], [0.38, 0.4, 0.36]]","[569, 658, 655, 673, 668, 671, 669, 660, 670]",22.5
1337,1790252370796310435,307200,70213,16,8,182.7,"[82.7, 88.5, 93.6, 94.9, 96.0, 110.6, 157.4, 182.7]","['INSIDE', 'OUTSIDE', 'OUTSIDE', 'OUTSIDE', 'OUTSIDE', 'OUTSIDE', 'INSIDE', 'OUTSIDE']","[[0.49, 4.76, 2.55], [0.89, 1.03, 0.2], [0.23, 0.36, 0.9], [0.04, 0.15, 0.66], [0.24, 0.28, 0.65], [0.68, 0.58, 0.74], [1.22, 1.38, 0.01], [0.03, 0.32, 0.0]]","[658, 655, 671, 669, 660, 675, 640, 670]",21.0
1338,1790252370892371330,307200,70588,17,8,181.7,"[49.3, 83.3, 88.7, 89.8, 92.4, 155.4, 162.1, 181.7]","['RAIL', 'INSIDE', 'INSIDE', 'OUTSIDE', 'OUTSIDE', 'INSIDE', 'OUTSIDE', 'OUTSIDE']","[[1.08, 0.05, 0.64], [0.56, 4.95, 0.02], [0.55, 4.64, 0.01], [0.05, 0.19, 2.58], [0.17, 0.44, 1.03], [2.73, 3.27, 1.38], [1.34, 0.35, 0.33], [0.38, 0.4, 0.36]]","[569, 658, 655, 661, 668, 640, 645, 670]",24.7
1339,1790252370990607949,307200,71066,17,10,181.8,"[49.6, 82.4, 87.6, 87.9, 89.5, 91.3, 116.7, 154.2, 161.0, 181.8]","['RAIL', 'INSIDE', 'INSIDE', 'OUTSIDE', 'OUTSIDE', 'OUTSIDE', 'OUTSIDE', 'INSIDE', 'OUTSIDE', 'OUTSIDE']","[[0.32, 0.05, 0.88], [0.69, 5.03, 0.02], [0.32, 1.54, 0.01], [0.4, 1.22, 0.01], [0.08, 0.35, 0.19], [0.24, 0.33, 1.19], [0.07, 0.52, 1.74], [2.82, 3.25, 1.37], [1.44, 0.37, 0.33], [2.81, 0.44, 0.34]]","[569, 658, 655, 657, 673, 668, 682, 640, 645, 670]",30.5
1340,1790252371093218651,307200,71298,20,11,180.6,"[49.0, 82.9, 88.2, 90.1, 94.8, 102.9, 111.1, 115.5, 154.4, 159.8, 180.6]","['RAIL', 'INSIDE', 'OUTSIDE', 'OUTSIDE', 'INSIDE', 'OUTSIDE', 'OUTSIDE', 'OUTSIDE', 'INSIDE', 'OUTSIDE', 'OUTSIDE']","[[1.03, 0.05, 0.97], [1.32, 5.04, 2.78], [0.34, 0.35, 0.36], [0.19, 0.35, 1.0], [1.31, 4.98, 0.84], [1.26, 1.41, 0.88], [0.72, 0.25, 0.98], [0.08, 0.52, 1.72], [0.1, 1.08, 0.0], [1.48, 0.37, 0.32], [2.81, 0.47, 0.72]]","[569, 658, 673, 661, 669, 689, 675, 682, 640, 645, 670]",28.1
1341,1790252371194672565,307200,67989,17,10,198.1,"[82.3, 89.1, 94.8, 102.9, 109.9, 114.3, 151.9, 158.6, 178.2, 198.1]","['INSIDE', 'OUTSIDE', 'INSIDE', 'OUTSIDE', 'OUTSIDE', 'OUTSIDE', 'INSIDE', 'OUTSIDE', 'OUTSIDE', 'OUTSIDE']","[[0.62, 5.18, 2.75], [0.41, 0.47, 1.39], [1.14, 3.27, 0.86], [1.33, 0.65, 2.25], [0.81, 0.44, 0.98], [0.04, 0.26, 1.0], [2.72, 3.2, 1.34], [1.41, 0.34, 0.32], [0.4, 0.39, 0.35], [1.24, 0.34, 0.98]]","[658, 661, 669, 689, 675, 682, 640, 645, 670, 692]",29.2
1342,1790252371291904435,307200,67709,19,12,197.3,"[82.9, 87.8, 87.9, 87.9, 94.4, 101.1, 109.7, 113.2, 140.8, 155.8, 177.1, 197.3]","['INSIDE', 'INSIDE', 'OUTSIDE', 'OUTSIDE', 'INSIDE', 'OUTSIDE', 'OUTSIDE', 'OUTSIDE', 'INSIDE', 'INSIDE', 'OUTSIDE', 'INSIDE']","[[0.79, 5.26, 0.16], [0.24, 1.84, 0.01], [0.41, 0.46, 1.37], [0.09, 1.38, 0.0], [0.4, 2.3, 0.01], [0.08, 0.19, 0.69], [1.13, 0.58, 0.99], [0.11, 0.39, 0.99], [9.51, 4.08, 2.17], [4.95, 4.2, 0.32], [0.38, 0.39, 0.35], [1.88, 3.2, 1.37]]","[658, 655, 661, 657, 669, 689, 675, 682, 674, 645, 670, 692]",29.2
1343,1790252371389360792,307200,68439,16,9,155.2,"[83.6, 84.9, 86.8, 88.5, 89.1, 103.5, 108.0, 112.1, 155.2]","['INSIDE', 'OUTSIDE', 'OUTSIDE', 'INSIDE', 'OUTSIDE', 'OUTSIDE', 'OUTSIDE', 'OUTSIDE', 'INSIDE']","[[0.82, 4.99, 0.56], [0.07, 0.2, 0.37], [0.48, 0.54, 1.35], [1.19, 4.79, 0.62], [0.26, 0.31, 0.78], [0.97, 1.95, 0.9], [0.07, 0.21, 0.96], [0.09, 0.39, 0.98], [3.77, 4.17, 0.32]]","[658, 673, 661, 655, 657, 689, 675, 682, 645]",22.9
1344,1790252371490913834,307200,68935,13,9,195.0,"[48.4, 82.6, 85.7, 87.8, 94.8, 102.5, 110.9, 154.1, 195.0]","['RAIL', 'INSIDE', 'OUTSIDE', 'INSIDE', 'OUTSIDE', 'OUTSIDE', 'OUTSIDE', 'INSIDE', 'INSIDE']","[[0.94, 0.05, 0.85], [1.0, 5.05, 0.74], [0.55, 0.53, 1.12], [0.43, 4.46, 0.01], [1.6, 1.34, 1.07], [0.74, 1.4, 0.89], [0.07, 0.58, 0.97], [3.85, 4.14, 0.32], [1.83, 3.16, 1.36]]","[569, 658, 661, 655, 669, 689, 682, 645, 692]",21.7
1345,1790252371590414059,307200,69042,20,10,193.6,"[48.6, 81.0, 85.5, 85.6, 92.8, 101.7, 109.8, 154.1, 174.9, 193.6]","['RAIL', 'INSIDE', 'INSIDE', 'OUTSIDE', 'INSIDE', 'OUTSIDE', 'OUTSIDE', 'OUTSIDE', 'OUTSIDE', 'OUTSIDE']","[[0.92, 0.05, 0.63], [1.47, 4.84, 0.7], [1.02, 4.98, 0.41], [2.57, 0.72, 1.35], [1.98, 4.53, 1.02], [0.07, 0.2, 1.1], [0.09, 0.41, 0.74], [1.47, 0.3, 0.31], [2.83, 0.46, 0.7], [1.25, 0.22, 1.25]]","[569, 658, 655, 661, 671, 689, 682, 645, 670, 692]",22.5
1346,1790252371688278024,307200,69176,14,8,173.8,"[81.3, 84.4, 86.4, 97.2, 108.7, 108.9, 151.2, 173.8]","['INSIDE', 'OUTSIDE', 'INSIDE', 'OUTSIDE', 'OUTSIDE', 'OUTSIDE', 'INSIDE', 'OUTSIDE']","[[1.46, 5.27, 1.29], [2.47, 0.63, 1.33], [0.68, 3.76, 0.02], [1.3, 0.64, 2.32], [0.09, 0.45, 0.95], [2.07, 1.96, 2.38], [4.9, 4.08, 0.31], [2.84, 0.42, 0.33]]","[658, 661, 655, 660, 682, 675, 640, 670]",28.7
1347,1790252371794710105,307200,69343,17,10,172.6,"[45.1, 82.4, 85.0, 95.5, 96.6, 99.5, 107.5, 107.8, 151.8, 172.6]","['RAIL', 'OUTSIDE', 'OUTSIDE', 'OUTSIDE', 'OUTSIDE', 'OUTSIDE', 'OUTSIDE', 'OUTSIDE', 'OUTSIDE', 'OUTSIDE']","[[0.88, 0.05, 0.89], [0.8, 0.64, 1.45], [0.39, 2.22, 0.01], [0.06, 0.19, 0.84], [0.32, 0.53, 1.26], [0.04, 0.18, 0.45], [0.06, 0.48, 1.45], [2.04, 1.89, 2.59], [1.49, 0.09, 0.33], [2.75, 0.24, 0.79]]","[569, 661, 655, 669, 660, 697, 682, 675, 640, 670]",30.7
1348,1790252371886202174,307200,69598,15,13,190.5,"[49.4, 81.1, 81.6, 83.5, 86.2, 94.3, 95.5, 98.4, 102.4, 106.4, 107.0, 149.6, 190.5]","['RAIL', 'INSIDE', 'OUTSIDE', 'OUTSIDE', 'INSIDE', 'OUTSIDE', 'OUTSIDE', 'OUTSIDE', 'OUTSIDE', 'OUTSIDE', 'OUTSIDE', 'INSIDE', 'INSIDE']","[[0.91, 0.05, 0.64], [1.05, 4.8, 0.03], [1.46, 0.66, 2.74], [0.22, 0.31, 0.73], [0.99, 5.01, 2.11], [0.12, 0.22, 1.04], [0.3, 0.44, 1.06], [0.08, 0.2, 1.07], [0.08, 0.2, 0.7], [0.05, 0.37, 0.93], [1.4, 1.92, 2.36], [3.73, 4.02, 0.31], [1.77, 3.42, 1.33]]","[569, 658, 661, 655, 673, 669, 660, 697, 689, 682, 675, 640, 692]",26.1
1349,1790252371989559338,307200,69751,15,10,170.5,"[81.2, 84.9, 89.9, 93.3, 94.4, 97.7, 101.3, 105.4, 149.6, 170.5]","['INSIDE', 'INSIDE', 'INSIDE', 'OUTSIDE', 'OUTSIDE', 'OUTSIDE', 'OUTSIDE', 'OUTSIDE', 'INSIDE', 'OUTSIDE']","[[2.62, 5.1, 2.7], [0.83, 5.18, 2.66], [1.3, 4.99, 0.82], [0.1, 0.17, 0.82], [0.26, 0.44, 1.05], [0.97, 0.32, 1.08], [0.08, 0.04, 0.69], [0.04, 0.55, 0.7], [1.52, 3.99, 0.31], [2.82, 0.14, 1.17]]","[658, 673, 657, 669, 660, 697, 689, 682, 640, 670]",28.9
1350,1790252372092367173,307200,69858,15,11,181.1,"[47.7, 85.6, 88.2, 90.8, 93.3, 100.2, 104.3, 147.4, 157.5, 169.4, 181.1]","['RAIL', 'INSIDE', 'OUTSIDE', 'INSIDE', 'OUTSIDE', 'OUTSIDE', 'OUTSIDE', 'INSIDE', 'INSIDE', 'OUTSIDE', 'INSIDE']","[[0.94, 0.04, 0.94], [0.52, 4.78, 0.02], [0.18, 0.29, 0.99], [0.44, 2.22, 0.01], [0.31, 0.39, 1.22], [0.08, 0.21, 0.68], [0.12, 0.42, 0.91], [3.74, 4.07, 0.33], [4.5, 3.55, 0.05], [2.79, 0.3, 1.87], [5.39, 4.06, 2.04]]","[569, 673, 657, 671, 660, 689, 682, 640, 645, 670, 696]",27.4
1351,1790252372190351478,307200,67836,14,11,179.7,"[82.5, 86.7, 87.5, 91.1, 92.3, 99.1, 103.2, 147.8, 155.2, 168.9, 179.7]","['INSIDE', 'INSIDE', 'OUTSIDE', 'OUTSIDE', 'OUTSIDE', 'OUTSIDE', 'OUTSIDE', 'INSIDE', 'OUTSIDE', 'INSIDE', 'INSIDE']","[[1.49, 5.24, 2.77], [0.54, 3.06, 0.02], [0.83, 1.56, 0.98], [0.08, 0.24, 0.8], [0.31, 0.39, 1.21], [0.08, 0.23, 1.08], [0.08, 0.42, 0.68], [6.01, 4.16, 0.3], [2.66, 0.27, 1.51], [1.77, 3.98, 0.46], [4.54, 4.18, 1.52]]","[658, 673, 657, 669, 660, 689, 682, 640, 645, 670, 696]",27.3
1352,1790252372290115465,307200,66934,13,10,178.6,"[85.2, 90.1, 90.1, 91.2, 94.0, 97.7, 102.1, 102.7, 106.5, 178.6]","['INSIDE', 'INSIDE', 'OUTSIDE', 'OUTSIDE', 'OUTSIDE', 'OUTSIDE', 'OUTSIDE', 'OUTSIDE', 'OUTSIDE', 'INSIDE']","[[1.88, 4.97, 0.94], [0.17, 1.89, 0.0], [0.23, 1.71, 0.8], [0.27, 0.48, 1.01], [0.08, 0.22, 2.11], [0.76, 1.38, 0.86], [0.07, 0.36, 0.68], [1.4, 1.97, 2.27], [2.2, 1.85, 2.32], [4.57, 4.08, 1.52]]","[657, 671, 669, 660, 695, 697, 682, 698, 675, 696]",28.3
1353,1790252372394369212,307200,67046,17,13,177.9,"[80.5, 84.8, 89.0, 90.1, 90.5, 92.9, 97.3, 101.0, 101.6, 105.6, 155.4, 165.3, 177.9]","['INSIDE', 'INSIDE', 'OUTSIDE', 'OUTSIDE', 'INSIDE', 'OUTSIDE', 'OUTSIDE', 'OUTSIDE', 'OUTSIDE', 'OUTSIDE', 'INSIDE', 'INSIDE', 'INSIDE']","[[1.03, 5.25, 2.86], [1.35, 5.06, 1.15], [0.14, 0.22, 0.84], [0.29, 0.52, 1.36], [0.87, 4.67, 0.2], [0.04, 0.2, 1.03], [0.92, 0.49, 1.1], [0.08, 0.47, 1.77], [1.41, 1.82, 2.44], [2.4, 2.48, 2.52], [2.15, 3.51, 0.03], [4.37, 3.77, 2.17], [5.45, 3.99, 2.0]]","[658, 657, 669, 660, 671, 695, 697, 682, 698, 675, 645, 670, 696]",28.7
1354,1790252372491015618,307200,67671,13,10,177.3,"[44.4, 83.3, 88.1, 89.0, 91.9, 95.5, 99.9, 100.5, 104.5, 177.3]","['RAIL', 'INSIDE', 'INSIDE', 'OUTSIDE', 'OUTSIDE', 'OUTSIDE', 'OUTSIDE', 'OUTSIDE', 'OUTSIDE', 'INSIDE']","[[0.96, 0.05, 0.88], [1.51, 4.67, 1.12], [0.5, 4.99, 1.0], [0.26, 0.51, 1.39], [0.07, 0.2, 1.02], [0.75, 1.68, 1.06], [0.07, 0.45, 1.75], [1.45, 1.97, 2.41], [2.44, 2.03, 2.49], [2.96, 4.04, 1.5]]","[569, 657, 673, 660, 695, 697, 682, 698, 675, 696]",28.3
1355,1790252372598619791,307200,67898,16,12,174.7,"[80.3, 82.9, 84.6, 86.8, 88.0, 91.0, 94.8, 98.9, 99.1, 103.9, 163.2, 174.7]","['INSIDE', 'OUTSIDE', 'INSIDE', 'OUTSIDE', 'OUTSIDE', 'OUTSIDE', 'OUTSIDE', 'OUTSIDE', 'OUTSIDE', 'INSIDE', 'INSIDE', 'INSIDE']","[[0.62, 4.07, 0.02], [0.19, 0.33, 1.1], [1.04, 3.11, 0.03], [0.04, 0.2, 0.76], [0.33, 0.47, 1.2], [0.64, 0.46, 2.4], [0.07, 0.2, 0.83], [0.08, 0.39, 0.65], [2.01, 1.94, 2.38], [3.37, 4.9, 2.31], [4.28, 3.96, 1.57], [3.12, 3.91, 1.48]]","[658, 655, 657, 669, 660, 695, 697, 682, 689, 675, 670, 696]",28.9
1356,1790252372695910811,307200,68020,16,13,174.4,"[82.0, 82.4, 86.9, 88.2, 89.7, 89.7, 94.1, 97.8, 98.4, 102.4, 105.2, 162.9, 174.4]","['OUTSIDE', 'INSIDE', 'OUTSIDE', 'INSIDE', 'RAIL', 'OUTSIDE', 'OUTSIDE', 'OUTSIDE', 'OUTSIDE', 'INSIDE', 'INSIDE', 'OUTSIDE', 'INSIDE']","[[1.14, 0.05, 1.63], [1.47, 5.18, 0.76], [0.33, 0.49, 1.54], [0.45, 3.24, 0.01], [0.06, 0.16, 0.36], [0.06, 0.21, 0.79], [0.78, 1.88, 0.84], [0.1, 0.56, 1.71], [1.34, 1.93, 2.37], [2.41, 3.23, 2.46], [1.52, 3.32, 0.21], [2.83, 0.24, 0.74], [4.48, 3.96, 1.48]]","[657, 658, 660, 673, 695, 671, 697, 682, 689, 675, 699, 670, 696]",26.0
1357,1790252372790780977,307200,69060,13,11,174.1,"[80.7, 83.5, 85.9, 88.6, 92.7, 96.8, 96.9, 102.0, 153.0, 161.8, 174.1]","['OUTSIDE', 'INSIDE', 'OUTSIDE', 'INSIDE', 'OUTSIDE', 'OUTSIDE', 'OUTSIDE', 'INSIDE', 'INSIDE', 'OUTSIDE', 'INSIDE']","[[0.17, 0.28, 0.93], [0.83, 3.94, 0.03], [0.31, 0.38, 1.52], [0.98, 3.16, 2.78], [0.04, 0.19, 0.82], [0.12, 0.34, 0.84], [2.04, 1.89, 2.55], [3.91, 5.08, 2.48], [4.08, 3.5, 0.05], [2.85, 0.28, 1.54], [2.97, 3.86, 1.95]]","[661, 658, 660, 673, 697, 682, 689, 675, 645, 670, 696]",26.6
1358,1790252372894606513,307200,68161,13,11,171.7,"[80.2, 84.8, 85.1, 87.6, 91.9, 95.7, 96.2, 100.9, 106.8, 161.4, 171.7]","['INSIDE', 'OUTSIDE', 'INSIDE', 'OUTSIDE', 'OUTSIDE', 'OUTSIDE', 'OUTSIDE', 'INSIDE', 'INSIDE', 'INSIDE', 'INSIDE']","[[1.31, 5.12, 1.1], [0.3, 0.5, 1.32], [0.29, 5.05, 0.01], [0.11, 0.3, 2.3], [0.73, 1.27, 1.03], [0.13, 0.54, 1.68], [1.37, 1.98, 2.31], [3.77, 5.32, 2.45], [0.05, 1.49, 0.0], [1.66, 3.91, 1.1], [3.38, 3.94, 1.46]]","[661, 660, 658, 669, 697, 682, 689, 675, 699, 670, 696]",25.0
1359,1790252372990784425,307200,68265,15,11,171.2,"[82.3, 83.8, 87.2, 93.3, 94.7, 94.9, 99.0, 101.7, 104.5, 147.4, 171.2]","['INSIDE', 'OUTSIDE', 'INSIDE', 'INSIDE', 'OUTSIDE', 'OUTSIDE', 'OUTSIDE', 'INSIDE', 'INSIDE', 'INSIDE', 'INSIDE']","[[0.54, 5.05, 0.95], [0.31, 0.51, 1.48], [1.27, 5.19, 2.73], [0.32, 2.93, 0.01], [0.14, 0.38, 0.82], [2.02, 1.89, 2.5], [2.09, 1.9, 2.39], [0.69, 3.18, 0.19], [0.14, 3.1, 0.0], [5.44, 3.76, 0.74], [4.52, 3.99, 1.46]]","[661, 660, 673, 682, 689, 697, 698, 675, 699, 640, 696]",32.7
1360,1790252373088898782,307200,68506,15,11,168.8,"[47.4, 81.6, 82.7, 84.8, 89.5, 89.8, 93.6, 94.2, 99.4, 158.7, 168.8]","['RAIL', 'OUTSIDE', 'OUTSIDE', 'INSIDE', 'NEAR', 'OUTSIDE', 'OUTSIDE', 'OUTSIDE', 'INSIDE', 'INSIDE', 'INSIDE']","[[1.12, 0.06, 1.03], [0.27, 0.49, 1.46], [0.11, 0.13, 0.72], [1.51, 5.06, 2.82], [0.3, 1.1, 0.01], [0.54, 2.26, 1.01], [0.08, 0.42, 1.85], [1.37, 1.87, 2.48], [4.9, 5.06, 2.63], [2.83, 4.22, 2.09], [1.87, 4.01, 1.89]]","[569, 660, 655, 658, 673, 671, 689, 697, 698, 670, 696]",32.0
1361,1790252373195739454,307200,68801,18,11,168.6,"[49.9, 80.2, 81.7, 84.8, 88.5, 92.6, 92.6, 97.9, 102.5, 158.0, 168.6]","['OUTSIDE', 'INSIDE', 'OUTSIDE', 'INSIDE', 'OUTSIDE', 'OUTSIDE', 'INSIDE', 'INSIDE', 'INSIDE', 'INSIDE', 'INSIDE']","[[0.15, 2.61, 0.0], [0.63, 5.06, 0.92], [0.3, 0.47, 1.28], [0.71, 4.78, 0.97], [0.04, 0.3, 0.98], [0.07, 0.42, 0.81], [2.48, 3.96, 2.44], [3.96, 5.12, 2.38], [0.08, 3.04, 0.0], [2.7, 4.11, 1.08], [3.41, 3.97, 1.43]]","[569, 661, 660, 658, 669, 689, 697, 698, 675, 670, 696]",30.6
1362,1790252373295058998,307200,69388,15,12,166.4,"[49.3, 80.7, 81.5, 86.3, 86.9, 91.9, 92.1, 96.9, 102.8, 145.7, 156.7, 166.4]","['RAIL', 'INSIDE', 'OUTSIDE', 'INSIDE', 'OUTSIDE', 'OUTSIDE', 'INSIDE', 'INSIDE', 'OUTSIDE', 'INSIDE', 'OUTSIDE', 'INSIDE']","[[0.96, 0.05, 1.08], [0.33, 2.33, 0.17], [0.31, 0.49, 1.26], [0.18, 1.81, 0.0], [1.23, 1.85, 0.98], [0.74, 0.4, 0.99], [1.41, 3.34, 2.43], [4.04, 4.92, 2.37], [0.28, 1.4, 0.2], [8.34, 3.68, 0.76], [2.83, 0.17, 1.73], [7.97, 4.1, 1.81]]","[569, 661, 660, 658, 669, 689, 697, 698, 675, 640, 670, 696]",31.9
1363,1790252373393859128,307200,70418,16,11,168.3,"[45.6, 81.7, 82.8, 87.9, 90.5, 91.1, 96.3, 106.0, 114.9, 154.9, 168.3]","['RAIL', 'OUTSIDE', 'INSIDE', 'INSIDE', 'OUTSIDE', 'OUTSIDE', 'INSIDE', 'INSIDE', 'OUTSIDE', 'INSIDE', 'INSIDE']","[[0.81, 0.05, 1.0], [0.42, 0.15, 0.19], [0.78, 5.21, 2.77], [0.51, 4.76, 0.01], [0.11, 0.42, 2.38], [1.31, 1.81, 2.4], [4.95, 5.44, 2.55], [0.05, 1.48, 0.0], [0.88, 1.63, 0.23], [4.35, 4.25, 1.02], [3.79, 4.08, 1.88]]","[569, 657, 661, 658, 689, 697, 698, 699, 702, 645, 696]",29.3
1364,1790252373494394831,307200,70359,15,9,166.9,"[81.5, 86.1, 89.5, 90.1, 95.3, 105.0, 138.0, 153.8, 166.9]","['INSIDE', 'INSIDE', 'OUTSIDE', 'OUTSIDE', 'INSIDE', 'INSIDE', 'INSIDE', 'INSIDE', 'INSIDE']","[[0.74, 5.12, 2.72], [1.4, 5.13, 1.0], [0.08, 0.33, 1.77], [1.46, 1.89, 2.37], [4.93, 5.38, 2.52], [0.99, 3.1, 1.42], [13.92, 3.9, 0.59], [4.33, 4.1, 1.32], [2.9, 4.01, 1.87]]","[661, 658, 689, 697, 698, 699, 704, 645, 696]",28.0
1365,1790252373588848423,307200,70220,17,13,164.9,"[48.6, 81.0, 84.4, 85.8, 88.6, 89.1, 94.3, 100.3, 104.0, 116.4, 120.8, 143.1, 164.9]","['RAIL', 'INSIDE', 'OUTSIDE', 'INSIDE', 'OUTSIDE', 'OUTSIDE', 'INSIDE', 'INSIDE', 'OUTSIDE', 'OUTSIDE', 'INSIDE', 'INSIDE', 'INSIDE']","[[1.07, 0.06, 0.96], [1.29, 5.23, 2.51], [0.05, 0.19, 0.95], [0.28, 2.85, 0.01], [0.63, 0.39, 2.19], [1.39, 2.02, 2.57], [5.01, 5.32, 2.49], [1.81, 2.25, 0.51], [0.09, 1.27, 0.0], [1.24, 0.57, 2.23], [1.13, 0.76, 1.01], [2.42, 3.96, 0.66], [3.99, 4.06, 1.83]]","[569, 661, 669, 658, 689, 697, 698, 675, 699, 702, 703, 640, 696]",28.5
1366,1790252373694619274,307200,70417,16,11,163.4,"[48.8, 84.0, 84.0, 87.5, 92.9, 101.7, 114.9, 140.9, 152.7, 160.0, 163.4]","['RAIL', 'INSIDE', 'OUTSIDE', 'OUTSIDE', 'INSIDE', 'INSIDE', 'OUTSIDE', 'INSIDE', 'INSIDE', 'OUTSIDE', 'INSIDE']","[[0.89, 0.05, 1.07], [0.25, 3.08, 0.01], [1.34, 0.54, 1.15], [0.04, 0.39, 0.79], [4.06, 5.02, 2.49], [0.07, 1.6, 0.0], [0.12, 0.61, 1.5], [5.02, 3.5, 2.1], [3.12, 3.92, 2.01], [3.37, 1.37, 0.71], [0.08, 0.36, 1.82]]","[569, 658, 669, 689, 698, 675, 702, 640, 645, 670, 696]",32.8
1367,1790252373788871055,307200,70848,11,9,164.7,"[82.1, 86.5, 87.1, 91.9, 98.0, 105.9, 114.4, 150.8, 164.7]","['INSIDE', 'OUTSIDE', 'INSIDE', 'INSIDE', 'INSIDE', 'INSIDE', 'OUTSIDE', 'INSIDE', 'INSIDE']","[[0.73, 5.17, 1.1], [0.07, 0.34, 0.95], [1.44, 5.16, 2.72], [4.11, 5.29, 2.69], [0.28, 3.42, 0.01], [0.26, 2.59, 0.01], [1.23, 0.47, 1.5], [4.28, 4.19, 1.99], [12.41, 4.1, 1.84]]","[661, 689, 697, 698, 675, 700, 702, 645, 696]",30.2
1368,1790252373887219755,307200,68409,14,9,160.9,"[81.4, 85.5, 90.9, 97.0, 105.1, 108.5, 113.4, 150.5, 160.9]","['OUTSIDE', 'OUTSIDE', 'INSIDE', 'INSIDE', 'INSIDE', 'OUTSIDE', 'OUTSIDE', 'INSIDE', 'INSIDE']","[[0.18, 1.0, 0.01], [0.07, 0.52, 0.94], [4.13, 5.12, 2.66], [0.31, 3.39, 0.01], [0.81, 2.94, 0.02], [1.94, 0.61, 0.49], [1.19, 0.52, 1.49], [3.0, 3.95, 0.99], [6.87, 4.2, 1.82]]","[657, 689, 698, 675, 700, 701, 702, 645, 670]",31.9
1369,1790252373995133466,307200,69124,15,11,163.8,"[80.4, 81.8, 84.5, 88.0, 96.8, 98.7, 103.7, 105.5, 109.8, 149.6, 163.8]","['OUTSIDE', 'INSIDE', 'OUTSIDE', 'INSIDE', 'INSIDE', 'INSIDE', 'INSIDE', 'INSIDE', 'OUTSIDE', 'INSIDE', 'INSIDE']","[[0.08, 0.19, 1.07], [0.18, 4.71, 0.01], [0.05, 0.52, 0.93], [7.24, 5.19, 2.76], [1.25, 2.03, 0.03], [0.05, 1.72, 0.0], [0.95, 1.62, 0.02], [0.12, 2.03, 0.0], [0.12, 0.3, 0.93], [2.79, 3.89, 0.72], [10.17, 4.36, 1.82]]","[655, 661, 689, 697, 675, 699, 700, 701, 702, 645, 696]",31.4
1370,1790252374098794868,307200,69358,15,11,158.8,"[83.3, 83.9, 89.4, 97.7, 99.1, 100.4, 105.9, 126.0, 138.1, 148.8, 158.8]","['INSIDE', 'OUTSIDE', 'INSIDE', 'INSIDE', 'INSIDE', 'INSIDE', 'INSIDE', 'INSIDE', 'INSIDE', 'OUTSIDE', 'INSIDE']","[[0.67, 2.95, 1.85], [1.72, 1.93, 2.8], [4.98, 5.28, 2.81], [0.15, 2.22, 0.0], [0.02, 1.56, 0.0], [0.05, 2.28, 0.0], [0.1, 2.96, 0.0], [4.89, 4.03, 0.31], [7.35, 3.89, 2.14], [2.5, 0.29, 1.96], [8.8, 4.16, 2.02]]","[658, 669, 697, 675, 699, 700, 701, 703, 704, 645, 670]",28.0
1371,1790252374192938003,307200,69550,17,12,157.9,"[80.6, 82.5, 83.1, 87.3, 94.9, 102.2, 103.5, 106.3, 120.3, 130.0, 146.9, 157.9]","['INSIDE', 'OUTSIDE', 'OUTSIDE', 'INSIDE', 'INSIDE', 'INSIDE', 'INSIDE', 'OUTSIDE', 'INSIDE', 'INSIDE', 'INSIDE', 'INSIDE']","[[0.7, 4.49, 0.02], [0.13, 0.44, 0.91], [1.32, 1.92, 2.75], [4.95, 5.21, 2.7], [1.18, 3.15, 0.03], [2.65, 3.75, 0.23], [0.07, 0.54, 0.0], [0.47, 0.19, 0.47], [0.03, 1.89, 0.0], [11.63, 3.93, 1.06], [4.36, 4.18, 0.97], [6.87, 4.28, 1.79]]","[661, 658, 669, 697, 675, 700, 701, 702, 703, 685, 645, 670]",22.4
1372,1790252374290028371,307200,70025,16,12,163.9,"[81.9, 87.4, 95.1, 95.7, 97.1, 98.4, 104.1, 124.1, 135.0, 146.8, 155.7, 163.9]","['INSIDE', 'INSIDE', 'OUTSIDE', 'INSIDE', 'INSIDE', 'INSIDE', 'INSIDE', 'INSIDE', 'INSIDE', 'INSIDE', 'INSIDE', 'INSIDE']","[[1.92, 5.46, 2.76], [4.96, 5.31, 2.75], [0.09, 0.19, 0.2], [0.15, 2.01, 0.0], [0.06, 1.02, 0.0], [0.09, 3.26, 0.0], [0.25, 2.91, 0.01], [4.93, 3.92, 0.31], [5.07, 3.95, 2.07], [3.11, 4.12, 1.94], [6.67, 4.11, 1.99], [5.35, 3.42, 1.85]]","[661, 697, 675, 699, 700, 701, 702, 703, 704, 645, 670, 696]",27.9
1373,1790252374390664810,307200,70371,18,11,165.3,"[80.4, 86.0, 91.0, 97.7, 99.0, 104.0, 123.7, 136.0, 145.9, 155.8, 165.3]","['OUTSIDE', 'INSIDE', 'INSIDE', 'INSIDE', 'INSIDE', 'OUTSIDE', 'INSIDE', 'INSIDE', 'OUTSIDE', 'INSIDE', 'INSIDE']","[[0.45, 0.19, 1.62], [4.05, 5.37, 2.81], [1.0, 3.92, 0.37], [0.5, 1.85, 0.19], [0.62, 3.77, 0.19], [2.51, 1.07, 0.45], [3.69, 4.16, 0.31], [8.53, 3.86, 0.6], [2.55, 0.27, 1.92], [8.8, 4.08, 1.99], [0.62, 3.29, 0.45]]","[657, 697, 698, 700, 701, 702, 703, 704, 645, 670, 696]",23.4
1374,1790252374493911670,307200,70114,17,12,156.6,"[80.6, 81.7, 85.3, 90.0, 94.7, 97.4, 102.7, 104.6, 119.8, 133.1, 144.9, 156.6]","['OUTSIDE', 'INSIDE', 'INSIDE', 'INSIDE', 'NEAR', 'INSIDE', 'OUTSIDE', 'OUTSIDE', 'INSIDE', 'INSIDE', 'INSIDE', 'INSIDE']","[[2.01, 1.93, 2.71], [0.23, 1.71, 0.01], [4.67, 5.19, 2.78], [0.99, 3.88, 0.37], [2.02, 0.66, 1.06], [1.91, 3.89, 0.23], [1.83, 0.9, 0.44], [1.4, 0.47, 1.59], [0.03, 1.05, 0.0], [5.1, 3.43, 0.54], [3.08, 3.86, 1.91], [5.41, 3.99, 1.73]]","[655, 661, 697, 698, 699, 700, 702, 707, 703, 704, 645, 670]",30.6
1375,1790252374592818865,307200,70137,17,12,158.9,"[81.3, 83.2, 85.8, 88.7, 90.0, 96.2, 101.1, 103.7, 119.4, 132.2, 145.5, 158.9]","['INSIDE', 'OUTSIDE', 'INSIDE', 'INSIDE', 'INSIDE', 'INSIDE', 'OUTSIDE', 'OUTSIDE', 'INSIDE', 'INSIDE', 'INSIDE', 'INSIDE']","[[0.16, 3.12, 0.0], [3.62, 1.89, 2.74], [0.65, 3.36, 0.21], [0.24, 3.25, 0.01], [0.1, 3.14, 0.0], [1.41, 3.51, 0.21], [3.06, 0.72, 0.44], [1.4, 0.46, 1.58], [1.2, 2.5, 0.02], [5.02, 4.09, 0.53], [6.14, 4.34, 1.94], [8.5, 3.95, 1.73]]","[661, 669, 697, 698, 699, 700, 702, 707, 703, 704, 645, 670]",29.4
1376,1790252374704776483,307200,70013,14,10,162.7,"[83.1, 90.6, 97.5, 101.2, 101.9, 102.8, 132.3, 143.0, 153.0, 162.7]","['INSIDE', 'INSIDE', 'INSIDE', 'INSIDE', 'INSIDE', 'OUTSIDE', 'INSIDE', 'OUTSIDE', 'INSIDE', 'INSIDE']","[[3.97, 5.16, 2.81], [0.1, 3.32, 0.0], [2.64, 4.27, 0.22], [1.01, 0.08, 1.33], [1.2, 3.7, 0.47], [1.49, 0.53, 1.57], [7.51, 3.97, 2.05], [2.48, 0.28, 1.67], [8.73, 4.11, 1.97], [0.12, 2.84, 0.0]]","[669, 699, 700, 701, 702, 707, 704, 645, 670, 696]",31.1
1377,1790252374789693206,307200,70117,18,11,161.8,"[82.7, 88.5, 90.3, 91.0, 92.3, 97.3, 100.5, 101.6, 143.3, 152.0, 161.8]","['INSIDE', 'INSIDE', 'OUTSIDE', 'INSIDE', 'NEAR', 'INSIDE', 'OUTSIDE', 'OUTSIDE', 'OUTSIDE', 'INSIDE', 'INSIDE']","[[5.15, 5.94, 2.77], [0.99, 1.61, 0.2], [0.11, 0.16, 0.37], [0.07, 2.06, 0.0], [0.03, 1.13, 0.0], [1.24, 3.42, 0.03], [2.12, 0.38, 0.51], [1.11, 0.33, 0.86], [0.05, 0.34, 1.87], [8.75, 4.25, 2.0], [0.05, 2.82, 0.0]]","[669, 698, 699, 675, 700, 701, 702, 707, 645, 670, 696]",29.2
1378,1790252374894288064,307200,70560,20,13,160.6,"[81.7, 87.4, 89.4, 90.1, 91.4, 96.9, 100.7, 100.7, 118.5, 130.4, 141.2, 150.1, 160.6]","['INSIDE', 'INSIDE', 'OUTSIDE', 'INSIDE', 'NEAR', 'INSIDE', 'INSIDE', 'OUTSIDE', 'INSIDE', 'INSIDE', 'OUTSIDE', 'INSIDE', 'INSIDE']","[[4.94, 5.75, 2.74], [0.64, 1.75, 0.2], [0.08, 0.17, 0.37], [0.08, 3.62, 0.21], [0.03, 1.28, 0.0], [0.14, 2.88, 0.0], [0.09, 2.46, 0.0], [1.17, 0.26, 0.85], [2.17, 3.94, 0.53], [7.49, 4.15, 2.02], [2.47, 0.31, 1.24], [6.82, 4.16, 1.92], [0.64, 3.2, 0.44]]","[669, 698, 699, 675, 700, 701, 702, 707, 703, 685, 645, 670, 696]",23.1
1379,1790252374998233364,307200,70832,15,8,130.2,"[80.7, 86.5, 88.5, 89.2, 89.5, 90.5, 117.5, 130.2]","['INSIDE', 'INSIDE', 'OUTSIDE', 'INSIDE', 'INSIDE', 'NEAR', 'INSIDE', 'INSIDE']","[[4.9, 5.29, 2.71], [0.83, 1.13, 0.19], [0.06, 0.31, 0.36], [0.13, 3.89, 0.22], [0.06, 1.58, 0.0], [3.06, 0.72, 0.77], [2.32, 3.9, 0.71], [8.81, 4.16, 2.03]]","[669, 698, 699, 675, 700, 697, 703, 685]",23.2
1380,1790252375092452783,307200,70942,13,9,152.0,"[87.6, 88.2, 89.2, 90.9, 96.5, 100.1, 110.2, 118.2, 152.0]","['OUTSIDE', 'INSIDE', 'INSIDE', 'OUTSIDE', 'INSIDE', 'INSIDE', 'OUTSIDE', 'INSIDE', 'INSIDE']","[[0.07, 0.19, 0.36], [0.14, 2.55, 0.21], [2.02, 4.09, 2.35], [0.04, 0.79, 0.0], [0.13, 3.03, 0.0], [0.1, 1.05, 0.0], [0.02, 0.22, 0.23], [1.1, 2.69, 0.02], [14.14, 4.11, 1.92]]","[699, 675, 697, 700, 701, 702, 710, 703, 670]",35.0
1381,1790252375191868754,307200,71241,18,11,158.1,"[83.1, 88.2, 90.0, 96.1, 104.8, 109.3, 116.8, 124.8, 136.9, 148.4, 158.1]","['INSIDE', 'INSIDE', 'INSIDE', 'INSIDE', 'OUTSIDE', 'OUTSIDE', 'INSIDE', 'INSIDE', 'INSIDE', 'INSIDE', 'INSIDE']","[[0.14, 3.19, 0.0], [0.04, 2.67, 0.0], [2.06, 1.58, 2.55], [1.12, 4.04, 0.21], [1.02, 0.18, 0.27], [0.02, 0.38, 0.23], [0.07, 1.43, 0.0], [8.55, 4.06, 1.58], [5.59, 4.13, 1.86], [8.8, 4.23, 1.95], [0.07, 3.04, 0.0]]","[661, 700, 697, 701, 707, 710, 703, 685, 704, 670, 696]",30.2
1382,1790252375291392458,307200,71456,18,10,157.3,"[82.9, 85.6, 86.6, 90.0, 95.6, 99.6, 108.5, 136.0, 148.5, 157.3]","['INSIDE', 'OUTSIDE', 'NEAR', 'INSIDE', 'OUTSIDE', 'INSIDE', 'OUTSIDE', 'INSIDE', 'INSIDE', 'INSIDE']","[[1.54, 3.97, 0.41], [0.32, 0.16, 0.35], [3.47, 0.73, 1.32], [1.9, 1.85, 0.77], [2.52, 1.2, 0.81], [0.15, 2.44, 1.28], [0.06, 0.38, 0.23], [5.62, 4.12, 2.06], [6.7, 4.27, 1.96], [0.07, 2.74, 0.0]]","[661, 699, 697, 700, 701, 702, 710, 704, 670, 696]",35.9
1383,1790252375391004723,307200,72301,17,10,149.2,"[82.0, 84.8, 86.4, 88.1, 89.5, 94.3, 98.7, 107.5, 114.6, 149.2]","['INSIDE', 'OUTSIDE', 'NEAR', 'INSIDE', 'INSIDE', 'INSIDE', 'INSIDE', 'OUTSIDE', 'INSIDE', 'INSIDE']","[[1.64, 3.93, 0.57], [1.69, 0.22, 2.24], [1.91, 0.74, 1.74], [0.08, 2.46, 0.0], [0.07, 2.03, 0.0], [1.77, 4.17, 0.8], [0.09, 2.42, 1.27], [0.03, 0.4, 0.23], [0.78, 1.64, 0.2], [14.23, 4.24, 1.89]]","[661, 699, 697, 675, 700, 701, 702, 710, 703, 670]",31.6
1384,1790252375492731569,307200,72710,14,9,150.2,"[82.0, 84.0, 84.6, 85.6, 89.5, 95.3, 123.9, 134.2, 150.2]","['OUTSIDE', 'INSIDE', 'OUTSIDE', 'NEAR', 'INSIDE', 'OUTSIDE', 'OUTSIDE', 'INSIDE', 'INSIDE']","[[0.05, 0.27, 0.34], [2.83, 3.62, 0.2], [0.07, 0.64, 0.38], [1.76, 0.74, 1.52], [1.85, 4.11, 0.2], [1.1, 0.3, 0.81], [7.15, 0.37, 1.92], [5.48, 4.17, 1.84], [10.77, 4.22, 1.93]]","[699, 661, 698, 697, 700, 701, 685, 704, 670]",30.5
1385,1790252375594744815,307200,73121,17,10,161.1,"[81.1, 82.7, 86.5, 89.9, 94.3, 96.6, 122.8, 134.7, 145.4, 161.1]","['INSIDE', 'RAIL', 'INSIDE', 'INSIDE', 'INSIDE', 'INSIDE', 'OUTSIDE', 'INSIDE', 'INSIDE', 'INSIDE']","[[0.98, 0.07, 1.27], [0.8, 0.32, 0.7], [5.7, 4.43, 2.8], [1.55, 3.47, 0.41], [0.05, 0.99, 0.0], [5.57, 4.12, 2.35], [4.87, 0.4, 1.37], [2.95, 4.16, 2.06], [7.65, 4.32, 1.94], [4.22, 3.39, 0.43]]","[669, 699, 675, 700, 701, 702, 685, 704, 645, 696]",28.8
1386,1790252375689681426,307200,73875,15,11,154.2,"[81.8, 83.3, 84.2, 87.2, 88.3, 92.4, 94.8, 123.9, 133.1, 145.2, 154.2]","['RAIL', 'INSIDE', 'NEAR', 'INSIDE', 'INSIDE', 'INSIDE', 'INSIDE', 'OUTSIDE', 'INSIDE', 'INSIDE', 'INSIDE']","[[0.87, 0.27, 0.69], [1.0, 3.86, 1.09], [0.07, 1.18, 0.0], [1.06, 0.05, 0.18], [2.98, 4.18, 0.4], [2.2, 4.02, 0.81], [0.09, 2.98, 0.0], [3.68, 0.07, 0.47], [4.33, 4.26, 2.02], [4.56, 4.22, 1.92], [4.73, 3.41, 1.51]]","[699, 661, 698, 697, 700, 701, 702, 685, 704, 645, 670]",25.2
1387,1790252375789248813,307200,74457,20,13,157.2,"[76.2, 81.3, 83.1, 83.5, 86.3, 88.3, 92.6, 96.1, 118.4, 123.0, 132.9, 143.5, 157.2]","['INSIDE', 'RAIL', 'RAIL', 'INSIDE', 'INSIDE', 'INSIDE', 'INSIDE', 'INSIDE', 'OUTSIDE', 'OUTSIDE', 'INSIDE', 'INSIDE', 'INSIDE']","[[0.21, 2.13, 0.33], [0.08, 0.22, 0.89], [0.97, 0.71, 0.58], [2.14, 4.26, 1.48], [0.6, 0.68, 0.2], [1.19, 4.08, 0.44], [0.04, 1.62, 0.0], [7.98, 4.28, 2.34], [0.94, 0.08, 1.8], [3.76, 0.21, 0.46], [2.86, 3.99, 2.03], [7.89, 4.25, 1.92], [0.05, 0.82, 0.0]]","[669, 699, 661, 698, 697, 700, 701, 714, 703, 685, 704, 645, 670]",30.7
1388,1790252375890599184,307200,74962,15,12,160.2,"[80.0, 81.5, 84.5, 87.3, 91.0, 94.2, 99.8, 102.9, 103.8, 132.2, 144.4, 160.2]","['RAIL', 'INSIDE', 'INSIDE', 'OUTSIDE', 'INSIDE', 'INSIDE', 'INSIDE', 'OUTSIDE', 'INSIDE', 'INSIDE', 'INSIDE', 'INSIDE']","[[1.03, 0.18, 1.09], [2.91, 1.4, 2.74], [1.38, 3.64, 0.21], [0.93, 0.24, 0.44], [3.95, 4.27, 2.78], [6.06, 4.65, 2.48], [0.12, 0.11, 0.84], [1.24, 0.9, 0.03], [1.66, 1.62, 0.03], [3.13, 4.21, 2.02], [11.47, 4.45, 1.87], [1.64, 3.34, 0.02]]","[699, 661, 698, 700, 701, 702, 714, 707, 710, 704, 645, 696]",33.7
1389,1790252375990643879,307200,73819,19,14,157.6,"[80.1, 81.7, 82.9, 84.5, 86.5, 89.8, 91.3, 94.8, 102.0, 102.3, 116.6, 131.2, 141.8, 157.6]","['OUTSIDE', 'INSIDE', 'INSIDE', 'NEAR', 'OUTSIDE', 'INSIDE', 'OUTSIDE', 'INSIDE', 'OUTSIDE', 'INSIDE', 'OUTSIDE', 'INSIDE', 'INSIDE', 'INSIDE']","[[1.06, 0.38, 2.13], [1.06, 1.52, 2.72], [0.21, 3.71, 0.17], [1.17, 0.65, 1.68], [0.96, 1.51, 0.43], [2.6, 4.23, 2.55], [1.82, 0.42, 2.42], [2.76, 4.16, 2.3], [0.02, 0.22, 0.42], [1.23, 3.01, 0.03], [0.92, 0.25, 1.6], [2.84, 4.2, 2.01], [7.92, 4.34, 1.89], [4.2, 3.44, 0.42]]","[699, 661, 698, 697, 700, 701, 713, 702, 707, 710, 703, 704, 645, 670]",32.3
1390,1790252376094472042,307200,70491,16,10,156.8,"[82.3, 83.4, 85.7, 88.2, 90.4, 94.1, 100.6, 130.4, 140.9, 156.8]","['INSIDE', 'INSIDE', 'OUTSIDE', 'INSIDE', 'OUTSIDE', 'INSIDE', 'INSIDE', 'INSIDE', 'INSIDE', 'INSIDE']","[[0.12, 2.86, 0.18], [3.93, 2.18, 2.57], [1.08, 1.03, 0.81], [1.82, 4.19, 0.58], [1.83, 0.51, 2.4], [3.04, 4.02, 2.43], [0.09, 3.16, 0.0], [2.96, 3.71, 2.0], [7.91, 4.32, 1.88], [4.22, 3.44, 0.41]]","[698, 661, 700, 701, 713, 702, 710, 704, 645, 670]",32.2
1391,1790252376190390423,307200,69986,14,11,157.4,"[76.4, 76.9, 80.6, 80.8, 82.9, 83.4, 87.4, 90.1, 91.8, 101.5, 157.4]","['INSIDE', 'NEAR', 'NEAR', 'RAIL', 'INSIDE', 'INSIDE', 'OUTSIDE', 'OUTSIDE', 'INSIDE', 'INSIDE', 'INSIDE']","[[0.78, 2.3, 0.19], [1.99, 0.72, 1.19], [0.4, 0.74, 1.42], [1.68, 0.49, 0.32], [1.91, 4.2, 0.56], [1.08, 0.05, 1.28], [1.85, 1.57, 0.83], [0.85, 0.43, 2.37], [0.16, 3.7, 2.41], [1.22, 1.43, 0.03], [1.21, 3.56, 0.41]]","[669, 699, 661, 698, 697, 675, 701, 713, 702, 710, 670]",27.5
1392,1790252376296773646,307200,70463,16,10,156.8,"[76.6, 82.0, 82.6, 84.5, 88.9, 89.9, 99.8, 101.2, 121.1, 156.8]","['RAIL', 'INSIDE', 'INSIDE', 'INSIDE', 'OUTSIDE', 'INSIDE', 'OUTSIDE', 'INSIDE', 'OUTSIDE', 'INSIDE']","[[0.99, 0.44, 0.65], [1.04, 0.08, 1.27], [1.89, 4.2, 1.48], [0.01, 0.74, 0.0], [0.15, 0.31, 0.99], [8.22, 4.12, 2.5], [0.02, 0.35, 0.2], [2.7, 2.82, 0.06], [1.32, 0.4, 1.34], [1.62, 3.41, 0.43]]","[669, 675, 697, 700, 713, 702, 707, 710, 685, 670]",25.0
1393,1790252376390078680,307200,70790,15,11,176.8,"[75.3, 81.1, 82.4, 84.2, 86.5, 88.1, 91.8, 99.0, 101.1, 156.0, 176.8]","['NEAR', 'INSIDE', 'INSIDE', 'NEAR', 'INSIDE', 'OUTSIDE', 'INSIDE', 'OUTSIDE', 'INSIDE', 'INSIDE', 'RAIL']","[[3.05, 0.7, 1.18], [1.29, 0.07, 1.43], [3.01, 4.16, 1.46], [3.02, 0.64, 1.31], [2.18, 4.24, 0.98], [0.11, 0.31, 0.98], [3.58, 4.08, 2.4], [0.02, 0.21, 0.2], [1.18, 2.31, 0.03], [1.53, 3.39, 0.42], [0.01, 0.1, 0.27]]","[699, 661, 697, 675, 701, 713, 702, 707, 710, 670, 706]",22.0
1394,1790252376497753674,307200,69779,21,17,176.1,"[74.0, 77.9, 80.1, 80.5, 82.4, 82.5, 84.0, 86.7, 87.2, 90.4, 96.7, 98.1, 102.9, 125.0, 139.9, 161.2, 176.1]","['INSIDE', 'INSIDE', 'INSIDE', 'NEAR', 'RAIL', 'INSIDE', 'INSIDE', 'INSIDE', 'INSIDE', 'INSIDE', 'OUTSIDE', 'INSIDE', 'INSIDE', 'INSIDE', 'INSIDE', 'INSIDE', 'OUTSIDE']","[[2.02, 0.1, 1.31], [1.94, 2.19, 1.59], [0.14, 2.67, 0.18], [1.01, 0.73, 1.1], [1.85, 0.11, 0.9], [1.23, 4.18, 0.4], [4.16, 4.62, 2.79], [0.03, 2.42, 0.0], [1.88, 4.06, 2.31], [3.1, 4.57, 2.64], [0.07, 0.56, 0.2], [1.24, 2.38, 0.03], [1.82, 3.8, 0.04], [6.98, 4.37, 2.17], [14.08, 4.4, 2.05], [1.53, 3.37, 0.02], [0.16, 0.31, 1.49]]","[699, 669, 697, 661, 698, 700, 675, 701, 713, 702, 707, 714, 710, 685, 645, 696, 706]",28.6
1395,1790252376588115230,307200,69171,17,13,176.1,"[74.7, 77.0, 78.0, 80.8, 84.0, 88.7, 89.8, 99.5, 102.9, 126.4, 139.8, 152.7, 176.1]","['NEAR', 'INSIDE', 'INSIDE', 'INSIDE', 'INSIDE', 'INSIDE', 'INSIDE', 'INSIDE', 'OUTSIDE', 'INSIDE', 'INSIDE', 'INSIDE', 'OUTSIDE']","[[5.09, 0.76, 1.35], [0.89, 2.51, 0.31], [0.13, 2.31, 0.0], [2.88, 4.2, 0.39], [3.86, 4.57, 2.64], [0.06, 2.98, 0.0], [6.72, 4.15, 2.58], [1.34, 3.13, 0.03], [0.19, 0.93, 0.7], [3.18, 4.25, 1.75], [8.89, 4.45, 1.83], [4.24, 3.35, 0.4], [1.9, 0.78, 1.49]]","[699, 669, 697, 700, 675, 702, 713, 707, 710, 685, 645, 670, 706]",27.3
1396,1790252376689435587,307200,69710,16,9,174.4,"[83.3, 86.4, 95.3, 100.5, 107.6, 124.0, 138.2, 156.6, 174.4]","['INSIDE', 'INSIDE', 'INSIDE', 'INSIDE', 'INSIDE', 'INSIDE', 'INSIDE', 'INSIDE', 'RAIL']","[[3.95, 0.08, 1.69], [7.92, 4.25, 2.54], [1.72, 2.83, 0.04], [2.29, 2.98, 0.05], [0.65, 2.47, 0.21], [5.66, 4.3, 2.12], [14.05, 4.41, 2.02], [4.41, 3.02, 0.05], [0.02, 0.1, 0.26]]","[675, 701, 714, 707, 715, 685, 645, 670, 706]",30.2
1397,1790252376791073190,307200,70186,16,13,173.7,"[72.6, 75.2, 76.4, 78.0, 81.8, 85.5, 92.3, 95.7, 97.6, 102.6, 124.6, 166.3, 173.7]","['INSIDE', 'INSIDE', 'INSIDE', 'INSIDE', 'INSIDE', 'INSIDE', 'INSIDE', 'OUTSIDE', 'INSIDE', 'INSIDE', 'INSIDE', 'INSIDE', 'OUTSIDE']","[[1.07, 2.8, 2.55], [0.09, 2.67, 0.0], [3.19, 2.12, 2.83], [1.13, 0.05, 1.01], [7.64, 4.41, 2.86], [8.82, 4.13, 2.7], [0.18, 0.1, 1.2], [0.04, 0.33, 0.19], [1.78, 3.58, 0.04], [1.23, 3.96, 0.46], [2.84, 4.11, 2.19], [5.37, 3.87, 0.49], [0.16, 0.3, 1.2]]","[699, 669, 697, 661, 700, 701, 717, 714, 707, 710, 685, 696, 706]",30.7
1398,1790252376893188159,307200,70721,17,15,172.9,"[71.6, 75.0, 75.3, 85.0, 87.5, 91.2, 95.0, 96.3, 100.4, 101.8, 123.1, 139.8, 158.7, 168.1, 172.9]","['INSIDE', 'INSIDE', 'INSIDE', 'INSIDE', 'INSIDE', 'NEAR', 'OUTSIDE', 'INSIDE', 'OUTSIDE', 'INSIDE', 'INSIDE', 'INSIDE', 'INSIDE', 'INSIDE', 'OUTSIDE']","[[0.06, 2.63, 0.0], [1.4, 2.47, 0.31], [5.02, 2.31, 2.81], [0.08, 1.38, 0.0], [8.06, 4.75, 2.76], [0.89, 0.56, 2.4], [0.04, 0.33, 0.19], [0.86, 3.2, 0.02], [0.4, 0.86, 0.21], [1.22, 3.55, 0.28], [4.35, 4.29, 2.15], [13.56, 4.41, 2.09], [0.05, 3.32, 0.0], [0.11, 2.93, 0.0], [0.19, 0.3, 1.2]]","[699, 669, 697, 713, 701, 717, 714, 707, 710, 715, 685, 645, 670, 696, 706]",27.5
1399,1790252376987174056,307200,71245,16,13,172.1,"[80.9, 81.8, 83.7, 85.9, 90.1, 94.2, 94.9, 99.8, 108.3, 122.3, 137.6, 159.2, 172.1]","['OUTSIDE', 'INSIDE', 'OUTSIDE', 'INSIDE', 'INSIDE', 'OUTSIDE', 'INSIDE', 'INSIDE', 'OUTSIDE', 'INSIDE', 'INSIDE', 'INSIDE', 'OUTSIDE']","[[3.49, 1.36, 2.16], [2.46, 1.4, 2.72], [0.9, 0.49, 2.41], [3.83, 4.07, 2.66], [1.61, 4.39, 2.38], [0.04, 0.37, 0.19], [1.64, 2.3, 0.04], [1.27, 3.62, 0.21], [1.23, 0.3, 1.73], [4.4, 4.32, 2.12], [13.39, 4.44, 2.05], [5.61, 3.57, 0.72], [0.09, 0.19, 1.45]]","[700, 675, 698, 701, 702, 714, 707, 710, 719, 685, 645, 670, 706]",25.0
1400,1790252377087528396,307200,72348,19,14,171.4,"[73.6, 82.2, 82.4, 86.0, 88.3, 89.2, 93.4, 96.3, 101.5, 108.1, 122.3, 136.5, 164.0, 171.4]","['RAIL', 'INSIDE', 'NEAR', 'OUTSIDE', 'INSIDE', 'INSIDE', 'OUTSIDE', 'INSIDE', 'INSIDE', 'OUTSIDE', 'INSIDE', 'INSIDE', 'INSIDE', 'OUTSIDE']","[[1.68, 0.53, 0.66], [2.23, 4.02, 2.56], [5.68, 0.8, 2.73], [3.11, 0.64, 2.68], [2.18, 2.95, 0.21], [1.9, 0.1, 0.76], [0.09, 0.2, 0.19], [2.03, 3.37, 0.05], [1.33, 3.56, 0.23], [0.18, 0.22, 1.92], [2.86, 4.33, 2.16], [10.13, 4.43, 2.06], [5.31, 3.8, 0.49], [0.17, 0.09, 1.19]]","[669, 675, 700, 701, 713, 702, 714, 707, 715, 719, 685, 645, 696, 706]",23.8
1401,1790252377190085906,307200,73559,17,13,170.6,"[69.2, 72.0, 89.3, 92.6, 95.4, 98.1, 101.2, 106.8, 121.5, 136.1, 156.4, 165.7, 170.6]","['NEAR', 'NEAR', 'RAIL', 'OUTSIDE', 'INSIDE', 'OUTSIDE', 'INSIDE', 'OUTSIDE', 'INSIDE', 'INSIDE', 'INSIDE', 'INSIDE', 'OUTSIDE']","[[2.65, 0.75, 1.21], [1.02, 0.77, 1.26], [0.07, 0.08, 0.98], [0.01, 0.52, 0.18], [0.1, 3.33, 0.0], [0.33, 0.66, 0.2], [2.4, 3.88, 0.22], [1.19, 0.33, 1.91], [2.97, 4.42, 2.11], [10.82, 4.41, 2.05], [0.06, 3.55, 0.0], [0.11, 2.89, 0.0], [0.16, 0.3, 1.44]]","[699, 697, 702, 714, 707, 710, 715, 719, 685, 645, 670, 696, 706]",31.7
1402,1790252377288692921,307200,73632,18,12,169.8,"[80.2, 81.1, 82.8, 84.4, 85.7, 88.5, 91.9, 98.2, 101.6, 106.9, 156.2, 169.8]","['INSIDE', 'NEAR', 'INSIDE', 'INSIDE', 'INSIDE', 'NEAR', 'OUTSIDE', 'INSIDE', 'OUTSIDE', 'INSIDE', 'INSIDE', 'OUTSIDE']","[[1.03, 0.09, 1.25], [0.57, 0.72, 0.53], [6.44, 4.29, 2.69], [0.1, 2.94, 0.0], [0.65, 4.24, 0.96], [0.24, 0.54, 2.32], [0.05, 0.36, 0.18], [2.15, 4.09, 0.43], [2.15, 1.39, 0.44], [0.31, 3.17, 0.01], [7.04, 3.79, 0.7], [0.15, 0.19, 1.43]]","[661, 700, 675, 698, 701, 702, 714, 710, 715, 719, 670, 706]",29.4
1403,1790252377391629810,307200,70694,19,13,169.1,"[82.7, 84.9, 86.7, 87.8, 89.0, 91.1, 95.0, 96.6, 99.7, 103.5, 121.3, 162.9, 169.1]","['INSIDE', 'INSIDE', 'INSIDE', 'INSIDE', 'INSIDE', 'OUTSIDE', 'INSIDE', 'OUTSIDE', 'OUTSIDE', 'OUTSIDE', 'INSIDE', 'INSIDE', 'OUTSIDE']","[[0.1, 2.22, 0.0], [5.0, 4.25, 2.53], [1.12, 4.38, 0.21], [0.05, 0.06, 1.15], [0.13, 1.24, 0.0], [0.02, 0.32, 0.18], [0.07, 3.48, 0.0], [0.5, 1.0, 0.2], [0.3, 1.4, 0.2], [0.14, 0.9, 0.0], [0.39, 4.38, 2.11], [3.04, 3.15, 0.03], [0.15, 0.29, 1.43]]","[698, 675, 701, 702, 713, 714, 707, 710, 715, 719, 685, 696, 706]",32.5
1404,1790252377489165568,307200,70577,20,11,168.3,"[77.8, 82.2, 85.6, 87.1, 89.0, 90.4, 94.8, 99.1, 101.7, 162.1, 168.3]","['INSIDE', 'INSIDE', 'INSIDE', 'INSIDE', 'OUTSIDE', 'INSIDE', 'INSIDE', 'OUTSIDE', 'INSIDE', 'INSIDE', 'OUTSIDE']","[[2.15, 1.61, 0.2], [4.05, 4.23, 2.72], [1.21, 3.21, 0.97], [0.06, 0.08, 1.54], [0.02, 0.32, 0.18], [2.16, 3.89, 0.26], [2.5, 4.0, 0.06], [0.11, 0.55, 0.2], [0.08, 1.6, 0.0], [3.0, 3.38, 0.03], [0.16, 0.29, 1.42]]","[661, 675, 698, 702, 714, 713, 707, 715, 719, 696, 706]",29.8
1405,1790252377588080048,307200,68229,15,7,167.6,"[84.8, 89.6, 97.8, 119.4, 134.5, 152.6, 167.6]","['INSIDE', 'OUTSIDE', 'INSIDE', 'OUTSIDE', 'INSIDE', 'INSIDE', 'OUTSIDE']","[[1.7, 4.32, 2.25], [0.03, 0.35, 0.18], [3.01, 4.29, 0.85], [1.23, 0.45, 1.57], [13.57, 4.65, 2.0], [1.54, 3.48, 0.02], [0.12, 0.29, 1.41]]","[698, 714, 710, 685, 645, 670, 706]",27.0
1406,1790252377693793922,307200,68217,23,13,166.9,"[66.6, 80.7, 82.9, 88.4, 88.9, 94.2, 97.6, 99.2, 100.3, 119.2, 132.0, 160.6, 166.9]","['INSIDE', 'INSIDE', 'INSIDE', 'INSIDE', 'OUTSIDE', 'INSIDE', 'OUTSIDE', 'INSIDE', 'INSIDE', 'INSIDE', 'INSIDE', 'INSIDE', 'OUTSIDE']","[[5.88, 2.34, 2.62], [1.99, 0.09, 1.41], [5.76, 4.4, 2.72], [0.69, 4.06, 0.39], [0.04, 0.31, 0.18], [1.9, 3.93, 0.23], [0.13, 0.54, 0.19], [0.5, 2.75, 0.87], [0.03, 1.23, 0.0], [0.59, 4.3, 2.08], [10.18, 4.5, 1.99], [3.01, 2.78, 0.03], [0.17, 0.29, 1.41]]","[699, 700, 675, 713, 714, 707, 715, 710, 719, 685, 645, 696, 706]",23.6
1407,1790252377793284876,307200,68571,17,12,157.3,"[80.1, 83.6, 88.2, 89.0, 94.6, 96.9, 99.5, 101.5, 113.5, 118.5, 130.7, 157.3]","['INSIDE', 'OUTSIDE', 'OUTSIDE', 'INSIDE', 'INSIDE', 'OUTSIDE', 'NEAR', 'INSIDE', 'INSIDE', 'OUTSIDE', 'INSIDE', 'INSIDE']","[[1.72, 0.1, 1.41], [0.42, 1.45, 0.2], [0.06, 0.31, 0.41], [1.67, 2.48, 0.04], [2.17, 4.1, 0.23], [0.19, 0.54, 0.19], [0.07, 1.22, 0.0], [1.13, 1.95, 0.02], [1.32, 2.98, 0.02], [0.1, 0.26, 2.06], [9.03, 4.53, 1.95], [2.39, 3.67, 0.44]]","[700, 675, 714, 713, 707, 715, 710, 719, 720, 685, 645, 696]",33.4
1408,1790252377893308470,307200,68477,20,16,165.4,"[64.8, 69.5, 72.1, 81.4, 83.0, 83.0, 83.8, 87.4, 87.8, 93.2, 97.7, 98.8, 112.2, 117.6, 159.2, 165.4]","['NEAR', 'NEAR', 'INSIDE', 'INSIDE', 'OUTSIDE', 'INSIDE', 'INSIDE', 'OUTSIDE', 'INSIDE', 'INSIDE', 'OUTSIDE', 'INSIDE', 'INSIDE', 'INSIDE', 'INSIDE', 'OUTSIDE']","[[5.19, 0.83, 2.49], [1.5, 0.67, 1.33], [0.51, 2.64, 0.02], [0.25, 0.99, 0.01], [0.81, 0.24, 0.19], [2.22, 0.08, 1.45], [1.81, 2.26, 0.94], [0.19, 0.47, 0.36], [2.39, 4.15, 0.43], [1.23, 3.87, 0.23], [0.45, 1.17, 0.86], [0.1, 3.28, 0.0], [0.11, 2.35, 0.0], [0.99, 4.46, 2.06], [2.94, 3.36, 0.03], [0.08, 0.2, 1.39]]","[699, 697, 669, 700, 675, 698, 701, 714, 713, 718, 715, 710, 720, 685, 696, 706]",32.3
1409,1790252377988739545,307200,68525,19,14,164.7,"[62.8, 76.0, 81.5, 82.1, 83.3, 86.7, 86.8, 92.4, 97.4, 111.4, 115.8, 128.6, 158.5, 164.7]","['NEAR', 'INSIDE', 'INSIDE', 'OUTSIDE', 'NEAR', 'OUTSIDE', 'INSIDE', 'INSIDE', 'INSIDE', 'INSIDE', 'INSIDE', 'INSIDE', 'INSIDE', 'OUTSIDE']","[[7.66, 1.0, 2.79], [5.06, 0.16, 2.48], [0.1, 0.08, 0.55], [0.47, 0.28, 0.19], [0.36, 0.44, 2.59], [0.22, 0.47, 0.36], [3.04, 4.12, 0.42], [1.22, 3.68, 0.23], [2.29, 3.98, 2.31], [0.12, 2.14, 0.0], [3.19, 4.46, 2.04], [12.75, 4.44, 1.96], [2.99, 3.35, 0.03], [0.16, 0.29, 1.39]]","[699, 661, 698, 675, 701, 714, 713, 718, 715, 720, 685, 645, 696, 706]",32.0
1410,1790252378089898083,307200,68150,16,9,164.3,"[82.7, 87.5, 95.4, 99.7, 113.4, 116.3, 127.7, 155.0, 164.3]","['INSIDE', 'INSIDE', 'INSIDE', 'INSIDE', 'INSIDE', 'OUTSIDE', 'INSIDE', 'OUTSIDE', 'INSIDE']","[[0.08, 0.06, 1.29], [2.72, 3.82, 0.07], [3.77, 3.98, 1.24], [2.02, 4.03, 2.19], [0.06, 1.58, 0.0], [0.13, 0.27, 2.03], [14.01, 4.37, 2.11], [2.45, 1.71, 0.44], [0.78, 3.74, 1.83]]","[701, 713, 707, 710, 720, 721, 645, 670, 706]",29.2
1411,1790252378193808419,307200,68301,19,14,163.3,"[62.8, 82.0, 82.2, 85.4, 87.0, 90.9, 94.3, 99.0, 111.3, 112.6, 115.7, 127.9, 157.0, 163.3]","['NEAR', 'INSIDE', 'OUTSIDE', 'OUTSIDE', 'INSIDE', 'OUTSIDE', 'INSIDE', 'INSIDE', 'INSIDE', 'INSIDE', 'OUTSIDE', 'INSIDE', 'INSIDE', 'OUTSIDE']","[[5.32, 0.82, 1.94], [0.08, 0.09, 1.28], [1.52, 0.18, 0.36], [0.51, 0.51, 1.28], [3.24, 4.29, 0.19], [0.3, 0.93, 0.22], [3.71, 4.45, 2.28], [2.01, 4.17, 1.74], [0.13, 3.5, 0.0], [0.09, 2.36, 0.0], [0.23, 0.4, 2.02], [8.98, 4.55, 1.92], [2.99, 3.53, 0.03], [0.16, 0.18, 1.38]]","[699, 698, 675, 714, 713, 718, 707, 710, 720, 685, 721, 645, 696, 706]",30.0
1412,1790252378294723927,307200,68214,18,12,162.6,"[62.9, 81.3, 84.6, 85.2, 91.0, 95.2, 97.4, 98.9, 109.3, 114.7, 157.8, 162.6]","['NEAR', 'INSIDE', 'OUTSIDE', 'INSIDE', 'INSIDE', 'INSIDE', 'INSIDE', 'OUTSIDE', 'INSIDE', 'INSIDE', 'INSIDE', 'OUTSIDE']","[[9.2, 1.01, 2.72], [0.15, 0.06, 1.27], [0.04, 0.44, 0.17], [2.21, 4.02, 0.06], [2.19, 3.97, 0.42], [1.67, 3.36, 1.02], [0.03, 1.87, 0.0], [1.21, 0.21, 1.92], [0.14, 3.24, 0.0], [1.23, 4.43, 2.01], [0.11, 3.3, 0.0], [0.18, 0.28, 1.37]]","[699, 698, 714, 713, 718, 707, 715, 710, 720, 721, 696, 706]",27.1
1413,1790252378389236948,307200,68253,24,16,161.9,"[59.6, 66.3, 80.7, 81.9, 84.0, 86.3, 89.5, 92.4, 97.1, 98.3, 109.4, 111.3, 113.5, 126.6, 155.7, 161.9]","['NEAR', 'NEAR', 'INSIDE', 'INSIDE', 'OUTSIDE', 'INSIDE', 'OUTSIDE', 'INSIDE', 'INSIDE', 'OUTSIDE', 'INSIDE', 'INSIDE', 'OUTSIDE', 'INSIDE', 'INSIDE', 'OUTSIDE']","[[2.25, 0.84, 1.72], [9.01, 0.86, 2.49], [0.07, 0.08, 1.26], [0.13, 2.15, 0.0], [0.11, 0.38, 0.39], [0.92, 3.18, 0.02], [0.26, 0.92, 0.21], [2.4, 4.4, 1.83], [1.45, 3.73, 0.19], [0.76, 0.41, 1.72], [1.19, 2.88, 0.02], [0.08, 2.14, 0.0], [1.61, 0.31, 1.99], [9.37, 4.56, 1.99], [3.02, 3.5, 0.03], [0.13, 0.19, 1.37]]","[699, 697, 698, 700, 714, 713, 718, 707, 715, 710, 720, 685, 721, 645, 670, 706]",34.2
1414,1790252378491920919,307200,68405,16,12,161.5,"[74.0, 77.5, 81.2, 83.4, 88.0, 93.2, 95.0, 98.0, 112.2, 127.5, 153.5, 161.5]","['INSIDE', 'INSIDE', 'OUTSIDE', 'INSIDE', 'INSIDE', 'INSIDE', 'OUTSIDE', 'INSIDE', 'INSIDE', 'INSIDE', 'INSIDE', 'INSIDE']","[[4.03, 0.11, 1.62], [0.84, 1.08, 1.51], [0.36, 0.5, 1.07], [5.75, 4.3, 2.63], [1.81, 3.73, 0.21], [0.36, 3.09, 0.01], [1.34, 1.0, 0.03], [1.9, 4.1, 2.16], [2.92, 4.45, 2.16], [12.37, 4.63, 1.99], [4.99, 4.26, 0.43], [0.74, 3.87, 1.8]]","[661, 698, 714, 700, 713, 707, 715, 710, 685, 645, 670, 706]",29.6
1415,1790252378590779783,307200,68548,16,11,160.6,"[79.9, 82.6, 85.5, 90.8, 96.2, 108.5, 109.9, 112.2, 125.1, 154.3, 160.6]","['INSIDE', 'OUTSIDE', 'INSIDE', 'INSIDE', 'INSIDE', 'INSIDE', 'INSIDE', 'OUTSIDE', 'INSIDE', 'INSIDE', 'OUTSIDE']","[[1.47, 2.65, 2.31], [0.49, 0.35, 1.24], [2.01, 4.03, 0.23], [1.55, 4.47, 1.19], [2.28, 4.22, 2.28], [0.17, 3.22, 0.0], [0.08, 1.73, 0.0], [1.66, 0.44, 1.97], [9.08, 4.58, 1.86], [3.02, 3.48, 0.03], [0.15, 0.28, 1.35]]","[700, 714, 713, 718, 710, 720, 685, 721, 645, 670, 706]",34.1
1416,1790252378688632906,307200,68773,17,10,160.1,"[49.4, 81.3, 86.1, 90.4, 92.4, 96.7, 109.9, 112.0, 126.2, 160.1]","['NEAR', 'INSIDE', 'INSIDE', 'RAIL', 'INSIDE', 'INSIDE', 'INSIDE', 'OUTSIDE', 'INSIDE', 'INSIDE']","[[0.39, 0.16, 0.54], [2.45, 4.16, 1.82], [1.91, 3.18, 0.05], [1.74, 0.12, 0.4], [3.81, 3.97, 1.78], [2.01, 4.21, 2.13], [1.4, 4.4, 0.69], [0.73, 0.43, 1.95], [12.4, 4.49, 1.97], [0.71, 3.84, 1.78]]","[723, 700, 713, 718, 707, 710, 685, 721, 645, 706]",32.2
1417,1790252378793756051,307200,68849,19,11,159.5,"[46.3, 68.0, 81.6, 86.9, 91.8, 95.8, 98.6, 109.3, 111.6, 126.3, 159.5]","['INSIDE', 'INSIDE', 'INSIDE', 'INSIDE', 'INSIDE', 'OUTSIDE', 'INSIDE', 'INSIDE', 'INSIDE', 'INSIDE', 'INSIDE']","[[0.58, 0.2, 1.13], [4.02, 1.53, 2.61], [2.36, 4.05, 0.44], [1.27, 4.0, 0.23], [3.67, 4.36, 2.39], [1.32, 1.32, 1.7], [1.31, 1.22, 0.03], [1.26, 3.99, 0.69], [1.8, 3.87, 2.14], [10.8, 4.53, 1.97], [0.78, 3.82, 1.78]]","[723, 697, 700, 713, 707, 715, 710, 685, 721, 645, 706]",33.7
1418,1790252378893381942,307200,68881,24,14,158.8,"[45.4, 76.9, 80.9, 86.3, 89.8, 92.0, 95.0, 97.5, 99.9, 108.6, 110.5, 110.6, 124.8, 158.8]","['INSIDE', 'INSIDE', 'INSIDE', 'INSIDE', 'INSIDE', 'INSIDE', 'OUTSIDE', 'INSIDE', 'INSIDE', 'INSIDE', 'OUTSIDE', 'INSIDE', 'INSIDE', 'INSIDE']","[[0.51, 0.18, 1.2], [0.73, 0.4, 2.41], [2.37, 3.78, 0.07], [1.3, 3.82, 0.23], [2.96, 3.38, 2.6], [0.08, 2.89, 0.0], [1.47, 1.15, 2.26], [0.45, 3.91, 0.25], [0.48, 2.82, 0.68], [1.22, 4.34, 0.69], [0.88, 0.44, 2.13], [0.04, 1.35, 0.0], [9.03, 4.53, 1.96], [0.77, 3.9, 1.77]]","[723, 698, 700, 713, 718, 707, 715, 710, 726, 720, 721, 685, 645, 706]",28.8
1419,1790252378995321559,307200,68903,23,14,158.1,"[47.4, 48.8, 72.2, 80.4, 85.6, 89.7, 91.3, 94.4, 96.7, 99.4, 108.8, 109.9, 119.7, 158.1]","['NEAR', 'NEAR', 'INSIDE', 'INSIDE', 'INSIDE', 'OUTSIDE', 'INSIDE', 'OUTSIDE', 'INSIDE', 'OUTSIDE', 'INSIDE', 'INSIDE', 'INSIDE', 'INSIDE']","[[1.44, 0.79, 2.72], [0.36, 0.11, 0.43], [1.04, 0.08, 1.09], [2.16, 4.03, 0.06], [1.29, 4.18, 0.23], [2.27, 1.76, 2.55], [0.13, 2.87, 0.0], [1.44, 1.31, 2.1], [0.06, 2.36, 0.0], [0.3, 0.38, 0.67], [2.88, 4.5, 2.09], [0.04, 0.77, 0.0], [0.24, 0.42, 1.81], [0.72, 3.88, 1.76]]","[723, 729, 661, 700, 713, 718, 707, 715, 710, 726, 720, 685, 645, 706]",28.9
1420,1790252379089684224,307200,69044,18,12,157.5,"[46.7, 71.5, 80.7, 85.7, 89.5, 92.0, 93.5, 97.9, 109.6, 119.3, 139.1, 157.5]","['NEAR', 'INSIDE', 'INSIDE', 'INSIDE', 'OUTSIDE', 'INSIDE', 'OUTSIDE', 'INSIDE', 'INSIDE', 'INSIDE', 'INSIDE', 'INSIDE']","[[0.43, 0.11, 0.52], [1.12, 0.08, 1.25], [2.74, 4.32, 0.36], [2.21, 4.17, 0.38], [3.05, 1.79, 2.31], [0.08, 2.57, 0.0], [2.95, 0.38, 2.06], [1.26, 3.24, 0.03], [0.62, 4.43, 2.12], [0.76, 1.53, 2.08], [4.76, 3.91, 0.96], [0.86, 3.86, 1.76]]","[729, 661, 700, 713, 718, 707, 715, 710, 720, 645, 728, 706]",29.6
1421,1790252379189947380,307200,69028,19,13,156.6,"[44.3, 57.9, 70.4, 84.9, 87.4, 88.6, 91.4, 92.5, 96.8, 107.6, 119.1, 136.1, 156.6]","['RAIL', 'INSIDE', 'INSIDE', 'INSIDE', 'OUTSIDE', 'INSIDE', 'INSIDE', 'OUTSIDE', 'INSIDE', 'INSIDE', 'INSIDE', 'INSIDE', 'OUTSIDE']","[[0.97, 0.05, 0.87], [0.13, 2.02, 0.01], [2.06, 0.08, 0.77], [2.29, 4.38, 0.24], [0.11, 0.46, 0.2], [3.61, 4.11, 2.35], [0.05, 1.28, 0.0], [1.91, 0.47, 2.05], [2.11, 4.06, 0.47], [2.97, 4.47, 2.1], [1.64, 2.61, 1.81], [2.65, 3.65, 0.9], [0.14, 0.17, 1.32]]","[729, 699, 661, 713, 718, 707, 715, 710, 726, 720, 645, 728, 706]",29.5
1422,1790252379298523939,307200,68915,19,13,156.2,"[44.4, 49.3, 65.3, 84.4, 86.9, 88.2, 90.8, 92.7, 95.8, 107.0, 118.8, 137.1, 156.2]","['INSIDE', 'RAIL', 'NEAR', 'INSIDE', 'RAIL', 'INSIDE', 'INSIDE', 'OUTSIDE', 'INSIDE', 'INSIDE', 'NEAR', 'INSIDE', 'INSIDE']","[[0.94, 0.03, 1.2], [0.94, 0.05, 0.88], [11.12, 0.46, 2.43], [2.14, 4.27, 0.39], [1.35, 0.15, 0.56], [3.17, 3.21, 0.99], [0.09, 2.38, 0.0], [1.76, 0.47, 2.04], [2.84, 3.82, 0.43], [3.16, 4.56, 2.09], [2.25, 0.94, 1.81], [3.27, 3.87, 0.93], [0.7, 3.83, 1.74]]","[723, 729, 697, 713, 718, 707, 715, 710, 726, 720, 645, 728, 706]",32.4
1423,1790252379398298300,307200,69037,19,13,156.2,"[44.5, 48.7, 57.8, 70.1, 80.3, 85.9, 90.7, 92.0, 95.9, 108.4, 117.9, 137.9, 156.2]","['INSIDE', 'RAIL', 'INSIDE', 'INSIDE', 'INSIDE', 'INSIDE', 'OUTSIDE', 'INSIDE', 'INSIDE', 'INSIDE', 'INSIDE', 'INSIDE', 'INSIDE']","[[0.97, 0.07, 1.06], [0.77, 0.05, 0.97], [0.38, 2.21, 0.02], [0.15, 1.1, 0.0], [1.97, 4.01, 0.22], [5.06, 4.3, 2.67], [0.32, 0.2, 2.02], [1.17, 3.79, 0.03], [4.36, 4.28, 1.01], [1.11, 1.88, 0.02], [1.76, 4.26, 2.07], [6.3, 3.85, 0.96], [1.85, 3.82, 1.74]]","[723, 729, 699, 661, 700, 713, 710, 715, 726, 685, 645, 728, 706]",33.0
1424,1790252379489436125,307200,69143,19,12,155.0,"[47.7, 48.3, 82.3, 85.2, 90.0, 91.0, 94.5, 106.7, 113.0, 118.8, 135.8, 155.0]","['INSIDE', 'OUTSIDE', 'OUTSIDE', 'INSIDE', 'INSIDE', 'OUTSIDE', 'INSIDE', 'INSIDE', 'INSIDE', 'OUTSIDE', 'INSIDE', 'INSIDE']","[[0.43, 0.04, 1.17], [0.48, 0.85, 0.03], [0.33, 0.79, 0.21], [5.17, 4.3, 2.65], [1.19, 3.61, 0.03], [0.91, 0.33, 2.01], [2.86, 3.96, 0.45], [1.34, 4.51, 2.07], [1.01, 3.76, 0.73], [1.09, 0.28, 0.46], [3.32, 3.6, 0.92], [0.72, 3.9, 1.73]]","[723, 729, 714, 713, 715, 710, 726, 720, 734, 645, 728, 670]",30.1
1425,1790252379593356894,307200,69511,24,14,154.3,"[48.3, 57.8, 71.8, 81.6, 83.5, 86.2, 89.4, 90.3, 93.9, 106.0, 112.9, 118.1, 134.6, 154.3]","['INSIDE', 'INSIDE', 'INSIDE', 'OUTSIDE', 'INSIDE', 'OUTSIDE', 'INSIDE', 'OUTSIDE', 'INSIDE', 'INSIDE', 'INSIDE', 'OUTSIDE', 'INSIDE', 'INSIDE']","[[1.11, 0.1, 1.27], [0.66, 0.13, 1.01], [2.0, 0.49, 2.57], [0.35, 1.0, 0.21], [0.19, 3.52, 0.2], [2.71, 2.16, 2.47], [1.16, 3.9, 0.03], [1.16, 0.33, 1.99], [2.88, 4.1, 0.41], [1.21, 3.95, 2.05], [0.11, 4.14, 0.0], [1.08, 0.28, 0.46], [4.44, 3.58, 0.92], [0.67, 3.52, 1.72]]","[723, 699, 661, 714, 713, 718, 715, 710, 726, 720, 734, 645, 728, 670]",22.8
1426,1790252379688173532,307200,69682,20,12,153.7,"[46.7, 47.7, 80.3, 84.2, 86.1, 89.2, 90.6, 95.4, 107.2, 107.6, 136.1, 153.7]","['INSIDE', 'OUTSIDE', 'INSIDE', 'INSIDE', 'OUTSIDE', 'INSIDE', 'INSIDE', 'INSIDE', 'OUTSIDE', 'INSIDE', 'INSIDE', 'INSIDE']","[[0.91, 0.03, 1.14], [0.34, 0.84, 0.02], [3.1, 4.02, 2.69], [2.7, 4.04, 2.62], [0.67, 0.15, 2.27], [2.73, 3.19, 2.53], [0.15, 1.58, 0.0], [1.78, 4.39, 1.45], [1.06, 1.14, 0.02], [2.05, 0.93, 0.04], [6.31, 3.8, 0.95], [0.77, 3.77, 1.71]]","[723, 729, 700, 713, 718, 707, 715, 726, 685, 720, 728, 670]",34.6
1427,1790252379797704377,307200,69880,22,12,153.1,"[46.3, 49.9, 64.6, 71.5, 84.7, 87.2, 89.4, 94.1, 94.3, 104.8, 135.5, 153.1]","['INSIDE', 'INSIDE', 'INSIDE', 'INSIDE', 'INSIDE', 'OUTSIDE', 'INSIDE', 'OUTSIDE', 'INSIDE', 'OUTSIDE', 'INSIDE', 'INSIDE']","[[0.4, 0.09, 0.92], [0.09, 1.92, 0.0], [6.13, 0.15, 2.49], [0.12, 0.04, 1.56], [2.6, 4.35, 2.61], [0.08, 0.91, 0.0], [1.45, 4.4, 2.38], [0.59, 0.23, 0.42], [0.07, 1.48, 0.0], [1.05, 0.42, 2.02], [6.31, 3.52, 0.33], [0.78, 3.76, 1.71]]","[723, 729, 697, 661, 713, 718, 707, 726, 715, 685, 728, 670]",31.1
1428,1790252379894319243,307200,69898,24,13,168.6,"[46.0, 71.0, 83.5, 84.1, 86.6, 88.7, 93.7, 104.1, 106.4, 118.5, 134.1, 152.5, 168.6]","['INSIDE', 'INSIDE', 'INSIDE', 'OUTSIDE', 'OUTSIDE', 'INSIDE', 'INSIDE', 'OUTSIDE', 'INSIDE', 'OUTSIDE', 'INSIDE', 'INSIDE', 'INSIDE']","[[2.01, 0.1, 1.81], [0.05, 0.07, 1.25], [1.57, 2.92, 0.04], [2.45, 0.4, 2.59], [0.08, 0.91, 0.0], [1.5, 4.25, 2.14], [0.73, 4.3, 1.01], [1.07, 0.4, 2.01], [1.08, 3.35, 0.02], [0.02, 0.15, 1.37], [4.8, 3.8, 0.9], [0.72, 3.74, 1.7], [0.17, 1.77, 0.0]]","[723, 661, 713, 714, 718, 707, 715, 685, 720, 645, 728, 670, 725]",31.4
1429,1790252379998232590,307200,70129,24,12,153.8,"[45.0, 80.7, 82.1, 85.0, 88.0, 91.1, 93.6, 102.6, 108.2, 113.8, 139.4, 153.8]","['NEAR', 'INSIDE', 'INSIDE', 'INSIDE', 'OUTSIDE', 'INSIDE', 'INSIDE', 'OUTSIDE', 'INSIDE', 'INSIDE', 'INSIDE', 'OUTSIDE']","[[1.29, 0.06, 1.29], [3.42, 4.45, 0.22], [4.4, 3.4, 2.71], [0.08, 2.97, 0.0], [1.32, 0.99, 2.29], [1.25, 1.92, 0.03], [1.43, 2.81, 1.04], [2.97, 0.63, 2.0], [1.85, 4.39, 0.44], [4.32, 4.55, 2.0], [4.06, 4.1, 0.61], [4.64, 2.13, 1.73]]","[723, 700, 713, 718, 707, 715, 726, 685, 720, 734, 728, 670]",33.1
1430,1790252380095609682,307200,70288,28,12,156.9,"[44.4, 48.9, 81.7, 86.3, 87.6, 90.9, 92.6, 102.4, 109.2, 113.5, 117.3, 156.9]","['NEAR', 'INSIDE', 'INSIDE', 'INSIDE', 'OUTSIDE', 'INSIDE', 'OUTSIDE', 'INSIDE', 'INSIDE', 'INSIDE', 'OUTSIDE', 'INSIDE']","[[0.72, 0.04, 1.58], [0.28, 0.03, 1.07], [5.9, 4.48, 2.71], [1.16, 3.74, 0.03], [1.89, 0.29, 1.97], [2.87, 4.01, 1.76], [0.39, 0.15, 0.41], [4.27, 4.49, 2.23], [1.27, 3.25, 0.9], [3.5, 4.03, 2.18], [0.06, 0.31, 1.6], [0.18, 2.19, 0.0]]","[723, 729, 713, 718, 707, 715, 726, 685, 720, 734, 645, 706]",31.5
1431,1790252380191596002,307200,70474,23,11,166.8,"[44.0, 47.1, 81.7, 86.8, 92.3, 102.3, 105.5, 110.8, 116.7, 150.7, 166.8]","['NEAR', 'INSIDE', 'INSIDE', 'INSIDE', 'OUTSIDE', 'OUTSIDE', 'INSIDE', 'OUTSIDE', 'OUTSIDE', 'INSIDE', 'INSIDE']","[[1.58, 0.08, 1.65], [0.68, 0.11, 1.24], [2.96, 4.48, 2.56], [1.78, 4.27, 2.32], [1.65, 0.54, 1.79], [1.0, 0.41, 1.98], [1.09, 2.38, 0.67], [0.67, 1.33, 0.49], [0.06, 0.14, 1.52], [0.72, 3.79, 1.68], [0.14, 2.62, 0.0]]","[723, 737, 713, 718, 726, 685, 720, 734, 645, 670, 725]",25.3
1432,1790252380287066785,307200,70345,23,16,152.0,"[36.8, 43.7, 46.6, 80.0, 83.2, 84.6, 86.4, 90.0, 91.9, 97.8, 100.8, 106.1, 106.5, 111.8, 137.6, 152.0]","['NEAR', 'NEAR', 'NEAR', 'INSIDE', 'INSIDE', 'INSIDE', 'OUTSIDE', 'INSIDE', 'OUTSIDE', 'INSIDE', 'OUTSIDE', 'INSIDE', 'OUTSIDE', 'INSIDE', 'INSIDE', 'INSIDE']","[[0.65, 0.28, 1.29], [2.31, 0.14, 1.72], [0.62, 0.05, 1.65], [4.84, 4.44, 2.47], [0.07, 2.18, 0.0], [0.09, 2.36, 0.0], [2.15, 0.34, 2.5], [2.15, 4.1, 0.23], [1.38, 0.5, 1.02], [0.08, 2.73, 0.0], [2.99, 0.58, 1.96], [0.11, 3.16, 0.0], [2.38, 0.27, 1.17], [4.06, 4.66, 1.93], [4.08, 4.05, 0.6], [4.66, 3.97, 1.71]]","[739, 723, 737, 700, 713, 718, 707, 715, 726, 731, 685, 720, 734, 645, 728, 670]",23.7
1433,1790252380397093589,307200,70266,24,14,151.4,"[36.2, 43.2, 46.1, 49.3, 80.0, 84.5, 85.6, 89.1, 90.8, 107.4, 111.2, 125.9, 137.0, 151.4]","['NEAR', 'NEAR', 'RAIL', 'INSIDE', 'INSIDE', 'INSIDE', 'OUTSIDE', 'OUTSIDE', 'INSIDE', 'INSIDE', 'INSIDE', 'INSIDE', 'INSIDE', 'INSIDE']","[[0.48, 0.18, 1.04], [1.65, 0.08, 1.6], [0.31, 0.03, 0.91], [0.62, 0.03, 1.21], [5.85, 4.45, 2.66], [1.19, 3.84, 0.03], [0.96, 0.33, 2.06], [0.39, 0.15, 1.59], [2.9, 4.23, 0.39], [1.29, 4.33, 0.88], [3.9, 4.63, 1.94], [3.06, 3.54, 0.04], [4.03, 3.92, 0.59], [4.67, 3.96, 1.71]]","[739, 723, 737, 729, 700, 718, 707, 710, 715, 720, 645, 741, 728, 670]",28.8
1434,1790252380489451411,307200,70212,25,13,153.8,"[35.6, 42.4, 45.2, 47.5, 66.1, 83.9, 85.8, 88.8, 106.8, 110.5, 125.9, 136.4, 153.8]","['NEAR', 'NEAR', 'NEAR', 'INSIDE', 'INSIDE', 'INSIDE', 'OUTSIDE', 'INSIDE', 'INSIDE', 'INSIDE', 'INSIDE', 'INSIDE', 'INSIDE']","[[0.36, 0.14, 1.18], [2.04, 0.09, 1.57], [0.95, 0.1, 1.71], [0.25, 0.11, 1.46], [2.5, 0.16, 1.74], [1.13, 3.51, 0.03], [3.13, 0.56, 2.27], [3.38, 4.14, 1.14], [1.31, 3.56, 0.88], [3.77, 4.52, 1.93], [4.16, 3.54, 0.25], [4.09, 3.54, 0.59], [1.38, 2.68, 0.01]]","[739, 723, 737, 729, 697, 718, 707, 715, 720, 645, 741, 728, 670]",29.1
1435,1790252380597227014,307200,70454,25,16,159.6,"[35.3, 41.1, 45.0, 46.9, 83.3, 84.8, 88.2, 98.0, 100.1, 106.2, 111.2, 124.8, 135.8, 143.1, 150.3, 159.6]","['NEAR', 'NEAR', 'NEAR', 'INSIDE', 'INSIDE', 'OUTSIDE', 'INSIDE', 'INSIDE', 'OUTSIDE', 'INSIDE', 'INSIDE', 'INSIDE', 'INSIDE', 'INSIDE', 'INSIDE', 'OUTSIDE']","[[1.51, 0.27, 1.26], [0.72, 0.04, 1.11], [0.47, 0.07, 1.78], [0.24, 0.15, 1.77], [1.16, 3.49, 0.03], [1.73, 0.21, 1.85], [3.41, 4.25, 1.13], [1.39, 4.5, 0.45], [0.86, 0.45, 1.75], [1.3, 4.47, 0.88], [6.28, 4.63, 1.93], [3.05, 3.47, 0.04], [4.02, 4.0, 0.59], [0.08, 3.99, 0.0], [4.69, 3.93, 1.69], [4.12, 0.15, 0.63]]","[739, 723, 737, 729, 718, 714, 715, 731, 685, 720, 645, 741, 728, 738, 670, 706]",33.4
1436,1790252380687625729,307200,70582,25,14,159.0,"[35.5, 41.3, 45.0, 48.0, 83.2, 86.9, 88.9, 92.3, 98.4, 111.4, 125.7, 139.8, 152.7, 159.0]","['NEAR', 'NEAR', 'NEAR', 'NEAR', 'INSIDE', 'OUTSIDE', 'INSIDE', 'INSIDE', 'INSIDE', 'INSIDE', 'INSIDE', 'INSIDE', 'INSIDE', 'OUTSIDE']","[[2.39, 0.23, 1.31], [2.28, 0.1, 1.95], [1.4, 0.11, 1.49], [1.44, 0.07, 1.1], [2.97, 4.33, 2.56], [0.67, 0.49, 0.98], [0.6, 2.67, 0.96], [1.26, 3.08, 0.03], [2.9, 4.64, 2.19], [4.72, 4.59, 2.13], [3.04, 3.72, 0.27], [5.68, 4.26, 0.97], [1.48, 2.93, 0.02], [3.95, 0.15, 0.63]]","[739, 723, 737, 730, 718, 707, 715, 726, 731, 645, 741, 738, 670, 706]",32.4
1437,1790252380788678352,307200,70901,27,19,158.4,"[40.2, 43.5, 45.0, 47.6, 82.1, 83.6, 85.9, 88.4, 92.1, 92.3, 97.0, 98.9, 105.0, 113.2, 124.2, 134.6, 141.3, 149.1, 158.4]","['NEAR', 'NEAR', 'NEAR', 'NEAR', 'INSIDE', 'OUTSIDE', 'OUTSIDE', 'INSIDE', 'INSIDE', 'OUTSIDE', 'INSIDE', 'OUTSIDE', 'INSIDE', 'OUTSIDE', 'INSIDE', 'INSIDE', 'INSIDE', 'INSIDE', 'OUTSIDE']","[[1.18, 0.09, 1.14], [0.99, 0.08, 0.39], [0.82, 0.03, 0.67], [0.28, 0.05, 1.59], [1.46, 3.64, 0.19], [1.65, 0.46, 2.0], [1.34, 0.37, 1.15], [0.66, 4.2, 0.96], [0.11, 2.9, 0.0], [1.07, 0.1, 0.78], [1.2, 4.28, 0.44], [1.16, 0.45, 1.73], [1.34, 4.0, 0.87], [0.04, 0.26, 1.71], [4.26, 3.73, 0.49], [4.16, 4.12, 0.58], [1.26, 3.95, 0.02], [4.57, 2.84, 1.68], [4.07, 0.15, 0.63]]","[723, 737, 730, 729, 713, 714, 707, 715, 726, 710, 731, 685, 720, 645, 741, 728, 738, 670, 706]",28.7
1438,1790252380896664923,307200,70888,27,13,155.3,"[40.1, 43.0, 45.2, 46.4, 62.7, 82.4, 91.1, 91.9, 96.1, 111.7, 124.6, 138.6, 155.3]","['NEAR', 'NEAR', 'NEAR', 'INSIDE', 'INSIDE', 'INSIDE', 'INSIDE', 'RAIL', 'INSIDE', 'RAIL', 'INSIDE', 'INSIDE', 'INSIDE']","[[1.97, 0.11, 1.63], [0.87, 0.11, 1.54], [0.59, 0.1, 1.65], [0.3, 0.11, 1.39], [0.7, 0.12, 1.65], [3.58, 4.15, 2.35], [1.14, 2.88, 0.03], [3.78, 0.53, 1.01], [2.07, 4.22, 1.72], [0.1, 0.26, 0.17], [2.93, 3.68, 0.27], [5.73, 4.15, 0.96], [9.09, 4.04, 1.01]]","[723, 737, 730, 729, 697, 718, 726, 710, 731, 645, 741, 738, 706]",24.6
1439,1790252380989930275,307200,71228,28,16,152.4,"[34.0, 39.6, 43.0, 44.7, 46.9, 81.8, 84.5, 87.1, 90.7, 93.8, 94.9, 106.1, 109.2, 124.8, 138.1, 152.4]","['INSIDE', 'NEAR', 'NEAR', 'NEAR', 'NEAR', 'INSIDE', 'INSIDE', 'OUTSIDE', 'OUTSIDE', 'INSIDE', 'OUTSIDE', 'OUTSIDE', 'INSIDE', 'INSIDE', 'INSIDE', 'INSIDE']","[[1.15, 0.17, 1.21], [2.71, 0.12, 2.01], [0.89, 0.05, 1.61], [1.67, 0.15, 1.88], [0.38, 0.02, 1.18], [2.48, 3.47, 2.34], [0.08, 2.51, 0.0], [0.48, 0.38, 1.14], [0.99, 0.95, 0.99], [0.03, 2.46, 0.0], [3.07, 0.53, 1.43], [0.6, 1.31, 0.45], [3.48, 4.83, 2.1], [1.62, 3.49, 0.27], [5.7, 4.2, 0.96], [13.59, 3.89, 1.46]]","[739, 723, 737, 730, 729, 718, 713, 707, 726, 731, 710, 734, 740, 741, 738, 706]",33.3
1440,1790252381097697852,307200,71688,30,15,150.4,"[38.5, 42.6, 44.1, 45.5, 83.9, 84.4, 85.6, 90.2, 95.8, 105.1, 108.3, 123.4, 137.5, 145.0, 150.4]","['NEAR', 'NEAR', 'RAIL', 'NEAR', 'INSIDE', 'RAIL', 'OUTSIDE', 'INSIDE', 'INSIDE', 'OUTSIDE', 'INSIDE', 'INSIDE', 'INSIDE', 'RAIL', 'INSIDE']","[[1.52, 0.07, 1.38], [1.15, 0.09, 1.24], [0.35, 0.05, 0.97], [1.1, 0.04, 1.03], [0.08, 2.05, 0.0], [1.0, 0.47, 1.16], [2.54, 0.39, 1.88], [0.85, 2.53, 0.2], [3.84, 4.37, 2.14], [1.48, 1.3, 1.36], [2.91, 4.76, 2.09], [3.0, 3.48, 0.26], [5.71, 4.18, 0.96], [0.06, 0.25, 0.22], [1.46, 3.66, 0.02]]","[723, 737, 729, 730, 713, 714, 707, 726, 710, 734, 740, 741, 738, 670, 706]",32.1
1441,1790252381189889246,307200,72236,25,14,149.8,"[38.4, 42.6, 44.9, 63.1, 83.3, 83.8, 86.0, 92.6, 95.4, 107.3, 122.9, 136.9, 144.5, 149.8]","['NEAR', 'NEAR', 'NEAR', 'NEAR', 'INSIDE', 'RAIL', 'OUTSIDE', 'INSIDE', 'INSIDE', 'INSIDE', 'INSIDE', 'INSIDE', 'RAIL', 'INSIDE']","[[2.02, 0.12, 1.59], [0.22, 0.04, 1.42], [1.09, 0.08, 1.68], [0.57, 0.36, 2.39], [0.12, 2.47, 0.0], [0.96, 0.47, 1.15], [0.7, 0.51, 1.13], [0.02, 1.13, 0.0], [4.33, 4.37, 2.13], [7.14, 4.83, 2.08], [2.97, 3.79, 0.28], [5.69, 4.17, 0.95], [0.03, 0.25, 0.22], [1.46, 3.38, 0.02]]","[723, 737, 730, 697, 713, 714, 707, 731, 710, 740, 741, 738, 670, 706]",30.7
1442,1790252381289200841,307200,72459,35,18,152.4,"[38.0, 42.6, 43.9, 44.8, 61.6, 78.8, 80.3, 82.7, 83.5, 93.4, 95.9, 104.4, 107.0, 108.6, 126.7, 136.6, 145.5, 152.4]","['NEAR', 'NEAR', 'NEAR', 'RAIL', 'NEAR', 'INSIDE', 'OUTSIDE', 'RAIL', 'INSIDE', 'INSIDE', 'OUTSIDE', 'OUTSIDE', 'OUTSIDE', 'INSIDE', 'INSIDE', 'INSIDE', 'OUTSIDE', 'INSIDE']","[[2.25, 0.12, 1.58], [0.96, 0.11, 1.61], [0.8, 0.13, 1.56], [0.12, 0.08, 1.04], [2.66, 0.38, 2.3], [0.08, 2.34, 0.0], [2.0, 1.36, 2.33], [0.26, 0.38, 0.74], [1.36, 4.11, 0.21], [0.08, 2.94, 0.0], [4.47, 0.68, 2.11], [0.68, 1.47, 0.44], [0.07, 0.21, 0.88], [2.54, 2.28, 2.07], [6.49, 3.92, 0.84], [5.43, 4.15, 0.95], [3.24, 0.29, 1.6], [2.46, 3.86, 0.39]]","[723, 737, 730, 729, 697, 700, 718, 714, 713, 731, 710, 734, 740, 720, 741, 738, 670, 706]",33.3
1443,1790252381393807375,307200,73433,26,14,151.9,"[36.9, 40.4, 42.5, 44.4, 83.1, 85.6, 87.5, 91.5, 94.5, 105.6, 126.1, 134.5, 145.0, 151.9]","['NEAR', 'NEAR', 'NEAR', 'NEAR', 'INSIDE', 'OUTSIDE', 'INSIDE', 'INSIDE', 'INSIDE', 'INSIDE', 'INSIDE', 'INSIDE', 'OUTSIDE', 'INSIDE']","[[2.21, 0.12, 2.17], [0.85, 0.04, 1.52], [0.38, 0.04, 1.5], [0.55, 0.05, 0.97], [0.99, 4.4, 0.37], [1.41, 0.32, 1.15], [0.09, 2.29, 0.0], [0.06, 1.92, 0.0], [4.57, 4.75, 2.25], [4.16, 4.65, 2.06], [6.52, 3.9, 0.83], [2.4, 4.13, 0.91], [3.19, 0.29, 1.38], [2.38, 3.84, 0.39]]","[723, 737, 729, 730, 713, 707, 715, 742, 731, 720, 741, 728, 670, 706]",32.0
1444,1790252381491621697,307200,73803,24,15,145.8,"[36.7, 39.9, 40.9, 44.2, 60.6, 80.0, 83.1, 88.1, 89.9, 93.1, 95.1, 106.1, 121.9, 135.2, 145.8]","['NEAR', 'NEAR', 'NEAR', 'INSIDE', 'NEAR', 'INSIDE', 'INSIDE', 'OUTSIDE', 'INSIDE', 'OUTSIDE', 'INSIDE', 'INSIDE', 'INSIDE', 'INSIDE', 'INSIDE']","[[2.07, 0.12, 2.16], [0.25, 0.03, 1.35], [0.3, 0.05, 1.74], [1.57, 0.12, 1.69], [2.08, 0.34, 2.26], [0.1, 0.7, 0.0], [3.1, 4.2, 2.42], [1.09, 0.13, 0.62], [2.18, 4.41, 0.23], [1.31, 1.13, 1.27], [0.88, 4.63, 2.1], [2.88, 4.73, 2.05], [1.54, 3.6, 0.26], [5.7, 3.92, 0.68], [5.92, 3.71, 1.65]]","[723, 737, 729, 730, 697, 700, 713, 726, 742, 731, 710, 720, 741, 728, 670]",26.5
1445,1790252381588374118,307200,74370,29,15,146.9,"[35.9, 40.4, 43.7, 60.1, 82.8, 86.4, 92.4, 95.6, 102.7, 105.0, 108.2, 111.4, 125.0, 134.9, 146.9]","['NEAR', 'INSIDE', 'INSIDE', 'INSIDE', 'INSIDE', 'INSIDE', 'INSIDE', 'INSIDE', 'OUTSIDE', 'OUTSIDE', 'OUTSIDE', 'RAIL', 'INSIDE', 'INSIDE', 'INSIDE']","[[2.86, 0.1, 1.55], [0.51, 0.11, 1.61], [1.22, 0.11, 1.46], [2.13, 0.14, 1.73], [4.01, 4.43, 2.52], [0.09, 1.36, 0.0], [1.39, 4.57, 0.83], [5.04, 4.71, 2.15], [0.57, 1.45, 0.43], [1.39, 0.94, 0.03], [0.95, 0.47, 1.65], [0.08, 0.31, 0.72], [6.47, 3.87, 0.85], [5.12, 4.21, 0.9], [10.15, 3.81, 1.85]]","[723, 737, 730, 697, 713, 715, 731, 710, 734, 720, 740, 645, 741, 728, 670]",32.7
1446,1790252381701266794,307200,74072,26,14,150.2,"[35.4, 37.4, 39.0, 40.8, 41.9, 83.8, 87.2, 92.7, 98.2, 110.9, 123.8, 134.4, 141.2, 150.2]","['NEAR', 'NEAR', 'NEAR', 'NEAR', 'INSIDE', 'INSIDE', 'INSIDE', 'INSIDE', 'INSIDE', 'RAIL', 'INSIDE', 'INSIDE', 'INSIDE', 'OUTSIDE']","[[1.77, 0.1, 1.49], [0.89, 0.09, 1.39], [0.37, 0.03, 1.53], [0.51, 0.04, 1.11], [0.36, 1.18, 0.02], [1.5, 4.25, 1.64], [0.11, 2.28, 0.0], [2.98, 4.78, 2.22], [2.85, 4.33, 2.02], [0.1, 0.31, 0.71], [4.99, 3.75, 0.85], [5.17, 4.19, 0.92], [2.35, 3.8, 1.65], [2.39, 1.98, 0.38]]","[723, 729, 737, 730, 739, 713, 715, 731, 733, 645, 741, 728, 738, 706]",32.4
1447,1790252381795636708,307200,72534,30,18,148.3,"[34.5, 35.2, 38.3, 39.1, 40.5, 82.6, 85.3, 92.0, 93.5, 95.9, 105.2, 105.9, 107.3, 110.3, 121.6, 133.6, 141.2, 148.3]","['NEAR', 'NEAR', 'NEAR', 'NEAR', 'INSIDE', 'INSIDE', 'INSIDE', 'INSIDE', 'INSIDE', 'INSIDE', 'OUTSIDE', 'INSIDE', 'OUTSIDE', 'RAIL', 'INSIDE', 'INSIDE', 'OUTSIDE', 'INSIDE']","[[2.05, 0.12, 1.49], [0.41, 0.05, 1.18], [0.63, 0.04, 1.17], [0.33, 0.1, 1.38], [1.43, 2.99, 0.11], [0.04, 0.86, 0.0], [0.13, 2.09, 0.0], [0.05, 2.09, 0.0], [5.84, 4.64, 2.2], [2.08, 4.41, 0.45], [1.29, 0.39, 0.86], [0.07, 0.74, 0.0], [0.58, 0.55, 1.63], [0.08, 0.19, 0.71], [1.87, 3.41, 0.28], [5.74, 4.18, 0.93], [0.1, 0.25, 1.57], [5.11, 3.78, 0.37]]","[723, 729, 737, 730, 739, 713, 715, 731, 710, 733, 720, 734, 740, 645, 741, 728, 738, 670]",35.6
1448,1790252381891865114,307200,70643,33,21,148.5,"[34.6, 38.8, 40.7, 41.8, 42.3, 55.0, 77.9, 80.2, 82.7, 84.9, 86.1, 90.8, 92.8, 92.9, 96.4, 107.0, 109.8, 122.6, 133.3, 140.7, 148.5]","['NEAR', 'NEAR', 'NEAR', 'NEAR', 'RAIL', 'NEAR', 'INSIDE', 'OUTSIDE', 'INSIDE', 'OUTSIDE', 'INSIDE', 'INSIDE', 'OUTSIDE', 'NEAR', 'INSIDE', 'OUTSIDE', 'RAIL', 'INSIDE', 'INSIDE', 'INSIDE', 'INSIDE']","[[2.81, 0.13, 2.02], [0.48, 0.1, 1.54], [1.58, 0.14, 2.04], [0.31, 0.04, 1.25], [0.43, 0.52, 0.46], [8.99, 0.62, 2.67], [0.18, 2.31, 0.01], [0.58, 0.34, 1.41], [1.51, 4.49, 1.99], [0.52, 0.79, 0.36], [0.16, 2.56, 0.0], [1.32, 4.64, 1.42], [0.63, 0.43, 2.04], [0.04, 0.81, 0.0], [2.11, 4.38, 1.52], [0.04, 0.37, 1.4], [0.1, 0.19, 0.71], [4.85, 3.71, 0.84], [5.17, 4.16, 0.89], [1.17, 4.01, 1.84], [3.64, 3.77, 0.38]]","[723, 730, 749, 737, 750, 697, 700, 718, 713, 707, 715, 742, 710, 731, 733, 740, 645, 741, 728, 738, 670]",31.2
1449,1790252381996164573,307200,70825,34,20,151.2,"[34.1, 36.1, 37.3, 39.1, 41.0, 41.6, 42.2, 52.6, 75.0, 85.3, 86.9, 90.9, 92.4, 97.5, 103.0, 106.5, 109.2, 129.1, 140.2, 151.2]","['NEAR', 'NEAR', 'NEAR', 'NEAR', 'INSIDE', 'NEAR', 'RAIL', 'INSIDE', 'INSIDE', 'INSIDE', 'INSIDE', 'INSIDE', 'INSIDE', 'INSIDE', 'INSIDE', 'OUTSIDE', 'RAIL', 'INSIDE', 'INSIDE', 'OUTSIDE']","[[3.21, 0.14, 2.01], [0.48, 0.09, 1.47], [0.65, 0.02, 0.88], [0.58, 0.04, 1.06], [0.62, 0.09, 1.31], [0.56, 0.04, 1.43], [0.5, 0.5, 0.25], [4.98, 0.12, 1.9], [0.1, 1.05, 0.0], [1.57, 4.41, 0.94], [0.07, 1.97, 0.0], [0.24, 2.69, 1.41], [0.46, 4.58, 2.21], [1.25, 4.45, 0.85], [2.19, 4.62, 1.99], [0.1, 0.42, 1.39], [0.09, 0.19, 0.7], [12.38, 4.14, 1.07], [1.19, 4.0, 1.63], [2.92, 1.93, 0.43]]","[723, 752, 730, 737, 749, 729, 750, 697, 700, 715, 707, 742, 710, 733, 734, 740, 645, 728, 738, 706]",32.3
1450,1790252382093684127,307200,70177,36,22,148.1,"[32.6, 33.5, 35.8, 37.1, 38.7, 41.1, 43.0, 44.6, 51.7, 80.8, 84.5, 86.4, 90.3, 90.4, 97.2, 102.3, 105.9, 108.7, 123.2, 132.2, 139.6, 148.1]","['NEAR', 'NEAR', 'NEAR', 'NEAR', 'NEAR', 'NEAR', 'RAIL', 'INSIDE', 'INSIDE', 'NEAR', 'INSIDE', 'INSIDE', 'INSIDE', 'INSIDE', 'INSIDE', 'INSIDE', 'OUTSIDE', 'RAIL', 'INSIDE', 'INSIDE', 'INSIDE', 'INSIDE']","[[2.52, 0.13, 1.99], [0.36, 0.11, 1.49], [1.42, 0.11, 2.17], [0.42, 0.04, 1.36], [0.32, 0.04, 1.33], [0.37, 0.04, 1.21], [0.53, 0.52, 0.25], [1.15, 2.97, 0.25], [2.55, 0.11, 1.76], [0.07, 0.71, 0.0], [1.29, 4.44, 0.22], [0.05, 1.66, 0.0], [0.23, 3.95, 0.01], [3.75, 4.77, 2.2], [1.81, 4.42, 1.03], [3.87, 4.62, 1.96], [0.21, 0.47, 1.6], [0.1, 0.19, 0.7], [4.59, 3.98, 0.83], [5.19, 4.13, 0.89], [1.17, 3.98, 1.83], [2.45, 4.0, 0.38]]","[723, 729, 752, 730, 749, 737, 750, 739, 697, 713, 715, 707, 742, 710, 733, 734, 740, 645, 741, 728, 738, 670]",30.2
1451,1790252382196126775,307200,68839,25,20,179.8,"[30.7, 32.8, 36.1, 37.7, 39.2, 40.8, 40.8, 52.1, 80.6, 83.9, 88.9, 91.3, 95.9, 102.3, 103.2, 108.2, 122.7, 134.1, 146.9, 179.8]","['NEAR', 'NEAR', 'NEAR', 'NEAR', 'RAIL', 'RAIL', 'OUTSIDE', 'INSIDE', 'INSIDE', 'INSIDE', 'INSIDE', 'INSIDE', 'INSIDE', 'OUTSIDE', 'INSIDE', 'RAIL', 'INSIDE', 'INSIDE', 'INSIDE', 'INSIDE']","[[3.23, 0.14, 2.0], [0.51, 0.11, 1.5], [1.49, 0.1, 1.86], [0.41, 0.1, 1.55], [1.01, 0.09, 0.9], [0.88, 0.62, 0.72], [0.99, 0.44, 0.51], [3.85, 0.13, 1.75], [0.48, 4.21, 1.95], [1.39, 4.41, 0.23], [2.18, 4.56, 1.77], [0.53, 4.52, 2.18], [3.55, 4.54, 1.96], [1.17, 0.38, 0.64], [6.27, 4.86, 1.95], [0.11, 0.21, 0.7], [4.63, 3.96, 0.5], [10.24, 4.14, 1.79], [3.72, 3.98, 0.38], [1.77, 4.12, 0.89]]","[723, 729, 752, 730, 749, 750, 747, 697, 718, 715, 710, 742, 733, 720, 734, 645, 741, 728, 670, 753]",33.8
1452,1790252382292228057,307200,69076,36,22,180.6,"[30.4, 32.5, 34.6, 34.7, 35.8, 37.6, 38.6, 42.4, 45.4, 49.8, 73.4, 84.0, 85.4, 89.8, 96.4, 102.6, 107.7, 109.2, 127.6, 138.0, 149.6, 180.6]","['NEAR', 'NEAR', 'NEAR', 'NEAR', 'RAIL', 'NEAR', 'RAIL', 'RAIL', 'OUTSIDE', 'INSIDE', 'INSIDE', 'INSIDE', 'INSIDE', 'INSIDE', 'INSIDE', 'INSIDE', 'RAIL', 'INSIDE', 'INSIDE', 'INSIDE', 'OUTSIDE', 'INSIDE']","[[2.79, 0.12, 2.14], [0.63, 0.11, 1.45], [0.45, 0.09, 1.51], [0.57, 0.09, 1.48], [0.2, 0.11, 0.58], [0.05, 0.1, 0.9], [0.1, 0.2, 0.44], [1.87, 0.19, 0.99], [1.32, 0.47, 0.45], [0.49, 2.91, 0.04], [0.1, 2.69, 0.0], [0.11, 2.64, 0.0], [0.09, 2.98, 0.0], [4.47, 4.57, 2.18], [2.13, 4.58, 1.06], [4.61, 4.82, 1.96], [0.09, 0.26, 0.69], [0.73, 3.41, 0.26], [12.42, 4.1, 1.06], [2.29, 3.95, 1.82], [4.96, 2.58, 0.66], [4.42, 4.41, 0.89]]","[723, 729, 752, 730, 749, 737, 751, 750, 747, 739, 700, 715, 707, 710, 733, 734, 645, 760, 741, 738, 706, 753]",32.9
1453,1790252382389903495,307200,69426,32,22,180.1,"[31.3, 31.3, 31.3, 33.0, 35.2, 37.2, 39.9, 40.2, 45.0, 49.3, 82.2, 85.0, 91.6, 96.3, 98.2, 102.1, 107.2, 107.2, 129.2, 138.4, 149.6, 180.1]","['NEAR', 'NEAR', 'NEAR', 'NEAR', 'NEAR', 'NEAR', 'RAIL', 'RAIL', 'INSIDE', 'INSIDE', 'RAIL', 'INSIDE', 'INSIDE', 'INSIDE', 'OUTSIDE', 'OUTSIDE', 'RAIL', 'INSIDE', 'OUTSIDE', 'INSIDE', 'OUTSIDE', 'INSIDE']","[[2.27, 0.13, 2.12], [0.9, 0.09, 1.98], [2.52, 0.12, 1.51], [0.44, 0.03, 1.07], [0.75, 0.04, 1.92], [0.36, 0.03, 1.48], [0.1, 0.19, 0.44], [1.01, 0.74, 0.52], [1.36, 0.72, 0.12], [1.08, 2.37, 0.09], [0.88, 0.43, 0.57], [2.33, 4.54, 2.13], [4.93, 4.78, 2.17], [1.31, 4.56, 0.87], [0.14, 0.36, 0.41], [4.64, 1.33, 1.95], [0.08, 0.26, 0.69], [0.08, 2.99, 0.0], [2.23, 0.48, 0.62], [0.76, 4.18, 1.6], [3.91, 0.4, 0.28], [4.45, 4.4, 0.89]]","[723, 729, 752, 730, 758, 737, 751, 750, 747, 739, 718, 707, 742, 733, 756, 734, 645, 760, 741, 738, 706, 753]",35.6
1454,1790252382493458171,307200,69498,38,26,178.9,"[31.2, 34.5, 36.2, 37.6, 38.5, 41.9, 45.5, 45.7, 48.8, 49.5, 84.1, 85.6, 87.7, 91.2, 95.3, 97.7, 100.9, 103.0, 103.8, 106.6, 108.2, 130.1, 136.9, 147.9, 166.0, 178.9]","['NEAR', 'NEAR', 'RAIL', 'NEAR', 'NEAR', 'NEAR', 'RAIL', 'RAIL', 'RAIL', 'INSIDE', 'INSIDE', 'NEAR', 'OUTSIDE', 'INSIDE', 'INSIDE', 'OUTSIDE', 'RAIL', 'INSIDE', 'OUTSIDE', 'RAIL', 'INSIDE', 'INSIDE', 'INSIDE', 'INSIDE', 'INSIDE', 'INSIDE']","[[3.23, 0.12, 2.11], [2.65, 0.12, 2.01], [0.47, 0.1, 0.29], [0.35, 0.12, 1.9], [0.35, 0.04, 0.9], [0.43, 0.08, 0.87], [0.08, 0.11, 0.34], [0.59, 0.21, 0.92], [0.22, 0.16, 0.8], [0.73, 2.54, 0.05], [2.3, 4.44, 1.5], [0.04, 1.05, 0.0], [1.29, 0.35, 1.53], [3.16, 4.91, 2.16], [2.2, 4.54, 1.97], [0.15, 0.36, 0.4], [0.11, 0.24, 0.15], [3.11, 4.49, 1.94], [0.15, 0.23, 1.36], [0.07, 0.26, 0.69], [0.71, 3.76, 0.26], [5.15, 4.06, 0.87], [2.4, 3.68, 1.8], [6.27, 4.08, 0.64], [2.73, 4.15, 0.32], [2.65, 4.39, 0.39]]","[723, 752, 730, 749, 737, 697, 751, 750, 743, 758, 707, 715, 710, 742, 733, 756, 720, 734, 740, 645, 760, 741, 738, 670, 755, 753]",34.1
1455,1790252382591914065,307200,69411,27,20,179.1,"[30.2, 31.2, 31.9, 34.2, 36.0, 38.1, 39.6, 45.0, 81.2, 81.2, 84.5, 86.5, 88.7, 95.2, 97.0, 101.0, 106.8, 137.4, 166.7, 179.1]","['OUTSIDE', 'NEAR', 'NEAR', 'NEAR', 'NEAR', 'NEAR', 'INSIDE', 'INSIDE', 'NEAR', 'RAIL', 'INSIDE', 'INSIDE', 'INSIDE', 'INSIDE', 'OUTSIDE', 'OUTSIDE', 'INSIDE', 'INSIDE', 'INSIDE', 'INSIDE']","[[2.23, 0.63, 1.86], [0.85, 0.09, 1.34], [2.22, 0.09, 1.95], [0.51, 0.11, 1.43], [2.34, 0.06, 1.81], [0.39, 0.03, 1.31], [0.33, 1.74, 0.03], [0.14, 1.24, 0.01], [0.04, 0.71, 0.0], [1.0, 0.43, 0.56], [1.28, 4.47, 0.21], [0.03, 1.36, 0.0], [4.23, 4.72, 2.17], [1.28, 4.34, 0.86], [0.34, 0.36, 0.79], [1.5, 0.54, 0.61], [1.15, 5.27, 1.58], [0.77, 4.15, 1.59], [0.32, 4.15, 0.33], [4.44, 4.37, 0.89]]","[723, 729, 752, 730, 749, 737, 739, 758, 713, 718, 707, 715, 710, 733, 756, 734, 760, 738, 755, 753]",32.7
1456,1790252382688174614,307200,69416,34,24,178.6,"[29.6, 30.3, 33.2, 36.9, 45.5, 49.6, 70.0, 80.7, 80.7, 84.0, 84.2, 85.9, 88.2, 95.3, 96.5, 99.8, 102.9, 105.6, 105.8, 110.3, 136.8, 148.1, 165.6, 178.6]","['RAIL', 'NEAR', 'NEAR', 'NEAR', 'NEAR', 'INSIDE', 'INSIDE', 'RAIL', 'INSIDE', 'INSIDE', 'OUTSIDE', 'INSIDE', 'INSIDE', 'INSIDE', 'OUTSIDE', 'INSIDE', 'OUTSIDE', 'RAIL', 'INSIDE', 'INSIDE', 'INSIDE', 'OUTSIDE', 'INSIDE', 'INSIDE']","[[1.17, 0.18, 0.08], [3.44, 0.12, 2.11], [1.45, 0.11, 1.41], [0.42, 0.11, 0.81], [0.72, 0.1, 1.42], [0.87, 2.69, 0.06], [0.1, 1.34, 0.0], [1.03, 0.43, 0.56], [0.07, 1.27, 0.0], [1.26, 4.14, 0.03], [2.09, 0.26, 0.41], [0.03, 1.5, 0.0], [4.21, 4.7, 2.16], [0.12, 4.16, 0.0], [0.35, 0.36, 0.79], [3.12, 4.94, 1.93], [0.04, 0.28, 1.64], [0.09, 0.24, 0.68], [0.16, 4.5, 1.58], [0.04, 3.85, 0.0], [0.79, 3.91, 1.79], [3.9, 0.43, 0.58], [1.4, 3.83, 0.33], [4.42, 4.36, 0.88]]","[723, 729, 752, 737, 697, 749, 700, 718, 713, 707, 715, 710, 742, 733, 756, 734, 740, 645, 760, 754, 738, 706, 755, 753]",32.1
1457,1790252382792665704,307200,69732,39,28,178.1,"[29.7, 33.1, 34.9, 37.4, 38.6, 47.0, 47.3, 49.1, 69.5, 80.2, 80.2, 83.1, 83.5, 85.4, 87.3, 89.8, 94.2, 96.0, 99.3, 99.8, 102.4, 105.1, 105.3, 109.8, 137.5, 147.6, 164.4, 178.1]","['NEAR', 'NEAR', 'NEAR', 'NEAR', 'NEAR', 'RAIL', 'INSIDE', 'INSIDE', 'INSIDE', 'INSIDE', 'RAIL', 'OUTSIDE', 'INSIDE', 'INSIDE', 'OUTSIDE', 'INSIDE', 'INSIDE', 'OUTSIDE', 'OUTSIDE', 'INSIDE', 'OUTSIDE', 'RAIL', 'INSIDE', 'INSIDE', 'INSIDE', 'OUTSIDE', 'INSIDE', 'INSIDE']","[[3.19, 0.14, 2.17], [2.24, 0.11, 1.71], [0.28, 0.02, 1.23], [0.45, 0.1, 0.32], [0.42, 0.06, 1.65], [0.09, 0.17, 0.42], [0.14, 1.62, 0.01], [0.18, 2.21, 0.01], [0.11, 2.55, 0.0], [0.05, 2.66, 0.0], [1.03, 0.44, 0.55], [2.94, 0.29, 0.7], [1.26, 4.26, 0.03], [0.05, 2.39, 0.0], [4.02, 0.63, 2.46], [2.11, 4.25, 0.05], [1.32, 4.63, 0.85], [0.35, 0.37, 0.79], [1.76, 0.89, 0.6], [3.11, 2.82, 1.91], [0.05, 0.36, 1.78], [0.11, 0.24, 0.68], [0.18, 4.48, 1.35], [0.07, 3.45, 0.0], [3.2, 4.34, 1.78], [3.92, 0.43, 0.58], [2.87, 4.11, 0.33], [4.36, 4.35, 0.88]]","[729, 752, 730, 697, 761, 751, 749, 758, 700, 713, 718, 715, 707, 710, 742, 731, 733, 756, 734, 740, 760, 645, 720, 754, 738, 706, 755, 753]",30.7
1458,1790252382894208022,307200,69817,38,23,150.2,"[27.2, 28.3, 31.5, 32.4, 37.2, 39.5, 42.1, 46.8, 48.6, 70.4, 74.3, 81.0, 85.6, 87.6, 91.2, 95.8, 98.3, 101.9, 104.6, 104.8, 104.9, 136.4, 150.2]","['RAIL', 'NEAR', 'NEAR', 'NEAR', 'NEAR', 'OUTSIDE', 'INSIDE', 'INSIDE', 'INSIDE', 'INSIDE', 'INSIDE', 'INSIDE', 'INSIDE', 'OUTSIDE', 'INSIDE', 'OUTSIDE', 'INSIDE', 'OUTSIDE', 'RAIL', 'INSIDE', 'OUTSIDE', 'INSIDE', 'INSIDE']","[[1.33, 0.18, 0.07], [7.69, 0.15, 2.06], [0.83, 0.1, 1.86], [0.47, 0.08, 0.45], [1.13, 0.06, 1.64], [0.99, 0.7, 0.52], [0.15, 1.36, 0.01], [0.17, 2.89, 0.01], [0.51, 2.8, 0.03], [0.08, 1.35, 0.0], [0.08, 1.69, 0.0], [0.09, 1.98, 0.0], [1.39, 4.71, 1.31], [1.56, 0.6, 2.1], [2.01, 4.3, 0.05], [0.7, 0.35, 1.05], [4.13, 5.11, 2.17], [0.09, 0.43, 1.78], [0.08, 0.26, 0.67], [0.18, 3.44, 0.19], [0.3, 1.15, 1.21], [1.9, 3.87, 1.59], [4.91, 4.49, 1.01]]","[723, 752, 762, 697, 761, 729, 739, 758, 750, 700, 713, 707, 710, 742, 731, 756, 740, 760, 645, 720, 754, 738, 670]",29.2
1459,1790252382997413589,307200,69959,35,24,180.0,"[27.7, 28.7, 32.8, 33.6, 34.1, 34.9, 36.7, 37.1, 38.9, 45.4, 48.2, 69.9, 80.7, 85.2, 91.1, 95.1, 98.6, 104.1, 104.3, 105.5, 135.9, 151.7, 165.4, 180.0]","['RAIL', 'NEAR', 'NEAR', 'NEAR', 'NEAR', 'NEAR', 'OUTSIDE', 'INSIDE', 'INSIDE', 'INSIDE', 'INSIDE', 'INSIDE', 'OUTSIDE', 'INSIDE', 'INSIDE', 'OUTSIDE', 'INSIDE', 'RAIL', 'OUTSIDE', 'INSIDE', 'INSIDE', 'INSIDE', 'OUTSIDE', 'INSIDE']","[[1.13, 0.18, 0.07], [3.2, 0.13, 2.23], [6.3, 0.13, 1.73], [0.72, 0.04, 1.04], [0.99, 0.09, 1.73], [0.61, 0.08, 0.87], [1.47, 0.52, 0.25], [0.83, 1.52, 0.06], [0.14, 2.45, 0.01], [0.25, 1.58, 0.02], [0.27, 2.56, 0.31], [0.15, 2.44, 0.01], [2.02, 0.29, 1.1], [5.03, 4.88, 2.25], [1.5, 4.52, 2.2], [1.17, 0.36, 1.96], [5.69, 5.09, 2.16], [0.1, 0.24, 0.67], [0.05, 0.12, 0.69], [0.58, 3.53, 0.2], [1.95, 3.87, 1.58], [8.94, 4.42, 1.01], [1.15, 2.08, 0.34], [1.37, 0.28, 0.89]]","[723, 729, 730, 762, 737, 697, 739, 749, 758, 747, 752, 700, 718, 710, 731, 756, 740, 645, 754, 720, 738, 670, 755, 753]",32.0
1460,1790252383096347024,307200,69907,36,24,175.8,"[27.2, 28.6, 29.7, 30.1, 33.6, 34.5, 35.6, 45.1, 69.3, 73.3, 80.0, 80.5, 84.6, 87.3, 89.8, 94.6, 98.1, 103.6, 103.8, 104.5, 134.9, 146.1, 163.7, 175.8]","['RAIL', 'NEAR', 'NEAR', 'NEAR', 'NEAR', 'INSIDE', 'INSIDE', 'INSIDE', 'INSIDE', 'INSIDE', 'INSIDE', 'OUTSIDE', 'INSIDE', 'OUTSIDE', 'INSIDE', 'OUTSIDE', 'OUTSIDE', 'RAIL', 'OUTSIDE', 'INSIDE', 'INSIDE', 'INSIDE', 'INSIDE', 'INSIDE']","[[0.87, 0.18, 0.07], [6.24, 0.14, 2.05], [0.63, 0.07, 1.25], [2.59, 0.1, 1.82], [0.76, 0.1, 1.0], [0.43, 1.48, 0.04], [0.2, 1.44, 0.01], [0.17, 1.29, 0.02], [0.16, 1.94, 0.01], [0.1, 2.18, 0.0], [0.09, 1.95, 0.0], [1.24, 0.3, 0.88], [1.41, 4.81, 1.3], [1.24, 0.61, 2.3], [1.14, 4.72, 0.44], [1.43, 1.34, 1.95], [2.26, 0.75, 0.83], [0.06, 0.25, 0.67], [0.05, 0.17, 1.12], [1.47, 3.25, 0.44], [0.79, 3.84, 1.56], [3.85, 3.82, 0.99], [1.42, 4.36, 0.33], [2.95, 3.09, 0.88]]","[723, 729, 730, 762, 737, 739, 747, 752, 700, 713, 707, 718, 710, 742, 731, 756, 734, 645, 754, 720, 728, 706, 755, 753]",31.3
1461,1790252383190043119,307200,70206,36,26,150.7,"[26.6, 27.6, 27.7, 31.5, 32.6, 33.8, 35.3, 36.1, 41.5, 42.4, 43.5, 45.0, 45.3, 47.4, 80.8, 85.2, 89.9, 90.3, 94.4, 96.9, 100.4, 103.1, 103.3, 104.5, 136.3, 150.7]","['RAIL', 'NEAR', 'NEAR', 'NEAR', 'NEAR', 'NEAR', 'RAIL', 'OUTSIDE', 'RAIL', 'NEAR', 'INSIDE', 'INSIDE', 'INSIDE', 'INSIDE', 'INSIDE', 'INSIDE', 'OUTSIDE', 'INSIDE', 'OUTSIDE', 'INSIDE', 'OUTSIDE', 'RAIL', 'OUTSIDE', 'INSIDE', 'INSIDE', 'INSIDE']","[[1.02, 0.16, 0.07], [3.18, 0.13, 2.03], [5.68, 0.13, 1.91], [0.68, 0.05, 1.43], [1.02, 0.09, 0.84], [0.23, 0.05, 1.68], [0.1, 0.17, 0.4], [1.04, 0.56, 0.22], [0.53, 0.22, 0.49], [1.21, 0.87, 0.32], [0.27, 0.99, 0.02], [0.78, 2.01, 0.05], [0.18, 2.43, 0.01], [0.12, 2.35, 0.01], [0.07, 1.69, 0.0], [3.31, 4.84, 2.26], [1.86, 0.27, 1.94], [1.13, 4.44, 0.03], [0.72, 0.36, 1.03], [4.23, 5.04, 2.14], [0.07, 0.46, 1.75], [0.1, 0.24, 0.45], [0.14, 1.26, 1.14], [0.59, 3.5, 0.2], [4.62, 4.1, 1.6], [8.93, 4.08, 1.03]]","[723, 729, 730, 762, 761, 737, 743, 752, 750, 747, 739, 758, 697, 749, 707, 710, 731, 733, 756, 740, 760, 645, 754, 720, 738, 670]",29.9
1462,1790252383292496476,307200,70462,33,20,163.8,"[26.5, 29.2, 34.7, 34.8, 37.6, 40.1, 44.8, 47.6, 67.0, 84.9, 91.4, 97.2, 97.7, 98.2, 102.7, 102.9, 104.1, 138.7, 149.4, 163.8]","['NEAR', 'NEAR', 'NEAR', 'RAIL', 'NEAR', 'RAIL', 'INSIDE', 'INSIDE', 'INSIDE', 'INSIDE', 'INSIDE', 'OUTSIDE', 'INSIDE', 'INSIDE', 'RAIL', 'OUTSIDE', 'INSIDE', 'INSIDE', 'INSIDE', 'OUTSIDE']","[[7.15, 0.15, 2.2], [2.42, 0.12, 2.06], [0.39, 0.09, 0.84], [1.34, 0.1, 0.95], [0.95, 1.09, 0.5], [0.13, 0.17, 0.49], [0.27, 2.89, 0.02], [0.38, 1.81, 0.03], [0.11, 1.64, 0.0], [3.46, 4.84, 2.47], [2.14, 4.85, 1.82], [1.19, 0.39, 0.67], [0.02, 0.69, 0.0], [6.88, 4.72, 2.13], [0.09, 0.24, 0.66], [0.13, 1.36, 1.79], [0.7, 3.31, 0.2], [1.44, 3.38, 0.02], [7.25, 4.36, 0.74], [0.82, 0.34, 0.34]]","[729, 762, 761, 758, 752, 743, 749, 747, 700, 710, 733, 734, 740, 756, 645, 754, 720, 738, 670, 755]",31.7
1463,1790252383389914208,307200,70854,37,27,163.4,"[25.4, 26.7, 29.7, 30.2, 33.3, 38.3, 39.0, 41.0, 43.4, 45.7, 46.6, 46.7, 47.0, 79.8, 80.5, 84.2, 89.4, 89.4, 93.5, 95.9, 97.7, 99.4, 102.2, 103.6, 134.0, 149.8, 163.4]","['RAIL', 'NEAR', 'NEAR', 'NEAR', 'NEAR', 'NEAR', 'NEAR', 'NEAR', 'RAIL', 'INSIDE', 'INSIDE', 'INSIDE', 'NEAR', 'INSIDE', 'OUTSIDE', 'INSIDE', 'RAIL', 'INSIDE', 'OUTSIDE', 'INSIDE', 'INSIDE', 'OUTSIDE', 'RAIL', 'INSIDE', 'INSIDE', 'INSIDE', 'INSIDE']","[[1.45, 0.16, 0.07], [3.3, 0.12, 1.92], [1.63, 0.11, 1.55], [4.54, 0.1, 2.05], [0.65, 0.07, 1.45], [0.97, 0.08, 1.74], [1.49, 0.08, 1.83], [0.42, 0.04, 1.33], [0.5, 0.25, 0.97], [0.2, 0.84, 0.02], [0.39, 1.33, 0.02], [0.34, 1.62, 0.02], [0.28, 1.47, 0.02], [0.08, 2.93, 0.0], [1.38, 0.13, 0.78], [3.21, 4.78, 2.45], [0.92, 0.18, 0.98], [1.03, 4.55, 0.02], [0.56, 0.34, 0.65], [0.04, 0.68, 0.0], [4.16, 4.99, 2.12], [0.15, 0.45, 1.73], [0.07, 0.24, 0.66], [0.62, 3.29, 0.2], [1.92, 3.97, 1.56], [8.95, 4.38, 1.02], [1.33, 4.05, 0.33]]","[723, 752, 729, 730, 758, 737, 761, 764, 750, 739, 749, 697, 751, 707, 718, 710, 731, 733, 734, 740, 756, 760, 645, 720, 728, 670, 755]",25.4
1464,1790252383490502661,307200,71297,39,25,173.9,"[24.9, 29.8, 33.5, 34.9, 40.6, 41.1, 43.1, 43.2, 43.8, 44.5, 45.6, 46.6, 47.5, 83.6, 87.2, 88.5, 90.2, 96.7, 101.7, 101.8, 103.1, 133.5, 149.3, 162.3, 173.9]","['RAIL', 'NEAR', 'NEAR', 'NEAR', 'NEAR', 'NEAR', 'RAIL', 'NEAR', 'RAIL', 'INSIDE', 'INSIDE', 'INSIDE', 'INSIDE', 'INSIDE', 'OUTSIDE', 'RAIL', 'INSIDE', 'INSIDE', 'RAIL', 'OUTSIDE', 'INSIDE', 'INSIDE', 'INSIDE', 'INSIDE', 'OUTSIDE']","[[1.36, 0.17, 0.06], [10.19, 0.17, 2.18], [0.39, 0.07, 1.07], [1.36, 0.1, 1.72], [0.52, 0.11, 1.73], [0.08, 0.1, 1.27], [0.43, 0.07, 0.82], [0.09, 0.1, 1.88], [0.12, 0.15, 0.39], [0.32, 1.72, 0.02], [0.31, 1.64, 0.03], [0.06, 1.81, 0.0], [0.68, 2.52, 0.35], [2.94, 4.88, 2.22], [0.75, 0.22, 1.13], [0.24, 0.2, 0.97], [1.79, 4.72, 1.37], [6.71, 5.14, 2.11], [0.06, 0.23, 0.66], [0.08, 0.4, 1.1], [0.54, 3.27, 0.2], [1.95, 3.79, 1.56], [8.98, 4.37, 1.02], [0.32, 4.04, 0.32], [3.0, 1.83, 0.87]]","[723, 729, 758, 737, 761, 764, 697, 751, 743, 749, 747, 750, 762, 710, 742, 731, 733, 756, 645, 754, 720, 728, 670, 755, 753]",34.6
1465,1790252383591875023,307200,71341,38,26,169.8,"[27.4, 27.7, 31.3, 33.1, 37.2, 37.6, 38.2, 40.0, 43.1, 43.4, 45.2, 47.0, 82.9, 87.1, 90.3, 95.9, 96.3, 96.8, 101.2, 101.4, 102.8, 124.5, 137.4, 148.0, 162.3, 169.8]","['NEAR', 'NEAR', 'NEAR', 'RAIL', 'NEAR', 'NEAR', 'NEAR', 'NEAR', 'RAIL', 'NEAR', 'NEAR', 'INSIDE', 'INSIDE', 'OUTSIDE', 'INSIDE', 'OUTSIDE', 'INSIDE', 'INSIDE', 'RAIL', 'OUTSIDE', 'INSIDE', 'INSIDE', 'INSIDE', 'INSIDE', 'OUTSIDE', 'INSIDE']","[[6.36, 0.15, 1.92], [0.44, 0.1, 1.24], [2.48, 0.11, 2.02], [0.41, 0.1, 0.44], [0.51, 0.06, 1.7], [0.11, 0.11, 1.67], [0.52, 0.07, 1.8], [0.82, 0.09, 1.6], [0.13, 0.17, 0.47], [1.31, 0.73, 0.09], [0.42, 0.98, 0.04], [1.12, 2.63, 0.08], [3.91, 4.83, 2.22], [0.51, 0.2, 1.12], [1.37, 4.77, 0.82], [1.17, 0.39, 0.86], [0.03, 0.68, 0.0], [7.22, 4.76, 2.05], [0.1, 0.35, 0.65], [0.12, 1.3, 1.33], [0.75, 3.44, 0.2], [5.76, 4.32, 0.57], [1.44, 3.58, 0.02], [7.23, 4.32, 1.02], [0.71, 0.33, 0.34], [5.03, 3.7, 1.42]]","[752, 729, 730, 758, 737, 751, 761, 749, 743, 762, 739, 747, 710, 742, 733, 740, 756, 734, 645, 754, 720, 766, 738, 670, 755, 768]",32.3
1466,1790252383687667121,307200,71464,38,26,169.3,"[24.2, 30.4, 31.7, 33.0, 38.1, 39.7, 42.7, 42.9, 43.5, 43.6, 45.2, 46.5, 46.5, 81.1, 82.4, 90.5, 92.8, 95.8, 100.8, 100.9, 102.3, 124.1, 134.6, 147.5, 161.9, 169.3]","['RAIL', 'NEAR', 'NEAR', 'NEAR', 'NEAR', 'NEAR', 'NEAR', 'RAIL', 'RAIL', 'INSIDE', 'INSIDE', 'INSIDE', 'NEAR', 'OUTSIDE', 'INSIDE', 'INSIDE', 'OUTSIDE', 'INSIDE', 'RAIL', 'OUTSIDE', 'INSIDE', 'INSIDE', 'INSIDE', 'INSIDE', 'OUTSIDE', 'INSIDE']","[[0.41, 0.15, 0.33], [13.42, 0.15, 2.25], [1.07, 0.09, 1.59], [0.3, 0.04, 1.49], [0.47, 0.05, 1.51], [0.28, 0.1, 1.65], [1.1, 0.05, 1.57], [0.06, 0.1, 0.85], [0.07, 0.16, 0.38], [0.29, 2.3, 0.02], [0.18, 2.0, 0.28], [0.09, 1.98, 0.01], [0.33, 0.97, 0.02], [0.02, 0.85, 0.0], [3.99, 4.77, 2.21], [0.13, 4.74, 0.0], [1.17, 0.38, 0.86], [12.37, 5.07, 2.27], [0.09, 0.35, 0.65], [0.05, 0.23, 1.32], [0.72, 3.25, 0.2], [5.75, 4.3, 0.89], [5.9, 3.79, 1.59], [7.25, 4.31, 1.01], [0.73, 0.33, 0.34], [5.04, 4.27, 1.41]]","[723, 729, 749, 758, 737, 697, 761, 764, 743, 770, 730, 750, 751, 707, 710, 733, 740, 734, 645, 754, 720, 766, 728, 670, 755, 768]",32.9
1467,1790252383793724955,307200,71651,46,33,172.5,"[23.4, 26.9, 27.0, 32.5, 32.6, 33.4, 34.3, 35.3, 36.8, 38.1, 39.4, 41.2, 42.2, 43.2, 44.7, 46.0, 46.1, 75.3, 76.5, 82.0, 88.1, 91.3, 94.1, 94.5, 95.9, 98.1, 100.5, 101.8, 123.6, 133.4, 147.9, 160.9, 172.5]","['RAIL', 'NEAR', 'NEAR', 'NEAR', 'NEAR', 'NEAR', 'NEAR', 'NEAR', 'NEAR', 'NEAR', 'NEAR', 'NEAR', 'INSIDE', 'INSIDE', 'INSIDE', 'NEAR', 'INSIDE', 'INSIDE', 'RAIL', 'INSIDE', 'INSIDE', 'INSIDE', 'OUTSIDE', 'INSIDE', 'INSIDE', 'OUTSIDE', 'OUTSIDE', 'INSIDE', 'INSIDE', 'INSIDE', 'INSIDE', 'INSIDE', 'INSIDE']","[[1.06, 0.11, 0.16], [7.37, 0.14, 2.23], [3.17, 0.09, 1.99], [2.21, 0.07, 1.51], [0.33, 0.03, 1.56], [0.32, 0.04, 1.98], [1.3, 0.07, 1.49], [0.37, 0.03, 1.15], [0.39, 0.04, 1.02], [0.19, 0.1, 1.64], [0.22, 0.04, 1.35], [0.67, 0.93, 0.23], [0.51, 2.44, 0.03], [0.38, 1.23, 0.03], [0.53, 1.18, 0.04], [0.33, 0.96, 0.02], [0.5, 2.45, 0.04], [0.08, 2.5, 0.0], [2.98, 0.57, 1.05], [3.75, 4.75, 2.41], [3.97, 4.71, 2.16], [1.45, 3.19, 1.25], [2.58, 1.54, 0.83], [0.02, 0.67, 0.0], [4.18, 2.7, 2.08], [1.21, 0.6, 1.7], [0.07, 0.23, 1.08], [0.64, 3.23, 0.2], [5.69, 4.07, 0.56], [4.58, 4.24, 1.77], [8.96, 4.33, 1.01], [0.29, 4.0, 0.32], [3.01, 4.23, 0.38]]","[723, 752, 770, 773, 758, 772, 761, 764, 737, 697, 749, 739, 747, 729, 762, 751, 730, 713, 718, 710, 731, 733, 740, 756, 734, 760, 754, 720, 766, 728, 670, 755, 753]",36.4
1468,1790252383892434633,307200,71722,34,24,168.4,"[28.3, 30.5, 32.0, 34.7, 34.8, 36.7, 37.4, 38.9, 42.7, 42.8, 43.8, 44.7, 46.6, 82.3, 88.6, 94.8, 94.9, 99.9, 100.0, 123.0, 136.0, 149.6, 160.9, 168.4]","['NEAR', 'NEAR', 'NEAR', 'NEAR', 'NEAR', 'RAIL', 'NEAR', 'NEAR', 'INSIDE', 'INSIDE', 'INSIDE', 'INSIDE', 'OUTSIDE', 'INSIDE', 'INSIDE', 'OUTSIDE', 'INSIDE', 'RAIL', 'OUTSIDE', 'INSIDE', 'INSIDE', 'INSIDE', 'OUTSIDE', 'INSIDE']","[[11.2, 0.15, 2.24], [0.53, 0.06, 1.3], [2.6, 0.08, 2.01], [0.34, 0.07, 0.3], [0.33, 0.03, 1.23], [0.21, 0.09, 0.4], [0.28, 0.05, 0.98], [1.11, 0.9, 0.28], [0.8, 1.82, 0.05], [0.11, 2.35, 0.01], [0.1, 0.97, 0.01], [0.08, 1.64, 0.01], [0.46, 0.8, 0.02], [4.48, 4.82, 2.3], [2.11, 4.55, 1.41], [1.18, 0.38, 0.58], [7.65, 4.79, 2.21], [0.05, 0.23, 0.64], [0.12, 1.28, 1.31], [5.41, 4.27, 0.84], [1.54, 4.06, 0.02], [4.83, 4.38, 0.67], [0.66, 0.33, 0.33], [5.05, 4.25, 1.41]]","[752, 773, 758, 761, 764, 749, 697, 729, 747, 730, 762, 750, 751, 710, 731, 740, 734, 645, 754, 766, 738, 670, 755, 768]",36.1
1469,1790252383990669092,307200,71623,30,20,169.9,"[25.3, 27.5, 31.4, 34.4, 36.4, 37.3, 38.7, 42.3, 43.6, 70.5, 77.1, 81.4, 85.6, 94.5, 99.4, 99.5, 125.3, 137.5, 150.7, 169.9]","['NEAR', 'NEAR', 'NEAR', 'NEAR', 'NEAR', 'NEAR', 'INSIDE', 'NEAR', 'INSIDE', 'INSIDE', 'INSIDE', 'INSIDE', 'INSIDE', 'INSIDE', 'OUTSIDE', 'INSIDE', 'INSIDE', 'INSIDE', 'OUTSIDE', 'OUTSIDE']","[[10.47, 0.17, 2.18], [2.3, 0.1, 2.01], [0.51, 0.04, 0.98], [0.55, 0.1, 1.83], [1.66, 0.11, 1.65], [0.34, 0.03, 0.92], [0.66, 0.77, 0.21], [0.34, 1.09, 0.03], [0.12, 2.89, 0.01], [0.1, 1.35, 0.0], [0.06, 2.02, 0.0], [8.35, 4.87, 2.54], [1.15, 4.66, 0.03], [4.83, 5.1, 2.24], [0.2, 0.33, 0.84], [0.2, 4.42, 2.18], [10.23, 4.32, 1.77], [2.54, 4.06, 0.03], [1.81, 0.36, 0.29], [1.27, 1.6, 0.69]]","[752, 773, 749, 771, 758, 737, 739, 729, 750, 700, 713, 710, 742, 734, 645, 754, 766, 738, 670, 768]",28.5
1470,1790252384091429233,307200,71818,39,27,167.5,"[22.1, 25.3, 25.9, 29.9, 30.0, 31.7, 32.5, 33.4, 34.1, 36.2, 36.8, 38.4, 43.0, 43.1, 44.7, 83.5, 84.2, 88.2, 93.1, 94.0, 99.0, 99.2, 103.6, 128.9, 146.6, 160.1, 167.5]","['RAIL', 'NEAR', 'NEAR', 'NEAR', 'NEAR', 'NEAR', 'NEAR', 'NEAR', 'NEAR', 'NEAR', 'NEAR', 'INSIDE', 'NEAR', 'INSIDE', 'INSIDE', 'INSIDE', 'OUTSIDE', 'OUTSIDE', 'OUTSIDE', 'INSIDE', 'RAIL', 'OUTSIDE', 'INSIDE', 'INSIDE', 'INSIDE', 'OUTSIDE', 'INSIDE']","[[1.16, 0.12, 0.15], [7.83, 0.13, 2.27], [0.54, 0.09, 1.33], [1.89, 0.09, 2.12], [2.58, 0.09, 2.01], [1.02, 0.09, 1.51], [1.46, 0.07, 1.59], [0.14, 0.05, 1.05], [0.45, 0.09, 1.71], [0.07, 0.07, 1.08], [0.76, 1.03, 0.07], [0.39, 2.32, 0.27], [1.03, 0.89, 0.08], [0.11, 2.86, 0.01], [0.26, 1.4, 0.02], [1.1, 4.11, 0.03], [4.54, 0.6, 2.37], [1.61, 0.18, 1.97], [1.19, 0.38, 0.58], [6.45, 5.04, 2.19], [0.06, 0.17, 0.64], [0.1, 1.31, 1.3], [0.06, 3.25, 0.0], [13.5, 4.26, 1.72], [9.02, 4.35, 0.71], [0.73, 0.33, 0.33], [5.01, 3.65, 1.4]]","[723, 752, 770, 729, 773, 771, 758, 749, 764, 697, 739, 730, 762, 750, 747, 742, 710, 731, 740, 734, 645, 760, 720, 766, 670, 755, 768]",27.6
1471,1790252384191049348,307200,71914,26,20,146.8,"[21.7, 28.3, 33.5, 36.1, 37.5, 38.5, 38.7, 42.7, 44.4, 45.9, 68.2, 88.3, 93.1, 93.6, 98.5, 98.7, 100.3, 103.3, 127.9, 146.8]","['RAIL', 'NEAR', 'NEAR', 'NEAR', 'NEAR', 'NEAR', 'NEAR', 'INSIDE', 'INSIDE', 'INSIDE', 'RAIL', 'INSIDE', 'OUTSIDE', 'INSIDE', 'RAIL', 'OUTSIDE', 'INSIDE', 'INSIDE', 'INSIDE', 'INSIDE']","[[1.1, 0.13, 0.15], [13.96, 0.15, 2.2], [1.27, 0.07, 1.41], [0.44, 0.03, 1.33], [0.46, 0.07, 1.45], [0.29, 0.08, 1.15], [0.32, 0.07, 1.76], [0.19, 2.7, 0.01], [0.63, 2.56, 0.03], [0.54, 2.91, 0.04], [0.5, 0.56, 0.75], [0.1, 4.32, 0.0], [1.16, 0.54, 0.84], [7.29, 4.97, 2.18], [0.06, 0.23, 0.63], [0.09, 1.31, 1.29], [0.38, 3.53, 0.19], [0.35, 3.76, 0.42], [12.38, 4.24, 1.7], [4.27, 4.39, 0.99]]","[723, 770, 771, 749, 758, 764, 697, 772, 751, 747, 700, 731, 740, 734, 645, 760, 754, 720, 766, 670]",33.7
1472,1790252384297956388,307200,71865,33,25,147.9,"[23.6, 27.7, 29.0, 33.2, 35.9, 37.5, 37.7, 38.4, 39.0, 40.0, 41.0, 42.1, 44.0, 81.1, 86.7, 89.0, 93.5, 98.1, 98.1, 98.3, 104.3, 122.1, 128.4, 138.8, 147.9]","['NEAR', 'NEAR', 'NEAR', 'NEAR', 'NEAR', 'RAIL', 'NEAR', 'NEAR', 'INSIDE', 'INSIDE', 'INSIDE', 'INSIDE', 'INSIDE', 'OUTSIDE', 'OUTSIDE', 'OUTSIDE', 'INSIDE', 'OUTSIDE', 'OUTSIDE', 'INSIDE', 'INSIDE', 'INSIDE', 'INSIDE', 'INSIDE', 'INSIDE']","[[13.31, 0.16, 2.25], [0.85, 0.08, 1.51], [1.22, 0.08, 1.86], [0.31, 0.04, 1.43], [0.49, 0.06, 1.31], [0.28, 0.09, 0.9], [0.46, 0.07, 1.66], [0.32, 0.03, 1.55], [0.21, 0.77, 0.2], [0.96, 1.49, 0.22], [0.16, 2.01, 0.01], [0.65, 2.78, 0.05], [1.42, 1.35, 0.1], [0.05, 0.99, 0.0], [1.54, 0.04, 1.13], [0.34, 0.33, 0.8], [5.46, 5.22, 2.21], [0.12, 0.28, 0.83], [0.33, 0.27, 1.89], [0.23, 3.23, 0.44], [0.06, 3.46, 0.0], [1.6, 3.4, 0.02], [2.51, 3.58, 1.77], [7.78, 4.17, 0.87], [4.64, 4.4, 1.01]]","[770, 771, 749, 774, 737, 764, 697, 758, 739, 730, 772, 747, 773, 707, 731, 733, 734, 645, 760, 754, 720, 766, 728, 738, 670]",36.1
1473,1790252384391982920,307200,72143,36,27,166.2,"[21.1, 26.0, 28.8, 32.7, 33.7, 34.4, 34.6, 36.7, 38.1, 38.7, 39.8, 40.6, 41.6, 43.4, 45.3, 83.8, 86.9, 89.0, 92.8, 97.7, 97.7, 103.4, 109.9, 124.8, 133.9, 147.5, 166.2]","['RAIL', 'NEAR', 'NEAR', 'NEAR', 'NEAR', 'NEAR', 'NEAR', 'NEAR', 'NEAR', 'NEAR', 'RAIL', 'INSIDE', 'INSIDE', 'INSIDE', 'INSIDE', 'INSIDE', 'OUTSIDE', 'OUTSIDE', 'INSIDE', 'OUTSIDE', 'INSIDE', 'INSIDE', 'INSIDE', 'INSIDE', 'INSIDE', 'INSIDE', 'INSIDE']","[[0.56, 0.12, 0.23], [10.74, 0.15, 2.27], [2.4, 0.09, 1.99], [1.52, 0.08, 1.44], [2.54, 0.1, 1.58], [0.36, 0.04, 1.1], [0.3, 0.04, 1.52], [0.64, 0.11, 1.3], [0.18, 0.08, 1.62], [0.8, 0.1, 1.6], [0.2, 0.16, 0.52], [0.09, 2.0, 0.01], [0.44, 1.2, 0.03], [0.16, 1.61, 0.01], [0.57, 1.29, 0.04], [1.58, 4.58, 2.43], [1.32, 0.23, 1.31], [0.74, 1.28, 0.59], [6.84, 5.14, 2.2], [0.1, 0.28, 0.82], [0.4, 4.34, 1.72], [0.87, 3.77, 0.44], [0.09, 2.3, 0.0], [7.82, 4.15, 1.73], [1.51, 3.99, 0.02], [4.69, 4.33, 0.66], [5.07, 4.19, 1.41]]","[723, 752, 729, 771, 749, 758, 764, 737, 697, 769, 743, 772, 747, 730, 762, 742, 731, 733, 734, 645, 754, 720, 779, 766, 738, 670, 768]",32.3
1474,1790252384489203975,307200,72335,38,29,187.9,"[20.4, 23.7, 27.6, 29.4, 33.6, 34.8, 35.7, 36.7, 38.8, 40.3, 40.7, 41.7, 43.0, 43.3, 45.0, 45.5, 83.3, 86.1, 92.0, 97.3, 97.5, 101.9, 109.5, 122.0, 128.2, 133.5, 146.4, 165.8, 187.9]","['RAIL', 'NEAR', 'NEAR', 'NEAR', 'NEAR', 'NEAR', 'NEAR', 'NEAR', 'NEAR', 'NEAR', 'INSIDE', 'RAIL', 'INSIDE', 'INSIDE', 'INSIDE', 'INSIDE', 'INSIDE', 'OUTSIDE', 'INSIDE', 'RAIL', 'OUTSIDE', 'INSIDE', 'INSIDE', 'INSIDE', 'OUTSIDE', 'INSIDE', 'INSIDE', 'INSIDE', 'INSIDE']","[[0.3, 0.09, 0.32], [14.91, 0.15, 2.24], [1.3, 0.06, 1.56], [1.38, 0.07, 1.11], [1.03, 0.07, 1.96], [1.39, 0.06, 1.64], [0.36, 0.04, 1.23], [0.14, 0.09, 1.35], [0.63, 0.11, 1.7], [0.59, 0.99, 0.25], [0.45, 1.22, 0.04], [0.49, 0.24, 0.95], [0.09, 0.99, 0.31], [0.13, 1.59, 0.01], [0.8, 2.83, 0.05], [1.06, 2.57, 0.08], [1.57, 4.7, 1.67], [0.81, 0.18, 0.52], [7.62, 5.12, 2.17], [0.06, 0.24, 0.63], [0.13, 1.41, 1.28], [0.09, 3.38, 0.0], [0.05, 2.29, 0.0], [3.03, 4.01, 0.5], [0.13, 0.24, 1.48], [1.47, 4.17, 0.02], [5.97, 4.34, 0.98], [5.01, 3.61, 1.39], [2.24, 3.93, 0.53]]","[723, 770, 749, 771, 758, 737, 774, 697, 769, 739, 730, 743, 747, 751, 750, 762, 742, 731, 734, 645, 760, 720, 779, 766, 728, 738, 670, 768, 757]",48.9
1475,1790252384598946471,307200,72476,35,22,165.4,"[24.4, 25.0, 29.8, 31.5, 32.1, 34.4, 35.8, 39.1, 40.8, 41.8, 42.4, 42.8, 44.4, 86.0, 93.3, 96.9, 104.5, 109.1, 124.2, 135.5, 146.7, 165.4]","['NEAR', 'NEAR', 'NEAR', 'NEAR', 'NEAR', 'NEAR', 'NEAR', 'NEAR', 'NEAR', 'RAIL', 'OUTSIDE', 'INSIDE', 'INSIDE', 'INSIDE', 'OUTSIDE', 'INSIDE', 'INSIDE', 'INSIDE', 'INSIDE', 'INSIDE', 'INSIDE', 'INSIDE']","[[9.32, 0.14, 2.26], [0.66, 0.08, 1.32], [3.07, 0.1, 2.1], [1.44, 0.09, 1.44], [0.53, 0.07, 1.42], [1.09, 0.09, 1.63], [0.32, 0.09, 1.55], [0.4, 0.05, 1.1], [0.88, 0.05, 1.55], [0.24, 0.09, 0.94], [1.12, 0.57, 0.21], [0.43, 1.86, 0.03], [0.1, 2.96, 0.0], [4.98, 4.64, 1.85], [0.11, 0.24, 0.82], [7.59, 5.28, 2.41], [0.06, 2.55, 0.0], [0.04, 2.48, 0.0], [8.36, 4.12, 1.75], [3.7, 4.23, 0.24], [4.66, 4.31, 0.66], [5.01, 4.18, 1.39]]","[752, 730, 729, 771, 749, 758, 764, 737, 769, 697, 739, 762, 750, 731, 645, 734, 720, 779, 766, 738, 670, 768]",46.1
1476,1790252384691607662,307200,72459,31,19,166.9,"[23.2, 24.7, 31.5, 33.1, 34.2, 37.3, 38.6, 40.9, 42.3, 43.3, 83.0, 84.5, 92.1, 96.5, 104.1, 124.6, 137.1, 146.2, 166.9]","['NEAR', 'NEAR', 'NEAR', 'NEAR', 'NEAR', 'NEAR', 'NEAR', 'NEAR', 'NEAR', 'INSIDE', 'OUTSIDE', 'INSIDE', 'OUTSIDE', 'INSIDE', 'INSIDE', 'INSIDE', 'INSIDE', 'INSIDE', 'OUTSIDE']","[[11.09, 0.15, 2.29], [2.21, 0.08, 2.09], [1.34, 0.06, 1.22], [0.96, 0.08, 1.44], [0.32, 0.03, 1.32], [1.32, 0.05, 1.52], [1.42, 0.13, 1.62], [0.56, 0.06, 1.48], [0.99, 1.03, 0.22], [0.08, 1.21, 0.0], [0.9, 0.27, 1.3], [2.71, 4.77, 2.43], [0.1, 0.24, 0.81], [9.3, 5.32, 2.4], [0.12, 3.63, 0.0], [6.79, 4.11, 1.75], [7.71, 4.33, 0.88], [4.67, 4.47, 0.66], [1.3, 1.28, 0.68]]","[752, 729, 771, 749, 758, 774, 764, 737, 739, 750, 710, 742, 645, 734, 720, 766, 738, 670, 768]",104.2
1477,1790252384787485485,307200,71227,37,28,185.6,"[23.3, 25.7, 26.9, 28.6, 33.0, 33.2, 34.1, 34.9, 34.9, 36.9, 37.8, 38.9, 40.5, 41.9, 42.8, 43.7, 66.3, 82.5, 84.6, 92.1, 96.1, 103.7, 108.3, 123.9, 135.4, 145.0, 164.6, 185.6]","['NEAR', 'NEAR', 'NEAR', 'NEAR', 'NEAR', 'NEAR', 'NEAR', 'NEAR', 'NEAR', 'INSIDE', 'INSIDE', 'INSIDE', 'INSIDE', 'INSIDE', 'OUTSIDE', 'OUTSIDE', 'INSIDE', 'RAIL', 'INSIDE', 'RAIL', 'INSIDE', 'INSIDE', 'INSIDE', 'INSIDE', 'INSIDE', 'INSIDE', 'INSIDE', 'INSIDE']","[[13.63, 0.15, 2.2], [1.04, 0.07, 1.98], [0.64, 0.06, 1.06], [0.67, 0.06, 1.46], [0.22, 0.08, 1.29], [1.3, 0.12, 2.02], [1.14, 0.07, 0.96], [0.37, 0.06, 1.66], [0.73, 0.98, 0.08], [1.24, 2.44, 0.24], [0.11, 1.71, 0.01], [0.06, 1.71, 0.01], [0.68, 1.97, 0.05], [0.18, 2.39, 0.01], [0.15, 1.58, 0.01], [1.06, 1.47, 0.77], [1.41, 1.53, 0.05], [2.58, 0.29, 1.13], [1.77, 4.92, 1.83], [0.09, 0.22, 0.62], [10.22, 5.33, 2.39], [0.06, 2.71, 0.0], [0.06, 2.46, 0.0], [6.27, 4.05, 1.72], [7.62, 4.31, 0.85], [2.95, 4.28, 0.38], [4.95, 4.15, 1.38], [0.03, 2.91, 0.0]]","[752, 771, 749, 758, 774, 764, 761, 737, 739, 770, 772, 747, 762, 750, 773, 730, 700, 710, 742, 645, 734, 720, 779, 766, 738, 670, 768, 757]",187.6
1478,1790252384893266675,307200,71442,34,24,164.9,"[20.4, 26.7, 27.5, 33.2, 33.6, 36.6, 37.4, 38.6, 39.7, 40.1, 41.4, 42.5, 43.3, 45.3, 46.9, 84.0, 91.3, 91.3, 95.7, 103.3, 126.0, 136.4, 143.8, 164.9]","['NEAR', 'NEAR', 'NEAR', 'NEAR', 'RAIL', 'NEAR', 'NEAR', 'INSIDE', 'NEAR', 'OUTSIDE', 'NEAR', 'INSIDE', 'INSIDE', 'INSIDE', 'INSIDE', 'INSIDE', 'INSIDE', 'OUTSIDE', 'INSIDE', 'INSIDE', 'INSIDE', 'INSIDE', 'INSIDE', 'INSIDE']","[[2.91, 0.08, 2.01], [0.39, 0.05, 1.68], [0.63, 0.1, 1.56], [1.26, 0.07, 1.92], [0.41, 0.07, 0.87], [1.01, 0.08, 1.72], [0.06, 0.04, 1.18], [1.54, 0.1, 1.8], [0.35, 0.04, 1.05], [0.95, 0.74, 0.61], [0.32, 0.95, 0.03], [0.47, 2.88, 0.04], [0.05, 0.93, 0.01], [0.5, 1.8, 0.03], [0.07, 2.67, 0.0], [2.0, 4.87, 2.4], [0.07, 0.8, 0.0], [0.17, 0.28, 0.81], [9.32, 5.31, 2.41], [0.08, 3.07, 0.0], [2.45, 3.99, 1.74], [7.65, 4.08, 0.89], [1.21, 0.5, 0.01], [3.74, 4.41, 0.32]]","[771, 758, 774, 764, 737, 761, 697, 784, 772, 723, 770, 762, 730, 751, 750, 742, 734, 645, 733, 720, 766, 738, 670, 768]",183.2
1479,1790252384989234022,307200,71719,27,21,145.1,"[26.4, 34.1, 36.1, 36.7, 37.1, 39.2, 40.2, 41.1, 42.6, 44.7, 81.5, 84.1, 90.1, 90.3, 90.9, 95.3, 96.2, 104.4, 124.1, 135.9, 145.1]","['NEAR', 'NEAR', 'NEAR', 'NEAR', 'NEAR', 'INSIDE', 'NEAR', 'NEAR', 'INSIDE', 'INSIDE', 'OUTSIDE', 'INSIDE', 'OUTSIDE', 'INSIDE', 'INSIDE', 'OUTSIDE', 'INSIDE', 'INSIDE', 'INSIDE', 'INSIDE', 'INSIDE']","[[2.71, 0.09, 1.69], [0.57, 0.03, 1.48], [0.55, 0.08, 1.56], [0.41, 0.05, 1.32], [1.04, 0.11, 1.52], [0.75, 0.1, 1.78], [0.28, 0.08, 1.63], [0.29, 0.03, 0.95], [0.29, 1.42, 0.02], [0.35, 1.84, 0.25], [0.43, 0.29, 0.57], [2.12, 4.9, 1.86], [1.21, 0.36, 0.8], [0.05, 0.79, 0.0], [7.7, 5.18, 2.37], [0.19, 0.29, 0.8], [1.42, 5.25, 2.12], [0.3, 3.68, 0.2], [5.49, 4.25, 1.73], [7.52, 4.07, 0.87], [4.61, 4.3, 0.99]]","[749, 774, 772, 764, 761, 769, 697, 758, 747, 730, 710, 742, 734, 733, 731, 645, 754, 720, 766, 738, 670]",173.0
1480,1790252385089704678,307200,71859,32,23,184.8,"[23.2, 28.4, 34.6, 36.3, 37.1, 39.0, 40.8, 42.5, 43.0, 44.3, 80.9, 83.6, 89.6, 93.5, 94.9, 95.0, 102.5, 105.8, 123.3, 131.1, 144.0, 163.3, 184.8]","['NEAR', 'NEAR', 'NEAR', 'NEAR', 'NEAR', 'NEAR', 'OUTSIDE', 'RAIL', 'INSIDE', 'INSIDE', 'OUTSIDE', 'INSIDE', 'NEAR', 'INSIDE', 'RAIL', 'INSIDE', 'INSIDE', 'INSIDE', 'INSIDE', 'INSIDE', 'INSIDE', 'INSIDE', 'INSIDE']","[[0.89, 0.09, 1.44], [1.2, 0.05, 1.46], [0.63, 0.08, 1.89], [0.34, 0.02, 1.34], [0.69, 0.04, 1.6], [1.17, 0.14, 1.74], [1.0, 0.51, 0.2], [0.39, 0.58, 0.26], [0.24, 1.52, 0.01], [0.54, 2.61, 0.06], [0.33, 0.3, 1.25], [2.06, 4.86, 1.8], [0.1, 1.14, 0.0], [7.38, 5.09, 2.36], [0.1, 0.33, 0.61], [0.4, 4.68, 2.08], [0.04, 2.15, 0.0], [0.07, 0.74, 0.0], [5.05, 4.06, 1.69], [1.48, 4.14, 0.02], [5.95, 4.27, 0.95], [4.63, 4.4, 1.37], [3.55, 3.56, 0.52]]","[749, 774, 772, 697, 761, 769, 739, 743, 747, 730, 710, 742, 740, 731, 645, 754, 720, 779, 766, 728, 670, 768, 757]",168.6
1481,1790252385203753692,307200,71894,34,24,184.0,"[23.7, 27.5, 30.4, 31.1, 34.4, 36.5, 37.4, 38.8, 40.4, 41.9, 42.6, 44.0, 83.3, 88.9, 89.2, 90.1, 94.5, 95.0, 102.2, 123.3, 135.2, 143.5, 163.1, 184.0]","['NEAR', 'NEAR', 'NEAR', 'NEAR', 'NEAR', 'NEAR', 'INSIDE', 'NEAR', 'RAIL', 'INSIDE', 'INSIDE', 'INSIDE', 'INSIDE', 'OUTSIDE', 'INSIDE', 'INSIDE', 'OUTSIDE', 'INSIDE', 'INSIDE', 'INSIDE', 'INSIDE', 'INSIDE', 'OUTSIDE', 'INSIDE']","[[0.8, 0.08, 1.36], [0.2, 0.02, 1.24], [0.59, 0.08, 1.82], [0.89, 0.05, 1.47], [0.42, 0.05, 2.02], [1.09, 0.07, 1.66], [1.02, 0.11, 1.76], [1.0, 0.98, 0.3], [0.43, 0.5, 0.26], [1.66, 1.79, 0.41], [0.47, 1.29, 0.04], [0.46, 1.38, 0.04], [2.18, 4.89, 0.76], [2.46, 0.35, 0.79], [0.04, 0.79, 0.0], [7.79, 5.24, 2.32], [0.1, 0.22, 0.8], [1.5, 5.37, 2.08], [0.09, 3.21, 0.0], [5.51, 4.23, 1.72], [7.71, 4.27, 0.88], [2.89, 4.13, 0.37], [5.1, 0.44, 1.37], [0.08, 1.28, 0.0]]","[749, 774, 758, 772, 764, 761, 769, 739, 743, 770, 729, 730, 742, 734, 733, 731, 645, 754, 720, 766, 738, 670, 768, 757]",164.9
1482,1790252385295101636,307200,71959,32,24,160.2,"[25.0, 34.4, 35.6, 36.4, 36.8, 37.1, 38.2, 38.5, 40.0, 40.9, 41.7, 42.1, 42.2, 43.6, 83.9, 88.9, 94.2, 94.2, 95.6, 110.7, 126.6, 136.0, 147.0, 160.2]","['NEAR', 'NEAR', 'NEAR', 'NEAR', 'NEAR', 'NEAR', 'NEAR', 'INSIDE', 'NEAR', 'INSIDE', 'INSIDE', 'INSIDE', 'INSIDE', 'INSIDE', 'INSIDE', 'INSIDE', 'OUTSIDE', 'OUTSIDE', 'INSIDE', 'INSIDE', 'INSIDE', 'INSIDE', 'INSIDE', 'RAIL']","[[1.13, 0.09, 1.8], [0.43, 0.03, 1.26], [1.3, 0.1, 1.52], [1.15, 0.06, 0.72], [1.2, 0.1, 1.64], [0.49, 0.06, 1.22], [0.88, 0.94, 0.23], [0.84, 1.82, 0.06], [0.24, 0.74, 0.38], [0.29, 2.4, 0.02], [0.36, 1.55, 0.02], [0.42, 1.28, 0.02], [0.22, 1.53, 0.02], [0.4, 2.64, 0.02], [0.13, 4.69, 0.0], [7.78, 5.09, 2.48], [0.18, 0.33, 0.79], [0.48, 1.45, 1.82], [0.59, 3.32, 0.27], [0.34, 3.67, 0.01], [3.2, 4.12, 1.72], [5.11, 4.34, 0.91], [4.94, 3.76, 0.72], [0.04, 0.37, 0.24]]","[780, 774, 772, 761, 769, 764, 739, 747, 750, 758, 762, 697, 773, 743, 742, 731, 645, 754, 740, 777, 766, 738, 670, 768]",101.1
1483,1790252385397317909,307200,72130,35,28,183.3,"[28.6, 31.2, 33.2, 34.1, 35.5, 36.7, 37.9, 38.5, 39.7, 39.9, 40.5, 41.2, 43.1, 82.9, 88.1, 88.3, 89.4, 93.8, 94.4, 101.5, 108.9, 117.0, 122.9, 130.0, 140.5, 162.4, 173.9, 183.3]","['NEAR', 'NEAR', 'NEAR', 'NEAR', 'NEAR', 'NEAR', 'NEAR', 'RAIL', 'OUTSIDE', 'INSIDE', 'INSIDE', 'INSIDE', 'OUTSIDE', 'INSIDE', 'OUTSIDE', 'INSIDE', 'INSIDE', 'OUTSIDE', 'INSIDE', 'INSIDE', 'INSIDE', 'INSIDE', 'INSIDE', 'INSIDE', 'INSIDE', 'INSIDE', 'OUTSIDE', 'INSIDE']","[[1.37, 0.07, 1.99], [1.01, 0.07, 1.78], [0.41, 0.04, 1.46], [0.64, 0.04, 1.53], [1.41, 0.08, 1.64], [0.38, 0.07, 1.48], [1.55, 0.14, 1.71], [0.72, 0.4, 1.15], [0.49, 0.23, 0.29], [0.07, 2.12, 0.0], [1.1, 1.67, 0.06], [0.2, 0.95, 0.01], [0.54, 1.47, 0.76], [1.31, 5.0, 1.83], [2.64, 1.15, 0.79], [0.05, 0.78, 0.0], [7.57, 5.13, 2.33], [0.09, 0.26, 0.79], [1.09, 5.48, 1.92], [0.15, 3.36, 0.0], [0.17, 3.8, 0.0], [0.12, 3.83, 0.24], [3.8, 4.05, 1.69], [1.4, 4.1, 0.02], [7.24, 4.32, 0.98], [5.1, 4.38, 1.36], [2.46, 1.28, 0.35], [0.1, 3.52, 0.0]]","[771, 780, 774, 772, 761, 764, 769, 743, 729, 758, 697, 762, 730, 742, 734, 733, 731, 645, 740, 720, 777, 775, 766, 728, 738, 768, 781, 757]",28.3
1484,1790252385493086178,307200,72430,30,29,183.4,"[25.3, 28.1, 31.3, 33.2, 34.4, 35.8, 35.9, 36.0, 37.4, 38.3, 39.3, 39.5, 40.3, 40.6, 40.7, 43.0, 71.1, 87.5, 87.7, 89.0, 93.4, 94.1, 99.6, 101.1, 108.7, 122.9, 162.0, 173.5, 183.4]","['NEAR', 'NEAR', 'NEAR', 'NEAR', 'NEAR', 'NEAR', 'NEAR', 'NEAR', 'NEAR', 'RAIL', 'NEAR', 'INSIDE', 'INSIDE', 'NEAR', 'INSIDE', 'NEAR', 'INSIDE', 'OUTSIDE', 'INSIDE', 'OUTSIDE', 'INSIDE', 'INSIDE', 'INSIDE', 'INSIDE', 'INSIDE', 'INSIDE', 'INSIDE', 'OUTSIDE', 'INSIDE']","[[2.11, 0.07, 1.85], [0.87, 0.07, 1.98], [0.65, 0.07, 1.43], [1.52, 0.09, 1.49], [0.39, 0.04, 1.02], [0.39, 0.09, 1.57], [1.32, 0.12, 1.61], [1.58, 0.09, 1.71], [0.29, 0.08, 1.39], [0.33, 0.4, 1.13], [0.17, 0.88, 0.02], [0.66, 1.99, 0.04], [0.78, 2.69, 0.05], [0.64, 1.49, 0.04], [1.17, 2.11, 0.12], [0.67, 0.86, 0.04], [0.06, 1.74, 0.0], [2.64, 1.3, 0.78], [0.03, 0.78, 0.0], [0.08, 0.31, 0.79], [12.96, 5.34, 2.41], [1.09, 3.95, 0.42], [0.12, 3.3, 0.0], [0.05, 2.82, 0.0], [0.06, 3.41, 0.0], [4.13, 4.1, 1.89], [5.01, 4.37, 1.35], [2.37, 0.68, 0.85], [3.55, 2.89, 0.52]]","[771, 749, 780, 774, 772, 747, 761, 769, 764, 743, 739, 762, 697, 773, 730, 758, 700, 734, 733, 645, 731, 740, 720, 778, 777, 766, 768, 781, 757]",23.7
1485,1790252385591018640,307200,72723,39,31,179.3,"[26.7, 27.6, 30.9, 31.8, 32.5, 34.6, 34.9, 35.2, 37.5, 38.6, 38.9, 40.4, 40.5, 40.6, 41.5, 42.4, 81.4, 88.6, 91.7, 93.1, 93.2, 94.6, 103.5, 109.8, 116.2, 119.0, 124.9, 137.2, 148.9, 159.1, 179.3]","['NEAR', 'NEAR', 'NEAR', 'NEAR', 'NEAR', 'NEAR', 'NEAR', 'RAIL', 'NEAR', 'INSIDE', 'INSIDE', 'INSIDE', 'INSIDE', 'INSIDE', 'OUTSIDE', 'NEAR', 'OUTSIDE', 'INSIDE', 'OUTSIDE', 'INSIDE', 'INSIDE', 'INSIDE', 'INSIDE', 'INSIDE', 'INSIDE', 'OUTSIDE', 'INSIDE', 'INSIDE', 'INSIDE', 'RAIL', 'INSIDE']","[[0.64, 0.08, 2.09], [1.51, 0.09, 1.38], [2.28, 0.08, 1.49], [1.38, 0.07, 1.85], [1.31, 0.13, 1.93], [0.27, 0.1, 1.54], [0.8, 0.09, 1.7], [0.39, 0.49, 0.53], [1.01, 0.93, 0.09], [0.08, 0.94, 0.01], [0.09, 1.78, 0.01], [0.48, 1.41, 0.03], [0.14, 2.32, 0.01], [0.12, 1.69, 0.01], [0.23, 1.55, 0.02], [0.35, 0.98, 0.02], [0.78, 0.16, 0.72], [0.13, 1.92, 0.0], [0.14, 0.33, 0.78], [0.14, 1.77, 0.43], [9.69, 5.48, 2.49], [0.69, 3.45, 0.27], [0.74, 3.81, 0.44], [0.07, 3.07, 0.0], [0.24, 3.65, 0.26], [0.47, 1.46, 1.56], [4.34, 4.09, 1.72], [7.32, 4.32, 1.21], [9.67, 3.75, 1.67], [0.06, 0.37, 0.24], [1.19, 0.93, 0.01]]","[771, 749, 780, 747, 761, 764, 769, 773, 770, 772, 730, 697, 750, 762, 729, 758, 710, 740, 645, 754, 731, 720, 778, 777, 775, 766, 728, 738, 670, 768, 757]",26.0
1486,1790252385696977610,307200,73132,27,22,182.3,"[24.7, 32.2, 34.2, 35.6, 37.0, 38.2, 38.7, 40.2, 41.2, 42.3, 82.4, 86.1, 86.9, 92.7, 93.6, 101.3, 107.9, 109.3, 116.8, 122.2, 133.4, 182.3]","['NEAR', 'NEAR', 'NEAR', 'NEAR', 'NEAR', 'INSIDE', 'INSIDE', 'NEAR', 'INSIDE', 'INSIDE', 'INSIDE', 'OUTSIDE', 'INSIDE', 'OUTSIDE', 'INSIDE', 'INSIDE', 'INSIDE', 'INSIDE', 'OUTSIDE', 'INSIDE', 'INSIDE', 'INSIDE']","[[1.46, 0.06, 1.38], [1.68, 0.07, 1.99], [1.15, 0.08, 1.84], [0.43, 0.08, 1.44], [1.22, 0.06, 1.4], [0.88, 0.1, 1.59], [0.86, 1.92, 0.24], [0.29, 0.04, 1.49], [0.08, 0.94, 0.01], [0.06, 2.3, 0.0], [0.25, 4.89, 0.01], [2.78, 0.5, 0.78], [9.82, 5.12, 2.44], [0.12, 0.21, 0.78], [1.51, 5.39, 2.07], [1.31, 3.61, 1.11], [0.48, 4.15, 0.48], [0.63, 4.2, 0.69], [1.8, 0.42, 1.24], [4.12, 4.06, 1.69], [7.67, 4.51, 1.12], [0.04, 0.95, 0.0]]","[749, 780, 747, 764, 761, 769, 739, 774, 772, 750, 742, 734, 731, 645, 754, 778, 777, 779, 775, 728, 738, 757]",25.4
1487,1790252385787420214,307200,73650,28,25,182.3,"[24.9, 28.1, 35.1, 35.5, 35.8, 37.2, 38.3, 39.6, 39.8, 39.8, 40.8, 42.1, 81.7, 82.3, 86.7, 88.0, 88.5, 92.4, 100.1, 106.1, 107.6, 122.6, 160.7, 172.9, 182.3]","['NEAR', 'NEAR', 'NEAR', 'NEAR', 'INSIDE', 'NEAR', 'OUTSIDE', 'INSIDE', 'NEAR', 'INSIDE', 'INSIDE', 'OUTSIDE', 'INSIDE', 'RAIL', 'OUTSIDE', 'INSIDE', 'OUTSIDE', 'INSIDE', 'INSIDE', 'INSIDE', 'INSIDE', 'INSIDE', 'INSIDE', 'OUTSIDE', 'INSIDE']","[[2.93, 0.08, 1.44], [0.59, 0.08, 1.56], [0.36, 0.04, 1.2], [1.5, 0.08, 2.01], [0.42, 0.11, 1.67], [0.87, 0.94, 0.34], [0.43, 0.49, 0.28], [0.49, 1.99, 0.03], [0.44, 0.82, 0.03], [0.13, 2.28, 0.01], [0.72, 2.77, 0.04], [0.33, 0.86, 0.02], [1.06, 4.73, 0.03], [1.06, 0.09, 0.9], [2.54, 0.5, 0.72], [0.04, 0.77, 0.0], [0.12, 0.27, 0.78], [10.18, 5.52, 2.26], [0.08, 3.32, 0.0], [0.05, 3.52, 0.0], [0.1, 3.7, 0.47], [2.45, 3.91, 1.87], [4.68, 4.34, 1.34], [1.42, 0.04, 0.49], [3.59, 3.19, 0.52]]","[774, 747, 764, 761, 769, 739, 770, 762, 697, 750, 758, 773, 742, 710, 734, 733, 645, 731, 778, 787, 777, 728, 768, 781, 757]",24.1
1488,1790252385891529340,307200,73845,33,28,184.1,"[9.6, 22.9, 25.3, 27.3, 31.5, 33.1, 33.9, 36.0, 37.0, 37.6, 39.5, 41.0, 41.9, 67.8, 80.6, 87.8, 90.6, 92.1, 93.5, 94.9, 102.4, 108.7, 115.1, 124.5, 134.6, 158.1, 174.8, 184.1]","['NEAR', 'NEAR', 'NEAR', 'NEAR', 'NEAR', 'NEAR', 'NEAR', 'NEAR', 'RAIL', 'NEAR', 'NEAR', 'INSIDE', 'INSIDE', 'INSIDE', 'OUTSIDE', 'INSIDE', 'OUTSIDE', 'INSIDE', 'INSIDE', 'INSIDE', 'INSIDE', 'INSIDE', 'INSIDE', 'INSIDE', 'INSIDE', 'RAIL', 'INSIDE', 'INSIDE']","[[1.53, 0.06, 1.85], [0.55, 0.04, 1.85], [0.62, 0.08, 1.43], [0.4, 0.07, 1.82], [0.58, 0.03, 1.46], [1.63, 0.11, 2.0], [0.21, 0.04, 1.63], [0.44, 0.04, 1.39], [0.14, 0.1, 0.03], [0.27, 1.07, 0.19], [0.15, 0.88, 0.01], [1.09, 1.7, 0.38], [0.07, 1.97, 0.0], [1.13, 1.68, 0.04], [0.45, 0.16, 0.71], [0.08, 1.9, 0.0], [0.15, 0.43, 0.78], [9.68, 5.5, 2.45], [0.61, 3.58, 0.26], [0.29, 0.52, 0.85], [0.73, 3.77, 0.43], [0.22, 3.81, 0.25], [0.13, 3.61, 0.0], [3.1, 4.05, 1.7], [4.13, 4.03, 0.91], [0.01, 0.28, 0.24], [2.96, 3.98, 0.38], [0.02, 0.96, 0.0]]","[771, 749, 780, 774, 747, 761, 769, 750, 785, 739, 730, 770, 772, 700, 710, 740, 645, 731, 720, 754, 778, 779, 775, 728, 738, 768, 781, 757]",22.9
1489,1790252385993074821,307200,74027,34,27,175.9,"[9.3, 23.7, 27.4, 33.0, 33.7, 35.8, 37.5, 37.5, 37.6, 39.3, 40.0, 40.7, 41.4, 41.4, 82.9, 87.9, 90.4, 91.7, 91.8, 93.2, 103.9, 105.4, 114.8, 124.2, 135.9, 157.7, 175.9]","['NEAR', 'RAIL', 'NEAR', 'NEAR', 'NEAR', 'NEAR', 'NEAR', 'NEAR', 'RAIL', 'INSIDE', 'INSIDE', 'NEAR', 'INSIDE', 'INSIDE', 'OUTSIDE', 'INSIDE', 'OUTSIDE', 'INSIDE', 'INSIDE', 'INSIDE', 'INSIDE', 'INSIDE', 'INSIDE', 'INSIDE', 'INSIDE', 'RAIL', 'INSIDE']","[[2.18, 0.08, 1.99], [0.18, 0.09, 0.07], [1.34, 0.07, 1.8], [1.5, 0.12, 1.12], [0.36, 0.1, 1.88], [1.4, 0.09, 1.63], [0.32, 0.91, 0.04], [1.91, 0.9, 0.21], [0.32, 0.39, 1.15], [0.41, 1.4, 0.03], [0.13, 1.44, 0.01], [1.62, 0.94, 0.1], [0.4, 1.59, 0.02], [0.3, 1.67, 0.02], [0.87, 1.33, 1.82], [0.1, 2.05, 0.0], [0.2, 0.43, 0.77], [0.05, 2.08, 0.0], [0.74, 3.4, 0.26], [9.15, 5.53, 2.48], [0.07, 2.54, 0.0], [0.05, 1.66, 0.0], [0.15, 4.01, 0.73], [3.21, 4.04, 1.7], [7.34, 4.3, 0.91], [0.04, 0.36, 0.24], [0.05, 3.07, 0.0]]","[780, 785, 774, 761, 747, 769, 739, 770, 743, 749, 772, 697, 758, 764, 742, 740, 645, 720, 754, 731, 778, 787, 775, 728, 738, 768, 781]",17.8
1490,1790252386091994954,307200,74371,28,21,181.3,"[27.7, 32.4, 32.6, 33.6, 34.2, 35.8, 37.3, 38.9, 40.8, 86.1, 86.4, 91.4, 92.3, 101.2, 106.6, 108.0, 111.9, 121.6, 159.7, 172.0, 181.3]","['NEAR', 'NEAR', 'NEAR', 'NEAR', 'NEAR', 'INSIDE', 'INSIDE', 'INSIDE', 'OUTSIDE', 'OUTSIDE', 'OUTSIDE', 'INSIDE', 'INSIDE', 'INSIDE', 'INSIDE', 'INSIDE', 'OUTSIDE', 'INSIDE', 'INSIDE', 'OUTSIDE', 'INSIDE']","[[2.04, 0.07, 1.97], [1.16, 0.07, 1.79], [1.03, 0.06, 1.97], [1.27, 0.11, 1.63], [0.31, 0.04, 1.32], [0.14, 2.98, 0.01], [0.54, 1.38, 0.04], [0.98, 2.71, 0.09], [0.65, 1.19, 0.33], [1.21, 0.49, 0.77], [0.11, 0.26, 0.77], [12.52, 5.44, 2.41], [1.41, 3.9, 0.43], [1.28, 3.92, 0.4], [0.24, 4.14, 0.96], [0.11, 1.33, 0.25], [0.47, 0.22, 0.75], [2.51, 3.88, 1.86], [4.66, 4.32, 1.34], [1.4, 0.04, 0.49], [3.61, 3.49, 0.51]]","[780, 774, 761, 769, 747, 749, 771, 770, 729, 734, 645, 731, 720, 778, 777, 779, 791, 728, 768, 781, 757]",17.1
1491,1790252386187424695,307200,74166,26,22,173.8,"[8.6, 23.2, 31.2, 33.2, 33.8, 33.9, 35.4, 37.0, 37.8, 38.5, 40.4, 82.7, 87.1, 89.7, 91.1, 92.6, 102.5, 107.8, 114.3, 123.5, 133.7, 173.8]","['RAIL', 'NEAR', 'NEAR', 'NEAR', 'NEAR', 'INSIDE', 'RAIL', 'INSIDE', 'INSIDE', 'INSIDE', 'OUTSIDE', 'OUTSIDE', 'INSIDE', 'OUTSIDE', 'INSIDE', 'INSIDE', 'INSIDE', 'INSIDE', 'INSIDE', 'INSIDE', 'INSIDE', 'INSIDE']","[[0.25, 0.06, 0.06], [1.24, 0.05, 1.5], [1.14, 0.06, 1.61], [1.15, 0.1, 1.62], [0.33, 0.07, 1.3], [0.69, 2.51, 0.24], [0.5, 0.48, 0.5], [0.11, 2.11, 0.01], [0.36, 2.47, 0.02], [0.09, 0.98, 0.01], [0.23, 1.29, 0.29], [1.99, 1.34, 2.38], [0.07, 1.88, 0.0], [0.16, 0.37, 0.77], [8.76, 5.48, 2.46], [0.69, 3.54, 0.26], [2.2, 3.99, 1.29], [0.16, 4.01, 0.47], [0.52, 3.99, 0.72], [3.14, 4.03, 1.69], [4.2, 4.25, 0.91], [2.88, 3.66, 0.38]]","[785, 774, 761, 769, 747, 739, 729, 772, 749, 771, 773, 742, 740, 645, 731, 720, 778, 779, 775, 728, 738, 781]",22.3
1492,1790252386292432431,307200,74467,35,30,156.8,"[8.3, 21.7, 27.1, 33.8, 34.7, 35.7, 37.6, 37.8, 38.8, 38.9, 39.7, 40.6, 41.3, 43.9, 49.6, 81.9, 86.9, 89.4, 90.8, 90.9, 92.6, 102.4, 102.9, 104.4, 114.1, 116.0, 123.2, 134.9, 147.2, 156.8]","['RAIL', 'NEAR', 'NEAR', 'NEAR', 'NEAR', 'NEAR', 'RAIL', 'NEAR', 'RAIL', 'RAIL', 'INSIDE', 'INSIDE', 'INSIDE', 'INSIDE', 'INSIDE', 'OUTSIDE', 'INSIDE', 'OUTSIDE', 'INSIDE', 'INSIDE', 'INSIDE', 'INSIDE', 'INSIDE', 'INSIDE', 'INSIDE', 'INSIDE', 'INSIDE', 'INSIDE', 'INSIDE', 'RAIL']","[[0.25, 0.08, 0.06], [0.41, 0.04, 1.45], [0.66, 0.06, 1.33], [0.69, 0.08, 1.59], [0.75, 0.06, 1.45], [0.36, 0.1, 1.52], [0.18, 0.02, 0.87], [0.76, 1.15, 0.37], [0.33, 0.3, 0.98], [0.26, 0.43, 0.16], [0.58, 1.12, 0.23], [0.08, 0.92, 0.01], [0.19, 2.36, 0.01], [0.79, 2.61, 0.05], [0.34, 2.46, 0.02], [1.01, 1.32, 1.8], [0.14, 1.87, 0.0], [0.19, 0.42, 0.77], [0.06, 2.85, 0.0], [8.83, 5.49, 2.45], [0.07, 1.62, 0.0], [0.09, 2.52, 0.0], [1.67, 0.98, 1.09], [0.07, 1.64, 0.0], [0.74, 3.97, 0.71], [1.19, 0.89, 0.49], [3.17, 4.02, 1.69], [7.33, 4.28, 0.91], [8.52, 3.69, 0.73], [0.02, 0.36, 0.24]]","[785, 774, 747, 761, 769, 750, 697, 739, 783, 743, 730, 772, 749, 758, 764, 742, 740, 645, 720, 731, 754, 778, 787, 777, 775, 766, 728, 738, 670, 768]",22.3
1493,1790252386391918316,307200,74743,22,21,180.0,"[27.4, 33.5, 34.9, 36.3, 39.0, 40.6, 43.6, 49.4, 62.6, 85.8, 89.0, 90.5, 91.9, 101.0, 107.2, 111.2, 113.5, 121.7, 131.7, 159.0, 180.0]","['NEAR', 'NEAR', 'NEAR', 'INSIDE', 'INSIDE', 'INSIDE', 'INSIDE', 'INSIDE', 'INSIDE', 'INSIDE', 'OUTSIDE', 'INSIDE', 'INSIDE', 'INSIDE', 'INSIDE', 'OUTSIDE', 'INSIDE', 'INSIDE', 'INSIDE', 'INSIDE', 'INSIDE']","[[1.51, 0.09, 2.03], [0.39, 0.08, 1.35], [3.23, 0.13, 2.02], [1.49, 0.99, 0.21], [0.21, 1.9, 0.01], [0.16, 2.45, 0.01], [0.63, 2.84, 0.04], [0.35, 2.43, 0.02], [0.13, 1.86, 0.0], [0.05, 2.02, 0.0], [0.13, 0.38, 0.76], [10.31, 5.46, 2.42], [0.65, 3.68, 0.26], [0.4, 3.36, 0.19], [0.12, 3.99, 0.47], [0.77, 0.41, 0.74], [0.07, 3.17, 0.0], [0.77, 3.98, 1.66], [6.4, 4.44, 1.13], [5.11, 4.57, 1.35], [0.12, 2.83, 0.0]]","[774, 747, 769, 730, 782, 749, 758, 764, 700, 740, 645, 731, 754, 778, 779, 791, 775, 728, 738, 768, 757]",21.0
1494,1790252386493735455,307200,75011,31,27,181.0,"[7.7, 23.6, 25.9, 27.0, 30.7, 34.0, 36.1, 37.7, 38.3, 39.7, 43.4, 48.9, 49.2, 77.0, 83.3, 88.8, 90.2, 91.6, 100.9, 106.9, 110.9, 113.2, 121.9, 131.9, 159.3, 171.1, 181.0]","['RAIL', 'NEAR', 'NEAR', 'NEAR', 'NEAR', 'NEAR', 'RAIL', 'RAIL', 'OUTSIDE', 'INSIDE', 'INSIDE', 'INSIDE', 'INSIDE', 'RAIL', 'INSIDE', 'OUTSIDE', 'INSIDE', 'INSIDE', 'INSIDE', 'INSIDE', 'OUTSIDE', 'INSIDE', 'INSIDE', 'INSIDE', 'INSIDE', 'INSIDE', 'INSIDE']","[[0.13, 0.07, 0.03], [2.35, 0.09, 1.72], [0.38, 0.03, 1.35], [1.03, 0.03, 1.88], [1.63, 0.11, 1.67], [0.94, 0.94, 0.31], [0.38, 0.26, 0.43], [0.25, 0.48, 0.16], [0.62, 0.47, 0.26], [1.13, 1.65, 0.36], [0.07, 1.07, 0.01], [0.21, 1.89, 0.01], [0.16, 1.82, 0.01], [1.72, 0.3, 1.05], [0.09, 2.01, 0.0], [0.13, 0.17, 0.76], [14.43, 5.46, 2.46], [0.69, 3.66, 0.26], [0.07, 3.35, 0.0], [0.12, 3.75, 0.24], [0.62, 0.25, 0.74], [0.1, 3.75, 0.0], [1.85, 3.97, 1.68], [5.49, 4.48, 1.16], [3.84, 4.56, 0.65], [4.25, 4.21, 0.37], [2.69, 3.8, 0.01]]","[785, 780, 747, 761, 697, 739, 783, 743, 730, 770, 771, 782, 764, 710, 740, 645, 742, 754, 778, 779, 791, 775, 728, 738, 768, 781, 757]",22.7
1495,1790252386588443855,307200,75130,28,24,155.9,"[25.1, 26.3, 31.4, 33.8, 34.0, 34.8, 35.8, 36.0, 37.3, 37.7, 39.2, 43.9, 49.8, 81.5, 89.8, 89.9, 103.5, 105.1, 114.6, 115.8, 123.0, 135.7, 145.7, 155.9]","['NEAR', 'NEAR', 'RAIL', 'NEAR', 'NEAR', 'OUTSIDE', 'RAIL', 'INSIDE', 'INSIDE', 'INSIDE', 'INSIDE', 'INSIDE', 'INSIDE', 'INSIDE', 'OUTSIDE', 'INSIDE', 'INSIDE', 'INSIDE', 'INSIDE', 'INSIDE', 'INSIDE', 'INSIDE', 'INSIDE', 'RAIL']","[[0.41, 0.07, 1.7], [0.4, 0.04, 1.46], [0.4, 0.06, 0.94], [1.38, 0.1, 1.87], [1.21, 0.11, 1.65], [1.08, 0.53, 0.35], [0.11, 0.38, 0.87], [0.9, 2.9, 0.06], [0.22, 0.91, 0.02], [0.48, 1.83, 0.34], [0.11, 1.75, 0.01], [0.32, 2.14, 0.02], [0.11, 2.5, 0.01], [13.82, 5.24, 2.51], [0.16, 0.42, 0.76], [2.47, 5.39, 2.16], [0.07, 3.44, 0.0], [0.12, 2.61, 0.85], [0.11, 1.2, 0.0], [0.52, 3.84, 1.52], [4.65, 3.8, 1.71], [10.62, 4.55, 0.92], [9.69, 4.19, 1.64], [0.07, 0.36, 0.23]]","[780, 774, 747, 761, 769, 730, 783, 762, 770, 772, 771, 764, 749, 742, 645, 720, 777, 779, 766, 775, 728, 738, 670, 768]",19.5
1496,1790252386691097705,307200,75618,27,23,170.6,"[24.5, 26.1, 33.8, 34.1, 35.4, 35.7, 37.2, 37.6, 39.4, 43.5, 80.4, 85.6, 88.2, 89.6, 91.1, 101.7, 106.3, 110.3, 112.1, 122.0, 130.9, 158.1, 170.6]","['NEAR', 'NEAR', 'NEAR', 'NEAR', 'OUTSIDE', 'INSIDE', 'NEAR', 'INSIDE', 'INSIDE', 'INSIDE', 'INSIDE', 'INSIDE', 'RAIL', 'INSIDE', 'INSIDE', 'INSIDE', 'INSIDE', 'OUTSIDE', 'INSIDE', 'INSIDE', 'INSIDE', 'INSIDE', 'INSIDE']","[[1.53, 0.05, 1.71], [0.6, 0.08, 1.69], [1.56, 0.07, 1.87], [0.78, 0.09, 1.65], [1.28, 0.54, 0.26], [0.23, 1.18, 0.02], [0.34, 0.7, 0.34], [0.99, 2.61, 0.07], [0.43, 2.38, 0.4], [0.12, 2.48, 0.01], [2.14, 2.43, 2.34], [0.1, 2.16, 0.0], [0.17, 0.4, 0.98], [8.53, 5.44, 2.43], [0.7, 3.48, 0.26], [0.1, 1.78, 0.0], [0.08, 3.53, 0.0], [0.7, 0.25, 0.44], [1.07, 4.18, 0.5], [3.22, 3.97, 1.67], [6.14, 4.42, 0.88], [5.04, 4.54, 1.34], [4.34, 4.19, 0.37]]","[780, 747, 761, 769, 730, 770, 772, 762, 764, 749, 742, 733, 645, 731, 754, 778, 779, 791, 766, 728, 738, 768, 781]",19.2
1497,1790252386793379959,307200,75887,30,24,172.1,"[22.5, 23.6, 32.3, 33.7, 35.2, 35.9, 37.5, 37.5, 39.3, 41.6, 43.0, 43.5, 49.4, 65.3, 85.7, 89.3, 101.5, 103.5, 110.0, 112.4, 114.5, 122.5, 155.3, 172.1]","['NEAR', 'NEAR', 'NEAR', 'NEAR', 'NEAR', 'OUTSIDE', 'INSIDE', 'RAIL', 'RAIL', 'INSIDE', 'INSIDE', 'INSIDE', 'OUTSIDE', 'INSIDE', 'OUTSIDE', 'INSIDE', 'INSIDE', 'INSIDE', 'OUTSIDE', 'INSIDE', 'INSIDE', 'INSIDE', 'RAIL', 'INSIDE']","[[0.52, 0.04, 1.36], [1.5, 0.07, 1.69], [2.0, 0.07, 1.88], [0.42, 0.08, 1.47], [0.78, 0.07, 1.54], [0.58, 0.29, 0.26], [1.18, 2.46, 0.3], [0.33, 0.47, 0.3], [0.47, 0.19, 0.39], [0.13, 2.07, 0.01], [0.57, 2.48, 0.04], [0.27, 1.06, 0.02], [0.41, 1.22, 0.33], [0.8, 2.46, 0.17], [0.16, 0.36, 0.75], [9.51, 5.42, 2.46], [0.07, 2.48, 0.0], [1.13, 1.97, 0.41], [0.56, 0.38, 0.22], [0.25, 3.71, 0.25], [1.17, 0.87, 0.49], [4.61, 4.0, 1.7], [0.04, 0.36, 0.23], [2.95, 4.22, 0.37]]","[780, 774, 761, 747, 769, 739, 730, 743, 764, 782, 758, 750, 773, 700, 645, 731, 778, 777, 791, 766, 775, 728, 768, 781]",23.5
1498,1790252386903969397,307200,76148,29,22,174.8,"[6.6, 23.3, 26.6, 32.5, 32.6, 33.4, 35.0, 36.9, 38.6, 83.3, 84.6, 89.1, 89.9, 99.7, 102.7, 104.4, 112.3, 123.8, 134.0, 148.3, 155.1, 174.8]","['RAIL', 'NEAR', 'NEAR', 'NEAR', 'NEAR', 'NEAR', 'NEAR', 'NEAR', 'INSIDE', 'OUTSIDE', 'INSIDE', 'RAIL', 'INSIDE', 'OUTSIDE', 'INSIDE', 'INSIDE', 'INSIDE', 'INSIDE', 'INSIDE', 'INSIDE', 'RAIL', 'OUTSIDE']","[[0.28, 0.13, 0.06], [1.27, 0.06, 1.41], [0.42, 0.05, 1.46], [0.53, 0.07, 1.54], [1.21, 0.08, 1.6], [0.46, 0.87, 0.05], [1.07, 0.78, 0.28], [0.72, 0.91, 0.06], [0.74, 2.82, 0.05], [2.61, 0.52, 0.75], [0.04, 0.74, 0.0], [0.22, 0.4, 0.98], [1.4, 3.64, 0.43], [0.59, 0.34, 1.09], [0.14, 3.23, 0.0], [0.33, 3.84, 0.85], [0.28, 3.97, 0.49], [3.9, 4.21, 0.86], [8.77, 4.54, 1.19], [2.8, 4.02, 0.39], [0.04, 0.27, 0.23], [0.06, 1.53, 0.0]]","[785, 774, 747, 761, 769, 730, 770, 749, 771, 734, 731, 645, 754, 778, 777, 779, 766, 728, 738, 670, 768, 781]",22.5
1499,1790252386994899449,307200,76448,28,21,180.9,"[22.2, 32.7, 33.7, 34.3, 34.7, 36.6, 38.4, 40.9, 47.4, 84.9, 88.8, 101.0, 102.5, 109.7, 112.1, 113.5, 119.7, 131.3, 154.8, 171.6, 180.9]","['NEAR', 'NEAR', 'NEAR', 'NEAR', 'NEAR', 'NEAR', 'RAIL', 'INSIDE', 'INSIDE', 'OUTSIDE', 'INSIDE', 'INSIDE', 'INSIDE', 'OUTSIDE', 'INSIDE', 'INSIDE', 'OUTSIDE', 'INSIDE', 'RAIL', 'INSIDE', 'INSIDE']","[[0.56, 0.06, 1.37], [0.56, 0.06, 1.34], [0.36, 0.03, 1.29], [0.4, 0.04, 1.54], [1.64, 0.11, 1.9], [0.99, 1.16, 0.28], [1.51, 0.31, 1.04], [0.09, 2.71, 0.0], [0.04, 2.03, 0.0], [0.15, 0.31, 0.75], [10.15, 5.38, 2.41], [0.08, 2.47, 0.0], [0.1, 3.6, 0.42], [0.99, 0.38, 0.43], [0.64, 3.85, 1.23], [0.08, 1.39, 0.0], [0.2, 0.42, 1.38], [4.07, 4.4, 0.89], [0.06, 0.36, 0.23], [2.93, 4.21, 0.37], [0.06, 0.32, 0.0]]","[780, 774, 747, 761, 769, 739, 783, 758, 762, 645, 731, 777, 787, 791, 766, 775, 728, 738, 768, 781, 757]",23.5
1500,1790252387089326133,307200,76674,29,24,178.1,"[27.1, 30.0, 31.3, 31.4, 32.2, 32.2, 33.4, 35.5, 36.4, 37.9, 48.7, 83.3, 87.2, 88.6, 90.8, 98.9, 100.7, 105.3, 109.2, 111.6, 119.5, 131.1, 169.5, 178.1]","['NEAR', 'NEAR', 'NEAR', 'NEAR', 'NEAR', 'INSIDE', 'INSIDE', 'INSIDE', 'INSIDE', 'INSIDE', 'NEAR', 'INSIDE', 'RAIL', 'INSIDE', 'INSIDE', 'INSIDE', 'INSIDE', 'INSIDE', 'OUTSIDE', 'INSIDE', 'OUTSIDE', 'INSIDE', 'INSIDE', 'INSIDE']","[[0.45, 0.04, 1.32], [2.65, 0.06, 1.93], [0.38, 0.07, 1.49], [0.39, 0.02, 1.04], [1.98, 0.11, 1.89], [0.87, 1.6, 0.08], [0.72, 1.49, 0.07], [0.57, 1.79, 0.05], [0.13, 0.85, 0.01], [0.06, 1.42, 0.01], [0.67, 0.87, 0.05], [0.06, 1.06, 0.0], [0.2, 0.36, 0.97], [11.0, 5.44, 2.4], [2.28, 4.11, 0.99], [0.92, 4.18, 1.28], [0.09, 2.46, 0.0], [0.06, 1.84, 0.0], [0.64, 0.34, 0.22], [0.17, 3.89, 0.0], [0.18, 0.42, 1.38], [4.05, 4.39, 0.89], [4.28, 3.01, 0.37], [0.05, 2.18, 0.0]]","[789, 774, 747, 761, 769, 786, 770, 749, 782, 771, 762, 733, 645, 731, 754, 778, 777, 779, 791, 766, 728, 738, 781, 757]",25.1
1501,1790252387188707338,307200,76835,27,23,174.6,"[5.9, 23.5, 26.1, 31.0, 33.2, 33.8, 35.7, 36.7, 37.0, 43.6, 43.8, 49.0, 49.7, 83.3, 84.6, 88.3, 100.4, 104.2, 109.1, 111.5, 129.9, 147.6, 174.6]","['RAIL', 'NEAR', 'NEAR', 'NEAR', 'RAIL', 'RAIL', 'INSIDE', 'INSIDE', 'INSIDE', 'INSIDE', 'NEAR', 'INSIDE', 'INSIDE', 'OUTSIDE', 'RAIL', 'INSIDE', 'NEAR', 'INSIDE', 'OUTSIDE', 'INSIDE', 'INSIDE', 'INSIDE', 'INSIDE']","[[0.19, 0.19, 0.07], [2.58, 0.09, 1.92], [3.48, 0.16, 1.56], [1.07, 0.97, 0.35], [0.32, 0.17, 0.96], [1.24, 0.38, 0.97], [0.24, 1.62, 0.02], [0.6, 2.73, 0.04], [0.09, 1.67, 0.01], [0.19, 2.26, 0.01], [0.25, 0.93, 0.02], [1.33, 2.49, 0.14], [0.18, 1.22, 0.01], [1.1, 0.37, 0.74], [0.2, 0.4, 0.97], [10.63, 5.28, 2.38], [0.75, 0.07, 1.08], [1.51, 4.0, 0.87], [0.87, 0.23, 0.72], [0.07, 3.7, 0.26], [12.38, 4.43, 1.31], [2.85, 4.1, 0.39], [1.17, 2.43, 0.01]]","[785, 774, 761, 730, 783, 764, 786, 773, 772, 782, 749, 788, 750, 734, 645, 731, 778, 779, 791, 766, 738, 670, 757]",25.4
1502,1790252387295750063,307200,77019,29,25,171.5,"[5.6, 22.9, 24.1, 25.7, 33.9, 35.7, 36.1, 36.5, 36.6, 48.0, 49.4, 82.6, 83.1, 88.1, 89.6, 91.8, 98.5, 100.2, 103.4, 108.7, 111.2, 119.0, 132.2, 144.4, 171.5]","['RAIL', 'NEAR', 'NEAR', 'NEAR', 'RAIL', 'INSIDE', 'INSIDE', 'INSIDE', 'INSIDE', 'INSIDE', 'INSIDE', 'OUTSIDE', 'RAIL', 'INSIDE', 'INSIDE', 'INSIDE', 'OUTSIDE', 'NEAR', 'INSIDE', 'OUTSIDE', 'INSIDE', 'OUTSIDE', 'INSIDE', 'INSIDE', 'OUTSIDE']","[[0.2, 0.1, 0.05], [0.38, 0.08, 1.42], [3.72, 0.14, 1.78], [1.26, 1.08, 0.35], [0.43, 0.24, 0.75], [1.1, 2.53, 0.19], [0.45, 0.69, 0.61], [0.88, 0.63, 0.06], [0.19, 2.25, 0.01], [0.82, 1.33, 0.08], [0.08, 1.27, 0.0], [1.17, 0.51, 0.74], [0.25, 0.41, 0.97], [12.16, 5.33, 2.46], [0.03, 3.13, 0.0], [1.92, 0.55, 1.44], [0.13, 0.51, 0.41], [0.82, 0.07, 1.36], [0.36, 3.98, 0.84], [0.51, 0.38, 0.22], [0.11, 3.67, 0.25], [0.17, 0.23, 1.04], [7.27, 4.43, 0.91], [8.56, 4.15, 0.72], [4.36, 1.19, 0.38]]","[785, 774, 761, 730, 783, 739, 747, 772, 782, 788, 773, 734, 645, 731, 740, 754, 777, 778, 779, 791, 766, 728, 738, 670, 781]",21.5
1503,1790252387390353092,307200,77428,26,23,178.4,"[5.4, 30.5, 30.7, 33.8, 36.0, 36.5, 43.1, 49.1, 82.6, 83.4, 87.9, 87.9, 91.0, 98.6, 100.0, 101.5, 108.9, 110.9, 119.1, 130.4, 143.3, 168.8, 178.4]","['RAIL', 'NEAR', 'NEAR', 'NEAR', 'INSIDE', 'INSIDE', 'INSIDE', 'INSIDE', 'OUTSIDE', 'INSIDE', 'RAIL', 'INSIDE', 'INSIDE', 'INSIDE', 'INSIDE', 'INSIDE', 'OUTSIDE', 'INSIDE', 'INSIDE', 'INSIDE', 'INSIDE', 'INSIDE', 'INSIDE']","[[0.15, 0.18, 0.05], [0.37, 0.05, 1.19], [3.37, 0.12, 1.88], [0.49, 0.83, 0.04], [0.57, 2.01, 0.04], [0.08, 1.5, 0.01], [0.16, 1.89, 0.01], [0.13, 1.2, 0.01], [1.62, 0.36, 0.7], [0.09, 0.73, 0.0], [0.2, 0.37, 0.96], [0.14, 3.38, 0.0], [2.75, 1.61, 1.38], [0.04, 1.55, 0.0], [0.04, 2.79, 0.0], [0.03, 1.42, 0.0], [1.36, 0.4, 0.43], [0.09, 3.87, 0.0], [0.91, 4.1, 1.63], [4.06, 4.36, 0.88], [10.49, 4.4, 0.69], [4.23, 2.99, 0.36], [2.28, 4.04, 0.5]]","[785, 774, 761, 786, 773, 771, 782, 750, 734, 731, 645, 733, 754, 778, 777, 787, 791, 766, 728, 738, 670, 781, 757]",24.6
1504,1790252387509125207,307200,77449,21,17,173.9,"[32.0, 35.0, 37.1, 46.6, 76.7, 82.6, 83.3, 87.6, 89.0, 99.8, 102.8, 104.3, 110.8, 128.5, 146.9, 153.6, 173.9]","['NEAR', 'NEAR', 'NEAR', 'INSIDE', 'INSIDE', 'OUTSIDE', 'RAIL', 'INSIDE', 'INSIDE', 'NEAR', 'INSIDE', 'INSIDE', 'INSIDE', 'INSIDE', 'INSIDE', 'RAIL', 'OUTSIDE']","[[1.55, 0.06, 1.9], [1.37, 0.07, 1.75], [1.57, 0.1, 1.87], [0.43, 2.61, 0.02], [1.34, 2.24, 0.88], [1.13, 0.36, 0.73], [0.16, 0.25, 0.74], [9.67, 5.4, 2.51], [0.6, 3.59, 0.19], [0.72, 0.07, 0.96], [0.11, 3.63, 0.84], [0.17, 1.43, 0.43], [0.07, 3.67, 0.25], [13.88, 4.41, 1.3], [2.78, 4.08, 0.38], [0.06, 0.27, 0.23], [1.2, 2.11, 0.01]]","[789, 774, 761, 782, 742, 734, 645, 731, 740, 778, 779, 787, 766, 738, 670, 768, 757]",24.7
1505,1790252387590105061,307200,77757,25,21,173.7,"[28.9, 31.8, 32.2, 32.7, 33.3, 33.9, 34.8, 35.4, 37.0, 41.1, 41.9, 46.4, 82.4, 83.0, 87.4, 88.8, 104.2, 110.6, 146.6, 159.6, 173.7]","['NEAR', 'NEAR', 'NEAR', 'NEAR', 'RAIL', 'INSIDE', 'INSIDE', 'INSIDE', 'INSIDE', 'INSIDE', 'NEAR', 'NEAR', 'OUTSIDE', 'RAIL', 'INSIDE', 'INSIDE', 'INSIDE', 'INSIDE', 'INSIDE', 'INSIDE', 'INSIDE']","[[1.54, 0.06, 1.89], [1.28, 0.09, 1.74], [1.64, 0.11, 1.86], [0.5, 0.05, 1.17], [0.03, 0.12, 0.14], [0.45, 2.75, 0.02], [0.84, 1.77, 0.06], [0.61, 2.94, 0.05], [0.2, 2.12, 0.02], [0.22, 0.88, 0.01], [0.71, 0.99, 0.04], [0.73, 0.92, 0.06], [1.11, 0.36, 0.73], [0.22, 0.41, 0.74], [9.31, 5.38, 2.5], [0.62, 3.58, 0.19], [0.41, 3.96, 0.64], [0.07, 3.67, 0.25], [2.81, 4.07, 0.38], [2.95, 4.54, 0.67], [1.3, 3.94, 0.01]]","[789, 774, 761, 780, 743, 782, 749, 747, 770, 758, 750, 762, 734, 645, 731, 740, 787, 766, 670, 793, 757]",21.6
1506,1790252387695077400,307200,78046,27,21,179.3,"[4.8, 28.7, 32.0, 33.7, 35.3, 36.6, 43.2, 46.2, 82.1, 82.8, 87.2, 88.0, 90.9, 100.8, 102.3, 108.0, 118.1, 131.3, 158.3, 168.7, 179.3]","['RAIL', 'NEAR', 'RAIL', 'INSIDE', 'INSIDE', 'INSIDE', 'INSIDE', 'INSIDE', 'OUTSIDE', 'RAIL', 'INSIDE', 'INSIDE', 'INSIDE', 'INSIDE', 'INSIDE', 'OUTSIDE', 'OUTSIDE', 'INSIDE', 'INSIDE', 'INSIDE', 'INSIDE']","[[0.35, 0.18, 0.08], [1.93, 0.09, 1.85], [0.25, 0.51, 0.14], [0.41, 2.59, 0.02], [0.75, 1.77, 0.05], [0.57, 2.46, 0.04], [0.19, 1.9, 0.02], [0.29, 0.91, 0.02], [1.21, 0.5, 0.73], [0.22, 0.41, 0.96], [9.45, 5.28, 2.3], [1.44, 3.57, 0.42], [1.97, 3.84, 1.43], [0.08, 3.7, 0.0], [0.13, 3.79, 0.83], [1.06, 0.38, 0.42], [0.23, 0.22, 1.37], [7.24, 4.36, 1.15], [2.5, 3.13, 0.66], [5.29, 4.17, 0.37], [0.05, 0.31, 0.0]]","[785, 761, 743, 782, 749, 747, 770, 758, 734, 645, 731, 733, 754, 777, 779, 791, 728, 738, 793, 781, 757]",24.0
1507,1790252387795721507,307200,78305,25,23,159.1,"[25.2, 26.1, 28.6, 29.4, 29.5, 31.0, 32.6, 35.1, 35.2, 35.6, 35.8, 46.1, 81.7, 81.9, 87.0, 87.1, 88.3, 102.1, 103.6, 110.1, 127.9, 143.3, 159.1]","['NEAR', 'NEAR', 'RAIL', 'INSIDE', 'INSIDE', 'INSIDE', 'INSIDE', 'INSIDE', 'INSIDE', 'INSIDE', 'INSIDE', 'NEAR', 'OUTSIDE', 'INSIDE', 'RAIL', 'OUTSIDE', 'INSIDE', 'INSIDE', 'INSIDE', 'INSIDE', 'INSIDE', 'INSIDE', 'INSIDE']","[[0.69, 0.09, 1.37], [3.46, 0.1, 2.08], [0.26, 0.51, 0.16], [0.76, 1.47, 0.08], [0.5, 1.67, 0.04], [1.4, 1.48, 0.1], [0.15, 2.82, 0.01], [0.34, 2.74, 0.02], [1.01, 3.0, 1.15], [0.15, 1.6, 0.01], [0.12, 1.39, 0.01], [0.39, 0.81, 0.03], [1.19, 0.5, 0.73], [7.82, 5.21, 2.48], [0.18, 0.17, 0.95], [0.4, 0.36, 2.13], [0.64, 3.57, 0.19], [0.05, 3.78, 0.83], [0.05, 1.81, 0.0], [0.05, 3.65, 0.25], [13.88, 4.4, 1.3], [8.53, 4.36, 0.72], [2.97, 4.24, 0.67]]","[780, 774, 743, 739, 786, 772, 771, 782, 788, 773, 770, 762, 734, 731, 645, 733, 740, 779, 787, 766, 738, 670, 793]",23.2
1508,1790252387889673090,307200,78489,23,20,174.3,"[25.2, 25.4, 29.6, 30.9, 31.7, 34.8, 35.5, 46.1, 48.4, 81.3, 85.3, 86.8, 86.8, 88.2, 103.6, 109.8, 115.8, 146.1, 158.9, 174.3]","['NEAR', 'NEAR', 'OUTSIDE', 'RAIL', 'INSIDE', 'INSIDE', 'INSIDE', 'INSIDE', 'NEAR', 'INSIDE', 'INSIDE', 'RAIL', 'OUTSIDE', 'INSIDE', 'INSIDE', 'INSIDE', 'INSIDE', 'INSIDE', 'INSIDE', 'INSIDE']","[[0.5, 0.06, 2.08], [2.53, 0.08, 1.6], [3.36, 0.57, 2.69], [0.04, 0.17, 0.14], [0.55, 1.92, 0.05], [0.21, 2.91, 0.02], [0.37, 1.29, 0.02], [0.13, 1.86, 0.01], [0.38, 0.97, 0.04], [7.57, 5.32, 2.5], [0.03, 1.79, 0.0], [0.16, 0.4, 0.73], [0.52, 0.35, 2.13], [0.74, 3.56, 0.19], [0.34, 3.92, 0.64], [0.25, 4.01, 0.45], [0.06, 1.82, 0.0], [2.8, 4.47, 0.38], [2.93, 4.52, 0.67], [1.24, 3.34, 0.01]]","[786, 789, 774, 743, 739, 771, 782, 783, 788, 731, 645, 740, 733, 754, 787, 766, 775, 670, 793, 757]",23.1
1509,1790252388000356701,307200,78906,28,23,169.3,"[5.6, 22.2, 25.2, 30.7, 31.0, 32.4, 32.5, 35.7, 45.7, 81.4, 81.5, 86.6, 86.6, 87.4, 100.3, 101.8, 103.3, 107.4, 109.7, 117.5, 130.7, 158.1, 169.3]","['NEAR', 'NEAR', 'OUTSIDE', 'RAIL', 'INSIDE', 'INSIDE', 'INSIDE', 'INSIDE', 'OUTSIDE', 'OUTSIDE', 'INSIDE', 'RAIL', 'OUTSIDE', 'INSIDE', 'INSIDE', 'INSIDE', 'INSIDE', 'OUTSIDE', 'INSIDE', 'OUTSIDE', 'INSIDE', 'INSIDE', 'INSIDE']","[[1.48, 0.06, 1.32], [0.42, 0.04, 1.08], [0.42, 0.54, 0.24], [0.15, 0.34, 0.99], [0.49, 1.57, 0.05], [1.44, 2.99, 0.1], [0.17, 2.15, 0.01], [0.37, 2.88, 0.02], [7.99, 0.21, 2.8], [1.19, 0.49, 0.73], [7.82, 5.35, 2.46], [0.16, 0.25, 0.73], [0.41, 0.35, 2.12], [1.47, 3.66, 0.21], [0.14, 2.28, 0.0], [0.11, 3.77, 0.83], [0.2, 1.64, 0.64], [0.98, 0.37, 0.42], [0.11, 3.62, 0.25], [0.18, 0.41, 1.36], [7.29, 4.34, 1.15], [1.8, 4.23, 0.66], [2.95, 3.86, 0.37]]","[789, 780, 730, 743, 739, 772, 771, 782, 785, 734, 731, 740, 733, 754, 777, 779, 787, 791, 766, 728, 738, 793, 781]",18.5
1510,1790252388093379820,307200,79025,25,22,169.8,"[25.5, 26.5, 31.3, 33.2, 33.4, 33.7, 34.6, 35.6, 48.2, 81.1, 81.4, 86.4, 86.4, 87.7, 92.7, 101.3, 103.1, 109.6, 117.2, 130.5, 158.5, 169.8]","['NEAR', 'NEAR', 'NEAR', 'RAIL', 'INSIDE', 'INSIDE', 'INSIDE', 'INSIDE', 'INSIDE', 'OUTSIDE', 'INSIDE', 'RAIL', 'OUTSIDE', 'INSIDE', 'INSIDE', 'INSIDE', 'INSIDE', 'INSIDE', 'RAIL', 'INSIDE', 'INSIDE', 'INSIDE']","[[2.44, 0.08, 1.91], [1.35, 0.06, 1.43], [1.68, 0.09, 1.77], [0.43, 0.46, 0.23], [1.32, 1.77, 0.4], [0.12, 1.16, 0.01], [0.44, 2.19, 0.02], [0.06, 1.02, 0.01], [0.25, 1.27, 0.02], [1.16, 0.32, 0.72], [7.48, 5.05, 2.47], [0.15, 0.25, 0.73], [0.2, 0.35, 2.12], [0.63, 3.54, 0.19], [2.5, 4.08, 1.47], [0.53, 4.08, 0.83], [0.22, 1.76, 0.19], [0.09, 3.44, 0.25], [0.1, 0.22, 0.33], [7.27, 4.38, 0.9], [2.95, 4.51, 0.66], [4.32, 2.97, 0.38]]","[789, 780, 774, 743, 739, 747, 783, 788, 773, 734, 731, 740, 733, 754, 798, 779, 787, 766, 728, 738, 793, 781]",17.6
