frame,ts_ns,in_points,roi_points,raw_candidates,confirmed,max_dist,dist_list,zone_list,size_list,track_id_list,proc_ms
1,1788354623110040384,921600,95620,30,0,0.0,[],[],[],[],30.7
2,1788354623210133818,921600,95584,38,0,0.0,[],[],[],[],18.2
3,1788354623301011132,921600,95580,30,0,0.0,[],[],[],[],35.6
4,1788354623393736917,921600,95629,35,0,0.0,[],[],[],[],14.9
5,1788354623493171874,921600,95519,29,0,0.0,[],[],[],[],18.5
6,1788354623592582162,921600,95603,34,0,0.0,[],[],[],[],18.4
7,1788354623694205255,921600,95574,33,0,0.0,[],[],[],[],25.3
8,1788354623794177870,921600,95603,35,0,0.0,[],[],[],[],15.3
9,1788354623895983304,921600,95520,33,0,0.0,[],[],[],[],15.3
10,1788354624000304661,921600,95613,35,0,0.0,[],[],[],[],15.7
11,1788354624096687234,921600,95596,31,0,0.0,[],[],[],[],16.1
12,1788354624196840376,921600,95614,36,0,0.0,[],[],[],[],16.6
13,1788354624305537930,921600,95586,32,0,0.0,[],[],[],[],15.1
14,1788354624405331031,921600,95531,34,0,0.0,[],[],[],[],17.5
15,1788354624505599273,921600,95523,29,7,93.8,"[0.5, 31.2, 44.6, 46.9, 49.6, 90.9, 93.8]","['INSIDE', 'INSIDE', 'INSIDE', 'RAIL', 'RAIL', 'INSIDE', 'OUTSIDE']","[[0.99, 0.59, 1.66], [0.25, 0.17, 0.4], [0.59, 0.77, 0.67], [0.61, 0.32, 0.21], [0.11, 0.16, 0.07], [0.33, 3.29, 0.18], [1.91, 1.76, 0.01]]","[3, 4, 5, 1, 11, 26, 25]",15.7
16,1788354624601901346,921600,95575,32,11,103.7,"[0.5, 31.3, 39.8, 40.3, 44.6, 46.7, 49.1, 87.3, 94.3, 98.1, 103.7]","['INSIDE', 'INSIDE', 'INSIDE', 'NEAR', 'RAIL', 'INSIDE', 'RAIL', 'INSIDE', 'OUTSIDE', 'OUTSIDE', 'RAIL']","[[1.1, 0.09, 0.45], [1.36, 0.62, 1.66], [0.22, 0.17, 0.4], [0.83, 1.09, 0.33], [0.59, 0.33, 0.21], [1.57, 1.72, 0.08], [0.09, 0.18, 0.13], [0.38, 4.45, 1.01], [0.74, 1.14, 0.0], [0.11, 1.03, 0.0], [0.11, 1.26, 0.0]]","[10, 3, 4, 5, 1, 9, 11, 17, 25, 28, 29]",16.2
17,1788354624709686516,921600,95641,30,14,101.8,"[0.5, 31.3, 40.2, 44.6, 46.9, 49.6, 85.7, 87.3, 90.9, 93.7, 94.3, 96.3, 100.0, 101.8]","['INSIDE', 'INSIDE', 'INSIDE', 'RAIL', 'INSIDE', 'RAIL', 'NEAR', 'OUTSIDE', 'INSIDE', 'INSIDE', 'OUTSIDE', 'NEAR', 'RAIL', 'RAIL']","[[0.97, 0.66, 1.75], [0.26, 0.2, 0.4], [0.63, 0.86, 0.67], [0.62, 0.39, 0.21], [1.31, 1.57, 0.07], [0.06, 0.16, 0.12], [0.16, 0.89, 0.0], [0.1, 0.76, 0.0], [0.26, 3.29, 0.18], [0.53, 0.83, 0.0], [1.81, 1.6, 0.01], [0.02, 0.67, 0.0], [0.02, 0.87, 0.0], [0.06, 1.07, 0.0]]","[3, 4, 5, 1, 9, 11, 19, 17, 26, 27, 25, 28, 30, 29]",15.0
18,1788354624803121202,921600,95592,34,14,105.4,"[0.5, 31.3, 34.3, 39.8, 40.3, 44.6, 47.0, 49.1, 82.8, 83.7, 90.7, 94.3, 96.3, 105.4]","['INSIDE', 'INSIDE', 'INSIDE', 'NEAR', 'RAIL', 'RAIL', 'INSIDE', 'RAIL', 'OUTSIDE', 'INSIDE', 'OUTSIDE', 'OUTSIDE', 'OUTSIDE', 'RAIL']","[[1.14, 0.08, 0.45], [1.0, 0.61, 1.88], [0.22, 0.17, 0.4], [0.86, 1.09, 0.12], [1.59, 0.42, 0.69], [0.59, 0.38, 0.21], [1.55, 1.71, 0.08], [0.1, 0.16, 0.14], [0.11, 0.73, 0.0], [1.83, 4.42, 1.24], [0.78, 2.18, 0.19], [0.65, 0.81, 0.0], [0.17, 2.14, 0.19], [0.03, 1.1, 0.0]]","[10, 3, 4, 5, 8, 1, 9, 11, 12, 15, 23, 25, 28, 29]",17.1
19,1788354624895623930,921600,95639,33,22,103.6,"[0.5, 31.2, 34.4, 40.2, 40.3, 44.6, 46.9, 49.6, 82.2, 83.7, 85.5, 85.6, 87.3, 87.3, 90.9, 93.3, 93.7, 94.3, 96.3, 96.4, 100.0, 103.6]","['INSIDE', 'INSIDE', 'INSIDE', 'INSIDE', 'RAIL', 'RAIL', 'INSIDE', 'RAIL', 'INSIDE', 'OUTSIDE', 'OUTSIDE', 'NEAR', 'OUTSIDE', 'INSIDE', 'INSIDE', 'OUTSIDE', 'INSIDE', 'OUTSIDE', 'OUTSIDE', 'INSIDE', 'RAIL', 'RAIL']","[[0.26, 0.12, 0.52], [1.02, 0.65, 1.88], [0.28, 0.22, 0.41], [0.71, 0.94, 0.68], [1.39, 0.39, 0.62], [0.67, 0.33, 0.21], [1.67, 1.73, 0.09], [0.1, 0.15, 0.12], [0.66, 3.71, 1.24], [0.24, 0.74, 0.0], [0.14, 2.04, 0.17], [0.18, 1.19, 0.0], [0.1, 0.92, 0.0], [0.47, 3.22, 0.61], [0.32, 3.29, 0.18], [1.26, 1.17, 0.01], [0.65, 0.99, 0.0], [1.79, 1.44, 0.01], [0.02, 1.01, 0.0], [0.16, 1.01, 0.0], [0.05, 1.05, 0.0], [0.09, 1.08, 0.0]]","[10, 3, 4, 5, 8, 1, 9, 11, 15, 12, 16, 19, 17, 21, 26, 22, 27, 25, 28, 34, 30, 29]",16.1
20,1788354624996868725,921600,95581,34,20,103.6,"[0.5, 31.3, 34.3, 39.8, 40.3, 44.6, 46.9, 49.3, 82.2, 83.8, 85.5, 85.7, 87.4, 89.1, 90.9, 93.6, 94.3, 96.3, 96.4, 103.6]","['INSIDE', 'INSIDE', 'INSIDE', 'NEAR', 'RAIL', 'RAIL', 'INSIDE', 'RAIL', 'INSIDE', 'INSIDE', 'OUTSIDE', 'OUTSIDE', 'INSIDE', 'INSIDE', 'NEAR', 'INSIDE', 'OUTSIDE', 'OUTSIDE', 'INSIDE', 'RAIL']","[[1.12, 0.09, 0.45], [0.91, 0.61, 1.66], [0.25, 0.2, 0.4], [1.36, 1.16, 0.13], [1.59, 0.4, 0.69], [0.55, 0.33, 0.21], [1.57, 1.71, 0.08], [0.06, 0.18, 0.12], [0.59, 2.82, 1.07], [0.28, 2.88, 0.16], [0.17, 2.34, 0.17], [0.14, 0.74, 0.0], [0.56, 3.74, 0.84], [0.4, 2.96, 0.18], [0.32, 1.42, 0.0], [2.09, 4.23, 0.2], [0.75, 1.13, 0.0], [0.16, 2.31, 0.19], [0.04, 1.01, 0.0], [0.06, 1.27, 0.0]]","[10, 3, 4, 5, 8, 1, 9, 11, 15, 12, 16, 19, 21, 24, 23, 27, 25, 28, 34, 29]",31.6
21,1788354625096075341,921600,95563,33,20,103.6,"[0.5, 31.3, 34.6, 40.3, 44.6, 46.1, 46.9, 49.6, 82.8, 85.5, 85.6, 87.3, 89.1, 91.0, 93.6, 93.8, 96.3, 96.4, 98.1, 103.6]","['INSIDE', 'INSIDE', 'INSIDE', 'RAIL', 'RAIL', 'INSIDE', 'INSIDE', 'RAIL', 'INSIDE', 'OUTSIDE', 'NEAR', 'INSIDE', 'INSIDE', 'INSIDE', 'INSIDE', 'OUTSIDE', 'NEAR', 'INSIDE', 'OUTSIDE', 'RAIL']","[[0.94, 0.6, 1.66], [0.26, 0.22, 0.4], [0.57, 0.68, 0.67], [0.58, 0.32, 0.21], [0.99, 0.25, 0.62], [1.38, 1.58, 0.07], [0.76, 0.82, 0.03], [0.11, 0.16, 0.13], [1.96, 4.14, 1.24], [0.15, 2.04, 0.17], [0.04, 0.9, 0.0], [0.27, 1.57, 0.61], [0.5, 3.08, 0.18], [0.23, 2.98, 0.18], [1.95, 3.73, 0.2], [1.81, 1.6, 0.01], [0.03, 1.01, 0.0], [0.04, 0.84, 0.0], [0.06, 1.2, 0.0], [0.07, 1.27, 0.0]]","[3, 4, 5, 1, 8, 9, 2, 11, 12, 16, 19, 21, 24, 26, 27, 25, 28, 34, 35, 29]",31.3
22,1788354625198532267,921600,95644,34,22,103.7,"[0.5, 31.3, 34.3, 34.5, 39.8, 40.1, 42.1, 43.4, 44.6, 46.8, 49.3, 82.2, 83.5, 85.6, 87.3, 93.4, 94.3, 96.4, 98.1, 98.2, 103.5, 103.7]","['INSIDE', 'INSIDE', 'INSIDE', 'INSIDE', 'NEAR', 'RAIL', 'RAIL', 'RAIL', 'INSIDE', 'INSIDE', 'RAIL', 'INSIDE', 'INSIDE', 'OUTSIDE', 'NEAR', 'INSIDE', 'OUTSIDE', 'OUTSIDE', 'NEAR', 'INSIDE', 'NEAR', 'RAIL']","[[1.13, 2.02, 2.38], [1.1, 0.11, 0.45], [1.22, 0.6, 1.88], [0.22, 0.17, 0.3], [0.64, 1.16, 0.57], [0.22, 0.08, 0.25], [1.59, 0.41, 0.69], [0.56, 0.33, 0.26], [1.77, 1.7, 0.09], [0.92, 0.9, 0.04], [0.07, 0.17, 0.06], [0.56, 4.71, 1.24], [0.45, 2.58, 0.39], [0.11, 0.89, 0.0], [0.21, 0.91, 0.0], [1.41, 1.45, 0.01], [0.67, 0.81, 0.0], [0.04, 1.01, 0.0], [0.07, 0.86, 0.0], [0.02, 0.86, 0.0], [0.03, 0.72, 0.0], [0.05, 0.72, 0.0]]","[31, 10, 3, 4, 5, 9, 8, 1, 41, 2, 11, 15, 12, 19, 21, 33, 25, 34, 35, 36, 38, 29]",15.4
23,1788354625300141499,921600,95505,40,28,103.6,"[0.5, 31.3, 34.3, 34.5, 36.5, 40.2, 43.4, 44.6, 47.0, 49.6, 83.0, 85.5, 85.6, 87.3, 87.3, 89.1, 91.0, 91.0, 93.6, 93.6, 93.8, 96.3, 96.4, 98.0, 98.2, 101.7, 103.6, 103.6]","['INSIDE', 'INSIDE', 'INSIDE', 'INSIDE', 'RAIL', 'RAIL', 'INSIDE', 'INSIDE', 'INSIDE', 'RAIL', 'INSIDE', 'OUTSIDE', 'OUTSIDE', 'OUTSIDE', 'INSIDE', 'INSIDE', 'INSIDE', 'NEAR', 'OUTSIDE', 'INSIDE', 'OUTSIDE', 'OUTSIDE', 'INSIDE', 'OUTSIDE', 'INSIDE', 'RAIL', 'OUTSIDE', 'RAIL']","[[1.1, 2.01, 2.38], [0.96, 0.61, 1.88], [0.23, 0.17, 0.4], [0.64, 0.6, 0.34], [1.6, 0.42, 0.69], [0.58, 0.39, 0.21], [1.33, 1.57, 0.07], [1.2, 1.2, 0.05], [1.07, 1.42, 0.07], [0.12, 0.14, 0.07], [2.18, 4.14, 1.24], [0.16, 2.49, 0.17], [0.14, 0.89, 0.0], [0.09, 0.92, 0.0], [0.36, 1.88, 0.61], [0.38, 2.67, 0.37], [0.13, 0.8, 0.0], [0.15, 1.11, 0.0], [1.87, 1.84, 0.01], [2.0, 2.12, 0.01], [1.82, 1.27, 0.01], [0.14, 2.14, 0.19], [0.09, 0.84, 0.0], [0.26, 1.2, 0.0], [0.05, 0.86, 0.0], [0.31, 0.9, 0.29], [0.19, 1.09, 0.0], [0.07, 1.27, 0.0]]","[31, 3, 4, 5, 8, 1, 41, 2, 10, 11, 12, 16, 19, 17, 21, 24, 26, 23, 22, 33, 25, 28, 34, 35, 36, 38, 40, 29]",16.8
24,1788354625400689306,921600,95504,33,21,103.7,"[0.5, 31.3, 34.3, 34.6, 36.7, 40.2, 43.4, 44.6, 46.9, 49.4, 82.9, 87.4, 89.3, 91.0, 93.5, 96.5, 98.1, 98.3, 101.7, 103.5, 103.7]","['INSIDE', 'INSIDE', 'INSIDE', 'NEAR', 'RAIL', 'RAIL', 'INSIDE', 'INSIDE', 'INSIDE', 'RAIL', 'INSIDE', 'NEAR', 'INSIDE', 'INSIDE', 'INSIDE', 'OUTSIDE', 'NEAR', 'INSIDE', 'INSIDE', 'NEAR', 'RAIL']","[[1.17, 2.01, 2.38], [1.16, 0.61, 1.88], [0.18, 0.17, 0.3], [0.55, 1.17, 0.57], [1.57, 0.37, 0.62], [0.63, 0.32, 0.25], [1.87, 1.71, 0.1], [0.95, 0.9, 0.04], [1.24, 1.44, 0.08], [0.06, 0.17, 0.11], [1.82, 3.71, 0.39], [0.08, 0.91, 0.0], [0.89, 1.59, 0.18], [0.19, 2.98, 0.18], [1.49, 1.45, 0.01], [0.16, 1.18, 0.0], [0.13, 1.03, 0.0], [0.2, 1.2, 0.0], [0.1, 1.07, 0.0], [0.06, 0.9, 0.0], [0.09, 1.08, 0.0]]","[31, 3, 4, 5, 8, 1, 41, 2, 10, 11, 12, 21, 24, 23, 33, 34, 35, 36, 38, 40, 29]",15.3
25,1788354625493345046,921600,95612,35,28,103.5,"[0.5, 31.3, 34.6, 34.6, 40.2, 43.1, 44.6, 46.1, 46.9, 49.6, 80.2, 82.2, 83.7, 85.5, 85.6, 87.3, 87.3, 89.1, 90.9, 92.7, 93.6, 93.7, 96.3, 96.4, 98.1, 101.7, 101.9, 103.5]","['INSIDE', 'INSIDE', 'INSIDE', 'INSIDE', 'RAIL', 'RAIL', 'INSIDE', 'INSIDE', 'INSIDE', 'RAIL', 'NEAR', 'INSIDE', 'OUTSIDE', 'OUTSIDE', 'NEAR', 'OUTSIDE', 'INSIDE', 'INSIDE', 'INSIDE', 'INSIDE', 'OUTSIDE', 'OUTSIDE', 'NEAR', 'INSIDE', 'OUTSIDE', 'INSIDE', 'RAIL', 'OUTSIDE']","[[1.19, 2.13, 2.39], [0.96, 0.65, 1.88], [0.25, 0.17, 0.4], [0.68, 0.77, 0.67], [1.02, 0.33, 0.55], [0.6, 0.33, 0.21], [1.4, 1.58, 0.07], [1.89, 1.33, 0.08], [0.74, 0.82, 0.03], [0.09, 0.16, 0.06], [0.15, 0.84, 0.0], [0.65, 3.85, 1.24], [0.21, 0.74, 0.0], [0.14, 2.19, 0.17], [0.03, 0.9, 0.0], [0.1, 0.92, 0.0], [0.24, 1.57, 0.61], [0.38, 2.92, 0.37], [0.3, 3.13, 0.18], [0.28, 0.65, 0.0], [1.93, 2.43, 0.19], [1.83, 1.6, 0.01], [0.02, 0.84, 0.0], [0.08, 1.01, 0.0], [0.06, 1.03, 0.0], [0.02, 0.71, 0.0], [0.04, 0.89, 0.0], [0.09, 1.09, 0.0]]","[31, 3, 4, 5, 8, 1, 41, 2, 9, 11, 15, 12, 16, 17, 19, 20, 21, 24, 23, 33, 22, 25, 28, 34, 35, 38, 29, 40]",15.5
26,1788354625595133098,921600,95560,33,25,107.2,"[0.5, 31.3, 34.3, 34.5, 36.6, 40.2, 44.6, 46.7, 49.3, 81.0, 81.9, 85.6, 87.3, 89.1, 90.0, 93.7, 94.4, 96.4, 98.1, 98.3, 100.0, 101.8, 103.6, 105.3, 107.2]","['INSIDE', 'INSIDE', 'INSIDE', 'NEAR', 'RAIL', 'RAIL', 'INSIDE', 'INSIDE', 'RAIL', 'OUTSIDE', 'INSIDE', 'OUTSIDE', 'NEAR', 'OUTSIDE', 'INSIDE', 'INSIDE', 'OUTSIDE', 'OUTSIDE', 'NEAR', 'INSIDE', 'INSIDE', 'INSIDE', 'NEAR', 'OUTSIDE', 'RAIL']","[[1.13, 2.02, 2.38], [1.23, 0.68, 1.66], [0.24, 0.18, 0.4], [0.6, 1.1, 0.33], [1.58, 0.37, 0.69], [0.58, 0.38, 0.21], [1.32, 1.56, 0.07], [1.21, 1.54, 0.08], [0.07, 0.19, 0.05], [0.02, 0.43, 0.0], [5.6, 5.67, 1.37], [0.1, 0.89, 0.0], [0.41, 1.21, 0.0], [0.11, 0.94, 0.0], [2.12, 3.29, 0.36], [1.85, 2.12, 0.01], [0.54, 0.81, 0.0], [0.04, 1.01, 0.0], [0.08, 1.03, 0.0], [0.3, 1.03, 0.0], [0.19, 1.05, 0.0], [0.27, 0.71, 0.0], [0.08, 1.09, 0.0], [0.07, 1.1, 0.0], [0.03, 0.75, 0.0]]","[31, 3, 4, 5, 8, 1, 41, 10, 11, 16, 12, 19, 21, 20, 24, 33, 25, 34, 35, 36, 44, 38, 40, 46, 29]",19.0
27,1788354625699054533,921600,95622,31,27,109.0,"[0.5, 31.2, 34.6, 34.6, 40.2, 43.1, 44.6, 46.1, 46.9, 49.6, 82.8, 83.5, 85.5, 85.6, 87.2, 87.3, 89.2, 90.9, 92.7, 93.6, 93.7, 96.3, 96.4, 98.1, 101.8, 103.5, 109.0]","['INSIDE', 'INSIDE', 'INSIDE', 'INSIDE', 'RAIL', 'RAIL', 'INSIDE', 'INSIDE', 'INSIDE', 'RAIL', 'OUTSIDE', 'INSIDE', 'OUTSIDE', 'NEAR', 'OUTSIDE', 'INSIDE', 'INSIDE', 'INSIDE', 'INSIDE', 'OUTSIDE', 'OUTSIDE', 'NEAR', 'INSIDE', 'OUTSIDE', 'NEAR', 'OUTSIDE', 'RAIL']","[[1.19, 2.14, 2.39], [0.97, 0.65, 1.66], [0.26, 0.22, 0.4], [0.69, 0.77, 0.67], [0.62, 0.33, 0.21], [0.99, 0.32, 0.62], [1.34, 1.57, 0.07], [1.9, 1.33, 0.08], [0.74, 0.82, 0.03], [0.08, 0.16, 0.04], [0.37, 0.59, 0.0], [1.95, 3.85, 1.24], [0.15, 2.19, 0.17], [0.06, 0.75, 0.0], [0.09, 0.76, 0.0], [0.27, 1.57, 0.61], [0.32, 3.08, 0.18], [0.26, 2.98, 0.18], [0.29, 0.65, 0.0], [1.88, 2.43, 0.19], [1.82, 1.6, 0.01], [0.04, 1.01, 0.0], [0.03, 0.84, 0.0], [0.14, 1.03, 0.0], [0.08, 1.07, 0.0], [0.06, 0.9, 0.0], [0.01, 0.95, 0.0]]","[31, 3, 4, 5, 1, 8, 41, 2, 9, 11, 16, 12, 17, 19, 20, 21, 24, 23, 33, 22, 25, 28, 34, 35, 38, 40, 29]",15.7
28,1788354625796947029,921600,95518,28,24,105.4,"[0.5, 31.3, 34.3, 34.5, 36.6, 40.1, 43.4, 44.6, 46.8, 49.3, 81.0, 85.6, 87.4, 88.9, 93.4, 94.5, 96.4, 98.2, 98.2, 99.8, 101.7, 103.5, 105.3, 105.4]","['INSIDE', 'INSIDE', 'INSIDE', 'NEAR', 'RAIL', 'RAIL', 'INSIDE', 'INSIDE', 'INSIDE', 'RAIL', 'INSIDE', 'OUTSIDE', 'NEAR', 'OUTSIDE', 'INSIDE', 'OUTSIDE', 'OUTSIDE', 'NEAR', 'INSIDE', 'OUTSIDE', 'INSIDE', 'NEAR', 'OUTSIDE', 'RAIL']","[[1.14, 2.01, 2.38], [1.19, 0.6, 1.88], [0.22, 0.17, 0.3], [0.55, 1.1, 0.12], [1.58, 0.4, 0.62], [0.57, 0.38, 0.26], [1.78, 1.7, 0.09], [0.93, 0.9, 0.04], [1.22, 1.44, 0.08], [0.09, 0.17, 0.13], [5.53, 5.65, 1.37], [0.11, 0.89, 0.0], [0.36, 1.21, 0.0], [0.41, 1.25, 0.0], [1.33, 1.45, 0.01], [0.63, 0.97, 0.0], [0.04, 1.01, 0.0], [0.12, 0.86, 0.0], [0.02, 0.86, 0.0], [0.18, 1.22, 0.0], [0.08, 0.53, 0.0], [0.06, 0.9, 0.0], [0.04, 0.92, 0.0], [0.04, 1.1, 0.0]]","[31, 3, 4, 5, 8, 1, 41, 2, 10, 11, 15, 19, 21, 20, 33, 25, 34, 35, 36, 37, 38, 40, 46, 29]",18.9
29,1788354625896938022,921600,95657,32,27,105.3,"[0.5, 31.3, 34.6, 34.6, 40.2, 43.1, 44.6, 46.1, 46.9, 49.6, 82.8, 85.5, 85.6, 87.3, 87.3, 89.1, 91.0, 92.7, 93.6, 93.8, 94.3, 96.3, 96.4, 98.1, 101.7, 103.5, 105.3]","['INSIDE', 'INSIDE', 'INSIDE', 'INSIDE', 'RAIL', 'RAIL', 'INSIDE', 'INSIDE', 'INSIDE', 'RAIL', 'INSIDE', 'OUTSIDE', 'NEAR', 'OUTSIDE', 'INSIDE', 'INSIDE', 'INSIDE', 'INSIDE', 'OUTSIDE', 'INSIDE', 'OUTSIDE', 'NEAR', 'INSIDE', 'OUTSIDE', 'RAIL', 'OUTSIDE', 'OUTSIDE']","[[1.17, 2.14, 2.39], [0.94, 0.59, 1.66], [0.27, 0.24, 0.4], [0.54, 0.69, 0.67], [0.96, 0.33, 0.62], [0.56, 0.38, 0.21], [1.4, 1.58, 0.07], [1.86, 1.34, 0.08], [0.78, 0.82, 0.03], [0.08, 0.16, 0.06], [2.01, 4.14, 1.24], [0.16, 1.74, 0.17], [0.01, 0.75, 0.0], [0.13, 0.77, 0.0], [0.27, 1.57, 0.61], [0.41, 2.92, 0.18], [0.24, 2.98, 0.18], [0.22, 0.65, 0.0], [1.73, 1.51, 0.01], [0.62, 0.83, 0.0], [1.89, 1.6, 0.01], [0.05, 1.01, 0.0], [0.04, 1.01, 0.0], [0.1, 1.03, 0.0], [0.36, 1.26, 0.29], [0.07, 1.09, 0.0], [0.02, 0.55, 0.0]]","[31, 3, 4, 5, 8, 1, 41, 2, 9, 11, 12, 17, 19, 20, 21, 24, 23, 33, 22, 27, 25, 28, 34, 35, 38, 40, 46]",16.1
30,1788354625996831513,921600,95561,38,26,105.4,"[0.5, 31.3, 34.3, 34.5, 36.6, 42.1, 43.4, 44.6, 46.8, 49.3, 82.8, 85.6, 87.5, 89.1, 89.3, 90.9, 93.4, 94.3, 96.4, 98.1, 98.2, 99.9, 101.7, 103.5, 105.3, 105.4]","['INSIDE', 'INSIDE', 'INSIDE', 'NEAR', 'RAIL', 'RAIL', 'RAIL', 'INSIDE', 'INSIDE', 'RAIL', 'INSIDE', 'OUTSIDE', 'NEAR', 'OUTSIDE', 'INSIDE', 'INSIDE', 'INSIDE', 'OUTSIDE', 'OUTSIDE', 'NEAR', 'INSIDE', 'OUTSIDE', 'RAIL', 'NEAR', 'OUTSIDE', 'RAIL']","[[1.14, 2.01, 2.39], [1.23, 0.6, 1.88], [0.2, 0.22, 0.29], [0.64, 1.16, 0.57], [0.22, 0.08, 0.25], [0.6, 0.33, 0.21], [1.6, 0.4, 0.62], [0.94, 0.9, 0.04], [1.24, 1.44, 0.08], [0.08, 0.17, 0.12], [1.84, 3.43, 1.24], [0.2, 1.19, 0.0], [0.41, 1.21, 0.0], [0.08, 0.62, 0.0], [0.81, 3.11, 0.18], [0.26, 3.14, 0.18], [1.33, 1.45, 0.01], [0.68, 0.48, 0.0], [0.03, 1.01, 0.0], [0.11, 1.03, 0.0], [0.03, 0.86, 0.0], [0.17, 1.05, 0.0], [0.34, 0.54, 0.29], [0.03, 1.08, 0.0], [0.04, 1.1, 0.0], [0.07, 1.29, 0.0]]","[31, 3, 4, 5, 41, 1, 8, 2, 10, 11, 12, 19, 21, 20, 24, 23, 33, 25, 34, 35, 36, 37, 38, 40, 46, 29]",16.2
31,1788354626093138170,921600,95590,31,25,103.5,"[0.5, 31.2, 34.4, 42.8, 44.6, 45.9, 46.9, 49.6, 82.8, 83.3, 83.6, 85.5, 85.6, 87.3, 87.3, 89.2, 90.9, 93.3, 93.7, 94.3, 96.3, 98.1, 101.8, 101.8, 103.5]","['INSIDE', 'INSIDE', 'INSIDE', 'RAIL', 'RAIL', 'INSIDE', 'INSIDE', 'RAIL', 'OUTSIDE', 'INSIDE', 'OUTSIDE', 'OUTSIDE', 'INSIDE', 'OUTSIDE', 'INSIDE', 'OUTSIDE', 'INSIDE', 'OUTSIDE', 'INSIDE', 'OUTSIDE', 'OUTSIDE', 'OUTSIDE', 'NEAR', 'RAIL', 'OUTSIDE']","[[0.95, 0.65, 1.75], [0.25, 0.17, 0.4], [0.51, 0.77, 0.67], [1.38, 0.38, 0.62], [0.66, 0.38, 0.21], [1.39, 0.88, 0.06], [0.65, 0.82, 0.03], [0.08, 0.19, 0.12], [0.32, 0.89, 0.0], [1.89, 2.53, 1.07], [0.8, 1.18, 0.01], [0.17, 1.89, 0.17], [0.15, 1.04, 0.0], [0.15, 0.92, 0.0], [0.45, 3.06, 0.61], [0.09, 0.93, 0.0], [0.37, 3.29, 0.18], [1.33, 1.34, 0.01], [0.68, 0.99, 0.0], [1.85, 1.76, 0.01], [0.04, 1.01, 0.0], [0.06, 1.03, 0.0], [0.06, 1.07, 0.0], [0.02, 1.07, 0.0], [0.02, 1.08, 0.0]]","[3, 4, 5, 8, 1, 2, 9, 11, 16, 12, 19, 17, 21, 20, 24, 23, 26, 22, 27, 25, 28, 35, 38, 48, 40]",15.7
32,1788354626196003597,921600,95695,31,25,105.4,"[0.5, 31.3, 34.3, 34.5, 36.5, 43.5, 44.6, 46.9, 49.3, 82.8, 85.7, 87.3, 89.1, 90.7, 93.3, 93.6, 94.3, 96.4, 98.1, 98.2, 99.9, 101.6, 103.5, 103.6, 105.4]","['INSIDE', 'INSIDE', 'INSIDE', 'NEAR', 'RAIL', 'RAIL', 'INSIDE', 'INSIDE', 'RAIL', 'INSIDE', 'OUTSIDE', 'INSIDE', 'OUTSIDE', 'OUTSIDE', 'OUTSIDE', 'INSIDE', 'OUTSIDE', 'INSIDE', 'OUTSIDE', 'INSIDE', 'OUTSIDE', 'RAIL', 'OUTSIDE', 'RAIL', 'RAIL']","[[1.14, 2.01, 2.38], [0.92, 0.61, 1.66], [0.22, 0.17, 0.4], [1.3, 1.17, 0.35], [1.59, 0.38, 0.69], [0.57, 0.33, 0.21], [1.5, 1.35, 0.06], [1.11, 1.42, 0.07], [0.07, 0.16, 0.13], [1.86, 4.42, 1.24], [0.2, 0.74, 0.0], [0.45, 3.9, 0.84], [0.09, 0.63, 0.0], [0.79, 2.02, 0.19], [2.0, 2.0, 0.02], [1.35, 1.13, 0.01], [0.66, 0.81, 0.0], [0.07, 1.01, 0.0], [0.16, 1.03, 0.0], [0.06, 0.86, 0.0], [0.11, 0.87, 0.0], [0.25, 0.72, 0.29], [0.08, 1.09, 0.0], [0.07, 1.08, 0.0], [0.07, 1.29, 0.0]]","[31, 3, 4, 5, 8, 1, 2, 10, 11, 12, 21, 24, 20, 23, 22, 33, 25, 34, 35, 36, 37, 38, 40, 48, 29]",15.1
33,1788354626296154050,921600,95614,30,27,103.6,"[0.5, 31.2, 34.3, 34.5, 40.2, 42.6, 44.6, 45.7, 46.9, 49.5, 82.9, 85.5, 85.6, 87.3, 89.1, 89.2, 90.9, 91.0, 93.5, 96.3, 96.4, 98.0, 100.0, 100.1, 101.7, 101.9, 103.6]","['INSIDE', 'INSIDE', 'INSIDE', 'INSIDE', 'INSIDE', 'RAIL', 'RAIL', 'INSIDE', 'INSIDE', 'RAIL', 'INSIDE', 'OUTSIDE', 'INSIDE', 'OUTSIDE', 'INSIDE', 'NEAR', 'INSIDE', 'INSIDE', 'INSIDE', 'OUTSIDE', 'INSIDE', 'OUTSIDE', 'INSIDE', 'RAIL', 'OUTSIDE', 'RAIL', 'RAIL']","[[0.97, 1.53, 2.37], [0.36, 0.11, 0.53], [1.0, 0.65, 1.67], [0.28, 0.2, 0.4], [0.8, 1.02, 0.67], [1.55, 0.4, 0.62], [0.75, 0.33, 0.21], [1.22, 0.87, 0.05], [0.53, 0.81, 0.02], [0.09, 0.16, 0.07], [1.99, 4.86, 1.09], [0.17, 1.59, 0.17], [0.13, 1.19, 0.0], [0.12, 0.77, 0.0], [0.37, 1.24, 0.37], [0.04, 0.93, 0.0], [0.19, 1.11, 0.0], [0.09, 0.79, 0.0], [2.03, 3.23, 0.19], [0.02, 0.67, 0.0], [0.05, 0.84, 0.0], [0.12, 0.86, 0.0], [0.09, 1.05, 0.0], [0.06, 0.7, 0.0], [0.03, 1.07, 0.0], [0.07, 1.24, 0.0], [0.04, 1.27, 0.0]]","[31, 45, 3, 4, 5, 8, 1, 2, 9, 11, 12, 17, 21, 20, 24, 23, 26, 33, 27, 28, 34, 35, 44, 47, 38, 48, 29]",16.4
34,1788354626393924846,921600,95595,38,31,105.3,"[0.5, 31.3, 34.5, 34.6, 38.0, 38.1, 43.1, 44.6, 46.1, 46.9, 49.6, 82.9, 83.6, 85.5, 85.6, 87.3, 87.3, 89.2, 90.9, 92.8, 93.5, 93.7, 94.3, 96.3, 96.4, 98.1, 101.8, 101.8, 103.5, 103.6, 105.3]","['INSIDE', 'INSIDE', 'INSIDE', 'INSIDE', 'RAIL', 'RAIL', 'INSIDE', 'INSIDE', 'INSIDE', 'INSIDE', 'RAIL', 'OUTSIDE', 'INSIDE', 'INSIDE', 'NEAR', 'OUTSIDE', 'INSIDE', 'INSIDE', 'INSIDE', 'INSIDE', 'OUTSIDE', 'INSIDE', 'OUTSIDE', 'INSIDE', 'INSIDE', 'OUTSIDE', 'NEAR', 'RAIL', 'OUTSIDE', 'RAIL', 'OUTSIDE']","[[1.22, 2.14, 2.39], [0.97, 0.62, 1.75], [0.26, 0.17, 0.4], [0.75, 1.11, 0.67], [1.28, 0.26, 0.61], [0.58, 0.33, 0.21], [1.05, 0.64, 0.05], [0.23, 0.93, 0.01], [1.76, 1.34, 0.07], [0.84, 0.82, 0.04], [0.12, 0.19, 0.06], [0.24, 0.59, 0.0], [2.15, 4.14, 1.24], [0.08, 0.6, 0.0], [0.06, 1.05, 0.0], [0.11, 1.07, 0.0], [0.27, 1.72, 0.61], [0.25, 2.92, 0.18], [0.11, 0.95, 0.0], [0.13, 0.81, 0.0], [1.86, 1.67, 0.01], [0.53, 0.5, 0.0], [1.81, 1.27, 0.01], [0.03, 1.01, 0.0], [0.05, 1.01, 0.0], [0.05, 1.03, 0.0], [0.19, 1.07, 0.0], [0.05, 0.71, 0.0], [0.05, 1.09, 0.0], [0.04, 1.08, 0.0], [0.03, 0.55, 0.0]]","[31, 3, 4, 5, 8, 1, 45, 10, 2, 9, 11, 16, 12, 17, 21, 20, 23, 24, 26, 33, 22, 27, 25, 28, 34, 35, 38, 48, 40, 29, 46]",15.5
35,1788354626501597902,921600,95693,29,24,101.9,"[0.5, 33.3, 34.3, 34.4, 38.1, 40.1, 42.5, 44.6, 45.7, 47.0, 49.4, 79.2, 82.8, 85.5, 85.6, 87.2, 89.1, 90.9, 93.5, 96.3, 100.0, 100.0, 101.7, 101.9]","['INSIDE', 'INSIDE', 'INSIDE', 'INSIDE', 'INSIDE', 'RAIL', 'INSIDE', 'INSIDE', 'INSIDE', 'INSIDE', 'RAIL', 'INSIDE', 'INSIDE', 'OUTSIDE', 'OUTSIDE', 'OUTSIDE', 'INSIDE', 'NEAR', 'INSIDE', 'OUTSIDE', 'NEAR', 'RAIL', 'OUTSIDE', 'RAIL']","[[0.88, 1.41, 2.36], [0.48, 0.1, 0.6], [1.24, 0.65, 1.89], [0.29, 0.17, 0.41], [0.93, 1.02, 0.68], [1.53, 0.4, 0.62], [1.75, 2.61, 0.65], [0.7, 1.72, 0.04], [1.14, 0.87, 0.05], [0.98, 0.98, 0.04], [0.06, 0.17, 0.07], [1.83, 2.97, 0.87], [1.95, 4.38, 1.07], [0.14, 1.74, 0.17], [0.18, 2.36, 0.17], [0.11, 0.76, 0.0], [0.38, 3.23, 0.37], [0.08, 0.79, 0.0], [2.1, 3.23, 0.19], [0.05, 0.84, 0.0], [0.09, 1.05, 0.0], [0.06, 0.87, 0.0], [0.02, 0.89, 0.0], [0.06, 1.07, 0.0]]","[31, 45, 3, 4, 5, 8, 39, 10, 2, 9, 11, 15, 12, 17, 21, 20, 24, 26, 22, 28, 44, 47, 38, 48]",16.2
36,1788354626598062969,921600,95606,36,31,103.6,"[0.5, 31.2, 34.4, 34.7, 40.2, 40.3, 42.8, 44.6, 45.9, 46.9, 49.6, 82.8, 83.4, 83.6, 85.5, 85.7, 87.3, 87.3, 89.3, 90.9, 93.2, 93.7, 94.2, 96.3, 96.4, 98.1, 100.0, 100.0, 101.6, 101.8, 103.6]","['INSIDE', 'INSIDE', 'INSIDE', 'INSIDE', 'INSIDE', 'RAIL', 'RAIL', 'INSIDE', 'INSIDE', 'INSIDE', 'RAIL', 'OUTSIDE', 'INSIDE', 'OUTSIDE', 'OUTSIDE', 'NEAR', 'OUTSIDE', 'INSIDE', 'OUTSIDE', 'INSIDE', 'OUTSIDE', 'INSIDE', 'OUTSIDE', 'OUTSIDE', 'INSIDE', 'OUTSIDE', 'INSIDE', 'RAIL', 'RAIL', 'RAIL', 'RAIL']","[[1.35, 2.27, 2.4], [1.01, 0.65, 1.75], [0.28, 0.12, 0.53], [0.25, 0.24, 0.4], [0.53, 0.86, 0.67], [1.36, 0.36, 0.62], [0.7, 0.32, 0.21], [1.66, 1.73, 0.09], [1.37, 0.88, 0.06], [0.63, 0.82, 0.03], [0.07, 0.16, 0.1], [0.32, 0.74, 0.0], [1.92, 3.85, 1.24], [0.65, 1.47, 0.01], [0.16, 2.04, 0.17], [0.19, 1.19, 0.0], [0.09, 0.92, 0.0], [0.46, 3.22, 0.61], [0.11, 0.93, 0.0], [0.24, 3.13, 0.18], [1.51, 1.5, 0.01], [0.65, 0.99, 0.0], [1.76, 1.28, 0.01], [0.04, 1.01, 0.0], [0.14, 0.84, 0.0], [0.02, 0.86, 0.0], [0.12, 0.7, 0.0], [0.02, 0.87, 0.0], [0.22, 1.43, 0.29], [0.04, 1.24, 0.0], [0.09, 1.27, 0.0]]","[31, 3, 45, 4, 5, 8, 1, 49, 2, 9, 11, 16, 12, 19, 17, 21, 20, 23, 24, 26, 22, 27, 25, 28, 34, 35, 44, 47, 38, 48, 29]",16.2
37,1788354626705148268,921600,95559,31,27,101.8,"[0.5, 31.0, 33.3, 34.3, 34.4, 38.0, 40.0, 40.2, 42.5, 44.6, 46.5, 47.0, 49.3, 82.8, 83.7, 85.5, 85.5, 87.2, 89.1, 90.9, 92.7, 93.6, 94.3, 96.3, 100.0, 100.0, 101.8]","['INSIDE', 'INSIDE', 'INSIDE', 'INSIDE', 'INSIDE', 'RAIL', 'RAIL', 'INSIDE', 'INSIDE', 'INSIDE', 'INSIDE', 'OUTSIDE', 'RAIL', 'INSIDE', 'INSIDE', 'OUTSIDE', 'INSIDE', 'OUTSIDE', 'INSIDE', 'NEAR', 'OUTSIDE', 'INSIDE', 'INSIDE', 'OUTSIDE', 'NEAR', 'RAIL', 'RAIL']","[[0.88, 1.41, 2.36], [0.54, 0.25, 0.6], [1.27, 0.66, 1.89], [0.29, 0.2, 0.41], [0.88, 1.02, 0.67], [1.56, 0.42, 0.62], [0.97, 0.32, 0.21], [1.06, 1.86, 0.64], [0.76, 1.71, 0.04], [1.49, 1.59, 0.08], [1.09, 0.87, 0.05], [2.7, 2.38, 0.12], [0.08, 0.18, 0.12], [0.14, 0.73, 0.0], [1.97, 5.34, 1.07], [0.14, 0.9, 0.0], [0.26, 1.04, 0.0], [0.13, 0.92, 0.0], [0.33, 3.23, 0.18], [0.23, 1.12, 0.0], [0.1, 0.81, 0.0], [1.79, 4.23, 0.2], [0.53, 0.49, 0.0], [0.07, 0.84, 0.0], [0.22, 1.23, 0.0], [0.16, 1.22, 0.0], [0.03, 1.24, 0.0]]","[31, 45, 3, 4, 5, 8, 1, 39, 10, 49, 2, 9, 11, 12, 19, 17, 21, 20, 24, 26, 22, 33, 25, 28, 44, 47, 48]",16.6
38,1788354626799879030,921600,95679,32,30,103.6,"[0.5, 31.2, 34.4, 34.6, 40.3, 40.4, 42.8, 44.6, 45.9, 46.9, 49.6, 82.8, 83.6, 85.6, 85.6, 87.2, 87.3, 89.1, 91.0, 92.6, 93.6, 93.7, 96.3, 96.4, 98.1, 100.1, 101.7, 101.8, 103.5, 103.6]","['INSIDE', 'INSIDE', 'INSIDE', 'INSIDE', 'INSIDE', 'RAIL', 'RAIL', 'INSIDE', 'INSIDE', 'INSIDE', 'RAIL', 'INSIDE', 'OUTSIDE', 'OUTSIDE', 'NEAR', 'OUTSIDE', 'INSIDE', 'INSIDE', 'INSIDE', 'INSIDE', 'OUTSIDE', 'OUTSIDE', 'NEAR', 'INSIDE', 'OUTSIDE', 'RAIL', 'RAIL', 'RAIL', 'OUTSIDE', 'RAIL']","[[1.18, 1.65, 2.39], [0.25, 0.12, 0.52], [0.96, 0.59, 1.75], [0.27, 0.17, 0.41], [0.63, 0.77, 0.67], [0.64, 0.38, 0.21], [1.38, 0.36, 0.62], [1.7, 1.73, 0.09], [1.4, 0.88, 0.06], [0.68, 0.82, 0.03], [0.08, 0.17, 0.12], [1.96, 3.99, 1.24], [0.94, 1.16, 0.01], [0.25, 2.19, 0.17], [0.14, 0.89, 0.0], [0.1, 0.92, 0.0], [0.37, 1.57, 0.61], [0.4, 2.92, 0.37], [0.23, 3.13, 0.18], [0.31, 0.65, 0.0], [1.98, 2.42, 0.19], [1.89, 1.76, 0.01], [0.03, 0.84, 0.0], [0.04, 0.84, 0.0], [0.17, 1.2, 0.0], [0.02, 0.87, 0.0], [0.25, 1.43, 0.29], [0.03, 1.07, 0.0], [0.02, 1.08, 0.0], [0.09, 1.27, 0.0]]","[31, 45, 3, 4, 5, 1, 8, 49, 2, 9, 11, 12, 21, 17, 23, 20, 24, 26, 33, 25, 27, 34, 28, 36, 35, 47, 38, 48, 40, 29]",15.4
39,1788354626911171857,921600,95733,32,26,101.8,"[0.5, 31.1, 33.4, 34.3, 34.4, 38.1, 39.4, 40.3, 42.5, 44.6, 45.7, 47.0, 49.5, 82.8, 83.7, 85.5, 85.6, 87.2, 89.1, 91.0, 93.6, 93.7, 96.3, 99.9, 100.1, 101.8]","['INSIDE', 'INSIDE', 'INSIDE', 'INSIDE', 'INSIDE', 'RAIL', 'RAIL', 'INSIDE', 'INSIDE', 'INSIDE', 'INSIDE', 'INSIDE', 'RAIL', 'INSIDE', 'INSIDE', 'OUTSIDE', 'OUTSIDE', 'OUTSIDE', 'INSIDE', 'NEAR', 'INSIDE', 'INSIDE', 'OUTSIDE', 'INSIDE', 'RAIL', 'RAIL']","[[0.87, 1.41, 2.36], [1.79, 0.1, 0.6], [1.26, 0.65, 1.89], [0.28, 0.2, 0.4], [0.88, 1.02, 0.68], [1.57, 0.41, 0.62], [0.84, 0.38, 0.21], [1.27, 1.86, 0.65], [0.69, 1.58, 0.04], [1.52, 1.59, 0.08], [1.1, 0.87, 0.05], [0.98, 0.98, 0.04], [0.07, 0.17, 0.1], [0.17, 1.11, 0.23], [1.96, 4.38, 1.07], [0.27, 1.59, 0.17], [0.19, 2.36, 0.17], [0.13, 0.92, 0.0], [0.24, 3.39, 0.18], [0.23, 1.12, 0.0], [1.92, 2.88, 0.19], [1.84, 1.61, 0.01], [0.06, 0.84, 0.0], [0.06, 0.87, 0.0], [0.2, 1.22, 0.0], [0.04, 1.07, 0.0]]","[31, 45, 3, 4, 5, 8, 1, 39, 10, 49, 2, 9, 11, 12, 19, 17, 23, 20, 26, 33, 27, 34, 28, 44, 47, 48]",15.6
40,1788354627001804449,921600,95631,37,31,103.5,"[0.5, 27.7, 31.2, 34.3, 40.2, 40.3, 42.7, 44.6, 45.8, 46.9, 49.5, 75.8, 82.8, 83.6, 83.6, 85.5, 85.6, 87.3, 87.3, 89.3, 91.0, 93.2, 93.7, 94.2, 96.3, 96.4, 98.1, 100.0, 101.6, 101.8, 103.5]","['INSIDE', 'INSIDE', 'INSIDE', 'INSIDE', 'RAIL', 'RAIL', 'INSIDE', 'INSIDE', 'INSIDE', 'INSIDE', 'RAIL', 'INSIDE', 'OUTSIDE', 'INSIDE', 'OUTSIDE', 'OUTSIDE', 'NEAR', 'OUTSIDE', 'INSIDE', 'OUTSIDE', 'INSIDE', 'OUTSIDE', 'INSIDE', 'OUTSIDE', 'OUTSIDE', 'INSIDE', 'OUTSIDE', 'INSIDE', 'RAIL', 'RAIL', 'OUTSIDE']","[[0.26, 0.12, 0.52], [1.04, 0.65, 1.88], [0.27, 0.2, 0.41], [0.51, 0.86, 0.67], [1.56, 0.4, 0.62], [0.66, 0.37, 0.21], [1.21, 1.7, 0.52], [1.62, 1.73, 0.09], [1.37, 0.87, 0.06], [0.59, 0.81, 0.03], [0.08, 0.16, 0.05], [2.65, 2.8, 1.35], [0.32, 0.74, 0.0], [1.87, 2.67, 1.07], [1.23, 1.3, 0.01], [0.17, 1.74, 0.17], [0.15, 1.19, 0.0], [0.1, 1.22, 0.0], [0.43, 3.22, 0.61], [0.11, 0.93, 0.0], [0.35, 3.46, 0.18], [1.39, 1.34, 0.01], [0.69, 0.99, 0.0], [1.78, 1.44, 0.01], [0.06, 1.01, 0.0], [0.11, 1.01, 0.0], [0.04, 0.86, 0.0], [0.14, 0.87, 0.0], [0.22, 1.43, 0.29], [0.02, 1.07, 0.0], [0.05, 0.9, 0.0]]","[45, 3, 4, 5, 8, 1, 6, 49, 2, 9, 11, 15, 16, 19, 21, 17, 23, 20, 24, 26, 33, 22, 27, 34, 28, 36, 35, 44, 38, 48, 40]",16.2
41,1788354627093602677,921600,95688,29,25,101.9,"[0.5, 30.7, 34.3, 34.4, 38.1, 40.1, 40.3, 42.5, 44.6, 45.8, 46.9, 49.4, 82.8, 83.4, 85.5, 85.6, 87.3, 89.1, 90.9, 93.3, 93.6, 96.3, 100.0, 100.0, 101.9]","['INSIDE', 'INSIDE', 'INSIDE', 'INSIDE', 'INSIDE', 'RAIL', 'INSIDE', 'RAIL', 'INSIDE', 'INSIDE', 'INSIDE', 'RAIL', 'INSIDE', 'NEAR', 'OUTSIDE', 'OUTSIDE', 'OUTSIDE', 'INSIDE', 'NEAR', 'OUTSIDE', 'INSIDE', 'OUTSIDE', 'NEAR', 'RAIL', 'RAIL']","[[0.85, 1.41, 2.36], [0.48, 0.1, 0.6], [1.06, 0.65, 1.67], [0.26, 0.2, 0.4], [1.08, 1.1, 0.68], [1.69, 0.48, 0.21], [0.72, 1.58, 0.04], [1.57, 0.42, 0.62], [1.58, 1.59, 0.08], [1.13, 0.87, 0.05], [1.02, 0.98, 0.04], [0.05, 0.16, 0.12], [1.92, 2.96, 1.07], [0.82, 1.03, 0.01], [0.21, 1.89, 0.17], [0.18, 2.36, 0.17], [0.09, 0.76, 0.0], [0.42, 3.08, 0.37], [0.31, 1.12, 0.0], [1.17, 0.85, 0.01], [1.94, 2.14, 0.01], [0.06, 0.84, 0.0], [0.15, 1.05, 0.0], [0.01, 0.7, 0.0], [0.11, 1.24, 0.0]]","[31, 45, 3, 4, 5, 1, 10, 8, 49, 2, 9, 11, 19, 21, 17, 23, 20, 26, 33, 22, 27, 28, 44, 47, 48]",20.4
42,1788354627192226664,921600,95601,32,30,109.0,"[0.5, 31.2, 34.4, 34.7, 40.4, 42.8, 44.6, 45.9, 46.9, 49.6, 83.4, 83.7, 85.5, 85.6, 87.2, 87.3, 89.2, 91.0, 92.7, 93.3, 93.7, 94.3, 96.3, 96.5, 98.0, 101.6, 101.8, 103.5, 103.6, 109.0]","['INSIDE', 'INSIDE', 'INSIDE', 'INSIDE', 'RAIL', 'RAIL', 'INSIDE', 'INSIDE', 'INSIDE', 'RAIL', 'OUTSIDE', 'OUTSIDE', 'OUTSIDE', 'NEAR', 'OUTSIDE', 'INSIDE', 'INSIDE', 'INSIDE', 'INSIDE', 'OUTSIDE', 'INSIDE', 'OUTSIDE', 'NEAR', 'INSIDE', 'OUTSIDE', 'RAIL', 'RAIL', 'OUTSIDE', 'RAIL', 'RAIL']","[[1.47, 2.27, 2.4], [0.92, 0.65, 1.66], [0.26, 0.2, 0.4], [0.62, 0.77, 0.67], [0.62, 0.32, 0.21], [1.39, 0.35, 0.62], [1.73, 1.73, 0.09], [1.4, 0.88, 0.06], [0.69, 0.82, 0.03], [0.08, 0.16, 0.09], [0.2, 0.74, 0.0], [0.61, 1.18, 0.0], [0.13, 1.74, 0.17], [0.13, 0.89, 0.0], [0.08, 1.07, 0.0], [0.37, 1.57, 0.61], [0.27, 3.08, 0.18], [0.19, 3.13, 0.18], [0.28, 0.65, 0.0], [1.38, 1.5, 0.01], [0.58, 0.83, 0.0], [1.84, 1.76, 0.01], [0.03, 0.84, 0.0], [0.32, 1.18, 0.0], [0.2, 1.2, 0.0], [0.24, 1.43, 0.29], [0.06, 1.07, 0.0], [0.05, 1.08, 0.0], [0.08, 1.27, 0.0], [0.02, 0.76, 0.0]]","[31, 3, 4, 5, 1, 8, 49, 2, 9, 11, 16, 21, 17, 23, 20, 24, 26, 33, 25, 22, 27, 34, 28, 36, 35, 38, 48, 40, 29, 50]",24.2
43,1788354627295473141,921600,95676,32,28,107.2,"[0.5, 31.1, 33.4, 34.3, 34.4, 38.0, 39.8, 40.2, 42.1, 42.5, 44.6, 47.0, 49.4, 75.0, 82.8, 85.5, 85.5, 87.2, 89.1, 90.9, 92.7, 93.6, 96.3, 100.0, 100.0, 101.7, 101.8, 107.2]","['INSIDE', 'INSIDE', 'INSIDE', 'INSIDE', 'INSIDE', 'RAIL', 'RAIL', 'RAIL', 'INSIDE', 'INSIDE', 'INSIDE', 'INSIDE', 'RAIL', 'INSIDE', 'INSIDE', 'OUTSIDE', 'INSIDE', 'OUTSIDE', 'INSIDE', 'NEAR', 'OUTSIDE', 'INSIDE', 'OUTSIDE', 'NEAR', 'RAIL', 'OUTSIDE', 'RAIL', 'RAIL']","[[0.88, 1.42, 2.36], [1.02, 0.1, 0.6], [1.22, 0.65, 1.89], [0.28, 0.2, 0.41], [0.87, 1.02, 0.67], [1.56, 0.42, 0.62], [0.89, 0.37, 0.21], [0.26, 0.1, 0.25], [1.08, 1.86, 0.64], [0.76, 1.71, 0.04], [1.53, 1.59, 0.08], [1.07, 0.87, 0.05], [0.08, 0.16, 0.07], [4.31, 2.61, 1.35], [2.01, 4.86, 1.09], [0.12, 0.9, 0.0], [0.23, 1.04, 0.0], [0.13, 0.92, 0.0], [0.32, 3.38, 0.18], [0.28, 1.12, 0.0], [0.09, 0.81, 0.0], [1.87, 2.14, 0.01], [0.05, 1.01, 0.0], [0.24, 1.23, 0.0], [0.16, 1.22, 0.0], [0.03, 0.89, 0.0], [0.06, 1.07, 0.0], [0.03, 0.94, 0.0]]","[31, 45, 3, 4, 5, 8, 1, 49, 39, 10, 2, 9, 11, 15, 19, 17, 23, 20, 26, 33, 22, 27, 28, 44, 47, 38, 48, 50]",19.3
44,1788354627396976830,921600,95591,32,28,105.4,"[0.5, 31.2, 34.4, 34.6, 40.2, 43.1, 44.6, 47.0, 49.6, 82.8, 83.7, 85.5, 85.6, 89.2, 90.9, 92.7, 93.3, 93.7, 94.3, 96.3, 96.4, 98.0, 100.0, 101.8, 101.9, 103.5, 103.6, 105.4]","['INSIDE', 'INSIDE', 'INSIDE', 'INSIDE', 'RAIL', 'RAIL', 'INSIDE', 'INSIDE', 'RAIL', 'INSIDE', 'OUTSIDE', 'OUTSIDE', 'NEAR', 'INSIDE', 'INSIDE', 'INSIDE', 'OUTSIDE', 'INSIDE', 'OUTSIDE', 'NEAR', 'INSIDE', 'OUTSIDE', 'RAIL', 'NEAR', 'RAIL', 'OUTSIDE', 'RAIL', 'RAIL']","[[1.16, 2.13, 2.39], [0.92, 0.65, 1.88], [0.24, 0.22, 0.4], [0.65, 0.77, 0.67], [1.37, 0.36, 0.55], [0.62, 0.33, 0.21], [1.34, 1.57, 0.07], [1.89, 1.33, 0.08], [0.06, 0.16, 0.12], [1.99, 3.85, 1.24], [1.1, 1.16, 0.01], [0.13, 1.74, 0.17], [0.03, 0.75, 0.0], [0.25, 2.92, 0.18], [0.3, 3.29, 0.18], [0.29, 0.65, 0.0], [1.39, 1.5, 0.01], [0.61, 0.83, 0.0], [1.81, 1.6, 0.01], [0.05, 0.84, 0.0], [0.07, 1.01, 0.0], [0.18, 1.03, 0.0], [0.07, 0.87, 0.0], [0.12, 1.07, 0.0], [0.04, 1.07, 0.0], [0.04, 1.08, 0.0], [0.13, 1.27, 0.0], [0.01, 0.74, 0.0]]","[31, 3, 4, 5, 8, 1, 2, 9, 11, 19, 21, 17, 23, 26, 33, 25, 22, 27, 34, 28, 36, 35, 47, 38, 48, 40, 29, 50]",15.9
45,1788354627495136583,921600,95746,30,26,101.9,"[0.5, 31.1, 33.1, 34.3, 34.4, 38.1, 40.1, 40.2, 42.5, 44.6, 47.0, 49.5, 71.3, 73.0, 82.8, 85.5, 85.5, 87.2, 89.1, 91.0, 93.5, 96.3, 100.1, 100.1, 101.7, 101.9]","['INSIDE', 'INSIDE', 'INSIDE', 'INSIDE', 'INSIDE', 'RAIL', 'INSIDE', 'RAIL', 'INSIDE', 'INSIDE', 'INSIDE', 'RAIL', 'OUTSIDE', 'OUTSIDE', 'INSIDE', 'OUTSIDE', 'INSIDE', 'OUTSIDE', 'INSIDE', 'NEAR', 'INSIDE', 'OUTSIDE', 'NEAR', 'RAIL', 'OUTSIDE', 'RAIL']","[[0.87, 1.41, 2.36], [0.5, 0.11, 0.6], [1.28, 0.65, 1.89], [0.29, 0.2, 0.41], [0.84, 1.02, 0.68], [0.84, 0.32, 0.21], [1.51, 2.61, 0.64], [1.58, 0.42, 0.62], [0.74, 1.71, 0.04], [1.56, 1.59, 0.08], [1.09, 0.87, 0.05], [0.09, 0.16, 0.13], [0.26, 0.86, 0.0], [0.34, 2.01, 0.14], [2.0, 5.01, 1.09], [0.16, 1.44, 0.17], [0.2, 1.04, 0.0], [0.12, 0.92, 0.0], [0.44, 3.23, 0.37], [0.23, 1.12, 0.0], [2.25, 5.13, 0.39], [0.04, 0.84, 0.0], [0.28, 1.23, 0.0], [0.14, 1.05, 0.0], [0.03, 1.07, 0.0], [0.07, 1.07, 0.0]]","[31, 45, 3, 4, 5, 1, 39, 8, 10, 2, 9, 11, 13, 15, 19, 17, 23, 20, 26, 33, 27, 28, 44, 47, 38, 48]",15.7
46,1788354627593591679,921600,95680,30,26,103.6,"[0.5, 31.2, 34.4, 34.7, 42.8, 44.6, 46.9, 49.6, 69.5, 71.1, 82.9, 85.5, 85.6, 87.3, 87.3, 89.1, 90.9, 93.6, 93.7, 96.3, 96.5, 98.0, 101.7, 101.8, 103.5, 103.6]","['INSIDE', 'INSIDE', 'INSIDE', 'INSIDE', 'RAIL', 'RAIL', 'INSIDE', 'RAIL', 'INSIDE', 'INSIDE', 'INSIDE', 'OUTSIDE', 'NEAR', 'OUTSIDE', 'INSIDE', 'INSIDE', 'INSIDE', 'OUTSIDE', 'OUTSIDE', 'NEAR', 'INSIDE', 'OUTSIDE', 'NEAR', 'RAIL', 'OUTSIDE', 'RAIL']","[[1.45, 2.26, 2.4], [0.95, 0.65, 1.66], [0.26, 0.22, 0.4], [0.63, 0.77, 0.67], [1.41, 0.36, 0.62], [0.63, 0.33, 0.21], [1.38, 0.88, 0.06], [0.1, 0.16, 0.06], [0.63, 2.15, 0.75], [0.37, 1.84, 0.13], [1.94, 3.88, 1.09], [0.15, 2.34, 0.17], [0.03, 0.75, 0.0], [0.08, 0.76, 0.0], [0.5, 3.06, 0.61], [0.45, 3.08, 0.37], [0.35, 3.29, 0.18], [2.03, 2.42, 0.19], [1.78, 1.28, 0.01], [0.04, 1.01, 0.0], [0.25, 1.18, 0.0], [0.21, 1.03, 0.0], [0.05, 1.07, 0.0], [0.04, 1.07, 0.0], [0.03, 1.09, 0.0], [0.11, 1.27, 0.0]]","[31, 3, 4, 5, 8, 1, 9, 11, 13, 15, 19, 17, 23, 20, 24, 26, 33, 22, 34, 28, 36, 35, 38, 48, 40, 29]",19.3
47,1788354627692169296,921600,95693,27,24,116.1,"[0.5, 19.7, 33.5, 34.3, 34.4, 38.1, 40.1, 40.3, 42.5, 44.6, 46.9, 49.4, 82.8, 85.5, 85.6, 87.2, 89.1, 91.0, 93.6, 96.3, 99.9, 100.0, 101.9, 116.1]","['INSIDE', 'INSIDE', 'INSIDE', 'INSIDE', 'INSIDE', 'RAIL', 'INSIDE', 'INSIDE', 'INSIDE', 'INSIDE', 'RAIL', 'RAIL', 'INSIDE', 'OUTSIDE', 'OUTSIDE', 'OUTSIDE', 'INSIDE', 'NEAR', 'INSIDE', 'OUTSIDE', 'NEAR', 'RAIL', 'RAIL', 'RAIL']","[[0.87, 1.41, 2.36], [0.46, 0.1, 0.6], [1.09, 0.65, 1.76], [0.27, 0.17, 0.41], [1.08, 1.1, 0.68], [1.54, 0.44, 0.62], [1.36, 1.97, 0.65], [0.68, 1.72, 0.03], [1.59, 1.59, 0.09], [1.11, 0.87, 0.05], [0.2, 0.19, 0.08], [0.08, 0.17, 0.11], [1.92, 4.52, 1.07], [0.34, 1.59, 0.17], [0.2, 2.36, 0.17], [0.12, 0.92, 0.0], [0.43, 3.23, 0.37], [0.21, 1.12, 0.0], [1.98, 3.23, 0.19], [0.04, 0.84, 0.0], [0.08, 1.05, 0.0], [0.02, 0.7, 0.0], [0.08, 1.24, 0.0], [0.04, 0.81, 0.0]]","[31, 45, 3, 4, 5, 8, 39, 10, 2, 9, 32, 11, 19, 17, 23, 20, 26, 33, 22, 28, 44, 47, 48, 54]",15.1
48,1788354627792731455,921600,95464,32,31,116.1,"[0.5, 19.8, 27.7, 31.2, 34.3, 34.7, 40.3, 40.3, 42.7, 44.6, 46.9, 49.6, 82.2, 83.5, 83.7, 85.6, 85.6, 87.3, 87.4, 89.2, 90.9, 93.3, 93.7, 94.2, 96.3, 96.4, 98.1, 100.0, 100.0, 101.8, 116.1]","['INSIDE', 'INSIDE', 'INSIDE', 'INSIDE', 'INSIDE', 'RAIL', 'NEAR', 'RAIL', 'INSIDE', 'INSIDE', 'RAIL', 'RAIL', 'INSIDE', 'OUTSIDE', 'OUTSIDE', 'OUTSIDE', 'NEAR', 'OUTSIDE', 'INSIDE', 'OUTSIDE', 'INSIDE', 'OUTSIDE', 'INSIDE', 'INSIDE', 'OUTSIDE', 'INSIDE', 'OUTSIDE', 'INSIDE', 'RAIL', 'RAIL', 'RAIL']","[[1.38, 2.26, 2.4], [0.27, 0.12, 0.52], [0.99, 0.65, 1.75], [0.28, 0.22, 0.41], [0.52, 0.86, 0.67], [0.65, 0.33, 0.21], [1.11, 1.49, 0.51], [1.54, 0.42, 0.62], [1.64, 1.73, 0.09], [1.38, 0.88, 0.06], [0.46, 0.26, 0.09], [0.06, 0.18, 0.06], [0.66, 3.85, 1.24], [0.28, 2.0, 0.16], [0.57, 1.03, 0.0], [0.28, 1.74, 0.17], [0.18, 1.19, 0.0], [0.16, 1.07, 0.0], [0.45, 3.22, 0.61], [0.04, 0.78, 0.0], [0.25, 3.3, 0.18], [1.27, 1.17, 0.01], [0.63, 0.83, 0.0], [1.95, 2.25, 0.19], [0.04, 1.01, 0.0], [0.08, 0.84, 0.0], [0.03, 0.69, 0.0], [0.14, 0.87, 0.0], [0.06, 1.05, 0.0], [0.03, 1.07, 0.0], [0.04, 0.81, 0.0]]","[31, 45, 3, 4, 5, 1, 6, 8, 2, 9, 32, 11, 19, 16, 21, 17, 23, 20, 24, 26, 33, 22, 27, 34, 28, 36, 35, 44, 47, 48, 54]",16.4
49,1788354627893372133,921600,95655,30,28,114.3,"[0.5, 31.1, 33.4, 34.3, 34.4, 38.0, 39.8, 40.2, 42.5, 44.6, 49.4, 79.1, 82.8, 83.4, 85.5, 85.6, 87.1, 89.0, 90.8, 90.8, 92.8, 93.6, 93.7, 98.1, 100.0, 100.1, 101.8, 114.3]","['INSIDE', 'INSIDE', 'INSIDE', 'INSIDE', 'RAIL', 'RAIL', 'INSIDE', 'INSIDE', 'INSIDE', 'INSIDE', 'RAIL', 'INSIDE', 'INSIDE', 'NEAR', 'OUTSIDE', 'OUTSIDE', 'OUTSIDE', 'INSIDE', 'NEAR', 'RAIL', 'OUTSIDE', 'INSIDE', 'INSIDE', 'RAIL', 'NEAR', 'RAIL', 'RAIL', 'RAIL']","[[0.91, 1.67, 2.35], [1.04, 0.1, 0.6], [0.29, 0.2, 0.41], [1.19, 1.1, 0.68], [1.56, 0.4, 0.62], [0.94, 0.33, 0.21], [1.12, 1.86, 0.64], [0.78, 1.71, 0.04], [1.44, 1.59, 0.08], [1.04, 0.87, 0.04], [0.09, 0.16, 0.12], [1.84, 2.36, 0.84], [1.95, 2.18, 0.71], [0.79, 1.03, 0.01], [0.18, 1.05, 0.0], [0.09, 2.36, 0.17], [0.29, 0.77, 0.0], [0.36, 3.39, 0.37], [0.24, 1.11, 0.0], [0.98, 0.93, 0.26], [0.41, 0.82, 0.0], [1.92, 2.14, 0.01], [1.85, 1.78, 0.01], [0.24, 0.64, 0.43], [0.19, 1.05, 0.0], [0.1, 1.05, 0.0], [0.04, 1.07, 0.0], [0.01, 0.8, 0.0]]","[31, 45, 4, 5, 8, 1, 39, 10, 2, 9, 11, 19, 16, 21, 17, 23, 20, 26, 33, 25, 22, 27, 34, 35, 44, 47, 48, 52]",25.4
50,1788354627994041865,921600,95595,32,29,116.2,"[0.5, 19.7, 31.2, 34.3, 40.2, 40.3, 42.8, 44.6, 47.0, 49.6, 82.8, 83.6, 85.5, 85.6, 87.3, 89.0, 89.2, 90.9, 93.3, 93.7, 94.2, 96.3, 96.4, 98.1, 100.0, 100.0, 101.8, 103.5, 116.2]","['INSIDE', 'INSIDE', 'INSIDE', 'INSIDE', 'RAIL', 'RAIL', 'INSIDE', 'INSIDE', 'RAIL', 'RAIL', 'OUTSIDE', 'INSIDE', 'OUTSIDE', 'NEAR', 'OUTSIDE', 'INSIDE', 'OUTSIDE', 'INSIDE', 'OUTSIDE', 'INSIDE', 'OUTSIDE', 'NEAR', 'INSIDE', 'OUTSIDE', 'INSIDE', 'RAIL', 'RAIL', 'OUTSIDE', 'RAIL']","[[1.08, 0.65, 1.67], [0.25, 0.12, 0.53], [0.29, 0.2, 0.41], [0.52, 0.86, 0.67], [1.53, 0.42, 0.62], [0.68, 0.32, 0.21], [1.63, 1.73, 0.09], [1.38, 0.88, 0.06], [0.28, 0.23, 0.09], [0.07, 0.17, 0.04], [0.31, 0.74, 0.0], [1.9, 3.99, 1.24], [0.13, 2.04, 0.17], [0.21, 1.19, 0.0], [0.08, 0.92, 0.0], [0.3, 0.47, 0.37], [0.06, 0.93, 0.0], [0.28, 3.13, 0.18], [1.26, 1.17, 0.01], [0.68, 0.99, 0.0], [1.84, 1.76, 0.01], [0.01, 0.67, 0.0], [0.1, 1.01, 0.0], [0.06, 1.03, 0.0], [0.1, 0.7, 0.0], [0.05, 0.87, 0.0], [0.04, 1.24, 0.0], [0.02, 0.9, 0.0], [0.05, 0.81, 0.0]]","[3, 45, 4, 5, 8, 1, 2, 9, 32, 11, 16, 21, 17, 23, 20, 26, 25, 33, 22, 27, 34, 28, 36, 35, 44, 47, 48, 40, 54]",30.8
51,1788354628094830536,921600,95652,32,31,114.4,"[0.5, 19.7, 31.1, 33.4, 34.3, 34.4, 38.0, 40.0, 40.2, 42.5, 44.6, 49.3, 72.9, 79.1, 82.2, 83.4, 85.5, 85.5, 87.2, 89.1, 90.8, 90.9, 92.8, 93.7, 96.3, 100.0, 100.0, 101.7, 101.8, 107.2, 114.4]","['INSIDE', 'INSIDE', 'INSIDE', 'INSIDE', 'RAIL', 'RAIL', 'INSIDE', 'INSIDE', 'INSIDE', 'INSIDE', 'RAIL', 'RAIL', 'OUTSIDE', 'INSIDE', 'INSIDE', 'NEAR', 'OUTSIDE', 'INSIDE', 'OUTSIDE', 'INSIDE', 'NEAR', 'RAIL', 'OUTSIDE', 'INSIDE', 'OUTSIDE', 'NEAR', 'RAIL', 'OUTSIDE', 'RAIL', 'RAIL', 'RAIL']","[[0.88, 1.41, 2.36], [0.26, 0.17, 0.4], [0.91, 1.02, 0.67], [0.59, 0.24, 0.6], [1.55, 0.4, 0.62], [0.92, 0.38, 0.21], [1.09, 1.86, 0.64], [0.78, 1.71, 0.04], [1.48, 1.59, 0.08], [1.07, 0.87, 0.05], [0.22, 0.19, 0.08], [0.09, 0.16, 0.13], [0.23, 2.01, 0.13], [1.79, 2.36, 0.84], [0.61, 2.39, 1.07], [0.8, 1.03, 0.01], [0.19, 0.9, 0.0], [0.26, 1.04, 0.0], [0.14, 0.77, 0.0], [0.29, 3.39, 0.18], [0.18, 1.11, 0.0], [1.05, 0.93, 0.26], [0.28, 0.81, 0.0], [1.9, 4.07, 0.2], [0.06, 0.84, 0.0], [0.23, 1.23, 0.0], [0.08, 1.22, 0.0], [0.03, 1.07, 0.0], [0.04, 1.07, 0.0], [0.1, 0.94, 0.0], [0.13, 1.0, 0.0]]","[31, 4, 5, 45, 8, 1, 39, 10, 2, 9, 32, 11, 15, 19, 21, 23, 17, 24, 20, 26, 33, 25, 22, 27, 28, 44, 47, 38, 48, 50, 52]",15.9
52,1788354628192914799,921600,95681,33,32,116.1,"[0.5, 31.2, 34.4, 34.7, 40.3, 40.3, 42.8, 44.6, 46.9, 49.6, 80.1, 82.2, 83.7, 85.5, 85.7, 87.3, 87.4, 89.3, 90.9, 93.2, 93.7, 94.3, 96.3, 96.4, 98.1, 100.0, 101.7, 101.8, 103.5, 103.6, 109.0, 116.1]","['INSIDE', 'INSIDE', 'INSIDE', 'INSIDE', 'INSIDE', 'RAIL', 'RAIL', 'INSIDE', 'INSIDE', 'RAIL', 'NEAR', 'INSIDE', 'OUTSIDE', 'OUTSIDE', 'NEAR', 'OUTSIDE', 'INSIDE', 'OUTSIDE', 'INSIDE', 'OUTSIDE', 'INSIDE', 'OUTSIDE', 'NEAR', 'INSIDE', 'OUTSIDE', 'INSIDE', 'NEAR', 'RAIL', 'OUTSIDE', 'RAIL', 'RAIL', 'RAIL']","[[1.43, 2.26, 2.4], [1.04, 0.65, 1.88], [0.25, 0.12, 0.52], [0.28, 0.17, 0.41], [0.61, 0.86, 0.67], [1.4, 0.36, 0.55], [0.63, 0.33, 0.21], [1.62, 1.73, 0.09], [1.38, 0.88, 0.06], [0.07, 0.17, 0.07], [0.17, 0.56, 0.0], [0.64, 3.85, 1.24], [0.22, 0.74, 0.0], [0.26, 2.04, 0.17], [0.3, 1.19, 0.0], [0.08, 0.61, 0.0], [0.47, 3.06, 0.61], [0.11, 0.93, 0.0], [0.24, 3.3, 0.18], [1.53, 1.5, 0.01], [0.67, 0.99, 0.0], [1.8, 1.44, 0.01], [0.05, 0.84, 0.0], [0.17, 0.84, 0.0], [0.07, 1.03, 0.0], [0.21, 0.88, 0.0], [0.03, 1.07, 0.0], [0.05, 1.24, 0.0], [0.03, 0.72, 0.0], [0.07, 1.08, 0.0], [0.06, 1.14, 0.0], [0.02, 1.01, 0.0]]","[31, 3, 45, 4, 5, 8, 1, 2, 9, 11, 19, 21, 16, 17, 24, 20, 26, 25, 33, 22, 27, 34, 28, 36, 35, 44, 38, 48, 40, 29, 53, 54]",16.4
53,1788354628297324366,921600,95622,34,33,114.3,"[0.5, 31.1, 33.4, 34.3, 34.4, 38.0, 40.0, 40.2, 42.5, 44.6, 49.3, 79.1, 82.1, 83.4, 85.5, 85.6, 87.2, 89.1, 90.8, 90.9, 90.9, 92.8, 92.9, 93.8, 94.4, 96.3, 100.0, 100.1, 101.7, 101.8, 107.2, 111.4, 114.3]","['INSIDE', 'INSIDE', 'INSIDE', 'INSIDE', 'RAIL', 'RAIL', 'INSIDE', 'INSIDE', 'INSIDE', 'INSIDE', 'RAIL', 'INSIDE', 'INSIDE', 'NEAR', 'OUTSIDE', 'INSIDE', 'OUTSIDE', 'INSIDE', 'NEAR', 'INSIDE', 'RAIL', 'OUTSIDE', 'OUTSIDE', 'INSIDE', 'INSIDE', 'OUTSIDE', 'NEAR', 'RAIL', 'OUTSIDE', 'RAIL', 'RAIL', 'RAIL', 'RAIL']","[[0.9, 1.41, 2.36], [0.55, 0.1, 0.6], [0.28, 0.2, 0.41], [0.96, 1.02, 0.67], [1.58, 0.42, 0.62], [0.92, 0.31, 0.21], [1.12, 1.86, 0.64], [0.78, 1.71, 0.04], [1.48, 1.59, 0.08], [1.07, 0.87, 0.05], [0.04, 0.16, 0.1], [1.81, 2.36, 0.84], [0.69, 3.11, 1.07], [0.78, 1.03, 0.01], [0.07, 0.9, 0.0], [0.07, 0.9, 0.0], [0.2, 0.77, 0.0], [0.45, 3.23, 0.37], [0.23, 1.11, 0.0], [0.13, 0.47, 0.0], [1.0, 0.93, 0.26], [0.36, 0.82, 0.0], [0.2, 0.81, 0.0], [1.51, 1.49, 0.01], [0.73, 0.65, 0.0], [0.04, 0.84, 0.0], [0.24, 1.23, 0.0], [0.11, 1.05, 0.0], [0.02, 0.89, 0.0], [0.08, 1.24, 0.0], [0.03, 0.94, 0.0], [1.37, 1.5, 0.17], [0.02, 0.8, 0.0]]","[31, 45, 4, 5, 8, 1, 39, 10, 2, 9, 11, 19, 21, 23, 17, 24, 20, 25, 33, 34, 26, 22, 27, 28, 36, 35, 44, 47, 38, 48, 50, 52, 54]",16.3
54,1788354628398010925,921600,95633,34,33,116.1,"[0.5, 19.8, 27.7, 29.9, 31.2, 34.3, 40.1, 40.2, 42.7, 44.6, 46.9, 49.6, 69.5, 71.0, 82.8, 83.4, 85.5, 85.6, 87.3, 87.3, 89.1, 89.3, 90.9, 91.0, 93.6, 96.3, 96.4, 98.1, 99.9, 101.7, 101.9, 103.5, 116.1]","['INSIDE', 'INSIDE', 'INSIDE', 'INSIDE', 'RAIL', 'RAIL', 'INSIDE', 'INSIDE', 'INSIDE', 'INSIDE', 'RAIL', 'RAIL', 'INSIDE', 'INSIDE', 'INSIDE', 'OUTSIDE', 'OUTSIDE', 'OUTSIDE', 'OUTSIDE', 'INSIDE', 'INSIDE', 'OUTSIDE', 'INSIDE', 'INSIDE', 'OUTSIDE', 'OUTSIDE', 'INSIDE', 'OUTSIDE', 'INSIDE', 'OUTSIDE', 'RAIL', 'OUTSIDE', 'RAIL']","[[0.22, 0.12, 0.52], [0.96, 0.65, 1.67], [0.25, 0.22, 0.4], [0.65, 0.85, 0.67], [1.55, 0.44, 0.62], [0.67, 0.37, 0.21], [1.2, 1.7, 0.09], [1.78, 1.72, 0.09], [1.3, 0.87, 0.06], [2.39, 2.91, 0.2], [0.41, 0.3, 0.13], [0.1, 0.17, 0.13], [0.92, 2.27, 0.75], [0.52, 1.96, 0.13], [1.95, 3.85, 1.24], [0.84, 0.74, 0.01], [0.21, 1.89, 0.17], [0.33, 2.06, 0.17], [0.19, 1.07, 0.0], [0.5, 3.06, 0.61], [0.42, 0.78, 0.37], [0.06, 1.09, 0.0], [0.03, 0.64, 0.0], [0.12, 0.95, 0.0], [1.93, 2.42, 0.19], [0.07, 0.84, 0.0], [0.05, 0.84, 0.0], [0.05, 0.86, 0.0], [0.02, 0.7, 0.0], [0.06, 0.89, 0.0], [0.04, 1.07, 0.0], [0.03, 0.9, 0.0], [0.03, 0.81, 0.0]]","[45, 3, 4, 5, 8, 1, 6, 2, 9, 39, 32, 11, 13, 15, 21, 23, 17, 24, 20, 25, 33, 26, 34, 27, 28, 35, 36, 44, 38, 40, 48, 29, 54]",18.5
55,1788354628491463800,921600,95607,27,26,101.8,"[0.5, 33.3, 34.3, 34.4, 37.7, 39.8, 40.2, 42.3, 44.6, 49.5, 75.0, 75.2, 79.1, 83.4, 85.5, 85.6, 89.0, 90.7, 90.9, 92.7, 93.6, 93.7, 100.0, 100.1, 101.7, 101.8]","['INSIDE', 'INSIDE', 'INSIDE', 'INSIDE', 'RAIL', 'INSIDE', 'INSIDE', 'INSIDE', 'INSIDE', 'RAIL', 'NEAR', 'INSIDE', 'INSIDE', 'NEAR', 'OUTSIDE', 'INSIDE', 'INSIDE', 'OUTSIDE', 'RAIL', 'OUTSIDE', 'INSIDE', 'INSIDE', 'NEAR', 'RAIL', 'OUTSIDE', 'RAIL']","[[0.88, 1.67, 2.35], [1.04, 0.24, 0.6], [0.28, 0.17, 0.41], [0.91, 1.02, 0.68], [1.54, 0.4, 0.62], [1.09, 1.86, 0.63], [1.22, 1.96, 0.06], [1.41, 1.58, 0.08], [1.47, 1.31, 0.06], [0.06, 0.17, 0.12], [1.66, 1.15, 0.02], [4.2, 2.36, 1.35], [1.85, 2.36, 0.84], [0.78, 1.03, 0.01], [0.09, 0.75, 0.0], [0.03, 0.75, 0.0], [0.37, 3.38, 0.37], [0.08, 0.79, 0.0], [0.91, 0.93, 0.26], [0.44, 0.82, 0.0], [1.86, 2.31, 0.01], [1.8, 1.61, 0.01], [0.14, 1.05, 0.0], [0.1, 1.05, 0.0], [0.01, 0.71, 0.0], [0.04, 0.71, 0.0]]","[31, 45, 4, 5, 8, 39, 10, 2, 9, 11, 19, 15, 21, 23, 17, 24, 33, 34, 27, 22, 28, 36, 38, 47, 40, 48]",19.6
56,1788354628593664598,921600,95586,31,30,116.2,"[0.5, 19.8, 31.2, 34.3, 34.7, 40.2, 40.3, 42.8, 44.6, 46.9, 49.6, 82.9, 85.5, 85.6, 87.3, 87.3, 89.1, 90.9, 93.2, 93.7, 94.2, 96.3, 96.4, 98.0, 101.6, 101.8, 103.5, 103.6, 109.0, 116.2]","['INSIDE', 'INSIDE', 'INSIDE', 'INSIDE', 'INSIDE', 'RAIL', 'RAIL', 'INSIDE', 'INSIDE', 'RAIL', 'RAIL', 'INSIDE', 'OUTSIDE', 'NEAR', 'OUTSIDE', 'INSIDE', 'INSIDE', 'INSIDE', 'OUTSIDE', 'INSIDE', 'OUTSIDE', 'NEAR', 'INSIDE', 'OUTSIDE', 'RAIL', 'RAIL', 'OUTSIDE', 'RAIL', 'RAIL', 'RAIL']","[[1.4, 2.26, 2.4], [0.93, 0.66, 1.65], [0.24, 0.12, 0.52], [0.25, 0.24, 0.4], [0.59, 0.86, 0.67], [0.62, 0.33, 0.21], [1.57, 0.44, 0.62], [1.66, 1.73, 0.09], [1.39, 0.88, 0.06], [0.41, 0.19, 0.13], [0.07, 0.17, 0.1], [2.0, 3.99, 1.24], [0.2, 1.89, 0.17], [0.08, 1.04, 0.0], [0.14, 0.92, 0.0], [0.39, 3.06, 0.61], [0.53, 3.08, 0.37], [0.18, 3.13, 0.18], [1.45, 1.33, 0.01], [0.63, 0.83, 0.0], [1.77, 1.6, 0.01], [0.01, 0.84, 0.0], [0.16, 0.84, 0.0], [0.22, 1.2, 0.0], [0.23, 1.43, 0.29], [0.01, 1.07, 0.0], [0.04, 0.72, 0.0], [0.1, 1.08, 0.0], [0.01, 0.95, 0.0], [0.07, 1.02, 0.0]]","[31, 3, 45, 4, 5, 1, 8, 2, 9, 32, 11, 16, 17, 24, 20, 25, 33, 34, 22, 28, 36, 35, 44, 38, 40, 48, 29, 50, 53, 54]",23.9
57,1788354628700558430,921600,95715,30,30,108.9,"[0.4, 30.4, 33.3, 34.3, 34.4, 37.7, 40.0, 40.2, 42.1, 42.2, 44.6, 45.5, 49.1, 71.1, 75.0, 75.2, 83.4, 85.5, 85.6, 87.2, 89.1, 90.7, 90.9, 93.5, 96.3, 100.0, 100.1, 101.7, 107.2, 108.9]","['INSIDE', 'INSIDE', 'INSIDE', 'INSIDE', 'RAIL', 'RAIL', 'RAIL', 'INSIDE', 'INSIDE', 'INSIDE', 'INSIDE', 'INSIDE', 'RAIL', 'INSIDE', 'NEAR', 'INSIDE', 'NEAR', 'OUTSIDE', 'INSIDE', 'OUTSIDE', 'INSIDE', 'OUTSIDE', 'RAIL', 'OUTSIDE', 'OUTSIDE', 'OUTSIDE', 'RAIL', 'OUTSIDE', 'RAIL', 'RAIL']","[[0.91, 1.67, 2.35], [0.24, 0.2, 0.41], [1.5, 1.1, 0.68], [0.64, 0.24, 0.6], [1.54, 0.4, 0.62], [2.22, 0.54, 1.06], [0.27, 0.1, 0.25], [1.01, 1.86, 0.63], [1.2, 2.09, 0.06], [1.39, 1.58, 0.07], [1.42, 1.01, 0.06], [0.8, 0.97, 0.04], [0.12, 0.17, 0.13], [0.48, 2.21, 0.14], [1.6, 1.15, 0.02], [4.27, 2.61, 1.35], [0.8, 1.03, 0.01], [0.24, 0.75, 0.0], [0.09, 0.75, 0.0], [0.1, 0.76, 0.0], [0.37, 3.07, 0.36], [0.23, 1.12, 0.0], [0.88, 0.93, 0.26], [2.13, 2.4, 0.19], [0.06, 1.01, 0.0], [0.28, 1.23, 0.0], [0.18, 1.22, 0.0], [0.09, 1.07, 0.0], [0.06, 1.12, 0.0], [0.04, 0.95, 0.0]]","[31, 4, 5, 45, 8, 1, 2, 39, 10, 9, 57, 3, 11, 13, 19, 15, 23, 17, 24, 20, 33, 34, 27, 22, 35, 40, 47, 29, 53, 52]",20.3
58,1788354628799061996,921600,95692,34,33,116.2,"[0.5, 19.8, 27.8, 31.2, 34.4, 34.6, 36.2, 40.4, 42.8, 44.6, 45.9, 46.9, 49.6, 82.9, 83.7, 85.5, 85.6, 87.2, 87.3, 89.2, 91.0, 92.6, 93.6, 93.7, 96.3, 96.5, 98.0, 101.6, 101.8, 103.5, 103.6, 108.9, 116.2]","['INSIDE', 'INSIDE', 'INSIDE', 'INSIDE', 'RAIL', 'INSIDE', 'RAIL', 'INSIDE', 'INSIDE', 'INSIDE', 'RAIL', 'INSIDE', 'RAIL', 'INSIDE', 'OUTSIDE', 'OUTSIDE', 'NEAR', 'OUTSIDE', 'INSIDE', 'INSIDE', 'INSIDE', 'INSIDE', 'OUTSIDE', 'OUTSIDE', 'NEAR', 'INSIDE', 'OUTSIDE', 'RAIL', 'RAIL', 'OUTSIDE', 'RAIL', 'RAIL', 'RAIL']","[[1.18, 1.65, 2.39], [0.91, 0.65, 1.66], [0.27, 0.17, 0.4], [0.63, 0.86, 0.67], [0.63, 0.32, 0.21], [1.23, 1.7, 0.52], [1.4, 0.37, 0.62], [1.68, 1.73, 0.09], [1.38, 0.88, 0.06], [4.1, 2.8, 0.25], [0.37, 0.19, 0.09], [0.63, 0.82, 0.03], [0.07, 0.17, 0.12], [1.97, 3.99, 1.24], [1.03, 1.02, 0.01], [0.11, 2.34, 0.17], [0.09, 1.04, 0.0], [0.1, 0.61, 0.0], [0.37, 1.57, 0.61], [0.27, 2.92, 0.18], [0.25, 3.3, 0.18], [0.32, 0.65, 0.0], [1.99, 2.42, 0.19], [1.76, 1.28, 0.01], [0.03, 0.84, 0.0], [0.29, 1.18, 0.0], [0.19, 1.2, 0.0], [0.26, 1.43, 0.29], [0.02, 1.07, 0.0], [0.02, 1.08, 0.0], [0.12, 1.27, 0.0], [0.09, 0.76, 0.0], [0.07, 1.01, 0.0]]","[31, 5, 4, 3, 1, 6, 8, 9, 57, 10, 32, 2, 11, 16, 23, 17, 24, 20, 25, 33, 34, 36, 22, 28, 35, 44, 38, 29, 48, 50, 53, 52, 54]",15.4
59,1788354628905030815,921600,95650,32,30,114.3,"[0.5, 19.7, 31.1, 33.4, 34.3, 34.4, 38.0, 40.0, 40.2, 42.5, 44.6, 45.6, 49.4, 71.2, 72.9, 82.9, 85.5, 85.5, 89.1, 90.8, 90.9, 92.8, 93.7, 93.7, 96.3, 100.0, 100.1, 101.7, 101.9, 114.3]","['INSIDE', 'INSIDE', 'INSIDE', 'INSIDE', 'RAIL', 'RAIL', 'INSIDE', 'INSIDE', 'INSIDE', 'INSIDE', 'INSIDE', 'RAIL', 'RAIL', 'OUTSIDE', 'OUTSIDE', 'INSIDE', 'OUTSIDE', 'INSIDE', 'INSIDE', 'NEAR', 'RAIL', 'OUTSIDE', 'INSIDE', 'INSIDE', 'OUTSIDE', 'NEAR', 'RAIL', 'OUTSIDE', 'RAIL', 'RAIL']","[[0.88, 1.41, 2.36], [0.57, 0.1, 0.6], [0.27, 0.2, 0.41], [0.87, 1.02, 0.67], [1.56, 0.42, 0.62], [0.91, 0.31, 0.21], [1.1, 1.86, 0.64], [0.76, 1.71, 0.04], [1.52, 1.59, 0.08], [1.08, 0.87, 0.05], [0.94, 0.98, 0.04], [0.2, 0.26, 0.08], [0.06, 0.17, 0.06], [0.22, 0.99, 0.0], [0.25, 2.01, 0.14], [1.94, 4.86, 1.09], [0.09, 0.9, 0.0], [0.25, 1.04, 0.0], [0.36, 3.38, 0.18], [0.29, 1.12, 0.0], [1.05, 0.93, 0.26], [0.28, 0.66, 0.0], [1.57, 1.49, 0.01], [1.79, 1.61, 0.01], [0.11, 1.01, 0.0], [0.29, 1.23, 0.0], [0.13, 1.22, 0.0], [0.04, 0.89, 0.0], [0.06, 1.07, 0.0], [0.01, 0.8, 0.0]]","[31, 45, 4, 3, 8, 1, 39, 10, 9, 57, 2, 32, 11, 13, 15, 16, 17, 24, 33, 34, 27, 22, 36, 28, 35, 40, 47, 29, 48, 54]",15.1
60,1788354629002680323,921600,95497,31,29,103.6,"[0.5, 19.7, 31.2, 34.4, 34.6, 34.8, 40.4, 42.8, 44.6, 45.9, 46.9, 49.6, 83.6, 83.7, 85.5, 85.6, 89.2, 91.0, 92.7, 93.5, 93.7, 96.3, 96.5, 98.1, 100.1, 101.6, 101.8, 103.5, 103.6]","['INSIDE', 'INSIDE', 'INSIDE', 'INSIDE', 'RAIL', 'RAIL', 'INSIDE', 'INSIDE', 'INSIDE', 'RAIL', 'INSIDE', 'RAIL', 'INSIDE', 'OUTSIDE', 'OUTSIDE', 'NEAR', 'INSIDE', 'INSIDE', 'INSIDE', 'OUTSIDE', 'OUTSIDE', 'NEAR', 'INSIDE', 'OUTSIDE', 'RAIL', 'RAIL', 'RAIL', 'OUTSIDE', 'RAIL']","[[1.16, 1.65, 2.39], [0.95, 0.65, 1.66], [0.27, 0.17, 0.41], [0.66, 0.77, 0.67], [1.4, 0.33, 0.62], [0.6, 0.32, 0.21], [1.68, 1.73, 0.09], [1.41, 1.18, 0.06], [1.28, 0.49, 0.08], [0.32, 0.19, 0.09], [0.66, 0.82, 0.03], [0.07, 0.17, 0.12], [0.22, 1.17, 0.23], [0.96, 1.16, 0.01], [0.13, 2.34, 0.17], [0.09, 0.9, 0.0], [0.2, 2.92, 0.18], [0.24, 3.13, 0.18], [0.29, 0.65, 0.0], [1.97, 2.42, 0.19], [1.82, 1.6, 0.01], [0.01, 0.67, 0.0], [0.32, 1.18, 0.0], [0.13, 1.03, 0.0], [0.12, 1.05, 0.0], [0.28, 1.43, 0.29], [0.03, 1.07, 0.0], [0.05, 0.9, 0.0], [0.07, 1.27, 0.0]]","[31, 5, 4, 3, 8, 1, 9, 57, 39, 32, 2, 11, 16, 23, 17, 24, 33, 34, 28, 36, 27, 35, 44, 38, 47, 29, 48, 50, 53]",15.7
61,1788354629111054194,921600,95592,28,27,114.3,"[0.5, 19.6, 31.1, 33.3, 34.3, 34.4, 38.0, 40.0, 40.2, 42.5, 44.6, 45.6, 47.0, 49.3, 79.1, 82.8, 85.5, 87.1, 89.1, 90.8, 90.9, 92.7, 93.7, 100.0, 100.1, 101.8, 114.3]","['INSIDE', 'INSIDE', 'INSIDE', 'INSIDE', 'INSIDE', 'RAIL', 'RAIL', 'INSIDE', 'INSIDE', 'INSIDE', 'INSIDE', 'INSIDE', 'RAIL', 'RAIL', 'INSIDE', 'INSIDE', 'OUTSIDE', 'OUTSIDE', 'INSIDE', 'NEAR', 'RAIL', 'OUTSIDE', 'INSIDE', 'NEAR', 'RAIL', 'RAIL', 'RAIL']","[[0.87, 1.41, 2.36], [1.23, 0.65, 1.89], [0.61, 0.24, 0.6], [0.27, 0.2, 0.41], [0.93, 1.02, 0.67], [1.55, 0.36, 0.62], [0.91, 0.32, 0.21], [1.11, 1.86, 0.64], [0.8, 1.71, 0.04], [1.44, 1.59, 0.08], [1.06, 0.87, 0.04], [0.9, 0.98, 0.04], [0.24, 0.23, 0.08], [0.08, 0.16, 0.05], [1.78, 2.36, 0.84], [2.01, 4.52, 1.07], [0.17, 0.9, 0.0], [0.27, 0.92, 0.0], [0.43, 3.39, 0.37], [0.19, 1.11, 0.0], [1.03, 0.93, 0.26], [0.32, 0.81, 0.0], [1.92, 4.39, 0.2], [0.22, 1.23, 0.0], [0.1, 1.05, 0.0], [0.08, 1.24, 0.0], [0.02, 0.8, 0.0]]","[31, 5, 45, 4, 3, 8, 1, 39, 10, 9, 57, 2, 32, 11, 21, 16, 17, 20, 33, 34, 26, 22, 28, 40, 47, 48, 54]",19.6
62,1788354629200948241,921600,95597,32,30,103.6,"[0.5, 19.8, 27.7, 31.2, 34.3, 40.3, 40.3, 42.8, 44.6, 45.9, 46.9, 49.6, 82.8, 85.5, 85.7, 87.3, 87.3, 89.2, 91.0, 93.2, 93.7, 94.3, 96.3, 96.4, 98.1, 100.0, 101.7, 101.8, 103.5, 103.6]","['INSIDE', 'INSIDE', 'INSIDE', 'INSIDE', 'RAIL', 'RAIL', 'INSIDE', 'INSIDE', 'INSIDE', 'RAIL', 'INSIDE', 'RAIL', 'INSIDE', 'OUTSIDE', 'NEAR', 'OUTSIDE', 'INSIDE', 'OUTSIDE', 'INSIDE', 'OUTSIDE', 'INSIDE', 'OUTSIDE', 'NEAR', 'INSIDE', 'OUTSIDE', 'RAIL', 'NEAR', 'RAIL', 'OUTSIDE', 'RAIL']","[[0.25, 0.12, 0.52], [0.95, 0.65, 1.75], [0.26, 0.17, 0.4], [0.56, 0.86, 0.67], [1.57, 0.34, 0.62], [0.66, 0.37, 0.21], [1.1, 1.7, 0.51], [1.66, 1.73, 0.09], [1.4, 0.88, 0.06], [0.43, 0.22, 0.13], [0.63, 0.82, 0.03], [0.06, 0.14, 0.07], [1.93, 3.85, 1.24], [0.23, 1.89, 0.17], [0.26, 1.19, 0.0], [0.09, 0.76, 0.0], [0.52, 3.06, 0.61], [0.02, 0.78, 0.0], [0.24, 3.14, 0.18], [1.45, 1.33, 0.01], [0.69, 0.99, 0.0], [1.79, 1.6, 0.01], [0.03, 0.84, 0.0], [0.13, 0.84, 0.0], [0.04, 1.03, 0.0], [0.07, 0.87, 0.0], [0.03, 1.07, 0.0], [0.05, 1.24, 0.0], [0.04, 0.72, 0.0], [0.08, 1.27, 0.0]]","[45, 5, 4, 3, 8, 1, 6, 9, 57, 32, 2, 11, 16, 17, 24, 20, 25, 33, 34, 36, 28, 27, 35, 44, 38, 47, 29, 48, 50, 53]",31.7
63,1788354629300149307,921600,95608,28,27,114.3,"[0.5, 31.1, 33.4, 34.3, 34.4, 38.0, 40.0, 40.2, 42.5, 44.6, 46.5, 49.3, 82.8, 85.5, 85.5, 87.2, 89.1, 90.8, 90.9, 92.8, 93.7, 96.3, 100.0, 100.1, 101.7, 101.9, 114.3]","['INSIDE', 'INSIDE', 'INSIDE', 'INSIDE', 'RAIL', 'RAIL', 'INSIDE', 'INSIDE', 'INSIDE', 'INSIDE', 'OUTSIDE', 'RAIL', 'INSIDE', 'OUTSIDE', 'INSIDE', 'OUTSIDE', 'INSIDE', 'NEAR', 'RAIL', 'OUTSIDE', 'INSIDE', 'OUTSIDE', 'NEAR', 'RAIL', 'OUTSIDE', 'RAIL', 'RAIL']","[[0.89, 1.41, 2.36], [0.56, 0.25, 0.6], [0.26, 0.2, 0.4], [0.94, 1.02, 0.67], [1.54, 0.42, 0.55], [0.91, 0.32, 0.21], [1.11, 1.86, 0.64], [0.74, 1.71, 0.04], [1.51, 1.59, 0.08], [1.07, 0.87, 0.05], [2.71, 2.38, 0.12], [0.09, 0.14, 0.08], [2.0, 4.38, 1.07], [0.17, 1.05, 0.0], [0.23, 1.04, 0.0], [0.12, 0.92, 0.0], [0.38, 3.38, 0.37], [0.27, 1.12, 0.0], [1.03, 0.93, 0.26], [0.28, 0.66, 0.0], [1.75, 1.49, 0.01], [0.06, 0.84, 0.0], [0.19, 1.22, 0.0], [0.06, 1.05, 0.0], [0.04, 1.07, 0.0], [0.06, 1.07, 0.0], [0.05, 0.8, 0.0]]","[31, 45, 4, 3, 8, 1, 39, 10, 9, 57, 2, 11, 16, 17, 24, 20, 33, 34, 26, 22, 28, 35, 40, 47, 29, 48, 54]",25.8
64,1788354629398569181,921600,95665,30,28,103.6,"[0.5, 31.2, 34.3, 40.3, 42.8, 44.6, 45.9, 46.9, 49.6, 82.2, 83.7, 85.5, 85.6, 87.3, 87.4, 89.2, 91.0, 93.2, 93.7, 94.2, 96.3, 96.4, 98.1, 100.0, 101.7, 101.9, 103.5, 103.6]","['INSIDE', 'INSIDE', 'INSIDE', 'RAIL', 'RAIL', 'INSIDE', 'INSIDE', 'INSIDE', 'RAIL', 'INSIDE', 'OUTSIDE', 'OUTSIDE', 'NEAR', 'OUTSIDE', 'INSIDE', 'OUTSIDE', 'INSIDE', 'OUTSIDE', 'INSIDE', 'OUTSIDE', 'OUTSIDE', 'INSIDE', 'OUTSIDE', 'RAIL', 'NEAR', 'RAIL', 'OUTSIDE', 'RAIL']","[[0.97, 0.65, 1.75], [0.26, 0.24, 0.4], [0.55, 0.86, 0.67], [0.64, 0.37, 0.21], [1.57, 0.44, 0.55], [1.65, 1.73, 0.09], [1.38, 0.88, 0.06], [0.61, 0.82, 0.03], [0.07, 0.16, 0.13], [0.64, 3.71, 1.24], [0.28, 0.74, 0.0], [0.17, 2.04, 0.17], [0.06, 1.04, 0.0], [0.09, 0.76, 0.0], [0.4, 3.06, 0.61], [0.03, 0.78, 0.0], [0.3, 3.3, 0.18], [1.39, 1.5, 0.01], [0.59, 0.99, 0.0], [1.81, 1.44, 0.01], [0.03, 1.01, 0.0], [0.17, 1.01, 0.0], [0.04, 0.86, 0.0], [0.04, 0.87, 0.0], [0.02, 1.07, 0.0], [0.06, 1.24, 0.0], [0.08, 0.9, 0.0], [0.07, 1.08, 0.0]]","[5, 4, 3, 1, 8, 9, 57, 2, 11, 16, 17, 20, 24, 33, 25, 26, 34, 36, 28, 27, 35, 44, 38, 47, 29, 48, 50, 53]",33.6
65,1788354629496818993,921600,95643,31,30,114.3,"[0.5, 19.7, 31.1, 33.3, 34.3, 34.4, 38.0, 39.8, 40.2, 42.5, 44.6, 46.5, 47.0, 49.4, 72.9, 80.0, 82.8, 85.5, 85.5, 87.2, 89.1, 90.8, 90.9, 92.7, 93.6, 96.3, 100.0, 100.1, 101.8, 114.3]","['INSIDE', 'INSIDE', 'INSIDE', 'INSIDE', 'INSIDE', 'RAIL', 'INSIDE', 'RAIL', 'INSIDE', 'INSIDE', 'INSIDE', 'OUTSIDE', 'RAIL', 'RAIL', 'OUTSIDE', 'INSIDE', 'INSIDE', 'OUTSIDE', 'INSIDE', 'OUTSIDE', 'INSIDE', 'NEAR', 'RAIL', 'OUTSIDE', 'INSIDE', 'OUTSIDE', 'NEAR', 'RAIL', 'RAIL', 'RAIL']","[[0.89, 1.41, 2.36], [1.04, 0.24, 0.6], [1.25, 0.65, 1.89], [0.28, 0.2, 0.41], [0.9, 1.02, 0.67], [0.92, 0.33, 0.21], [1.1, 1.86, 0.64], [1.54, 0.42, 0.62], [0.75, 1.71, 0.04], [1.51, 1.59, 0.08], [1.08, 0.87, 0.05], [2.71, 2.38, 0.12], [0.2, 0.26, 0.08], [0.09, 0.16, 0.12], [0.33, 2.01, 0.14], [0.45, 0.56, 0.0], [2.06, 4.52, 1.07], [0.19, 1.05, 0.0], [0.25, 1.04, 0.0], [0.14, 0.92, 0.0], [0.35, 3.38, 0.37], [0.22, 1.11, 0.0], [1.03, 0.93, 0.26], [0.09, 0.81, 0.0], [1.86, 2.14, 0.01], [0.04, 1.01, 0.0], [0.26, 1.23, 0.0], [0.13, 1.22, 0.0], [0.04, 1.07, 0.0], [0.02, 0.8, 0.0]]","[31, 45, 5, 4, 3, 1, 39, 8, 10, 9, 57, 2, 32, 11, 15, 21, 16, 20, 24, 33, 26, 34, 27, 22, 28, 35, 40, 47, 48, 54]",15.3
66,1788354629592190996,921600,95532,30,28,103.5,"[0.5, 31.2, 34.3, 40.2, 40.3, 42.7, 44.6, 45.9, 46.9, 49.6, 82.8, 83.4, 85.5, 85.7, 87.3, 87.4, 89.2, 91.0, 93.2, 93.7, 94.3, 96.3, 96.4, 98.1, 100.0, 101.7, 101.8, 103.5]","['INSIDE', 'INSIDE', 'INSIDE', 'INSIDE', 'RAIL', 'RAIL', 'INSIDE', 'INSIDE', 'INSIDE', 'RAIL', 'INSIDE', 'OUTSIDE', 'OUTSIDE', 'INSIDE', 'OUTSIDE', 'INSIDE', 'OUTSIDE', 'INSIDE', 'OUTSIDE', 'INSIDE', 'OUTSIDE', 'NEAR', 'INSIDE', 'OUTSIDE', 'INSIDE', 'OUTSIDE', 'RAIL', 'OUTSIDE']","[[0.93, 0.65, 1.75], [0.27, 0.12, 0.52], [0.27, 0.22, 0.4], [0.53, 0.86, 0.67], [1.52, 0.42, 0.62], [0.7, 0.33, 0.21], [1.63, 1.73, 0.09], [1.38, 0.88, 0.06], [0.64, 0.82, 0.03], [0.08, 0.16, 0.1], [1.95, 3.99, 1.24], [0.7, 1.47, 0.01], [0.27, 2.04, 0.17], [0.2, 1.04, 0.0], [0.07, 0.92, 0.0], [0.54, 3.06, 0.61], [0.04, 0.78, 0.0], [0.27, 3.3, 0.18], [1.45, 1.5, 0.01], [0.7, 0.99, 0.0], [1.83, 1.76, 0.01], [0.03, 0.84, 0.0], [0.15, 1.01, 0.0], [0.07, 1.03, 0.0], [0.15, 0.7, 0.0], [0.04, 0.71, 0.0], [0.02, 1.07, 0.0], [0.02, 0.72, 0.0]]","[5, 45, 4, 3, 8, 1, 9, 57, 2, 11, 16, 23, 20, 24, 33, 25, 26, 34, 36, 28, 44, 35, 38, 40, 29, 50, 48, 53]",14.9
67,1788354629696899340,921600,95609,29,28,114.3,"[0.5, 19.7, 31.1, 33.3, 34.3, 34.4, 38.1, 40.1, 40.3, 42.5, 44.6, 45.7, 47.0, 49.5, 73.0, 82.8, 85.4, 85.6, 89.1, 90.9, 93.3, 93.7, 96.3, 100.0, 100.0, 101.8, 101.8, 114.3]","['INSIDE', 'INSIDE', 'INSIDE', 'INSIDE', 'INSIDE', 'RAIL', 'RAIL', 'INSIDE', 'INSIDE', 'INSIDE', 'INSIDE', 'INSIDE', 'RAIL', 'RAIL', 'OUTSIDE', 'INSIDE', 'OUTSIDE', 'INSIDE', 'INSIDE', 'NEAR', 'OUTSIDE', 'INSIDE', 'OUTSIDE', 'NEAR', 'RAIL', 'OUTSIDE', 'RAIL', 'RAIL']","[[0.88, 1.4, 2.36], [0.52, 0.1, 0.6], [1.27, 0.65, 1.89], [0.28, 0.2, 0.41], [0.9, 1.02, 0.68], [1.57, 0.42, 0.62], [0.84, 0.32, 0.21], [1.79, 2.61, 0.65], [0.72, 1.58, 0.04], [1.6, 1.59, 0.09], [1.12, 0.87, 0.05], [1.02, 0.98, 0.04], [0.2, 0.2, 0.08], [0.1, 0.16, 0.08], [0.39, 2.02, 0.14], [1.98, 4.23, 1.07], [0.29, 1.59, 0.17], [0.22, 1.04, 0.0], [0.21, 3.39, 0.18], [0.26, 1.11, 0.0], [1.19, 0.85, 0.01], [1.78, 1.98, 0.01], [0.03, 0.84, 0.0], [0.24, 1.05, 0.0], [0.07, 0.87, 0.0], [0.12, 1.25, 0.0], [0.03, 1.07, 0.0], [0.03, 0.8, 0.0]]","[31, 45, 5, 4, 3, 8, 1, 39, 10, 9, 57, 2, 32, 11, 15, 16, 20, 24, 26, 34, 36, 28, 35, 29, 47, 50, 48, 54]",15.6
68,1788354629798360526,921600,95521,34,31,103.5,"[0.5, 27.7, 31.2, 34.4, 34.6, 36.2, 40.4, 42.8, 44.6, 45.9, 46.9, 49.6, 82.8, 83.6, 85.5, 85.6, 87.3, 87.3, 89.1, 89.3, 91.0, 93.3, 93.7, 94.3, 96.3, 96.5, 98.0, 100.0, 101.7, 101.9, 103.5]","['INSIDE', 'INSIDE', 'INSIDE', 'INSIDE', 'RAIL', 'RAIL', 'INSIDE', 'INSIDE', 'INSIDE', 'INSIDE', 'INSIDE', 'RAIL', 'INSIDE', 'OUTSIDE', 'OUTSIDE', 'NEAR', 'OUTSIDE', 'INSIDE', 'INSIDE', 'OUTSIDE', 'INSIDE', 'OUTSIDE', 'INSIDE', 'OUTSIDE', 'NEAR', 'INSIDE', 'OUTSIDE', 'RAIL', 'NEAR', 'RAIL', 'OUTSIDE']","[[1.15, 1.65, 2.39], [0.93, 0.61, 1.75], [0.26, 0.24, 0.4], [0.57, 0.77, 0.67], [1.41, 0.39, 0.62], [0.65, 0.33, 0.21], [1.21, 1.7, 0.52], [1.7, 1.73, 0.09], [1.4, 0.88, 0.06], [4.11, 2.8, 0.25], [0.63, 0.82, 0.03], [0.07, 0.16, 0.11], [1.95, 3.99, 1.24], [0.94, 1.16, 0.01], [0.29, 2.34, 0.17], [0.07, 1.04, 0.0], [0.1, 0.76, 0.0], [0.26, 1.42, 0.61], [0.45, 0.62, 0.18], [0.15, 0.93, 0.0], [0.26, 2.82, 0.18], [1.45, 1.5, 0.01], [0.64, 0.99, 0.0], [1.81, 1.6, 0.01], [0.03, 0.84, 0.0], [0.26, 1.01, 0.0], [0.18, 1.2, 0.0], [0.06, 1.05, 0.0], [0.01, 1.07, 0.0], [0.15, 1.24, 0.0], [0.05, 0.72, 0.0]]","[31, 5, 4, 3, 8, 1, 6, 9, 57, 10, 2, 11, 16, 23, 20, 24, 33, 25, 26, 27, 34, 36, 28, 44, 35, 38, 40, 47, 50, 48, 53]",15.6
69,1788354629899055745,921600,95643,32,31,114.3,"[0.5, 19.7, 30.7, 33.2, 34.3, 34.4, 38.1, 40.1, 40.1, 42.6, 44.6, 45.8, 46.9, 49.4, 72.8, 79.2, 82.8, 83.4, 85.5, 85.6, 87.3, 89.0, 90.8, 93.3, 93.5, 96.3, 100.0, 100.0, 101.7, 101.9, 114.3]","['INSIDE', 'INSIDE', 'INSIDE', 'INSIDE', 'INSIDE', 'RAIL', 'INSIDE', 'RAIL', 'INSIDE', 'INSIDE', 'INSIDE', 'INSIDE', 'RAIL', 'RAIL', 'OUTSIDE', 'INSIDE', 'INSIDE', 'NEAR', 'OUTSIDE', 'OUTSIDE', 'OUTSIDE', 'INSIDE', 'NEAR', 'OUTSIDE', 'INSIDE', 'OUTSIDE', 'NEAR', 'RAIL', 'OUTSIDE', 'RAIL', 'RAIL']","[[0.87, 1.41, 2.36], [1.04, 0.65, 1.76], [0.49, 0.1, 0.6], [0.27, 0.2, 0.41], [1.13, 1.1, 0.68], [1.69, 0.49, 0.21], [1.91, 2.71, 0.65], [1.53, 0.4, 0.62], [0.7, 1.58, 0.04], [1.98, 1.74, 0.1], [1.16, 0.87, 0.05], [0.97, 0.98, 0.04], [0.22, 0.16, 0.08], [0.07, 0.15, 0.06], [0.3, 1.88, 0.14], [1.81, 2.97, 0.87], [1.94, 2.96, 1.07], [0.74, 1.03, 0.01], [0.25, 1.59, 0.17], [0.24, 2.36, 0.17], [0.09, 0.76, 0.0], [0.39, 3.39, 0.37], [0.16, 0.95, 0.0], [1.18, 0.85, 0.01], [1.69, 2.13, 0.01], [0.05, 0.84, 0.0], [0.19, 1.05, 0.0], [0.17, 1.04, 0.0], [0.04, 1.07, 0.0], [0.06, 1.24, 0.0], [0.02, 0.8, 0.0]]","[31, 5, 45, 4, 3, 1, 39, 8, 10, 9, 57, 2, 32, 11, 15, 21, 16, 23, 20, 24, 33, 26, 34, 36, 28, 35, 29, 47, 50, 48, 54]",17.6
70,1788354629994818410,921600,95690,33,30,117.9,"[0.5, 19.7, 27.7, 31.2, 34.3, 40.3, 42.7, 44.6, 45.9, 46.9, 49.6, 82.8, 83.7, 83.7, 85.6, 85.6, 87.3, 89.2, 90.9, 93.3, 93.7, 94.2, 96.3, 96.4, 98.1, 100.0, 101.6, 101.9, 103.5, 117.9]","['INSIDE', 'INSIDE', 'INSIDE', 'RAIL', 'RAIL', 'NEAR', 'INSIDE', 'INSIDE', 'RAIL', 'INSIDE', 'RAIL', 'OUTSIDE', 'INSIDE', 'OUTSIDE', 'OUTSIDE', 'INSIDE', 'OUTSIDE', 'OUTSIDE', 'INSIDE', 'OUTSIDE', 'INSIDE', 'OUTSIDE', 'OUTSIDE', 'INSIDE', 'OUTSIDE', 'INSIDE', 'RAIL', 'RAIL', 'OUTSIDE', 'RAIL']","[[0.99, 0.66, 1.76], [0.27, 0.24, 0.4], [0.54, 0.77, 0.67], [1.58, 0.4, 0.62], [0.7, 0.33, 0.21], [1.11, 1.49, 0.51], [1.61, 1.73, 0.09], [1.36, 0.88, 0.06], [0.27, 0.22, 0.13], [0.61, 0.81, 0.03], [0.08, 0.18, 0.12], [0.21, 0.74, 0.0], [1.91, 3.85, 1.24], [1.07, 1.3, 0.01], [0.29, 2.04, 0.17], [0.17, 1.04, 0.0], [0.07, 0.92, 0.0], [0.09, 0.93, 0.0], [0.3, 3.13, 0.18], [1.24, 1.17, 0.01], [0.61, 0.83, 0.0], [1.76, 1.28, 0.01], [0.07, 1.01, 0.0], [0.14, 1.01, 0.0], [0.04, 0.69, 0.0], [0.12, 0.87, 0.0], [0.25, 1.43, 0.29], [0.06, 1.24, 0.0], [0.07, 0.91, 0.0], [0.03, 0.62, 0.0]]","[5, 4, 3, 8, 1, 6, 9, 57, 32, 2, 11, 17, 16, 23, 20, 24, 33, 27, 34, 36, 28, 44, 35, 38, 40, 29, 50, 48, 53, 54]",16.0
71,1788354630095821178,921600,95701,31,30,116.1,"[0.5, 30.7, 33.5, 34.3, 34.4, 38.1, 40.1, 40.3, 42.5, 44.6, 45.8, 46.9, 49.4, 72.9, 82.8, 85.5, 85.6, 87.2, 89.1, 89.2, 90.8, 90.9, 93.3, 93.6, 96.3, 99.9, 100.1, 101.7, 101.9, 116.1]","['INSIDE', 'INSIDE', 'INSIDE', 'INSIDE', 'INSIDE', 'RAIL', 'RAIL', 'INSIDE', 'INSIDE', 'INSIDE', 'INSIDE', 'INSIDE', 'RAIL', 'OUTSIDE', 'INSIDE', 'OUTSIDE', 'OUTSIDE', 'OUTSIDE', 'INSIDE', 'NEAR', 'NEAR', 'INSIDE', 'OUTSIDE', 'INSIDE', 'OUTSIDE', 'INSIDE', 'RAIL', 'OUTSIDE', 'RAIL', 'RAIL']","[[0.87, 1.41, 2.36], [0.51, 0.1, 0.6], [1.03, 0.65, 1.67], [0.28, 0.2, 0.41], [1.15, 1.1, 0.68], [1.55, 0.44, 0.62], [1.61, 0.44, 0.21], [1.39, 1.86, 0.65], [0.67, 1.58, 0.03], [1.62, 1.6, 0.09], [1.16, 0.87, 0.05], [0.98, 0.98, 0.04], [0.07, 0.17, 0.12], [0.22, 1.76, 0.14], [1.93, 4.38, 1.07], [0.34, 1.89, 0.17], [0.16, 2.36, 0.17], [0.12, 0.77, 0.0], [0.09, 1.24, 0.0], [0.07, 0.93, 0.0], [0.19, 0.95, 0.0], [0.09, 0.63, 0.0], [1.19, 0.85, 0.01], [1.85, 1.97, 0.01], [0.05, 0.84, 0.0], [0.05, 0.7, 0.0], [0.07, 0.87, 0.0], [0.06, 1.06, 0.0], [0.09, 1.24, 0.0], [0.04, 0.81, 0.0]]","[31, 45, 5, 4, 3, 8, 1, 39, 10, 9, 57, 2, 11, 15, 16, 20, 24, 33, 26, 27, 34, 44, 36, 28, 35, 29, 47, 50, 48, 54]",16.3
72,1788354630194133820,921600,95531,34,29,111.3,"[0.5, 27.7, 31.2, 34.4, 40.3, 42.8, 44.6, 45.9, 47.0, 49.6, 71.1, 82.8, 83.4, 85.6, 85.7, 87.3, 89.3, 90.9, 93.2, 93.7, 94.3, 96.3, 96.4, 98.1, 99.9, 100.0, 101.7, 101.8, 111.3]","['INSIDE', 'INSIDE', 'INSIDE', 'RAIL', 'INSIDE', 'RAIL', 'INSIDE', 'INSIDE', 'INSIDE', 'RAIL', 'INSIDE', 'INSIDE', 'OUTSIDE', 'OUTSIDE', 'INSIDE', 'OUTSIDE', 'OUTSIDE', 'INSIDE', 'OUTSIDE', 'INSIDE', 'OUTSIDE', 'NEAR', 'INSIDE', 'OUTSIDE', 'OUTSIDE', 'RAIL', 'NEAR', 'RAIL', 'RAIL']","[[0.93, 0.65, 1.66], [0.26, 0.17, 0.4], [0.59, 0.77, 0.67], [0.65, 0.32, 0.21], [1.24, 1.7, 0.52], [1.39, 0.36, 0.62], [1.61, 1.73, 0.09], [1.37, 1.18, 0.06], [0.61, 0.81, 0.03], [0.06, 0.17, 0.12], [0.34, 1.71, 0.13], [1.93, 3.99, 1.24], [0.74, 1.18, 0.01], [0.35, 2.04, 0.17], [0.2, 1.04, 0.0], [0.07, 0.76, 0.0], [0.13, 0.93, 0.0], [0.2, 3.14, 0.18], [1.43, 1.33, 0.01], [0.66, 0.99, 0.0], [1.84, 1.76, 0.01], [0.02, 0.67, 0.0], [0.18, 1.01, 0.0], [0.02, 0.86, 0.0], [0.44, 1.89, 0.21], [0.05, 0.87, 0.0], [0.02, 1.07, 0.0], [0.02, 1.07, 0.0], [1.21, 0.97, 0.0]]","[5, 4, 3, 1, 6, 8, 9, 57, 2, 11, 15, 16, 23, 20, 24, 33, 27, 44, 36, 28, 38, 35, 40, 29, 50, 47, 53, 48, 54]",24.6
73,1788354630296996392,921600,95675,31,28,101.8,"[0.5, 31.1, 34.4, 40.1, 40.3, 42.6, 44.6, 45.7, 47.0, 49.5, 70.2, 80.1, 82.2, 83.4, 85.5, 85.6, 87.3, 89.1, 89.2, 90.9, 90.9, 93.6, 96.3, 96.4, 98.0, 99.9, 101.7, 101.8]","['INSIDE', 'INSIDE', 'INSIDE', 'INSIDE', 'RAIL', 'RAIL', 'INSIDE', 'INSIDE', 'INSIDE', 'RAIL', 'INSIDE', 'INSIDE', 'INSIDE', 'OUTSIDE', 'NEAR', 'INSIDE', 'OUTSIDE', 'INSIDE', 'NEAR', 'INSIDE', 'INSIDE', 'INSIDE', 'OUTSIDE', 'INSIDE', 'OUTSIDE', 'INSIDE', 'OUTSIDE', 'RAIL']","[[1.09, 0.65, 1.76], [0.5, 0.1, 0.53], [0.29, 0.2, 0.41], [0.84, 1.02, 0.68], [1.37, 0.36, 0.62], [0.82, 0.32, 0.21], [1.32, 1.58, 0.07], [1.26, 0.87, 0.05], [0.57, 0.81, 0.02], [0.06, 0.16, 0.04], [2.0, 2.92, 0.78], [0.33, 0.69, 0.0], [0.63, 2.67, 1.07], [0.72, 0.6, 0.01], [0.2, 0.45, 0.0], [0.14, 1.19, 0.0], [0.16, 0.92, 0.0], [0.22, 1.24, 0.0], [0.06, 1.09, 0.0], [0.23, 1.11, 0.0], [0.14, 0.79, 0.0], [1.91, 3.24, 0.19], [0.05, 0.84, 0.0], [0.06, 0.84, 0.0], [0.16, 0.69, 0.0], [0.07, 0.87, 0.0], [0.04, 1.07, 0.0], [0.02, 1.07, 0.0]]","[5, 45, 4, 3, 8, 1, 9, 57, 2, 11, 15, 21, 16, 23, 20, 24, 33, 26, 27, 34, 44, 28, 35, 40, 29, 50, 53, 48]",19.6
74,1788354630394940789,921600,95570,33,29,109.0,"[0.5, 31.3, 33.0, 34.4, 34.6, 38.1, 40.3, 43.1, 44.6, 46.1, 47.0, 49.6, 76.4, 82.2, 83.8, 85.5, 85.6, 87.3, 87.3, 89.1, 90.9, 91.0, 93.7, 96.4, 98.1, 100.0, 101.8, 101.8, 109.0]","['INSIDE', 'INSIDE', 'INSIDE', 'INSIDE', 'RAIL', 'RAIL', 'OUTSIDE', 'INSIDE', 'INSIDE', 'INSIDE', 'INSIDE', 'RAIL', 'INSIDE', 'INSIDE', 'INSIDE', 'OUTSIDE', 'OUTSIDE', 'OUTSIDE', 'INSIDE', 'INSIDE', 'INSIDE', 'NEAR', 'INSIDE', 'INSIDE', 'OUTSIDE', 'RAIL', 'NEAR', 'RAIL', 'RAIL']","[[1.16, 2.14, 2.38], [1.01, 0.62, 1.65], [0.24, 0.22, 0.4], [0.61, 0.77, 0.67], [1.4, 0.36, 0.69], [0.57, 0.39, 0.21], [1.07, 1.68, 0.61], [1.02, 1.71, 0.05], [1.36, 1.58, 0.07], [1.81, 1.34, 0.08], [0.74, 0.82, 0.03], [0.07, 0.16, 0.12], [1.45, 0.8, 1.35], [0.64, 3.99, 1.24], [0.51, 3.02, 0.39], [0.13, 2.49, 0.17], [0.04, 0.75, 0.0], [0.11, 1.07, 0.0], [0.26, 1.57, 0.61], [0.45, 2.92, 0.37], [0.1, 0.79, 0.0], [0.14, 1.11, 0.0], [2.01, 5.33, 0.39], [0.21, 3.17, 0.2], [0.07, 1.03, 0.0], [0.03, 0.87, 0.0], [0.13, 1.07, 0.0], [0.05, 1.07, 0.0], [0.03, 0.95, 0.0]]","[31, 5, 4, 3, 8, 1, 39, 10, 9, 57, 2, 11, 21, 16, 17, 20, 24, 33, 25, 27, 34, 44, 28, 40, 29, 47, 53, 48, 54]",20.2
75,1788354630493799379,921600,95751,32,28,101.9,"[0.5, 30.8, 34.3, 34.5, 40.1, 40.2, 42.6, 44.6, 45.7, 46.9, 49.4, 82.2, 83.4, 85.5, 85.6, 87.2, 89.0, 89.2, 90.9, 90.9, 93.2, 93.7, 96.3, 96.4, 99.9, 100.0, 101.7, 101.9]","['INSIDE', 'INSIDE', 'INSIDE', 'INSIDE', 'INSIDE', 'RAIL', 'RAIL', 'INSIDE', 'INSIDE', 'INSIDE', 'RAIL', 'INSIDE', 'OUTSIDE', 'OUTSIDE', 'OUTSIDE', 'OUTSIDE', 'INSIDE', 'NEAR', 'NEAR', 'INSIDE', 'OUTSIDE', 'INSIDE', 'OUTSIDE', 'INSIDE', 'INSIDE', 'RAIL', 'OUTSIDE', 'RAIL']","[[0.95, 1.53, 2.37], [0.49, 0.11, 0.53], [1.02, 0.65, 1.76], [0.3, 0.17, 0.41], [0.9, 1.02, 0.67], [1.59, 0.39, 0.21], [1.55, 0.41, 0.62], [1.3, 1.58, 0.07], [1.23, 0.87, 0.05], [0.52, 0.81, 0.02], [0.08, 0.16, 0.12], [0.65, 2.97, 1.07], [0.68, 0.74, 0.01], [0.32, 1.89, 0.17], [0.19, 2.21, 0.17], [0.1, 0.76, 0.0], [0.3, 1.24, 0.18], [0.03, 0.78, 0.0], [0.07, 0.95, 0.0], [0.2, 0.95, 0.0], [1.38, 1.01, 0.01], [1.95, 2.14, 0.01], [0.03, 0.67, 0.0], [0.08, 0.84, 0.0], [0.03, 0.7, 0.0], [0.01, 0.7, 0.0], [0.02, 1.07, 0.0], [0.03, 1.07, 0.0]]","[31, 45, 5, 4, 3, 1, 8, 9, 57, 2, 11, 16, 23, 20, 24, 33, 26, 27, 34, 44, 36, 28, 35, 40, 50, 47, 53, 48]",21.1
76,1788354630591626858,921600,95667,39,34,103.6,"[0.5, 31.3, 33.0, 34.4, 34.6, 38.0, 38.0, 40.3, 43.1, 44.6, 46.1, 47.0, 49.6, 67.4, 71.1, 76.5, 82.9, 83.6, 85.5, 85.6, 87.3, 87.3, 89.2, 90.9, 91.0, 93.5, 93.7, 96.3, 96.4, 98.1, 100.1, 101.8, 101.9, 103.6]","['INSIDE', 'INSIDE', 'INSIDE', 'INSIDE', 'RAIL', 'RAIL', 'OUTSIDE', 'INSIDE', 'INSIDE', 'INSIDE', 'INSIDE', 'INSIDE', 'RAIL', 'OUTSIDE', 'INSIDE', 'INSIDE', 'OUTSIDE', 'INSIDE', 'OUTSIDE', 'NEAR', 'OUTSIDE', 'INSIDE', 'INSIDE', 'INSIDE', 'NEAR', 'OUTSIDE', 'INSIDE', 'INSIDE', 'INSIDE', 'OUTSIDE', 'RAIL', 'NEAR', 'RAIL', 'RAIL']","[[1.2, 2.14, 2.39], [0.99, 0.62, 1.65], [0.24, 0.2, 0.4], [0.65, 1.11, 0.67], [1.39, 0.36, 0.69], [0.57, 0.33, 0.21], [1.04, 1.69, 0.61], [1.08, 0.64, 0.06], [0.22, 0.93, 0.01], [1.4, 1.58, 0.07], [1.78, 1.34, 0.08], [0.76, 0.82, 0.03], [0.08, 0.16, 0.12], [0.15, 1.99, 0.14], [0.39, 1.46, 0.13], [1.38, 0.8, 1.35], [0.29, 0.74, 0.0], [2.15, 4.28, 1.24], [0.21, 2.19, 0.17], [0.07, 1.04, 0.0], [0.16, 1.07, 0.0], [0.27, 1.57, 0.61], [0.37, 3.08, 0.18], [0.09, 0.95, 0.0], [0.17, 1.11, 0.0], [1.88, 1.67, 0.01], [2.01, 3.72, 0.2], [0.04, 1.01, 0.0], [0.02, 1.01, 0.0], [0.18, 1.2, 0.0], [0.13, 0.87, 0.0], [0.09, 1.07, 0.0], [0.03, 0.89, 0.0], [0.06, 1.27, 0.0]]","[31, 5, 4, 3, 8, 1, 39, 10, 45, 9, 57, 2, 11, 15, 21, 16, 17, 23, 20, 24, 33, 25, 27, 34, 44, 36, 38, 35, 40, 29, 47, 53, 48, 58]",31.7
77,1788354630696326248,921600,95696,34,31,111.4,"[0.5, 31.0, 34.3, 34.4, 38.0, 40.1, 40.2, 42.6, 44.6, 45.9, 46.9, 49.5, 80.1, 82.2, 83.4, 83.7, 85.5, 85.6, 87.3, 89.1, 89.2, 90.9, 91.0, 93.1, 93.5, 96.3, 100.0, 100.0, 101.8, 103.6, 111.4]","['INSIDE', 'INSIDE', 'INSIDE', 'INSIDE', 'INSIDE', 'RAIL', 'RAIL', 'INSIDE', 'INSIDE', 'INSIDE', 'INSIDE', 'RAIL', 'INSIDE', 'INSIDE', 'OUTSIDE', 'OUTSIDE', 'OUTSIDE', 'OUTSIDE', 'OUTSIDE', 'INSIDE', 'NEAR', 'NEAR', 'INSIDE', 'INSIDE', 'OUTSIDE', 'OUTSIDE', 'INSIDE', 'RAIL', 'RAIL', 'RAIL', 'RAIL']","[[0.92, 1.41, 2.37], [1.04, 0.66, 1.67], [0.42, 0.11, 0.53], [0.26, 0.17, 0.41], [0.65, 0.94, 0.67], [1.01, 0.38, 0.21], [1.58, 0.4, 0.62], [0.33, 0.92, 0.02], [1.27, 1.58, 0.07], [1.19, 0.87, 0.05], [1.0, 0.98, 0.04], [0.07, 0.18, 0.07], [0.3, 0.69, 0.0], [0.63, 2.67, 1.07], [0.29, 2.15, 0.16], [0.68, 0.74, 0.01], [0.24, 1.74, 0.17], [0.22, 2.21, 0.17], [0.14, 0.92, 0.0], [0.52, 1.24, 0.37], [0.05, 0.93, 0.0], [0.1, 0.95, 0.0], [0.14, 0.95, 0.0], [2.01, 2.13, 0.01], [1.44, 1.17, 0.01], [0.04, 1.01, 0.0], [0.07, 0.87, 0.0], [0.01, 0.7, 0.0], [0.02, 1.07, 0.0], [0.05, 1.27, 0.0], [1.46, 1.5, 0.17]]","[31, 5, 10, 4, 3, 1, 8, 45, 9, 57, 2, 11, 23, 17, 20, 24, 33, 25, 26, 27, 44, 34, 38, 28, 36, 35, 50, 47, 48, 58, 54]",27.9
78,1788354630797650350,921600,95565,32,29,103.7,"[0.5, 27.8, 31.2, 34.4, 34.7, 42.8, 44.6, 45.9, 46.9, 49.6, 73.1, 74.5, 75.8, 82.2, 85.5, 85.6, 87.3, 89.2, 91.0, 92.7, 93.2, 93.7, 94.3, 96.3, 96.5, 98.1, 101.8, 101.8, 103.7]","['INSIDE', 'INSIDE', 'INSIDE', 'INSIDE', 'RAIL', 'RAIL', 'INSIDE', 'INSIDE', 'INSIDE', 'RAIL', 'OUTSIDE', 'OUTSIDE', 'INSIDE', 'INSIDE', 'OUTSIDE', 'NEAR', 'OUTSIDE', 'INSIDE', 'INSIDE', 'INSIDE', 'OUTSIDE', 'INSIDE', 'OUTSIDE', 'NEAR', 'INSIDE', 'OUTSIDE', 'NEAR', 'RAIL', 'RAIL']","[[1.47, 2.26, 2.4], [0.98, 0.59, 1.66], [0.26, 0.24, 0.4], [0.6, 0.77, 0.67], [1.37, 0.39, 0.62], [0.59, 0.36, 0.21], [1.23, 1.7, 0.52], [1.41, 0.88, 0.06], [0.63, 0.82, 0.03], [0.09, 0.16, 0.1], [0.47, 1.94, 0.15], [4.0, 2.43, 0.16], [2.69, 2.92, 1.35], [0.64, 3.99, 1.24], [0.12, 2.19, 0.17], [0.04, 0.9, 0.0], [0.11, 0.76, 0.0], [0.33, 2.92, 0.18], [0.25, 3.3, 0.18], [0.27, 0.65, 0.0], [1.41, 1.5, 0.01], [0.63, 0.83, 0.0], [1.78, 1.28, 0.01], [0.03, 0.84, 0.0], [0.23, 1.18, 0.0], [0.13, 1.2, 0.0], [0.09, 1.07, 0.0], [0.03, 1.07, 0.0], [0.21, 1.45, 0.0]]","[31, 5, 4, 3, 8, 1, 6, 57, 2, 11, 21, 16, 23, 17, 33, 25, 26, 44, 38, 28, 36, 35, 40, 29, 47, 50, 53, 48, 58]",25.7
79,1788354630897725111,921600,95654,31,27,101.8,"[0.5, 30.7, 34.3, 34.4, 40.1, 40.2, 42.6, 44.6, 45.6, 46.9, 49.5, 71.0, 73.0, 82.8, 85.5, 85.7, 87.3, 89.1, 89.2, 90.9, 91.0, 93.1, 93.6, 96.3, 100.0, 100.1, 101.8]","['INSIDE', 'INSIDE', 'INSIDE', 'INSIDE', 'INSIDE', 'RAIL', 'RAIL', 'INSIDE', 'INSIDE', 'INSIDE', 'RAIL', 'INSIDE', 'OUTSIDE', 'INSIDE', 'OUTSIDE', 'INSIDE', 'OUTSIDE', 'INSIDE', 'NEAR', 'NEAR', 'INSIDE', 'OUTSIDE', 'INSIDE', 'OUTSIDE', 'INSIDE', 'RAIL', 'RAIL']","[[0.9, 1.4, 2.37], [0.46, 0.11, 0.53], [1.02, 0.65, 1.67], [0.28, 0.2, 0.41], [0.66, 0.94, 0.67], [1.54, 0.42, 0.55], [1.6, 0.38, 0.21], [1.27, 1.58, 0.07], [1.22, 0.87, 0.05], [0.56, 0.81, 0.02], [0.09, 0.16, 0.13], [0.47, 1.96, 0.13], [0.27, 1.88, 0.14], [1.97, 5.01, 1.09], [0.23, 0.75, 0.0], [0.28, 1.04, 0.0], [0.17, 1.07, 0.0], [0.14, 1.24, 0.0], [0.05, 0.93, 0.0], [0.11, 0.95, 0.0], [0.16, 0.95, 0.0], [1.41, 1.17, 0.01], [1.85, 2.14, 0.01], [0.04, 1.01, 0.0], [0.09, 0.87, 0.0], [0.05, 0.7, 0.0], [0.03, 1.07, 0.0]]","[31, 10, 5, 4, 3, 8, 1, 9, 57, 2, 11, 21, 16, 17, 33, 25, 26, 27, 44, 34, 38, 36, 35, 29, 53, 48, 58]",19.5
80,1788354631000213390,921600,95568,33,30,117.9,"[0.5, 31.2, 34.4, 34.7, 40.3, 42.8, 44.6, 45.9, 46.9, 49.6, 80.2, 82.8, 83.5, 85.5, 85.6, 87.2, 87.3, 89.1, 90.9, 92.6, 93.2, 93.7, 94.3, 96.3, 96.5, 98.0, 101.9, 103.6, 109.0, 117.9]","['INSIDE', 'INSIDE', 'INSIDE', 'INSIDE', 'RAIL', 'RAIL', 'INSIDE', 'INSIDE', 'INSIDE', 'RAIL', 'NEAR', 'OUTSIDE', 'INSIDE', 'OUTSIDE', 'NEAR', 'OUTSIDE', 'INSIDE', 'INSIDE', 'INSIDE', 'INSIDE', 'OUTSIDE', 'INSIDE', 'OUTSIDE', 'OUTSIDE', 'INSIDE', 'OUTSIDE', 'RAIL', 'RAIL', 'RAIL', 'RAIL']","[[1.42, 2.27, 2.4], [1.0, 0.6, 1.88], [0.26, 0.24, 0.4], [0.6, 0.86, 0.34], [1.39, 0.35, 0.62], [0.61, 0.32, 0.21], [1.63, 1.73, 0.09], [1.39, 0.88, 0.06], [0.61, 0.81, 0.03], [0.07, 0.16, 0.12], [0.18, 0.98, 0.0], [0.34, 0.74, 0.0], [1.98, 3.85, 1.24], [0.2, 2.34, 0.17], [0.07, 0.9, 0.0], [0.09, 0.76, 0.0], [0.4, 1.57, 0.61], [0.43, 3.08, 0.37], [0.21, 3.14, 0.18], [0.33, 0.65, 0.0], [1.39, 1.5, 0.01], [0.57, 0.83, 0.0], [1.86, 1.76, 0.01], [0.1, 1.01, 0.0], [0.22, 1.01, 0.0], [0.22, 1.2, 0.0], [0.06, 1.24, 0.0], [0.07, 1.08, 0.0], [0.03, 0.95, 0.0], [0.02, 0.62, 0.0]]","[31, 5, 4, 3, 8, 1, 9, 57, 2, 11, 24, 20, 17, 33, 25, 26, 44, 27, 38, 28, 36, 35, 40, 29, 47, 50, 58, 48, 54, 59]",20.3
81,1788354631115218199,921600,95664,29,27,116.1,"[0.5, 30.7, 34.3, 34.5, 40.1, 40.2, 42.6, 44.6, 45.7, 46.9, 49.4, 80.1, 82.8, 85.5, 85.5, 89.1, 89.2, 90.9, 93.1, 93.5, 96.3, 96.4, 98.1, 100.0, 100.1, 101.8, 116.1]","['INSIDE', 'INSIDE', 'INSIDE', 'INSIDE', 'INSIDE', 'RAIL', 'RAIL', 'INSIDE', 'INSIDE', 'INSIDE', 'RAIL', 'INSIDE', 'INSIDE', 'OUTSIDE', 'INSIDE', 'INSIDE', 'NEAR', 'INSIDE', 'INSIDE', 'OUTSIDE', 'OUTSIDE', 'INSIDE', 'OUTSIDE', 'INSIDE', 'RAIL', 'RAIL', 'RAIL']","[[0.99, 1.53, 2.38], [0.47, 0.11, 0.53], [1.05, 0.65, 1.88], [0.3, 0.2, 0.41], [0.88, 1.02, 0.67], [1.56, 0.42, 0.62], [1.66, 0.55, 0.21], [1.31, 1.58, 0.07], [1.25, 0.87, 0.05], [0.53, 0.81, 0.02], [0.07, 0.16, 0.12], [0.31, 0.69, 0.0], [1.96, 4.09, 1.07], [0.22, 1.59, 0.17], [0.12, 1.04, 0.0], [0.14, 0.78, 0.0], [0.02, 1.09, 0.0], [0.45, 3.3, 0.18], [2.07, 2.13, 0.01], [1.4, 1.17, 0.01], [0.04, 1.01, 0.0], [0.04, 0.84, 0.0], [0.06, 0.69, 0.0], [0.15, 0.87, 0.0], [0.04, 0.7, 0.0], [0.03, 1.07, 0.0], [0.05, 1.01, 0.0]]","[31, 10, 5, 4, 3, 8, 1, 9, 57, 2, 11, 24, 17, 33, 25, 27, 38, 34, 35, 36, 29, 47, 50, 53, 58, 48, 59]",22.4
82,1788354631208720604,921600,95571,34,30,116.2,"[0.5, 31.3, 34.4, 34.7, 40.4, 42.8, 44.6, 45.9, 46.9, 49.6, 71.1, 82.9, 83.4, 85.5, 85.6, 87.2, 87.3, 89.2, 91.0, 93.2, 93.7, 94.3, 96.3, 96.5, 98.1, 100.1, 101.8, 103.6, 109.0, 116.2]","['INSIDE', 'INSIDE', 'INSIDE', 'INSIDE', 'RAIL', 'RAIL', 'INSIDE', 'INSIDE', 'INSIDE', 'RAIL', 'INSIDE', 'INSIDE', 'OUTSIDE', 'OUTSIDE', 'NEAR', 'OUTSIDE', 'INSIDE', 'INSIDE', 'INSIDE', 'OUTSIDE', 'INSIDE', 'OUTSIDE', 'NEAR', 'INSIDE', 'OUTSIDE', 'RAIL', 'RAIL', 'RAIL', 'RAIL', 'RAIL']","[[1.44, 2.25, 2.4], [0.97, 0.61, 1.75], [0.24, 0.22, 0.4], [0.6, 0.86, 0.67], [1.37, 0.37, 0.62], [0.56, 0.33, 0.21], [1.7, 1.73, 0.09], [1.4, 0.88, 0.06], [0.66, 0.82, 0.03], [0.07, 0.17, 0.13], [0.32, 1.84, 0.13], [1.98, 3.85, 1.24], [0.61, 1.18, 0.0], [0.2, 2.34, 0.17], [0.07, 0.9, 0.0], [0.1, 0.92, 0.0], [0.27, 1.42, 0.61], [0.28, 3.23, 0.18], [0.3, 3.3, 0.18], [1.43, 1.5, 0.01], [0.6, 0.99, 0.0], [1.76, 1.28, 0.01], [0.12, 1.18, 0.0], [0.27, 1.01, 0.0], [0.14, 1.03, 0.0], [0.08, 1.05, 0.0], [0.03, 1.07, 0.0], [0.06, 1.27, 0.0], [0.02, 0.95, 0.0], [0.06, 1.01, 0.0]]","[31, 5, 4, 3, 8, 1, 9, 57, 2, 11, 21, 17, 25, 33, 44, 26, 27, 38, 34, 36, 35, 40, 29, 47, 50, 58, 48, 53, 54, 59]",20.0
83,1788354631313328790,921600,95692,34,30,116.2,"[0.5, 31.2, 34.3, 34.5, 40.2, 42.6, 44.6, 45.7, 46.9, 49.5, 71.1, 80.0, 82.2, 83.4, 83.7, 85.5, 85.6, 87.3, 89.0, 89.2, 90.7, 90.8, 90.9, 93.5, 96.3, 96.4, 98.0, 100.0, 101.8, 116.2]","['INSIDE', 'INSIDE', 'INSIDE', 'INSIDE', 'RAIL', 'RAIL', 'INSIDE', 'INSIDE', 'INSIDE', 'RAIL', 'INSIDE', 'INSIDE', 'INSIDE', 'OUTSIDE', 'OUTSIDE', 'OUTSIDE', 'INSIDE', 'OUTSIDE', 'INSIDE', 'NEAR', 'INSIDE', 'INSIDE', 'RAIL', 'INSIDE', 'OUTSIDE', 'INSIDE', 'OUTSIDE', 'RAIL', 'RAIL', 'RAIL']","[[1.0, 1.53, 2.38], [1.04, 0.65, 1.76], [0.26, 0.2, 0.4], [0.78, 1.02, 0.67], [1.56, 0.38, 0.62], [0.8, 0.38, 0.21], [1.3, 1.58, 0.07], [1.24, 0.87, 0.05], [0.53, 0.81, 0.02], [0.09, 0.17, 0.1], [0.55, 1.96, 0.13], [0.39, 0.69, 0.0], [0.61, 2.67, 1.07], [0.21, 2.15, 0.16], [0.71, 0.74, 0.01], [0.17, 1.74, 0.17], [0.06, 1.04, 0.0], [0.08, 0.76, 0.0], [0.35, 1.24, 0.37], [0.04, 0.78, 0.0], [0.25, 1.11, 0.0], [0.1, 0.79, 0.0], [0.78, 0.3, 0.26], [1.95, 3.39, 0.19], [0.03, 0.84, 0.0], [0.05, 0.84, 0.0], [0.15, 0.69, 0.0], [0.09, 0.87, 0.0], [0.03, 1.07, 0.0], [0.07, 0.81, 0.0]]","[31, 5, 4, 3, 8, 1, 9, 57, 2, 11, 21, 24, 17, 20, 25, 33, 44, 26, 38, 27, 34, 28, 40, 35, 29, 47, 50, 58, 48, 59]",21.7
84,1788354631413160101,921600,95545,30,28,116.2,"[0.5, 31.2, 34.4, 34.7, 40.4, 42.8, 44.6, 45.9, 46.9, 49.6, 82.2, 85.5, 85.6, 87.2, 87.3, 89.1, 91.0, 93.2, 93.8, 94.3, 96.3, 98.0, 100.0, 101.8, 103.5, 103.6, 109.0, 116.2]","['INSIDE', 'INSIDE', 'INSIDE', 'INSIDE', 'RAIL', 'RAIL', 'INSIDE', 'INSIDE', 'INSIDE', 'RAIL', 'INSIDE', 'OUTSIDE', 'NEAR', 'OUTSIDE', 'INSIDE', 'INSIDE', 'INSIDE', 'OUTSIDE', 'INSIDE', 'OUTSIDE', 'NEAR', 'OUTSIDE', 'RAIL', 'RAIL', 'OUTSIDE', 'RAIL', 'RAIL', 'RAIL']","[[1.41, 2.26, 2.4], [1.02, 0.61, 1.88], [0.26, 0.2, 0.4], [0.59, 0.86, 0.67], [1.38, 0.37, 0.55], [0.6, 0.33, 0.21], [1.67, 1.73, 0.09], [1.42, 0.88, 0.06], [0.65, 0.82, 0.03], [0.09, 0.16, 0.07], [0.63, 3.71, 1.24], [0.26, 2.19, 0.17], [0.03, 0.75, 0.0], [0.07, 0.76, 0.0], [0.28, 1.42, 0.61], [0.52, 2.92, 0.37], [0.31, 3.3, 0.18], [1.49, 1.5, 0.01], [0.57, 0.83, 0.0], [1.78, 1.44, 0.01], [0.06, 1.01, 0.0], [0.19, 1.03, 0.0], [0.08, 1.05, 0.0], [0.03, 1.07, 0.0], [0.05, 0.54, 0.0], [0.06, 1.08, 0.0], [0.01, 0.95, 0.0], [0.03, 1.01, 0.0]]","[31, 5, 4, 3, 8, 1, 9, 57, 2, 11, 17, 33, 44, 26, 38, 27, 28, 36, 35, 47, 29, 50, 58, 48, 53, 60, 54, 59]",26.4
85,1788354631496154844,921600,95654,30,29,116.1,"[0.5, 31.1, 34.3, 34.5, 40.0, 42.6, 44.6, 45.7, 46.9, 49.6, 80.1, 82.8, 83.7, 85.5, 85.6, 87.3, 89.1, 89.2, 90.9, 93.5, 96.3, 96.4, 98.0, 100.1, 101.8, 103.5, 103.6, 109.0, 116.1]","['INSIDE', 'INSIDE', 'INSIDE', 'INSIDE', 'RAIL', 'RAIL', 'INSIDE', 'INSIDE', 'INSIDE', 'RAIL', 'INSIDE', 'OUTSIDE', 'INSIDE', 'OUTSIDE', 'OUTSIDE', 'OUTSIDE', 'INSIDE', 'NEAR', 'INSIDE', 'INSIDE', 'OUTSIDE', 'INSIDE', 'OUTSIDE', 'RAIL', 'RAIL', 'OUTSIDE', 'RAIL', 'RAIL', 'RAIL']","[[0.97, 1.53, 2.37], [1.01, 0.65, 1.76], [0.29, 0.2, 0.41], [0.69, 0.86, 0.68], [0.8, 0.32, 0.21], [1.56, 0.4, 0.62], [1.75, 1.72, 0.09], [1.26, 0.87, 0.05], [0.55, 0.81, 0.02], [0.07, 0.16, 0.13], [0.38, 0.69, 0.0], [0.24, 2.0, 0.16], [1.92, 3.94, 1.07], [0.23, 1.44, 0.17], [0.14, 2.06, 0.17], [0.12, 0.77, 0.0], [0.12, 1.24, 0.0], [0.05, 1.09, 0.0], [0.26, 3.14, 0.18], [1.97, 3.23, 0.19], [0.04, 0.84, 0.0], [0.05, 0.84, 0.0], [0.16, 0.86, 0.0], [0.03, 0.7, 0.0], [0.04, 1.07, 0.0], [0.04, 0.72, 0.0], [0.12, 1.08, 0.0], [0.07, 0.76, 0.0], [0.05, 0.81, 0.0]]","[31, 5, 4, 3, 1, 8, 9, 57, 2, 11, 24, 20, 17, 33, 44, 26, 27, 40, 28, 35, 29, 47, 50, 58, 48, 53, 60, 54, 59]",22.3
86,1788354631589843246,921600,95513,28,26,116.2,"[0.5, 31.2, 34.3, 34.7, 40.3, 42.8, 44.6, 45.9, 46.9, 49.6, 85.5, 85.7, 87.2, 87.3, 89.2, 91.0, 93.2, 93.7, 94.3, 96.3, 96.4, 100.0, 101.6, 101.9, 103.6, 116.2]","['INSIDE', 'INSIDE', 'INSIDE', 'INSIDE', 'RAIL', 'RAIL', 'INSIDE', 'INSIDE', 'INSIDE', 'RAIL', 'OUTSIDE', 'NEAR', 'OUTSIDE', 'INSIDE', 'INSIDE', 'INSIDE', 'OUTSIDE', 'INSIDE', 'OUTSIDE', 'OUTSIDE', 'INSIDE', 'RAIL', 'RAIL', 'RAIL', 'RAIL', 'RAIL']","[[1.39, 2.26, 2.4], [0.99, 0.66, 1.66], [0.26, 0.17, 0.4], [0.58, 0.77, 0.67], [1.54, 0.44, 0.62], [0.63, 0.38, 0.21], [1.64, 1.73, 0.09], [1.4, 0.88, 0.06], [0.62, 0.82, 0.03], [0.09, 0.17, 0.12], [0.18, 1.89, 0.17], [0.24, 1.19, 0.0], [0.09, 0.92, 0.0], [0.28, 1.42, 0.61], [0.26, 2.92, 0.18], [0.22, 3.13, 0.18], [1.48, 1.5, 0.01], [0.67, 0.99, 0.0], [1.83, 1.6, 0.01], [0.04, 1.01, 0.0], [0.16, 0.84, 0.0], [0.06, 0.87, 0.0], [0.24, 1.43, 0.29], [0.04, 1.24, 0.0], [0.06, 1.08, 0.0], [0.07, 1.02, 0.0]]","[31, 5, 4, 3, 8, 1, 9, 57, 2, 11, 33, 44, 26, 38, 40, 28, 36, 35, 47, 29, 50, 58, 53, 48, 60, 59]",26.9
87,1788354631692162431,921600,95610,36,32,116.1,"[0.5, 31.2, 34.4, 34.5, 40.0, 40.1, 42.6, 44.6, 45.7, 47.0, 49.5, 80.1, 82.2, 83.4, 83.7, 85.5, 85.6, 87.3, 89.1, 89.2, 90.9, 91.0, 92.9, 93.5, 94.4, 96.3, 98.1, 99.9, 100.1, 101.7, 103.5, 116.1]","['INSIDE', 'INSIDE', 'INSIDE', 'INSIDE', 'INSIDE', 'RAIL', 'RAIL', 'INSIDE', 'INSIDE', 'INSIDE', 'RAIL', 'INSIDE', 'INSIDE', 'OUTSIDE', 'OUTSIDE', 'OUTSIDE', 'INSIDE', 'OUTSIDE', 'INSIDE', 'NEAR', 'INSIDE', 'INSIDE', 'INSIDE', 'OUTSIDE', 'INSIDE', 'OUTSIDE', 'OUTSIDE', 'INSIDE', 'RAIL', 'OUTSIDE', 'OUTSIDE', 'RAIL']","[[1.02, 1.52, 2.38], [0.99, 0.65, 1.88], [0.41, 0.11, 0.53], [0.26, 0.2, 0.41], [0.73, 1.02, 0.68], [1.41, 0.36, 0.55], [0.83, 0.33, 0.21], [1.79, 1.72, 0.09], [1.26, 0.87, 0.05], [0.53, 0.81, 0.02], [0.09, 0.17, 0.13], [0.29, 0.69, 0.0], [0.61, 2.67, 1.07], [0.25, 2.15, 0.16], [0.72, 0.74, 0.01], [0.27, 1.89, 0.17], [0.18, 1.19, 0.0], [0.11, 0.76, 0.0], [0.18, 1.24, 0.0], [0.06, 0.93, 0.0], [0.16, 1.11, 0.0], [0.12, 0.79, 0.0], [1.99, 3.23, 0.19], [0.19, 0.65, 0.0], [0.64, 0.65, 0.0], [0.01, 0.67, 0.0], [0.07, 0.86, 0.0], [0.05, 0.7, 0.0], [0.1, 0.7, 0.0], [0.03, 1.07, 0.0], [0.07, 0.91, 0.0], [0.05, 1.01, 0.0]]","[31, 5, 10, 4, 3, 8, 1, 9, 57, 2, 11, 24, 17, 20, 25, 33, 44, 26, 27, 40, 34, 28, 35, 47, 50, 29, 53, 48, 58, 60, 54, 59]",19.6
88,1788354631793435594,921600,95575,27,22,116.2,"[0.4, 31.3, 34.4, 34.7, 42.8, 44.6, 45.9, 46.9, 49.6, 85.5, 85.6, 87.3, 89.1, 90.9, 93.3, 93.6, 94.3, 96.3, 98.0, 101.7, 103.5, 116.2]","['INSIDE', 'INSIDE', 'INSIDE', 'INSIDE', 'RAIL', 'RAIL', 'INSIDE', 'INSIDE', 'RAIL', 'OUTSIDE', 'NEAR', 'OUTSIDE', 'INSIDE', 'INSIDE', 'OUTSIDE', 'INSIDE', 'INSIDE', 'NEAR', 'OUTSIDE', 'NEAR', 'OUTSIDE', 'RAIL']","[[1.45, 2.27, 2.4], [0.92, 0.59, 1.66], [0.26, 0.2, 0.4], [0.62, 0.86, 0.67], [1.38, 0.38, 0.62], [0.62, 0.39, 0.21], [1.42, 0.88, 0.06], [0.67, 0.82, 0.03], [0.14, 0.16, 0.08], [0.21, 2.04, 0.17], [0.08, 1.04, 0.0], [0.1, 1.07, 0.0], [0.43, 3.08, 0.37], [0.25, 3.29, 0.18], [1.35, 1.5, 0.01], [0.52, 0.83, 0.0], [2.16, 2.25, 0.19], [0.05, 1.01, 0.0], [0.25, 1.2, 0.0], [0.02, 1.07, 0.0], [0.07, 0.9, 0.0], [0.08, 1.02, 0.0]]","[31, 5, 4, 3, 8, 1, 57, 2, 11, 33, 44, 26, 40, 28, 36, 35, 50, 29, 53, 60, 54, 59]",18.1
89,1788354631894424675,921600,95682,29,27,100.1,"[0.5, 30.7, 34.3, 34.5, 40.1, 40.2, 42.6, 44.6, 45.7, 47.0, 49.4, 74.5, 80.1, 82.2, 83.4, 83.8, 85.5, 85.6, 87.3, 89.0, 89.2, 90.9, 91.0, 93.5, 96.3, 99.9, 100.1]","['INSIDE', 'INSIDE', 'INSIDE', 'INSIDE', 'INSIDE', 'RAIL', 'RAIL', 'INSIDE', 'INSIDE', 'INSIDE', 'RAIL', 'OUTSIDE', 'INSIDE', 'INSIDE', 'OUTSIDE', 'OUTSIDE', 'OUTSIDE', 'INSIDE', 'OUTSIDE', 'INSIDE', 'NEAR', 'NEAR', 'INSIDE', 'INSIDE', 'OUTSIDE', 'INSIDE', 'RAIL']","[[1.01, 1.53, 2.38], [0.46, 0.11, 0.53], [1.07, 0.65, 1.67], [0.29, 0.24, 0.41], [0.88, 1.02, 0.67], [1.58, 0.4, 0.62], [1.58, 0.39, 0.21], [1.3, 1.58, 0.07], [1.26, 0.87, 0.05], [0.54, 0.81, 0.02], [0.07, 0.16, 0.07], [3.87, 2.3, 0.17], [0.32, 0.69, 0.0], [0.67, 2.82, 1.07], [0.29, 2.15, 0.16], [0.72, 0.74, 0.01], [0.15, 1.59, 0.17], [0.07, 1.04, 0.0], [0.1, 0.92, 0.0], [0.31, 1.24, 0.37], [0.01, 0.78, 0.0], [0.1, 0.95, 0.0], [0.16, 0.95, 0.0], [2.0, 3.39, 0.19], [0.04, 0.84, 0.0], [0.04, 0.7, 0.0], [0.08, 0.87, 0.0]]","[31, 10, 5, 4, 3, 8, 1, 9, 57, 2, 11, 21, 24, 17, 20, 25, 33, 44, 26, 27, 40, 34, 28, 35, 29, 48, 58]",15.9
90,1788354631996829041,921600,95567,31,27,116.2,"[0.5, 31.3, 34.4, 34.7, 40.4, 42.8, 44.6, 46.0, 46.9, 49.6, 74.5, 75.7, 82.8, 83.5, 85.5, 85.6, 87.3, 89.1, 90.9, 92.7, 93.7, 96.3, 96.5, 98.1, 101.7, 103.5, 116.2]","['INSIDE', 'INSIDE', 'INSIDE', 'INSIDE', 'RAIL', 'RAIL', 'INSIDE', 'INSIDE', 'INSIDE', 'RAIL', 'OUTSIDE', 'INSIDE', 'OUTSIDE', 'INSIDE', 'OUTSIDE', 'NEAR', 'OUTSIDE', 'INSIDE', 'INSIDE', 'INSIDE', 'OUTSIDE', 'NEAR', 'INSIDE', 'OUTSIDE', 'NEAR', 'OUTSIDE', 'RAIL']","[[1.43, 2.27, 2.4], [0.97, 0.62, 1.66], [0.26, 0.17, 0.4], [0.65, 0.86, 0.67], [0.61, 0.33, 0.21], [1.41, 0.37, 0.62], [1.73, 1.73, 0.09], [1.41, 0.88, 0.06], [0.66, 0.82, 0.03], [0.1, 0.18, 0.11], [3.98, 2.56, 0.17], [2.85, 2.93, 1.36], [0.34, 0.59, 0.0], [1.97, 3.29, 1.24], [0.17, 2.34, 0.17], [0.09, 1.04, 0.0], [0.09, 0.92, 0.0], [0.45, 3.08, 0.18], [0.25, 3.29, 0.18], [0.24, 0.65, 0.0], [1.79, 1.28, 0.01], [0.02, 0.84, 0.0], [0.29, 1.18, 0.0], [0.14, 1.03, 0.0], [0.04, 1.07, 0.0], [0.04, 0.54, 0.0], [0.05, 1.01, 0.0]]","[31, 5, 4, 3, 1, 8, 9, 57, 2, 11, 21, 24, 20, 17, 33, 44, 26, 40, 28, 50, 47, 29, 61, 53, 60, 54, 59]",16.1
91,1788354632097485674,921600,95625,30,29,116.1,"[0.5, 31.1, 34.3, 34.5, 40.1, 40.3, 42.6, 44.6, 45.7, 46.9, 49.5, 80.1, 82.1, 83.4, 85.5, 85.6, 87.3, 89.0, 89.2, 90.9, 91.0, 93.5, 96.3, 96.4, 98.1, 100.0, 100.0, 103.5, 116.1]","['INSIDE', 'INSIDE', 'INSIDE', 'INSIDE', 'INSIDE', 'RAIL', 'RAIL', 'INSIDE', 'INSIDE', 'INSIDE', 'RAIL', 'INSIDE', 'INSIDE', 'OUTSIDE', 'OUTSIDE', 'OUTSIDE', 'OUTSIDE', 'INSIDE', 'NEAR', 'INSIDE', 'INSIDE', 'INSIDE', 'OUTSIDE', 'INSIDE', 'OUTSIDE', 'INSIDE', 'RAIL', 'OUTSIDE', 'RAIL']","[[1.0, 1.53, 2.38], [0.39, 0.11, 0.53], [1.03, 0.65, 1.88], [0.28, 0.17, 0.41], [0.88, 1.02, 0.68], [1.55, 0.44, 0.55], [0.79, 0.33, 0.21], [1.32, 1.58, 0.07], [1.27, 0.87, 0.05], [0.56, 0.81, 0.02], [0.07, 0.16, 0.09], [0.4, 0.69, 0.0], [0.65, 3.56, 1.24], [0.73, 0.74, 0.01], [0.19, 1.44, 0.17], [0.14, 2.21, 0.17], [0.11, 0.77, 0.0], [0.39, 1.24, 0.37], [0.06, 0.93, 0.0], [0.19, 1.11, 0.0], [0.09, 0.79, 0.0], [1.99, 3.23, 0.19], [0.02, 0.84, 0.0], [0.04, 0.84, 0.0], [0.09, 0.86, 0.0], [0.05, 0.7, 0.0], [0.1, 1.22, 0.0], [0.02, 0.54, 0.0], [0.03, 0.81, 0.0]]","[31, 10, 5, 4, 3, 8, 1, 9, 57, 2, 11, 25, 17, 44, 33, 38, 26, 27, 40, 34, 28, 35, 29, 61, 53, 48, 58, 54, 59]",15.2
92,1788354632195572255,921600,95565,36,30,116.2,"[0.5, 31.3, 34.4, 34.6, 34.8, 40.3, 42.7, 44.6, 45.9, 46.9, 49.6, 83.0, 83.7, 85.6, 85.6, 87.3, 87.4, 89.2, 91.0, 93.2, 93.7, 94.2, 96.4, 96.4, 98.1, 99.9, 100.0, 101.6, 103.5, 116.2]","['INSIDE', 'INSIDE', 'INSIDE', 'INSIDE', 'RAIL', 'RAIL', 'INSIDE', 'INSIDE', 'INSIDE', 'INSIDE', 'RAIL', 'OUTSIDE', 'INSIDE', 'OUTSIDE', 'NEAR', 'OUTSIDE', 'INSIDE', 'OUTSIDE', 'INSIDE', 'OUTSIDE', 'INSIDE', 'OUTSIDE', 'OUTSIDE', 'INSIDE', 'OUTSIDE', 'OUTSIDE', 'RAIL', 'RAIL', 'OUTSIDE', 'RAIL']","[[1.15, 1.65, 2.39], [0.97, 0.61, 1.75], [0.26, 0.24, 0.4], [0.57, 0.86, 0.67], [1.41, 0.36, 0.55], [0.62, 0.32, 0.21], [1.64, 1.73, 0.09], [1.37, 0.88, 0.06], [1.26, 0.49, 0.08], [0.61, 0.81, 0.03], [0.08, 0.15, 0.06], [0.4, 0.89, 0.01], [2.29, 5.85, 1.24], [0.23, 2.34, 0.17], [0.09, 1.04, 0.0], [0.1, 0.92, 0.0], [0.52, 3.22, 0.61], [0.03, 0.94, 0.0], [0.26, 3.13, 0.18], [1.49, 1.5, 0.01], [0.61, 0.83, 0.0], [1.86, 1.76, 0.01], [0.1, 1.01, 0.0], [0.13, 0.84, 0.0], [0.02, 0.69, 0.0], [0.43, 2.07, 0.21], [0.04, 1.05, 0.0], [0.28, 1.43, 0.29], [0.05, 0.54, 0.0], [0.05, 1.01, 0.0]]","[31, 5, 4, 3, 8, 1, 9, 57, 10, 2, 11, 20, 17, 33, 38, 26, 40, 28, 34, 36, 35, 47, 29, 61, 53, 48, 58, 60, 54, 59]",15.9
93,1788354632301212111,921600,95713,32,28,114.3,"[0.5, 31.2, 34.3, 34.5, 40.0, 40.1, 42.6, 44.6, 47.0, 49.5, 80.1, 82.2, 83.4, 83.7, 85.5, 85.6, 87.2, 89.1, 89.2, 90.9, 91.0, 93.5, 96.3, 96.4, 98.0, 99.9, 100.0, 114.3]","['INSIDE', 'INSIDE', 'INSIDE', 'INSIDE', 'INSIDE', 'RAIL', 'RAIL', 'INSIDE', 'INSIDE', 'RAIL', 'INSIDE', 'INSIDE', 'OUTSIDE', 'OUTSIDE', 'OUTSIDE', 'INSIDE', 'OUTSIDE', 'INSIDE', 'NEAR', 'INSIDE', 'INSIDE', 'INSIDE', 'OUTSIDE', 'INSIDE', 'OUTSIDE', 'INSIDE', 'RAIL', 'RAIL']","[[1.01, 1.53, 2.38], [0.43, 0.11, 0.53], [1.08, 0.65, 1.67], [0.26, 0.17, 0.4], [0.77, 1.02, 0.67], [0.8, 0.32, 0.21], [1.52, 0.42, 0.62], [1.78, 1.72, 0.09], [1.27, 0.87, 0.05], [0.08, 0.17, 0.12], [0.34, 0.69, 0.0], [0.62, 3.11, 1.07], [0.11, 0.59, 0.0], [0.77, 0.74, 0.01], [0.17, 1.74, 0.17], [0.07, 1.04, 0.0], [0.12, 0.92, 0.0], [0.33, 1.24, 0.37], [0.06, 0.93, 0.0], [0.23, 1.11, 0.0], [0.13, 0.79, 0.0], [2.0, 3.39, 0.19], [0.01, 0.67, 0.0], [0.07, 0.84, 0.0], [0.11, 0.86, 0.0], [0.05, 0.87, 0.0], [0.07, 1.22, 0.0], [0.05, 0.8, 0.0]]","[31, 9, 5, 4, 3, 1, 8, 57, 2, 11, 25, 17, 20, 44, 33, 38, 26, 27, 28, 34, 50, 35, 29, 61, 53, 48, 58, 59]",15.9
94,1788354632396441589,921600,95593,31,25,103.5,"[0.5, 31.2, 34.4, 40.4, 42.8, 44.6, 47.0, 49.6, 82.8, 83.4, 85.5, 85.6, 87.3, 87.3, 89.1, 89.2, 90.9, 93.2, 94.3, 96.3, 96.5, 98.0, 100.0, 101.6, 103.5]","['INSIDE', 'INSIDE', 'INSIDE', 'RAIL', 'RAIL', 'INSIDE', 'INSIDE', 'RAIL', 'INSIDE', 'OUTSIDE', 'OUTSIDE', 'NEAR', 'OUTSIDE', 'INSIDE', 'INSIDE', 'OUTSIDE', 'INSIDE', 'OUTSIDE', 'INSIDE', 'NEAR', 'INSIDE', 'OUTSIDE', 'RAIL', 'RAIL', 'OUTSIDE']","[[0.93, 0.65, 1.66], [0.26, 0.24, 0.4], [0.57, 0.77, 0.67], [0.61, 0.38, 0.21], [1.4, 0.37, 0.62], [1.69, 1.73, 0.09], [1.39, 0.88, 0.06], [0.1, 0.16, 0.13], [1.95, 3.85, 1.24], [0.71, 1.04, 0.01], [0.2, 2.34, 0.17], [0.09, 1.04, 0.0], [0.11, 0.92, 0.0], [0.23, 1.42, 0.61], [0.41, 0.62, 0.37], [0.04, 0.78, 0.0], [0.2, 3.14, 0.18], [1.51, 1.5, 0.01], [0.57, 0.83, 0.0], [0.03, 1.01, 0.0], [0.21, 0.84, 0.0], [0.17, 1.2, 0.0], [0.09, 0.87, 0.0], [0.23, 1.43, 0.29], [0.05, 0.9, 0.0]]","[5, 4, 3, 1, 8, 57, 2, 11, 17, 44, 33, 38, 26, 40, 27, 28, 50, 36, 35, 29, 61, 53, 58, 60, 54]",15.3
95,1788354632495301151,921600,95720,35,29,114.4,"[0.5, 31.1, 34.3, 34.5, 40.0, 40.1, 42.6, 44.6, 46.9, 49.5, 82.2, 83.4, 83.7, 85.5, 85.6, 87.3, 89.0, 89.2, 90.9, 92.9, 93.5, 94.3, 96.3, 96.4, 98.3, 99.9, 100.0, 101.7, 114.4]","['INSIDE', 'INSIDE', 'INSIDE', 'INSIDE', 'INSIDE', 'RAIL', 'RAIL', 'INSIDE', 'INSIDE', 'RAIL', 'INSIDE', 'OUTSIDE', 'OUTSIDE', 'OUTSIDE', 'INSIDE', 'OUTSIDE', 'INSIDE', 'NEAR', 'INSIDE', 'OUTSIDE', 'INSIDE', 'INSIDE', 'OUTSIDE', 'INSIDE', 'INSIDE', 'INSIDE', 'RAIL', 'OUTSIDE', 'RAIL']","[[1.0, 1.53, 2.38], [0.43, 0.11, 0.53], [1.02, 0.65, 1.76], [0.28, 0.17, 0.4], [0.85, 1.02, 0.68], [1.58, 0.44, 0.62], [0.8, 0.32, 0.21], [1.77, 1.72, 0.09], [1.26, 0.87, 0.05], [0.07, 0.17, 0.12], [0.61, 2.82, 1.07], [0.23, 2.15, 0.16], [0.79, 0.74, 0.01], [0.27, 1.44, 0.17], [0.17, 1.19, 0.0], [0.13, 1.07, 0.0], [0.35, 1.24, 0.37], [0.03, 0.78, 0.0], [0.22, 3.14, 0.18], [0.19, 0.65, 0.0], [1.99, 3.23, 0.19], [0.59, 0.49, 0.0], [0.02, 0.84, 0.0], [0.08, 0.84, 0.0], [0.26, 1.2, 0.0], [0.05, 0.87, 0.0], [0.03, 0.7, 0.0], [0.03, 0.71, 0.0], [0.03, 0.8, 0.0]]","[31, 9, 5, 4, 3, 8, 1, 57, 2, 11, 17, 20, 44, 33, 38, 26, 27, 28, 50, 47, 35, 61, 29, 53, 48, 60, 58, 54, 59]",17.6
96,1788354632592468237,921600,95605,33,26,101.6,"[0.5, 31.2, 34.3, 34.7, 40.3, 42.8, 44.6, 46.9, 49.6, 71.2, 82.8, 85.5, 85.7, 87.3, 87.4, 89.0, 89.2, 91.0, 93.2, 93.7, 94.3, 96.3, 96.4, 98.0, 99.9, 101.6]","['INSIDE', 'INSIDE', 'INSIDE', 'INSIDE', 'RAIL', 'RAIL', 'INSIDE', 'INSIDE', 'RAIL', 'INSIDE', 'INSIDE', 'OUTSIDE', 'NEAR', 'OUTSIDE', 'INSIDE', 'INSIDE', 'OUTSIDE', 'INSIDE', 'OUTSIDE', 'INSIDE', 'OUTSIDE', 'OUTSIDE', 'INSIDE', 'OUTSIDE', 'OUTSIDE', 'RAIL']","[[1.38, 2.27, 2.4], [0.98, 0.65, 1.66], [0.27, 0.24, 0.4], [0.59, 0.86, 0.67], [1.53, 0.41, 0.55], [0.64, 0.32, 0.21], [1.65, 1.73, 0.09], [1.38, 0.88, 0.06], [0.08, 0.17, 0.1], [0.79, 1.84, 0.77], [1.97, 3.85, 1.24], [0.24, 1.74, 0.17], [0.2, 1.19, 0.0], [0.12, 0.92, 0.0], [0.46, 3.22, 0.61], [0.28, 0.47, 0.37], [0.03, 0.78, 0.0], [0.29, 3.13, 0.18], [1.49, 1.33, 0.01], [0.6, 0.99, 0.0], [1.81, 1.44, 0.01], [0.07, 1.01, 0.0], [0.13, 0.84, 0.0], [0.21, 1.03, 0.0], [0.46, 2.07, 0.21], [0.25, 1.43, 0.29]]","[31, 5, 4, 3, 8, 1, 57, 2, 11, 21, 17, 33, 38, 26, 40, 27, 28, 50, 36, 35, 61, 29, 53, 48, 60, 54]",17.4
97,1788354632692980930,921600,95604,29,24,101.7,"[0.5, 31.2, 34.4, 40.1, 40.1, 42.7, 44.6, 46.9, 49.5, 82.8, 83.6, 85.5, 85.6, 87.2, 89.1, 89.2, 90.9, 93.6, 96.3, 96.4, 98.1, 99.9, 100.0, 101.7]","['INSIDE', 'INSIDE', 'INSIDE', 'INSIDE', 'RAIL', 'RAIL', 'INSIDE', 'INSIDE', 'RAIL', 'INSIDE', 'OUTSIDE', 'OUTSIDE', 'INSIDE', 'OUTSIDE', 'INSIDE', 'NEAR', 'INSIDE', 'OUTSIDE', 'OUTSIDE', 'INSIDE', 'OUTSIDE', 'INSIDE', 'RAIL', 'OUTSIDE']","[[1.05, 0.65, 1.76], [0.39, 0.11, 0.53], [0.28, 0.17, 0.41], [0.78, 1.02, 0.68], [1.44, 0.36, 0.55], [0.75, 0.37, 0.21], [1.82, 1.72, 0.1], [1.3, 0.87, 0.06], [0.07, 0.16, 0.12], [1.94, 3.59, 1.09], [1.03, 0.6, 0.01], [0.17, 1.89, 0.17], [0.11, 1.04, 0.0], [0.26, 1.22, 0.0], [0.4, 1.24, 0.37], [0.04, 0.93, 0.0], [0.2, 3.14, 0.18], [1.95, 2.42, 0.19], [0.04, 1.01, 0.0], [0.07, 0.84, 0.0], [0.06, 0.86, 0.0], [0.05, 0.87, 0.0], [0.05, 1.05, 0.0], [0.03, 1.07, 0.0]]","[5, 9, 4, 3, 8, 1, 57, 2, 11, 17, 44, 33, 38, 26, 27, 28, 50, 36, 29, 53, 48, 60, 58, 54]",21.5
98,1788354632794511920,921600,95454,30,23,101.7,"[31.2, 34.4, 34.7, 40.3, 42.8, 44.6, 46.9, 49.6, 82.2, 85.5, 85.6, 87.3, 87.3, 89.1, 90.9, 93.2, 93.7, 94.3, 96.3, 96.5, 98.1, 100.0, 101.7]","['INSIDE', 'INSIDE', 'INSIDE', 'INSIDE', 'RAIL', 'RAIL', 'INSIDE', 'INSIDE', 'INSIDE', 'OUTSIDE', 'NEAR', 'OUTSIDE', 'INSIDE', 'INSIDE', 'INSIDE', 'OUTSIDE', 'INSIDE', 'OUTSIDE', 'NEAR', 'INSIDE', 'OUTSIDE', 'RAIL', 'NEAR']","[[1.38, 2.26, 2.4], [0.99, 0.65, 1.75], [0.26, 0.17, 0.4], [0.56, 0.86, 0.67], [1.39, 0.39, 0.55], [0.6, 0.32, 0.21], [1.63, 1.73, 0.09], [1.38, 0.88, 0.06], [0.64, 3.71, 1.24], [0.26, 2.34, 0.17], [0.04, 0.9, 0.0], [0.12, 0.61, 0.0], [0.23, 1.42, 0.61], [0.45, 3.23, 0.37], [0.32, 3.45, 0.18], [1.5, 1.5, 0.01], [0.62, 0.83, 0.0], [1.87, 1.76, 0.01], [0.02, 0.84, 0.0], [0.25, 1.01, 0.0], [0.07, 1.03, 0.0], [0.05, 0.87, 0.0], [0.03, 1.07, 0.0]]","[31, 5, 4, 3, 8, 1, 57, 2, 17, 33, 38, 26, 40, 28, 50, 36, 35, 61, 29, 53, 48, 58, 54]",31.5
99,1788354632892327663,921600,95601,31,26,101.7,"[0.5, 31.1, 34.4, 34.5, 40.0, 40.1, 42.6, 44.6, 46.9, 49.5, 82.8, 83.8, 85.5, 85.6, 87.3, 89.1, 89.2, 90.9, 91.0, 93.6, 96.3, 96.4, 98.1, 99.9, 100.1, 101.7]","['INSIDE', 'INSIDE', 'INSIDE', 'INSIDE', 'INSIDE', 'RAIL', 'RAIL', 'INSIDE', 'INSIDE', 'RAIL', 'OUTSIDE', 'INSIDE', 'OUTSIDE', 'INSIDE', 'OUTSIDE', 'INSIDE', 'NEAR', 'NEAR', 'INSIDE', 'INSIDE', 'OUTSIDE', 'INSIDE', 'OUTSIDE', 'INSIDE', 'RAIL', 'OUTSIDE']","[[1.01, 1.52, 2.38], [0.4, 0.11, 0.53], [1.04, 0.65, 1.88], [0.26, 0.17, 0.4], [0.85, 1.02, 0.68], [1.39, 0.33, 0.62], [0.81, 0.33, 0.21], [1.76, 1.72, 0.09], [1.27, 0.87, 0.05], [0.09, 0.17, 0.13], [0.29, 2.15, 0.16], [1.94, 4.09, 1.07], [0.19, 1.74, 0.17], [0.18, 1.19, 0.0], [0.12, 0.92, 0.0], [0.38, 1.24, 0.37], [0.03, 0.78, 0.0], [0.14, 0.95, 0.0], [0.1, 0.95, 0.0], [2.03, 3.07, 0.19], [0.03, 0.84, 0.0], [0.06, 0.84, 0.0], [0.09, 0.86, 0.0], [0.07, 0.7, 0.0], [0.07, 0.7, 0.0], [0.02, 0.71, 0.0]]","[31, 9, 5, 4, 3, 8, 1, 57, 2, 11, 20, 17, 33, 38, 26, 27, 28, 34, 50, 35, 29, 53, 48, 60, 58, 54]",18.6
100,1788354633005622029,921600,95612,33,25,101.6,"[0.5, 31.2, 34.3, 40.3, 42.8, 44.6, 46.9, 49.6, 69.5, 82.8, 85.5, 85.6, 87.3, 87.3, 89.2, 90.9, 93.2, 93.7, 94.3, 96.3, 96.4, 98.0, 99.9, 100.0, 101.6]","['INSIDE', 'INSIDE', 'INSIDE', 'RAIL', 'RAIL', 'INSIDE', 'INSIDE', 'RAIL', 'INSIDE', 'INSIDE', 'OUTSIDE', 'NEAR', 'OUTSIDE', 'INSIDE', 'OUTSIDE', 'INSIDE', 'OUTSIDE', 'INSIDE', 'OUTSIDE', 'NEAR', 'INSIDE', 'OUTSIDE', 'OUTSIDE', 'RAIL', 'RAIL']","[[0.97, 0.65, 1.66], [0.27, 0.24, 0.41], [0.59, 0.77, 0.67], [0.64, 0.38, 0.21], [1.56, 0.4, 0.62], [1.67, 1.73, 0.09], [1.38, 0.88, 0.06], [0.09, 0.16, 0.12], [0.76, 2.27, 0.75], [1.97, 3.85, 1.24], [0.23, 1.89, 0.17], [0.03, 0.9, 0.0], [0.1, 0.92, 0.0], [0.25, 1.42, 0.61], [0.03, 0.78, 0.0], [0.2, 3.14, 0.18], [1.48, 1.5, 0.01], [0.6, 0.83, 0.0], [1.79, 1.44, 0.01], [0.03, 0.84, 0.0], [0.13, 0.84, 0.0], [0.2, 1.2, 0.0], [0.46, 2.07, 0.21], [0.09, 1.05, 0.0], [0.21, 1.43, 0.29]]","[5, 4, 3, 1, 8, 57, 2, 11, 21, 17, 33, 38, 26, 40, 28, 50, 36, 35, 61, 29, 53, 48, 60, 58, 54]",16.2
101,1788354633105858961,921600,95689,31,26,101.9,"[0.5, 31.1, 34.4, 34.5, 40.0, 40.1, 42.6, 44.6, 46.9, 49.5, 80.0, 82.8, 85.5, 85.6, 87.3, 89.0, 89.2, 90.9, 91.0, 93.5, 96.3, 96.4, 98.1, 99.9, 101.6, 101.9]","['INSIDE', 'INSIDE', 'INSIDE', 'INSIDE', 'INSIDE', 'RAIL', 'RAIL', 'INSIDE', 'INSIDE', 'RAIL', 'INSIDE', 'INSIDE', 'OUTSIDE', 'INSIDE', 'OUTSIDE', 'INSIDE', 'NEAR', 'INSIDE', 'INSIDE', 'INSIDE', 'OUTSIDE', 'INSIDE', 'OUTSIDE', 'INSIDE', 'RAIL', 'RAIL']","[[0.98, 1.53, 2.38], [1.01, 0.65, 1.67], [0.41, 0.11, 0.53], [0.29, 0.24, 0.41], [0.85, 1.02, 0.68], [1.39, 0.37, 0.62], [0.81, 0.33, 0.21], [1.73, 1.72, 0.09], [1.29, 0.87, 0.05], [0.07, 0.16, 0.13], [0.41, 0.69, 0.0], [1.96, 5.01, 1.24], [0.23, 1.44, 0.17], [0.22, 1.19, 0.0], [0.15, 0.92, 0.0], [0.38, 0.78, 0.37], [0.04, 0.78, 0.0], [0.23, 1.11, 0.0], [0.09, 0.79, 0.0], [1.97, 3.39, 0.19], [0.04, 0.84, 0.0], [0.07, 0.84, 0.0], [0.09, 0.86, 0.0], [0.06, 0.87, 0.0], [0.26, 1.43, 0.29], [0.04, 1.07, 0.0]]","[31, 5, 9, 4, 3, 8, 1, 57, 2, 11, 25, 17, 33, 38, 26, 27, 28, 34, 50, 35, 29, 53, 48, 60, 54, 65]",16.6
102,1788354633200899337,921600,95539,34,29,101.8,"[0.5, 31.2, 34.4, 40.3, 40.3, 42.8, 44.6, 46.9, 49.6, 82.8, 83.7, 85.5, 85.7, 87.2, 87.3, 89.0, 89.2, 90.9, 92.6, 93.2, 93.7, 94.3, 96.3, 96.5, 98.0, 99.9, 100.0, 101.7, 101.8]","['INSIDE', 'INSIDE', 'INSIDE', 'INSIDE', 'RAIL', 'RAIL', 'INSIDE', 'INSIDE', 'RAIL', 'OUTSIDE', 'INSIDE', 'OUTSIDE', 'INSIDE', 'OUTSIDE', 'INSIDE', 'INSIDE', 'OUTSIDE', 'INSIDE', 'OUTSIDE', 'INSIDE', 'INSIDE', 'OUTSIDE', 'OUTSIDE', 'INSIDE', 'OUTSIDE', 'OUTSIDE', 'RAIL', 'OUTSIDE', 'RAIL']","[[0.98, 0.59, 1.75], [0.23, 0.12, 0.52], [0.24, 0.2, 0.4], [0.58, 0.77, 0.67], [1.39, 0.36, 0.62], [0.62, 0.33, 0.21], [1.63, 1.73, 0.09], [1.38, 0.88, 0.06], [0.09, 0.16, 0.1], [0.28, 0.88, 0.0], [1.96, 3.85, 1.24], [0.24, 1.74, 0.17], [0.23, 1.04, 0.0], [0.09, 0.92, 0.0], [0.25, 1.42, 0.61], [0.34, 0.47, 0.37], [0.01, 0.78, 0.0], [0.22, 3.14, 0.18], [1.48, 1.5, 0.01], [0.38, 0.64, 0.0], [0.64, 0.67, 0.0], [1.79, 1.6, 0.01], [0.05, 1.01, 0.0], [0.17, 0.84, 0.0], [0.23, 1.2, 0.0], [0.44, 1.89, 0.21], [0.11, 1.05, 0.0], [0.04, 0.89, 0.0], [0.03, 1.07, 0.0]]","[5, 9, 4, 3, 8, 1, 57, 2, 11, 20, 17, 33, 38, 26, 40, 27, 28, 50, 36, 47, 35, 61, 29, 53, 48, 60, 58, 54, 65]",15.9
103,1788354633317625775,921600,95624,28,24,101.8,"[0.5, 31.2, 34.4, 40.1, 40.3, 42.7, 44.6, 47.0, 49.5, 82.1, 83.7, 85.5, 85.6, 87.2, 89.1, 89.2, 90.9, 91.0, 93.6, 96.3, 96.4, 98.1, 100.0, 101.8]","['INSIDE', 'INSIDE', 'INSIDE', 'INSIDE', 'RAIL', 'RAIL', 'INSIDE', 'INSIDE', 'RAIL', 'INSIDE', 'OUTSIDE', 'OUTSIDE', 'INSIDE', 'OUTSIDE', 'INSIDE', 'NEAR', 'INSIDE', 'INSIDE', 'OUTSIDE', 'OUTSIDE', 'INSIDE', 'OUTSIDE', 'INSIDE', 'RAIL']","[[0.37, 0.11, 0.53], [1.01, 0.65, 1.88], [0.27, 0.2, 0.4], [0.89, 1.02, 0.68], [1.39, 0.36, 0.55], [0.77, 0.33, 0.21], [1.34, 1.58, 0.07], [1.28, 0.87, 0.05], [0.08, 0.17, 0.12], [0.66, 3.7, 1.24], [0.29, 2.29, 0.16], [0.25, 1.59, 0.17], [0.07, 0.75, 0.0], [0.22, 1.22, 0.0], [0.34, 0.78, 0.37], [0.05, 0.93, 0.0], [0.08, 0.79, 0.0], [0.11, 0.79, 0.0], [1.97, 2.42, 0.19], [0.04, 0.84, 0.0], [0.02, 0.84, 0.0], [0.06, 0.86, 0.0], [0.08, 0.7, 0.0], [0.03, 0.89, 0.0]]","[9, 5, 4, 3, 8, 1, 57, 2, 11, 17, 20, 33, 38, 26, 27, 28, 34, 50, 36, 29, 53, 48, 60, 65]",25.1
104,1788354633404356991,921600,95573,36,30,101.8,"[0.5, 19.8, 31.3, 34.4, 34.5, 40.3, 40.4, 42.8, 44.6, 46.9, 49.6, 82.2, 83.6, 83.7, 85.5, 85.6, 87.2, 87.3, 89.2, 91.0, 92.7, 93.2, 93.8, 94.3, 96.3, 96.5, 98.1, 100.1, 101.7, 101.8]","['INSIDE', 'INSIDE', 'INSIDE', 'INSIDE', 'INSIDE', 'RAIL', 'RAIL', 'INSIDE', 'INSIDE', 'RAIL', 'RAIL', 'INSIDE', 'INSIDE', 'OUTSIDE', 'OUTSIDE', 'NEAR', 'OUTSIDE', 'INSIDE', 'INSIDE', 'INSIDE', 'INSIDE', 'OUTSIDE', 'INSIDE', 'OUTSIDE', 'NEAR', 'INSIDE', 'OUTSIDE', 'RAIL', 'NEAR', 'RAIL']","[[1.16, 1.65, 2.39], [0.25, 0.12, 0.52], [0.98, 0.65, 1.66], [0.24, 0.22, 0.4], [0.57, 0.86, 0.67], [1.4, 0.36, 0.62], [0.56, 0.37, 0.21], [1.67, 1.73, 0.09], [1.39, 0.88, 0.06], [0.39, 0.26, 0.13], [0.06, 0.16, 0.12], [0.59, 2.67, 1.07], [0.2, 3.17, 0.39], [0.92, 1.02, 0.01], [0.14, 2.19, 0.17], [0.09, 0.9, 0.0], [0.12, 0.92, 0.0], [0.28, 1.42, 0.61], [0.36, 3.08, 0.18], [0.31, 3.3, 0.18], [0.3, 0.65, 0.0], [1.41, 1.5, 0.01], [0.55, 0.83, 0.0], [1.84, 1.44, 0.01], [0.04, 0.84, 0.0], [0.22, 1.01, 0.0], [0.15, 1.2, 0.0], [0.06, 1.05, 0.0], [0.02, 1.07, 0.0], [0.04, 1.07, 0.0]]","[31, 9, 5, 4, 3, 8, 1, 57, 2, 64, 11, 17, 20, 44, 33, 38, 26, 40, 28, 50, 47, 36, 35, 61, 29, 53, 48, 58, 54, 65]",32.7
105,1788354633518699003,921600,95514,31,28,103.5,"[0.5, 31.2, 34.4, 40.1, 40.1, 42.6, 44.6, 46.9, 49.5, 82.2, 83.4, 83.7, 85.5, 85.6, 87.3, 89.2, 89.2, 91.0, 91.0, 93.6, 96.3, 96.4, 98.1, 100.0, 100.0, 101.7, 101.8, 103.5]","['INSIDE', 'INSIDE', 'INSIDE', 'INSIDE', 'RAIL', 'RAIL', 'INSIDE', 'INSIDE', 'RAIL', 'INSIDE', 'OUTSIDE', 'OUTSIDE', 'OUTSIDE', 'INSIDE', 'OUTSIDE', 'INSIDE', 'NEAR', 'NEAR', 'INSIDE', 'OUTSIDE', 'OUTSIDE', 'INSIDE', 'OUTSIDE', 'INSIDE', 'RAIL', 'OUTSIDE', 'RAIL', 'OUTSIDE']","[[0.44, 0.11, 0.53], [1.03, 0.66, 1.88], [0.27, 0.17, 0.41], [1.06, 1.02, 0.68], [1.4, 0.37, 0.55], [0.79, 0.32, 0.21], [1.82, 1.72, 0.1], [1.28, 0.87, 0.05], [0.11, 0.15, 0.08], [0.63, 2.67, 1.07], [0.27, 2.15, 0.16], [0.72, 0.6, 0.01], [0.21, 1.59, 0.17], [0.1, 1.04, 0.0], [0.12, 1.07, 0.0], [0.2, 1.24, 0.0], [0.06, 0.93, 0.0], [0.18, 0.96, 0.0], [0.11, 0.95, 0.0], [1.89, 2.09, 0.19], [0.03, 0.84, 0.0], [0.07, 0.84, 0.0], [0.08, 0.86, 0.0], [0.03, 0.7, 0.0], [0.06, 1.05, 0.0], [0.0, 0.71, 0.0], [0.01, 0.89, 0.0], [0.04, 0.9, 0.0]]","[9, 5, 4, 3, 8, 1, 57, 2, 11, 17, 20, 44, 33, 38, 26, 27, 28, 34, 50, 36, 29, 53, 48, 60, 58, 54, 65, 66]",16.2
106,1788354633602082651,921600,95626,34,29,103.5,"[0.5, 19.7, 31.2, 34.3, 34.7, 40.3, 42.8, 44.6, 46.9, 49.6, 65.5, 82.8, 85.5, 85.6, 87.3, 87.3, 89.0, 89.3, 90.9, 93.2, 93.7, 94.3, 96.4, 98.1, 99.9, 100.1, 101.7, 101.8, 103.5]","['INSIDE', 'INSIDE', 'INSIDE', 'INSIDE', 'RAIL', 'RAIL', 'INSIDE', 'INSIDE', 'RAIL', 'RAIL', 'INSIDE', 'INSIDE', 'OUTSIDE', 'NEAR', 'OUTSIDE', 'INSIDE', 'INSIDE', 'OUTSIDE', 'INSIDE', 'OUTSIDE', 'INSIDE', 'OUTSIDE', 'INSIDE', 'OUTSIDE', 'OUTSIDE', 'RAIL', 'OUTSIDE', 'RAIL', 'OUTSIDE']","[[1.39, 2.27, 2.4], [1.01, 0.65, 1.88], [0.24, 0.22, 0.4], [0.57, 0.77, 0.67], [0.63, 0.33, 0.21], [1.56, 0.41, 0.55], [1.63, 1.73, 0.09], [1.37, 0.88, 0.06], [0.25, 0.26, 0.13], [0.07, 0.16, 0.07], [0.39, 2.49, 0.85], [1.94, 3.99, 1.24], [0.28, 2.34, 0.17], [0.04, 0.9, 0.0], [0.11, 0.92, 0.0], [0.26, 1.42, 0.61], [0.36, 0.62, 0.37], [0.13, 0.93, 0.0], [0.26, 3.3, 0.18], [1.51, 1.5, 0.01], [0.71, 0.99, 0.0], [1.8, 1.6, 0.01], [0.23, 3.17, 0.2], [0.03, 0.86, 0.0], [0.39, 1.89, 0.21], [0.07, 1.05, 0.0], [0.04, 0.71, 0.0], [0.03, 1.24, 0.0], [0.06, 0.9, 0.0]]","[31, 5, 4, 3, 1, 8, 57, 2, 64, 11, 21, 17, 33, 38, 26, 40, 27, 28, 50, 36, 35, 61, 53, 48, 60, 58, 54, 65, 66]",25.8
107,1788354633697101078,921600,95539,34,31,114.4,"[0.5, 19.7, 31.1, 34.3, 34.5, 40.0, 40.1, 42.6, 44.6, 45.7, 46.9, 49.5, 80.1, 82.2, 83.4, 83.7, 85.4, 85.6, 87.3, 89.0, 89.2, 90.9, 90.9, 93.5, 96.3, 96.4, 98.0, 100.0, 100.1, 101.8, 114.4]","['INSIDE', 'INSIDE', 'INSIDE', 'INSIDE', 'INSIDE', 'RAIL', 'RAIL', 'INSIDE', 'INSIDE', 'INSIDE', 'RAIL', 'RAIL', 'INSIDE', 'INSIDE', 'OUTSIDE', 'OUTSIDE', 'OUTSIDE', 'OUTSIDE', 'OUTSIDE', 'INSIDE', 'NEAR', 'NEAR', 'INSIDE', 'INSIDE', 'OUTSIDE', 'INSIDE', 'OUTSIDE', 'INSIDE', 'RAIL', 'RAIL', 'RAIL']","[[0.99, 1.53, 2.37], [0.45, 0.11, 0.53], [1.05, 0.65, 1.88], [0.25, 0.17, 0.4], [0.7, 0.94, 0.67], [1.52, 0.4, 0.62], [0.8, 0.32, 0.21], [1.77, 1.72, 0.09], [1.26, 0.87, 0.05], [0.55, 0.81, 0.02], [0.19, 0.23, 0.08], [0.07, 0.16, 0.12], [0.28, 0.7, 0.0], [0.62, 2.67, 1.07], [0.25, 2.29, 0.16], [0.73, 0.74, 0.01], [0.26, 1.59, 0.17], [0.16, 2.21, 0.17], [0.14, 0.92, 0.0], [0.35, 1.24, 0.37], [0.07, 0.94, 0.0], [0.08, 0.95, 0.0], [0.13, 0.79, 0.0], [2.05, 3.23, 0.19], [0.04, 0.84, 0.0], [0.07, 0.84, 0.0], [0.18, 0.69, 0.0], [0.05, 0.7, 0.0], [0.06, 0.87, 0.0], [0.04, 1.07, 0.0], [0.04, 0.8, 0.0]]","[31, 9, 5, 4, 3, 8, 1, 57, 2, 70, 64, 11, 25, 17, 20, 44, 33, 38, 26, 27, 28, 34, 50, 35, 29, 53, 48, 60, 58, 65, 71]",15.1
108,1788354633796711774,921600,95573,33,30,103.5,"[0.5, 19.8, 31.2, 34.3, 40.3, 42.8, 44.6, 45.8, 46.9, 49.6, 82.9, 83.7, 85.5, 85.6, 87.3, 87.3, 89.1, 89.2, 90.9, 93.3, 93.7, 94.2, 96.3, 96.4, 98.1, 100.0, 100.0, 101.6, 101.9, 103.5]","['INSIDE', 'INSIDE', 'INSIDE', 'RAIL', 'RAIL', 'INSIDE', 'INSIDE', 'RAIL', 'INSIDE', 'RAIL', 'OUTSIDE', 'INSIDE', 'OUTSIDE', 'NEAR', 'OUTSIDE', 'INSIDE', 'INSIDE', 'OUTSIDE', 'INSIDE', 'OUTSIDE', 'INSIDE', 'OUTSIDE', 'OUTSIDE', 'INSIDE', 'OUTSIDE', 'INSIDE', 'RAIL', 'RAIL', 'RAIL', 'OUTSIDE']","[[1.02, 0.65, 1.88], [0.25, 0.2, 0.4], [0.53, 0.86, 0.67], [1.57, 0.4, 0.62], [0.6, 0.32, 0.21], [1.62, 1.73, 0.09], [1.36, 0.88, 0.06], [0.5, 0.23, 0.13], [0.61, 0.81, 0.03], [0.1, 0.15, 0.09], [1.11, 1.47, 0.01], [2.22, 3.85, 1.24], [0.13, 1.89, 0.17], [0.19, 1.19, 0.0], [0.09, 0.92, 0.0], [0.47, 2.91, 0.61], [0.29, 0.62, 0.37], [0.03, 0.78, 0.0], [0.23, 3.13, 0.18], [1.36, 1.34, 0.01], [0.63, 0.83, 0.0], [1.78, 1.44, 0.01], [0.05, 1.01, 0.0], [0.09, 1.01, 0.0], [0.03, 0.86, 0.0], [0.12, 0.87, 0.0], [0.02, 1.05, 0.0], [0.24, 1.43, 0.29], [0.07, 1.24, 0.0], [0.07, 0.9, 0.0]]","[5, 4, 3, 8, 1, 57, 2, 64, 70, 11, 44, 17, 33, 38, 26, 40, 27, 28, 50, 36, 35, 61, 29, 53, 48, 60, 58, 54, 65, 66]",16.8
109,1788354633893223388,921600,95598,31,30,114.4,"[0.5, 31.1, 34.4, 40.0, 40.1, 42.6, 44.6, 45.7, 46.9, 49.5, 80.0, 82.2, 83.4, 83.7, 85.5, 85.6, 87.3, 89.1, 89.2, 90.9, 91.0, 93.5, 96.3, 96.4, 98.0, 99.9, 100.0, 101.7, 101.8, 114.4]","['INSIDE', 'INSIDE', 'INSIDE', 'INSIDE', 'RAIL', 'RAIL', 'INSIDE', 'INSIDE', 'INSIDE', 'RAIL', 'INSIDE', 'INSIDE', 'OUTSIDE', 'OUTSIDE', 'OUTSIDE', 'INSIDE', 'OUTSIDE', 'INSIDE', 'NEAR', 'NEAR', 'INSIDE', 'INSIDE', 'OUTSIDE', 'INSIDE', 'OUTSIDE', 'INSIDE', 'RAIL', 'OUTSIDE', 'RAIL', 'RAIL']","[[0.43, 0.11, 0.53], [1.01, 0.65, 1.88], [0.27, 0.17, 0.4], [0.75, 1.02, 0.68], [1.38, 0.36, 0.55], [0.81, 0.33, 0.21], [1.75, 1.72, 0.09], [1.26, 0.87, 0.05], [0.53, 0.81, 0.02], [0.07, 0.17, 0.12], [0.42, 0.69, 0.0], [0.65, 2.53, 1.07], [0.33, 2.15, 0.16], [0.7, 0.6, 0.01], [0.14, 1.74, 0.17], [0.08, 1.04, 0.0], [0.13, 0.92, 0.0], [0.37, 1.24, 0.37], [0.04, 1.09, 0.0], [0.17, 0.96, 0.0], [0.14, 0.79, 0.0], [1.97, 3.23, 0.19], [0.06, 0.67, 0.0], [0.05, 0.84, 0.0], [0.15, 0.86, 0.0], [0.04, 0.87, 0.0], [0.08, 1.22, 0.0], [0.03, 1.07, 0.0], [0.02, 1.07, 0.0], [0.03, 0.8, 0.0]]","[9, 5, 4, 3, 8, 1, 57, 2, 70, 11, 25, 17, 20, 44, 33, 38, 26, 27, 28, 34, 50, 35, 29, 53, 48, 60, 58, 54, 65, 71]",20.1
110,1788354633993749966,921600,95541,33,30,103.5,"[0.4, 19.7, 31.2, 34.3, 40.3, 42.7, 44.6, 45.9, 46.9, 49.6, 80.2, 82.9, 85.5, 85.6, 87.3, 87.3, 89.0, 89.3, 91.0, 93.2, 93.7, 94.3, 96.3, 96.4, 98.1, 100.0, 100.0, 101.7, 101.8, 103.5]","['INSIDE', 'INSIDE', 'INSIDE', 'RAIL', 'RAIL', 'INSIDE', 'INSIDE', 'RAIL', 'INSIDE', 'RAIL', 'NEAR', 'INSIDE', 'OUTSIDE', 'INSIDE', 'OUTSIDE', 'INSIDE', 'INSIDE', 'OUTSIDE', 'INSIDE', 'OUTSIDE', 'INSIDE', 'OUTSIDE', 'OUTSIDE', 'INSIDE', 'OUTSIDE', 'INSIDE', 'RAIL', 'OUTSIDE', 'RAIL', 'OUTSIDE']","[[0.98, 0.59, 1.66], [0.26, 0.22, 0.4], [0.53, 0.77, 0.67], [1.56, 0.42, 0.62], [0.64, 0.32, 0.21], [1.63, 1.73, 0.09], [1.37, 0.88, 0.06], [0.28, 0.22, 0.13], [0.62, 0.81, 0.03], [0.13, 0.17, 0.11], [0.23, 0.84, 0.0], [1.96, 3.85, 1.24], [0.13, 1.89, 0.17], [0.18, 1.04, 0.0], [0.12, 1.07, 0.0], [0.47, 3.22, 0.61], [0.37, 0.62, 0.37], [0.14, 0.93, 0.0], [0.33, 3.29, 0.18], [1.36, 1.33, 0.01], [0.67, 0.99, 0.0], [1.85, 1.76, 0.01], [0.02, 1.01, 0.0], [0.07, 1.01, 0.0], [0.04, 0.69, 0.0], [0.1, 0.87, 0.0], [0.06, 0.87, 0.0], [0.02, 0.89, 0.0], [0.04, 1.07, 0.0], [0.05, 0.9, 0.0]]","[5, 4, 3, 8, 1, 57, 2, 64, 70, 11, 25, 17, 33, 38, 26, 40, 27, 28, 50, 36, 35, 61, 29, 53, 48, 60, 58, 54, 65, 66]",16.4
111,1788354634092681784,921600,95569,34,31,103.5,"[0.5, 19.8, 31.2, 34.4, 40.1, 40.1, 42.7, 44.6, 45.8, 46.9, 49.5, 82.8, 83.4, 83.7, 85.5, 85.6, 87.3, 89.1, 89.2, 91.0, 91.0, 93.2, 94.2, 96.3, 96.4, 98.1, 100.0, 100.1, 101.7, 101.9, 103.5]","['INSIDE', 'INSIDE', 'INSIDE', 'INSIDE', 'RAIL', 'RAIL', 'INSIDE', 'INSIDE', 'RAIL', 'INSIDE', 'RAIL', 'INSIDE', 'OUTSIDE', 'OUTSIDE', 'OUTSIDE', 'INSIDE', 'OUTSIDE', 'INSIDE', 'NEAR', 'NEAR', 'INSIDE', 'OUTSIDE', 'INSIDE', 'OUTSIDE', 'INSIDE', 'OUTSIDE', 'INSIDE', 'RAIL', 'OUTSIDE', 'RAIL', 'OUTSIDE']","[[0.4, 0.11, 0.53], [1.0, 0.66, 1.67], [0.27, 0.2, 0.41], [0.57, 0.85, 0.67], [1.39, 0.39, 0.62], [0.76, 0.31, 0.21], [1.81, 1.72, 0.1], [1.29, 0.87, 0.05], [0.47, 0.2, 0.13], [0.59, 0.81, 0.03], [0.11, 0.15, 0.07], [1.92, 2.82, 1.07], [0.13, 0.59, 0.0], [0.77, 0.6, 0.01], [0.17, 1.59, 0.17], [0.17, 1.19, 0.0], [0.14, 0.77, 0.0], [0.43, 0.78, 0.37], [0.05, 0.78, 0.0], [0.16, 0.96, 0.0], [0.09, 0.95, 0.0], [1.18, 1.0, 0.01], [0.67, 1.16, 0.0], [0.03, 0.67, 0.0], [0.03, 0.84, 0.0], [0.08, 0.86, 0.0], [0.07, 0.7, 0.0], [0.06, 0.87, 0.0], [0.01, 0.71, 0.0], [0.04, 0.89, 0.0], [0.03, 0.72, 0.0]]","[9, 5, 4, 3, 8, 1, 57, 2, 64, 70, 11, 17, 20, 44, 33, 38, 26, 27, 28, 34, 50, 36, 35, 29, 53, 48, 60, 58, 54, 65, 66]",15.6
112,1788354634193330157,921600,95588,34,31,103.5,"[0.5, 19.7, 31.2, 34.3, 34.5, 40.3, 42.8, 44.6, 45.9, 46.9, 49.6, 82.8, 83.6, 83.9, 85.5, 85.6, 87.3, 87.4, 89.1, 89.2, 90.9, 93.3, 93.7, 94.3, 96.3, 96.4, 98.1, 99.9, 101.7, 101.8, 103.5]","['INSIDE', 'INSIDE', 'INSIDE', 'INSIDE', 'RAIL', 'RAIL', 'INSIDE', 'INSIDE', 'RAIL', 'INSIDE', 'RAIL', 'OUTSIDE', 'INSIDE', 'OUTSIDE', 'OUTSIDE', 'NEAR', 'OUTSIDE', 'INSIDE', 'INSIDE', 'OUTSIDE', 'INSIDE', 'OUTSIDE', 'INSIDE', 'OUTSIDE', 'OUTSIDE', 'INSIDE', 'OUTSIDE', 'OUTSIDE', 'OUTSIDE', 'RAIL', 'OUTSIDE']","[[1.12, 2.14, 2.38], [0.99, 0.65, 1.75], [0.24, 0.2, 0.4], [0.54, 0.86, 0.67], [1.56, 0.42, 0.62], [0.67, 0.32, 0.21], [1.58, 1.72, 0.08], [1.38, 0.88, 0.06], [0.25, 0.23, 0.13], [0.63, 0.81, 0.03], [0.07, 0.16, 0.05], [0.35, 0.89, 0.0], [1.98, 3.99, 1.24], [0.61, 1.31, 0.0], [0.24, 2.04, 0.17], [0.21, 1.19, 0.0], [0.11, 0.92, 0.0], [0.49, 3.06, 0.61], [0.38, 0.62, 0.18], [0.02, 0.78, 0.0], [0.23, 3.14, 0.18], [1.29, 1.17, 0.01], [0.67, 0.99, 0.0], [1.81, 1.6, 0.01], [0.05, 1.01, 0.0], [0.11, 1.01, 0.0], [0.06, 0.86, 0.0], [0.37, 2.24, 0.21], [0.03, 0.89, 0.0], [0.02, 1.24, 0.0], [0.04, 0.9, 0.0]]","[31, 5, 4, 3, 8, 1, 57, 2, 64, 70, 11, 20, 17, 44, 33, 38, 26, 40, 27, 28, 50, 36, 35, 61, 29, 53, 48, 60, 54, 65, 66]",16.2
113,1788354634294636954,921600,95644,32,30,103.5,"[0.5, 19.8, 31.1, 34.4, 40.1, 40.3, 42.6, 44.6, 45.7, 47.0, 49.5, 80.0, 82.2, 83.7, 85.5, 85.6, 87.3, 89.1, 89.2, 90.9, 91.0, 93.5, 96.3, 96.4, 98.1, 100.0, 100.1, 101.6, 101.8, 103.5]","['INSIDE', 'INSIDE', 'INSIDE', 'INSIDE', 'RAIL', 'RAIL', 'INSIDE', 'INSIDE', 'RAIL', 'INSIDE', 'RAIL', 'INSIDE', 'INSIDE', 'OUTSIDE', 'OUTSIDE', 'INSIDE', 'OUTSIDE', 'INSIDE', 'NEAR', 'INSIDE', 'INSIDE', 'INSIDE', 'OUTSIDE', 'INSIDE', 'OUTSIDE', 'INSIDE', 'RAIL', 'RAIL', 'RAIL', 'OUTSIDE']","[[1.1, 0.66, 1.67], [0.4, 0.11, 0.53], [0.26, 0.2, 0.41], [0.81, 1.02, 0.68], [1.4, 0.36, 0.62], [0.81, 0.33, 0.21], [1.31, 1.58, 0.07], [1.28, 0.87, 0.05], [0.49, 0.22, 0.13], [0.56, 0.81, 0.02], [0.07, 0.16, 0.04], [0.43, 0.69, 0.0], [0.62, 2.67, 1.07], [0.25, 2.15, 0.16], [0.21, 1.89, 0.17], [0.2, 1.19, 0.0], [0.12, 0.92, 0.0], [0.35, 0.78, 0.18], [0.06, 0.93, 0.0], [0.26, 1.11, 0.0], [0.1, 0.79, 0.0], [1.94, 3.4, 0.19], [0.04, 0.84, 0.0], [0.05, 0.84, 0.0], [0.07, 0.86, 0.0], [0.08, 0.7, 0.0], [0.06, 0.7, 0.0], [0.25, 1.43, 0.29], [0.02, 0.89, 0.0], [0.05, 0.9, 0.0]]","[5, 9, 4, 3, 8, 1, 57, 2, 64, 70, 11, 25, 17, 20, 33, 38, 26, 27, 28, 34, 50, 35, 29, 53, 48, 60, 58, 54, 65, 66]",18.5
114,1788354634396724683,921600,95657,33,31,103.5,"[0.5, 19.7, 31.2, 34.3, 40.3, 42.7, 44.6, 45.8, 46.9, 49.5, 69.5, 82.2, 83.7, 83.7, 85.5, 85.6, 87.3, 87.3, 89.1, 89.3, 90.9, 93.3, 93.8, 94.2, 96.3, 96.4, 98.1, 100.0, 101.7, 101.9, 103.5]","['INSIDE', 'INSIDE', 'INSIDE', 'RAIL', 'RAIL', 'INSIDE', 'INSIDE', 'RAIL', 'INSIDE', 'RAIL', 'INSIDE', 'INSIDE', 'OUTSIDE', 'OUTSIDE', 'OUTSIDE', 'NEAR', 'OUTSIDE', 'INSIDE', 'INSIDE', 'OUTSIDE', 'INSIDE', 'OUTSIDE', 'INSIDE', 'OUTSIDE', 'OUTSIDE', 'INSIDE', 'OUTSIDE', 'INSIDE', 'OUTSIDE', 'RAIL', 'OUTSIDE']","[[0.98, 0.65, 1.75], [0.26, 0.17, 0.4], [0.53, 0.86, 0.67], [1.55, 0.42, 0.62], [0.67, 0.32, 0.21], [1.66, 1.73, 0.09], [1.35, 0.88, 0.06], [0.27, 0.26, 0.13], [0.58, 0.81, 0.03], [0.09, 0.13, 0.09], [0.84, 2.52, 0.75], [0.62, 2.67, 1.07], [0.26, 0.74, 0.0], [0.92, 1.3, 0.01], [0.15, 1.74, 0.17], [0.17, 1.19, 0.0], [0.15, 0.77, 0.0], [0.51, 3.06, 0.61], [0.3, 0.62, 0.37], [0.07, 0.93, 0.0], [0.29, 3.3, 0.18], [1.25, 1.17, 0.01], [0.61, 0.83, 0.0], [1.94, 1.93, 0.01], [0.04, 1.01, 0.0], [0.06, 1.01, 0.0], [0.07, 1.03, 0.0], [0.04, 0.7, 0.0], [0.06, 0.71, 0.0], [0.1, 1.24, 0.0], [0.03, 0.9, 0.0]]","[5, 4, 3, 8, 1, 57, 2, 64, 70, 11, 21, 17, 20, 44, 33, 38, 26, 40, 27, 28, 50, 36, 35, 61, 29, 53, 48, 60, 54, 65, 66]",16.2
115,1788354634495612551,921600,95711,30,29,111.3,"[0.5, 19.8, 31.2, 34.4, 40.1, 40.1, 42.6, 44.6, 45.7, 46.9, 49.5, 82.8, 83.4, 85.5, 85.6, 87.2, 89.1, 89.2, 91.0, 91.0, 93.6, 96.3, 96.4, 98.1, 100.0, 100.1, 101.7, 103.5, 111.3]","['INSIDE', 'INSIDE', 'INSIDE', 'INSIDE', 'RAIL', 'RAIL', 'INSIDE', 'INSIDE', 'RAIL', 'INSIDE', 'RAIL', 'INSIDE', 'OUTSIDE', 'OUTSIDE', 'INSIDE', 'OUTSIDE', 'INSIDE', 'NEAR', 'NEAR', 'INSIDE', 'OUTSIDE', 'OUTSIDE', 'INSIDE', 'OUTSIDE', 'INSIDE', 'RAIL', 'OUTSIDE', 'OUTSIDE', 'RAIL']","[[1.0, 0.65, 1.67], [0.4, 0.11, 0.53], [0.3, 0.17, 0.41], [0.83, 1.02, 0.68], [1.37, 0.38, 0.55], [0.75, 0.38, 0.21], [1.81, 1.72, 0.1], [1.28, 0.87, 0.05], [0.47, 0.23, 0.13], [0.55, 0.81, 0.02], [0.07, 0.16, 0.05], [1.97, 3.59, 1.09], [0.72, 0.74, 0.01], [0.2, 1.44, 0.17], [0.07, 1.04, 0.0], [0.25, 1.07, 0.0], [0.17, 1.24, 0.0], [0.04, 0.78, 0.0], [0.15, 0.96, 0.0], [0.09, 0.79, 0.0], [1.91, 2.42, 0.19], [0.02, 1.01, 0.0], [0.06, 0.84, 0.0], [0.07, 0.86, 0.0], [0.08, 0.7, 0.0], [0.03, 1.05, 0.0], [0.04, 0.89, 0.0], [0.05, 0.9, 0.0], [1.11, 0.99, 0.0]]","[5, 9, 4, 3, 8, 1, 57, 2, 64, 70, 11, 17, 44, 33, 38, 26, 27, 28, 34, 50, 36, 29, 53, 48, 60, 58, 54, 66, 71]",16.0
116,1788354634593919922,921600,95535,36,30,109.0,"[0.5, 31.2, 34.3, 40.3, 42.7, 44.6, 45.8, 46.9, 49.5, 69.5, 82.2, 83.4, 83.7, 85.5, 85.6, 87.3, 87.4, 89.2, 90.9, 93.2, 93.7, 94.2, 96.3, 96.4, 98.1, 100.0, 101.7, 101.9, 103.5, 109.0]","['INSIDE', 'INSIDE', 'INSIDE', 'RAIL', 'RAIL', 'INSIDE', 'INSIDE', 'INSIDE', 'RAIL', 'INSIDE', 'INSIDE', 'OUTSIDE', 'OUTSIDE', 'OUTSIDE', 'NEAR', 'OUTSIDE', 'INSIDE', 'OUTSIDE', 'INSIDE', 'OUTSIDE', 'INSIDE', 'OUTSIDE', 'OUTSIDE', 'INSIDE', 'OUTSIDE', 'INSIDE', 'OUTSIDE', 'RAIL', 'OUTSIDE', 'RAIL']","[[0.99, 0.59, 1.75], [0.25, 0.24, 0.4], [0.5, 0.86, 0.67], [1.53, 0.41, 0.55], [0.67, 0.33, 0.21], [1.63, 1.73, 0.09], [1.39, 0.88, 0.06], [0.6, 0.81, 0.03], [0.07, 0.17, 0.12], [0.88, 2.27, 0.75], [0.64, 3.99, 1.24], [0.25, 0.74, 0.0], [0.7, 1.47, 0.01], [0.14, 1.74, 0.17], [0.17, 1.19, 0.0], [0.14, 1.07, 0.0], [0.52, 3.22, 0.61], [0.05, 0.78, 0.0], [0.26, 3.29, 0.18], [1.41, 1.34, 0.01], [0.61, 0.83, 0.0], [1.81, 1.76, 0.01], [0.09, 1.01, 0.0], [0.06, 0.84, 0.0], [0.04, 0.86, 0.0], [0.1, 0.87, 0.0], [0.02, 0.89, 0.0], [0.06, 1.24, 0.0], [0.06, 0.72, 0.0], [0.06, 1.14, 0.0]]","[5, 4, 3, 8, 1, 57, 2, 70, 11, 21, 17, 20, 44, 33, 38, 26, 40, 28, 50, 36, 35, 61, 29, 53, 48, 60, 54, 65, 66, 71]",15.9
117,1788354634692295342,921600,95656,32,30,103.5,"[0.5, 19.7, 31.2, 34.4, 40.1, 42.7, 44.6, 45.8, 46.9, 49.5, 67.3, 82.8, 83.4, 83.7, 85.5, 85.6, 87.3, 87.3, 89.1, 89.2, 91.0, 93.6, 96.3, 96.4, 98.1, 100.0, 100.0, 101.6, 101.8, 103.5]","['INSIDE', 'INSIDE', 'INSIDE', 'RAIL', 'RAIL', 'INSIDE', 'INSIDE', 'RAIL', 'INSIDE', 'RAIL', 'OUTSIDE', 'OUTSIDE', 'INSIDE', 'OUTSIDE', 'OUTSIDE', 'INSIDE', 'OUTSIDE', 'INSIDE', 'INSIDE', 'NEAR', 'INSIDE', 'OUTSIDE', 'OUTSIDE', 'INSIDE', 'OUTSIDE', 'INSIDE', 'RAIL', 'RAIL', 'RAIL', 'OUTSIDE']","[[1.03, 0.65, 1.88], [0.28, 0.24, 0.4], [0.71, 0.94, 0.67], [1.4, 0.36, 0.62], [0.75, 0.33, 0.21], [1.79, 1.72, 0.1], [1.34, 0.87, 0.06], [0.38, 0.19, 0.13], [0.59, 0.81, 0.03], [0.1, 0.16, 0.09], [0.35, 1.99, 0.14], [0.17, 0.59, 0.0], [1.93, 2.67, 1.07], [0.78, 0.6, 0.01], [0.19, 1.59, 0.17], [0.12, 1.04, 0.0], [0.12, 1.07, 0.0], [0.39, 3.22, 0.61], [0.38, 0.78, 0.37], [0.04, 0.78, 0.0], [0.33, 3.3, 0.18], [1.9, 2.42, 0.19], [0.05, 1.01, 0.0], [0.07, 1.01, 0.0], [0.06, 0.86, 0.0], [0.13, 0.7, 0.0], [0.05, 1.05, 0.0], [0.24, 1.43, 0.29], [0.04, 1.07, 0.0], [0.06, 0.54, 0.0]]","[5, 4, 3, 8, 1, 57, 2, 64, 70, 11, 21, 20, 17, 44, 33, 38, 26, 40, 27, 28, 50, 36, 29, 53, 48, 60, 58, 54, 65, 66]",16.7
118,1788354634793760356,921600,95552,31,29,103.5,"[0.5, 31.2, 34.3, 40.3, 42.7, 44.6, 45.8, 46.9, 49.6, 76.0, 82.2, 83.4, 83.7, 85.6, 85.6, 87.3, 89.2, 90.9, 93.2, 93.8, 94.2, 96.3, 96.4, 98.1, 100.0, 100.0, 101.6, 101.8, 103.5]","['INSIDE', 'INSIDE', 'INSIDE', 'RAIL', 'RAIL', 'INSIDE', 'INSIDE', 'INSIDE', 'RAIL', 'INSIDE', 'INSIDE', 'OUTSIDE', 'OUTSIDE', 'OUTSIDE', 'NEAR', 'OUTSIDE', 'OUTSIDE', 'INSIDE', 'OUTSIDE', 'INSIDE', 'OUTSIDE', 'OUTSIDE', 'INSIDE', 'OUTSIDE', 'INSIDE', 'RAIL', 'RAIL', 'RAIL', 'OUTSIDE']","[[0.93, 0.66, 1.75], [0.26, 0.24, 0.4], [0.53, 0.86, 0.67], [1.56, 0.4, 0.62], [0.67, 0.32, 0.21], [1.61, 1.73, 0.09], [1.36, 0.88, 0.06], [0.59, 0.81, 0.03], [0.07, 0.17, 0.12], [2.42, 2.66, 1.35], [0.62, 3.99, 1.24], [0.27, 0.74, 0.0], [0.67, 1.47, 0.01], [0.27, 1.89, 0.17], [0.19, 1.19, 0.0], [0.08, 0.76, 0.0], [0.05, 0.93, 0.0], [0.38, 3.46, 0.18], [1.4, 1.34, 0.01], [0.6, 0.83, 0.0], [1.88, 1.93, 0.01], [0.02, 1.01, 0.0], [0.08, 0.84, 0.0], [0.03, 0.86, 0.0], [0.11, 0.87, 0.0], [0.04, 1.05, 0.0], [0.28, 1.43, 0.29], [0.02, 0.89, 0.0], [0.02, 0.9, 0.0]]","[5, 4, 3, 8, 1, 57, 2, 70, 11, 25, 17, 20, 44, 33, 38, 26, 28, 50, 36, 35, 61, 29, 53, 48, 60, 58, 54, 65, 66]",16.0
119,1788354634893199392,921600,95576,35,31,103.5,"[0.5, 19.7, 31.2, 34.4, 40.1, 40.1, 42.7, 44.6, 45.8, 46.9, 49.5, 67.3, 71.3, 82.8, 85.5, 85.6, 87.3, 89.1, 89.2, 91.0, 91.1, 93.6, 93.7, 96.3, 96.4, 98.1, 100.0, 100.0, 101.7, 101.9, 103.5]","['INSIDE', 'INSIDE', 'INSIDE', 'INSIDE', 'RAIL', 'RAIL', 'INSIDE', 'INSIDE', 'RAIL', 'INSIDE', 'RAIL', 'OUTSIDE', 'INSIDE', 'INSIDE', 'OUTSIDE', 'INSIDE', 'OUTSIDE', 'INSIDE', 'OUTSIDE', 'INSIDE', 'NEAR', 'OUTSIDE', 'OUTSIDE', 'OUTSIDE', 'INSIDE', 'OUTSIDE', 'INSIDE', 'RAIL', 'OUTSIDE', 'RAIL', 'OUTSIDE']","[[1.0, 0.65, 1.88], [0.36, 0.11, 0.53], [0.3, 0.17, 0.41], [0.68, 0.94, 0.67], [1.37, 0.39, 0.55], [0.74, 0.32, 0.21], [1.79, 1.72, 0.1], [1.33, 0.87, 0.06], [0.31, 0.22, 0.13], [0.59, 0.81, 0.03], [0.08, 0.16, 0.07], [0.31, 1.99, 0.14], [0.77, 1.79, 0.77], [1.97, 5.01, 1.24], [0.16, 1.44, 0.17], [0.13, 1.04, 0.0], [0.09, 0.92, 0.0], [0.4, 0.78, 0.37], [0.1, 1.09, 0.0], [0.17, 1.11, 0.0], [0.31, 0.96, 0.0], [1.89, 1.93, 0.19], [1.73, 1.28, 0.01], [0.05, 0.84, 0.0], [0.09, 0.84, 0.0], [0.06, 0.86, 0.0], [0.09, 0.7, 0.0], [0.04, 0.87, 0.0], [0.04, 0.71, 0.0], [0.04, 1.24, 0.0], [0.05, 0.9, 0.0]]","[5, 9, 4, 3, 8, 1, 57, 2, 64, 70, 11, 21, 25, 17, 33, 38, 26, 27, 28, 50, 34, 36, 61, 29, 53, 48, 60, 58, 54, 65, 66]",15.4
120,1788354634991978229,921600,95566,34,29,103.5,"[0.5, 19.7, 31.2, 34.3, 40.2, 42.7, 44.6, 45.8, 46.9, 49.6, 67.4, 82.8, 83.7, 85.5, 85.6, 87.3, 89.1, 89.2, 90.9, 93.3, 94.2, 96.3, 96.4, 98.1, 100.0, 100.1, 101.7, 101.8, 103.5]","['INSIDE', 'INSIDE', 'INSIDE', 'RAIL', 'RAIL', 'INSIDE', 'INSIDE', 'RAIL', 'INSIDE', 'RAIL', 'OUTSIDE', 'INSIDE', 'OUTSIDE', 'OUTSIDE', 'INSIDE', 'OUTSIDE', 'INSIDE', 'OUTSIDE', 'INSIDE', 'OUTSIDE', 'INSIDE', 'OUTSIDE', 'INSIDE', 'OUTSIDE', 'INSIDE', 'RAIL', 'OUTSIDE', 'RAIL', 'OUTSIDE']","[[0.94, 0.65, 1.67], [0.26, 0.24, 0.4], [0.7, 0.94, 0.68], [1.57, 0.4, 0.62], [0.66, 0.33, 0.21], [1.63, 1.72, 0.09], [1.32, 0.88, 0.06], [0.31, 0.19, 0.09], [0.57, 0.81, 0.03], [0.07, 0.17, 0.13], [0.69, 1.87, 0.14], [2.0, 3.88, 1.24], [1.09, 1.47, 0.01], [0.13, 1.89, 0.17], [0.15, 1.04, 0.0], [0.09, 1.22, 0.0], [0.36, 0.78, 0.37], [0.09, 0.93, 0.0], [0.47, 3.46, 0.18], [1.28, 1.17, 0.01], [0.69, 0.99, 0.0], [0.08, 1.01, 0.0], [0.06, 0.84, 0.0], [0.06, 0.86, 0.0], [0.05, 0.7, 0.0], [0.09, 1.22, 0.0], [0.03, 0.89, 0.0], [0.02, 0.89, 0.0], [0.05, 0.9, 0.0]]","[5, 4, 3, 8, 1, 57, 2, 64, 70, 11, 21, 17, 44, 33, 38, 26, 27, 28, 50, 36, 35, 29, 53, 48, 60, 58, 54, 65, 66]",17.1
121,1788354635095124717,921600,95608,31,30,116.2,"[0.5, 31.2, 34.4, 40.1, 40.1, 42.7, 44.6, 45.8, 47.0, 49.6, 67.3, 82.2, 83.3, 83.6, 85.5, 85.6, 87.2, 89.1, 89.2, 90.9, 91.0, 92.7, 94.2, 96.3, 96.4, 98.1, 100.0, 101.8, 103.5, 116.2]","['INSIDE', 'INSIDE', 'INSIDE', 'INSIDE', 'RAIL', 'RAIL', 'INSIDE', 'INSIDE', 'INSIDE', 'RAIL', 'OUTSIDE', 'INSIDE', 'OUTSIDE', 'OUTSIDE', 'OUTSIDE', 'INSIDE', 'OUTSIDE', 'INSIDE', 'NEAR', 'INSIDE', 'INSIDE', 'OUTSIDE', 'INSIDE', 'OUTSIDE', 'INSIDE', 'OUTSIDE', 'INSIDE', 'RAIL', 'OUTSIDE', 'RAIL']","[[0.41, 0.11, 0.53], [1.06, 0.65, 1.76], [0.27, 0.2, 0.41], [0.8, 1.02, 0.68], [1.38, 0.37, 0.62], [0.76, 0.32, 0.21], [1.82, 1.72, 0.1], [1.3, 0.87, 0.06], [0.57, 0.81, 0.03], [0.06, 0.16, 0.1], [0.32, 1.99, 0.14], [0.65, 2.82, 1.07], [0.31, 2.15, 0.16], [0.54, 0.59, 0.0], [0.22, 1.59, 0.17], [0.12, 1.04, 0.0], [0.22, 1.22, 0.0], [0.48, 0.78, 0.37], [0.05, 0.78, 0.0], [0.32, 1.12, 0.0], [0.25, 0.95, 0.0], [0.11, 0.49, 0.0], [0.64, 0.83, 0.0], [0.03, 1.01, 0.0], [0.05, 1.01, 0.0], [0.07, 0.86, 0.0], [0.08, 0.7, 0.0], [0.02, 1.07, 0.0], [0.03, 0.72, 0.0], [0.11, 1.22, 0.0]]","[9, 5, 4, 3, 8, 1, 57, 2, 70, 11, 21, 17, 20, 44, 33, 38, 26, 27, 28, 34, 50, 36, 35, 29, 53, 48, 60, 65, 66, 73]",16.1
122,1788354635194268456,921600,95621,34,32,116.1,"[0.5, 19.7, 31.2, 34.3, 40.3, 42.7, 44.6, 45.8, 46.9, 49.5, 65.7, 80.1, 83.0, 85.5, 85.6, 87.3, 87.4, 89.0, 89.2, 90.9, 93.3, 93.7, 94.3, 96.3, 96.4, 98.1, 100.0, 101.7, 101.9, 103.5, 109.0, 116.1]","['INSIDE', 'INSIDE', 'INSIDE', 'RAIL', 'RAIL', 'INSIDE', 'INSIDE', 'RAIL', 'INSIDE', 'RAIL', 'INSIDE', 'NEAR', 'INSIDE', 'OUTSIDE', 'NEAR', 'OUTSIDE', 'INSIDE', 'INSIDE', 'OUTSIDE', 'INSIDE', 'OUTSIDE', 'INSIDE', 'OUTSIDE', 'OUTSIDE', 'INSIDE', 'OUTSIDE', 'INSIDE', 'OUTSIDE', 'RAIL', 'OUTSIDE', 'RAIL', 'RAIL']","[[0.98, 0.65, 1.75], [0.26, 0.12, 0.41], [0.54, 0.86, 0.67], [1.54, 0.4, 0.62], [0.66, 0.32, 0.21], [1.62, 1.73, 0.09], [1.38, 0.88, 0.06], [0.27, 0.22, 0.13], [0.6, 0.81, 0.03], [0.08, 0.16, 0.06], [0.33, 2.4, 0.14], [0.2, 0.84, 0.0], [2.32, 5.74, 1.24], [0.17, 1.74, 0.17], [0.15, 1.19, 0.0], [0.09, 0.76, 0.0], [0.58, 3.22, 0.61], [0.28, 0.47, 0.37], [0.03, 0.78, 0.0], [0.26, 3.13, 0.18], [1.27, 1.17, 0.01], [0.72, 0.99, 0.0], [1.81, 1.6, 0.01], [0.07, 1.01, 0.0], [0.09, 0.84, 0.0], [0.07, 0.86, 0.0], [0.1, 0.7, 0.0], [0.03, 0.89, 0.0], [0.08, 1.24, 0.0], [0.04, 0.9, 0.0], [0.03, 0.76, 0.0], [0.04, 0.81, 0.0]]","[5, 4, 3, 8, 1, 57, 2, 64, 70, 11, 21, 17, 44, 33, 38, 26, 40, 27, 28, 50, 36, 35, 61, 29, 53, 48, 60, 54, 65, 66, 71, 73]",17.1
123,1788354635302491542,921600,95693,29,29,116.2,"[0.5, 31.2, 34.4, 40.1, 40.1, 42.7, 44.6, 45.8, 47.0, 49.6, 82.8, 83.6, 85.5, 85.6, 87.2, 89.1, 89.2, 90.9, 91.0, 93.3, 93.6, 96.3, 96.4, 98.1, 100.0, 101.7, 101.9, 103.5, 116.2]","['INSIDE', 'INSIDE', 'INSIDE', 'INSIDE', 'RAIL', 'RAIL', 'INSIDE', 'INSIDE', 'INSIDE', 'RAIL', 'OUTSIDE', 'INSIDE', 'OUTSIDE', 'INSIDE', 'OUTSIDE', 'INSIDE', 'NEAR', 'INSIDE', 'INSIDE', 'OUTSIDE', 'INSIDE', 'OUTSIDE', 'INSIDE', 'OUTSIDE', 'INSIDE', 'OUTSIDE', 'RAIL', 'OUTSIDE', 'RAIL']","[[0.42, 0.11, 0.53], [1.03, 0.65, 1.88], [0.26, 0.2, 0.4], [0.81, 1.02, 0.68], [1.39, 0.36, 0.62], [0.81, 0.32, 0.21], [1.79, 1.72, 0.09], [1.32, 0.87, 0.06], [0.57, 0.81, 0.03], [0.12, 0.16, 0.12], [0.23, 0.74, 0.0], [1.93, 4.83, 1.24], [0.17, 1.89, 0.17], [0.2, 1.19, 0.0], [0.2, 1.07, 0.0], [0.36, 1.24, 0.18], [0.07, 0.93, 0.0], [0.02, 0.63, 0.0], [0.09, 0.79, 0.0], [1.3, 1.17, 0.01], [1.77, 1.97, 0.01], [0.06, 0.84, 0.0], [0.08, 1.01, 0.0], [0.06, 0.86, 0.0], [0.06, 0.7, 0.0], [0.03, 0.71, 0.0], [0.08, 1.07, 0.0], [0.06, 0.72, 0.0], [0.06, 1.02, 0.0]]","[9, 5, 4, 3, 8, 1, 57, 2, 70, 11, 20, 44, 33, 38, 26, 27, 28, 34, 50, 36, 35, 29, 53, 48, 60, 54, 65, 66, 73]",16.0
124,1788354635405205582,921600,95490,33,32,116.1,"[0.5, 19.8, 31.2, 34.3, 40.3, 40.3, 42.8, 44.6, 45.9, 46.9, 49.6, 69.5, 71.0, 85.5, 85.6, 87.2, 87.3, 89.3, 90.9, 93.3, 93.7, 94.3, 96.3, 96.5, 98.1, 99.9, 101.7, 101.8, 103.5, 103.6, 109.0, 116.1]","['INSIDE', 'INSIDE', 'INSIDE', 'INSIDE', 'RAIL', 'RAIL', 'INSIDE', 'INSIDE', 'RAIL', 'INSIDE', 'RAIL', 'INSIDE', 'INSIDE', 'OUTSIDE', 'INSIDE', 'OUTSIDE', 'INSIDE', 'OUTSIDE', 'INSIDE', 'OUTSIDE', 'INSIDE', 'OUTSIDE', 'OUTSIDE', 'INSIDE', 'OUTSIDE', 'OUTSIDE', 'OUTSIDE', 'RAIL', 'OUTSIDE', 'RAIL', 'RAIL', 'RAIL']","[[1.0, 0.61, 1.65], [0.25, 0.12, 0.52], [0.28, 0.17, 0.4], [0.61, 0.77, 0.67], [1.55, 0.4, 0.62], [0.62, 0.33, 0.21], [1.63, 1.73, 0.09], [1.39, 0.88, 0.06], [0.45, 0.2, 0.13], [0.63, 0.81, 0.03], [0.09, 0.18, 0.12], [0.7, 2.4, 0.75], [0.48, 1.84, 0.13], [0.29, 2.04, 0.17], [0.17, 1.04, 0.0], [0.11, 0.92, 0.0], [0.31, 1.42, 0.61], [0.13, 0.93, 0.0], [0.2, 3.14, 0.18], [1.31, 1.17, 0.01], [0.62, 0.99, 0.0], [1.8, 1.6, 0.01], [0.09, 1.01, 0.0], [0.16, 0.84, 0.0], [0.05, 1.03, 0.0], [0.37, 2.07, 0.21], [0.02, 0.71, 0.0], [0.03, 1.07, 0.0], [0.06, 0.9, 0.0], [0.08, 1.08, 0.0], [0.05, 0.95, 0.0], [0.04, 1.01, 0.0]]","[5, 9, 4, 3, 8, 1, 57, 2, 64, 70, 11, 63, 25, 33, 38, 26, 40, 28, 50, 36, 35, 61, 29, 53, 48, 60, 54, 65, 66, 67, 68, 73]",16.1
125,1788354635517143684,921600,95609,29,29,116.1,"[0.5, 31.2, 34.4, 40.1, 40.2, 42.5, 44.6, 45.8, 46.9, 49.5, 67.4, 82.9, 85.5, 85.5, 87.3, 89.1, 89.2, 90.9, 93.2, 93.7, 94.2, 96.3, 96.4, 98.1, 100.0, 101.7, 101.8, 103.5, 116.1]","['INSIDE', 'INSIDE', 'INSIDE', 'INSIDE', 'RAIL', 'RAIL', 'INSIDE', 'INSIDE', 'INSIDE', 'RAIL', 'OUTSIDE', 'INSIDE', 'OUTSIDE', 'NEAR', 'OUTSIDE', 'INSIDE', 'OUTSIDE', 'INSIDE', 'OUTSIDE', 'INSIDE', 'OUTSIDE', 'OUTSIDE', 'INSIDE', 'OUTSIDE', 'INSIDE', 'OUTSIDE', 'RAIL', 'OUTSIDE', 'RAIL']","[[0.34, 0.11, 0.53], [1.0, 0.66, 1.67], [0.27, 0.2, 0.4], [0.72, 0.94, 0.67], [1.41, 0.3, 0.62], [0.72, 0.31, 0.21], [1.83, 1.72, 0.1], [0.86, 0.58, 0.04], [0.61, 0.81, 0.03], [0.06, 0.17, 0.06], [0.27, 1.75, 0.14], [2.04, 5.01, 1.24], [0.17, 1.59, 0.17], [0.23, 1.19, 0.0], [0.18, 1.07, 0.0], [0.4, 0.78, 0.37], [0.09, 1.09, 0.0], [0.39, 2.82, 0.18], [1.47, 1.34, 0.01], [0.65, 1.16, 0.0], [1.79, 1.76, 0.01], [0.05, 0.84, 0.0], [0.07, 0.84, 0.0], [0.07, 0.86, 0.0], [0.12, 0.7, 0.0], [0.03, 0.89, 0.0], [0.01, 1.24, 0.0], [0.05, 0.9, 0.0], [0.02, 0.81, 0.0]]","[9, 5, 4, 3, 8, 1, 57, 2, 70, 11, 21, 44, 33, 38, 26, 27, 28, 50, 36, 35, 61, 29, 53, 48, 60, 54, 65, 66, 73]",15.7
126,1788354635606765321,921600,95577,37,36,116.2,"[0.5, 19.7, 31.2, 34.3, 40.3, 40.3, 42.7, 44.6, 45.8, 46.9, 49.6, 69.5, 71.1, 79.2, 80.2, 82.8, 83.3, 85.5, 85.6, 87.2, 87.3, 89.3, 90.9, 93.2, 93.7, 94.3, 96.3, 96.4, 98.1, 100.0, 100.0, 101.6, 101.8, 103.5, 109.1, 116.2]","['INSIDE', 'INSIDE', 'INSIDE', 'INSIDE', 'RAIL', 'RAIL', 'INSIDE', 'INSIDE', 'RAIL', 'INSIDE', 'RAIL', 'INSIDE', 'INSIDE', 'INSIDE', 'NEAR', 'INSIDE', 'OUTSIDE', 'OUTSIDE', 'INSIDE', 'OUTSIDE', 'INSIDE', 'OUTSIDE', 'INSIDE', 'OUTSIDE', 'INSIDE', 'OUTSIDE', 'OUTSIDE', 'INSIDE', 'OUTSIDE', 'INSIDE', 'RAIL', 'RAIL', 'RAIL', 'OUTSIDE', 'RAIL', 'RAIL']","[[0.25, 0.12, 0.52], [0.97, 0.66, 1.75], [0.26, 0.2, 0.4], [0.54, 0.86, 0.67], [1.58, 0.44, 0.62], [0.64, 0.32, 0.21], [1.59, 1.73, 0.08], [1.36, 0.88, 0.06], [0.27, 0.19, 0.13], [0.61, 0.81, 0.03], [0.06, 0.17, 0.07], [0.8, 2.27, 0.75], [0.13, 1.84, 0.13], [1.93, 2.63, 0.84], [0.19, 0.84, 0.0], [1.92, 2.67, 1.07], [0.67, 1.47, 0.01], [0.13, 2.04, 0.17], [0.17, 1.04, 0.0], [0.19, 1.07, 0.0], [0.28, 1.42, 0.61], [0.1, 0.93, 0.0], [0.26, 3.3, 0.18], [1.42, 1.34, 0.01], [0.64, 0.83, 0.0], [1.83, 1.76, 0.01], [0.05, 1.01, 0.0], [0.1, 1.01, 0.0], [0.04, 0.86, 0.0], [0.09, 0.7, 0.0], [0.06, 1.05, 0.0], [0.27, 1.43, 0.29], [0.02, 1.07, 0.0], [0.04, 0.9, 0.0], [0.11, 1.14, 0.0], [0.05, 1.01, 0.0]]","[9, 5, 4, 3, 8, 1, 57, 2, 64, 70, 11, 63, 25, 17, 44, 20, 38, 33, 40, 26, 27, 28, 50, 36, 35, 61, 29, 53, 48, 60, 58, 54, 65, 66, 68, 73]",18.6
127,1788354635715054106,921600,95555,31,31,116.1,"[0.5, 31.2, 34.4, 40.2, 40.2, 42.7, 44.6, 45.9, 47.0, 49.6, 71.3, 82.8, 83.6, 85.5, 85.6, 87.3, 89.0, 89.3, 90.9, 93.3, 93.7, 94.2, 96.3, 96.5, 98.1, 100.0, 101.6, 101.8, 103.5, 109.0, 116.1]","['INSIDE', 'INSIDE', 'INSIDE', 'INSIDE', 'RAIL', 'RAIL', 'INSIDE', 'INSIDE', 'INSIDE', 'RAIL', 'INSIDE', 'INSIDE', 'OUTSIDE', 'OUTSIDE', 'NEAR', 'OUTSIDE', 'INSIDE', 'OUTSIDE', 'INSIDE', 'OUTSIDE', 'INSIDE', 'OUTSIDE', 'OUTSIDE', 'INSIDE', 'OUTSIDE', 'RAIL', 'RAIL', 'RAIL', 'OUTSIDE', 'RAIL', 'RAIL']","[[0.27, 0.11, 0.53], [0.94, 0.65, 1.76], [0.26, 0.17, 0.4], [0.67, 0.94, 0.67], [1.38, 0.36, 0.62], [0.72, 0.33, 0.21], [1.75, 1.73, 0.09], [1.35, 0.87, 0.06], [0.64, 0.82, 0.03], [0.1, 0.16, 0.09], [0.76, 1.79, 0.77], [1.97, 3.88, 1.24], [1.13, 1.47, 0.01], [0.2, 1.74, 0.17], [0.18, 1.19, 0.0], [0.16, 0.77, 0.0], [0.25, 0.47, 0.37], [0.11, 1.09, 0.0], [0.21, 2.98, 0.18], [1.32, 1.17, 0.01], [0.73, 0.99, 0.0], [1.79, 1.76, 0.01], [0.09, 1.01, 0.0], [0.17, 0.84, 0.0], [0.06, 1.03, 0.0], [0.06, 0.87, 0.0], [0.26, 1.43, 0.29], [0.05, 1.07, 0.0], [0.04, 0.54, 0.0], [0.08, 0.95, 0.0], [0.05, 0.81, 0.0]]","[9, 5, 4, 3, 8, 1, 57, 2, 70, 11, 25, 20, 38, 33, 40, 26, 50, 28, 34, 36, 35, 61, 29, 53, 48, 58, 54, 65, 66, 68, 73]",19.6
128,1788354635805086583,921600,95588,34,33,114.4,"[0.5, 31.2, 34.3, 34.5, 40.0, 42.6, 44.6, 45.7, 46.9, 49.6, 69.5, 82.2, 83.4, 83.7, 85.5, 85.6, 87.3, 89.0, 89.2, 90.9, 91.0, 93.1, 94.2, 96.3, 96.4, 98.1, 99.9, 100.1, 101.7, 101.8, 103.5, 103.6, 114.4]","['INSIDE', 'INSIDE', 'INSIDE', 'INSIDE', 'RAIL', 'RAIL', 'INSIDE', 'INSIDE', 'INSIDE', 'RAIL', 'INSIDE', 'INSIDE', 'OUTSIDE', 'OUTSIDE', 'OUTSIDE', 'INSIDE', 'OUTSIDE', 'INSIDE', 'OUTSIDE', 'NEAR', 'INSIDE', 'OUTSIDE', 'INSIDE', 'OUTSIDE', 'INSIDE', 'OUTSIDE', 'INSIDE', 'RAIL', 'OUTSIDE', 'RAIL', 'OUTSIDE', 'RAIL', 'RAIL']","[[1.0, 1.52, 2.38], [1.03, 0.65, 1.75], [0.26, 0.2, 0.4], [0.83, 1.02, 0.68], [1.55, 0.36, 0.62], [0.66, 0.32, 0.21], [1.71, 1.72, 0.09], [1.26, 0.87, 0.05], [0.51, 0.81, 0.02], [0.09, 0.17, 0.13], [0.79, 2.27, 0.75], [0.64, 3.85, 1.24], [0.33, 2.3, 0.16], [0.8, 0.74, 0.01], [0.18, 1.89, 0.17], [0.14, 1.19, 0.0], [0.1, 0.92, 0.0], [0.37, 1.24, 0.37], [0.04, 1.09, 0.0], [0.06, 0.95, 0.0], [0.07, 0.95, 0.0], [1.36, 1.17, 0.01], [0.7, 1.16, 0.0], [0.04, 0.84, 0.0], [0.06, 0.84, 0.0], [0.07, 0.86, 0.0], [0.03, 0.87, 0.0], [0.04, 0.7, 0.0], [0.03, 1.07, 0.0], [0.03, 1.07, 0.0], [0.03, 0.72, 0.0], [0.04, 1.27, 0.0], [0.05, 0.8, 0.0]]","[8, 5, 4, 3, 1, 69, 57, 2, 70, 11, 63, 20, 33, 38, 26, 40, 50, 34, 28, 36, 61, 35, 29, 48, 53, 60, 54, 58, 66, 65, 67, 68, 73]",15.0
129,1788354635901216440,921600,95657,31,30,103.5,"[0.5, 19.8, 31.1, 34.4, 40.1, 40.3, 42.6, 44.6, 45.8, 46.9, 49.5, 80.1, 82.8, 83.4, 85.5, 85.6, 87.3, 89.1, 89.2, 91.0, 93.3, 93.6, 96.3, 96.4, 98.1, 100.0, 100.1, 101.6, 101.8, 103.5]","['INSIDE', 'INSIDE', 'INSIDE', 'INSIDE', 'RAIL', 'RAIL', 'INSIDE', 'INSIDE', 'RAIL', 'INSIDE', 'RAIL', 'INSIDE', 'INSIDE', 'OUTSIDE', 'OUTSIDE', 'INSIDE', 'OUTSIDE', 'INSIDE', 'NEAR', 'INSIDE', 'INSIDE', 'OUTSIDE', 'OUTSIDE', 'INSIDE', 'OUTSIDE', 'INSIDE', 'RAIL', 'RAIL', 'RAIL', 'OUTSIDE']","[[0.44, 0.1, 0.6], [1.01, 0.65, 1.76], [0.27, 0.2, 0.41], [0.79, 1.02, 0.67], [1.39, 0.36, 0.62], [0.77, 0.38, 0.21], [1.33, 1.58, 0.07], [1.29, 0.87, 0.05], [0.47, 0.18, 0.13], [0.56, 0.81, 0.02], [0.08, 0.17, 0.08], [0.32, 0.69, 0.0], [1.92, 2.82, 1.07], [0.73, 0.74, 0.01], [0.21, 1.44, 0.17], [0.22, 1.19, 0.0], [0.11, 0.92, 0.0], [0.4, 1.24, 0.37], [0.04, 0.93, 0.0], [0.27, 3.14, 0.18], [1.83, 2.13, 0.01], [1.31, 1.17, 0.01], [0.06, 0.84, 0.0], [0.04, 0.84, 0.0], [0.04, 0.69, 0.0], [0.11, 0.7, 0.0], [0.02, 0.87, 0.0], [0.27, 1.43, 0.29], [0.03, 0.89, 0.0], [0.08, 0.72, 0.0]]","[9, 5, 4, 3, 1, 69, 57, 2, 64, 70, 11, 44, 20, 38, 26, 40, 50, 34, 28, 36, 29, 35, 48, 53, 60, 54, 58, 66, 65, 67]",15.7
130,1788354635996726321,921600,95485,28,27,101.8,"[0.5, 31.2, 34.3, 34.5, 40.2, 42.6, 44.6, 45.9, 46.9, 49.6, 83.0, 83.4, 85.5, 85.6, 89.1, 89.2, 90.9, 90.9, 93.1, 94.2, 96.3, 96.4, 98.1, 100.0, 100.0, 101.7, 101.8]","['INSIDE', 'INSIDE', 'INSIDE', 'INSIDE', 'RAIL', 'RAIL', 'INSIDE', 'INSIDE', 'INSIDE', 'RAIL', 'INSIDE', 'OUTSIDE', 'OUTSIDE', 'INSIDE', 'INSIDE', 'OUTSIDE', 'NEAR', 'INSIDE', 'OUTSIDE', 'INSIDE', 'OUTSIDE', 'INSIDE', 'OUTSIDE', 'INSIDE', 'RAIL', 'OUTSIDE', 'RAIL']","[[0.98, 1.53, 2.38], [1.04, 0.66, 1.67], [0.28, 0.22, 0.41], [0.77, 1.02, 0.68], [1.55, 0.42, 0.62], [0.67, 0.33, 0.21], [1.26, 1.58, 0.07], [1.26, 0.87, 0.05], [0.99, 0.99, 0.04], [0.07, 0.16, 0.12], [2.2, 3.85, 1.24], [0.78, 0.74, 0.01], [0.18, 1.89, 0.17], [0.08, 1.04, 0.0], [0.41, 0.94, 0.37], [0.1, 1.09, 0.0], [0.44, 1.28, 0.0], [0.13, 0.95, 0.0], [1.28, 1.17, 0.01], [0.68, 0.99, 0.0], [0.03, 0.84, 0.0], [0.05, 0.84, 0.0], [0.05, 0.69, 0.0], [0.07, 0.87, 0.0], [0.08, 0.87, 0.0], [0.04, 1.06, 0.0], [0.03, 1.07, 0.0]]","[8, 5, 4, 3, 1, 69, 57, 2, 70, 11, 20, 38, 26, 40, 34, 28, 36, 61, 35, 29, 48, 53, 60, 54, 58, 66, 65]",15.8
131,1788354636099177826,921600,95541,32,31,103.5,"[0.5, 30.7, 34.3, 34.5, 40.0, 40.1, 42.6, 44.6, 45.7, 46.9, 49.4, 80.1, 82.2, 83.6, 83.7, 85.5, 85.6, 87.3, 89.1, 89.2, 90.9, 90.9, 93.5, 96.3, 96.4, 98.0, 99.9, 100.1, 101.7, 101.8, 103.5]","['INSIDE', 'INSIDE', 'INSIDE', 'INSIDE', 'INSIDE', 'RAIL', 'RAIL', 'INSIDE', 'INSIDE', 'INSIDE', 'RAIL', 'INSIDE', 'INSIDE', 'OUTSIDE', 'OUTSIDE', 'OUTSIDE', 'INSIDE', 'OUTSIDE', 'INSIDE', 'NEAR', 'NEAR', 'INSIDE', 'INSIDE', 'OUTSIDE', 'INSIDE', 'OUTSIDE', 'INSIDE', 'RAIL', 'OUTSIDE', 'RAIL', 'OUTSIDE']","[[0.98, 1.53, 2.38], [0.45, 0.11, 0.53], [1.01, 0.65, 1.76], [0.28, 0.17, 0.41], [0.83, 1.02, 0.67], [1.58, 0.45, 0.21], [1.55, 0.44, 0.55], [1.77, 1.72, 0.09], [1.25, 0.87, 0.05], [0.53, 0.81, 0.02], [0.09, 0.16, 0.08], [0.31, 0.69, 0.0], [0.63, 2.67, 1.07], [0.18, 2.29, 0.16], [1.08, 0.74, 0.01], [0.21, 1.59, 0.17], [0.07, 1.05, 0.0], [0.12, 0.92, 0.0], [0.32, 1.24, 0.37], [0.04, 0.78, 0.0], [0.12, 0.95, 0.0], [0.15, 0.95, 0.0], [1.99, 3.39, 0.19], [0.03, 0.84, 0.0], [0.06, 0.84, 0.0], [0.18, 0.86, 0.0], [0.06, 0.87, 0.0], [0.05, 0.7, 0.0], [0.02, 0.71, 0.0], [0.02, 0.89, 0.0], [0.02, 0.54, 0.0]]","[8, 9, 5, 4, 3, 69, 1, 57, 2, 70, 11, 44, 20, 33, 38, 26, 40, 50, 34, 28, 36, 61, 29, 48, 53, 60, 54, 58, 66, 65, 67]",16.2
132,1788354636196438963,921600,95501,30,28,114.3,"[0.5, 19.7, 34.3, 34.4, 38.0, 40.1, 40.3, 42.6, 44.6, 46.9, 49.5, 71.2, 82.8, 85.6, 87.3, 89.0, 89.2, 90.8, 90.8, 93.3, 93.6, 96.3, 98.1, 99.9, 100.0, 101.7, 101.9, 114.3]","['INSIDE', 'INSIDE', 'INSIDE', 'INSIDE', 'INSIDE', 'RAIL', 'INSIDE', 'INSIDE', 'INSIDE', 'RAIL', 'RAIL', 'INSIDE', 'INSIDE', 'OUTSIDE', 'OUTSIDE', 'INSIDE', 'NEAR', 'NEAR', 'OUTSIDE', 'OUTSIDE', 'INSIDE', 'OUTSIDE', 'OUTSIDE', 'OUTSIDE', 'RAIL', 'OUTSIDE', 'RAIL', 'RAIL']","[[0.87, 1.41, 2.37], [0.34, 0.11, 0.53], [1.05, 0.65, 1.67], [0.28, 0.2, 0.41], [0.64, 0.94, 0.67], [1.55, 0.44, 0.55], [0.35, 0.92, 0.02], [1.63, 1.6, 0.09], [1.15, 0.87, 0.05], [0.19, 0.2, 0.08], [0.1, 0.16, 0.13], [0.37, 1.96, 0.13], [1.9, 4.85, 1.09], [0.31, 2.36, 0.17], [0.17, 0.92, 0.0], [0.34, 1.24, 0.37], [0.03, 0.93, 0.0], [0.23, 0.95, 0.0], [0.87, 2.66, 0.19], [1.21, 0.85, 0.01], [2.22, 4.23, 0.2], [0.03, 1.01, 0.0], [0.03, 0.51, 0.0], [0.29, 2.07, 0.21], [0.06, 0.87, 0.0], [0.07, 1.07, 0.0], [0.09, 1.24, 0.0], [0.03, 0.8, 0.0]]","[8, 9, 5, 4, 3, 1, 57, 2, 70, 64, 11, 25, 20, 40, 50, 34, 28, 36, 61, 35, 29, 48, 60, 54, 58, 66, 65, 73]",16.1
133,1788354636298638887,921600,95620,32,30,103.6,"[0.5, 30.7, 34.3, 34.5, 40.1, 40.2, 42.6, 44.6, 46.9, 49.5, 70.2, 82.8, 83.7, 85.5, 85.6, 87.3, 89.0, 89.2, 90.9, 90.9, 93.1, 93.6, 96.3, 96.4, 98.1, 99.9, 100.1, 101.7, 101.8, 103.6]","['INSIDE', 'INSIDE', 'INSIDE', 'INSIDE', 'INSIDE', 'RAIL', 'RAIL', 'INSIDE', 'INSIDE', 'RAIL', 'INSIDE', 'OUTSIDE', 'INSIDE', 'OUTSIDE', 'OUTSIDE', 'OUTSIDE', 'INSIDE', 'NEAR', 'NEAR', 'INSIDE', 'OUTSIDE', 'INSIDE', 'OUTSIDE', 'INSIDE', 'OUTSIDE', 'INSIDE', 'RAIL', 'OUTSIDE', 'RAIL', 'RAIL']","[[0.97, 1.52, 2.37], [0.51, 0.1, 0.6], [1.02, 0.65, 1.76], [0.26, 0.2, 0.4], [0.65, 0.94, 0.67], [1.55, 0.44, 0.62], [1.6, 0.44, 0.21], [1.28, 1.58, 0.07], [1.21, 0.87, 0.05], [0.07, 0.16, 0.12], [1.98, 2.92, 0.78], [0.2, 2.15, 0.16], [1.93, 4.09, 1.07], [0.31, 0.75, 0.0], [0.2, 2.21, 0.17], [0.15, 0.92, 0.0], [0.32, 0.78, 0.37], [0.05, 0.93, 0.0], [0.15, 0.95, 0.0], [0.2, 0.79, 0.0], [1.35, 1.17, 0.01], [1.87, 1.97, 0.01], [0.09, 1.01, 0.0], [0.04, 0.84, 0.0], [0.05, 0.69, 0.0], [0.08, 0.87, 0.0], [0.07, 0.7, 0.0], [0.08, 1.07, 0.0], [0.02, 1.07, 0.0], [0.09, 0.9, 0.0]]","[8, 9, 5, 4, 3, 1, 69, 2, 70, 11, 63, 33, 20, 26, 40, 50, 34, 28, 36, 61, 35, 29, 48, 53, 60, 54, 58, 66, 65, 68]",16.3
134,1788354636393576067,921600,95610,29,26,114.4,"[0.5, 33.1, 34.3, 34.4, 38.1, 40.1, 40.1, 44.6, 46.9, 49.5, 80.1, 82.8, 85.5, 85.6, 87.2, 89.1, 89.2, 90.9, 93.5, 96.3, 100.0, 100.0, 101.7, 101.8, 107.2, 114.4]","['INSIDE', 'INSIDE', 'INSIDE', 'INSIDE', 'INSIDE', 'RAIL', 'INSIDE', 'INSIDE', 'INSIDE', 'RAIL', 'INSIDE', 'INSIDE', 'OUTSIDE', 'OUTSIDE', 'OUTSIDE', 'INSIDE', 'NEAR', 'NEAR', 'INSIDE', 'OUTSIDE', 'NEAR', 'RAIL', 'OUTSIDE', 'RAIL', 'RAIL', 'RAIL']","[[0.86, 1.41, 2.36], [0.99, 0.66, 1.76], [0.36, 0.11, 0.6], [0.27, 0.17, 0.41], [0.85, 1.02, 0.68], [1.55, 0.4, 0.62], [1.62, 2.71, 0.64], [0.67, 1.72, 0.03], [1.9, 1.73, 0.1], [0.05, 0.16, 0.06], [0.31, 0.69, 0.0], [1.95, 5.01, 1.09], [0.3, 0.75, 0.0], [0.21, 2.36, 0.17], [0.24, 1.07, 0.0], [0.51, 1.24, 0.37], [0.08, 0.93, 0.0], [0.16, 1.11, 0.0], [2.12, 3.04, 0.19], [0.03, 1.01, 0.0], [0.24, 1.23, 0.0], [0.02, 0.87, 0.0], [0.03, 1.07, 0.0], [0.02, 1.07, 0.0], [0.04, 1.12, 0.0], [0.06, 0.8, 0.0]]","[8, 5, 9, 4, 3, 1, 57, 2, 70, 11, 44, 20, 26, 40, 50, 34, 28, 36, 29, 48, 54, 58, 66, 65, 68, 73]",15.7
135,1788354636493480963,921600,95568,26,23,114.4,"[0.5, 19.7, 31.1, 33.5, 34.3, 34.4, 38.1, 40.0, 40.3, 44.6, 49.4, 82.8, 85.5, 85.6, 87.2, 89.1, 90.9, 93.6, 96.3, 99.9, 100.0, 101.9, 114.4]","['INSIDE', 'INSIDE', 'INSIDE', 'INSIDE', 'RAIL', 'RAIL', 'INSIDE', 'INSIDE', 'INSIDE', 'RAIL', 'RAIL', 'INSIDE', 'OUTSIDE', 'INSIDE', 'OUTSIDE', 'INSIDE', 'NEAR', 'INSIDE', 'OUTSIDE', 'INSIDE', 'RAIL', 'RAIL', 'RAIL']","[[0.86, 1.4, 2.36], [0.31, 0.17, 0.41], [0.88, 1.02, 0.68], [0.55, 0.1, 0.6], [1.56, 0.4, 0.62], [0.88, 0.32, 0.21], [1.36, 1.86, 0.65], [0.74, 1.71, 0.04], [1.6, 1.59, 0.09], [0.22, 0.22, 0.08], [0.06, 0.16, 0.03], [1.98, 4.23, 1.07], [0.12, 0.9, 0.0], [0.18, 1.04, 0.0], [0.09, 0.76, 0.0], [0.39, 3.54, 0.37], [0.06, 0.95, 0.0], [2.03, 3.23, 0.19], [0.04, 0.84, 0.0], [0.06, 0.87, 0.0], [0.01, 0.87, 0.0], [0.13, 1.24, 0.0], [0.05, 0.8, 0.0]]","[8, 4, 3, 9, 1, 69, 57, 2, 70, 64, 11, 20, 26, 40, 50, 34, 36, 29, 48, 54, 58, 65, 73]",16.3
136,1788354636602180431,921600,95637,31,28,114.4,"[0.5, 33.2, 34.3, 34.4, 36.0, 38.1, 40.1, 40.3, 44.6, 47.0, 49.5, 82.8, 85.5, 85.6, 87.2, 87.3, 89.0, 89.2, 90.7, 91.0, 93.5, 96.3, 100.0, 100.1, 101.7, 101.9, 107.2, 114.4]","['INSIDE', 'INSIDE', 'INSIDE', 'INSIDE', 'INSIDE', 'RAIL', 'INSIDE', 'INSIDE', 'INSIDE', 'INSIDE', 'RAIL', 'INSIDE', 'OUTSIDE', 'INSIDE', 'OUTSIDE', 'INSIDE', 'INSIDE', 'NEAR', 'NEAR', 'RAIL', 'INSIDE', 'OUTSIDE', 'NEAR', 'RAIL', 'OUTSIDE', 'RAIL', 'RAIL', 'RAIL']","[[0.84, 1.41, 2.36], [0.4, 0.11, 0.6], [1.05, 0.65, 1.67], [0.27, 0.12, 0.41], [0.84, 1.02, 0.68], [1.57, 0.38, 0.62], [1.82, 2.71, 0.65], [0.67, 1.58, 0.03], [1.55, 1.59, 0.08], [2.94, 2.24, 0.18], [0.09, 0.16, 0.12], [1.96, 5.01, 1.09], [0.27, 1.59, 0.17], [0.16, 1.19, 0.0], [0.12, 0.92, 0.0], [0.44, 2.91, 0.61], [0.35, 1.24, 0.18], [0.07, 0.93, 0.0], [0.23, 1.12, 0.0], [0.83, 0.78, 0.26], [2.21, 5.28, 0.39], [0.05, 0.84, 0.0], [0.24, 1.23, 0.0], [0.16, 1.22, 0.0], [0.02, 1.07, 0.0], [0.07, 1.24, 0.0], [0.03, 1.12, 0.0], [0.07, 0.8, 0.0]]","[8, 9, 5, 4, 3, 1, 57, 2, 70, 69, 11, 20, 26, 40, 50, 28, 34, 61, 36, 29, 35, 48, 54, 58, 66, 65, 68, 73]",15.1
137,1788354636705038075,921600,95584,26,23,114.3,"[0.5, 31.1, 33.5, 34.3, 34.4, 38.0, 40.3, 42.1, 44.6, 46.9, 49.4, 72.9, 75.2, 82.8, 85.6, 87.2, 89.0, 90.9, 96.3, 100.0, 100.0, 101.9, 114.3]","['INSIDE', 'INSIDE', 'INSIDE', 'INSIDE', 'RAIL', 'RAIL', 'RAIL', 'INSIDE', 'INSIDE', 'INSIDE', 'RAIL', 'OUTSIDE', 'NEAR', 'INSIDE', 'OUTSIDE', 'OUTSIDE', 'INSIDE', 'NEAR', 'OUTSIDE', 'NEAR', 'RAIL', 'RAIL', 'RAIL']","[[0.9, 1.41, 2.36], [1.02, 0.65, 1.76], [0.27, 0.2, 0.41], [0.86, 1.02, 0.67], [0.27, 0.1, 0.25], [1.54, 0.41, 0.62], [0.9, 0.37, 0.21], [1.33, 1.86, 0.65], [0.73, 1.71, 0.04], [1.57, 1.59, 0.08], [0.08, 0.15, 0.13], [0.14, 1.88, 0.14], [1.79, 1.15, 0.02], [2.07, 4.52, 1.07], [0.18, 2.36, 0.17], [0.12, 0.76, 0.0], [0.4, 3.54, 0.37], [0.06, 0.79, 0.0], [0.09, 1.01, 0.0], [0.11, 1.05, 0.0], [0.04, 0.87, 0.0], [0.08, 1.24, 0.0], [0.04, 0.8, 0.0]]","[8, 5, 4, 3, 70, 1, 57, 69, 2, 9, 11, 25, 44, 20, 40, 50, 34, 36, 48, 54, 58, 65, 73]",15.6
138,1788354636802502406,921600,95652,32,29,114.4,"[0.5, 19.7, 31.1, 34.3, 34.4, 38.1, 40.3, 44.6, 46.9, 49.5, 69.5, 71.1, 82.8, 83.6, 85.5, 85.6, 87.2, 89.0, 89.2, 90.7, 90.8, 93.6, 96.3, 100.0, 100.0, 101.7, 101.8, 107.2, 114.4]","['INSIDE', 'INSIDE', 'INSIDE', 'INSIDE', 'RAIL', 'RAIL', 'INSIDE', 'INSIDE', 'RAIL', 'RAIL', 'INSIDE', 'INSIDE', 'OUTSIDE', 'INSIDE', 'OUTSIDE', 'INSIDE', 'OUTSIDE', 'INSIDE', 'NEAR', 'NEAR', 'OUTSIDE', 'INSIDE', 'OUTSIDE', 'NEAR', 'RAIL', 'OUTSIDE', 'RAIL', 'RAIL', 'RAIL']","[[0.85, 1.41, 2.36], [1.04, 0.65, 1.76], [0.25, 0.2, 0.4], [1.06, 1.1, 0.68], [1.6, 0.44, 0.62], [0.82, 0.38, 0.21], [0.64, 1.59, 0.03], [1.56, 1.59, 0.08], [0.22, 0.3, 0.08], [0.08, 0.16, 0.11], [0.62, 2.39, 0.75], [0.24, 2.21, 0.13], [0.33, 2.29, 0.16], [1.95, 3.94, 1.07], [0.24, 1.59, 0.17], [0.17, 1.04, 0.0], [0.09, 0.76, 0.0], [0.31, 1.24, 0.37], [0.06, 0.93, 0.0], [0.3, 1.11, 0.0], [0.72, 2.5, 0.19], [1.9, 3.04, 0.19], [0.05, 1.01, 0.0], [0.23, 1.23, 0.0], [0.16, 1.22, 0.0], [0.01, 0.89, 0.0], [0.05, 1.07, 0.0], [0.06, 1.12, 0.0], [0.04, 0.8, 0.0]]","[8, 5, 4, 3, 1, 57, 2, 9, 64, 11, 63, 25, 33, 20, 26, 40, 50, 34, 61, 36, 29, 35, 48, 54, 58, 66, 65, 68, 73]",15.5
139,1788354636900805497,921600,95611,31,28,114.4,"[0.5, 19.7, 31.1, 34.3, 34.4, 38.1, 39.4, 44.6, 45.8, 47.0, 49.5, 82.1, 83.4, 83.7, 85.5, 85.6, 87.2, 89.1, 90.8, 90.8, 93.2, 93.6, 96.3, 100.0, 100.1, 101.7, 101.9, 114.4]","['INSIDE', 'INSIDE', 'INSIDE', 'INSIDE', 'INSIDE', 'RAIL', 'RAIL', 'INSIDE', 'INSIDE', 'RAIL', 'RAIL', 'INSIDE', 'INSIDE', 'OUTSIDE', 'OUTSIDE', 'OUTSIDE', 'OUTSIDE', 'INSIDE', 'NEAR', 'OUTSIDE', 'OUTSIDE', 'INSIDE', 'OUTSIDE', 'NEAR', 'RAIL', 'OUTSIDE', 'RAIL', 'RAIL']","[[0.91, 1.41, 2.36], [1.18, 0.65, 1.89], [1.81, 0.1, 0.6], [0.28, 0.2, 0.41], [0.88, 1.02, 0.68], [1.61, 0.41, 0.55], [0.87, 0.38, 0.21], [0.69, 1.72, 0.04], [1.02, 0.98, 0.04], [0.23, 0.25, 0.08], [0.08, 0.16, 0.13], [0.67, 2.96, 1.07], [0.09, 0.59, 0.0], [0.8, 0.89, 0.01], [0.26, 1.74, 0.16], [0.2, 2.36, 0.17], [0.14, 0.92, 0.0], [0.4, 3.54, 0.37], [0.2, 0.95, 0.0], [0.89, 2.5, 0.19], [1.27, 1.01, 0.01], [1.79, 1.98, 0.01], [0.05, 1.01, 0.0], [0.16, 1.05, 0.0], [0.04, 0.7, 0.0], [0.04, 1.06, 0.0], [0.05, 1.24, 0.0], [0.05, 0.8, 0.0]]","[8, 5, 2, 4, 3, 1, 57, 9, 70, 64, 11, 20, 33, 38, 26, 40, 50, 34, 36, 29, 35, 48, 60, 54, 58, 66, 65, 73]",15.6
140,1788354637101902990,921600,95656,31,28,101.8,"[0.5, 31.1, 33.2, 34.3, 34.4, 38.1, 39.4, 44.6, 45.8, 49.5, 72.9, 75.0, 75.3, 82.8, 83.4, 85.5, 85.6, 87.2, 89.1, 90.8, 90.9, 93.3, 93.6, 96.3, 99.9, 100.0, 101.7, 101.8]","['INSIDE', 'INSIDE', 'INSIDE', 'INSIDE', 'RAIL', 'RAIL', 'INSIDE', 'INSIDE', 'INSIDE', 'RAIL', 'OUTSIDE', 'NEAR', 'INSIDE', 'INSIDE', 'OUTSIDE', 'OUTSIDE', 'INSIDE', 'OUTSIDE', 'INSIDE', 'NEAR', 'OUTSIDE', 'OUTSIDE', 'INSIDE', 'OUTSIDE', 'INSIDE', 'RAIL', 'OUTSIDE', 'RAIL']","[[0.87, 1.41, 2.36], [1.8, 0.1, 0.6], [0.27, 0.2, 0.4], [0.94, 1.02, 0.68], [1.57, 0.42, 0.62], [0.87, 0.32, 0.21], [1.92, 2.71, 0.65], [0.72, 1.58, 0.04], [1.0, 0.98, 0.04], [0.06, 0.16, 0.1], [0.16, 1.76, 0.13], [1.34, 0.76, 0.02], [4.23, 2.61, 1.35], [1.94, 2.82, 1.07], [0.82, 0.89, 0.01], [0.22, 1.74, 0.17], [0.2, 1.04, 0.0], [0.12, 0.92, 0.0], [0.36, 2.92, 0.37], [0.29, 1.12, 0.0], [0.93, 2.66, 0.19], [1.19, 0.85, 0.01], [2.0, 2.14, 0.01], [0.05, 0.84, 0.0], [0.04, 0.7, 0.0], [0.09, 0.87, 0.0], [0.02, 1.07, 0.0], [0.04, 1.07, 0.0]]","[8, 2, 4, 3, 1, 57, 69, 9, 70, 11, 25, 44, 63, 20, 38, 26, 40, 50, 34, 36, 29, 35, 48, 60, 54, 58, 66, 65]",15.6
141,1788354637196482970,921600,95531,31,28,114.3,"[0.5, 19.7, 34.3, 34.4, 38.0, 40.1, 44.6, 45.7, 46.9, 49.4, 72.9, 80.1, 82.8, 85.5, 85.6, 87.3, 89.0, 89.2, 90.9, 93.3, 93.6, 96.3, 98.1, 100.0, 100.1, 101.8, 107.2, 114.3]","['INSIDE', 'INSIDE', 'INSIDE', 'INSIDE', 'INSIDE', 'RAIL', 'INSIDE', 'INSIDE', 'RAIL', 'RAIL', 'OUTSIDE', 'INSIDE', 'INSIDE', 'OUTSIDE', 'INSIDE', 'OUTSIDE', 'INSIDE', 'NEAR', 'NEAR', 'OUTSIDE', 'INSIDE', 'OUTSIDE', 'OUTSIDE', 'NEAR', 'RAIL', 'RAIL', 'RAIL', 'RAIL']","[[0.87, 1.4, 2.36], [1.0, 0.65, 1.67], [0.39, 0.11, 0.6], [0.28, 0.2, 0.41], [1.08, 1.1, 0.68], [1.59, 0.41, 0.62], [0.34, 0.92, 0.02], [0.96, 0.98, 0.04], [0.2, 0.22, 0.08], [0.08, 0.17, 0.12], [0.4, 2.01, 0.14], [0.3, 0.69, 0.0], [1.93, 4.86, 1.09], [0.31, 0.75, 0.0], [0.24, 1.19, 0.0], [0.13, 0.92, 0.0], [0.23, 1.24, 0.37], [0.08, 0.93, 0.0], [0.49, 1.28, 0.0], [1.18, 0.85, 0.01], [1.88, 2.14, 0.01], [0.04, 1.01, 0.0], [0.13, 2.03, 0.21], [0.26, 1.23, 0.0], [0.17, 1.22, 0.0], [0.03, 1.07, 0.0], [0.06, 1.12, 0.0], [0.04, 0.8, 0.0]]","[8, 5, 2, 4, 3, 1, 9, 70, 64, 11, 25, 20, 33, 26, 40, 50, 34, 61, 36, 35, 48, 60, 54, 66, 58, 65, 68, 73]",16.9
142,1788354637297634667,921600,95664,30,26,114.4,"[0.4, 19.7, 31.1, 33.5, 34.3, 34.4, 38.0, 39.8, 44.6, 45.7, 49.4, 82.9, 85.5, 85.5, 87.2, 89.1, 90.7, 90.9, 93.6, 96.3, 100.0, 100.0, 101.7, 101.9, 111.4, 114.4]","['RAIL', 'INSIDE', 'INSIDE', 'INSIDE', 'INSIDE', 'RAIL', 'RAIL', 'INSIDE', 'INSIDE', 'INSIDE', 'RAIL', 'INSIDE', 'OUTSIDE', 'INSIDE', 'OUTSIDE', 'INSIDE', 'NEAR', 'RAIL', 'INSIDE', 'OUTSIDE', 'NEAR', 'RAIL', 'OUTSIDE', 'RAIL', 'RAIL', 'RAIL']","[[0.07, 0.07, 0.07], [0.89, 1.41, 2.36], [1.03, 0.25, 0.6], [0.27, 0.17, 0.4], [0.89, 1.02, 0.68], [1.55, 0.44, 0.62], [0.9, 0.37, 0.21], [1.32, 1.86, 0.65], [0.75, 1.71, 0.04], [1.0, 0.98, 0.04], [0.21, 0.19, 0.08], [1.97, 4.52, 1.07], [0.09, 0.9, 0.0], [0.27, 1.04, 0.0], [0.11, 0.76, 0.0], [0.39, 3.38, 0.18], [0.06, 0.79, 0.0], [0.76, 0.62, 0.26], [2.09, 2.88, 0.19], [0.05, 0.84, 0.0], [0.11, 1.05, 0.0], [0.09, 0.87, 0.0], [0.12, 1.07, 0.0], [0.08, 1.24, 0.0], [1.44, 1.5, 0.17], [0.02, 0.8, 0.0]]","[11, 8, 2, 4, 3, 1, 57, 69, 9, 70, 64, 33, 26, 40, 50, 34, 36, 29, 48, 60, 66, 58, 65, 54, 73, 77]",16.4
143,1788354637394372339,921600,95738,32,26,109.0,"[0.5, 33.4, 34.3, 34.4, 38.1, 40.1, 44.6, 45.6, 46.9, 49.4, 82.8, 85.5, 85.6, 87.2, 89.1, 90.9, 92.8, 93.6, 96.3, 100.0, 100.1, 101.7, 101.8, 107.2, 108.9, 109.0]","['RAIL', 'INSIDE', 'INSIDE', 'INSIDE', 'INSIDE', 'INSIDE', 'RAIL', 'INSIDE', 'INSIDE', 'INSIDE', 'INSIDE', 'OUTSIDE', 'OUTSIDE', 'OUTSIDE', 'INSIDE', 'NEAR', 'OUTSIDE', 'INSIDE', 'OUTSIDE', 'NEAR', 'RAIL', 'OUTSIDE', 'RAIL', 'RAIL', 'RAIL', 'RAIL']","[[0.17, 0.1, 0.08], [0.85, 1.41, 2.36], [0.44, 0.11, 0.6], [1.09, 0.65, 1.76], [0.28, 0.2, 0.41], [1.06, 1.1, 0.68], [1.58, 0.41, 0.62], [1.09, 1.97, 0.64], [0.67, 1.72, 0.03], [0.88, 0.98, 0.04], [1.95, 4.38, 1.07], [0.42, 1.6, 0.17], [0.18, 2.36, 0.17], [0.14, 0.77, 0.0], [0.43, 3.23, 0.37], [0.2, 1.11, 0.0], [0.28, 0.66, 0.0], [1.99, 4.07, 0.2], [0.13, 1.01, 0.0], [0.16, 1.05, 0.0], [0.1, 1.05, 0.0], [0.02, 1.07, 0.0], [0.02, 1.07, 0.0], [0.02, 1.12, 0.0], [0.01, 0.95, 0.0], [0.02, 0.76, 0.0]]","[11, 8, 2, 5, 4, 3, 1, 69, 9, 70, 33, 26, 40, 50, 34, 36, 35, 48, 60, 66, 58, 65, 54, 68, 73, 77]",15.9
144,1788354637501966194,921600,95702,33,28,101.9,"[0.6, 19.6, 31.1, 33.2, 34.3, 34.4, 38.1, 40.0, 44.6, 45.8, 47.0, 49.5, 72.9, 82.2, 83.4, 83.7, 85.5, 85.6, 87.2, 89.1, 90.9, 93.3, 93.6, 96.3, 100.0, 100.0, 101.7, 101.9]","['RAIL', 'INSIDE', 'INSIDE', 'INSIDE', 'INSIDE', 'INSIDE', 'RAIL', 'INSIDE', 'INSIDE', 'RAIL', 'INSIDE', 'RAIL', 'OUTSIDE', 'INSIDE', 'INSIDE', 'OUTSIDE', 'OUTSIDE', 'INSIDE', 'OUTSIDE', 'INSIDE', 'NEAR', 'OUTSIDE', 'INSIDE', 'OUTSIDE', 'INSIDE', 'RAIL', 'OUTSIDE', 'RAIL']","[[0.12, 0.1, 0.07], [0.87, 1.41, 2.37], [1.25, 0.65, 1.89], [0.27, 0.17, 0.41], [0.89, 1.02, 0.68], [0.55, 0.1, 0.6], [0.85, 0.32, 0.21], [1.94, 2.71, 0.66], [0.7, 1.58, 0.04], [1.55, 0.44, 0.62], [1.01, 0.98, 0.04], [0.24, 0.19, 0.08], [0.22, 1.88, 0.14], [0.6, 2.1, 1.07], [0.11, 0.59, 0.0], [0.82, 0.89, 0.01], [0.2, 1.74, 0.17], [0.15, 1.19, 0.0], [0.13, 0.92, 0.0], [0.24, 3.38, 0.18], [0.21, 1.11, 0.0], [1.18, 0.85, 0.01], [1.99, 2.14, 0.01], [0.03, 0.84, 0.0], [0.24, 1.23, 0.0], [0.02, 0.7, 0.0], [0.02, 1.07, 0.0], [0.06, 1.24, 0.0]]","[11, 8, 5, 4, 3, 2, 57, 69, 9, 1, 70, 64, 25, 33, 26, 38, 50, 40, 34, 61, 36, 35, 48, 60, 66, 58, 65, 54]",17.1
145,1788354637602803651,921600,95624,31,26,107.2,"[0.7, 33.1, 34.3, 34.4, 38.1, 40.2, 44.6, 45.7, 47.0, 49.4, 80.1, 82.8, 85.5, 85.6, 87.3, 89.0, 89.2, 90.8, 90.9, 93.5, 96.3, 100.0, 100.1, 101.7, 101.8, 107.2]","['RAIL', 'INSIDE', 'INSIDE', 'INSIDE', 'INSIDE', 'INSIDE', 'RAIL', 'INSIDE', 'INSIDE', 'INSIDE', 'INSIDE', 'INSIDE', 'OUTSIDE', 'OUTSIDE', 'OUTSIDE', 'INSIDE', 'NEAR', 'NEAR', 'OUTSIDE', 'INSIDE', 'OUTSIDE', 'NEAR', 'RAIL', 'OUTSIDE', 'RAIL', 'RAIL']","[[0.15, 0.11, 0.08], [0.86, 1.42, 2.36], [0.32, 0.11, 0.6], [1.05, 0.65, 1.67], [0.26, 0.17, 0.4], [1.09, 1.1, 0.68], [1.57, 0.42, 0.62], [1.61, 2.71, 0.64], [0.68, 1.72, 0.03], [0.94, 0.98, 0.04], [0.32, 0.69, 0.0], [2.0, 5.01, 1.24], [0.26, 1.59, 0.17], [0.2, 2.36, 0.17], [0.16, 1.07, 0.0], [0.29, 1.24, 0.37], [0.07, 1.09, 0.0], [0.2, 1.11, 0.0], [1.02, 2.66, 0.19], [2.06, 3.04, 0.19], [0.04, 1.01, 0.0], [0.21, 1.23, 0.0], [0.16, 1.22, 0.0], [0.01, 1.07, 0.0], [0.06, 1.07, 0.0], [0.06, 1.12, 0.0]]","[11, 8, 2, 5, 4, 3, 1, 69, 9, 70, 20, 33, 50, 40, 34, 61, 29, 36, 28, 48, 60, 66, 58, 65, 54, 68]",16.1
146,1788354637717340992,921600,95835,32,28,101.8,"[0.8, 31.1, 33.3, 34.3, 34.4, 38.1, 40.0, 40.4, 44.6, 45.8, 46.9, 49.4, 71.2, 72.9, 79.2, 82.8, 83.7, 85.5, 85.7, 87.3, 89.1, 91.0, 96.3, 98.1, 99.9, 100.0, 101.7, 101.8]","['RAIL', 'INSIDE', 'INSIDE', 'INSIDE', 'INSIDE', 'INSIDE', 'RAIL', 'RAIL', 'INSIDE', 'INSIDE', 'INSIDE', 'INSIDE', 'INSIDE', 'OUTSIDE', 'INSIDE', 'INSIDE', 'INSIDE', 'OUTSIDE', 'INSIDE', 'OUTSIDE', 'INSIDE', 'NEAR', 'OUTSIDE', 'OUTSIDE', 'INSIDE', 'RAIL', 'OUTSIDE', 'RAIL']","[[0.2, 0.08, 0.08], [0.88, 1.41, 2.37], [1.03, 0.65, 1.76], [0.27, 0.2, 0.4], [1.14, 1.1, 0.68], [0.55, 0.1, 0.6], [1.56, 0.4, 0.62], [0.86, 0.33, 0.21], [1.96, 2.71, 0.66], [0.7, 1.58, 0.04], [1.7, 1.6, 0.09], [1.05, 0.99, 0.05], [0.33, 2.09, 0.14], [0.22, 1.88, 0.14], [1.81, 2.97, 0.87], [0.1, 0.59, 0.0], [1.96, 4.23, 1.07], [0.31, 1.59, 0.17], [0.28, 1.19, 0.0], [0.09, 0.76, 0.0], [0.4, 3.39, 0.18], [0.26, 1.12, 0.0], [0.05, 0.84, 0.0], [0.06, 0.69, 0.0], [0.06, 0.87, 0.0], [0.02, 0.7, 0.0], [0.02, 1.07, 0.0], [0.04, 1.07, 0.0]]","[11, 8, 5, 4, 3, 2, 1, 57, 69, 9, 78, 70, 25, 63, 20, 26, 33, 50, 40, 34, 61, 36, 60, 66, 65, 58, 54, 68]",15.0
147,1788354637807651771,921600,95636,30,27,107.2,"[1.0, 31.1, 34.3, 34.4, 40.3, 44.6, 45.7, 46.9, 49.4, 82.8, 83.5, 85.5, 85.6, 87.2, 87.3, 87.4, 89.0, 89.2, 90.8, 93.6, 96.3, 99.9, 100.1, 101.7, 101.8, 103.6, 107.2]","['RAIL', 'INSIDE', 'INSIDE', 'INSIDE', 'INSIDE', 'RAIL', 'RAIL', 'INSIDE', 'INSIDE', 'INSIDE', 'OUTSIDE', 'OUTSIDE', 'INSIDE', 'OUTSIDE', 'RAIL', 'OUTSIDE', 'INSIDE', 'NEAR', 'NEAR', 'INSIDE', 'OUTSIDE', 'OUTSIDE', 'RAIL', 'OUTSIDE', 'RAIL', 'RAIL', 'RAIL']","[[0.19, 0.07, 0.08], [0.88, 1.4, 2.37], [0.99, 0.65, 1.67], [0.28, 0.24, 0.41], [0.79, 1.02, 0.67], [1.58, 0.44, 0.55], [0.81, 0.32, 0.21], [1.61, 1.6, 0.09], [0.98, 0.98, 0.04], [1.92, 3.71, 1.24], [0.97, 0.89, 0.01], [0.19, 1.44, 0.17], [0.22, 1.34, 0.0], [0.15, 0.92, 0.0], [0.28, 1.11, 0.74], [0.12, 0.91, 0.0], [0.24, 1.24, 0.18], [0.07, 0.93, 0.0], [0.21, 0.95, 0.0], [2.01, 3.23, 0.19], [0.04, 1.01, 0.0], [0.42, 2.07, 0.21], [0.24, 1.22, 0.0], [0.05, 1.07, 0.0], [0.06, 1.24, 0.0], [0.06, 0.9, 0.0], [0.02, 0.94, 0.0]]","[11, 8, 5, 4, 3, 1, 57, 78, 70, 26, 38, 50, 40, 34, 61, 29, 36, 28, 48, 35, 60, 65, 58, 54, 68, 77, 73]",16.5
148,1788354637915034756,921600,95556,31,27,101.8,"[1.2, 19.7, 30.7, 33.3, 34.3, 34.4, 38.1, 40.1, 40.4, 42.1, 42.6, 44.6, 46.9, 49.4, 82.2, 83.7, 85.5, 85.6, 87.2, 89.1, 90.9, 93.6, 96.3, 100.0, 100.1, 101.7, 101.8]","['RAIL', 'INSIDE', 'INSIDE', 'INSIDE', 'INSIDE', 'INSIDE', 'RAIL', 'RAIL', 'RAIL', 'INSIDE', 'INSIDE', 'INSIDE', 'INSIDE', 'RAIL', 'INSIDE', 'INSIDE', 'OUTSIDE', 'OUTSIDE', 'OUTSIDE', 'INSIDE', 'NEAR', 'INSIDE', 'OUTSIDE', 'NEAR', 'RAIL', 'OUTSIDE', 'RAIL']","[[0.08, 0.1, 0.08], [0.87, 1.4, 2.37], [0.54, 0.1, 0.6], [1.02, 0.65, 1.76], [0.28, 0.17, 0.41], [1.1, 1.1, 0.68], [0.24, 0.1, 0.25], [1.57, 0.44, 0.62], [1.63, 0.44, 0.21], [1.83, 2.61, 0.66], [0.68, 1.58, 0.03], [1.68, 1.6, 0.09], [1.18, 0.87, 0.05], [0.21, 0.16, 0.08], [0.66, 3.11, 1.07], [0.07, 0.59, 0.0], [0.19, 1.74, 0.17], [0.33, 2.36, 0.17], [0.13, 0.77, 0.0], [0.21, 3.54, 0.18], [0.14, 0.95, 0.0], [1.81, 2.88, 0.19], [0.09, 1.01, 0.0], [0.25, 1.05, 0.0], [0.07, 0.87, 0.0], [0.03, 1.07, 0.0], [0.04, 1.07, 0.0]]","[11, 8, 2, 5, 4, 3, 78, 1, 57, 69, 9, 79, 70, 64, 26, 33, 50, 40, 34, 36, 48, 35, 60, 65, 58, 54, 68]",15.3
149,1788354638003697063,921600,95688,33,28,109.0,"[1.3, 33.1, 34.3, 34.4, 38.1, 40.1, 40.2, 42.5, 44.6, 47.0, 49.5, 82.8, 83.4, 85.5, 85.5, 87.3, 89.1, 89.2, 90.9, 92.6, 93.6, 96.3, 100.0, 100.1, 101.7, 101.8, 107.2, 109.0]","['RAIL', 'INSIDE', 'INSIDE', 'INSIDE', 'INSIDE', 'INSIDE', 'RAIL', 'INSIDE', 'INSIDE', 'INSIDE', 'INSIDE', 'INSIDE', 'OUTSIDE', 'OUTSIDE', 'OUTSIDE', 'OUTSIDE', 'INSIDE', 'NEAR', 'NEAR', 'OUTSIDE', 'INSIDE', 'OUTSIDE', 'NEAR', 'RAIL', 'OUTSIDE', 'RAIL', 'RAIL', 'RAIL']","[[0.1, 0.04, 0.08], [0.86, 1.41, 2.36], [0.4, 0.11, 0.53], [1.25, 0.66, 1.89], [0.27, 0.2, 0.4], [0.84, 1.02, 0.68], [1.6, 0.4, 0.62], [1.62, 2.71, 0.64], [0.68, 1.72, 0.03], [1.52, 1.59, 0.08], [1.1, 0.87, 0.05], [1.92, 2.67, 1.07], [0.81, 0.89, 0.01], [0.32, 0.75, 0.0], [0.23, 2.36, 0.17], [0.08, 0.61, 0.0], [0.27, 1.24, 0.0], [0.07, 0.93, 0.0], [0.26, 1.12, 0.0], [0.56, 0.82, 0.0], [1.93, 2.14, 0.01], [0.03, 0.84, 0.0], [0.18, 1.22, 0.0], [0.15, 1.22, 0.0], [0.03, 1.07, 0.0], [0.05, 1.07, 0.0], [0.05, 1.12, 0.0], [0.03, 0.76, 0.0]]","[11, 8, 2, 5, 4, 3, 1, 69, 9, 79, 70, 26, 38, 50, 40, 34, 36, 28, 48, 35, 60, 66, 65, 58, 54, 68, 73, 77]",15.3
150,1788354638093130492,921600,95956,35,29,103.5,"[19.7, 30.7, 33.3, 34.3, 34.4, 38.1, 39.4, 40.4, 42.6, 44.6, 46.9, 49.3, 74.4, 82.2, 83.4, 83.7, 85.4, 85.6, 87.2, 89.1, 90.9, 91.0, 93.6, 96.3, 99.9, 100.1, 101.7, 101.8, 103.5]","['INSIDE', 'INSIDE', 'INSIDE', 'INSIDE', 'INSIDE', 'RAIL', 'RAIL', 'INSIDE', 'INSIDE', 'INSIDE', 'INSIDE', 'RAIL', 'OUTSIDE', 'INSIDE', 'INSIDE', 'OUTSIDE', 'OUTSIDE', 'INSIDE', 'OUTSIDE', 'INSIDE', 'NEAR', 'INSIDE', 'INSIDE', 'OUTSIDE', 'INSIDE', 'RAIL', 'OUTSIDE', 'RAIL', 'OUTSIDE']","[[0.88, 1.41, 2.37], [1.8, 0.1, 0.6], [1.05, 0.65, 1.76], [0.27, 0.17, 0.4], [0.91, 1.02, 0.67], [1.55, 0.34, 0.62], [1.61, 0.43, 0.21], [1.83, 2.61, 0.66], [0.68, 1.45, 0.03], [1.7, 1.6, 0.09], [1.18, 0.87, 0.05], [0.22, 0.22, 0.08], [3.09, 2.33, 0.17], [0.61, 3.11, 1.07], [0.08, 0.59, 0.0], [0.79, 0.74, 0.01], [0.2, 1.59, 0.17], [0.26, 1.19, 0.0], [0.13, 0.92, 0.0], [0.46, 3.54, 0.37], [0.28, 1.12, 0.0], [0.09, 0.63, 0.0], [1.89, 3.04, 0.19], [0.06, 1.01, 0.0], [0.06, 0.87, 0.0], [0.06, 0.7, 0.0], [0.01, 1.07, 0.0], [0.06, 1.07, 0.0], [0.05, 0.72, 0.0]]","[8, 2, 5, 4, 3, 1, 57, 69, 9, 79, 70, 64, 63, 26, 33, 38, 50, 40, 34, 36, 48, 28, 60, 66, 65, 58, 54, 68, 73]",20.6
151,1788354638196813644,921600,96742,30,26,107.2,"[34.3, 34.4, 38.1, 40.1, 40.3, 42.5, 44.6, 46.9, 49.4, 72.8, 80.1, 82.8, 83.4, 85.5, 85.6, 87.3, 89.1, 89.2, 90.7, 90.9, 93.6, 96.3, 100.0, 100.1, 101.8, 107.2]","['INSIDE', 'INSIDE', 'INSIDE', 'INSIDE', 'INSIDE', 'RAIL', 'INSIDE', 'INSIDE', 'INSIDE', 'OUTSIDE', 'INSIDE', 'INSIDE', 'NEAR', 'NEAR', 'OUTSIDE', 'OUTSIDE', 'INSIDE', 'NEAR', 'NEAR', 'OUTSIDE', 'INSIDE', 'OUTSIDE', 'NEAR', 'RAIL', 'RAIL', 'RAIL']","[[0.88, 1.41, 2.36], [0.36, 0.11, 0.6], [1.04, 0.65, 1.67], [0.27, 0.2, 0.41], [1.08, 1.1, 0.68], [1.56, 0.41, 0.55], [0.66, 1.72, 0.03], [1.56, 1.59, 0.08], [1.14, 0.87, 0.05], [0.26, 2.01, 0.14], [0.31, 0.69, 0.0], [1.96, 3.59, 1.09], [0.84, 1.03, 0.01], [0.25, 1.05, 0.0], [0.18, 2.36, 0.17], [0.17, 0.92, 0.0], [0.4, 1.24, 0.37], [0.05, 1.09, 0.0], [0.1, 0.95, 0.0], [0.81, 2.66, 0.19], [1.84, 3.04, 0.19], [0.06, 1.01, 0.0], [0.21, 1.23, 0.0], [0.1, 1.05, 0.0], [0.02, 1.07, 0.0], [0.04, 1.12, 0.0]]","[8, 2, 5, 4, 3, 1, 9, 79, 70, 63, 20, 26, 38, 50, 40, 34, 36, 28, 48, 29, 60, 66, 65, 58, 68, 77]",20.6
152,1788354638292303932,921600,96736,34,29,101.8,"[1.9, 19.7, 30.7, 34.3, 34.4, 38.0, 40.1, 40.2, 42.6, 44.6, 46.9, 49.5, 82.2, 83.4, 83.7, 85.5, 85.6, 87.2, 89.1, 90.9, 90.9, 93.1, 93.6, 96.3, 96.4, 99.9, 100.0, 101.7, 101.8]","['RAIL', 'INSIDE', 'INSIDE', 'INSIDE', 'INSIDE', 'INSIDE', 'RAIL', 'RAIL', 'INSIDE', 'INSIDE', 'INSIDE', 'RAIL', 'INSIDE', 'INSIDE', 'OUTSIDE', 'OUTSIDE', 'OUTSIDE', 'OUTSIDE', 'INSIDE', 'NEAR', 'INSIDE', 'OUTSIDE', 'INSIDE', 'OUTSIDE', 'INSIDE', 'INSIDE', 'RAIL', 'OUTSIDE', 'RAIL']","[[0.2, 0.14, 0.08], [0.92, 1.41, 2.37], [1.03, 0.65, 1.67], [0.51, 0.1, 0.53], [0.28, 0.2, 0.41], [0.68, 0.94, 0.67], [1.57, 0.41, 0.62], [1.69, 0.48, 0.21], [0.32, 0.92, 0.02], [1.28, 1.58, 0.07], [1.2, 0.87, 0.05], [0.21, 0.27, 0.08], [0.62, 2.97, 1.07], [0.09, 0.59, 0.0], [0.72, 0.74, 0.01], [0.32, 0.75, 0.0], [0.17, 2.21, 0.17], [0.27, 1.07, 0.0], [0.46, 3.39, 0.37], [0.09, 0.95, 0.0], [0.29, 0.95, 0.0], [1.44, 1.17, 0.01], [1.8, 1.97, 0.01], [0.06, 1.01, 0.0], [0.05, 0.84, 0.0], [0.06, 0.7, 0.0], [0.04, 0.87, 0.0], [0.01, 1.07, 0.0], [0.05, 1.07, 0.0]]","[11, 8, 5, 2, 4, 3, 1, 57, 9, 79, 70, 64, 26, 33, 38, 50, 40, 34, 36, 48, 29, 35, 60, 66, 58, 65, 68, 54, 73]",15.9
153,1788354638395202688,921600,96968,34,28,101.8,"[2.0, 19.7, 34.3, 34.4, 38.1, 40.1, 40.3, 42.5, 44.6, 47.0, 49.5, 80.1, 82.8, 83.4, 85.5, 85.6, 87.2, 89.0, 89.2, 90.7, 90.9, 93.6, 96.3, 98.1, 100.0, 100.0, 101.7, 101.8]","['RAIL', 'INSIDE', 'INSIDE', 'INSIDE', 'INSIDE', 'INSIDE', 'RAIL', 'INSIDE', 'INSIDE', 'INSIDE', 'RAIL', 'INSIDE', 'INSIDE', 'OUTSIDE', 'OUTSIDE', 'INSIDE', 'OUTSIDE', 'INSIDE', 'NEAR', 'NEAR', 'RAIL', 'INSIDE', 'OUTSIDE', 'OUTSIDE', 'NEAR', 'RAIL', 'OUTSIDE', 'RAIL']","[[0.18, 0.1, 0.09], [0.88, 1.41, 2.36], [0.34, 0.11, 0.53], [1.26, 0.65, 1.89], [0.26, 0.2, 0.41], [0.84, 1.02, 0.68], [1.54, 0.41, 0.55], [0.66, 1.58, 0.03], [1.57, 1.59, 0.08], [1.12, 0.87, 0.05], [0.21, 0.27, 0.08], [0.31, 0.69, 0.0], [1.95, 3.45, 1.09], [0.81, 0.74, 0.01], [0.16, 1.74, 0.17], [0.2, 1.19, 0.0], [0.12, 1.07, 0.0], [0.26, 0.78, 0.37], [0.07, 0.93, 0.0], [0.18, 1.11, 0.0], [0.86, 0.78, 0.26], [1.85, 3.04, 0.19], [0.05, 1.01, 0.0], [0.08, 0.69, 0.0], [0.24, 1.23, 0.0], [0.1, 1.22, 0.0], [0.04, 1.07, 0.0], [0.02, 1.07, 0.0]]","[11, 8, 2, 5, 4, 3, 1, 9, 79, 70, 64, 20, 26, 38, 50, 40, 34, 36, 28, 48, 29, 60, 66, 65, 54, 68, 73, 77]",16.0
154,1788354638500315949,921600,96951,32,28,101.8,"[2.2, 30.7, 34.3, 34.4, 38.0, 40.1, 40.2, 42.6, 44.6, 46.9, 49.4, 82.2, 83.4, 83.7, 85.5, 85.6, 87.3, 89.0, 89.2, 90.8, 90.9, 93.5, 96.3, 96.4, 100.0, 100.1, 101.7, 101.8]","['RAIL', 'INSIDE', 'INSIDE', 'INSIDE', 'INSIDE', 'INSIDE', 'RAIL', 'RAIL', 'INSIDE', 'INSIDE', 'INSIDE', 'INSIDE', 'INSIDE', 'OUTSIDE', 'OUTSIDE', 'OUTSIDE', 'OUTSIDE', 'INSIDE', 'NEAR', 'INSIDE', 'INSIDE', 'INSIDE', 'OUTSIDE', 'INSIDE', 'INSIDE', 'RAIL', 'OUTSIDE', 'RAIL']","[[0.18, 0.14, 0.09], [0.94, 1.41, 2.37], [1.04, 0.65, 1.88], [0.49, 0.1, 0.6], [0.28, 0.2, 0.41], [0.93, 1.02, 0.67], [1.66, 0.43, 0.21], [1.56, 0.41, 0.62], [0.32, 0.92, 0.02], [1.31, 1.58, 0.07], [1.23, 0.87, 0.05], [0.62, 2.82, 1.07], [0.1, 0.59, 0.0], [0.68, 0.74, 0.01], [0.2, 1.74, 0.17], [0.19, 2.06, 0.17], [0.14, 0.92, 0.0], [0.36, 0.78, 0.37], [0.04, 0.78, 0.0], [0.32, 1.11, 0.0], [0.18, 0.79, 0.0], [2.18, 3.07, 0.19], [0.04, 1.01, 0.0], [0.06, 0.84, 0.0], [0.04, 0.7, 0.0], [0.02, 0.7, 0.0], [0.07, 1.07, 0.0], [0.03, 1.07, 0.0]]","[11, 8, 5, 2, 4, 3, 57, 1, 9, 79, 70, 26, 33, 38, 50, 40, 34, 36, 28, 48, 29, 60, 66, 58, 54, 68, 73, 77]",15.7
155,1788354638595212814,921600,96415,30,25,101.8,"[2.4, 19.7, 31.1, 33.1, 34.3, 34.4, 38.1, 40.1, 40.2, 42.5, 44.6, 46.9, 49.4, 82.8, 85.5, 85.5, 87.2, 89.1, 90.9, 92.8, 93.6, 96.3, 100.0, 100.1, 101.8]","['RAIL', 'INSIDE', 'INSIDE', 'INSIDE', 'INSIDE', 'INSIDE', 'RAIL', 'RAIL', 'INSIDE', 'INSIDE', 'INSIDE', 'INSIDE', 'RAIL', 'INSIDE', 'OUTSIDE', 'INSIDE', 'OUTSIDE', 'INSIDE', 'NEAR', 'OUTSIDE', 'INSIDE', 'OUTSIDE', 'NEAR', 'RAIL', 'RAIL']","[[0.13, 0.18, 0.07], [0.87, 1.41, 2.36], [0.4, 0.11, 0.6], [1.02, 0.65, 1.67], [0.26, 0.22, 0.41], [1.03, 1.1, 0.68], [1.55, 0.4, 0.62], [0.86, 0.32, 0.21], [1.62, 2.71, 0.64], [0.65, 1.72, 0.03], [1.51, 1.59, 0.08], [1.11, 0.87, 0.05], [0.2, 0.19, 0.08], [1.95, 5.01, 1.09], [0.26, 1.74, 0.17], [0.17, 1.04, 0.0], [0.11, 0.76, 0.0], [0.4, 3.39, 0.37], [0.22, 1.12, 0.0], [0.31, 0.81, 0.0], [1.87, 2.14, 0.01], [0.04, 0.84, 0.0], [0.17, 1.05, 0.0], [0.12, 1.22, 0.0], [0.04, 1.24, 0.0]]","[11, 8, 2, 5, 4, 3, 1, 57, 69, 9, 79, 70, 64, 26, 50, 40, 34, 36, 48, 35, 60, 66, 54, 68, 77]",16.2
156,1788354638695472832,921600,96164,28,24,101.8,"[0.4, 31.1, 34.3, 34.4, 38.1, 39.8, 40.4, 42.6, 44.6, 47.1, 49.6, 82.8, 83.7, 85.5, 85.7, 87.3, 89.1, 90.9, 93.6, 96.3, 100.0, 100.0, 101.7, 101.8]","['INSIDE', 'OUTSIDE', 'INSIDE', 'INSIDE', 'INSIDE', 'RAIL', 'RAIL', 'INSIDE', 'INSIDE', 'INSIDE', 'RAIL', 'INSIDE', 'INSIDE', 'OUTSIDE', 'INSIDE', 'OUTSIDE', 'INSIDE', 'NEAR', 'INSIDE', 'OUTSIDE', 'INSIDE', 'RAIL', 'OUTSIDE', 'RAIL']","[[0.89, 1.4, 2.37], [1.36, 1.81, 1.89], [1.05, 0.1, 0.6], [0.27, 0.2, 0.41], [0.89, 1.02, 0.68], [1.58, 0.42, 0.62], [0.85, 0.33, 0.21], [0.67, 1.58, 0.03], [1.74, 1.74, 0.09], [1.19, 0.87, 0.05], [0.1, 0.16, 0.13], [0.09, 0.59, 0.0], [1.96, 4.38, 1.07], [0.33, 1.89, 0.17], [0.28, 1.04, 0.0], [0.11, 0.76, 0.0], [0.4, 3.39, 0.37], [0.23, 1.12, 0.0], [1.81, 2.88, 0.19], [0.06, 1.01, 0.0], [0.09, 1.05, 0.0], [0.06, 0.87, 0.0], [0.03, 1.07, 0.0], [0.04, 1.07, 0.0]]","[8, 5, 2, 4, 3, 1, 57, 9, 79, 70, 80, 33, 26, 50, 40, 34, 36, 48, 60, 66, 54, 68, 73, 77]",21.9
157,1788354638795683703,921600,96386,35,29,101.8,"[0.5, 2.7, 19.7, 33.1, 34.3, 34.4, 38.1, 40.1, 40.2, 42.5, 44.6, 46.9, 49.4, 80.1, 82.8, 85.5, 85.5, 87.3, 89.1, 90.8, 90.9, 92.7, 93.6, 93.7, 96.3, 98.2, 100.0, 100.1, 101.8]","['RAIL', 'INSIDE', 'INSIDE', 'INSIDE', 'INSIDE', 'INSIDE', 'RAIL', 'INSIDE', 'INSIDE', 'INSIDE', 'INSIDE', 'RAIL', 'RAIL', 'INSIDE', 'INSIDE', 'OUTSIDE', 'INSIDE', 'OUTSIDE', 'INSIDE', 'NEAR', 'OUTSIDE', 'OUTSIDE', 'INSIDE', 'INSIDE', 'OUTSIDE', 'OUTSIDE', 'NEAR', 'RAIL', 'RAIL']","[[0.1, 0.16, 0.03], [0.87, 1.4, 2.36], [0.35, 0.11, 0.6], [1.04, 0.65, 1.67], [0.27, 0.2, 0.41], [1.11, 1.1, 0.68], [1.54, 0.41, 0.62], [1.64, 2.71, 0.64], [0.68, 1.58, 0.03], [1.52, 1.59, 0.08], [1.09, 0.87, 0.05], [0.21, 0.26, 0.08], [0.07, 0.18, 0.13], [0.33, 0.69, 0.0], [1.97, 5.01, 1.09], [0.3, 1.89, 0.17], [0.18, 1.19, 0.0], [0.14, 0.92, 0.0], [0.4, 2.92, 0.37], [0.17, 1.11, 0.0], [0.98, 2.66, 0.19], [0.12, 0.81, 0.0], [1.81, 1.97, 0.01], [1.81, 1.61, 0.01], [0.05, 0.84, 0.0], [0.26, 2.03, 0.21], [0.19, 1.22, 0.0], [0.07, 1.05, 0.0], [0.01, 1.24, 0.0]]","[11, 8, 2, 5, 4, 3, 1, 69, 9, 79, 70, 64, 80, 20, 26, 50, 40, 34, 36, 48, 29, 35, 60, 58, 66, 65, 54, 68, 77]",26.3
158,1788354638897009445,921600,96287,33,28,101.8,"[0.5, 2.9, 30.7, 34.3, 34.4, 38.1, 40.1, 40.4, 42.6, 44.6, 46.9, 49.3, 82.2, 83.4, 83.7, 85.5, 85.7, 87.3, 89.0, 89.2, 90.9, 93.1, 93.6, 96.3, 99.9, 100.0, 101.7, 101.8]","['RAIL', 'INSIDE', 'INSIDE', 'INSIDE', 'INSIDE', 'INSIDE', 'RAIL', 'RAIL', 'INSIDE', 'INSIDE', 'INSIDE', 'RAIL', 'INSIDE', 'INSIDE', 'OUTSIDE', 'OUTSIDE', 'INSIDE', 'OUTSIDE', 'INSIDE', 'NEAR', 'NEAR', 'OUTSIDE', 'INSIDE', 'OUTSIDE', 'INSIDE', 'RAIL', 'OUTSIDE', 'RAIL']","[[0.09, 0.17, 0.03], [0.89, 1.41, 2.37], [0.52, 0.1, 0.6], [1.01, 0.65, 1.76], [0.28, 0.24, 0.41], [0.88, 1.02, 0.67], [1.55, 0.42, 0.55], [1.67, 0.43, 0.21], [0.68, 1.45, 0.03], [1.74, 1.6, 0.09], [1.19, 0.87, 0.05], [0.08, 0.16, 0.1], [0.65, 3.11, 1.07], [0.09, 0.59, 0.0], [0.69, 0.74, 0.01], [0.27, 1.89, 0.17], [0.3, 1.04, 0.0], [0.16, 0.92, 0.0], [0.3, 1.24, 0.37], [0.11, 1.09, 0.0], [0.18, 1.11, 0.0], [1.37, 1.17, 0.01], [1.81, 2.14, 0.01], [0.07, 1.01, 0.0], [0.02, 1.05, 0.0], [0.04, 0.87, 0.0], [0.04, 1.07, 0.0], [0.05, 1.07, 0.0]]","[11, 8, 2, 5, 4, 3, 1, 57, 9, 79, 70, 80, 26, 33, 38, 50, 40, 34, 36, 28, 48, 35, 60, 66, 54, 68, 73, 77]",18.6
159,1788354638994563138,921600,95957,30,24,101.8,"[0.5, 33.1, 34.3, 34.4, 38.0, 40.1, 40.3, 42.5, 44.6, 46.9, 49.4, 82.8, 85.5, 85.6, 87.2, 89.1, 90.9, 92.8, 93.6, 96.3, 100.0, 100.1, 101.7, 101.8]","['INSIDE', 'INSIDE', 'INSIDE', 'INSIDE', 'INSIDE', 'RAIL', 'INSIDE', 'INSIDE', 'INSIDE', 'INSIDE', 'RAIL', 'INSIDE', 'NEAR', 'OUTSIDE', 'OUTSIDE', 'INSIDE', 'NEAR', 'OUTSIDE', 'INSIDE', 'OUTSIDE', 'NEAR', 'RAIL', 'OUTSIDE', 'RAIL']","[[0.85, 1.41, 2.36], [0.38, 0.11, 0.6], [1.04, 0.66, 1.76], [0.26, 0.2, 0.41], [1.06, 1.1, 0.68], [1.57, 0.42, 0.62], [1.5, 2.61, 0.64], [0.36, 1.06, 0.02], [1.53, 1.59, 0.08], [1.11, 0.87, 0.05], [0.08, 0.17, 0.13], [1.95, 4.09, 1.07], [0.25, 1.05, 0.0], [0.2, 2.36, 0.17], [0.22, 1.07, 0.0], [0.48, 3.54, 0.37], [0.19, 1.11, 0.0], [0.29, 0.66, 0.0], [1.98, 3.73, 0.2], [0.05, 0.84, 0.0], [0.18, 1.22, 0.0], [0.08, 0.88, 0.0], [0.05, 1.07, 0.0], [0.02, 1.07, 0.0]]","[8, 2, 5, 4, 3, 1, 69, 9, 79, 70, 80, 26, 50, 40, 34, 36, 48, 35, 60, 66, 54, 68, 73, 77]",15.6
160,1788354639098437804,921600,96206,33,29,101.8,"[0.5, 3.3, 19.7, 30.8, 34.3, 34.5, 40.1, 40.2, 42.6, 44.6, 46.9, 49.4, 82.1, 83.4, 85.5, 85.6, 87.3, 89.0, 89.2, 90.9, 90.9, 93.2, 93.6, 96.3, 96.4, 99.9, 100.0, 101.8, 101.8]","['RAIL', 'INSIDE', 'INSIDE', 'INSIDE', 'INSIDE', 'INSIDE', 'RAIL', 'RAIL', 'INSIDE', 'INSIDE', 'RAIL', 'RAIL', 'INSIDE', 'OUTSIDE', 'OUTSIDE', 'OUTSIDE', 'OUTSIDE', 'INSIDE', 'NEAR', 'NEAR', 'INSIDE', 'OUTSIDE', 'INSIDE', 'OUTSIDE', 'INSIDE', 'INSIDE', 'RAIL', 'OUTSIDE', 'RAIL']","[[0.07, 0.13, 0.06], [0.94, 1.4, 2.37], [1.02, 0.65, 1.76], [0.48, 0.1, 0.6], [0.28, 0.2, 0.41], [0.83, 1.02, 0.67], [1.54, 0.42, 0.62], [1.58, 0.38, 0.21], [1.32, 1.58, 0.07], [1.24, 0.87, 0.05], [0.22, 0.26, 0.08], [0.08, 0.16, 0.09], [0.6, 2.82, 1.07], [0.76, 0.74, 0.01], [0.25, 0.75, 0.0], [0.17, 2.06, 0.17], [0.1, 0.76, 0.0], [0.35, 1.24, 0.37], [0.04, 0.93, 0.0], [0.12, 0.95, 0.0], [0.17, 0.79, 0.0], [1.4, 1.01, 0.01], [1.85, 1.97, 0.01], [0.04, 1.01, 0.0], [0.07, 0.84, 0.0], [0.04, 0.87, 0.0], [0.05, 0.87, 0.0], [0.11, 1.07, 0.0], [0.02, 1.07, 0.0]]","[11, 8, 5, 2, 4, 3, 1, 57, 79, 70, 64, 80, 26, 38, 50, 40, 34, 36, 28, 48, 29, 35, 60, 66, 58, 54, 68, 73, 77]",15.8
161,1788354639196173756,921600,96373,34,27,101.8,"[0.5, 3.5, 33.4, 34.3, 34.4, 38.1, 40.1, 40.2, 42.5, 44.6, 46.9, 49.3, 82.8, 85.5, 85.5, 87.2, 89.0, 90.9, 92.7, 93.6, 94.3, 96.3, 98.0, 100.0, 100.1, 101.7, 101.8]","['RAIL', 'INSIDE', 'INSIDE', 'INSIDE', 'INSIDE', 'INSIDE', 'RAIL', 'INSIDE', 'INSIDE', 'INSIDE', 'INSIDE', 'RAIL', 'INSIDE', 'NEAR', 'INSIDE', 'OUTSIDE', 'INSIDE', 'NEAR', 'OUTSIDE', 'INSIDE', 'INSIDE', 'OUTSIDE', 'OUTSIDE', 'NEAR', 'RAIL', 'OUTSIDE', 'RAIL']","[[0.12, 0.24, 0.05], [0.88, 1.41, 2.36], [1.05, 0.66, 1.67], [0.39, 0.11, 0.6], [0.27, 0.2, 0.4], [1.07, 1.1, 0.68], [1.56, 0.41, 0.55], [1.09, 1.97, 0.64], [0.7, 1.72, 0.04], [1.5, 1.59, 0.08], [1.08, 0.87, 0.05], [0.11, 0.16, 0.06], [1.94, 4.38, 1.07], [0.07, 0.6, 0.0], [0.22, 1.04, 0.0], [0.12, 0.76, 0.0], [0.39, 3.54, 0.37], [0.25, 1.12, 0.0], [0.3, 0.81, 0.0], [1.88, 3.9, 0.2], [0.52, 0.49, 0.0], [0.05, 0.84, 0.0], [0.45, 2.03, 0.21], [0.14, 1.05, 0.0], [0.1, 1.05, 0.0], [0.03, 0.89, 0.0], [0.05, 1.24, 0.0]]","[11, 8, 5, 2, 4, 3, 1, 69, 9, 79, 70, 80, 26, 50, 40, 34, 36, 48, 35, 60, 58, 66, 65, 54, 68, 73, 77]",16.1
162,1788354639301705724,921600,96041,29,28,101.8,"[0.5, 30.7, 34.4, 34.5, 40.1, 40.2, 42.6, 44.6, 45.7, 46.9, 49.5, 82.2, 83.6, 83.7, 85.6, 87.3, 89.0, 89.2, 90.9, 90.9, 93.6, 96.3, 96.4, 98.0, 99.9, 100.0, 101.8, 101.8]","['INSIDE', 'INSIDE', 'INSIDE', 'INSIDE', 'INSIDE', 'RAIL', 'RAIL', 'INSIDE', 'INSIDE', 'INSIDE', 'RAIL', 'INSIDE', 'OUTSIDE', 'OUTSIDE', 'OUTSIDE', 'OUTSIDE', 'INSIDE', 'NEAR', 'INSIDE', 'INSIDE', 'INSIDE', 'OUTSIDE', 'INSIDE', 'OUTSIDE', 'INSIDE', 'RAIL', 'OUTSIDE', 'RAIL']","[[0.96, 1.53, 2.37], [0.45, 0.11, 0.53], [1.04, 0.65, 1.76], [0.26, 0.2, 0.4], [0.7, 0.94, 0.67], [1.4, 0.39, 0.62], [1.64, 0.55, 0.21], [1.32, 1.58, 0.07], [1.27, 0.87, 0.05], [0.54, 0.81, 0.02], [0.08, 0.17, 0.12], [0.63, 2.82, 1.07], [0.2, 2.15, 0.16], [1.04, 0.74, 0.01], [0.19, 2.06, 0.17], [0.15, 0.92, 0.0], [0.34, 0.78, 0.37], [0.08, 1.09, 0.0], [0.3, 1.11, 0.0], [0.13, 0.79, 0.0], [2.15, 3.23, 0.19], [0.04, 0.67, 0.0], [0.05, 0.84, 0.0], [0.2, 0.86, 0.0], [0.05, 0.87, 0.0], [0.05, 0.87, 0.0], [0.12, 1.07, 0.0], [0.02, 1.24, 0.0]]","[8, 2, 5, 4, 3, 1, 57, 79, 70, 84, 80, 26, 33, 38, 40, 34, 36, 28, 48, 29, 35, 66, 58, 65, 54, 68, 73, 77]",19.6
163,1788354639405517045,921600,95837,30,25,101.9,"[0.5, 4.0, 33.2, 34.3, 34.4, 38.1, 40.1, 40.2, 42.5, 44.6, 45.6, 49.4, 82.8, 83.7, 85.5, 85.5, 87.2, 89.1, 90.9, 92.8, 93.6, 96.3, 100.0, 100.0, 101.9]","['RAIL', 'INSIDE', 'INSIDE', 'INSIDE', 'INSIDE', 'INSIDE', 'INSIDE', 'RAIL', 'INSIDE', 'INSIDE', 'INSIDE', 'RAIL', 'INSIDE', 'INSIDE', 'OUTSIDE', 'INSIDE', 'OUTSIDE', 'INSIDE', 'NEAR', 'OUTSIDE', 'INSIDE', 'OUTSIDE', 'NEAR', 'RAIL', 'RAIL']","[[0.08, 0.1, 0.06], [0.87, 1.41, 2.36], [0.42, 0.11, 0.6], [0.28, 0.2, 0.41], [0.9, 1.02, 0.68], [1.51, 2.61, 0.64], [0.71, 1.72, 0.04], [1.55, 0.4, 0.62], [1.51, 1.59, 0.08], [1.1, 0.87, 0.05], [0.88, 0.98, 0.04], [0.08, 0.17, 0.08], [0.18, 1.11, 0.23], [1.92, 4.38, 1.07], [0.32, 0.75, 0.0], [0.24, 1.04, 0.0], [0.13, 0.92, 0.0], [0.35, 3.39, 0.18], [0.2, 1.11, 0.0], [0.37, 0.82, 0.0], [2.09, 4.23, 0.2], [0.04, 1.01, 0.0], [0.12, 1.05, 0.0], [0.06, 1.05, 0.0], [0.07, 1.24, 0.0]]","[11, 8, 2, 4, 3, 69, 9, 1, 79, 70, 84, 80, 33, 26, 50, 40, 34, 36, 48, 35, 60, 66, 54, 68, 77]",17.9
164,1788354639503939119,921600,95950,34,31,103.5,"[0.5, 4.3, 30.7, 34.3, 34.4, 38.0, 40.0, 40.1, 42.6, 44.6, 45.7, 47.0, 49.4, 82.2, 83.4, 83.7, 85.5, 85.6, 87.3, 89.1, 89.2, 90.9, 90.9, 93.2, 93.6, 96.3, 96.4, 100.0, 100.0, 101.8, 103.5]","['RAIL', 'INSIDE', 'INSIDE', 'INSIDE', 'INSIDE', 'INSIDE', 'RAIL', 'RAIL', 'INSIDE', 'INSIDE', 'INSIDE', 'INSIDE', 'RAIL', 'INSIDE', 'OUTSIDE', 'OUTSIDE', 'OUTSIDE', 'OUTSIDE', 'OUTSIDE', 'INSIDE', 'NEAR', 'NEAR', 'INSIDE', 'OUTSIDE', 'INSIDE', 'OUTSIDE', 'INSIDE', 'INSIDE', 'RAIL', 'RAIL', 'OUTSIDE']","[[0.16, 0.1, 0.06], [0.94, 1.41, 2.37], [0.51, 0.1, 0.6], [1.01, 0.65, 1.88], [0.27, 0.17, 0.41], [0.87, 1.02, 0.67], [1.56, 0.4, 0.62], [1.68, 0.55, 0.21], [0.33, 0.93, 0.02], [1.77, 1.72, 0.09], [1.23, 0.87, 0.05], [0.57, 0.81, 0.03], [0.09, 0.18, 0.13], [0.64, 2.67, 1.07], [0.19, 2.0, 0.16], [0.7, 0.74, 0.01], [0.26, 1.89, 0.17], [0.18, 2.06, 0.17], [0.12, 0.92, 0.0], [0.43, 0.94, 0.37], [0.13, 0.94, 0.0], [0.55, 1.28, 0.0], [0.2, 0.79, 0.0], [1.13, 1.01, 0.01], [1.83, 1.97, 0.01], [0.03, 1.01, 0.0], [0.08, 0.84, 0.0], [0.12, 0.87, 0.0], [0.02, 0.7, 0.0], [0.03, 1.24, 0.0], [0.03, 0.54, 0.0]]","[11, 8, 2, 5, 4, 3, 1, 57, 9, 79, 70, 84, 80, 26, 33, 38, 50, 40, 34, 36, 28, 48, 29, 35, 60, 66, 58, 54, 68, 77, 81]",21.0
165,1788354639599906134,921600,95961,34,29,101.8,"[0.5, 4.5, 19.7, 31.1, 33.4, 34.3, 34.4, 38.1, 40.1, 40.2, 42.5, 44.6, 45.6, 47.0, 49.5, 79.2, 82.8, 85.5, 85.5, 87.2, 89.1, 90.9, 92.8, 93.7, 96.3, 100.0, 100.1, 101.7, 101.8]","['RAIL', 'INSIDE', 'INSIDE', 'INSIDE', 'INSIDE', 'INSIDE', 'RAIL', 'RAIL', 'INSIDE', 'INSIDE', 'INSIDE', 'INSIDE', 'INSIDE', 'RAIL', 'RAIL', 'INSIDE', 'INSIDE', 'OUTSIDE', 'OUTSIDE', 'OUTSIDE', 'INSIDE', 'NEAR', 'OUTSIDE', 'INSIDE', 'OUTSIDE', 'NEAR', 'RAIL', 'OUTSIDE', 'RAIL']","[[0.15, 0.09, 0.04], [0.86, 1.39, 2.36], [0.43, 0.11, 0.6], [1.23, 0.65, 1.89], [0.28, 0.2, 0.41], [0.86, 1.02, 0.68], [1.59, 0.44, 0.62], [0.85, 0.31, 0.21], [1.09, 1.97, 0.64], [0.69, 1.72, 0.04], [1.5, 1.59, 0.08], [1.1, 0.87, 0.05], [0.92, 0.98, 0.04], [0.22, 0.19, 0.08], [0.07, 0.16, 0.05], [1.84, 2.22, 0.85], [1.94, 4.38, 1.07], [0.27, 1.59, 0.17], [0.25, 2.36, 0.17], [0.12, 0.92, 0.0], [0.36, 3.54, 0.37], [0.24, 1.12, 0.0], [0.34, 0.82, 0.0], [2.15, 4.06, 0.2], [0.03, 0.84, 0.0], [0.24, 1.23, 0.0], [0.16, 1.22, 0.0], [0.02, 1.07, 0.0], [0.02, 1.24, 0.0]]","[11, 8, 2, 5, 4, 3, 1, 57, 69, 9, 79, 70, 84, 64, 80, 20, 26, 50, 40, 34, 36, 48, 35, 60, 66, 54, 68, 73, 77]",16.3
166,1788354640012489297,921600,95774,32,28,108.9,"[0.5, 33.1, 34.3, 34.4, 38.1, 40.1, 40.2, 42.5, 44.6, 45.6, 46.9, 49.3, 82.8, 85.4, 85.6, 87.2, 89.1, 90.8, 90.9, 92.7, 93.6, 94.3, 96.3, 100.0, 100.1, 101.7, 101.8, 108.9]","['INSIDE', 'INSIDE', 'INSIDE', 'INSIDE', 'INSIDE', 'RAIL', 'INSIDE', 'INSIDE', 'INSIDE', 'INSIDE', 'INSIDE', 'RAIL', 'INSIDE', 'NEAR', 'OUTSIDE', 'OUTSIDE', 'INSIDE', 'NEAR', 'OUTSIDE', 'OUTSIDE', 'INSIDE', 'INSIDE', 'OUTSIDE', 'NEAR', 'RAIL', 'OUTSIDE', 'RAIL', 'RAIL']","[[0.87, 1.41, 2.36], [1.02, 0.65, 1.67], [0.39, 0.11, 0.6], [0.26, 0.17, 0.4], [1.08, 1.1, 0.68], [1.56, 0.41, 0.55], [1.62, 2.71, 0.64], [0.67, 1.72, 0.03], [1.51, 1.59, 0.08], [1.08, 0.87, 0.05], [0.89, 0.98, 0.04], [0.08, 0.18, 0.13], [1.95, 4.38, 1.07], [0.21, 0.45, 0.0], [0.19, 2.36, 0.17], [0.12, 0.77, 0.0], [0.42, 3.39, 0.37], [0.25, 1.12, 0.0], [1.01, 2.5, 0.19], [0.11, 0.81, 0.0], [1.93, 4.06, 0.2], [0.52, 0.49, 0.0], [0.02, 1.01, 0.0], [0.14, 1.05, 0.0], [0.08, 1.05, 0.0], [0.02, 0.89, 0.0], [0.02, 1.24, 0.0], [0.02, 0.95, 0.0]]","[8, 5, 2, 4, 3, 1, 69, 9, 79, 70, 84, 80, 26, 50, 40, 34, 36, 48, 29, 35, 60, 58, 66, 54, 68, 73, 77, 83]",15.9
167,1788354640110141925,921600,95675,33,30,103.5,"[0.5, 30.8, 34.3, 34.5, 40.0, 40.1, 42.6, 44.6, 45.7, 46.9, 49.5, 82.8, 85.5, 85.6, 87.3, 89.1, 89.2, 90.9, 90.9, 92.9, 93.5, 94.3, 96.3, 96.4, 98.0, 100.0, 100.0, 101.7, 101.9, 103.5]","['INSIDE', 'INSIDE', 'INSIDE', 'INSIDE', 'INSIDE', 'RAIL', 'RAIL', 'INSIDE', 'INSIDE', 'INSIDE', 'RAIL', 'INSIDE', 'OUTSIDE', 'INSIDE', 'OUTSIDE', 'INSIDE', 'NEAR', 'NEAR', 'INSIDE', 'OUTSIDE', 'INSIDE', 'INSIDE', 'OUTSIDE', 'INSIDE', 'OUTSIDE', 'INSIDE', 'RAIL', 'OUTSIDE', 'RAIL', 'OUTSIDE']","[[0.97, 1.53, 2.37], [1.02, 0.65, 1.76], [0.47, 0.1, 0.6], [0.28, 0.2, 0.4], [0.63, 0.86, 0.67], [1.57, 0.4, 0.62], [1.58, 0.38, 0.21], [1.78, 1.72, 0.09], [1.27, 0.87, 0.05], [0.53, 0.81, 0.02], [0.07, 0.18, 0.12], [1.96, 4.09, 1.07], [0.17, 1.89, 0.17], [0.08, 1.04, 0.0], [0.1, 0.76, 0.0], [0.31, 0.78, 0.18], [0.02, 0.78, 0.0], [0.08, 0.95, 0.0], [0.1, 0.79, 0.0], [0.18, 0.65, 0.0], [2.04, 3.23, 0.19], [0.58, 0.49, 0.0], [0.05, 1.01, 0.0], [0.05, 0.84, 0.0], [0.21, 0.86, 0.0], [0.16, 1.05, 0.0], [0.02, 0.87, 0.0], [0.09, 1.07, 0.0], [0.04, 1.07, 0.0], [0.02, 0.54, 0.0]]","[8, 5, 2, 4, 3, 1, 57, 79, 70, 84, 80, 26, 50, 40, 34, 36, 28, 48, 29, 58, 35, 60, 66, 65, 54, 73, 68, 81, 77, 85]",15.7
168,1788354640206198987,921600,95685,33,30,107.2,"[0.4, 31.1, 33.3, 34.3, 34.4, 38.1, 40.1, 40.2, 42.5, 44.6, 45.6, 46.9, 49.3, 82.2, 82.9, 83.7, 85.4, 85.5, 87.2, 89.0, 89.2, 90.8, 92.8, 93.7, 93.8, 96.3, 100.0, 100.1, 101.7, 107.2]","['INSIDE', 'INSIDE', 'INSIDE', 'INSIDE', 'INSIDE', 'RAIL', 'RAIL', 'INSIDE', 'INSIDE', 'INSIDE', 'INSIDE', 'INSIDE', 'RAIL', 'INSIDE', 'INSIDE', 'OUTSIDE', 'OUTSIDE', 'INSIDE', 'OUTSIDE', 'INSIDE', 'NEAR', 'NEAR', 'OUTSIDE', 'INSIDE', 'INSIDE', 'OUTSIDE', 'NEAR', 'RAIL', 'OUTSIDE', 'RAIL']","[[0.88, 1.42, 2.36], [0.43, 0.1, 0.6], [1.04, 0.65, 1.67], [0.26, 0.12, 0.4], [1.03, 1.1, 0.67], [1.58, 0.4, 0.62], [0.83, 0.31, 0.21], [1.06, 1.86, 0.63], [0.7, 1.72, 0.04], [1.47, 1.59, 0.08], [1.07, 0.87, 0.05], [0.85, 0.98, 0.04], [0.11, 0.16, 0.11], [0.64, 2.39, 1.07], [0.09, 0.59, 0.0], [1.75, 1.85, 0.01], [0.34, 0.75, 0.0], [0.21, 1.04, 0.0], [0.13, 0.77, 0.0], [0.28, 1.24, 0.37], [0.04, 0.78, 0.0], [0.23, 1.11, 0.0], [0.37, 0.82, 0.0], [1.55, 1.49, 0.01], [1.8, 1.61, 0.01], [0.04, 0.84, 0.0], [0.12, 1.05, 0.0], [0.08, 1.05, 0.0], [0.03, 0.89, 0.0], [0.03, 0.94, 0.0]]","[8, 2, 5, 4, 3, 1, 57, 69, 9, 79, 70, 84, 80, 26, 33, 38, 50, 40, 34, 36, 28, 48, 35, 60, 58, 66, 73, 68, 81, 83]",19.3
169,1788354640296447019,921600,95581,32,30,103.6,"[0.4, 30.7, 33.3, 34.3, 34.4, 40.1, 40.4, 42.6, 44.6, 45.6, 46.9, 49.4, 79.2, 82.2, 83.4, 85.5, 85.6, 87.2, 89.0, 89.2, 90.9, 90.9, 93.5, 96.3, 96.4, 98.1, 100.0, 100.1, 101.9, 103.6]","['INSIDE', 'INSIDE', 'INSIDE', 'INSIDE', 'INSIDE', 'RAIL', 'RAIL', 'INSIDE', 'INSIDE', 'INSIDE', 'INSIDE', 'RAIL', 'INSIDE', 'INSIDE', 'OUTSIDE', 'OUTSIDE', 'INSIDE', 'OUTSIDE', 'INSIDE', 'NEAR', 'NEAR', 'INSIDE', 'INSIDE', 'OUTSIDE', 'INSIDE', 'OUTSIDE', 'INSIDE', 'RAIL', 'RAIL', 'RAIL']","[[0.94, 1.41, 2.37], [0.48, 0.1, 0.6], [1.03, 0.65, 1.76], [0.27, 0.17, 0.41], [0.82, 1.02, 0.67], [1.57, 0.44, 0.62], [1.59, 0.5, 0.21], [1.92, 2.71, 0.66], [1.77, 1.74, 0.09], [1.21, 0.87, 0.05], [0.57, 0.81, 0.02], [0.18, 0.16, 0.15], [1.76, 2.36, 0.84], [0.66, 2.97, 1.07], [0.69, 0.74, 0.01], [0.17, 0.9, 0.0], [0.3, 1.34, 0.0], [0.31, 1.07, 0.0], [0.31, 0.78, 0.37], [0.07, 0.93, 0.0], [0.12, 0.95, 0.0], [0.21, 0.79, 0.0], [2.14, 3.23, 0.19], [0.06, 1.01, 0.0], [0.05, 0.84, 0.0], [0.03, 0.51, 0.0], [0.12, 1.05, 0.0], [0.02, 0.7, 0.0], [0.05, 1.07, 0.0], [0.04, 1.08, 0.0]]","[8, 2, 5, 4, 3, 1, 57, 69, 79, 70, 84, 80, 20, 26, 38, 50, 40, 34, 36, 28, 48, 29, 60, 66, 65, 54, 73, 68, 77, 85]",19.4
170,1788354640399745532,921600,95737,28,26,107.2,"[0.5, 31.1, 33.4, 34.4, 34.8, 38.0, 39.4, 40.2, 42.5, 44.6, 46.4, 49.4, 82.8, 85.5, 89.1, 89.2, 90.7, 90.9, 93.5, 93.7, 96.3, 98.2, 100.0, 100.0, 101.7, 107.2]","['INSIDE', 'INSIDE', 'INSIDE', 'INSIDE', 'RAIL', 'RAIL', 'INSIDE', 'INSIDE', 'INSIDE', 'INSIDE', 'OUTSIDE', 'RAIL', 'INSIDE', 'INSIDE', 'INSIDE', 'INSIDE', 'OUTSIDE', 'OUTSIDE', 'INSIDE', 'INSIDE', 'OUTSIDE', 'OUTSIDE', 'OUTSIDE', 'RAIL', 'OUTSIDE', 'RAIL']","[[0.9, 1.41, 2.35], [1.79, 0.25, 0.6], [0.27, 0.17, 0.4], [1.15, 1.1, 0.68], [0.57, 0.25, 0.62], [0.9, 0.32, 0.13], [1.06, 1.86, 0.64], [0.75, 1.71, 0.04], [1.43, 1.58, 0.08], [1.02, 0.87, 0.04], [2.61, 2.37, 0.12], [0.08, 0.17, 0.12], [1.91, 4.23, 1.07], [0.09, 0.89, 0.0], [0.1, 1.09, 0.0], [0.06, 1.09, 0.0], [0.12, 0.95, 0.0], [0.79, 2.66, 0.19], [2.14, 3.04, 0.19], [1.8, 1.61, 0.01], [0.05, 0.84, 0.0], [0.34, 2.03, 0.21], [0.18, 1.22, 0.0], [0.04, 1.05, 0.0], [0.02, 1.07, 0.0], [0.03, 0.94, 0.0]]","[8, 2, 4, 3, 1, 57, 69, 9, 79, 70, 84, 80, 26, 40, 36, 28, 48, 29, 60, 58, 66, 54, 73, 68, 81, 83]",18.0
171,1788354640501092399,921600,95646,29,28,103.5,"[0.5, 19.7, 30.7, 33.3, 34.3, 34.4, 38.0, 40.1, 40.4, 42.6, 44.6, 45.6, 46.9, 49.4, 82.1, 83.4, 83.7, 85.5, 85.7, 87.2, 89.1, 90.9, 93.4, 96.3, 99.9, 100.0, 101.8, 103.5]","['INSIDE', 'INSIDE', 'INSIDE', 'INSIDE', 'INSIDE', 'RAIL', 'INSIDE', 'RAIL', 'INSIDE', 'INSIDE', 'INSIDE', 'INSIDE', 'RAIL', 'RAIL', 'INSIDE', 'INSIDE', 'OUTSIDE', 'OUTSIDE', 'INSIDE', 'OUTSIDE', 'INSIDE', 'NEAR', 'INSIDE', 'OUTSIDE', 'INSIDE', 'RAIL', 'RAIL', 'OUTSIDE']","[[0.92, 1.41, 2.37], [0.53, 0.1, 0.6], [1.02, 0.65, 1.76], [0.29, 0.2, 0.41], [0.86, 1.02, 0.67], [1.62, 0.44, 0.21], [1.84, 2.61, 0.66], [1.57, 0.41, 0.55], [0.33, 0.92, 0.02], [1.78, 1.74, 0.09], [1.21, 0.87, 0.05], [0.58, 0.81, 0.03], [0.21, 0.23, 0.08], [0.11, 0.18, 0.08], [0.6, 2.82, 1.07], [0.09, 0.59, 0.0], [0.87, 0.89, 0.01], [0.23, 1.74, 0.17], [0.25, 1.04, 0.0], [0.11, 0.92, 0.0], [0.47, 3.38, 0.18], [0.09, 0.95, 0.0], [2.21, 3.23, 0.19], [0.03, 1.01, 0.0], [0.05, 0.87, 0.0], [0.05, 0.7, 0.0], [0.05, 1.07, 0.0], [0.01, 0.72, 0.0]]","[8, 2, 5, 4, 3, 57, 69, 1, 9, 79, 70, 84, 64, 80, 26, 33, 38, 50, 40, 34, 28, 48, 60, 66, 73, 68, 77, 81]",15.3
172,1788354640597366947,921600,95669,32,29,107.2,"[0.5, 30.7, 33.3, 34.3, 34.4, 37.7, 39.8, 42.4, 44.6, 46.4, 48.5, 49.4, 82.9, 85.5, 85.5, 87.3, 87.4, 89.1, 90.9, 93.7, 96.3, 96.3, 98.1, 99.9, 100.1, 101.7, 101.9, 105.4, 107.2]","['NEAR', 'INSIDE', 'INSIDE', 'INSIDE', 'INSIDE', 'RAIL', 'INSIDE', 'INSIDE', 'RAIL', 'INSIDE', 'OUTSIDE', 'RAIL', 'OUTSIDE', 'OUTSIDE', 'INSIDE', 'RAIL', 'OUTSIDE', 'INSIDE', 'OUTSIDE', 'INSIDE', 'OUTSIDE', 'INSIDE', 'OUTSIDE', 'OUTSIDE', 'RAIL', 'OUTSIDE', 'RAIL', 'RAIL', 'RAIL']","[[0.88, 1.34, 2.07], [1.09, 0.24, 0.6], [0.27, 0.2, 0.4], [0.89, 0.8, 0.68], [0.49, 0.39, 0.56], [1.57, 0.44, 0.13], [0.91, 1.86, 0.63], [1.18, 2.22, 0.06], [1.58, 0.4, 0.62], [0.92, 0.87, 0.04], [2.54, 2.36, 0.11], [0.08, 0.16, 0.05], [1.7, 1.71, 0.01], [0.09, 0.75, 0.0], [0.1, 0.75, 0.0], [0.4, 0.51, 0.74], [0.1, 0.76, 0.0], [0.34, 3.39, 0.37], [0.26, 1.12, 0.0], [1.85, 4.23, 0.2], [0.04, 0.84, 0.0], [0.12, 1.01, 0.0], [0.43, 2.03, 0.21], [0.13, 1.05, 0.0], [0.17, 1.22, 0.0], [0.02, 0.71, 0.0], [0.16, 0.89, 0.0], [0.02, 1.1, 0.0], [0.06, 0.94, 0.0]]","[8, 2, 4, 3, 5, 57, 69, 9, 1, 70, 84, 80, 38, 50, 40, 36, 28, 48, 35, 60, 66, 65, 54, 73, 68, 81, 77, 85, 83]",15.4
173,1788354640698064057,921600,95666,33,31,108.9,"[0.5, 31.1, 33.4, 34.3, 34.4, 37.7, 39.4, 40.2, 42.5, 44.6, 45.5, 47.0, 49.2, 78.8, 83.4, 85.6, 85.6, 89.1, 89.2, 90.7, 90.8, 92.9, 93.6, 94.4, 96.3, 98.1, 100.0, 100.1, 101.8, 107.2, 108.9]","['INSIDE', 'INSIDE', 'INSIDE', 'INSIDE', 'INSIDE', 'RAIL', 'RAIL', 'INSIDE', 'INSIDE', 'INSIDE', 'INSIDE', 'INSIDE', 'RAIL', 'INSIDE', 'NEAR', 'OUTSIDE', 'INSIDE', 'INSIDE', 'INSIDE', 'NEAR', 'RAIL', 'OUTSIDE', 'OUTSIDE', 'INSIDE', 'OUTSIDE', 'RAIL', 'NEAR', 'RAIL', 'RAIL', 'RAIL', 'RAIL']","[[0.88, 1.67, 2.35], [1.26, 0.65, 1.89], [0.27, 0.2, 0.41], [1.56, 1.1, 0.68], [1.8, 0.08, 0.54], [1.57, 0.38, 0.62], [0.88, 0.38, 0.21], [1.06, 1.86, 0.64], [1.22, 1.96, 0.06], [1.44, 1.58, 0.08], [1.03, 0.87, 0.04], [0.82, 0.97, 0.04], [0.09, 0.17, 0.13], [1.14, 2.5, 0.84], [0.78, 1.03, 0.01], [0.17, 0.75, 0.0], [0.04, 0.75, 0.0], [0.04, 0.78, 0.0], [0.05, 0.93, 0.0], [0.31, 1.12, 0.0], [0.95, 0.93, 0.26], [0.21, 0.65, 0.0], [2.07, 2.4, 0.19], [0.57, 0.65, 0.0], [0.02, 0.84, 0.0], [0.25, 0.64, 0.43], [0.14, 1.05, 0.0], [0.08, 1.05, 0.0], [0.04, 1.07, 0.0], [0.03, 0.75, 0.0], [0.04, 0.95, 0.0]]","[8, 5, 4, 3, 2, 1, 57, 69, 9, 79, 70, 84, 80, 20, 38, 50, 40, 48, 29, 35, 58, 60, 66, 65, 54, 73, 81, 68, 77, 83, 87]",19.1
174,1788354640794260094,921600,95672,25,24,100.0,"[0.4, 31.3, 33.2, 34.4, 34.9, 36.3, 37.8, 42.4, 44.6, 47.5, 49.4, 80.1, 82.9, 83.5, 85.5, 87.2, 87.4, 89.1, 90.8, 93.5, 98.1, 98.2, 99.9, 100.0]","['NEAR', 'NEAR', 'INSIDE', 'INSIDE', 'RAIL', 'RAIL', 'INSIDE', 'INSIDE', 'INSIDE', 'OUTSIDE', 'RAIL', 'INSIDE', 'OUTSIDE', 'INSIDE', 'OUTSIDE', 'RAIL', 'NEAR', 'INSIDE', 'INSIDE', 'INSIDE', 'NEAR', 'RAIL', 'OUTSIDE', 'RAIL']","[[0.87, 1.34, 2.07], [2.19, 1.47, 1.91], [0.27, 0.18, 0.4], [0.8, 0.97, 0.13], [0.45, 0.26, 0.62], [0.52, 0.33, 0.13], [0.77, 1.85, 0.62], [0.83, 1.84, 0.04], [1.25, 1.17, 0.05], [2.48, 2.58, 0.65], [0.13, 0.17, 0.14], [3.89, 5.24, 0.85], [0.59, 1.56, 0.16], [1.94, 4.21, 1.07], [0.08, 0.75, 0.0], [0.24, 0.82, 0.74], [0.08, 0.91, 0.0], [0.43, 5.09, 0.37], [0.43, 5.02, 0.37], [1.4, 1.46, 0.0], [0.02, 0.86, 0.0], [0.05, 0.86, 0.0], [0.04, 1.05, 0.0], [0.07, 0.87, 0.0]]","[8, 5, 4, 3, 1, 57, 69, 9, 70, 79, 80, 20, 33, 26, 50, 36, 28, 29, 35, 65, 73, 68, 81, 77]",15.3
175,1788354640893813142,921600,95791,30,29,108.9,"[0.5, 19.7, 31.3, 33.4, 34.4, 34.8, 37.7, 42.4, 44.6, 47.1, 48.5, 49.5, 82.2, 82.9, 85.5, 85.6, 89.0, 90.7, 90.9, 92.7, 93.6, 93.7, 96.3, 100.0, 100.1, 101.7, 101.8, 107.2, 108.9]","['INSIDE', 'NEAR', 'INSIDE', 'INSIDE', 'INSIDE', 'RAIL', 'RAIL', 'INSIDE', 'INSIDE', 'INSIDE', 'RAIL', 'RAIL', 'INSIDE', 'OUTSIDE', 'OUTSIDE', 'INSIDE', 'INSIDE', 'OUTSIDE', 'RAIL', 'OUTSIDE', 'INSIDE', 'INSIDE', 'OUTSIDE', 'OUTSIDE', 'RAIL', 'OUTSIDE', 'RAIL', 'RAIL', 'RAIL']","[[0.89, 1.79, 2.35], [1.37, 1.48, 1.89], [0.23, 0.2, 0.4], [0.83, 0.8, 0.68], [0.41, 0.39, 0.56], [0.54, 0.3, 0.62], [0.53, 0.31, 0.13], [0.96, 1.86, 0.63], [1.16, 2.22, 0.06], [0.95, 0.87, 0.04], [0.23, 0.16, 0.08], [0.07, 0.16, 0.13], [0.59, 2.53, 1.07], [1.75, 1.86, 0.17], [0.16, 0.9, 0.0], [0.07, 0.75, 0.0], [0.38, 3.07, 0.37], [0.08, 0.79, 0.0], [0.8, 0.94, 0.26], [0.07, 0.49, 0.0], [1.77, 1.66, 0.01], [1.85, 2.1, 0.01], [0.04, 0.84, 0.0], [0.13, 1.05, 0.0], [0.12, 1.22, 0.0], [0.02, 1.07, 0.0], [0.04, 0.89, 0.0], [0.05, 0.94, 0.0], [0.04, 1.14, 0.0]]","[8, 5, 4, 3, 84, 1, 57, 69, 9, 70, 64, 80, 26, 38, 50, 40, 29, 35, 58, 66, 65, 60, 54, 81, 77, 73, 85, 83, 87]",16.3
176,1788354640992597501,921600,95738,27,24,107.2,"[0.5, 31.3, 33.2, 34.4, 34.9, 36.3, 37.8, 42.4, 44.6, 49.5, 83.1, 85.6, 87.3, 87.4, 89.1, 90.7, 93.4, 93.5, 98.1, 98.2, 99.9, 100.0, 105.4, 107.2]","['NEAR', 'INSIDE', 'INSIDE', 'RAIL', 'RAIL', 'INSIDE', 'INSIDE', 'INSIDE', 'OUTSIDE', 'RAIL', 'INSIDE', 'OUTSIDE', 'RAIL', 'NEAR', 'INSIDE', 'INSIDE', 'INSIDE', 'INSIDE', 'RAIL', 'RAIL', 'OUTSIDE', 'RAIL', 'RAIL', 'RAIL']","[[0.87, 1.34, 2.07], [0.27, 0.17, 0.4], [0.81, 0.97, 0.13], [0.33, 0.3, 0.62], [0.52, 0.31, 0.13], [0.78, 1.85, 0.62], [0.83, 1.97, 0.04], [1.22, 1.17, 0.05], [2.48, 2.58, 0.65], [0.08, 0.16, 0.13], [2.37, 4.41, 0.97], [0.16, 2.36, 0.17], [0.27, 0.82, 0.74], [0.09, 0.91, 0.0], [0.29, 3.07, 0.36], [0.84, 5.8, 0.63], [1.42, 1.65, 0.01], [1.4, 1.46, 0.0], [0.19, 1.33, 0.43], [0.01, 1.03, 0.0], [0.08, 1.05, 0.0], [0.13, 1.05, 0.0], [0.02, 0.74, 0.0], [0.02, 0.75, 0.0]]","[8, 4, 3, 1, 57, 69, 9, 70, 79, 80, 26, 40, 36, 28, 29, 35, 65, 60, 81, 68, 73, 77, 83, 87]",19.6
177,1788354641098111292,921600,95573,30,28,116.1,"[0.4, 31.1, 34.3, 34.4, 38.1, 39.8, 40.3, 44.6, 45.8, 46.9, 49.4, 82.8, 83.7, 85.5, 85.6, 87.2, 89.0, 90.8, 90.9, 93.2, 93.6, 96.3, 98.0, 100.0, 100.0, 101.9, 103.5, 116.1]","['INSIDE', 'INSIDE', 'INSIDE', 'INSIDE', 'INSIDE', 'RAIL', 'RAIL', 'INSIDE', 'INSIDE', 'INSIDE', 'RAIL', 'OUTSIDE', 'INSIDE', 'OUTSIDE', 'INSIDE', 'OUTSIDE', 'INSIDE', 'NEAR', 'OUTSIDE', 'OUTSIDE', 'INSIDE', 'OUTSIDE', 'OUTSIDE', 'NEAR', 'RAIL', 'RAIL', 'OUTSIDE', 'RAIL']","[[0.87, 1.41, 2.37], [1.06, 0.1, 0.6], [1.03, 0.65, 1.76], [0.26, 0.17, 0.4], [1.12, 1.1, 0.68], [0.89, 0.33, 0.21], [1.56, 0.42, 0.62], [0.74, 1.71, 0.04], [1.64, 1.6, 0.09], [1.02, 0.98, 0.04], [0.12, 0.16, 0.09], [0.15, 2.29, 0.16], [1.91, 4.23, 1.07], [0.15, 0.9, 0.0], [0.22, 1.04, 0.0], [0.12, 0.92, 0.0], [0.35, 3.54, 0.37], [0.21, 1.11, 0.0], [0.9, 2.66, 0.19], [1.29, 1.01, 0.01], [1.97, 2.14, 0.01], [0.04, 0.84, 0.0], [0.19, 0.69, 0.0], [0.14, 1.05, 0.0], [0.07, 0.87, 0.0], [0.08, 1.24, 0.0], [0.04, 0.72, 0.0], [0.03, 0.81, 0.0]]","[8, 2, 5, 4, 3, 57, 1, 9, 70, 84, 80, 33, 26, 50, 40, 34, 29, 35, 58, 66, 65, 54, 81, 73, 77, 85, 88, 89]",16.6
178,1788354641198693492,921600,95692,36,32,114.4,"[0.5, 31.2, 33.3, 34.3, 34.4, 40.2, 40.2, 44.6, 45.9, 46.9, 49.5, 82.2, 83.4, 85.5, 85.5, 87.2, 87.3, 87.4, 89.0, 89.2, 90.9, 91.0, 93.4, 96.3, 98.0, 100.0, 100.0, 101.7, 101.9, 103.5, 103.6, 114.4]","['INSIDE', 'INSIDE', 'INSIDE', 'INSIDE', 'INSIDE', 'RAIL', 'RAIL', 'INSIDE', 'INSIDE', 'INSIDE', 'RAIL', 'INSIDE', 'OUTSIDE', 'OUTSIDE', 'INSIDE', 'OUTSIDE', 'RAIL', 'OUTSIDE', 'INSIDE', 'NEAR', 'NEAR', 'INSIDE', 'INSIDE', 'OUTSIDE', 'OUTSIDE', 'OUTSIDE', 'RAIL', 'OUTSIDE', 'RAIL', 'OUTSIDE', 'RAIL', 'RAIL']","[[0.96, 1.4, 2.37], [0.3, 0.11, 0.53], [0.98, 0.65, 1.67], [0.28, 0.24, 0.41], [0.75, 1.02, 0.67], [1.57, 0.42, 0.55], [0.8, 0.38, 0.21], [1.92, 2.72, 0.66], [2.13, 1.88, 0.11], [1.02, 0.99, 0.04], [0.12, 0.17, 0.13], [0.67, 3.71, 1.24], [0.7, 0.74, 0.01], [0.18, 1.74, 0.17], [0.09, 1.04, 0.0], [0.15, 0.77, 0.0], [0.31, 1.01, 0.74], [0.2, 1.06, 0.0], [0.21, 1.24, 0.18], [0.04, 0.93, 0.0], [0.21, 1.11, 0.0], [0.1, 0.95, 0.0], [2.13, 3.2, 0.19], [0.04, 1.01, 0.0], [0.19, 0.86, 0.0], [0.32, 2.24, 0.21], [0.1, 0.87, 0.0], [0.03, 1.07, 0.0], [0.17, 1.24, 0.0], [0.03, 0.54, 0.0], [0.11, 1.08, 0.0], [0.04, 0.8, 0.0]]","[8, 2, 5, 4, 3, 1, 57, 69, 70, 84, 80, 26, 38, 50, 40, 34, 36, 28, 48, 29, 35, 58, 65, 54, 81, 73, 77, 88, 85, 83, 87, 89]",15.5
179,1788354641297882476,921600,95532,34,30,103.6,"[0.5, 27.7, 31.2, 34.4, 39.5, 40.2, 44.6, 45.8, 46.9, 49.6, 83.0, 83.7, 85.5, 85.6, 87.2, 89.1, 89.3, 90.9, 93.3, 93.7, 94.2, 96.3, 96.4, 98.1, 100.0, 100.0, 101.7, 101.9, 103.5, 103.6]","['INSIDE', 'INSIDE', 'INSIDE', 'INSIDE', 'RAIL', 'RAIL', 'INSIDE', 'INSIDE', 'INSIDE', 'RAIL', 'OUTSIDE', 'INSIDE', 'OUTSIDE', 'NEAR', 'OUTSIDE', 'INSIDE', 'OUTSIDE', 'INSIDE', 'OUTSIDE', 'INSIDE', 'OUTSIDE', 'OUTSIDE', 'INSIDE', 'OUTSIDE', 'INSIDE', 'RAIL', 'OUTSIDE', 'RAIL', 'OUTSIDE', 'RAIL']","[[0.29, 0.11, 0.53], [1.0, 0.66, 1.67], [0.28, 0.24, 0.41], [0.69, 0.86, 0.67], [1.38, 0.36, 0.62], [0.66, 0.36, 0.21], [1.22, 1.7, 0.09], [0.68, 0.84, 0.04], [0.61, 0.81, 0.03], [0.13, 0.13, 0.14], [0.24, 2.14, 0.16], [2.27, 5.85, 1.24], [0.19, 1.74, 0.17], [0.14, 1.19, 0.0], [0.16, 0.92, 0.0], [0.48, 0.78, 0.37], [0.09, 1.09, 0.0], [0.31, 2.98, 0.18], [1.28, 1.17, 0.01], [0.68, 0.99, 0.0], [1.76, 1.28, 0.01], [0.06, 0.84, 0.0], [0.07, 1.01, 0.0], [0.04, 0.86, 0.0], [0.09, 0.7, 0.0], [0.07, 1.05, 0.0], [0.05, 1.07, 0.0], [0.09, 1.24, 0.0], [0.05, 0.9, 0.0], [0.09, 1.08, 0.0]]","[2, 5, 4, 3, 1, 57, 69, 70, 84, 80, 33, 26, 50, 40, 34, 48, 29, 58, 66, 65, 60, 54, 68, 81, 73, 77, 88, 85, 83, 87]",18.4
180,1788354641399742591,921600,95496,30,28,114.3,"[0.5, 31.0, 34.3, 34.4, 38.0, 40.1, 40.3, 44.6, 45.8, 46.9, 49.4, 80.1, 82.8, 83.7, 85.5, 85.6, 87.2, 89.0, 89.2, 90.9, 93.2, 93.6, 96.3, 100.0, 100.0, 101.8, 101.9, 114.3]","['INSIDE', 'INSIDE', 'INSIDE', 'INSIDE', 'INSIDE', 'RAIL', 'RAIL', 'INSIDE', 'INSIDE', 'INSIDE', 'RAIL', 'INSIDE', 'OUTSIDE', 'INSIDE', 'OUTSIDE', 'INSIDE', 'OUTSIDE', 'INSIDE', 'NEAR', 'NEAR', 'OUTSIDE', 'INSIDE', 'OUTSIDE', 'NEAR', 'RAIL', 'OUTSIDE', 'RAIL', 'RAIL']","[[0.87, 1.4, 2.37], [0.37, 0.11, 0.53], [1.03, 0.65, 1.67], [0.28, 0.2, 0.41], [0.71, 0.94, 0.67], [1.57, 0.44, 0.62], [1.01, 0.32, 0.21], [0.35, 0.92, 0.02], [1.62, 1.6, 0.09], [1.0, 0.98, 0.04], [0.08, 0.17, 0.12], [0.33, 0.69, 0.0], [0.19, 2.0, 0.16], [1.97, 4.09, 1.07], [0.25, 1.74, 0.17], [0.29, 1.34, 0.0], [0.26, 1.07, 0.0], [0.3, 0.78, 0.37], [0.04, 0.78, 0.0], [0.31, 1.12, 0.0], [1.28, 1.01, 0.01], [1.8, 2.14, 0.01], [0.02, 1.01, 0.0], [0.17, 1.05, 0.0], [0.05, 0.87, 0.0], [0.08, 1.25, 0.0], [0.07, 1.24, 0.0], [0.01, 0.8, 0.0]]","[8, 2, 5, 4, 3, 1, 57, 9, 70, 84, 80, 20, 33, 26, 50, 40, 34, 48, 29, 35, 66, 65, 54, 73, 77, 88, 85, 89]",18.7
181,1788354641498160180,921600,95531,34,29,103.6,"[0.5, 31.2, 34.4, 34.7, 40.2, 40.2, 44.6, 46.0, 46.9, 49.6, 82.8, 83.6, 83.7, 85.6, 85.6, 87.3, 89.1, 90.9, 92.9, 93.3, 94.3, 94.4, 96.3, 96.4, 98.1, 100.0, 101.8, 103.5, 103.6]","['INSIDE', 'INSIDE', 'INSIDE', 'INSIDE', 'INSIDE', 'RAIL', 'RAIL', 'INSIDE', 'INSIDE', 'RAIL', 'OUTSIDE', 'INSIDE', 'OUTSIDE', 'NEAR', 'NEAR', 'OUTSIDE', 'INSIDE', 'INSIDE', 'OUTSIDE', 'OUTSIDE', 'INSIDE', 'NEAR', 'NEAR', 'INSIDE', 'OUTSIDE', 'RAIL', 'RAIL', 'OUTSIDE', 'RAIL']","[[1.49, 2.27, 2.41], [0.29, 0.12, 0.53], [1.01, 0.65, 1.88], [0.27, 0.24, 0.4], [0.6, 0.86, 0.67], [1.36, 0.37, 0.62], [0.67, 0.38, 0.21], [1.32, 1.57, 0.07], [0.68, 0.82, 0.03], [0.08, 0.18, 0.11], [0.25, 0.74, 0.0], [1.88, 2.67, 1.07], [0.98, 1.02, 0.01], [0.3, 0.9, 0.0], [0.03, 0.75, 0.0], [0.1, 0.92, 0.0], [0.46, 2.92, 0.37], [0.16, 3.13, 0.18], [0.22, 0.65, 0.0], [1.46, 1.5, 0.01], [0.62, 0.83, 0.0], [0.57, 0.49, 0.0], [0.04, 0.84, 0.0], [0.08, 1.01, 0.0], [0.04, 1.03, 0.0], [0.06, 0.87, 0.0], [0.02, 0.89, 0.0], [0.08, 1.09, 0.0], [0.07, 1.08, 0.0]]","[8, 2, 5, 4, 3, 1, 57, 70, 84, 80, 33, 26, 38, 50, 40, 34, 29, 58, 60, 66, 65, 68, 54, 81, 73, 77, 85, 83, 87]",14.8
182,1788354641605360896,921600,95548,33,29,114.3,"[0.5, 19.7, 33.4, 34.3, 34.4, 38.1, 40.1, 40.2, 44.6, 45.6, 46.9, 49.4, 82.2, 83.4, 83.7, 85.5, 85.5, 87.2, 89.1, 89.2, 90.9, 92.7, 93.6, 96.3, 100.0, 100.1, 101.8, 109.0, 114.3]","['INSIDE', 'INSIDE', 'INSIDE', 'INSIDE', 'INSIDE', 'RAIL', 'INSIDE', 'INSIDE', 'INSIDE', 'INSIDE', 'RAIL', 'RAIL', 'INSIDE', 'INSIDE', 'OUTSIDE', 'OUTSIDE', 'INSIDE', 'OUTSIDE', 'INSIDE', 'NEAR', 'NEAR', 'OUTSIDE', 'INSIDE', 'OUTSIDE', 'NEAR', 'RAIL', 'RAIL', 'RAIL', 'RAIL']","[[0.87, 1.41, 2.36], [0.38, 0.11, 0.6], [1.05, 0.65, 1.67], [0.27, 0.12, 0.41], [1.04, 1.1, 0.68], [1.55, 0.44, 0.62], [1.12, 1.98, 0.64], [0.67, 1.72, 0.03], [1.5, 1.59, 0.08], [0.88, 0.98, 0.04], [0.22, 0.26, 0.08], [0.07, 0.16, 0.12], [0.62, 2.97, 1.07], [0.09, 0.59, 0.0], [0.84, 0.74, 0.01], [0.34, 1.89, 0.17], [0.22, 1.04, 0.0], [0.14, 0.77, 0.0], [0.4, 1.24, 0.37], [0.03, 0.78, 0.0], [0.18, 1.11, 0.0], [0.12, 0.81, 0.0], [1.96, 4.23, 0.2], [0.06, 0.84, 0.0], [0.16, 1.22, 0.0], [0.09, 1.05, 0.0], [0.04, 1.07, 0.0], [0.05, 0.76, 0.0], [0.02, 0.8, 0.0]]","[8, 2, 5, 4, 3, 1, 79, 9, 70, 84, 64, 80, 26, 33, 38, 50, 40, 34, 48, 29, 35, 66, 65, 54, 88, 77, 85, 87, 89]",15.0
183,1788354641704828786,921600,95611,30,27,103.5,"[0.5, 19.7, 27.9, 31.2, 34.4, 40.2, 44.6, 45.9, 46.9, 49.6, 82.8, 83.7, 85.5, 85.6, 87.2, 89.2, 91.0, 93.2, 93.7, 94.2, 96.3, 96.5, 98.0, 100.1, 101.7, 101.8, 103.5]","['INSIDE', 'INSIDE', 'INSIDE', 'RAIL', 'INSIDE', 'RAIL', 'INSIDE', 'RAIL', 'INSIDE', 'RAIL', 'INSIDE', 'OUTSIDE', 'OUTSIDE', 'NEAR', 'OUTSIDE', 'OUTSIDE', 'INSIDE', 'OUTSIDE', 'INSIDE', 'OUTSIDE', 'OUTSIDE', 'INSIDE', 'OUTSIDE', 'RAIL', 'NEAR', 'RAIL', 'OUTSIDE']","[[1.03, 0.65, 1.88], [0.28, 0.17, 0.41], [0.68, 0.94, 0.67], [0.7, 0.32, 0.21], [0.7, 1.04, 0.05], [1.4, 0.36, 0.62], [1.72, 1.73, 0.09], [0.3, 0.22, 0.13], [0.65, 0.82, 0.03], [0.07, 0.16, 0.1], [1.92, 3.85, 1.24], [0.97, 1.3, 0.01], [0.2, 1.44, 0.17], [0.21, 1.19, 0.0], [0.16, 0.92, 0.0], [0.03, 0.78, 0.0], [0.25, 2.98, 0.18], [1.51, 1.5, 0.01], [0.65, 0.83, 0.0], [1.82, 1.44, 0.01], [0.06, 0.84, 0.0], [0.23, 1.01, 0.0], [0.21, 1.03, 0.0], [0.18, 1.04, 0.0], [0.03, 1.07, 0.0], [0.05, 1.07, 0.0], [0.06, 1.08, 0.0]]","[5, 4, 3, 57, 69, 1, 70, 64, 84, 80, 26, 38, 50, 40, 34, 29, 58, 66, 65, 68, 54, 81, 73, 77, 88, 85, 83]",15.6
184,1788354641834137859,921600,95499,28,25,114.3,"[0.5, 31.2, 33.3, 34.3, 34.4, 40.4, 44.6, 45.8, 46.9, 49.5, 82.8, 85.5, 85.6, 87.3, 89.0, 89.2, 90.9, 91.0, 93.4, 96.3, 98.2, 99.9, 100.1, 101.9, 114.3]","['INSIDE', 'INSIDE', 'INSIDE', 'INSIDE', 'RAIL', 'RAIL', 'INSIDE', 'INSIDE', 'INSIDE', 'RAIL', 'INSIDE', 'OUTSIDE', 'INSIDE', 'OUTSIDE', 'INSIDE', 'NEAR', 'NEAR', 'INSIDE', 'INSIDE', 'OUTSIDE', 'INSIDE', 'INSIDE', 'RAIL', 'RAIL', 'RAIL']","[[0.94, 1.41, 2.37], [1.0, 0.65, 1.67], [0.28, 0.17, 0.41], [0.82, 1.02, 0.68], [1.54, 0.34, 0.62], [0.73, 0.33, 0.21], [1.93, 2.72, 0.66], [1.69, 1.74, 0.09], [0.98, 0.98, 0.04], [0.08, 0.17, 0.13], [1.96, 4.98, 1.24], [0.23, 1.74, 0.17], [0.09, 1.04, 0.0], [0.14, 0.92, 0.0], [0.21, 0.78, 0.18], [0.05, 0.78, 0.0], [0.31, 1.12, 0.0], [0.26, 1.11, 0.0], [2.18, 3.38, 0.19], [0.04, 0.67, 0.0], [0.3, 2.89, 0.21], [0.05, 0.7, 0.0], [0.13, 1.05, 0.0], [0.22, 1.24, 0.0], [0.02, 0.8, 0.0]]","[8, 5, 4, 3, 1, 57, 79, 70, 84, 80, 26, 50, 40, 34, 48, 29, 35, 58, 65, 54, 73, 88, 77, 85, 89]",15.1
185,1788354641898380113,921600,95597,31,28,111.0,"[0.5, 31.2, 34.4, 40.1, 40.2, 44.6, 45.8, 47.0, 49.6, 82.9, 83.6, 85.5, 85.6, 87.3, 89.0, 89.3, 90.9, 93.2, 93.7, 94.2, 96.3, 96.4, 98.1, 100.0, 100.0, 101.7, 101.8, 111.0]","['INSIDE', 'INSIDE', 'INSIDE', 'INSIDE', 'RAIL', 'RAIL', 'INSIDE', 'INSIDE', 'RAIL', 'INSIDE', 'OUTSIDE', 'OUTSIDE', 'OUTSIDE', 'OUTSIDE', 'INSIDE', 'OUTSIDE', 'INSIDE', 'OUTSIDE', 'INSIDE', 'OUTSIDE', 'OUTSIDE', 'INSIDE', 'OUTSIDE', 'INSIDE', 'RAIL', 'OUTSIDE', 'RAIL', 'RAIL']","[[1.05, 0.65, 1.76], [0.34, 0.11, 0.53], [0.28, 0.24, 0.41], [0.63, 0.85, 0.67], [1.43, 0.39, 0.62], [0.71, 0.33, 0.21], [1.85, 1.73, 0.1], [0.6, 0.81, 0.03], [0.11, 0.18, 0.13], [2.04, 3.88, 1.24], [1.27, 0.6, 0.01], [0.17, 1.59, 0.17], [0.24, 2.06, 0.17], [0.18, 0.77, 0.0], [0.28, 0.47, 0.18], [0.07, 1.09, 0.0], [0.35, 3.14, 0.18], [1.41, 1.34, 0.01], [0.67, 0.83, 0.0], [1.78, 1.44, 0.01], [0.06, 0.84, 0.0], [0.13, 1.01, 0.0], [0.04, 0.69, 0.0], [0.15, 0.87, 0.0], [0.07, 1.05, 0.0], [0.03, 0.71, 0.0], [0.01, 1.07, 0.0], [0.4, 0.58, 0.0]]","[5, 2, 4, 3, 1, 57, 70, 84, 80, 26, 38, 50, 40, 34, 48, 29, 58, 66, 65, 68, 54, 81, 73, 88, 77, 83, 85, 87]",15.5
186,1788354641995296444,921600,95586,31,28,114.3,"[0.5, 19.6, 31.1, 34.3, 34.4, 38.0, 40.3, 44.6, 45.8, 46.9, 49.4, 82.8, 85.5, 85.6, 87.2, 87.3, 89.1, 89.2, 90.8, 90.9, 93.3, 93.6, 96.3, 100.0, 100.0, 101.7, 101.9, 114.3]","['INSIDE', 'INSIDE', 'INSIDE', 'INSIDE', 'RAIL', 'RAIL', 'INSIDE', 'INSIDE', 'INSIDE', 'RAIL', 'RAIL', 'INSIDE', 'OUTSIDE', 'OUTSIDE', 'OUTSIDE', 'RAIL', 'INSIDE', 'NEAR', 'NEAR', 'OUTSIDE', 'OUTSIDE', 'INSIDE', 'OUTSIDE', 'NEAR', 'RAIL', 'OUTSIDE', 'RAIL', 'RAIL']","[[0.88, 1.41, 2.37], [1.01, 0.66, 1.67], [0.26, 0.22, 0.4], [0.77, 1.02, 0.67], [1.58, 0.4, 0.62], [0.79, 0.38, 0.21], [0.34, 0.92, 0.02], [1.64, 1.6, 0.09], [0.96, 0.98, 0.04], [0.15, 0.19, 0.04], [0.07, 0.17, 0.13], [2.04, 5.01, 1.24], [0.17, 1.89, 0.17], [0.25, 2.06, 0.17], [0.06, 0.76, 0.0], [0.36, 1.01, 0.74], [0.31, 0.93, 0.37], [0.04, 0.78, 0.0], [0.25, 1.11, 0.0], [0.87, 2.66, 0.19], [1.18, 0.85, 0.01], [1.8, 1.97, 0.01], [0.04, 1.01, 0.0], [0.13, 1.05, 0.0], [0.06, 0.87, 0.0], [0.03, 0.89, 0.0], [0.09, 1.24, 0.0], [0.01, 0.8, 0.0]]","[8, 5, 4, 3, 1, 57, 9, 70, 84, 64, 80, 26, 50, 40, 34, 36, 48, 29, 35, 58, 66, 65, 54, 88, 77, 83, 85, 89]",14.9
187,1788354642093806987,921600,95552,33,30,109.0,"[0.5, 19.8, 27.7, 31.2, 34.4, 40.2, 40.3, 44.6, 45.9, 46.9, 49.6, 82.8, 83.4, 83.5, 85.5, 85.6, 87.3, 87.3, 89.0, 89.3, 90.9, 93.3, 93.6, 94.2, 96.3, 96.5, 98.1, 101.6, 101.9, 109.0]","['INSIDE', 'INSIDE', 'INSIDE', 'INSIDE', 'RAIL', 'RAIL', 'INSIDE', 'INSIDE', 'RAIL', 'INSIDE', 'RAIL', 'INSIDE', 'OUTSIDE', 'OUTSIDE', 'OUTSIDE', 'NEAR', 'OUTSIDE', 'INSIDE', 'INSIDE', 'OUTSIDE', 'INSIDE', 'OUTSIDE', 'INSIDE', 'INSIDE', 'OUTSIDE', 'INSIDE', 'OUTSIDE', 'RAIL', 'RAIL', 'RAIL']","[[0.26, 0.11, 0.53], [1.0, 0.65, 1.88], [0.25, 0.22, 0.4], [0.71, 0.94, 0.68], [1.38, 0.36, 0.62], [0.66, 0.37, 0.21], [1.11, 1.7, 0.08], [1.65, 1.73, 0.09], [0.47, 0.26, 0.13], [0.65, 0.82, 0.03], [0.07, 0.15, 0.13], [1.96, 3.85, 1.24], [0.35, 0.74, 0.0], [0.59, 1.47, 0.0], [0.27, 1.89, 0.17], [0.2, 1.19, 0.0], [0.1, 0.76, 0.0], [0.46, 3.22, 0.61], [0.31, 0.47, 0.37], [0.1, 1.09, 0.0], [0.2, 2.98, 0.18], [1.26, 1.01, 0.01], [0.72, 0.99, 0.0], [1.93, 2.25, 0.19], [0.05, 1.01, 0.0], [0.17, 0.84, 0.0], [0.12, 1.03, 0.0], [0.27, 1.43, 0.29], [0.09, 1.24, 0.0], [0.03, 0.95, 0.0]]","[2, 5, 4, 3, 1, 57, 69, 70, 64, 84, 80, 26, 33, 38, 50, 40, 34, 28, 48, 29, 35, 66, 65, 68, 54, 81, 73, 83, 85, 87]",15.1
188,1788354642196401076,921600,95680,29,27,114.3,"[0.5, 34.3, 34.4, 38.0, 40.1, 40.2, 44.6, 45.7, 46.9, 49.4, 80.1, 82.8, 83.7, 85.5, 85.6, 87.2, 89.0, 89.2, 90.8, 93.6, 96.3, 99.9, 100.0, 101.7, 101.9, 107.2, 114.3]","['INSIDE', 'INSIDE', 'INSIDE', 'INSIDE', 'INSIDE', 'RAIL', 'INSIDE', 'INSIDE', 'INSIDE', 'RAIL', 'INSIDE', 'OUTSIDE', 'INSIDE', 'OUTSIDE', 'OUTSIDE', 'OUTSIDE', 'INSIDE', 'NEAR', 'NEAR', 'INSIDE', 'OUTSIDE', 'NEAR', 'RAIL', 'OUTSIDE', 'RAIL', 'RAIL', 'RAIL']","[[0.85, 1.42, 2.37], [0.98, 0.65, 1.75], [0.34, 0.11, 0.53], [0.26, 0.24, 0.41], [0.63, 0.94, 0.67], [1.55, 0.4, 0.62], [0.34, 0.92, 0.02], [1.9, 1.73, 0.1], [0.98, 0.98, 0.04], [0.1, 0.15, 0.06], [0.29, 0.69, 0.0], [0.21, 2.15, 0.16], [1.99, 3.95, 1.07], [0.2, 1.74, 0.17], [0.19, 2.36, 0.17], [0.08, 0.76, 0.0], [0.31, 1.24, 0.37], [0.04, 0.93, 0.0], [0.29, 0.96, 0.0], [2.02, 3.23, 0.19], [0.05, 1.01, 0.0], [0.09, 1.05, 0.0], [0.04, 0.7, 0.0], [0.04, 1.07, 0.0], [0.11, 1.07, 0.0], [0.04, 1.12, 0.0], [0.03, 0.8, 0.0]]","[8, 5, 2, 4, 3, 1, 9, 70, 84, 80, 20, 33, 26, 50, 40, 34, 48, 29, 35, 65, 54, 88, 77, 83, 85, 87, 89]",18.9
189,1788354642299390141,921600,95650,29,26,109.0,"[0.5, 19.7, 31.2, 34.4, 34.7, 40.2, 44.6, 46.0, 46.9, 49.6, 80.1, 82.8, 83.7, 85.5, 85.6, 87.3, 89.2, 91.0, 93.6, 93.7, 96.3, 96.4, 98.1, 101.8, 101.9, 109.0]","['INSIDE', 'INSIDE', 'INSIDE', 'INSIDE', 'RAIL', 'RAIL', 'INSIDE', 'RAIL', 'INSIDE', 'RAIL', 'NEAR', 'OUTSIDE', 'INSIDE', 'OUTSIDE', 'NEAR', 'OUTSIDE', 'INSIDE', 'INSIDE', 'OUTSIDE', 'OUTSIDE', 'OUTSIDE', 'INSIDE', 'OUTSIDE', 'NEAR', 'RAIL', 'RAIL']","[[1.58, 2.27, 2.41], [0.95, 0.65, 1.75], [0.27, 0.22, 0.41], [0.59, 0.86, 0.67], [1.35, 0.36, 0.62], [0.7, 0.32, 0.21], [1.3, 1.57, 0.07], [0.37, 0.26, 0.13], [0.67, 0.82, 0.03], [0.14, 0.16, 0.13], [0.23, 0.84, 0.0], [0.23, 0.74, 0.0], [1.9, 1.46, 1.07], [0.15, 1.74, 0.17], [0.04, 0.75, 0.0], [0.11, 0.61, 0.0], [0.15, 2.92, 0.18], [0.16, 2.98, 0.18], [1.91, 2.42, 0.19], [1.79, 1.28, 0.01], [0.05, 1.01, 0.0], [0.06, 1.01, 0.0], [0.02, 0.86, 0.0], [0.19, 1.07, 0.0], [0.02, 1.07, 0.0], [0.02, 0.76, 0.0]]","[8, 5, 4, 3, 1, 57, 70, 64, 84, 80, 20, 33, 26, 50, 40, 34, 29, 35, 65, 68, 54, 81, 73, 83, 85, 87]",15.7
190,1788354642396856686,921600,95625,30,26,114.3,"[0.5, 19.7, 34.3, 34.4, 38.1, 40.1, 42.1, 42.5, 44.6, 46.9, 49.4, 82.8, 83.7, 85.5, 85.6, 87.2, 89.2, 90.8, 90.8, 93.3, 93.6, 96.3, 100.0, 100.0, 101.9, 114.3]","['INSIDE', 'INSIDE', 'INSIDE', 'INSIDE', 'INSIDE', 'RAIL', 'RAIL', 'INSIDE', 'INSIDE', 'RAIL', 'RAIL', 'INSIDE', 'INSIDE', 'NEAR', 'OUTSIDE', 'OUTSIDE', 'INSIDE', 'NEAR', 'RAIL', 'OUTSIDE', 'INSIDE', 'OUTSIDE', 'NEAR', 'RAIL', 'RAIL', 'RAIL']","[[0.85, 1.41, 2.37], [0.46, 0.11, 0.6], [1.02, 0.65, 1.76], [0.27, 0.2, 0.41], [1.12, 1.1, 0.68], [0.27, 0.1, 0.25], [1.57, 0.4, 0.62], [0.68, 1.58, 0.03], [1.13, 0.87, 0.05], [0.21, 0.22, 0.08], [0.07, 0.16, 0.12], [0.08, 0.59, 0.0], [1.9, 4.23, 1.07], [0.09, 0.75, 0.0], [0.18, 2.36, 0.17], [0.16, 0.92, 0.0], [0.24, 3.39, 0.18], [0.24, 0.95, 0.0], [0.95, 0.77, 0.26], [1.19, 0.85, 0.01], [1.84, 1.97, 0.01], [0.06, 0.84, 0.0], [0.1, 1.05, 0.0], [0.05, 0.87, 0.0], [0.07, 1.24, 0.0], [0.03, 0.8, 0.0]]","[8, 2, 5, 4, 3, 70, 1, 9, 84, 64, 80, 26, 38, 50, 40, 34, 29, 35, 58, 66, 65, 54, 88, 77, 85, 89]",19.2
191,1788354642493439857,921600,95636,31,28,114.3,"[0.5, 34.3, 34.4, 38.0, 40.1, 40.3, 42.1, 42.5, 44.6, 46.9, 49.4, 82.8, 83.7, 85.5, 85.6, 87.2, 89.0, 89.2, 90.8, 93.2, 93.7, 96.3, 99.9, 100.0, 101.7, 101.9, 107.2, 114.3]","['INSIDE', 'INSIDE', 'INSIDE', 'INSIDE', 'INSIDE', 'RAIL', 'RAIL', 'INSIDE', 'INSIDE', 'INSIDE', 'RAIL', 'OUTSIDE', 'INSIDE', 'OUTSIDE', 'OUTSIDE', 'OUTSIDE', 'INSIDE', 'NEAR', 'NEAR', 'OUTSIDE', 'INSIDE', 'OUTSIDE', 'NEAR', 'RAIL', 'OUTSIDE', 'RAIL', 'RAIL', 'RAIL']","[[0.86, 1.4, 2.37], [1.04, 0.65, 1.76], [0.41, 0.11, 0.6], [0.27, 0.17, 0.41], [1.07, 1.1, 0.68], [0.28, 0.1, 0.25], [1.55, 0.4, 0.62], [0.35, 0.92, 0.02], [1.61, 1.59, 0.09], [1.14, 0.87, 0.05], [0.07, 0.16, 0.1], [0.21, 2.14, 0.16], [1.95, 4.09, 1.07], [0.34, 0.75, 0.0], [0.2, 2.36, 0.17], [0.31, 1.07, 0.0], [0.34, 0.93, 0.18], [0.04, 0.93, 0.0], [0.25, 0.95, 0.0], [1.33, 1.01, 0.01], [1.92, 2.14, 0.01], [0.04, 1.01, 0.0], [0.11, 1.05, 0.0], [0.02, 0.7, 0.0], [0.03, 0.89, 0.0], [0.1, 1.24, 0.0], [0.04, 1.12, 0.0], [0.05, 0.8, 0.0]]","[8, 5, 2, 4, 3, 70, 1, 9, 92, 84, 80, 33, 38, 50, 40, 34, 48, 29, 35, 66, 65, 54, 88, 77, 83, 85, 87, 89]",15.8
192,1788354642598632156,921600,95579,32,30,116.1,"[0.5, 27.7, 29.9, 31.2, 34.3, 40.0, 42.6, 44.6, 46.9, 49.5, 82.8, 83.7, 85.5, 85.6, 87.3, 89.1, 89.2, 90.9, 90.9, 92.9, 93.5, 94.3, 96.3, 96.4, 98.1, 99.9, 100.0, 101.6, 101.9, 116.1]","['INSIDE', 'INSIDE', 'INSIDE', 'RAIL', 'RAIL', 'INSIDE', 'INSIDE', 'INSIDE', 'INSIDE', 'RAIL', 'OUTSIDE', 'INSIDE', 'OUTSIDE', 'INSIDE', 'OUTSIDE', 'INSIDE', 'OUTSIDE', 'INSIDE', 'INSIDE', 'OUTSIDE', 'OUTSIDE', 'INSIDE', 'OUTSIDE', 'INSIDE', 'OUTSIDE', 'INSIDE', 'RAIL', 'RAIL', 'RAIL', 'RAIL']","[[0.98, 0.65, 1.76], [0.26, 0.2, 0.4], [0.66, 0.94, 0.67], [1.56, 0.41, 0.55], [0.67, 0.33, 0.21], [1.19, 1.69, 0.09], [1.77, 1.72, 0.09], [1.27, 0.87, 0.05], [2.38, 2.91, 0.19], [0.08, 0.17, 0.12], [0.3, 2.3, 0.16], [1.93, 4.98, 1.24], [0.24, 1.74, 0.17], [0.1, 1.04, 0.0], [0.14, 1.07, 0.0], [0.32, 0.78, 0.37], [0.06, 1.09, 0.0], [0.19, 1.11, 0.0], [0.13, 0.95, 0.0], [0.21, 0.65, 0.0], [1.95, 2.42, 0.19], [0.54, 0.49, 0.0], [0.03, 0.84, 0.0], [0.09, 0.84, 0.0], [0.06, 0.86, 0.0], [0.05, 0.87, 0.0], [0.06, 0.87, 0.0], [0.24, 1.43, 0.29], [0.09, 1.24, 0.0], [0.04, 1.22, 0.0]]","[5, 4, 3, 1, 57, 69, 92, 84, 79, 80, 33, 38, 50, 40, 34, 48, 29, 35, 58, 68, 66, 65, 54, 81, 73, 88, 77, 83, 85, 94]",16.3
193,1788354642697424325,921600,95592,30,28,117.9,"[0.5, 19.7, 31.2, 34.3, 40.1, 42.7, 44.6, 46.9, 49.6, 82.8, 83.6, 85.5, 85.6, 87.3, 89.1, 89.2, 91.0, 93.3, 93.7, 94.2, 96.3, 96.4, 98.1, 100.0, 101.7, 101.9, 116.1, 117.9]","['INSIDE', 'INSIDE', 'INSIDE', 'RAIL', 'RAIL', 'INSIDE', 'INSIDE', 'RAIL', 'RAIL', 'INSIDE', 'OUTSIDE', 'OUTSIDE', 'NEAR', 'OUTSIDE', 'INSIDE', 'OUTSIDE', 'INSIDE', 'OUTSIDE', 'INSIDE', 'OUTSIDE', 'OUTSIDE', 'INSIDE', 'OUTSIDE', 'INSIDE', 'OUTSIDE', 'RAIL', 'RAIL', 'RAIL']","[[1.01, 0.65, 1.76], [0.26, 0.2, 0.4], [0.66, 0.94, 0.67], [0.67, 0.36, 0.21], [1.56, 0.44, 0.62], [1.8, 1.72, 0.1], [1.31, 0.87, 0.06], [0.34, 0.23, 0.13], [0.09, 0.17, 0.13], [2.02, 3.88, 1.24], [1.06, 1.33, 0.01], [0.21, 1.74, 0.17], [0.21, 1.19, 0.0], [0.17, 0.77, 0.0], [0.42, 0.78, 0.37], [0.06, 0.93, 0.0], [0.18, 2.98, 0.18], [1.24, 1.0, 0.01], [0.71, 0.99, 0.0], [1.76, 1.28, 0.01], [0.05, 0.84, 0.0], [0.08, 0.84, 0.0], [0.05, 0.69, 0.0], [0.05, 0.7, 0.0], [0.03, 0.89, 0.0], [0.05, 1.24, 0.0], [0.02, 0.81, 0.0], [0.05, 0.62, 0.0]]","[5, 4, 3, 57, 1, 92, 84, 64, 80, 38, 40, 50, 28, 34, 48, 29, 35, 66, 65, 68, 54, 81, 73, 88, 83, 85, 94, 89]",17.0
194,1788354642795528417,921600,95643,28,27,116.1,"[0.4, 30.7, 33.3, 34.3, 34.4, 38.1, 40.1, 40.4, 42.6, 44.6, 46.9, 49.4, 82.8, 83.7, 85.5, 85.6, 87.3, 89.1, 91.0, 93.4, 96.3, 96.4, 99.9, 100.1, 101.8, 114.3, 116.1]","['INSIDE', 'INSIDE', 'INSIDE', 'INSIDE', 'INSIDE', 'RAIL', 'RAIL', 'INSIDE', 'INSIDE', 'INSIDE', 'INSIDE', 'RAIL', 'INSIDE', 'INSIDE', 'OUTSIDE', 'OUTSIDE', 'OUTSIDE', 'INSIDE', 'NEAR', 'INSIDE', 'OUTSIDE', 'INSIDE', 'OUTSIDE', 'RAIL', 'RAIL', 'RAIL', 'RAIL']","[[0.89, 1.41, 2.37], [1.07, 0.65, 1.67], [0.24, 0.2, 0.4], [1.16, 1.1, 0.68], [0.49, 0.1, 0.6], [1.52, 0.42, 0.55], [1.62, 0.38, 0.21], [1.93, 2.71, 0.66], [0.68, 1.58, 0.03], [1.72, 1.6, 0.09], [1.22, 0.87, 0.05], [0.09, 0.16, 0.12], [0.11, 0.59, 0.0], [1.96, 4.52, 1.07], [0.26, 1.59, 0.17], [0.26, 2.36, 0.17], [0.13, 0.92, 0.0], [0.38, 2.92, 0.18], [0.28, 1.12, 0.0], [2.15, 3.04, 0.19], [0.03, 1.01, 0.0], [0.06, 0.84, 0.0], [0.42, 2.24, 0.21], [0.07, 0.7, 0.0], [0.04, 1.07, 0.0], [0.03, 0.8, 0.0], [0.01, 0.81, 0.0]]","[8, 5, 4, 3, 2, 1, 57, 79, 9, 92, 84, 80, 26, 38, 50, 28, 34, 48, 35, 65, 54, 81, 88, 77, 85, 94, 89]",24.9
195,1788354642892978639,921600,95609,31,29,103.6,"[0.5, 31.2, 34.3, 34.5, 40.2, 40.2, 42.6, 44.6, 46.9, 49.5, 82.9, 83.4, 85.5, 85.6, 87.3, 89.0, 89.2, 90.9, 90.9, 93.2, 93.6, 96.3, 96.4, 98.1, 99.9, 100.0, 101.7, 101.9, 103.6]","['INSIDE', 'INSIDE', 'INSIDE', 'INSIDE', 'INSIDE', 'RAIL', 'RAIL', 'INSIDE', 'INSIDE', 'RAIL', 'INSIDE', 'OUTSIDE', 'OUTSIDE', 'OUTSIDE', 'OUTSIDE', 'INSIDE', 'NEAR', 'NEAR', 'INSIDE', 'OUTSIDE', 'INSIDE', 'OUTSIDE', 'INSIDE', 'OUTSIDE', 'INSIDE', 'RAIL', 'OUTSIDE', 'RAIL', 'RAIL']","[[0.98, 1.53, 2.37], [0.35, 0.11, 0.53], [1.0, 0.65, 1.67], [0.26, 0.24, 0.4], [0.78, 1.02, 0.67], [1.55, 0.42, 0.62], [0.79, 0.32, 0.21], [1.28, 1.58, 0.07], [1.24, 0.87, 0.05], [0.07, 0.15, 0.05], [2.05, 3.59, 1.24], [0.74, 0.74, 0.01], [0.24, 1.59, 0.17], [0.15, 2.21, 0.17], [0.13, 0.77, 0.0], [0.32, 1.24, 0.37], [0.03, 0.78, 0.0], [0.11, 0.95, 0.0], [0.1, 0.79, 0.0], [1.35, 1.01, 0.01], [1.76, 1.97, 0.01], [0.05, 0.67, 0.0], [0.05, 0.84, 0.0], [0.08, 0.86, 0.0], [0.03, 0.87, 0.0], [0.02, 0.87, 0.0], [0.06, 1.07, 0.0], [0.03, 1.24, 0.0], [0.11, 1.08, 0.0]]","[8, 2, 5, 4, 3, 1, 57, 92, 84, 80, 26, 40, 50, 28, 34, 48, 29, 35, 58, 66, 65, 54, 81, 73, 88, 77, 83, 85, 87]",15.8
196,1788354642995860694,921600,95619,32,29,116.1,"[0.5, 27.7, 31.2, 34.4, 34.7, 40.3, 42.8, 44.6, 46.9, 49.6, 82.2, 83.7, 85.6, 85.6, 87.2, 87.3, 89.2, 90.9, 93.2, 93.7, 94.2, 96.3, 96.5, 98.1, 100.0, 101.7, 101.8, 103.7, 116.1]","['INSIDE', 'INSIDE', 'INSIDE', 'INSIDE', 'RAIL', 'RAIL', 'INSIDE', 'INSIDE', 'INSIDE', 'RAIL', 'INSIDE', 'OUTSIDE', 'OUTSIDE', 'NEAR', 'OUTSIDE', 'RAIL', 'INSIDE', 'INSIDE', 'OUTSIDE', 'INSIDE', 'OUTSIDE', 'NEAR', 'INSIDE', 'OUTSIDE', 'RAIL', 'NEAR', 'RAIL', 'RAIL', 'RAIL']","[[1.47, 2.27, 2.4], [0.97, 0.61, 1.66], [0.27, 0.2, 0.4], [0.63, 0.77, 0.67], [1.38, 0.38, 0.62], [0.61, 0.33, 0.21], [1.22, 1.7, 0.09], [1.6, 1.73, 0.09], [1.38, 0.88, 0.06], [0.08, 0.17, 0.13], [0.67, 3.85, 1.24], [0.8, 2.0, 0.16], [0.31, 2.19, 0.17], [0.03, 0.75, 0.0], [0.08, 0.76, 0.0], [0.27, 1.47, 0.74], [0.24, 3.08, 0.18], [0.22, 3.14, 0.18], [1.43, 1.33, 0.01], [0.63, 0.83, 0.0], [1.81, 1.76, 0.01], [0.02, 0.84, 0.0], [0.18, 0.84, 0.0], [0.06, 1.03, 0.0], [0.09, 1.05, 0.0], [0.03, 1.07, 0.0], [0.02, 1.07, 0.0], [0.15, 1.27, 0.0], [0.06, 1.01, 0.0]]","[8, 5, 4, 3, 1, 57, 69, 92, 84, 80, 26, 33, 50, 28, 34, 48, 29, 58, 66, 65, 68, 54, 81, 73, 77, 83, 85, 87, 89]",16.6
197,1788354643092442368,921600,95586,31,27,116.2,"[0.5, 31.2, 34.4, 40.2, 40.3, 42.8, 44.6, 47.0, 49.6, 82.8, 85.5, 85.6, 87.3, 89.2, 90.9, 92.6, 93.3, 93.8, 94.3, 96.3, 96.5, 98.1, 100.0, 101.7, 101.8, 103.6, 116.2]","['INSIDE', 'INSIDE', 'INSIDE', 'INSIDE', 'RAIL', 'RAIL', 'INSIDE', 'INSIDE', 'RAIL', 'INSIDE', 'OUTSIDE', 'NEAR', 'OUTSIDE', 'INSIDE', 'INSIDE', 'INSIDE', 'OUTSIDE', 'INSIDE', 'OUTSIDE', 'NEAR', 'INSIDE', 'OUTSIDE', 'RAIL', 'RAIL', 'RAIL', 'RAIL', 'RAIL']","[[0.99, 0.61, 1.88], [0.26, 0.12, 0.52], [0.24, 0.22, 0.4], [0.66, 0.86, 0.67], [1.39, 0.37, 0.62], [0.61, 0.38, 0.21], [1.3, 1.57, 0.07], [1.41, 0.88, 0.06], [0.06, 0.16, 0.08], [1.96, 3.85, 1.24], [0.22, 2.19, 0.17], [0.03, 0.9, 0.0], [0.12, 0.92, 0.0], [0.22, 3.08, 0.18], [0.3, 3.29, 0.18], [0.33, 0.64, 0.0], [1.31, 1.33, 0.01], [0.56, 0.83, 0.0], [1.86, 1.76, 0.01], [0.04, 0.84, 0.0], [0.29, 1.18, 0.0], [0.16, 1.2, 0.0], [0.07, 0.87, 0.0], [0.39, 1.43, 0.29], [0.04, 1.07, 0.0], [0.1, 1.27, 0.0], [0.11, 1.02, 0.0]]","[5, 2, 4, 3, 1, 57, 92, 84, 80, 26, 50, 28, 34, 29, 58, 68, 66, 65, 81, 54, 73, 88, 77, 83, 85, 87, 89]",18.7
198,1788354643194303262,921600,95683,27,25,116.1,"[0.5, 27.6, 31.2, 34.4, 40.3, 42.7, 44.6, 46.9, 49.6, 82.8, 85.5, 85.6, 87.2, 89.3, 90.9, 93.2, 93.7, 94.2, 96.3, 96.4, 98.0, 100.0, 100.0, 101.8, 116.1]","['INSIDE', 'INSIDE', 'INSIDE', 'RAIL', 'NEAR', 'RAIL', 'INSIDE', 'INSIDE', 'RAIL', 'INSIDE', 'OUTSIDE', 'INSIDE', 'OUTSIDE', 'OUTSIDE', 'INSIDE', 'OUTSIDE', 'INSIDE', 'OUTSIDE', 'OUTSIDE', 'INSIDE', 'OUTSIDE', 'INSIDE', 'RAIL', 'RAIL', 'RAIL']","[[1.0, 0.65, 1.67], [0.26, 0.2, 0.41], [0.67, 0.94, 0.67], [0.67, 0.33, 0.21], [1.12, 1.49, 0.08], [1.36, 0.37, 0.55], [1.39, 1.59, 0.07], [1.32, 0.87, 0.06], [0.06, 0.16, 0.1], [1.98, 5.01, 1.24], [0.23, 1.74, 0.17], [0.14, 1.04, 0.0], [0.14, 0.92, 0.0], [0.14, 1.09, 0.0], [0.28, 3.14, 0.18], [1.41, 1.34, 0.01], [0.69, 0.99, 0.0], [1.79, 1.6, 0.01], [0.04, 0.67, 0.0], [0.11, 1.01, 0.0], [0.25, 0.86, 0.0], [0.12, 0.7, 0.0], [0.04, 0.87, 0.0], [0.03, 1.07, 0.0], [0.04, 1.01, 0.0]]","[5, 4, 3, 57, 69, 1, 92, 84, 80, 38, 50, 28, 34, 29, 58, 66, 65, 81, 54, 73, 88, 83, 77, 85, 89]",29.4
199,1788354643298794875,921600,95575,31,28,116.1,"[0.5, 19.8, 27.7, 31.2, 34.3, 40.1, 42.7, 44.6, 46.9, 49.5, 82.8, 85.5, 85.6, 87.2, 89.0, 89.2, 90.9, 91.0, 93.6, 96.3, 96.4, 98.1, 100.0, 100.0, 101.7, 101.8, 103.5, 116.1]","['INSIDE', 'INSIDE', 'INSIDE', 'RAIL', 'RAIL', 'INSIDE', 'INSIDE', 'INSIDE', 'RAIL', 'RAIL', 'INSIDE', 'OUTSIDE', 'INSIDE', 'OUTSIDE', 'INSIDE', 'OUTSIDE', 'NEAR', 'INSIDE', 'OUTSIDE', 'OUTSIDE', 'INSIDE', 'OUTSIDE', 'INSIDE', 'RAIL', 'OUTSIDE', 'RAIL', 'OUTSIDE', 'RAIL']","[[0.99, 0.65, 1.75], [0.26, 0.2, 0.4], [0.69, 0.94, 0.67], [1.54, 0.4, 0.62], [0.69, 0.33, 0.21], [1.22, 1.69, 0.09], [1.82, 1.72, 0.1], [1.31, 0.87, 0.06], [0.46, 0.2, 0.09], [0.06, 0.16, 0.11], [1.99, 5.01, 1.24], [0.18, 1.44, 0.17], [0.07, 1.04, 0.0], [0.08, 0.92, 0.0], [0.44, 0.78, 0.37], [0.07, 1.09, 0.0], [0.23, 0.96, 0.0], [0.14, 0.95, 0.0], [1.97, 2.42, 0.19], [0.07, 0.84, 0.0], [0.07, 0.84, 0.0], [0.04, 0.86, 0.0], [0.05, 0.7, 0.0], [0.06, 0.87, 0.0], [0.02, 0.71, 0.0], [0.01, 0.71, 0.0], [0.04, 0.9, 0.0], [0.06, 1.01, 0.0]]","[5, 4, 3, 1, 57, 69, 92, 84, 64, 80, 38, 50, 28, 34, 58, 29, 35, 68, 66, 54, 73, 88, 83, 77, 93, 85, 87, 89]",16.2
200,1788354643400819161,921600,95632,32,30,116.1,"[0.5, 19.7, 31.2, 34.3, 34.5, 40.0, 42.6, 44.6, 46.9, 49.5, 82.8, 83.4, 85.5, 85.6, 87.3, 89.1, 89.2, 90.9, 91.0, 93.1, 94.2, 96.3, 96.4, 98.1, 100.0, 100.0, 101.7, 101.8, 103.5, 116.1]","['INSIDE', 'INSIDE', 'INSIDE', 'INSIDE', 'RAIL', 'RAIL', 'INSIDE', 'INSIDE', 'RAIL', 'RAIL', 'INSIDE', 'OUTSIDE', 'OUTSIDE', 'INSIDE', 'OUTSIDE', 'INSIDE', 'NEAR', 'NEAR', 'INSIDE', 'OUTSIDE', 'INSIDE', 'OUTSIDE', 'INSIDE', 'OUTSIDE', 'OUTSIDE', 'RAIL', 'OUTSIDE', 'RAIL', 'OUTSIDE', 'RAIL']","[[0.98, 1.4, 2.38], [0.98, 0.66, 1.76], [0.28, 0.17, 0.4], [0.79, 1.02, 0.68], [1.58, 0.42, 0.62], [0.71, 0.33, 0.21], [1.73, 1.72, 0.09], [1.26, 0.87, 0.05], [0.21, 0.19, 0.08], [0.05, 0.16, 0.07], [1.99, 3.85, 1.24], [0.79, 0.74, 0.01], [0.17, 1.59, 0.17], [0.11, 1.19, 0.0], [0.11, 1.22, 0.0], [0.12, 0.78, 0.0], [0.05, 0.93, 0.0], [0.09, 0.95, 0.0], [0.09, 0.95, 0.0], [1.34, 1.17, 0.01], [0.66, 1.16, 0.0], [0.06, 0.84, 0.0], [0.03, 0.84, 0.0], [0.05, 0.86, 0.0], [0.39, 2.24, 0.21], [0.03, 0.7, 0.0], [0.04, 1.07, 0.0], [0.02, 1.07, 0.0], [0.03, 0.72, 0.0], [0.02, 0.81, 0.0]]","[8, 5, 4, 3, 1, 57, 92, 84, 64, 80, 26, 40, 50, 28, 34, 58, 29, 35, 68, 66, 65, 54, 73, 88, 83, 77, 93, 85, 87, 89]",25.0
201,1788354643502070680,921600,95570,32,27,116.2,"[0.5, 27.8, 31.3, 34.4, 40.4, 42.8, 44.6, 46.9, 49.6, 82.9, 83.7, 85.5, 85.6, 87.3, 89.1, 91.0, 92.6, 93.5, 93.7, 96.3, 96.5, 98.0, 100.0, 101.7, 101.8, 103.5, 116.2]","['INSIDE', 'INSIDE', 'INSIDE', 'RAIL', 'RAIL', 'INSIDE', 'INSIDE', 'INSIDE', 'RAIL', 'OUTSIDE', 'INSIDE', 'OUTSIDE', 'NEAR', 'OUTSIDE', 'INSIDE', 'INSIDE', 'INSIDE', 'OUTSIDE', 'OUTSIDE', 'NEAR', 'INSIDE', 'OUTSIDE', 'RAIL', 'NEAR', 'RAIL', 'OUTSIDE', 'RAIL']","[[0.99, 0.65, 1.75], [0.25, 0.24, 0.4], [0.62, 0.77, 0.67], [1.36, 0.33, 0.62], [0.56, 0.32, 0.21], [1.24, 1.7, 0.09], [1.67, 1.73, 0.09], [1.42, 0.88, 0.06], [0.1, 0.18, 0.13], [0.23, 0.74, 0.0], [1.92, 2.67, 1.07], [0.19, 2.34, 0.17], [0.08, 0.9, 0.0], [0.09, 0.92, 0.0], [0.42, 2.92, 0.37], [0.18, 3.13, 0.18], [0.32, 0.65, 0.0], [1.88, 2.42, 0.19], [1.84, 1.6, 0.01], [0.03, 0.84, 0.0], [0.25, 1.18, 0.0], [0.2, 1.2, 0.0], [0.07, 1.05, 0.0], [0.03, 1.07, 0.0], [0.04, 1.07, 0.0], [0.05, 1.09, 0.0], [0.09, 1.02, 0.0]]","[5, 4, 3, 1, 57, 69, 92, 84, 80, 33, 38, 50, 28, 34, 29, 68, 81, 66, 73, 54, 65, 88, 77, 93, 85, 87, 89]",46.8
